station_code,tier_cm,started_at,ended_at,duration_minutes,n_readings,peak_depth_cm,n_excursions_merged,year
FL.SPW.01,5.0,2019-01-02 20:50:00,2019-01-02 21:30:00,45,9,11.3,1,2019
FL.KTY.04,5.0,2019-01-04 11:40:00,2019-01-04 11:50:00,15,3,28.9,1,2019
FL.KTY.03,5.0,2019-01-08 12:00:00,2019-01-08 12:05:00,10,2,31.0,1,2019
FL.BNA.03,5.0,2019-01-09 19:30:00,2019-01-09 19:45:00,20,4,35.3,1,2019
FL.STN.02,5.0,2019-01-15 07:35:00,2019-01-15 08:15:00,45,9,12.2,1,2019
FL.STN.03,5.0,2019-01-15 07:35:00,2019-01-15 08:20:00,50,9,10.7,2,2019
FL.BRK.02,5.0,2019-01-23 09:45:00,2019-01-23 15:00:00,320,64,11.4,1,2019
FL.SLG.01,5.0,2019-01-27 18:45:00,2019-01-27 18:50:00,10,2,5.7,1,2019
FL.BRK.02,5.0,2019-01-28 10:45:00,2019-01-28 11:50:00,70,13,7.9,2,2019
FL.SMI.01,5.0,2019-01-28 14:45:00,2019-01-28 14:50:00,10,2,6.2,1,2019
FL.WTN.01,5.0,2019-02-04 11:10:00,2019-02-04 11:25:00,20,4,29.5,1,2019
FL.DST.03,5.0,2019-02-22 13:25:00,2019-02-22 15:05:00,105,21,7.0,1,2019
FL.DST.03,5.0,2019-02-23 10:00:00,2019-02-23 16:35:00,400,80,13.0,1,2019
FL.DST.03,5.0,2019-02-24 10:30:00,2019-02-24 16:00:00,335,67,12.1,1,2019
FL.DST.03,5.0,2019-02-25 10:20:00,2019-02-25 15:40:00,325,65,9.4,1,2019
FL.DST.03,5.0,2019-02-26 11:55:00,2019-02-26 15:25:00,215,39,12.2,3,2019
FL.DST.03,5.0,2019-02-27 11:25:00,2019-02-27 16:00:00,280,56,11.7,1,2019
FL.DST.03,5.0,2019-02-28 10:15:00,2019-02-28 15:45:00,335,65,11.9,2,2019
FL.DST.03,5.0,2019-03-01 10:15:00,2019-03-01 16:15:00,365,70,10.7,2,2019
FL.DST.03,5.0,2019-03-02 10:25:00,2019-03-02 16:05:00,345,69,11.4,1,2019
FL.DST.03,5.0,2019-03-03 10:05:00,2019-03-03 15:55:00,355,71,9.4,1,2019
FL.DST.03,5.0,2019-03-04 10:35:00,2019-03-04 16:10:00,340,65,9.8,2,2019
FL.DST.03,5.0,2019-03-05 10:55:00,2019-03-05 15:20:00,270,54,8.7,1,2019
FL.DST.03,5.0,2019-03-06 10:15:00,2019-03-06 15:35:00,325,65,10.1,1,2019
FL.DST.03,5.0,2019-03-07 11:00:00,2019-03-07 12:00:00,65,9,5.7,2,2019
FL.DST.03,5.0,2019-03-08 11:55:00,2019-03-08 12:00:00,10,2,5.7,1,2019
FL.RTW.07,5.0,2019-03-08 12:25:00,2019-03-08 12:30:00,10,2,24.9,1,2019
FL.DST.03,5.0,2019-03-08 14:35:00,2019-03-08 14:40:00,10,2,5.1,1,2019
FL.SLG.01,5.0,2019-03-09 17:20:00,2019-03-09 17:30:00,15,3,9.9,1,2019
FL.DST.03,5.0,2019-03-11 10:40:00,2019-03-11 13:05:00,150,21,7.0,4,2019
FL.SLG.01,5.0,2019-03-11 17:20:00,2019-03-11 17:25:00,10,2,8.9,1,2019
FL.DST.03,5.0,2019-03-12 10:55:00,2019-03-12 13:30:00,160,28,8.7,2,2019
FL.SLG.01,5.0,2019-03-13 07:30:00,2019-03-13 07:35:00,10,2,5.5,1,2019
FL.DST.03,5.0,2019-03-13 12:00:00,2019-03-13 12:10:00,15,3,5.7,1,2019
FL.SLG.01,5.0,2019-03-14 16:55:00,2019-03-14 17:20:00,30,6,7.9,1,2019
FL.DST.03,5.0,2019-03-15 11:55:00,2019-03-15 12:00:00,10,2,5.2,1,2019
FL.BKP.02,5.0,2019-03-16 06:05:00,2019-03-16 06:10:00,10,2,8.0,1,2019
FL.SLG.01,5.0,2019-03-16 06:10:00,2019-03-16 11:35:00,330,56,12.0,3,2019
FL.DST.03,5.0,2019-03-17 11:25:00,2019-03-17 12:15:00,55,11,6.2,1,2019
FL.SLG.01,5.0,2019-03-18 16:55:00,2019-03-18 17:40:00,50,10,13.0,1,2019
FL.SLG.01,5.0,2019-03-19 16:25:00,2019-03-19 17:45:00,85,17,13.5,1,2019
FL.DST.03,5.0,2019-03-20 11:25:00,2019-03-20 11:30:00,10,2,5.2,1,2019
FL.DST.03,5.0,2019-03-21 11:20:00,2019-03-21 12:10:00,55,7,6.1,2,2019
FL.DST.03,5.0,2019-03-21 14:00:00,2019-03-21 14:55:00,60,5,5.7,2,2019
FL.DST.03,5.0,2019-03-22 10:45:00,2019-03-22 12:35:00,115,23,8.4,1,2019
FL.DST.03,5.0,2019-03-23 10:10:00,2019-03-23 14:50:00,285,40,8.4,3,2019
FL.DST.03,5.0,2019-03-24 10:35:00,2019-03-24 11:55:00,85,13,7.0,3,2019
FL.DST.03,5.0,2019-03-28 10:30:00,2019-03-28 12:00:00,95,15,7.0,4,2019
FL.STN.01,5.0,2019-03-29 14:45:00,2019-03-29 14:55:00,15,3,7.0,1,2019
FL.DST.03,5.0,2019-03-30 11:15:00,2019-03-30 11:25:00,15,3,6.1,1,2019
FL.DST.03,5.0,2019-03-31 11:25:00,2019-03-31 11:30:00,10,2,5.2,1,2019
FL.SLG.01,5.0,2019-04-01 20:40:00,2019-04-01 21:30:00,55,10,16.1,2,2019
FL.DST.03,5.0,2019-04-02 10:15:00,2019-04-02 11:50:00,100,11,7.8,2,2019
FL.BNA.03,5.0,2019-04-03 02:15:00,2019-04-03 02:35:00,25,5,7.8,1,2019
FL.DST.03,5.0,2019-04-03 11:35:00,2019-04-03 11:40:00,10,2,5.2,1,2019
FL.DST.03,5.0,2019-04-04 11:30:00,2019-04-04 12:10:00,45,9,6.8,1,2019
FL.DST.03,5.0,2019-04-05 14:50:00,2019-04-05 14:55:00,10,2,5.4,1,2019
FL.LSI.02,5.0,2019-04-07 22:15:00,2019-04-07 22:35:00,25,5,10.7,1,2019
FL.LSI.04,5.0,2019-04-07 23:05:00,2019-04-07 23:15:00,15,3,8.0,1,2019
FL.PPS.01,5.0,2019-04-07 23:30:00,2019-04-07 23:45:00,20,4,5.7,1,2019
FL.SPW.01,5.0,2019-04-07 23:30:00,2019-04-07 23:55:00,30,6,5.5,1,2019
FL.BKE.01,5.0,2019-04-07 23:35:00,2019-04-08 00:35:00,65,13,11.4,1,2019
FL.LSI.06,5.0,2019-04-08 09:05:00,2019-04-08 21:10:00,730,146,56.5,1,2019
FL.DST.03,5.0,2019-04-08 11:30:00,2019-04-08 12:00:00,35,7,6.7,1,2019
FL.DST.03,5.0,2019-04-08 13:50:00,2019-04-08 14:15:00,30,5,6.0,2,2019
FL.LSI.06,5.0,2019-04-09 07:15:00,2019-04-09 09:45:00,155,31,33.4,1,2019
FL.BNA.03,5.0,2019-04-23 00:15:00,2019-04-23 01:05:00,55,11,9.0,1,2019
FL.SLG.03,5.0,2019-04-23 00:15:00,2019-04-23 00:45:00,35,7,16.6,1,2019
FL.PPS.01,5.0,2019-04-23 00:30:00,2019-04-23 01:40:00,75,15,6.3,1,2019
FL.RTW.01,5.0,2019-04-23 00:35:00,2019-04-23 01:25:00,55,11,14.2,1,2019
FL.RTW.10,5.0,2019-04-23 00:40:00,2019-04-23 00:45:00,10,2,10.2,1,2019
FL.SPW.01,5.0,2019-04-23 00:50:00,2019-04-23 01:30:00,45,9,6.6,1,2019
FL.SLG.02,5.0,2019-04-23 11:10:00,2019-04-23 11:20:00,15,3,29.3,1,2019
FL.LSI.02,5.0,2019-04-25 15:00:00,2019-04-25 15:15:00,20,4,9.4,1,2019
FL.LSI.04,5.0,2019-04-25 15:05:00,2019-04-25 16:05:00,65,13,16.2,1,2019
FL.BBN.01,5.0,2019-04-26 10:30:00,2019-04-26 10:35:00,10,2,29.5,1,2019
FL.LSI.04,5.0,2019-04-26 14:15:00,2019-04-26 15:25:00,75,15,18.4,1,2019
FL.BNA.03,5.0,2019-04-30 22:40:00,2019-04-30 23:25:00,50,10,8.0,1,2019
FL.LSI.02,5.0,2019-05-10 16:55:00,2019-05-10 17:15:00,25,5,12.2,1,2019
FL.BNA.03,5.0,2019-05-13 20:45:00,2019-05-13 21:40:00,60,12,8.0,1,2019
FL.LSI.02,5.0,2019-05-14 03:55:00,2019-05-14 04:10:00,20,4,8.7,1,2019
FL.PPS.01,5.0,2019-05-14 05:00:00,2019-05-14 05:05:00,10,2,5.1,1,2019
FL.BNA.03,5.0,2019-05-14 17:55:00,2019-05-14 19:20:00,90,18,9.6,1,2019
FL.BNA.03,5.0,2019-05-16 05:15:00,2019-05-16 06:20:00,70,14,9.3,1,2019
FL.BNA.04,5.0,2019-05-16 05:25:00,2019-05-16 05:55:00,35,7,13.2,1,2019
FL.BNA.03,5.0,2019-05-19 02:40:00,2019-05-19 02:55:00,20,4,5.5,1,2019
FL.DDG.02,5.0,2019-05-22 04:40:00,2019-05-22 04:45:00,10,2,5.6,1,2019
FL.PPS.01,5.0,2019-05-22 04:50:00,2019-05-22 05:15:00,30,6,14.3,1,2019
FL.DDG.06,5.0,2019-05-22 11:35:00,2019-05-22 11:40:00,10,2,30.5,1,2019
FL.PPS.01,5.0,2019-05-22 18:45:00,2019-05-22 18:50:00,10,2,5.2,1,2019
FL.BKM.02,5.0,2019-05-22 18:50:00,2019-05-22 19:15:00,30,6,7.8,1,2019
FL.BNA.03,5.0,2019-05-22 18:55:00,2019-05-22 19:35:00,45,9,7.6,1,2019
FL.PPS.01,5.0,2019-05-27 20:35:00,2019-05-27 21:00:00,30,6,5.9,1,2019
FL.BNA.03,5.0,2019-05-28 21:15:00,2019-05-28 21:35:00,25,5,6.3,1,2019
FL.PPS.01,5.0,2019-05-28 22:10:00,2019-05-28 22:15:00,10,2,5.0,1,2019
FL.PWT.02,5.0,2019-05-29 07:10:00,2019-05-29 07:40:00,35,7,17.2,1,2019
FL.SLG.03,5.0,2019-05-30 00:35:00,2019-05-30 01:10:00,40,8,19.9,1,2019
FL.BKP.02,5.0,2019-05-30 00:55:00,2019-05-30 01:20:00,30,6,15.3,1,2019
FL.PPS.01,5.0,2019-05-30 08:45:00,2019-05-30 09:05:00,25,5,5.8,1,2019
FL.PWT.02,5.0,2019-05-30 09:25:00,2019-05-30 09:45:00,25,5,13.5,1,2019
FL.LSI.04,5.0,2019-05-30 10:55:00,2019-05-30 11:05:00,15,3,5.2,1,2019
FL.SLG.02,5.0,2019-05-30 20:15:00,2019-05-30 20:25:00,15,3,8.9,1,2019
FL.BNA.03,5.0,2019-06-01 02:05:00,2019-06-01 03:10:00,70,14,6.7,1,2019
FL.PPS.01,5.0,2019-06-01 22:15:00,2019-06-01 23:05:00,55,11,5.9,1,2019
FL.PPS.01,5.0,2019-06-02 03:40:00,2019-06-02 11:25:00,470,94,9.9,1,2019
FL.PPS.01,5.0,2019-06-03 21:45:00,2019-06-03 22:30:00,50,10,5.9,1,2019
FL.PPS.01,5.0,2019-06-06 00:10:00,2019-06-06 07:50:00,465,93,8.0,1,2019
FL.HKG.01,5.0,2019-06-06 10:15:00,2019-06-06 10:20:00,10,2,30.1,1,2019
FL.PPS.01,5.0,2019-06-06 13:30:00,2019-06-07 12:25:00,1380,266,10.4,2,2019
FL.RTW.08,5.0,2019-06-06 15:20:00,2019-06-06 15:45:00,30,6,10.0,1,2019
FL.DDG.04,5.0,2019-06-07 14:10:00,2019-06-07 14:35:00,30,6,7.4,1,2019
FL.DDG.02,5.0,2019-06-07 14:15:00,2019-06-07 18:25:00,255,51,34.5,1,2019
FL.DDG.06,5.0,2019-06-07 14:15:00,2019-06-07 20:00:00,350,70,48.9,1,2019
FL.CTC.02,5.0,2019-06-07 14:20:00,2019-06-07 17:55:00,220,44,44.0,1,2019
FL.PYT.04,5.0,2019-06-07 14:25:00,2019-06-07 18:40:00,260,52,31.1,1,2019
FL.PYT.07,5.0,2019-06-07 14:25:00,2019-06-07 15:25:00,65,13,11.8,1,2019
FL.CTC.01,5.0,2019-06-07 14:30:00,2019-06-07 15:45:00,80,16,19.1,1,2019
FL.CTC.07,5.0,2019-06-07 14:30:00,2019-06-07 15:15:00,50,10,19.7,1,2019
FL.DDG.01,5.0,2019-06-07 14:30:00,2019-06-07 14:55:00,30,6,14.3,1,2019
FL.PYT.02,5.0,2019-06-07 14:30:00,2019-06-07 18:05:00,220,44,34.0,1,2019
FL.PYT.06,5.0,2019-06-07 14:30:00,2019-06-07 17:45:00,200,40,28.3,1,2019
FL.BKN.01,5.0,2019-06-07 14:35:00,2019-06-07 16:45:00,135,27,27.1,1,2019
FL.BKN.02,5.0,2019-06-07 14:35:00,2019-06-07 17:00:00,150,30,21.2,1,2019
FL.CTC.05,5.0,2019-06-07 14:35:00,2019-06-07 18:40:00,250,50,33.6,1,2019
FL.RTW.01,5.0,2019-06-07 14:35:00,2019-06-07 17:30:00,180,36,36.0,1,2019
FL.RTW.10,5.0,2019-06-07 14:35:00,2019-06-07 17:00:00,150,30,34.2,1,2019
FL.RTW.05,5.0,2019-06-07 14:40:00,2019-06-07 16:40:00,125,25,7.9,1,2019
FL.RTW.07,5.0,2019-06-07 14:40:00,2019-06-07 15:20:00,45,9,16.7,1,2019
FL.CTC.04,5.0,2019-06-07 14:45:00,2019-06-07 15:10:00,30,6,11.9,1,2019
FL.SPW.01,5.0,2019-06-07 14:45:00,2019-06-07 16:00:00,80,16,24.7,1,2019
FL.DDG.03,5.0,2019-06-07 14:50:00,2019-06-07 15:05:00,20,4,16.8,1,2019
FL.DDG.05,5.0,2019-06-07 14:50:00,2019-06-07 17:15:00,150,30,21.9,1,2019
FL.LSI.04,5.0,2019-06-07 14:50:00,2019-06-07 15:40:00,55,11,14.4,1,2019
FL.SLG.02,5.0,2019-06-07 14:50:00,2019-06-07 15:55:00,70,14,10.5,1,2019
FL.SPW.02,5.0,2019-06-07 14:50:00,2019-06-07 16:00:00,75,15,13.2,1,2019
FL.BRK.01,5.0,2019-06-07 14:55:00,2019-06-07 15:45:00,55,11,21.9,1,2019
FL.DDG.07,5.0,2019-06-07 14:55:00,2019-06-07 16:45:00,115,23,26.8,1,2019
FL.PTW.02,5.0,2019-06-07 14:55:00,2019-06-07 16:30:00,100,20,22.8,1,2019
FL.PYT.03,5.0,2019-06-07 14:55:00,2019-06-07 15:40:00,50,10,10.7,1,2019
FL.SLG.03,5.0,2019-06-07 14:55:00,2019-06-07 15:10:00,20,4,10.7,1,2019
FL.DDG.08,5.0,2019-06-07 15:00:00,2019-06-07 16:05:00,70,14,18.0,1,2019
FL.HKG.01,5.0,2019-06-07 15:00:00,2019-06-07 16:10:00,75,14,16.0,2,2019
FL.PTW.05,5.0,2019-06-07 15:10:00,2019-06-07 15:50:00,45,9,18.9,1,2019
FL.RTW.10,5.0,2019-06-10 11:00:00,2019-06-10 11:05:00,10,2,27.3,1,2019
FL.CTC.06,5.0,2019-06-10 14:20:00,2019-06-10 14:30:00,15,3,27.2,1,2019
FL.CTC.04,5.0,2019-06-11 07:40:00,2019-06-11 08:00:00,25,5,11.7,1,2019
FL.BNA.03,5.0,2019-06-11 12:15:00,2019-06-11 12:30:00,20,4,6.8,1,2019
FL.CTC.04,5.0,2019-06-11 14:30:00,2019-06-11 15:20:00,55,11,13.0,1,2019
FL.CTC.04,5.0,2019-06-12 07:50:00,2019-06-12 08:55:00,70,14,21.9,1,2019
FL.CTC.04,5.0,2019-06-13 07:55:00,2019-06-13 08:30:00,40,8,21.9,1,2019
FL.CTC.04,5.0,2019-06-14 07:50:00,2019-06-14 08:00:00,15,3,15.2,1,2019
FL.CTC.04,5.0,2019-06-14 11:05:00,2019-06-14 11:25:00,25,5,6.2,1,2019
FL.KTY.04,5.0,2019-06-14 11:35:00,2019-06-14 11:50:00,20,4,6.4,1,2019
FL.DDG.06,5.0,2019-06-15 21:25:00,2019-06-15 21:40:00,20,4,7.9,1,2019
FL.BKN.01,5.0,2019-06-15 21:40:00,2019-06-15 22:05:00,30,6,14.8,1,2019
FL.BKP.02,5.0,2019-06-15 22:40:00,2019-06-15 22:45:00,10,2,8.0,1,2019
FL.CTC.04,5.0,2019-06-16 07:50:00,2019-06-16 08:15:00,30,6,15.3,1,2019
FL.BNA.03,5.0,2019-06-16 15:30:00,2019-06-16 16:10:00,45,9,8.7,1,2019
FL.SLG.03,5.0,2019-06-23 15:30:00,2019-06-23 15:45:00,20,4,11.8,1,2019
FL.SLG.02,5.0,2019-06-23 15:45:00,2019-06-23 15:55:00,15,3,9.2,1,2019
FL.BKE.02,5.0,2019-06-24 05:50:00,2019-06-24 08:20:00,155,31,35.8,1,2019
FL.KTY.04,5.0,2019-06-24 09:25:00,2019-06-24 11:10:00,110,18,11.6,2,2019
FL.BBN.01,5.0,2019-06-24 21:30:00,2019-06-24 22:35:00,70,14,12.3,1,2019
FL.BKE.02,5.0,2019-06-24 21:50:00,2019-06-24 22:50:00,65,13,26.5,1,2019
FL.BNA.03,5.0,2019-06-24 22:15:00,2019-06-24 23:40:00,90,18,21.5,1,2019
FL.BNA.04,5.0,2019-06-24 22:35:00,2019-06-24 23:15:00,45,9,13.2,1,2019
FL.KTY.04,5.0,2019-06-30 09:35:00,2019-06-30 12:20:00,170,29,9.5,3,2019
FL.BKM.01,5.0,2019-06-30 18:55:00,2019-07-01 07:05:00,735,146,33.2,2,2019
FL.SLG.03,5.0,2019-06-30 18:55:00,2019-06-30 19:00:00,10,2,8.8,1,2019
FL.BNA.03,5.0,2019-07-01 05:30:00,2019-07-01 06:15:00,50,10,6.7,1,2019
FL.KTY.04,5.0,2019-07-01 09:25:00,2019-07-01 10:25:00,65,9,7.4,2,2019
FL.SPW.01,5.0,2019-07-04 10:45:00,2019-07-04 10:55:00,15,3,29.1,1,2019
FL.BNA.03,5.0,2019-07-06 12:00:00,2019-07-06 12:30:00,35,7,8.2,1,2019
FL.BNA.03,5.0,2019-07-09 19:35:00,2019-07-09 19:55:00,25,5,7.6,1,2019
FL.BNA.03,5.0,2019-07-13 00:40:00,2019-07-13 02:05:00,90,18,11.2,1,2019
FL.PWT.02,5.0,2019-07-13 00:45:00,2019-07-13 04:20:00,220,44,27.1,1,2019
FL.BNA.04,5.0,2019-07-13 01:15:00,2019-07-13 01:50:00,40,8,12.7,1,2019
FL.BKN.01,5.0,2019-07-15 17:40:00,2019-07-15 19:05:00,90,18,25.7,1,2019
FL.BKN.02,5.0,2019-07-15 17:50:00,2019-07-15 18:05:00,20,4,8.5,1,2019
FL.SPW.02,5.0,2019-07-15 17:55:00,2019-07-15 18:25:00,35,7,9.2,1,2019
FL.CTC.02,5.0,2019-07-15 18:05:00,2019-07-15 18:10:00,10,2,5.5,1,2019
FL.STN.04,5.0,2019-07-15 18:10:00,2019-07-15 18:30:00,25,5,8.6,1,2019
FL.LSI.03,5.0,2019-07-20 14:30:00,2019-07-20 14:50:00,25,5,7.1,1,2019
FL.LSI.03,5.0,2019-07-21 18:15:00,2019-07-21 18:25:00,15,3,5.5,1,2019
FL.LSI.03,5.0,2019-07-23 17:45:00,2019-07-23 18:10:00,30,6,6.4,1,2019
FL.BNA.03,5.0,2019-07-23 18:20:00,2019-07-23 19:10:00,55,11,7.5,1,2019
FL.BNA.03,5.0,2019-07-24 16:00:00,2019-07-24 16:30:00,35,7,7.3,1,2019
FL.SMI.01,5.0,2019-07-25 12:50:00,2019-07-25 12:55:00,10,2,31.3,1,2019
FL.BNA.03,5.0,2019-08-05 04:40:00,2019-08-05 05:05:00,30,6,9.3,1,2019
FL.BNA.03,5.0,2019-08-06 23:35:00,2019-08-07 00:25:00,55,11,8.2,1,2019
FL.SLG.03,5.0,2019-08-06 23:45:00,2019-08-06 23:50:00,10,2,8.8,1,2019
FL.PWT.02,5.0,2019-08-06 23:55:00,2019-08-07 00:05:00,15,3,8.8,1,2019
FL.LSI.03,5.0,2019-08-14 05:40:00,2019-08-14 05:50:00,15,3,5.0,1,2019
FL.LSI.03,5.0,2019-08-16 00:25:00,2019-08-16 01:35:00,75,15,12.7,1,2019
FL.LSI.03,5.0,2019-08-16 12:20:00,2019-08-16 12:25:00,10,2,9.6,1,2019
FL.LSI.03,5.0,2019-08-16 17:30:00,2019-08-16 19:45:00,140,28,12.2,1,2019
FL.LSI.03,5.0,2019-08-16 22:40:00,2019-08-17 02:45:00,250,50,15.4,1,2019
FL.LSI.03,5.0,2019-08-18 09:20:00,2019-08-18 09:55:00,40,8,12.4,1,2019
FL.LSI.03,5.0,2019-08-20 00:05:00,2019-08-20 02:10:00,130,26,10.6,1,2019
FL.LSI.03,5.0,2019-08-20 15:45:00,2019-08-20 17:30:00,110,22,9.7,1,2019
FL.BKN.01,5.0,2019-08-20 16:05:00,2019-08-20 16:20:00,20,4,12.5,1,2019
FL.CTC.02,5.0,2019-08-20 16:05:00,2019-08-20 16:15:00,15,3,6.8,1,2019
FL.PYT.07,5.0,2019-08-20 16:10:00,2019-08-20 16:15:00,10,2,7.1,1,2019
FL.DDG.06,5.0,2019-08-20 16:15:00,2019-08-20 16:25:00,15,3,6.0,1,2019
FL.LSI.03,5.0,2019-08-21 18:40:00,2019-08-21 21:25:00,170,34,8.6,1,2019
FL.LSI.03,5.0,2019-08-22 18:00:00,2019-08-23 00:40:00,405,81,11.3,1,2019
FL.LSI.03,5.0,2019-08-24 16:55:00,2019-08-24 19:10:00,140,28,9.7,1,2019
FL.LSI.03,5.0,2019-08-25 17:45:00,2019-08-25 20:15:00,155,31,10.8,1,2019
FL.LSI.03,5.0,2019-08-25 23:15:00,2019-08-26 07:45:00,515,103,11.4,1,2019
FL.LSI.03,5.0,2019-08-26 15:35:00,2019-08-26 21:00:00,330,66,11.9,1,2019
FL.SLG.03,5.0,2019-08-27 02:25:00,2019-08-27 13:00:00,640,83,8.0,8,2019
FL.KSN.01,5.0,2019-09-01 16:10:00,2019-09-01 16:15:00,10,2,5.5,1,2019
FL.PWT.02,5.0,2019-09-01 16:55:00,2019-09-01 17:00:00,10,2,6.8,1,2019
FL.BNA.03,5.0,2019-09-03 13:50:00,2019-09-03 14:20:00,35,7,8.3,1,2019
FL.BBN.01,5.0,2019-09-08 16:35:00,2019-09-08 16:45:00,15,3,10.7,1,2019
FL.BNA.03,5.0,2019-09-08 17:05:00,2019-09-08 18:00:00,60,12,9.1,1,2019
FL.BBN.01,5.0,2019-09-09 14:35:00,2019-09-09 15:00:00,30,6,12.9,1,2019
FL.CTC.07,5.0,2019-09-14 17:25:00,2019-09-14 18:20:00,60,12,18.5,1,2019
FL.CTC.06,5.0,2019-09-14 17:30:00,2019-09-14 17:45:00,20,4,5.8,1,2019
FL.CTC.01,5.0,2019-09-14 17:35:00,2019-09-14 18:15:00,45,9,9.6,1,2019
FL.SLG.03,5.0,2019-09-14 17:35:00,2019-09-14 20:45:00,195,39,39.5,1,2019
FL.DDG.02,5.0,2019-09-14 17:40:00,2019-09-14 18:35:00,60,12,16.1,1,2019
FL.DDG.06,5.0,2019-09-14 17:40:00,2019-09-14 18:15:00,40,8,15.6,1,2019
FL.SLG.02,5.0,2019-09-14 17:45:00,2019-09-14 20:40:00,180,36,26.2,1,2019
FL.DDG.01,5.0,2019-09-14 18:00:00,2019-09-14 18:05:00,10,2,6.9,1,2019
FL.BKN.01,5.0,2019-09-14 18:05:00,2019-09-14 18:50:00,50,10,17.2,1,2019
FL.KTY.04,5.0,2019-09-14 18:10:00,2019-09-14 18:35:00,30,6,7.9,1,2019
FL.SPW.01,5.0,2019-09-14 18:10:00,2019-09-14 18:40:00,35,7,12.9,1,2019
FL.SPW.02,5.0,2019-09-14 18:10:00,2019-09-14 18:50:00,45,9,11.4,1,2019
FL.BRK.01,5.0,2019-09-14 18:20:00,2019-09-14 19:05:00,50,10,21.6,1,2019
FL.KSN.01,5.0,2019-09-14 18:20:00,2019-09-14 18:35:00,20,4,8.9,1,2019
FL.STN.04,5.0,2019-09-14 18:25:00,2019-09-14 20:05:00,105,21,22.8,1,2019
FL.STN.02,5.0,2019-09-14 18:30:00,2019-09-14 19:50:00,85,17,27.4,1,2019
FL.STN.03,5.0,2019-09-14 18:30:00,2019-09-14 20:10:00,105,21,25.0,1,2019
FL.SMI.01,5.0,2019-09-15 23:45:00,2019-09-16 00:15:00,35,7,25.0,1,2019
FL.BNA.03,5.0,2019-09-15 23:50:00,2019-09-16 00:20:00,35,7,8.7,1,2019
FL.CTC.02,5.0,2019-09-15 23:55:00,2019-09-16 01:45:00,115,23,33.1,1,2019
FL.CTC.04,5.0,2019-09-16 00:00:00,2019-09-16 02:00:00,125,25,52.5,1,2019
FL.LSI.03,5.0,2019-09-16 00:00:00,2019-09-16 00:40:00,45,9,7.9,1,2019
FL.CTC.06,5.0,2019-09-16 00:05:00,2019-09-16 01:10:00,70,14,10.6,1,2019
FL.CTC.07,5.0,2019-09-16 00:05:00,2019-09-16 00:30:00,30,6,14.1,1,2019
FL.CTC.05,5.0,2019-09-16 00:10:00,2019-09-16 00:50:00,45,9,10.4,1,2019
FL.LSI.02,5.0,2019-09-16 00:10:00,2019-09-16 00:20:00,15,3,9.2,1,2019
FL.CTC.01,5.0,2019-09-16 00:15:00,2019-09-16 02:10:00,120,24,18.3,1,2019
FL.DDG.06,5.0,2019-09-16 00:20:00,2019-09-16 01:00:00,45,9,12.5,1,2019
FL.PTW.01,5.0,2019-09-16 00:20:00,2019-09-16 00:30:00,15,3,9.1,1,2019
FL.PTW.02,5.0,2019-09-16 00:20:00,2019-09-16 01:15:00,60,12,14.9,1,2019
FL.PYT.02,5.0,2019-09-16 00:20:00,2019-09-16 00:55:00,40,8,16.6,1,2019
FL.PYT.04,5.0,2019-09-16 00:20:00,2019-09-16 00:35:00,20,4,10.3,1,2019
FL.RTW.01,5.0,2019-09-16 00:20:00,2019-09-16 00:25:00,10,2,9.8,1,2019
FL.BRK.01,5.0,2019-09-16 00:25:00,2019-09-16 01:00:00,40,8,14.2,1,2019
FL.BRK.02,5.0,2019-09-16 00:25:00,2019-09-16 01:00:00,40,8,7.8,1,2019
FL.PTW.05,5.0,2019-09-16 00:25:00,2019-09-16 01:30:00,70,14,24.4,1,2019
FL.PYT.01,5.0,2019-09-16 00:25:00,2019-09-16 00:45:00,25,5,8.8,1,2019
FL.RTW.10,5.0,2019-09-16 00:25:00,2019-09-16 00:55:00,35,7,22.5,1,2019
FL.DDG.02,5.0,2019-09-16 00:30:00,2019-09-16 00:40:00,15,3,5.9,1,2019
FL.SPW.01,5.0,2019-09-16 00:30:00,2019-09-16 00:40:00,15,3,7.8,1,2019
FL.STN.02,5.0,2019-09-16 00:30:00,2019-09-16 01:40:00,75,15,25.9,1,2019
FL.SPW.02,5.0,2019-09-16 00:35:00,2019-09-16 00:55:00,25,5,7.1,1,2019
FL.STN.03,5.0,2019-09-16 00:45:00,2019-09-16 01:10:00,30,6,10.2,1,2019
FL.STN.04,5.0,2019-09-16 00:45:00,2019-09-16 01:25:00,45,9,9.8,1,2019
FL.SLG.03,5.0,2019-09-16 13:45:00,2019-09-16 14:05:00,25,5,15.1,1,2019
FL.BNA.03,5.0,2019-09-16 14:40:00,2019-09-16 15:05:00,30,6,9.0,1,2019
FL.LSI.03,5.0,2019-09-17 18:20:00,2019-09-17 22:45:00,270,43,32.8,2,2019
FL.LSI.04,5.0,2019-09-17 18:25:00,2019-09-17 22:30:00,250,40,21.6,2,2019
FL.LSI.02,5.0,2019-09-17 20:35:00,2019-09-17 20:40:00,10,2,13.4,1,2019
FL.CTC.06,5.0,2019-09-17 20:40:00,2019-09-17 21:50:00,75,15,10.8,1,2019
FL.CTC.07,5.0,2019-09-17 20:40:00,2019-09-17 21:15:00,40,8,14.4,1,2019
FL.LSI.03,5.0,2019-09-18 20:25:00,2019-09-18 20:50:00,30,6,6.5,1,2019
FL.BNA.03,5.0,2019-09-18 20:35:00,2019-09-18 20:55:00,25,5,10.7,1,2019
FL.DDG.02,5.0,2019-09-18 20:40:00,2019-09-18 21:05:00,30,6,9.2,1,2019
FL.DDG.06,5.0,2019-09-18 20:40:00,2019-09-18 20:55:00,20,4,10.6,1,2019
FL.DST.05,5.0,2019-09-18 20:50:00,2019-09-18 20:55:00,10,2,6.1,1,2019
FL.RTW.01,5.0,2019-09-18 20:50:00,2019-09-18 21:05:00,20,4,6.4,1,2019
FL.BKN.01,5.0,2019-09-18 21:00:00,2019-09-18 21:30:00,35,7,15.0,1,2019
FL.LSI.03,5.0,2019-09-18 23:35:00,2019-09-19 00:20:00,50,10,5.3,1,2019
FL.BBN.01,5.0,2019-09-19 18:25:00,2019-09-19 19:15:00,55,11,16.2,1,2019
FL.SLG.03,5.0,2019-09-19 19:30:00,2019-09-19 23:20:00,235,47,34.6,1,2019
FL.PWT.02,5.0,2019-09-19 19:50:00,2019-09-20 15:35:00,1190,235,43.2,2,2019
FL.BNA.03,5.0,2019-09-19 20:00:00,2019-09-19 21:45:00,110,22,10.2,1,2019
FL.BNA.02,5.0,2019-09-19 20:15:00,2019-09-20 14:40:00,1110,222,33.2,1,2019
FL.BNA.04,5.0,2019-09-19 20:20:00,2019-09-19 20:45:00,30,6,6.5,1,2019
FL.SLG.02,5.0,2019-09-19 22:45:00,2019-09-19 22:50:00,10,2,10.0,1,2019
FL.BNA.03,5.0,2019-09-20 06:10:00,2019-09-20 07:05:00,60,12,11.6,1,2019
FL.BKN.01,5.0,2019-09-21 02:45:00,2019-09-21 03:00:00,20,4,10.1,1,2019
FL.SPW.01,5.0,2019-09-21 03:05:00,2019-09-21 03:35:00,35,6,9.1,2,2019
FL.BNA.03,5.0,2019-09-21 11:30:00,2019-09-21 12:10:00,45,9,9.5,1,2019
FL.BNA.04,5.0,2019-09-21 11:40:00,2019-09-21 11:55:00,20,4,8.9,1,2019
FL.STN.02,5.0,2019-09-21 12:00:00,2019-09-21 13:30:00,95,19,28.1,1,2019
FL.STN.03,5.0,2019-09-21 12:05:00,2019-09-21 13:05:00,65,13,14.8,1,2019
FL.BBN.01,5.0,2019-09-21 12:10:00,2019-09-21 12:55:00,50,10,14.7,1,2019
FL.BRK.01,5.0,2019-09-21 12:15:00,2019-09-21 12:25:00,15,3,8.5,1,2019
FL.SLG.03,5.0,2019-09-21 12:30:00,2019-09-21 13:05:00,40,8,15.9,1,2019
FL.BKN.01,5.0,2019-09-21 13:25:00,2019-09-21 13:40:00,20,4,6.6,1,2019
FL.SMI.01,5.0,2019-09-22 08:00:00,2019-09-22 08:20:00,25,5,14.2,1,2019
FL.BNA.03,5.0,2019-09-22 11:55:00,2019-09-22 13:05:00,75,15,6.0,1,2019
FL.SPW.01,5.0,2019-09-23 00:35:00,2019-09-23 00:40:00,10,2,5.2,1,2019
FL.CTC.06,5.0,2019-09-23 10:45:00,2019-09-23 10:50:00,10,2,5.7,1,2019
FL.LSI.03,5.0,2019-09-23 12:50:00,2019-09-23 16:20:00,215,34,9.1,5,2019
FL.CTC.06,5.0,2019-09-23 12:55:00,2019-09-23 13:00:00,10,2,5.3,1,2019
FL.CTC.06,5.0,2019-09-23 14:05:00,2019-09-23 20:25:00,385,52,10.4,6,2019
FL.LSI.04,5.0,2019-09-23 16:00:00,2019-09-23 16:30:00,35,7,8.8,1,2019
FL.CTC.06,5.0,2019-09-23 21:45:00,2019-09-24 03:55:00,375,29,9.6,14,2019
FL.CTC.06,5.0,2019-09-24 05:00:00,2019-09-24 05:10:00,15,3,9.1,1,2019
FL.CTC.06,5.0,2019-09-24 06:30:00,2019-09-24 09:00:00,155,10,9.6,5,2019
FL.LSI.03,5.0,2019-09-25 12:40:00,2019-09-25 13:05:00,30,6,6.6,1,2019
FL.SMI.01,5.0,2019-10-01 14:15:00,2019-10-01 17:10:00,180,36,51.5,1,2019
FL.CTC.06,5.0,2019-10-02 13:35:00,2019-10-02 17:10:00,220,28,7.4,5,2019
FL.CTC.06,5.0,2019-10-03 17:35:00,2019-10-03 18:50:00,80,13,8.7,2,2019
FL.STN.02,5.0,2019-10-04 12:25:00,2019-10-04 13:05:00,45,9,15.8,1,2019
FL.PTW.02,5.0,2019-10-04 12:30:00,2019-10-04 12:55:00,30,6,7.0,1,2019
FL.RTW.10,5.0,2019-10-04 12:30:00,2019-10-04 13:15:00,50,10,23.8,1,2019
FL.STN.03,5.0,2019-10-04 12:30:00,2019-10-04 13:15:00,50,10,15.1,1,2019
FL.STN.04,5.0,2019-10-04 12:30:00,2019-10-04 15:40:00,195,39,5.1,1,2019
FL.DST.05,5.0,2019-10-04 12:45:00,2019-10-04 12:50:00,10,2,5.1,1,2019
FL.SMI.01,5.0,2019-10-04 13:20:00,2019-10-04 13:55:00,40,8,29.1,1,2019
FL.BNA.03,5.0,2019-10-05 11:55:00,2019-10-05 14:15:00,145,29,50.3,1,2019
FL.BNA.04,5.0,2019-10-05 12:05:00,2019-10-05 13:20:00,80,16,24.1,1,2019
FL.CTC.06,5.0,2019-10-05 13:05:00,2019-10-05 14:15:00,75,13,8.3,2,2019
FL.CTC.06,5.0,2019-10-05 17:20:00,2019-10-05 19:25:00,130,18,6.9,3,2019
FL.CTC.06,5.0,2019-10-05 20:40:00,2019-10-05 22:00:00,85,10,6.7,3,2019
FL.CTC.06,5.0,2019-10-05 23:10:00,2019-10-06 00:15:00,70,7,6.3,3,2019
FL.CTC.06,5.0,2019-10-06 02:40:00,2019-10-06 05:50:00,195,12,7.1,5,2019
FL.CTC.06,5.0,2019-10-06 14:55:00,2019-10-06 20:25:00,335,47,8.4,15,2019
FL.CTC.06,5.0,2019-10-06 21:35:00,2019-10-06 22:45:00,75,4,7.8,2,2019
FL.CTC.06,5.0,2019-10-09 14:30:00,2019-10-09 15:10:00,45,9,7.1,1,2019
FL.CTC.06,5.0,2019-10-09 17:05:00,2019-10-09 18:05:00,65,4,5.8,2,2019
FL.CTC.06,5.0,2019-10-10 14:30:00,2019-10-10 15:20:00,55,11,7.4,1,2019
FL.BNA.03,5.0,2019-10-10 15:00:00,2019-10-10 15:15:00,20,4,8.1,1,2019
FL.SPW.01,5.0,2019-10-11 05:05:00,2019-10-11 06:25:00,85,10,6.3,2,2019
FL.CTC.06,5.0,2019-10-12 13:40:00,2019-10-12 16:40:00,185,32,9.8,3,2019
FL.CTC.03,5.0,2019-10-12 14:05:00,2019-10-12 14:45:00,45,9,23.5,1,2019
FL.CTC.04,5.0,2019-10-12 14:05:00,2019-10-12 14:35:00,35,7,13.0,1,2019
FL.CTC.06,5.0,2019-10-13 05:10:00,2019-10-13 05:15:00,10,2,6.4,1,2019
FL.PWT.02,5.0,2019-10-13 21:00:00,2019-10-13 21:50:00,55,11,17.9,1,2019
FL.BNA.03,5.0,2019-10-13 21:05:00,2019-10-13 21:30:00,30,6,9.1,1,2019
FL.SPW.01,5.0,2019-10-13 21:25:00,2019-10-13 22:05:00,45,4,5.3,2,2019
FL.CTC.06,5.0,2019-10-13 21:55:00,2019-10-14 02:10:00,260,52,8.6,1,2019
FL.CTC.06,5.0,2019-10-14 07:35:00,2019-10-14 10:00:00,150,26,9.2,3,2019
FL.SMI.01,5.0,2019-10-14 07:55:00,2019-10-14 08:20:00,30,6,21.4,1,2019
FL.CTC.02,5.0,2019-10-14 08:00:00,2019-10-14 08:05:00,10,2,5.7,1,2019
FL.SPW.01,5.0,2019-10-14 08:30:00,2019-10-14 08:35:00,10,2,5.4,1,2019
FL.SPW.01,5.0,2019-10-15 00:20:00,2019-10-15 01:00:00,45,9,11.5,1,2019
FL.CTC.06,5.0,2019-10-22 15:55:00,2019-10-22 16:30:00,40,8,6.2,1,2019
FL.BNA.03,5.0,2019-10-27 18:50:00,2019-10-27 19:10:00,25,5,10.2,1,2019
FL.PWT.02,5.0,2019-10-27 18:50:00,2019-10-27 18:55:00,10,2,6.8,1,2019
FL.CTC.06,5.0,2019-10-28 02:10:00,2019-10-28 05:10:00,185,37,9.7,1,2019
FL.CTC.06,5.0,2019-11-03 20:25:00,2019-11-04 05:30:00,550,102,11.4,3,2019
FL.CTC.03,5.0,2019-11-03 20:50:00,2019-11-03 23:05:00,140,28,35.4,1,2019
FL.CTC.01,5.0,2019-11-03 20:55:00,2019-11-03 23:25:00,155,31,25.7,1,2019
FL.CTC.04,5.0,2019-11-03 20:55:00,2019-11-03 21:55:00,65,13,25.6,1,2019
FL.CTC.02,5.0,2019-11-03 21:00:00,2019-11-03 21:30:00,35,7,6.8,1,2019
FL.CTC.07,5.0,2019-11-03 21:00:00,2019-11-03 22:10:00,75,15,24.9,1,2019
FL.CTC.05,5.0,2019-11-15 22:15:00,2019-11-15 23:15:00,65,12,36.6,2,2019
FL.CTC.05,5.0,2019-11-16 21:35:00,2019-11-17 06:30:00,540,107,63.6,2,2019
FL.CTC.06,5.0,2019-11-17 01:00:00,2019-11-17 05:10:00,255,51,8.0,1,2019
FL.CTC.05,5.0,2019-11-21 22:10:00,2019-11-21 23:15:00,70,14,16.3,1,2019
FL.CTC.05,5.0,2019-11-22 11:40:00,2019-11-22 13:05:00,90,14,6.3,3,2019
FL.CTC.05,5.0,2019-11-22 15:30:00,2019-11-22 17:40:00,135,24,6.8,4,2019
FL.CTC.05,5.0,2019-11-23 11:15:00,2019-11-23 11:20:00,10,2,6.6,1,2019
FL.CTC.05,5.0,2019-11-24 14:30:00,2019-11-24 21:30:00,425,85,51.3,1,2019
FL.PYT.07,5.0,2019-11-30 00:45:00,2019-11-30 02:15:00,95,12,49.6,2,2019
FL.PYT.07,5.0,2019-11-30 03:25:00,2019-12-02 02:50:00,2850,567,18.4,2,2019
FL.PYT.07,5.0,2019-12-02 12:15:00,2019-12-02 12:40:00,30,6,6.0,1,2019
FL.PYT.07,5.0,2019-12-03 04:50:00,2019-12-03 12:35:00,470,94,147.7,1,2019
FL.PYT.07,5.0,2019-12-03 15:55:00,2019-12-04 09:30:00,1060,212,142.4,1,2019
FL.CTC.05,5.0,2019-12-27 13:50:00,2019-12-29 10:55:00,2710,539,148.8,4,2019
FL.BBN.01,5.0,2020-02-01 15:35:00,2020-02-01 15:45:00,15,3,8.1,1,2020
FL.LSI.03,5.0,2020-02-07 13:45:00,2020-02-08 10:00:00,1220,244,73.3,1,2020
FL.PYT.02,5.0,2020-02-13 11:10:00,2020-02-13 11:25:00,20,4,5.9,1,2020
FL.PYT.02,5.0,2020-02-15 11:05:00,2020-02-15 12:15:00,75,15,7.4,1,2020
FL.PYT.02,5.0,2020-02-16 11:05:00,2020-02-16 12:00:00,60,12,7.0,1,2020
FL.PYT.02,5.0,2020-02-17 11:00:00,2020-02-17 12:40:00,105,21,7.7,1,2020
FL.PYT.02,5.0,2020-02-19 11:15:00,2020-02-19 11:50:00,40,8,5.4,1,2020
FL.PYT.02,5.0,2020-02-20 11:10:00,2020-02-20 11:45:00,40,8,5.8,1,2020
FL.PYT.02,5.0,2020-02-23 11:35:00,2020-02-23 11:55:00,25,5,5.1,1,2020
FL.PYT.02,5.0,2020-02-24 11:15:00,2020-02-24 11:55:00,45,9,5.7,1,2020
FL.PYT.02,5.0,2020-02-25 11:25:00,2020-02-25 11:45:00,25,5,6.0,1,2020
FL.PYT.02,5.0,2020-02-26 11:00:00,2020-02-26 12:10:00,75,15,7.0,1,2020
FL.LSI.03,5.0,2020-02-26 11:20:00,2020-02-27 10:30:00,1395,279,28.0,1,2020
FL.PTW.05,5.0,2020-02-28 11:10:00,2020-02-28 11:15:00,10,2,5.6,1,2020
FL.PYT.02,5.0,2020-02-29 11:35:00,2020-02-29 11:45:00,15,3,5.4,1,2020
FL.PYT.02,5.0,2020-03-03 11:45:00,2020-03-03 11:55:00,15,3,6.1,1,2020
FL.PYT.02,5.0,2020-03-04 11:15:00,2020-03-04 11:35:00,25,4,5.3,2,2020
FL.PYT.02,5.0,2020-03-05 10:40:00,2020-03-05 11:55:00,80,15,10.1,2,2020
FL.PYT.02,5.0,2020-03-06 10:35:00,2020-03-06 11:10:00,40,8,10.6,1,2020
FL.PYT.02,5.0,2020-03-07 11:15:00,2020-03-07 13:05:00,115,15,8.2,3,2020
FL.PYT.02,5.0,2020-03-08 11:05:00,2020-03-08 14:05:00,185,30,6.5,3,2020
FL.PYT.01,5.0,2020-03-09 02:40:00,2020-03-09 02:50:00,15,3,5.9,1,2020
FL.PYT.01,5.0,2020-03-09 06:30:00,2020-03-09 06:35:00,10,2,5.5,1,2020
FL.PYT.02,5.0,2020-03-09 10:55:00,2020-03-09 15:35:00,285,57,9.7,1,2020
FL.PYT.02,5.0,2020-03-10 11:00:00,2020-03-10 13:10:00,135,27,7.7,1,2020
FL.PYT.02,5.0,2020-03-11 11:00:00,2020-03-11 13:20:00,145,29,7.4,1,2020
FL.PYT.02,5.0,2020-03-12 11:10:00,2020-03-12 13:10:00,125,17,7.0,2,2020
FL.PYT.02,5.0,2020-03-13 10:45:00,2020-03-13 13:45:00,185,37,9.7,1,2020
FL.PYT.02,5.0,2020-03-14 10:50:00,2020-03-14 14:45:00,240,48,8.2,1,2020
FL.SMI.01,5.0,2020-03-15 10:40:00,2020-03-15 11:15:00,40,8,24.4,1,2020
FL.PTW.05,5.0,2020-03-18 10:15:00,2020-03-18 10:20:00,10,2,9.2,1,2020
FL.PYT.02,5.0,2020-03-21 11:25:00,2020-03-21 12:45:00,85,16,6.4,2,2020
FL.PYT.02,5.0,2020-03-23 11:45:00,2020-03-23 11:55:00,15,3,6.4,1,2020
FL.PYT.02,5.0,2020-03-24 11:05:00,2020-03-24 12:10:00,70,10,6.2,2,2020
FL.PYT.02,5.0,2020-03-26 10:40:00,2020-03-26 13:00:00,145,16,6.2,4,2020
FL.PYT.02,5.0,2020-03-27 10:50:00,2020-03-27 12:35:00,110,22,8.8,1,2020
FL.PYT.02,5.0,2020-03-28 10:30:00,2020-03-28 12:45:00,140,28,8.5,1,2020
FL.PYT.02,5.0,2020-04-04 11:10:00,2020-04-04 12:05:00,60,12,5.7,1,2020
FL.PYT.02,5.0,2020-04-11 10:40:00,2020-04-11 11:15:00,40,8,6.7,1,2020
FL.PYT.02,5.0,2020-04-12 11:40:00,2020-04-12 11:55:00,20,4,6.0,1,2020
FL.BNA.03,5.0,2020-04-13 14:10:00,2020-04-13 14:25:00,20,4,8.3,1,2020
FL.CTC.06,5.0,2020-04-13 14:25:00,2020-04-13 15:15:00,55,11,6.6,1,2020
FL.PWT.02,5.0,2020-04-13 14:25:00,2020-04-13 14:30:00,10,2,7.4,1,2020
FL.DDG.06,5.0,2020-04-13 14:35:00,2020-04-13 15:10:00,40,8,12.0,1,2020
FL.CTC.04,5.0,2020-04-13 14:50:00,2020-04-13 15:10:00,25,4,11.0,2,2020
FL.CTC.06,5.0,2020-04-13 19:40:00,2020-04-13 23:20:00,225,26,5.7,7,2020
FL.PTW.05,5.0,2020-04-14 09:25:00,2020-04-14 14:35:00,315,41,10.0,8,2020
FL.PYT.02,5.0,2020-04-15 10:40:00,2020-04-15 11:00:00,25,5,7.3,1,2020
FL.PYT.02,5.0,2020-04-15 13:30:00,2020-04-15 13:40:00,15,3,5.1,1,2020
FL.PYT.02,5.0,2020-04-16 12:10:00,2020-04-16 13:00:00,55,11,8.1,1,2020
FL.PYT.02,5.0,2020-04-17 10:15:00,2020-04-17 12:45:00,155,31,12.8,1,2020
FL.PYT.02,5.0,2020-04-18 10:10:00,2020-04-18 16:10:00,365,63,16.8,3,2020
FL.CTC.06,5.0,2020-04-18 13:05:00,2020-04-18 13:55:00,55,11,9.6,1,2020
FL.CTC.03,5.0,2020-04-18 13:40:00,2020-04-18 13:45:00,10,2,6.1,1,2020
FL.PYT.02,5.0,2020-04-19 09:55:00,2020-04-19 16:05:00,375,75,20.4,1,2020
FL.PYT.02,5.0,2020-04-20 10:00:00,2020-04-20 16:15:00,380,76,19.3,1,2020
FL.PYT.02,5.0,2020-04-21 09:55:00,2020-04-21 16:30:00,400,80,21.4,1,2020
FL.PYT.02,5.0,2020-04-22 10:00:00,2020-04-22 16:50:00,415,83,23.4,1,2020
FL.PYT.02,5.0,2020-04-23 10:00:00,2020-04-23 16:20:00,385,77,22.1,1,2020
FL.PYT.02,5.0,2020-04-24 11:35:00,2020-04-24 15:15:00,225,42,15.3,2,2020
FL.PYT.02,5.0,2020-04-25 10:10:00,2020-04-25 12:25:00,140,28,15.6,1,2020
FL.STN.02,5.0,2020-04-25 12:40:00,2020-04-25 12:45:00,10,2,6.0,1,2020
FL.BKN.01,5.0,2020-04-25 12:45:00,2020-04-25 13:15:00,35,7,13.6,1,2020
FL.CTC.06,5.0,2020-04-25 12:45:00,2020-04-26 07:30:00,1130,212,10.4,4,2020
FL.CTC.02,5.0,2020-04-25 12:50:00,2020-04-25 13:20:00,35,7,8.7,1,2020
FL.DDG.04,5.0,2020-04-25 12:50:00,2020-04-25 12:55:00,10,2,6.8,1,2020
FL.CTC.03,5.0,2020-04-25 12:55:00,2020-04-25 18:35:00,345,59,21.8,4,2020
FL.PYT.04,5.0,2020-04-25 13:00:00,2020-04-25 13:05:00,10,2,6.5,1,2020
FL.RTW.01,5.0,2020-04-25 13:00:00,2020-04-25 13:05:00,10,2,10.4,1,2020
FL.BKE.01,5.0,2020-04-25 13:05:00,2020-04-25 13:10:00,10,2,5.5,1,2020
FL.DDG.06,5.0,2020-04-25 13:05:00,2020-04-25 13:10:00,10,2,6.0,1,2020
FL.RTW.10,5.0,2020-04-25 13:05:00,2020-04-25 13:10:00,10,2,9.6,1,2020
FL.CTC.07,5.0,2020-04-25 13:10:00,2020-04-25 14:10:00,65,13,18.8,1,2020
FL.CTC.03,5.0,2020-04-26 04:50:00,2020-04-26 07:15:00,150,19,9.6,6,2020
FL.PYT.02,5.0,2020-04-26 09:55:00,2020-04-26 17:30:00,460,92,28.6,1,2020
FL.PYT.02,5.0,2020-04-28 09:50:00,2020-04-28 18:05:00,500,100,26.9,1,2020
FL.PTW.05,5.0,2020-04-28 10:50:00,2020-04-28 12:00:00,75,7,9.1,3,2020
FL.PTW.05,5.0,2020-04-28 14:05:00,2020-04-28 14:10:00,10,2,8.0,1,2020
FL.PYT.02,5.0,2020-04-29 10:10:00,2020-04-29 10:35:00,30,6,8.8,1,2020
FL.CTC.06,5.0,2020-04-29 11:35:00,2020-04-29 21:50:00,620,99,10.7,6,2020
FL.CTC.03,5.0,2020-04-29 11:40:00,2020-04-29 13:05:00,90,18,13.9,1,2020
FL.CTC.04,5.0,2020-04-29 11:50:00,2020-04-29 13:10:00,85,15,24.4,3,2020
FL.DDG.02,5.0,2020-04-29 11:50:00,2020-04-29 14:15:00,150,30,32.8,1,2020
FL.DDG.05,5.0,2020-04-29 11:55:00,2020-04-29 12:50:00,60,12,17.9,1,2020
FL.DDG.06,5.0,2020-04-29 11:55:00,2020-04-29 14:40:00,170,34,36.5,1,2020
FL.CTC.02,5.0,2020-04-29 12:00:00,2020-04-29 13:25:00,90,18,28.5,1,2020
FL.DDG.04,5.0,2020-04-29 12:00:00,2020-04-29 12:05:00,10,2,6.4,1,2020
FL.CTC.01,5.0,2020-04-29 12:10:00,2020-04-29 14:05:00,120,24,16.0,1,2020
FL.HKG.01,5.0,2020-04-29 12:10:00,2020-04-29 12:20:00,15,3,9.0,1,2020
FL.CTC.05,5.0,2020-04-29 12:20:00,2020-04-29 13:15:00,60,12,15.0,1,2020
FL.PYT.04,5.0,2020-04-29 12:20:00,2020-04-29 12:45:00,30,6,11.1,1,2020
FL.BKM.02,5.0,2020-04-29 12:25:00,2020-04-29 12:30:00,10,2,5.5,1,2020
FL.DDG.07,5.0,2020-04-29 12:30:00,2020-04-29 13:05:00,40,8,9.6,1,2020
FL.CTC.06,5.0,2020-04-30 05:35:00,2020-04-30 06:45:00,75,6,6.5,3,2020
FL.PYT.02,5.0,2020-04-30 09:45:00,2020-04-30 13:30:00,230,46,27.7,1,2020
FL.CTC.06,5.0,2020-04-30 10:50:00,2020-04-30 12:05:00,80,9,6.7,4,2020
FL.BNA.03,5.0,2020-04-30 13:10:00,2020-04-30 13:40:00,35,7,9.2,1,2020
FL.PYT.02,5.0,2020-04-30 15:10:00,2020-04-30 17:25:00,140,28,11.0,1,2020
FL.PYT.02,5.0,2020-05-01 09:40:00,2020-05-01 10:25:00,50,10,21.0,1,2020
FL.DDG.01,5.0,2020-05-11 09:35:00,2020-05-11 09:50:00,20,4,12.8,1,2020
FL.CTC.03,5.0,2020-05-11 10:45:00,2020-05-11 13:45:00,185,32,10.4,3,2020
FL.CTC.06,5.0,2020-05-12 08:25:00,2020-05-12 09:55:00,95,19,8.8,1,2020
FL.CTC.06,5.0,2020-05-13 00:15:00,2020-05-13 04:05:00,235,30,8.2,3,2020
FL.CTC.06,5.0,2020-05-13 05:15:00,2020-05-13 05:25:00,15,3,7.3,1,2020
FL.CTC.06,5.0,2020-05-13 07:25:00,2020-05-13 09:05:00,105,17,8.9,3,2020
FL.CTC.06,5.0,2020-05-13 10:15:00,2020-05-13 10:40:00,30,5,9.5,2,2020
FL.CTC.06,5.0,2020-05-14 12:35:00,2020-05-14 16:10:00,220,44,12.1,1,2020
FL.CTC.03,5.0,2020-05-14 14:25:00,2020-05-14 16:20:00,120,24,8.2,1,2020
FL.LSI.04,5.0,2020-05-17 13:15:00,2020-05-17 13:25:00,15,3,6.2,1,2020
FL.BNA.03,5.0,2020-05-18 06:40:00,2020-05-18 06:45:00,10,2,6.2,1,2020
FL.LSI.04,5.0,2020-05-24 22:45:00,2020-05-24 22:55:00,15,3,6.0,1,2020
FL.BNA.03,5.0,2020-05-24 23:00:00,2020-05-24 23:15:00,20,4,6.6,1,2020
FL.CTC.04,5.0,2020-05-26 09:55:00,2020-05-26 14:50:00,300,52,11.8,9,2020
FL.BNA.03,5.0,2020-05-29 21:30:00,2020-05-29 22:10:00,45,9,8.8,1,2020
FL.SLG.03,5.0,2020-05-29 21:50:00,2020-05-29 22:00:00,15,3,12.0,1,2020
FL.BBN.01,5.0,2020-05-31 00:35:00,2020-05-31 02:20:00,110,11,8.6,2,2020
FL.STN.02,5.0,2020-05-31 01:00:00,2020-05-31 02:55:00,120,24,26.0,1,2020
FL.STN.03,5.0,2020-05-31 01:00:00,2020-05-31 03:10:00,135,27,27.3,1,2020
FL.BNA.03,5.0,2020-05-31 01:10:00,2020-05-31 02:15:00,70,14,10.4,1,2020
FL.BNA.04,5.0,2020-05-31 01:25:00,2020-05-31 02:25:00,65,13,19.8,1,2020
FL.BNA.03,5.0,2020-05-31 15:25:00,2020-05-31 15:55:00,35,7,9.3,1,2020
FL.BNA.03,5.0,2020-06-01 03:45:00,2020-06-01 04:40:00,60,12,8.6,1,2020
FL.BNA.03,5.0,2020-06-02 20:15:00,2020-06-02 21:20:00,70,14,9.2,1,2020
FL.LSI.04,5.0,2020-06-04 14:55:00,2020-06-04 16:50:00,120,24,23.2,1,2020
FL.LSI.05,5.0,2020-06-04 15:15:00,2020-06-04 16:45:00,95,19,15.6,1,2020
FL.BRK.02,5.0,2020-06-08 14:40:00,2020-06-08 15:00:00,25,5,6.6,1,2020
FL.CTC.03,5.0,2020-06-11 12:50:00,2020-06-11 14:50:00,125,25,16.3,1,2020
FL.CTC.03,5.0,2020-06-12 12:30:00,2020-06-12 17:15:00,290,58,25.0,1,2020
FL.CTC.03,5.0,2020-06-13 11:55:00,2020-06-13 18:15:00,385,77,30.4,1,2020
FL.CTC.03,5.0,2020-06-14 11:40:00,2020-06-14 16:55:00,320,64,13.5,1,2020
FL.BNA.03,5.0,2020-06-15 00:15:00,2020-06-15 00:30:00,20,4,7.0,1,2020
FL.BNA.03,5.0,2020-06-15 04:05:00,2020-06-15 05:05:00,65,13,9.5,1,2020
FL.PWT.02,5.0,2020-06-15 04:15:00,2020-06-15 05:20:00,70,14,22.5,1,2020
FL.BNA.03,5.0,2020-06-16 01:30:00,2020-06-16 02:10:00,45,9,8.9,1,2020
FL.CTC.03,5.0,2020-06-16 12:55:00,2020-06-16 14:40:00,110,11,5.9,2,2020
FL.DDG.01,5.0,2020-06-16 18:00:00,2020-06-16 18:25:00,30,6,13.8,1,2020
FL.BNA.03,5.0,2020-06-17 15:20:00,2020-06-17 17:15:00,120,24,10.4,1,2020
FL.PWT.02,5.0,2020-06-17 15:45:00,2020-06-17 16:15:00,35,7,8.4,1,2020
FL.BNA.03,5.0,2020-06-18 00:00:00,2020-06-18 07:05:00,430,86,14.0,1,2020
FL.BNA.03,5.0,2020-06-18 22:55:00,2020-06-18 23:20:00,30,6,6.3,1,2020
FL.CTC.03,5.0,2020-06-19 17:20:00,2020-06-19 18:15:00,60,12,8.1,1,2020
FL.PYT.02,5.0,2020-06-19 17:20:00,2020-06-19 17:45:00,30,6,6.5,1,2020
FL.BKM.01,5.0,2020-06-20 02:15:00,2020-06-20 16:10:00,840,168,10.4,1,2020
FL.PYT.02,5.0,2020-06-20 09:45:00,2020-06-20 18:45:00,545,109,46.6,1,2020
FL.CTC.03,5.0,2020-06-20 11:20:00,2020-06-20 18:55:00,460,92,34.7,1,2020
FL.CTC.03,5.0,2020-06-21 17:50:00,2020-06-21 19:25:00,100,20,12.0,1,2020
FL.PYT.02,5.0,2020-06-21 17:50:00,2020-06-21 18:15:00,30,6,9.1,1,2020
FL.BNA.03,5.0,2020-06-22 04:10:00,2020-06-22 05:15:00,70,14,10.3,1,2020
FL.PTW.03,5.0,2020-06-22 04:50:00,2020-06-22 04:55:00,10,2,5.6,1,2020
FL.SLG.03,5.0,2020-06-22 04:50:00,2020-06-22 06:05:00,80,16,15.5,1,2020
FL.PPS.01,5.0,2020-06-22 04:55:00,2020-06-22 05:05:00,15,3,5.7,1,2020
FL.RTW.01,5.0,2020-06-22 05:00:00,2020-06-22 05:05:00,10,2,10.5,1,2020
FL.STN.03,5.0,2020-06-22 05:00:00,2020-06-22 05:30:00,35,7,11.8,1,2020
FL.DDG.02,5.0,2020-06-22 05:05:00,2020-06-22 06:00:00,60,12,20.0,1,2020
FL.RTW.10,5.0,2020-06-22 05:05:00,2020-06-22 05:35:00,35,7,24.8,1,2020
FL.DDG.01,5.0,2020-06-22 05:15:00,2020-06-22 05:20:00,10,2,7.2,1,2020
FL.PYT.02,5.0,2020-06-22 09:50:00,2020-06-22 11:55:00,130,26,31.4,1,2020
FL.CTC.03,5.0,2020-06-22 10:45:00,2020-06-22 10:55:00,15,3,6.0,1,2020
FL.BKM.02,5.0,2020-06-24 10:20:00,2020-06-24 10:25:00,10,2,17.3,1,2020
FL.BKN.02,5.0,2020-07-01 18:05:00,2020-07-01 18:35:00,35,7,12.9,1,2020
FL.PPS.01,5.0,2020-07-01 18:15:00,2020-07-01 18:20:00,10,2,5.3,1,2020
FL.PYT.02,5.0,2020-07-01 18:15:00,2020-07-01 18:20:00,10,2,5.5,1,2020
FL.CTC.02,5.0,2020-07-01 18:20:00,2020-07-01 18:30:00,15,3,6.1,1,2020
FL.BNA.03,5.0,2020-07-02 16:00:00,2020-07-02 16:40:00,45,9,10.0,1,2020
FL.PPS.01,5.0,2020-07-03 16:45:00,2020-07-03 19:35:00,175,31,8.8,3,2020
FL.BNA.03,5.0,2020-07-03 17:40:00,2020-07-03 18:00:00,25,5,6.4,1,2020
FL.PWT.02,5.0,2020-07-03 17:50:00,2020-07-03 18:20:00,35,7,10.3,1,2020
FL.BSU.01,5.0,2020-07-03 23:30:00,2020-07-03 23:35:00,10,2,9.4,1,2020
FL.BNA.03,5.0,2020-07-07 00:00:00,2020-07-07 00:05:00,10,2,5.8,1,2020
FL.BNA.03,5.0,2020-07-08 07:45:00,2020-07-08 08:10:00,30,6,6.8,1,2020
FL.PPS.01,5.0,2020-07-10 22:15:00,2020-07-10 22:25:00,15,3,7.8,1,2020
FL.BNA.03,5.0,2020-07-13 00:05:00,2020-07-13 00:10:00,10,2,6.4,1,2020
FL.PPS.01,5.0,2020-07-13 20:05:00,2020-07-13 20:35:00,35,7,7.1,1,2020
FL.LSI.03,5.0,2020-07-14 00:10:00,2020-07-14 01:05:00,60,12,20.8,1,2020
FL.LSI.04,5.0,2020-07-14 00:10:00,2020-07-14 00:55:00,50,10,9.6,1,2020
FL.SMI.01,5.0,2020-07-14 00:15:00,2020-07-14 03:20:00,190,38,46.1,1,2020
FL.CTC.07,5.0,2020-07-14 00:40:00,2020-07-14 00:55:00,20,4,8.2,1,2020
FL.SLG.03,5.0,2020-07-14 00:45:00,2020-07-14 00:55:00,15,3,9.1,1,2020
FL.CTC.04,5.0,2020-07-14 09:05:00,2020-07-14 09:15:00,15,3,10.0,1,2020
FL.SMI.01,5.0,2020-07-16 17:40:00,2020-07-16 18:55:00,80,16,34.3,1,2020
FL.PTW.05,5.0,2020-07-20 10:35:00,2020-07-20 10:45:00,15,3,6.8,1,2020
FL.SMI.01,5.0,2020-07-20 14:05:00,2020-07-20 15:05:00,65,13,28.7,1,2020
FL.PPS.01,5.0,2020-07-21 21:35:00,2020-07-21 21:40:00,10,2,5.5,1,2020
FL.BNA.03,5.0,2020-07-23 01:45:00,2020-07-23 02:15:00,35,7,9.6,1,2020
FL.STN.03,5.0,2020-07-24 06:30:00,2020-07-24 08:20:00,115,23,22.8,1,2020
FL.HKG.01,5.0,2020-07-24 06:35:00,2020-07-24 07:45:00,75,15,11.6,1,2020
FL.KTY.02,5.0,2020-07-24 06:35:00,2020-07-24 08:00:00,90,18,15.3,1,2020
FL.PTW.04,5.0,2020-07-24 06:35:00,2020-07-24 06:45:00,15,3,8.7,1,2020
FL.RTW.08,5.0,2020-07-24 06:35:00,2020-07-24 08:05:00,95,19,23.9,1,2020
FL.DDG.01,5.0,2020-07-24 06:45:00,2020-07-24 07:30:00,50,10,10.9,1,2020
FL.PTW.01,5.0,2020-07-24 06:45:00,2020-07-24 07:15:00,35,7,14.1,1,2020
FL.RTW.10,5.0,2020-07-24 06:45:00,2020-07-24 07:15:00,35,7,18.0,1,2020
FL.WTN.01,5.0,2020-07-24 07:05:00,2020-07-24 07:30:00,30,6,9.3,1,2020
FL.LSI.04,5.0,2020-07-24 07:25:00,2020-07-24 07:35:00,15,3,5.4,1,2020
FL.DDG.02,5.0,2020-07-24 07:30:00,2020-07-24 07:50:00,25,5,6.8,1,2020
FL.WTN.01,5.0,2020-07-24 13:10:00,2020-07-24 15:40:00,155,14,10.9,4,2020
FL.PTW.05,5.0,2020-07-24 14:05:00,2020-07-24 14:10:00,10,2,9.9,1,2020
FL.BRK.01,5.0,2020-07-24 15:00:00,2020-07-24 15:45:00,50,10,19.7,1,2020
FL.PTW.05,5.0,2020-07-24 15:15:00,2020-07-24 15:20:00,10,2,6.4,1,2020
FL.LSI.04,5.0,2020-07-24 15:40:00,2020-07-24 16:35:00,60,10,8.4,3,2020
FL.BNA.03,5.0,2020-07-24 16:10:00,2020-07-24 16:35:00,30,6,9.6,1,2020
FL.PPS.01,5.0,2020-07-25 12:40:00,2020-07-25 13:25:00,50,10,7.3,1,2020
FL.BNA.03,5.0,2020-07-25 13:15:00,2020-07-25 13:40:00,30,6,10.1,1,2020
FL.WTN.01,5.0,2020-07-25 20:10:00,2020-07-25 20:25:00,20,4,6.1,1,2020
FL.WTN.01,5.0,2020-07-26 08:05:00,2020-07-26 09:30:00,90,8,8.8,3,2020
FL.BKN.01,5.0,2020-07-28 01:15:00,2020-07-28 01:35:00,25,5,11.4,1,2020
FL.DDG.01,5.0,2020-07-28 01:15:00,2020-07-28 01:45:00,35,7,14.9,1,2020
FL.DDG.02,5.0,2020-07-28 01:20:00,2020-07-28 02:20:00,65,13,13.5,1,2020
FL.BKN.02,5.0,2020-07-28 01:30:00,2020-07-28 01:35:00,10,2,7.2,1,2020
FL.BKM.01,5.0,2020-07-28 01:50:00,2020-07-28 02:40:00,55,11,15.3,1,2020
FL.LSI.04,5.0,2020-07-28 15:25:00,2020-07-28 15:30:00,10,2,5.4,1,2020
FL.BNA.03,5.0,2020-07-29 18:25:00,2020-07-29 19:05:00,45,9,9.8,1,2020
FL.BNA.03,5.0,2020-07-30 05:05:00,2020-07-30 07:15:00,135,27,7.2,1,2020
FL.PTW.05,5.0,2020-07-30 10:35:00,2020-07-30 11:40:00,70,14,14.5,1,2020
FL.BKM.01,5.0,2020-08-05 20:25:00,2020-08-06 02:05:00,345,48,10.1,10,2020
FL.BKM.01,5.0,2020-08-06 06:15:00,2020-08-06 10:00:00,230,46,17.7,1,2020
FL.SLG.03,5.0,2020-08-12 17:35:00,2020-08-12 17:55:00,25,5,14.6,1,2020
FL.BNA.03,5.0,2020-08-12 17:50:00,2020-08-12 18:15:00,30,6,8.8,1,2020
FL.PWT.02,5.0,2020-08-12 19:00:00,2020-08-12 19:50:00,55,11,17.6,1,2020
FL.PPS.01,5.0,2020-08-13 16:40:00,2020-08-13 17:15:00,40,6,6.4,2,2020
FL.CTC.02,5.0,2020-08-13 17:00:00,2020-08-13 17:40:00,45,9,9.2,1,2020
FL.DDG.01,5.0,2020-08-13 17:05:00,2020-08-13 17:35:00,35,7,13.9,1,2020
FL.DDG.02,5.0,2020-08-13 17:15:00,2020-08-13 17:45:00,35,7,10.2,1,2020
FL.BNA.03,5.0,2020-08-14 15:40:00,2020-08-14 16:25:00,50,10,8.7,1,2020
FL.BNA.03,5.0,2020-08-14 22:30:00,2020-08-15 07:10:00,525,105,24.7,1,2020
FL.KTY.01,5.0,2020-08-15 17:50:00,2020-08-16 15:50:00,1325,265,15.5,1,2020
FL.PPS.01,5.0,2020-08-16 01:50:00,2020-08-16 01:55:00,10,2,5.1,1,2020
FL.SLG.03,5.0,2020-08-19 01:10:00,2020-08-19 03:10:00,125,25,21.5,1,2020
FL.BNA.03,5.0,2020-08-19 01:30:00,2020-08-19 02:00:00,35,7,10.2,1,2020
FL.PWT.02,5.0,2020-08-19 01:30:00,2020-08-19 02:40:00,75,15,26.1,1,2020
FL.SLG.03,5.0,2020-08-22 20:35:00,2020-08-22 20:40:00,10,2,5.7,1,2020
FL.SMI.01,5.0,2020-08-28 16:45:00,2020-08-28 17:30:00,50,10,32.0,1,2020
FL.SLG.03,5.0,2020-08-28 16:55:00,2020-08-28 18:55:00,125,25,30.5,1,2020
FL.BKM.01,5.0,2020-08-28 17:05:00,2020-08-28 17:55:00,55,11,18.1,1,2020
FL.BNA.03,5.0,2020-08-28 17:05:00,2020-08-28 18:30:00,90,18,9.9,1,2020
FL.SLG.02,5.0,2020-08-28 17:05:00,2020-08-28 20:20:00,200,35,16.5,4,2020
FL.BKM.02,5.0,2020-08-28 17:10:00,2020-08-28 18:05:00,60,12,16.0,1,2020
FL.PWT.02,5.0,2020-08-28 17:10:00,2020-08-28 21:10:00,245,46,24.0,3,2020
FL.PWT.02,5.0,2020-08-30 13:20:00,2020-08-30 13:40:00,25,5,10.4,1,2020
FL.PPS.01,5.0,2020-08-30 13:40:00,2020-08-30 13:50:00,15,3,6.4,1,2020
FL.BKN.01,5.0,2020-08-30 14:25:00,2020-08-30 14:40:00,20,4,9.8,1,2020
FL.BKN.02,5.0,2020-08-30 14:30:00,2020-08-30 15:10:00,45,9,7.2,1,2020
FL.BNA.03,5.0,2020-08-31 00:50:00,2020-08-31 01:25:00,40,8,10.4,1,2020
FL.BNA.03,5.0,2020-08-31 06:35:00,2020-08-31 06:50:00,20,4,9.2,1,2020
FL.BNA.03,5.0,2020-09-01 02:15:00,2020-09-01 06:45:00,275,38,27.0,4,2020
FL.PPS.01,5.0,2020-09-01 03:20:00,2020-09-01 03:45:00,30,6,7.5,1,2020
FL.SLG.03,5.0,2020-09-01 03:25:00,2020-09-01 04:55:00,95,19,24.9,1,2020
FL.HKG.01,5.0,2020-09-01 03:30:00,2020-09-01 05:05:00,100,20,18.9,1,2020
FL.BKN.01,5.0,2020-09-01 03:35:00,2020-09-01 03:45:00,15,3,8.5,1,2020
FL.DDG.08,5.0,2020-09-01 03:35:00,2020-09-01 03:45:00,15,3,8.2,1,2020
FL.RTW.10,5.0,2020-09-01 03:35:00,2020-09-01 04:05:00,35,7,25.1,1,2020
FL.CTC.02,5.0,2020-09-01 03:40:00,2020-09-01 04:15:00,40,8,10.5,1,2020
FL.DDG.01,5.0,2020-09-01 03:40:00,2020-09-01 04:10:00,35,7,15.9,1,2020
FL.DDG.02,5.0,2020-09-01 03:40:00,2020-09-01 04:50:00,75,15,20.3,1,2020
FL.DDG.05,5.0,2020-09-01 03:40:00,2020-09-01 03:45:00,10,2,5.5,1,2020
FL.RTW.04,5.0,2020-09-01 03:40:00,2020-09-01 03:55:00,20,4,6.2,1,2020
FL.BKN.02,5.0,2020-09-01 03:45:00,2020-09-01 03:50:00,10,2,6.8,1,2020
FL.PYT.06,5.0,2020-09-01 03:45:00,2020-09-01 04:15:00,35,7,12.1,1,2020
FL.BSU.01,5.0,2020-09-01 03:50:00,2020-09-01 04:15:00,30,6,6.4,1,2020
FL.WTN.01,5.0,2020-09-01 03:55:00,2020-09-01 04:45:00,55,11,11.8,1,2020
FL.SLG.02,5.0,2020-09-01 04:00:00,2020-09-01 05:10:00,75,12,14.5,4,2020
FL.BKM.01,5.0,2020-09-01 04:05:00,2020-09-01 04:40:00,40,8,12.7,1,2020
FL.BNA.04,5.0,2020-09-01 05:00:00,2020-09-01 05:05:00,10,2,6.2,1,2020
FL.BKN.01,5.0,2020-09-01 05:05:00,2020-09-01 06:30:00,90,16,22.6,2,2020
FL.PPS.01,5.0,2020-09-01 05:05:00,2020-09-01 05:35:00,35,4,6.2,2,2020
FL.BBN.01,5.0,2020-09-01 05:15:00,2020-09-01 07:05:00,115,23,21.1,1,2020
FL.BKE.01,5.0,2020-09-01 05:15:00,2020-09-01 06:40:00,90,17,11.5,2,2020
FL.BKN.02,5.0,2020-09-01 05:20:00,2020-09-01 06:55:00,100,20,24.3,1,2020
FL.PPS.01,5.0,2020-09-01 07:55:00,2020-09-01 08:00:00,10,2,5.5,1,2020
FL.BBN.01,5.0,2020-09-02 19:10:00,2020-09-02 19:35:00,30,6,10.6,1,2020
FL.BNA.03,5.0,2020-09-02 20:00:00,2020-09-02 20:55:00,60,12,7.8,1,2020
FL.BNA.03,5.0,2020-09-05 05:05:00,2020-09-05 06:20:00,80,16,9.9,1,2020
FL.DDG.02,5.0,2020-09-05 05:40:00,2020-09-05 05:50:00,15,3,6.3,1,2020
FL.CTC.02,5.0,2020-09-05 05:50:00,2020-09-05 05:55:00,10,2,5.7,1,2020
FL.BKN.02,5.0,2020-09-06 03:05:00,2020-09-06 03:35:00,35,7,8.7,1,2020
FL.LSI.04,5.0,2020-09-08 15:50:00,2020-09-08 16:45:00,60,12,11.3,1,2020
FL.LSI.05,5.0,2020-09-08 16:10:00,2020-09-08 16:20:00,15,3,8.4,1,2020
FL.CTC.02,5.0,2020-09-09 13:30:00,2020-09-09 13:50:00,25,5,7.0,1,2020
FL.CTC.07,5.0,2020-09-10 14:20:00,2020-09-10 14:50:00,35,7,12.1,1,2020
FL.PPS.01,5.0,2020-09-10 14:25:00,2020-09-10 15:20:00,60,12,8.5,1,2020
FL.BNA.03,5.0,2020-09-14 11:20:00,2020-09-14 12:05:00,50,10,9.0,1,2020
FL.BBN.01,5.0,2020-09-15 00:30:00,2020-09-15 01:05:00,40,8,10.7,1,2020
FL.PPS.01,5.0,2020-09-15 01:10:00,2020-09-15 01:15:00,10,2,5.7,1,2020
FL.BNA.03,5.0,2020-09-15 01:35:00,2020-09-15 02:35:00,65,13,20.6,1,2020
FL.PWT.02,5.0,2020-09-15 01:45:00,2020-09-15 02:50:00,70,14,22.0,1,2020
FL.BNA.03,5.0,2020-09-16 00:15:00,2020-09-16 00:50:00,40,8,8.7,1,2020
FL.SPW.02,5.0,2020-09-16 00:40:00,2020-09-16 02:05:00,90,18,5.4,1,2020
FL.SPW.02,5.0,2020-09-16 18:30:00,2020-09-16 20:20:00,115,23,5.6,1,2020
FL.SPW.02,5.0,2020-09-18 21:10:00,2020-09-19 12:30:00,925,174,6.3,4,2020
FL.SPW.02,5.0,2020-09-19 16:20:00,2020-09-19 16:40:00,25,5,5.9,1,2020
FL.BNA.03,5.0,2020-09-20 07:20:00,2020-09-20 07:35:00,20,4,8.8,1,2020
FL.SPW.02,5.0,2020-09-22 06:55:00,2020-09-22 11:10:00,260,52,6.7,1,2020
FL.SPW.02,5.0,2020-09-23 15:20:00,2020-09-23 18:45:00,210,40,8.3,2,2020
FL.DDG.01,5.0,2020-09-23 15:30:00,2020-09-23 16:50:00,85,17,16.3,1,2020
FL.DDG.02,5.0,2020-09-23 15:30:00,2020-09-23 18:45:00,200,40,33.1,1,2020
FL.HKG.01,5.0,2020-09-23 15:35:00,2020-09-23 17:10:00,100,20,11.2,1,2020
FL.DDG.05,5.0,2020-09-23 15:40:00,2020-09-23 17:15:00,100,20,18.1,1,2020
FL.CTC.02,5.0,2020-09-23 15:45:00,2020-09-23 17:20:00,100,20,28.5,1,2020
FL.DDG.08,5.0,2020-09-23 15:45:00,2020-09-23 16:45:00,65,13,14.8,1,2020
FL.SLG.03,5.0,2020-09-23 15:45:00,2020-09-23 16:00:00,20,4,11.4,1,2020
FL.PYT.03,5.0,2020-09-23 15:55:00,2020-09-23 18:05:00,135,27,16.2,1,2020
FL.PYT.04,5.0,2020-09-23 15:55:00,2020-09-23 17:20:00,90,18,14.3,1,2020
FL.PYT.06,5.0,2020-09-23 15:55:00,2020-09-23 18:35:00,165,33,28.8,1,2020
FL.BNA.03,5.0,2020-09-23 16:00:00,2020-09-23 16:35:00,40,8,7.2,1,2020
FL.DDG.07,5.0,2020-09-23 16:05:00,2020-09-23 17:35:00,95,19,19.9,1,2020
FL.PWT.02,5.0,2020-09-23 16:05:00,2020-09-23 16:35:00,35,7,14.8,1,2020
FL.PYT.01,5.0,2020-09-23 16:05:00,2020-09-23 17:20:00,80,16,9.3,1,2020
FL.RTW.04,5.0,2020-09-23 16:05:00,2020-09-23 16:50:00,50,10,6.8,1,2020
FL.BSU.01,5.0,2020-09-23 16:15:00,2020-09-23 17:40:00,90,18,12.2,1,2020
FL.DST.02,5.0,2020-09-23 16:15:00,2020-09-23 16:50:00,40,8,12.9,1,2020
FL.CTC.05,5.0,2020-09-23 16:25:00,2020-09-23 16:30:00,10,2,9.2,1,2020
FL.LSI.04,5.0,2020-09-23 16:25:00,2020-09-23 16:50:00,30,6,8.7,1,2020
FL.SPW.02,5.0,2020-09-23 23:10:00,2020-09-24 02:40:00,215,43,8.2,1,2020
FL.PPS.01,5.0,2020-09-27 19:45:00,2020-09-27 21:15:00,95,18,8.2,2,2020
FL.SPW.02,5.0,2020-09-27 19:50:00,2020-09-28 00:15:00,270,54,13.1,1,2020
FL.STN.02,5.0,2020-09-27 19:50:00,2020-09-27 21:25:00,100,20,28.2,1,2020
FL.STN.03,5.0,2020-09-27 19:50:00,2020-09-27 21:20:00,95,19,20.8,1,2020
FL.CTC.02,5.0,2020-09-27 20:25:00,2020-09-27 20:55:00,35,7,8.1,1,2020
FL.DDG.01,5.0,2020-09-27 20:25:00,2020-09-27 21:30:00,70,14,17.7,1,2020
FL.DDG.02,5.0,2020-09-27 20:40:00,2020-09-27 22:35:00,120,24,26.5,1,2020
FL.PTW.01,5.0,2020-09-27 20:45:00,2020-09-27 20:55:00,15,3,6.3,1,2020
FL.BKM.01,5.0,2020-09-27 20:50:00,2020-09-27 21:20:00,35,7,15.4,1,2020
FL.DDG.05,5.0,2020-09-27 20:50:00,2020-09-27 21:35:00,50,10,13.3,1,2020
FL.SLG.03,5.0,2020-09-27 20:50:00,2020-09-27 22:30:00,105,20,15.0,2,2020
FL.BBN.01,5.0,2020-09-27 20:55:00,2020-09-27 21:25:00,35,7,16.7,1,2020
FL.SLG.02,5.0,2020-09-27 21:00:00,2020-09-27 21:25:00,30,6,9.1,1,2020
FL.BNA.03,5.0,2020-09-27 21:05:00,2020-09-27 21:50:00,50,10,10.5,1,2020
FL.HKG.01,5.0,2020-09-27 21:05:00,2020-09-27 21:35:00,35,7,10.7,1,2020
FL.KTY.04,5.0,2020-09-27 21:10:00,2020-09-27 21:30:00,25,5,7.8,1,2020
FL.BNA.04,5.0,2020-09-27 21:30:00,2020-09-27 21:40:00,15,3,8.7,1,2020
FL.SPW.02,5.0,2020-09-28 19:20:00,2020-09-29 03:05:00,470,93,14.3,2,2020
FL.BNA.03,5.0,2020-09-28 21:00:00,2020-09-28 21:55:00,60,8,8.4,2,2020
FL.BBN.01,5.0,2020-09-28 21:10:00,2020-09-28 23:10:00,125,25,19.7,1,2020
FL.DST.01,5.0,2020-09-29 08:30:00,2020-09-29 08:35:00,10,2,5.1,1,2020
FL.DST.01,5.0,2020-09-29 10:25:00,2020-09-29 10:30:00,10,2,5.1,1,2020
FL.SPW.02,5.0,2020-09-29 12:05:00,2020-09-29 12:10:00,10,2,17.2,1,2020
FL.BNA.03,5.0,2020-09-29 20:40:00,2020-09-29 20:55:00,20,4,7.9,1,2020
FL.DST.01,5.0,2020-09-30 09:55:00,2020-09-30 10:35:00,45,9,5.8,1,2020
FL.DST.01,5.0,2020-10-01 07:30:00,2020-10-01 08:55:00,90,18,5.8,1,2020
FL.BKN.02,5.0,2020-10-01 21:35:00,2020-10-01 21:50:00,20,4,7.5,1,2020
FL.HKG.01,5.0,2020-10-01 22:00:00,2020-10-01 22:20:00,25,5,9.9,1,2020
FL.STN.02,5.0,2020-10-01 22:10:00,2020-10-01 22:15:00,10,2,9.0,1,2020
FL.STN.03,5.0,2020-10-01 22:10:00,2020-10-01 22:15:00,10,2,7.1,1,2020
FL.DST.01,5.0,2020-10-02 08:15:00,2020-10-02 09:10:00,60,12,5.7,1,2020
FL.BKN.01,5.0,2020-10-02 16:40:00,2020-10-02 16:50:00,15,3,11.5,1,2020
FL.CTC.02,5.0,2020-10-02 16:55:00,2020-10-02 17:35:00,45,9,8.2,1,2020
FL.CTC.07,5.0,2020-10-02 17:15:00,2020-10-02 18:45:00,95,19,23.6,1,2020
FL.CTC.03,5.0,2020-10-02 17:25:00,2020-10-02 17:45:00,25,5,19.3,1,2020
FL.LSI.04,5.0,2020-10-02 17:35:00,2020-10-02 17:45:00,15,3,8.5,1,2020
FL.CTC.01,5.0,2020-10-02 18:00:00,2020-10-02 19:20:00,85,17,15.7,1,2020
FL.BKN.01,5.0,2020-10-02 18:05:00,2020-10-02 19:00:00,60,12,19.9,1,2020
FL.DDG.01,5.0,2020-10-02 18:15:00,2020-10-02 18:55:00,45,9,14.3,1,2020
FL.PPS.01,5.0,2020-10-02 18:15:00,2020-10-02 18:35:00,25,5,7.9,1,2020
FL.SLG.03,5.0,2020-10-02 18:15:00,2020-10-02 20:45:00,155,31,25.4,1,2020
FL.STN.03,5.0,2020-10-02 18:15:00,2020-10-02 21:15:00,185,37,34.2,1,2020
FL.BKL.01,5.0,2020-10-02 18:20:00,2020-10-02 19:15:00,60,12,11.7,1,2020
FL.STN.02,5.0,2020-10-02 18:20:00,2020-10-02 21:20:00,185,37,37.3,1,2020
FL.BNA.03,5.0,2020-10-02 18:25:00,2020-10-02 18:55:00,35,7,10.0,1,2020
FL.DDG.02,5.0,2020-10-02 18:25:00,2020-10-02 19:55:00,95,19,19.4,1,2020
FL.PYT.06,5.0,2020-10-02 18:25:00,2020-10-02 19:10:00,50,10,11.1,1,2020
FL.RTW.10,5.0,2020-10-02 18:25:00,2020-10-02 18:55:00,35,7,14.7,1,2020
FL.DDG.05,5.0,2020-10-02 18:30:00,2020-10-02 19:25:00,60,12,10.4,1,2020
FL.DDG.07,5.0,2020-10-02 18:30:00,2020-10-02 19:15:00,50,10,11.8,1,2020
FL.HKG.01,5.0,2020-10-02 18:30:00,2020-10-02 23:50:00,325,50,12.1,3,2020
FL.PYT.01,5.0,2020-10-02 18:30:00,2020-10-02 18:55:00,30,6,9.0,1,2020
FL.PYT.03,5.0,2020-10-02 18:30:00,2020-10-02 18:45:00,20,4,6.2,1,2020
FL.STN.01,5.0,2020-10-02 18:30:00,2020-10-02 20:35:00,130,26,17.8,1,2020
FL.BRK.01,5.0,2020-10-02 18:35:00,2020-10-02 19:30:00,60,12,16.2,1,2020
FL.KTY.02,5.0,2020-10-02 18:35:00,2020-10-02 21:20:00,170,33,21.3,2,2020
FL.RTW.04,5.0,2020-10-02 18:35:00,2020-10-02 19:05:00,35,7,6.4,1,2020
FL.SLG.02,5.0,2020-10-02 18:35:00,2020-10-02 20:10:00,100,20,15.1,1,2020
FL.KTY.01,5.0,2020-10-02 18:40:00,2020-10-02 20:40:00,125,25,23.2,1,2020
FL.PTW.05,5.0,2020-10-02 18:40:00,2020-10-02 19:25:00,50,10,11.4,1,2020
FL.WTN.01,5.0,2020-10-02 18:40:00,2020-10-02 20:00:00,85,17,14.4,1,2020
FL.KTY.04,5.0,2020-10-02 18:55:00,2020-10-02 23:20:00,270,54,18.4,1,2020
FL.PWT.02,5.0,2020-10-02 19:00:00,2020-10-02 22:15:00,200,40,21.4,1,2020
FL.BKM.02,5.0,2020-10-02 19:15:00,2020-10-02 19:55:00,45,9,8.8,1,2020
FL.SLG.03,5.0,2020-10-03 00:25:00,2020-10-03 02:00:00,100,20,6.4,1,2020
FL.BKN.01,5.0,2020-10-03 12:00:00,2020-10-03 12:35:00,40,8,13.7,1,2020
FL.LSI.03,5.0,2020-10-03 12:20:00,2020-10-03 13:30:00,75,15,25.1,1,2020
FL.LSI.04,5.0,2020-10-03 12:25:00,2020-10-03 13:35:00,75,15,12.5,1,2020
FL.LSI.05,5.0,2020-10-03 12:40:00,2020-10-03 13:05:00,30,6,9.3,1,2020
FL.CTC.02,5.0,2020-10-03 13:05:00,2020-10-03 13:10:00,10,2,5.9,1,2020
FL.BNA.03,5.0,2020-10-03 23:45:00,2020-10-04 01:05:00,85,9,11.9,2,2020
FL.BBN.01,5.0,2020-10-03 23:50:00,2020-10-04 00:35:00,50,10,15.7,1,2020
FL.LSI.04,5.0,2020-10-04 00:15:00,2020-10-04 01:15:00,65,13,14.8,1,2020
FL.SLG.03,5.0,2020-10-04 00:20:00,2020-10-04 00:25:00,10,2,11.4,1,2020
FL.PWT.02,5.0,2020-10-04 00:50:00,2020-10-04 10:55:00,610,121,32.2,2,2020
FL.BNA.02,5.0,2020-10-04 01:15:00,2020-10-04 02:10:00,60,12,8.9,1,2020
FL.SLG.03,5.0,2020-10-04 15:55:00,2020-10-04 17:25:00,95,19,27.1,1,2020
FL.BNA.03,5.0,2020-10-05 01:45:00,2020-10-05 02:40:00,60,9,10.1,2,2020
FL.BNA.04,5.0,2020-10-05 02:10:00,2020-10-05 03:40:00,95,19,32.5,1,2020
FL.BNA.01,5.0,2020-10-05 02:25:00,2020-10-05 03:25:00,65,13,14.4,1,2020
FL.PWT.02,5.0,2020-10-05 02:25:00,2020-10-05 04:00:00,100,20,20.2,1,2020
FL.BKN.01,5.0,2020-10-06 15:30:00,2020-10-06 15:35:00,10,2,7.5,1,2020
FL.BBN.01,5.0,2020-10-06 15:40:00,2020-10-06 16:20:00,45,9,19.7,1,2020
FL.LSI.04,5.0,2020-10-09 01:55:00,2020-10-09 02:55:00,65,13,9.1,1,2020
FL.BBN.01,5.0,2020-10-12 21:10:00,2020-10-12 21:30:00,25,5,10.4,1,2020
FL.BBN.01,5.0,2020-10-16 02:05:00,2020-10-16 02:25:00,25,5,14.3,1,2020
FL.BKE.01,5.0,2020-10-16 13:10:00,2020-10-16 15:40:00,155,31,17.6,1,2020
FL.BBN.01,5.0,2020-10-16 14:40:00,2020-10-16 14:45:00,10,2,7.7,1,2020
FL.BNA.03,5.0,2020-10-16 19:00:00,2020-10-16 19:15:00,20,4,10.5,1,2020
FL.LSI.03,5.0,2020-10-18 01:40:00,2020-10-18 02:25:00,50,10,13.7,1,2020
FL.LSI.04,5.0,2020-10-18 01:50:00,2020-10-18 05:30:00,225,37,14.4,3,2020
FL.BKA.01,5.0,2020-10-21 13:00:00,2020-10-21 21:00:00,485,70,9.5,16,2020
FL.BKA.01,5.0,2020-10-21 22:20:00,2020-10-22 00:10:00,115,8,6.7,4,2020
FL.BKA.01,5.0,2020-10-22 01:25:00,2020-10-22 03:00:00,100,18,9.1,3,2020
FL.BKA.01,5.0,2020-10-22 04:10:00,2020-10-22 07:50:00,225,28,8.9,6,2020
FL.BKA.01,5.0,2020-10-22 09:25:00,2020-10-22 12:00:00,160,24,9.1,6,2020
FL.BNA.03,5.0,2020-10-31 15:00:00,2020-10-31 15:40:00,45,9,14.0,1,2020
FL.PWT.02,5.0,2020-10-31 15:00:00,2020-10-31 17:40:00,165,33,21.9,1,2020
FL.SLG.03,5.0,2020-10-31 15:20:00,2020-10-31 16:00:00,45,9,19.6,1,2020
FL.HKG.01,5.0,2020-10-31 15:30:00,2020-10-31 15:55:00,30,6,10.3,1,2020
FL.CTC.02,5.0,2020-10-31 15:35:00,2020-10-31 15:40:00,10,2,5.9,1,2020
FL.DDG.01,5.0,2020-10-31 15:35:00,2020-10-31 15:40:00,10,2,12.7,1,2020
FL.DDG.02,5.0,2020-10-31 15:35:00,2020-10-31 15:50:00,20,4,8.2,1,2020
FL.BNA.01,5.0,2020-10-31 16:35:00,2020-10-31 16:40:00,10,2,8.9,1,2020
FL.CTC.04,5.0,2020-11-04 10:10:00,2020-11-04 10:15:00,10,2,8.0,1,2020
FL.STN.02,5.0,2020-11-21 11:15:00,2020-11-21 15:00:00,230,46,38.2,1,2020
FL.STN.03,5.0,2020-11-21 11:15:00,2020-11-21 14:55:00,225,45,36.8,1,2020
FL.BBN.01,5.0,2020-11-21 11:20:00,2020-11-21 12:30:00,75,15,15.9,1,2020
FL.BRK.01,5.0,2020-11-21 11:40:00,2020-11-21 13:35:00,120,22,24.8,2,2020
FL.BNA.03,5.0,2020-11-21 12:00:00,2020-11-21 12:05:00,10,2,5.2,1,2020
FL.STN.01,5.0,2020-11-21 12:15:00,2020-11-21 14:10:00,120,23,23.9,2,2020
FL.SLG.03,5.0,2020-11-21 12:25:00,2020-11-21 13:45:00,85,17,26.4,1,2020
FL.PTW.05,5.0,2020-11-21 12:30:00,2020-11-21 13:20:00,55,11,14.7,1,2020
FL.HKG.01,5.0,2020-11-21 12:35:00,2020-11-21 14:45:00,135,27,22.5,1,2020
FL.DDG.05,5.0,2020-11-21 12:45:00,2020-11-21 14:00:00,80,16,15.4,1,2020
FL.SLG.02,5.0,2020-11-21 12:45:00,2020-11-21 13:15:00,35,7,7.9,1,2020
FL.STN.02,5.0,2020-11-23 17:25:00,2020-11-23 18:00:00,40,8,19.8,1,2020
FL.STN.03,5.0,2020-11-23 17:25:00,2020-11-23 17:50:00,30,6,12.7,1,2020
FL.BKL.01,5.0,2020-12-14 13:25:00,2020-12-14 13:30:00,10,2,7.7,1,2020
FL.RTW.01,5.0,2021-01-19 11:10:00,2021-01-19 11:35:00,30,6,8.8,1,2021
FL.STN.02,5.0,2021-02-09 12:30:00,2021-02-09 16:10:00,225,45,44.9,1,2021
FL.BKL.01,5.0,2021-02-09 12:35:00,2021-02-09 13:35:00,65,13,16.0,1,2021
FL.SLG.03,5.0,2021-02-09 12:45:00,2021-02-09 14:05:00,85,17,24.5,1,2021
FL.KTY.05,5.0,2021-02-09 13:05:00,2021-02-09 14:05:00,65,13,12.0,1,2021
FL.PTW.04,5.0,2021-02-09 13:05:00,2021-02-09 13:20:00,20,4,7.7,1,2021
FL.KTY.02,5.0,2021-02-09 13:15:00,2021-02-09 14:10:00,60,11,11.9,2,2021
FL.RTW.01,5.0,2021-02-09 13:25:00,2021-02-09 13:35:00,15,3,7.3,1,2021
FL.DDG.02,5.0,2021-02-09 13:35:00,2021-02-09 14:00:00,30,6,11.7,1,2021
FL.DDG.05,5.0,2021-02-09 13:35:00,2021-02-09 13:45:00,15,3,6.7,1,2021
FL.DDG.01,5.0,2021-02-09 13:40:00,2021-02-09 13:45:00,10,2,9.0,1,2021
FL.PWT.02,5.0,2021-02-10 01:25:00,2021-02-10 04:20:00,180,36,26.6,1,2021
FL.CTC.02,5.0,2021-02-10 10:55:00,2021-02-10 11:05:00,15,3,18.2,1,2021
FL.SPW.02,5.0,2021-02-11 04:00:00,2021-02-11 05:15:00,80,16,8.5,1,2021
FL.CTC.06,5.0,2021-02-14 12:30:00,2021-02-14 13:50:00,85,9,5.1,3,2021
FL.LSI.02,5.0,2021-02-14 12:30:00,2021-02-14 13:50:00,85,9,5.1,3,2021
FL.CTC.06,5.0,2021-02-15 13:05:00,2021-02-15 13:10:00,10,2,5.0,1,2021
FL.LSI.02,5.0,2021-02-15 13:05:00,2021-02-15 13:10:00,10,2,5.0,1,2021
FL.CTC.06,5.0,2021-02-15 14:55:00,2021-02-15 15:05:00,15,3,5.1,1,2021
FL.CTC.06,5.0,2021-02-16 12:00:00,2021-02-16 13:50:00,115,18,5.2,2,2021
FL.DST.05,5.0,2021-02-16 12:20:00,2021-02-16 12:25:00,10,2,14.6,1,2021
FL.CTC.06,5.0,2021-02-17 11:55:00,2021-02-17 14:05:00,135,22,5.2,3,2021
FL.DDG.08,5.0,2021-02-17 13:30:00,2021-02-17 13:35:00,10,2,15.5,1,2021
FL.DDG.07,5.0,2021-02-17 16:35:00,2021-02-17 16:40:00,10,2,14.2,1,2021
FL.SLG.02,5.0,2021-02-19 16:10:00,2021-02-19 16:25:00,20,4,13.5,1,2021
FL.CTC.06,5.0,2021-02-22 12:00:00,2021-02-22 16:05:00,250,44,5.3,4,2021
FL.LSI.02,5.0,2021-02-22 12:00:00,2021-02-22 16:05:00,250,44,5.3,4,2021
FL.CTC.06,5.0,2021-02-23 10:35:00,2021-02-23 15:45:00,315,63,5.7,1,2021
FL.LSI.02,5.0,2021-02-23 10:35:00,2021-02-23 15:45:00,315,63,5.7,1,2021
FL.KTY.05,5.0,2021-02-23 11:55:00,2021-02-23 12:00:00,10,2,13.6,1,2021
FL.KTY.01,5.0,2021-02-23 13:25:00,2021-02-23 13:30:00,10,2,16.1,1,2021
FL.CTC.06,5.0,2021-02-24 10:25:00,2021-02-24 12:45:00,145,29,5.5,1,2021
FL.CTC.06,5.0,2021-02-25 10:20:00,2021-02-25 12:35:00,140,24,6.3,2,2021
FL.BNA.01,5.0,2021-02-27 11:15:00,2021-02-27 11:35:00,25,5,15.1,1,2021
FL.PYT.01,5.0,2021-03-02 11:50:00,2021-03-02 11:55:00,10,2,12.0,1,2021
FL.PYT.02,5.0,2021-03-02 12:20:00,2021-03-02 12:25:00,10,2,9.9,1,2021
FL.KTY.01,5.0,2021-03-05 12:25:00,2021-03-05 12:30:00,10,2,11.4,1,2021
FL.SPW.02,5.0,2021-03-06 12:25:00,2021-03-06 12:35:00,15,3,10.1,1,2021
FL.PPS.01,5.0,2021-03-06 14:45:00,2021-03-06 14:50:00,10,2,5.5,1,2021
FL.KTY.04,5.0,2021-03-08 13:10:00,2021-03-08 13:20:00,15,3,17.8,1,2021
FL.BNA.02,5.0,2021-03-08 15:00:00,2021-03-08 15:05:00,10,2,10.8,1,2021
FL.STN.02,5.0,2021-03-09 12:35:00,2021-03-09 12:40:00,10,2,10.8,1,2021
FL.PTW.02,5.0,2021-03-09 13:40:00,2021-03-09 13:50:00,15,3,11.4,1,2021
FL.PTW.01,5.0,2021-03-09 14:15:00,2021-03-09 14:35:00,25,5,12.3,1,2021
FL.BKP.02,5.0,2021-03-09 14:30:00,2021-03-09 15:10:00,45,9,7.7,1,2021
FL.SLG.03,5.0,2021-03-09 14:30:00,2021-03-09 15:10:00,45,9,16.0,1,2021
FL.PTW.01,5.0,2021-03-10 15:45:00,2021-03-10 16:15:00,35,7,11.4,1,2021
FL.DST.02,5.0,2021-03-12 10:35:00,2021-03-12 10:45:00,15,3,11.0,1,2021
FL.DST.07,5.0,2021-03-13 00:40:00,2021-03-13 00:45:00,10,2,11.6,1,2021
FL.CTC.05,5.0,2021-03-16 10:50:00,2021-03-16 10:55:00,10,2,5.9,1,2021
FL.WTL.02,5.0,2021-03-16 10:50:00,2021-03-16 10:55:00,10,2,5.9,1,2021
FL.BKE.02,5.0,2021-03-17 11:20:00,2021-03-17 11:30:00,15,3,11.5,1,2021
FL.KTY.03,5.0,2021-03-17 11:55:00,2021-03-17 12:00:00,10,2,12.9,1,2021
FL.KSN.01,5.0,2021-03-22 11:20:00,2021-03-22 11:25:00,10,2,8.8,1,2021
FL.SMI.01,5.0,2021-03-24 13:05:00,2021-03-24 13:20:00,20,4,13.3,1,2021
FL.BKM.01,5.0,2021-03-26 15:35:00,2021-03-29 10:05:00,3995,798,11.5,2,2021
FL.CTC.07,5.0,2021-03-29 12:15:00,2021-03-29 12:25:00,15,3,8.3,1,2021
FL.PYT.05,5.0,2021-04-02 12:05:00,2021-04-02 12:10:00,10,2,10.3,1,2021
FL.LSI.04,5.0,2021-04-04 13:25:00,2021-04-04 13:35:00,15,3,6.9,1,2021
FL.PWT.02,5.0,2021-04-08 12:10:00,2021-04-08 12:45:00,40,8,15.3,1,2021
FL.PWT.02,5.0,2021-04-12 12:20:00,2021-04-12 12:40:00,25,5,9.6,1,2021
FL.HKG.01,5.0,2021-04-12 12:40:00,2021-04-12 13:10:00,35,7,7.6,1,2021
FL.RTW.01,5.0,2021-04-12 12:50:00,2021-04-12 13:45:00,60,12,24.9,1,2021
FL.RTW.10,5.0,2021-04-12 12:55:00,2021-04-12 13:30:00,40,8,24.0,1,2021
FL.STN.02,5.0,2021-04-15 11:05:00,2021-04-15 11:25:00,25,5,8.6,1,2021
FL.PTW.02,5.0,2021-04-15 12:15:00,2021-04-15 12:30:00,20,4,7.9,1,2021
FL.BKP.02,5.0,2021-04-15 15:10:00,2021-04-15 16:45:00,100,20,15.1,1,2021
FL.SLG.03,5.0,2021-04-18 07:35:00,2021-04-18 08:15:00,45,9,15.0,1,2021
FL.BNA.03,5.0,2021-04-21 13:05:00,2021-04-21 13:20:00,20,4,7.1,1,2021
FL.BBN.02,5.0,2021-04-21 13:45:00,2021-04-21 13:55:00,15,3,6.4,1,2021
FL.WTL.03,5.0,2021-04-23 10:30:00,2021-04-23 10:45:00,20,4,6.8,1,2021
FL.SLG.03,5.0,2021-04-23 10:40:00,2021-04-23 10:50:00,15,3,8.6,1,2021
FL.PWT.02,5.0,2021-04-23 14:45:00,2021-04-23 14:50:00,10,2,8.6,1,2021
FL.BBN.02,5.0,2021-04-23 23:35:00,2021-04-24 01:35:00,125,25,12.0,1,2021
FL.BKP.02,5.0,2021-04-25 05:40:00,2021-04-25 07:55:00,140,28,18.1,1,2021
FL.PWT.02,5.0,2021-04-25 06:15:00,2021-04-25 07:20:00,70,14,19.3,1,2021
FL.BNA.03,5.0,2021-04-25 06:45:00,2021-04-25 07:00:00,20,4,5.9,1,2021
FL.RTW.01,5.0,2021-04-26 22:50:00,2021-04-26 23:20:00,35,7,13.4,1,2021
FL.RTW.10,5.0,2021-04-26 22:55:00,2021-04-26 23:00:00,10,2,7.2,1,2021
FL.BNA.03,5.0,2021-04-26 23:40:00,2021-04-27 00:30:00,55,11,7.7,1,2021
FL.SMI.01,5.0,2021-04-27 12:25:00,2021-04-27 13:45:00,85,17,14.3,1,2021
FL.PTW.04,5.0,2021-04-27 13:30:00,2021-04-27 14:10:00,45,9,11.2,1,2021
FL.BKP.02,5.0,2021-04-27 13:35:00,2021-04-27 14:20:00,50,10,12.7,1,2021
FL.DDG.01,5.0,2021-04-27 13:35:00,2021-04-27 14:35:00,65,13,20.6,1,2021
FL.HKG.01,5.0,2021-04-27 13:35:00,2021-04-27 15:20:00,110,22,19.6,1,2021
FL.STN.04,5.0,2021-04-27 13:40:00,2021-04-27 15:10:00,95,19,28.5,1,2021
FL.BNA.03,5.0,2021-04-27 13:45:00,2021-04-27 13:50:00,10,2,5.2,1,2021
FL.DDG.02,5.0,2021-04-27 13:45:00,2021-04-27 15:30:00,110,22,20.8,1,2021
FL.KTY.02,5.0,2021-04-27 13:45:00,2021-04-27 14:55:00,75,15,12.2,1,2021
FL.WTN.01,5.0,2021-04-27 13:45:00,2021-04-27 14:20:00,40,8,9.2,1,2021
FL.WTN.02,5.0,2021-04-27 13:45:00,2021-04-27 15:10:00,90,18,21.0,1,2021
FL.DDG.06,5.0,2021-04-27 13:50:00,2021-04-27 14:55:00,70,14,15.3,1,2021
FL.KTY.03,5.0,2021-04-27 13:50:00,2021-04-27 14:40:00,55,11,11.6,1,2021
FL.KTY.05,5.0,2021-04-27 13:50:00,2021-04-27 14:35:00,50,10,10.8,1,2021
FL.KTY.01,5.0,2021-04-27 14:05:00,2021-04-27 14:15:00,15,3,10.1,1,2021
FL.DDG.05,5.0,2021-04-27 14:10:00,2021-04-27 14:30:00,25,5,7.3,1,2021
FL.BNA.03,5.0,2021-04-27 14:55:00,2021-04-27 15:10:00,20,4,6.9,1,2021
FL.BKM.02,5.0,2021-04-28 10:50:00,2021-04-28 10:55:00,10,2,6.5,1,2021
FL.CTC.07,5.0,2021-04-29 11:20:00,2021-04-29 11:30:00,15,3,9.6,1,2021
FL.CTC.03,5.0,2021-04-29 11:55:00,2021-04-29 12:00:00,10,2,7.4,1,2021
FL.BNA.03,5.0,2021-04-30 14:10:00,2021-04-30 14:40:00,35,7,7.7,1,2021
FL.PWT.02,5.0,2021-04-30 14:40:00,2021-04-30 14:45:00,10,2,6.1,1,2021
FL.WTN.01,5.0,2021-05-03 11:25:00,2021-05-03 11:35:00,15,3,6.8,1,2021
FL.BNA.03,5.0,2021-05-03 13:15:00,2021-05-03 14:05:00,55,11,8.7,1,2021
FL.STN.02,5.0,2021-05-03 13:50:00,2021-05-03 14:40:00,55,11,23.6,1,2021
FL.STN.03,5.0,2021-05-03 13:50:00,2021-05-03 14:40:00,55,11,18.9,1,2021
FL.CTC.02,5.0,2021-05-03 13:55:00,2021-05-03 14:45:00,55,11,13.8,1,2021
FL.STN.01,5.0,2021-05-03 13:55:00,2021-05-03 14:45:00,55,11,13.8,1,2021
FL.STN.04,5.0,2021-05-03 13:55:00,2021-05-03 14:20:00,30,6,11.1,1,2021
FL.BBN.01,5.0,2021-05-03 14:00:00,2021-05-03 14:15:00,20,4,7.9,1,2021
FL.BBN.02,5.0,2021-05-03 14:00:00,2021-05-03 14:40:00,45,9,11.2,1,2021
FL.JTG.01,5.0,2021-05-03 14:05:00,2021-05-03 14:25:00,25,5,10.6,1,2021
FL.DDG.01,5.0,2021-05-03 14:20:00,2021-05-03 14:25:00,10,2,10.4,1,2021
FL.KTY.04,5.0,2021-05-06 00:20:00,2021-05-06 02:40:00,145,29,15.5,1,2021
FL.KTY.04,5.0,2021-05-06 21:35:00,2021-05-06 21:40:00,10,2,9.1,1,2021
FL.KTY.04,5.0,2021-05-06 22:50:00,2021-05-06 23:45:00,60,4,14.8,2,2021
FL.BNA.03,5.0,2021-05-09 17:45:00,2021-05-09 17:50:00,10,2,5.0,1,2021
FL.BKM.01,5.0,2021-05-12 12:55:00,2021-05-12 13:40:00,50,10,14.7,1,2021
FL.CTC.02,5.0,2021-05-14 10:25:00,2021-05-14 10:35:00,15,3,7.0,1,2021
FL.WTL.02,5.0,2021-05-18 14:35:00,2021-05-18 14:45:00,15,3,8.1,1,2021
FL.DDG.01,5.0,2021-05-19 18:00:00,2021-05-19 19:45:00,110,22,20.9,1,2021
FL.DDG.02,5.0,2021-05-19 18:15:00,2021-05-19 21:05:00,175,35,26.3,1,2021
FL.DDG.06,5.0,2021-05-19 18:15:00,2021-05-19 21:15:00,185,37,28.3,1,2021
FL.SLG.03,5.0,2021-05-19 18:25:00,2021-05-19 22:35:00,255,51,30.7,1,2021
FL.BKP.02,5.0,2021-05-19 18:40:00,2021-05-19 21:45:00,190,38,32.6,1,2021
FL.RTW.01,5.0,2021-05-19 18:45:00,2021-05-19 20:25:00,105,21,29.0,1,2021
FL.SPW.01,5.0,2021-05-19 18:45:00,2021-05-19 19:35:00,55,11,13.8,1,2021
FL.SPW.02,5.0,2021-05-19 18:45:00,2021-05-19 19:40:00,60,12,11.7,1,2021
FL.BNA.03,5.0,2021-05-19 18:50:00,2021-05-19 21:45:00,180,36,47.1,1,2021
FL.DST.06,5.0,2021-05-19 18:50:00,2021-05-19 19:20:00,35,7,9.8,1,2021
FL.PPS.01,5.0,2021-05-19 18:50:00,2021-05-19 19:35:00,50,10,14.9,1,2021
FL.PTW.01,5.0,2021-05-19 18:50:00,2021-05-19 20:20:00,95,19,21.9,1,2021
FL.PTW.04,5.0,2021-05-19 18:50:00,2021-05-19 19:45:00,60,12,10.3,1,2021
FL.RTW.05,5.0,2021-05-19 18:50:00,2021-05-19 20:05:00,80,16,17.1,1,2021
FL.RTW.10,5.0,2021-05-19 18:50:00,2021-05-19 20:05:00,80,16,26.5,1,2021
FL.STN.04,5.0,2021-05-19 19:00:00,2021-05-19 20:25:00,90,18,24.2,1,2021
FL.PTW.02,5.0,2021-05-19 19:05:00,2021-05-19 19:50:00,50,10,11.1,1,2021
FL.PWT.02,5.0,2021-05-19 19:05:00,2021-05-20 02:45:00,465,93,24.1,1,2021
FL.SLG.02,5.0,2021-05-19 19:10:00,2021-05-19 21:20:00,135,27,17.5,1,2021
FL.DDG.08,5.0,2021-05-19 19:15:00,2021-05-19 20:10:00,60,12,10.6,1,2021
FL.KTY.05,5.0,2021-05-19 19:15:00,2021-05-19 20:15:00,65,13,13.0,1,2021
FL.PYT.01,5.0,2021-05-19 19:15:00,2021-05-19 19:40:00,30,6,8.5,1,2021
FL.DDG.05,5.0,2021-05-19 19:20:00,2021-05-19 20:05:00,50,10,10.6,1,2021
FL.KTY.04,5.0,2021-05-19 19:20:00,2021-05-19 20:50:00,95,18,13.5,2,2021
FL.BNA.02,5.0,2021-05-19 19:25:00,2021-05-19 21:45:00,145,29,19.1,1,2021
FL.KTY.02,5.0,2021-05-19 19:25:00,2021-05-19 20:10:00,50,10,9.0,1,2021
FL.KTY.01,5.0,2021-05-19 19:30:00,2021-05-19 19:50:00,25,5,8.0,1,2021
FL.KTY.03,5.0,2021-05-19 19:30:00,2021-05-19 20:25:00,60,8,10.1,3,2021
FL.RTW.06,5.0,2021-05-19 19:45:00,2021-05-19 19:50:00,10,2,8.9,1,2021
FL.DDG.01,5.0,2021-05-19 20:50:00,2021-05-19 21:10:00,25,5,8.1,1,2021
FL.DDG.07,5.0,2021-05-19 20:50:00,2021-05-19 22:05:00,80,16,27.4,1,2021
FL.RTW.02,5.0,2021-05-20 11:40:00,2021-05-20 11:50:00,15,3,12.4,1,2021
FL.BSU.01,5.0,2021-05-20 12:50:00,2021-05-20 12:55:00,10,2,7.1,1,2021
FL.BSU.01,5.0,2021-05-23 14:00:00,2021-05-23 14:05:00,10,2,5.2,1,2021
FL.DDG.02,5.0,2021-05-25 13:10:00,2021-05-25 13:55:00,50,9,10.0,2,2021
FL.BSU.01,5.0,2021-05-25 14:05:00,2021-05-25 14:20:00,20,4,6.2,1,2021
FL.RTW.01,5.0,2021-05-29 00:05:00,2021-05-29 01:10:00,70,14,19.2,1,2021
FL.RTW.04,5.0,2021-05-29 00:05:00,2021-05-29 01:40:00,100,20,9.8,1,2021
FL.PYT.02,5.0,2021-05-29 00:20:00,2021-05-29 01:00:00,45,9,9.9,1,2021
FL.RTW.05,5.0,2021-05-29 00:20:00,2021-05-29 01:05:00,50,10,9.2,1,2021
FL.RTW.10,5.0,2021-05-29 00:20:00,2021-05-29 00:35:00,20,4,8.0,1,2021
FL.PYT.01,5.0,2021-05-29 00:30:00,2021-05-29 00:55:00,30,5,8.1,2,2021
FL.STN.04,5.0,2021-05-29 00:55:00,2021-05-29 01:15:00,25,5,9.2,1,2021
FL.BKP.02,5.0,2021-06-05 02:25:00,2021-06-05 02:55:00,35,7,11.5,1,2021
FL.BBN.01,5.0,2021-06-13 17:35:00,2021-06-13 18:25:00,55,11,15.0,1,2021
FL.BNA.03,5.0,2021-06-13 18:00:00,2021-06-13 18:10:00,15,3,6.4,1,2021
FL.BNA.03,5.0,2021-06-19 21:25:00,2021-06-19 21:35:00,15,3,7.0,1,2021
FL.BBN.01,5.0,2021-06-20 19:25:00,2021-06-20 20:25:00,65,9,9.8,2,2021
FL.BNA.03,5.0,2021-06-20 19:40:00,2021-06-20 20:15:00,40,8,5.9,1,2021
FL.JTG.01,5.0,2021-06-27 23:35:00,2021-06-28 00:10:00,40,8,10.3,1,2021
FL.KTY.04,5.0,2021-06-28 10:45:00,2021-06-28 10:50:00,10,2,7.3,1,2021
FL.KTY.05,5.0,2021-06-28 11:10:00,2021-06-28 11:30:00,25,5,7.9,1,2021
FL.BBN.01,5.0,2021-06-28 17:15:00,2021-06-28 17:35:00,25,5,8.4,1,2021
FL.BNA.03,5.0,2021-06-28 17:25:00,2021-06-28 17:55:00,35,7,10.2,1,2021
FL.PWT.02,5.0,2021-06-28 17:40:00,2021-06-28 19:15:00,100,20,19.5,1,2021
FL.BKP.02,5.0,2021-06-28 17:45:00,2021-06-28 18:00:00,20,4,6.5,1,2021
FL.BKN.02,5.0,2021-06-29 18:10:00,2021-06-29 18:15:00,10,2,5.8,1,2021
FL.DDG.02,5.0,2021-07-01 22:05:00,2021-07-02 01:00:00,180,36,32.5,1,2021
FL.DDG.06,5.0,2021-07-01 22:05:00,2021-07-02 02:20:00,260,52,47.6,1,2021
FL.BKE.01,5.0,2021-07-01 22:10:00,2021-07-01 23:20:00,75,15,17.1,1,2021
FL.BKN.01,5.0,2021-07-01 22:10:00,2021-07-02 00:00:00,115,23,21.6,1,2021
FL.DDG.01,5.0,2021-07-01 22:15:00,2021-07-01 23:35:00,85,17,25.5,1,2021
FL.CTC.02,5.0,2021-07-01 22:20:00,2021-07-01 23:30:00,75,15,20.9,1,2021
FL.PYT.02,5.0,2021-07-01 22:20:00,2021-07-01 23:50:00,95,13,24.1,2,2021
FL.PYT.04,5.0,2021-07-01 22:25:00,2021-07-01 23:35:00,75,15,16.1,1,2021
FL.PYT.05,5.0,2021-07-01 22:25:00,2021-07-01 23:25:00,65,13,18.0,1,2021
FL.DST.07,5.0,2021-07-01 22:30:00,2021-07-01 22:45:00,20,4,8.6,1,2021
FL.BSU.01,5.0,2021-07-01 22:35:00,2021-07-02 00:10:00,100,20,11.6,1,2021
FL.PYT.06,5.0,2021-07-01 22:35:00,2021-07-01 23:40:00,70,14,20.1,1,2021
FL.BKN.02,5.0,2021-07-01 22:40:00,2021-07-01 23:05:00,30,6,9.9,1,2021
FL.CTC.01,5.0,2021-07-01 22:40:00,2021-07-02 00:40:00,125,25,26.2,1,2021
FL.CTC.07,5.0,2021-07-01 22:45:00,2021-07-01 23:45:00,65,13,20.5,1,2021
FL.BNA.03,5.0,2021-07-01 22:55:00,2021-07-01 23:20:00,30,6,8.3,1,2021
FL.DDG.07,5.0,2021-07-01 23:00:00,2021-07-01 23:10:00,15,3,6.9,1,2021
FL.PWT.02,5.0,2021-07-01 23:00:00,2021-07-02 00:00:00,65,13,20.7,1,2021
FL.BKN.01,5.0,2021-07-02 17:45:00,2021-07-02 18:05:00,25,5,8.9,1,2021
FL.DDG.01,5.0,2021-07-02 17:50:00,2021-07-02 18:05:00,20,4,11.9,1,2021
FL.RTW.09,5.0,2021-07-02 17:50:00,2021-07-02 18:15:00,30,6,9.9,1,2021
FL.RTW.01,5.0,2021-07-02 17:55:00,2021-07-02 18:10:00,20,4,10.5,1,2021
FL.BKP.02,5.0,2021-07-02 18:00:00,2021-07-02 19:55:00,120,24,21.0,1,2021
FL.PTW.04,5.0,2021-07-09 12:25:00,2021-07-09 12:30:00,10,2,10.5,1,2021
FL.PWT.02,5.0,2021-07-09 12:40:00,2021-07-09 13:50:00,75,15,12.7,1,2021
FL.DDG.01,5.0,2021-07-09 13:20:00,2021-07-09 13:25:00,10,2,5.0,1,2021
FL.CTC.06,5.0,2021-07-09 13:25:00,2021-07-09 13:30:00,10,2,5.3,1,2021
FL.LSI.04,5.0,2021-07-09 14:35:00,2021-07-09 14:40:00,10,2,5.4,1,2021
FL.PWT.02,5.0,2021-07-09 20:15:00,2021-07-09 20:20:00,10,2,5.9,1,2021
FL.CTC.06,5.0,2021-07-10 14:00:00,2021-07-10 14:05:00,10,2,5.3,1,2021
FL.PWT.02,5.0,2021-07-10 21:15:00,2021-07-11 10:25:00,795,141,25.9,4,2021
FL.DDG.01,5.0,2021-07-10 23:05:00,2021-07-10 23:15:00,15,3,5.1,1,2021
FL.RTW.09,5.0,2021-07-10 23:05:00,2021-07-11 00:00:00,60,12,14.0,1,2021
FL.RTW.01,5.0,2021-07-10 23:15:00,2021-07-11 00:10:00,60,12,18.3,1,2021
FL.RTW.08,5.0,2021-07-10 23:20:00,2021-07-10 23:40:00,25,5,12.1,1,2021
FL.BNA.04,5.0,2021-07-10 23:25:00,2021-07-11 00:15:00,55,8,8.3,2,2021
FL.RTW.10,5.0,2021-07-10 23:25:00,2021-07-10 23:40:00,20,4,11.8,1,2021
FL.RTW.04,5.0,2021-07-10 23:30:00,2021-07-10 23:50:00,25,5,6.6,1,2021
FL.CTC.06,5.0,2021-07-10 23:35:00,2021-07-10 23:40:00,10,2,5.2,1,2021
FL.CTC.02,5.0,2021-07-10 23:40:00,2021-07-10 23:45:00,10,2,5.4,1,2021
FL.WTN.01,5.0,2021-07-10 23:45:00,2021-07-11 00:10:00,30,6,6.0,1,2021
FL.SLG.03,5.0,2021-07-11 00:10:00,2021-07-11 00:15:00,10,2,6.0,1,2021
FL.BNA.04,5.0,2021-07-11 01:45:00,2021-07-11 03:00:00,80,12,10.7,2,2021
FL.DDG.01,5.0,2021-07-12 04:20:00,2021-07-12 04:55:00,40,7,5.2,2,2021
FL.DDG.02,5.0,2021-07-12 04:30:00,2021-07-12 04:50:00,25,5,8.5,1,2021
FL.DDG.06,5.0,2021-07-12 04:35:00,2021-07-12 04:55:00,25,5,11.9,1,2021
FL.CTC.02,5.0,2021-07-12 04:45:00,2021-07-12 04:55:00,15,3,6.7,1,2021
FL.BKE.01,5.0,2021-07-13 10:00:00,2021-07-13 12:40:00,165,33,10.3,1,2021
FL.RTW.08,5.0,2021-07-13 17:00:00,2021-07-13 17:10:00,15,3,10.2,1,2021
FL.DDG.01,5.0,2021-07-13 17:05:00,2021-07-13 18:45:00,105,20,27.5,2,2021
FL.RTW.01,5.0,2021-07-13 17:10:00,2021-07-13 17:20:00,15,3,6.6,1,2021
FL.CTC.02,5.0,2021-07-13 17:30:00,2021-07-13 17:50:00,25,5,7.9,1,2021
FL.DDG.02,5.0,2021-07-13 17:30:00,2021-07-13 19:00:00,95,19,19.4,1,2021
FL.DDG.06,5.0,2021-07-13 17:30:00,2021-07-13 19:05:00,100,19,17.1,2,2021
FL.BKP.02,5.0,2021-07-13 17:35:00,2021-07-13 19:15:00,105,21,19.5,1,2021
FL.DDG.08,5.0,2021-07-13 17:45:00,2021-07-13 17:50:00,10,2,9.3,1,2021
FL.BKM.01,5.0,2021-07-13 18:00:00,2021-07-13 18:05:00,10,2,7.2,1,2021
FL.DDG.07,5.0,2021-07-13 18:00:00,2021-07-13 19:15:00,80,16,15.9,1,2021
FL.CTC.01,5.0,2021-07-13 18:10:00,2021-07-13 18:55:00,50,10,11.2,1,2021
FL.BBN.01,5.0,2021-07-14 08:25:00,2021-07-14 10:20:00,120,24,21.0,1,2021
FL.BBN.02,5.0,2021-07-14 08:25:00,2021-07-14 10:20:00,120,24,24.2,1,2021
FL.JTG.01,5.0,2021-07-14 08:30:00,2021-07-14 10:00:00,95,19,18.6,1,2021
FL.DDG.01,5.0,2021-07-17 16:25:00,2021-07-17 16:30:00,10,2,5.3,1,2021
FL.BKM.02,5.0,2021-07-17 16:45:00,2021-07-17 16:50:00,10,2,6.0,1,2021
FL.BKM.02,5.0,2021-07-17 18:20:00,2021-07-17 19:05:00,50,10,9.2,1,2021
FL.DDG.01,5.0,2021-07-17 18:20:00,2021-07-17 18:35:00,20,4,5.2,1,2021
FL.BKP.02,5.0,2021-07-17 18:35:00,2021-07-17 19:25:00,55,11,13.8,1,2021
FL.PWT.02,5.0,2021-07-17 18:45:00,2021-07-17 18:50:00,10,2,5.7,1,2021
FL.DDG.01,5.0,2021-07-17 22:00:00,2021-07-17 22:05:00,10,2,5.0,1,2021
FL.DDG.01,5.0,2021-07-22 05:20:00,2021-07-22 05:30:00,15,3,5.0,1,2021
FL.CTC.06,5.0,2021-07-24 14:40:00,2021-07-24 14:50:00,15,3,5.4,1,2021
FL.CTC.06,5.0,2021-07-25 14:35:00,2021-07-25 15:00:00,30,6,5.3,1,2021
FL.DDG.01,5.0,2021-07-25 17:15:00,2021-07-25 17:30:00,20,4,5.1,1,2021
FL.CTC.06,5.0,2021-07-26 16:50:00,2021-07-26 17:10:00,25,5,5.8,1,2021
FL.DDG.01,5.0,2021-07-26 16:50:00,2021-07-26 17:00:00,15,3,5.2,1,2021
FL.DDG.01,5.0,2021-07-28 13:15:00,2021-07-28 14:20:00,70,6,5.4,2,2021
FL.BBN.01,5.0,2021-07-28 13:50:00,2021-07-28 14:10:00,25,5,15.9,1,2021
FL.BNA.03,5.0,2021-07-28 14:15:00,2021-07-28 15:45:00,95,13,12.2,2,2021
FL.LSI.06,5.0,2021-07-28 14:15:00,2021-07-28 14:20:00,10,2,5.2,1,2021
FL.CTC.06,5.0,2021-07-28 14:20:00,2021-07-28 14:40:00,25,5,7.3,1,2021
FL.BKM.02,5.0,2021-07-28 14:30:00,2021-07-28 14:35:00,10,2,5.7,1,2021
FL.LSI.04,5.0,2021-07-28 14:30:00,2021-07-28 14:40:00,15,3,10.2,1,2021
FL.PWT.02,5.0,2021-07-28 14:30:00,2021-07-28 14:35:00,10,2,6.5,1,2021
FL.CTC.06,5.0,2021-07-29 19:20:00,2021-07-29 19:30:00,15,3,5.6,1,2021
FL.DDG.04,5.0,2021-07-30 11:50:00,2021-07-30 11:55:00,10,2,11.1,1,2021
FL.CTC.06,5.0,2021-07-30 15:50:00,2021-07-30 16:10:00,25,5,6.9,1,2021
FL.BKM.02,5.0,2021-07-30 16:05:00,2021-07-30 16:10:00,10,2,5.6,1,2021
FL.SLG.03,5.0,2021-07-30 17:45:00,2021-07-30 17:55:00,15,3,6.5,1,2021
FL.DDG.01,5.0,2021-07-31 15:30:00,2021-07-31 15:40:00,15,3,5.3,1,2021
FL.BNA.04,5.0,2021-08-02 10:25:00,2021-08-02 10:30:00,10,2,10.8,1,2021
FL.CTC.06,5.0,2021-08-02 18:10:00,2021-08-02 18:15:00,10,2,5.7,1,2021
FL.DDG.01,5.0,2021-08-02 18:25:00,2021-08-02 18:30:00,10,2,5.2,1,2021
FL.WTN.01,5.0,2021-08-05 10:05:00,2021-08-05 10:20:00,20,4,8.7,1,2021
FL.CTC.06,5.0,2021-08-05 17:15:00,2021-08-05 17:20:00,10,2,5.9,1,2021
FL.CTC.06,5.0,2021-08-06 14:50:00,2021-08-06 15:00:00,15,3,5.8,1,2021
FL.CTC.06,5.0,2021-08-07 16:30:00,2021-08-07 17:05:00,40,7,6.3,2,2021
FL.CTC.06,5.0,2021-08-11 17:15:00,2021-08-11 18:10:00,60,11,6.2,2,2021
FL.SLG.03,5.0,2021-08-11 23:15:00,2021-08-12 00:10:00,60,12,21.5,1,2021
FL.BKP.02,5.0,2021-08-11 23:30:00,2021-08-12 00:20:00,55,11,16.0,1,2021
FL.DDG.01,5.0,2021-08-11 23:30:00,2021-08-12 01:10:00,105,19,18.4,2,2021
FL.RTW.09,5.0,2021-08-11 23:40:00,2021-08-12 01:20:00,105,15,20.8,2,2021
FL.STN.04,5.0,2021-08-11 23:40:00,2021-08-11 23:55:00,20,4,9.8,1,2021
FL.WTN.01,5.0,2021-08-11 23:40:00,2021-08-12 00:10:00,35,7,8.1,1,2021
FL.STN.01,5.0,2021-08-12 00:25:00,2021-08-12 00:55:00,35,7,9.2,1,2021
FL.JTG.01,5.0,2021-08-12 00:30:00,2021-08-12 00:40:00,15,3,5.9,1,2021
FL.PTW.01,5.0,2021-08-12 00:35:00,2021-08-12 00:40:00,10,2,8.6,1,2021
FL.PTW.02,5.0,2021-08-12 00:35:00,2021-08-12 00:50:00,20,4,11.1,1,2021
FL.RTW.08,5.0,2021-08-12 00:40:00,2021-08-12 00:50:00,15,3,7.4,1,2021
FL.RTW.04,5.0,2021-08-12 00:45:00,2021-08-12 01:05:00,25,5,7.1,1,2021
FL.RTW.05,5.0,2021-08-12 00:45:00,2021-08-12 00:55:00,15,3,8.9,1,2021
FL.DDG.01,5.0,2021-08-12 20:05:00,2021-08-12 20:35:00,35,7,5.2,1,2021
FL.STN.01,5.0,2021-08-12 20:05:00,2021-08-12 20:20:00,20,4,6.5,1,2021
FL.BKM.02,5.0,2021-08-12 20:20:00,2021-08-12 20:30:00,15,3,6.2,1,2021
FL.CTC.06,5.0,2021-08-12 20:30:00,2021-08-12 20:35:00,10,2,5.3,1,2021
FL.DDG.01,5.0,2021-08-13 18:10:00,2021-08-13 18:55:00,50,10,15.7,1,2021
FL.RTW.09,5.0,2021-08-13 18:25:00,2021-08-13 18:50:00,30,6,9.9,1,2021
FL.DDG.02,5.0,2021-08-13 18:30:00,2021-08-13 18:45:00,20,4,7.3,1,2021
FL.CTC.05,5.0,2021-08-13 19:10:00,2021-08-13 22:20:00,195,27,9.4,6,2021
FL.CTC.06,5.0,2021-08-14 18:20:00,2021-08-14 18:40:00,25,5,7.1,1,2021
FL.DDG.01,5.0,2021-08-14 18:45:00,2021-08-14 18:50:00,10,2,5.2,1,2021
FL.BKM.02,5.0,2021-08-14 18:55:00,2021-08-14 19:05:00,15,3,6.5,1,2021
FL.SPW.02,5.0,2021-08-15 15:35:00,2021-08-16 10:20:00,1130,219,5.1,8,2021
FL.CTC.06,5.0,2021-08-17 16:45:00,2021-08-17 16:55:00,15,3,6.1,1,2021
FL.PWT.02,5.0,2021-08-21 05:05:00,2021-08-21 09:05:00,245,46,26.4,3,2021
FL.BKM.02,5.0,2021-08-21 05:25:00,2021-08-21 09:05:00,225,44,26.9,2,2021
FL.DDG.01,5.0,2021-08-21 05:25:00,2021-08-21 07:35:00,135,27,5.3,1,2021
FL.CTC.06,5.0,2021-08-21 05:40:00,2021-08-21 06:40:00,65,10,5.5,2,2021
FL.BKP.02,5.0,2021-08-21 05:50:00,2021-08-21 07:55:00,130,25,16.9,2,2021
FL.BKM.01,5.0,2021-08-21 05:55:00,2021-08-21 09:40:00,230,46,37.9,1,2021
FL.WTL.02,5.0,2021-08-21 06:10:00,2021-08-21 10:00:00,235,46,16.5,2,2021
FL.SMI.01,5.0,2021-08-21 06:20:00,2021-08-21 06:25:00,10,2,11.1,1,2021
FL.BNA.04,5.0,2021-08-21 06:50:00,2021-08-21 07:40:00,55,11,18.1,1,2021
FL.SLG.01,5.0,2021-08-21 07:05:00,2021-08-21 07:50:00,50,10,13.5,1,2021
FL.BNA.01,5.0,2021-08-21 07:10:00,2021-08-21 07:20:00,15,3,7.4,1,2021
FL.SLG.03,5.0,2021-08-21 07:20:00,2021-08-21 07:40:00,25,5,12.3,1,2021
FL.PWT.02,5.0,2021-08-22 08:15:00,2021-08-22 09:00:00,50,10,17.1,1,2021
FL.DDG.01,5.0,2021-08-25 21:45:00,2021-08-25 22:15:00,35,6,5.2,2,2021
FL.CTC.06,5.0,2021-08-26 15:35:00,2021-08-26 15:50:00,20,4,5.5,1,2021
FL.LSI.04,5.0,2021-08-26 15:35:00,2021-08-26 16:15:00,45,9,15.1,1,2021
FL.SMI.01,5.0,2021-08-26 16:00:00,2021-08-26 16:30:00,35,7,22.5,1,2021
FL.DDG.01,5.0,2021-08-26 19:30:00,2021-08-26 20:00:00,35,5,5.4,2,2021
FL.DDG.01,5.0,2021-08-27 04:30:00,2021-08-27 04:35:00,10,2,5.3,1,2021
FL.DDG.01,5.0,2021-08-27 11:05:00,2021-08-27 15:25:00,265,53,27.8,1,2021
FL.BKM.02,5.0,2021-08-27 11:50:00,2021-08-27 12:00:00,15,3,6.0,1,2021
FL.DST.06,5.0,2021-08-27 12:15:00,2021-08-27 13:00:00,50,10,14.5,1,2021
FL.PPS.01,5.0,2021-08-27 12:15:00,2021-08-27 12:35:00,25,5,13.9,1,2021
FL.RTW.09,5.0,2021-08-27 12:20:00,2021-08-27 12:50:00,35,7,10.7,1,2021
FL.DDG.02,5.0,2021-08-27 12:30:00,2021-08-27 14:35:00,130,26,27.5,1,2021
FL.DDG.06,5.0,2021-08-27 12:30:00,2021-08-27 13:40:00,75,15,19.8,1,2021
FL.CTC.06,5.0,2021-08-27 12:40:00,2021-08-27 13:20:00,45,8,5.5,2,2021
FL.WTL.02,5.0,2021-08-27 12:50:00,2021-08-27 17:25:00,280,46,12.3,4,2021
FL.LSI.03,5.0,2021-08-27 12:55:00,2021-08-27 14:25:00,95,19,17.4,1,2021
FL.BKM.02,5.0,2021-08-27 13:05:00,2021-08-27 13:10:00,10,2,6.2,1,2021
FL.LSI.04,5.0,2021-08-27 13:05:00,2021-08-27 14:15:00,75,15,15.8,1,2021
FL.LSI.05,5.0,2021-08-27 13:25:00,2021-08-27 14:00:00,40,8,8.6,1,2021
FL.SMI.01,5.0,2021-08-27 13:25:00,2021-08-27 13:55:00,35,7,25.1,1,2021
FL.BKP.02,5.0,2021-08-27 14:05:00,2021-08-27 15:45:00,105,21,18.0,1,2021
FL.BKP.02,5.0,2021-08-27 23:30:00,2021-08-28 00:25:00,60,12,20.8,1,2021
FL.BKM.01,5.0,2021-08-27 23:35:00,2021-08-28 00:05:00,35,7,11.1,1,2021
FL.DDG.01,5.0,2021-08-28 00:00:00,2021-08-28 01:35:00,100,20,5.3,1,2021
FL.WTL.02,5.0,2021-08-28 00:55:00,2021-08-28 01:30:00,40,4,7.3,2,2021
FL.BKP.02,5.0,2021-08-28 04:00:00,2021-08-28 13:40:00,585,117,10.0,1,2021
FL.BKN.01,5.0,2021-08-28 10:55:00,2021-08-28 11:45:00,55,11,13.9,1,2021
FL.DST.06,5.0,2021-08-28 11:10:00,2021-08-28 12:15:00,70,14,19.8,1,2021
FL.DST.07,5.0,2021-08-28 11:15:00,2021-08-28 11:25:00,15,3,7.7,1,2021
FL.DDG.01,5.0,2021-08-28 11:20:00,2021-08-28 12:10:00,55,8,5.4,2,2021
FL.BSU.01,5.0,2021-08-28 11:25:00,2021-08-28 12:10:00,50,10,9.3,1,2021
FL.CTC.04,5.0,2021-08-28 11:25:00,2021-08-28 13:00:00,100,20,30.2,1,2021
FL.CTC.06,5.0,2021-08-28 11:35:00,2021-08-28 11:40:00,10,2,5.4,1,2021
FL.DDG.01,5.0,2021-08-28 13:30:00,2021-08-28 14:20:00,55,7,5.3,2,2021
FL.BBN.01,5.0,2021-08-30 09:40:00,2021-08-30 09:45:00,10,2,11.9,1,2021
FL.PWT.02,5.0,2021-08-31 13:15:00,2021-08-31 13:45:00,35,7,9.6,1,2021
FL.DDG.01,5.0,2021-08-31 20:50:00,2021-08-31 22:20:00,95,13,21.1,2,2021
FL.DST.07,5.0,2021-08-31 20:50:00,2021-08-31 22:10:00,85,17,18.9,1,2021
FL.DDG.02,5.0,2021-08-31 20:55:00,2021-08-31 23:50:00,180,36,29.4,1,2021
FL.DDG.06,5.0,2021-08-31 21:00:00,2021-09-01 01:00:00,245,49,41.7,1,2021
FL.DST.06,5.0,2021-08-31 21:00:00,2021-08-31 22:40:00,105,21,20.4,1,2021
FL.PYT.05,5.0,2021-08-31 21:05:00,2021-09-01 00:05:00,185,37,23.3,1,2021
FL.PYT.02,5.0,2021-08-31 21:10:00,2021-08-31 21:15:00,10,2,6.9,1,2021
FL.PYT.03,5.0,2021-08-31 21:15:00,2021-08-31 22:50:00,100,20,11.6,1,2021
FL.PYT.04,5.0,2021-08-31 21:15:00,2021-08-31 22:50:00,100,20,17.1,1,2021
FL.PYT.06,5.0,2021-08-31 21:15:00,2021-08-31 23:25:00,135,27,21.1,1,2021
FL.PYT.07,5.0,2021-08-31 21:15:00,2021-08-31 21:25:00,15,3,7.3,1,2021
FL.BKM.02,5.0,2021-08-31 21:20:00,2021-08-31 21:55:00,40,8,8.6,1,2021
FL.BSU.01,5.0,2021-08-31 21:25:00,2021-08-31 23:10:00,110,22,9.5,1,2021
FL.DDG.07,5.0,2021-08-31 21:30:00,2021-09-01 00:30:00,185,37,43.5,1,2021
FL.DST.02,5.0,2021-08-31 21:30:00,2021-08-31 22:15:00,50,10,13.9,1,2021
FL.CTC.01,5.0,2021-08-31 21:40:00,2021-09-01 00:55:00,200,40,21.8,1,2021
FL.PYT.01,5.0,2021-08-31 21:40:00,2021-08-31 23:10:00,95,19,17.0,1,2021
FL.CTC.07,5.0,2021-08-31 22:00:00,2021-08-31 22:55:00,60,12,15.3,1,2021
FL.SLG.01,5.0,2021-08-31 22:10:00,2021-08-31 23:25:00,80,16,10.9,1,2021
FL.BKP.02,5.0,2021-08-31 22:15:00,2021-08-31 23:35:00,85,17,17.8,1,2021
FL.BKM.01,5.0,2021-08-31 22:25:00,2021-08-31 22:55:00,35,7,13.0,1,2021
FL.WTL.01,5.0,2021-08-31 22:45:00,2021-09-01 00:15:00,95,19,9.6,1,2021
FL.WTL.03,5.0,2021-08-31 23:10:00,2021-09-01 02:15:00,190,38,7.4,1,2021
FL.DDG.01,5.0,2021-09-01 17:00:00,2021-09-01 17:05:00,10,2,12.4,1,2021
FL.DDG.02,5.0,2021-09-01 17:05:00,2021-09-01 17:15:00,15,3,8.5,1,2021
FL.DDG.06,5.0,2021-09-01 17:10:00,2021-09-01 17:20:00,15,3,8.5,1,2021
FL.WTL.02,5.0,2021-09-01 18:00:00,2021-09-01 18:20:00,25,5,5.9,1,2021
FL.BNA.03,5.0,2021-09-01 20:30:00,2021-09-01 21:20:00,55,11,11.2,1,2021
FL.BKM.02,5.0,2021-09-04 16:50:00,2021-09-04 17:00:00,15,3,6.6,1,2021
FL.LSI.02,5.0,2021-09-04 17:50:00,2021-09-04 17:55:00,10,2,9.1,1,2021
FL.BKM.02,5.0,2021-09-04 18:05:00,2021-09-04 18:20:00,20,4,6.5,1,2021
FL.DDG.01,5.0,2021-09-04 18:30:00,2021-09-04 18:40:00,15,3,14.2,1,2021
FL.DDG.02,5.0,2021-09-04 18:30:00,2021-09-04 18:40:00,15,3,8.4,1,2021
FL.BKM.01,5.0,2021-09-04 18:35:00,2021-09-04 18:50:00,20,4,9.9,1,2021
FL.DDG.06,5.0,2021-09-04 18:35:00,2021-09-04 18:45:00,15,3,7.9,1,2021
FL.WTL.02,5.0,2021-09-04 18:40:00,2021-09-04 19:15:00,40,8,6.5,1,2021
FL.BNA.03,5.0,2021-09-04 19:30:00,2021-09-04 20:20:00,55,11,11.4,1,2021
FL.PWT.02,5.0,2021-09-04 20:00:00,2021-09-04 20:10:00,15,3,7.8,1,2021
FL.BNA.03,5.0,2021-09-05 11:30:00,2021-09-05 12:30:00,65,13,9.5,1,2021
FL.BNA.03,5.0,2021-09-06 18:35:00,2021-09-06 19:25:00,55,11,8.9,1,2021
FL.BNA.03,5.0,2021-09-07 11:15:00,2021-09-07 12:10:00,60,12,8.6,1,2021
FL.BNA.03,5.0,2021-09-08 02:10:00,2021-09-08 03:00:00,55,11,11.7,1,2021
FL.PWT.02,5.0,2021-09-08 02:25:00,2021-09-08 03:05:00,45,9,13.5,1,2021
FL.BNA.04,5.0,2021-09-08 02:35:00,2021-09-08 03:10:00,40,8,20.1,1,2021
FL.BNA.01,5.0,2021-09-08 02:40:00,2021-09-08 03:10:00,35,7,13.2,1,2021
FL.STN.03,5.0,2021-09-08 02:40:00,2021-09-08 03:05:00,30,6,11.6,1,2021
FL.STN.04,5.0,2021-09-08 02:40:00,2021-09-08 02:50:00,15,3,10.1,1,2021
FL.STN.02,5.0,2021-09-08 02:45:00,2021-09-08 02:55:00,15,3,8.2,1,2021
FL.BBN.01,5.0,2021-09-08 03:00:00,2021-09-08 03:45:00,50,10,17.2,1,2021
FL.BBN.02,5.0,2021-09-08 03:00:00,2021-09-08 03:40:00,45,9,11.2,1,2021
FL.PWT.02,5.0,2021-09-08 05:25:00,2021-09-08 05:40:00,20,4,8.6,1,2021
FL.LSI.04,5.0,2021-09-08 15:30:00,2021-09-08 15:55:00,30,6,10.6,1,2021
FL.PYT.07,5.0,2021-09-08 15:50:00,2021-09-08 15:55:00,10,2,6.7,1,2021
FL.KTY.05,5.0,2021-09-08 16:05:00,2021-09-08 17:10:00,70,14,14.8,1,2021
FL.KTY.01,5.0,2021-09-08 16:15:00,2021-09-08 16:30:00,20,4,8.6,1,2021
FL.KTY.03,5.0,2021-09-08 16:20:00,2021-09-08 16:40:00,25,4,6.5,2,2021
FL.BNA.03,5.0,2021-09-09 07:55:00,2021-09-09 08:45:00,55,11,9.7,1,2021
FL.STN.03,5.0,2021-09-09 10:35:00,2021-09-09 11:35:00,65,13,19.8,1,2021
FL.BNA.03,5.0,2021-09-09 10:55:00,2021-09-09 11:05:00,15,3,8.2,1,2021
FL.BNA.03,5.0,2021-09-16 03:55:00,2021-09-16 04:40:00,50,10,12.0,1,2021
FL.STN.03,5.0,2021-09-16 04:10:00,2021-09-16 04:30:00,25,5,9.4,1,2021
FL.STN.04,5.0,2021-09-16 04:20:00,2021-09-16 04:45:00,30,6,14.6,1,2021
FL.BNA.03,5.0,2021-09-16 07:20:00,2021-09-16 08:05:00,50,10,9.5,1,2021
FL.PWT.02,5.0,2021-09-16 07:40:00,2021-09-16 09:20:00,105,21,17.2,1,2021
FL.BNA.03,5.0,2021-09-19 15:10:00,2021-09-19 15:45:00,40,8,13.2,1,2021
FL.LSI.04,5.0,2021-09-19 15:20:00,2021-09-19 17:25:00,130,26,23.0,1,2021
FL.LSI.03,5.0,2021-09-19 15:25:00,2021-09-19 17:25:00,125,25,33.2,1,2021
FL.LSI.05,5.0,2021-09-19 15:25:00,2021-09-19 17:35:00,135,27,15.5,1,2021
FL.BNA.04,5.0,2021-09-19 15:30:00,2021-09-19 15:40:00,15,3,6.7,1,2021
FL.PTW.04,5.0,2021-09-19 15:30:00,2021-09-19 16:30:00,65,13,10.8,1,2021
FL.STN.01,5.0,2021-09-19 15:35:00,2021-09-19 19:30:00,240,48,45.4,1,2021
FL.STN.02,5.0,2021-09-19 15:35:00,2021-09-19 19:15:00,225,45,42.8,1,2021
FL.STN.03,5.0,2021-09-19 15:35:00,2021-09-19 19:30:00,240,48,44.2,1,2021
FL.STN.04,5.0,2021-09-19 15:40:00,2021-09-19 17:45:00,130,26,30.0,1,2021
FL.BBN.01,5.0,2021-09-19 15:50:00,2021-09-19 16:50:00,65,13,22.5,1,2021
FL.BBN.02,5.0,2021-09-19 15:50:00,2021-09-19 16:35:00,50,10,13.6,1,2021
FL.PPS.01,5.0,2021-09-19 15:50:00,2021-09-19 16:25:00,40,8,15.6,1,2021
FL.KSN.01,5.0,2021-09-19 15:55:00,2021-09-19 16:15:00,25,5,9.6,1,2021
FL.RTW.09,5.0,2021-09-19 15:55:00,2021-09-19 16:45:00,55,11,16.0,1,2021
FL.RTW.10,5.0,2021-09-19 15:55:00,2021-09-19 16:30:00,40,8,25.7,1,2021
FL.SPW.02,5.0,2021-09-19 15:55:00,2021-09-19 16:30:00,40,8,12.1,1,2021
FL.RTW.05,5.0,2021-09-19 16:00:00,2021-09-19 16:35:00,40,8,18.1,1,2021
FL.BKN.01,5.0,2021-09-19 16:05:00,2021-09-19 16:25:00,25,5,8.9,1,2021
FL.BRK.01,5.0,2021-09-19 16:05:00,2021-09-19 16:40:00,40,8,19.7,1,2021
FL.JTG.01,5.0,2021-09-19 16:05:00,2021-09-19 16:30:00,30,6,8.2,1,2021
FL.KTY.03,5.0,2021-09-19 16:20:00,2021-09-19 16:25:00,10,2,5.8,1,2021
FL.KTY.05,5.0,2021-09-19 16:25:00,2021-09-19 16:35:00,15,3,6.1,1,2021
FL.BBN.02,5.0,2021-09-20 13:35:00,2021-09-20 13:40:00,10,2,8.0,1,2021
FL.BNA.03,5.0,2021-09-20 18:05:00,2021-09-20 18:55:00,55,11,10.4,1,2021
FL.JTG.01,5.0,2021-09-20 19:20:00,2021-09-20 19:25:00,10,2,5.5,1,2021
FL.BBN.01,5.0,2021-09-20 19:50:00,2021-09-20 20:15:00,30,6,11.1,1,2021
FL.BKE.01,5.0,2021-09-20 19:50:00,2021-09-20 21:00:00,75,15,18.6,1,2021
FL.SMI.01,5.0,2021-09-20 20:30:00,2021-09-20 22:40:00,135,27,34.7,1,2021
FL.DDG.01,5.0,2021-09-20 22:20:00,2021-09-20 22:35:00,20,4,5.0,1,2021
FL.BNA.03,5.0,2021-09-20 23:00:00,2021-09-20 23:10:00,15,3,6.3,1,2021
FL.SMI.01,5.0,2021-09-21 00:30:00,2021-09-21 01:10:00,45,9,18.5,1,2021
FL.DDG.01,5.0,2021-09-21 01:40:00,2021-09-21 01:45:00,10,2,5.0,1,2021
FL.BNA.03,5.0,2021-09-21 22:30:00,2021-09-21 23:15:00,50,10,12.3,1,2021
FL.BNA.04,5.0,2021-09-21 22:45:00,2021-09-21 23:00:00,20,4,11.2,1,2021
FL.CTC.06,5.0,2021-09-21 22:55:00,2021-09-21 23:05:00,15,3,5.5,1,2021
FL.BBN.01,5.0,2021-09-22 18:10:00,2021-09-22 18:25:00,20,4,10.9,1,2021
FL.LSI.06,5.0,2021-09-28 10:10:00,2021-09-28 10:20:00,15,3,11.3,1,2021
FL.CTC.07,5.0,2021-09-28 11:55:00,2021-09-28 12:00:00,10,2,11.5,1,2021
FL.MBR.01,5.0,2021-09-29 12:30:00,2021-09-29 12:40:00,15,3,13.2,1,2021
FL.CTC.02,5.0,2021-09-30 12:55:00,2021-09-30 13:50:00,60,12,13.5,1,2021
FL.WTN.01,5.0,2021-09-30 13:55:00,2021-09-30 14:35:00,45,9,9.4,1,2021
FL.BKM.01,5.0,2021-09-30 14:00:00,2021-09-30 14:50:00,55,11,20.5,1,2021
FL.HKG.01,5.0,2021-09-30 14:00:00,2021-09-30 14:10:00,15,3,8.0,1,2021
FL.DDG.01,5.0,2021-09-30 14:05:00,2021-09-30 14:30:00,30,6,14.1,1,2021
FL.SPW.02,5.0,2021-09-30 14:05:00,2021-09-30 14:20:00,20,4,7.6,1,2021
FL.BRK.01,5.0,2021-09-30 14:10:00,2021-09-30 14:20:00,15,3,8.5,1,2021
FL.RTW.09,5.0,2021-09-30 14:10:00,2021-09-30 14:15:00,10,2,5.5,1,2021
FL.SPW.01,5.0,2021-09-30 14:10:00,2021-09-30 14:15:00,10,2,6.5,1,2021
FL.BKE.01,5.0,2021-09-30 14:50:00,2021-09-30 15:15:00,30,6,9.9,1,2021
FL.STN.04,5.0,2021-09-30 16:20:00,2021-09-30 16:25:00,10,2,5.6,1,2021
FL.CTC.06,5.0,2021-10-01 12:40:00,2021-10-01 13:45:00,70,10,5.8,3,2021
FL.CTC.07,5.0,2021-10-01 13:45:00,2021-10-01 13:50:00,10,2,7.5,1,2021
FL.DDG.04,5.0,2021-10-01 14:00:00,2021-10-01 14:05:00,10,2,6.3,1,2021
FL.DDG.01,5.0,2021-10-02 14:00:00,2021-10-02 15:50:00,115,23,28.9,1,2021
FL.DDG.02,5.0,2021-10-02 14:10:00,2021-10-02 16:35:00,150,30,30.9,1,2021
FL.WTL.02,5.0,2021-10-02 14:25:00,2021-10-02 14:45:00,25,5,9.5,1,2021
FL.BKM.02,5.0,2021-10-02 14:30:00,2021-10-02 16:15:00,110,22,23.9,1,2021
FL.DDG.06,5.0,2021-10-02 14:30:00,2021-10-02 17:05:00,160,32,35.5,1,2021
FL.RTW.02,5.0,2021-10-02 14:30:00,2021-10-02 15:35:00,70,14,8.8,1,2021
FL.BKM.01,5.0,2021-10-02 14:35:00,2021-10-02 16:00:00,90,18,22.3,1,2021
FL.CTC.06,5.0,2021-10-02 14:40:00,2021-10-02 14:55:00,20,4,5.6,1,2021
FL.DDG.05,5.0,2021-10-02 14:45:00,2021-10-02 15:45:00,65,13,16.1,1,2021
FL.CTC.02,5.0,2021-10-02 14:50:00,2021-10-02 15:05:00,20,4,6.5,1,2021
FL.RTW.08,5.0,2021-10-02 14:55:00,2021-10-02 15:05:00,15,3,7.0,1,2021
FL.RTW.09,5.0,2021-10-02 14:55:00,2021-10-02 15:00:00,10,2,7.0,1,2021
FL.HKG.01,5.0,2021-10-02 15:00:00,2021-10-02 17:45:00,170,29,12.9,2,2021
FL.SLG.02,5.0,2021-10-02 15:00:00,2021-10-02 16:05:00,70,14,18.7,1,2021
FL.SLG.03,5.0,2021-10-02 15:00:00,2021-10-02 15:55:00,60,12,21.4,1,2021
FL.DDG.03,5.0,2021-10-02 15:05:00,2021-10-02 15:10:00,10,2,5.2,1,2021
FL.WTL.01,5.0,2021-10-02 15:10:00,2021-10-02 15:55:00,50,10,6.5,1,2021
FL.BKP.02,5.0,2021-10-02 15:15:00,2021-10-02 16:35:00,85,17,25.6,1,2021
FL.SMI.01,5.0,2021-10-02 15:20:00,2021-10-02 16:05:00,50,10,26.7,1,2021
FL.SLG.01,5.0,2021-10-02 15:30:00,2021-10-02 15:45:00,20,4,7.7,1,2021
FL.BNA.04,5.0,2021-10-02 16:25:00,2021-10-02 16:30:00,10,2,5.0,1,2021
FL.LSI.05,5.0,2021-10-03 16:35:00,2021-10-03 17:20:00,50,10,9.4,1,2021
FL.CTC.06,5.0,2021-10-03 20:45:00,2021-10-03 21:05:00,25,5,5.4,1,2021
FL.LSI.02,5.0,2021-10-03 20:55:00,2021-10-03 21:50:00,60,12,13.9,1,2021
FL.LSI.06,5.0,2021-10-03 21:05:00,2021-10-03 21:25:00,25,5,5.9,1,2021
FL.CTC.04,5.0,2021-10-03 21:10:00,2021-10-03 21:20:00,15,3,11.9,1,2021
FL.BBN.01,5.0,2021-10-03 21:40:00,2021-10-03 22:15:00,40,8,17.8,1,2021
FL.BKE.01,5.0,2021-10-03 21:55:00,2021-10-03 22:30:00,40,8,11.3,1,2021
FL.CTC.06,5.0,2021-10-04 15:35:00,2021-10-04 15:45:00,15,3,5.5,1,2021
FL.DDG.01,5.0,2021-10-04 16:20:00,2021-10-04 16:40:00,25,4,5.2,2,2021
FL.SLG.03,5.0,2021-10-04 21:25:00,2021-10-04 21:30:00,10,2,5.8,1,2021
FL.DDG.01,5.0,2021-10-05 21:55:00,2021-10-05 22:00:00,10,2,5.2,1,2021
FL.BNA.03,5.0,2021-10-05 22:15:00,2021-10-06 00:05:00,115,16,9.7,2,2021
FL.DDG.01,5.0,2021-10-06 01:25:00,2021-10-06 01:45:00,25,4,5.1,2,2021
FL.SMI.01,5.0,2021-10-06 16:35:00,2021-10-06 16:55:00,25,5,22.2,1,2021
FL.DDG.01,5.0,2021-10-06 17:40:00,2021-10-06 17:45:00,10,2,5.1,1,2021
FL.BBN.01,5.0,2021-10-07 14:20:00,2021-10-07 15:00:00,45,9,19.6,1,2021
FL.JTG.01,5.0,2021-10-07 14:20:00,2021-10-07 14:25:00,10,2,7.2,1,2021
FL.BBN.02,5.0,2021-10-07 14:30:00,2021-10-07 14:45:00,20,4,8.6,1,2021
FL.CTC.02,5.0,2021-10-08 14:30:00,2021-10-08 14:50:00,25,5,7.2,1,2021
FL.CTC.06,5.0,2021-10-08 14:30:00,2021-10-08 14:50:00,25,5,6.1,1,2021
FL.BKM.01,5.0,2021-10-08 14:45:00,2021-10-08 15:15:00,35,7,10.6,1,2021
FL.CTC.06,5.0,2021-10-09 11:45:00,2021-10-09 12:15:00,35,7,6.6,1,2021
FL.CTC.02,5.0,2021-10-12 11:55:00,2021-10-12 12:15:00,25,5,6.5,1,2021
FL.CTC.06,5.0,2021-10-14 15:50:00,2021-10-14 17:05:00,80,16,6.5,1,2021
FL.LSI.02,5.0,2021-10-14 15:55:00,2021-10-14 17:50:00,120,24,21.5,1,2021
FL.CTC.04,5.0,2021-10-14 16:05:00,2021-10-14 18:40:00,160,32,36.9,1,2021
FL.LSI.06,5.0,2021-10-14 16:05:00,2021-10-14 17:45:00,105,21,12.7,1,2021
FL.CTC.02,5.0,2021-10-14 16:10:00,2021-10-14 17:15:00,70,12,8.2,2,2021
FL.CTC.07,5.0,2021-10-14 16:15:00,2021-10-14 21:50:00,340,68,44.5,1,2021
FL.BKM.02,5.0,2021-10-14 16:20:00,2021-10-14 17:55:00,100,18,10.2,2,2021
FL.CTC.01,5.0,2021-10-14 16:30:00,2021-10-14 20:40:00,255,51,31.0,1,2021
FL.LSI.04,5.0,2021-10-14 16:35:00,2021-10-14 17:00:00,30,6,9.3,1,2021
FL.BKM.01,5.0,2021-10-14 16:40:00,2021-10-14 17:40:00,65,13,15.1,1,2021
FL.LSI.05,5.0,2021-10-14 16:40:00,2021-10-14 17:25:00,50,9,6.5,2,2021
FL.BNA.03,5.0,2021-10-14 16:50:00,2021-10-14 17:45:00,60,12,10.7,1,2021
FL.BSU.01,5.0,2021-10-14 16:55:00,2021-10-14 17:30:00,40,8,8.7,1,2021
FL.LSI.03,5.0,2021-10-14 16:55:00,2021-10-14 17:10:00,20,4,6.0,1,2021
FL.CTC.03,5.0,2021-10-14 17:00:00,2021-10-14 17:25:00,30,6,11.6,1,2021
FL.WTL.02,5.0,2021-10-14 17:05:00,2021-10-14 17:20:00,20,4,6.5,1,2021
FL.BNA.03,5.0,2021-10-14 20:00:00,2021-10-14 20:15:00,20,4,10.2,1,2021
FL.CTC.04,5.0,2021-10-14 20:05:00,2021-10-14 21:25:00,85,17,16.1,1,2021
FL.RTW.09,5.0,2021-10-14 20:10:00,2021-10-14 20:30:00,25,5,9.8,1,2021
FL.DDG.01,5.0,2021-10-14 20:15:00,2021-10-14 20:55:00,45,9,19.2,1,2021
FL.WTL.02,5.0,2021-10-14 20:25:00,2021-10-14 20:55:00,35,4,8.9,2,2021
FL.BKM.01,5.0,2021-10-14 20:35:00,2021-10-14 21:30:00,60,12,18.2,1,2021
FL.BNA.03,5.0,2021-10-15 06:00:00,2021-10-15 06:40:00,45,9,36.2,1,2021
FL.BNA.01,5.0,2021-10-15 06:05:00,2021-10-15 06:25:00,25,5,7.4,1,2021
FL.BNA.04,5.0,2021-10-15 06:05:00,2021-10-15 06:35:00,35,7,20.4,1,2021
FL.PWT.02,5.0,2021-10-15 06:15:00,2021-10-15 06:40:00,30,6,9.4,1,2021
FL.STN.02,5.0,2021-10-16 23:25:00,2021-10-16 23:45:00,25,5,13.0,1,2021
FL.STN.03,5.0,2021-10-16 23:30:00,2021-10-16 23:50:00,25,5,8.8,1,2021
FL.STN.04,5.0,2021-10-16 23:40:00,2021-10-16 23:55:00,20,4,11.3,1,2021
FL.DDG.01,5.0,2021-10-16 23:50:00,2021-10-17 01:25:00,100,16,5.3,2,2021
FL.BNA.03,5.0,2021-10-16 23:55:00,2021-10-17 00:50:00,60,12,30.8,1,2021
FL.HKG.01,5.0,2021-10-16 23:55:00,2021-10-17 01:10:00,80,16,13.2,1,2021
FL.WTN.01,5.0,2021-10-17 00:00:00,2021-10-17 03:30:00,215,43,15.1,1,2021
FL.BNA.04,5.0,2021-10-17 00:10:00,2021-10-17 00:40:00,35,7,7.4,1,2021
FL.CTC.02,5.0,2021-10-17 00:40:00,2021-10-17 01:00:00,25,5,5.3,1,2021
FL.PWT.02,5.0,2021-10-17 00:40:00,2021-10-17 03:15:00,160,22,13.1,2,2021
FL.SLG.01,5.0,2021-10-17 00:45:00,2021-10-17 01:00:00,20,4,7.1,1,2021
FL.BSU.01,5.0,2021-10-17 01:00:00,2021-10-17 01:15:00,20,4,5.9,1,2021
FL.BKN.01,5.0,2021-10-17 01:50:00,2021-10-17 01:55:00,10,2,6.8,1,2021
FL.BKP.02,5.0,2021-10-17 02:40:00,2021-10-17 03:45:00,70,14,9.7,1,2021
FL.WTL.02,5.0,2021-10-17 02:45:00,2021-10-17 02:50:00,10,2,8.4,1,2021
FL.DDG.01,5.0,2021-10-17 03:00:00,2021-10-17 03:05:00,10,2,5.1,1,2021
FL.BKE.01,5.0,2021-10-17 05:40:00,2021-10-17 06:10:00,35,7,8.5,1,2021
FL.DDG.01,5.0,2021-10-17 22:30:00,2021-10-17 23:05:00,40,8,5.3,1,2021
FL.LSI.03,5.0,2021-10-19 00:50:00,2021-10-19 01:20:00,35,4,5.1,2,2021
FL.LSI.03,5.0,2021-10-19 02:35:00,2021-10-19 02:40:00,10,2,5.3,1,2021
FL.BNA.03,5.0,2021-10-19 15:00:00,2021-10-19 15:05:00,10,2,5.9,1,2021
FL.BBN.01,5.0,2021-10-22 13:55:00,2021-10-22 14:20:00,30,6,12.1,1,2021
FL.BNA.04,5.0,2021-10-22 16:55:00,2021-10-22 17:00:00,10,2,5.4,1,2021
FL.SMI.01,5.0,2021-10-28 10:40:00,2021-10-28 10:55:00,20,4,6.5,1,2021
FL.CTC.06,5.0,2021-10-30 16:55:00,2021-10-30 17:25:00,35,7,5.9,1,2021
FL.CTC.04,5.0,2021-10-30 17:20:00,2021-10-30 18:25:00,70,14,31.0,1,2021
FL.LSI.02,5.0,2021-10-30 17:25:00,2021-10-30 18:00:00,40,8,13.4,1,2021
FL.LSI.04,5.0,2021-10-30 17:35:00,2021-10-30 18:20:00,50,10,12.5,1,2021
FL.LSI.05,5.0,2021-10-30 17:40:00,2021-10-30 18:45:00,70,14,9.2,1,2021
FL.LSI.06,5.0,2021-10-30 17:40:00,2021-10-30 18:10:00,35,7,8.3,1,2021
FL.BBN.01,5.0,2021-10-31 16:45:00,2021-10-31 16:55:00,15,3,7.5,1,2021
FL.BBN.01,5.0,2021-11-01 17:05:00,2021-11-01 17:45:00,45,8,10.2,2,2021
FL.STN.02,5.0,2021-11-01 17:05:00,2021-11-01 18:15:00,75,15,26.4,1,2021
FL.STN.03,5.0,2021-11-01 17:05:00,2021-11-01 18:35:00,95,19,27.1,1,2021
FL.PTW.04,5.0,2021-11-01 17:10:00,2021-11-01 17:40:00,35,7,9.6,1,2021
FL.RTW.08,5.0,2021-11-01 17:10:00,2021-11-01 17:15:00,10,2,6.4,1,2021
FL.STN.01,5.0,2021-11-01 17:10:00,2021-11-01 18:05:00,60,12,21.6,1,2021
FL.PPS.01,5.0,2021-11-01 17:15:00,2021-11-01 17:25:00,15,3,6.5,1,2021
FL.BRK.01,5.0,2021-11-01 17:20:00,2021-11-01 18:15:00,60,12,23.9,1,2021
FL.RTW.09,5.0,2021-11-01 17:20:00,2021-11-01 17:45:00,30,6,10.6,1,2021
FL.SPW.01,5.0,2021-11-01 17:20:00,2021-11-01 17:50:00,35,7,16.8,1,2021
FL.STN.04,5.0,2021-11-01 17:20:00,2021-11-01 18:05:00,50,10,19.4,1,2021
FL.KSN.01,5.0,2021-11-01 17:25:00,2021-11-01 17:40:00,20,4,6.6,1,2021
FL.KTY.02,5.0,2021-11-01 17:25:00,2021-11-01 17:35:00,15,3,6.2,1,2021
FL.SPW.02,5.0,2021-11-01 17:25:00,2021-11-01 17:35:00,15,3,7.4,1,2021
FL.KTY.05,5.0,2021-11-01 17:30:00,2021-11-01 17:55:00,30,6,11.3,1,2021
FL.BBN.01,5.0,2021-11-02 16:55:00,2021-11-02 17:15:00,25,5,11.4,1,2021
FL.SLG.03,5.0,2021-11-03 21:30:00,2021-11-03 21:50:00,25,5,10.4,1,2021
FL.BNA.03,5.0,2021-11-06 13:45:00,2021-11-06 15:30:00,110,22,13.1,1,2021
FL.BNA.03,5.0,2021-11-07 18:30:00,2021-11-07 19:00:00,35,7,8.4,1,2021
FL.SLG.03,5.0,2021-11-07 18:40:00,2021-11-07 18:50:00,15,3,8.1,1,2021
FL.PPS.01,5.0,2021-11-07 19:00:00,2021-11-07 19:05:00,10,2,7.0,1,2021
FL.CTC.06,5.0,2021-11-20 15:20:00,2021-11-20 15:30:00,15,3,6.3,1,2021
FL.BKN.01,5.0,2021-11-21 06:50:00,2021-11-21 07:55:00,70,14,18.0,1,2021
FL.LSI.03,5.0,2021-11-29 22:50:00,2021-11-30 00:00:00,75,13,6.4,2,2021
FL.LSI.03,5.0,2021-12-09 02:00:00,2021-12-09 03:00:00,65,13,6.3,1,2021
FL.BNA.01,5.0,2022-01-04 11:40:00,2022-01-04 11:45:00,10,2,10.5,1,2022
FL.WTN.01,5.0,2022-01-07 12:45:00,2022-01-07 12:50:00,10,2,11.3,1,2022
FL.BKP.02,5.0,2022-01-22 10:40:00,2022-01-22 12:25:00,110,13,9.8,2,2022
FL.BNA.03,5.0,2022-01-27 13:25:00,2022-01-27 14:25:00,65,13,12.3,1,2022
FL.BNA.04,5.0,2022-01-27 13:35:00,2022-01-27 14:05:00,35,7,15.1,1,2022
FL.CTC.06,5.0,2022-01-27 14:15:00,2022-01-27 14:20:00,10,2,5.4,1,2022
FL.LSI.04,5.0,2022-01-27 15:05:00,2022-01-27 15:55:00,55,11,11.8,1,2022
FL.BKE.01,5.0,2022-02-04 17:15:00,2022-02-04 20:15:00,185,27,18.6,2,2022
FL.PWT.02,5.0,2022-02-04 18:20:00,2022-02-04 18:30:00,15,3,7.2,1,2022
FL.DDG.01,5.0,2022-02-04 18:30:00,2022-02-04 19:15:00,50,10,20.3,1,2022
FL.STN.03,5.0,2022-02-04 18:30:00,2022-02-04 19:20:00,55,11,19.3,1,2022
FL.DDG.05,5.0,2022-02-04 18:35:00,2022-02-04 18:55:00,25,5,15.2,1,2022
FL.SLG.01,5.0,2022-02-04 18:35:00,2022-02-04 18:55:00,25,5,9.9,1,2022
FL.WTN.01,5.0,2022-02-04 18:35:00,2022-02-04 19:20:00,50,10,9.4,1,2022
FL.BBN.01,5.0,2022-02-04 18:40:00,2022-02-04 19:10:00,35,7,14.7,1,2022
FL.DDG.02,5.0,2022-02-04 18:40:00,2022-02-04 18:45:00,10,2,6.1,1,2022
FL.STN.02,5.0,2022-02-04 18:40:00,2022-02-04 18:55:00,20,4,12.6,1,2022
FL.DDG.03,5.0,2022-02-04 18:45:00,2022-02-04 19:05:00,25,5,7.7,1,2022
FL.PTW.04,5.0,2022-02-04 18:45:00,2022-02-04 18:55:00,15,3,6.7,1,2022
FL.STN.04,5.0,2022-02-04 18:45:00,2022-02-04 19:10:00,30,6,12.4,1,2022
FL.BKN.02,5.0,2022-02-04 19:00:00,2022-02-04 19:20:00,25,5,8.7,1,2022
FL.CTC.06,5.0,2022-02-09 14:05:00,2022-02-09 14:20:00,20,4,6.3,1,2022
FL.SMI.01,5.0,2022-02-09 14:50:00,2022-02-09 14:55:00,10,2,6.8,1,2022
FL.CTC.06,5.0,2022-02-10 15:00:00,2022-02-10 15:20:00,25,5,5.7,1,2022
FL.BNA.03,5.0,2022-02-12 07:35:00,2022-02-12 07:40:00,10,2,6.0,1,2022
FL.CTC.06,5.0,2022-02-13 14:35:00,2022-02-13 15:15:00,45,5,5.8,2,2022
FL.BKN.01,5.0,2022-02-14 11:30:00,2022-02-14 12:15:00,50,10,16.2,1,2022
FL.BNA.03,5.0,2022-02-14 11:30:00,2022-02-14 12:20:00,55,11,11.8,1,2022
FL.BNA.04,5.0,2022-02-14 11:40:00,2022-02-14 12:15:00,40,8,7.8,1,2022
FL.CTC.06,5.0,2022-02-15 19:45:00,2022-02-15 19:55:00,15,3,6.0,1,2022
FL.CTC.06,5.0,2022-02-17 12:15:00,2022-02-17 12:20:00,10,2,5.6,1,2022
FL.BNA.03,5.0,2022-02-17 16:10:00,2022-02-17 16:15:00,10,2,6.4,1,2022
FL.RTW.09,5.0,2022-02-21 19:20:00,2022-02-21 19:30:00,15,3,8.6,1,2022
FL.DDG.02,5.0,2022-03-03 11:15:00,2022-03-03 12:10:00,60,12,13.2,1,2022
FL.DDG.01,5.0,2022-03-03 11:35:00,2022-03-03 12:20:00,50,10,28.3,1,2022
FL.DDG.06,5.0,2022-03-03 11:40:00,2022-03-03 11:50:00,15,3,7.3,1,2022
FL.RTW.09,5.0,2022-03-04 11:35:00,2022-03-04 13:50:00,140,28,5.3,1,2022
FL.RTW.09,5.0,2022-03-04 15:00:00,2022-03-04 15:05:00,10,2,5.0,1,2022
FL.CTC.06,5.0,2022-03-10 13:50:00,2022-03-10 13:55:00,10,2,5.1,1,2022
FL.SLG.02,5.0,2022-03-11 10:15:00,2022-03-11 12:05:00,115,23,7.9,1,2022
FL.SLG.02,5.0,2022-03-20 14:00:00,2022-03-20 16:55:00,180,36,8.0,1,2022
FL.DDG.01,5.0,2022-03-20 14:10:00,2022-03-20 16:30:00,145,20,27.8,2,2022
FL.DDG.02,5.0,2022-03-20 14:40:00,2022-03-20 16:35:00,120,24,26.3,1,2022
FL.DDG.06,5.0,2022-03-20 14:40:00,2022-03-20 16:35:00,120,24,10.4,1,2022
FL.CTC.06,5.0,2022-03-20 15:00:00,2022-03-20 15:20:00,25,5,5.5,1,2022
FL.BNA.03,5.0,2022-03-20 15:40:00,2022-03-20 16:40:00,65,13,11.4,1,2022
FL.BNA.03,5.0,2022-03-21 02:40:00,2022-03-21 03:30:00,55,11,13.4,1,2022
FL.SLG.02,5.0,2022-03-21 02:55:00,2022-03-21 05:00:00,130,26,7.4,1,2022
FL.DDG.01,5.0,2022-03-21 03:00:00,2022-03-21 04:45:00,110,11,5.2,2,2022
FL.CTC.06,5.0,2022-03-21 03:10:00,2022-03-21 03:15:00,10,2,6.1,1,2022
FL.KTY.01,5.0,2022-03-23 10:30:00,2022-03-23 12:10:00,105,21,7.9,1,2022
FL.LSI.03,5.0,2022-03-23 16:20:00,2022-03-23 16:25:00,10,2,5.5,1,2022
FL.LSI.04,5.0,2022-03-23 16:20:00,2022-03-23 17:10:00,55,11,17.7,1,2022
FL.LSI.04,5.0,2022-03-24 13:05:00,2022-03-24 13:20:00,20,4,10.2,1,2022
FL.CTC.06,5.0,2022-04-18 18:50:00,2022-04-18 19:10:00,25,5,5.4,1,2022
FL.MBR.01,5.0,2022-04-19 14:00:00,2022-04-19 14:05:00,10,2,11.2,1,2022
FL.LSI.04,5.0,2022-04-21 09:15:00,2022-04-21 10:30:00,80,10,10.9,3,2022
FL.CTC.06,5.0,2022-04-21 09:35:00,2022-04-21 10:45:00,75,13,6.4,2,2022
FL.SMI.01,5.0,2022-04-21 10:20:00,2022-04-21 11:05:00,50,10,29.9,1,2022
FL.LSI.02,5.0,2022-04-21 10:30:00,2022-04-21 10:35:00,10,2,5.9,1,2022
FL.CTC.04,5.0,2022-04-21 10:45:00,2022-04-21 11:05:00,25,5,9.1,1,2022
FL.BNA.03,5.0,2022-04-21 11:30:00,2022-04-21 11:40:00,15,3,7.0,1,2022
FL.WTL.03,5.0,2022-04-22 12:55:00,2022-04-22 13:25:00,35,7,5.0,1,2022
FL.PTW.03,5.0,2022-04-23 01:30:00,2022-04-23 01:55:00,30,4,5.1,2,2022
FL.CTC.06,5.0,2022-04-24 12:45:00,2022-04-24 13:15:00,35,7,5.8,1,2022
FL.BKN.01,5.0,2022-04-26 11:35:00,2022-04-26 12:55:00,85,17,19.7,1,2022
FL.PYT.07,5.0,2022-04-26 11:45:00,2022-04-26 11:55:00,15,3,7.2,1,2022
FL.LSI.04,5.0,2022-04-28 21:40:00,2022-04-28 21:50:00,15,3,8.5,1,2022
FL.BBN.01,5.0,2022-04-28 21:50:00,2022-04-28 22:25:00,40,8,13.8,1,2022
FL.PTW.03,5.0,2022-04-30 14:25:00,2022-04-30 16:45:00,145,18,10.8,4,2022
FL.PPS.01,5.0,2022-04-30 14:30:00,2022-04-30 15:00:00,35,7,8.4,1,2022
FL.RTW.09,5.0,2022-04-30 14:40:00,2022-04-30 15:25:00,50,10,17.0,1,2022
FL.BKN.01,5.0,2022-04-30 15:00:00,2022-04-30 16:00:00,65,13,19.6,1,2022
FL.BKM.02,5.0,2022-05-01 17:50:00,2022-05-01 19:10:00,85,17,10.6,1,2022
FL.BKM.01,5.0,2022-05-01 18:00:00,2022-05-01 19:00:00,65,10,11.7,2,2022
FL.BNA.03,5.0,2022-05-02 05:00:00,2022-05-02 05:10:00,15,3,7.5,1,2022
FL.BNA.04,5.0,2022-05-02 05:20:00,2022-05-02 05:55:00,40,8,11.8,1,2022
FL.PWT.02,5.0,2022-05-02 05:40:00,2022-05-02 06:15:00,40,8,10.5,1,2022
FL.BBN.01,5.0,2022-05-07 13:05:00,2022-05-07 13:10:00,10,2,6.5,1,2022
FL.CTC.06,5.0,2022-05-07 14:00:00,2022-05-07 14:10:00,15,3,6.6,1,2022
FL.SMI.01,5.0,2022-05-07 14:10:00,2022-05-07 16:30:00,145,29,48.4,1,2022
FL.PTW.03,5.0,2022-05-08 15:40:00,2022-05-08 16:30:00,55,9,8.5,2,2022
FL.CTC.06,5.0,2022-05-09 15:35:00,2022-05-09 16:20:00,50,9,6.2,2,2022
FL.LSI.03,5.0,2022-05-09 15:35:00,2022-05-09 18:05:00,155,31,24.8,1,2022
FL.LSI.04,5.0,2022-05-09 15:40:00,2022-05-09 17:55:00,140,28,20.0,1,2022
FL.LSI.05,5.0,2022-05-09 15:45:00,2022-05-09 18:25:00,165,33,12.8,1,2022
FL.BKA.01,5.0,2022-05-09 16:00:00,2022-05-09 16:05:00,10,2,6.3,1,2022
FL.CTC.07,5.0,2022-05-09 16:10:00,2022-05-09 16:45:00,40,8,18.2,1,2022
FL.BKA.01,5.0,2022-05-10 00:35:00,2022-05-10 00:55:00,25,5,10.4,1,2022
FL.PTW.03,5.0,2022-05-11 07:25:00,2022-05-11 08:25:00,65,9,7.1,2,2022
FL.LSI.04,5.0,2022-05-11 10:40:00,2022-05-11 11:50:00,75,15,16.5,1,2022
FL.LSI.05,5.0,2022-05-11 10:45:00,2022-05-11 11:50:00,70,14,12.2,1,2022
FL.LSI.02,5.0,2022-05-11 10:50:00,2022-05-11 10:55:00,10,2,6.4,1,2022
FL.LSI.03,5.0,2022-05-11 11:05:00,2022-05-11 11:25:00,25,5,7.9,1,2022
FL.PTW.03,5.0,2022-05-16 15:35:00,2022-05-16 16:30:00,60,4,6.1,2,2022
FL.CTC.06,5.0,2022-05-16 16:00:00,2022-05-16 16:15:00,20,4,6.3,1,2022
FL.CTC.02,5.0,2022-05-16 16:05:00,2022-05-16 16:15:00,15,3,6.1,1,2022
FL.DDG.02,5.0,2022-05-16 16:10:00,2022-05-16 16:55:00,50,10,15.2,1,2022
FL.DDG.06,5.0,2022-05-16 16:15:00,2022-05-16 16:40:00,30,6,9.1,1,2022
FL.DDG.01,5.0,2022-05-16 16:25:00,2022-05-16 16:30:00,10,2,12.4,1,2022
FL.BKE.01,5.0,2022-05-17 14:00:00,2022-05-17 14:20:00,25,5,8.1,1,2022
FL.BKP.02,5.0,2022-05-17 16:00:00,2022-05-17 16:35:00,40,8,14.4,1,2022
FL.HKG.01,5.0,2022-05-17 16:05:00,2022-05-17 16:30:00,30,6,9.1,1,2022
FL.PTW.03,5.0,2022-05-17 16:05:00,2022-05-17 16:25:00,25,5,5.8,1,2022
FL.DDG.01,5.0,2022-05-17 16:10:00,2022-05-17 17:20:00,75,14,24.0,2,2022
FL.DDG.05,5.0,2022-05-17 16:15:00,2022-05-17 16:45:00,35,7,16.5,1,2022
FL.DDG.02,5.0,2022-05-17 16:20:00,2022-05-17 17:05:00,50,10,11.3,1,2022
FL.CTC.02,5.0,2022-05-17 16:25:00,2022-05-17 16:55:00,35,7,8.3,1,2022
FL.WTL.02,5.0,2022-05-17 16:30:00,2022-05-17 17:00:00,35,7,7.6,1,2022
FL.DDG.06,5.0,2022-05-17 16:35:00,2022-05-17 17:20:00,50,10,11.4,1,2022
FL.CTC.06,5.0,2022-05-17 16:55:00,2022-05-17 17:05:00,15,3,5.8,1,2022
FL.CTC.06,5.0,2022-05-17 18:45:00,2022-05-17 19:00:00,20,4,5.7,1,2022
FL.CTC.07,5.0,2022-05-17 19:10:00,2022-05-17 19:45:00,40,8,18.1,1,2022
FL.WTL.02,5.0,2022-05-17 19:25:00,2022-05-17 20:55:00,95,19,11.8,1,2022
FL.BNA.03,5.0,2022-05-17 21:25:00,2022-05-18 01:00:00,220,40,32.7,2,2022
FL.BNA.04,5.0,2022-05-17 21:25:00,2022-05-18 00:05:00,165,32,21.2,2,2022
FL.LSI.03,5.0,2022-05-17 21:30:00,2022-05-18 01:35:00,250,50,20.6,1,2022
FL.LSI.04,5.0,2022-05-17 21:35:00,2022-05-18 01:20:00,230,46,20.5,1,2022
FL.BKA.01,5.0,2022-05-17 21:45:00,2022-05-18 02:50:00,310,62,9.7,1,2022
FL.LSI.05,5.0,2022-05-17 22:00:00,2022-05-18 01:10:00,195,34,15.4,3,2022
FL.BSU.01,5.0,2022-05-17 22:10:00,2022-05-18 10:55:00,770,154,15.7,1,2022
FL.SMI.01,5.0,2022-05-17 22:10:00,2022-05-17 22:40:00,35,7,18.4,1,2022
FL.BKN.01,5.0,2022-05-17 22:15:00,2022-05-18 01:40:00,210,42,21.5,1,2022
FL.CTC.06,5.0,2022-05-17 22:15:00,2022-05-17 23:55:00,105,13,5.5,4,2022
FL.DST.06,5.0,2022-05-17 22:20:00,2022-05-18 01:35:00,200,40,24.4,1,2022
FL.BKN.02,5.0,2022-05-17 22:25:00,2022-05-17 23:00:00,40,8,7.9,1,2022
FL.CTC.02,5.0,2022-05-17 22:25:00,2022-05-18 00:15:00,115,21,6.8,2,2022
FL.DDG.01,5.0,2022-05-17 22:25:00,2022-05-18 03:05:00,285,46,15.3,6,2022
FL.PTW.03,5.0,2022-05-17 22:25:00,2022-05-18 00:45:00,145,15,6.2,4,2022
FL.DST.07,5.0,2022-05-17 22:30:00,2022-05-17 23:40:00,75,13,11.1,2,2022
FL.RTW.09,5.0,2022-05-17 22:30:00,2022-05-18 01:25:00,180,36,16.8,1,2022
FL.DST.02,5.0,2022-05-17 22:35:00,2022-05-18 01:00:00,150,30,28.6,1,2022
FL.DST.08,5.0,2022-05-17 22:35:00,2022-05-18 00:25:00,115,23,19.0,1,2022
FL.DDG.07,5.0,2022-05-17 22:45:00,2022-05-18 02:55:00,255,50,26.5,2,2022
FL.WTL.02,5.0,2022-05-17 22:45:00,2022-05-18 06:50:00,490,97,23.7,2,2022
FL.PYT.02,5.0,2022-05-17 22:50:00,2022-05-18 01:40:00,175,35,20.2,1,2022
FL.PYT.05,5.0,2022-05-17 22:50:00,2022-05-18 01:25:00,160,28,12.9,2,2022
FL.CTC.07,5.0,2022-05-17 22:55:00,2022-05-18 04:30:00,340,68,41.7,1,2022
FL.PYT.06,5.0,2022-05-17 23:00:00,2022-05-18 01:45:00,170,34,20.3,1,2022
FL.CTC.04,5.0,2022-05-17 23:05:00,2022-05-18 04:50:00,350,66,20.5,4,2022
FL.RTW.04,5.0,2022-05-17 23:05:00,2022-05-18 02:30:00,210,41,12.1,2,2022
FL.RTW.10,5.0,2022-05-17 23:05:00,2022-05-18 00:55:00,115,16,20.9,3,2022
FL.BKM.02,5.0,2022-05-17 23:15:00,2022-05-18 02:20:00,190,38,15.3,1,2022
FL.CTC.03,5.0,2022-05-17 23:15:00,2022-05-18 02:20:00,190,35,46.5,2,2022
FL.KTY.04,5.0,2022-05-17 23:20:00,2022-05-18 02:15:00,180,36,10.8,1,2022
FL.LSI.02,5.0,2022-05-17 23:20:00,2022-05-17 23:30:00,15,3,7.2,1,2022
FL.DDG.02,5.0,2022-05-17 23:25:00,2022-05-18 01:30:00,130,22,13.3,2,2022
FL.DDG.06,5.0,2022-05-17 23:25:00,2022-05-18 02:25:00,185,37,10.7,1,2022
FL.BKM.01,5.0,2022-05-17 23:40:00,2022-05-18 01:10:00,95,11,8.0,2,2022
FL.CTC.01,5.0,2022-05-17 23:40:00,2022-05-18 06:40:00,425,85,38.4,1,2022
FL.PYT.03,5.0,2022-05-17 23:45:00,2022-05-18 01:05:00,85,17,10.9,1,2022
FL.BNA.02,5.0,2022-05-17 23:55:00,2022-05-18 02:25:00,155,31,9.2,1,2022
FL.WTN.01,5.0,2022-05-17 23:55:00,2022-05-18 01:25:00,95,19,11.1,1,2022
FL.DDG.03,5.0,2022-05-18 00:00:00,2022-05-18 01:35:00,100,20,16.4,1,2022
FL.PYT.04,5.0,2022-05-18 00:00:00,2022-05-18 02:05:00,130,26,10.4,1,2022
FL.RTW.06,5.0,2022-05-18 00:00:00,2022-05-18 01:05:00,70,13,8.5,2,2022
FL.CTC.05,5.0,2022-05-18 00:05:00,2022-05-18 00:20:00,20,4,9.2,1,2022
FL.DDG.08,5.0,2022-05-18 00:05:00,2022-05-18 01:00:00,60,6,6.7,2,2022
FL.DDG.04,5.0,2022-05-18 00:25:00,2022-05-18 01:55:00,95,19,9.5,1,2022
FL.DDG.05,5.0,2022-05-18 00:25:00,2022-05-18 02:25:00,125,25,12.6,1,2022
FL.HKG.01,5.0,2022-05-18 00:25:00,2022-05-18 05:00:00,280,56,12.6,1,2022
FL.WTL.01,5.0,2022-05-18 01:00:00,2022-05-18 01:20:00,25,4,8.4,2,2022
FL.SLG.03,5.0,2022-05-18 01:45:00,2022-05-18 03:45:00,125,25,14.5,1,2022
FL.SLG.03,5.0,2022-05-18 23:50:00,2022-05-19 00:00:00,15,3,13.4,1,2022
FL.WTL.03,5.0,2022-05-19 13:00:00,2022-05-19 13:10:00,15,3,12.0,1,2022
FL.BNA.03,5.0,2022-05-22 09:15:00,2022-05-22 09:30:00,20,4,10.7,1,2022
FL.BNA.04,5.0,2022-05-22 09:25:00,2022-05-22 09:30:00,10,2,6.5,1,2022
FL.BBN.02,5.0,2022-05-28 17:30:00,2022-05-28 18:20:00,55,11,11.8,1,2022
FL.BBN.01,5.0,2022-05-28 17:35:00,2022-05-28 18:25:00,55,11,17.5,1,2022
FL.BNA.03,5.0,2022-05-28 18:00:00,2022-05-28 18:15:00,20,4,10.3,1,2022
FL.BKA.01,5.0,2022-05-31 16:15:00,2022-05-31 17:45:00,95,19,9.0,1,2022
FL.DDG.01,5.0,2022-06-06 18:05:00,2022-06-06 18:20:00,20,4,10.6,1,2022
FL.BKN.01,5.0,2022-06-08 15:30:00,2022-06-08 16:15:00,50,10,17.9,1,2022
FL.DST.06,5.0,2022-06-08 15:35:00,2022-06-08 15:50:00,20,4,8.7,1,2022
FL.PYT.02,5.0,2022-06-08 15:40:00,2022-06-08 15:45:00,10,2,5.6,1,2022
FL.CTC.02,5.0,2022-06-08 15:45:00,2022-06-08 15:55:00,15,3,6.7,1,2022
FL.PTW.03,5.0,2022-06-08 15:45:00,2022-06-08 16:00:00,20,4,6.0,1,2022
FL.PYT.07,5.0,2022-06-08 15:45:00,2022-06-08 16:05:00,25,5,7.2,1,2022
FL.STN.04,5.0,2022-06-10 11:00:00,2022-06-10 11:05:00,10,2,11.0,1,2022
FL.CTC.02,5.0,2022-06-11 18:15:00,2022-06-11 18:25:00,15,3,5.4,1,2022
FL.CTC.06,5.0,2022-06-11 18:20:00,2022-06-11 18:25:00,10,2,5.1,1,2022
FL.BRK.02,5.0,2022-06-13 00:15:00,2022-06-13 00:50:00,40,8,40.7,1,2022
FL.BKM.02,5.0,2022-06-14 12:20:00,2022-06-14 13:15:00,60,12,11.7,1,2022
FL.LSI.04,5.0,2022-06-15 11:10:00,2022-06-15 12:15:00,70,14,17.4,1,2022
FL.LSI.05,5.0,2022-06-15 11:25:00,2022-06-15 12:15:00,55,11,11.0,1,2022
FL.LSI.04,5.0,2022-06-15 14:45:00,2022-06-15 15:00:00,20,4,8.3,1,2022
FL.BRK.02,5.0,2022-06-16 09:35:00,2022-06-16 11:45:00,135,27,14.6,1,2022
FL.SLG.03,5.0,2022-06-16 11:25:00,2022-06-16 11:40:00,20,4,9.3,1,2022
FL.BKP.02,5.0,2022-06-16 11:35:00,2022-06-16 11:50:00,20,4,8.8,1,2022
FL.BBN.01,5.0,2022-06-19 19:10:00,2022-06-19 20:00:00,55,11,18.8,1,2022
FL.BBN.02,5.0,2022-06-19 19:10:00,2022-06-19 19:50:00,45,9,14.5,1,2022
FL.BNA.03,5.0,2022-06-19 19:20:00,2022-06-19 20:55:00,100,20,30.0,1,2022
FL.BNA.04,5.0,2022-06-19 19:30:00,2022-06-19 20:35:00,70,14,12.8,1,2022
FL.PWT.02,5.0,2022-06-19 19:55:00,2022-06-19 20:35:00,45,9,15.6,1,2022
FL.CTC.06,5.0,2022-06-20 21:25:00,2022-06-20 21:45:00,25,5,6.1,1,2022
FL.CTC.02,5.0,2022-06-21 19:20:00,2022-06-21 20:05:00,50,10,6.4,1,2022
FL.CTC.06,5.0,2022-06-21 19:25:00,2022-06-21 19:45:00,25,5,5.6,1,2022
FL.CTC.07,5.0,2022-06-21 19:40:00,2022-06-21 19:55:00,20,4,7.3,1,2022
FL.PTW.03,5.0,2022-06-21 19:50:00,2022-06-21 20:00:00,15,3,5.5,1,2022
FL.BSU.01,5.0,2022-06-21 20:00:00,2022-06-21 20:25:00,30,6,7.4,1,2022
FL.SMI.01,5.0,2022-06-24 17:45:00,2022-06-24 19:35:00,115,23,41.0,1,2022
FL.LSI.04,5.0,2022-06-24 18:10:00,2022-06-24 19:35:00,90,18,17.4,1,2022
FL.LSI.03,5.0,2022-06-24 18:15:00,2022-06-24 19:15:00,65,13,25.6,1,2022
FL.LSI.05,5.0,2022-06-24 18:25:00,2022-06-24 19:30:00,70,14,10.7,1,2022
FL.BKN.02,5.0,2022-06-24 20:05:00,2022-06-24 20:45:00,45,9,10.7,1,2022
FL.BBN.01,5.0,2022-06-24 20:55:00,2022-06-24 22:40:00,110,22,21.3,1,2022
FL.BBN.02,5.0,2022-06-24 21:00:00,2022-06-24 22:25:00,90,18,19.3,1,2022
FL.STN.02,5.0,2022-06-24 21:15:00,2022-06-24 22:35:00,85,17,31.9,1,2022
FL.STN.03,5.0,2022-06-24 21:15:00,2022-06-24 23:05:00,115,23,27.6,1,2022
FL.STN.01,5.0,2022-06-24 21:25:00,2022-06-24 22:20:00,60,12,21.5,1,2022
FL.STN.04,5.0,2022-06-24 21:25:00,2022-06-24 21:45:00,25,5,11.2,1,2022
FL.PWT.02,5.0,2022-06-24 22:10:00,2022-06-24 22:15:00,10,2,5.5,1,2022
FL.STN.03,5.0,2022-06-25 02:05:00,2022-06-25 03:35:00,95,14,5.4,2,2022
FL.STN.03,5.0,2022-06-25 04:45:00,2022-06-25 07:05:00,145,23,5.2,3,2022
FL.BKN.01,5.0,2022-06-28 17:25:00,2022-06-28 19:05:00,105,21,17.1,1,2022
FL.BBN.01,5.0,2022-06-28 17:30:00,2022-06-28 18:35:00,70,14,20.3,1,2022
FL.BBN.02,5.0,2022-06-28 17:30:00,2022-06-28 18:15:00,50,10,14.9,1,2022
FL.DDG.01,5.0,2022-06-28 17:45:00,2022-06-28 18:00:00,20,4,12.0,1,2022
FL.DDG.02,5.0,2022-06-28 17:45:00,2022-06-28 18:55:00,75,15,18.6,1,2022
FL.PTW.03,5.0,2022-06-28 17:45:00,2022-06-28 18:10:00,30,5,5.9,2,2022
FL.DDG.06,5.0,2022-06-28 17:50:00,2022-06-28 19:05:00,80,16,14.2,1,2022
FL.DDG.07,5.0,2022-06-28 17:55:00,2022-06-28 18:45:00,55,11,10.0,1,2022
FL.RTW.09,5.0,2022-06-28 18:00:00,2022-06-28 18:25:00,30,6,7.8,1,2022
FL.WTL.02,5.0,2022-06-28 18:05:00,2022-06-28 20:05:00,125,25,14.9,1,2022
FL.BKM.01,5.0,2022-06-28 18:15:00,2022-06-28 19:35:00,85,17,17.0,1,2022
FL.SLG.01,5.0,2022-06-28 18:15:00,2022-06-28 18:40:00,30,6,10.1,1,2022
FL.LSI.03,5.0,2022-06-29 19:00:00,2022-06-29 19:05:00,10,2,5.9,1,2022
FL.RTW.09,5.0,2022-07-01 18:45:00,2022-07-01 20:20:00,100,20,24.3,1,2022
FL.PYT.02,5.0,2022-07-01 18:50:00,2022-07-01 20:15:00,90,18,25.9,1,2022
FL.PYT.07,5.0,2022-07-01 18:50:00,2022-07-01 19:40:00,55,11,12.2,1,2022
FL.BKN.01,5.0,2022-07-01 18:55:00,2022-07-01 20:20:00,90,18,16.9,1,2022
FL.DDG.02,5.0,2022-07-01 18:55:00,2022-07-01 20:40:00,110,22,30.8,1,2022
FL.DDG.06,5.0,2022-07-01 18:55:00,2022-07-01 22:00:00,190,37,26.9,2,2022
FL.PPS.01,5.0,2022-07-01 18:55:00,2022-07-01 19:20:00,30,6,13.4,1,2022
FL.DDG.01,5.0,2022-07-01 19:00:00,2022-07-01 19:35:00,40,8,25.2,1,2022
FL.DDG.07,5.0,2022-07-01 19:00:00,2022-07-01 22:30:00,215,43,32.5,1,2022
FL.PTW.03,5.0,2022-07-01 19:00:00,2022-07-01 19:05:00,10,2,5.3,1,2022
FL.SPW.01,5.0,2022-07-01 19:00:00,2022-07-01 19:15:00,20,4,11.5,1,2022
FL.SPW.02,5.0,2022-07-01 19:00:00,2022-07-01 19:30:00,35,7,11.2,1,2022
FL.BKN.02,5.0,2022-07-01 19:05:00,2022-07-01 19:40:00,40,8,15.3,1,2022
FL.CTC.02,5.0,2022-07-01 19:05:00,2022-07-01 19:35:00,35,7,8.1,1,2022
FL.DDG.08,5.0,2022-07-01 19:05:00,2022-07-01 19:50:00,50,10,19.6,1,2022
FL.DST.06,5.0,2022-07-01 19:05:00,2022-07-01 19:45:00,45,9,11.5,1,2022
FL.RTW.05,5.0,2022-07-01 19:05:00,2022-07-01 19:35:00,35,7,15.1,1,2022
FL.RTW.10,5.0,2022-07-01 19:05:00,2022-07-01 19:40:00,40,8,30.2,1,2022
FL.BKM.01,5.0,2022-07-01 19:10:00,2022-07-01 20:35:00,90,17,15.9,2,2022
FL.BSU.01,5.0,2022-07-01 19:10:00,2022-07-01 20:00:00,55,11,10.8,1,2022
FL.DST.07,5.0,2022-07-01 19:10:00,2022-07-01 19:20:00,15,3,7.8,1,2022
FL.PYT.04,5.0,2022-07-01 19:10:00,2022-07-01 19:50:00,45,9,14.1,1,2022
FL.PYT.05,5.0,2022-07-01 19:10:00,2022-07-01 20:10:00,65,13,10.5,1,2022
FL.PYT.06,5.0,2022-07-01 19:10:00,2022-07-01 20:10:00,65,13,16.2,1,2022
FL.CTC.06,5.0,2022-07-01 19:15:00,2022-07-01 19:20:00,10,2,5.2,1,2022
FL.DDG.03,5.0,2022-07-01 19:15:00,2022-07-01 19:20:00,10,2,5.7,1,2022
FL.PYT.01,5.0,2022-07-01 19:15:00,2022-07-01 19:45:00,35,7,6.5,1,2022
FL.PYT.03,5.0,2022-07-01 19:20:00,2022-07-01 20:10:00,55,11,13.8,1,2022
FL.WTL.02,5.0,2022-07-01 19:20:00,2022-07-01 20:10:00,55,11,9.2,1,2022
FL.CTC.06,5.0,2022-07-02 20:00:00,2022-07-02 20:05:00,10,2,5.7,1,2022
FL.BKM.01,5.0,2022-07-06 19:40:00,2022-07-06 19:45:00,10,2,8.0,1,2022
FL.JTG.01,5.0,2022-07-08 19:30:00,2022-07-08 19:50:00,25,5,7.2,1,2022
FL.PYT.02,5.0,2022-07-08 19:35:00,2022-07-08 19:45:00,15,3,8.8,1,2022
FL.RTW.09,5.0,2022-07-08 19:55:00,2022-07-08 20:30:00,40,8,13.8,1,2022
FL.DDG.06,5.0,2022-07-08 20:10:00,2022-07-08 20:15:00,10,2,6.0,1,2022
FL.RTW.10,5.0,2022-07-08 20:10:00,2022-07-08 20:20:00,15,3,9.6,1,2022
FL.BKN.02,5.0,2022-07-20 18:55:00,2022-07-20 19:00:00,10,2,6.3,1,2022
FL.DDG.01,5.0,2022-07-20 19:10:00,2022-07-21 01:35:00,390,63,28.4,3,2022
FL.DDG.02,5.0,2022-07-20 19:25:00,2022-07-21 00:35:00,315,63,21.9,1,2022
FL.DDG.06,5.0,2022-07-20 19:25:00,2022-07-21 01:45:00,385,77,38.1,1,2022
FL.RTW.09,5.0,2022-07-20 19:30:00,2022-07-20 19:55:00,30,6,11.5,1,2022
FL.RTW.10,5.0,2022-07-20 19:30:00,2022-07-20 19:35:00,10,2,6.2,1,2022
FL.BKM.01,5.0,2022-07-20 19:40:00,2022-07-21 07:20:00,705,141,31.0,1,2022
FL.WTL.02,5.0,2022-07-20 19:40:00,2022-07-21 07:40:00,725,145,20.7,1,2022
FL.BKM.02,5.0,2022-07-20 19:50:00,2022-07-20 21:20:00,95,19,17.1,1,2022
FL.SLG.01,5.0,2022-07-20 19:55:00,2022-07-21 08:25:00,755,149,27.4,2,2022
FL.BKP.02,5.0,2022-07-20 20:05:00,2022-07-20 20:10:00,10,2,7.1,1,2022
FL.CTC.02,5.0,2022-07-20 20:15:00,2022-07-20 20:25:00,15,3,7.4,1,2022
FL.BBN.01,5.0,2022-07-20 20:50:00,2022-07-20 21:20:00,35,7,14.9,1,2022
FL.HKG.01,5.0,2022-07-20 20:50:00,2022-07-21 06:55:00,610,122,36.0,1,2022
FL.WTN.01,5.0,2022-07-20 20:50:00,2022-07-21 05:15:00,510,102,23.3,1,2022
FL.BBN.02,5.0,2022-07-20 21:00:00,2022-07-20 23:35:00,160,21,19.3,2,2022
FL.SLG.03,5.0,2022-07-20 21:05:00,2022-07-21 09:10:00,730,146,38.8,1,2022
FL.DDG.05,5.0,2022-07-20 21:10:00,2022-07-21 05:05:00,480,96,25.4,1,2022
FL.JTG.01,5.0,2022-07-20 21:10:00,2022-07-20 21:15:00,10,2,7.0,1,2022
FL.SLG.02,5.0,2022-07-20 21:10:00,2022-07-21 01:15:00,250,50,27.2,1,2022
FL.STN.03,5.0,2022-07-20 21:15:00,2022-07-21 01:40:00,270,54,34.2,1,2022
FL.BRK.01,5.0,2022-07-20 21:20:00,2022-07-21 02:50:00,335,46,19.9,3,2022
FL.KTY.04,5.0,2022-07-20 21:20:00,2022-07-21 08:20:00,665,132,26.6,2,2022
FL.PWT.02,5.0,2022-07-20 21:20:00,2022-07-20 21:45:00,30,6,26.8,1,2022
FL.STN.01,5.0,2022-07-20 21:20:00,2022-07-20 23:25:00,130,18,14.2,2,2022
FL.STN.02,5.0,2022-07-20 21:20:00,2022-07-21 00:10:00,175,35,27.1,1,2022
FL.KTY.02,5.0,2022-07-20 21:25:00,2022-07-21 02:35:00,315,61,22.3,2,2022
FL.RTW.04,5.0,2022-07-20 21:25:00,2022-07-21 01:10:00,230,43,12.9,2,2022
FL.STN.04,5.0,2022-07-20 21:25:00,2022-07-21 00:30:00,190,38,23.2,1,2022
FL.BNA.04,5.0,2022-07-20 21:30:00,2022-07-20 23:15:00,110,22,20.5,1,2022
FL.KTY.05,5.0,2022-07-20 21:30:00,2022-07-20 23:55:00,150,30,14.1,1,2022
FL.PWT.01,5.0,2022-07-20 21:30:00,2022-07-20 22:35:00,70,14,12.5,1,2022
FL.RTW.09,5.0,2022-07-20 21:30:00,2022-07-21 00:25:00,180,36,21.2,1,2022
FL.PTW.05,5.0,2022-07-20 21:35:00,2022-07-20 23:30:00,120,19,16.3,2,2022
FL.RTW.02,5.0,2022-07-20 21:45:00,2022-07-20 23:25:00,105,10,6.4,2,2022
FL.BNA.03,5.0,2022-07-20 21:50:00,2022-07-21 02:05:00,260,52,46.2,1,2022
FL.BNA.02,5.0,2022-07-20 21:55:00,2022-07-22 02:10:00,1700,340,25.1,1,2022
FL.BKE.01,5.0,2022-07-20 22:25:00,2022-07-20 23:15:00,55,11,19.6,1,2022
FL.BBN.01,5.0,2022-07-20 22:30:00,2022-07-20 23:35:00,70,14,20.8,1,2022
FL.JTG.01,5.0,2022-07-20 22:30:00,2022-07-20 23:40:00,75,15,18.4,1,2022
FL.BRK.02,5.0,2022-07-20 22:35:00,2022-07-21 00:25:00,115,23,19.9,1,2022
FL.RTW.10,5.0,2022-07-20 22:40:00,2022-07-20 22:50:00,15,3,9.7,1,2022
FL.BKP.02,5.0,2022-07-20 22:45:00,2022-07-20 23:00:00,20,4,7.5,1,2022
FL.KTY.03,5.0,2022-07-20 22:45:00,2022-07-20 22:55:00,15,3,6.2,1,2022
FL.BKE.02,5.0,2022-07-20 22:55:00,2022-07-20 23:00:00,10,2,5.1,1,2022
FL.PWT.02,5.0,2022-07-20 23:10:00,2022-07-21 23:50:00,1485,297,41.0,1,2022
FL.RTW.10,5.0,2022-07-21 01:45:00,2022-07-21 02:55:00,75,15,7.3,1,2022
FL.DDG.01,5.0,2022-07-21 03:05:00,2022-07-21 05:15:00,135,27,20.8,1,2022
FL.BKM.01,5.0,2022-07-21 12:10:00,2022-07-21 14:45:00,160,32,15.9,1,2022
FL.SMI.01,5.0,2022-07-21 12:50:00,2022-07-21 13:15:00,30,6,16.9,1,2022
FL.CTC.06,5.0,2022-07-22 22:15:00,2022-07-22 22:20:00,10,2,5.5,1,2022
FL.CTC.07,5.0,2022-07-23 09:55:00,2022-07-23 10:00:00,10,2,10.0,1,2022
FL.DDG.07,5.0,2022-07-26 13:30:00,2022-07-26 13:35:00,10,2,6.2,1,2022
FL.LSI.03,5.0,2022-07-26 14:35:00,2022-07-26 14:50:00,20,4,9.5,1,2022
FL.PWT.02,5.0,2022-07-28 09:45:00,2022-07-28 10:35:00,55,11,18.7,1,2022
FL.WTN.01,5.0,2022-07-28 10:30:00,2022-07-28 11:15:00,50,10,8.6,1,2022
FL.SLG.01,5.0,2022-07-28 10:40:00,2022-07-28 11:05:00,30,6,10.7,1,2022
FL.STN.04,5.0,2022-07-28 10:40:00,2022-07-28 11:10:00,35,7,12.4,1,2022
FL.BKM.01,5.0,2022-07-28 10:50:00,2022-07-28 12:35:00,110,22,20.5,1,2022
FL.WTL.02,5.0,2022-07-28 11:05:00,2022-07-28 11:30:00,30,6,7.8,1,2022
FL.CTC.06,5.0,2022-07-28 11:25:00,2022-07-28 11:30:00,10,2,5.4,1,2022
FL.LSI.03,5.0,2022-07-28 11:25:00,2022-07-28 11:45:00,25,4,6.4,2,2022
FL.LSI.04,5.0,2022-07-28 11:35:00,2022-07-28 12:00:00,30,6,11.1,1,2022
FL.LSI.03,5.0,2022-07-31 17:10:00,2022-07-31 17:30:00,25,5,9.0,1,2022
FL.SMI.01,5.0,2022-07-31 17:20:00,2022-07-31 20:25:00,190,38,50.8,1,2022
FL.BKA.01,5.0,2022-07-31 17:25:00,2022-07-31 18:05:00,45,9,5.8,1,2022
FL.BKN.01,5.0,2022-08-01 11:20:00,2022-08-01 13:05:00,110,22,17.8,1,2022
FL.RTW.09,5.0,2022-08-01 11:20:00,2022-08-01 13:05:00,110,22,21.9,1,2022
FL.DDG.02,5.0,2022-08-01 11:35:00,2022-08-01 12:25:00,55,11,13.1,1,2022
FL.RTW.10,5.0,2022-08-01 11:35:00,2022-08-01 12:15:00,45,9,27.9,1,2022
FL.PYT.03,5.0,2022-08-01 11:40:00,2022-08-01 12:45:00,70,14,16.1,1,2022
FL.DDG.01,5.0,2022-08-01 11:45:00,2022-08-01 11:55:00,15,3,10.7,1,2022
FL.BKN.02,5.0,2022-08-01 11:50:00,2022-08-01 13:10:00,85,15,7.1,2,2022
FL.DDG.06,5.0,2022-08-01 11:50:00,2022-08-01 11:55:00,10,2,7.2,1,2022
FL.BKM.01,5.0,2022-08-01 12:10:00,2022-08-01 15:25:00,200,40,20.3,1,2022
FL.BKM.02,5.0,2022-08-01 12:25:00,2022-08-01 14:45:00,145,29,20.0,1,2022
FL.LSI.03,5.0,2022-08-01 12:25:00,2022-08-01 13:15:00,55,8,10.4,2,2022
FL.LSI.04,5.0,2022-08-01 12:35:00,2022-08-01 13:50:00,80,16,16.6,1,2022
FL.BNA.04,5.0,2022-08-01 12:45:00,2022-08-01 13:15:00,35,7,9.3,1,2022
FL.PWT.02,5.0,2022-08-01 13:00:00,2022-08-01 13:30:00,35,7,9.4,1,2022
FL.SLG.01,5.0,2022-08-01 21:50:00,2022-08-02 00:50:00,185,37,17.0,1,2022
FL.SLG.03,5.0,2022-08-01 22:10:00,2022-08-02 00:30:00,145,29,29.4,1,2022
FL.BKM.01,5.0,2022-08-01 22:15:00,2022-08-02 03:35:00,325,65,28.0,1,2022
FL.WTN.01,5.0,2022-08-01 22:25:00,2022-08-02 01:20:00,180,36,18.2,1,2022
FL.KTY.04,5.0,2022-08-01 22:45:00,2022-08-02 00:50:00,130,26,11.7,1,2022
FL.SLG.02,5.0,2022-08-01 22:45:00,2022-08-01 23:25:00,45,9,14.4,1,2022
FL.WTL.02,5.0,2022-08-01 22:45:00,2022-08-02 01:15:00,155,31,16.6,1,2022
FL.CTC.06,5.0,2022-08-01 22:50:00,2022-08-01 23:10:00,25,5,6.4,1,2022
FL.RTW.09,5.0,2022-08-01 22:50:00,2022-08-01 23:00:00,15,3,8.6,1,2022
FL.CTC.02,5.0,2022-08-01 22:55:00,2022-08-01 23:15:00,25,5,9.4,1,2022
FL.DDG.02,5.0,2022-08-01 22:55:00,2022-08-01 23:30:00,40,8,8.7,1,2022
FL.LSI.03,5.0,2022-08-01 22:55:00,2022-08-01 23:15:00,25,5,7.4,1,2022
FL.BSU.01,5.0,2022-08-01 23:00:00,2022-08-01 23:30:00,35,7,8.4,1,2022
FL.DDG.06,5.0,2022-08-01 23:00:00,2022-08-01 23:35:00,40,8,11.9,1,2022
FL.LSI.04,5.0,2022-08-01 23:00:00,2022-08-01 23:45:00,50,10,13.7,1,2022
FL.BNA.04,5.0,2022-08-01 23:20:00,2022-08-01 23:35:00,20,4,10.7,1,2022
FL.HKG.01,5.0,2022-08-01 23:25:00,2022-08-02 02:45:00,205,41,10.9,1,2022
FL.PWT.02,5.0,2022-08-01 23:25:00,2022-08-02 00:00:00,40,8,10.1,1,2022
FL.SLG.03,5.0,2022-08-02 03:30:00,2022-08-02 04:20:00,55,11,9.7,1,2022
FL.BNA.04,5.0,2022-08-02 08:35:00,2022-08-02 08:45:00,15,3,5.4,1,2022
FL.PWT.02,5.0,2022-08-02 08:55:00,2022-08-02 09:05:00,15,3,7.2,1,2022
FL.DST.08,5.0,2022-08-09 10:55:00,2022-08-09 11:15:00,25,5,6.6,1,2022
FL.DDG.04,5.0,2022-08-11 15:15:00,2022-08-11 15:25:00,15,3,5.9,1,2022
FL.CTC.02,5.0,2022-08-11 15:20:00,2022-08-11 15:40:00,25,5,9.8,1,2022
FL.BSU.01,5.0,2022-08-11 15:25:00,2022-08-11 15:35:00,15,3,6.7,1,2022
FL.DDG.02,5.0,2022-08-11 15:25:00,2022-08-11 15:35:00,15,3,6.2,1,2022
FL.DDG.06,5.0,2022-08-11 15:25:00,2022-08-11 16:05:00,45,9,16.8,1,2022
FL.BKM.01,5.0,2022-08-11 15:30:00,2022-08-11 16:20:00,55,11,17.3,1,2022
FL.PWT.02,5.0,2022-08-15 17:35:00,2022-08-16 15:15:00,1305,254,35.7,2,2022
FL.BKP.02,5.0,2022-08-15 18:25:00,2022-08-15 19:30:00,70,8,7.2,2,2022
FL.SLG.01,5.0,2022-08-15 18:30:00,2022-08-15 18:45:00,20,4,8.9,1,2022
FL.PWT.01,5.0,2022-08-15 19:00:00,2022-08-15 19:20:00,25,5,9.7,1,2022
FL.BKM.01,5.0,2022-08-15 19:15:00,2022-08-15 19:20:00,10,2,7.6,1,2022
FL.BKN.01,5.0,2022-08-15 19:45:00,2022-08-15 20:00:00,20,4,9.2,1,2022
FL.PPS.01,5.0,2022-08-15 19:45:00,2022-08-15 20:00:00,20,4,10.0,1,2022
FL.BRK.01,5.0,2022-08-15 19:50:00,2022-08-15 20:35:00,50,10,20.6,1,2022
FL.RTW.09,5.0,2022-08-15 19:50:00,2022-08-15 21:05:00,80,16,22.2,1,2022
FL.SPW.01,5.0,2022-08-15 19:50:00,2022-08-15 20:10:00,25,5,13.8,1,2022
FL.SPW.02,5.0,2022-08-15 19:50:00,2022-08-15 20:15:00,30,6,9.3,1,2022
FL.PTW.02,5.0,2022-08-15 19:55:00,2022-08-15 20:20:00,30,6,9.7,1,2022
FL.STN.03,5.0,2022-08-15 19:55:00,2022-08-15 20:45:00,55,11,20.5,1,2022
FL.BRK.02,5.0,2022-08-15 20:00:00,2022-08-15 20:35:00,40,8,12.1,1,2022
FL.STN.02,5.0,2022-08-15 20:00:00,2022-08-15 20:20:00,25,5,13.8,1,2022
FL.STN.04,5.0,2022-08-15 20:00:00,2022-08-15 21:20:00,85,17,18.7,1,2022
FL.WTN.01,5.0,2022-08-15 20:00:00,2022-08-15 22:00:00,125,25,10.3,1,2022
FL.RTW.04,5.0,2022-08-15 20:05:00,2022-08-15 20:35:00,35,6,8.2,2,2022
FL.RTW.08,5.0,2022-08-15 20:05:00,2022-08-15 20:10:00,10,2,8.7,1,2022
FL.BNA.04,5.0,2022-08-15 20:10:00,2022-08-15 20:50:00,45,9,19.1,1,2022
FL.KTY.02,5.0,2022-08-15 20:10:00,2022-08-15 22:50:00,165,33,12.1,1,2022
FL.KTY.04,5.0,2022-08-15 20:10:00,2022-08-16 02:35:00,390,78,16.5,1,2022
FL.KTY.05,5.0,2022-08-15 20:10:00,2022-08-15 21:35:00,90,18,15.4,1,2022
FL.PTW.05,5.0,2022-08-15 20:10:00,2022-08-15 20:30:00,25,5,13.0,1,2022
FL.BNA.01,5.0,2022-08-15 20:30:00,2022-08-15 20:45:00,20,4,7.4,1,2022
FL.CTC.06,5.0,2022-08-16 15:15:00,2022-08-16 15:20:00,10,2,5.5,1,2022
FL.CTC.06,5.0,2022-08-25 20:45:00,2022-08-25 20:50:00,10,2,6.0,1,2022
FL.BKE.02,5.0,2022-08-26 16:05:00,2022-08-26 17:40:00,100,20,11.2,1,2022
FL.BKE.01,5.0,2022-08-26 16:45:00,2022-08-26 17:40:00,60,12,14.3,1,2022
FL.RTW.09,5.0,2022-08-26 17:20:00,2022-08-26 17:35:00,20,4,12.5,1,2022
FL.BKM.01,5.0,2022-08-29 20:15:00,2022-08-29 20:20:00,10,2,6.7,1,2022
FL.CTC.06,5.0,2022-08-29 20:25:00,2022-08-29 20:30:00,10,2,6.2,1,2022
FL.CTC.06,5.0,2022-09-01 14:50:00,2022-09-01 15:00:00,15,3,5.6,1,2022
FL.SMI.01,5.0,2022-09-03 12:00:00,2022-09-03 12:15:00,20,4,13.0,1,2022
FL.SLG.03,5.0,2022-09-04 03:40:00,2022-09-04 04:15:00,40,8,14.6,1,2022
FL.STN.03,5.0,2022-09-04 04:00:00,2022-09-04 05:55:00,120,24,24.6,1,2022
FL.WTL.02,5.0,2022-09-04 04:05:00,2022-09-04 04:55:00,55,11,9.7,1,2022
FL.STN.02,5.0,2022-09-04 04:10:00,2022-09-04 05:00:00,55,11,22.9,1,2022
FL.STN.04,5.0,2022-09-04 04:15:00,2022-09-04 04:55:00,45,9,12.3,1,2022
FL.STN.01,5.0,2022-09-04 04:20:00,2022-09-04 04:25:00,10,2,6.5,1,2022
FL.RTW.09,5.0,2022-09-04 04:35:00,2022-09-04 04:45:00,15,3,8.2,1,2022
FL.BNA.04,5.0,2022-09-04 04:40:00,2022-09-04 05:40:00,65,13,10.7,1,2022
FL.PWT.02,5.0,2022-09-04 04:50:00,2022-09-04 06:15:00,90,18,15.4,1,2022
FL.LSI.04,5.0,2022-09-04 19:40:00,2022-09-04 21:40:00,125,25,22.1,1,2022
FL.LSI.03,5.0,2022-09-04 19:55:00,2022-09-04 21:20:00,90,18,20.2,1,2022
FL.BKN.02,5.0,2022-09-04 20:05:00,2022-09-04 20:15:00,15,3,7.2,1,2022
FL.CTC.02,5.0,2022-09-04 20:20:00,2022-09-04 20:40:00,25,5,7.9,1,2022
FL.CTC.04,5.0,2022-09-04 20:30:00,2022-09-04 20:35:00,10,2,5.4,1,2022
FL.DDG.06,5.0,2022-09-04 20:30:00,2022-09-04 20:50:00,25,5,8.0,1,2022
FL.SLG.01,5.0,2022-09-04 20:45:00,2022-09-04 20:55:00,15,3,5.7,1,2022
FL.LSI.03,5.0,2022-09-06 17:30:00,2022-09-06 22:40:00,315,62,26.4,2,2022
FL.LSI.04,5.0,2022-09-06 17:45:00,2022-09-06 21:00:00,200,37,24.2,2,2022
FL.CTC.06,5.0,2022-09-06 19:00:00,2022-09-06 19:05:00,10,2,5.3,1,2022
FL.DDG.01,5.0,2022-09-06 20:25:00,2022-09-06 21:40:00,80,11,14.1,2,2022
FL.DDG.02,5.0,2022-09-06 20:25:00,2022-09-06 22:45:00,145,29,18.4,1,2022
FL.DDG.06,5.0,2022-09-06 20:25:00,2022-09-07 01:30:00,310,62,45.6,1,2022
FL.DDG.04,5.0,2022-09-06 20:30:00,2022-09-06 20:45:00,20,4,5.5,1,2022
FL.CTC.02,5.0,2022-09-06 20:35:00,2022-09-06 21:20:00,50,10,9.3,1,2022
FL.PYT.02,5.0,2022-09-06 20:40:00,2022-09-06 21:55:00,80,16,14.2,1,2022
FL.CTC.07,5.0,2022-09-06 20:45:00,2022-09-06 21:15:00,35,7,17.7,1,2022
FL.RTW.09,5.0,2022-09-06 20:45:00,2022-09-06 22:10:00,90,18,19.4,1,2022
FL.PYT.06,5.0,2022-09-06 20:50:00,2022-09-06 21:45:00,60,12,17.2,1,2022
FL.PYT.07,5.0,2022-09-06 20:50:00,2022-09-06 21:05:00,20,4,9.3,1,2022
FL.CTC.01,5.0,2022-09-06 20:55:00,2022-09-06 21:45:00,55,11,15.2,1,2022
FL.PYT.05,5.0,2022-09-06 20:55:00,2022-09-06 21:50:00,60,11,11.3,2,2022
FL.HKG.01,5.0,2022-09-06 21:05:00,2022-09-06 22:25:00,85,17,10.6,1,2022
FL.LSI.02,5.0,2022-09-06 21:05:00,2022-09-06 22:15:00,75,14,11.8,2,2022
FL.PYT.03,5.0,2022-09-06 21:05:00,2022-09-06 21:20:00,20,4,10.3,1,2022
FL.RTW.04,5.0,2022-09-06 21:05:00,2022-09-06 22:25:00,85,17,9.6,1,2022
FL.DDG.08,5.0,2022-09-06 21:10:00,2022-09-06 21:15:00,10,2,7.0,1,2022
FL.RTW.10,5.0,2022-09-06 21:10:00,2022-09-06 21:30:00,25,5,20.3,1,2022
FL.WTN.01,5.0,2022-09-06 21:25:00,2022-09-06 22:20:00,60,12,14.0,1,2022
FL.DDG.05,5.0,2022-09-06 21:30:00,2022-09-06 21:50:00,25,5,9.5,1,2022
FL.PTW.04,5.0,2022-09-06 21:30:00,2022-09-06 21:55:00,30,6,8.3,1,2022
FL.BRK.01,5.0,2022-09-06 21:45:00,2022-09-06 21:50:00,10,2,6.7,1,2022
FL.PWT.02,5.0,2022-09-06 22:45:00,2022-09-06 23:25:00,45,9,12.5,1,2022
FL.BKP.02,5.0,2022-09-07 21:45:00,2022-09-07 22:10:00,30,6,17.5,1,2022
FL.SLG.01,5.0,2022-09-07 21:50:00,2022-09-07 22:25:00,40,8,11.8,1,2022
FL.PWT.02,5.0,2022-09-07 22:00:00,2022-09-07 22:05:00,10,2,5.6,1,2022
FL.WTL.02,5.0,2022-09-07 22:05:00,2022-09-08 00:00:00,120,24,12.9,1,2022
FL.DDG.06,5.0,2022-09-07 22:40:00,2022-09-07 23:20:00,45,9,15.6,1,2022
FL.DDG.02,5.0,2022-09-07 22:45:00,2022-09-07 22:55:00,15,3,5.4,1,2022
FL.LSI.03,5.0,2022-09-08 12:25:00,2022-09-08 16:05:00,225,45,25.6,1,2022
FL.LSI.04,5.0,2022-09-08 12:30:00,2022-09-08 15:40:00,195,39,25.8,1,2022
FL.LSI.05,5.0,2022-09-08 12:45:00,2022-09-08 15:40:00,180,36,18.0,1,2022
FL.SMI.01,5.0,2022-09-08 12:55:00,2022-09-08 13:00:00,10,2,9.1,1,2022
FL.DDG.06,5.0,2022-09-08 13:25:00,2022-09-08 14:20:00,60,12,16.9,1,2022
FL.WTL.02,5.0,2022-09-08 13:25:00,2022-09-08 14:35:00,75,15,14.1,1,2022
FL.DDG.02,5.0,2022-09-08 13:35:00,2022-09-08 13:55:00,25,5,6.4,1,2022
FL.DDG.07,5.0,2022-09-08 14:00:00,2022-09-08 14:05:00,10,2,5.8,1,2022
FL.DDG.01,5.0,2022-09-08 14:05:00,2022-09-08 14:20:00,20,4,9.3,1,2022
FL.DDG.05,5.0,2022-09-08 14:05:00,2022-09-08 14:35:00,35,7,12.4,1,2022
FL.HKG.01,5.0,2022-09-08 14:15:00,2022-09-08 14:30:00,20,4,6.5,1,2022
FL.SMI.01,5.0,2022-09-08 14:25:00,2022-09-08 17:20:00,180,29,29.8,2,2022
FL.PWT.02,5.0,2022-09-08 14:50:00,2022-09-08 15:35:00,50,10,11.3,1,2022
FL.DDG.06,5.0,2022-09-08 16:15:00,2022-09-08 17:15:00,65,13,16.0,1,2022
FL.WTL.02,5.0,2022-09-08 16:30:00,2022-09-08 16:55:00,30,6,6.5,1,2022
FL.HKG.01,5.0,2022-09-08 17:30:00,2022-09-08 17:50:00,25,5,6.2,1,2022
FL.LSI.02,5.0,2022-09-10 00:30:00,2022-09-10 01:40:00,75,15,14.5,1,2022
FL.CTC.06,5.0,2022-09-10 00:40:00,2022-09-10 01:00:00,25,5,6.5,1,2022
FL.BKM.01,5.0,2022-09-10 00:50:00,2022-09-10 04:40:00,235,47,32.3,1,2022
FL.CTC.03,5.0,2022-09-10 01:00:00,2022-09-10 03:05:00,130,26,33.2,1,2022
FL.BKM.01,5.0,2022-09-10 18:05:00,2022-09-10 21:10:00,190,31,15.0,2,2022
FL.SLG.01,5.0,2022-09-10 18:05:00,2022-09-10 20:35:00,155,29,14.3,2,2022
FL.WTL.02,5.0,2022-09-10 18:10:00,2022-09-10 20:20:00,135,27,12.6,1,2022
FL.BSU.01,5.0,2022-09-10 18:20:00,2022-09-10 20:05:00,110,22,13.7,1,2022
FL.CTC.02,5.0,2022-09-10 18:20:00,2022-09-10 19:05:00,50,10,9.7,1,2022
FL.CTC.06,5.0,2022-09-10 18:20:00,2022-09-10 18:50:00,35,7,5.9,1,2022
FL.PYT.02,5.0,2022-09-10 18:20:00,2022-09-10 18:25:00,10,2,6.0,1,2022
FL.BKN.02,5.0,2022-09-10 18:30:00,2022-09-10 20:05:00,100,19,10.2,2,2022
FL.DDG.06,5.0,2022-09-10 18:30:00,2022-09-10 19:15:00,50,10,10.1,1,2022
FL.RTW.09,5.0,2022-09-10 18:35:00,2022-09-10 20:10:00,100,20,23.3,1,2022
FL.CTC.04,5.0,2022-09-10 18:40:00,2022-09-10 19:05:00,30,6,8.4,1,2022
FL.CTC.07,5.0,2022-09-10 18:40:00,2022-09-10 19:45:00,70,14,22.6,1,2022
FL.DST.06,5.0,2022-09-10 18:40:00,2022-09-10 19:20:00,45,9,11.7,1,2022
FL.HKG.01,5.0,2022-09-10 18:40:00,2022-09-11 02:35:00,480,96,24.1,1,2022
FL.PPS.01,5.0,2022-09-10 18:40:00,2022-09-10 19:00:00,25,5,11.2,1,2022
FL.PTW.04,5.0,2022-09-10 18:40:00,2022-09-10 18:55:00,20,4,7.5,1,2022
FL.CTC.03,5.0,2022-09-10 18:45:00,2022-09-10 19:25:00,45,9,31.2,1,2022
FL.RTW.04,5.0,2022-09-10 18:45:00,2022-09-10 20:10:00,90,18,9.5,1,2022
FL.RTW.10,5.0,2022-09-10 18:45:00,2022-09-10 19:40:00,60,12,28.2,1,2022
FL.LSI.03,5.0,2022-09-10 18:50:00,2022-09-10 20:00:00,75,15,14.6,1,2022
FL.LSI.04,5.0,2022-09-10 18:50:00,2022-09-10 20:05:00,80,16,13.9,1,2022
FL.RTW.05,5.0,2022-09-10 18:50:00,2022-09-10 19:10:00,25,5,11.5,1,2022
FL.KTY.05,5.0,2022-09-10 18:55:00,2022-09-10 20:00:00,70,14,12.7,1,2022
FL.SLG.03,5.0,2022-09-10 18:55:00,2022-09-11 00:40:00,350,70,35.3,1,2022
FL.WTN.01,5.0,2022-09-10 18:55:00,2022-09-10 20:50:00,120,24,18.0,1,2022
FL.DDG.08,5.0,2022-09-10 19:00:00,2022-09-10 19:25:00,30,6,9.7,1,2022
FL.PWT.02,5.0,2022-09-10 19:00:00,2022-09-10 20:15:00,80,16,13.0,1,2022
FL.RTW.02,5.0,2022-09-10 19:00:00,2022-09-10 19:40:00,45,9,7.6,1,2022
FL.KTY.04,5.0,2022-09-10 19:05:00,2022-09-10 23:15:00,255,51,19.9,1,2022
FL.WTN.02,5.0,2022-09-10 19:05:00,2022-09-10 19:50:00,50,10,11.1,1,2022
FL.BKM.02,5.0,2022-09-10 19:15:00,2022-09-10 20:25:00,75,15,13.6,1,2022
FL.DDG.05,5.0,2022-09-10 19:15:00,2022-09-10 21:00:00,110,22,16.2,1,2022
FL.DDG.01,5.0,2022-09-10 19:20:00,2022-09-10 19:55:00,40,6,9.6,2,2022
FL.SLG.02,5.0,2022-09-10 19:25:00,2022-09-10 20:35:00,75,15,16.3,1,2022
FL.BKP.02,5.0,2022-09-10 19:30:00,2022-09-10 20:15:00,50,10,9.4,1,2022
FL.KTY.02,5.0,2022-09-10 19:35:00,2022-09-10 19:50:00,20,4,8.5,1,2022
FL.LSI.05,5.0,2022-09-10 19:40:00,2022-09-10 19:50:00,15,3,7.1,1,2022
FL.RTW.10,5.0,2022-09-10 22:05:00,2022-09-10 23:20:00,80,16,8.2,1,2022
FL.SLG.03,5.0,2022-09-11 03:55:00,2022-09-11 04:50:00,60,12,10.1,1,2022
FL.PWT.02,5.0,2022-09-11 23:45:00,2022-09-12 04:25:00,285,57,20.0,1,2022
FL.CTC.06,5.0,2022-09-12 16:10:00,2022-09-12 16:40:00,35,6,6.8,2,2022
FL.DDG.02,5.0,2022-09-12 16:20:00,2022-09-12 18:15:00,120,24,19.2,1,2022
FL.RTW.10,5.0,2022-09-12 16:20:00,2022-09-12 17:25:00,70,14,28.3,1,2022
FL.CTC.07,5.0,2022-09-12 16:25:00,2022-09-12 17:25:00,65,13,29.2,1,2022
FL.DDG.06,5.0,2022-09-12 16:25:00,2022-09-12 18:05:00,105,21,21.1,1,2022
FL.DDG.08,5.0,2022-09-12 16:25:00,2022-09-12 18:25:00,125,25,29.4,1,2022
FL.RTW.04,5.0,2022-09-12 16:25:00,2022-09-12 18:00:00,100,20,11.8,1,2022
FL.RTW.09,5.0,2022-09-12 16:25:00,2022-09-12 17:20:00,60,12,17.9,1,2022
FL.CTC.02,5.0,2022-09-12 16:30:00,2022-09-12 17:40:00,75,15,11.5,1,2022
FL.CTC.03,5.0,2022-09-12 16:30:00,2022-09-12 16:55:00,30,6,10.0,1,2022
FL.DDG.01,5.0,2022-09-12 16:30:00,2022-09-12 17:30:00,65,13,16.3,1,2022
FL.DDG.03,5.0,2022-09-12 16:30:00,2022-09-12 17:55:00,90,18,18.2,1,2022
FL.CTC.01,5.0,2022-09-12 16:35:00,2022-09-12 19:05:00,155,31,24.7,1,2022
FL.PYT.02,5.0,2022-09-12 16:35:00,2022-09-12 17:40:00,70,14,14.0,1,2022
FL.PYT.05,5.0,2022-09-12 16:35:00,2022-09-12 17:50:00,80,16,18.7,1,2022
FL.CTC.04,5.0,2022-09-12 16:40:00,2022-09-12 17:25:00,50,10,20.9,1,2022
FL.PYT.07,5.0,2022-09-12 16:40:00,2022-09-12 16:50:00,15,3,10.0,1,2022
FL.RTW.02,5.0,2022-09-12 16:40:00,2022-09-12 17:25:00,50,10,11.1,1,2022
FL.PYT.06,5.0,2022-09-12 16:45:00,2022-09-12 17:35:00,55,10,18.5,2,2022
FL.HKG.01,5.0,2022-09-12 16:50:00,2022-09-12 17:30:00,45,9,11.5,1,2022
FL.DDG.05,5.0,2022-09-12 16:55:00,2022-09-12 17:30:00,40,8,11.8,1,2022
FL.DDG.07,5.0,2022-09-12 16:55:00,2022-09-12 18:00:00,70,14,13.0,1,2022
FL.PYT.01,5.0,2022-09-12 17:00:00,2022-09-12 17:05:00,10,2,6.8,1,2022
FL.LSI.04,5.0,2022-09-12 17:05:00,2022-09-12 17:10:00,10,2,6.5,1,2022
FL.SLG.01,5.0,2022-09-13 14:25:00,2022-09-13 16:25:00,125,25,18.2,1,2022
FL.BKP.02,5.0,2022-09-13 14:30:00,2022-09-13 17:30:00,185,37,32.7,1,2022
FL.BNA.04,5.0,2022-09-13 14:35:00,2022-09-13 16:35:00,125,25,18.1,1,2022
FL.PTW.04,5.0,2022-09-13 14:35:00,2022-09-13 15:15:00,45,9,8.1,1,2022
FL.SLG.03,5.0,2022-09-13 14:40:00,2022-09-13 16:20:00,105,21,28.4,1,2022
FL.BNA.03,5.0,2022-09-13 14:45:00,2022-09-13 16:15:00,95,19,36.1,1,2022
FL.KTY.02,5.0,2022-09-13 14:45:00,2022-09-13 15:55:00,75,15,12.7,1,2022
FL.KTY.05,5.0,2022-09-13 14:45:00,2022-09-13 15:40:00,60,11,13.3,2,2022
FL.KTY.04,5.0,2022-09-13 14:50:00,2022-09-13 15:05:00,20,4,6.5,1,2022
FL.WTL.02,5.0,2022-09-13 14:50:00,2022-09-13 16:20:00,95,19,13.1,1,2022
FL.WTL.03,5.0,2022-09-13 14:50:00,2022-09-13 15:45:00,60,12,15.3,1,2022
FL.STN.04,5.0,2022-09-13 14:55:00,2022-09-13 15:30:00,40,8,10.0,1,2022
FL.STN.03,5.0,2022-09-13 15:00:00,2022-09-13 15:45:00,50,10,12.2,1,2022
FL.BKN.01,5.0,2022-09-13 15:10:00,2022-09-13 22:40:00,455,91,6.2,1,2022
FL.PWT.02,5.0,2022-09-13 22:25:00,2022-09-13 23:00:00,40,8,17.6,1,2022
FL.BKN.01,5.0,2022-09-13 23:45:00,2022-09-14 00:00:00,20,4,5.1,1,2022
FL.PWT.02,5.0,2022-09-14 00:05:00,2022-09-14 00:10:00,10,2,5.1,1,2022
FL.JTG.01,5.0,2022-09-14 18:35:00,2022-09-14 19:30:00,60,12,9.6,1,2022
FL.STN.03,5.0,2022-09-14 19:15:00,2022-09-14 20:00:00,50,10,17.9,1,2022
FL.PNK.02,5.0,2022-09-18 20:00:00,2022-09-18 20:25:00,30,6,6.5,1,2022
FL.CTC.02,5.0,2022-09-18 20:15:00,2022-09-18 20:30:00,20,4,7.8,1,2022
FL.PNK.02,5.0,2022-09-18 21:35:00,2022-09-18 22:35:00,65,4,6.9,2,2022
FL.PNK.02,5.0,2022-09-18 23:45:00,2022-09-18 23:50:00,10,2,6.9,1,2022
FL.DDG.07,5.0,2022-09-19 11:25:00,2022-09-19 12:35:00,75,9,5.6,3,2022
FL.BKP.02,5.0,2022-09-21 17:15:00,2022-09-21 17:35:00,25,5,11.9,1,2022
FL.PWT.02,5.0,2022-09-21 17:30:00,2022-09-21 18:30:00,65,13,20.5,1,2022
FL.BBN.01,5.0,2022-09-21 18:20:00,2022-09-21 19:00:00,45,7,8.0,2,2022
FL.BKN.02,5.0,2022-09-21 22:25:00,2022-09-21 22:40:00,20,4,5.8,1,2022
FL.SMI.01,5.0,2022-09-22 02:10:00,2022-09-22 02:50:00,45,9,23.0,1,2022
FL.CTC.06,5.0,2022-09-22 02:30:00,2022-09-22 02:45:00,20,4,6.5,1,2022
FL.DDG.01,5.0,2022-09-22 02:50:00,2022-09-22 03:15:00,30,6,17.7,1,2022
FL.DDG.02,5.0,2022-09-22 02:50:00,2022-09-22 03:50:00,65,13,12.2,1,2022
FL.DDG.06,5.0,2022-09-22 02:50:00,2022-09-22 03:55:00,70,14,20.8,1,2022
FL.HKG.01,5.0,2022-09-22 02:50:00,2022-09-22 04:25:00,100,20,20.5,1,2022
FL.CTC.02,5.0,2022-09-22 02:55:00,2022-09-22 03:10:00,20,4,8.3,1,2022
FL.RTW.08,5.0,2022-09-22 02:55:00,2022-09-22 03:50:00,60,12,26.1,1,2022
FL.RTW.09,5.0,2022-09-22 02:55:00,2022-09-22 04:45:00,115,23,28.5,1,2022
FL.DDG.08,5.0,2022-09-22 03:00:00,2022-09-22 03:10:00,15,3,7.8,1,2022
FL.PTW.04,5.0,2022-09-22 03:00:00,2022-09-22 03:40:00,45,9,9.6,1,2022
FL.SLG.01,5.0,2022-09-22 03:00:00,2022-09-22 04:10:00,75,15,15.2,1,2022
FL.WTN.01,5.0,2022-09-22 03:00:00,2022-09-22 05:00:00,125,25,15.3,1,2022
FL.RTW.02,5.0,2022-09-22 03:05:00,2022-09-22 03:25:00,25,5,7.5,1,2022
FL.RTW.04,5.0,2022-09-22 03:05:00,2022-09-22 04:50:00,110,22,11.5,1,2022
FL.RTW.10,5.0,2022-09-22 03:05:00,2022-09-22 03:40:00,40,8,27.0,1,2022
FL.STN.02,5.0,2022-09-22 03:05:00,2022-09-22 03:50:00,50,10,13.4,1,2022
FL.STN.04,5.0,2022-09-22 03:05:00,2022-09-22 04:20:00,80,16,15.3,1,2022
FL.PTW.01,5.0,2022-09-22 03:10:00,2022-09-22 03:55:00,50,10,6.3,1,2022
FL.PTW.02,5.0,2022-09-22 03:10:00,2022-09-22 04:05:00,60,12,12.0,1,2022
FL.PTW.05,5.0,2022-09-22 03:10:00,2022-09-22 03:40:00,35,7,17.2,1,2022
FL.STN.03,5.0,2022-09-22 03:10:00,2022-09-22 03:50:00,45,9,10.2,1,2022
FL.BRK.02,5.0,2022-09-22 03:15:00,2022-09-22 03:50:00,40,8,12.1,1,2022
FL.RTW.05,5.0,2022-09-22 03:15:00,2022-09-22 04:15:00,65,13,15.1,1,2022
FL.STN.01,5.0,2022-09-22 03:15:00,2022-09-22 03:20:00,10,2,7.0,1,2022
FL.BRK.01,5.0,2022-09-22 03:55:00,2022-09-22 04:20:00,30,6,11.4,1,2022
FL.BKE.01,5.0,2022-09-22 04:45:00,2022-09-22 05:55:00,75,15,19.6,1,2022
FL.BKE.02,5.0,2022-09-22 04:50:00,2022-09-22 05:45:00,60,12,11.2,1,2022
FL.RTW.09,5.0,2022-09-22 20:05:00,2022-09-22 22:20:00,140,28,27.4,1,2022
FL.SMI.01,5.0,2022-09-22 20:35:00,2022-09-22 21:15:00,45,7,12.3,2,2022
FL.RTW.01,5.0,2022-09-22 20:45:00,2022-09-22 20:50:00,10,2,5.8,1,2022
FL.RTW.04,5.0,2022-09-22 20:45:00,2022-09-22 22:25:00,105,21,10.5,1,2022
FL.CTC.02,5.0,2022-09-22 20:50:00,2022-09-22 21:10:00,25,5,7.9,1,2022
FL.RTW.10,5.0,2022-09-22 20:55:00,2022-09-22 21:40:00,50,10,22.2,1,2022
FL.STN.04,5.0,2022-09-22 20:55:00,2022-09-22 22:20:00,90,18,15.8,1,2022
FL.RTW.05,5.0,2022-09-22 21:30:00,2022-09-22 21:40:00,15,3,8.2,1,2022
FL.BKP.02,5.0,2022-09-22 21:40:00,2022-09-22 21:55:00,20,4,8.8,1,2022
FL.BKN.02,5.0,2022-09-23 19:20:00,2022-09-23 19:40:00,25,5,7.8,1,2022
FL.CTC.06,5.0,2022-09-23 22:00:00,2022-09-23 22:35:00,40,6,5.5,2,2022
FL.WTL.02,5.0,2022-09-23 23:05:00,2022-09-24 00:25:00,85,17,9.2,1,2022
FL.RTW.08,5.0,2022-09-23 23:10:00,2022-09-23 23:35:00,30,6,19.5,1,2022
FL.RTW.10,5.0,2022-09-23 23:15:00,2022-09-23 23:35:00,25,5,18.4,1,2022
FL.CTC.02,5.0,2022-09-23 23:25:00,2022-09-23 23:40:00,20,4,8.2,1,2022
FL.DDG.06,5.0,2022-09-23 23:35:00,2022-09-23 23:55:00,25,5,9.8,1,2022
FL.KTY.04,5.0,2022-09-23 23:35:00,2022-09-24 01:25:00,115,16,11.7,2,2022
FL.DDG.07,5.0,2022-09-24 00:00:00,2022-09-24 01:45:00,110,22,17.3,1,2022
FL.CTC.06,5.0,2022-09-24 11:35:00,2022-09-24 11:40:00,10,2,5.2,1,2022
FL.DDG.01,5.0,2022-09-24 12:45:00,2022-09-24 12:55:00,15,3,8.8,1,2022
FL.HKG.01,5.0,2022-09-24 12:45:00,2022-09-24 13:15:00,35,7,9.0,1,2022
FL.DDG.06,5.0,2022-09-24 12:50:00,2022-09-24 13:25:00,40,8,8.2,1,2022
FL.RTW.08,5.0,2022-09-24 23:35:00,2022-09-25 00:35:00,65,13,21.8,1,2022
FL.RTW.09,5.0,2022-09-24 23:35:00,2022-09-25 00:55:00,85,17,25.6,1,2022
FL.DDG.07,5.0,2022-09-24 23:40:00,2022-09-25 04:35:00,300,60,46.1,1,2022
FL.RTW.10,5.0,2022-09-24 23:40:00,2022-09-25 01:00:00,85,17,35.6,1,2022
FL.DDG.02,5.0,2022-09-24 23:45:00,2022-09-25 00:40:00,60,12,10.9,1,2022
FL.DDG.06,5.0,2022-09-24 23:45:00,2022-09-25 00:50:00,70,14,16.2,1,2022
FL.DDG.08,5.0,2022-09-24 23:45:00,2022-09-25 01:15:00,95,19,19.3,1,2022
FL.PTW.01,5.0,2022-09-24 23:45:00,2022-09-25 00:25:00,45,9,6.3,1,2022
FL.PTW.02,5.0,2022-09-24 23:45:00,2022-09-25 00:15:00,35,7,11.6,1,2022
FL.RTW.04,5.0,2022-09-24 23:45:00,2022-09-25 01:30:00,110,22,13.8,1,2022
FL.RTW.05,5.0,2022-09-24 23:55:00,2022-09-25 00:25:00,35,7,11.1,1,2022
FL.CTC.02,5.0,2022-09-25 00:00:00,2022-09-25 00:20:00,25,5,9.1,1,2022
FL.LSI.03,5.0,2022-09-25 00:25:00,2022-09-25 00:40:00,20,4,5.6,1,2022
FL.PWT.02,5.0,2022-09-26 03:25:00,2022-09-26 04:15:00,55,11,21.9,1,2022
FL.BKM.01,5.0,2022-09-26 04:00:00,2022-09-26 05:35:00,100,20,24.4,1,2022
FL.BKM.02,5.0,2022-09-27 12:35:00,2022-09-27 13:00:00,30,6,24.8,1,2022
FL.BKM.01,5.0,2022-09-27 12:45:00,2022-09-27 13:00:00,20,4,11.6,1,2022
FL.PWT.02,5.0,2022-09-27 17:30:00,2022-09-27 17:40:00,15,3,7.7,1,2022
FL.SMI.01,5.0,2022-09-29 03:20:00,2022-09-29 03:35:00,20,4,7.4,1,2022
FL.BKP.01,5.0,2022-09-29 08:05:00,2022-09-29 09:00:00,60,12,6.9,1,2022
FL.CTC.06,5.0,2022-10-01 23:35:00,2022-10-02 00:15:00,45,7,5.8,2,2022
FL.CTC.07,5.0,2022-10-02 00:15:00,2022-10-02 00:25:00,15,3,10.8,1,2022
FL.BNA.04,5.0,2022-10-02 00:20:00,2022-10-02 00:35:00,20,4,6.6,1,2022
FL.CTC.03,5.0,2022-10-02 00:25:00,2022-10-02 00:55:00,35,7,13.1,1,2022
FL.PWT.02,5.0,2022-10-02 00:40:00,2022-10-02 01:25:00,50,10,18.7,1,2022
FL.BNA.04,5.0,2022-10-03 13:30:00,2022-10-03 15:15:00,110,20,12.8,2,2022
FL.BNA.03,5.0,2022-10-03 13:40:00,2022-10-03 18:35:00,300,60,50.9,1,2022
FL.KTY.05,5.0,2022-10-03 14:10:00,2022-10-03 17:45:00,220,34,16.5,2,2022
FL.PWT.02,5.0,2022-10-03 14:15:00,2022-10-04 05:40:00,930,186,32.7,1,2022
FL.CTC.06,5.0,2022-10-03 14:25:00,2022-10-03 15:35:00,75,8,6.6,2,2022
FL.CTC.02,5.0,2022-10-03 14:30:00,2022-10-03 14:55:00,30,6,8.7,1,2022
FL.CTC.07,5.0,2022-10-03 14:30:00,2022-10-03 18:45:00,260,52,51.4,1,2022
FL.BSU.01,5.0,2022-10-03 14:35:00,2022-10-03 16:10:00,100,20,11.3,1,2022
FL.CTC.04,5.0,2022-10-03 14:40:00,2022-10-03 18:30:00,235,47,31.1,1,2022
FL.LSI.03,5.0,2022-10-03 14:40:00,2022-10-04 00:00:00,565,113,28.1,1,2022
FL.LSI.04,5.0,2022-10-03 14:45:00,2022-10-03 23:20:00,520,104,36.1,1,2022
FL.BBN.01,5.0,2022-10-03 14:55:00,2022-10-03 15:30:00,40,8,15.5,1,2022
FL.LSI.05,5.0,2022-10-03 14:55:00,2022-10-03 22:15:00,445,89,26.4,1,2022
FL.RTW.09,5.0,2022-10-03 14:55:00,2022-10-03 15:30:00,40,8,11.0,1,2022
FL.BBN.02,5.0,2022-10-03 15:00:00,2022-10-03 15:45:00,50,10,15.1,1,2022
FL.BKE.01,5.0,2022-10-03 15:15:00,2022-10-03 15:55:00,45,9,13.8,1,2022
FL.BKN.02,5.0,2022-10-03 15:15:00,2022-10-03 17:05:00,115,21,7.1,3,2022
FL.BKE.02,5.0,2022-10-03 15:20:00,2022-10-03 15:40:00,25,5,8.6,1,2022
FL.BKN.01,5.0,2022-10-03 15:20:00,2022-10-03 15:30:00,15,3,5.7,1,2022
FL.CTC.01,5.0,2022-10-03 15:25:00,2022-10-03 20:55:00,335,67,31.6,1,2022
FL.BNA.02,5.0,2022-10-03 15:30:00,2022-10-03 18:15:00,170,32,9.8,3,2022
FL.CTC.03,5.0,2022-10-03 15:30:00,2022-10-03 16:30:00,65,13,28.7,1,2022
FL.LSI.02,5.0,2022-10-03 15:30:00,2022-10-03 18:20:00,175,25,16.1,2,2022
FL.KTY.02,5.0,2022-10-03 16:00:00,2022-10-03 18:10:00,135,27,15.2,1,2022
FL.KTY.04,5.0,2022-10-03 16:15:00,2022-10-03 19:05:00,175,34,13.5,2,2022
FL.KTY.03,5.0,2022-10-03 16:20:00,2022-10-03 17:25:00,70,13,14.0,2,2022
FL.KTY.01,5.0,2022-10-03 16:30:00,2022-10-03 17:10:00,45,9,9.5,1,2022
FL.STN.04,5.0,2022-10-03 16:30:00,2022-10-03 16:55:00,30,6,10.0,1,2022
FL.LSI.02,5.0,2022-10-03 19:45:00,2022-10-03 22:40:00,180,33,7.4,4,2022
FL.LSI.03,5.0,2022-10-04 03:55:00,2022-10-04 06:00:00,130,26,16.5,1,2022
FL.PPS.01,5.0,2022-10-07 15:50:00,2022-10-07 16:45:00,60,11,12.5,2,2022
FL.RTW.09,5.0,2022-10-07 16:00:00,2022-10-07 17:25:00,90,18,17.9,1,2022
FL.KTY.05,5.0,2022-10-07 16:10:00,2022-10-07 19:20:00,195,37,17.1,2,2022
FL.SPW.01,5.0,2022-10-07 16:10:00,2022-10-07 17:30:00,85,17,15.8,1,2022
FL.BKN.02,5.0,2022-10-07 16:15:00,2022-10-07 19:40:00,210,41,14.3,2,2022
FL.KTY.01,5.0,2022-10-07 16:15:00,2022-10-07 18:15:00,125,25,21.5,1,2022
FL.KTY.03,5.0,2022-10-07 16:15:00,2022-10-07 18:35:00,145,29,18.8,1,2022
FL.KTY.04,5.0,2022-10-07 16:15:00,2022-10-07 19:50:00,220,44,17.7,1,2022
FL.RTW.04,5.0,2022-10-07 16:15:00,2022-10-07 17:35:00,85,17,8.3,1,2022
FL.SPW.02,5.0,2022-10-07 16:15:00,2022-10-07 16:55:00,45,9,8.3,1,2022
FL.STN.04,5.0,2022-10-07 16:15:00,2022-10-07 18:15:00,125,25,21.4,1,2022
FL.BKN.01,5.0,2022-10-07 16:20:00,2022-10-07 17:15:00,60,12,11.8,1,2022
FL.KTY.02,5.0,2022-10-07 16:20:00,2022-10-07 19:25:00,190,38,15.6,1,2022
FL.RTW.05,5.0,2022-10-07 16:20:00,2022-10-07 16:45:00,30,6,9.4,1,2022
FL.BRK.02,5.0,2022-10-07 16:25:00,2022-10-07 17:00:00,40,8,9.9,1,2022
FL.PTW.01,5.0,2022-10-07 16:25:00,2022-10-07 16:40:00,20,4,6.0,1,2022
FL.BRK.01,5.0,2022-10-07 16:30:00,2022-10-07 16:40:00,15,3,9.1,1,2022
FL.PWT.02,5.0,2022-10-07 16:45:00,2022-10-07 20:10:00,210,39,11.1,4,2022
FL.BBN.01,5.0,2022-10-09 18:35:00,2022-10-09 18:45:00,15,3,8.7,1,2022
FL.JTG.01,5.0,2022-10-09 18:35:00,2022-10-09 19:55:00,85,17,11.1,1,2022
FL.PWT.02,5.0,2022-10-09 18:35:00,2022-10-10 04:45:00,615,123,25.5,1,2022
FL.BBN.02,5.0,2022-10-09 18:40:00,2022-10-09 18:55:00,20,4,7.4,1,2022
FL.KTY.04,5.0,2022-10-09 18:40:00,2022-10-09 22:55:00,260,52,23.5,1,2022
FL.STN.03,5.0,2022-10-09 18:40:00,2022-10-09 21:40:00,185,37,40.4,1,2022
FL.PWT.01,5.0,2022-10-09 18:45:00,2022-10-09 19:00:00,20,4,7.9,1,2022
FL.SLG.01,5.0,2022-10-09 18:45:00,2022-10-09 19:20:00,40,8,9.3,1,2022
FL.STN.02,5.0,2022-10-09 18:45:00,2022-10-09 20:35:00,115,23,25.6,1,2022
FL.WTN.01,5.0,2022-10-09 18:45:00,2022-10-09 19:45:00,65,13,15.3,1,2022
FL.BRK.01,5.0,2022-10-09 18:50:00,2022-10-09 20:10:00,85,17,26.9,1,2022
FL.HKG.01,5.0,2022-10-09 18:50:00,2022-10-09 19:05:00,20,4,7.0,1,2022
FL.KTY.01,5.0,2022-10-09 18:50:00,2022-10-09 20:15:00,90,18,20.0,1,2022
FL.KTY.02,5.0,2022-10-09 18:50:00,2022-10-09 20:45:00,120,24,14.6,1,2022
FL.KTY.05,5.0,2022-10-09 18:50:00,2022-10-09 21:00:00,135,27,19.8,1,2022
FL.SLG.03,5.0,2022-10-09 18:50:00,2022-10-09 19:30:00,45,9,17.1,1,2022
FL.STN.04,5.0,2022-10-09 18:50:00,2022-10-09 20:50:00,125,25,28.1,1,2022
FL.BNA.04,5.0,2022-10-09 18:55:00,2022-10-09 19:05:00,15,3,5.8,1,2022
FL.KSN.01,5.0,2022-10-09 18:55:00,2022-10-09 19:25:00,35,7,8.2,1,2022
FL.KTY.03,5.0,2022-10-09 18:55:00,2022-10-09 20:20:00,90,18,19.8,1,2022
FL.SPW.01,5.0,2022-10-09 18:55:00,2022-10-09 19:30:00,40,8,13.8,1,2022
FL.STN.01,5.0,2022-10-09 18:55:00,2022-10-09 19:55:00,65,13,17.9,1,2022
FL.BKE.02,5.0,2022-10-09 19:00:00,2022-10-09 20:25:00,90,18,8.9,1,2022
FL.BRK.02,5.0,2022-10-09 19:00:00,2022-10-09 19:30:00,35,7,11.0,1,2022
FL.BKE.01,5.0,2022-10-09 19:05:00,2022-10-09 19:55:00,55,11,14.1,1,2022
FL.RTW.09,5.0,2022-10-09 19:05:00,2022-10-09 19:20:00,20,4,10.2,1,2022
FL.BKN.02,5.0,2022-10-09 19:15:00,2022-10-09 19:45:00,35,7,9.9,1,2022
FL.CTC.06,5.0,2022-10-10 03:35:00,2022-10-10 03:45:00,15,3,5.9,1,2022
FL.SLG.03,5.0,2022-10-11 01:05:00,2022-10-11 02:05:00,65,13,20.0,1,2022
FL.HKG.01,5.0,2022-10-11 01:10:00,2022-10-11 02:50:00,105,21,17.7,1,2022
FL.WTN.01,5.0,2022-10-11 01:10:00,2022-10-11 03:30:00,145,29,18.7,1,2022
FL.RTW.09,5.0,2022-10-11 01:15:00,2022-10-11 02:20:00,70,14,16.5,1,2022
FL.PWT.02,5.0,2022-10-11 01:20:00,2022-10-11 04:05:00,170,34,11.9,1,2022
FL.RTW.08,5.0,2022-10-11 01:20:00,2022-10-11 02:05:00,50,10,18.9,1,2022
FL.WTN.02,5.0,2022-10-11 01:20:00,2022-10-11 02:05:00,50,10,10.3,1,2022
FL.KTY.02,5.0,2022-10-11 01:25:00,2022-10-11 02:35:00,75,15,10.5,1,2022
FL.RTW.02,5.0,2022-10-11 01:25:00,2022-10-11 01:55:00,35,7,9.4,1,2022
FL.RTW.04,5.0,2022-10-11 01:30:00,2022-10-11 02:25:00,60,12,8.6,1,2022
FL.RTW.10,5.0,2022-10-11 01:30:00,2022-10-11 01:50:00,25,5,13.4,1,2022
FL.SMI.01,5.0,2022-10-22 21:45:00,2022-10-22 22:45:00,65,13,20.8,1,2022
FL.PWT.02,5.0,2022-10-23 00:00:00,2022-10-23 01:15:00,80,12,17.5,2,2022
FL.BRK.02,5.0,2022-10-23 00:05:00,2022-10-23 01:40:00,100,17,6.4,2,2022
FL.BNA.04,5.0,2022-10-23 00:20:00,2022-10-23 01:25:00,70,14,20.4,1,2022
FL.BNA.01,5.0,2022-10-23 01:00:00,2022-10-23 01:20:00,25,4,7.5,2,2022
FL.BRK.02,5.0,2022-10-24 10:40:00,2022-10-24 10:50:00,15,3,5.6,1,2022
FL.BRK.02,5.0,2022-10-27 03:20:00,2022-10-27 03:35:00,20,4,5.7,1,2022
FL.BKM.02,5.0,2022-11-11 12:15:00,2022-11-11 14:00:00,110,22,6.3,1,2022
FL.CTC.06,5.0,2022-11-14 17:30:00,2022-11-14 17:40:00,15,3,5.7,1,2022
FL.BRK.02,5.0,2022-11-15 20:25:00,2022-11-15 21:10:00,50,10,7.4,1,2022
FL.RTW.08,5.0,2022-11-15 20:35:00,2022-11-15 21:00:00,30,6,11.0,1,2022
FL.RTW.09,5.0,2022-11-15 20:40:00,2022-11-15 21:00:00,25,5,10.4,1,2022
FL.BRK.02,5.0,2022-11-16 10:45:00,2022-11-16 10:50:00,10,2,5.5,1,2022
FL.BBN.01,5.0,2022-11-16 14:50:00,2022-11-16 15:15:00,30,6,10.2,1,2022
FL.HKG.01,5.0,2022-11-17 15:55:00,2022-11-17 16:05:00,15,3,7.9,1,2022
FL.BRK.02,5.0,2022-11-17 16:45:00,2022-11-17 17:00:00,20,4,6.0,1,2022
FL.BRK.02,5.0,2022-11-19 16:15:00,2022-11-19 16:25:00,15,3,5.5,1,2022
FL.BBN.01,5.0,2022-11-19 16:30:00,2022-11-19 16:55:00,30,4,9.8,2,2022
FL.BBN.02,5.0,2022-11-19 16:30:00,2022-11-19 17:10:00,45,8,10.1,2,2022
FL.CTC.06,5.0,2022-11-23 19:50:00,2022-11-23 20:25:00,40,8,6.7,1,2022
FL.SLG.01,5.0,2022-11-23 19:55:00,2022-11-23 20:10:00,20,4,6.0,1,2022
FL.SMI.01,5.0,2022-11-23 20:10:00,2022-11-23 20:15:00,10,2,11.8,1,2022
FL.BKA.01,5.0,2022-11-23 20:15:00,2022-11-23 20:30:00,20,4,6.2,1,2022
FL.DDG.01,5.0,2022-11-23 20:15:00,2022-11-23 20:20:00,10,2,5.5,1,2022
FL.LSI.04,5.0,2022-11-23 20:15:00,2022-11-23 20:30:00,20,4,10.7,1,2022
FL.BRK.02,5.0,2022-11-23 20:25:00,2022-11-23 21:40:00,80,16,5.9,1,2022
FL.BKN.02,5.0,2022-11-23 20:35:00,2022-11-23 21:10:00,40,8,7.1,1,2022
FL.DDG.01,5.0,2022-11-24 18:35:00,2022-11-24 18:40:00,10,2,9.9,1,2022
FL.DDG.02,5.0,2022-11-24 18:40:00,2022-11-24 18:55:00,20,4,8.4,1,2022
FL.DDG.06,5.0,2022-11-24 18:40:00,2022-11-24 19:40:00,65,13,14.3,1,2022
FL.CTC.02,5.0,2022-11-24 18:45:00,2022-11-24 19:00:00,20,4,8.9,1,2022
FL.BRK.02,5.0,2022-11-24 20:30:00,2022-11-24 21:40:00,75,15,6.8,1,2022
FL.JTG.01,5.0,2022-11-24 21:10:00,2022-11-24 21:40:00,35,7,9.6,1,2022
FL.BRK.02,5.0,2022-11-25 00:00:00,2022-11-25 00:05:00,10,2,5.1,1,2022
FL.BKN.02,5.0,2022-11-25 15:50:00,2022-11-25 16:00:00,15,3,6.8,1,2022
FL.CTC.02,5.0,2022-11-25 20:00:00,2022-11-25 20:05:00,10,2,7.5,1,2022
FL.CTC.06,5.0,2022-11-25 20:00:00,2022-11-25 20:05:00,10,2,5.1,1,2022
FL.BRK.02,5.0,2022-11-25 20:25:00,2022-11-25 22:20:00,120,24,5.4,1,2022
FL.BRK.02,5.0,2022-11-26 00:30:00,2022-11-26 01:30:00,65,13,5.2,1,2022
FL.BRK.02,5.0,2022-11-28 10:35:00,2022-11-28 10:40:00,10,2,5.7,1,2022
FL.BRK.02,5.0,2022-11-28 12:45:00,2022-11-28 13:20:00,40,8,6.7,1,2022
FL.CTC.06,5.0,2022-11-28 13:40:00,2022-11-28 13:45:00,10,2,5.2,1,2022
FL.CTC.06,5.0,2022-11-29 20:25:00,2022-11-29 20:30:00,10,2,5.5,1,2022
FL.BRK.02,5.0,2022-11-29 20:35:00,2022-11-29 21:05:00,35,7,6.1,1,2022
FL.BRK.02,5.0,2022-12-02 01:40:00,2022-12-02 02:20:00,45,9,6.9,1,2022
FL.BKN.02,5.0,2022-12-02 02:10:00,2022-12-02 02:30:00,25,5,7.0,1,2022
FL.BRK.02,5.0,2022-12-15 22:35:00,2022-12-15 22:50:00,20,4,6.0,1,2022
FL.MBR.01,5.0,2023-01-10 14:05:00,2023-01-10 14:25:00,25,4,40.7,2,2023
FL.DDG.02,5.0,2023-02-05 15:25:00,2023-02-05 15:30:00,10,2,5.7,1,2023
FL.PWT.02,5.0,2023-02-15 08:15:00,2023-02-15 09:25:00,75,15,23.7,1,2023
FL.BNA.04,5.0,2023-02-15 08:20:00,2023-02-15 09:15:00,60,12,13.3,1,2023
FL.BRK.02,5.0,2023-02-15 08:20:00,2023-02-15 09:05:00,50,5,5.8,2,2023
FL.SLG.01,5.0,2023-02-15 08:20:00,2023-02-15 09:00:00,45,9,7.9,1,2023
FL.SLG.03,5.0,2023-02-15 08:20:00,2023-02-15 09:15:00,60,12,15.5,1,2023
FL.PPS.01,5.0,2023-02-15 08:35:00,2023-02-15 08:40:00,10,2,5.1,1,2023
FL.RTW.09,5.0,2023-02-15 08:35:00,2023-02-15 09:40:00,70,14,17.2,1,2023
FL.RTW.10,5.0,2023-02-15 08:35:00,2023-02-15 09:10:00,40,8,19.0,1,2023
FL.DST.06,5.0,2023-02-15 08:40:00,2023-02-15 09:15:00,40,8,7.1,1,2023
FL.BNA.03,5.0,2023-02-15 08:45:00,2023-02-15 08:50:00,10,2,8.6,1,2023
FL.RTW.04,5.0,2023-02-15 08:45:00,2023-02-15 09:05:00,25,5,6.6,1,2023
FL.SPW.01,5.0,2023-02-15 08:45:00,2023-02-15 08:55:00,15,3,6.2,1,2023
FL.DDG.07,5.0,2023-02-15 09:25:00,2023-02-15 09:35:00,15,3,6.0,1,2023
FL.DST.03,5.0,2023-02-15 13:55:00,2023-02-15 15:55:00,125,24,6.7,2,2023
FL.BKP.01,5.0,2023-02-15 16:05:00,2023-02-15 16:35:00,35,7,5.1,1,2023
FL.BRK.02,5.0,2023-02-16 03:10:00,2023-02-16 03:20:00,15,3,5.5,1,2023
FL.PYT.02,5.0,2023-03-21 21:40:00,2023-03-21 21:45:00,10,2,7.2,1,2023
FL.CTC.06,5.0,2023-03-28 07:20:00,2023-03-28 08:05:00,50,4,6.6,2,2023
FL.CTC.06,5.0,2023-03-29 09:00:00,2023-03-29 09:05:00,10,2,5.5,1,2023
FL.LSI.04,5.0,2023-03-31 05:55:00,2023-03-31 06:55:00,65,13,7.1,1,2023
FL.PYT.02,5.0,2023-04-06 12:40:00,2023-04-06 12:45:00,10,2,5.9,1,2023
FL.CTC.06,5.0,2023-04-20 08:10:00,2023-04-20 08:30:00,25,5,7.9,1,2023
FL.BSU.01,5.0,2023-04-28 14:55:00,2023-04-28 15:00:00,10,2,5.6,1,2023
FL.DDG.07,5.0,2023-04-30 08:15:00,2023-04-30 09:40:00,90,18,23.4,1,2023
FL.RTW.10,5.0,2023-04-30 08:15:00,2023-04-30 08:45:00,35,7,16.3,1,2023
FL.DDG.01,5.0,2023-04-30 08:25:00,2023-04-30 09:00:00,40,8,27.0,1,2023
FL.DDG.05,5.0,2023-04-30 08:25:00,2023-04-30 08:45:00,25,5,10.9,1,2023
FL.DDG.02,5.0,2023-04-30 08:35:00,2023-04-30 09:15:00,45,9,13.9,1,2023
FL.LSI.04,5.0,2023-04-30 09:00:00,2023-04-30 09:45:00,50,10,15.9,1,2023
FL.PWT.02,5.0,2023-04-30 09:05:00,2023-04-30 10:20:00,80,16,20.4,1,2023
FL.LSI.04,5.0,2023-05-10 19:15:00,2023-05-10 19:20:00,10,2,7.6,1,2023
FL.DST.06,5.0,2023-05-11 11:50:00,2023-05-11 12:10:00,25,5,7.3,1,2023
FL.RTW.10,5.0,2023-05-11 11:50:00,2023-05-11 12:45:00,60,12,20.7,1,2023
FL.RTW.09,5.0,2023-05-11 11:55:00,2023-05-11 12:45:00,55,11,12.1,1,2023
FL.PPS.01,5.0,2023-05-12 22:30:00,2023-05-12 22:35:00,10,2,5.3,1,2023
FL.SPW.02,5.0,2023-05-12 22:35:00,2023-05-12 23:05:00,35,7,9.2,1,2023
FL.SPW.01,5.0,2023-05-12 22:40:00,2023-05-12 22:55:00,20,4,10.7,1,2023
FL.BRK.01,5.0,2023-05-12 22:45:00,2023-05-12 22:55:00,15,3,9.0,1,2023
FL.LSI.04,5.0,2023-05-12 22:50:00,2023-05-12 23:20:00,35,7,11.8,1,2023
FL.DST.06,5.0,2023-05-12 23:00:00,2023-05-12 23:05:00,10,2,6.3,1,2023
FL.PTW.02,5.0,2023-05-16 11:10:00,2023-05-16 11:15:00,10,2,8.3,1,2023
FL.DST.08,5.0,2023-05-28 11:40:00,2023-05-28 16:25:00,290,58,12.9,1,2023
FL.SLG.01,5.0,2023-05-29 16:50:00,2023-05-29 17:15:00,30,6,5.8,1,2023
FL.BRK.01,5.0,2023-05-29 17:10:00,2023-05-29 19:15:00,130,25,14.4,2,2023
FL.STN.04,5.0,2023-05-29 17:15:00,2023-05-29 17:50:00,40,8,14.3,1,2023
FL.KTY.05,5.0,2023-05-29 17:20:00,2023-05-29 17:55:00,40,7,13.0,2,2023
FL.KTY.01,5.0,2023-05-29 17:25:00,2023-05-29 17:55:00,35,7,9.3,1,2023
FL.KTY.02,5.0,2023-05-29 17:25:00,2023-05-29 17:50:00,30,6,7.0,1,2023
FL.BSU.01,5.0,2023-05-30 18:40:00,2023-05-30 19:15:00,40,8,10.2,1,2023
FL.PYT.02,5.0,2023-05-30 18:40:00,2023-05-31 11:25:00,1010,202,9.5,1,2023
FL.PYT.06,5.0,2023-05-30 18:45:00,2023-05-30 20:45:00,125,25,25.2,1,2023
FL.PYT.05,5.0,2023-05-30 18:50:00,2023-05-30 20:30:00,105,21,17.5,1,2023
FL.PYT.07,5.0,2023-05-30 18:50:00,2023-05-30 19:05:00,20,4,9.7,1,2023
FL.PYT.04,5.0,2023-05-30 18:55:00,2023-05-30 19:50:00,60,10,10.0,2,2023
FL.DDG.06,5.0,2023-05-30 19:20:00,2023-05-30 21:20:00,125,25,31.1,1,2023
FL.DDG.07,5.0,2023-05-30 19:30:00,2023-05-30 20:55:00,90,18,12.0,1,2023
FL.BSU.01,5.0,2023-05-30 20:25:00,2023-05-30 20:30:00,10,2,6.9,1,2023
FL.PYT.04,5.0,2023-06-01 14:10:00,2023-06-01 14:20:00,15,3,5.0,1,2023
FL.SPW.01,5.0,2023-06-17 19:00:00,2023-06-17 19:10:00,15,3,5.2,1,2023
FL.SPW.01,5.0,2023-06-21 22:45:00,2023-06-21 22:55:00,15,3,5.7,1,2023
FL.RTW.09,5.0,2023-06-21 22:55:00,2023-06-21 23:40:00,50,10,14.4,1,2023
FL.SLG.01,5.0,2023-06-21 23:35:00,2023-06-22 00:05:00,35,7,6.1,1,2023
FL.PWT.01,5.0,2023-06-21 23:50:00,2023-06-22 00:10:00,25,5,8.1,1,2023
FL.KTY.05,5.0,2023-06-23 11:05:00,2023-06-23 11:10:00,10,2,11.5,1,2023
FL.BKM.01,5.0,2023-06-28 18:40:00,2023-06-28 18:55:00,20,4,8.8,1,2023
FL.SMI.01,5.0,2023-06-28 18:55:00,2023-06-28 19:55:00,65,13,33.9,1,2023
FL.LSI.04,5.0,2023-06-28 19:20:00,2023-06-28 21:55:00,160,32,25.4,1,2023
FL.LSI.05,5.0,2023-06-28 19:30:00,2023-06-28 21:45:00,140,27,18.9,2,2023
FL.LSI.04,5.0,2023-07-01 14:05:00,2023-07-01 15:55:00,115,23,20.5,1,2023
FL.LSI.05,5.0,2023-07-01 14:20:00,2023-07-01 15:30:00,75,15,12.6,1,2023
FL.CTC.02,5.0,2023-07-05 17:55:00,2023-07-05 18:55:00,65,13,12.7,1,2023
FL.PYT.07,5.0,2023-07-05 18:00:00,2023-07-05 18:05:00,10,2,9.8,1,2023
FL.BSU.01,5.0,2023-07-05 18:05:00,2023-07-05 20:00:00,120,24,12.9,1,2023
FL.PYT.02,5.0,2023-07-05 18:05:00,2023-07-05 18:35:00,35,7,13.6,1,2023
FL.PYT.06,5.0,2023-07-05 18:05:00,2023-07-05 18:45:00,45,9,13.2,1,2023
FL.CTC.04,5.0,2023-07-05 18:15:00,2023-07-05 19:05:00,55,10,13.5,2,2023
FL.LSI.02,5.0,2023-07-05 18:15:00,2023-07-05 19:05:00,55,11,13.5,1,2023
FL.LSI.04,5.0,2023-07-05 18:20:00,2023-07-05 19:10:00,55,11,14.4,1,2023
FL.CTC.07,5.0,2023-07-05 18:30:00,2023-07-05 18:55:00,30,6,9.8,1,2023
FL.LSI.06,5.0,2023-07-05 18:35:00,2023-07-05 19:10:00,40,8,7.4,1,2023
FL.BKM.01,5.0,2023-07-05 18:40:00,2023-07-05 19:20:00,45,9,13.4,1,2023
FL.SMI.01,5.0,2023-07-05 18:40:00,2023-07-05 20:25:00,110,22,41.7,1,2023
FL.LSI.04,5.0,2023-07-06 19:45:00,2023-07-06 20:20:00,40,8,13.5,1,2023
FL.STN.03,5.0,2023-07-09 11:35:00,2023-07-09 12:15:00,45,9,18.0,1,2023
FL.LSI.04,5.0,2023-07-09 12:10:00,2023-07-09 12:55:00,50,10,18.2,1,2023
FL.DDG.01,5.0,2023-07-11 03:30:00,2023-07-11 03:55:00,30,6,16.5,1,2023
FL.DDG.03,5.0,2023-07-11 03:30:00,2023-07-11 04:15:00,50,10,13.9,1,2023
FL.DDG.02,5.0,2023-07-11 03:35:00,2023-07-11 04:20:00,50,10,19.8,1,2023
FL.DDG.07,5.0,2023-07-11 03:55:00,2023-07-11 05:10:00,80,16,13.3,1,2023
FL.SLG.01,5.0,2023-07-11 04:00:00,2023-07-11 04:05:00,10,2,5.8,1,2023
FL.CTC.02,5.0,2023-07-20 16:15:00,2023-07-20 16:35:00,25,5,8.3,1,2023
FL.SLG.01,5.0,2023-07-20 16:20:00,2023-07-20 17:20:00,65,13,10.7,1,2023
FL.BKP.02,5.0,2023-07-20 16:50:00,2023-07-20 17:00:00,15,3,8.2,1,2023
FL.CTC.02,5.0,2023-07-21 23:55:00,2023-07-22 02:05:00,135,27,13.4,1,2023
FL.BKM.02,5.0,2023-07-22 00:05:00,2023-07-22 03:50:00,230,46,30.0,1,2023
FL.SLG.01,5.0,2023-07-22 00:05:00,2023-07-22 06:40:00,400,80,30.6,1,2023
FL.BKP.02,5.0,2023-07-22 00:15:00,2023-07-22 00:50:00,40,8,24.3,1,2023
FL.KTY.04,5.0,2023-07-22 00:15:00,2023-07-22 04:15:00,245,49,34.1,1,2023
FL.BKM.01,5.0,2023-07-22 00:20:00,2023-07-22 05:35:00,320,64,39.4,1,2023
FL.CTC.01,5.0,2023-07-22 00:20:00,2023-07-22 08:10:00,475,95,47.1,1,2023
FL.PYT.06,5.0,2023-07-22 00:20:00,2023-07-22 03:00:00,165,33,30.4,1,2023
FL.SLG.03,5.0,2023-07-22 00:20:00,2023-07-22 04:25:00,250,50,40.3,1,2023
FL.CTC.07,5.0,2023-07-22 00:25:00,2023-07-22 05:15:00,295,59,49.2,1,2023
FL.PYT.02,5.0,2023-07-22 00:25:00,2023-07-22 02:15:00,115,23,25.6,1,2023
FL.WTL.02,5.0,2023-07-22 00:25:00,2023-07-22 10:20:00,600,120,37.5,1,2023
FL.DDG.01,5.0,2023-07-22 00:30:00,2023-07-22 01:10:00,45,9,16.4,1,2023
FL.DDG.02,5.0,2023-07-22 00:30:00,2023-07-22 02:45:00,140,27,28.4,2,2023
FL.KTY.02,5.0,2023-07-22 00:30:00,2023-07-22 03:00:00,155,31,19.5,1,2023
FL.KTY.05,5.0,2023-07-22 00:30:00,2023-07-22 02:40:00,135,27,20.4,1,2023
FL.PYT.04,5.0,2023-07-22 00:30:00,2023-07-22 02:20:00,115,23,17.3,1,2023
FL.SLG.02,5.0,2023-07-22 00:30:00,2023-07-22 02:45:00,140,28,24.6,1,2023
FL.WTL.03,5.0,2023-07-22 00:30:00,2023-07-22 04:35:00,250,46,12.9,3,2023
FL.BSU.01,5.0,2023-07-22 00:35:00,2023-07-22 03:30:00,180,36,14.7,1,2023
FL.CTC.06,5.0,2023-07-22 00:35:00,2023-07-22 01:55:00,85,16,7.8,2,2023
FL.DDG.07,5.0,2023-07-22 00:35:00,2023-07-22 03:30:00,180,36,36.9,1,2023
FL.PYT.05,5.0,2023-07-22 00:35:00,2023-07-22 02:55:00,145,29,18.7,1,2023
FL.WTL.04,5.0,2023-07-22 00:35:00,2023-07-22 03:45:00,195,39,20.3,1,2023
FL.WTN.01,5.0,2023-07-22 00:35:00,2023-07-22 02:20:00,110,22,15.0,1,2023
FL.BKA.02,5.0,2023-07-22 00:40:00,2023-07-22 03:05:00,150,30,13.9,1,2023
FL.BNA.05,5.0,2023-07-22 00:40:00,2023-07-22 01:35:00,60,12,12.2,1,2023
FL.CTC.03,5.0,2023-07-22 00:40:00,2023-07-22 03:25:00,170,34,42.0,1,2023
FL.WTL.01,5.0,2023-07-22 00:40:00,2023-07-22 04:50:00,255,51,18.0,1,2023
FL.KTY.03,5.0,2023-07-22 00:45:00,2023-07-22 02:15:00,95,19,21.9,1,2023
FL.CTC.05,5.0,2023-07-22 00:50:00,2023-07-22 03:25:00,160,32,24.3,1,2023
FL.KTY.01,5.0,2023-07-22 00:50:00,2023-07-22 01:45:00,60,12,9.7,1,2023
FL.LSI.04,5.0,2023-07-22 00:50:00,2023-07-22 02:25:00,100,20,24.2,1,2023
FL.STN.04,5.0,2023-07-22 00:50:00,2023-07-22 01:35:00,50,10,13.1,1,2023
FL.BRK.01,5.0,2023-07-22 01:00:00,2023-07-22 01:05:00,10,2,5.5,1,2023
FL.LSI.02,5.0,2023-07-22 01:05:00,2023-07-22 01:30:00,30,6,9.6,1,2023
FL.SMI.01,5.0,2023-07-22 01:05:00,2023-07-22 01:15:00,15,3,11.7,1,2023
FL.WTN.02,5.0,2023-07-22 01:05:00,2023-07-22 01:10:00,10,2,5.4,1,2023
FL.LSI.05,5.0,2023-07-22 01:10:00,2023-07-22 01:55:00,50,9,9.5,2,2023
FL.CTC.04,5.0,2023-07-22 01:20:00,2023-07-22 01:55:00,40,8,12.3,1,2023
FL.KTY.04,5.0,2023-07-22 11:25:00,2023-07-22 11:50:00,30,6,5.6,1,2023
FL.KTY.04,5.0,2023-07-22 14:45:00,2023-07-22 14:50:00,10,2,5.4,1,2023
FL.RTW.09,5.0,2023-07-23 05:15:00,2023-07-23 06:00:00,50,10,13.6,1,2023
FL.KTY.04,5.0,2023-07-23 12:50:00,2023-07-23 13:10:00,25,5,5.2,1,2023
FL.SLG.01,5.0,2023-07-23 16:10:00,2023-07-23 17:20:00,75,15,14.4,1,2023
FL.RTW.09,5.0,2023-07-23 17:25:00,2023-07-23 17:50:00,30,6,9.8,1,2023
FL.KTY.04,5.0,2023-07-24 09:50:00,2023-07-24 10:00:00,15,3,5.1,1,2023
FL.KTY.04,5.0,2023-07-26 11:35:00,2023-07-26 11:40:00,10,2,5.1,1,2023
FL.KTY.04,5.0,2023-07-26 14:45:00,2023-07-26 15:15:00,35,7,5.8,1,2023
FL.RTW.09,5.0,2023-08-03 15:50:00,2023-08-03 15:55:00,10,2,6.7,1,2023
FL.BKM.01,5.0,2023-08-13 18:00:00,2023-08-13 18:05:00,10,2,6.8,1,2023
FL.JTG.01,5.0,2023-08-17 17:15:00,2023-08-17 18:15:00,65,13,12.7,1,2023
FL.PNK.02,5.0,2023-08-20 19:05:00,2023-08-20 19:15:00,15,3,6.1,1,2023
FL.BNA.04,5.0,2023-08-20 21:05:00,2023-08-20 21:20:00,20,4,9.7,1,2023
FL.SMI.01,5.0,2023-08-22 20:35:00,2023-08-22 20:45:00,15,3,10.7,1,2023
FL.BKM.01,5.0,2023-08-22 21:10:00,2023-08-22 21:15:00,10,2,7.2,1,2023
FL.SLG.01,5.0,2023-08-22 21:15:00,2023-08-22 21:35:00,25,5,10.5,1,2023
FL.DST.06,5.0,2023-08-23 17:25:00,2023-08-23 18:05:00,45,9,12.9,1,2023
FL.PPS.01,5.0,2023-08-23 17:25:00,2023-08-23 17:40:00,20,4,7.0,1,2023
FL.RTW.09,5.0,2023-08-23 17:25:00,2023-08-23 18:30:00,70,14,19.5,1,2023
FL.RTW.12,5.0,2023-08-23 17:25:00,2023-08-23 18:10:00,50,10,11.0,1,2023
FL.RTW.01,5.0,2023-08-23 17:30:00,2023-08-23 17:55:00,30,6,10.2,1,2023
FL.RTW.08,5.0,2023-08-23 17:30:00,2023-08-23 17:50:00,25,5,12.2,1,2023
FL.RTW.10,5.0,2023-08-23 17:30:00,2023-08-23 17:35:00,10,2,6.6,1,2023
FL.CTC.02,5.0,2023-08-23 17:35:00,2023-08-23 17:55:00,25,5,8.5,1,2023
FL.RTW.07,5.0,2023-08-23 17:35:00,2023-08-23 18:00:00,30,6,14.0,1,2023
FL.DDG.01,5.0,2023-08-23 17:40:00,2023-08-23 17:50:00,15,3,11.3,1,2023
FL.DDG.06,5.0,2023-08-23 17:40:00,2023-08-23 18:10:00,35,7,11.6,1,2023
FL.RTW.05,5.0,2023-08-23 17:40:00,2023-08-23 17:45:00,10,2,8.2,1,2023
FL.RTW.11,5.0,2023-08-23 17:45:00,2023-08-23 17:50:00,10,2,6.1,1,2023
FL.CTC.07,5.0,2023-08-24 15:50:00,2023-08-24 16:05:00,20,4,10.0,1,2023
FL.RTW.09,5.0,2023-08-24 15:50:00,2023-08-24 16:05:00,20,4,7.7,1,2023
FL.CTC.05,5.0,2023-08-31 04:10:00,2023-08-31 05:30:00,85,17,7.8,1,2023
FL.LSI.04,5.0,2023-08-31 18:35:00,2023-08-31 19:20:00,50,10,16.8,1,2023
FL.RTW.09,5.0,2023-08-31 18:50:00,2023-08-31 19:25:00,40,8,10.5,1,2023
FL.SMI.01,5.0,2023-08-31 18:50:00,2023-08-31 19:40:00,55,11,28.8,1,2023
FL.RTW.01,5.0,2023-08-31 19:00:00,2023-08-31 19:15:00,20,4,7.2,1,2023
FL.RTW.10,5.0,2023-08-31 19:00:00,2023-08-31 19:10:00,15,3,9.3,1,2023
FL.DST.03,5.0,2023-09-01 01:30:00,2023-09-01 01:40:00,15,3,5.2,1,2023
FL.DST.03,5.0,2023-09-01 03:15:00,2023-09-01 03:55:00,45,9,5.2,1,2023
FL.DST.03,5.0,2023-09-01 06:20:00,2023-09-01 06:25:00,10,2,5.1,1,2023
FL.BRK.01,5.0,2023-09-03 23:10:00,2023-09-03 23:35:00,30,6,10.1,1,2023
FL.PPS.01,5.0,2023-09-03 23:25:00,2023-09-03 23:45:00,25,5,11.0,1,2023
FL.RTW.09,5.0,2023-09-03 23:30:00,2023-09-04 00:15:00,50,10,15.0,1,2023
FL.RTW.12,5.0,2023-09-03 23:30:00,2023-09-04 00:00:00,35,7,9.2,1,2023
FL.RTW.01,5.0,2023-09-03 23:35:00,2023-09-03 23:50:00,20,4,8.9,1,2023
FL.BKA.02,5.0,2023-09-03 23:40:00,2023-09-03 23:55:00,20,4,5.9,1,2023
FL.RTW.05,5.0,2023-09-03 23:40:00,2023-09-03 23:50:00,15,3,7.8,1,2023
FL.RTW.07,5.0,2023-09-03 23:40:00,2023-09-04 00:15:00,40,8,10.0,1,2023
FL.RTW.09,5.0,2023-09-09 18:10:00,2023-09-09 18:25:00,20,4,9.8,1,2023
FL.SLG.01,5.0,2023-09-14 17:45:00,2023-09-14 18:20:00,40,8,9.3,1,2023
FL.CTC.02,5.0,2023-09-20 17:40:00,2023-09-20 18:05:00,30,6,9.5,1,2023
FL.BKM.02,5.0,2023-09-21 00:20:00,2023-09-21 01:10:00,55,11,11.4,1,2023
FL.BKM.01,5.0,2023-09-21 00:25:00,2023-09-21 01:10:00,50,10,17.0,1,2023
FL.SLG.01,5.0,2023-09-21 00:40:00,2023-09-21 01:30:00,55,11,7.6,1,2023
FL.WTL.02,5.0,2023-09-21 00:45:00,2023-09-21 01:30:00,50,10,10.0,1,2023
FL.SMI.01,5.0,2023-09-21 01:10:00,2023-09-21 02:10:00,65,13,35.8,1,2023
FL.BNA.04,5.0,2023-09-21 17:25:00,2023-09-21 19:55:00,155,31,32.3,1,2023
FL.HKG.01,5.0,2023-09-21 17:30:00,2023-09-21 17:35:00,10,2,5.0,1,2023
FL.BNA.01,5.0,2023-09-21 17:35:00,2023-09-21 18:45:00,75,15,19.7,1,2023
FL.BNA.03,5.0,2023-09-21 17:50:00,2023-09-21 20:25:00,160,32,26.4,1,2023
FL.BNA.05,5.0,2023-09-21 18:05:00,2023-09-21 23:05:00,305,57,21.8,2,2023
FL.CTC.02,5.0,2023-09-21 18:10:00,2023-09-21 18:30:00,25,5,9.2,1,2023
FL.PYT.02,5.0,2023-09-21 18:20:00,2023-09-21 18:25:00,10,2,5.5,1,2023
FL.BSU.01,5.0,2023-09-21 18:25:00,2023-09-21 20:05:00,105,21,10.9,1,2023
FL.RTW.01,5.0,2023-09-21 18:25:00,2023-09-21 18:30:00,10,2,8.0,1,2023
FL.RTW.09,5.0,2023-09-21 18:25:00,2023-09-21 18:35:00,15,3,6.5,1,2023
FL.WTL.02,5.0,2023-09-21 18:55:00,2023-09-21 21:30:00,160,32,17.3,1,2023
FL.SLG.01,5.0,2023-09-21 19:05:00,2023-09-21 19:50:00,50,10,11.5,1,2023
FL.BNA.04,5.0,2023-09-21 23:20:00,2023-09-21 23:55:00,40,8,16.2,1,2023
FL.BNA.04,5.0,2023-09-22 03:20:00,2023-09-22 03:30:00,15,3,8.0,1,2023
FL.LSI.04,5.0,2023-09-23 14:50:00,2023-09-23 15:10:00,25,5,8.7,1,2023
FL.DDG.06,5.0,2023-09-24 11:30:00,2023-09-24 11:40:00,15,3,6.9,1,2023
FL.DDG.02,5.0,2023-09-24 11:40:00,2023-09-24 12:40:00,65,12,24.1,2,2023
FL.RTW.01,5.0,2023-09-24 11:45:00,2023-09-24 11:50:00,10,2,6.1,1,2023
FL.DST.06,5.0,2023-09-24 11:50:00,2023-09-24 12:20:00,35,7,11.4,1,2023
FL.RTW.12,5.0,2023-09-24 11:50:00,2023-09-24 12:40:00,55,11,10.0,1,2023
FL.RTW.09,5.0,2023-09-24 11:55:00,2023-09-24 12:25:00,35,7,12.1,1,2023
FL.RTW.10,5.0,2023-09-24 12:05:00,2023-09-24 12:10:00,10,2,5.7,1,2023
FL.BKN.02,5.0,2023-09-24 12:10:00,2023-09-24 12:15:00,10,2,7.2,1,2023
FL.RTW.11,5.0,2023-09-24 12:15:00,2023-09-24 12:20:00,10,2,5.3,1,2023
FL.KTY.05,5.0,2023-09-25 14:25:00,2023-09-25 16:10:00,110,22,19.9,1,2023
FL.KTY.03,5.0,2023-09-25 14:30:00,2023-09-25 15:55:00,90,18,18.3,1,2023
FL.RTW.09,5.0,2023-09-25 14:30:00,2023-09-25 16:05:00,100,20,26.0,1,2023
FL.STN.04,5.0,2023-09-25 14:30:00,2023-09-25 16:25:00,120,24,27.4,1,2023
FL.BRK.01,5.0,2023-09-25 14:35:00,2023-09-25 17:05:00,155,31,33.2,1,2023
FL.KTY.01,5.0,2023-09-25 14:35:00,2023-09-25 16:00:00,90,18,18.7,1,2023
FL.KTY.02,5.0,2023-09-25 14:35:00,2023-09-25 16:00:00,90,18,16.4,1,2023
FL.RTW.01,5.0,2023-09-25 14:35:00,2023-09-25 14:45:00,15,3,12.7,1,2023
FL.PTW.01,5.0,2023-09-25 14:40:00,2023-09-25 15:45:00,70,14,19.8,1,2023
FL.RTW.08,5.0,2023-09-25 14:40:00,2023-09-25 15:20:00,45,9,21.1,1,2023
FL.RTW.10,5.0,2023-09-25 14:40:00,2023-09-25 15:45:00,70,14,39.5,1,2023
FL.RTW.12,5.0,2023-09-25 14:40:00,2023-09-25 17:00:00,145,29,14.9,1,2023
FL.STN.02,5.0,2023-09-25 14:40:00,2023-09-25 15:20:00,45,9,14.3,1,2023
FL.PTW.02,5.0,2023-09-25 14:45:00,2023-09-25 15:20:00,40,8,10.0,1,2023
FL.PTW.05,5.0,2023-09-25 14:45:00,2023-09-25 15:40:00,60,12,22.3,1,2023
FL.RTW.07,5.0,2023-09-25 14:45:00,2023-09-25 16:00:00,80,16,20.9,1,2023
FL.RTW.05,5.0,2023-09-25 14:50:00,2023-09-25 15:35:00,50,10,16.8,1,2023
FL.RTW.11,5.0,2023-09-25 14:50:00,2023-09-25 16:25:00,100,20,19.5,1,2023
FL.SPW.02,5.0,2023-09-25 15:00:00,2023-09-25 15:15:00,20,4,6.6,1,2023
FL.KTY.04,5.0,2023-09-26 17:45:00,2023-09-26 21:10:00,210,42,22.4,1,2023
FL.BNA.05,5.0,2023-09-26 18:05:00,2023-09-26 23:05:00,305,61,33.1,1,2023
FL.BNA.03,5.0,2023-09-26 18:15:00,2023-09-26 21:15:00,185,37,18.1,1,2023
FL.BNA.04,5.0,2023-09-26 18:25:00,2023-09-26 18:30:00,10,2,8.1,1,2023
FL.PKN.01,5.0,2023-09-26 18:40:00,2023-09-26 23:25:00,290,46,12.0,5,2023
FL.BKM.01,5.0,2023-09-26 19:10:00,2023-09-26 19:15:00,10,2,9.7,1,2023
FL.JTG.01,5.0,2023-09-26 19:10:00,2023-09-26 19:15:00,10,2,6.3,1,2023
FL.RTW.09,5.0,2023-09-26 19:25:00,2023-09-26 20:50:00,90,18,13.4,1,2023
FL.RTW.10,5.0,2023-09-26 19:25:00,2023-09-26 19:35:00,15,3,12.3,1,2023
FL.BKE.02,5.0,2023-09-26 19:35:00,2023-09-26 20:40:00,70,14,17.3,1,2023
FL.BKE.01,5.0,2023-09-26 19:45:00,2023-09-26 21:20:00,100,20,19.9,1,2023
FL.WTN.03,5.0,2023-09-26 19:45:00,2023-09-26 19:50:00,10,2,5.2,1,2023
FL.BBN.01,5.0,2023-09-26 20:00:00,2023-09-26 20:15:00,20,4,12.6,1,2023
FL.BBN.02,5.0,2023-09-26 20:00:00,2023-09-26 20:15:00,20,4,9.8,1,2023
FL.BKN.02,5.0,2023-09-26 20:00:00,2023-09-26 20:35:00,40,8,7.3,1,2023
FL.BKA.02,5.0,2023-09-26 20:20:00,2023-09-26 20:35:00,20,4,7.0,1,2023
FL.WTL.02,5.0,2023-09-26 20:40:00,2023-09-26 21:00:00,25,5,7.0,1,2023
FL.BKM.01,5.0,2023-09-26 20:50:00,2023-09-26 20:55:00,10,2,7.2,1,2023
FL.STN.03,5.0,2023-09-28 18:05:00,2023-09-28 18:40:00,40,8,16.1,1,2023
FL.DDG.01,5.0,2023-09-28 18:10:00,2023-09-28 18:35:00,30,6,22.5,1,2023
FL.DDG.05,5.0,2023-09-28 18:10:00,2023-09-28 18:20:00,15,3,5.9,1,2023
FL.HKG.01,5.0,2023-09-28 18:10:00,2023-09-28 18:40:00,35,7,13.0,1,2023
FL.STN.02,5.0,2023-09-28 18:10:00,2023-09-28 18:20:00,15,3,9.2,1,2023
FL.STN.04,5.0,2023-09-28 18:10:00,2023-09-28 18:50:00,45,9,14.6,1,2023
FL.PTW.05,5.0,2023-09-28 18:15:00,2023-09-28 18:30:00,20,4,12.6,1,2023
FL.RTW.08,5.0,2023-09-28 18:15:00,2023-09-28 18:25:00,15,3,11.5,1,2023
FL.DDG.02,5.0,2023-09-28 18:20:00,2023-09-28 18:30:00,15,3,6.2,1,2023
FL.BKN.02,5.0,2023-09-28 19:20:00,2023-09-28 20:50:00,95,19,7.7,1,2023
FL.LSI.04,5.0,2023-09-30 17:20:00,2023-09-30 18:05:00,50,10,13.7,1,2023
FL.SLG.01,5.0,2023-10-03 16:25:00,2023-10-03 17:40:00,80,16,19.4,1,2023
FL.DDG.01,5.0,2023-10-03 16:35:00,2023-10-03 17:00:00,30,6,11.6,1,2023
FL.DDG.05,5.0,2023-10-03 16:35:00,2023-10-03 16:50:00,20,4,8.6,1,2023
FL.HKG.01,5.0,2023-10-03 16:35:00,2023-10-03 18:10:00,100,20,16.0,1,2023
FL.RTW.08,5.0,2023-10-03 16:35:00,2023-10-03 18:10:00,100,20,34.6,1,2023
FL.SLG.03,5.0,2023-10-03 16:35:00,2023-10-03 18:00:00,90,18,26.4,1,2023
FL.PPS.01,5.0,2023-10-03 16:40:00,2023-10-03 18:05:00,90,18,27.8,1,2023
FL.RTW.01,5.0,2023-10-03 16:40:00,2023-10-03 16:45:00,10,2,10.9,1,2023
FL.RTW.10,5.0,2023-10-03 16:40:00,2023-10-03 18:20:00,105,21,44.6,1,2023
FL.WTN.03,5.0,2023-10-03 16:40:00,2023-10-03 17:35:00,60,12,24.4,1,2023
FL.DDG.03,5.0,2023-10-03 16:45:00,2023-10-03 17:20:00,40,8,10.4,1,2023
FL.DDG.08,5.0,2023-10-03 16:45:00,2023-10-03 17:30:00,50,10,19.3,1,2023
FL.RTW.04,5.0,2023-10-03 16:45:00,2023-10-03 19:45:00,185,37,16.9,1,2023
FL.RTW.06,5.0,2023-10-03 16:45:00,2023-10-03 16:50:00,10,2,5.9,1,2023
FL.RTW.09,5.0,2023-10-03 16:45:00,2023-10-03 18:55:00,135,27,29.7,1,2023
FL.RTW.12,5.0,2023-10-03 16:45:00,2023-10-03 19:35:00,175,35,19.1,1,2023
FL.SLG.02,5.0,2023-10-03 16:45:00,2023-10-03 17:00:00,20,4,10.5,1,2023
FL.DST.06,5.0,2023-10-03 16:50:00,2023-10-03 18:00:00,75,15,18.1,1,2023
FL.DST.07,5.0,2023-10-03 16:50:00,2023-10-03 17:00:00,15,3,10.8,1,2023
FL.PTW.01,5.0,2023-10-03 16:50:00,2023-10-03 16:55:00,10,2,7.0,1,2023
FL.PTW.05,5.0,2023-10-03 16:50:00,2023-10-03 18:25:00,100,20,30.5,1,2023
FL.RTW.07,5.0,2023-10-03 16:50:00,2023-10-03 18:25:00,100,20,25.2,1,2023
FL.RTW.11,5.0,2023-10-03 16:50:00,2023-10-03 19:05:00,140,28,27.8,1,2023
FL.WTN.01,5.0,2023-10-03 16:50:00,2023-10-03 17:40:00,55,11,15.3,1,2023
FL.WTN.02,5.0,2023-10-03 16:50:00,2023-10-03 17:50:00,65,13,17.6,1,2023
FL.BKN.02,5.0,2023-10-03 16:55:00,2023-10-03 18:25:00,95,18,9.1,2,2023
FL.DST.03,5.0,2023-10-03 16:55:00,2023-10-03 17:25:00,35,7,9.7,1,2023
FL.DST.08,5.0,2023-10-03 16:55:00,2023-10-03 17:55:00,65,13,11.7,1,2023
FL.KTY.02,5.0,2023-10-03 16:55:00,2023-10-03 18:35:00,105,21,14.4,1,2023
FL.PNK.02,5.0,2023-10-03 16:55:00,2023-10-03 17:40:00,50,10,13.9,1,2023
FL.PTW.02,5.0,2023-10-03 16:55:00,2023-10-03 18:45:00,115,23,20.8,1,2023
FL.PYT.01,5.0,2023-10-03 16:55:00,2023-10-03 17:15:00,25,5,9.9,1,2023
FL.PYT.02,5.0,2023-10-03 16:55:00,2023-10-03 17:10:00,20,4,8.8,1,2023
FL.PYT.03,5.0,2023-10-03 16:55:00,2023-10-03 17:10:00,20,4,10.7,1,2023
FL.RTW.03,5.0,2023-10-03 16:55:00,2023-10-03 17:30:00,40,8,7.8,1,2023
FL.RTW.05,5.0,2023-10-03 16:55:00,2023-10-03 18:25:00,95,19,29.6,1,2023
FL.SPW.01,5.0,2023-10-03 16:55:00,2023-10-03 17:30:00,40,8,17.0,1,2023
FL.SPW.02,5.0,2023-10-03 16:55:00,2023-10-03 17:45:00,55,11,11.0,1,2023
FL.BRK.01,5.0,2023-10-03 17:00:00,2023-10-03 17:50:00,55,11,19.1,1,2023
FL.DST.04,5.0,2023-10-03 17:00:00,2023-10-03 17:20:00,25,5,8.4,1,2023
FL.KTY.05,5.0,2023-10-03 17:00:00,2023-10-03 17:50:00,55,11,15.7,1,2023
FL.RTW.02,5.0,2023-10-03 17:00:00,2023-10-03 17:10:00,15,3,5.7,1,2023
FL.BKN.01,5.0,2023-10-03 17:05:00,2023-10-03 18:25:00,85,17,15.0,1,2023
FL.KSN.01,5.0,2023-10-03 17:10:00,2023-10-03 17:50:00,45,9,7.2,1,2023
FL.KTY.03,5.0,2023-10-03 17:15:00,2023-10-03 17:20:00,10,2,7.2,1,2023
FL.KTY.01,5.0,2023-10-03 17:20:00,2023-10-03 17:25:00,10,2,6.1,1,2023
FL.BKE.01,5.0,2023-10-03 17:30:00,2023-10-03 18:25:00,60,12,19.0,1,2023
FL.STN.04,5.0,2023-10-04 19:55:00,2023-10-04 20:45:00,55,11,11.6,1,2023
FL.BRK.01,5.0,2023-10-04 20:00:00,2023-10-04 20:20:00,25,5,10.7,1,2023
FL.KSN.01,5.0,2023-10-04 20:10:00,2023-10-04 20:15:00,10,2,5.3,1,2023
FL.STN.03,5.0,2023-10-04 20:10:00,2023-10-04 20:40:00,35,7,10.4,1,2023
FL.KTY.04,5.0,2023-10-04 20:20:00,2023-10-04 20:55:00,40,8,10.9,1,2023
FL.LSI.02,5.0,2023-10-05 18:00:00,2023-10-05 18:35:00,40,8,14.3,1,2023
FL.LSI.06,5.0,2023-10-05 18:05:00,2023-10-05 18:40:00,40,8,10.1,1,2023
FL.LSI.04,5.0,2023-10-05 18:10:00,2023-10-05 19:15:00,70,14,17.8,1,2023
FL.LSI.05,5.0,2023-10-05 18:25:00,2023-10-05 19:00:00,40,8,8.7,1,2023
FL.SMI.01,5.0,2023-10-09 21:45:00,2023-10-09 22:15:00,35,7,16.1,1,2023
FL.SLG.01,5.0,2023-10-16 00:30:00,2023-10-16 02:00:00,95,19,18.0,1,2023
FL.BKM.01,5.0,2023-10-16 01:00:00,2023-10-16 01:10:00,15,3,6.6,1,2023
FL.BBN.01,5.0,2023-10-16 16:55:00,2023-10-16 17:50:00,60,12,17.0,1,2023
FL.BBN.02,5.0,2023-10-16 17:15:00,2023-10-16 17:45:00,35,7,14.0,1,2023
FL.BKE.02,5.0,2023-10-21 04:40:00,2023-10-21 05:15:00,40,8,15.6,1,2023
FL.BKE.01,5.0,2023-10-21 04:50:00,2023-10-21 05:05:00,20,4,9.1,1,2023
FL.BKM.01,5.0,2023-10-21 19:05:00,2023-10-21 19:35:00,35,7,11.6,1,2023
FL.BBN.01,5.0,2023-10-21 19:15:00,2023-10-21 19:45:00,35,7,13.1,1,2023
FL.BRK.01,5.0,2023-10-21 19:15:00,2023-10-21 19:20:00,10,2,12.6,1,2023
FL.JTG.01,5.0,2023-10-21 19:15:00,2023-10-21 19:55:00,45,9,11.4,1,2023
FL.BBN.02,5.0,2023-10-21 19:20:00,2023-10-21 19:35:00,20,4,7.9,1,2023
FL.WTL.02,5.0,2023-10-21 19:20:00,2023-10-21 19:50:00,35,7,8.2,1,2023
FL.CTC.07,5.0,2023-10-21 19:35:00,2023-10-21 19:45:00,15,3,7.0,1,2023
FL.BBN.01,5.0,2023-10-23 15:45:00,2023-10-23 15:50:00,10,2,6.5,1,2023
FL.BBN.01,5.0,2023-10-24 13:05:00,2023-10-24 13:10:00,10,2,8.5,1,2023
FL.BKE.01,5.0,2023-10-24 14:05:00,2023-10-24 14:10:00,10,2,6.1,1,2023
FL.SMI.01,5.0,2023-10-27 03:20:00,2023-10-27 03:25:00,10,2,8.2,1,2023
FL.SLG.03,5.0,2023-10-28 11:55:00,2023-10-28 12:15:00,25,5,13.4,1,2023
FL.LSI.04,5.0,2023-10-28 12:40:00,2023-10-28 13:50:00,75,15,17.3,1,2023
FL.LSI.02,5.0,2023-10-28 12:45:00,2023-10-28 13:25:00,45,9,12.7,1,2023
FL.LSI.05,5.0,2023-10-28 12:50:00,2023-10-28 13:30:00,45,9,12.4,1,2023
FL.LSI.06,5.0,2023-10-28 12:50:00,2023-10-28 13:35:00,50,10,8.6,1,2023
FL.WTL.02,5.0,2023-10-29 19:10:00,2023-10-29 20:00:00,55,6,7.1,2,2023
FL.WTL.03,5.0,2023-10-29 19:15:00,2023-10-29 19:25:00,15,3,6.0,1,2023
FL.BKM.01,5.0,2023-10-29 19:40:00,2023-10-29 19:50:00,15,3,6.5,1,2023
FL.KTY.04,5.0,2023-10-30 10:35:00,2023-10-30 10:55:00,25,5,13.8,1,2023
FL.SLG.01,5.0,2023-11-05 16:10:00,2023-11-05 17:25:00,80,16,17.3,1,2023
FL.BKM.01,5.0,2023-11-05 16:20:00,2023-11-05 16:35:00,20,4,9.6,1,2023
FL.SLG.03,5.0,2023-11-05 16:20:00,2023-11-05 17:00:00,45,9,14.2,1,2023
FL.DDG.05,5.0,2023-11-05 16:25:00,2023-11-05 16:30:00,10,2,5.3,1,2023
FL.PPS.01,5.0,2023-11-05 16:25:00,2023-11-05 16:30:00,10,2,6.1,1,2023
FL.SPW.01,5.0,2023-11-05 16:25:00,2023-11-05 16:35:00,15,3,6.4,1,2023
FL.RTW.01,5.0,2023-11-05 16:30:00,2023-11-05 16:35:00,10,2,9.3,1,2023
FL.RTW.09,5.0,2023-11-05 16:30:00,2023-11-05 17:00:00,35,7,11.6,1,2023
FL.RTW.12,5.0,2023-11-05 16:30:00,2023-11-05 16:45:00,20,4,7.9,1,2023
FL.RTW.10,5.0,2023-11-05 16:35:00,2023-11-05 16:50:00,20,4,17.5,1,2023
FL.LSI.05,5.0,2023-11-06 10:00:00,2023-11-06 10:40:00,45,4,7.4,2,2023
FL.BKM.01,5.0,2023-11-07 16:55:00,2023-11-07 17:05:00,15,3,7.4,1,2023
FL.LSI.04,5.0,2023-11-07 16:55:00,2023-11-07 17:10:00,20,4,10.9,1,2023
FL.SLG.03,5.0,2023-11-07 17:05:00,2023-11-07 17:25:00,25,5,10.0,1,2023
FL.WTN.03,5.0,2023-11-07 17:10:00,2023-11-07 17:35:00,30,6,15.5,1,2023
FL.LSI.02,5.0,2023-11-07 17:15:00,2023-11-07 18:00:00,50,10,17.8,1,2023
FL.LSI.06,5.0,2023-11-07 17:20:00,2023-11-07 17:55:00,40,8,12.5,1,2023
FL.BNA.04,5.0,2023-11-08 17:35:00,2023-11-08 17:40:00,10,2,8.2,1,2023
FL.BNA.04,5.0,2023-11-10 17:30:00,2023-11-10 17:40:00,15,3,7.7,1,2023
FL.DDG.05,5.0,2023-11-10 17:45:00,2023-11-10 17:50:00,10,2,6.3,1,2023
FL.SPW.01,5.0,2023-11-10 17:45:00,2023-11-10 17:55:00,15,3,6.4,1,2023
FL.DDG.01,5.0,2023-11-10 17:50:00,2023-11-10 18:15:00,30,6,15.2,1,2023
FL.WTL.02,5.0,2023-11-10 17:50:00,2023-11-10 18:10:00,25,5,9.9,1,2023
FL.RTW.12,5.0,2023-11-10 17:55:00,2023-11-10 18:20:00,30,6,8.5,1,2023
FL.BBN.01,5.0,2023-11-10 18:00:00,2023-11-10 19:55:00,120,21,6.4,2,2023
FL.RTW.09,5.0,2023-11-10 18:00:00,2023-11-10 18:15:00,20,4,7.6,1,2023
FL.RTW.10,5.0,2023-11-10 18:00:00,2023-11-10 18:15:00,20,4,12.1,1,2023
FL.BKN.01,5.0,2023-11-10 18:10:00,2023-11-10 18:25:00,20,4,8.2,1,2023
FL.BBN.01,5.0,2023-11-10 21:10:00,2023-11-10 21:40:00,35,7,5.3,1,2023
FL.BBN.01,5.0,2023-11-10 22:55:00,2023-11-10 23:30:00,40,8,5.1,1,2023
FL.BBN.01,5.0,2023-11-11 00:45:00,2023-11-11 01:00:00,20,4,5.1,1,2023
FL.KTY.01,5.0,2023-11-16 12:25:00,2023-11-16 12:30:00,10,2,8.2,1,2023
FL.PYT.02,5.0,2023-11-26 19:50:00,2023-11-26 19:55:00,10,2,5.5,1,2023
FL.PYT.02,5.0,2023-12-05 05:55:00,2023-12-05 07:10:00,80,11,10.3,3,2023
FL.PYT.02,5.0,2023-12-09 15:00:00,2023-12-09 15:05:00,10,2,5.4,1,2023
FL.PYT.02,5.0,2023-12-10 16:30:00,2023-12-10 16:40:00,15,3,5.5,1,2023
FL.BKA.02,5.0,2023-12-16 13:10:00,2023-12-16 17:55:00,290,58,11.6,1,2023
FL.PYT.02,5.0,2024-01-01 00:25:00,2024-01-01 00:30:00,10,2,6.0,1,2024
FL.PYT.02,5.0,2024-01-01 02:05:00,2024-01-01 03:50:00,110,8,6.7,4,2024
FL.PYT.02,5.0,2024-01-01 05:05:00,2024-01-01 07:30:00,150,13,6.5,3,2024
FL.PYT.02,5.0,2024-01-01 09:45:00,2024-01-01 10:40:00,60,10,6.2,2,2024
FL.PYT.02,5.0,2024-01-01 11:55:00,2024-01-02 00:10:00,740,121,10.2,15,2024
FL.PYT.02,5.0,2024-01-02 02:15:00,2024-01-02 06:50:00,280,27,7.5,9,2024
FL.PYT.02,5.0,2024-01-02 08:55:00,2024-01-02 09:00:00,10,2,5.2,1,2024
FL.LSI.03,5.0,2024-01-26 16:00:00,2024-01-26 16:10:00,15,3,10.9,1,2024
FL.WTL.02,5.0,2024-03-20 04:55:00,2024-03-20 05:40:00,50,10,6.4,1,2024
FL.WTL.02,5.0,2024-03-20 07:35:00,2024-03-20 08:25:00,55,11,7.9,1,2024
FL.BKE.02,5.0,2024-03-20 07:50:00,2024-03-20 09:05:00,80,16,16.4,1,2024
FL.BKE.01,5.0,2024-03-20 07:55:00,2024-03-20 09:05:00,75,15,18.9,1,2024
FL.JTG.01,5.0,2024-03-20 07:55:00,2024-03-20 08:15:00,25,5,8.1,1,2024
FL.BBN.01,5.0,2024-03-20 08:00:00,2024-03-20 08:10:00,15,3,10.0,1,2024
FL.DDG.01,5.0,2024-03-20 08:00:00,2024-03-20 08:25:00,30,6,14.7,1,2024
FL.RTW.09,5.0,2024-03-20 08:00:00,2024-03-20 08:45:00,50,10,11.6,1,2024
FL.SPW.01,5.0,2024-03-20 08:00:00,2024-03-20 08:15:00,20,4,10.4,1,2024
FL.SPW.02,5.0,2024-03-20 08:00:00,2024-03-20 08:25:00,30,6,8.7,1,2024
FL.RTW.12,5.0,2024-03-20 08:05:00,2024-03-20 08:35:00,35,7,9.1,1,2024
FL.BKN.01,5.0,2024-03-20 08:10:00,2024-03-20 08:40:00,35,7,10.6,1,2024
FL.PPS.01,5.0,2024-03-20 08:10:00,2024-03-20 08:20:00,15,3,9.1,1,2024
FL.RTW.10,5.0,2024-03-20 08:10:00,2024-03-20 08:20:00,15,3,9.9,1,2024
FL.DDG.02,5.0,2024-03-20 08:15:00,2024-03-20 08:50:00,40,8,13.2,1,2024
FL.DDG.06,5.0,2024-03-20 08:20:00,2024-03-20 08:40:00,25,5,6.7,1,2024
FL.LSI.03,5.0,2024-03-20 09:00:00,2024-03-20 09:05:00,10,2,5.8,1,2024
FL.LSI.04,5.0,2024-03-20 09:00:00,2024-03-20 09:15:00,20,4,7.9,1,2024
FL.WTL.02,5.0,2024-05-07 10:55:00,2024-05-07 12:30:00,100,20,6.1,1,2024
FL.CTC.06,5.0,2024-05-07 11:35:00,2024-05-07 13:45:00,135,27,6.6,1,2024
FL.CTC.06,5.0,2024-05-09 14:10:00,2024-05-09 14:20:00,15,3,5.1,1,2024
FL.WTL.02,5.0,2024-05-11 13:00:00,2024-05-11 13:20:00,25,5,6.6,1,2024
FL.BBN.01,5.0,2024-05-12 15:05:00,2024-05-12 15:30:00,30,6,11.2,1,2024
FL.BBN.02,5.0,2024-05-12 15:10:00,2024-05-12 15:45:00,40,8,11.2,1,2024
FL.CTC.06,5.0,2024-05-12 15:45:00,2024-05-12 15:55:00,15,3,6.1,1,2024
FL.WTL.02,5.0,2024-05-12 16:15:00,2024-05-12 17:05:00,55,11,7.3,1,2024
FL.PYT.02,5.0,2024-05-12 16:25:00,2024-05-12 16:30:00,10,2,5.6,1,2024
FL.PWT.02,5.0,2024-05-13 15:25:00,2024-05-13 16:15:00,55,11,9.1,1,2024
FL.WTL.02,5.0,2024-05-13 15:50:00,2024-05-13 20:55:00,310,62,7.5,1,2024
FL.WTL.02,5.0,2024-05-15 14:30:00,2024-05-15 14:55:00,30,6,5.8,1,2024
FL.WTL.02,5.0,2024-05-16 11:35:00,2024-05-16 13:25:00,115,15,5.7,3,2024
FL.PWT.02,5.0,2024-05-16 12:35:00,2024-05-16 13:40:00,70,14,11.2,1,2024
FL.SLG.01,5.0,2024-05-16 13:10:00,2024-05-16 13:35:00,30,6,11.9,1,2024
FL.SLG.03,5.0,2024-05-16 13:10:00,2024-05-16 13:35:00,30,6,13.0,1,2024
FL.BBN.01,5.0,2024-05-16 13:30:00,2024-05-16 13:35:00,10,2,6.6,1,2024
FL.CTC.06,5.0,2024-05-19 13:15:00,2024-05-19 13:30:00,20,4,5.9,1,2024
FL.CTC.06,5.0,2024-05-19 20:20:00,2024-05-19 20:40:00,25,5,6.0,1,2024
FL.BBN.01,5.0,2024-05-19 20:40:00,2024-05-19 20:45:00,10,2,6.8,1,2024
FL.BKM.01,5.0,2024-05-19 20:50:00,2024-05-19 21:40:00,55,11,19.7,1,2024
FL.WTL.02,5.0,2024-05-19 20:50:00,2024-05-19 21:00:00,15,3,5.2,1,2024
FL.RTW.09,5.0,2024-05-19 21:00:00,2024-05-19 21:10:00,15,3,6.0,1,2024
FL.WTL.02,5.0,2024-05-20 22:55:00,2024-05-20 23:45:00,55,11,6.7,1,2024
FL.LSI.02,5.0,2024-05-21 15:05:00,2024-05-21 15:25:00,25,5,13.5,1,2024
FL.WTL.02,5.0,2024-05-21 18:05:00,2024-05-21 19:10:00,70,14,9.1,1,2024
FL.BNA.03,5.0,2024-05-21 18:45:00,2024-05-21 19:10:00,30,6,13.8,1,2024
FL.KTY.05,5.0,2024-05-21 18:45:00,2024-05-21 19:45:00,65,13,16.0,1,2024
FL.KTY.02,5.0,2024-05-21 19:00:00,2024-05-21 20:05:00,70,13,11.3,2,2024
FL.SLG.01,5.0,2024-05-21 19:05:00,2024-05-21 19:10:00,10,2,6.5,1,2024
FL.BNA.04,5.0,2024-05-23 07:45:00,2024-05-23 08:45:00,65,13,18.3,1,2024
FL.CTC.06,5.0,2024-05-24 04:20:00,2024-05-24 04:25:00,10,2,5.5,1,2024
FL.CTC.06,5.0,2024-05-30 16:45:00,2024-05-30 17:00:00,20,4,5.5,1,2024
FL.SMI.01,5.0,2024-05-30 18:30:00,2024-05-30 19:00:00,35,7,14.5,1,2024
FL.SLG.01,5.0,2024-05-30 19:00:00,2024-05-30 19:40:00,45,9,10.2,1,2024
FL.KTY.05,5.0,2024-05-30 19:05:00,2024-05-30 20:35:00,95,19,17.9,1,2024
FL.WTN.03,5.0,2024-05-30 19:20:00,2024-05-30 19:50:00,35,7,12.6,1,2024
FL.LSI.03,5.0,2024-05-30 21:00:00,2024-05-30 21:10:00,15,3,11.1,1,2024
FL.BKM.01,5.0,2024-05-30 21:10:00,2024-05-30 21:20:00,15,3,7.2,1,2024
FL.SLG.01,5.0,2024-06-04 23:05:00,2024-06-05 01:00:00,120,23,9.0,2,2024
FL.BKM.01,5.0,2024-06-17 01:30:00,2024-06-17 01:55:00,30,6,8.7,1,2024
FL.LSI.04,5.0,2024-06-20 19:00:00,2024-06-20 19:30:00,35,7,14.5,1,2024
FL.SMI.01,5.0,2024-06-25 18:45:00,2024-06-25 19:20:00,40,8,25.5,1,2024
FL.LSI.04,5.0,2024-06-26 14:20:00,2024-06-26 15:05:00,50,10,9.5,1,2024
FL.LSI.03,5.0,2024-06-26 14:25:00,2024-06-26 15:00:00,40,7,10.7,2,2024
FL.BSU.01,5.0,2024-06-29 05:35:00,2024-06-29 06:20:00,50,10,8.4,1,2024
FL.BBN.01,5.0,2024-06-30 19:10:00,2024-06-30 19:45:00,40,8,8.2,1,2024
FL.DDG.02,5.0,2024-06-30 19:55:00,2024-06-30 21:00:00,70,14,20.5,1,2024
FL.DDG.06,5.0,2024-06-30 19:55:00,2024-06-30 21:20:00,90,10,10.3,3,2024
FL.DDG.01,5.0,2024-06-30 20:00:00,2024-06-30 20:15:00,20,4,15.4,1,2024
FL.RTW.09,5.0,2024-06-30 20:00:00,2024-06-30 20:25:00,30,6,6.6,1,2024
FL.CTC.07,5.0,2024-06-30 20:15:00,2024-06-30 20:35:00,25,5,6.8,1,2024
FL.BKM.01,5.0,2024-07-04 01:05:00,2024-07-04 01:15:00,15,3,7.8,1,2024
FL.BNA.04,5.0,2024-07-04 10:55:00,2024-07-04 11:30:00,40,8,13.7,1,2024
FL.SMI.01,5.0,2024-07-04 11:50:00,2024-07-04 12:35:00,50,10,29.9,1,2024
FL.LSI.04,5.0,2024-07-04 23:15:00,2024-07-04 23:20:00,10,2,5.4,1,2024
FL.CTC.06,5.0,2024-07-11 18:30:00,2024-07-11 18:35:00,10,2,5.4,1,2024
FL.WTN.01,5.0,2024-07-27 15:30:00,2024-07-27 18:10:00,165,33,50.0,1,2024
FL.BBN.01,5.0,2024-07-27 17:15:00,2024-07-27 17:20:00,10,2,6.5,1,2024
FL.BRK.01,5.0,2024-07-27 17:35:00,2024-07-27 17:50:00,20,4,13.2,1,2024
FL.STN.03,5.0,2024-07-27 17:35:00,2024-07-27 18:20:00,50,10,13.9,1,2024
FL.SLG.01,5.0,2024-07-27 17:55:00,2024-07-27 18:05:00,15,3,7.0,1,2024
FL.STN.04,5.0,2024-07-27 18:00:00,2024-07-27 18:30:00,35,7,11.8,1,2024
FL.KTY.05,5.0,2024-07-27 18:05:00,2024-07-27 18:20:00,20,4,9.3,1,2024
FL.LSI.04,5.0,2024-07-29 16:55:00,2024-07-29 18:15:00,85,17,16.2,1,2024
FL.LSI.03,5.0,2024-07-29 17:00:00,2024-07-29 17:40:00,45,9,13.7,1,2024
FL.LSI.05,5.0,2024-07-29 17:10:00,2024-07-29 17:55:00,50,10,11.6,1,2024
FL.SMI.01,5.0,2024-07-29 17:10:00,2024-07-29 18:15:00,70,14,29.0,1,2024
FL.BSU.01,5.0,2024-07-29 17:20:00,2024-07-29 17:50:00,35,7,7.3,1,2024
FL.CTC.03,5.0,2024-07-29 17:20:00,2024-07-29 17:45:00,30,6,18.6,1,2024
FL.CTC.07,5.0,2024-07-29 17:25:00,2024-07-29 17:50:00,30,6,9.6,1,2024
FL.BKM.01,5.0,2024-08-02 14:45:00,2024-08-02 15:10:00,30,6,12.4,1,2024
FL.RTW.09,5.0,2024-08-03 01:10:00,2024-08-03 01:30:00,25,5,8.2,1,2024
FL.BBN.01,5.0,2024-08-03 21:00:00,2024-08-03 21:40:00,45,9,13.3,1,2024
FL.BKE.02,5.0,2024-08-03 21:10:00,2024-08-03 21:30:00,25,5,10.5,1,2024
FL.BBN.02,5.0,2024-08-03 21:15:00,2024-08-03 21:45:00,35,6,9.3,2,2024
FL.BKE.01,5.0,2024-08-03 21:15:00,2024-08-03 21:55:00,45,9,8.9,1,2024
FL.JTG.01,5.0,2024-08-03 21:30:00,2024-08-03 21:55:00,30,6,7.6,1,2024
FL.RTW.08,5.0,2024-08-06 20:50:00,2024-08-06 21:05:00,20,4,7.5,1,2024
FL.CTC.06,5.0,2024-08-06 21:15:00,2024-08-06 21:25:00,15,3,5.2,1,2024
FL.CTC.07,5.0,2024-08-06 21:25:00,2024-08-07 00:15:00,175,34,43.3,2,2024
FL.DDG.01,5.0,2024-08-06 21:25:00,2024-08-06 22:30:00,70,13,12.4,2,2024
FL.CTC.03,5.0,2024-08-06 21:45:00,2024-08-06 23:15:00,95,19,35.3,1,2024
FL.CTC.01,5.0,2024-08-06 21:55:00,2024-08-07 01:30:00,220,44,27.7,1,2024
FL.DDG.06,5.0,2024-08-06 22:00:00,2024-08-06 22:05:00,10,2,5.3,1,2024
FL.DDG.02,5.0,2024-08-06 22:05:00,2024-08-06 22:35:00,35,7,6.5,1,2024
FL.WTN.03,5.0,2024-08-06 22:10:00,2024-08-06 23:10:00,65,13,20.4,1,2024
FL.BKM.01,5.0,2024-08-06 22:15:00,2024-08-06 23:05:00,55,11,17.9,1,2024
FL.BKM.02,5.0,2024-08-06 22:20:00,2024-08-06 23:45:00,90,18,16.5,1,2024
FL.BNA.04,5.0,2024-08-06 22:20:00,2024-08-06 23:40:00,85,7,15.1,2,2024
FL.PWT.02,5.0,2024-08-06 22:30:00,2024-08-06 23:45:00,80,16,11.4,1,2024
FL.BNA.03,5.0,2024-08-06 23:00:00,2024-08-06 23:15:00,20,4,6.4,1,2024
FL.MBR.01,5.0,2024-08-14 16:30:00,2024-08-14 16:55:00,30,6,11.2,1,2024
FL.PWT.02,5.0,2024-08-15 00:45:00,2024-08-15 00:50:00,10,2,5.5,1,2024
FL.SLG.03,5.0,2024-08-18 00:15:00,2024-08-18 00:20:00,10,2,7.7,1,2024
FL.SLG.01,5.0,2024-08-19 22:25:00,2024-08-20 03:20:00,300,57,22.9,2,2024
FL.BKP.02,5.0,2024-08-19 22:45:00,2024-08-19 23:00:00,20,4,14.8,1,2024
FL.CTC.06,5.0,2024-08-19 23:55:00,2024-08-20 00:30:00,40,4,5.6,2,2024
FL.RTW.09,5.0,2024-08-20 00:15:00,2024-08-20 00:55:00,45,9,13.4,1,2024
FL.WTN.03,5.0,2024-08-20 00:15:00,2024-08-20 01:00:00,50,10,20.0,1,2024
FL.BKM.01,5.0,2024-08-20 00:20:00,2024-08-20 04:25:00,250,50,32.5,1,2024
FL.BKP.02,5.0,2024-08-20 00:20:00,2024-08-20 00:25:00,10,2,8.5,1,2024
FL.DDG.01,5.0,2024-08-20 00:20:00,2024-08-20 00:35:00,20,4,10.3,1,2024
FL.DDG.06,5.0,2024-08-20 00:20:00,2024-08-20 01:35:00,80,15,9.4,2,2024
FL.SLG.03,5.0,2024-08-20 00:20:00,2024-08-20 00:25:00,10,2,5.7,1,2024
FL.DDG.02,5.0,2024-08-20 00:25:00,2024-08-20 00:55:00,35,7,13.0,1,2024
FL.RTW.10,5.0,2024-08-20 00:25:00,2024-08-20 00:35:00,15,3,12.6,1,2024
FL.BKM.02,5.0,2024-08-20 00:30:00,2024-08-20 02:40:00,135,27,22.9,1,2024
FL.CTC.03,5.0,2024-08-20 00:30:00,2024-08-20 00:35:00,10,2,14.4,1,2024
FL.CTC.07,5.0,2024-08-20 00:30:00,2024-08-20 00:55:00,30,6,16.6,1,2024
FL.WTL.01,5.0,2024-08-20 00:30:00,2024-08-20 01:40:00,75,15,9.1,1,2024
FL.CTC.06,5.0,2024-08-20 17:15:00,2024-08-20 17:25:00,15,3,6.1,1,2024
FL.STN.03,5.0,2024-08-24 19:45:00,2024-08-24 20:10:00,30,6,10.4,1,2024
FL.SLG.03,5.0,2024-08-26 23:05:00,2024-08-26 23:10:00,10,2,7.9,1,2024
FL.PWT.02,5.0,2024-08-27 00:35:00,2024-08-27 00:40:00,10,2,5.8,1,2024
FL.RTW.09,5.0,2024-08-27 23:15:00,2024-08-28 00:10:00,60,12,16.3,1,2024
FL.PWT.02,5.0,2024-08-27 23:25:00,2024-08-28 06:50:00,450,60,6.8,11,2024
FL.RTW.10,5.0,2024-08-27 23:30:00,2024-08-27 23:45:00,20,4,10.6,1,2024
FL.WTN.03,5.0,2024-08-27 23:30:00,2024-08-27 23:50:00,25,5,13.1,1,2024
FL.PWT.02,5.0,2024-08-29 09:15:00,2024-08-29 09:25:00,15,3,6.1,1,2024
FL.LSI.04,5.0,2024-09-01 21:20:00,2024-09-01 21:40:00,25,5,8.6,1,2024
FL.WTN.03,5.0,2024-09-03 01:20:00,2024-09-03 02:20:00,65,13,15.3,1,2024
FL.SMI.01,5.0,2024-09-12 18:35:00,2024-09-12 19:15:00,45,9,24.9,1,2024
FL.SLG.03,5.0,2024-09-13 21:05:00,2024-09-13 21:10:00,10,2,5.9,1,2024
FL.PWT.02,5.0,2024-09-13 21:20:00,2024-09-13 21:25:00,10,2,5.6,1,2024
FL.CTC.06,5.0,2024-09-14 19:00:00,2024-09-14 19:10:00,15,3,6.0,1,2024
FL.LSI.03,5.0,2024-09-14 19:10:00,2024-09-14 20:00:00,55,11,14.4,1,2024
FL.LSI.04,5.0,2024-09-14 19:15:00,2024-09-14 19:45:00,35,7,14.4,1,2024
FL.BKM.02,5.0,2024-09-14 19:25:00,2024-09-14 20:05:00,45,9,9.1,1,2024
FL.BKM.01,5.0,2024-09-14 19:35:00,2024-09-14 19:40:00,10,2,7.1,1,2024
FL.LSI.04,5.0,2024-09-18 16:40:00,2024-09-18 17:05:00,30,6,11.6,1,2024
FL.LSI.02,5.0,2024-09-18 17:05:00,2024-09-18 17:25:00,25,5,11.2,1,2024
FL.BKM.01,5.0,2024-09-18 17:30:00,2024-09-18 17:35:00,10,2,6.1,1,2024
FL.SMI.01,5.0,2024-09-20 17:10:00,2024-09-20 18:50:00,105,21,44.1,1,2024
FL.LSI.03,5.0,2024-09-21 17:10:00,2024-09-21 19:10:00,125,25,18.9,1,2024
FL.LSI.04,5.0,2024-09-21 17:15:00,2024-09-21 18:45:00,95,19,20.0,1,2024
FL.LSI.05,5.0,2024-09-21 17:20:00,2024-09-21 17:55:00,40,8,14.0,1,2024
FL.SMI.01,5.0,2024-09-21 17:50:00,2024-09-21 18:15:00,30,6,22.0,1,2024
FL.LSI.04,5.0,2024-09-23 18:40:00,2024-09-23 18:45:00,10,2,7.6,1,2024
FL.LSI.02,5.0,2024-09-24 20:00:00,2024-09-24 20:15:00,20,4,10.2,1,2024
FL.SLG.03,5.0,2024-09-26 19:00:00,2024-09-26 19:15:00,20,4,9.7,1,2024
FL.JTG.01,5.0,2024-09-30 21:30:00,2024-09-30 21:45:00,20,4,5.7,1,2024
FL.DDG.02,5.0,2024-10-02 00:30:00,2024-10-02 03:05:00,160,32,34.7,1,2024
FL.DDG.01,5.0,2024-10-02 00:35:00,2024-10-02 01:45:00,75,15,23.2,1,2024
FL.STN.04,5.0,2024-10-02 01:10:00,2024-10-02 02:25:00,80,16,21.4,1,2024
FL.HKG.01,5.0,2024-10-02 01:25:00,2024-10-02 02:00:00,40,8,11.2,1,2024
FL.JTG.01,5.0,2024-10-03 00:35:00,2024-10-03 00:45:00,15,3,8.1,1,2024
FL.LSI.04,5.0,2024-10-03 17:40:00,2024-10-03 19:00:00,85,17,14.3,1,2024
FL.LSI.03,5.0,2024-10-03 18:00:00,2024-10-03 19:20:00,85,14,16.8,2,2024
FL.LSI.05,5.0,2024-10-03 18:20:00,2024-10-03 18:30:00,15,3,8.5,1,2024
FL.BBN.01,5.0,2024-10-06 20:35:00,2024-10-06 20:55:00,25,5,11.2,1,2024
FL.JTG.01,5.0,2024-10-06 20:35:00,2024-10-06 21:05:00,35,7,12.9,1,2024
FL.BKE.02,5.0,2024-10-06 20:55:00,2024-10-06 21:20:00,30,6,7.1,1,2024
FL.BKE.01,5.0,2024-10-06 21:05:00,2024-10-06 21:10:00,10,2,7.4,1,2024
FL.BSU.01,5.0,2024-10-10 18:20:00,2024-10-10 19:55:00,100,20,8.9,1,2024
FL.BKE.01,5.0,2024-10-10 19:25:00,2024-10-10 20:05:00,45,9,16.3,1,2024
FL.RTW.09,5.0,2024-10-13 15:50:00,2024-10-13 16:10:00,25,5,9.8,1,2024
FL.BSU.01,5.0,2024-10-13 16:05:00,2024-10-13 16:50:00,50,10,7.5,1,2024
FL.STN.02,5.0,2024-10-13 16:05:00,2024-10-13 16:55:00,55,11,16.6,1,2024
FL.STN.03,5.0,2024-10-13 16:05:00,2024-10-13 17:40:00,100,20,23.5,1,2024
FL.STN.04,5.0,2024-10-13 16:05:00,2024-10-13 16:45:00,45,7,10.1,2,2024
FL.BRK.01,5.0,2024-10-13 16:10:00,2024-10-13 16:55:00,50,10,17.8,1,2024
FL.STN.01,5.0,2024-10-13 16:10:00,2024-10-13 16:15:00,10,2,6.8,1,2024
FL.PTW.05,5.0,2024-10-13 16:20:00,2024-10-13 16:45:00,30,6,8.4,1,2024
FL.SPW.02,5.0,2024-10-13 16:25:00,2024-10-13 16:55:00,35,7,8.5,1,2024
FL.PTW.02,5.0,2024-10-13 16:30:00,2024-10-13 16:45:00,20,4,7.1,1,2024
FL.BBN.01,5.0,2024-10-16 11:30:00,2024-10-16 12:35:00,70,13,15.4,2,2024
FL.BBN.02,5.0,2024-10-16 12:00:00,2024-10-16 12:15:00,20,4,8.8,1,2024
FL.CTC.06,5.0,2024-10-18 01:50:00,2024-10-18 02:05:00,20,4,5.6,1,2024
FL.JTG.01,5.0,2024-10-18 15:45:00,2024-10-18 16:45:00,65,13,19.3,1,2024
FL.SLG.01,5.0,2024-10-18 16:10:00,2024-10-18 17:00:00,55,11,13.0,1,2024
FL.BKM.01,5.0,2024-10-18 16:45:00,2024-10-18 17:40:00,60,12,18.0,1,2024
FL.SMI.01,5.0,2024-10-18 17:30:00,2024-10-18 17:45:00,20,4,21.7,1,2024
FL.LSI.03,5.0,2024-10-20 14:50:00,2024-10-20 15:15:00,30,6,10.2,1,2024
FL.BSU.01,5.0,2024-10-21 01:55:00,2024-10-21 02:25:00,35,7,7.1,1,2024
FL.SLG.01,5.0,2024-10-21 03:35:00,2024-10-21 04:00:00,30,6,8.8,1,2024
FL.PWT.02,5.0,2024-10-21 16:45:00,2024-10-21 16:50:00,10,2,5.3,1,2024
FL.SPW.02,5.0,2024-10-22 15:40:00,2024-10-22 16:35:00,60,12,12.6,1,2024
FL.BKN.01,5.0,2024-10-22 16:00:00,2024-10-22 17:00:00,65,13,14.1,1,2024
FL.PPS.01,5.0,2024-10-22 16:00:00,2024-10-22 16:10:00,15,3,9.2,1,2024
FL.SMI.01,5.0,2024-10-23 04:15:00,2024-10-23 04:55:00,45,9,27.3,1,2024
FL.LSI.04,5.0,2024-10-23 04:30:00,2024-10-23 04:35:00,10,2,6.9,1,2024
FL.JTG.01,5.0,2024-10-23 04:45:00,2024-10-23 04:50:00,10,2,6.5,1,2024
FL.BBN.01,5.0,2024-10-23 04:50:00,2024-10-23 05:00:00,15,3,9.5,1,2024
FL.SLG.03,5.0,2024-10-24 16:10:00,2024-10-24 17:35:00,90,18,25.7,1,2024
FL.WTN.03,5.0,2024-10-24 16:15:00,2024-10-24 17:50:00,100,20,15.1,1,2024
FL.HKG.01,5.0,2024-10-24 16:25:00,2024-10-24 16:35:00,15,3,5.9,1,2024
FL.KTY.05,5.0,2024-10-24 16:30:00,2024-10-24 17:50:00,85,17,16.9,1,2024
FL.KTY.02,5.0,2024-10-24 16:35:00,2024-10-24 17:40:00,70,14,12.5,1,2024
FL.SPW.02,5.0,2024-10-29 22:30:00,2024-10-30 00:00:00,95,19,13.0,1,2024
FL.BRK.01,5.0,2024-10-29 22:35:00,2024-10-29 23:55:00,85,17,31.8,1,2024
FL.DDG.01,5.0,2024-10-29 22:50:00,2024-10-29 23:50:00,65,13,24.1,1,2024
FL.RTW.09,5.0,2024-10-29 22:50:00,2024-10-29 23:40:00,55,11,11.9,1,2024
FL.SPW.01,5.0,2024-10-29 22:50:00,2024-10-29 23:25:00,40,8,16.7,1,2024
FL.DDG.02,5.0,2024-10-29 22:55:00,2024-10-29 23:30:00,40,8,17.3,1,2024
FL.KSN.01,5.0,2024-10-29 22:55:00,2024-10-30 00:05:00,75,15,14.5,1,2024
FL.RTW.08,5.0,2024-10-29 22:55:00,2024-10-30 00:05:00,75,15,28.1,1,2024
FL.DDG.03,5.0,2024-10-29 23:00:00,2024-10-29 23:40:00,45,9,10.5,1,2024
FL.DDG.05,5.0,2024-10-29 23:00:00,2024-10-29 23:50:00,55,11,21.4,1,2024
FL.DDG.08,5.0,2024-10-29 23:00:00,2024-10-29 23:45:00,50,10,16.9,1,2024
FL.HKG.01,5.0,2024-10-29 23:00:00,2024-10-30 01:10:00,135,27,15.0,1,2024
FL.PTW.02,5.0,2024-10-29 23:05:00,2024-10-29 23:20:00,20,4,6.3,1,2024
FL.RTW.10,5.0,2024-10-29 23:05:00,2024-10-29 23:15:00,15,3,10.8,1,2024
FL.JTG.01,5.0,2024-10-29 23:25:00,2024-10-29 23:50:00,30,6,7.1,1,2024
FL.BNA.04,5.0,2024-10-29 23:50:00,2024-10-30 03:20:00,215,35,27.6,2,2024
FL.BNA.01,5.0,2024-10-30 00:10:00,2024-10-30 00:35:00,30,6,9.7,1,2024
FL.BNA.03,5.0,2024-10-30 00:10:00,2024-10-30 01:15:00,70,14,12.5,1,2024
FL.CTC.06,5.0,2024-11-01 17:30:00,2024-11-01 18:10:00,45,8,7.0,2,2024
FL.DDG.08,5.0,2024-11-14 19:10:00,2024-11-14 19:20:00,15,3,8.3,1,2024
FL.SLG.01,5.0,2024-11-17 13:30:00,2024-11-17 13:55:00,30,6,11.5,1,2024
FL.HKG.01,5.0,2024-11-17 13:50:00,2024-11-17 14:10:00,25,5,8.3,1,2024
FL.KTY.02,5.0,2024-11-17 13:50:00,2024-11-17 14:30:00,45,9,8.8,1,2024
FL.KTY.03,5.0,2024-11-17 13:50:00,2024-11-17 13:55:00,10,2,6.9,1,2024
FL.RTW.08,5.0,2024-11-17 13:50:00,2024-11-17 14:10:00,25,5,16.4,1,2024
FL.KTY.05,5.0,2024-11-17 14:00:00,2024-11-17 14:30:00,35,7,6.9,1,2024
FL.RTW.09,5.0,2024-11-17 14:00:00,2024-11-17 14:30:00,35,7,11.9,1,2024
FL.RTW.10,5.0,2024-11-17 14:00:00,2024-11-17 14:10:00,15,3,10.3,1,2024
FL.STN.03,5.0,2024-11-17 14:00:00,2024-11-17 14:25:00,30,6,12.3,1,2024
FL.DDG.08,5.0,2024-11-18 14:00:00,2024-11-18 16:25:00,150,30,5.0,1,2024
FL.DDG.08,5.0,2024-11-19 12:45:00,2024-11-19 14:05:00,85,17,5.2,1,2024
FL.KTY.05,5.0,2024-11-20 14:25:00,2024-11-20 20:45:00,385,47,7.7,10,2024
FL.KTY.05,5.0,2024-11-20 22:35:00,2024-11-20 22:40:00,10,2,5.0,1,2024
FL.KTY.05,5.0,2024-11-26 13:15:00,2024-11-26 14:00:00,50,4,5.4,2,2024
FL.KTY.05,5.0,2024-11-28 15:45:00,2024-11-28 15:50:00,10,2,5.2,1,2024
FL.SLG.01,5.0,2024-12-15 12:45:00,2024-12-15 15:10:00,150,28,17.6,2,2024
FL.SLG.01,5.0,2024-12-16 11:40:00,2024-12-16 12:05:00,30,6,7.7,1,2024
FL.KTY.05,5.0,2024-12-16 14:20:00,2024-12-16 14:25:00,10,2,6.8,1,2024
FL.SPW.02,5.0,2025-01-20 11:05:00,2025-01-20 11:10:00,10,2,6.6,1,2025
FL.WTN.01,5.0,2025-02-08 13:50:00,2025-02-08 13:55:00,10,2,61.5,1,2025
FL.SLG.03,5.0,2025-02-18 07:50:00,2025-02-18 08:45:00,60,12,13.3,1,2025
FL.PWT.02,5.0,2025-02-18 10:45:00,2025-02-18 11:30:00,50,10,10.5,1,2025
FL.DST.06,5.0,2025-02-19 14:25:00,2025-02-19 14:55:00,35,7,11.2,1,2025
FL.DST.08,5.0,2025-02-19 14:35:00,2025-02-19 14:40:00,10,2,5.8,1,2025
FL.CTC.06,5.0,2025-02-20 03:00:00,2025-02-20 03:05:00,10,2,5.4,1,2025
FL.BBN.01,5.0,2025-03-22 05:55:00,2025-03-22 06:20:00,30,6,9.7,1,2025
FL.BKE.02,5.0,2025-03-31 06:25:00,2025-03-31 07:10:00,50,10,7.2,1,2025
FL.BKE.01,5.0,2025-03-31 06:35:00,2025-03-31 07:10:00,40,8,14.4,1,2025
FL.HKG.01,5.0,2025-04-07 09:15:00,2025-04-07 11:05:00,115,23,21.5,1,2025
FL.RTW.09,5.0,2025-04-07 09:40:00,2025-04-07 10:00:00,25,5,9.3,1,2025
FL.BKP.02,5.0,2025-04-11 13:05:00,2025-04-11 13:10:00,10,2,6.5,1,2025
FL.BKM.01,5.0,2025-04-11 13:35:00,2025-04-11 13:40:00,10,2,7.4,1,2025
FL.BKE.02,5.0,2025-04-15 14:00:00,2025-04-15 14:05:00,10,2,6.0,1,2025
FL.BKM.01,5.0,2025-04-15 17:50:00,2025-04-15 18:40:00,55,11,15.8,1,2025
FL.DDG.01,5.0,2025-04-15 18:00:00,2025-04-15 18:25:00,30,6,8.7,1,2025
FL.DDG.05,5.0,2025-04-15 18:00:00,2025-04-15 18:15:00,20,4,6.7,1,2025
FL.HKG.01,5.0,2025-04-15 18:05:00,2025-04-15 19:00:00,60,12,12.4,1,2025
FL.BNA.04,5.0,2025-04-15 18:10:00,2025-04-15 18:45:00,40,8,15.2,1,2025
FL.DDG.08,5.0,2025-04-15 18:10:00,2025-04-15 18:45:00,40,8,11.1,1,2025
FL.RTW.08,5.0,2025-04-15 18:15:00,2025-04-15 18:25:00,15,3,9.1,1,2025
FL.DDG.03,5.0,2025-04-15 18:20:00,2025-04-15 18:25:00,10,2,5.2,1,2025
FL.LSI.02,5.0,2025-04-19 13:10:00,2025-04-19 13:35:00,30,6,11.0,1,2025
FL.BKM.01,5.0,2025-05-01 03:10:00,2025-05-01 03:15:00,10,2,5.1,1,2025
FL.DDG.01,5.0,2025-05-01 03:45:00,2025-05-01 04:15:00,35,7,14.7,1,2025
FL.DDG.02,5.0,2025-05-01 03:45:00,2025-05-01 04:55:00,75,15,19.0,1,2025
FL.HKG.01,5.0,2025-05-01 03:55:00,2025-05-01 04:40:00,50,10,12.4,1,2025
FL.PPS.01,5.0,2025-05-01 04:00:00,2025-05-01 04:20:00,25,5,5.8,1,2025
FL.KSN.01,5.0,2025-05-01 04:15:00,2025-05-01 05:30:00,80,16,10.8,1,2025
FL.STN.01,5.0,2025-05-01 04:20:00,2025-05-01 05:05:00,50,10,19.9,1,2025
FL.JTG.01,5.0,2025-05-01 04:30:00,2025-05-01 04:50:00,25,5,8.5,1,2025
FL.HKG.01,5.0,2025-05-03 05:25:00,2025-05-03 05:50:00,30,6,9.7,1,2025
FL.RTW.09,5.0,2025-05-03 05:35:00,2025-05-03 05:50:00,20,4,7.7,1,2025
FL.PPS.01,5.0,2025-05-10 17:20:00,2025-05-10 18:30:00,75,15,18.5,1,2025
FL.PYT.02,5.0,2025-05-10 17:30:00,2025-05-10 19:55:00,150,30,34.1,1,2025
FL.LSI.04,5.0,2025-05-10 17:35:00,2025-05-10 18:55:00,85,17,24.1,1,2025
FL.PYT.07,5.0,2025-05-10 17:35:00,2025-05-10 18:40:00,70,13,15.7,2,2025
FL.LSI.02,5.0,2025-05-10 17:40:00,2025-05-10 21:25:00,230,46,23.5,1,2025
FL.CTC.04,5.0,2025-05-10 17:45:00,2025-05-10 19:50:00,130,26,27.5,1,2025
FL.DDG.01,5.0,2025-05-10 17:45:00,2025-05-10 19:15:00,95,19,29.9,1,2025
FL.KSN.01,5.0,2025-05-10 17:45:00,2025-05-10 19:20:00,100,20,12.4,1,2025
FL.RTW.09,5.0,2025-05-10 17:45:00,2025-05-10 19:40:00,120,24,22.7,1,2025
FL.RTW.12,5.0,2025-05-10 17:45:00,2025-05-10 19:25:00,105,21,14.1,1,2025
FL.SLG.03,5.0,2025-05-10 17:45:00,2025-05-10 19:50:00,130,26,26.8,1,2025
FL.BKM.01,5.0,2025-05-10 17:50:00,2025-05-10 23:35:00,350,70,33.8,1,2025
FL.BKP.02,5.0,2025-05-10 17:50:00,2025-05-10 17:55:00,10,2,13.9,1,2025
FL.CTC.06,5.0,2025-05-10 17:50:00,2025-05-10 18:20:00,35,7,6.7,1,2025
FL.CTC.07,5.0,2025-05-10 17:50:00,2025-05-10 19:25:00,100,19,32.6,2,2025
FL.LSI.03,5.0,2025-05-10 17:50:00,2025-05-10 18:10:00,25,5,12.7,1,2025
FL.LSI.06,5.0,2025-05-10 17:50:00,2025-05-10 20:55:00,190,33,12.4,3,2025
FL.RTW.10,5.0,2025-05-10 17:50:00,2025-05-10 18:10:00,25,5,16.9,1,2025
FL.SLG.01,5.0,2025-05-10 17:50:00,2025-05-10 19:00:00,75,15,13.6,1,2025
FL.SPW.02,5.0,2025-05-10 17:50:00,2025-05-10 18:30:00,45,9,8.1,1,2025
FL.CTC.03,5.0,2025-05-10 17:55:00,2025-05-10 18:55:00,65,13,28.0,1,2025
FL.DDG.02,5.0,2025-05-10 17:55:00,2025-05-10 20:35:00,165,33,33.0,1,2025
FL.LSI.05,5.0,2025-05-10 17:55:00,2025-05-10 18:15:00,25,5,13.1,1,2025
FL.PYT.06,5.0,2025-05-10 17:55:00,2025-05-10 19:40:00,110,22,25.9,1,2025
FL.RTW.04,5.0,2025-05-10 17:55:00,2025-05-10 19:45:00,115,23,12.2,1,2025
FL.WTL.02,5.0,2025-05-10 17:55:00,2025-05-10 18:00:00,10,2,10.7,1,2025
FL.BKM.02,5.0,2025-05-10 18:00:00,2025-05-10 20:10:00,135,27,21.8,1,2025
FL.BNA.04,5.0,2025-05-10 18:00:00,2025-05-10 18:40:00,45,9,13.4,1,2025
FL.CTC.05,5.0,2025-05-10 18:00:00,2025-05-10 19:30:00,95,19,22.2,1,2025
FL.DST.06,5.0,2025-05-10 18:00:00,2025-05-10 18:30:00,35,7,10.3,1,2025
FL.PWT.02,5.0,2025-05-10 18:00:00,2025-05-10 19:00:00,65,13,8.4,1,2025
FL.PYT.03,5.0,2025-05-10 18:00:00,2025-05-10 19:05:00,70,14,13.7,1,2025
FL.RTW.11,5.0,2025-05-10 18:00:00,2025-05-10 19:05:00,70,14,16.8,1,2025
FL.CTC.01,5.0,2025-05-10 18:05:00,2025-05-10 20:55:00,175,35,21.9,1,2025
FL.DDG.05,5.0,2025-05-10 18:05:00,2025-05-10 18:50:00,50,10,7.5,1,2025
FL.DST.08,5.0,2025-05-10 18:05:00,2025-05-10 18:25:00,25,5,7.2,1,2025
FL.KTY.02,5.0,2025-05-10 18:05:00,2025-05-10 19:20:00,80,16,12.5,1,2025
FL.KTY.04,5.0,2025-05-10 18:05:00,2025-05-10 19:10:00,70,14,9.9,1,2025
FL.PYT.01,5.0,2025-05-10 18:05:00,2025-05-10 19:55:00,115,23,17.5,1,2025
FL.PYT.04,5.0,2025-05-10 18:05:00,2025-05-10 18:50:00,50,10,11.9,1,2025
FL.PYT.05,5.0,2025-05-10 18:05:00,2025-05-10 19:50:00,110,22,16.3,1,2025
FL.RTW.05,5.0,2025-05-10 18:05:00,2025-05-10 18:55:00,55,11,16.1,1,2025
FL.RTW.07,5.0,2025-05-10 18:05:00,2025-05-10 19:10:00,70,14,17.1,1,2025
FL.RTW.08,5.0,2025-05-10 18:05:00,2025-05-10 19:10:00,70,14,23.1,1,2025
FL.BRK.01,5.0,2025-05-10 18:10:00,2025-05-10 18:35:00,30,6,13.7,1,2025
FL.DDG.08,5.0,2025-05-10 18:10:00,2025-05-10 18:35:00,30,6,10.2,1,2025
FL.HKG.01,5.0,2025-05-10 18:10:00,2025-05-10 18:40:00,35,7,14.0,1,2025
FL.PTW.01,5.0,2025-05-10 18:10:00,2025-05-10 18:40:00,35,7,11.7,1,2025
FL.PTW.02,5.0,2025-05-10 18:10:00,2025-05-10 18:20:00,15,3,6.2,1,2025
FL.WTL.01,5.0,2025-05-10 18:10:00,2025-05-10 20:25:00,140,14,20.4,4,2025
FL.WTL.03,5.0,2025-05-10 18:10:00,2025-05-11 01:20:00,435,86,13.0,2,2025
FL.WTL.04,5.0,2025-05-10 18:10:00,2025-05-11 00:00:00,355,70,17.3,2,2025
FL.KTY.03,5.0,2025-05-10 18:15:00,2025-05-10 18:30:00,20,4,6.6,1,2025
FL.PTW.05,5.0,2025-05-10 18:15:00,2025-05-10 18:35:00,25,5,11.6,1,2025
FL.WTN.02,5.0,2025-05-10 18:25:00,2025-05-10 18:45:00,25,5,8.3,1,2025
FL.CTC.04,5.0,2025-05-10 22:40:00,2025-05-11 01:55:00,200,29,9.3,4,2025
FL.SLG.03,5.0,2025-05-10 23:15:00,2025-05-11 00:15:00,65,13,8.1,1,2025
FL.PWT.02,5.0,2025-05-11 21:40:00,2025-05-11 22:10:00,35,7,7.6,1,2025
FL.DDG.01,5.0,2025-05-12 13:10:00,2025-05-12 13:15:00,10,2,6.2,1,2025
FL.PYT.02,5.0,2025-05-12 13:15:00,2025-05-12 13:30:00,20,4,8.9,1,2025
FL.PYT.07,5.0,2025-05-12 13:20:00,2025-05-12 13:30:00,15,3,9.0,1,2025
FL.PYT.06,5.0,2025-05-12 13:25:00,2025-05-12 13:35:00,15,3,6.5,1,2025
FL.PWT.02,5.0,2025-05-12 15:50:00,2025-05-12 17:10:00,85,15,7.7,3,2025
FL.SMI.01,5.0,2025-05-15 14:50:00,2025-05-15 15:05:00,20,4,19.4,1,2025
FL.RTW.09,5.0,2025-05-16 11:55:00,2025-05-16 12:25:00,35,7,10.1,1,2025
FL.SPW.02,5.0,2025-05-16 12:00:00,2025-05-16 12:15:00,20,4,7.0,1,2025
FL.BNA.04,5.0,2025-05-16 14:00:00,2025-05-16 15:20:00,85,17,18.0,1,2025
FL.PWT.02,5.0,2025-05-16 14:10:00,2025-05-16 19:05:00,300,59,16.7,2,2025
FL.SMI.01,5.0,2025-05-21 09:45:00,2025-05-21 10:00:00,20,4,16.0,1,2025
FL.BKM.01,5.0,2025-05-21 10:00:00,2025-05-21 11:40:00,105,21,21.9,1,2025
FL.BKM.02,5.0,2025-05-21 10:00:00,2025-05-21 11:40:00,105,21,19.7,1,2025
FL.BBN.01,5.0,2025-05-23 21:15:00,2025-05-23 23:20:00,130,26,18.4,1,2025
FL.BBN.02,5.0,2025-05-23 21:15:00,2025-05-23 23:40:00,150,30,20.0,1,2025
FL.JTG.01,5.0,2025-05-23 21:25:00,2025-05-23 23:20:00,120,24,21.8,1,2025
FL.CTC.04,5.0,2025-05-24 14:10:00,2025-05-24 15:25:00,80,16,22.0,1,2025
FL.LSI.02,5.0,2025-05-24 14:10:00,2025-05-24 15:40:00,95,19,17.5,1,2025
FL.LSI.06,5.0,2025-05-24 14:20:00,2025-05-24 15:35:00,80,14,10.4,2,2025
FL.LSI.03,5.0,2025-05-24 14:30:00,2025-05-24 14:50:00,25,5,11.2,1,2025
FL.LSI.04,5.0,2025-05-24 14:30:00,2025-05-24 15:45:00,80,16,14.1,1,2025
FL.PWT.02,5.0,2025-05-27 04:50:00,2025-05-27 04:55:00,10,2,5.7,1,2025
FL.LSI.04,5.0,2025-06-05 21:40:00,2025-06-05 22:05:00,30,6,15.1,1,2025
FL.SMI.01,5.0,2025-06-05 21:45:00,2025-06-05 22:20:00,40,8,24.4,1,2025
FL.BKP.02,5.0,2025-06-09 00:45:00,2025-06-09 00:55:00,15,3,10.2,1,2025
FL.SLG.01,5.0,2025-06-09 00:45:00,2025-06-09 01:15:00,35,7,8.4,1,2025
FL.DDG.02,5.0,2025-06-09 00:55:00,2025-06-09 01:20:00,30,6,8.6,1,2025
FL.STN.03,5.0,2025-06-12 15:25:00,2025-06-12 15:50:00,30,6,13.3,1,2025
FL.BKA.02,5.0,2025-06-13 10:00:00,2025-06-13 10:25:00,30,4,5.3,2,2025
FL.PWT.02,5.0,2025-06-27 16:30:00,2025-06-27 16:35:00,10,2,5.8,1,2025
FL.LSI.04,5.0,2025-07-01 16:40:00,2025-07-01 16:50:00,15,3,6.2,1,2025
FL.BNA.04,5.0,2025-07-12 20:05:00,2025-07-12 20:10:00,10,2,5.9,1,2025
FL.PWT.02,5.0,2025-07-12 20:10:00,2025-07-12 20:15:00,10,2,5.7,1,2025
FL.BKM.01,5.0,2025-07-13 19:10:00,2025-07-13 19:40:00,35,7,12.9,1,2025
FL.SMI.01,5.0,2025-07-14 18:20:00,2025-07-14 18:40:00,25,5,17.2,1,2025
FL.SMI.01,5.0,2025-07-16 02:25:00,2025-07-16 03:15:00,55,11,17.2,1,2025
FL.KSN.01,5.0,2025-07-16 22:55:00,2025-07-17 00:00:00,70,14,11.2,1,2025
FL.PTW.05,5.0,2025-07-23 09:40:00,2025-07-23 09:45:00,10,2,8.5,1,2025
FL.DDG.08,5.0,2025-08-07 11:40:00,2025-08-07 14:30:00,175,35,14.3,1,2025
FL.BNA.04,5.0,2025-08-08 02:45:00,2025-08-08 04:05:00,85,17,22.3,1,2025
FL.PWT.02,5.0,2025-08-08 02:45:00,2025-08-08 03:40:00,60,11,8.6,2,2025
FL.SMI.01,5.0,2025-08-15 18:35:00,2025-08-15 18:50:00,20,4,21.5,1,2025
FL.SLG.01,5.0,2025-08-16 22:00:00,2025-08-16 22:35:00,40,8,9.2,1,2025
FL.PWT.02,5.0,2025-08-18 16:35:00,2025-08-18 16:45:00,15,3,6.9,1,2025
FL.RTW.09,5.0,2025-08-22 00:00:00,2025-08-22 01:05:00,70,14,11.4,1,2025
FL.BKM.01,5.0,2025-08-25 12:30:00,2025-08-25 12:35:00,10,2,15.1,1,2025
FL.RTW.09,5.0,2025-08-31 15:35:00,2025-08-31 15:40:00,10,2,5.4,1,2025
FL.PWT.02,5.0,2025-08-31 20:55:00,2025-08-31 21:05:00,15,3,7.2,1,2025
FL.SMI.01,5.0,2025-09-03 00:10:00,2025-09-03 00:25:00,20,4,18.7,1,2025
FL.SPW.01,5.0,2025-09-04 19:20:00,2025-09-04 20:25:00,70,14,15.9,1,2025
FL.SPW.02,5.0,2025-09-04 19:20:00,2025-09-04 21:00:00,105,21,10.3,1,2025
FL.BKN.01,5.0,2025-09-04 20:00:00,2025-09-04 20:05:00,10,2,6.0,1,2025
FL.STN.03,5.0,2025-09-04 20:00:00,2025-09-04 22:10:00,135,27,33.4,1,2025
FL.STN.01,5.0,2025-09-04 20:05:00,2025-09-04 21:45:00,105,21,33.6,1,2025
FL.DDG.01,5.0,2025-09-05 14:50:00,2025-09-05 15:15:00,30,6,16.7,1,2025
FL.DDG.02,5.0,2025-09-05 15:05:00,2025-09-05 15:25:00,25,5,9.3,1,2025
FL.DDG.06,5.0,2025-09-05 15:05:00,2025-09-05 15:40:00,40,7,10.2,2,2025
FL.PWT.02,5.0,2025-09-05 18:15:00,2025-09-05 21:35:00,205,34,8.7,3,2025
FL.SLG.03,5.0,2025-09-05 18:25:00,2025-09-05 19:40:00,80,16,15.9,1,2025
FL.DDG.01,5.0,2025-09-05 18:35:00,2025-09-05 20:00:00,90,18,26.6,1,2025
FL.DDG.05,5.0,2025-09-05 18:40:00,2025-09-05 20:45:00,130,26,26.9,1,2025
FL.SLG.01,5.0,2025-09-05 18:40:00,2025-09-05 20:25:00,110,21,15.8,2,2025
FL.DDG.02,5.0,2025-09-05 18:45:00,2025-09-05 20:30:00,110,22,29.1,1,2025
FL.DDG.03,5.0,2025-09-05 18:45:00,2025-09-05 19:10:00,30,6,10.4,1,2025
FL.WTL.03,5.0,2025-09-05 19:00:00,2025-09-05 23:40:00,285,56,14.2,2,2025
FL.BKM.01,5.0,2025-09-06 15:45:00,2025-09-06 17:15:00,95,19,17.3,1,2025
FL.SLG.03,5.0,2025-09-06 16:00:00,2025-09-06 18:35:00,160,32,35.3,1,2025
FL.CTC.07,5.0,2025-09-06 16:15:00,2025-09-06 16:20:00,10,2,8.4,1,2025
FL.SLG.01,5.0,2025-09-06 16:20:00,2025-09-06 17:35:00,80,15,13.5,2,2025
FL.WTL.03,5.0,2025-09-06 16:20:00,2025-09-06 18:00:00,105,19,9.7,3,2025
FL.SPW.02,5.0,2025-09-06 16:30:00,2025-09-06 17:10:00,45,9,9.0,1,2025
FL.PPS.01,5.0,2025-09-06 16:45:00,2025-09-06 17:30:00,50,10,15.2,1,2025
FL.BKN.01,5.0,2025-09-06 16:50:00,2025-09-06 17:00:00,15,3,5.8,1,2025
FL.RTW.09,5.0,2025-09-06 16:50:00,2025-09-06 17:40:00,55,11,12.0,1,2025
FL.RTW.12,5.0,2025-09-06 16:55:00,2025-09-06 17:20:00,30,6,9.3,1,2025
FL.PWT.02,5.0,2025-09-06 17:00:00,2025-09-06 17:40:00,45,9,8.4,1,2025
FL.DST.08,5.0,2025-09-06 17:10:00,2025-09-06 17:15:00,10,2,6.7,1,2025
FL.BKE.02,5.0,2025-09-06 18:45:00,2025-09-06 19:40:00,60,10,5.7,3,2025
FL.BBN.01,5.0,2025-09-06 19:05:00,2025-09-06 19:35:00,35,6,8.8,2,2025
FL.BBN.02,5.0,2025-09-06 19:20:00,2025-09-06 19:40:00,25,5,9.0,1,2025
FL.SMI.01,5.0,2025-09-08 12:20:00,2025-09-08 13:40:00,85,17,41.6,1,2025
FL.CTC.07,5.0,2025-09-09 20:05:00,2025-09-09 20:25:00,25,5,13.8,1,2025
FL.PWT.02,5.0,2025-09-11 00:55:00,2025-09-11 01:00:00,10,2,5.6,1,2025
FL.DDG.08,5.0,2025-09-11 13:10:00,2025-09-11 17:20:00,255,50,13.7,2,2025
FL.LSI.03,5.0,2025-09-12 14:35:00,2025-09-12 14:55:00,25,5,9.4,1,2025
FL.LSI.04,5.0,2025-09-12 14:40:00,2025-09-12 14:50:00,15,3,6.1,1,2025
FL.LSI.04,5.0,2025-09-13 15:25:00,2025-09-13 16:40:00,80,16,15.9,1,2025
FL.LSI.03,5.0,2025-09-13 15:40:00,2025-09-13 16:30:00,55,11,11.5,1,2025
FL.LSI.05,5.0,2025-09-13 15:50:00,2025-09-13 15:55:00,10,2,8.3,1,2025
FL.STN.03,5.0,2025-09-14 06:15:00,2025-09-14 07:45:00,95,19,21.0,1,2025
FL.BKM.01,5.0,2025-09-14 14:15:00,2025-09-14 15:20:00,70,14,19.7,1,2025
FL.SLG.03,5.0,2025-09-14 14:30:00,2025-09-14 14:40:00,15,3,7.4,1,2025
FL.BKN.01,5.0,2025-09-14 15:10:00,2025-09-14 15:35:00,30,6,7.7,1,2025
FL.BRK.01,5.0,2025-09-14 15:10:00,2025-09-14 15:15:00,10,2,5.0,1,2025
FL.SPW.02,5.0,2025-09-14 15:10:00,2025-09-14 15:35:00,30,6,7.8,1,2025
FL.SPW.01,5.0,2025-09-14 15:15:00,2025-09-14 15:25:00,15,3,11.1,1,2025
FL.DDG.08,5.0,2025-09-16 13:55:00,2025-09-16 14:40:00,50,10,9.2,1,2025
FL.STN.03,5.0,2025-09-17 02:10:00,2025-09-17 04:00:00,115,23,30.5,1,2025
FL.STN.01,5.0,2025-09-17 02:25:00,2025-09-17 03:00:00,40,8,13.2,1,2025
FL.HKG.01,5.0,2025-09-17 02:40:00,2025-09-17 02:45:00,10,2,6.7,1,2025
FL.BKM.01,5.0,2025-09-17 03:10:00,2025-09-17 03:45:00,40,8,12.1,1,2025
FL.DDG.08,5.0,2025-09-17 12:50:00,2025-09-17 13:45:00,60,12,8.5,1,2025
FL.PWT.02,5.0,2025-09-17 19:25:00,2025-09-17 19:30:00,10,2,5.9,1,2025
FL.LSI.03,5.0,2025-09-18 20:35:00,2025-09-18 21:10:00,40,8,21.2,1,2025
FL.LSI.04,5.0,2025-09-18 20:35:00,2025-09-18 21:05:00,35,7,12.3,1,2025
FL.PWT.02,5.0,2025-09-27 17:50:00,2025-09-27 22:10:00,265,52,13.4,2,2025
FL.BNA.04,5.0,2025-09-27 18:10:00,2025-09-27 20:05:00,120,24,24.3,1,2025
FL.BNA.02,5.0,2025-09-27 18:40:00,2025-09-28 02:40:00,485,97,15.2,1,2025
FL.BNA.03,5.0,2025-09-27 18:40:00,2025-09-27 21:40:00,185,37,32.5,1,2025
FL.BNA.01,5.0,2025-09-27 18:50:00,2025-09-27 18:55:00,10,2,7.3,1,2025
FL.RTW.10,5.0,2025-10-01 13:20:00,2025-10-01 13:25:00,10,2,11.1,1,2025
FL.DDG.01,5.0,2025-10-01 13:30:00,2025-10-01 13:40:00,15,3,14.2,1,2025
FL.DDG.02,5.0,2025-10-01 13:30:00,2025-10-01 13:55:00,30,6,12.4,1,2025
FL.PYT.02,5.0,2025-10-01 13:30:00,2025-10-01 13:35:00,10,2,5.9,1,2025
FL.RTW.09,5.0,2025-10-01 13:30:00,2025-10-01 13:40:00,15,3,7.2,1,2025
FL.RTW.08,5.0,2025-10-01 13:40:00,2025-10-01 13:45:00,10,2,13.6,1,2025
FL.SMI.01,5.0,2025-10-01 14:15:00,2025-10-01 14:25:00,15,3,12.7,1,2025
FL.SLG.01,5.0,2025-10-03 05:20:00,2025-10-03 05:35:00,20,4,8.8,1,2025
FL.PYT.02,5.0,2025-10-04 10:30:00,2025-10-04 10:40:00,15,3,6.5,1,2025
FL.SPW.02,5.0,2025-10-04 11:05:00,2025-10-04 11:20:00,20,4,6.0,1,2025
FL.RTW.08,5.0,2025-10-04 11:15:00,2025-10-04 12:35:00,85,17,19.8,1,2025
FL.RTW.10,5.0,2025-10-04 11:15:00,2025-10-04 11:20:00,10,2,9.5,1,2025
FL.RTW.04,5.0,2025-10-04 11:20:00,2025-10-04 12:55:00,100,20,10.0,1,2025
FL.RTW.09,5.0,2025-10-04 11:20:00,2025-10-04 12:35:00,80,16,11.6,1,2025
FL.DDG.03,5.0,2025-10-04 11:25:00,2025-10-04 12:00:00,40,8,8.3,1,2025
FL.RTW.07,5.0,2025-10-04 11:35:00,2025-10-04 12:25:00,55,11,17.3,1,2025
FL.PWT.02,5.0,2025-10-04 12:10:00,2025-10-04 19:15:00,430,86,21.8,1,2025
FL.PWT.01,5.0,2025-10-04 12:40:00,2025-10-04 13:35:00,60,12,10.3,1,2025
FL.BBN.01,5.0,2025-10-04 12:45:00,2025-10-04 13:50:00,70,12,10.2,2,2025
FL.BBN.02,5.0,2025-10-04 13:00:00,2025-10-04 13:05:00,10,2,6.0,1,2025
FL.BBN.01,5.0,2025-10-06 00:35:00,2025-10-06 02:25:00,115,23,22.4,1,2025
FL.BBN.02,5.0,2025-10-06 00:40:00,2025-10-06 02:25:00,110,22,26.7,1,2025
FL.BNA.04,5.0,2025-10-06 01:05:00,2025-10-06 02:30:00,90,18,23.3,1,2025
FL.SLG.01,5.0,2025-10-06 01:45:00,2025-10-06 02:35:00,55,11,10.4,1,2025
FL.SLG.01,5.0,2025-10-07 18:30:00,2025-10-07 19:20:00,55,9,7.0,2,2025
FL.SMI.01,5.0,2025-10-11 15:35:00,2025-10-11 16:10:00,40,8,26.7,1,2025
FL.KSN.01,5.0,2025-10-12 14:10:00,2025-10-12 14:50:00,45,9,6.9,1,2025
FL.RTW.09,5.0,2025-10-12 14:10:00,2025-10-12 16:05:00,120,24,12.9,1,2025
FL.SPW.02,5.0,2025-10-12 14:15:00,2025-10-12 14:55:00,45,9,9.1,1,2025
FL.SPW.01,5.0,2025-10-12 14:20:00,2025-10-12 14:50:00,35,7,16.2,1,2025
FL.BKN.01,5.0,2025-10-12 14:25:00,2025-10-12 15:15:00,55,11,8.4,1,2025
FL.PPS.01,5.0,2025-10-12 14:50:00,2025-10-12 15:40:00,55,6,7.6,2,2025
FL.RTW.12,5.0,2025-10-12 15:30:00,2025-10-12 15:40:00,15,3,7.8,1,2025
FL.BKE.02,5.0,2025-10-13 13:05:00,2025-10-13 13:50:00,50,10,23.5,1,2025
FL.BKE.01,5.0,2025-10-13 13:10:00,2025-10-13 13:45:00,40,8,14.5,1,2025
FL.BNA.04,5.0,2025-10-14 12:10:00,2025-10-14 12:25:00,20,4,8.6,1,2025
FL.LSI.02,5.0,2025-10-14 13:10:00,2025-10-14 13:30:00,25,5,9.6,1,2025
FL.PYT.02,5.0,2025-10-19 21:45:00,2025-10-19 22:00:00,20,4,10.0,1,2025
FL.BBN.01,5.0,2025-11-01 13:10:00,2025-11-01 13:40:00,35,7,11.6,1,2025
FL.BBN.02,5.0,2025-11-01 13:25:00,2025-11-01 13:30:00,10,2,7.6,1,2025
FL.BKM.01,5.0,2025-11-01 17:40:00,2025-11-01 17:50:00,15,3,6.7,1,2025
FL.BNA.04,5.0,2025-11-01 20:55:00,2025-11-02 01:00:00,250,45,25.7,2,2025
FL.BNA.01,5.0,2025-11-01 21:10:00,2025-11-01 22:15:00,70,14,9.1,1,2025
FL.PWT.02,5.0,2025-11-01 21:45:00,2025-11-01 22:05:00,25,5,7.3,1,2025
FL.BBN.01,5.0,2025-11-02 14:10:00,2025-11-02 14:15:00,10,2,6.2,1,2025
FL.SMI.01,5.0,2025-11-02 16:25:00,2025-11-02 16:55:00,35,7,20.6,1,2025
FL.LSI.02,5.0,2025-11-02 20:55:00,2025-11-03 03:45:00,415,83,20.6,1,2025
FL.SMI.01,5.0,2025-11-02 21:05:00,2025-11-03 01:35:00,275,55,46.4,1,2025
FL.LSI.03,5.0,2025-11-02 21:10:00,2025-11-02 21:45:00,40,8,14.0,1,2025
FL.LSI.06,5.0,2025-11-02 21:10:00,2025-11-03 03:10:00,365,73,15.2,1,2025
FL.CTC.04,5.0,2025-11-02 21:15:00,2025-11-03 01:15:00,245,48,27.5,2,2025
FL.PYT.02,5.0,2025-11-02 21:20:00,2025-11-02 21:25:00,10,2,7.1,1,2025
FL.CTC.07,5.0,2025-11-02 21:25:00,2025-11-03 01:35:00,255,51,41.3,1,2025
FL.CTC.03,5.0,2025-11-02 21:30:00,2025-11-03 01:35:00,250,50,31.6,1,2025
FL.DDG.01,5.0,2025-11-02 21:30:00,2025-11-02 22:10:00,45,9,14.7,1,2025
FL.LSI.05,5.0,2025-11-02 21:30:00,2025-11-02 22:45:00,80,16,16.6,1,2025
FL.PPS.01,5.0,2025-11-02 21:30:00,2025-11-02 21:40:00,15,3,5.5,1,2025
FL.DDG.02,5.0,2025-11-02 21:35:00,2025-11-02 22:45:00,75,15,16.9,1,2025
FL.CTC.06,5.0,2025-11-02 21:45:00,2025-11-02 23:00:00,80,16,10.9,1,2025
FL.SLG.01,5.0,2025-11-02 21:45:00,2025-11-03 00:15:00,155,31,12.3,1,2025
FL.HKG.01,5.0,2025-11-02 21:50:00,2025-11-02 22:15:00,30,6,9.1,1,2025
FL.SLG.03,5.0,2025-11-02 22:00:00,2025-11-03 00:00:00,125,25,21.1,1,2025
FL.BNA.04,5.0,2025-11-02 22:15:00,2025-11-02 23:20:00,70,14,18.8,1,2025
FL.CTC.01,5.0,2025-11-02 22:15:00,2025-11-03 01:10:00,180,36,20.5,1,2025
FL.WTL.03,5.0,2025-11-02 23:25:00,2025-11-03 01:05:00,105,19,8.4,3,2025
FL.BNA.04,5.0,2025-11-03 02:15:00,2025-11-03 04:50:00,160,32,8.2,1,2025
FL.CTC.04,5.0,2025-11-03 03:40:00,2025-11-03 04:40:00,65,12,6.7,2,2025
FL.SLG.03,5.0,2025-11-03 04:15:00,2025-11-03 04:35:00,25,5,6.1,1,2025
FL.CTC.04,5.0,2025-11-03 17:40:00,2025-11-03 18:35:00,60,12,18.7,1,2025
FL.BKM.01,5.0,2025-11-03 18:25:00,2025-11-03 19:10:00,50,10,13.2,1,2025
FL.PPS.01,5.0,2025-11-03 19:50:00,2025-11-03 20:30:00,45,8,7.5,2,2025
FL.RTW.09,5.0,2025-11-03 20:05:00,2025-11-03 21:40:00,100,20,20.6,1,2025
FL.PTW.01,5.0,2025-11-03 20:20:00,2025-11-03 21:00:00,45,9,10.5,1,2025
FL.RTW.12,5.0,2025-11-03 20:20:00,2025-11-03 20:55:00,40,8,9.7,1,2025
FL.RTW.05,5.0,2025-11-03 20:25:00,2025-11-03 20:45:00,25,5,8.8,1,2025
FL.SPW.02,5.0,2025-11-03 20:25:00,2025-11-03 20:45:00,25,5,6.5,1,2025
FL.RTW.04,5.0,2025-11-03 20:30:00,2025-11-03 20:45:00,20,4,6.2,1,2025
FL.RTW.11,5.0,2025-11-03 20:30:00,2025-11-03 20:35:00,10,2,5.3,1,2025
FL.BNA.04,5.0,2025-11-03 20:45:00,2025-11-04 02:20:00,340,46,17.0,4,2025
FL.RTW.09,5.0,2025-11-10 14:20:00,2025-11-10 14:25:00,10,2,5.6,1,2025
FL.BKM.01,5.0,2025-11-13 01:35:00,2025-11-13 02:30:00,60,12,20.5,1,2025
FL.CTC.06,5.0,2025-11-13 01:50:00,2025-11-13 03:05:00,80,16,12.7,1,2025
FL.DDG.01,5.0,2025-11-13 01:50:00,2025-11-13 03:00:00,75,15,26.2,1,2025
FL.CTC.07,5.0,2025-11-13 01:55:00,2025-11-13 04:45:00,175,35,41.4,1,2025
FL.DDG.02,5.0,2025-11-13 01:55:00,2025-11-13 04:25:00,155,31,32.0,1,2025
FL.DDG.05,5.0,2025-11-13 02:00:00,2025-11-13 02:50:00,55,11,11.3,1,2025
FL.CTC.03,5.0,2025-11-13 02:05:00,2025-11-13 04:05:00,125,25,32.7,1,2025
FL.HKG.01,5.0,2025-11-13 02:05:00,2025-11-13 03:20:00,80,16,17.6,1,2025
FL.LSI.02,5.0,2025-11-13 02:05:00,2025-11-13 03:30:00,90,18,18.4,1,2025
FL.PYT.02,5.0,2025-11-13 02:05:00,2025-11-13 04:50:00,170,34,33.4,1,2025
FL.PYT.04,5.0,2025-11-13 02:05:00,2025-11-13 03:30:00,90,18,21.2,1,2025
FL.PYT.07,5.0,2025-11-13 02:05:00,2025-11-13 03:30:00,90,18,21.2,1,2025
FL.DDG.03,5.0,2025-11-13 02:10:00,2025-11-13 03:20:00,75,15,22.4,1,2025
FL.PYT.05,5.0,2025-11-13 02:10:00,2025-11-13 04:55:00,170,34,25.0,1,2025
FL.PYT.06,5.0,2025-11-13 02:10:00,2025-11-13 04:20:00,135,27,28.7,1,2025
FL.RTW.08,5.0,2025-11-13 02:10:00,2025-11-13 04:25:00,140,28,37.0,1,2025
FL.CTC.04,5.0,2025-11-13 02:15:00,2025-11-13 03:35:00,85,17,22.0,1,2025
FL.CTC.05,5.0,2025-11-13 02:15:00,2025-11-13 04:25:00,135,27,25.1,1,2025
FL.LSI.06,5.0,2025-11-13 02:15:00,2025-11-13 03:05:00,55,11,8.8,1,2025
FL.PYT.01,5.0,2025-11-13 02:15:00,2025-11-13 04:50:00,160,32,25.8,1,2025
FL.RTW.04,5.0,2025-11-13 02:15:00,2025-11-13 05:15:00,185,37,21.8,1,2025
FL.RTW.09,5.0,2025-11-13 02:15:00,2025-11-13 04:35:00,145,29,25.9,1,2025
FL.PTW.05,5.0,2025-11-13 02:20:00,2025-11-13 05:40:00,205,41,34.4,1,2025
FL.PYT.03,5.0,2025-11-13 02:20:00,2025-11-13 03:25:00,70,14,11.6,1,2025
FL.RTW.12,5.0,2025-11-13 02:20:00,2025-11-13 04:35:00,140,28,16.9,1,2025
FL.DST.06,5.0,2025-11-13 02:25:00,2025-11-13 03:05:00,45,9,13.5,1,2025
FL.PTW.01,5.0,2025-11-13 02:25:00,2025-11-13 04:55:00,155,31,31.4,1,2025
FL.RTW.05,5.0,2025-11-13 02:25:00,2025-11-13 04:00:00,100,20,17.1,1,2025
FL.RTW.07,5.0,2025-11-13 02:25:00,2025-11-13 04:05:00,105,21,18.5,1,2025
FL.RTW.10,5.0,2025-11-13 02:25:00,2025-11-13 03:35:00,75,15,35.1,1,2025
FL.RTW.11,5.0,2025-11-13 02:25:00,2025-11-13 04:05:00,105,21,15.9,1,2025
FL.DDG.07,5.0,2025-11-13 02:30:00,2025-11-13 03:35:00,70,14,23.2,1,2025
FL.DST.08,5.0,2025-11-13 02:30:00,2025-11-13 02:50:00,25,5,6.3,1,2025
FL.PTW.02,5.0,2025-11-13 02:35:00,2025-11-13 04:35:00,125,25,25.7,1,2025
FL.STN.03,5.0,2025-11-13 02:35:00,2025-11-13 03:55:00,85,17,16.1,1,2025
FL.KTY.03,5.0,2025-11-13 02:40:00,2025-11-13 04:25:00,110,22,19.6,1,2025
FL.STN.02,5.0,2025-11-13 02:40:00,2025-11-13 03:10:00,35,7,9.5,1,2025
FL.BKN.01,5.0,2025-11-13 02:45:00,2025-11-13 04:00:00,80,16,16.2,1,2025
FL.KTY.02,5.0,2025-11-13 02:45:00,2025-11-13 03:55:00,75,15,16.3,1,2025
FL.PTW.03,5.0,2025-11-13 02:45:00,2025-11-13 03:30:00,50,10,15.3,1,2025
FL.STN.01,5.0,2025-11-13 02:45:00,2025-11-13 02:55:00,15,3,7.1,1,2025
FL.PPS.01,5.0,2025-11-13 02:50:00,2025-11-13 03:40:00,55,11,14.7,1,2025
FL.KSN.01,5.0,2025-11-13 02:55:00,2025-11-13 03:00:00,10,2,5.3,1,2025
FL.SPW.01,5.0,2025-11-13 02:55:00,2025-11-13 03:10:00,20,4,8.5,1,2025
FL.SPW.02,5.0,2025-11-13 02:55:00,2025-11-13 03:25:00,35,7,7.4,1,2025
FL.PYT.02,5.0,2025-11-13 09:00:00,2025-11-13 17:50:00,535,106,15.7,2,2025
FL.BNA.04,5.0,2025-11-13 17:35:00,2025-11-13 17:45:00,15,3,9.7,1,2025
FL.PKN.01,5.0,2025-12-16 12:35:00,2025-12-16 12:40:00,10,2,12.0,1,2025
FL.SLG.01,5.0,2025-12-17 11:45:00,2025-12-17 12:05:00,25,5,23.6,1,2025
FL.SLG.01,5.0,2025-12-19 07:00:00,2025-12-19 08:20:00,85,8,11.2,2,2025
FL.KTY.04,15.0,2019-01-04 11:40:00,2019-01-04 11:50:00,15,3,28.9,1,2019
FL.KTY.03,15.0,2019-01-08 12:00:00,2019-01-08 12:05:00,10,2,31.0,1,2019
FL.BNA.03,15.0,2019-01-09 19:30:00,2019-01-09 19:45:00,20,4,35.3,1,2019
FL.WTN.01,15.0,2019-02-04 11:10:00,2019-02-04 11:25:00,20,4,29.5,1,2019
FL.RTW.07,15.0,2019-03-08 12:25:00,2019-03-08 12:30:00,10,2,24.9,1,2019
FL.LSI.06,15.0,2019-04-08 09:50:00,2019-04-08 18:50:00,545,109,56.5,1,2019
FL.LSI.06,15.0,2019-04-09 08:20:00,2019-04-09 09:45:00,90,11,33.4,2,2019
FL.SLG.03,15.0,2019-04-23 00:20:00,2019-04-23 00:35:00,20,4,16.6,1,2019
FL.SLG.02,15.0,2019-04-23 11:10:00,2019-04-23 11:20:00,15,3,29.3,1,2019
FL.BBN.01,15.0,2019-04-26 10:30:00,2019-04-26 10:35:00,10,2,29.5,1,2019
FL.LSI.04,15.0,2019-04-26 14:25:00,2019-04-26 14:40:00,20,4,18.4,1,2019
FL.DDG.06,15.0,2019-05-22 11:35:00,2019-05-22 11:40:00,10,2,30.5,1,2019
FL.PWT.02,15.0,2019-05-29 07:15:00,2019-05-29 07:20:00,10,2,17.2,1,2019
FL.SLG.03,15.0,2019-05-30 00:40:00,2019-05-30 01:00:00,25,5,19.9,1,2019
FL.HKG.01,15.0,2019-06-06 10:15:00,2019-06-06 10:20:00,10,2,30.1,1,2019
FL.DDG.06,15.0,2019-06-07 14:20:00,2019-06-07 19:15:00,300,60,48.9,1,2019
FL.DDG.02,15.0,2019-06-07 14:30:00,2019-06-07 17:40:00,195,39,34.5,1,2019
FL.CTC.02,15.0,2019-06-07 14:35:00,2019-06-07 17:30:00,180,36,44.0,1,2019
FL.PYT.02,15.0,2019-06-07 14:35:00,2019-06-07 16:50:00,140,28,34.0,1,2019
FL.PYT.04,15.0,2019-06-07 14:35:00,2019-06-07 16:45:00,135,27,31.1,1,2019
FL.BKN.01,15.0,2019-06-07 14:40:00,2019-06-07 16:30:00,115,23,27.1,1,2019
FL.CTC.05,15.0,2019-06-07 14:40:00,2019-06-07 18:30:00,235,46,33.6,2,2019
FL.CTC.07,15.0,2019-06-07 14:40:00,2019-06-07 14:55:00,20,4,19.7,1,2019
FL.RTW.10,15.0,2019-06-07 14:40:00,2019-06-07 16:50:00,135,27,34.2,1,2019
FL.CTC.01,15.0,2019-06-07 14:45:00,2019-06-07 15:15:00,35,7,19.1,1,2019
FL.PYT.06,15.0,2019-06-07 14:45:00,2019-06-07 16:40:00,120,24,28.3,1,2019
FL.BKN.02,15.0,2019-06-07 14:50:00,2019-06-07 16:50:00,125,25,21.2,1,2019
FL.RTW.01,15.0,2019-06-07 14:50:00,2019-06-07 17:00:00,135,27,36.0,1,2019
FL.SPW.01,15.0,2019-06-07 14:55:00,2019-06-07 15:40:00,50,10,24.7,1,2019
FL.DDG.05,15.0,2019-06-07 15:00:00,2019-06-07 15:50:00,55,11,21.9,1,2019
FL.RTW.07,15.0,2019-06-07 15:00:00,2019-06-07 15:10:00,15,3,16.7,1,2019
FL.DDG.07,15.0,2019-06-07 15:05:00,2019-06-07 16:20:00,80,16,26.8,1,2019
FL.PTW.02,15.0,2019-06-07 15:05:00,2019-06-07 15:40:00,40,8,22.8,1,2019
FL.BRK.01,15.0,2019-06-07 15:10:00,2019-06-07 15:35:00,30,6,21.9,1,2019
FL.DDG.08,15.0,2019-06-07 15:15:00,2019-06-07 15:35:00,25,5,18.0,1,2019
FL.PTW.05,15.0,2019-06-07 15:20:00,2019-06-07 15:35:00,20,4,18.9,1,2019
FL.RTW.10,15.0,2019-06-10 11:00:00,2019-06-10 11:05:00,10,2,27.3,1,2019
FL.CTC.06,15.0,2019-06-10 14:20:00,2019-06-10 14:30:00,15,3,27.2,1,2019
FL.CTC.04,15.0,2019-06-12 08:00:00,2019-06-12 08:55:00,60,12,21.9,1,2019
FL.CTC.04,15.0,2019-06-13 08:10:00,2019-06-13 08:30:00,25,5,21.9,1,2019
FL.BKE.02,15.0,2019-06-24 06:00:00,2019-06-24 08:10:00,135,27,35.8,1,2019
FL.BKE.02,15.0,2019-06-24 21:55:00,2019-06-24 22:40:00,50,10,26.5,1,2019
FL.BNA.03,15.0,2019-06-24 22:50:00,2019-06-24 23:15:00,30,6,21.5,1,2019
FL.BKM.01,15.0,2019-06-30 21:50:00,2019-07-01 07:00:00,555,73,33.2,11,2019
FL.SPW.01,15.0,2019-07-04 10:45:00,2019-07-04 10:55:00,15,3,29.1,1,2019
FL.PWT.02,15.0,2019-07-13 00:50:00,2019-07-13 03:10:00,145,29,27.1,1,2019
FL.BKN.01,15.0,2019-07-15 17:45:00,2019-07-15 18:50:00,70,14,25.7,1,2019
FL.SMI.01,15.0,2019-07-25 12:50:00,2019-07-25 12:55:00,10,2,31.3,1,2019
FL.CTC.07,15.0,2019-09-14 17:30:00,2019-09-14 17:40:00,15,3,18.5,1,2019
FL.SLG.03,15.0,2019-09-14 17:45:00,2019-09-14 20:30:00,170,34,39.5,1,2019
FL.SLG.02,15.0,2019-09-14 17:50:00,2019-09-14 20:25:00,160,30,26.2,3,2019
FL.DDG.02,15.0,2019-09-14 18:05:00,2019-09-14 18:10:00,10,2,16.1,1,2019
FL.BKN.01,15.0,2019-09-14 18:20:00,2019-09-14 18:35:00,20,4,17.2,1,2019
FL.BRK.01,15.0,2019-09-14 18:25:00,2019-09-14 18:55:00,35,7,21.6,1,2019
FL.STN.04,15.0,2019-09-14 18:30:00,2019-09-14 19:15:00,50,10,22.8,1,2019
FL.STN.02,15.0,2019-09-14 18:35:00,2019-09-14 19:35:00,65,13,27.4,1,2019
FL.STN.03,15.0,2019-09-14 18:35:00,2019-09-14 19:45:00,75,15,25.0,1,2019
FL.SMI.01,15.0,2019-09-15 23:50:00,2019-09-16 00:10:00,25,5,25.0,1,2019
FL.CTC.02,15.0,2019-09-16 00:10:00,2019-09-16 01:30:00,85,17,33.1,1,2019
FL.CTC.04,15.0,2019-09-16 00:15:00,2019-09-16 01:25:00,75,15,21.3,1,2019
FL.CTC.01,15.0,2019-09-16 00:30:00,2019-09-16 01:05:00,40,8,18.3,1,2019
FL.PTW.05,15.0,2019-09-16 00:30:00,2019-09-16 01:25:00,60,12,24.4,1,2019
FL.RTW.10,15.0,2019-09-16 00:30:00,2019-09-16 00:45:00,20,4,22.5,1,2019
FL.STN.02,15.0,2019-09-16 00:30:00,2019-09-16 01:25:00,60,12,25.9,1,2019
FL.PYT.02,15.0,2019-09-16 00:35:00,2019-09-16 00:40:00,10,2,16.6,1,2019
FL.LSI.03,15.0,2019-09-17 18:35:00,2019-09-17 19:10:00,40,8,23.3,1,2019
FL.LSI.03,15.0,2019-09-17 20:35:00,2019-09-17 21:40:00,70,14,32.8,1,2019
FL.LSI.04,15.0,2019-09-17 20:45:00,2019-09-17 21:25:00,45,9,21.6,1,2019
FL.SLG.03,15.0,2019-09-19 19:45:00,2019-09-19 23:15:00,215,43,34.6,1,2019
FL.PWT.02,15.0,2019-09-19 20:00:00,2019-09-20 10:20:00,865,168,43.2,4,2019
FL.BNA.02,15.0,2019-09-19 20:50:00,2019-09-20 00:15:00,210,40,29.0,3,2019
FL.BNA.02,15.0,2019-09-20 02:00:00,2019-09-20 03:55:00,120,18,33.2,3,2019
FL.PWT.02,15.0,2019-09-20 12:00:00,2019-09-20 12:05:00,10,2,15.1,1,2019
FL.STN.02,15.0,2019-09-21 12:05:00,2019-09-21 13:15:00,75,15,28.1,1,2019
FL.SLG.03,15.0,2019-09-21 12:40:00,2019-09-21 12:55:00,20,4,15.9,1,2019
FL.SMI.01,15.0,2019-10-01 14:20:00,2019-10-01 17:00:00,165,33,51.5,1,2019
FL.RTW.10,15.0,2019-10-04 12:35:00,2019-10-04 13:05:00,35,7,23.8,1,2019
FL.STN.02,15.0,2019-10-04 12:40:00,2019-10-04 12:50:00,15,3,15.8,1,2019
FL.SMI.01,15.0,2019-10-04 13:25:00,2019-10-04 13:50:00,30,6,29.1,1,2019
FL.BNA.03,15.0,2019-10-05 12:10:00,2019-10-05 14:00:00,115,23,50.3,1,2019
FL.BNA.04,15.0,2019-10-05 12:10:00,2019-10-05 13:00:00,55,11,24.1,1,2019
FL.CTC.03,15.0,2019-10-12 14:20:00,2019-10-12 14:30:00,15,3,23.5,1,2019
FL.PWT.02,15.0,2019-10-13 21:10:00,2019-10-13 21:20:00,15,3,17.9,1,2019
FL.SMI.01,15.0,2019-10-14 08:00:00,2019-10-14 08:15:00,20,4,21.4,1,2019
FL.CTC.03,15.0,2019-11-03 20:55:00,2019-11-03 22:45:00,115,23,35.4,1,2019
FL.CTC.04,15.0,2019-11-03 21:00:00,2019-11-03 21:45:00,50,10,25.6,1,2019
FL.CTC.01,15.0,2019-11-03 21:05:00,2019-11-03 22:40:00,100,19,25.7,2,2019
FL.CTC.07,15.0,2019-11-03 21:05:00,2019-11-03 21:50:00,50,10,24.9,1,2019
FL.CTC.05,15.0,2019-11-15 22:15:00,2019-11-15 22:30:00,20,4,36.6,1,2019
FL.CTC.05,15.0,2019-11-16 21:35:00,2019-11-17 04:15:00,405,80,63.6,2,2019
FL.CTC.05,15.0,2019-11-21 22:35:00,2019-11-21 22:40:00,10,2,16.3,1,2019
FL.CTC.05,15.0,2019-11-24 14:30:00,2019-11-24 21:30:00,425,85,51.3,1,2019
FL.PYT.07,15.0,2019-11-30 00:45:00,2019-11-30 01:15:00,35,5,49.6,2,2019
FL.PYT.07,15.0,2019-11-30 12:15:00,2019-11-30 18:05:00,355,70,18.4,2,2019
FL.PYT.07,15.0,2019-12-03 04:50:00,2019-12-03 12:35:00,470,94,147.7,1,2019
FL.PYT.07,15.0,2019-12-03 15:55:00,2019-12-04 09:30:00,1060,212,142.4,1,2019
FL.CTC.05,15.0,2019-12-27 16:15:00,2019-12-29 10:55:00,2565,508,148.8,5,2019
FL.LSI.03,15.0,2020-02-07 13:45:00,2020-02-08 10:00:00,1220,244,73.3,1,2020
FL.LSI.03,15.0,2020-02-26 11:20:00,2020-02-26 13:05:00,110,22,21.2,1,2020
FL.LSI.03,15.0,2020-02-26 15:40:00,2020-02-27 09:55:00,1100,209,28.0,4,2020
FL.SMI.01,15.0,2020-03-15 10:45:00,2020-03-15 11:10:00,30,6,24.4,1,2020
FL.PYT.02,15.0,2020-04-18 12:15:00,2020-04-18 12:25:00,15,3,16.8,1,2020
FL.PYT.02,15.0,2020-04-19 11:00:00,2020-04-19 11:30:00,35,7,20.4,1,2020
FL.PYT.02,15.0,2020-04-19 13:40:00,2020-04-19 14:10:00,35,7,15.8,1,2020
FL.PYT.02,15.0,2020-04-20 10:30:00,2020-04-20 14:25:00,240,41,19.3,3,2020
FL.PYT.02,15.0,2020-04-21 10:10:00,2020-04-21 14:30:00,265,53,21.4,1,2020
FL.PYT.02,15.0,2020-04-22 10:30:00,2020-04-22 15:00:00,275,47,23.4,3,2020
FL.PYT.02,15.0,2020-04-23 10:50:00,2020-04-23 14:55:00,250,50,22.1,1,2020
FL.PYT.02,15.0,2020-04-25 11:50:00,2020-04-25 11:55:00,10,2,15.6,1,2020
FL.CTC.03,15.0,2020-04-25 13:20:00,2020-04-25 14:30:00,75,14,21.8,2,2020
FL.CTC.07,15.0,2020-04-25 13:35:00,2020-04-25 13:45:00,15,3,18.8,1,2020
FL.PYT.02,15.0,2020-04-26 10:10:00,2020-04-26 16:15:00,370,70,28.6,2,2020
FL.PYT.02,15.0,2020-04-28 10:15:00,2020-04-28 15:10:00,300,60,26.9,1,2020
FL.DDG.02,15.0,2020-04-29 11:55:00,2020-04-29 13:45:00,115,23,32.8,1,2020
FL.CTC.04,15.0,2020-04-29 12:05:00,2020-04-29 12:55:00,55,9,24.4,3,2020
FL.DDG.06,15.0,2020-04-29 12:05:00,2020-04-29 14:20:00,140,28,36.5,1,2020
FL.DDG.05,15.0,2020-04-29 12:10:00,2020-04-29 12:25:00,20,4,17.9,1,2020
FL.CTC.02,15.0,2020-04-29 12:15:00,2020-04-29 13:10:00,60,12,28.5,1,2020
FL.CTC.01,15.0,2020-04-29 12:30:00,2020-04-29 12:45:00,20,4,16.0,1,2020
FL.PYT.02,15.0,2020-04-30 10:00:00,2020-04-30 12:45:00,170,34,27.7,1,2020
FL.PYT.02,15.0,2020-05-01 10:00:00,2020-05-01 10:25:00,30,6,21.0,1,2020
FL.STN.02,15.0,2020-05-31 01:05:00,2020-05-31 02:35:00,95,19,26.0,1,2020
FL.STN.03,15.0,2020-05-31 01:05:00,2020-05-31 02:45:00,105,21,27.3,1,2020
FL.BNA.04,15.0,2020-05-31 01:40:00,2020-05-31 02:10:00,35,7,19.8,1,2020
FL.LSI.04,15.0,2020-06-04 15:25:00,2020-06-04 16:20:00,60,12,23.2,1,2020
FL.LSI.05,15.0,2020-06-04 15:50:00,2020-06-04 15:55:00,10,2,15.6,1,2020
FL.CTC.03,15.0,2020-06-11 14:15:00,2020-06-11 14:20:00,10,2,16.3,1,2020
FL.CTC.03,15.0,2020-06-12 13:25:00,2020-06-12 14:50:00,90,18,25.0,1,2020
FL.CTC.03,15.0,2020-06-13 12:55:00,2020-06-13 15:20:00,150,30,30.4,1,2020
FL.PWT.02,15.0,2020-06-15 04:20:00,2020-06-15 04:45:00,30,6,22.5,1,2020
FL.PYT.02,15.0,2020-06-20 10:00:00,2020-06-20 17:00:00,425,85,46.6,1,2020
FL.CTC.03,15.0,2020-06-20 12:35:00,2020-06-20 16:40:00,250,50,34.7,1,2020
FL.RTW.10,15.0,2020-06-22 05:05:00,2020-06-22 05:25:00,25,5,24.8,1,2020
FL.DDG.02,15.0,2020-06-22 05:20:00,2020-06-22 05:40:00,25,5,20.0,1,2020
FL.SLG.03,15.0,2020-06-22 05:20:00,2020-06-22 05:30:00,15,3,15.5,1,2020
FL.PYT.02,15.0,2020-06-22 10:10:00,2020-06-22 11:55:00,110,22,31.4,1,2020
FL.BKM.02,15.0,2020-06-24 10:20:00,2020-06-24 10:25:00,10,2,17.3,1,2020
FL.LSI.03,15.0,2020-07-14 00:20:00,2020-07-14 00:45:00,30,6,20.8,1,2020
FL.SMI.01,15.0,2020-07-14 00:20:00,2020-07-14 03:05:00,170,34,46.1,1,2020
FL.SMI.01,15.0,2020-07-16 17:40:00,2020-07-16 18:50:00,75,15,34.3,1,2020
FL.SMI.01,15.0,2020-07-20 14:10:00,2020-07-20 15:00:00,55,11,28.7,1,2020
FL.RTW.08,15.0,2020-07-24 06:40:00,2020-07-24 07:50:00,75,15,23.9,1,2020
FL.STN.03,15.0,2020-07-24 06:40:00,2020-07-24 08:00:00,85,17,22.8,1,2020
FL.RTW.10,15.0,2020-07-24 06:50:00,2020-07-24 07:00:00,15,3,18.0,1,2020
FL.BRK.01,15.0,2020-07-24 15:05:00,2020-07-24 15:20:00,20,4,19.7,1,2020
FL.BKM.01,15.0,2020-08-06 08:35:00,2020-08-06 08:40:00,10,2,17.6,1,2020
FL.PWT.02,15.0,2020-08-12 19:10:00,2020-08-12 19:25:00,20,4,17.6,1,2020
FL.BNA.03,15.0,2020-08-15 00:00:00,2020-08-15 06:35:00,400,80,24.7,1,2020
FL.KTY.01,15.0,2020-08-15 17:55:00,2020-08-15 20:20:00,150,20,15.5,2,2020
FL.SLG.03,15.0,2020-08-19 01:20:00,2020-08-19 02:15:00,60,12,21.5,1,2020
FL.PWT.02,15.0,2020-08-19 01:40:00,2020-08-19 02:25:00,50,10,26.1,1,2020
FL.SMI.01,15.0,2020-08-28 16:50:00,2020-08-28 17:30:00,45,9,32.0,1,2020
FL.SLG.03,15.0,2020-08-28 17:00:00,2020-08-28 18:40:00,105,21,30.5,1,2020
FL.PWT.02,15.0,2020-08-28 17:15:00,2020-08-28 18:30:00,80,15,24.0,2,2020
FL.BKM.01,15.0,2020-08-28 17:20:00,2020-08-28 17:25:00,10,2,18.1,1,2020
FL.SLG.03,15.0,2020-09-01 03:35:00,2020-09-01 04:45:00,75,15,24.9,1,2020
FL.HKG.01,15.0,2020-09-01 03:40:00,2020-09-01 03:55:00,20,4,18.9,1,2020
FL.RTW.10,15.0,2020-09-01 03:40:00,2020-09-01 04:00:00,25,5,25.1,1,2020
FL.DDG.02,15.0,2020-09-01 03:50:00,2020-09-01 04:25:00,40,8,20.3,1,2020
FL.BNA.03,15.0,2020-09-01 05:00:00,2020-09-01 05:45:00,50,10,27.0,1,2020
FL.BBN.01,15.0,2020-09-01 05:20:00,2020-09-01 06:05:00,50,10,21.1,1,2020
FL.BKN.01,15.0,2020-09-01 05:30:00,2020-09-01 06:10:00,45,9,22.6,1,2020
FL.BKN.02,15.0,2020-09-01 05:35:00,2020-09-01 06:40:00,70,14,24.3,1,2020
FL.PWT.02,15.0,2020-09-15 01:50:00,2020-09-15 02:20:00,35,7,22.0,1,2020
FL.BNA.03,15.0,2020-09-15 01:55:00,2020-09-15 02:10:00,20,4,20.6,1,2020
FL.DDG.01,15.0,2020-09-23 15:40:00,2020-09-23 15:55:00,20,4,15.9,1,2020
FL.DDG.02,15.0,2020-09-23 15:40:00,2020-09-23 18:00:00,145,29,33.1,1,2020
FL.DDG.05,15.0,2020-09-23 16:05:00,2020-09-23 16:10:00,10,2,18.1,1,2020
FL.PYT.06,15.0,2020-09-23 16:10:00,2020-09-23 18:00:00,115,23,28.8,1,2020
FL.CTC.02,15.0,2020-09-23 16:15:00,2020-09-23 17:10:00,60,12,28.5,1,2020
FL.DDG.07,15.0,2020-09-23 16:15:00,2020-09-23 17:00:00,50,10,19.9,1,2020
FL.PYT.03,15.0,2020-09-23 16:25:00,2020-09-23 16:30:00,10,2,15.3,1,2020
FL.STN.02,15.0,2020-09-27 20:00:00,2020-09-27 21:15:00,80,16,28.2,1,2020
FL.STN.03,15.0,2020-09-27 20:00:00,2020-09-27 21:00:00,65,13,20.8,1,2020
FL.DDG.02,15.0,2020-09-27 20:55:00,2020-09-27 22:05:00,75,15,26.5,1,2020
FL.BKM.01,15.0,2020-09-27 21:00:00,2020-09-27 21:05:00,10,2,15.4,1,2020
FL.DDG.01,15.0,2020-09-27 21:00:00,2020-09-27 21:10:00,15,3,17.7,1,2020
FL.BBN.01,15.0,2020-09-28 21:25:00,2020-09-28 22:05:00,45,9,19.7,1,2020
FL.SPW.02,15.0,2020-09-29 12:05:00,2020-09-29 12:10:00,10,2,17.2,1,2020
FL.CTC.07,15.0,2020-10-02 17:25:00,2020-10-02 18:20:00,60,12,23.6,1,2020
FL.BKN.01,15.0,2020-10-02 18:15:00,2020-10-02 18:35:00,25,5,19.9,1,2020
FL.STN.02,15.0,2020-10-02 18:20:00,2020-10-02 21:05:00,170,34,37.3,1,2020
FL.STN.03,15.0,2020-10-02 18:20:00,2020-10-02 21:05:00,170,34,34.2,1,2020
FL.SLG.03,15.0,2020-10-02 18:25:00,2020-10-02 20:30:00,130,26,25.4,1,2020
FL.DDG.02,15.0,2020-10-02 18:30:00,2020-10-02 19:20:00,55,11,19.4,1,2020
FL.BRK.01,15.0,2020-10-02 18:45:00,2020-10-02 19:15:00,35,6,16.2,2,2020
FL.KTY.01,15.0,2020-10-02 18:50:00,2020-10-02 20:00:00,75,15,23.2,1,2020
FL.KTY.02,15.0,2020-10-02 19:00:00,2020-10-02 20:00:00,65,12,21.3,2,2020
FL.PWT.02,15.0,2020-10-02 19:05:00,2020-10-02 20:10:00,70,13,21.4,2,2020
FL.KTY.04,15.0,2020-10-02 19:20:00,2020-10-02 20:55:00,100,17,18.4,2,2020
FL.LSI.03,15.0,2020-10-03 12:35:00,2020-10-03 13:20:00,50,10,25.1,1,2020
FL.BBN.01,15.0,2020-10-04 00:05:00,2020-10-04 00:10:00,10,2,15.7,1,2020
FL.PWT.02,15.0,2020-10-04 00:55:00,2020-10-04 07:50:00,420,80,32.2,3,2020
FL.SLG.03,15.0,2020-10-04 16:05:00,2020-10-04 17:15:00,75,15,27.1,1,2020
FL.BNA.04,15.0,2020-10-05 02:20:00,2020-10-05 03:35:00,80,16,32.5,1,2020
FL.PWT.02,15.0,2020-10-05 02:35:00,2020-10-05 03:20:00,50,10,20.2,1,2020
FL.BBN.01,15.0,2020-10-06 15:50:00,2020-10-06 15:55:00,10,2,19.7,1,2020
FL.BKE.01,15.0,2020-10-16 13:55:00,2020-10-16 14:15:00,25,5,17.6,1,2020
FL.PWT.02,15.0,2020-10-31 15:20:00,2020-10-31 16:00:00,45,8,21.9,2,2020
FL.SLG.03,15.0,2020-10-31 15:25:00,2020-10-31 15:55:00,35,7,19.6,1,2020
FL.STN.02,15.0,2020-11-21 11:20:00,2020-11-21 14:45:00,210,42,38.2,1,2020
FL.STN.03,15.0,2020-11-21 11:20:00,2020-11-21 14:30:00,195,36,36.8,2,2020
FL.BRK.01,15.0,2020-11-21 12:10:00,2020-11-21 13:20:00,75,15,24.8,1,2020
FL.SLG.03,15.0,2020-11-21 12:35:00,2020-11-21 13:35:00,65,13,26.4,1,2020
FL.STN.01,15.0,2020-11-21 12:40:00,2020-11-21 12:45:00,10,2,23.9,1,2020
FL.HKG.01,15.0,2020-11-21 12:50:00,2020-11-21 14:00:00,75,13,22.5,2,2020
FL.STN.02,15.0,2020-11-23 17:30:00,2020-11-23 17:45:00,20,4,19.8,1,2020
FL.STN.02,15.0,2021-02-09 12:40:00,2021-02-09 16:00:00,205,41,44.9,1,2021
FL.SLG.03,15.0,2021-02-09 13:20:00,2021-02-09 14:00:00,45,9,24.5,1,2021
FL.PWT.02,15.0,2021-02-10 01:35:00,2021-02-10 03:30:00,120,24,26.6,1,2021
FL.CTC.02,15.0,2021-02-10 10:55:00,2021-02-10 11:05:00,15,3,18.2,1,2021
FL.DDG.08,15.0,2021-02-17 13:30:00,2021-02-17 13:35:00,10,2,15.5,1,2021
FL.KTY.01,15.0,2021-02-23 13:25:00,2021-02-23 13:30:00,10,2,16.1,1,2021
FL.BNA.01,15.0,2021-02-27 11:20:00,2021-02-27 11:25:00,10,2,15.1,1,2021
FL.SLG.03,15.0,2021-03-09 14:50:00,2021-03-09 14:55:00,10,2,16.0,1,2021
FL.RTW.01,15.0,2021-04-12 13:00:00,2021-04-12 13:25:00,30,6,24.9,1,2021
FL.RTW.10,15.0,2021-04-12 13:00:00,2021-04-12 13:20:00,25,5,24.0,1,2021
FL.BKP.02,15.0,2021-04-25 05:55:00,2021-04-25 06:35:00,45,9,18.1,1,2021
FL.PWT.02,15.0,2021-04-25 06:25:00,2021-04-25 06:30:00,10,2,19.3,1,2021
FL.DDG.01,15.0,2021-04-27 13:40:00,2021-04-27 14:05:00,30,6,20.6,1,2021
FL.HKG.01,15.0,2021-04-27 13:45:00,2021-04-27 14:40:00,60,12,19.6,1,2021
FL.STN.04,15.0,2021-04-27 13:45:00,2021-04-27 14:45:00,65,13,28.5,1,2021
FL.DDG.02,15.0,2021-04-27 14:00:00,2021-04-27 14:55:00,60,12,20.8,1,2021
FL.WTN.02,15.0,2021-04-27 14:10:00,2021-04-27 14:30:00,25,4,21.0,2,2021
FL.STN.02,15.0,2021-05-03 13:55:00,2021-05-03 14:30:00,40,8,23.6,1,2021
FL.STN.03,15.0,2021-05-03 13:55:00,2021-05-03 14:20:00,30,6,18.9,1,2021
FL.DDG.01,15.0,2021-05-19 18:10:00,2021-05-19 18:45:00,40,8,20.9,1,2021
FL.DDG.02,15.0,2021-05-19 18:25:00,2021-05-19 20:35:00,135,27,26.3,1,2021
FL.DDG.06,15.0,2021-05-19 18:25:00,2021-05-19 20:55:00,155,31,28.3,1,2021
FL.SLG.03,15.0,2021-05-19 18:40:00,2021-05-19 22:15:00,220,44,30.7,1,2021
FL.RTW.01,15.0,2021-05-19 18:55:00,2021-05-19 20:05:00,75,15,29.0,1,2021
FL.RTW.10,15.0,2021-05-19 19:00:00,2021-05-19 19:55:00,60,12,26.5,1,2021
FL.BKP.02,15.0,2021-05-19 19:05:00,2021-05-19 21:15:00,135,27,32.6,1,2021
FL.BNA.03,15.0,2021-05-19 19:05:00,2021-05-19 21:35:00,155,31,47.1,1,2021
FL.RTW.05,15.0,2021-05-19 19:05:00,2021-05-19 19:25:00,25,5,17.1,1,2021
FL.PTW.01,15.0,2021-05-19 19:10:00,2021-05-19 19:55:00,50,10,21.9,1,2021
FL.PWT.02,15.0,2021-05-19 19:10:00,2021-05-20 00:40:00,335,64,24.1,2,2021
FL.STN.04,15.0,2021-05-19 19:10:00,2021-05-19 20:00:00,55,11,24.2,1,2021
FL.SLG.02,15.0,2021-05-19 19:45:00,2021-05-19 20:00:00,20,4,17.5,1,2021
FL.BNA.02,15.0,2021-05-19 20:15:00,2021-05-19 20:50:00,40,8,19.1,1,2021
FL.DDG.07,15.0,2021-05-19 20:50:00,2021-05-19 22:00:00,75,15,27.4,1,2021
FL.RTW.01,15.0,2021-05-29 00:20:00,2021-05-29 00:30:00,15,3,16.8,1,2021
FL.PWT.02,15.0,2021-06-28 18:00:00,2021-06-28 18:35:00,40,4,19.5,2,2021
FL.BKN.01,15.0,2021-07-01 22:15:00,2021-07-01 23:20:00,70,14,21.6,1,2021
FL.DDG.02,15.0,2021-07-01 22:15:00,2021-07-02 00:35:00,145,29,32.5,1,2021
FL.DDG.06,15.0,2021-07-01 22:15:00,2021-07-02 02:00:00,230,46,47.6,1,2021
FL.BKE.01,15.0,2021-07-01 22:20:00,2021-07-01 22:50:00,35,7,17.1,1,2021
FL.DDG.01,15.0,2021-07-01 22:20:00,2021-07-01 22:55:00,40,8,25.5,1,2021
FL.PYT.02,15.0,2021-07-01 22:30:00,2021-07-01 23:35:00,70,8,24.1,2,2021
FL.CTC.02,15.0,2021-07-01 22:40:00,2021-07-01 23:20:00,45,9,20.9,1,2021
FL.PYT.05,15.0,2021-07-01 22:45:00,2021-07-01 22:50:00,10,2,18.0,1,2021
FL.CTC.01,15.0,2021-07-01 22:50:00,2021-07-02 00:10:00,85,17,26.2,1,2021
FL.CTC.07,15.0,2021-07-01 22:50:00,2021-07-01 23:20:00,35,7,20.5,1,2021
FL.PYT.04,15.0,2021-07-01 22:50:00,2021-07-01 22:55:00,10,2,16.1,1,2021
FL.PYT.06,15.0,2021-07-01 22:50:00,2021-07-01 23:20:00,35,7,20.1,1,2021
FL.PWT.02,15.0,2021-07-01 23:00:00,2021-07-01 23:35:00,40,8,20.7,1,2021
FL.BKP.02,15.0,2021-07-02 18:10:00,2021-07-02 19:10:00,65,13,21.0,1,2021
FL.RTW.01,15.0,2021-07-10 23:25:00,2021-07-10 23:50:00,30,6,18.3,1,2021
FL.PWT.02,15.0,2021-07-10 23:35:00,2021-07-11 05:00:00,330,66,25.9,1,2021
FL.DDG.01,15.0,2021-07-13 17:30:00,2021-07-13 18:35:00,70,14,27.5,1,2021
FL.BKP.02,15.0,2021-07-13 17:50:00,2021-07-13 18:35:00,50,10,19.5,1,2021
FL.DDG.02,15.0,2021-07-13 18:10:00,2021-07-13 18:45:00,40,8,19.4,1,2021
FL.BBN.01,15.0,2021-07-14 08:30:00,2021-07-14 09:35:00,70,14,21.0,1,2021
FL.BBN.02,15.0,2021-07-14 08:30:00,2021-07-14 09:50:00,85,17,24.2,1,2021
FL.JTG.01,15.0,2021-07-14 08:45:00,2021-07-14 09:20:00,40,7,18.6,2,2021
FL.SLG.03,15.0,2021-08-11 23:25:00,2021-08-11 23:55:00,35,7,21.5,1,2021
FL.DDG.01,15.0,2021-08-11 23:40:00,2021-08-11 23:45:00,10,2,18.4,1,2021
FL.BKP.02,15.0,2021-08-11 23:50:00,2021-08-12 00:00:00,15,3,16.0,1,2021
FL.RTW.09,15.0,2021-08-12 00:40:00,2021-08-12 01:00:00,25,5,20.8,1,2021
FL.DDG.01,15.0,2021-08-13 18:30:00,2021-08-13 18:35:00,10,2,15.7,1,2021
FL.BKM.01,15.0,2021-08-21 06:00:00,2021-08-21 08:55:00,180,36,37.9,1,2021
FL.BKM.02,15.0,2021-08-21 06:15:00,2021-08-21 08:20:00,130,26,26.9,1,2021
FL.BKP.02,15.0,2021-08-21 06:30:00,2021-08-21 06:40:00,15,3,16.9,1,2021
FL.PWT.02,15.0,2021-08-21 06:35:00,2021-08-21 07:55:00,85,17,26.4,1,2021
FL.BNA.04,15.0,2021-08-21 07:05:00,2021-08-21 07:10:00,10,2,18.1,1,2021
FL.WTL.02,15.0,2021-08-21 07:10:00,2021-08-21 07:30:00,25,4,16.5,2,2021
FL.PWT.02,15.0,2021-08-22 08:30:00,2021-08-22 08:35:00,10,2,17.1,1,2021
FL.SMI.01,15.0,2021-08-26 16:10:00,2021-08-26 16:25:00,20,4,22.5,1,2021
FL.DDG.01,15.0,2021-08-27 12:35:00,2021-08-27 13:05:00,35,7,27.8,1,2021
FL.DDG.02,15.0,2021-08-27 12:40:00,2021-08-27 13:55:00,80,16,27.5,1,2021
FL.DDG.06,15.0,2021-08-27 12:40:00,2021-08-27 13:00:00,25,5,19.8,1,2021
FL.LSI.03,15.0,2021-08-27 13:15:00,2021-08-27 13:30:00,20,4,16.9,1,2021
FL.SMI.01,15.0,2021-08-27 13:30:00,2021-08-27 13:50:00,25,5,25.1,1,2021
FL.BKP.02,15.0,2021-08-27 14:40:00,2021-08-27 15:05:00,30,4,18.0,2,2021
FL.DST.06,15.0,2021-08-28 11:15:00,2021-08-28 11:50:00,40,8,19.8,1,2021
FL.CTC.04,15.0,2021-08-28 11:30:00,2021-08-28 12:50:00,85,17,30.2,1,2021
FL.DST.07,15.0,2021-08-31 21:00:00,2021-08-31 21:55:00,60,9,18.9,2,2021
FL.DDG.02,15.0,2021-08-31 21:10:00,2021-08-31 23:25:00,140,28,29.4,1,2021
FL.DDG.06,15.0,2021-08-31 21:10:00,2021-09-01 00:40:00,215,43,41.7,1,2021
FL.DST.06,15.0,2021-08-31 21:30:00,2021-08-31 22:20:00,55,11,20.4,1,2021
FL.DDG.07,15.0,2021-08-31 21:35:00,2021-09-01 00:15:00,165,33,43.5,1,2021
FL.PYT.05,15.0,2021-08-31 21:40:00,2021-08-31 23:25:00,110,22,23.3,1,2021
FL.DDG.01,15.0,2021-08-31 21:50:00,2021-08-31 22:10:00,25,5,21.1,1,2021
FL.PYT.01,15.0,2021-08-31 21:55:00,2021-08-31 22:05:00,15,3,17.0,1,2021
FL.PYT.06,15.0,2021-08-31 21:55:00,2021-08-31 22:45:00,55,11,21.1,1,2021
FL.PYT.04,15.0,2021-08-31 22:00:00,2021-08-31 22:05:00,10,2,17.1,1,2021
FL.CTC.01,15.0,2021-08-31 22:05:00,2021-09-01 00:25:00,145,29,21.8,1,2021
FL.BKP.02,15.0,2021-08-31 22:30:00,2021-08-31 23:10:00,45,9,17.8,1,2021
FL.BNA.04,15.0,2021-09-08 02:40:00,2021-09-08 03:05:00,30,6,20.1,1,2021
FL.BBN.01,15.0,2021-09-08 03:05:00,2021-09-08 03:25:00,25,5,17.2,1,2021
FL.STN.03,15.0,2021-09-09 10:40:00,2021-09-09 11:25:00,50,10,19.8,1,2021
FL.PWT.02,15.0,2021-09-16 08:05:00,2021-09-16 08:10:00,10,2,17.2,1,2021
FL.LSI.03,15.0,2021-09-19 15:30:00,2021-09-19 17:15:00,110,22,33.2,1,2021
FL.LSI.04,15.0,2021-09-19 15:30:00,2021-09-19 16:25:00,60,12,23.0,1,2021
FL.STN.01,15.0,2021-09-19 15:40:00,2021-09-19 19:10:00,215,43,45.4,1,2021
FL.STN.02,15.0,2021-09-19 15:40:00,2021-09-19 19:05:00,210,42,42.8,1,2021
FL.STN.03,15.0,2021-09-19 15:40:00,2021-09-19 19:15:00,220,44,44.2,1,2021
FL.STN.04,15.0,2021-09-19 15:45:00,2021-09-19 17:20:00,100,20,30.0,1,2021
FL.BBN.01,15.0,2021-09-19 15:55:00,2021-09-19 16:30:00,40,8,22.5,1,2021
FL.RTW.05,15.0,2021-09-19 16:00:00,2021-09-19 16:20:00,25,5,18.1,1,2021
FL.RTW.10,15.0,2021-09-19 16:00:00,2021-09-19 16:25:00,30,6,25.7,1,2021
FL.BRK.01,15.0,2021-09-19 16:10:00,2021-09-19 16:30:00,25,5,19.7,1,2021
FL.BKE.01,15.0,2021-09-20 20:00:00,2021-09-20 20:30:00,35,7,18.6,1,2021
FL.SMI.01,15.0,2021-09-20 20:35:00,2021-09-20 22:20:00,110,22,34.7,1,2021
FL.SMI.01,15.0,2021-09-21 00:40:00,2021-09-21 00:55:00,20,4,18.5,1,2021
FL.BKM.01,15.0,2021-09-30 14:20:00,2021-09-30 14:35:00,20,4,20.5,1,2021
FL.DDG.01,15.0,2021-10-02 14:05:00,2021-10-02 15:35:00,95,19,28.9,1,2021
FL.DDG.02,15.0,2021-10-02 14:30:00,2021-10-02 16:20:00,115,23,30.9,1,2021
FL.DDG.06,15.0,2021-10-02 14:35:00,2021-10-02 16:40:00,130,26,35.5,1,2021
FL.BKM.01,15.0,2021-10-02 14:45:00,2021-10-02 15:30:00,50,10,22.3,1,2021
FL.BKM.02,15.0,2021-10-02 14:50:00,2021-10-02 15:40:00,55,11,23.9,1,2021
FL.DDG.05,15.0,2021-10-02 15:05:00,2021-10-02 15:15:00,15,3,16.1,1,2021
FL.SLG.02,15.0,2021-10-02 15:05:00,2021-10-02 15:40:00,40,8,18.7,1,2021
FL.SLG.03,15.0,2021-10-02 15:15:00,2021-10-02 15:45:00,35,7,21.4,1,2021
FL.SMI.01,15.0,2021-10-02 15:25:00,2021-10-02 16:00:00,40,8,26.7,1,2021
FL.BKP.02,15.0,2021-10-02 15:30:00,2021-10-02 16:25:00,60,12,25.6,1,2021
FL.BBN.01,15.0,2021-10-03 21:45:00,2021-10-03 22:00:00,20,4,17.8,1,2021
FL.SMI.01,15.0,2021-10-06 16:40:00,2021-10-06 16:50:00,15,3,22.2,1,2021
FL.BBN.01,15.0,2021-10-07 14:30:00,2021-10-07 14:40:00,15,3,19.6,1,2021
FL.CTC.04,15.0,2021-10-14 16:10:00,2021-10-14 18:30:00,145,29,36.9,1,2021
FL.LSI.02,15.0,2021-10-14 16:10:00,2021-10-14 17:25:00,80,15,21.5,2,2021
FL.CTC.07,15.0,2021-10-14 16:20:00,2021-10-14 21:25:00,310,62,44.5,1,2021
FL.CTC.01,15.0,2021-10-14 16:35:00,2021-10-14 19:40:00,190,38,31.0,1,2021
FL.DDG.01,15.0,2021-10-14 20:20:00,2021-10-14 20:30:00,15,3,19.2,1,2021
FL.BKM.01,15.0,2021-10-14 20:45:00,2021-10-14 20:55:00,15,3,18.2,1,2021
FL.BNA.03,15.0,2021-10-15 06:10:00,2021-10-15 06:35:00,30,6,36.2,1,2021
FL.BNA.04,15.0,2021-10-15 06:10:00,2021-10-15 06:25:00,20,4,20.4,1,2021
FL.BNA.03,15.0,2021-10-17 00:10:00,2021-10-17 00:40:00,35,7,30.8,1,2021
FL.CTC.04,15.0,2021-10-30 17:25:00,2021-10-30 18:20:00,60,12,31.0,1,2021
FL.STN.02,15.0,2021-11-01 17:10:00,2021-11-01 18:00:00,55,11,26.4,1,2021
FL.STN.03,15.0,2021-11-01 17:10:00,2021-11-01 18:20:00,75,15,27.1,1,2021
FL.STN.01,15.0,2021-11-01 17:15:00,2021-11-01 17:45:00,35,7,21.6,1,2021
FL.BRK.01,15.0,2021-11-01 17:20:00,2021-11-01 18:00:00,45,9,23.9,1,2021
FL.STN.04,15.0,2021-11-01 17:30:00,2021-11-01 17:50:00,25,5,19.4,1,2021
FL.BKN.01,15.0,2021-11-21 06:55:00,2021-11-21 07:30:00,40,8,18.0,1,2021
FL.DDG.01,15.0,2022-02-04 18:40:00,2022-02-04 18:55:00,20,4,20.3,1,2022
FL.STN.03,15.0,2022-02-04 18:40:00,2022-02-04 19:10:00,35,7,19.3,1,2022
FL.BKE.01,15.0,2022-02-04 18:55:00,2022-02-04 19:20:00,30,6,18.6,1,2022
FL.BKN.01,15.0,2022-02-14 11:45:00,2022-02-14 11:55:00,15,3,16.2,1,2022
FL.DDG.01,15.0,2022-03-03 11:35:00,2022-03-03 12:05:00,35,7,28.3,1,2022
FL.DDG.01,15.0,2022-03-20 14:35:00,2022-03-20 15:15:00,45,9,27.8,1,2022
FL.DDG.02,15.0,2022-03-20 14:50:00,2022-03-20 15:50:00,65,13,26.3,1,2022
FL.LSI.04,15.0,2022-03-23 16:30:00,2022-03-23 16:50:00,25,5,17.7,1,2022
FL.SMI.01,15.0,2022-04-21 10:25:00,2022-04-21 11:00:00,40,8,29.9,1,2022
FL.BKN.01,15.0,2022-04-26 11:50:00,2022-04-26 12:35:00,50,10,19.7,1,2022
FL.RTW.09,15.0,2022-04-30 14:45:00,2022-04-30 14:50:00,10,2,17.0,1,2022
FL.BKN.01,15.0,2022-04-30 15:10:00,2022-04-30 15:40:00,35,7,19.6,1,2022
FL.SMI.01,15.0,2022-05-07 14:10:00,2022-05-07 16:15:00,130,26,48.4,1,2022
FL.LSI.04,15.0,2022-05-09 15:45:00,2022-05-09 17:05:00,85,16,20.0,2,2022
FL.LSI.03,15.0,2022-05-09 16:05:00,2022-05-09 17:40:00,100,20,24.8,1,2022
FL.CTC.07,15.0,2022-05-09 16:20:00,2022-05-09 16:30:00,15,3,18.2,1,2022
FL.LSI.04,15.0,2022-05-11 10:50:00,2022-05-11 10:55:00,10,2,16.5,1,2022
FL.DDG.01,15.0,2022-05-17 16:20:00,2022-05-17 16:45:00,30,6,24.0,1,2022
FL.DDG.05,15.0,2022-05-17 16:20:00,2022-05-17 16:30:00,15,3,16.5,1,2022
FL.CTC.07,15.0,2022-05-17 19:15:00,2022-05-17 19:30:00,20,4,18.1,1,2022
FL.LSI.03,15.0,2022-05-17 21:50:00,2022-05-17 22:00:00,15,3,20.6,1,2022
FL.LSI.04,15.0,2022-05-17 21:55:00,2022-05-17 23:45:00,115,16,20.5,5,2022
FL.BKN.01,15.0,2022-05-17 22:20:00,2022-05-18 00:45:00,150,27,21.5,2,2022
FL.SMI.01,15.0,2022-05-17 22:20:00,2022-05-17 22:30:00,15,3,18.4,1,2022
FL.DST.06,15.0,2022-05-17 22:25:00,2022-05-18 00:55:00,155,31,24.4,1,2022
FL.BNA.03,15.0,2022-05-17 22:35:00,2022-05-18 00:40:00,130,26,32.7,1,2022
FL.DST.02,15.0,2022-05-17 22:45:00,2022-05-18 00:35:00,115,23,28.6,1,2022
FL.RTW.09,15.0,2022-05-17 23:05:00,2022-05-17 23:45:00,45,8,16.3,2,2022
FL.CTC.07,15.0,2022-05-17 23:15:00,2022-05-18 04:10:00,300,60,41.7,1,2022
FL.RTW.10,15.0,2022-05-17 23:15:00,2022-05-17 23:30:00,20,4,20.9,1,2022
FL.BNA.04,15.0,2022-05-17 23:25:00,2022-05-17 23:55:00,35,7,21.2,1,2022
FL.CTC.03,15.0,2022-05-17 23:30:00,2022-05-18 02:15:00,170,28,46.5,2,2022
FL.CTC.04,15.0,2022-05-17 23:40:00,2022-05-17 23:50:00,15,3,16.1,1,2022
FL.DDG.07,15.0,2022-05-17 23:40:00,2022-05-18 02:00:00,145,29,26.5,1,2022
FL.DST.08,15.0,2022-05-17 23:40:00,2022-05-17 23:55:00,20,4,19.0,1,2022
FL.PYT.02,15.0,2022-05-17 23:50:00,2022-05-18 01:00:00,75,13,20.2,2,2022
FL.CTC.01,15.0,2022-05-17 23:55:00,2022-05-18 05:45:00,355,71,38.4,1,2022
FL.PYT.06,15.0,2022-05-17 23:55:00,2022-05-18 00:50:00,60,10,20.3,2,2022
FL.WTL.02,15.0,2022-05-18 00:05:00,2022-05-18 02:15:00,135,27,23.7,1,2022
FL.BKM.02,15.0,2022-05-18 00:50:00,2022-05-18 00:55:00,10,2,15.3,1,2022
FL.DDG.03,15.0,2022-05-18 00:55:00,2022-05-18 01:05:00,15,3,16.4,1,2022
FL.CTC.04,15.0,2022-05-18 02:50:00,2022-05-18 04:25:00,100,20,20.5,1,2022
FL.BBN.01,15.0,2022-05-28 17:35:00,2022-05-28 17:45:00,15,3,17.5,1,2022
FL.BKN.01,15.0,2022-06-08 15:35:00,2022-06-08 16:00:00,30,6,17.9,1,2022
FL.BRK.02,15.0,2022-06-13 00:25:00,2022-06-13 00:50:00,30,6,40.7,1,2022
FL.LSI.04,15.0,2022-06-15 11:30:00,2022-06-15 11:35:00,10,2,17.4,1,2022
FL.BBN.01,15.0,2022-06-19 19:15:00,2022-06-19 19:35:00,25,5,18.8,1,2022
FL.BNA.03,15.0,2022-06-19 19:35:00,2022-06-19 20:40:00,70,14,30.0,1,2022
FL.SMI.01,15.0,2022-06-24 17:45:00,2022-06-24 19:25:00,105,21,41.0,1,2022
FL.LSI.04,15.0,2022-06-24 18:20:00,2022-06-24 18:45:00,30,6,17.4,1,2022
FL.LSI.03,15.0,2022-06-24 18:30:00,2022-06-24 19:00:00,35,7,25.6,1,2022
FL.BBN.01,15.0,2022-06-24 21:00:00,2022-06-24 21:55:00,60,12,21.3,1,2022
FL.STN.02,15.0,2022-06-24 21:20:00,2022-06-24 22:30:00,75,15,31.9,1,2022
FL.BBN.02,15.0,2022-06-24 21:25:00,2022-06-24 22:00:00,40,8,19.3,1,2022
FL.STN.03,15.0,2022-06-24 21:30:00,2022-06-24 22:40:00,75,15,27.6,1,2022
FL.STN.01,15.0,2022-06-24 21:35:00,2022-06-24 22:05:00,35,7,21.5,1,2022
FL.BKN.01,15.0,2022-06-28 17:35:00,2022-06-28 18:15:00,45,9,17.1,1,2022
FL.BBN.01,15.0,2022-06-28 17:40:00,2022-06-28 18:05:00,30,6,20.3,1,2022
FL.DDG.02,15.0,2022-06-28 18:00:00,2022-06-28 18:40:00,45,9,18.6,1,2022
FL.BKM.01,15.0,2022-06-28 18:30:00,2022-06-28 18:35:00,10,2,17.0,1,2022
FL.RTW.09,15.0,2022-07-01 18:55:00,2022-07-01 19:45:00,55,11,24.3,1,2022
FL.DDG.06,15.0,2022-07-01 19:00:00,2022-07-01 19:10:00,15,3,17.2,1,2022
FL.BKN.01,15.0,2022-07-01 19:05:00,2022-07-01 19:25:00,25,5,16.9,1,2022
FL.DDG.01,15.0,2022-07-01 19:05:00,2022-07-01 19:30:00,30,6,25.2,1,2022
FL.DDG.02,15.0,2022-07-01 19:05:00,2022-07-01 20:25:00,85,17,30.8,1,2022
FL.DDG.07,15.0,2022-07-01 19:05:00,2022-07-01 22:05:00,185,37,32.5,1,2022
FL.PYT.02,15.0,2022-07-01 19:10:00,2022-07-01 19:50:00,45,9,25.9,1,2022
FL.RTW.10,15.0,2022-07-01 19:10:00,2022-07-01 19:35:00,30,6,30.2,1,2022
FL.DDG.08,15.0,2022-07-01 19:20:00,2022-07-01 19:30:00,15,3,19.6,1,2022
FL.PYT.06,15.0,2022-07-01 19:20:00,2022-07-01 19:25:00,10,2,16.2,1,2022
FL.DDG.06,15.0,2022-07-01 21:05:00,2022-07-01 21:40:00,40,8,26.9,1,2022
FL.DDG.01,15.0,2022-07-20 19:20:00,2022-07-20 19:55:00,40,8,28.4,1,2022
FL.DDG.06,15.0,2022-07-20 19:30:00,2022-07-21 01:20:00,355,71,38.1,1,2022
FL.DDG.02,15.0,2022-07-20 19:35:00,2022-07-20 23:20:00,230,33,21.9,6,2022
FL.BKM.01,15.0,2022-07-20 19:50:00,2022-07-21 04:30:00,525,104,31.0,2,2022
FL.DDG.01,15.0,2022-07-20 21:10:00,2022-07-20 21:25:00,20,4,17.8,1,2022
FL.WTN.01,15.0,2022-07-20 21:10:00,2022-07-21 01:45:00,280,52,23.3,2,2022
FL.SLG.01,15.0,2022-07-20 21:15:00,2022-07-21 05:20:00,490,97,27.4,2,2022
FL.SLG.03,15.0,2022-07-20 21:15:00,2022-07-21 09:00:00,710,142,38.8,1,2022
FL.STN.02,15.0,2022-07-20 21:20:00,2022-07-20 23:55:00,160,31,27.1,2,2022
FL.STN.03,15.0,2022-07-20 21:20:00,2022-07-21 01:15:00,240,48,34.2,1,2022
FL.SLG.02,15.0,2022-07-20 21:25:00,2022-07-21 00:20:00,180,36,27.2,1,2022
FL.WTL.02,15.0,2022-07-20 21:25:00,2022-07-21 05:10:00,470,71,20.7,12,2022
FL.PWT.02,15.0,2022-07-20 21:30:00,2022-07-20 21:45:00,20,4,26.8,1,2022
FL.STN.04,15.0,2022-07-20 21:30:00,2022-07-20 23:35:00,130,21,23.2,2,2022
FL.KTY.02,15.0,2022-07-20 21:35:00,2022-07-20 23:10:00,100,18,22.3,3,2022
FL.RTW.09,15.0,2022-07-20 21:35:00,2022-07-20 23:15:00,105,13,21.2,2,2022
FL.HKG.01,15.0,2022-07-20 21:50:00,2022-07-21 05:25:00,460,92,36.0,1,2022
FL.KTY.04,15.0,2022-07-20 21:50:00,2022-07-21 06:15:00,510,101,26.6,2,2022
FL.BNA.03,15.0,2022-07-20 21:55:00,2022-07-21 01:50:00,240,48,46.2,1,2022
FL.BNA.04,15.0,2022-07-20 22:00:00,2022-07-20 22:40:00,45,9,20.5,1,2022
FL.BNA.02,15.0,2022-07-20 22:15:00,2022-07-21 07:50:00,580,116,23.6,1,2022
FL.BKE.01,15.0,2022-07-20 22:35:00,2022-07-20 23:05:00,35,7,19.6,1,2022
FL.DDG.05,15.0,2022-07-20 22:35:00,2022-07-21 04:00:00,330,66,25.4,1,2022
FL.BBN.01,15.0,2022-07-20 22:40:00,2022-07-20 22:50:00,15,3,20.8,1,2022
FL.BBN.02,15.0,2022-07-20 22:45:00,2022-07-20 23:20:00,40,8,19.3,1,2022
FL.BRK.01,15.0,2022-07-20 22:45:00,2022-07-20 23:20:00,40,8,19.9,1,2022
FL.PTW.05,15.0,2022-07-20 22:45:00,2022-07-20 22:55:00,15,3,16.3,1,2022
FL.BRK.02,15.0,2022-07-20 22:50:00,2022-07-20 23:25:00,40,8,19.9,1,2022
FL.DDG.01,15.0,2022-07-20 22:50:00,2022-07-21 01:30:00,165,25,27.5,3,2022
FL.PWT.02,15.0,2022-07-20 23:10:00,2022-07-21 20:25:00,1280,255,41.0,2,2022
FL.DDG.01,15.0,2022-07-21 03:30:00,2022-07-21 04:50:00,85,17,20.8,1,2022
FL.BNA.02,15.0,2022-07-21 09:25:00,2022-07-21 19:30:00,610,122,25.1,1,2022
FL.SMI.01,15.0,2022-07-21 12:55:00,2022-07-21 13:05:00,15,3,16.9,1,2022
FL.PWT.02,15.0,2022-07-28 09:50:00,2022-07-28 10:00:00,15,3,18.7,1,2022
FL.BKM.01,15.0,2022-07-28 11:05:00,2022-07-28 11:40:00,40,8,20.5,1,2022
FL.SMI.01,15.0,2022-07-31 17:20:00,2022-07-31 20:15:00,180,36,50.8,1,2022
FL.RTW.09,15.0,2022-08-01 11:30:00,2022-08-01 12:40:00,75,15,21.9,1,2022
FL.BKN.01,15.0,2022-08-01 11:40:00,2022-08-01 12:30:00,55,11,17.8,1,2022
FL.RTW.10,15.0,2022-08-01 11:40:00,2022-08-01 12:10:00,35,7,27.9,1,2022
FL.BKM.01,15.0,2022-08-01 12:25:00,2022-08-01 14:00:00,100,18,20.3,2,2022
FL.BKM.02,15.0,2022-08-01 12:35:00,2022-08-01 13:55:00,85,17,20.0,1,2022
FL.SLG.03,15.0,2022-08-01 22:15:00,2022-08-02 00:20:00,130,26,29.4,1,2022
FL.SLG.01,15.0,2022-08-01 22:20:00,2022-08-01 22:35:00,20,4,17.0,1,2022
FL.BKM.01,15.0,2022-08-01 22:30:00,2022-08-02 01:30:00,185,37,28.0,1,2022
FL.WTL.02,15.0,2022-08-01 23:00:00,2022-08-01 23:25:00,30,6,16.6,1,2022
FL.WTN.01,15.0,2022-08-01 23:00:00,2022-08-01 23:30:00,35,7,18.2,1,2022
FL.DDG.06,15.0,2022-08-11 15:30:00,2022-08-11 15:40:00,15,3,16.8,1,2022
FL.BKM.01,15.0,2022-08-11 15:35:00,2022-08-11 15:45:00,15,3,17.3,1,2022
FL.PWT.02,15.0,2022-08-15 18:50:00,2022-08-16 08:55:00,850,167,35.7,2,2022
FL.BRK.01,15.0,2022-08-15 19:55:00,2022-08-15 20:20:00,30,6,20.6,1,2022
FL.RTW.09,15.0,2022-08-15 19:55:00,2022-08-15 20:25:00,35,7,22.2,1,2022
FL.STN.03,15.0,2022-08-15 20:00:00,2022-08-15 20:35:00,40,8,20.5,1,2022
FL.STN.04,15.0,2022-08-15 20:05:00,2022-08-15 20:35:00,35,7,18.7,1,2022
FL.BNA.04,15.0,2022-08-15 20:20:00,2022-08-15 20:45:00,30,6,19.1,1,2022
FL.KTY.04,15.0,2022-08-15 21:35:00,2022-08-15 21:40:00,10,2,15.7,1,2022
FL.STN.02,15.0,2022-09-04 04:15:00,2022-09-04 04:55:00,45,9,22.9,1,2022
FL.STN.03,15.0,2022-09-04 04:15:00,2022-09-04 05:20:00,70,14,24.6,1,2022
FL.LSI.04,15.0,2022-09-04 19:50:00,2022-09-04 20:25:00,40,8,22.1,1,2022
FL.LSI.03,15.0,2022-09-04 20:10:00,2022-09-04 21:05:00,60,12,20.2,1,2022
FL.LSI.03,15.0,2022-09-06 17:50:00,2022-09-06 22:25:00,280,56,26.4,1,2022
FL.LSI.04,15.0,2022-09-06 17:50:00,2022-09-06 19:10:00,85,17,24.2,1,2022
FL.DDG.06,15.0,2022-09-06 20:30:00,2022-09-07 00:35:00,250,50,45.6,1,2022
FL.DDG.02,15.0,2022-09-06 20:50:00,2022-09-06 20:55:00,10,2,18.4,1,2022
FL.CTC.07,15.0,2022-09-06 20:55:00,2022-09-06 21:05:00,15,3,17.7,1,2022
FL.PYT.06,15.0,2022-09-06 21:00:00,2022-09-06 21:15:00,20,4,17.2,1,2022
FL.RTW.09,15.0,2022-09-06 21:05:00,2022-09-06 21:50:00,50,10,19.4,1,2022
FL.RTW.10,15.0,2022-09-06 21:15:00,2022-09-06 21:25:00,15,3,20.3,1,2022
FL.LSI.03,15.0,2022-09-08 12:35:00,2022-09-08 15:40:00,190,38,25.6,1,2022
FL.LSI.04,15.0,2022-09-08 12:40:00,2022-09-08 14:25:00,110,15,25.8,3,2022
FL.LSI.05,15.0,2022-09-08 13:05:00,2022-09-08 14:05:00,65,7,18.0,3,2022
FL.SMI.01,15.0,2022-09-08 14:30:00,2022-09-08 15:40:00,75,15,29.8,1,2022
FL.BKM.01,15.0,2022-09-10 01:05:00,2022-09-10 03:55:00,175,35,32.3,1,2022
FL.CTC.03,15.0,2022-09-10 01:05:00,2022-09-10 02:50:00,110,22,33.2,1,2022
FL.RTW.09,15.0,2022-09-10 18:40:00,2022-09-10 19:45:00,70,13,23.3,2,2022
FL.CTC.07,15.0,2022-09-10 18:50:00,2022-09-10 19:30:00,45,8,22.6,2,2022
FL.RTW.10,15.0,2022-09-10 18:50:00,2022-09-10 19:35:00,50,10,28.2,1,2022
FL.CTC.03,15.0,2022-09-10 18:55:00,2022-09-10 19:20:00,30,5,31.2,2,2022
FL.HKG.01,15.0,2022-09-10 19:05:00,2022-09-10 22:00:00,180,32,24.1,3,2022
FL.SLG.03,15.0,2022-09-10 19:15:00,2022-09-11 00:25:00,315,63,35.3,1,2022
FL.WTN.01,15.0,2022-09-10 19:15:00,2022-09-10 19:30:00,20,4,18.0,1,2022
FL.KTY.04,15.0,2022-09-10 19:25:00,2022-09-10 20:40:00,80,15,19.9,2,2022
FL.DDG.05,15.0,2022-09-10 19:40:00,2022-09-10 19:45:00,10,2,16.2,1,2022
FL.SLG.02,15.0,2022-09-10 19:55:00,2022-09-10 20:05:00,15,3,16.3,1,2022
FL.HKG.01,15.0,2022-09-10 23:45:00,2022-09-11 01:00:00,80,7,18.0,2,2022
FL.PWT.02,15.0,2022-09-11 23:55:00,2022-09-12 00:40:00,50,9,20.0,2,2022
FL.CTC.07,15.0,2022-09-12 16:25:00,2022-09-12 17:10:00,50,10,29.2,1,2022
FL.DDG.02,15.0,2022-09-12 16:30:00,2022-09-12 16:50:00,25,4,19.2,2,2022
FL.DDG.06,15.0,2022-09-12 16:30:00,2022-09-12 17:30:00,65,13,21.1,1,2022
FL.RTW.09,15.0,2022-09-12 16:30:00,2022-09-12 17:00:00,35,7,17.9,1,2022
FL.RTW.10,15.0,2022-09-12 16:30:00,2022-09-12 17:15:00,50,10,28.3,1,2022
FL.DDG.08,15.0,2022-09-12 16:40:00,2022-09-12 17:55:00,80,16,29.4,1,2022
FL.CTC.04,15.0,2022-09-12 16:45:00,2022-09-12 17:15:00,35,7,20.9,1,2022
FL.DDG.03,15.0,2022-09-12 16:45:00,2022-09-12 17:20:00,40,8,18.2,1,2022
FL.CTC.01,15.0,2022-09-12 16:50:00,2022-09-12 18:00:00,75,14,24.7,2,2022
FL.PYT.05,15.0,2022-09-12 16:55:00,2022-09-12 17:05:00,15,3,18.7,1,2022
FL.BKP.02,15.0,2022-09-13 14:40:00,2022-09-13 17:10:00,155,31,32.7,1,2022
FL.BNA.03,15.0,2022-09-13 14:45:00,2022-09-13 16:10:00,90,18,36.1,1,2022
FL.SLG.03,15.0,2022-09-13 14:45:00,2022-09-13 16:05:00,85,17,28.4,1,2022
FL.SLG.01,15.0,2022-09-13 15:05:00,2022-09-13 15:35:00,35,7,18.2,1,2022
FL.BNA.04,15.0,2022-09-13 15:10:00,2022-09-13 16:00:00,55,11,18.1,1,2022
FL.PWT.02,15.0,2022-09-13 22:35:00,2022-09-13 22:45:00,15,3,17.6,1,2022
FL.STN.03,15.0,2022-09-14 19:20:00,2022-09-14 19:45:00,30,6,17.9,1,2022
FL.PWT.02,15.0,2022-09-21 17:40:00,2022-09-21 18:00:00,25,5,20.5,1,2022
FL.SMI.01,15.0,2022-09-22 02:15:00,2022-09-22 02:45:00,35,7,23.0,1,2022
FL.DDG.06,15.0,2022-09-22 03:00:00,2022-09-22 03:30:00,35,7,20.8,1,2022
FL.RTW.08,15.0,2022-09-22 03:00:00,2022-09-22 03:40:00,45,9,26.1,1,2022
FL.RTW.09,15.0,2022-09-22 03:00:00,2022-09-22 04:15:00,80,16,28.5,1,2022
FL.HKG.01,15.0,2022-09-22 03:05:00,2022-09-22 03:40:00,40,8,20.5,1,2022
FL.RTW.10,15.0,2022-09-22 03:10:00,2022-09-22 03:35:00,30,6,27.0,1,2022
FL.PTW.05,15.0,2022-09-22 03:15:00,2022-09-22 03:30:00,20,4,17.2,1,2022
FL.RTW.05,15.0,2022-09-22 03:30:00,2022-09-22 03:35:00,10,2,15.1,1,2022
FL.BKE.01,15.0,2022-09-22 05:00:00,2022-09-22 05:30:00,35,7,19.6,1,2022
FL.RTW.09,15.0,2022-09-22 20:30:00,2022-09-22 22:00:00,95,19,27.4,1,2022
FL.RTW.10,15.0,2022-09-22 21:00:00,2022-09-22 21:20:00,25,5,22.2,1,2022
FL.STN.04,15.0,2022-09-22 21:50:00,2022-09-22 21:55:00,10,2,15.4,1,2022
FL.RTW.08,15.0,2022-09-23 23:15:00,2022-09-23 23:25:00,15,3,19.5,1,2022
FL.DDG.07,15.0,2022-09-24 23:45:00,2022-09-25 04:15:00,275,55,46.1,1,2022
FL.RTW.09,15.0,2022-09-24 23:45:00,2022-09-25 00:30:00,50,10,25.6,1,2022
FL.RTW.10,15.0,2022-09-24 23:45:00,2022-09-25 00:50:00,70,14,35.6,1,2022
FL.RTW.08,15.0,2022-09-24 23:50:00,2022-09-25 00:20:00,35,7,21.8,1,2022
FL.DDG.08,15.0,2022-09-25 00:05:00,2022-09-25 00:30:00,30,6,19.3,1,2022
FL.DDG.06,15.0,2022-09-25 00:15:00,2022-09-25 00:20:00,10,2,16.2,1,2022
FL.PWT.02,15.0,2022-09-26 03:35:00,2022-09-26 03:50:00,20,4,21.9,1,2022
FL.BKM.01,15.0,2022-09-26 04:05:00,2022-09-26 05:00:00,60,12,24.4,1,2022
FL.BKM.02,15.0,2022-09-27 12:45:00,2022-09-27 13:00:00,20,4,24.8,1,2022
FL.PWT.02,15.0,2022-10-02 00:45:00,2022-10-02 00:55:00,15,3,18.7,1,2022
FL.BNA.03,15.0,2022-10-03 13:40:00,2022-10-03 18:25:00,290,58,50.9,1,2022
FL.PWT.02,15.0,2022-10-03 14:20:00,2022-10-04 00:20:00,605,119,32.7,3,2022
FL.CTC.07,15.0,2022-10-03 14:40:00,2022-10-03 18:25:00,230,43,51.4,2,2022
FL.CTC.04,15.0,2022-10-03 14:50:00,2022-10-03 17:50:00,185,37,31.1,1,2022
FL.LSI.03,15.0,2022-10-03 14:50:00,2022-10-03 23:40:00,535,106,28.1,2,2022
FL.LSI.04,15.0,2022-10-03 14:55:00,2022-10-03 20:45:00,355,67,36.1,3,2022
FL.BBN.01,15.0,2022-10-03 15:00:00,2022-10-03 15:05:00,10,2,15.5,1,2022
FL.CTC.01,15.0,2022-10-03 15:30:00,2022-10-03 19:55:00,270,54,31.6,1,2022
FL.LSI.05,15.0,2022-10-03 15:30:00,2022-10-03 18:45:00,200,36,26.4,3,2022
FL.CTC.03,15.0,2022-10-03 15:40:00,2022-10-03 16:05:00,30,6,28.7,1,2022
FL.LSI.02,15.0,2022-10-03 15:55:00,2022-10-03 16:00:00,10,2,16.1,1,2022
FL.LSI.03,15.0,2022-10-04 05:20:00,2022-10-04 05:25:00,10,2,16.4,1,2022
FL.RTW.09,15.0,2022-10-07 16:15:00,2022-10-07 16:40:00,30,6,17.9,1,2022
FL.STN.04,15.0,2022-10-07 16:20:00,2022-10-07 17:35:00,80,16,21.4,1,2022
FL.SPW.01,15.0,2022-10-07 16:25:00,2022-10-07 16:35:00,15,3,15.8,1,2022
FL.KTY.05,15.0,2022-10-07 16:30:00,2022-10-07 17:30:00,65,13,17.1,1,2022
FL.KTY.01,15.0,2022-10-07 16:40:00,2022-10-07 17:10:00,35,7,21.5,1,2022
FL.KTY.02,15.0,2022-10-07 16:50:00,2022-10-07 16:55:00,10,2,15.6,1,2022
FL.KTY.04,15.0,2022-10-07 17:05:00,2022-10-07 17:10:00,10,2,16.2,1,2022
FL.KTY.03,15.0,2022-10-07 17:10:00,2022-10-07 17:45:00,40,4,16.9,2,2022
FL.STN.03,15.0,2022-10-09 18:40:00,2022-10-09 21:30:00,175,35,40.4,1,2022
FL.PWT.02,15.0,2022-10-09 18:45:00,2022-10-10 00:00:00,320,63,25.5,2,2022
FL.BRK.01,15.0,2022-10-09 18:55:00,2022-10-09 19:50:00,60,12,26.9,1,2022
FL.KTY.04,15.0,2022-10-09 18:55:00,2022-10-09 21:10:00,140,28,23.5,1,2022
FL.STN.02,15.0,2022-10-09 18:55:00,2022-10-09 20:20:00,90,18,25.6,1,2022
FL.STN.04,15.0,2022-10-09 18:55:00,2022-10-09 20:05:00,75,15,28.1,1,2022
FL.KTY.05,15.0,2022-10-09 19:00:00,2022-10-09 20:00:00,65,12,19.8,2,2022
FL.SLG.03,15.0,2022-10-09 19:00:00,2022-10-09 19:15:00,20,4,17.1,1,2022
FL.KTY.01,15.0,2022-10-09 19:05:00,2022-10-09 19:40:00,40,8,20.0,1,2022
FL.STN.01,15.0,2022-10-09 19:05:00,2022-10-09 19:30:00,30,6,17.9,1,2022
FL.KTY.03,15.0,2022-10-09 19:25:00,2022-10-09 19:30:00,10,2,19.8,1,2022
FL.SLG.03,15.0,2022-10-11 01:10:00,2022-10-11 01:50:00,45,9,20.0,1,2022
FL.HKG.01,15.0,2022-10-11 01:15:00,2022-10-11 02:00:00,50,9,17.7,2,2022
FL.WTN.01,15.0,2022-10-11 01:20:00,2022-10-11 02:15:00,60,12,18.7,1,2022
FL.RTW.08,15.0,2022-10-11 01:25:00,2022-10-11 01:50:00,30,6,18.9,1,2022
FL.RTW.09,15.0,2022-10-11 01:35:00,2022-10-11 01:40:00,10,2,16.1,1,2022
FL.SMI.01,15.0,2022-10-22 21:45:00,2022-10-22 22:40:00,60,7,20.8,2,2022
FL.BNA.04,15.0,2022-10-23 00:35:00,2022-10-23 01:20:00,50,10,20.4,1,2022
FL.PWT.02,15.0,2023-02-15 08:25:00,2023-02-15 09:05:00,45,9,23.7,1,2023
FL.RTW.09,15.0,2023-02-15 08:45:00,2023-02-15 08:55:00,15,3,17.2,1,2023
FL.RTW.10,15.0,2023-02-15 08:45:00,2023-02-15 09:00:00,20,4,19.0,1,2023
FL.SLG.03,15.0,2023-02-15 08:45:00,2023-02-15 08:55:00,15,3,15.5,1,2023
FL.DDG.07,15.0,2023-04-30 08:20:00,2023-04-30 09:20:00,65,13,23.4,1,2023
FL.DDG.01,15.0,2023-04-30 08:35:00,2023-04-30 08:40:00,10,2,27.0,1,2023
FL.PWT.02,15.0,2023-04-30 09:15:00,2023-04-30 09:55:00,45,9,20.4,1,2023
FL.RTW.10,15.0,2023-05-11 12:00:00,2023-05-11 12:15:00,20,4,20.7,1,2023
FL.PYT.06,15.0,2023-05-30 19:05:00,2023-05-30 20:25:00,85,17,25.2,1,2023
FL.DDG.06,15.0,2023-05-30 19:20:00,2023-05-30 21:20:00,125,25,31.1,1,2023
FL.PYT.05,15.0,2023-05-30 19:35:00,2023-05-30 19:50:00,20,4,17.5,1,2023
FL.SMI.01,15.0,2023-06-28 19:00:00,2023-06-28 19:55:00,60,12,33.9,1,2023
FL.LSI.04,15.0,2023-06-28 19:30:00,2023-06-28 20:55:00,90,18,25.4,1,2023
FL.LSI.05,15.0,2023-06-28 19:45:00,2023-06-28 20:15:00,35,6,18.9,2,2023
FL.LSI.04,15.0,2023-07-01 14:20:00,2023-07-01 15:00:00,45,9,20.5,1,2023
FL.SMI.01,15.0,2023-07-05 18:40:00,2023-07-05 20:20:00,105,21,41.7,1,2023
FL.STN.03,15.0,2023-07-09 11:45:00,2023-07-09 12:05:00,25,5,18.0,1,2023
FL.LSI.04,15.0,2023-07-09 12:20:00,2023-07-09 12:30:00,15,3,18.2,1,2023
FL.DDG.02,15.0,2023-07-11 03:45:00,2023-07-11 04:05:00,25,5,19.8,1,2023
FL.SLG.01,15.0,2023-07-22 00:15:00,2023-07-22 04:50:00,280,55,30.6,2,2023
FL.BKP.02,15.0,2023-07-22 00:20:00,2023-07-22 00:35:00,20,4,24.3,1,2023
FL.BKM.01,15.0,2023-07-22 00:25:00,2023-07-22 04:10:00,230,46,39.4,1,2023
FL.BKM.02,15.0,2023-07-22 00:25:00,2023-07-22 02:55:00,155,31,30.0,1,2023
FL.SLG.03,15.0,2023-07-22 00:25:00,2023-07-22 04:10:00,230,46,40.3,1,2023
FL.CTC.07,15.0,2023-07-22 00:30:00,2023-07-22 05:00:00,275,55,49.2,1,2023
FL.KTY.04,15.0,2023-07-22 00:30:00,2023-07-22 03:30:00,185,34,34.1,2,2023
FL.WTL.02,15.0,2023-07-22 00:30:00,2023-07-22 07:00:00,395,79,37.5,1,2023
FL.CTC.01,15.0,2023-07-22 00:35:00,2023-07-22 07:25:00,415,83,47.1,1,2023
FL.PYT.02,15.0,2023-07-22 00:35:00,2023-07-22 01:55:00,85,17,25.6,1,2023
FL.SLG.02,15.0,2023-07-22 00:35:00,2023-07-22 02:15:00,105,20,24.6,2,2023
FL.DDG.02,15.0,2023-07-22 00:40:00,2023-07-22 02:25:00,110,21,28.4,2,2023
FL.DDG.07,15.0,2023-07-22 00:40:00,2023-07-22 03:15:00,160,32,36.9,1,2023
FL.PYT.06,15.0,2023-07-22 00:40:00,2023-07-22 02:40:00,125,25,30.4,1,2023
FL.CTC.03,15.0,2023-07-22 00:45:00,2023-07-22 03:05:00,145,29,42.0,1,2023
FL.KTY.05,15.0,2023-07-22 00:45:00,2023-07-22 02:00:00,80,16,20.4,1,2023
FL.KTY.02,15.0,2023-07-22 00:50:00,2023-07-22 01:40:00,55,11,19.5,1,2023
FL.WTL.04,15.0,2023-07-22 00:50:00,2023-07-22 02:05:00,80,16,20.3,1,2023
FL.LSI.04,15.0,2023-07-22 00:55:00,2023-07-22 01:50:00,60,12,24.2,1,2023
FL.PYT.05,15.0,2023-07-22 01:00:00,2023-07-22 01:55:00,60,12,18.7,1,2023
FL.CTC.05,15.0,2023-07-22 01:05:00,2023-07-22 02:30:00,90,18,24.3,1,2023
FL.KTY.03,15.0,2023-07-22 01:30:00,2023-07-22 01:35:00,10,2,16.3,1,2023
FL.WTL.01,15.0,2023-07-22 01:40:00,2023-07-22 02:25:00,50,6,17.7,2,2023
FL.RTW.09,15.0,2023-08-23 17:35:00,2023-08-23 17:55:00,25,5,19.5,1,2023
FL.SMI.01,15.0,2023-08-31 18:50:00,2023-08-31 19:30:00,45,9,28.8,1,2023
FL.BKM.01,15.0,2023-09-21 00:40:00,2023-09-21 00:55:00,20,4,17.0,1,2023
FL.SMI.01,15.0,2023-09-21 01:10:00,2023-09-21 02:05:00,60,12,35.8,1,2023
FL.BNA.04,15.0,2023-09-21 17:25:00,2023-09-21 19:40:00,140,25,32.3,2,2023
FL.BNA.01,15.0,2023-09-21 17:55:00,2023-09-21 18:30:00,40,7,19.7,2,2023
FL.BNA.03,15.0,2023-09-21 17:55:00,2023-09-21 20:00:00,130,24,26.4,2,2023
FL.BNA.05,15.0,2023-09-21 19:15:00,2023-09-21 20:20:00,70,14,21.8,1,2023
FL.WTL.02,15.0,2023-09-21 19:20:00,2023-09-21 19:35:00,20,4,17.3,1,2023
FL.DDG.02,15.0,2023-09-24 11:50:00,2023-09-24 12:25:00,40,7,24.1,2,2023
FL.KTY.05,15.0,2023-09-25 14:35:00,2023-09-25 15:40:00,70,13,19.9,2,2023
FL.STN.04,15.0,2023-09-25 14:35:00,2023-09-25 15:50:00,80,16,27.4,1,2023
FL.BRK.01,15.0,2023-09-25 14:40:00,2023-09-25 16:25:00,110,22,33.2,1,2023
FL.RTW.09,15.0,2023-09-25 14:40:00,2023-09-25 15:35:00,60,12,26.0,1,2023
FL.RTW.10,15.0,2023-09-25 14:40:00,2023-09-25 15:40:00,65,13,39.5,1,2023
FL.KTY.01,15.0,2023-09-25 14:50:00,2023-09-25 15:25:00,40,8,18.7,1,2023
FL.KTY.03,15.0,2023-09-25 14:50:00,2023-09-25 15:25:00,40,8,18.3,1,2023
FL.PTW.01,15.0,2023-09-25 14:50:00,2023-09-25 15:20:00,35,7,19.8,1,2023
FL.PTW.05,15.0,2023-09-25 14:50:00,2023-09-25 15:25:00,40,8,22.3,1,2023
FL.RTW.07,15.0,2023-09-25 14:50:00,2023-09-25 15:50:00,65,13,20.9,1,2023
FL.RTW.08,15.0,2023-09-25 14:50:00,2023-09-25 15:15:00,30,6,21.1,1,2023
FL.RTW.05,15.0,2023-09-25 15:00:00,2023-09-25 15:15:00,20,4,16.8,1,2023
FL.RTW.11,15.0,2023-09-25 15:00:00,2023-09-25 15:55:00,60,12,19.5,1,2023
FL.BNA.05,15.0,2023-09-26 18:15:00,2023-09-26 22:30:00,260,52,33.1,1,2023
FL.KTY.04,15.0,2023-09-26 18:15:00,2023-09-26 20:30:00,140,25,22.4,4,2023
FL.BNA.03,15.0,2023-09-26 18:25:00,2023-09-26 20:30:00,130,19,18.1,3,2023
FL.BKE.02,15.0,2023-09-26 19:35:00,2023-09-26 20:30:00,60,12,17.3,1,2023
FL.BKE.01,15.0,2023-09-26 19:50:00,2023-09-26 20:30:00,45,9,19.9,1,2023
FL.STN.03,15.0,2023-09-28 18:15:00,2023-09-28 18:25:00,15,3,16.1,1,2023
FL.DDG.01,15.0,2023-09-28 18:20:00,2023-09-28 18:30:00,15,3,22.5,1,2023
FL.SLG.03,15.0,2023-10-03 16:40:00,2023-10-03 17:45:00,70,14,26.4,1,2023
FL.HKG.01,15.0,2023-10-03 16:45:00,2023-10-03 16:50:00,10,2,16.0,1,2023
FL.RTW.08,15.0,2023-10-03 16:45:00,2023-10-03 18:05:00,85,17,34.6,1,2023
FL.RTW.10,15.0,2023-10-03 16:45:00,2023-10-03 18:10:00,90,18,44.6,1,2023
FL.WTN.03,15.0,2023-10-03 16:45:00,2023-10-03 17:25:00,45,9,24.4,1,2023
FL.PPS.01,15.0,2023-10-03 16:50:00,2023-10-03 17:45:00,60,12,27.8,1,2023
FL.RTW.07,15.0,2023-10-03 16:50:00,2023-10-03 18:05:00,80,16,25.2,1,2023
FL.RTW.09,15.0,2023-10-03 16:50:00,2023-10-03 18:15:00,90,18,29.7,1,2023
FL.DDG.08,15.0,2023-10-03 16:55:00,2023-10-03 17:20:00,30,6,19.3,1,2023
FL.PTW.05,15.0,2023-10-03 16:55:00,2023-10-03 18:05:00,75,15,30.5,1,2023
FL.RTW.05,15.0,2023-10-03 16:55:00,2023-10-03 18:05:00,75,15,29.6,1,2023
FL.DST.06,15.0,2023-10-03 17:00:00,2023-10-03 17:10:00,15,3,18.1,1,2023
FL.PTW.02,15.0,2023-10-03 17:00:00,2023-10-03 17:40:00,45,9,20.8,1,2023
FL.RTW.11,15.0,2023-10-03 17:00:00,2023-10-03 18:40:00,105,21,27.8,1,2023
FL.SPW.01,15.0,2023-10-03 17:00:00,2023-10-03 17:15:00,20,4,17.0,1,2023
FL.WTN.02,15.0,2023-10-03 17:05:00,2023-10-03 17:10:00,10,2,17.6,1,2023
FL.BRK.01,15.0,2023-10-03 17:15:00,2023-10-03 17:35:00,25,5,19.1,1,2023
FL.RTW.12,15.0,2023-10-03 17:15:00,2023-10-03 17:25:00,15,3,19.1,1,2023
FL.BKE.01,15.0,2023-10-03 17:35:00,2023-10-03 18:10:00,40,8,19.0,1,2023
FL.LSI.04,15.0,2023-10-05 18:25:00,2023-10-05 18:40:00,20,4,17.8,1,2023
FL.SMI.01,15.0,2023-10-09 21:55:00,2023-10-09 22:00:00,10,2,16.1,1,2023
FL.SLG.01,15.0,2023-10-16 00:55:00,2023-10-16 01:00:00,10,2,18.0,1,2023
FL.BKE.02,15.0,2023-10-21 05:05:00,2023-10-21 05:10:00,10,2,15.6,1,2023
FL.LSI.04,15.0,2023-10-28 12:50:00,2023-10-28 13:15:00,30,6,17.3,1,2023
FL.SLG.01,15.0,2023-11-05 16:20:00,2023-11-05 16:40:00,25,5,17.3,1,2023
FL.RTW.10,15.0,2023-11-05 16:35:00,2023-11-05 16:45:00,15,3,17.5,1,2023
FL.LSI.02,15.0,2023-11-07 17:35:00,2023-11-07 17:40:00,10,2,17.8,1,2023
FL.BKE.01,15.0,2024-03-20 08:15:00,2024-03-20 08:45:00,35,7,18.9,1,2024
FL.BKM.01,15.0,2024-05-19 20:55:00,2024-05-19 21:20:00,30,6,19.7,1,2024
FL.BNA.04,15.0,2024-05-23 07:50:00,2024-05-23 08:05:00,20,4,18.3,1,2024
FL.KTY.05,15.0,2024-05-30 19:15:00,2024-05-30 19:45:00,35,5,17.9,2,2024
FL.SMI.01,15.0,2024-06-25 18:45:00,2024-06-25 19:15:00,35,7,25.5,1,2024
FL.DDG.02,15.0,2024-06-30 20:05:00,2024-06-30 20:45:00,45,9,20.5,1,2024
FL.SMI.01,15.0,2024-07-04 11:55:00,2024-07-04 12:30:00,40,8,29.9,1,2024
FL.WTN.01,15.0,2024-07-27 17:40:00,2024-07-27 18:10:00,35,7,50.0,1,2024
FL.SMI.01,15.0,2024-07-29 17:20:00,2024-07-29 18:10:00,55,11,29.0,1,2024
FL.CTC.03,15.0,2024-07-29 17:35:00,2024-07-29 17:40:00,10,2,18.6,1,2024
FL.CTC.07,15.0,2024-08-06 21:40:00,2024-08-07 00:05:00,150,29,43.3,2,2024
FL.CTC.03,15.0,2024-08-06 22:05:00,2024-08-06 22:55:00,55,11,35.3,1,2024
FL.CTC.01,15.0,2024-08-06 22:10:00,2024-08-07 00:40:00,155,31,27.7,1,2024
FL.WTN.03,15.0,2024-08-06 22:20:00,2024-08-06 22:45:00,30,6,20.4,1,2024
FL.BKM.01,15.0,2024-08-06 22:25:00,2024-08-06 22:40:00,20,4,17.9,1,2024
FL.BKM.02,15.0,2024-08-06 22:40:00,2024-08-06 22:45:00,10,2,16.5,1,2024
FL.SLG.01,15.0,2024-08-20 00:25:00,2024-08-20 01:45:00,85,17,22.9,1,2024
FL.WTN.03,15.0,2024-08-20 00:25:00,2024-08-20 00:50:00,30,6,20.0,1,2024
FL.BKM.01,15.0,2024-08-20 00:30:00,2024-08-20 03:10:00,165,33,32.5,1,2024
FL.BKM.02,15.0,2024-08-20 00:35:00,2024-08-20 01:55:00,85,17,22.9,1,2024
FL.CTC.07,15.0,2024-08-20 00:40:00,2024-08-20 00:45:00,10,2,16.6,1,2024
FL.SMI.01,15.0,2024-09-12 18:40:00,2024-09-12 19:10:00,35,7,24.9,1,2024
FL.SMI.01,15.0,2024-09-20 17:15:00,2024-09-20 18:45:00,95,19,44.1,1,2024
FL.LSI.04,15.0,2024-09-21 17:25:00,2024-09-21 17:50:00,30,6,20.0,1,2024
FL.SMI.01,15.0,2024-09-21 17:50:00,2024-09-21 18:05:00,20,4,22.0,1,2024
FL.DDG.02,15.0,2024-10-02 00:40:00,2024-10-02 02:50:00,135,27,34.7,1,2024
FL.DDG.01,15.0,2024-10-02 00:45:00,2024-10-02 01:10:00,30,6,23.2,1,2024
FL.STN.04,15.0,2024-10-02 01:20:00,2024-10-02 01:50:00,35,7,21.4,1,2024
FL.LSI.03,15.0,2024-10-03 18:05:00,2024-10-03 18:15:00,15,3,16.8,1,2024
FL.STN.03,15.0,2024-10-13 16:10:00,2024-10-13 17:25:00,80,16,23.5,1,2024
FL.BRK.01,15.0,2024-10-13 16:15:00,2024-10-13 16:35:00,25,5,17.8,1,2024
FL.STN.02,15.0,2024-10-13 16:25:00,2024-10-13 16:30:00,10,2,16.6,1,2024
FL.BKM.01,15.0,2024-10-18 17:00:00,2024-10-18 17:15:00,20,4,18.0,1,2024
FL.SMI.01,15.0,2024-10-18 17:35:00,2024-10-18 17:45:00,15,3,21.7,1,2024
FL.SMI.01,15.0,2024-10-23 04:15:00,2024-10-23 04:50:00,40,8,27.3,1,2024
FL.SLG.03,15.0,2024-10-24 16:20:00,2024-10-24 17:25:00,70,14,25.7,1,2024
FL.KTY.05,15.0,2024-10-24 16:50:00,2024-10-24 16:55:00,10,2,16.9,1,2024
FL.BRK.01,15.0,2024-10-29 22:40:00,2024-10-29 23:40:00,65,13,31.8,1,2024
FL.DDG.01,15.0,2024-10-29 22:55:00,2024-10-29 23:30:00,40,8,24.1,1,2024
FL.RTW.08,15.0,2024-10-29 22:55:00,2024-10-29 23:50:00,60,12,28.1,1,2024
FL.DDG.02,15.0,2024-10-29 23:00:00,2024-10-29 23:15:00,20,4,17.3,1,2024
FL.SPW.01,15.0,2024-10-29 23:00:00,2024-10-29 23:10:00,15,3,16.7,1,2024
FL.DDG.05,15.0,2024-10-29 23:05:00,2024-10-29 23:30:00,30,6,21.4,1,2024
FL.DDG.08,15.0,2024-10-29 23:10:00,2024-10-29 23:20:00,15,3,16.9,1,2024
FL.BNA.04,15.0,2024-10-29 23:55:00,2024-10-30 00:50:00,60,12,27.6,1,2024
FL.SLG.01,15.0,2024-12-15 13:05:00,2024-12-15 13:20:00,20,4,17.6,1,2024
FL.WTN.01,15.0,2025-02-08 13:50:00,2025-02-08 13:55:00,10,2,61.5,1,2025
FL.HKG.01,15.0,2025-04-07 09:30:00,2025-04-07 09:50:00,25,5,21.5,1,2025
FL.DDG.02,15.0,2025-05-01 03:55:00,2025-05-01 04:35:00,45,9,19.0,1,2025
FL.STN.01,15.0,2025-05-01 04:30:00,2025-05-01 04:45:00,20,4,19.9,1,2025
FL.LSI.02,15.0,2025-05-10 17:50:00,2025-05-10 19:10:00,85,16,23.5,2,2025
FL.LSI.04,15.0,2025-05-10 17:50:00,2025-05-10 18:20:00,35,7,24.1,1,2025
FL.CTC.04,15.0,2025-05-10 17:55:00,2025-05-10 19:20:00,90,18,27.5,1,2025
FL.CTC.07,15.0,2025-05-10 17:55:00,2025-05-10 19:10:00,80,15,32.6,2,2025
FL.SLG.03,15.0,2025-05-10 17:55:00,2025-05-10 19:35:00,105,21,26.8,1,2025
FL.BKM.01,15.0,2025-05-10 18:00:00,2025-05-10 21:30:00,215,41,33.8,3,2025
FL.PYT.02,15.0,2025-05-10 18:00:00,2025-05-10 19:30:00,95,18,34.1,2,2025
FL.PYT.07,15.0,2025-05-10 18:00:00,2025-05-10 18:05:00,10,2,15.7,1,2025
FL.CTC.03,15.0,2025-05-10 18:05:00,2025-05-10 18:40:00,40,8,28.0,1,2025
FL.DDG.02,15.0,2025-05-10 18:05:00,2025-05-10 19:55:00,115,23,33.0,1,2025
FL.PPS.01,15.0,2025-05-10 18:05:00,2025-05-10 18:20:00,20,4,18.5,1,2025
FL.PYT.06,15.0,2025-05-10 18:05:00,2025-05-10 19:15:00,75,15,25.9,1,2025
FL.RTW.09,15.0,2025-05-10 18:05:00,2025-05-10 18:55:00,55,11,22.7,1,2025
FL.BKM.02,15.0,2025-05-10 18:10:00,2025-05-10 19:05:00,60,12,21.8,1,2025
FL.DDG.01,15.0,2025-05-10 18:10:00,2025-05-10 18:50:00,45,9,29.9,1,2025
FL.RTW.08,15.0,2025-05-10 18:10:00,2025-05-10 18:55:00,50,10,23.1,1,2025
FL.CTC.05,15.0,2025-05-10 18:15:00,2025-05-10 19:10:00,60,12,22.2,1,2025
FL.PYT.05,15.0,2025-05-10 18:15:00,2025-05-10 18:40:00,30,6,16.3,1,2025
FL.RTW.05,15.0,2025-05-10 18:15:00,2025-05-10 18:20:00,10,2,16.1,1,2025
FL.RTW.07,15.0,2025-05-10 18:15:00,2025-05-10 18:35:00,25,4,17.1,2,2025
FL.RTW.11,15.0,2025-05-10 18:15:00,2025-05-10 18:35:00,25,5,16.8,1,2025
FL.CTC.01,15.0,2025-05-10 18:20:00,2025-05-10 19:40:00,85,17,21.9,1,2025
FL.PYT.01,15.0,2025-05-10 18:25:00,2025-05-10 18:40:00,20,4,17.5,1,2025
FL.WTL.04,15.0,2025-05-10 18:50:00,2025-05-10 20:25:00,100,18,17.3,3,2025
FL.SMI.01,15.0,2025-05-15 14:50:00,2025-05-15 15:05:00,20,4,19.4,1,2025
FL.BNA.04,15.0,2025-05-16 14:50:00,2025-05-16 15:00:00,15,3,18.0,1,2025
FL.PWT.02,15.0,2025-05-16 15:25:00,2025-05-16 16:20:00,60,10,16.7,3,2025
FL.BKM.01,15.0,2025-05-21 10:10:00,2025-05-21 11:10:00,65,13,21.9,1,2025
FL.BKM.02,15.0,2025-05-21 10:20:00,2025-05-21 10:55:00,40,8,19.7,1,2025
FL.BBN.01,15.0,2025-05-23 21:25:00,2025-05-23 22:35:00,75,9,18.4,3,2025
FL.BBN.02,15.0,2025-05-23 21:30:00,2025-05-23 23:05:00,100,20,20.0,1,2025
FL.JTG.01,15.0,2025-05-23 21:40:00,2025-05-23 22:40:00,65,13,21.8,1,2025
FL.CTC.04,15.0,2025-05-24 14:15:00,2025-05-24 15:00:00,50,10,22.0,1,2025
FL.LSI.02,15.0,2025-05-24 14:20:00,2025-05-24 14:40:00,25,5,17.5,1,2025
FL.SMI.01,15.0,2025-06-05 21:50:00,2025-06-05 22:15:00,30,6,24.4,1,2025
FL.SMI.01,15.0,2025-07-14 18:25:00,2025-07-14 18:30:00,10,2,17.2,1,2025
FL.SMI.01,15.0,2025-07-16 02:30:00,2025-07-16 02:40:00,15,3,17.2,1,2025
FL.BNA.04,15.0,2025-08-08 02:55:00,2025-08-08 03:35:00,45,9,22.3,1,2025
FL.SMI.01,15.0,2025-08-15 18:40:00,2025-08-15 18:50:00,15,3,21.5,1,2025
FL.SMI.01,15.0,2025-09-03 00:15:00,2025-09-03 00:20:00,10,2,18.7,1,2025
FL.STN.01,15.0,2025-09-04 20:10:00,2025-09-04 21:30:00,85,17,33.6,1,2025
FL.STN.03,15.0,2025-09-04 20:10:00,2025-09-04 21:50:00,105,21,33.4,1,2025
FL.DDG.01,15.0,2025-09-05 15:00:00,2025-09-05 15:05:00,10,2,16.7,1,2025
FL.DDG.01,15.0,2025-09-05 18:40:00,2025-09-05 19:45:00,70,14,26.6,1,2025
FL.DDG.02,15.0,2025-09-05 18:50:00,2025-09-05 20:05:00,80,16,29.1,1,2025
FL.DDG.05,15.0,2025-09-05 18:50:00,2025-09-05 19:55:00,70,14,26.9,1,2025
FL.BKM.01,15.0,2025-09-06 16:05:00,2025-09-06 16:15:00,15,3,16.9,1,2025
FL.SLG.03,15.0,2025-09-06 16:10:00,2025-09-06 18:25:00,140,28,35.3,1,2025
FL.PPS.01,15.0,2025-09-06 17:00:00,2025-09-06 17:05:00,10,2,15.2,1,2025
FL.SMI.01,15.0,2025-09-08 12:20:00,2025-09-08 13:35:00,80,16,41.6,1,2025
FL.STN.03,15.0,2025-09-14 06:25:00,2025-09-14 07:20:00,60,12,21.0,1,2025
FL.BKM.01,15.0,2025-09-14 14:25:00,2025-09-14 14:45:00,25,5,19.7,1,2025
FL.STN.03,15.0,2025-09-17 02:20:00,2025-09-17 03:45:00,90,18,30.5,1,2025
FL.BNA.04,15.0,2025-09-27 18:25:00,2025-09-27 19:40:00,80,16,24.3,1,2025
FL.BNA.03,15.0,2025-09-27 18:50:00,2025-09-27 21:20:00,155,31,32.5,1,2025
FL.RTW.08,15.0,2025-10-04 11:20:00,2025-10-04 12:25:00,70,14,19.8,1,2025
FL.PWT.02,15.0,2025-10-04 12:50:00,2025-10-04 15:10:00,145,29,21.8,1,2025
FL.BBN.01,15.0,2025-10-06 00:40:00,2025-10-06 01:35:00,60,12,22.4,1,2025
FL.BBN.02,15.0,2025-10-06 00:50:00,2025-10-06 01:55:00,70,14,26.7,1,2025
FL.BNA.04,15.0,2025-10-06 01:10:00,2025-10-06 02:15:00,70,14,23.3,1,2025
FL.SMI.01,15.0,2025-10-11 15:35:00,2025-10-11 16:05:00,35,7,26.7,1,2025
FL.BKE.02,15.0,2025-10-13 13:05:00,2025-10-13 13:40:00,40,8,23.5,1,2025
FL.BNA.04,15.0,2025-11-01 21:00:00,2025-11-01 23:20:00,145,29,25.7,1,2025
FL.SMI.01,15.0,2025-11-02 16:30:00,2025-11-02 16:50:00,25,5,20.6,1,2025
FL.SMI.01,15.0,2025-11-02 21:10:00,2025-11-03 01:10:00,245,49,46.4,1,2025
FL.CTC.04,15.0,2025-11-02 21:20:00,2025-11-03 00:45:00,210,39,27.5,4,2025
FL.LSI.02,15.0,2025-11-02 21:20:00,2025-11-02 23:20:00,125,25,20.6,1,2025
FL.CTC.07,15.0,2025-11-02 21:30:00,2025-11-03 01:10:00,225,45,41.3,1,2025
FL.CTC.03,15.0,2025-11-02 21:45:00,2025-11-03 01:30:00,230,46,31.6,1,2025
FL.DDG.02,15.0,2025-11-02 21:50:00,2025-11-02 22:10:00,25,5,16.9,1,2025
FL.SLG.03,15.0,2025-11-02 22:10:00,2025-11-02 23:45:00,100,20,21.1,1,2025
FL.BNA.04,15.0,2025-11-02 22:25:00,2025-11-02 22:45:00,25,5,18.8,1,2025
FL.CTC.01,15.0,2025-11-02 22:55:00,2025-11-03 00:15:00,85,17,20.5,1,2025
FL.CTC.04,15.0,2025-11-03 18:00:00,2025-11-03 18:10:00,15,3,18.7,1,2025
FL.RTW.09,15.0,2025-11-03 20:20:00,2025-11-03 20:50:00,35,7,20.6,1,2025
FL.BNA.04,15.0,2025-11-03 20:55:00,2025-11-03 21:05:00,15,3,17.0,1,2025
FL.BKM.01,15.0,2025-11-13 01:45:00,2025-11-13 02:10:00,30,6,20.5,1,2025
FL.CTC.07,15.0,2025-11-13 01:55:00,2025-11-13 04:20:00,150,30,41.4,1,2025
FL.DDG.01,15.0,2025-11-13 02:00:00,2025-11-13 02:50:00,55,11,26.2,1,2025
FL.DDG.02,15.0,2025-11-13 02:00:00,2025-11-13 04:00:00,125,25,32.0,1,2025
FL.CTC.03,15.0,2025-11-13 02:10:00,2025-11-13 03:45:00,100,20,32.7,1,2025
FL.PYT.02,15.0,2025-11-13 02:10:00,2025-11-13 04:25:00,140,28,33.4,1,2025
FL.PYT.04,15.0,2025-11-13 02:10:00,2025-11-13 02:50:00,45,9,21.2,1,2025
FL.PYT.07,15.0,2025-11-13 02:10:00,2025-11-13 02:50:00,45,9,21.2,1,2025
FL.RTW.08,15.0,2025-11-13 02:10:00,2025-11-13 04:15:00,130,26,37.0,1,2025
FL.DDG.03,15.0,2025-11-13 02:15:00,2025-11-13 02:55:00,45,9,22.4,1,2025
FL.LSI.02,15.0,2025-11-13 02:15:00,2025-11-13 02:45:00,35,7,18.4,1,2025
FL.PYT.05,15.0,2025-11-13 02:15:00,2025-11-13 04:20:00,130,26,25.0,1,2025
FL.PYT.06,15.0,2025-11-13 02:15:00,2025-11-13 03:55:00,105,21,28.7,1,2025
FL.CTC.04,15.0,2025-11-13 02:20:00,2025-11-13 03:20:00,65,13,22.0,1,2025
FL.CTC.05,15.0,2025-11-13 02:20:00,2025-11-13 03:50:00,95,19,25.1,1,2025
FL.RTW.09,15.0,2025-11-13 02:20:00,2025-11-13 04:00:00,105,21,25.9,1,2025
FL.PYT.01,15.0,2025-11-13 02:25:00,2025-11-13 04:20:00,120,24,25.8,1,2025
FL.RTW.10,15.0,2025-11-13 02:25:00,2025-11-13 03:25:00,65,13,35.1,1,2025
FL.DDG.07,15.0,2025-11-13 02:35:00,2025-11-13 03:20:00,50,10,23.2,1,2025
FL.PTW.05,15.0,2025-11-13 02:35:00,2025-11-13 05:20:00,170,34,34.4,1,2025
FL.HKG.01,15.0,2025-11-13 02:40:00,2025-11-13 03:00:00,25,5,17.6,1,2025
FL.PTW.01,15.0,2025-11-13 02:45:00,2025-11-13 04:25:00,105,21,31.4,1,2025
FL.PTW.02,15.0,2025-11-13 02:45:00,2025-11-13 03:55:00,75,15,25.7,1,2025
FL.RTW.04,15.0,2025-11-13 02:45:00,2025-11-13 03:45:00,65,13,21.8,1,2025
FL.STN.03,15.0,2025-11-13 02:45:00,2025-11-13 03:35:00,55,9,16.1,2,2025
FL.RTW.05,15.0,2025-11-13 02:50:00,2025-11-13 03:25:00,40,7,17.1,2,2025
FL.RTW.12,15.0,2025-11-13 02:50:00,2025-11-13 03:35:00,50,10,16.9,1,2025
FL.BKN.01,15.0,2025-11-13 03:00:00,2025-11-13 03:15:00,20,4,16.2,1,2025
FL.KTY.02,15.0,2025-11-13 03:00:00,2025-11-13 03:15:00,20,4,16.3,1,2025
FL.RTW.07,15.0,2025-11-13 03:00:00,2025-11-13 03:15:00,20,4,18.5,1,2025
FL.RTW.11,15.0,2025-11-13 03:00:00,2025-11-13 03:15:00,20,4,15.6,1,2025
FL.KTY.03,15.0,2025-11-13 03:25:00,2025-11-13 03:40:00,20,4,16.3,1,2025
FL.KTY.03,30.0,2019-01-08 12:00:00,2019-01-08 12:05:00,10,2,31.0,1,2019
FL.BNA.03,30.0,2019-01-09 19:35:00,2019-01-09 19:45:00,15,3,35.3,1,2019
FL.LSI.06,30.0,2019-04-08 11:30:00,2019-04-08 17:25:00,360,72,56.5,1,2019
FL.DDG.06,30.0,2019-05-22 11:35:00,2019-05-22 11:40:00,10,2,30.5,1,2019
FL.DDG.06,30.0,2019-06-07 14:40:00,2019-06-07 18:20:00,225,45,48.9,1,2019
FL.CTC.02,30.0,2019-06-07 14:45:00,2019-06-07 16:15:00,95,19,44.0,1,2019
FL.DDG.02,30.0,2019-06-07 14:50:00,2019-06-07 15:50:00,65,13,34.5,1,2019
FL.PYT.02,30.0,2019-06-07 15:00:00,2019-06-07 15:35:00,40,7,34.0,2,2019
FL.RTW.01,30.0,2019-06-07 15:05:00,2019-06-07 15:15:00,15,3,36.0,1,2019
FL.CTC.05,30.0,2019-06-07 15:10:00,2019-06-07 15:15:00,10,2,33.6,1,2019
FL.RTW.10,30.0,2019-06-07 15:15:00,2019-06-07 15:35:00,25,5,34.2,1,2019
FL.BKE.02,30.0,2019-06-24 06:20:00,2019-06-24 06:50:00,35,6,35.8,2,2019
FL.SLG.03,30.0,2019-09-14 17:55:00,2019-09-14 18:55:00,65,13,39.5,1,2019
FL.CTC.02,30.0,2019-09-16 00:25:00,2019-09-16 00:55:00,35,7,33.1,1,2019
FL.LSI.03,30.0,2019-09-17 20:45:00,2019-09-17 21:05:00,25,5,32.8,1,2019
FL.SLG.03,30.0,2019-09-19 20:10:00,2019-09-19 21:50:00,105,11,34.6,3,2019
FL.PWT.02,30.0,2019-09-19 20:55:00,2019-09-20 03:20:00,390,74,43.2,5,2019
FL.SMI.01,30.0,2019-10-01 14:25:00,2019-10-01 16:30:00,130,26,51.5,1,2019
FL.BNA.03,30.0,2019-10-05 12:20:00,2019-10-05 13:40:00,85,17,50.3,1,2019
FL.CTC.03,30.0,2019-11-03 21:15:00,2019-11-03 21:30:00,20,4,35.4,1,2019
FL.CTC.05,30.0,2019-11-15 22:15:00,2019-11-15 22:20:00,10,2,36.6,1,2019
FL.CTC.05,30.0,2019-11-16 22:50:00,2019-11-16 23:30:00,45,9,63.6,1,2019
FL.CTC.05,30.0,2019-11-24 14:30:00,2019-11-24 20:00:00,335,67,51.3,1,2019
FL.PYT.07,30.0,2019-11-30 00:45:00,2019-11-30 00:50:00,10,2,49.6,1,2019
FL.PYT.07,30.0,2019-12-03 04:50:00,2019-12-03 12:35:00,470,94,147.7,1,2019
FL.PYT.07,30.0,2019-12-03 15:55:00,2019-12-04 09:30:00,1060,212,142.4,1,2019
FL.CTC.05,30.0,2019-12-27 20:20:00,2019-12-29 10:55:00,2320,449,148.8,6,2019
FL.LSI.03,30.0,2020-02-07 21:20:00,2020-02-08 09:05:00,710,141,73.3,2,2020
FL.DDG.06,30.0,2020-04-29 12:20:00,2020-04-29 13:30:00,75,14,36.5,2,2020
FL.DDG.02,30.0,2020-04-29 12:25:00,2020-04-29 12:30:00,10,2,32.2,1,2020
FL.PYT.02,30.0,2020-06-20 10:45:00,2020-06-20 15:20:00,280,56,46.6,1,2020
FL.CTC.03,30.0,2020-06-20 13:30:00,2020-06-20 14:45:00,80,12,34.7,2,2020
FL.PYT.02,30.0,2020-06-22 11:50:00,2020-06-22 11:55:00,10,2,31.4,1,2020
FL.SMI.01,30.0,2020-07-14 00:25:00,2020-07-14 02:30:00,130,26,46.1,1,2020
FL.SMI.01,30.0,2020-07-16 17:55:00,2020-07-16 18:20:00,30,6,34.3,1,2020
FL.SMI.01,30.0,2020-08-28 17:00:00,2020-08-28 17:10:00,15,3,32.0,1,2020
FL.SLG.03,30.0,2020-08-28 17:35:00,2020-08-28 17:40:00,10,2,30.5,1,2020
FL.DDG.02,30.0,2020-09-23 16:05:00,2020-09-23 16:35:00,35,6,33.1,2,2020
FL.STN.02,30.0,2020-10-02 18:40:00,2020-10-02 20:00:00,85,17,37.3,1,2020
FL.STN.03,30.0,2020-10-02 18:40:00,2020-10-02 19:40:00,65,13,34.2,1,2020
FL.PWT.02,30.0,2020-10-04 02:15:00,2020-10-04 03:45:00,95,15,32.2,3,2020
FL.BNA.04,30.0,2020-10-05 02:45:00,2020-10-05 02:55:00,15,3,32.5,1,2020
FL.STN.02,30.0,2020-11-21 12:10:00,2020-11-21 13:30:00,85,17,38.2,1,2020
FL.STN.03,30.0,2020-11-21 12:30:00,2020-11-21 13:25:00,60,12,36.8,1,2020
FL.STN.02,30.0,2021-02-09 12:55:00,2021-02-09 15:05:00,135,27,44.9,1,2021
FL.BNA.03,30.0,2021-05-19 19:20:00,2021-05-19 21:05:00,110,22,47.1,1,2021
FL.DDG.02,30.0,2021-07-01 22:30:00,2021-07-01 23:05:00,40,7,32.5,2,2021
FL.DDG.06,30.0,2021-07-01 22:30:00,2021-07-02 01:15:00,170,34,47.6,1,2021
FL.BKM.01,30.0,2021-08-21 06:15:00,2021-08-21 07:35:00,85,17,37.9,1,2021
FL.DDG.06,30.0,2021-08-31 21:30:00,2021-08-31 23:50:00,145,29,41.7,1,2021
FL.DDG.07,30.0,2021-08-31 21:55:00,2021-08-31 23:35:00,105,21,43.5,1,2021
FL.LSI.03,30.0,2021-09-19 15:45:00,2021-09-19 15:50:00,10,2,33.2,1,2021
FL.STN.02,30.0,2021-09-19 16:00:00,2021-09-19 18:15:00,140,28,42.8,1,2021
FL.STN.01,30.0,2021-09-19 16:05:00,2021-09-19 18:40:00,160,32,45.4,1,2021
FL.STN.03,30.0,2021-09-19 16:10:00,2021-09-19 18:20:00,135,27,44.2,1,2021
FL.SMI.01,30.0,2021-09-20 20:40:00,2021-09-20 21:50:00,75,11,34.7,2,2021
FL.DDG.06,30.0,2021-10-02 14:55:00,2021-10-02 15:40:00,50,10,35.5,1,2021
FL.CTC.04,30.0,2021-10-14 16:40:00,2021-10-14 17:40:00,65,13,36.9,1,2021
FL.CTC.07,30.0,2021-10-14 16:40:00,2021-10-14 20:15:00,220,44,44.5,1,2021
FL.SMI.01,30.0,2022-05-07 14:15:00,2022-05-07 15:40:00,90,18,48.4,1,2022
FL.BNA.03,30.0,2022-05-17 22:50:00,2022-05-17 23:25:00,40,8,32.7,1,2022
FL.CTC.03,30.0,2022-05-17 23:55:00,2022-05-18 00:00:00,10,2,46.5,1,2022
FL.CTC.07,30.0,2022-05-17 23:55:00,2022-05-18 02:40:00,170,34,41.7,1,2022
FL.CTC.01,30.0,2022-05-18 00:50:00,2022-05-18 04:15:00,210,41,38.4,2,2022
FL.BRK.02,30.0,2022-06-13 00:40:00,2022-06-13 00:50:00,15,3,40.7,1,2022
FL.SMI.01,30.0,2022-06-24 17:50:00,2022-06-24 18:50:00,65,13,41.0,1,2022
FL.DDG.07,30.0,2022-07-01 19:35:00,2022-07-01 20:50:00,80,8,32.5,3,2022
FL.DDG.06,30.0,2022-07-20 20:00:00,2022-07-20 23:15:00,200,39,38.1,2,2022
FL.SLG.03,30.0,2022-07-20 21:30:00,2022-07-21 05:40:00,495,99,38.8,1,2022
FL.BNA.03,30.0,2022-07-20 22:15:00,2022-07-21 00:20:00,130,26,46.2,1,2022
FL.STN.03,30.0,2022-07-20 22:45:00,2022-07-20 23:30:00,50,10,34.2,1,2022
FL.PWT.02,30.0,2022-07-20 23:25:00,2022-07-21 06:35:00,435,87,41.0,1,2022
FL.HKG.01,30.0,2022-07-20 23:30:00,2022-07-21 01:45:00,140,24,36.0,4,2022
FL.PWT.02,30.0,2022-07-21 09:25:00,2022-07-21 09:35:00,15,3,30.8,1,2022
FL.PWT.02,30.0,2022-07-21 11:45:00,2022-07-21 12:30:00,50,10,32.6,1,2022
FL.SMI.01,30.0,2022-07-31 17:25:00,2022-07-31 19:45:00,145,29,50.8,1,2022
FL.PWT.02,30.0,2022-08-15 20:40:00,2022-08-16 03:35:00,420,83,35.7,2,2022
FL.DDG.06,30.0,2022-09-06 20:50:00,2022-09-06 23:35:00,170,32,45.6,3,2022
FL.BKM.01,30.0,2022-09-10 01:35:00,2022-09-10 02:15:00,45,7,32.3,3,2022
FL.SLG.03,30.0,2022-09-10 19:35:00,2022-09-10 21:15:00,105,20,35.3,2,2022
FL.BNA.03,30.0,2022-09-13 15:25:00,2022-09-13 15:35:00,15,3,36.1,1,2022
FL.BKP.02,30.0,2022-09-13 15:35:00,2022-09-13 15:50:00,20,4,32.5,1,2022
FL.RTW.10,30.0,2022-09-24 23:50:00,2022-09-25 00:20:00,35,7,35.6,1,2022
FL.DDG.07,30.0,2022-09-25 00:00:00,2022-09-25 03:15:00,200,40,46.1,1,2022
FL.BNA.03,30.0,2022-10-03 14:05:00,2022-10-03 17:30:00,210,41,50.9,2,2022
FL.CTC.07,30.0,2022-10-03 15:35:00,2022-10-03 17:45:00,135,27,51.4,1,2022
FL.LSI.04,30.0,2022-10-03 15:50:00,2022-10-03 16:55:00,70,14,36.1,1,2022
FL.PWT.02,30.0,2022-10-03 16:25:00,2022-10-03 18:25:00,125,14,32.7,4,2022
FL.STN.03,30.0,2022-10-09 19:00:00,2022-10-09 20:20:00,85,17,40.4,1,2022
FL.DDG.06,30.0,2023-05-30 19:40:00,2023-05-30 19:45:00,10,2,31.1,1,2023
FL.SMI.01,30.0,2023-06-28 19:10:00,2023-06-28 19:35:00,30,6,33.9,1,2023
FL.SMI.01,30.0,2023-07-05 18:45:00,2023-07-05 19:55:00,75,15,41.7,1,2023
FL.SLG.03,30.0,2023-07-22 00:30:00,2023-07-22 02:25:00,120,24,40.3,1,2023
FL.BKM.01,30.0,2023-07-22 00:35:00,2023-07-22 01:55:00,85,17,39.4,1,2023
FL.CTC.07,30.0,2023-07-22 00:35:00,2023-07-22 04:00:00,210,42,49.2,1,2023
FL.CTC.01,30.0,2023-07-22 00:45:00,2023-07-22 06:30:00,350,66,47.1,2,2023
FL.KTY.04,30.0,2023-07-22 00:50:00,2023-07-22 01:00:00,15,3,34.1,1,2023
FL.WTL.02,30.0,2023-07-22 00:50:00,2023-07-22 00:55:00,10,2,37.5,1,2023
FL.DDG.07,30.0,2023-07-22 00:55:00,2023-07-22 02:30:00,100,20,36.9,1,2023
FL.CTC.03,30.0,2023-07-22 01:00:00,2023-07-22 02:15:00,80,13,42.0,3,2023
FL.SMI.01,30.0,2023-09-21 01:15:00,2023-09-21 01:45:00,35,7,35.8,1,2023
FL.BNA.04,30.0,2023-09-21 18:10:00,2023-09-21 18:25:00,20,4,32.3,1,2023
FL.RTW.10,30.0,2023-09-25 14:45:00,2023-09-25 15:15:00,35,7,39.5,1,2023
FL.BRK.01,30.0,2023-09-25 15:10:00,2023-09-25 15:20:00,15,3,33.2,1,2023
FL.BNA.05,30.0,2023-09-26 19:05:00,2023-09-26 20:30:00,90,11,33.1,3,2023
FL.RTW.10,30.0,2023-10-03 16:50:00,2023-10-03 17:40:00,55,11,44.6,1,2023
FL.WTN.01,30.0,2024-07-27 17:40:00,2024-07-27 18:10:00,35,7,50.0,1,2024
FL.CTC.07,30.0,2024-08-06 22:05:00,2024-08-06 23:20:00,80,16,43.3,1,2024
FL.CTC.03,30.0,2024-08-06 22:35:00,2024-08-06 22:40:00,10,2,35.3,1,2024
FL.BKM.01,30.0,2024-08-20 00:40:00,2024-08-20 01:15:00,40,8,32.5,1,2024
FL.SMI.01,30.0,2024-09-20 17:25:00,2024-09-20 18:25:00,65,13,44.1,1,2024
FL.DDG.02,30.0,2024-10-02 00:50:00,2024-10-02 01:45:00,60,10,34.7,3,2024
FL.BRK.01,30.0,2024-10-29 22:55:00,2024-10-29 23:00:00,10,2,31.8,1,2024
FL.WTN.01,30.0,2025-02-08 13:50:00,2025-02-08 13:55:00,10,2,61.5,1,2025
FL.BKM.01,30.0,2025-05-10 18:15:00,2025-05-10 19:10:00,60,8,33.8,3,2025
FL.DDG.02,30.0,2025-05-10 18:25:00,2025-05-10 18:40:00,20,4,33.0,1,2025
FL.STN.03,30.0,2025-09-04 20:25:00,2025-09-04 20:45:00,25,5,33.4,1,2025
FL.STN.01,30.0,2025-09-04 20:40:00,2025-09-04 20:45:00,10,2,33.6,1,2025
FL.SLG.03,30.0,2025-09-06 16:35:00,2025-09-06 17:10:00,40,8,35.3,1,2025
FL.SMI.01,30.0,2025-09-08 12:25:00,2025-09-08 13:25:00,65,13,41.6,1,2025
FL.STN.03,30.0,2025-09-17 02:45:00,2025-09-17 02:50:00,10,2,30.5,1,2025
FL.SMI.01,30.0,2025-11-02 21:15:00,2025-11-03 00:25:00,195,39,46.4,1,2025
FL.CTC.07,30.0,2025-11-02 21:45:00,2025-11-02 23:55:00,135,27,41.3,1,2025
FL.CTC.03,30.0,2025-11-02 22:40:00,2025-11-02 22:45:00,10,2,31.3,1,2025
FL.CTC.07,30.0,2025-11-13 02:05:00,2025-11-13 03:20:00,80,16,41.4,1,2025
FL.DDG.02,30.0,2025-11-13 02:15:00,2025-11-13 02:40:00,30,6,32.0,1,2025
FL.CTC.03,30.0,2025-11-13 02:30:00,2025-11-13 02:45:00,20,4,32.7,1,2025
FL.PYT.02,30.0,2025-11-13 02:30:00,2025-11-13 03:20:00,55,11,33.4,1,2025
FL.RTW.08,30.0,2025-11-13 02:40:00,2025-11-13 03:40:00,65,13,37.0,1,2025
FL.RTW.10,30.0,2025-11-13 02:45:00,2025-11-13 03:10:00,30,6,35.1,1,2025
FL.PTW.05,30.0,2025-11-13 03:00:00,2025-11-13 04:00:00,65,13,34.4,1,2025
FL.PTW.01,30.0,2025-11-13 03:10:00,2025-11-13 03:15:00,10,2,31.4,1,2025
