station_code,started_at,ended_at,n_readings,peak_depth_cm,tier_cm
FL.BBN.01,2019-04-26 10:30:00,2019-04-26 10:35:00,2,29.5,5.0
FL.BBN.01,2019-06-24 21:30:00,2019-06-24 22:35:00,14,12.3,5.0
FL.BBN.01,2019-09-08 16:35:00,2019-09-08 16:45:00,3,10.7,5.0
FL.BBN.01,2019-09-09 14:35:00,2019-09-09 15:00:00,6,12.9,5.0
FL.BBN.01,2019-09-18 21:15:00,2019-09-18 21:15:00,1,6.4,5.0
FL.BBN.01,2019-09-19 18:25:00,2019-09-19 19:15:00,11,16.2,5.0
FL.BBN.01,2019-09-21 12:10:00,2019-09-21 12:55:00,10,14.7,5.0
FL.BBN.01,2020-02-01 15:35:00,2020-02-01 15:45:00,3,8.1,5.0
FL.BBN.01,2020-05-26 03:35:00,2020-05-26 03:35:00,1,21.4,5.0
FL.BBN.01,2020-05-31 00:35:00,2020-05-31 00:55:00,5,8.6,5.0
FL.BBN.01,2020-05-31 01:55:00,2020-05-31 02:20:00,6,8.1,5.0
FL.BBN.01,2020-08-22 18:50:00,2020-08-22 18:50:00,1,5.1,5.0
FL.BBN.01,2020-09-01 05:15:00,2020-09-01 07:05:00,23,21.1,5.0
FL.BBN.01,2020-09-02 19:10:00,2020-09-02 19:35:00,6,10.6,5.0
FL.BBN.01,2020-09-15 00:30:00,2020-09-15 01:05:00,8,10.7,5.0
FL.BBN.01,2020-09-27 20:55:00,2020-09-27 21:25:00,7,16.7,5.0
FL.BBN.01,2020-09-28 21:10:00,2020-09-28 23:10:00,25,19.7,5.0
FL.BBN.01,2020-10-03 23:50:00,2020-10-04 00:35:00,10,15.7,5.0
FL.BBN.01,2020-10-06 15:40:00,2020-10-06 16:20:00,9,19.7,5.0
FL.BBN.01,2020-10-12 21:10:00,2020-10-12 21:30:00,5,10.4,5.0
FL.BBN.01,2020-10-16 02:05:00,2020-10-16 02:25:00,5,14.3,5.0
FL.BBN.01,2020-10-16 14:40:00,2020-10-16 14:45:00,2,7.7,5.0
FL.BBN.01,2020-11-04 19:30:00,2020-11-04 19:30:00,1,9.4,5.0
FL.BBN.01,2020-11-04 20:05:00,2020-11-04 20:05:00,1,5.3,5.0
FL.BBN.01,2020-11-04 20:25:00,2020-11-04 20:25:00,1,5.3,5.0
FL.BBN.01,2020-11-21 11:20:00,2020-11-21 12:30:00,15,15.9,5.0
FL.BBN.01,2021-05-03 14:00:00,2021-05-03 14:15:00,4,7.9,5.0
FL.BBN.01,2021-06-13 17:35:00,2021-06-13 18:25:00,11,15.0,5.0
FL.BBN.01,2021-06-20 19:25:00,2021-06-20 19:35:00,3,8.2,5.0
FL.BBN.01,2021-06-20 20:00:00,2021-06-20 20:25:00,6,9.8,5.0
FL.BBN.01,2021-06-28 17:15:00,2021-06-28 17:35:00,5,8.4,5.0
FL.BBN.01,2021-07-14 08:25:00,2021-07-14 10:20:00,24,21.0,5.0
FL.BBN.01,2021-07-28 13:50:00,2021-07-28 14:10:00,5,15.9,5.0
FL.BBN.01,2021-07-28 15:15:00,2021-07-28 15:15:00,1,9.7,5.0
FL.BBN.01,2021-08-30 09:40:00,2021-08-30 09:45:00,2,11.9,5.0
FL.BBN.01,2021-09-08 03:00:00,2021-09-08 03:45:00,10,17.2,5.0
FL.BBN.01,2021-09-19 15:50:00,2021-09-19 16:50:00,13,22.5,5.0
FL.BBN.01,2021-09-20 19:50:00,2021-09-20 20:15:00,6,11.1,5.0
FL.BBN.01,2021-09-22 18:10:00,2021-09-22 18:25:00,4,10.9,5.0
FL.BBN.01,2021-10-02 15:15:00,2021-10-02 15:15:00,1,5.0,5.0
FL.BBN.01,2021-10-03 21:40:00,2021-10-03 22:15:00,8,17.8,5.0
FL.BBN.01,2021-10-07 14:20:00,2021-10-07 15:00:00,9,19.6,5.0
FL.BBN.01,2021-10-22 13:55:00,2021-10-22 14:20:00,6,12.1,5.0
FL.BBN.01,2021-10-31 16:45:00,2021-10-31 16:55:00,3,7.5,5.0
FL.BBN.01,2021-11-01 17:05:00,2021-11-01 17:15:00,3,5.8,5.0
FL.BBN.01,2021-11-01 17:25:00,2021-11-01 17:45:00,5,10.2,5.0
FL.BBN.01,2021-11-02 16:55:00,2021-11-02 17:15:00,5,11.4,5.0
FL.BBN.01,2022-02-04 18:40:00,2022-02-04 19:10:00,7,14.7,5.0
FL.BBN.01,2022-04-28 21:50:00,2022-04-28 22:25:00,8,13.8,5.0
FL.BBN.01,2022-05-07 13:05:00,2022-05-07 13:10:00,2,6.5,5.0
FL.BBN.01,2022-05-28 15:50:00,2022-05-28 15:50:00,1,7.7,5.0
FL.BBN.01,2022-05-28 17:35:00,2022-05-28 18:25:00,11,17.5,5.0
FL.BBN.01,2022-06-19 19:10:00,2022-06-19 20:00:00,11,18.8,5.0
FL.BBN.01,2022-06-24 20:55:00,2022-06-24 22:40:00,22,21.3,5.0
FL.BBN.01,2022-06-28 17:30:00,2022-06-28 18:35:00,14,20.3,5.0
FL.BBN.01,2022-07-20 20:50:00,2022-07-20 21:20:00,7,14.9,5.0
FL.BBN.01,2022-07-20 22:30:00,2022-07-20 23:35:00,14,20.8,5.0
FL.BBN.01,2022-09-21 18:20:00,2022-09-21 18:40:00,5,8.0,5.0
FL.BBN.01,2022-09-21 18:55:00,2022-09-21 19:00:00,2,7.2,5.0
FL.BBN.01,2022-09-21 20:50:00,2022-09-21 20:50:00,1,6.0,5.0
FL.BBN.01,2022-09-24 23:10:00,2022-09-24 23:10:00,1,5.0,5.0
FL.BBN.01,2022-10-01 23:00:00,2022-10-01 23:00:00,1,5.1,5.0
FL.BBN.01,2022-10-03 14:55:00,2022-10-03 15:30:00,8,15.5,5.0
FL.BBN.01,2022-10-09 18:35:00,2022-10-09 18:45:00,3,8.7,5.0
FL.BBN.01,2022-11-16 14:50:00,2022-11-16 15:15:00,6,10.2,5.0
FL.BBN.01,2022-11-19 16:30:00,2022-11-19 16:35:00,2,9.2,5.0
FL.BBN.01,2022-11-19 16:50:00,2022-11-19 16:55:00,2,9.8,5.0
FL.BBN.01,2022-11-23 17:40:00,2022-11-23 17:40:00,1,5.3,5.0
FL.BBN.01,2023-09-26 20:00:00,2023-09-26 20:15:00,4,12.6,5.0
FL.BBN.01,2023-10-16 16:55:00,2023-10-16 17:50:00,12,17.0,5.0
FL.BBN.01,2023-10-21 19:15:00,2023-10-21 19:45:00,7,13.1,5.0
FL.BBN.01,2023-10-23 15:45:00,2023-10-23 15:50:00,2,6.5,5.0
FL.BBN.01,2023-10-24 13:05:00,2023-10-24 13:10:00,2,8.5,5.0
FL.BBN.01,2023-11-10 18:00:00,2023-11-10 19:00:00,13,6.4,5.0
FL.BBN.01,2023-11-10 19:20:00,2023-11-10 19:55:00,8,5.3,5.0
FL.BBN.01,2023-11-10 20:10:00,2023-11-10 20:10:00,1,5.0,5.0
FL.BBN.01,2023-11-10 21:10:00,2023-11-10 21:40:00,7,5.3,5.0
FL.BBN.01,2023-11-10 22:55:00,2023-11-10 23:30:00,8,5.1,5.0
FL.BBN.01,2023-11-11 00:45:00,2023-11-11 01:00:00,4,5.1,5.0
FL.BBN.01,2023-11-11 19:20:00,2023-11-11 19:20:00,1,5.7,5.0
FL.BBN.01,2024-02-10 13:15:00,2024-02-10 13:15:00,1,6.3,5.0
FL.BBN.01,2024-03-20 08:00:00,2024-03-20 08:10:00,3,10.0,5.0
FL.BBN.01,2024-05-12 15:05:00,2024-05-12 15:30:00,6,11.2,5.0
FL.BBN.01,2024-05-16 13:30:00,2024-05-16 13:35:00,2,6.6,5.0
FL.BBN.01,2024-05-19 20:40:00,2024-05-19 20:45:00,2,6.8,5.0
FL.BBN.01,2024-05-22 22:25:00,2024-05-22 22:25:00,1,6.4,5.0
FL.BBN.01,2024-05-23 18:45:00,2024-05-23 18:45:00,1,5.1,5.0
FL.BBN.01,2024-06-30 19:10:00,2024-06-30 19:45:00,8,8.2,5.0
FL.BBN.01,2024-07-27 17:15:00,2024-07-27 17:20:00,2,6.5,5.0
FL.BBN.01,2024-08-03 21:00:00,2024-08-03 21:40:00,9,13.3,5.0
FL.BBN.01,2024-10-06 20:35:00,2024-10-06 20:55:00,5,11.2,5.0
FL.BBN.01,2024-10-16 11:30:00,2024-10-16 11:35:00,2,8.5,5.0
FL.BBN.01,2024-10-16 11:45:00,2024-10-16 12:35:00,11,15.4,5.0
FL.BBN.01,2024-10-22 14:35:00,2024-10-22 14:35:00,1,5.7,5.0
FL.BBN.01,2024-10-23 04:50:00,2024-10-23 05:00:00,3,9.5,5.0
FL.BBN.01,2025-03-22 05:55:00,2025-03-22 06:20:00,6,9.7,5.0
FL.BBN.01,2025-05-23 21:15:00,2025-05-23 23:20:00,26,18.4,5.0
FL.BBN.01,2025-09-06 19:05:00,2025-09-06 19:10:00,2,6.7,5.0
FL.BBN.01,2025-09-06 19:20:00,2025-09-06 19:35:00,4,8.8,5.0
FL.BBN.01,2025-10-04 12:45:00,2025-10-04 13:20:00,8,10.2,5.0
FL.BBN.01,2025-10-04 13:35:00,2025-10-04 13:50:00,4,7.4,5.0
FL.BBN.01,2025-10-06 00:35:00,2025-10-06 02:25:00,23,22.4,5.0
FL.BBN.01,2025-11-01 13:10:00,2025-11-01 13:40:00,7,11.6,5.0
FL.BBN.01,2025-11-02 14:10:00,2025-11-02 14:15:00,2,6.2,5.0
FL.BBN.01,2025-11-13 18:05:00,2025-11-13 18:05:00,1,7.4,5.0
FL.BBN.02,2021-04-21 13:45:00,2021-04-21 13:55:00,3,6.4,5.0
FL.BBN.02,2021-04-23 23:35:00,2021-04-24 01:35:00,25,12.0,5.0
FL.BBN.02,2021-04-29 08:35:00,2021-04-29 08:35:00,1,5.5,5.0
FL.BBN.02,2021-04-29 08:45:00,2021-04-29 08:45:00,1,5.0,5.0
FL.BBN.02,2021-05-03 14:00:00,2021-05-03 14:40:00,9,11.2,5.0
FL.BBN.02,2021-06-13 17:50:00,2021-06-13 17:50:00,1,5.0,5.0
FL.BBN.02,2021-07-14 08:25:00,2021-07-14 10:20:00,24,24.2,5.0
FL.BBN.02,2021-09-08 03:00:00,2021-09-08 03:40:00,9,11.2,5.0
FL.BBN.02,2021-09-19 15:50:00,2021-09-19 16:35:00,10,13.6,5.0
FL.BBN.02,2021-09-20 13:35:00,2021-09-20 13:40:00,2,8.0,5.0
FL.BBN.02,2021-10-03 21:45:00,2021-10-03 21:45:00,1,5.1,5.0
FL.BBN.02,2021-10-07 14:30:00,2021-10-07 14:45:00,4,8.6,5.0
FL.BBN.02,2022-04-28 21:50:00,2022-04-28 21:50:00,1,5.0,5.0
FL.BBN.02,2022-05-28 17:30:00,2022-05-28 18:20:00,11,11.8,5.0
FL.BBN.02,2022-06-19 19:10:00,2022-06-19 19:50:00,9,14.5,5.0
FL.BBN.02,2022-06-24 21:00:00,2022-06-24 22:25:00,18,19.3,5.0
FL.BBN.02,2022-06-28 17:30:00,2022-06-28 18:15:00,10,14.9,5.0
FL.BBN.02,2022-07-20 21:00:00,2022-07-20 21:30:00,7,9.6,5.0
FL.BBN.02,2022-07-20 22:30:00,2022-07-20 23:35:00,14,19.3,5.0
FL.BBN.02,2022-10-03 15:00:00,2022-10-03 15:45:00,10,15.1,5.0
FL.BBN.02,2022-10-09 18:40:00,2022-10-09 18:55:00,4,7.4,5.0
FL.BBN.02,2022-11-19 16:30:00,2022-11-19 16:40:00,3,7.6,5.0
FL.BBN.02,2022-11-19 16:50:00,2022-11-19 17:10:00,5,10.1,5.0
FL.BBN.02,2023-09-26 20:00:00,2023-09-26 20:15:00,4,9.8,5.0
FL.BBN.02,2023-10-16 17:15:00,2023-10-16 17:45:00,7,14.0,5.0
FL.BBN.02,2023-10-21 19:20:00,2023-10-21 19:35:00,4,7.9,5.0
FL.BBN.02,2024-05-12 15:10:00,2024-05-12 15:45:00,8,11.2,5.0
FL.BBN.02,2024-08-03 21:15:00,2024-08-03 21:20:00,2,7.2,5.0
FL.BBN.02,2024-08-03 21:30:00,2024-08-03 21:45:00,4,9.3,5.0
FL.BBN.02,2024-10-16 12:00:00,2024-10-16 12:15:00,4,8.8,5.0
FL.BBN.02,2024-10-16 12:30:00,2024-10-16 12:30:00,1,7.1,5.0
FL.BBN.02,2024-10-23 04:55:00,2024-10-23 04:55:00,1,6.1,5.0
FL.BBN.02,2025-05-23 21:15:00,2025-05-23 23:40:00,30,20.0,5.0
FL.BBN.02,2025-09-06 19:20:00,2025-09-06 19:40:00,5,9.0,5.0
FL.BBN.02,2025-10-04 13:00:00,2025-10-04 13:05:00,2,6.0,5.0
FL.BBN.02,2025-10-06 00:40:00,2025-10-06 02:25:00,22,26.7,5.0
FL.BBN.02,2025-11-01 13:25:00,2025-11-01 13:30:00,2,7.6,5.0
FL.BKA.01,2020-10-21 13:00:00,2020-10-21 13:05:00,2,9.5,5.0
FL.BKA.01,2020-10-21 13:20:00,2020-10-21 13:25:00,2,8.2,5.0
FL.BKA.01,2020-10-21 13:35:00,2020-10-21 13:40:00,2,9.3,5.0
FL.BKA.01,2020-10-21 13:55:00,2020-10-21 14:20:00,6,9.0,5.0
FL.BKA.01,2020-10-21 14:30:00,2020-10-21 14:40:00,3,9.5,5.0
FL.BKA.01,2020-10-21 14:50:00,2020-10-21 15:15:00,6,9.1,5.0
FL.BKA.01,2020-10-21 15:25:00,2020-10-21 15:50:00,6,9.0,5.0
FL.BKA.01,2020-10-21 16:00:00,2020-10-21 16:15:00,4,8.7,5.0
FL.BKA.01,2020-10-21 16:30:00,2020-10-21 16:50:00,5,8.2,5.0
FL.BKA.01,2020-10-21 17:05:00,2020-10-21 17:25:00,5,8.9,5.0
FL.BKA.01,2020-10-21 17:40:00,2020-10-21 17:45:00,2,6.6,5.0
FL.BKA.01,2020-10-21 17:55:00,2020-10-21 18:25:00,7,9.1,5.0
FL.BKA.01,2020-10-21 18:35:00,2020-10-21 18:40:00,2,9.0,5.0
FL.BKA.01,2020-10-21 18:50:00,2020-10-21 18:55:00,2,5.7,5.0
FL.BKA.01,2020-10-21 19:05:00,2020-10-21 19:05:00,1,8.0,5.0
FL.BKA.01,2020-10-21 19:20:00,2020-10-21 19:20:00,1,7.1,5.0
FL.BKA.01,2020-10-21 19:30:00,2020-10-21 20:35:00,14,9.1,5.0
FL.BKA.01,2020-10-21 20:45:00,2020-10-21 20:45:00,1,8.5,5.0
FL.BKA.01,2020-10-21 20:55:00,2020-10-21 21:00:00,2,8.5,5.0
FL.BKA.01,2020-10-21 21:10:00,2020-10-21 21:10:00,1,8.7,5.0
FL.BKA.01,2020-10-21 21:20:00,2020-10-21 21:20:00,1,6.5,5.0
FL.BKA.01,2020-10-21 21:35:00,2020-10-21 21:35:00,1,6.5,5.0
FL.BKA.01,2020-10-21 21:45:00,2020-10-21 21:45:00,1,6.7,5.0
FL.BKA.01,2020-10-21 22:00:00,2020-10-21 22:00:00,1,5.8,5.0
FL.BKA.01,2020-10-21 22:10:00,2020-10-21 22:10:00,1,6.1,5.0
FL.BKA.01,2020-10-21 22:20:00,2020-10-21 22:25:00,2,5.4,5.0
FL.BKA.01,2020-10-21 22:35:00,2020-10-21 22:35:00,1,5.8,5.0
FL.BKA.01,2020-10-21 22:45:00,2020-10-21 22:50:00,2,5.8,5.0
FL.BKA.01,2020-10-21 23:10:00,2020-10-21 23:10:00,1,7.8,5.0
FL.BKA.01,2020-10-21 23:20:00,2020-10-21 23:20:00,1,5.5,5.0
FL.BKA.01,2020-10-21 23:30:00,2020-10-21 23:35:00,2,6.3,5.0
FL.BKA.01,2020-10-21 23:45:00,2020-10-21 23:45:00,1,7.9,5.0
FL.BKA.01,2020-10-21 23:55:00,2020-10-21 23:55:00,1,5.1,5.0
FL.BKA.01,2020-10-22 00:05:00,2020-10-22 00:10:00,2,6.7,5.0
FL.BKA.01,2020-10-22 00:20:00,2020-10-22 00:20:00,1,7.8,5.0
FL.BKA.01,2020-10-22 00:30:00,2020-10-22 00:30:00,1,7.3,5.0
FL.BKA.01,2020-10-22 00:55:00,2020-10-22 00:55:00,1,7.0,5.0
FL.BKA.01,2020-10-22 01:05:00,2020-10-22 01:05:00,1,6.2,5.0
FL.BKA.01,2020-10-22 01:15:00,2020-10-22 01:15:00,1,7.5,5.0
FL.BKA.01,2020-10-22 01:25:00,2020-10-22 01:30:00,2,8.8,5.0
FL.BKA.01,2020-10-22 01:40:00,2020-10-22 01:50:00,3,9.1,5.0
FL.BKA.01,2020-10-22 02:00:00,2020-10-22 03:00:00,13,9.0,5.0
FL.BKA.01,2020-10-22 03:10:00,2020-10-22 03:10:00,1,5.7,5.0
FL.BKA.01,2020-10-22 03:20:00,2020-10-22 03:20:00,1,6.3,5.0
FL.BKA.01,2020-10-22 03:30:00,2020-10-22 03:30:00,1,7.1,5.0
FL.BKA.01,2020-10-22 03:40:00,2020-10-22 03:40:00,1,7.4,5.0
FL.BKA.01,2020-10-22 03:50:00,2020-10-22 03:50:00,1,7.5,5.0
FL.BKA.01,2020-10-22 04:00:00,2020-10-22 04:00:00,1,6.6,5.0
FL.BKA.01,2020-10-22 04:10:00,2020-10-22 04:40:00,7,8.8,5.0
FL.BKA.01,2020-10-22 04:50:00,2020-10-22 04:55:00,2,5.4,5.0
FL.BKA.01,2020-10-22 05:05:00,2020-10-22 05:10:00,2,6.2,5.0
FL.BKA.01,2020-10-22 05:25:00,2020-10-22 05:55:00,7,8.9,5.0
FL.BKA.01,2020-10-22 06:05:00,2020-10-22 06:05:00,1,7.6,5.0
FL.BKA.01,2020-10-22 06:15:00,2020-10-22 06:15:00,1,6.8,5.0
FL.BKA.01,2020-10-22 06:25:00,2020-10-22 06:25:00,1,6.0,5.0
FL.BKA.01,2020-10-22 06:35:00,2020-10-22 06:35:00,1,6.9,5.0
FL.BKA.01,2020-10-22 06:45:00,2020-10-22 06:45:00,1,7.5,5.0
FL.BKA.01,2020-10-22 06:55:00,2020-10-22 07:25:00,7,8.8,5.0
FL.BKA.01,2020-10-22 07:40:00,2020-10-22 07:50:00,3,6.6,5.0
FL.BKA.01,2020-10-22 08:00:00,2020-10-22 08:00:00,1,5.5,5.0
FL.BKA.01,2020-10-22 08:10:00,2020-10-22 08:10:00,1,7.0,5.0
FL.BKA.01,2020-10-22 08:20:00,2020-10-22 08:20:00,1,5.4,5.0
FL.BKA.01,2020-10-22 08:45:00,2020-10-22 08:45:00,1,6.9,5.0
FL.BKA.01,2020-10-22 09:00:00,2020-10-22 09:00:00,1,5.3,5.0
FL.BKA.01,2020-10-22 09:10:00,2020-10-22 09:10:00,1,7.5,5.0
FL.BKA.01,2020-10-22 09:25:00,2020-10-22 09:40:00,4,8.9,5.0
FL.BKA.01,2020-10-22 09:50:00,2020-10-22 10:05:00,4,8.7,5.0
FL.BKA.01,2020-10-22 10:20:00,2020-10-22 10:40:00,5,9.0,5.0
FL.BKA.01,2020-10-22 10:55:00,2020-10-22 11:20:00,6,9.1,5.0
FL.BKA.01,2020-10-22 11:30:00,2020-10-22 11:40:00,3,8.8,5.0
FL.BKA.01,2020-10-22 11:55:00,2020-10-22 12:00:00,2,9.1,5.0
FL.BKA.01,2022-05-09 16:00:00,2022-05-09 16:05:00,2,6.3,5.0
FL.BKA.01,2022-05-10 00:35:00,2022-05-10 00:55:00,5,10.4,5.0
FL.BKA.01,2022-05-17 21:45:00,2022-05-18 02:50:00,62,9.7,5.0
FL.BKA.01,2022-05-31 16:15:00,2022-05-31 17:45:00,19,9.0,5.0
FL.BKA.01,2022-07-23 11:05:00,2022-07-23 11:05:00,1,6.5,5.0
FL.BKA.01,2022-07-31 17:25:00,2022-07-31 18:05:00,9,5.8,5.0
FL.BKA.01,2022-09-04 20:15:00,2022-09-04 20:15:00,1,5.6,5.0
FL.BKA.01,2022-09-06 19:50:00,2022-09-06 19:50:00,1,5.0,5.0
FL.BKA.01,2022-09-10 18:25:00,2022-09-10 18:25:00,1,9.5,5.0
FL.BKA.01,2022-11-23 20:15:00,2022-11-23 20:30:00,4,6.2,5.0
FL.BKA.02,2023-07-22 00:40:00,2023-07-22 03:05:00,30,13.9,5.0
FL.BKA.02,2023-07-22 03:25:00,2023-07-22 03:25:00,1,6.2,5.0
FL.BKA.02,2023-08-31 19:00:00,2023-08-31 19:00:00,1,5.9,5.0
FL.BKA.02,2023-09-03 23:40:00,2023-09-03 23:55:00,4,5.9,5.0
FL.BKA.02,2023-09-04 00:15:00,2023-09-04 00:15:00,1,5.0,5.0
FL.BKA.02,2023-09-26 20:20:00,2023-09-26 20:35:00,4,7.0,5.0
FL.BKA.02,2023-09-26 20:45:00,2023-09-26 20:45:00,1,5.1,5.0
FL.BKA.02,2023-12-16 13:10:00,2023-12-16 17:55:00,58,11.6,5.0
FL.BKA.02,2024-09-21 17:45:00,2024-09-21 17:45:00,1,6.9,5.0
FL.BKA.02,2025-05-10 18:05:00,2025-05-10 18:05:00,1,10.4,5.0
FL.BKA.02,2025-06-13 09:40:00,2025-06-13 09:40:00,1,5.1,5.0
FL.BKA.02,2025-06-13 10:00:00,2025-06-13 10:05:00,2,5.0,5.0
FL.BKA.02,2025-06-13 10:20:00,2025-06-13 10:25:00,2,5.3,5.0
FL.BKE.01,2019-04-07 23:35:00,2019-04-08 00:35:00,13,11.4,5.0
FL.BKE.01,2020-04-25 13:05:00,2020-04-25 13:10:00,2,5.5,5.0
FL.BKE.01,2020-09-01 05:15:00,2020-09-01 06:20:00,14,11.5,5.0
FL.BKE.01,2020-09-01 06:30:00,2020-09-01 06:40:00,3,6.0,5.0
FL.BKE.01,2020-10-16 13:10:00,2020-10-16 15:40:00,31,17.6,5.0
FL.BKE.01,2021-03-17 12:30:00,2021-03-17 12:30:00,1,10.7,5.0
FL.BKE.01,2021-07-01 22:10:00,2021-07-01 23:20:00,15,17.1,5.0
FL.BKE.01,2021-07-13 10:00:00,2021-07-13 12:40:00,33,10.3,5.0
FL.BKE.01,2021-09-20 19:50:00,2021-09-20 21:00:00,15,18.6,5.0
FL.BKE.01,2021-09-30 14:50:00,2021-09-30 15:15:00,6,9.9,5.0
FL.BKE.01,2021-10-03 21:55:00,2021-10-03 22:30:00,8,11.3,5.0
FL.BKE.01,2021-10-17 05:40:00,2021-10-17 06:10:00,7,8.5,5.0
FL.BKE.01,2022-02-04 17:15:00,2022-02-04 17:55:00,9,14.1,5.0
FL.BKE.01,2022-02-04 18:50:00,2022-02-04 20:15:00,18,18.6,5.0
FL.BKE.01,2022-05-17 14:00:00,2022-05-17 14:20:00,5,8.1,5.0
FL.BKE.01,2022-07-20 22:25:00,2022-07-20 23:15:00,11,19.6,5.0
FL.BKE.01,2022-08-26 16:45:00,2022-08-26 17:40:00,12,14.3,5.0
FL.BKE.01,2022-09-22 04:45:00,2022-09-22 05:55:00,15,19.6,5.0
FL.BKE.01,2022-10-03 15:15:00,2022-10-03 15:55:00,9,13.8,5.0
FL.BKE.01,2022-10-09 19:05:00,2022-10-09 19:55:00,11,14.1,5.0
FL.BKE.01,2022-10-12 12:20:00,2022-10-12 12:20:00,1,10.8,5.0
FL.BKE.01,2023-02-02 11:40:00,2023-02-02 11:40:00,1,11.8,5.0
FL.BKE.01,2023-09-26 19:45:00,2023-09-26 21:20:00,20,19.9,5.0
FL.BKE.01,2023-10-03 17:30:00,2023-10-03 18:25:00,12,19.0,5.0
FL.BKE.01,2023-10-21 04:50:00,2023-10-21 05:05:00,4,9.1,5.0
FL.BKE.01,2023-10-24 14:05:00,2023-10-24 14:10:00,2,6.1,5.0
FL.BKE.01,2024-03-20 07:55:00,2024-03-20 09:05:00,15,18.9,5.0
FL.BKE.01,2024-08-03 21:15:00,2024-08-03 21:55:00,9,8.9,5.0
FL.BKE.01,2024-10-06 21:05:00,2024-10-06 21:10:00,2,7.4,5.0
FL.BKE.01,2024-10-10 19:25:00,2024-10-10 20:05:00,9,16.3,5.0
FL.BKE.01,2025-03-31 06:35:00,2025-03-31 07:10:00,8,14.4,5.0
FL.BKE.01,2025-10-13 13:10:00,2025-10-13 13:45:00,8,14.5,5.0
FL.BKE.02,2019-06-24 05:50:00,2019-06-24 08:20:00,31,35.8,5.0
FL.BKE.02,2019-06-24 21:50:00,2019-06-24 22:50:00,13,26.5,5.0
FL.BKE.02,2019-09-18 21:10:00,2019-09-18 21:10:00,1,5.5,5.0
FL.BKE.02,2019-09-18 21:25:00,2019-09-18 21:25:00,1,5.1,5.0
FL.BKE.02,2019-09-21 13:25:00,2019-09-21 13:25:00,1,5.5,5.0
FL.BKE.02,2020-09-29 11:35:00,2020-09-29 11:35:00,1,22.9,5.0
FL.BKE.02,2021-03-17 11:20:00,2021-03-17 11:30:00,3,11.5,5.0
FL.BKE.02,2021-09-28 13:20:00,2021-09-28 13:20:00,1,5.2,5.0
FL.BKE.02,2021-09-30 14:55:00,2021-09-30 14:55:00,1,9.4,5.0
FL.BKE.02,2022-04-23 12:10:00,2022-04-23 12:10:00,1,11.0,5.0
FL.BKE.02,2022-05-17 12:05:00,2022-05-17 12:05:00,1,11.1,5.0
FL.BKE.02,2022-07-20 22:35:00,2022-07-20 22:35:00,1,5.4,5.0
FL.BKE.02,2022-07-20 22:55:00,2022-07-20 23:00:00,2,5.1,5.0
FL.BKE.02,2022-08-19 17:50:00,2022-08-19 17:50:00,1,5.0,5.0
FL.BKE.02,2022-08-26 16:05:00,2022-08-26 17:40:00,20,11.2,5.0
FL.BKE.02,2022-09-22 04:50:00,2022-09-22 05:45:00,12,11.2,5.0
FL.BKE.02,2022-10-03 15:20:00,2022-10-03 15:40:00,5,8.6,5.0
FL.BKE.02,2022-10-09 19:00:00,2022-10-09 20:25:00,18,8.9,5.0
FL.BKE.02,2023-09-26 19:35:00,2023-09-26 20:40:00,14,17.3,5.0
FL.BKE.02,2023-10-21 04:40:00,2023-10-21 05:15:00,8,15.6,5.0
FL.BKE.02,2024-03-20 07:50:00,2024-03-20 09:05:00,16,16.4,5.0
FL.BKE.02,2024-08-03 21:10:00,2024-08-03 21:30:00,5,10.5,5.0
FL.BKE.02,2024-10-06 20:55:00,2024-10-06 21:20:00,6,7.1,5.0
FL.BKE.02,2025-03-31 06:25:00,2025-03-31 07:10:00,10,7.2,5.0
FL.BKE.02,2025-04-15 14:00:00,2025-04-15 14:05:00,2,6.0,5.0
FL.BKE.02,2025-09-06 18:45:00,2025-09-06 18:55:00,3,5.3,5.0
FL.BKE.02,2025-09-06 19:05:00,2025-09-06 19:20:00,4,5.7,5.0
FL.BKE.02,2025-09-06 19:30:00,2025-09-06 19:40:00,3,5.4,5.0
FL.BKE.02,2025-10-13 13:05:00,2025-10-13 13:50:00,10,23.5,5.0
FL.BKL.01,2020-10-02 18:20:00,2020-10-02 19:15:00,12,11.7,5.0
FL.BKL.01,2020-10-02 19:25:00,2020-10-02 19:25:00,1,5.6,5.0
FL.BKL.01,2020-12-14 13:25:00,2020-12-14 13:30:00,2,7.7,5.0
FL.BKL.01,2021-02-09 12:35:00,2021-02-09 13:35:00,13,16.0,5.0
FL.BKL.01,2021-02-09 13:45:00,2021-02-09 13:45:00,1,7.4,5.0
FL.BKL.01,2021-03-09 12:05:00,2021-03-09 12:05:00,1,11.5,5.0
FL.BKL.01,2021-09-29 13:40:00,2021-09-29 13:40:00,1,10.0,5.0
FL.BKM.01,2019-06-30 18:55:00,2019-06-30 21:10:00,28,16.2,5.0
FL.BKM.01,2019-06-30 21:20:00,2019-07-01 07:05:00,118,33.2,5.0
FL.BKM.01,2019-07-01 11:35:00,2019-07-01 11:35:00,1,5.2,5.0
FL.BKM.01,2019-07-10 11:05:00,2019-07-10 11:05:00,1,77.5,5.0
FL.BKM.01,2020-06-20 02:15:00,2020-06-20 16:10:00,168,10.4,5.0
FL.BKM.01,2020-06-20 16:20:00,2020-06-20 16:20:00,1,5.0,5.0
FL.BKM.01,2020-06-20 17:30:00,2020-06-20 17:30:00,1,5.0,5.0
FL.BKM.01,2020-06-20 17:45:00,2020-06-20 17:45:00,1,5.1,5.0
FL.BKM.01,2020-06-20 18:00:00,2020-06-20 18:00:00,1,5.1,5.0
FL.BKM.01,2020-06-20 18:15:00,2020-06-20 18:15:00,1,5.0,5.0
FL.BKM.01,2020-07-28 01:50:00,2020-07-28 02:40:00,11,15.3,5.0
FL.BKM.01,2020-08-05 20:10:00,2020-08-05 20:10:00,1,5.2,5.0
FL.BKM.01,2020-08-05 20:25:00,2020-08-05 20:35:00,3,6.8,5.0
FL.BKM.01,2020-08-05 20:50:00,2020-08-05 21:00:00,3,7.1,5.0
FL.BKM.01,2020-08-05 21:35:00,2020-08-05 22:10:00,8,8.6,5.0
FL.BKM.01,2020-08-05 22:20:00,2020-08-05 22:20:00,1,5.3,5.0
FL.BKM.01,2020-08-05 22:35:00,2020-08-05 22:50:00,4,8.5,5.0
FL.BKM.01,2020-08-05 23:05:00,2020-08-05 23:15:00,3,7.9,5.0
FL.BKM.01,2020-08-05 23:30:00,2020-08-05 23:40:00,3,8.8,5.0
FL.BKM.01,2020-08-05 23:55:00,2020-08-06 00:05:00,3,8.7,5.0
FL.BKM.01,2020-08-06 00:15:00,2020-08-06 01:00:00,10,9.4,5.0
FL.BKM.01,2020-08-06 01:10:00,2020-08-06 01:40:00,7,10.1,5.0
FL.BKM.01,2020-08-06 01:50:00,2020-08-06 02:05:00,4,8.5,5.0
FL.BKM.01,2020-08-06 02:20:00,2020-08-06 02:20:00,1,6.8,5.0
FL.BKM.01,2020-08-06 05:15:00,2020-08-06 05:15:00,1,5.3,5.0
FL.BKM.01,2020-08-06 05:25:00,2020-08-06 05:25:00,1,5.8,5.0
FL.BKM.01,2020-08-06 05:35:00,2020-08-06 05:35:00,1,6.9,5.0
FL.BKM.01,2020-08-06 05:45:00,2020-08-06 05:45:00,1,8.0,5.0
FL.BKM.01,2020-08-06 05:55:00,2020-08-06 05:55:00,1,7.6,5.0
FL.BKM.01,2020-08-06 06:05:00,2020-08-06 06:05:00,1,8.6,5.0
FL.BKM.01,2020-08-06 06:15:00,2020-08-06 10:00:00,46,17.7,5.0
FL.BKM.01,2020-08-06 10:15:00,2020-08-06 10:15:00,1,8.4,5.0
FL.BKM.01,2020-08-28 17:05:00,2020-08-28 17:55:00,11,18.1,5.0
FL.BKM.01,2020-09-01 04:05:00,2020-09-01 04:40:00,8,12.7,5.0
FL.BKM.01,2020-09-27 20:50:00,2020-09-27 21:20:00,7,15.4,5.0
FL.BKM.01,2021-02-09 13:55:00,2021-02-09 13:55:00,1,8.0,5.0
FL.BKM.01,2021-02-24 12:30:00,2021-02-24 12:30:00,1,9.2,5.0
FL.BKM.01,2021-02-25 13:25:00,2021-02-25 13:25:00,1,23.1,5.0
FL.BKM.01,2021-03-26 15:25:00,2021-03-26 15:25:00,1,8.7,5.0
FL.BKM.01,2021-03-26 15:35:00,2021-03-28 05:45:00,459,10.9,5.0
FL.BKM.01,2021-03-28 05:55:00,2021-03-29 10:05:00,339,11.5,5.0
FL.BKM.01,2021-04-04 13:15:00,2021-04-04 13:15:00,1,5.4,5.0
FL.BKM.01,2021-05-12 12:55:00,2021-05-12 13:40:00,10,14.7,5.0
FL.BKM.01,2021-07-13 17:35:00,2021-07-13 17:35:00,1,5.9,5.0
FL.BKM.01,2021-07-13 18:00:00,2021-07-13 18:05:00,2,7.2,5.0
FL.BKM.01,2021-08-21 05:55:00,2021-08-21 09:40:00,46,37.9,5.0
FL.BKM.01,2021-08-27 14:15:00,2021-08-27 14:15:00,1,5.6,5.0
FL.BKM.01,2021-08-27 23:35:00,2021-08-28 00:05:00,7,11.1,5.0
FL.BKM.01,2021-08-31 22:25:00,2021-08-31 22:55:00,7,13.0,5.0
FL.BKM.01,2021-09-04 18:35:00,2021-09-04 18:50:00,4,9.9,5.0
FL.BKM.01,2021-09-30 14:00:00,2021-09-30 14:50:00,11,20.5,5.0
FL.BKM.01,2021-10-02 14:35:00,2021-10-02 16:00:00,18,22.3,5.0
FL.BKM.01,2021-10-08 14:45:00,2021-10-08 15:15:00,7,10.6,5.0
FL.BKM.01,2021-10-14 16:40:00,2021-10-14 17:40:00,13,15.1,5.0
FL.BKM.01,2021-10-14 20:35:00,2021-10-14 21:30:00,12,18.2,5.0
FL.BKM.01,2022-05-01 18:00:00,2022-05-01 18:15:00,4,10.8,5.0
FL.BKM.01,2022-05-01 18:35:00,2022-05-01 19:00:00,6,11.7,5.0
FL.BKM.01,2022-05-17 23:40:00,2022-05-17 23:50:00,3,7.2,5.0
FL.BKM.01,2022-05-18 00:35:00,2022-05-18 01:10:00,8,8.0,5.0
FL.BKM.01,2022-06-14 12:25:00,2022-06-14 12:25:00,1,5.3,5.0
FL.BKM.01,2022-06-24 12:00:00,2022-06-24 12:00:00,1,11.2,5.0
FL.BKM.01,2022-06-28 18:15:00,2022-06-28 19:35:00,17,17.0,5.0
FL.BKM.01,2022-07-01 19:10:00,2022-07-01 20:20:00,15,15.9,5.0
FL.BKM.01,2022-07-01 20:30:00,2022-07-01 20:35:00,2,6.8,5.0
FL.BKM.01,2022-07-06 19:40:00,2022-07-06 19:45:00,2,8.0,5.0
FL.BKM.01,2022-07-20 19:40:00,2022-07-21 07:20:00,141,31.0,5.0
FL.BKM.01,2022-07-21 07:35:00,2022-07-21 07:35:00,1,5.4,5.0
FL.BKM.01,2022-07-21 12:10:00,2022-07-21 14:45:00,32,15.9,5.0
FL.BKM.01,2022-07-28 10:50:00,2022-07-28 12:35:00,22,20.5,5.0
FL.BKM.01,2022-08-01 12:10:00,2022-08-01 15:25:00,40,20.3,5.0
FL.BKM.01,2022-08-01 22:15:00,2022-08-02 03:35:00,65,28.0,5.0
FL.BKM.01,2022-08-11 15:30:00,2022-08-11 16:20:00,11,17.3,5.0
FL.BKM.01,2022-08-15 19:15:00,2022-08-15 19:20:00,2,7.6,5.0
FL.BKM.01,2022-08-29 20:15:00,2022-08-29 20:20:00,2,6.7,5.0
FL.BKM.01,2022-09-10 00:50:00,2022-09-10 04:40:00,47,32.3,5.0
FL.BKM.01,2022-09-10 18:05:00,2022-09-10 18:25:00,5,7.2,5.0
FL.BKM.01,2022-09-10 19:05:00,2022-09-10 21:10:00,26,15.0,5.0
FL.BKM.01,2022-09-26 04:00:00,2022-09-26 05:35:00,20,24.4,5.0
FL.BKM.01,2022-09-27 12:45:00,2022-09-27 13:00:00,4,11.6,5.0
FL.BKM.01,2023-06-28 18:40:00,2023-06-28 18:55:00,4,8.8,5.0
FL.BKM.01,2023-07-05 18:40:00,2023-07-05 19:20:00,9,13.4,5.0
FL.BKM.01,2023-07-05 19:30:00,2023-07-05 19:30:00,1,5.0,5.0
FL.BKM.01,2023-07-11 09:45:00,2023-07-11 09:45:00,1,14.8,5.0
FL.BKM.01,2023-07-22 00:20:00,2023-07-22 05:35:00,64,39.4,5.0
FL.BKM.01,2023-08-13 18:00:00,2023-08-13 18:05:00,2,6.8,5.0
FL.BKM.01,2023-08-22 21:00:00,2023-08-22 21:00:00,1,5.3,5.0
FL.BKM.01,2023-08-22 21:10:00,2023-08-22 21:15:00,2,7.2,5.0
FL.BKM.01,2023-08-30 15:35:00,2023-08-30 15:35:00,1,5.0,5.0
FL.BKM.01,2023-09-21 00:25:00,2023-09-21 01:10:00,10,17.0,5.0
FL.BKM.01,2023-09-26 18:55:00,2023-09-26 18:55:00,1,7.5,5.0
FL.BKM.01,2023-09-26 19:10:00,2023-09-26 19:15:00,2,9.7,5.0
FL.BKM.01,2023-09-26 20:50:00,2023-09-26 20:55:00,2,7.2,5.0
FL.BKM.01,2023-09-28 18:35:00,2023-09-28 18:35:00,1,6.2,5.0
FL.BKM.01,2023-10-16 01:00:00,2023-10-16 01:10:00,3,6.6,5.0
FL.BKM.01,2023-10-21 19:05:00,2023-10-21 19:35:00,7,11.6,5.0
FL.BKM.01,2023-10-29 19:40:00,2023-10-29 19:50:00,3,6.5,5.0
FL.BKM.01,2023-11-05 16:20:00,2023-11-05 16:35:00,4,9.6,5.0
FL.BKM.01,2023-11-07 16:55:00,2023-11-07 17:05:00,3,7.4,5.0
FL.BKM.01,2024-05-19 20:50:00,2024-05-19 21:40:00,11,19.7,5.0
FL.BKM.01,2024-05-30 21:10:00,2024-05-30 21:20:00,3,7.2,5.0
FL.BKM.01,2024-06-17 01:30:00,2024-06-17 01:55:00,6,8.7,5.0
FL.BKM.01,2024-07-04 01:05:00,2024-07-04 01:15:00,3,7.8,5.0
FL.BKM.01,2024-08-02 14:45:00,2024-08-02 15:10:00,6,12.4,5.0
FL.BKM.01,2024-08-06 22:15:00,2024-08-06 23:05:00,11,17.9,5.0
FL.BKM.01,2024-08-20 00:20:00,2024-08-20 04:25:00,50,32.5,5.0
FL.BKM.01,2024-09-14 19:35:00,2024-09-14 19:40:00,2,7.1,5.0
FL.BKM.01,2024-09-18 17:30:00,2024-09-18 17:35:00,2,6.1,5.0
FL.BKM.01,2024-10-18 16:45:00,2024-10-18 17:40:00,12,18.0,5.0
FL.BKM.01,2025-04-11 13:35:00,2025-04-11 13:40:00,2,7.4,5.0
FL.BKM.01,2025-04-15 17:50:00,2025-04-15 18:40:00,11,15.8,5.0
FL.BKM.01,2025-05-01 03:10:00,2025-05-01 03:15:00,2,5.1,5.0
FL.BKM.01,2025-05-01 03:50:00,2025-05-01 03:50:00,1,5.0,5.0
FL.BKM.01,2025-05-10 17:50:00,2025-05-10 23:35:00,70,33.8,5.0
FL.BKM.01,2025-05-21 10:00:00,2025-05-21 11:40:00,21,21.9,5.0
FL.BKM.01,2025-05-21 11:50:00,2025-05-21 11:50:00,1,7.2,5.0
FL.BKM.01,2025-07-13 19:10:00,2025-07-13 19:40:00,7,12.9,5.0
FL.BKM.01,2025-07-14 19:05:00,2025-07-14 19:05:00,1,7.0,5.0
FL.BKM.01,2025-08-25 12:30:00,2025-08-25 12:35:00,2,15.1,5.0
FL.BKM.01,2025-09-06 15:45:00,2025-09-06 17:15:00,19,17.3,5.0
FL.BKM.01,2025-09-06 17:35:00,2025-09-06 17:35:00,1,5.0,5.0
FL.BKM.01,2025-09-08 12:25:00,2025-09-08 12:25:00,1,14.2,5.0
FL.BKM.01,2025-09-14 14:15:00,2025-09-14 15:20:00,14,19.7,5.0
FL.BKM.01,2025-09-14 15:30:00,2025-09-14 15:30:00,1,5.8,5.0
FL.BKM.01,2025-09-17 03:10:00,2025-09-17 03:45:00,8,12.1,5.0
FL.BKM.01,2025-11-01 17:40:00,2025-11-01 17:50:00,3,6.7,5.0
FL.BKM.01,2025-11-03 18:25:00,2025-11-03 19:10:00,10,13.2,5.0
FL.BKM.01,2025-11-03 19:35:00,2025-11-03 19:35:00,1,5.8,5.0
FL.BKM.01,2025-11-13 01:35:00,2025-11-13 02:30:00,12,20.5,5.0
FL.BKM.02,2019-01-23 11:00:00,2019-01-23 11:00:00,1,63.0,5.0
FL.BKM.02,2019-05-22 18:50:00,2019-05-22 19:15:00,6,7.8,5.0
FL.BKM.02,2020-04-29 12:25:00,2020-04-29 12:30:00,2,5.5,5.0
FL.BKM.02,2020-06-24 10:20:00,2020-06-24 10:25:00,2,17.3,5.0
FL.BKM.02,2020-08-28 17:10:00,2020-08-28 18:05:00,12,16.0,5.0
FL.BKM.02,2020-10-02 19:15:00,2020-10-02 19:55:00,9,8.8,5.0
FL.BKM.02,2021-02-24 15:45:00,2021-02-24 15:45:00,1,18.2,5.0
FL.BKM.02,2021-04-04 13:20:00,2021-04-04 13:20:00,1,5.2,5.0
FL.BKM.02,2021-04-28 10:50:00,2021-04-28 10:55:00,2,6.5,5.0
FL.BKM.02,2021-07-17 16:45:00,2021-07-17 16:50:00,2,6.0,5.0
FL.BKM.02,2021-07-17 18:20:00,2021-07-17 19:05:00,10,9.2,5.0
FL.BKM.02,2021-07-25 14:35:00,2021-07-25 14:35:00,1,5.8,5.0
FL.BKM.02,2021-07-28 14:30:00,2021-07-28 14:35:00,2,5.7,5.0
FL.BKM.02,2021-07-30 16:05:00,2021-07-30 16:10:00,2,5.6,5.0
FL.BKM.02,2021-08-12 20:20:00,2021-08-12 20:30:00,3,6.2,5.0
FL.BKM.02,2021-08-14 18:55:00,2021-08-14 19:05:00,3,6.5,5.0
FL.BKM.02,2021-08-21 05:25:00,2021-08-21 05:35:00,3,7.4,5.0
FL.BKM.02,2021-08-21 05:45:00,2021-08-21 09:05:00,41,26.9,5.0
FL.BKM.02,2021-08-27 11:50:00,2021-08-27 12:00:00,3,6.0,5.0
FL.BKM.02,2021-08-27 13:05:00,2021-08-27 13:10:00,2,6.2,5.0
FL.BKM.02,2021-08-27 23:15:00,2021-08-27 23:15:00,1,5.0,5.0
FL.BKM.02,2021-08-31 21:20:00,2021-08-31 21:55:00,8,8.6,5.0
FL.BKM.02,2021-09-04 16:50:00,2021-09-04 17:00:00,3,6.6,5.0
FL.BKM.02,2021-09-04 18:05:00,2021-09-04 18:20:00,4,6.5,5.0
FL.BKM.02,2021-09-10 15:30:00,2021-09-10 15:30:00,1,5.1,5.0
FL.BKM.02,2021-10-02 14:30:00,2021-10-02 16:15:00,22,23.9,5.0
FL.BKM.02,2021-10-14 16:20:00,2021-10-14 16:30:00,3,6.4,5.0
FL.BKM.02,2021-10-14 16:45:00,2021-10-14 17:55:00,15,10.2,5.0
FL.BKM.02,2021-11-20 05:10:00,2021-11-20 05:10:00,1,5.2,5.0
FL.BKM.02,2021-11-20 05:20:00,2021-11-20 05:20:00,1,5.7,5.0
FL.BKM.02,2022-05-01 17:50:00,2022-05-01 19:10:00,17,10.6,5.0
FL.BKM.02,2022-05-17 23:15:00,2022-05-18 02:20:00,38,15.3,5.0
FL.BKM.02,2022-06-14 12:20:00,2022-06-14 13:15:00,12,11.7,5.0
FL.BKM.02,2022-06-28 18:10:00,2022-06-28 18:10:00,1,5.2,5.0
FL.BKM.02,2022-07-20 19:50:00,2022-07-20 21:20:00,19,17.1,5.0
FL.BKM.02,2022-08-01 12:25:00,2022-08-01 14:45:00,29,20.0,5.0
FL.BKM.02,2022-09-10 18:15:00,2022-09-10 18:15:00,1,5.1,5.0
FL.BKM.02,2022-09-10 19:15:00,2022-09-10 20:25:00,15,13.6,5.0
FL.BKM.02,2022-09-27 12:35:00,2022-09-27 13:00:00,6,24.8,5.0
FL.BKM.02,2022-09-27 13:25:00,2022-09-27 13:25:00,1,16.6,5.0
FL.BKM.02,2022-11-11 12:15:00,2022-11-11 14:00:00,22,6.3,5.0
FL.BKM.02,2023-07-01 03:00:00,2023-07-01 03:00:00,1,5.6,5.0
FL.BKM.02,2023-07-22 00:05:00,2023-07-22 03:50:00,46,30.0,5.0
FL.BKM.02,2023-09-21 00:20:00,2023-09-21 01:10:00,11,11.4,5.0
FL.BKM.02,2023-09-28 18:35:00,2023-09-28 18:35:00,1,5.1,5.0
FL.BKM.02,2024-08-02 14:30:00,2024-08-02 14:30:00,1,5.4,5.0
FL.BKM.02,2024-08-06 22:20:00,2024-08-06 23:45:00,18,16.5,5.0
FL.BKM.02,2024-08-20 00:30:00,2024-08-20 02:40:00,27,22.9,5.0
FL.BKM.02,2024-09-14 19:25:00,2024-09-14 20:05:00,9,9.1,5.0
FL.BKM.02,2025-05-10 18:00:00,2025-05-10 20:10:00,27,21.8,5.0
FL.BKM.02,2025-05-21 10:00:00,2025-05-21 11:40:00,21,19.7,5.0
FL.BKN.01,2019-05-27 09:50:00,2019-05-27 09:50:00,1,27.3,5.0
FL.BKN.01,2019-06-07 14:35:00,2019-06-07 16:45:00,27,27.1,5.0
FL.BKN.01,2019-06-15 21:40:00,2019-06-15 22:05:00,6,14.8,5.0
FL.BKN.01,2019-07-15 17:40:00,2019-07-15 19:05:00,18,25.7,5.0
FL.BKN.01,2019-08-20 16:05:00,2019-08-20 16:20:00,4,12.5,5.0
FL.BKN.01,2019-09-14 18:05:00,2019-09-14 18:50:00,10,17.2,5.0
FL.BKN.01,2019-09-18 21:00:00,2019-09-18 21:30:00,7,15.0,5.0
FL.BKN.01,2019-09-21 02:45:00,2019-09-21 03:00:00,4,10.1,5.0
FL.BKN.01,2019-09-21 13:25:00,2019-09-21 13:40:00,4,6.6,5.0
FL.BKN.01,2020-04-25 12:45:00,2020-04-25 13:15:00,7,13.6,5.0
FL.BKN.01,2020-07-28 01:15:00,2020-07-28 01:35:00,5,11.4,5.0
FL.BKN.01,2020-08-30 14:25:00,2020-08-30 14:40:00,4,9.8,5.0
FL.BKN.01,2020-09-01 03:35:00,2020-09-01 03:45:00,3,8.5,5.0
FL.BKN.01,2020-09-01 05:05:00,2020-09-01 05:10:00,2,7.1,5.0
FL.BKN.01,2020-09-01 05:25:00,2020-09-01 06:30:00,14,22.6,5.0
FL.BKN.01,2020-10-02 16:40:00,2020-10-02 16:50:00,3,11.5,5.0
FL.BKN.01,2020-10-02 18:05:00,2020-10-02 19:00:00,12,19.9,5.0
FL.BKN.01,2020-10-03 12:00:00,2020-10-03 12:35:00,8,13.7,5.0
FL.BKN.01,2020-10-06 15:30:00,2020-10-06 15:35:00,2,7.5,5.0
FL.BKN.01,2021-02-22 12:00:00,2021-02-22 12:00:00,1,11.8,5.0
FL.BKN.01,2021-07-01 22:10:00,2021-07-02 00:00:00,23,21.6,5.0
FL.BKN.01,2021-07-02 17:45:00,2021-07-02 18:05:00,5,8.9,5.0
FL.BKN.01,2021-08-28 10:55:00,2021-08-28 11:45:00,11,13.9,5.0
FL.BKN.01,2021-09-19 16:05:00,2021-09-19 16:25:00,5,8.9,5.0
FL.BKN.01,2021-09-27 13:15:00,2021-09-27 13:15:00,1,10.1,5.0
FL.BKN.01,2021-10-17 01:50:00,2021-10-17 01:55:00,2,6.8,5.0
FL.BKN.01,2021-10-30 15:00:00,2021-10-30 15:00:00,1,5.5,5.0
FL.BKN.01,2021-11-21 06:50:00,2021-11-21 07:55:00,14,18.0,5.0
FL.BKN.01,2022-02-14 11:30:00,2022-02-14 12:15:00,10,16.2,5.0
FL.BKN.01,2022-04-26 11:35:00,2022-04-26 12:55:00,17,19.7,5.0
FL.BKN.01,2022-04-30 15:00:00,2022-04-30 16:00:00,13,19.6,5.0
FL.BKN.01,2022-05-17 22:15:00,2022-05-18 01:40:00,42,21.5,5.0
FL.BKN.01,2022-06-08 15:30:00,2022-06-08 16:15:00,10,17.9,5.0
FL.BKN.01,2022-06-16 08:50:00,2022-06-16 08:50:00,1,12.4,5.0
FL.BKN.01,2022-06-28 17:25:00,2022-06-28 19:05:00,21,17.1,5.0
FL.BKN.01,2022-07-01 18:55:00,2022-07-01 20:20:00,18,16.9,5.0
FL.BKN.01,2022-08-01 11:20:00,2022-08-01 13:05:00,22,17.8,5.0
FL.BKN.01,2022-08-15 19:45:00,2022-08-15 20:00:00,4,9.2,5.0
FL.BKN.01,2022-09-13 15:10:00,2022-09-13 22:40:00,91,6.2,5.0
FL.BKN.01,2022-09-13 23:45:00,2022-09-14 00:00:00,4,5.1,5.0
FL.BKN.01,2022-09-14 00:40:00,2022-09-14 00:40:00,1,5.0,5.0
FL.BKN.01,2022-10-03 15:20:00,2022-10-03 15:30:00,3,5.7,5.0
FL.BKN.01,2022-10-07 16:20:00,2022-10-07 17:15:00,12,11.8,5.0
FL.BKN.01,2023-10-03 17:05:00,2023-10-03 18:25:00,17,15.0,5.0
FL.BKN.01,2023-11-10 18:10:00,2023-11-10 18:25:00,4,8.2,5.0
FL.BKN.01,2024-03-20 08:10:00,2024-03-20 08:40:00,7,10.6,5.0
FL.BKN.01,2024-10-22 16:00:00,2024-10-22 17:00:00,13,14.1,5.0
FL.BKN.01,2025-09-04 20:00:00,2025-09-04 20:05:00,2,6.0,5.0
FL.BKN.01,2025-09-06 16:50:00,2025-09-06 17:00:00,3,5.8,5.0
FL.BKN.01,2025-09-14 15:10:00,2025-09-14 15:35:00,6,7.7,5.0
FL.BKN.01,2025-10-12 14:25:00,2025-10-12 15:15:00,11,8.4,5.0
FL.BKN.01,2025-10-12 15:30:00,2025-10-12 15:30:00,1,5.0,5.0
FL.BKN.01,2025-11-13 02:45:00,2025-11-13 04:00:00,16,16.2,5.0
FL.BKN.02,2019-06-07 14:35:00,2019-06-07 17:00:00,30,21.2,5.0
FL.BKN.02,2019-07-15 17:50:00,2019-07-15 18:05:00,4,8.5,5.0
FL.BKN.02,2019-11-03 21:15:00,2019-11-03 21:15:00,1,5.1,5.0
FL.BKN.02,2020-07-01 18:05:00,2020-07-01 18:35:00,7,12.9,5.0
FL.BKN.02,2020-07-24 15:40:00,2020-07-24 15:40:00,1,6.0,5.0
FL.BKN.02,2020-07-28 01:30:00,2020-07-28 01:35:00,2,7.2,5.0
FL.BKN.02,2020-08-30 14:30:00,2020-08-30 15:10:00,9,7.2,5.0
FL.BKN.02,2020-09-01 03:45:00,2020-09-01 03:50:00,2,6.8,5.0
FL.BKN.02,2020-09-01 05:20:00,2020-09-01 06:55:00,20,24.3,5.0
FL.BKN.02,2020-09-06 03:05:00,2020-09-06 03:35:00,7,8.7,5.0
FL.BKN.02,2020-10-01 21:35:00,2020-10-01 21:50:00,4,7.5,5.0
FL.BKN.02,2021-04-08 15:35:00,2021-04-08 15:35:00,1,10.5,5.0
FL.BKN.02,2021-06-29 18:10:00,2021-06-29 18:15:00,2,5.8,5.0
FL.BKN.02,2021-07-01 22:40:00,2021-07-01 23:05:00,6,9.9,5.0
FL.BKN.02,2022-02-04 19:00:00,2022-02-04 19:20:00,5,8.7,5.0
FL.BKN.02,2022-05-17 22:25:00,2022-05-17 23:00:00,8,7.9,5.0
FL.BKN.02,2022-06-24 20:05:00,2022-06-24 20:45:00,9,10.7,5.0
FL.BKN.02,2022-07-01 19:05:00,2022-07-01 19:40:00,8,15.3,5.0
FL.BKN.02,2022-07-20 18:55:00,2022-07-20 19:00:00,2,6.3,5.0
FL.BKN.02,2022-07-20 21:15:00,2022-07-20 21:15:00,1,6.0,5.0
FL.BKN.02,2022-08-01 11:50:00,2022-08-01 12:50:00,13,7.1,5.0
FL.BKN.02,2022-08-01 13:05:00,2022-08-01 13:10:00,2,6.5,5.0
FL.BKN.02,2022-09-04 20:05:00,2022-09-04 20:15:00,3,7.2,5.0
FL.BKN.02,2022-09-10 18:30:00,2022-09-10 19:30:00,13,10.2,5.0
FL.BKN.02,2022-09-10 19:40:00,2022-09-10 20:05:00,6,7.2,5.0
FL.BKN.02,2022-09-21 22:25:00,2022-09-21 22:40:00,4,5.8,5.0
FL.BKN.02,2022-09-23 19:20:00,2022-09-23 19:40:00,5,7.8,5.0
FL.BKN.02,2022-10-03 15:15:00,2022-10-03 15:20:00,2,6.6,5.0
FL.BKN.02,2022-10-03 15:30:00,2022-10-03 16:40:00,15,7.1,5.0
FL.BKN.02,2022-10-03 16:50:00,2022-10-03 17:05:00,4,5.7,5.0
FL.BKN.02,2022-10-07 16:15:00,2022-10-07 17:50:00,20,14.3,5.0
FL.BKN.02,2022-10-07 18:00:00,2022-10-07 19:40:00,21,8.9,5.0
FL.BKN.02,2022-10-09 19:15:00,2022-10-09 19:45:00,7,9.9,5.0
FL.BKN.02,2022-11-15 21:00:00,2022-11-15 21:00:00,1,6.2,5.0
FL.BKN.02,2022-11-23 20:35:00,2022-11-23 21:10:00,8,7.1,5.0
FL.BKN.02,2022-11-25 15:50:00,2022-11-25 16:00:00,3,6.8,5.0
FL.BKN.02,2022-12-02 02:10:00,2022-12-02 02:30:00,5,7.0,5.0
FL.BKN.02,2023-05-11 11:55:00,2023-05-11 11:55:00,1,5.6,5.0
FL.BKN.02,2023-08-20 18:55:00,2023-08-20 18:55:00,1,6.2,5.0
FL.BKN.02,2023-09-24 12:10:00,2023-09-24 12:15:00,2,7.2,5.0
FL.BKN.02,2023-09-26 20:00:00,2023-09-26 20:35:00,8,7.3,5.0
FL.BKN.02,2023-09-28 19:20:00,2023-09-28 20:50:00,19,7.7,5.0
FL.BKN.02,2023-10-03 16:55:00,2023-10-03 18:05:00,15,9.1,5.0
FL.BKN.02,2023-10-03 18:15:00,2023-10-03 18:25:00,3,5.1,5.0
FL.BKP.01,2019-02-14 13:05:00,2019-02-14 13:05:00,1,21.6,5.0
FL.BKP.01,2020-07-15 03:50:00,2020-07-15 03:50:00,1,5.0,5.0
FL.BKP.01,2021-05-18 13:10:00,2021-05-18 13:10:00,1,8.6,5.0
FL.BKP.01,2021-07-15 13:45:00,2021-07-15 13:45:00,1,9.7,5.0
FL.BKP.01,2022-09-29 08:05:00,2022-09-29 09:00:00,12,6.9,5.0
FL.BKP.01,2023-02-15 16:05:00,2023-02-15 16:35:00,7,5.1,5.0
FL.BKP.02,2019-01-22 10:45:00,2019-01-22 10:45:00,1,22.9,5.0
FL.BKP.02,2019-03-16 06:05:00,2019-03-16 06:10:00,2,8.0,5.0
FL.BKP.02,2019-05-30 00:55:00,2019-05-30 01:20:00,6,15.3,5.0
FL.BKP.02,2019-06-15 22:40:00,2019-06-15 22:45:00,2,8.0,5.0
FL.BKP.02,2021-03-09 14:30:00,2021-03-09 15:10:00,9,7.7,5.0
FL.BKP.02,2021-04-15 15:10:00,2021-04-15 16:45:00,20,15.1,5.0
FL.BKP.02,2021-04-20 09:30:00,2021-04-20 09:30:00,1,5.0,5.0
FL.BKP.02,2021-04-25 05:40:00,2021-04-25 07:55:00,28,18.1,5.0
FL.BKP.02,2021-04-27 13:35:00,2021-04-27 14:20:00,10,12.7,5.0
FL.BKP.02,2021-05-19 03:45:00,2021-05-19 03:45:00,1,5.1,5.0
FL.BKP.02,2021-05-19 18:40:00,2021-05-19 21:45:00,38,32.6,5.0
FL.BKP.02,2021-06-05 02:25:00,2021-06-05 02:55:00,7,11.5,5.0
FL.BKP.02,2021-06-28 17:45:00,2021-06-28 18:00:00,4,6.5,5.0
FL.BKP.02,2021-07-02 18:00:00,2021-07-02 19:55:00,24,21.0,5.0
FL.BKP.02,2021-07-13 17:35:00,2021-07-13 19:15:00,21,19.5,5.0
FL.BKP.02,2021-07-17 18:35:00,2021-07-17 19:25:00,11,13.8,5.0
FL.BKP.02,2021-08-11 23:30:00,2021-08-12 00:20:00,11,16.0,5.0
FL.BKP.02,2021-08-21 05:50:00,2021-08-21 07:35:00,22,16.9,5.0
FL.BKP.02,2021-08-21 07:45:00,2021-08-21 07:55:00,3,5.7,5.0
FL.BKP.02,2021-08-27 14:05:00,2021-08-27 15:45:00,21,18.0,5.0
FL.BKP.02,2021-08-27 23:30:00,2021-08-28 00:25:00,12,20.8,5.0
FL.BKP.02,2021-08-28 04:00:00,2021-08-28 13:40:00,117,10.0,5.0
FL.BKP.02,2021-08-31 22:15:00,2021-08-31 23:35:00,17,17.8,5.0
FL.BKP.02,2021-10-02 15:15:00,2021-10-02 16:35:00,17,25.6,5.0
FL.BKP.02,2021-10-17 02:40:00,2021-10-17 03:45:00,14,9.7,5.0
FL.BKP.02,2021-12-03 11:50:00,2021-12-03 11:50:00,1,10.9,5.0
FL.BKP.02,2022-01-22 10:40:00,2022-01-22 11:00:00,5,9.8,5.0
FL.BKP.02,2022-01-22 11:50:00,2022-01-22 12:25:00,8,9.2,5.0
FL.BKP.02,2022-05-17 16:00:00,2022-05-17 16:35:00,8,14.4,5.0
FL.BKP.02,2022-06-16 11:35:00,2022-06-16 11:50:00,4,8.8,5.0
FL.BKP.02,2022-07-20 19:25:00,2022-07-20 19:25:00,1,5.5,5.0
FL.BKP.02,2022-07-20 20:05:00,2022-07-20 20:10:00,2,7.1,5.0
FL.BKP.02,2022-07-20 22:35:00,2022-07-20 22:35:00,1,6.9,5.0
FL.BKP.02,2022-07-20 22:45:00,2022-07-20 23:00:00,4,7.5,5.0
FL.BKP.02,2022-08-01 22:25:00,2022-08-01 22:25:00,1,6.3,5.0
FL.BKP.02,2022-08-15 18:25:00,2022-08-15 18:45:00,5,7.2,5.0
FL.BKP.02,2022-08-15 19:20:00,2022-08-15 19:30:00,3,6.0,5.0
FL.BKP.02,2022-09-07 21:45:00,2022-09-07 22:10:00,6,17.5,5.0
FL.BKP.02,2022-09-10 19:30:00,2022-09-10 20:15:00,10,9.4,5.0
FL.BKP.02,2022-09-13 14:30:00,2022-09-13 17:30:00,37,32.7,5.0
FL.BKP.02,2022-09-21 17:15:00,2022-09-21 17:35:00,5,11.9,5.0
FL.BKP.02,2022-09-22 21:40:00,2022-09-22 21:55:00,4,8.8,5.0
FL.BKP.02,2023-07-20 16:50:00,2023-07-20 17:00:00,3,8.2,5.0
FL.BKP.02,2023-07-22 00:15:00,2023-07-22 00:50:00,8,24.3,5.0
FL.BKP.02,2024-08-19 22:45:00,2024-08-19 23:00:00,4,14.8,5.0
FL.BKP.02,2024-08-20 00:20:00,2024-08-20 00:25:00,2,8.5,5.0
FL.BKP.02,2025-04-11 13:05:00,2025-04-11 13:10:00,2,6.5,5.0
FL.BKP.02,2025-05-10 17:50:00,2025-05-10 17:55:00,2,13.9,5.0
FL.BKP.02,2025-06-09 00:45:00,2025-06-09 00:55:00,3,10.2,5.0
FL.BKT.01,2021-09-29 13:40:00,2021-09-29 13:40:00,1,10.0,5.0
FL.BNA.01,2020-06-09 12:25:00,2020-06-09 12:25:00,1,16.4,5.0
FL.BNA.01,2020-10-05 02:25:00,2020-10-05 03:25:00,13,14.4,5.0
FL.BNA.01,2020-10-31 16:35:00,2020-10-31 16:40:00,2,8.9,5.0
FL.BNA.01,2021-02-27 11:15:00,2021-02-27 11:35:00,5,15.1,5.0
FL.BNA.01,2021-03-08 12:15:00,2021-03-08 12:15:00,1,5.1,5.0
FL.BNA.01,2021-08-03 13:45:00,2021-08-03 13:45:00,1,7.9,5.0
FL.BNA.01,2021-08-21 07:10:00,2021-08-21 07:20:00,3,7.4,5.0
FL.BNA.01,2021-09-08 02:40:00,2021-09-08 03:10:00,7,13.2,5.0
FL.BNA.01,2021-10-15 06:05:00,2021-10-15 06:25:00,5,7.4,5.0
FL.BNA.01,2022-01-04 11:40:00,2022-01-04 11:45:00,2,10.5,5.0
FL.BNA.01,2022-08-15 20:30:00,2022-08-15 20:45:00,4,7.4,5.0
FL.BNA.01,2022-10-23 01:00:00,2022-10-23 01:05:00,2,7.5,5.0
FL.BNA.01,2022-10-23 01:15:00,2022-10-23 01:20:00,2,5.1,5.0
FL.BNA.01,2023-09-21 17:35:00,2023-09-21 18:45:00,15,19.7,5.0
FL.BNA.01,2024-07-16 12:00:00,2024-07-16 12:00:00,1,9.6,5.0
FL.BNA.01,2024-10-30 00:10:00,2024-10-30 00:35:00,6,9.7,5.0
FL.BNA.01,2025-09-27 18:50:00,2025-09-27 18:55:00,2,7.3,5.0
FL.BNA.01,2025-11-01 21:10:00,2025-11-01 22:15:00,14,9.1,5.0
FL.BNA.02,2019-07-09 12:55:00,2019-07-09 12:55:00,1,27.5,5.0
FL.BNA.02,2019-09-19 20:15:00,2019-09-20 14:40:00,222,33.2,5.0
FL.BNA.02,2020-10-04 01:15:00,2020-10-04 02:10:00,12,8.9,5.0
FL.BNA.02,2021-02-16 13:15:00,2021-02-16 13:15:00,1,5.7,5.0
FL.BNA.02,2021-03-08 15:00:00,2021-03-08 15:05:00,2,10.8,5.0
FL.BNA.02,2021-04-23 15:25:00,2021-04-23 15:25:00,1,10.1,5.0
FL.BNA.02,2021-05-19 19:25:00,2021-05-19 21:45:00,29,19.1,5.0
FL.BNA.02,2021-07-12 10:15:00,2021-07-12 10:15:00,1,6.4,5.0
FL.BNA.02,2021-09-02 12:15:00,2021-09-02 12:15:00,1,10.1,5.0
FL.BNA.02,2022-05-17 23:55:00,2022-05-18 02:25:00,31,9.2,5.0
FL.BNA.02,2022-07-20 21:55:00,2022-07-22 02:10:00,340,25.1,5.0
FL.BNA.02,2022-10-03 15:30:00,2022-10-03 15:35:00,2,5.5,5.0
FL.BNA.02,2022-10-03 15:45:00,2022-10-03 18:00:00,28,9.8,5.0
FL.BNA.02,2022-10-03 18:10:00,2022-10-03 18:15:00,2,5.5,5.0
FL.BNA.02,2022-10-03 18:25:00,2022-10-03 18:25:00,1,5.1,5.0
FL.BNA.02,2023-11-10 17:25:00,2023-11-10 17:25:00,1,5.0,5.0
FL.BNA.02,2025-09-27 18:40:00,2025-09-28 02:40:00,97,15.2,5.0
FL.BNA.03,2019-01-09 19:30:00,2019-01-09 19:45:00,4,35.3,5.0
FL.BNA.03,2019-01-10 11:05:00,2019-01-10 11:05:00,1,17.8,5.0
FL.BNA.03,2019-01-10 12:35:00,2019-01-10 12:35:00,1,23.8,5.0
FL.BNA.03,2019-01-11 11:30:00,2019-01-11 11:30:00,1,9.5,5.0
FL.BNA.03,2019-01-11 11:40:00,2019-01-11 11:40:00,1,6.7,5.0
FL.BNA.03,2019-04-03 02:15:00,2019-04-03 02:35:00,5,7.8,5.0
FL.BNA.03,2019-04-23 00:15:00,2019-04-23 01:05:00,11,9.0,5.0
FL.BNA.03,2019-04-30 22:40:00,2019-04-30 23:25:00,10,8.0,5.0
FL.BNA.03,2019-05-13 20:45:00,2019-05-13 21:40:00,12,8.0,5.0
FL.BNA.03,2019-05-14 17:55:00,2019-05-14 19:20:00,18,9.6,5.0
FL.BNA.03,2019-05-16 05:15:00,2019-05-16 06:20:00,14,9.3,5.0
FL.BNA.03,2019-05-19 02:40:00,2019-05-19 02:55:00,4,5.5,5.0
FL.BNA.03,2019-05-22 18:55:00,2019-05-22 19:35:00,9,7.6,5.0
FL.BNA.03,2019-05-28 21:15:00,2019-05-28 21:35:00,5,6.3,5.0
FL.BNA.03,2019-06-01 02:05:00,2019-06-01 03:10:00,14,6.7,5.0
FL.BNA.03,2019-06-11 12:15:00,2019-06-11 12:30:00,4,6.8,5.0
FL.BNA.03,2019-06-16 15:30:00,2019-06-16 16:10:00,9,8.7,5.0
FL.BNA.03,2019-06-24 22:15:00,2019-06-24 23:40:00,18,21.5,5.0
FL.BNA.03,2019-06-27 16:05:00,2019-06-27 16:05:00,1,5.0,5.0
FL.BNA.03,2019-07-01 05:30:00,2019-07-01 06:15:00,10,6.7,5.0
FL.BNA.03,2019-07-06 12:00:00,2019-07-06 12:30:00,7,8.2,5.0
FL.BNA.03,2019-07-09 19:35:00,2019-07-09 19:55:00,5,7.6,5.0
FL.BNA.03,2019-07-13 00:40:00,2019-07-13 02:05:00,18,11.2,5.0
FL.BNA.03,2019-07-23 18:20:00,2019-07-23 19:10:00,11,7.5,5.0
FL.BNA.03,2019-07-24 16:00:00,2019-07-24 16:30:00,7,7.3,5.0
FL.BNA.03,2019-08-05 04:40:00,2019-08-05 05:05:00,6,9.3,5.0
FL.BNA.03,2019-08-06 23:35:00,2019-08-07 00:25:00,11,8.2,5.0
FL.BNA.03,2019-09-03 13:50:00,2019-09-03 14:20:00,7,8.3,5.0
FL.BNA.03,2019-09-08 17:05:00,2019-09-08 18:00:00,12,9.1,5.0
FL.BNA.03,2019-09-15 23:50:00,2019-09-16 00:20:00,7,8.7,5.0
FL.BNA.03,2019-09-16 14:40:00,2019-09-16 15:05:00,6,9.0,5.0
FL.BNA.03,2019-09-18 20:35:00,2019-09-18 20:55:00,5,10.7,5.0
FL.BNA.03,2019-09-19 20:00:00,2019-09-19 21:45:00,22,10.2,5.0
FL.BNA.03,2019-09-19 21:55:00,2019-09-19 21:55:00,1,5.0,5.0
FL.BNA.03,2019-09-20 06:10:00,2019-09-20 07:05:00,12,11.6,5.0
FL.BNA.03,2019-09-21 11:30:00,2019-09-21 12:10:00,9,9.5,5.0
FL.BNA.03,2019-09-22 11:55:00,2019-09-22 13:05:00,15,6.0,5.0
FL.BNA.03,2019-10-05 11:55:00,2019-10-05 14:15:00,29,50.3,5.0
FL.BNA.03,2019-10-10 15:00:00,2019-10-10 15:15:00,4,8.1,5.0
FL.BNA.03,2019-10-13 21:05:00,2019-10-13 21:30:00,6,9.1,5.0
FL.BNA.03,2019-10-14 07:45:00,2019-10-14 07:45:00,1,5.4,5.0
FL.BNA.03,2019-10-27 18:50:00,2019-10-27 19:10:00,5,10.2,5.0
FL.BNA.03,2020-04-13 14:10:00,2020-04-13 14:25:00,4,8.3,5.0
FL.BNA.03,2020-04-30 13:10:00,2020-04-30 13:40:00,7,9.2,5.0
FL.BNA.03,2020-05-18 06:40:00,2020-05-18 06:45:00,2,6.2,5.0
FL.BNA.03,2020-05-24 23:00:00,2020-05-24 23:15:00,4,6.6,5.0
FL.BNA.03,2020-05-29 21:30:00,2020-05-29 22:10:00,9,8.8,5.0
FL.BNA.03,2020-05-31 01:10:00,2020-05-31 02:15:00,14,10.4,5.0
FL.BNA.03,2020-05-31 15:25:00,2020-05-31 15:55:00,7,9.3,5.0
FL.BNA.03,2020-06-01 03:45:00,2020-06-01 04:40:00,12,8.6,5.0
FL.BNA.03,2020-06-02 20:15:00,2020-06-02 21:20:00,14,9.2,5.0
FL.BNA.03,2020-06-15 00:15:00,2020-06-15 00:30:00,4,7.0,5.0
FL.BNA.03,2020-06-15 04:05:00,2020-06-15 05:05:00,13,9.5,5.0
FL.BNA.03,2020-06-16 01:30:00,2020-06-16 02:10:00,9,8.9,5.0
FL.BNA.03,2020-06-17 15:20:00,2020-06-17 17:15:00,24,10.4,5.0
FL.BNA.03,2020-06-18 00:00:00,2020-06-18 07:05:00,86,14.0,5.0
FL.BNA.03,2020-06-18 22:55:00,2020-06-18 23:20:00,6,6.3,5.0
FL.BNA.03,2020-06-22 04:10:00,2020-06-22 05:15:00,14,10.3,5.0
FL.BNA.03,2020-07-02 16:00:00,2020-07-02 16:40:00,9,10.0,5.0
FL.BNA.03,2020-07-03 17:40:00,2020-07-03 18:00:00,5,6.4,5.0
FL.BNA.03,2020-07-07 00:00:00,2020-07-07 00:05:00,2,5.8,5.0
FL.BNA.03,2020-07-08 07:45:00,2020-07-08 08:10:00,6,6.8,5.0
FL.BNA.03,2020-07-13 00:05:00,2020-07-13 00:10:00,2,6.4,5.0
FL.BNA.03,2020-07-23 01:45:00,2020-07-23 02:15:00,7,9.6,5.0
FL.BNA.03,2020-07-24 16:10:00,2020-07-24 16:35:00,6,9.6,5.0
FL.BNA.03,2020-07-25 13:15:00,2020-07-25 13:40:00,6,10.1,5.0
FL.BNA.03,2020-07-29 18:25:00,2020-07-29 19:05:00,9,9.8,5.0
FL.BNA.03,2020-07-30 05:05:00,2020-07-30 07:15:00,27,7.2,5.0
FL.BNA.03,2020-08-12 17:50:00,2020-08-12 18:15:00,6,8.8,5.0
FL.BNA.03,2020-08-14 15:40:00,2020-08-14 16:25:00,10,8.7,5.0
FL.BNA.03,2020-08-14 22:30:00,2020-08-15 07:10:00,105,24.7,5.0
FL.BNA.03,2020-08-19 01:30:00,2020-08-19 02:00:00,7,10.2,5.0
FL.BNA.03,2020-08-22 19:55:00,2020-08-22 19:55:00,1,5.0,5.0
FL.BNA.03,2020-08-28 17:05:00,2020-08-28 18:30:00,18,9.9,5.0
FL.BNA.03,2020-08-31 00:50:00,2020-08-31 01:25:00,8,10.4,5.0
FL.BNA.03,2020-08-31 06:35:00,2020-08-31 06:50:00,4,9.2,5.0
FL.BNA.03,2020-09-01 02:15:00,2020-09-01 02:35:00,5,8.2,5.0
FL.BNA.03,2020-09-01 03:35:00,2020-09-01 03:45:00,3,6.3,5.0
FL.BNA.03,2020-09-01 04:15:00,2020-09-01 06:05:00,23,27.0,5.0
FL.BNA.03,2020-09-01 06:15:00,2020-09-01 06:45:00,7,8.3,5.0
FL.BNA.03,2020-09-02 20:00:00,2020-09-02 20:55:00,12,7.8,5.0
FL.BNA.03,2020-09-05 05:05:00,2020-09-05 06:20:00,16,9.9,5.0
FL.BNA.03,2020-09-14 11:20:00,2020-09-14 12:05:00,10,9.0,5.0
FL.BNA.03,2020-09-15 01:35:00,2020-09-15 02:35:00,13,20.6,5.0
FL.BNA.03,2020-09-16 00:15:00,2020-09-16 00:50:00,8,8.7,5.0
FL.BNA.03,2020-09-20 07:20:00,2020-09-20 07:35:00,4,8.8,5.0
FL.BNA.03,2020-09-23 16:00:00,2020-09-23 16:35:00,8,7.2,5.0
FL.BNA.03,2020-09-27 21:05:00,2020-09-27 21:50:00,10,10.5,5.0
FL.BNA.03,2020-09-28 21:00:00,2020-09-28 21:10:00,3,5.2,5.0
FL.BNA.03,2020-09-28 21:35:00,2020-09-28 21:55:00,5,8.4,5.0
FL.BNA.03,2020-09-29 20:40:00,2020-09-29 20:55:00,4,7.9,5.0
FL.BNA.03,2020-10-02 18:25:00,2020-10-02 18:55:00,7,10.0,5.0
FL.BNA.03,2020-10-03 23:45:00,2020-10-04 00:05:00,5,11.9,5.0
FL.BNA.03,2020-10-04 00:50:00,2020-10-04 01:05:00,4,6.9,5.0
FL.BNA.03,2020-10-05 01:45:00,2020-10-05 02:05:00,5,9.8,5.0
FL.BNA.03,2020-10-05 02:25:00,2020-10-05 02:40:00,4,10.1,5.0
FL.BNA.03,2020-10-16 19:00:00,2020-10-16 19:15:00,4,10.5,5.0
FL.BNA.03,2020-10-31 15:00:00,2020-10-31 15:40:00,9,14.0,5.0
FL.BNA.03,2020-11-21 12:00:00,2020-11-21 12:05:00,2,5.2,5.0
FL.BNA.03,2021-04-09 11:00:00,2021-04-09 11:00:00,1,7.0,5.0
FL.BNA.03,2021-04-21 13:05:00,2021-04-21 13:20:00,4,7.1,5.0
FL.BNA.03,2021-04-25 06:45:00,2021-04-25 07:00:00,4,5.9,5.0
FL.BNA.03,2021-04-26 23:40:00,2021-04-27 00:30:00,11,7.7,5.0
FL.BNA.03,2021-04-27 13:45:00,2021-04-27 13:50:00,2,5.2,5.0
FL.BNA.03,2021-04-27 14:55:00,2021-04-27 15:10:00,4,6.9,5.0
FL.BNA.03,2021-04-30 14:10:00,2021-04-30 14:40:00,7,7.7,5.0
FL.BNA.03,2021-05-03 13:15:00,2021-05-03 14:05:00,11,8.7,5.0
FL.BNA.03,2021-05-09 17:45:00,2021-05-09 17:50:00,2,5.0,5.0
FL.BNA.03,2021-05-19 18:50:00,2021-05-19 21:45:00,36,47.1,5.0
FL.BNA.03,2021-06-13 18:00:00,2021-06-13 18:10:00,3,6.4,5.0
FL.BNA.03,2021-06-19 21:25:00,2021-06-19 21:35:00,3,7.0,5.0
FL.BNA.03,2021-06-20 19:40:00,2021-06-20 20:15:00,8,5.9,5.0
FL.BNA.03,2021-06-28 17:25:00,2021-06-28 17:55:00,7,10.2,5.0
FL.BNA.03,2021-07-01 22:55:00,2021-07-01 23:20:00,6,8.3,5.0
FL.BNA.03,2021-07-10 23:10:00,2021-07-10 23:10:00,1,6.8,5.0
FL.BNA.03,2021-07-28 14:15:00,2021-07-28 14:55:00,9,12.2,5.0
FL.BNA.03,2021-07-28 15:30:00,2021-07-28 15:45:00,4,6.0,5.0
FL.BNA.03,2021-09-01 20:30:00,2021-09-01 21:20:00,11,11.2,5.0
FL.BNA.03,2021-09-04 19:30:00,2021-09-04 20:20:00,11,11.4,5.0
FL.BNA.03,2021-09-05 11:30:00,2021-09-05 12:30:00,13,9.5,5.0
FL.BNA.03,2021-09-06 18:35:00,2021-09-06 19:25:00,11,8.9,5.0
FL.BNA.03,2021-09-07 11:15:00,2021-09-07 12:10:00,12,8.6,5.0
FL.BNA.03,2021-09-08 02:10:00,2021-09-08 03:00:00,11,11.7,5.0
FL.BNA.03,2021-09-09 07:55:00,2021-09-09 08:45:00,11,9.7,5.0
FL.BNA.03,2021-09-09 10:55:00,2021-09-09 11:05:00,3,8.2,5.0
FL.BNA.03,2021-09-16 03:55:00,2021-09-16 04:40:00,10,12.0,5.0
FL.BNA.03,2021-09-16 07:20:00,2021-09-16 08:05:00,10,9.5,5.0
FL.BNA.03,2021-09-19 15:10:00,2021-09-19 15:45:00,8,13.2,5.0
FL.BNA.03,2021-09-20 18:05:00,2021-09-20 18:55:00,11,10.4,5.0
FL.BNA.03,2021-09-20 19:40:00,2021-09-20 19:40:00,1,5.9,5.0
FL.BNA.03,2021-09-20 23:00:00,2021-09-20 23:10:00,3,6.3,5.0
FL.BNA.03,2021-09-21 22:30:00,2021-09-21 23:15:00,10,12.3,5.0
FL.BNA.03,2021-10-04 16:15:00,2021-10-04 16:15:00,1,11.2,5.0
FL.BNA.03,2021-10-05 22:15:00,2021-10-05 23:10:00,12,9.7,5.0
FL.BNA.03,2021-10-05 23:50:00,2021-10-06 00:05:00,4,5.7,5.0
FL.BNA.03,2021-10-14 16:50:00,2021-10-14 17:45:00,12,10.7,5.0
FL.BNA.03,2021-10-14 20:00:00,2021-10-14 20:15:00,4,10.2,5.0
FL.BNA.03,2021-10-15 06:00:00,2021-10-15 06:40:00,9,36.2,5.0
FL.BNA.03,2021-10-15 14:25:00,2021-10-15 14:25:00,1,5.1,5.0
FL.BNA.03,2021-10-16 23:55:00,2021-10-17 00:50:00,12,30.8,5.0
FL.BNA.03,2021-10-19 13:45:00,2021-10-19 13:45:00,1,5.1,5.0
FL.BNA.03,2021-10-19 15:00:00,2021-10-19 15:05:00,2,5.9,5.0
FL.BNA.03,2021-11-06 13:45:00,2021-11-06 15:30:00,22,13.1,5.0
FL.BNA.03,2021-11-07 18:30:00,2021-11-07 19:00:00,7,8.4,5.0
FL.BNA.03,2022-01-27 13:25:00,2022-01-27 14:25:00,13,12.3,5.0
FL.BNA.03,2022-02-12 07:35:00,2022-02-12 07:40:00,2,6.0,5.0
FL.BNA.03,2022-02-14 11:30:00,2022-02-14 12:20:00,11,11.8,5.0
FL.BNA.03,2022-02-17 16:10:00,2022-02-17 16:15:00,2,6.4,5.0
FL.BNA.03,2022-03-20 15:40:00,2022-03-20 16:40:00,13,11.4,5.0
FL.BNA.03,2022-03-21 02:40:00,2022-03-21 03:30:00,11,13.4,5.0
FL.BNA.03,2022-04-21 11:30:00,2022-04-21 11:40:00,3,7.0,5.0
FL.BNA.03,2022-05-02 05:00:00,2022-05-02 05:10:00,3,7.5,5.0
FL.BNA.03,2022-05-17 21:25:00,2022-05-17 21:45:00,5,14.1,5.0
FL.BNA.03,2022-05-17 22:10:00,2022-05-18 01:00:00,35,32.7,5.0
FL.BNA.03,2022-05-22 09:15:00,2022-05-22 09:30:00,4,10.7,5.0
FL.BNA.03,2022-05-28 18:00:00,2022-05-28 18:15:00,4,10.3,5.0
FL.BNA.03,2022-06-19 19:20:00,2022-06-19 20:55:00,20,30.0,5.0
FL.BNA.03,2022-07-20 21:50:00,2022-07-21 02:05:00,52,46.2,5.0
FL.BNA.03,2022-09-13 14:45:00,2022-09-13 16:15:00,19,36.1,5.0
FL.BNA.03,2022-10-02 00:35:00,2022-10-02 00:35:00,1,7.0,5.0
FL.BNA.03,2022-10-03 13:40:00,2022-10-03 18:35:00,60,50.9,5.0
FL.BNA.03,2022-10-09 19:05:00,2022-10-09 19:05:00,1,5.0,5.0
FL.BNA.03,2023-02-15 08:45:00,2023-02-15 08:50:00,2,8.6,5.0
FL.BNA.03,2023-09-21 17:50:00,2023-09-21 20:25:00,32,26.4,5.0
FL.BNA.03,2023-09-26 18:15:00,2023-09-26 21:15:00,37,18.1,5.0
FL.BNA.03,2024-05-21 18:45:00,2024-05-21 19:10:00,6,13.8,5.0
FL.BNA.03,2024-08-06 23:00:00,2024-08-06 23:15:00,4,6.4,5.0
FL.BNA.03,2024-10-30 00:10:00,2024-10-30 01:15:00,14,12.5,5.0
FL.BNA.03,2025-09-24 11:45:00,2025-09-24 11:45:00,1,9.8,5.0
FL.BNA.03,2025-09-27 18:40:00,2025-09-27 21:40:00,37,32.5,5.0
FL.BNA.04,2019-05-16 05:25:00,2019-05-16 05:55:00,7,13.2,5.0
FL.BNA.04,2019-06-24 22:35:00,2019-06-24 23:15:00,9,13.2,5.0
FL.BNA.04,2019-07-13 01:15:00,2019-07-13 01:50:00,8,12.7,5.0
FL.BNA.04,2019-09-19 20:20:00,2019-09-19 20:45:00,6,6.5,5.0
FL.BNA.04,2019-09-21 11:40:00,2019-09-21 11:55:00,4,8.9,5.0
FL.BNA.04,2019-09-21 15:00:00,2019-09-21 15:00:00,1,5.3,5.0
FL.BNA.04,2019-10-05 12:05:00,2019-10-05 13:20:00,16,24.1,5.0
FL.BNA.04,2020-05-31 01:25:00,2020-05-31 02:25:00,13,19.8,5.0
FL.BNA.04,2020-09-01 05:00:00,2020-09-01 05:05:00,2,6.2,5.0
FL.BNA.04,2020-09-01 06:20:00,2020-09-01 06:20:00,1,6.0,5.0
FL.BNA.04,2020-09-27 21:30:00,2020-09-27 21:40:00,3,8.7,5.0
FL.BNA.04,2020-10-05 02:10:00,2020-10-05 03:40:00,19,32.5,5.0
FL.BNA.04,2021-07-10 23:25:00,2021-07-10 23:35:00,3,7.3,5.0
FL.BNA.04,2021-07-10 23:55:00,2021-07-11 00:15:00,5,8.3,5.0
FL.BNA.04,2021-07-11 01:45:00,2021-07-11 02:15:00,7,10.7,5.0
FL.BNA.04,2021-07-11 02:40:00,2021-07-11 03:00:00,5,9.8,5.0
FL.BNA.04,2021-08-02 10:25:00,2021-08-02 10:30:00,2,10.8,5.0
FL.BNA.04,2021-08-21 06:50:00,2021-08-21 07:40:00,11,18.1,5.0
FL.BNA.04,2021-09-08 02:35:00,2021-09-08 03:10:00,8,20.1,5.0
FL.BNA.04,2021-09-19 15:30:00,2021-09-19 15:40:00,3,6.7,5.0
FL.BNA.04,2021-09-21 22:45:00,2021-09-21 23:00:00,4,11.2,5.0
FL.BNA.04,2021-10-02 16:25:00,2021-10-02 16:30:00,2,5.0,5.0
FL.BNA.04,2021-10-15 06:05:00,2021-10-15 06:35:00,7,20.4,5.0
FL.BNA.04,2021-10-17 00:10:00,2021-10-17 00:40:00,7,7.4,5.0
FL.BNA.04,2021-10-22 16:55:00,2021-10-22 17:00:00,2,5.4,5.0
FL.BNA.04,2022-01-27 13:35:00,2022-01-27 14:05:00,7,15.1,5.0
FL.BNA.04,2022-02-01 11:05:00,2022-02-01 11:05:00,1,10.1,5.0
FL.BNA.04,2022-02-14 11:40:00,2022-02-14 12:15:00,8,7.8,5.0
FL.BNA.04,2022-05-02 05:10:00,2022-05-02 05:10:00,1,5.5,5.0
FL.BNA.04,2022-05-02 05:20:00,2022-05-02 05:55:00,8,11.8,5.0
FL.BNA.04,2022-05-17 21:25:00,2022-05-17 21:50:00,6,10.3,5.0
FL.BNA.04,2022-05-17 22:00:00,2022-05-18 00:05:00,26,21.2,5.0
FL.BNA.04,2022-05-22 09:25:00,2022-05-22 09:30:00,2,6.5,5.0
FL.BNA.04,2022-06-19 19:30:00,2022-06-19 20:35:00,14,12.8,5.0
FL.BNA.04,2022-07-20 21:30:00,2022-07-20 23:15:00,22,20.5,5.0
FL.BNA.04,2022-08-01 12:45:00,2022-08-01 13:15:00,7,9.3,5.0
FL.BNA.04,2022-08-01 23:20:00,2022-08-01 23:35:00,4,10.7,5.0
FL.BNA.04,2022-08-02 08:35:00,2022-08-02 08:45:00,3,5.4,5.0
FL.BNA.04,2022-08-15 20:10:00,2022-08-15 20:50:00,9,19.1,5.0
FL.BNA.04,2022-08-26 18:15:00,2022-08-26 18:15:00,1,5.1,5.0
FL.BNA.04,2022-09-04 04:40:00,2022-09-04 05:40:00,13,10.7,5.0
FL.BNA.04,2022-09-13 14:35:00,2022-09-13 16:35:00,25,18.1,5.0
FL.BNA.04,2022-09-23 23:20:00,2022-09-23 23:20:00,1,5.4,5.0
FL.BNA.04,2022-09-23 23:50:00,2022-09-23 23:50:00,1,5.2,5.0
FL.BNA.04,2022-10-02 00:20:00,2022-10-02 00:35:00,4,6.6,5.0
FL.BNA.04,2022-10-03 13:30:00,2022-10-03 14:05:00,8,10.3,5.0
FL.BNA.04,2022-10-03 14:20:00,2022-10-03 15:15:00,12,12.8,5.0
FL.BNA.04,2022-10-09 18:55:00,2022-10-09 19:05:00,3,5.8,5.0
FL.BNA.04,2022-10-23 00:20:00,2022-10-23 01:25:00,14,20.4,5.0
FL.BNA.04,2022-11-24 20:35:00,2022-11-24 20:35:00,1,5.0,5.0
FL.BNA.04,2023-02-15 08:20:00,2023-02-15 09:15:00,12,13.3,5.0
FL.BNA.04,2023-08-20 21:05:00,2023-08-20 21:20:00,4,9.7,5.0
FL.BNA.04,2023-09-21 17:25:00,2023-09-21 19:55:00,31,32.3,5.0
FL.BNA.04,2023-09-21 20:35:00,2023-09-21 20:35:00,1,6.5,5.0
FL.BNA.04,2023-09-21 23:20:00,2023-09-21 23:55:00,8,16.2,5.0
FL.BNA.04,2023-09-22 03:20:00,2023-09-22 03:30:00,3,8.0,5.0
FL.BNA.04,2023-09-24 10:50:00,2023-09-24 10:50:00,1,8.9,5.0
FL.BNA.04,2023-09-26 18:25:00,2023-09-26 18:30:00,2,8.1,5.0
FL.BNA.04,2023-11-08 17:35:00,2023-11-08 17:40:00,2,8.2,5.0
FL.BNA.04,2023-11-10 17:30:00,2023-11-10 17:40:00,3,7.7,5.0
FL.BNA.04,2024-05-23 07:45:00,2024-05-23 08:45:00,13,18.3,5.0
FL.BNA.04,2024-07-04 10:55:00,2024-07-04 11:30:00,8,13.7,5.0
FL.BNA.04,2024-08-06 22:20:00,2024-08-06 22:40:00,5,15.1,5.0
FL.BNA.04,2024-08-06 23:35:00,2024-08-06 23:40:00,2,6.8,5.0
FL.BNA.04,2024-10-29 23:50:00,2024-10-30 00:55:00,14,27.6,5.0
FL.BNA.04,2024-10-30 01:40:00,2024-10-30 03:20:00,21,12.2,5.0
FL.BNA.04,2025-04-15 18:10:00,2025-04-15 18:45:00,8,15.2,5.0
FL.BNA.04,2025-04-17 10:30:00,2025-04-17 10:30:00,1,9.3,5.0
FL.BNA.04,2025-05-10 18:00:00,2025-05-10 18:40:00,9,13.4,5.0
FL.BNA.04,2025-05-16 14:00:00,2025-05-16 15:20:00,17,18.0,5.0
FL.BNA.04,2025-07-12 20:05:00,2025-07-12 20:10:00,2,5.9,5.0
FL.BNA.04,2025-08-08 02:45:00,2025-08-08 04:05:00,17,22.3,5.0
FL.BNA.04,2025-09-27 18:10:00,2025-09-27 20:05:00,24,24.3,5.0
FL.BNA.04,2025-10-06 01:05:00,2025-10-06 02:30:00,18,23.3,5.0
FL.BNA.04,2025-10-14 12:10:00,2025-10-14 12:25:00,4,8.6,5.0
FL.BNA.04,2025-11-01 20:55:00,2025-11-01 23:45:00,35,25.7,5.0
FL.BNA.04,2025-11-02 00:15:00,2025-11-02 01:00:00,10,13.7,5.0
FL.BNA.04,2025-11-02 22:15:00,2025-11-02 23:20:00,14,18.8,5.0
FL.BNA.04,2025-11-03 02:15:00,2025-11-03 04:50:00,32,8.2,5.0
FL.BNA.04,2025-11-03 20:45:00,2025-11-03 21:40:00,12,17.0,5.0
FL.BNA.04,2025-11-03 22:40:00,2025-11-03 22:50:00,3,10.9,5.0
FL.BNA.04,2025-11-03 23:20:00,2025-11-03 23:30:00,3,11.0,5.0
FL.BNA.04,2025-11-04 00:05:00,2025-11-04 02:20:00,28,10.9,5.0
FL.BNA.04,2025-11-13 17:35:00,2025-11-13 17:45:00,3,9.7,5.0
FL.BNA.05,2023-07-22 00:40:00,2023-07-22 01:35:00,12,12.2,5.0
FL.BNA.05,2023-09-21 18:05:00,2023-09-21 20:50:00,34,21.8,5.0
FL.BNA.05,2023-09-21 21:15:00,2023-09-21 23:05:00,23,15.6,5.0
FL.BNA.05,2023-09-26 18:05:00,2023-09-26 23:05:00,61,33.1,5.0
FL.BRK.01,2019-06-07 14:55:00,2019-06-07 15:45:00,11,21.9,5.0
FL.BRK.01,2019-09-14 18:20:00,2019-09-14 19:05:00,10,21.6,5.0
FL.BRK.01,2019-09-16 00:25:00,2019-09-16 01:00:00,8,14.2,5.0
FL.BRK.01,2019-09-21 12:15:00,2019-09-21 12:25:00,3,8.5,5.0
FL.BRK.01,2020-07-24 15:00:00,2020-07-24 15:45:00,10,19.7,5.0
FL.BRK.01,2020-10-02 16:15:00,2020-10-02 16:15:00,1,9.9,5.0
FL.BRK.01,2020-10-02 18:35:00,2020-10-02 19:30:00,12,16.2,5.0
FL.BRK.01,2020-11-21 11:30:00,2020-11-21 11:30:00,1,5.2,5.0
FL.BRK.01,2020-11-21 11:40:00,2020-11-21 11:50:00,3,6.8,5.0
FL.BRK.01,2020-11-21 12:05:00,2020-11-21 13:35:00,19,24.8,5.0
FL.BRK.01,2021-03-09 11:15:00,2021-03-09 11:15:00,1,11.1,5.0
FL.BRK.01,2021-09-19 16:05:00,2021-09-19 16:40:00,8,19.7,5.0
FL.BRK.01,2021-09-30 14:10:00,2021-09-30 14:20:00,3,8.5,5.0
FL.BRK.01,2021-11-01 17:20:00,2021-11-01 18:15:00,12,23.9,5.0
FL.BRK.01,2022-07-20 21:20:00,2022-07-20 21:40:00,5,13.1,5.0
FL.BRK.01,2022-07-20 22:40:00,2022-07-20 23:40:00,13,19.9,5.0
FL.BRK.01,2022-07-21 00:35:00,2022-07-21 02:50:00,28,13.5,5.0
FL.BRK.01,2022-08-15 19:50:00,2022-08-15 20:35:00,10,20.6,5.0
FL.BRK.01,2022-09-06 21:45:00,2022-09-06 21:50:00,2,6.7,5.0
FL.BRK.01,2022-09-22 03:55:00,2022-09-22 04:20:00,6,11.4,5.0
FL.BRK.01,2022-10-07 16:30:00,2022-10-07 16:40:00,3,9.1,5.0
FL.BRK.01,2022-10-09 18:50:00,2022-10-09 20:10:00,17,26.9,5.0
FL.BRK.01,2023-05-12 22:45:00,2023-05-12 22:55:00,3,9.0,5.0
FL.BRK.01,2023-05-29 17:10:00,2023-05-29 17:40:00,7,8.2,5.0
FL.BRK.01,2023-05-29 17:50:00,2023-05-29 19:15:00,18,14.4,5.0
FL.BRK.01,2023-07-22 01:00:00,2023-07-22 01:05:00,2,5.5,5.0
FL.BRK.01,2023-09-03 23:10:00,2023-09-03 23:35:00,6,10.1,5.0
FL.BRK.01,2023-09-25 14:35:00,2023-09-25 17:05:00,31,33.2,5.0
FL.BRK.01,2023-09-28 18:10:00,2023-09-28 18:10:00,1,5.2,5.0
FL.BRK.01,2023-10-03 17:00:00,2023-10-03 17:50:00,11,19.1,5.0
FL.BRK.01,2023-10-04 20:00:00,2023-10-04 20:20:00,5,10.7,5.0
FL.BRK.01,2023-10-04 20:30:00,2023-10-04 20:30:00,1,5.0,5.0
FL.BRK.01,2023-10-21 19:15:00,2023-10-21 19:20:00,2,12.6,5.0
FL.BRK.01,2024-07-27 17:35:00,2024-07-27 17:50:00,4,13.2,5.0
FL.BRK.01,2024-10-13 16:10:00,2024-10-13 16:55:00,10,17.8,5.0
FL.BRK.01,2024-10-29 22:35:00,2024-10-29 23:55:00,17,31.8,5.0
FL.BRK.01,2025-05-10 18:10:00,2025-05-10 18:35:00,6,13.7,5.0
FL.BRK.01,2025-09-14 15:10:00,2025-09-14 15:15:00,2,5.0,5.0
FL.BRK.02,2019-01-23 09:45:00,2019-01-23 15:00:00,64,11.4,5.0
FL.BRK.02,2019-01-28 10:45:00,2019-01-28 11:05:00,5,7.9,5.0
FL.BRK.02,2019-01-28 11:15:00,2019-01-28 11:50:00,8,7.0,5.0
FL.BRK.02,2019-06-07 15:25:00,2019-06-07 15:25:00,1,5.4,5.0
FL.BRK.02,2019-09-16 00:25:00,2019-09-16 01:00:00,8,7.8,5.0
FL.BRK.02,2020-06-08 14:40:00,2020-06-08 15:00:00,5,6.6,5.0
FL.BRK.02,2020-06-08 15:25:00,2020-06-08 15:25:00,1,5.0,5.0
FL.BRK.02,2022-06-13 00:15:00,2022-06-13 00:50:00,8,40.7,5.0
FL.BRK.02,2022-06-16 09:35:00,2022-06-16 11:45:00,27,14.6,5.0
FL.BRK.02,2022-07-20 21:45:00,2022-07-20 21:45:00,1,5.6,5.0
FL.BRK.02,2022-07-20 22:35:00,2022-07-21 00:25:00,23,19.9,5.0
FL.BRK.02,2022-08-15 20:00:00,2022-08-15 20:35:00,8,12.1,5.0
FL.BRK.02,2022-09-22 03:15:00,2022-09-22 03:50:00,8,12.1,5.0
FL.BRK.02,2022-10-07 16:25:00,2022-10-07 17:00:00,8,9.9,5.0
FL.BRK.02,2022-10-09 19:00:00,2022-10-09 19:30:00,7,11.0,5.0
FL.BRK.02,2022-10-23 00:05:00,2022-10-23 00:15:00,3,5.7,5.0
FL.BRK.02,2022-10-23 00:35:00,2022-10-23 01:40:00,14,6.4,5.0
FL.BRK.02,2022-10-24 10:40:00,2022-10-24 10:50:00,3,5.6,5.0
FL.BRK.02,2022-10-27 03:20:00,2022-10-27 03:35:00,4,5.7,5.0
FL.BRK.02,2022-10-31 10:45:00,2022-10-31 10:45:00,1,5.2,5.0
FL.BRK.02,2022-11-15 20:25:00,2022-11-15 21:10:00,10,7.4,5.0
FL.BRK.02,2022-11-16 10:45:00,2022-11-16 10:50:00,2,5.5,5.0
FL.BRK.02,2022-11-17 16:45:00,2022-11-17 17:00:00,4,6.0,5.0
FL.BRK.02,2022-11-19 16:15:00,2022-11-19 16:25:00,3,5.5,5.0
FL.BRK.02,2022-11-23 20:25:00,2022-11-23 21:40:00,16,5.9,5.0
FL.BRK.02,2022-11-24 20:30:00,2022-11-24 21:40:00,15,6.8,5.0
FL.BRK.02,2022-11-25 00:00:00,2022-11-25 00:05:00,2,5.1,5.0
FL.BRK.02,2022-11-25 20:25:00,2022-11-25 22:20:00,24,5.4,5.0
FL.BRK.02,2022-11-26 00:30:00,2022-11-26 01:30:00,13,5.2,5.0
FL.BRK.02,2022-11-28 10:35:00,2022-11-28 10:40:00,2,5.7,5.0
FL.BRK.02,2022-11-28 12:45:00,2022-11-28 13:20:00,8,6.7,5.0
FL.BRK.02,2022-11-29 20:35:00,2022-11-29 21:05:00,7,6.1,5.0
FL.BRK.02,2022-12-02 01:40:00,2022-12-02 02:20:00,9,6.9,5.0
FL.BRK.02,2022-12-11 02:10:00,2022-12-11 02:10:00,1,6.7,5.0
FL.BRK.02,2022-12-15 22:35:00,2022-12-15 22:50:00,4,6.0,5.0
FL.BRK.02,2022-12-15 23:00:00,2022-12-15 23:00:00,1,5.1,5.0
FL.BRK.02,2023-02-15 08:20:00,2023-02-15 08:30:00,3,5.8,5.0
FL.BRK.02,2023-02-15 09:00:00,2023-02-15 09:05:00,2,5.3,5.0
FL.BRK.02,2023-02-16 03:10:00,2023-02-16 03:20:00,3,5.5,5.0
FL.BSU.01,2020-07-03 23:30:00,2020-07-03 23:35:00,2,9.4,5.0
FL.BSU.01,2020-07-24 17:45:00,2020-07-24 17:45:00,1,20.0,5.0
FL.BSU.01,2020-09-01 03:50:00,2020-09-01 04:15:00,6,6.4,5.0
FL.BSU.01,2020-09-23 16:15:00,2020-09-23 17:40:00,18,12.2,5.0
FL.BSU.01,2020-09-23 17:50:00,2020-09-23 17:50:00,1,5.9,5.0
FL.BSU.01,2021-05-12 14:40:00,2021-05-12 14:40:00,1,5.0,5.0
FL.BSU.01,2021-05-19 13:10:00,2021-05-19 13:10:00,1,5.2,5.0
FL.BSU.01,2021-05-20 12:40:00,2021-05-20 12:40:00,1,5.1,5.0
FL.BSU.01,2021-05-20 12:50:00,2021-05-20 12:55:00,2,7.1,5.0
FL.BSU.01,2021-05-23 13:30:00,2021-05-23 13:30:00,1,6.7,5.0
FL.BSU.01,2021-05-23 14:00:00,2021-05-23 14:05:00,2,5.2,5.0
FL.BSU.01,2021-05-24 13:40:00,2021-05-24 13:40:00,1,5.2,5.0
FL.BSU.01,2021-05-25 14:05:00,2021-05-25 14:20:00,4,6.2,5.0
FL.BSU.01,2021-05-27 13:30:00,2021-05-27 13:30:00,1,11.2,5.0
FL.BSU.01,2021-07-01 22:35:00,2021-07-02 00:10:00,20,11.6,5.0
FL.BSU.01,2021-08-28 11:25:00,2021-08-28 12:10:00,10,9.3,5.0
FL.BSU.01,2021-08-31 21:25:00,2021-08-31 23:10:00,22,9.5,5.0
FL.BSU.01,2021-10-14 16:55:00,2021-10-14 17:30:00,8,8.7,5.0
FL.BSU.01,2021-10-17 01:00:00,2021-10-17 01:15:00,4,5.9,5.0
FL.BSU.01,2022-05-17 22:10:00,2022-05-18 10:55:00,154,15.7,5.0
FL.BSU.01,2022-06-21 20:00:00,2022-06-21 20:25:00,6,7.4,5.0
FL.BSU.01,2022-07-01 19:10:00,2022-07-01 20:00:00,11,10.8,5.0
FL.BSU.01,2022-07-17 19:30:00,2022-07-17 19:30:00,1,5.1,5.0
FL.BSU.01,2022-08-01 23:00:00,2022-08-01 23:30:00,7,8.4,5.0
FL.BSU.01,2022-08-11 15:25:00,2022-08-11 15:35:00,3,6.7,5.0
FL.BSU.01,2022-09-10 18:20:00,2022-09-10 20:05:00,22,13.7,5.0
FL.BSU.01,2022-10-03 14:35:00,2022-10-03 16:10:00,20,11.3,5.0
FL.BSU.01,2023-04-28 14:55:00,2023-04-28 15:00:00,2,5.6,5.0
FL.BSU.01,2023-05-30 18:40:00,2023-05-30 19:15:00,8,10.2,5.0
FL.BSU.01,2023-05-30 19:55:00,2023-05-30 19:55:00,1,5.9,5.0
FL.BSU.01,2023-05-30 20:25:00,2023-05-30 20:30:00,2,6.9,5.0
FL.BSU.01,2023-05-30 20:45:00,2023-05-30 20:45:00,1,5.9,5.0
FL.BSU.01,2023-07-05 18:05:00,2023-07-05 20:00:00,24,12.9,5.0
FL.BSU.01,2023-07-22 00:35:00,2023-07-22 03:30:00,36,14.7,5.0
FL.BSU.01,2023-09-20 18:10:00,2023-09-20 18:10:00,1,5.0,5.0
FL.BSU.01,2023-09-21 18:25:00,2023-09-21 20:05:00,21,10.9,5.0
FL.BSU.01,2024-06-29 05:35:00,2024-06-29 06:20:00,10,8.4,5.0
FL.BSU.01,2024-07-29 17:20:00,2024-07-29 17:50:00,7,7.3,5.0
FL.BSU.01,2024-10-10 18:20:00,2024-10-10 19:55:00,20,8.9,5.0
FL.BSU.01,2024-10-13 16:05:00,2024-10-13 16:50:00,10,7.5,5.0
FL.BSU.01,2024-10-21 01:55:00,2024-10-21 02:25:00,7,7.1,5.0
FL.CTC.01,2019-06-07 14:30:00,2019-06-07 15:45:00,16,19.1,5.0
FL.CTC.01,2019-09-14 17:35:00,2019-09-14 18:15:00,9,9.6,5.0
FL.CTC.01,2019-09-16 00:15:00,2019-09-16 02:10:00,24,18.3,5.0
FL.CTC.01,2019-11-03 20:55:00,2019-11-03 23:25:00,31,25.7,5.0
FL.CTC.01,2020-04-29 12:10:00,2020-04-29 14:05:00,24,16.0,5.0
FL.CTC.01,2020-05-28 10:00:00,2020-05-28 10:00:00,1,11.2,5.0
FL.CTC.01,2020-08-20 10:10:00,2020-08-20 10:10:00,1,18.9,5.0
FL.CTC.01,2020-10-02 18:00:00,2020-10-02 19:20:00,17,15.7,5.0
FL.CTC.01,2020-10-02 19:30:00,2020-10-02 19:30:00,1,5.0,5.0
FL.CTC.01,2021-03-16 11:15:00,2021-03-16 11:15:00,1,11.5,5.0
FL.CTC.01,2021-07-01 22:40:00,2021-07-02 00:40:00,25,26.2,5.0
FL.CTC.01,2021-07-13 18:10:00,2021-07-13 18:55:00,10,11.2,5.0
FL.CTC.01,2021-08-31 21:40:00,2021-09-01 00:55:00,40,21.8,5.0
FL.CTC.01,2021-10-01 14:15:00,2021-10-01 14:15:00,1,7.4,5.0
FL.CTC.01,2021-10-14 16:30:00,2021-10-14 20:40:00,51,31.0,5.0
FL.CTC.01,2021-10-14 20:50:00,2021-10-14 20:50:00,1,5.1,5.0
FL.CTC.01,2022-05-17 23:40:00,2022-05-18 06:40:00,85,38.4,5.0
FL.CTC.01,2022-09-06 20:55:00,2022-09-06 21:45:00,11,15.2,5.0
FL.CTC.01,2022-09-12 16:35:00,2022-09-12 19:05:00,31,24.7,5.0
FL.CTC.01,2022-10-03 15:25:00,2022-10-03 20:55:00,67,31.6,5.0
FL.CTC.01,2023-07-05 18:40:00,2023-07-05 18:40:00,1,7.4,5.0
FL.CTC.01,2023-07-22 00:20:00,2023-07-22 08:10:00,95,47.1,5.0
FL.CTC.01,2024-08-06 21:55:00,2024-08-07 01:30:00,44,27.7,5.0
FL.CTC.01,2025-05-10 18:05:00,2025-05-10 20:55:00,35,21.9,5.0
FL.CTC.01,2025-11-02 22:15:00,2025-11-03 01:10:00,36,20.5,5.0
FL.CTC.02,2019-06-07 14:20:00,2019-06-07 17:55:00,44,44.0,5.0
FL.CTC.02,2019-06-15 21:25:00,2019-06-15 21:25:00,1,5.7,5.0
FL.CTC.02,2019-07-15 18:05:00,2019-07-15 18:10:00,2,5.5,5.0
FL.CTC.02,2019-08-20 16:05:00,2019-08-20 16:15:00,3,6.8,5.0
FL.CTC.02,2019-09-15 23:55:00,2019-09-16 01:45:00,23,33.1,5.0
FL.CTC.02,2019-10-14 08:00:00,2019-10-14 08:05:00,2,5.7,5.0
FL.CTC.02,2019-11-03 21:00:00,2019-11-03 21:30:00,7,6.8,5.0
FL.CTC.02,2020-04-13 14:45:00,2020-04-13 14:45:00,1,5.0,5.0
FL.CTC.02,2020-04-25 12:50:00,2020-04-25 13:20:00,7,8.7,5.0
FL.CTC.02,2020-04-29 12:00:00,2020-04-29 13:25:00,18,28.5,5.0
FL.CTC.02,2020-07-01 18:20:00,2020-07-01 18:30:00,3,6.1,5.0
FL.CTC.02,2020-08-13 17:00:00,2020-08-13 17:40:00,9,9.2,5.0
FL.CTC.02,2020-09-01 03:40:00,2020-09-01 04:15:00,8,10.5,5.0
FL.CTC.02,2020-09-05 05:50:00,2020-09-05 05:55:00,2,5.7,5.0
FL.CTC.02,2020-09-09 13:30:00,2020-09-09 13:50:00,5,7.0,5.0
FL.CTC.02,2020-09-23 15:45:00,2020-09-23 17:20:00,20,28.5,5.0
FL.CTC.02,2020-09-27 20:25:00,2020-09-27 20:55:00,7,8.1,5.0
FL.CTC.02,2020-10-02 16:55:00,2020-10-02 17:35:00,9,8.2,5.0
FL.CTC.02,2020-10-02 18:15:00,2020-10-02 18:15:00,1,5.1,5.0
FL.CTC.02,2020-10-03 13:05:00,2020-10-03 13:10:00,2,5.9,5.0
FL.CTC.02,2020-10-31 15:35:00,2020-10-31 15:40:00,2,5.9,5.0
FL.CTC.02,2021-02-10 10:55:00,2021-02-10 11:05:00,3,18.2,5.0
FL.CTC.02,2021-04-15 10:10:00,2021-04-15 10:10:00,1,7.6,5.0
FL.CTC.02,2021-05-03 13:55:00,2021-05-03 14:45:00,11,13.8,5.0
FL.CTC.02,2021-05-14 10:25:00,2021-05-14 10:35:00,3,7.0,5.0
FL.CTC.02,2021-07-01 22:20:00,2021-07-01 23:30:00,15,20.9,5.0
FL.CTC.02,2021-07-10 23:40:00,2021-07-10 23:45:00,2,5.4,5.0
FL.CTC.02,2021-07-12 04:45:00,2021-07-12 04:55:00,3,6.7,5.0
FL.CTC.02,2021-07-13 17:30:00,2021-07-13 17:50:00,5,7.9,5.0
FL.CTC.02,2021-07-14 08:20:00,2021-07-14 08:20:00,1,5.0,5.0
FL.CTC.02,2021-09-23 12:05:00,2021-09-23 12:05:00,1,9.0,5.0
FL.CTC.02,2021-09-30 12:55:00,2021-09-30 13:50:00,12,13.5,5.0
FL.CTC.02,2021-10-01 14:15:00,2021-10-01 14:15:00,1,5.0,5.0
FL.CTC.02,2021-10-02 14:50:00,2021-10-02 15:05:00,4,6.5,5.0
FL.CTC.02,2021-10-08 14:30:00,2021-10-08 14:50:00,5,7.2,5.0
FL.CTC.02,2021-10-12 11:55:00,2021-10-12 12:15:00,5,6.5,5.0
FL.CTC.02,2021-10-14 16:10:00,2021-10-14 16:35:00,6,7.5,5.0
FL.CTC.02,2021-10-14 16:50:00,2021-10-14 17:15:00,6,8.2,5.0
FL.CTC.02,2021-10-17 00:40:00,2021-10-17 01:00:00,5,5.3,5.0
FL.CTC.02,2022-05-16 16:05:00,2022-05-16 16:15:00,3,6.1,5.0
FL.CTC.02,2022-05-17 16:25:00,2022-05-17 16:55:00,7,8.3,5.0
FL.CTC.02,2022-05-17 22:25:00,2022-05-17 23:25:00,13,6.6,5.0
FL.CTC.02,2022-05-17 23:40:00,2022-05-18 00:15:00,8,6.8,5.0
FL.CTC.02,2022-06-08 15:45:00,2022-06-08 15:55:00,3,6.7,5.0
FL.CTC.02,2022-06-11 18:15:00,2022-06-11 18:25:00,3,5.4,5.0
FL.CTC.02,2022-06-21 19:20:00,2022-06-21 20:05:00,10,6.4,5.0
FL.CTC.02,2022-06-29 19:05:00,2022-06-29 19:05:00,1,5.1,5.0
FL.CTC.02,2022-07-01 19:05:00,2022-07-01 19:35:00,7,8.1,5.0
FL.CTC.02,2022-07-20 20:15:00,2022-07-20 20:25:00,3,7.4,5.0
FL.CTC.02,2022-08-01 22:55:00,2022-08-01 23:15:00,5,9.4,5.0
FL.CTC.02,2022-08-11 15:20:00,2022-08-11 15:40:00,5,9.8,5.0
FL.CTC.02,2022-09-04 20:20:00,2022-09-04 20:40:00,5,7.9,5.0
FL.CTC.02,2022-09-06 20:35:00,2022-09-06 21:20:00,10,9.3,5.0
FL.CTC.02,2022-09-10 18:20:00,2022-09-10 19:05:00,10,9.7,5.0
FL.CTC.02,2022-09-12 16:30:00,2022-09-12 17:40:00,15,11.5,5.0
FL.CTC.02,2022-09-18 20:15:00,2022-09-18 20:30:00,4,7.8,5.0
FL.CTC.02,2022-09-22 02:55:00,2022-09-22 03:10:00,4,8.3,5.0
FL.CTC.02,2022-09-22 20:50:00,2022-09-22 21:10:00,5,7.9,5.0
FL.CTC.02,2022-09-23 23:25:00,2022-09-23 23:40:00,4,8.2,5.0
FL.CTC.02,2022-09-25 00:00:00,2022-09-25 00:20:00,5,9.1,5.0
FL.CTC.02,2022-10-03 14:30:00,2022-10-03 14:55:00,6,8.7,5.0
FL.CTC.02,2022-11-24 18:45:00,2022-11-24 19:00:00,4,8.9,5.0
FL.CTC.02,2022-11-25 20:00:00,2022-11-25 20:05:00,2,7.5,5.0
FL.CTC.02,2023-05-30 18:55:00,2023-05-30 18:55:00,1,7.1,5.0
FL.CTC.02,2023-07-05 17:55:00,2023-07-05 18:55:00,13,12.7,5.0
FL.CTC.02,2023-07-20 16:15:00,2023-07-20 16:35:00,5,8.3,5.0
FL.CTC.02,2023-07-21 23:55:00,2023-07-22 02:05:00,27,13.4,5.0
FL.CTC.02,2023-08-23 17:35:00,2023-08-23 17:55:00,5,8.5,5.0
FL.CTC.02,2023-09-20 17:40:00,2023-09-20 18:05:00,6,9.5,5.0
FL.CTC.02,2023-09-21 18:10:00,2023-09-21 18:30:00,5,9.2,5.0
FL.CTC.03,2019-06-10 13:50:00,2019-06-10 13:50:00,1,30.3,5.0
FL.CTC.03,2019-10-12 14:05:00,2019-10-12 14:45:00,9,23.5,5.0
FL.CTC.03,2019-11-03 20:50:00,2019-11-03 23:05:00,28,35.4,5.0
FL.CTC.03,2020-04-18 13:40:00,2020-04-18 13:45:00,2,6.1,5.0
FL.CTC.03,2020-04-25 12:55:00,2020-04-25 15:25:00,31,21.8,5.0
FL.CTC.03,2020-04-25 15:35:00,2020-04-25 17:25:00,23,11.0,5.0
FL.CTC.03,2020-04-25 17:35:00,2020-04-25 17:35:00,1,7.0,5.0
FL.CTC.03,2020-04-25 17:45:00,2020-04-25 17:55:00,3,9.1,5.0
FL.CTC.03,2020-04-25 18:05:00,2020-04-25 18:05:00,1,5.9,5.0
FL.CTC.03,2020-04-25 18:15:00,2020-04-25 18:15:00,1,6.2,5.0
FL.CTC.03,2020-04-25 18:30:00,2020-04-25 18:35:00,2,7.1,5.0
FL.CTC.03,2020-04-25 18:45:00,2020-04-25 18:45:00,1,5.2,5.0
FL.CTC.03,2020-04-25 19:00:00,2020-04-25 19:00:00,1,7.5,5.0
FL.CTC.03,2020-04-26 04:40:00,2020-04-26 04:40:00,1,6.1,5.0
FL.CTC.03,2020-04-26 04:50:00,2020-04-26 05:00:00,3,9.0,5.0
FL.CTC.03,2020-04-26 05:15:00,2020-04-26 05:20:00,2,9.3,5.0
FL.CTC.03,2020-04-26 05:35:00,2020-04-26 05:40:00,2,6.4,5.0
FL.CTC.03,2020-04-26 05:50:00,2020-04-26 06:10:00,5,9.6,5.0
FL.CTC.03,2020-04-26 06:30:00,2020-04-26 06:30:00,1,8.4,5.0
FL.CTC.03,2020-04-26 06:40:00,2020-04-26 07:00:00,5,9.3,5.0
FL.CTC.03,2020-04-26 07:10:00,2020-04-26 07:15:00,2,8.1,5.0
FL.CTC.03,2020-04-26 07:30:00,2020-04-26 07:30:00,1,7.3,5.0
FL.CTC.03,2020-04-29 11:40:00,2020-04-29 13:05:00,18,13.9,5.0
FL.CTC.03,2020-05-11 10:45:00,2020-05-11 11:15:00,7,10.3,5.0
FL.CTC.03,2020-05-11 11:30:00,2020-05-11 12:30:00,13,10.4,5.0
FL.CTC.03,2020-05-11 12:40:00,2020-05-11 12:40:00,1,7.6,5.0
FL.CTC.03,2020-05-11 12:50:00,2020-05-11 13:45:00,12,8.2,5.0
FL.CTC.03,2020-05-11 14:30:00,2020-05-11 14:30:00,1,7.1,5.0
FL.CTC.03,2020-05-14 14:25:00,2020-05-14 16:20:00,24,8.2,5.0
FL.CTC.03,2020-06-11 12:50:00,2020-06-11 14:50:00,25,16.3,5.0
FL.CTC.03,2020-06-12 12:30:00,2020-06-12 17:15:00,58,25.0,5.0
FL.CTC.03,2020-06-13 11:55:00,2020-06-13 18:15:00,77,30.4,5.0
FL.CTC.03,2020-06-14 11:40:00,2020-06-14 16:55:00,64,13.5,5.0
FL.CTC.03,2020-06-16 12:55:00,2020-06-16 13:30:00,8,5.9,5.0
FL.CTC.03,2020-06-16 14:30:00,2020-06-16 14:40:00,3,5.4,5.0
FL.CTC.03,2020-06-19 17:20:00,2020-06-19 18:15:00,12,8.1,5.0
FL.CTC.03,2020-06-20 11:20:00,2020-06-20 18:55:00,92,34.7,5.0
FL.CTC.03,2020-06-21 17:50:00,2020-06-21 19:25:00,20,12.0,5.0
FL.CTC.03,2020-06-22 10:45:00,2020-06-22 10:55:00,3,6.0,5.0
FL.CTC.03,2020-10-02 17:25:00,2020-10-02 17:45:00,5,19.3,5.0
FL.CTC.03,2021-04-29 11:55:00,2021-04-29 12:00:00,2,7.4,5.0
FL.CTC.03,2021-10-14 17:00:00,2021-10-14 17:25:00,6,11.6,5.0
FL.CTC.03,2022-05-09 16:15:00,2022-05-09 16:15:00,1,6.0,5.0
FL.CTC.03,2022-05-17 23:15:00,2022-05-18 01:15:00,25,46.5,5.0
FL.CTC.03,2022-05-18 01:35:00,2022-05-18 02:20:00,10,29.1,5.0
FL.CTC.03,2022-09-10 01:00:00,2022-09-10 03:05:00,26,33.2,5.0
FL.CTC.03,2022-09-10 18:45:00,2022-09-10 19:25:00,9,31.2,5.0
FL.CTC.03,2022-09-12 16:30:00,2022-09-12 16:55:00,6,10.0,5.0
FL.CTC.03,2022-10-02 00:25:00,2022-10-02 00:55:00,7,13.1,5.0
FL.CTC.03,2022-10-03 15:30:00,2022-10-03 16:30:00,13,28.7,5.0
FL.CTC.03,2023-07-22 00:40:00,2023-07-22 03:25:00,34,42.0,5.0
FL.CTC.03,2024-07-29 17:20:00,2024-07-29 17:45:00,6,18.6,5.0
FL.CTC.03,2024-08-06 21:45:00,2024-08-06 23:15:00,19,35.3,5.0
FL.CTC.03,2024-08-20 00:30:00,2024-08-20 00:35:00,2,14.4,5.0
FL.CTC.03,2025-05-10 17:55:00,2025-05-10 18:55:00,13,28.0,5.0
FL.CTC.03,2025-11-02 21:30:00,2025-11-03 01:35:00,50,31.6,5.0
FL.CTC.03,2025-11-03 01:45:00,2025-11-03 01:45:00,1,6.1,5.0
FL.CTC.03,2025-11-13 02:05:00,2025-11-13 04:05:00,25,32.7,5.0
FL.CTC.04,2019-06-07 14:45:00,2019-06-07 15:10:00,6,11.9,5.0
FL.CTC.04,2019-06-11 07:40:00,2019-06-11 08:00:00,5,11.7,5.0
FL.CTC.04,2019-06-11 14:30:00,2019-06-11 15:20:00,11,13.0,5.0
FL.CTC.04,2019-06-12 07:50:00,2019-06-12 08:55:00,14,21.9,5.0
FL.CTC.04,2019-06-13 07:55:00,2019-06-13 08:30:00,8,21.9,5.0
FL.CTC.04,2019-06-14 07:50:00,2019-06-14 08:00:00,3,15.2,5.0
FL.CTC.04,2019-06-14 11:05:00,2019-06-14 11:25:00,5,6.2,5.0
FL.CTC.04,2019-06-16 07:50:00,2019-06-16 08:15:00,6,15.3,5.0
FL.CTC.04,2019-09-16 00:00:00,2019-09-16 02:00:00,25,52.5,5.0
FL.CTC.04,2019-10-12 14:05:00,2019-10-12 14:35:00,7,13.0,5.0
FL.CTC.04,2019-11-03 20:55:00,2019-11-03 21:55:00,13,25.6,5.0
FL.CTC.04,2020-04-13 14:50:00,2020-04-13 14:55:00,2,11.0,5.0
FL.CTC.04,2020-04-13 15:05:00,2020-04-13 15:10:00,2,10.6,5.0
FL.CTC.04,2020-04-29 11:50:00,2020-04-29 12:35:00,10,24.4,5.0
FL.CTC.04,2020-04-29 12:45:00,2020-04-29 12:55:00,3,23.0,5.0
FL.CTC.04,2020-04-29 13:05:00,2020-04-29 13:10:00,2,15.3,5.0
FL.CTC.04,2020-04-29 13:20:00,2020-04-29 13:20:00,1,6.8,5.0
FL.CTC.04,2020-05-26 09:45:00,2020-05-26 09:45:00,1,19.5,5.0
FL.CTC.04,2020-05-26 09:55:00,2020-05-26 10:00:00,2,9.5,5.0
FL.CTC.04,2020-05-26 10:10:00,2020-05-26 11:25:00,16,11.2,5.0
FL.CTC.04,2020-05-26 11:35:00,2020-05-26 11:45:00,3,11.3,5.0
FL.CTC.04,2020-05-26 11:55:00,2020-05-26 12:05:00,3,11.1,5.0
FL.CTC.04,2020-05-26 12:15:00,2020-05-26 12:25:00,3,11.2,5.0
FL.CTC.04,2020-05-26 12:35:00,2020-05-26 13:50:00,16,11.8,5.0
FL.CTC.04,2020-05-26 14:00:00,2020-05-26 14:10:00,3,11.8,5.0
FL.CTC.04,2020-05-26 14:20:00,2020-05-26 14:30:00,3,11.8,5.0
FL.CTC.04,2020-05-26 14:40:00,2020-05-26 14:50:00,3,11.8,5.0
FL.CTC.04,2020-05-26 15:15:00,2020-05-26 15:15:00,1,9.4,5.0
FL.CTC.04,2020-07-14 00:05:00,2020-07-14 00:05:00,1,5.8,5.0
FL.CTC.04,2020-07-14 09:05:00,2020-07-14 09:15:00,3,10.0,5.0
FL.CTC.04,2020-11-04 10:10:00,2020-11-04 10:15:00,2,8.0,5.0
FL.CTC.04,2021-01-25 17:30:00,2021-01-25 17:30:00,1,9.0,5.0
FL.CTC.04,2021-03-29 10:35:00,2021-03-29 10:35:00,1,7.5,5.0
FL.CTC.04,2021-06-01 09:45:00,2021-06-01 09:45:00,1,6.4,5.0
FL.CTC.04,2021-08-28 11:25:00,2021-08-28 13:00:00,20,30.2,5.0
FL.CTC.04,2021-08-31 22:25:00,2021-08-31 22:25:00,1,5.8,5.0
FL.CTC.04,2021-10-03 21:10:00,2021-10-03 21:20:00,3,11.9,5.0
FL.CTC.04,2021-10-14 16:05:00,2021-10-14 18:40:00,32,36.9,5.0
FL.CTC.04,2021-10-14 20:05:00,2021-10-14 21:25:00,17,16.1,5.0
FL.CTC.04,2021-10-30 17:20:00,2021-10-30 18:25:00,14,31.0,5.0
FL.CTC.04,2022-04-21 10:45:00,2022-04-21 11:05:00,5,9.1,5.0
FL.CTC.04,2022-05-17 23:05:00,2022-05-18 01:20:00,28,16.1,5.0
FL.CTC.04,2022-05-18 01:30:00,2022-05-18 01:50:00,5,6.2,5.0
FL.CTC.04,2022-05-18 02:00:00,2022-05-18 02:10:00,3,5.4,5.0
FL.CTC.04,2022-05-18 02:25:00,2022-05-18 04:50:00,30,20.5,5.0
FL.CTC.04,2022-09-04 20:30:00,2022-09-04 20:35:00,2,5.4,5.0
FL.CTC.04,2022-09-06 21:10:00,2022-09-06 21:10:00,1,5.2,5.0
FL.CTC.04,2022-09-10 18:40:00,2022-09-10 19:05:00,6,8.4,5.0
FL.CTC.04,2022-09-12 16:40:00,2022-09-12 17:25:00,10,20.9,5.0
FL.CTC.04,2022-10-03 14:40:00,2022-10-03 18:30:00,47,31.1,5.0
FL.CTC.04,2023-07-05 18:15:00,2023-07-05 18:40:00,6,13.5,5.0
FL.CTC.04,2023-07-05 18:50:00,2023-07-05 19:05:00,4,13.5,5.0
FL.CTC.04,2023-07-22 01:10:00,2023-07-22 01:10:00,1,7.5,5.0
FL.CTC.04,2023-07-22 01:20:00,2023-07-22 01:55:00,8,12.3,5.0
FL.CTC.04,2025-05-10 17:45:00,2025-05-10 19:50:00,26,27.5,5.0
FL.CTC.04,2025-05-10 22:40:00,2025-05-10 23:55:00,16,9.3,5.0
FL.CTC.04,2025-05-11 00:45:00,2025-05-11 01:20:00,8,6.1,5.0
FL.CTC.04,2025-05-11 01:30:00,2025-05-11 01:40:00,3,6.0,5.0
FL.CTC.04,2025-05-11 01:50:00,2025-05-11 01:55:00,2,5.8,5.0
FL.CTC.04,2025-05-24 14:10:00,2025-05-24 15:25:00,16,22.0,5.0
FL.CTC.04,2025-11-02 21:15:00,2025-11-02 23:30:00,28,27.5,5.0
FL.CTC.04,2025-11-02 23:40:00,2025-11-03 01:15:00,20,26.7,5.0
FL.CTC.04,2025-11-03 03:40:00,2025-11-03 03:45:00,2,6.2,5.0
FL.CTC.04,2025-11-03 03:55:00,2025-11-03 04:40:00,10,6.7,5.0
FL.CTC.04,2025-11-03 17:40:00,2025-11-03 18:35:00,12,18.7,5.0
FL.CTC.04,2025-11-03 22:25:00,2025-11-03 22:25:00,1,5.4,5.0
FL.CTC.04,2025-11-13 02:15:00,2025-11-13 03:35:00,17,22.0,5.0
FL.CTC.04,2025-11-14 14:45:00,2025-11-14 14:45:00,1,8.3,5.0
FL.CTC.05,2019-06-07 14:35:00,2019-06-07 18:40:00,50,33.6,5.0
FL.CTC.05,2019-06-07 18:50:00,2019-06-07 18:50:00,1,5.4,5.0
FL.CTC.05,2019-09-16 00:10:00,2019-09-16 00:50:00,9,10.4,5.0
FL.CTC.05,2019-11-15 22:15:00,2019-11-15 22:55:00,9,36.6,5.0
FL.CTC.05,2019-11-15 23:05:00,2019-11-15 23:15:00,3,5.8,5.0
FL.CTC.05,2019-11-16 21:35:00,2019-11-17 01:25:00,47,63.6,5.0
FL.CTC.05,2019-11-17 01:35:00,2019-11-17 06:30:00,60,22.8,5.0
FL.CTC.05,2019-11-20 07:25:00,2019-11-20 07:25:00,1,5.2,5.0
FL.CTC.05,2019-11-21 22:10:00,2019-11-21 23:15:00,14,16.3,5.0
FL.CTC.05,2019-11-22 11:40:00,2019-11-22 12:15:00,8,6.3,5.0
FL.CTC.05,2019-11-22 12:30:00,2019-11-22 12:45:00,4,5.6,5.0
FL.CTC.05,2019-11-22 13:00:00,2019-11-22 13:05:00,2,5.5,5.0
FL.CTC.05,2019-11-22 13:15:00,2019-11-22 13:15:00,1,5.2,5.0
FL.CTC.05,2019-11-22 13:30:00,2019-11-22 13:30:00,1,5.0,5.0
FL.CTC.05,2019-11-22 13:45:00,2019-11-22 13:45:00,1,5.1,5.0
FL.CTC.05,2019-11-22 14:00:00,2019-11-22 14:00:00,1,5.1,5.0
FL.CTC.05,2019-11-22 15:30:00,2019-11-22 16:30:00,13,6.8,5.0
FL.CTC.05,2019-11-22 16:40:00,2019-11-22 16:45:00,2,6.1,5.0
FL.CTC.05,2019-11-22 16:55:00,2019-11-22 17:25:00,7,5.9,5.0
FL.CTC.05,2019-11-22 17:35:00,2019-11-22 17:40:00,2,5.8,5.0
FL.CTC.05,2019-11-22 18:05:00,2019-11-22 18:05:00,1,5.0,5.0
FL.CTC.05,2019-11-22 18:35:00,2019-11-22 18:35:00,1,5.2,5.0
FL.CTC.05,2019-11-23 11:05:00,2019-11-23 11:05:00,1,5.2,5.0
FL.CTC.05,2019-11-23 11:15:00,2019-11-23 11:20:00,2,6.6,5.0
FL.CTC.05,2019-11-24 08:00:00,2019-11-24 08:00:00,1,5.6,5.0
FL.CTC.05,2019-11-24 08:25:00,2019-11-24 08:25:00,1,6.0,5.0
FL.CTC.05,2019-11-24 14:30:00,2019-11-24 21:30:00,85,51.3,5.0
FL.CTC.05,2019-11-24 22:40:00,2019-11-24 22:40:00,1,5.1,5.0
FL.CTC.05,2019-12-27 13:00:00,2019-12-27 13:00:00,1,5.1,5.0
FL.CTC.05,2019-12-27 13:30:00,2019-12-27 13:30:00,1,5.4,5.0
FL.CTC.05,2019-12-27 13:40:00,2019-12-27 13:40:00,1,6.7,5.0
FL.CTC.05,2019-12-27 13:50:00,2019-12-27 13:55:00,2,5.7,5.0
FL.CTC.05,2019-12-27 14:05:00,2019-12-29 09:40:00,524,125.2,5.0
FL.CTC.05,2019-12-29 09:50:00,2019-12-29 10:15:00,6,148.7,5.0
FL.CTC.05,2019-12-29 10:25:00,2019-12-29 10:55:00,7,148.8,5.0
FL.CTC.05,2019-12-29 11:05:00,2019-12-29 11:05:00,1,148.3,5.0
FL.CTC.05,2020-04-25 13:15:00,2020-04-25 13:15:00,1,5.1,5.0
FL.CTC.05,2020-04-29 12:20:00,2020-04-29 13:15:00,12,15.0,5.0
FL.CTC.05,2020-09-23 16:25:00,2020-09-23 16:30:00,2,9.2,5.0
FL.CTC.05,2021-03-16 10:50:00,2021-03-16 10:55:00,2,5.9,5.0
FL.CTC.05,2021-08-13 19:00:00,2021-08-13 19:00:00,1,6.0,5.0
FL.CTC.05,2021-08-13 19:10:00,2021-08-13 19:15:00,2,8.6,5.0
FL.CTC.05,2021-08-13 19:30:00,2021-08-13 19:35:00,2,7.8,5.0
FL.CTC.05,2021-08-13 19:45:00,2021-08-13 20:00:00,4,6.1,5.0
FL.CTC.05,2021-08-13 20:20:00,2021-08-13 21:15:00,12,9.4,5.0
FL.CTC.05,2021-08-13 21:25:00,2021-08-13 21:30:00,2,5.9,5.0
FL.CTC.05,2021-08-13 21:50:00,2021-08-13 21:50:00,1,5.2,5.0
FL.CTC.05,2021-08-13 22:00:00,2021-08-13 22:20:00,5,7.3,5.0
FL.CTC.05,2022-05-18 00:05:00,2022-05-18 00:20:00,4,9.2,5.0
FL.CTC.05,2023-07-22 00:50:00,2023-07-22 03:25:00,32,24.3,5.0
FL.CTC.05,2023-08-22 20:40:00,2023-08-22 20:40:00,1,5.0,5.0
FL.CTC.05,2023-08-31 04:10:00,2023-08-31 05:30:00,17,7.8,5.0
FL.CTC.05,2023-08-31 05:40:00,2023-08-31 05:40:00,1,8.5,5.0
FL.CTC.05,2025-05-10 18:00:00,2025-05-10 19:30:00,19,22.2,5.0
FL.CTC.05,2025-11-13 02:15:00,2025-11-13 04:25:00,27,25.1,5.0
FL.CTC.06,2019-06-10 14:20:00,2019-06-10 14:30:00,3,27.2,5.0
FL.CTC.06,2019-09-14 17:30:00,2019-09-14 17:45:00,4,5.8,5.0
FL.CTC.06,2019-09-16 00:05:00,2019-09-16 01:10:00,14,10.6,5.0
FL.CTC.06,2019-09-17 20:40:00,2019-09-17 21:50:00,15,10.8,5.0
FL.CTC.06,2019-09-23 05:25:00,2019-09-23 05:25:00,1,5.1,5.0
FL.CTC.06,2019-09-23 06:15:00,2019-09-23 06:15:00,1,5.4,5.0
FL.CTC.06,2019-09-23 10:45:00,2019-09-23 10:50:00,2,5.7,5.0
FL.CTC.06,2019-09-23 11:20:00,2019-09-23 11:20:00,1,5.4,5.0
FL.CTC.06,2019-09-23 11:30:00,2019-09-23 11:30:00,1,5.2,5.0
FL.CTC.06,2019-09-23 12:05:00,2019-09-23 12:05:00,1,5.1,5.0
FL.CTC.06,2019-09-23 12:35:00,2019-09-23 12:35:00,1,6.0,5.0
FL.CTC.06,2019-09-23 12:55:00,2019-09-23 13:00:00,2,5.3,5.0
FL.CTC.06,2019-09-23 13:15:00,2019-09-23 13:15:00,1,6.5,5.0
FL.CTC.06,2019-09-23 13:35:00,2019-09-23 13:35:00,1,5.9,5.0
FL.CTC.06,2019-09-23 13:50:00,2019-09-23 13:50:00,1,7.0,5.0
FL.CTC.06,2019-09-23 14:05:00,2019-09-23 14:10:00,2,6.2,5.0
FL.CTC.06,2019-09-23 14:20:00,2019-09-23 14:20:00,1,5.8,5.0
FL.CTC.06,2019-09-23 14:35:00,2019-09-23 14:40:00,2,5.6,5.0
FL.CTC.06,2019-09-23 14:55:00,2019-09-23 14:55:00,1,7.0,5.0
FL.CTC.06,2019-09-23 15:10:00,2019-09-23 15:10:00,1,6.4,5.0
FL.CTC.06,2019-09-23 15:20:00,2019-09-23 18:15:00,36,10.4,5.0
FL.CTC.06,2019-09-23 18:35:00,2019-09-23 18:55:00,5,7.0,5.0
FL.CTC.06,2019-09-23 19:15:00,2019-09-23 19:25:00,3,7.9,5.0
FL.CTC.06,2019-09-23 20:10:00,2019-09-23 20:25:00,4,7.3,5.0
FL.CTC.06,2019-09-23 21:25:00,2019-09-23 21:25:00,1,5.4,5.0
FL.CTC.06,2019-09-23 21:45:00,2019-09-23 21:50:00,2,7.8,5.0
FL.CTC.06,2019-09-23 22:25:00,2019-09-23 22:25:00,1,6.5,5.0
FL.CTC.06,2019-09-23 22:35:00,2019-09-23 22:40:00,2,7.0,5.0
FL.CTC.06,2019-09-23 23:00:00,2019-09-23 23:10:00,3,6.7,5.0
FL.CTC.06,2019-09-23 23:35:00,2019-09-23 23:40:00,2,7.3,5.0
FL.CTC.06,2019-09-23 23:55:00,2019-09-24 00:00:00,2,7.3,5.0
FL.CTC.06,2019-09-24 00:20:00,2019-09-24 00:25:00,2,6.0,5.0
FL.CTC.06,2019-09-24 00:40:00,2019-09-24 00:45:00,2,7.4,5.0
FL.CTC.06,2019-09-24 01:00:00,2019-09-24 01:00:00,1,7.5,5.0
FL.CTC.06,2019-09-24 01:15:00,2019-09-24 01:20:00,2,7.2,5.0
FL.CTC.06,2019-09-24 01:30:00,2019-09-24 01:30:00,1,6.8,5.0
FL.CTC.06,2019-09-24 01:45:00,2019-09-24 01:45:00,1,5.8,5.0
FL.CTC.06,2019-09-24 01:55:00,2019-09-24 02:00:00,2,7.5,5.0
FL.CTC.06,2019-09-24 02:10:00,2019-09-24 02:10:00,1,9.2,5.0
FL.CTC.06,2019-09-24 02:20:00,2019-09-24 02:25:00,2,6.5,5.0
FL.CTC.06,2019-09-24 02:40:00,2019-09-24 02:40:00,1,10.3,5.0
FL.CTC.06,2019-09-24 02:55:00,2019-09-24 03:00:00,2,8.0,5.0
FL.CTC.06,2019-09-24 03:20:00,2019-09-24 03:25:00,2,8.9,5.0
FL.CTC.06,2019-09-24 03:35:00,2019-09-24 03:40:00,2,9.6,5.0
FL.CTC.06,2019-09-24 03:50:00,2019-09-24 03:55:00,2,5.9,5.0
FL.CTC.06,2019-09-24 04:05:00,2019-09-24 04:05:00,1,9.6,5.0
FL.CTC.06,2019-09-24 04:20:00,2019-09-24 04:20:00,1,10.6,5.0
FL.CTC.06,2019-09-24 04:45:00,2019-09-24 04:45:00,1,9.7,5.0
FL.CTC.06,2019-09-24 05:00:00,2019-09-24 05:10:00,3,9.1,5.0
FL.CTC.06,2019-09-24 05:20:00,2019-09-24 05:20:00,1,9.8,5.0
FL.CTC.06,2019-09-24 05:35:00,2019-09-24 05:35:00,1,8.8,5.0
FL.CTC.06,2019-09-24 05:50:00,2019-09-24 05:50:00,1,9.8,5.0
FL.CTC.06,2019-09-24 06:05:00,2019-09-24 06:05:00,1,10.1,5.0
FL.CTC.06,2019-09-24 06:20:00,2019-09-24 06:20:00,1,9.8,5.0
FL.CTC.06,2019-09-24 06:30:00,2019-09-24 06:35:00,2,6.0,5.0
FL.CTC.06,2019-09-24 06:45:00,2019-09-24 06:45:00,1,9.7,5.0
FL.CTC.06,2019-09-24 06:55:00,2019-09-24 06:55:00,1,9.0,5.0
FL.CTC.06,2019-09-24 07:05:00,2019-09-24 07:10:00,2,5.4,5.0
FL.CTC.06,2019-09-24 07:20:00,2019-09-24 07:20:00,1,8.6,5.0
FL.CTC.06,2019-09-24 07:30:00,2019-09-24 07:30:00,1,8.5,5.0
FL.CTC.06,2019-09-24 07:45:00,2019-09-24 07:45:00,1,8.0,5.0
FL.CTC.06,2019-09-24 07:55:00,2019-09-24 08:00:00,2,7.2,5.0
FL.CTC.06,2019-09-24 08:10:00,2019-09-24 08:10:00,1,8.7,5.0
FL.CTC.06,2019-09-24 08:25:00,2019-09-24 08:25:00,1,9.2,5.0
FL.CTC.06,2019-09-24 08:40:00,2019-09-24 08:45:00,2,8.6,5.0
FL.CTC.06,2019-09-24 08:55:00,2019-09-24 09:00:00,2,9.6,5.0
FL.CTC.06,2019-10-02 13:35:00,2019-10-02 15:00:00,18,7.4,5.0
FL.CTC.06,2019-10-02 15:10:00,2019-10-02 15:15:00,2,5.6,5.0
FL.CTC.06,2019-10-02 15:40:00,2019-10-02 15:55:00,4,5.5,5.0
FL.CTC.06,2019-10-02 16:20:00,2019-10-02 16:25:00,2,5.8,5.0
FL.CTC.06,2019-10-02 16:45:00,2019-10-02 16:45:00,1,5.9,5.0
FL.CTC.06,2019-10-02 17:05:00,2019-10-02 17:10:00,2,5.6,5.0
FL.CTC.06,2019-10-02 17:35:00,2019-10-02 17:35:00,1,5.5,5.0
FL.CTC.06,2019-10-02 18:00:00,2019-10-02 18:00:00,1,6.1,5.0
FL.CTC.06,2019-10-02 18:35:00,2019-10-02 18:35:00,1,5.8,5.0
FL.CTC.06,2019-10-02 19:35:00,2019-10-02 19:35:00,1,5.5,5.0
FL.CTC.06,2019-10-03 17:35:00,2019-10-03 18:25:00,11,8.7,5.0
FL.CTC.06,2019-10-03 18:35:00,2019-10-03 18:35:00,1,6.1,5.0
FL.CTC.06,2019-10-03 18:45:00,2019-10-03 18:50:00,2,5.3,5.0
FL.CTC.06,2019-10-03 19:10:00,2019-10-03 19:10:00,1,5.5,5.0
FL.CTC.06,2019-10-03 19:25:00,2019-10-03 19:25:00,1,6.0,5.0
FL.CTC.06,2019-10-03 19:45:00,2019-10-03 19:45:00,1,6.3,5.0
FL.CTC.06,2019-10-03 20:05:00,2019-10-03 20:05:00,1,6.5,5.0
FL.CTC.06,2019-10-03 20:25:00,2019-10-03 20:25:00,1,6.6,5.0
FL.CTC.06,2019-10-03 20:40:00,2019-10-03 20:40:00,1,5.9,5.0
FL.CTC.06,2019-10-03 21:00:00,2019-10-03 21:00:00,1,6.4,5.0
FL.CTC.06,2019-10-03 22:00:00,2019-10-03 22:00:00,1,5.0,5.0
FL.CTC.06,2019-10-03 22:10:00,2019-10-03 22:10:00,1,6.2,5.0
FL.CTC.06,2019-10-04 13:30:00,2019-10-04 13:30:00,1,5.1,5.0
FL.CTC.06,2019-10-04 19:40:00,2019-10-04 19:40:00,1,5.3,5.0
FL.CTC.06,2019-10-04 20:05:00,2019-10-04 20:05:00,1,5.8,5.0
FL.CTC.06,2019-10-04 20:35:00,2019-10-04 20:35:00,1,5.2,5.0
FL.CTC.06,2019-10-04 20:50:00,2019-10-04 20:50:00,1,5.4,5.0
FL.CTC.06,2019-10-04 21:10:00,2019-10-04 21:10:00,1,5.2,5.0
FL.CTC.06,2019-10-04 21:45:00,2019-10-04 21:45:00,1,5.0,5.0
FL.CTC.06,2019-10-05 13:05:00,2019-10-05 13:55:00,11,8.3,5.0
FL.CTC.06,2019-10-05 14:10:00,2019-10-05 14:15:00,2,5.6,5.0
FL.CTC.06,2019-10-05 17:00:00,2019-10-05 17:00:00,1,5.6,5.0
FL.CTC.06,2019-10-05 17:20:00,2019-10-05 17:30:00,3,5.5,5.0
FL.CTC.06,2019-10-05 17:55:00,2019-10-05 18:30:00,8,6.9,5.0
FL.CTC.06,2019-10-05 18:55:00,2019-10-05 19:25:00,7,6.0,5.0
FL.CTC.06,2019-10-05 20:40:00,2019-10-05 21:00:00,5,6.7,5.0
FL.CTC.06,2019-10-05 21:25:00,2019-10-05 21:30:00,2,6.3,5.0
FL.CTC.06,2019-10-05 21:50:00,2019-10-05 22:00:00,3,6.1,5.0
FL.CTC.06,2019-10-05 22:15:00,2019-10-05 22:15:00,1,5.2,5.0
FL.CTC.06,2019-10-05 23:00:00,2019-10-05 23:00:00,1,6.4,5.0
FL.CTC.06,2019-10-05 23:10:00,2019-10-05 23:15:00,2,5.2,5.0
FL.CTC.06,2019-10-05 23:30:00,2019-10-05 23:35:00,2,6.3,5.0
FL.CTC.06,2019-10-05 23:50:00,2019-10-05 23:50:00,1,6.2,5.0
FL.CTC.06,2019-10-06 00:05:00,2019-10-06 00:15:00,3,5.5,5.0
FL.CTC.06,2019-10-06 00:30:00,2019-10-06 00:30:00,1,5.6,5.0
FL.CTC.06,2019-10-06 00:50:00,2019-10-06 00:50:00,1,6.7,5.0
FL.CTC.06,2019-10-06 01:00:00,2019-10-06 01:00:00,1,6.6,5.0
FL.CTC.06,2019-10-06 02:20:00,2019-10-06 02:20:00,1,6.8,5.0
FL.CTC.06,2019-10-06 02:40:00,2019-10-06 02:45:00,2,7.1,5.0
FL.CTC.06,2019-10-06 03:10:00,2019-10-06 03:10:00,1,6.4,5.0
FL.CTC.06,2019-10-06 03:25:00,2019-10-06 03:30:00,2,5.7,5.0
FL.CTC.06,2019-10-06 03:40:00,2019-10-06 03:40:00,1,6.5,5.0
FL.CTC.06,2019-10-06 03:55:00,2019-10-06 03:55:00,1,6.7,5.0
FL.CTC.06,2019-10-06 04:10:00,2019-10-06 04:15:00,2,5.7,5.0
FL.CTC.06,2019-10-06 04:55:00,2019-10-06 04:55:00,1,5.3,5.0
FL.CTC.06,2019-10-06 05:05:00,2019-10-06 05:10:00,2,6.7,5.0
FL.CTC.06,2019-10-06 05:35:00,2019-10-06 05:50:00,4,6.7,5.0
FL.CTC.06,2019-10-06 06:30:00,2019-10-06 06:30:00,1,5.2,5.0
FL.CTC.06,2019-10-06 14:55:00,2019-10-06 15:40:00,10,8.4,5.0
FL.CTC.06,2019-10-06 15:50:00,2019-10-06 16:05:00,4,7.5,5.0
FL.CTC.06,2019-10-06 16:15:00,2019-10-06 16:20:00,2,6.7,5.0
FL.CTC.06,2019-10-06 16:35:00,2019-10-06 16:45:00,3,7.2,5.0
FL.CTC.06,2019-10-06 16:55:00,2019-10-06 17:00:00,2,8.0,5.0
FL.CTC.06,2019-10-06 17:10:00,2019-10-06 17:20:00,3,8.0,5.0
FL.CTC.06,2019-10-06 17:30:00,2019-10-06 17:35:00,2,7.6,5.0
FL.CTC.06,2019-10-06 17:50:00,2019-10-06 17:55:00,2,8.1,5.0
FL.CTC.06,2019-10-06 18:05:00,2019-10-06 18:10:00,2,5.5,5.0
FL.CTC.06,2019-10-06 18:25:00,2019-10-06 18:30:00,2,7.3,5.0
FL.CTC.06,2019-10-06 18:40:00,2019-10-06 18:45:00,2,7.4,5.0
FL.CTC.06,2019-10-06 18:55:00,2019-10-06 19:05:00,3,6.8,5.0
FL.CTC.06,2019-10-06 19:15:00,2019-10-06 19:30:00,4,7.5,5.0
FL.CTC.06,2019-10-06 19:40:00,2019-10-06 19:40:00,1,5.9,5.0
FL.CTC.06,2019-10-06 19:55:00,2019-10-06 20:00:00,2,7.4,5.0
FL.CTC.06,2019-10-06 20:10:00,2019-10-06 20:25:00,4,6.3,5.0
FL.CTC.06,2019-10-06 21:35:00,2019-10-06 21:40:00,2,6.4,5.0
FL.CTC.06,2019-10-06 22:40:00,2019-10-06 22:45:00,2,7.8,5.0
FL.CTC.06,2019-10-09 14:30:00,2019-10-09 15:10:00,9,7.1,5.0
FL.CTC.06,2019-10-09 17:05:00,2019-10-09 17:10:00,2,5.8,5.0
FL.CTC.06,2019-10-09 17:30:00,2019-10-09 17:30:00,1,5.1,5.0
FL.CTC.06,2019-10-09 18:00:00,2019-10-09 18:05:00,2,5.7,5.0
FL.CTC.06,2019-10-09 18:15:00,2019-10-09 18:15:00,1,6.0,5.0
FL.CTC.06,2019-10-09 19:05:00,2019-10-09 19:05:00,1,6.2,5.0
FL.CTC.06,2019-10-09 19:15:00,2019-10-09 19:15:00,1,5.0,5.0
FL.CTC.06,2019-10-09 19:55:00,2019-10-09 19:55:00,1,6.5,5.0
FL.CTC.06,2019-10-10 14:30:00,2019-10-10 15:20:00,11,7.4,5.0
FL.CTC.06,2019-10-12 13:40:00,2019-10-12 15:25:00,22,9.8,5.0
FL.CTC.06,2019-10-12 15:50:00,2019-10-12 15:55:00,2,5.2,5.0
FL.CTC.06,2019-10-12 16:05:00,2019-10-12 16:40:00,8,5.8,5.0
FL.CTC.06,2019-10-13 05:10:00,2019-10-13 05:15:00,2,6.4,5.0
FL.CTC.06,2019-10-13 21:55:00,2019-10-14 02:10:00,52,8.6,5.0
FL.CTC.06,2019-10-14 02:25:00,2019-10-14 02:25:00,1,5.6,5.0
FL.CTC.06,2019-10-14 02:40:00,2019-10-14 02:40:00,1,5.2,5.0
FL.CTC.06,2019-10-14 03:10:00,2019-10-14 03:10:00,1,5.2,5.0
FL.CTC.06,2019-10-14 03:55:00,2019-10-14 03:55:00,1,5.0,5.0
FL.CTC.06,2019-10-14 04:20:00,2019-10-14 04:20:00,1,5.7,5.0
FL.CTC.06,2019-10-14 04:35:00,2019-10-14 04:35:00,1,5.1,5.0
FL.CTC.06,2019-10-14 05:00:00,2019-10-14 05:00:00,1,5.2,5.0
FL.CTC.06,2019-10-14 05:20:00,2019-10-14 05:20:00,1,5.1,5.0
FL.CTC.06,2019-10-14 06:15:00,2019-10-14 06:15:00,1,5.1,5.0
FL.CTC.06,2019-10-14 07:35:00,2019-10-14 07:40:00,2,5.9,5.0
FL.CTC.06,2019-10-14 07:50:00,2019-10-14 09:20:00,19,9.2,5.0
FL.CTC.06,2019-10-14 09:40:00,2019-10-14 10:00:00,5,5.8,5.0
FL.CTC.06,2019-10-15 05:15:00,2019-10-15 05:15:00,1,6.1,5.0
FL.CTC.06,2019-10-22 15:55:00,2019-10-22 16:30:00,8,6.2,5.0
FL.CTC.06,2019-10-22 16:45:00,2019-10-22 16:45:00,1,5.2,5.0
FL.CTC.06,2019-10-22 18:20:00,2019-10-22 18:20:00,1,5.1,5.0
FL.CTC.06,2019-10-28 02:10:00,2019-10-28 05:10:00,37,9.7,5.0
FL.CTC.06,2019-11-03 20:25:00,2019-11-04 00:35:00,51,11.4,5.0
FL.CTC.06,2019-11-04 00:45:00,2019-11-04 00:50:00,2,5.1,5.0
FL.CTC.06,2019-11-04 01:05:00,2019-11-04 01:05:00,1,5.3,5.0
FL.CTC.06,2019-11-04 01:20:00,2019-11-04 01:20:00,1,5.5,5.0
FL.CTC.06,2019-11-04 01:30:00,2019-11-04 05:30:00,49,6.4,5.0
FL.CTC.06,2019-11-17 01:00:00,2019-11-17 05:10:00,51,8.0,5.0
FL.CTC.06,2020-04-08 01:40:00,2020-04-08 01:40:00,1,5.0,5.0
FL.CTC.06,2020-04-13 14:25:00,2020-04-13 15:15:00,11,6.6,5.0
FL.CTC.06,2020-04-13 18:05:00,2020-04-13 18:05:00,1,5.0,5.0
FL.CTC.06,2020-04-13 18:40:00,2020-04-13 18:40:00,1,5.1,5.0
FL.CTC.06,2020-04-13 19:10:00,2020-04-13 19:10:00,1,5.1,5.0
FL.CTC.06,2020-04-13 19:20:00,2020-04-13 19:20:00,1,5.6,5.0
FL.CTC.06,2020-04-13 19:30:00,2020-04-13 19:30:00,1,5.5,5.0
FL.CTC.06,2020-04-13 19:40:00,2020-04-13 19:55:00,4,5.7,5.0
FL.CTC.06,2020-04-13 20:05:00,2020-04-13 20:10:00,2,5.4,5.0
FL.CTC.06,2020-04-13 20:25:00,2020-04-13 20:50:00,6,5.7,5.0
FL.CTC.06,2020-04-13 21:00:00,2020-04-13 21:00:00,1,5.2,5.0
FL.CTC.06,2020-04-13 21:30:00,2020-04-13 21:40:00,3,5.7,5.0
FL.CTC.06,2020-04-13 21:50:00,2020-04-13 21:50:00,1,5.5,5.0
FL.CTC.06,2020-04-13 22:00:00,2020-04-13 22:05:00,2,5.6,5.0
FL.CTC.06,2020-04-13 22:15:00,2020-04-13 22:40:00,6,5.2,5.0
FL.CTC.06,2020-04-13 23:10:00,2020-04-13 23:20:00,3,5.3,5.0
FL.CTC.06,2020-04-14 01:20:00,2020-04-14 01:20:00,1,5.0,5.0
FL.CTC.06,2020-04-14 01:50:00,2020-04-14 01:50:00,1,5.0,5.0
FL.CTC.06,2020-04-18 13:05:00,2020-04-18 13:55:00,11,9.6,5.0
FL.CTC.06,2020-04-19 06:20:00,2020-04-19 06:20:00,1,5.0,5.0
FL.CTC.06,2020-04-25 12:45:00,2020-04-26 05:30:00,202,10.4,5.0
FL.CTC.06,2020-04-26 06:10:00,2020-04-26 06:20:00,3,5.3,5.0
FL.CTC.06,2020-04-26 06:30:00,2020-04-26 06:50:00,5,6.1,5.0
FL.CTC.06,2020-04-26 07:25:00,2020-04-26 07:30:00,2,5.9,5.0
FL.CTC.06,2020-04-26 07:50:00,2020-04-26 07:50:00,1,6.2,5.0
FL.CTC.06,2020-04-29 11:35:00,2020-04-29 18:15:00,81,10.7,5.0
FL.CTC.06,2020-04-29 18:25:00,2020-04-29 18:50:00,6,6.7,5.0
FL.CTC.06,2020-04-29 19:00:00,2020-04-29 19:20:00,5,6.9,5.0
FL.CTC.06,2020-04-29 19:35:00,2020-04-29 19:40:00,2,6.5,5.0
FL.CTC.06,2020-04-29 20:00:00,2020-04-29 20:00:00,1,6.6,5.0
FL.CTC.06,2020-04-29 20:20:00,2020-04-29 20:20:00,1,6.8,5.0
FL.CTC.06,2020-04-29 20:35:00,2020-04-29 20:45:00,3,5.8,5.0
FL.CTC.06,2020-04-29 20:55:00,2020-04-29 20:55:00,1,6.5,5.0
FL.CTC.06,2020-04-29 21:10:00,2020-04-29 21:10:00,1,6.3,5.0
FL.CTC.06,2020-04-29 21:25:00,2020-04-29 21:25:00,1,6.1,5.0
FL.CTC.06,2020-04-29 21:35:00,2020-04-29 21:35:00,1,5.1,5.0
FL.CTC.06,2020-04-29 21:45:00,2020-04-29 21:50:00,2,6.4,5.0
FL.CTC.06,2020-04-29 22:05:00,2020-04-29 22:05:00,1,5.2,5.0
FL.CTC.06,2020-04-29 22:15:00,2020-04-29 22:15:00,1,5.2,5.0
FL.CTC.06,2020-04-29 22:40:00,2020-04-29 22:40:00,1,5.5,5.0
FL.CTC.06,2020-04-29 23:40:00,2020-04-29 23:40:00,1,5.6,5.0
FL.CTC.06,2020-04-30 00:05:00,2020-04-30 00:05:00,1,5.2,5.0
FL.CTC.06,2020-04-30 05:35:00,2020-04-30 05:40:00,2,6.1,5.0
FL.CTC.06,2020-04-30 05:50:00,2020-04-30 05:50:00,1,5.3,5.0
FL.CTC.06,2020-04-30 06:00:00,2020-04-30 06:00:00,1,5.3,5.0
FL.CTC.06,2020-04-30 06:10:00,2020-04-30 06:15:00,2,5.5,5.0
FL.CTC.06,2020-04-30 06:40:00,2020-04-30 06:45:00,2,6.5,5.0
FL.CTC.06,2020-04-30 07:05:00,2020-04-30 07:05:00,1,5.0,5.0
FL.CTC.06,2020-04-30 10:50:00,2020-04-30 10:55:00,2,6.6,5.0
FL.CTC.06,2020-04-30 11:10:00,2020-04-30 11:20:00,3,6.6,5.0
FL.CTC.06,2020-04-30 11:40:00,2020-04-30 11:45:00,2,5.5,5.0
FL.CTC.06,2020-04-30 12:00:00,2020-04-30 12:05:00,2,6.7,5.0
FL.CTC.06,2020-04-30 12:25:00,2020-04-30 12:25:00,1,5.4,5.0
FL.CTC.06,2020-04-30 12:50:00,2020-04-30 12:50:00,1,5.4,5.0
FL.CTC.06,2020-04-30 13:10:00,2020-04-30 13:10:00,1,5.8,5.0
FL.CTC.06,2020-04-30 13:30:00,2020-04-30 13:30:00,1,6.4,5.0
FL.CTC.06,2020-05-12 08:25:00,2020-05-12 09:55:00,19,8.8,5.0
FL.CTC.06,2020-05-12 10:05:00,2020-05-12 10:05:00,1,8.7,5.0
FL.CTC.06,2020-05-12 10:15:00,2020-05-12 10:15:00,1,6.2,5.0
FL.CTC.06,2020-05-13 00:15:00,2020-05-13 01:30:00,16,6.9,5.0
FL.CTC.06,2020-05-13 01:40:00,2020-05-13 01:40:00,1,5.4,5.0
FL.CTC.06,2020-05-13 01:50:00,2020-05-13 01:50:00,1,5.2,5.0
FL.CTC.06,2020-05-13 02:25:00,2020-05-13 02:55:00,7,6.9,5.0
FL.CTC.06,2020-05-13 03:25:00,2020-05-13 03:25:00,1,5.9,5.0
FL.CTC.06,2020-05-13 03:35:00,2020-05-13 04:05:00,7,8.2,5.0
FL.CTC.06,2020-05-13 04:15:00,2020-05-13 04:15:00,1,7.1,5.0
FL.CTC.06,2020-05-13 04:25:00,2020-05-13 04:25:00,1,5.1,5.0
FL.CTC.06,2020-05-13 04:35:00,2020-05-13 04:35:00,1,5.8,5.0
FL.CTC.06,2020-05-13 05:15:00,2020-05-13 05:25:00,3,7.3,5.0
FL.CTC.06,2020-05-13 05:40:00,2020-05-13 05:40:00,1,7.2,5.0
FL.CTC.06,2020-05-13 05:55:00,2020-05-13 05:55:00,1,5.5,5.0
FL.CTC.06,2020-05-13 06:15:00,2020-05-13 06:15:00,1,6.9,5.0
FL.CTC.06,2020-05-13 06:35:00,2020-05-13 06:35:00,1,8.0,5.0
FL.CTC.06,2020-05-13 06:50:00,2020-05-13 06:50:00,1,5.2,5.0
FL.CTC.06,2020-05-13 07:05:00,2020-05-13 07:05:00,1,7.9,5.0
FL.CTC.06,2020-05-13 07:25:00,2020-05-13 07:55:00,7,8.1,5.0
FL.CTC.06,2020-05-13 08:05:00,2020-05-13 08:15:00,3,8.7,5.0
FL.CTC.06,2020-05-13 08:35:00,2020-05-13 09:05:00,7,8.9,5.0
FL.CTC.06,2020-05-13 09:30:00,2020-05-13 09:30:00,1,6.4,5.0
FL.CTC.06,2020-05-13 10:15:00,2020-05-13 10:25:00,3,9.5,5.0
FL.CTC.06,2020-05-13 10:35:00,2020-05-13 10:40:00,2,8.5,5.0
FL.CTC.06,2020-05-14 07:25:00,2020-05-14 07:25:00,1,7.1,5.0
FL.CTC.06,2020-05-14 07:50:00,2020-05-14 07:50:00,1,5.2,5.0
FL.CTC.06,2020-05-14 12:35:00,2020-05-14 16:10:00,44,12.1,5.0
FL.CTC.06,2021-02-14 12:30:00,2021-02-14 12:35:00,2,5.0,5.0
FL.CTC.06,2021-02-14 12:45:00,2021-02-14 12:50:00,2,5.0,5.0
FL.CTC.06,2021-02-14 13:20:00,2021-02-14 13:20:00,1,5.0,5.0
FL.CTC.06,2021-02-14 13:30:00,2021-02-14 13:50:00,5,5.1,5.0
FL.CTC.06,2021-02-15 12:35:00,2021-02-15 12:35:00,1,5.0,5.0
FL.CTC.06,2021-02-15 12:50:00,2021-02-15 12:50:00,1,5.0,5.0
FL.CTC.06,2021-02-15 13:05:00,2021-02-15 13:10:00,2,5.0,5.0
FL.CTC.06,2021-02-15 14:55:00,2021-02-15 15:05:00,3,5.1,5.0
FL.CTC.06,2021-02-16 11:50:00,2021-02-16 11:50:00,1,5.0,5.0
FL.CTC.06,2021-02-16 12:00:00,2021-02-16 12:05:00,2,5.0,5.0
FL.CTC.06,2021-02-16 12:35:00,2021-02-16 13:50:00,16,5.2,5.0
FL.CTC.06,2021-02-17 11:55:00,2021-02-17 12:15:00,5,5.0,5.0
FL.CTC.06,2021-02-17 12:40:00,2021-02-17 13:00:00,5,5.1,5.0
FL.CTC.06,2021-02-17 13:10:00,2021-02-17 14:05:00,12,5.2,5.0
FL.CTC.06,2021-02-22 12:00:00,2021-02-22 12:10:00,3,5.0,5.0
FL.CTC.06,2021-02-22 12:20:00,2021-02-22 14:35:00,28,5.3,5.0
FL.CTC.06,2021-02-22 14:45:00,2021-02-22 15:20:00,8,5.1,5.0
FL.CTC.06,2021-02-22 15:45:00,2021-02-22 16:05:00,5,5.0,5.0
FL.CTC.06,2021-02-23 10:35:00,2021-02-23 15:45:00,63,5.7,5.0
FL.CTC.06,2021-02-24 10:25:00,2021-02-24 12:45:00,29,5.5,5.0
FL.CTC.06,2021-02-25 10:20:00,2021-02-25 11:15:00,12,6.2,5.0
FL.CTC.06,2021-02-25 11:40:00,2021-02-25 12:35:00,12,6.3,5.0
FL.CTC.06,2021-05-18 15:50:00,2021-05-18 15:50:00,1,7.2,5.0
FL.CTC.06,2021-07-09 13:25:00,2021-07-09 13:30:00,2,5.3,5.0
FL.CTC.06,2021-07-10 14:00:00,2021-07-10 14:05:00,2,5.3,5.0
FL.CTC.06,2021-07-10 23:35:00,2021-07-10 23:40:00,2,5.2,5.0
FL.CTC.06,2021-07-24 14:40:00,2021-07-24 14:50:00,3,5.4,5.0
FL.CTC.06,2021-07-25 14:35:00,2021-07-25 15:00:00,6,5.3,5.0
FL.CTC.06,2021-07-26 16:50:00,2021-07-26 17:10:00,5,5.8,5.0
FL.CTC.06,2021-07-28 14:20:00,2021-07-28 14:40:00,5,7.3,5.0
FL.CTC.06,2021-07-29 19:20:00,2021-07-29 19:30:00,3,5.6,5.0
FL.CTC.06,2021-07-30 15:50:00,2021-07-30 16:10:00,5,6.9,5.0
FL.CTC.06,2021-07-30 16:20:00,2021-07-30 16:20:00,1,5.0,5.0
FL.CTC.06,2021-08-02 16:15:00,2021-08-02 16:15:00,1,5.1,5.0
FL.CTC.06,2021-08-02 18:10:00,2021-08-02 18:15:00,2,5.7,5.0
FL.CTC.06,2021-08-05 17:15:00,2021-08-05 17:20:00,2,5.9,5.0
FL.CTC.06,2021-08-06 14:50:00,2021-08-06 15:00:00,3,5.8,5.0
FL.CTC.06,2021-08-07 16:30:00,2021-08-07 16:45:00,4,6.3,5.0
FL.CTC.06,2021-08-07 16:55:00,2021-08-07 17:05:00,3,5.5,5.0
FL.CTC.06,2021-08-11 17:15:00,2021-08-11 17:55:00,9,6.2,5.0
FL.CTC.06,2021-08-11 18:05:00,2021-08-11 18:10:00,2,5.1,5.0
FL.CTC.06,2021-08-12 00:05:00,2021-08-12 00:05:00,1,5.0,5.0
FL.CTC.06,2021-08-12 01:25:00,2021-08-12 01:25:00,1,5.2,5.0
FL.CTC.06,2021-08-12 20:30:00,2021-08-12 20:35:00,2,5.3,5.0
FL.CTC.06,2021-08-14 18:20:00,2021-08-14 18:40:00,5,7.1,5.0
FL.CTC.06,2021-08-17 16:45:00,2021-08-17 16:55:00,3,6.1,5.0
FL.CTC.06,2021-08-21 05:40:00,2021-08-21 05:55:00,4,5.5,5.0
FL.CTC.06,2021-08-21 06:05:00,2021-08-21 06:05:00,1,5.1,5.0
FL.CTC.06,2021-08-21 06:15:00,2021-08-21 06:40:00,6,5.5,5.0
FL.CTC.06,2021-08-26 15:35:00,2021-08-26 15:50:00,4,5.5,5.0
FL.CTC.06,2021-08-27 12:40:00,2021-08-27 12:45:00,2,5.4,5.0
FL.CTC.06,2021-08-27 12:55:00,2021-08-27 13:20:00,6,5.5,5.0
FL.CTC.06,2021-08-28 11:25:00,2021-08-28 11:25:00,1,5.2,5.0
FL.CTC.06,2021-08-28 11:35:00,2021-08-28 11:40:00,2,5.4,5.0
FL.CTC.06,2021-08-30 13:20:00,2021-08-30 13:20:00,1,5.2,5.0
FL.CTC.06,2021-09-04 17:50:00,2021-09-04 17:50:00,1,5.7,5.0
FL.CTC.06,2021-09-21 22:55:00,2021-09-21 23:05:00,3,5.5,5.0
FL.CTC.06,2021-09-22 19:00:00,2021-09-22 19:00:00,1,5.1,5.0
FL.CTC.06,2021-10-01 12:40:00,2021-10-01 12:50:00,3,5.3,5.0
FL.CTC.06,2021-10-01 13:00:00,2021-10-01 13:15:00,4,5.8,5.0
FL.CTC.06,2021-10-01 13:35:00,2021-10-01 13:45:00,3,5.3,5.0
FL.CTC.06,2021-10-02 14:40:00,2021-10-02 14:55:00,4,5.6,5.0
FL.CTC.06,2021-10-03 16:25:00,2021-10-03 16:25:00,1,5.0,5.0
FL.CTC.06,2021-10-03 20:45:00,2021-10-03 21:05:00,5,5.4,5.0
FL.CTC.06,2021-10-04 15:35:00,2021-10-04 15:45:00,3,5.5,5.0
FL.CTC.06,2021-10-06 17:00:00,2021-10-06 17:00:00,1,5.4,5.0
FL.CTC.06,2021-10-08 14:30:00,2021-10-08 14:50:00,5,6.1,5.0
FL.CTC.06,2021-10-09 11:45:00,2021-10-09 12:15:00,7,6.6,5.0
FL.CTC.06,2021-10-14 15:50:00,2021-10-14 17:05:00,16,6.5,5.0
FL.CTC.06,2021-10-30 16:55:00,2021-10-30 17:25:00,7,5.9,5.0
FL.CTC.06,2021-11-20 15:20:00,2021-11-20 15:30:00,3,6.3,5.0
FL.CTC.06,2022-01-27 14:15:00,2022-01-27 14:20:00,2,5.4,5.0
FL.CTC.06,2022-02-09 14:05:00,2022-02-09 14:20:00,4,6.3,5.0
FL.CTC.06,2022-02-10 15:00:00,2022-02-10 15:20:00,5,5.7,5.0
FL.CTC.06,2022-02-11 14:10:00,2022-02-11 14:10:00,1,5.1,5.0
FL.CTC.06,2022-02-13 14:35:00,2022-02-13 14:45:00,3,5.8,5.0
FL.CTC.06,2022-02-13 15:10:00,2022-02-13 15:15:00,2,5.1,5.0
FL.CTC.06,2022-02-15 19:45:00,2022-02-15 19:55:00,3,6.0,5.0
FL.CTC.06,2022-02-17 12:15:00,2022-02-17 12:20:00,2,5.6,5.0
FL.CTC.06,2022-03-10 13:50:00,2022-03-10 13:55:00,2,5.1,5.0
FL.CTC.06,2022-03-20 14:35:00,2022-03-20 14:35:00,1,5.3,5.0
FL.CTC.06,2022-03-20 15:00:00,2022-03-20 15:20:00,5,5.5,5.0
FL.CTC.06,2022-03-21 03:10:00,2022-03-21 03:15:00,2,6.1,5.0
FL.CTC.06,2022-03-21 03:40:00,2022-03-21 03:40:00,1,5.1,5.0
FL.CTC.06,2022-04-18 17:45:00,2022-04-18 17:45:00,1,5.1,5.0
FL.CTC.06,2022-04-18 18:50:00,2022-04-18 19:10:00,5,5.4,5.0
FL.CTC.06,2022-04-21 09:35:00,2022-04-21 10:00:00,6,6.4,5.0
FL.CTC.06,2022-04-21 10:15:00,2022-04-21 10:45:00,7,5.5,5.0
FL.CTC.06,2022-04-21 10:55:00,2022-04-21 10:55:00,1,5.1,5.0
FL.CTC.06,2022-04-24 12:45:00,2022-04-24 13:15:00,7,5.8,5.0
FL.CTC.06,2022-04-26 11:20:00,2022-04-26 11:20:00,1,5.0,5.0
FL.CTC.06,2022-05-07 14:00:00,2022-05-07 14:10:00,3,6.6,5.0
FL.CTC.06,2022-05-08 15:00:00,2022-05-08 15:00:00,1,5.2,5.0
FL.CTC.06,2022-05-08 15:10:00,2022-05-08 15:10:00,1,5.1,5.0
FL.CTC.06,2022-05-09 15:15:00,2022-05-09 15:15:00,1,5.3,5.0
FL.CTC.06,2022-05-09 15:35:00,2022-05-09 15:55:00,5,5.9,5.0
FL.CTC.06,2022-05-09 16:05:00,2022-05-09 16:20:00,4,6.2,5.0
FL.CTC.06,2022-05-10 00:25:00,2022-05-10 00:25:00,1,5.1,5.0
FL.CTC.06,2022-05-11 07:55:00,2022-05-11 07:55:00,1,5.0,5.0
FL.CTC.06,2022-05-16 16:00:00,2022-05-16 16:15:00,4,6.3,5.0
FL.CTC.06,2022-05-17 16:55:00,2022-05-17 17:05:00,3,5.8,5.0
FL.CTC.06,2022-05-17 18:45:00,2022-05-17 19:00:00,4,5.7,5.0
FL.CTC.06,2022-05-17 19:10:00,2022-05-17 19:10:00,1,5.9,5.0
FL.CTC.06,2022-05-17 22:15:00,2022-05-17 22:20:00,2,5.3,5.0
FL.CTC.06,2022-05-17 22:50:00,2022-05-17 22:55:00,2,5.4,5.0
FL.CTC.06,2022-05-17 23:05:00,2022-05-17 23:35:00,7,5.3,5.0
FL.CTC.06,2022-05-17 23:50:00,2022-05-17 23:55:00,2,5.5,5.0
FL.CTC.06,2022-05-18 13:00:00,2022-05-18 13:00:00,1,5.1,5.0
FL.CTC.06,2022-05-18 13:30:00,2022-05-18 13:30:00,1,5.2,5.0
FL.CTC.06,2022-05-21 18:05:00,2022-05-21 18:05:00,1,5.6,5.0
FL.CTC.06,2022-05-29 16:40:00,2022-05-29 16:40:00,1,5.3,5.0
FL.CTC.06,2022-05-31 16:25:00,2022-05-31 16:25:00,1,5.3,5.0
FL.CTC.06,2022-06-11 18:20:00,2022-06-11 18:25:00,2,5.1,5.0
FL.CTC.06,2022-06-20 21:25:00,2022-06-20 21:45:00,5,6.1,5.0
FL.CTC.06,2022-06-20 21:55:00,2022-06-20 21:55:00,1,5.0,5.0
FL.CTC.06,2022-06-21 19:15:00,2022-06-21 19:15:00,1,5.5,5.0
FL.CTC.06,2022-06-21 19:25:00,2022-06-21 19:45:00,5,5.6,5.0
FL.CTC.06,2022-07-01 19:00:00,2022-07-01 19:00:00,1,5.4,5.0
FL.CTC.06,2022-07-01 19:15:00,2022-07-01 19:20:00,2,5.2,5.0
FL.CTC.06,2022-07-02 20:00:00,2022-07-02 20:05:00,2,5.7,5.0
FL.CTC.06,2022-07-20 20:35:00,2022-07-20 20:35:00,1,5.1,5.0
FL.CTC.06,2022-07-22 22:15:00,2022-07-22 22:20:00,2,5.5,5.0
FL.CTC.06,2022-07-24 13:05:00,2022-07-24 13:05:00,1,5.0,5.0
FL.CTC.06,2022-07-28 11:05:00,2022-07-28 11:05:00,1,5.1,5.0
FL.CTC.06,2022-07-28 11:15:00,2022-07-28 11:15:00,1,5.0,5.0
FL.CTC.06,2022-07-28 11:25:00,2022-07-28 11:30:00,2,5.4,5.0
FL.CTC.06,2022-08-01 22:50:00,2022-08-01 23:10:00,5,6.4,5.0
FL.CTC.06,2022-08-02 17:35:00,2022-08-02 17:35:00,1,5.0,5.0
FL.CTC.06,2022-08-03 18:40:00,2022-08-03 18:40:00,1,5.0,5.0
FL.CTC.06,2022-08-11 15:00:00,2022-08-11 15:00:00,1,5.0,5.0
FL.CTC.06,2022-08-16 15:15:00,2022-08-16 15:20:00,2,5.5,5.0
FL.CTC.06,2022-08-16 18:30:00,2022-08-16 18:30:00,1,5.2,5.0
FL.CTC.06,2022-08-24 20:30:00,2022-08-24 20:30:00,1,5.2,5.0
FL.CTC.06,2022-08-25 20:45:00,2022-08-25 20:50:00,2,6.0,5.0
FL.CTC.06,2022-08-29 20:25:00,2022-08-29 20:30:00,2,6.2,5.0
FL.CTC.06,2022-08-30 16:50:00,2022-08-30 16:50:00,1,5.0,5.0
FL.CTC.06,2022-09-01 14:30:00,2022-09-01 14:30:00,1,5.4,5.0
FL.CTC.06,2022-09-01 14:50:00,2022-09-01 15:00:00,3,5.6,5.0
FL.CTC.06,2022-09-03 10:45:00,2022-09-03 10:45:00,1,5.1,5.0
FL.CTC.06,2022-09-04 19:55:00,2022-09-04 19:55:00,1,5.8,5.0
FL.CTC.06,2022-09-04 20:30:00,2022-09-04 20:30:00,1,5.0,5.0
FL.CTC.06,2022-09-06 18:00:00,2022-09-06 18:00:00,1,5.2,5.0
FL.CTC.06,2022-09-06 18:40:00,2022-09-06 18:40:00,1,5.3,5.0
FL.CTC.06,2022-09-06 19:00:00,2022-09-06 19:05:00,2,5.3,5.0
FL.CTC.06,2022-09-06 20:05:00,2022-09-06 20:05:00,1,5.2,5.0
FL.CTC.06,2022-09-06 20:30:00,2022-09-06 20:30:00,1,5.0,5.0
FL.CTC.06,2022-09-10 00:40:00,2022-09-10 01:00:00,5,6.5,5.0
FL.CTC.06,2022-09-10 01:10:00,2022-09-10 01:10:00,1,5.0,5.0
FL.CTC.06,2022-09-10 18:20:00,2022-09-10 18:50:00,7,5.9,5.0
FL.CTC.06,2022-09-10 19:00:00,2022-09-10 19:00:00,1,5.0,5.0
FL.CTC.06,2022-09-12 16:10:00,2022-09-12 16:25:00,4,6.8,5.0
FL.CTC.06,2022-09-12 16:35:00,2022-09-12 16:40:00,2,5.6,5.0
FL.CTC.06,2022-09-18 20:10:00,2022-09-18 20:10:00,1,5.0,5.0
FL.CTC.06,2022-09-22 02:30:00,2022-09-22 02:45:00,4,6.5,5.0
FL.CTC.06,2022-09-23 11:55:00,2022-09-23 11:55:00,1,5.4,5.0
FL.CTC.06,2022-09-23 22:00:00,2022-09-23 22:05:00,2,5.1,5.0
FL.CTC.06,2022-09-23 22:20:00,2022-09-23 22:35:00,4,5.5,5.0
FL.CTC.06,2022-09-24 11:35:00,2022-09-24 11:40:00,2,5.2,5.0
FL.CTC.06,2022-09-24 12:50:00,2022-09-24 12:50:00,1,5.7,5.0
FL.CTC.06,2022-09-25 00:00:00,2022-09-25 00:00:00,1,5.0,5.0
FL.CTC.06,2022-09-25 00:15:00,2022-09-25 00:15:00,1,5.5,5.0
FL.CTC.06,2022-10-01 23:35:00,2022-10-01 23:45:00,3,5.5,5.0
FL.CTC.06,2022-10-02 00:00:00,2022-10-02 00:15:00,4,5.8,5.0
FL.CTC.06,2022-10-03 14:10:00,2022-10-03 14:10:00,1,5.9,5.0
FL.CTC.06,2022-10-03 14:25:00,2022-10-03 14:35:00,3,6.6,5.0
FL.CTC.06,2022-10-03 15:15:00,2022-10-03 15:35:00,5,6.0,5.0
FL.CTC.06,2022-10-03 15:45:00,2022-10-03 15:45:00,1,5.0,5.0
FL.CTC.06,2022-10-10 03:35:00,2022-10-10 03:45:00,3,5.9,5.0
FL.CTC.06,2022-11-14 17:30:00,2022-11-14 17:40:00,3,5.7,5.0
FL.CTC.06,2022-11-23 19:50:00,2022-11-23 20:25:00,8,6.7,5.0
FL.CTC.06,2022-11-24 19:30:00,2022-11-24 19:30:00,1,5.2,5.0
FL.CTC.06,2022-11-24 19:40:00,2022-11-24 19:40:00,1,5.5,5.0
FL.CTC.06,2022-11-25 20:00:00,2022-11-25 20:05:00,2,5.1,5.0
FL.CTC.06,2022-11-28 13:40:00,2022-11-28 13:45:00,2,5.2,5.0
FL.CTC.06,2022-11-29 20:25:00,2022-11-29 20:30:00,2,5.5,5.0
FL.CTC.06,2023-02-15 08:15:00,2023-02-15 08:15:00,1,5.0,5.0
FL.CTC.06,2023-03-28 07:20:00,2023-03-28 07:25:00,2,6.6,5.0
FL.CTC.06,2023-03-28 07:35:00,2023-03-28 07:35:00,1,5.0,5.0
FL.CTC.06,2023-03-28 07:45:00,2023-03-28 07:45:00,1,5.2,5.0
FL.CTC.06,2023-03-28 08:00:00,2023-03-28 08:05:00,2,5.3,5.0
FL.CTC.06,2023-03-29 08:15:00,2023-03-29 08:15:00,1,5.1,5.0
FL.CTC.06,2023-03-29 08:25:00,2023-03-29 08:25:00,1,5.2,5.0
FL.CTC.06,2023-03-29 08:50:00,2023-03-29 08:50:00,1,5.5,5.0
FL.CTC.06,2023-03-29 09:00:00,2023-03-29 09:05:00,2,5.5,5.0
FL.CTC.06,2023-03-29 09:15:00,2023-03-29 09:15:00,1,5.2,5.0
FL.CTC.06,2023-03-29 09:30:00,2023-03-29 09:30:00,1,5.2,5.0
FL.CTC.06,2023-04-20 08:10:00,2023-04-20 08:30:00,5,7.9,5.0
FL.CTC.06,2023-07-05 17:55:00,2023-07-05 17:55:00,1,5.2,5.0
FL.CTC.06,2023-07-22 00:35:00,2023-07-22 00:50:00,4,6.0,5.0
FL.CTC.06,2023-07-22 01:00:00,2023-07-22 01:55:00,12,7.8,5.0
FL.CTC.06,2023-07-23 19:00:00,2023-07-23 19:00:00,1,5.0,5.0
FL.CTC.06,2023-10-29 19:45:00,2023-10-29 19:45:00,1,5.3,5.0
FL.CTC.06,2023-11-07 17:15:00,2023-11-07 17:15:00,1,5.1,5.0
FL.CTC.06,2024-03-20 08:40:00,2024-03-20 08:40:00,1,5.0,5.0
FL.CTC.06,2024-05-07 11:35:00,2024-05-07 13:45:00,27,6.6,5.0
FL.CTC.06,2024-05-09 14:10:00,2024-05-09 14:20:00,3,5.1,5.0
FL.CTC.06,2024-05-12 15:45:00,2024-05-12 15:55:00,3,6.1,5.0
FL.CTC.06,2024-05-19 13:15:00,2024-05-19 13:30:00,4,5.9,5.0
FL.CTC.06,2024-05-19 20:20:00,2024-05-19 20:40:00,5,6.0,5.0
FL.CTC.06,2024-05-20 15:30:00,2024-05-20 15:30:00,1,5.3,5.0
FL.CTC.06,2024-05-24 04:20:00,2024-05-24 04:25:00,2,5.5,5.0
FL.CTC.06,2024-05-24 04:40:00,2024-05-24 04:40:00,1,5.0,5.0
FL.CTC.06,2024-05-30 16:45:00,2024-05-30 17:00:00,4,5.5,5.0
FL.CTC.06,2024-05-30 18:25:00,2024-05-30 18:25:00,1,5.0,5.0
FL.CTC.06,2024-05-30 20:40:00,2024-05-30 20:40:00,1,5.1,5.0
FL.CTC.06,2024-06-05 10:35:00,2024-06-05 10:35:00,1,7.9,5.0
FL.CTC.06,2024-07-11 18:30:00,2024-07-11 18:35:00,2,5.4,5.0
FL.CTC.06,2024-07-12 16:50:00,2024-07-12 16:50:00,1,5.0,5.0
FL.CTC.06,2024-07-20 15:50:00,2024-07-20 15:50:00,1,5.0,5.0
FL.CTC.06,2024-07-21 17:10:00,2024-07-21 17:10:00,1,5.0,5.0
FL.CTC.06,2024-07-29 17:15:00,2024-07-29 17:15:00,1,5.0,5.0
FL.CTC.06,2024-08-01 23:10:00,2024-08-01 23:10:00,1,5.2,5.0
FL.CTC.06,2024-08-06 21:15:00,2024-08-06 21:25:00,3,5.2,5.0
FL.CTC.06,2024-08-19 23:55:00,2024-08-20 00:00:00,2,5.6,5.0
FL.CTC.06,2024-08-20 00:25:00,2024-08-20 00:30:00,2,5.3,5.0
FL.CTC.06,2024-08-20 17:15:00,2024-08-20 17:25:00,3,6.1,5.0
FL.CTC.06,2024-08-24 18:20:00,2024-08-24 18:20:00,1,5.1,5.0
FL.CTC.06,2024-09-14 19:00:00,2024-09-14 19:10:00,3,6.0,5.0
FL.CTC.06,2024-09-24 20:00:00,2024-09-24 20:00:00,1,5.1,5.0
FL.CTC.06,2024-09-28 12:35:00,2024-09-28 12:35:00,1,5.6,5.0
FL.CTC.06,2024-10-02 00:50:00,2024-10-02 00:50:00,1,5.0,5.0
FL.CTC.06,2024-10-18 01:50:00,2024-10-18 02:05:00,4,5.6,5.0
FL.CTC.06,2024-11-01 17:30:00,2024-11-01 17:50:00,5,7.0,5.0
FL.CTC.06,2024-11-01 18:00:00,2024-11-01 18:10:00,3,5.1,5.0
FL.CTC.06,2024-11-18 00:50:00,2024-11-18 00:50:00,1,6.3,5.0
FL.CTC.06,2025-02-20 03:00:00,2025-02-20 03:05:00,2,5.4,5.0
FL.CTC.06,2025-05-10 17:50:00,2025-05-10 18:20:00,7,6.7,5.0
FL.CTC.06,2025-11-02 21:30:00,2025-11-02 21:30:00,1,5.0,5.0
FL.CTC.06,2025-11-02 21:45:00,2025-11-02 23:00:00,16,10.9,5.0
FL.CTC.06,2025-11-13 01:50:00,2025-11-13 03:05:00,16,12.7,5.0
FL.CTC.07,2019-05-09 06:50:00,2019-05-09 06:50:00,1,15.3,5.0
FL.CTC.07,2019-06-07 14:30:00,2019-06-07 15:15:00,10,19.7,5.0
FL.CTC.07,2019-09-14 17:25:00,2019-09-14 18:20:00,12,18.5,5.0
FL.CTC.07,2019-09-16 00:05:00,2019-09-16 00:30:00,6,14.1,5.0
FL.CTC.07,2019-09-17 20:40:00,2019-09-17 21:15:00,8,14.4,5.0
FL.CTC.07,2019-11-03 21:00:00,2019-11-03 22:10:00,15,24.9,5.0
FL.CTC.07,2020-04-25 13:10:00,2020-04-25 14:10:00,13,18.8,5.0
FL.CTC.07,2020-07-14 00:40:00,2020-07-14 00:55:00,4,8.2,5.0
FL.CTC.07,2020-09-10 14:20:00,2020-09-10 14:50:00,7,12.1,5.0
FL.CTC.07,2020-10-02 17:15:00,2020-10-02 18:45:00,19,23.6,5.0
FL.CTC.07,2021-03-29 12:15:00,2021-03-29 12:25:00,3,8.3,5.0
FL.CTC.07,2021-04-29 11:20:00,2021-04-29 11:30:00,3,9.6,5.0
FL.CTC.07,2021-07-01 22:45:00,2021-07-01 23:45:00,13,20.5,5.0
FL.CTC.07,2021-08-31 22:00:00,2021-08-31 22:55:00,12,15.3,5.0
FL.CTC.07,2021-09-28 11:55:00,2021-09-28 12:00:00,2,11.5,5.0
FL.CTC.07,2021-10-01 13:45:00,2021-10-01 13:50:00,2,7.5,5.0
FL.CTC.07,2021-10-14 16:15:00,2021-10-14 21:50:00,68,44.5,5.0
FL.CTC.07,2022-05-09 16:10:00,2022-05-09 16:45:00,8,18.2,5.0
FL.CTC.07,2022-05-17 19:10:00,2022-05-17 19:45:00,8,18.1,5.0
FL.CTC.07,2022-05-17 22:55:00,2022-05-18 04:30:00,68,41.7,5.0
FL.CTC.07,2022-06-21 19:40:00,2022-06-21 19:55:00,4,7.3,5.0
FL.CTC.07,2022-07-23 09:55:00,2022-07-23 10:00:00,2,10.0,5.0
FL.CTC.07,2022-09-06 20:45:00,2022-09-06 21:15:00,7,17.7,5.0
FL.CTC.07,2022-09-10 18:40:00,2022-09-10 19:45:00,14,22.6,5.0
FL.CTC.07,2022-09-12 16:25:00,2022-09-12 17:25:00,13,29.2,5.0
FL.CTC.07,2022-10-02 00:15:00,2022-10-02 00:25:00,3,10.8,5.0
FL.CTC.07,2022-10-03 14:30:00,2022-10-03 18:45:00,52,51.4,5.0
FL.CTC.07,2023-07-05 18:30:00,2023-07-05 18:55:00,6,9.8,5.0
FL.CTC.07,2023-07-22 00:25:00,2023-07-22 05:15:00,59,49.2,5.0
FL.CTC.07,2023-07-23 19:05:00,2023-07-23 19:05:00,1,5.8,5.0
FL.CTC.07,2023-08-24 15:50:00,2023-08-24 16:05:00,4,10.0,5.0
FL.CTC.07,2023-10-21 19:35:00,2023-10-21 19:45:00,3,7.0,5.0
FL.CTC.07,2024-06-30 20:15:00,2024-06-30 20:35:00,5,6.8,5.0
FL.CTC.07,2024-07-29 17:25:00,2024-07-29 17:50:00,6,9.6,5.0
FL.CTC.07,2024-08-06 21:25:00,2024-08-06 23:20:00,24,43.3,5.0
FL.CTC.07,2024-08-06 23:30:00,2024-08-07 00:15:00,10,28.8,5.0
FL.CTC.07,2024-08-07 00:25:00,2024-08-07 00:25:00,1,6.7,5.0
FL.CTC.07,2024-08-20 00:30:00,2024-08-20 00:55:00,6,16.6,5.0
FL.CTC.07,2025-05-10 17:50:00,2025-05-10 18:15:00,6,32.6,5.0
FL.CTC.07,2025-05-10 18:25:00,2025-05-10 19:25:00,13,31.0,5.0
FL.CTC.07,2025-09-06 16:15:00,2025-09-06 16:20:00,2,8.4,5.0
FL.CTC.07,2025-09-09 20:05:00,2025-09-09 20:25:00,5,13.8,5.0
FL.CTC.07,2025-11-02 21:25:00,2025-11-03 01:35:00,51,41.3,5.0
FL.CTC.07,2025-11-13 01:55:00,2025-11-13 04:45:00,35,41.4,5.0
FL.DDG.01,2019-06-07 14:30:00,2019-06-07 14:55:00,6,14.3,5.0
FL.DDG.01,2019-09-14 18:00:00,2019-09-14 18:05:00,2,6.9,5.0
FL.DDG.01,2020-04-30 10:25:00,2020-04-30 10:25:00,1,5.4,5.0
FL.DDG.01,2020-05-11 09:35:00,2020-05-11 09:50:00,4,12.8,5.0
FL.DDG.01,2020-05-24 23:40:00,2020-05-24 23:40:00,1,5.8,5.0
FL.DDG.01,2020-06-16 18:00:00,2020-06-16 18:25:00,6,13.8,5.0
FL.DDG.01,2020-06-22 05:15:00,2020-06-22 05:20:00,2,7.2,5.0
FL.DDG.01,2020-07-24 06:45:00,2020-07-24 07:30:00,10,10.9,5.0
FL.DDG.01,2020-07-28 01:15:00,2020-07-28 01:45:00,7,14.9,5.0
FL.DDG.01,2020-08-13 17:05:00,2020-08-13 17:35:00,7,13.9,5.0
FL.DDG.01,2020-09-01 03:40:00,2020-09-01 04:10:00,7,15.9,5.0
FL.DDG.01,2020-09-23 15:30:00,2020-09-23 16:50:00,17,16.3,5.0
FL.DDG.01,2020-09-27 20:25:00,2020-09-27 21:30:00,14,17.7,5.0
FL.DDG.01,2020-10-02 18:15:00,2020-10-02 18:55:00,9,14.3,5.0
FL.DDG.01,2020-10-31 15:35:00,2020-10-31 15:40:00,2,12.7,5.0
FL.DDG.01,2021-02-09 13:40:00,2021-02-09 13:45:00,2,9.0,5.0
FL.DDG.01,2021-04-27 13:35:00,2021-04-27 14:35:00,13,20.6,5.0
FL.DDG.01,2021-05-03 14:20:00,2021-05-03 14:25:00,2,10.4,5.0
FL.DDG.01,2021-05-19 18:00:00,2021-05-19 19:45:00,22,20.9,5.0
FL.DDG.01,2021-05-19 20:50:00,2021-05-19 21:10:00,5,8.1,5.0
FL.DDG.01,2021-05-19 21:20:00,2021-05-19 21:20:00,1,6.5,5.0
FL.DDG.01,2021-05-19 21:35:00,2021-05-19 21:35:00,1,5.1,5.0
FL.DDG.01,2021-07-01 22:15:00,2021-07-01 23:35:00,17,25.5,5.0
FL.DDG.01,2021-07-02 17:50:00,2021-07-02 18:05:00,4,11.9,5.0
FL.DDG.01,2021-07-06 17:10:00,2021-07-06 17:10:00,1,5.1,5.0
FL.DDG.01,2021-07-09 13:20:00,2021-07-09 13:25:00,2,5.0,5.0
FL.DDG.01,2021-07-09 13:45:00,2021-07-09 13:45:00,1,5.0,5.0
FL.DDG.01,2021-07-10 21:55:00,2021-07-10 21:55:00,1,5.0,5.0
FL.DDG.01,2021-07-10 23:05:00,2021-07-10 23:15:00,3,5.1,5.0
FL.DDG.01,2021-07-11 01:45:00,2021-07-11 01:45:00,1,5.0,5.0
FL.DDG.01,2021-07-11 01:55:00,2021-07-11 01:55:00,1,5.0,5.0
FL.DDG.01,2021-07-11 02:50:00,2021-07-11 02:50:00,1,5.0,5.0
FL.DDG.01,2021-07-11 03:10:00,2021-07-11 03:10:00,1,5.0,5.0
FL.DDG.01,2021-07-11 03:20:00,2021-07-11 03:20:00,1,5.0,5.0
FL.DDG.01,2021-07-12 03:45:00,2021-07-12 03:45:00,1,5.0,5.0
FL.DDG.01,2021-07-12 03:55:00,2021-07-12 03:55:00,1,5.0,5.0
FL.DDG.01,2021-07-12 04:20:00,2021-07-12 04:40:00,5,5.2,5.0
FL.DDG.01,2021-07-12 04:50:00,2021-07-12 04:55:00,2,5.0,5.0
FL.DDG.01,2021-07-13 17:05:00,2021-07-13 17:15:00,3,5.1,5.0
FL.DDG.01,2021-07-13 17:25:00,2021-07-13 18:45:00,17,27.5,5.0
FL.DDG.01,2021-07-15 16:55:00,2021-07-15 16:55:00,1,5.1,5.0
FL.DDG.01,2021-07-17 16:25:00,2021-07-17 16:30:00,2,5.3,5.0
FL.DDG.01,2021-07-17 16:40:00,2021-07-17 16:40:00,1,5.1,5.0
FL.DDG.01,2021-07-17 16:55:00,2021-07-17 16:55:00,1,5.1,5.0
FL.DDG.01,2021-07-17 18:20:00,2021-07-17 18:35:00,4,5.2,5.0
FL.DDG.01,2021-07-17 21:50:00,2021-07-17 21:50:00,1,5.0,5.0
FL.DDG.01,2021-07-17 22:00:00,2021-07-17 22:05:00,2,5.0,5.0
FL.DDG.01,2021-07-17 22:25:00,2021-07-17 22:25:00,1,5.0,5.0
FL.DDG.01,2021-07-17 22:35:00,2021-07-17 22:35:00,1,5.0,5.0
FL.DDG.01,2021-07-17 22:45:00,2021-07-17 22:45:00,1,5.0,5.0
FL.DDG.01,2021-07-22 04:50:00,2021-07-22 04:50:00,1,5.0,5.0
FL.DDG.01,2021-07-22 05:00:00,2021-07-22 05:00:00,1,5.1,5.0
FL.DDG.01,2021-07-22 05:10:00,2021-07-22 05:10:00,1,5.0,5.0
FL.DDG.01,2021-07-22 05:20:00,2021-07-22 05:30:00,3,5.0,5.0
FL.DDG.01,2021-07-25 17:15:00,2021-07-25 17:30:00,4,5.1,5.0
FL.DDG.01,2021-07-26 16:50:00,2021-07-26 17:00:00,3,5.2,5.0
FL.DDG.01,2021-07-28 13:15:00,2021-07-28 13:30:00,4,5.4,5.0
FL.DDG.01,2021-07-28 14:15:00,2021-07-28 14:20:00,2,5.1,5.0
FL.DDG.01,2021-07-28 14:30:00,2021-07-28 14:30:00,1,5.1,5.0
FL.DDG.01,2021-07-30 11:05:00,2021-07-30 11:05:00,1,10.0,5.0
FL.DDG.01,2021-07-31 15:30:00,2021-07-31 15:40:00,3,5.3,5.0
FL.DDG.01,2021-08-02 18:25:00,2021-08-02 18:30:00,2,5.2,5.0
FL.DDG.01,2021-08-07 19:20:00,2021-08-07 19:20:00,1,5.0,5.0
FL.DDG.01,2021-08-07 19:35:00,2021-08-07 19:35:00,1,5.0,5.0
FL.DDG.01,2021-08-07 20:05:00,2021-08-07 20:05:00,1,5.0,5.0
FL.DDG.01,2021-08-11 23:30:00,2021-08-12 00:15:00,10,18.4,5.0
FL.DDG.01,2021-08-12 00:30:00,2021-08-12 01:10:00,9,5.2,5.0
FL.DDG.01,2021-08-12 20:05:00,2021-08-12 20:35:00,7,5.2,5.0
FL.DDG.01,2021-08-13 18:10:00,2021-08-13 18:55:00,10,15.7,5.0
FL.DDG.01,2021-08-13 19:05:00,2021-08-13 19:05:00,1,5.0,5.0
FL.DDG.01,2021-08-14 18:45:00,2021-08-14 18:50:00,2,5.2,5.0
FL.DDG.01,2021-08-21 05:25:00,2021-08-21 07:35:00,27,5.3,5.0
FL.DDG.01,2021-08-25 21:45:00,2021-08-25 21:50:00,2,5.2,5.0
FL.DDG.01,2021-08-25 22:00:00,2021-08-25 22:15:00,4,5.2,5.0
FL.DDG.01,2021-08-25 22:25:00,2021-08-25 22:25:00,1,5.2,5.0
FL.DDG.01,2021-08-26 19:30:00,2021-08-26 19:35:00,2,5.4,5.0
FL.DDG.01,2021-08-26 19:50:00,2021-08-26 20:00:00,3,5.3,5.0
FL.DDG.01,2021-08-27 04:20:00,2021-08-27 04:20:00,1,5.0,5.0
FL.DDG.01,2021-08-27 04:30:00,2021-08-27 04:35:00,2,5.3,5.0
FL.DDG.01,2021-08-27 04:45:00,2021-08-27 04:45:00,1,5.1,5.0
FL.DDG.01,2021-08-27 11:05:00,2021-08-27 15:25:00,53,27.8,5.0
FL.DDG.01,2021-08-28 00:00:00,2021-08-28 01:35:00,20,5.3,5.0
FL.DDG.01,2021-08-28 01:50:00,2021-08-28 01:50:00,1,5.0,5.0
FL.DDG.01,2021-08-28 11:20:00,2021-08-28 11:40:00,5,5.4,5.0
FL.DDG.01,2021-08-28 11:50:00,2021-08-28 11:50:00,1,5.0,5.0
FL.DDG.01,2021-08-28 12:00:00,2021-08-28 12:10:00,3,5.4,5.0
FL.DDG.01,2021-08-28 13:30:00,2021-08-28 13:45:00,4,5.3,5.0
FL.DDG.01,2021-08-28 13:55:00,2021-08-28 13:55:00,1,5.0,5.0
FL.DDG.01,2021-08-28 14:10:00,2021-08-28 14:20:00,3,5.2,5.0
FL.DDG.01,2021-08-28 14:30:00,2021-08-28 14:30:00,1,5.1,5.0
FL.DDG.01,2021-08-31 20:50:00,2021-08-31 21:10:00,5,9.7,5.0
FL.DDG.01,2021-08-31 21:45:00,2021-08-31 22:20:00,8,21.1,5.0
FL.DDG.01,2021-09-01 17:00:00,2021-09-01 17:05:00,2,12.4,5.0
FL.DDG.01,2021-09-04 18:30:00,2021-09-04 18:40:00,3,14.2,5.0
FL.DDG.01,2021-09-20 22:20:00,2021-09-20 22:35:00,4,5.0,5.0
FL.DDG.01,2021-09-20 22:45:00,2021-09-20 22:45:00,1,5.0,5.0
FL.DDG.01,2021-09-20 23:00:00,2021-09-20 23:00:00,1,5.0,5.0
FL.DDG.01,2021-09-21 00:05:00,2021-09-21 00:05:00,1,5.0,5.0
FL.DDG.01,2021-09-21 01:00:00,2021-09-21 01:00:00,1,5.0,5.0
FL.DDG.01,2021-09-21 01:15:00,2021-09-21 01:15:00,1,5.0,5.0
FL.DDG.01,2021-09-21 01:40:00,2021-09-21 01:45:00,2,5.0,5.0
FL.DDG.01,2021-09-30 14:05:00,2021-09-30 14:30:00,6,14.1,5.0
FL.DDG.01,2021-10-02 14:00:00,2021-10-02 15:50:00,23,28.9,5.0
FL.DDG.01,2021-10-04 16:20:00,2021-10-04 16:25:00,2,5.2,5.0
FL.DDG.01,2021-10-04 16:35:00,2021-10-04 16:40:00,2,5.0,5.0
FL.DDG.01,2021-10-05 21:55:00,2021-10-05 22:00:00,2,5.2,5.0
FL.DDG.01,2021-10-05 22:10:00,2021-10-05 22:10:00,1,5.0,5.0
FL.DDG.01,2021-10-05 22:20:00,2021-10-05 22:20:00,1,5.0,5.0
FL.DDG.01,2021-10-06 01:15:00,2021-10-06 01:15:00,1,5.0,5.0
FL.DDG.01,2021-10-06 01:25:00,2021-10-06 01:30:00,2,5.1,5.0
FL.DDG.01,2021-10-06 01:40:00,2021-10-06 01:45:00,2,5.1,5.0
FL.DDG.01,2021-10-06 02:15:00,2021-10-06 02:15:00,1,5.0,5.0
FL.DDG.01,2021-10-06 17:25:00,2021-10-06 17:25:00,1,5.2,5.0
FL.DDG.01,2021-10-06 17:40:00,2021-10-06 17:45:00,2,5.1,5.0
FL.DDG.01,2021-10-07 14:00:00,2021-10-07 14:00:00,1,6.3,5.0
FL.DDG.01,2021-10-08 15:50:00,2021-10-08 15:50:00,1,5.0,5.0
FL.DDG.01,2021-10-14 20:15:00,2021-10-14 20:55:00,9,19.2,5.0
FL.DDG.01,2021-10-16 23:50:00,2021-10-17 00:10:00,5,5.3,5.0
FL.DDG.01,2021-10-17 00:20:00,2021-10-17 00:20:00,1,5.2,5.0
FL.DDG.01,2021-10-17 00:35:00,2021-10-17 01:25:00,11,5.3,5.0
FL.DDG.01,2021-10-17 01:35:00,2021-10-17 01:35:00,1,5.1,5.0
FL.DDG.01,2021-10-17 02:45:00,2021-10-17 02:45:00,1,5.0,5.0
FL.DDG.01,2021-10-17 03:00:00,2021-10-17 03:05:00,2,5.1,5.0
FL.DDG.01,2021-10-17 03:25:00,2021-10-17 03:25:00,1,5.0,5.0
FL.DDG.01,2021-10-17 22:30:00,2021-10-17 23:05:00,8,5.3,5.0
FL.DDG.01,2021-11-21 06:30:00,2021-11-21 06:30:00,1,10.5,5.0
FL.DDG.01,2022-02-04 18:30:00,2022-02-04 19:15:00,10,20.3,5.0
FL.DDG.01,2022-02-17 17:05:00,2022-02-17 17:05:00,1,5.0,5.0
FL.DDG.01,2022-03-03 11:25:00,2022-03-03 11:25:00,1,6.1,5.0
FL.DDG.01,2022-03-03 11:35:00,2022-03-03 12:20:00,10,28.3,5.0
FL.DDG.01,2022-03-20 14:10:00,2022-03-20 15:20:00,15,27.8,5.0
FL.DDG.01,2022-03-20 16:10:00,2022-03-20 16:30:00,5,5.3,5.0
FL.DDG.01,2022-03-21 03:00:00,2022-03-21 03:40:00,9,5.2,5.0
FL.DDG.01,2022-03-21 03:50:00,2022-03-21 03:50:00,1,5.0,5.0
FL.DDG.01,2022-03-21 04:10:00,2022-03-21 04:10:00,1,5.0,5.0
FL.DDG.01,2022-03-21 04:40:00,2022-03-21 04:45:00,2,5.0,5.0
FL.DDG.01,2022-03-21 04:55:00,2022-03-21 04:55:00,1,5.0,5.0
FL.DDG.01,2022-05-16 16:25:00,2022-05-16 16:30:00,2,12.4,5.0
FL.DDG.01,2022-05-16 16:50:00,2022-05-16 16:50:00,1,5.0,5.0
FL.DDG.01,2022-05-17 16:10:00,2022-05-17 17:05:00,12,24.0,5.0
FL.DDG.01,2022-05-17 17:15:00,2022-05-17 17:20:00,2,5.0,5.0
FL.DDG.01,2022-05-17 22:25:00,2022-05-17 22:35:00,3,5.2,5.0
FL.DDG.01,2022-05-17 22:45:00,2022-05-17 23:30:00,10,5.3,5.0
FL.DDG.01,2022-05-17 23:40:00,2022-05-17 23:40:00,1,5.2,5.0
FL.DDG.01,2022-05-18 00:00:00,2022-05-18 00:40:00,9,11.7,5.0
FL.DDG.01,2022-05-18 00:50:00,2022-05-18 00:55:00,2,5.3,5.0
FL.DDG.01,2022-05-18 01:05:00,2022-05-18 01:05:00,1,5.2,5.0
FL.DDG.01,2022-05-18 01:15:00,2022-05-18 01:20:00,2,5.0,5.0
FL.DDG.01,2022-05-18 01:30:00,2022-05-18 03:05:00,20,15.3,5.0
FL.DDG.01,2022-06-06 18:05:00,2022-06-06 18:20:00,4,10.6,5.0
FL.DDG.01,2022-06-28 17:45:00,2022-06-28 18:00:00,4,12.0,5.0
FL.DDG.01,2022-07-01 19:00:00,2022-07-01 19:35:00,8,25.2,5.0
FL.DDG.01,2022-07-20 19:10:00,2022-07-20 20:20:00,15,28.4,5.0
FL.DDG.01,2022-07-20 21:00:00,2022-07-20 21:40:00,9,17.8,5.0
FL.DDG.01,2022-07-20 22:25:00,2022-07-21 01:35:00,39,27.5,5.0
FL.DDG.01,2022-07-21 03:05:00,2022-07-21 05:15:00,27,20.8,5.0
FL.DDG.01,2022-08-01 11:45:00,2022-08-01 11:55:00,3,10.7,5.0
FL.DDG.01,2022-09-06 20:25:00,2022-09-06 20:30:00,2,7.3,5.0
FL.DDG.01,2022-09-06 21:00:00,2022-09-06 21:40:00,9,14.1,5.0
FL.DDG.01,2022-09-08 14:05:00,2022-09-08 14:20:00,4,9.3,5.0
FL.DDG.01,2022-09-10 19:20:00,2022-09-10 19:35:00,4,9.6,5.0
FL.DDG.01,2022-09-10 19:50:00,2022-09-10 19:55:00,2,9.3,5.0
FL.DDG.01,2022-09-12 16:30:00,2022-09-12 17:30:00,13,16.3,5.0
FL.DDG.01,2022-09-22 02:50:00,2022-09-22 03:15:00,6,17.7,5.0
FL.DDG.01,2022-09-24 12:45:00,2022-09-24 12:55:00,3,8.8,5.0
FL.DDG.01,2022-11-23 20:15:00,2022-11-23 20:20:00,2,5.5,5.0
FL.DDG.01,2022-11-24 18:35:00,2022-11-24 18:40:00,2,9.9,5.0
FL.DDG.01,2023-04-30 08:25:00,2023-04-30 09:00:00,8,27.0,5.0
FL.DDG.01,2023-07-11 03:30:00,2023-07-11 03:55:00,6,16.5,5.0
FL.DDG.01,2023-07-22 00:30:00,2023-07-22 01:10:00,9,16.4,5.0
FL.DDG.01,2023-08-22 20:50:00,2023-08-22 20:50:00,1,6.0,5.0
FL.DDG.01,2023-08-23 17:40:00,2023-08-23 17:50:00,3,11.3,5.0
FL.DDG.01,2023-09-24 11:55:00,2023-09-24 11:55:00,1,7.6,5.0
FL.DDG.01,2023-09-28 18:10:00,2023-09-28 18:35:00,6,22.5,5.0
FL.DDG.01,2023-10-03 16:35:00,2023-10-03 17:00:00,6,11.6,5.0
FL.DDG.01,2023-11-10 17:50:00,2023-11-10 18:15:00,6,15.2,5.0
FL.DDG.01,2024-02-17 07:50:00,2024-02-17 07:50:00,1,5.3,5.0
FL.DDG.01,2024-03-20 08:00:00,2024-03-20 08:25:00,6,14.7,5.0
FL.DDG.01,2024-05-24 04:35:00,2024-05-24 04:35:00,1,5.5,5.0
FL.DDG.01,2024-06-30 20:00:00,2024-06-30 20:15:00,4,15.4,5.0
FL.DDG.01,2024-08-06 21:25:00,2024-08-06 21:45:00,5,10.3,5.0
FL.DDG.01,2024-08-06 21:55:00,2024-08-06 22:30:00,8,12.4,5.0
FL.DDG.01,2024-08-20 00:20:00,2024-08-20 00:35:00,4,10.3,5.0
FL.DDG.01,2024-09-02 13:40:00,2024-09-02 13:40:00,1,8.8,5.0
FL.DDG.01,2024-10-02 00:35:00,2024-10-02 01:45:00,15,23.2,5.0
FL.DDG.01,2024-10-18 17:10:00,2024-10-18 17:10:00,1,5.7,5.0
FL.DDG.01,2024-10-29 22:50:00,2024-10-29 23:50:00,13,24.1,5.0
FL.DDG.01,2025-04-15 18:00:00,2025-04-15 18:25:00,6,8.7,5.0
FL.DDG.01,2025-05-01 03:45:00,2025-05-01 04:15:00,7,14.7,5.0
FL.DDG.01,2025-05-10 17:45:00,2025-05-10 19:15:00,19,29.9,5.0
FL.DDG.01,2025-05-12 13:10:00,2025-05-12 13:15:00,2,6.2,5.0
FL.DDG.01,2025-06-09 00:10:00,2025-06-09 00:10:00,1,5.4,5.0
FL.DDG.01,2025-09-05 14:50:00,2025-09-05 15:15:00,6,16.7,5.0
FL.DDG.01,2025-09-05 18:35:00,2025-09-05 20:00:00,18,26.6,5.0
FL.DDG.01,2025-09-05 20:10:00,2025-09-05 20:10:00,1,7.0,5.0
FL.DDG.01,2025-10-01 13:20:00,2025-10-01 13:20:00,1,7.1,5.0
FL.DDG.01,2025-10-01 13:30:00,2025-10-01 13:40:00,3,14.2,5.0
FL.DDG.01,2025-11-02 21:30:00,2025-11-02 22:10:00,9,14.7,5.0
FL.DDG.01,2025-11-13 01:50:00,2025-11-13 03:00:00,15,26.2,5.0
FL.DDG.02,2019-05-22 04:40:00,2019-05-22 04:45:00,2,5.6,5.0
FL.DDG.02,2019-06-07 14:15:00,2019-06-07 18:25:00,51,34.5,5.0
FL.DDG.02,2019-09-14 17:40:00,2019-09-14 18:35:00,12,16.1,5.0
FL.DDG.02,2019-09-16 00:30:00,2019-09-16 00:40:00,3,5.9,5.0
FL.DDG.02,2019-09-18 20:40:00,2019-09-18 21:05:00,6,9.2,5.0
FL.DDG.02,2020-04-29 11:50:00,2020-04-29 14:15:00,30,32.8,5.0
FL.DDG.02,2020-06-22 05:05:00,2020-06-22 06:00:00,12,20.0,5.0
FL.DDG.02,2020-07-24 07:30:00,2020-07-24 07:50:00,5,6.8,5.0
FL.DDG.02,2020-07-28 01:20:00,2020-07-28 02:20:00,13,13.5,5.0
FL.DDG.02,2020-08-13 17:15:00,2020-08-13 17:45:00,7,10.2,5.0
FL.DDG.02,2020-09-01 03:40:00,2020-09-01 04:50:00,15,20.3,5.0
FL.DDG.02,2020-09-05 05:40:00,2020-09-05 05:50:00,3,6.3,5.0
FL.DDG.02,2020-09-23 15:30:00,2020-09-23 18:45:00,40,33.1,5.0
FL.DDG.02,2020-09-27 20:40:00,2020-09-27 22:35:00,24,26.5,5.0
FL.DDG.02,2020-10-02 18:25:00,2020-10-02 19:55:00,19,19.4,5.0
FL.DDG.02,2020-10-31 15:35:00,2020-10-31 15:50:00,4,8.2,5.0
FL.DDG.02,2021-02-09 13:35:00,2021-02-09 14:00:00,6,11.7,5.0
FL.DDG.02,2021-02-16 12:40:00,2021-02-16 12:40:00,1,10.4,5.0
FL.DDG.02,2021-04-27 13:45:00,2021-04-27 15:30:00,22,20.8,5.0
FL.DDG.02,2021-05-19 18:15:00,2021-05-19 21:05:00,35,26.3,5.0
FL.DDG.02,2021-05-25 13:10:00,2021-05-25 13:40:00,7,7.8,5.0
FL.DDG.02,2021-05-25 13:50:00,2021-05-25 13:55:00,2,10.0,5.0
FL.DDG.02,2021-07-01 22:05:00,2021-07-02 01:00:00,36,32.5,5.0
FL.DDG.02,2021-07-12 04:30:00,2021-07-12 04:50:00,5,8.5,5.0
FL.DDG.02,2021-07-13 17:30:00,2021-07-13 19:00:00,19,19.4,5.0
FL.DDG.02,2021-08-12 00:50:00,2021-08-12 00:50:00,1,5.9,5.0
FL.DDG.02,2021-08-13 18:30:00,2021-08-13 18:45:00,4,7.3,5.0
FL.DDG.02,2021-08-27 12:30:00,2021-08-27 14:35:00,26,27.5,5.0
FL.DDG.02,2021-08-31 20:55:00,2021-08-31 23:50:00,36,29.4,5.0
FL.DDG.02,2021-09-01 17:05:00,2021-09-01 17:15:00,3,8.5,5.0
FL.DDG.02,2021-09-04 18:30:00,2021-09-04 18:40:00,3,8.4,5.0
FL.DDG.02,2021-10-02 14:10:00,2021-10-02 16:35:00,30,30.9,5.0
FL.DDG.02,2022-02-04 18:40:00,2022-02-04 18:45:00,2,6.1,5.0
FL.DDG.02,2022-03-03 11:15:00,2022-03-03 12:10:00,12,13.2,5.0
FL.DDG.02,2022-03-20 14:40:00,2022-03-20 16:35:00,24,26.3,5.0
FL.DDG.02,2022-05-16 16:10:00,2022-05-16 16:55:00,10,15.2,5.0
FL.DDG.02,2022-05-17 16:20:00,2022-05-17 17:05:00,10,11.3,5.0
FL.DDG.02,2022-05-17 23:25:00,2022-05-17 23:35:00,3,6.7,5.0
FL.DDG.02,2022-05-18 00:00:00,2022-05-18 01:30:00,19,13.3,5.0
FL.DDG.02,2022-06-28 17:45:00,2022-06-28 18:55:00,15,18.6,5.0
FL.DDG.02,2022-07-01 18:55:00,2022-07-01 20:40:00,22,30.8,5.0
FL.DDG.02,2022-07-20 19:25:00,2022-07-21 00:35:00,63,21.9,5.0
FL.DDG.02,2022-08-01 11:35:00,2022-08-01 12:25:00,11,13.1,5.0
FL.DDG.02,2022-08-01 22:55:00,2022-08-01 23:30:00,8,8.7,5.0
FL.DDG.02,2022-08-11 15:25:00,2022-08-11 15:35:00,3,6.2,5.0
FL.DDG.02,2022-09-06 20:25:00,2022-09-06 22:45:00,29,18.4,5.0
FL.DDG.02,2022-09-06 22:55:00,2022-09-06 22:55:00,1,7.4,5.0
FL.DDG.02,2022-09-07 22:45:00,2022-09-07 22:55:00,3,5.4,5.0
FL.DDG.02,2022-09-08 13:35:00,2022-09-08 13:55:00,5,6.4,5.0
FL.DDG.02,2022-09-08 16:20:00,2022-09-08 16:20:00,1,5.1,5.0
FL.DDG.02,2022-09-12 16:20:00,2022-09-12 18:15:00,24,19.2,5.0
FL.DDG.02,2022-09-22 02:50:00,2022-09-22 03:50:00,13,12.2,5.0
FL.DDG.02,2022-09-24 23:45:00,2022-09-25 00:40:00,12,10.9,5.0
FL.DDG.02,2022-11-24 18:40:00,2022-11-24 18:55:00,4,8.4,5.0
FL.DDG.02,2023-02-05 15:25:00,2023-02-05 15:30:00,2,5.7,5.0
FL.DDG.02,2023-04-30 08:35:00,2023-04-30 09:15:00,9,13.9,5.0
FL.DDG.02,2023-07-11 03:35:00,2023-07-11 04:20:00,10,19.8,5.0
FL.DDG.02,2023-07-22 00:30:00,2023-07-22 01:55:00,18,28.4,5.0
FL.DDG.02,2023-07-22 02:05:00,2023-07-22 02:45:00,9,19.6,5.0
FL.DDG.02,2023-07-22 02:55:00,2023-07-22 02:55:00,1,6.2,5.0
FL.DDG.02,2023-09-24 11:40:00,2023-09-24 12:05:00,6,24.1,5.0
FL.DDG.02,2023-09-24 12:15:00,2023-09-24 12:40:00,6,22.4,5.0
FL.DDG.02,2023-09-28 18:20:00,2023-09-28 18:30:00,3,6.2,5.0
FL.DDG.02,2024-03-20 08:15:00,2024-03-20 08:50:00,8,13.2,5.0
FL.DDG.02,2024-06-30 19:55:00,2024-06-30 21:00:00,14,20.5,5.0
FL.DDG.02,2024-08-06 22:05:00,2024-08-06 22:35:00,7,6.5,5.0
FL.DDG.02,2024-08-20 00:25:00,2024-08-20 00:55:00,7,13.0,5.0
FL.DDG.02,2024-10-02 00:30:00,2024-10-02 03:05:00,32,34.7,5.0
FL.DDG.02,2024-10-29 22:55:00,2024-10-29 23:30:00,8,17.3,5.0
FL.DDG.02,2025-05-01 03:45:00,2025-05-01 04:55:00,15,19.0,5.0
FL.DDG.02,2025-05-10 17:55:00,2025-05-10 20:35:00,33,33.0,5.0
FL.DDG.02,2025-06-09 00:15:00,2025-06-09 00:15:00,1,5.9,5.0
FL.DDG.02,2025-06-09 00:55:00,2025-06-09 01:20:00,6,8.6,5.0
FL.DDG.02,2025-09-05 15:05:00,2025-09-05 15:25:00,5,9.3,5.0
FL.DDG.02,2025-09-05 18:45:00,2025-09-05 20:30:00,22,29.1,5.0
FL.DDG.02,2025-10-01 13:30:00,2025-10-01 13:55:00,6,12.4,5.0
FL.DDG.02,2025-11-02 21:35:00,2025-11-02 22:45:00,15,16.9,5.0
FL.DDG.02,2025-11-13 01:55:00,2025-11-13 04:25:00,31,32.0,5.0
FL.DDG.03,2019-06-07 14:50:00,2019-06-07 15:05:00,4,16.8,5.0
FL.DDG.03,2021-03-09 11:10:00,2021-03-09 11:10:00,1,8.9,5.0
FL.DDG.03,2021-05-19 19:10:00,2021-05-19 19:10:00,1,9.3,5.0
FL.DDG.03,2021-07-01 23:00:00,2021-07-01 23:00:00,1,5.0,5.0
FL.DDG.03,2021-10-02 15:05:00,2021-10-02 15:10:00,2,5.2,5.0
FL.DDG.03,2022-02-04 18:45:00,2022-02-04 19:05:00,5,7.7,5.0
FL.DDG.03,2022-05-18 00:00:00,2022-05-18 01:35:00,20,16.4,5.0
FL.DDG.03,2022-07-01 19:15:00,2022-07-01 19:20:00,2,5.7,5.0
FL.DDG.03,2022-09-12 16:30:00,2022-09-12 17:55:00,18,18.2,5.0
FL.DDG.03,2023-07-11 03:30:00,2023-07-11 04:15:00,10,13.9,5.0
FL.DDG.03,2023-10-03 16:45:00,2023-10-03 17:20:00,8,10.4,5.0
FL.DDG.03,2024-10-29 23:00:00,2024-10-29 23:40:00,9,10.5,5.0
FL.DDG.03,2025-04-15 18:20:00,2025-04-15 18:25:00,2,5.2,5.0
FL.DDG.03,2025-09-05 18:45:00,2025-09-05 19:10:00,6,10.4,5.0
FL.DDG.03,2025-10-04 11:25:00,2025-10-04 12:00:00,8,8.3,5.0
FL.DDG.03,2025-11-13 02:10:00,2025-11-13 03:20:00,15,22.4,5.0
FL.DDG.04,2019-04-23 00:30:00,2019-04-23 00:30:00,1,5.8,5.0
FL.DDG.04,2019-06-07 14:10:00,2019-06-07 14:35:00,6,7.4,5.0
FL.DDG.04,2019-06-07 14:45:00,2019-06-07 14:45:00,1,5.6,5.0
FL.DDG.04,2019-06-15 21:20:00,2019-06-15 21:20:00,1,5.6,5.0
FL.DDG.04,2020-04-25 12:25:00,2020-04-25 12:25:00,1,5.2,5.0
FL.DDG.04,2020-04-25 12:50:00,2020-04-25 12:55:00,2,6.8,5.0
FL.DDG.04,2020-04-29 12:00:00,2020-04-29 12:05:00,2,6.4,5.0
FL.DDG.04,2021-07-13 17:45:00,2021-07-13 17:45:00,1,5.1,5.0
FL.DDG.04,2021-07-30 11:50:00,2021-07-30 11:55:00,2,11.1,5.0
FL.DDG.04,2021-10-01 14:00:00,2021-10-01 14:05:00,2,6.3,5.0
FL.DDG.04,2022-05-17 16:35:00,2022-05-17 16:35:00,1,5.1,5.0
FL.DDG.04,2022-05-18 00:25:00,2022-05-18 01:55:00,19,9.5,5.0
FL.DDG.04,2022-05-18 02:05:00,2022-05-18 02:05:00,1,5.9,5.0
FL.DDG.04,2022-08-11 15:15:00,2022-08-11 15:25:00,3,5.9,5.0
FL.DDG.04,2022-08-26 17:20:00,2022-08-26 17:20:00,1,5.4,5.0
FL.DDG.04,2022-09-04 20:10:00,2022-09-04 20:10:00,1,5.0,5.0
FL.DDG.04,2022-09-06 20:30:00,2022-09-06 20:45:00,4,5.5,5.0
FL.DDG.04,2022-09-08 13:20:00,2022-09-08 13:20:00,1,5.1,5.0
FL.DDG.05,2019-06-07 14:50:00,2019-06-07 17:15:00,30,21.9,5.0
FL.DDG.05,2019-06-07 17:25:00,2019-06-07 17:25:00,1,5.1,5.0
FL.DDG.05,2020-04-29 11:55:00,2020-04-29 12:50:00,12,17.9,5.0
FL.DDG.05,2020-09-01 03:40:00,2020-09-01 03:45:00,2,5.5,5.0
FL.DDG.05,2020-09-23 15:40:00,2020-09-23 17:15:00,20,18.1,5.0
FL.DDG.05,2020-09-27 20:50:00,2020-09-27 21:35:00,10,13.3,5.0
FL.DDG.05,2020-10-02 18:30:00,2020-10-02 19:25:00,12,10.4,5.0
FL.DDG.05,2020-11-21 12:45:00,2020-11-21 14:00:00,16,15.4,5.0
FL.DDG.05,2021-02-09 13:35:00,2021-02-09 13:45:00,3,6.7,5.0
FL.DDG.05,2021-02-24 12:20:00,2021-02-24 12:20:00,1,12.3,5.0
FL.DDG.05,2021-04-27 14:10:00,2021-04-27 14:30:00,5,7.3,5.0
FL.DDG.05,2021-05-03 14:20:00,2021-05-03 14:20:00,1,7.1,5.0
FL.DDG.05,2021-05-19 19:20:00,2021-05-19 20:05:00,10,10.6,5.0
FL.DDG.05,2021-07-01 22:15:00,2021-07-01 22:15:00,1,5.1,5.0
FL.DDG.05,2021-08-27 12:40:00,2021-08-27 12:40:00,1,5.0,5.0
FL.DDG.05,2021-10-02 14:10:00,2021-10-02 14:10:00,1,5.5,5.0
FL.DDG.05,2021-10-02 14:45:00,2021-10-02 15:45:00,13,16.1,5.0
FL.DDG.05,2022-02-04 18:35:00,2022-02-04 18:55:00,5,15.2,5.0
FL.DDG.05,2022-05-17 16:15:00,2022-05-17 16:45:00,7,16.5,5.0
FL.DDG.05,2022-05-18 00:25:00,2022-05-18 02:25:00,25,12.6,5.0
FL.DDG.05,2022-07-20 21:10:00,2022-07-21 05:05:00,96,25.4,5.0
FL.DDG.05,2022-09-06 21:30:00,2022-09-06 21:50:00,5,9.5,5.0
FL.DDG.05,2022-09-08 14:05:00,2022-09-08 14:35:00,7,12.4,5.0
FL.DDG.05,2022-09-10 19:15:00,2022-09-10 21:00:00,22,16.2,5.0
FL.DDG.05,2022-09-12 16:55:00,2022-09-12 17:30:00,8,11.8,5.0
FL.DDG.05,2023-04-30 08:25:00,2023-04-30 08:45:00,5,10.9,5.0
FL.DDG.05,2023-09-28 18:10:00,2023-09-28 18:20:00,3,5.9,5.0
FL.DDG.05,2023-10-03 16:35:00,2023-10-03 16:50:00,4,8.6,5.0
FL.DDG.05,2023-11-05 16:25:00,2023-11-05 16:30:00,2,5.3,5.0
FL.DDG.05,2023-11-10 17:45:00,2023-11-10 17:50:00,2,6.3,5.0
FL.DDG.05,2024-10-29 23:00:00,2024-10-29 23:50:00,11,21.4,5.0
FL.DDG.05,2025-04-15 18:00:00,2025-04-15 18:15:00,4,6.7,5.0
FL.DDG.05,2025-05-10 18:05:00,2025-05-10 18:50:00,10,7.5,5.0
FL.DDG.05,2025-09-05 18:40:00,2025-09-05 20:45:00,26,26.9,5.0
FL.DDG.05,2025-11-13 02:00:00,2025-11-13 02:50:00,11,11.3,5.0
FL.DDG.06,2019-05-22 11:35:00,2019-05-22 11:40:00,2,30.5,5.0
FL.DDG.06,2019-06-07 14:15:00,2019-06-07 20:00:00,70,48.9,5.0
FL.DDG.06,2019-06-15 21:25:00,2019-06-15 21:40:00,4,7.9,5.0
FL.DDG.06,2019-08-20 16:15:00,2019-08-20 16:25:00,3,6.0,5.0
FL.DDG.06,2019-09-14 17:40:00,2019-09-14 18:15:00,8,15.6,5.0
FL.DDG.06,2019-09-16 00:20:00,2019-09-16 01:00:00,9,12.5,5.0
FL.DDG.06,2019-09-18 20:40:00,2019-09-18 20:55:00,4,10.6,5.0
FL.DDG.06,2020-04-13 14:35:00,2020-04-13 15:10:00,8,12.0,5.0
FL.DDG.06,2020-04-25 13:05:00,2020-04-25 13:10:00,2,6.0,5.0
FL.DDG.06,2020-04-29 11:55:00,2020-04-29 14:40:00,34,36.5,5.0
FL.DDG.06,2021-03-16 12:40:00,2021-03-16 12:40:00,1,8.2,5.0
FL.DDG.06,2021-04-27 13:50:00,2021-04-27 14:55:00,14,15.3,5.0
FL.DDG.06,2021-05-19 18:15:00,2021-05-19 21:15:00,37,28.3,5.0
FL.DDG.06,2021-07-01 22:05:00,2021-07-02 02:20:00,52,47.6,5.0
FL.DDG.06,2021-07-12 04:35:00,2021-07-12 04:55:00,5,11.9,5.0
FL.DDG.06,2021-07-13 17:30:00,2021-07-13 17:35:00,2,6.4,5.0
FL.DDG.06,2021-07-13 17:45:00,2021-07-13 19:05:00,17,17.1,5.0
FL.DDG.06,2021-08-13 18:45:00,2021-08-13 18:45:00,1,5.8,5.0
FL.DDG.06,2021-08-27 12:30:00,2021-08-27 13:40:00,15,19.8,5.0
FL.DDG.06,2021-08-28 11:30:00,2021-08-28 11:30:00,1,5.6,5.0
FL.DDG.06,2021-08-31 21:00:00,2021-09-01 01:00:00,49,41.7,5.0
FL.DDG.06,2021-09-01 17:10:00,2021-09-01 17:20:00,3,8.5,5.0
FL.DDG.06,2021-09-04 18:35:00,2021-09-04 18:45:00,3,7.9,5.0
FL.DDG.06,2021-10-02 14:30:00,2021-10-02 17:05:00,32,35.5,5.0
FL.DDG.06,2022-03-03 11:40:00,2022-03-03 11:50:00,3,7.3,5.0
FL.DDG.06,2022-03-20 14:40:00,2022-03-20 16:35:00,24,10.4,5.0
FL.DDG.06,2022-05-16 16:15:00,2022-05-16 16:40:00,6,9.1,5.0
FL.DDG.06,2022-05-17 16:35:00,2022-05-17 17:20:00,10,11.4,5.0
FL.DDG.06,2022-05-17 23:25:00,2022-05-18 02:25:00,37,10.7,5.0
FL.DDG.06,2022-05-18 02:35:00,2022-05-18 02:35:00,1,5.2,5.0
FL.DDG.06,2022-06-28 17:50:00,2022-06-28 19:05:00,16,14.2,5.0
FL.DDG.06,2022-07-01 18:55:00,2022-07-01 20:55:00,25,17.2,5.0
FL.DDG.06,2022-07-01 21:05:00,2022-07-01 22:00:00,12,26.9,5.0
FL.DDG.06,2022-07-08 19:55:00,2022-07-08 19:55:00,1,6.3,5.0
FL.DDG.06,2022-07-08 20:10:00,2022-07-08 20:15:00,2,6.0,5.0
FL.DDG.06,2022-07-20 19:25:00,2022-07-21 01:45:00,77,38.1,5.0
FL.DDG.06,2022-08-01 11:50:00,2022-08-01 11:55:00,2,7.2,5.0
FL.DDG.06,2022-08-01 23:00:00,2022-08-01 23:35:00,8,11.9,5.0
FL.DDG.06,2022-08-11 15:25:00,2022-08-11 16:05:00,9,16.8,5.0
FL.DDG.06,2022-09-04 20:30:00,2022-09-04 20:50:00,5,8.0,5.0
FL.DDG.06,2022-09-06 20:25:00,2022-09-07 01:30:00,62,45.6,5.0
FL.DDG.06,2022-09-07 22:40:00,2022-09-07 23:20:00,9,15.6,5.0
FL.DDG.06,2022-09-08 13:25:00,2022-09-08 14:20:00,12,16.9,5.0
FL.DDG.06,2022-09-08 16:15:00,2022-09-08 17:15:00,13,16.0,5.0
FL.DDG.06,2022-09-10 18:30:00,2022-09-10 19:15:00,10,10.1,5.0
FL.DDG.06,2022-09-12 16:25:00,2022-09-12 18:05:00,21,21.1,5.0
FL.DDG.06,2022-09-22 02:50:00,2022-09-22 03:55:00,14,20.8,5.0
FL.DDG.06,2022-09-23 23:35:00,2022-09-23 23:55:00,5,9.8,5.0
FL.DDG.06,2022-09-24 12:50:00,2022-09-24 13:25:00,8,8.2,5.0
FL.DDG.06,2022-09-24 23:45:00,2022-09-25 00:50:00,14,16.2,5.0
FL.DDG.06,2022-10-02 20:30:00,2022-10-02 20:30:00,1,5.4,5.0
FL.DDG.06,2022-10-02 23:05:00,2022-10-02 23:05:00,1,9.8,5.0
FL.DDG.06,2022-11-24 18:40:00,2022-11-24 19:40:00,13,14.3,5.0
FL.DDG.06,2023-05-30 19:20:00,2023-05-30 21:20:00,25,31.1,5.0
FL.DDG.06,2023-07-11 03:40:00,2023-07-11 03:40:00,1,5.4,5.0
FL.DDG.06,2023-08-23 17:40:00,2023-08-23 18:10:00,7,11.6,5.0
FL.DDG.06,2023-09-24 11:30:00,2023-09-24 11:40:00,3,6.9,5.0
FL.DDG.06,2023-09-24 11:55:00,2023-09-24 11:55:00,1,7.7,5.0
FL.DDG.06,2023-09-28 18:25:00,2023-09-28 18:25:00,1,5.9,5.0
FL.DDG.06,2023-11-10 18:00:00,2023-11-10 18:00:00,1,6.1,5.0
FL.DDG.06,2023-11-10 18:10:00,2023-11-10 18:10:00,1,6.0,5.0
FL.DDG.06,2024-03-20 08:20:00,2024-03-20 08:40:00,5,6.7,5.0
FL.DDG.06,2024-06-30 19:55:00,2024-06-30 20:15:00,5,10.3,5.0
FL.DDG.06,2024-06-30 20:25:00,2024-06-30 20:25:00,1,5.6,5.0
FL.DDG.06,2024-06-30 20:35:00,2024-06-30 20:45:00,3,5.2,5.0
FL.DDG.06,2024-06-30 21:15:00,2024-06-30 21:20:00,2,5.2,5.0
FL.DDG.06,2024-06-30 21:30:00,2024-06-30 21:30:00,1,5.1,5.0
FL.DDG.06,2024-08-06 22:00:00,2024-08-06 22:05:00,2,5.3,5.0
FL.DDG.06,2024-08-20 00:20:00,2024-08-20 01:05:00,10,9.4,5.0
FL.DDG.06,2024-08-20 01:15:00,2024-08-20 01:35:00,5,5.2,5.0
FL.DDG.06,2025-05-10 17:40:00,2025-05-10 17:40:00,1,6.0,5.0
FL.DDG.06,2025-06-09 00:10:00,2025-06-09 00:10:00,1,5.2,5.0
FL.DDG.06,2025-09-05 15:05:00,2025-09-05 15:20:00,4,10.2,5.0
FL.DDG.06,2025-09-05 15:30:00,2025-09-05 15:40:00,3,6.1,5.0
FL.DDG.06,2025-09-05 18:40:00,2025-09-05 18:40:00,1,5.0,5.0
FL.DDG.06,2025-09-22 12:20:00,2025-09-22 12:20:00,1,8.1,5.0
FL.DDG.06,2025-10-01 13:30:00,2025-10-01 13:30:00,1,6.5,5.0
FL.DDG.07,2019-06-07 14:55:00,2019-06-07 16:45:00,23,26.8,5.0
FL.DDG.07,2020-04-29 12:30:00,2020-04-29 13:05:00,8,9.6,5.0
FL.DDG.07,2020-09-23 16:05:00,2020-09-23 17:35:00,19,19.9,5.0
FL.DDG.07,2020-10-01 07:30:00,2020-10-01 07:30:00,1,5.3,5.0
FL.DDG.07,2020-10-02 18:30:00,2020-10-02 19:15:00,10,11.8,5.0
FL.DDG.07,2021-02-17 16:35:00,2021-02-17 16:40:00,2,14.2,5.0
FL.DDG.07,2021-04-01 12:55:00,2021-04-01 12:55:00,1,8.7,5.0
FL.DDG.07,2021-05-19 20:50:00,2021-05-19 22:05:00,16,27.4,5.0
FL.DDG.07,2021-07-01 23:00:00,2021-07-01 23:10:00,3,6.9,5.0
FL.DDG.07,2021-07-13 18:00:00,2021-07-13 19:15:00,16,15.9,5.0
FL.DDG.07,2021-08-31 21:30:00,2021-09-01 00:30:00,37,43.5,5.0
FL.DDG.07,2022-05-17 22:45:00,2022-05-18 02:40:00,48,26.5,5.0
FL.DDG.07,2022-05-18 02:50:00,2022-05-18 02:55:00,2,5.1,5.0
FL.DDG.07,2022-06-28 17:55:00,2022-06-28 18:45:00,11,10.0,5.0
FL.DDG.07,2022-07-01 19:00:00,2022-07-01 22:30:00,43,32.5,5.0
FL.DDG.07,2022-07-26 13:30:00,2022-07-26 13:35:00,2,6.2,5.0
FL.DDG.07,2022-09-06 21:10:00,2022-09-06 21:10:00,1,5.8,5.0
FL.DDG.07,2022-09-08 14:00:00,2022-09-08 14:05:00,2,5.8,5.0
FL.DDG.07,2022-09-12 16:55:00,2022-09-12 18:00:00,14,13.0,5.0
FL.DDG.07,2022-09-12 18:10:00,2022-09-12 18:10:00,1,5.4,5.0
FL.DDG.07,2022-09-19 11:05:00,2022-09-19 11:05:00,1,5.1,5.0
FL.DDG.07,2022-09-19 11:15:00,2022-09-19 11:15:00,1,5.1,5.0
FL.DDG.07,2022-09-19 11:25:00,2022-09-19 11:45:00,5,5.5,5.0
FL.DDG.07,2022-09-19 12:10:00,2022-09-19 12:15:00,2,5.6,5.0
FL.DDG.07,2022-09-19 12:30:00,2022-09-19 12:35:00,2,5.2,5.0
FL.DDG.07,2022-09-19 13:30:00,2022-09-19 13:30:00,1,5.2,5.0
FL.DDG.07,2022-09-19 13:55:00,2022-09-19 13:55:00,1,5.1,5.0
FL.DDG.07,2022-09-20 09:40:00,2022-09-20 09:40:00,1,5.0,5.0
FL.DDG.07,2022-09-20 10:00:00,2022-09-20 10:00:00,1,5.3,5.0
FL.DDG.07,2022-09-20 10:40:00,2022-09-20 10:40:00,1,5.0,5.0
FL.DDG.07,2022-09-24 00:00:00,2022-09-24 01:45:00,22,17.3,5.0
FL.DDG.07,2022-09-24 23:40:00,2022-09-25 04:35:00,60,46.1,5.0
FL.DDG.07,2022-10-05 13:40:00,2022-10-05 13:40:00,1,5.4,5.0
FL.DDG.07,2023-02-15 09:25:00,2023-02-15 09:35:00,3,6.0,5.0
FL.DDG.07,2023-04-30 08:15:00,2023-04-30 09:40:00,18,23.4,5.0
FL.DDG.07,2023-05-30 19:30:00,2023-05-30 20:55:00,18,12.0,5.0
FL.DDG.07,2023-07-11 03:55:00,2023-07-11 05:10:00,16,13.3,5.0
FL.DDG.07,2023-07-22 00:35:00,2023-07-22 03:30:00,36,36.9,5.0
FL.DDG.07,2023-09-17 20:25:00,2023-09-17 20:25:00,1,6.1,5.0
FL.DDG.07,2023-12-27 11:20:00,2023-12-27 11:20:00,1,10.3,5.0
FL.DDG.07,2025-11-13 02:30:00,2025-11-13 03:35:00,14,23.2,5.0
FL.DDG.08,2019-06-07 15:00:00,2019-06-07 16:05:00,14,18.0,5.0
FL.DDG.08,2020-09-01 03:35:00,2020-09-01 03:45:00,3,8.2,5.0
FL.DDG.08,2020-09-23 15:45:00,2020-09-23 16:45:00,13,14.8,5.0
FL.DDG.08,2021-02-17 13:30:00,2021-02-17 13:35:00,2,15.5,5.0
FL.DDG.08,2021-05-19 19:15:00,2021-05-19 20:10:00,12,10.6,5.0
FL.DDG.08,2021-07-02 17:45:00,2021-07-02 17:45:00,1,5.1,5.0
FL.DDG.08,2021-07-13 17:45:00,2021-07-13 17:50:00,2,9.3,5.0
FL.DDG.08,2021-08-31 21:50:00,2021-08-31 21:50:00,1,5.2,5.0
FL.DDG.08,2022-05-18 00:05:00,2022-05-18 00:10:00,2,6.7,5.0
FL.DDG.08,2022-05-18 00:45:00,2022-05-18 01:00:00,4,6.6,5.0
FL.DDG.08,2022-07-01 19:05:00,2022-07-01 19:50:00,10,19.6,5.0
FL.DDG.08,2022-09-06 21:10:00,2022-09-06 21:15:00,2,7.0,5.0
FL.DDG.08,2022-09-10 19:00:00,2022-09-10 19:25:00,6,9.7,5.0
FL.DDG.08,2022-09-12 16:25:00,2022-09-12 18:25:00,25,29.4,5.0
FL.DDG.08,2022-09-22 03:00:00,2022-09-22 03:10:00,3,7.8,5.0
FL.DDG.08,2022-09-23 23:25:00,2022-09-23 23:25:00,1,5.3,5.0
FL.DDG.08,2022-09-24 23:45:00,2022-09-25 01:15:00,19,19.3,5.0
FL.DDG.08,2022-09-25 01:30:00,2022-09-25 01:30:00,1,5.2,5.0
FL.DDG.08,2023-10-03 16:45:00,2023-10-03 17:30:00,10,19.3,5.0
FL.DDG.08,2024-10-29 23:00:00,2024-10-29 23:45:00,10,16.9,5.0
FL.DDG.08,2024-11-14 19:00:00,2024-11-14 19:00:00,1,5.1,5.0
FL.DDG.08,2024-11-14 19:10:00,2024-11-14 19:20:00,3,8.3,5.0
FL.DDG.08,2024-11-17 13:45:00,2024-11-17 13:45:00,1,5.2,5.0
FL.DDG.08,2024-11-17 13:55:00,2024-11-17 13:55:00,1,5.5,5.0
FL.DDG.08,2024-11-18 13:50:00,2024-11-18 13:50:00,1,5.0,5.0
FL.DDG.08,2024-11-18 14:00:00,2024-11-18 16:25:00,30,5.0,5.0
FL.DDG.08,2024-11-19 12:45:00,2024-11-19 14:05:00,17,5.2,5.0
FL.DDG.08,2025-04-07 09:40:00,2025-04-07 09:40:00,1,5.0,5.0
FL.DDG.08,2025-04-15 18:10:00,2025-04-15 18:45:00,8,11.1,5.0
FL.DDG.08,2025-05-10 18:10:00,2025-05-10 18:35:00,6,10.2,5.0
FL.DDG.08,2025-08-05 16:50:00,2025-08-05 16:50:00,1,6.1,5.0
FL.DDG.08,2025-08-07 11:40:00,2025-08-07 14:30:00,35,14.3,5.0
FL.DDG.08,2025-09-11 13:10:00,2025-09-11 14:20:00,15,9.5,5.0
FL.DDG.08,2025-09-11 14:30:00,2025-09-11 17:20:00,35,13.7,5.0
FL.DDG.08,2025-09-16 13:55:00,2025-09-16 14:40:00,10,9.2,5.0
FL.DDG.08,2025-09-17 12:50:00,2025-09-17 13:45:00,12,8.5,5.0
FL.DST.01,2020-09-23 16:10:00,2020-09-23 16:10:00,1,5.2,5.0
FL.DST.01,2020-09-29 08:30:00,2020-09-29 08:35:00,2,5.1,5.0
FL.DST.01,2020-09-29 10:25:00,2020-09-29 10:30:00,2,5.1,5.0
FL.DST.01,2020-09-30 09:55:00,2020-09-30 10:35:00,9,5.8,5.0
FL.DST.01,2020-10-01 07:30:00,2020-10-01 08:55:00,18,5.8,5.0
FL.DST.01,2020-10-02 08:15:00,2020-10-02 09:10:00,12,5.7,5.0
FL.DST.01,2020-10-02 09:20:00,2020-10-02 09:20:00,1,5.1,5.0
FL.DST.01,2020-10-04 09:40:00,2020-10-04 09:40:00,1,5.0,5.0
FL.DST.02,2019-04-17 09:45:00,2019-04-17 09:45:00,1,6.3,5.0
FL.DST.02,2020-09-23 16:15:00,2020-09-23 16:50:00,8,12.9,5.0
FL.DST.02,2021-03-12 10:35:00,2021-03-12 10:45:00,3,11.0,5.0
FL.DST.02,2021-08-31 21:30:00,2021-08-31 22:15:00,10,13.9,5.0
FL.DST.02,2022-05-17 22:35:00,2022-05-18 01:00:00,30,28.6,5.0
FL.DST.02,2022-08-16 10:10:00,2022-08-16 10:10:00,1,8.9,5.0
FL.DST.03,2019-02-22 13:25:00,2019-02-22 15:05:00,21,7.0,5.0
FL.DST.03,2019-02-23 10:00:00,2019-02-23 16:35:00,80,13.0,5.0
FL.DST.03,2019-02-24 10:30:00,2019-02-24 16:00:00,67,12.1,5.0
FL.DST.03,2019-02-25 10:20:00,2019-02-25 15:40:00,65,9.4,5.0
FL.DST.03,2019-02-26 11:55:00,2019-02-26 12:00:00,2,5.8,5.0
FL.DST.03,2019-02-26 12:15:00,2019-02-26 15:05:00,35,12.2,5.0
FL.DST.03,2019-02-26 15:20:00,2019-02-26 15:25:00,2,5.9,5.0
FL.DST.03,2019-02-27 11:10:00,2019-02-27 11:10:00,1,5.0,5.0
FL.DST.03,2019-02-27 11:25:00,2019-02-27 16:00:00,56,11.7,5.0
FL.DST.03,2019-02-28 10:15:00,2019-02-28 11:05:00,11,8.3,5.0
FL.DST.03,2019-02-28 11:20:00,2019-02-28 15:45:00,54,11.9,5.0
FL.DST.03,2019-03-01 10:15:00,2019-03-01 15:50:00,68,10.7,5.0
FL.DST.03,2019-03-01 16:10:00,2019-03-01 16:15:00,2,5.7,5.0
FL.DST.03,2019-03-02 10:25:00,2019-03-02 16:05:00,69,11.4,5.0
FL.DST.03,2019-03-03 10:05:00,2019-03-03 15:55:00,71,9.4,5.0
FL.DST.03,2019-03-03 16:10:00,2019-03-03 16:10:00,1,5.0,5.0
FL.DST.03,2019-03-04 10:25:00,2019-03-04 10:25:00,1,5.0,5.0
FL.DST.03,2019-03-04 10:35:00,2019-03-04 10:50:00,4,6.4,5.0
FL.DST.03,2019-03-04 11:10:00,2019-03-04 16:10:00,61,9.8,5.0
FL.DST.03,2019-03-05 10:35:00,2019-03-05 10:35:00,1,5.0,5.0
FL.DST.03,2019-03-05 10:55:00,2019-03-05 15:20:00,54,8.7,5.0
FL.DST.03,2019-03-05 15:40:00,2019-03-05 15:40:00,1,5.4,5.0
FL.DST.03,2019-03-06 10:15:00,2019-03-06 15:35:00,65,10.1,5.0
FL.DST.03,2019-03-07 11:00:00,2019-03-07 11:10:00,3,5.2,5.0
FL.DST.03,2019-03-07 11:35:00,2019-03-07 12:00:00,6,5.7,5.0
FL.DST.03,2019-03-07 14:35:00,2019-03-07 14:35:00,1,5.0,5.0
FL.DST.03,2019-03-08 11:55:00,2019-03-08 12:00:00,2,5.7,5.0
FL.DST.03,2019-03-08 14:35:00,2019-03-08 14:40:00,2,5.1,5.0
FL.DST.03,2019-03-11 10:40:00,2019-03-11 10:45:00,2,5.8,5.0
FL.DST.03,2019-03-11 11:00:00,2019-03-11 11:10:00,3,7.0,5.0
FL.DST.03,2019-03-11 11:35:00,2019-03-11 12:35:00,13,6.5,5.0
FL.DST.03,2019-03-11 12:55:00,2019-03-11 13:05:00,3,6.1,5.0
FL.DST.03,2019-03-11 14:30:00,2019-03-11 14:30:00,1,5.0,5.0
FL.DST.03,2019-03-12 10:55:00,2019-03-12 13:00:00,26,8.7,5.0
FL.DST.03,2019-03-12 13:25:00,2019-03-12 13:30:00,2,5.0,5.0
FL.DST.03,2019-03-13 12:00:00,2019-03-13 12:10:00,3,5.7,5.0
FL.DST.03,2019-03-15 11:55:00,2019-03-15 12:00:00,2,5.2,5.0
FL.DST.03,2019-03-17 11:25:00,2019-03-17 12:15:00,11,6.2,5.0
FL.DST.03,2019-03-20 11:25:00,2019-03-20 11:30:00,2,5.2,5.0
FL.DST.03,2019-03-21 11:20:00,2019-03-21 11:40:00,5,6.1,5.0
FL.DST.03,2019-03-21 12:05:00,2019-03-21 12:10:00,2,5.4,5.0
FL.DST.03,2019-03-21 14:00:00,2019-03-21 14:05:00,2,5.2,5.0
FL.DST.03,2019-03-21 14:45:00,2019-03-21 14:55:00,3,5.7,5.0
FL.DST.03,2019-03-22 10:45:00,2019-03-22 12:35:00,23,8.4,5.0
FL.DST.03,2019-03-23 10:10:00,2019-03-23 12:50:00,33,8.4,5.0
FL.DST.03,2019-03-23 13:35:00,2019-03-23 13:40:00,2,5.4,5.0
FL.DST.03,2019-03-23 14:30:00,2019-03-23 14:50:00,5,5.8,5.0
FL.DST.03,2019-03-24 10:35:00,2019-03-24 10:45:00,3,5.0,5.0
FL.DST.03,2019-03-24 10:55:00,2019-03-24 11:00:00,2,5.1,5.0
FL.DST.03,2019-03-24 11:20:00,2019-03-24 11:55:00,8,7.0,5.0
FL.DST.03,2019-03-24 14:30:00,2019-03-24 14:30:00,1,5.4,5.0
FL.DST.03,2019-03-28 10:30:00,2019-03-28 11:05:00,8,7.0,5.0
FL.DST.03,2019-03-28 11:15:00,2019-03-28 11:20:00,2,5.4,5.0
FL.DST.03,2019-03-28 11:30:00,2019-03-28 11:40:00,3,5.8,5.0
FL.DST.03,2019-03-28 11:55:00,2019-03-28 12:00:00,2,5.7,5.0
FL.DST.03,2019-03-30 11:15:00,2019-03-30 11:25:00,3,6.1,5.0
FL.DST.03,2019-03-31 11:25:00,2019-03-31 11:30:00,2,5.2,5.0
FL.DST.03,2019-04-02 10:15:00,2019-04-02 10:20:00,2,5.6,5.0
FL.DST.03,2019-04-02 11:10:00,2019-04-02 11:50:00,9,7.8,5.0
FL.DST.03,2019-04-02 12:05:00,2019-04-02 12:05:00,1,5.8,5.0
FL.DST.03,2019-04-03 11:35:00,2019-04-03 11:40:00,2,5.2,5.0
FL.DST.03,2019-04-04 11:30:00,2019-04-04 12:10:00,9,6.8,5.0
FL.DST.03,2019-04-05 11:25:00,2019-04-05 11:25:00,1,5.1,5.0
FL.DST.03,2019-04-05 11:35:00,2019-04-05 11:35:00,1,5.0,5.0
FL.DST.03,2019-04-05 14:50:00,2019-04-05 14:55:00,2,5.4,5.0
FL.DST.03,2019-04-06 11:55:00,2019-04-06 11:55:00,1,5.2,5.0
FL.DST.03,2019-04-08 11:30:00,2019-04-08 12:00:00,7,6.7,5.0
FL.DST.03,2019-04-08 13:50:00,2019-04-08 14:00:00,3,6.0,5.0
FL.DST.03,2019-04-08 14:10:00,2019-04-08 14:15:00,2,5.5,5.0
FL.DST.03,2019-04-09 11:10:00,2019-04-09 11:10:00,1,5.2,5.0
FL.DST.03,2019-04-09 11:20:00,2019-04-09 11:20:00,1,5.4,5.0
FL.DST.03,2022-09-29 01:10:00,2022-09-29 01:10:00,1,5.2,5.0
FL.DST.03,2023-02-15 13:55:00,2023-02-15 15:35:00,21,6.7,5.0
FL.DST.03,2023-02-15 15:45:00,2023-02-15 15:55:00,3,6.0,5.0
FL.DST.03,2023-06-26 09:50:00,2023-06-26 09:50:00,1,5.5,5.0
FL.DST.03,2023-09-01 01:30:00,2023-09-01 01:40:00,3,5.2,5.0
FL.DST.03,2023-09-01 03:15:00,2023-09-01 03:55:00,9,5.2,5.0
FL.DST.03,2023-09-01 06:20:00,2023-09-01 06:25:00,2,5.1,5.0
FL.DST.03,2023-09-01 06:50:00,2023-09-01 06:50:00,1,5.3,5.0
FL.DST.03,2023-09-01 07:20:00,2023-09-01 07:20:00,1,5.3,5.0
FL.DST.03,2023-10-03 16:55:00,2023-10-03 17:25:00,7,9.7,5.0
FL.DST.03,2024-08-03 21:30:00,2024-08-03 21:30:00,1,5.0,5.0
FL.DST.03,2025-08-15 10:05:00,2025-08-15 10:05:00,1,16.8,5.0
FL.DST.04,2019-05-15 10:25:00,2019-05-15 10:25:00,1,29.6,5.0
FL.DST.04,2019-06-14 10:30:00,2019-06-14 10:30:00,1,28.1,5.0
FL.DST.04,2020-06-22 04:50:00,2020-06-22 04:50:00,1,6.6,5.0
FL.DST.04,2022-05-17 23:35:00,2022-05-17 23:35:00,1,5.2,5.0
FL.DST.04,2023-10-03 17:00:00,2023-10-03 17:20:00,5,8.4,5.0
FL.DST.05,2019-09-18 20:50:00,2019-09-18 20:55:00,2,6.1,5.0
FL.DST.05,2019-10-04 12:45:00,2019-10-04 12:50:00,2,5.1,5.0
FL.DST.05,2021-02-16 12:20:00,2021-02-16 12:25:00,2,14.6,5.0
FL.DST.06,2021-05-19 18:50:00,2021-05-19 19:20:00,7,9.8,5.0
FL.DST.06,2021-08-27 12:15:00,2021-08-27 13:00:00,10,14.5,5.0
FL.DST.06,2021-08-28 11:10:00,2021-08-28 12:15:00,14,19.8,5.0
FL.DST.06,2021-08-31 21:00:00,2021-08-31 22:40:00,21,20.4,5.0
FL.DST.06,2022-05-17 22:20:00,2022-05-18 01:35:00,40,24.4,5.0
FL.DST.06,2022-06-08 15:35:00,2022-06-08 15:50:00,4,8.7,5.0
FL.DST.06,2022-07-01 19:05:00,2022-07-01 19:45:00,9,11.5,5.0
FL.DST.06,2022-09-10 18:40:00,2022-09-10 19:20:00,9,11.7,5.0
FL.DST.06,2023-02-15 08:40:00,2023-02-15 09:15:00,8,7.1,5.0
FL.DST.06,2023-05-11 11:50:00,2023-05-11 12:10:00,5,7.3,5.0
FL.DST.06,2023-05-12 23:00:00,2023-05-12 23:05:00,2,6.3,5.0
FL.DST.06,2023-08-23 17:25:00,2023-08-23 18:05:00,9,12.9,5.0
FL.DST.06,2023-09-24 11:50:00,2023-09-24 12:20:00,7,11.4,5.0
FL.DST.06,2023-10-03 16:50:00,2023-10-03 18:00:00,15,18.1,5.0
FL.DST.06,2025-02-19 14:25:00,2025-02-19 14:55:00,7,11.2,5.0
FL.DST.06,2025-05-10 18:00:00,2025-05-10 18:30:00,7,10.3,5.0
FL.DST.06,2025-11-13 02:25:00,2025-11-13 03:05:00,9,13.5,5.0
FL.DST.07,2021-03-13 00:40:00,2021-03-13 00:45:00,2,11.6,5.0
FL.DST.07,2021-03-17 10:40:00,2021-03-17 10:40:00,1,12.9,5.0
FL.DST.07,2021-07-01 22:30:00,2021-07-01 22:45:00,4,8.6,5.0
FL.DST.07,2021-08-28 11:15:00,2021-08-28 11:25:00,3,7.7,5.0
FL.DST.07,2021-08-31 20:50:00,2021-08-31 22:10:00,17,18.9,5.0
FL.DST.07,2022-05-17 22:30:00,2022-05-17 23:20:00,11,11.1,5.0
FL.DST.07,2022-05-17 23:35:00,2022-05-17 23:40:00,2,5.3,5.0
FL.DST.07,2022-07-01 19:10:00,2022-07-01 19:20:00,3,7.8,5.0
FL.DST.07,2023-10-03 16:50:00,2023-10-03 17:00:00,3,10.8,5.0
FL.DST.08,2022-05-17 22:35:00,2022-05-18 00:25:00,23,19.0,5.0
FL.DST.08,2022-08-09 10:55:00,2022-08-09 11:15:00,5,6.6,5.0
FL.DST.08,2023-05-28 11:40:00,2023-05-28 16:25:00,58,12.9,5.0
FL.DST.08,2023-10-03 16:55:00,2023-10-03 17:55:00,13,11.7,5.0
FL.DST.08,2025-02-19 14:35:00,2025-02-19 14:40:00,2,5.8,5.0
FL.DST.08,2025-05-10 18:05:00,2025-05-10 18:25:00,5,7.2,5.0
FL.DST.08,2025-09-06 17:10:00,2025-09-06 17:15:00,2,6.7,5.0
FL.DST.08,2025-11-13 02:30:00,2025-11-13 02:50:00,5,6.3,5.0
FL.HKG.01,2019-05-03 10:45:00,2019-05-03 10:45:00,1,27.4,5.0
FL.HKG.01,2019-06-06 10:15:00,2019-06-06 10:20:00,2,30.1,5.0
FL.HKG.01,2019-06-07 15:00:00,2019-06-07 15:55:00,12,16.0,5.0
FL.HKG.01,2019-06-07 16:05:00,2019-06-07 16:10:00,2,5.9,5.0
FL.HKG.01,2020-04-29 12:10:00,2020-04-29 12:20:00,3,9.0,5.0
FL.HKG.01,2020-07-24 06:35:00,2020-07-24 07:45:00,15,11.6,5.0
FL.HKG.01,2020-09-01 03:30:00,2020-09-01 05:05:00,20,18.9,5.0
FL.HKG.01,2020-09-23 15:35:00,2020-09-23 17:10:00,20,11.2,5.0
FL.HKG.01,2020-09-27 20:55:00,2020-09-27 20:55:00,1,5.6,5.0
FL.HKG.01,2020-09-27 21:05:00,2020-09-27 21:35:00,7,10.7,5.0
FL.HKG.01,2020-09-27 21:45:00,2020-09-27 21:45:00,1,5.3,5.0
FL.HKG.01,2020-10-01 22:00:00,2020-10-01 22:20:00,5,9.9,5.0
FL.HKG.01,2020-10-02 18:30:00,2020-10-02 18:45:00,4,6.5,5.0
FL.HKG.01,2020-10-02 18:55:00,2020-10-02 18:55:00,1,6.0,5.0
FL.HKG.01,2020-10-02 19:25:00,2020-10-02 19:30:00,2,6.9,5.0
FL.HKG.01,2020-10-02 20:15:00,2020-10-02 23:50:00,44,12.1,5.0
FL.HKG.01,2020-10-31 15:30:00,2020-10-31 15:55:00,6,10.3,5.0
FL.HKG.01,2020-11-21 12:35:00,2020-11-21 14:45:00,27,22.5,5.0
FL.HKG.01,2021-04-12 12:40:00,2021-04-12 13:10:00,7,7.6,5.0
FL.HKG.01,2021-04-27 13:35:00,2021-04-27 15:20:00,22,19.6,5.0
FL.HKG.01,2021-04-27 15:30:00,2021-04-27 15:30:00,1,5.3,5.0
FL.HKG.01,2021-05-03 14:15:00,2021-05-03 14:15:00,1,5.0,5.0
FL.HKG.01,2021-05-19 19:40:00,2021-05-19 19:40:00,1,6.1,5.0
FL.HKG.01,2021-09-30 14:00:00,2021-09-30 14:10:00,3,8.0,5.0
FL.HKG.01,2021-10-02 15:00:00,2021-10-02 17:10:00,27,12.9,5.0
FL.HKG.01,2021-10-02 17:40:00,2021-10-02 17:45:00,2,6.6,5.0
FL.HKG.01,2021-10-02 17:55:00,2021-10-02 17:55:00,1,5.0,5.0
FL.HKG.01,2021-10-16 23:55:00,2021-10-17 01:10:00,16,13.2,5.0
FL.HKG.01,2022-05-17 16:05:00,2022-05-17 16:30:00,6,9.1,5.0
FL.HKG.01,2022-05-18 00:25:00,2022-05-18 05:00:00,56,12.6,5.0
FL.HKG.01,2022-07-20 20:50:00,2022-07-21 06:55:00,122,36.0,5.0
FL.HKG.01,2022-08-01 23:25:00,2022-08-02 02:45:00,41,10.9,5.0
FL.HKG.01,2022-09-06 21:05:00,2022-09-06 22:25:00,17,10.6,5.0
FL.HKG.01,2022-09-08 14:15:00,2022-09-08 14:30:00,4,6.5,5.0
FL.HKG.01,2022-09-08 14:40:00,2022-09-08 14:40:00,1,5.2,5.0
FL.HKG.01,2022-09-08 17:30:00,2022-09-08 17:50:00,5,6.2,5.0
FL.HKG.01,2022-09-10 18:40:00,2022-09-11 02:35:00,96,24.1,5.0
FL.HKG.01,2022-09-12 16:50:00,2022-09-12 17:30:00,9,11.5,5.0
FL.HKG.01,2022-09-22 02:50:00,2022-09-22 04:25:00,20,20.5,5.0
FL.HKG.01,2022-09-24 12:45:00,2022-09-24 13:15:00,7,9.0,5.0
FL.HKG.01,2022-10-09 18:50:00,2022-10-09 19:05:00,4,7.0,5.0
FL.HKG.01,2022-10-11 01:10:00,2022-10-11 02:50:00,21,17.7,5.0
FL.HKG.01,2022-11-17 15:55:00,2022-11-17 16:05:00,3,7.9,5.0
FL.HKG.01,2023-04-30 08:15:00,2023-04-30 08:15:00,1,5.2,5.0
FL.HKG.01,2023-09-21 17:30:00,2023-09-21 17:35:00,2,5.0,5.0
FL.HKG.01,2023-09-28 18:10:00,2023-09-28 18:40:00,7,13.0,5.0
FL.HKG.01,2023-10-03 16:35:00,2023-10-03 18:10:00,20,16.0,5.0
FL.HKG.01,2023-10-21 04:15:00,2023-10-21 04:15:00,1,6.0,5.0
FL.HKG.01,2024-10-02 01:25:00,2024-10-02 02:00:00,8,11.2,5.0
FL.HKG.01,2024-10-24 16:25:00,2024-10-24 16:35:00,3,5.9,5.0
FL.HKG.01,2024-10-29 23:00:00,2024-10-30 01:10:00,27,15.0,5.0
FL.HKG.01,2024-11-17 13:50:00,2024-11-17 14:10:00,5,8.3,5.0
FL.HKG.01,2025-04-07 09:15:00,2025-04-07 11:05:00,23,21.5,5.0
FL.HKG.01,2025-04-15 18:05:00,2025-04-15 19:00:00,12,12.4,5.0
FL.HKG.01,2025-05-01 03:55:00,2025-05-01 04:40:00,10,12.4,5.0
FL.HKG.01,2025-05-03 05:25:00,2025-05-03 05:50:00,6,9.7,5.0
FL.HKG.01,2025-05-10 18:10:00,2025-05-10 18:40:00,7,14.0,5.0
FL.HKG.01,2025-09-17 02:40:00,2025-09-17 02:45:00,2,6.7,5.0
FL.HKG.01,2025-11-02 21:50:00,2025-11-02 22:15:00,6,9.1,5.0
FL.HKG.01,2025-11-13 02:05:00,2025-11-13 03:20:00,16,17.6,5.0
FL.JTG.01,2021-03-22 13:20:00,2021-03-22 13:20:00,1,9.5,5.0
FL.JTG.01,2021-05-03 14:05:00,2021-05-03 14:25:00,5,10.6,5.0
FL.JTG.01,2021-06-27 23:25:00,2021-06-27 23:25:00,1,6.6,5.0
FL.JTG.01,2021-06-27 23:35:00,2021-06-28 00:10:00,8,10.3,5.0
FL.JTG.01,2021-06-28 14:05:00,2021-06-28 14:05:00,1,5.0,5.0
FL.JTG.01,2021-07-14 08:30:00,2021-07-14 10:00:00,19,18.6,5.0
FL.JTG.01,2021-08-12 00:30:00,2021-08-12 00:40:00,3,5.9,5.0
FL.JTG.01,2021-08-27 13:55:00,2021-08-27 13:55:00,1,5.7,5.0
FL.JTG.01,2021-09-19 16:05:00,2021-09-19 16:30:00,6,8.2,5.0
FL.JTG.01,2021-09-20 19:20:00,2021-09-20 19:25:00,2,5.5,5.0
FL.JTG.01,2021-10-07 14:20:00,2021-10-07 14:25:00,2,7.2,5.0
FL.JTG.01,2021-11-02 17:05:00,2021-11-02 17:05:00,1,5.4,5.0
FL.JTG.01,2022-07-08 19:30:00,2022-07-08 19:50:00,5,7.2,5.0
FL.JTG.01,2022-07-20 21:10:00,2022-07-20 21:15:00,2,7.0,5.0
FL.JTG.01,2022-07-20 22:30:00,2022-07-20 23:40:00,15,18.4,5.0
FL.JTG.01,2022-09-14 18:35:00,2022-09-14 19:30:00,12,9.6,5.0
FL.JTG.01,2022-10-09 18:35:00,2022-10-09 19:55:00,17,11.1,5.0
FL.JTG.01,2022-11-24 21:10:00,2022-11-24 21:40:00,7,9.6,5.0
FL.JTG.01,2022-12-02 02:20:00,2022-12-02 02:20:00,1,5.6,5.0
FL.JTG.01,2023-08-17 17:15:00,2023-08-17 18:15:00,13,12.7,5.0
FL.JTG.01,2023-09-22 23:20:00,2023-09-22 23:20:00,1,5.8,5.0
FL.JTG.01,2023-09-26 19:10:00,2023-09-26 19:15:00,2,6.3,5.0
FL.JTG.01,2023-10-21 19:15:00,2023-10-21 19:55:00,9,11.4,5.0
FL.JTG.01,2024-03-20 07:55:00,2024-03-20 08:15:00,5,8.1,5.0
FL.JTG.01,2024-08-03 21:30:00,2024-08-03 21:55:00,6,7.6,5.0
FL.JTG.01,2024-09-30 21:30:00,2024-09-30 21:45:00,4,5.7,5.0
FL.JTG.01,2024-10-03 00:35:00,2024-10-03 00:45:00,3,8.1,5.0
FL.JTG.01,2024-10-06 20:35:00,2024-10-06 21:05:00,7,12.9,5.0
FL.JTG.01,2024-10-18 15:45:00,2024-10-18 16:45:00,13,19.3,5.0
FL.JTG.01,2024-10-23 04:45:00,2024-10-23 04:50:00,2,6.5,5.0
FL.JTG.01,2024-10-29 23:25:00,2024-10-29 23:50:00,6,7.1,5.0
FL.JTG.01,2025-05-01 04:30:00,2025-05-01 04:50:00,5,8.5,5.0
FL.JTG.01,2025-05-23 21:25:00,2025-05-23 23:20:00,24,21.8,5.0
FL.JTG.01,2025-09-07 12:40:00,2025-09-07 12:40:00,1,6.1,5.0
FL.KSN.01,2019-09-01 16:10:00,2019-09-01 16:15:00,2,5.5,5.0
FL.KSN.01,2019-09-14 18:20:00,2019-09-14 18:35:00,4,8.9,5.0
FL.KSN.01,2021-03-22 11:20:00,2021-03-22 11:25:00,2,8.8,5.0
FL.KSN.01,2021-09-19 15:55:00,2021-09-19 16:15:00,5,9.6,5.0
FL.KSN.01,2021-11-01 17:25:00,2021-11-01 17:40:00,4,6.6,5.0
FL.KSN.01,2022-07-26 13:00:00,2022-07-26 13:00:00,1,6.0,5.0
FL.KSN.01,2022-10-09 18:55:00,2022-10-09 19:25:00,7,8.2,5.0
FL.KSN.01,2023-10-03 17:10:00,2023-10-03 17:50:00,9,7.2,5.0
FL.KSN.01,2023-10-04 20:10:00,2023-10-04 20:15:00,2,5.3,5.0
FL.KSN.01,2024-10-29 22:55:00,2024-10-30 00:05:00,15,14.5,5.0
FL.KSN.01,2025-05-01 04:15:00,2025-05-01 05:30:00,16,10.8,5.0
FL.KSN.01,2025-05-10 17:45:00,2025-05-10 19:20:00,20,12.4,5.0
FL.KSN.01,2025-07-16 22:55:00,2025-07-17 00:00:00,14,11.2,5.0
FL.KSN.01,2025-10-12 14:10:00,2025-10-12 14:50:00,9,6.9,5.0
FL.KSN.01,2025-11-13 02:55:00,2025-11-13 03:00:00,2,5.3,5.0
FL.KTY.01,2020-06-08 11:10:00,2020-06-08 11:10:00,1,26.9,5.0
FL.KTY.01,2020-08-14 23:00:00,2020-08-14 23:00:00,1,12.6,5.0
FL.KTY.01,2020-08-14 23:40:00,2020-08-14 23:40:00,1,12.4,5.0
FL.KTY.01,2020-08-15 00:20:00,2020-08-15 00:20:00,1,6.5,5.0
FL.KTY.01,2020-08-15 02:45:00,2020-08-15 02:45:00,1,10.0,5.0
FL.KTY.01,2020-08-15 03:25:00,2020-08-15 03:25:00,1,13.1,5.0
FL.KTY.01,2020-08-15 04:05:00,2020-08-15 04:05:00,1,13.6,5.0
FL.KTY.01,2020-08-15 04:45:00,2020-08-15 04:45:00,1,13.1,5.0
FL.KTY.01,2020-08-15 05:25:00,2020-08-15 05:25:00,1,13.0,5.0
FL.KTY.01,2020-08-15 06:05:00,2020-08-15 06:05:00,1,5.8,5.0
FL.KTY.01,2020-08-15 07:50:00,2020-08-15 07:50:00,1,7.2,5.0
FL.KTY.01,2020-08-15 08:30:00,2020-08-15 08:30:00,1,11.6,5.0
FL.KTY.01,2020-08-15 09:10:00,2020-08-15 09:10:00,1,13.6,5.0
FL.KTY.01,2020-08-15 09:50:00,2020-08-15 09:50:00,1,14.5,5.0
FL.KTY.01,2020-08-15 10:30:00,2020-08-15 10:30:00,1,14.9,5.0
FL.KTY.01,2020-08-15 11:10:00,2020-08-15 11:10:00,1,15.1,5.0
FL.KTY.01,2020-08-15 11:50:00,2020-08-15 11:50:00,1,14.6,5.0
FL.KTY.01,2020-08-15 12:30:00,2020-08-15 12:30:00,1,14.8,5.0
FL.KTY.01,2020-08-15 13:10:00,2020-08-15 13:10:00,1,13.4,5.0
FL.KTY.01,2020-08-15 13:50:00,2020-08-15 13:50:00,1,12.0,5.0
FL.KTY.01,2020-08-15 14:30:00,2020-08-15 14:30:00,1,12.2,5.0
FL.KTY.01,2020-08-15 15:10:00,2020-08-15 15:10:00,1,7.3,5.0
FL.KTY.01,2020-08-15 15:50:00,2020-08-15 15:50:00,1,5.7,5.0
FL.KTY.01,2020-08-15 16:30:00,2020-08-15 16:30:00,1,13.7,5.0
FL.KTY.01,2020-08-15 17:10:00,2020-08-15 17:10:00,1,14.3,5.0
FL.KTY.01,2020-08-15 17:50:00,2020-08-16 15:50:00,265,15.5,5.0
FL.KTY.01,2020-10-02 18:40:00,2020-10-02 20:40:00,25,23.2,5.0
FL.KTY.01,2021-02-23 13:25:00,2021-02-23 13:30:00,2,16.1,5.0
FL.KTY.01,2021-03-05 12:25:00,2021-03-05 12:30:00,2,11.4,5.0
FL.KTY.01,2021-04-27 14:05:00,2021-04-27 14:15:00,3,10.1,5.0
FL.KTY.01,2021-05-19 19:30:00,2021-05-19 19:50:00,5,8.0,5.0
FL.KTY.01,2021-05-19 20:00:00,2021-05-19 20:00:00,1,5.1,5.0
FL.KTY.01,2021-09-08 16:15:00,2021-09-08 16:30:00,4,8.6,5.0
FL.KTY.01,2022-03-23 10:30:00,2022-03-23 12:10:00,21,7.9,5.0
FL.KTY.01,2022-07-08 19:45:00,2022-07-08 19:45:00,1,5.5,5.0
FL.KTY.01,2022-10-03 16:30:00,2022-10-03 17:10:00,9,9.5,5.0
FL.KTY.01,2022-10-07 16:15:00,2022-10-07 18:15:00,25,21.5,5.0
FL.KTY.01,2022-10-09 18:50:00,2022-10-09 20:15:00,18,20.0,5.0
FL.KTY.01,2023-01-23 15:50:00,2023-01-23 15:50:00,1,12.2,5.0
FL.KTY.01,2023-05-29 17:25:00,2023-05-29 17:55:00,7,9.3,5.0
FL.KTY.01,2023-07-22 00:50:00,2023-07-22 01:45:00,12,9.7,5.0
FL.KTY.01,2023-09-25 14:35:00,2023-09-25 16:00:00,18,18.7,5.0
FL.KTY.01,2023-10-03 17:20:00,2023-10-03 17:25:00,2,6.1,5.0
FL.KTY.01,2023-11-16 12:25:00,2023-11-16 12:30:00,2,8.2,5.0
FL.KTY.02,2020-07-24 06:35:00,2020-07-24 08:00:00,18,15.3,5.0
FL.KTY.02,2020-10-02 18:35:00,2020-10-02 20:30:00,24,21.3,5.0
FL.KTY.02,2020-10-02 20:40:00,2020-10-02 21:20:00,9,10.1,5.0
FL.KTY.02,2021-02-09 13:15:00,2021-02-09 13:50:00,8,11.9,5.0
FL.KTY.02,2021-02-09 14:00:00,2021-02-09 14:10:00,3,8.0,5.0
FL.KTY.02,2021-03-08 12:00:00,2021-03-08 12:00:00,1,18.0,5.0
FL.KTY.02,2021-04-27 13:45:00,2021-04-27 14:55:00,15,12.2,5.0
FL.KTY.02,2021-05-19 19:25:00,2021-05-19 20:10:00,10,9.0,5.0
FL.KTY.02,2021-05-19 20:30:00,2021-05-19 20:30:00,1,5.0,5.0
FL.KTY.02,2021-11-01 17:25:00,2021-11-01 17:35:00,3,6.2,5.0
FL.KTY.02,2022-07-20 21:25:00,2022-07-21 02:15:00,59,22.3,5.0
FL.KTY.02,2022-07-21 02:30:00,2022-07-21 02:35:00,2,5.7,5.0
FL.KTY.02,2022-08-01 22:40:00,2022-08-01 22:40:00,1,5.3,5.0
FL.KTY.02,2022-08-01 22:55:00,2022-08-01 22:55:00,1,5.0,5.0
FL.KTY.02,2022-08-15 20:10:00,2022-08-15 22:50:00,33,12.1,5.0
FL.KTY.02,2022-08-15 23:05:00,2022-08-15 23:05:00,1,5.2,5.0
FL.KTY.02,2022-09-10 19:15:00,2022-09-10 19:15:00,1,5.6,5.0
FL.KTY.02,2022-09-10 19:25:00,2022-09-10 19:25:00,1,6.6,5.0
FL.KTY.02,2022-09-10 19:35:00,2022-09-10 19:50:00,4,8.5,5.0
FL.KTY.02,2022-09-10 20:00:00,2022-09-10 20:00:00,1,6.1,5.0
FL.KTY.02,2022-09-13 14:45:00,2022-09-13 15:55:00,15,12.7,5.0
FL.KTY.02,2022-09-13 16:05:00,2022-09-13 16:05:00,1,5.4,5.0
FL.KTY.02,2022-09-13 16:25:00,2022-09-13 16:25:00,1,5.1,5.0
FL.KTY.02,2022-10-03 14:55:00,2022-10-03 14:55:00,1,7.8,5.0
FL.KTY.02,2022-10-03 16:00:00,2022-10-03 18:10:00,27,15.2,5.0
FL.KTY.02,2022-10-07 16:20:00,2022-10-07 19:25:00,38,15.6,5.0
FL.KTY.02,2022-10-07 19:40:00,2022-10-07 19:40:00,1,7.8,5.0
FL.KTY.02,2022-10-07 19:50:00,2022-10-07 19:50:00,1,7.5,5.0
FL.KTY.02,2022-10-09 18:50:00,2022-10-09 20:45:00,24,14.6,5.0
FL.KTY.02,2022-10-09 20:55:00,2022-10-09 20:55:00,1,5.1,5.0
FL.KTY.02,2022-10-11 01:25:00,2022-10-11 02:35:00,15,10.5,5.0
FL.KTY.02,2023-05-29 17:25:00,2023-05-29 17:50:00,6,7.0,5.0
FL.KTY.02,2023-07-22 00:30:00,2023-07-22 03:00:00,31,19.5,5.0
FL.KTY.02,2023-09-25 14:35:00,2023-09-25 16:00:00,18,16.4,5.0
FL.KTY.02,2023-10-03 16:55:00,2023-10-03 18:35:00,21,14.4,5.0
FL.KTY.02,2024-05-21 19:00:00,2024-05-21 19:45:00,10,11.3,5.0
FL.KTY.02,2024-05-21 19:55:00,2024-05-21 20:05:00,3,5.9,5.0
FL.KTY.02,2024-10-24 16:35:00,2024-10-24 17:40:00,14,12.5,5.0
FL.KTY.02,2024-10-29 23:50:00,2024-10-29 23:50:00,1,6.9,5.0
FL.KTY.02,2024-11-17 13:50:00,2024-11-17 14:30:00,9,8.8,5.0
FL.KTY.02,2024-11-17 14:40:00,2024-11-17 14:40:00,1,6.1,5.0
FL.KTY.02,2025-05-10 18:05:00,2025-05-10 19:20:00,16,12.5,5.0
FL.KTY.02,2025-11-13 02:45:00,2025-11-13 03:55:00,15,16.3,5.0
FL.KTY.03,2019-01-08 12:00:00,2019-01-08 12:05:00,2,31.0,5.0
FL.KTY.03,2019-05-08 11:25:00,2019-05-08 11:25:00,1,30.6,5.0
FL.KTY.03,2021-02-04 14:10:00,2021-02-04 14:10:00,1,101.3,5.0
FL.KTY.03,2021-03-17 11:55:00,2021-03-17 12:00:00,2,12.9,5.0
FL.KTY.03,2021-04-27 13:50:00,2021-04-27 14:40:00,11,11.6,5.0
FL.KTY.03,2021-04-27 14:50:00,2021-04-27 14:50:00,1,5.7,5.0
FL.KTY.03,2021-05-19 19:30:00,2021-05-19 19:40:00,3,10.1,5.0
FL.KTY.03,2021-05-19 19:50:00,2021-05-19 19:55:00,2,9.2,5.0
FL.KTY.03,2021-05-19 20:05:00,2021-05-19 20:05:00,1,10.3,5.0
FL.KTY.03,2021-05-19 20:15:00,2021-05-19 20:25:00,3,6.8,5.0
FL.KTY.03,2021-07-09 12:35:00,2021-07-09 12:35:00,1,8.5,5.0
FL.KTY.03,2021-09-08 16:20:00,2021-09-08 16:25:00,2,6.5,5.0
FL.KTY.03,2021-09-08 16:35:00,2021-09-08 16:40:00,2,5.4,5.0
FL.KTY.03,2021-09-19 16:20:00,2021-09-19 16:25:00,2,5.8,5.0
FL.KTY.03,2022-07-20 21:35:00,2022-07-20 21:35:00,1,5.0,5.0
FL.KTY.03,2022-07-20 21:55:00,2022-07-20 21:55:00,1,7.0,5.0
FL.KTY.03,2022-07-20 22:10:00,2022-07-20 22:10:00,1,5.2,5.0
FL.KTY.03,2022-07-20 22:20:00,2022-07-20 22:20:00,1,7.2,5.0
FL.KTY.03,2022-07-20 22:30:00,2022-07-20 22:30:00,1,5.4,5.0
FL.KTY.03,2022-07-20 22:45:00,2022-07-20 22:55:00,3,6.2,5.0
FL.KTY.03,2022-09-06 14:00:00,2022-09-06 14:00:00,1,11.3,5.0
FL.KTY.03,2022-10-03 16:20:00,2022-10-03 17:05:00,10,14.0,5.0
FL.KTY.03,2022-10-03 17:15:00,2022-10-03 17:25:00,3,9.0,5.0
FL.KTY.03,2022-10-07 16:15:00,2022-10-07 18:35:00,29,18.8,5.0
FL.KTY.03,2022-10-09 18:55:00,2022-10-09 20:20:00,18,19.8,5.0
FL.KTY.03,2022-10-09 20:30:00,2022-10-09 20:30:00,1,5.1,5.0
FL.KTY.03,2022-10-09 20:45:00,2022-10-09 20:45:00,1,5.1,5.0
FL.KTY.03,2023-05-29 17:35:00,2023-05-29 17:35:00,1,5.2,5.0
FL.KTY.03,2023-07-22 00:45:00,2023-07-22 02:15:00,19,21.9,5.0
FL.KTY.03,2023-09-25 14:30:00,2023-09-25 15:55:00,18,18.3,5.0
FL.KTY.03,2023-10-03 17:15:00,2023-10-03 17:20:00,2,7.2,5.0
FL.KTY.03,2024-05-30 19:20:00,2024-05-30 19:20:00,1,5.5,5.0
FL.KTY.03,2024-11-17 13:50:00,2024-11-17 13:55:00,2,6.9,5.0
FL.KTY.03,2024-11-17 14:05:00,2024-11-17 14:05:00,1,5.4,5.0
FL.KTY.03,2025-05-10 18:15:00,2025-05-10 18:30:00,4,6.6,5.0
FL.KTY.03,2025-11-13 02:40:00,2025-11-13 04:25:00,22,19.6,5.0
FL.KTY.04,2019-01-04 11:40:00,2019-01-04 11:50:00,3,28.9,5.0
FL.KTY.04,2019-04-02 11:45:00,2019-04-02 11:45:00,1,29.4,5.0
FL.KTY.04,2019-06-14 11:35:00,2019-06-14 11:50:00,4,6.4,5.0
FL.KTY.04,2019-06-24 09:25:00,2019-06-24 10:25:00,13,11.6,5.0
FL.KTY.04,2019-06-24 10:50:00,2019-06-24 11:10:00,5,7.1,5.0
FL.KTY.04,2019-06-30 09:35:00,2019-06-30 09:55:00,5,8.1,5.0
FL.KTY.04,2019-06-30 10:10:00,2019-06-30 10:55:00,10,9.5,5.0
FL.KTY.04,2019-06-30 11:15:00,2019-06-30 12:20:00,14,6.6,5.0
FL.KTY.04,2019-07-01 09:25:00,2019-07-01 09:45:00,5,7.0,5.0
FL.KTY.04,2019-07-01 10:10:00,2019-07-01 10:25:00,4,7.4,5.0
FL.KTY.04,2019-09-14 18:10:00,2019-09-14 18:35:00,6,7.9,5.0
FL.KTY.04,2020-09-27 21:10:00,2020-09-27 21:30:00,5,7.8,5.0
FL.KTY.04,2020-10-02 18:55:00,2020-10-02 23:20:00,54,18.4,5.0
FL.KTY.04,2020-10-02 23:30:00,2020-10-02 23:30:00,1,5.3,5.0
FL.KTY.04,2021-03-08 13:10:00,2021-03-08 13:20:00,3,17.8,5.0
FL.KTY.04,2021-05-06 00:20:00,2021-05-06 02:40:00,29,15.5,5.0
FL.KTY.04,2021-05-06 20:20:00,2021-05-06 20:20:00,1,5.6,5.0
FL.KTY.04,2021-05-06 20:45:00,2021-05-06 20:45:00,1,7.7,5.0
FL.KTY.04,2021-05-06 21:10:00,2021-05-06 21:10:00,1,9.1,5.0
FL.KTY.04,2021-05-06 21:35:00,2021-05-06 21:40:00,2,9.1,5.0
FL.KTY.04,2021-05-06 22:00:00,2021-05-06 22:00:00,1,11.3,5.0
FL.KTY.04,2021-05-06 22:25:00,2021-05-06 22:25:00,1,12.0,5.0
FL.KTY.04,2021-05-06 22:50:00,2021-05-06 22:55:00,2,13.4,5.0
FL.KTY.04,2021-05-06 23:15:00,2021-05-06 23:15:00,1,14.1,5.0
FL.KTY.04,2021-05-06 23:40:00,2021-05-06 23:45:00,2,14.8,5.0
FL.KTY.04,2021-05-19 19:20:00,2021-05-19 20:35:00,16,13.5,5.0
FL.KTY.04,2021-05-19 20:45:00,2021-05-19 20:50:00,2,6.7,5.0
FL.KTY.04,2021-06-28 10:45:00,2021-06-28 10:50:00,2,7.3,5.0
FL.KTY.04,2022-05-17 23:20:00,2022-05-18 02:15:00,36,10.8,5.0
FL.KTY.04,2022-07-20 21:20:00,2022-07-21 08:05:00,130,26.6,5.0
FL.KTY.04,2022-07-21 08:15:00,2022-07-21 08:20:00,2,5.5,5.0
FL.KTY.04,2022-08-01 22:45:00,2022-08-02 00:50:00,26,11.7,5.0
FL.KTY.04,2022-08-02 01:00:00,2022-08-02 01:00:00,1,7.2,5.0
FL.KTY.04,2022-08-02 01:10:00,2022-08-02 01:10:00,1,7.8,5.0
FL.KTY.04,2022-08-02 01:30:00,2022-08-02 01:30:00,1,5.2,5.0
FL.KTY.04,2022-08-15 20:10:00,2022-08-16 02:35:00,78,16.5,5.0
FL.KTY.04,2022-08-16 02:45:00,2022-08-16 02:45:00,1,6.0,5.0
FL.KTY.04,2022-09-10 19:05:00,2022-09-10 23:15:00,51,19.9,5.0
FL.KTY.04,2022-09-13 14:50:00,2022-09-13 15:05:00,4,6.5,5.0
FL.KTY.04,2022-09-13 15:20:00,2022-09-13 15:20:00,1,5.3,5.0
FL.KTY.04,2022-09-23 23:35:00,2022-09-24 00:40:00,14,11.7,5.0
FL.KTY.04,2022-09-24 01:20:00,2022-09-24 01:25:00,2,5.6,5.0
FL.KTY.04,2022-10-03 16:15:00,2022-10-03 18:50:00,32,13.5,5.0
FL.KTY.04,2022-10-03 19:00:00,2022-10-03 19:05:00,2,7.1,5.0
FL.KTY.04,2022-10-07 16:15:00,2022-10-07 19:50:00,44,17.7,5.0
FL.KTY.04,2022-10-09 18:40:00,2022-10-09 22:55:00,52,23.5,5.0
FL.KTY.04,2023-07-22 00:15:00,2023-07-22 04:15:00,49,34.1,5.0
FL.KTY.04,2023-07-22 11:25:00,2023-07-22 11:50:00,6,5.6,5.0
FL.KTY.04,2023-07-22 14:45:00,2023-07-22 14:50:00,2,5.4,5.0
FL.KTY.04,2023-07-23 12:50:00,2023-07-23 13:10:00,5,5.2,5.0
FL.KTY.04,2023-07-24 09:50:00,2023-07-24 10:00:00,3,5.1,5.0
FL.KTY.04,2023-07-24 10:40:00,2023-07-24 10:40:00,1,5.1,5.0
FL.KTY.04,2023-07-24 13:55:00,2023-07-24 13:55:00,1,5.1,5.0
FL.KTY.04,2023-07-26 11:35:00,2023-07-26 11:40:00,2,5.1,5.0
FL.KTY.04,2023-07-26 14:45:00,2023-07-26 15:15:00,7,5.8,5.0
FL.KTY.04,2023-07-26 15:30:00,2023-07-26 15:30:00,1,5.1,5.0
FL.KTY.04,2023-07-26 15:40:00,2023-07-26 15:40:00,1,5.1,5.0
FL.KTY.04,2023-07-27 12:20:00,2023-07-27 12:20:00,1,5.0,5.0
FL.KTY.04,2023-09-26 17:45:00,2023-09-26 21:10:00,42,22.4,5.0
FL.KTY.04,2023-10-04 20:20:00,2023-10-04 20:55:00,8,10.9,5.0
FL.KTY.04,2023-10-30 10:35:00,2023-10-30 10:55:00,5,13.8,5.0
FL.KTY.04,2023-11-05 16:15:00,2023-11-05 16:15:00,1,5.2,5.0
FL.KTY.04,2023-11-07 14:55:00,2023-11-07 14:55:00,1,7.8,5.0
FL.KTY.04,2023-11-10 17:35:00,2023-11-10 17:35:00,1,6.1,5.0
FL.KTY.04,2023-11-11 12:30:00,2023-11-11 12:30:00,1,5.0,5.0
FL.KTY.04,2025-05-10 18:05:00,2025-05-10 19:10:00,14,9.9,5.0
FL.KTY.04,2025-10-09 21:00:00,2025-10-09 21:00:00,1,5.4,5.0
FL.KTY.04,2025-11-02 22:05:00,2025-11-02 22:05:00,1,5.3,5.0
FL.KTY.05,2021-02-09 13:05:00,2021-02-09 14:05:00,13,12.0,5.0
FL.KTY.05,2021-02-23 11:45:00,2021-02-23 11:45:00,1,139.4,5.0
FL.KTY.05,2021-02-23 11:55:00,2021-02-23 12:00:00,2,13.6,5.0
FL.KTY.05,2021-04-08 13:15:00,2021-04-08 13:15:00,1,9.7,5.0
FL.KTY.05,2021-04-27 13:50:00,2021-04-27 14:35:00,10,10.8,5.0
FL.KTY.05,2021-04-27 14:45:00,2021-04-27 14:45:00,1,5.9,5.0
FL.KTY.05,2021-05-19 19:15:00,2021-05-19 20:15:00,13,13.0,5.0
FL.KTY.05,2021-05-19 20:35:00,2021-05-19 20:35:00,1,6.0,5.0
FL.KTY.05,2021-06-28 11:10:00,2021-06-28 11:30:00,5,7.9,5.0
FL.KTY.05,2021-09-08 16:05:00,2021-09-08 17:10:00,14,14.8,5.0
FL.KTY.05,2021-09-08 17:25:00,2021-09-08 17:25:00,1,7.1,5.0
FL.KTY.05,2021-09-19 16:15:00,2021-09-19 16:15:00,1,6.0,5.0
FL.KTY.05,2021-09-19 16:25:00,2021-09-19 16:35:00,3,6.1,5.0
FL.KTY.05,2021-11-01 17:20:00,2021-11-01 17:20:00,1,7.7,5.0
FL.KTY.05,2021-11-01 17:30:00,2021-11-01 17:55:00,6,11.3,5.0
FL.KTY.05,2022-07-20 21:30:00,2022-07-20 23:55:00,30,14.1,5.0
FL.KTY.05,2022-08-15 20:10:00,2022-08-15 21:35:00,18,15.4,5.0
FL.KTY.05,2022-09-10 18:55:00,2022-09-10 20:00:00,14,12.7,5.0
FL.KTY.05,2022-09-13 14:45:00,2022-09-13 15:25:00,9,13.3,5.0
FL.KTY.05,2022-09-13 15:35:00,2022-09-13 15:40:00,2,6.0,5.0
FL.KTY.05,2022-10-03 14:10:00,2022-10-03 15:05:00,12,12.2,5.0
FL.KTY.05,2022-10-03 15:15:00,2022-10-03 15:15:00,1,6.6,5.0
FL.KTY.05,2022-10-03 15:30:00,2022-10-03 15:30:00,1,5.1,5.0
FL.KTY.05,2022-10-03 16:00:00,2022-10-03 17:45:00,22,16.5,5.0
FL.KTY.05,2022-10-03 17:55:00,2022-10-03 17:55:00,1,5.4,5.0
FL.KTY.05,2022-10-07 16:10:00,2022-10-07 18:55:00,34,17.1,5.0
FL.KTY.05,2022-10-07 19:10:00,2022-10-07 19:20:00,3,9.7,5.0
FL.KTY.05,2022-10-09 18:50:00,2022-10-09 21:00:00,27,19.8,5.0
FL.KTY.05,2022-10-09 21:10:00,2022-10-09 21:10:00,1,5.9,5.0
FL.KTY.05,2023-05-29 17:20:00,2023-05-29 17:25:00,2,5.2,5.0
FL.KTY.05,2023-05-29 17:35:00,2023-05-29 17:55:00,5,13.0,5.0
FL.KTY.05,2023-06-23 11:05:00,2023-06-23 11:10:00,2,11.5,5.0
FL.KTY.05,2023-07-22 00:30:00,2023-07-22 02:40:00,27,20.4,5.0
FL.KTY.05,2023-09-25 14:25:00,2023-09-25 16:10:00,22,19.9,5.0
FL.KTY.05,2023-10-03 17:00:00,2023-10-03 17:50:00,11,15.7,5.0
FL.KTY.05,2024-05-21 18:45:00,2024-05-21 19:45:00,13,16.0,5.0
FL.KTY.05,2024-05-30 19:05:00,2024-05-30 20:35:00,19,17.9,5.0
FL.KTY.05,2024-07-27 18:05:00,2024-07-27 18:20:00,4,9.3,5.0
FL.KTY.05,2024-10-24 16:30:00,2024-10-24 17:50:00,17,16.9,5.0
FL.KTY.05,2024-11-17 14:00:00,2024-11-17 14:30:00,7,6.9,5.0
FL.KTY.05,2024-11-20 14:25:00,2024-11-20 15:15:00,11,7.7,5.0
FL.KTY.05,2024-11-20 15:25:00,2024-11-20 16:00:00,8,7.0,5.0
FL.KTY.05,2024-11-20 16:15:00,2024-11-20 16:30:00,4,6.6,5.0
FL.KTY.05,2024-11-20 16:40:00,2024-11-20 16:55:00,4,6.4,5.0
FL.KTY.05,2024-11-20 17:15:00,2024-11-20 17:20:00,2,6.1,5.0
FL.KTY.05,2024-11-20 17:30:00,2024-11-20 17:40:00,3,5.9,5.0
FL.KTY.05,2024-11-20 17:50:00,2024-11-20 17:50:00,1,6.1,5.0
FL.KTY.05,2024-11-20 18:00:00,2024-11-20 18:00:00,1,6.0,5.0
FL.KTY.05,2024-11-20 18:10:00,2024-11-20 18:10:00,1,5.8,5.0
FL.KTY.05,2024-11-20 18:20:00,2024-11-20 18:40:00,5,5.9,5.0
FL.KTY.05,2024-11-20 19:00:00,2024-11-20 19:05:00,2,5.9,5.0
FL.KTY.05,2024-11-20 19:25:00,2024-11-20 19:25:00,1,5.2,5.0
FL.KTY.05,2024-11-20 19:50:00,2024-11-20 19:55:00,2,5.5,5.0
FL.KTY.05,2024-11-20 20:10:00,2024-11-20 20:10:00,1,5.4,5.0
FL.KTY.05,2024-11-20 20:20:00,2024-11-20 20:45:00,6,5.4,5.0
FL.KTY.05,2024-11-20 21:05:00,2024-11-20 21:05:00,1,5.0,5.0
FL.KTY.05,2024-11-20 21:55:00,2024-11-20 21:55:00,1,5.1,5.0
FL.KTY.05,2024-11-20 22:15:00,2024-11-20 22:15:00,1,5.1,5.0
FL.KTY.05,2024-11-20 22:35:00,2024-11-20 22:40:00,2,5.0,5.0
FL.KTY.05,2024-11-26 13:15:00,2024-11-26 13:20:00,2,5.3,5.0
FL.KTY.05,2024-11-26 13:55:00,2024-11-26 14:00:00,2,5.4,5.0
FL.KTY.05,2024-11-26 14:20:00,2024-11-26 14:20:00,1,5.2,5.0
FL.KTY.05,2024-11-26 15:05:00,2024-11-26 15:05:00,1,5.0,5.0
FL.KTY.05,2024-11-26 15:30:00,2024-11-26 15:30:00,1,5.0,5.0
FL.KTY.05,2024-11-26 16:00:00,2024-11-26 16:00:00,1,5.0,5.0
FL.KTY.05,2024-11-28 14:05:00,2024-11-28 14:05:00,1,5.2,5.0
FL.KTY.05,2024-11-28 14:15:00,2024-11-28 14:15:00,1,5.1,5.0
FL.KTY.05,2024-11-28 14:25:00,2024-11-28 14:25:00,1,5.4,5.0
FL.KTY.05,2024-11-28 14:35:00,2024-11-28 14:35:00,1,5.1,5.0
FL.KTY.05,2024-11-28 15:00:00,2024-11-28 15:00:00,1,5.1,5.0
FL.KTY.05,2024-11-28 15:10:00,2024-11-28 15:10:00,1,5.4,5.0
FL.KTY.05,2024-11-28 15:20:00,2024-11-28 15:20:00,1,5.3,5.0
FL.KTY.05,2024-11-28 15:45:00,2024-11-28 15:50:00,2,5.2,5.0
FL.KTY.05,2024-12-15 13:00:00,2024-12-15 13:00:00,1,5.2,5.0
FL.KTY.05,2024-12-15 14:20:00,2024-12-15 14:20:00,1,5.0,5.0
FL.KTY.05,2024-12-15 15:20:00,2024-12-15 15:20:00,1,5.6,5.0
FL.KTY.05,2024-12-16 14:20:00,2024-12-16 14:25:00,2,6.8,5.0
FL.LSI.01,2019-03-26 11:20:00,2019-03-26 11:20:00,1,31.2,5.0
FL.LSI.02,2019-04-07 22:15:00,2019-04-07 22:35:00,5,10.7,5.0
FL.LSI.02,2019-04-25 15:00:00,2019-04-25 15:15:00,4,9.4,5.0
FL.LSI.02,2019-05-10 16:55:00,2019-05-10 17:15:00,5,12.2,5.0
FL.LSI.02,2019-05-10 17:25:00,2019-05-10 17:25:00,1,5.6,5.0
FL.LSI.02,2019-05-14 03:55:00,2019-05-14 04:10:00,4,8.7,5.0
FL.LSI.02,2019-09-16 00:10:00,2019-09-16 00:20:00,3,9.2,5.0
FL.LSI.02,2019-09-17 20:35:00,2019-09-17 20:40:00,2,13.4,5.0
FL.LSI.02,2021-02-14 12:30:00,2021-02-14 12:35:00,2,5.0,5.0
FL.LSI.02,2021-02-14 12:45:00,2021-02-14 12:50:00,2,5.0,5.0
FL.LSI.02,2021-02-14 13:20:00,2021-02-14 13:20:00,1,5.0,5.0
FL.LSI.02,2021-02-14 13:30:00,2021-02-14 13:50:00,5,5.1,5.0
FL.LSI.02,2021-02-15 12:35:00,2021-02-15 12:35:00,1,5.0,5.0
FL.LSI.02,2021-02-15 12:50:00,2021-02-15 12:50:00,1,5.0,5.0
FL.LSI.02,2021-02-15 13:05:00,2021-02-15 13:10:00,2,5.0,5.0
FL.LSI.02,2021-02-22 12:00:00,2021-02-22 12:10:00,3,5.0,5.0
FL.LSI.02,2021-02-22 12:20:00,2021-02-22 14:35:00,28,5.3,5.0
FL.LSI.02,2021-02-22 14:45:00,2021-02-22 15:20:00,8,5.1,5.0
FL.LSI.02,2021-02-22 15:45:00,2021-02-22 16:05:00,5,5.0,5.0
FL.LSI.02,2021-02-23 10:35:00,2021-02-23 15:45:00,63,5.7,5.0
FL.LSI.02,2021-02-23 16:05:00,2021-02-23 16:05:00,1,10.0,5.0
FL.LSI.02,2021-07-28 14:20:00,2021-07-28 14:20:00,1,5.5,5.0
FL.LSI.02,2021-09-04 17:50:00,2021-09-04 17:55:00,2,9.1,5.0
FL.LSI.02,2021-10-03 20:55:00,2021-10-03 21:50:00,12,13.9,5.0
FL.LSI.02,2021-10-14 15:55:00,2021-10-14 17:50:00,24,21.5,5.0
FL.LSI.02,2021-10-30 17:25:00,2021-10-30 18:00:00,8,13.4,5.0
FL.LSI.02,2022-04-21 10:30:00,2022-04-21 10:35:00,2,5.9,5.0
FL.LSI.02,2022-05-11 10:50:00,2022-05-11 10:55:00,2,6.4,5.0
FL.LSI.02,2022-05-17 23:20:00,2022-05-17 23:30:00,3,7.2,5.0
FL.LSI.02,2022-09-04 20:00:00,2022-09-04 20:00:00,1,5.2,5.0
FL.LSI.02,2022-09-06 21:05:00,2022-09-06 22:00:00,12,11.8,5.0
FL.LSI.02,2022-09-06 22:10:00,2022-09-06 22:15:00,2,6.1,5.0
FL.LSI.02,2022-09-10 00:30:00,2022-09-10 01:40:00,15,14.5,5.0
FL.LSI.02,2022-10-03 15:30:00,2022-10-03 17:05:00,20,16.1,5.0
FL.LSI.02,2022-10-03 18:00:00,2022-10-03 18:20:00,5,8.9,5.0
FL.LSI.02,2022-10-03 19:45:00,2022-10-03 19:50:00,2,5.9,5.0
FL.LSI.02,2022-10-03 20:00:00,2022-10-03 20:10:00,3,6.7,5.0
FL.LSI.02,2022-10-03 20:20:00,2022-10-03 22:15:00,24,7.4,5.0
FL.LSI.02,2022-10-03 22:25:00,2022-10-03 22:40:00,4,6.1,5.0
FL.LSI.02,2023-01-19 10:00:00,2023-01-19 10:00:00,1,7.6,5.0
FL.LSI.02,2023-02-06 14:45:00,2023-02-06 14:45:00,1,6.1,5.0
FL.LSI.02,2023-07-05 18:15:00,2023-07-05 19:05:00,11,13.5,5.0
FL.LSI.02,2023-07-22 01:05:00,2023-07-22 01:30:00,6,9.6,5.0
FL.LSI.02,2023-10-05 18:00:00,2023-10-05 18:35:00,8,14.3,5.0
FL.LSI.02,2023-10-28 12:45:00,2023-10-28 13:25:00,9,12.7,5.0
FL.LSI.02,2023-10-28 13:35:00,2023-10-28 13:35:00,1,6.9,5.0
FL.LSI.02,2023-11-07 17:15:00,2023-11-07 18:00:00,10,17.8,5.0
FL.LSI.02,2024-05-21 15:05:00,2024-05-21 15:25:00,5,13.5,5.0
FL.LSI.02,2024-09-18 17:05:00,2024-09-18 17:25:00,5,11.2,5.0
FL.LSI.02,2024-09-24 20:00:00,2024-09-24 20:15:00,4,10.2,5.0
FL.LSI.02,2025-04-19 13:10:00,2025-04-19 13:35:00,6,11.0,5.0
FL.LSI.02,2025-05-10 17:40:00,2025-05-10 21:25:00,46,23.5,5.0
FL.LSI.02,2025-05-24 14:10:00,2025-05-24 15:40:00,19,17.5,5.0
FL.LSI.02,2025-10-14 13:10:00,2025-10-14 13:30:00,5,9.6,5.0
FL.LSI.02,2025-11-02 20:55:00,2025-11-03 03:45:00,83,20.6,5.0
FL.LSI.02,2025-11-13 02:05:00,2025-11-13 03:30:00,18,18.4,5.0
FL.LSI.03,2019-07-20 14:15:00,2019-07-20 14:15:00,1,5.3,5.0
FL.LSI.03,2019-07-20 14:30:00,2019-07-20 14:50:00,5,7.1,5.0
FL.LSI.03,2019-07-21 18:15:00,2019-07-21 18:25:00,3,5.5,5.0
FL.LSI.03,2019-07-23 17:45:00,2019-07-23 18:10:00,6,6.4,5.0
FL.LSI.03,2019-08-14 05:40:00,2019-08-14 05:50:00,3,5.0,5.0
FL.LSI.03,2019-08-16 00:25:00,2019-08-16 01:35:00,15,12.7,5.0
FL.LSI.03,2019-08-16 12:20:00,2019-08-16 12:25:00,2,9.6,5.0
FL.LSI.03,2019-08-16 17:30:00,2019-08-16 19:45:00,28,12.2,5.0
FL.LSI.03,2019-08-16 22:40:00,2019-08-17 02:45:00,50,15.4,5.0
FL.LSI.03,2019-08-18 09:20:00,2019-08-18 09:55:00,8,12.4,5.0
FL.LSI.03,2019-08-20 00:05:00,2019-08-20 02:10:00,26,10.6,5.0
FL.LSI.03,2019-08-20 15:45:00,2019-08-20 17:30:00,22,9.7,5.0
FL.LSI.03,2019-08-21 18:40:00,2019-08-21 21:25:00,34,8.6,5.0
FL.LSI.03,2019-08-21 21:35:00,2019-08-21 21:35:00,1,5.1,5.0
FL.LSI.03,2019-08-22 18:00:00,2019-08-23 00:40:00,81,11.3,5.0
FL.LSI.03,2019-08-24 16:55:00,2019-08-24 19:10:00,28,9.7,5.0
FL.LSI.03,2019-08-25 17:45:00,2019-08-25 20:15:00,31,10.8,5.0
FL.LSI.03,2019-08-25 23:15:00,2019-08-26 07:45:00,103,11.4,5.0
FL.LSI.03,2019-08-26 15:35:00,2019-08-26 21:00:00,66,11.9,5.0
FL.LSI.03,2019-09-16 00:00:00,2019-09-16 00:40:00,9,7.9,5.0
FL.LSI.03,2019-09-17 18:20:00,2019-09-17 19:25:00,14,23.3,5.0
FL.LSI.03,2019-09-17 20:25:00,2019-09-17 22:45:00,29,32.8,5.0
FL.LSI.03,2019-09-18 20:25:00,2019-09-18 20:50:00,6,6.5,5.0
FL.LSI.03,2019-09-18 23:35:00,2019-09-19 00:20:00,10,5.3,5.0
FL.LSI.03,2019-09-21 12:50:00,2019-09-21 12:50:00,1,5.0,5.0
FL.LSI.03,2019-09-21 13:05:00,2019-09-21 13:05:00,1,5.1,5.0
FL.LSI.03,2019-09-21 13:15:00,2019-09-21 13:15:00,1,6.6,5.0
FL.LSI.03,2019-09-23 12:50:00,2019-09-23 13:50:00,13,6.3,5.0
FL.LSI.03,2019-09-23 14:20:00,2019-09-23 14:50:00,7,9.1,5.0
FL.LSI.03,2019-09-23 15:00:00,2019-09-23 15:05:00,2,5.5,5.0
FL.LSI.03,2019-09-23 15:15:00,2019-09-23 15:30:00,4,5.4,5.0
FL.LSI.03,2019-09-23 15:45:00,2019-09-23 16:20:00,8,8.4,5.0
FL.LSI.03,2019-09-25 12:40:00,2019-09-25 13:05:00,6,6.6,5.0
FL.LSI.03,2020-02-07 13:30:00,2020-02-07 13:30:00,1,15.1,5.0
FL.LSI.03,2020-02-07 13:45:00,2020-02-08 10:00:00,244,73.3,5.0
FL.LSI.03,2020-02-26 11:20:00,2020-02-27 10:30:00,279,28.0,5.0
FL.LSI.03,2020-07-14 00:10:00,2020-07-14 01:05:00,12,20.8,5.0
FL.LSI.03,2020-07-24 07:10:00,2020-07-24 07:10:00,1,5.1,5.0
FL.LSI.03,2020-07-24 07:20:00,2020-07-24 07:20:00,1,5.4,5.0
FL.LSI.03,2020-10-03 12:20:00,2020-10-03 13:30:00,15,25.1,5.0
FL.LSI.03,2020-10-18 01:40:00,2020-10-18 02:25:00,10,13.7,5.0
FL.LSI.03,2021-08-27 12:55:00,2021-08-27 14:25:00,19,17.4,5.0
FL.LSI.03,2021-09-04 17:25:00,2021-09-04 17:25:00,1,5.5,5.0
FL.LSI.03,2021-09-10 12:00:00,2021-09-10 12:00:00,1,6.1,5.0
FL.LSI.03,2021-09-19 15:25:00,2021-09-19 17:25:00,25,33.2,5.0
FL.LSI.03,2021-10-14 16:55:00,2021-10-14 17:10:00,4,6.0,5.0
FL.LSI.03,2021-10-18 23:35:00,2021-10-18 23:35:00,1,8.5,5.0
FL.LSI.03,2021-10-19 00:50:00,2021-10-19 00:55:00,2,5.1,5.0
FL.LSI.03,2021-10-19 01:15:00,2021-10-19 01:20:00,2,5.1,5.0
FL.LSI.03,2021-10-19 01:55:00,2021-10-19 01:55:00,1,5.4,5.0
FL.LSI.03,2021-10-19 02:35:00,2021-10-19 02:40:00,2,5.3,5.0
FL.LSI.03,2021-11-29 22:50:00,2021-11-29 23:40:00,11,6.4,5.0
FL.LSI.03,2021-11-29 23:55:00,2021-11-30 00:00:00,2,5.3,5.0
FL.LSI.03,2021-12-09 02:00:00,2021-12-09 03:00:00,13,6.3,5.0
FL.LSI.03,2022-03-06 10:20:00,2022-03-06 10:20:00,1,5.6,5.0
FL.LSI.03,2022-03-21 03:20:00,2022-03-21 03:20:00,1,6.1,5.0
FL.LSI.03,2022-03-23 16:20:00,2022-03-23 16:25:00,2,5.5,5.0
FL.LSI.03,2022-03-24 13:10:00,2022-03-24 13:10:00,1,5.8,5.0
FL.LSI.03,2022-04-21 09:20:00,2022-04-21 09:20:00,1,5.3,5.0
FL.LSI.03,2022-05-09 15:35:00,2022-05-09 18:05:00,31,24.8,5.0
FL.LSI.03,2022-05-11 11:05:00,2022-05-11 11:25:00,5,7.9,5.0
FL.LSI.03,2022-05-17 21:30:00,2022-05-18 01:35:00,50,20.6,5.0
FL.LSI.03,2022-05-31 16:15:00,2022-05-31 16:15:00,1,6.5,5.0
FL.LSI.03,2022-06-24 18:15:00,2022-06-24 19:15:00,13,25.6,5.0
FL.LSI.03,2022-06-29 19:00:00,2022-06-29 19:05:00,2,5.9,5.0
FL.LSI.03,2022-07-14 17:40:00,2022-07-14 17:40:00,1,5.5,5.0
FL.LSI.03,2022-07-26 14:35:00,2022-07-26 14:50:00,4,9.5,5.0
FL.LSI.03,2022-07-28 11:25:00,2022-07-28 11:30:00,2,5.9,5.0
FL.LSI.03,2022-07-28 11:40:00,2022-07-28 11:45:00,2,6.4,5.0
FL.LSI.03,2022-07-31 17:10:00,2022-07-31 17:30:00,5,9.0,5.0
FL.LSI.03,2022-08-01 12:25:00,2022-08-01 12:35:00,3,9.0,5.0
FL.LSI.03,2022-08-01 12:45:00,2022-08-01 12:45:00,1,5.0,5.0
FL.LSI.03,2022-08-01 12:55:00,2022-08-01 13:15:00,5,10.4,5.0
FL.LSI.03,2022-08-01 22:55:00,2022-08-01 23:15:00,5,7.4,5.0
FL.LSI.03,2022-08-29 20:30:00,2022-08-29 20:30:00,1,8.0,5.0
FL.LSI.03,2022-09-04 19:55:00,2022-09-04 21:20:00,18,20.2,5.0
FL.LSI.03,2022-09-06 17:30:00,2022-09-06 17:35:00,2,5.6,5.0
FL.LSI.03,2022-09-06 17:45:00,2022-09-06 22:40:00,60,26.4,5.0
FL.LSI.03,2022-09-08 12:25:00,2022-09-08 16:05:00,45,25.6,5.0
FL.LSI.03,2022-09-10 18:50:00,2022-09-10 20:00:00,15,14.6,5.0
FL.LSI.03,2022-09-12 17:00:00,2022-09-12 17:00:00,1,5.4,5.0
FL.LSI.03,2022-09-24 12:55:00,2022-09-24 12:55:00,1,5.4,5.0
FL.LSI.03,2022-09-25 00:25:00,2022-09-25 00:40:00,4,5.6,5.0
FL.LSI.03,2022-10-03 14:40:00,2022-10-04 00:00:00,113,28.1,5.0
FL.LSI.03,2022-10-04 03:55:00,2022-10-04 06:00:00,26,16.5,5.0
FL.LSI.03,2022-10-05 11:05:00,2022-10-05 11:05:00,1,5.0,5.0
FL.LSI.03,2022-10-10 03:50:00,2022-10-10 03:50:00,1,5.0,5.0
FL.LSI.03,2024-01-26 16:00:00,2024-01-26 16:10:00,3,10.9,5.0
FL.LSI.03,2024-03-20 09:00:00,2024-03-20 09:05:00,2,5.8,5.0
FL.LSI.03,2024-05-30 21:00:00,2024-05-30 21:10:00,3,11.1,5.0
FL.LSI.03,2024-06-26 14:25:00,2024-06-26 14:35:00,3,10.7,5.0
FL.LSI.03,2024-06-26 14:45:00,2024-06-26 15:00:00,4,6.5,5.0
FL.LSI.03,2024-07-11 19:35:00,2024-07-11 19:35:00,1,8.4,5.0
FL.LSI.03,2024-07-29 17:00:00,2024-07-29 17:40:00,9,13.7,5.0
FL.LSI.03,2024-09-14 19:10:00,2024-09-14 20:00:00,11,14.4,5.0
FL.LSI.03,2024-09-21 17:10:00,2024-09-21 19:10:00,25,18.9,5.0
FL.LSI.03,2024-10-03 18:00:00,2024-10-03 18:50:00,11,16.8,5.0
FL.LSI.03,2024-10-03 19:10:00,2024-10-03 19:20:00,3,6.1,5.0
FL.LSI.03,2024-10-20 14:50:00,2024-10-20 15:15:00,6,10.2,5.0
FL.LSI.03,2025-05-10 17:50:00,2025-05-10 18:10:00,5,12.7,5.0
FL.LSI.03,2025-05-24 14:30:00,2025-05-24 14:50:00,5,11.2,5.0
FL.LSI.03,2025-09-12 14:35:00,2025-09-12 14:55:00,5,9.4,5.0
FL.LSI.03,2025-09-13 15:40:00,2025-09-13 16:30:00,11,11.5,5.0
FL.LSI.03,2025-09-18 20:35:00,2025-09-18 21:10:00,8,21.2,5.0
FL.LSI.03,2025-10-14 13:35:00,2025-10-14 13:35:00,1,5.1,5.0
FL.LSI.03,2025-11-02 21:10:00,2025-11-02 21:45:00,8,14.0,5.0
FL.LSI.04,2019-04-07 23:05:00,2019-04-07 23:15:00,3,8.0,5.0
FL.LSI.04,2019-04-25 15:05:00,2019-04-25 16:05:00,13,16.2,5.0
FL.LSI.04,2019-04-26 14:15:00,2019-04-26 15:25:00,15,18.4,5.0
FL.LSI.04,2019-05-10 17:15:00,2019-05-10 17:15:00,1,5.4,5.0
FL.LSI.04,2019-05-30 10:55:00,2019-05-30 11:05:00,3,5.2,5.0
FL.LSI.04,2019-05-30 11:15:00,2019-05-30 11:15:00,1,5.0,5.0
FL.LSI.04,2019-05-30 11:25:00,2019-05-30 11:25:00,1,5.0,5.0
FL.LSI.04,2019-06-07 14:50:00,2019-06-07 15:40:00,11,14.4,5.0
FL.LSI.04,2019-09-17 18:25:00,2019-09-17 19:40:00,16,15.1,5.0
FL.LSI.04,2019-09-17 20:35:00,2019-09-17 22:30:00,24,21.6,5.0
FL.LSI.04,2019-09-23 16:00:00,2019-09-23 16:30:00,7,8.8,5.0
FL.LSI.04,2020-04-25 13:35:00,2020-04-25 13:35:00,1,5.1,5.0
FL.LSI.04,2020-05-17 13:15:00,2020-05-17 13:25:00,3,6.2,5.0
FL.LSI.04,2020-05-24 22:45:00,2020-05-24 22:55:00,3,6.0,5.0
FL.LSI.04,2020-06-04 14:55:00,2020-06-04 16:50:00,24,23.2,5.0
FL.LSI.04,2020-06-04 17:00:00,2020-06-04 17:00:00,1,6.0,5.0
FL.LSI.04,2020-06-05 13:15:00,2020-06-05 13:15:00,1,5.7,5.0
FL.LSI.04,2020-07-14 00:10:00,2020-07-14 00:55:00,10,9.6,5.0
FL.LSI.04,2020-07-24 07:25:00,2020-07-24 07:35:00,3,5.4,5.0
FL.LSI.04,2020-07-24 15:40:00,2020-07-24 16:00:00,5,8.4,5.0
FL.LSI.04,2020-07-24 16:10:00,2020-07-24 16:20:00,3,7.5,5.0
FL.LSI.04,2020-07-24 16:30:00,2020-07-24 16:35:00,2,6.6,5.0
FL.LSI.04,2020-07-24 17:05:00,2020-07-24 17:05:00,1,6.2,5.0
FL.LSI.04,2020-07-28 15:25:00,2020-07-28 15:30:00,2,5.4,5.0
FL.LSI.04,2020-09-05 06:20:00,2020-09-05 06:20:00,1,5.8,5.0
FL.LSI.04,2020-09-08 15:50:00,2020-09-08 16:45:00,12,11.3,5.0
FL.LSI.04,2020-09-08 17:05:00,2020-09-08 17:05:00,1,5.7,5.0
FL.LSI.04,2020-09-23 16:25:00,2020-09-23 16:50:00,6,8.7,5.0
FL.LSI.04,2020-09-23 23:45:00,2020-09-23 23:45:00,1,5.8,5.0
FL.LSI.04,2020-10-02 17:35:00,2020-10-02 17:45:00,3,8.5,5.0
FL.LSI.04,2020-10-02 17:55:00,2020-10-02 17:55:00,1,5.0,5.0
FL.LSI.04,2020-10-03 12:25:00,2020-10-03 13:35:00,15,12.5,5.0
FL.LSI.04,2020-10-03 13:50:00,2020-10-03 13:50:00,1,5.1,5.0
FL.LSI.04,2020-10-04 00:15:00,2020-10-04 01:15:00,13,14.8,5.0
FL.LSI.04,2020-10-09 01:55:00,2020-10-09 02:55:00,13,9.1,5.0
FL.LSI.04,2020-10-18 01:50:00,2020-10-18 03:45:00,24,14.4,5.0
FL.LSI.04,2020-10-18 04:25:00,2020-10-18 04:55:00,7,6.3,5.0
FL.LSI.04,2020-10-18 05:05:00,2020-10-18 05:30:00,6,6.7,5.0
FL.LSI.04,2020-10-18 05:40:00,2020-10-18 05:40:00,1,5.5,5.0
FL.LSI.04,2021-03-26 12:15:00,2021-03-26 12:15:00,1,12.3,5.0
FL.LSI.04,2021-04-04 13:25:00,2021-04-04 13:35:00,3,6.9,5.0
FL.LSI.04,2021-07-09 14:35:00,2021-07-09 14:40:00,2,5.4,5.0
FL.LSI.04,2021-07-28 14:30:00,2021-07-28 14:40:00,3,10.2,5.0
FL.LSI.04,2021-08-26 15:35:00,2021-08-26 16:15:00,9,15.1,5.0
FL.LSI.04,2021-08-27 13:05:00,2021-08-27 14:15:00,15,15.8,5.0
FL.LSI.04,2021-09-08 02:25:00,2021-09-08 02:25:00,1,5.0,5.0
FL.LSI.04,2021-09-08 15:30:00,2021-09-08 15:55:00,6,10.6,5.0
FL.LSI.04,2021-09-19 15:10:00,2021-09-19 15:10:00,1,5.5,5.0
FL.LSI.04,2021-09-19 15:20:00,2021-09-19 17:25:00,26,23.0,5.0
FL.LSI.04,2021-10-14 16:35:00,2021-10-14 17:00:00,6,9.3,5.0
FL.LSI.04,2021-10-30 17:35:00,2021-10-30 18:20:00,10,12.5,5.0
FL.LSI.04,2022-01-27 15:05:00,2022-01-27 15:55:00,11,11.8,5.0
FL.LSI.04,2022-03-23 16:20:00,2022-03-23 17:10:00,11,17.7,5.0
FL.LSI.04,2022-03-24 13:05:00,2022-03-24 13:20:00,4,10.2,5.0
FL.LSI.04,2022-04-21 09:15:00,2022-04-21 09:25:00,3,10.1,5.0
FL.LSI.04,2022-04-21 09:35:00,2022-04-21 09:45:00,3,9.4,5.0
FL.LSI.04,2022-04-21 10:15:00,2022-04-21 10:30:00,4,10.9,5.0
FL.LSI.04,2022-04-21 10:50:00,2022-04-21 10:50:00,1,5.4,5.0
FL.LSI.04,2022-04-28 21:40:00,2022-04-28 21:50:00,3,8.5,5.0
FL.LSI.04,2022-05-06 17:15:00,2022-05-06 17:15:00,1,5.8,5.0
FL.LSI.04,2022-05-09 15:40:00,2022-05-09 17:55:00,28,20.0,5.0
FL.LSI.04,2022-05-10 11:10:00,2022-05-10 11:10:00,1,11.1,5.0
FL.LSI.04,2022-05-11 10:40:00,2022-05-11 11:50:00,15,16.5,5.0
FL.LSI.04,2022-05-17 21:35:00,2022-05-18 01:20:00,46,20.5,5.0
FL.LSI.04,2022-06-15 11:10:00,2022-06-15 12:15:00,14,17.4,5.0
FL.LSI.04,2022-06-15 14:45:00,2022-06-15 15:00:00,4,8.3,5.0
FL.LSI.04,2022-06-24 18:10:00,2022-06-24 19:35:00,18,17.4,5.0
FL.LSI.04,2022-06-29 19:05:00,2022-06-29 19:05:00,1,5.1,5.0
FL.LSI.04,2022-07-28 11:35:00,2022-07-28 12:00:00,6,11.1,5.0
FL.LSI.04,2022-08-01 12:35:00,2022-08-01 13:50:00,16,16.6,5.0
FL.LSI.04,2022-08-01 23:00:00,2022-08-01 23:45:00,10,13.7,5.0
FL.LSI.04,2022-09-04 19:40:00,2022-09-04 21:40:00,25,22.1,5.0
FL.LSI.04,2022-09-06 17:45:00,2022-09-06 20:05:00,29,24.2,5.0
FL.LSI.04,2022-09-06 20:25:00,2022-09-06 21:00:00,8,7.1,5.0
FL.LSI.04,2022-09-08 12:30:00,2022-09-08 15:40:00,39,25.8,5.0
FL.LSI.04,2022-09-10 18:50:00,2022-09-10 20:05:00,16,13.9,5.0
FL.LSI.04,2022-09-12 17:05:00,2022-09-12 17:10:00,2,6.5,5.0
FL.LSI.04,2022-09-15 20:05:00,2022-09-15 20:05:00,1,7.2,5.0
FL.LSI.04,2022-10-03 14:45:00,2022-10-03 23:20:00,104,36.1,5.0
FL.LSI.04,2022-11-23 20:15:00,2022-11-23 20:30:00,4,10.7,5.0
FL.LSI.04,2023-03-31 05:55:00,2023-03-31 06:55:00,13,7.1,5.0
FL.LSI.04,2023-04-21 14:10:00,2023-04-21 14:10:00,1,6.6,5.0
FL.LSI.04,2023-04-30 09:00:00,2023-04-30 09:45:00,10,15.9,5.0
FL.LSI.04,2023-05-10 19:15:00,2023-05-10 19:20:00,2,7.6,5.0
FL.LSI.04,2023-05-12 22:50:00,2023-05-12 23:20:00,7,11.8,5.0
FL.LSI.04,2023-06-28 19:20:00,2023-06-28 21:55:00,32,25.4,5.0
FL.LSI.04,2023-07-01 14:05:00,2023-07-01 15:55:00,23,20.5,5.0
FL.LSI.04,2023-07-05 18:20:00,2023-07-05 19:10:00,11,14.4,5.0
FL.LSI.04,2023-07-06 19:45:00,2023-07-06 20:20:00,8,13.5,5.0
FL.LSI.04,2023-07-09 12:10:00,2023-07-09 12:55:00,10,18.2,5.0
FL.LSI.04,2023-07-22 00:50:00,2023-07-22 02:25:00,20,24.2,5.0
FL.LSI.04,2023-08-31 18:35:00,2023-08-31 19:20:00,10,16.8,5.0
FL.LSI.04,2023-09-23 14:50:00,2023-09-23 15:10:00,5,8.7,5.0
FL.LSI.04,2023-09-30 17:20:00,2023-09-30 18:05:00,10,13.7,5.0
FL.LSI.04,2023-10-05 18:10:00,2023-10-05 19:15:00,14,17.8,5.0
FL.LSI.04,2023-10-28 12:40:00,2023-10-28 13:50:00,15,17.3,5.0
FL.LSI.04,2023-11-07 16:55:00,2023-11-07 17:10:00,4,10.9,5.0
FL.LSI.04,2024-03-20 09:00:00,2024-03-20 09:15:00,4,7.9,5.0
FL.LSI.04,2024-06-20 19:00:00,2024-06-20 19:30:00,7,14.5,5.0
FL.LSI.04,2024-06-26 14:20:00,2024-06-26 15:05:00,10,9.5,5.0
FL.LSI.04,2024-07-04 23:15:00,2024-07-04 23:20:00,2,5.4,5.0
FL.LSI.04,2024-07-29 16:55:00,2024-07-29 18:15:00,17,16.2,5.0
FL.LSI.04,2024-09-01 21:20:00,2024-09-01 21:40:00,5,8.6,5.0
FL.LSI.04,2024-09-14 19:15:00,2024-09-14 19:45:00,7,14.4,5.0
FL.LSI.04,2024-09-18 16:40:00,2024-09-18 17:05:00,6,11.6,5.0
FL.LSI.04,2024-09-21 17:15:00,2024-09-21 18:45:00,19,20.0,5.0
FL.LSI.04,2024-09-23 18:40:00,2024-09-23 18:45:00,2,7.6,5.0
FL.LSI.04,2024-10-03 17:40:00,2024-10-03 19:00:00,17,14.3,5.0
FL.LSI.04,2024-10-23 04:30:00,2024-10-23 04:35:00,2,6.9,5.0
FL.LSI.04,2025-05-10 17:35:00,2025-05-10 18:55:00,17,24.1,5.0
FL.LSI.04,2025-05-24 14:30:00,2025-05-24 15:45:00,16,14.1,5.0
FL.LSI.04,2025-06-05 21:40:00,2025-06-05 22:05:00,6,15.1,5.0
FL.LSI.04,2025-06-21 14:25:00,2025-06-21 14:25:00,1,5.7,5.0
FL.LSI.04,2025-07-01 16:40:00,2025-07-01 16:50:00,3,6.2,5.0
FL.LSI.04,2025-09-12 14:40:00,2025-09-12 14:50:00,3,6.1,5.0
FL.LSI.04,2025-09-13 15:25:00,2025-09-13 16:40:00,16,15.9,5.0
FL.LSI.04,2025-09-18 20:35:00,2025-09-18 21:05:00,7,12.3,5.0
FL.LSI.05,2020-06-04 15:15:00,2020-06-04 16:45:00,19,15.6,5.0
FL.LSI.05,2020-09-08 16:10:00,2020-09-08 16:20:00,3,8.4,5.0
FL.LSI.05,2020-09-08 16:30:00,2020-09-08 16:30:00,1,5.2,5.0
FL.LSI.05,2020-10-03 12:40:00,2020-10-03 13:05:00,6,9.3,5.0
FL.LSI.05,2021-08-27 13:25:00,2021-08-27 14:00:00,8,8.6,5.0
FL.LSI.05,2021-09-19 15:25:00,2021-09-19 17:35:00,27,15.5,5.0
FL.LSI.05,2021-10-03 16:35:00,2021-10-03 17:20:00,10,9.4,5.0
FL.LSI.05,2021-10-14 16:40:00,2021-10-14 17:10:00,7,6.5,5.0
FL.LSI.05,2021-10-14 17:20:00,2021-10-14 17:25:00,2,5.6,5.0
FL.LSI.05,2021-10-30 17:40:00,2021-10-30 18:45:00,14,9.2,5.0
FL.LSI.05,2022-05-09 15:45:00,2022-05-09 18:25:00,33,12.8,5.0
FL.LSI.05,2022-05-11 10:45:00,2022-05-11 11:50:00,14,12.2,5.0
FL.LSI.05,2022-05-17 22:00:00,2022-05-17 22:30:00,7,12.0,5.0
FL.LSI.05,2022-05-17 22:40:00,2022-05-18 00:40:00,25,15.4,5.0
FL.LSI.05,2022-05-18 01:05:00,2022-05-18 01:10:00,2,5.4,5.0
FL.LSI.05,2022-06-15 11:25:00,2022-06-15 12:15:00,11,11.0,5.0
FL.LSI.05,2022-06-24 18:25:00,2022-06-24 19:30:00,14,10.7,5.0
FL.LSI.05,2022-08-01 13:05:00,2022-08-01 13:05:00,1,7.6,5.0
FL.LSI.05,2022-08-01 13:15:00,2022-08-01 13:15:00,1,7.1,5.0
FL.LSI.05,2022-08-01 13:25:00,2022-08-01 13:25:00,1,7.2,5.0
FL.LSI.05,2022-09-08 12:45:00,2022-09-08 15:40:00,36,18.0,5.0
FL.LSI.05,2022-09-08 15:50:00,2022-09-08 15:50:00,1,7.1,5.0
FL.LSI.05,2022-09-08 16:00:00,2022-09-08 16:00:00,1,6.6,5.0
FL.LSI.05,2022-09-10 19:30:00,2022-09-10 19:30:00,1,6.6,5.0
FL.LSI.05,2022-09-10 19:40:00,2022-09-10 19:50:00,3,7.1,5.0
FL.LSI.05,2022-10-03 14:55:00,2022-10-03 22:15:00,89,26.4,5.0
FL.LSI.05,2022-10-03 22:25:00,2022-10-03 22:25:00,1,7.2,5.0
FL.LSI.05,2023-04-30 09:30:00,2023-04-30 09:30:00,1,7.1,5.0
FL.LSI.05,2023-06-28 19:30:00,2023-06-28 21:30:00,25,18.9,5.0
FL.LSI.05,2023-06-28 21:40:00,2023-06-28 21:45:00,2,7.0,5.0
FL.LSI.05,2023-06-28 21:55:00,2023-06-28 21:55:00,1,7.7,5.0
FL.LSI.05,2023-07-01 14:20:00,2023-07-01 15:30:00,15,12.6,5.0
FL.LSI.05,2023-07-01 15:40:00,2023-07-01 15:40:00,1,6.8,5.0
FL.LSI.05,2023-07-09 12:30:00,2023-07-09 12:30:00,1,8.3,5.0
FL.LSI.05,2023-07-22 01:10:00,2023-07-22 01:25:00,4,8.5,5.0
FL.LSI.05,2023-07-22 01:35:00,2023-07-22 01:55:00,5,9.5,5.0
FL.LSI.05,2023-07-22 02:05:00,2023-07-22 02:05:00,1,7.0,5.0
FL.LSI.05,2023-09-30 17:35:00,2023-09-30 17:35:00,1,7.6,5.0
FL.LSI.05,2023-10-05 18:25:00,2023-10-05 19:00:00,8,8.7,5.0
FL.LSI.05,2023-10-28 12:50:00,2023-10-28 13:30:00,9,12.4,5.0
FL.LSI.05,2023-11-05 07:45:00,2023-11-05 07:45:00,1,6.6,5.0
FL.LSI.05,2023-11-05 11:35:00,2023-11-05 11:35:00,1,7.0,5.0
FL.LSI.05,2023-11-05 12:50:00,2023-11-05 12:50:00,1,7.1,5.0
FL.LSI.05,2023-11-06 07:50:00,2023-11-06 07:50:00,1,6.6,5.0
FL.LSI.05,2023-11-06 08:45:00,2023-11-06 08:45:00,1,6.9,5.0
FL.LSI.05,2023-11-06 10:00:00,2023-11-06 10:05:00,2,7.2,5.0
FL.LSI.05,2023-11-06 10:20:00,2023-11-06 10:20:00,1,6.6,5.0
FL.LSI.05,2023-11-06 10:35:00,2023-11-06 10:40:00,2,7.4,5.0
FL.LSI.05,2023-11-06 11:15:00,2023-11-06 11:15:00,1,7.6,5.0
FL.LSI.05,2023-11-07 07:35:00,2023-11-07 07:35:00,1,6.6,5.0
FL.LSI.05,2023-11-07 08:15:00,2023-11-07 08:15:00,1,6.6,5.0
FL.LSI.05,2023-11-07 08:40:00,2023-11-07 08:40:00,1,6.6,5.0
FL.LSI.05,2023-11-07 09:15:00,2023-11-07 09:15:00,1,6.6,5.0
FL.LSI.05,2023-11-07 10:20:00,2023-11-07 10:20:00,1,6.6,5.0
FL.LSI.05,2024-04-03 11:50:00,2024-04-03 11:50:00,1,10.9,5.0
FL.LSI.05,2024-07-29 17:10:00,2024-07-29 17:55:00,10,11.6,5.0
FL.LSI.05,2024-09-21 17:20:00,2024-09-21 17:55:00,8,14.0,5.0
FL.LSI.05,2024-10-03 18:10:00,2024-10-03 18:10:00,1,6.7,5.0
FL.LSI.05,2024-10-03 18:20:00,2024-10-03 18:30:00,3,8.5,5.0
FL.LSI.05,2025-05-01 10:20:00,2025-05-01 10:20:00,1,11.1,5.0
FL.LSI.05,2025-05-10 17:55:00,2025-05-10 18:15:00,5,13.1,5.0
FL.LSI.05,2025-05-10 18:25:00,2025-05-10 18:25:00,1,7.8,5.0
FL.LSI.05,2025-09-13 15:50:00,2025-09-13 15:55:00,2,8.3,5.0
FL.LSI.05,2025-11-02 21:30:00,2025-11-02 22:45:00,16,16.6,5.0
FL.LSI.06,2019-04-08 09:05:00,2019-04-08 21:10:00,146,56.5,5.0
FL.LSI.06,2019-04-09 07:15:00,2019-04-09 09:45:00,31,33.4,5.0
FL.LSI.06,2019-04-30 11:40:00,2019-04-30 11:40:00,1,67.8,5.0
FL.LSI.06,2019-04-30 12:05:00,2019-04-30 12:05:00,1,34.5,5.0
FL.LSI.06,2019-04-30 20:00:00,2019-04-30 20:00:00,1,67.8,5.0
FL.LSI.06,2021-07-28 14:15:00,2021-07-28 14:20:00,2,5.2,5.0
FL.LSI.06,2021-07-30 15:50:00,2021-07-30 15:50:00,1,5.3,5.0
FL.LSI.06,2021-09-28 10:10:00,2021-09-28 10:20:00,3,11.3,5.0
FL.LSI.06,2021-10-03 21:05:00,2021-10-03 21:25:00,5,5.9,5.0
FL.LSI.06,2021-10-14 16:05:00,2021-10-14 17:45:00,21,12.7,5.0
FL.LSI.06,2021-10-30 17:30:00,2021-10-30 17:30:00,1,5.0,5.0
FL.LSI.06,2021-10-30 17:40:00,2021-10-30 18:10:00,7,8.3,5.0
FL.LSI.06,2023-07-05 18:35:00,2023-07-05 19:10:00,8,7.4,5.0
FL.LSI.06,2023-10-05 18:05:00,2023-10-05 18:40:00,8,10.1,5.0
FL.LSI.06,2023-10-28 12:50:00,2023-10-28 13:35:00,10,8.6,5.0
FL.LSI.06,2023-11-07 17:20:00,2023-11-07 17:55:00,8,12.5,5.0
FL.LSI.06,2025-05-10 17:50:00,2025-05-10 20:05:00,28,12.4,5.0
FL.LSI.06,2025-05-10 20:20:00,2025-05-10 20:30:00,3,6.2,5.0
FL.LSI.06,2025-05-10 20:40:00,2025-05-10 20:40:00,1,5.3,5.0
FL.LSI.06,2025-05-10 20:50:00,2025-05-10 20:55:00,2,6.9,5.0
FL.LSI.06,2025-05-10 21:05:00,2025-05-10 21:05:00,1,5.4,5.0
FL.LSI.06,2025-05-24 14:20:00,2025-05-24 15:15:00,12,10.4,5.0
FL.LSI.06,2025-05-24 15:30:00,2025-05-24 15:35:00,2,5.9,5.0
FL.LSI.06,2025-11-02 21:10:00,2025-11-03 03:10:00,73,15.2,5.0
FL.LSI.06,2025-11-13 02:15:00,2025-11-13 03:05:00,11,8.8,5.0
FL.MBR.01,2021-09-29 12:30:00,2021-09-29 12:40:00,3,13.2,5.0
FL.MBR.01,2022-04-19 13:50:00,2022-04-19 13:50:00,1,13.0,5.0
FL.MBR.01,2022-04-19 14:00:00,2022-04-19 14:05:00,2,11.2,5.0
FL.MBR.01,2022-07-20 20:25:00,2022-07-20 20:25:00,1,9.4,5.0
FL.MBR.01,2022-08-31 15:55:00,2022-08-31 15:55:00,1,9.5,5.0
FL.MBR.01,2023-01-10 14:05:00,2023-01-10 14:10:00,2,40.7,5.0
FL.MBR.01,2023-01-10 14:20:00,2023-01-10 14:25:00,2,8.8,5.0
FL.MBR.01,2024-08-14 16:30:00,2024-08-14 16:55:00,6,11.2,5.0
FL.PKN.01,2021-03-12 12:10:00,2021-03-12 12:10:00,1,14.3,5.0
FL.PKN.01,2023-09-26 18:25:00,2023-09-26 18:25:00,1,8.3,5.0
FL.PKN.01,2023-09-26 18:40:00,2023-09-26 20:00:00,17,9.0,5.0
FL.PKN.01,2023-09-26 20:10:00,2023-09-26 20:10:00,1,13.5,5.0
FL.PKN.01,2023-09-26 20:20:00,2023-09-26 21:45:00,18,12.0,5.0
FL.PKN.01,2023-09-26 21:55:00,2023-09-26 22:10:00,4,6.6,5.0
FL.PKN.01,2023-09-26 22:20:00,2023-09-26 22:30:00,3,6.1,5.0
FL.PKN.01,2023-09-26 23:00:00,2023-09-26 23:00:00,1,5.6,5.0
FL.PKN.01,2023-09-26 23:10:00,2023-09-26 23:25:00,4,8.9,5.0
FL.PKN.01,2025-12-16 12:35:00,2025-12-16 12:40:00,2,12.0,5.0
FL.PNK.02,2019-03-13 11:35:00,2019-03-13 11:35:00,1,17.9,5.0
FL.PNK.02,2022-09-18 20:00:00,2022-09-18 20:25:00,6,6.5,5.0
FL.PNK.02,2022-09-18 20:40:00,2022-09-18 20:40:00,1,6.3,5.0
FL.PNK.02,2022-09-18 20:55:00,2022-09-18 20:55:00,1,5.7,5.0
FL.PNK.02,2022-09-18 21:05:00,2022-09-18 21:05:00,1,5.4,5.0
FL.PNK.02,2022-09-18 21:20:00,2022-09-18 21:20:00,1,6.2,5.0
FL.PNK.02,2022-09-18 21:35:00,2022-09-18 21:40:00,2,6.1,5.0
FL.PNK.02,2022-09-18 21:50:00,2022-09-18 21:50:00,1,6.4,5.0
FL.PNK.02,2022-09-18 22:10:00,2022-09-18 22:10:00,1,6.7,5.0
FL.PNK.02,2022-09-18 22:30:00,2022-09-18 22:35:00,2,6.9,5.0
FL.PNK.02,2022-09-18 23:45:00,2022-09-18 23:50:00,2,6.9,5.0
FL.PNK.02,2023-08-20 19:05:00,2023-08-20 19:15:00,3,6.1,5.0
FL.PNK.02,2023-10-03 16:55:00,2023-10-03 17:40:00,10,13.9,5.0
FL.PPS.01,2019-04-07 23:30:00,2019-04-07 23:45:00,4,5.7,5.0
FL.PPS.01,2019-04-23 00:30:00,2019-04-23 01:40:00,15,6.3,5.0
FL.PPS.01,2019-05-14 05:00:00,2019-05-14 05:05:00,2,5.1,5.0
FL.PPS.01,2019-05-22 04:50:00,2019-05-22 05:15:00,6,14.3,5.0
FL.PPS.01,2019-05-22 18:45:00,2019-05-22 18:50:00,2,5.2,5.0
FL.PPS.01,2019-05-27 20:35:00,2019-05-27 21:00:00,6,5.9,5.0
FL.PPS.01,2019-05-28 22:10:00,2019-05-28 22:15:00,2,5.0,5.0
FL.PPS.01,2019-05-30 08:45:00,2019-05-30 09:05:00,5,5.8,5.0
FL.PPS.01,2019-06-01 22:15:00,2019-06-01 23:05:00,11,5.9,5.0
FL.PPS.01,2019-06-02 03:40:00,2019-06-02 11:25:00,94,9.9,5.0
FL.PPS.01,2019-06-03 21:45:00,2019-06-03 22:30:00,10,5.9,5.0
FL.PPS.01,2019-06-04 22:40:00,2019-06-04 22:40:00,1,5.2,5.0
FL.PPS.01,2019-06-06 00:10:00,2019-06-06 07:50:00,93,8.0,5.0
FL.PPS.01,2019-06-06 13:30:00,2019-06-06 14:05:00,8,5.4,5.0
FL.PPS.01,2019-06-06 15:00:00,2019-06-07 12:25:00,258,10.4,5.0
FL.PPS.01,2020-06-16 17:45:00,2020-06-16 17:45:00,1,5.5,5.0
FL.PPS.01,2020-06-16 17:55:00,2020-06-16 17:55:00,1,5.2,5.0
FL.PPS.01,2020-06-17 15:00:00,2020-06-17 15:00:00,1,5.4,5.0
FL.PPS.01,2020-06-22 04:55:00,2020-06-22 05:05:00,3,5.7,5.0
FL.PPS.01,2020-07-01 18:15:00,2020-07-01 18:20:00,2,5.3,5.0
FL.PPS.01,2020-07-03 16:45:00,2020-07-03 17:40:00,12,8.8,5.0
FL.PPS.01,2020-07-03 17:50:00,2020-07-03 18:30:00,9,6.8,5.0
FL.PPS.01,2020-07-03 18:50:00,2020-07-03 19:35:00,10,7.0,5.0
FL.PPS.01,2020-07-03 20:50:00,2020-07-03 20:50:00,1,5.0,5.0
FL.PPS.01,2020-07-07 02:15:00,2020-07-07 02:15:00,1,6.3,5.0
FL.PPS.01,2020-07-08 11:40:00,2020-07-08 11:40:00,1,5.1,5.0
FL.PPS.01,2020-07-10 22:15:00,2020-07-10 22:25:00,3,7.8,5.0
FL.PPS.01,2020-07-10 22:50:00,2020-07-10 22:50:00,1,5.0,5.0
FL.PPS.01,2020-07-10 23:05:00,2020-07-10 23:05:00,1,5.0,5.0
FL.PPS.01,2020-07-13 20:05:00,2020-07-13 20:35:00,7,7.1,5.0
FL.PPS.01,2020-07-14 00:15:00,2020-07-14 00:15:00,1,5.6,5.0
FL.PPS.01,2020-07-21 21:35:00,2020-07-21 21:40:00,2,5.5,5.0
FL.PPS.01,2020-07-24 06:40:00,2020-07-24 06:40:00,1,5.1,5.0
FL.PPS.01,2020-07-24 06:55:00,2020-07-24 06:55:00,1,5.0,5.0
FL.PPS.01,2020-07-25 12:00:00,2020-07-25 12:00:00,1,9.2,5.0
FL.PPS.01,2020-07-25 12:40:00,2020-07-25 13:25:00,10,7.3,5.0
FL.PPS.01,2020-07-25 13:35:00,2020-07-25 13:35:00,1,7.4,5.0
FL.PPS.01,2020-07-25 20:30:00,2020-07-25 20:30:00,1,10.0,5.0
FL.PPS.01,2020-08-13 16:40:00,2020-08-13 16:50:00,3,6.4,5.0
FL.PPS.01,2020-08-13 17:05:00,2020-08-13 17:15:00,3,5.6,5.0
FL.PPS.01,2020-08-16 01:50:00,2020-08-16 01:55:00,2,5.1,5.0
FL.PPS.01,2020-08-16 04:50:00,2020-08-16 04:50:00,1,5.1,5.0
FL.PPS.01,2020-08-30 13:30:00,2020-08-30 13:30:00,1,5.7,5.0
FL.PPS.01,2020-08-30 13:40:00,2020-08-30 13:50:00,3,6.4,5.0
FL.PPS.01,2020-08-31 01:35:00,2020-08-31 01:35:00,1,5.7,5.0
FL.PPS.01,2020-09-01 03:20:00,2020-09-01 03:45:00,6,7.5,5.0
FL.PPS.01,2020-09-01 04:30:00,2020-09-01 04:30:00,1,5.2,5.0
FL.PPS.01,2020-09-01 04:50:00,2020-09-01 04:50:00,1,5.6,5.0
FL.PPS.01,2020-09-01 05:05:00,2020-09-01 05:10:00,2,5.1,5.0
FL.PPS.01,2020-09-01 05:20:00,2020-09-01 05:20:00,1,5.3,5.0
FL.PPS.01,2020-09-01 05:30:00,2020-09-01 05:35:00,2,6.2,5.0
FL.PPS.01,2020-09-01 06:20:00,2020-09-01 06:20:00,1,5.1,5.0
FL.PPS.01,2020-09-01 07:55:00,2020-09-01 08:00:00,2,5.5,5.0
FL.PPS.01,2020-09-01 08:20:00,2020-09-01 08:20:00,1,5.2,5.0
FL.PPS.01,2020-09-05 11:30:00,2020-09-05 11:30:00,1,5.3,5.0
FL.PPS.01,2020-09-06 03:15:00,2020-09-06 03:15:00,1,5.1,5.0
FL.PPS.01,2020-09-06 03:25:00,2020-09-06 03:25:00,1,5.1,5.0
FL.PPS.01,2020-09-10 14:25:00,2020-09-10 15:20:00,12,8.5,5.0
FL.PPS.01,2020-09-15 01:10:00,2020-09-15 01:15:00,2,5.7,5.0
FL.PPS.01,2020-09-23 15:45:00,2020-09-23 15:45:00,1,5.3,5.0
FL.PPS.01,2020-09-23 16:15:00,2020-09-23 16:15:00,1,5.0,5.0
FL.PPS.01,2020-09-27 19:45:00,2020-09-27 21:00:00,16,8.2,5.0
FL.PPS.01,2020-09-27 21:10:00,2020-09-27 21:15:00,2,5.0,5.0
FL.PPS.01,2020-09-28 21:40:00,2020-09-28 21:40:00,1,5.1,5.0
FL.PPS.01,2020-10-01 21:50:00,2020-10-01 21:50:00,1,5.0,5.0
FL.PPS.01,2020-10-02 16:25:00,2020-10-02 16:25:00,1,5.6,5.0
FL.PPS.01,2020-10-02 17:55:00,2020-10-02 17:55:00,1,5.0,5.0
FL.PPS.01,2020-10-02 18:15:00,2020-10-02 18:35:00,5,7.9,5.0
FL.PPS.01,2021-01-26 17:35:00,2021-01-26 17:35:00,1,5.0,5.0
FL.PPS.01,2021-03-06 14:45:00,2021-03-06 14:50:00,2,5.5,5.0
FL.PPS.01,2021-03-16 12:10:00,2021-03-16 12:10:00,1,13.0,5.0
FL.PPS.01,2021-05-19 18:50:00,2021-05-19 19:35:00,10,14.9,5.0
FL.PPS.01,2021-07-01 22:15:00,2021-07-01 22:15:00,1,5.1,5.0
FL.PPS.01,2021-08-27 12:15:00,2021-08-27 12:35:00,5,13.9,5.0
FL.PPS.01,2021-09-19 15:50:00,2021-09-19 16:25:00,8,15.6,5.0
FL.PPS.01,2021-11-01 16:30:00,2021-11-01 16:30:00,1,5.0,5.0
FL.PPS.01,2021-11-01 17:15:00,2021-11-01 17:25:00,3,6.5,5.0
FL.PPS.01,2021-11-03 22:05:00,2021-11-03 22:05:00,1,5.5,5.0
FL.PPS.01,2021-11-07 19:00:00,2021-11-07 19:05:00,2,7.0,5.0
FL.PPS.01,2022-03-21 03:00:00,2022-03-21 03:00:00,1,5.1,5.0
FL.PPS.01,2022-04-30 14:30:00,2022-04-30 15:00:00,7,8.4,5.0
FL.PPS.01,2022-05-08 15:45:00,2022-05-08 15:45:00,1,5.1,5.0
FL.PPS.01,2022-07-01 18:55:00,2022-07-01 19:20:00,6,13.4,5.0
FL.PPS.01,2022-08-15 19:45:00,2022-08-15 20:00:00,4,10.0,5.0
FL.PPS.01,2022-09-10 18:40:00,2022-09-10 19:00:00,5,11.2,5.0
FL.PPS.01,2022-10-07 15:50:00,2022-10-07 16:00:00,3,5.9,5.0
FL.PPS.01,2022-10-07 16:10:00,2022-10-07 16:45:00,8,12.5,5.0
FL.PPS.01,2022-11-15 20:40:00,2022-11-15 20:40:00,1,5.4,5.0
FL.PPS.01,2023-02-15 08:35:00,2023-02-15 08:40:00,2,5.1,5.0
FL.PPS.01,2023-05-12 22:30:00,2023-05-12 22:35:00,2,5.3,5.0
FL.PPS.01,2023-05-12 22:50:00,2023-05-12 22:50:00,1,5.2,5.0
FL.PPS.01,2023-07-03 01:25:00,2023-07-03 01:25:00,1,5.7,5.0
FL.PPS.01,2023-08-23 17:25:00,2023-08-23 17:40:00,4,7.0,5.0
FL.PPS.01,2023-09-03 23:25:00,2023-09-03 23:45:00,5,11.0,5.0
FL.PPS.01,2023-09-25 14:55:00,2023-09-25 14:55:00,1,5.1,5.0
FL.PPS.01,2023-09-25 15:05:00,2023-09-25 15:05:00,1,5.6,5.0
FL.PPS.01,2023-10-03 16:40:00,2023-10-03 18:05:00,18,27.8,5.0
FL.PPS.01,2023-11-05 16:25:00,2023-11-05 16:30:00,2,6.1,5.0
FL.PPS.01,2024-03-20 08:10:00,2024-03-20 08:20:00,3,9.1,5.0
FL.PPS.01,2024-10-22 15:40:00,2024-10-22 15:40:00,1,6.1,5.0
FL.PPS.01,2024-10-22 16:00:00,2024-10-22 16:10:00,3,9.2,5.0
FL.PPS.01,2025-04-19 12:35:00,2025-04-19 12:35:00,1,5.1,5.0
FL.PPS.01,2025-05-01 04:00:00,2025-05-01 04:20:00,5,5.8,5.0
FL.PPS.01,2025-05-01 04:30:00,2025-05-01 04:30:00,1,5.1,5.0
FL.PPS.01,2025-05-10 17:20:00,2025-05-10 18:30:00,15,18.5,5.0
FL.PPS.01,2025-09-06 16:45:00,2025-09-06 17:30:00,10,15.2,5.0
FL.PPS.01,2025-10-12 14:50:00,2025-10-12 14:55:00,2,6.6,5.0
FL.PPS.01,2025-10-12 15:25:00,2025-10-12 15:40:00,4,7.6,5.0
FL.PPS.01,2025-11-01 21:55:00,2025-11-01 21:55:00,1,5.6,5.0
FL.PPS.01,2025-11-02 20:35:00,2025-11-02 20:35:00,1,5.4,5.0
FL.PPS.01,2025-11-02 21:30:00,2025-11-02 21:40:00,3,5.5,5.0
FL.PPS.01,2025-11-03 19:50:00,2025-11-03 20:15:00,6,7.5,5.0
FL.PPS.01,2025-11-03 20:25:00,2025-11-03 20:30:00,2,6.6,5.0
FL.PPS.01,2025-11-13 02:50:00,2025-11-13 03:40:00,11,14.7,5.0
FL.PPS.02,2019-06-07 15:25:00,2019-06-07 15:25:00,1,8.2,5.0
FL.PPS.02,2019-06-07 15:35:00,2019-06-07 15:35:00,1,7.3,5.0
FL.PPS.02,2020-06-11 11:50:00,2020-06-11 11:50:00,1,20.2,5.0
FL.PTW.01,2019-09-16 00:20:00,2019-09-16 00:30:00,3,9.1,5.0
FL.PTW.01,2020-07-24 06:45:00,2020-07-24 07:15:00,7,14.1,5.0
FL.PTW.01,2020-09-27 20:45:00,2020-09-27 20:55:00,3,6.3,5.0
FL.PTW.01,2021-03-09 14:15:00,2021-03-09 14:35:00,5,12.3,5.0
FL.PTW.01,2021-03-10 15:45:00,2021-03-10 16:15:00,7,11.4,5.0
FL.PTW.01,2021-04-15 13:30:00,2021-04-15 13:30:00,1,10.0,5.0
FL.PTW.01,2021-05-19 18:50:00,2021-05-19 20:20:00,19,21.9,5.0
FL.PTW.01,2021-08-12 00:35:00,2021-08-12 00:40:00,2,8.6,5.0
FL.PTW.01,2022-09-22 03:10:00,2022-09-22 03:55:00,10,6.3,5.0
FL.PTW.01,2022-09-22 21:05:00,2022-09-22 21:05:00,1,5.8,5.0
FL.PTW.01,2022-09-24 23:45:00,2022-09-25 00:25:00,9,6.3,5.0
FL.PTW.01,2022-10-07 16:25:00,2022-10-07 16:40:00,4,6.0,5.0
FL.PTW.01,2023-06-21 23:05:00,2023-06-21 23:05:00,1,5.8,5.0
FL.PTW.01,2023-09-25 14:40:00,2023-09-25 15:45:00,14,19.8,5.0
FL.PTW.01,2023-10-03 16:50:00,2023-10-03 16:55:00,2,7.0,5.0
FL.PTW.01,2024-10-29 23:00:00,2024-10-29 23:00:00,1,5.0,5.0
FL.PTW.01,2025-05-10 18:10:00,2025-05-10 18:40:00,7,11.7,5.0
FL.PTW.01,2025-10-12 14:35:00,2025-10-12 14:35:00,1,5.5,5.0
FL.PTW.01,2025-11-03 20:20:00,2025-11-03 21:00:00,9,10.5,5.0
FL.PTW.01,2025-11-13 02:25:00,2025-11-13 04:55:00,31,31.4,5.0
FL.PTW.02,2019-06-07 14:55:00,2019-06-07 16:30:00,20,22.8,5.0
FL.PTW.02,2019-09-16 00:20:00,2019-09-16 01:15:00,12,14.9,5.0
FL.PTW.02,2019-10-04 12:30:00,2019-10-04 12:55:00,6,7.0,5.0
FL.PTW.02,2021-03-09 13:40:00,2021-03-09 13:50:00,3,11.4,5.0
FL.PTW.02,2021-04-15 12:15:00,2021-04-15 12:30:00,4,7.9,5.0
FL.PTW.02,2021-05-19 19:05:00,2021-05-19 19:50:00,10,11.1,5.0
FL.PTW.02,2021-08-12 00:35:00,2021-08-12 00:50:00,4,11.1,5.0
FL.PTW.02,2022-07-20 22:45:00,2022-07-20 22:45:00,1,5.4,5.0
FL.PTW.02,2022-08-15 19:55:00,2022-08-15 20:20:00,6,9.7,5.0
FL.PTW.02,2022-09-22 03:10:00,2022-09-22 04:05:00,12,12.0,5.0
FL.PTW.02,2022-09-24 23:45:00,2022-09-25 00:15:00,7,11.6,5.0
FL.PTW.02,2023-05-16 11:10:00,2023-05-16 11:15:00,2,8.3,5.0
FL.PTW.02,2023-09-25 14:45:00,2023-09-25 15:20:00,8,10.0,5.0
FL.PTW.02,2023-10-03 16:55:00,2023-10-03 18:45:00,23,20.8,5.0
FL.PTW.02,2024-10-13 16:30:00,2024-10-13 16:45:00,4,7.1,5.0
FL.PTW.02,2024-10-29 23:05:00,2024-10-29 23:20:00,4,6.3,5.0
FL.PTW.02,2025-05-10 18:10:00,2025-05-10 18:20:00,3,6.2,5.0
FL.PTW.02,2025-11-13 02:35:00,2025-11-13 04:35:00,25,25.7,5.0
FL.PTW.03,2019-01-11 10:45:00,2019-01-11 10:45:00,1,7.5,5.0
FL.PTW.03,2019-06-11 10:40:00,2019-06-11 10:40:00,1,28.9,5.0
FL.PTW.03,2020-06-10 11:55:00,2020-06-10 11:55:00,1,15.9,5.0
FL.PTW.03,2020-06-22 04:50:00,2020-06-22 04:55:00,2,5.6,5.0
FL.PTW.03,2020-07-23 22:35:00,2020-07-23 22:35:00,1,5.1,5.0
FL.PTW.03,2020-07-24 06:30:00,2020-07-24 06:30:00,1,5.5,5.0
FL.PTW.03,2020-11-21 16:25:00,2020-11-21 16:25:00,1,8.2,5.0
FL.PTW.03,2022-04-23 01:30:00,2022-04-23 01:35:00,2,5.1,5.0
FL.PTW.03,2022-04-23 01:50:00,2022-04-23 01:55:00,2,5.1,5.0
FL.PTW.03,2022-04-30 14:25:00,2022-04-30 15:10:00,10,10.8,5.0
FL.PTW.03,2022-04-30 15:20:00,2022-04-30 15:35:00,4,8.1,5.0
FL.PTW.03,2022-04-30 15:50:00,2022-04-30 15:55:00,2,9.0,5.0
FL.PTW.03,2022-04-30 16:25:00,2022-04-30 16:25:00,1,5.5,5.0
FL.PTW.03,2022-04-30 16:40:00,2022-04-30 16:45:00,2,5.7,5.0
FL.PTW.03,2022-04-30 16:55:00,2022-04-30 16:55:00,1,5.8,5.0
FL.PTW.03,2022-05-08 15:40:00,2022-05-08 15:55:00,4,6.9,5.0
FL.PTW.03,2022-05-08 16:10:00,2022-05-08 16:30:00,5,8.5,5.0
FL.PTW.03,2022-05-08 17:15:00,2022-05-08 17:15:00,1,5.6,5.0
FL.PTW.03,2022-05-08 18:10:00,2022-05-08 18:10:00,1,5.1,5.0
FL.PTW.03,2022-05-11 07:25:00,2022-05-11 07:50:00,6,7.1,5.0
FL.PTW.03,2022-05-11 08:15:00,2022-05-11 08:25:00,3,6.6,5.0
FL.PTW.03,2022-05-11 08:35:00,2022-05-11 08:35:00,1,5.9,5.0
FL.PTW.03,2022-05-11 08:45:00,2022-05-11 08:45:00,1,5.6,5.0
FL.PTW.03,2022-05-11 08:55:00,2022-05-11 08:55:00,1,5.0,5.0
FL.PTW.03,2022-05-16 15:35:00,2022-05-16 15:40:00,2,6.1,5.0
FL.PTW.03,2022-05-16 16:25:00,2022-05-16 16:30:00,2,5.2,5.0
FL.PTW.03,2022-05-16 16:40:00,2022-05-16 16:40:00,1,5.1,5.0
FL.PTW.03,2022-05-17 16:05:00,2022-05-17 16:25:00,5,5.8,5.0
FL.PTW.03,2022-05-17 22:25:00,2022-05-17 22:40:00,4,5.6,5.0
FL.PTW.03,2022-05-17 22:55:00,2022-05-17 23:10:00,4,5.9,5.0
FL.PTW.03,2022-05-17 23:50:00,2022-05-17 23:55:00,2,5.2,5.0
FL.PTW.03,2022-05-18 00:25:00,2022-05-18 00:45:00,5,6.2,5.0
FL.PTW.03,2022-06-08 15:45:00,2022-06-08 16:00:00,4,6.0,5.0
FL.PTW.03,2022-06-21 19:50:00,2022-06-21 20:00:00,3,5.5,5.0
FL.PTW.03,2022-06-28 17:45:00,2022-06-28 17:50:00,2,5.4,5.0
FL.PTW.03,2022-06-28 18:00:00,2022-06-28 18:10:00,3,5.9,5.0
FL.PTW.03,2022-06-28 18:20:00,2022-06-28 18:20:00,1,5.5,5.0
FL.PTW.03,2022-07-01 18:50:00,2022-07-01 18:50:00,1,5.1,5.0
FL.PTW.03,2022-07-01 19:00:00,2022-07-01 19:05:00,2,5.3,5.0
FL.PTW.03,2022-07-05 00:30:00,2022-07-05 00:30:00,1,5.0,5.0
FL.PTW.03,2022-07-06 19:25:00,2022-07-06 19:25:00,1,5.2,5.0
FL.PTW.03,2023-10-03 16:55:00,2023-10-03 16:55:00,1,6.4,5.0
FL.PTW.03,2025-11-13 02:45:00,2025-11-13 03:30:00,10,15.3,5.0
FL.PTW.04,2020-07-24 06:35:00,2020-07-24 06:45:00,3,8.7,5.0
FL.PTW.04,2021-02-09 13:05:00,2021-02-09 13:20:00,4,7.7,5.0
FL.PTW.04,2021-04-27 13:30:00,2021-04-27 14:10:00,9,11.2,5.0
FL.PTW.04,2021-05-19 18:50:00,2021-05-19 19:45:00,12,10.3,5.0
FL.PTW.04,2021-05-24 14:00:00,2021-05-24 14:00:00,1,8.6,5.0
FL.PTW.04,2021-05-24 14:20:00,2021-05-24 14:20:00,1,8.3,5.0
FL.PTW.04,2021-07-09 12:25:00,2021-07-09 12:30:00,2,10.5,5.0
FL.PTW.04,2021-09-19 15:30:00,2021-09-19 16:30:00,13,10.8,5.0
FL.PTW.04,2021-11-01 17:10:00,2021-11-01 17:40:00,7,9.6,5.0
FL.PTW.04,2022-02-04 18:45:00,2022-02-04 18:55:00,3,6.7,5.0
FL.PTW.04,2022-07-28 10:30:00,2022-07-28 10:30:00,1,5.6,5.0
FL.PTW.04,2022-09-06 21:30:00,2022-09-06 21:55:00,6,8.3,5.0
FL.PTW.04,2022-09-10 18:40:00,2022-09-10 18:55:00,4,7.5,5.0
FL.PTW.04,2022-09-13 14:35:00,2022-09-13 15:15:00,9,8.1,5.0
FL.PTW.04,2022-09-22 03:00:00,2022-09-22 03:40:00,9,9.6,5.0
FL.PTW.05,2019-01-11 11:30:00,2019-01-11 11:30:00,1,31.3,5.0
FL.PTW.05,2019-06-07 15:10:00,2019-06-07 15:50:00,9,18.9,5.0
FL.PTW.05,2019-09-16 00:25:00,2019-09-16 01:30:00,14,24.4,5.0
FL.PTW.05,2020-02-28 11:10:00,2020-02-28 11:15:00,2,5.6,5.0
FL.PTW.05,2020-02-28 14:05:00,2020-02-28 14:05:00,1,7.2,5.0
FL.PTW.05,2020-02-29 12:35:00,2020-02-29 12:35:00,1,6.6,5.0
FL.PTW.05,2020-02-29 13:50:00,2020-02-29 13:50:00,1,9.0,5.0
FL.PTW.05,2020-03-18 10:15:00,2020-03-18 10:20:00,2,9.2,5.0
FL.PTW.05,2020-04-14 09:25:00,2020-04-14 09:30:00,2,7.5,5.0
FL.PTW.05,2020-04-14 09:55:00,2020-04-14 09:55:00,1,5.3,5.0
FL.PTW.05,2020-04-14 10:05:00,2020-04-14 10:10:00,2,8.4,5.0
FL.PTW.05,2020-04-14 10:20:00,2020-04-14 11:40:00,17,10.0,5.0
FL.PTW.05,2020-04-14 12:05:00,2020-04-14 12:05:00,1,7.1,5.0
FL.PTW.05,2020-04-14 12:20:00,2020-04-14 12:35:00,4,8.5,5.0
FL.PTW.05,2020-04-14 12:45:00,2020-04-14 12:45:00,1,6.5,5.0
FL.PTW.05,2020-04-14 12:55:00,2020-04-14 13:00:00,2,7.0,5.0
FL.PTW.05,2020-04-14 13:15:00,2020-04-14 13:35:00,5,8.4,5.0
FL.PTW.05,2020-04-14 13:45:00,2020-04-14 13:55:00,3,7.7,5.0
FL.PTW.05,2020-04-14 14:10:00,2020-04-14 14:35:00,6,7.7,5.0
FL.PTW.05,2020-04-14 15:10:00,2020-04-14 15:10:00,1,9.7,5.0
FL.PTW.05,2020-04-27 14:45:00,2020-04-27 14:45:00,1,6.2,5.0
FL.PTW.05,2020-04-27 15:00:00,2020-04-27 15:00:00,1,7.0,5.0
FL.PTW.05,2020-04-27 15:10:00,2020-04-27 15:10:00,1,8.3,5.0
FL.PTW.05,2020-04-27 15:20:00,2020-04-27 15:20:00,1,7.6,5.0
FL.PTW.05,2020-04-27 15:30:00,2020-04-27 15:30:00,1,7.4,5.0
FL.PTW.05,2020-04-27 15:45:00,2020-04-27 15:45:00,1,7.9,5.0
FL.PTW.05,2020-04-28 10:35:00,2020-04-28 10:35:00,1,8.2,5.0
FL.PTW.05,2020-04-28 10:50:00,2020-04-28 10:55:00,2,9.1,5.0
FL.PTW.05,2020-04-28 11:05:00,2020-04-28 11:15:00,3,8.7,5.0
FL.PTW.05,2020-04-28 11:30:00,2020-04-28 11:30:00,1,7.9,5.0
FL.PTW.05,2020-04-28 11:40:00,2020-04-28 11:40:00,1,7.8,5.0
FL.PTW.05,2020-04-28 11:55:00,2020-04-28 12:00:00,2,8.2,5.0
FL.PTW.05,2020-04-28 13:15:00,2020-04-28 13:15:00,1,5.2,5.0
FL.PTW.05,2020-04-28 13:25:00,2020-04-28 13:25:00,1,8.3,5.0
FL.PTW.05,2020-04-28 13:35:00,2020-04-28 13:35:00,1,7.2,5.0
FL.PTW.05,2020-04-28 13:45:00,2020-04-28 13:45:00,1,6.0,5.0
FL.PTW.05,2020-04-28 14:05:00,2020-04-28 14:10:00,2,8.0,5.0
FL.PTW.05,2020-04-29 15:10:00,2020-04-29 15:10:00,1,8.4,5.0
FL.PTW.05,2020-06-10 11:25:00,2020-06-10 11:25:00,1,16.7,5.0
FL.PTW.05,2020-07-20 10:35:00,2020-07-20 10:45:00,3,6.8,5.0
FL.PTW.05,2020-07-24 14:05:00,2020-07-24 14:10:00,2,9.9,5.0
FL.PTW.05,2020-07-24 15:15:00,2020-07-24 15:20:00,2,6.4,5.0
FL.PTW.05,2020-07-24 15:30:00,2020-07-24 15:30:00,1,6.0,5.0
FL.PTW.05,2020-07-30 10:35:00,2020-07-30 11:40:00,14,14.5,5.0
FL.PTW.05,2020-10-02 18:40:00,2020-10-02 19:25:00,10,11.4,5.0
FL.PTW.05,2020-11-21 12:30:00,2020-11-21 13:20:00,11,14.7,5.0
FL.PTW.05,2021-04-15 10:45:00,2021-04-15 10:45:00,1,8.0,5.0
FL.PTW.05,2022-07-20 21:35:00,2022-07-20 22:05:00,7,10.7,5.0
FL.PTW.05,2022-07-20 22:35:00,2022-07-20 23:30:00,12,16.3,5.0
FL.PTW.05,2022-08-15 20:10:00,2022-08-15 20:30:00,5,13.0,5.0
FL.PTW.05,2022-09-22 03:10:00,2022-09-22 03:40:00,7,17.2,5.0
FL.PTW.05,2023-09-25 14:45:00,2023-09-25 15:40:00,12,22.3,5.0
FL.PTW.05,2023-09-28 18:15:00,2023-09-28 18:30:00,4,12.6,5.0
FL.PTW.05,2023-10-03 16:50:00,2023-10-03 18:25:00,20,30.5,5.0
FL.PTW.05,2024-10-13 16:20:00,2024-10-13 16:45:00,6,8.4,5.0
FL.PTW.05,2025-05-10 18:15:00,2025-05-10 18:35:00,5,11.6,5.0
FL.PTW.05,2025-07-23 09:40:00,2025-07-23 09:45:00,2,8.5,5.0
FL.PTW.05,2025-11-13 02:20:00,2025-11-13 05:40:00,41,34.4,5.0
FL.PWT.01,2019-05-17 13:40:00,2019-05-17 13:40:00,1,5.4,5.0
FL.PWT.01,2019-09-19 20:35:00,2019-09-19 20:35:00,1,5.4,5.0
FL.PWT.01,2021-02-23 11:10:00,2021-02-23 11:10:00,1,11.9,5.0
FL.PWT.01,2021-03-12 14:05:00,2021-03-12 14:05:00,1,12.6,5.0
FL.PWT.01,2022-07-20 21:30:00,2022-07-20 22:35:00,14,12.5,5.0
FL.PWT.01,2022-08-15 19:00:00,2022-08-15 19:20:00,5,9.7,5.0
FL.PWT.01,2022-10-09 18:45:00,2022-10-09 19:00:00,4,7.9,5.0
FL.PWT.01,2023-06-21 23:50:00,2023-06-22 00:10:00,5,8.1,5.0
FL.PWT.01,2025-10-04 12:40:00,2025-10-04 13:35:00,12,10.3,5.0
FL.PWT.02,2019-05-29 07:10:00,2019-05-29 07:40:00,7,17.2,5.0
FL.PWT.02,2019-05-30 09:00:00,2019-05-30 09:00:00,1,5.1,5.0
FL.PWT.02,2019-05-30 09:25:00,2019-05-30 09:45:00,5,13.5,5.0
FL.PWT.02,2019-06-21 11:35:00,2019-06-21 11:35:00,1,28.4,5.0
FL.PWT.02,2019-07-13 00:45:00,2019-07-13 04:20:00,44,27.1,5.0
FL.PWT.02,2019-08-06 23:55:00,2019-08-07 00:05:00,3,8.8,5.0
FL.PWT.02,2019-09-01 16:55:00,2019-09-01 17:00:00,2,6.8,5.0
FL.PWT.02,2019-09-19 19:50:00,2019-09-20 15:05:00,232,43.2,5.0
FL.PWT.02,2019-09-20 15:25:00,2019-09-20 15:35:00,3,5.5,5.0
FL.PWT.02,2019-10-13 21:00:00,2019-10-13 21:50:00,11,17.9,5.0
FL.PWT.02,2019-10-27 18:50:00,2019-10-27 18:55:00,2,6.8,5.0
FL.PWT.02,2020-03-15 11:00:00,2020-03-15 11:00:00,1,5.0,5.0
FL.PWT.02,2020-04-13 14:25:00,2020-04-13 14:30:00,2,7.4,5.0
FL.PWT.02,2020-06-15 04:15:00,2020-06-15 05:20:00,14,22.5,5.0
FL.PWT.02,2020-06-17 15:45:00,2020-06-17 16:15:00,7,8.4,5.0
FL.PWT.02,2020-07-03 17:50:00,2020-07-03 18:20:00,7,10.3,5.0
FL.PWT.02,2020-08-12 19:00:00,2020-08-12 19:50:00,11,17.6,5.0
FL.PWT.02,2020-08-19 01:30:00,2020-08-19 02:40:00,15,26.1,5.0
FL.PWT.02,2020-08-28 17:10:00,2020-08-28 20:20:00,39,24.0,5.0
FL.PWT.02,2020-08-28 20:35:00,2020-08-28 20:45:00,3,8.8,5.0
FL.PWT.02,2020-08-28 20:55:00,2020-08-28 21:10:00,4,7.1,5.0
FL.PWT.02,2020-08-30 13:20:00,2020-08-30 13:40:00,5,10.4,5.0
FL.PWT.02,2020-09-15 01:45:00,2020-09-15 02:50:00,14,22.0,5.0
FL.PWT.02,2020-09-23 16:05:00,2020-09-23 16:35:00,7,14.8,5.0
FL.PWT.02,2020-10-02 19:00:00,2020-10-02 22:15:00,40,21.4,5.0
FL.PWT.02,2020-10-04 00:50:00,2020-10-04 10:40:00,119,32.2,5.0
FL.PWT.02,2020-10-04 10:50:00,2020-10-04 10:55:00,2,5.5,5.0
FL.PWT.02,2020-10-04 11:15:00,2020-10-04 11:15:00,1,5.4,5.0
FL.PWT.02,2020-10-05 02:25:00,2020-10-05 04:00:00,20,20.2,5.0
FL.PWT.02,2020-10-31 15:00:00,2020-10-31 17:40:00,33,21.9,5.0
FL.PWT.02,2020-10-31 17:55:00,2020-10-31 17:55:00,1,5.4,5.0
FL.PWT.02,2021-02-10 01:25:00,2021-02-10 04:20:00,36,26.6,5.0
FL.PWT.02,2021-04-08 12:10:00,2021-04-08 12:45:00,8,15.3,5.0
FL.PWT.02,2021-04-12 12:20:00,2021-04-12 12:40:00,5,9.6,5.0
FL.PWT.02,2021-04-23 14:45:00,2021-04-23 14:50:00,2,8.6,5.0
FL.PWT.02,2021-04-25 06:15:00,2021-04-25 07:20:00,14,19.3,5.0
FL.PWT.02,2021-04-30 14:30:00,2021-04-30 14:30:00,1,8.9,5.0
FL.PWT.02,2021-04-30 14:40:00,2021-04-30 14:45:00,2,6.1,5.0
FL.PWT.02,2021-05-19 19:05:00,2021-05-20 02:45:00,93,24.1,5.0
FL.PWT.02,2021-06-28 17:40:00,2021-06-28 19:15:00,20,19.5,5.0
FL.PWT.02,2021-07-01 23:00:00,2021-07-02 00:00:00,13,20.7,5.0
FL.PWT.02,2021-07-09 12:40:00,2021-07-09 13:50:00,15,12.7,5.0
FL.PWT.02,2021-07-09 20:15:00,2021-07-09 20:20:00,2,5.9,5.0
FL.PWT.02,2021-07-10 12:55:00,2021-07-10 12:55:00,1,5.4,5.0
FL.PWT.02,2021-07-10 21:15:00,2021-07-10 21:25:00,3,6.8,5.0
FL.PWT.02,2021-07-10 22:25:00,2021-07-10 22:40:00,4,5.7,5.0
FL.PWT.02,2021-07-10 23:15:00,2021-07-11 10:00:00,130,25.9,5.0
FL.PWT.02,2021-07-11 10:10:00,2021-07-11 10:25:00,4,5.2,5.0
FL.PWT.02,2021-07-11 10:35:00,2021-07-11 10:35:00,1,5.1,5.0
FL.PWT.02,2021-07-17 18:45:00,2021-07-17 18:50:00,2,5.7,5.0
FL.PWT.02,2021-07-17 19:00:00,2021-07-17 19:00:00,1,5.3,5.0
FL.PWT.02,2021-07-28 14:30:00,2021-07-28 14:35:00,2,6.5,5.0
FL.PWT.02,2021-08-21 05:05:00,2021-08-21 05:15:00,3,5.9,5.0
FL.PWT.02,2021-08-21 05:30:00,2021-08-21 08:45:00,40,26.4,5.0
FL.PWT.02,2021-08-21 08:55:00,2021-08-21 09:05:00,3,5.5,5.0
FL.PWT.02,2021-08-22 08:15:00,2021-08-22 09:00:00,10,17.1,5.0
FL.PWT.02,2021-08-31 13:15:00,2021-08-31 13:45:00,7,9.6,5.0
FL.PWT.02,2021-09-04 20:00:00,2021-09-04 20:10:00,3,7.8,5.0
FL.PWT.02,2021-09-08 02:25:00,2021-09-08 03:05:00,9,13.5,5.0
FL.PWT.02,2021-09-08 05:25:00,2021-09-08 05:40:00,4,8.6,5.0
FL.PWT.02,2021-09-16 07:40:00,2021-09-16 09:20:00,21,17.2,5.0
FL.PWT.02,2021-10-15 06:15:00,2021-10-15 06:40:00,6,9.4,5.0
FL.PWT.02,2021-10-17 00:40:00,2021-10-17 01:45:00,14,13.1,5.0
FL.PWT.02,2021-10-17 02:00:00,2021-10-17 02:00:00,1,5.1,5.0
FL.PWT.02,2021-10-17 02:40:00,2021-10-17 03:15:00,8,8.4,5.0
FL.PWT.02,2021-10-22 17:20:00,2021-10-22 17:20:00,1,5.0,5.0
FL.PWT.02,2022-02-04 18:20:00,2022-02-04 18:30:00,3,7.2,5.0
FL.PWT.02,2022-05-02 05:40:00,2022-05-02 06:15:00,8,10.5,5.0
FL.PWT.02,2022-06-19 19:55:00,2022-06-19 20:35:00,9,15.6,5.0
FL.PWT.02,2022-06-24 22:10:00,2022-06-24 22:15:00,2,5.5,5.0
FL.PWT.02,2022-06-24 22:25:00,2022-06-24 22:25:00,1,5.2,5.0
FL.PWT.02,2022-07-20 21:20:00,2022-07-20 21:45:00,6,26.8,5.0
FL.PWT.02,2022-07-20 23:10:00,2022-07-21 23:50:00,297,41.0,5.0
FL.PWT.02,2022-07-28 09:45:00,2022-07-28 10:35:00,11,18.7,5.0
FL.PWT.02,2022-07-28 10:45:00,2022-07-28 10:45:00,1,5.0,5.0
FL.PWT.02,2022-08-01 13:00:00,2022-08-01 13:30:00,7,9.4,5.0
FL.PWT.02,2022-08-01 23:25:00,2022-08-02 00:00:00,8,10.1,5.0
FL.PWT.02,2022-08-02 08:55:00,2022-08-02 09:05:00,3,7.2,5.0
FL.PWT.02,2022-08-15 17:35:00,2022-08-15 17:50:00,4,12.1,5.0
FL.PWT.02,2022-08-15 18:30:00,2022-08-16 15:15:00,250,35.7,5.0
FL.PWT.02,2022-08-16 15:25:00,2022-08-16 15:25:00,1,5.2,5.0
FL.PWT.02,2022-08-26 18:25:00,2022-08-26 18:25:00,1,6.5,5.0
FL.PWT.02,2022-09-04 04:50:00,2022-09-04 06:15:00,18,15.4,5.0
FL.PWT.02,2022-09-06 22:45:00,2022-09-06 23:25:00,9,12.5,5.0
FL.PWT.02,2022-09-07 22:00:00,2022-09-07 22:05:00,2,5.6,5.0
FL.PWT.02,2022-09-08 14:50:00,2022-09-08 15:35:00,10,11.3,5.0
FL.PWT.02,2022-09-10 19:00:00,2022-09-10 20:15:00,16,13.0,5.0
FL.PWT.02,2022-09-10 20:25:00,2022-09-10 20:25:00,1,5.0,5.0
FL.PWT.02,2022-09-11 23:45:00,2022-09-12 04:25:00,57,20.0,5.0
FL.PWT.02,2022-09-13 22:25:00,2022-09-13 23:00:00,8,17.6,5.0
FL.PWT.02,2022-09-14 00:05:00,2022-09-14 00:10:00,2,5.1,5.0
FL.PWT.02,2022-09-14 00:20:00,2022-09-14 00:20:00,1,5.0,5.0
FL.PWT.02,2022-09-21 17:30:00,2022-09-21 18:30:00,13,20.5,5.0
FL.PWT.02,2022-09-26 03:25:00,2022-09-26 04:15:00,11,21.9,5.0
FL.PWT.02,2022-09-27 17:30:00,2022-09-27 17:40:00,3,7.7,5.0
FL.PWT.02,2022-10-02 00:40:00,2022-10-02 01:25:00,10,18.7,5.0
FL.PWT.02,2022-10-03 14:15:00,2022-10-04 05:40:00,186,32.7,5.0
FL.PWT.02,2022-10-04 05:50:00,2022-10-04 05:50:00,1,5.0,5.0
FL.PWT.02,2022-10-07 16:45:00,2022-10-07 19:10:00,30,11.1,5.0
FL.PWT.02,2022-10-07 19:20:00,2022-10-07 19:25:00,2,6.0,5.0
FL.PWT.02,2022-10-07 19:35:00,2022-10-07 19:50:00,4,5.6,5.0
FL.PWT.02,2022-10-07 20:00:00,2022-10-07 20:10:00,3,5.2,5.0
FL.PWT.02,2022-10-09 18:35:00,2022-10-10 04:45:00,123,25.5,5.0
FL.PWT.02,2022-10-11 01:20:00,2022-10-11 04:05:00,34,11.9,5.0
FL.PWT.02,2022-10-23 00:00:00,2022-10-23 00:25:00,6,17.5,5.0
FL.PWT.02,2022-10-23 00:50:00,2022-10-23 01:15:00,6,11.7,5.0
FL.PWT.02,2023-02-15 08:15:00,2023-02-15 09:25:00,15,23.7,5.0
FL.PWT.02,2023-04-30 09:05:00,2023-04-30 10:20:00,16,20.4,5.0
FL.PWT.02,2024-05-13 15:25:00,2024-05-13 16:15:00,11,9.1,5.0
FL.PWT.02,2024-05-16 12:35:00,2024-05-16 13:40:00,14,11.2,5.0
FL.PWT.02,2024-05-21 10:00:00,2024-05-21 10:00:00,1,5.3,5.0
FL.PWT.02,2024-08-04 20:45:00,2024-08-04 20:45:00,1,5.2,5.0
FL.PWT.02,2024-08-06 22:30:00,2024-08-06 23:45:00,16,11.4,5.0
FL.PWT.02,2024-08-12 19:50:00,2024-08-12 19:50:00,1,5.0,5.0
FL.PWT.02,2024-08-15 00:45:00,2024-08-15 00:50:00,2,5.5,5.0
FL.PWT.02,2024-08-27 00:35:00,2024-08-27 00:40:00,2,5.8,5.0
FL.PWT.02,2024-08-27 01:15:00,2024-08-27 01:15:00,1,5.0,5.0
FL.PWT.02,2024-08-27 02:10:00,2024-08-27 02:10:00,1,5.1,5.0
FL.PWT.02,2024-08-27 23:15:00,2024-08-27 23:15:00,1,5.3,5.0
FL.PWT.02,2024-08-27 23:25:00,2024-08-27 23:35:00,3,5.4,5.0
FL.PWT.02,2024-08-27 23:55:00,2024-08-28 00:00:00,2,5.9,5.0
FL.PWT.02,2024-08-28 00:10:00,2024-08-28 00:10:00,1,5.8,5.0
FL.PWT.02,2024-08-28 00:20:00,2024-08-28 01:15:00,12,6.7,5.0
FL.PWT.02,2024-08-28 01:25:00,2024-08-28 01:25:00,1,5.6,5.0
FL.PWT.02,2024-08-28 01:35:00,2024-08-28 02:50:00,16,6.8,5.0
FL.PWT.02,2024-08-28 03:00:00,2024-08-28 03:00:00,1,5.5,5.0
FL.PWT.02,2024-08-28 03:15:00,2024-08-28 03:35:00,5,6.4,5.0
FL.PWT.02,2024-08-28 03:45:00,2024-08-28 03:45:00,1,6.3,5.0
FL.PWT.02,2024-08-28 04:00:00,2024-08-28 04:10:00,3,6.8,5.0
FL.PWT.02,2024-08-28 04:20:00,2024-08-28 04:25:00,2,6.4,5.0
FL.PWT.02,2024-08-28 04:35:00,2024-08-28 04:50:00,4,5.6,5.0
FL.PWT.02,2024-08-28 05:00:00,2024-08-28 05:10:00,3,5.3,5.0
FL.PWT.02,2024-08-28 05:20:00,2024-08-28 05:20:00,1,5.1,5.0
FL.PWT.02,2024-08-28 05:35:00,2024-08-28 05:35:00,1,5.6,5.0
FL.PWT.02,2024-08-28 05:45:00,2024-08-28 06:10:00,6,6.7,5.0
FL.PWT.02,2024-08-28 06:35:00,2024-08-28 06:50:00,4,5.7,5.0
FL.PWT.02,2024-08-29 09:15:00,2024-08-29 09:25:00,3,6.1,5.0
FL.PWT.02,2024-09-13 21:20:00,2024-09-13 21:25:00,2,5.6,5.0
FL.PWT.02,2024-10-18 16:05:00,2024-10-18 16:05:00,1,6.1,5.0
FL.PWT.02,2024-10-21 03:50:00,2024-10-21 03:50:00,1,5.3,5.0
FL.PWT.02,2024-10-21 16:45:00,2024-10-21 16:50:00,2,5.3,5.0
FL.PWT.02,2025-02-18 10:45:00,2025-02-18 11:30:00,10,10.5,5.0
FL.PWT.02,2025-05-10 18:00:00,2025-05-10 19:00:00,13,8.4,5.0
FL.PWT.02,2025-05-11 21:40:00,2025-05-11 22:10:00,7,7.6,5.0
FL.PWT.02,2025-05-12 15:50:00,2025-05-12 16:05:00,4,6.4,5.0
FL.PWT.02,2025-05-12 16:15:00,2025-05-12 16:55:00,9,7.7,5.0
FL.PWT.02,2025-05-12 17:05:00,2025-05-12 17:10:00,2,5.9,5.0
FL.PWT.02,2025-05-16 14:10:00,2025-05-16 18:50:00,57,16.7,5.0
FL.PWT.02,2025-05-16 19:00:00,2025-05-16 19:05:00,2,5.7,5.0
FL.PWT.02,2025-05-16 19:15:00,2025-05-16 19:15:00,1,5.5,5.0
FL.PWT.02,2025-05-27 04:50:00,2025-05-27 04:55:00,2,5.7,5.0
FL.PWT.02,2025-06-27 16:20:00,2025-06-27 16:20:00,1,6.4,5.0
FL.PWT.02,2025-06-27 16:30:00,2025-06-27 16:35:00,2,5.8,5.0
FL.PWT.02,2025-07-12 20:10:00,2025-07-12 20:15:00,2,5.7,5.0
FL.PWT.02,2025-07-12 20:25:00,2025-07-12 20:25:00,1,5.1,5.0
FL.PWT.02,2025-08-08 02:45:00,2025-08-08 03:25:00,9,8.6,5.0
FL.PWT.02,2025-08-08 03:35:00,2025-08-08 03:40:00,2,5.8,5.0
FL.PWT.02,2025-08-18 16:35:00,2025-08-18 16:45:00,3,6.9,5.0
FL.PWT.02,2025-08-18 16:55:00,2025-08-18 16:55:00,1,5.7,5.0
FL.PWT.02,2025-08-31 20:55:00,2025-08-31 21:05:00,3,7.2,5.0
FL.PWT.02,2025-09-05 18:15:00,2025-09-05 18:55:00,9,8.1,5.0
FL.PWT.02,2025-09-05 19:20:00,2025-09-05 21:05:00,22,8.7,5.0
FL.PWT.02,2025-09-05 21:15:00,2025-09-05 21:15:00,1,5.3,5.0
FL.PWT.02,2025-09-05 21:25:00,2025-09-05 21:35:00,3,5.8,5.0
FL.PWT.02,2025-09-06 16:50:00,2025-09-06 16:50:00,1,5.8,5.0
FL.PWT.02,2025-09-06 17:00:00,2025-09-06 17:40:00,9,8.4,5.0
FL.PWT.02,2025-09-06 17:50:00,2025-09-06 17:50:00,1,5.2,5.0
FL.PWT.02,2025-09-11 00:55:00,2025-09-11 01:00:00,2,5.6,5.0
FL.PWT.02,2025-09-17 19:25:00,2025-09-17 19:30:00,2,5.9,5.0
FL.PWT.02,2025-09-27 17:50:00,2025-09-27 18:10:00,5,7.0,5.0
FL.PWT.02,2025-09-27 18:20:00,2025-09-27 22:10:00,47,13.4,5.0
FL.PWT.02,2025-09-27 22:20:00,2025-09-27 22:20:00,1,5.0,5.0
FL.PWT.02,2025-10-04 12:10:00,2025-10-04 19:15:00,86,21.8,5.0
FL.PWT.02,2025-10-04 19:35:00,2025-10-04 19:35:00,1,5.0,5.0
FL.PWT.02,2025-11-01 21:45:00,2025-11-01 22:05:00,5,7.3,5.0
FL.PYT.01,2019-09-16 00:25:00,2019-09-16 00:45:00,5,8.8,5.0
FL.PYT.01,2020-03-09 00:10:00,2020-03-09 00:10:00,1,6.0,5.0
FL.PYT.01,2020-03-09 00:20:00,2020-03-09 00:20:00,1,5.7,5.0
FL.PYT.01,2020-03-09 01:10:00,2020-03-09 01:10:00,1,5.5,5.0
FL.PYT.01,2020-03-09 01:50:00,2020-03-09 01:50:00,1,5.2,5.0
FL.PYT.01,2020-03-09 02:30:00,2020-03-09 02:30:00,1,5.1,5.0
FL.PYT.01,2020-03-09 02:40:00,2020-03-09 02:50:00,3,5.9,5.0
FL.PYT.01,2020-03-09 03:05:00,2020-03-09 03:05:00,1,5.9,5.0
FL.PYT.01,2020-03-09 03:40:00,2020-03-09 03:40:00,1,5.6,5.0
FL.PYT.01,2020-03-09 06:30:00,2020-03-09 06:35:00,2,5.5,5.0
FL.PYT.01,2020-03-09 07:55:00,2020-03-09 07:55:00,1,5.3,5.0
FL.PYT.01,2020-09-01 03:50:00,2020-09-01 03:50:00,1,5.0,5.0
FL.PYT.01,2020-09-23 16:05:00,2020-09-23 17:20:00,16,9.3,5.0
FL.PYT.01,2020-10-02 18:30:00,2020-10-02 18:55:00,6,9.0,5.0
FL.PYT.01,2021-03-02 11:50:00,2021-03-02 11:55:00,2,12.0,5.0
FL.PYT.01,2021-04-02 12:35:00,2021-04-02 12:35:00,1,9.0,5.0
FL.PYT.01,2021-05-19 19:15:00,2021-05-19 19:40:00,6,8.5,5.0
FL.PYT.01,2021-05-19 19:55:00,2021-05-19 19:55:00,1,5.1,5.0
FL.PYT.01,2021-05-29 00:30:00,2021-05-29 00:35:00,2,6.0,5.0
FL.PYT.01,2021-05-29 00:45:00,2021-05-29 00:55:00,3,8.1,5.0
FL.PYT.01,2021-08-31 21:40:00,2021-08-31 23:10:00,19,17.0,5.0
FL.PYT.01,2022-07-01 19:15:00,2022-07-01 19:45:00,7,6.5,5.0
FL.PYT.01,2022-09-12 16:50:00,2022-09-12 16:50:00,1,7.7,5.0
FL.PYT.01,2022-09-12 17:00:00,2022-09-12 17:05:00,2,6.8,5.0
FL.PYT.01,2023-10-03 16:55:00,2023-10-03 17:15:00,5,9.9,5.0
FL.PYT.01,2025-05-10 18:05:00,2025-05-10 19:55:00,23,17.5,5.0
FL.PYT.01,2025-05-10 20:05:00,2025-05-10 20:05:00,1,6.6,5.0
FL.PYT.01,2025-11-13 02:15:00,2025-11-13 04:50:00,32,25.8,5.0
FL.PYT.02,2019-06-07 14:30:00,2019-06-07 18:05:00,44,34.0,5.0
FL.PYT.02,2019-09-16 00:20:00,2019-09-16 00:55:00,8,16.6,5.0
FL.PYT.02,2020-02-13 11:10:00,2020-02-13 11:25:00,4,5.9,5.0
FL.PYT.02,2020-02-15 11:05:00,2020-02-15 12:15:00,15,7.4,5.0
FL.PYT.02,2020-02-16 11:05:00,2020-02-16 12:00:00,12,7.0,5.0
FL.PYT.02,2020-02-17 11:00:00,2020-02-17 12:40:00,21,7.7,5.0
FL.PYT.02,2020-02-19 11:15:00,2020-02-19 11:50:00,8,5.4,5.0
FL.PYT.02,2020-02-20 11:10:00,2020-02-20 11:45:00,8,5.8,5.0
FL.PYT.02,2020-02-23 11:35:00,2020-02-23 11:55:00,5,5.1,5.0
FL.PYT.02,2020-02-24 11:15:00,2020-02-24 11:55:00,9,5.7,5.0
FL.PYT.02,2020-02-25 11:10:00,2020-02-25 11:10:00,1,5.1,5.0
FL.PYT.02,2020-02-25 11:25:00,2020-02-25 11:45:00,5,6.0,5.0
FL.PYT.02,2020-02-25 12:00:00,2020-02-25 12:00:00,1,5.0,5.0
FL.PYT.02,2020-02-26 10:45:00,2020-02-26 10:45:00,1,6.1,5.0
FL.PYT.02,2020-02-26 11:00:00,2020-02-26 12:10:00,15,7.0,5.0
FL.PYT.02,2020-02-29 10:50:00,2020-02-29 10:50:00,1,6.2,5.0
FL.PYT.02,2020-02-29 11:05:00,2020-02-29 11:05:00,1,6.0,5.0
FL.PYT.02,2020-02-29 11:35:00,2020-02-29 11:45:00,3,5.4,5.0
FL.PYT.02,2020-03-03 11:45:00,2020-03-03 11:55:00,3,6.1,5.0
FL.PYT.02,2020-03-04 11:05:00,2020-03-04 11:05:00,1,5.4,5.0
FL.PYT.02,2020-03-04 11:15:00,2020-03-04 11:20:00,2,5.0,5.0
FL.PYT.02,2020-03-04 11:30:00,2020-03-04 11:35:00,2,5.3,5.0
FL.PYT.02,2020-03-05 10:40:00,2020-03-05 11:30:00,11,10.1,5.0
FL.PYT.02,2020-03-05 11:40:00,2020-03-05 11:55:00,4,6.2,5.0
FL.PYT.02,2020-03-06 10:35:00,2020-03-06 11:10:00,8,10.6,5.0
FL.PYT.02,2020-03-06 11:25:00,2020-03-06 11:25:00,1,5.7,5.0
FL.PYT.02,2020-03-06 11:35:00,2020-03-06 11:35:00,1,5.1,5.0
FL.PYT.02,2020-03-07 10:55:00,2020-03-07 10:55:00,1,5.5,5.0
FL.PYT.02,2020-03-07 11:05:00,2020-03-07 11:05:00,1,6.1,5.0
FL.PYT.02,2020-03-07 11:15:00,2020-03-07 11:20:00,2,5.2,5.0
FL.PYT.02,2020-03-07 11:30:00,2020-03-07 11:40:00,3,8.2,5.0
FL.PYT.02,2020-03-07 11:55:00,2020-03-07 11:55:00,1,5.5,5.0
FL.PYT.02,2020-03-07 12:20:00,2020-03-07 13:05:00,10,7.2,5.0
FL.PYT.02,2020-03-07 13:25:00,2020-03-07 13:25:00,1,5.2,5.0
FL.PYT.02,2020-03-07 14:05:00,2020-03-07 14:05:00,1,5.0,5.0
FL.PYT.02,2020-03-08 11:05:00,2020-03-08 11:10:00,2,5.8,5.0
FL.PYT.02,2020-03-08 11:45:00,2020-03-08 12:35:00,11,6.3,5.0
FL.PYT.02,2020-03-08 12:45:00,2020-03-08 14:05:00,17,6.5,5.0
FL.PYT.02,2020-03-08 14:15:00,2020-03-08 14:15:00,1,5.0,5.0
FL.PYT.02,2020-03-09 10:55:00,2020-03-09 15:35:00,57,9.7,5.0
FL.PYT.02,2020-03-10 11:00:00,2020-03-10 13:10:00,27,7.7,5.0
FL.PYT.02,2020-03-11 11:00:00,2020-03-11 13:20:00,29,7.4,5.0
FL.PYT.02,2020-03-12 11:10:00,2020-03-12 11:45:00,8,6.5,5.0
FL.PYT.02,2020-03-12 12:30:00,2020-03-12 13:10:00,9,7.0,5.0
FL.PYT.02,2020-03-12 13:20:00,2020-03-12 13:20:00,1,5.4,5.0
FL.PYT.02,2020-03-13 10:45:00,2020-03-13 13:45:00,37,9.7,5.0
FL.PYT.02,2020-03-14 10:50:00,2020-03-14 14:45:00,48,8.2,5.0
FL.PYT.02,2020-03-14 14:55:00,2020-03-14 14:55:00,1,5.0,5.0
FL.PYT.02,2020-03-21 11:10:00,2020-03-21 11:10:00,1,5.0,5.0
FL.PYT.02,2020-03-21 11:25:00,2020-03-21 12:10:00,10,6.2,5.0
FL.PYT.02,2020-03-21 12:20:00,2020-03-21 12:45:00,6,6.4,5.0
FL.PYT.02,2020-03-23 10:50:00,2020-03-23 10:50:00,1,5.1,5.0
FL.PYT.02,2020-03-23 11:30:00,2020-03-23 11:30:00,1,5.2,5.0
FL.PYT.02,2020-03-23 11:45:00,2020-03-23 11:55:00,3,6.4,5.0
FL.PYT.02,2020-03-24 11:05:00,2020-03-24 11:25:00,5,6.2,5.0
FL.PYT.02,2020-03-24 11:50:00,2020-03-24 12:10:00,5,5.7,5.0
FL.PYT.02,2020-03-26 10:40:00,2020-03-26 11:10:00,7,6.2,5.0
FL.PYT.02,2020-03-26 11:25:00,2020-03-26 11:45:00,5,6.2,5.0
FL.PYT.02,2020-03-26 12:10:00,2020-03-26 12:15:00,2,5.4,5.0
FL.PYT.02,2020-03-26 12:25:00,2020-03-26 12:25:00,1,5.1,5.0
FL.PYT.02,2020-03-26 12:55:00,2020-03-26 13:00:00,2,5.4,5.0
FL.PYT.02,2020-03-27 10:50:00,2020-03-27 12:35:00,22,8.8,5.0
FL.PYT.02,2020-03-28 10:30:00,2020-03-28 12:45:00,28,8.5,5.0
FL.PYT.02,2020-04-04 11:10:00,2020-04-04 12:05:00,12,5.7,5.0
FL.PYT.02,2020-04-11 10:40:00,2020-04-11 11:15:00,8,6.7,5.0
FL.PYT.02,2020-04-12 11:40:00,2020-04-12 11:55:00,4,6.0,5.0
FL.PYT.02,2020-04-15 10:30:00,2020-04-15 10:30:00,1,5.0,5.0
FL.PYT.02,2020-04-15 10:40:00,2020-04-15 11:00:00,5,7.3,5.0
FL.PYT.02,2020-04-15 13:30:00,2020-04-15 13:40:00,3,5.1,5.0
FL.PYT.02,2020-04-16 12:10:00,2020-04-16 13:00:00,11,8.1,5.0
FL.PYT.02,2020-04-17 10:15:00,2020-04-17 12:45:00,31,12.8,5.0
FL.PYT.02,2020-04-18 10:10:00,2020-04-18 11:05:00,12,13.7,5.0
FL.PYT.02,2020-04-18 11:30:00,2020-04-18 12:55:00,18,16.8,5.0
FL.PYT.02,2020-04-18 13:30:00,2020-04-18 16:10:00,33,10.1,5.0
FL.PYT.02,2020-04-19 09:55:00,2020-04-19 16:05:00,75,20.4,5.0
FL.PYT.02,2020-04-20 10:00:00,2020-04-20 16:15:00,76,19.3,5.0
FL.PYT.02,2020-04-21 09:55:00,2020-04-21 16:30:00,80,21.4,5.0
FL.PYT.02,2020-04-22 10:00:00,2020-04-22 16:50:00,83,23.4,5.0
FL.PYT.02,2020-04-23 10:00:00,2020-04-23 16:20:00,77,22.1,5.0
FL.PYT.02,2020-04-24 11:35:00,2020-04-24 14:05:00,31,15.3,5.0
FL.PYT.02,2020-04-24 14:25:00,2020-04-24 15:15:00,11,6.5,5.0
FL.PYT.02,2020-04-25 10:10:00,2020-04-25 12:25:00,28,15.6,5.0
FL.PYT.02,2020-04-26 09:55:00,2020-04-26 17:30:00,92,28.6,5.0
FL.PYT.02,2020-04-28 09:50:00,2020-04-28 18:05:00,100,26.9,5.0
FL.PYT.02,2020-04-29 10:10:00,2020-04-29 10:35:00,6,8.8,5.0
FL.PYT.02,2020-04-30 09:45:00,2020-04-30 13:30:00,46,27.7,5.0
FL.PYT.02,2020-04-30 15:10:00,2020-04-30 17:25:00,28,11.0,5.0
FL.PYT.02,2020-05-01 09:40:00,2020-05-01 10:25:00,10,21.0,5.0
FL.PYT.02,2020-06-19 17:20:00,2020-06-19 17:45:00,6,6.5,5.0
FL.PYT.02,2020-06-20 09:45:00,2020-06-20 18:45:00,109,46.6,5.0
FL.PYT.02,2020-06-21 17:50:00,2020-06-21 18:15:00,6,9.1,5.0
FL.PYT.02,2020-06-22 09:50:00,2020-06-22 11:55:00,26,31.4,5.0
FL.PYT.02,2020-07-01 18:15:00,2020-07-01 18:20:00,2,5.5,5.0
FL.PYT.02,2021-03-02 12:20:00,2021-03-02 12:25:00,2,9.9,5.0
FL.PYT.02,2021-05-29 00:20:00,2021-05-29 01:00:00,9,9.9,5.0
FL.PYT.02,2021-07-01 22:20:00,2021-07-01 22:40:00,5,24.1,5.0
FL.PYT.02,2021-07-01 23:05:00,2021-07-01 23:05:00,1,23.0,5.0
FL.PYT.02,2021-07-01 23:15:00,2021-07-01 23:50:00,8,23.1,5.0
FL.PYT.02,2021-08-31 21:00:00,2021-08-31 21:00:00,1,8.2,5.0
FL.PYT.02,2021-08-31 21:10:00,2021-08-31 21:15:00,2,6.9,5.0
FL.PYT.02,2022-04-26 11:45:00,2022-04-26 11:45:00,1,5.9,5.0
FL.PYT.02,2022-05-17 22:35:00,2022-05-17 22:35:00,1,5.2,5.0
FL.PYT.02,2022-05-17 22:50:00,2022-05-18 01:40:00,35,20.2,5.0
FL.PYT.02,2022-06-08 15:40:00,2022-06-08 15:45:00,2,5.6,5.0
FL.PYT.02,2022-07-01 18:50:00,2022-07-01 20:15:00,18,25.9,5.0
FL.PYT.02,2022-07-08 19:35:00,2022-07-08 19:45:00,3,8.8,5.0
FL.PYT.02,2022-09-06 20:40:00,2022-09-06 21:55:00,16,14.2,5.0
FL.PYT.02,2022-09-10 18:20:00,2022-09-10 18:25:00,2,6.0,5.0
FL.PYT.02,2022-09-12 16:35:00,2022-09-12 17:40:00,14,14.0,5.0
FL.PYT.02,2023-02-15 08:25:00,2023-02-15 08:25:00,1,5.6,5.0
FL.PYT.02,2023-03-21 21:40:00,2023-03-21 21:45:00,2,7.2,5.0
FL.PYT.02,2023-04-06 12:40:00,2023-04-06 12:45:00,2,5.9,5.0
FL.PYT.02,2023-05-30 18:25:00,2023-05-30 18:25:00,1,6.1,5.0
FL.PYT.02,2023-05-30 18:40:00,2023-05-31 11:25:00,202,9.5,5.0
FL.PYT.02,2023-07-05 18:05:00,2023-07-05 18:35:00,7,13.6,5.0
FL.PYT.02,2023-07-22 00:25:00,2023-07-22 02:15:00,23,25.6,5.0
FL.PYT.02,2023-09-21 18:20:00,2023-09-21 18:25:00,2,5.5,5.0
FL.PYT.02,2023-10-03 16:55:00,2023-10-03 17:10:00,4,8.8,5.0
FL.PYT.02,2023-11-26 19:30:00,2023-11-26 19:30:00,1,5.8,5.0
FL.PYT.02,2023-11-26 19:50:00,2023-11-26 19:55:00,2,5.5,5.0
FL.PYT.02,2023-12-05 05:40:00,2023-12-05 05:40:00,1,5.2,5.0
FL.PYT.02,2023-12-05 05:55:00,2023-12-05 06:25:00,7,7.0,5.0
FL.PYT.02,2023-12-05 06:35:00,2023-12-05 06:40:00,2,6.5,5.0
FL.PYT.02,2023-12-05 06:50:00,2023-12-05 06:50:00,1,5.3,5.0
FL.PYT.02,2023-12-05 07:05:00,2023-12-05 07:10:00,2,10.3,5.0
FL.PYT.02,2023-12-05 07:25:00,2023-12-05 07:25:00,1,5.2,5.0
FL.PYT.02,2023-12-08 05:25:00,2023-12-08 05:25:00,1,5.0,5.0
FL.PYT.02,2023-12-08 13:10:00,2023-12-08 13:10:00,1,5.2,5.0
FL.PYT.02,2023-12-08 17:40:00,2023-12-08 17:40:00,1,6.1,5.0
FL.PYT.02,2023-12-08 20:45:00,2023-12-08 20:45:00,1,5.4,5.0
FL.PYT.02,2023-12-08 21:10:00,2023-12-08 21:10:00,1,5.3,5.0
FL.PYT.02,2023-12-08 21:55:00,2023-12-08 21:55:00,1,5.3,5.0
FL.PYT.02,2023-12-08 22:35:00,2023-12-08 22:35:00,1,6.0,5.0
FL.PYT.02,2023-12-08 22:55:00,2023-12-08 22:55:00,1,5.3,5.0
FL.PYT.02,2023-12-09 01:40:00,2023-12-09 01:40:00,1,5.5,5.0
FL.PYT.02,2023-12-09 15:00:00,2023-12-09 15:05:00,2,5.4,5.0
FL.PYT.02,2023-12-09 15:15:00,2023-12-09 15:15:00,1,5.9,5.0
FL.PYT.02,2023-12-09 15:25:00,2023-12-09 15:25:00,1,6.1,5.0
FL.PYT.02,2023-12-09 23:25:00,2023-12-09 23:25:00,1,5.3,5.0
FL.PYT.02,2023-12-10 16:15:00,2023-12-10 16:15:00,1,5.5,5.0
FL.PYT.02,2023-12-10 16:30:00,2023-12-10 16:40:00,3,5.5,5.0
FL.PYT.02,2024-01-01 00:25:00,2024-01-01 00:30:00,2,6.0,5.0
FL.PYT.02,2024-01-01 00:55:00,2024-01-01 00:55:00,1,6.2,5.0
FL.PYT.02,2024-01-01 01:30:00,2024-01-01 01:30:00,1,6.2,5.0
FL.PYT.02,2024-01-01 02:05:00,2024-01-01 02:10:00,2,5.9,5.0
FL.PYT.02,2024-01-01 02:35:00,2024-01-01 02:40:00,2,6.7,5.0
FL.PYT.02,2024-01-01 02:50:00,2024-01-01 02:50:00,1,5.9,5.0
FL.PYT.02,2024-01-01 03:10:00,2024-01-01 03:15:00,2,6.1,5.0
FL.PYT.02,2024-01-01 03:35:00,2024-01-01 03:35:00,1,6.6,5.0
FL.PYT.02,2024-01-01 03:45:00,2024-01-01 03:50:00,2,6.6,5.0
FL.PYT.02,2024-01-01 04:15:00,2024-01-01 04:15:00,1,6.2,5.0
FL.PYT.02,2024-01-01 04:25:00,2024-01-01 04:25:00,1,6.0,5.0
FL.PYT.02,2024-01-01 04:45:00,2024-01-01 04:45:00,1,6.1,5.0
FL.PYT.02,2024-01-01 05:05:00,2024-01-01 05:10:00,2,6.5,5.0
FL.PYT.02,2024-01-01 05:55:00,2024-01-01 05:55:00,1,6.3,5.0
FL.PYT.02,2024-01-01 06:05:00,2024-01-01 06:40:00,8,6.1,5.0
FL.PYT.02,2024-01-01 07:20:00,2024-01-01 07:30:00,3,6.1,5.0
FL.PYT.02,2024-01-01 09:25:00,2024-01-01 09:25:00,1,5.3,5.0
FL.PYT.02,2024-01-01 09:45:00,2024-01-01 09:50:00,2,6.0,5.0
FL.PYT.02,2024-01-01 10:05:00,2024-01-01 10:40:00,8,6.2,5.0
FL.PYT.02,2024-01-01 11:10:00,2024-01-01 11:10:00,1,5.5,5.0
FL.PYT.02,2024-01-01 11:25:00,2024-01-01 11:25:00,1,6.1,5.0
FL.PYT.02,2024-01-01 11:45:00,2024-01-01 11:45:00,1,7.2,5.0
FL.PYT.02,2024-01-01 11:55:00,2024-01-01 12:00:00,2,7.2,5.0
FL.PYT.02,2024-01-01 12:20:00,2024-01-01 12:35:00,4,6.3,5.0
FL.PYT.02,2024-01-01 12:45:00,2024-01-01 13:00:00,4,10.2,5.0
FL.PYT.02,2024-01-01 13:20:00,2024-01-01 14:25:00,14,9.2,5.0
FL.PYT.02,2024-01-01 14:40:00,2024-01-01 15:05:00,6,6.9,5.0
FL.PYT.02,2024-01-01 15:15:00,2024-01-01 15:15:00,1,6.5,5.0
FL.PYT.02,2024-01-01 15:25:00,2024-01-01 18:15:00,35,8.0,5.0
FL.PYT.02,2024-01-01 18:25:00,2024-01-01 18:35:00,3,6.3,5.0
FL.PYT.02,2024-01-01 18:45:00,2024-01-01 18:45:00,1,6.6,5.0
FL.PYT.02,2024-01-01 18:55:00,2024-01-01 19:05:00,3,7.3,5.0
FL.PYT.02,2024-01-01 19:15:00,2024-01-01 20:20:00,14,8.5,5.0
FL.PYT.02,2024-01-01 20:30:00,2024-01-01 20:55:00,6,8.7,5.0
FL.PYT.02,2024-01-01 21:05:00,2024-01-01 21:20:00,4,5.7,5.0
FL.PYT.02,2024-01-01 21:30:00,2024-01-01 22:05:00,8,8.6,5.0
FL.PYT.02,2024-01-01 22:20:00,2024-01-01 22:35:00,4,6.2,5.0
FL.PYT.02,2024-01-01 22:45:00,2024-01-01 22:45:00,1,8.2,5.0
FL.PYT.02,2024-01-01 22:55:00,2024-01-01 23:50:00,12,6.3,5.0
FL.PYT.02,2024-01-02 00:05:00,2024-01-02 00:10:00,2,7.5,5.0
FL.PYT.02,2024-01-02 00:25:00,2024-01-02 00:25:00,1,6.2,5.0
FL.PYT.02,2024-01-02 00:35:00,2024-01-02 00:35:00,1,5.2,5.0
FL.PYT.02,2024-01-02 01:10:00,2024-01-02 01:10:00,1,5.1,5.0
FL.PYT.02,2024-01-02 01:50:00,2024-01-02 01:50:00,1,5.1,5.0
FL.PYT.02,2024-01-02 02:15:00,2024-01-02 02:30:00,4,6.7,5.0
FL.PYT.02,2024-01-02 02:40:00,2024-01-02 02:40:00,1,5.7,5.0
FL.PYT.02,2024-01-02 02:50:00,2024-01-02 02:50:00,1,5.2,5.0
FL.PYT.02,2024-01-02 03:00:00,2024-01-02 03:05:00,2,5.5,5.0
FL.PYT.02,2024-01-02 03:15:00,2024-01-02 03:15:00,1,5.2,5.0
FL.PYT.02,2024-01-02 03:30:00,2024-01-02 03:40:00,3,7.5,5.0
FL.PYT.02,2024-01-02 04:10:00,2024-01-02 04:25:00,4,6.2,5.0
FL.PYT.02,2024-01-02 04:40:00,2024-01-02 04:45:00,2,6.3,5.0
FL.PYT.02,2024-01-02 04:55:00,2024-01-02 05:10:00,4,7.0,5.0
FL.PYT.02,2024-01-02 05:30:00,2024-01-02 05:45:00,4,5.5,5.0
FL.PYT.02,2024-01-02 06:05:00,2024-01-02 06:10:00,2,5.4,5.0
FL.PYT.02,2024-01-02 06:30:00,2024-01-02 06:30:00,1,6.2,5.0
FL.PYT.02,2024-01-02 06:45:00,2024-01-02 06:50:00,2,5.9,5.0
FL.PYT.02,2024-01-02 07:00:00,2024-01-02 07:00:00,1,5.1,5.0
FL.PYT.02,2024-01-02 07:30:00,2024-01-02 07:30:00,1,7.1,5.0
FL.PYT.02,2024-01-02 08:10:00,2024-01-02 08:10:00,1,5.2,5.0
FL.PYT.02,2024-01-02 08:55:00,2024-01-02 09:00:00,2,5.2,5.0
FL.PYT.02,2024-05-12 16:25:00,2024-05-12 16:30:00,2,5.6,5.0
FL.PYT.02,2024-06-19 17:55:00,2024-06-19 17:55:00,1,8.4,5.0
FL.PYT.02,2024-06-30 19:50:00,2024-06-30 19:50:00,1,5.9,5.0
FL.PYT.02,2024-06-30 20:20:00,2024-06-30 20:20:00,1,6.8,5.0
FL.PYT.02,2024-07-29 17:30:00,2024-07-29 17:30:00,1,6.0,5.0
FL.PYT.02,2024-08-06 21:00:00,2024-08-06 21:00:00,1,5.7,5.0
FL.PYT.02,2025-04-15 18:00:00,2025-04-15 18:00:00,1,5.9,5.0
FL.PYT.02,2025-05-10 17:30:00,2025-05-10 19:55:00,30,34.1,5.0
FL.PYT.02,2025-05-12 13:15:00,2025-05-12 13:30:00,4,8.9,5.0
FL.PYT.02,2025-05-20 16:10:00,2025-05-20 16:10:00,1,5.5,5.0
FL.PYT.02,2025-10-01 13:30:00,2025-10-01 13:35:00,2,5.9,5.0
FL.PYT.02,2025-10-04 10:30:00,2025-10-04 10:40:00,3,6.5,5.0
FL.PYT.02,2025-10-13 12:45:00,2025-10-13 12:45:00,1,5.9,5.0
FL.PYT.02,2025-10-19 21:45:00,2025-10-19 22:00:00,4,10.0,5.0
FL.PYT.02,2025-11-02 21:20:00,2025-11-02 21:25:00,2,7.1,5.0
FL.PYT.02,2025-11-09 04:00:00,2025-11-09 04:00:00,1,5.6,5.0
FL.PYT.02,2025-11-13 01:40:00,2025-11-13 01:40:00,1,6.4,5.0
FL.PYT.02,2025-11-13 02:05:00,2025-11-13 04:50:00,34,33.4,5.0
FL.PYT.02,2025-11-13 08:05:00,2025-11-13 08:05:00,1,5.9,5.0
FL.PYT.02,2025-11-13 09:00:00,2025-11-13 10:15:00,16,7.1,5.0
FL.PYT.02,2025-11-13 10:25:00,2025-11-13 17:50:00,90,15.7,5.0
FL.PYT.03,2019-06-07 14:55:00,2019-06-07 15:40:00,10,10.7,5.0
FL.PYT.03,2020-09-23 15:55:00,2020-09-23 18:05:00,27,16.2,5.0
FL.PYT.03,2020-10-02 18:30:00,2020-10-02 18:45:00,4,6.2,5.0
FL.PYT.03,2021-08-31 21:15:00,2021-08-31 22:50:00,20,11.6,5.0
FL.PYT.03,2022-05-17 23:45:00,2022-05-18 01:05:00,17,10.9,5.0
FL.PYT.03,2022-07-01 19:20:00,2022-07-01 20:10:00,11,13.8,5.0
FL.PYT.03,2022-08-01 11:40:00,2022-08-01 12:45:00,14,16.1,5.0
FL.PYT.03,2022-09-06 21:05:00,2022-09-06 21:20:00,4,10.3,5.0
FL.PYT.03,2023-10-03 16:55:00,2023-10-03 17:10:00,4,10.7,5.0
FL.PYT.03,2025-05-10 18:00:00,2025-05-10 19:05:00,14,13.7,5.0
FL.PYT.03,2025-11-13 02:20:00,2025-11-13 03:25:00,14,11.6,5.0
FL.PYT.04,2019-04-02 10:35:00,2019-04-02 10:35:00,1,20.0,5.0
FL.PYT.04,2019-06-07 14:25:00,2019-06-07 18:40:00,52,31.1,5.0
FL.PYT.04,2019-06-11 10:45:00,2019-06-11 10:45:00,1,5.7,5.0
FL.PYT.04,2019-09-16 00:20:00,2019-09-16 00:35:00,4,10.3,5.0
FL.PYT.04,2019-09-16 00:45:00,2019-09-16 00:45:00,1,5.2,5.0
FL.PYT.04,2020-04-25 13:00:00,2020-04-25 13:05:00,2,6.5,5.0
FL.PYT.04,2020-04-29 12:20:00,2020-04-29 12:45:00,6,11.1,5.0
FL.PYT.04,2020-09-23 15:55:00,2020-09-23 17:20:00,18,14.3,5.0
FL.PYT.04,2021-07-01 22:25:00,2021-07-01 23:35:00,15,16.1,5.0
FL.PYT.04,2021-08-31 21:15:00,2021-08-31 22:50:00,20,17.1,5.0
FL.PYT.04,2022-05-18 00:00:00,2022-05-18 02:05:00,26,10.4,5.0
FL.PYT.04,2022-07-01 19:10:00,2022-07-01 19:50:00,9,14.1,5.0
FL.PYT.04,2023-05-30 18:55:00,2023-05-30 19:25:00,7,10.0,5.0
FL.PYT.04,2023-05-30 19:40:00,2023-05-30 19:50:00,3,5.6,5.0
FL.PYT.04,2023-06-01 14:10:00,2023-06-01 14:20:00,3,5.0,5.0
FL.PYT.04,2023-07-22 00:30:00,2023-07-22 02:20:00,23,17.3,5.0
FL.PYT.04,2025-05-10 18:05:00,2025-05-10 18:50:00,10,11.9,5.0
FL.PYT.04,2025-11-13 02:05:00,2025-11-13 03:30:00,18,21.2,5.0
FL.PYT.05,2021-04-02 12:05:00,2021-04-02 12:10:00,2,10.3,5.0
FL.PYT.05,2021-07-01 22:25:00,2021-07-01 23:25:00,13,18.0,5.0
FL.PYT.05,2021-08-31 21:05:00,2021-09-01 00:05:00,37,23.3,5.0
FL.PYT.05,2022-05-17 22:50:00,2022-05-17 23:20:00,7,12.9,5.0
FL.PYT.05,2022-05-17 23:45:00,2022-05-18 01:25:00,21,9.1,5.0
FL.PYT.05,2022-07-01 19:10:00,2022-07-01 20:10:00,13,10.5,5.0
FL.PYT.05,2022-09-06 20:55:00,2022-09-06 21:25:00,7,10.7,5.0
FL.PYT.05,2022-09-06 21:35:00,2022-09-06 21:50:00,4,11.3,5.0
FL.PYT.05,2022-09-06 22:00:00,2022-09-06 22:00:00,1,6.8,5.0
FL.PYT.05,2022-09-12 16:35:00,2022-09-12 17:50:00,16,18.7,5.0
FL.PYT.05,2022-09-25 00:05:00,2022-09-25 00:05:00,1,6.9,5.0
FL.PYT.05,2022-09-25 00:15:00,2022-09-25 00:15:00,1,6.9,5.0
FL.PYT.05,2023-05-30 18:50:00,2023-05-30 20:30:00,21,17.5,5.0
FL.PYT.05,2023-05-30 20:40:00,2023-05-30 20:40:00,1,6.7,5.0
FL.PYT.05,2023-07-22 00:05:00,2023-07-22 00:05:00,1,7.0,5.0
FL.PYT.05,2023-07-22 00:35:00,2023-07-22 02:55:00,29,18.7,5.0
FL.PYT.05,2023-07-22 03:05:00,2023-07-22 03:05:00,1,6.7,5.0
FL.PYT.05,2023-10-04 11:15:00,2023-10-04 11:15:00,1,12.6,5.0
FL.PYT.05,2025-05-10 18:05:00,2025-05-10 19:50:00,22,16.3,5.0
FL.PYT.05,2025-11-13 02:10:00,2025-11-13 04:55:00,34,25.0,5.0
FL.PYT.06,2019-02-11 13:10:00,2019-02-11 13:10:00,1,28.9,5.0
FL.PYT.06,2019-06-07 14:30:00,2019-06-07 17:45:00,40,28.3,5.0
FL.PYT.06,2019-09-16 00:30:00,2019-09-16 00:30:00,1,6.5,5.0
FL.PYT.06,2019-09-16 00:40:00,2019-09-16 00:40:00,1,5.5,5.0
FL.PYT.06,2020-09-01 03:45:00,2020-09-01 04:15:00,7,12.1,5.0
FL.PYT.06,2020-09-23 15:55:00,2020-09-23 18:35:00,33,28.8,5.0
FL.PYT.06,2020-10-02 18:25:00,2020-10-02 19:10:00,10,11.1,5.0
FL.PYT.06,2021-07-01 22:35:00,2021-07-01 23:40:00,14,20.1,5.0
FL.PYT.06,2021-08-31 21:15:00,2021-08-31 23:25:00,27,21.1,5.0
FL.PYT.06,2022-05-17 23:00:00,2022-05-18 01:45:00,34,20.3,5.0
FL.PYT.06,2022-07-01 19:10:00,2022-07-01 20:10:00,13,16.2,5.0
FL.PYT.06,2022-09-06 20:50:00,2022-09-06 21:45:00,12,17.2,5.0
FL.PYT.06,2022-09-12 16:45:00,2022-09-12 16:55:00,3,16.0,5.0
FL.PYT.06,2022-09-12 17:05:00,2022-09-12 17:35:00,7,18.5,5.0
FL.PYT.06,2023-05-30 18:45:00,2023-05-30 20:45:00,25,25.2,5.0
FL.PYT.06,2023-07-05 18:05:00,2023-07-05 18:45:00,9,13.2,5.0
FL.PYT.06,2023-07-22 00:20:00,2023-07-22 03:00:00,33,30.4,5.0
FL.PYT.06,2023-09-21 18:30:00,2023-09-21 18:30:00,1,5.1,5.0
FL.PYT.06,2023-09-24 12:00:00,2023-09-24 12:00:00,1,5.0,5.0
FL.PYT.06,2023-10-03 17:00:00,2023-10-03 17:00:00,1,5.3,5.0
FL.PYT.06,2023-10-03 17:10:00,2023-10-03 17:10:00,1,5.1,5.0
FL.PYT.06,2024-10-10 18:30:00,2024-10-10 18:30:00,1,5.6,5.0
FL.PYT.06,2025-05-10 17:55:00,2025-05-10 19:40:00,22,25.9,5.0
FL.PYT.06,2025-05-12 13:25:00,2025-05-12 13:35:00,3,6.5,5.0
FL.PYT.06,2025-11-13 02:10:00,2025-11-13 04:20:00,27,28.7,5.0
FL.PYT.07,2019-06-07 14:25:00,2019-06-07 15:25:00,13,11.8,5.0
FL.PYT.07,2019-08-20 16:10:00,2019-08-20 16:15:00,2,7.1,5.0
FL.PYT.07,2019-09-16 00:30:00,2019-09-16 00:30:00,1,5.8,5.0
FL.PYT.07,2019-11-30 00:45:00,2019-11-30 01:30:00,10,49.6,5.0
FL.PYT.07,2019-11-30 02:10:00,2019-11-30 02:15:00,2,8.0,5.0
FL.PYT.07,2019-11-30 03:25:00,2019-12-02 02:15:00,563,18.4,5.0
FL.PYT.07,2019-12-02 02:25:00,2019-12-02 02:25:00,1,5.0,5.0
FL.PYT.07,2019-12-02 02:35:00,2019-12-02 02:50:00,4,5.0,5.0
FL.PYT.07,2019-12-02 03:00:00,2019-12-02 03:00:00,1,5.0,5.0
FL.PYT.07,2019-12-02 03:20:00,2019-12-02 03:20:00,1,5.0,5.0
FL.PYT.07,2019-12-02 03:35:00,2019-12-02 03:35:00,1,5.0,5.0
FL.PYT.07,2019-12-02 12:15:00,2019-12-02 12:40:00,6,6.0,5.0
FL.PYT.07,2019-12-03 04:50:00,2019-12-03 12:35:00,94,147.7,5.0
FL.PYT.07,2019-12-03 15:55:00,2019-12-04 09:30:00,212,142.4,5.0
FL.PYT.07,2021-07-01 23:40:00,2021-07-01 23:40:00,1,6.1,5.0
FL.PYT.07,2021-07-02 01:05:00,2021-07-02 01:05:00,1,5.0,5.0
FL.PYT.07,2021-07-02 07:10:00,2021-07-02 07:10:00,1,5.3,5.0
FL.PYT.07,2021-08-28 11:15:00,2021-08-28 11:15:00,1,5.4,5.0
FL.PYT.07,2021-08-28 11:25:00,2021-08-28 11:25:00,1,5.3,5.0
FL.PYT.07,2021-08-31 21:15:00,2021-08-31 21:25:00,3,7.3,5.0
FL.PYT.07,2021-08-31 22:00:00,2021-08-31 22:00:00,1,6.2,5.0
FL.PYT.07,2021-09-08 15:50:00,2021-09-08 15:55:00,2,6.7,5.0
FL.PYT.07,2021-09-19 15:50:00,2021-09-19 15:50:00,1,5.3,5.0
FL.PYT.07,2021-09-19 16:10:00,2021-09-19 16:10:00,1,5.2,5.0
FL.PYT.07,2022-04-26 11:45:00,2022-04-26 11:55:00,3,7.2,5.0
FL.PYT.07,2022-05-17 23:10:00,2022-05-17 23:10:00,1,7.3,5.0
FL.PYT.07,2022-06-08 15:45:00,2022-06-08 16:05:00,5,7.2,5.0
FL.PYT.07,2022-07-01 18:50:00,2022-07-01 19:40:00,11,12.2,5.0
FL.PYT.07,2022-09-06 20:50:00,2022-09-06 21:05:00,4,9.3,5.0
FL.PYT.07,2022-09-12 16:40:00,2022-09-12 16:50:00,3,10.0,5.0
FL.PYT.07,2022-09-12 17:05:00,2022-09-12 17:05:00,1,5.0,5.0
FL.PYT.07,2023-05-30 18:50:00,2023-05-30 19:05:00,4,9.7,5.0
FL.PYT.07,2023-05-30 19:30:00,2023-05-30 19:30:00,1,5.2,5.0
FL.PYT.07,2023-07-05 18:00:00,2023-07-05 18:05:00,2,9.8,5.0
FL.PYT.07,2023-07-05 18:15:00,2023-07-05 18:15:00,1,5.3,5.0
FL.PYT.07,2024-09-25 07:25:00,2024-09-25 07:25:00,1,5.2,5.0
FL.PYT.07,2024-09-25 08:30:00,2024-09-25 08:30:00,1,6.7,5.0
FL.PYT.07,2024-09-25 09:05:00,2024-09-25 09:05:00,1,5.4,5.0
FL.PYT.07,2025-05-10 17:35:00,2025-05-10 18:25:00,11,15.7,5.0
FL.PYT.07,2025-05-10 18:35:00,2025-05-10 18:40:00,2,7.4,5.0
FL.PYT.07,2025-05-12 13:20:00,2025-05-12 13:30:00,3,9.0,5.0
FL.PYT.07,2025-11-13 02:05:00,2025-11-13 03:30:00,18,21.2,5.0
FL.RTW.01,2019-04-05 10:45:00,2019-04-05 10:45:00,1,27.9,5.0
FL.RTW.01,2019-04-23 00:35:00,2019-04-23 01:25:00,11,14.2,5.0
FL.RTW.01,2019-06-06 15:30:00,2019-06-06 15:30:00,1,6.8,5.0
FL.RTW.01,2019-06-06 15:40:00,2019-06-06 15:40:00,1,7.6,5.0
FL.RTW.01,2019-06-07 14:35:00,2019-06-07 17:30:00,36,36.0,5.0
FL.RTW.01,2019-09-16 00:20:00,2019-09-16 00:25:00,2,9.8,5.0
FL.RTW.01,2019-09-16 00:40:00,2019-09-16 00:40:00,1,5.5,5.0
FL.RTW.01,2019-09-16 00:50:00,2019-09-16 00:50:00,1,5.0,5.0
FL.RTW.01,2019-09-18 20:50:00,2019-09-18 21:05:00,4,6.4,5.0
FL.RTW.01,2019-10-04 12:30:00,2019-10-04 12:30:00,1,10.2,5.0
FL.RTW.01,2019-10-04 12:50:00,2019-10-04 12:50:00,1,5.1,5.0
FL.RTW.01,2019-10-04 13:35:00,2019-10-04 13:35:00,1,5.8,5.0
FL.RTW.01,2020-04-25 13:00:00,2020-04-25 13:05:00,2,10.4,5.0
FL.RTW.01,2020-06-22 05:00:00,2020-06-22 05:05:00,2,10.5,5.0
FL.RTW.01,2020-07-24 06:40:00,2020-07-24 06:40:00,1,7.0,5.0
FL.RTW.01,2021-01-19 11:00:00,2021-01-19 11:00:00,1,5.4,5.0
FL.RTW.01,2021-01-19 11:10:00,2021-01-19 11:35:00,6,8.8,5.0
FL.RTW.01,2021-02-09 13:25:00,2021-02-09 13:35:00,3,7.3,5.0
FL.RTW.01,2021-04-12 12:50:00,2021-04-12 13:45:00,12,24.9,5.0
FL.RTW.01,2021-04-26 22:50:00,2021-04-26 23:20:00,7,13.4,5.0
FL.RTW.01,2021-04-29 08:45:00,2021-04-29 08:45:00,1,5.2,5.0
FL.RTW.01,2021-04-29 08:55:00,2021-04-29 08:55:00,1,6.5,5.0
FL.RTW.01,2021-05-19 18:45:00,2021-05-19 20:25:00,21,29.0,5.0
FL.RTW.01,2021-05-29 00:05:00,2021-05-29 01:10:00,14,19.2,5.0
FL.RTW.01,2021-07-02 17:55:00,2021-07-02 18:10:00,4,10.5,5.0
FL.RTW.01,2021-07-10 23:15:00,2021-07-11 00:10:00,12,18.3,5.0
FL.RTW.01,2021-07-13 17:10:00,2021-07-13 17:20:00,3,6.6,5.0
FL.RTW.01,2021-09-19 15:50:00,2021-09-19 15:50:00,1,7.1,5.0
FL.RTW.01,2021-10-02 15:05:00,2021-10-02 15:05:00,1,5.3,5.0
FL.RTW.01,2022-07-01 19:00:00,2022-07-01 19:00:00,1,7.2,5.0
FL.RTW.01,2022-07-20 22:35:00,2022-07-20 22:35:00,1,6.6,5.0
FL.RTW.01,2022-09-22 03:00:00,2022-09-22 03:00:00,1,5.1,5.0
FL.RTW.01,2022-09-22 20:45:00,2022-09-22 20:50:00,2,5.8,5.0
FL.RTW.01,2022-09-23 23:10:00,2022-09-23 23:10:00,1,5.7,5.0
FL.RTW.01,2022-09-24 23:40:00,2022-09-24 23:40:00,1,5.3,5.0
FL.RTW.01,2023-05-11 11:50:00,2023-05-11 11:50:00,1,5.1,5.0
FL.RTW.01,2023-08-23 17:30:00,2023-08-23 17:55:00,6,10.2,5.0
FL.RTW.01,2023-08-23 18:05:00,2023-08-23 18:05:00,1,5.5,5.0
FL.RTW.01,2023-08-31 19:00:00,2023-08-31 19:15:00,4,7.2,5.0
FL.RTW.01,2023-09-03 23:35:00,2023-09-03 23:50:00,4,8.9,5.0
FL.RTW.01,2023-09-21 18:25:00,2023-09-21 18:30:00,2,8.0,5.0
FL.RTW.01,2023-09-24 11:45:00,2023-09-24 11:50:00,2,6.1,5.0
FL.RTW.01,2023-09-24 12:10:00,2023-09-24 12:10:00,1,5.9,5.0
FL.RTW.01,2023-09-25 14:35:00,2023-09-25 14:45:00,3,12.7,5.0
FL.RTW.01,2023-09-25 15:10:00,2023-09-25 15:10:00,1,5.2,5.0
FL.RTW.01,2023-09-26 19:25:00,2023-09-26 19:25:00,1,7.1,5.0
FL.RTW.01,2023-09-26 19:35:00,2023-09-26 19:35:00,1,6.0,5.0
FL.RTW.01,2023-10-03 16:40:00,2023-10-03 16:45:00,2,10.9,5.0
FL.RTW.01,2023-10-10 19:15:00,2023-10-10 19:15:00,1,5.0,5.0
FL.RTW.01,2023-11-05 16:30:00,2023-11-05 16:35:00,2,9.3,5.0
FL.RTW.01,2023-11-10 18:05:00,2023-11-10 18:05:00,1,6.3,5.0
FL.RTW.01,2024-03-20 08:05:00,2024-03-20 08:05:00,1,5.1,5.0
FL.RTW.01,2025-04-07 09:55:00,2025-04-07 09:55:00,1,6.4,5.0
FL.RTW.01,2025-11-13 02:10:00,2025-11-13 02:10:00,1,6.2,5.0
FL.RTW.02,2019-04-04 10:25:00,2019-04-04 10:25:00,1,6.6,5.0
FL.RTW.02,2021-05-20 11:40:00,2021-05-20 11:50:00,3,12.4,5.0
FL.RTW.02,2021-10-02 14:30:00,2021-10-02 15:35:00,14,8.8,5.0
FL.RTW.02,2022-07-20 21:45:00,2022-07-20 21:55:00,3,6.2,5.0
FL.RTW.02,2022-07-20 22:05:00,2022-07-20 22:05:00,1,5.0,5.0
FL.RTW.02,2022-07-20 22:55:00,2022-07-20 23:25:00,7,6.4,5.0
FL.RTW.02,2022-09-10 19:00:00,2022-09-10 19:40:00,9,7.6,5.0
FL.RTW.02,2022-09-12 16:40:00,2022-09-12 17:25:00,10,11.1,5.0
FL.RTW.02,2022-09-22 03:05:00,2022-09-22 03:25:00,5,7.5,5.0
FL.RTW.02,2022-10-11 01:25:00,2022-10-11 01:55:00,7,9.4,5.0
FL.RTW.02,2023-10-03 17:00:00,2023-10-03 17:10:00,3,5.7,5.0
FL.RTW.03,2019-08-06 11:10:00,2019-08-06 11:10:00,1,27.7,5.0
FL.RTW.03,2022-09-12 16:40:00,2022-09-12 16:40:00,1,5.1,5.0
FL.RTW.03,2023-10-03 16:55:00,2023-10-03 17:30:00,8,7.8,5.0
FL.RTW.03,2023-11-05 14:55:00,2023-11-05 14:55:00,1,5.6,5.0
FL.RTW.04,2020-07-24 14:25:00,2020-07-24 14:25:00,1,17.0,5.0
FL.RTW.04,2020-09-01 03:40:00,2020-09-01 03:55:00,4,6.2,5.0
FL.RTW.04,2020-09-23 16:05:00,2020-09-23 16:50:00,10,6.8,5.0
FL.RTW.04,2020-10-02 18:35:00,2020-10-02 19:05:00,7,6.4,5.0
FL.RTW.04,2020-10-02 19:15:00,2020-10-02 19:15:00,1,5.3,5.0
FL.RTW.04,2021-05-19 19:20:00,2021-05-19 19:20:00,1,5.0,5.0
FL.RTW.04,2021-05-29 00:05:00,2021-05-29 01:40:00,20,9.8,5.0
FL.RTW.04,2021-07-10 23:30:00,2021-07-10 23:50:00,5,6.6,5.0
FL.RTW.04,2021-08-12 00:45:00,2021-08-12 01:05:00,5,7.1,5.0
FL.RTW.04,2022-05-17 23:05:00,2022-05-17 23:50:00,10,11.0,5.0
FL.RTW.04,2022-05-18 00:00:00,2022-05-18 02:30:00,31,12.1,5.0
FL.RTW.04,2022-07-20 21:25:00,2022-07-20 21:55:00,7,7.8,5.0
FL.RTW.04,2022-07-20 22:15:00,2022-07-21 01:10:00,36,12.9,5.0
FL.RTW.04,2022-08-15 20:05:00,2022-08-15 20:20:00,4,8.2,5.0
FL.RTW.04,2022-08-15 20:30:00,2022-08-15 20:35:00,2,5.0,5.0
FL.RTW.04,2022-09-06 21:05:00,2022-09-06 22:25:00,17,9.6,5.0
FL.RTW.04,2022-09-06 22:35:00,2022-09-06 22:35:00,1,5.3,5.0
FL.RTW.04,2022-09-10 18:45:00,2022-09-10 20:10:00,18,9.5,5.0
FL.RTW.04,2022-09-12 16:25:00,2022-09-12 18:00:00,20,11.8,5.0
FL.RTW.04,2022-09-22 03:05:00,2022-09-22 04:50:00,22,11.5,5.0
FL.RTW.04,2022-09-22 20:45:00,2022-09-22 22:25:00,21,10.5,5.0
FL.RTW.04,2022-09-24 23:45:00,2022-09-25 01:30:00,22,13.8,5.0
FL.RTW.04,2022-10-07 16:15:00,2022-10-07 17:35:00,17,8.3,5.0
FL.RTW.04,2022-10-11 01:30:00,2022-10-11 02:25:00,12,8.6,5.0
FL.RTW.04,2023-02-15 08:45:00,2023-02-15 09:05:00,5,6.6,5.0
FL.RTW.04,2023-10-03 16:45:00,2023-10-03 19:45:00,37,16.9,5.0
FL.RTW.04,2025-05-10 17:55:00,2025-05-10 19:45:00,23,12.2,5.0
FL.RTW.04,2025-05-10 19:55:00,2025-05-10 19:55:00,1,5.4,5.0
FL.RTW.04,2025-10-04 11:20:00,2025-10-04 12:55:00,20,10.0,5.0
FL.RTW.04,2025-11-03 20:30:00,2025-11-03 20:45:00,4,6.2,5.0
FL.RTW.04,2025-11-13 02:15:00,2025-11-13 05:15:00,37,21.8,5.0
FL.RTW.05,2019-06-07 14:40:00,2019-06-07 16:40:00,25,7.9,5.0
FL.RTW.05,2021-03-08 10:50:00,2021-03-08 10:50:00,1,9.6,5.0
FL.RTW.05,2021-05-19 18:50:00,2021-05-19 20:05:00,16,17.1,5.0
FL.RTW.05,2021-05-29 00:20:00,2021-05-29 01:05:00,10,9.2,5.0
FL.RTW.05,2021-06-04 23:35:00,2021-06-04 23:35:00,1,5.0,5.0
FL.RTW.05,2021-08-12 00:45:00,2021-08-12 00:55:00,3,8.9,5.0
FL.RTW.05,2021-09-19 16:00:00,2021-09-19 16:35:00,8,18.1,5.0
FL.RTW.05,2022-07-01 19:05:00,2022-07-01 19:35:00,7,15.1,5.0
FL.RTW.05,2022-09-10 18:50:00,2022-09-10 19:10:00,5,11.5,5.0
FL.RTW.05,2022-09-22 03:15:00,2022-09-22 04:15:00,13,15.1,5.0
FL.RTW.05,2022-09-22 21:30:00,2022-09-22 21:40:00,3,8.2,5.0
FL.RTW.05,2022-09-24 23:55:00,2022-09-25 00:25:00,7,11.1,5.0
FL.RTW.05,2022-10-07 16:20:00,2022-10-07 16:45:00,6,9.4,5.0
FL.RTW.05,2023-08-23 17:40:00,2023-08-23 17:45:00,2,8.2,5.0
FL.RTW.05,2023-09-03 23:40:00,2023-09-03 23:50:00,3,7.8,5.0
FL.RTW.05,2023-09-25 14:50:00,2023-09-25 15:35:00,10,16.8,5.0
FL.RTW.05,2023-10-03 16:55:00,2023-10-03 18:25:00,19,29.6,5.0
FL.RTW.05,2025-05-10 18:05:00,2025-05-10 18:55:00,11,16.1,5.0
FL.RTW.05,2025-11-03 20:25:00,2025-11-03 20:45:00,5,8.8,5.0
FL.RTW.05,2025-11-13 02:25:00,2025-11-13 04:00:00,20,17.1,5.0
FL.RTW.06,2019-06-07 15:00:00,2019-06-07 15:00:00,1,8.8,5.0
FL.RTW.06,2021-05-19 19:45:00,2021-05-19 19:50:00,2,8.9,5.0
FL.RTW.06,2022-05-18 00:00:00,2022-05-18 00:25:00,6,8.5,5.0
FL.RTW.06,2022-05-18 00:35:00,2022-05-18 01:05:00,7,8.0,5.0
FL.RTW.06,2023-10-03 16:45:00,2023-10-03 16:50:00,2,5.9,5.0
FL.RTW.07,2019-03-08 12:25:00,2019-03-08 12:30:00,2,24.9,5.0
FL.RTW.07,2019-06-07 14:40:00,2019-06-07 15:20:00,9,16.7,5.0
FL.RTW.07,2019-06-10 10:40:00,2019-06-10 10:40:00,1,21.4,5.0
FL.RTW.07,2022-07-01 19:10:00,2022-07-01 19:10:00,1,5.9,5.0
FL.RTW.07,2023-08-23 17:35:00,2023-08-23 18:00:00,6,14.0,5.0
FL.RTW.07,2023-09-03 23:40:00,2023-09-04 00:15:00,8,10.0,5.0
FL.RTW.07,2023-09-25 14:45:00,2023-09-25 16:00:00,16,20.9,5.0
FL.RTW.07,2023-10-03 16:50:00,2023-10-03 18:25:00,20,25.2,5.0
FL.RTW.07,2025-04-28 10:05:00,2025-04-28 10:05:00,1,12.3,5.0
FL.RTW.07,2025-05-10 18:05:00,2025-05-10 19:10:00,14,17.1,5.0
FL.RTW.07,2025-05-26 11:05:00,2025-05-26 11:05:00,1,12.7,5.0
FL.RTW.07,2025-06-20 10:45:00,2025-06-20 10:45:00,1,14.2,5.0
FL.RTW.07,2025-10-04 11:35:00,2025-10-04 12:25:00,11,17.3,5.0
FL.RTW.07,2025-11-13 02:25:00,2025-11-13 04:05:00,21,18.5,5.0
FL.RTW.08,2019-06-06 15:20:00,2019-06-06 15:45:00,6,10.0,5.0
FL.RTW.08,2020-07-24 06:35:00,2020-07-24 08:05:00,19,23.9,5.0
FL.RTW.08,2021-07-10 23:20:00,2021-07-10 23:40:00,5,12.1,5.0
FL.RTW.08,2021-07-13 17:00:00,2021-07-13 17:10:00,3,10.2,5.0
FL.RTW.08,2021-08-12 00:40:00,2021-08-12 00:50:00,3,7.4,5.0
FL.RTW.08,2021-08-13 18:30:00,2021-08-13 18:30:00,1,7.1,5.0
FL.RTW.08,2021-10-02 14:55:00,2021-10-02 15:05:00,3,7.0,5.0
FL.RTW.08,2021-11-01 17:10:00,2021-11-01 17:15:00,2,6.4,5.0
FL.RTW.08,2022-07-01 19:05:00,2022-07-01 19:05:00,1,5.0,5.0
FL.RTW.08,2022-07-20 22:30:00,2022-07-20 22:30:00,1,5.0,5.0
FL.RTW.08,2022-08-15 20:05:00,2022-08-15 20:10:00,2,8.7,5.0
FL.RTW.08,2022-08-16 16:05:00,2022-08-16 16:05:00,1,5.0,5.0
FL.RTW.08,2022-09-01 14:20:00,2022-09-01 14:20:00,1,5.3,5.0
FL.RTW.08,2022-09-06 21:10:00,2022-09-06 21:10:00,1,5.0,5.0
FL.RTW.08,2022-09-22 02:55:00,2022-09-22 03:50:00,12,26.1,5.0
FL.RTW.08,2022-09-23 23:10:00,2022-09-23 23:35:00,6,19.5,5.0
FL.RTW.08,2022-09-24 23:35:00,2022-09-25 00:35:00,13,21.8,5.0
FL.RTW.08,2022-10-09 19:00:00,2022-10-09 19:00:00,1,5.2,5.0
FL.RTW.08,2022-10-11 01:20:00,2022-10-11 02:05:00,10,18.9,5.0
FL.RTW.08,2022-11-15 20:35:00,2022-11-15 21:00:00,6,11.0,5.0
FL.RTW.08,2023-04-30 08:10:00,2023-04-30 08:10:00,1,5.9,5.0
FL.RTW.08,2023-08-23 17:30:00,2023-08-23 17:50:00,5,12.2,5.0
FL.RTW.08,2023-09-25 14:40:00,2023-09-25 15:20:00,9,21.1,5.0
FL.RTW.08,2023-09-28 18:15:00,2023-09-28 18:25:00,3,11.5,5.0
FL.RTW.08,2023-10-03 16:35:00,2023-10-03 18:10:00,20,34.6,5.0
FL.RTW.08,2024-08-06 20:50:00,2024-08-06 21:05:00,4,7.5,5.0
FL.RTW.08,2024-09-24 08:20:00,2024-09-24 08:20:00,1,8.0,5.0
FL.RTW.08,2024-10-10 18:15:00,2024-10-10 18:15:00,1,5.6,5.0
FL.RTW.08,2024-10-29 22:55:00,2024-10-30 00:05:00,15,28.1,5.0
FL.RTW.08,2024-11-17 13:50:00,2024-11-17 14:10:00,5,16.4,5.0
FL.RTW.08,2025-04-07 09:45:00,2025-04-07 09:45:00,1,6.7,5.0
FL.RTW.08,2025-04-15 18:15:00,2025-04-15 18:25:00,3,9.1,5.0
FL.RTW.08,2025-05-10 18:05:00,2025-05-10 19:10:00,14,23.1,5.0
FL.RTW.08,2025-10-01 13:40:00,2025-10-01 13:45:00,2,13.6,5.0
FL.RTW.08,2025-10-04 11:15:00,2025-10-04 12:35:00,17,19.8,5.0
FL.RTW.08,2025-11-11 15:40:00,2025-11-11 15:40:00,1,5.2,5.0
FL.RTW.08,2025-11-13 02:10:00,2025-11-13 04:25:00,28,37.0,5.0
FL.RTW.09,2021-06-05 01:50:00,2021-06-05 01:50:00,1,5.4,5.0
FL.RTW.09,2021-07-02 17:50:00,2021-07-02 18:15:00,6,9.9,5.0
FL.RTW.09,2021-07-10 23:05:00,2021-07-11 00:00:00,12,14.0,5.0
FL.RTW.09,2021-08-11 23:40:00,2021-08-11 23:55:00,4,9.6,5.0
FL.RTW.09,2021-08-12 00:30:00,2021-08-12 01:20:00,11,20.8,5.0
FL.RTW.09,2021-08-13 18:25:00,2021-08-13 18:50:00,6,9.9,5.0
FL.RTW.09,2021-08-27 12:20:00,2021-08-27 12:50:00,7,10.7,5.0
FL.RTW.09,2021-09-19 15:55:00,2021-09-19 16:45:00,11,16.0,5.0
FL.RTW.09,2021-09-30 14:10:00,2021-09-30 14:15:00,2,5.5,5.0
FL.RTW.09,2021-10-02 14:55:00,2021-10-02 15:00:00,2,7.0,5.0
FL.RTW.09,2021-10-14 20:10:00,2021-10-14 20:30:00,5,9.8,5.0
FL.RTW.09,2021-11-01 17:20:00,2021-11-01 17:45:00,6,10.6,5.0
FL.RTW.09,2022-02-21 19:20:00,2022-02-21 19:30:00,3,8.6,5.0
FL.RTW.09,2022-03-04 11:35:00,2022-03-04 13:50:00,28,5.3,5.0
FL.RTW.09,2022-03-04 14:15:00,2022-03-04 14:15:00,1,5.0,5.0
FL.RTW.09,2022-03-04 14:40:00,2022-03-04 14:40:00,1,5.0,5.0
FL.RTW.09,2022-03-04 15:00:00,2022-03-04 15:05:00,2,5.0,5.0
FL.RTW.09,2022-04-30 14:40:00,2022-04-30 15:25:00,10,17.0,5.0
FL.RTW.09,2022-05-17 22:30:00,2022-05-18 01:25:00,36,16.8,5.0
FL.RTW.09,2022-06-08 15:55:00,2022-06-08 15:55:00,1,6.7,5.0
FL.RTW.09,2022-06-28 18:00:00,2022-06-28 18:25:00,6,7.8,5.0
FL.RTW.09,2022-07-01 18:45:00,2022-07-01 20:20:00,20,24.3,5.0
FL.RTW.09,2022-07-08 19:55:00,2022-07-08 20:30:00,8,13.8,5.0
FL.RTW.09,2022-07-20 19:30:00,2022-07-20 19:55:00,6,11.5,5.0
FL.RTW.09,2022-07-20 21:30:00,2022-07-21 00:25:00,36,21.2,5.0
FL.RTW.09,2022-08-01 11:20:00,2022-08-01 13:05:00,22,21.9,5.0
FL.RTW.09,2022-08-01 22:50:00,2022-08-01 23:00:00,3,8.6,5.0
FL.RTW.09,2022-08-15 19:50:00,2022-08-15 21:05:00,16,22.2,5.0
FL.RTW.09,2022-08-26 17:20:00,2022-08-26 17:35:00,4,12.5,5.0
FL.RTW.09,2022-09-04 04:35:00,2022-09-04 04:45:00,3,8.2,5.0
FL.RTW.09,2022-09-06 20:45:00,2022-09-06 22:10:00,18,19.4,5.0
FL.RTW.09,2022-09-10 18:35:00,2022-09-10 20:10:00,20,23.3,5.0
FL.RTW.09,2022-09-12 16:25:00,2022-09-12 17:20:00,12,17.9,5.0
FL.RTW.09,2022-09-22 02:55:00,2022-09-22 04:45:00,23,28.5,5.0
FL.RTW.09,2022-09-22 20:05:00,2022-09-22 22:20:00,28,27.4,5.0
FL.RTW.09,2022-09-24 23:35:00,2022-09-25 00:55:00,17,25.6,5.0
FL.RTW.09,2022-10-03 14:55:00,2022-10-03 15:30:00,8,11.0,5.0
FL.RTW.09,2022-10-07 16:00:00,2022-10-07 17:25:00,18,17.9,5.0
FL.RTW.09,2022-10-07 17:35:00,2022-10-07 17:35:00,1,5.5,5.0
FL.RTW.09,2022-10-09 19:05:00,2022-10-09 19:20:00,4,10.2,5.0
FL.RTW.09,2022-10-11 01:05:00,2022-10-11 01:05:00,1,6.3,5.0
FL.RTW.09,2022-10-11 01:15:00,2022-10-11 02:20:00,14,16.5,5.0
FL.RTW.09,2022-11-15 20:40:00,2022-11-15 21:00:00,5,10.4,5.0
FL.RTW.09,2023-02-15 08:35:00,2023-02-15 09:40:00,14,17.2,5.0
FL.RTW.09,2023-05-11 11:55:00,2023-05-11 12:45:00,11,12.1,5.0
FL.RTW.09,2023-06-17 19:20:00,2023-06-17 19:20:00,1,5.2,5.0
FL.RTW.09,2023-06-21 22:55:00,2023-06-21 23:40:00,10,14.4,5.0
FL.RTW.09,2023-07-23 05:15:00,2023-07-23 06:00:00,10,13.6,5.0
FL.RTW.09,2023-07-23 17:25:00,2023-07-23 17:50:00,6,9.8,5.0
FL.RTW.09,2023-08-03 15:50:00,2023-08-03 15:55:00,2,6.7,5.0
FL.RTW.09,2023-08-23 17:25:00,2023-08-23 18:30:00,14,19.5,5.0
FL.RTW.09,2023-08-24 15:50:00,2023-08-24 16:05:00,4,7.7,5.0
FL.RTW.09,2023-08-31 18:50:00,2023-08-31 19:25:00,8,10.5,5.0
FL.RTW.09,2023-09-03 23:30:00,2023-09-04 00:15:00,10,15.0,5.0
FL.RTW.09,2023-09-09 18:10:00,2023-09-09 18:25:00,4,9.8,5.0
FL.RTW.09,2023-09-21 18:25:00,2023-09-21 18:35:00,3,6.5,5.0
FL.RTW.09,2023-09-24 11:55:00,2023-09-24 12:25:00,7,12.1,5.0
FL.RTW.09,2023-09-25 14:30:00,2023-09-25 16:05:00,20,26.0,5.0
FL.RTW.09,2023-09-26 19:25:00,2023-09-26 20:50:00,18,13.4,5.0
FL.RTW.09,2023-10-03 16:45:00,2023-10-03 18:55:00,27,29.7,5.0
FL.RTW.09,2023-11-05 16:30:00,2023-11-05 17:00:00,7,11.6,5.0
FL.RTW.09,2023-11-10 18:00:00,2023-11-10 18:15:00,4,7.6,5.0
FL.RTW.09,2024-03-20 08:00:00,2024-03-20 08:45:00,10,11.6,5.0
FL.RTW.09,2024-05-19 21:00:00,2024-05-19 21:10:00,3,6.0,5.0
FL.RTW.09,2024-06-30 20:00:00,2024-06-30 20:25:00,6,6.6,5.0
FL.RTW.09,2024-08-03 01:10:00,2024-08-03 01:30:00,5,8.2,5.0
FL.RTW.09,2024-08-20 00:15:00,2024-08-20 00:55:00,9,13.4,5.0
FL.RTW.09,2024-08-27 23:15:00,2024-08-28 00:10:00,12,16.3,5.0
FL.RTW.09,2024-10-13 15:50:00,2024-10-13 16:10:00,5,9.8,5.0
FL.RTW.09,2024-10-29 22:50:00,2024-10-29 23:40:00,11,11.9,5.0
FL.RTW.09,2024-11-17 14:00:00,2024-11-17 14:30:00,7,11.9,5.0
FL.RTW.09,2025-04-07 09:40:00,2025-04-07 10:00:00,5,9.3,5.0
FL.RTW.09,2025-05-03 05:35:00,2025-05-03 05:50:00,4,7.7,5.0
FL.RTW.09,2025-05-10 17:45:00,2025-05-10 19:40:00,24,22.7,5.0
FL.RTW.09,2025-05-16 11:55:00,2025-05-16 12:25:00,7,10.1,5.0
FL.RTW.09,2025-05-30 19:00:00,2025-05-30 19:00:00,1,5.4,5.0
FL.RTW.09,2025-08-22 00:00:00,2025-08-22 01:05:00,14,11.4,5.0
FL.RTW.09,2025-08-31 15:35:00,2025-08-31 15:40:00,2,5.4,5.0
FL.RTW.09,2025-09-06 16:50:00,2025-09-06 17:40:00,11,12.0,5.0
FL.RTW.09,2025-10-01 13:30:00,2025-10-01 13:40:00,3,7.2,5.0
FL.RTW.09,2025-10-04 11:20:00,2025-10-04 12:35:00,16,11.6,5.0
FL.RTW.09,2025-10-12 14:10:00,2025-10-12 16:05:00,24,12.9,5.0
FL.RTW.09,2025-11-03 20:05:00,2025-11-03 21:40:00,20,20.6,5.0
FL.RTW.09,2025-11-10 14:20:00,2025-11-10 14:25:00,2,5.6,5.0
FL.RTW.09,2025-11-11 16:10:00,2025-11-11 16:10:00,1,5.3,5.0
FL.RTW.09,2025-11-13 02:15:00,2025-11-13 04:35:00,29,25.9,5.0
FL.RTW.10,2019-04-23 00:40:00,2019-04-23 00:45:00,2,10.2,5.0
FL.RTW.10,2019-06-07 14:35:00,2019-06-07 17:00:00,30,34.2,5.0
FL.RTW.10,2019-06-10 11:00:00,2019-06-10 11:05:00,2,27.3,5.0
FL.RTW.10,2019-09-16 00:25:00,2019-09-16 00:55:00,7,22.5,5.0
FL.RTW.10,2019-10-04 12:30:00,2019-10-04 13:15:00,10,23.8,5.0
FL.RTW.10,2020-04-25 13:05:00,2020-04-25 13:10:00,2,9.6,5.0
FL.RTW.10,2020-06-22 05:05:00,2020-06-22 05:35:00,7,24.8,5.0
FL.RTW.10,2020-07-24 06:45:00,2020-07-24 07:15:00,7,18.0,5.0
FL.RTW.10,2020-09-01 03:35:00,2020-09-01 04:05:00,7,25.1,5.0
FL.RTW.10,2020-10-02 18:25:00,2020-10-02 18:55:00,7,14.7,5.0
FL.RTW.10,2021-03-04 15:10:00,2021-03-04 15:10:00,1,17.7,5.0
FL.RTW.10,2021-04-12 12:55:00,2021-04-12 13:30:00,8,24.0,5.0
FL.RTW.10,2021-04-26 22:55:00,2021-04-26 23:00:00,2,7.2,5.0
FL.RTW.10,2021-05-19 18:50:00,2021-05-19 20:05:00,16,26.5,5.0
FL.RTW.10,2021-05-29 00:20:00,2021-05-29 00:35:00,4,8.0,5.0
FL.RTW.10,2021-07-10 23:25:00,2021-07-10 23:40:00,4,11.8,5.0
FL.RTW.10,2021-09-19 15:55:00,2021-09-19 16:30:00,8,25.7,5.0
FL.RTW.10,2022-05-17 22:45:00,2022-05-17 22:45:00,1,6.2,5.0
FL.RTW.10,2022-05-17 23:05:00,2022-05-17 23:40:00,8,20.9,5.0
FL.RTW.10,2022-05-17 23:55:00,2022-05-18 00:10:00,4,8.2,5.0
FL.RTW.10,2022-05-18 00:40:00,2022-05-18 00:55:00,4,6.5,5.0
FL.RTW.10,2022-07-01 19:05:00,2022-07-01 19:40:00,8,30.2,5.0
FL.RTW.10,2022-07-08 20:10:00,2022-07-08 20:20:00,3,9.6,5.0
FL.RTW.10,2022-07-20 19:30:00,2022-07-20 19:35:00,2,6.2,5.0
FL.RTW.10,2022-07-20 22:40:00,2022-07-20 22:50:00,3,9.7,5.0
FL.RTW.10,2022-07-21 01:45:00,2022-07-21 02:55:00,15,7.3,5.0
FL.RTW.10,2022-08-01 11:35:00,2022-08-01 12:15:00,9,27.9,5.0
FL.RTW.10,2022-09-06 21:10:00,2022-09-06 21:30:00,5,20.3,5.0
FL.RTW.10,2022-09-10 18:45:00,2022-09-10 19:40:00,12,28.2,5.0
FL.RTW.10,2022-09-10 22:05:00,2022-09-10 23:20:00,16,8.2,5.0
FL.RTW.10,2022-09-12 16:20:00,2022-09-12 17:25:00,14,28.3,5.0
FL.RTW.10,2022-09-22 03:05:00,2022-09-22 03:40:00,8,27.0,5.0
FL.RTW.10,2022-09-22 20:55:00,2022-09-22 21:40:00,10,22.2,5.0
FL.RTW.10,2022-09-23 23:15:00,2022-09-23 23:35:00,5,18.4,5.0
FL.RTW.10,2022-09-24 23:40:00,2022-09-25 01:00:00,17,35.6,5.0
FL.RTW.10,2022-10-11 01:30:00,2022-10-11 01:50:00,5,13.4,5.0
FL.RTW.10,2023-02-15 08:35:00,2023-02-15 09:10:00,8,19.0,5.0
FL.RTW.10,2023-04-30 08:15:00,2023-04-30 08:45:00,7,16.3,5.0
FL.RTW.10,2023-05-11 11:50:00,2023-05-11 12:45:00,12,20.7,5.0
FL.RTW.10,2023-08-23 17:30:00,2023-08-23 17:35:00,2,6.6,5.0
FL.RTW.10,2023-08-31 19:00:00,2023-08-31 19:10:00,3,9.3,5.0
FL.RTW.10,2023-09-24 12:05:00,2023-09-24 12:10:00,2,5.7,5.0
FL.RTW.10,2023-09-25 14:40:00,2023-09-25 15:45:00,14,39.5,5.0
FL.RTW.10,2023-09-26 19:25:00,2023-09-26 19:35:00,3,12.3,5.0
FL.RTW.10,2023-10-03 16:40:00,2023-10-03 18:20:00,21,44.6,5.0
FL.RTW.10,2023-11-05 16:35:00,2023-11-05 16:50:00,4,17.5,5.0
FL.RTW.10,2023-11-10 18:00:00,2023-11-10 18:15:00,4,12.1,5.0
FL.RTW.10,2024-03-20 08:10:00,2024-03-20 08:20:00,3,9.9,5.0
FL.RTW.10,2024-08-20 00:25:00,2024-08-20 00:35:00,3,12.6,5.0
FL.RTW.10,2024-08-27 23:30:00,2024-08-27 23:45:00,4,10.6,5.0
FL.RTW.10,2024-10-29 23:05:00,2024-10-29 23:15:00,3,10.8,5.0
FL.RTW.10,2024-11-17 14:00:00,2024-11-17 14:10:00,3,10.3,5.0
FL.RTW.10,2025-04-07 09:45:00,2025-04-07 09:45:00,1,8.6,5.0
FL.RTW.10,2025-05-10 17:50:00,2025-05-10 18:10:00,5,16.9,5.0
FL.RTW.10,2025-05-10 18:25:00,2025-05-10 18:25:00,1,8.2,5.0
FL.RTW.10,2025-05-10 18:35:00,2025-05-10 18:35:00,1,6.0,5.0
FL.RTW.10,2025-10-01 13:20:00,2025-10-01 13:25:00,2,11.1,5.0
FL.RTW.10,2025-10-04 11:15:00,2025-10-04 11:20:00,2,9.5,5.0
FL.RTW.10,2025-11-13 02:25:00,2025-11-13 03:35:00,15,35.1,5.0
FL.RTW.11,2023-08-23 17:45:00,2023-08-23 17:50:00,2,6.1,5.0
FL.RTW.11,2023-09-24 12:15:00,2023-09-24 12:20:00,2,5.3,5.0
FL.RTW.11,2023-09-25 14:50:00,2023-09-25 16:25:00,20,19.5,5.0
FL.RTW.11,2023-10-03 16:50:00,2023-10-03 19:05:00,28,27.8,5.0
FL.RTW.11,2025-05-10 18:00:00,2025-05-10 19:05:00,14,16.8,5.0
FL.RTW.11,2025-11-03 20:30:00,2025-11-03 20:35:00,2,5.3,5.0
FL.RTW.11,2025-11-13 02:25:00,2025-11-13 04:05:00,21,15.9,5.0
FL.RTW.12,2023-08-23 17:25:00,2023-08-23 18:10:00,10,11.0,5.0
FL.RTW.12,2023-09-03 23:30:00,2023-09-04 00:00:00,7,9.2,5.0
FL.RTW.12,2023-09-21 18:30:00,2023-09-21 18:30:00,1,5.1,5.0
FL.RTW.12,2023-09-24 11:50:00,2023-09-24 12:40:00,11,10.0,5.0
FL.RTW.12,2023-09-25 14:40:00,2023-09-25 17:00:00,29,14.9,5.0
FL.RTW.12,2023-10-03 16:45:00,2023-10-03 19:35:00,35,19.1,5.0
FL.RTW.12,2023-11-05 16:30:00,2023-11-05 16:45:00,4,7.9,5.0
FL.RTW.12,2023-11-10 17:55:00,2023-11-10 18:20:00,6,8.5,5.0
FL.RTW.12,2024-03-20 08:05:00,2024-03-20 08:35:00,7,9.1,5.0
FL.RTW.12,2025-05-10 17:45:00,2025-05-10 19:25:00,21,14.1,5.0
FL.RTW.12,2025-09-06 16:55:00,2025-09-06 17:20:00,6,9.3,5.0
FL.RTW.12,2025-10-12 15:30:00,2025-10-12 15:40:00,3,7.8,5.0
FL.RTW.12,2025-11-03 20:20:00,2025-11-03 20:55:00,8,9.7,5.0
FL.RTW.12,2025-11-13 02:20:00,2025-11-13 04:35:00,28,16.9,5.0
FL.SLG.01,2019-01-27 18:45:00,2019-01-27 18:50:00,2,5.7,5.0
FL.SLG.01,2019-03-09 16:30:00,2019-03-09 16:30:00,1,9.0,5.0
FL.SLG.01,2019-03-09 16:40:00,2019-03-09 16:40:00,1,9.3,5.0
FL.SLG.01,2019-03-09 16:50:00,2019-03-09 16:50:00,1,7.9,5.0
FL.SLG.01,2019-03-09 17:00:00,2019-03-09 17:00:00,1,10.1,5.0
FL.SLG.01,2019-03-09 17:10:00,2019-03-09 17:10:00,1,5.1,5.0
FL.SLG.01,2019-03-09 17:20:00,2019-03-09 17:30:00,3,9.9,5.0
FL.SLG.01,2019-03-11 16:55:00,2019-03-11 16:55:00,1,6.2,5.0
FL.SLG.01,2019-03-11 17:10:00,2019-03-11 17:10:00,1,8.6,5.0
FL.SLG.01,2019-03-11 17:20:00,2019-03-11 17:25:00,2,8.9,5.0
FL.SLG.01,2019-03-11 17:35:00,2019-03-11 17:35:00,1,5.4,5.0
FL.SLG.01,2019-03-13 07:30:00,2019-03-13 07:35:00,2,5.5,5.0
FL.SLG.01,2019-03-14 16:55:00,2019-03-14 17:20:00,6,7.9,5.0
FL.SLG.01,2019-03-16 06:10:00,2019-03-16 08:20:00,27,12.0,5.0
FL.SLG.01,2019-03-16 08:50:00,2019-03-16 09:55:00,14,10.1,5.0
FL.SLG.01,2019-03-16 10:25:00,2019-03-16 11:35:00,15,10.8,5.0
FL.SLG.01,2019-03-18 16:55:00,2019-03-18 17:40:00,10,13.0,5.0
FL.SLG.01,2019-03-19 16:25:00,2019-03-19 17:45:00,17,13.5,5.0
FL.SLG.01,2019-04-01 17:00:00,2019-04-01 17:00:00,1,6.7,5.0
FL.SLG.01,2019-04-01 18:55:00,2019-04-01 18:55:00,1,9.4,5.0
FL.SLG.01,2019-04-01 20:40:00,2019-04-01 21:00:00,5,16.1,5.0
FL.SLG.01,2019-04-01 21:10:00,2019-04-01 21:30:00,5,7.0,5.0
FL.SLG.01,2021-08-21 06:45:00,2021-08-21 06:45:00,1,5.3,5.0
FL.SLG.01,2021-08-21 06:55:00,2021-08-21 06:55:00,1,6.0,5.0
FL.SLG.01,2021-08-21 07:05:00,2021-08-21 07:50:00,10,13.5,5.0
FL.SLG.01,2021-08-31 22:10:00,2021-08-31 23:25:00,16,10.9,5.0
FL.SLG.01,2021-09-06 12:20:00,2021-09-06 12:20:00,1,10.8,5.0
FL.SLG.01,2021-10-02 15:30:00,2021-10-02 15:45:00,4,7.7,5.0
FL.SLG.01,2021-10-17 00:45:00,2021-10-17 01:00:00,4,7.1,5.0
FL.SLG.01,2022-01-22 12:05:00,2022-01-22 12:05:00,1,5.3,5.0
FL.SLG.01,2022-02-04 18:35:00,2022-02-04 18:55:00,5,9.9,5.0
FL.SLG.01,2022-06-28 18:15:00,2022-06-28 18:40:00,6,10.1,5.0
FL.SLG.01,2022-07-20 19:55:00,2022-07-20 20:15:00,5,8.5,5.0
FL.SLG.01,2022-07-20 20:30:00,2022-07-21 08:25:00,144,27.4,5.0
FL.SLG.01,2022-07-28 10:40:00,2022-07-28 11:05:00,6,10.7,5.0
FL.SLG.01,2022-08-01 21:50:00,2022-08-02 00:50:00,37,17.0,5.0
FL.SLG.01,2022-08-15 18:30:00,2022-08-15 18:45:00,4,8.9,5.0
FL.SLG.01,2022-08-15 20:45:00,2022-08-15 20:45:00,1,5.7,5.0
FL.SLG.01,2022-09-04 04:00:00,2022-09-04 04:00:00,1,5.6,5.0
FL.SLG.01,2022-09-04 20:45:00,2022-09-04 20:55:00,3,5.7,5.0
FL.SLG.01,2022-09-07 21:50:00,2022-09-07 22:25:00,8,11.8,5.0
FL.SLG.01,2022-09-10 18:05:00,2022-09-10 18:45:00,9,7.8,5.0
FL.SLG.01,2022-09-10 19:00:00,2022-09-10 20:35:00,20,14.3,5.0
FL.SLG.01,2022-09-13 14:25:00,2022-09-13 16:25:00,25,18.2,5.0
FL.SLG.01,2022-09-22 03:00:00,2022-09-22 04:10:00,15,15.2,5.0
FL.SLG.01,2022-10-09 18:45:00,2022-10-09 19:20:00,8,9.3,5.0
FL.SLG.01,2022-10-23 00:00:00,2022-10-23 00:00:00,1,5.9,5.0
FL.SLG.01,2022-10-23 00:10:00,2022-10-23 00:10:00,1,5.8,5.0
FL.SLG.01,2022-10-23 01:15:00,2022-10-23 01:15:00,1,5.6,5.0
FL.SLG.01,2022-11-23 19:55:00,2022-11-23 20:10:00,4,6.0,5.0
FL.SLG.01,2022-11-23 20:20:00,2022-11-23 20:20:00,1,5.1,5.0
FL.SLG.01,2023-02-15 08:20:00,2023-02-15 09:00:00,9,7.9,5.0
FL.SLG.01,2023-05-29 16:50:00,2023-05-29 17:15:00,6,5.8,5.0
FL.SLG.01,2023-06-13 14:00:00,2023-06-13 14:00:00,1,5.3,5.0
FL.SLG.01,2023-06-21 23:35:00,2023-06-22 00:05:00,7,6.1,5.0
FL.SLG.01,2023-07-11 04:00:00,2023-07-11 04:05:00,2,5.8,5.0
FL.SLG.01,2023-07-20 16:20:00,2023-07-20 17:20:00,13,10.7,5.0
FL.SLG.01,2023-07-22 00:05:00,2023-07-22 06:40:00,80,30.6,5.0
FL.SLG.01,2023-07-23 16:10:00,2023-07-23 17:20:00,15,14.4,5.0
FL.SLG.01,2023-08-22 21:15:00,2023-08-22 21:35:00,5,10.5,5.0
FL.SLG.01,2023-09-14 17:45:00,2023-09-14 18:20:00,8,9.3,5.0
FL.SLG.01,2023-09-21 00:40:00,2023-09-21 01:30:00,11,7.6,5.0
FL.SLG.01,2023-09-21 19:05:00,2023-09-21 19:50:00,10,11.5,5.0
FL.SLG.01,2023-10-03 16:25:00,2023-10-03 17:40:00,16,19.4,5.0
FL.SLG.01,2023-10-16 00:20:00,2023-10-16 00:20:00,1,5.5,5.0
FL.SLG.01,2023-10-16 00:30:00,2023-10-16 02:00:00,19,18.0,5.0
FL.SLG.01,2023-11-05 16:10:00,2023-11-05 17:25:00,16,17.3,5.0
FL.SLG.01,2024-05-16 13:10:00,2024-05-16 13:35:00,6,11.9,5.0
FL.SLG.01,2024-05-21 19:05:00,2024-05-21 19:10:00,2,6.5,5.0
FL.SLG.01,2024-05-30 19:00:00,2024-05-30 19:40:00,9,10.2,5.0
FL.SLG.01,2024-05-30 19:50:00,2024-05-30 19:50:00,1,5.8,5.0
FL.SLG.01,2024-06-04 23:05:00,2024-06-05 00:15:00,15,9.0,5.0
FL.SLG.01,2024-06-05 00:25:00,2024-06-05 01:00:00,8,8.5,5.0
FL.SLG.01,2024-06-05 01:10:00,2024-06-05 01:10:00,1,6.1,5.0
FL.SLG.01,2024-07-27 17:55:00,2024-07-27 18:05:00,3,7.0,5.0
FL.SLG.01,2024-07-27 18:15:00,2024-07-27 18:15:00,1,6.1,5.0
FL.SLG.01,2024-08-19 22:25:00,2024-08-19 23:45:00,17,15.3,5.0
FL.SLG.01,2024-08-20 00:05:00,2024-08-20 03:20:00,40,22.9,5.0
FL.SLG.01,2024-10-18 16:10:00,2024-10-18 17:00:00,11,13.0,5.0
FL.SLG.01,2024-10-21 03:35:00,2024-10-21 04:00:00,6,8.8,5.0
FL.SLG.01,2024-11-17 13:30:00,2024-11-17 13:55:00,6,11.5,5.0
FL.SLG.01,2024-12-15 12:45:00,2024-12-15 13:30:00,10,17.6,5.0
FL.SLG.01,2024-12-15 13:45:00,2024-12-15 15:10:00,18,14.9,5.0
FL.SLG.01,2024-12-16 11:40:00,2024-12-16 12:05:00,6,7.7,5.0
FL.SLG.01,2025-05-10 17:50:00,2025-05-10 19:00:00,15,13.6,5.0
FL.SLG.01,2025-06-09 00:45:00,2025-06-09 01:15:00,7,8.4,5.0
FL.SLG.01,2025-08-16 22:00:00,2025-08-16 22:35:00,8,9.2,5.0
FL.SLG.01,2025-09-05 18:40:00,2025-09-05 20:10:00,19,15.8,5.0
FL.SLG.01,2025-09-05 20:20:00,2025-09-05 20:25:00,2,8.2,5.0
FL.SLG.01,2025-09-06 16:20:00,2025-09-06 17:20:00,13,13.5,5.0
FL.SLG.01,2025-09-06 17:30:00,2025-09-06 17:35:00,2,6.0,5.0
FL.SLG.01,2025-09-17 19:35:00,2025-09-17 19:35:00,1,5.6,5.0
FL.SLG.01,2025-09-17 19:45:00,2025-09-17 19:45:00,1,5.2,5.0
FL.SLG.01,2025-10-03 05:20:00,2025-10-03 05:35:00,4,8.8,5.0
FL.SLG.01,2025-10-06 01:45:00,2025-10-06 02:35:00,11,10.4,5.0
FL.SLG.01,2025-10-07 18:30:00,2025-10-07 18:50:00,5,6.9,5.0
FL.SLG.01,2025-10-07 19:05:00,2025-10-07 19:20:00,4,7.0,5.0
FL.SLG.01,2025-11-02 21:45:00,2025-11-03 00:15:00,31,12.3,5.0
FL.SLG.01,2025-12-17 11:45:00,2025-12-17 12:05:00,5,23.6,5.0
FL.SLG.01,2025-12-19 07:00:00,2025-12-19 07:05:00,2,10.5,5.0
FL.SLG.01,2025-12-19 07:55:00,2025-12-19 08:20:00,6,11.2,5.0
FL.SLG.01,2025-12-19 09:00:00,2025-12-19 09:00:00,1,8.5,5.0
FL.SLG.02,2019-04-23 11:10:00,2019-04-23 11:20:00,3,29.3,5.0
FL.SLG.02,2019-05-30 20:15:00,2019-05-30 20:25:00,3,8.9,5.0
FL.SLG.02,2019-05-30 20:35:00,2019-05-30 20:35:00,1,6.1,5.0
FL.SLG.02,2019-06-07 14:50:00,2019-06-07 15:55:00,14,10.5,5.0
FL.SLG.02,2019-06-23 15:45:00,2019-06-23 15:55:00,3,9.2,5.0
FL.SLG.02,2019-09-14 17:45:00,2019-09-14 20:40:00,36,26.2,5.0
FL.SLG.02,2019-09-19 20:00:00,2019-09-19 20:00:00,1,7.6,5.0
FL.SLG.02,2019-09-19 21:00:00,2019-09-19 21:00:00,1,13.5,5.0
FL.SLG.02,2019-09-19 21:25:00,2019-09-19 21:25:00,1,10.7,5.0
FL.SLG.02,2019-09-19 21:40:00,2019-09-19 21:40:00,1,5.5,5.0
FL.SLG.02,2019-09-19 22:00:00,2019-09-19 22:00:00,1,8.4,5.0
FL.SLG.02,2019-09-19 22:15:00,2019-09-19 22:15:00,1,10.8,5.0
FL.SLG.02,2019-09-19 22:25:00,2019-09-19 22:25:00,1,5.5,5.0
FL.SLG.02,2019-09-19 22:45:00,2019-09-19 22:50:00,2,10.0,5.0
FL.SLG.02,2019-09-19 23:15:00,2019-09-19 23:15:00,1,6.5,5.0
FL.SLG.02,2020-08-28 17:05:00,2020-08-28 18:55:00,23,16.5,5.0
FL.SLG.02,2020-08-28 19:05:00,2020-08-28 19:05:00,1,8.6,5.0
FL.SLG.02,2020-08-28 19:15:00,2020-08-28 19:30:00,4,13.4,5.0
FL.SLG.02,2020-08-28 19:40:00,2020-08-28 19:55:00,4,8.9,5.0
FL.SLG.02,2020-08-28 20:05:00,2020-08-28 20:20:00,4,7.9,5.0
FL.SLG.02,2020-09-01 04:00:00,2020-09-01 04:10:00,3,11.2,5.0
FL.SLG.02,2020-09-01 04:20:00,2020-09-01 04:30:00,3,14.5,5.0
FL.SLG.02,2020-09-01 04:40:00,2020-09-01 04:50:00,3,10.2,5.0
FL.SLG.02,2020-09-01 05:00:00,2020-09-01 05:10:00,3,8.2,5.0
FL.SLG.02,2020-09-01 05:20:00,2020-09-01 05:20:00,1,5.5,5.0
FL.SLG.02,2020-09-27 21:00:00,2020-09-27 21:25:00,6,9.1,5.0
FL.SLG.02,2020-10-02 18:20:00,2020-10-02 18:20:00,1,5.2,5.0
FL.SLG.02,2020-10-02 18:35:00,2020-10-02 20:10:00,20,15.1,5.0
FL.SLG.02,2020-10-02 20:25:00,2020-10-02 20:25:00,1,7.9,5.0
FL.SLG.02,2020-11-21 12:45:00,2020-11-21 13:15:00,7,7.9,5.0
FL.SLG.02,2021-02-19 16:10:00,2021-02-19 16:25:00,4,13.5,5.0
FL.SLG.02,2021-05-19 19:10:00,2021-05-19 21:20:00,27,17.5,5.0
FL.SLG.02,2021-10-02 15:00:00,2021-10-02 16:05:00,14,18.7,5.0
FL.SLG.02,2022-03-11 10:15:00,2022-03-11 12:05:00,23,7.9,5.0
FL.SLG.02,2022-03-20 14:00:00,2022-03-20 16:55:00,36,8.0,5.0
FL.SLG.02,2022-03-21 02:55:00,2022-03-21 05:00:00,26,7.4,5.0
FL.SLG.02,2022-07-20 21:10:00,2022-07-21 01:15:00,50,27.2,5.0
FL.SLG.02,2022-08-01 22:45:00,2022-08-01 23:25:00,9,14.4,5.0
FL.SLG.02,2022-09-10 19:25:00,2022-09-10 20:35:00,15,16.3,5.0
FL.SLG.02,2023-07-22 00:30:00,2023-07-22 02:45:00,28,24.6,5.0
FL.SLG.02,2023-10-03 16:45:00,2023-10-03 17:00:00,4,10.5,5.0
FL.SLG.03,2019-04-23 00:15:00,2019-04-23 00:45:00,7,16.6,5.0
FL.SLG.03,2019-05-30 00:35:00,2019-05-30 01:10:00,8,19.9,5.0
FL.SLG.03,2019-06-07 14:45:00,2019-06-07 14:45:00,1,5.4,5.0
FL.SLG.03,2019-06-07 14:55:00,2019-06-07 15:10:00,4,10.7,5.0
FL.SLG.03,2019-06-23 15:30:00,2019-06-23 15:45:00,4,11.8,5.0
FL.SLG.03,2019-06-30 18:55:00,2019-06-30 19:00:00,2,8.8,5.0
FL.SLG.03,2019-08-06 23:45:00,2019-08-06 23:50:00,2,8.8,5.0
FL.SLG.03,2019-08-27 01:00:00,2019-08-27 01:00:00,1,5.0,5.0
FL.SLG.03,2019-08-27 01:10:00,2019-08-27 01:10:00,1,5.2,5.0
FL.SLG.03,2019-08-27 01:20:00,2019-08-27 01:20:00,1,5.3,5.0
FL.SLG.03,2019-08-27 01:30:00,2019-08-27 01:30:00,1,5.3,5.0
FL.SLG.03,2019-08-27 01:45:00,2019-08-27 01:45:00,1,5.1,5.0
FL.SLG.03,2019-08-27 01:55:00,2019-08-27 01:55:00,1,5.3,5.0
FL.SLG.03,2019-08-27 02:05:00,2019-08-27 02:05:00,1,5.4,5.0
FL.SLG.03,2019-08-27 02:15:00,2019-08-27 02:15:00,1,5.6,5.0
FL.SLG.03,2019-08-27 02:25:00,2019-08-27 02:40:00,4,5.6,5.0
FL.SLG.03,2019-08-27 02:50:00,2019-08-27 02:50:00,1,5.2,5.0
FL.SLG.03,2019-08-27 03:00:00,2019-08-27 03:00:00,1,5.3,5.0
FL.SLG.03,2019-08-27 03:10:00,2019-08-27 03:10:00,1,5.5,5.0
FL.SLG.03,2019-08-27 03:20:00,2019-08-27 03:20:00,1,5.6,5.0
FL.SLG.03,2019-08-27 03:30:00,2019-08-27 03:45:00,4,5.6,5.0
FL.SLG.03,2019-08-27 03:55:00,2019-08-27 03:55:00,1,5.3,5.0
FL.SLG.03,2019-08-27 04:05:00,2019-08-27 04:05:00,1,5.4,5.0
FL.SLG.03,2019-08-27 04:15:00,2019-08-27 04:15:00,1,5.5,5.0
FL.SLG.03,2019-08-27 04:25:00,2019-08-27 04:25:00,1,5.5,5.0
FL.SLG.03,2019-08-27 04:35:00,2019-08-27 04:40:00,2,5.2,5.0
FL.SLG.03,2019-08-27 04:50:00,2019-08-27 04:50:00,1,5.1,5.0
FL.SLG.03,2019-08-27 05:00:00,2019-08-27 05:00:00,1,5.2,5.0
FL.SLG.03,2019-08-27 05:10:00,2019-08-27 05:10:00,1,5.4,5.0
FL.SLG.03,2019-08-27 05:20:00,2019-08-27 05:20:00,1,5.5,5.0
FL.SLG.03,2019-08-27 05:30:00,2019-08-27 05:35:00,2,5.4,5.0
FL.SLG.03,2019-08-27 05:45:00,2019-08-27 05:45:00,1,5.1,5.0
FL.SLG.03,2019-08-27 05:55:00,2019-08-27 05:55:00,1,5.3,5.0
FL.SLG.03,2019-08-27 06:05:00,2019-08-27 06:05:00,1,5.5,5.0
FL.SLG.03,2019-08-27 06:15:00,2019-08-27 06:30:00,4,5.7,5.0
FL.SLG.03,2019-08-27 06:40:00,2019-08-27 06:40:00,1,5.3,5.0
FL.SLG.03,2019-08-27 06:50:00,2019-08-27 06:50:00,1,5.5,5.0
FL.SLG.03,2019-08-27 07:00:00,2019-08-27 07:00:00,1,5.7,5.0
FL.SLG.03,2019-08-27 07:10:00,2019-08-27 07:25:00,4,5.8,5.0
FL.SLG.03,2019-08-27 07:35:00,2019-08-27 07:35:00,1,5.6,5.0
FL.SLG.03,2019-08-27 07:45:00,2019-08-27 08:10:00,6,6.0,5.0
FL.SLG.03,2019-08-27 08:20:00,2019-08-27 13:00:00,57,8.0,5.0
FL.SLG.03,2019-09-14 17:35:00,2019-09-14 20:45:00,39,39.5,5.0
FL.SLG.03,2019-09-16 13:45:00,2019-09-16 14:05:00,5,15.1,5.0
FL.SLG.03,2019-09-19 19:30:00,2019-09-19 23:20:00,47,34.6,5.0
FL.SLG.03,2019-09-21 12:30:00,2019-09-21 13:05:00,8,15.9,5.0
FL.SLG.03,2020-05-29 21:50:00,2020-05-29 22:00:00,3,12.0,5.0
FL.SLG.03,2020-06-22 04:50:00,2020-06-22 06:05:00,16,15.5,5.0
FL.SLG.03,2020-07-14 00:45:00,2020-07-14 00:55:00,3,9.1,5.0
FL.SLG.03,2020-07-24 06:45:00,2020-07-24 06:45:00,1,7.2,5.0
FL.SLG.03,2020-08-12 17:35:00,2020-08-12 17:55:00,5,14.6,5.0
FL.SLG.03,2020-08-19 01:10:00,2020-08-19 03:10:00,25,21.5,5.0
FL.SLG.03,2020-08-22 20:35:00,2020-08-22 20:40:00,2,5.7,5.0
FL.SLG.03,2020-08-28 16:55:00,2020-08-28 18:55:00,25,30.5,5.0
FL.SLG.03,2020-09-01 03:25:00,2020-09-01 04:55:00,19,24.9,5.0
FL.SLG.03,2020-09-23 15:45:00,2020-09-23 16:00:00,4,11.4,5.0
FL.SLG.03,2020-09-27 20:50:00,2020-09-27 21:25:00,8,15.0,5.0
FL.SLG.03,2020-09-27 21:35:00,2020-09-27 22:30:00,12,8.9,5.0
FL.SLG.03,2020-10-02 18:15:00,2020-10-02 20:45:00,31,25.4,5.0
FL.SLG.03,2020-10-03 00:25:00,2020-10-03 02:00:00,20,6.4,5.0
FL.SLG.03,2020-10-04 00:20:00,2020-10-04 00:25:00,2,11.4,5.0
FL.SLG.03,2020-10-04 15:55:00,2020-10-04 17:25:00,19,27.1,5.0
FL.SLG.03,2020-10-31 15:20:00,2020-10-31 16:00:00,9,19.6,5.0
FL.SLG.03,2020-11-21 12:25:00,2020-11-21 13:45:00,17,26.4,5.0
FL.SLG.03,2021-02-09 12:45:00,2021-02-09 14:05:00,17,24.5,5.0
FL.SLG.03,2021-03-02 11:45:00,2021-03-02 11:45:00,1,13.9,5.0
FL.SLG.03,2021-03-09 14:30:00,2021-03-09 15:10:00,9,16.0,5.0
FL.SLG.03,2021-04-18 07:35:00,2021-04-18 08:15:00,9,15.0,5.0
FL.SLG.03,2021-04-23 10:40:00,2021-04-23 10:50:00,3,8.6,5.0
FL.SLG.03,2021-05-19 18:25:00,2021-05-19 22:35:00,51,30.7,5.0
FL.SLG.03,2021-07-11 00:10:00,2021-07-11 00:15:00,2,6.0,5.0
FL.SLG.03,2021-07-11 09:35:00,2021-07-11 09:35:00,1,5.2,5.0
FL.SLG.03,2021-07-30 17:45:00,2021-07-30 17:55:00,3,6.5,5.0
FL.SLG.03,2021-08-11 23:15:00,2021-08-12 00:10:00,12,21.5,5.0
FL.SLG.03,2021-08-21 07:20:00,2021-08-21 07:40:00,5,12.3,5.0
FL.SLG.03,2021-09-08 02:15:00,2021-09-08 02:15:00,1,7.5,5.0
FL.SLG.03,2021-09-30 08:15:00,2021-09-30 08:15:00,1,5.0,5.0
FL.SLG.03,2021-10-02 15:00:00,2021-10-02 15:55:00,12,21.4,5.0
FL.SLG.03,2021-10-04 21:25:00,2021-10-04 21:30:00,2,5.8,5.0
FL.SLG.03,2021-10-17 00:20:00,2021-10-17 00:20:00,1,5.1,5.0
FL.SLG.03,2021-11-03 21:30:00,2021-11-03 21:50:00,5,10.4,5.0
FL.SLG.03,2021-11-07 18:40:00,2021-11-07 18:50:00,3,8.1,5.0
FL.SLG.03,2022-05-18 01:45:00,2022-05-18 03:45:00,25,14.5,5.0
FL.SLG.03,2022-05-18 23:50:00,2022-05-19 00:00:00,3,13.4,5.0
FL.SLG.03,2022-06-16 11:25:00,2022-06-16 11:40:00,4,9.3,5.0
FL.SLG.03,2022-07-20 21:05:00,2022-07-21 09:10:00,146,38.8,5.0
FL.SLG.03,2022-08-01 22:10:00,2022-08-02 00:30:00,29,29.4,5.0
FL.SLG.03,2022-08-02 03:30:00,2022-08-02 04:20:00,11,9.7,5.0
FL.SLG.03,2022-09-04 03:40:00,2022-09-04 04:15:00,8,14.6,5.0
FL.SLG.03,2022-09-10 18:55:00,2022-09-11 00:40:00,70,35.3,5.0
FL.SLG.03,2022-09-11 03:55:00,2022-09-11 04:50:00,12,10.1,5.0
FL.SLG.03,2022-09-13 14:40:00,2022-09-13 16:20:00,21,28.4,5.0
FL.SLG.03,2022-10-07 16:25:00,2022-10-07 16:25:00,1,5.8,5.0
FL.SLG.03,2022-10-09 18:50:00,2022-10-09 19:30:00,9,17.1,5.0
FL.SLG.03,2022-10-11 01:05:00,2022-10-11 02:05:00,13,20.0,5.0
FL.SLG.03,2023-02-15 08:20:00,2023-02-15 09:15:00,12,15.5,5.0
FL.SLG.03,2023-07-22 00:20:00,2023-07-22 04:25:00,50,40.3,5.0
FL.SLG.03,2023-10-03 16:35:00,2023-10-03 18:00:00,18,26.4,5.0
FL.SLG.03,2023-10-28 11:55:00,2023-10-28 12:15:00,5,13.4,5.0
FL.SLG.03,2023-11-05 16:20:00,2023-11-05 17:00:00,9,14.2,5.0
FL.SLG.03,2023-11-07 17:05:00,2023-11-07 17:25:00,5,10.0,5.0
FL.SLG.03,2024-05-16 13:10:00,2024-05-16 13:35:00,6,13.0,5.0
FL.SLG.03,2024-08-18 00:15:00,2024-08-18 00:20:00,2,7.7,5.0
FL.SLG.03,2024-08-20 00:20:00,2024-08-20 00:25:00,2,5.7,5.0
FL.SLG.03,2024-08-26 23:05:00,2024-08-26 23:10:00,2,7.9,5.0
FL.SLG.03,2024-09-13 21:05:00,2024-09-13 21:10:00,2,5.9,5.0
FL.SLG.03,2024-09-26 19:00:00,2024-09-26 19:15:00,4,9.7,5.0
FL.SLG.03,2024-10-24 16:10:00,2024-10-24 17:35:00,18,25.7,5.0
FL.SLG.03,2025-02-18 07:50:00,2025-02-18 08:45:00,12,13.3,5.0
FL.SLG.03,2025-05-10 17:45:00,2025-05-10 19:50:00,26,26.8,5.0
FL.SLG.03,2025-05-10 23:15:00,2025-05-11 00:15:00,13,8.1,5.0
FL.SLG.03,2025-09-05 18:25:00,2025-09-05 19:40:00,16,15.9,5.0
FL.SLG.03,2025-09-06 16:00:00,2025-09-06 18:35:00,32,35.3,5.0
FL.SLG.03,2025-09-13 16:15:00,2025-09-13 16:15:00,1,6.2,5.0
FL.SLG.03,2025-09-14 14:30:00,2025-09-14 14:40:00,3,7.4,5.0
FL.SLG.03,2025-09-27 17:15:00,2025-09-27 17:15:00,1,10.0,5.0
FL.SLG.03,2025-11-02 22:00:00,2025-11-03 00:00:00,25,21.1,5.0
FL.SLG.03,2025-11-03 04:15:00,2025-11-03 04:35:00,5,6.1,5.0
FL.SMI.01,2019-01-28 14:45:00,2019-01-28 14:50:00,2,6.2,5.0
FL.SMI.01,2019-07-25 12:50:00,2019-07-25 12:55:00,2,31.3,5.0
FL.SMI.01,2019-09-15 23:45:00,2019-09-16 00:15:00,7,25.0,5.0
FL.SMI.01,2019-09-22 07:50:00,2019-09-22 07:50:00,1,5.4,5.0
FL.SMI.01,2019-09-22 08:00:00,2019-09-22 08:20:00,5,14.2,5.0
FL.SMI.01,2019-10-01 14:15:00,2019-10-01 17:10:00,36,51.5,5.0
FL.SMI.01,2019-10-04 13:20:00,2019-10-04 13:55:00,8,29.1,5.0
FL.SMI.01,2019-10-14 07:55:00,2019-10-14 08:20:00,6,21.4,5.0
FL.SMI.01,2020-03-15 10:40:00,2020-03-15 11:15:00,8,24.4,5.0
FL.SMI.01,2020-07-14 00:15:00,2020-07-14 03:20:00,38,46.1,5.0
FL.SMI.01,2020-07-16 17:40:00,2020-07-16 18:55:00,16,34.3,5.0
FL.SMI.01,2020-07-20 14:05:00,2020-07-20 15:05:00,13,28.7,5.0
FL.SMI.01,2020-08-28 16:45:00,2020-08-28 17:30:00,10,32.0,5.0
FL.SMI.01,2021-03-24 13:05:00,2021-03-24 13:20:00,4,13.3,5.0
FL.SMI.01,2021-04-27 12:25:00,2021-04-27 13:45:00,17,14.3,5.0
FL.SMI.01,2021-08-21 06:20:00,2021-08-21 06:25:00,2,11.1,5.0
FL.SMI.01,2021-08-26 16:00:00,2021-08-26 16:30:00,7,22.5,5.0
FL.SMI.01,2021-08-27 13:25:00,2021-08-27 13:55:00,7,25.1,5.0
FL.SMI.01,2021-09-20 20:30:00,2021-09-20 22:40:00,27,34.7,5.0
FL.SMI.01,2021-09-21 00:30:00,2021-09-21 01:10:00,9,18.5,5.0
FL.SMI.01,2021-10-02 15:20:00,2021-10-02 16:05:00,10,26.7,5.0
FL.SMI.01,2021-10-06 16:35:00,2021-10-06 16:55:00,5,22.2,5.0
FL.SMI.01,2021-10-28 10:40:00,2021-10-28 10:55:00,4,6.5,5.0
FL.SMI.01,2022-02-09 14:50:00,2022-02-09 14:55:00,2,6.8,5.0
FL.SMI.01,2022-04-21 10:20:00,2022-04-21 11:05:00,10,29.9,5.0
FL.SMI.01,2022-05-07 14:10:00,2022-05-07 16:30:00,29,48.4,5.0
FL.SMI.01,2022-05-17 22:10:00,2022-05-17 22:40:00,7,18.4,5.0
FL.SMI.01,2022-06-24 17:45:00,2022-06-24 19:35:00,23,41.0,5.0
FL.SMI.01,2022-07-21 12:50:00,2022-07-21 13:15:00,6,16.9,5.0
FL.SMI.01,2022-07-31 17:20:00,2022-07-31 20:25:00,38,50.8,5.0
FL.SMI.01,2022-08-01 12:55:00,2022-08-01 12:55:00,1,8.0,5.0
FL.SMI.01,2022-09-03 12:00:00,2022-09-03 12:15:00,4,13.0,5.0
FL.SMI.01,2022-09-08 12:55:00,2022-09-08 13:00:00,2,9.1,5.0
FL.SMI.01,2022-09-08 14:25:00,2022-09-08 15:50:00,18,29.8,5.0
FL.SMI.01,2022-09-08 16:30:00,2022-09-08 17:20:00,11,9.8,5.0
FL.SMI.01,2022-09-15 19:20:00,2022-09-15 19:20:00,1,5.3,5.0
FL.SMI.01,2022-09-22 02:10:00,2022-09-22 02:50:00,9,23.0,5.0
FL.SMI.01,2022-09-22 20:35:00,2022-09-22 20:40:00,2,7.9,5.0
FL.SMI.01,2022-09-22 20:55:00,2022-09-22 21:15:00,5,12.3,5.0
FL.SMI.01,2022-09-29 03:20:00,2022-09-29 03:35:00,4,7.4,5.0
FL.SMI.01,2022-10-22 21:45:00,2022-10-22 22:45:00,13,20.8,5.0
FL.SMI.01,2022-11-23 20:10:00,2022-11-23 20:15:00,2,11.8,5.0
FL.SMI.01,2023-06-28 18:55:00,2023-06-28 19:55:00,13,33.9,5.0
FL.SMI.01,2023-07-05 18:40:00,2023-07-05 20:25:00,22,41.7,5.0
FL.SMI.01,2023-07-22 01:05:00,2023-07-22 01:15:00,3,11.7,5.0
FL.SMI.01,2023-08-22 20:35:00,2023-08-22 20:45:00,3,10.7,5.0
FL.SMI.01,2023-08-31 18:50:00,2023-08-31 19:40:00,11,28.8,5.0
FL.SMI.01,2023-09-21 01:10:00,2023-09-21 02:10:00,13,35.8,5.0
FL.SMI.01,2023-10-09 21:45:00,2023-10-09 22:15:00,7,16.1,5.0
FL.SMI.01,2023-10-27 03:20:00,2023-10-27 03:25:00,2,8.2,5.0
FL.SMI.01,2024-05-30 18:30:00,2024-05-30 19:00:00,7,14.5,5.0
FL.SMI.01,2024-06-25 18:45:00,2024-06-25 19:20:00,8,25.5,5.0
FL.SMI.01,2024-06-26 14:40:00,2024-06-26 14:40:00,1,6.0,5.0
FL.SMI.01,2024-07-04 11:50:00,2024-07-04 12:35:00,10,29.9,5.0
FL.SMI.01,2024-07-29 17:10:00,2024-07-29 18:15:00,14,29.0,5.0
FL.SMI.01,2024-09-12 18:35:00,2024-09-12 19:15:00,9,24.9,5.0
FL.SMI.01,2024-09-20 17:10:00,2024-09-20 18:50:00,21,44.1,5.0
FL.SMI.01,2024-09-21 17:50:00,2024-09-21 18:15:00,6,22.0,5.0
FL.SMI.01,2024-09-21 18:50:00,2024-09-21 18:50:00,1,7.6,5.0
FL.SMI.01,2024-10-18 17:30:00,2024-10-18 17:45:00,4,21.7,5.0
FL.SMI.01,2024-10-23 04:15:00,2024-10-23 04:55:00,9,27.3,5.0
FL.SMI.01,2025-05-15 14:50:00,2025-05-15 15:05:00,4,19.4,5.0
FL.SMI.01,2025-05-21 09:45:00,2025-05-21 10:00:00,4,16.0,5.0
FL.SMI.01,2025-06-05 21:45:00,2025-06-05 22:20:00,8,24.4,5.0
FL.SMI.01,2025-07-14 18:20:00,2025-07-14 18:40:00,5,17.2,5.0
FL.SMI.01,2025-07-16 02:25:00,2025-07-16 03:15:00,11,17.2,5.0
FL.SMI.01,2025-08-15 18:35:00,2025-08-15 18:50:00,4,21.5,5.0
FL.SMI.01,2025-09-03 00:10:00,2025-09-03 00:25:00,4,18.7,5.0
FL.SMI.01,2025-09-08 12:20:00,2025-09-08 13:40:00,17,41.6,5.0
FL.SMI.01,2025-10-01 14:15:00,2025-10-01 14:25:00,3,12.7,5.0
FL.SMI.01,2025-10-11 15:35:00,2025-10-11 16:10:00,8,26.7,5.0
FL.SMI.01,2025-11-02 16:25:00,2025-11-02 16:55:00,7,20.6,5.0
FL.SMI.01,2025-11-02 21:05:00,2025-11-03 01:35:00,55,46.4,5.0
FL.SPW.01,2019-01-02 20:50:00,2019-01-02 21:30:00,9,11.3,5.0
FL.SPW.01,2019-01-02 21:45:00,2019-01-02 21:45:00,1,5.2,5.0
FL.SPW.01,2019-01-03 05:40:00,2019-01-03 05:40:00,1,5.0,5.0
FL.SPW.01,2019-01-27 10:40:00,2019-01-27 10:40:00,1,5.7,5.0
FL.SPW.01,2019-04-07 23:30:00,2019-04-07 23:55:00,6,5.5,5.0
FL.SPW.01,2019-04-10 18:10:00,2019-04-10 18:10:00,1,5.2,5.0
FL.SPW.01,2019-04-23 00:50:00,2019-04-23 01:30:00,9,6.6,5.0
FL.SPW.01,2019-04-23 01:40:00,2019-04-23 01:40:00,1,5.0,5.0
FL.SPW.01,2019-04-28 22:35:00,2019-04-28 22:35:00,1,5.1,5.0
FL.SPW.01,2019-05-14 04:50:00,2019-05-14 04:50:00,1,5.2,5.0
FL.SPW.01,2019-06-07 14:45:00,2019-06-07 16:00:00,16,24.7,5.0
FL.SPW.01,2019-06-27 05:40:00,2019-06-27 05:40:00,1,5.2,5.0
FL.SPW.01,2019-07-04 10:45:00,2019-07-04 10:55:00,3,29.1,5.0
FL.SPW.01,2019-09-14 18:10:00,2019-09-14 18:40:00,7,12.9,5.0
FL.SPW.01,2019-09-16 00:30:00,2019-09-16 00:40:00,3,7.8,5.0
FL.SPW.01,2019-09-21 03:05:00,2019-09-21 03:10:00,2,6.4,5.0
FL.SPW.01,2019-09-21 03:20:00,2019-09-21 03:35:00,4,9.1,5.0
FL.SPW.01,2019-09-21 17:10:00,2019-09-21 17:10:00,1,6.3,5.0
FL.SPW.01,2019-09-22 09:30:00,2019-09-22 09:30:00,1,5.0,5.0
FL.SPW.01,2019-09-22 21:50:00,2019-09-22 21:50:00,1,5.3,5.0
FL.SPW.01,2019-09-22 22:15:00,2019-09-22 22:15:00,1,5.8,5.0
FL.SPW.01,2019-09-22 23:10:00,2019-09-22 23:10:00,1,5.3,5.0
FL.SPW.01,2019-09-22 23:50:00,2019-09-22 23:50:00,1,5.1,5.0
FL.SPW.01,2019-09-23 00:05:00,2019-09-23 00:05:00,1,5.1,5.0
FL.SPW.01,2019-09-23 00:35:00,2019-09-23 00:40:00,2,5.2,5.0
FL.SPW.01,2019-09-23 01:05:00,2019-09-23 01:05:00,1,5.1,5.0
FL.SPW.01,2019-09-23 02:40:00,2019-09-23 02:40:00,1,5.3,5.0
FL.SPW.01,2019-09-23 03:15:00,2019-09-23 03:15:00,1,5.4,5.0
FL.SPW.01,2019-09-23 16:15:00,2019-09-23 16:15:00,1,5.7,5.0
FL.SPW.01,2019-10-02 02:00:00,2019-10-02 02:00:00,1,5.1,5.0
FL.SPW.01,2019-10-06 15:00:00,2019-10-06 15:00:00,1,7.1,5.0
FL.SPW.01,2019-10-11 04:55:00,2019-10-11 04:55:00,1,5.3,5.0
FL.SPW.01,2019-10-11 05:05:00,2019-10-11 05:40:00,8,6.1,5.0
FL.SPW.01,2019-10-11 05:50:00,2019-10-11 05:50:00,1,5.4,5.0
FL.SPW.01,2019-10-11 06:20:00,2019-10-11 06:25:00,2,6.3,5.0
FL.SPW.01,2019-10-13 21:25:00,2019-10-13 21:30:00,2,5.3,5.0
FL.SPW.01,2019-10-13 22:00:00,2019-10-13 22:05:00,2,5.2,5.0
FL.SPW.01,2019-10-14 08:10:00,2019-10-14 08:10:00,1,5.0,5.0
FL.SPW.01,2019-10-14 08:20:00,2019-10-14 08:20:00,1,9.2,5.0
FL.SPW.01,2019-10-14 08:30:00,2019-10-14 08:35:00,2,5.4,5.0
FL.SPW.01,2019-10-14 08:50:00,2019-10-14 08:50:00,1,5.0,5.0
FL.SPW.01,2019-10-15 00:20:00,2019-10-15 01:00:00,9,11.5,5.0
FL.SPW.01,2021-04-16 12:10:00,2021-04-16 12:10:00,1,7.5,5.0
FL.SPW.01,2021-05-19 18:45:00,2021-05-19 19:35:00,11,13.8,5.0
FL.SPW.01,2021-09-30 14:10:00,2021-09-30 14:15:00,2,6.5,5.0
FL.SPW.01,2021-10-17 02:00:00,2021-10-17 02:00:00,1,5.1,5.0
FL.SPW.01,2021-11-01 17:20:00,2021-11-01 17:50:00,7,16.8,5.0
FL.SPW.01,2022-07-01 19:00:00,2022-07-01 19:15:00,4,11.5,5.0
FL.SPW.01,2022-08-15 19:50:00,2022-08-15 20:10:00,5,13.8,5.0
FL.SPW.01,2022-10-07 16:10:00,2022-10-07 17:30:00,17,15.8,5.0
FL.SPW.01,2022-10-09 18:55:00,2022-10-09 19:30:00,8,13.8,5.0
FL.SPW.01,2023-02-15 08:45:00,2023-02-15 08:55:00,3,6.2,5.0
FL.SPW.01,2023-05-12 22:40:00,2023-05-12 22:55:00,4,10.7,5.0
FL.SPW.01,2023-06-17 19:00:00,2023-06-17 19:10:00,3,5.2,5.0
FL.SPW.01,2023-06-21 22:45:00,2023-06-21 22:55:00,3,5.7,5.0
FL.SPW.01,2023-09-03 23:05:00,2023-09-03 23:05:00,1,5.0,5.0
FL.SPW.01,2023-09-03 23:25:00,2023-09-03 23:25:00,1,5.4,5.0
FL.SPW.01,2023-09-21 19:20:00,2023-09-21 19:20:00,1,5.0,5.0
FL.SPW.01,2023-10-03 16:55:00,2023-10-03 17:30:00,8,17.0,5.0
FL.SPW.01,2023-10-24 13:35:00,2023-10-24 13:35:00,1,5.1,5.0
FL.SPW.01,2023-11-05 16:25:00,2023-11-05 16:35:00,3,6.4,5.0
FL.SPW.01,2023-11-10 17:45:00,2023-11-10 17:55:00,3,6.4,5.0
FL.SPW.01,2024-03-20 08:00:00,2024-03-20 08:15:00,4,10.4,5.0
FL.SPW.01,2024-10-29 22:50:00,2024-10-29 23:25:00,8,16.7,5.0
FL.SPW.01,2025-09-04 19:20:00,2025-09-04 20:25:00,14,15.9,5.0
FL.SPW.01,2025-09-14 15:15:00,2025-09-14 15:25:00,3,11.1,5.0
FL.SPW.01,2025-10-12 14:20:00,2025-10-12 14:50:00,7,16.2,5.0
FL.SPW.01,2025-11-13 02:55:00,2025-11-13 03:10:00,4,8.5,5.0
FL.SPW.02,2019-06-07 14:50:00,2019-06-07 16:00:00,15,13.2,5.0
FL.SPW.02,2019-07-15 17:55:00,2019-07-15 18:25:00,7,9.2,5.0
FL.SPW.02,2019-09-14 18:10:00,2019-09-14 18:50:00,9,11.4,5.0
FL.SPW.02,2019-09-16 00:35:00,2019-09-16 00:55:00,5,7.1,5.0
FL.SPW.02,2020-09-16 00:40:00,2020-09-16 02:05:00,18,5.4,5.0
FL.SPW.02,2020-09-16 02:15:00,2020-09-16 02:15:00,1,5.0,5.0
FL.SPW.02,2020-09-16 18:30:00,2020-09-16 20:20:00,23,5.6,5.0
FL.SPW.02,2020-09-18 21:10:00,2020-09-19 08:55:00,142,6.3,5.0
FL.SPW.02,2020-09-19 09:20:00,2020-09-19 11:00:00,21,6.2,5.0
FL.SPW.02,2020-09-19 11:20:00,2020-09-19 11:20:00,1,5.5,5.0
FL.SPW.02,2020-09-19 11:30:00,2020-09-19 11:50:00,5,5.5,5.0
FL.SPW.02,2020-09-19 12:05:00,2020-09-19 12:30:00,6,5.6,5.0
FL.SPW.02,2020-09-19 16:05:00,2020-09-19 16:05:00,1,5.0,5.0
FL.SPW.02,2020-09-19 16:20:00,2020-09-19 16:40:00,5,5.9,5.0
FL.SPW.02,2020-09-22 06:55:00,2020-09-22 11:10:00,52,6.7,5.0
FL.SPW.02,2020-09-23 15:20:00,2020-09-23 18:25:00,38,8.3,5.0
FL.SPW.02,2020-09-23 18:40:00,2020-09-23 18:45:00,2,5.3,5.0
FL.SPW.02,2020-09-23 23:10:00,2020-09-24 02:40:00,43,8.2,5.0
FL.SPW.02,2020-09-27 19:50:00,2020-09-28 00:15:00,54,13.1,5.0
FL.SPW.02,2020-09-28 19:20:00,2020-09-29 01:10:00,71,14.3,5.0
FL.SPW.02,2020-09-29 01:20:00,2020-09-29 03:05:00,22,9.7,5.0
FL.SPW.02,2020-09-29 12:05:00,2020-09-29 12:10:00,2,17.2,5.0
FL.SPW.02,2021-02-11 04:00:00,2021-02-11 05:15:00,16,8.5,5.0
FL.SPW.02,2021-03-06 12:25:00,2021-03-06 12:35:00,3,10.1,5.0
FL.SPW.02,2021-05-19 18:45:00,2021-05-19 19:40:00,12,11.7,5.0
FL.SPW.02,2021-08-15 15:35:00,2021-08-15 20:55:00,65,5.1,5.0
FL.SPW.02,2021-08-15 21:05:00,2021-08-16 00:00:00,36,5.0,5.0
FL.SPW.02,2021-08-16 00:10:00,2021-08-16 01:15:00,14,5.0,5.0
FL.SPW.02,2021-08-16 01:25:00,2021-08-16 03:55:00,31,5.0,5.0
FL.SPW.02,2021-08-16 04:05:00,2021-08-16 07:10:00,38,5.0,5.0
FL.SPW.02,2021-08-16 07:20:00,2021-08-16 08:30:00,15,5.0,5.0
FL.SPW.02,2021-08-16 08:40:00,2021-08-16 10:05:00,18,5.0,5.0
FL.SPW.02,2021-08-16 10:15:00,2021-08-16 10:20:00,2,5.1,5.0
FL.SPW.02,2021-08-16 10:35:00,2021-08-16 10:35:00,1,6.2,5.0
FL.SPW.02,2021-08-16 11:00:00,2021-08-16 11:00:00,1,5.9,5.0
FL.SPW.02,2021-09-19 15:55:00,2021-09-19 16:30:00,8,12.1,5.0
FL.SPW.02,2021-09-30 14:05:00,2021-09-30 14:20:00,4,7.6,5.0
FL.SPW.02,2021-11-01 17:25:00,2021-11-01 17:35:00,3,7.4,5.0
FL.SPW.02,2022-07-01 19:00:00,2022-07-01 19:30:00,7,11.2,5.0
FL.SPW.02,2022-08-15 19:50:00,2022-08-15 20:15:00,6,9.3,5.0
FL.SPW.02,2022-10-07 16:15:00,2022-10-07 16:55:00,9,8.3,5.0
FL.SPW.02,2023-05-12 22:35:00,2023-05-12 23:05:00,7,9.2,5.0
FL.SPW.02,2023-09-25 15:00:00,2023-09-25 15:15:00,4,6.6,5.0
FL.SPW.02,2023-10-03 16:55:00,2023-10-03 17:45:00,11,11.0,5.0
FL.SPW.02,2024-03-20 08:00:00,2024-03-20 08:25:00,6,8.7,5.0
FL.SPW.02,2024-10-13 16:25:00,2024-10-13 16:55:00,7,8.5,5.0
FL.SPW.02,2024-10-22 15:40:00,2024-10-22 16:35:00,12,12.6,5.0
FL.SPW.02,2024-10-29 22:30:00,2024-10-30 00:00:00,19,13.0,5.0
FL.SPW.02,2025-01-20 11:05:00,2025-01-20 11:10:00,2,6.6,5.0
FL.SPW.02,2025-05-10 17:50:00,2025-05-10 18:30:00,9,8.1,5.0
FL.SPW.02,2025-05-16 12:00:00,2025-05-16 12:15:00,4,7.0,5.0
FL.SPW.02,2025-09-04 19:20:00,2025-09-04 21:00:00,21,10.3,5.0
FL.SPW.02,2025-09-06 16:30:00,2025-09-06 17:10:00,9,9.0,5.0
FL.SPW.02,2025-09-14 15:10:00,2025-09-14 15:35:00,6,7.8,5.0
FL.SPW.02,2025-10-04 11:05:00,2025-10-04 11:20:00,4,6.0,5.0
FL.SPW.02,2025-10-12 14:15:00,2025-10-12 14:55:00,9,9.1,5.0
FL.SPW.02,2025-11-03 20:25:00,2025-11-03 20:45:00,5,6.5,5.0
FL.SPW.02,2025-11-13 02:55:00,2025-11-13 03:25:00,7,7.4,5.0
FL.STN.01,2019-03-22 11:50:00,2019-03-22 11:50:00,1,13.3,5.0
FL.STN.01,2019-03-29 14:45:00,2019-03-29 14:55:00,3,7.0,5.0
FL.STN.01,2020-10-02 18:30:00,2020-10-02 20:35:00,26,17.8,5.0
FL.STN.01,2020-10-02 20:50:00,2020-10-02 20:50:00,1,5.6,5.0
FL.STN.01,2020-10-02 21:00:00,2020-10-02 21:00:00,1,6.0,5.0
FL.STN.01,2020-11-21 12:15:00,2020-11-21 13:50:00,20,23.9,5.0
FL.STN.01,2020-11-21 14:00:00,2020-11-21 14:10:00,3,6.0,5.0
FL.STN.01,2021-05-03 13:55:00,2021-05-03 14:45:00,11,13.8,5.0
FL.STN.01,2021-08-12 00:25:00,2021-08-12 00:55:00,7,9.2,5.0
FL.STN.01,2021-08-12 20:05:00,2021-08-12 20:20:00,4,6.5,5.0
FL.STN.01,2021-08-13 18:30:00,2021-08-13 18:30:00,1,5.7,5.0
FL.STN.01,2021-09-19 15:35:00,2021-09-19 19:30:00,48,45.4,5.0
FL.STN.01,2021-11-01 17:10:00,2021-11-01 18:05:00,12,21.6,5.0
FL.STN.01,2022-06-24 21:15:00,2022-06-24 21:15:00,1,6.5,5.0
FL.STN.01,2022-06-24 21:25:00,2022-06-24 22:20:00,12,21.5,5.0
FL.STN.01,2022-07-20 21:20:00,2022-07-20 22:00:00,9,14.1,5.0
FL.STN.01,2022-07-20 22:45:00,2022-07-20 23:25:00,9,14.2,5.0
FL.STN.01,2022-09-04 04:20:00,2022-09-04 04:25:00,2,6.5,5.0
FL.STN.01,2022-09-22 03:15:00,2022-09-22 03:20:00,2,7.0,5.0
FL.STN.01,2022-10-09 18:55:00,2022-10-09 19:55:00,13,17.9,5.0
FL.STN.01,2024-10-13 16:10:00,2024-10-13 16:15:00,2,6.8,5.0
FL.STN.01,2025-05-01 04:20:00,2025-05-01 05:05:00,10,19.9,5.0
FL.STN.01,2025-09-04 20:05:00,2025-09-04 21:45:00,21,33.6,5.0
FL.STN.01,2025-09-17 02:25:00,2025-09-17 03:00:00,8,13.2,5.0
FL.STN.01,2025-11-13 02:45:00,2025-11-13 02:55:00,3,7.1,5.0
FL.STN.02,2019-01-15 07:35:00,2019-01-15 08:15:00,9,12.2,5.0
FL.STN.02,2019-09-14 18:30:00,2019-09-14 19:50:00,17,27.4,5.0
FL.STN.02,2019-09-16 00:30:00,2019-09-16 01:40:00,15,25.9,5.0
FL.STN.02,2019-09-21 12:00:00,2019-09-21 13:30:00,19,28.1,5.0
FL.STN.02,2019-10-04 12:25:00,2019-10-04 13:05:00,9,15.8,5.0
FL.STN.02,2019-11-19 12:40:00,2019-11-19 12:40:00,1,26.9,5.0
FL.STN.02,2020-04-25 12:40:00,2020-04-25 12:45:00,2,6.0,5.0
FL.STN.02,2020-05-31 01:00:00,2020-05-31 02:55:00,24,26.0,5.0
FL.STN.02,2020-07-03 17:15:00,2020-07-03 17:15:00,1,5.0,5.0
FL.STN.02,2020-09-27 19:50:00,2020-09-27 21:25:00,20,28.2,5.0
FL.STN.02,2020-10-01 22:10:00,2020-10-01 22:15:00,2,9.0,5.0
FL.STN.02,2020-10-02 18:20:00,2020-10-02 21:20:00,37,37.3,5.0
FL.STN.02,2020-11-21 11:15:00,2020-11-21 15:00:00,46,38.2,5.0
FL.STN.02,2020-11-23 17:25:00,2020-11-23 18:00:00,8,19.8,5.0
FL.STN.02,2021-02-09 12:30:00,2021-02-09 16:10:00,45,44.9,5.0
FL.STN.02,2021-03-09 12:35:00,2021-03-09 12:40:00,2,10.8,5.0
FL.STN.02,2021-03-09 14:10:00,2021-03-09 14:10:00,1,12.1,5.0
FL.STN.02,2021-04-15 11:05:00,2021-04-15 11:25:00,5,8.6,5.0
FL.STN.02,2021-05-03 13:50:00,2021-05-03 14:40:00,11,23.6,5.0
FL.STN.02,2021-09-08 02:45:00,2021-09-08 02:55:00,3,8.2,5.0
FL.STN.02,2021-09-09 10:45:00,2021-09-09 10:45:00,1,5.4,5.0
FL.STN.02,2021-09-19 15:25:00,2021-09-19 15:25:00,1,5.4,5.0
FL.STN.02,2021-09-19 15:35:00,2021-09-19 19:15:00,45,42.8,5.0
FL.STN.02,2021-10-16 23:25:00,2021-10-16 23:45:00,5,13.0,5.0
FL.STN.02,2021-11-01 17:05:00,2021-11-01 18:15:00,15,26.4,5.0
FL.STN.02,2022-02-04 18:40:00,2022-02-04 18:55:00,4,12.6,5.0
FL.STN.02,2022-06-24 21:15:00,2022-06-24 22:35:00,17,31.9,5.0
FL.STN.02,2022-07-20 21:20:00,2022-07-21 00:10:00,35,27.1,5.0
FL.STN.02,2022-08-15 20:00:00,2022-08-15 20:20:00,5,13.8,5.0
FL.STN.02,2022-09-04 04:10:00,2022-09-04 05:00:00,11,22.9,5.0
FL.STN.02,2022-09-22 03:05:00,2022-09-22 03:50:00,10,13.4,5.0
FL.STN.02,2022-10-09 18:45:00,2022-10-09 20:35:00,23,25.6,5.0
FL.STN.02,2023-09-25 14:40:00,2023-09-25 15:20:00,9,14.3,5.0
FL.STN.02,2023-09-28 18:10:00,2023-09-28 18:20:00,3,9.2,5.0
FL.STN.02,2024-10-13 16:05:00,2024-10-13 16:55:00,11,16.6,5.0
FL.STN.02,2025-11-13 02:40:00,2025-11-13 03:10:00,7,9.5,5.0
FL.STN.03,2019-01-15 07:35:00,2019-01-15 07:40:00,2,6.4,5.0
FL.STN.03,2019-01-15 07:50:00,2019-01-15 08:20:00,7,10.7,5.0
FL.STN.03,2019-06-06 20:30:00,2019-06-06 20:30:00,1,5.5,5.0
FL.STN.03,2019-06-12 11:05:00,2019-06-12 11:05:00,1,5.2,5.0
FL.STN.03,2019-09-14 18:30:00,2019-09-14 20:10:00,21,25.0,5.0
FL.STN.03,2019-09-16 00:45:00,2019-09-16 01:10:00,6,10.2,5.0
FL.STN.03,2019-09-21 12:05:00,2019-09-21 13:05:00,13,14.8,5.0
FL.STN.03,2019-10-04 12:30:00,2019-10-04 13:15:00,10,15.1,5.0
FL.STN.03,2020-04-25 12:35:00,2020-04-25 12:35:00,1,5.0,5.0
FL.STN.03,2020-05-31 01:00:00,2020-05-31 03:10:00,27,27.3,5.0
FL.STN.03,2020-06-22 05:00:00,2020-06-22 05:30:00,7,11.8,5.0
FL.STN.03,2020-07-24 06:30:00,2020-07-24 08:20:00,23,22.8,5.0
FL.STN.03,2020-09-27 19:50:00,2020-09-27 21:20:00,19,20.8,5.0
FL.STN.03,2020-10-01 22:10:00,2020-10-01 22:15:00,2,7.1,5.0
FL.STN.03,2020-10-02 18:15:00,2020-10-02 21:15:00,37,34.2,5.0
FL.STN.03,2020-11-21 11:15:00,2020-11-21 14:55:00,45,36.8,5.0
FL.STN.03,2020-11-23 17:25:00,2020-11-23 17:50:00,6,12.7,5.0
FL.STN.03,2021-05-03 13:50:00,2021-05-03 14:40:00,11,18.9,5.0
FL.STN.03,2021-09-08 02:40:00,2021-09-08 03:05:00,6,11.6,5.0
FL.STN.03,2021-09-09 10:35:00,2021-09-09 11:35:00,13,19.8,5.0
FL.STN.03,2021-09-16 04:10:00,2021-09-16 04:30:00,5,9.4,5.0
FL.STN.03,2021-09-19 15:35:00,2021-09-19 19:30:00,48,44.2,5.0
FL.STN.03,2021-10-16 23:30:00,2021-10-16 23:50:00,5,8.8,5.0
FL.STN.03,2021-11-01 17:05:00,2021-11-01 18:35:00,19,27.1,5.0
FL.STN.03,2022-02-04 18:30:00,2022-02-04 19:20:00,11,19.3,5.0
FL.STN.03,2022-06-24 21:15:00,2022-06-24 23:05:00,23,27.6,5.0
FL.STN.03,2022-06-25 02:05:00,2022-06-25 02:30:00,6,5.4,5.0
FL.STN.03,2022-06-25 03:00:00,2022-06-25 03:35:00,8,5.3,5.0
FL.STN.03,2022-06-25 04:45:00,2022-06-25 05:50:00,14,5.1,5.0
FL.STN.03,2022-06-25 06:00:00,2022-06-25 06:15:00,4,5.1,5.0
FL.STN.03,2022-06-25 06:45:00,2022-06-25 07:05:00,5,5.2,5.0
FL.STN.03,2022-06-25 07:30:00,2022-06-25 07:30:00,1,5.0,5.0
FL.STN.03,2022-06-25 07:45:00,2022-06-25 07:45:00,1,5.2,5.0
FL.STN.03,2022-06-25 08:00:00,2022-06-25 08:00:00,1,5.1,5.0
FL.STN.03,2022-07-20 21:15:00,2022-07-21 01:40:00,54,34.2,5.0
FL.STN.03,2022-08-15 19:55:00,2022-08-15 20:45:00,11,20.5,5.0
FL.STN.03,2022-09-04 04:00:00,2022-09-04 05:55:00,24,24.6,5.0
FL.STN.03,2022-09-13 15:00:00,2022-09-13 15:45:00,10,12.2,5.0
FL.STN.03,2022-09-14 19:15:00,2022-09-14 20:00:00,10,17.9,5.0
FL.STN.03,2022-09-22 03:10:00,2022-09-22 03:50:00,9,10.2,5.0
FL.STN.03,2022-10-09 18:40:00,2022-10-09 21:40:00,37,40.4,5.0
FL.STN.03,2023-07-03 01:20:00,2023-07-03 01:20:00,1,5.8,5.0
FL.STN.03,2023-07-09 11:35:00,2023-07-09 12:15:00,9,18.0,5.0
FL.STN.03,2023-08-14 16:25:00,2023-08-14 16:25:00,1,5.4,5.0
FL.STN.03,2023-09-28 18:05:00,2023-09-28 18:40:00,8,16.1,5.0
FL.STN.03,2023-10-04 20:10:00,2023-10-04 20:40:00,7,10.4,5.0
FL.STN.03,2024-07-27 17:35:00,2024-07-27 18:20:00,10,13.9,5.0
FL.STN.03,2024-08-24 19:45:00,2024-08-24 20:10:00,6,10.4,5.0
FL.STN.03,2024-10-13 16:05:00,2024-10-13 17:40:00,20,23.5,5.0
FL.STN.03,2024-11-17 14:00:00,2024-11-17 14:25:00,6,12.3,5.0
FL.STN.03,2025-06-12 15:25:00,2025-06-12 15:50:00,6,13.3,5.0
FL.STN.03,2025-09-04 20:00:00,2025-09-04 22:10:00,27,33.4,5.0
FL.STN.03,2025-09-14 06:15:00,2025-09-14 07:45:00,19,21.0,5.0
FL.STN.03,2025-09-17 02:10:00,2025-09-17 04:00:00,23,30.5,5.0
FL.STN.03,2025-11-13 02:35:00,2025-11-13 03:55:00,17,16.1,5.0
FL.STN.04,2019-06-07 15:20:00,2019-06-07 15:20:00,1,6.4,5.0
FL.STN.04,2019-06-07 15:30:00,2019-06-07 15:30:00,1,7.4,5.0
FL.STN.04,2019-07-15 18:10:00,2019-07-15 18:30:00,5,8.6,5.0
FL.STN.04,2019-09-14 18:25:00,2019-09-14 20:05:00,21,22.8,5.0
FL.STN.04,2019-09-16 00:45:00,2019-09-16 01:25:00,9,9.8,5.0
FL.STN.04,2019-10-04 12:30:00,2019-10-04 15:40:00,39,5.1,5.0
FL.STN.04,2021-04-27 13:40:00,2021-04-27 15:10:00,19,28.5,5.0
FL.STN.04,2021-05-03 13:55:00,2021-05-03 14:20:00,6,11.1,5.0
FL.STN.04,2021-05-19 19:00:00,2021-05-19 20:25:00,18,24.2,5.0
FL.STN.04,2021-05-29 00:55:00,2021-05-29 01:15:00,5,9.2,5.0
FL.STN.04,2021-07-09 11:00:00,2021-07-09 11:00:00,1,11.3,5.0
FL.STN.04,2021-08-11 23:40:00,2021-08-11 23:55:00,4,9.8,5.0
FL.STN.04,2021-09-08 02:40:00,2021-09-08 02:50:00,3,10.1,5.0
FL.STN.04,2021-09-16 04:20:00,2021-09-16 04:45:00,6,14.6,5.0
FL.STN.04,2021-09-19 15:40:00,2021-09-19 17:45:00,26,30.0,5.0
FL.STN.04,2021-09-30 16:20:00,2021-09-30 16:25:00,2,5.6,5.0
FL.STN.04,2021-10-16 23:40:00,2021-10-16 23:55:00,4,11.3,5.0
FL.STN.04,2021-11-01 17:20:00,2021-11-01 18:05:00,10,19.4,5.0
FL.STN.04,2022-02-04 18:45:00,2022-02-04 19:10:00,6,12.4,5.0
FL.STN.04,2022-06-10 11:00:00,2022-06-10 11:05:00,2,11.0,5.0
FL.STN.04,2022-06-24 21:25:00,2022-06-24 21:45:00,5,11.2,5.0
FL.STN.04,2022-07-20 21:25:00,2022-07-21 00:30:00,38,23.2,5.0
FL.STN.04,2022-07-28 10:40:00,2022-07-28 11:10:00,7,12.4,5.0
FL.STN.04,2022-08-15 20:00:00,2022-08-15 21:20:00,17,18.7,5.0
FL.STN.04,2022-09-04 04:15:00,2022-09-04 04:55:00,9,12.3,5.0
FL.STN.04,2022-09-06 21:50:00,2022-09-06 21:50:00,1,6.5,5.0
FL.STN.04,2022-09-13 14:55:00,2022-09-13 15:30:00,8,10.0,5.0
FL.STN.04,2022-09-22 03:05:00,2022-09-22 04:20:00,16,15.3,5.0
FL.STN.04,2022-09-22 20:55:00,2022-09-22 22:20:00,18,15.8,5.0
FL.STN.04,2022-10-03 16:30:00,2022-10-03 16:55:00,6,10.0,5.0
FL.STN.04,2022-10-07 16:15:00,2022-10-07 18:15:00,25,21.4,5.0
FL.STN.04,2022-10-09 18:50:00,2022-10-09 20:50:00,25,28.1,5.0
FL.STN.04,2023-05-29 17:15:00,2023-05-29 17:50:00,8,14.3,5.0
FL.STN.04,2023-07-22 00:50:00,2023-07-22 01:35:00,10,13.1,5.0
FL.STN.04,2023-09-25 14:30:00,2023-09-25 16:25:00,24,27.4,5.0
FL.STN.04,2023-09-28 18:10:00,2023-09-28 18:50:00,9,14.6,5.0
FL.STN.04,2023-10-04 19:55:00,2023-10-04 20:45:00,11,11.6,5.0
FL.STN.04,2024-07-27 18:00:00,2024-07-27 18:30:00,7,11.8,5.0
FL.STN.04,2024-10-02 01:10:00,2024-10-02 02:25:00,16,21.4,5.0
FL.STN.04,2024-10-13 16:05:00,2024-10-13 16:20:00,4,10.1,5.0
FL.STN.04,2024-10-13 16:35:00,2024-10-13 16:45:00,3,6.3,5.0
FL.WTL.01,2021-03-29 11:05:00,2021-03-29 11:05:00,1,6.7,5.0
FL.WTL.01,2021-04-22 11:30:00,2021-04-22 11:30:00,1,7.1,5.0
FL.WTL.01,2021-08-31 22:45:00,2021-09-01 00:15:00,19,9.6,5.0
FL.WTL.01,2021-10-02 15:10:00,2021-10-02 15:55:00,10,6.5,5.0
FL.WTL.01,2021-10-02 16:05:00,2021-10-02 16:05:00,1,5.2,5.0
FL.WTL.01,2022-05-18 00:25:00,2022-05-18 00:25:00,1,5.1,5.0
FL.WTL.01,2022-05-18 01:00:00,2022-05-18 01:05:00,2,8.4,5.0
FL.WTL.01,2022-05-18 01:15:00,2022-05-18 01:20:00,2,7.8,5.0
FL.WTL.01,2022-05-18 01:30:00,2022-05-18 01:30:00,1,7.1,5.0
FL.WTL.01,2022-07-20 23:05:00,2022-07-20 23:05:00,1,6.6,5.0
FL.WTL.01,2022-09-07 22:15:00,2022-09-07 22:15:00,1,5.0,5.0
FL.WTL.01,2022-11-17 08:50:00,2022-11-17 08:50:00,1,11.8,5.0
FL.WTL.01,2023-07-22 00:40:00,2023-07-22 04:50:00,51,18.0,5.0
FL.WTL.01,2024-01-25 11:15:00,2024-01-25 11:15:00,1,8.7,5.0
FL.WTL.01,2024-08-20 00:30:00,2024-08-20 01:40:00,15,9.1,5.0
FL.WTL.01,2025-05-10 18:10:00,2025-05-10 18:30:00,5,20.4,5.0
FL.WTL.01,2025-05-10 18:40:00,2025-05-10 18:40:00,1,5.3,5.0
FL.WTL.01,2025-05-10 18:50:00,2025-05-10 19:05:00,4,6.9,5.0
FL.WTL.01,2025-05-10 19:35:00,2025-05-10 19:40:00,2,5.7,5.0
FL.WTL.01,2025-05-10 19:50:00,2025-05-10 19:50:00,1,5.7,5.0
FL.WTL.01,2025-05-10 20:15:00,2025-05-10 20:25:00,3,5.9,5.0
FL.WTL.01,2025-05-10 20:40:00,2025-05-10 20:40:00,1,5.4,5.0
FL.WTL.01,2025-05-10 21:10:00,2025-05-10 21:10:00,1,5.2,5.0
FL.WTL.02,2019-07-08 10:35:00,2019-07-08 10:35:00,1,15.6,5.0
FL.WTL.02,2021-03-16 10:50:00,2021-03-16 10:55:00,2,5.9,5.0
FL.WTL.02,2021-05-18 14:25:00,2021-05-18 14:25:00,1,15.2,5.0
FL.WTL.02,2021-05-18 14:35:00,2021-05-18 14:45:00,3,8.1,5.0
FL.WTL.02,2021-06-29 12:35:00,2021-06-29 12:35:00,1,9.8,5.0
FL.WTL.02,2021-08-21 06:10:00,2021-08-21 09:40:00,43,16.5,5.0
FL.WTL.02,2021-08-21 09:50:00,2021-08-21 10:00:00,3,5.3,5.0
FL.WTL.02,2021-08-27 12:50:00,2021-08-27 14:10:00,17,9.6,5.0
FL.WTL.02,2021-08-27 14:25:00,2021-08-27 16:20:00,24,12.3,5.0
FL.WTL.02,2021-08-27 17:00:00,2021-08-27 17:05:00,2,5.7,5.0
FL.WTL.02,2021-08-27 17:15:00,2021-08-27 17:25:00,3,5.7,5.0
FL.WTL.02,2021-08-28 00:35:00,2021-08-28 00:35:00,1,5.1,5.0
FL.WTL.02,2021-08-28 00:55:00,2021-08-28 01:00:00,2,7.3,5.0
FL.WTL.02,2021-08-28 01:15:00,2021-08-28 01:15:00,1,5.5,5.0
FL.WTL.02,2021-08-28 01:25:00,2021-08-28 01:30:00,2,6.3,5.0
FL.WTL.02,2021-08-28 01:40:00,2021-08-28 01:40:00,1,5.1,5.0
FL.WTL.02,2021-08-28 01:50:00,2021-08-28 01:50:00,1,6.9,5.0
FL.WTL.02,2021-08-28 02:00:00,2021-08-28 02:00:00,1,5.0,5.0
FL.WTL.02,2021-08-28 02:20:00,2021-08-28 02:20:00,1,5.2,5.0
FL.WTL.02,2021-09-01 18:00:00,2021-09-01 18:20:00,5,5.9,5.0
FL.WTL.02,2021-09-04 18:40:00,2021-09-04 19:15:00,8,6.5,5.0
FL.WTL.02,2021-09-30 14:00:00,2021-09-30 14:00:00,1,5.4,5.0
FL.WTL.02,2021-10-02 14:25:00,2021-10-02 14:45:00,5,9.5,5.0
FL.WTL.02,2021-10-02 14:55:00,2021-10-02 14:55:00,1,5.0,5.0
FL.WTL.02,2021-10-14 17:05:00,2021-10-14 17:20:00,4,6.5,5.0
FL.WTL.02,2021-10-14 20:25:00,2021-10-14 20:30:00,2,8.9,5.0
FL.WTL.02,2021-10-14 20:50:00,2021-10-14 20:55:00,2,7.5,5.0
FL.WTL.02,2021-10-17 02:45:00,2021-10-17 02:50:00,2,8.4,5.0
FL.WTL.02,2022-05-17 16:30:00,2022-05-17 17:00:00,7,7.6,5.0
FL.WTL.02,2022-05-17 19:25:00,2022-05-17 20:55:00,19,11.8,5.0
FL.WTL.02,2022-05-17 22:45:00,2022-05-18 06:30:00,94,23.7,5.0
FL.WTL.02,2022-05-18 06:40:00,2022-05-18 06:50:00,3,5.3,5.0
FL.WTL.02,2022-06-28 18:05:00,2022-06-28 20:05:00,25,14.9,5.0
FL.WTL.02,2022-07-01 19:20:00,2022-07-01 20:10:00,11,9.2,5.0
FL.WTL.02,2022-07-20 19:40:00,2022-07-21 07:40:00,145,20.7,5.0
FL.WTL.02,2022-07-21 12:40:00,2022-07-21 12:40:00,1,5.4,5.0
FL.WTL.02,2022-07-28 11:05:00,2022-07-28 11:30:00,6,7.8,5.0
FL.WTL.02,2022-08-01 22:45:00,2022-08-02 01:15:00,31,16.6,5.0
FL.WTL.02,2022-09-04 04:05:00,2022-09-04 04:55:00,11,9.7,5.0
FL.WTL.02,2022-09-07 22:05:00,2022-09-08 00:00:00,24,12.9,5.0
FL.WTL.02,2022-09-08 13:25:00,2022-09-08 14:35:00,15,14.1,5.0
FL.WTL.02,2022-09-08 16:30:00,2022-09-08 16:55:00,6,6.5,5.0
FL.WTL.02,2022-09-10 18:10:00,2022-09-10 20:20:00,27,12.6,5.0
FL.WTL.02,2022-09-13 14:50:00,2022-09-13 16:20:00,19,13.1,5.0
FL.WTL.02,2022-09-23 23:05:00,2022-09-24 00:25:00,17,9.2,5.0
FL.WTL.02,2022-09-24 01:45:00,2022-09-24 01:45:00,1,5.6,5.0
FL.WTL.02,2023-07-22 00:25:00,2023-07-22 10:20:00,120,37.5,5.0
FL.WTL.02,2023-09-21 00:45:00,2023-09-21 01:30:00,10,10.0,5.0
FL.WTL.02,2023-09-21 18:55:00,2023-09-21 21:30:00,32,17.3,5.0
FL.WTL.02,2023-09-26 20:40:00,2023-09-26 21:00:00,5,7.0,5.0
FL.WTL.02,2023-10-21 19:20:00,2023-10-21 19:50:00,7,8.2,5.0
FL.WTL.02,2023-10-29 19:10:00,2023-10-29 19:20:00,3,6.4,5.0
FL.WTL.02,2023-10-29 19:50:00,2023-10-29 20:00:00,3,7.1,5.0
FL.WTL.02,2023-11-10 17:50:00,2023-11-10 18:10:00,5,9.9,5.0
FL.WTL.02,2024-03-20 04:55:00,2024-03-20 05:40:00,10,6.4,5.0
FL.WTL.02,2024-03-20 07:35:00,2024-03-20 08:25:00,11,7.9,5.0
FL.WTL.02,2024-04-20 04:15:00,2024-04-20 04:15:00,1,6.0,5.0
FL.WTL.02,2024-05-07 10:55:00,2024-05-07 12:30:00,20,6.1,5.0
FL.WTL.02,2024-05-11 13:00:00,2024-05-11 13:20:00,5,6.6,5.0
FL.WTL.02,2024-05-12 16:15:00,2024-05-12 17:05:00,11,7.3,5.0
FL.WTL.02,2024-05-13 15:50:00,2024-05-13 20:55:00,62,7.5,5.0
FL.WTL.02,2024-05-15 14:30:00,2024-05-15 14:55:00,6,5.8,5.0
FL.WTL.02,2024-05-16 11:35:00,2024-05-16 12:05:00,7,5.7,5.0
FL.WTL.02,2024-05-16 12:20:00,2024-05-16 12:40:00,5,5.7,5.0
FL.WTL.02,2024-05-16 13:15:00,2024-05-16 13:25:00,3,5.6,5.0
FL.WTL.02,2024-05-19 20:50:00,2024-05-19 21:00:00,3,5.2,5.0
FL.WTL.02,2024-05-20 22:45:00,2024-05-20 22:45:00,1,6.8,5.0
FL.WTL.02,2024-05-20 22:55:00,2024-05-20 23:45:00,11,6.7,5.0
FL.WTL.02,2024-05-21 18:05:00,2024-05-21 19:10:00,14,9.1,5.0
FL.WTL.02,2025-05-10 17:55:00,2025-05-10 18:00:00,2,10.7,5.0
FL.WTL.02,2025-08-25 11:55:00,2025-08-25 11:55:00,1,11.9,5.0
FL.WTL.03,2021-02-19 17:35:00,2021-02-19 17:35:00,1,13.3,5.0
FL.WTL.03,2021-03-23 11:20:00,2021-03-23 11:20:00,1,7.9,5.0
FL.WTL.03,2021-04-20 14:40:00,2021-04-20 14:40:00,1,11.8,5.0
FL.WTL.03,2021-04-23 10:30:00,2021-04-23 10:45:00,4,6.8,5.0
FL.WTL.03,2021-08-31 23:10:00,2021-09-01 02:15:00,38,7.4,5.0
FL.WTL.03,2021-09-01 02:35:00,2021-09-01 02:35:00,1,5.0,5.0
FL.WTL.03,2022-04-22 12:55:00,2022-04-22 13:25:00,7,5.0,5.0
FL.WTL.03,2022-05-19 13:00:00,2022-05-19 13:10:00,3,12.0,5.0
FL.WTL.03,2022-06-28 11:30:00,2022-06-28 11:30:00,1,5.1,5.0
FL.WTL.03,2022-07-20 22:10:00,2022-07-20 22:10:00,1,6.8,5.0
FL.WTL.03,2022-07-20 22:45:00,2022-07-20 22:45:00,1,5.2,5.0
FL.WTL.03,2022-09-13 14:50:00,2022-09-13 15:45:00,12,15.3,5.0
FL.WTL.03,2023-07-22 00:30:00,2023-07-22 03:10:00,33,12.9,5.0
FL.WTL.03,2023-07-22 03:20:00,2023-07-22 03:20:00,1,5.1,5.0
FL.WTL.03,2023-07-22 03:30:00,2023-07-22 03:40:00,3,7.5,5.0
FL.WTL.03,2023-07-22 03:50:00,2023-07-22 04:35:00,10,6.1,5.0
FL.WTL.03,2023-07-22 04:45:00,2023-07-22 04:45:00,1,5.4,5.0
FL.WTL.03,2023-10-29 19:15:00,2023-10-29 19:25:00,3,6.0,5.0
FL.WTL.03,2025-05-10 18:10:00,2025-05-10 22:50:00,57,13.0,5.0
FL.WTL.03,2025-05-10 23:00:00,2025-05-11 01:20:00,29,9.0,5.0
FL.WTL.03,2025-09-05 19:00:00,2025-09-05 23:25:00,54,14.2,5.0
FL.WTL.03,2025-09-05 23:35:00,2025-09-05 23:40:00,2,6.6,5.0
FL.WTL.03,2025-09-06 16:20:00,2025-09-06 17:00:00,9,9.2,5.0
FL.WTL.03,2025-09-06 17:10:00,2025-09-06 17:15:00,2,9.7,5.0
FL.WTL.03,2025-09-06 17:25:00,2025-09-06 18:00:00,8,7.9,5.0
FL.WTL.03,2025-11-02 23:25:00,2025-11-03 00:00:00,8,8.4,5.0
FL.WTL.03,2025-11-03 00:10:00,2025-11-03 00:45:00,8,7.2,5.0
FL.WTL.03,2025-11-03 00:55:00,2025-11-03 01:05:00,3,6.2,5.0
FL.WTL.04,2019-04-19 11:45:00,2019-04-19 11:45:00,1,30.5,5.0
FL.WTL.04,2020-06-19 11:35:00,2020-06-19 11:35:00,1,10.7,5.0
FL.WTL.04,2022-07-20 21:55:00,2022-07-20 21:55:00,1,6.0,5.0
FL.WTL.04,2022-07-20 23:15:00,2022-07-20 23:15:00,1,5.9,5.0
FL.WTL.04,2022-07-20 23:30:00,2022-07-20 23:30:00,1,6.0,5.0
FL.WTL.04,2022-07-20 23:40:00,2022-07-20 23:40:00,1,5.9,5.0
FL.WTL.04,2022-07-20 23:50:00,2022-07-20 23:50:00,1,6.9,5.0
FL.WTL.04,2022-07-21 00:00:00,2022-07-21 00:00:00,1,7.4,5.0
FL.WTL.04,2022-07-21 00:15:00,2022-07-21 00:15:00,1,6.8,5.0
FL.WTL.04,2022-07-21 00:30:00,2022-07-21 00:30:00,1,6.6,5.0
FL.WTL.04,2022-09-13 14:55:00,2022-09-13 14:55:00,1,5.1,5.0
FL.WTL.04,2023-07-22 00:35:00,2023-07-22 03:45:00,39,20.3,5.0
FL.WTL.04,2025-05-10 18:00:00,2025-05-10 18:00:00,1,5.7,5.0
FL.WTL.04,2025-05-10 18:10:00,2025-05-10 23:40:00,67,17.3,5.0
FL.WTL.04,2025-05-10 23:50:00,2025-05-11 00:00:00,3,6.8,5.0
FL.WTN.01,2019-02-04 11:10:00,2019-02-04 11:25:00,4,29.5,5.0
FL.WTN.01,2020-06-18 00:40:00,2020-06-18 00:40:00,1,5.4,5.0
FL.WTN.01,2020-06-18 00:50:00,2020-06-18 00:50:00,1,5.1,5.0
FL.WTN.01,2020-07-24 06:40:00,2020-07-24 06:40:00,1,5.6,5.0
FL.WTN.01,2020-07-24 07:05:00,2020-07-24 07:30:00,6,9.3,5.0
FL.WTN.01,2020-07-24 07:40:00,2020-07-24 07:40:00,1,7.1,5.0
FL.WTN.01,2020-07-24 13:10:00,2020-07-24 13:25:00,4,10.9,5.0
FL.WTN.01,2020-07-24 13:40:00,2020-07-24 13:40:00,1,8.1,5.0
FL.WTN.01,2020-07-24 14:10:00,2020-07-24 14:15:00,2,5.6,5.0
FL.WTN.01,2020-07-24 14:25:00,2020-07-24 14:25:00,1,9.5,5.0
FL.WTN.01,2020-07-24 14:35:00,2020-07-24 14:35:00,1,5.6,5.0
FL.WTN.01,2020-07-24 14:45:00,2020-07-24 14:50:00,2,8.1,5.0
FL.WTN.01,2020-07-24 15:00:00,2020-07-24 15:00:00,1,5.1,5.0
FL.WTN.01,2020-07-24 15:15:00,2020-07-24 15:40:00,6,8.9,5.0
FL.WTN.01,2020-07-24 15:55:00,2020-07-24 15:55:00,1,5.0,5.0
FL.WTN.01,2020-07-25 20:10:00,2020-07-25 20:25:00,4,6.1,5.0
FL.WTN.01,2020-07-26 08:05:00,2020-07-26 08:15:00,3,8.8,5.0
FL.WTN.01,2020-07-26 08:55:00,2020-07-26 09:00:00,2,8.5,5.0
FL.WTN.01,2020-07-26 09:10:00,2020-07-26 09:10:00,1,8.8,5.0
FL.WTN.01,2020-07-26 09:20:00,2020-07-26 09:30:00,3,8.8,5.0
FL.WTN.01,2020-07-26 12:25:00,2020-07-26 12:25:00,1,6.4,5.0
FL.WTN.01,2020-09-01 03:55:00,2020-09-01 04:45:00,11,11.8,5.0
FL.WTN.01,2020-10-02 18:40:00,2020-10-02 20:00:00,17,14.4,5.0
FL.WTN.01,2020-10-02 20:10:00,2020-10-02 20:10:00,1,7.5,5.0
FL.WTN.01,2020-10-02 20:25:00,2020-10-02 20:25:00,1,6.1,5.0
FL.WTN.01,2020-10-02 20:50:00,2020-10-02 20:50:00,1,5.4,5.0
FL.WTN.01,2020-10-04 00:50:00,2020-10-04 00:50:00,1,5.1,5.0
FL.WTN.01,2021-03-12 11:25:00,2021-03-12 11:25:00,1,9.8,5.0
FL.WTN.01,2021-04-27 13:45:00,2021-04-27 14:20:00,8,9.2,5.0
FL.WTN.01,2021-04-27 14:35:00,2021-04-27 14:35:00,1,6.2,5.0
FL.WTN.01,2021-05-03 11:25:00,2021-05-03 11:35:00,3,6.8,5.0
FL.WTN.01,2021-07-10 23:45:00,2021-07-11 00:10:00,6,6.0,5.0
FL.WTN.01,2021-07-11 00:20:00,2021-07-11 00:20:00,1,5.3,5.0
FL.WTN.01,2021-08-05 10:05:00,2021-08-05 10:20:00,4,8.7,5.0
FL.WTN.01,2021-08-11 23:40:00,2021-08-12 00:10:00,7,8.1,5.0
FL.WTN.01,2021-08-21 07:45:00,2021-08-21 07:45:00,1,5.6,5.0
FL.WTN.01,2021-08-27 14:45:00,2021-08-27 14:45:00,1,5.7,5.0
FL.WTN.01,2021-08-27 14:55:00,2021-08-27 14:55:00,1,5.9,5.0
FL.WTN.01,2021-09-30 13:55:00,2021-09-30 14:35:00,9,9.4,5.0
FL.WTN.01,2021-09-30 14:45:00,2021-09-30 14:45:00,1,5.8,5.0
FL.WTN.01,2021-10-17 00:00:00,2021-10-17 03:30:00,43,15.1,5.0
FL.WTN.01,2022-01-07 12:45:00,2022-01-07 12:50:00,2,11.3,5.0
FL.WTN.01,2022-02-04 18:35:00,2022-02-04 19:20:00,10,9.4,5.0
FL.WTN.01,2022-05-17 23:55:00,2022-05-18 01:25:00,19,11.1,5.0
FL.WTN.01,2022-06-16 11:05:00,2022-06-16 11:05:00,1,5.0,5.0
FL.WTN.01,2022-07-20 20:50:00,2022-07-21 05:15:00,102,23.3,5.0
FL.WTN.01,2022-07-21 05:25:00,2022-07-21 05:25:00,1,6.3,5.0
FL.WTN.01,2022-07-21 05:35:00,2022-07-21 05:35:00,1,5.5,5.0
FL.WTN.01,2022-07-28 10:30:00,2022-07-28 11:15:00,10,8.6,5.0
FL.WTN.01,2022-08-01 22:25:00,2022-08-02 01:20:00,36,18.2,5.0
FL.WTN.01,2022-08-15 20:00:00,2022-08-15 22:00:00,25,10.3,5.0
FL.WTN.01,2022-08-15 22:10:00,2022-08-15 22:10:00,1,5.1,5.0
FL.WTN.01,2022-08-15 22:25:00,2022-08-15 22:25:00,1,5.2,5.0
FL.WTN.01,2022-09-06 21:25:00,2022-09-06 22:20:00,12,14.0,5.0
FL.WTN.01,2022-09-10 18:55:00,2022-09-10 20:50:00,24,18.0,5.0
FL.WTN.01,2022-09-22 03:00:00,2022-09-22 05:00:00,25,15.3,5.0
FL.WTN.01,2022-10-09 18:45:00,2022-10-09 19:45:00,13,15.3,5.0
FL.WTN.01,2022-10-09 19:55:00,2022-10-09 19:55:00,1,5.6,5.0
FL.WTN.01,2022-10-11 01:10:00,2022-10-11 03:30:00,29,18.7,5.0
FL.WTN.01,2023-06-23 12:35:00,2023-06-23 12:35:00,1,10.0,5.0
FL.WTN.01,2023-07-22 00:35:00,2023-07-22 02:20:00,22,15.0,5.0
FL.WTN.01,2023-10-03 16:50:00,2023-10-03 17:40:00,11,15.3,5.0
FL.WTN.01,2023-10-03 17:50:00,2023-10-03 17:50:00,1,6.1,5.0
FL.WTN.01,2024-07-27 15:30:00,2024-07-27 18:10:00,33,50.0,5.0
FL.WTN.01,2025-02-08 13:50:00,2025-02-08 13:55:00,2,61.5,5.0
FL.WTN.02,2021-04-27 13:45:00,2021-04-27 15:10:00,18,21.0,5.0
FL.WTN.02,2022-02-04 18:45:00,2022-02-04 18:45:00,1,7.7,5.0
FL.WTN.02,2022-02-04 18:55:00,2022-02-04 18:55:00,1,5.8,5.0
FL.WTN.02,2022-09-06 21:35:00,2022-09-06 21:35:00,1,5.3,5.0
FL.WTN.02,2022-09-10 19:05:00,2022-09-10 19:50:00,10,11.1,5.0
FL.WTN.02,2022-09-10 20:00:00,2022-09-10 20:00:00,1,6.5,5.0
FL.WTN.02,2022-10-09 19:05:00,2022-10-09 19:05:00,1,5.1,5.0
FL.WTN.02,2022-10-11 01:20:00,2022-10-11 02:05:00,10,10.3,5.0
FL.WTN.02,2022-10-11 02:20:00,2022-10-11 02:20:00,1,5.3,5.0
FL.WTN.02,2023-07-22 01:05:00,2023-07-22 01:10:00,2,5.4,5.0
FL.WTN.02,2023-10-03 16:50:00,2023-10-03 17:50:00,13,17.6,5.0
FL.WTN.02,2025-05-10 18:15:00,2025-05-10 18:15:00,1,5.2,5.0
FL.WTN.02,2025-05-10 18:25:00,2025-05-10 18:45:00,5,8.3,5.0
FL.WTN.03,2023-09-26 19:45:00,2023-09-26 19:50:00,2,5.2,5.0
FL.WTN.03,2023-10-03 16:40:00,2023-10-03 17:35:00,12,24.4,5.0
FL.WTN.03,2023-10-16 00:55:00,2023-10-16 00:55:00,1,5.2,5.0
FL.WTN.03,2023-11-07 17:10:00,2023-11-07 17:35:00,6,15.5,5.0
FL.WTN.03,2024-05-30 19:20:00,2024-05-30 19:50:00,7,12.6,5.0
FL.WTN.03,2024-08-06 22:10:00,2024-08-06 23:10:00,13,20.4,5.0
FL.WTN.03,2024-08-20 00:15:00,2024-08-20 01:00:00,10,20.0,5.0
FL.WTN.03,2024-08-27 23:30:00,2024-08-27 23:50:00,5,13.1,5.0
FL.WTN.03,2024-09-03 01:20:00,2024-09-03 02:20:00,13,15.3,5.0
FL.WTN.03,2024-10-24 16:15:00,2024-10-24 17:50:00,20,15.1,5.0
