dataset,year,station_code,rows,n_timestamps,ts_min,ts_max,duplicate_timestamps
flood,2019,FL.BKM.02,105120,105120,2019-01-01,2019-12-31 23:55:00,0
flood,2019,FL.BKN.02,105120,105120,2019-01-01,2019-12-31 23:55:00,0
flood,2019,FL.BKP.02,105120,105120,2019-01-01,2019-12-31 23:55:00,0
flood,2019,FL.BNA.03,105120,105120,2019-01-01,2019-12-31 23:55:00,0
flood,2019,FL.CTC.02,105120,105120,2019-01-01,2019-12-31 23:55:00,0
flood,2019,FL.DDG.02,105120,105120,2019-01-01,2019-12-31 23:55:00,0
flood,2019,FL.DDG.04,105120,105120,2019-01-01,2019-12-31 23:55:00,0
flood,2019,FL.DDG.05,105120,105120,2019-01-01,2019-12-31 23:55:00,0
flood,2019,FL.DST.05,105120,105120,2019-01-01,2019-12-31 23:55:00,0
flood,2019,FL.PTW.03,105120,105120,2019-01-01,2019-12-31 23:55:00,0
flood,2019,FL.PYT.07,105120,105120,2019-01-01,2019-12-31 23:55:00,0
flood,2019,FL.RTW.01,105120,105120,2019-01-01,2019-12-31 23:55:00,0
flood,2019,FL.RTW.02,105120,105120,2019-01-01,2019-12-31 23:55:00,0
flood,2019,FL.RTW.07,105120,105120,2019-01-01,2019-12-31 23:55:00,0
flood,2019,FL.SPW.01,105120,105120,2019-01-01,2019-12-31 23:55:00,0
flood,2019,FL.WTL.01,105120,105120,2019-01-01,2019-12-31 23:55:00,0
flood,2019,FL.CTC.01,105120,105120,2019-01-01,2019-12-31 23:55:00,0
flood,2019,FL.CTC.06,105120,105120,2019-01-01,2019-12-31 23:55:00,0
flood,2019,FL.DDG.06,105120,105120,2019-01-01,2019-12-31 23:55:00,0
flood,2019,FL.DST.03,105120,105120,2019-01-01,2019-12-31 23:55:00,0
flood,2019,FL.LSI.06,105120,105120,2019-01-01,2019-12-31 23:55:00,0
flood,2019,FL.RTW.08,105120,105120,2019-01-01,2019-12-31 23:55:00,0
flood,2019,FL.SPW.02,105120,105120,2019-01-01,2019-12-31 23:55:00,0
flood,2019,FL.BBN.01,105120,105120,2019-01-01,2019-12-31 23:55:00,0
flood,2019,FL.STN.04,105120,105120,2019-01-01,2019-12-31 23:55:00,0
flood,2019,FL.WTN.01,105120,105120,2019-01-01,2019-12-31 23:55:00,0
flood,2019,FL.BKA.01,105120,105120,2019-01-01,2019-12-31 23:55:00,0
flood,2019,FL.BKM.01,105120,105120,2019-01-01,2019-12-31 23:55:00,0
flood,2019,FL.BNA.01,105120,105120,2019-01-01,2019-12-31 23:55:00,0
flood,2019,FL.BNA.02,105120,105120,2019-01-01,2019-12-31 23:55:00,0
flood,2019,FL.BRK.01,105120,105120,2019-01-01,2019-12-31 23:55:00,0
flood,2019,FL.CTC.07,105120,105120,2019-01-01,2019-12-31 23:55:00,0
flood,2019,FL.DDG.07,105120,105120,2019-01-01,2019-12-31 23:55:00,0
flood,2019,FL.DST.01,105120,105120,2019-01-01,2019-12-31 23:55:00,0
flood,2019,FL.DST.02,105120,105120,2019-01-01,2019-12-31 23:55:00,0
flood,2019,FL.KTY.01,105120,105120,2019-01-01,2019-12-31 23:55:00,0
flood,2019,FL.LSI.03,105120,105120,2019-01-01,2019-12-31 23:55:00,0
flood,2019,FL.PTW.01,105120,105120,2019-01-01,2019-12-31 23:55:00,0
flood,2019,FL.PTW.02,105120,105120,2019-01-01,2019-12-31 23:55:00,0
flood,2019,FL.PTW.04,105120,105120,2019-01-01,2019-12-31 23:55:00,0
flood,2019,FL.PWT.02,105120,105120,2019-01-01,2019-12-31 23:55:00,0
flood,2019,FL.PYT.06,105120,105120,2019-01-01,2019-12-31 23:55:00,0
flood,2019,FL.RTW.09,105120,105120,2019-01-01,2019-12-31 23:55:00,0
flood,2019,FL.RTW.10,105120,105120,2019-01-01,2019-12-31 23:55:00,0
flood,2019,FL.SLG.02,105120,105120,2019-01-01,2019-12-31 23:55:00,0
flood,2019,FL.BNA.04,105120,105120,2019-01-01,2019-12-31 23:55:00,0
flood,2019,FL.DST.04,105120,105120,2019-01-01,2019-12-31 23:55:00,0
flood,2019,FL.JTG.01,105120,105120,2019-01-01,2019-12-31 23:55:00,0
flood,2019,FL.KTY.02,105120,105120,2019-01-01,2019-12-31 23:55:00,0
flood,2019,FL.KTY.03,105120,105120,2019-01-01,2019-12-31 23:55:00,0
flood,2019,FL.LSI.01,105120,105120,2019-01-01,2019-12-31 23:55:00,0
flood,2019,FL.LSI.04,105120,105120,2019-01-01,2019-12-31 23:55:00,0
flood,2019,FL.PWT.01,105120,105120,2019-01-01,2019-12-31 23:55:00,0
flood,2019,FL.PYT.05,105120,105120,2019-01-01,2019-12-31 23:55:00,0
flood,2019,FL.RTW.06,105120,105120,2019-01-01,2019-12-31 23:55:00,0
flood,2019,FL.WTL.03,105120,105120,2019-01-01,2019-12-31 23:55:00,0
flood,2019,FL.DST.06,105120,105120,2019-01-01,2019-12-31 23:55:00,0
flood,2019,FL.PYT.03,105120,105120,2019-01-01,2019-12-31 23:55:00,0
flood,2019,FL.STN.01,105120,105120,2019-01-01,2019-12-31 23:55:00,0
flood,2019,FL.BKE.02,105120,105120,2019-01-01,2019-12-31 23:55:00,0
flood,2019,FL.BRK.02,105120,105120,2019-01-01,2019-12-31 23:55:00,0
flood,2019,FL.DDG.01,105120,105120,2019-01-01,2019-12-31 23:55:00,0
flood,2019,FL.HKG.01,105120,105120,2019-01-01,2019-12-31 23:55:00,0
flood,2019,FL.KSN.01,105120,105120,2019-01-01,2019-12-31 23:55:00,0
flood,2019,FL.KTY.04,105120,105120,2019-01-01,2019-12-31 23:55:00,0
flood,2019,FL.KTY.05,105120,105120,2019-01-01,2019-12-31 23:55:00,0
flood,2019,FL.LSI.02,105120,105120,2019-01-01,2019-12-31 23:55:00,0
flood,2019,FL.LSI.05,105120,105120,2019-01-01,2019-12-31 23:55:00,0
flood,2019,FL.PPS.02,105120,105120,2019-01-01,2019-12-31 23:55:00,0
flood,2019,FL.PYT.02,105120,105120,2019-01-01,2019-12-31 23:55:00,0
flood,2019,FL.SLG.03,105120,105120,2019-01-01,2019-12-31 23:55:00,0
flood,2019,FL.SMI.01,105120,105120,2019-01-01,2019-12-31 23:55:00,0
flood,2019,FL.STN.02,105120,105120,2019-01-01,2019-12-31 23:55:00,0
flood,2019,FL.WTL.04,105120,105120,2019-01-01,2019-12-31 23:55:00,0
flood,2019,FL.PYT.01,105120,105120,2019-01-01,2019-12-31 23:55:00,0
flood,2019,FL.PYT.04,105120,105120,2019-01-01,2019-12-31 23:55:00,0
flood,2019,FL.DDG.03,105120,105120,2019-01-01,2019-12-31 23:55:00,0
flood,2019,FL.BKN.01,105120,105120,2019-01-01,2019-12-31 23:55:00,0
flood,2019,FL.CTC.03,105120,105120,2019-01-01,2019-12-31 23:55:00,0
flood,2019,FL.CTC.04,105120,105120,2019-01-01,2019-12-31 23:55:00,0
flood,2019,FL.CTC.05,105120,105120,2019-01-01,2019-12-31 23:55:00,0
flood,2019,FL.DDG.08,105120,105120,2019-01-01,2019-12-31 23:55:00,0
flood,2019,FL.PNK.02,105120,105120,2019-01-01,2019-12-31 23:55:00,0
flood,2019,FL.PTW.05,105120,105120,2019-01-01,2019-12-31 23:55:00,0
flood,2019,FL.RTW.04,105120,105120,2019-01-01,2019-12-31 23:55:00,0
flood,2019,FL.RTW.05,105120,105120,2019-01-01,2019-12-31 23:55:00,0
flood,2019,FL.STN.03,105120,105120,2019-01-01,2019-12-31 23:55:00,0
flood,2019,FL.WTN.02,105120,105120,2019-01-01,2019-12-31 23:55:00,0
flood,2019,FL.BBN.02,105120,105120,2019-01-01,2019-12-31 23:55:00,0
flood,2019,FL.BKL.01,105120,105120,2019-01-01,2019-12-31 23:55:00,0
flood,2019,FL.BKP.01,105120,105120,2019-01-01,2019-12-31 23:55:00,0
flood,2019,FL.BSU.01,105120,105120,2019-01-01,2019-12-31 23:55:00,0
flood,2019,FL.DST.07,105120,105120,2019-01-01,2019-12-31 23:55:00,0
flood,2019,FL.PKN.01,105120,105120,2019-01-01,2019-12-31 23:55:00,0
flood,2019,FL.PPS.01,105120,105120,2019-01-01,2019-12-31 23:55:00,0
flood,2019,FL.RTW.03,105120,105120,2019-01-01,2019-12-31 23:55:00,0
flood,2019,FL.BKE.01,105120,105120,2019-01-01,2019-12-31 23:55:00,0
flood,2019,FL.SLG.01,105120,105120,2019-01-01,2019-12-31 23:55:00,0
flood,2019,FL.WTL.02,105120,105120,2019-01-01,2019-12-31 23:55:00,0
flood,2020,FL.BKM.01,105408,105408,2020-01-01,2020-12-31 23:55:00,0
flood,2020,FL.BNA.01,105408,105408,2020-01-01,2020-12-31 23:55:00,0
flood,2020,FL.BNA.04,105408,105408,2020-01-01,2020-12-31 23:55:00,0
flood,2020,FL.CTC.07,105408,105408,2020-01-01,2020-12-31 23:55:00,0
flood,2020,FL.DST.01,105408,105408,2020-01-01,2020-12-31 23:55:00,0
flood,2020,FL.DST.02,105408,105408,2020-01-01,2020-12-31 23:55:00,0
flood,2020,FL.KTY.01,105408,105408,2020-01-01,2020-12-31 23:55:00,0
flood,2020,FL.KTY.02,105408,105408,2020-01-01,2020-12-31 23:55:00,0
flood,2020,FL.LSI.03,105408,105408,2020-01-01,2020-12-31 23:55:00,0
flood,2020,FL.PTW.02,105408,105408,2020-01-01,2020-12-31 23:55:00,0
flood,2020,FL.PWT.02,105408,105408,2020-01-01,2020-12-31 23:55:00,0
flood,2020,FL.PYT.06,105408,105408,2020-01-01,2020-12-31 23:55:00,0
flood,2020,FL.RTW.09,105408,105408,2020-01-01,2020-12-31 23:55:00,0
flood,2020,FL.RTW.10,105408,105408,2020-01-01,2020-12-31 23:55:00,0
flood,2020,FL.SLG.02,105408,105408,2020-01-01,2020-12-31 23:55:00,0
flood,2020,FL.STN.01,105408,105408,2020-01-01,2020-12-31 23:55:00,0
flood,2020,FL.WTL.03,105408,105408,2020-01-01,2020-12-31 23:55:00,0
flood,2020,FL.BKA.01,105408,105408,2020-01-01,2020-12-31 23:55:00,0
flood,2020,FL.BNA.02,105408,105408,2020-01-01,2020-12-31 23:55:00,0
flood,2020,FL.BRK.01,105408,105408,2020-01-01,2020-12-31 23:55:00,0
flood,2020,FL.DDG.07,105408,105408,2020-01-01,2020-12-31 23:55:00,0
flood,2020,FL.DST.06,105408,105408,2020-01-01,2020-12-31 23:55:00,0
flood,2020,FL.JTG.01,105408,105408,2020-01-01,2020-12-31 23:55:00,0
flood,2020,FL.PTW.01,105408,105408,2020-01-01,2020-12-31 23:55:00,0
flood,2020,FL.PTW.04,105408,105408,2020-01-01,2020-12-31 23:55:00,0
flood,2020,FL.RTW.06,105408,105408,2020-01-01,2020-12-31 23:55:00,0
flood,2020,FL.DST.04,105408,105408,2020-01-01,2020-12-31 23:55:00,0
flood,2020,FL.KTY.03,105408,105408,2020-01-01,2020-12-31 23:55:00,0
flood,2020,FL.LSI.01,105408,105408,2020-01-01,2020-12-31 23:55:00,0
flood,2020,FL.LSI.04,105408,105408,2020-01-01,2020-12-31 23:55:00,0
flood,2020,FL.PWT.01,105408,105408,2020-01-01,2020-12-31 23:55:00,0
flood,2020,FL.PYT.03,105408,105408,2020-01-01,2020-12-31 23:55:00,0
flood,2020,FL.PYT.05,105408,105408,2020-01-01,2020-12-31 23:55:00,0
flood,2020,FL.BKE.02,105408,105408,2020-01-01,2020-12-31 23:55:00,0
flood,2020,FL.BRK.02,105408,105408,2020-01-01,2020-12-31 23:55:00,0
flood,2020,FL.DDG.03,105408,105408,2020-01-01,2020-12-31 23:55:00,0
flood,2020,FL.KSN.01,105408,105408,2020-01-01,2020-12-31 23:55:00,0
flood,2020,FL.KTY.04,105408,105408,2020-01-01,2020-12-31 23:55:00,0
flood,2020,FL.KTY.05,105408,105408,2020-01-01,2020-12-31 23:55:00,0
flood,2020,FL.LSI.05,105408,105408,2020-01-01,2020-12-31 23:55:00,0
flood,2020,FL.PYT.01,105408,105408,2020-01-01,2020-12-31 23:55:00,0
flood,2020,FL.PYT.02,105408,105408,2020-01-01,2020-12-31 23:55:00,0
flood,2020,FL.SMI.01,105408,105408,2020-01-01,2020-12-31 23:55:00,0
flood,2020,FL.STN.02,105408,105408,2020-01-01,2020-12-31 23:55:00,0
flood,2020,FL.WTL.04,105408,105408,2020-01-01,2020-12-31 23:55:00,0
flood,2020,FL.DDG.01,105408,105408,2020-01-01,2020-12-31 23:55:00,0
flood,2020,FL.HKG.01,105408,105408,2020-01-01,2020-12-31 23:55:00,0
flood,2020,FL.LSI.02,105408,105408,2020-01-01,2020-12-31 23:55:00,0
flood,2020,FL.PPS.02,105408,105408,2020-01-01,2020-12-31 23:55:00,0
flood,2020,FL.PYT.04,105408,105408,2020-01-01,2020-12-31 23:55:00,0
flood,2020,FL.SLG.03,105408,105408,2020-01-01,2020-12-31 23:55:00,0
flood,2020,FL.BBN.02,105408,105408,2020-01-01,2020-12-31 23:55:00,0
flood,2020,FL.BKP.01,105408,105408,2020-01-01,2020-12-31 23:55:00,0
flood,2020,FL.BSU.01,105408,105408,2020-01-01,2020-12-31 23:55:00,0
flood,2020,FL.CTC.03,105408,105408,2020-01-01,2020-12-31 23:55:00,0
flood,2020,FL.CTC.04,105408,105408,2020-01-01,2020-12-31 23:55:00,0
flood,2020,FL.DDG.08,105408,105408,2020-01-01,2020-12-31 23:55:00,0
flood,2020,FL.DST.07,105408,105408,2020-01-01,2020-12-31 23:55:00,0
flood,2020,FL.PNK.02,105408,105408,2020-01-01,2020-12-31 23:55:00,0
flood,2020,FL.PPS.01,105408,105408,2020-01-01,2020-12-31 23:55:00,0
flood,2020,FL.PTW.05,105408,105408,2020-01-01,2020-12-31 23:55:00,0
flood,2020,FL.RTW.04,105408,105408,2020-01-01,2020-12-31 23:55:00,0
flood,2020,FL.RTW.05,105408,105408,2020-01-01,2020-12-31 23:55:00,0
flood,2020,FL.SLG.01,105408,105408,2020-01-01,2020-12-31 23:55:00,0
flood,2020,FL.WTN.02,105408,105408,2020-01-01,2020-12-31 23:55:00,0
flood,2020,FL.BKE.01,105408,105408,2020-01-01,2020-12-31 23:55:00,0
flood,2020,FL.BKL.01,105408,105408,2020-01-01,2020-12-31 23:55:00,0
flood,2020,FL.CTC.05,105408,105408,2020-01-01,2020-12-31 23:55:00,0
flood,2020,FL.PKN.01,105408,105408,2020-01-01,2020-12-31 23:55:00,0
flood,2020,FL.RTW.03,105408,105408,2020-01-01,2020-12-31 23:55:00,0
flood,2020,FL.STN.03,105408,105408,2020-01-01,2020-12-31 23:55:00,0
flood,2020,FL.WTL.02,105408,105408,2020-01-01,2020-12-31 23:55:00,0
flood,2020,FL.BKN.01,105408,105408,2020-01-01,2020-12-31 23:55:00,0
flood,2020,FL.BBN.01,105408,105408,2020-01-01,2020-12-31 23:55:00,0
flood,2020,FL.BKM.02,105408,105408,2020-01-01,2020-12-31 23:55:00,0
flood,2020,FL.BKN.02,105408,105408,2020-01-01,2020-12-31 23:55:00,0
flood,2020,FL.BNA.03,105408,105408,2020-01-01,2020-12-31 23:55:00,0
flood,2020,FL.CTC.01,105408,105408,2020-01-01,2020-12-31 23:55:00,0
flood,2020,FL.CTC.06,105408,105408,2020-01-01,2020-12-31 23:55:00,0
flood,2020,FL.DDG.04,105408,105408,2020-01-01,2020-12-31 23:55:00,0
flood,2020,FL.DDG.06,105408,105408,2020-01-01,2020-12-31 23:55:00,0
flood,2020,FL.DST.05,105408,105408,2020-01-01,2020-12-31 23:55:00,0
flood,2020,FL.LSI.06,105408,105408,2020-01-01,2020-12-31 23:55:00,0
flood,2020,FL.PTW.03,105408,105408,2020-01-01,2020-12-31 23:55:00,0
flood,2020,FL.PYT.07,105408,105408,2020-01-01,2020-12-31 23:55:00,0
flood,2020,FL.RTW.01,105408,105408,2020-01-01,2020-12-31 23:55:00,0
flood,2020,FL.RTW.02,105408,105408,2020-01-01,2020-12-31 23:55:00,0
flood,2020,FL.RTW.07,105408,105408,2020-01-01,2020-12-31 23:55:00,0
flood,2020,FL.SPW.01,105408,105408,2020-01-01,2020-12-31 23:55:00,0
flood,2020,FL.WTL.01,105408,105408,2020-01-01,2020-12-31 23:55:00,0
flood,2020,FL.BKP.02,105408,105408,2020-01-01,2020-12-31 23:55:00,0
flood,2020,FL.DST.03,105408,105408,2020-01-01,2020-12-31 23:55:00,0
flood,2020,FL.RTW.08,105408,105408,2020-01-01,2020-12-31 23:55:00,0
flood,2020,FL.SPW.02,105408,105408,2020-01-01,2020-12-31 23:55:00,0
flood,2020,FL.STN.04,105408,105408,2020-01-01,2020-12-31 23:55:00,0
flood,2020,FL.WTN.01,105408,105408,2020-01-01,2020-12-31 23:55:00,0
flood,2020,FL.CTC.02,105408,105408,2020-01-01,2020-12-31 23:55:00,0
flood,2020,FL.DDG.02,105408,105408,2020-01-01,2020-12-31 23:55:00,0
flood,2020,FL.DDG.05,105408,105408,2020-01-01,2020-12-31 23:55:00,0
flood,2021,FL.BKE.02,105120,105120,2021-01-01,2021-12-31 23:55:00,0
flood,2021,FL.DDG.03,105120,105120,2021-01-01,2021-12-31 23:55:00,0
flood,2021,FL.DST.08,41184,41184,2021-08-11,2021-12-31 23:55:00,0
flood,2021,FL.HKG.01,105120,105120,2021-01-01,2021-12-31 23:55:00,0
flood,2021,FL.KTY.05,105120,105120,2021-01-01,2021-12-31 23:55:00,0
flood,2021,FL.MBR.01,40320,40320,2021-08-14,2021-12-31 23:55:00,0
flood,2021,FL.PPS.02,105120,105120,2021-01-01,2021-12-31 23:55:00,0
flood,2021,FL.PYT.01,105120,105120,2021-01-01,2021-12-31 23:55:00,0
flood,2021,FL.PYT.04,105120,105120,2021-01-01,2021-12-31 23:55:00,0
flood,2021,FL.SLG.03,105120,105120,2021-01-01,2021-12-31 23:55:00,0
flood,2021,FL.STN.02,105120,105120,2021-01-01,2021-12-31 23:55:00,0
flood,2021,FL.WTL.04,105120,105120,2021-01-01,2021-12-31 23:55:00,0
flood,2021,FL.BRK.02,105120,105120,2021-01-01,2021-12-31 23:55:00,0
flood,2021,FL.DDG.01,105120,105120,2021-01-01,2021-12-31 23:55:00,0
flood,2021,FL.KTY.04,105120,105120,2021-01-01,2021-12-31 23:55:00,0
flood,2021,FL.LSI.02,105120,105120,2021-01-01,2021-12-31 23:55:00,0
flood,2021,FL.LSI.05,105120,105120,2021-01-01,2021-12-31 23:55:00,0
flood,2021,FL.SMI.01,105120,105120,2021-01-01,2021-12-31 23:55:00,0
flood,2021,FL.KSN.01,105120,105120,2021-01-01,2021-12-31 23:55:00,0
flood,2021,FL.PYT.02,105120,105120,2021-01-01,2021-12-31 23:55:00,0
flood,2021,FL.BKA.01,105120,105120,2021-01-01,2021-12-31 23:55:00,0
flood,2021,FL.BKM.01,105120,105120,2021-01-01,2021-12-31 23:55:00,0
flood,2021,FL.BNA.01,105120,105120,2021-01-01,2021-12-31 23:55:00,0
flood,2021,FL.BNA.02,105120,105120,2021-01-01,2021-12-31 23:55:00,0
flood,2021,FL.BNA.04,105120,105120,2021-01-01,2021-12-31 23:55:00,0
flood,2021,FL.BRK.01,105120,105120,2021-01-01,2021-12-31 23:55:00,0
flood,2021,FL.CTC.07,105120,105120,2021-01-01,2021-12-31 23:55:00,0
flood,2021,FL.DST.02,105120,105120,2021-01-01,2021-12-31 23:55:00,0
flood,2021,FL.JTG.01,105120,105120,2021-01-01,2021-12-31 23:55:00,0
flood,2021,FL.KTY.01,105120,105120,2021-01-01,2021-12-31 23:55:00,0
flood,2021,FL.LSI.01,105120,105120,2021-01-01,2021-12-31 23:55:00,0
flood,2021,FL.LSI.03,105120,105120,2021-01-01,2021-12-31 23:55:00,0
flood,2021,FL.LSI.04,105120,105120,2021-01-01,2021-12-31 23:55:00,0
flood,2021,FL.PTW.02,105120,105120,2021-01-01,2021-12-31 23:55:00,0
flood,2021,FL.PTW.04,105120,105120,2021-01-01,2021-12-31 23:55:00,0
flood,2021,FL.PYT.06,105120,105120,2021-01-01,2021-12-31 23:55:00,0
flood,2021,FL.RTW.10,105120,105120,2021-01-01,2021-12-31 23:55:00,0
flood,2021,FL.SLG.02,105120,105120,2021-01-01,2021-12-31 23:55:00,0
flood,2021,FL.BKT.01,105120,105120,2021-01-01,2021-12-31 23:55:00,0
flood,2021,FL.DST.01,105120,105120,2021-01-01,2021-12-31 23:55:00,0
flood,2021,FL.DST.04,105120,105120,2021-01-01,2021-12-31 23:55:00,0
flood,2021,FL.KTY.02,105120,105120,2021-01-01,2021-12-31 23:55:00,0
flood,2021,FL.PTW.01,105120,105120,2021-01-01,2021-12-31 23:55:00,0
flood,2021,FL.PWT.02,105120,105120,2021-01-01,2021-12-31 23:55:00,0
flood,2021,FL.PYT.03,105120,105120,2021-01-01,2021-12-31 23:55:00,0
flood,2021,FL.RTW.06,105120,105120,2021-01-01,2021-12-31 23:55:00,0
flood,2021,FL.RTW.09,105120,105120,2021-01-01,2021-12-31 23:55:00,0
flood,2021,FL.STN.01,105120,105120,2021-01-01,2021-12-31 23:55:00,0
flood,2021,FL.WTL.03,105120,105120,2021-01-01,2021-12-31 23:55:00,0
flood,2021,FL.DDG.07,105120,105120,2021-01-01,2021-12-31 23:55:00,0
flood,2021,FL.DST.06,105120,105120,2021-01-01,2021-12-31 23:55:00,0
flood,2021,FL.KTY.03,105120,105120,2021-01-01,2021-12-31 23:55:00,0
flood,2021,FL.PWT.01,105120,105120,2021-01-01,2021-12-31 23:55:00,0
flood,2021,FL.PYT.05,105120,105120,2021-01-01,2021-12-31 23:55:00,0
flood,2021,FL.BKP.02,105120,105120,2021-01-01,2021-12-31 23:55:00,0
flood,2021,FL.CTC.01,105120,105120,2021-01-01,2021-12-31 23:55:00,0
flood,2021,FL.CTC.02,105120,105120,2021-01-01,2021-12-31 23:55:00,0
flood,2021,FL.CTC.06,105120,105120,2021-01-01,2021-12-31 23:55:00,0
flood,2021,FL.DDG.02,105120,105120,2021-01-01,2021-12-31 23:55:00,0
flood,2021,FL.DDG.05,105120,105120,2021-01-01,2021-12-31 23:55:00,0
flood,2021,FL.DDG.06,105120,105120,2021-01-01,2021-12-31 23:55:00,0
flood,2021,FL.DST.03,105120,105120,2021-01-01,2021-12-31 23:55:00,0
flood,2021,FL.DST.05,105120,105120,2021-01-01,2021-12-31 23:55:00,0
flood,2021,FL.LSI.06,105120,105120,2021-01-01,2021-12-31 23:55:00,0
flood,2021,FL.PTW.03,105120,105120,2021-01-01,2021-12-31 23:55:00,0
flood,2021,FL.PYT.07,105120,105120,2021-01-01,2021-12-31 23:55:00,0
flood,2021,FL.RTW.02,105120,105120,2021-01-01,2021-12-31 23:55:00,0
flood,2021,FL.RTW.07,105120,105120,2021-01-01,2021-12-31 23:55:00,0
flood,2021,FL.RTW.08,105120,105120,2021-01-01,2021-12-31 23:55:00,0
flood,2021,FL.SPW.01,105120,105120,2021-01-01,2021-12-31 23:55:00,0
flood,2021,FL.SPW.02,105120,105120,2021-01-01,2021-12-31 23:55:00,0
flood,2021,FL.WTL.01,105120,105120,2021-01-01,2021-12-31 23:55:00,0
flood,2021,FL.WTN.01,105120,105120,2021-01-01,2021-12-31 23:55:00,0
flood,2021,FL.BBN.01,105120,105120,2021-01-01,2021-12-31 23:55:00,0
flood,2021,FL.BKN.02,105120,105120,2021-01-01,2021-12-31 23:55:00,0
flood,2021,FL.BNA.03,105120,105120,2021-01-01,2021-12-31 23:55:00,0
flood,2021,FL.DDG.04,105120,105120,2021-01-01,2021-12-31 23:55:00,0
flood,2021,FL.RTW.01,105120,105120,2021-01-01,2021-12-31 23:55:00,0
flood,2021,FL.STN.04,105120,105120,2021-01-01,2021-12-31 23:55:00,0
flood,2021,FL.BKM.02,105120,105120,2021-01-01,2021-12-31 23:55:00,0
flood,2021,FL.BBN.02,105120,105120,2021-01-01,2021-12-31 23:55:00,0
flood,2021,FL.BKN.01,105120,105120,2021-01-01,2021-12-31 23:55:00,0
flood,2021,FL.CTC.04,105120,105120,2021-01-01,2021-12-31 23:55:00,0
flood,2021,FL.DDG.08,105120,105120,2021-01-01,2021-12-31 23:55:00,0
flood,2021,FL.DST.07,105120,105120,2021-01-01,2021-12-31 23:55:00,0
flood,2021,FL.PNK.02,105120,105120,2021-01-01,2021-12-31 23:55:00,0
flood,2021,FL.PPS.01,105120,105120,2021-01-01,2021-12-31 23:55:00,0
flood,2021,FL.RTW.03,105120,105120,2021-01-01,2021-12-31 23:55:00,0
flood,2021,FL.RTW.05,105120,105120,2021-01-01,2021-12-31 23:55:00,0
flood,2021,FL.STN.03,105120,105120,2021-01-01,2021-12-31 23:55:00,0
flood,2021,FL.WTL.02,105120,105120,2021-01-01,2021-12-31 23:55:00,0
flood,2021,FL.BKE.01,105120,105120,2021-01-01,2021-12-31 23:55:00,0
flood,2021,FL.BKL.01,105120,105120,2021-01-01,2021-12-31 23:55:00,0
flood,2021,FL.BSU.01,105120,105120,2021-01-01,2021-12-31 23:55:00,0
flood,2021,FL.CTC.03,105120,105120,2021-01-01,2021-12-31 23:55:00,0
flood,2021,FL.CTC.05,105120,105120,2021-01-01,2021-12-31 23:55:00,0
flood,2021,FL.PKN.01,105120,105120,2021-01-01,2021-12-31 23:55:00,0
flood,2021,FL.PTW.05,105120,105120,2021-01-01,2021-12-31 23:55:00,0
flood,2021,FL.RTW.04,105120,105120,2021-01-01,2021-12-31 23:55:00,0
flood,2021,FL.SLG.01,105120,105120,2021-01-01,2021-12-31 23:55:00,0
flood,2021,FL.WTN.02,105120,105120,2021-01-01,2021-12-31 23:55:00,0
flood,2021,FL.BKP.01,105120,105120,2021-01-01,2021-12-31 23:55:00,0
flood,2022,FL.BKE.02,105120,105120,2022-01-01,2022-12-31 23:55:00,0
flood,2022,FL.BRK.02,105120,105120,2022-01-01,2022-12-31 23:55:00,0
flood,2022,FL.DST.08,105120,105120,2022-01-01,2022-12-31 23:55:00,0
flood,2022,FL.HKG.01,105120,105120,2022-01-01,2022-12-31 23:55:00,0
flood,2022,FL.KSN.01,105120,105120,2022-01-01,2022-12-31 23:55:00,0
flood,2022,FL.KTY.04,105120,105120,2022-01-01,2022-12-31 23:55:00,0
flood,2022,FL.LSI.02,105120,105120,2022-01-01,2022-12-31 23:55:00,0
flood,2022,FL.LSI.05,105120,105120,2022-01-01,2022-12-31 23:55:00,0
flood,2022,FL.MBR.01,105120,105120,2022-01-01,2022-12-31 23:55:00,0
flood,2022,FL.PPS.02,105120,105120,2022-01-01,2022-12-31 23:55:00,0
flood,2022,FL.PYT.01,105120,105120,2022-01-01,2022-12-31 23:55:00,0
flood,2022,FL.PYT.02,105120,105120,2022-01-01,2022-12-31 23:55:00,0
flood,2022,FL.PYT.04,105120,105120,2022-01-01,2022-12-31 23:55:00,0
flood,2022,FL.WTL.04,105120,105120,2022-01-01,2022-12-31 23:55:00,0
flood,2022,FL.DDG.01,105120,105120,2022-01-01,2022-12-31 23:55:00,0
flood,2022,FL.DDG.03,105120,105120,2022-01-01,2022-12-31 23:55:00,0
flood,2022,FL.KTY.05,105120,105120,2022-01-01,2022-12-31 23:55:00,0
flood,2022,FL.SLG.03,105120,105120,2022-01-01,2022-12-31 23:55:00,0
flood,2022,FL.STN.02,105120,105120,2022-01-01,2022-12-31 23:55:00,0
flood,2022,FL.SMI.01,105120,105120,2022-01-01,2022-12-31 23:55:00,0
flood,2022,FL.BKM.01,105120,105120,2022-01-01,2022-12-31 23:55:00,0
flood,2022,FL.BKT.01,105120,105120,2022-01-01,2022-12-31 23:55:00,0
flood,2022,FL.BNA.01,105120,105120,2022-01-01,2022-12-31 23:55:00,0
flood,2022,FL.BRK.01,105120,105120,2022-01-01,2022-12-31 23:55:00,0
flood,2022,FL.DST.01,105120,105120,2022-01-01,2022-12-31 23:55:00,0
flood,2022,FL.DST.02,105120,105120,2022-01-01,2022-12-31 23:55:00,0
flood,2022,FL.DST.04,105120,105120,2022-01-01,2022-12-31 23:55:00,0
flood,2022,FL.JTG.01,105120,105120,2022-01-01,2022-12-31 23:55:00,0
flood,2022,FL.KTY.03,105120,105120,2022-01-01,2022-12-31 23:55:00,0
flood,2022,FL.LSI.01,105120,105120,2022-01-01,2022-12-31 23:55:00,0
flood,2022,FL.LSI.04,105120,105120,2022-01-01,2022-12-31 23:55:00,0
flood,2022,FL.PTW.01,105120,105120,2022-01-01,2022-12-31 23:55:00,0
flood,2022,FL.PTW.04,105120,105120,2022-01-01,2022-12-31 23:55:00,0
flood,2022,FL.PWT.01,105120,105120,2022-01-01,2022-12-31 23:55:00,0
flood,2022,FL.PYT.05,105120,105120,2022-01-01,2022-12-31 23:55:00,0
flood,2022,FL.PYT.06,105120,105120,2022-01-01,2022-12-31 23:55:00,0
flood,2022,FL.RTW.09,105120,105120,2022-01-01,2022-12-31 23:55:00,0
flood,2022,FL.RTW.10,105120,105120,2022-01-01,2022-12-31 23:55:00,0
flood,2022,FL.SLG.02,105120,105120,2022-01-01,2022-12-31 23:55:00,0
flood,2022,FL.WTL.03,105120,105120,2022-01-01,2022-12-31 23:55:00,0
flood,2022,FL.BKA.01,105120,105120,2022-01-01,2022-12-31 23:55:00,0
flood,2022,FL.BNA.02,105120,105120,2022-01-01,2022-12-31 23:55:00,0
flood,2022,FL.BNA.04,105120,105120,2022-01-01,2022-12-31 23:55:00,0
flood,2022,FL.DDG.07,105120,105120,2022-01-01,2022-12-31 23:55:00,0
flood,2022,FL.DST.06,105120,105120,2022-01-01,2022-12-31 23:55:00,0
flood,2022,FL.KTY.01,105120,105120,2022-01-01,2022-12-31 23:55:00,0
flood,2022,FL.KTY.02,105120,105120,2022-01-01,2022-12-31 23:55:00,0
flood,2022,FL.PWT.02,105120,105120,2022-01-01,2022-12-31 23:55:00,0
flood,2022,FL.PYT.03,105120,105120,2022-01-01,2022-12-31 23:55:00,0
flood,2022,FL.CTC.07,105120,105120,2022-01-01,2022-12-31 23:55:00,0
flood,2022,FL.LSI.03,105120,105120,2022-01-01,2022-12-31 23:55:00,0
flood,2022,FL.PTW.02,105120,105120,2022-01-01,2022-12-31 23:55:00,0
flood,2022,FL.RTW.06,105120,105120,2022-01-01,2022-12-31 23:55:00,0
flood,2022,FL.STN.01,105120,105120,2022-01-01,2022-12-31 23:55:00,0
flood,2022,FL.BBN.02,105120,105120,2022-01-01,2022-12-31 23:55:00,0
flood,2022,FL.BKP.01,105120,105120,2022-01-01,2022-12-31 23:55:00,0
flood,2022,FL.CTC.03,105120,105120,2022-01-01,2022-12-31 23:55:00,0
flood,2022,FL.DST.07,105120,105120,2022-01-01,2022-12-31 23:55:00,0
flood,2022,FL.PKN.01,105120,105120,2022-01-01,2022-12-31 23:55:00,0
flood,2022,FL.PNK.02,105120,105120,2022-01-01,2022-12-31 23:55:00,0
flood,2022,FL.PTW.05,105120,105120,2022-01-01,2022-12-31 23:55:00,0
flood,2022,FL.RTW.04,105120,105120,2022-01-01,2022-12-31 23:55:00,0
flood,2022,FL.RTW.05,105120,105120,2022-01-01,2022-12-31 23:55:00,0
flood,2022,FL.SLG.01,105120,105120,2022-01-01,2022-12-31 23:55:00,0
flood,2022,FL.STN.03,105120,105120,2022-01-01,2022-12-31 23:55:00,0
flood,2022,FL.BKE.01,105120,105120,2022-01-01,2022-12-31 23:55:00,0
flood,2022,FL.BKL.01,105120,105120,2022-01-01,2022-12-31 23:55:00,0
flood,2022,FL.BKN.01,105120,105120,2022-01-01,2022-12-31 23:55:00,0
flood,2022,FL.BSU.01,105120,105120,2022-01-01,2022-12-31 23:55:00,0
flood,2022,FL.CTC.05,105120,105120,2022-01-01,2022-12-31 23:55:00,0
flood,2022,FL.DDG.08,105120,105120,2022-01-01,2022-12-31 23:55:00,0
flood,2022,FL.WTL.02,105120,105120,2022-01-01,2022-12-31 23:55:00,0
flood,2022,FL.CTC.04,105120,105120,2022-01-01,2022-12-31 23:55:00,0
flood,2022,FL.PPS.01,105120,105120,2022-01-01,2022-12-31 23:55:00,0
flood,2022,FL.RTW.03,105120,105120,2022-01-01,2022-12-31 23:55:00,0
flood,2022,FL.WTN.02,105120,105120,2022-01-01,2022-12-31 23:55:00,0
flood,2022,FL.BBN.01,105120,105120,2022-01-01,2022-12-31 23:55:00,0
flood,2022,FL.BKM.02,105120,105120,2022-01-01,2022-12-31 23:55:00,0
flood,2022,FL.BKN.02,105120,105120,2022-01-01,2022-12-31 23:55:00,0
flood,2022,FL.CTC.01,105120,105120,2022-01-01,2022-12-31 23:55:00,0
flood,2022,FL.CTC.02,105120,105120,2022-01-01,2022-12-31 23:55:00,0
flood,2022,FL.CTC.06,105120,105120,2022-01-01,2022-12-31 23:55:00,0
flood,2022,FL.DDG.02,105120,105120,2022-01-01,2022-12-31 23:55:00,0
flood,2022,FL.DDG.04,105120,105120,2022-01-01,2022-12-31 23:55:00,0
flood,2022,FL.DDG.05,105120,105120,2022-01-01,2022-12-31 23:55:00,0
flood,2022,FL.DDG.06,105120,105120,2022-01-01,2022-12-31 23:55:00,0
flood,2022,FL.DST.05,105120,105120,2022-01-01,2022-12-31 23:55:00,0
flood,2022,FL.PTW.03,105120,105120,2022-01-01,2022-12-31 23:55:00,0
flood,2022,FL.PYT.07,105120,105120,2022-01-01,2022-12-31 23:55:00,0
flood,2022,FL.RTW.02,105120,105120,2022-01-01,2022-12-31 23:55:00,0
flood,2022,FL.RTW.07,105120,105120,2022-01-01,2022-12-31 23:55:00,0
flood,2022,FL.RTW.08,105120,105120,2022-01-01,2022-12-31 23:55:00,0
flood,2022,FL.SPW.02,105120,105120,2022-01-01,2022-12-31 23:55:00,0
flood,2022,FL.STN.04,105120,105120,2022-01-01,2022-12-31 23:55:00,0
flood,2022,FL.WTL.01,105120,105120,2022-01-01,2022-12-31 23:55:00,0
flood,2022,FL.BKP.02,105120,105120,2022-01-01,2022-12-31 23:55:00,0
flood,2022,FL.BNA.03,105120,105120,2022-01-01,2022-12-31 23:55:00,0
flood,2022,FL.DST.03,105120,105120,2022-01-01,2022-12-31 23:55:00,0
flood,2022,FL.LSI.06,105120,105120,2022-01-01,2022-12-31 23:55:00,0
flood,2022,FL.RTW.01,105120,105120,2022-01-01,2022-12-31 23:55:00,0
flood,2022,FL.SPW.01,105120,105120,2022-01-01,2022-12-31 23:55:00,0
flood,2022,FL.WTN.01,105120,105120,2022-01-01,2022-12-31 23:55:00,0
flood,2023,FL.BKE.02,105120,105120,2023-01-01,2023-12-31 23:55:00,0
flood,2023,FL.BRK.02,105120,105120,2023-01-01,2023-12-31 23:55:00,0
flood,2023,FL.DDG.01,105120,105120,2023-01-01,2023-12-31 23:55:00,0
flood,2023,FL.DST.08,105120,105120,2023-01-01,2023-12-31 23:55:00,0
flood,2023,FL.HKG.01,105120,105120,2023-01-01,2023-12-31 23:55:00,0
flood,2023,FL.KSN.01,105120,105120,2023-01-01,2023-12-31 23:55:00,0
flood,2023,FL.KTY.04,105120,105120,2023-01-01,2023-12-31 23:55:00,0
flood,2023,FL.KTY.05,105120,105120,2023-01-01,2023-12-31 23:55:00,0
flood,2023,FL.LSI.05,105120,105120,2023-01-01,2023-12-31 23:55:00,0
flood,2023,FL.MBR.01,105120,105120,2023-01-01,2023-12-31 23:55:00,0
flood,2023,FL.PPS.02,105120,105120,2023-01-01,2023-12-31 23:55:00,0
flood,2023,FL.PYT.02,105120,105120,2023-01-01,2023-12-31 23:55:00,0
flood,2023,FL.RTW.12,105120,105120,2023-01-01,2023-12-31 23:55:00,0
flood,2023,FL.SLG.03,105120,105120,2023-01-01,2023-12-31 23:55:00,0
flood,2023,FL.WTL.04,105120,105120,2023-01-01,2023-12-31 23:55:00,0
flood,2023,FL.DDG.03,105120,105120,2023-01-01,2023-12-31 23:55:00,0
flood,2023,FL.PYT.01,105120,105120,2023-01-01,2023-12-31 23:55:00,0
flood,2023,FL.RTW.11,105120,105120,2023-01-01,2023-12-31 23:55:00,0
flood,2023,FL.SMI.01,105120,105120,2023-01-01,2023-12-31 23:55:00,0
flood,2023,FL.STN.02,105120,105120,2023-01-01,2023-12-31 23:55:00,0
flood,2023,FL.LSI.02,105120,105120,2023-01-01,2023-12-31 23:55:00,0
flood,2023,FL.PYT.04,105120,105120,2023-01-01,2023-12-31 23:55:00,0
flood,2023,FL.BKM.02,105120,105120,2023-01-01,2023-12-31 23:55:00,0
flood,2023,FL.BKP.02,105120,105120,2023-01-01,2023-12-31 23:55:00,0
flood,2023,FL.BNA.03,105120,105120,2023-01-01,2023-12-31 23:55:00,0
flood,2023,FL.CTC.01,105120,105120,2023-01-01,2023-12-31 23:55:00,0
flood,2023,FL.CTC.02,105120,105120,2023-01-01,2023-12-31 23:55:00,0
flood,2023,FL.CTC.06,105120,105120,2023-01-01,2023-12-31 23:55:00,0
flood,2023,FL.DDG.02,105120,105120,2023-01-01,2023-12-31 23:55:00,0
flood,2023,FL.DDG.04,105120,105120,2023-01-01,2023-12-31 23:55:00,0
flood,2023,FL.DDG.06,105120,105120,2023-01-01,2023-12-31 23:55:00,0
flood,2023,FL.DST.05,105120,105120,2023-01-01,2023-12-31 23:55:00,0
flood,2023,FL.LSI.06,105120,105120,2023-01-01,2023-12-31 23:55:00,0
flood,2023,FL.PTW.03,105120,105120,2023-01-01,2023-12-31 23:55:00,0
flood,2023,FL.PYT.07,105120,105120,2023-01-01,2023-12-31 23:55:00,0
flood,2023,FL.RTW.02,105120,105120,2023-01-01,2023-12-31 23:55:00,0
flood,2023,FL.RTW.07,105120,105120,2023-01-01,2023-12-31 23:55:00,0
flood,2023,FL.SPW.01,105120,105120,2023-01-01,2023-12-31 23:55:00,0
flood,2023,FL.SPW.02,105120,105120,2023-01-01,2023-12-31 23:55:00,0
flood,2023,FL.STN.04,105120,105120,2023-01-01,2023-12-31 23:55:00,0
flood,2023,FL.WTL.01,105120,105120,2023-01-01,2023-12-31 23:55:00,0
flood,2023,FL.WTN.01,105120,105120,2023-01-01,2023-12-31 23:55:00,0
flood,2023,FL.BKA.02,105120,105120,2023-01-01,2023-12-31 23:55:00,0
flood,2023,FL.BKN.02,105120,105120,2023-01-01,2023-12-31 23:55:00,0
flood,2023,FL.DST.03,105120,105120,2023-01-01,2023-12-31 23:55:00,0
flood,2023,FL.RTW.01,105120,105120,2023-01-01,2023-12-31 23:55:00,0
flood,2023,FL.WTN.03,105120,105120,2023-01-01,2023-12-31 23:55:00,0
flood,2023,FL.BBN.01,105120,105120,2023-01-01,2023-12-31 23:55:00,0
flood,2023,FL.DDG.05,105120,105120,2023-01-01,2023-12-31 23:55:00,0
flood,2023,FL.RTW.08,105120,105120,2023-01-01,2023-12-31 23:55:00,0
flood,2023,FL.BKA.01,105120,105120,2023-01-01,2023-12-31 23:55:00,0
flood,2023,FL.BKM.01,105120,105120,2023-01-01,2023-12-31 23:55:00,0
flood,2023,FL.BKT.01,105120,105120,2023-01-01,2023-12-31 23:55:00,0
flood,2023,FL.BNA.01,105120,105120,2023-01-01,2023-12-31 23:55:00,0
flood,2023,FL.BNA.04,105120,105120,2023-01-01,2023-12-31 23:55:00,0
flood,2023,FL.DDG.07,105120,105120,2023-01-01,2023-12-31 23:55:00,0
flood,2023,FL.DST.01,105120,105120,2023-01-01,2023-12-31 23:55:00,0
flood,2023,FL.DST.02,105120,105120,2023-01-01,2023-12-31 23:55:00,0
flood,2023,FL.DST.06,105120,105120,2023-01-01,2023-12-31 23:55:00,0
flood,2023,FL.KTY.01,105120,105120,2023-01-01,2023-12-31 23:55:00,0
flood,2023,FL.LSI.01,105120,105120,2023-01-01,2023-12-31 23:55:00,0
flood,2023,FL.PTW.01,105120,105120,2023-01-01,2023-12-31 23:55:00,0
flood,2023,FL.PTW.04,105120,105120,2023-01-01,2023-12-31 23:55:00,0
flood,2023,FL.PWT.01,105120,105120,2023-01-01,2023-12-31 23:55:00,0
flood,2023,FL.PWT.02,105120,105120,2023-01-01,2023-12-31 23:55:00,0
flood,2023,FL.PYT.03,105120,105120,2023-01-01,2023-12-31 23:55:00,0
flood,2023,FL.PYT.05,105120,105120,2023-01-01,2023-12-31 23:55:00,0
flood,2023,FL.PYT.06,105120,105120,2023-01-01,2023-12-31 23:55:00,0
flood,2023,FL.RTW.09,105120,105120,2023-01-01,2023-12-31 23:55:00,0
flood,2023,FL.RTW.10,105120,105120,2023-01-01,2023-12-31 23:55:00,0
flood,2023,FL.BNA.02,105120,105120,2023-01-01,2023-12-31 23:55:00,0
flood,2023,FL.JTG.01,105120,105120,2023-01-01,2023-12-31 23:55:00,0
flood,2023,FL.KTY.02,105120,105120,2023-01-01,2023-12-31 23:55:00,0
flood,2023,FL.LSI.03,105120,105120,2023-01-01,2023-12-31 23:55:00,0
flood,2023,FL.PTW.02,105120,105120,2023-01-01,2023-12-31 23:55:00,0
flood,2023,FL.RTW.06,105120,105120,2023-01-01,2023-12-31 23:55:00,0
flood,2023,FL.SLG.02,105120,105120,2023-01-01,2023-12-31 23:55:00,0
flood,2023,FL.STN.01,105120,105120,2023-01-01,2023-12-31 23:55:00,0
flood,2023,FL.WTL.03,105120,105120,2023-01-01,2023-12-31 23:55:00,0
flood,2023,FL.BRK.01,105120,105120,2023-01-01,2023-12-31 23:55:00,0
flood,2023,FL.CTC.07,105120,105120,2023-01-01,2023-12-31 23:55:00,0
flood,2023,FL.DST.04,105120,105120,2023-01-01,2023-12-31 23:55:00,0
flood,2023,FL.KTY.03,105120,105120,2023-01-01,2023-12-31 23:55:00,0
flood,2023,FL.LSI.04,105120,105120,2023-01-01,2023-12-31 23:55:00,0
flood,2023,FL.BKE.01,105120,105120,2023-01-01,2023-12-31 23:55:00,0
flood,2023,FL.BKN.01,105120,105120,2023-01-01,2023-12-31 23:55:00,0
flood,2023,FL.BKP.01,105120,105120,2023-01-01,2023-12-31 23:55:00,0
flood,2023,FL.CTC.04,105120,105120,2023-01-01,2023-12-31 23:55:00,0
flood,2023,FL.CTC.05,105120,105120,2023-01-01,2023-12-31 23:55:00,0
flood,2023,FL.DST.07,105120,105120,2023-01-01,2023-12-31 23:55:00,0
flood,2023,FL.PNK.02,105120,105120,2023-01-01,2023-12-31 23:55:00,0
flood,2023,FL.RTW.05,105120,105120,2023-01-01,2023-12-31 23:55:00,0
flood,2023,FL.SLG.01,105120,105120,2023-01-01,2023-12-31 23:55:00,0
flood,2023,FL.STN.03,105120,105120,2023-01-01,2023-12-31 23:55:00,0
flood,2023,FL.WTL.02,105120,105120,2023-01-01,2023-12-31 23:55:00,0
flood,2023,FL.BBN.02,105120,105120,2023-01-01,2023-12-31 23:55:00,0
flood,2023,FL.BKL.01,105120,105120,2023-01-01,2023-12-31 23:55:00,0
flood,2023,FL.BNA.05,105120,105120,2023-01-01,2023-12-31 23:55:00,0
flood,2023,FL.BSU.01,105120,105120,2023-01-01,2023-12-31 23:55:00,0
flood,2023,FL.CTC.03,105120,105120,2023-01-01,2023-12-31 23:55:00,0
flood,2023,FL.DDG.08,105120,105120,2023-01-01,2023-12-31 23:55:00,0
flood,2023,FL.PKN.01,105120,105120,2023-01-01,2023-12-31 23:55:00,0
flood,2023,FL.PPS.01,105120,105120,2023-01-01,2023-12-31 23:55:00,0
flood,2023,FL.PTW.05,105120,105120,2023-01-01,2023-12-31 23:55:00,0
flood,2023,FL.RTW.04,105120,105120,2023-01-01,2023-12-31 23:55:00,0
flood,2023,FL.WTN.02,105120,105120,2023-01-01,2023-12-31 23:55:00,0
flood,2023,FL.RTW.03,105120,105120,2023-01-01,2023-12-31 23:55:00,0
flood,2024,FL.BKT.01,105408,105408,2024-01-01,2024-12-31 23:55:00,0
flood,2024,FL.BNA.01,105408,105408,2024-01-01,2024-12-31 23:55:00,0
flood,2024,FL.BNA.04,105408,105408,2024-01-01,2024-12-31 23:55:00,0
flood,2024,FL.BRK.01,105408,105408,2024-01-01,2024-12-31 23:55:00,0
flood,2024,FL.DDG.07,105408,105408,2024-01-01,2024-12-31 23:55:00,0
flood,2024,FL.DST.01,105408,105408,2024-01-01,2024-12-31 23:55:00,0
flood,2024,FL.DST.04,105408,105408,2024-01-01,2024-12-31 23:55:00,0
flood,2024,FL.JTG.01,105408,105408,2024-01-01,2024-12-31 23:55:00,0
flood,2024,FL.KTY.01,105408,105408,2024-01-01,2024-12-31 23:55:00,0
flood,2024,FL.KTY.02,105408,105408,2024-01-01,2024-12-31 23:55:00,0
flood,2024,FL.KTY.03,105408,105408,2024-01-01,2024-12-31 23:55:00,0
flood,2024,FL.LSI.01,105408,105408,2024-01-01,2024-12-31 23:55:00,0
flood,2024,FL.PTW.01,105408,105408,2024-01-01,2024-12-31 23:55:00,0
flood,2024,FL.PTW.02,105408,105408,2024-01-01,2024-12-31 23:55:00,0
flood,2024,FL.PTW.04,105408,105408,2024-01-01,2024-12-31 23:55:00,0
flood,2024,FL.PWT.01,105408,105408,2024-01-01,2024-12-31 23:55:00,0
flood,2024,FL.PYT.03,105408,105408,2024-01-01,2024-12-31 23:55:00,0
flood,2024,FL.RTW.06,105408,105408,2024-01-01,2024-12-31 23:55:00,0
flood,2024,FL.RTW.09,105408,105408,2024-01-01,2024-12-31 23:55:00,0
flood,2024,FL.RTW.10,105408,105408,2024-01-01,2024-12-31 23:55:00,0
flood,2024,FL.WTL.03,105408,105408,2024-01-01,2024-12-31 23:55:00,0
flood,2024,FL.BKA.01,105408,105408,2024-01-01,2024-12-31 23:55:00,0
flood,2024,FL.BKM.01,105408,105408,2024-01-01,2024-12-31 23:55:00,0
flood,2024,FL.BNA.02,105408,105408,2024-01-01,2024-12-31 23:55:00,0
flood,2024,FL.CTC.07,105408,105408,2024-01-01,2024-12-31 23:55:00,0
flood,2024,FL.DST.06,105408,105408,2024-01-01,2024-12-31 23:55:00,0
flood,2024,FL.LSI.03,105408,105408,2024-01-01,2024-12-31 23:55:00,0
flood,2024,FL.PWT.02,105408,105408,2024-01-01,2024-12-31 23:55:00,0
flood,2024,FL.PYT.05,105408,105408,2024-01-01,2024-12-31 23:55:00,0
flood,2024,FL.PYT.06,105408,105408,2024-01-01,2024-12-31 23:55:00,0
flood,2024,FL.SLG.02,105408,105408,2024-01-01,2024-12-31 23:55:00,0
flood,2024,FL.STN.01,105408,105408,2024-01-01,2024-12-31 23:55:00,0
flood,2024,FL.DST.02,105408,105408,2024-01-01,2024-12-31 23:55:00,0
flood,2024,FL.LSI.04,105408,105408,2024-01-01,2024-12-31 23:55:00,0
flood,2024,FL.BBN.01,105408,105408,2024-01-01,2024-12-31 23:55:00,0
flood,2024,FL.BKN.02,105408,105408,2024-01-01,2024-12-31 23:55:00,0
flood,2024,FL.BKP.02,105408,105408,2024-01-01,2024-12-31 23:55:00,0
flood,2024,FL.BNA.03,105408,105408,2024-01-01,2024-12-31 23:55:00,0
flood,2024,FL.CTC.01,105408,105408,2024-01-01,2024-12-31 23:55:00,0
flood,2024,FL.CTC.02,105408,105408,2024-01-01,2024-12-31 23:55:00,0
flood,2024,FL.CTC.06,105408,105408,2024-01-01,2024-12-31 23:55:00,0
flood,2024,FL.DDG.02,105408,105408,2024-01-01,2024-12-31 23:55:00,0
flood,2024,FL.DDG.04,105408,105408,2024-01-01,2024-12-31 23:55:00,0
flood,2024,FL.DDG.05,105408,105408,2024-01-01,2024-12-31 23:55:00,0
flood,2024,FL.DST.05,105408,105408,2024-01-01,2024-12-31 23:55:00,0
flood,2024,FL.PTW.03,105408,105408,2024-01-01,2024-12-31 23:55:00,0
flood,2024,FL.PYT.07,105408,105408,2024-01-01,2024-12-31 23:55:00,0
flood,2024,FL.RTW.01,105408,105408,2024-01-01,2024-12-31 23:55:00,0
flood,2024,FL.RTW.07,105408,105408,2024-01-01,2024-12-31 23:55:00,0
flood,2024,FL.RTW.08,105408,105408,2024-01-01,2024-12-31 23:55:00,0
flood,2024,FL.SPW.01,105408,105408,2024-01-01,2024-12-31 23:55:00,0
flood,2024,FL.SPW.02,105408,105408,2024-01-01,2024-12-31 23:55:00,0
flood,2024,FL.WTN.01,105408,105408,2024-01-01,2024-12-31 23:55:00,0
flood,2024,FL.DDG.06,105408,105408,2024-01-01,2024-12-31 23:55:00,0
flood,2024,FL.DST.03,105408,105408,2024-01-01,2024-12-31 23:55:00,0
flood,2024,FL.LSI.06,105408,105408,2024-01-01,2024-12-31 23:55:00,0
flood,2024,FL.RTW.02,105408,105408,2024-01-01,2024-12-31 23:55:00,0
flood,2024,FL.STN.04,105408,105408,2024-01-01,2024-12-31 23:55:00,0
flood,2024,FL.WTL.01,105408,105408,2024-01-01,2024-12-31 23:55:00,0
flood,2024,FL.BKA.02,105408,105408,2024-01-01,2024-12-31 23:55:00,0
flood,2024,FL.BKM.02,105408,105408,2024-01-01,2024-12-31 23:55:00,0
flood,2024,FL.WTN.03,105408,105408,2024-01-01,2024-12-31 23:55:00,0
flood,2024,FL.BKE.02,105408,105408,2024-01-01,2024-12-31 23:55:00,0
flood,2024,FL.BRK.02,105408,105408,2024-01-01,2024-12-31 23:55:00,0
flood,2024,FL.DDG.01,105408,105408,2024-01-01,2024-12-31 23:55:00,0
flood,2024,FL.DST.08,105408,105408,2024-01-01,2024-12-31 23:55:00,0
flood,2024,FL.HKG.01,105408,105408,2024-01-01,2024-12-31 23:55:00,0
flood,2024,FL.KTY.05,105408,105408,2024-01-01,2024-12-31 23:55:00,0
flood,2024,FL.LSI.05,105408,105408,2024-01-01,2024-12-31 23:55:00,0
flood,2024,FL.MBR.01,105408,105408,2024-01-01,2024-12-31 23:55:00,0
flood,2024,FL.PYT.01,105408,105408,2024-01-01,2024-12-31 23:55:00,0
flood,2024,FL.PYT.02,105408,105408,2024-01-01,2024-12-31 23:55:00,0
flood,2024,FL.PYT.04,105408,105408,2024-01-01,2024-12-31 23:55:00,0
flood,2024,FL.RTW.12,105408,105408,2024-01-01,2024-12-31 23:55:00,0
flood,2024,FL.SLG.03,105408,105408,2024-01-01,2024-12-31 23:55:00,0
flood,2024,FL.SMI.01,105408,105408,2024-01-01,2024-12-31 23:55:00,0
flood,2024,FL.STN.02,105408,105408,2024-01-01,2024-12-31 23:55:00,0
flood,2024,FL.DDG.03,105408,105408,2024-01-01,2024-12-31 23:55:00,0
flood,2024,FL.KSN.01,105408,105408,2024-01-01,2024-12-31 23:55:00,0
flood,2024,FL.PPS.02,105408,105408,2024-01-01,2024-12-31 23:55:00,0
flood,2024,FL.RTW.11,105408,105408,2024-01-01,2024-12-31 23:55:00,0
flood,2024,FL.WTL.04,105408,105408,2024-01-01,2024-12-31 23:55:00,0
flood,2024,FL.KTY.04,105408,105408,2024-01-01,2024-12-31 23:55:00,0
flood,2024,FL.LSI.02,105408,105408,2024-01-01,2024-12-31 23:55:00,0
flood,2024,FL.BBN.02,105408,105408,2024-01-01,2024-12-31 23:55:00,0
flood,2024,FL.BKE.01,105408,105408,2024-01-01,2024-12-31 23:55:00,0
flood,2024,FL.BKL.01,105408,105408,2024-01-01,2024-12-31 23:55:00,0
flood,2024,FL.BKN.01,105408,105408,2024-01-01,2024-12-31 23:55:00,0
flood,2024,FL.BKP.01,105408,105408,2024-01-01,2024-12-31 23:55:00,0
flood,2024,FL.CTC.03,105408,105408,2024-01-01,2024-12-31 23:55:00,0
flood,2024,FL.CTC.04,105408,105408,2024-01-01,2024-12-31 23:55:00,0
flood,2024,FL.DDG.08,105408,105408,2024-01-01,2024-12-31 23:55:00,0
flood,2024,FL.DST.07,105408,105408,2024-01-01,2024-12-31 23:55:00,0
flood,2024,FL.PKN.01,105408,105408,2024-01-01,2024-12-31 23:55:00,0
flood,2024,FL.PPS.01,105408,105408,2024-01-01,2024-12-31 23:55:00,0
flood,2024,FL.PTW.05,105408,105408,2024-01-01,2024-12-31 23:55:00,0
flood,2024,FL.RTW.03,105408,105408,2024-01-01,2024-12-31 23:55:00,0
flood,2024,FL.RTW.04,105408,105408,2024-01-01,2024-12-31 23:55:00,0
flood,2024,FL.SLG.01,105408,105408,2024-01-01,2024-12-31 23:55:00,0
flood,2024,FL.STN.03,105408,105408,2024-01-01,2024-12-31 23:55:00,0
flood,2024,FL.WTL.02,105408,105408,2024-01-01,2024-12-31 23:55:00,0
flood,2024,FL.WTN.02,105408,105408,2024-01-01,2024-12-31 23:55:00,0
flood,2024,FL.BNA.05,105408,105408,2024-01-01,2024-12-31 23:55:00,0
flood,2024,FL.BSU.01,105408,105408,2024-01-01,2024-12-31 23:55:00,0
flood,2024,FL.CTC.05,105408,105408,2024-01-01,2024-12-31 23:55:00,0
flood,2024,FL.PNK.02,105408,105408,2024-01-01,2024-12-31 23:55:00,0
flood,2024,FL.RTW.05,105408,105408,2024-01-01,2024-12-31 23:55:00,0
flood,2025,FL.BKN.02,105120,105120,2025-01-01,2025-12-31 23:55:00,0
flood,2025,FL.BKP.02,105120,105120,2025-01-01,2025-12-31 23:55:00,0
flood,2025,FL.CTC.01,105120,105120,2025-01-01,2025-12-31 23:55:00,0
flood,2025,FL.CTC.06,105120,105120,2025-01-01,2025-12-31 23:55:00,0
flood,2025,FL.DDG.02,105120,105120,2025-01-01,2025-12-31 23:55:00,0
flood,2025,FL.DDG.05,105120,105120,2025-01-01,2025-12-31 23:55:00,0
flood,2025,FL.DDG.06,105120,105120,2025-01-01,2025-12-31 23:55:00,0
flood,2025,FL.DST.03,105120,105120,2025-01-01,2025-12-31 23:55:00,0
flood,2025,FL.DST.05,105120,105120,2025-01-01,2025-12-31 23:55:00,0
flood,2025,FL.PYT.07,105120,105120,2025-01-01,2025-12-31 23:55:00,0
flood,2025,FL.RTW.01,105120,105120,2025-01-01,2025-12-31 23:55:00,0
flood,2025,FL.RTW.08,105120,105120,2025-01-01,2025-12-31 23:55:00,0
flood,2025,FL.SPW.02,105120,105120,2025-01-01,2025-12-31 23:55:00,0
flood,2025,FL.STN.04,105120,105120,2025-01-01,2025-12-31 23:55:00,0
flood,2025,FL.WTL.01,105120,105120,2025-01-01,2025-12-31 23:55:00,0
flood,2025,FL.WTN.01,105120,105120,2025-01-01,2025-12-31 23:55:00,0
flood,2025,FL.BNA.03,105120,105120,2025-01-01,2025-12-31 23:55:00,0
flood,2025,FL.CTC.02,105120,105120,2025-01-01,2025-12-31 23:55:00,0
flood,2025,FL.DDG.04,105120,105120,2025-01-01,2025-12-31 23:55:00,0
flood,2025,FL.LSI.06,105120,105120,2025-01-01,2025-12-31 23:55:00,0
flood,2025,FL.PTW.03,105120,105120,2025-01-01,2025-12-31 23:55:00,0
flood,2025,FL.RTW.02,105120,105120,2025-01-01,2025-12-31 23:55:00,0
flood,2025,FL.RTW.07,105120,105120,2025-01-01,2025-12-31 23:55:00,0
flood,2025,FL.SPW.01,105120,105120,2025-01-01,2025-12-31 23:55:00,0
flood,2025,FL.WTN.03,105120,105120,2025-01-01,2025-12-31 23:55:00,0
flood,2025,FL.BBN.01,105120,105120,2025-01-01,2025-12-31 23:55:00,0
flood,2025,FL.BKA.02,105120,105120,2025-01-01,2025-12-31 23:55:00,0
flood,2025,FL.BKM.02,105120,105120,2025-01-01,2025-12-31 23:55:00,0
flood,2025,FL.BKE.01,105120,105120,2025-01-01,2025-12-31 23:55:00,0
flood,2025,FL.BNA.05,105120,105120,2025-01-01,2025-12-31 23:55:00,0
flood,2025,FL.CTC.03,105120,105120,2025-01-01,2025-12-31 23:55:00,0
flood,2025,FL.DDG.08,105120,105120,2025-01-01,2025-12-31 23:55:00,0
flood,2025,FL.DST.07,105120,105120,2025-01-01,2025-12-31 23:55:00,0
flood,2025,FL.PKN.01,105120,105120,2025-01-01,2025-12-31 23:55:00,0
flood,2025,FL.PPS.01,105120,105120,2025-01-01,2025-12-31 23:55:00,0
flood,2025,FL.PTW.05,105120,105120,2025-01-01,2025-12-31 23:55:00,0
flood,2025,FL.RTW.03,105120,105120,2025-01-01,2025-12-31 23:55:00,0
flood,2025,FL.RTW.04,105120,105120,2025-01-01,2025-12-31 23:55:00,0
flood,2025,FL.SLG.01,105120,105120,2025-01-01,2025-12-31 23:55:00,0
flood,2025,FL.WTL.02,105120,105120,2025-01-01,2025-12-31 23:55:00,0
flood,2025,FL.BBN.02,105120,105120,2025-01-01,2025-12-31 23:55:00,0
flood,2025,FL.BKL.01,105120,105120,2025-01-01,2025-12-31 23:55:00,0
flood,2025,FL.BKN.01,105120,105120,2025-01-01,2025-12-31 23:55:00,0
flood,2025,FL.BKP.01,105120,105120,2025-01-01,2025-12-31 23:55:00,0
flood,2025,FL.BSU.01,105120,105120,2025-01-01,2025-12-31 23:55:00,0
flood,2025,FL.CTC.04,105120,105120,2025-01-01,2025-12-31 23:55:00,0
flood,2025,FL.CTC.05,105120,105120,2025-01-01,2025-12-31 23:55:00,0
flood,2025,FL.PNK.02,105120,105120,2025-01-01,2025-12-31 23:55:00,0
flood,2025,FL.RTW.05,105120,105120,2025-01-01,2025-12-31 23:55:00,0
flood,2025,FL.WTN.02,105120,105120,2025-01-01,2025-12-31 23:55:00,0
flood,2025,FL.STN.03,105120,105120,2025-01-01,2025-12-31 23:55:00,0
flood,2025,FL.BKE.02,105120,105120,2025-01-01,2025-12-31 23:55:00,0
flood,2025,FL.BRK.02,105120,105120,2025-01-01,2025-12-31 23:55:00,0
flood,2025,FL.DDG.03,105120,105120,2025-01-01,2025-12-31 23:55:00,0
flood,2025,FL.HKG.01,105120,105120,2025-01-01,2025-12-31 23:55:00,0
flood,2025,FL.KTY.04,105120,105120,2025-01-01,2025-12-31 23:55:00,0
flood,2025,FL.LSI.02,105120,105120,2025-01-01,2025-12-31 23:55:00,0
flood,2025,FL.LSI.05,105120,105120,2025-01-01,2025-12-31 23:55:00,0
flood,2025,FL.MBR.01,105120,105120,2025-01-01,2025-12-31 23:55:00,0
flood,2025,FL.PYT.01,105120,105120,2025-01-01,2025-12-31 23:55:00,0
flood,2025,FL.PYT.04,105120,105120,2025-01-01,2025-12-31 23:55:00,0
flood,2025,FL.RTW.11,105120,105120,2025-01-01,2025-12-31 23:55:00,0
flood,2025,FL.RTW.12,105120,105120,2025-01-01,2025-12-31 23:55:00,0
flood,2025,FL.SLG.03,105120,105120,2025-01-01,2025-12-31 23:55:00,0
flood,2025,FL.DDG.01,105120,105120,2025-01-01,2025-12-31 23:55:00,0
flood,2025,FL.DST.08,105120,105120,2025-01-01,2025-12-31 23:55:00,0
flood,2025,FL.KSN.01,105120,105120,2025-01-01,2025-12-31 23:55:00,0
flood,2025,FL.KTY.05,105120,105120,2025-01-01,2025-12-31 23:55:00,0
flood,2025,FL.PPS.02,105120,105120,2025-01-01,2025-12-31 23:55:00,0
flood,2025,FL.SMI.01,105120,105120,2025-01-01,2025-12-31 23:55:00,0
flood,2025,FL.STN.02,105120,105120,2025-01-01,2025-12-31 23:55:00,0
flood,2025,FL.WTL.04,105120,105120,2025-01-01,2025-12-31 23:55:00,0
flood,2025,FL.PYT.02,105120,105120,2025-01-01,2025-12-31 23:55:00,0
flood,2025,FL.BKA.01,105120,105120,2025-01-01,2025-12-31 23:55:00,0
flood,2025,FL.BKM.01,105120,105120,2025-01-01,2025-12-31 23:55:00,0
flood,2025,FL.BKT.01,105120,105120,2025-01-01,2025-12-31 23:55:00,0
flood,2025,FL.BNA.02,105120,105120,2025-01-01,2025-12-31 23:55:00,0
flood,2025,FL.BNA.04,105120,105120,2025-01-01,2025-12-31 23:55:00,0
flood,2025,FL.BRK.01,105120,105120,2025-01-01,2025-12-31 23:55:00,0
flood,2025,FL.CTC.07,105120,105120,2025-01-01,2025-12-31 23:55:00,0
flood,2025,FL.DDG.07,105120,105120,2025-01-01,2025-12-31 23:55:00,0
flood,2025,FL.DST.02,105120,105120,2025-01-01,2025-12-31 23:55:00,0
flood,2025,FL.DST.04,105120,105120,2025-01-01,2025-12-31 23:55:00,0
flood,2025,FL.DST.06,105120,105120,2025-01-01,2025-12-31 23:55:00,0
flood,2025,FL.JTG.01,105120,105120,2025-01-01,2025-12-31 23:55:00,0
flood,2025,FL.KTY.01,105120,105120,2025-01-01,2025-12-31 23:55:00,0
flood,2025,FL.KTY.03,105120,105120,2025-01-01,2025-12-31 23:55:00,0
flood,2025,FL.LSI.03,105120,105120,2025-01-01,2025-12-31 23:55:00,0
flood,2025,FL.LSI.04,105120,105120,2025-01-01,2025-12-31 23:55:00,0
flood,2025,FL.PTW.01,105120,105120,2025-01-01,2025-12-31 23:55:00,0
flood,2025,FL.PTW.02,105120,105120,2025-01-01,2025-12-31 23:55:00,0
flood,2025,FL.PTW.04,105120,105120,2025-01-01,2025-12-31 23:55:00,0
flood,2025,FL.PWT.01,105120,105120,2025-01-01,2025-12-31 23:55:00,0
flood,2025,FL.PWT.02,105120,105120,2025-01-01,2025-12-31 23:55:00,0
flood,2025,FL.PYT.03,105120,105120,2025-01-01,2025-12-31 23:55:00,0
flood,2025,FL.RTW.06,105120,105120,2025-01-01,2025-12-31 23:55:00,0
flood,2025,FL.RTW.09,105120,105120,2025-01-01,2025-12-31 23:55:00,0
flood,2025,FL.STN.01,105120,105120,2025-01-01,2025-12-31 23:55:00,0
flood,2025,FL.BNA.01,105120,105120,2025-01-01,2025-12-31 23:55:00,0
flood,2025,FL.DST.01,105120,105120,2025-01-01,2025-12-31 23:55:00,0
flood,2025,FL.KTY.02,105120,105120,2025-01-01,2025-12-31 23:55:00,0
flood,2025,FL.PYT.06,105120,105120,2025-01-01,2025-12-31 23:55:00,0
flood,2025,FL.SLG.02,105120,105120,2025-01-01,2025-12-31 23:55:00,0
flood,2025,FL.WTL.03,105120,105120,2025-01-01,2025-12-31 23:55:00,0
flood,2025,FL.LSI.01,105120,105120,2025-01-01,2025-12-31 23:55:00,0
flood,2025,FL.PYT.05,105120,105120,2025-01-01,2025-12-31 23:55:00,0
flood,2025,FL.RTW.10,105120,105120,2025-01-01,2025-12-31 23:55:00,0
flow,2019,FW.KSW.01,105120,105120,2019-01-01,2019-12-31 23:55:00,0
flow,2019,FW.LMT.01,105120,105120,2019-01-01,2019-12-31 23:55:00,0
flow,2019,FW.PSR.01,105120,105120,2019-01-01,2019-12-31 23:55:00,0
flow,2019,FW.SBR.01,105120,105120,2019-01-01,2019-12-31 23:55:00,0
flow,2019,FW.KKY.01,105120,105120,2019-01-01,2019-12-31 23:55:00,0
flow,2019,FW.LPW.01,105120,105120,2019-01-01,2019-12-31 23:55:00,0
flow,2019,FW.RMT.01,105120,105120,2019-01-01,2019-12-31 23:55:00,0
flow,2019,FW.SSB.01,105120,105120,2019-01-01,2019-12-31 23:55:00,0
flow,2019,FW.SSB.03,105120,105120,2019-01-01,2019-12-31 23:55:00,0
flow,2019,FW.SSM.01,105120,105120,2019-01-01,2019-12-31 23:55:00,0
flow,2019,FW.BKG.01,105120,105120,2019-01-01,2019-12-31 23:55:00,0
flow,2019,FW.PNJ.01,105120,105120,2019-01-01,2019-12-31 23:55:00,0
flow,2019,FW.PSC.01,105120,105120,2019-01-01,2019-12-31 23:55:00,0
flow,2019,FW.K3W.01,105120,105120,2019-01-01,2019-12-31 23:55:00,0
flow,2019,FW.K4W.01,105120,105120,2019-01-01,2019-12-31 23:55:00,0
flow,2019,FW.KNG.01,105120,105120,2019-01-01,2019-12-31 23:55:00,0
flow,2019,FW.PKG.01,105120,105120,2019-01-01,2019-12-31 23:55:00,0
flow,2019,FW.PWT.01,105120,105120,2019-01-01,2019-12-31 23:55:00,0
flow,2019,FW.SSN.01,105120,105120,2019-01-01,2019-12-31 23:55:00,0
flow,2019,FW.SST.01,105120,105120,2019-01-01,2019-12-31 23:55:00,0
flow,2019,FW.KSO.01,105120,105120,2019-01-01,2019-12-31 23:55:00,0
flow,2019,FW.TWW.01,105120,105120,2019-01-01,2019-12-31 23:55:00,0
flow,2019,FW.BKA.02,105120,105120,2019-01-01,2019-12-31 23:55:00,0
flow,2019,FW.BSU.01,105120,105120,2019-01-01,2019-12-31 23:55:00,0
flow,2019,FW.KPM.01,105120,105120,2019-01-01,2019-12-31 23:55:00,0
flow,2019,FW.LKB.01,105120,105120,2019-01-01,2019-12-31 23:55:00,0
flow,2019,FW.SSB.02,105120,105120,2019-01-01,2019-12-31 23:55:00,0
flow,2019,FW.BBU.01,105120,105120,2019-01-01,2019-12-31 23:55:00,0
flow,2019,FW.K2W.01,105120,105120,2019-01-01,2019-12-31 23:55:00,0
flow,2019,FW.KPM.02,105120,105120,2019-01-01,2019-12-31 23:55:00,0
flow,2020,FW.PNJ.01,105408,105408,2020-01-01,2020-12-31 23:55:00,0
flow,2020,FW.PSC.01,105408,105408,2020-01-01,2020-12-31 23:55:00,0
flow,2020,FW.BKG.01,105408,105408,2020-01-01,2020-12-31 23:55:00,0
flow,2020,FW.BBU.01,105408,105408,2020-01-01,2020-12-31 23:55:00,0
flow,2020,FW.K2W.01,105408,105408,2020-01-01,2020-12-31 23:55:00,0
flow,2020,FW.KPM.01,105408,105408,2020-01-01,2020-12-31 23:55:00,0
flow,2020,FW.KPM.02,105408,105408,2020-01-01,2020-12-31 23:55:00,0
flow,2020,FW.LKB.01,105408,105408,2020-01-01,2020-12-31 23:55:00,0
flow,2020,FW.SSB.02,105408,105408,2020-01-01,2020-12-31 23:55:00,0
flow,2020,FW.BKA.02,105408,105408,2020-01-01,2020-12-31 23:55:00,0
flow,2020,FW.BSU.01,105408,105408,2020-01-01,2020-12-31 23:55:00,0
flow,2020,FW.K4W.01,105408,105408,2020-01-01,2020-12-31 23:55:00,0
flow,2020,FW.KNG.01,105408,105408,2020-01-01,2020-12-31 23:55:00,0
flow,2020,FW.KSO.01,105408,105408,2020-01-01,2020-12-31 23:55:00,0
flow,2020,FW.PWT.01,105408,105408,2020-01-01,2020-12-31 23:55:00,0
flow,2020,FW.SST.01,105408,105408,2020-01-01,2020-12-31 23:55:00,0
flow,2020,FW.K3W.01,105408,105408,2020-01-01,2020-12-31 23:55:00,0
flow,2020,FW.SSN.01,105408,105408,2020-01-01,2020-12-31 23:55:00,0
flow,2020,FW.TWW.01,105408,105408,2020-01-01,2020-12-31 23:55:00,0
flow,2020,FW.PKG.01,105408,105408,2020-01-01,2020-12-31 23:55:00,0
flow,2020,FW.KKY.01,105408,105408,2020-01-01,2020-12-31 23:55:00,0
flow,2020,FW.LPW.01,105408,105408,2020-01-01,2020-12-31 23:55:00,0
flow,2020,FW.PSR.01,105408,105408,2020-01-01,2020-12-31 23:55:00,0
flow,2020,FW.RMT.01,105408,105408,2020-01-01,2020-12-31 23:55:00,0
flow,2020,FW.SBR.01,105408,105408,2020-01-01,2020-12-31 23:55:00,0
flow,2020,FW.SSB.01,105408,105408,2020-01-01,2020-12-31 23:55:00,0
flow,2020,FW.SSB.03,105408,105408,2020-01-01,2020-12-31 23:55:00,0
flow,2020,FW.SSM.01,105408,105408,2020-01-01,2020-12-31 23:55:00,0
flow,2020,FW.KSW.01,105408,105408,2020-01-01,2020-12-31 23:55:00,0
flow,2020,FW.LMT.01,105408,105408,2020-01-01,2020-12-31 23:55:00,0
flow,2021,FW.K4W.01,105120,105120,2021-01-01,2021-12-31 23:55:00,0
flow,2021,FW.KNG.01,105120,105120,2021-01-01,2021-12-31 23:55:00,0
flow,2021,FW.KSO.01,105120,105120,2021-01-01,2021-12-31 23:55:00,0
flow,2021,FW.PKG.01,105120,105120,2021-01-01,2021-12-31 23:55:00,0
flow,2021,FW.PWT.01,105120,105120,2021-01-01,2021-12-31 23:55:00,0
flow,2021,FW.SST.01,105120,105120,2021-01-01,2021-12-31 23:55:00,0
flow,2021,FW.K3W.01,105120,105120,2021-01-01,2021-12-31 23:55:00,0
flow,2021,FW.SSN.01,105120,105120,2021-01-01,2021-12-31 23:55:00,0
flow,2021,FW.TWW.01,105120,105120,2021-01-01,2021-12-31 23:55:00,0
flow,2021,FW.PNJ.01,105120,105120,2021-01-01,2021-12-31 23:55:00,0
flow,2021,FW.PSC.01,105120,105120,2021-01-01,2021-12-31 23:55:00,0
flow,2021,FW.BKG.01,105120,105120,2021-01-01,2021-12-31 23:55:00,0
flow,2021,FW.KKY.01,105120,105120,2021-01-01,2021-12-31 23:55:00,0
flow,2021,FW.LPW.01,105120,105120,2021-01-01,2021-12-31 23:55:00,0
flow,2021,FW.PSR.01,105120,105120,2021-01-01,2021-12-31 23:55:00,0
flow,2021,FW.RMT.01,105120,105120,2021-01-01,2021-12-31 23:55:00,0
flow,2021,FW.SBR.01,105120,105120,2021-01-01,2021-12-31 23:55:00,0
flow,2021,FW.SSB.01,105120,105120,2021-01-01,2021-12-31 23:55:00,0
flow,2021,FW.SSB.03,105120,105120,2021-01-01,2021-12-31 23:55:00,0
flow,2021,FW.SSM.01,105120,105120,2021-01-01,2021-12-31 23:55:00,0
flow,2021,FW.KSW.01,105120,105120,2021-01-01,2021-12-31 23:55:00,0
flow,2021,FW.LMT.01,105120,105120,2021-01-01,2021-12-31 23:55:00,0
flow,2021,FW.BBU.01,105120,105120,2021-01-01,2021-12-31 23:55:00,0
flow,2021,FW.BKA.02,105120,105120,2021-01-01,2021-12-31 23:55:00,0
flow,2021,FW.BSU.01,105120,105120,2021-01-01,2021-12-31 23:55:00,0
flow,2021,FW.KPM.01,105120,105120,2021-01-01,2021-12-31 23:55:00,0
flow,2021,FW.KPM.02,105120,105120,2021-01-01,2021-12-31 23:55:00,0
flow,2021,FW.LKB.01,105120,105120,2021-01-01,2021-12-31 23:55:00,0
flow,2021,FW.SSB.02,105120,105120,2021-01-01,2021-12-31 23:55:00,0
flow,2021,FW.K2W.01,105120,105120,2021-01-01,2021-12-31 23:55:00,0
flow,2022,FW.KKY.01,105120,105120,2022-01-01,2022-12-31 23:55:00,0
flow,2022,FW.KSW.01,105120,105120,2022-01-01,2022-12-31 23:55:00,0
flow,2022,FW.LMT.01,105120,105120,2022-01-01,2022-12-31 23:55:00,0
flow,2022,FW.PSR.01,105120,105120,2022-01-01,2022-12-31 23:55:00,0
flow,2022,FW.RMT.01,105120,105120,2022-01-01,2022-12-31 23:55:00,0
flow,2022,FW.SBR.01,105120,105120,2022-01-01,2022-12-31 23:55:00,0
flow,2022,FW.SSB.01,105120,105120,2022-01-01,2022-12-31 23:55:00,0
flow,2022,FW.SSB.03,105120,105120,2022-01-01,2022-12-31 23:55:00,0
flow,2022,FW.LPW.01,105120,105120,2022-01-01,2022-12-31 23:55:00,0
flow,2022,FW.SSM.01,105120,105120,2022-01-01,2022-12-31 23:55:00,0
flow,2022,FW.K3W.01,105120,105120,2022-01-01,2022-12-31 23:55:00,0
flow,2022,FW.KNG.01,105120,105120,2022-01-01,2022-12-31 23:55:00,0
flow,2022,FW.KSO.01,105120,105120,2022-01-01,2022-12-31 23:55:00,0
flow,2022,FW.PKG.01,105120,105120,2022-01-01,2022-12-31 23:55:00,0
flow,2022,FW.PWT.01,105120,105120,2022-01-01,2022-12-31 23:55:00,0
flow,2022,FW.SSN.01,105120,105120,2022-01-01,2022-12-31 23:55:00,0
flow,2022,FW.K4W.01,105120,105120,2022-01-01,2022-12-31 23:55:00,0
flow,2022,FW.SST.01,105120,105120,2022-01-01,2022-12-31 23:55:00,0
flow,2022,FW.TWW.01,105120,105120,2022-01-01,2022-12-31 23:55:00,0
flow,2022,FW.BKG.01,105120,105120,2022-01-01,2022-12-31 23:55:00,0
flow,2022,FW.PNJ.01,105120,105120,2022-01-01,2022-12-31 23:55:00,0
flow,2022,FW.PSC.01,105120,105120,2022-01-01,2022-12-31 23:55:00,0
flow,2022,FW.BKA.02,105120,105120,2022-01-01,2022-12-31 23:55:00,0
flow,2022,FW.BSU.01,105120,105120,2022-01-01,2022-12-31 23:55:00,0
flow,2022,FW.K2W.01,105120,105120,2022-01-01,2022-12-31 23:55:00,0
flow,2022,FW.KPM.02,105120,105120,2022-01-01,2022-12-31 23:55:00,0
flow,2022,FW.LKB.01,105120,105120,2022-01-01,2022-12-31 23:55:00,0
flow,2022,FW.SSB.02,105120,105120,2022-01-01,2022-12-31 23:55:00,0
flow,2022,FW.BBU.01,105120,105120,2022-01-01,2022-12-31 23:55:00,0
flow,2022,FW.KPM.01,105120,105120,2022-01-01,2022-12-31 23:55:00,0
flow,2023,FW.LMT.01,105120,105120,2023-01-01,2023-12-31 23:55:00,0
flow,2023,FW.LPW.01,105120,105120,2023-01-01,2023-12-31 23:55:00,0
flow,2023,FW.RMT.01,105120,105120,2023-01-01,2023-12-31 23:55:00,0
flow,2023,FW.SBR.01,105120,105120,2023-01-01,2023-12-31 23:55:00,0
flow,2023,FW.SSB.01,105120,105120,2023-01-01,2023-12-31 23:55:00,0
flow,2023,FW.SSB.03,105120,105120,2023-01-01,2023-12-31 23:55:00,0
flow,2023,FW.KKY.01,105120,105120,2023-01-01,2023-12-31 23:55:00,0
flow,2023,FW.KSW.01,105120,105120,2023-01-01,2023-12-31 23:55:00,0
flow,2023,FW.PSR.01,105120,105120,2023-01-01,2023-12-31 23:55:00,0
flow,2023,FW.SSM.01,105120,105120,2023-01-01,2023-12-31 23:55:00,0
flow,2023,FW.K3W.01,105120,105120,2023-01-01,2023-12-31 23:55:00,0
flow,2023,FW.KNG.01,105120,105120,2023-01-01,2023-12-31 23:55:00,0
flow,2023,FW.KSO.01,105120,105120,2023-01-01,2023-12-31 23:55:00,0
flow,2023,FW.PKG.01,105120,105120,2023-01-01,2023-12-31 23:55:00,0
flow,2023,FW.SSN.01,105120,105120,2023-01-01,2023-12-31 23:55:00,0
flow,2023,FW.PWT.01,105120,105120,2023-01-01,2023-12-31 23:55:00,0
flow,2023,FW.SST.01,105120,105120,2023-01-01,2023-12-31 23:55:00,0
flow,2023,FW.K4W.01,105120,105120,2023-01-01,2023-12-31 23:55:00,0
flow,2023,FW.TWW.01,105120,105120,2023-01-01,2023-12-31 23:55:00,0
flow,2023,FW.BKG.01,105120,105120,2023-01-01,2023-12-31 23:55:00,0
flow,2023,FW.PNJ.01,105120,105120,2023-01-01,2023-12-31 23:55:00,0
flow,2023,FW.PSC.01,105120,105120,2023-01-01,2023-12-31 23:55:00,0
flow,2023,FW.BKA.02,105120,105120,2023-01-01,2023-12-31 23:55:00,0
flow,2023,FW.BSU.01,105120,105120,2023-01-01,2023-12-31 23:55:00,0
flow,2023,FW.KPM.02,105120,105120,2023-01-01,2023-12-31 23:55:00,0
flow,2023,FW.SSB.02,105120,105120,2023-01-01,2023-12-31 23:55:00,0
flow,2023,FW.K2W.01,105120,105120,2023-01-01,2023-12-31 23:55:00,0
flow,2023,FW.KPM.01,105120,105120,2023-01-01,2023-12-31 23:55:00,0
flow,2023,FW.LKB.01,105120,105120,2023-01-01,2023-12-31 23:55:00,0
flow,2023,FW.BBU.01,105120,105120,2023-01-01,2023-12-31 23:55:00,0
flow,2024,FW.BKG.01,105408,105408,2024-01-01,2024-12-31 23:55:00,0
flow,2024,FW.PNJ.01,105408,105408,2024-01-01,2024-12-31 23:55:00,0
flow,2024,FW.PSC.01,105408,105408,2024-01-01,2024-12-31 23:55:00,0
flow,2024,FW.K3W.01,105408,105408,2024-01-01,2024-12-31 23:55:00,0
flow,2024,FW.KNG.01,105408,105408,2024-01-01,2024-12-31 23:55:00,0
flow,2024,FW.KSO.01,105408,105408,2024-01-01,2024-12-31 23:55:00,0
flow,2024,FW.PKG.01,105408,105408,2024-01-01,2024-12-31 23:55:00,0
flow,2024,FW.SST.01,105408,105408,2024-01-01,2024-12-31 23:55:00,0
flow,2024,FW.SSN.01,105408,105408,2024-01-01,2024-12-31 23:55:00,0
flow,2024,FW.TWW.01,105408,105408,2024-01-01,2024-12-31 23:55:00,0
flow,2024,FW.K4W.01,105408,105408,2024-01-01,2024-12-31 23:55:00,0
flow,2024,FW.PWT.01,105408,105408,2024-01-01,2024-12-31 23:55:00,0
flow,2024,FW.BKA.02,105408,105408,2024-01-01,2024-12-31 23:55:00,0
flow,2024,FW.BSU.01,105408,105408,2024-01-01,2024-12-31 23:55:00,0
flow,2024,FW.KPM.02,105408,105408,2024-01-01,2024-12-31 23:55:00,0
flow,2024,FW.LKB.01,105408,105408,2024-01-01,2024-12-31 23:55:00,0
flow,2024,FW.SSB.02,105408,105408,2024-01-01,2024-12-31 23:55:00,0
flow,2024,FW.K2W.01,105408,105408,2024-01-01,2024-12-31 23:55:00,0
flow,2024,FW.KPM.01,105408,105408,2024-01-01,2024-12-31 23:55:00,0
flow,2024,FW.BBU.01,105408,105408,2024-01-01,2024-12-31 23:55:00,0
flow,2024,FW.KKY.01,105408,105408,2024-01-01,2024-12-31 23:55:00,0
flow,2024,FW.KSW.01,105408,105408,2024-01-01,2024-12-31 23:55:00,0
flow,2024,FW.LMT.01,105408,105408,2024-01-01,2024-12-31 23:55:00,0
flow,2024,FW.LPW.01,105408,105408,2024-01-01,2024-12-31 23:55:00,0
flow,2024,FW.PSR.01,105408,105408,2024-01-01,2024-12-31 23:55:00,0
flow,2024,FW.RMT.01,105408,105408,2024-01-01,2024-12-31 23:55:00,0
flow,2024,FW.SBR.01,105408,105408,2024-01-01,2024-12-31 23:55:00,0
flow,2024,FW.SSB.01,105408,105408,2024-01-01,2024-12-31 23:55:00,0
flow,2024,FW.SSB.03,105408,105408,2024-01-01,2024-12-31 23:55:00,0
flow,2024,FW.SSM.01,105408,105408,2024-01-01,2024-12-31 23:55:00,0
flow,2025,FW.KKY.01,105120,105120,2025-01-01,2025-12-31 23:55:00,0
flow,2025,FW.LMT.01,105120,105120,2025-01-01,2025-12-31 23:55:00,0
flow,2025,FW.LPW.01,105120,105120,2025-01-01,2025-12-31 23:55:00,0
flow,2025,FW.SBR.01,105120,105120,2025-01-01,2025-12-31 23:55:00,0
flow,2025,FW.PSR.01,105120,105120,2025-01-01,2025-12-31 23:55:00,0
flow,2025,FW.RMT.01,105120,105120,2025-01-01,2025-12-31 23:55:00,0
flow,2025,FW.SSB.01,105120,105120,2025-01-01,2025-12-31 23:55:00,0
flow,2025,FW.SSB.03,105120,105120,2025-01-01,2025-12-31 23:55:00,0
flow,2025,FW.SSM.01,105120,105120,2025-01-01,2025-12-31 23:55:00,0
flow,2025,FW.KSW.01,105120,105120,2025-01-01,2025-12-31 23:55:00,0
flow,2025,FW.K3W.01,105120,105120,2025-01-01,2025-12-31 23:55:00,0
flow,2025,FW.KSO.01,105120,105120,2025-01-01,2025-12-31 23:55:00,0
flow,2025,FW.PWT.01,105120,105120,2025-01-01,2025-12-31 23:55:00,0
flow,2025,FW.SSN.01,105120,105120,2025-01-01,2025-12-31 23:55:00,0
flow,2025,FW.K4W.01,105120,105120,2025-01-01,2025-12-31 23:55:00,0
flow,2025,FW.KNG.01,105120,105120,2025-01-01,2025-12-31 23:55:00,0
flow,2025,FW.PKG.01,105120,105120,2025-01-01,2025-12-31 23:55:00,0
flow,2025,FW.SST.01,105120,105120,2025-01-01,2025-12-31 23:55:00,0
flow,2025,FW.TWW.01,105120,105120,2025-01-01,2025-12-31 23:55:00,0
flow,2025,FW.PNJ.01,105120,105120,2025-01-01,2025-12-31 23:55:00,0
flow,2025,FW.PSC.01,105120,105120,2025-01-01,2025-12-31 23:55:00,0
flow,2025,FW.BKG.01,105120,105120,2025-01-01,2025-12-31 23:55:00,0
flow,2025,FW.BBU.01,105120,105120,2025-01-01,2025-12-31 23:55:00,0
flow,2025,FW.BKA.02,105120,105120,2025-01-01,2025-12-31 23:55:00,0
flow,2025,FW.BSU.01,105120,105120,2025-01-01,2025-12-31 23:55:00,0
flow,2025,FW.K2W.01,105120,105120,2025-01-01,2025-12-31 23:55:00,0
flow,2025,FW.KPM.01,105120,105120,2025-01-01,2025-12-31 23:55:00,0
flow,2025,FW.KPM.02,105120,105120,2025-01-01,2025-12-31 23:55:00,0
flow,2025,FW.SSB.02,105120,105120,2025-01-01,2025-12-31 23:55:00,0
flow,2025,FW.LKB.01,105120,105120,2025-01-01,2025-12-31 23:55:00,0
rain,2019,RF.BBN.02,105120,105120,2019-01-01,2019-12-31 23:55:00,0
rain,2019,RF.BKM.01,105120,105120,2019-01-01,2019-12-31 23:55:00,0
rain,2019,RF.BKT.03,105120,105120,2019-01-01,2019-12-31 23:55:00,0
rain,2019,RF.BKT.05,105120,105120,2019-01-01,2019-12-31 23:55:00,0
rain,2019,RF.BNA.03,105120,105120,2019-01-01,2019-12-31 23:55:00,0
rain,2019,RF.DDG.02,105120,105120,2019-01-01,2019-12-31 23:55:00,0
rain,2019,RF.HKG.02,105120,105120,2019-01-01,2019-12-31 23:55:00,0
rain,2019,RF.JTG.03,105120,105120,2019-01-01,2019-12-31 23:55:00,0
rain,2019,RF.LPW.01,105120,105120,2019-01-01,2019-12-31 23:55:00,0
rain,2019,RF.LSI.03,105120,105120,2019-01-01,2019-12-31 23:55:00,0
rain,2019,RF.MBR.01,105120,105120,2019-01-01,2019-12-31 23:55:00,0
rain,2019,RF.NJK.02,105120,105120,2019-01-01,2019-12-31 23:55:00,0
rain,2019,RF.NJK.03,105120,105120,2019-01-01,2019-12-31 23:55:00,0
rain,2019,RF.NJK.04,105120,105120,2019-01-01,2019-12-31 23:55:00,0
rain,2019,RF.NJK.05,105120,105120,2019-01-01,2019-12-31 23:55:00,0
rain,2019,RF.NJK.07,105120,105120,2019-01-01,2019-12-31 23:55:00,0
rain,2019,RF.NKM.02,105120,105120,2019-01-01,2019-12-31 23:55:00,0
rain,2019,RF.PKN.04,105120,105120,2019-01-01,2019-12-31 23:55:00,0
rain,2019,RF.PNK.02,105120,105120,2019-01-01,2019-12-31 23:55:00,0
rain,2019,RF.PSC.03,105120,105120,2019-01-01,2019-12-31 23:55:00,0
rain,2019,RF.RTW.03,105120,105120,2019-01-01,2019-12-31 23:55:00,0
rain,2019,RF.SMI.02,105120,105120,2019-01-01,2019-12-31 23:55:00,0
rain,2019,RF.TBR.01,105120,105120,2019-01-01,2019-12-31 23:55:00,0
rain,2019,RF.TWW.01,105120,105120,2019-01-01,2019-12-31 23:55:00,0
rain,2019,RF.BKE.01,105120,105120,2019-01-01,2019-12-31 23:55:00,0
rain,2019,RF.BPD.01,105120,105120,2019-01-01,2019-12-31 23:55:00,0
rain,2019,RF.BSU.02,105120,105120,2019-01-01,2019-12-31 23:55:00,0
rain,2019,RF.DMG.01,105120,105120,2019-01-01,2019-12-31 23:55:00,0
rain,2019,RF.KNY.02,105120,105120,2019-01-01,2019-12-31 23:55:00,0
rain,2019,RF.LSI.01,105120,105120,2019-01-01,2019-12-31 23:55:00,0
rain,2019,RF.PNK.03,105120,105120,2019-01-01,2019-12-31 23:55:00,0
rain,2019,RF.PSC.01,105120,105120,2019-01-01,2019-12-31 23:55:00,0
rain,2019,RF.PTW.01,105120,105120,2019-01-01,2019-12-31 23:55:00,0
rain,2019,RF.TBR.02,105120,105120,2019-01-01,2019-12-31 23:55:00,0
rain,2019,RF.BKA.01,105120,105120,2019-01-01,2019-12-31 23:55:00,0
rain,2019,RF.BKA.02,105120,105120,2019-01-01,2019-12-31 23:55:00,0
rain,2019,RF.BKE.04,105120,105120,2019-01-01,2019-12-31 23:55:00,0
rain,2019,RF.BKL.02,105120,105120,2019-01-01,2019-12-31 23:55:00,0
rain,2019,RF.BKN.01,105120,105120,2019-01-01,2019-12-31 23:55:00,0
rain,2019,RF.BKT.04,105120,105120,2019-01-01,2019-12-31 23:55:00,0
rain,2019,RF.CTC.01,105120,105120,2019-01-01,2019-12-31 23:55:00,0
rain,2019,RF.CTC.03,105120,105120,2019-01-01,2019-12-31 23:55:00,0
rain,2019,RF.DST.01,105120,105120,2019-01-01,2019-12-31 23:55:00,0
rain,2019,RF.JTG.01,105120,105120,2019-01-01,2019-12-31 23:55:00,0
rain,2019,RF.KSW.02,105120,105120,2019-01-01,2019-12-31 23:55:00,0
rain,2019,RF.KTY.04,105120,105120,2019-01-01,2019-12-31 23:55:00,0
rain,2019,RF.LKB.03,105120,105120,2019-01-01,2019-12-31 23:55:00,0
rain,2019,RF.NKM.01,105120,105120,2019-01-01,2019-12-31 23:55:00,0
rain,2019,RF.PKN.01,105120,105120,2019-01-01,2019-12-31 23:55:00,0
rain,2019,RF.PKN.03,105120,105120,2019-01-01,2019-12-31 23:55:00,0
rain,2019,RF.PTW.02,105120,105120,2019-01-01,2019-12-31 23:55:00,0
rain,2019,RF.SPK.01,105120,105120,2019-01-01,2019-12-31 23:55:00,0
rain,2019,RF.STN.01,105120,105120,2019-01-01,2019-12-31 23:55:00,0
rain,2019,RF.TLC.03,105120,105120,2019-01-01,2019-12-31 23:55:00,0
rain,2019,RF.TWW.02,105120,105120,2019-01-01,2019-12-31 23:55:00,0
rain,2019,RF.TWW.03,105120,105120,2019-01-01,2019-12-31 23:55:00,0
rain,2019,RF.WTN.02,105120,105120,2019-01-01,2019-12-31 23:55:00,0
rain,2019,RF.YNW.01,105120,105120,2019-01-01,2019-12-31 23:55:00,0
rain,2019,RF.BKL.01,105120,105120,2019-01-01,2019-12-31 23:55:00,0
rain,2019,RF.BKP.02,105120,105120,2019-01-01,2019-12-31 23:55:00,0
rain,2019,RF.BSU.03,105120,105120,2019-01-01,2019-12-31 23:55:00,0
rain,2019,RF.JTG.02,105120,105120,2019-01-01,2019-12-31 23:55:00,0
rain,2019,RF.KSW.03,105120,105120,2019-01-01,2019-12-31 23:55:00,0
rain,2019,RF.LKB.04,105120,105120,2019-01-01,2019-12-31 23:55:00,0
rain,2019,RF.MBR.05,105120,105120,2019-01-01,2019-12-31 23:55:00,0
rain,2019,RF.PSC.04,105120,105120,2019-01-01,2019-12-31 23:55:00,0
rain,2019,RF.PWT.03,105120,105120,2019-01-01,2019-12-31 23:55:00,0
rain,2019,RF.SMI.03,105120,105120,2019-01-01,2019-12-31 23:55:00,0
rain,2019,RF.SMI.04,105120,105120,2019-01-01,2019-12-31 23:55:00,0
rain,2019,RF.STN.02,105120,105120,2019-01-01,2019-12-31 23:55:00,0
rain,2019,RF.BKN.02,105120,105120,2019-01-01,2019-12-31 23:55:00,0
rain,2019,RF.BKT.01,105120,105120,2019-01-01,2019-12-31 23:55:00,0
rain,2019,RF.BNA.02,105120,105120,2019-01-01,2019-12-31 23:55:00,0
rain,2019,RF.BRK.02,105120,105120,2019-01-01,2019-12-31 23:55:00,0
rain,2019,RF.BSU.01,105120,105120,2019-01-01,2019-12-31 23:55:00,0
rain,2019,RF.HKG.01,105120,105120,2019-01-01,2019-12-31 23:55:00,0
rain,2019,RF.KSN.02,105120,105120,2019-01-01,2019-12-31 23:55:00,0
rain,2019,RF.KSW.01,105120,105120,2019-01-01,2019-12-31 23:55:00,0
rain,2019,RF.KTY.02,105120,105120,2019-01-01,2019-12-31 23:55:00,0
rain,2019,RF.KTY.03,105120,105120,2019-01-01,2019-12-31 23:55:00,0
rain,2019,RF.LSI.02,105120,105120,2019-01-01,2019-12-31 23:55:00,0
rain,2019,RF.MBR.03,105120,105120,2019-01-01,2019-12-31 23:55:00,0
rain,2019,RF.NKM.03,105120,105120,2019-01-01,2019-12-31 23:55:00,0
rain,2019,RF.PNK.01,105120,105120,2019-01-01,2019-12-31 23:55:00,0
rain,2019,RF.PPS.01,105120,105120,2019-01-01,2019-12-31 23:55:00,0
rain,2019,RF.PWT.01,105120,105120,2019-01-01,2019-12-31 23:55:00,0
rain,2019,RF.PWT.02,105120,105120,2019-01-01,2019-12-31 23:55:00,0
rain,2019,RF.RTW.02,105120,105120,2019-01-01,2019-12-31 23:55:00,0
rain,2019,RF.SPW.01,105120,105120,2019-01-01,2019-12-31 23:55:00,0
rain,2019,RF.WTL.03,105120,105120,2019-01-01,2019-12-31 23:55:00,0
rain,2019,RF.BKY.01,105120,105120,2019-01-01,2019-12-31 23:55:00,0
rain,2019,RF.BNA.01,105120,105120,2019-01-01,2019-12-31 23:55:00,0
rain,2019,RF.CTC.02,105120,105120,2019-01-01,2019-12-31 23:55:00,0
rain,2019,RF.PKN.02,105120,105120,2019-01-01,2019-12-31 23:55:00,0
rain,2019,RF.RBN.02,105120,105120,2019-01-01,2019-12-31 23:55:00,0
rain,2019,RF.SMI.01,105120,105120,2019-01-01,2019-12-31 23:55:00,0
rain,2019,RF.TKU.02,105120,105120,2019-01-01,2019-12-31 23:55:00,0
rain,2019,RF.WTL.02,105120,105120,2019-01-01,2019-12-31 23:55:00,0
rain,2019,RF.BBN.01,105120,105120,2019-01-01,2019-12-31 23:55:00,0
rain,2019,RF.RBN.01,105120,105120,2019-01-01,2019-12-31 23:55:00,0
rain,2019,RF.WTN.01,105120,105120,2019-01-01,2019-12-31 23:55:00,0
rain,2019,RF.BKE.02,105120,105120,2019-01-01,2019-12-31 23:55:00,0
rain,2019,RF.BKE.03,105120,105120,2019-01-01,2019-12-31 23:55:00,0
rain,2019,RF.BKT.02,105120,105120,2019-01-01,2019-12-31 23:55:00,0
rain,2019,RF.BKY.02,105120,105120,2019-01-01,2019-12-31 23:55:00,0
rain,2019,RF.BRK.01,105120,105120,2019-01-01,2019-12-31 23:55:00,0
rain,2019,RF.BSU.04,105120,105120,2019-01-01,2019-12-31 23:55:00,0
rain,2019,RF.KSN.01,105120,105120,2019-01-01,2019-12-31 23:55:00,0
rain,2019,RF.KTY.01,105120,105120,2019-01-01,2019-12-31 23:55:00,0
rain,2019,RF.LKB.02,105120,105120,2019-01-01,2019-12-31 23:55:00,0
rain,2019,RF.NJK.01,105120,105120,2019-01-01,2019-12-31 23:55:00,0
rain,2019,RF.PSC.05,105120,105120,2019-01-01,2019-12-31 23:55:00,0
rain,2019,RF.PYT.01,105120,105120,2019-01-01,2019-12-31 23:55:00,0
rain,2019,RF.RTW.01,105120,105120,2019-01-01,2019-12-31 23:55:00,0
rain,2019,RF.SLG.02,105120,105120,2019-01-01,2019-12-31 23:55:00,0
rain,2019,RF.SPS.02,105120,105120,2019-01-01,2019-12-31 23:55:00,0
rain,2019,RF.TKU.01,105120,105120,2019-01-01,2019-12-31 23:55:00,0
rain,2019,RF.TLC.01,105120,105120,2019-01-01,2019-12-31 23:55:00,0
rain,2019,RF.TLC.02,105120,105120,2019-01-01,2019-12-31 23:55:00,0
rain,2019,RF.WTL.01,105120,105120,2019-01-01,2019-12-31 23:55:00,0
rain,2019,RF.YNW.03,105120,105120,2019-01-01,2019-12-31 23:55:00,0
rain,2019,RF.DST.02,105120,105120,2019-01-01,2019-12-31 23:55:00,0
rain,2019,RF.KTY.05,105120,105120,2019-01-01,2019-12-31 23:55:00,0
rain,2019,RF.MBR.02,105120,105120,2019-01-01,2019-12-31 23:55:00,0
rain,2019,RF.SLG.01,105120,105120,2019-01-01,2019-12-31 23:55:00,0
rain,2019,RF.SPS.01,105120,105120,2019-01-01,2019-12-31 23:55:00,0
rain,2019,RF.TBR.03,105120,105120,2019-01-01,2019-12-31 23:55:00,0
rain,2019,RF.TWW.04,105120,105120,2019-01-01,2019-12-31 23:55:00,0
rain,2019,RF.YNW.02,105120,105120,2019-01-01,2019-12-31 23:55:00,0
rain,2019,RF.NJK.06,105120,105120,2019-01-01,2019-12-31 23:55:00,0
rain,2020,RF.BBN.02,105408,105408,2020-01-01,2020-12-31 23:55:00,0
rain,2020,RF.BKE.01,105408,105408,2020-01-01,2020-12-31 23:55:00,0
rain,2020,RF.BKM.01,105408,105408,2020-01-01,2020-12-31 23:55:00,0
rain,2020,RF.BKT.03,105408,105408,2020-01-01,2020-12-31 23:55:00,0
rain,2020,RF.BKT.05,105408,105408,2020-01-01,2020-12-31 23:55:00,0
rain,2020,RF.BNA.03,105408,105408,2020-01-01,2020-12-31 23:55:00,0
rain,2020,RF.BPD.01,105408,105408,2020-01-01,2020-12-31 23:55:00,0
rain,2020,RF.DMG.01,105408,105408,2020-01-01,2020-12-31 23:55:00,0
rain,2020,RF.HKG.02,105408,105408,2020-01-01,2020-12-31 23:55:00,0
rain,2020,RF.JTG.03,105408,105408,2020-01-01,2020-12-31 23:55:00,0
rain,2020,RF.KNY.02,105408,105408,2020-01-01,2020-12-31 23:55:00,0
rain,2020,RF.LSI.01,105408,105408,2020-01-01,2020-12-31 23:55:00,0
rain,2020,RF.LSI.03,105408,105408,2020-01-01,2020-12-31 23:55:00,0
rain,2020,RF.MBR.01,105408,105408,2020-01-01,2020-12-31 23:55:00,0
rain,2020,RF.NJK.02,105408,105408,2020-01-01,2020-12-31 23:55:00,0
rain,2020,RF.NJK.03,105408,105408,2020-01-01,2020-12-31 23:55:00,0
rain,2020,RF.NJK.04,105408,105408,2020-01-01,2020-12-31 23:55:00,0
rain,2020,RF.NJK.05,105408,105408,2020-01-01,2020-12-31 23:55:00,0
rain,2020,RF.NJK.07,105408,105408,2020-01-01,2020-12-31 23:55:00,0
rain,2020,RF.NKM.02,105408,105408,2020-01-01,2020-12-31 23:55:00,0
rain,2020,RF.PKN.04,105408,105408,2020-01-01,2020-12-31 23:55:00,0
rain,2020,RF.PNK.03,105408,105408,2020-01-01,2020-12-31 23:55:00,0
rain,2020,RF.PSC.01,105408,105408,2020-01-01,2020-12-31 23:55:00,0
rain,2020,RF.PTW.01,105408,105408,2020-01-01,2020-12-31 23:55:00,0
rain,2020,RF.TBR.02,105408,105408,2020-01-01,2020-12-31 23:55:00,0
rain,2020,RF.TWW.01,105408,105408,2020-01-01,2020-12-31 23:55:00,0
rain,2020,RF.BSU.02,105408,105408,2020-01-01,2020-12-31 23:55:00,0
rain,2020,RF.DDG.02,105408,105408,2020-01-01,2020-12-31 23:55:00,0
rain,2020,RF.LPW.01,105408,105408,2020-01-01,2020-12-31 23:55:00,0
rain,2020,RF.PNK.02,105408,105408,2020-01-01,2020-12-31 23:55:00,0
rain,2020,RF.PSC.03,105408,105408,2020-01-01,2020-12-31 23:55:00,0
rain,2020,RF.RTW.03,105408,105408,2020-01-01,2020-12-31 23:55:00,0
rain,2020,RF.SMI.02,105408,105408,2020-01-01,2020-12-31 23:55:00,0
rain,2020,RF.TBR.01,105408,105408,2020-01-01,2020-12-31 23:55:00,0
rain,2020,RF.BKA.02,105408,105408,2020-01-01,2020-12-31 23:55:00,0
rain,2020,RF.BKE.04,105408,105408,2020-01-01,2020-12-31 23:55:00,0
rain,2020,RF.BKL.02,105408,105408,2020-01-01,2020-12-31 23:55:00,0
rain,2020,RF.BKN.01,105408,105408,2020-01-01,2020-12-31 23:55:00,0
rain,2020,RF.BKP.02,105408,105408,2020-01-01,2020-12-31 23:55:00,0
rain,2020,RF.CTC.01,105408,105408,2020-01-01,2020-12-31 23:55:00,0
rain,2020,RF.CTC.03,105408,105408,2020-01-01,2020-12-31 23:55:00,0
rain,2020,RF.DST.01,105408,105408,2020-01-01,2020-12-31 23:55:00,0
rain,2020,RF.JTG.01,105408,105408,2020-01-01,2020-12-31 23:55:00,0
rain,2020,RF.JTG.02,105408,105408,2020-01-01,2020-12-31 23:55:00,0
rain,2020,RF.KSW.03,105408,105408,2020-01-01,2020-12-31 23:55:00,0
rain,2020,RF.KTY.04,105408,105408,2020-01-01,2020-12-31 23:55:00,0
rain,2020,RF.LKB.03,105408,105408,2020-01-01,2020-12-31 23:55:00,0
rain,2020,RF.LKB.04,105408,105408,2020-01-01,2020-12-31 23:55:00,0
rain,2020,RF.MBR.05,105408,105408,2020-01-01,2020-12-31 23:55:00,0
rain,2020,RF.NKM.01,105408,105408,2020-01-01,2020-12-31 23:55:00,0
rain,2020,RF.PSC.04,105408,105408,2020-01-01,2020-12-31 23:55:00,0
rain,2020,RF.PWT.03,105408,105408,2020-01-01,2020-12-31 23:55:00,0
rain,2020,RF.SMI.03,105408,105408,2020-01-01,2020-12-31 23:55:00,0
rain,2020,RF.SPK.01,105408,105408,2020-01-01,2020-12-31 23:55:00,0
rain,2020,RF.STN.02,105408,105408,2020-01-01,2020-12-31 23:55:00,0
rain,2020,RF.TLC.03,105408,105408,2020-01-01,2020-12-31 23:55:00,0
rain,2020,RF.TWW.03,105408,105408,2020-01-01,2020-12-31 23:55:00,0
rain,2020,RF.WTN.02,105408,105408,2020-01-01,2020-12-31 23:55:00,0
rain,2020,RF.YNW.01,105408,105408,2020-01-01,2020-12-31 23:55:00,0
rain,2020,RF.BKA.01,105408,105408,2020-01-01,2020-12-31 23:55:00,0
rain,2020,RF.BKL.01,105408,105408,2020-01-01,2020-12-31 23:55:00,0
rain,2020,RF.BKT.04,105408,105408,2020-01-01,2020-12-31 23:55:00,0
rain,2020,RF.BSU.03,105408,105408,2020-01-01,2020-12-31 23:55:00,0
rain,2020,RF.KSW.02,105408,105408,2020-01-01,2020-12-31 23:55:00,0
rain,2020,RF.PKN.01,105408,105408,2020-01-01,2020-12-31 23:55:00,0
rain,2020,RF.PKN.03,105408,105408,2020-01-01,2020-12-31 23:55:00,0
rain,2020,RF.PTW.02,105408,105408,2020-01-01,2020-12-31 23:55:00,0
rain,2020,RF.SMI.04,105408,105408,2020-01-01,2020-12-31 23:55:00,0
rain,2020,RF.STN.01,105408,105408,2020-01-01,2020-12-31 23:55:00,0
rain,2020,RF.TWW.02,105408,105408,2020-01-01,2020-12-31 23:55:00,0
rain,2020,RF.BKE.02,105408,105408,2020-01-01,2020-12-31 23:55:00,0
rain,2020,RF.BKE.03,105408,105408,2020-01-01,2020-12-31 23:55:00,0
rain,2020,RF.BKT.02,105408,105408,2020-01-01,2020-12-31 23:55:00,0
rain,2020,RF.BRK.01,105408,105408,2020-01-01,2020-12-31 23:55:00,0
rain,2020,RF.BSU.04,105408,105408,2020-01-01,2020-12-31 23:55:00,0
rain,2020,RF.KSN.01,105408,105408,2020-01-01,2020-12-31 23:55:00,0
rain,2020,RF.KTY.05,105408,105408,2020-01-01,2020-12-31 23:55:00,0
rain,2020,RF.MBR.02,105408,105408,2020-01-01,2020-12-31 23:55:00,0
rain,2020,RF.NJK.01,105408,105408,2020-01-01,2020-12-31 23:55:00,0
rain,2020,RF.NJK.06,105408,105408,2020-01-01,2020-12-31 23:55:00,0
rain,2020,RF.SLG.01,105408,105408,2020-01-01,2020-12-31 23:55:00,0
rain,2020,RF.SPS.01,105408,105408,2020-01-01,2020-12-31 23:55:00,0
rain,2020,RF.SPS.02,105408,105408,2020-01-01,2020-12-31 23:55:00,0
rain,2020,RF.TBR.03,105408,105408,2020-01-01,2020-12-31 23:55:00,0
rain,2020,RF.TKU.01,105408,105408,2020-01-01,2020-12-31 23:55:00,0
rain,2020,RF.TLC.01,105408,105408,2020-01-01,2020-12-31 23:55:00,0
rain,2020,RF.TLC.02,105408,105408,2020-01-01,2020-12-31 23:55:00,0
rain,2020,RF.TWW.04,105408,105408,2020-01-01,2020-12-31 23:55:00,0
rain,2020,RF.YNW.02,105408,105408,2020-01-01,2020-12-31 23:55:00,0
rain,2020,RF.BKY.02,105408,105408,2020-01-01,2020-12-31 23:55:00,0
rain,2020,RF.DST.02,105408,105408,2020-01-01,2020-12-31 23:55:00,0
rain,2020,RF.KTY.01,105408,105408,2020-01-01,2020-12-31 23:55:00,0
rain,2020,RF.LKB.02,105408,105408,2020-01-01,2020-12-31 23:55:00,0
rain,2020,RF.PSC.05,105408,105408,2020-01-01,2020-12-31 23:55:00,0
rain,2020,RF.PYT.01,105408,105408,2020-01-01,2020-12-31 23:55:00,0
rain,2020,RF.RTW.01,105408,105408,2020-01-01,2020-12-31 23:55:00,0
rain,2020,RF.SLG.02,105408,105408,2020-01-01,2020-12-31 23:55:00,0
rain,2020,RF.WTL.01,105408,105408,2020-01-01,2020-12-31 23:55:00,0
rain,2020,RF.YNW.03,105408,105408,2020-01-01,2020-12-31 23:55:00,0
rain,2020,RF.BBN.01,105408,105408,2020-01-01,2020-12-31 23:55:00,0
rain,2020,RF.BKN.02,105408,105408,2020-01-01,2020-12-31 23:55:00,0
rain,2020,RF.BKY.01,105408,105408,2020-01-01,2020-12-31 23:55:00,0
rain,2020,RF.BNA.01,105408,105408,2020-01-01,2020-12-31 23:55:00,0
rain,2020,RF.BSU.01,105408,105408,2020-01-01,2020-12-31 23:55:00,0
rain,2020,RF.HKG.01,105408,105408,2020-01-01,2020-12-31 23:55:00,0
rain,2020,RF.KSN.02,105408,105408,2020-01-01,2020-12-31 23:55:00,0
rain,2020,RF.KSW.01,105408,105408,2020-01-01,2020-12-31 23:55:00,0
rain,2020,RF.KTY.02,105408,105408,2020-01-01,2020-12-31 23:55:00,0
rain,2020,RF.KTY.03,105408,105408,2020-01-01,2020-12-31 23:55:00,0
rain,2020,RF.LSI.02,105408,105408,2020-01-01,2020-12-31 23:55:00,0
rain,2020,RF.MBR.03,105408,105408,2020-01-01,2020-12-31 23:55:00,0
rain,2020,RF.PKN.02,105408,105408,2020-01-01,2020-12-31 23:55:00,0
rain,2020,RF.PNK.01,105408,105408,2020-01-01,2020-12-31 23:55:00,0
rain,2020,RF.PWT.01,105408,105408,2020-01-01,2020-12-31 23:55:00,0
rain,2020,RF.PWT.02,105408,105408,2020-01-01,2020-12-31 23:55:00,0
rain,2020,RF.RBN.01,105408,105408,2020-01-01,2020-12-31 23:55:00,0
rain,2020,RF.RBN.02,105408,105408,2020-01-01,2020-12-31 23:55:00,0
rain,2020,RF.RTW.02,105408,105408,2020-01-01,2020-12-31 23:55:00,0
rain,2020,RF.SMI.01,105408,105408,2020-01-01,2020-12-31 23:55:00,0
rain,2020,RF.SPW.01,105408,105408,2020-01-01,2020-12-31 23:55:00,0
rain,2020,RF.TKU.02,105408,105408,2020-01-01,2020-12-31 23:55:00,0
rain,2020,RF.WTL.02,105408,105408,2020-01-01,2020-12-31 23:55:00,0
rain,2020,RF.WTL.03,105408,105408,2020-01-01,2020-12-31 23:55:00,0
rain,2020,RF.WTN.01,105408,105408,2020-01-01,2020-12-31 23:55:00,0
rain,2020,RF.BKT.01,105408,105408,2020-01-01,2020-12-31 23:55:00,0
rain,2020,RF.BNA.02,105408,105408,2020-01-01,2020-12-31 23:55:00,0
rain,2020,RF.BRK.02,105408,105408,2020-01-01,2020-12-31 23:55:00,0
rain,2020,RF.CTC.02,105408,105408,2020-01-01,2020-12-31 23:55:00,0
rain,2020,RF.NKM.03,105408,105408,2020-01-01,2020-12-31 23:55:00,0
rain,2020,RF.PPS.01,105408,105408,2020-01-01,2020-12-31 23:55:00,0
rain,2021,RF.BKY.01,105120,105120,2021-01-01,2021-12-31 23:55:00,0
rain,2021,RF.BNA.02,105120,105120,2021-01-01,2021-12-31 23:55:00,0
rain,2021,RF.BRK.02,105120,105120,2021-01-01,2021-12-31 23:55:00,0
rain,2021,RF.BSU.01,105120,105120,2021-01-01,2021-12-31 23:55:00,0
rain,2021,RF.HKG.01,105120,105120,2021-01-01,2021-12-31 23:55:00,0
rain,2021,RF.KSW.01,105120,105120,2021-01-01,2021-12-31 23:55:00,0
rain,2021,RF.KTY.02,105120,105120,2021-01-01,2021-12-31 23:55:00,0
rain,2021,RF.KTY.03,105120,105120,2021-01-01,2021-12-31 23:55:00,0
rain,2021,RF.LSI.02,105120,105120,2021-01-01,2021-12-31 23:55:00,0
rain,2021,RF.MBR.03,105120,105120,2021-01-01,2021-12-31 23:55:00,0
rain,2021,RF.NKM.03,105120,105120,2021-01-01,2021-12-31 23:55:00,0
rain,2021,RF.PKN.02,105120,105120,2021-01-01,2021-12-31 23:55:00,0
rain,2021,RF.PNK.01,105120,105120,2021-01-01,2021-12-31 23:55:00,0
rain,2021,RF.PPS.01,105120,105120,2021-01-01,2021-12-31 23:55:00,0
rain,2021,RF.PWT.01,105120,105120,2021-01-01,2021-12-31 23:55:00,0
rain,2021,RF.PWT.02,105120,105120,2021-01-01,2021-12-31 23:55:00,0
rain,2021,RF.RTW.02,105120,105120,2021-01-01,2021-12-31 23:55:00,0
rain,2021,RF.SMI.01,105120,105120,2021-01-01,2021-12-31 23:55:00,0
rain,2021,RF.SPW.01,105120,105120,2021-01-01,2021-12-31 23:55:00,0
rain,2021,RF.TKU.02,105120,105120,2021-01-01,2021-12-31 23:55:00,0
rain,2021,RF.WTL.02,105120,105120,2021-01-01,2021-12-31 23:55:00,0
rain,2021,RF.WTL.03,105120,105120,2021-01-01,2021-12-31 23:55:00,0
rain,2021,RF.BBN.01,105120,105120,2021-01-01,2021-12-31 23:55:00,0
rain,2021,RF.BNA.01,105120,105120,2021-01-01,2021-12-31 23:55:00,0
rain,2021,RF.CTC.02,105120,105120,2021-01-01,2021-12-31 23:55:00,0
rain,2021,RF.KSN.02,105120,105120,2021-01-01,2021-12-31 23:55:00,0
rain,2021,RF.RBN.01,105120,105120,2021-01-01,2021-12-31 23:55:00,0
rain,2021,RF.RBN.02,105120,105120,2021-01-01,2021-12-31 23:55:00,0
rain,2021,RF.WTN.01,105120,105120,2021-01-01,2021-12-31 23:55:00,0
rain,2021,RF.BKN.02,105120,105120,2021-01-01,2021-12-31 23:55:00,0
rain,2021,RF.BKT.01,105120,105120,2021-01-01,2021-12-31 23:55:00,0
rain,2021,RF.BKA.01,105120,105120,2021-01-01,2021-12-31 23:55:00,0
rain,2021,RF.BKE.04,105120,105120,2021-01-01,2021-12-31 23:55:00,0
rain,2021,RF.BKL.02,105120,105120,2021-01-01,2021-12-31 23:55:00,0
rain,2021,RF.BKN.01,105120,105120,2021-01-01,2021-12-31 23:55:00,0
rain,2021,RF.BKP.02,105120,105120,2021-01-01,2021-12-31 23:55:00,0
rain,2021,RF.BSU.03,105120,105120,2021-01-01,2021-12-31 23:55:00,0
rain,2021,RF.CTC.01,105120,105120,2021-01-01,2021-12-31 23:55:00,0
rain,2021,RF.CTC.03,105120,105120,2021-01-01,2021-12-31 23:55:00,0
rain,2021,RF.DST.01,105120,105120,2021-01-01,2021-12-31 23:55:00,0
rain,2021,RF.JTG.01,105120,105120,2021-01-01,2021-12-31 23:55:00,0
rain,2021,RF.JTG.02,105120,105120,2021-01-01,2021-12-31 23:55:00,0
rain,2021,RF.KSW.03,105120,105120,2021-01-01,2021-12-31 23:55:00,0
rain,2021,RF.LKB.03,105120,105120,2021-01-01,2021-12-31 23:55:00,0
rain,2021,RF.LKB.04,105120,105120,2021-01-01,2021-12-31 23:55:00,0
rain,2021,RF.MBR.05,105120,105120,2021-01-01,2021-12-31 23:55:00,0
rain,2021,RF.PKN.03,105120,105120,2021-01-01,2021-12-31 23:55:00,0
rain,2021,RF.PTW.02,105120,105120,2021-01-01,2021-12-31 23:55:00,0
rain,2021,RF.SMI.03,105120,105120,2021-01-01,2021-12-31 23:55:00,0
rain,2021,RF.SMI.04,105120,105120,2021-01-01,2021-12-31 23:55:00,0
rain,2021,RF.SPK.01,105120,105120,2021-01-01,2021-12-31 23:55:00,0
rain,2021,RF.STN.01,105120,105120,2021-01-01,2021-12-31 23:55:00,0
rain,2021,RF.TWW.03,105120,105120,2021-01-01,2021-12-31 23:55:00,0
rain,2021,RF.WTN.02,105120,105120,2021-01-01,2021-12-31 23:55:00,0
rain,2021,RF.BKL.01,105120,105120,2021-01-01,2021-12-31 23:55:00,0
rain,2021,RF.BKT.04,105120,105120,2021-01-01,2021-12-31 23:55:00,0
rain,2021,RF.KSW.02,105120,105120,2021-01-01,2021-12-31 23:55:00,0
rain,2021,RF.KTY.04,105120,105120,2021-01-01,2021-12-31 23:55:00,0
rain,2021,RF.NKM.01,105120,105120,2021-01-01,2021-12-31 23:55:00,0
rain,2021,RF.PSC.04,105120,105120,2021-01-01,2021-12-31 23:55:00,0
rain,2021,RF.PWT.03,105120,105120,2021-01-01,2021-12-31 23:55:00,0
rain,2021,RF.STN.02,105120,105120,2021-01-01,2021-12-31 23:55:00,0
rain,2021,RF.TLC.03,105120,105120,2021-01-01,2021-12-31 23:55:00,0
rain,2021,RF.TWW.02,105120,105120,2021-01-01,2021-12-31 23:55:00,0
rain,2021,RF.YNW.01,105120,105120,2021-01-01,2021-12-31 23:55:00,0
rain,2021,RF.BKA.02,105120,105120,2021-01-01,2021-12-31 23:55:00,0
rain,2021,RF.PKN.01,105120,105120,2021-01-01,2021-12-31 23:55:00,0
rain,2021,RF.BBN.02,105120,105120,2021-01-01,2021-12-31 23:55:00,0
rain,2021,RF.BKE.01,105120,105120,2021-01-01,2021-12-31 23:55:00,0
rain,2021,RF.BKT.03,105120,105120,2021-01-01,2021-12-31 23:55:00,0
rain,2021,RF.BKT.05,105120,105120,2021-01-01,2021-12-31 23:55:00,0
rain,2021,RF.BNA.03,105120,105120,2021-01-01,2021-12-31 23:55:00,0
rain,2021,RF.BSU.02,105120,105120,2021-01-01,2021-12-31 23:55:00,0
rain,2021,RF.HKG.02,105120,105120,2021-01-01,2021-12-31 23:55:00,0
rain,2021,RF.JTG.03,105120,105120,2021-01-01,2021-12-31 23:55:00,0
rain,2021,RF.KNY.02,105120,105120,2021-01-01,2021-12-31 23:55:00,0
rain,2021,RF.LPW.01,105120,105120,2021-01-01,2021-12-31 23:55:00,0
rain,2021,RF.MBR.01,105120,105120,2021-01-01,2021-12-31 23:55:00,0
rain,2021,RF.NJK.03,105120,105120,2021-01-01,2021-12-31 23:55:00,0
rain,2021,RF.NJK.04,105120,105120,2021-01-01,2021-12-31 23:55:00,0
rain,2021,RF.NJK.05,105120,105120,2021-01-01,2021-12-31 23:55:00,0
rain,2021,RF.NJK.07,105120,105120,2021-01-01,2021-12-31 23:55:00,0
rain,2021,RF.NKM.02,105120,105120,2021-01-01,2021-12-31 23:55:00,0
rain,2021,RF.PNK.03,105120,105120,2021-01-01,2021-12-31 23:55:00,0
rain,2021,RF.PSC.03,105120,105120,2021-01-01,2021-12-31 23:55:00,0
rain,2021,RF.RTW.03,105120,105120,2021-01-01,2021-12-31 23:55:00,0
rain,2021,RF.SMI.02,105120,105120,2021-01-01,2021-12-31 23:55:00,0
rain,2021,RF.TBR.01,105120,105120,2021-01-01,2021-12-31 23:55:00,0
rain,2021,RF.TBR.02,105120,105120,2021-01-01,2021-12-31 23:55:00,0
rain,2021,RF.TWW.01,105120,105120,2021-01-01,2021-12-31 23:55:00,0
rain,2021,RF.BKM.01,105120,105120,2021-01-01,2021-12-31 23:55:00,0
rain,2021,RF.BPD.01,105120,105120,2021-01-01,2021-12-31 23:55:00,0
rain,2021,RF.DDG.02,105120,105120,2021-01-01,2021-12-31 23:55:00,0
rain,2021,RF.LSI.01,105120,105120,2021-01-01,2021-12-31 23:55:00,0
rain,2021,RF.LSI.03,105120,105120,2021-01-01,2021-12-31 23:55:00,0
rain,2021,RF.NJK.02,105120,105120,2021-01-01,2021-12-31 23:55:00,0
rain,2021,RF.PKN.04,105120,105120,2021-01-01,2021-12-31 23:55:00,0
rain,2021,RF.PSC.01,105120,105120,2021-01-01,2021-12-31 23:55:00,0
rain,2021,RF.PTW.01,105120,105120,2021-01-01,2021-12-31 23:55:00,0
rain,2021,RF.DMG.01,105120,105120,2021-01-01,2021-12-31 23:55:00,0
rain,2021,RF.PNK.02,105120,105120,2021-01-01,2021-12-31 23:55:00,0
rain,2021,RF.BKE.02,105120,105120,2021-01-01,2021-12-31 23:55:00,0
rain,2021,RF.BKT.02,105120,105120,2021-01-01,2021-12-31 23:55:00,0
rain,2021,RF.BKY.02,105120,105120,2021-01-01,2021-12-31 23:55:00,0
rain,2021,RF.BRK.01,105120,105120,2021-01-01,2021-12-31 23:55:00,0
rain,2021,RF.BSU.04,105120,105120,2021-01-01,2021-12-31 23:55:00,0
rain,2021,RF.KSN.01,105120,105120,2021-01-01,2021-12-31 23:55:00,0
rain,2021,RF.KTY.05,105120,105120,2021-01-01,2021-12-31 23:55:00,0
rain,2021,RF.LKB.02,105120,105120,2021-01-01,2021-12-31 23:55:00,0
rain,2021,RF.NJK.01,105120,105120,2021-01-01,2021-12-31 23:55:00,0
rain,2021,RF.NJK.06,105120,105120,2021-01-01,2021-12-31 23:55:00,0
rain,2021,RF.PSC.05,105120,105120,2021-01-01,2021-12-31 23:55:00,0
rain,2021,RF.PYT.01,105120,105120,2021-01-01,2021-12-31 23:55:00,0
rain,2021,RF.RTW.01,105120,105120,2021-01-01,2021-12-31 23:55:00,0
rain,2021,RF.SLG.02,105120,105120,2021-01-01,2021-12-31 23:55:00,0
rain,2021,RF.SPS.01,105120,105120,2021-01-01,2021-12-31 23:55:00,0
rain,2021,RF.SPS.02,105120,105120,2021-01-01,2021-12-31 23:55:00,0
rain,2021,RF.TKU.01,105120,105120,2021-01-01,2021-12-31 23:55:00,0
rain,2021,RF.TLC.02,105120,105120,2021-01-01,2021-12-31 23:55:00,0
rain,2021,RF.TWW.04,105120,105120,2021-01-01,2021-12-31 23:55:00,0
rain,2021,RF.WTL.01,105120,105120,2021-01-01,2021-12-31 23:55:00,0
rain,2021,RF.YNW.02,105120,105120,2021-01-01,2021-12-31 23:55:00,0
rain,2021,RF.BKE.03,105120,105120,2021-01-01,2021-12-31 23:55:00,0
rain,2021,RF.DST.02,105120,105120,2021-01-01,2021-12-31 23:55:00,0
rain,2021,RF.KTY.01,105120,105120,2021-01-01,2021-12-31 23:55:00,0
rain,2021,RF.MBR.02,105120,105120,2021-01-01,2021-12-31 23:55:00,0
rain,2021,RF.SLG.01,105120,105120,2021-01-01,2021-12-31 23:55:00,0
rain,2021,RF.TBR.03,105120,105120,2021-01-01,2021-12-31 23:55:00,0
rain,2021,RF.TLC.01,105120,105120,2021-01-01,2021-12-31 23:55:00,0
rain,2021,RF.YNW.03,105120,105120,2021-01-01,2021-12-31 23:55:00,0
rain,2022,RF.BBN.02,105120,105120,2022-01-01,2022-12-31 23:55:00,0
rain,2022,RF.BKE.01,105120,105120,2022-01-01,2022-12-31 23:55:00,0
rain,2022,RF.BKT.03,105120,105120,2022-01-01,2022-12-31 23:55:00,0
rain,2022,RF.BKT.05,105120,105120,2022-01-01,2022-12-31 23:55:00,0
rain,2022,RF.BNA.03,105120,105120,2022-01-01,2022-12-31 23:55:00,0
rain,2022,RF.BPD.01,105120,105120,2022-01-01,2022-12-31 23:55:00,0
rain,2022,RF.HKG.02,105120,105120,2022-01-01,2022-12-31 23:55:00,0
rain,2022,RF.JTG.03,105120,105120,2022-01-01,2022-12-31 23:55:00,0
rain,2022,RF.MBR.01,105120,105120,2022-01-01,2022-12-31 23:55:00,0
rain,2022,RF.NJK.03,105120,105120,2022-01-01,2022-12-31 23:55:00,0
rain,2022,RF.NJK.04,105120,105120,2022-01-01,2022-12-31 23:55:00,0
rain,2022,RF.NJK.05,105120,105120,2022-01-01,2022-12-31 23:55:00,0
rain,2022,RF.NJK.07,105120,105120,2022-01-01,2022-12-31 23:55:00,0
rain,2022,RF.NKM.02,105120,105120,2022-01-01,2022-12-31 23:55:00,0
rain,2022,RF.PNK.02,105120,105120,2022-01-01,2022-12-31 23:55:00,0
rain,2022,RF.PSC.03,105120,105120,2022-01-01,2022-12-31 23:55:00,0
rain,2022,RF.PTW.01,105120,105120,2022-01-01,2022-12-31 23:55:00,0
rain,2022,RF.RTW.03,105120,105120,2022-01-01,2022-12-31 23:55:00,0
rain,2022,RF.SMI.02,105120,105120,2022-01-01,2022-12-31 23:55:00,0
rain,2022,RF.TBR.02,105120,105120,2022-01-01,2022-12-31 23:55:00,0
rain,2022,RF.BKM.01,105120,105120,2022-01-01,2022-12-31 23:55:00,0
rain,2022,RF.BSU.02,105120,105120,2022-01-01,2022-12-31 23:55:00,0
rain,2022,RF.DDG.02,105120,105120,2022-01-01,2022-12-31 23:55:00,0
rain,2022,RF.DMG.01,105120,105120,2022-01-01,2022-12-31 23:55:00,0
rain,2022,RF.KNY.02,105120,105120,2022-01-01,2022-12-31 23:55:00,0
rain,2022,RF.LPW.01,105120,105120,2022-01-01,2022-12-31 23:55:00,0
rain,2022,RF.LSI.03,105120,105120,2022-01-01,2022-12-31 23:55:00,0
rain,2022,RF.NJK.02,105120,105120,2022-01-01,2022-12-31 23:55:00,0
rain,2022,RF.PNK.03,105120,105120,2022-01-01,2022-12-31 23:55:00,0
rain,2022,RF.TBR.01,105120,105120,2022-01-01,2022-12-31 23:55:00,0
rain,2022,RF.TWW.01,105120,105120,2022-01-01,2022-12-31 23:55:00,0
rain,2022,RF.LSI.01,105120,105120,2022-01-01,2022-12-31 23:55:00,0
rain,2022,RF.PKN.04,105120,105120,2022-01-01,2022-12-31 23:55:00,0
rain,2022,RF.PSC.01,105120,105120,2022-01-01,2022-12-31 23:55:00,0
rain,2022,RF.BKA.01,105120,105120,2022-01-01,2022-12-31 23:55:00,0
rain,2022,RF.BKE.04,105120,105120,2022-01-01,2022-12-31 23:55:00,0
rain,2022,RF.BKL.01,105120,105120,2022-01-01,2022-12-31 23:55:00,0
rain,2022,RF.BKL.02,105120,105120,2022-01-01,2022-12-31 23:55:00,0
rain,2022,RF.BKN.01,105120,105120,2022-01-01,2022-12-31 23:55:00,0
rain,2022,RF.BKP.02,105120,105120,2022-01-01,2022-12-31 23:55:00,0
rain,2022,RF.CTC.01,105120,105120,2022-01-01,2022-12-31 23:55:00,0
rain,2022,RF.CTC.03,105120,105120,2022-01-01,2022-12-31 23:55:00,0
rain,2022,RF.DST.01,105120,105120,2022-01-01,2022-12-31 23:55:00,0
rain,2022,RF.JTG.01,105120,105120,2022-01-01,2022-12-31 23:55:00,0
rain,2022,RF.KSW.02,105120,105120,2022-01-01,2022-12-31 23:55:00,0
rain,2022,RF.KSW.03,105120,105120,2022-01-01,2022-12-31 23:55:00,0
rain,2022,RF.LKB.03,105120,105120,2022-01-01,2022-12-31 23:55:00,0
rain,2022,RF.LKB.04,105120,105120,2022-01-01,2022-12-31 23:55:00,0
rain,2022,RF.MBR.05,105120,105120,2022-01-01,2022-12-31 23:55:00,0
rain,2022,RF.PKN.01,105120,105120,2022-01-01,2022-12-31 23:55:00,0
rain,2022,RF.PKN.03,105120,105120,2022-01-01,2022-12-31 23:55:00,0
rain,2022,RF.PTW.02,105120,105120,2022-01-01,2022-12-31 23:55:00,0
rain,2022,RF.PYT.02,104833,104833,2022-01-01,2022-12-31 00:00:00,0
rain,2022,RF.SMI.03,105120,105120,2022-01-01,2022-12-31 23:55:00,0
rain,2022,RF.SMI.04,105120,105120,2022-01-01,2022-12-31 23:55:00,0
rain,2022,RF.SPK.01,105120,105120,2022-01-01,2022-12-31 23:55:00,0
rain,2022,RF.STN.01,105120,105120,2022-01-01,2022-12-31 23:55:00,0
rain,2022,RF.STN.02,105120,105120,2022-01-01,2022-12-31 23:55:00,0
rain,2022,RF.TLC.03,105120,105120,2022-01-01,2022-12-31 23:55:00,0
rain,2022,RF.TWW.03,105120,105120,2022-01-01,2022-12-31 23:55:00,0
rain,2022,RF.BKA.02,105120,105120,2022-01-01,2022-12-31 23:55:00,0
rain,2022,RF.BSU.03,105120,105120,2022-01-01,2022-12-31 23:55:00,0
rain,2022,RF.KTY.04,105120,105120,2022-01-01,2022-12-31 23:55:00,0
rain,2022,RF.PSC.04,105120,105120,2022-01-01,2022-12-31 23:55:00,0
rain,2022,RF.PWT.03,105120,105120,2022-01-01,2022-12-31 23:55:00,0
rain,2022,RF.WTN.02,105120,105120,2022-01-01,2022-12-31 23:55:00,0
rain,2022,RF.YNW.01,105120,105120,2022-01-01,2022-12-31 23:55:00,0
rain,2022,RF.BKT.04,105120,105120,2022-01-01,2022-12-31 23:55:00,0
rain,2022,RF.JTG.02,105120,105120,2022-01-01,2022-12-31 23:55:00,0
rain,2022,RF.NKM.01,105120,105120,2022-01-01,2022-12-31 23:55:00,0
rain,2022,RF.TWW.02,105120,105120,2022-01-01,2022-12-31 23:55:00,0
rain,2022,RF.BKE.02,105120,105120,2022-01-01,2022-12-31 23:55:00,0
rain,2022,RF.BKT.02,105120,105120,2022-01-01,2022-12-31 23:55:00,0
rain,2022,RF.BKY.02,105120,105120,2022-01-01,2022-12-31 23:55:00,0
rain,2022,RF.BRK.01,105120,105120,2022-01-01,2022-12-31 23:55:00,0
rain,2022,RF.BSU.04,105120,105120,2022-01-01,2022-12-31 23:55:00,0
rain,2022,RF.KSN.01,105120,105120,2022-01-01,2022-12-31 23:55:00,0
rain,2022,RF.KTY.01,105120,105120,2022-01-01,2022-12-31 23:55:00,0
rain,2022,RF.KTY.05,105120,105120,2022-01-01,2022-12-31 23:55:00,0
rain,2022,RF.LKB.02,105120,105120,2022-01-01,2022-12-31 23:55:00,0
rain,2022,RF.NJK.01,105120,105120,2022-01-01,2022-12-31 23:55:00,0
rain,2022,RF.NJK.06,105120,105120,2022-01-01,2022-12-31 23:55:00,0
rain,2022,RF.PSC.05,105120,105120,2022-01-01,2022-12-31 23:55:00,0
rain,2022,RF.PYT.01,105120,105120,2022-01-01,2022-12-31 23:55:00,0
rain,2022,RF.SLG.01,105120,105120,2022-01-01,2022-12-31 23:55:00,0
rain,2022,RF.SPS.02,105120,105120,2022-01-01,2022-12-31 23:55:00,0
rain,2022,RF.TBR.03,105120,105120,2022-01-01,2022-12-31 23:55:00,0
rain,2022,RF.TKU.01,105120,105120,2022-01-01,2022-12-31 23:55:00,0
rain,2022,RF.TLC.01,105120,105120,2022-01-01,2022-12-31 23:55:00,0
rain,2022,RF.TLC.02,105120,105120,2022-01-01,2022-12-31 23:55:00,0
rain,2022,RF.TWW.04,105120,105120,2022-01-01,2022-12-31 23:55:00,0
rain,2022,RF.YNW.02,105120,105120,2022-01-01,2022-12-31 23:55:00,0
rain,2022,RF.YNW.03,105120,105120,2022-01-01,2022-12-31 23:55:00,0
rain,2022,RF.BKE.03,105120,105120,2022-01-01,2022-12-31 23:55:00,0
rain,2022,RF.DST.02,105120,105120,2022-01-01,2022-12-31 23:55:00,0
rain,2022,RF.SLG.02,105120,105120,2022-01-01,2022-12-31 23:55:00,0
rain,2022,RF.SPS.01,105120,105120,2022-01-01,2022-12-31 23:55:00,0
rain,2022,RF.MBR.02,105120,105120,2022-01-01,2022-12-31 23:55:00,0
rain,2022,RF.RTW.01,105120,105120,2022-01-01,2022-12-31 23:55:00,0
rain,2022,RF.WTL.01,105120,105120,2022-01-01,2022-12-31 23:55:00,0
rain,2022,RF.BNA.01,105120,105120,2022-01-01,2022-12-31 23:55:00,0
rain,2022,RF.BSU.01,105120,105120,2022-01-01,2022-12-31 23:55:00,0
rain,2022,RF.HKG.01,105120,105120,2022-01-01,2022-12-31 23:55:00,0
rain,2022,RF.KTY.03,105120,105120,2022-01-01,2022-12-31 23:55:00,0
rain,2022,RF.LSI.02,105120,105120,2022-01-01,2022-12-31 23:55:00,0
rain,2022,RF.MBR.03,105120,105120,2022-01-01,2022-12-31 23:55:00,0
rain,2022,RF.NKM.03,105120,105120,2022-01-01,2022-12-31 23:55:00,0
rain,2022,RF.PNK.01,105120,105120,2022-01-01,2022-12-31 23:55:00,0
rain,2022,RF.PPS.01,105120,105120,2022-01-01,2022-12-31 23:55:00,0
rain,2022,RF.PWT.02,105120,105120,2022-01-01,2022-12-31 23:55:00,0
rain,2022,RF.RBN.01,105120,105120,2022-01-01,2022-12-31 23:55:00,0
rain,2022,RF.RBN.02,105120,105120,2022-01-01,2022-12-31 23:55:00,0
rain,2022,RF.RTW.02,105120,105120,2022-01-01,2022-12-31 23:55:00,0
rain,2022,RF.SMI.01,105120,105120,2022-01-01,2022-12-31 23:55:00,0
rain,2022,RF.WTL.02,105120,105120,2022-01-01,2022-12-31 23:55:00,0
rain,2022,RF.WTL.03,105120,105120,2022-01-01,2022-12-31 23:55:00,0
rain,2022,RF.WTN.01,105120,105120,2022-01-01,2022-12-31 23:55:00,0
rain,2022,RF.BBN.01,105120,105120,2022-01-01,2022-12-31 23:55:00,0
rain,2022,RF.BKN.02,105120,105120,2022-01-01,2022-12-31 23:55:00,0
rain,2022,RF.BKT.01,105120,105120,2022-01-01,2022-12-31 23:55:00,0
rain,2022,RF.BKY.01,105120,105120,2022-01-01,2022-12-31 23:55:00,0
rain,2022,RF.CTC.02,105120,105120,2022-01-01,2022-12-31 23:55:00,0
rain,2022,RF.KSN.02,105120,105120,2022-01-01,2022-12-31 23:55:00,0
rain,2022,RF.KSW.01,105120,105120,2022-01-01,2022-12-31 23:55:00,0
rain,2022,RF.KTY.02,105120,105120,2022-01-01,2022-12-31 23:55:00,0
rain,2022,RF.PKN.02,105120,105120,2022-01-01,2022-12-31 23:55:00,0
rain,2022,RF.SPW.01,105120,105120,2022-01-01,2022-12-31 23:55:00,0
rain,2022,RF.TKU.02,105120,105120,2022-01-01,2022-12-31 23:55:00,0
rain,2022,RF.BNA.02,105120,105120,2022-01-01,2022-12-31 23:55:00,0
rain,2022,RF.BRK.02,105120,105120,2022-01-01,2022-12-31 23:55:00,0
rain,2022,RF.PWT.01,105120,105120,2022-01-01,2022-12-31 23:55:00,0
rain,2023,RF.BBN.02,105120,105120,2023-01-01,2023-12-31 23:55:00,0
rain,2023,RF.BKE.01,105120,105120,2023-01-01,2023-12-31 23:55:00,0
rain,2023,RF.BKM.01,105120,105120,2023-01-01,2023-12-31 23:55:00,0
rain,2023,RF.BKT.03,105120,105120,2023-01-01,2023-12-31 23:55:00,0
rain,2023,RF.BKT.05,105120,105120,2023-01-01,2023-12-31 23:55:00,0
rain,2023,RF.BNA.03,105120,105120,2023-01-01,2023-12-31 23:55:00,0
rain,2023,RF.HKG.02,105120,105120,2023-01-01,2023-12-31 23:55:00,0
rain,2023,RF.JTG.03,105120,105120,2023-01-01,2023-12-31 23:55:00,0
rain,2023,RF.KNY.02,105120,105120,2023-01-01,2023-12-31 23:55:00,0
rain,2023,RF.LPW.01,105120,105120,2023-01-01,2023-12-31 23:55:00,0
rain,2023,RF.MBR.01,105120,105120,2023-01-01,2023-12-31 23:55:00,0
rain,2023,RF.NJK.02,105120,105120,2023-01-01,2023-12-31 23:55:00,0
rain,2023,RF.NJK.03,105120,105120,2023-01-01,2023-12-31 23:55:00,0
rain,2023,RF.NJK.04,105120,105120,2023-01-01,2023-12-31 23:55:00,0
rain,2023,RF.NJK.05,105120,105120,2023-01-01,2023-12-31 23:55:00,0
rain,2023,RF.NJK.07,105120,105120,2023-01-01,2023-12-31 23:55:00,0
rain,2023,RF.NKM.02,105120,105120,2023-01-01,2023-12-31 23:55:00,0
rain,2023,RF.PKN.04,105120,105120,2023-01-01,2023-12-31 23:55:00,0
rain,2023,RF.PNK.02,105120,105120,2023-01-01,2023-12-31 23:55:00,0
rain,2023,RF.PSC.03,105120,105120,2023-01-01,2023-12-31 23:55:00,0
rain,2023,RF.PTW.01,105120,105120,2023-01-01,2023-12-31 23:55:00,0
rain,2023,RF.SMI.02,105120,105120,2023-01-01,2023-12-31 23:55:00,0
rain,2023,RF.TBR.01,105120,105120,2023-01-01,2023-12-31 23:55:00,0
rain,2023,RF.TWW.01,105120,105120,2023-01-01,2023-12-31 23:55:00,0
rain,2023,RF.BPD.01,105120,105120,2023-01-01,2023-12-31 23:55:00,0
rain,2023,RF.BSU.02,105120,105120,2023-01-01,2023-12-31 23:55:00,0
rain,2023,RF.DDG.02,105120,105120,2023-01-01,2023-12-31 23:55:00,0
rain,2023,RF.DMG.01,105120,105120,2023-01-01,2023-12-31 23:55:00,0
rain,2023,RF.LSI.01,105120,105120,2023-01-01,2023-12-31 23:55:00,0
rain,2023,RF.LSI.03,105120,105120,2023-01-01,2023-12-31 23:55:00,0
rain,2023,RF.PNK.03,105120,105120,2023-01-01,2023-12-31 23:55:00,0
rain,2023,RF.PSC.01,105120,105120,2023-01-01,2023-12-31 23:55:00,0
rain,2023,RF.RTW.03,105120,105120,2023-01-01,2023-12-31 23:55:00,0
rain,2023,RF.TBR.02,105120,105120,2023-01-01,2023-12-31 23:55:00,0
rain,2023,RF.BBN.01,105120,105120,2023-01-01,2023-12-31 23:55:00,0
rain,2023,RF.BKN.02,105120,105120,2023-01-01,2023-12-31 23:55:00,0
rain,2023,RF.BKT.01,105120,105120,2023-01-01,2023-12-31 23:55:00,0
rain,2023,RF.BNA.02,105120,105120,2023-01-01,2023-12-31 23:55:00,0
rain,2023,RF.BRK.02,105120,105120,2023-01-01,2023-12-31 23:55:00,0
rain,2023,RF.BSU.01,105120,105120,2023-01-01,2023-12-31 23:55:00,0
rain,2023,RF.CTC.02,105120,105120,2023-01-01,2023-12-31 23:55:00,0
rain,2023,RF.HKG.01,105120,105120,2023-01-01,2023-12-31 23:55:00,0
rain,2023,RF.KSW.01,105120,105120,2023-01-01,2023-12-31 23:55:00,0
rain,2023,RF.KTY.03,105120,105120,2023-01-01,2023-12-31 23:55:00,0
rain,2023,RF.LSI.02,105120,105120,2023-01-01,2023-12-31 23:55:00,0
rain,2023,RF.MBR.03,105120,105120,2023-01-01,2023-12-31 23:55:00,0
rain,2023,RF.NKM.03,105120,105120,2023-01-01,2023-12-31 23:55:00,0
rain,2023,RF.PNK.01,105120,105120,2023-01-01,2023-12-31 23:55:00,0
rain,2023,RF.PPS.01,105120,105120,2023-01-01,2023-12-31 23:55:00,0
rain,2023,RF.PWT.02,105120,105120,2023-01-01,2023-12-31 23:55:00,0
rain,2023,RF.RBN.01,105120,105120,2023-01-01,2023-12-31 23:55:00,0
rain,2023,RF.RTW.02,105120,105120,2023-01-01,2023-12-31 23:55:00,0
rain,2023,RF.SMI.01,105120,105120,2023-01-01,2023-12-31 23:55:00,0
rain,2023,RF.SPW.01,105120,105120,2023-01-01,2023-12-31 23:55:00,0
rain,2023,RF.TKU.02,105120,105120,2023-01-01,2023-12-31 23:55:00,0
rain,2023,RF.WTL.02,105120,105120,2023-01-01,2023-12-31 23:55:00,0
rain,2023,RF.WTN.01,105120,105120,2023-01-01,2023-12-31 23:55:00,0
rain,2023,RF.BNA.01,105120,105120,2023-01-01,2023-12-31 23:55:00,0
rain,2023,RF.KSN.02,105120,105120,2023-01-01,2023-12-31 23:55:00,0
rain,2023,RF.KTY.02,105120,105120,2023-01-01,2023-12-31 23:55:00,0
rain,2023,RF.PKN.02,105120,105120,2023-01-01,2023-12-31 23:55:00,0
rain,2023,RF.PWT.01,105120,105120,2023-01-01,2023-12-31 23:55:00,0
rain,2023,RF.RBN.02,105120,105120,2023-01-01,2023-12-31 23:55:00,0
rain,2023,RF.WTL.03,105120,105120,2023-01-01,2023-12-31 23:55:00,0
rain,2023,RF.BKY.01,105120,105120,2023-01-01,2023-12-31 23:55:00,0
rain,2023,RF.BKA.02,105120,105120,2023-01-01,2023-12-31 23:55:00,0
rain,2023,RF.BKE.04,105120,105120,2023-01-01,2023-12-31 23:55:00,0
rain,2023,RF.BKL.01,105120,105120,2023-01-01,2023-12-31 23:55:00,0
rain,2023,RF.BKP.02,105120,105120,2023-01-01,2023-12-31 23:55:00,0
rain,2023,RF.BKT.04,105120,105120,2023-01-01,2023-12-31 23:55:00,0
rain,2023,RF.CTC.01,105120,105120,2023-01-01,2023-12-31 23:55:00,0
rain,2023,RF.CTC.03,105120,105120,2023-01-01,2023-12-31 23:55:00,0
rain,2023,RF.DST.01,105120,105120,2023-01-01,2023-12-31 23:55:00,0
rain,2023,RF.JTG.01,105120,105120,2023-01-01,2023-12-31 23:55:00,0
rain,2023,RF.JTG.02,105120,105120,2023-01-01,2023-12-31 23:55:00,0
rain,2023,RF.KSW.03,105120,105120,2023-01-01,2023-12-31 23:55:00,0
rain,2023,RF.KTY.04,105120,105120,2023-01-01,2023-12-31 23:55:00,0
rain,2023,RF.LKB.03,105120,105120,2023-01-01,2023-12-31 23:55:00,0
rain,2023,RF.LKB.04,105120,105120,2023-01-01,2023-12-31 23:55:00,0
rain,2023,RF.MBR.05,105120,105120,2023-01-01,2023-12-31 23:55:00,0
rain,2023,RF.PKN.01,105120,105120,2023-01-01,2023-12-31 23:55:00,0
rain,2023,RF.PKN.03,105120,105120,2023-01-01,2023-12-31 23:55:00,0
rain,2023,RF.PTW.02,105120,105120,2023-01-01,2023-12-31 23:55:00,0
rain,2023,RF.PYT.02,104833,104833,2023-01-01,2023-12-31 00:00:00,0
rain,2023,RF.SMI.03,105120,105120,2023-01-01,2023-12-31 23:55:00,0
rain,2023,RF.SPK.01,105120,105120,2023-01-01,2023-12-31 23:55:00,0
rain,2023,RF.STN.02,105120,105120,2023-01-01,2023-12-31 23:55:00,0
rain,2023,RF.TLC.03,105120,105120,2023-01-01,2023-12-31 23:55:00,0
rain,2023,RF.TWW.03,105120,105120,2023-01-01,2023-12-31 23:55:00,0
rain,2023,RF.BKA.01,105120,105120,2023-01-01,2023-12-31 23:55:00,0
rain,2023,RF.BKL.02,105120,105120,2023-01-01,2023-12-31 23:55:00,0
rain,2023,RF.BKN.01,105120,105120,2023-01-01,2023-12-31 23:55:00,0
rain,2023,RF.KSW.02,105120,105120,2023-01-01,2023-12-31 23:55:00,0
rain,2023,RF.NKM.01,105120,105120,2023-01-01,2023-12-31 23:55:00,0
rain,2023,RF.PSC.04,105120,105120,2023-01-01,2023-12-31 23:55:00,0
rain,2023,RF.PWT.03,105120,105120,2023-01-01,2023-12-31 23:55:00,0
rain,2023,RF.SMI.04,105120,105120,2023-01-01,2023-12-31 23:55:00,0
rain,2023,RF.STN.01,105120,105120,2023-01-01,2023-12-31 23:55:00,0
rain,2023,RF.WTN.02,105120,105120,2023-01-01,2023-12-31 23:55:00,0
rain,2023,RF.YNW.01,105120,105120,2023-01-01,2023-12-31 23:55:00,0
rain,2023,RF.BSU.03,105120,105120,2023-01-01,2023-12-31 23:55:00,0
rain,2023,RF.TWW.02,105120,105120,2023-01-01,2023-12-31 23:55:00,0
rain,2023,RF.BKE.02,105120,105120,2023-01-01,2023-12-31 23:55:00,0
rain,2023,RF.BKE.03,105120,105120,2023-01-01,2023-12-31 23:55:00,0
rain,2023,RF.BKT.02,105120,105120,2023-01-01,2023-12-31 23:55:00,0
rain,2023,RF.BKY.02,105120,105120,2023-01-01,2023-12-31 23:55:00,0
rain,2023,RF.BRK.01,105120,105120,2023-01-01,2023-12-31 23:55:00,0
rain,2023,RF.BSU.04,105120,105120,2023-01-01,2023-12-31 23:55:00,0
rain,2023,RF.KSN.01,105120,105120,2023-01-01,2023-12-31 23:55:00,0
rain,2023,RF.KTY.01,105120,105120,2023-01-01,2023-12-31 23:55:00,0
rain,2023,RF.KTY.05,105120,105120,2023-01-01,2023-12-31 23:55:00,0
rain,2023,RF.NJK.01,105120,105120,2023-01-01,2023-12-31 23:55:00,0
rain,2023,RF.PSC.05,105120,105120,2023-01-01,2023-12-31 23:55:00,0
rain,2023,RF.PYT.01,105120,105120,2023-01-01,2023-12-31 23:55:00,0
rain,2023,RF.RTW.01,105120,105120,2023-01-01,2023-12-31 23:55:00,0
rain,2023,RF.SLG.01,105120,105120,2023-01-01,2023-12-31 23:55:00,0
rain,2023,RF.SLG.02,105120,105120,2023-01-01,2023-12-31 23:55:00,0
rain,2023,RF.SPS.01,105120,105120,2023-01-01,2023-12-31 23:55:00,0
rain,2023,RF.TBR.03,105120,105120,2023-01-01,2023-12-31 23:55:00,0
rain,2023,RF.TLC.02,105120,105120,2023-01-01,2023-12-31 23:55:00,0
rain,2023,RF.TWW.04,105120,105120,2023-01-01,2023-12-31 23:55:00,0
rain,2023,RF.YNW.02,105120,105120,2023-01-01,2023-12-31 23:55:00,0
rain,2023,RF.YNW.03,105120,105120,2023-01-01,2023-12-31 23:55:00,0
rain,2023,RF.DST.02,105120,105120,2023-01-01,2023-12-31 23:55:00,0
rain,2023,RF.LKB.02,105120,105120,2023-01-01,2023-12-31 23:55:00,0
rain,2023,RF.NJK.06,105120,105120,2023-01-01,2023-12-31 23:55:00,0
rain,2023,RF.SPS.02,105120,105120,2023-01-01,2023-12-31 23:55:00,0
rain,2023,RF.TKU.01,105120,105120,2023-01-01,2023-12-31 23:55:00,0
rain,2023,RF.TLC.01,105120,105120,2023-01-01,2023-12-31 23:55:00,0
rain,2023,RF.WTL.01,105120,105120,2023-01-01,2023-12-31 23:55:00,0
rain,2023,RF.MBR.02,105120,105120,2023-01-01,2023-12-31 23:55:00,0
rain,2024,RF.BKE.04,105408,105408,2024-01-01,2024-12-31 23:55:00,0
rain,2024,RF.BKL.01,105408,105408,2024-01-01,2024-12-31 23:55:00,0
rain,2024,RF.BKL.02,105408,105408,2024-01-01,2024-12-31 23:55:00,0
rain,2024,RF.BKN.01,105408,105408,2024-01-01,2024-12-31 23:55:00,0
rain,2024,RF.BKP.02,105408,105408,2024-01-01,2024-12-31 23:55:00,0
rain,2024,RF.CTC.01,105408,105408,2024-01-01,2024-12-31 23:55:00,0
rain,2024,RF.CTC.03,105408,105408,2024-01-01,2024-12-31 23:55:00,0
rain,2024,RF.DST.01,105408,105408,2024-01-01,2024-12-31 23:55:00,0
rain,2024,RF.JTG.01,105408,105408,2024-01-01,2024-12-31 23:55:00,0
rain,2024,RF.JTG.02,105408,105408,2024-01-01,2024-12-31 23:55:00,0
rain,2024,RF.KSW.03,105408,105408,2024-01-01,2024-12-31 23:55:00,0
rain,2024,RF.LKB.03,105408,105408,2024-01-01,2024-12-31 23:55:00,0
rain,2024,RF.LKB.04,105408,105408,2024-01-01,2024-12-31 23:55:00,0
rain,2024,RF.MBR.05,105408,105408,2024-01-01,2024-12-31 23:55:00,0
rain,2024,RF.NKM.01,105408,105408,2024-01-01,2024-12-31 23:55:00,0
rain,2024,RF.PKN.03,105408,105408,2024-01-01,2024-12-31 23:55:00,0
rain,2024,RF.PSC.04,105408,105408,2024-01-01,2024-12-31 23:55:00,0
rain,2024,RF.PTW.02,105408,105408,2024-01-01,2024-12-31 23:55:00,0
rain,2024,RF.PWT.03,105408,105408,2024-01-01,2024-12-31 23:55:00,0
rain,2024,RF.PYT.02,105121,105121,2024-01-01,2024-12-31 00:00:00,0
rain,2024,RF.SMI.03,105408,105408,2024-01-01,2024-12-31 23:55:00,0
rain,2024,RF.SMI.04,105408,105408,2024-01-01,2024-12-31 23:55:00,0
rain,2024,RF.SPK.01,105408,105408,2024-01-01,2024-12-31 23:55:00,0
rain,2024,RF.STN.01,105408,105408,2024-01-01,2024-12-31 23:55:00,0
rain,2024,RF.TLC.03,105408,105408,2024-01-01,2024-12-31 23:55:00,0
rain,2024,RF.TWW.02,105408,105408,2024-01-01,2024-12-31 23:55:00,0
rain,2024,RF.WTN.02,105408,105408,2024-01-01,2024-12-31 23:55:00,0
rain,2024,RF.YNW.01,105408,105408,2024-01-01,2024-12-31 23:55:00,0
rain,2024,RF.BKA.01,105408,105408,2024-01-01,2024-12-31 23:55:00,0
rain,2024,RF.BKA.02,105408,105408,2024-01-01,2024-12-31 23:55:00,0
rain,2024,RF.BKT.04,105408,105408,2024-01-01,2024-12-31 23:55:00,0
rain,2024,RF.BSU.03,105408,105408,2024-01-01,2024-12-31 23:55:00,0
rain,2024,RF.KSW.02,105408,105408,2024-01-01,2024-12-31 23:55:00,0
rain,2024,RF.KTY.04,105408,105408,2024-01-01,2024-12-31 23:55:00,0
rain,2024,RF.PKN.01,105408,105408,2024-01-01,2024-12-31 23:55:00,0
rain,2024,RF.STN.02,105408,105408,2024-01-01,2024-12-31 23:55:00,0
rain,2024,RF.TWW.03,105408,105408,2024-01-01,2024-12-31 23:55:00,0
rain,2024,RF.BBN.01,105408,105408,2024-01-01,2024-12-31 23:55:00,0
rain,2024,RF.BKY.01,105408,105408,2024-01-01,2024-12-31 23:55:00,0
rain,2024,RF.BNA.01,105408,105408,2024-01-01,2024-12-31 23:55:00,0
rain,2024,RF.BSU.01,105408,105408,2024-01-01,2024-12-31 23:55:00,0
rain,2024,RF.HKG.01,105408,105408,2024-01-01,2024-12-31 23:55:00,0
rain,2024,RF.KSN.02,105408,105408,2024-01-01,2024-12-31 23:55:00,0
rain,2024,RF.KSW.01,105408,105408,2024-01-01,2024-12-31 23:55:00,0
rain,2024,RF.KTY.03,105408,105408,2024-01-01,2024-12-31 23:55:00,0
rain,2024,RF.LSI.02,105408,105408,2024-01-01,2024-12-31 23:55:00,0
rain,2024,RF.MBR.03,105408,105408,2024-01-01,2024-12-31 23:55:00,0
rain,2024,RF.NKM.03,105408,105408,2024-01-01,2024-12-31 23:55:00,0
rain,2024,RF.PNK.01,105408,105408,2024-01-01,2024-12-31 23:55:00,0
rain,2024,RF.PPS.01,105408,105408,2024-01-01,2024-12-31 23:55:00,0
rain,2024,RF.PWT.01,105408,105408,2024-01-01,2024-12-31 23:55:00,0
rain,2024,RF.PWT.02,105408,105408,2024-01-01,2024-12-31 23:55:00,0
rain,2024,RF.RBN.01,105408,105408,2024-01-01,2024-12-31 23:55:00,0
rain,2024,RF.RTW.02,105408,105408,2024-01-01,2024-12-31 23:55:00,0
rain,2024,RF.SMI.01,105408,105408,2024-01-01,2024-12-31 23:55:00,0
rain,2024,RF.WTL.02,105408,105408,2024-01-01,2024-12-31 23:55:00,0
rain,2024,RF.WTL.03,105408,105408,2024-01-01,2024-12-31 23:55:00,0
rain,2024,RF.BNA.02,105408,105408,2024-01-01,2024-12-31 23:55:00,0
rain,2024,RF.BRK.02,105408,105408,2024-01-01,2024-12-31 23:55:00,0
rain,2024,RF.CTC.02,105408,105408,2024-01-01,2024-12-31 23:55:00,0
rain,2024,RF.KTY.02,105408,105408,2024-01-01,2024-12-31 23:55:00,0
rain,2024,RF.PKN.02,105408,105408,2024-01-01,2024-12-31 23:55:00,0
rain,2024,RF.RBN.02,105408,105408,2024-01-01,2024-12-31 23:55:00,0
rain,2024,RF.SPW.01,105408,105408,2024-01-01,2024-12-31 23:55:00,0
rain,2024,RF.TKU.02,105408,105408,2024-01-01,2024-12-31 23:55:00,0
rain,2024,RF.BKN.02,105408,105408,2024-01-01,2024-12-31 23:55:00,0
rain,2024,RF.BKT.01,105408,105408,2024-01-01,2024-12-31 23:55:00,0
rain,2024,RF.WTN.01,105408,105408,2024-01-01,2024-12-31 23:55:00,0
rain,2024,RF.BKE.01,105408,105408,2024-01-01,2024-12-31 23:55:00,0
rain,2024,RF.BKT.03,105408,105408,2024-01-01,2024-12-31 23:55:00,0
rain,2024,RF.BKT.05,105408,105408,2024-01-01,2024-12-31 23:55:00,0
rain,2024,RF.BNA.03,105408,105408,2024-01-01,2024-12-31 23:55:00,0
rain,2024,RF.DMG.01,105408,105408,2024-01-01,2024-12-31 23:55:00,0
rain,2024,RF.HKG.02,105408,105408,2024-01-01,2024-12-31 23:55:00,0
rain,2024,RF.JTG.03,105408,105408,2024-01-01,2024-12-31 23:55:00,0
rain,2024,RF.KNY.02,105408,105408,2024-01-01,2024-12-31 23:55:00,0
rain,2024,RF.LPW.01,105408,105408,2024-01-01,2024-12-31 23:55:00,0
rain,2024,RF.LSI.03,105408,105408,2024-01-01,2024-12-31 23:55:00,0
rain,2024,RF.MBR.01,105408,105408,2024-01-01,2024-12-31 23:55:00,0
rain,2024,RF.NJK.02,105408,105408,2024-01-01,2024-12-31 23:55:00,0
rain,2024,RF.NJK.03,105408,105408,2024-01-01,2024-12-31 23:55:00,0
rain,2024,RF.NJK.05,105408,105408,2024-01-01,2024-12-31 23:55:00,0
rain,2024,RF.NJK.07,105408,105408,2024-01-01,2024-12-31 23:55:00,0
rain,2024,RF.NKM.02,105408,105408,2024-01-01,2024-12-31 23:55:00,0
rain,2024,RF.PNK.02,105408,105408,2024-01-01,2024-12-31 23:55:00,0
rain,2024,RF.PSC.01,105408,105408,2024-01-01,2024-12-31 23:55:00,0
rain,2024,RF.PSC.03,105408,105408,2024-01-01,2024-12-31 23:55:00,0
rain,2024,RF.RTW.03,105408,105408,2024-01-01,2024-12-31 23:55:00,0
rain,2024,RF.TBR.02,105408,105408,2024-01-01,2024-12-31 23:55:00,0
rain,2024,RF.BBN.02,105408,105408,2024-01-01,2024-12-31 23:55:00,0
rain,2024,RF.BKM.01,105408,105408,2024-01-01,2024-12-31 23:55:00,0
rain,2024,RF.BPD.01,105408,105408,2024-01-01,2024-12-31 23:55:00,0
rain,2024,RF.BSU.02,105408,105408,2024-01-01,2024-12-31 23:55:00,0
rain,2024,RF.DDG.02,105408,105408,2024-01-01,2024-12-31 23:55:00,0
rain,2024,RF.LSI.01,105408,105408,2024-01-01,2024-12-31 23:55:00,0
rain,2024,RF.NJK.04,105408,105408,2024-01-01,2024-12-31 23:55:00,0
rain,2024,RF.PKN.04,105408,105408,2024-01-01,2024-12-31 23:55:00,0
rain,2024,RF.PNK.03,105408,105408,2024-01-01,2024-12-31 23:55:00,0
rain,2024,RF.PTW.01,105408,105408,2024-01-01,2024-12-31 23:55:00,0
rain,2024,RF.SMI.02,105408,105408,2024-01-01,2024-12-31 23:55:00,0
rain,2024,RF.TBR.01,105408,105408,2024-01-01,2024-12-31 23:55:00,0
rain,2024,RF.TWW.01,105408,105408,2024-01-01,2024-12-31 23:55:00,0
rain,2024,RF.BKE.03,105408,105408,2024-01-01,2024-12-31 23:55:00,0
rain,2024,RF.BKT.02,105408,105408,2024-01-01,2024-12-31 23:55:00,0
rain,2024,RF.BRK.01,105408,105408,2024-01-01,2024-12-31 23:55:00,0
rain,2024,RF.BSU.04,105408,105408,2024-01-01,2024-12-31 23:55:00,0
rain,2024,RF.KSN.01,105408,105408,2024-01-01,2024-12-31 23:55:00,0
rain,2024,RF.KTY.01,105408,105408,2024-01-01,2024-12-31 23:55:00,0
rain,2024,RF.KTY.05,105408,105408,2024-01-01,2024-12-31 23:55:00,0
rain,2024,RF.MBR.02,105408,105408,2024-01-01,2024-12-31 23:55:00,0
rain,2024,RF.PSC.05,105408,105408,2024-01-01,2024-12-31 23:55:00,0
rain,2024,RF.SLG.01,105408,105408,2024-01-01,2024-12-31 23:55:00,0
rain,2024,RF.SLG.02,105408,105408,2024-01-01,2024-12-31 23:55:00,0
rain,2024,RF.SPS.02,105408,105408,2024-01-01,2024-12-31 23:55:00,0
rain,2024,RF.TBR.03,105408,105408,2024-01-01,2024-12-31 23:55:00,0
rain,2024,RF.TKU.01,105408,105408,2024-01-01,2024-12-31 23:55:00,0
rain,2024,RF.TLC.02,105408,105408,2024-01-01,2024-12-31 23:55:00,0
rain,2024,RF.TWW.04,105408,105408,2024-01-01,2024-12-31 23:55:00,0
rain,2024,RF.WTL.01,105408,105408,2024-01-01,2024-12-31 23:55:00,0
rain,2024,RF.BKE.02,105408,105408,2024-01-01,2024-12-31 23:55:00,0
rain,2024,RF.BKY.02,105408,105408,2024-01-01,2024-12-31 23:55:00,0
rain,2024,RF.DST.02,105408,105408,2024-01-01,2024-12-31 23:55:00,0
rain,2024,RF.LKB.02,105408,105408,2024-01-01,2024-12-31 23:55:00,0
rain,2024,RF.NJK.06,105408,105408,2024-01-01,2024-12-31 23:55:00,0
rain,2024,RF.RTW.01,105408,105408,2024-01-01,2024-12-31 23:55:00,0
rain,2024,RF.SPS.01,105408,105408,2024-01-01,2024-12-31 23:55:00,0
rain,2024,RF.YNW.02,105408,105408,2024-01-01,2024-12-31 23:55:00,0
rain,2024,RF.YNW.03,105408,105408,2024-01-01,2024-12-31 23:55:00,0
rain,2024,RF.NJK.01,105408,105408,2024-01-01,2024-12-31 23:55:00,0
rain,2024,RF.PYT.01,105408,105408,2024-01-01,2024-12-31 23:55:00,0
rain,2024,RF.TLC.01,105408,105408,2024-01-01,2024-12-31 23:55:00,0
rain,2025,RF.BBN.01,105120,105120,2025-01-01,2025-12-31 23:55:00,0
rain,2025,RF.BKN.02,105120,105120,2025-01-01,2025-12-31 23:55:00,0
rain,2025,RF.BKT.01,105120,105120,2025-01-01,2025-12-31 23:55:00,0
rain,2025,RF.BKY.01,105120,105120,2025-01-01,2025-12-31 23:55:00,0
rain,2025,RF.BNA.01,105120,105120,2025-01-01,2025-12-31 23:55:00,0
rain,2025,RF.BSU.01,105120,105120,2025-01-01,2025-12-31 23:55:00,0
rain,2025,RF.CTC.02,105120,105120,2025-01-01,2025-12-31 23:55:00,0
rain,2025,RF.HKG.01,105120,105120,2025-01-01,2025-12-31 23:55:00,0
rain,2025,RF.KSW.01,105120,105120,2025-01-01,2025-12-31 23:55:00,0
rain,2025,RF.KTY.03,105120,105120,2025-01-01,2025-12-31 23:55:00,0
rain,2025,RF.LSI.02,105120,105120,2025-01-01,2025-12-31 23:55:00,0
rain,2025,RF.MBR.03,105120,105120,2025-01-01,2025-12-31 23:55:00,0
rain,2025,RF.PKN.02,105120,105120,2025-01-01,2025-12-31 23:55:00,0
rain,2025,RF.PNK.01,105120,105120,2025-01-01,2025-12-31 23:55:00,0
rain,2025,RF.PPS.01,105120,105120,2025-01-01,2025-12-31 23:55:00,0
rain,2025,RF.PWT.02,105120,105120,2025-01-01,2025-12-31 23:55:00,0
rain,2025,RF.RBN.02,105120,105120,2025-01-01,2025-12-31 23:55:00,0
rain,2025,RF.RTW.02,105120,105120,2025-01-01,2025-12-31 23:55:00,0
rain,2025,RF.SPW.01,105120,105120,2025-01-01,2025-12-31 23:55:00,0
rain,2025,RF.WTL.02,105120,105120,2025-01-01,2025-12-31 23:55:00,0
rain,2025,RF.WTN.01,105120,105120,2025-01-01,2025-12-31 23:55:00,0
rain,2025,RF.KSN.02,105120,105120,2025-01-01,2025-12-31 23:55:00,0
rain,2025,RF.KTY.02,105120,105120,2025-01-01,2025-12-31 23:55:00,0
rain,2025,RF.NKM.03,105120,105120,2025-01-01,2025-12-31 23:55:00,0
rain,2025,RF.PWT.01,105120,105120,2025-01-01,2025-12-31 23:55:00,0
rain,2025,RF.RBN.01,105120,105120,2025-01-01,2025-12-31 23:55:00,0
rain,2025,RF.SMI.01,105120,105120,2025-01-01,2025-12-31 23:55:00,0
rain,2025,RF.TKU.02,105120,105120,2025-01-01,2025-12-31 23:55:00,0
rain,2025,RF.WTL.03,105120,105120,2025-01-01,2025-12-31 23:55:00,0
rain,2025,RF.BNA.02,105120,105120,2025-01-01,2025-12-31 23:55:00,0
rain,2025,RF.BRK.02,105120,105120,2025-01-01,2025-12-31 23:55:00,0
rain,2025,RF.BKL.01,105120,105120,2025-01-01,2025-12-31 23:55:00,0
rain,2025,RF.BKL.02,105120,105120,2025-01-01,2025-12-31 23:55:00,0
rain,2025,RF.BKN.01,105120,105120,2025-01-01,2025-12-31 23:55:00,0
rain,2025,RF.BKT.04,105120,105120,2025-01-01,2025-12-31 23:55:00,0
rain,2025,RF.BSU.03,105120,105120,2025-01-01,2025-12-31 23:55:00,0
rain,2025,RF.CTC.03,105120,105120,2025-01-01,2025-12-31 23:55:00,0
rain,2025,RF.JTG.01,105120,105120,2025-01-01,2025-12-31 23:55:00,0
rain,2025,RF.KSW.02,105120,105120,2025-01-01,2025-12-31 23:55:00,0
rain,2025,RF.KTY.04,105120,105120,2025-01-01,2025-12-31 23:55:00,0
rain,2025,RF.LKB.03,105120,105120,2025-01-01,2025-12-31 23:55:00,0
rain,2025,RF.LKB.04,105120,105120,2025-01-01,2025-12-31 23:55:00,0
rain,2025,RF.MBR.05,105120,105120,2025-01-01,2025-12-31 23:55:00,0
rain,2025,RF.NKM.01,105120,105120,2025-01-01,2025-12-31 23:55:00,0
rain,2025,RF.PKN.01,105120,105120,2025-01-01,2025-12-31 23:55:00,0
rain,2025,RF.PKN.03,105120,105120,2025-01-01,2025-12-31 23:55:00,0
rain,2025,RF.PSC.04,105120,105120,2025-01-01,2025-12-31 23:55:00,0
rain,2025,RF.PTW.02,105120,105120,2025-01-01,2025-12-31 23:55:00,0
rain,2025,RF.PWT.03,105120,105120,2025-01-01,2025-12-31 23:55:00,0
rain,2025,RF.SMI.03,105120,105120,2025-01-01,2025-12-31 23:55:00,0
rain,2025,RF.SPK.01,105120,105120,2025-01-01,2025-12-31 23:55:00,0
rain,2025,RF.STN.02,105120,105120,2025-01-01,2025-12-31 23:55:00,0
rain,2025,RF.TLC.03,105120,105120,2025-01-01,2025-12-31 23:55:00,0
rain,2025,RF.TWW.03,105120,105120,2025-01-01,2025-12-31 23:55:00,0
rain,2025,RF.BKA.01,105120,105120,2025-01-01,2025-12-31 23:55:00,0
rain,2025,RF.BKA.02,105120,105120,2025-01-01,2025-12-31 23:55:00,0
rain,2025,RF.BKE.04,105120,105120,2025-01-01,2025-12-31 23:55:00,0
rain,2025,RF.BKP.02,105120,105120,2025-01-01,2025-12-31 23:55:00,0
rain,2025,RF.CTC.01,105120,105120,2025-01-01,2025-12-31 23:55:00,0
rain,2025,RF.DST.01,105120,105120,2025-01-01,2025-12-31 23:55:00,0
rain,2025,RF.JTG.02,105120,105120,2025-01-01,2025-12-31 23:55:00,0
rain,2025,RF.KSW.03,105120,105120,2025-01-01,2025-12-31 23:55:00,0
rain,2025,RF.PYT.02,104833,104833,2025-01-01,2025-12-31 00:00:00,0
rain,2025,RF.SMI.04,105120,105120,2025-01-01,2025-12-31 23:55:00,0
rain,2025,RF.STN.01,105120,105120,2025-01-01,2025-12-31 23:55:00,0
rain,2025,RF.WTN.02,105120,105120,2025-01-01,2025-12-31 23:55:00,0
rain,2025,RF.YNW.01,105120,105120,2025-01-01,2025-12-31 23:55:00,0
rain,2025,RF.TWW.02,105120,105120,2025-01-01,2025-12-31 23:55:00,0
rain,2025,RF.BKE.01,105120,105120,2025-01-01,2025-12-31 23:55:00,0
rain,2025,RF.BKM.01,105120,105120,2025-01-01,2025-12-31 23:55:00,0
rain,2025,RF.BKT.03,105120,105120,2025-01-01,2025-12-31 23:55:00,0
rain,2025,RF.BKT.05,105120,105120,2025-01-01,2025-12-31 23:55:00,0
rain,2025,RF.BNA.03,105120,105120,2025-01-01,2025-12-31 23:55:00,0
rain,2025,RF.DDG.02,105120,105120,2025-01-01,2025-12-31 23:55:00,0
rain,2025,RF.DMG.01,105120,105120,2025-01-01,2025-12-31 23:55:00,0
rain,2025,RF.JTG.03,105120,105120,2025-01-01,2025-12-31 23:55:00,0
rain,2025,RF.KNY.02,105120,105120,2025-01-01,2025-12-31 23:55:00,0
rain,2025,RF.LPW.01,105120,105120,2025-01-01,2025-12-31 23:55:00,0
rain,2025,RF.MBR.01,105120,105120,2025-01-01,2025-12-31 23:55:00,0
rain,2025,RF.NJK.03,105120,105120,2025-01-01,2025-12-31 23:55:00,0
rain,2025,RF.NJK.04,105120,105120,2025-01-01,2025-12-31 23:55:00,0
rain,2025,RF.NJK.05,105120,105120,2025-01-01,2025-12-31 23:55:00,0
rain,2025,RF.NJK.07,105120,105120,2025-01-01,2025-12-31 23:55:00,0
rain,2025,RF.NKM.02,105120,105120,2025-01-01,2025-12-31 23:55:00,0
rain,2025,RF.PKN.04,105120,105120,2025-01-01,2025-12-31 23:55:00,0
rain,2025,RF.PNK.02,105120,105120,2025-01-01,2025-12-31 23:55:00,0
rain,2025,RF.PNK.03,105120,105120,2025-01-01,2025-12-31 23:55:00,0
rain,2025,RF.PSC.03,105120,105120,2025-01-01,2025-12-31 23:55:00,0
rain,2025,RF.PTW.01,105120,105120,2025-01-01,2025-12-31 23:55:00,0
rain,2025,RF.RTW.03,105120,105120,2025-01-01,2025-12-31 23:55:00,0
rain,2025,RF.SMI.02,105120,105120,2025-01-01,2025-12-31 23:55:00,0
rain,2025,RF.TBR.01,105120,105120,2025-01-01,2025-12-31 23:55:00,0
rain,2025,RF.TBR.02,105120,105120,2025-01-01,2025-12-31 23:55:00,0
rain,2025,RF.TWW.01,105120,105120,2025-01-01,2025-12-31 23:55:00,0
rain,2025,RF.BBN.02,105120,105120,2025-01-01,2025-12-31 23:55:00,0
rain,2025,RF.BPD.01,105120,105120,2025-01-01,2025-12-31 23:55:00,0
rain,2025,RF.BSU.02,105120,105120,2025-01-01,2025-12-31 23:55:00,0
rain,2025,RF.LSI.03,105120,105120,2025-01-01,2025-12-31 23:55:00,0
rain,2025,RF.NJK.02,105120,105120,2025-01-01,2025-12-31 23:55:00,0
rain,2025,RF.PSC.01,105120,105120,2025-01-01,2025-12-31 23:55:00,0
rain,2025,RF.HKG.02,105120,105120,2025-01-01,2025-12-31 23:55:00,0
rain,2025,RF.LSI.01,105120,105120,2025-01-01,2025-12-31 23:55:00,0
rain,2025,RF.BKE.03,105120,105120,2025-01-01,2025-12-31 23:55:00,0
rain,2025,RF.BKT.02,105120,105120,2025-01-01,2025-12-31 23:55:00,0
rain,2025,RF.BKY.02,105120,105120,2025-01-01,2025-12-31 23:55:00,0
rain,2025,RF.BRK.01,105120,105120,2025-01-01,2025-12-31 23:55:00,0
rain,2025,RF.DST.02,105120,105120,2025-01-01,2025-12-31 23:55:00,0
rain,2025,RF.KSN.01,105120,105120,2025-01-01,2025-12-31 23:55:00,0
rain,2025,RF.KTY.01,105120,105120,2025-01-01,2025-12-31 23:55:00,0
rain,2025,RF.KTY.05,105120,105120,2025-01-01,2025-12-31 23:55:00,0
rain,2025,RF.LKB.02,105120,105120,2025-01-01,2025-12-31 23:55:00,0
rain,2025,RF.NJK.01,105120,105120,2025-01-01,2025-12-31 23:55:00,0
rain,2025,RF.NJK.06,105120,105120,2025-01-01,2025-12-31 23:55:00,0
rain,2025,RF.PSC.05,105120,105120,2025-01-01,2025-12-31 23:55:00,0
rain,2025,RF.PYT.01,105120,105120,2025-01-01,2025-12-31 23:55:00,0
rain,2025,RF.SLG.01,105120,105120,2025-01-01,2025-12-31 23:55:00,0
rain,2025,RF.SLG.02,105120,105120,2025-01-01,2025-12-31 23:55:00,0
rain,2025,RF.SPS.01,105120,105120,2025-01-01,2025-12-31 23:55:00,0
rain,2025,RF.TBR.03,105120,105120,2025-01-01,2025-12-31 23:55:00,0
rain,2025,RF.TKU.01,105120,105120,2025-01-01,2025-12-31 23:55:00,0
rain,2025,RF.TLC.02,105120,105120,2025-01-01,2025-12-31 23:55:00,0
rain,2025,RF.TWW.04,105120,105120,2025-01-01,2025-12-31 23:55:00,0
rain,2025,RF.YNW.02,105120,105120,2025-01-01,2025-12-31 23:55:00,0
rain,2025,RF.YNW.03,105120,105120,2025-01-01,2025-12-31 23:55:00,0
rain,2025,RF.BKE.02,105120,105120,2025-01-01,2025-12-31 23:55:00,0
rain,2025,RF.BSU.04,105120,105120,2025-01-01,2025-12-31 23:55:00,0
rain,2025,RF.RTW.01,105120,105120,2025-01-01,2025-12-31 23:55:00,0
rain,2025,RF.SPS.02,105120,105120,2025-01-01,2025-12-31 23:55:00,0
rain,2025,RF.TLC.01,105120,105120,2025-01-01,2025-12-31 23:55:00,0
rain,2025,RF.MBR.02,105120,105120,2025-01-01,2025-12-31 23:55:00,0
rain,2025,RF.WTL.01,105120,105120,2025-01-01,2025-12-31 23:55:00,0
water,2019,WL.BLP.02,105120,105120,2019-01-01,2019-12-31 23:55:00,0
water,2019,WL.BMK.01,105120,105120,2019-01-01,2019-12-31 23:55:00,0
water,2019,WL.BSU.01,105120,105120,2019-01-01,2019-12-31 23:55:00,0
water,2019,WL.BSU.03,105120,105120,2019-01-01,2019-12-31 23:55:00,0
water,2019,WL.BWK.02,105120,105120,2019-01-01,2019-12-31 23:55:00,0
water,2019,WL.CNS.04,105120,105120,2019-01-01,2019-12-31 23:55:00,0
water,2019,WL.KBU.01,105120,105120,2019-01-01,2019-12-31 23:55:00,0
water,2019,WL.KJA.01,105120,105120,2019-01-01,2019-12-31 23:55:00,0
water,2019,WL.KKS.01,105120,105120,2019-01-01,2019-12-31 23:55:00,0
water,2019,WL.KLD.02,105120,105120,2019-01-01,2019-12-31 23:55:00,0
water,2019,WL.KNB.01,105120,105120,2019-01-01,2019-12-31 23:55:00,0
water,2019,WL.KPM.02,105120,105120,2019-01-01,2019-12-31 23:55:00,0
water,2019,WL.KPM.06,105120,105120,2019-01-01,2019-12-31 23:55:00,0
water,2019,WL.KSI.01,105120,105120,2019-01-01,2019-12-31 23:55:00,0
water,2019,WL.KSK.01,105120,105120,2019-01-01,2019-12-31 23:55:00,0
water,2019,WL.KSM.02,105120,105120,2019-01-01,2019-12-31 23:55:00,0
water,2019,WL.LBK.02,105120,105120,2019-01-01,2019-12-31 23:55:00,0
water,2019,WL.LPC.01,105120,105120,2019-01-01,2019-12-31 23:55:00,0
water,2019,WL.LSG.01,105120,105120,2019-01-01,2019-12-31 23:55:00,0
water,2019,WL.LYW.01,105120,105120,2019-01-01,2019-12-31 23:55:00,0
water,2019,WL.NKW.02,105120,105120,2019-01-01,2019-12-31 23:55:00,0
water,2019,WL.PKG.01,105120,105120,2019-01-01,2019-12-31 23:55:00,0
water,2019,WL.PSC.01,105120,105120,2019-01-01,2019-12-31 23:55:00,0
water,2019,WL.PSC.02,105120,105120,2019-01-01,2019-12-31 23:55:00,0
water,2019,WL.PSI.01,105120,105120,2019-01-01,2019-12-31 23:55:00,0
water,2019,WL.PWT.01,105120,105120,2019-01-01,2019-12-31 23:55:00,0
water,2019,WL.PWT.02,105120,105120,2019-01-01,2019-12-31 23:55:00,0
water,2019,WL.PYW.01,105120,105120,2019-01-01,2019-12-31 23:55:00,0
water,2019,WL.RMT.02,105120,105120,2019-01-01,2019-12-31 23:55:00,0
water,2019,WL.SBR.01,105120,105120,2019-01-01,2019-12-31 23:55:00,0
water,2019,WL.SDN.01,105120,105120,2019-01-01,2019-12-31 23:55:00,0
water,2019,WL.SSB.07,105120,105120,2019-01-01,2019-12-31 23:55:00,0
water,2019,WL.SSB.09,105120,105120,2019-01-01,2019-12-31 23:55:00,0
water,2019,WL.SSB.10,105120,105120,2019-01-01,2019-12-31 23:55:00,0
water,2019,WL.STN.01,105120,105120,2019-01-01,2019-12-31 23:55:00,0
water,2019,WL.STN.03,105120,105120,2019-01-01,2019-12-31 23:55:00,0
water,2019,WL.TCG.01,105120,105120,2019-01-01,2019-12-31 23:55:00,0
water,2019,WL.TPK.03,105120,105120,2019-01-01,2019-12-31 23:55:00,0
water,2019,WL.TSK.01,105120,105120,2019-01-01,2019-12-31 23:55:00,0
water,2019,WL.TTN.01,105120,105120,2019-01-01,2019-12-31 23:55:00,0
water,2019,WL.WTN.02,105120,105120,2019-01-01,2019-12-31 23:55:00,0
water,2019,WL.BBU.01,105120,105120,2019-01-01,2019-12-31 23:55:00,0
water,2019,WL.BOA.02,105120,105120,2019-01-01,2019-12-31 23:55:00,0
water,2019,WL.CNS.03,105120,105120,2019-01-01,2019-12-31 23:55:00,0
water,2019,WL.KKD.02,105120,105120,2019-01-01,2019-12-31 23:55:00,0
water,2019,WL.KMN.01,105120,105120,2019-01-01,2019-12-31 23:55:00,0
water,2019,WL.KTK.03,105120,105120,2019-01-01,2019-12-31 23:55:00,0
water,2019,WL.LBK.03,105120,105120,2019-01-01,2019-12-31 23:55:00,0
water,2019,WL.LPT.03,105120,105120,2019-01-01,2019-12-31 23:55:00,0
water,2019,WL.LPW.01,105120,105120,2019-01-01,2019-12-31 23:55:00,0
water,2019,WL.PKN.01,105120,105120,2019-01-01,2019-12-31 23:55:00,0
water,2019,WL.SBR.02,105120,105120,2019-01-01,2019-12-31 23:55:00,0
water,2019,WL.SKG.01,105120,105120,2019-01-01,2019-12-31 23:55:00,0
water,2019,WL.SKT.02,105120,105120,2019-01-01,2019-12-31 23:55:00,0
water,2019,WL.SNO.01,105120,105120,2019-01-01,2019-12-31 23:55:00,0
water,2019,WL.SWU.01,105120,105120,2019-01-01,2019-12-31 23:55:00,0
water,2019,WL.YPE.01,105120,105120,2019-01-01,2019-12-31 23:55:00,0
water,2019,WL.BOA.01,105120,105120,2019-01-01,2019-12-31 23:55:00,0
water,2019,WL.SSB.02,105120,105120,2019-01-01,2019-12-31 23:55:00,0
water,2019,WL.BBN.02,105120,105120,2019-01-01,2019-12-31 23:55:00,0
water,2019,WL.BBN.03,105120,105120,2019-01-01,2019-12-31 23:55:00,0
water,2019,WL.BBR.01,105120,105120,2019-01-01,2019-12-31 23:55:00,0
water,2019,WL.BKA.02,105120,105120,2019-01-01,2019-12-31 23:55:00,0
water,2019,WL.BKA.03,105120,105120,2019-01-01,2019-12-31 23:55:00,0
water,2019,WL.BKL.01,105120,105120,2019-01-01,2019-12-31 23:55:00,0
water,2019,WL.BNA.03,105120,105120,2019-01-01,2019-12-31 23:55:00,0
water,2019,WL.BNJ.03,105120,105120,2019-01-01,2019-12-31 23:55:00,0
water,2019,WL.BPM.01,105120,105120,2019-01-01,2019-12-31 23:55:00,0
water,2019,WL.BPN.01,105120,105120,2019-01-01,2019-12-31 23:55:00,0
water,2019,WL.BSU.02,105120,105120,2019-01-01,2019-12-31 23:55:00,0
water,2019,WL.BSU.06,105120,105120,2019-01-01,2019-12-31 23:55:00,0
water,2019,WL.BTL.01,105120,105120,2019-01-01,2019-12-31 23:55:00,0
water,2019,WL.BTY.01,105120,105120,2019-01-01,2019-12-31 23:55:00,0
water,2019,WL.BWK.01,105120,105120,2019-01-01,2019-12-31 23:55:00,0
water,2019,WL.CBJ.01,105120,105120,2019-01-01,2019-12-31 23:55:00,0
water,2019,WL.FTM.01,105120,105120,2019-01-01,2019-12-31 23:55:00,0
water,2019,WL.HKG.01,105120,105120,2019-01-01,2019-12-31 23:55:00,0
water,2019,WL.KJN.02,105120,105120,2019-01-01,2019-12-31 23:55:00,0
water,2019,WL.KJT.01,105120,105120,2019-01-01,2019-12-31 23:55:00,0
water,2019,WL.KKD.03,105120,105120,2019-01-01,2019-12-31 23:55:00,0
water,2019,WL.KKS.03,105120,105120,2019-01-01,2019-12-31 23:55:00,0
water,2019,WL.KKY.02,105120,105120,2019-01-01,2019-12-31 23:55:00,0
water,2019,WL.KSI.02,105120,105120,2019-01-01,2019-12-31 23:55:00,0
water,2019,WL.KTY.01,105120,105120,2019-01-01,2019-12-31 23:55:00,0
water,2019,WL.LCL.01,105120,105120,2019-01-01,2019-12-31 23:55:00,0
water,2019,WL.LPN.01,105120,105120,2019-01-01,2019-12-31 23:55:00,0
water,2019,WL.LPT.02,105120,105120,2019-01-01,2019-12-31 23:55:00,0
water,2019,WL.MSW.02,105120,105120,2019-01-01,2019-12-31 23:55:00,0
water,2019,WL.NKW.01,105120,105120,2019-01-01,2019-12-31 23:55:00,0
water,2019,WL.PPA.02,105120,105120,2019-01-01,2019-12-31 23:55:00,0
water,2019,WL.PSC.03,105120,105120,2019-01-01,2019-12-31 23:55:00,0
water,2019,WL.RKC.01,105120,105120,2019-01-01,2019-12-31 23:55:00,0
water,2019,WL.RSK.01,105120,105120,2019-01-01,2019-12-31 23:55:00,0
water,2019,WL.SNC.02,105120,105120,2019-01-01,2019-12-31 23:55:00,0
water,2019,WL.SPP.01,105120,105120,2019-01-01,2019-12-31 23:55:00,0
water,2019,WL.SSB.05,105120,105120,2019-01-01,2019-12-31 23:55:00,0
water,2019,WL.SSB.11,105120,105120,2019-01-01,2019-12-31 23:55:00,0
water,2019,WL.SSB.12,105120,105120,2019-01-01,2019-12-31 23:55:00,0
water,2019,WL.SSN.05,105120,105120,2019-01-01,2019-12-31 23:55:00,0
water,2019,WL.STN.02,105120,105120,2019-01-01,2019-12-31 23:55:00,0
water,2019,WL.STR.01,105120,105120,2019-01-01,2019-12-31 23:55:00,0
water,2019,WL.TNG.01,105120,105120,2019-01-01,2019-12-31 23:55:00,0
water,2019,WL.TWW.02,105120,105120,2019-01-01,2019-12-31 23:55:00,0
water,2019,WL.TWW.04,105120,105120,2019-01-01,2019-12-31 23:55:00,0
water,2019,WL.WKT.01,105120,105120,2019-01-01,2019-12-31 23:55:00,0
water,2019,WL.WTK.01,105120,105120,2019-01-01,2019-12-31 23:55:00,0
water,2019,WL.YPN.01,105120,105120,2019-01-01,2019-12-31 23:55:00,0
water,2019,WL.BBN.01,105120,105120,2019-01-01,2019-12-31 23:55:00,0
water,2019,WL.BCN.02,105120,105120,2019-01-01,2019-12-31 23:55:00,0
water,2019,WL.BKA.04,105120,105120,2019-01-01,2019-12-31 23:55:00,0
water,2019,WL.BKG.01,105120,105120,2019-01-01,2019-12-31 23:55:00,0
water,2019,WL.BNA.02,105120,105120,2019-01-01,2019-12-31 23:55:00,0
water,2019,WL.BNJ.02,105120,105120,2019-01-01,2019-12-31 23:55:00,0
water,2019,WL.BPM.04,105120,105120,2019-01-01,2019-12-31 23:55:00,0
water,2019,WL.BSK.01,105120,105120,2019-01-01,2019-12-31 23:55:00,0
water,2019,WL.CKS.01,105120,105120,2019-01-01,2019-12-31 23:55:00,0
water,2019,WL.CPA.01,105120,105120,2019-01-01,2019-12-31 23:55:00,0
water,2019,WL.DKN.01,105120,105120,2019-01-01,2019-12-31 23:55:00,0
water,2019,WL.KJA.02,105120,105120,2019-01-01,2019-12-31 23:55:00,0
water,2019,WL.KKO.01,105120,105120,2019-01-01,2019-12-31 23:55:00,0
water,2019,WL.KSO.01,105120,105120,2019-01-01,2019-12-31 23:55:00,0
water,2019,WL.LBK.01,105120,105120,2019-01-01,2019-12-31 23:55:00,0
water,2019,WL.LOA.01,105120,105120,2019-01-01,2019-12-31 23:55:00,0
water,2019,WL.LPW.05,105120,105120,2019-01-01,2019-12-31 23:55:00,0
water,2019,WL.LYW.02,105120,105120,2019-01-01,2019-12-31 23:55:00,0
water,2019,WL.PWT.03,105120,105120,2019-01-01,2019-12-31 23:55:00,0
water,2019,WL.RMT.01,105120,105120,2019-01-01,2019-12-31 23:55:00,0
water,2019,WL.SCO.01,105120,105120,2019-01-01,2019-12-31 23:55:00,0
water,2019,WL.SSB.06,105120,105120,2019-01-01,2019-12-31 23:55:00,0
water,2019,WL.SSN.02,105120,105120,2019-01-01,2019-12-31 23:55:00,0
water,2019,WL.SSN.04,105120,105120,2019-01-01,2019-12-31 23:55:00,0
water,2019,WL.STR.02,105120,105120,2019-01-01,2019-12-31 23:55:00,0
water,2019,WL.TUT.01,105120,105120,2019-01-01,2019-12-31 23:55:00,0
water,2019,WL.TWW.01,105120,105120,2019-01-01,2019-12-31 23:55:00,0
water,2019,WL.YPN.02,105120,105120,2019-01-01,2019-12-31 23:55:00,0
water,2019,WL.KDN.01,105120,105120,2019-01-01,2019-12-31 23:55:00,0
water,2019,WL.BBR.02,105120,105120,2019-01-01,2019-12-31 23:55:00,0
water,2019,WL.BJK.01,105120,105120,2019-01-01,2019-12-31 23:55:00,0
water,2019,WL.BKA.01,105120,105120,2019-01-01,2019-12-31 23:55:00,0
water,2019,WL.BKB.01,105120,105120,2019-01-01,2019-12-31 23:55:00,0
water,2019,WL.BKY.01,105120,105120,2019-01-01,2019-12-31 23:55:00,0
water,2019,WL.BKY.02,105120,105120,2019-01-01,2019-12-31 23:55:00,0
water,2019,WL.BLY.01,105120,105120,2019-01-01,2019-12-31 23:55:00,0
water,2019,WL.BNJ.04,105120,105120,2019-01-01,2019-12-31 23:55:00,0
water,2019,WL.BPA.01,105120,105120,2019-01-01,2019-12-31 23:55:00,0
water,2019,WL.BPM.03,105120,105120,2019-01-01,2019-12-31 23:55:00,0
water,2019,WL.BPU.01,105120,105120,2019-01-01,2019-12-31 23:55:00,0
water,2019,WL.BSU.04,105120,105120,2019-01-01,2019-12-31 23:55:00,0
water,2019,WL.BYI.01,105120,105120,2019-01-01,2019-12-31 23:55:00,0
water,2019,WL.CKS.02,105120,105120,2019-01-01,2019-12-31 23:55:00,0
water,2019,WL.CNS.02,105120,105120,2019-01-01,2019-12-31 23:55:00,0
water,2019,WL.CTC.01,105120,105120,2019-01-01,2019-12-31 23:55:00,0
water,2019,WL.JRN.01,105120,105120,2019-01-01,2019-12-31 23:55:00,0
water,2019,WL.KBU.02,105120,105120,2019-01-01,2019-12-31 23:55:00,0
water,2019,WL.KJU.01,105120,105120,2019-01-01,2019-12-31 23:55:00,0
water,2019,WL.KKY.01,105120,105120,2019-01-01,2019-12-31 23:55:00,0
water,2019,WL.KLA.01,105120,105120,2019-01-01,2019-12-31 23:55:00,0
water,2019,WL.KLD.01,105120,105120,2019-01-01,2019-12-31 23:55:00,0
water,2019,WL.KLT.01,105120,105120,2019-01-01,2019-12-31 23:55:00,0
water,2019,WL.KNB.02,105120,105120,2019-01-01,2019-12-31 23:55:00,0
water,2019,WL.KPM.04,105120,105120,2019-01-01,2019-12-31 23:55:00,0
water,2019,WL.KPM.05,105120,105120,2019-01-01,2019-12-31 23:55:00,0
water,2019,WL.KSM.01,105120,105120,2019-01-01,2019-12-31 23:55:00,0
water,2019,WL.LKB.01,105120,105120,2019-01-01,2019-12-31 23:55:00,0
water,2019,WL.LPI.01,105120,105120,2019-01-01,2019-12-31 23:55:00,0
water,2019,WL.LPW.02,105120,105120,2019-01-01,2019-12-31 23:55:00,0
water,2019,WL.MID.01,105120,105120,2019-01-01,2019-12-31 23:55:00,0
water,2019,WL.NBN.01,105120,105120,2019-01-01,2019-12-31 23:55:00,0
water,2019,WL.NK3.01,105120,105120,2019-01-01,2019-12-31 23:55:00,0
water,2019,WL.PLK.01,105120,105120,2019-01-01,2019-12-31 23:55:00,0
water,2019,WL.PSR.02,105120,105120,2019-01-01,2019-12-31 23:55:00,0
water,2019,WL.PSR.05,105120,105120,2019-01-01,2019-12-31 23:55:00,0
water,2019,WL.SBT.01,105120,105120,2019-01-01,2019-12-31 23:55:00,0
water,2019,WL.SKT.01,105120,105120,2019-01-01,2019-12-31 23:55:00,0
water,2019,WL.SLL.01,105120,105120,2019-01-01,2019-12-31 23:55:00,0
water,2019,WL.SRE.01,105120,105120,2019-01-01,2019-12-31 23:55:00,0
water,2019,WL.SSB.03,105120,105120,2019-01-01,2019-12-31 23:55:00,0
water,2019,WL.SSG.01,105120,105120,2019-01-01,2019-12-31 23:55:00,0
water,2019,WL.SSN.03,105120,105120,2019-01-01,2019-12-31 23:55:00,0
water,2019,WL.SSN.07,105120,105120,2019-01-01,2019-12-31 23:55:00,0
water,2019,WL.SSN.09,105120,105120,2019-01-01,2019-12-31 23:55:00,0
water,2019,WL.SST.01,105120,105120,2019-01-01,2019-12-31 23:55:00,0
water,2019,WL.SWA.01,105120,105120,2019-01-01,2019-12-31 23:55:00,0
water,2019,WL.TPK.02,105120,105120,2019-01-01,2019-12-31 23:55:00,0
water,2019,WL.WLS.01,105120,105120,2019-01-01,2019-12-31 23:55:00,0
water,2019,WL.KJK.01,105120,105120,2019-01-01,2019-12-31 23:55:00,0
water,2019,WL.KKS.02,105120,105120,2019-01-01,2019-12-31 23:55:00,0
water,2019,WL.LCL.02,105120,105120,2019-01-01,2019-12-31 23:55:00,0
water,2019,WL.LPG.01,105120,105120,2019-01-01,2019-12-31 23:55:00,0
water,2019,WL.LPG.03,105120,105120,2019-01-01,2019-12-31 23:55:00,0
water,2019,WL.LPI.02,105120,105120,2019-01-01,2019-12-31 23:55:00,0
water,2019,WL.PSC.04,105120,105120,2019-01-01,2019-12-31 23:55:00,0
water,2019,WL.SNC.01,105120,105120,2019-01-01,2019-12-31 23:55:00,0
water,2019,WL.SSB.04,105120,105120,2019-01-01,2019-12-31 23:55:00,0
water,2019,WL.TWW.03,105120,105120,2019-01-01,2019-12-31 23:55:00,0
water,2019,WL.VPV.01,105120,105120,2019-01-01,2019-12-31 23:55:00,0
water,2019,WL.YSN.02,105120,105120,2019-01-01,2019-12-31 23:55:00,0
water,2019,WL.KKS.04,105120,105120,2019-01-01,2019-12-31 23:55:00,0
water,2019,WL.BCN.01,105120,105120,2019-01-01,2019-12-31 23:55:00,0
water,2019,WL.BCN.03,105120,105120,2019-01-01,2019-12-31 23:55:00,0
water,2019,WL.BJK.02,105120,105120,2019-01-01,2019-12-31 23:55:00,0
water,2019,WL.BJK.03,105120,105120,2019-01-01,2019-12-31 23:55:00,0
water,2019,WL.BNA.01,105120,105120,2019-01-01,2019-12-31 23:55:00,0
water,2019,WL.BNJ.01,105120,105120,2019-01-01,2019-12-31 23:55:00,0
water,2019,WL.BSU.05,105120,105120,2019-01-01,2019-12-31 23:55:00,0
water,2019,WL.BWK.03,105120,105120,2019-01-01,2019-12-31 23:55:00,0
water,2019,WL.BYK.01,105120,105120,2019-01-01,2019-12-31 23:55:00,0
water,2019,WL.BYK.02,105120,105120,2019-01-01,2019-12-31 23:55:00,0
water,2019,WL.CYI.02,105120,105120,2019-01-01,2019-12-31 23:55:00,0
water,2019,WL.HKG.02,105120,105120,2019-01-01,2019-12-31 23:55:00,0
water,2019,WL.HMK.01,105120,105120,2019-01-01,2019-12-31 23:55:00,0
water,2019,WL.IDE.01,105120,105120,2019-01-01,2019-12-31 23:55:00,0
water,2019,WL.KJG.01,105120,105120,2019-01-01,2019-12-31 23:55:00,0
water,2019,WL.KJK.02,105120,105120,2019-01-01,2019-12-31 23:55:00,0
water,2019,WL.KJN.01,105120,105120,2019-01-01,2019-12-31 23:55:00,0
water,2019,WL.KKD.01,105120,105120,2019-01-01,2019-12-31 23:55:00,0
water,2019,WL.KPG.01,105120,105120,2019-01-01,2019-12-31 23:55:00,0
water,2019,WL.KPM.01,105120,105120,2019-01-01,2019-12-31 23:55:00,0
water,2019,WL.KPM.03,105120,105120,2019-01-01,2019-12-31 23:55:00,0
water,2019,WL.KSG.01,105120,105120,2019-01-01,2019-12-31 23:55:00,0
water,2019,WL.KSO.02,105120,105120,2019-01-01,2019-12-31 23:55:00,0
water,2019,WL.LPG.02,105120,105120,2019-01-01,2019-12-31 23:55:00,0
water,2019,WL.LPT.04,105120,105120,2019-01-01,2019-12-31 23:55:00,0
water,2019,WL.LPW.04,105120,105120,2019-01-01,2019-12-31 23:55:00,0
water,2019,WL.NSG.01,105120,105120,2019-01-01,2019-12-31 23:55:00,0
water,2019,WL.ORC.01,105120,105120,2019-01-01,2019-12-31 23:55:00,0
water,2019,WL.PSR.01,105120,105120,2019-01-01,2019-12-31 23:55:00,0
water,2019,WL.PSR.03,105120,105120,2019-01-01,2019-12-31 23:55:00,0
water,2019,WL.PSR.04,105120,105120,2019-01-01,2019-12-31 23:55:00,0
water,2019,WL.PSR.06,105120,105120,2019-01-01,2019-12-31 23:55:00,0
water,2019,WL.PWT.04,105120,105120,2019-01-01,2019-12-31 23:55:00,0
water,2019,WL.PWT.05,105120,105120,2019-01-01,2019-12-31 23:55:00,0
water,2019,WL.PWT.06,105120,105120,2019-01-01,2019-12-31 23:55:00,0
water,2019,WL.RHN.01,105120,105120,2019-01-01,2019-12-31 23:55:00,0
water,2019,WL.SSB.01,105120,105120,2019-01-01,2019-12-31 23:55:00,0
water,2019,WL.SSN.01,105120,105120,2019-01-01,2019-12-31 23:55:00,0
water,2019,WL.SSN.08,105120,105120,2019-01-01,2019-12-31 23:55:00,0
water,2019,WL.TUT.02,105120,105120,2019-01-01,2019-12-31 23:55:00,0
water,2019,WL.TWW.05,105120,105120,2019-01-01,2019-12-31 23:55:00,0
water,2019,WL.BJK.04,105120,105120,2019-01-01,2019-12-31 23:55:00,0
water,2019,WL.BPN.02,105120,105120,2019-01-01,2019-12-31 23:55:00,0
water,2019,WL.CNS.01,105120,105120,2019-01-01,2019-12-31 23:55:00,0
water,2019,WL.CYI.01,105120,105120,2019-01-01,2019-12-31 23:55:00,0
water,2019,WL.LPT.01,105120,105120,2019-01-01,2019-12-31 23:55:00,0
water,2019,WL.LPW.03,105120,105120,2019-01-01,2019-12-31 23:55:00,0
water,2019,WL.LSM.01,105120,105120,2019-01-01,2019-12-31 23:55:00,0
water,2019,WL.MSW.01,105120,105120,2019-01-01,2019-12-31 23:55:00,0
water,2019,WL.MSW.03,105120,105120,2019-01-01,2019-12-31 23:55:00,0
water,2019,WL.RJK.01,105120,105120,2019-01-01,2019-12-31 23:55:00,0
water,2019,WL.SSB.08,105120,105120,2019-01-01,2019-12-31 23:55:00,0
water,2019,WL.SSN.06,105120,105120,2019-01-01,2019-12-31 23:55:00,0
water,2019,WL.WSI.01,105120,105120,2019-01-01,2019-12-31 23:55:00,0
water,2019,WL.BPM.02,105120,105120,2019-01-01,2019-12-31 23:55:00,0
water,2019,WL.SRG.01,105120,105120,2019-01-01,2019-12-31 23:55:00,0
water,2019,WL.SSM.01,105120,105120,2019-01-01,2019-12-31 23:55:00,0
water,2020,WL.BOA.02,105408,105408,2020-01-01,2020-12-31 23:55:00,0
water,2020,WL.BSU.01,105408,105408,2020-01-01,2020-12-31 23:55:00,0
water,2020,WL.BSU.03,105408,105408,2020-01-01,2020-12-31 23:55:00,0
water,2020,WL.BWK.02,105408,105408,2020-01-01,2020-12-31 23:55:00,0
water,2020,WL.CNS.03,105408,105408,2020-01-01,2020-12-31 23:55:00,0
water,2020,WL.CNS.04,105408,105408,2020-01-01,2020-12-31 23:55:00,0
water,2020,WL.KJA.01,105408,105408,2020-01-01,2020-12-31 23:55:00,0
water,2020,WL.KKS.01,105408,105408,2020-01-01,2020-12-31 23:55:00,0
water,2020,WL.KMN.01,105408,105408,2020-01-01,2020-12-31 23:55:00,0
water,2020,WL.KNB.01,105408,105408,2020-01-01,2020-12-31 23:55:00,0
water,2020,WL.KPM.02,105408,105408,2020-01-01,2020-12-31 23:55:00,0
water,2020,WL.KPM.06,105408,105408,2020-01-01,2020-12-31 23:55:00,0
water,2020,WL.KSI.01,105408,105408,2020-01-01,2020-12-31 23:55:00,0
water,2020,WL.KSK.01,105408,105408,2020-01-01,2020-12-31 23:55:00,0
water,2020,WL.KSM.02,105408,105408,2020-01-01,2020-12-31 23:55:00,0
water,2020,WL.LBK.02,105408,105408,2020-01-01,2020-12-31 23:55:00,0
water,2020,WL.LPC.01,105408,105408,2020-01-01,2020-12-31 23:55:00,0
water,2020,WL.LPT.03,105408,105408,2020-01-01,2020-12-31 23:55:00,0
water,2020,WL.LPW.01,105408,105408,2020-01-01,2020-12-31 23:55:00,0
water,2020,WL.NKW.02,105408,105408,2020-01-01,2020-12-31 23:55:00,0
water,2020,WL.PKG.01,105408,105408,2020-01-01,2020-12-31 23:55:00,0
water,2020,WL.PKN.01,105408,105408,2020-01-01,2020-12-31 23:55:00,0
water,2020,WL.PSC.01,105408,105408,2020-01-01,2020-12-31 23:55:00,0
water,2020,WL.PSC.02,105408,105408,2020-01-01,2020-12-31 23:55:00,0
water,2020,WL.PSI.01,105408,105408,2020-01-01,2020-12-31 23:55:00,0
water,2020,WL.PWT.01,105408,105408,2020-01-01,2020-12-31 23:55:00,0
water,2020,WL.PWT.02,105408,105408,2020-01-01,2020-12-31 23:55:00,0
water,2020,WL.RMT.02,105408,105408,2020-01-01,2020-12-31 23:55:00,0
water,2020,WL.SBR.01,105408,105408,2020-01-01,2020-12-31 23:55:00,0
water,2020,WL.SBR.02,105408,105408,2020-01-01,2020-12-31 23:55:00,0
water,2020,WL.SDN.01,105408,105408,2020-01-01,2020-12-31 23:55:00,0
water,2020,WL.SKG.01,105408,105408,2020-01-01,2020-12-31 23:55:00,0
water,2020,WL.SKT.02,105408,105408,2020-01-01,2020-12-31 23:55:00,0
water,2020,WL.SNO.01,105408,105408,2020-01-01,2020-12-31 23:55:00,0
water,2020,WL.SSB.02,105408,105408,2020-01-01,2020-12-31 23:55:00,0
water,2020,WL.SSB.07,105408,105408,2020-01-01,2020-12-31 23:55:00,0
water,2020,WL.SSB.09,105408,105408,2020-01-01,2020-12-31 23:55:00,0
water,2020,WL.STN.01,105408,105408,2020-01-01,2020-12-31 23:55:00,0
water,2020,WL.SWU.01,105408,105408,2020-01-01,2020-12-31 23:55:00,0
water,2020,WL.TCG.01,105408,105408,2020-01-01,2020-12-31 23:55:00,0
water,2020,WL.TPK.03,105408,105408,2020-01-01,2020-12-31 23:55:00,0
water,2020,WL.TTN.01,105408,105408,2020-01-01,2020-12-31 23:55:00,0
water,2020,WL.YPE.01,105408,105408,2020-01-01,2020-12-31 23:55:00,0
water,2020,WL.BBU.01,105408,105408,2020-01-01,2020-12-31 23:55:00,0
water,2020,WL.BLP.02,105408,105408,2020-01-01,2020-12-31 23:55:00,0
water,2020,WL.BMK.01,105408,105408,2020-01-01,2020-12-31 23:55:00,0
water,2020,WL.BOA.01,105408,105408,2020-01-01,2020-12-31 23:55:00,0
water,2020,WL.KBU.01,105408,105408,2020-01-01,2020-12-31 23:55:00,0
water,2020,WL.KKD.02,105408,105408,2020-01-01,2020-12-31 23:55:00,0
water,2020,WL.KLD.02,105408,105408,2020-01-01,2020-12-31 23:55:00,0
water,2020,WL.KTK.03,105408,105408,2020-01-01,2020-12-31 23:55:00,0
water,2020,WL.LBK.03,105408,105408,2020-01-01,2020-12-31 23:55:00,0
water,2020,WL.LSG.01,105408,105408,2020-01-01,2020-12-31 23:55:00,0
water,2020,WL.LYW.01,105408,105408,2020-01-01,2020-12-31 23:55:00,0
water,2020,WL.PYW.01,105408,105408,2020-01-01,2020-12-31 23:55:00,0
water,2020,WL.SSB.10,105408,105408,2020-01-01,2020-12-31 23:55:00,0
water,2020,WL.STN.03,105408,105408,2020-01-01,2020-12-31 23:55:00,0
water,2020,WL.TSK.01,105408,105408,2020-01-01,2020-12-31 23:55:00,0
water,2020,WL.WTN.02,105408,105408,2020-01-01,2020-12-31 23:55:00,0
water,2020,WL.BBN.02,105408,105408,2020-01-01,2020-12-31 23:55:00,0
water,2020,WL.BBR.01,105408,105408,2020-01-01,2020-12-31 23:55:00,0
water,2020,WL.BKA.02,105408,105408,2020-01-01,2020-12-31 23:55:00,0
water,2020,WL.BKA.03,105408,105408,2020-01-01,2020-12-31 23:55:00,0
water,2020,WL.BKA.04,105408,105408,2020-01-01,2020-12-31 23:55:00,0
water,2020,WL.BKG.01,105408,105408,2020-01-01,2020-12-31 23:55:00,0
water,2020,WL.BKL.01,105408,105408,2020-01-01,2020-12-31 23:55:00,0
water,2020,WL.BNA.02,105408,105408,2020-01-01,2020-12-31 23:55:00,0
water,2020,WL.BNJ.02,105408,105408,2020-01-01,2020-12-31 23:55:00,0
water,2020,WL.BPM.01,105408,105408,2020-01-01,2020-12-31 23:55:00,0
water,2020,WL.BPM.04,105408,105408,2020-01-01,2020-12-31 23:55:00,0
water,2020,WL.BSK.01,105408,105408,2020-01-01,2020-12-31 23:55:00,0
water,2020,WL.BSU.06,105408,105408,2020-01-01,2020-12-31 23:55:00,0
water,2020,WL.BTY.01,105408,105408,2020-01-01,2020-12-31 23:55:00,0
water,2020,WL.BWK.01,105408,105408,2020-01-01,2020-12-31 23:55:00,0
water,2020,WL.CBJ.01,105408,105408,2020-01-01,2020-12-31 23:55:00,0
water,2020,WL.CKS.01,105408,105408,2020-01-01,2020-12-31 23:55:00,0
water,2020,WL.CPA.01,105408,105408,2020-01-01,2020-12-31 23:55:00,0
water,2020,WL.DKN.01,105408,105408,2020-01-01,2020-12-31 23:55:00,0
water,2020,WL.FTM.01,105408,105408,2020-01-01,2020-12-31 23:55:00,0
water,2020,WL.HKG.01,105408,105408,2020-01-01,2020-12-31 23:55:00,0
water,2020,WL.KDN.01,105408,105408,2020-01-01,2020-12-31 23:55:00,0
water,2020,WL.KJA.02,105408,105408,2020-01-01,2020-12-31 23:55:00,0
water,2020,WL.KJN.02,105408,105408,2020-01-01,2020-12-31 23:55:00,0
water,2020,WL.KKD.03,105408,105408,2020-01-01,2020-12-31 23:55:00,0
water,2020,WL.KKY.02,105408,105408,2020-01-01,2020-12-31 23:55:00,0
water,2020,WL.KSI.02,105408,105408,2020-01-01,2020-12-31 23:55:00,0
water,2020,WL.LBK.01,105408,105408,2020-01-01,2020-12-31 23:55:00,0
water,2020,WL.LCL.01,105408,105408,2020-01-01,2020-12-31 23:55:00,0
water,2020,WL.LOA.01,105408,105408,2020-01-01,2020-12-31 23:55:00,0
water,2020,WL.LPN.01,105408,105408,2020-01-01,2020-12-31 23:55:00,0
water,2020,WL.LPW.05,105408,105408,2020-01-01,2020-12-31 23:55:00,0
water,2020,WL.LYW.02,105408,105408,2020-01-01,2020-12-31 23:55:00,0
water,2020,WL.MSW.02,105408,105408,2020-01-01,2020-12-31 23:55:00,0
water,2020,WL.PPA.02,105408,105408,2020-01-01,2020-12-31 23:55:00,0
water,2020,WL.PSC.03,105408,105408,2020-01-01,2020-12-31 23:55:00,0
water,2020,WL.PWT.03,105408,105408,2020-01-01,2020-12-31 23:55:00,0
water,2020,WL.RMT.01,105408,105408,2020-01-01,2020-12-31 23:55:00,0
water,2020,WL.RSK.01,105408,105408,2020-01-01,2020-12-31 23:55:00,0
water,2020,WL.SCO.01,105408,105408,2020-01-01,2020-12-31 23:55:00,0
water,2020,WL.SSB.05,105408,105408,2020-01-01,2020-12-31 23:55:00,0
water,2020,WL.SSB.06,105408,105408,2020-01-01,2020-12-31 23:55:00,0
water,2020,WL.SSB.11,105408,105408,2020-01-01,2020-12-31 23:55:00,0
water,2020,WL.SSN.02,105408,105408,2020-01-01,2020-12-31 23:55:00,0
water,2020,WL.SSN.05,105408,105408,2020-01-01,2020-12-31 23:55:00,0
water,2020,WL.STN.02,105408,105408,2020-01-01,2020-12-31 23:55:00,0
water,2020,WL.STR.01,105408,105408,2020-01-01,2020-12-31 23:55:00,0
water,2020,WL.STR.02,105408,105408,2020-01-01,2020-12-31 23:55:00,0
water,2020,WL.TNG.01,105408,105408,2020-01-01,2020-12-31 23:55:00,0
water,2020,WL.TUT.01,105408,105408,2020-01-01,2020-12-31 23:55:00,0
water,2020,WL.TWW.01,105408,105408,2020-01-01,2020-12-31 23:55:00,0
water,2020,WL.TWW.04,105408,105408,2020-01-01,2020-12-31 23:55:00,0
water,2020,WL.WKT.01,105408,105408,2020-01-01,2020-12-31 23:55:00,0
water,2020,WL.WTK.01,105408,105408,2020-01-01,2020-12-31 23:55:00,0
water,2020,WL.YPN.02,105408,105408,2020-01-01,2020-12-31 23:55:00,0
water,2020,WL.BBN.01,105408,105408,2020-01-01,2020-12-31 23:55:00,0
water,2020,WL.BCN.02,105408,105408,2020-01-01,2020-12-31 23:55:00,0
water,2020,WL.BNA.03,105408,105408,2020-01-01,2020-12-31 23:55:00,0
water,2020,WL.BNJ.03,105408,105408,2020-01-01,2020-12-31 23:55:00,0
water,2020,WL.BPN.01,105408,105408,2020-01-01,2020-12-31 23:55:00,0
water,2020,WL.BSU.02,105408,105408,2020-01-01,2020-12-31 23:55:00,0
water,2020,WL.BTL.01,105408,105408,2020-01-01,2020-12-31 23:55:00,0
water,2020,WL.KJT.01,105408,105408,2020-01-01,2020-12-31 23:55:00,0
water,2020,WL.KKO.01,105408,105408,2020-01-01,2020-12-31 23:55:00,0
water,2020,WL.KKS.03,105408,105408,2020-01-01,2020-12-31 23:55:00,0
water,2020,WL.KSO.01,105408,105408,2020-01-01,2020-12-31 23:55:00,0
water,2020,WL.KTY.01,105408,105408,2020-01-01,2020-12-31 23:55:00,0
water,2020,WL.LPT.02,105408,105408,2020-01-01,2020-12-31 23:55:00,0
water,2020,WL.NKW.01,105408,105408,2020-01-01,2020-12-31 23:55:00,0
water,2020,WL.RKC.01,105408,105408,2020-01-01,2020-12-31 23:55:00,0
water,2020,WL.SNC.02,105408,105408,2020-01-01,2020-12-31 23:55:00,0
water,2020,WL.SPP.01,105408,105408,2020-01-01,2020-12-31 23:55:00,0
water,2020,WL.SSB.12,105408,105408,2020-01-01,2020-12-31 23:55:00,0
water,2020,WL.SSN.04,105408,105408,2020-01-01,2020-12-31 23:55:00,0
water,2020,WL.TWW.02,105408,105408,2020-01-01,2020-12-31 23:55:00,0
water,2020,WL.YPN.01,105408,105408,2020-01-01,2020-12-31 23:55:00,0
water,2020,WL.BBN.03,105408,105408,2020-01-01,2020-12-31 23:55:00,0
water,2020,WL.BCN.01,105408,105408,2020-01-01,2020-12-31 23:55:00,0
water,2020,WL.BJK.03,105408,105408,2020-01-01,2020-12-31 23:55:00,0
water,2020,WL.BNA.01,105408,105408,2020-01-01,2020-12-31 23:55:00,0
water,2020,WL.BNJ.01,105408,105408,2020-01-01,2020-12-31 23:55:00,0
water,2020,WL.BPM.02,105408,105408,2020-01-01,2020-12-31 23:55:00,0
water,2020,WL.BPN.02,105408,105408,2020-01-01,2020-12-31 23:55:00,0
water,2020,WL.BSU.05,105408,105408,2020-01-01,2020-12-31 23:55:00,0
water,2020,WL.BYK.01,105408,105408,2020-01-01,2020-12-31 23:55:00,0
water,2020,WL.BYK.02,105408,105408,2020-01-01,2020-12-31 23:55:00,0
water,2020,WL.CNS.01,105408,105408,2020-01-01,2020-12-31 23:55:00,0
water,2020,WL.CYI.01,105408,105408,2020-01-01,2020-12-31 23:55:00,0
water,2020,WL.CYI.02,105408,105408,2020-01-01,2020-12-31 23:55:00,0
water,2020,WL.HKG.02,105408,105408,2020-01-01,2020-12-31 23:55:00,0
water,2020,WL.HMK.01,105408,105408,2020-01-01,2020-12-31 23:55:00,0
water,2020,WL.IDE.01,105408,105408,2020-01-01,2020-12-31 23:55:00,0
water,2020,WL.KJG.01,105408,105408,2020-01-01,2020-12-31 23:55:00,0
water,2020,WL.KJN.01,105408,105408,2020-01-01,2020-12-31 23:55:00,0
water,2020,WL.KKD.01,105408,105408,2020-01-01,2020-12-31 23:55:00,0
water,2020,WL.KPG.01,105408,105408,2020-01-01,2020-12-31 23:55:00,0
water,2020,WL.KPM.03,105408,105408,2020-01-01,2020-12-31 23:55:00,0
water,2020,WL.KSO.02,105408,105408,2020-01-01,2020-12-31 23:55:00,0
water,2020,WL.LPG.02,105408,105408,2020-01-01,2020-12-31 23:55:00,0
water,2020,WL.LPW.03,105408,105408,2020-01-01,2020-12-31 23:55:00,0
water,2020,WL.LSM.01,105408,105408,2020-01-01,2020-12-31 23:55:00,0
water,2020,WL.MSW.01,105408,105408,2020-01-01,2020-12-31 23:55:00,0
water,2020,WL.MSW.03,105408,105408,2020-01-01,2020-12-31 23:55:00,0
water,2020,WL.NSG.01,105408,105408,2020-01-01,2020-12-31 23:55:00,0
water,2020,WL.ORC.01,105408,105408,2020-01-01,2020-12-31 23:55:00,0
water,2020,WL.PSR.03,105408,105408,2020-01-01,2020-12-31 23:55:00,0
water,2020,WL.PSR.04,105408,105408,2020-01-01,2020-12-31 23:55:00,0
water,2020,WL.PSR.06,105408,105408,2020-01-01,2020-12-31 23:55:00,0
water,2020,WL.PWT.04,105408,105408,2020-01-01,2020-12-31 23:55:00,0
water,2020,WL.PWT.05,105408,105408,2020-01-01,2020-12-31 23:55:00,0
water,2020,WL.PWT.06,105408,105408,2020-01-01,2020-12-31 23:55:00,0
water,2020,WL.RHN.01,105408,105408,2020-01-01,2020-12-31 23:55:00,0
water,2020,WL.RJK.01,105408,105408,2020-01-01,2020-12-31 23:55:00,0
water,2020,WL.SRG.01,105408,105408,2020-01-01,2020-12-31 23:55:00,0
water,2020,WL.SSB.01,105408,105408,2020-01-01,2020-12-31 23:55:00,0
water,2020,WL.SSN.08,105408,105408,2020-01-01,2020-12-31 23:55:00,0
water,2020,WL.TUT.02,105408,105408,2020-01-01,2020-12-31 23:55:00,0
water,2020,WL.TWW.05,105408,105408,2020-01-01,2020-12-31 23:55:00,0
water,2020,WL.WSI.01,105408,105408,2020-01-01,2020-12-31 23:55:00,0
water,2020,WL.BCN.03,105408,105408,2020-01-01,2020-12-31 23:55:00,0
water,2020,WL.BJK.02,105408,105408,2020-01-01,2020-12-31 23:55:00,0
water,2020,WL.BJK.04,105408,105408,2020-01-01,2020-12-31 23:55:00,0
water,2020,WL.BWK.03,105408,105408,2020-01-01,2020-12-31 23:55:00,0
water,2020,WL.KJK.02,105408,105408,2020-01-01,2020-12-31 23:55:00,0
water,2020,WL.KPM.01,105408,105408,2020-01-01,2020-12-31 23:55:00,0
water,2020,WL.KSG.01,105408,105408,2020-01-01,2020-12-31 23:55:00,0
water,2020,WL.LPT.01,105408,105408,2020-01-01,2020-12-31 23:55:00,0
water,2020,WL.LPT.04,105408,105408,2020-01-01,2020-12-31 23:55:00,0
water,2020,WL.LPW.04,105408,105408,2020-01-01,2020-12-31 23:55:00,0
water,2020,WL.PSR.01,105408,105408,2020-01-01,2020-12-31 23:55:00,0
water,2020,WL.SSB.08,105408,105408,2020-01-01,2020-12-31 23:55:00,0
water,2020,WL.SSM.01,105408,105408,2020-01-01,2020-12-31 23:55:00,0
water,2020,WL.SSN.06,105408,105408,2020-01-01,2020-12-31 23:55:00,0
water,2020,WL.SSN.01,105408,105408,2020-01-01,2020-12-31 23:55:00,0
water,2020,WL.BBR.02,105408,105408,2020-01-01,2020-12-31 23:55:00,0
water,2020,WL.BJK.01,105408,105408,2020-01-01,2020-12-31 23:55:00,0
water,2020,WL.BKA.01,105408,105408,2020-01-01,2020-12-31 23:55:00,0
water,2020,WL.BKB.01,105408,105408,2020-01-01,2020-12-31 23:55:00,0
water,2020,WL.BKY.01,105408,105408,2020-01-01,2020-12-31 23:55:00,0
water,2020,WL.BKY.02,105408,105408,2020-01-01,2020-12-31 23:55:00,0
water,2020,WL.BLY.01,105408,105408,2020-01-01,2020-12-31 23:55:00,0
water,2020,WL.BNJ.04,105408,105408,2020-01-01,2020-12-31 23:55:00,0
water,2020,WL.BPA.01,105408,105408,2020-01-01,2020-12-31 23:55:00,0
water,2020,WL.BPM.03,105408,105408,2020-01-01,2020-12-31 23:55:00,0
water,2020,WL.BPU.01,105408,105408,2020-01-01,2020-12-31 23:55:00,0
water,2020,WL.BYI.01,105408,105408,2020-01-01,2020-12-31 23:55:00,0
water,2020,WL.CKS.02,105408,105408,2020-01-01,2020-12-31 23:55:00,0
water,2020,WL.CNS.02,105408,105408,2020-01-01,2020-12-31 23:55:00,0
water,2020,WL.CTC.01,105408,105408,2020-01-01,2020-12-31 23:55:00,0
water,2020,WL.JRN.01,105408,105408,2020-01-01,2020-12-31 23:55:00,0
water,2020,WL.KBU.02,105408,105408,2020-01-01,2020-12-31 23:55:00,0
water,2020,WL.KJK.01,105408,105408,2020-01-01,2020-12-31 23:55:00,0
water,2020,WL.KJU.01,105408,105408,2020-01-01,2020-12-31 23:55:00,0
water,2020,WL.KKS.02,105408,105408,2020-01-01,2020-12-31 23:55:00,0
water,2020,WL.KKS.04,105408,105408,2020-01-01,2020-12-31 23:55:00,0
water,2020,WL.KKY.01,105408,105408,2020-01-01,2020-12-31 23:55:00,0
water,2020,WL.KLD.01,105408,105408,2020-01-01,2020-12-31 23:55:00,0
water,2020,WL.KLT.01,105408,105408,2020-01-01,2020-12-31 23:55:00,0
water,2020,WL.KNB.02,105408,105408,2020-01-01,2020-12-31 23:55:00,0
water,2020,WL.KPM.04,105408,105408,2020-01-01,2020-12-31 23:55:00,0
water,2020,WL.KPM.05,105408,105408,2020-01-01,2020-12-31 23:55:00,0
water,2020,WL.LKB.01,105408,105408,2020-01-01,2020-12-31 23:55:00,0
water,2020,WL.LPG.01,105408,105408,2020-01-01,2020-12-31 23:55:00,0
water,2020,WL.LPG.03,105408,105408,2020-01-01,2020-12-31 23:55:00,0
water,2020,WL.LPI.01,105408,105408,2020-01-01,2020-12-31 23:55:00,0
water,2020,WL.LPI.02,105408,105408,2020-01-01,2020-12-31 23:55:00,0
water,2020,WL.NBN.01,105408,105408,2020-01-01,2020-12-31 23:55:00,0
water,2020,WL.NK3.01,105408,105408,2020-01-01,2020-12-31 23:55:00,0
water,2020,WL.PLK.01,105408,105408,2020-01-01,2020-12-31 23:55:00,0
water,2020,WL.PSR.02,105408,105408,2020-01-01,2020-12-31 23:55:00,0
water,2020,WL.PSR.05,105408,105408,2020-01-01,2020-12-31 23:55:00,0
water,2020,WL.SNC.01,105408,105408,2020-01-01,2020-12-31 23:55:00,0
water,2020,WL.SRE.01,105408,105408,2020-01-01,2020-12-31 23:55:00,0
water,2020,WL.SSB.04,105408,105408,2020-01-01,2020-12-31 23:55:00,0
water,2020,WL.SSG.01,105408,105408,2020-01-01,2020-12-31 23:55:00,0
water,2020,WL.SSN.03,105408,105408,2020-01-01,2020-12-31 23:55:00,0
water,2020,WL.SSN.07,105408,105408,2020-01-01,2020-12-31 23:55:00,0
water,2020,WL.SST.01,105408,105408,2020-01-01,2020-12-31 23:55:00,0
water,2020,WL.SWA.01,105408,105408,2020-01-01,2020-12-31 23:55:00,0
water,2020,WL.TWW.03,105408,105408,2020-01-01,2020-12-31 23:55:00,0
water,2020,WL.WLS.01,105408,105408,2020-01-01,2020-12-31 23:55:00,0
water,2020,WL.YSN.02,105408,105408,2020-01-01,2020-12-31 23:55:00,0
water,2020,WL.BSU.04,105408,105408,2020-01-01,2020-12-31 23:55:00,0
water,2020,WL.KLA.01,105408,105408,2020-01-01,2020-12-31 23:55:00,0
water,2020,WL.KSM.01,105408,105408,2020-01-01,2020-12-31 23:55:00,0
water,2020,WL.LCL.02,105408,105408,2020-01-01,2020-12-31 23:55:00,0
water,2020,WL.LPW.02,105408,105408,2020-01-01,2020-12-31 23:55:00,0
water,2020,WL.MID.01,105408,105408,2020-01-01,2020-12-31 23:55:00,0
water,2020,WL.PSC.04,105408,105408,2020-01-01,2020-12-31 23:55:00,0
water,2020,WL.SBT.01,105408,105408,2020-01-01,2020-12-31 23:55:00,0
water,2020,WL.SKT.01,105408,105408,2020-01-01,2020-12-31 23:55:00,0
water,2020,WL.SLL.01,105408,105408,2020-01-01,2020-12-31 23:55:00,0
water,2020,WL.SSN.09,105408,105408,2020-01-01,2020-12-31 23:55:00,0
water,2020,WL.TPK.02,105408,105408,2020-01-01,2020-12-31 23:55:00,0
water,2020,WL.SSB.03,105408,105408,2020-01-01,2020-12-31 23:55:00,0
water,2020,WL.VPV.01,105408,105408,2020-01-01,2020-12-31 23:55:00,0
water,2021,WL.BBR.02,105120,105120,2021-01-01,2021-12-31 23:55:00,0
water,2021,WL.BJK.01,105120,105120,2021-01-01,2021-12-31 23:55:00,0
water,2021,WL.BKY.01,105120,105120,2021-01-01,2021-12-31 23:55:00,0
water,2021,WL.BNJ.04,105120,105120,2021-01-01,2021-12-31 23:55:00,0
water,2021,WL.BPA.01,105120,105120,2021-01-01,2021-12-31 23:55:00,0
water,2021,WL.BPM.03,105120,105120,2021-01-01,2021-12-31 23:55:00,0
water,2021,WL.BPU.01,105120,105120,2021-01-01,2021-12-31 23:55:00,0
water,2021,WL.BSU.04,105120,105120,2021-01-01,2021-12-31 23:55:00,0
water,2021,WL.BYI.01,105120,105120,2021-01-01,2021-12-31 23:55:00,0
water,2021,WL.CKS.02,105120,105120,2021-01-01,2021-12-31 23:55:00,0
water,2021,WL.CNS.02,105120,105120,2021-01-01,2021-12-31 23:55:00,0
water,2021,WL.CTC.01,105120,105120,2021-01-01,2021-12-31 23:55:00,0
water,2021,WL.JRN.01,105120,105120,2021-01-01,2021-12-31 23:55:00,0
water,2021,WL.KBU.02,105120,105120,2021-01-01,2021-12-31 23:55:00,0
water,2021,WL.KJU.01,105120,105120,2021-01-01,2021-12-31 23:55:00,0
water,2021,WL.KKY.01,105120,105120,2021-01-01,2021-12-31 23:55:00,0
water,2021,WL.KLA.01,105120,105120,2021-01-01,2021-12-31 23:55:00,0
water,2021,WL.KLD.01,105120,105120,2021-01-01,2021-12-31 23:55:00,0
water,2021,WL.KLT.01,105120,105120,2021-01-01,2021-12-31 23:55:00,0
water,2021,WL.KNB.02,105120,105120,2021-01-01,2021-12-31 23:55:00,0
water,2021,WL.KPM.05,105120,105120,2021-01-01,2021-12-31 23:55:00,0
water,2021,WL.KSM.01,105120,105120,2021-01-01,2021-12-31 23:55:00,0
water,2021,WL.LKB.01,105120,105120,2021-01-01,2021-12-31 23:55:00,0
water,2021,WL.LPG.01,105120,105120,2021-01-01,2021-12-31 23:55:00,0
water,2021,WL.LPI.01,105120,105120,2021-01-01,2021-12-31 23:55:00,0
water,2021,WL.LPI.02,105120,105120,2021-01-01,2021-12-31 23:55:00,0
water,2021,WL.LPW.02,105120,105120,2021-01-01,2021-12-31 23:55:00,0
water,2021,WL.MID.01,105120,105120,2021-01-01,2021-12-31 23:55:00,0
water,2021,WL.NBN.01,105120,105120,2021-01-01,2021-12-31 23:55:00,0
water,2021,WL.NK3.01,105120,105120,2021-01-01,2021-12-31 23:55:00,0
water,2021,WL.PLK.01,105120,105120,2021-01-01,2021-12-31 23:55:00,0
water,2021,WL.PSC.04,105120,105120,2021-01-01,2021-12-31 23:55:00,0
water,2021,WL.PSR.05,105120,105120,2021-01-01,2021-12-31 23:55:00,0
water,2021,WL.SBT.01,105120,105120,2021-01-01,2021-12-31 23:55:00,0
water,2021,WL.SKT.01,105120,105120,2021-01-01,2021-12-31 23:55:00,0
water,2021,WL.SLL.01,105120,105120,2021-01-01,2021-12-31 23:55:00,0
water,2021,WL.SRE.01,105120,105120,2021-01-01,2021-12-31 23:55:00,0
water,2021,WL.SSB.03,105120,105120,2021-01-01,2021-12-31 23:55:00,0
water,2021,WL.SSG.01,105120,105120,2021-01-01,2021-12-31 23:55:00,0
water,2021,WL.SSN.03,105120,105120,2021-01-01,2021-12-31 23:55:00,0
water,2021,WL.SSN.07,105120,105120,2021-01-01,2021-12-31 23:55:00,0
water,2021,WL.SSN.09,105120,105120,2021-01-01,2021-12-31 23:55:00,0
water,2021,WL.SST.01,105120,105120,2021-01-01,2021-12-31 23:55:00,0
water,2021,WL.SWA.01,105120,105120,2021-01-01,2021-12-31 23:55:00,0
water,2021,WL.TPK.02,105120,105120,2021-01-01,2021-12-31 23:55:00,0
water,2021,WL.VPV.01,105120,105120,2021-01-01,2021-12-31 23:55:00,0
water,2021,WL.WLS.01,105120,105120,2021-01-01,2021-12-31 23:55:00,0
water,2021,WL.BKA.01,105120,105120,2021-01-01,2021-12-31 23:55:00,0
water,2021,WL.BKB.01,105120,105120,2021-01-01,2021-12-31 23:55:00,0
water,2021,WL.BKY.02,105120,105120,2021-01-01,2021-12-31 23:55:00,0
water,2021,WL.BLY.01,105120,105120,2021-01-01,2021-12-31 23:55:00,0
water,2021,WL.KJK.01,105120,105120,2021-01-01,2021-12-31 23:55:00,0
water,2021,WL.KKS.02,105120,105120,2021-01-01,2021-12-31 23:55:00,0
water,2021,WL.KKS.04,105120,105120,2021-01-01,2021-12-31 23:55:00,0
water,2021,WL.LCL.02,105120,105120,2021-01-01,2021-12-31 23:55:00,0
water,2021,WL.LPG.03,105120,105120,2021-01-01,2021-12-31 23:55:00,0
water,2021,WL.PSR.02,105120,105120,2021-01-01,2021-12-31 23:55:00,0
water,2021,WL.SNC.01,105120,105120,2021-01-01,2021-12-31 23:55:00,0
water,2021,WL.SSB.04,105120,105120,2021-01-01,2021-12-31 23:55:00,0
water,2021,WL.TWW.03,105120,105120,2021-01-01,2021-12-31 23:55:00,0
water,2021,WL.YSN.02,105120,105120,2021-01-01,2021-12-31 23:55:00,0
water,2021,WL.KPM.04,105120,105120,2021-01-01,2021-12-31 23:55:00,0
water,2021,WL.BBN.02,105120,105120,2021-01-01,2021-12-31 23:55:00,0
water,2021,WL.BBN.03,105120,105120,2021-01-01,2021-12-31 23:55:00,0
water,2021,WL.BBR.01,105120,105120,2021-01-01,2021-12-31 23:55:00,0
water,2021,WL.BCN.02,105120,105120,2021-01-01,2021-12-31 23:55:00,0
water,2021,WL.BKA.02,105120,105120,2021-01-01,2021-12-31 23:55:00,0
water,2021,WL.BKA.04,105120,105120,2021-01-01,2021-12-31 23:55:00,0
water,2021,WL.BKG.01,105120,105120,2021-01-01,2021-12-31 23:55:00,0
water,2021,WL.BNA.02,105120,105120,2021-01-01,2021-12-31 23:55:00,0
water,2021,WL.BNA.03,105120,105120,2021-01-01,2021-12-31 23:55:00,0
water,2021,WL.BNJ.02,105120,105120,2021-01-01,2021-12-31 23:55:00,0
water,2021,WL.BNJ.03,105120,105120,2021-01-01,2021-12-31 23:55:00,0
water,2021,WL.BPM.01,105120,105120,2021-01-01,2021-12-31 23:55:00,0
water,2021,WL.BPN.01,105120,105120,2021-01-01,2021-12-31 23:55:00,0
water,2021,WL.BSU.02,105120,105120,2021-01-01,2021-12-31 23:55:00,0
water,2021,WL.BSU.06,105120,105120,2021-01-01,2021-12-31 23:55:00,0
water,2021,WL.BTL.01,105120,105120,2021-01-01,2021-12-31 23:55:00,0
water,2021,WL.BTY.01,105120,105120,2021-01-01,2021-12-31 23:55:00,0
water,2021,WL.BWK.01,105120,105120,2021-01-01,2021-12-31 23:55:00,0
water,2021,WL.CBJ.01,105120,105120,2021-01-01,2021-12-31 23:55:00,0
water,2021,WL.FTM.01,105120,105120,2021-01-01,2021-12-31 23:55:00,0
water,2021,WL.HKG.01,105120,105120,2021-01-01,2021-12-31 23:55:00,0
water,2021,WL.KJN.02,105120,105120,2021-01-01,2021-12-31 23:55:00,0
water,2021,WL.KJT.01,105120,105120,2021-01-01,2021-12-31 23:55:00,0
water,2021,WL.KKD.03,105120,105120,2021-01-01,2021-12-31 23:55:00,0
water,2021,WL.KKS.03,105120,105120,2021-01-01,2021-12-31 23:55:00,0
water,2021,WL.KKY.02,105120,105120,2021-01-01,2021-12-31 23:55:00,0
water,2021,WL.KSI.02,105120,105120,2021-01-01,2021-12-31 23:55:00,0
water,2021,WL.KTY.01,105120,105120,2021-01-01,2021-12-31 23:55:00,0
water,2021,WL.LCL.01,105120,105120,2021-01-01,2021-12-31 23:55:00,0
water,2021,WL.LPN.01,105120,105120,2021-01-01,2021-12-31 23:55:00,0
water,2021,WL.LPT.02,105120,105120,2021-01-01,2021-12-31 23:55:00,0
water,2021,WL.MSW.02,105120,105120,2021-01-01,2021-12-31 23:55:00,0
water,2021,WL.NKW.01,105120,105120,2021-01-01,2021-12-31 23:55:00,0
water,2021,WL.PPA.02,105120,105120,2021-01-01,2021-12-31 23:55:00,0
water,2021,WL.PWT.03,105120,105120,2021-01-01,2021-12-31 23:55:00,0
water,2021,WL.RKC.01,105120,105120,2021-01-01,2021-12-31 23:55:00,0
water,2021,WL.RMT.01,105120,105120,2021-01-01,2021-12-31 23:55:00,0
water,2021,WL.RSK.01,105120,105120,2021-01-01,2021-12-31 23:55:00,0
water,2021,WL.SNC.02,105120,105120,2021-01-01,2021-12-31 23:55:00,0
water,2021,WL.SPP.01,105120,105120,2021-01-01,2021-12-31 23:55:00,0
water,2021,WL.SSB.05,105120,105120,2021-01-01,2021-12-31 23:55:00,0
water,2021,WL.SSB.11,105120,105120,2021-01-01,2021-12-31 23:55:00,0
water,2021,WL.SSB.12,105120,105120,2021-01-01,2021-12-31 23:55:00,0
water,2021,WL.SSN.05,105120,105120,2021-01-01,2021-12-31 23:55:00,0
water,2021,WL.STN.02,105120,105120,2021-01-01,2021-12-31 23:55:00,0
water,2021,WL.STR.01,105120,105120,2021-01-01,2021-12-31 23:55:00,0
water,2021,WL.TNG.01,105120,105120,2021-01-01,2021-12-31 23:55:00,0
water,2021,WL.TUT.01,105120,105120,2021-01-01,2021-12-31 23:55:00,0
water,2021,WL.TWW.02,105120,105120,2021-01-01,2021-12-31 23:55:00,0
water,2021,WL.TWW.04,105120,105120,2021-01-01,2021-12-31 23:55:00,0
water,2021,WL.WKT.01,105120,105120,2021-01-01,2021-12-31 23:55:00,0
water,2021,WL.WTK.01,105120,105120,2021-01-01,2021-12-31 23:55:00,0
water,2021,WL.YPN.02,105120,105120,2021-01-01,2021-12-31 23:55:00,0
water,2021,WL.BKA.03,105120,105120,2021-01-01,2021-12-31 23:55:00,0
water,2021,WL.BKL.01,105120,105120,2021-01-01,2021-12-31 23:55:00,0
water,2021,WL.BPM.04,105120,105120,2021-01-01,2021-12-31 23:55:00,0
water,2021,WL.CKS.01,105120,105120,2021-01-01,2021-12-31 23:55:00,0
water,2021,WL.CPA.01,105120,105120,2021-01-01,2021-12-31 23:55:00,0
water,2021,WL.DKN.01,105120,105120,2021-01-01,2021-12-31 23:55:00,0
water,2021,WL.KDN.01,105120,105120,2021-01-01,2021-12-31 23:55:00,0
water,2021,WL.KJA.02,105120,105120,2021-01-01,2021-12-31 23:55:00,0
water,2021,WL.KKO.01,105120,105120,2021-01-01,2021-12-31 23:55:00,0
water,2021,WL.LBK.01,105120,105120,2021-01-01,2021-12-31 23:55:00,0
water,2021,WL.LOA.01,105120,105120,2021-01-01,2021-12-31 23:55:00,0
water,2021,WL.LPW.05,105120,105120,2021-01-01,2021-12-31 23:55:00,0
water,2021,WL.LYW.02,105120,105120,2021-01-01,2021-12-31 23:55:00,0
water,2021,WL.PSC.03,105120,105120,2021-01-01,2021-12-31 23:55:00,0
water,2021,WL.SCO.01,105120,105120,2021-01-01,2021-12-31 23:55:00,0
water,2021,WL.SSB.06,105120,105120,2021-01-01,2021-12-31 23:55:00,0
water,2021,WL.SSN.02,105120,105120,2021-01-01,2021-12-31 23:55:00,0
water,2021,WL.SSN.04,105120,105120,2021-01-01,2021-12-31 23:55:00,0
water,2021,WL.STR.02,105120,105120,2021-01-01,2021-12-31 23:55:00,0
water,2021,WL.TWW.01,105120,105120,2021-01-01,2021-12-31 23:55:00,0
water,2021,WL.YPN.01,105120,105120,2021-01-01,2021-12-31 23:55:00,0
water,2021,WL.BBN.01,105120,105120,2021-01-01,2021-12-31 23:55:00,0
water,2021,WL.BSK.01,105120,105120,2021-01-01,2021-12-31 23:55:00,0
water,2021,WL.KSO.01,105120,105120,2021-01-01,2021-12-31 23:55:00,0
water,2021,WL.BBU.01,105120,105120,2021-01-01,2021-12-31 23:55:00,0
water,2021,WL.BLP.02,105120,105120,2021-01-01,2021-12-31 23:55:00,0
water,2021,WL.BMK.01,105120,105120,2021-01-01,2021-12-31 23:55:00,0
water,2021,WL.BOA.01,105120,105120,2021-01-01,2021-12-31 23:55:00,0
water,2021,WL.BOA.02,105120,105120,2021-01-01,2021-12-31 23:55:00,0
water,2021,WL.BSU.01,105120,105120,2021-01-01,2021-12-31 23:55:00,0
water,2021,WL.BSU.03,105120,105120,2021-01-01,2021-12-31 23:55:00,0
water,2021,WL.BWK.02,105120,105120,2021-01-01,2021-12-31 23:55:00,0
water,2021,WL.CNS.04,105120,105120,2021-01-01,2021-12-31 23:55:00,0
water,2021,WL.KBU.01,105120,105120,2021-01-01,2021-12-31 23:55:00,0
water,2021,WL.KJA.01,105120,105120,2021-01-01,2021-12-31 23:55:00,0
water,2021,WL.KKS.01,105120,105120,2021-01-01,2021-12-31 23:55:00,0
water,2021,WL.KLD.02,105120,105120,2021-01-01,2021-12-31 23:55:00,0
water,2021,WL.KNB.01,105120,105120,2021-01-01,2021-12-31 23:55:00,0
water,2021,WL.KPM.02,105120,105120,2021-01-01,2021-12-31 23:55:00,0
water,2021,WL.KSI.01,105120,105120,2021-01-01,2021-12-31 23:55:00,0
water,2021,WL.KSK.01,105120,105120,2021-01-01,2021-12-31 23:55:00,0
water,2021,WL.KSM.02,105120,105120,2021-01-01,2021-12-31 23:55:00,0
water,2021,WL.LBK.02,105120,105120,2021-01-01,2021-12-31 23:55:00,0
water,2021,WL.LPC.01,105120,105120,2021-01-01,2021-12-31 23:55:00,0
water,2021,WL.LSG.01,105120,105120,2021-01-01,2021-12-31 23:55:00,0
water,2021,WL.LYW.01,105120,105120,2021-01-01,2021-12-31 23:55:00,0
water,2021,WL.PKN.01,105120,105120,2021-01-01,2021-12-31 23:55:00,0
water,2021,WL.PSC.02,105120,105120,2021-01-01,2021-12-31 23:55:00,0
water,2021,WL.PWT.01,105120,105120,2021-01-01,2021-12-31 23:55:00,0
water,2021,WL.RMT.02,105120,105120,2021-01-01,2021-12-31 23:55:00,0
water,2021,WL.SBR.01,105120,105120,2021-01-01,2021-12-31 23:55:00,0
water,2021,WL.SDN.01,105120,105120,2021-01-01,2021-12-31 23:55:00,0
water,2021,WL.SSB.02,105120,105120,2021-01-01,2021-12-31 23:55:00,0
water,2021,WL.SSB.07,105120,105120,2021-01-01,2021-12-31 23:55:00,0
water,2021,WL.SSB.09,105120,105120,2021-01-01,2021-12-31 23:55:00,0
water,2021,WL.SSB.10,105120,105120,2021-01-01,2021-12-31 23:55:00,0
water,2021,WL.STN.01,105120,105120,2021-01-01,2021-12-31 23:55:00,0
water,2021,WL.STN.03,105120,105120,2021-01-01,2021-12-31 23:55:00,0
water,2021,WL.TCG.01,105120,105120,2021-01-01,2021-12-31 23:55:00,0
water,2021,WL.TPK.03,105120,105120,2021-01-01,2021-12-31 23:55:00,0
water,2021,WL.TSK.01,105120,105120,2021-01-01,2021-12-31 23:55:00,0
water,2021,WL.TTN.01,105120,105120,2021-01-01,2021-12-31 23:55:00,0
water,2021,WL.YPE.01,105120,105120,2021-01-01,2021-12-31 23:55:00,0
water,2021,WL.CNS.03,105120,105120,2021-01-01,2021-12-31 23:55:00,0
water,2021,WL.KMN.01,105120,105120,2021-01-01,2021-12-31 23:55:00,0
water,2021,WL.KPM.06,105120,105120,2021-01-01,2021-12-31 23:55:00,0
water,2021,WL.KTK.03,105120,105120,2021-01-01,2021-12-31 23:55:00,0
water,2021,WL.LBK.03,105120,105120,2021-01-01,2021-12-31 23:55:00,0
water,2021,WL.LPT.03,105120,105120,2021-01-01,2021-12-31 23:55:00,0
water,2021,WL.LPW.01,105120,105120,2021-01-01,2021-12-31 23:55:00,0
water,2021,WL.NKW.02,105120,105120,2021-01-01,2021-12-31 23:55:00,0
water,2021,WL.PSC.01,105120,105120,2021-01-01,2021-12-31 23:55:00,0
water,2021,WL.PSI.01,105120,105120,2021-01-01,2021-12-31 23:55:00,0
water,2021,WL.PWT.02,105120,105120,2021-01-01,2021-12-31 23:55:00,0
water,2021,WL.PYW.01,105120,105120,2021-01-01,2021-12-31 23:55:00,0
water,2021,WL.SBR.02,105120,105120,2021-01-01,2021-12-31 23:55:00,0
water,2021,WL.SKG.01,105120,105120,2021-01-01,2021-12-31 23:55:00,0
water,2021,WL.SKT.02,105120,105120,2021-01-01,2021-12-31 23:55:00,0
water,2021,WL.SNO.01,105120,105120,2021-01-01,2021-12-31 23:55:00,0
water,2021,WL.SWU.01,105120,105120,2021-01-01,2021-12-31 23:55:00,0
water,2021,WL.WTN.02,105120,105120,2021-01-01,2021-12-31 23:55:00,0
water,2021,WL.KKD.02,105120,105120,2021-01-01,2021-12-31 23:55:00,0
water,2021,WL.PKG.01,105120,105120,2021-01-01,2021-12-31 23:55:00,0
water,2021,WL.BCN.01,105120,105120,2021-01-01,2021-12-31 23:55:00,0
water,2021,WL.BCN.03,105120,105120,2021-01-01,2021-12-31 23:55:00,0
water,2021,WL.BJK.02,105120,105120,2021-01-01,2021-12-31 23:55:00,0
water,2021,WL.BJK.04,105120,105120,2021-01-01,2021-12-31 23:55:00,0
water,2021,WL.BNJ.01,105120,105120,2021-01-01,2021-12-31 23:55:00,0
water,2021,WL.BSU.05,105120,105120,2021-01-01,2021-12-31 23:55:00,0
water,2021,WL.BWK.03,105120,105120,2021-01-01,2021-12-31 23:55:00,0
water,2021,WL.BYK.01,105120,105120,2021-01-01,2021-12-31 23:55:00,0
water,2021,WL.BYK.02,105120,105120,2021-01-01,2021-12-31 23:55:00,0
water,2021,WL.CYI.02,105120,105120,2021-01-01,2021-12-31 23:55:00,0
water,2021,WL.HKG.02,105120,105120,2021-01-01,2021-12-31 23:55:00,0
water,2021,WL.IDE.01,105120,105120,2021-01-01,2021-12-31 23:55:00,0
water,2021,WL.KJG.01,105120,105120,2021-01-01,2021-12-31 23:55:00,0
water,2021,WL.KJK.02,105120,105120,2021-01-01,2021-12-31 23:55:00,0
water,2021,WL.KJN.01,105120,105120,2021-01-01,2021-12-31 23:55:00,0
water,2021,WL.KKD.01,105120,105120,2021-01-01,2021-12-31 23:55:00,0
water,2021,WL.KPG.01,105120,105120,2021-01-01,2021-12-31 23:55:00,0
water,2021,WL.KPM.01,105120,105120,2021-01-01,2021-12-31 23:55:00,0
water,2021,WL.KPM.03,105120,105120,2021-01-01,2021-12-31 23:55:00,0
water,2021,WL.KSG.01,105120,105120,2021-01-01,2021-12-31 23:55:00,0
water,2021,WL.KSO.02,105120,105120,2021-01-01,2021-12-31 23:55:00,0
water,2021,WL.LPG.02,105120,105120,2021-01-01,2021-12-31 23:55:00,0
water,2021,WL.LPT.04,105120,105120,2021-01-01,2021-12-31 23:55:00,0
water,2021,WL.LPW.04,105120,105120,2021-01-01,2021-12-31 23:55:00,0
water,2021,WL.NSG.01,105120,105120,2021-01-01,2021-12-31 23:55:00,0
water,2021,WL.ORC.01,105120,105120,2021-01-01,2021-12-31 23:55:00,0
water,2021,WL.PSR.01,105120,105120,2021-01-01,2021-12-31 23:55:00,0
water,2021,WL.PSR.03,105120,105120,2021-01-01,2021-12-31 23:55:00,0
water,2021,WL.PWT.04,105120,105120,2021-01-01,2021-12-31 23:55:00,0
water,2021,WL.PWT.05,105120,105120,2021-01-01,2021-12-31 23:55:00,0
water,2021,WL.PWT.06,105120,105120,2021-01-01,2021-12-31 23:55:00,0
water,2021,WL.RHN.01,105120,105120,2021-01-01,2021-12-31 23:55:00,0
water,2021,WL.RJK.01,105120,105120,2021-01-01,2021-12-31 23:55:00,0
water,2021,WL.SSB.01,105120,105120,2021-01-01,2021-12-31 23:55:00,0
water,2021,WL.SSB.08,105120,105120,2021-01-01,2021-12-31 23:55:00,0
water,2021,WL.SSN.01,105120,105120,2021-01-01,2021-12-31 23:55:00,0
water,2021,WL.SSN.08,105120,105120,2021-01-01,2021-12-31 23:55:00,0
water,2021,WL.TUT.02,105120,105120,2021-01-01,2021-12-31 23:55:00,0
water,2021,WL.BJK.03,105120,105120,2021-01-01,2021-12-31 23:55:00,0
water,2021,WL.BPM.02,105120,105120,2021-01-01,2021-12-31 23:55:00,0
water,2021,WL.BPN.02,105120,105120,2021-01-01,2021-12-31 23:55:00,0
water,2021,WL.CNS.01,105120,105120,2021-01-01,2021-12-31 23:55:00,0
water,2021,WL.CYI.01,105120,105120,2021-01-01,2021-12-31 23:55:00,0
water,2021,WL.HMK.01,105120,105120,2021-01-01,2021-12-31 23:55:00,0
water,2021,WL.LPT.01,105120,105120,2021-01-01,2021-12-31 23:55:00,0
water,2021,WL.LPW.03,105120,105120,2021-01-01,2021-12-31 23:55:00,0
water,2021,WL.LSM.01,105120,105120,2021-01-01,2021-12-31 23:55:00,0
water,2021,WL.MSW.01,105120,105120,2021-01-01,2021-12-31 23:55:00,0
water,2021,WL.MSW.03,105120,105120,2021-01-01,2021-12-31 23:55:00,0
water,2021,WL.PSR.04,105120,105120,2021-01-01,2021-12-31 23:55:00,0
water,2021,WL.PSR.06,105120,105120,2021-01-01,2021-12-31 23:55:00,0
water,2021,WL.SRG.01,105120,105120,2021-01-01,2021-12-31 23:55:00,0
water,2021,WL.SSM.01,105120,105120,2021-01-01,2021-12-31 23:55:00,0
water,2021,WL.SSN.06,105120,105120,2021-01-01,2021-12-31 23:55:00,0
water,2021,WL.TWW.05,105120,105120,2021-01-01,2021-12-31 23:55:00,0
water,2021,WL.WSI.01,105120,105120,2021-01-01,2021-12-31 23:55:00,0
water,2021,WL.BNA.01,105120,105120,2021-01-01,2021-12-31 23:55:00,0
water,2022,WL.BJK.01,105120,105120,2022-01-01,2022-12-31 23:55:00,0
water,2022,WL.BKA.01,105120,105120,2022-01-01,2022-12-31 23:55:00,0
water,2022,WL.BKB.01,105120,105120,2022-01-01,2022-12-31 23:55:00,0
water,2022,WL.BKY.01,105120,105120,2022-01-01,2022-12-31 23:55:00,0
water,2022,WL.BKY.02,105120,105120,2022-01-01,2022-12-31 23:55:00,0
water,2022,WL.BLY.01,105120,105120,2022-01-01,2022-12-31 23:55:00,0
water,2022,WL.BPA.01,105120,105120,2022-01-01,2022-12-31 23:55:00,0
water,2022,WL.BPM.03,105120,105120,2022-01-01,2022-12-31 23:55:00,0
water,2022,WL.BPU.01,105120,105120,2022-01-01,2022-12-31 23:55:00,0
water,2022,WL.CNS.02,105120,105120,2022-01-01,2022-12-31 23:55:00,0
water,2022,WL.CTC.01,105120,105120,2022-01-01,2022-12-31 23:55:00,0
water,2022,WL.KBU.02,105120,105120,2022-01-01,2022-12-31 23:55:00,0
water,2022,WL.KKS.02,105120,105120,2022-01-01,2022-12-31 23:55:00,0
water,2022,WL.KKY.01,105120,105120,2022-01-01,2022-12-31 23:55:00,0
water,2022,WL.KLD.01,105120,105120,2022-01-01,2022-12-31 23:55:00,0
water,2022,WL.KLT.01,105120,105120,2022-01-01,2022-12-31 23:55:00,0
water,2022,WL.KNB.02,105120,105120,2022-01-01,2022-12-31 23:55:00,0
water,2022,WL.KPM.04,105120,105120,2022-01-01,2022-12-31 23:55:00,0
water,2022,WL.KPM.05,105120,105120,2022-01-01,2022-12-31 23:55:00,0
water,2022,WL.LCL.02,105120,105120,2022-01-01,2022-12-31 23:55:00,0
water,2022,WL.LKB.01,105120,105120,2022-01-01,2022-12-31 23:55:00,0
water,2022,WL.LPG.01,105120,105120,2022-01-01,2022-12-31 23:55:00,0
water,2022,WL.LPG.03,105120,105120,2022-01-01,2022-12-31 23:55:00,0
water,2022,WL.LPI.01,105120,105120,2022-01-01,2022-12-31 23:55:00,0
water,2022,WL.LPI.02,105120,105120,2022-01-01,2022-12-31 23:55:00,0
water,2022,WL.MID.01,105120,105120,2022-01-01,2022-12-31 23:55:00,0
water,2022,WL.NBN.01,105120,105120,2022-01-01,2022-12-31 23:55:00,0
water,2022,WL.NK3.01,105120,105120,2022-01-01,2022-12-31 23:55:00,0
water,2022,WL.PLK.01,105120,105120,2022-01-01,2022-12-31 23:55:00,0
water,2022,WL.PSR.02,105120,105120,2022-01-01,2022-12-31 23:55:00,0
water,2022,WL.PSR.05,105120,105120,2022-01-01,2022-12-31 23:55:00,0
water,2022,WL.SBT.01,105120,105120,2022-01-01,2022-12-31 23:55:00,0
water,2022,WL.SKT.01,105120,105120,2022-01-01,2022-12-31 23:55:00,0
water,2022,WL.SLL.01,105120,105120,2022-01-01,2022-12-31 23:55:00,0
water,2022,WL.SNC.01,105120,105120,2022-01-01,2022-12-31 23:55:00,0
water,2022,WL.SRE.01,105120,105120,2022-01-01,2022-12-31 23:55:00,0
water,2022,WL.SSB.04,105120,105120,2022-01-01,2022-12-31 23:55:00,0
water,2022,WL.SSG.01,105120,105120,2022-01-01,2022-12-31 23:55:00,0
water,2022,WL.SSN.09,105120,105120,2022-01-01,2022-12-31 23:55:00,0
water,2022,WL.SST.01,105120,105120,2022-01-01,2022-12-31 23:55:00,0
water,2022,WL.SWA.01,105120,105120,2022-01-01,2022-12-31 23:55:00,0
water,2022,WL.TPK.02,105120,105120,2022-01-01,2022-12-31 23:55:00,0
water,2022,WL.VPV.01,105120,105120,2022-01-01,2022-12-31 23:55:00,0
water,2022,WL.WLS.01,105120,105120,2022-01-01,2022-12-31 23:55:00,0
water,2022,WL.BBR.02,105120,105120,2022-01-01,2022-12-31 23:55:00,0
water,2022,WL.BNJ.04,105120,105120,2022-01-01,2022-12-31 23:55:00,0
water,2022,WL.BSU.04,105120,105120,2022-01-01,2022-12-31 23:55:00,0
water,2022,WL.BYI.01,105120,105120,2022-01-01,2022-12-31 23:55:00,0
water,2022,WL.JRN.01,105120,105120,2022-01-01,2022-12-31 23:55:00,0
water,2022,WL.KJK.01,105120,105120,2022-01-01,2022-12-31 23:55:00,0
water,2022,WL.KJU.01,105120,105120,2022-01-01,2022-12-31 23:55:00,0
water,2022,WL.KKS.04,105120,105120,2022-01-01,2022-12-31 23:55:00,0
water,2022,WL.KLA.01,105120,105120,2022-01-01,2022-12-31 23:55:00,0
water,2022,WL.KSM.01,105120,105120,2022-01-01,2022-12-31 23:55:00,0
water,2022,WL.LPW.02,105120,105120,2022-01-01,2022-12-31 23:55:00,0
water,2022,WL.PSC.04,105120,105120,2022-01-01,2022-12-31 23:55:00,0
water,2022,WL.SSB.03,105120,105120,2022-01-01,2022-12-31 23:55:00,0
water,2022,WL.SSN.03,105120,105120,2022-01-01,2022-12-31 23:55:00,0
water,2022,WL.SSN.07,105120,105120,2022-01-01,2022-12-31 23:55:00,0
water,2022,WL.TWW.03,105120,105120,2022-01-01,2022-12-31 23:55:00,0
water,2022,WL.CKS.02,105120,105120,2022-01-01,2022-12-31 23:55:00,0
water,2022,WL.YSN.02,105120,105120,2022-01-01,2022-12-31 23:55:00,0
water,2022,WL.BCN.03,105120,105120,2022-01-01,2022-12-31 23:55:00,0
water,2022,WL.BJK.02,105120,105120,2022-01-01,2022-12-31 23:55:00,0
water,2022,WL.BJK.03,105120,105120,2022-01-01,2022-12-31 23:55:00,0
water,2022,WL.BJK.04,105120,105120,2022-01-01,2022-12-31 23:55:00,0
water,2022,WL.BNJ.01,105120,105120,2022-01-01,2022-12-31 23:55:00,0
water,2022,WL.BPN.02,105120,105120,2022-01-01,2022-12-31 23:55:00,0
water,2022,WL.BSU.05,105120,105120,2022-01-01,2022-12-31 23:55:00,0
water,2022,WL.BWK.03,105120,105120,2022-01-01,2022-12-31 23:55:00,0
water,2022,WL.BYK.01,105120,105120,2022-01-01,2022-12-31 23:55:00,0
water,2022,WL.BYK.02,105120,105120,2022-01-01,2022-12-31 23:55:00,0
water,2022,WL.CNS.01,105120,105120,2022-01-01,2022-12-31 23:55:00,0
water,2022,WL.CYI.01,105120,105120,2022-01-01,2022-12-31 23:55:00,0
water,2022,WL.CYI.02,105120,105120,2022-01-01,2022-12-31 23:55:00,0
water,2022,WL.HKG.02,105120,105120,2022-01-01,2022-12-31 23:55:00,0
water,2022,WL.HMK.01,105120,105120,2022-01-01,2022-12-31 23:55:00,0
water,2022,WL.IDE.01,105120,105120,2022-01-01,2022-12-31 23:55:00,0
water,2022,WL.KJK.02,105120,105120,2022-01-01,2022-12-31 23:55:00,0
water,2022,WL.KJN.01,105120,105120,2022-01-01,2022-12-31 23:55:00,0
water,2022,WL.KKD.01,105120,105120,2022-01-01,2022-12-31 23:55:00,0
water,2022,WL.KPG.01,105120,105120,2022-01-01,2022-12-31 23:55:00,0
water,2022,WL.KPM.01,105120,105120,2022-01-01,2022-12-31 23:55:00,0
water,2022,WL.KPM.03,105120,105120,2022-01-01,2022-12-31 23:55:00,0
water,2022,WL.LPT.01,105120,105120,2022-01-01,2022-12-31 23:55:00,0
water,2022,WL.LPT.04,105120,105120,2022-01-01,2022-12-31 23:55:00,0
water,2022,WL.LPW.03,105120,105120,2022-01-01,2022-12-31 23:55:00,0
water,2022,WL.LPW.04,105120,105120,2022-01-01,2022-12-31 23:55:00,0
water,2022,WL.LSM.01,105120,105120,2022-01-01,2022-12-31 23:55:00,0
water,2022,WL.MSW.01,105120,105120,2022-01-01,2022-12-31 23:55:00,0
water,2022,WL.MSW.03,105120,105120,2022-01-01,2022-12-31 23:55:00,0
water,2022,WL.ORC.01,105120,105120,2022-01-01,2022-12-31 23:55:00,0
water,2022,WL.PSR.03,105120,105120,2022-01-01,2022-12-31 23:55:00,0
water,2022,WL.PSR.04,105120,105120,2022-01-01,2022-12-31 23:55:00,0
water,2022,WL.PSR.06,105120,105120,2022-01-01,2022-12-31 23:55:00,0
water,2022,WL.PWT.04,105120,105120,2022-01-01,2022-12-31 23:55:00,0
water,2022,WL.PWT.06,105120,105120,2022-01-01,2022-12-31 23:55:00,0
water,2022,WL.RHN.01,105120,105120,2022-01-01,2022-12-31 23:55:00,0
water,2022,WL.SRG.01,105120,105120,2022-01-01,2022-12-31 23:55:00,0
water,2022,WL.SSB.08,105120,105120,2022-01-01,2022-12-31 23:55:00,0
water,2022,WL.SSM.01,105120,105120,2022-01-01,2022-12-31 23:55:00,0
water,2022,WL.SSN.06,105120,105120,2022-01-01,2022-12-31 23:55:00,0
water,2022,WL.SSN.08,105120,105120,2022-01-01,2022-12-31 23:55:00,0
water,2022,WL.TUT.02,105120,105120,2022-01-01,2022-12-31 23:55:00,0
water,2022,WL.TWW.05,105120,105120,2022-01-01,2022-12-31 23:55:00,0
water,2022,WL.BCN.01,105120,105120,2022-01-01,2022-12-31 23:55:00,0
water,2022,WL.BNA.01,105120,105120,2022-01-01,2022-12-31 23:55:00,0
water,2022,WL.BPM.02,105120,105120,2022-01-01,2022-12-31 23:55:00,0
water,2022,WL.KJG.01,105120,105120,2022-01-01,2022-12-31 23:55:00,0
water,2022,WL.KSG.01,105120,105120,2022-01-01,2022-12-31 23:55:00,0
water,2022,WL.KSO.02,105120,105120,2022-01-01,2022-12-31 23:55:00,0
water,2022,WL.LPG.02,105120,105120,2022-01-01,2022-12-31 23:55:00,0
water,2022,WL.NSG.01,105120,105120,2022-01-01,2022-12-31 23:55:00,0
water,2022,WL.PSR.01,105120,105120,2022-01-01,2022-12-31 23:55:00,0
water,2022,WL.PWT.05,105120,105120,2022-01-01,2022-12-31 23:55:00,0
water,2022,WL.RJK.01,105120,105120,2022-01-01,2022-12-31 23:55:00,0
water,2022,WL.SSB.01,105120,105120,2022-01-01,2022-12-31 23:55:00,0
water,2022,WL.SSN.01,105120,105120,2022-01-01,2022-12-31 23:55:00,0
water,2022,WL.WSI.01,105120,105120,2022-01-01,2022-12-31 23:55:00,0
water,2022,WL.BBU.01,105120,105120,2022-01-01,2022-12-31 23:55:00,0
water,2022,WL.BLP.02,105120,105120,2022-01-01,2022-12-31 23:55:00,0
water,2022,WL.BMK.01,105120,105120,2022-01-01,2022-12-31 23:55:00,0
water,2022,WL.BOA.01,105120,105120,2022-01-01,2022-12-31 23:55:00,0
water,2022,WL.BOA.02,105120,105120,2022-01-01,2022-12-31 23:55:00,0
water,2022,WL.BOA.03,105120,105120,2022-01-01,2022-12-31 23:55:00,0
water,2022,WL.BON.01,105120,105120,2022-01-01,2022-12-31 23:55:00,0
water,2022,WL.BSU.01,105120,105120,2022-01-01,2022-12-31 23:55:00,0
water,2022,WL.BSU.03,105120,105120,2022-01-01,2022-12-31 23:55:00,0
water,2022,WL.CNS.03,105120,105120,2022-01-01,2022-12-31 23:55:00,0
water,2022,WL.CNS.04,105120,105120,2022-01-01,2022-12-31 23:55:00,0
water,2022,WL.CYI.03,105120,105120,2022-01-01,2022-12-31 23:55:00,0
water,2022,WL.JKK.01,105120,105120,2022-01-01,2022-12-31 23:55:00,0
water,2022,WL.KBU.01,105120,105120,2022-01-01,2022-12-31 23:55:00,0
water,2022,WL.KJA.01,105120,105120,2022-01-01,2022-12-31 23:55:00,0
water,2022,WL.KKD.02,105120,105120,2022-01-01,2022-12-31 23:55:00,0
water,2022,WL.KLD.02,105120,105120,2022-01-01,2022-12-31 23:55:00,0
water,2022,WL.KMN.01,105120,105120,2022-01-01,2022-12-31 23:55:00,0
water,2022,WL.KPM.02,105120,105120,2022-01-01,2022-12-31 23:55:00,0
water,2022,WL.KPM.06,105120,105120,2022-01-01,2022-12-31 23:55:00,0
water,2022,WL.KSI.01,105120,105120,2022-01-01,2022-12-31 23:55:00,0
water,2022,WL.KSK.01,105120,105120,2022-01-01,2022-12-31 23:55:00,0
water,2022,WL.KSM.02,105120,105120,2022-01-01,2022-12-31 23:55:00,0
water,2022,WL.KTK.03,105120,105120,2022-01-01,2022-12-31 23:55:00,0
water,2022,WL.LBK.02,105120,105120,2022-01-01,2022-12-31 23:55:00,0
water,2022,WL.LBK.03,105120,105120,2022-01-01,2022-12-31 23:55:00,0
water,2022,WL.LPC.01,105120,105120,2022-01-01,2022-12-31 23:55:00,0
water,2022,WL.LPT.03,105120,105120,2022-01-01,2022-12-31 23:55:00,0
water,2022,WL.LPW.01,105120,105120,2022-01-01,2022-12-31 23:55:00,0
water,2022,WL.LSG.01,105120,105120,2022-01-01,2022-12-31 23:55:00,0
water,2022,WL.LYW.01,105120,105120,2022-01-01,2022-12-31 23:55:00,0
water,2022,WL.NKW.02,105120,105120,2022-01-01,2022-12-31 23:55:00,0
water,2022,WL.PKG.01,105120,105120,2022-01-01,2022-12-31 23:55:00,0
water,2022,WL.PSC.01,105120,105120,2022-01-01,2022-12-31 23:55:00,0
water,2022,WL.PSI.01,105120,105120,2022-01-01,2022-12-31 23:55:00,0
water,2022,WL.PWT.01,105120,105120,2022-01-01,2022-12-31 23:55:00,0
water,2022,WL.PWT.02,105120,105120,2022-01-01,2022-12-31 23:55:00,0
water,2022,WL.PYW.01,105120,105120,2022-01-01,2022-12-31 23:55:00,0
water,2022,WL.RMT.02,105120,105120,2022-01-01,2022-12-31 23:55:00,0
water,2022,WL.SBR.01,105120,105120,2022-01-01,2022-12-31 23:55:00,0
water,2022,WL.SBR.02,105120,105120,2022-01-01,2022-12-31 23:55:00,0
water,2022,WL.SDN.01,105120,105120,2022-01-01,2022-12-31 23:55:00,0
water,2022,WL.SKG.01,105120,105120,2022-01-01,2022-12-31 23:55:00,0
water,2022,WL.SKT.02,105120,105120,2022-01-01,2022-12-31 23:55:00,0
water,2022,WL.SNO.01,105120,105120,2022-01-01,2022-12-31 23:55:00,0
water,2022,WL.SSB.02,105120,105120,2022-01-01,2022-12-31 23:55:00,0
water,2022,WL.SSB.07,105120,105120,2022-01-01,2022-12-31 23:55:00,0
water,2022,WL.SSB.09,105120,105120,2022-01-01,2022-12-31 23:55:00,0
water,2022,WL.SSB.10,105120,105120,2022-01-01,2022-12-31 23:55:00,0
water,2022,WL.SSN.10,105120,105120,2022-01-01,2022-12-31 23:55:00,0
water,2022,WL.STN.01,105120,105120,2022-01-01,2022-12-31 23:55:00,0
water,2022,WL.STN.03,105120,105120,2022-01-01,2022-12-31 23:55:00,0
water,2022,WL.TCG.01,105120,105120,2022-01-01,2022-12-31 23:55:00,0
water,2022,WL.TPK.03,105120,105120,2022-01-01,2022-12-31 23:55:00,0
water,2022,WL.TSK.01,105120,105120,2022-01-01,2022-12-31 23:55:00,0
water,2022,WL.TTN.01,105120,105120,2022-01-01,2022-12-31 23:55:00,0
water,2022,WL.WTN.02,105120,105120,2022-01-01,2022-12-31 23:55:00,0
water,2022,WL.YPE.01,105120,105120,2022-01-01,2022-12-31 23:55:00,0
water,2022,WL.BWK.02,105120,105120,2022-01-01,2022-12-31 23:55:00,0
water,2022,WL.KKS.01,105120,105120,2022-01-01,2022-12-31 23:55:00,0
water,2022,WL.KNB.01,105120,105120,2022-01-01,2022-12-31 23:55:00,0
water,2022,WL.PKN.01,105120,105120,2022-01-01,2022-12-31 23:55:00,0
water,2022,WL.PSC.02,105120,105120,2022-01-01,2022-12-31 23:55:00,0
water,2022,WL.SWU.01,105120,105120,2022-01-01,2022-12-31 23:55:00,0
water,2022,WL.BBN.02,105120,105120,2022-01-01,2022-12-31 23:55:00,0
water,2022,WL.BBN.03,105120,105120,2022-01-01,2022-12-31 23:55:00,0
water,2022,WL.BBR.01,105120,105120,2022-01-01,2022-12-31 23:55:00,0
water,2022,WL.BCN.02,105120,105120,2022-01-01,2022-12-31 23:55:00,0
water,2022,WL.BKA.03,105120,105120,2022-01-01,2022-12-31 23:55:00,0
water,2022,WL.BKA.04,105120,105120,2022-01-01,2022-12-31 23:55:00,0
water,2022,WL.BKG.01,105120,105120,2022-01-01,2022-12-31 23:55:00,0
water,2022,WL.BKL.01,105120,105120,2022-01-01,2022-12-31 23:55:00,0
water,2022,WL.BNA.02,105120,105120,2022-01-01,2022-12-31 23:55:00,0
water,2022,WL.BNA.03,105120,105120,2022-01-01,2022-12-31 23:55:00,0
water,2022,WL.BNJ.03,105120,105120,2022-01-01,2022-12-31 23:55:00,0
water,2022,WL.BPM.01,105120,105120,2022-01-01,2022-12-31 23:55:00,0
water,2022,WL.BPM.04,105120,105120,2022-01-01,2022-12-31 23:55:00,0
water,2022,WL.BPN.01,105120,105120,2022-01-01,2022-12-31 23:55:00,0
water,2022,WL.BSU.07,105120,105120,2022-01-01,2022-12-31 23:55:00,0
water,2022,WL.BTL.01,105120,105120,2022-01-01,2022-12-31 23:55:00,0
water,2022,WL.BWK.01,105120,105120,2022-01-01,2022-12-31 23:55:00,0
water,2022,WL.CBJ.01,105120,105120,2022-01-01,2022-12-31 23:55:00,0
water,2022,WL.CKS.01,105120,105120,2022-01-01,2022-12-31 23:55:00,0
water,2022,WL.FTM.01,105120,105120,2022-01-01,2022-12-31 23:55:00,0
water,2022,WL.HKG.01,105120,105120,2022-01-01,2022-12-31 23:55:00,0
water,2022,WL.KJA.02,105120,105120,2022-01-01,2022-12-31 23:55:00,0
water,2022,WL.KJT.01,105120,105120,2022-01-01,2022-12-31 23:55:00,0
water,2022,WL.KKD.03,105120,105120,2022-01-01,2022-12-31 23:55:00,0
water,2022,WL.KKO.01,105120,105120,2022-01-01,2022-12-31 23:55:00,0
water,2022,WL.KKS.03,105120,105120,2022-01-01,2022-12-31 23:55:00,0
water,2022,WL.KKY.02,105120,105120,2022-01-01,2022-12-31 23:55:00,0
water,2022,WL.KTY.01,105120,105120,2022-01-01,2022-12-31 23:55:00,0
water,2022,WL.LBK.01,105120,105120,2022-01-01,2022-12-31 23:55:00,0
water,2022,WL.LCL.01,105120,105120,2022-01-01,2022-12-31 23:55:00,0
water,2022,WL.LOA.01,105120,105120,2022-01-01,2022-12-31 23:55:00,0
water,2022,WL.LPW.05,105120,105120,2022-01-01,2022-12-31 23:55:00,0
water,2022,WL.LYW.02,105120,105120,2022-01-01,2022-12-31 23:55:00,0
water,2022,WL.MSW.02,105120,105120,2022-01-01,2022-12-31 23:55:00,0
water,2022,WL.PPA.02,105120,105120,2022-01-01,2022-12-31 23:55:00,0
water,2022,WL.PSC.03,105120,105120,2022-01-01,2022-12-31 23:55:00,0
water,2022,WL.RKC.01,105120,105120,2022-01-01,2022-12-31 23:55:00,0
water,2022,WL.SCO.01,105120,105120,2022-01-01,2022-12-31 23:55:00,0
water,2022,WL.SNC.02,105120,105120,2022-01-01,2022-12-31 23:55:00,0
water,2022,WL.SSB.05,105120,105120,2022-01-01,2022-12-31 23:55:00,0
water,2022,WL.SSB.06,105120,105120,2022-01-01,2022-12-31 23:55:00,0
water,2022,WL.SSB.11,105120,105120,2022-01-01,2022-12-31 23:55:00,0
water,2022,WL.SSN.02,105120,105120,2022-01-01,2022-12-31 23:55:00,0
water,2022,WL.SSN.04,105120,105120,2022-01-01,2022-12-31 23:55:00,0
water,2022,WL.SSN.05,105120,105120,2022-01-01,2022-12-31 23:55:00,0
water,2022,WL.STN.02,105120,105120,2022-01-01,2022-12-31 23:55:00,0
water,2022,WL.STR.01,105120,105120,2022-01-01,2022-12-31 23:55:00,0
water,2022,WL.TNG.01,105120,105120,2022-01-01,2022-12-31 23:55:00,0
water,2022,WL.TWW.01,105120,105120,2022-01-01,2022-12-31 23:55:00,0
water,2022,WL.TWW.02,105120,105120,2022-01-01,2022-12-31 23:55:00,0
water,2022,WL.TWW.04,105120,105120,2022-01-01,2022-12-31 23:55:00,0
water,2022,WL.WTK.01,105120,105120,2022-01-01,2022-12-31 23:55:00,0
water,2022,WL.YPN.01,105120,105120,2022-01-01,2022-12-31 23:55:00,0
water,2022,WL.YPN.02,105120,105120,2022-01-01,2022-12-31 23:55:00,0
water,2022,WL.BBN.01,105120,105120,2022-01-01,2022-12-31 23:55:00,0
water,2022,WL.BKA.02,105120,105120,2022-01-01,2022-12-31 23:55:00,0
water,2022,WL.BNA.04,105120,105120,2022-01-01,2022-12-31 23:55:00,0
water,2022,WL.BNJ.02,105120,105120,2022-01-01,2022-12-31 23:55:00,0
water,2022,WL.BSK.01,105120,105120,2022-01-01,2022-12-31 23:55:00,0
water,2022,WL.BSU.02,105120,105120,2022-01-01,2022-12-31 23:55:00,0
water,2022,WL.BSU.06,105120,105120,2022-01-01,2022-12-31 23:55:00,0
water,2022,WL.BTY.01,105120,105120,2022-01-01,2022-12-31 23:55:00,0
water,2022,WL.CPA.01,105120,105120,2022-01-01,2022-12-31 23:55:00,0
water,2022,WL.DKN.01,105120,105120,2022-01-01,2022-12-31 23:55:00,0
water,2022,WL.KDN.01,105120,105120,2022-01-01,2022-12-31 23:55:00,0
water,2022,WL.KJN.02,105120,105120,2022-01-01,2022-12-31 23:55:00,0
water,2022,WL.KSI.02,105120,105120,2022-01-01,2022-12-31 23:55:00,0
water,2022,WL.LPN.01,105120,105120,2022-01-01,2022-12-31 23:55:00,0
water,2022,WL.LPT.02,105120,105120,2022-01-01,2022-12-31 23:55:00,0
water,2022,WL.NKW.01,105120,105120,2022-01-01,2022-12-31 23:55:00,0
water,2022,WL.PWT.03,105120,105120,2022-01-01,2022-12-31 23:55:00,0
water,2022,WL.RMT.01,105120,105120,2022-01-01,2022-12-31 23:55:00,0
water,2022,WL.RSK.01,105120,105120,2022-01-01,2022-12-31 23:55:00,0
water,2022,WL.SPP.01,105120,105120,2022-01-01,2022-12-31 23:55:00,0
water,2022,WL.SSB.12,105120,105120,2022-01-01,2022-12-31 23:55:00,0
water,2022,WL.STR.02,105120,105120,2022-01-01,2022-12-31 23:55:00,0
water,2022,WL.TUT.01,105120,105120,2022-01-01,2022-12-31 23:55:00,0
water,2022,WL.WKT.01,105120,105120,2022-01-01,2022-12-31 23:55:00,0
water,2022,WL.KSO.01,105120,105120,2022-01-01,2022-12-31 23:55:00,0
water,2023,WL.BBR.02,105120,105120,2023-01-01,2023-12-31 23:55:00,0
water,2023,WL.BJK.01,105120,105120,2023-01-01,2023-12-31 23:55:00,0
water,2023,WL.BKA.01,105120,105120,2023-01-01,2023-12-31 23:55:00,0
water,2023,WL.BKB.01,105120,105120,2023-01-01,2023-12-31 23:55:00,0
water,2023,WL.BKY.02,105120,105120,2023-01-01,2023-12-31 23:55:00,0
water,2023,WL.BLY.01,105120,105120,2023-01-01,2023-12-31 23:55:00,0
water,2023,WL.BNJ.04,105120,105120,2023-01-01,2023-12-31 23:55:00,0
water,2023,WL.BPA.01,105120,105120,2023-01-01,2023-12-31 23:55:00,0
water,2023,WL.BPM.03,105120,105120,2023-01-01,2023-12-31 23:55:00,0
water,2023,WL.BPU.01,105120,105120,2023-01-01,2023-12-31 23:55:00,0
water,2023,WL.BSU.04,105120,105120,2023-01-01,2023-12-31 23:55:00,0
water,2023,WL.BYI.01,105120,105120,2023-01-01,2023-12-31 23:55:00,0
water,2023,WL.CNS.02,105120,105120,2023-01-01,2023-12-31 23:55:00,0
water,2023,WL.CTC.01,105120,105120,2023-01-01,2023-12-31 23:55:00,0
water,2023,WL.JRN.01,105120,105120,2023-01-01,2023-12-31 23:55:00,0
water,2023,WL.KBU.02,105120,105120,2023-01-01,2023-12-31 23:55:00,0
water,2023,WL.KCD.01,105120,105120,2023-01-01,2023-12-31 23:55:00,0
water,2023,WL.KJU.01,105120,105120,2023-01-01,2023-12-31 23:55:00,0
water,2023,WL.KKY.01,105120,105120,2023-01-01,2023-12-31 23:55:00,0
water,2023,WL.KLA.01,105120,105120,2023-01-01,2023-12-31 23:55:00,0
water,2023,WL.KLD.01,105120,105120,2023-01-01,2023-12-31 23:55:00,0
water,2023,WL.KNB.02,105120,105120,2023-01-01,2023-12-31 23:55:00,0
water,2023,WL.KPM.05,105120,105120,2023-01-01,2023-12-31 23:55:00,0
water,2023,WL.KSM.01,105120,105120,2023-01-01,2023-12-31 23:55:00,0
water,2023,WL.LKB.01,105120,105120,2023-01-01,2023-12-31 23:55:00,0
water,2023,WL.LPG.01,105120,105120,2023-01-01,2023-12-31 23:55:00,0
water,2023,WL.LPG.03,105120,105120,2023-01-01,2023-12-31 23:55:00,0
water,2023,WL.LPI.01,105120,105120,2023-01-01,2023-12-31 23:55:00,0
water,2023,WL.LPI.02,105120,105120,2023-01-01,2023-12-31 23:55:00,0
water,2023,WL.LPW.02,105120,105120,2023-01-01,2023-12-31 23:55:00,0
water,2023,WL.MID.01,105120,105120,2023-01-01,2023-12-31 23:55:00,0
water,2023,WL.NBN.01,105120,105120,2023-01-01,2023-12-31 23:55:00,0
water,2023,WL.PLK.01,105120,105120,2023-01-01,2023-12-31 23:55:00,0
water,2023,WL.PSC.04,105120,105120,2023-01-01,2023-12-31 23:55:00,0
water,2023,WL.PSR.02,105120,105120,2023-01-01,2023-12-31 23:55:00,0
water,2023,WL.PSR.05,105120,105120,2023-01-01,2023-12-31 23:55:00,0
water,2023,WL.SBT.01,105120,105120,2023-01-01,2023-12-31 23:55:00,0
water,2023,WL.SKT.01,105120,105120,2023-01-01,2023-12-31 23:55:00,0
water,2023,WL.SLL.01,105120,105120,2023-01-01,2023-12-31 23:55:00,0
water,2023,WL.SNC.01,105120,105120,2023-01-01,2023-12-31 23:55:00,0
water,2023,WL.SRE.01,105120,105120,2023-01-01,2023-12-31 23:55:00,0
water,2023,WL.SSB.03,105120,105120,2023-01-01,2023-12-31 23:55:00,0
water,2023,WL.SSB.04,105120,105120,2023-01-01,2023-12-31 23:55:00,0
water,2023,WL.SSG.01,105120,105120,2023-01-01,2023-12-31 23:55:00,0
water,2023,WL.SSN.03,105120,105120,2023-01-01,2023-12-31 23:55:00,0
water,2023,WL.SWA.01,105120,105120,2023-01-01,2023-12-31 23:55:00,0
water,2023,WL.TPK.02,105120,105120,2023-01-01,2023-12-31 23:55:00,0
water,2023,WL.TWW.03,105120,105120,2023-01-01,2023-12-31 23:55:00,0
water,2023,WL.VPV.01,105120,105120,2023-01-01,2023-12-31 23:55:00,0
water,2023,WL.WLS.01,105120,105120,2023-01-01,2023-12-31 23:55:00,0
water,2023,WL.YSN.02,105120,105120,2023-01-01,2023-12-31 23:55:00,0
water,2023,WL.BKY.01,105120,105120,2023-01-01,2023-12-31 23:55:00,0
water,2023,WL.CKS.02,105120,105120,2023-01-01,2023-12-31 23:55:00,0
water,2023,WL.KJK.01,105120,105120,2023-01-01,2023-12-31 23:55:00,0
water,2023,WL.KKS.02,105120,105120,2023-01-01,2023-12-31 23:55:00,0
water,2023,WL.KKS.04,105120,105120,2023-01-01,2023-12-31 23:55:00,0
water,2023,WL.KLT.01,105120,105120,2023-01-01,2023-12-31 23:55:00,0
water,2023,WL.KPM.04,105120,105120,2023-01-01,2023-12-31 23:55:00,0
water,2023,WL.LCL.02,105120,105120,2023-01-01,2023-12-31 23:55:00,0
water,2023,WL.NK3.01,105120,105120,2023-01-01,2023-12-31 23:55:00,0
water,2023,WL.SSN.07,105120,105120,2023-01-01,2023-12-31 23:55:00,0
water,2023,WL.SSN.09,105120,105120,2023-01-01,2023-12-31 23:55:00,0
water,2023,WL.SST.01,105120,105120,2023-01-01,2023-12-31 23:55:00,0
water,2023,WL.BBN.01,105120,105120,2023-01-01,2023-12-31 23:55:00,0
water,2023,WL.BBN.03,105120,105120,2023-01-01,2023-12-31 23:55:00,0
water,2023,WL.BBR.01,105120,105120,2023-01-01,2023-12-31 23:55:00,0
water,2023,WL.BCN.02,105120,105120,2023-01-01,2023-12-31 23:55:00,0
water,2023,WL.BKA.03,105120,105120,2023-01-01,2023-12-31 23:55:00,0
water,2023,WL.BKL.01,105120,105120,2023-01-01,2023-12-31 23:55:00,0
water,2023,WL.BNA.02,105120,105120,2023-01-01,2023-12-31 23:55:00,0
water,2023,WL.BNA.03,105120,105120,2023-01-01,2023-12-31 23:55:00,0
water,2023,WL.BNA.04,105120,105120,2023-01-01,2023-12-31 23:55:00,0
water,2023,WL.BNJ.02,105120,105120,2023-01-01,2023-12-31 23:55:00,0
water,2023,WL.BNJ.03,105120,105120,2023-01-01,2023-12-31 23:55:00,0
water,2023,WL.BPM.01,105120,105120,2023-01-01,2023-12-31 23:55:00,0
water,2023,WL.BPN.01,105120,105120,2023-01-01,2023-12-31 23:55:00,0
water,2023,WL.BSU.02,105120,105120,2023-01-01,2023-12-31 23:55:00,0
water,2023,WL.BSU.06,105120,105120,2023-01-01,2023-12-31 23:55:00,0
water,2023,WL.BSU.07,105120,105120,2023-01-01,2023-12-31 23:55:00,0
water,2023,WL.BTY.01,105120,105120,2023-01-01,2023-12-31 23:55:00,0
water,2023,WL.BWK.01,105120,105120,2023-01-01,2023-12-31 23:55:00,0
water,2023,WL.CKS.01,105120,105120,2023-01-01,2023-12-31 23:55:00,0
water,2023,WL.CPA.01,105120,105120,2023-01-01,2023-12-31 23:55:00,0
water,2023,WL.FTM.01,105120,105120,2023-01-01,2023-12-31 23:55:00,0
water,2023,WL.HKG.01,105120,105120,2023-01-01,2023-12-31 23:55:00,0
water,2023,WL.KDN.01,105120,105120,2023-01-01,2023-12-31 23:55:00,0
water,2023,WL.KJA.02,105120,105120,2023-01-01,2023-12-31 23:55:00,0
water,2023,WL.KJN.02,105120,105120,2023-01-01,2023-12-31 23:55:00,0
water,2023,WL.KJT.01,105120,105120,2023-01-01,2023-12-31 23:55:00,0
water,2023,WL.KKD.03,105120,105120,2023-01-01,2023-12-31 23:55:00,0
water,2023,WL.KKO.01,105120,105120,2023-01-01,2023-12-31 23:55:00,0
water,2023,WL.KKS.03,105120,105120,2023-01-01,2023-12-31 23:55:00,0
water,2023,WL.KSI.02,105120,105120,2023-01-01,2023-12-31 23:55:00,0
water,2023,WL.KSO.01,105120,105120,2023-01-01,2023-12-31 23:55:00,0
water,2023,WL.KTY.01,105120,105120,2023-01-01,2023-12-31 23:55:00,0
water,2023,WL.LCL.01,105120,105120,2023-01-01,2023-12-31 23:55:00,0
water,2023,WL.LOA.01,105120,105120,2023-01-01,2023-12-31 23:55:00,0
water,2023,WL.LPN.01,105120,105120,2023-01-01,2023-12-31 23:55:00,0
water,2023,WL.LPT.02,105120,105120,2023-01-01,2023-12-31 23:55:00,0
water,2023,WL.LPW.05,105120,105120,2023-01-01,2023-12-31 23:55:00,0
water,2023,WL.LYW.02,105120,105120,2023-01-01,2023-12-31 23:55:00,0
water,2023,WL.MSW.02,105120,105120,2023-01-01,2023-12-31 23:55:00,0
water,2023,WL.NKW.01,105120,105120,2023-01-01,2023-12-31 23:55:00,0
water,2023,WL.PNM.01,105120,105120,2023-01-01,2023-12-31 23:55:00,0
water,2023,WL.PPA.02,105120,105120,2023-01-01,2023-12-31 23:55:00,0
water,2023,WL.PSC.03,105120,105120,2023-01-01,2023-12-31 23:55:00,0
water,2023,WL.PWT.03,105120,105120,2023-01-01,2023-12-31 23:55:00,0
water,2023,WL.RMT.01,105120,105120,2023-01-01,2023-12-31 23:55:00,0
water,2023,WL.RSK.01,105120,105120,2023-01-01,2023-12-31 23:55:00,0
water,2023,WL.SCO.01,105120,105120,2023-01-01,2023-12-31 23:55:00,0
water,2023,WL.SSB.05,105120,105120,2023-01-01,2023-12-31 23:55:00,0
water,2023,WL.SSB.06,105120,105120,2023-01-01,2023-12-31 23:55:00,0
water,2023,WL.SSB.11,105120,105120,2023-01-01,2023-12-31 23:55:00,0
water,2023,WL.SSN.02,105120,105120,2023-01-01,2023-12-31 23:55:00,0
water,2023,WL.SSN.04,105120,105120,2023-01-01,2023-12-31 23:55:00,0
water,2023,WL.SSN.05,105120,105120,2023-01-01,2023-12-31 23:55:00,0
water,2023,WL.STN.02,105120,105120,2023-01-01,2023-12-31 23:55:00,0
water,2023,WL.STR.02,105120,105120,2023-01-01,2023-12-31 23:55:00,0
water,2023,WL.TUT.01,105120,105120,2023-01-01,2023-12-31 23:55:00,0
water,2023,WL.TWW.01,105120,105120,2023-01-01,2023-12-31 23:55:00,0
water,2023,WL.TWW.02,105120,105120,2023-01-01,2023-12-31 23:55:00,0
water,2023,WL.TWW.04,105120,105120,2023-01-01,2023-12-31 23:55:00,0
water,2023,WL.WKT.01,105120,105120,2023-01-01,2023-12-31 23:55:00,0
water,2023,WL.WTK.01,105120,105120,2023-01-01,2023-12-31 23:55:00,0
water,2023,WL.YPN.01,105120,105120,2023-01-01,2023-12-31 23:55:00,0
water,2023,WL.YPN.02,105120,105120,2023-01-01,2023-12-31 23:55:00,0
water,2023,WL.BBN.02,105120,105120,2023-01-01,2023-12-31 23:55:00,0
water,2023,WL.BKA.02,105120,105120,2023-01-01,2023-12-31 23:55:00,0
water,2023,WL.BKA.04,105120,105120,2023-01-01,2023-12-31 23:55:00,0
water,2023,WL.BKG.01,105120,105120,2023-01-01,2023-12-31 23:55:00,0
water,2023,WL.BPM.04,105120,105120,2023-01-01,2023-12-31 23:55:00,0
water,2023,WL.BSK.01,105120,105120,2023-01-01,2023-12-31 23:55:00,0
water,2023,WL.CBJ.01,105120,105120,2023-01-01,2023-12-31 23:55:00,0
water,2023,WL.DKN.01,105120,105120,2023-01-01,2023-12-31 23:55:00,0
water,2023,WL.KKY.02,105120,105120,2023-01-01,2023-12-31 23:55:00,0
water,2023,WL.LBK.01,105120,105120,2023-01-01,2023-12-31 23:55:00,0
water,2023,WL.RKC.01,105120,105120,2023-01-01,2023-12-31 23:55:00,0
water,2023,WL.SNC.02,105120,105120,2023-01-01,2023-12-31 23:55:00,0
water,2023,WL.SSB.12,105120,105120,2023-01-01,2023-12-31 23:55:00,0
water,2023,WL.TNG.01,105120,105120,2023-01-01,2023-12-31 23:55:00,0
water,2023,WL.BTL.01,105120,105120,2023-01-01,2023-12-31 23:55:00,0
water,2023,WL.SPP.01,105120,105120,2023-01-01,2023-12-31 23:55:00,0
water,2023,WL.STR.01,105120,105120,2023-01-01,2023-12-31 23:55:00,0
water,2023,WL.BBU.01,105120,105120,2023-01-01,2023-12-31 23:55:00,0
water,2023,WL.BOA.01,105120,105120,2023-01-01,2023-12-31 23:55:00,0
water,2023,WL.BOA.02,105120,105120,2023-01-01,2023-12-31 23:55:00,0
water,2023,WL.BOA.03,105120,105120,2023-01-01,2023-12-31 23:55:00,0
water,2023,WL.BON.01,105120,105120,2023-01-01,2023-12-31 23:55:00,0
water,2023,WL.BSU.01,105120,105120,2023-01-01,2023-12-31 23:55:00,0
water,2023,WL.BSU.03,105120,105120,2023-01-01,2023-12-31 23:55:00,0
water,2023,WL.BWK.02,105120,105120,2023-01-01,2023-12-31 23:55:00,0
water,2023,WL.CNS.03,105120,105120,2023-01-01,2023-12-31 23:55:00,0
water,2023,WL.CYI.03,105120,105120,2023-01-01,2023-12-31 23:55:00,0
water,2023,WL.JKK.01,105120,105120,2023-01-01,2023-12-31 23:55:00,0
water,2023,WL.KBU.01,105120,105120,2023-01-01,2023-12-31 23:55:00,0
water,2023,WL.KJA.01,105120,105120,2023-01-01,2023-12-31 23:55:00,0
water,2023,WL.KKD.02,105120,105120,2023-01-01,2023-12-31 23:55:00,0
water,2023,WL.KKS.01,105120,105120,2023-01-01,2023-12-31 23:55:00,0
water,2023,WL.KLD.02,105120,105120,2023-01-01,2023-12-31 23:55:00,0
water,2023,WL.KMN.01,105120,105120,2023-01-01,2023-12-31 23:55:00,0
water,2023,WL.KNB.01,105120,105120,2023-01-01,2023-12-31 23:55:00,0
water,2023,WL.KSM.02,105120,105120,2023-01-01,2023-12-31 23:55:00,0
water,2023,WL.KTK.03,105120,105120,2023-01-01,2023-12-31 23:55:00,0
water,2023,WL.LBK.02,105120,105120,2023-01-01,2023-12-31 23:55:00,0
water,2023,WL.LBK.03,105120,105120,2023-01-01,2023-12-31 23:55:00,0
water,2023,WL.LPC.01,105120,105120,2023-01-01,2023-12-31 23:55:00,0
water,2023,WL.LPT.03,105120,105120,2023-01-01,2023-12-31 23:55:00,0
water,2023,WL.LPW.01,105120,105120,2023-01-01,2023-12-31 23:55:00,0
water,2023,WL.LSG.01,105120,105120,2023-01-01,2023-12-31 23:55:00,0
water,2023,WL.LYW.01,105120,105120,2023-01-01,2023-12-31 23:55:00,0
water,2023,WL.PKG.01,105120,105120,2023-01-01,2023-12-31 23:55:00,0
water,2023,WL.PKN.01,105120,105120,2023-01-01,2023-12-31 23:55:00,0
water,2023,WL.PSC.01,105120,105120,2023-01-01,2023-12-31 23:55:00,0
water,2023,WL.PSC.02,105120,105120,2023-01-01,2023-12-31 23:55:00,0
water,2023,WL.PSI.01,105120,105120,2023-01-01,2023-12-31 23:55:00,0
water,2023,WL.PWT.01,105120,105120,2023-01-01,2023-12-31 23:55:00,0
water,2023,WL.PWT.02,105120,105120,2023-01-01,2023-12-31 23:55:00,0
water,2023,WL.PYW.01,105120,105120,2023-01-01,2023-12-31 23:55:00,0
water,2023,WL.SBR.01,105120,105120,2023-01-01,2023-12-31 23:55:00,0
water,2023,WL.SBR.02,105120,105120,2023-01-01,2023-12-31 23:55:00,0
water,2023,WL.SKG.01,105120,105120,2023-01-01,2023-12-31 23:55:00,0
water,2023,WL.SKT.02,105120,105120,2023-01-01,2023-12-31 23:55:00,0
water,2023,WL.SNO.01,105120,105120,2023-01-01,2023-12-31 23:55:00,0
water,2023,WL.SSB.07,105120,105120,2023-01-01,2023-12-31 23:55:00,0
water,2023,WL.SSB.09,105120,105120,2023-01-01,2023-12-31 23:55:00,0
water,2023,WL.SSB.10,105120,105120,2023-01-01,2023-12-31 23:55:00,0
water,2023,WL.SSN.10,105120,105120,2023-01-01,2023-12-31 23:55:00,0
water,2023,WL.STN.01,105120,105120,2023-01-01,2023-12-31 23:55:00,0
water,2023,WL.STN.03,105120,105120,2023-01-01,2023-12-31 23:55:00,0
water,2023,WL.TCG.01,105120,105120,2023-01-01,2023-12-31 23:55:00,0
water,2023,WL.TSK.01,105120,105120,2023-01-01,2023-12-31 23:55:00,0
water,2023,WL.WTN.02,105120,105120,2023-01-01,2023-12-31 23:55:00,0
water,2023,WL.YPE.01,105120,105120,2023-01-01,2023-12-31 23:55:00,0
water,2023,WL.BLP.02,105120,105120,2023-01-01,2023-12-31 23:55:00,0
water,2023,WL.BMK.01,105120,105120,2023-01-01,2023-12-31 23:55:00,0
water,2023,WL.CNS.04,105120,105120,2023-01-01,2023-12-31 23:55:00,0
water,2023,WL.KPM.02,105120,105120,2023-01-01,2023-12-31 23:55:00,0
water,2023,WL.KPM.06,105120,105120,2023-01-01,2023-12-31 23:55:00,0
water,2023,WL.KSI.01,105120,105120,2023-01-01,2023-12-31 23:55:00,0
water,2023,WL.KSK.01,105120,105120,2023-01-01,2023-12-31 23:55:00,0
water,2023,WL.NKW.02,105120,105120,2023-01-01,2023-12-31 23:55:00,0
water,2023,WL.RMT.02,105120,105120,2023-01-01,2023-12-31 23:55:00,0
water,2023,WL.SDN.01,105120,105120,2023-01-01,2023-12-31 23:55:00,0
water,2023,WL.TPK.03,105120,105120,2023-01-01,2023-12-31 23:55:00,0
water,2023,WL.TTN.01,105120,105120,2023-01-01,2023-12-31 23:55:00,0
water,2023,WL.SSB.02,105120,105120,2023-01-01,2023-12-31 23:55:00,0
water,2023,WL.SWU.01,105120,105120,2023-01-01,2023-12-31 23:55:00,0
water,2023,WL.ANX.01,105120,105120,2023-01-01,2023-12-31 23:55:00,0
water,2023,WL.BCN.01,105120,105120,2023-01-01,2023-12-31 23:55:00,0
water,2023,WL.BCN.03,105120,105120,2023-01-01,2023-12-31 23:55:00,0
water,2023,WL.BJK.02,105120,105120,2023-01-01,2023-12-31 23:55:00,0
water,2023,WL.BJK.03,105120,105120,2023-01-01,2023-12-31 23:55:00,0
water,2023,WL.BNA.01,105120,105120,2023-01-01,2023-12-31 23:55:00,0
water,2023,WL.BNJ.01,105120,105120,2023-01-01,2023-12-31 23:55:00,0
water,2023,WL.BSU.05,105120,105120,2023-01-01,2023-12-31 23:55:00,0
water,2023,WL.BWK.03,105120,105120,2023-01-01,2023-12-31 23:55:00,0
water,2023,WL.BYK.01,105120,105120,2023-01-01,2023-12-31 23:55:00,0
water,2023,WL.BYK.02,105120,105120,2023-01-01,2023-12-31 23:55:00,0
water,2023,WL.CNS.01,105120,105120,2023-01-01,2023-12-31 23:55:00,0
water,2023,WL.CYI.01,105120,105120,2023-01-01,2023-12-31 23:55:00,0
water,2023,WL.HKG.02,105120,105120,2023-01-01,2023-12-31 23:55:00,0
water,2023,WL.HMK.01,105120,105120,2023-01-01,2023-12-31 23:55:00,0
water,2023,WL.IDE.01,105120,105120,2023-01-01,2023-12-31 23:55:00,0
water,2023,WL.KJG.01,105120,105120,2023-01-01,2023-12-31 23:55:00,0
water,2023,WL.KJK.02,105120,105120,2023-01-01,2023-12-31 23:55:00,0
water,2023,WL.KKD.01,105120,105120,2023-01-01,2023-12-31 23:55:00,0
water,2023,WL.KPG.01,105120,105120,2023-01-01,2023-12-31 23:55:00,0
water,2023,WL.KPM.01,105120,105120,2023-01-01,2023-12-31 23:55:00,0
water,2023,WL.KPM.03,105120,105120,2023-01-01,2023-12-31 23:55:00,0
water,2023,WL.KSG.01,105120,105120,2023-01-01,2023-12-31 23:55:00,0
water,2023,WL.KSO.02,105120,105120,2023-01-01,2023-12-31 23:55:00,0
water,2023,WL.LPG.02,105120,105120,2023-01-01,2023-12-31 23:55:00,0
water,2023,WL.LPT.01,105120,105120,2023-01-01,2023-12-31 23:55:00,0
water,2023,WL.LPT.04,105120,105120,2023-01-01,2023-12-31 23:55:00,0
water,2023,WL.LPW.03,105120,105120,2023-01-01,2023-12-31 23:55:00,0
water,2023,WL.LPW.04,105120,105120,2023-01-01,2023-12-31 23:55:00,0
water,2023,WL.LSM.01,105120,105120,2023-01-01,2023-12-31 23:55:00,0
water,2023,WL.MSW.03,105120,105120,2023-01-01,2023-12-31 23:55:00,0
water,2023,WL.NSG.01,105120,105120,2023-01-01,2023-12-31 23:55:00,0
water,2023,WL.PSR.01,105120,105120,2023-01-01,2023-12-31 23:55:00,0
water,2023,WL.PSR.03,105120,105120,2023-01-01,2023-12-31 23:55:00,0
water,2023,WL.PSR.04,105120,105120,2023-01-01,2023-12-31 23:55:00,0
water,2023,WL.PSR.06,105120,105120,2023-01-01,2023-12-31 23:55:00,0
water,2023,WL.PWT.05,105120,105120,2023-01-01,2023-12-31 23:55:00,0
water,2023,WL.RJK.01,105120,105120,2023-01-01,2023-12-31 23:55:00,0
water,2023,WL.SSB.01,105120,105120,2023-01-01,2023-12-31 23:55:00,0
water,2023,WL.SSB.08,105120,105120,2023-01-01,2023-12-31 23:55:00,0
water,2023,WL.SSN.01,105120,105120,2023-01-01,2023-12-31 23:55:00,0
water,2023,WL.SSN.06,105120,105120,2023-01-01,2023-12-31 23:55:00,0
water,2023,WL.SSN.08,105120,105120,2023-01-01,2023-12-31 23:55:00,0
water,2023,WL.TUT.02,105120,105120,2023-01-01,2023-12-31 23:55:00,0
water,2023,WL.TWW.05,105120,105120,2023-01-01,2023-12-31 23:55:00,0
water,2023,WL.WSI.01,105120,105120,2023-01-01,2023-12-31 23:55:00,0
water,2023,WL.BJK.04,105120,105120,2023-01-01,2023-12-31 23:55:00,0
water,2023,WL.BPM.02,105120,105120,2023-01-01,2023-12-31 23:55:00,0
water,2023,WL.BPN.02,105120,105120,2023-01-01,2023-12-31 23:55:00,0
water,2023,WL.CYI.02,105120,105120,2023-01-01,2023-12-31 23:55:00,0
water,2023,WL.KJN.01,105120,105120,2023-01-01,2023-12-31 23:55:00,0
water,2023,WL.MSW.01,105120,105120,2023-01-01,2023-12-31 23:55:00,0
water,2023,WL.ORC.01,105120,105120,2023-01-01,2023-12-31 23:55:00,0
water,2023,WL.PWT.04,105120,105120,2023-01-01,2023-12-31 23:55:00,0
water,2023,WL.PWT.06,105120,105120,2023-01-01,2023-12-31 23:55:00,0
water,2023,WL.RHN.01,105120,105120,2023-01-01,2023-12-31 23:55:00,0
water,2023,WL.SRG.01,105120,105120,2023-01-01,2023-12-31 23:55:00,0
water,2023,WL.SSM.01,105120,105120,2023-01-01,2023-12-31 23:55:00,0
water,2024,WL.BBR.02,105408,105408,2024-01-01,2024-12-31 23:55:00,0
water,2024,WL.BKA.01,105408,105408,2024-01-01,2024-12-31 23:55:00,0
water,2024,WL.BKB.01,105408,105408,2024-01-01,2024-12-31 23:55:00,0
water,2024,WL.BKT.01,105408,105408,2024-01-01,2024-12-31 23:55:00,0
water,2024,WL.BKY.01,105408,105408,2024-01-01,2024-12-31 23:55:00,0
water,2024,WL.BKY.02,105408,105408,2024-01-01,2024-12-31 23:55:00,0
water,2024,WL.BLY.01,105408,105408,2024-01-01,2024-12-31 23:55:00,0
water,2024,WL.BLY.02,105408,105408,2024-01-01,2024-12-31 23:55:00,0
water,2024,WL.BMA.02,105408,105408,2024-01-01,2024-12-31 23:55:00,0
water,2024,WL.BNJ.04,105408,105408,2024-01-01,2024-12-31 23:55:00,0
water,2024,WL.BPA.01,105408,105408,2024-01-01,2024-12-31 23:55:00,0
water,2024,WL.BPM.03,105408,105408,2024-01-01,2024-12-31 23:55:00,0
water,2024,WL.BPU.01,105408,105408,2024-01-01,2024-12-31 23:55:00,0
water,2024,WL.BSU.04,105408,105408,2024-01-01,2024-12-31 23:55:00,0
water,2024,WL.BYI.01,105408,105408,2024-01-01,2024-12-31 23:55:00,0
water,2024,WL.CKS.02,105408,105408,2024-01-01,2024-12-31 23:55:00,0
water,2024,WL.CNS.02,105408,105408,2024-01-01,2024-12-31 23:55:00,0
water,2024,WL.CPA.02,105408,105408,2024-01-01,2024-12-31 23:55:00,0
water,2024,WL.CTC.01,105408,105408,2024-01-01,2024-12-31 23:55:00,0
water,2024,WL.JRN.01,105408,105408,2024-01-01,2024-12-31 23:55:00,0
water,2024,WL.KBU.02,105408,105408,2024-01-01,2024-12-31 23:55:00,0
water,2024,WL.KCD.01,105408,105408,2024-01-01,2024-12-31 23:55:00,0
water,2024,WL.KJU.01,105408,105408,2024-01-01,2024-12-31 23:55:00,0
water,2024,WL.KKS.02,105408,105408,2024-01-01,2024-12-31 23:55:00,0
water,2024,WL.KKS.04,105408,105408,2024-01-01,2024-12-31 23:55:00,0
water,2024,WL.KLA.01,105408,105408,2024-01-01,2024-12-31 23:55:00,0
water,2024,WL.KLD.01,105408,105408,2024-01-01,2024-12-31 23:55:00,0
water,2024,WL.KLT.01,105408,105408,2024-01-01,2024-12-31 23:55:00,0
water,2024,WL.KNB.02,105408,105408,2024-01-01,2024-12-31 23:55:00,0
water,2024,WL.KPM.04,105408,105408,2024-01-01,2024-12-31 23:55:00,0
water,2024,WL.LCL.02,105408,105408,2024-01-01,2024-12-31 23:55:00,0
water,2024,WL.LKB.01,105408,105408,2024-01-01,2024-12-31 23:55:00,0
water,2024,WL.LPG.01,105408,105408,2024-01-01,2024-12-31 23:55:00,0
water,2024,WL.LPG.03,105408,105408,2024-01-01,2024-12-31 23:55:00,0
water,2024,WL.LPI.01,105408,105408,2024-01-01,2024-12-31 23:55:00,0
water,2024,WL.LPI.02,105408,105408,2024-01-01,2024-12-31 23:55:00,0
water,2024,WL.LPW.02,105408,105408,2024-01-01,2024-12-31 23:55:00,0
water,2024,WL.MKT.01,105408,105408,2024-01-01,2024-12-31 23:55:00,0
water,2024,WL.NBN.01,105408,105408,2024-01-01,2024-12-31 23:55:00,0
water,2024,WL.NK3.01,105408,105408,2024-01-01,2024-12-31 23:55:00,0
water,2024,WL.OAG.01,105408,105408,2024-01-01,2024-12-31 23:55:00,0
water,2024,WL.PLK.01,105408,105408,2024-01-01,2024-12-31 23:55:00,0
water,2024,WL.PSC.04,105408,105408,2024-01-01,2024-12-31 23:55:00,0
water,2024,WL.PSR.02,105408,105408,2024-01-01,2024-12-31 23:55:00,0
water,2024,WL.PSR.05,105408,105408,2024-01-01,2024-12-31 23:55:00,0
water,2024,WL.SLL.01,105408,105408,2024-01-01,2024-12-31 23:55:00,0
water,2024,WL.SMK.01,105408,105408,2024-01-01,2024-12-31 23:55:00,0
water,2024,WL.SNC.01,105408,105408,2024-01-01,2024-12-31 23:55:00,0
water,2024,WL.SNC.03,105408,105408,2024-01-01,2024-12-31 23:55:00,0
water,2024,WL.SOL.01,105408,105408,2024-01-01,2024-12-31 23:55:00,0
water,2024,WL.SSB.04,105408,105408,2024-01-01,2024-12-31 23:55:00,0
water,2024,WL.SSG.01,105408,105408,2024-01-01,2024-12-31 23:55:00,0
water,2024,WL.SSN.03,105408,105408,2024-01-01,2024-12-31 23:55:00,0
water,2024,WL.SSN.07,105408,105408,2024-01-01,2024-12-31 23:55:00,0
water,2024,WL.SSN.09,105408,105408,2024-01-01,2024-12-31 23:55:00,0
water,2024,WL.SST.01,105408,105408,2024-01-01,2024-12-31 23:55:00,0
water,2024,WL.TWW.03,105408,105408,2024-01-01,2024-12-31 23:55:00,0
water,2024,WL.VPD.03,105408,105408,2024-01-01,2024-12-31 23:55:00,0
water,2024,WL.VPV.01,105408,105408,2024-01-01,2024-12-31 23:55:00,0
water,2024,WL.WLS.01,105408,105408,2024-01-01,2024-12-31 23:55:00,0
water,2024,WL.YSN.02,105408,105408,2024-01-01,2024-12-31 23:55:00,0
water,2024,WL.AJP.01,105408,105408,2024-01-01,2024-12-31 23:55:00,0
water,2024,WL.BJK.01,105408,105408,2024-01-01,2024-12-31 23:55:00,0
water,2024,WL.BPK.01,105408,105408,2024-01-01,2024-12-31 23:55:00,0
water,2024,WL.KJK.01,105408,105408,2024-01-01,2024-12-31 23:55:00,0
water,2024,WL.KKY.01,105408,105408,2024-01-01,2024-12-31 23:55:00,0
water,2024,WL.KPM.05,105408,105408,2024-01-01,2024-12-31 23:55:00,0
water,2024,WL.KSM.01,105408,105408,2024-01-01,2024-12-31 23:55:00,0
water,2024,WL.MID.01,105408,105408,2024-01-01,2024-12-31 23:55:00,0
water,2024,WL.PST.01,105408,105408,2024-01-01,2024-12-31 23:55:00,0
water,2024,WL.SBT.01,105408,105408,2024-01-01,2024-12-31 23:55:00,0
water,2024,WL.SKT.01,105408,105408,2024-01-01,2024-12-31 23:55:00,0
water,2024,WL.SRE.01,105408,105408,2024-01-01,2024-12-31 23:55:00,0
water,2024,WL.SSB.03,105408,105408,2024-01-01,2024-12-31 23:55:00,0
water,2024,WL.SWA.01,105408,105408,2024-01-01,2024-12-31 23:55:00,0
water,2024,WL.TPK.02,105408,105408,2024-01-01,2024-12-31 23:55:00,0
water,2024,WL.ANX.01,105408,105408,2024-01-01,2024-12-31 23:55:00,0
water,2024,WL.BCN.01,105408,105408,2024-01-01,2024-12-31 23:55:00,0
water,2024,WL.BCN.03,105408,105408,2024-01-01,2024-12-31 23:55:00,0
water,2024,WL.BJK.02,105408,105408,2024-01-01,2024-12-31 23:55:00,0
water,2024,WL.BJK.03,105408,105408,2024-01-01,2024-12-31 23:55:00,0
water,2024,WL.BJK.04,105408,105408,2024-01-01,2024-12-31 23:55:00,0
water,2024,WL.BNJ.01,105408,105408,2024-01-01,2024-12-31 23:55:00,0
water,2024,WL.BNS.01,105408,105408,2024-01-01,2024-12-31 23:55:00,0
water,2024,WL.BSU.05,105408,105408,2024-01-01,2024-12-31 23:55:00,0
water,2024,WL.BWK.03,105408,105408,2024-01-01,2024-12-31 23:55:00,0
water,2024,WL.BYK.01,105408,105408,2024-01-01,2024-12-31 23:55:00,0
water,2024,WL.BYK.02,105408,105408,2024-01-01,2024-12-31 23:55:00,0
water,2024,WL.CYI.01,105408,105408,2024-01-01,2024-12-31 23:55:00,0
water,2024,WL.HKG.02,105408,105408,2024-01-01,2024-12-31 23:55:00,0
water,2024,WL.HMK.01,105408,105408,2024-01-01,2024-12-31 23:55:00,0
water,2024,WL.IDE.01,105408,105408,2024-01-01,2024-12-31 23:55:00,0
water,2024,WL.KJG.01,105408,105408,2024-01-01,2024-12-31 23:55:00,0
water,2024,WL.KJK.02,105408,105408,2024-01-01,2024-12-31 23:55:00,0
water,2024,WL.KKD.01,105408,105408,2024-01-01,2024-12-31 23:55:00,0
water,2024,WL.KKD.04,105408,105408,2024-01-01,2024-12-31 23:55:00,0
water,2024,WL.KPG.01,105408,105408,2024-01-01,2024-12-31 23:55:00,0
water,2024,WL.KPM.01,105408,105408,2024-01-01,2024-12-31 23:55:00,0
water,2024,WL.KSO.02,105408,105408,2024-01-01,2024-12-31 23:55:00,0
water,2024,WL.LPG.02,105408,105408,2024-01-01,2024-12-31 23:55:00,0
water,2024,WL.LPT.01,105408,105408,2024-01-01,2024-12-31 23:55:00,0
water,2024,WL.LPT.04,105408,105408,2024-01-01,2024-12-31 23:55:00,0
water,2024,WL.LPW.03,105408,105408,2024-01-01,2024-12-31 23:55:00,0
water,2024,WL.LPW.04,105408,105408,2024-01-01,2024-12-31 23:55:00,0
water,2024,WL.LSM.01,105408,105408,2024-01-01,2024-12-31 23:55:00,0
water,2024,WL.MSW.01,105408,105408,2024-01-01,2024-12-31 23:55:00,0
water,2024,WL.MTG.01,105408,105408,2024-01-01,2024-12-31 23:55:00,0
water,2024,WL.NCH.02,105408,105408,2024-01-01,2024-12-31 23:55:00,0
water,2024,WL.NK1.01,105408,105408,2024-01-01,2024-12-31 23:55:00,0
water,2024,WL.NSG.01,105408,105408,2024-01-01,2024-12-31 23:55:00,0
water,2024,WL.ORC.01,105408,105408,2024-01-01,2024-12-31 23:55:00,0
water,2024,WL.PSR.04,105408,105408,2024-01-01,2024-12-31 23:55:00,0
water,2024,WL.PSR.06,105408,105408,2024-01-01,2024-12-31 23:55:00,0
water,2024,WL.PWT.04,105408,105408,2024-01-01,2024-12-31 23:55:00,0
water,2024,WL.PWT.06,105408,105408,2024-01-01,2024-12-31 23:55:00,0
water,2024,WL.RHN.01,105408,105408,2024-01-01,2024-12-31 23:55:00,0
water,2024,WL.RMT.03,105408,105408,2024-01-01,2024-12-31 23:55:00,0
water,2024,WL.SRG.01,105408,105408,2024-01-01,2024-12-31 23:55:00,0
water,2024,WL.SSB.08,105408,105408,2024-01-01,2024-12-31 23:55:00,0
water,2024,WL.SSM.01,105408,105408,2024-01-01,2024-12-31 23:55:00,0
water,2024,WL.SSN.06,105408,105408,2024-01-01,2024-12-31 23:55:00,0
water,2024,WL.SSN.08,105408,105408,2024-01-01,2024-12-31 23:55:00,0
water,2024,WL.TUT.02,105408,105408,2024-01-01,2024-12-31 23:55:00,0
water,2024,WL.TWW.05,105408,105408,2024-01-01,2024-12-31 23:55:00,0
water,2024,WL.WSI.01,105408,105408,2024-01-01,2024-12-31 23:55:00,0
water,2024,WL.WSV.01,105408,105408,2024-01-01,2024-12-31 23:55:00,0
water,2024,WL.BNA.01,105408,105408,2024-01-01,2024-12-31 23:55:00,0
water,2024,WL.BPM.02,105408,105408,2024-01-01,2024-12-31 23:55:00,0
water,2024,WL.BPN.02,105408,105408,2024-01-01,2024-12-31 23:55:00,0
water,2024,WL.CNS.01,105408,105408,2024-01-01,2024-12-31 23:55:00,0
water,2024,WL.CYI.02,105408,105408,2024-01-01,2024-12-31 23:55:00,0
water,2024,WL.KJN.01,105408,105408,2024-01-01,2024-12-31 23:55:00,0
water,2024,WL.KPM.03,105408,105408,2024-01-01,2024-12-31 23:55:00,0
water,2024,WL.KSG.01,105408,105408,2024-01-01,2024-12-31 23:55:00,0
water,2024,WL.MSW.03,105408,105408,2024-01-01,2024-12-31 23:55:00,0
water,2024,WL.PSR.01,105408,105408,2024-01-01,2024-12-31 23:55:00,0
water,2024,WL.PSR.03,105408,105408,2024-01-01,2024-12-31 23:55:00,0
water,2024,WL.PWT.05,105408,105408,2024-01-01,2024-12-31 23:55:00,0
water,2024,WL.RJK.01,105408,105408,2024-01-01,2024-12-31 23:55:00,0
water,2024,WL.SSB.01,105408,105408,2024-01-01,2024-12-31 23:55:00,0
water,2024,WL.SSN.01,105408,105408,2024-01-01,2024-12-31 23:55:00,0
water,2024,WL.VPD.01,105408,105408,2024-01-01,2024-12-31 23:55:00,0
water,2024,WL.BBN.01,105408,105408,2024-01-01,2024-12-31 23:55:00,0
water,2024,WL.BBN.03,105408,105408,2024-01-01,2024-12-31 23:55:00,0
water,2024,WL.BCN.02,105408,105408,2024-01-01,2024-12-31 23:55:00,0
water,2024,WL.BKA.02,105408,105408,2024-01-01,2024-12-31 23:55:00,0
water,2024,WL.BKA.03,105408,105408,2024-01-01,2024-12-31 23:55:00,0
water,2024,WL.BKA.04,105408,105408,2024-01-01,2024-12-31 23:55:00,0
water,2024,WL.BKL.01,105408,105408,2024-01-01,2024-12-31 23:55:00,0
water,2024,WL.BNA.02,105408,105408,2024-01-01,2024-12-31 23:55:00,0
water,2024,WL.BNA.04,105408,105408,2024-01-01,2024-12-31 23:55:00,0
water,2024,WL.BNJ.02,105408,105408,2024-01-01,2024-12-31 23:55:00,0
water,2024,WL.BNJ.03,105408,105408,2024-01-01,2024-12-31 23:55:00,0
water,2024,WL.BPM.01,105408,105408,2024-01-01,2024-12-31 23:55:00,0
water,2024,WL.BPN.01,105408,105408,2024-01-01,2024-12-31 23:55:00,0
water,2024,WL.BSK.01,105408,105408,2024-01-01,2024-12-31 23:55:00,0
water,2024,WL.BSU.02,105408,105408,2024-01-01,2024-12-31 23:55:00,0
water,2024,WL.BSU.06,105408,105408,2024-01-01,2024-12-31 23:55:00,0
water,2024,WL.BSU.07,105408,105408,2024-01-01,2024-12-31 23:55:00,0
water,2024,WL.BTL.01,105408,105408,2024-01-01,2024-12-31 23:55:00,0
water,2024,WL.BTY.01,105408,105408,2024-01-01,2024-12-31 23:55:00,0
water,2024,WL.BWK.01,105408,105408,2024-01-01,2024-12-31 23:55:00,0
water,2024,WL.CBJ.01,105408,105408,2024-01-01,2024-12-31 23:55:00,0
water,2024,WL.CKS.01,105408,105408,2024-01-01,2024-12-31 23:55:00,0
water,2024,WL.FTM.01,105408,105408,2024-01-01,2024-12-31 23:55:00,0
water,2024,WL.HKG.01,105408,105408,2024-01-01,2024-12-31 23:55:00,0
water,2024,WL.HMK.02,105408,105408,2024-01-01,2024-12-31 23:55:00,0
water,2024,WL.HMK.03,105408,105408,2024-01-01,2024-12-31 23:55:00,0
water,2024,WL.KDN.01,105408,105408,2024-01-01,2024-12-31 23:55:00,0
water,2024,WL.KJA.02,105408,105408,2024-01-01,2024-12-31 23:55:00,0
water,2024,WL.KJN.02,105408,105408,2024-01-01,2024-12-31 23:55:00,0
water,2024,WL.KJT.01,105408,105408,2024-01-01,2024-12-31 23:55:00,0
water,2024,WL.KKD.03,105408,105408,2024-01-01,2024-12-31 23:55:00,0
water,2024,WL.KKO.01,105408,105408,2024-01-01,2024-12-31 23:55:00,0
water,2024,WL.KKY.02,105408,105408,2024-01-01,2024-12-31 23:55:00,0
water,2024,WL.KSO.01,105408,105408,2024-01-01,2024-12-31 23:55:00,0
water,2024,WL.LBK.01,105408,105408,2024-01-01,2024-12-31 23:55:00,0
water,2024,WL.LOA.01,105408,105408,2024-01-01,2024-12-31 23:55:00,0
water,2024,WL.LPN.01,105408,105408,2024-01-01,2024-12-31 23:55:00,0
water,2024,WL.LPP.01,105408,105408,2024-01-01,2024-12-31 23:55:00,0
water,2024,WL.LPT.02,105408,105408,2024-01-01,2024-12-31 23:55:00,0
water,2024,WL.LPW.05,105408,105408,2024-01-01,2024-12-31 23:55:00,0
water,2024,WL.LYW.02,105408,105408,2024-01-01,2024-12-31 23:55:00,0
water,2024,WL.MFS.01,105408,105408,2024-01-01,2024-12-31 23:55:00,0
water,2024,WL.MSW.02,105408,105408,2024-01-01,2024-12-31 23:55:00,0
water,2024,WL.NKW.01,105408,105408,2024-01-01,2024-12-31 23:55:00,0
water,2024,WL.PLP.01,105408,105408,2024-01-01,2024-12-31 23:55:00,0
water,2024,WL.PPA.02,105408,105408,2024-01-01,2024-12-31 23:55:00,0
water,2024,WL.PWT.03,105408,105408,2024-01-01,2024-12-31 23:55:00,0
water,2024,WL.RKC.01,105408,105408,2024-01-01,2024-12-31 23:55:00,0
water,2024,WL.RMT.01,105408,105408,2024-01-01,2024-12-31 23:55:00,0
water,2024,WL.RSK.01,105408,105408,2024-01-01,2024-12-31 23:55:00,0
water,2024,WL.SCO.01,105408,105408,2024-01-01,2024-12-31 23:55:00,0
water,2024,WL.SNC.02,105408,105408,2024-01-01,2024-12-31 23:55:00,0
water,2024,WL.SPP.01,105408,105408,2024-01-01,2024-12-31 23:55:00,0
water,2024,WL.SSB.06,105408,105408,2024-01-01,2024-12-31 23:55:00,0
water,2024,WL.SSB.11,105408,105408,2024-01-01,2024-12-31 23:55:00,0
water,2024,WL.SSB.12,105408,105408,2024-01-01,2024-12-31 23:55:00,0
water,2024,WL.SSN.02,105408,105408,2024-01-01,2024-12-31 23:55:00,0
water,2024,WL.SSN.04,105408,105408,2024-01-01,2024-12-31 23:55:00,0
water,2024,WL.SSN.05,105408,105408,2024-01-01,2024-12-31 23:55:00,0
water,2024,WL.STN.02,105408,105408,2024-01-01,2024-12-31 23:55:00,0
water,2024,WL.STR.01,105408,105408,2024-01-01,2024-12-31 23:55:00,0
water,2024,WL.STR.02,105408,105408,2024-01-01,2024-12-31 23:55:00,0
water,2024,WL.TNG.01,105408,105408,2024-01-01,2024-12-31 23:55:00,0
water,2024,WL.TWW.01,105408,105408,2024-01-01,2024-12-31 23:55:00,0
water,2024,WL.VPD.02,105408,105408,2024-01-01,2024-12-31 23:55:00,0
water,2024,WL.WKT.01,105408,105408,2024-01-01,2024-12-31 23:55:00,0
water,2024,WL.WTK.01,105408,105408,2024-01-01,2024-12-31 23:55:00,0
water,2024,WL.YPN.01,105408,105408,2024-01-01,2024-12-31 23:55:00,0
water,2024,WL.YPN.02,105408,105408,2024-01-01,2024-12-31 23:55:00,0
water,2024,WL.BBN.02,105408,105408,2024-01-01,2024-12-31 23:55:00,0
water,2024,WL.BBR.01,105408,105408,2024-01-01,2024-12-31 23:55:00,0
water,2024,WL.BKG.01,105408,105408,2024-01-01,2024-12-31 23:55:00,0
water,2024,WL.BNA.03,105408,105408,2024-01-01,2024-12-31 23:55:00,0
water,2024,WL.BPM.04,105408,105408,2024-01-01,2024-12-31 23:55:00,0
water,2024,WL.DKN.01,105408,105408,2024-01-01,2024-12-31 23:55:00,0
water,2024,WL.KKS.03,105408,105408,2024-01-01,2024-12-31 23:55:00,0
water,2024,WL.KSI.02,105408,105408,2024-01-01,2024-12-31 23:55:00,0
water,2024,WL.KTY.01,105408,105408,2024-01-01,2024-12-31 23:55:00,0
water,2024,WL.LCL.01,105408,105408,2024-01-01,2024-12-31 23:55:00,0
water,2024,WL.PNM.01,105408,105408,2024-01-01,2024-12-31 23:55:00,0
water,2024,WL.PSC.03,105408,105408,2024-01-01,2024-12-31 23:55:00,0
water,2024,WL.PSC.05,105408,105408,2024-01-01,2024-12-31 23:55:00,0
water,2024,WL.SSB.05,105408,105408,2024-01-01,2024-12-31 23:55:00,0
water,2024,WL.TUT.01,105408,105408,2024-01-01,2024-12-31 23:55:00,0
water,2024,WL.TWW.04,105408,105408,2024-01-01,2024-12-31 23:55:00,0
water,2024,WL.WHK.01,105408,105408,2024-01-01,2024-12-31 23:55:00,0
water,2024,WL.CPA.01,105408,105408,2024-01-01,2024-12-31 23:55:00,0
water,2024,WL.TWW.02,105408,105408,2024-01-01,2024-12-31 23:55:00,0
water,2024,WL.BLP.02,105408,105408,2024-01-01,2024-12-31 23:55:00,0
water,2024,WL.BMK.01,105408,105408,2024-01-01,2024-12-31 23:55:00,0
water,2024,WL.BOA.01,105408,105408,2024-01-01,2024-12-31 23:55:00,0
water,2024,WL.BOA.03,105408,105408,2024-01-01,2024-12-31 23:55:00,0
water,2024,WL.BWK.02,105408,105408,2024-01-01,2024-12-31 23:55:00,0
water,2024,WL.CKS.03,105408,105408,2024-01-01,2024-12-31 23:55:00,0
water,2024,WL.CNS.04,105408,105408,2024-01-01,2024-12-31 23:55:00,0
water,2024,WL.CYI.03,105408,105408,2024-01-01,2024-12-31 23:55:00,0
water,2024,WL.JKK.01,105408,105408,2024-01-01,2024-12-31 23:55:00,0
water,2024,WL.KBU.01,105408,105408,2024-01-01,2024-12-31 23:55:00,0
water,2024,WL.KJA.01,105408,105408,2024-01-01,2024-12-31 23:55:00,0
water,2024,WL.KKD.02,105408,105408,2024-01-01,2024-12-31 23:55:00,0
water,2024,WL.KLD.02,105408,105408,2024-01-01,2024-12-31 23:55:00,0
water,2024,WL.KMN.01,105408,105408,2024-01-01,2024-12-31 23:55:00,0
water,2024,WL.KPM.02,105408,105408,2024-01-01,2024-12-31 23:55:00,0
water,2024,WL.KPM.06,105408,105408,2024-01-01,2024-12-31 23:55:00,0
water,2024,WL.KSI.01,105408,105408,2024-01-01,2024-12-31 23:55:00,0
water,2024,WL.KSK.01,105408,105408,2024-01-01,2024-12-31 23:55:00,0
water,2024,WL.KSM.02,105408,105408,2024-01-01,2024-12-31 23:55:00,0
water,2024,WL.KTK.03,105408,105408,2024-01-01,2024-12-31 23:55:00,0
water,2024,WL.LBK.03,105408,105408,2024-01-01,2024-12-31 23:55:00,0
water,2024,WL.LPC.01,105408,105408,2024-01-01,2024-12-31 23:55:00,0
water,2024,WL.LPT.03,105408,105408,2024-01-01,2024-12-31 23:55:00,0
water,2024,WL.LPW.01,105408,105408,2024-01-01,2024-12-31 23:55:00,0
water,2024,WL.LSG.01,105408,105408,2024-01-01,2024-12-31 23:55:00,0
water,2024,WL.LYW.01,105408,105408,2024-01-01,2024-12-31 23:55:00,0
water,2024,WL.MCM.01,105408,105408,2024-01-01,2024-12-31 23:55:00,0
water,2024,WL.PKN.01,105408,105408,2024-01-01,2024-12-31 23:55:00,0
water,2024,WL.PSC.02,105408,105408,2024-01-01,2024-12-31 23:55:00,0
water,2024,WL.PSI.01,105408,105408,2024-01-01,2024-12-31 23:55:00,0
water,2024,WL.PWT.01,105408,105408,2024-01-01,2024-12-31 23:55:00,0
water,2024,WL.RMT.02,105408,105408,2024-01-01,2024-12-31 23:55:00,0
water,2024,WL.SBR.02,105408,105408,2024-01-01,2024-12-31 23:55:00,0
water,2024,WL.SKG.01,105408,105408,2024-01-01,2024-12-31 23:55:00,0
water,2024,WL.SKT.02,105408,105408,2024-01-01,2024-12-31 23:55:00,0
water,2024,WL.SNO.01,105408,105408,2024-01-01,2024-12-31 23:55:00,0
water,2024,WL.SSB.02,105408,105408,2024-01-01,2024-12-31 23:55:00,0
water,2024,WL.SSB.10,105408,105408,2024-01-01,2024-12-31 23:55:00,0
water,2024,WL.SSN.10,105408,105408,2024-01-01,2024-12-31 23:55:00,0
water,2024,WL.STN.01,105408,105408,2024-01-01,2024-12-31 23:55:00,0
water,2024,WL.STN.03,105408,105408,2024-01-01,2024-12-31 23:55:00,0
water,2024,WL.TCG.01,105408,105408,2024-01-01,2024-12-31 23:55:00,0
water,2024,WL.TPK.03,105408,105408,2024-01-01,2024-12-31 23:55:00,0
water,2024,WL.TSK.01,105408,105408,2024-01-01,2024-12-31 23:55:00,0
water,2024,WL.TTN.01,105408,105408,2024-01-01,2024-12-31 23:55:00,0
water,2024,WL.YPE.01,105408,105408,2024-01-01,2024-12-31 23:55:00,0
water,2024,WL.BAM.01,105408,105408,2024-01-01,2024-12-31 23:55:00,0
water,2024,WL.BBU.01,105408,105408,2024-01-01,2024-12-31 23:55:00,0
water,2024,WL.BOA.02,105408,105408,2024-01-01,2024-12-31 23:55:00,0
water,2024,WL.BON.01,105408,105408,2024-01-01,2024-12-31 23:55:00,0
water,2024,WL.BSU.01,105408,105408,2024-01-01,2024-12-31 23:55:00,0
water,2024,WL.BSU.03,105408,105408,2024-01-01,2024-12-31 23:55:00,0
water,2024,WL.CNS.03,105408,105408,2024-01-01,2024-12-31 23:55:00,0
water,2024,WL.KKS.01,105408,105408,2024-01-01,2024-12-31 23:55:00,0
water,2024,WL.KNB.01,105408,105408,2024-01-01,2024-12-31 23:55:00,0
water,2024,WL.LBK.02,105408,105408,2024-01-01,2024-12-31 23:55:00,0
water,2024,WL.NKW.02,105408,105408,2024-01-01,2024-12-31 23:55:00,0
water,2024,WL.PSC.01,105408,105408,2024-01-01,2024-12-31 23:55:00,0
water,2024,WL.PWT.02,105408,105408,2024-01-01,2024-12-31 23:55:00,0
water,2024,WL.PYW.01,105408,105408,2024-01-01,2024-12-31 23:55:00,0
water,2024,WL.SBR.01,105408,105408,2024-01-01,2024-12-31 23:55:00,0
water,2024,WL.SDN.01,105408,105408,2024-01-01,2024-12-31 23:55:00,0
water,2024,WL.SSB.07,105408,105408,2024-01-01,2024-12-31 23:55:00,0
water,2024,WL.SSB.09,105408,105408,2024-01-01,2024-12-31 23:55:00,0
water,2024,WL.SWU.01,105408,105408,2024-01-01,2024-12-31 23:55:00,0
water,2024,WL.PKG.01,105408,105408,2024-01-01,2024-12-31 23:55:00,0
water,2024,WL.WTN.02,105408,105408,2024-01-01,2024-12-31 23:55:00,0
water,2025,WL.ANX.01,105120,105120,2025-01-01,2025-12-31 23:55:00,0
water,2025,WL.BCN.03,105120,105120,2025-01-01,2025-12-31 23:55:00,0
water,2025,WL.BJK.02,105120,105120,2025-01-01,2025-12-31 23:55:00,0
water,2025,WL.BJK.03,105120,105120,2025-01-01,2025-12-31 23:55:00,0
water,2025,WL.BNA.01,105120,105120,2025-01-01,2025-12-31 23:55:00,0
water,2025,WL.BNJ.01,105120,105120,2025-01-01,2025-12-31 23:55:00,0
water,2025,WL.BNS.01,105120,105120,2025-01-01,2025-12-31 23:55:00,0
water,2025,WL.BPM.02,105120,105120,2025-01-01,2025-12-31 23:55:00,0
water,2025,WL.BPN.02,105120,105120,2025-01-01,2025-12-31 23:55:00,0
water,2025,WL.BSU.05,105120,105120,2025-01-01,2025-12-31 23:55:00,0
water,2025,WL.BWK.03,105120,105120,2025-01-01,2025-12-31 23:55:00,0
water,2025,WL.BYK.01,105120,105120,2025-01-01,2025-12-31 23:55:00,0
water,2025,WL.CNS.01,105120,105120,2025-01-01,2025-12-31 23:55:00,0
water,2025,WL.CYI.02,105120,105120,2025-01-01,2025-12-31 23:55:00,0
water,2025,WL.HKG.02,105120,105120,2025-01-01,2025-12-31 23:55:00,0
water,2025,WL.IDE.01,105120,105120,2025-01-01,2025-12-31 23:55:00,0
water,2025,WL.KJG.01,105120,105120,2025-01-01,2025-12-31 23:55:00,0
water,2025,WL.KJK.02,105120,105120,2025-01-01,2025-12-31 23:55:00,0
water,2025,WL.KJN.01,105120,105120,2025-01-01,2025-12-31 23:55:00,0
water,2025,WL.KKD.04,105120,105120,2025-01-01,2025-12-31 23:55:00,0
water,2025,WL.KPG.01,105120,105120,2025-01-01,2025-12-31 23:55:00,0
water,2025,WL.KPM.01,105120,105120,2025-01-01,2025-12-31 23:55:00,0
water,2025,WL.KPM.03,105120,105120,2025-01-01,2025-12-31 23:55:00,0
water,2025,WL.KPM.07,105120,105120,2025-01-01,2025-12-31 23:55:00,0
water,2025,WL.LPG.02,105120,105120,2025-01-01,2025-12-31 23:55:00,0
water,2025,WL.LPT.01,105120,105120,2025-01-01,2025-12-31 23:55:00,0
water,2025,WL.LPW.03,105120,105120,2025-01-01,2025-12-31 23:55:00,0
water,2025,WL.LPW.04,105120,105120,2025-01-01,2025-12-31 23:55:00,0
water,2025,WL.LSM.01,105120,105120,2025-01-01,2025-12-31 23:55:00,0
water,2025,WL.MSW.01,105120,105120,2025-01-01,2025-12-31 23:55:00,0
water,2025,WL.MSW.03,105120,105120,2025-01-01,2025-12-31 23:55:00,0
water,2025,WL.MTG.01,105120,105120,2025-01-01,2025-12-31 23:55:00,0
water,2025,WL.NCH.02,105120,105120,2025-01-01,2025-12-31 23:55:00,0
water,2025,WL.NK1.01,105120,105120,2025-01-01,2025-12-31 23:55:00,0
water,2025,WL.NSG.01,105120,105120,2025-01-01,2025-12-31 23:55:00,0
water,2025,WL.ORC.01,105120,105120,2025-01-01,2025-12-31 23:55:00,0
water,2025,WL.PSR.01,105120,105120,2025-01-01,2025-12-31 23:55:00,0
water,2025,WL.PSR.04,105120,105120,2025-01-01,2025-12-31 23:55:00,0
water,2025,WL.PSR.06,105120,105120,2025-01-01,2025-12-31 23:55:00,0
water,2025,WL.PWT.04,105120,105120,2025-01-01,2025-12-31 23:55:00,0
water,2025,WL.PWT.05,105120,105120,2025-01-01,2025-12-31 23:55:00,0
water,2025,WL.PWT.06,105120,105120,2025-01-01,2025-12-31 23:55:00,0
water,2025,WL.RHN.01,105120,105120,2025-01-01,2025-12-31 23:55:00,0
water,2025,WL.RJK.01,105120,105120,2025-01-01,2025-12-31 23:55:00,0
water,2025,WL.RMT.03,105120,105120,2025-01-01,2025-12-31 23:55:00,0
water,2025,WL.SSB.01,105120,105120,2025-01-01,2025-12-31 23:55:00,0
water,2025,WL.SSB.08,105120,105120,2025-01-01,2025-12-31 23:55:00,0
water,2025,WL.SSM.01,105120,105120,2025-01-01,2025-12-31 23:55:00,0
water,2025,WL.SSN.01,105120,105120,2025-01-01,2025-12-31 23:55:00,0
water,2025,WL.SSN.06,105120,105120,2025-01-01,2025-12-31 23:55:00,0
water,2025,WL.SSN.08,105120,105120,2025-01-01,2025-12-31 23:55:00,0
water,2025,WL.TUT.02,105120,105120,2025-01-01,2025-12-31 23:55:00,0
water,2025,WL.TWW.05,105120,105120,2025-01-01,2025-12-31 23:55:00,0
water,2025,WL.VPD.01,105120,105120,2025-01-01,2025-12-31 23:55:00,0
water,2025,WL.WSV.01,105120,105120,2025-01-01,2025-12-31 23:55:00,0
water,2025,WL.BCN.01,105120,105120,2025-01-01,2025-12-31 23:55:00,0
water,2025,WL.BJK.04,105120,105120,2025-01-01,2025-12-31 23:55:00,0
water,2025,WL.BYK.02,105120,105120,2025-01-01,2025-12-31 23:55:00,0
water,2025,WL.CYI.01,105120,105120,2025-01-01,2025-12-31 23:55:00,0
water,2025,WL.HMK.01,105120,105120,2025-01-01,2025-12-31 23:55:00,0
water,2025,WL.KKD.01,105120,105120,2025-01-01,2025-12-31 23:55:00,0
water,2025,WL.KSG.01,105120,105120,2025-01-01,2025-12-31 23:55:00,0
water,2025,WL.KSO.02,105120,105120,2025-01-01,2025-12-31 23:55:00,0
water,2025,WL.LPT.04,105120,105120,2025-01-01,2025-12-31 23:55:00,0
water,2025,WL.PSR.03,105120,105120,2025-01-01,2025-12-31 23:55:00,0
water,2025,WL.SRG.01,105120,105120,2025-01-01,2025-12-31 23:55:00,0
water,2025,WL.WSI.01,105120,105120,2025-01-01,2025-12-31 23:55:00,0
water,2025,WL.BBN.01,105120,105120,2025-01-01,2025-12-31 23:55:00,0
water,2025,WL.BBN.02,105120,105120,2025-01-01,2025-12-31 23:55:00,0
water,2025,WL.BBN.03,105120,105120,2025-01-01,2025-12-31 23:55:00,0
water,2025,WL.BBR.01,105120,105120,2025-01-01,2025-12-31 23:55:00,0
water,2025,WL.BKA.04,105120,105120,2025-01-01,2025-12-31 23:55:00,0
water,2025,WL.BKG.01,105120,105120,2025-01-01,2025-12-31 23:55:00,0
water,2025,WL.BNA.02,105120,105120,2025-01-01,2025-12-31 23:55:00,0
water,2025,WL.BNA.03,105120,105120,2025-01-01,2025-12-31 23:55:00,0
water,2025,WL.BNA.04,105120,105120,2025-01-01,2025-12-31 23:55:00,0
water,2025,WL.BNJ.02,105120,105120,2025-01-01,2025-12-31 23:55:00,0
water,2025,WL.BNJ.03,105120,105120,2025-01-01,2025-12-31 23:55:00,0
water,2025,WL.BPM.01,105120,105120,2025-01-01,2025-12-31 23:55:00,0
water,2025,WL.BPM.04,105120,105120,2025-01-01,2025-12-31 23:55:00,0
water,2025,WL.BPN.01,105120,105120,2025-01-01,2025-12-31 23:55:00,0
water,2025,WL.BSK.01,105120,105120,2025-01-01,2025-12-31 23:55:00,0
water,2025,WL.BSU.02,105120,105120,2025-01-01,2025-12-31 23:55:00,0
water,2025,WL.BSU.06,105120,105120,2025-01-01,2025-12-31 23:55:00,0
water,2025,WL.BSU.07,105120,105120,2025-01-01,2025-12-31 23:55:00,0
water,2025,WL.BTL.01,105120,105120,2025-01-01,2025-12-31 23:55:00,0
water,2025,WL.BTY.01,105120,105120,2025-01-01,2025-12-31 23:55:00,0
water,2025,WL.BWK.01,105120,105120,2025-01-01,2025-12-31 23:55:00,0
water,2025,WL.CBJ.01,105120,105120,2025-01-01,2025-12-31 23:55:00,0
water,2025,WL.CKS.01,105120,105120,2025-01-01,2025-12-31 23:55:00,0
water,2025,WL.DKN.01,105120,105120,2025-01-01,2025-12-31 23:55:00,0
water,2025,WL.HMK.02,105120,105120,2025-01-01,2025-12-31 23:55:00,0
water,2025,WL.KDN.01,105120,105120,2025-01-01,2025-12-31 23:55:00,0
water,2025,WL.KJA.02,105120,105120,2025-01-01,2025-12-31 23:55:00,0
water,2025,WL.KJT.01,105120,105120,2025-01-01,2025-12-31 23:55:00,0
water,2025,WL.KKS.03,105120,105120,2025-01-01,2025-12-31 23:55:00,0
water,2025,WL.KSO.01,105120,105120,2025-01-01,2025-12-31 23:55:00,0
water,2025,WL.KTY.01,105120,105120,2025-01-01,2025-12-31 23:55:00,0
water,2025,WL.LBK.01,105120,105120,2025-01-01,2025-12-31 23:55:00,0
water,2025,WL.LCL.01,105120,105120,2025-01-01,2025-12-31 23:55:00,0
water,2025,WL.LOA.01,105120,105120,2025-01-01,2025-12-31 23:55:00,0
water,2025,WL.LPN.01,105120,105120,2025-01-01,2025-12-31 23:55:00,0
water,2025,WL.LPW.05,105120,105120,2025-01-01,2025-12-31 23:55:00,0
water,2025,WL.LYW.02,105120,105120,2025-01-01,2025-12-31 23:55:00,0
water,2025,WL.MFS.01,105120,105120,2025-01-01,2025-12-31 23:55:00,0
water,2025,WL.MSW.02,105120,105120,2025-01-01,2025-12-31 23:55:00,0
water,2025,WL.NKW.01,105120,105120,2025-01-01,2025-12-31 23:55:00,0
water,2025,WL.PLP.01,105120,105120,2025-01-01,2025-12-31 23:55:00,0
water,2025,WL.PPA.02,105120,105120,2025-01-01,2025-12-31 23:55:00,0
water,2025,WL.PSC.03,105120,105120,2025-01-01,2025-12-31 23:55:00,0
water,2025,WL.PSC.05,105120,105120,2025-01-01,2025-12-31 23:55:00,0
water,2025,WL.PWT.03,105120,105120,2025-01-01,2025-12-31 23:55:00,0
water,2025,WL.RMT.01,105120,105120,2025-01-01,2025-12-31 23:55:00,0
water,2025,WL.RSK.01,105120,105120,2025-01-01,2025-12-31 23:55:00,0
water,2025,WL.SCO.01,105120,105120,2025-01-01,2025-12-31 23:55:00,0
water,2025,WL.SNC.02,105120,105120,2025-01-01,2025-12-31 23:55:00,0
water,2025,WL.SPP.01,105120,105120,2025-01-01,2025-12-31 23:55:00,0
water,2025,WL.SSB.05,105120,105120,2025-01-01,2025-12-31 23:55:00,0
water,2025,WL.SSB.06,105120,105120,2025-01-01,2025-12-31 23:55:00,0
water,2025,WL.SSB.12,105120,105120,2025-01-01,2025-12-31 23:55:00,0
water,2025,WL.SSN.04,105120,105120,2025-01-01,2025-12-31 23:55:00,0
water,2025,WL.SSN.05,105120,105120,2025-01-01,2025-12-31 23:55:00,0
water,2025,WL.STR.02,105120,105120,2025-01-01,2025-12-31 23:55:00,0
water,2025,WL.TNG.01,105120,105120,2025-01-01,2025-12-31 23:55:00,0
water,2025,WL.TWW.01,105120,105120,2025-01-01,2025-12-31 23:55:00,0
water,2025,WL.TWW.02,105120,105120,2025-01-01,2025-12-31 23:55:00,0
water,2025,WL.TWW.04,105120,105120,2025-01-01,2025-12-31 23:55:00,0
water,2025,WL.VPD.02,105120,105120,2025-01-01,2025-12-31 23:55:00,0
water,2025,WL.WHK.01,105120,105120,2025-01-01,2025-12-31 23:55:00,0
water,2025,WL.WTK.01,105120,105120,2025-01-01,2025-12-31 23:55:00,0
water,2025,WL.YPN.02,105120,105120,2025-01-01,2025-12-31 23:55:00,0
water,2025,WL.BCN.02,105120,105120,2025-01-01,2025-12-31 23:55:00,0
water,2025,WL.BKA.02,105120,105120,2025-01-01,2025-12-31 23:55:00,0
water,2025,WL.BKA.03,105120,105120,2025-01-01,2025-12-31 23:55:00,0
water,2025,WL.BKL.01,105120,105120,2025-01-01,2025-12-31 23:55:00,0
water,2025,WL.CPA.01,105120,105120,2025-01-01,2025-12-31 23:55:00,0
water,2025,WL.FTM.01,105120,105120,2025-01-01,2025-12-31 23:55:00,0
water,2025,WL.HKG.01,105120,105120,2025-01-01,2025-12-31 23:55:00,0
water,2025,WL.HMK.03,105120,105120,2025-01-01,2025-12-31 23:55:00,0
water,2025,WL.KJN.02,105120,105120,2025-01-01,2025-12-31 23:55:00,0
water,2025,WL.KKD.03,105120,105120,2025-01-01,2025-12-31 23:55:00,0
water,2025,WL.KKO.01,105120,105120,2025-01-01,2025-12-31 23:55:00,0
water,2025,WL.KKY.02,105120,105120,2025-01-01,2025-12-31 23:55:00,0
water,2025,WL.KSI.02,105120,105120,2025-01-01,2025-12-31 23:55:00,0
water,2025,WL.LPP.01,105120,105120,2025-01-01,2025-12-31 23:55:00,0
water,2025,WL.LPT.02,105120,105120,2025-01-01,2025-12-31 23:55:00,0
water,2025,WL.PNM.01,105120,105120,2025-01-01,2025-12-31 23:55:00,0
water,2025,WL.RKC.01,105120,105120,2025-01-01,2025-12-31 23:55:00,0
water,2025,WL.SSB.11,105120,105120,2025-01-01,2025-12-31 23:55:00,0
water,2025,WL.SSN.02,105120,105120,2025-01-01,2025-12-31 23:55:00,0
water,2025,WL.STN.02,105120,105120,2025-01-01,2025-12-31 23:55:00,0
water,2025,WL.STR.01,105120,105120,2025-01-01,2025-12-31 23:55:00,0
water,2025,WL.WKT.01,105120,105120,2025-01-01,2025-12-31 23:55:00,0
water,2025,WL.YPN.01,105120,105120,2025-01-01,2025-12-31 23:55:00,0
water,2025,WL.TUT.01,105120,105120,2025-01-01,2025-12-31 23:55:00,0
water,2025,WL.AJP.01,105120,105120,2025-01-01,2025-12-31 23:55:00,0
water,2025,WL.BBR.02,105120,105120,2025-01-01,2025-12-31 23:55:00,0
water,2025,WL.BKA.01,105120,105120,2025-01-01,2025-12-31 23:55:00,0
water,2025,WL.BKB.01,105120,105120,2025-01-01,2025-12-31 23:55:00,0
water,2025,WL.BKT.01,105120,105120,2025-01-01,2025-12-31 23:55:00,0
water,2025,WL.BKY.01,105120,105120,2025-01-01,2025-12-31 23:55:00,0
water,2025,WL.BLY.01,105120,105120,2025-01-01,2025-12-31 23:55:00,0
water,2025,WL.BMA.02,105120,105120,2025-01-01,2025-12-31 23:55:00,0
water,2025,WL.BNJ.04,105120,105120,2025-01-01,2025-12-31 23:55:00,0
water,2025,WL.BPA.01,105120,105120,2025-01-01,2025-12-31 23:55:00,0
water,2025,WL.BPK.01,105120,105120,2025-01-01,2025-12-31 23:55:00,0
water,2025,WL.BPM.03,105120,105120,2025-01-01,2025-12-31 23:55:00,0
water,2025,WL.BSU.04,105120,105120,2025-01-01,2025-12-31 23:55:00,0
water,2025,WL.BYI.01,105120,105120,2025-01-01,2025-12-31 23:55:00,0
water,2025,WL.CKS.02,105120,105120,2025-01-01,2025-12-31 23:55:00,0
water,2025,WL.CPA.02,105120,105120,2025-01-01,2025-12-31 23:55:00,0
water,2025,WL.CTC.01,105120,105120,2025-01-01,2025-12-31 23:55:00,0
water,2025,WL.JRN.01,105120,105120,2025-01-01,2025-12-31 23:55:00,0
water,2025,WL.KBU.02,105120,105120,2025-01-01,2025-12-31 23:55:00,0
water,2025,WL.KCD.01,105120,105120,2025-01-01,2025-12-31 23:55:00,0
water,2025,WL.KKS.02,105120,105120,2025-01-01,2025-12-31 23:55:00,0
water,2025,WL.KKY.01,105120,105120,2025-01-01,2025-12-31 23:55:00,0
water,2025,WL.KLA.01,105120,105120,2025-01-01,2025-12-31 23:55:00,0
water,2025,WL.KLT.01,105120,105120,2025-01-01,2025-12-31 23:55:00,0
water,2025,WL.KNB.02,105120,105120,2025-01-01,2025-12-31 23:55:00,0
water,2025,WL.KPM.05,105120,105120,2025-01-01,2025-12-31 23:55:00,0
water,2025,WL.KT4.01,105120,105120,2025-01-01,2025-12-31 23:55:00,0
water,2025,WL.LKB.01,105120,105120,2025-01-01,2025-12-31 23:55:00,0
water,2025,WL.LPG.01,105120,105120,2025-01-01,2025-12-31 23:55:00,0
water,2025,WL.LPG.03,105120,105120,2025-01-01,2025-12-31 23:55:00,0
water,2025,WL.LPI.01,105120,105120,2025-01-01,2025-12-31 23:55:00,0
water,2025,WL.LPI.02,105120,105120,2025-01-01,2025-12-31 23:55:00,0
water,2025,WL.MID.01,105120,105120,2025-01-01,2025-12-31 23:55:00,0
water,2025,WL.MKT.01,105120,105120,2025-01-01,2025-12-31 23:55:00,0
water,2025,WL.NBN.01,105120,105120,2025-01-01,2025-12-31 23:55:00,0
water,2025,WL.PLK.01,105120,105120,2025-01-01,2025-12-31 23:55:00,0
water,2025,WL.PSC.04,105120,105120,2025-01-01,2025-12-31 23:55:00,0
water,2025,WL.PSR.02,105120,105120,2025-01-01,2025-12-31 23:55:00,0
water,2025,WL.PST.01,105120,105120,2025-01-01,2025-12-31 23:55:00,0
water,2025,WL.SKT.01,105120,105120,2025-01-01,2025-12-31 23:55:00,0
water,2025,WL.SMK.01,105120,105120,2025-01-01,2025-12-31 23:55:00,0
water,2025,WL.SNC.03,105120,105120,2025-01-01,2025-12-31 23:55:00,0
water,2025,WL.SOL.01,105120,105120,2025-01-01,2025-12-31 23:55:00,0
water,2025,WL.SSB.04,105120,105120,2025-01-01,2025-12-31 23:55:00,0
water,2025,WL.SSN.03,105120,105120,2025-01-01,2025-12-31 23:55:00,0
water,2025,WL.SSN.09,105120,105120,2025-01-01,2025-12-31 23:55:00,0
water,2025,WL.SST.01,105120,105120,2025-01-01,2025-12-31 23:55:00,0
water,2025,WL.TWW.03,105120,105120,2025-01-01,2025-12-31 23:55:00,0
water,2025,WL.VPD.03,105120,105120,2025-01-01,2025-12-31 23:55:00,0
water,2025,WL.WLS.01,105120,105120,2025-01-01,2025-12-31 23:55:00,0
water,2025,WL.BKY.02,105120,105120,2025-01-01,2025-12-31 23:55:00,0
water,2025,WL.BLY.02,105120,105120,2025-01-01,2025-12-31 23:55:00,0
water,2025,WL.BPU.01,105120,105120,2025-01-01,2025-12-31 23:55:00,0
water,2025,WL.CNS.02,105120,105120,2025-01-01,2025-12-31 23:55:00,0
water,2025,WL.KJK.01,105120,105120,2025-01-01,2025-12-31 23:55:00,0
water,2025,WL.KJU.01,105120,105120,2025-01-01,2025-12-31 23:55:00,0
water,2025,WL.KKS.04,105120,105120,2025-01-01,2025-12-31 23:55:00,0
water,2025,WL.KLD.01,105120,105120,2025-01-01,2025-12-31 23:55:00,0
water,2025,WL.KPM.04,105120,105120,2025-01-01,2025-12-31 23:55:00,0
water,2025,WL.LCL.02,105120,105120,2025-01-01,2025-12-31 23:55:00,0
water,2025,WL.LPW.02,105120,105120,2025-01-01,2025-12-31 23:55:00,0
water,2025,WL.NK3.01,105120,105120,2025-01-01,2025-12-31 23:55:00,0
water,2025,WL.OAG.01,105120,105120,2025-01-01,2025-12-31 23:55:00,0
water,2025,WL.PSR.05,105120,105120,2025-01-01,2025-12-31 23:55:00,0
water,2025,WL.SBT.01,105120,105120,2025-01-01,2025-12-31 23:55:00,0
water,2025,WL.SLL.01,105120,105120,2025-01-01,2025-12-31 23:55:00,0
water,2025,WL.SNC.01,105120,105120,2025-01-01,2025-12-31 23:55:00,0
water,2025,WL.SRE.01,105120,105120,2025-01-01,2025-12-31 23:55:00,0
water,2025,WL.SSG.01,105120,105120,2025-01-01,2025-12-31 23:55:00,0
water,2025,WL.SWA.01,105120,105120,2025-01-01,2025-12-31 23:55:00,0
water,2025,WL.TPK.02,105120,105120,2025-01-01,2025-12-31 23:55:00,0
water,2025,WL.VPV.01,105120,105120,2025-01-01,2025-12-31 23:55:00,0
water,2025,WL.YSN.02,105120,105120,2025-01-01,2025-12-31 23:55:00,0
water,2025,WL.BJK.01,105120,105120,2025-01-01,2025-12-31 23:55:00,0
water,2025,WL.KSM.01,105120,105120,2025-01-01,2025-12-31 23:55:00,0
water,2025,WL.SSB.03,105120,105120,2025-01-01,2025-12-31 23:55:00,0
water,2025,WL.SSN.07,105120,105120,2025-01-01,2025-12-31 23:55:00,0
water,2025,WL.BAM.01,105120,105120,2025-01-01,2025-12-31 23:55:00,0
water,2025,WL.BBU.01,105120,105120,2025-01-01,2025-12-31 23:55:00,0
water,2025,WL.BOA.01,105120,105120,2025-01-01,2025-12-31 23:55:00,0
water,2025,WL.BOA.02,105120,105120,2025-01-01,2025-12-31 23:55:00,0
water,2025,WL.BON.01,105120,105120,2025-01-01,2025-12-31 23:55:00,0
water,2025,WL.BSU.03,105120,105120,2025-01-01,2025-12-31 23:55:00,0
water,2025,WL.CKS.03,105120,105120,2025-01-01,2025-12-31 23:55:00,0
water,2025,WL.CNS.04,105120,105120,2025-01-01,2025-12-31 23:55:00,0
water,2025,WL.KBU.01,105120,105120,2025-01-01,2025-12-31 23:55:00,0
water,2025,WL.KJA.01,105120,105120,2025-01-01,2025-12-31 23:55:00,0
water,2025,WL.KKD.02,105120,105120,2025-01-01,2025-12-31 23:55:00,0
water,2025,WL.KMN.01,105120,105120,2025-01-01,2025-12-31 23:55:00,0
water,2025,WL.KNB.01,105120,105120,2025-01-01,2025-12-31 23:55:00,0
water,2025,WL.KSI.01,105120,105120,2025-01-01,2025-12-31 23:55:00,0
water,2025,WL.KSK.01,105120,105120,2025-01-01,2025-12-31 23:55:00,0
water,2025,WL.KSM.02,105120,105120,2025-01-01,2025-12-31 23:55:00,0
water,2025,WL.LBK.02,105120,105120,2025-01-01,2025-12-31 23:55:00,0
water,2025,WL.LBK.03,105120,105120,2025-01-01,2025-12-31 23:55:00,0
water,2025,WL.LPC.01,105120,105120,2025-01-01,2025-12-31 23:55:00,0
water,2025,WL.LPT.03,105120,105120,2025-01-01,2025-12-31 23:55:00,0
water,2025,WL.LPW.01,105120,105120,2025-01-01,2025-12-31 23:55:00,0
water,2025,WL.LSG.01,105120,105120,2025-01-01,2025-12-31 23:55:00,0
water,2025,WL.LYW.01,105120,105120,2025-01-01,2025-12-31 23:55:00,0
water,2025,WL.MCM.01,105120,105120,2025-01-01,2025-12-31 23:55:00,0
water,2025,WL.NKW.02,105120,105120,2025-01-01,2025-12-31 23:55:00,0
water,2025,WL.PKG.01,105120,105120,2025-01-01,2025-12-31 23:55:00,0
water,2025,WL.PKN.01,105120,105120,2025-01-01,2025-12-31 23:55:00,0
water,2025,WL.PSC.02,105120,105120,2025-01-01,2025-12-31 23:55:00,0
water,2025,WL.PSI.01,105120,105120,2025-01-01,2025-12-31 23:55:00,0
water,2025,WL.PWT.01,105120,105120,2025-01-01,2025-12-31 23:55:00,0
water,2025,WL.PWT.02,105120,105120,2025-01-01,2025-12-31 23:55:00,0
water,2025,WL.PWT.07,105120,105120,2025-01-01,2025-12-31 23:55:00,0
water,2025,WL.SBR.01,105120,105120,2025-01-01,2025-12-31 23:55:00,0
water,2025,WL.SBR.02,105120,105120,2025-01-01,2025-12-31 23:55:00,0
water,2025,WL.SDN.01,105120,105120,2025-01-01,2025-12-31 23:55:00,0
water,2025,WL.SKG.01,105120,105120,2025-01-01,2025-12-31 23:55:00,0
water,2025,WL.SKT.02,105120,105120,2025-01-01,2025-12-31 23:55:00,0
water,2025,WL.SNO.01,105120,105120,2025-01-01,2025-12-31 23:55:00,0
water,2025,WL.SSB.02,105120,105120,2025-01-01,2025-12-31 23:55:00,0
water,2025,WL.SSB.07,105120,105120,2025-01-01,2025-12-31 23:55:00,0
water,2025,WL.SSB.09,105120,105120,2025-01-01,2025-12-31 23:55:00,0
water,2025,WL.SSB.10,105120,105120,2025-01-01,2025-12-31 23:55:00,0
water,2025,WL.STN.03,105120,105120,2025-01-01,2025-12-31 23:55:00,0
water,2025,WL.TCG.01,105120,105120,2025-01-01,2025-12-31 23:55:00,0
water,2025,WL.TSK.01,105120,105120,2025-01-01,2025-12-31 23:55:00,0
water,2025,WL.TTN.01,105120,105120,2025-01-01,2025-12-31 23:55:00,0
water,2025,WL.WTN.02,105120,105120,2025-01-01,2025-12-31 23:55:00,0
water,2025,WL.YPE.01,105120,105120,2025-01-01,2025-12-31 23:55:00,0
water,2025,WL.BLP.02,105120,105120,2025-01-01,2025-12-31 23:55:00,0
water,2025,WL.BMK.01,105120,105120,2025-01-01,2025-12-31 23:55:00,0
water,2025,WL.BOA.03,105120,105120,2025-01-01,2025-12-31 23:55:00,0
water,2025,WL.BWK.02,105120,105120,2025-01-01,2025-12-31 23:55:00,0
water,2025,WL.CNS.03,105120,105120,2025-01-01,2025-12-31 23:55:00,0
water,2025,WL.CYI.03,105120,105120,2025-01-01,2025-12-31 23:55:00,0
water,2025,WL.JKK.01,105120,105120,2025-01-01,2025-12-31 23:55:00,0
water,2025,WL.KKS.01,105120,105120,2025-01-01,2025-12-31 23:55:00,0
water,2025,WL.KLD.02,105120,105120,2025-01-01,2025-12-31 23:55:00,0
water,2025,WL.KPM.02,105120,105120,2025-01-01,2025-12-31 23:55:00,0
water,2025,WL.KPM.06,105120,105120,2025-01-01,2025-12-31 23:55:00,0
water,2025,WL.KTK.03,105120,105120,2025-01-01,2025-12-31 23:55:00,0
water,2025,WL.PSC.01,105120,105120,2025-01-01,2025-12-31 23:55:00,0
water,2025,WL.PYW.01,105120,105120,2025-01-01,2025-12-31 23:55:00,0
water,2025,WL.RMT.02,105120,105120,2025-01-01,2025-12-31 23:55:00,0
water,2025,WL.SSN.10,105120,105120,2025-01-01,2025-12-31 23:55:00,0
water,2025,WL.STN.01,105120,105120,2025-01-01,2025-12-31 23:55:00,0
water,2025,WL.TPK.03,105120,105120,2025-01-01,2025-12-31 23:55:00,0
water,2025,WL.BSU.01,105120,105120,2025-01-01,2025-12-31 23:55:00,0
water,2025,WL.SWU.01,105120,105120,2025-01-01,2025-12-31 23:55:00,0
