dataset,year,station_code,station_name,rows,expected_rows,row_completeness_pct,n_timestamps,duplicate_timestamps,ts_min,ts_max,primary_column,null_pct,sensor_effectively_offline
flood,2019,FL.BBN.01,ถ.เอกชัย ช่วงห้างบิ๊กซีบางบอน,105120,105120,100.0,105120,0,2019-01-01,2019-12-31 23:55:00,flood,0.0,False
flood,2019,FL.BBN.02,ถ.เอกชัย ซอย 60,105120,105120,100.0,105120,0,2019-01-01,2019-12-31 23:55:00,flood,0.0,False
flood,2019,FL.BKA.01,ถ.พหลโยธิน ช่วงวงเวียนบางเขน,105120,105120,100.0,105120,0,2019-01-01,2019-12-31 23:55:00,flood,0.0,False
flood,2019,FL.BKE.01,ถ.เพชรเกษม แยกวงแหวนกาญจนาภิเษก,105120,105120,100.0,105120,0,2019-01-01,2019-12-31 23:55:00,flood,0.0,False
flood,2019,FL.BKE.02,ถ.เพชรเกษม ช่วงซอยวัดม่วง,105120,105120,100.0,105120,0,2019-01-01,2019-12-31 23:55:00,flood,0.0,False
flood,2019,FL.BKL.01,ถ.เจริญกรุง ช่วงวัดราชสิงขร,105120,105120,100.0,105120,0,2019-01-01,2019-12-31 23:55:00,flood,0.0,False
flood,2019,FL.BKM.01,ถ.นวมินทร์ ช่วงซอย 46 (สันติอโศก),105120,105120,100.0,105120,0,2019-01-01,2019-12-31 23:55:00,flood,0.0,False
flood,2019,FL.BKM.02,ถ.นวมินทร์ ช่วงซอย 135,105120,105120,100.0,105120,0,2019-01-01,2019-12-31 23:55:00,flood,0.0,False
flood,2019,FL.BKN.01,ถ.อิสรภาพ ช่วงตลาดพรานนก,105120,105120,100.0,105120,0,2019-01-01,2019-12-31 23:55:00,flood,0.0,False
flood,2019,FL.BKN.02,ถ.บรมราชชนนี ช่วงสายใต้,105120,105120,100.0,105120,0,2019-01-01,2019-12-31 23:55:00,flood,0.0,False
flood,2019,FL.BKP.01,ถ.ลาดพร้าว แม็คโคร,105120,105120,100.0,105120,0,2019-01-01,2019-12-31 23:55:00,flood,0.0,False
flood,2019,FL.BKP.02,ถ.ศรีนครินทร์ หน้าบริษัทกรีนสปอร์ต,105120,105120,100.0,105120,0,2019-01-01,2019-12-31 23:55:00,flood,0.0,False
flood,2019,FL.BNA.01,ถ.สุขุมวิท ช่วงกรมอุตุนิยมวิทยา,105120,105120,100.0,105120,0,2019-01-01,2019-12-31 23:55:00,flood,0.0,False
flood,2019,FL.BNA.02,ถ.ศรีนครินทร์ ช่วงวัดศรีเอี่ยม,105120,105120,100.0,105120,0,2019-01-01,2019-12-31 23:55:00,flood,0.0,False
flood,2019,FL.BNA.03,ถ.สุขุมวิท ช่วงแยกบางนา,105120,105120,100.0,105120,0,2019-01-01,2019-12-31 23:55:00,flood,0.0,False
flood,2019,FL.BNA.04,ถ.สุขุมวิท ช่วงแบริ่ง,105120,105120,100.0,105120,0,2019-01-01,2019-12-31 23:55:00,flood,0.0,False
flood,2019,FL.BRK.01,ถ.สุรวงศ์ ช่วงทางด่วน,105120,105120,100.0,105120,0,2019-01-01,2019-12-31 23:55:00,flood,0.0,False
flood,2019,FL.BRK.02,ถ.สีลม ช่วงถนนคอนแวนต์,105120,105120,100.0,105120,0,2019-01-01,2019-12-31 23:55:00,flood,0.0,False
flood,2019,FL.BSU.01,ถ.ประชาราษฏร์ แยกเตาปูน,105120,105120,100.0,105120,0,2019-01-01,2019-12-31 23:55:00,flood,0.0,False
flood,2019,FL.CTC.01,ถ.รัชดาภิเษก ช่วงแยกลาดพร้าว (หน้าธนาคารกรุงเทพ),105120,105120,100.0,105120,0,2019-01-01,2019-12-31 23:55:00,flood,0.0,False
flood,2019,FL.CTC.02,ถ.กำแพงเพชร 3,105120,105120,100.0,105120,0,2019-01-01,2019-12-31 23:55:00,flood,0.0,False
flood,2019,FL.CTC.03,ถ.พหลโยธิน ช่วงแยกเกษตร,105120,105120,100.0,105120,0,2019-01-01,2019-12-31 23:55:00,flood,0.0,False
flood,2019,FL.CTC.04,ถ.เทศบาลสงเคราะห์ ช่วงตลาดประชานิเวศน์,105120,105120,100.0,105120,0,2019-01-01,2019-12-31 23:55:00,flood,0.0,False
flood,2019,FL.CTC.05,ถ.พหลโยธิน หน้ากรมการขนส่งทางบก,105120,105120,100.0,105120,0,2019-01-01,2019-12-31 23:55:00,flood,0.0,False
flood,2019,FL.CTC.06,ถ.งามวงศ์วาน ช่วงแยกเกษตร,105120,105120,100.0,105120,0,2019-01-01,2019-12-31 23:55:00,flood,0.0,False
flood,2019,FL.CTC.07,ซ.เสนานิคม,105120,105120,100.0,105120,0,2019-01-01,2019-12-31 23:55:00,flood,0.0,False
flood,2019,FL.DDG.01,ถ.รัชดาภิเษก ช่วงแยกเทียมร่วมมิตร,105120,105120,100.0,105120,0,2019-01-01,2019-12-31 23:55:00,flood,0.0,False
flood,2019,FL.DDG.02,ถ.ประชาสงเคราะห์ ตลาดห้วยขวาง,105120,105120,100.0,105120,0,2019-01-01,2019-12-31 23:55:00,flood,0.0,False
flood,2019,FL.DDG.03,ถ.ดินแดง ซอยสุทธิพร 2,105120,105120,100.0,105120,0,2019-01-01,2019-12-31 23:55:00,flood,0.0,False
flood,2019,FL.DDG.04,ถ.รัชดาภิเษก ช่วงคลองบางซื่อ,105120,105120,100.0,105120,0,2019-01-01,2019-12-31 23:55:00,flood,0.0,False
flood,2019,FL.DDG.05,ถ.รัชดาภิเษก สถานฑูตจีน,105120,105120,100.0,105120,0,2019-01-01,2019-12-31 23:55:00,flood,0.0,False
flood,2019,FL.DDG.06,ถ.ประชาสุข ซ.อินทามระ 53,105120,105120,100.0,105120,0,2019-01-01,2019-12-31 23:55:00,flood,0.0,False
flood,2019,FL.DDG.07,ถ.วิภาวดี(ขาออก) ช่วงกรมทหารราบที่ 1,105120,105120,100.0,105120,0,2019-01-01,2019-12-31 23:55:00,flood,0.0,False
flood,2019,FL.DDG.08,ถ.ดินแดง ช่วงโรงเรียนพิบูลประชาสรรค์,105120,105120,100.0,105120,0,2019-01-01,2019-12-31 23:55:00,flood,0.0,False
flood,2019,FL.DST.01,ถ.พิษณุโลก ช่วงบ้านพิษณุโลก,105120,105120,100.0,105120,0,2019-01-01,2019-12-31 23:55:00,flood,0.0,False
flood,2019,FL.DST.02,ถ.สามเสน ช่วงแยกเกียกกาย,105120,105120,100.0,105120,0,2019-01-01,2019-12-31 23:55:00,flood,0.0,False
flood,2019,FL.DST.03,ถ.ศรีอยุธยา ลานพระราชวังดุสิต,105120,105120,100.0,105120,0,2019-01-01,2019-12-31 23:55:00,flood,0.0,False
flood,2019,FL.DST.04,ถ.ราชสีมา แยกอู่ทองนอก,105120,105120,100.0,105120,0,2019-01-01,2019-12-31 23:55:00,flood,0.0,False
flood,2019,FL.DST.05,ถ.นครไชยศรี (กรมสรรพสามิต),105120,105120,100.0,105120,0,2019-01-01,2019-12-31 23:55:00,flood,0.0,False
flood,2019,FL.DST.06,ถ.ราชวิถี เชิงสะพานกรุงธนบุรี,105120,105120,100.0,105120,0,2019-01-01,2019-12-31 23:55:00,flood,0.0,False
flood,2019,FL.DST.07,ถ.นครไชยศรี ช่วงตลาดศรีย่าน,105120,105120,100.0,105120,0,2019-01-01,2019-12-31 23:55:00,flood,0.0,False
flood,2019,FL.HKG.01,ถ.เพชรบุรีตัดใหม่ ช่วงสิงห์คอมเพล็กซ์,105120,105120,100.0,105120,0,2019-01-01,2019-12-31 23:55:00,flood,0.0,False
flood,2019,FL.JTG.01,ถ.จอมทอง ช่วงแยกจอมทอง,105120,105120,100.0,105120,0,2019-01-01,2019-12-31 23:55:00,flood,0.0,False
flood,2019,FL.KSN.01,ถ.ลาดหญ้า วงเวียนใหญ่,105120,105120,100.0,105120,0,2019-01-01,2019-12-31 23:55:00,flood,0.0,False
flood,2019,FL.KTY.01,ถ.พระรามที่ 3 ช่วงตลาดฮ่องกง-ปีนัง,105120,105120,100.0,105120,0,2019-01-01,2019-12-31 23:55:00,flood,0.0,False
flood,2019,FL.KTY.02,ซ.สุขุมวิท 22 (ด้านถนนพระรามที่ 4),105120,105120,100.0,105120,0,2019-01-01,2019-12-31 23:55:00,flood,0.0,False
flood,2019,FL.KTY.03,ถ.พระราม 3 ช่วงทางรถไฟ,105120,105120,100.0,105120,0,2019-01-01,2019-12-31 23:55:00,flood,0.0,False
flood,2019,FL.KTY.04,ถ.พระราม 4 ช่วงกล้วยน้ำไท,105120,105120,100.0,105120,0,2019-01-01,2019-12-31 23:55:00,flood,0.0,False
flood,2019,FL.KTY.05,ถ.สุนทรโกษา แยก ณ ระนอง,105120,105120,100.0,105120,0,2019-01-01,2019-12-31 23:55:00,flood,0.0,False
flood,2019,FL.LSI.01,ซ.แจ้งวัฒนะ 14,105120,105120,100.0,105120,0,2019-01-01,2019-12-31 23:55:00,flood,0.0,False
flood,2019,FL.LSI.02,ถ.งามวงศ์วาน แยกพงษ์เพชร,105120,105120,100.0,105120,0,2019-01-01,2019-12-31 23:55:00,flood,0.0,False
flood,2019,FL.LSI.03,ถ.แจ้งวัฒนะ หน้าศาลปกครองกลาง,105120,105120,100.0,105120,0,2019-01-01,2019-12-31 23:55:00,flood,0.0,False
flood,2019,FL.LSI.04,ถ.แจ้งวัฒนะขาเข้า (โลตัส),105120,105120,100.0,105120,0,2019-01-01,2019-12-31 23:55:00,flood,0.0,False
flood,2019,FL.LSI.05,ถ.แจ้งวัฒนะขาออก (มทบ. 11),105120,105120,100.0,105120,0,2019-01-01,2019-12-31 23:55:00,flood,0.0,False
flood,2019,FL.LSI.06,ถ.งามวงศ์วาน ซอยชินเขต,105120,105120,100.0,105120,0,2019-01-01,2019-12-31 23:55:00,flood,0.0,False
flood,2019,FL.PKN.01,ถ.สุขุมวิท ช่วงซอยสุขุมวิท 62,105120,105120,100.0,105120,0,2019-01-01,2019-12-31 23:55:00,flood,0.0,False
flood,2019,FL.PNK.02,ถ.วิสุทธิ์กษัตริย์  หน้าวัดอินทรวิหาร,105120,105120,100.0,105120,0,2019-01-01,2019-12-31 23:55:00,flood,0.0,False
flood,2019,FL.PPS.01,ถ.หลานหลวง หน้าธนาคารกรุงไทย,105120,105120,100.0,105120,0,2019-01-01,2019-12-31 23:55:00,flood,0.0,False
flood,2019,FL.PPS.02,ถ.หลวง ช่วงวัดเทพศิรินทราวาส,105120,105120,100.0,105120,0,2019-01-01,2019-12-31 23:55:00,flood,0.0,False
flood,2019,FL.PTW.01,ถ.พระรามที่ 1 ช่วงสนามกีฬาแห่งชาติ,105120,105120,100.0,105120,0,2019-01-01,2019-12-31 23:55:00,flood,0.0,False
flood,2019,FL.PTW.02,ถ.พญาไท ช่วงมาบุญครอง,105120,105120,100.0,105120,0,2019-01-01,2019-12-31 23:55:00,flood,0.0,False
flood,2019,FL.PTW.03,ถ.พระรามที่ 1 ช่วงวัดปทุมวนาราม,105120,105120,100.0,105120,0,2019-01-01,2019-12-31 23:55:00,flood,0.0,False
flood,2019,FL.PTW.04,ถ.พระรามที่ 4 หน้าวัน แบงค็อก,105120,105120,100.0,105120,0,2019-01-01,2019-12-31 23:55:00,flood,0.0,False
flood,2019,FL.PTW.05,ถ.ราชดำริ หน้าโรงพยาบาลตำรวจ,105120,105120,100.0,105120,0,2019-01-01,2019-12-31 23:55:00,flood,0.0,False
flood,2019,FL.PWT.01,ถ.ศรีนครินทร์ ช่วงซีคอนสแควร์,105120,105120,100.0,105120,0,2019-01-01,2019-12-31 23:55:00,flood,0.0,False
flood,2019,FL.PWT.02,ถ.เฉลิมพระเกียรติ ร.9 ช่วงแยกศรีอุดม,105120,105120,100.0,105120,0,2019-01-01,2019-12-31 23:55:00,flood,0.0,False
flood,2019,FL.PYT.01,ถ.พหลโยธิน ช่วงหน้าสนามเป้า,105120,105120,100.0,105120,0,2019-01-01,2019-12-31 23:55:00,flood,0.0,False
flood,2019,FL.PYT.02,ถ.พหลโยธิน ช่วงสะพานควาย,105120,105120,100.0,105120,0,2019-01-01,2019-12-31 23:55:00,flood,0.0,False
flood,2019,FL.PYT.03,ถ.พระราม6 ช่วงทางด่วน,105120,105120,100.0,105120,0,2019-01-01,2019-12-31 23:55:00,flood,0.0,False
flood,2019,FL.PYT.04,ถ.สุทธิสารวินิจฉัย ซอย 19,105120,105120,100.0,105120,0,2019-01-01,2019-12-31 23:55:00,flood,0.0,False
flood,2019,FL.PYT.05,ถ.พหลโยธิน ช่วงซอยสายลม,105120,105120,100.0,105120,0,2019-01-01,2019-12-31 23:55:00,flood,0.0,False
flood,2019,FL.PYT.06,ถ.ประดิพัทธ์ ช่วงสะพานควาย,105120,105120,100.0,105120,0,2019-01-01,2019-12-31 23:55:00,flood,0.0,False
flood,2019,FL.PYT.07,ถ.พหลโยธิน  ช่วงห้างบิ๊กซีสะพานควาย,105120,105120,100.0,105120,0,2019-01-01,2019-12-31 23:55:00,flood,0.0,False
flood,2019,FL.RTW.01,ถ.ศรีอยุธยา ช่วงถนนพญาไท,105120,105120,100.0,105120,0,2019-01-01,2019-12-31 23:55:00,flood,0.0,False
flood,2019,FL.RTW.02,ถ.เพชรบุรี ช่วงหน้าดอนบอสโก,105120,105120,100.0,105120,0,2019-01-01,2019-12-31 23:55:00,flood,0.0,False
flood,2019,FL.RTW.03,ถ.เพชรบุรี ช่วงหน้าเมโทร,105120,105120,100.0,105120,0,2019-01-01,2019-12-31 23:55:00,flood,0.0,False
flood,2019,FL.RTW.04,ถ.พญาไท ช่วงกรมปศุสัตว์,105120,105120,100.0,105120,0,2019-01-01,2019-12-31 23:55:00,flood,0.0,False
flood,2019,FL.RTW.05,ถ.พระรามที่ 6 ช่วงตลาดประแจจีน,105120,105120,100.0,105120,0,2019-01-01,2019-12-31 23:55:00,flood,0.0,False
flood,2019,FL.RTW.06,ถ.ราชวิถี ช่วงสวนสันติภาพ,105120,105120,100.0,105120,0,2019-01-01,2019-12-31 23:55:00,flood,0.0,False
flood,2019,FL.RTW.07,ถ.ศรีอยุธยา ช่วงโรงเรียนสันติราษฏร์วิทยาลัย,105120,105120,100.0,105120,0,2019-01-01,2019-12-31 23:55:00,flood,0.0,False
flood,2019,FL.RTW.08,ถ.นิคมมักกะสัน แยกราชปรารภ,105120,105120,100.0,105120,0,2019-01-01,2019-12-31 23:55:00,flood,0.0,False
flood,2019,FL.RTW.09,ถ.บรรทัดทอง ช่วงถนนเพชรบุรี,105120,105120,100.0,105120,0,2019-01-01,2019-12-31 23:55:00,flood,0.0,False
flood,2019,FL.RTW.10,ถ.ศรีอยุธยา ช่วงโรงเรียนศรีอยุธยา,105120,105120,100.0,105120,0,2019-01-01,2019-12-31 23:55:00,flood,0.0,False
flood,2019,FL.SLG.01,ถ.พัฒนาการ แยกศรีนครินทร์,105120,105120,100.0,105120,0,2019-01-01,2019-12-31 23:55:00,flood,0.0,False
flood,2019,FL.SLG.02,ถ.รามคำแหง ซอย 3,105120,105120,100.0,105120,0,2019-01-01,2019-12-31 23:55:00,flood,0.0,False
flood,2019,FL.SLG.03,"""ถ.พัฒนาการ ช่วงธนาคารกรุงไทย """,105120,105120,100.0,105120,0,2019-01-01,2019-12-31 23:55:00,flood,0.0,False
flood,2019,FL.SMI.01,ถ.พหลโยธิน ช่วงซอยพหลโยธิน 60/1,105120,105120,100.0,105120,0,2019-01-01,2019-12-31 23:55:00,flood,0.0,False
flood,2019,FL.SPW.01,ถ.เจริญกรุง แยกแปลงนาม,105120,105120,100.0,105120,0,2019-01-01,2019-12-31 23:55:00,flood,0.0,False
flood,2019,FL.SPW.02,ถ.เยาวราช ช่วงแยกราชวงศ์,105120,105120,100.0,105120,0,2019-01-01,2019-12-31 23:55:00,flood,0.0,False
flood,2019,FL.STN.01,ถ.จันทน์ ซอย 28/2,105120,105120,100.0,105120,0,2019-01-01,2019-12-31 23:55:00,flood,0.0,False
flood,2019,FL.STN.02,ถ.เซนต์หลุยส์ 3,105120,105120,100.0,105120,0,2019-01-01,2019-12-31 23:55:00,flood,0.0,False
flood,2019,FL.STN.03,ถ.สาธุประดิษฐ์ ซอย 2,105120,105120,100.0,105120,0,2019-01-01,2019-12-31 23:55:00,flood,0.0,False
flood,2019,FL.STN.04,ถ.สวนพลู ช่วงตลาดสวนพลู,105120,105120,100.0,105120,0,2019-01-01,2019-12-31 23:55:00,flood,0.0,False
flood,2019,FL.WTL.01,ถ.ลาดพร้าว ช่วงตัดถนนประดิษฐ์มนูธรรม,105120,105120,100.0,105120,0,2019-01-01,2019-12-31 23:55:00,flood,0.0,False
flood,2019,FL.WTL.02,ถ.ลาดพร้าว ช่วงซอยลาดพร้าว 89,105120,105120,100.0,105120,0,2019-01-01,2019-12-31 23:55:00,flood,0.0,False
flood,2019,FL.WTL.03,ซ.รามคำแหง 43/1,105120,105120,100.0,105120,0,2019-01-01,2019-12-31 23:55:00,flood,0.0,False
flood,2019,FL.WTL.04,ซ.รามคำแหง 65 (ซอยมหาดไทย),105120,105120,100.0,105120,0,2019-01-01,2019-12-31 23:55:00,flood,0.0,False
flood,2019,FL.WTN.01,ซ.สุขุมวิท 39 (ซอยพร้อมพงษ์),105120,105120,100.0,105120,0,2019-01-01,2019-12-31 23:55:00,flood,0.0,False
flood,2019,FL.WTN.02,ถ.อโศกมนตรี ช่วงแยกชิโนไทย,105120,105120,100.0,105120,0,2019-01-01,2019-12-31 23:55:00,flood,0.0,False
flood,2020,FL.BBN.01,ถ.เอกชัย ช่วงห้างบิ๊กซีบางบอน,105408,105408,100.0,105408,0,2020-01-01,2020-12-31 23:55:00,flood,0.0,False
flood,2020,FL.BBN.02,ถ.เอกชัย ซอย 60,105408,105408,100.0,105408,0,2020-01-01,2020-12-31 23:55:00,flood,0.0,False
flood,2020,FL.BKA.01,ถ.พหลโยธิน ช่วงวงเวียนบางเขน,105408,105408,100.0,105408,0,2020-01-01,2020-12-31 23:55:00,flood,0.0,False
flood,2020,FL.BKE.01,ถ.เพชรเกษม แยกวงแหวนกาญจนาภิเษก,105408,105408,100.0,105408,0,2020-01-01,2020-12-31 23:55:00,flood,0.0,False
flood,2020,FL.BKE.02,ถ.เพชรเกษม ช่วงซอยวัดม่วง,105408,105408,100.0,105408,0,2020-01-01,2020-12-31 23:55:00,flood,0.0,False
flood,2020,FL.BKL.01,ถ.เจริญกรุง ช่วงวัดราชสิงขร,105408,105408,100.0,105408,0,2020-01-01,2020-12-31 23:55:00,flood,0.0,False
flood,2020,FL.BKM.01,ถ.นวมินทร์ ช่วงซอย 46 (สันติอโศก),105408,105408,100.0,105408,0,2020-01-01,2020-12-31 23:55:00,flood,0.0,False
flood,2020,FL.BKM.02,ถ.นวมินทร์ ช่วงซอย 135,105408,105408,100.0,105408,0,2020-01-01,2020-12-31 23:55:00,flood,0.0,False
flood,2020,FL.BKN.01,ถ.อิสรภาพ ช่วงตลาดพรานนก,105408,105408,100.0,105408,0,2020-01-01,2020-12-31 23:55:00,flood,0.0,False
flood,2020,FL.BKN.02,ถ.บรมราชชนนี ช่วงสายใต้,105408,105408,100.0,105408,0,2020-01-01,2020-12-31 23:55:00,flood,0.0,False
flood,2020,FL.BKP.01,ถ.ลาดพร้าว แม็คโคร,105408,105408,100.0,105408,0,2020-01-01,2020-12-31 23:55:00,flood,0.0,False
flood,2020,FL.BKP.02,ถ.ศรีนครินทร์ หน้าบริษัทกรีนสปอร์ต,105408,105408,100.0,105408,0,2020-01-01,2020-12-31 23:55:00,flood,0.0,False
flood,2020,FL.BNA.01,ถ.สุขุมวิท ช่วงกรมอุตุนิยมวิทยา,105408,105408,100.0,105408,0,2020-01-01,2020-12-31 23:55:00,flood,0.0,False
flood,2020,FL.BNA.02,ถ.ศรีนครินทร์ ช่วงวัดศรีเอี่ยม,105408,105408,100.0,105408,0,2020-01-01,2020-12-31 23:55:00,flood,0.0,False
flood,2020,FL.BNA.03,ถ.สุขุมวิท ช่วงแยกบางนา,105408,105408,100.0,105408,0,2020-01-01,2020-12-31 23:55:00,flood,0.0,False
flood,2020,FL.BNA.04,ถ.สุขุมวิท ช่วงแบริ่ง,105408,105408,100.0,105408,0,2020-01-01,2020-12-31 23:55:00,flood,0.0,False
flood,2020,FL.BRK.01,ถ.สุรวงศ์ ช่วงทางด่วน,105408,105408,100.0,105408,0,2020-01-01,2020-12-31 23:55:00,flood,0.0,False
flood,2020,FL.BRK.02,ถ.สีลม ช่วงถนนคอนแวนต์,105408,105408,100.0,105408,0,2020-01-01,2020-12-31 23:55:00,flood,0.0,False
flood,2020,FL.BSU.01,ถ.ประชาราษฏร์ แยกเตาปูน,105408,105408,100.0,105408,0,2020-01-01,2020-12-31 23:55:00,flood,0.001,False
flood,2020,FL.CTC.01,ถ.รัชดาภิเษก ช่วงแยกลาดพร้าว (หน้าธนาคารกรุงเทพ),105408,105408,100.0,105408,0,2020-01-01,2020-12-31 23:55:00,flood,0.001,False
flood,2020,FL.CTC.02,ถ.กำแพงเพชร 3,105408,105408,100.0,105408,0,2020-01-01,2020-12-31 23:55:00,flood,0.0,False
flood,2020,FL.CTC.03,ถ.พหลโยธิน ช่วงแยกเกษตร,105408,105408,100.0,105408,0,2020-01-01,2020-12-31 23:55:00,flood,0.0,False
flood,2020,FL.CTC.04,ถ.เทศบาลสงเคราะห์ ช่วงตลาดประชานิเวศน์,105408,105408,100.0,105408,0,2020-01-01,2020-12-31 23:55:00,flood,0.0,False
flood,2020,FL.CTC.05,ถ.พหลโยธิน หน้ากรมการขนส่งทางบก,105408,105408,100.0,105408,0,2020-01-01,2020-12-31 23:55:00,flood,0.0,False
flood,2020,FL.CTC.06,ถ.งามวงศ์วาน ช่วงแยกเกษตร,105408,105408,100.0,105408,0,2020-01-01,2020-12-31 23:55:00,flood,0.001,False
flood,2020,FL.CTC.07,ซ.เสนานิคม,105408,105408,100.0,105408,0,2020-01-01,2020-12-31 23:55:00,flood,0.0,False
flood,2020,FL.DDG.01,ถ.รัชดาภิเษก ช่วงแยกเทียมร่วมมิตร,105408,105408,100.0,105408,0,2020-01-01,2020-12-31 23:55:00,flood,0.001,False
flood,2020,FL.DDG.02,ถ.ประชาสงเคราะห์ ตลาดห้วยขวาง,105408,105408,100.0,105408,0,2020-01-01,2020-12-31 23:55:00,flood,0.003,False
flood,2020,FL.DDG.03,ถ.ดินแดง ซอยสุทธิพร 2,105408,105408,100.0,105408,0,2020-01-01,2020-12-31 23:55:00,flood,0.002,False
flood,2020,FL.DDG.04,ถ.รัชดาภิเษก ช่วงคลองบางซื่อ,105408,105408,100.0,105408,0,2020-01-01,2020-12-31 23:55:00,flood,0.0,False
flood,2020,FL.DDG.05,ถ.รัชดาภิเษก สถานฑูตจีน,105408,105408,100.0,105408,0,2020-01-01,2020-12-31 23:55:00,flood,0.0,False
flood,2020,FL.DDG.06,ถ.ประชาสุข ซ.อินทามระ 53,105408,105408,100.0,105408,0,2020-01-01,2020-12-31 23:55:00,flood,0.0,False
flood,2020,FL.DDG.07,ถ.วิภาวดี(ขาออก) ช่วงกรมทหารราบที่ 1,105408,105408,100.0,105408,0,2020-01-01,2020-12-31 23:55:00,flood,0.0,False
flood,2020,FL.DDG.08,ถ.ดินแดง ช่วงโรงเรียนพิบูลประชาสรรค์,105408,105408,100.0,105408,0,2020-01-01,2020-12-31 23:55:00,flood,0.0,False
flood,2020,FL.DST.01,ถ.พิษณุโลก ช่วงบ้านพิษณุโลก,105408,105408,100.0,105408,0,2020-01-01,2020-12-31 23:55:00,flood,0.0,False
flood,2020,FL.DST.02,ถ.สามเสน ช่วงแยกเกียกกาย,105408,105408,100.0,105408,0,2020-01-01,2020-12-31 23:55:00,flood,0.001,False
flood,2020,FL.DST.03,ถ.ศรีอยุธยา ลานพระราชวังดุสิต,105408,105408,100.0,105408,0,2020-01-01,2020-12-31 23:55:00,flood,0.001,False
flood,2020,FL.DST.04,ถ.ราชสีมา แยกอู่ทองนอก,105408,105408,100.0,105408,0,2020-01-01,2020-12-31 23:55:00,flood,0.0,False
flood,2020,FL.DST.05,ถ.นครไชยศรี (กรมสรรพสามิต),105408,105408,100.0,105408,0,2020-01-01,2020-12-31 23:55:00,flood,0.0,False
flood,2020,FL.DST.06,ถ.ราชวิถี เชิงสะพานกรุงธนบุรี,105408,105408,100.0,105408,0,2020-01-01,2020-12-31 23:55:00,flood,0.0,False
flood,2020,FL.DST.07,ถ.นครไชยศรี ช่วงตลาดศรีย่าน,105408,105408,100.0,105408,0,2020-01-01,2020-12-31 23:55:00,flood,0.0,False
flood,2020,FL.HKG.01,ถ.เพชรบุรีตัดใหม่ ช่วงสิงห์คอมเพล็กซ์,105408,105408,100.0,105408,0,2020-01-01,2020-12-31 23:55:00,flood,0.0,False
flood,2020,FL.JTG.01,ถ.จอมทอง ช่วงแยกจอมทอง,105408,105408,100.0,105408,0,2020-01-01,2020-12-31 23:55:00,flood,0.0,False
flood,2020,FL.KSN.01,ถ.ลาดหญ้า วงเวียนใหญ่,105408,105408,100.0,105408,0,2020-01-01,2020-12-31 23:55:00,flood,0.0,False
flood,2020,FL.KTY.01,ถ.พระรามที่ 3 ช่วงตลาดฮ่องกง-ปีนัง,105408,105408,100.0,105408,0,2020-01-01,2020-12-31 23:55:00,flood,0.001,False
flood,2020,FL.KTY.02,ซ.สุขุมวิท 22 (ด้านถนนพระรามที่ 4),105408,105408,100.0,105408,0,2020-01-01,2020-12-31 23:55:00,flood,0.0,False
flood,2020,FL.KTY.03,ถ.พระราม 3 ช่วงทางรถไฟ,105408,105408,100.0,105408,0,2020-01-01,2020-12-31 23:55:00,flood,0.0,False
flood,2020,FL.KTY.04,ถ.พระราม 4 ช่วงกล้วยน้ำไท,105408,105408,100.0,105408,0,2020-01-01,2020-12-31 23:55:00,flood,0.0,False
flood,2020,FL.KTY.05,ถ.สุนทรโกษา แยก ณ ระนอง,105408,105408,100.0,105408,0,2020-01-01,2020-12-31 23:55:00,flood,0.0,False
flood,2020,FL.LSI.01,ซ.แจ้งวัฒนะ 14,105408,105408,100.0,105408,0,2020-01-01,2020-12-31 23:55:00,flood,0.001,False
flood,2020,FL.LSI.02,ถ.งามวงศ์วาน แยกพงษ์เพชร,105408,105408,100.0,105408,0,2020-01-01,2020-12-31 23:55:00,flood,0.0,False
flood,2020,FL.LSI.03,ถ.แจ้งวัฒนะ หน้าศาลปกครองกลาง,105408,105408,100.0,105408,0,2020-01-01,2020-12-31 23:55:00,flood,0.017,False
flood,2020,FL.LSI.04,ถ.แจ้งวัฒนะขาเข้า (โลตัส),105408,105408,100.0,105408,0,2020-01-01,2020-12-31 23:55:00,flood,0.0,False
flood,2020,FL.LSI.05,ถ.แจ้งวัฒนะขาออก (มทบ. 11),105408,105408,100.0,105408,0,2020-01-01,2020-12-31 23:55:00,flood,0.0,False
flood,2020,FL.LSI.06,ถ.งามวงศ์วาน ซอยชินเขต,105408,105408,100.0,105408,0,2020-01-01,2020-12-31 23:55:00,flood,0.0,False
flood,2020,FL.PKN.01,ถ.สุขุมวิท ช่วงซอยสุขุมวิท 62,105408,105408,100.0,105408,0,2020-01-01,2020-12-31 23:55:00,flood,0.013,False
flood,2020,FL.PNK.02,ถ.วิสุทธิ์กษัตริย์  หน้าวัดอินทรวิหาร,105408,105408,100.0,105408,0,2020-01-01,2020-12-31 23:55:00,flood,0.0,False
flood,2020,FL.PPS.01,ถ.หลานหลวง หน้าธนาคารกรุงไทย,105408,105408,100.0,105408,0,2020-01-01,2020-12-31 23:55:00,flood,0.0,False
flood,2020,FL.PPS.02,ถ.หลวง ช่วงวัดเทพศิรินทราวาส,105408,105408,100.0,105408,0,2020-01-01,2020-12-31 23:55:00,flood,0.0,False
flood,2020,FL.PTW.01,ถ.พระรามที่ 1 ช่วงสนามกีฬาแห่งชาติ,105408,105408,100.0,105408,0,2020-01-01,2020-12-31 23:55:00,flood,0.0,False
flood,2020,FL.PTW.02,ถ.พญาไท ช่วงมาบุญครอง,105408,105408,100.0,105408,0,2020-01-01,2020-12-31 23:55:00,flood,0.0,False
flood,2020,FL.PTW.03,ถ.พระรามที่ 1 ช่วงวัดปทุมวนาราม,105408,105408,100.0,105408,0,2020-01-01,2020-12-31 23:55:00,flood,0.0,False
flood,2020,FL.PTW.04,ถ.พระรามที่ 4 หน้าวัน แบงค็อก,105408,105408,100.0,105408,0,2020-01-01,2020-12-31 23:55:00,flood,2.261,False
flood,2020,FL.PTW.05,ถ.ราชดำริ หน้าโรงพยาบาลตำรวจ,105408,105408,100.0,105408,0,2020-01-01,2020-12-31 23:55:00,flood,0.231,False
flood,2020,FL.PWT.01,ถ.ศรีนครินทร์ ช่วงซีคอนสแควร์,105408,105408,100.0,105408,0,2020-01-01,2020-12-31 23:55:00,flood,0.602,False
flood,2020,FL.PWT.02,ถ.เฉลิมพระเกียรติ ร.9 ช่วงแยกศรีอุดม,105408,105408,100.0,105408,0,2020-01-01,2020-12-31 23:55:00,flood,0.0,False
flood,2020,FL.PYT.01,ถ.พหลโยธิน ช่วงหน้าสนามเป้า,105408,105408,100.0,105408,0,2020-01-01,2020-12-31 23:55:00,flood,0.0,False
flood,2020,FL.PYT.02,ถ.พหลโยธิน ช่วงสะพานควาย,105408,105408,100.0,105408,0,2020-01-01,2020-12-31 23:55:00,flood,0.0,False
flood,2020,FL.PYT.03,ถ.พระราม6 ช่วงทางด่วน,105408,105408,100.0,105408,0,2020-01-01,2020-12-31 23:55:00,flood,0.001,False
flood,2020,FL.PYT.04,ถ.สุทธิสารวินิจฉัย ซอย 19,105408,105408,100.0,105408,0,2020-01-01,2020-12-31 23:55:00,flood,0.0,False
flood,2020,FL.PYT.05,ถ.พหลโยธิน ช่วงซอยสายลม,105408,105408,100.0,105408,0,2020-01-01,2020-12-31 23:55:00,flood,0.0,False
flood,2020,FL.PYT.06,ถ.ประดิพัทธ์ ช่วงสะพานควาย,105408,105408,100.0,105408,0,2020-01-01,2020-12-31 23:55:00,flood,0.0,False
flood,2020,FL.PYT.07,ถ.พหลโยธิน  ช่วงห้างบิ๊กซีสะพานควาย,105408,105408,100.0,105408,0,2020-01-01,2020-12-31 23:55:00,flood,0.0,False
flood,2020,FL.RTW.01,ถ.ศรีอยุธยา ช่วงถนนพญาไท,105408,105408,100.0,105408,0,2020-01-01,2020-12-31 23:55:00,flood,0.028,False
flood,2020,FL.RTW.02,ถ.เพชรบุรี ช่วงหน้าดอนบอสโก,105408,105408,100.0,105408,0,2020-01-01,2020-12-31 23:55:00,flood,0.003,False
flood,2020,FL.RTW.03,ถ.เพชรบุรี ช่วงหน้าเมโทร,105408,105408,100.0,105408,0,2020-01-01,2020-12-31 23:55:00,flood,0.003,False
flood,2020,FL.RTW.04,ถ.พญาไท ช่วงกรมปศุสัตว์,105408,105408,100.0,105408,0,2020-01-01,2020-12-31 23:55:00,flood,0.0,False
flood,2020,FL.RTW.05,ถ.พระรามที่ 6 ช่วงตลาดประแจจีน,105408,105408,100.0,105408,0,2020-01-01,2020-12-31 23:55:00,flood,0.001,False
flood,2020,FL.RTW.06,ถ.ราชวิถี ช่วงสวนสันติภาพ,105408,105408,100.0,105408,0,2020-01-01,2020-12-31 23:55:00,flood,0.0,False
flood,2020,FL.RTW.07,ถ.ศรีอยุธยา ช่วงโรงเรียนสันติราษฏร์วิทยาลัย,105408,105408,100.0,105408,0,2020-01-01,2020-12-31 23:55:00,flood,0.0,False
flood,2020,FL.RTW.08,ถ.นิคมมักกะสัน แยกราชปรารภ,105408,105408,100.0,105408,0,2020-01-01,2020-12-31 23:55:00,flood,0.0,False
flood,2020,FL.RTW.09,ถ.บรรทัดทอง ช่วงถนนเพชรบุรี,105408,105408,100.0,105408,0,2020-01-01,2020-12-31 23:55:00,flood,0.0,False
flood,2020,FL.RTW.10,ถ.ศรีอยุธยา ช่วงโรงเรียนศรีอยุธยา,105408,105408,100.0,105408,0,2020-01-01,2020-12-31 23:55:00,flood,0.0,False
flood,2020,FL.SLG.01,ถ.พัฒนาการ แยกศรีนครินทร์,105408,105408,100.0,105408,0,2020-01-01,2020-12-31 23:55:00,flood,0.0,False
flood,2020,FL.SLG.02,ถ.รามคำแหง ซอย 3,105408,105408,100.0,105408,0,2020-01-01,2020-12-31 23:55:00,flood,0.001,False
flood,2020,FL.SLG.03,"""ถ.พัฒนาการ ช่วงธนาคารกรุงไทย """,105408,105408,100.0,105408,0,2020-01-01,2020-12-31 23:55:00,flood,0.0,False
flood,2020,FL.SMI.01,ถ.พหลโยธิน ช่วงซอยพหลโยธิน 60/1,105408,105408,100.0,105408,0,2020-01-01,2020-12-31 23:55:00,flood,0.0,False
flood,2020,FL.SPW.01,ถ.เจริญกรุง แยกแปลงนาม,105408,105408,100.0,105408,0,2020-01-01,2020-12-31 23:55:00,flood,0.0,False
flood,2020,FL.SPW.02,ถ.เยาวราช ช่วงแยกราชวงศ์,105408,105408,100.0,105408,0,2020-01-01,2020-12-31 23:55:00,flood,0.0,False
flood,2020,FL.STN.01,ถ.จันทน์ ซอย 28/2,105408,105408,100.0,105408,0,2020-01-01,2020-12-31 23:55:00,flood,0.001,False
flood,2020,FL.STN.02,ถ.เซนต์หลุยส์ 3,105408,105408,100.0,105408,0,2020-01-01,2020-12-31 23:55:00,flood,0.0,False
flood,2020,FL.STN.03,ถ.สาธุประดิษฐ์ ซอย 2,105408,105408,100.0,105408,0,2020-01-01,2020-12-31 23:55:00,flood,0.0,False
flood,2020,FL.STN.04,ถ.สวนพลู ช่วงตลาดสวนพลู,105408,105408,100.0,105408,0,2020-01-01,2020-12-31 23:55:00,flood,0.0,False
flood,2020,FL.WTL.01,ถ.ลาดพร้าว ช่วงตัดถนนประดิษฐ์มนูธรรม,105408,105408,100.0,105408,0,2020-01-01,2020-12-31 23:55:00,flood,0.021,False
flood,2020,FL.WTL.02,ถ.ลาดพร้าว ช่วงซอยลาดพร้าว 89,105408,105408,100.0,105408,0,2020-01-01,2020-12-31 23:55:00,flood,0.002,False
flood,2020,FL.WTL.03,ซ.รามคำแหง 43/1,105408,105408,100.0,105408,0,2020-01-01,2020-12-31 23:55:00,flood,0.0,False
flood,2020,FL.WTL.04,ซ.รามคำแหง 65 (ซอยมหาดไทย),105408,105408,100.0,105408,0,2020-01-01,2020-12-31 23:55:00,flood,0.0,False
flood,2020,FL.WTN.01,ซ.สุขุมวิท 39 (ซอยพร้อมพงษ์),105408,105408,100.0,105408,0,2020-01-01,2020-12-31 23:55:00,flood,0.0,False
flood,2020,FL.WTN.02,ถ.อโศกมนตรี ช่วงแยกชิโนไทย,105408,105408,100.0,105408,0,2020-01-01,2020-12-31 23:55:00,flood,0.0,False
flood,2021,FL.BBN.01,ถ.เอกชัย ช่วงห้างบิ๊กซีบางบอน,105120,105120,100.0,105120,0,2021-01-01,2021-12-31 23:55:00,flood,0.0,False
flood,2021,FL.BBN.02,ถ.เอกชัย ซอย 60,105120,105120,100.0,105120,0,2021-01-01,2021-12-31 23:55:00,flood,0.0,False
flood,2021,FL.BKA.01,ถ.พหลโยธิน ช่วงวงเวียนบางเขน,105120,105120,100.0,105120,0,2021-01-01,2021-12-31 23:55:00,flood,0.0,False
flood,2021,FL.BKE.01,ถ.เพชรเกษม แยกวงแหวนกาญจนาภิเษก,105120,105120,100.0,105120,0,2021-01-01,2021-12-31 23:55:00,flood,0.0,False
flood,2021,FL.BKE.02,ถ.เพชรเกษม ช่วงซอยวัดม่วง,105120,105120,100.0,105120,0,2021-01-01,2021-12-31 23:55:00,flood,0.0,False
flood,2021,FL.BKL.01,ถ.เจริญกรุง ช่วงวัดราชสิงขร,105120,105120,100.0,105120,0,2021-01-01,2021-12-31 23:55:00,flood,29.54,False
flood,2021,FL.BKM.01,ถ.นวมินทร์ ช่วงซอย 46 (สันติอโศก),105120,105120,100.0,105120,0,2021-01-01,2021-12-31 23:55:00,flood,0.0,False
flood,2021,FL.BKM.02,ถ.นวมินทร์ ช่วงซอย 135,105120,105120,100.0,105120,0,2021-01-01,2021-12-31 23:55:00,flood,0.0,False
flood,2021,FL.BKN.01,ถ.อิสรภาพ ช่วงตลาดพรานนก,105120,105120,100.0,105120,0,2021-01-01,2021-12-31 23:55:00,flood,0.0,False
flood,2021,FL.BKN.02,ถ.บรมราชชนนี ช่วงสายใต้,105120,105120,100.0,105120,0,2021-01-01,2021-12-31 23:55:00,flood,0.0,False
flood,2021,FL.BKP.01,ถ.ลาดพร้าว แม็คโคร,105120,105120,100.0,105120,0,2021-01-01,2021-12-31 23:55:00,flood,0.0,False
flood,2021,FL.BKP.02,ถ.ศรีนครินทร์ หน้าบริษัทกรีนสปอร์ต,105120,105120,100.0,105120,0,2021-01-01,2021-12-31 23:55:00,flood,0.0,False
flood,2021,FL.BKT.01,ถ.บางขุนเทียน ชายทะเล ช่วงถ.พระรามที่ 2,105120,105120,100.0,105120,0,2021-01-01,2021-12-31 23:55:00,flood,63.449,True
flood,2021,FL.BNA.01,ถ.สุขุมวิท ช่วงกรมอุตุนิยมวิทยา,105120,105120,100.0,105120,0,2021-01-01,2021-12-31 23:55:00,flood,0.0,False
flood,2021,FL.BNA.02,ถ.ศรีนครินทร์ ช่วงวัดศรีเอี่ยม,105120,105120,100.0,105120,0,2021-01-01,2021-12-31 23:55:00,flood,0.0,False
flood,2021,FL.BNA.03,ถ.สุขุมวิท ช่วงแยกบางนา,105120,105120,100.0,105120,0,2021-01-01,2021-12-31 23:55:00,flood,0.0,False
flood,2021,FL.BNA.04,ถ.สุขุมวิท ช่วงแบริ่ง,105120,105120,100.0,105120,0,2021-01-01,2021-12-31 23:55:00,flood,0.0,False
flood,2021,FL.BRK.01,ถ.สุรวงศ์ ช่วงทางด่วน,105120,105120,100.0,105120,0,2021-01-01,2021-12-31 23:55:00,flood,0.0,False
flood,2021,FL.BRK.02,ถ.สีลม ช่วงถนนคอนแวนต์,105120,105120,100.0,105120,0,2021-01-01,2021-12-31 23:55:00,flood,0.0,False
flood,2021,FL.BSU.01,ถ.ประชาราษฏร์ แยกเตาปูน,105120,105120,100.0,105120,0,2021-01-01,2021-12-31 23:55:00,flood,0.0,False
flood,2021,FL.CTC.01,ถ.รัชดาภิเษก ช่วงแยกลาดพร้าว (หน้าธนาคารกรุงเทพ),105120,105120,100.0,105120,0,2021-01-01,2021-12-31 23:55:00,flood,0.0,False
flood,2021,FL.CTC.02,ถ.กำแพงเพชร 3,105120,105120,100.0,105120,0,2021-01-01,2021-12-31 23:55:00,flood,0.0,False
flood,2021,FL.CTC.03,ถ.พหลโยธิน ช่วงแยกเกษตร,105120,105120,100.0,105120,0,2021-01-01,2021-12-31 23:55:00,flood,0.0,False
flood,2021,FL.CTC.04,ถ.เทศบาลสงเคราะห์ ช่วงตลาดประชานิเวศน์,105120,105120,100.0,105120,0,2021-01-01,2021-12-31 23:55:00,flood,0.0,False
flood,2021,FL.CTC.05,ถ.พหลโยธิน หน้ากรมการขนส่งทางบก,105120,105120,100.0,105120,0,2021-01-01,2021-12-31 23:55:00,flood,0.0,False
flood,2021,FL.CTC.06,ถ.งามวงศ์วาน ช่วงแยกเกษตร,105120,105120,100.0,105120,0,2021-01-01,2021-12-31 23:55:00,flood,0.0,False
flood,2021,FL.CTC.07,ซ.เสนานิคม,105120,105120,100.0,105120,0,2021-01-01,2021-12-31 23:55:00,flood,0.005,False
flood,2021,FL.DDG.01,ถ.รัชดาภิเษก ช่วงแยกเทียมร่วมมิตร,105120,105120,100.0,105120,0,2021-01-01,2021-12-31 23:55:00,flood,0.0,False
flood,2021,FL.DDG.02,ถ.ประชาสงเคราะห์ ตลาดห้วยขวาง,105120,105120,100.0,105120,0,2021-01-01,2021-12-31 23:55:00,flood,0.0,False
flood,2021,FL.DDG.03,ถ.ดินแดง ซอยสุทธิพร 2,105120,105120,100.0,105120,0,2021-01-01,2021-12-31 23:55:00,flood,0.0,False
flood,2021,FL.DDG.04,ถ.รัชดาภิเษก ช่วงคลองบางซื่อ,105120,105120,100.0,105120,0,2021-01-01,2021-12-31 23:55:00,flood,0.0,False
flood,2021,FL.DDG.05,ถ.รัชดาภิเษก สถานฑูตจีน,105120,105120,100.0,105120,0,2021-01-01,2021-12-31 23:55:00,flood,0.0,False
flood,2021,FL.DDG.06,ถ.ประชาสุข ซ.อินทามระ 53,105120,105120,100.0,105120,0,2021-01-01,2021-12-31 23:55:00,flood,0.0,False
flood,2021,FL.DDG.07,ถ.วิภาวดี(ขาออก) ช่วงกรมทหารราบที่ 1,105120,105120,100.0,105120,0,2021-01-01,2021-12-31 23:55:00,flood,0.0,False
flood,2021,FL.DDG.08,ถ.ดินแดง ช่วงโรงเรียนพิบูลประชาสรรค์,105120,105120,100.0,105120,0,2021-01-01,2021-12-31 23:55:00,flood,0.0,False
flood,2021,FL.DST.01,ถ.พิษณุโลก ช่วงบ้านพิษณุโลก,105120,105120,100.0,105120,0,2021-01-01,2021-12-31 23:55:00,flood,0.0,False
flood,2021,FL.DST.02,ถ.สามเสน ช่วงแยกเกียกกาย,105120,105120,100.0,105120,0,2021-01-01,2021-12-31 23:55:00,flood,0.0,False
flood,2021,FL.DST.03,ถ.ศรีอยุธยา ลานพระราชวังดุสิต,105120,105120,100.0,105120,0,2021-01-01,2021-12-31 23:55:00,flood,0.0,False
flood,2021,FL.DST.04,ถ.ราชสีมา แยกอู่ทองนอก,105120,105120,100.0,105120,0,2021-01-01,2021-12-31 23:55:00,flood,0.0,False
flood,2021,FL.DST.05,ถ.นครไชยศรี (กรมสรรพสามิต),105120,105120,100.0,105120,0,2021-01-01,2021-12-31 23:55:00,flood,0.0,False
flood,2021,FL.DST.06,ถ.ราชวิถี เชิงสะพานกรุงธนบุรี,105120,105120,100.0,105120,0,2021-01-01,2021-12-31 23:55:00,flood,0.0,False
flood,2021,FL.DST.07,ถ.นครไชยศรี ช่วงตลาดศรีย่าน,105120,105120,100.0,105120,0,2021-01-01,2021-12-31 23:55:00,flood,0.0,False
flood,2021,FL.DST.08,ถ.ราชวิถี หน้ามหาวิทยาลัยสวนดุสิต,41184,105120,39.178,41184,0,2021-08-11,2021-12-31 23:55:00,flood,59.8,True
flood,2021,FL.HKG.01,ถ.เพชรบุรีตัดใหม่ ช่วงสิงห์คอมเพล็กซ์,105120,105120,100.0,105120,0,2021-01-01,2021-12-31 23:55:00,flood,0.0,False
flood,2021,FL.JTG.01,ถ.จอมทอง ช่วงแยกจอมทอง,105120,105120,100.0,105120,0,2021-01-01,2021-12-31 23:55:00,flood,0.0,False
flood,2021,FL.KSN.01,ถ.ลาดหญ้า วงเวียนใหญ่,105120,105120,100.0,105120,0,2021-01-01,2021-12-31 23:55:00,flood,0.0,False
flood,2021,FL.KTY.01,ถ.พระรามที่ 3 ช่วงตลาดฮ่องกง-ปีนัง,105120,105120,100.0,105120,0,2021-01-01,2021-12-31 23:55:00,flood,0.0,False
flood,2021,FL.KTY.02,ซ.สุขุมวิท 22 (ด้านถนนพระรามที่ 4),105120,105120,100.0,105120,0,2021-01-01,2021-12-31 23:55:00,flood,0.0,False
flood,2021,FL.KTY.03,ถ.พระราม 3 ช่วงทางรถไฟ,105120,105120,100.0,105120,0,2021-01-01,2021-12-31 23:55:00,flood,0.0,False
flood,2021,FL.KTY.04,ถ.พระราม 4 ช่วงกล้วยน้ำไท,105120,105120,100.0,105120,0,2021-01-01,2021-12-31 23:55:00,flood,0.0,False
flood,2021,FL.KTY.05,ถ.สุนทรโกษา แยก ณ ระนอง,105120,105120,100.0,105120,0,2021-01-01,2021-12-31 23:55:00,flood,0.0,False
flood,2021,FL.LSI.01,ซ.แจ้งวัฒนะ 14,105120,105120,100.0,105120,0,2021-01-01,2021-12-31 23:55:00,flood,61.206,True
flood,2021,FL.LSI.02,ถ.งามวงศ์วาน แยกพงษ์เพชร,105120,105120,100.0,105120,0,2021-01-01,2021-12-31 23:55:00,flood,0.0,False
flood,2021,FL.LSI.03,ถ.แจ้งวัฒนะ หน้าศาลปกครองกลาง,105120,105120,100.0,105120,0,2021-01-01,2021-12-31 23:55:00,flood,0.0,False
flood,2021,FL.LSI.04,ถ.แจ้งวัฒนะขาเข้า (โลตัส),105120,105120,100.0,105120,0,2021-01-01,2021-12-31 23:55:00,flood,0.0,False
flood,2021,FL.LSI.05,ถ.แจ้งวัฒนะขาออก (มทบ. 11),105120,105120,100.0,105120,0,2021-01-01,2021-12-31 23:55:00,flood,0.0,False
flood,2021,FL.LSI.06,ถ.งามวงศ์วาน ซอยชินเขต,105120,105120,100.0,105120,0,2021-01-01,2021-12-31 23:55:00,flood,0.0,False
flood,2021,FL.MBR.01,ถ.สุวินทวงศ์ ช่วงแยกไปรษณีย์มีนบุรี,40320,105120,38.356,40320,0,2021-08-14,2021-12-31 23:55:00,flood,33.244,False
flood,2021,FL.PKN.01,ถ.สุขุมวิท ช่วงซอยสุขุมวิท 62,105120,105120,100.0,105120,0,2021-01-01,2021-12-31 23:55:00,flood,0.0,False
flood,2021,FL.PNK.02,ถ.วิสุทธิ์กษัตริย์  หน้าวัดอินทรวิหาร,105120,105120,100.0,105120,0,2021-01-01,2021-12-31 23:55:00,flood,0.0,False
flood,2021,FL.PPS.01,ถ.หลานหลวง หน้าธนาคารกรุงไทย,105120,105120,100.0,105120,0,2021-01-01,2021-12-31 23:55:00,flood,0.0,False
flood,2021,FL.PPS.02,ถ.หลวง ช่วงวัดเทพศิรินทราวาส,105120,105120,100.0,105120,0,2021-01-01,2021-12-31 23:55:00,flood,0.0,False
flood,2021,FL.PTW.01,ถ.พระรามที่ 1 ช่วงสนามกีฬาแห่งชาติ,105120,105120,100.0,105120,0,2021-01-01,2021-12-31 23:55:00,flood,0.0,False
flood,2021,FL.PTW.02,ถ.พญาไท ช่วงมาบุญครอง,105120,105120,100.0,105120,0,2021-01-01,2021-12-31 23:55:00,flood,0.0,False
flood,2021,FL.PTW.03,ถ.พระรามที่ 1 ช่วงวัดปทุมวนาราม,105120,105120,100.0,105120,0,2021-01-01,2021-12-31 23:55:00,flood,0.0,False
flood,2021,FL.PTW.04,ถ.พระรามที่ 4 หน้าวัน แบงค็อก,105120,105120,100.0,105120,0,2021-01-01,2021-12-31 23:55:00,flood,0.0,False
flood,2021,FL.PTW.05,ถ.ราชดำริ หน้าโรงพยาบาลตำรวจ,105120,105120,100.0,105120,0,2021-01-01,2021-12-31 23:55:00,flood,0.0,False
flood,2021,FL.PWT.01,ถ.ศรีนครินทร์ ช่วงซีคอนสแควร์,105120,105120,100.0,105120,0,2021-01-01,2021-12-31 23:55:00,flood,0.0,False
flood,2021,FL.PWT.02,ถ.เฉลิมพระเกียรติ ร.9 ช่วงแยกศรีอุดม,105120,105120,100.0,105120,0,2021-01-01,2021-12-31 23:55:00,flood,0.0,False
flood,2021,FL.PYT.01,ถ.พหลโยธิน ช่วงหน้าสนามเป้า,105120,105120,100.0,105120,0,2021-01-01,2021-12-31 23:55:00,flood,0.0,False
flood,2021,FL.PYT.02,ถ.พหลโยธิน ช่วงสะพานควาย,105120,105120,100.0,105120,0,2021-01-01,2021-12-31 23:55:00,flood,0.0,False
flood,2021,FL.PYT.03,ถ.พระราม6 ช่วงทางด่วน,105120,105120,100.0,105120,0,2021-01-01,2021-12-31 23:55:00,flood,0.0,False
flood,2021,FL.PYT.04,ถ.สุทธิสารวินิจฉัย ซอย 19,105120,105120,100.0,105120,0,2021-01-01,2021-12-31 23:55:00,flood,0.0,False
flood,2021,FL.PYT.05,ถ.พหลโยธิน ช่วงซอยสายลม,105120,105120,100.0,105120,0,2021-01-01,2021-12-31 23:55:00,flood,0.0,False
flood,2021,FL.PYT.06,ถ.ประดิพัทธ์ ช่วงสะพานควาย,105120,105120,100.0,105120,0,2021-01-01,2021-12-31 23:55:00,flood,0.0,False
flood,2021,FL.PYT.07,ถ.พหลโยธิน  ช่วงห้างบิ๊กซีสะพานควาย,105120,105120,100.0,105120,0,2021-01-01,2021-12-31 23:55:00,flood,0.0,False
flood,2021,FL.RTW.01,ถ.ศรีอยุธยา ช่วงถนนพญาไท,105120,105120,100.0,105120,0,2021-01-01,2021-12-31 23:55:00,flood,0.0,False
flood,2021,FL.RTW.02,ถ.เพชรบุรี ช่วงหน้าดอนบอสโก,105120,105120,100.0,105120,0,2021-01-01,2021-12-31 23:55:00,flood,0.0,False
flood,2021,FL.RTW.03,ถ.เพชรบุรี ช่วงหน้าเมโทร,105120,105120,100.0,105120,0,2021-01-01,2021-12-31 23:55:00,flood,0.0,False
flood,2021,FL.RTW.04,ถ.พญาไท ช่วงกรมปศุสัตว์,105120,105120,100.0,105120,0,2021-01-01,2021-12-31 23:55:00,flood,0.0,False
flood,2021,FL.RTW.05,ถ.พระรามที่ 6 ช่วงตลาดประแจจีน,105120,105120,100.0,105120,0,2021-01-01,2021-12-31 23:55:00,flood,0.0,False
flood,2021,FL.RTW.06,ถ.ราชวิถี ช่วงสวนสันติภาพ,105120,105120,100.0,105120,0,2021-01-01,2021-12-31 23:55:00,flood,0.0,False
flood,2021,FL.RTW.07,ถ.ศรีอยุธยา ช่วงโรงเรียนสันติราษฏร์วิทยาลัย,105120,105120,100.0,105120,0,2021-01-01,2021-12-31 23:55:00,flood,0.0,False
flood,2021,FL.RTW.08,ถ.นิคมมักกะสัน แยกราชปรารภ,105120,105120,100.0,105120,0,2021-01-01,2021-12-31 23:55:00,flood,0.0,False
flood,2021,FL.RTW.09,ถ.บรรทัดทอง ช่วงถนนเพชรบุรี,105120,105120,100.0,105120,0,2021-01-01,2021-12-31 23:55:00,flood,0.0,False
flood,2021,FL.RTW.10,ถ.ศรีอยุธยา ช่วงโรงเรียนศรีอยุธยา,105120,105120,100.0,105120,0,2021-01-01,2021-12-31 23:55:00,flood,0.0,False
flood,2021,FL.SLG.01,ถ.พัฒนาการ แยกศรีนครินทร์,105120,105120,100.0,105120,0,2021-01-01,2021-12-31 23:55:00,flood,0.0,False
flood,2021,FL.SLG.02,ถ.รามคำแหง ซอย 3,105120,105120,100.0,105120,0,2021-01-01,2021-12-31 23:55:00,flood,0.0,False
flood,2021,FL.SLG.03,"""ถ.พัฒนาการ ช่วงธนาคารกรุงไทย """,105120,105120,100.0,105120,0,2021-01-01,2021-12-31 23:55:00,flood,0.0,False
flood,2021,FL.SMI.01,ถ.พหลโยธิน ช่วงซอยพหลโยธิน 60/1,105120,105120,100.0,105120,0,2021-01-01,2021-12-31 23:55:00,flood,0.0,False
flood,2021,FL.SPW.01,ถ.เจริญกรุง แยกแปลงนาม,105120,105120,100.0,105120,0,2021-01-01,2021-12-31 23:55:00,flood,0.0,False
flood,2021,FL.SPW.02,ถ.เยาวราช ช่วงแยกราชวงศ์,105120,105120,100.0,105120,0,2021-01-01,2021-12-31 23:55:00,flood,0.0,False
flood,2021,FL.STN.01,ถ.จันทน์ ซอย 28/2,105120,105120,100.0,105120,0,2021-01-01,2021-12-31 23:55:00,flood,0.0,False
flood,2021,FL.STN.02,ถ.เซนต์หลุยส์ 3,105120,105120,100.0,105120,0,2021-01-01,2021-12-31 23:55:00,flood,0.0,False
flood,2021,FL.STN.03,ถ.สาธุประดิษฐ์ ซอย 2,105120,105120,100.0,105120,0,2021-01-01,2021-12-31 23:55:00,flood,0.0,False
flood,2021,FL.STN.04,ถ.สวนพลู ช่วงตลาดสวนพลู,105120,105120,100.0,105120,0,2021-01-01,2021-12-31 23:55:00,flood,0.0,False
flood,2021,FL.WTL.01,ถ.ลาดพร้าว ช่วงตัดถนนประดิษฐ์มนูธรรม,105120,105120,100.0,105120,0,2021-01-01,2021-12-31 23:55:00,flood,0.0,False
flood,2021,FL.WTL.02,ถ.ลาดพร้าว ช่วงซอยลาดพร้าว 89,105120,105120,100.0,105120,0,2021-01-01,2021-12-31 23:55:00,flood,0.0,False
flood,2021,FL.WTL.03,ซ.รามคำแหง 43/1,105120,105120,100.0,105120,0,2021-01-01,2021-12-31 23:55:00,flood,0.0,False
flood,2021,FL.WTL.04,ซ.รามคำแหง 65 (ซอยมหาดไทย),105120,105120,100.0,105120,0,2021-01-01,2021-12-31 23:55:00,flood,0.0,False
flood,2021,FL.WTN.01,ซ.สุขุมวิท 39 (ซอยพร้อมพงษ์),105120,105120,100.0,105120,0,2021-01-01,2021-12-31 23:55:00,flood,0.0,False
flood,2021,FL.WTN.02,ถ.อโศกมนตรี ช่วงแยกชิโนไทย,105120,105120,100.0,105120,0,2021-01-01,2021-12-31 23:55:00,flood,0.0,False
flood,2022,FL.BBN.01,ถ.เอกชัย ช่วงห้างบิ๊กซีบางบอน,105120,105120,100.0,105120,0,2022-01-01,2022-12-31 23:55:00,flood,0.0,False
flood,2022,FL.BBN.02,ถ.เอกชัย ซอย 60,105120,105120,100.0,105120,0,2022-01-01,2022-12-31 23:55:00,flood,0.0,False
flood,2022,FL.BKA.01,ถ.พหลโยธิน ช่วงวงเวียนบางเขน,105120,105120,100.0,105120,0,2022-01-01,2022-12-31 23:55:00,flood,0.0,False
flood,2022,FL.BKE.01,ถ.เพชรเกษม แยกวงแหวนกาญจนาภิเษก,105120,105120,100.0,105120,0,2022-01-01,2022-12-31 23:55:00,flood,0.0,False
flood,2022,FL.BKE.02,ถ.เพชรเกษม ช่วงซอยวัดม่วง,105120,105120,100.0,105120,0,2022-01-01,2022-12-31 23:55:00,flood,0.0,False
flood,2022,FL.BKL.01,ถ.เจริญกรุง ช่วงวัดราชสิงขร,105120,105120,100.0,105120,0,2022-01-01,2022-12-31 23:55:00,flood,100.0,True
flood,2022,FL.BKM.01,ถ.นวมินทร์ ช่วงซอย 46 (สันติอโศก),105120,105120,100.0,105120,0,2022-01-01,2022-12-31 23:55:00,flood,0.0,False
flood,2022,FL.BKM.02,ถ.นวมินทร์ ช่วงซอย 135,105120,105120,100.0,105120,0,2022-01-01,2022-12-31 23:55:00,flood,0.0,False
flood,2022,FL.BKN.01,ถ.อิสรภาพ ช่วงตลาดพรานนก,105120,105120,100.0,105120,0,2022-01-01,2022-12-31 23:55:00,flood,0.0,False
flood,2022,FL.BKN.02,ถ.บรมราชชนนี ช่วงสายใต้,105120,105120,100.0,105120,0,2022-01-01,2022-12-31 23:55:00,flood,0.0,False
flood,2022,FL.BKP.01,ถ.ลาดพร้าว แม็คโคร,105120,105120,100.0,105120,0,2022-01-01,2022-12-31 23:55:00,flood,0.0,False
flood,2022,FL.BKP.02,ถ.ศรีนครินทร์ หน้าบริษัทกรีนสปอร์ต,105120,105120,100.0,105120,0,2022-01-01,2022-12-31 23:55:00,flood,0.0,False
flood,2022,FL.BKT.01,ถ.บางขุนเทียน ชายทะเล ช่วงถ.พระรามที่ 2,105120,105120,100.0,105120,0,2022-01-01,2022-12-31 23:55:00,flood,0.015,False
flood,2022,FL.BNA.01,ถ.สุขุมวิท ช่วงกรมอุตุนิยมวิทยา,105120,105120,100.0,105120,0,2022-01-01,2022-12-31 23:55:00,flood,0.0,False
flood,2022,FL.BNA.02,ถ.ศรีนครินทร์ ช่วงวัดศรีเอี่ยม,105120,105120,100.0,105120,0,2022-01-01,2022-12-31 23:55:00,flood,0.0,False
flood,2022,FL.BNA.03,ถ.สุขุมวิท ช่วงแยกบางนา,105120,105120,100.0,105120,0,2022-01-01,2022-12-31 23:55:00,flood,0.0,False
flood,2022,FL.BNA.04,ถ.สุขุมวิท ช่วงแบริ่ง,105120,105120,100.0,105120,0,2022-01-01,2022-12-31 23:55:00,flood,0.0,False
flood,2022,FL.BRK.01,ถ.สุรวงศ์ ช่วงทางด่วน,105120,105120,100.0,105120,0,2022-01-01,2022-12-31 23:55:00,flood,0.0,False
flood,2022,FL.BRK.02,ถ.สีลม ช่วงถนนคอนแวนต์,105120,105120,100.0,105120,0,2022-01-01,2022-12-31 23:55:00,flood,0.0,False
flood,2022,FL.BSU.01,ถ.ประชาราษฏร์ แยกเตาปูน,105120,105120,100.0,105120,0,2022-01-01,2022-12-31 23:55:00,flood,0.0,False
flood,2022,FL.CTC.01,ถ.รัชดาภิเษก ช่วงแยกลาดพร้าว (หน้าธนาคารกรุงเทพ),105120,105120,100.0,105120,0,2022-01-01,2022-12-31 23:55:00,flood,0.0,False
flood,2022,FL.CTC.02,ถ.กำแพงเพชร 3,105120,105120,100.0,105120,0,2022-01-01,2022-12-31 23:55:00,flood,0.0,False
flood,2022,FL.CTC.03,ถ.พหลโยธิน ช่วงแยกเกษตร,105120,105120,100.0,105120,0,2022-01-01,2022-12-31 23:55:00,flood,0.0,False
flood,2022,FL.CTC.04,ถ.เทศบาลสงเคราะห์ ช่วงตลาดประชานิเวศน์,105120,105120,100.0,105120,0,2022-01-01,2022-12-31 23:55:00,flood,0.0,False
flood,2022,FL.CTC.05,ถ.พหลโยธิน หน้ากรมการขนส่งทางบก,105120,105120,100.0,105120,0,2022-01-01,2022-12-31 23:55:00,flood,0.0,False
flood,2022,FL.CTC.06,ถ.งามวงศ์วาน ช่วงแยกเกษตร,105120,105120,100.0,105120,0,2022-01-01,2022-12-31 23:55:00,flood,0.0,False
flood,2022,FL.CTC.07,ซ.เสนานิคม,105120,105120,100.0,105120,0,2022-01-01,2022-12-31 23:55:00,flood,0.0,False
flood,2022,FL.DDG.01,ถ.รัชดาภิเษก ช่วงแยกเทียมร่วมมิตร,105120,105120,100.0,105120,0,2022-01-01,2022-12-31 23:55:00,flood,0.0,False
flood,2022,FL.DDG.02,ถ.ประชาสงเคราะห์ ตลาดห้วยขวาง,105120,105120,100.0,105120,0,2022-01-01,2022-12-31 23:55:00,flood,0.0,False
flood,2022,FL.DDG.03,ถ.ดินแดง ซอยสุทธิพร 2,105120,105120,100.0,105120,0,2022-01-01,2022-12-31 23:55:00,flood,0.0,False
flood,2022,FL.DDG.04,ถ.รัชดาภิเษก ช่วงคลองบางซื่อ,105120,105120,100.0,105120,0,2022-01-01,2022-12-31 23:55:00,flood,0.0,False
flood,2022,FL.DDG.05,ถ.รัชดาภิเษก สถานฑูตจีน,105120,105120,100.0,105120,0,2022-01-01,2022-12-31 23:55:00,flood,0.0,False
flood,2022,FL.DDG.06,ถ.ประชาสุข ซ.อินทามระ 53,105120,105120,100.0,105120,0,2022-01-01,2022-12-31 23:55:00,flood,0.0,False
flood,2022,FL.DDG.07,ถ.วิภาวดี(ขาออก) ช่วงกรมทหารราบที่ 1,105120,105120,100.0,105120,0,2022-01-01,2022-12-31 23:55:00,flood,0.0,False
flood,2022,FL.DDG.08,ถ.ดินแดง ช่วงโรงเรียนพิบูลประชาสรรค์,105120,105120,100.0,105120,0,2022-01-01,2022-12-31 23:55:00,flood,0.0,False
flood,2022,FL.DST.01,ถ.พิษณุโลก ช่วงบ้านพิษณุโลก,105120,105120,100.0,105120,0,2022-01-01,2022-12-31 23:55:00,flood,0.0,False
flood,2022,FL.DST.02,ถ.สามเสน ช่วงแยกเกียกกาย,105120,105120,100.0,105120,0,2022-01-01,2022-12-31 23:55:00,flood,28.853,False
flood,2022,FL.DST.03,ถ.ศรีอยุธยา ลานพระราชวังดุสิต,105120,105120,100.0,105120,0,2022-01-01,2022-12-31 23:55:00,flood,0.0,False
flood,2022,FL.DST.04,ถ.ราชสีมา แยกอู่ทองนอก,105120,105120,100.0,105120,0,2022-01-01,2022-12-31 23:55:00,flood,0.0,False
flood,2022,FL.DST.05,ถ.นครไชยศรี (กรมสรรพสามิต),105120,105120,100.0,105120,0,2022-01-01,2022-12-31 23:55:00,flood,0.0,False
flood,2022,FL.DST.06,ถ.ราชวิถี เชิงสะพานกรุงธนบุรี,105120,105120,100.0,105120,0,2022-01-01,2022-12-31 23:55:00,flood,0.0,False
flood,2022,FL.DST.07,ถ.นครไชยศรี ช่วงตลาดศรีย่าน,105120,105120,100.0,105120,0,2022-01-01,2022-12-31 23:55:00,flood,0.0,False
flood,2022,FL.DST.08,ถ.ราชวิถี หน้ามหาวิทยาลัยสวนดุสิต,105120,105120,100.0,105120,0,2022-01-01,2022-12-31 23:55:00,flood,4.838,False
flood,2022,FL.HKG.01,ถ.เพชรบุรีตัดใหม่ ช่วงสิงห์คอมเพล็กซ์,105120,105120,100.0,105120,0,2022-01-01,2022-12-31 23:55:00,flood,0.0,False
flood,2022,FL.JTG.01,ถ.จอมทอง ช่วงแยกจอมทอง,105120,105120,100.0,105120,0,2022-01-01,2022-12-31 23:55:00,flood,0.0,False
flood,2022,FL.KSN.01,ถ.ลาดหญ้า วงเวียนใหญ่,105120,105120,100.0,105120,0,2022-01-01,2022-12-31 23:55:00,flood,0.0,False
flood,2022,FL.KTY.01,ถ.พระรามที่ 3 ช่วงตลาดฮ่องกง-ปีนัง,105120,105120,100.0,105120,0,2022-01-01,2022-12-31 23:55:00,flood,0.0,False
flood,2022,FL.KTY.02,ซ.สุขุมวิท 22 (ด้านถนนพระรามที่ 4),105120,105120,100.0,105120,0,2022-01-01,2022-12-31 23:55:00,flood,0.0,False
flood,2022,FL.KTY.03,ถ.พระราม 3 ช่วงทางรถไฟ,105120,105120,100.0,105120,0,2022-01-01,2022-12-31 23:55:00,flood,0.0,False
flood,2022,FL.KTY.04,ถ.พระราม 4 ช่วงกล้วยน้ำไท,105120,105120,100.0,105120,0,2022-01-01,2022-12-31 23:55:00,flood,0.0,False
flood,2022,FL.KTY.05,ถ.สุนทรโกษา แยก ณ ระนอง,105120,105120,100.0,105120,0,2022-01-01,2022-12-31 23:55:00,flood,0.0,False
flood,2022,FL.LSI.01,ซ.แจ้งวัฒนะ 14,105120,105120,100.0,105120,0,2022-01-01,2022-12-31 23:55:00,flood,100.0,True
flood,2022,FL.LSI.02,ถ.งามวงศ์วาน แยกพงษ์เพชร,105120,105120,100.0,105120,0,2022-01-01,2022-12-31 23:55:00,flood,0.0,False
flood,2022,FL.LSI.03,ถ.แจ้งวัฒนะ หน้าศาลปกครองกลาง,105120,105120,100.0,105120,0,2022-01-01,2022-12-31 23:55:00,flood,18.405,False
flood,2022,FL.LSI.04,ถ.แจ้งวัฒนะขาเข้า (โลตัส),105120,105120,100.0,105120,0,2022-01-01,2022-12-31 23:55:00,flood,0.0,False
flood,2022,FL.LSI.05,ถ.แจ้งวัฒนะขาออก (มทบ. 11),105120,105120,100.0,105120,0,2022-01-01,2022-12-31 23:55:00,flood,0.0,False
flood,2022,FL.LSI.06,ถ.งามวงศ์วาน ซอยชินเขต,105120,105120,100.0,105120,0,2022-01-01,2022-12-31 23:55:00,flood,0.0,False
flood,2022,FL.MBR.01,ถ.สุวินทวงศ์ ช่วงแยกไปรษณีย์มีนบุรี,105120,105120,100.0,105120,0,2022-01-01,2022-12-31 23:55:00,flood,4.84,False
flood,2022,FL.PKN.01,ถ.สุขุมวิท ช่วงซอยสุขุมวิท 62,105120,105120,100.0,105120,0,2022-01-01,2022-12-31 23:55:00,flood,0.0,False
flood,2022,FL.PNK.02,ถ.วิสุทธิ์กษัตริย์  หน้าวัดอินทรวิหาร,105120,105120,100.0,105120,0,2022-01-01,2022-12-31 23:55:00,flood,0.0,False
flood,2022,FL.PPS.01,ถ.หลานหลวง หน้าธนาคารกรุงไทย,105120,105120,100.0,105120,0,2022-01-01,2022-12-31 23:55:00,flood,0.0,False
flood,2022,FL.PPS.02,ถ.หลวง ช่วงวัดเทพศิรินทราวาส,105120,105120,100.0,105120,0,2022-01-01,2022-12-31 23:55:00,flood,0.0,False
flood,2022,FL.PTW.01,ถ.พระรามที่ 1 ช่วงสนามกีฬาแห่งชาติ,105120,105120,100.0,105120,0,2022-01-01,2022-12-31 23:55:00,flood,0.0,False
flood,2022,FL.PTW.02,ถ.พญาไท ช่วงมาบุญครอง,105120,105120,100.0,105120,0,2022-01-01,2022-12-31 23:55:00,flood,0.0,False
flood,2022,FL.PTW.03,ถ.พระรามที่ 1 ช่วงวัดปทุมวนาราม,105120,105120,100.0,105120,0,2022-01-01,2022-12-31 23:55:00,flood,6.707,False
flood,2022,FL.PTW.04,ถ.พระรามที่ 4 หน้าวัน แบงค็อก,105120,105120,100.0,105120,0,2022-01-01,2022-12-31 23:55:00,flood,27.297,False
flood,2022,FL.PTW.05,ถ.ราชดำริ หน้าโรงพยาบาลตำรวจ,105120,105120,100.0,105120,0,2022-01-01,2022-12-31 23:55:00,flood,0.0,False
flood,2022,FL.PWT.01,ถ.ศรีนครินทร์ ช่วงซีคอนสแควร์,105120,105120,100.0,105120,0,2022-01-01,2022-12-31 23:55:00,flood,0.0,False
flood,2022,FL.PWT.02,ถ.เฉลิมพระเกียรติ ร.9 ช่วงแยกศรีอุดม,105120,105120,100.0,105120,0,2022-01-01,2022-12-31 23:55:00,flood,0.0,False
flood,2022,FL.PYT.01,ถ.พหลโยธิน ช่วงหน้าสนามเป้า,105120,105120,100.0,105120,0,2022-01-01,2022-12-31 23:55:00,flood,0.0,False
flood,2022,FL.PYT.02,ถ.พหลโยธิน ช่วงสะพานควาย,105120,105120,100.0,105120,0,2022-01-01,2022-12-31 23:55:00,flood,0.604,False
flood,2022,FL.PYT.03,ถ.พระราม6 ช่วงทางด่วน,105120,105120,100.0,105120,0,2022-01-01,2022-12-31 23:55:00,flood,0.0,False
flood,2022,FL.PYT.04,ถ.สุทธิสารวินิจฉัย ซอย 19,105120,105120,100.0,105120,0,2022-01-01,2022-12-31 23:55:00,flood,0.0,False
flood,2022,FL.PYT.05,ถ.พหลโยธิน ช่วงซอยสายลม,105120,105120,100.0,105120,0,2022-01-01,2022-12-31 23:55:00,flood,0.0,False
flood,2022,FL.PYT.06,ถ.ประดิพัทธ์ ช่วงสะพานควาย,105120,105120,100.0,105120,0,2022-01-01,2022-12-31 23:55:00,flood,0.0,False
flood,2022,FL.PYT.07,ถ.พหลโยธิน  ช่วงห้างบิ๊กซีสะพานควาย,105120,105120,100.0,105120,0,2022-01-01,2022-12-31 23:55:00,flood,0.0,False
flood,2022,FL.RTW.01,ถ.ศรีอยุธยา ช่วงถนนพญาไท,105120,105120,100.0,105120,0,2022-01-01,2022-12-31 23:55:00,flood,0.0,False
flood,2022,FL.RTW.02,ถ.เพชรบุรี ช่วงหน้าดอนบอสโก,105120,105120,100.0,105120,0,2022-01-01,2022-12-31 23:55:00,flood,0.0,False
flood,2022,FL.RTW.03,ถ.เพชรบุรี ช่วงหน้าเมโทร,105120,105120,100.0,105120,0,2022-01-01,2022-12-31 23:55:00,flood,0.0,False
flood,2022,FL.RTW.04,ถ.พญาไท ช่วงกรมปศุสัตว์,105120,105120,100.0,105120,0,2022-01-01,2022-12-31 23:55:00,flood,0.0,False
flood,2022,FL.RTW.05,ถ.พระรามที่ 6 ช่วงตลาดประแจจีน,105120,105120,100.0,105120,0,2022-01-01,2022-12-31 23:55:00,flood,0.0,False
flood,2022,FL.RTW.06,ถ.ราชวิถี ช่วงสวนสันติภาพ,105120,105120,100.0,105120,0,2022-01-01,2022-12-31 23:55:00,flood,0.0,False
flood,2022,FL.RTW.07,ถ.ศรีอยุธยา ช่วงโรงเรียนสันติราษฏร์วิทยาลัย,105120,105120,100.0,105120,0,2022-01-01,2022-12-31 23:55:00,flood,0.0,False
flood,2022,FL.RTW.08,ถ.นิคมมักกะสัน แยกราชปรารภ,105120,105120,100.0,105120,0,2022-01-01,2022-12-31 23:55:00,flood,0.0,False
flood,2022,FL.RTW.09,ถ.บรรทัดทอง ช่วงถนนเพชรบุรี,105120,105120,100.0,105120,0,2022-01-01,2022-12-31 23:55:00,flood,0.0,False
flood,2022,FL.RTW.10,ถ.ศรีอยุธยา ช่วงโรงเรียนศรีอยุธยา,105120,105120,100.0,105120,0,2022-01-01,2022-12-31 23:55:00,flood,0.0,False
flood,2022,FL.SLG.01,ถ.พัฒนาการ แยกศรีนครินทร์,105120,105120,100.0,105120,0,2022-01-01,2022-12-31 23:55:00,flood,0.0,False
flood,2022,FL.SLG.02,ถ.รามคำแหง ซอย 3,105120,105120,100.0,105120,0,2022-01-01,2022-12-31 23:55:00,flood,0.0,False
flood,2022,FL.SLG.03,"""ถ.พัฒนาการ ช่วงธนาคารกรุงไทย """,105120,105120,100.0,105120,0,2022-01-01,2022-12-31 23:55:00,flood,0.0,False
flood,2022,FL.SMI.01,ถ.พหลโยธิน ช่วงซอยพหลโยธิน 60/1,105120,105120,100.0,105120,0,2022-01-01,2022-12-31 23:55:00,flood,0.0,False
flood,2022,FL.SPW.01,ถ.เจริญกรุง แยกแปลงนาม,105120,105120,100.0,105120,0,2022-01-01,2022-12-31 23:55:00,flood,0.0,False
flood,2022,FL.SPW.02,ถ.เยาวราช ช่วงแยกราชวงศ์,105120,105120,100.0,105120,0,2022-01-01,2022-12-31 23:55:00,flood,0.0,False
flood,2022,FL.STN.01,ถ.จันทน์ ซอย 28/2,105120,105120,100.0,105120,0,2022-01-01,2022-12-31 23:55:00,flood,0.0,False
flood,2022,FL.STN.02,ถ.เซนต์หลุยส์ 3,105120,105120,100.0,105120,0,2022-01-01,2022-12-31 23:55:00,flood,0.0,False
flood,2022,FL.STN.03,ถ.สาธุประดิษฐ์ ซอย 2,105120,105120,100.0,105120,0,2022-01-01,2022-12-31 23:55:00,flood,0.0,False
flood,2022,FL.STN.04,ถ.สวนพลู ช่วงตลาดสวนพลู,105120,105120,100.0,105120,0,2022-01-01,2022-12-31 23:55:00,flood,6.475,False
flood,2022,FL.WTL.01,ถ.ลาดพร้าว ช่วงตัดถนนประดิษฐ์มนูธรรม,105120,105120,100.0,105120,0,2022-01-01,2022-12-31 23:55:00,flood,0.0,False
flood,2022,FL.WTL.02,ถ.ลาดพร้าว ช่วงซอยลาดพร้าว 89,105120,105120,100.0,105120,0,2022-01-01,2022-12-31 23:55:00,flood,0.0,False
flood,2022,FL.WTL.03,ซ.รามคำแหง 43/1,105120,105120,100.0,105120,0,2022-01-01,2022-12-31 23:55:00,flood,0.0,False
flood,2022,FL.WTL.04,ซ.รามคำแหง 65 (ซอยมหาดไทย),105120,105120,100.0,105120,0,2022-01-01,2022-12-31 23:55:00,flood,0.0,False
flood,2022,FL.WTN.01,ซ.สุขุมวิท 39 (ซอยพร้อมพงษ์),105120,105120,100.0,105120,0,2022-01-01,2022-12-31 23:55:00,flood,0.0,False
flood,2022,FL.WTN.02,ถ.อโศกมนตรี ช่วงแยกชิโนไทย,105120,105120,100.0,105120,0,2022-01-01,2022-12-31 23:55:00,flood,0.0,False
flood,2023,FL.BBN.01,ถ.เอกชัย ช่วงห้างบิ๊กซีบางบอน,105120,105120,100.0,105120,0,2023-01-01,2023-12-31 23:55:00,flood,0.0,False
flood,2023,FL.BBN.02,ถ.เอกชัย ซอย 60,105120,105120,100.0,105120,0,2023-01-01,2023-12-31 23:55:00,flood,0.0,False
flood,2023,FL.BKA.01,ถ.พหลโยธิน ช่วงวงเวียนบางเขน,105120,105120,100.0,105120,0,2023-01-01,2023-12-31 23:55:00,flood,75.342,True
flood,2023,FL.BKA.02,ถ.พหลโยธิน ช่วงซอยพหลโยธิน 55/1,105120,105120,100.0,105120,0,2023-01-01,2023-12-31 23:55:00,flood,58.818,True
flood,2023,FL.BKE.01,ถ.เพชรเกษม แยกวงแหวนกาญจนาภิเษก,105120,105120,100.0,105120,0,2023-01-01,2023-12-31 23:55:00,flood,0.008,False
flood,2023,FL.BKE.02,ถ.เพชรเกษม ช่วงซอยวัดม่วง,105120,105120,100.0,105120,0,2023-01-01,2023-12-31 23:55:00,flood,0.006,False
flood,2023,FL.BKL.01,ถ.เจริญกรุง ช่วงวัดราชสิงขร,105120,105120,100.0,105120,0,2023-01-01,2023-12-31 23:55:00,flood,100.0,True
flood,2023,FL.BKM.01,ถ.นวมินทร์ ช่วงซอย 46 (สันติอโศก),105120,105120,100.0,105120,0,2023-01-01,2023-12-31 23:55:00,flood,0.003,False
flood,2023,FL.BKM.02,ถ.นวมินทร์ ช่วงซอย 135,105120,105120,100.0,105120,0,2023-01-01,2023-12-31 23:55:00,flood,0.007,False
flood,2023,FL.BKN.01,ถ.อิสรภาพ ช่วงตลาดพรานนก,105120,105120,100.0,105120,0,2023-01-01,2023-12-31 23:55:00,flood,0.014,False
flood,2023,FL.BKN.02,ถ.บรมราชชนนี ช่วงสายใต้,105120,105120,100.0,105120,0,2023-01-01,2023-12-31 23:55:00,flood,0.007,False
flood,2023,FL.BKP.01,ถ.ลาดพร้าว แม็คโคร,105120,105120,100.0,105120,0,2023-01-01,2023-12-31 23:55:00,flood,0.009,False
flood,2023,FL.BKP.02,ถ.ศรีนครินทร์ หน้าบริษัทกรีนสปอร์ต,105120,105120,100.0,105120,0,2023-01-01,2023-12-31 23:55:00,flood,0.0,False
flood,2023,FL.BKT.01,ถ.บางขุนเทียน ชายทะเล ช่วงถ.พระรามที่ 2,105120,105120,100.0,105120,0,2023-01-01,2023-12-31 23:55:00,flood,0.0,False
flood,2023,FL.BNA.01,ถ.สุขุมวิท ช่วงกรมอุตุนิยมวิทยา,105120,105120,100.0,105120,0,2023-01-01,2023-12-31 23:55:00,flood,0.0,False
flood,2023,FL.BNA.02,ถ.ศรีนครินทร์ ช่วงวัดศรีเอี่ยม,105120,105120,100.0,105120,0,2023-01-01,2023-12-31 23:55:00,flood,0.0,False
flood,2023,FL.BNA.03,ถ.สุขุมวิท ช่วงแยกบางนา,105120,105120,100.0,105120,0,2023-01-01,2023-12-31 23:55:00,flood,0.0,False
flood,2023,FL.BNA.04,ถ.สุขุมวิท ช่วงแบริ่ง,105120,105120,100.0,105120,0,2023-01-01,2023-12-31 23:55:00,flood,0.0,False
flood,2023,FL.BNA.05,ถ.อุดมสุข ช่วงซอยอุดมสุข 1,105120,105120,100.0,105120,0,2023-01-01,2023-12-31 23:55:00,flood,53.02,True
flood,2023,FL.BRK.01,ถ.สุรวงศ์ ช่วงทางด่วน,105120,105120,100.0,105120,0,2023-01-01,2023-12-31 23:55:00,flood,0.0,False
flood,2023,FL.BRK.02,ถ.สีลม ช่วงถนนคอนแวนต์,105120,105120,100.0,105120,0,2023-01-01,2023-12-31 23:55:00,flood,0.01,False
flood,2023,FL.BSU.01,ถ.ประชาราษฏร์ แยกเตาปูน,105120,105120,100.0,105120,0,2023-01-01,2023-12-31 23:55:00,flood,0.001,False
flood,2023,FL.CTC.01,ถ.รัชดาภิเษก ช่วงแยกลาดพร้าว (หน้าธนาคารกรุงเทพ),105120,105120,100.0,105120,0,2023-01-01,2023-12-31 23:55:00,flood,0.0,False
flood,2023,FL.CTC.02,ถ.กำแพงเพชร 3,105120,105120,100.0,105120,0,2023-01-01,2023-12-31 23:55:00,flood,0.0,False
flood,2023,FL.CTC.03,ถ.พหลโยธิน ช่วงแยกเกษตร,105120,105120,100.0,105120,0,2023-01-01,2023-12-31 23:55:00,flood,0.0,False
flood,2023,FL.CTC.04,ถ.เทศบาลสงเคราะห์ ช่วงตลาดประชานิเวศน์,105120,105120,100.0,105120,0,2023-01-01,2023-12-31 23:55:00,flood,14.958,False
flood,2023,FL.CTC.05,ถ.พหลโยธิน หน้ากรมการขนส่งทางบก,105120,105120,100.0,105120,0,2023-01-01,2023-12-31 23:55:00,flood,0.828,False
flood,2023,FL.CTC.06,ถ.งามวงศ์วาน ช่วงแยกเกษตร,105120,105120,100.0,105120,0,2023-01-01,2023-12-31 23:55:00,flood,0.0,False
flood,2023,FL.CTC.07,ซ.เสนานิคม,105120,105120,100.0,105120,0,2023-01-01,2023-12-31 23:55:00,flood,0.0,False
flood,2023,FL.DDG.01,ถ.รัชดาภิเษก ช่วงแยกเทียมร่วมมิตร,105120,105120,100.0,105120,0,2023-01-01,2023-12-31 23:55:00,flood,0.0,False
flood,2023,FL.DDG.02,ถ.ประชาสงเคราะห์ ตลาดห้วยขวาง,105120,105120,100.0,105120,0,2023-01-01,2023-12-31 23:55:00,flood,0.0,False
flood,2023,FL.DDG.03,ถ.ดินแดง ซอยสุทธิพร 2,105120,105120,100.0,105120,0,2023-01-01,2023-12-31 23:55:00,flood,0.0,False
flood,2023,FL.DDG.04,ถ.รัชดาภิเษก ช่วงคลองบางซื่อ,105120,105120,100.0,105120,0,2023-01-01,2023-12-31 23:55:00,flood,0.0,False
flood,2023,FL.DDG.05,ถ.รัชดาภิเษก สถานฑูตจีน,105120,105120,100.0,105120,0,2023-01-01,2023-12-31 23:55:00,flood,0.0,False
flood,2023,FL.DDG.06,ถ.ประชาสุข ซ.อินทามระ 53,105120,105120,100.0,105120,0,2023-01-01,2023-12-31 23:55:00,flood,0.0,False
flood,2023,FL.DDG.07,ถ.วิภาวดี(ขาออก) ช่วงกรมทหารราบที่ 1,105120,105120,100.0,105120,0,2023-01-01,2023-12-31 23:55:00,flood,0.0,False
flood,2023,FL.DDG.08,ถ.ดินแดง ช่วงโรงเรียนพิบูลประชาสรรค์,105120,105120,100.0,105120,0,2023-01-01,2023-12-31 23:55:00,flood,0.0,False
flood,2023,FL.DST.01,ถ.พิษณุโลก ช่วงบ้านพิษณุโลก,105120,105120,100.0,105120,0,2023-01-01,2023-12-31 23:55:00,flood,75.866,True
flood,2023,FL.DST.02,ถ.สามเสน ช่วงแยกเกียกกาย,105120,105120,100.0,105120,0,2023-01-01,2023-12-31 23:55:00,flood,100.0,True
flood,2023,FL.DST.03,ถ.ศรีอยุธยา ลานพระราชวังดุสิต,105120,105120,100.0,105120,0,2023-01-01,2023-12-31 23:55:00,flood,0.0,False
flood,2023,FL.DST.04,ถ.ราชสีมา แยกอู่ทองนอก,105120,105120,100.0,105120,0,2023-01-01,2023-12-31 23:55:00,flood,0.0,False
flood,2023,FL.DST.05,ถ.นครไชยศรี (กรมสรรพสามิต),105120,105120,100.0,105120,0,2023-01-01,2023-12-31 23:55:00,flood,67.117,True
flood,2023,FL.DST.06,ถ.ราชวิถี เชิงสะพานกรุงธนบุรี,105120,105120,100.0,105120,0,2023-01-01,2023-12-31 23:55:00,flood,0.0,False
flood,2023,FL.DST.07,ถ.นครไชยศรี ช่วงตลาดศรีย่าน,105120,105120,100.0,105120,0,2023-01-01,2023-12-31 23:55:00,flood,0.0,False
flood,2023,FL.DST.08,ถ.ราชวิถี หน้ามหาวิทยาลัยสวนดุสิต,105120,105120,100.0,105120,0,2023-01-01,2023-12-31 23:55:00,flood,0.001,False
flood,2023,FL.HKG.01,ถ.เพชรบุรีตัดใหม่ ช่วงสิงห์คอมเพล็กซ์,105120,105120,100.0,105120,0,2023-01-01,2023-12-31 23:55:00,flood,0.002,False
flood,2023,FL.JTG.01,ถ.จอมทอง ช่วงแยกจอมทอง,105120,105120,100.0,105120,0,2023-01-01,2023-12-31 23:55:00,flood,0.0,False
flood,2023,FL.KSN.01,ถ.ลาดหญ้า วงเวียนใหญ่,105120,105120,100.0,105120,0,2023-01-01,2023-12-31 23:55:00,flood,0.0,False
flood,2023,FL.KTY.01,ถ.พระรามที่ 3 ช่วงตลาดฮ่องกง-ปีนัง,105120,105120,100.0,105120,0,2023-01-01,2023-12-31 23:55:00,flood,0.0,False
flood,2023,FL.KTY.02,ซ.สุขุมวิท 22 (ด้านถนนพระรามที่ 4),105120,105120,100.0,105120,0,2023-01-01,2023-12-31 23:55:00,flood,0.0,False
flood,2023,FL.KTY.03,ถ.พระราม 3 ช่วงทางรถไฟ,105120,105120,100.0,105120,0,2023-01-01,2023-12-31 23:55:00,flood,0.0,False
flood,2023,FL.KTY.04,ถ.พระราม 4 ช่วงกล้วยน้ำไท,105120,105120,100.0,105120,0,2023-01-01,2023-12-31 23:55:00,flood,0.0,False
flood,2023,FL.KTY.05,ถ.สุนทรโกษา แยก ณ ระนอง,105120,105120,100.0,105120,0,2023-01-01,2023-12-31 23:55:00,flood,0.001,False
flood,2023,FL.LSI.01,ซ.แจ้งวัฒนะ 14,105120,105120,100.0,105120,0,2023-01-01,2023-12-31 23:55:00,flood,100.0,True
flood,2023,FL.LSI.02,ถ.งามวงศ์วาน แยกพงษ์เพชร,105120,105120,100.0,105120,0,2023-01-01,2023-12-31 23:55:00,flood,0.0,False
flood,2023,FL.LSI.03,ถ.แจ้งวัฒนะ หน้าศาลปกครองกลาง,105120,105120,100.0,105120,0,2023-01-01,2023-12-31 23:55:00,flood,100.0,True
flood,2023,FL.LSI.04,ถ.แจ้งวัฒนะขาเข้า (โลตัส),105120,105120,100.0,105120,0,2023-01-01,2023-12-31 23:55:00,flood,0.0,False
flood,2023,FL.LSI.05,ถ.แจ้งวัฒนะขาออก (มทบ. 11),105120,105120,100.0,105120,0,2023-01-01,2023-12-31 23:55:00,flood,0.0,False
flood,2023,FL.LSI.06,ถ.งามวงศ์วาน ซอยชินเขต,105120,105120,100.0,105120,0,2023-01-01,2023-12-31 23:55:00,flood,0.001,False
flood,2023,FL.MBR.01,ถ.สุวินทวงศ์ ช่วงแยกไปรษณีย์มีนบุรี,105120,105120,100.0,105120,0,2023-01-01,2023-12-31 23:55:00,flood,0.0,False
flood,2023,FL.PKN.01,ถ.สุขุมวิท ช่วงซอยสุขุมวิท 62,105120,105120,100.0,105120,0,2023-01-01,2023-12-31 23:55:00,flood,0.0,False
flood,2023,FL.PNK.02,ถ.วิสุทธิ์กษัตริย์  หน้าวัดอินทรวิหาร,105120,105120,100.0,105120,0,2023-01-01,2023-12-31 23:55:00,flood,0.0,False
flood,2023,FL.PPS.01,ถ.หลานหลวง หน้าธนาคารกรุงไทย,105120,105120,100.0,105120,0,2023-01-01,2023-12-31 23:55:00,flood,0.0,False
flood,2023,FL.PPS.02,ถ.หลวง ช่วงวัดเทพศิรินทราวาส,105120,105120,100.0,105120,0,2023-01-01,2023-12-31 23:55:00,flood,0.0,False
flood,2023,FL.PTW.01,ถ.พระรามที่ 1 ช่วงสนามกีฬาแห่งชาติ,105120,105120,100.0,105120,0,2023-01-01,2023-12-31 23:55:00,flood,0.0,False
flood,2023,FL.PTW.02,ถ.พญาไท ช่วงมาบุญครอง,105120,105120,100.0,105120,0,2023-01-01,2023-12-31 23:55:00,flood,0.0,False
flood,2023,FL.PTW.03,ถ.พระรามที่ 1 ช่วงวัดปทุมวนาราม,105120,105120,100.0,105120,0,2023-01-01,2023-12-31 23:55:00,flood,0.0,False
flood,2023,FL.PTW.04,ถ.พระรามที่ 4 หน้าวัน แบงค็อก,105120,105120,100.0,105120,0,2023-01-01,2023-12-31 23:55:00,flood,100.0,True
flood,2023,FL.PTW.05,ถ.ราชดำริ หน้าโรงพยาบาลตำรวจ,105120,105120,100.0,105120,0,2023-01-01,2023-12-31 23:55:00,flood,0.0,False
flood,2023,FL.PWT.01,ถ.ศรีนครินทร์ ช่วงซีคอนสแควร์,105120,105120,100.0,105120,0,2023-01-01,2023-12-31 23:55:00,flood,0.0,False
flood,2023,FL.PWT.02,ถ.เฉลิมพระเกียรติ ร.9 ช่วงแยกศรีอุดม,105120,105120,100.0,105120,0,2023-01-01,2023-12-31 23:55:00,flood,56.332,True
flood,2023,FL.PYT.01,ถ.พหลโยธิน ช่วงหน้าสนามเป้า,105120,105120,100.0,105120,0,2023-01-01,2023-12-31 23:55:00,flood,0.0,False
flood,2023,FL.PYT.02,ถ.พหลโยธิน ช่วงสะพานควาย,105120,105120,100.0,105120,0,2023-01-01,2023-12-31 23:55:00,flood,12.004,False
flood,2023,FL.PYT.03,ถ.พระราม6 ช่วงทางด่วน,105120,105120,100.0,105120,0,2023-01-01,2023-12-31 23:55:00,flood,0.0,False
flood,2023,FL.PYT.04,ถ.สุทธิสารวินิจฉัย ซอย 19,105120,105120,100.0,105120,0,2023-01-01,2023-12-31 23:55:00,flood,0.0,False
flood,2023,FL.PYT.05,ถ.พหลโยธิน ช่วงซอยสายลม,105120,105120,100.0,105120,0,2023-01-01,2023-12-31 23:55:00,flood,0.0,False
flood,2023,FL.PYT.06,ถ.ประดิพัทธ์ ช่วงสะพานควาย,105120,105120,100.0,105120,0,2023-01-01,2023-12-31 23:55:00,flood,0.0,False
flood,2023,FL.PYT.07,ถ.พหลโยธิน  ช่วงห้างบิ๊กซีสะพานควาย,105120,105120,100.0,105120,0,2023-01-01,2023-12-31 23:55:00,flood,0.0,False
flood,2023,FL.RTW.01,ถ.ศรีอยุธยา ช่วงถนนพญาไท,105120,105120,100.0,105120,0,2023-01-01,2023-12-31 23:55:00,flood,0.0,False
flood,2023,FL.RTW.02,ถ.เพชรบุรี ช่วงหน้าดอนบอสโก,105120,105120,100.0,105120,0,2023-01-01,2023-12-31 23:55:00,flood,0.0,False
flood,2023,FL.RTW.03,ถ.เพชรบุรี ช่วงหน้าเมโทร,105120,105120,100.0,105120,0,2023-01-01,2023-12-31 23:55:00,flood,0.001,False
flood,2023,FL.RTW.04,ถ.พญาไท ช่วงกรมปศุสัตว์,105120,105120,100.0,105120,0,2023-01-01,2023-12-31 23:55:00,flood,0.0,False
flood,2023,FL.RTW.05,ถ.พระรามที่ 6 ช่วงตลาดประแจจีน,105120,105120,100.0,105120,0,2023-01-01,2023-12-31 23:55:00,flood,0.0,False
flood,2023,FL.RTW.06,ถ.ราชวิถี ช่วงสวนสันติภาพ,105120,105120,100.0,105120,0,2023-01-01,2023-12-31 23:55:00,flood,0.0,False
flood,2023,FL.RTW.07,ถ.ศรีอยุธยา ช่วงโรงเรียนสันติราษฏร์วิทยาลัย,105120,105120,100.0,105120,0,2023-01-01,2023-12-31 23:55:00,flood,0.0,False
flood,2023,FL.RTW.08,ถ.นิคมมักกะสัน แยกราชปรารภ,105120,105120,100.0,105120,0,2023-01-01,2023-12-31 23:55:00,flood,0.0,False
flood,2023,FL.RTW.09,ถ.บรรทัดทอง ช่วงถนนเพชรบุรี,105120,105120,100.0,105120,0,2023-01-01,2023-12-31 23:55:00,flood,0.0,False
flood,2023,FL.RTW.10,ถ.ศรีอยุธยา ช่วงโรงเรียนศรีอยุธยา,105120,105120,100.0,105120,0,2023-01-01,2023-12-31 23:55:00,flood,0.0,False
flood,2023,FL.RTW.11,ถ.พระรามที่ 6 ช่วงพิพิธภัณฑ์กรมทางหลวง,105120,105120,100.0,105120,0,2023-01-01,2023-12-31 23:55:00,flood,49.465,False
flood,2023,FL.RTW.12,ถ.พระรามที่ 6 ช่วงกองการพัสดุ กรมทางหลวง,105120,105120,100.0,105120,0,2023-01-01,2023-12-31 23:55:00,flood,49.443,False
flood,2023,FL.SLG.01,ถ.พัฒนาการ แยกศรีนครินทร์,105120,105120,100.0,105120,0,2023-01-01,2023-12-31 23:55:00,flood,0.0,False
flood,2023,FL.SLG.02,ถ.รามคำแหง ซอย 3,105120,105120,100.0,105120,0,2023-01-01,2023-12-31 23:55:00,flood,0.0,False
flood,2023,FL.SLG.03,"""ถ.พัฒนาการ ช่วงธนาคารกรุงไทย """,105120,105120,100.0,105120,0,2023-01-01,2023-12-31 23:55:00,flood,0.0,False
flood,2023,FL.SMI.01,ถ.พหลโยธิน ช่วงซอยพหลโยธิน 60/1,105120,105120,100.0,105120,0,2023-01-01,2023-12-31 23:55:00,flood,0.0,False
flood,2023,FL.SPW.01,ถ.เจริญกรุง แยกแปลงนาม,105120,105120,100.0,105120,0,2023-01-01,2023-12-31 23:55:00,flood,0.0,False
flood,2023,FL.SPW.02,ถ.เยาวราช ช่วงแยกราชวงศ์,105120,105120,100.0,105120,0,2023-01-01,2023-12-31 23:55:00,flood,0.0,False
flood,2023,FL.STN.01,ถ.จันทน์ ซอย 28/2,105120,105120,100.0,105120,0,2023-01-01,2023-12-31 23:55:00,flood,0.0,False
flood,2023,FL.STN.02,ถ.เซนต์หลุยส์ 3,105120,105120,100.0,105120,0,2023-01-01,2023-12-31 23:55:00,flood,0.293,False
flood,2023,FL.STN.03,ถ.สาธุประดิษฐ์ ซอย 2,105120,105120,100.0,105120,0,2023-01-01,2023-12-31 23:55:00,flood,11.812,False
flood,2023,FL.STN.04,ถ.สวนพลู ช่วงตลาดสวนพลู,105120,105120,100.0,105120,0,2023-01-01,2023-12-31 23:55:00,flood,0.0,False
flood,2023,FL.WTL.01,ถ.ลาดพร้าว ช่วงตัดถนนประดิษฐ์มนูธรรม,105120,105120,100.0,105120,0,2023-01-01,2023-12-31 23:55:00,flood,0.01,False
flood,2023,FL.WTL.02,ถ.ลาดพร้าว ช่วงซอยลาดพร้าว 89,105120,105120,100.0,105120,0,2023-01-01,2023-12-31 23:55:00,flood,0.007,False
flood,2023,FL.WTL.03,ซ.รามคำแหง 43/1,105120,105120,100.0,105120,0,2023-01-01,2023-12-31 23:55:00,flood,0.0,False
flood,2023,FL.WTL.04,ซ.รามคำแหง 65 (ซอยมหาดไทย),105120,105120,100.0,105120,0,2023-01-01,2023-12-31 23:55:00,flood,0.0,False
flood,2023,FL.WTN.01,ซ.สุขุมวิท 39 (ซอยพร้อมพงษ์),105120,105120,100.0,105120,0,2023-01-01,2023-12-31 23:55:00,flood,0.0,False
flood,2023,FL.WTN.02,ถ.อโศกมนตรี ช่วงแยกชิโนไทย,105120,105120,100.0,105120,0,2023-01-01,2023-12-31 23:55:00,flood,0.008,False
flood,2023,FL.WTN.03,ถ.สุขุมวิท 71 ช่วงซอยปรีดีพนมยงค์ 20,105120,105120,100.0,105120,0,2023-01-01,2023-12-31 23:55:00,flood,56.858,True
flood,2024,FL.BBN.01,ถ.เอกชัย ช่วงห้างบิ๊กซีบางบอน,105408,105408,100.0,105408,0,2024-01-01,2024-12-31 23:55:00,flood,0.0,False
flood,2024,FL.BBN.02,ถ.เอกชัย ซอย 60,105408,105408,100.0,105408,0,2024-01-01,2024-12-31 23:55:00,flood,0.0,False
flood,2024,FL.BKA.01,ถ.พหลโยธิน ช่วงวงเวียนบางเขน,105408,105408,100.0,105408,0,2024-01-01,2024-12-31 23:55:00,flood,100.0,True
flood,2024,FL.BKA.02,ถ.พหลโยธิน ช่วงซอยพหลโยธิน 55/1,105408,105408,100.0,105408,0,2024-01-01,2024-12-31 23:55:00,flood,26.19,False
flood,2024,FL.BKE.01,ถ.เพชรเกษม แยกวงแหวนกาญจนาภิเษก,105408,105408,100.0,105408,0,2024-01-01,2024-12-31 23:55:00,flood,0.0,False
flood,2024,FL.BKE.02,ถ.เพชรเกษม ช่วงซอยวัดม่วง,105408,105408,100.0,105408,0,2024-01-01,2024-12-31 23:55:00,flood,0.0,False
flood,2024,FL.BKL.01,ถ.เจริญกรุง ช่วงวัดราชสิงขร,105408,105408,100.0,105408,0,2024-01-01,2024-12-31 23:55:00,flood,100.0,True
flood,2024,FL.BKM.01,ถ.นวมินทร์ ช่วงซอย 46 (สันติอโศก),105408,105408,100.0,105408,0,2024-01-01,2024-12-31 23:55:00,flood,0.0,False
flood,2024,FL.BKM.02,ถ.นวมินทร์ ช่วงซอย 135,105408,105408,100.0,105408,0,2024-01-01,2024-12-31 23:55:00,flood,0.0,False
flood,2024,FL.BKN.01,ถ.อิสรภาพ ช่วงตลาดพรานนก,105408,105408,100.0,105408,0,2024-01-01,2024-12-31 23:55:00,flood,0.0,False
flood,2024,FL.BKN.02,ถ.บรมราชชนนี ช่วงสายใต้,105408,105408,100.0,105408,0,2024-01-01,2024-12-31 23:55:00,flood,0.0,False
flood,2024,FL.BKP.01,ถ.ลาดพร้าว แม็คโคร,105408,105408,100.0,105408,0,2024-01-01,2024-12-31 23:55:00,flood,0.0,False
flood,2024,FL.BKP.02,ถ.ศรีนครินทร์ หน้าบริษัทกรีนสปอร์ต,105408,105408,100.0,105408,0,2024-01-01,2024-12-31 23:55:00,flood,0.0,False
flood,2024,FL.BKT.01,ถ.บางขุนเทียน ชายทะเล ช่วงถ.พระรามที่ 2,105408,105408,100.0,105408,0,2024-01-01,2024-12-31 23:55:00,flood,0.0,False
flood,2024,FL.BNA.01,ถ.สุขุมวิท ช่วงกรมอุตุนิยมวิทยา,105408,105408,100.0,105408,0,2024-01-01,2024-12-31 23:55:00,flood,0.0,False
flood,2024,FL.BNA.02,ถ.ศรีนครินทร์ ช่วงวัดศรีเอี่ยม,105408,105408,100.0,105408,0,2024-01-01,2024-12-31 23:55:00,flood,0.0,False
flood,2024,FL.BNA.03,ถ.สุขุมวิท ช่วงแยกบางนา,105408,105408,100.0,105408,0,2024-01-01,2024-12-31 23:55:00,flood,0.0,False
flood,2024,FL.BNA.04,ถ.สุขุมวิท ช่วงแบริ่ง,105408,105408,100.0,105408,0,2024-01-01,2024-12-31 23:55:00,flood,0.0,False
flood,2024,FL.BNA.05,ถ.อุดมสุข ช่วงซอยอุดมสุข 1,105408,105408,100.0,105408,0,2024-01-01,2024-12-31 23:55:00,flood,0.0,False
flood,2024,FL.BRK.01,ถ.สุรวงศ์ ช่วงทางด่วน,105408,105408,100.0,105408,0,2024-01-01,2024-12-31 23:55:00,flood,0.0,False
flood,2024,FL.BRK.02,ถ.สีลม ช่วงถนนคอนแวนต์,105408,105408,100.0,105408,0,2024-01-01,2024-12-31 23:55:00,flood,0.0,False
flood,2024,FL.BSU.01,ถ.ประชาราษฏร์ แยกเตาปูน,105408,105408,100.0,105408,0,2024-01-01,2024-12-31 23:55:00,flood,0.0,False
flood,2024,FL.CTC.01,ถ.รัชดาภิเษก ช่วงแยกลาดพร้าว (หน้าธนาคารกรุงเทพ),105408,105408,100.0,105408,0,2024-01-01,2024-12-31 23:55:00,flood,0.0,False
flood,2024,FL.CTC.02,ถ.กำแพงเพชร 3,105408,105408,100.0,105408,0,2024-01-01,2024-12-31 23:55:00,flood,0.0,False
flood,2024,FL.CTC.03,ถ.พหลโยธิน ช่วงแยกเกษตร,105408,105408,100.0,105408,0,2024-01-01,2024-12-31 23:55:00,flood,0.0,False
flood,2024,FL.CTC.04,ถ.เทศบาลสงเคราะห์ ช่วงตลาดประชานิเวศน์,105408,105408,100.0,105408,0,2024-01-01,2024-12-31 23:55:00,flood,4.475,False
flood,2024,FL.CTC.05,ถ.พหลโยธิน หน้ากรมการขนส่งทางบก,105408,105408,100.0,105408,0,2024-01-01,2024-12-31 23:55:00,flood,0.0,False
flood,2024,FL.CTC.06,ถ.งามวงศ์วาน ช่วงแยกเกษตร,105408,105408,100.0,105408,0,2024-01-01,2024-12-31 23:55:00,flood,0.0,False
flood,2024,FL.CTC.07,ซ.เสนานิคม,105408,105408,100.0,105408,0,2024-01-01,2024-12-31 23:55:00,flood,0.0,False
flood,2024,FL.DDG.01,ถ.รัชดาภิเษก ช่วงแยกเทียมร่วมมิตร,105408,105408,100.0,105408,0,2024-01-01,2024-12-31 23:55:00,flood,0.0,False
flood,2024,FL.DDG.02,ถ.ประชาสงเคราะห์ ตลาดห้วยขวาง,105408,105408,100.0,105408,0,2024-01-01,2024-12-31 23:55:00,flood,0.0,False
flood,2024,FL.DDG.03,ถ.ดินแดง ซอยสุทธิพร 2,105408,105408,100.0,105408,0,2024-01-01,2024-12-31 23:55:00,flood,0.0,False
flood,2024,FL.DDG.04,ถ.รัชดาภิเษก ช่วงคลองบางซื่อ,105408,105408,100.0,105408,0,2024-01-01,2024-12-31 23:55:00,flood,0.0,False
flood,2024,FL.DDG.05,ถ.รัชดาภิเษก สถานฑูตจีน,105408,105408,100.0,105408,0,2024-01-01,2024-12-31 23:55:00,flood,0.0,False
flood,2024,FL.DDG.06,ถ.ประชาสุข ซ.อินทามระ 53,105408,105408,100.0,105408,0,2024-01-01,2024-12-31 23:55:00,flood,0.0,False
flood,2024,FL.DDG.07,ถ.วิภาวดี(ขาออก) ช่วงกรมทหารราบที่ 1,105408,105408,100.0,105408,0,2024-01-01,2024-12-31 23:55:00,flood,0.0,False
flood,2024,FL.DDG.08,ถ.ดินแดง ช่วงโรงเรียนพิบูลประชาสรรค์,105408,105408,100.0,105408,0,2024-01-01,2024-12-31 23:55:00,flood,0.0,False
flood,2024,FL.DST.01,ถ.พิษณุโลก ช่วงบ้านพิษณุโลก,105408,105408,100.0,105408,0,2024-01-01,2024-12-31 23:55:00,flood,100.0,True
flood,2024,FL.DST.02,ถ.สามเสน ช่วงแยกเกียกกาย,105408,105408,100.0,105408,0,2024-01-01,2024-12-31 23:55:00,flood,100.0,True
flood,2024,FL.DST.03,ถ.ศรีอยุธยา ลานพระราชวังดุสิต,105408,105408,100.0,105408,0,2024-01-01,2024-12-31 23:55:00,flood,0.0,False
flood,2024,FL.DST.04,ถ.ราชสีมา แยกอู่ทองนอก,105408,105408,100.0,105408,0,2024-01-01,2024-12-31 23:55:00,flood,0.0,False
flood,2024,FL.DST.05,ถ.นครไชยศรี (กรมสรรพสามิต),105408,105408,100.0,105408,0,2024-01-01,2024-12-31 23:55:00,flood,100.0,True
flood,2024,FL.DST.06,ถ.ราชวิถี เชิงสะพานกรุงธนบุรี,105408,105408,100.0,105408,0,2024-01-01,2024-12-31 23:55:00,flood,0.0,False
flood,2024,FL.DST.07,ถ.นครไชยศรี ช่วงตลาดศรีย่าน,105408,105408,100.0,105408,0,2024-01-01,2024-12-31 23:55:00,flood,0.0,False
flood,2024,FL.DST.08,ถ.ราชวิถี หน้ามหาวิทยาลัยสวนดุสิต,105408,105408,100.0,105408,0,2024-01-01,2024-12-31 23:55:00,flood,0.0,False
flood,2024,FL.HKG.01,ถ.เพชรบุรีตัดใหม่ ช่วงสิงห์คอมเพล็กซ์,105408,105408,100.0,105408,0,2024-01-01,2024-12-31 23:55:00,flood,0.0,False
flood,2024,FL.JTG.01,ถ.จอมทอง ช่วงแยกจอมทอง,105408,105408,100.0,105408,0,2024-01-01,2024-12-31 23:55:00,flood,0.0,False
flood,2024,FL.KSN.01,ถ.ลาดหญ้า วงเวียนใหญ่,105408,105408,100.0,105408,0,2024-01-01,2024-12-31 23:55:00,flood,0.0,False
flood,2024,FL.KTY.01,ถ.พระรามที่ 3 ช่วงตลาดฮ่องกง-ปีนัง,105408,105408,100.0,105408,0,2024-01-01,2024-12-31 23:55:00,flood,0.0,False
flood,2024,FL.KTY.02,ซ.สุขุมวิท 22 (ด้านถนนพระรามที่ 4),105408,105408,100.0,105408,0,2024-01-01,2024-12-31 23:55:00,flood,0.0,False
flood,2024,FL.KTY.03,ถ.พระราม 3 ช่วงทางรถไฟ,105408,105408,100.0,105408,0,2024-01-01,2024-12-31 23:55:00,flood,0.0,False
flood,2024,FL.KTY.04,ถ.พระราม 4 ช่วงกล้วยน้ำไท,105408,105408,100.0,105408,0,2024-01-01,2024-12-31 23:55:00,flood,0.0,False
flood,2024,FL.KTY.05,ถ.สุนทรโกษา แยก ณ ระนอง,105408,105408,100.0,105408,0,2024-01-01,2024-12-31 23:55:00,flood,0.0,False
flood,2024,FL.LSI.01,ซ.แจ้งวัฒนะ 14,105408,105408,100.0,105408,0,2024-01-01,2024-12-31 23:55:00,flood,100.0,True
flood,2024,FL.LSI.02,ถ.งามวงศ์วาน แยกพงษ์เพชร,105408,105408,100.0,105408,0,2024-01-01,2024-12-31 23:55:00,flood,0.0,False
flood,2024,FL.LSI.03,ถ.แจ้งวัฒนะ หน้าศาลปกครองกลาง,105408,105408,100.0,105408,0,2024-01-01,2024-12-31 23:55:00,flood,7.98,False
flood,2024,FL.LSI.04,ถ.แจ้งวัฒนะขาเข้า (โลตัส),105408,105408,100.0,105408,0,2024-01-01,2024-12-31 23:55:00,flood,0.0,False
flood,2024,FL.LSI.05,ถ.แจ้งวัฒนะขาออก (มทบ. 11),105408,105408,100.0,105408,0,2024-01-01,2024-12-31 23:55:00,flood,0.0,False
flood,2024,FL.LSI.06,ถ.งามวงศ์วาน ซอยชินเขต,105408,105408,100.0,105408,0,2024-01-01,2024-12-31 23:55:00,flood,0.0,False
flood,2024,FL.MBR.01,ถ.สุวินทวงศ์ ช่วงแยกไปรษณีย์มีนบุรี,105408,105408,100.0,105408,0,2024-01-01,2024-12-31 23:55:00,flood,0.0,False
flood,2024,FL.PKN.01,ถ.สุขุมวิท ช่วงซอยสุขุมวิท 62,105408,105408,100.0,105408,0,2024-01-01,2024-12-31 23:55:00,flood,0.0,False
flood,2024,FL.PNK.02,ถ.วิสุทธิ์กษัตริย์  หน้าวัดอินทรวิหาร,105408,105408,100.0,105408,0,2024-01-01,2024-12-31 23:55:00,flood,0.0,False
flood,2024,FL.PPS.01,ถ.หลานหลวง หน้าธนาคารกรุงไทย,105408,105408,100.0,105408,0,2024-01-01,2024-12-31 23:55:00,flood,0.0,False
flood,2024,FL.PPS.02,ถ.หลวง ช่วงวัดเทพศิรินทราวาส,105408,105408,100.0,105408,0,2024-01-01,2024-12-31 23:55:00,flood,0.0,False
flood,2024,FL.PTW.01,ถ.พระรามที่ 1 ช่วงสนามกีฬาแห่งชาติ,105408,105408,100.0,105408,0,2024-01-01,2024-12-31 23:55:00,flood,0.0,False
flood,2024,FL.PTW.02,ถ.พญาไท ช่วงมาบุญครอง,105408,105408,100.0,105408,0,2024-01-01,2024-12-31 23:55:00,flood,0.0,False
flood,2024,FL.PTW.03,ถ.พระรามที่ 1 ช่วงวัดปทุมวนาราม,105408,105408,100.0,105408,0,2024-01-01,2024-12-31 23:55:00,flood,0.0,False
flood,2024,FL.PTW.04,ถ.พระรามที่ 4 หน้าวัน แบงค็อก,105408,105408,100.0,105408,0,2024-01-01,2024-12-31 23:55:00,flood,100.0,True
flood,2024,FL.PTW.05,ถ.ราชดำริ หน้าโรงพยาบาลตำรวจ,105408,105408,100.0,105408,0,2024-01-01,2024-12-31 23:55:00,flood,4.46,False
flood,2024,FL.PWT.01,ถ.ศรีนครินทร์ ช่วงซีคอนสแควร์,105408,105408,100.0,105408,0,2024-01-01,2024-12-31 23:55:00,flood,0.0,False
flood,2024,FL.PWT.02,ถ.เฉลิมพระเกียรติ ร.9 ช่วงแยกศรีอุดม,105408,105408,100.0,105408,0,2024-01-01,2024-12-31 23:55:00,flood,32.628,False
flood,2024,FL.PYT.01,ถ.พหลโยธิน ช่วงหน้าสนามเป้า,105408,105408,100.0,105408,0,2024-01-01,2024-12-31 23:55:00,flood,0.0,False
flood,2024,FL.PYT.02,ถ.พหลโยธิน ช่วงสะพานควาย,105408,105408,100.0,105408,0,2024-01-01,2024-12-31 23:55:00,flood,39.049,False
flood,2024,FL.PYT.03,ถ.พระราม6 ช่วงทางด่วน,105408,105408,100.0,105408,0,2024-01-01,2024-12-31 23:55:00,flood,0.0,False
flood,2024,FL.PYT.04,ถ.สุทธิสารวินิจฉัย ซอย 19,105408,105408,100.0,105408,0,2024-01-01,2024-12-31 23:55:00,flood,0.0,False
flood,2024,FL.PYT.05,ถ.พหลโยธิน ช่วงซอยสายลม,105408,105408,100.0,105408,0,2024-01-01,2024-12-31 23:55:00,flood,0.0,False
flood,2024,FL.PYT.06,ถ.ประดิพัทธ์ ช่วงสะพานควาย,105408,105408,100.0,105408,0,2024-01-01,2024-12-31 23:55:00,flood,0.0,False
flood,2024,FL.PYT.07,ถ.พหลโยธิน  ช่วงห้างบิ๊กซีสะพานควาย,105408,105408,100.0,105408,0,2024-01-01,2024-12-31 23:55:00,flood,0.0,False
flood,2024,FL.RTW.01,ถ.ศรีอยุธยา ช่วงถนนพญาไท,105408,105408,100.0,105408,0,2024-01-01,2024-12-31 23:55:00,flood,0.0,False
flood,2024,FL.RTW.02,ถ.เพชรบุรี ช่วงหน้าดอนบอสโก,105408,105408,100.0,105408,0,2024-01-01,2024-12-31 23:55:00,flood,0.0,False
flood,2024,FL.RTW.03,ถ.เพชรบุรี ช่วงหน้าเมโทร,105408,105408,100.0,105408,0,2024-01-01,2024-12-31 23:55:00,flood,0.0,False
flood,2024,FL.RTW.04,ถ.พญาไท ช่วงกรมปศุสัตว์,105408,105408,100.0,105408,0,2024-01-01,2024-12-31 23:55:00,flood,0.0,False
flood,2024,FL.RTW.05,ถ.พระรามที่ 6 ช่วงตลาดประแจจีน,105408,105408,100.0,105408,0,2024-01-01,2024-12-31 23:55:00,flood,0.0,False
flood,2024,FL.RTW.06,ถ.ราชวิถี ช่วงสวนสันติภาพ,105408,105408,100.0,105408,0,2024-01-01,2024-12-31 23:55:00,flood,0.0,False
flood,2024,FL.RTW.07,ถ.ศรีอยุธยา ช่วงโรงเรียนสันติราษฏร์วิทยาลัย,105408,105408,100.0,105408,0,2024-01-01,2024-12-31 23:55:00,flood,0.0,False
flood,2024,FL.RTW.08,ถ.นิคมมักกะสัน แยกราชปรารภ,105408,105408,100.0,105408,0,2024-01-01,2024-12-31 23:55:00,flood,0.0,False
flood,2024,FL.RTW.09,ถ.บรรทัดทอง ช่วงถนนเพชรบุรี,105408,105408,100.0,105408,0,2024-01-01,2024-12-31 23:55:00,flood,0.0,False
flood,2024,FL.RTW.10,ถ.ศรีอยุธยา ช่วงโรงเรียนศรีอยุธยา,105408,105408,100.0,105408,0,2024-01-01,2024-12-31 23:55:00,flood,0.0,False
flood,2024,FL.RTW.11,ถ.พระรามที่ 6 ช่วงพิพิธภัณฑ์กรมทางหลวง,105408,105408,100.0,105408,0,2024-01-01,2024-12-31 23:55:00,flood,0.0,False
flood,2024,FL.RTW.12,ถ.พระรามที่ 6 ช่วงกองการพัสดุ กรมทางหลวง,105408,105408,100.0,105408,0,2024-01-01,2024-12-31 23:55:00,flood,0.0,False
flood,2024,FL.SLG.01,ถ.พัฒนาการ แยกศรีนครินทร์,105408,105408,100.0,105408,0,2024-01-01,2024-12-31 23:55:00,flood,0.0,False
flood,2024,FL.SLG.02,ถ.รามคำแหง ซอย 3,105408,105408,100.0,105408,0,2024-01-01,2024-12-31 23:55:00,flood,0.0,False
flood,2024,FL.SLG.03,"""ถ.พัฒนาการ ช่วงธนาคารกรุงไทย """,105408,105408,100.0,105408,0,2024-01-01,2024-12-31 23:55:00,flood,0.0,False
flood,2024,FL.SMI.01,ถ.พหลโยธิน ช่วงซอยพหลโยธิน 60/1,105408,105408,100.0,105408,0,2024-01-01,2024-12-31 23:55:00,flood,0.0,False
flood,2024,FL.SPW.01,ถ.เจริญกรุง แยกแปลงนาม,105408,105408,100.0,105408,0,2024-01-01,2024-12-31 23:55:00,flood,0.0,False
flood,2024,FL.SPW.02,ถ.เยาวราช ช่วงแยกราชวงศ์,105408,105408,100.0,105408,0,2024-01-01,2024-12-31 23:55:00,flood,0.0,False
flood,2024,FL.STN.01,ถ.จันทน์ ซอย 28/2,105408,105408,100.0,105408,0,2024-01-01,2024-12-31 23:55:00,flood,0.0,False
flood,2024,FL.STN.02,ถ.เซนต์หลุยส์ 3,105408,105408,100.0,105408,0,2024-01-01,2024-12-31 23:55:00,flood,0.0,False
flood,2024,FL.STN.03,ถ.สาธุประดิษฐ์ ซอย 2,105408,105408,100.0,105408,0,2024-01-01,2024-12-31 23:55:00,flood,0.0,False
flood,2024,FL.STN.04,ถ.สวนพลู ช่วงตลาดสวนพลู,105408,105408,100.0,105408,0,2024-01-01,2024-12-31 23:55:00,flood,0.0,False
flood,2024,FL.WTL.01,ถ.ลาดพร้าว ช่วงตัดถนนประดิษฐ์มนูธรรม,105408,105408,100.0,105408,0,2024-01-01,2024-12-31 23:55:00,flood,0.0,False
flood,2024,FL.WTL.02,ถ.ลาดพร้าว ช่วงซอยลาดพร้าว 89,105408,105408,100.0,105408,0,2024-01-01,2024-12-31 23:55:00,flood,0.0,False
flood,2024,FL.WTL.03,ซ.รามคำแหง 43/1,105408,105408,100.0,105408,0,2024-01-01,2024-12-31 23:55:00,flood,0.0,False
flood,2024,FL.WTL.04,ซ.รามคำแหง 65 (ซอยมหาดไทย),105408,105408,100.0,105408,0,2024-01-01,2024-12-31 23:55:00,flood,0.0,False
flood,2024,FL.WTN.01,ซ.สุขุมวิท 39 (ซอยพร้อมพงษ์),105408,105408,100.0,105408,0,2024-01-01,2024-12-31 23:55:00,flood,42.962,False
flood,2024,FL.WTN.02,ถ.อโศกมนตรี ช่วงแยกชิโนไทย,105408,105408,100.0,105408,0,2024-01-01,2024-12-31 23:55:00,flood,0.931,False
flood,2024,FL.WTN.03,ถ.สุขุมวิท 71 ช่วงซอยปรีดีพนมยงค์ 20,105408,105408,100.0,105408,0,2024-01-01,2024-12-31 23:55:00,flood,18.642,False
flood,2025,FL.BBN.01,ถ.เอกชัย ช่วงห้างบิ๊กซีบางบอน,105120,105120,100.0,105120,0,2025-01-01,2025-12-31 23:55:00,flood,0.0,False
flood,2025,FL.BBN.02,ถ.เอกชัย ซอย 60,105120,105120,100.0,105120,0,2025-01-01,2025-12-31 23:55:00,flood,0.0,False
flood,2025,FL.BKA.01,ถ.พหลโยธิน ช่วงวงเวียนบางเขน,105120,105120,100.0,105120,0,2025-01-01,2025-12-31 23:55:00,flood,100.0,True
flood,2025,FL.BKA.02,ถ.พหลโยธิน ช่วงซอยพหลโยธิน 55/1,105120,105120,100.0,105120,0,2025-01-01,2025-12-31 23:55:00,flood,0.0,False
flood,2025,FL.BKE.01,ถ.เพชรเกษม แยกวงแหวนกาญจนาภิเษก,105120,105120,100.0,105120,0,2025-01-01,2025-12-31 23:55:00,flood,0.001,False
flood,2025,FL.BKE.02,ถ.เพชรเกษม ช่วงซอยวัดม่วง,105120,105120,100.0,105120,0,2025-01-01,2025-12-31 23:55:00,flood,0.0,False
flood,2025,FL.BKL.01,ถ.เจริญกรุง ช่วงวัดราชสิงขร,105120,105120,100.0,105120,0,2025-01-01,2025-12-31 23:55:00,flood,100.0,True
flood,2025,FL.BKM.01,ถ.นวมินทร์ ช่วงซอย 46 (สันติอโศก),105120,105120,100.0,105120,0,2025-01-01,2025-12-31 23:55:00,flood,0.0,False
flood,2025,FL.BKM.02,ถ.นวมินทร์ ช่วงซอย 135,105120,105120,100.0,105120,0,2025-01-01,2025-12-31 23:55:00,flood,0.0,False
flood,2025,FL.BKN.01,ถ.อิสรภาพ ช่วงตลาดพรานนก,105120,105120,100.0,105120,0,2025-01-01,2025-12-31 23:55:00,flood,1.536,False
flood,2025,FL.BKN.02,ถ.บรมราชชนนี ช่วงสายใต้,105120,105120,100.0,105120,0,2025-01-01,2025-12-31 23:55:00,flood,0.0,False
flood,2025,FL.BKP.01,ถ.ลาดพร้าว แม็คโคร,105120,105120,100.0,105120,0,2025-01-01,2025-12-31 23:55:00,flood,0.0,False
flood,2025,FL.BKP.02,ถ.ศรีนครินทร์ หน้าบริษัทกรีนสปอร์ต,105120,105120,100.0,105120,0,2025-01-01,2025-12-31 23:55:00,flood,41.326,False
flood,2025,FL.BKT.01,ถ.บางขุนเทียน ชายทะเล ช่วงถ.พระรามที่ 2,105120,105120,100.0,105120,0,2025-01-01,2025-12-31 23:55:00,flood,0.004,False
flood,2025,FL.BNA.01,ถ.สุขุมวิท ช่วงกรมอุตุนิยมวิทยา,105120,105120,100.0,105120,0,2025-01-01,2025-12-31 23:55:00,flood,0.0,False
flood,2025,FL.BNA.02,ถ.ศรีนครินทร์ ช่วงวัดศรีเอี่ยม,105120,105120,100.0,105120,0,2025-01-01,2025-12-31 23:55:00,flood,0.0,False
flood,2025,FL.BNA.03,ถ.สุขุมวิท ช่วงแยกบางนา,105120,105120,100.0,105120,0,2025-01-01,2025-12-31 23:55:00,flood,0.0,False
flood,2025,FL.BNA.04,ถ.สุขุมวิท ช่วงแบริ่ง,105120,105120,100.0,105120,0,2025-01-01,2025-12-31 23:55:00,flood,0.002,False
flood,2025,FL.BNA.05,ถ.อุดมสุข ช่วงซอยอุดมสุข 1,105120,105120,100.0,105120,0,2025-01-01,2025-12-31 23:55:00,flood,0.0,False
flood,2025,FL.BRK.01,ถ.สุรวงศ์ ช่วงทางด่วน,105120,105120,100.0,105120,0,2025-01-01,2025-12-31 23:55:00,flood,0.0,False
flood,2025,FL.BRK.02,ถ.สีลม ช่วงถนนคอนแวนต์,105120,105120,100.0,105120,0,2025-01-01,2025-12-31 23:55:00,flood,0.0,False
flood,2025,FL.BSU.01,ถ.ประชาราษฏร์ แยกเตาปูน,105120,105120,100.0,105120,0,2025-01-01,2025-12-31 23:55:00,flood,60.3,True
flood,2025,FL.CTC.01,ถ.รัชดาภิเษก ช่วงแยกลาดพร้าว (หน้าธนาคารกรุงเทพ),105120,105120,100.0,105120,0,2025-01-01,2025-12-31 23:55:00,flood,0.0,False
flood,2025,FL.CTC.02,ถ.กำแพงเพชร 3,105120,105120,100.0,105120,0,2025-01-01,2025-12-31 23:55:00,flood,0.0,False
flood,2025,FL.CTC.03,ถ.พหลโยธิน ช่วงแยกเกษตร,105120,105120,100.0,105120,0,2025-01-01,2025-12-31 23:55:00,flood,6.46,False
flood,2025,FL.CTC.04,ถ.เทศบาลสงเคราะห์ ช่วงตลาดประชานิเวศน์,105120,105120,100.0,105120,0,2025-01-01,2025-12-31 23:55:00,flood,0.0,False
flood,2025,FL.CTC.05,ถ.พหลโยธิน หน้ากรมการขนส่งทางบก,105120,105120,100.0,105120,0,2025-01-01,2025-12-31 23:55:00,flood,0.0,False
flood,2025,FL.CTC.06,ถ.งามวงศ์วาน ช่วงแยกเกษตร,105120,105120,100.0,105120,0,2025-01-01,2025-12-31 23:55:00,flood,0.0,False
flood,2025,FL.CTC.07,ซ.เสนานิคม,105120,105120,100.0,105120,0,2025-01-01,2025-12-31 23:55:00,flood,0.0,False
flood,2025,FL.DDG.01,ถ.รัชดาภิเษก ช่วงแยกเทียมร่วมมิตร,105120,105120,100.0,105120,0,2025-01-01,2025-12-31 23:55:00,flood,0.0,False
flood,2025,FL.DDG.02,ถ.ประชาสงเคราะห์ ตลาดห้วยขวาง,105120,105120,100.0,105120,0,2025-01-01,2025-12-31 23:55:00,flood,0.0,False
flood,2025,FL.DDG.03,ถ.ดินแดง ซอยสุทธิพร 2,105120,105120,100.0,105120,0,2025-01-01,2025-12-31 23:55:00,flood,0.0,False
flood,2025,FL.DDG.04,ถ.รัชดาภิเษก ช่วงคลองบางซื่อ,105120,105120,100.0,105120,0,2025-01-01,2025-12-31 23:55:00,flood,0.0,False
flood,2025,FL.DDG.05,ถ.รัชดาภิเษก สถานฑูตจีน,105120,105120,100.0,105120,0,2025-01-01,2025-12-31 23:55:00,flood,0.001,False
flood,2025,FL.DDG.06,ถ.ประชาสุข ซ.อินทามระ 53,105120,105120,100.0,105120,0,2025-01-01,2025-12-31 23:55:00,flood,0.0,False
flood,2025,FL.DDG.07,ถ.วิภาวดี(ขาออก) ช่วงกรมทหารราบที่ 1,105120,105120,100.0,105120,0,2025-01-01,2025-12-31 23:55:00,flood,0.0,False
flood,2025,FL.DDG.08,ถ.ดินแดง ช่วงโรงเรียนพิบูลประชาสรรค์,105120,105120,100.0,105120,0,2025-01-01,2025-12-31 23:55:00,flood,0.0,False
flood,2025,FL.DST.01,ถ.พิษณุโลก ช่วงบ้านพิษณุโลก,105120,105120,100.0,105120,0,2025-01-01,2025-12-31 23:55:00,flood,100.0,True
flood,2025,FL.DST.02,ถ.สามเสน ช่วงแยกเกียกกาย,105120,105120,100.0,105120,0,2025-01-01,2025-12-31 23:55:00,flood,100.0,True
flood,2025,FL.DST.03,ถ.ศรีอยุธยา ลานพระราชวังดุสิต,105120,105120,100.0,105120,0,2025-01-01,2025-12-31 23:55:00,flood,0.001,False
flood,2025,FL.DST.04,ถ.ราชสีมา แยกอู่ทองนอก,105120,105120,100.0,105120,0,2025-01-01,2025-12-31 23:55:00,flood,0.0,False
flood,2025,FL.DST.05,ถ.นครไชยศรี (กรมสรรพสามิต),105120,105120,100.0,105120,0,2025-01-01,2025-12-31 23:55:00,flood,100.0,True
flood,2025,FL.DST.06,ถ.ราชวิถี เชิงสะพานกรุงธนบุรี,105120,105120,100.0,105120,0,2025-01-01,2025-12-31 23:55:00,flood,0.014,False
flood,2025,FL.DST.07,ถ.นครไชยศรี ช่วงตลาดศรีย่าน,105120,105120,100.0,105120,0,2025-01-01,2025-12-31 23:55:00,flood,0.009,False
flood,2025,FL.DST.08,ถ.ราชวิถี หน้ามหาวิทยาลัยสวนดุสิต,105120,105120,100.0,105120,0,2025-01-01,2025-12-31 23:55:00,flood,0.01,False
flood,2025,FL.HKG.01,ถ.เพชรบุรีตัดใหม่ ช่วงสิงห์คอมเพล็กซ์,105120,105120,100.0,105120,0,2025-01-01,2025-12-31 23:55:00,flood,9.753,False
flood,2025,FL.JTG.01,ถ.จอมทอง ช่วงแยกจอมทอง,105120,105120,100.0,105120,0,2025-01-01,2025-12-31 23:55:00,flood,0.024,False
flood,2025,FL.KSN.01,ถ.ลาดหญ้า วงเวียนใหญ่,105120,105120,100.0,105120,0,2025-01-01,2025-12-31 23:55:00,flood,0.0,False
flood,2025,FL.KTY.01,ถ.พระรามที่ 3 ช่วงตลาดฮ่องกง-ปีนัง,105120,105120,100.0,105120,0,2025-01-01,2025-12-31 23:55:00,flood,53.154,True
flood,2025,FL.KTY.02,ซ.สุขุมวิท 22 (ด้านถนนพระรามที่ 4),105120,105120,100.0,105120,0,2025-01-01,2025-12-31 23:55:00,flood,0.0,False
flood,2025,FL.KTY.03,ถ.พระราม 3 ช่วงทางรถไฟ,105120,105120,100.0,105120,0,2025-01-01,2025-12-31 23:55:00,flood,0.0,False
flood,2025,FL.KTY.04,ถ.พระราม 4 ช่วงกล้วยน้ำไท,105120,105120,100.0,105120,0,2025-01-01,2025-12-31 23:55:00,flood,0.0,False
flood,2025,FL.KTY.05,ถ.สุนทรโกษา แยก ณ ระนอง,105120,105120,100.0,105120,0,2025-01-01,2025-12-31 23:55:00,flood,0.0,False
flood,2025,FL.LSI.01,ซ.แจ้งวัฒนะ 14,105120,105120,100.0,105120,0,2025-01-01,2025-12-31 23:55:00,flood,100.0,True
flood,2025,FL.LSI.02,ถ.งามวงศ์วาน แยกพงษ์เพชร,105120,105120,100.0,105120,0,2025-01-01,2025-12-31 23:55:00,flood,0.0,False
flood,2025,FL.LSI.03,ถ.แจ้งวัฒนะ หน้าศาลปกครองกลาง,105120,105120,100.0,105120,0,2025-01-01,2025-12-31 23:55:00,flood,0.002,False
flood,2025,FL.LSI.04,ถ.แจ้งวัฒนะขาเข้า (โลตัส),105120,105120,100.0,105120,0,2025-01-01,2025-12-31 23:55:00,flood,0.0,False
flood,2025,FL.LSI.05,ถ.แจ้งวัฒนะขาออก (มทบ. 11),105120,105120,100.0,105120,0,2025-01-01,2025-12-31 23:55:00,flood,0.0,False
flood,2025,FL.LSI.06,ถ.งามวงศ์วาน ซอยชินเขต,105120,105120,100.0,105120,0,2025-01-01,2025-12-31 23:55:00,flood,0.0,False
flood,2025,FL.MBR.01,ถ.สุวินทวงศ์ ช่วงแยกไปรษณีย์มีนบุรี,105120,105120,100.0,105120,0,2025-01-01,2025-12-31 23:55:00,flood,40.243,False
flood,2025,FL.PKN.01,ถ.สุขุมวิท ช่วงซอยสุขุมวิท 62,105120,105120,100.0,105120,0,2025-01-01,2025-12-31 23:55:00,flood,0.0,False
flood,2025,FL.PNK.02,ถ.วิสุทธิ์กษัตริย์  หน้าวัดอินทรวิหาร,105120,105120,100.0,105120,0,2025-01-01,2025-12-31 23:55:00,flood,0.002,False
flood,2025,FL.PPS.01,ถ.หลานหลวง หน้าธนาคารกรุงไทย,105120,105120,100.0,105120,0,2025-01-01,2025-12-31 23:55:00,flood,0.0,False
flood,2025,FL.PPS.02,ถ.หลวง ช่วงวัดเทพศิรินทราวาส,105120,105120,100.0,105120,0,2025-01-01,2025-12-31 23:55:00,flood,0.0,False
flood,2025,FL.PTW.01,ถ.พระรามที่ 1 ช่วงสนามกีฬาแห่งชาติ,105120,105120,100.0,105120,0,2025-01-01,2025-12-31 23:55:00,flood,0.0,False
flood,2025,FL.PTW.02,ถ.พญาไท ช่วงมาบุญครอง,105120,105120,100.0,105120,0,2025-01-01,2025-12-31 23:55:00,flood,0.0,False
flood,2025,FL.PTW.03,ถ.พระรามที่ 1 ช่วงวัดปทุมวนาราม,105120,105120,100.0,105120,0,2025-01-01,2025-12-31 23:55:00,flood,0.0,False
flood,2025,FL.PTW.04,ถ.พระรามที่ 4 หน้าวัน แบงค็อก,105120,105120,100.0,105120,0,2025-01-01,2025-12-31 23:55:00,flood,100.0,True
flood,2025,FL.PTW.05,ถ.ราชดำริ หน้าโรงพยาบาลตำรวจ,105120,105120,100.0,105120,0,2025-01-01,2025-12-31 23:55:00,flood,0.0,False
flood,2025,FL.PWT.01,ถ.ศรีนครินทร์ ช่วงซีคอนสแควร์,105120,105120,100.0,105120,0,2025-01-01,2025-12-31 23:55:00,flood,0.0,False
flood,2025,FL.PWT.02,ถ.เฉลิมพระเกียรติ ร.9 ช่วงแยกศรีอุดม,105120,105120,100.0,105120,0,2025-01-01,2025-12-31 23:55:00,flood,0.003,False
flood,2025,FL.PYT.01,ถ.พหลโยธิน ช่วงหน้าสนามเป้า,105120,105120,100.0,105120,0,2025-01-01,2025-12-31 23:55:00,flood,0.0,False
flood,2025,FL.PYT.02,ถ.พหลโยธิน ช่วงสะพานควาย,105120,105120,100.0,105120,0,2025-01-01,2025-12-31 23:55:00,flood,20.377,False
flood,2025,FL.PYT.03,ถ.พระราม6 ช่วงทางด่วน,105120,105120,100.0,105120,0,2025-01-01,2025-12-31 23:55:00,flood,0.0,False
flood,2025,FL.PYT.04,ถ.สุทธิสารวินิจฉัย ซอย 19,105120,105120,100.0,105120,0,2025-01-01,2025-12-31 23:55:00,flood,0.0,False
flood,2025,FL.PYT.05,ถ.พหลโยธิน ช่วงซอยสายลม,105120,105120,100.0,105120,0,2025-01-01,2025-12-31 23:55:00,flood,0.674,False
flood,2025,FL.PYT.06,ถ.ประดิพัทธ์ ช่วงสะพานควาย,105120,105120,100.0,105120,0,2025-01-01,2025-12-31 23:55:00,flood,0.0,False
flood,2025,FL.PYT.07,ถ.พหลโยธิน  ช่วงห้างบิ๊กซีสะพานควาย,105120,105120,100.0,105120,0,2025-01-01,2025-12-31 23:55:00,flood,0.0,False
flood,2025,FL.RTW.01,ถ.ศรีอยุธยา ช่วงถนนพญาไท,105120,105120,100.0,105120,0,2025-01-01,2025-12-31 23:55:00,flood,0.0,False
flood,2025,FL.RTW.02,ถ.เพชรบุรี ช่วงหน้าดอนบอสโก,105120,105120,100.0,105120,0,2025-01-01,2025-12-31 23:55:00,flood,0.0,False
flood,2025,FL.RTW.03,ถ.เพชรบุรี ช่วงหน้าเมโทร,105120,105120,100.0,105120,0,2025-01-01,2025-12-31 23:55:00,flood,75.59,True
flood,2025,FL.RTW.04,ถ.พญาไท ช่วงกรมปศุสัตว์,105120,105120,100.0,105120,0,2025-01-01,2025-12-31 23:55:00,flood,0.0,False
flood,2025,FL.RTW.05,ถ.พระรามที่ 6 ช่วงตลาดประแจจีน,105120,105120,100.0,105120,0,2025-01-01,2025-12-31 23:55:00,flood,0.0,False
flood,2025,FL.RTW.06,ถ.ราชวิถี ช่วงสวนสันติภาพ,105120,105120,100.0,105120,0,2025-01-01,2025-12-31 23:55:00,flood,0.0,False
flood,2025,FL.RTW.07,ถ.ศรีอยุธยา ช่วงโรงเรียนสันติราษฏร์วิทยาลัย,105120,105120,100.0,105120,0,2025-01-01,2025-12-31 23:55:00,flood,0.001,False
flood,2025,FL.RTW.08,ถ.นิคมมักกะสัน แยกราชปรารภ,105120,105120,100.0,105120,0,2025-01-01,2025-12-31 23:55:00,flood,0.0,False
flood,2025,FL.RTW.09,ถ.บรรทัดทอง ช่วงถนนเพชรบุรี,105120,105120,100.0,105120,0,2025-01-01,2025-12-31 23:55:00,flood,0.0,False
flood,2025,FL.RTW.10,ถ.ศรีอยุธยา ช่วงโรงเรียนศรีอยุธยา,105120,105120,100.0,105120,0,2025-01-01,2025-12-31 23:55:00,flood,0.0,False
flood,2025,FL.RTW.11,ถ.พระรามที่ 6 ช่วงพิพิธภัณฑ์กรมทางหลวง,105120,105120,100.0,105120,0,2025-01-01,2025-12-31 23:55:00,flood,0.0,False
flood,2025,FL.RTW.12,ถ.พระรามที่ 6 ช่วงกองการพัสดุ กรมทางหลวง,105120,105120,100.0,105120,0,2025-01-01,2025-12-31 23:55:00,flood,0.0,False
flood,2025,FL.SLG.01,ถ.พัฒนาการ แยกศรีนครินทร์,105120,105120,100.0,105120,0,2025-01-01,2025-12-31 23:55:00,flood,0.0,False
flood,2025,FL.SLG.02,ถ.รามคำแหง ซอย 3,105120,105120,100.0,105120,0,2025-01-01,2025-12-31 23:55:00,flood,35.773,False
flood,2025,FL.SLG.03,"""ถ.พัฒนาการ ช่วงธนาคารกรุงไทย """,105120,105120,100.0,105120,0,2025-01-01,2025-12-31 23:55:00,flood,0.001,False
flood,2025,FL.SMI.01,ถ.พหลโยธิน ช่วงซอยพหลโยธิน 60/1,105120,105120,100.0,105120,0,2025-01-01,2025-12-31 23:55:00,flood,0.0,False
flood,2025,FL.SPW.01,ถ.เจริญกรุง แยกแปลงนาม,105120,105120,100.0,105120,0,2025-01-01,2025-12-31 23:55:00,flood,0.0,False
flood,2025,FL.SPW.02,ถ.เยาวราช ช่วงแยกราชวงศ์,105120,105120,100.0,105120,0,2025-01-01,2025-12-31 23:55:00,flood,0.0,False
flood,2025,FL.STN.01,ถ.จันทน์ ซอย 28/2,105120,105120,100.0,105120,0,2025-01-01,2025-12-31 23:55:00,flood,0.0,False
flood,2025,FL.STN.02,ถ.เซนต์หลุยส์ 3,105120,105120,100.0,105120,0,2025-01-01,2025-12-31 23:55:00,flood,0.0,False
flood,2025,FL.STN.03,ถ.สาธุประดิษฐ์ ซอย 2,105120,105120,100.0,105120,0,2025-01-01,2025-12-31 23:55:00,flood,0.0,False
flood,2025,FL.STN.04,ถ.สวนพลู ช่วงตลาดสวนพลู,105120,105120,100.0,105120,0,2025-01-01,2025-12-31 23:55:00,flood,0.0,False
flood,2025,FL.WTL.01,ถ.ลาดพร้าว ช่วงตัดถนนประดิษฐ์มนูธรรม,105120,105120,100.0,105120,0,2025-01-01,2025-12-31 23:55:00,flood,5.062,False
flood,2025,FL.WTL.02,ถ.ลาดพร้าว ช่วงซอยลาดพร้าว 89,105120,105120,100.0,105120,0,2025-01-01,2025-12-31 23:55:00,flood,0.437,False
flood,2025,FL.WTL.03,ซ.รามคำแหง 43/1,105120,105120,100.0,105120,0,2025-01-01,2025-12-31 23:55:00,flood,0.0,False
flood,2025,FL.WTL.04,ซ.รามคำแหง 65 (ซอยมหาดไทย),105120,105120,100.0,105120,0,2025-01-01,2025-12-31 23:55:00,flood,0.407,False
flood,2025,FL.WTN.01,ซ.สุขุมวิท 39 (ซอยพร้อมพงษ์),105120,105120,100.0,105120,0,2025-01-01,2025-12-31 23:55:00,flood,15.826,False
flood,2025,FL.WTN.02,ถ.อโศกมนตรี ช่วงแยกชิโนไทย,105120,105120,100.0,105120,0,2025-01-01,2025-12-31 23:55:00,flood,0.002,False
flood,2025,FL.WTN.03,ถ.สุขุมวิท 71 ช่วงซอยปรีดีพนมยงค์ 20,105120,105120,100.0,105120,0,2025-01-01,2025-12-31 23:55:00,flood,77.474,True
flow,2019,FW.BBU.01,จุดวัดคลองบางบัว,105120,105120,100.0,105120,0,2019-01-01,2019-12-31 23:55:00,flow,2.516,False
flow,2019,FW.BKA.02,สถานีสูบน้ำคลองบางเขนใหม่,105120,105120,100.0,105120,0,2019-01-01,2019-12-31 23:55:00,flow,1.182,False
flow,2019,FW.BKG.01,ประตูระบายน้ำคลองบึงขวาง,105120,105120,100.0,105120,0,2019-01-01,2019-12-31 23:55:00,flow,2.982,False
flow,2019,FW.BSU.01,สถานีสูบน้ำคลองบางซื่อ,105120,105120,100.0,105120,0,2019-01-01,2019-12-31 23:55:00,flow,0.179,False
flow,2019,FW.K2W.01,ประตูระบายน้ำคลองสองตะวันตก,105120,105120,100.0,105120,0,2019-01-01,2019-12-31 23:55:00,flow,0.03,False
flow,2019,FW.K3W.01,ประตูระบายน้ำคลองสามตะวันตก,105120,105120,100.0,105120,0,2019-01-01,2019-12-31 23:55:00,flow,1.898,False
flow,2019,FW.K4W.01,ประตูระบายน้ำคลองสี่ตะวันตก,105120,105120,100.0,105120,0,2019-01-01,2019-12-31 23:55:00,flow,0.036,False
flow,2019,FW.KKY.01,ประตูระบายน้ำคลองควาย,105120,105120,100.0,105120,0,2019-01-01,2019-12-31 23:55:00,flow,2.667,False
flow,2019,FW.KNG.01,ประตูระบายน้ำคลองหนึ่ง,105120,105120,100.0,105120,0,2019-01-01,2019-12-31 23:55:00,flow,0.022,False
flow,2019,FW.KPM.01,จุดวัดคลองเปรมประชากร ตอนวัดเทวสุนทร,105120,105120,100.0,105120,0,2019-01-01,2019-12-31 23:55:00,flow,16.959,False
flow,2019,FW.KPM.02,จุดวัดคลองเปรมประชากร ตอนซอยประชาชื่น 4 แยก 1-4,105120,105120,100.0,105120,0,2019-01-01,2019-12-31 23:55:00,flow,1.146,False
flow,2019,FW.KSO.01,ประตูระบายน้ำคลองซอย,105120,105120,100.0,105120,0,2019-01-01,2019-12-31 23:55:00,flow,0.099,False
flow,2019,FW.KSW.01,ประตูระบายน้ำคลองสามวา,105120,105120,100.0,105120,0,2019-01-01,2019-12-31 23:55:00,flow,1.17,False
flow,2019,FW.LKB.01,ประตูระบายน้ำลาดกระบัง,105120,105120,100.0,105120,0,2019-01-01,2019-12-31 23:55:00,flow,0.043,False
flow,2019,FW.LMT.01,ประตูระบายน้ำคลองลำหม้อแตก,105120,105120,100.0,105120,0,2019-01-01,2019-12-31 23:55:00,flow,0.021,False
flow,2019,FW.LPW.01,ประตูระบายน้ำคลองลาดพร้าว,105120,105120,100.0,105120,0,2019-01-01,2019-12-31 23:55:00,flow,0.011,False
flow,2019,FW.PKG.01,จุดวัดสะพานพระราม 8,105120,105120,100.0,105120,0,2019-01-01,2019-12-31 23:55:00,flow,0.599,False
flow,2019,FW.PNJ.01,สถานีสูบน้ำคลองขุนราชพินิจใจ,105120,105120,100.0,105120,0,2019-01-01,2019-12-31 23:55:00,flow,0.079,False
flow,2019,FW.PSC.01,จุดวัดคลองภาษีเจริญ ตอนคลองมหาศร,105120,105120,100.0,105120,0,2019-01-01,2019-12-31 23:55:00,flow,12.239,False
flow,2019,FW.PSR.01,ประตูระบายน้ำคลองพระยาสุเรนทร์,105120,105120,100.0,105120,0,2019-01-01,2019-12-31 23:55:00,flow,0.02,False
flow,2019,FW.PWT.01,จุดวัดคลองประเวศบุรีรมย์ ตอนวัดขจรศิริ,105120,105120,100.0,105120,0,2019-01-01,2019-12-31 23:55:00,flow,0.406,False
flow,2019,FW.RMT.01,สถานีสูบน้ำคลองพระยาราชมนตรี,105120,105120,100.0,105120,0,2019-01-01,2019-12-31 23:55:00,flow,39.377,False
flow,2019,FW.SBR.01,ประตูระบายน้ำคลองขุนศรีบุรีรักษ์,105120,105120,100.0,105120,0,2019-01-01,2019-12-31 23:55:00,flow,0.194,False
flow,2019,FW.SSB.01,สถานีสูบน้ำคลองแสนแสบ ตอนคลองตัน,105120,105120,100.0,105120,0,2019-01-01,2019-12-31 23:55:00,flow,35.655,False
flow,2019,FW.SSB.02,จุดวัดคลองแสนแสบ ตอนเขตบางกะปิ,105120,105120,100.0,105120,0,2019-01-01,2019-12-31 23:55:00,flow,24.924,False
flow,2019,FW.SSB.03,ประตูระบายน้ำคลองแสนแสบ-มีนบุรี,105120,105120,100.0,105120,0,2019-01-01,2019-12-31 23:55:00,flow,0.642,False
flow,2019,FW.SSM.01,ประตูระบายน้ำคลองสิบสาม,105120,105120,100.0,105120,0,2019-01-01,2019-12-31 23:55:00,flow,1.343,False
flow,2019,FW.SSN.01,สถานีสูบน้ำคลองสามเสน,105120,105120,100.0,105120,0,2019-01-01,2019-12-31 23:55:00,flow,2.51,False
flow,2019,FW.SST.01,ประตูระบายน้ำคลองสองสายใต้,105120,105120,100.0,105120,0,2019-01-01,2019-12-31 23:55:00,flow,0.035,False
flow,2019,FW.TWW.01,ประตูระบายน้ำคลองทวีวัฒนา,105120,105120,100.0,105120,0,2019-01-01,2019-12-31 23:55:00,flow,2.356,False
flow,2020,FW.BBU.01,จุดวัดคลองบางบัว,105408,105408,100.0,105408,0,2020-01-01,2020-12-31 23:55:00,flow,9.316,False
flow,2020,FW.BKA.02,สถานีสูบน้ำคลองบางเขนใหม่,105408,105408,100.0,105408,0,2020-01-01,2020-12-31 23:55:00,flow,0.035,False
flow,2020,FW.BKG.01,ประตูระบายน้ำคลองบึงขวาง,105408,105408,100.0,105408,0,2020-01-01,2020-12-31 23:55:00,flow,1.789,False
flow,2020,FW.BSU.01,สถานีสูบน้ำคลองบางซื่อ,105408,105408,100.0,105408,0,2020-01-01,2020-12-31 23:55:00,flow,4.257,False
flow,2020,FW.K2W.01,ประตูระบายน้ำคลองสองตะวันตก,105408,105408,100.0,105408,0,2020-01-01,2020-12-31 23:55:00,flow,0.864,False
flow,2020,FW.K3W.01,ประตูระบายน้ำคลองสามตะวันตก,105408,105408,100.0,105408,0,2020-01-01,2020-12-31 23:55:00,flow,0.062,False
flow,2020,FW.K4W.01,ประตูระบายน้ำคลองสี่ตะวันตก,105408,105408,100.0,105408,0,2020-01-01,2020-12-31 23:55:00,flow,0.868,False
flow,2020,FW.KKY.01,ประตูระบายน้ำคลองควาย,105408,105408,100.0,105408,0,2020-01-01,2020-12-31 23:55:00,flow,0.572,False
flow,2020,FW.KNG.01,ประตูระบายน้ำคลองหนึ่ง,105408,105408,100.0,105408,0,2020-01-01,2020-12-31 23:55:00,flow,0.61,False
flow,2020,FW.KPM.01,จุดวัดคลองเปรมประชากร ตอนวัดเทวสุนทร,105408,105408,100.0,105408,0,2020-01-01,2020-12-31 23:55:00,flow,1.107,False
flow,2020,FW.KPM.02,จุดวัดคลองเปรมประชากร ตอนซอยประชาชื่น 4 แยก 1-4,105408,105408,100.0,105408,0,2020-01-01,2020-12-31 23:55:00,flow,0.009,False
flow,2020,FW.KSO.01,ประตูระบายน้ำคลองซอย,105408,105408,100.0,105408,0,2020-01-01,2020-12-31 23:55:00,flow,21.668,False
flow,2020,FW.KSW.01,ประตูระบายน้ำคลองสามวา,105408,105408,100.0,105408,0,2020-01-01,2020-12-31 23:55:00,flow,1.78,False
flow,2020,FW.LKB.01,ประตูระบายน้ำลาดกระบัง,105408,105408,100.0,105408,0,2020-01-01,2020-12-31 23:55:00,flow,12.308,False
flow,2020,FW.LMT.01,ประตูระบายน้ำคลองลำหม้อแตก,105408,105408,100.0,105408,0,2020-01-01,2020-12-31 23:55:00,flow,19.236,False
flow,2020,FW.LPW.01,ประตูระบายน้ำคลองลาดพร้าว,105408,105408,100.0,105408,0,2020-01-01,2020-12-31 23:55:00,flow,0.007,False
flow,2020,FW.PKG.01,จุดวัดสะพานพระราม 8,105408,105408,100.0,105408,0,2020-01-01,2020-12-31 23:55:00,flow,0.054,False
flow,2020,FW.PNJ.01,สถานีสูบน้ำคลองขุนราชพินิจใจ,105408,105408,100.0,105408,0,2020-01-01,2020-12-31 23:55:00,flow,0.131,False
flow,2020,FW.PSC.01,จุดวัดคลองภาษีเจริญ ตอนคลองมหาศร,105408,105408,100.0,105408,0,2020-01-01,2020-12-31 23:55:00,flow,0.025,False
flow,2020,FW.PSR.01,ประตูระบายน้ำคลองพระยาสุเรนทร์,105408,105408,100.0,105408,0,2020-01-01,2020-12-31 23:55:00,flow,0.5,False
flow,2020,FW.PWT.01,จุดวัดคลองประเวศบุรีรมย์ ตอนวัดขจรศิริ,105408,105408,100.0,105408,0,2020-01-01,2020-12-31 23:55:00,flow,16.67,False
flow,2020,FW.RMT.01,สถานีสูบน้ำคลองพระยาราชมนตรี,105408,105408,100.0,105408,0,2020-01-01,2020-12-31 23:55:00,flow,0.056,False
flow,2020,FW.SBR.01,ประตูระบายน้ำคลองขุนศรีบุรีรักษ์,105408,105408,100.0,105408,0,2020-01-01,2020-12-31 23:55:00,flow,0.718,False
flow,2020,FW.SSB.01,สถานีสูบน้ำคลองแสนแสบ ตอนคลองตัน,105408,105408,100.0,105408,0,2020-01-01,2020-12-31 23:55:00,flow,3.969,False
flow,2020,FW.SSB.02,จุดวัดคลองแสนแสบ ตอนเขตบางกะปิ,105408,105408,100.0,105408,0,2020-01-01,2020-12-31 23:55:00,flow,3.43,False
flow,2020,FW.SSB.03,ประตูระบายน้ำคลองแสนแสบ-มีนบุรี,105408,105408,100.0,105408,0,2020-01-01,2020-12-31 23:55:00,flow,0.276,False
flow,2020,FW.SSM.01,ประตูระบายน้ำคลองสิบสาม,105408,105408,100.0,105408,0,2020-01-01,2020-12-31 23:55:00,flow,0.02,False
flow,2020,FW.SSN.01,สถานีสูบน้ำคลองสามเสน,105408,105408,100.0,105408,0,2020-01-01,2020-12-31 23:55:00,flow,1.716,False
flow,2020,FW.SST.01,ประตูระบายน้ำคลองสองสายใต้,105408,105408,100.0,105408,0,2020-01-01,2020-12-31 23:55:00,flow,0.005,False
flow,2020,FW.TWW.01,ประตูระบายน้ำคลองทวีวัฒนา,105408,105408,100.0,105408,0,2020-01-01,2020-12-31 23:55:00,flow,1.28,False
flow,2021,FW.BBU.01,จุดวัดคลองบางบัว,105120,105120,100.0,105120,0,2021-01-01,2021-12-31 23:55:00,flow,0.986,False
flow,2021,FW.BKA.02,สถานีสูบน้ำคลองบางเขนใหม่,105120,105120,100.0,105120,0,2021-01-01,2021-12-31 23:55:00,flow,0.283,False
flow,2021,FW.BKG.01,ประตูระบายน้ำคลองบึงขวาง,105120,105120,100.0,105120,0,2021-01-01,2021-12-31 23:55:00,flow,0.9,False
flow,2021,FW.BSU.01,สถานีสูบน้ำคลองบางซื่อ,105120,105120,100.0,105120,0,2021-01-01,2021-12-31 23:55:00,flow,0.578,False
flow,2021,FW.K2W.01,ประตูระบายน้ำคลองสองตะวันตก,105120,105120,100.0,105120,0,2021-01-01,2021-12-31 23:55:00,flow,0.654,False
flow,2021,FW.K3W.01,ประตูระบายน้ำคลองสามตะวันตก,105120,105120,100.0,105120,0,2021-01-01,2021-12-31 23:55:00,flow,1.857,False
flow,2021,FW.K4W.01,ประตูระบายน้ำคลองสี่ตะวันตก,105120,105120,100.0,105120,0,2021-01-01,2021-12-31 23:55:00,flow,19.896,False
flow,2021,FW.KKY.01,ประตูระบายน้ำคลองควาย,105120,105120,100.0,105120,0,2021-01-01,2021-12-31 23:55:00,flow,0.763,False
flow,2021,FW.KNG.01,ประตูระบายน้ำคลองหนึ่ง,105120,105120,100.0,105120,0,2021-01-01,2021-12-31 23:55:00,flow,1.592,False
flow,2021,FW.KPM.01,จุดวัดคลองเปรมประชากร ตอนวัดเทวสุนทร,105120,105120,100.0,105120,0,2021-01-01,2021-12-31 23:55:00,flow,0.014,False
flow,2021,FW.KPM.02,จุดวัดคลองเปรมประชากร ตอนซอยประชาชื่น 4 แยก 1-4,105120,105120,100.0,105120,0,2021-01-01,2021-12-31 23:55:00,flow,0.01,False
flow,2021,FW.KSO.01,ประตูระบายน้ำคลองซอย,105120,105120,100.0,105120,0,2021-01-01,2021-12-31 23:55:00,flow,4.63,False
flow,2021,FW.KSW.01,ประตูระบายน้ำคลองสามวา,105120,105120,100.0,105120,0,2021-01-01,2021-12-31 23:55:00,flow,2.683,False
flow,2021,FW.LKB.01,ประตูระบายน้ำลาดกระบัง,105120,105120,100.0,105120,0,2021-01-01,2021-12-31 23:55:00,flow,52.5,True
flow,2021,FW.LMT.01,ประตูระบายน้ำคลองลำหม้อแตก,105120,105120,100.0,105120,0,2021-01-01,2021-12-31 23:55:00,flow,3.976,False
flow,2021,FW.LPW.01,ประตูระบายน้ำคลองลาดพร้าว,105120,105120,100.0,105120,0,2021-01-01,2021-12-31 23:55:00,flow,0.29,False
flow,2021,FW.PKG.01,จุดวัดสะพานพระราม 8,105120,105120,100.0,105120,0,2021-01-01,2021-12-31 23:55:00,flow,1.1,False
flow,2021,FW.PNJ.01,สถานีสูบน้ำคลองขุนราชพินิจใจ,105120,105120,100.0,105120,0,2021-01-01,2021-12-31 23:55:00,flow,0.226,False
flow,2021,FW.PSC.01,จุดวัดคลองภาษีเจริญ ตอนคลองมหาศร,105120,105120,100.0,105120,0,2021-01-01,2021-12-31 23:55:00,flow,94.108,True
flow,2021,FW.PSR.01,ประตูระบายน้ำคลองพระยาสุเรนทร์,105120,105120,100.0,105120,0,2021-01-01,2021-12-31 23:55:00,flow,0.012,False
flow,2021,FW.PWT.01,จุดวัดคลองประเวศบุรีรมย์ ตอนวัดขจรศิริ,105120,105120,100.0,105120,0,2021-01-01,2021-12-31 23:55:00,flow,5.777,False
flow,2021,FW.RMT.01,สถานีสูบน้ำคลองพระยาราชมนตรี,105120,105120,100.0,105120,0,2021-01-01,2021-12-31 23:55:00,flow,0.035,False
flow,2021,FW.SBR.01,ประตูระบายน้ำคลองขุนศรีบุรีรักษ์,105120,105120,100.0,105120,0,2021-01-01,2021-12-31 23:55:00,flow,0.566,False
flow,2021,FW.SSB.01,สถานีสูบน้ำคลองแสนแสบ ตอนคลองตัน,105120,105120,100.0,105120,0,2021-01-01,2021-12-31 23:55:00,flow,2.057,False
flow,2021,FW.SSB.02,จุดวัดคลองแสนแสบ ตอนเขตบางกะปิ,105120,105120,100.0,105120,0,2021-01-01,2021-12-31 23:55:00,flow,1.594,False
flow,2021,FW.SSB.03,ประตูระบายน้ำคลองแสนแสบ-มีนบุรี,105120,105120,100.0,105120,0,2021-01-01,2021-12-31 23:55:00,flow,0.247,False
flow,2021,FW.SSM.01,ประตูระบายน้ำคลองสิบสาม,105120,105120,100.0,105120,0,2021-01-01,2021-12-31 23:55:00,flow,0.006,False
flow,2021,FW.SSN.01,สถานีสูบน้ำคลองสามเสน,105120,105120,100.0,105120,0,2021-01-01,2021-12-31 23:55:00,flow,0.113,False
flow,2021,FW.SST.01,ประตูระบายน้ำคลองสองสายใต้,105120,105120,100.0,105120,0,2021-01-01,2021-12-31 23:55:00,flow,0.534,False
flow,2021,FW.TWW.01,ประตูระบายน้ำคลองทวีวัฒนา,105120,105120,100.0,105120,0,2021-01-01,2021-12-31 23:55:00,flow,0.818,False
flow,2022,FW.BBU.01,จุดวัดคลองบางบัว,105120,105120,100.0,105120,0,2022-01-01,2022-12-31 23:55:00,flow,2.518,False
flow,2022,FW.BKA.02,สถานีสูบน้ำคลองบางเขนใหม่,105120,105120,100.0,105120,0,2022-01-01,2022-12-31 23:55:00,flow,0.333,False
flow,2022,FW.BKG.01,ประตูระบายน้ำคลองบึงขวาง,105120,105120,100.0,105120,0,2022-01-01,2022-12-31 23:55:00,flow,0.013,False
flow,2022,FW.BSU.01,สถานีสูบน้ำคลองบางซื่อ,105120,105120,100.0,105120,0,2022-01-01,2022-12-31 23:55:00,flow,0.094,False
flow,2022,FW.K2W.01,ประตูระบายน้ำคลองสองตะวันตก,105120,105120,100.0,105120,0,2022-01-01,2022-12-31 23:55:00,flow,0.047,False
flow,2022,FW.K3W.01,ประตูระบายน้ำคลองสามตะวันตก,105120,105120,100.0,105120,0,2022-01-01,2022-12-31 23:55:00,flow,0.097,False
flow,2022,FW.K4W.01,ประตูระบายน้ำคลองสี่ตะวันตก,105120,105120,100.0,105120,0,2022-01-01,2022-12-31 23:55:00,flow,3.143,False
flow,2022,FW.KKY.01,ประตูระบายน้ำคลองควาย,105120,105120,100.0,105120,0,2022-01-01,2022-12-31 23:55:00,flow,2.365,False
flow,2022,FW.KNG.01,ประตูระบายน้ำคลองหนึ่ง,105120,105120,100.0,105120,0,2022-01-01,2022-12-31 23:55:00,flow,1.728,False
flow,2022,FW.KPM.01,จุดวัดคลองเปรมประชากร ตอนวัดเทวสุนทร,105120,105120,100.0,105120,0,2022-01-01,2022-12-31 23:55:00,flow,0.207,False
flow,2022,FW.KPM.02,จุดวัดคลองเปรมประชากร ตอนซอยประชาชื่น 4 แยก 1-4,105120,105120,100.0,105120,0,2022-01-01,2022-12-31 23:55:00,flow,0.058,False
flow,2022,FW.KSO.01,ประตูระบายน้ำคลองซอย,105120,105120,100.0,105120,0,2022-01-01,2022-12-31 23:55:00,flow,0.551,False
flow,2022,FW.KSW.01,ประตูระบายน้ำคลองสามวา,105120,105120,100.0,105120,0,2022-01-01,2022-12-31 23:55:00,flow,1.023,False
flow,2022,FW.LKB.01,ประตูระบายน้ำลาดกระบัง,105120,105120,100.0,105120,0,2022-01-01,2022-12-31 23:55:00,flow,16.446,False
flow,2022,FW.LMT.01,ประตูระบายน้ำคลองลำหม้อแตก,105120,105120,100.0,105120,0,2022-01-01,2022-12-31 23:55:00,flow,0.538,False
flow,2022,FW.LPW.01,ประตูระบายน้ำคลองลาดพร้าว,105120,105120,100.0,105120,0,2022-01-01,2022-12-31 23:55:00,flow,0.157,False
flow,2022,FW.PKG.01,จุดวัดสะพานพระราม 8,105120,105120,100.0,105120,0,2022-01-01,2022-12-31 23:55:00,flow,0.082,False
flow,2022,FW.PNJ.01,สถานีสูบน้ำคลองขุนราชพินิจใจ,105120,105120,100.0,105120,0,2022-01-01,2022-12-31 23:55:00,flow,0.308,False
flow,2022,FW.PSC.01,จุดวัดคลองภาษีเจริญ ตอนคลองมหาศร,105120,105120,100.0,105120,0,2022-01-01,2022-12-31 23:55:00,flow,100.0,True
flow,2022,FW.PSR.01,ประตูระบายน้ำคลองพระยาสุเรนทร์,105120,105120,100.0,105120,0,2022-01-01,2022-12-31 23:55:00,flow,0.557,False
flow,2022,FW.PWT.01,จุดวัดคลองประเวศบุรีรมย์ ตอนวัดขจรศิริ,105120,105120,100.0,105120,0,2022-01-01,2022-12-31 23:55:00,flow,1.565,False
flow,2022,FW.RMT.01,สถานีสูบน้ำคลองพระยาราชมนตรี,105120,105120,100.0,105120,0,2022-01-01,2022-12-31 23:55:00,flow,0.072,False
flow,2022,FW.SBR.01,ประตูระบายน้ำคลองขุนศรีบุรีรักษ์,105120,105120,100.0,105120,0,2022-01-01,2022-12-31 23:55:00,flow,0.049,False
flow,2022,FW.SSB.01,สถานีสูบน้ำคลองแสนแสบ ตอนคลองตัน,105120,105120,100.0,105120,0,2022-01-01,2022-12-31 23:55:00,flow,24.71,False
flow,2022,FW.SSB.02,จุดวัดคลองแสนแสบ ตอนเขตบางกะปิ,105120,105120,100.0,105120,0,2022-01-01,2022-12-31 23:55:00,flow,4.397,False
flow,2022,FW.SSB.03,ประตูระบายน้ำคลองแสนแสบ-มีนบุรี,105120,105120,100.0,105120,0,2022-01-01,2022-12-31 23:55:00,flow,0.037,False
flow,2022,FW.SSM.01,ประตูระบายน้ำคลองสิบสาม,105120,105120,100.0,105120,0,2022-01-01,2022-12-31 23:55:00,flow,0.273,False
flow,2022,FW.SSN.01,สถานีสูบน้ำคลองสามเสน,105120,105120,100.0,105120,0,2022-01-01,2022-12-31 23:55:00,flow,0.396,False
flow,2022,FW.SST.01,ประตูระบายน้ำคลองสองสายใต้,105120,105120,100.0,105120,0,2022-01-01,2022-12-31 23:55:00,flow,0.041,False
flow,2022,FW.TWW.01,ประตูระบายน้ำคลองทวีวัฒนา,105120,105120,100.0,105120,0,2022-01-01,2022-12-31 23:55:00,flow,4.776,False
flow,2023,FW.BBU.01,จุดวัดคลองบางบัว,105120,105120,100.0,105120,0,2023-01-01,2023-12-31 23:55:00,flow,25.994,False
flow,2023,FW.BKA.02,สถานีสูบน้ำคลองบางเขนใหม่,105120,105120,100.0,105120,0,2023-01-01,2023-12-31 23:55:00,flow,0.336,False
flow,2023,FW.BKG.01,ประตูระบายน้ำคลองบึงขวาง,105120,105120,100.0,105120,0,2023-01-01,2023-12-31 23:55:00,flow,0.49,False
flow,2023,FW.BSU.01,สถานีสูบน้ำคลองบางซื่อ,105120,105120,100.0,105120,0,2023-01-01,2023-12-31 23:55:00,flow,6.43,False
flow,2023,FW.K2W.01,ประตูระบายน้ำคลองสองตะวันตก,105120,105120,100.0,105120,0,2023-01-01,2023-12-31 23:55:00,flow,1.077,False
flow,2023,FW.K3W.01,ประตูระบายน้ำคลองสามตะวันตก,105120,105120,100.0,105120,0,2023-01-01,2023-12-31 23:55:00,flow,0.102,False
flow,2023,FW.K4W.01,ประตูระบายน้ำคลองสี่ตะวันตก,105120,105120,100.0,105120,0,2023-01-01,2023-12-31 23:55:00,flow,18.507,False
flow,2023,FW.KKY.01,ประตูระบายน้ำคลองควาย,105120,105120,100.0,105120,0,2023-01-01,2023-12-31 23:55:00,flow,0.719,False
flow,2023,FW.KNG.01,ประตูระบายน้ำคลองหนึ่ง,105120,105120,100.0,105120,0,2023-01-01,2023-12-31 23:55:00,flow,0.779,False
flow,2023,FW.KPM.01,จุดวัดคลองเปรมประชากร ตอนวัดเทวสุนทร,105120,105120,100.0,105120,0,2023-01-01,2023-12-31 23:55:00,flow,0.163,False
flow,2023,FW.KPM.02,จุดวัดคลองเปรมประชากร ตอนซอยประชาชื่น 4 แยก 1-4,105120,105120,100.0,105120,0,2023-01-01,2023-12-31 23:55:00,flow,3.093,False
flow,2023,FW.KSO.01,ประตูระบายน้ำคลองซอย,105120,105120,100.0,105120,0,2023-01-01,2023-12-31 23:55:00,flow,0.272,False
flow,2023,FW.KSW.01,ประตูระบายน้ำคลองสามวา,105120,105120,100.0,105120,0,2023-01-01,2023-12-31 23:55:00,flow,0.295,False
flow,2023,FW.LKB.01,ประตูระบายน้ำลาดกระบัง,105120,105120,100.0,105120,0,2023-01-01,2023-12-31 23:55:00,flow,3.889,False
flow,2023,FW.LMT.01,ประตูระบายน้ำคลองลำหม้อแตก,105120,105120,100.0,105120,0,2023-01-01,2023-12-31 23:55:00,flow,0.509,False
flow,2023,FW.LPW.01,ประตูระบายน้ำคลองลาดพร้าว,105120,105120,100.0,105120,0,2023-01-01,2023-12-31 23:55:00,flow,13.886,False
flow,2023,FW.PKG.01,จุดวัดสะพานพระราม 8,105120,105120,100.0,105120,0,2023-01-01,2023-12-31 23:55:00,flow,0.585,False
flow,2023,FW.PNJ.01,สถานีสูบน้ำคลองขุนราชพินิจใจ,105120,105120,100.0,105120,0,2023-01-01,2023-12-31 23:55:00,flow,0.434,False
flow,2023,FW.PSC.01,จุดวัดคลองภาษีเจริญ ตอนคลองมหาศร,105120,105120,100.0,105120,0,2023-01-01,2023-12-31 23:55:00,flow,100.0,True
flow,2023,FW.PSR.01,ประตูระบายน้ำคลองพระยาสุเรนทร์,105120,105120,100.0,105120,0,2023-01-01,2023-12-31 23:55:00,flow,0.434,False
flow,2023,FW.PWT.01,จุดวัดคลองประเวศบุรีรมย์ ตอนวัดขจรศิริ,105120,105120,100.0,105120,0,2023-01-01,2023-12-31 23:55:00,flow,0.753,False
flow,2023,FW.RMT.01,สถานีสูบน้ำคลองพระยาราชมนตรี,105120,105120,100.0,105120,0,2023-01-01,2023-12-31 23:55:00,flow,0.175,False
flow,2023,FW.SBR.01,ประตูระบายน้ำคลองขุนศรีบุรีรักษ์,105120,105120,100.0,105120,0,2023-01-01,2023-12-31 23:55:00,flow,0.507,False
flow,2023,FW.SSB.01,สถานีสูบน้ำคลองแสนแสบ ตอนคลองตัน,105120,105120,100.0,105120,0,2023-01-01,2023-12-31 23:55:00,flow,0.31,False
flow,2023,FW.SSB.02,จุดวัดคลองแสนแสบ ตอนเขตบางกะปิ,105120,105120,100.0,105120,0,2023-01-01,2023-12-31 23:55:00,flow,0.127,False
flow,2023,FW.SSB.03,ประตูระบายน้ำคลองแสนแสบ-มีนบุรี,105120,105120,100.0,105120,0,2023-01-01,2023-12-31 23:55:00,flow,0.211,False
flow,2023,FW.SSM.01,ประตูระบายน้ำคลองสิบสาม,105120,105120,100.0,105120,0,2023-01-01,2023-12-31 23:55:00,flow,28.436,False
flow,2023,FW.SSN.01,สถานีสูบน้ำคลองสามเสน,105120,105120,100.0,105120,0,2023-01-01,2023-12-31 23:55:00,flow,0.501,False
flow,2023,FW.SST.01,ประตูระบายน้ำคลองสองสายใต้,105120,105120,100.0,105120,0,2023-01-01,2023-12-31 23:55:00,flow,27.091,False
flow,2023,FW.TWW.01,ประตูระบายน้ำคลองทวีวัฒนา,105120,105120,100.0,105120,0,2023-01-01,2023-12-31 23:55:00,flow,1.597,False
flow,2024,FW.BBU.01,จุดวัดคลองบางบัว,105408,105408,100.0,105408,0,2024-01-01,2024-12-31 23:55:00,flow,4.201,False
flow,2024,FW.BKA.02,สถานีสูบน้ำคลองบางเขนใหม่,105408,105408,100.0,105408,0,2024-01-01,2024-12-31 23:55:00,flow,2.029,False
flow,2024,FW.BKG.01,ประตูระบายน้ำคลองบึงขวาง,105408,105408,100.0,105408,0,2024-01-01,2024-12-31 23:55:00,flow,12.519,False
flow,2024,FW.BSU.01,สถานีสูบน้ำคลองบางซื่อ,105408,105408,100.0,105408,0,2024-01-01,2024-12-31 23:55:00,flow,2.453,False
flow,2024,FW.K2W.01,ประตูระบายน้ำคลองสองตะวันตก,105408,105408,100.0,105408,0,2024-01-01,2024-12-31 23:55:00,flow,23.187,False
flow,2024,FW.K3W.01,ประตูระบายน้ำคลองสามตะวันตก,105408,105408,100.0,105408,0,2024-01-01,2024-12-31 23:55:00,flow,2.375,False
flow,2024,FW.K4W.01,ประตูระบายน้ำคลองสี่ตะวันตก,105408,105408,100.0,105408,0,2024-01-01,2024-12-31 23:55:00,flow,19.428,False
flow,2024,FW.KKY.01,ประตูระบายน้ำคลองควาย,105408,105408,100.0,105408,0,2024-01-01,2024-12-31 23:55:00,flow,1.564,False
flow,2024,FW.KNG.01,ประตูระบายน้ำคลองหนึ่ง,105408,105408,100.0,105408,0,2024-01-01,2024-12-31 23:55:00,flow,5.705,False
flow,2024,FW.KPM.01,จุดวัดคลองเปรมประชากร ตอนวัดเทวสุนทร,105408,105408,100.0,105408,0,2024-01-01,2024-12-31 23:55:00,flow,53.174,True
flow,2024,FW.KPM.02,จุดวัดคลองเปรมประชากร ตอนซอยประชาชื่น 4 แยก 1-4,105408,105408,100.0,105408,0,2024-01-01,2024-12-31 23:55:00,flow,50.576,True
flow,2024,FW.KSO.01,ประตูระบายน้ำคลองซอย,105408,105408,100.0,105408,0,2024-01-01,2024-12-31 23:55:00,flow,1.314,False
flow,2024,FW.KSW.01,ประตูระบายน้ำคลองสามวา,105408,105408,100.0,105408,0,2024-01-01,2024-12-31 23:55:00,flow,2.382,False
flow,2024,FW.LKB.01,ประตูระบายน้ำลาดกระบัง,105408,105408,100.0,105408,0,2024-01-01,2024-12-31 23:55:00,flow,7.604,False
flow,2024,FW.LMT.01,ประตูระบายน้ำคลองลำหม้อแตก,105408,105408,100.0,105408,0,2024-01-01,2024-12-31 23:55:00,flow,0.058,False
flow,2024,FW.LPW.01,ประตูระบายน้ำคลองลาดพร้าว,105408,105408,100.0,105408,0,2024-01-01,2024-12-31 23:55:00,flow,0.267,False
flow,2024,FW.PKG.01,จุดวัดสะพานพระราม 8,105408,105408,100.0,105408,0,2024-01-01,2024-12-31 23:55:00,flow,1.162,False
flow,2024,FW.PNJ.01,สถานีสูบน้ำคลองขุนราชพินิจใจ,105408,105408,100.0,105408,0,2024-01-01,2024-12-31 23:55:00,flow,0.575,False
flow,2024,FW.PSC.01,จุดวัดคลองภาษีเจริญ ตอนคลองมหาศร,105408,105408,100.0,105408,0,2024-01-01,2024-12-31 23:55:00,flow,100.0,True
flow,2024,FW.PSR.01,ประตูระบายน้ำคลองพระยาสุเรนทร์,105408,105408,100.0,105408,0,2024-01-01,2024-12-31 23:55:00,flow,0.076,False
flow,2024,FW.PWT.01,จุดวัดคลองประเวศบุรีรมย์ ตอนวัดขจรศิริ,105408,105408,100.0,105408,0,2024-01-01,2024-12-31 23:55:00,flow,0.236,False
flow,2024,FW.RMT.01,สถานีสูบน้ำคลองพระยาราชมนตรี,105408,105408,100.0,105408,0,2024-01-01,2024-12-31 23:55:00,flow,1.518,False
flow,2024,FW.SBR.01,ประตูระบายน้ำคลองขุนศรีบุรีรักษ์,105408,105408,100.0,105408,0,2024-01-01,2024-12-31 23:55:00,flow,0.656,False
flow,2024,FW.SSB.01,สถานีสูบน้ำคลองแสนแสบ ตอนคลองตัน,105408,105408,100.0,105408,0,2024-01-01,2024-12-31 23:55:00,flow,0.379,False
flow,2024,FW.SSB.02,จุดวัดคลองแสนแสบ ตอนเขตบางกะปิ,105408,105408,100.0,105408,0,2024-01-01,2024-12-31 23:55:00,flow,0.361,False
flow,2024,FW.SSB.03,ประตูระบายน้ำคลองแสนแสบ-มีนบุรี,105408,105408,100.0,105408,0,2024-01-01,2024-12-31 23:55:00,flow,0.432,False
flow,2024,FW.SSM.01,ประตูระบายน้ำคลองสิบสาม,105408,105408,100.0,105408,0,2024-01-01,2024-12-31 23:55:00,flow,38.156,False
flow,2024,FW.SSN.01,สถานีสูบน้ำคลองสามเสน,105408,105408,100.0,105408,0,2024-01-01,2024-12-31 23:55:00,flow,0.131,False
flow,2024,FW.SST.01,ประตูระบายน้ำคลองสองสายใต้,105408,105408,100.0,105408,0,2024-01-01,2024-12-31 23:55:00,flow,1.044,False
flow,2024,FW.TWW.01,ประตูระบายน้ำคลองทวีวัฒนา,105408,105408,100.0,105408,0,2024-01-01,2024-12-31 23:55:00,flow,3.15,False
flow,2025,FW.BBU.01,จุดวัดคลองบางบัว,105120,105120,100.0,105120,0,2025-01-01,2025-12-31 23:55:00,flow,2.103,False
flow,2025,FW.BKA.02,สถานีสูบน้ำคลองบางเขนใหม่,105120,105120,100.0,105120,0,2025-01-01,2025-12-31 23:55:00,flow,2.98,False
flow,2025,FW.BKG.01,ประตูระบายน้ำคลองบึงขวาง,105120,105120,100.0,105120,0,2025-01-01,2025-12-31 23:55:00,flow,100.0,True
flow,2025,FW.BSU.01,สถานีสูบน้ำคลองบางซื่อ,105120,105120,100.0,105120,0,2025-01-01,2025-12-31 23:55:00,flow,2.166,False
flow,2025,FW.K2W.01,ประตูระบายน้ำคลองสองตะวันตก,105120,105120,100.0,105120,0,2025-01-01,2025-12-31 23:55:00,flow,3.342,False
flow,2025,FW.K3W.01,ประตูระบายน้ำคลองสามตะวันตก,105120,105120,100.0,105120,0,2025-01-01,2025-12-31 23:55:00,flow,1.249,False
flow,2025,FW.K4W.01,ประตูระบายน้ำคลองสี่ตะวันตก,105120,105120,100.0,105120,0,2025-01-01,2025-12-31 23:55:00,flow,75.138,True
flow,2025,FW.KKY.01,ประตูระบายน้ำคลองควาย,105120,105120,100.0,105120,0,2025-01-01,2025-12-31 23:55:00,flow,1.389,False
flow,2025,FW.KNG.01,ประตูระบายน้ำคลองหนึ่ง,105120,105120,100.0,105120,0,2025-01-01,2025-12-31 23:55:00,flow,1.428,False
flow,2025,FW.KPM.01,จุดวัดคลองเปรมประชากร ตอนวัดเทวสุนทร,105120,105120,100.0,105120,0,2025-01-01,2025-12-31 23:55:00,flow,95.794,True
flow,2025,FW.KPM.02,จุดวัดคลองเปรมประชากร ตอนซอยประชาชื่น 4 แยก 1-4,105120,105120,100.0,105120,0,2025-01-01,2025-12-31 23:55:00,flow,52.592,True
flow,2025,FW.KSO.01,ประตูระบายน้ำคลองซอย,105120,105120,100.0,105120,0,2025-01-01,2025-12-31 23:55:00,flow,0.66,False
flow,2025,FW.KSW.01,ประตูระบายน้ำคลองสามวา,105120,105120,100.0,105120,0,2025-01-01,2025-12-31 23:55:00,flow,2.12,False
flow,2025,FW.LKB.01,ประตูระบายน้ำลาดกระบัง,105120,105120,100.0,105120,0,2025-01-01,2025-12-31 23:55:00,flow,15.319,False
flow,2025,FW.LMT.01,ประตูระบายน้ำคลองลำหม้อแตก,105120,105120,100.0,105120,0,2025-01-01,2025-12-31 23:55:00,flow,0.635,False
flow,2025,FW.LPW.01,ประตูระบายน้ำคลองลาดพร้าว,105120,105120,100.0,105120,0,2025-01-01,2025-12-31 23:55:00,flow,6.932,False
flow,2025,FW.PKG.01,จุดวัดสะพานพระราม 8,105120,105120,100.0,105120,0,2025-01-01,2025-12-31 23:55:00,flow,0.369,False
flow,2025,FW.PNJ.01,สถานีสูบน้ำคลองขุนราชพินิจใจ,105120,105120,100.0,105120,0,2025-01-01,2025-12-31 23:55:00,flow,0.877,False
flow,2025,FW.PSC.01,จุดวัดคลองภาษีเจริญ ตอนคลองมหาศร,105120,105120,100.0,105120,0,2025-01-01,2025-12-31 23:55:00,flow,100.0,True
flow,2025,FW.PSR.01,ประตูระบายน้ำคลองพระยาสุเรนทร์,105120,105120,100.0,105120,0,2025-01-01,2025-12-31 23:55:00,flow,2.292,False
flow,2025,FW.PWT.01,จุดวัดคลองประเวศบุรีรมย์ ตอนวัดขจรศิริ,105120,105120,100.0,105120,0,2025-01-01,2025-12-31 23:55:00,flow,0.224,False
flow,2025,FW.RMT.01,สถานีสูบน้ำคลองพระยาราชมนตรี,105120,105120,100.0,105120,0,2025-01-01,2025-12-31 23:55:00,flow,1.235,False
flow,2025,FW.SBR.01,ประตูระบายน้ำคลองขุนศรีบุรีรักษ์,105120,105120,100.0,105120,0,2025-01-01,2025-12-31 23:55:00,flow,1.149,False
flow,2025,FW.SSB.01,สถานีสูบน้ำคลองแสนแสบ ตอนคลองตัน,105120,105120,100.0,105120,0,2025-01-01,2025-12-31 23:55:00,flow,0.345,False
flow,2025,FW.SSB.02,จุดวัดคลองแสนแสบ ตอนเขตบางกะปิ,105120,105120,100.0,105120,0,2025-01-01,2025-12-31 23:55:00,flow,0.237,False
flow,2025,FW.SSB.03,ประตูระบายน้ำคลองแสนแสบ-มีนบุรี,105120,105120,100.0,105120,0,2025-01-01,2025-12-31 23:55:00,flow,2.364,False
flow,2025,FW.SSM.01,ประตูระบายน้ำคลองสิบสาม,105120,105120,100.0,105120,0,2025-01-01,2025-12-31 23:55:00,flow,1.872,False
flow,2025,FW.SSN.01,สถานีสูบน้ำคลองสามเสน,105120,105120,100.0,105120,0,2025-01-01,2025-12-31 23:55:00,flow,1.063,False
flow,2025,FW.SST.01,ประตูระบายน้ำคลองสองสายใต้,105120,105120,100.0,105120,0,2025-01-01,2025-12-31 23:55:00,flow,0.944,False
flow,2025,FW.TWW.01,ประตูระบายน้ำคลองทวีวัฒนา,105120,105120,100.0,105120,0,2025-01-01,2025-12-31 23:55:00,flow,1.09,False
rain,2019,RF.BBN.01,สำนักงานเขตบางบอน,105120,105120,100.0,105120,0,2019-01-01,2019-12-31 23:55:00,rf1hr,0.0,False
rain,2019,RF.BBN.02,จุดวัดคลองบางบอน ตอนคลองสะแกงาม,105120,105120,100.0,105120,0,2019-01-01,2019-12-31 23:55:00,rf1hr,0.0,False
rain,2019,RF.BKA.01,สำนักงานเขตบางเขน,105120,105120,100.0,105120,0,2019-01-01,2019-12-31 23:55:00,rf1hr,0.0,False
rain,2019,RF.BKA.02,จุดวัดคลองบางบัว,105120,105120,100.0,105120,0,2019-01-01,2019-12-31 23:55:00,rf1hr,0.0,False
rain,2019,RF.BKE.01,สำนักงานเขตบางแค,105120,105120,100.0,105120,0,2019-01-01,2019-12-31 23:55:00,rf1hr,0.0,False
rain,2019,RF.BKE.02,จุดวัดคลองราชมนตรี ตอนคลองภาษีเจริญ,105120,105120,100.0,105120,0,2019-01-01,2019-12-31 23:55:00,rf1hr,0.0,False
rain,2019,RF.BKE.03,สถานีสูบน้ำคลองบางจาก,105120,105120,100.0,105120,0,2019-01-01,2019-12-31 23:55:00,rf1hr,0.0,False
rain,2019,RF.BKE.04,บ่อสูบน้ำหมู่บ้านเศรษฐกิจ ซอย 26,105120,105120,100.0,105120,0,2019-01-01,2019-12-31 23:55:00,rf1hr,0.0,False
rain,2019,RF.BKL.01,สำนักงานเขตบางคอแหลม,105120,105120,100.0,105120,0,2019-01-01,2019-12-31 23:55:00,rf1hr,0.0,False
rain,2019,RF.BKL.02,สถานีสูบน้ำ คลองวัดไทร,105120,105120,100.0,105120,0,2019-01-01,2019-12-31 23:55:00,rf1hr,0.0,False
rain,2019,RF.BKM.01,สำนักงานเขตบึงกุ่ม,105120,105120,100.0,105120,0,2019-01-01,2019-12-31 23:55:00,rf1hr,0.0,False
rain,2019,RF.BKN.01,สำนักงานเขตบางกอกน้อย,105120,105120,100.0,105120,0,2019-01-01,2019-12-31 23:55:00,rf1hr,0.0,False
rain,2019,RF.BKN.02,สถานีสูบน้ำ คลองมอญ,105120,105120,100.0,105120,0,2019-01-01,2019-12-31 23:55:00,rf1hr,0.0,False
rain,2019,RF.BKP.02,จุดวัดคลองแสนแสบ ตอนสำนักงานเขตบางกะปิ,105120,105120,100.0,105120,0,2019-01-01,2019-12-31 23:55:00,rf1hr,0.0,False
rain,2019,RF.BKT.01,สำนักงานเขตบางขุนเทียน,105120,105120,100.0,105120,0,2019-01-01,2019-12-31 23:55:00,rf1hr,0.0,False
rain,2019,RF.BKT.02,สถานีสูบน้ำ คลองเลนเปน,105120,105120,100.0,105120,0,2019-01-01,2019-12-31 23:55:00,rf1hr,0.0,False
rain,2019,RF.BKT.03,สถานีสูบน้ำ คลองระหาญ,105120,105120,100.0,105120,0,2019-01-01,2019-12-31 23:55:00,rf1hr,0.0,False
rain,2019,RF.BKT.04,สถานีสูบน้ำ คลองพระยาราชมนตรี,105120,105120,100.0,105120,0,2019-01-01,2019-12-31 23:55:00,rf1hr,0.0,False
rain,2019,RF.BKT.05,สถานีสูบน้ำ คลองสนามชัย,105120,105120,100.0,105120,0,2019-01-01,2019-12-31 23:55:00,rf1hr,0.0,False
rain,2019,RF.BKY.01,สำนักงานเขตบางกอกใหญ่,105120,105120,100.0,105120,0,2019-01-01,2019-12-31 23:55:00,rf1hr,0.0,False
rain,2019,RF.BKY.02,สถานีสูบน้ำ คลองบางกอกใหญ่,105120,105120,100.0,105120,0,2019-01-01,2019-12-31 23:55:00,rf1hr,0.0,False
rain,2019,RF.BNA.01,สำนักงานเขตบางนา,105120,105120,100.0,105120,0,2019-01-01,2019-12-31 23:55:00,rf1hr,0.0,False
rain,2019,RF.BNA.02,สถานีสูบน้ำ บางนา,105120,105120,100.0,105120,0,2019-01-01,2019-12-31 23:55:00,rf1hr,0.0,False
rain,2019,RF.BNA.03,จุดวัดคลองบางนา ตอนถนนศรีนครินทร์,105120,105120,100.0,105120,0,2019-01-01,2019-12-31 23:55:00,rf1hr,0.0,False
rain,2019,RF.BPD.01,สำนักงานเขตบางพลัด,105120,105120,100.0,105120,0,2019-01-01,2019-12-31 23:55:00,rf1hr,0.0,False
rain,2019,RF.BRK.01,สำนักงานเขตบางรัก,105120,105120,100.0,105120,0,2019-01-01,2019-12-31 23:55:00,rf1hr,0.0,False
rain,2019,RF.BRK.02,สถานีสูบน้ำ กรุงเกษม,105120,105120,100.0,105120,0,2019-01-01,2019-12-31 23:55:00,rf1hr,0.0,False
rain,2019,RF.BSU.01,สำนักงานเขตบางซื่อ,105120,105120,100.0,105120,0,2019-01-01,2019-12-31 23:55:00,rf1hr,0.0,False
rain,2019,RF.BSU.02,สถานีสูบน้ำ คลองบางเขนใหม่,105120,105120,100.0,105120,0,2019-01-01,2019-12-31 23:55:00,rf1hr,0.0,False
rain,2019,RF.BSU.03,สถานีสูบน้ำ คลองบางซื่อ,105120,105120,100.0,105120,0,2019-01-01,2019-12-31 23:55:00,rf1hr,0.0,False
rain,2019,RF.BSU.04,บ่อสูบน้ำสะพานขวา ถนนประชาราษฎร์ สาย 2,105120,105120,100.0,105120,0,2019-01-01,2019-12-31 23:55:00,rf1hr,0.0,False
rain,2019,RF.CTC.01,บ่อสูบน้ำศาลอาญา ถนนรัชดาภิเษก,105120,105120,100.0,105120,0,2019-01-01,2019-12-31 23:55:00,rf1hr,0.0,False
rain,2019,RF.CTC.02,สถานีสูบน้ำ รัชดา-วิภาวดี,105120,105120,100.0,105120,0,2019-01-01,2019-12-31 23:55:00,rf1hr,0.0,False
rain,2019,RF.CTC.03,จุดวัดถนนเทศบาลสงเคราะห์,105120,105120,100.0,105120,0,2019-01-01,2019-12-31 23:55:00,rf1hr,0.0,False
rain,2019,RF.DDG.02,ศูนย์ควบคุมระบบป้องกันน้ำท่วมกรุงเทพมหานคร สำนักการระบายน้ำ,105120,105120,100.0,105120,0,2019-01-01,2019-12-31 23:55:00,rf1hr,0.043,False
rain,2019,RF.DMG.01,สำนักงานเขตดอนเมือง,105120,105120,100.0,105120,0,2019-01-01,2019-12-31 23:55:00,rf1hr,0.0,False
rain,2019,RF.DST.01,สำนักงานเขตดุสิต,105120,105120,100.0,105120,0,2019-01-01,2019-12-31 23:55:00,rf1hr,0.0,False
rain,2019,RF.DST.02,สถานีสูบน้ำ สามเสน,105120,105120,100.0,105120,0,2019-01-01,2019-12-31 23:55:00,rf1hr,0.0,False
rain,2019,RF.HKG.01,สำนักงานเขตห้วยขวาง,105120,105120,100.0,105120,0,2019-01-01,2019-12-31 23:55:00,rf1hr,0.0,False
rain,2019,RF.HKG.02,สถานีสูบน้ำ สามเสน ตอนคลองแสนแสบ,105120,105120,100.0,105120,0,2019-01-01,2019-12-31 23:55:00,rf1hr,0.0,False
rain,2019,RF.JTG.01,สำนักงานเขตจอมทอง,105120,105120,100.0,105120,0,2019-01-01,2019-12-31 23:55:00,rf1hr,0.0,False
rain,2019,RF.JTG.02,จุดวัดคลองสนามชัย ตอนคลองบางขุนเทียน,105120,105120,100.0,105120,0,2019-01-01,2019-12-31 23:55:00,rf1hr,0.0,False
rain,2019,RF.JTG.03,สถานีสูบน้ำ คลองสี่บาท,105120,105120,100.0,105120,0,2019-01-01,2019-12-31 23:55:00,rf1hr,0.0,False
rain,2019,RF.KNY.02,จุดวัดคลองลำชะล่า ตอนถนนนวมินทร์,105120,105120,100.0,105120,0,2019-01-01,2019-12-31 23:55:00,rf1hr,0.0,False
rain,2019,RF.KSN.01,สำนักงานเขตคลองสาน,105120,105120,100.0,105120,0,2019-01-01,2019-12-31 23:55:00,rf1hr,0.0,False
rain,2019,RF.KSN.02,สถานีสูบน้ำ คลองบางไส้ไก่,105120,105120,100.0,105120,0,2019-01-01,2019-12-31 23:55:00,rf1hr,0.0,False
rain,2019,RF.KSW.01,สำนักงานเขตคลองสามวา,105120,105120,100.0,105120,0,2019-01-01,2019-12-31 23:55:00,rf1hr,0.0,False
rain,2019,RF.KSW.02,ประตูระบายน้ำ คลองสามวา,105120,105120,100.0,105120,0,2019-01-01,2019-12-31 23:55:00,rf1hr,0.0,False
rain,2019,RF.KSW.03,จุดวัดคลองเก้า ตอนวัดศรีสุขสถาพร,105120,105120,100.0,105120,0,2019-01-01,2019-12-31 23:55:00,rf1hr,0.0,False
rain,2019,RF.KTY.01,สำนักงานเขตคลองเตย,105120,105120,100.0,105120,0,2019-01-01,2019-12-31 23:55:00,rf1hr,0.0,False
rain,2019,RF.KTY.02,สถานีสูบน้ำ พระราม 4,105120,105120,100.0,105120,0,2019-01-01,2019-12-31 23:55:00,rf1hr,0.075,False
rain,2019,RF.KTY.03,สถานีสูบน้ำ พระโขนง,105120,105120,100.0,105120,0,2019-01-01,2019-12-31 23:55:00,rf1hr,0.0,False
rain,2019,RF.KTY.04,สถานีสูบน้ำ คลองเตย,105120,105120,100.0,105120,0,2019-01-01,2019-12-31 23:55:00,rf1hr,0.0,False
rain,2019,RF.KTY.05,สถานีวัดน้ำฝน อุทยานเบญจสิริ,105120,105120,100.0,105120,0,2019-01-01,2019-12-31 23:55:00,rf1hr,0.053,False
rain,2019,RF.LKB.02,ประตูระบายน้ำ คลองประเวศบุรีรมย์ ตอนลาดกระบัง,105120,105120,100.0,105120,0,2019-01-01,2019-12-31 23:55:00,rf1hr,0.0,False
rain,2019,RF.LKB.03,จุดวัดคลองประเวศบุรีรมย์ ตอน รพ.ลาดกระบัง,105120,105120,100.0,105120,0,2019-01-01,2019-12-31 23:55:00,rf1hr,0.0,False
rain,2019,RF.LKB.04,จุดวัดคลองประเวศบุรีรมย์ ตอนถนนร่วมพัฒนา,105120,105120,100.0,105120,0,2019-01-01,2019-12-31 23:55:00,rf1hr,0.0,False
rain,2019,RF.LPW.01,สำนักงานเขตลาดพร้าว,105120,105120,100.0,105120,0,2019-01-01,2019-12-31 23:55:00,rf1hr,0.0,False
rain,2019,RF.LSI.01,สำนักงานเขตหลักสี่,105120,105120,100.0,105120,0,2019-01-01,2019-12-31 23:55:00,rf1hr,0.0,False
rain,2019,RF.LSI.02,สถานีสูบน้ำ คลองตาอูฐ,105120,105120,100.0,105120,0,2019-01-01,2019-12-31 23:55:00,rf1hr,0.0,False
rain,2019,RF.LSI.03,จุดวัดศูนย์ราชการ-ถนนแจ้งวัฒนะ,105120,105120,100.0,105120,0,2019-01-01,2019-12-31 23:55:00,rf1hr,0.0,False
rain,2019,RF.MBR.01,สำนักงานเขตมีนบุรี,105120,105120,100.0,105120,0,2019-01-01,2019-12-31 23:55:00,rf1hr,0.0,False
rain,2019,RF.MBR.02,ประตูระบายน้ำ คลองแสนแสบ ตอนถนนประชาร่วมใจ,105120,105120,100.0,105120,0,2019-01-01,2019-12-31 23:55:00,rf1hr,0.0,False
rain,2019,RF.MBR.03,ประตูระบายน้ำ คลองบึงขวาง,105120,105120,100.0,105120,0,2019-01-01,2019-12-31 23:55:00,rf1hr,0.0,False
rain,2019,RF.MBR.05,จุดวัดคลองบึงใหญ่ ตอนวัดทองสัมฤทธิ์,105120,105120,100.0,105120,0,2019-01-01,2019-12-31 23:55:00,rf1hr,0.0,False
rain,2019,RF.NJK.01,สำนักงานเขตหนองจอก,105120,105120,100.0,105120,0,2019-01-01,2019-12-31 23:55:00,rf1hr,0.0,False
rain,2019,RF.NJK.02,สถานีสูบน้ำ คลองแสนแสบ หนองจอก,105120,105120,100.0,105120,0,2019-01-01,2019-12-31 23:55:00,rf1hr,0.0,False
rain,2019,RF.NJK.03,จุดวัดคลองสิบสอง ตอนถนนประชาสำราญ,105120,105120,100.0,105120,0,2019-01-01,2019-12-31 23:55:00,rf1hr,0.0,False
rain,2019,RF.NJK.04,ประตูระบายน้ำ คลองสิบสาม,105120,105120,100.0,105120,0,2019-01-01,2019-12-31 23:55:00,rf1hr,0.0,False
rain,2019,RF.NJK.05,ประตูระบายน้ำ คลองหลวงแพ่ง,105120,105120,100.0,105120,0,2019-01-01,2019-12-31 23:55:00,rf1hr,0.0,False
rain,2019,RF.NJK.06,จุดวัดคลองลำผักชี ตอนโรงเรียนลำผักชี,105120,105120,100.0,105120,0,2019-01-01,2019-12-31 23:55:00,rf1hr,0.0,False
rain,2019,RF.NJK.07,จุดวัดคลองแสนแสบ ตอนวัดทรัพย์สโมสรนิกรเกษม,105120,105120,100.0,105120,0,2019-01-01,2019-12-31 23:55:00,rf1hr,0.0,False
rain,2019,RF.NKM.01,สำนักงานเขตหนองแขม,105120,105120,100.0,105120,0,2019-01-01,2019-12-31 23:55:00,rf1hr,0.0,False
rain,2019,RF.NKM.02,จุดวัดคลองทวีวัฒนา ตอนคลองภาษีเจริญ,105120,105120,100.0,105120,0,2019-01-01,2019-12-31 23:55:00,rf1hr,0.0,False
rain,2019,RF.NKM.03,จุดวัดคลองภาษีเจริญ ตอนคลองมหาศร,105120,105120,100.0,105120,0,2019-01-01,2019-12-31 23:55:00,rf1hr,0.0,False
rain,2019,RF.PKN.01,สำนักงานเขตพระโขนง,105120,105120,100.0,105120,0,2019-01-01,2019-12-31 23:55:00,rf1hr,0.0,False
rain,2019,RF.PKN.02,สถานีสูบน้ำ คลองเจ็ก,105120,105120,100.0,105120,0,2019-01-01,2019-12-31 23:55:00,rf1hr,0.0,False
rain,2019,RF.PKN.03,สถานีสูบน้ำ บางอ้อ,105120,105120,100.0,105120,0,2019-01-01,2019-12-31 23:55:00,rf1hr,0.0,False
rain,2019,RF.PKN.04,สถานีสูบน้ำ บางจาก,105120,105120,100.0,105120,0,2019-01-01,2019-12-31 23:55:00,rf1hr,0.0,False
rain,2019,RF.PNK.01,สำนักงานเขตพระนคร,105120,105120,100.0,105120,0,2019-01-01,2019-12-31 23:55:00,rf1hr,0.0,False
rain,2019,RF.PNK.02,สถานีสูบน้ำ เทเวศร์,105120,105120,100.0,105120,0,2019-01-01,2019-12-31 23:55:00,rf1hr,0.0,False
rain,2019,RF.PNK.03,ปากคลองตลาด,105120,105120,100.0,105120,0,2019-01-01,2019-12-31 23:55:00,rf1hr,0.0,False
rain,2019,RF.PPS.01,สำนักงานเขตป้อมปราบศัตรูพ่าย,105120,105120,100.0,105120,0,2019-01-01,2019-12-31 23:55:00,rf1hr,0.0,False
rain,2019,RF.PSC.01,สำนักงานเขตภาษีเจริญ,105120,105120,100.0,105120,0,2019-01-01,2019-12-31 23:55:00,rf1hr,0.0,False
rain,2019,RF.PSC.03,จุดวัดคลองบางเชือกหนัง ตอนถนนพุทธมณฑลสาย 1,105120,105120,100.0,105120,0,2019-01-01,2019-12-31 23:55:00,rf1hr,0.0,False
rain,2019,RF.PSC.04,สถานีสูบน้ำ คลองภาษีเจริญ,105120,105120,100.0,105120,0,2019-01-01,2019-12-31 23:55:00,rf1hr,0.0,False
rain,2019,RF.PSC.05,จุดวัดคลองบางเชือกหนัง ตอนวัดปากน้ำฝั่งใต้,105120,105120,100.0,105120,0,2019-01-01,2019-12-31 23:55:00,rf1hr,0.0,False
rain,2019,RF.PTW.01,สำนักงานเขตปทุมวัน,105120,105120,100.0,105120,0,2019-01-01,2019-12-31 23:55:00,rf1hr,0.0,False
rain,2019,RF.PTW.02,สถานีสูบน้ำ คลองอรชร,105120,105120,100.0,105120,0,2019-01-01,2019-12-31 23:55:00,rf1hr,0.0,False
rain,2019,RF.PWT.01,สำนักงานเขตประเวศ,105120,105120,100.0,105120,0,2019-01-01,2019-12-31 23:55:00,rf1hr,0.0,False
rain,2019,RF.PWT.02,ประตูระบายน้ำ คลองประเวศบุรีรมย์ ตอนวัดกระทุ่มเสือปลา,105120,105120,100.0,105120,0,2019-01-01,2019-12-31 23:55:00,rf1hr,0.0,False
rain,2019,RF.PWT.03,จุดวัดบึงหนองบอน,105120,105120,100.0,105120,0,2019-01-01,2019-12-31 23:55:00,rf1hr,0.0,False
rain,2019,RF.PYT.01,สำนักงานเขตพญาไท,105120,105120,100.0,105120,0,2019-01-01,2019-12-31 23:55:00,rf1hr,0.0,False
rain,2019,RF.RBN.01,สำนักงานเขตราษฎร์บูรณะ,105120,105120,100.0,105120,0,2019-01-01,2019-12-31 23:55:00,rf1hr,0.0,False
rain,2019,RF.RBN.02,สถานีสูบน้ำ คลองแจงร้อน,105120,105120,100.0,105120,0,2019-01-01,2019-12-31 23:55:00,rf1hr,0.0,False
rain,2019,RF.RTW.01,สำนักงานเขตราชเทวี,105120,105120,100.0,105120,0,2019-01-01,2019-12-31 23:55:00,rf1hr,0.0,False
rain,2019,RF.RTW.02,จุดวัดคลองสามเสน ตอน รพ.พระมงกุฎเกล้า,105120,105120,100.0,105120,0,2019-01-01,2019-12-31 23:55:00,rf1hr,0.0,False
rain,2019,RF.RTW.03,อาคารรับน้ำบึงมักกะสัน,105120,105120,100.0,105120,0,2019-01-01,2019-12-31 23:55:00,rf1hr,0.0,False
rain,2019,RF.SLG.01,สำนักงานเขตสวนหลวง,105120,105120,100.0,105120,0,2019-01-01,2019-12-31 23:55:00,rf1hr,0.0,False
rain,2019,RF.SLG.02,จุดวัดคลองประเวศบุรีรมย์ ตอนวัดขจรศิริ,105120,105120,100.0,105120,0,2019-01-01,2019-12-31 23:55:00,rf1hr,0.0,False
rain,2019,RF.SMI.01,สำนักงานเขตสายไหม,105120,105120,100.0,105120,0,2019-01-01,2019-12-31 23:55:00,rf1hr,0.0,False
rain,2019,RF.SMI.02,ประตูระบายน้ำ คลองสองสายใต้,105120,105120,100.0,105120,0,2019-01-01,2019-12-31 23:55:00,rf1hr,0.0,False
rain,2019,RF.SMI.03,ประตูระบายน้ำ คลองพระยาสุเรนทร์,105120,105120,100.0,105120,0,2019-01-01,2019-12-31 23:55:00,rf1hr,0.0,False
rain,2019,RF.SMI.04,จุดวัดซอยแอนเน็กซ์,105120,105120,100.0,105120,0,2019-01-01,2019-12-31 23:55:00,rf1hr,0.0,False
rain,2019,RF.SPK.01,สถานีสูบน้ำ คลองสำโรง,105120,105120,100.0,105120,0,2019-01-01,2019-12-31 23:55:00,rf1hr,0.0,False
rain,2019,RF.SPS.01,สำนักงานเขตสะพานสูง,105120,105120,100.0,105120,0,2019-01-01,2019-12-31 23:55:00,rf1hr,0.0,False
rain,2019,RF.SPS.02,ประตูระบายน้ำ คลองแสนแสบ ตอนบางชัน,105120,105120,100.0,105120,0,2019-01-01,2019-12-31 23:55:00,rf1hr,0.0,False
rain,2019,RF.SPW.01,บ่อสูบน้ำ ท่าน้ำสวัสดี,105120,105120,100.0,105120,0,2019-01-01,2019-12-31 23:55:00,rf1hr,0.0,False
rain,2019,RF.STN.01,สำนักงานเขตสาทร,105120,105120,100.0,105120,0,2019-01-01,2019-12-31 23:55:00,rf1hr,0.0,False
rain,2019,RF.STN.02,สถานีสูบน้ำ คลองสาทร,105120,105120,100.0,105120,0,2019-01-01,2019-12-31 23:55:00,rf1hr,0.0,False
rain,2019,RF.TBR.01,สำนักงานเขตธนบุรี,105120,105120,100.0,105120,0,2019-01-01,2019-12-31 23:55:00,rf1hr,0.0,False
rain,2019,RF.TBR.02,สถานีสูบน้ำ คลองสำเหร่,105120,105120,100.0,105120,0,2019-01-01,2019-12-31 23:55:00,rf1hr,0.0,False
rain,2019,RF.TBR.03,สถานีสูบน้ำ ดาวคะนอง,105120,105120,100.0,105120,0,2019-01-01,2019-12-31 23:55:00,rf1hr,0.0,False
rain,2019,RF.TKU.01,สำนักงานเขตทุ่งครุ,105120,105120,100.0,105120,0,2019-01-01,2019-12-31 23:55:00,rf1hr,0.0,False
rain,2019,RF.TKU.02,ประตูระบายน้ำ คลองรางจาก ตอนถนนประชาอุทิศ,105120,105120,100.0,105120,0,2019-01-01,2019-12-31 23:55:00,rf1hr,0.0,False
rain,2019,RF.TLC.01,สำนักงานเขตตลิ่งชัน,105120,105120,100.0,105120,0,2019-01-01,2019-12-31 23:55:00,rf1hr,0.0,False
rain,2019,RF.TLC.02,ประตูระบายน้ำ คลองบัว ตอนทางรถไฟสายใต้,105120,105120,100.0,105120,0,2019-01-01,2019-12-31 23:55:00,rf1hr,0.0,False
rain,2019,RF.TLC.03,สถานีสูบน้ำ คลองชักพระ,105120,105120,100.0,105120,0,2019-01-01,2019-12-31 23:55:00,rf1hr,0.0,False
rain,2019,RF.TWW.01,สำนักงานเขตทวีวัฒนา,105120,105120,100.0,105120,0,2019-01-01,2019-12-31 23:55:00,rf1hr,0.0,False
rain,2019,RF.TWW.02,ประตูระบายน้ำ คลองทวีวัฒนา,105120,105120,100.0,105120,0,2019-01-01,2019-12-31 23:55:00,rf1hr,0.0,False
rain,2019,RF.TWW.03,ประตูระบายน้ำ คลองขุนศรีบุรีรักษ์ ตอนคลองมหาสวัสดิ์,105120,105120,100.0,105120,0,2019-01-01,2019-12-31 23:55:00,rf1hr,0.0,False
rain,2019,RF.TWW.04,จุดวัดคลองทวีวัฒนา ตอนคลองบางเชือกหนัง,105120,105120,100.0,105120,0,2019-01-01,2019-12-31 23:55:00,rf1hr,0.0,False
rain,2019,RF.WTL.01,สำนักงานเขตวังทองหลาง,105120,105120,100.0,105120,0,2019-01-01,2019-12-31 23:55:00,rf1hr,0.0,False
rain,2019,RF.WTL.02,ประตูระบายน้ำ คลองลาดพร้าว,105120,105120,100.0,105120,0,2019-01-01,2019-12-31 23:55:00,rf1hr,0.0,False
rain,2019,RF.WTL.03,สถานีสูบน้ำ คลองเจ้าคุณสิงห์,105120,105120,100.0,105120,0,2019-01-01,2019-12-31 23:55:00,rf1hr,0.0,False
rain,2019,RF.WTN.01,สำนักงานเขตวัฒนา,105120,105120,100.0,105120,0,2019-01-01,2019-12-31 23:55:00,rf1hr,0.0,False
rain,2019,RF.WTN.02,สถานีสูบน้ำ คลองแสนแสบตอนคลองตัน,105120,105120,100.0,105120,0,2019-01-01,2019-12-31 23:55:00,rf1hr,0.0,False
rain,2019,RF.YNW.01,สำนักงานเขตยานนาวา,105120,105120,100.0,105120,0,2019-01-01,2019-12-31 23:55:00,rf1hr,0.0,False
rain,2019,RF.YNW.02,สถานีสูบน้ำ คลองช่องนนทรี,105120,105120,100.0,105120,0,2019-01-01,2019-12-31 23:55:00,rf1hr,0.0,False
rain,2019,RF.YNW.03,ประตูระบายน้ำ คลองวัดด่าน,105120,105120,100.0,105120,0,2019-01-01,2019-12-31 23:55:00,rf1hr,0.0,False
rain,2020,RF.BBN.01,สำนักงานเขตบางบอน,105408,105408,100.0,105408,0,2020-01-01,2020-12-31 23:55:00,rf1hr,0.02,False
rain,2020,RF.BBN.02,จุดวัดคลองบางบอน ตอนคลองสะแกงาม,105408,105408,100.0,105408,0,2020-01-01,2020-12-31 23:55:00,rf1hr,0.002,False
rain,2020,RF.BKA.01,สำนักงานเขตบางเขน,105408,105408,100.0,105408,0,2020-01-01,2020-12-31 23:55:00,rf1hr,0.099,False
rain,2020,RF.BKA.02,จุดวัดคลองบางบัว,105408,105408,100.0,105408,0,2020-01-01,2020-12-31 23:55:00,rf1hr,0.0,False
rain,2020,RF.BKE.01,สำนักงานเขตบางแค,105408,105408,100.0,105408,0,2020-01-01,2020-12-31 23:55:00,rf1hr,0.0,False
rain,2020,RF.BKE.02,จุดวัดคลองราชมนตรี ตอนคลองภาษีเจริญ,105408,105408,100.0,105408,0,2020-01-01,2020-12-31 23:55:00,rf1hr,0.002,False
rain,2020,RF.BKE.03,สถานีสูบน้ำคลองบางจาก,105408,105408,100.0,105408,0,2020-01-01,2020-12-31 23:55:00,rf1hr,0.002,False
rain,2020,RF.BKE.04,บ่อสูบน้ำหมู่บ้านเศรษฐกิจ ซอย 26,105408,105408,100.0,105408,0,2020-01-01,2020-12-31 23:55:00,rf1hr,0.019,False
rain,2020,RF.BKL.01,สำนักงานเขตบางคอแหลม,105408,105408,100.0,105408,0,2020-01-01,2020-12-31 23:55:00,rf1hr,0.1,False
rain,2020,RF.BKL.02,สถานีสูบน้ำ คลองวัดไทร,105408,105408,100.0,105408,0,2020-01-01,2020-12-31 23:55:00,rf1hr,0.0,False
rain,2020,RF.BKM.01,สำนักงานเขตบึงกุ่ม,105408,105408,100.0,105408,0,2020-01-01,2020-12-31 23:55:00,rf1hr,0.049,False
rain,2020,RF.BKN.01,สำนักงานเขตบางกอกน้อย,105408,105408,100.0,105408,0,2020-01-01,2020-12-31 23:55:00,rf1hr,0.014,False
rain,2020,RF.BKN.02,สถานีสูบน้ำ คลองมอญ,105408,105408,100.0,105408,0,2020-01-01,2020-12-31 23:55:00,rf1hr,0.002,False
rain,2020,RF.BKP.02,จุดวัดคลองแสนแสบ ตอนสำนักงานเขตบางกะปิ,105408,105408,100.0,105408,0,2020-01-01,2020-12-31 23:55:00,rf1hr,0.004,False
rain,2020,RF.BKT.01,สำนักงานเขตบางขุนเทียน,105408,105408,100.0,105408,0,2020-01-01,2020-12-31 23:55:00,rf1hr,0.029,False
rain,2020,RF.BKT.02,สถานีสูบน้ำ คลองเลนเปน,105408,105408,100.0,105408,0,2020-01-01,2020-12-31 23:55:00,rf1hr,0.004,False
rain,2020,RF.BKT.03,สถานีสูบน้ำ คลองระหาญ,105408,105408,100.0,105408,0,2020-01-01,2020-12-31 23:55:00,rf1hr,0.005,False
rain,2020,RF.BKT.04,สถานีสูบน้ำ คลองพระยาราชมนตรี,105408,105408,100.0,105408,0,2020-01-01,2020-12-31 23:55:00,rf1hr,0.005,False
rain,2020,RF.BKT.05,สถานีสูบน้ำ คลองสนามชัย,105408,105408,100.0,105408,0,2020-01-01,2020-12-31 23:55:00,rf1hr,0.004,False
rain,2020,RF.BKY.01,สำนักงานเขตบางกอกใหญ่,105408,105408,100.0,105408,0,2020-01-01,2020-12-31 23:55:00,rf1hr,0.091,False
rain,2020,RF.BKY.02,สถานีสูบน้ำ คลองบางกอกใหญ่,105408,105408,100.0,105408,0,2020-01-01,2020-12-31 23:55:00,rf1hr,0.002,False
rain,2020,RF.BNA.01,สำนักงานเขตบางนา,105408,105408,100.0,105408,0,2020-01-01,2020-12-31 23:55:00,rf1hr,0.038,False
rain,2020,RF.BNA.02,สถานีสูบน้ำ บางนา,105408,105408,100.0,105408,0,2020-01-01,2020-12-31 23:55:00,rf1hr,0.002,False
rain,2020,RF.BNA.03,จุดวัดคลองบางนา ตอนถนนศรีนครินทร์,105408,105408,100.0,105408,0,2020-01-01,2020-12-31 23:55:00,rf1hr,0.018,False
rain,2020,RF.BPD.01,สำนักงานเขตบางพลัด,105408,105408,100.0,105408,0,2020-01-01,2020-12-31 23:55:00,rf1hr,0.033,False
rain,2020,RF.BRK.01,สำนักงานเขตบางรัก,105408,105408,100.0,105408,0,2020-01-01,2020-12-31 23:55:00,rf1hr,0.028,False
rain,2020,RF.BRK.02,สถานีสูบน้ำ กรุงเกษม,105408,105408,100.0,105408,0,2020-01-01,2020-12-31 23:55:00,rf1hr,0.0,False
rain,2020,RF.BSU.01,สำนักงานเขตบางซื่อ,105408,105408,100.0,105408,0,2020-01-01,2020-12-31 23:55:00,rf1hr,0.517,False
rain,2020,RF.BSU.02,สถานีสูบน้ำ คลองบางเขนใหม่,105408,105408,100.0,105408,0,2020-01-01,2020-12-31 23:55:00,rf1hr,0.0,False
rain,2020,RF.BSU.03,สถานีสูบน้ำ คลองบางซื่อ,105408,105408,100.0,105408,0,2020-01-01,2020-12-31 23:55:00,rf1hr,0.0,False
rain,2020,RF.BSU.04,บ่อสูบน้ำสะพานขวา ถนนประชาราษฎร์ สาย 2,105408,105408,100.0,105408,0,2020-01-01,2020-12-31 23:55:00,rf1hr,0.015,False
rain,2020,RF.CTC.01,บ่อสูบน้ำศาลอาญา ถนนรัชดาภิเษก,105408,105408,100.0,105408,0,2020-01-01,2020-12-31 23:55:00,rf1hr,0.349,False
rain,2020,RF.CTC.02,สถานีสูบน้ำ รัชดา-วิภาวดี,105408,105408,100.0,105408,0,2020-01-01,2020-12-31 23:55:00,rf1hr,1.14,False
rain,2020,RF.CTC.03,จุดวัดถนนเทศบาลสงเคราะห์,105408,105408,100.0,105408,0,2020-01-01,2020-12-31 23:55:00,rf1hr,0.014,False
rain,2020,RF.DDG.02,ศูนย์ควบคุมระบบป้องกันน้ำท่วมกรุงเทพมหานคร สำนักการระบายน้ำ,105408,105408,100.0,105408,0,2020-01-01,2020-12-31 23:55:00,rf1hr,0.01,False
rain,2020,RF.DMG.01,สำนักงานเขตดอนเมือง,105408,105408,100.0,105408,0,2020-01-01,2020-12-31 23:55:00,rf1hr,0.05,False
rain,2020,RF.DST.01,สำนักงานเขตดุสิต,105408,105408,100.0,105408,0,2020-01-01,2020-12-31 23:55:00,rf1hr,0.166,False
rain,2020,RF.DST.02,สถานีสูบน้ำ สามเสน,105408,105408,100.0,105408,0,2020-01-01,2020-12-31 23:55:00,rf1hr,0.0,False
rain,2020,RF.HKG.01,สำนักงานเขตห้วยขวาง,105408,105408,100.0,105408,0,2020-01-01,2020-12-31 23:55:00,rf1hr,0.032,False
rain,2020,RF.HKG.02,สถานีสูบน้ำ สามเสน ตอนคลองแสนแสบ,105408,105408,100.0,105408,0,2020-01-01,2020-12-31 23:55:00,rf1hr,0.0,False
rain,2020,RF.JTG.01,สำนักงานเขตจอมทอง,105408,105408,100.0,105408,0,2020-01-01,2020-12-31 23:55:00,rf1hr,0.029,False
rain,2020,RF.JTG.02,จุดวัดคลองสนามชัย ตอนคลองบางขุนเทียน,105408,105408,100.0,105408,0,2020-01-01,2020-12-31 23:55:00,rf1hr,0.003,False
rain,2020,RF.JTG.03,สถานีสูบน้ำ คลองสี่บาท,105408,105408,100.0,105408,0,2020-01-01,2020-12-31 23:55:00,rf1hr,0.857,False
rain,2020,RF.KNY.02,จุดวัดคลองลำชะล่า ตอนถนนนวมินทร์,105408,105408,100.0,105408,0,2020-01-01,2020-12-31 23:55:00,rf1hr,0.001,False
rain,2020,RF.KSN.01,สำนักงานเขตคลองสาน,105408,105408,100.0,105408,0,2020-01-01,2020-12-31 23:55:00,rf1hr,0.032,False
rain,2020,RF.KSN.02,สถานีสูบน้ำ คลองบางไส้ไก่,105408,105408,100.0,105408,0,2020-01-01,2020-12-31 23:55:00,rf1hr,0.001,False
rain,2020,RF.KSW.01,สำนักงานเขตคลองสามวา,105408,105408,100.0,105408,0,2020-01-01,2020-12-31 23:55:00,rf1hr,0.044,False
rain,2020,RF.KSW.02,ประตูระบายน้ำ คลองสามวา,105408,105408,100.0,105408,0,2020-01-01,2020-12-31 23:55:00,rf1hr,0.0,False
rain,2020,RF.KSW.03,จุดวัดคลองเก้า ตอนวัดศรีสุขสถาพร,105408,105408,100.0,105408,0,2020-01-01,2020-12-31 23:55:00,rf1hr,0.001,False
rain,2020,RF.KTY.01,สำนักงานเขตคลองเตย,105408,105408,100.0,105408,0,2020-01-01,2020-12-31 23:55:00,rf1hr,0.218,False
rain,2020,RF.KTY.02,สถานีสูบน้ำ พระราม 4,105408,105408,100.0,105408,0,2020-01-01,2020-12-31 23:55:00,rf1hr,0.241,False
rain,2020,RF.KTY.03,สถานีสูบน้ำ พระโขนง,105408,105408,100.0,105408,0,2020-01-01,2020-12-31 23:55:00,rf1hr,0.0,False
rain,2020,RF.KTY.04,สถานีสูบน้ำ คลองเตย,105408,105408,100.0,105408,0,2020-01-01,2020-12-31 23:55:00,rf1hr,0.001,False
rain,2020,RF.KTY.05,สถานีวัดน้ำฝน อุทยานเบญจสิริ,105408,105408,100.0,105408,0,2020-01-01,2020-12-31 23:55:00,rf1hr,0.011,False
rain,2020,RF.LKB.02,ประตูระบายน้ำ คลองประเวศบุรีรมย์ ตอนลาดกระบัง,105408,105408,100.0,105408,0,2020-01-01,2020-12-31 23:55:00,rf1hr,0.0,False
rain,2020,RF.LKB.03,จุดวัดคลองประเวศบุรีรมย์ ตอน รพ.ลาดกระบัง,105408,105408,100.0,105408,0,2020-01-01,2020-12-31 23:55:00,rf1hr,0.001,False
rain,2020,RF.LKB.04,จุดวัดคลองประเวศบุรีรมย์ ตอนถนนร่วมพัฒนา,105408,105408,100.0,105408,0,2020-01-01,2020-12-31 23:55:00,rf1hr,0.004,False
rain,2020,RF.LPW.01,สำนักงานเขตลาดพร้าว,105408,105408,100.0,105408,0,2020-01-01,2020-12-31 23:55:00,rf1hr,0.033,False
rain,2020,RF.LSI.01,สำนักงานเขตหลักสี่,105408,105408,100.0,105408,0,2020-01-01,2020-12-31 23:55:00,rf1hr,0.053,False
rain,2020,RF.LSI.02,สถานีสูบน้ำ คลองตาอูฐ,105408,105408,100.0,105408,0,2020-01-01,2020-12-31 23:55:00,rf1hr,0.0,False
rain,2020,RF.LSI.03,จุดวัดศูนย์ราชการ-ถนนแจ้งวัฒนะ,105408,105408,100.0,105408,0,2020-01-01,2020-12-31 23:55:00,rf1hr,0.024,False
rain,2020,RF.MBR.01,สำนักงานเขตมีนบุรี,105408,105408,100.0,105408,0,2020-01-01,2020-12-31 23:55:00,rf1hr,0.287,False
rain,2020,RF.MBR.02,ประตูระบายน้ำ คลองแสนแสบ ตอนถนนประชาร่วมใจ,105408,105408,100.0,105408,0,2020-01-01,2020-12-31 23:55:00,rf1hr,0.0,False
rain,2020,RF.MBR.03,ประตูระบายน้ำ คลองบึงขวาง,105408,105408,100.0,105408,0,2020-01-01,2020-12-31 23:55:00,rf1hr,0.001,False
rain,2020,RF.MBR.05,จุดวัดคลองบึงใหญ่ ตอนวัดทองสัมฤทธิ์,105408,105408,100.0,105408,0,2020-01-01,2020-12-31 23:55:00,rf1hr,0.001,False
rain,2020,RF.NJK.01,สำนักงานเขตหนองจอก,105408,105408,100.0,105408,0,2020-01-01,2020-12-31 23:55:00,rf1hr,0.039,False
rain,2020,RF.NJK.02,สถานีสูบน้ำ คลองแสนแสบ หนองจอก,105408,105408,100.0,105408,0,2020-01-01,2020-12-31 23:55:00,rf1hr,0.0,False
rain,2020,RF.NJK.03,จุดวัดคลองสิบสอง ตอนถนนประชาสำราญ,105408,105408,100.0,105408,0,2020-01-01,2020-12-31 23:55:00,rf1hr,0.001,False
rain,2020,RF.NJK.04,ประตูระบายน้ำ คลองสิบสาม,105408,105408,100.0,105408,0,2020-01-01,2020-12-31 23:55:00,rf1hr,0.176,False
rain,2020,RF.NJK.05,ประตูระบายน้ำ คลองหลวงแพ่ง,105408,105408,100.0,105408,0,2020-01-01,2020-12-31 23:55:00,rf1hr,0.001,False
rain,2020,RF.NJK.06,จุดวัดคลองลำผักชี ตอนโรงเรียนลำผักชี,105408,105408,100.0,105408,0,2020-01-01,2020-12-31 23:55:00,rf1hr,0.104,False
rain,2020,RF.NJK.07,จุดวัดคลองแสนแสบ ตอนวัดทรัพย์สโมสรนิกรเกษม,105408,105408,100.0,105408,0,2020-01-01,2020-12-31 23:55:00,rf1hr,1.034,False
rain,2020,RF.NKM.01,สำนักงานเขตหนองแขม,105408,105408,100.0,105408,0,2020-01-01,2020-12-31 23:55:00,rf1hr,0.029,False
rain,2020,RF.NKM.02,จุดวัดคลองทวีวัฒนา ตอนคลองภาษีเจริญ,105408,105408,100.0,105408,0,2020-01-01,2020-12-31 23:55:00,rf1hr,0.009,False
rain,2020,RF.NKM.03,จุดวัดคลองภาษีเจริญ ตอนคลองมหาศร,105408,105408,100.0,105408,0,2020-01-01,2020-12-31 23:55:00,rf1hr,0.005,False
rain,2020,RF.PKN.01,สำนักงานเขตพระโขนง,105408,105408,100.0,105408,0,2020-01-01,2020-12-31 23:55:00,rf1hr,0.031,False
rain,2020,RF.PKN.02,สถานีสูบน้ำ คลองเจ็ก,105408,105408,100.0,105408,0,2020-01-01,2020-12-31 23:55:00,rf1hr,0.0,False
rain,2020,RF.PKN.03,สถานีสูบน้ำ บางอ้อ,105408,105408,100.0,105408,0,2020-01-01,2020-12-31 23:55:00,rf1hr,0.0,False
rain,2020,RF.PKN.04,สถานีสูบน้ำ บางจาก,105408,105408,100.0,105408,0,2020-01-01,2020-12-31 23:55:00,rf1hr,0.003,False
rain,2020,RF.PNK.01,สำนักงานเขตพระนคร,105408,105408,100.0,105408,0,2020-01-01,2020-12-31 23:55:00,rf1hr,0.008,False
rain,2020,RF.PNK.02,สถานีสูบน้ำ เทเวศร์,105408,105408,100.0,105408,0,2020-01-01,2020-12-31 23:55:00,rf1hr,0.0,False
rain,2020,RF.PNK.03,ปากคลองตลาด,105408,105408,100.0,105408,0,2020-01-01,2020-12-31 23:55:00,rf1hr,0.014,False
rain,2020,RF.PPS.01,สำนักงานเขตป้อมปราบศัตรูพ่าย,105408,105408,100.0,105408,0,2020-01-01,2020-12-31 23:55:00,rf1hr,0.417,False
rain,2020,RF.PSC.01,สำนักงานเขตภาษีเจริญ,105408,105408,100.0,105408,0,2020-01-01,2020-12-31 23:55:00,rf1hr,0.027,False
rain,2020,RF.PSC.03,จุดวัดคลองบางเชือกหนัง ตอนถนนพุทธมณฑลสาย 1,105408,105408,100.0,105408,0,2020-01-01,2020-12-31 23:55:00,rf1hr,0.001,False
rain,2020,RF.PSC.04,สถานีสูบน้ำ คลองภาษีเจริญ,105408,105408,100.0,105408,0,2020-01-01,2020-12-31 23:55:00,rf1hr,0.001,False
rain,2020,RF.PSC.05,จุดวัดคลองบางเชือกหนัง ตอนวัดปากน้ำฝั่งใต้,105408,105408,100.0,105408,0,2020-01-01,2020-12-31 23:55:00,rf1hr,0.012,False
rain,2020,RF.PTW.01,สำนักงานเขตปทุมวัน,105408,105408,100.0,105408,0,2020-01-01,2020-12-31 23:55:00,rf1hr,0.014,False
rain,2020,RF.PTW.02,สถานีสูบน้ำ คลองอรชร,105408,105408,100.0,105408,0,2020-01-01,2020-12-31 23:55:00,rf1hr,0.001,False
rain,2020,RF.PWT.01,สำนักงานเขตประเวศ,105408,105408,100.0,105408,0,2020-01-01,2020-12-31 23:55:00,rf1hr,0.037,False
rain,2020,RF.PWT.02,ประตูระบายน้ำ คลองประเวศบุรีรมย์ ตอนวัดกระทุ่มเสือปลา,105408,105408,100.0,105408,0,2020-01-01,2020-12-31 23:55:00,rf1hr,0.0,False
rain,2020,RF.PWT.03,จุดวัดบึงหนองบอน,105408,105408,100.0,105408,0,2020-01-01,2020-12-31 23:55:00,rf1hr,0.0,False
rain,2020,RF.PYT.01,สำนักงานเขตพญาไท,105408,105408,100.0,105408,0,2020-01-01,2020-12-31 23:55:00,rf1hr,0.024,False
rain,2020,RF.RBN.01,สำนักงานเขตราษฎร์บูรณะ,105408,105408,100.0,105408,0,2020-01-01,2020-12-31 23:55:00,rf1hr,0.029,False
rain,2020,RF.RBN.02,สถานีสูบน้ำ คลองแจงร้อน,105408,105408,100.0,105408,0,2020-01-01,2020-12-31 23:55:00,rf1hr,0.001,False
rain,2020,RF.RTW.01,สำนักงานเขตราชเทวี,105408,105408,100.0,105408,0,2020-01-01,2020-12-31 23:55:00,rf1hr,0.044,False
rain,2020,RF.RTW.02,จุดวัดคลองสามเสน ตอน รพ.พระมงกุฎเกล้า,105408,105408,100.0,105408,0,2020-01-01,2020-12-31 23:55:00,rf1hr,0.005,False
rain,2020,RF.RTW.03,อาคารรับน้ำบึงมักกะสัน,105408,105408,100.0,105408,0,2020-01-01,2020-12-31 23:55:00,rf1hr,0.003,False
rain,2020,RF.SLG.01,สำนักงานเขตสวนหลวง,105408,105408,100.0,105408,0,2020-01-01,2020-12-31 23:55:00,rf1hr,0.224,False
rain,2020,RF.SLG.02,จุดวัดคลองประเวศบุรีรมย์ ตอนวัดขจรศิริ,105408,105408,100.0,105408,0,2020-01-01,2020-12-31 23:55:00,rf1hr,0.0,False
rain,2020,RF.SMI.01,สำนักงานเขตสายไหม,105408,105408,100.0,105408,0,2020-01-01,2020-12-31 23:55:00,rf1hr,0.033,False
rain,2020,RF.SMI.02,ประตูระบายน้ำ คลองสองสายใต้,105408,105408,100.0,105408,0,2020-01-01,2020-12-31 23:55:00,rf1hr,0.0,False
rain,2020,RF.SMI.03,ประตูระบายน้ำ คลองพระยาสุเรนทร์,105408,105408,100.0,105408,0,2020-01-01,2020-12-31 23:55:00,rf1hr,0.0,False
rain,2020,RF.SMI.04,จุดวัดซอยแอนเน็กซ์,105408,105408,100.0,105408,0,2020-01-01,2020-12-31 23:55:00,rf1hr,0.002,False
rain,2020,RF.SPK.01,สถานีสูบน้ำ คลองสำโรง,105408,105408,100.0,105408,0,2020-01-01,2020-12-31 23:55:00,rf1hr,0.005,False
rain,2020,RF.SPS.01,สำนักงานเขตสะพานสูง,105408,105408,100.0,105408,0,2020-01-01,2020-12-31 23:55:00,rf1hr,0.04,False
rain,2020,RF.SPS.02,ประตูระบายน้ำ คลองแสนแสบ ตอนบางชัน,105408,105408,100.0,105408,0,2020-01-01,2020-12-31 23:55:00,rf1hr,0.0,False
rain,2020,RF.SPW.01,บ่อสูบน้ำ ท่าน้ำสวัสดี,105408,105408,100.0,105408,0,2020-01-01,2020-12-31 23:55:00,rf1hr,0.021,False
rain,2020,RF.STN.01,สำนักงานเขตสาทร,105408,105408,100.0,105408,0,2020-01-01,2020-12-31 23:55:00,rf1hr,0.036,False
rain,2020,RF.STN.02,สถานีสูบน้ำ คลองสาทร,105408,105408,100.0,105408,0,2020-01-01,2020-12-31 23:55:00,rf1hr,0.017,False
rain,2020,RF.TBR.01,สำนักงานเขตธนบุรี,105408,105408,100.0,105408,0,2020-01-01,2020-12-31 23:55:00,rf1hr,0.029,False
rain,2020,RF.TBR.02,สถานีสูบน้ำ คลองสำเหร่,105408,105408,100.0,105408,0,2020-01-01,2020-12-31 23:55:00,rf1hr,0.001,False
rain,2020,RF.TBR.03,สถานีสูบน้ำ ดาวคะนอง,105408,105408,100.0,105408,0,2020-01-01,2020-12-31 23:55:00,rf1hr,0.002,False
rain,2020,RF.TKU.01,สำนักงานเขตทุ่งครุ,105408,105408,100.0,105408,0,2020-01-01,2020-12-31 23:55:00,rf1hr,0.055,False
rain,2020,RF.TKU.02,ประตูระบายน้ำ คลองรางจาก ตอนถนนประชาอุทิศ,105408,105408,100.0,105408,0,2020-01-01,2020-12-31 23:55:00,rf1hr,0.009,False
rain,2020,RF.TLC.01,สำนักงานเขตตลิ่งชัน,105408,105408,100.0,105408,0,2020-01-01,2020-12-31 23:55:00,rf1hr,0.03,False
rain,2020,RF.TLC.02,ประตูระบายน้ำ คลองบัว ตอนทางรถไฟสายใต้,105408,105408,100.0,105408,0,2020-01-01,2020-12-31 23:55:00,rf1hr,0.003,False
rain,2020,RF.TLC.03,สถานีสูบน้ำ คลองชักพระ,105408,105408,100.0,105408,0,2020-01-01,2020-12-31 23:55:00,rf1hr,0.05,False
rain,2020,RF.TWW.01,สำนักงานเขตทวีวัฒนา,105408,105408,100.0,105408,0,2020-01-01,2020-12-31 23:55:00,rf1hr,0.022,False
rain,2020,RF.TWW.02,ประตูระบายน้ำ คลองทวีวัฒนา,105408,105408,100.0,105408,0,2020-01-01,2020-12-31 23:55:00,rf1hr,0.0,False
rain,2020,RF.TWW.03,ประตูระบายน้ำ คลองขุนศรีบุรีรักษ์ ตอนคลองมหาสวัสดิ์,105408,105408,100.0,105408,0,2020-01-01,2020-12-31 23:55:00,rf1hr,0.002,False
rain,2020,RF.TWW.04,จุดวัดคลองทวีวัฒนา ตอนคลองบางเชือกหนัง,105408,105408,100.0,105408,0,2020-01-01,2020-12-31 23:55:00,rf1hr,0.002,False
rain,2020,RF.WTL.01,สำนักงานเขตวังทองหลาง,105408,105408,100.0,105408,0,2020-01-01,2020-12-31 23:55:00,rf1hr,0.042,False
rain,2020,RF.WTL.02,ประตูระบายน้ำ คลองลาดพร้าว,105408,105408,100.0,105408,0,2020-01-01,2020-12-31 23:55:00,rf1hr,0.0,False
rain,2020,RF.WTL.03,สถานีสูบน้ำ คลองเจ้าคุณสิงห์,105408,105408,100.0,105408,0,2020-01-01,2020-12-31 23:55:00,rf1hr,3.015,False
rain,2020,RF.WTN.01,สำนักงานเขตวัฒนา,105408,105408,100.0,105408,0,2020-01-01,2020-12-31 23:55:00,rf1hr,0.367,False
rain,2020,RF.WTN.02,สถานีสูบน้ำ คลองแสนแสบตอนคลองตัน,105408,105408,100.0,105408,0,2020-01-01,2020-12-31 23:55:00,rf1hr,0.0,False
rain,2020,RF.YNW.01,สำนักงานเขตยานนาวา,105408,105408,100.0,105408,0,2020-01-01,2020-12-31 23:55:00,rf1hr,0.021,False
rain,2020,RF.YNW.02,สถานีสูบน้ำ คลองช่องนนทรี,105408,105408,100.0,105408,0,2020-01-01,2020-12-31 23:55:00,rf1hr,0.0,False
rain,2020,RF.YNW.03,ประตูระบายน้ำ คลองวัดด่าน,105408,105408,100.0,105408,0,2020-01-01,2020-12-31 23:55:00,rf1hr,0.002,False
rain,2021,RF.BBN.01,สำนักงานเขตบางบอน,105120,105120,100.0,105120,0,2021-01-01,2021-12-31 23:55:00,rf1hr,0.0,False
rain,2021,RF.BBN.02,จุดวัดคลองบางบอน ตอนคลองสะแกงาม,105120,105120,100.0,105120,0,2021-01-01,2021-12-31 23:55:00,rf1hr,0.0,False
rain,2021,RF.BKA.01,สำนักงานเขตบางเขน,105120,105120,100.0,105120,0,2021-01-01,2021-12-31 23:55:00,rf1hr,0.0,False
rain,2021,RF.BKA.02,จุดวัดคลองบางบัว,105120,105120,100.0,105120,0,2021-01-01,2021-12-31 23:55:00,rf1hr,0.0,False
rain,2021,RF.BKE.01,สำนักงานเขตบางแค,105120,105120,100.0,105120,0,2021-01-01,2021-12-31 23:55:00,rf1hr,0.0,False
rain,2021,RF.BKE.02,จุดวัดคลองราชมนตรี ตอนคลองภาษีเจริญ,105120,105120,100.0,105120,0,2021-01-01,2021-12-31 23:55:00,rf1hr,0.0,False
rain,2021,RF.BKE.03,สถานีสูบน้ำคลองบางจาก,105120,105120,100.0,105120,0,2021-01-01,2021-12-31 23:55:00,rf1hr,0.0,False
rain,2021,RF.BKE.04,บ่อสูบน้ำหมู่บ้านเศรษฐกิจ ซอย 26,105120,105120,100.0,105120,0,2021-01-01,2021-12-31 23:55:00,rf1hr,0.0,False
rain,2021,RF.BKL.01,สำนักงานเขตบางคอแหลม,105120,105120,100.0,105120,0,2021-01-01,2021-12-31 23:55:00,rf1hr,0.0,False
rain,2021,RF.BKL.02,สถานีสูบน้ำ คลองวัดไทร,105120,105120,100.0,105120,0,2021-01-01,2021-12-31 23:55:00,rf1hr,0.0,False
rain,2021,RF.BKM.01,สำนักงานเขตบึงกุ่ม,105120,105120,100.0,105120,0,2021-01-01,2021-12-31 23:55:00,rf1hr,0.0,False
rain,2021,RF.BKN.01,สำนักงานเขตบางกอกน้อย,105120,105120,100.0,105120,0,2021-01-01,2021-12-31 23:55:00,rf1hr,0.0,False
rain,2021,RF.BKN.02,สถานีสูบน้ำ คลองมอญ,105120,105120,100.0,105120,0,2021-01-01,2021-12-31 23:55:00,rf1hr,0.0,False
rain,2021,RF.BKP.02,จุดวัดคลองแสนแสบ ตอนสำนักงานเขตบางกะปิ,105120,105120,100.0,105120,0,2021-01-01,2021-12-31 23:55:00,rf1hr,0.0,False
rain,2021,RF.BKT.01,สำนักงานเขตบางขุนเทียน,105120,105120,100.0,105120,0,2021-01-01,2021-12-31 23:55:00,rf1hr,0.0,False
rain,2021,RF.BKT.02,สถานีสูบน้ำ คลองเลนเปน,105120,105120,100.0,105120,0,2021-01-01,2021-12-31 23:55:00,rf1hr,0.0,False
rain,2021,RF.BKT.03,สถานีสูบน้ำ คลองระหาญ,105120,105120,100.0,105120,0,2021-01-01,2021-12-31 23:55:00,rf1hr,0.0,False
rain,2021,RF.BKT.04,สถานีสูบน้ำ คลองพระยาราชมนตรี,105120,105120,100.0,105120,0,2021-01-01,2021-12-31 23:55:00,rf1hr,0.0,False
rain,2021,RF.BKT.05,สถานีสูบน้ำ คลองสนามชัย,105120,105120,100.0,105120,0,2021-01-01,2021-12-31 23:55:00,rf1hr,0.0,False
rain,2021,RF.BKY.01,สำนักงานเขตบางกอกใหญ่,105120,105120,100.0,105120,0,2021-01-01,2021-12-31 23:55:00,rf1hr,0.0,False
rain,2021,RF.BKY.02,สถานีสูบน้ำ คลองบางกอกใหญ่,105120,105120,100.0,105120,0,2021-01-01,2021-12-31 23:55:00,rf1hr,0.0,False
rain,2021,RF.BNA.01,สำนักงานเขตบางนา,105120,105120,100.0,105120,0,2021-01-01,2021-12-31 23:55:00,rf1hr,0.0,False
rain,2021,RF.BNA.02,สถานีสูบน้ำ บางนา,105120,105120,100.0,105120,0,2021-01-01,2021-12-31 23:55:00,rf1hr,0.0,False
rain,2021,RF.BNA.03,จุดวัดคลองบางนา ตอนถนนศรีนครินทร์,105120,105120,100.0,105120,0,2021-01-01,2021-12-31 23:55:00,rf1hr,0.005,False
rain,2021,RF.BPD.01,สำนักงานเขตบางพลัด,105120,105120,100.0,105120,0,2021-01-01,2021-12-31 23:55:00,rf1hr,0.0,False
rain,2021,RF.BRK.01,สำนักงานเขตบางรัก,105120,105120,100.0,105120,0,2021-01-01,2021-12-31 23:55:00,rf1hr,0.0,False
rain,2021,RF.BRK.02,สถานีสูบน้ำ กรุงเกษม,105120,105120,100.0,105120,0,2021-01-01,2021-12-31 23:55:00,rf1hr,0.0,False
rain,2021,RF.BSU.01,สำนักงานเขตบางซื่อ,105120,105120,100.0,105120,0,2021-01-01,2021-12-31 23:55:00,rf1hr,0.0,False
rain,2021,RF.BSU.02,สถานีสูบน้ำ คลองบางเขนใหม่,105120,105120,100.0,105120,0,2021-01-01,2021-12-31 23:55:00,rf1hr,0.0,False
rain,2021,RF.BSU.03,สถานีสูบน้ำ คลองบางซื่อ,105120,105120,100.0,105120,0,2021-01-01,2021-12-31 23:55:00,rf1hr,0.0,False
rain,2021,RF.BSU.04,บ่อสูบน้ำสะพานขวา ถนนประชาราษฎร์ สาย 2,105120,105120,100.0,105120,0,2021-01-01,2021-12-31 23:55:00,rf1hr,0.0,False
rain,2021,RF.CTC.01,บ่อสูบน้ำศาลอาญา ถนนรัชดาภิเษก,105120,105120,100.0,105120,0,2021-01-01,2021-12-31 23:55:00,rf1hr,0.0,False
rain,2021,RF.CTC.02,สถานีสูบน้ำ รัชดา-วิภาวดี,105120,105120,100.0,105120,0,2021-01-01,2021-12-31 23:55:00,rf1hr,0.0,False
rain,2021,RF.CTC.03,จุดวัดถนนเทศบาลสงเคราะห์,105120,105120,100.0,105120,0,2021-01-01,2021-12-31 23:55:00,rf1hr,0.0,False
rain,2021,RF.DDG.02,ศูนย์ควบคุมระบบป้องกันน้ำท่วมกรุงเทพมหานคร สำนักการระบายน้ำ,105120,105120,100.0,105120,0,2021-01-01,2021-12-31 23:55:00,rf1hr,0.0,False
rain,2021,RF.DMG.01,สำนักงานเขตดอนเมือง,105120,105120,100.0,105120,0,2021-01-01,2021-12-31 23:55:00,rf1hr,0.0,False
rain,2021,RF.DST.01,สำนักงานเขตดุสิต,105120,105120,100.0,105120,0,2021-01-01,2021-12-31 23:55:00,rf1hr,0.0,False
rain,2021,RF.DST.02,สถานีสูบน้ำ สามเสน,105120,105120,100.0,105120,0,2021-01-01,2021-12-31 23:55:00,rf1hr,0.0,False
rain,2021,RF.HKG.01,สำนักงานเขตห้วยขวาง,105120,105120,100.0,105120,0,2021-01-01,2021-12-31 23:55:00,rf1hr,0.0,False
rain,2021,RF.HKG.02,สถานีสูบน้ำ สามเสน ตอนคลองแสนแสบ,105120,105120,100.0,105120,0,2021-01-01,2021-12-31 23:55:00,rf1hr,0.0,False
rain,2021,RF.JTG.01,สำนักงานเขตจอมทอง,105120,105120,100.0,105120,0,2021-01-01,2021-12-31 23:55:00,rf1hr,0.0,False
rain,2021,RF.JTG.02,จุดวัดคลองสนามชัย ตอนคลองบางขุนเทียน,105120,105120,100.0,105120,0,2021-01-01,2021-12-31 23:55:00,rf1hr,0.0,False
rain,2021,RF.JTG.03,สถานีสูบน้ำ คลองสี่บาท,105120,105120,100.0,105120,0,2021-01-01,2021-12-31 23:55:00,rf1hr,0.0,False
rain,2021,RF.KNY.02,จุดวัดคลองลำชะล่า ตอนถนนนวมินทร์,105120,105120,100.0,105120,0,2021-01-01,2021-12-31 23:55:00,rf1hr,0.0,False
rain,2021,RF.KSN.01,สำนักงานเขตคลองสาน,105120,105120,100.0,105120,0,2021-01-01,2021-12-31 23:55:00,rf1hr,0.0,False
rain,2021,RF.KSN.02,สถานีสูบน้ำ คลองบางไส้ไก่,105120,105120,100.0,105120,0,2021-01-01,2021-12-31 23:55:00,rf1hr,0.0,False
rain,2021,RF.KSW.01,สำนักงานเขตคลองสามวา,105120,105120,100.0,105120,0,2021-01-01,2021-12-31 23:55:00,rf1hr,0.0,False
rain,2021,RF.KSW.02,ประตูระบายน้ำ คลองสามวา,105120,105120,100.0,105120,0,2021-01-01,2021-12-31 23:55:00,rf1hr,0.0,False
rain,2021,RF.KSW.03,จุดวัดคลองเก้า ตอนวัดศรีสุขสถาพร,105120,105120,100.0,105120,0,2021-01-01,2021-12-31 23:55:00,rf1hr,12.763,False
rain,2021,RF.KTY.01,สำนักงานเขตคลองเตย,105120,105120,100.0,105120,0,2021-01-01,2021-12-31 23:55:00,rf1hr,0.0,False
rain,2021,RF.KTY.02,สถานีสูบน้ำ พระราม 4,105120,105120,100.0,105120,0,2021-01-01,2021-12-31 23:55:00,rf1hr,0.145,False
rain,2021,RF.KTY.03,สถานีสูบน้ำ พระโขนง,105120,105120,100.0,105120,0,2021-01-01,2021-12-31 23:55:00,rf1hr,0.0,False
rain,2021,RF.KTY.04,สถานีสูบน้ำ คลองเตย,105120,105120,100.0,105120,0,2021-01-01,2021-12-31 23:55:00,rf1hr,0.0,False
rain,2021,RF.KTY.05,สถานีวัดน้ำฝน อุทยานเบญจสิริ,105120,105120,100.0,105120,0,2021-01-01,2021-12-31 23:55:00,rf1hr,0.32,False
rain,2021,RF.LKB.02,ประตูระบายน้ำ คลองประเวศบุรีรมย์ ตอนลาดกระบัง,105120,105120,100.0,105120,0,2021-01-01,2021-12-31 23:55:00,rf1hr,0.0,False
rain,2021,RF.LKB.03,จุดวัดคลองประเวศบุรีรมย์ ตอน รพ.ลาดกระบัง,105120,105120,100.0,105120,0,2021-01-01,2021-12-31 23:55:00,rf1hr,0.001,False
rain,2021,RF.LKB.04,จุดวัดคลองประเวศบุรีรมย์ ตอนถนนร่วมพัฒนา,105120,105120,100.0,105120,0,2021-01-01,2021-12-31 23:55:00,rf1hr,1.586,False
rain,2021,RF.LPW.01,สำนักงานเขตลาดพร้าว,105120,105120,100.0,105120,0,2021-01-01,2021-12-31 23:55:00,rf1hr,0.0,False
rain,2021,RF.LSI.01,สำนักงานเขตหลักสี่,105120,105120,100.0,105120,0,2021-01-01,2021-12-31 23:55:00,rf1hr,0.0,False
rain,2021,RF.LSI.02,สถานีสูบน้ำ คลองตาอูฐ,105120,105120,100.0,105120,0,2021-01-01,2021-12-31 23:55:00,rf1hr,0.0,False
rain,2021,RF.LSI.03,จุดวัดศูนย์ราชการ-ถนนแจ้งวัฒนะ,105120,105120,100.0,105120,0,2021-01-01,2021-12-31 23:55:00,rf1hr,0.0,False
rain,2021,RF.MBR.01,สำนักงานเขตมีนบุรี,105120,105120,100.0,105120,0,2021-01-01,2021-12-31 23:55:00,rf1hr,0.0,False
rain,2021,RF.MBR.02,ประตูระบายน้ำ คลองแสนแสบ ตอนถนนประชาร่วมใจ,105120,105120,100.0,105120,0,2021-01-01,2021-12-31 23:55:00,rf1hr,0.0,False
rain,2021,RF.MBR.03,ประตูระบายน้ำ คลองบึงขวาง,105120,105120,100.0,105120,0,2021-01-01,2021-12-31 23:55:00,rf1hr,0.0,False
rain,2021,RF.MBR.05,จุดวัดคลองบึงใหญ่ ตอนวัดทองสัมฤทธิ์,105120,105120,100.0,105120,0,2021-01-01,2021-12-31 23:55:00,rf1hr,0.0,False
rain,2021,RF.NJK.01,สำนักงานเขตหนองจอก,105120,105120,100.0,105120,0,2021-01-01,2021-12-31 23:55:00,rf1hr,0.0,False
rain,2021,RF.NJK.02,สถานีสูบน้ำ คลองแสนแสบ หนองจอก,105120,105120,100.0,105120,0,2021-01-01,2021-12-31 23:55:00,rf1hr,0.0,False
rain,2021,RF.NJK.03,จุดวัดคลองสิบสอง ตอนถนนประชาสำราญ,105120,105120,100.0,105120,0,2021-01-01,2021-12-31 23:55:00,rf1hr,0.001,False
rain,2021,RF.NJK.04,ประตูระบายน้ำ คลองสิบสาม,105120,105120,100.0,105120,0,2021-01-01,2021-12-31 23:55:00,rf1hr,0.0,False
rain,2021,RF.NJK.05,ประตูระบายน้ำ คลองหลวงแพ่ง,105120,105120,100.0,105120,0,2021-01-01,2021-12-31 23:55:00,rf1hr,0.0,False
rain,2021,RF.NJK.06,จุดวัดคลองลำผักชี ตอนโรงเรียนลำผักชี,105120,105120,100.0,105120,0,2021-01-01,2021-12-31 23:55:00,rf1hr,0.202,False
rain,2021,RF.NJK.07,จุดวัดคลองแสนแสบ ตอนวัดทรัพย์สโมสรนิกรเกษม,105120,105120,100.0,105120,0,2021-01-01,2021-12-31 23:55:00,rf1hr,0.0,False
rain,2021,RF.NKM.01,สำนักงานเขตหนองแขม,105120,105120,100.0,105120,0,2021-01-01,2021-12-31 23:55:00,rf1hr,0.0,False
rain,2021,RF.NKM.02,จุดวัดคลองทวีวัฒนา ตอนคลองภาษีเจริญ,105120,105120,100.0,105120,0,2021-01-01,2021-12-31 23:55:00,rf1hr,0.0,False
rain,2021,RF.NKM.03,จุดวัดคลองภาษีเจริญ ตอนคลองมหาศร,105120,105120,100.0,105120,0,2021-01-01,2021-12-31 23:55:00,rf1hr,94.108,True
rain,2021,RF.PKN.01,สำนักงานเขตพระโขนง,105120,105120,100.0,105120,0,2021-01-01,2021-12-31 23:55:00,rf1hr,0.0,False
rain,2021,RF.PKN.02,สถานีสูบน้ำ คลองเจ็ก,105120,105120,100.0,105120,0,2021-01-01,2021-12-31 23:55:00,rf1hr,0.0,False
rain,2021,RF.PKN.03,สถานีสูบน้ำ บางอ้อ,105120,105120,100.0,105120,0,2021-01-01,2021-12-31 23:55:00,rf1hr,0.002,False
rain,2021,RF.PKN.04,สถานีสูบน้ำ บางจาก,105120,105120,100.0,105120,0,2021-01-01,2021-12-31 23:55:00,rf1hr,0.0,False
rain,2021,RF.PNK.01,สำนักงานเขตพระนคร,105120,105120,100.0,105120,0,2021-01-01,2021-12-31 23:55:00,rf1hr,0.0,False
rain,2021,RF.PNK.02,สถานีสูบน้ำ เทเวศร์,105120,105120,100.0,105120,0,2021-01-01,2021-12-31 23:55:00,rf1hr,0.0,False
rain,2021,RF.PNK.03,ปากคลองตลาด,105120,105120,100.0,105120,0,2021-01-01,2021-12-31 23:55:00,rf1hr,0.0,False
rain,2021,RF.PPS.01,สำนักงานเขตป้อมปราบศัตรูพ่าย,105120,105120,100.0,105120,0,2021-01-01,2021-12-31 23:55:00,rf1hr,0.0,False
rain,2021,RF.PSC.01,สำนักงานเขตภาษีเจริญ,105120,105120,100.0,105120,0,2021-01-01,2021-12-31 23:55:00,rf1hr,0.0,False
rain,2021,RF.PSC.03,จุดวัดคลองบางเชือกหนัง ตอนถนนพุทธมณฑลสาย 1,105120,105120,100.0,105120,0,2021-01-01,2021-12-31 23:55:00,rf1hr,0.0,False
rain,2021,RF.PSC.04,สถานีสูบน้ำ คลองภาษีเจริญ,105120,105120,100.0,105120,0,2021-01-01,2021-12-31 23:55:00,rf1hr,0.0,False
rain,2021,RF.PSC.05,จุดวัดคลองบางเชือกหนัง ตอนวัดปากน้ำฝั่งใต้,105120,105120,100.0,105120,0,2021-01-01,2021-12-31 23:55:00,rf1hr,0.0,False
rain,2021,RF.PTW.01,สำนักงานเขตปทุมวัน,105120,105120,100.0,105120,0,2021-01-01,2021-12-31 23:55:00,rf1hr,0.0,False
rain,2021,RF.PTW.02,สถานีสูบน้ำ คลองอรชร,105120,105120,100.0,105120,0,2021-01-01,2021-12-31 23:55:00,rf1hr,0.0,False
rain,2021,RF.PWT.01,สำนักงานเขตประเวศ,105120,105120,100.0,105120,0,2021-01-01,2021-12-31 23:55:00,rf1hr,0.0,False
rain,2021,RF.PWT.02,ประตูระบายน้ำ คลองประเวศบุรีรมย์ ตอนวัดกระทุ่มเสือปลา,105120,105120,100.0,105120,0,2021-01-01,2021-12-31 23:55:00,rf1hr,0.0,False
rain,2021,RF.PWT.03,จุดวัดบึงหนองบอน,105120,105120,100.0,105120,0,2021-01-01,2021-12-31 23:55:00,rf1hr,0.0,False
rain,2021,RF.PYT.01,สำนักงานเขตพญาไท,105120,105120,100.0,105120,0,2021-01-01,2021-12-31 23:55:00,rf1hr,0.0,False
rain,2021,RF.RBN.01,สำนักงานเขตราษฎร์บูรณะ,105120,105120,100.0,105120,0,2021-01-01,2021-12-31 23:55:00,rf1hr,0.0,False
rain,2021,RF.RBN.02,สถานีสูบน้ำ คลองแจงร้อน,105120,105120,100.0,105120,0,2021-01-01,2021-12-31 23:55:00,rf1hr,0.0,False
rain,2021,RF.RTW.01,สำนักงานเขตราชเทวี,105120,105120,100.0,105120,0,2021-01-01,2021-12-31 23:55:00,rf1hr,0.0,False
rain,2021,RF.RTW.02,จุดวัดคลองสามเสน ตอน รพ.พระมงกุฎเกล้า,105120,105120,100.0,105120,0,2021-01-01,2021-12-31 23:55:00,rf1hr,0.0,False
rain,2021,RF.RTW.03,อาคารรับน้ำบึงมักกะสัน,105120,105120,100.0,105120,0,2021-01-01,2021-12-31 23:55:00,rf1hr,0.0,False
rain,2021,RF.SLG.01,สำนักงานเขตสวนหลวง,105120,105120,100.0,105120,0,2021-01-01,2021-12-31 23:55:00,rf1hr,0.0,False
rain,2021,RF.SLG.02,จุดวัดคลองประเวศบุรีรมย์ ตอนวัดขจรศิริ,105120,105120,100.0,105120,0,2021-01-01,2021-12-31 23:55:00,rf1hr,0.0,False
rain,2021,RF.SMI.01,สำนักงานเขตสายไหม,105120,105120,100.0,105120,0,2021-01-01,2021-12-31 23:55:00,rf1hr,0.0,False
rain,2021,RF.SMI.02,ประตูระบายน้ำ คลองสองสายใต้,105120,105120,100.0,105120,0,2021-01-01,2021-12-31 23:55:00,rf1hr,0.0,False
rain,2021,RF.SMI.03,ประตูระบายน้ำ คลองพระยาสุเรนทร์,105120,105120,100.0,105120,0,2021-01-01,2021-12-31 23:55:00,rf1hr,0.0,False
rain,2021,RF.SMI.04,จุดวัดซอยแอนเน็กซ์,105120,105120,100.0,105120,0,2021-01-01,2021-12-31 23:55:00,rf1hr,0.0,False
rain,2021,RF.SPK.01,สถานีสูบน้ำ คลองสำโรง,105120,105120,100.0,105120,0,2021-01-01,2021-12-31 23:55:00,rf1hr,0.703,False
rain,2021,RF.SPS.01,สำนักงานเขตสะพานสูง,105120,105120,100.0,105120,0,2021-01-01,2021-12-31 23:55:00,rf1hr,0.0,False
rain,2021,RF.SPS.02,ประตูระบายน้ำ คลองแสนแสบ ตอนบางชัน,105120,105120,100.0,105120,0,2021-01-01,2021-12-31 23:55:00,rf1hr,0.0,False
rain,2021,RF.SPW.01,บ่อสูบน้ำ ท่าน้ำสวัสดี,105120,105120,100.0,105120,0,2021-01-01,2021-12-31 23:55:00,rf1hr,27.117,False
rain,2021,RF.STN.01,สำนักงานเขตสาทร,105120,105120,100.0,105120,0,2021-01-01,2021-12-31 23:55:00,rf1hr,0.0,False
rain,2021,RF.STN.02,สถานีสูบน้ำ คลองสาทร,105120,105120,100.0,105120,0,2021-01-01,2021-12-31 23:55:00,rf1hr,0.0,False
rain,2021,RF.TBR.01,สำนักงานเขตธนบุรี,105120,105120,100.0,105120,0,2021-01-01,2021-12-31 23:55:00,rf1hr,0.0,False
rain,2021,RF.TBR.02,สถานีสูบน้ำ คลองสำเหร่,105120,105120,100.0,105120,0,2021-01-01,2021-12-31 23:55:00,rf1hr,0.0,False
rain,2021,RF.TBR.03,สถานีสูบน้ำ ดาวคะนอง,105120,105120,100.0,105120,0,2021-01-01,2021-12-31 23:55:00,rf1hr,0.0,False
rain,2021,RF.TKU.01,สำนักงานเขตทุ่งครุ,105120,105120,100.0,105120,0,2021-01-01,2021-12-31 23:55:00,rf1hr,0.0,False
rain,2021,RF.TKU.02,ประตูระบายน้ำ คลองรางจาก ตอนถนนประชาอุทิศ,105120,105120,100.0,105120,0,2021-01-01,2021-12-31 23:55:00,rf1hr,0.0,False
rain,2021,RF.TLC.01,สำนักงานเขตตลิ่งชัน,105120,105120,100.0,105120,0,2021-01-01,2021-12-31 23:55:00,rf1hr,0.0,False
rain,2021,RF.TLC.02,ประตูระบายน้ำ คลองบัว ตอนทางรถไฟสายใต้,105120,105120,100.0,105120,0,2021-01-01,2021-12-31 23:55:00,rf1hr,0.0,False
rain,2021,RF.TLC.03,สถานีสูบน้ำ คลองชักพระ,105120,105120,100.0,105120,0,2021-01-01,2021-12-31 23:55:00,rf1hr,0.0,False
rain,2021,RF.TWW.01,สำนักงานเขตทวีวัฒนา,105120,105120,100.0,105120,0,2021-01-01,2021-12-31 23:55:00,rf1hr,0.0,False
rain,2021,RF.TWW.02,ประตูระบายน้ำ คลองทวีวัฒนา,105120,105120,100.0,105120,0,2021-01-01,2021-12-31 23:55:00,rf1hr,0.0,False
rain,2021,RF.TWW.03,ประตูระบายน้ำ คลองขุนศรีบุรีรักษ์ ตอนคลองมหาสวัสดิ์,105120,105120,100.0,105120,0,2021-01-01,2021-12-31 23:55:00,rf1hr,0.0,False
rain,2021,RF.TWW.04,จุดวัดคลองทวีวัฒนา ตอนคลองบางเชือกหนัง,105120,105120,100.0,105120,0,2021-01-01,2021-12-31 23:55:00,rf1hr,0.0,False
rain,2021,RF.WTL.01,สำนักงานเขตวังทองหลาง,105120,105120,100.0,105120,0,2021-01-01,2021-12-31 23:55:00,rf1hr,0.0,False
rain,2021,RF.WTL.02,ประตูระบายน้ำ คลองลาดพร้าว,105120,105120,100.0,105120,0,2021-01-01,2021-12-31 23:55:00,rf1hr,0.0,False
rain,2021,RF.WTL.03,สถานีสูบน้ำ คลองเจ้าคุณสิงห์,105120,105120,100.0,105120,0,2021-01-01,2021-12-31 23:55:00,rf1hr,0.0,False
rain,2021,RF.WTN.01,สำนักงานเขตวัฒนา,105120,105120,100.0,105120,0,2021-01-01,2021-12-31 23:55:00,rf1hr,0.0,False
rain,2021,RF.WTN.02,สถานีสูบน้ำ คลองแสนแสบตอนคลองตัน,105120,105120,100.0,105120,0,2021-01-01,2021-12-31 23:55:00,rf1hr,0.0,False
rain,2021,RF.YNW.01,สำนักงานเขตยานนาวา,105120,105120,100.0,105120,0,2021-01-01,2021-12-31 23:55:00,rf1hr,0.0,False
rain,2021,RF.YNW.02,สถานีสูบน้ำ คลองช่องนนทรี,105120,105120,100.0,105120,0,2021-01-01,2021-12-31 23:55:00,rf1hr,0.0,False
rain,2021,RF.YNW.03,ประตูระบายน้ำ คลองวัดด่าน,105120,105120,100.0,105120,0,2021-01-01,2021-12-31 23:55:00,rf1hr,0.0,False
rain,2022,RF.BBN.01,สำนักงานเขตบางบอน,105120,105120,100.0,105120,0,2022-01-01,2022-12-31 23:55:00,rf1hr,0.0,False
rain,2022,RF.BBN.02,จุดวัดคลองบางบอน ตอนคลองสะแกงาม,105120,105120,100.0,105120,0,2022-01-01,2022-12-31 23:55:00,rf1hr,0.001,False
rain,2022,RF.BKA.01,สำนักงานเขตบางเขน,105120,105120,100.0,105120,0,2022-01-01,2022-12-31 23:55:00,rf1hr,0.0,False
rain,2022,RF.BKA.02,จุดวัดคลองบางบัว,105120,105120,100.0,105120,0,2022-01-01,2022-12-31 23:55:00,rf1hr,0.0,False
rain,2022,RF.BKE.01,สำนักงานเขตบางแค,105120,105120,100.0,105120,0,2022-01-01,2022-12-31 23:55:00,rf1hr,0.0,False
rain,2022,RF.BKE.02,จุดวัดคลองราชมนตรี ตอนคลองภาษีเจริญ,105120,105120,100.0,105120,0,2022-01-01,2022-12-31 23:55:00,rf1hr,0.0,False
rain,2022,RF.BKE.03,สถานีสูบน้ำคลองบางจาก,105120,105120,100.0,105120,0,2022-01-01,2022-12-31 23:55:00,rf1hr,0.0,False
rain,2022,RF.BKE.04,บ่อสูบน้ำหมู่บ้านเศรษฐกิจ ซอย 26,105120,105120,100.0,105120,0,2022-01-01,2022-12-31 23:55:00,rf1hr,0.0,False
rain,2022,RF.BKL.01,สำนักงานเขตบางคอแหลม,105120,105120,100.0,105120,0,2022-01-01,2022-12-31 23:55:00,rf1hr,0.0,False
rain,2022,RF.BKL.02,สถานีสูบน้ำ คลองวัดไทร,105120,105120,100.0,105120,0,2022-01-01,2022-12-31 23:55:00,rf1hr,0.0,False
rain,2022,RF.BKM.01,สำนักงานเขตบึงกุ่ม,105120,105120,100.0,105120,0,2022-01-01,2022-12-31 23:55:00,rf1hr,0.0,False
rain,2022,RF.BKN.01,สำนักงานเขตบางกอกน้อย,105120,105120,100.0,105120,0,2022-01-01,2022-12-31 23:55:00,rf1hr,0.0,False
rain,2022,RF.BKN.02,สถานีสูบน้ำ คลองมอญ,105120,105120,100.0,105120,0,2022-01-01,2022-12-31 23:55:00,rf1hr,0.001,False
rain,2022,RF.BKP.02,จุดวัดคลองแสนแสบ ตอนสำนักงานเขตบางกะปิ,105120,105120,100.0,105120,0,2022-01-01,2022-12-31 23:55:00,rf1hr,0.0,False
rain,2022,RF.BKT.01,สำนักงานเขตบางขุนเทียน,105120,105120,100.0,105120,0,2022-01-01,2022-12-31 23:55:00,rf1hr,0.0,False
rain,2022,RF.BKT.02,สถานีสูบน้ำ คลองเลนเปน,105120,105120,100.0,105120,0,2022-01-01,2022-12-31 23:55:00,rf1hr,0.0,False
rain,2022,RF.BKT.03,สถานีสูบน้ำ คลองระหาญ,105120,105120,100.0,105120,0,2022-01-01,2022-12-31 23:55:00,rf1hr,0.0,False
rain,2022,RF.BKT.04,สถานีสูบน้ำ คลองพระยาราชมนตรี,105120,105120,100.0,105120,0,2022-01-01,2022-12-31 23:55:00,rf1hr,0.0,False
rain,2022,RF.BKT.05,สถานีสูบน้ำ คลองสนามชัย,105120,105120,100.0,105120,0,2022-01-01,2022-12-31 23:55:00,rf1hr,0.0,False
rain,2022,RF.BKY.01,สำนักงานเขตบางกอกใหญ่,105120,105120,100.0,105120,0,2022-01-01,2022-12-31 23:55:00,rf1hr,0.0,False
rain,2022,RF.BKY.02,สถานีสูบน้ำ คลองบางกอกใหญ่,105120,105120,100.0,105120,0,2022-01-01,2022-12-31 23:55:00,rf1hr,0.0,False
rain,2022,RF.BNA.01,สำนักงานเขตบางนา,105120,105120,100.0,105120,0,2022-01-01,2022-12-31 23:55:00,rf1hr,0.0,False
rain,2022,RF.BNA.02,สถานีสูบน้ำ บางนา,105120,105120,100.0,105120,0,2022-01-01,2022-12-31 23:55:00,rf1hr,0.001,False
rain,2022,RF.BNA.03,จุดวัดคลองบางนา ตอนถนนศรีนครินทร์,105120,105120,100.0,105120,0,2022-01-01,2022-12-31 23:55:00,rf1hr,0.0,False
rain,2022,RF.BPD.01,สำนักงานเขตบางพลัด,105120,105120,100.0,105120,0,2022-01-01,2022-12-31 23:55:00,rf1hr,0.0,False
rain,2022,RF.BRK.01,สำนักงานเขตบางรัก,105120,105120,100.0,105120,0,2022-01-01,2022-12-31 23:55:00,rf1hr,0.0,False
rain,2022,RF.BRK.02,สถานีสูบน้ำ กรุงเกษม,105120,105120,100.0,105120,0,2022-01-01,2022-12-31 23:55:00,rf1hr,0.0,False
rain,2022,RF.BSU.01,สำนักงานเขตบางซื่อ,105120,105120,100.0,105120,0,2022-01-01,2022-12-31 23:55:00,rf1hr,0.0,False
rain,2022,RF.BSU.02,สถานีสูบน้ำ คลองบางเขนใหม่,105120,105120,100.0,105120,0,2022-01-01,2022-12-31 23:55:00,rf1hr,0.0,False
rain,2022,RF.BSU.03,สถานีสูบน้ำ คลองบางซื่อ,105120,105120,100.0,105120,0,2022-01-01,2022-12-31 23:55:00,rf1hr,0.0,False
rain,2022,RF.BSU.04,บ่อสูบน้ำสะพานขวา ถนนประชาราษฎร์ สาย 2,105120,105120,100.0,105120,0,2022-01-01,2022-12-31 23:55:00,rf1hr,0.0,False
rain,2022,RF.CTC.01,บ่อสูบน้ำศาลอาญา ถนนรัชดาภิเษก,105120,105120,100.0,105120,0,2022-01-01,2022-12-31 23:55:00,rf1hr,0.0,False
rain,2022,RF.CTC.02,สถานีสูบน้ำ รัชดา-วิภาวดี,105120,105120,100.0,105120,0,2022-01-01,2022-12-31 23:55:00,rf1hr,0.0,False
rain,2022,RF.CTC.03,จุดวัดถนนเทศบาลสงเคราะห์,105120,105120,100.0,105120,0,2022-01-01,2022-12-31 23:55:00,rf1hr,0.0,False
rain,2022,RF.DDG.02,ศูนย์ควบคุมระบบป้องกันน้ำท่วมกรุงเทพมหานคร สำนักการระบายน้ำ,105120,105120,100.0,105120,0,2022-01-01,2022-12-31 23:55:00,rf1hr,0.001,False
rain,2022,RF.DMG.01,สำนักงานเขตดอนเมือง,105120,105120,100.0,105120,0,2022-01-01,2022-12-31 23:55:00,rf1hr,0.0,False
rain,2022,RF.DST.01,สำนักงานเขตดุสิต,105120,105120,100.0,105120,0,2022-01-01,2022-12-31 23:55:00,rf1hr,0.0,False
rain,2022,RF.DST.02,สถานีสูบน้ำ สามเสน,105120,105120,100.0,105120,0,2022-01-01,2022-12-31 23:55:00,rf1hr,0.0,False
rain,2022,RF.HKG.01,สำนักงานเขตห้วยขวาง,105120,105120,100.0,105120,0,2022-01-01,2022-12-31 23:55:00,rf1hr,0.0,False
rain,2022,RF.HKG.02,สถานีสูบน้ำ สามเสน ตอนคลองแสนแสบ,105120,105120,100.0,105120,0,2022-01-01,2022-12-31 23:55:00,rf1hr,0.002,False
rain,2022,RF.JTG.01,สำนักงานเขตจอมทอง,105120,105120,100.0,105120,0,2022-01-01,2022-12-31 23:55:00,rf1hr,0.0,False
rain,2022,RF.JTG.02,จุดวัดคลองสนามชัย ตอนคลองบางขุนเทียน,105120,105120,100.0,105120,0,2022-01-01,2022-12-31 23:55:00,rf1hr,0.0,False
rain,2022,RF.JTG.03,สถานีสูบน้ำ คลองสี่บาท,105120,105120,100.0,105120,0,2022-01-01,2022-12-31 23:55:00,rf1hr,0.0,False
rain,2022,RF.KNY.02,จุดวัดคลองลำชะล่า ตอนถนนนวมินทร์,105120,105120,100.0,105120,0,2022-01-01,2022-12-31 23:55:00,rf1hr,0.0,False
rain,2022,RF.KSN.01,สำนักงานเขตคลองสาน,105120,105120,100.0,105120,0,2022-01-01,2022-12-31 23:55:00,rf1hr,0.0,False
rain,2022,RF.KSN.02,สถานีสูบน้ำ คลองบางไส้ไก่,105120,105120,100.0,105120,0,2022-01-01,2022-12-31 23:55:00,rf1hr,0.0,False
rain,2022,RF.KSW.01,สำนักงานเขตคลองสามวา,105120,105120,100.0,105120,0,2022-01-01,2022-12-31 23:55:00,rf1hr,0.0,False
rain,2022,RF.KSW.02,ประตูระบายน้ำ คลองสามวา,105120,105120,100.0,105120,0,2022-01-01,2022-12-31 23:55:00,rf1hr,0.0,False
rain,2022,RF.KSW.03,จุดวัดคลองเก้า ตอนวัดศรีสุขสถาพร,105120,105120,100.0,105120,0,2022-01-01,2022-12-31 23:55:00,rf1hr,11.374,False
rain,2022,RF.KTY.01,สำนักงานเขตคลองเตย,105120,105120,100.0,105120,0,2022-01-01,2022-12-31 23:55:00,rf1hr,0.0,False
rain,2022,RF.KTY.02,สถานีสูบน้ำ พระราม 4,105120,105120,100.0,105120,0,2022-01-01,2022-12-31 23:55:00,rf1hr,0.009,False
rain,2022,RF.KTY.03,สถานีสูบน้ำ พระโขนง,105120,105120,100.0,105120,0,2022-01-01,2022-12-31 23:55:00,rf1hr,0.0,False
rain,2022,RF.KTY.04,สถานีสูบน้ำ คลองเตย,105120,105120,100.0,105120,0,2022-01-01,2022-12-31 23:55:00,rf1hr,86.987,True
rain,2022,RF.KTY.05,สถานีวัดน้ำฝน อุทยานเบญจสิริ,105120,105120,100.0,105120,0,2022-01-01,2022-12-31 23:55:00,rf1hr,0.0,False
rain,2022,RF.LKB.02,ประตูระบายน้ำ คลองประเวศบุรีรมย์ ตอนลาดกระบัง,105120,105120,100.0,105120,0,2022-01-01,2022-12-31 23:55:00,rf1hr,0.0,False
rain,2022,RF.LKB.03,จุดวัดคลองประเวศบุรีรมย์ ตอน รพ.ลาดกระบัง,105120,105120,100.0,105120,0,2022-01-01,2022-12-31 23:55:00,rf1hr,0.0,False
rain,2022,RF.LKB.04,จุดวัดคลองประเวศบุรีรมย์ ตอนถนนร่วมพัฒนา,105120,105120,100.0,105120,0,2022-01-01,2022-12-31 23:55:00,rf1hr,0.0,False
rain,2022,RF.LPW.01,สำนักงานเขตลาดพร้าว,105120,105120,100.0,105120,0,2022-01-01,2022-12-31 23:55:00,rf1hr,0.143,False
rain,2022,RF.LSI.01,สำนักงานเขตหลักสี่,105120,105120,100.0,105120,0,2022-01-01,2022-12-31 23:55:00,rf1hr,0.0,False
rain,2022,RF.LSI.02,สถานีสูบน้ำ คลองตาอูฐ,105120,105120,100.0,105120,0,2022-01-01,2022-12-31 23:55:00,rf1hr,0.001,False
rain,2022,RF.LSI.03,จุดวัดศูนย์ราชการ-ถนนแจ้งวัฒนะ,105120,105120,100.0,105120,0,2022-01-01,2022-12-31 23:55:00,rf1hr,0.0,False
rain,2022,RF.MBR.01,สำนักงานเขตมีนบุรี,105120,105120,100.0,105120,0,2022-01-01,2022-12-31 23:55:00,rf1hr,0.0,False
rain,2022,RF.MBR.02,ประตูระบายน้ำ คลองแสนแสบ ตอนถนนประชาร่วมใจ,105120,105120,100.0,105120,0,2022-01-01,2022-12-31 23:55:00,rf1hr,0.0,False
rain,2022,RF.MBR.03,ประตูระบายน้ำ คลองบึงขวาง,105120,105120,100.0,105120,0,2022-01-01,2022-12-31 23:55:00,rf1hr,0.0,False
rain,2022,RF.MBR.05,จุดวัดคลองบึงใหญ่ ตอนวัดทองสัมฤทธิ์,105120,105120,100.0,105120,0,2022-01-01,2022-12-31 23:55:00,rf1hr,0.0,False
rain,2022,RF.NJK.01,สำนักงานเขตหนองจอก,105120,105120,100.0,105120,0,2022-01-01,2022-12-31 23:55:00,rf1hr,0.0,False
rain,2022,RF.NJK.02,สถานีสูบน้ำ คลองแสนแสบ หนองจอก,105120,105120,100.0,105120,0,2022-01-01,2022-12-31 23:55:00,rf1hr,0.0,False
rain,2022,RF.NJK.03,จุดวัดคลองสิบสอง ตอนถนนประชาสำราญ,105120,105120,100.0,105120,0,2022-01-01,2022-12-31 23:55:00,rf1hr,0.0,False
rain,2022,RF.NJK.04,ประตูระบายน้ำ คลองสิบสาม,105120,105120,100.0,105120,0,2022-01-01,2022-12-31 23:55:00,rf1hr,0.0,False
rain,2022,RF.NJK.05,ประตูระบายน้ำ คลองหลวงแพ่ง,105120,105120,100.0,105120,0,2022-01-01,2022-12-31 23:55:00,rf1hr,0.0,False
rain,2022,RF.NJK.06,จุดวัดคลองลำผักชี ตอนโรงเรียนลำผักชี,105120,105120,100.0,105120,0,2022-01-01,2022-12-31 23:55:00,rf1hr,0.0,False
rain,2022,RF.NJK.07,จุดวัดคลองแสนแสบ ตอนวัดทรัพย์สโมสรนิกรเกษม,105120,105120,100.0,105120,0,2022-01-01,2022-12-31 23:55:00,rf1hr,0.0,False
rain,2022,RF.NKM.01,สำนักงานเขตหนองแขม,105120,105120,100.0,105120,0,2022-01-01,2022-12-31 23:55:00,rf1hr,0.0,False
rain,2022,RF.NKM.02,จุดวัดคลองทวีวัฒนา ตอนคลองภาษีเจริญ,105120,105120,100.0,105120,0,2022-01-01,2022-12-31 23:55:00,rf1hr,17.856,False
rain,2022,RF.NKM.03,จุดวัดคลองภาษีเจริญ ตอนคลองมหาศร,105120,105120,100.0,105120,0,2022-01-01,2022-12-31 23:55:00,rf1hr,100.0,True
rain,2022,RF.PKN.01,สำนักงานเขตพระโขนง,105120,105120,100.0,105120,0,2022-01-01,2022-12-31 23:55:00,rf1hr,0.0,False
rain,2022,RF.PKN.02,สถานีสูบน้ำ คลองเจ็ก,105120,105120,100.0,105120,0,2022-01-01,2022-12-31 23:55:00,rf1hr,0.0,False
rain,2022,RF.PKN.03,สถานีสูบน้ำ บางอ้อ,105120,105120,100.0,105120,0,2022-01-01,2022-12-31 23:55:00,rf1hr,0.0,False
rain,2022,RF.PKN.04,สถานีสูบน้ำ บางจาก,105120,105120,100.0,105120,0,2022-01-01,2022-12-31 23:55:00,rf1hr,0.0,False
rain,2022,RF.PNK.01,สำนักงานเขตพระนคร,105120,105120,100.0,105120,0,2022-01-01,2022-12-31 23:55:00,rf1hr,0.0,False
rain,2022,RF.PNK.02,สถานีสูบน้ำ เทเวศร์,105120,105120,100.0,105120,0,2022-01-01,2022-12-31 23:55:00,rf1hr,0.0,False
rain,2022,RF.PNK.03,ปากคลองตลาด,105120,105120,100.0,105120,0,2022-01-01,2022-12-31 23:55:00,rf1hr,0.0,False
rain,2022,RF.PPS.01,สำนักงานเขตป้อมปราบศัตรูพ่าย,105120,105120,100.0,105120,0,2022-01-01,2022-12-31 23:55:00,rf1hr,0.0,False
rain,2022,RF.PSC.01,สำนักงานเขตภาษีเจริญ,105120,105120,100.0,105120,0,2022-01-01,2022-12-31 23:55:00,rf1hr,0.0,False
rain,2022,RF.PSC.03,จุดวัดคลองบางเชือกหนัง ตอนถนนพุทธมณฑลสาย 1,105120,105120,100.0,105120,0,2022-01-01,2022-12-31 23:55:00,rf1hr,0.0,False
rain,2022,RF.PSC.04,สถานีสูบน้ำ คลองภาษีเจริญ,105120,105120,100.0,105120,0,2022-01-01,2022-12-31 23:55:00,rf1hr,0.0,False
rain,2022,RF.PSC.05,จุดวัดคลองบางเชือกหนัง ตอนวัดปากน้ำฝั่งใต้,105120,105120,100.0,105120,0,2022-01-01,2022-12-31 23:55:00,rf1hr,0.0,False
rain,2022,RF.PTW.01,สำนักงานเขตปทุมวัน,105120,105120,100.0,105120,0,2022-01-01,2022-12-31 23:55:00,rf1hr,0.0,False
rain,2022,RF.PTW.02,สถานีสูบน้ำ คลองอรชร,105120,105120,100.0,105120,0,2022-01-01,2022-12-31 23:55:00,rf1hr,0.0,False
rain,2022,RF.PWT.01,สำนักงานเขตประเวศ,105120,105120,100.0,105120,0,2022-01-01,2022-12-31 23:55:00,rf1hr,0.0,False
rain,2022,RF.PWT.02,ประตูระบายน้ำ คลองประเวศบุรีรมย์ ตอนวัดกระทุ่มเสือปลา,105120,105120,100.0,105120,0,2022-01-01,2022-12-31 23:55:00,rf1hr,0.0,False
rain,2022,RF.PWT.03,จุดวัดบึงหนองบอน,105120,105120,100.0,105120,0,2022-01-01,2022-12-31 23:55:00,rf1hr,0.0,False
rain,2022,RF.PYT.01,สำนักงานเขตพญาไท,105120,105120,100.0,105120,0,2022-01-01,2022-12-31 23:55:00,rf1hr,0.0,False
rain,2022,RF.PYT.02,จุดวัดคลองสามเสน ตอนถนนพระรามที่ 6,104833,105120,99.727,104833,0,2022-01-01,2022-12-31 00:00:00,rf1hr,100.0,True
rain,2022,RF.RBN.01,สำนักงานเขตราษฎร์บูรณะ,105120,105120,100.0,105120,0,2022-01-01,2022-12-31 23:55:00,rf1hr,0.0,False
rain,2022,RF.RBN.02,สถานีสูบน้ำ คลองแจงร้อน,105120,105120,100.0,105120,0,2022-01-01,2022-12-31 23:55:00,rf1hr,0.0,False
rain,2022,RF.RTW.01,สำนักงานเขตราชเทวี,105120,105120,100.0,105120,0,2022-01-01,2022-12-31 23:55:00,rf1hr,0.0,False
rain,2022,RF.RTW.02,จุดวัดคลองสามเสน ตอน รพ.พระมงกุฎเกล้า,105120,105120,100.0,105120,0,2022-01-01,2022-12-31 23:55:00,rf1hr,0.0,False
rain,2022,RF.RTW.03,อาคารรับน้ำบึงมักกะสัน,105120,105120,100.0,105120,0,2022-01-01,2022-12-31 23:55:00,rf1hr,0.0,False
rain,2022,RF.SLG.01,สำนักงานเขตสวนหลวง,105120,105120,100.0,105120,0,2022-01-01,2022-12-31 23:55:00,rf1hr,0.0,False
rain,2022,RF.SLG.02,จุดวัดคลองประเวศบุรีรมย์ ตอนวัดขจรศิริ,105120,105120,100.0,105120,0,2022-01-01,2022-12-31 23:55:00,rf1hr,0.0,False
rain,2022,RF.SMI.01,สำนักงานเขตสายไหม,105120,105120,100.0,105120,0,2022-01-01,2022-12-31 23:55:00,rf1hr,0.0,False
rain,2022,RF.SMI.02,ประตูระบายน้ำ คลองสองสายใต้,105120,105120,100.0,105120,0,2022-01-01,2022-12-31 23:55:00,rf1hr,0.0,False
rain,2022,RF.SMI.03,ประตูระบายน้ำ คลองพระยาสุเรนทร์,105120,105120,100.0,105120,0,2022-01-01,2022-12-31 23:55:00,rf1hr,0.0,False
rain,2022,RF.SMI.04,จุดวัดซอยแอนเน็กซ์,105120,105120,100.0,105120,0,2022-01-01,2022-12-31 23:55:00,rf1hr,0.0,False
rain,2022,RF.SPK.01,สถานีสูบน้ำ คลองสำโรง,105120,105120,100.0,105120,0,2022-01-01,2022-12-31 23:55:00,rf1hr,0.0,False
rain,2022,RF.SPS.01,สำนักงานเขตสะพานสูง,105120,105120,100.0,105120,0,2022-01-01,2022-12-31 23:55:00,rf1hr,0.0,False
rain,2022,RF.SPS.02,ประตูระบายน้ำ คลองแสนแสบ ตอนบางชัน,105120,105120,100.0,105120,0,2022-01-01,2022-12-31 23:55:00,rf1hr,0.0,False
rain,2022,RF.SPW.01,บ่อสูบน้ำ ท่าน้ำสวัสดี,105120,105120,100.0,105120,0,2022-01-01,2022-12-31 23:55:00,rf1hr,0.0,False
rain,2022,RF.STN.01,สำนักงานเขตสาทร,105120,105120,100.0,105120,0,2022-01-01,2022-12-31 23:55:00,rf1hr,0.0,False
rain,2022,RF.STN.02,สถานีสูบน้ำ คลองสาทร,105120,105120,100.0,105120,0,2022-01-01,2022-12-31 23:55:00,rf1hr,0.0,False
rain,2022,RF.TBR.01,สำนักงานเขตธนบุรี,105120,105120,100.0,105120,0,2022-01-01,2022-12-31 23:55:00,rf1hr,0.0,False
rain,2022,RF.TBR.02,สถานีสูบน้ำ คลองสำเหร่,105120,105120,100.0,105120,0,2022-01-01,2022-12-31 23:55:00,rf1hr,0.0,False
rain,2022,RF.TBR.03,สถานีสูบน้ำ ดาวคะนอง,105120,105120,100.0,105120,0,2022-01-01,2022-12-31 23:55:00,rf1hr,0.0,False
rain,2022,RF.TKU.01,สำนักงานเขตทุ่งครุ,105120,105120,100.0,105120,0,2022-01-01,2022-12-31 23:55:00,rf1hr,0.0,False
rain,2022,RF.TKU.02,ประตูระบายน้ำ คลองรางจาก ตอนถนนประชาอุทิศ,105120,105120,100.0,105120,0,2022-01-01,2022-12-31 23:55:00,rf1hr,0.0,False
rain,2022,RF.TLC.01,สำนักงานเขตตลิ่งชัน,105120,105120,100.0,105120,0,2022-01-01,2022-12-31 23:55:00,rf1hr,0.0,False
rain,2022,RF.TLC.02,ประตูระบายน้ำ คลองบัว ตอนทางรถไฟสายใต้,105120,105120,100.0,105120,0,2022-01-01,2022-12-31 23:55:00,rf1hr,0.0,False
rain,2022,RF.TLC.03,สถานีสูบน้ำ คลองชักพระ,105120,105120,100.0,105120,0,2022-01-01,2022-12-31 23:55:00,rf1hr,0.0,False
rain,2022,RF.TWW.01,สำนักงานเขตทวีวัฒนา,105120,105120,100.0,105120,0,2022-01-01,2022-12-31 23:55:00,rf1hr,0.0,False
rain,2022,RF.TWW.02,ประตูระบายน้ำ คลองทวีวัฒนา,105120,105120,100.0,105120,0,2022-01-01,2022-12-31 23:55:00,rf1hr,0.0,False
rain,2022,RF.TWW.03,ประตูระบายน้ำ คลองขุนศรีบุรีรักษ์ ตอนคลองมหาสวัสดิ์,105120,105120,100.0,105120,0,2022-01-01,2022-12-31 23:55:00,rf1hr,0.0,False
rain,2022,RF.TWW.04,จุดวัดคลองทวีวัฒนา ตอนคลองบางเชือกหนัง,105120,105120,100.0,105120,0,2022-01-01,2022-12-31 23:55:00,rf1hr,0.0,False
rain,2022,RF.WTL.01,สำนักงานเขตวังทองหลาง,105120,105120,100.0,105120,0,2022-01-01,2022-12-31 23:55:00,rf1hr,0.0,False
rain,2022,RF.WTL.02,ประตูระบายน้ำ คลองลาดพร้าว,105120,105120,100.0,105120,0,2022-01-01,2022-12-31 23:55:00,rf1hr,0.014,False
rain,2022,RF.WTL.03,สถานีสูบน้ำ คลองเจ้าคุณสิงห์,105120,105120,100.0,105120,0,2022-01-01,2022-12-31 23:55:00,rf1hr,0.001,False
rain,2022,RF.WTN.01,สำนักงานเขตวัฒนา,105120,105120,100.0,105120,0,2022-01-01,2022-12-31 23:55:00,rf1hr,0.0,False
rain,2022,RF.WTN.02,สถานีสูบน้ำ คลองแสนแสบตอนคลองตัน,105120,105120,100.0,105120,0,2022-01-01,2022-12-31 23:55:00,rf1hr,0.0,False
rain,2022,RF.YNW.01,สำนักงานเขตยานนาวา,105120,105120,100.0,105120,0,2022-01-01,2022-12-31 23:55:00,rf1hr,0.0,False
rain,2022,RF.YNW.02,สถานีสูบน้ำ คลองช่องนนทรี,105120,105120,100.0,105120,0,2022-01-01,2022-12-31 23:55:00,rf1hr,0.0,False
rain,2022,RF.YNW.03,ประตูระบายน้ำ คลองวัดด่าน,105120,105120,100.0,105120,0,2022-01-01,2022-12-31 23:55:00,rf1hr,0.0,False
rain,2023,RF.BBN.01,สำนักงานเขตบางบอน,105120,105120,100.0,105120,0,2023-01-01,2023-12-31 23:55:00,rf1hr,0.0,False
rain,2023,RF.BBN.02,จุดวัดคลองบางบอน ตอนคลองสะแกงาม,105120,105120,100.0,105120,0,2023-01-01,2023-12-31 23:55:00,rf1hr,0.0,False
rain,2023,RF.BKA.01,สำนักงานเขตบางเขน,105120,105120,100.0,105120,0,2023-01-01,2023-12-31 23:55:00,rf1hr,0.0,False
rain,2023,RF.BKA.02,จุดวัดคลองบางบัว,105120,105120,100.0,105120,0,2023-01-01,2023-12-31 23:55:00,rf1hr,0.0,False
rain,2023,RF.BKE.01,สำนักงานเขตบางแค,105120,105120,100.0,105120,0,2023-01-01,2023-12-31 23:55:00,rf1hr,0.0,False
rain,2023,RF.BKE.02,จุดวัดคลองราชมนตรี ตอนคลองภาษีเจริญ,105120,105120,100.0,105120,0,2023-01-01,2023-12-31 23:55:00,rf1hr,0.0,False
rain,2023,RF.BKE.03,สถานีสูบน้ำคลองบางจาก,105120,105120,100.0,105120,0,2023-01-01,2023-12-31 23:55:00,rf1hr,0.0,False
rain,2023,RF.BKE.04,บ่อสูบน้ำหมู่บ้านเศรษฐกิจ ซอย 26,105120,105120,100.0,105120,0,2023-01-01,2023-12-31 23:55:00,rf1hr,0.0,False
rain,2023,RF.BKL.01,สำนักงานเขตบางคอแหลม,105120,105120,100.0,105120,0,2023-01-01,2023-12-31 23:55:00,rf1hr,0.0,False
rain,2023,RF.BKL.02,สถานีสูบน้ำ คลองวัดไทร,105120,105120,100.0,105120,0,2023-01-01,2023-12-31 23:55:00,rf1hr,0.0,False
rain,2023,RF.BKM.01,สำนักงานเขตบึงกุ่ม,105120,105120,100.0,105120,0,2023-01-01,2023-12-31 23:55:00,rf1hr,0.0,False
rain,2023,RF.BKN.01,สำนักงานเขตบางกอกน้อย,105120,105120,100.0,105120,0,2023-01-01,2023-12-31 23:55:00,rf1hr,0.0,False
rain,2023,RF.BKN.02,สถานีสูบน้ำ คลองมอญ,105120,105120,100.0,105120,0,2023-01-01,2023-12-31 23:55:00,rf1hr,0.0,False
rain,2023,RF.BKP.02,จุดวัดคลองแสนแสบ ตอนสำนักงานเขตบางกะปิ,105120,105120,100.0,105120,0,2023-01-01,2023-12-31 23:55:00,rf1hr,0.0,False
rain,2023,RF.BKT.01,สำนักงานเขตบางขุนเทียน,105120,105120,100.0,105120,0,2023-01-01,2023-12-31 23:55:00,rf1hr,0.0,False
rain,2023,RF.BKT.02,สถานีสูบน้ำ คลองเลนเปน,105120,105120,100.0,105120,0,2023-01-01,2023-12-31 23:55:00,rf1hr,0.0,False
rain,2023,RF.BKT.03,สถานีสูบน้ำ คลองระหาญ,105120,105120,100.0,105120,0,2023-01-01,2023-12-31 23:55:00,rf1hr,0.0,False
rain,2023,RF.BKT.04,สถานีสูบน้ำ คลองพระยาราชมนตรี,105120,105120,100.0,105120,0,2023-01-01,2023-12-31 23:55:00,rf1hr,0.0,False
rain,2023,RF.BKT.05,สถานีสูบน้ำ คลองสนามชัย,105120,105120,100.0,105120,0,2023-01-01,2023-12-31 23:55:00,rf1hr,0.0,False
rain,2023,RF.BKY.01,สำนักงานเขตบางกอกใหญ่,105120,105120,100.0,105120,0,2023-01-01,2023-12-31 23:55:00,rf1hr,0.0,False
rain,2023,RF.BKY.02,สถานีสูบน้ำ คลองบางกอกใหญ่,105120,105120,100.0,105120,0,2023-01-01,2023-12-31 23:55:00,rf1hr,0.0,False
rain,2023,RF.BNA.01,สำนักงานเขตบางนา,105120,105120,100.0,105120,0,2023-01-01,2023-12-31 23:55:00,rf1hr,0.0,False
rain,2023,RF.BNA.02,สถานีสูบน้ำ บางนา,105120,105120,100.0,105120,0,2023-01-01,2023-12-31 23:55:00,rf1hr,0.0,False
rain,2023,RF.BNA.03,จุดวัดคลองบางนา ตอนถนนศรีนครินทร์,105120,105120,100.0,105120,0,2023-01-01,2023-12-31 23:55:00,rf1hr,0.0,False
rain,2023,RF.BPD.01,สำนักงานเขตบางพลัด,105120,105120,100.0,105120,0,2023-01-01,2023-12-31 23:55:00,rf1hr,0.0,False
rain,2023,RF.BRK.01,สำนักงานเขตบางรัก,105120,105120,100.0,105120,0,2023-01-01,2023-12-31 23:55:00,rf1hr,0.0,False
rain,2023,RF.BRK.02,สถานีสูบน้ำ กรุงเกษม,105120,105120,100.0,105120,0,2023-01-01,2023-12-31 23:55:00,rf1hr,0.0,False
rain,2023,RF.BSU.01,สำนักงานเขตบางซื่อ,105120,105120,100.0,105120,0,2023-01-01,2023-12-31 23:55:00,rf1hr,0.0,False
rain,2023,RF.BSU.02,สถานีสูบน้ำ คลองบางเขนใหม่,105120,105120,100.0,105120,0,2023-01-01,2023-12-31 23:55:00,rf1hr,0.001,False
rain,2023,RF.BSU.03,สถานีสูบน้ำ คลองบางซื่อ,105120,105120,100.0,105120,0,2023-01-01,2023-12-31 23:55:00,rf1hr,0.0,False
rain,2023,RF.BSU.04,บ่อสูบน้ำสะพานขวา ถนนประชาราษฎร์ สาย 2,105120,105120,100.0,105120,0,2023-01-01,2023-12-31 23:55:00,rf1hr,0.0,False
rain,2023,RF.CTC.01,บ่อสูบน้ำศาลอาญา ถนนรัชดาภิเษก,105120,105120,100.0,105120,0,2023-01-01,2023-12-31 23:55:00,rf1hr,0.0,False
rain,2023,RF.CTC.02,สถานีสูบน้ำ รัชดา-วิภาวดี,105120,105120,100.0,105120,0,2023-01-01,2023-12-31 23:55:00,rf1hr,0.0,False
rain,2023,RF.CTC.03,จุดวัดถนนเทศบาลสงเคราะห์,105120,105120,100.0,105120,0,2023-01-01,2023-12-31 23:55:00,rf1hr,0.0,False
rain,2023,RF.DDG.02,ศูนย์ควบคุมระบบป้องกันน้ำท่วมกรุงเทพมหานคร สำนักการระบายน้ำ,105120,105120,100.0,105120,0,2023-01-01,2023-12-31 23:55:00,rf1hr,0.0,False
rain,2023,RF.DMG.01,สำนักงานเขตดอนเมือง,105120,105120,100.0,105120,0,2023-01-01,2023-12-31 23:55:00,rf1hr,0.0,False
rain,2023,RF.DST.01,สำนักงานเขตดุสิต,105120,105120,100.0,105120,0,2023-01-01,2023-12-31 23:55:00,rf1hr,0.0,False
rain,2023,RF.DST.02,สถานีสูบน้ำ สามเสน,105120,105120,100.0,105120,0,2023-01-01,2023-12-31 23:55:00,rf1hr,0.0,False
rain,2023,RF.HKG.01,สำนักงานเขตห้วยขวาง,105120,105120,100.0,105120,0,2023-01-01,2023-12-31 23:55:00,rf1hr,0.0,False
rain,2023,RF.HKG.02,สถานีสูบน้ำ สามเสน ตอนคลองแสนแสบ,105120,105120,100.0,105120,0,2023-01-01,2023-12-31 23:55:00,rf1hr,0.0,False
rain,2023,RF.JTG.01,สำนักงานเขตจอมทอง,105120,105120,100.0,105120,0,2023-01-01,2023-12-31 23:55:00,rf1hr,0.0,False
rain,2023,RF.JTG.02,จุดวัดคลองสนามชัย ตอนคลองบางขุนเทียน,105120,105120,100.0,105120,0,2023-01-01,2023-12-31 23:55:00,rf1hr,0.0,False
rain,2023,RF.JTG.03,สถานีสูบน้ำ คลองสี่บาท,105120,105120,100.0,105120,0,2023-01-01,2023-12-31 23:55:00,rf1hr,0.0,False
rain,2023,RF.KNY.02,จุดวัดคลองลำชะล่า ตอนถนนนวมินทร์,105120,105120,100.0,105120,0,2023-01-01,2023-12-31 23:55:00,rf1hr,0.0,False
rain,2023,RF.KSN.01,สำนักงานเขตคลองสาน,105120,105120,100.0,105120,0,2023-01-01,2023-12-31 23:55:00,rf1hr,0.0,False
rain,2023,RF.KSN.02,สถานีสูบน้ำ คลองบางไส้ไก่,105120,105120,100.0,105120,0,2023-01-01,2023-12-31 23:55:00,rf1hr,0.0,False
rain,2023,RF.KSW.01,สำนักงานเขตคลองสามวา,105120,105120,100.0,105120,0,2023-01-01,2023-12-31 23:55:00,rf1hr,0.0,False
rain,2023,RF.KSW.02,ประตูระบายน้ำ คลองสามวา,105120,105120,100.0,105120,0,2023-01-01,2023-12-31 23:55:00,rf1hr,0.0,False
rain,2023,RF.KSW.03,จุดวัดคลองเก้า ตอนวัดศรีสุขสถาพร,105120,105120,100.0,105120,0,2023-01-01,2023-12-31 23:55:00,rf1hr,0.0,False
rain,2023,RF.KTY.01,สำนักงานเขตคลองเตย,105120,105120,100.0,105120,0,2023-01-01,2023-12-31 23:55:00,rf1hr,0.0,False
rain,2023,RF.KTY.02,สถานีสูบน้ำ พระราม 4,105120,105120,100.0,105120,0,2023-01-01,2023-12-31 23:55:00,rf1hr,0.016,False
rain,2023,RF.KTY.03,สถานีสูบน้ำ พระโขนง,105120,105120,100.0,105120,0,2023-01-01,2023-12-31 23:55:00,rf1hr,0.0,False
rain,2023,RF.KTY.04,สถานีสูบน้ำ คลองเตย,105120,105120,100.0,105120,0,2023-01-01,2023-12-31 23:55:00,rf1hr,74.773,True
rain,2023,RF.KTY.05,สถานีวัดน้ำฝน อุทยานเบญจสิริ,105120,105120,100.0,105120,0,2023-01-01,2023-12-31 23:55:00,rf1hr,0.0,False
rain,2023,RF.LKB.02,ประตูระบายน้ำ คลองประเวศบุรีรมย์ ตอนลาดกระบัง,105120,105120,100.0,105120,0,2023-01-01,2023-12-31 23:55:00,rf1hr,0.242,False
rain,2023,RF.LKB.03,จุดวัดคลองประเวศบุรีรมย์ ตอน รพ.ลาดกระบัง,105120,105120,100.0,105120,0,2023-01-01,2023-12-31 23:55:00,rf1hr,0.0,False
rain,2023,RF.LKB.04,จุดวัดคลองประเวศบุรีรมย์ ตอนถนนร่วมพัฒนา,105120,105120,100.0,105120,0,2023-01-01,2023-12-31 23:55:00,rf1hr,0.0,False
rain,2023,RF.LPW.01,สำนักงานเขตลาดพร้าว,105120,105120,100.0,105120,0,2023-01-01,2023-12-31 23:55:00,rf1hr,0.0,False
rain,2023,RF.LSI.01,สำนักงานเขตหลักสี่,105120,105120,100.0,105120,0,2023-01-01,2023-12-31 23:55:00,rf1hr,0.0,False
rain,2023,RF.LSI.02,สถานีสูบน้ำ คลองตาอูฐ,105120,105120,100.0,105120,0,2023-01-01,2023-12-31 23:55:00,rf1hr,0.0,False
rain,2023,RF.LSI.03,จุดวัดศูนย์ราชการ-ถนนแจ้งวัฒนะ,105120,105120,100.0,105120,0,2023-01-01,2023-12-31 23:55:00,rf1hr,0.0,False
rain,2023,RF.MBR.01,สำนักงานเขตมีนบุรี,105120,105120,100.0,105120,0,2023-01-01,2023-12-31 23:55:00,rf1hr,0.0,False
rain,2023,RF.MBR.02,ประตูระบายน้ำ คลองแสนแสบ ตอนถนนประชาร่วมใจ,105120,105120,100.0,105120,0,2023-01-01,2023-12-31 23:55:00,rf1hr,0.002,False
rain,2023,RF.MBR.03,ประตูระบายน้ำ คลองบึงขวาง,105120,105120,100.0,105120,0,2023-01-01,2023-12-31 23:55:00,rf1hr,0.0,False
rain,2023,RF.MBR.05,จุดวัดคลองบึงใหญ่ ตอนวัดทองสัมฤทธิ์,105120,105120,100.0,105120,0,2023-01-01,2023-12-31 23:55:00,rf1hr,0.0,False
rain,2023,RF.NJK.01,สำนักงานเขตหนองจอก,105120,105120,100.0,105120,0,2023-01-01,2023-12-31 23:55:00,rf1hr,0.0,False
rain,2023,RF.NJK.02,สถานีสูบน้ำ คลองแสนแสบ หนองจอก,105120,105120,100.0,105120,0,2023-01-01,2023-12-31 23:55:00,rf1hr,0.0,False
rain,2023,RF.NJK.03,จุดวัดคลองสิบสอง ตอนถนนประชาสำราญ,105120,105120,100.0,105120,0,2023-01-01,2023-12-31 23:55:00,rf1hr,0.0,False
rain,2023,RF.NJK.04,ประตูระบายน้ำ คลองสิบสาม,105120,105120,100.0,105120,0,2023-01-01,2023-12-31 23:55:00,rf1hr,0.0,False
rain,2023,RF.NJK.05,ประตูระบายน้ำ คลองหลวงแพ่ง,105120,105120,100.0,105120,0,2023-01-01,2023-12-31 23:55:00,rf1hr,0.0,False
rain,2023,RF.NJK.06,จุดวัดคลองลำผักชี ตอนโรงเรียนลำผักชี,105120,105120,100.0,105120,0,2023-01-01,2023-12-31 23:55:00,rf1hr,0.0,False
rain,2023,RF.NJK.07,จุดวัดคลองแสนแสบ ตอนวัดทรัพย์สโมสรนิกรเกษม,105120,105120,100.0,105120,0,2023-01-01,2023-12-31 23:55:00,rf1hr,0.0,False
rain,2023,RF.NKM.01,สำนักงานเขตหนองแขม,105120,105120,100.0,105120,0,2023-01-01,2023-12-31 23:55:00,rf1hr,0.0,False
rain,2023,RF.NKM.02,จุดวัดคลองทวีวัฒนา ตอนคลองภาษีเจริญ,105120,105120,100.0,105120,0,2023-01-01,2023-12-31 23:55:00,rf1hr,0.0,False
rain,2023,RF.NKM.03,จุดวัดคลองภาษีเจริญ ตอนคลองมหาศร,105120,105120,100.0,105120,0,2023-01-01,2023-12-31 23:55:00,rf1hr,100.0,True
rain,2023,RF.PKN.01,สำนักงานเขตพระโขนง,105120,105120,100.0,105120,0,2023-01-01,2023-12-31 23:55:00,rf1hr,0.0,False
rain,2023,RF.PKN.02,สถานีสูบน้ำ คลองเจ็ก,105120,105120,100.0,105120,0,2023-01-01,2023-12-31 23:55:00,rf1hr,0.0,False
rain,2023,RF.PKN.03,สถานีสูบน้ำ บางอ้อ,105120,105120,100.0,105120,0,2023-01-01,2023-12-31 23:55:00,rf1hr,0.0,False
rain,2023,RF.PKN.04,สถานีสูบน้ำ บางจาก,105120,105120,100.0,105120,0,2023-01-01,2023-12-31 23:55:00,rf1hr,0.0,False
rain,2023,RF.PNK.01,สำนักงานเขตพระนคร,105120,105120,100.0,105120,0,2023-01-01,2023-12-31 23:55:00,rf1hr,0.0,False
rain,2023,RF.PNK.02,สถานีสูบน้ำ เทเวศร์,105120,105120,100.0,105120,0,2023-01-01,2023-12-31 23:55:00,rf1hr,0.0,False
rain,2023,RF.PNK.03,ปากคลองตลาด,105120,105120,100.0,105120,0,2023-01-01,2023-12-31 23:55:00,rf1hr,0.0,False
rain,2023,RF.PPS.01,สำนักงานเขตป้อมปราบศัตรูพ่าย,105120,105120,100.0,105120,0,2023-01-01,2023-12-31 23:55:00,rf1hr,0.0,False
rain,2023,RF.PSC.01,สำนักงานเขตภาษีเจริญ,105120,105120,100.0,105120,0,2023-01-01,2023-12-31 23:55:00,rf1hr,0.0,False
rain,2023,RF.PSC.03,จุดวัดคลองบางเชือกหนัง ตอนถนนพุทธมณฑลสาย 1,105120,105120,100.0,105120,0,2023-01-01,2023-12-31 23:55:00,rf1hr,0.0,False
rain,2023,RF.PSC.04,สถานีสูบน้ำ คลองภาษีเจริญ,105120,105120,100.0,105120,0,2023-01-01,2023-12-31 23:55:00,rf1hr,0.0,False
rain,2023,RF.PSC.05,จุดวัดคลองบางเชือกหนัง ตอนวัดปากน้ำฝั่งใต้,105120,105120,100.0,105120,0,2023-01-01,2023-12-31 23:55:00,rf1hr,0.0,False
rain,2023,RF.PTW.01,สำนักงานเขตปทุมวัน,105120,105120,100.0,105120,0,2023-01-01,2023-12-31 23:55:00,rf1hr,0.0,False
rain,2023,RF.PTW.02,สถานีสูบน้ำ คลองอรชร,105120,105120,100.0,105120,0,2023-01-01,2023-12-31 23:55:00,rf1hr,0.0,False
rain,2023,RF.PWT.01,สำนักงานเขตประเวศ,105120,105120,100.0,105120,0,2023-01-01,2023-12-31 23:55:00,rf1hr,0.0,False
rain,2023,RF.PWT.02,ประตูระบายน้ำ คลองประเวศบุรีรมย์ ตอนวัดกระทุ่มเสือปลา,105120,105120,100.0,105120,0,2023-01-01,2023-12-31 23:55:00,rf1hr,0.0,False
rain,2023,RF.PWT.03,จุดวัดบึงหนองบอน,105120,105120,100.0,105120,0,2023-01-01,2023-12-31 23:55:00,rf1hr,0.0,False
rain,2023,RF.PYT.01,สำนักงานเขตพญาไท,105120,105120,100.0,105120,0,2023-01-01,2023-12-31 23:55:00,rf1hr,0.0,False
rain,2023,RF.PYT.02,จุดวัดคลองสามเสน ตอนถนนพระรามที่ 6,104833,105120,99.727,104833,0,2023-01-01,2023-12-31 00:00:00,rf1hr,42.99,False
rain,2023,RF.RBN.01,สำนักงานเขตราษฎร์บูรณะ,105120,105120,100.0,105120,0,2023-01-01,2023-12-31 23:55:00,rf1hr,0.0,False
rain,2023,RF.RBN.02,สถานีสูบน้ำ คลองแจงร้อน,105120,105120,100.0,105120,0,2023-01-01,2023-12-31 23:55:00,rf1hr,0.0,False
rain,2023,RF.RTW.01,สำนักงานเขตราชเทวี,105120,105120,100.0,105120,0,2023-01-01,2023-12-31 23:55:00,rf1hr,0.0,False
rain,2023,RF.RTW.02,จุดวัดคลองสามเสน ตอน รพ.พระมงกุฎเกล้า,105120,105120,100.0,105120,0,2023-01-01,2023-12-31 23:55:00,rf1hr,63.962,True
rain,2023,RF.RTW.03,อาคารรับน้ำบึงมักกะสัน,105120,105120,100.0,105120,0,2023-01-01,2023-12-31 23:55:00,rf1hr,0.0,False
rain,2023,RF.SLG.01,สำนักงานเขตสวนหลวง,105120,105120,100.0,105120,0,2023-01-01,2023-12-31 23:55:00,rf1hr,0.0,False
rain,2023,RF.SLG.02,จุดวัดคลองประเวศบุรีรมย์ ตอนวัดขจรศิริ,105120,105120,100.0,105120,0,2023-01-01,2023-12-31 23:55:00,rf1hr,0.0,False
rain,2023,RF.SMI.01,สำนักงานเขตสายไหม,105120,105120,100.0,105120,0,2023-01-01,2023-12-31 23:55:00,rf1hr,0.0,False
rain,2023,RF.SMI.02,ประตูระบายน้ำ คลองสองสายใต้,105120,105120,100.0,105120,0,2023-01-01,2023-12-31 23:55:00,rf1hr,0.0,False
rain,2023,RF.SMI.03,ประตูระบายน้ำ คลองพระยาสุเรนทร์,105120,105120,100.0,105120,0,2023-01-01,2023-12-31 23:55:00,rf1hr,0.0,False
rain,2023,RF.SMI.04,จุดวัดซอยแอนเน็กซ์,105120,105120,100.0,105120,0,2023-01-01,2023-12-31 23:55:00,rf1hr,0.0,False
rain,2023,RF.SPK.01,สถานีสูบน้ำ คลองสำโรง,105120,105120,100.0,105120,0,2023-01-01,2023-12-31 23:55:00,rf1hr,0.0,False
rain,2023,RF.SPS.01,สำนักงานเขตสะพานสูง,105120,105120,100.0,105120,0,2023-01-01,2023-12-31 23:55:00,rf1hr,0.0,False
rain,2023,RF.SPS.02,ประตูระบายน้ำ คลองแสนแสบ ตอนบางชัน,105120,105120,100.0,105120,0,2023-01-01,2023-12-31 23:55:00,rf1hr,0.0,False
rain,2023,RF.SPW.01,บ่อสูบน้ำ ท่าน้ำสวัสดี,105120,105120,100.0,105120,0,2023-01-01,2023-12-31 23:55:00,rf1hr,0.0,False
rain,2023,RF.STN.01,สำนักงานเขตสาทร,105120,105120,100.0,105120,0,2023-01-01,2023-12-31 23:55:00,rf1hr,0.0,False
rain,2023,RF.STN.02,สถานีสูบน้ำ คลองสาทร,105120,105120,100.0,105120,0,2023-01-01,2023-12-31 23:55:00,rf1hr,0.0,False
rain,2023,RF.TBR.01,สำนักงานเขตธนบุรี,105120,105120,100.0,105120,0,2023-01-01,2023-12-31 23:55:00,rf1hr,0.0,False
rain,2023,RF.TBR.02,สถานีสูบน้ำ คลองสำเหร่,105120,105120,100.0,105120,0,2023-01-01,2023-12-31 23:55:00,rf1hr,0.0,False
rain,2023,RF.TBR.03,สถานีสูบน้ำ ดาวคะนอง,105120,105120,100.0,105120,0,2023-01-01,2023-12-31 23:55:00,rf1hr,0.0,False
rain,2023,RF.TKU.01,สำนักงานเขตทุ่งครุ,105120,105120,100.0,105120,0,2023-01-01,2023-12-31 23:55:00,rf1hr,0.0,False
rain,2023,RF.TKU.02,ประตูระบายน้ำ คลองรางจาก ตอนถนนประชาอุทิศ,105120,105120,100.0,105120,0,2023-01-01,2023-12-31 23:55:00,rf1hr,0.0,False
rain,2023,RF.TLC.01,สำนักงานเขตตลิ่งชัน,105120,105120,100.0,105120,0,2023-01-01,2023-12-31 23:55:00,rf1hr,0.0,False
rain,2023,RF.TLC.02,ประตูระบายน้ำ คลองบัว ตอนทางรถไฟสายใต้,105120,105120,100.0,105120,0,2023-01-01,2023-12-31 23:55:00,rf1hr,0.0,False
rain,2023,RF.TLC.03,สถานีสูบน้ำ คลองชักพระ,105120,105120,100.0,105120,0,2023-01-01,2023-12-31 23:55:00,rf1hr,0.0,False
rain,2023,RF.TWW.01,สำนักงานเขตทวีวัฒนา,105120,105120,100.0,105120,0,2023-01-01,2023-12-31 23:55:00,rf1hr,0.0,False
rain,2023,RF.TWW.02,ประตูระบายน้ำ คลองทวีวัฒนา,105120,105120,100.0,105120,0,2023-01-01,2023-12-31 23:55:00,rf1hr,0.0,False
rain,2023,RF.TWW.03,ประตูระบายน้ำ คลองขุนศรีบุรีรักษ์ ตอนคลองมหาสวัสดิ์,105120,105120,100.0,105120,0,2023-01-01,2023-12-31 23:55:00,rf1hr,0.0,False
rain,2023,RF.TWW.04,จุดวัดคลองทวีวัฒนา ตอนคลองบางเชือกหนัง,105120,105120,100.0,105120,0,2023-01-01,2023-12-31 23:55:00,rf1hr,0.0,False
rain,2023,RF.WTL.01,สำนักงานเขตวังทองหลาง,105120,105120,100.0,105120,0,2023-01-01,2023-12-31 23:55:00,rf1hr,0.0,False
rain,2023,RF.WTL.02,ประตูระบายน้ำ คลองลาดพร้าว,105120,105120,100.0,105120,0,2023-01-01,2023-12-31 23:55:00,rf1hr,47.068,False
rain,2023,RF.WTL.03,สถานีสูบน้ำ คลองเจ้าคุณสิงห์,105120,105120,100.0,105120,0,2023-01-01,2023-12-31 23:55:00,rf1hr,0.0,False
rain,2023,RF.WTN.01,สำนักงานเขตวัฒนา,105120,105120,100.0,105120,0,2023-01-01,2023-12-31 23:55:00,rf1hr,0.0,False
rain,2023,RF.WTN.02,สถานีสูบน้ำ คลองแสนแสบตอนคลองตัน,105120,105120,100.0,105120,0,2023-01-01,2023-12-31 23:55:00,rf1hr,0.0,False
rain,2023,RF.YNW.01,สำนักงานเขตยานนาวา,105120,105120,100.0,105120,0,2023-01-01,2023-12-31 23:55:00,rf1hr,0.0,False
rain,2023,RF.YNW.02,สถานีสูบน้ำ คลองช่องนนทรี,105120,105120,100.0,105120,0,2023-01-01,2023-12-31 23:55:00,rf1hr,0.0,False
rain,2023,RF.YNW.03,ประตูระบายน้ำ คลองวัดด่าน,105120,105120,100.0,105120,0,2023-01-01,2023-12-31 23:55:00,rf1hr,0.015,False
rain,2024,RF.BBN.01,สำนักงานเขตบางบอน,105408,105408,100.0,105408,0,2024-01-01,2024-12-31 23:55:00,rf1hr,0.0,False
rain,2024,RF.BBN.02,จุดวัดคลองบางบอน ตอนคลองสะแกงาม,105408,105408,100.0,105408,0,2024-01-01,2024-12-31 23:55:00,rf1hr,0.0,False
rain,2024,RF.BKA.01,สำนักงานเขตบางเขน,105408,105408,100.0,105408,0,2024-01-01,2024-12-31 23:55:00,rf1hr,0.0,False
rain,2024,RF.BKA.02,จุดวัดคลองบางบัว,105408,105408,100.0,105408,0,2024-01-01,2024-12-31 23:55:00,rf1hr,0.0,False
rain,2024,RF.BKE.01,สำนักงานเขตบางแค,105408,105408,100.0,105408,0,2024-01-01,2024-12-31 23:55:00,rf1hr,0.0,False
rain,2024,RF.BKE.02,จุดวัดคลองราชมนตรี ตอนคลองภาษีเจริญ,105408,105408,100.0,105408,0,2024-01-01,2024-12-31 23:55:00,rf1hr,0.0,False
rain,2024,RF.BKE.03,สถานีสูบน้ำคลองบางจาก,105408,105408,100.0,105408,0,2024-01-01,2024-12-31 23:55:00,rf1hr,0.0,False
rain,2024,RF.BKE.04,บ่อสูบน้ำหมู่บ้านเศรษฐกิจ ซอย 26,105408,105408,100.0,105408,0,2024-01-01,2024-12-31 23:55:00,rf1hr,0.0,False
rain,2024,RF.BKL.01,สำนักงานเขตบางคอแหลม,105408,105408,100.0,105408,0,2024-01-01,2024-12-31 23:55:00,rf1hr,0.0,False
rain,2024,RF.BKL.02,สถานีสูบน้ำ คลองวัดไทร,105408,105408,100.0,105408,0,2024-01-01,2024-12-31 23:55:00,rf1hr,0.0,False
rain,2024,RF.BKM.01,สำนักงานเขตบึงกุ่ม,105408,105408,100.0,105408,0,2024-01-01,2024-12-31 23:55:00,rf1hr,0.0,False
rain,2024,RF.BKN.01,สำนักงานเขตบางกอกน้อย,105408,105408,100.0,105408,0,2024-01-01,2024-12-31 23:55:00,rf1hr,0.0,False
rain,2024,RF.BKN.02,สถานีสูบน้ำ คลองมอญ,105408,105408,100.0,105408,0,2024-01-01,2024-12-31 23:55:00,rf1hr,0.0,False
rain,2024,RF.BKP.02,จุดวัดคลองแสนแสบ ตอนสำนักงานเขตบางกะปิ,105408,105408,100.0,105408,0,2024-01-01,2024-12-31 23:55:00,rf1hr,0.0,False
rain,2024,RF.BKT.01,สำนักงานเขตบางขุนเทียน,105408,105408,100.0,105408,0,2024-01-01,2024-12-31 23:55:00,rf1hr,0.0,False
rain,2024,RF.BKT.02,สถานีสูบน้ำ คลองเลนเปน,105408,105408,100.0,105408,0,2024-01-01,2024-12-31 23:55:00,rf1hr,0.0,False
rain,2024,RF.BKT.03,สถานีสูบน้ำ คลองระหาญ,105408,105408,100.0,105408,0,2024-01-01,2024-12-31 23:55:00,rf1hr,0.0,False
rain,2024,RF.BKT.04,สถานีสูบน้ำ คลองพระยาราชมนตรี,105408,105408,100.0,105408,0,2024-01-01,2024-12-31 23:55:00,rf1hr,0.0,False
rain,2024,RF.BKT.05,สถานีสูบน้ำ คลองสนามชัย,105408,105408,100.0,105408,0,2024-01-01,2024-12-31 23:55:00,rf1hr,0.0,False
rain,2024,RF.BKY.01,สำนักงานเขตบางกอกใหญ่,105408,105408,100.0,105408,0,2024-01-01,2024-12-31 23:55:00,rf1hr,0.0,False
rain,2024,RF.BKY.02,สถานีสูบน้ำ คลองบางกอกใหญ่,105408,105408,100.0,105408,0,2024-01-01,2024-12-31 23:55:00,rf1hr,0.0,False
rain,2024,RF.BNA.01,สำนักงานเขตบางนา,105408,105408,100.0,105408,0,2024-01-01,2024-12-31 23:55:00,rf1hr,0.0,False
rain,2024,RF.BNA.02,สถานีสูบน้ำ บางนา,105408,105408,100.0,105408,0,2024-01-01,2024-12-31 23:55:00,rf1hr,0.0,False
rain,2024,RF.BNA.03,จุดวัดคลองบางนา ตอนถนนศรีนครินทร์,105408,105408,100.0,105408,0,2024-01-01,2024-12-31 23:55:00,rf1hr,0.0,False
rain,2024,RF.BPD.01,สำนักงานเขตบางพลัด,105408,105408,100.0,105408,0,2024-01-01,2024-12-31 23:55:00,rf1hr,0.0,False
rain,2024,RF.BRK.01,สำนักงานเขตบางรัก,105408,105408,100.0,105408,0,2024-01-01,2024-12-31 23:55:00,rf1hr,0.0,False
rain,2024,RF.BRK.02,สถานีสูบน้ำ กรุงเกษม,105408,105408,100.0,105408,0,2024-01-01,2024-12-31 23:55:00,rf1hr,0.0,False
rain,2024,RF.BSU.01,สำนักงานเขตบางซื่อ,105408,105408,100.0,105408,0,2024-01-01,2024-12-31 23:55:00,rf1hr,0.0,False
rain,2024,RF.BSU.02,สถานีสูบน้ำ คลองบางเขนใหม่,105408,105408,100.0,105408,0,2024-01-01,2024-12-31 23:55:00,rf1hr,0.0,False
rain,2024,RF.BSU.03,สถานีสูบน้ำ คลองบางซื่อ,105408,105408,100.0,105408,0,2024-01-01,2024-12-31 23:55:00,rf1hr,0.0,False
rain,2024,RF.BSU.04,บ่อสูบน้ำสะพานขวา ถนนประชาราษฎร์ สาย 2,105408,105408,100.0,105408,0,2024-01-01,2024-12-31 23:55:00,rf1hr,0.0,False
rain,2024,RF.CTC.01,บ่อสูบน้ำศาลอาญา ถนนรัชดาภิเษก,105408,105408,100.0,105408,0,2024-01-01,2024-12-31 23:55:00,rf1hr,0.0,False
rain,2024,RF.CTC.02,สถานีสูบน้ำ รัชดา-วิภาวดี,105408,105408,100.0,105408,0,2024-01-01,2024-12-31 23:55:00,rf1hr,0.0,False
rain,2024,RF.CTC.03,จุดวัดถนนเทศบาลสงเคราะห์,105408,105408,100.0,105408,0,2024-01-01,2024-12-31 23:55:00,rf1hr,0.0,False
rain,2024,RF.DDG.02,ศูนย์ควบคุมระบบป้องกันน้ำท่วมกรุงเทพมหานคร สำนักการระบายน้ำ,105408,105408,100.0,105408,0,2024-01-01,2024-12-31 23:55:00,rf1hr,0.0,False
rain,2024,RF.DMG.01,สำนักงานเขตดอนเมือง,105408,105408,100.0,105408,0,2024-01-01,2024-12-31 23:55:00,rf1hr,0.0,False
rain,2024,RF.DST.01,สำนักงานเขตดุสิต,105408,105408,100.0,105408,0,2024-01-01,2024-12-31 23:55:00,rf1hr,0.0,False
rain,2024,RF.DST.02,สถานีสูบน้ำ สามเสน,105408,105408,100.0,105408,0,2024-01-01,2024-12-31 23:55:00,rf1hr,0.0,False
rain,2024,RF.HKG.01,สำนักงานเขตห้วยขวาง,105408,105408,100.0,105408,0,2024-01-01,2024-12-31 23:55:00,rf1hr,0.0,False
rain,2024,RF.HKG.02,สถานีสูบน้ำ สามเสน ตอนคลองแสนแสบ,105408,105408,100.0,105408,0,2024-01-01,2024-12-31 23:55:00,rf1hr,13.429,False
rain,2024,RF.JTG.01,สำนักงานเขตจอมทอง,105408,105408,100.0,105408,0,2024-01-01,2024-12-31 23:55:00,rf1hr,0.0,False
rain,2024,RF.JTG.02,จุดวัดคลองสนามชัย ตอนคลองบางขุนเทียน,105408,105408,100.0,105408,0,2024-01-01,2024-12-31 23:55:00,rf1hr,0.0,False
rain,2024,RF.JTG.03,สถานีสูบน้ำ คลองสี่บาท,105408,105408,100.0,105408,0,2024-01-01,2024-12-31 23:55:00,rf1hr,0.0,False
rain,2024,RF.KNY.02,จุดวัดคลองลำชะล่า ตอนถนนนวมินทร์,105408,105408,100.0,105408,0,2024-01-01,2024-12-31 23:55:00,rf1hr,0.0,False
rain,2024,RF.KSN.01,สำนักงานเขตคลองสาน,105408,105408,100.0,105408,0,2024-01-01,2024-12-31 23:55:00,rf1hr,0.0,False
rain,2024,RF.KSN.02,สถานีสูบน้ำ คลองบางไส้ไก่,105408,105408,100.0,105408,0,2024-01-01,2024-12-31 23:55:00,rf1hr,0.0,False
rain,2024,RF.KSW.01,สำนักงานเขตคลองสามวา,105408,105408,100.0,105408,0,2024-01-01,2024-12-31 23:55:00,rf1hr,0.0,False
rain,2024,RF.KSW.02,ประตูระบายน้ำ คลองสามวา,105408,105408,100.0,105408,0,2024-01-01,2024-12-31 23:55:00,rf1hr,1.421,False
rain,2024,RF.KSW.03,จุดวัดคลองเก้า ตอนวัดศรีสุขสถาพร,105408,105408,100.0,105408,0,2024-01-01,2024-12-31 23:55:00,rf1hr,0.0,False
rain,2024,RF.KTY.01,สำนักงานเขตคลองเตย,105408,105408,100.0,105408,0,2024-01-01,2024-12-31 23:55:00,rf1hr,0.0,False
rain,2024,RF.KTY.02,สถานีสูบน้ำ พระราม 4,105408,105408,100.0,105408,0,2024-01-01,2024-12-31 23:55:00,rf1hr,0.0,False
rain,2024,RF.KTY.03,สถานีสูบน้ำ พระโขนง,105408,105408,100.0,105408,0,2024-01-01,2024-12-31 23:55:00,rf1hr,0.0,False
rain,2024,RF.KTY.04,สถานีสูบน้ำ คลองเตย,105408,105408,100.0,105408,0,2024-01-01,2024-12-31 23:55:00,rf1hr,0.0,False
rain,2024,RF.KTY.05,สถานีวัดน้ำฝน อุทยานเบญจสิริ,105408,105408,100.0,105408,0,2024-01-01,2024-12-31 23:55:00,rf1hr,0.0,False
rain,2024,RF.LKB.02,ประตูระบายน้ำ คลองประเวศบุรีรมย์ ตอนลาดกระบัง,105408,105408,100.0,105408,0,2024-01-01,2024-12-31 23:55:00,rf1hr,0.0,False
rain,2024,RF.LKB.03,จุดวัดคลองประเวศบุรีรมย์ ตอน รพ.ลาดกระบัง,105408,105408,100.0,105408,0,2024-01-01,2024-12-31 23:55:00,rf1hr,0.0,False
rain,2024,RF.LKB.04,จุดวัดคลองประเวศบุรีรมย์ ตอนถนนร่วมพัฒนา,105408,105408,100.0,105408,0,2024-01-01,2024-12-31 23:55:00,rf1hr,0.0,False
rain,2024,RF.LPW.01,สำนักงานเขตลาดพร้าว,105408,105408,100.0,105408,0,2024-01-01,2024-12-31 23:55:00,rf1hr,0.0,False
rain,2024,RF.LSI.01,สำนักงานเขตหลักสี่,105408,105408,100.0,105408,0,2024-01-01,2024-12-31 23:55:00,rf1hr,0.0,False
rain,2024,RF.LSI.02,สถานีสูบน้ำ คลองตาอูฐ,105408,105408,100.0,105408,0,2024-01-01,2024-12-31 23:55:00,rf1hr,23.346,False
rain,2024,RF.LSI.03,จุดวัดศูนย์ราชการ-ถนนแจ้งวัฒนะ,105408,105408,100.0,105408,0,2024-01-01,2024-12-31 23:55:00,rf1hr,0.0,False
rain,2024,RF.MBR.01,สำนักงานเขตมีนบุรี,105408,105408,100.0,105408,0,2024-01-01,2024-12-31 23:55:00,rf1hr,0.0,False
rain,2024,RF.MBR.02,ประตูระบายน้ำ คลองแสนแสบ ตอนถนนประชาร่วมใจ,105408,105408,100.0,105408,0,2024-01-01,2024-12-31 23:55:00,rf1hr,0.0,False
rain,2024,RF.MBR.03,ประตูระบายน้ำ คลองบึงขวาง,105408,105408,100.0,105408,0,2024-01-01,2024-12-31 23:55:00,rf1hr,19.547,False
rain,2024,RF.MBR.05,จุดวัดคลองบึงใหญ่ ตอนวัดทองสัมฤทธิ์,105408,105408,100.0,105408,0,2024-01-01,2024-12-31 23:55:00,rf1hr,0.0,False
rain,2024,RF.NJK.01,สำนักงานเขตหนองจอก,105408,105408,100.0,105408,0,2024-01-01,2024-12-31 23:55:00,rf1hr,0.0,False
rain,2024,RF.NJK.02,สถานีสูบน้ำ คลองแสนแสบ หนองจอก,105408,105408,100.0,105408,0,2024-01-01,2024-12-31 23:55:00,rf1hr,0.0,False
rain,2024,RF.NJK.03,จุดวัดคลองสิบสอง ตอนถนนประชาสำราญ,105408,105408,100.0,105408,0,2024-01-01,2024-12-31 23:55:00,rf1hr,0.0,False
rain,2024,RF.NJK.04,ประตูระบายน้ำ คลองสิบสาม,105408,105408,100.0,105408,0,2024-01-01,2024-12-31 23:55:00,rf1hr,0.013,False
rain,2024,RF.NJK.05,ประตูระบายน้ำ คลองหลวงแพ่ง,105408,105408,100.0,105408,0,2024-01-01,2024-12-31 23:55:00,rf1hr,0.0,False
rain,2024,RF.NJK.06,จุดวัดคลองลำผักชี ตอนโรงเรียนลำผักชี,105408,105408,100.0,105408,0,2024-01-01,2024-12-31 23:55:00,rf1hr,0.0,False
rain,2024,RF.NJK.07,จุดวัดคลองแสนแสบ ตอนวัดทรัพย์สโมสรนิกรเกษม,105408,105408,100.0,105408,0,2024-01-01,2024-12-31 23:55:00,rf1hr,0.0,False
rain,2024,RF.NKM.01,สำนักงานเขตหนองแขม,105408,105408,100.0,105408,0,2024-01-01,2024-12-31 23:55:00,rf1hr,0.0,False
rain,2024,RF.NKM.02,จุดวัดคลองทวีวัฒนา ตอนคลองภาษีเจริญ,105408,105408,100.0,105408,0,2024-01-01,2024-12-31 23:55:00,rf1hr,0.0,False
rain,2024,RF.NKM.03,จุดวัดคลองภาษีเจริญ ตอนคลองมหาศร,105408,105408,100.0,105408,0,2024-01-01,2024-12-31 23:55:00,rf1hr,100.0,True
rain,2024,RF.PKN.01,สำนักงานเขตพระโขนง,105408,105408,100.0,105408,0,2024-01-01,2024-12-31 23:55:00,rf1hr,0.0,False
rain,2024,RF.PKN.02,สถานีสูบน้ำ คลองเจ็ก,105408,105408,100.0,105408,0,2024-01-01,2024-12-31 23:55:00,rf1hr,0.0,False
rain,2024,RF.PKN.03,สถานีสูบน้ำ บางอ้อ,105408,105408,100.0,105408,0,2024-01-01,2024-12-31 23:55:00,rf1hr,0.0,False
rain,2024,RF.PKN.04,สถานีสูบน้ำ บางจาก,105408,105408,100.0,105408,0,2024-01-01,2024-12-31 23:55:00,rf1hr,0.0,False
rain,2024,RF.PNK.01,สำนักงานเขตพระนคร,105408,105408,100.0,105408,0,2024-01-01,2024-12-31 23:55:00,rf1hr,0.0,False
rain,2024,RF.PNK.02,สถานีสูบน้ำ เทเวศร์,105408,105408,100.0,105408,0,2024-01-01,2024-12-31 23:55:00,rf1hr,0.0,False
rain,2024,RF.PNK.03,ปากคลองตลาด,105408,105408,100.0,105408,0,2024-01-01,2024-12-31 23:55:00,rf1hr,0.0,False
rain,2024,RF.PPS.01,สำนักงานเขตป้อมปราบศัตรูพ่าย,105408,105408,100.0,105408,0,2024-01-01,2024-12-31 23:55:00,rf1hr,0.0,False
rain,2024,RF.PSC.01,สำนักงานเขตภาษีเจริญ,105408,105408,100.0,105408,0,2024-01-01,2024-12-31 23:55:00,rf1hr,0.0,False
rain,2024,RF.PSC.03,จุดวัดคลองบางเชือกหนัง ตอนถนนพุทธมณฑลสาย 1,105408,105408,100.0,105408,0,2024-01-01,2024-12-31 23:55:00,rf1hr,0.0,False
rain,2024,RF.PSC.04,สถานีสูบน้ำ คลองภาษีเจริญ,105408,105408,100.0,105408,0,2024-01-01,2024-12-31 23:55:00,rf1hr,0.0,False
rain,2024,RF.PSC.05,จุดวัดคลองบางเชือกหนัง ตอนวัดปากน้ำฝั่งใต้,105408,105408,100.0,105408,0,2024-01-01,2024-12-31 23:55:00,rf1hr,0.0,False
rain,2024,RF.PTW.01,สำนักงานเขตปทุมวัน,105408,105408,100.0,105408,0,2024-01-01,2024-12-31 23:55:00,rf1hr,0.0,False
rain,2024,RF.PTW.02,สถานีสูบน้ำ คลองอรชร,105408,105408,100.0,105408,0,2024-01-01,2024-12-31 23:55:00,rf1hr,0.0,False
rain,2024,RF.PWT.01,สำนักงานเขตประเวศ,105408,105408,100.0,105408,0,2024-01-01,2024-12-31 23:55:00,rf1hr,0.0,False
rain,2024,RF.PWT.02,ประตูระบายน้ำ คลองประเวศบุรีรมย์ ตอนวัดกระทุ่มเสือปลา,105408,105408,100.0,105408,0,2024-01-01,2024-12-31 23:55:00,rf1hr,0.0,False
rain,2024,RF.PWT.03,จุดวัดบึงหนองบอน,105408,105408,100.0,105408,0,2024-01-01,2024-12-31 23:55:00,rf1hr,0.0,False
rain,2024,RF.PYT.01,สำนักงานเขตพญาไท,105408,105408,100.0,105408,0,2024-01-01,2024-12-31 23:55:00,rf1hr,0.0,False
rain,2024,RF.PYT.02,จุดวัดคลองสามเสน ตอนถนนพระรามที่ 6,105121,105408,99.728,105121,0,2024-01-01,2024-12-31 00:00:00,rf1hr,0.0,False
rain,2024,RF.RBN.01,สำนักงานเขตราษฎร์บูรณะ,105408,105408,100.0,105408,0,2024-01-01,2024-12-31 23:55:00,rf1hr,0.0,False
rain,2024,RF.RBN.02,สถานีสูบน้ำ คลองแจงร้อน,105408,105408,100.0,105408,0,2024-01-01,2024-12-31 23:55:00,rf1hr,0.0,False
rain,2024,RF.RTW.01,สำนักงานเขตราชเทวี,105408,105408,100.0,105408,0,2024-01-01,2024-12-31 23:55:00,rf1hr,0.0,False
rain,2024,RF.RTW.02,จุดวัดคลองสามเสน ตอน รพ.พระมงกุฎเกล้า,105408,105408,100.0,105408,0,2024-01-01,2024-12-31 23:55:00,rf1hr,100.0,True
rain,2024,RF.RTW.03,อาคารรับน้ำบึงมักกะสัน,105408,105408,100.0,105408,0,2024-01-01,2024-12-31 23:55:00,rf1hr,0.0,False
rain,2024,RF.SLG.01,สำนักงานเขตสวนหลวง,105408,105408,100.0,105408,0,2024-01-01,2024-12-31 23:55:00,rf1hr,0.0,False
rain,2024,RF.SLG.02,จุดวัดคลองประเวศบุรีรมย์ ตอนวัดขจรศิริ,105408,105408,100.0,105408,0,2024-01-01,2024-12-31 23:55:00,rf1hr,0.0,False
rain,2024,RF.SMI.01,สำนักงานเขตสายไหม,105408,105408,100.0,105408,0,2024-01-01,2024-12-31 23:55:00,rf1hr,0.0,False
rain,2024,RF.SMI.02,ประตูระบายน้ำ คลองสองสายใต้,105408,105408,100.0,105408,0,2024-01-01,2024-12-31 23:55:00,rf1hr,0.0,False
rain,2024,RF.SMI.03,ประตูระบายน้ำ คลองพระยาสุเรนทร์,105408,105408,100.0,105408,0,2024-01-01,2024-12-31 23:55:00,rf1hr,0.0,False
rain,2024,RF.SMI.04,จุดวัดซอยแอนเน็กซ์,105408,105408,100.0,105408,0,2024-01-01,2024-12-31 23:55:00,rf1hr,0.0,False
rain,2024,RF.SPK.01,สถานีสูบน้ำ คลองสำโรง,105408,105408,100.0,105408,0,2024-01-01,2024-12-31 23:55:00,rf1hr,0.0,False
rain,2024,RF.SPS.01,สำนักงานเขตสะพานสูง,105408,105408,100.0,105408,0,2024-01-01,2024-12-31 23:55:00,rf1hr,0.0,False
rain,2024,RF.SPS.02,ประตูระบายน้ำ คลองแสนแสบ ตอนบางชัน,105408,105408,100.0,105408,0,2024-01-01,2024-12-31 23:55:00,rf1hr,0.0,False
rain,2024,RF.SPW.01,บ่อสูบน้ำ ท่าน้ำสวัสดี,105408,105408,100.0,105408,0,2024-01-01,2024-12-31 23:55:00,rf1hr,0.0,False
rain,2024,RF.STN.01,สำนักงานเขตสาทร,105408,105408,100.0,105408,0,2024-01-01,2024-12-31 23:55:00,rf1hr,0.0,False
rain,2024,RF.STN.02,สถานีสูบน้ำ คลองสาทร,105408,105408,100.0,105408,0,2024-01-01,2024-12-31 23:55:00,rf1hr,0.0,False
rain,2024,RF.TBR.01,สำนักงานเขตธนบุรี,105408,105408,100.0,105408,0,2024-01-01,2024-12-31 23:55:00,rf1hr,0.0,False
rain,2024,RF.TBR.02,สถานีสูบน้ำ คลองสำเหร่,105408,105408,100.0,105408,0,2024-01-01,2024-12-31 23:55:00,rf1hr,0.0,False
rain,2024,RF.TBR.03,สถานีสูบน้ำ ดาวคะนอง,105408,105408,100.0,105408,0,2024-01-01,2024-12-31 23:55:00,rf1hr,0.001,False
rain,2024,RF.TKU.01,สำนักงานเขตทุ่งครุ,105408,105408,100.0,105408,0,2024-01-01,2024-12-31 23:55:00,rf1hr,0.0,False
rain,2024,RF.TKU.02,ประตูระบายน้ำ คลองรางจาก ตอนถนนประชาอุทิศ,105408,105408,100.0,105408,0,2024-01-01,2024-12-31 23:55:00,rf1hr,0.0,False
rain,2024,RF.TLC.01,สำนักงานเขตตลิ่งชัน,105408,105408,100.0,105408,0,2024-01-01,2024-12-31 23:55:00,rf1hr,0.0,False
rain,2024,RF.TLC.02,ประตูระบายน้ำ คลองบัว ตอนทางรถไฟสายใต้,105408,105408,100.0,105408,0,2024-01-01,2024-12-31 23:55:00,rf1hr,0.0,False
rain,2024,RF.TLC.03,สถานีสูบน้ำ คลองชักพระ,105408,105408,100.0,105408,0,2024-01-01,2024-12-31 23:55:00,rf1hr,0.0,False
rain,2024,RF.TWW.01,สำนักงานเขตทวีวัฒนา,105408,105408,100.0,105408,0,2024-01-01,2024-12-31 23:55:00,rf1hr,0.0,False
rain,2024,RF.TWW.02,ประตูระบายน้ำ คลองทวีวัฒนา,105408,105408,100.0,105408,0,2024-01-01,2024-12-31 23:55:00,rf1hr,0.0,False
rain,2024,RF.TWW.03,ประตูระบายน้ำ คลองขุนศรีบุรีรักษ์ ตอนคลองมหาสวัสดิ์,105408,105408,100.0,105408,0,2024-01-01,2024-12-31 23:55:00,rf1hr,0.0,False
rain,2024,RF.TWW.04,จุดวัดคลองทวีวัฒนา ตอนคลองบางเชือกหนัง,105408,105408,100.0,105408,0,2024-01-01,2024-12-31 23:55:00,rf1hr,0.0,False
rain,2024,RF.WTL.01,สำนักงานเขตวังทองหลาง,105408,105408,100.0,105408,0,2024-01-01,2024-12-31 23:55:00,rf1hr,0.0,False
rain,2024,RF.WTL.02,ประตูระบายน้ำ คลองลาดพร้าว,105408,105408,100.0,105408,0,2024-01-01,2024-12-31 23:55:00,rf1hr,0.0,False
rain,2024,RF.WTL.03,สถานีสูบน้ำ คลองเจ้าคุณสิงห์,105408,105408,100.0,105408,0,2024-01-01,2024-12-31 23:55:00,rf1hr,0.0,False
rain,2024,RF.WTN.01,สำนักงานเขตวัฒนา,105408,105408,100.0,105408,0,2024-01-01,2024-12-31 23:55:00,rf1hr,0.0,False
rain,2024,RF.WTN.02,สถานีสูบน้ำ คลองแสนแสบตอนคลองตัน,105408,105408,100.0,105408,0,2024-01-01,2024-12-31 23:55:00,rf1hr,0.0,False
rain,2024,RF.YNW.01,สำนักงานเขตยานนาวา,105408,105408,100.0,105408,0,2024-01-01,2024-12-31 23:55:00,rf1hr,0.0,False
rain,2024,RF.YNW.02,สถานีสูบน้ำ คลองช่องนนทรี,105408,105408,100.0,105408,0,2024-01-01,2024-12-31 23:55:00,rf1hr,0.0,False
rain,2024,RF.YNW.03,ประตูระบายน้ำ คลองวัดด่าน,105408,105408,100.0,105408,0,2024-01-01,2024-12-31 23:55:00,rf1hr,0.0,False
rain,2025,RF.BBN.01,สำนักงานเขตบางบอน,105120,105120,100.0,105120,0,2025-01-01,2025-12-31 23:55:00,rf1hr,0.0,False
rain,2025,RF.BBN.02,จุดวัดคลองบางบอน ตอนคลองสะแกงาม,105120,105120,100.0,105120,0,2025-01-01,2025-12-31 23:55:00,rf1hr,0.0,False
rain,2025,RF.BKA.01,สำนักงานเขตบางเขน,105120,105120,100.0,105120,0,2025-01-01,2025-12-31 23:55:00,rf1hr,0.0,False
rain,2025,RF.BKA.02,จุดวัดคลองบางบัว,105120,105120,100.0,105120,0,2025-01-01,2025-12-31 23:55:00,rf1hr,0.0,False
rain,2025,RF.BKE.01,สำนักงานเขตบางแค,105120,105120,100.0,105120,0,2025-01-01,2025-12-31 23:55:00,rf1hr,0.0,False
rain,2025,RF.BKE.02,จุดวัดคลองราชมนตรี ตอนคลองภาษีเจริญ,105120,105120,100.0,105120,0,2025-01-01,2025-12-31 23:55:00,rf1hr,0.0,False
rain,2025,RF.BKE.03,สถานีสูบน้ำคลองบางจาก,105120,105120,100.0,105120,0,2025-01-01,2025-12-31 23:55:00,rf1hr,0.0,False
rain,2025,RF.BKE.04,บ่อสูบน้ำหมู่บ้านเศรษฐกิจ ซอย 26,105120,105120,100.0,105120,0,2025-01-01,2025-12-31 23:55:00,rf1hr,0.0,False
rain,2025,RF.BKL.01,สำนักงานเขตบางคอแหลม,105120,105120,100.0,105120,0,2025-01-01,2025-12-31 23:55:00,rf1hr,0.0,False
rain,2025,RF.BKL.02,สถานีสูบน้ำ คลองวัดไทร,105120,105120,100.0,105120,0,2025-01-01,2025-12-31 23:55:00,rf1hr,0.0,False
rain,2025,RF.BKM.01,สำนักงานเขตบึงกุ่ม,105120,105120,100.0,105120,0,2025-01-01,2025-12-31 23:55:00,rf1hr,0.0,False
rain,2025,RF.BKN.01,สำนักงานเขตบางกอกน้อย,105120,105120,100.0,105120,0,2025-01-01,2025-12-31 23:55:00,rf1hr,0.0,False
rain,2025,RF.BKN.02,สถานีสูบน้ำ คลองมอญ,105120,105120,100.0,105120,0,2025-01-01,2025-12-31 23:55:00,rf1hr,0.0,False
rain,2025,RF.BKP.02,จุดวัดคลองแสนแสบ ตอนสำนักงานเขตบางกะปิ,105120,105120,100.0,105120,0,2025-01-01,2025-12-31 23:55:00,rf1hr,0.0,False
rain,2025,RF.BKT.01,สำนักงานเขตบางขุนเทียน,105120,105120,100.0,105120,0,2025-01-01,2025-12-31 23:55:00,rf1hr,0.0,False
rain,2025,RF.BKT.02,สถานีสูบน้ำ คลองเลนเปน,105120,105120,100.0,105120,0,2025-01-01,2025-12-31 23:55:00,rf1hr,0.0,False
rain,2025,RF.BKT.03,สถานีสูบน้ำ คลองระหาญ,105120,105120,100.0,105120,0,2025-01-01,2025-12-31 23:55:00,rf1hr,0.0,False
rain,2025,RF.BKT.04,สถานีสูบน้ำ คลองพระยาราชมนตรี,105120,105120,100.0,105120,0,2025-01-01,2025-12-31 23:55:00,rf1hr,0.0,False
rain,2025,RF.BKT.05,สถานีสูบน้ำ คลองสนามชัย,105120,105120,100.0,105120,0,2025-01-01,2025-12-31 23:55:00,rf1hr,0.0,False
rain,2025,RF.BKY.01,สำนักงานเขตบางกอกใหญ่,105120,105120,100.0,105120,0,2025-01-01,2025-12-31 23:55:00,rf1hr,0.0,False
rain,2025,RF.BKY.02,สถานีสูบน้ำ คลองบางกอกใหญ่,105120,105120,100.0,105120,0,2025-01-01,2025-12-31 23:55:00,rf1hr,0.0,False
rain,2025,RF.BNA.01,สำนักงานเขตบางนา,105120,105120,100.0,105120,0,2025-01-01,2025-12-31 23:55:00,rf1hr,0.0,False
rain,2025,RF.BNA.02,สถานีสูบน้ำ บางนา,105120,105120,100.0,105120,0,2025-01-01,2025-12-31 23:55:00,rf1hr,0.0,False
rain,2025,RF.BNA.03,จุดวัดคลองบางนา ตอนถนนศรีนครินทร์,105120,105120,100.0,105120,0,2025-01-01,2025-12-31 23:55:00,rf1hr,0.0,False
rain,2025,RF.BPD.01,สำนักงานเขตบางพลัด,105120,105120,100.0,105120,0,2025-01-01,2025-12-31 23:55:00,rf1hr,0.0,False
rain,2025,RF.BRK.01,สำนักงานเขตบางรัก,105120,105120,100.0,105120,0,2025-01-01,2025-12-31 23:55:00,rf1hr,0.0,False
rain,2025,RF.BRK.02,สถานีสูบน้ำ กรุงเกษม,105120,105120,100.0,105120,0,2025-01-01,2025-12-31 23:55:00,rf1hr,0.0,False
rain,2025,RF.BSU.01,สำนักงานเขตบางซื่อ,105120,105120,100.0,105120,0,2025-01-01,2025-12-31 23:55:00,rf1hr,0.0,False
rain,2025,RF.BSU.02,สถานีสูบน้ำ คลองบางเขนใหม่,105120,105120,100.0,105120,0,2025-01-01,2025-12-31 23:55:00,rf1hr,0.0,False
rain,2025,RF.BSU.03,สถานีสูบน้ำ คลองบางซื่อ,105120,105120,100.0,105120,0,2025-01-01,2025-12-31 23:55:00,rf1hr,0.0,False
rain,2025,RF.BSU.04,บ่อสูบน้ำสะพานขวา ถนนประชาราษฎร์ สาย 2,105120,105120,100.0,105120,0,2025-01-01,2025-12-31 23:55:00,rf1hr,0.0,False
rain,2025,RF.CTC.01,บ่อสูบน้ำศาลอาญา ถนนรัชดาภิเษก,105120,105120,100.0,105120,0,2025-01-01,2025-12-31 23:55:00,rf1hr,0.0,False
rain,2025,RF.CTC.02,สถานีสูบน้ำ รัชดา-วิภาวดี,105120,105120,100.0,105120,0,2025-01-01,2025-12-31 23:55:00,rf1hr,0.0,False
rain,2025,RF.CTC.03,จุดวัดถนนเทศบาลสงเคราะห์,105120,105120,100.0,105120,0,2025-01-01,2025-12-31 23:55:00,rf1hr,0.0,False
rain,2025,RF.DDG.02,ศูนย์ควบคุมระบบป้องกันน้ำท่วมกรุงเทพมหานคร สำนักการระบายน้ำ,105120,105120,100.0,105120,0,2025-01-01,2025-12-31 23:55:00,rf1hr,0.005,False
rain,2025,RF.DMG.01,สำนักงานเขตดอนเมือง,105120,105120,100.0,105120,0,2025-01-01,2025-12-31 23:55:00,rf1hr,0.0,False
rain,2025,RF.DST.01,สำนักงานเขตดุสิต,105120,105120,100.0,105120,0,2025-01-01,2025-12-31 23:55:00,rf1hr,0.0,False
rain,2025,RF.DST.02,สถานีสูบน้ำ สามเสน,105120,105120,100.0,105120,0,2025-01-01,2025-12-31 23:55:00,rf1hr,0.0,False
rain,2025,RF.HKG.01,สำนักงานเขตห้วยขวาง,105120,105120,100.0,105120,0,2025-01-01,2025-12-31 23:55:00,rf1hr,0.0,False
rain,2025,RF.HKG.02,สถานีสูบน้ำ สามเสน ตอนคลองแสนแสบ,105120,105120,100.0,105120,0,2025-01-01,2025-12-31 23:55:00,rf1hr,0.0,False
rain,2025,RF.JTG.01,สำนักงานเขตจอมทอง,105120,105120,100.0,105120,0,2025-01-01,2025-12-31 23:55:00,rf1hr,0.0,False
rain,2025,RF.JTG.02,จุดวัดคลองสนามชัย ตอนคลองบางขุนเทียน,105120,105120,100.0,105120,0,2025-01-01,2025-12-31 23:55:00,rf1hr,0.0,False
rain,2025,RF.JTG.03,สถานีสูบน้ำ คลองสี่บาท,105120,105120,100.0,105120,0,2025-01-01,2025-12-31 23:55:00,rf1hr,0.0,False
rain,2025,RF.KNY.02,จุดวัดคลองลำชะล่า ตอนถนนนวมินทร์,105120,105120,100.0,105120,0,2025-01-01,2025-12-31 23:55:00,rf1hr,0.0,False
rain,2025,RF.KSN.01,สำนักงานเขตคลองสาน,105120,105120,100.0,105120,0,2025-01-01,2025-12-31 23:55:00,rf1hr,0.0,False
rain,2025,RF.KSN.02,สถานีสูบน้ำ คลองบางไส้ไก่,105120,105120,100.0,105120,0,2025-01-01,2025-12-31 23:55:00,rf1hr,0.0,False
rain,2025,RF.KSW.01,สำนักงานเขตคลองสามวา,105120,105120,100.0,105120,0,2025-01-01,2025-12-31 23:55:00,rf1hr,0.0,False
rain,2025,RF.KSW.02,ประตูระบายน้ำ คลองสามวา,105120,105120,100.0,105120,0,2025-01-01,2025-12-31 23:55:00,rf1hr,0.0,False
rain,2025,RF.KSW.03,จุดวัดคลองเก้า ตอนวัดศรีสุขสถาพร,105120,105120,100.0,105120,0,2025-01-01,2025-12-31 23:55:00,rf1hr,0.0,False
rain,2025,RF.KTY.01,สำนักงานเขตคลองเตย,105120,105120,100.0,105120,0,2025-01-01,2025-12-31 23:55:00,rf1hr,0.0,False
rain,2025,RF.KTY.02,สถานีสูบน้ำ พระราม 4,105120,105120,100.0,105120,0,2025-01-01,2025-12-31 23:55:00,rf1hr,0.0,False
rain,2025,RF.KTY.03,สถานีสูบน้ำ พระโขนง,105120,105120,100.0,105120,0,2025-01-01,2025-12-31 23:55:00,rf1hr,0.0,False
rain,2025,RF.KTY.04,สถานีสูบน้ำ คลองเตย,105120,105120,100.0,105120,0,2025-01-01,2025-12-31 23:55:00,rf1hr,0.0,False
rain,2025,RF.KTY.05,สถานีวัดน้ำฝน อุทยานเบญจสิริ,105120,105120,100.0,105120,0,2025-01-01,2025-12-31 23:55:00,rf1hr,0.0,False
rain,2025,RF.LKB.02,ประตูระบายน้ำ คลองประเวศบุรีรมย์ ตอนลาดกระบัง,105120,105120,100.0,105120,0,2025-01-01,2025-12-31 23:55:00,rf1hr,0.0,False
rain,2025,RF.LKB.03,จุดวัดคลองประเวศบุรีรมย์ ตอน รพ.ลาดกระบัง,105120,105120,100.0,105120,0,2025-01-01,2025-12-31 23:55:00,rf1hr,0.0,False
rain,2025,RF.LKB.04,จุดวัดคลองประเวศบุรีรมย์ ตอนถนนร่วมพัฒนา,105120,105120,100.0,105120,0,2025-01-01,2025-12-31 23:55:00,rf1hr,0.0,False
rain,2025,RF.LPW.01,สำนักงานเขตลาดพร้าว,105120,105120,100.0,105120,0,2025-01-01,2025-12-31 23:55:00,rf1hr,0.0,False
rain,2025,RF.LSI.01,สำนักงานเขตหลักสี่,105120,105120,100.0,105120,0,2025-01-01,2025-12-31 23:55:00,rf1hr,0.0,False
rain,2025,RF.LSI.02,สถานีสูบน้ำ คลองตาอูฐ,105120,105120,100.0,105120,0,2025-01-01,2025-12-31 23:55:00,rf1hr,90.756,True
rain,2025,RF.LSI.03,จุดวัดศูนย์ราชการ-ถนนแจ้งวัฒนะ,105120,105120,100.0,105120,0,2025-01-01,2025-12-31 23:55:00,rf1hr,0.0,False
rain,2025,RF.MBR.01,สำนักงานเขตมีนบุรี,105120,105120,100.0,105120,0,2025-01-01,2025-12-31 23:55:00,rf1hr,0.0,False
rain,2025,RF.MBR.02,ประตูระบายน้ำ คลองแสนแสบ ตอนถนนประชาร่วมใจ,105120,105120,100.0,105120,0,2025-01-01,2025-12-31 23:55:00,rf1hr,0.0,False
rain,2025,RF.MBR.03,ประตูระบายน้ำ คลองบึงขวาง,105120,105120,100.0,105120,0,2025-01-01,2025-12-31 23:55:00,rf1hr,91.656,True
rain,2025,RF.MBR.05,จุดวัดคลองบึงใหญ่ ตอนวัดทองสัมฤทธิ์,105120,105120,100.0,105120,0,2025-01-01,2025-12-31 23:55:00,rf1hr,0.0,False
rain,2025,RF.NJK.01,สำนักงานเขตหนองจอก,105120,105120,100.0,105120,0,2025-01-01,2025-12-31 23:55:00,rf1hr,0.0,False
rain,2025,RF.NJK.02,สถานีสูบน้ำ คลองแสนแสบ หนองจอก,105120,105120,100.0,105120,0,2025-01-01,2025-12-31 23:55:00,rf1hr,0.0,False
rain,2025,RF.NJK.03,จุดวัดคลองสิบสอง ตอนถนนประชาสำราญ,105120,105120,100.0,105120,0,2025-01-01,2025-12-31 23:55:00,rf1hr,0.0,False
rain,2025,RF.NJK.04,ประตูระบายน้ำ คลองสิบสาม,105120,105120,100.0,105120,0,2025-01-01,2025-12-31 23:55:00,rf1hr,66.983,True
rain,2025,RF.NJK.05,ประตูระบายน้ำ คลองหลวงแพ่ง,105120,105120,100.0,105120,0,2025-01-01,2025-12-31 23:55:00,rf1hr,0.0,False
rain,2025,RF.NJK.06,จุดวัดคลองลำผักชี ตอนโรงเรียนลำผักชี,105120,105120,100.0,105120,0,2025-01-01,2025-12-31 23:55:00,rf1hr,0.0,False
rain,2025,RF.NJK.07,จุดวัดคลองแสนแสบ ตอนวัดทรัพย์สโมสรนิกรเกษม,105120,105120,100.0,105120,0,2025-01-01,2025-12-31 23:55:00,rf1hr,0.0,False
rain,2025,RF.NKM.01,สำนักงานเขตหนองแขม,105120,105120,100.0,105120,0,2025-01-01,2025-12-31 23:55:00,rf1hr,0.0,False
rain,2025,RF.NKM.02,จุดวัดคลองทวีวัฒนา ตอนคลองภาษีเจริญ,105120,105120,100.0,105120,0,2025-01-01,2025-12-31 23:55:00,rf1hr,0.0,False
rain,2025,RF.NKM.03,จุดวัดคลองภาษีเจริญ ตอนคลองมหาศร,105120,105120,100.0,105120,0,2025-01-01,2025-12-31 23:55:00,rf1hr,100.0,True
rain,2025,RF.PKN.01,สำนักงานเขตพระโขนง,105120,105120,100.0,105120,0,2025-01-01,2025-12-31 23:55:00,rf1hr,0.0,False
rain,2025,RF.PKN.02,สถานีสูบน้ำ คลองเจ็ก,105120,105120,100.0,105120,0,2025-01-01,2025-12-31 23:55:00,rf1hr,0.0,False
rain,2025,RF.PKN.03,สถานีสูบน้ำ บางอ้อ,105120,105120,100.0,105120,0,2025-01-01,2025-12-31 23:55:00,rf1hr,0.0,False
rain,2025,RF.PKN.04,สถานีสูบน้ำ บางจาก,105120,105120,100.0,105120,0,2025-01-01,2025-12-31 23:55:00,rf1hr,0.0,False
rain,2025,RF.PNK.01,สำนักงานเขตพระนคร,105120,105120,100.0,105120,0,2025-01-01,2025-12-31 23:55:00,rf1hr,0.0,False
rain,2025,RF.PNK.02,สถานีสูบน้ำ เทเวศร์,105120,105120,100.0,105120,0,2025-01-01,2025-12-31 23:55:00,rf1hr,0.0,False
rain,2025,RF.PNK.03,ปากคลองตลาด,105120,105120,100.0,105120,0,2025-01-01,2025-12-31 23:55:00,rf1hr,0.0,False
rain,2025,RF.PPS.01,สำนักงานเขตป้อมปราบศัตรูพ่าย,105120,105120,100.0,105120,0,2025-01-01,2025-12-31 23:55:00,rf1hr,0.0,False
rain,2025,RF.PSC.01,สำนักงานเขตภาษีเจริญ,105120,105120,100.0,105120,0,2025-01-01,2025-12-31 23:55:00,rf1hr,0.0,False
rain,2025,RF.PSC.03,จุดวัดคลองบางเชือกหนัง ตอนถนนพุทธมณฑลสาย 1,105120,105120,100.0,105120,0,2025-01-01,2025-12-31 23:55:00,rf1hr,0.0,False
rain,2025,RF.PSC.04,สถานีสูบน้ำ คลองภาษีเจริญ,105120,105120,100.0,105120,0,2025-01-01,2025-12-31 23:55:00,rf1hr,0.0,False
rain,2025,RF.PSC.05,จุดวัดคลองบางเชือกหนัง ตอนวัดปากน้ำฝั่งใต้,105120,105120,100.0,105120,0,2025-01-01,2025-12-31 23:55:00,rf1hr,0.0,False
rain,2025,RF.PTW.01,สำนักงานเขตปทุมวัน,105120,105120,100.0,105120,0,2025-01-01,2025-12-31 23:55:00,rf1hr,0.0,False
rain,2025,RF.PTW.02,สถานีสูบน้ำ คลองอรชร,105120,105120,100.0,105120,0,2025-01-01,2025-12-31 23:55:00,rf1hr,0.0,False
rain,2025,RF.PWT.01,สำนักงานเขตประเวศ,105120,105120,100.0,105120,0,2025-01-01,2025-12-31 23:55:00,rf1hr,0.0,False
rain,2025,RF.PWT.02,ประตูระบายน้ำ คลองประเวศบุรีรมย์ ตอนวัดกระทุ่มเสือปลา,105120,105120,100.0,105120,0,2025-01-01,2025-12-31 23:55:00,rf1hr,0.0,False
rain,2025,RF.PWT.03,จุดวัดบึงหนองบอน,105120,105120,100.0,105120,0,2025-01-01,2025-12-31 23:55:00,rf1hr,0.0,False
rain,2025,RF.PYT.01,สำนักงานเขตพญาไท,105120,105120,100.0,105120,0,2025-01-01,2025-12-31 23:55:00,rf1hr,0.0,False
rain,2025,RF.PYT.02,จุดวัดคลองสามเสน ตอนถนนพระรามที่ 6,104833,105120,99.727,104833,0,2025-01-01,2025-12-31 00:00:00,rf1hr,0.0,False
rain,2025,RF.RBN.01,สำนักงานเขตราษฎร์บูรณะ,105120,105120,100.0,105120,0,2025-01-01,2025-12-31 23:55:00,rf1hr,0.0,False
rain,2025,RF.RBN.02,สถานีสูบน้ำ คลองแจงร้อน,105120,105120,100.0,105120,0,2025-01-01,2025-12-31 23:55:00,rf1hr,0.0,False
rain,2025,RF.RTW.01,สำนักงานเขตราชเทวี,105120,105120,100.0,105120,0,2025-01-01,2025-12-31 23:55:00,rf1hr,0.0,False
rain,2025,RF.RTW.02,จุดวัดคลองสามเสน ตอน รพ.พระมงกุฎเกล้า,105120,105120,100.0,105120,0,2025-01-01,2025-12-31 23:55:00,rf1hr,100.0,True
rain,2025,RF.RTW.03,อาคารรับน้ำบึงมักกะสัน,105120,105120,100.0,105120,0,2025-01-01,2025-12-31 23:55:00,rf1hr,0.0,False
rain,2025,RF.SLG.01,สำนักงานเขตสวนหลวง,105120,105120,100.0,105120,0,2025-01-01,2025-12-31 23:55:00,rf1hr,0.0,False
rain,2025,RF.SLG.02,จุดวัดคลองประเวศบุรีรมย์ ตอนวัดขจรศิริ,105120,105120,100.0,105120,0,2025-01-01,2025-12-31 23:55:00,rf1hr,0.0,False
rain,2025,RF.SMI.01,สำนักงานเขตสายไหม,105120,105120,100.0,105120,0,2025-01-01,2025-12-31 23:55:00,rf1hr,0.0,False
rain,2025,RF.SMI.02,ประตูระบายน้ำ คลองสองสายใต้,105120,105120,100.0,105120,0,2025-01-01,2025-12-31 23:55:00,rf1hr,0.0,False
rain,2025,RF.SMI.03,ประตูระบายน้ำ คลองพระยาสุเรนทร์,105120,105120,100.0,105120,0,2025-01-01,2025-12-31 23:55:00,rf1hr,0.0,False
rain,2025,RF.SMI.04,จุดวัดซอยแอนเน็กซ์,105120,105120,100.0,105120,0,2025-01-01,2025-12-31 23:55:00,rf1hr,0.0,False
rain,2025,RF.SPK.01,สถานีสูบน้ำ คลองสำโรง,105120,105120,100.0,105120,0,2025-01-01,2025-12-31 23:55:00,rf1hr,0.0,False
rain,2025,RF.SPS.01,สำนักงานเขตสะพานสูง,105120,105120,100.0,105120,0,2025-01-01,2025-12-31 23:55:00,rf1hr,0.0,False
rain,2025,RF.SPS.02,ประตูระบายน้ำ คลองแสนแสบ ตอนบางชัน,105120,105120,100.0,105120,0,2025-01-01,2025-12-31 23:55:00,rf1hr,0.0,False
rain,2025,RF.SPW.01,บ่อสูบน้ำ ท่าน้ำสวัสดี,105120,105120,100.0,105120,0,2025-01-01,2025-12-31 23:55:00,rf1hr,0.0,False
rain,2025,RF.STN.01,สำนักงานเขตสาทร,105120,105120,100.0,105120,0,2025-01-01,2025-12-31 23:55:00,rf1hr,0.0,False
rain,2025,RF.STN.02,สถานีสูบน้ำ คลองสาทร,105120,105120,100.0,105120,0,2025-01-01,2025-12-31 23:55:00,rf1hr,0.0,False
rain,2025,RF.TBR.01,สำนักงานเขตธนบุรี,105120,105120,100.0,105120,0,2025-01-01,2025-12-31 23:55:00,rf1hr,0.0,False
rain,2025,RF.TBR.02,สถานีสูบน้ำ คลองสำเหร่,105120,105120,100.0,105120,0,2025-01-01,2025-12-31 23:55:00,rf1hr,0.0,False
rain,2025,RF.TBR.03,สถานีสูบน้ำ ดาวคะนอง,105120,105120,100.0,105120,0,2025-01-01,2025-12-31 23:55:00,rf1hr,0.0,False
rain,2025,RF.TKU.01,สำนักงานเขตทุ่งครุ,105120,105120,100.0,105120,0,2025-01-01,2025-12-31 23:55:00,rf1hr,0.0,False
rain,2025,RF.TKU.02,ประตูระบายน้ำ คลองรางจาก ตอนถนนประชาอุทิศ,105120,105120,100.0,105120,0,2025-01-01,2025-12-31 23:55:00,rf1hr,0.0,False
rain,2025,RF.TLC.01,สำนักงานเขตตลิ่งชัน,105120,105120,100.0,105120,0,2025-01-01,2025-12-31 23:55:00,rf1hr,0.0,False
rain,2025,RF.TLC.02,ประตูระบายน้ำ คลองบัว ตอนทางรถไฟสายใต้,105120,105120,100.0,105120,0,2025-01-01,2025-12-31 23:55:00,rf1hr,0.0,False
rain,2025,RF.TLC.03,สถานีสูบน้ำ คลองชักพระ,105120,105120,100.0,105120,0,2025-01-01,2025-12-31 23:55:00,rf1hr,0.0,False
rain,2025,RF.TWW.01,สำนักงานเขตทวีวัฒนา,105120,105120,100.0,105120,0,2025-01-01,2025-12-31 23:55:00,rf1hr,0.0,False
rain,2025,RF.TWW.02,ประตูระบายน้ำ คลองทวีวัฒนา,105120,105120,100.0,105120,0,2025-01-01,2025-12-31 23:55:00,rf1hr,0.0,False
rain,2025,RF.TWW.03,ประตูระบายน้ำ คลองขุนศรีบุรีรักษ์ ตอนคลองมหาสวัสดิ์,105120,105120,100.0,105120,0,2025-01-01,2025-12-31 23:55:00,rf1hr,0.0,False
rain,2025,RF.TWW.04,จุดวัดคลองทวีวัฒนา ตอนคลองบางเชือกหนัง,105120,105120,100.0,105120,0,2025-01-01,2025-12-31 23:55:00,rf1hr,0.0,False
rain,2025,RF.WTL.01,สำนักงานเขตวังทองหลาง,105120,105120,100.0,105120,0,2025-01-01,2025-12-31 23:55:00,rf1hr,0.0,False
rain,2025,RF.WTL.02,ประตูระบายน้ำ คลองลาดพร้าว,105120,105120,100.0,105120,0,2025-01-01,2025-12-31 23:55:00,rf1hr,0.0,False
rain,2025,RF.WTL.03,สถานีสูบน้ำ คลองเจ้าคุณสิงห์,105120,105120,100.0,105120,0,2025-01-01,2025-12-31 23:55:00,rf1hr,0.0,False
rain,2025,RF.WTN.01,สำนักงานเขตวัฒนา,105120,105120,100.0,105120,0,2025-01-01,2025-12-31 23:55:00,rf1hr,0.0,False
rain,2025,RF.WTN.02,สถานีสูบน้ำ คลองแสนแสบตอนคลองตัน,105120,105120,100.0,105120,0,2025-01-01,2025-12-31 23:55:00,rf1hr,0.0,False
rain,2025,RF.YNW.01,สำนักงานเขตยานนาวา,105120,105120,100.0,105120,0,2025-01-01,2025-12-31 23:55:00,rf1hr,0.0,False
rain,2025,RF.YNW.02,สถานีสูบน้ำ คลองช่องนนทรี,105120,105120,100.0,105120,0,2025-01-01,2025-12-31 23:55:00,rf1hr,0.0,False
rain,2025,RF.YNW.03,ประตูระบายน้ำ คลองวัดด่าน,105120,105120,100.0,105120,0,2025-01-01,2025-12-31 23:55:00,rf1hr,0.0,False
water,2019,WL.BBN.01,จุดวัดคลองบางบอน ตอนถนนบางขุนเทียน,105120,105120,100.0,105120,0,2019-01-01,2019-12-31 23:55:00,wl_in,1.929,False
water,2019,WL.BBN.02,จุดวัดคลองบางบอน ตอนถนนกาญจนาภิเษก,105120,105120,100.0,105120,0,2019-01-01,2019-12-31 23:55:00,wl_in,2.025,False
water,2019,WL.BBN.03,จุดวัดคลองบางบอน ตอนคลองสะแกงาม,105120,105120,100.0,105120,0,2019-01-01,2019-12-31 23:55:00,wl_in,0.0,False
water,2019,WL.BBR.01,จุดวัดคลองบางบำหรุ ตอนถนนบรมราชชนนี,105120,105120,100.0,105120,0,2019-01-01,2019-12-31 23:55:00,wl_in,1.946,False
water,2019,WL.BBR.02,จุดวัดคลองบางบำหรุ ตอนถนนสิรินธร,105120,105120,100.0,105120,0,2019-01-01,2019-12-31 23:55:00,wl_in,2.743,False
water,2019,WL.BBU.01,จุดวัดคลองบางบัว,105120,105120,100.0,105120,0,2019-01-01,2019-12-31 23:55:00,wl_in,0.0,False
water,2019,WL.BCN.01,จุดวัดคลองบางเชือกหนัง ตอนถนนกาญจนาภิเษก,105120,105120,100.0,105120,0,2019-01-01,2019-12-31 23:55:00,wl_in,0.0,False
water,2019,WL.BCN.02,จุดวัดคลองบางเชือกหนัง ตอนถนนพุทธมณฑลสาย 1,105120,105120,100.0,105120,0,2019-01-01,2019-12-31 23:55:00,wl_in,0.0,False
water,2019,WL.BCN.03,จุดวัดคลองบางเชือกหนัง ตอนถนนพุทธมณฑลสาย 2,105120,105120,100.0,105120,0,2019-01-01,2019-12-31 23:55:00,wl_in,0.0,False
water,2019,WL.BJK.01,สถานีสูบน้ำ บางจาก,105120,105120,100.0,105120,0,2019-01-01,2019-12-31 23:55:00,wl_in,0.0,False
water,2019,WL.BJK.02,"""จุดวัดคลองบางจาก ตอนซอยเพชรเกษม 68 """,105120,105120,100.0,105120,0,2019-01-01,2019-12-31 23:55:00,wl_in,0.138,False
water,2019,WL.BJK.03,จุดวัดคลองบางจาก ตอนคลองบางหว้า,105120,105120,100.0,105120,0,2019-01-01,2019-12-31 23:55:00,wl_in,0.0,False
water,2019,WL.BJK.04,"""จุดวัดคลองบางจาก ตอนถนนพุทธมณฑลสาย 2 """,105120,105120,100.0,105120,0,2019-01-01,2019-12-31 23:55:00,wl_in,0.0,False
water,2019,WL.BKA.01,สถานีสูบน้ำ คลองบางเขนใหม่,105120,105120,100.0,105120,0,2019-01-01,2019-12-31 23:55:00,wl_in,0.0,False
water,2019,WL.BKA.02,จุดวัดคลองบางเขน ช่วงถนนกรุงเทพ-นนทบุรี,105120,105120,100.0,105120,0,2019-01-01,2019-12-31 23:55:00,wl_in,0.0,False
water,2019,WL.BKA.03,จุดวัดคลองบางเขน ช่วงถนนประชาชื่น,105120,105120,100.0,105120,0,2019-01-01,2019-12-31 23:55:00,wl_in,0.0,False
water,2019,WL.BKA.04,จุดวัดคลองบางเขน ช่วงถนนวิภาวดีรังสิต,105120,105120,100.0,105120,0,2019-01-01,2019-12-31 23:55:00,wl_in,0.0,False
water,2019,WL.BKB.01,จุดวัดคลองบางกระบือ ตอนถนนสามเสน,105120,105120,100.0,105120,0,2019-01-01,2019-12-31 23:55:00,wl_in,0.369,False
water,2019,WL.BKG.01,ประตูระบายน้ำ คลองบึงขวาง,105120,105120,100.0,105120,0,2019-01-01,2019-12-31 23:55:00,wl_in,0.0,False
water,2019,WL.BKL.01,จุดวัดคลองบางโคลัด ตอนถนนบางบอน 1,105120,105120,100.0,105120,0,2019-01-01,2019-12-31 23:55:00,wl_in,0.142,False
water,2019,WL.BKY.01,สถานีสูบน้ำ คลองบางกอกใหญ่,105120,105120,100.0,105120,0,2019-01-01,2019-12-31 23:55:00,wl_in,0.0,False
water,2019,WL.BKY.02,จุดวัดคลองบางเชือกหนัง ตอนวัดปากน้ำฝั่งใต้,105120,105120,100.0,105120,0,2019-01-01,2019-12-31 23:55:00,wl_in,0.0,False
water,2019,WL.BLP.02,จุดวัดคลองบางลำพู ตอนสะพานผ่านฟ้า,105120,105120,100.0,105120,0,2019-01-01,2019-12-31 23:55:00,wl_in,0.145,False
water,2019,WL.BLY.01,จุดวัดคลองบ้านหลาย ตอนถนนสุขุมวิท 77,105120,105120,100.0,105120,0,2019-01-01,2019-12-31 23:55:00,wl_in,41.567,False
water,2019,WL.BMK.01,จุดวัดคลองบางมะเขือ ตอนถนนสุขุมวิท 71,105120,105120,100.0,105120,0,2019-01-01,2019-12-31 23:55:00,wl_in,2.666,False
water,2019,WL.BNA.01,สถานีสูบน้ำ บางนา,105120,105120,100.0,105120,0,2019-01-01,2019-12-31 23:55:00,wl_in,0.001,False
water,2019,WL.BNA.02,จุดวัดคลองบางนา ตอนถนนสุขุมวิท,105120,105120,100.0,105120,0,2019-01-01,2019-12-31 23:55:00,wl_in,27.025,False
water,2019,WL.BNA.03,จุดวัดคลองบางนา ตอนถนนศรีนครินทร์,105120,105120,100.0,105120,0,2019-01-01,2019-12-31 23:55:00,wl_in,0.0,False
water,2019,WL.BNJ.01,จุดวัดคลองบางนางจีน ตอนสถานีสูบน้ำบางนางจีน,105120,105120,100.0,105120,0,2019-01-01,2019-12-31 23:55:00,wl_in,0.643,False
water,2019,WL.BNJ.02,จุดวัดคลองบางนางจีน ตอนซอยสุขุมวิท 66/1,105120,105120,100.0,105120,0,2019-01-01,2019-12-31 23:55:00,wl_in,10.648,False
water,2019,WL.BNJ.03,จุดวัดคลองบางนางจีน ตอนซอยสุขุมวิท 93,105120,105120,100.0,105120,0,2019-01-01,2019-12-31 23:55:00,wl_in,3.882,False
water,2019,WL.BNJ.04,จุดวัดคลองบางนางจีน ตอนถนนสุขุมวิท 101/1,105120,105120,100.0,105120,0,2019-01-01,2019-12-31 23:55:00,wl_in,0.18,False
water,2019,WL.BOA.01,สถานีสูบน้ำ บางอ้อ,105120,105120,100.0,105120,0,2019-01-01,2019-12-31 23:55:00,wl_in,0.0,False
water,2019,WL.BOA.02,จุดวัดคลองบางอ้อ ตอนซอยสุขุมวิท 64,105120,105120,100.0,105120,0,2019-01-01,2019-12-31 23:55:00,wl_in,8.075,False
water,2019,WL.BPA.01,จุดวัดคลองบ้านป่า ตอนถนนพัฒนาการ,105120,105120,100.0,105120,0,2019-01-01,2019-12-31 23:55:00,wl_in,0.322,False
water,2019,WL.BPM.01,จุดวัดคลองบางพรม ตอนคลองชักพระ,105120,105120,100.0,105120,0,2019-01-01,2019-12-31 23:55:00,wl_in,0.0,False
water,2019,WL.BPM.02,จุดวัดคลองบางพรม ตอนถนนฉิมพลี,105120,105120,100.0,105120,0,2019-01-01,2019-12-31 23:55:00,wl_in,0.0,False
water,2019,WL.BPM.03,จุดวัดคลองบางพรม ตอนถนนกาญจนาภิเษก,105120,105120,100.0,105120,0,2019-01-01,2019-12-31 23:55:00,wl_in,0.0,False
water,2019,WL.BPM.04,จุดวัดคลองบางพรม ตอนถนนพุทธมณฑลสาย 3,105120,105120,100.0,105120,0,2019-01-01,2019-12-31 23:55:00,wl_in,0.0,False
water,2019,WL.BPN.01,จุดวัดคลองบางพราน ตอนถนนบางบอน 1,105120,105120,100.0,105120,0,2019-01-01,2019-12-31 23:55:00,wl_in,39.714,False
water,2019,WL.BPN.02,จุดวัดคลองบางพราน ตอนถนนบางบอน 2,105120,105120,100.0,105120,0,2019-01-01,2019-12-31 23:55:00,wl_in,0.144,False
water,2019,WL.BPU.01,จุดวัดสถานตากอากาศบางปู,105120,105120,100.0,105120,0,2019-01-01,2019-12-31 23:55:00,wl_in,0.0,False
water,2019,WL.BSK.01,สถานีสูบน้ำ คลองบางไส้ไก่,105120,105120,100.0,105120,0,2019-01-01,2019-12-31 23:55:00,wl_in,0.0,False
water,2019,WL.BSU.01,สถานีสูบน้ำ คลองบางซื่อ,105120,105120,100.0,105120,0,2019-01-01,2019-12-31 23:55:00,wl_in,0.0,False
water,2019,WL.BSU.02,จุดวัดคลองบางซื่อ ช่วงถนนพระรามที่ 5,105120,105120,100.0,105120,0,2019-01-01,2019-12-31 23:55:00,wl_in,0.0,False
water,2019,WL.BSU.03,จุดวัดคลองบางซื่อ ตอนถนนพระรามที่ 6,105120,105120,100.0,105120,0,2019-01-01,2019-12-31 23:55:00,wl_in,7.451,False
water,2019,WL.BSU.04,จุดวัดคลองบางซื่อ ช่วงถนนพหลโยธิน,105120,105120,100.0,105120,0,2019-01-01,2019-12-31 23:55:00,wl_in,0.0,False
water,2019,WL.BSU.05,จุดวัดคลองบางซื่อ ช่วงถนนวิภาวดีรังสิต,105120,105120,100.0,105120,0,2019-01-01,2019-12-31 23:55:00,wl_in,0.0,False
water,2019,WL.BSU.06,จุดวัดคลองบางซื่อ ช่วงถนนรัชดาภิเษก (เจ้าพระยาปาร์ค),105120,105120,100.0,105120,0,2019-01-01,2019-12-31 23:55:00,wl_in,0.0,False
water,2019,WL.BTL.01,จุดวัดคลองบางตลาด ตอนท่าทราย,105120,105120,100.0,105120,0,2019-01-01,2019-12-31 23:55:00,wl_in,0.137,False
water,2019,WL.BTY.01,จุดวัดคลองบางเตย ตอนถนนนวมินทร์ 66/3,105120,105120,100.0,105120,0,2019-01-01,2019-12-31 23:55:00,wl_in,0.147,False
water,2019,WL.BWK.01,จุดวัดคลองบางแวก ตอนคลองบางกอกใหญ่,105120,105120,100.0,105120,0,2019-01-01,2019-12-31 23:55:00,wl_in,0.0,False
water,2019,WL.BWK.02,จุดวัดคลองบางแวก ตอนถนนพุทธมณฑลสาย 1,105120,105120,100.0,105120,0,2019-01-01,2019-12-31 23:55:00,wl_in,0.0,False
water,2019,WL.BWK.03,จุดวัดคลองบางแวก ตอนคลองทวีวัฒนา,105120,105120,100.0,105120,0,2019-01-01,2019-12-31 23:55:00,wl_in,0.0,False
water,2019,WL.BYI.01,จุดวัดคลองบึงใหญ่ ตอนวัดทองสัมฤทธิ์,105120,105120,100.0,105120,0,2019-01-01,2019-12-31 23:55:00,wl_in,0.0,False
water,2019,WL.BYK.01,จุดวัดคลองบางยี่ขัน ตอนถนนจรัญสนิทวงศ์,105120,105120,100.0,105120,0,2019-01-01,2019-12-31 23:55:00,wl_in,30.908,False
water,2019,WL.BYK.02,จุดวัดคลองบางยี่ขัน ตอนสถานีสูบน้ำคลองบางยี่ขัน,105120,105120,100.0,105120,0,2019-01-01,2019-12-31 23:55:00,wl_in,17.288,False
water,2019,WL.CBJ.01,จุดวัดคลองชวดบางจาก ตอนถนนประชาอุทิศ,105120,105120,100.0,105120,0,2019-01-01,2019-12-31 23:55:00,wl_in,10.528,False
water,2019,WL.CKS.01,สถานีสูบน้ำ คลองเจ้าคุณสิงห์,105120,105120,100.0,105120,0,2019-01-01,2019-12-31 23:55:00,wl_in,0.0,False
water,2019,WL.CKS.02,จุดวัดคลองเจ้าคุณสิงห์ ตอนถนนลาดพร้าว,105120,105120,100.0,105120,0,2019-01-01,2019-12-31 23:55:00,wl_in,30.262,False
water,2019,WL.CNS.01,สถานีสูบน้ำ คลองช่องนนทรี,105120,105120,100.0,105120,0,2019-01-01,2019-12-31 23:55:00,wl_in,0.0,False
water,2019,WL.CNS.02,จุดวัดคลองช่องนนทรี ตอนถนนนราธิวาสราชนครินทร์,105120,105120,100.0,105120,0,2019-01-01,2019-12-31 23:55:00,wl_in,23.095,False
water,2019,WL.CNS.03,จุดวัดคลองช่องนนทรี ตอนถนนจันทน์,105120,105120,100.0,105120,0,2019-01-01,2019-12-31 23:55:00,wl_in,0.646,False
water,2019,WL.CNS.04,จุดวัดคลองช่องนนทรี ตอนถนนสาทรใต้,105120,105120,100.0,105120,0,2019-01-01,2019-12-31 23:55:00,wl_in,33.521,False
water,2019,WL.CPA.01,สถานีสูบน้ำ คลองชักพระ,105120,105120,100.0,105120,0,2019-01-01,2019-12-31 23:55:00,wl_in,0.0,False
water,2019,WL.CTC.01,จุดวัดคลองชวดตาเชียง ตอนสถานีสูบน้ำคลองชวดตาเชียง,105120,105120,100.0,105120,0,2019-01-01,2019-12-31 23:55:00,wl_in,2.615,False
water,2019,WL.CYI.01,จุดวัดคลองชวดใหญ่ ตอนถนนพระราม 9 ซอย 13,105120,105120,100.0,105120,0,2019-01-01,2019-12-31 23:55:00,wl_in,0.149,False
water,2019,WL.CYI.02,จุดวัดคลองชวดใหญ่ ตอนถนนพระราม 9,105120,105120,100.0,105120,0,2019-01-01,2019-12-31 23:55:00,wl_in,3.286,False
water,2019,WL.DKN.01,สถานีสูบน้ำ ดาวคะนอง,105120,105120,100.0,105120,0,2019-01-01,2019-12-31 23:55:00,wl_in,0.0,False
water,2019,WL.FTM.01,จุดวัดคลองโบสถ์แม่พระ ตอนถนนดินแดง,105120,105120,100.0,105120,0,2019-01-01,2019-12-31 23:55:00,wl_in,38.046,False
water,2019,WL.HKG.01,จุดวัดคลองห้วยขวาง ตอนถนนประชาสงเคราะห์,105120,105120,100.0,105120,0,2019-01-01,2019-12-31 23:55:00,wl_in,28.358,False
water,2019,WL.HKG.02,จุดวัดคลองห้วยขวาง ตอนถนนเทียมร่วมมิตร,105120,105120,100.0,105120,0,2019-01-01,2019-12-31 23:55:00,wl_in,3.537,False
water,2019,WL.HMK.01,จุดวัดคลองหัวหมาก ตอนถนนศรีนครินทร์,105120,105120,100.0,105120,0,2019-01-01,2019-12-31 23:55:00,wl_in,2.241,False
water,2019,WL.IDE.01,จุดวัดบ่อสูบน้ำอินโดนีเซีย,105120,105120,100.0,105120,0,2019-01-01,2019-12-31 23:55:00,wl_in,100.0,True
water,2019,WL.JRN.01,สถานีสูบน้ำ คลองแจงร้อน,105120,105120,100.0,105120,0,2019-01-01,2019-12-31 23:55:00,wl_in,0.0,False
water,2019,WL.KBU.01,ประตูระบายน้ำ คลองบัว ตอนทางรถไฟสายใต้,105120,105120,100.0,105120,0,2019-01-01,2019-12-31 23:55:00,wl_in,0.0,False
water,2019,WL.KBU.02,จุดวัดคลองบัว ตอนถนนพุทธมณฑลสาย 1,105120,105120,100.0,105120,0,2019-01-01,2019-12-31 23:55:00,wl_in,2.188,False
water,2019,WL.KDN.01,ประตูระบายน้ำ คลองวัดด่าน,105120,105120,100.0,105120,0,2019-01-01,2019-12-31 23:55:00,wl_in,0.0,False
water,2019,WL.KJA.01,จุดวัดคลองกะจะ ตอนถนนพระราม 9,105120,105120,100.0,105120,0,2019-01-01,2019-12-31 23:55:00,wl_in,9.346,False
water,2019,WL.KJA.02,จุดวัดคลองกะจะ ตอนถนนพระราม 9 ซอย 57,105120,105120,100.0,105120,0,2019-01-01,2019-12-31 23:55:00,wl_in,1.009,False
water,2019,WL.KJG.01,จุดวัดคลองจิก ตอนถนนหัวหมาก,105120,105120,100.0,105120,0,2019-01-01,2019-12-31 23:55:00,wl_in,0.137,False
water,2019,WL.KJK.01,สถานีสูบน้ำ คลองเจ็ก,105120,105120,100.0,105120,0,2019-01-01,2019-12-31 23:55:00,wl_in,0.0,False
water,2019,WL.KJK.02,จุดวัดคลองเจ็ก ตอนถนนสุขุมวิท 60/1,105120,105120,100.0,105120,0,2019-01-01,2019-12-31 23:55:00,wl_in,4.699,False
water,2019,WL.KJN.01,จุดวัดคลองจั่น ตอนถนนลาดพร้าว,105120,105120,100.0,105120,0,2019-01-01,2019-12-31 23:55:00,wl_in,0.143,False
water,2019,WL.KJN.02,จุดวัดคลองจั่น ตอนถนนโยธินพัฒนา,105120,105120,100.0,105120,0,2019-01-01,2019-12-31 23:55:00,wl_in,2.757,False
water,2019,WL.KJT.01,"""จุดวัดคลองจิต ตอนซอยลาดพร้าว 122 """,105120,105120,100.0,105120,0,2019-01-01,2019-12-31 23:55:00,wl_in,5.366,False
water,2019,WL.KJU.01,จุดวัดคลองขุนจันทร์ ตอนถนนฉิมพลี,105120,105120,100.0,105120,0,2019-01-01,2019-12-31 23:55:00,wl_in,0.53,False
water,2019,WL.KKD.01,จุดวัดคลองเคล็ด ตอนถนนสุขุมวิท 77,105120,105120,100.0,105120,0,2019-01-01,2019-12-31 23:55:00,wl_in,40.357,False
water,2019,WL.KKD.02,จุดวัดคลองเคล็ด ตอนถนนสุภาพงษ์ 1,105120,105120,100.0,105120,0,2019-01-01,2019-12-31 23:55:00,wl_in,8.645,False
water,2019,WL.KKD.03,จุดวัดคลองเคล็ด ตอนถนนศรีนครินทร์,105120,105120,100.0,105120,0,2019-01-01,2019-12-31 23:55:00,wl_in,0.129,False
water,2019,WL.KKO.01,จุดวัดคลองเก้า ตอนวัดศรีสุขสถาพร,105120,105120,100.0,105120,0,2019-01-01,2019-12-31 23:55:00,wl_in,0.0,False
water,2019,WL.KKS.01,สถานีสูบน้ำ เทเวศร์,105120,105120,100.0,105120,0,2019-01-01,2019-12-31 23:55:00,wl_in,0.0,False
water,2019,WL.KKS.02,จุดวัดคลองผดุงกรุงเกษม ตอนทำเนียบรัฐบาล,105120,105120,100.0,105120,0,2019-01-01,2019-12-31 23:55:00,wl_in,0.144,False
water,2019,WL.KKS.03,จุดวัดคลองผดุงกรุงเกษม ตอนหัวลำโพง,105120,105120,100.0,105120,0,2019-01-01,2019-12-31 23:55:00,wl_in,2.627,False
water,2019,WL.KKS.04,สถานีสูบน้ำ กรุงเกษม,105120,105120,100.0,105120,0,2019-01-01,2019-12-31 23:55:00,wl_in,0.0,False
water,2019,WL.KKY.01,จุดวัดคลองควาย ตอนถนนศาลาธรรมสพน์,105120,105120,100.0,105120,0,2019-01-01,2019-12-31 23:55:00,wl_in,21.054,False
water,2019,WL.KKY.02,จุดวัดคลองควาย ตอนถนนบรมราชชนนี,105120,105120,100.0,105120,0,2019-01-01,2019-12-31 23:55:00,wl_in,6.072,False
water,2019,WL.KLA.01,จุดวัดคลองลาว ตอนถนนพัฒนาการ,105120,105120,100.0,105120,0,2019-01-01,2019-12-31 23:55:00,wl_in,0.151,False
water,2019,WL.KLD.01,จุดวัดคลองหลอด ตอนสถานีสูบน้ำปากคลองตลาด,105120,105120,100.0,105120,0,2019-01-01,2019-12-31 23:55:00,wl_in,2.66,False
water,2019,WL.KLD.02,จุดวัดคลองหลอด ตอนถนนราชดำเนินใน,105120,105120,100.0,105120,0,2019-01-01,2019-12-31 23:55:00,wl_in,0.142,False
water,2019,WL.KLT.01,จุดวัดคลองตัน ช่วงใต้ทางด่วน,105120,105120,100.0,105120,0,2019-01-01,2019-12-31 23:55:00,wl_in,0.0,False
water,2019,WL.KMN.01,สถานีสูบน้ำ คลองมอญ,105120,105120,100.0,105120,0,2019-01-01,2019-12-31 23:55:00,wl_in,0.0,False
water,2019,WL.KNB.01,จุดวัดคลองหนองบอน ตอนอ่อนนุช 66 ซอย 13,105120,105120,100.0,105120,0,2019-01-01,2019-12-31 23:55:00,wl_in,3.824,False
water,2019,WL.KNB.02,จุดวัดคลองหนองบอน ตอนถนนเฉลิมพระเกียรติรัชกาลที่ 9,105120,105120,100.0,105120,0,2019-01-01,2019-12-31 23:55:00,wl_in,0.146,False
water,2019,WL.KPG.01,จุดวัดคลองเป้ง ตอนซอยเอกมัย 23,105120,105120,100.0,105120,0,2019-01-01,2019-12-31 23:55:00,wl_in,3.041,False
water,2019,WL.KPM.01,จุดวัดคลองเปรมประชากร ช่วงสถานีน้ำอุโมงค์คลองเปรมประชากร,105120,105120,100.0,105120,0,2019-01-01,2019-12-31 23:55:00,wl_in,0.0,False
water,2019,WL.KPM.02,จุดวัดคลองเปรมประชากร ตอนถนนรัชดาภิเษก,105120,105120,100.0,105120,0,2019-01-01,2019-12-31 23:55:00,wl_in,0.137,False
water,2019,WL.KPM.03,จุดวัดคลองเปรมประชากร ช่วงวัดเทวสุนทร,105120,105120,100.0,105120,0,2019-01-01,2019-12-31 23:55:00,wl_in,0.0,False
water,2019,WL.KPM.04,คลองเปรมประชากร ตอนคลองบางตลาด*,105120,105120,100.0,105120,0,2019-01-01,2019-12-31 23:55:00,wl_in,8.079,False
water,2019,WL.KPM.05,จุดวัดคลองเปรมประชากร ตอนถนนสรงประภา,105120,105120,100.0,105120,0,2019-01-01,2019-12-31 23:55:00,wl_in,6.023,False
water,2019,WL.KPM.06,จุดวัดคลองเปรมประชากร ตอนคลองบ้านใหม่,105120,105120,100.0,105120,0,2019-01-01,2019-12-31 23:55:00,wl_in,0.0,False
water,2019,WL.KSG.01,จุดวัดคลองสอง ตอนถนนพหลโยธิน,105120,105120,100.0,105120,0,2019-01-01,2019-12-31 23:55:00,wl_in,7.428,False
water,2019,WL.KSI.01,จุดวัดคลองสี่ ตอนถนนสุวินทวงศ์,105120,105120,100.0,105120,0,2019-01-01,2019-12-31 23:55:00,wl_in,0.34,False
water,2019,WL.KSI.02,จุดวัดคลองสี่ ตอนถนนเจ้าคุณทหาร,105120,105120,100.0,105120,0,2019-01-01,2019-12-31 23:55:00,wl_in,0.176,False
water,2019,WL.KSK.01,"""จุดวัดคลองขุนสกล ตอนซอยศรีนครินทร์ 36 """,105120,105120,100.0,105120,0,2019-01-01,2019-12-31 23:55:00,wl_in,14.001,False
water,2019,WL.KSM.01,จุดวัดคลองสาม ตอนร่มเกล้า 17,105120,105120,100.0,105120,0,2019-01-01,2019-12-31 23:55:00,wl_in,0.146,False
water,2019,WL.KSM.02,จุดวัดคลองสาม ตอนมอเตอร์เวย์,105120,105120,100.0,105120,0,2019-01-01,2019-12-31 23:55:00,wl_in,0.146,False
water,2019,WL.KSO.01,จุดวัดคลองซอย ตอนถนนบรมราชชนนี,105120,105120,100.0,105120,0,2019-01-01,2019-12-31 23:55:00,wl_in,1.085,False
water,2019,WL.KSO.02,จุดวัดคลองซอย ตอนถนนศาลาธรรมสพน์,105120,105120,100.0,105120,0,2019-01-01,2019-12-31 23:55:00,wl_in,0.141,False
water,2019,WL.KTK.03,จุดวัดคลองขรัวตาแก่น ตอนซอยสะพานขวา,105120,105120,100.0,105120,0,2019-01-01,2019-12-31 23:55:00,wl_in,43.709,False
water,2019,WL.KTY.01,สถานีสูบน้ำ คลองเตย,105120,105120,100.0,105120,0,2019-01-01,2019-12-31 23:55:00,wl_in,0.0,False
water,2019,WL.LBK.01,จุดวัดคลองลาดบัวขาว ตอนถนนรามคำแหง,105120,105120,100.0,105120,0,2019-01-01,2019-12-31 23:55:00,wl_in,8.758,False
water,2019,WL.LBK.02,จุดวัดคลองลาดบัวขาว ตอนถนนเคหะร่มเกล้า,105120,105120,100.0,105120,0,2019-01-01,2019-12-31 23:55:00,wl_in,3.789,False
water,2019,WL.LBK.03,จุดวัดคลองลาดบัวขาว ตอนซอยกาญจนาภิเษก 24,105120,105120,100.0,105120,0,2019-01-01,2019-12-31 23:55:00,wl_in,5.161,False
water,2019,WL.LCL.01,จุดวัดคลองลำชะล่า ตอนถนนนวมินทร์,105120,105120,100.0,105120,0,2019-01-01,2019-12-31 23:55:00,wl_in,0.0,False
water,2019,WL.LCL.02,จุดวัดคลองลำชะล่า ตอนซอยนวมินทร์ 86,105120,105120,100.0,105120,0,2019-01-01,2019-12-31 23:55:00,wl_in,2.098,False
water,2019,WL.LKB.01,จุดวัดคลองลาดกระบัง ตอนซอยลาดกระบัง 54/6,105120,105120,100.0,105120,0,2019-01-01,2019-12-31 23:55:00,wl_in,1.862,False
water,2019,WL.LOA.01,จุดวัดคลองรางอ้อ-รางแก้ว ตอนถนนพหลโยธิน,105120,105120,100.0,105120,0,2019-01-01,2019-12-31 23:55:00,wl_in,1.357,False
water,2019,WL.LPC.01,จุดวัดคลองลำผักชี ตอนโรงเรียนลำผักชี,105120,105120,100.0,105120,0,2019-01-01,2019-12-31 23:55:00,wl_in,0.0,False
water,2019,WL.LPG.01,จุดวัดคลองหลวงแพ่ง ตอนโรงเรียนผลลีรุ่งเรือง,105120,105120,100.0,105120,0,2019-01-01,2019-12-31 23:55:00,wl_in,16.523,False
water,2019,WL.LPG.02,ประตูระบายน้ำ คลองหลวงแพ่ง,105120,105120,100.0,105120,0,2019-01-01,2019-12-31 23:55:00,wl_in,0.0,False
water,2019,WL.LPG.03,จุดวัดคลองหลวงแพ่ง ตอนวัดลำต้อยติ่ง,105120,105120,100.0,105120,0,2019-01-01,2019-12-31 23:55:00,wl_in,0.264,False
water,2019,WL.LPI.01,จุดวัดคลองหลุมไผ่ ตอนซอยลาดปลาเค้า 63,105120,105120,100.0,105120,0,2019-01-01,2019-12-31 23:55:00,wl_in,1.108,False
water,2019,WL.LPI.02,จุดวัดคลองหลุมไผ่ ตอนถนนประเสริฐมนูกิจ29,105120,105120,100.0,105120,0,2019-01-01,2019-12-31 23:55:00,wl_in,11.768,False
water,2019,WL.LPN.01,สถานีสูบน้ำ คลองเลนเปน,105120,105120,100.0,105120,0,2019-01-01,2019-12-31 23:55:00,wl_in,0.0,False
water,2019,WL.LPT.01,จุดวัดคลองลำปลาทิว ตอนถนนสังฆสันติสุข,105120,105120,100.0,105120,0,2019-01-01,2019-12-31 23:55:00,wl_in,2.94,False
water,2019,WL.LPT.02,จุดวัดคลองลำปลาทิว ตอนซอยฉลองกรุง 54,105120,105120,100.0,105120,0,2019-01-01,2019-12-31 23:55:00,wl_in,9.005,False
water,2019,WL.LPT.03,จุดวัดคลองลำปลาทิว ตอนซอยฉลองกรุง 8,105120,105120,100.0,105120,0,2019-01-01,2019-12-31 23:55:00,wl_in,0.135,False
water,2019,WL.LPT.04,"""จุดวัดคลองลำปลาทิว ตอนซอยเชื่อมสัมพันธ์ 25 """,105120,105120,100.0,105120,0,2019-01-01,2019-12-31 23:55:00,wl_in,0.153,False
water,2019,WL.LPW.01,ประตูระบายน้ำ คลองลาดพร้าว,105120,105120,100.0,105120,0,2019-01-01,2019-12-31 23:55:00,wl_in,0.0,False
water,2019,WL.LPW.02,จุดวัดคลองลาดพร้าว ช่วงวัดลาดพร้าว,105120,105120,100.0,105120,0,2019-01-01,2019-12-31 23:55:00,wl_in,0.0,False
water,2019,WL.LPW.03,จุดวัดคลองลาดพร้าว ช่วงซอยเสนานิคม,105120,105120,100.0,105120,0,2019-01-01,2019-12-31 23:55:00,wl_in,0.0,False
water,2019,WL.LPW.04,จุดวัดคลองลาดพร้าว ตอนถนนประชาอุทิศ,105120,105120,100.0,105120,0,2019-01-01,2019-12-31 23:55:00,wl_in,0.418,False
water,2019,WL.LPW.05,จุดวัดคลองลาดพร้าว ช่วงถนนประดิษฐ์มนูธรรม,105120,105120,100.0,105120,0,2019-01-01,2019-12-31 23:55:00,wl_in,0.0,False
water,2019,WL.LSG.01,จุดวัดคลองหลอด 2 ตอนถนนบางนา ตราด,105120,105120,100.0,105120,0,2019-01-01,2019-12-31 23:55:00,wl_in,12.345,False
water,2019,WL.LSM.01,จุดวัดคลองหลอด 3 ตอนถนนบางนา ตราด,105120,105120,100.0,105120,0,2019-01-01,2019-12-31 23:55:00,wl_in,5.678,False
water,2019,WL.LYW.01,จุดวัดคลองลาดยาว ตอน ถนนรัชดาภิเษก,105120,105120,100.0,105120,0,2019-01-01,2019-12-31 23:55:00,wl_in,0.183,False
water,2019,WL.LYW.02,จุดวัดคลองลาดยาว ตอนถนนวิภาวดีรังสิต 44,105120,105120,100.0,105120,0,2019-01-01,2019-12-31 23:55:00,wl_in,10.284,False
water,2019,WL.MID.01,จุดวัดคูน้ำกรมสารวัตรทหาร,105120,105120,100.0,105120,0,2019-01-01,2019-12-31 23:55:00,wl_in,43.818,False
water,2019,WL.MSW.01,จุดวัดคลองมหาสวัสดิ์ ตอนคลองสวนแดน 2,105120,105120,100.0,105120,0,2019-01-01,2019-12-31 23:55:00,wl_in,0.0,False
water,2019,WL.MSW.02,จุดวัดคลองมหาสวัสดิ์ ตอนวัดปุรณาวาส,105120,105120,100.0,105120,0,2019-01-01,2019-12-31 23:55:00,wl_in,0.146,False
water,2019,WL.MSW.03,จุดวัดคลองมหาสวัสดิ์ ตอนถนนพุทธมณฑลสาย 2,105120,105120,100.0,105120,0,2019-01-01,2019-12-31 23:55:00,wl_in,0.0,False
water,2019,WL.NBN.01,จุดวัดบึงหนองบอน,105120,105120,100.0,105120,0,2019-01-01,2019-12-31 23:55:00,wl_in,0.0,False
water,2019,WL.NK3.01,จุดวัดคลองคูนายกิมสาย 3  ตอนถนนประชาอุทิศ,105120,105120,100.0,105120,0,2019-01-01,2019-12-31 23:55:00,wl_in,0.135,False
water,2019,WL.NKW.01,จุดวัดคลองน้ำแก้ว ตอนถนนรัชดาภิเษก,105120,105120,100.0,105120,0,2019-01-01,2019-12-31 23:55:00,wl_in,0.0,False
water,2019,WL.NKW.02,จุดวัดคลองน้ำแก้ว ตอนซอยลาดพร้าว 41,105120,105120,100.0,105120,0,2019-01-01,2019-12-31 23:55:00,wl_in,2.329,False
water,2019,WL.NSG.01,จุดวัดคลองนาซอง ตอนถนนประชาสุข,105120,105120,100.0,105120,0,2019-01-01,2019-12-31 23:55:00,wl_in,38.347,False
water,2019,WL.ORC.01,สถานีสูบน้ำ คลองอรชร,105120,105120,100.0,105120,0,2019-01-01,2019-12-31 23:55:00,wl_in,0.0,False
water,2019,WL.PKG.01,สถานีสูบน้ำ ปากคลองตลาด,105120,105120,100.0,105120,0,2019-01-01,2019-12-31 23:55:00,wl_in,0.0,False
water,2019,WL.PKN.01,สถานีสูบน้ำ พระโขนง,105120,105120,100.0,105120,0,2019-01-01,2019-12-31 23:55:00,wl_in,0.0,False
water,2019,WL.PLK.01,จุดวัดคลองพิทยาลงกรณ์ ช่วงโรงเรียนพิทยาลงกรณ์พิทยาคม,105120,105120,100.0,105120,0,2019-01-01,2019-12-31 23:55:00,wl_in,0.0,False
water,2019,WL.PPA.02,จุดวัดคลองพลับพลา ตอนศูนย์แพทย์พัฒนา,105120,105120,100.0,105120,0,2019-01-01,2019-12-31 23:55:00,wl_in,0.183,False
water,2019,WL.PSC.01,สถานีสูบน้ำ คลองภาษีเจริญ,105120,105120,100.0,105120,0,2019-01-01,2019-12-31 23:55:00,wl_in,0.0,False
water,2019,WL.PSC.02,จุดวัดคลองภาษีเจริญ ตอนวัดรางบัว,105120,105120,100.0,105120,0,2019-01-01,2019-12-31 23:55:00,wl_in,18.746,False
water,2019,WL.PSC.03,จุดวัดคลองราชมนตรี ตอนคลองภาษีเจริญ,105120,105120,100.0,105120,0,2019-01-01,2019-12-31 23:55:00,wl_in,0.0,False
water,2019,WL.PSC.04,จุดวัดคลองภาษีเจริญ ตอนคลองมหาศร,105120,105120,100.0,105120,0,2019-01-01,2019-12-31 23:55:00,wl_in,0.0,False
water,2019,WL.PSI.01,จุดวัดคลองพร้อมศรี 2 ตอนถนนสุขุมวิท 49/13,105120,105120,100.0,105120,0,2019-01-01,2019-12-31 23:55:00,wl_in,1.017,False
water,2019,WL.PSR.01,ประตูระบายน้ำ คลองพระยาสุเรนทร์,105120,105120,100.0,105120,0,2019-01-01,2019-12-31 23:55:00,wl_in,0.0,False
water,2019,WL.PSR.02,จุดวัดคลองพระยาสุเรนทร์ ตอนถนนหนองระแหง,105120,105120,100.0,105120,0,2019-01-01,2019-12-31 23:55:00,wl_in,9.525,False
water,2019,WL.PSR.03,จุดวัดคลองพระยาสุเรนทร์ ตอนถนนจตุโชติ,105120,105120,100.0,105120,0,2019-01-01,2019-12-31 23:55:00,wl_in,0.135,False
water,2019,WL.PSR.04,ปตร.พระยาสุเรนทร์ ตอนคู้บอน,105120,105120,100.0,105120,0,2019-01-01,2019-12-31 23:55:00,wl_in,2.756,False
water,2019,WL.PSR.05,จุดวัดคลองพระยาสุเรนทร์ ตอนปัญญาอินทรา,105120,105120,100.0,105120,0,2019-01-01,2019-12-31 23:55:00,wl_in,4.137,False
water,2019,WL.PSR.06,จุดวัดคลองพระยาสุเรนทร์ ตอนบางชัน,105120,105120,100.0,105120,0,2019-01-01,2019-12-31 23:55:00,wl_in,5.762,False
water,2019,WL.PWT.01,จุดวัดคลองประเวศ ตอนซอยอ่อนนุช 17,105120,105120,100.0,105120,0,2019-01-01,2019-12-31 23:55:00,wl_in,17.732,False
water,2019,WL.PWT.02,จุดวัดคลองประเวศบุรีรมย์ ตอนวัดขจรศิริ,105120,105120,100.0,105120,0,2019-01-01,2019-12-31 23:55:00,wl_in,0.0,False
water,2019,WL.PWT.03,ประตูระบายน้ำ คลองประเวศบุรีรมย์ ตอนวัดกระทุ่มเสือปลา,105120,105120,100.0,105120,0,2019-01-01,2019-12-31 23:55:00,wl_in,0.0,False
water,2019,WL.PWT.04,ประตูระบายน้ำ คลองประเวศบุรีรมย์ ตอนลาดกระบัง,105120,105120,100.0,105120,0,2019-01-01,2019-12-31 23:55:00,wl_in,0.0,False
water,2019,WL.PWT.05,จุดวัดคลองประเวศบุรีรมย์ ตอน รพ.ลาดกระบัง,105120,105120,100.0,105120,0,2019-01-01,2019-12-31 23:55:00,wl_in,0.0,False
water,2019,WL.PWT.06,จุดวัดคลองประเวศบุรีรมย์ ตอนถนนร่วมพัฒนา,105120,105120,100.0,105120,0,2019-01-01,2019-12-31 23:55:00,wl_in,0.0,False
water,2019,WL.PYW.01,จุดวัดคลองพญาเวิก ตอนปตร.คลองพญาเวิก,105120,105120,100.0,105120,0,2019-01-01,2019-12-31 23:55:00,wl_in,0.587,False
water,2019,WL.RHN.01,สถานีสูบน้ำ คลองระหาญ,105120,105120,100.0,105120,0,2019-01-01,2019-12-31 23:55:00,wl_in,0.0,False
water,2019,WL.RJK.01,ประตูระบายน้ำ คลองรางจาก ตอนถนนประชาอุทิศ,105120,105120,100.0,105120,0,2019-01-01,2019-12-31 23:55:00,wl_in,0.0,False
water,2019,WL.RKC.01,จุดวัดคลองข้างศูนย์ราชการ,105120,105120,100.0,105120,0,2019-01-01,2019-12-31 23:55:00,wl_in,0.161,False
water,2019,WL.RMT.01,สถานีสูบน้ำ คลองพระยาราชมนตรี,105120,105120,100.0,105120,0,2019-01-01,2019-12-31 23:55:00,wl_in,0.0,False
water,2019,WL.RMT.02,จุดวัดคลองพระยาราชมนตรี ตอนถนนพระรามที่ 2,105120,105120,100.0,105120,0,2019-01-01,2019-12-31 23:55:00,wl_in,0.0,False
water,2019,WL.RSK.01,จุดวัดคลองราษฎร์สามัคคี ตอนถนนเพชรเกษม 63,105120,105120,100.0,105120,0,2019-01-01,2019-12-31 23:55:00,wl_in,0.154,False
water,2019,WL.SBR.01,ประตูระบายน้ำ คลองขุนศรีบุรีรักษ์ ตอนคลองมหาสวัสดิ์,105120,105120,100.0,105120,0,2019-01-01,2019-12-31 23:55:00,wl_in,0.0,False
water,2019,WL.SBR.02,จุดวัดคลองบางขุนศรีบุรีรักษ์ ตอนถนนบรมราชชนนี,105120,105120,100.0,105120,0,2019-01-01,2019-12-31 23:55:00,wl_in,0.64,False
water,2019,WL.SBT.01,สถานีสูบน้ำ คลองสี่บาท,105120,105120,100.0,105120,0,2019-01-01,2019-12-31 23:55:00,wl_in,0.0,False
water,2019,WL.SCO.01,"""จุดวัดคลองศาลเจ้า ตอนถนนสวนผัก """,105120,105120,100.0,105120,0,2019-01-01,2019-12-31 23:55:00,wl_in,0.713,False
water,2019,WL.SDN.01,"""จุดวัดคลองสวนแดน ตอนถนนชัยพฤกษ์ """,105120,105120,100.0,105120,0,2019-01-01,2019-12-31 23:55:00,wl_in,1.216,False
water,2019,WL.SKG.01,จุดวัดคลองสะแกงาม ตอนถนนกาญจนาภิเษก,105120,105120,100.0,105120,0,2019-01-01,2019-12-31 23:55:00,wl_in,6.107,False
water,2019,WL.SKT.01,จุดวัดคลองทรงกระเทียม ตอนถนนนาคนิวาส,105120,105120,100.0,105120,0,2019-01-01,2019-12-31 23:55:00,wl_in,11.104,False
water,2019,WL.SKT.02,จุดวัดคลองทรงกระเทียม ตอนปตร.คลองทรงกระเทียม,105120,105120,100.0,105120,0,2019-01-01,2019-12-31 23:55:00,wl_in,7.36,False
water,2019,WL.SLL.01,จุดวัดคลองศาลาลอย ตอนถนนอ่อนนุช 61,105120,105120,100.0,105120,0,2019-01-01,2019-12-31 23:55:00,wl_in,1.558,False
water,2019,WL.SNC.01,สถานีสูบน้ำ คลองสนามชัย,105120,105120,100.0,105120,0,2019-01-01,2019-12-31 23:55:00,wl_in,0.0,False
water,2019,WL.SNC.02,จุดวัดคลองสนามชัย ตอนคลองบางขุนเทียน,105120,105120,100.0,105120,0,2019-01-01,2019-12-31 23:55:00,wl_in,0.0,False
water,2019,WL.SNO.01,จุดวัดคลองเสือน้อย ตอนถนนสุคนธสวัสดิ์,105120,105120,100.0,105120,0,2019-01-01,2019-12-31 23:55:00,wl_in,16.066,False
water,2019,WL.SPP.01,จุดวัดบ่อสูบน้ำสะพานพรหม,105120,105120,100.0,105120,0,2019-01-01,2019-12-31 23:55:00,wl_in,0.172,False
water,2019,WL.SRE.01,สถานีสูบน้ำ คลองสำเหร่,105120,105120,100.0,105120,0,2019-01-01,2019-12-31 23:55:00,wl_in,0.0,False
water,2019,WL.SRG.01,สถานีสูบน้ำ คลองสำโรง,105120,105120,100.0,105120,0,2019-01-01,2019-12-31 23:55:00,wl_in,0.0,False
water,2019,WL.SSB.01,จุดวัดคลองแสนแสบ ช่วงคลองผดุงกรุงเกษม (โบ๊เบ๊),105120,105120,100.0,105120,0,2019-01-01,2019-12-31 23:55:00,wl_in,0.0,False
water,2019,WL.SSB.02,จุดวัดคลองแสนแสบ ตอนซอยสมคิด,105120,105120,100.0,105120,0,2019-01-01,2019-12-31 23:55:00,wl_in,63.614,True
water,2019,WL.SSB.03,จุดวัดคลองแสนแสบ ช่วงอโศก,105120,105120,100.0,105120,0,2019-01-01,2019-12-31 23:55:00,wl_in,0.0,False
water,2019,WL.SSB.04,สถานีสูบน้ำ คลองแสนแสบตอนคลองตัน,105120,105120,100.0,105120,0,2019-01-01,2019-12-31 23:55:00,wl_in,0.0,False
water,2019,WL.SSB.05,จุดวัดคลองแสนแสบ ตอนรามคำแหง 9,105120,105120,100.0,105120,0,2019-01-01,2019-12-31 23:55:00,wl_in,0.132,False
water,2019,WL.SSB.06,จุดวัดคลองแสนแสบ ช่วงสถานีสูบน้ำคลองเจ้าคุณสิงห์,105120,105120,100.0,105120,0,2019-01-01,2019-12-31 23:55:00,wl_in,0.0,False
water,2019,WL.SSB.07,จุดวัดคลองแสนแสบ ตอนสำนักงานเขตบางกะปิ,105120,105120,100.0,105120,0,2019-01-01,2019-12-31 23:55:00,wl_in,0.0,False
water,2019,WL.SSB.08,จุดวัดคลองแสนแสบ ช่วงซอยเสรีไทย 24,105120,105120,100.0,105120,0,2019-01-01,2019-12-31 23:55:00,wl_in,0.0,False
water,2019,WL.SSB.09,ประตูระบายน้ำ คลองแสนแสบ ตอนบางชัน,105120,105120,100.0,105120,0,2019-01-01,2019-12-31 23:55:00,wl_in,0.0,False
water,2019,WL.SSB.10,ประตูระบายน้ำ คลองแสนแสบ ตอนถนนประชาร่วมใจ,105120,105120,100.0,105120,0,2019-01-01,2019-12-31 23:55:00,wl_in,0.0,False
water,2019,WL.SSB.11,จุดวัดคลองแสนแสบ ตอนวัดทรัพย์สโมสรนิกรเกษม,105120,105120,100.0,105120,0,2019-01-01,2019-12-31 23:55:00,wl_in,0.0,False
water,2019,WL.SSB.12,สถานีสูบน้ำ คลองแสนแสบ หนองจอก,105120,105120,100.0,105120,0,2019-01-01,2019-12-31 23:55:00,wl_in,0.0,False
water,2019,WL.SSG.01,จุดวัดคลองสิบสอง ตอนถนนประชาสำราญ,105120,105120,100.0,105120,0,2019-01-01,2019-12-31 23:55:00,wl_in,0.0,False
water,2019,WL.SSM.01,ประตูระบายน้ำ คลองสิบสาม,105120,105120,100.0,105120,0,2019-01-01,2019-12-31 23:55:00,wl_in,0.0,False
water,2019,WL.SSN.01,สถานีสูบน้ำ สามเสน,105120,105120,100.0,105120,0,2019-01-01,2019-12-31 23:55:00,wl_in,0.0,False
water,2019,WL.SSN.02,จุดวัดคลองสามเสน ช่วงถนนพระรามที่ 5,105120,105120,100.0,105120,0,2019-01-01,2019-12-31 23:55:00,wl_in,0.0,False
water,2019,WL.SSN.03,จุดวัดคลองสามเสน ตอนถนนพระรามที่ 6,105120,105120,100.0,105120,0,2019-01-01,2019-12-31 23:55:00,wl_in,0.142,False
water,2019,WL.SSN.04,จุดวัดคลองสามเสน ช่วงถนนพหลโยธิน,105120,105120,100.0,105120,0,2019-01-01,2019-12-31 23:55:00,wl_in,0.0,False
water,2019,WL.SSN.05,จุดวัดคลองสามเสน ตอน รพ.พระมงกุฎเกล้า,105120,105120,100.0,105120,0,2019-01-01,2019-12-31 23:55:00,wl_in,0.0,False
water,2019,WL.SSN.06,จุดวัดคลองสามเสน ช่วงถนนดินแดง,105120,105120,100.0,105120,0,2019-01-01,2019-12-31 23:55:00,wl_in,0.0,False
water,2019,WL.SSN.07,จุดวัดคลองสามเสน ตอนถนนอโศก,105120,105120,100.0,105120,0,2019-01-01,2019-12-31 23:55:00,wl_in,2.792,False
water,2019,WL.SSN.08,สถานีสูบน้ำ สามเสน ตอนคลองแสนแสบ,105120,105120,100.0,105120,0,2019-01-01,2019-12-31 23:55:00,wl_in,0.0,False
water,2019,WL.SSN.09,จุดวัดคลองสามเสน ช่วงถนนเอกมัย,105120,105120,100.0,105120,0,2019-01-01,2019-12-31 23:55:00,wl_in,0.0,False
water,2019,WL.SST.01,ประตูระบายน้ำ คลองสองสายใต้,105120,105120,100.0,105120,0,2019-01-01,2019-12-31 23:55:00,wl_in,0.0,False
water,2019,WL.STN.01,จุดวัดคลองสองต้นนุ่น ตอนถนนรามคำแหง,105120,105120,100.0,105120,0,2019-01-01,2019-12-31 23:55:00,wl_in,0.141,False
water,2019,WL.STN.02,"""จุดวัดคลองสองต้นนุ่น ตอนซอยร่มเกล้า 20 """,105120,105120,100.0,105120,0,2019-01-01,2019-12-31 23:55:00,wl_in,0.141,False
water,2019,WL.STN.03,จุดวัดคลองสองต้นนุ่น ตอนถนนมอเตอร์เวย์,105120,105120,100.0,105120,0,2019-01-01,2019-12-31 23:55:00,wl_in,0.139,False
water,2019,WL.STR.01,สถานีสูบน้ำ คลองสาทร,105120,105120,100.0,105120,0,2019-01-01,2019-12-31 23:55:00,wl_in,0.0,False
water,2019,WL.STR.02,"""จุดวัดคลองสาทร ตอนถนนพระรามที่ 4 """,105120,105120,100.0,105120,0,2019-01-01,2019-12-31 23:55:00,wl_in,2.555,False
water,2019,WL.SWA.01,ประตูระบายน้ำ คลองสามวา,105120,105120,100.0,105120,0,2019-01-01,2019-12-31 23:55:00,wl_in,0.0,False
water,2019,WL.SWU.01,จุดวัดคูน้ำ มศว.,105120,105120,100.0,105120,0,2019-01-01,2019-12-31 23:55:00,wl_in,22.79,False
water,2019,WL.TCG.01,"""จุดวัดคลองตาช้าง ตอนถนนศรีนครินทร์ """,105120,105120,100.0,105120,0,2019-01-01,2019-12-31 23:55:00,wl_in,0.138,False
water,2019,WL.TNG.01,จุดวัดคลองตาหนัง ตอนถนนลาดพร้าว,105120,105120,100.0,105120,0,2019-01-01,2019-12-31 23:55:00,wl_in,0.412,False
water,2019,WL.TPK.02,จุดวัดคลองตาพุก ตอนถนนลาดกระบัง,105120,105120,100.0,105120,0,2019-01-01,2019-12-31 23:55:00,wl_in,39.091,False
water,2019,WL.TPK.03,จุดวัดคลองตาพุก ตอนคลองทับช้างบน,105120,105120,100.0,105120,0,2019-01-01,2019-12-31 23:55:00,wl_in,0.144,False
water,2019,WL.TSK.01,จุดวัดคูน้ำต่อศักดิ์ ตอนซอยทองหล่อ 25,105120,105120,100.0,105120,0,2019-01-01,2019-12-31 23:55:00,wl_in,7.686,False
water,2019,WL.TTN.01,จุดวัดคลองลาดโตนด ตอน ปตร.คลองลาดโตนด,105120,105120,100.0,105120,0,2019-01-01,2019-12-31 23:55:00,wl_in,3.458,False
water,2019,WL.TUT.01,สถานีสูบน้ำ คลองตาอูฐ,105120,105120,100.0,105120,0,2019-01-01,2019-12-31 23:55:00,wl_in,0.0,False
water,2019,WL.TUT.02,จุดวัดคลองตาอูฐ ตอนซอยแจ้งวัฒนะ 14,105120,105120,100.0,105120,0,2019-01-01,2019-12-31 23:55:00,wl_in,3.261,False
water,2019,WL.TWW.01,ประตูระบายน้ำ คลองทวีวัฒนา,105120,105120,100.0,105120,0,2019-01-01,2019-12-31 23:55:00,wl_in,0.0,False
water,2019,WL.TWW.02,จุดวัดคลองทวีวัฒนา ตอนถนนบรมราชชนนี,105120,105120,100.0,105120,0,2019-01-01,2019-12-31 23:55:00,wl_in,0.144,False
water,2019,WL.TWW.03,จุดวัดคลองทวีวัฒนา ตอนถนนเพชรเกษม,105120,105120,100.0,105120,0,2019-01-01,2019-12-31 23:55:00,wl_in,12.496,False
water,2019,WL.TWW.04,จุดวัดคลองทวีวัฒนา ตอนคลองบางเชือกหนัง,105120,105120,100.0,105120,0,2019-01-01,2019-12-31 23:55:00,wl_in,0.0,False
water,2019,WL.TWW.05,จุดวัดคลองทวีวัฒนา ตอนคลองภาษีเจริญ,105120,105120,100.0,105120,0,2019-01-01,2019-12-31 23:55:00,wl_in,0.0,False
water,2019,WL.VPV.01,สถานีสูบน้ำ รัชดา-วิภาวดี,105120,105120,100.0,105120,0,2019-01-01,2019-12-31 23:55:00,wl_in,0.0,False
water,2019,WL.WKT.01,จุดวัดคลองวัดไก่เตี้ย ตอนสถานีสูบน้ำคลองวัดไก่เตี้ย,105120,105120,100.0,105120,0,2019-01-01,2019-12-31 23:55:00,wl_in,28.314,False
water,2019,WL.WLS.01,จุดวัดคลองวัดหลักสี่ ตอนถนนวิภาวดีรังสิต,105120,105120,100.0,105120,0,2019-01-01,2019-12-31 23:55:00,wl_in,0.146,False
water,2019,WL.WSI.01,สถานีสูบน้ำ คลองวัดไทร,105120,105120,100.0,105120,0,2019-01-01,2019-12-31 23:55:00,wl_in,0.0,False
water,2019,WL.WTK.01,จุดวัดคลองวัดตึก ตอนถนนลาดพร้าว,105120,105120,100.0,105120,0,2019-01-01,2019-12-31 23:55:00,wl_in,0.16,False
water,2019,WL.WTN.02,จุดวัดคูน้ำวัฒนา ตอนโรงเรียนวัฒนาวิทยาลัย,105120,105120,100.0,105120,0,2019-01-01,2019-12-31 23:55:00,wl_in,38.186,False
water,2019,WL.YPE.01,จุดคลองยายเพียร ตอนถนนเพชรเกษม,105120,105120,100.0,105120,0,2019-01-01,2019-12-31 23:55:00,wl_in,2.278,False
water,2019,WL.YPN.01,จุดวัดคลองยายเผื่อน ตอนแฮปปี้แลนด์,105120,105120,100.0,105120,0,2019-01-01,2019-12-31 23:55:00,wl_in,0.167,False
water,2019,WL.YPN.02,จุดวัดคลองยายเผื่อน ตอนถนนลาดพร้าว,105120,105120,100.0,105120,0,2019-01-01,2019-12-31 23:55:00,wl_in,21.343,False
water,2019,WL.YSN.02,"""จุดวัดคลองยายสุ่น ตอนถนนรัชดาภิเษก """,105120,105120,100.0,105120,0,2019-01-01,2019-12-31 23:55:00,wl_in,33.069,False
water,2020,WL.BBN.01,จุดวัดคลองบางบอน ตอนถนนบางขุนเทียน,105408,105408,100.0,105408,0,2020-01-01,2020-12-31 23:55:00,wl_in,0.0,False
water,2020,WL.BBN.02,จุดวัดคลองบางบอน ตอนถนนกาญจนาภิเษก,105408,105408,100.0,105408,0,2020-01-01,2020-12-31 23:55:00,wl_in,0.0,False
water,2020,WL.BBN.03,จุดวัดคลองบางบอน ตอนคลองสะแกงาม,105408,105408,100.0,105408,0,2020-01-01,2020-12-31 23:55:00,wl_in,0.002,False
water,2020,WL.BBR.01,จุดวัดคลองบางบำหรุ ตอนถนนบรมราชชนนี,105408,105408,100.0,105408,0,2020-01-01,2020-12-31 23:55:00,wl_in,0.0,False
water,2020,WL.BBR.02,จุดวัดคลองบางบำหรุ ตอนถนนสิรินธร,105408,105408,100.0,105408,0,2020-01-01,2020-12-31 23:55:00,wl_in,0.0,False
water,2020,WL.BBU.01,จุดวัดคลองบางบัว,105408,105408,100.0,105408,0,2020-01-01,2020-12-31 23:55:00,wl_in,0.0,False
water,2020,WL.BCN.01,จุดวัดคลองบางเชือกหนัง ตอนถนนกาญจนาภิเษก,105408,105408,100.0,105408,0,2020-01-01,2020-12-31 23:55:00,wl_in,0.442,False
water,2020,WL.BCN.02,จุดวัดคลองบางเชือกหนัง ตอนถนนพุทธมณฑลสาย 1,105408,105408,100.0,105408,0,2020-01-01,2020-12-31 23:55:00,wl_in,0.001,False
water,2020,WL.BCN.03,จุดวัดคลองบางเชือกหนัง ตอนถนนพุทธมณฑลสาย 2,105408,105408,100.0,105408,0,2020-01-01,2020-12-31 23:55:00,wl_in,0.004,False
water,2020,WL.BJK.01,สถานีสูบน้ำ บางจาก,105408,105408,100.0,105408,0,2020-01-01,2020-12-31 23:55:00,wl_in,0.004,False
water,2020,WL.BJK.02,"""จุดวัดคลองบางจาก ตอนซอยเพชรเกษม 68 """,105408,105408,100.0,105408,0,2020-01-01,2020-12-31 23:55:00,wl_in,0.0,False
water,2020,WL.BJK.03,จุดวัดคลองบางจาก ตอนคลองบางหว้า,105408,105408,100.0,105408,0,2020-01-01,2020-12-31 23:55:00,wl_in,0.002,False
water,2020,WL.BJK.04,"""จุดวัดคลองบางจาก ตอนถนนพุทธมณฑลสาย 2 """,105408,105408,100.0,105408,0,2020-01-01,2020-12-31 23:55:00,wl_in,0.31,False
water,2020,WL.BKA.01,สถานีสูบน้ำ คลองบางเขนใหม่,105408,105408,100.0,105408,0,2020-01-01,2020-12-31 23:55:00,wl_in,0.017,False
water,2020,WL.BKA.02,จุดวัดคลองบางเขน ช่วงถนนกรุงเทพ-นนทบุรี,105408,105408,100.0,105408,0,2020-01-01,2020-12-31 23:55:00,wl_in,0.004,False
water,2020,WL.BKA.03,จุดวัดคลองบางเขน ช่วงถนนประชาชื่น,105408,105408,100.0,105408,0,2020-01-01,2020-12-31 23:55:00,wl_in,0.568,False
water,2020,WL.BKA.04,จุดวัดคลองบางเขน ช่วงถนนวิภาวดีรังสิต,105408,105408,100.0,105408,0,2020-01-01,2020-12-31 23:55:00,wl_in,2.251,False
water,2020,WL.BKB.01,จุดวัดคลองบางกระบือ ตอนถนนสามเสน,105408,105408,100.0,105408,0,2020-01-01,2020-12-31 23:55:00,wl_in,0.0,False
water,2020,WL.BKG.01,ประตูระบายน้ำ คลองบึงขวาง,105408,105408,100.0,105408,0,2020-01-01,2020-12-31 23:55:00,wl_in,0.001,False
water,2020,WL.BKL.01,จุดวัดคลองบางโคลัด ตอนถนนบางบอน 1,105408,105408,100.0,105408,0,2020-01-01,2020-12-31 23:55:00,wl_in,0.0,False
water,2020,WL.BKY.01,สถานีสูบน้ำ คลองบางกอกใหญ่,105408,105408,100.0,105408,0,2020-01-01,2020-12-31 23:55:00,wl_in,0.002,False
water,2020,WL.BKY.02,จุดวัดคลองบางเชือกหนัง ตอนวัดปากน้ำฝั่งใต้,105408,105408,100.0,105408,0,2020-01-01,2020-12-31 23:55:00,wl_in,0.259,False
water,2020,WL.BLP.02,จุดวัดคลองบางลำพู ตอนสะพานผ่านฟ้า,105408,105408,100.0,105408,0,2020-01-01,2020-12-31 23:55:00,wl_in,0.0,False
water,2020,WL.BLY.01,จุดวัดคลองบ้านหลาย ตอนถนนสุขุมวิท 77,105408,105408,100.0,105408,0,2020-01-01,2020-12-31 23:55:00,wl_in,0.0,False
water,2020,WL.BMK.01,จุดวัดคลองบางมะเขือ ตอนถนนสุขุมวิท 71,105408,105408,100.0,105408,0,2020-01-01,2020-12-31 23:55:00,wl_in,0.0,False
water,2020,WL.BNA.01,สถานีสูบน้ำ บางนา,105408,105408,100.0,105408,0,2020-01-01,2020-12-31 23:55:00,wl_in,0.003,False
water,2020,WL.BNA.02,จุดวัดคลองบางนา ตอนถนนสุขุมวิท,105408,105408,100.0,105408,0,2020-01-01,2020-12-31 23:55:00,wl_in,0.0,False
water,2020,WL.BNA.03,จุดวัดคลองบางนา ตอนถนนศรีนครินทร์,105408,105408,100.0,105408,0,2020-01-01,2020-12-31 23:55:00,wl_in,0.018,False
water,2020,WL.BNJ.01,จุดวัดคลองบางนางจีน ตอนสถานีสูบน้ำบางนางจีน,105408,105408,100.0,105408,0,2020-01-01,2020-12-31 23:55:00,wl_in,0.0,False
water,2020,WL.BNJ.02,จุดวัดคลองบางนางจีน ตอนซอยสุขุมวิท 66/1,105408,105408,100.0,105408,0,2020-01-01,2020-12-31 23:55:00,wl_in,8.682,False
water,2020,WL.BNJ.03,จุดวัดคลองบางนางจีน ตอนซอยสุขุมวิท 93,105408,105408,100.0,105408,0,2020-01-01,2020-12-31 23:55:00,wl_in,0.0,False
water,2020,WL.BNJ.04,จุดวัดคลองบางนางจีน ตอนถนนสุขุมวิท 101/1,105408,105408,100.0,105408,0,2020-01-01,2020-12-31 23:55:00,wl_in,0.0,False
water,2020,WL.BOA.01,สถานีสูบน้ำ บางอ้อ,105408,105408,100.0,105408,0,2020-01-01,2020-12-31 23:55:00,wl_in,3.601,False
water,2020,WL.BOA.02,จุดวัดคลองบางอ้อ ตอนซอยสุขุมวิท 64,105408,105408,100.0,105408,0,2020-01-01,2020-12-31 23:55:00,wl_in,0.0,False
water,2020,WL.BPA.01,จุดวัดคลองบ้านป่า ตอนถนนพัฒนาการ,105408,105408,100.0,105408,0,2020-01-01,2020-12-31 23:55:00,wl_in,0.0,False
water,2020,WL.BPM.01,จุดวัดคลองบางพรม ตอนคลองชักพระ,105408,105408,100.0,105408,0,2020-01-01,2020-12-31 23:55:00,wl_in,0.0,False
water,2020,WL.BPM.02,จุดวัดคลองบางพรม ตอนถนนฉิมพลี,105408,105408,100.0,105408,0,2020-01-01,2020-12-31 23:55:00,wl_in,0.0,False
water,2020,WL.BPM.03,จุดวัดคลองบางพรม ตอนถนนกาญจนาภิเษก,105408,105408,100.0,105408,0,2020-01-01,2020-12-31 23:55:00,wl_in,0.025,False
water,2020,WL.BPM.04,จุดวัดคลองบางพรม ตอนถนนพุทธมณฑลสาย 3,105408,105408,100.0,105408,0,2020-01-01,2020-12-31 23:55:00,wl_in,0.039,False
water,2020,WL.BPN.01,จุดวัดคลองบางพราน ตอนถนนบางบอน 1,105408,105408,100.0,105408,0,2020-01-01,2020-12-31 23:55:00,wl_in,0.0,False
water,2020,WL.BPN.02,จุดวัดคลองบางพราน ตอนถนนบางบอน 2,105408,105408,100.0,105408,0,2020-01-01,2020-12-31 23:55:00,wl_in,0.0,False
water,2020,WL.BPU.01,จุดวัดสถานตากอากาศบางปู,105408,105408,100.0,105408,0,2020-01-01,2020-12-31 23:55:00,wl_in,2.021,False
water,2020,WL.BSK.01,สถานีสูบน้ำ คลองบางไส้ไก่,105408,105408,100.0,105408,0,2020-01-01,2020-12-31 23:55:00,wl_in,0.001,False
water,2020,WL.BSU.01,สถานีสูบน้ำ คลองบางซื่อ,105408,105408,100.0,105408,0,2020-01-01,2020-12-31 23:55:00,wl_in,0.0,False
water,2020,WL.BSU.02,จุดวัดคลองบางซื่อ ช่วงถนนพระรามที่ 5,105408,105408,100.0,105408,0,2020-01-01,2020-12-31 23:55:00,wl_in,0.003,False
water,2020,WL.BSU.03,จุดวัดคลองบางซื่อ ตอนถนนพระรามที่ 6,105408,105408,100.0,105408,0,2020-01-01,2020-12-31 23:55:00,wl_in,0.0,False
water,2020,WL.BSU.04,จุดวัดคลองบางซื่อ ช่วงถนนพหลโยธิน,105408,105408,100.0,105408,0,2020-01-01,2020-12-31 23:55:00,wl_in,0.009,False
water,2020,WL.BSU.05,จุดวัดคลองบางซื่อ ช่วงถนนวิภาวดีรังสิต,105408,105408,100.0,105408,0,2020-01-01,2020-12-31 23:55:00,wl_in,11.879,False
water,2020,WL.BSU.06,จุดวัดคลองบางซื่อ ช่วงถนนรัชดาภิเษก (เจ้าพระยาปาร์ค),105408,105408,100.0,105408,0,2020-01-01,2020-12-31 23:55:00,wl_in,0.015,False
water,2020,WL.BTL.01,จุดวัดคลองบางตลาด ตอนท่าทราย,105408,105408,100.0,105408,0,2020-01-01,2020-12-31 23:55:00,wl_in,0.0,False
water,2020,WL.BTY.01,จุดวัดคลองบางเตย ตอนถนนนวมินทร์ 66/3,105408,105408,100.0,105408,0,2020-01-01,2020-12-31 23:55:00,wl_in,0.0,False
water,2020,WL.BWK.01,จุดวัดคลองบางแวก ตอนคลองบางกอกใหญ่,105408,105408,100.0,105408,0,2020-01-01,2020-12-31 23:55:00,wl_in,0.003,False
water,2020,WL.BWK.02,จุดวัดคลองบางแวก ตอนถนนพุทธมณฑลสาย 1,105408,105408,100.0,105408,0,2020-01-01,2020-12-31 23:55:00,wl_in,0.011,False
water,2020,WL.BWK.03,จุดวัดคลองบางแวก ตอนคลองทวีวัฒนา,105408,105408,100.0,105408,0,2020-01-01,2020-12-31 23:55:00,wl_in,0.001,False
water,2020,WL.BYI.01,จุดวัดคลองบึงใหญ่ ตอนวัดทองสัมฤทธิ์,105408,105408,100.0,105408,0,2020-01-01,2020-12-31 23:55:00,wl_in,0.002,False
water,2020,WL.BYK.01,จุดวัดคลองบางยี่ขัน ตอนถนนจรัญสนิทวงศ์,105408,105408,100.0,105408,0,2020-01-01,2020-12-31 23:55:00,wl_in,0.0,False
water,2020,WL.BYK.02,จุดวัดคลองบางยี่ขัน ตอนสถานีสูบน้ำคลองบางยี่ขัน,105408,105408,100.0,105408,0,2020-01-01,2020-12-31 23:55:00,wl_in,0.0,False
water,2020,WL.CBJ.01,จุดวัดคลองชวดบางจาก ตอนถนนประชาอุทิศ,105408,105408,100.0,105408,0,2020-01-01,2020-12-31 23:55:00,wl_in,0.0,False
water,2020,WL.CKS.01,สถานีสูบน้ำ คลองเจ้าคุณสิงห์,105408,105408,100.0,105408,0,2020-01-01,2020-12-31 23:55:00,wl_in,3.015,False
water,2020,WL.CKS.02,จุดวัดคลองเจ้าคุณสิงห์ ตอนถนนลาดพร้าว,105408,105408,100.0,105408,0,2020-01-01,2020-12-31 23:55:00,wl_in,0.0,False
water,2020,WL.CNS.01,สถานีสูบน้ำ คลองช่องนนทรี,105408,105408,100.0,105408,0,2020-01-01,2020-12-31 23:55:00,wl_in,0.0,False
water,2020,WL.CNS.02,จุดวัดคลองช่องนนทรี ตอนถนนนราธิวาสราชนครินทร์,105408,105408,100.0,105408,0,2020-01-01,2020-12-31 23:55:00,wl_in,0.001,False
water,2020,WL.CNS.03,จุดวัดคลองช่องนนทรี ตอนถนนจันทน์,105408,105408,100.0,105408,0,2020-01-01,2020-12-31 23:55:00,wl_in,0.0,False
water,2020,WL.CNS.04,จุดวัดคลองช่องนนทรี ตอนถนนสาทรใต้,105408,105408,100.0,105408,0,2020-01-01,2020-12-31 23:55:00,wl_in,0.0,False
water,2020,WL.CPA.01,สถานีสูบน้ำ คลองชักพระ,105408,105408,100.0,105408,0,2020-01-01,2020-12-31 23:55:00,wl_in,0.05,False
water,2020,WL.CTC.01,จุดวัดคลองชวดตาเชียง ตอนสถานีสูบน้ำคลองชวดตาเชียง,105408,105408,100.0,105408,0,2020-01-01,2020-12-31 23:55:00,wl_in,0.0,False
water,2020,WL.CYI.01,จุดวัดคลองชวดใหญ่ ตอนถนนพระราม 9 ซอย 13,105408,105408,100.0,105408,0,2020-01-01,2020-12-31 23:55:00,wl_in,0.007,False
water,2020,WL.CYI.02,จุดวัดคลองชวดใหญ่ ตอนถนนพระราม 9,105408,105408,100.0,105408,0,2020-01-01,2020-12-31 23:55:00,wl_in,0.002,False
water,2020,WL.DKN.01,สถานีสูบน้ำ ดาวคะนอง,105408,105408,100.0,105408,0,2020-01-01,2020-12-31 23:55:00,wl_in,0.002,False
water,2020,WL.FTM.01,จุดวัดคลองโบสถ์แม่พระ ตอนถนนดินแดง,105408,105408,100.0,105408,0,2020-01-01,2020-12-31 23:55:00,wl_in,0.0,False
water,2020,WL.HKG.01,จุดวัดคลองห้วยขวาง ตอนถนนประชาสงเคราะห์,105408,105408,100.0,105408,0,2020-01-01,2020-12-31 23:55:00,wl_in,0.0,False
water,2020,WL.HKG.02,จุดวัดคลองห้วยขวาง ตอนถนนเทียมร่วมมิตร,105408,105408,100.0,105408,0,2020-01-01,2020-12-31 23:55:00,wl_in,0.001,False
water,2020,WL.HMK.01,จุดวัดคลองหัวหมาก ตอนถนนศรีนครินทร์,105408,105408,100.0,105408,0,2020-01-01,2020-12-31 23:55:00,wl_in,0.001,False
water,2020,WL.IDE.01,จุดวัดบ่อสูบน้ำอินโดนีเซีย,105408,105408,100.0,105408,0,2020-01-01,2020-12-31 23:55:00,wl_in,40.34,False
water,2020,WL.JRN.01,สถานีสูบน้ำ คลองแจงร้อน,105408,105408,100.0,105408,0,2020-01-01,2020-12-31 23:55:00,wl_in,0.001,False
water,2020,WL.KBU.01,ประตูระบายน้ำ คลองบัว ตอนทางรถไฟสายใต้,105408,105408,100.0,105408,0,2020-01-01,2020-12-31 23:55:00,wl_in,0.056,False
water,2020,WL.KBU.02,จุดวัดคลองบัว ตอนถนนพุทธมณฑลสาย 1,105408,105408,100.0,105408,0,2020-01-01,2020-12-31 23:55:00,wl_in,0.001,False
water,2020,WL.KDN.01,ประตูระบายน้ำ คลองวัดด่าน,105408,105408,100.0,105408,0,2020-01-01,2020-12-31 23:55:00,wl_in,0.002,False
water,2020,WL.KJA.01,จุดวัดคลองกะจะ ตอนถนนพระราม 9,105408,105408,100.0,105408,0,2020-01-01,2020-12-31 23:55:00,wl_in,0.0,False
water,2020,WL.KJA.02,จุดวัดคลองกะจะ ตอนถนนพระราม 9 ซอย 57,105408,105408,100.0,105408,0,2020-01-01,2020-12-31 23:55:00,wl_in,0.0,False
water,2020,WL.KJG.01,จุดวัดคลองจิก ตอนถนนหัวหมาก,105408,105408,100.0,105408,0,2020-01-01,2020-12-31 23:55:00,wl_in,0.0,False
water,2020,WL.KJK.01,สถานีสูบน้ำ คลองเจ็ก,105408,105408,100.0,105408,0,2020-01-01,2020-12-31 23:55:00,wl_in,0.0,False
water,2020,WL.KJK.02,จุดวัดคลองเจ็ก ตอนถนนสุขุมวิท 60/1,105408,105408,100.0,105408,0,2020-01-01,2020-12-31 23:55:00,wl_in,0.0,False
water,2020,WL.KJN.01,จุดวัดคลองจั่น ตอนถนนลาดพร้าว,105408,105408,100.0,105408,0,2020-01-01,2020-12-31 23:55:00,wl_in,0.0,False
water,2020,WL.KJN.02,จุดวัดคลองจั่น ตอนถนนโยธินพัฒนา,105408,105408,100.0,105408,0,2020-01-01,2020-12-31 23:55:00,wl_in,0.0,False
water,2020,WL.KJT.01,"""จุดวัดคลองจิต ตอนซอยลาดพร้าว 122 """,105408,105408,100.0,105408,0,2020-01-01,2020-12-31 23:55:00,wl_in,0.0,False
water,2020,WL.KJU.01,จุดวัดคลองขุนจันทร์ ตอนถนนฉิมพลี,105408,105408,100.0,105408,0,2020-01-01,2020-12-31 23:55:00,wl_in,0.0,False
water,2020,WL.KKD.01,จุดวัดคลองเคล็ด ตอนถนนสุขุมวิท 77,105408,105408,100.0,105408,0,2020-01-01,2020-12-31 23:55:00,wl_in,0.001,False
water,2020,WL.KKD.02,จุดวัดคลองเคล็ด ตอนถนนสุภาพงษ์ 1,105408,105408,100.0,105408,0,2020-01-01,2020-12-31 23:55:00,wl_in,0.0,False
water,2020,WL.KKD.03,จุดวัดคลองเคล็ด ตอนถนนศรีนครินทร์,105408,105408,100.0,105408,0,2020-01-01,2020-12-31 23:55:00,wl_in,0.0,False
water,2020,WL.KKO.01,จุดวัดคลองเก้า ตอนวัดศรีสุขสถาพร,105408,105408,100.0,105408,0,2020-01-01,2020-12-31 23:55:00,wl_in,0.001,False
water,2020,WL.KKS.01,สถานีสูบน้ำ เทเวศร์,105408,105408,100.0,105408,0,2020-01-01,2020-12-31 23:55:00,wl_in,0.0,False
water,2020,WL.KKS.02,จุดวัดคลองผดุงกรุงเกษม ตอนทำเนียบรัฐบาล,105408,105408,100.0,105408,0,2020-01-01,2020-12-31 23:55:00,wl_in,0.001,False
water,2020,WL.KKS.03,จุดวัดคลองผดุงกรุงเกษม ตอนหัวลำโพง,105408,105408,100.0,105408,0,2020-01-01,2020-12-31 23:55:00,wl_in,0.0,False
water,2020,WL.KKS.04,สถานีสูบน้ำ กรุงเกษม,105408,105408,100.0,105408,0,2020-01-01,2020-12-31 23:55:00,wl_in,0.0,False
water,2020,WL.KKY.01,จุดวัดคลองควาย ตอนถนนศาลาธรรมสพน์,105408,105408,100.0,105408,0,2020-01-01,2020-12-31 23:55:00,wl_in,35.127,False
water,2020,WL.KKY.02,จุดวัดคลองควาย ตอนถนนบรมราชชนนี,105408,105408,100.0,105408,0,2020-01-01,2020-12-31 23:55:00,wl_in,0.0,False
water,2020,WL.KLA.01,จุดวัดคลองลาว ตอนถนนพัฒนาการ,105408,105408,100.0,105408,0,2020-01-01,2020-12-31 23:55:00,wl_in,0.0,False
water,2020,WL.KLD.01,จุดวัดคลองหลอด ตอนสถานีสูบน้ำปากคลองตลาด,105408,105408,100.0,105408,0,2020-01-01,2020-12-31 23:55:00,wl_in,0.0,False
water,2020,WL.KLD.02,จุดวัดคลองหลอด ตอนถนนราชดำเนินใน,105408,105408,100.0,105408,0,2020-01-01,2020-12-31 23:55:00,wl_in,0.0,False
water,2020,WL.KLT.01,จุดวัดคลองตัน ช่วงใต้ทางด่วน,105408,105408,100.0,105408,0,2020-01-01,2020-12-31 23:55:00,wl_in,0.121,False
water,2020,WL.KMN.01,สถานีสูบน้ำ คลองมอญ,105408,105408,100.0,105408,0,2020-01-01,2020-12-31 23:55:00,wl_in,0.002,False
water,2020,WL.KNB.01,จุดวัดคลองหนองบอน ตอนอ่อนนุช 66 ซอย 13,105408,105408,100.0,105408,0,2020-01-01,2020-12-31 23:55:00,wl_in,0.0,False
water,2020,WL.KNB.02,จุดวัดคลองหนองบอน ตอนถนนเฉลิมพระเกียรติรัชกาลที่ 9,105408,105408,100.0,105408,0,2020-01-01,2020-12-31 23:55:00,wl_in,0.001,False
water,2020,WL.KPG.01,จุดวัดคลองเป้ง ตอนซอยเอกมัย 23,105408,105408,100.0,105408,0,2020-01-01,2020-12-31 23:55:00,wl_in,0.0,False
water,2020,WL.KPM.01,จุดวัดคลองเปรมประชากร ช่วงสถานีน้ำอุโมงค์คลองเปรมประชากร,105408,105408,100.0,105408,0,2020-01-01,2020-12-31 23:55:00,wl_in,0.087,False
water,2020,WL.KPM.02,จุดวัดคลองเปรมประชากร ตอนถนนรัชดาภิเษก,105408,105408,100.0,105408,0,2020-01-01,2020-12-31 23:55:00,wl_in,0.0,False
water,2020,WL.KPM.03,จุดวัดคลองเปรมประชากร ช่วงวัดเทวสุนทร,105408,105408,100.0,105408,0,2020-01-01,2020-12-31 23:55:00,wl_in,0.001,False
water,2020,WL.KPM.04,คลองเปรมประชากร ตอนคลองบางตลาด*,105408,105408,100.0,105408,0,2020-01-01,2020-12-31 23:55:00,wl_in,0.0,False
water,2020,WL.KPM.05,จุดวัดคลองเปรมประชากร ตอนถนนสรงประภา,105408,105408,100.0,105408,0,2020-01-01,2020-12-31 23:55:00,wl_in,0.0,False
water,2020,WL.KPM.06,จุดวัดคลองเปรมประชากร ตอนคลองบ้านใหม่,105408,105408,100.0,105408,0,2020-01-01,2020-12-31 23:55:00,wl_in,0.002,False
water,2020,WL.KSG.01,จุดวัดคลองสอง ตอนถนนพหลโยธิน,105408,105408,100.0,105408,0,2020-01-01,2020-12-31 23:55:00,wl_in,0.0,False
water,2020,WL.KSI.01,จุดวัดคลองสี่ ตอนถนนสุวินทวงศ์,105408,105408,100.0,105408,0,2020-01-01,2020-12-31 23:55:00,wl_in,0.001,False
water,2020,WL.KSI.02,จุดวัดคลองสี่ ตอนถนนเจ้าคุณทหาร,105408,105408,100.0,105408,0,2020-01-01,2020-12-31 23:55:00,wl_in,0.001,False
water,2020,WL.KSK.01,"""จุดวัดคลองขุนสกล ตอนซอยศรีนครินทร์ 36 """,105408,105408,100.0,105408,0,2020-01-01,2020-12-31 23:55:00,wl_in,0.0,False
water,2020,WL.KSM.01,จุดวัดคลองสาม ตอนร่มเกล้า 17,105408,105408,100.0,105408,0,2020-01-01,2020-12-31 23:55:00,wl_in,0.0,False
water,2020,WL.KSM.02,จุดวัดคลองสาม ตอนมอเตอร์เวย์,105408,105408,100.0,105408,0,2020-01-01,2020-12-31 23:55:00,wl_in,0.0,False
water,2020,WL.KSO.01,จุดวัดคลองซอย ตอนถนนบรมราชชนนี,105408,105408,100.0,105408,0,2020-01-01,2020-12-31 23:55:00,wl_in,0.001,False
water,2020,WL.KSO.02,จุดวัดคลองซอย ตอนถนนศาลาธรรมสพน์,105408,105408,100.0,105408,0,2020-01-01,2020-12-31 23:55:00,wl_in,34.456,False
water,2020,WL.KTK.03,จุดวัดคลองขรัวตาแก่น ตอนซอยสะพานขวา,105408,105408,100.0,105408,0,2020-01-01,2020-12-31 23:55:00,wl_in,0.0,False
water,2020,WL.KTY.01,สถานีสูบน้ำ คลองเตย,105408,105408,100.0,105408,0,2020-01-01,2020-12-31 23:55:00,wl_in,0.003,False
water,2020,WL.LBK.01,จุดวัดคลองลาดบัวขาว ตอนถนนรามคำแหง,105408,105408,100.0,105408,0,2020-01-01,2020-12-31 23:55:00,wl_in,0.0,False
water,2020,WL.LBK.02,จุดวัดคลองลาดบัวขาว ตอนถนนเคหะร่มเกล้า,105408,105408,100.0,105408,0,2020-01-01,2020-12-31 23:55:00,wl_in,0.001,False
water,2020,WL.LBK.03,จุดวัดคลองลาดบัวขาว ตอนซอยกาญจนาภิเษก 24,105408,105408,100.0,105408,0,2020-01-01,2020-12-31 23:55:00,wl_in,0.0,False
water,2020,WL.LCL.01,จุดวัดคลองลำชะล่า ตอนถนนนวมินทร์,105408,105408,100.0,105408,0,2020-01-01,2020-12-31 23:55:00,wl_in,0.001,False
water,2020,WL.LCL.02,จุดวัดคลองลำชะล่า ตอนซอยนวมินทร์ 86,105408,105408,100.0,105408,0,2020-01-01,2020-12-31 23:55:00,wl_in,0.0,False
water,2020,WL.LKB.01,จุดวัดคลองลาดกระบัง ตอนซอยลาดกระบัง 54/6,105408,105408,100.0,105408,0,2020-01-01,2020-12-31 23:55:00,wl_in,0.0,False
water,2020,WL.LOA.01,จุดวัดคลองรางอ้อ-รางแก้ว ตอนถนนพหลโยธิน,105408,105408,100.0,105408,0,2020-01-01,2020-12-31 23:55:00,wl_in,0.0,False
water,2020,WL.LPC.01,จุดวัดคลองลำผักชี ตอนโรงเรียนลำผักชี,105408,105408,100.0,105408,0,2020-01-01,2020-12-31 23:55:00,wl_in,0.104,False
water,2020,WL.LPG.01,จุดวัดคลองหลวงแพ่ง ตอนโรงเรียนผลลีรุ่งเรือง,105408,105408,100.0,105408,0,2020-01-01,2020-12-31 23:55:00,wl_in,0.0,False
water,2020,WL.LPG.02,ประตูระบายน้ำ คลองหลวงแพ่ง,105408,105408,100.0,105408,0,2020-01-01,2020-12-31 23:55:00,wl_in,0.001,False
water,2020,WL.LPG.03,จุดวัดคลองหลวงแพ่ง ตอนวัดลำต้อยติ่ง,105408,105408,100.0,105408,0,2020-01-01,2020-12-31 23:55:00,wl_in,0.0,False
water,2020,WL.LPI.01,จุดวัดคลองหลุมไผ่ ตอนซอยลาดปลาเค้า 63,105408,105408,100.0,105408,0,2020-01-01,2020-12-31 23:55:00,wl_in,0.0,False
water,2020,WL.LPI.02,จุดวัดคลองหลุมไผ่ ตอนถนนประเสริฐมนูกิจ29,105408,105408,100.0,105408,0,2020-01-01,2020-12-31 23:55:00,wl_in,0.0,False
water,2020,WL.LPN.01,สถานีสูบน้ำ คลองเลนเปน,105408,105408,100.0,105408,0,2020-01-01,2020-12-31 23:55:00,wl_in,0.004,False
water,2020,WL.LPT.01,จุดวัดคลองลำปลาทิว ตอนถนนสังฆสันติสุข,105408,105408,100.0,105408,0,2020-01-01,2020-12-31 23:55:00,wl_in,0.001,False
water,2020,WL.LPT.02,จุดวัดคลองลำปลาทิว ตอนซอยฉลองกรุง 54,105408,105408,100.0,105408,0,2020-01-01,2020-12-31 23:55:00,wl_in,0.0,False
water,2020,WL.LPT.03,จุดวัดคลองลำปลาทิว ตอนซอยฉลองกรุง 8,105408,105408,100.0,105408,0,2020-01-01,2020-12-31 23:55:00,wl_in,0.0,False
water,2020,WL.LPT.04,"""จุดวัดคลองลำปลาทิว ตอนซอยเชื่อมสัมพันธ์ 25 """,105408,105408,100.0,105408,0,2020-01-01,2020-12-31 23:55:00,wl_in,0.001,False
water,2020,WL.LPW.01,ประตูระบายน้ำ คลองลาดพร้าว,105408,105408,100.0,105408,0,2020-01-01,2020-12-31 23:55:00,wl_in,0.001,False
water,2020,WL.LPW.02,จุดวัดคลองลาดพร้าว ช่วงวัดลาดพร้าว,105408,105408,100.0,105408,0,2020-01-01,2020-12-31 23:55:00,wl_in,0.002,False
water,2020,WL.LPW.03,จุดวัดคลองลาดพร้าว ช่วงซอยเสนานิคม,105408,105408,100.0,105408,0,2020-01-01,2020-12-31 23:55:00,wl_in,0.002,False
water,2020,WL.LPW.04,จุดวัดคลองลาดพร้าว ตอนถนนประชาอุทิศ,105408,105408,100.0,105408,0,2020-01-01,2020-12-31 23:55:00,wl_in,0.0,False
water,2020,WL.LPW.05,จุดวัดคลองลาดพร้าว ช่วงถนนประดิษฐ์มนูธรรม,105408,105408,100.0,105408,0,2020-01-01,2020-12-31 23:55:00,wl_in,1.333,False
water,2020,WL.LSG.01,จุดวัดคลองหลอด 2 ตอนถนนบางนา ตราด,105408,105408,100.0,105408,0,2020-01-01,2020-12-31 23:55:00,wl_in,0.0,False
water,2020,WL.LSM.01,จุดวัดคลองหลอด 3 ตอนถนนบางนา ตราด,105408,105408,100.0,105408,0,2020-01-01,2020-12-31 23:55:00,wl_in,0.0,False
water,2020,WL.LYW.01,จุดวัดคลองลาดยาว ตอน ถนนรัชดาภิเษก,105408,105408,100.0,105408,0,2020-01-01,2020-12-31 23:55:00,wl_in,0.0,False
water,2020,WL.LYW.02,จุดวัดคลองลาดยาว ตอนถนนวิภาวดีรังสิต 44,105408,105408,100.0,105408,0,2020-01-01,2020-12-31 23:55:00,wl_in,0.0,False
water,2020,WL.MID.01,จุดวัดคูน้ำกรมสารวัตรทหาร,105408,105408,100.0,105408,0,2020-01-01,2020-12-31 23:55:00,wl_in,0.001,False
water,2020,WL.MSW.01,จุดวัดคลองมหาสวัสดิ์ ตอนคลองสวนแดน 2,105408,105408,100.0,105408,0,2020-01-01,2020-12-31 23:55:00,wl_in,0.015,False
water,2020,WL.MSW.02,จุดวัดคลองมหาสวัสดิ์ ตอนวัดปุรณาวาส,105408,105408,100.0,105408,0,2020-01-01,2020-12-31 23:55:00,wl_in,0.0,False
water,2020,WL.MSW.03,จุดวัดคลองมหาสวัสดิ์ ตอนถนนพุทธมณฑลสาย 2,105408,105408,100.0,105408,0,2020-01-01,2020-12-31 23:55:00,wl_in,0.002,False
water,2020,WL.NBN.01,จุดวัดบึงหนองบอน,105408,105408,100.0,105408,0,2020-01-01,2020-12-31 23:55:00,wl_in,0.0,False
water,2020,WL.NK3.01,จุดวัดคลองคูนายกิมสาย 3  ตอนถนนประชาอุทิศ,105408,105408,100.0,105408,0,2020-01-01,2020-12-31 23:55:00,wl_in,0.001,False
water,2020,WL.NKW.01,จุดวัดคลองน้ำแก้ว ตอนถนนรัชดาภิเษก,105408,105408,100.0,105408,0,2020-01-01,2020-12-31 23:55:00,wl_in,0.002,False
water,2020,WL.NKW.02,จุดวัดคลองน้ำแก้ว ตอนซอยลาดพร้าว 41,105408,105408,100.0,105408,0,2020-01-01,2020-12-31 23:55:00,wl_in,17.345,False
water,2020,WL.NSG.01,จุดวัดคลองนาซอง ตอนถนนประชาสุข,105408,105408,100.0,105408,0,2020-01-01,2020-12-31 23:55:00,wl_in,0.0,False
water,2020,WL.ORC.01,สถานีสูบน้ำ คลองอรชร,105408,105408,100.0,105408,0,2020-01-01,2020-12-31 23:55:00,wl_in,0.24,False
water,2020,WL.PKG.01,สถานีสูบน้ำ ปากคลองตลาด,105408,105408,100.0,105408,0,2020-01-01,2020-12-31 23:55:00,wl_in,0.002,False
water,2020,WL.PKN.01,สถานีสูบน้ำ พระโขนง,105408,105408,100.0,105408,0,2020-01-01,2020-12-31 23:55:00,wl_in,0.0,False
water,2020,WL.PLK.01,จุดวัดคลองพิทยาลงกรณ์ ช่วงโรงเรียนพิทยาลงกรณ์พิทยาคม,105408,105408,100.0,105408,0,2020-01-01,2020-12-31 23:55:00,wl_in,0.002,False
water,2020,WL.PPA.02,จุดวัดคลองพลับพลา ตอนศูนย์แพทย์พัฒนา,105408,105408,100.0,105408,0,2020-01-01,2020-12-31 23:55:00,wl_in,0.0,False
water,2020,WL.PSC.01,สถานีสูบน้ำ คลองภาษีเจริญ,105408,105408,100.0,105408,0,2020-01-01,2020-12-31 23:55:00,wl_in,0.001,False
water,2020,WL.PSC.02,จุดวัดคลองภาษีเจริญ ตอนวัดรางบัว,105408,105408,100.0,105408,0,2020-01-01,2020-12-31 23:55:00,wl_in,0.0,False
water,2020,WL.PSC.03,จุดวัดคลองราชมนตรี ตอนคลองภาษีเจริญ,105408,105408,100.0,105408,0,2020-01-01,2020-12-31 23:55:00,wl_in,0.013,False
water,2020,WL.PSC.04,จุดวัดคลองภาษีเจริญ ตอนคลองมหาศร,105408,105408,100.0,105408,0,2020-01-01,2020-12-31 23:55:00,wl_in,0.017,False
water,2020,WL.PSI.01,จุดวัดคลองพร้อมศรี 2 ตอนถนนสุขุมวิท 49/13,105408,105408,100.0,105408,0,2020-01-01,2020-12-31 23:55:00,wl_in,0.0,False
water,2020,WL.PSR.01,ประตูระบายน้ำ คลองพระยาสุเรนทร์,105408,105408,100.0,105408,0,2020-01-01,2020-12-31 23:55:00,wl_in,0.0,False
water,2020,WL.PSR.02,จุดวัดคลองพระยาสุเรนทร์ ตอนถนนหนองระแหง,105408,105408,100.0,105408,0,2020-01-01,2020-12-31 23:55:00,wl_in,0.0,False
water,2020,WL.PSR.03,จุดวัดคลองพระยาสุเรนทร์ ตอนถนนจตุโชติ,105408,105408,100.0,105408,0,2020-01-01,2020-12-31 23:55:00,wl_in,0.0,False
water,2020,WL.PSR.04,ปตร.พระยาสุเรนทร์ ตอนคู้บอน,105408,105408,100.0,105408,0,2020-01-01,2020-12-31 23:55:00,wl_in,0.0,False
water,2020,WL.PSR.05,จุดวัดคลองพระยาสุเรนทร์ ตอนปัญญาอินทรา,105408,105408,100.0,105408,0,2020-01-01,2020-12-31 23:55:00,wl_in,0.0,False
water,2020,WL.PSR.06,จุดวัดคลองพระยาสุเรนทร์ ตอนบางชัน,105408,105408,100.0,105408,0,2020-01-01,2020-12-31 23:55:00,wl_in,0.001,False
water,2020,WL.PWT.01,จุดวัดคลองประเวศ ตอนซอยอ่อนนุช 17,105408,105408,100.0,105408,0,2020-01-01,2020-12-31 23:55:00,wl_in,0.0,False
water,2020,WL.PWT.02,จุดวัดคลองประเวศบุรีรมย์ ตอนวัดขจรศิริ,105408,105408,100.0,105408,0,2020-01-01,2020-12-31 23:55:00,wl_in,0.0,False
water,2020,WL.PWT.03,ประตูระบายน้ำ คลองประเวศบุรีรมย์ ตอนวัดกระทุ่มเสือปลา,105408,105408,100.0,105408,0,2020-01-01,2020-12-31 23:55:00,wl_in,0.0,False
water,2020,WL.PWT.04,ประตูระบายน้ำ คลองประเวศบุรีรมย์ ตอนลาดกระบัง,105408,105408,100.0,105408,0,2020-01-01,2020-12-31 23:55:00,wl_in,0.0,False
water,2020,WL.PWT.05,จุดวัดคลองประเวศบุรีรมย์ ตอน รพ.ลาดกระบัง,105408,105408,100.0,105408,0,2020-01-01,2020-12-31 23:55:00,wl_in,0.021,False
water,2020,WL.PWT.06,จุดวัดคลองประเวศบุรีรมย์ ตอนถนนร่วมพัฒนา,105408,105408,100.0,105408,0,2020-01-01,2020-12-31 23:55:00,wl_in,0.004,False
water,2020,WL.PYW.01,จุดวัดคลองพญาเวิก ตอนปตร.คลองพญาเวิก,105408,105408,100.0,105408,0,2020-01-01,2020-12-31 23:55:00,wl_in,0.0,False
water,2020,WL.RHN.01,สถานีสูบน้ำ คลองระหาญ,105408,105408,100.0,105408,0,2020-01-01,2020-12-31 23:55:00,wl_in,0.005,False
water,2020,WL.RJK.01,ประตูระบายน้ำ คลองรางจาก ตอนถนนประชาอุทิศ,105408,105408,100.0,105408,0,2020-01-01,2020-12-31 23:55:00,wl_in,0.009,False
water,2020,WL.RKC.01,จุดวัดคลองข้างศูนย์ราชการ,105408,105408,100.0,105408,0,2020-01-01,2020-12-31 23:55:00,wl_in,0.0,False
water,2020,WL.RMT.01,สถานีสูบน้ำ คลองพระยาราชมนตรี,105408,105408,100.0,105408,0,2020-01-01,2020-12-31 23:55:00,wl_in,0.005,False
water,2020,WL.RMT.02,จุดวัดคลองพระยาราชมนตรี ตอนถนนพระรามที่ 2,105408,105408,100.0,105408,0,2020-01-01,2020-12-31 23:55:00,wl_in,0.0,False
water,2020,WL.RSK.01,จุดวัดคลองราษฎร์สามัคคี ตอนถนนเพชรเกษม 63,105408,105408,100.0,105408,0,2020-01-01,2020-12-31 23:55:00,wl_in,0.0,False
water,2020,WL.SBR.01,ประตูระบายน้ำ คลองขุนศรีบุรีรักษ์ ตอนคลองมหาสวัสดิ์,105408,105408,100.0,105408,0,2020-01-01,2020-12-31 23:55:00,wl_in,0.002,False
water,2020,WL.SBR.02,จุดวัดคลองบางขุนศรีบุรีรักษ์ ตอนถนนบรมราชชนนี,105408,105408,100.0,105408,0,2020-01-01,2020-12-31 23:55:00,wl_in,0.0,False
water,2020,WL.SBT.01,สถานีสูบน้ำ คลองสี่บาท,105408,105408,100.0,105408,0,2020-01-01,2020-12-31 23:55:00,wl_in,0.858,False
water,2020,WL.SCO.01,"""จุดวัดคลองศาลเจ้า ตอนถนนสวนผัก """,105408,105408,100.0,105408,0,2020-01-01,2020-12-31 23:55:00,wl_in,0.0,False
water,2020,WL.SDN.01,"""จุดวัดคลองสวนแดน ตอนถนนชัยพฤกษ์ """,105408,105408,100.0,105408,0,2020-01-01,2020-12-31 23:55:00,wl_in,0.0,False
water,2020,WL.SKG.01,จุดวัดคลองสะแกงาม ตอนถนนกาญจนาภิเษก,105408,105408,100.0,105408,0,2020-01-01,2020-12-31 23:55:00,wl_in,0.001,False
water,2020,WL.SKT.01,จุดวัดคลองทรงกระเทียม ตอนถนนนาคนิวาส,105408,105408,100.0,105408,0,2020-01-01,2020-12-31 23:55:00,wl_in,0.0,False
water,2020,WL.SKT.02,จุดวัดคลองทรงกระเทียม ตอนปตร.คลองทรงกระเทียม,105408,105408,100.0,105408,0,2020-01-01,2020-12-31 23:55:00,wl_in,0.0,False
water,2020,WL.SLL.01,จุดวัดคลองศาลาลอย ตอนถนนอ่อนนุช 61,105408,105408,100.0,105408,0,2020-01-01,2020-12-31 23:55:00,wl_in,0.0,False
water,2020,WL.SNC.01,สถานีสูบน้ำ คลองสนามชัย,105408,105408,100.0,105408,0,2020-01-01,2020-12-31 23:55:00,wl_in,0.004,False
water,2020,WL.SNC.02,จุดวัดคลองสนามชัย ตอนคลองบางขุนเทียน,105408,105408,100.0,105408,0,2020-01-01,2020-12-31 23:55:00,wl_in,0.003,False
water,2020,WL.SNO.01,จุดวัดคลองเสือน้อย ตอนถนนสุคนธสวัสดิ์,105408,105408,100.0,105408,0,2020-01-01,2020-12-31 23:55:00,wl_in,0.001,False
water,2020,WL.SPP.01,จุดวัดบ่อสูบน้ำสะพานพรหม,105408,105408,100.0,105408,0,2020-01-01,2020-12-31 23:55:00,wl_in,0.0,False
water,2020,WL.SRE.01,สถานีสูบน้ำ คลองสำเหร่,105408,105408,100.0,105408,0,2020-01-01,2020-12-31 23:55:00,wl_in,0.025,False
water,2020,WL.SRG.01,สถานีสูบน้ำ คลองสำโรง,105408,105408,100.0,105408,0,2020-01-01,2020-12-31 23:55:00,wl_in,0.005,False
water,2020,WL.SSB.01,จุดวัดคลองแสนแสบ ช่วงคลองผดุงกรุงเกษม (โบ๊เบ๊),105408,105408,100.0,105408,0,2020-01-01,2020-12-31 23:55:00,wl_in,0.0,False
water,2020,WL.SSB.02,จุดวัดคลองแสนแสบ ตอนซอยสมคิด,105408,105408,100.0,105408,0,2020-01-01,2020-12-31 23:55:00,wl_in,0.0,False
water,2020,WL.SSB.03,จุดวัดคลองแสนแสบ ช่วงอโศก,105408,105408,100.0,105408,0,2020-01-01,2020-12-31 23:55:00,wl_in,0.001,False
water,2020,WL.SSB.04,สถานีสูบน้ำ คลองแสนแสบตอนคลองตัน,105408,105408,100.0,105408,0,2020-01-01,2020-12-31 23:55:00,wl_in,0.0,False
water,2020,WL.SSB.05,จุดวัดคลองแสนแสบ ตอนรามคำแหง 9,105408,105408,100.0,105408,0,2020-01-01,2020-12-31 23:55:00,wl_in,0.0,False
water,2020,WL.SSB.06,จุดวัดคลองแสนแสบ ช่วงสถานีสูบน้ำคลองเจ้าคุณสิงห์,105408,105408,100.0,105408,0,2020-01-01,2020-12-31 23:55:00,wl_in,0.009,False
water,2020,WL.SSB.07,จุดวัดคลองแสนแสบ ตอนสำนักงานเขตบางกะปิ,105408,105408,100.0,105408,0,2020-01-01,2020-12-31 23:55:00,wl_in,0.004,False
water,2020,WL.SSB.08,จุดวัดคลองแสนแสบ ช่วงซอยเสรีไทย 24,105408,105408,100.0,105408,0,2020-01-01,2020-12-31 23:55:00,wl_in,0.003,False
water,2020,WL.SSB.09,ประตูระบายน้ำ คลองแสนแสบ ตอนบางชัน,105408,105408,100.0,105408,0,2020-01-01,2020-12-31 23:55:00,wl_in,0.0,False
water,2020,WL.SSB.10,ประตูระบายน้ำ คลองแสนแสบ ตอนถนนประชาร่วมใจ,105408,105408,100.0,105408,0,2020-01-01,2020-12-31 23:55:00,wl_in,0.0,False
water,2020,WL.SSB.11,จุดวัดคลองแสนแสบ ตอนวัดทรัพย์สโมสรนิกรเกษม,105408,105408,100.0,105408,0,2020-01-01,2020-12-31 23:55:00,wl_in,1.056,False
water,2020,WL.SSB.12,สถานีสูบน้ำ คลองแสนแสบ หนองจอก,105408,105408,100.0,105408,0,2020-01-01,2020-12-31 23:55:00,wl_in,0.0,False
water,2020,WL.SSG.01,จุดวัดคลองสิบสอง ตอนถนนประชาสำราญ,105408,105408,100.0,105408,0,2020-01-01,2020-12-31 23:55:00,wl_in,0.026,False
water,2020,WL.SSM.01,ประตูระบายน้ำ คลองสิบสาม,105408,105408,100.0,105408,0,2020-01-01,2020-12-31 23:55:00,wl_in,0.179,False
water,2020,WL.SSN.01,สถานีสูบน้ำ สามเสน,105408,105408,100.0,105408,0,2020-01-01,2020-12-31 23:55:00,wl_in,0.0,False
water,2020,WL.SSN.02,จุดวัดคลองสามเสน ช่วงถนนพระรามที่ 5,105408,105408,100.0,105408,0,2020-01-01,2020-12-31 23:55:00,wl_in,0.828,False
water,2020,WL.SSN.03,จุดวัดคลองสามเสน ตอนถนนพระรามที่ 6,105408,105408,100.0,105408,0,2020-01-01,2020-12-31 23:55:00,wl_in,0.0,False
water,2020,WL.SSN.04,จุดวัดคลองสามเสน ช่วงถนนพหลโยธิน,105408,105408,100.0,105408,0,2020-01-01,2020-12-31 23:55:00,wl_in,0.002,False
water,2020,WL.SSN.05,จุดวัดคลองสามเสน ตอน รพ.พระมงกุฎเกล้า,105408,105408,100.0,105408,0,2020-01-01,2020-12-31 23:55:00,wl_in,0.005,False
water,2020,WL.SSN.06,จุดวัดคลองสามเสน ช่วงถนนดินแดง,105408,105408,100.0,105408,0,2020-01-01,2020-12-31 23:55:00,wl_in,0.011,False
water,2020,WL.SSN.07,จุดวัดคลองสามเสน ตอนถนนอโศก,105408,105408,100.0,105408,0,2020-01-01,2020-12-31 23:55:00,wl_in,1.877,False
water,2020,WL.SSN.08,สถานีสูบน้ำ สามเสน ตอนคลองแสนแสบ,105408,105408,100.0,105408,0,2020-01-01,2020-12-31 23:55:00,wl_in,0.0,False
water,2020,WL.SSN.09,จุดวัดคลองสามเสน ช่วงถนนเอกมัย,105408,105408,100.0,105408,0,2020-01-01,2020-12-31 23:55:00,wl_in,0.003,False
water,2020,WL.SST.01,ประตูระบายน้ำ คลองสองสายใต้,105408,105408,100.0,105408,0,2020-01-01,2020-12-31 23:55:00,wl_in,0.0,False
water,2020,WL.STN.01,จุดวัดคลองสองต้นนุ่น ตอนถนนรามคำแหง,105408,105408,100.0,105408,0,2020-01-01,2020-12-31 23:55:00,wl_in,0.0,False
water,2020,WL.STN.02,"""จุดวัดคลองสองต้นนุ่น ตอนซอยร่มเกล้า 20 """,105408,105408,100.0,105408,0,2020-01-01,2020-12-31 23:55:00,wl_in,0.0,False
water,2020,WL.STN.03,จุดวัดคลองสองต้นนุ่น ตอนถนนมอเตอร์เวย์,105408,105408,100.0,105408,0,2020-01-01,2020-12-31 23:55:00,wl_in,0.0,False
water,2020,WL.STR.01,สถานีสูบน้ำ คลองสาทร,105408,105408,100.0,105408,0,2020-01-01,2020-12-31 23:55:00,wl_in,0.017,False
water,2020,WL.STR.02,"""จุดวัดคลองสาทร ตอนถนนพระรามที่ 4 """,105408,105408,100.0,105408,0,2020-01-01,2020-12-31 23:55:00,wl_in,0.0,False
water,2020,WL.SWA.01,ประตูระบายน้ำ คลองสามวา,105408,105408,100.0,105408,0,2020-01-01,2020-12-31 23:55:00,wl_in,0.0,False
water,2020,WL.SWU.01,จุดวัดคูน้ำ มศว.,105408,105408,100.0,105408,0,2020-01-01,2020-12-31 23:55:00,wl_in,0.0,False
water,2020,WL.TCG.01,"""จุดวัดคลองตาช้าง ตอนถนนศรีนครินทร์ """,105408,105408,100.0,105408,0,2020-01-01,2020-12-31 23:55:00,wl_in,0.0,False
water,2020,WL.TNG.01,จุดวัดคลองตาหนัง ตอนถนนลาดพร้าว,105408,105408,100.0,105408,0,2020-01-01,2020-12-31 23:55:00,wl_in,0.0,False
water,2020,WL.TPK.02,จุดวัดคลองตาพุก ตอนถนนลาดกระบัง,105408,105408,100.0,105408,0,2020-01-01,2020-12-31 23:55:00,wl_in,0.0,False
water,2020,WL.TPK.03,จุดวัดคลองตาพุก ตอนคลองทับช้างบน,105408,105408,100.0,105408,0,2020-01-01,2020-12-31 23:55:00,wl_in,0.0,False
water,2020,WL.TSK.01,จุดวัดคูน้ำต่อศักดิ์ ตอนซอยทองหล่อ 25,105408,105408,100.0,105408,0,2020-01-01,2020-12-31 23:55:00,wl_in,0.0,False
water,2020,WL.TTN.01,จุดวัดคลองลาดโตนด ตอน ปตร.คลองลาดโตนด,105408,105408,100.0,105408,0,2020-01-01,2020-12-31 23:55:00,wl_in,0.0,False
water,2020,WL.TUT.01,สถานีสูบน้ำ คลองตาอูฐ,105408,105408,100.0,105408,0,2020-01-01,2020-12-31 23:55:00,wl_in,0.0,False
water,2020,WL.TUT.02,จุดวัดคลองตาอูฐ ตอนซอยแจ้งวัฒนะ 14,105408,105408,100.0,105408,0,2020-01-01,2020-12-31 23:55:00,wl_in,0.0,False
water,2020,WL.TWW.01,ประตูระบายน้ำ คลองทวีวัฒนา,105408,105408,100.0,105408,0,2020-01-01,2020-12-31 23:55:00,wl_in,0.0,False
water,2020,WL.TWW.02,จุดวัดคลองทวีวัฒนา ตอนถนนบรมราชชนนี,105408,105408,100.0,105408,0,2020-01-01,2020-12-31 23:55:00,wl_in,0.0,False
water,2020,WL.TWW.03,จุดวัดคลองทวีวัฒนา ตอนถนนเพชรเกษม,105408,105408,100.0,105408,0,2020-01-01,2020-12-31 23:55:00,wl_in,0.0,False
water,2020,WL.TWW.04,จุดวัดคลองทวีวัฒนา ตอนคลองบางเชือกหนัง,105408,105408,100.0,105408,0,2020-01-01,2020-12-31 23:55:00,wl_in,0.015,False
water,2020,WL.TWW.05,จุดวัดคลองทวีวัฒนา ตอนคลองภาษีเจริญ,105408,105408,100.0,105408,0,2020-01-01,2020-12-31 23:55:00,wl_in,0.009,False
water,2020,WL.VPV.01,สถานีสูบน้ำ รัชดา-วิภาวดี,105408,105408,100.0,105408,0,2020-01-01,2020-12-31 23:55:00,wl_in,1.156,False
water,2020,WL.WKT.01,จุดวัดคลองวัดไก่เตี้ย ตอนสถานีสูบน้ำคลองวัดไก่เตี้ย,105408,105408,100.0,105408,0,2020-01-01,2020-12-31 23:55:00,wl_in,0.0,False
water,2020,WL.WLS.01,จุดวัดคลองวัดหลักสี่ ตอนถนนวิภาวดีรังสิต,105408,105408,100.0,105408,0,2020-01-01,2020-12-31 23:55:00,wl_in,0.001,False
water,2020,WL.WSI.01,สถานีสูบน้ำ คลองวัดไทร,105408,105408,100.0,105408,0,2020-01-01,2020-12-31 23:55:00,wl_in,0.0,False
water,2020,WL.WTK.01,จุดวัดคลองวัดตึก ตอนถนนลาดพร้าว,105408,105408,100.0,105408,0,2020-01-01,2020-12-31 23:55:00,wl_in,0.0,False
water,2020,WL.WTN.02,จุดวัดคูน้ำวัฒนา ตอนโรงเรียนวัฒนาวิทยาลัย,105408,105408,100.0,105408,0,2020-01-01,2020-12-31 23:55:00,wl_in,0.0,False
water,2020,WL.YPE.01,จุดคลองยายเพียร ตอนถนนเพชรเกษม,105408,105408,100.0,105408,0,2020-01-01,2020-12-31 23:55:00,wl_in,0.0,False
water,2020,WL.YPN.01,จุดวัดคลองยายเผื่อน ตอนแฮปปี้แลนด์,105408,105408,100.0,105408,0,2020-01-01,2020-12-31 23:55:00,wl_in,50.679,True
water,2020,WL.YPN.02,จุดวัดคลองยายเผื่อน ตอนถนนลาดพร้าว,105408,105408,100.0,105408,0,2020-01-01,2020-12-31 23:55:00,wl_in,0.0,False
water,2020,WL.YSN.02,"""จุดวัดคลองยายสุ่น ตอนถนนรัชดาภิเษก """,105408,105408,100.0,105408,0,2020-01-01,2020-12-31 23:55:00,wl_in,0.0,False
water,2021,WL.BBN.01,จุดวัดคลองบางบอน ตอนถนนบางขุนเทียน,105120,105120,100.0,105120,0,2021-01-01,2021-12-31 23:55:00,wl_in,0.0,False
water,2021,WL.BBN.02,จุดวัดคลองบางบอน ตอนถนนกาญจนาภิเษก,105120,105120,100.0,105120,0,2021-01-01,2021-12-31 23:55:00,wl_in,0.0,False
water,2021,WL.BBN.03,จุดวัดคลองบางบอน ตอนคลองสะแกงาม,105120,105120,100.0,105120,0,2021-01-01,2021-12-31 23:55:00,wl_in,0.0,False
water,2021,WL.BBR.01,จุดวัดคลองบางบำหรุ ตอนถนนบรมราชชนนี,105120,105120,100.0,105120,0,2021-01-01,2021-12-31 23:55:00,wl_in,0.0,False
water,2021,WL.BBR.02,จุดวัดคลองบางบำหรุ ตอนถนนสิรินธร,105120,105120,100.0,105120,0,2021-01-01,2021-12-31 23:55:00,wl_in,0.0,False
water,2021,WL.BBU.01,จุดวัดคลองบางบัว,105120,105120,100.0,105120,0,2021-01-01,2021-12-31 23:55:00,wl_in,0.0,False
water,2021,WL.BCN.01,จุดวัดคลองบางเชือกหนัง ตอนถนนกาญจนาภิเษก,105120,105120,100.0,105120,0,2021-01-01,2021-12-31 23:55:00,wl_in,0.0,False
water,2021,WL.BCN.02,จุดวัดคลองบางเชือกหนัง ตอนถนนพุทธมณฑลสาย 1,105120,105120,100.0,105120,0,2021-01-01,2021-12-31 23:55:00,wl_in,0.0,False
water,2021,WL.BCN.03,จุดวัดคลองบางเชือกหนัง ตอนถนนพุทธมณฑลสาย 2,105120,105120,100.0,105120,0,2021-01-01,2021-12-31 23:55:00,wl_in,0.0,False
water,2021,WL.BJK.01,สถานีสูบน้ำ บางจาก,105120,105120,100.0,105120,0,2021-01-01,2021-12-31 23:55:00,wl_in,0.0,False
water,2021,WL.BJK.02,"""จุดวัดคลองบางจาก ตอนซอยเพชรเกษม 68 """,105120,105120,100.0,105120,0,2021-01-01,2021-12-31 23:55:00,wl_in,0.0,False
water,2021,WL.BJK.03,จุดวัดคลองบางจาก ตอนคลองบางหว้า,105120,105120,100.0,105120,0,2021-01-01,2021-12-31 23:55:00,wl_in,0.0,False
water,2021,WL.BJK.04,"""จุดวัดคลองบางจาก ตอนถนนพุทธมณฑลสาย 2 """,105120,105120,100.0,105120,0,2021-01-01,2021-12-31 23:55:00,wl_in,0.0,False
water,2021,WL.BKA.01,สถานีสูบน้ำ คลองบางเขนใหม่,105120,105120,100.0,105120,0,2021-01-01,2021-12-31 23:55:00,wl_in,0.0,False
water,2021,WL.BKA.02,จุดวัดคลองบางเขน ช่วงถนนกรุงเทพ-นนทบุรี,105120,105120,100.0,105120,0,2021-01-01,2021-12-31 23:55:00,wl_in,0.0,False
water,2021,WL.BKA.03,จุดวัดคลองบางเขน ช่วงถนนประชาชื่น,105120,105120,100.0,105120,0,2021-01-01,2021-12-31 23:55:00,wl_in,0.0,False
water,2021,WL.BKA.04,จุดวัดคลองบางเขน ช่วงถนนวิภาวดีรังสิต,105120,105120,100.0,105120,0,2021-01-01,2021-12-31 23:55:00,wl_in,0.0,False
water,2021,WL.BKB.01,จุดวัดคลองบางกระบือ ตอนถนนสามเสน,105120,105120,100.0,105120,0,2021-01-01,2021-12-31 23:55:00,wl_in,0.0,False
water,2021,WL.BKG.01,ประตูระบายน้ำ คลองบึงขวาง,105120,105120,100.0,105120,0,2021-01-01,2021-12-31 23:55:00,wl_in,0.0,False
water,2021,WL.BKL.01,จุดวัดคลองบางโคลัด ตอนถนนบางบอน 1,105120,105120,100.0,105120,0,2021-01-01,2021-12-31 23:55:00,wl_in,0.0,False
water,2021,WL.BKY.01,สถานีสูบน้ำ คลองบางกอกใหญ่,105120,105120,100.0,105120,0,2021-01-01,2021-12-31 23:55:00,wl_in,0.0,False
water,2021,WL.BKY.02,จุดวัดคลองบางเชือกหนัง ตอนวัดปากน้ำฝั่งใต้,105120,105120,100.0,105120,0,2021-01-01,2021-12-31 23:55:00,wl_in,0.0,False
water,2021,WL.BLP.02,จุดวัดคลองบางลำพู ตอนสะพานผ่านฟ้า,105120,105120,100.0,105120,0,2021-01-01,2021-12-31 23:55:00,wl_in,0.0,False
water,2021,WL.BLY.01,จุดวัดคลองบ้านหลาย ตอนถนนสุขุมวิท 77,105120,105120,100.0,105120,0,2021-01-01,2021-12-31 23:55:00,wl_in,0.0,False
water,2021,WL.BMK.01,จุดวัดคลองบางมะเขือ ตอนถนนสุขุมวิท 71,105120,105120,100.0,105120,0,2021-01-01,2021-12-31 23:55:00,wl_in,0.0,False
water,2021,WL.BNA.01,สถานีสูบน้ำ บางนา,105120,105120,100.0,105120,0,2021-01-01,2021-12-31 23:55:00,wl_in,0.0,False
water,2021,WL.BNA.02,จุดวัดคลองบางนา ตอนถนนสุขุมวิท,105120,105120,100.0,105120,0,2021-01-01,2021-12-31 23:55:00,wl_in,0.0,False
water,2021,WL.BNA.03,จุดวัดคลองบางนา ตอนถนนศรีนครินทร์,105120,105120,100.0,105120,0,2021-01-01,2021-12-31 23:55:00,wl_in,0.005,False
water,2021,WL.BNJ.01,จุดวัดคลองบางนางจีน ตอนสถานีสูบน้ำบางนางจีน,105120,105120,100.0,105120,0,2021-01-01,2021-12-31 23:55:00,wl_in,0.0,False
water,2021,WL.BNJ.02,จุดวัดคลองบางนางจีน ตอนซอยสุขุมวิท 66/1,105120,105120,100.0,105120,0,2021-01-01,2021-12-31 23:55:00,wl_in,0.0,False
water,2021,WL.BNJ.03,จุดวัดคลองบางนางจีน ตอนซอยสุขุมวิท 93,105120,105120,100.0,105120,0,2021-01-01,2021-12-31 23:55:00,wl_in,0.0,False
water,2021,WL.BNJ.04,จุดวัดคลองบางนางจีน ตอนถนนสุขุมวิท 101/1,105120,105120,100.0,105120,0,2021-01-01,2021-12-31 23:55:00,wl_in,0.0,False
water,2021,WL.BOA.01,สถานีสูบน้ำ บางอ้อ,105120,105120,100.0,105120,0,2021-01-01,2021-12-31 23:55:00,wl_in,12.754,False
water,2021,WL.BOA.02,จุดวัดคลองบางอ้อ ตอนซอยสุขุมวิท 64,105120,105120,100.0,105120,0,2021-01-01,2021-12-31 23:55:00,wl_in,0.0,False
water,2021,WL.BPA.01,จุดวัดคลองบ้านป่า ตอนถนนพัฒนาการ,105120,105120,100.0,105120,0,2021-01-01,2021-12-31 23:55:00,wl_in,0.0,False
water,2021,WL.BPM.01,จุดวัดคลองบางพรม ตอนคลองชักพระ,105120,105120,100.0,105120,0,2021-01-01,2021-12-31 23:55:00,wl_in,0.005,False
water,2021,WL.BPM.02,จุดวัดคลองบางพรม ตอนถนนฉิมพลี,105120,105120,100.0,105120,0,2021-01-01,2021-12-31 23:55:00,wl_in,0.004,False
water,2021,WL.BPM.03,จุดวัดคลองบางพรม ตอนถนนกาญจนาภิเษก,105120,105120,100.0,105120,0,2021-01-01,2021-12-31 23:55:00,wl_in,0.0,False
water,2021,WL.BPM.04,จุดวัดคลองบางพรม ตอนถนนพุทธมณฑลสาย 3,105120,105120,100.0,105120,0,2021-01-01,2021-12-31 23:55:00,wl_in,0.0,False
water,2021,WL.BPN.01,จุดวัดคลองบางพราน ตอนถนนบางบอน 1,105120,105120,100.0,105120,0,2021-01-01,2021-12-31 23:55:00,wl_in,0.0,False
water,2021,WL.BPN.02,จุดวัดคลองบางพราน ตอนถนนบางบอน 2,105120,105120,100.0,105120,0,2021-01-01,2021-12-31 23:55:00,wl_in,0.0,False
water,2021,WL.BPU.01,จุดวัดสถานตากอากาศบางปู,105120,105120,100.0,105120,0,2021-01-01,2021-12-31 23:55:00,wl_in,0.0,False
water,2021,WL.BSK.01,สถานีสูบน้ำ คลองบางไส้ไก่,105120,105120,100.0,105120,0,2021-01-01,2021-12-31 23:55:00,wl_in,0.0,False
water,2021,WL.BSU.01,สถานีสูบน้ำ คลองบางซื่อ,105120,105120,100.0,105120,0,2021-01-01,2021-12-31 23:55:00,wl_in,0.0,False
water,2021,WL.BSU.02,จุดวัดคลองบางซื่อ ช่วงถนนพระรามที่ 5,105120,105120,100.0,105120,0,2021-01-01,2021-12-31 23:55:00,wl_in,0.0,False
water,2021,WL.BSU.03,จุดวัดคลองบางซื่อ ตอนถนนพระรามที่ 6,105120,105120,100.0,105120,0,2021-01-01,2021-12-31 23:55:00,wl_in,0.0,False
water,2021,WL.BSU.04,จุดวัดคลองบางซื่อ ช่วงถนนพหลโยธิน,105120,105120,100.0,105120,0,2021-01-01,2021-12-31 23:55:00,wl_in,0.0,False
water,2021,WL.BSU.05,จุดวัดคลองบางซื่อ ช่วงถนนวิภาวดีรังสิต,105120,105120,100.0,105120,0,2021-01-01,2021-12-31 23:55:00,wl_in,0.005,False
water,2021,WL.BSU.06,จุดวัดคลองบางซื่อ ช่วงถนนรัชดาภิเษก (เจ้าพระยาปาร์ค),105120,105120,100.0,105120,0,2021-01-01,2021-12-31 23:55:00,wl_in,0.005,False
water,2021,WL.BTL.01,จุดวัดคลองบางตลาด ตอนท่าทราย,105120,105120,100.0,105120,0,2021-01-01,2021-12-31 23:55:00,wl_in,0.0,False
water,2021,WL.BTY.01,จุดวัดคลองบางเตย ตอนถนนนวมินทร์ 66/3,105120,105120,100.0,105120,0,2021-01-01,2021-12-31 23:55:00,wl_in,0.0,False
water,2021,WL.BWK.01,จุดวัดคลองบางแวก ตอนคลองบางกอกใหญ่,105120,105120,100.0,105120,0,2021-01-01,2021-12-31 23:55:00,wl_in,0.215,False
water,2021,WL.BWK.02,จุดวัดคลองบางแวก ตอนถนนพุทธมณฑลสาย 1,105120,105120,100.0,105120,0,2021-01-01,2021-12-31 23:55:00,wl_in,0.005,False
water,2021,WL.BWK.03,จุดวัดคลองบางแวก ตอนคลองทวีวัฒนา,105120,105120,100.0,105120,0,2021-01-01,2021-12-31 23:55:00,wl_in,0.0,False
water,2021,WL.BYI.01,จุดวัดคลองบึงใหญ่ ตอนวัดทองสัมฤทธิ์,105120,105120,100.0,105120,0,2021-01-01,2021-12-31 23:55:00,wl_in,0.0,False
water,2021,WL.BYK.01,จุดวัดคลองบางยี่ขัน ตอนถนนจรัญสนิทวงศ์,105120,105120,100.0,105120,0,2021-01-01,2021-12-31 23:55:00,wl_in,0.0,False
water,2021,WL.BYK.02,จุดวัดคลองบางยี่ขัน ตอนสถานีสูบน้ำคลองบางยี่ขัน,105120,105120,100.0,105120,0,2021-01-01,2021-12-31 23:55:00,wl_in,0.0,False
water,2021,WL.CBJ.01,จุดวัดคลองชวดบางจาก ตอนถนนประชาอุทิศ,105120,105120,100.0,105120,0,2021-01-01,2021-12-31 23:55:00,wl_in,0.0,False
water,2021,WL.CKS.01,สถานีสูบน้ำ คลองเจ้าคุณสิงห์,105120,105120,100.0,105120,0,2021-01-01,2021-12-31 23:55:00,wl_in,0.0,False
water,2021,WL.CKS.02,จุดวัดคลองเจ้าคุณสิงห์ ตอนถนนลาดพร้าว,105120,105120,100.0,105120,0,2021-01-01,2021-12-31 23:55:00,wl_in,0.001,False
water,2021,WL.CNS.01,สถานีสูบน้ำ คลองช่องนนทรี,105120,105120,100.0,105120,0,2021-01-01,2021-12-31 23:55:00,wl_in,0.0,False
water,2021,WL.CNS.02,จุดวัดคลองช่องนนทรี ตอนถนนนราธิวาสราชนครินทร์,105120,105120,100.0,105120,0,2021-01-01,2021-12-31 23:55:00,wl_in,0.0,False
water,2021,WL.CNS.03,จุดวัดคลองช่องนนทรี ตอนถนนจันทน์,105120,105120,100.0,105120,0,2021-01-01,2021-12-31 23:55:00,wl_in,0.0,False
water,2021,WL.CNS.04,จุดวัดคลองช่องนนทรี ตอนถนนสาทรใต้,105120,105120,100.0,105120,0,2021-01-01,2021-12-31 23:55:00,wl_in,32.753,False
water,2021,WL.CPA.01,สถานีสูบน้ำ คลองชักพระ,105120,105120,100.0,105120,0,2021-01-01,2021-12-31 23:55:00,wl_in,0.0,False
water,2021,WL.CTC.01,จุดวัดคลองชวดตาเชียง ตอนสถานีสูบน้ำคลองชวดตาเชียง,105120,105120,100.0,105120,0,2021-01-01,2021-12-31 23:55:00,wl_in,0.878,False
water,2021,WL.CYI.01,จุดวัดคลองชวดใหญ่ ตอนถนนพระราม 9 ซอย 13,105120,105120,100.0,105120,0,2021-01-01,2021-12-31 23:55:00,wl_in,0.004,False
water,2021,WL.CYI.02,จุดวัดคลองชวดใหญ่ ตอนถนนพระราม 9,105120,105120,100.0,105120,0,2021-01-01,2021-12-31 23:55:00,wl_in,0.0,False
water,2021,WL.DKN.01,สถานีสูบน้ำ ดาวคะนอง,105120,105120,100.0,105120,0,2021-01-01,2021-12-31 23:55:00,wl_in,0.0,False
water,2021,WL.FTM.01,จุดวัดคลองโบสถ์แม่พระ ตอนถนนดินแดง,105120,105120,100.0,105120,0,2021-01-01,2021-12-31 23:55:00,wl_in,0.0,False
water,2021,WL.HKG.01,จุดวัดคลองห้วยขวาง ตอนถนนประชาสงเคราะห์,105120,105120,100.0,105120,0,2021-01-01,2021-12-31 23:55:00,wl_in,0.0,False
water,2021,WL.HKG.02,จุดวัดคลองห้วยขวาง ตอนถนนเทียมร่วมมิตร,105120,105120,100.0,105120,0,2021-01-01,2021-12-31 23:55:00,wl_in,0.0,False
water,2021,WL.HMK.01,จุดวัดคลองหัวหมาก ตอนถนนศรีนครินทร์,105120,105120,100.0,105120,0,2021-01-01,2021-12-31 23:55:00,wl_in,0.0,False
water,2021,WL.IDE.01,จุดวัดบ่อสูบน้ำอินโดนีเซีย,105120,105120,100.0,105120,0,2021-01-01,2021-12-31 23:55:00,wl_in,0.0,False
water,2021,WL.JRN.01,สถานีสูบน้ำ คลองแจงร้อน,105120,105120,100.0,105120,0,2021-01-01,2021-12-31 23:55:00,wl_in,0.0,False
water,2021,WL.KBU.01,ประตูระบายน้ำ คลองบัว ตอนทางรถไฟสายใต้,105120,105120,100.0,105120,0,2021-01-01,2021-12-31 23:55:00,wl_in,0.0,False
water,2021,WL.KBU.02,จุดวัดคลองบัว ตอนถนนพุทธมณฑลสาย 1,105120,105120,100.0,105120,0,2021-01-01,2021-12-31 23:55:00,wl_in,0.001,False
water,2021,WL.KDN.01,ประตูระบายน้ำ คลองวัดด่าน,105120,105120,100.0,105120,0,2021-01-01,2021-12-31 23:55:00,wl_in,0.0,False
water,2021,WL.KJA.01,จุดวัดคลองกะจะ ตอนถนนพระราม 9,105120,105120,100.0,105120,0,2021-01-01,2021-12-31 23:55:00,wl_in,0.0,False
water,2021,WL.KJA.02,จุดวัดคลองกะจะ ตอนถนนพระราม 9 ซอย 57,105120,105120,100.0,105120,0,2021-01-01,2021-12-31 23:55:00,wl_in,0.0,False
water,2021,WL.KJG.01,จุดวัดคลองจิก ตอนถนนหัวหมาก,105120,105120,100.0,105120,0,2021-01-01,2021-12-31 23:55:00,wl_in,0.0,False
water,2021,WL.KJK.01,สถานีสูบน้ำ คลองเจ็ก,105120,105120,100.0,105120,0,2021-01-01,2021-12-31 23:55:00,wl_in,0.0,False
water,2021,WL.KJK.02,จุดวัดคลองเจ็ก ตอนถนนสุขุมวิท 60/1,105120,105120,100.0,105120,0,2021-01-01,2021-12-31 23:55:00,wl_in,0.0,False
water,2021,WL.KJN.01,จุดวัดคลองจั่น ตอนถนนลาดพร้าว,105120,105120,100.0,105120,0,2021-01-01,2021-12-31 23:55:00,wl_in,0.0,False
water,2021,WL.KJN.02,จุดวัดคลองจั่น ตอนถนนโยธินพัฒนา,105120,105120,100.0,105120,0,2021-01-01,2021-12-31 23:55:00,wl_in,0.0,False
water,2021,WL.KJT.01,"""จุดวัดคลองจิต ตอนซอยลาดพร้าว 122 """,105120,105120,100.0,105120,0,2021-01-01,2021-12-31 23:55:00,wl_in,0.0,False
water,2021,WL.KJU.01,จุดวัดคลองขุนจันทร์ ตอนถนนฉิมพลี,105120,105120,100.0,105120,0,2021-01-01,2021-12-31 23:55:00,wl_in,0.0,False
water,2021,WL.KKD.01,จุดวัดคลองเคล็ด ตอนถนนสุขุมวิท 77,105120,105120,100.0,105120,0,2021-01-01,2021-12-31 23:55:00,wl_in,0.0,False
water,2021,WL.KKD.02,จุดวัดคลองเคล็ด ตอนถนนสุภาพงษ์ 1,105120,105120,100.0,105120,0,2021-01-01,2021-12-31 23:55:00,wl_in,0.0,False
water,2021,WL.KKD.03,จุดวัดคลองเคล็ด ตอนถนนศรีนครินทร์,105120,105120,100.0,105120,0,2021-01-01,2021-12-31 23:55:00,wl_in,0.0,False
water,2021,WL.KKO.01,จุดวัดคลองเก้า ตอนวัดศรีสุขสถาพร,105120,105120,100.0,105120,0,2021-01-01,2021-12-31 23:55:00,wl_in,12.763,False
water,2021,WL.KKS.01,สถานีสูบน้ำ เทเวศร์,105120,105120,100.0,105120,0,2021-01-01,2021-12-31 23:55:00,wl_in,0.0,False
water,2021,WL.KKS.02,จุดวัดคลองผดุงกรุงเกษม ตอนทำเนียบรัฐบาล,105120,105120,100.0,105120,0,2021-01-01,2021-12-31 23:55:00,wl_in,0.0,False
water,2021,WL.KKS.03,จุดวัดคลองผดุงกรุงเกษม ตอนหัวลำโพง,105120,105120,100.0,105120,0,2021-01-01,2021-12-31 23:55:00,wl_in,0.0,False
water,2021,WL.KKS.04,สถานีสูบน้ำ กรุงเกษม,105120,105120,100.0,105120,0,2021-01-01,2021-12-31 23:55:00,wl_in,0.003,False
water,2021,WL.KKY.01,จุดวัดคลองควาย ตอนถนนศาลาธรรมสพน์,105120,105120,100.0,105120,0,2021-01-01,2021-12-31 23:55:00,wl_in,0.0,False
water,2021,WL.KKY.02,จุดวัดคลองควาย ตอนถนนบรมราชชนนี,105120,105120,100.0,105120,0,2021-01-01,2021-12-31 23:55:00,wl_in,0.0,False
water,2021,WL.KLA.01,จุดวัดคลองลาว ตอนถนนพัฒนาการ,105120,105120,100.0,105120,0,2021-01-01,2021-12-31 23:55:00,wl_in,0.0,False
water,2021,WL.KLD.01,จุดวัดคลองหลอด ตอนสถานีสูบน้ำปากคลองตลาด,105120,105120,100.0,105120,0,2021-01-01,2021-12-31 23:55:00,wl_in,0.0,False
water,2021,WL.KLD.02,จุดวัดคลองหลอด ตอนถนนราชดำเนินใน,105120,105120,100.0,105120,0,2021-01-01,2021-12-31 23:55:00,wl_in,0.0,False
water,2021,WL.KLT.01,จุดวัดคลองตัน ช่วงใต้ทางด่วน,105120,105120,100.0,105120,0,2021-01-01,2021-12-31 23:55:00,wl_in,0.0,False
water,2021,WL.KMN.01,สถานีสูบน้ำ คลองมอญ,105120,105120,100.0,105120,0,2021-01-01,2021-12-31 23:55:00,wl_in,0.0,False
water,2021,WL.KNB.01,จุดวัดคลองหนองบอน ตอนอ่อนนุช 66 ซอย 13,105120,105120,100.0,105120,0,2021-01-01,2021-12-31 23:55:00,wl_in,0.0,False
water,2021,WL.KNB.02,จุดวัดคลองหนองบอน ตอนถนนเฉลิมพระเกียรติรัชกาลที่ 9,105120,105120,100.0,105120,0,2021-01-01,2021-12-31 23:55:00,wl_in,0.0,False
water,2021,WL.KPG.01,จุดวัดคลองเป้ง ตอนซอยเอกมัย 23,105120,105120,100.0,105120,0,2021-01-01,2021-12-31 23:55:00,wl_in,0.0,False
water,2021,WL.KPM.01,จุดวัดคลองเปรมประชากร ช่วงสถานีน้ำอุโมงค์คลองเปรมประชากร,105120,105120,100.0,105120,0,2021-01-01,2021-12-31 23:55:00,wl_in,0.0,False
water,2021,WL.KPM.02,จุดวัดคลองเปรมประชากร ตอนถนนรัชดาภิเษก,105120,105120,100.0,105120,0,2021-01-01,2021-12-31 23:55:00,wl_in,0.0,False
water,2021,WL.KPM.03,จุดวัดคลองเปรมประชากร ช่วงวัดเทวสุนทร,105120,105120,100.0,105120,0,2021-01-01,2021-12-31 23:55:00,wl_in,82.893,True
water,2021,WL.KPM.04,คลองเปรมประชากร ตอนคลองบางตลาด*,105120,105120,100.0,105120,0,2021-01-01,2021-12-31 23:55:00,wl_in,0.0,False
water,2021,WL.KPM.05,จุดวัดคลองเปรมประชากร ตอนถนนสรงประภา,105120,105120,100.0,105120,0,2021-01-01,2021-12-31 23:55:00,wl_in,0.0,False
water,2021,WL.KPM.06,จุดวัดคลองเปรมประชากร ตอนคลองบ้านใหม่,105120,105120,100.0,105120,0,2021-01-01,2021-12-31 23:55:00,wl_in,0.0,False
water,2021,WL.KSG.01,จุดวัดคลองสอง ตอนถนนพหลโยธิน,105120,105120,100.0,105120,0,2021-01-01,2021-12-31 23:55:00,wl_in,0.001,False
water,2021,WL.KSI.01,จุดวัดคลองสี่ ตอนถนนสุวินทวงศ์,105120,105120,100.0,105120,0,2021-01-01,2021-12-31 23:55:00,wl_in,0.0,False
water,2021,WL.KSI.02,จุดวัดคลองสี่ ตอนถนนเจ้าคุณทหาร,105120,105120,100.0,105120,0,2021-01-01,2021-12-31 23:55:00,wl_in,0.0,False
water,2021,WL.KSK.01,"""จุดวัดคลองขุนสกล ตอนซอยศรีนครินทร์ 36 """,105120,105120,100.0,105120,0,2021-01-01,2021-12-31 23:55:00,wl_in,0.0,False
water,2021,WL.KSM.01,จุดวัดคลองสาม ตอนร่มเกล้า 17,105120,105120,100.0,105120,0,2021-01-01,2021-12-31 23:55:00,wl_in,0.0,False
water,2021,WL.KSM.02,จุดวัดคลองสาม ตอนมอเตอร์เวย์,105120,105120,100.0,105120,0,2021-01-01,2021-12-31 23:55:00,wl_in,0.0,False
water,2021,WL.KSO.01,จุดวัดคลองซอย ตอนถนนบรมราชชนนี,105120,105120,100.0,105120,0,2021-01-01,2021-12-31 23:55:00,wl_in,0.001,False
water,2021,WL.KSO.02,จุดวัดคลองซอย ตอนถนนศาลาธรรมสพน์,105120,105120,100.0,105120,0,2021-01-01,2021-12-31 23:55:00,wl_in,0.0,False
water,2021,WL.KTK.03,จุดวัดคลองขรัวตาแก่น ตอนซอยสะพานขวา,105120,105120,100.0,105120,0,2021-01-01,2021-12-31 23:55:00,wl_in,0.0,False
water,2021,WL.KTY.01,สถานีสูบน้ำ คลองเตย,105120,105120,100.0,105120,0,2021-01-01,2021-12-31 23:55:00,wl_in,0.0,False
water,2021,WL.LBK.01,จุดวัดคลองลาดบัวขาว ตอนถนนรามคำแหง,105120,105120,100.0,105120,0,2021-01-01,2021-12-31 23:55:00,wl_in,0.0,False
water,2021,WL.LBK.02,จุดวัดคลองลาดบัวขาว ตอนถนนเคหะร่มเกล้า,105120,105120,100.0,105120,0,2021-01-01,2021-12-31 23:55:00,wl_in,0.001,False
water,2021,WL.LBK.03,จุดวัดคลองลาดบัวขาว ตอนซอยกาญจนาภิเษก 24,105120,105120,100.0,105120,0,2021-01-01,2021-12-31 23:55:00,wl_in,0.0,False
water,2021,WL.LCL.01,จุดวัดคลองลำชะล่า ตอนถนนนวมินทร์,105120,105120,100.0,105120,0,2021-01-01,2021-12-31 23:55:00,wl_in,0.0,False
water,2021,WL.LCL.02,จุดวัดคลองลำชะล่า ตอนซอยนวมินทร์ 86,105120,105120,100.0,105120,0,2021-01-01,2021-12-31 23:55:00,wl_in,0.0,False
water,2021,WL.LKB.01,จุดวัดคลองลาดกระบัง ตอนซอยลาดกระบัง 54/6,105120,105120,100.0,105120,0,2021-01-01,2021-12-31 23:55:00,wl_in,0.0,False
water,2021,WL.LOA.01,จุดวัดคลองรางอ้อ-รางแก้ว ตอนถนนพหลโยธิน,105120,105120,100.0,105120,0,2021-01-01,2021-12-31 23:55:00,wl_in,0.0,False
water,2021,WL.LPC.01,จุดวัดคลองลำผักชี ตอนโรงเรียนลำผักชี,105120,105120,100.0,105120,0,2021-01-01,2021-12-31 23:55:00,wl_in,0.248,False
water,2021,WL.LPG.01,จุดวัดคลองหลวงแพ่ง ตอนโรงเรียนผลลีรุ่งเรือง,105120,105120,100.0,105120,0,2021-01-01,2021-12-31 23:55:00,wl_in,0.0,False
water,2021,WL.LPG.02,ประตูระบายน้ำ คลองหลวงแพ่ง,105120,105120,100.0,105120,0,2021-01-01,2021-12-31 23:55:00,wl_in,0.0,False
water,2021,WL.LPG.03,จุดวัดคลองหลวงแพ่ง ตอนวัดลำต้อยติ่ง,105120,105120,100.0,105120,0,2021-01-01,2021-12-31 23:55:00,wl_in,0.0,False
water,2021,WL.LPI.01,จุดวัดคลองหลุมไผ่ ตอนซอยลาดปลาเค้า 63,105120,105120,100.0,105120,0,2021-01-01,2021-12-31 23:55:00,wl_in,0.0,False
water,2021,WL.LPI.02,จุดวัดคลองหลุมไผ่ ตอนถนนประเสริฐมนูกิจ29,105120,105120,100.0,105120,0,2021-01-01,2021-12-31 23:55:00,wl_in,0.0,False
water,2021,WL.LPN.01,สถานีสูบน้ำ คลองเลนเปน,105120,105120,100.0,105120,0,2021-01-01,2021-12-31 23:55:00,wl_in,0.0,False
water,2021,WL.LPT.01,จุดวัดคลองลำปลาทิว ตอนถนนสังฆสันติสุข,105120,105120,100.0,105120,0,2021-01-01,2021-12-31 23:55:00,wl_in,0.0,False
water,2021,WL.LPT.02,จุดวัดคลองลำปลาทิว ตอนซอยฉลองกรุง 54,105120,105120,100.0,105120,0,2021-01-01,2021-12-31 23:55:00,wl_in,0.001,False
water,2021,WL.LPT.03,จุดวัดคลองลำปลาทิว ตอนซอยฉลองกรุง 8,105120,105120,100.0,105120,0,2021-01-01,2021-12-31 23:55:00,wl_in,0.0,False
water,2021,WL.LPT.04,"""จุดวัดคลองลำปลาทิว ตอนซอยเชื่อมสัมพันธ์ 25 """,105120,105120,100.0,105120,0,2021-01-01,2021-12-31 23:55:00,wl_in,0.001,False
water,2021,WL.LPW.01,ประตูระบายน้ำ คลองลาดพร้าว,105120,105120,100.0,105120,0,2021-01-01,2021-12-31 23:55:00,wl_in,0.0,False
water,2021,WL.LPW.02,จุดวัดคลองลาดพร้าว ช่วงวัดลาดพร้าว,105120,105120,100.0,105120,0,2021-01-01,2021-12-31 23:55:00,wl_in,0.0,False
water,2021,WL.LPW.03,จุดวัดคลองลาดพร้าว ช่วงซอยเสนานิคม,105120,105120,100.0,105120,0,2021-01-01,2021-12-31 23:55:00,wl_in,0.0,False
water,2021,WL.LPW.04,จุดวัดคลองลาดพร้าว ตอนถนนประชาอุทิศ,105120,105120,100.0,105120,0,2021-01-01,2021-12-31 23:55:00,wl_in,0.001,False
water,2021,WL.LPW.05,จุดวัดคลองลาดพร้าว ช่วงถนนประดิษฐ์มนูธรรม,105120,105120,100.0,105120,0,2021-01-01,2021-12-31 23:55:00,wl_in,0.0,False
water,2021,WL.LSG.01,จุดวัดคลองหลอด 2 ตอนถนนบางนา ตราด,105120,105120,100.0,105120,0,2021-01-01,2021-12-31 23:55:00,wl_in,0.0,False
water,2021,WL.LSM.01,จุดวัดคลองหลอด 3 ตอนถนนบางนา ตราด,105120,105120,100.0,105120,0,2021-01-01,2021-12-31 23:55:00,wl_in,0.0,False
water,2021,WL.LYW.01,จุดวัดคลองลาดยาว ตอน ถนนรัชดาภิเษก,105120,105120,100.0,105120,0,2021-01-01,2021-12-31 23:55:00,wl_in,0.0,False
water,2021,WL.LYW.02,จุดวัดคลองลาดยาว ตอนถนนวิภาวดีรังสิต 44,105120,105120,100.0,105120,0,2021-01-01,2021-12-31 23:55:00,wl_in,0.0,False
water,2021,WL.MID.01,จุดวัดคูน้ำกรมสารวัตรทหาร,105120,105120,100.0,105120,0,2021-01-01,2021-12-31 23:55:00,wl_in,0.001,False
water,2021,WL.MSW.01,จุดวัดคลองมหาสวัสดิ์ ตอนคลองสวนแดน 2,105120,105120,100.0,105120,0,2021-01-01,2021-12-31 23:55:00,wl_in,0.287,False
water,2021,WL.MSW.02,จุดวัดคลองมหาสวัสดิ์ ตอนวัดปุรณาวาส,105120,105120,100.0,105120,0,2021-01-01,2021-12-31 23:55:00,wl_in,0.0,False
water,2021,WL.MSW.03,จุดวัดคลองมหาสวัสดิ์ ตอนถนนพุทธมณฑลสาย 2,105120,105120,100.0,105120,0,2021-01-01,2021-12-31 23:55:00,wl_in,0.002,False
water,2021,WL.NBN.01,จุดวัดบึงหนองบอน,105120,105120,100.0,105120,0,2021-01-01,2021-12-31 23:55:00,wl_in,0.0,False
water,2021,WL.NK3.01,จุดวัดคลองคูนายกิมสาย 3  ตอนถนนประชาอุทิศ,105120,105120,100.0,105120,0,2021-01-01,2021-12-31 23:55:00,wl_in,0.001,False
water,2021,WL.NKW.01,จุดวัดคลองน้ำแก้ว ตอนถนนรัชดาภิเษก,105120,105120,100.0,105120,0,2021-01-01,2021-12-31 23:55:00,wl_in,17.424,False
water,2021,WL.NKW.02,จุดวัดคลองน้ำแก้ว ตอนซอยลาดพร้าว 41,105120,105120,100.0,105120,0,2021-01-01,2021-12-31 23:55:00,wl_in,99.956,True
water,2021,WL.NSG.01,จุดวัดคลองนาซอง ตอนถนนประชาสุข,105120,105120,100.0,105120,0,2021-01-01,2021-12-31 23:55:00,wl_in,0.0,False
water,2021,WL.ORC.01,สถานีสูบน้ำ คลองอรชร,105120,105120,100.0,105120,0,2021-01-01,2021-12-31 23:55:00,wl_in,0.0,False
water,2021,WL.PKG.01,สถานีสูบน้ำ ปากคลองตลาด,105120,105120,100.0,105120,0,2021-01-01,2021-12-31 23:55:00,wl_in,0.0,False
water,2021,WL.PKN.01,สถานีสูบน้ำ พระโขนง,105120,105120,100.0,105120,0,2021-01-01,2021-12-31 23:55:00,wl_in,0.0,False
water,2021,WL.PLK.01,จุดวัดคลองพิทยาลงกรณ์ ช่วงโรงเรียนพิทยาลงกรณ์พิทยาคม,105120,105120,100.0,105120,0,2021-01-01,2021-12-31 23:55:00,wl_in,0.0,False
water,2021,WL.PPA.02,จุดวัดคลองพลับพลา ตอนศูนย์แพทย์พัฒนา,105120,105120,100.0,105120,0,2021-01-01,2021-12-31 23:55:00,wl_in,0.0,False
water,2021,WL.PSC.01,สถานีสูบน้ำ คลองภาษีเจริญ,105120,105120,100.0,105120,0,2021-01-01,2021-12-31 23:55:00,wl_in,0.0,False
water,2021,WL.PSC.02,จุดวัดคลองภาษีเจริญ ตอนวัดรางบัว,105120,105120,100.0,105120,0,2021-01-01,2021-12-31 23:55:00,wl_in,0.0,False
water,2021,WL.PSC.03,จุดวัดคลองราชมนตรี ตอนคลองภาษีเจริญ,105120,105120,100.0,105120,0,2021-01-01,2021-12-31 23:55:00,wl_in,0.0,False
water,2021,WL.PSC.04,จุดวัดคลองภาษีเจริญ ตอนคลองมหาศร,105120,105120,100.0,105120,0,2021-01-01,2021-12-31 23:55:00,wl_in,94.108,True
water,2021,WL.PSI.01,จุดวัดคลองพร้อมศรี 2 ตอนถนนสุขุมวิท 49/13,105120,105120,100.0,105120,0,2021-01-01,2021-12-31 23:55:00,wl_in,0.0,False
water,2021,WL.PSR.01,ประตูระบายน้ำ คลองพระยาสุเรนทร์,105120,105120,100.0,105120,0,2021-01-01,2021-12-31 23:55:00,wl_in,0.0,False
water,2021,WL.PSR.02,จุดวัดคลองพระยาสุเรนทร์ ตอนถนนหนองระแหง,105120,105120,100.0,105120,0,2021-01-01,2021-12-31 23:55:00,wl_in,0.0,False
water,2021,WL.PSR.03,จุดวัดคลองพระยาสุเรนทร์ ตอนถนนจตุโชติ,105120,105120,100.0,105120,0,2021-01-01,2021-12-31 23:55:00,wl_in,0.0,False
water,2021,WL.PSR.04,ปตร.พระยาสุเรนทร์ ตอนคู้บอน,105120,105120,100.0,105120,0,2021-01-01,2021-12-31 23:55:00,wl_in,0.0,False
water,2021,WL.PSR.05,จุดวัดคลองพระยาสุเรนทร์ ตอนปัญญาอินทรา,105120,105120,100.0,105120,0,2021-01-01,2021-12-31 23:55:00,wl_in,0.0,False
water,2021,WL.PSR.06,จุดวัดคลองพระยาสุเรนทร์ ตอนบางชัน,105120,105120,100.0,105120,0,2021-01-01,2021-12-31 23:55:00,wl_in,0.0,False
water,2021,WL.PWT.01,จุดวัดคลองประเวศ ตอนซอยอ่อนนุช 17,105120,105120,100.0,105120,0,2021-01-01,2021-12-31 23:55:00,wl_in,0.0,False
water,2021,WL.PWT.02,จุดวัดคลองประเวศบุรีรมย์ ตอนวัดขจรศิริ,105120,105120,100.0,105120,0,2021-01-01,2021-12-31 23:55:00,wl_in,0.0,False
water,2021,WL.PWT.03,ประตูระบายน้ำ คลองประเวศบุรีรมย์ ตอนวัดกระทุ่มเสือปลา,105120,105120,100.0,105120,0,2021-01-01,2021-12-31 23:55:00,wl_in,0.001,False
water,2021,WL.PWT.04,ประตูระบายน้ำ คลองประเวศบุรีรมย์ ตอนลาดกระบัง,105120,105120,100.0,105120,0,2021-01-01,2021-12-31 23:55:00,wl_in,0.001,False
water,2021,WL.PWT.05,จุดวัดคลองประเวศบุรีรมย์ ตอน รพ.ลาดกระบัง,105120,105120,100.0,105120,0,2021-01-01,2021-12-31 23:55:00,wl_in,0.001,False
water,2021,WL.PWT.06,จุดวัดคลองประเวศบุรีรมย์ ตอนถนนร่วมพัฒนา,105120,105120,100.0,105120,0,2021-01-01,2021-12-31 23:55:00,wl_in,1.587,False
water,2021,WL.PYW.01,จุดวัดคลองพญาเวิก ตอนปตร.คลองพญาเวิก,105120,105120,100.0,105120,0,2021-01-01,2021-12-31 23:55:00,wl_in,0.0,False
water,2021,WL.RHN.01,สถานีสูบน้ำ คลองระหาญ,105120,105120,100.0,105120,0,2021-01-01,2021-12-31 23:55:00,wl_in,0.0,False
water,2021,WL.RJK.01,ประตูระบายน้ำ คลองรางจาก ตอนถนนประชาอุทิศ,105120,105120,100.0,105120,0,2021-01-01,2021-12-31 23:55:00,wl_in,0.0,False
water,2021,WL.RKC.01,จุดวัดคลองข้างศูนย์ราชการ,105120,105120,100.0,105120,0,2021-01-01,2021-12-31 23:55:00,wl_in,0.0,False
water,2021,WL.RMT.01,สถานีสูบน้ำ คลองพระยาราชมนตรี,105120,105120,100.0,105120,0,2021-01-01,2021-12-31 23:55:00,wl_in,0.0,False
water,2021,WL.RMT.02,จุดวัดคลองพระยาราชมนตรี ตอนถนนพระรามที่ 2,105120,105120,100.0,105120,0,2021-01-01,2021-12-31 23:55:00,wl_in,0.0,False
water,2021,WL.RSK.01,จุดวัดคลองราษฎร์สามัคคี ตอนถนนเพชรเกษม 63,105120,105120,100.0,105120,0,2021-01-01,2021-12-31 23:55:00,wl_in,0.0,False
water,2021,WL.SBR.01,ประตูระบายน้ำ คลองขุนศรีบุรีรักษ์ ตอนคลองมหาสวัสดิ์,105120,105120,100.0,105120,0,2021-01-01,2021-12-31 23:55:00,wl_in,0.0,False
water,2021,WL.SBR.02,จุดวัดคลองบางขุนศรีบุรีรักษ์ ตอนถนนบรมราชชนนี,105120,105120,100.0,105120,0,2021-01-01,2021-12-31 23:55:00,wl_in,0.0,False
water,2021,WL.SBT.01,สถานีสูบน้ำ คลองสี่บาท,105120,105120,100.0,105120,0,2021-01-01,2021-12-31 23:55:00,wl_in,0.0,False
water,2021,WL.SCO.01,"""จุดวัดคลองศาลเจ้า ตอนถนนสวนผัก """,105120,105120,100.0,105120,0,2021-01-01,2021-12-31 23:55:00,wl_in,0.0,False
water,2021,WL.SDN.01,"""จุดวัดคลองสวนแดน ตอนถนนชัยพฤกษ์ """,105120,105120,100.0,105120,0,2021-01-01,2021-12-31 23:55:00,wl_in,0.0,False
water,2021,WL.SKG.01,จุดวัดคลองสะแกงาม ตอนถนนกาญจนาภิเษก,105120,105120,100.0,105120,0,2021-01-01,2021-12-31 23:55:00,wl_in,0.0,False
water,2021,WL.SKT.01,จุดวัดคลองทรงกระเทียม ตอนถนนนาคนิวาส,105120,105120,100.0,105120,0,2021-01-01,2021-12-31 23:55:00,wl_in,0.0,False
water,2021,WL.SKT.02,จุดวัดคลองทรงกระเทียม ตอนปตร.คลองทรงกระเทียม,105120,105120,100.0,105120,0,2021-01-01,2021-12-31 23:55:00,wl_in,0.0,False
water,2021,WL.SLL.01,จุดวัดคลองศาลาลอย ตอนถนนอ่อนนุช 61,105120,105120,100.0,105120,0,2021-01-01,2021-12-31 23:55:00,wl_in,0.0,False
water,2021,WL.SNC.01,สถานีสูบน้ำ คลองสนามชัย,105120,105120,100.0,105120,0,2021-01-01,2021-12-31 23:55:00,wl_in,0.0,False
water,2021,WL.SNC.02,จุดวัดคลองสนามชัย ตอนคลองบางขุนเทียน,105120,105120,100.0,105120,0,2021-01-01,2021-12-31 23:55:00,wl_in,0.0,False
water,2021,WL.SNO.01,จุดวัดคลองเสือน้อย ตอนถนนสุคนธสวัสดิ์,105120,105120,100.0,105120,0,2021-01-01,2021-12-31 23:55:00,wl_in,0.0,False
water,2021,WL.SPP.01,จุดวัดบ่อสูบน้ำสะพานพรหม,105120,105120,100.0,105120,0,2021-01-01,2021-12-31 23:55:00,wl_in,0.0,False
water,2021,WL.SRE.01,สถานีสูบน้ำ คลองสำเหร่,105120,105120,100.0,105120,0,2021-01-01,2021-12-31 23:55:00,wl_in,0.0,False
water,2021,WL.SRG.01,สถานีสูบน้ำ คลองสำโรง,105120,105120,100.0,105120,0,2021-01-01,2021-12-31 23:55:00,wl_in,0.722,False
water,2021,WL.SSB.01,จุดวัดคลองแสนแสบ ช่วงคลองผดุงกรุงเกษม (โบ๊เบ๊),105120,105120,100.0,105120,0,2021-01-01,2021-12-31 23:55:00,wl_in,0.0,False
water,2021,WL.SSB.02,จุดวัดคลองแสนแสบ ตอนซอยสมคิด,105120,105120,100.0,105120,0,2021-01-01,2021-12-31 23:55:00,wl_in,0.0,False
water,2021,WL.SSB.03,จุดวัดคลองแสนแสบ ช่วงอโศก,105120,105120,100.0,105120,0,2021-01-01,2021-12-31 23:55:00,wl_in,0.038,False
water,2021,WL.SSB.04,สถานีสูบน้ำ คลองแสนแสบตอนคลองตัน,105120,105120,100.0,105120,0,2021-01-01,2021-12-31 23:55:00,wl_in,0.0,False
water,2021,WL.SSB.05,จุดวัดคลองแสนแสบ ตอนรามคำแหง 9,105120,105120,100.0,105120,0,2021-01-01,2021-12-31 23:55:00,wl_in,0.0,False
water,2021,WL.SSB.06,จุดวัดคลองแสนแสบ ช่วงสถานีสูบน้ำคลองเจ้าคุณสิงห์,105120,105120,100.0,105120,0,2021-01-01,2021-12-31 23:55:00,wl_in,0.0,False
water,2021,WL.SSB.07,จุดวัดคลองแสนแสบ ตอนสำนักงานเขตบางกะปิ,105120,105120,100.0,105120,0,2021-01-01,2021-12-31 23:55:00,wl_in,0.0,False
water,2021,WL.SSB.08,จุดวัดคลองแสนแสบ ช่วงซอยเสรีไทย 24,105120,105120,100.0,105120,0,2021-01-01,2021-12-31 23:55:00,wl_in,0.001,False
water,2021,WL.SSB.09,ประตูระบายน้ำ คลองแสนแสบ ตอนบางชัน,105120,105120,100.0,105120,0,2021-01-01,2021-12-31 23:55:00,wl_in,0.0,False
water,2021,WL.SSB.10,ประตูระบายน้ำ คลองแสนแสบ ตอนถนนประชาร่วมใจ,105120,105120,100.0,105120,0,2021-01-01,2021-12-31 23:55:00,wl_in,0.0,False
water,2021,WL.SSB.11,จุดวัดคลองแสนแสบ ตอนวัดทรัพย์สโมสรนิกรเกษม,105120,105120,100.0,105120,0,2021-01-01,2021-12-31 23:55:00,wl_in,0.0,False
water,2021,WL.SSB.12,สถานีสูบน้ำ คลองแสนแสบ หนองจอก,105120,105120,100.0,105120,0,2021-01-01,2021-12-31 23:55:00,wl_in,0.0,False
water,2021,WL.SSG.01,จุดวัดคลองสิบสอง ตอนถนนประชาสำราญ,105120,105120,100.0,105120,0,2021-01-01,2021-12-31 23:55:00,wl_in,0.001,False
water,2021,WL.SSM.01,ประตูระบายน้ำ คลองสิบสาม,105120,105120,100.0,105120,0,2021-01-01,2021-12-31 23:55:00,wl_in,0.0,False
water,2021,WL.SSN.01,สถานีสูบน้ำ สามเสน,105120,105120,100.0,105120,0,2021-01-01,2021-12-31 23:55:00,wl_in,0.0,False
water,2021,WL.SSN.02,จุดวัดคลองสามเสน ช่วงถนนพระรามที่ 5,105120,105120,100.0,105120,0,2021-01-01,2021-12-31 23:55:00,wl_in,0.0,False
water,2021,WL.SSN.03,จุดวัดคลองสามเสน ตอนถนนพระรามที่ 6,105120,105120,100.0,105120,0,2021-01-01,2021-12-31 23:55:00,wl_in,0.0,False
water,2021,WL.SSN.04,จุดวัดคลองสามเสน ช่วงถนนพหลโยธิน,105120,105120,100.0,105120,0,2021-01-01,2021-12-31 23:55:00,wl_in,0.0,False
water,2021,WL.SSN.05,จุดวัดคลองสามเสน ตอน รพ.พระมงกุฎเกล้า,105120,105120,100.0,105120,0,2021-01-01,2021-12-31 23:55:00,wl_in,0.0,False
water,2021,WL.SSN.06,จุดวัดคลองสามเสน ช่วงถนนดินแดง,105120,105120,100.0,105120,0,2021-01-01,2021-12-31 23:55:00,wl_in,0.0,False
water,2021,WL.SSN.07,จุดวัดคลองสามเสน ตอนถนนอโศก,105120,105120,100.0,105120,0,2021-01-01,2021-12-31 23:55:00,wl_in,0.0,False
water,2021,WL.SSN.08,สถานีสูบน้ำ สามเสน ตอนคลองแสนแสบ,105120,105120,100.0,105120,0,2021-01-01,2021-12-31 23:55:00,wl_in,0.0,False
water,2021,WL.SSN.09,จุดวัดคลองสามเสน ช่วงถนนเอกมัย,105120,105120,100.0,105120,0,2021-01-01,2021-12-31 23:55:00,wl_in,0.0,False
water,2021,WL.SST.01,ประตูระบายน้ำ คลองสองสายใต้,105120,105120,100.0,105120,0,2021-01-01,2021-12-31 23:55:00,wl_in,0.0,False
water,2021,WL.STN.01,จุดวัดคลองสองต้นนุ่น ตอนถนนรามคำแหง,105120,105120,100.0,105120,0,2021-01-01,2021-12-31 23:55:00,wl_in,0.0,False
water,2021,WL.STN.02,"""จุดวัดคลองสองต้นนุ่น ตอนซอยร่มเกล้า 20 """,105120,105120,100.0,105120,0,2021-01-01,2021-12-31 23:55:00,wl_in,0.0,False
water,2021,WL.STN.03,จุดวัดคลองสองต้นนุ่น ตอนถนนมอเตอร์เวย์,105120,105120,100.0,105120,0,2021-01-01,2021-12-31 23:55:00,wl_in,0.0,False
water,2021,WL.STR.01,สถานีสูบน้ำ คลองสาทร,105120,105120,100.0,105120,0,2021-01-01,2021-12-31 23:55:00,wl_in,0.002,False
water,2021,WL.STR.02,"""จุดวัดคลองสาทร ตอนถนนพระรามที่ 4 """,105120,105120,100.0,105120,0,2021-01-01,2021-12-31 23:55:00,wl_in,0.0,False
water,2021,WL.SWA.01,ประตูระบายน้ำ คลองสามวา,105120,105120,100.0,105120,0,2021-01-01,2021-12-31 23:55:00,wl_in,0.001,False
water,2021,WL.SWU.01,จุดวัดคูน้ำ มศว.,105120,105120,100.0,105120,0,2021-01-01,2021-12-31 23:55:00,wl_in,0.0,False
water,2021,WL.TCG.01,"""จุดวัดคลองตาช้าง ตอนถนนศรีนครินทร์ """,105120,105120,100.0,105120,0,2021-01-01,2021-12-31 23:55:00,wl_in,0.0,False
water,2021,WL.TNG.01,จุดวัดคลองตาหนัง ตอนถนนลาดพร้าว,105120,105120,100.0,105120,0,2021-01-01,2021-12-31 23:55:00,wl_in,0.0,False
water,2021,WL.TPK.02,จุดวัดคลองตาพุก ตอนถนนลาดกระบัง,105120,105120,100.0,105120,0,2021-01-01,2021-12-31 23:55:00,wl_in,0.0,False
water,2021,WL.TPK.03,จุดวัดคลองตาพุก ตอนคลองทับช้างบน,105120,105120,100.0,105120,0,2021-01-01,2021-12-31 23:55:00,wl_in,0.0,False
water,2021,WL.TSK.01,จุดวัดคูน้ำต่อศักดิ์ ตอนซอยทองหล่อ 25,105120,105120,100.0,105120,0,2021-01-01,2021-12-31 23:55:00,wl_in,0.0,False
water,2021,WL.TTN.01,จุดวัดคลองลาดโตนด ตอน ปตร.คลองลาดโตนด,105120,105120,100.0,105120,0,2021-01-01,2021-12-31 23:55:00,wl_in,0.0,False
water,2021,WL.TUT.01,สถานีสูบน้ำ คลองตาอูฐ,105120,105120,100.0,105120,0,2021-01-01,2021-12-31 23:55:00,wl_in,0.0,False
water,2021,WL.TUT.02,จุดวัดคลองตาอูฐ ตอนซอยแจ้งวัฒนะ 14,105120,105120,100.0,105120,0,2021-01-01,2021-12-31 23:55:00,wl_in,0.003,False
water,2021,WL.TWW.01,ประตูระบายน้ำ คลองทวีวัฒนา,105120,105120,100.0,105120,0,2021-01-01,2021-12-31 23:55:00,wl_in,0.0,False
water,2021,WL.TWW.02,จุดวัดคลองทวีวัฒนา ตอนถนนบรมราชชนนี,105120,105120,100.0,105120,0,2021-01-01,2021-12-31 23:55:00,wl_in,0.0,False
water,2021,WL.TWW.03,จุดวัดคลองทวีวัฒนา ตอนถนนเพชรเกษม,105120,105120,100.0,105120,0,2021-01-01,2021-12-31 23:55:00,wl_in,0.0,False
water,2021,WL.TWW.04,จุดวัดคลองทวีวัฒนา ตอนคลองบางเชือกหนัง,105120,105120,100.0,105120,0,2021-01-01,2021-12-31 23:55:00,wl_in,0.0,False
water,2021,WL.TWW.05,จุดวัดคลองทวีวัฒนา ตอนคลองภาษีเจริญ,105120,105120,100.0,105120,0,2021-01-01,2021-12-31 23:55:00,wl_in,0.0,False
water,2021,WL.VPV.01,สถานีสูบน้ำ รัชดา-วิภาวดี,105120,105120,100.0,105120,0,2021-01-01,2021-12-31 23:55:00,wl_in,0.0,False
water,2021,WL.WKT.01,จุดวัดคลองวัดไก่เตี้ย ตอนสถานีสูบน้ำคลองวัดไก่เตี้ย,105120,105120,100.0,105120,0,2021-01-01,2021-12-31 23:55:00,wl_in,0.0,False
water,2021,WL.WLS.01,จุดวัดคลองวัดหลักสี่ ตอนถนนวิภาวดีรังสิต,105120,105120,100.0,105120,0,2021-01-01,2021-12-31 23:55:00,wl_in,0.0,False
water,2021,WL.WSI.01,สถานีสูบน้ำ คลองวัดไทร,105120,105120,100.0,105120,0,2021-01-01,2021-12-31 23:55:00,wl_in,0.0,False
water,2021,WL.WTK.01,จุดวัดคลองวัดตึก ตอนถนนลาดพร้าว,105120,105120,100.0,105120,0,2021-01-01,2021-12-31 23:55:00,wl_in,0.0,False
water,2021,WL.WTN.02,จุดวัดคูน้ำวัฒนา ตอนโรงเรียนวัฒนาวิทยาลัย,105120,105120,100.0,105120,0,2021-01-01,2021-12-31 23:55:00,wl_in,0.0,False
water,2021,WL.YPE.01,จุดคลองยายเพียร ตอนถนนเพชรเกษม,105120,105120,100.0,105120,0,2021-01-01,2021-12-31 23:55:00,wl_in,0.0,False
water,2021,WL.YPN.01,จุดวัดคลองยายเผื่อน ตอนแฮปปี้แลนด์,105120,105120,100.0,105120,0,2021-01-01,2021-12-31 23:55:00,wl_in,95.773,True
water,2021,WL.YPN.02,จุดวัดคลองยายเผื่อน ตอนถนนลาดพร้าว,105120,105120,100.0,105120,0,2021-01-01,2021-12-31 23:55:00,wl_in,0.0,False
water,2021,WL.YSN.02,"""จุดวัดคลองยายสุ่น ตอนถนนรัชดาภิเษก """,105120,105120,100.0,105120,0,2021-01-01,2021-12-31 23:55:00,wl_in,0.002,False
water,2022,WL.BBN.01,จุดวัดคลองบางบอน ตอนถนนบางขุนเทียน,105120,105120,100.0,105120,0,2022-01-01,2022-12-31 23:55:00,wl_in,0.0,False
water,2022,WL.BBN.02,จุดวัดคลองบางบอน ตอนถนนกาญจนาภิเษก,105120,105120,100.0,105120,0,2022-01-01,2022-12-31 23:55:00,wl_in,0.0,False
water,2022,WL.BBN.03,จุดวัดคลองบางบอน ตอนคลองสะแกงาม,105120,105120,100.0,105120,0,2022-01-01,2022-12-31 23:55:00,wl_in,0.001,False
water,2022,WL.BBR.01,จุดวัดคลองบางบำหรุ ตอนถนนบรมราชชนนี,105120,105120,100.0,105120,0,2022-01-01,2022-12-31 23:55:00,wl_in,0.0,False
water,2022,WL.BBR.02,จุดวัดคลองบางบำหรุ ตอนถนนสิรินธร,105120,105120,100.0,105120,0,2022-01-01,2022-12-31 23:55:00,wl_in,0.0,False
water,2022,WL.BBU.01,จุดวัดคลองบางบัว,105120,105120,100.0,105120,0,2022-01-01,2022-12-31 23:55:00,wl_in,0.0,False
water,2022,WL.BCN.01,จุดวัดคลองบางเชือกหนัง ตอนถนนกาญจนาภิเษก,105120,105120,100.0,105120,0,2022-01-01,2022-12-31 23:55:00,wl_in,0.0,False
water,2022,WL.BCN.02,จุดวัดคลองบางเชือกหนัง ตอนถนนพุทธมณฑลสาย 1,105120,105120,100.0,105120,0,2022-01-01,2022-12-31 23:55:00,wl_in,0.0,False
water,2022,WL.BCN.03,จุดวัดคลองบางเชือกหนัง ตอนถนนพุทธมณฑลสาย 2,105120,105120,100.0,105120,0,2022-01-01,2022-12-31 23:55:00,wl_in,0.0,False
water,2022,WL.BJK.01,สถานีสูบน้ำ บางจาก,105120,105120,100.0,105120,0,2022-01-01,2022-12-31 23:55:00,wl_in,0.0,False
water,2022,WL.BJK.02,"""จุดวัดคลองบางจาก ตอนซอยเพชรเกษม 68 """,105120,105120,100.0,105120,0,2022-01-01,2022-12-31 23:55:00,wl_in,0.0,False
water,2022,WL.BJK.03,จุดวัดคลองบางจาก ตอนคลองบางหว้า,105120,105120,100.0,105120,0,2022-01-01,2022-12-31 23:55:00,wl_in,0.0,False
water,2022,WL.BJK.04,"""จุดวัดคลองบางจาก ตอนถนนพุทธมณฑลสาย 2 """,105120,105120,100.0,105120,0,2022-01-01,2022-12-31 23:55:00,wl_in,0.0,False
water,2022,WL.BKA.01,สถานีสูบน้ำ คลองบางเขนใหม่,105120,105120,100.0,105120,0,2022-01-01,2022-12-31 23:55:00,wl_in,0.0,False
water,2022,WL.BKA.02,จุดวัดคลองบางเขน ช่วงถนนกรุงเทพ-นนทบุรี,105120,105120,100.0,105120,0,2022-01-01,2022-12-31 23:55:00,wl_in,0.0,False
water,2022,WL.BKA.03,จุดวัดคลองบางเขน ช่วงถนนประชาชื่น,105120,105120,100.0,105120,0,2022-01-01,2022-12-31 23:55:00,wl_in,0.0,False
water,2022,WL.BKA.04,จุดวัดคลองบางเขน ช่วงถนนวิภาวดีรังสิต,105120,105120,100.0,105120,0,2022-01-01,2022-12-31 23:55:00,wl_in,0.0,False
water,2022,WL.BKB.01,จุดวัดคลองบางกระบือ ตอนถนนสามเสน,105120,105120,100.0,105120,0,2022-01-01,2022-12-31 23:55:00,wl_in,0.0,False
water,2022,WL.BKG.01,ประตูระบายน้ำ คลองบึงขวาง,105120,105120,100.0,105120,0,2022-01-01,2022-12-31 23:55:00,wl_in,0.0,False
water,2022,WL.BKL.01,จุดวัดคลองบางโคลัด ตอนถนนบางบอน 1,105120,105120,100.0,105120,0,2022-01-01,2022-12-31 23:55:00,wl_in,0.0,False
water,2022,WL.BKY.01,สถานีสูบน้ำ คลองบางกอกใหญ่,105120,105120,100.0,105120,0,2022-01-01,2022-12-31 23:55:00,wl_in,0.0,False
water,2022,WL.BKY.02,จุดวัดคลองบางเชือกหนัง ตอนวัดปากน้ำฝั่งใต้,105120,105120,100.0,105120,0,2022-01-01,2022-12-31 23:55:00,wl_in,0.0,False
water,2022,WL.BLP.02,จุดวัดคลองบางลำพู ตอนสะพานผ่านฟ้า,105120,105120,100.0,105120,0,2022-01-01,2022-12-31 23:55:00,wl_in,0.0,False
water,2022,WL.BLY.01,จุดวัดคลองบ้านหลาย ตอนถนนสุขุมวิท 77,105120,105120,100.0,105120,0,2022-01-01,2022-12-31 23:55:00,wl_in,0.0,False
water,2022,WL.BMK.01,จุดวัดคลองบางมะเขือ ตอนถนนสุขุมวิท 71,105120,105120,100.0,105120,0,2022-01-01,2022-12-31 23:55:00,wl_in,20.386,False
water,2022,WL.BNA.01,สถานีสูบน้ำ บางนา,105120,105120,100.0,105120,0,2022-01-01,2022-12-31 23:55:00,wl_in,0.001,False
water,2022,WL.BNA.02,จุดวัดคลองบางนา ตอนถนนสุขุมวิท,105120,105120,100.0,105120,0,2022-01-01,2022-12-31 23:55:00,wl_in,0.0,False
water,2022,WL.BNA.03,จุดวัดคลองบางนา ตอนถนนศรีนครินทร์,105120,105120,100.0,105120,0,2022-01-01,2022-12-31 23:55:00,wl_in,0.0,False
water,2022,WL.BNA.04,จุดวัดคลองบางนา ตอนซอยบางนา-ตราด 56,105120,105120,100.0,105120,0,2022-01-01,2022-12-31 23:55:00,wl_in,64.791,True
water,2022,WL.BNJ.01,จุดวัดคลองบางนางจีน ตอนสถานีสูบน้ำบางนางจีน,105120,105120,100.0,105120,0,2022-01-01,2022-12-31 23:55:00,wl_in,0.0,False
water,2022,WL.BNJ.02,จุดวัดคลองบางนางจีน ตอนซอยสุขุมวิท 66/1,105120,105120,100.0,105120,0,2022-01-01,2022-12-31 23:55:00,wl_in,0.0,False
water,2022,WL.BNJ.03,จุดวัดคลองบางนางจีน ตอนซอยสุขุมวิท 93,105120,105120,100.0,105120,0,2022-01-01,2022-12-31 23:55:00,wl_in,0.0,False
water,2022,WL.BNJ.04,จุดวัดคลองบางนางจีน ตอนถนนสุขุมวิท 101/1,105120,105120,100.0,105120,0,2022-01-01,2022-12-31 23:55:00,wl_in,0.0,False
water,2022,WL.BOA.01,สถานีสูบน้ำ บางอ้อ,105120,105120,100.0,105120,0,2022-01-01,2022-12-31 23:55:00,wl_in,0.0,False
water,2022,WL.BOA.02,จุดวัดคลองบางอ้อ ตอนซอยสุขุมวิท 64,105120,105120,100.0,105120,0,2022-01-01,2022-12-31 23:55:00,wl_in,0.0,False
water,2022,WL.BOA.03,จุดวัดคลองบางอ้อใหญ่ ตอนซอยสุขุมวิท 66/1,105120,105120,100.0,105120,0,2022-01-01,2022-12-31 23:55:00,wl_in,100.0,True
water,2022,WL.BON.01,จุดวัดคลองบางอ้อน้อย ตอนซอยสุขุมวิท 64,105120,105120,100.0,105120,0,2022-01-01,2022-12-31 23:55:00,wl_in,100.0,True
water,2022,WL.BPA.01,จุดวัดคลองบ้านป่า ตอนถนนพัฒนาการ,105120,105120,100.0,105120,0,2022-01-01,2022-12-31 23:55:00,wl_in,0.0,False
water,2022,WL.BPM.01,จุดวัดคลองบางพรม ตอนคลองชักพระ,105120,105120,100.0,105120,0,2022-01-01,2022-12-31 23:55:00,wl_in,0.0,False
water,2022,WL.BPM.02,จุดวัดคลองบางพรม ตอนถนนฉิมพลี,105120,105120,100.0,105120,0,2022-01-01,2022-12-31 23:55:00,wl_in,0.0,False
water,2022,WL.BPM.03,จุดวัดคลองบางพรม ตอนถนนกาญจนาภิเษก,105120,105120,100.0,105120,0,2022-01-01,2022-12-31 23:55:00,wl_in,0.0,False
water,2022,WL.BPM.04,จุดวัดคลองบางพรม ตอนถนนพุทธมณฑลสาย 3,105120,105120,100.0,105120,0,2022-01-01,2022-12-31 23:55:00,wl_in,0.0,False
water,2022,WL.BPN.01,จุดวัดคลองบางพราน ตอนถนนบางบอน 1,105120,105120,100.0,105120,0,2022-01-01,2022-12-31 23:55:00,wl_in,0.0,False
water,2022,WL.BPN.02,จุดวัดคลองบางพราน ตอนถนนบางบอน 2,105120,105120,100.0,105120,0,2022-01-01,2022-12-31 23:55:00,wl_in,0.0,False
water,2022,WL.BPU.01,จุดวัดสถานตากอากาศบางปู,105120,105120,100.0,105120,0,2022-01-01,2022-12-31 23:55:00,wl_in,0.0,False
water,2022,WL.BSK.01,สถานีสูบน้ำ คลองบางไส้ไก่,105120,105120,100.0,105120,0,2022-01-01,2022-12-31 23:55:00,wl_in,0.0,False
water,2022,WL.BSU.01,สถานีสูบน้ำ คลองบางซื่อ,105120,105120,100.0,105120,0,2022-01-01,2022-12-31 23:55:00,wl_in,0.0,False
water,2022,WL.BSU.02,จุดวัดคลองบางซื่อ ช่วงถนนพระรามที่ 5,105120,105120,100.0,105120,0,2022-01-01,2022-12-31 23:55:00,wl_in,0.0,False
water,2022,WL.BSU.03,จุดวัดคลองบางซื่อ ตอนถนนพระรามที่ 6,105120,105120,100.0,105120,0,2022-01-01,2022-12-31 23:55:00,wl_in,0.0,False
water,2022,WL.BSU.04,จุดวัดคลองบางซื่อ ช่วงถนนพหลโยธิน,105120,105120,100.0,105120,0,2022-01-01,2022-12-31 23:55:00,wl_in,7.03,False
water,2022,WL.BSU.05,จุดวัดคลองบางซื่อ ช่วงถนนวิภาวดีรังสิต,105120,105120,100.0,105120,0,2022-01-01,2022-12-31 23:55:00,wl_in,0.0,False
water,2022,WL.BSU.06,จุดวัดคลองบางซื่อ ช่วงถนนรัชดาภิเษก (เจ้าพระยาปาร์ค),105120,105120,100.0,105120,0,2022-01-01,2022-12-31 23:55:00,wl_in,0.0,False
water,2022,WL.BSU.07,จุดวัดคลองบางซื่อ - ตอนถนนลาดพร้าว,105120,105120,100.0,105120,0,2022-01-01,2022-12-31 23:55:00,wl_in,76.562,True
water,2022,WL.BTL.01,จุดวัดคลองบางตลาด ตอนท่าทราย,105120,105120,100.0,105120,0,2022-01-01,2022-12-31 23:55:00,wl_in,0.0,False
water,2022,WL.BTY.01,จุดวัดคลองบางเตย ตอนถนนนวมินทร์ 66/3,105120,105120,100.0,105120,0,2022-01-01,2022-12-31 23:55:00,wl_in,0.0,False
water,2022,WL.BWK.01,จุดวัดคลองบางแวก ตอนคลองบางกอกใหญ่,105120,105120,100.0,105120,0,2022-01-01,2022-12-31 23:55:00,wl_in,0.0,False
water,2022,WL.BWK.02,จุดวัดคลองบางแวก ตอนถนนพุทธมณฑลสาย 1,105120,105120,100.0,105120,0,2022-01-01,2022-12-31 23:55:00,wl_in,0.0,False
water,2022,WL.BWK.03,จุดวัดคลองบางแวก ตอนคลองทวีวัฒนา,105120,105120,100.0,105120,0,2022-01-01,2022-12-31 23:55:00,wl_in,0.0,False
water,2022,WL.BYI.01,จุดวัดคลองบึงใหญ่ ตอนวัดทองสัมฤทธิ์,105120,105120,100.0,105120,0,2022-01-01,2022-12-31 23:55:00,wl_in,0.0,False
water,2022,WL.BYK.01,จุดวัดคลองบางยี่ขัน ตอนถนนจรัญสนิทวงศ์,105120,105120,100.0,105120,0,2022-01-01,2022-12-31 23:55:00,wl_in,0.0,False
water,2022,WL.BYK.02,จุดวัดคลองบางยี่ขัน ตอนสถานีสูบน้ำคลองบางยี่ขัน,105120,105120,100.0,105120,0,2022-01-01,2022-12-31 23:55:00,wl_in,0.0,False
water,2022,WL.CBJ.01,จุดวัดคลองชวดบางจาก ตอนถนนประชาอุทิศ,105120,105120,100.0,105120,0,2022-01-01,2022-12-31 23:55:00,wl_in,0.0,False
water,2022,WL.CKS.01,สถานีสูบน้ำ คลองเจ้าคุณสิงห์,105120,105120,100.0,105120,0,2022-01-01,2022-12-31 23:55:00,wl_in,0.0,False
water,2022,WL.CKS.02,จุดวัดคลองเจ้าคุณสิงห์ ตอนถนนลาดพร้าว,105120,105120,100.0,105120,0,2022-01-01,2022-12-31 23:55:00,wl_in,0.0,False
water,2022,WL.CNS.01,สถานีสูบน้ำ คลองช่องนนทรี,105120,105120,100.0,105120,0,2022-01-01,2022-12-31 23:55:00,wl_in,0.0,False
water,2022,WL.CNS.02,จุดวัดคลองช่องนนทรี ตอนถนนนราธิวาสราชนครินทร์,105120,105120,100.0,105120,0,2022-01-01,2022-12-31 23:55:00,wl_in,0.0,False
water,2022,WL.CNS.03,จุดวัดคลองช่องนนทรี ตอนถนนจันทน์,105120,105120,100.0,105120,0,2022-01-01,2022-12-31 23:55:00,wl_in,0.0,False
water,2022,WL.CNS.04,จุดวัดคลองช่องนนทรี ตอนถนนสาทรใต้,105120,105120,100.0,105120,0,2022-01-01,2022-12-31 23:55:00,wl_in,100.0,True
water,2022,WL.CPA.01,สถานีสูบน้ำ คลองชักพระ,105120,105120,100.0,105120,0,2022-01-01,2022-12-31 23:55:00,wl_in,0.0,False
water,2022,WL.CTC.01,จุดวัดคลองชวดตาเชียง ตอนสถานีสูบน้ำคลองชวดตาเชียง,105120,105120,100.0,105120,0,2022-01-01,2022-12-31 23:55:00,wl_in,24.229,False
water,2022,WL.CYI.01,จุดวัดคลองชวดใหญ่ ตอนถนนพระราม 9 ซอย 13,105120,105120,100.0,105120,0,2022-01-01,2022-12-31 23:55:00,wl_in,0.0,False
water,2022,WL.CYI.02,จุดวัดคลองชวดใหญ่ ตอนถนนพระราม 9,105120,105120,100.0,105120,0,2022-01-01,2022-12-31 23:55:00,wl_in,0.0,False
water,2022,WL.CYI.03,จุดวัดคลองชวดใหญ่-ตอนคลองลาดพร้าว,105120,105120,100.0,105120,0,2022-01-01,2022-12-31 23:55:00,wl_in,75.77,True
water,2022,WL.DKN.01,สถานีสูบน้ำ ดาวคะนอง,105120,105120,100.0,105120,0,2022-01-01,2022-12-31 23:55:00,wl_in,0.0,False
water,2022,WL.FTM.01,จุดวัดคลองโบสถ์แม่พระ ตอนถนนดินแดง,105120,105120,100.0,105120,0,2022-01-01,2022-12-31 23:55:00,wl_in,0.0,False
water,2022,WL.HKG.01,จุดวัดคลองห้วยขวาง ตอนถนนประชาสงเคราะห์,105120,105120,100.0,105120,0,2022-01-01,2022-12-31 23:55:00,wl_in,0.0,False
water,2022,WL.HKG.02,จุดวัดคลองห้วยขวาง ตอนถนนเทียมร่วมมิตร,105120,105120,100.0,105120,0,2022-01-01,2022-12-31 23:55:00,wl_in,0.0,False
water,2022,WL.HMK.01,จุดวัดคลองหัวหมาก ตอนถนนศรีนครินทร์,105120,105120,100.0,105120,0,2022-01-01,2022-12-31 23:55:00,wl_in,0.0,False
water,2022,WL.IDE.01,จุดวัดบ่อสูบน้ำอินโดนีเซีย,105120,105120,100.0,105120,0,2022-01-01,2022-12-31 23:55:00,wl_in,0.0,False
water,2022,WL.JKK.01,จุดวัดคลองจระเข้ขบ ตอนถนนสุขาภิบาล 2 ซอย 2,105120,105120,100.0,105120,0,2022-01-01,2022-12-31 23:55:00,wl_in,100.0,True
water,2022,WL.JRN.01,สถานีสูบน้ำ คลองแจงร้อน,105120,105120,100.0,105120,0,2022-01-01,2022-12-31 23:55:00,wl_in,0.0,False
water,2022,WL.KBU.01,ประตูระบายน้ำ คลองบัว ตอนทางรถไฟสายใต้,105120,105120,100.0,105120,0,2022-01-01,2022-12-31 23:55:00,wl_in,0.0,False
water,2022,WL.KBU.02,จุดวัดคลองบัว ตอนถนนพุทธมณฑลสาย 1,105120,105120,100.0,105120,0,2022-01-01,2022-12-31 23:55:00,wl_in,0.0,False
water,2022,WL.KDN.01,ประตูระบายน้ำ คลองวัดด่าน,105120,105120,100.0,105120,0,2022-01-01,2022-12-31 23:55:00,wl_in,0.0,False
water,2022,WL.KJA.01,จุดวัดคลองกะจะ ตอนถนนพระราม 9,105120,105120,100.0,105120,0,2022-01-01,2022-12-31 23:55:00,wl_in,0.0,False
water,2022,WL.KJA.02,จุดวัดคลองกะจะ ตอนถนนพระราม 9 ซอย 57,105120,105120,100.0,105120,0,2022-01-01,2022-12-31 23:55:00,wl_in,0.0,False
water,2022,WL.KJG.01,จุดวัดคลองจิก ตอนถนนหัวหมาก,105120,105120,100.0,105120,0,2022-01-01,2022-12-31 23:55:00,wl_in,0.001,False
water,2022,WL.KJK.01,สถานีสูบน้ำ คลองเจ็ก,105120,105120,100.0,105120,0,2022-01-01,2022-12-31 23:55:00,wl_in,0.0,False
water,2022,WL.KJK.02,จุดวัดคลองเจ็ก ตอนถนนสุขุมวิท 60/1,105120,105120,100.0,105120,0,2022-01-01,2022-12-31 23:55:00,wl_in,0.0,False
water,2022,WL.KJN.01,จุดวัดคลองจั่น ตอนถนนลาดพร้าว,105120,105120,100.0,105120,0,2022-01-01,2022-12-31 23:55:00,wl_in,0.0,False
water,2022,WL.KJN.02,จุดวัดคลองจั่น ตอนถนนโยธินพัฒนา,105120,105120,100.0,105120,0,2022-01-01,2022-12-31 23:55:00,wl_in,0.0,False
water,2022,WL.KJT.01,"""จุดวัดคลองจิต ตอนซอยลาดพร้าว 122 """,105120,105120,100.0,105120,0,2022-01-01,2022-12-31 23:55:00,wl_in,0.0,False
water,2022,WL.KJU.01,จุดวัดคลองขุนจันทร์ ตอนถนนฉิมพลี,105120,105120,100.0,105120,0,2022-01-01,2022-12-31 23:55:00,wl_in,0.0,False
water,2022,WL.KKD.01,จุดวัดคลองเคล็ด ตอนถนนสุขุมวิท 77,105120,105120,100.0,105120,0,2022-01-01,2022-12-31 23:55:00,wl_in,0.0,False
water,2022,WL.KKD.02,จุดวัดคลองเคล็ด ตอนถนนสุภาพงษ์ 1,105120,105120,100.0,105120,0,2022-01-01,2022-12-31 23:55:00,wl_in,0.0,False
water,2022,WL.KKD.03,จุดวัดคลองเคล็ด ตอนถนนศรีนครินทร์,105120,105120,100.0,105120,0,2022-01-01,2022-12-31 23:55:00,wl_in,0.0,False
water,2022,WL.KKO.01,จุดวัดคลองเก้า ตอนวัดศรีสุขสถาพร,105120,105120,100.0,105120,0,2022-01-01,2022-12-31 23:55:00,wl_in,11.381,False
water,2022,WL.KKS.01,สถานีสูบน้ำ เทเวศร์,105120,105120,100.0,105120,0,2022-01-01,2022-12-31 23:55:00,wl_in,0.0,False
water,2022,WL.KKS.02,จุดวัดคลองผดุงกรุงเกษม ตอนทำเนียบรัฐบาล,105120,105120,100.0,105120,0,2022-01-01,2022-12-31 23:55:00,wl_in,0.0,False
water,2022,WL.KKS.03,จุดวัดคลองผดุงกรุงเกษม ตอนหัวลำโพง,105120,105120,100.0,105120,0,2022-01-01,2022-12-31 23:55:00,wl_in,0.0,False
water,2022,WL.KKS.04,สถานีสูบน้ำ กรุงเกษม,105120,105120,100.0,105120,0,2022-01-01,2022-12-31 23:55:00,wl_in,0.0,False
water,2022,WL.KKY.01,จุดวัดคลองควาย ตอนถนนศาลาธรรมสพน์,105120,105120,100.0,105120,0,2022-01-01,2022-12-31 23:55:00,wl_in,0.0,False
water,2022,WL.KKY.02,จุดวัดคลองควาย ตอนถนนบรมราชชนนี,105120,105120,100.0,105120,0,2022-01-01,2022-12-31 23:55:00,wl_in,0.0,False
water,2022,WL.KLA.01,จุดวัดคลองลาว ตอนถนนพัฒนาการ,105120,105120,100.0,105120,0,2022-01-01,2022-12-31 23:55:00,wl_in,0.0,False
water,2022,WL.KLD.01,จุดวัดคลองหลอด ตอนสถานีสูบน้ำปากคลองตลาด,105120,105120,100.0,105120,0,2022-01-01,2022-12-31 23:55:00,wl_in,0.0,False
water,2022,WL.KLD.02,จุดวัดคลองหลอด ตอนถนนราชดำเนินใน,105120,105120,100.0,105120,0,2022-01-01,2022-12-31 23:55:00,wl_in,0.0,False
water,2022,WL.KLT.01,จุดวัดคลองตัน ช่วงใต้ทางด่วน,105120,105120,100.0,105120,0,2022-01-01,2022-12-31 23:55:00,wl_in,0.0,False
water,2022,WL.KMN.01,สถานีสูบน้ำ คลองมอญ,105120,105120,100.0,105120,0,2022-01-01,2022-12-31 23:55:00,wl_in,0.001,False
water,2022,WL.KNB.01,จุดวัดคลองหนองบอน ตอนอ่อนนุช 66 ซอย 13,105120,105120,100.0,105120,0,2022-01-01,2022-12-31 23:55:00,wl_in,0.0,False
water,2022,WL.KNB.02,จุดวัดคลองหนองบอน ตอนถนนเฉลิมพระเกียรติรัชกาลที่ 9,105120,105120,100.0,105120,0,2022-01-01,2022-12-31 23:55:00,wl_in,0.0,False
water,2022,WL.KPG.01,จุดวัดคลองเป้ง ตอนซอยเอกมัย 23,105120,105120,100.0,105120,0,2022-01-01,2022-12-31 23:55:00,wl_in,0.0,False
water,2022,WL.KPM.01,จุดวัดคลองเปรมประชากร ช่วงสถานีน้ำอุโมงค์คลองเปรมประชากร,105120,105120,100.0,105120,0,2022-01-01,2022-12-31 23:55:00,wl_in,0.0,False
water,2022,WL.KPM.02,จุดวัดคลองเปรมประชากร ตอนถนนรัชดาภิเษก,105120,105120,100.0,105120,0,2022-01-01,2022-12-31 23:55:00,wl_in,0.949,False
water,2022,WL.KPM.03,จุดวัดคลองเปรมประชากร ช่วงวัดเทวสุนทร,105120,105120,100.0,105120,0,2022-01-01,2022-12-31 23:55:00,wl_in,60.098,True
water,2022,WL.KPM.04,คลองเปรมประชากร ตอนคลองบางตลาด*,105120,105120,100.0,105120,0,2022-01-01,2022-12-31 23:55:00,wl_in,0.0,False
water,2022,WL.KPM.05,จุดวัดคลองเปรมประชากร ตอนถนนสรงประภา,105120,105120,100.0,105120,0,2022-01-01,2022-12-31 23:55:00,wl_in,0.0,False
water,2022,WL.KPM.06,จุดวัดคลองเปรมประชากร ตอนคลองบ้านใหม่,105120,105120,100.0,105120,0,2022-01-01,2022-12-31 23:55:00,wl_in,0.0,False
water,2022,WL.KSG.01,จุดวัดคลองสอง ตอนถนนพหลโยธิน,105120,105120,100.0,105120,0,2022-01-01,2022-12-31 23:55:00,wl_in,0.0,False
water,2022,WL.KSI.01,จุดวัดคลองสี่ ตอนถนนสุวินทวงศ์,105120,105120,100.0,105120,0,2022-01-01,2022-12-31 23:55:00,wl_in,0.0,False
water,2022,WL.KSI.02,จุดวัดคลองสี่ ตอนถนนเจ้าคุณทหาร,105120,105120,100.0,105120,0,2022-01-01,2022-12-31 23:55:00,wl_in,0.0,False
water,2022,WL.KSK.01,"""จุดวัดคลองขุนสกล ตอนซอยศรีนครินทร์ 36 """,105120,105120,100.0,105120,0,2022-01-01,2022-12-31 23:55:00,wl_in,0.0,False
water,2022,WL.KSM.01,จุดวัดคลองสาม ตอนร่มเกล้า 17,105120,105120,100.0,105120,0,2022-01-01,2022-12-31 23:55:00,wl_in,0.0,False
water,2022,WL.KSM.02,จุดวัดคลองสาม ตอนมอเตอร์เวย์,105120,105120,100.0,105120,0,2022-01-01,2022-12-31 23:55:00,wl_in,0.0,False
water,2022,WL.KSO.01,จุดวัดคลองซอย ตอนถนนบรมราชชนนี,105120,105120,100.0,105120,0,2022-01-01,2022-12-31 23:55:00,wl_in,1.279,False
water,2022,WL.KSO.02,จุดวัดคลองซอย ตอนถนนศาลาธรรมสพน์,105120,105120,100.0,105120,0,2022-01-01,2022-12-31 23:55:00,wl_in,0.0,False
water,2022,WL.KTK.03,จุดวัดคลองขรัวตาแก่น ตอนซอยสะพานขวา,105120,105120,100.0,105120,0,2022-01-01,2022-12-31 23:55:00,wl_in,0.0,False
water,2022,WL.KTY.01,สถานีสูบน้ำ คลองเตย,105120,105120,100.0,105120,0,2022-01-01,2022-12-31 23:55:00,wl_in,86.987,True
water,2022,WL.LBK.01,จุดวัดคลองลาดบัวขาว ตอนถนนรามคำแหง,105120,105120,100.0,105120,0,2022-01-01,2022-12-31 23:55:00,wl_in,0.0,False
water,2022,WL.LBK.02,จุดวัดคลองลาดบัวขาว ตอนถนนเคหะร่มเกล้า,105120,105120,100.0,105120,0,2022-01-01,2022-12-31 23:55:00,wl_in,0.0,False
water,2022,WL.LBK.03,จุดวัดคลองลาดบัวขาว ตอนซอยกาญจนาภิเษก 24,105120,105120,100.0,105120,0,2022-01-01,2022-12-31 23:55:00,wl_in,0.0,False
water,2022,WL.LCL.01,จุดวัดคลองลำชะล่า ตอนถนนนวมินทร์,105120,105120,100.0,105120,0,2022-01-01,2022-12-31 23:55:00,wl_in,0.0,False
water,2022,WL.LCL.02,จุดวัดคลองลำชะล่า ตอนซอยนวมินทร์ 86,105120,105120,100.0,105120,0,2022-01-01,2022-12-31 23:55:00,wl_in,0.0,False
water,2022,WL.LKB.01,จุดวัดคลองลาดกระบัง ตอนซอยลาดกระบัง 54/6,105120,105120,100.0,105120,0,2022-01-01,2022-12-31 23:55:00,wl_in,0.0,False
water,2022,WL.LOA.01,จุดวัดคลองรางอ้อ-รางแก้ว ตอนถนนพหลโยธิน,105120,105120,100.0,105120,0,2022-01-01,2022-12-31 23:55:00,wl_in,0.0,False
water,2022,WL.LPC.01,จุดวัดคลองลำผักชี ตอนโรงเรียนลำผักชี,105120,105120,100.0,105120,0,2022-01-01,2022-12-31 23:55:00,wl_in,0.0,False
water,2022,WL.LPG.01,จุดวัดคลองหลวงแพ่ง ตอนโรงเรียนผลลีรุ่งเรือง,105120,105120,100.0,105120,0,2022-01-01,2022-12-31 23:55:00,wl_in,0.0,False
water,2022,WL.LPG.02,ประตูระบายน้ำ คลองหลวงแพ่ง,105120,105120,100.0,105120,0,2022-01-01,2022-12-31 23:55:00,wl_in,0.0,False
water,2022,WL.LPG.03,จุดวัดคลองหลวงแพ่ง ตอนวัดลำต้อยติ่ง,105120,105120,100.0,105120,0,2022-01-01,2022-12-31 23:55:00,wl_in,0.0,False
water,2022,WL.LPI.01,จุดวัดคลองหลุมไผ่ ตอนซอยลาดปลาเค้า 63,105120,105120,100.0,105120,0,2022-01-01,2022-12-31 23:55:00,wl_in,0.0,False
water,2022,WL.LPI.02,จุดวัดคลองหลุมไผ่ ตอนถนนประเสริฐมนูกิจ29,105120,105120,100.0,105120,0,2022-01-01,2022-12-31 23:55:00,wl_in,0.0,False
water,2022,WL.LPN.01,สถานีสูบน้ำ คลองเลนเปน,105120,105120,100.0,105120,0,2022-01-01,2022-12-31 23:55:00,wl_in,0.0,False
water,2022,WL.LPT.01,จุดวัดคลองลำปลาทิว ตอนถนนสังฆสันติสุข,105120,105120,100.0,105120,0,2022-01-01,2022-12-31 23:55:00,wl_in,0.0,False
water,2022,WL.LPT.02,จุดวัดคลองลำปลาทิว ตอนซอยฉลองกรุง 54,105120,105120,100.0,105120,0,2022-01-01,2022-12-31 23:55:00,wl_in,0.0,False
water,2022,WL.LPT.03,จุดวัดคลองลำปลาทิว ตอนซอยฉลองกรุง 8,105120,105120,100.0,105120,0,2022-01-01,2022-12-31 23:55:00,wl_in,0.0,False
water,2022,WL.LPT.04,"""จุดวัดคลองลำปลาทิว ตอนซอยเชื่อมสัมพันธ์ 25 """,105120,105120,100.0,105120,0,2022-01-01,2022-12-31 23:55:00,wl_in,0.0,False
water,2022,WL.LPW.01,ประตูระบายน้ำ คลองลาดพร้าว,105120,105120,100.0,105120,0,2022-01-01,2022-12-31 23:55:00,wl_in,0.0,False
water,2022,WL.LPW.02,จุดวัดคลองลาดพร้าว ช่วงวัดลาดพร้าว,105120,105120,100.0,105120,0,2022-01-01,2022-12-31 23:55:00,wl_in,0.0,False
water,2022,WL.LPW.03,จุดวัดคลองลาดพร้าว ช่วงซอยเสนานิคม,105120,105120,100.0,105120,0,2022-01-01,2022-12-31 23:55:00,wl_in,0.0,False
water,2022,WL.LPW.04,จุดวัดคลองลาดพร้าว ตอนถนนประชาอุทิศ,105120,105120,100.0,105120,0,2022-01-01,2022-12-31 23:55:00,wl_in,0.0,False
water,2022,WL.LPW.05,จุดวัดคลองลาดพร้าว ช่วงถนนประดิษฐ์มนูธรรม,105120,105120,100.0,105120,0,2022-01-01,2022-12-31 23:55:00,wl_in,0.0,False
water,2022,WL.LSG.01,จุดวัดคลองหลอด 2 ตอนถนนบางนา ตราด,105120,105120,100.0,105120,0,2022-01-01,2022-12-31 23:55:00,wl_in,0.0,False
water,2022,WL.LSM.01,จุดวัดคลองหลอด 3 ตอนถนนบางนา ตราด,105120,105120,100.0,105120,0,2022-01-01,2022-12-31 23:55:00,wl_in,0.0,False
water,2022,WL.LYW.01,จุดวัดคลองลาดยาว ตอน ถนนรัชดาภิเษก,105120,105120,100.0,105120,0,2022-01-01,2022-12-31 23:55:00,wl_in,0.0,False
water,2022,WL.LYW.02,จุดวัดคลองลาดยาว ตอนถนนวิภาวดีรังสิต 44,105120,105120,100.0,105120,0,2022-01-01,2022-12-31 23:55:00,wl_in,0.0,False
water,2022,WL.MID.01,จุดวัดคูน้ำกรมสารวัตรทหาร,105120,105120,100.0,105120,0,2022-01-01,2022-12-31 23:55:00,wl_in,0.0,False
water,2022,WL.MSW.01,จุดวัดคลองมหาสวัสดิ์ ตอนคลองสวนแดน 2,105120,105120,100.0,105120,0,2022-01-01,2022-12-31 23:55:00,wl_in,0.0,False
water,2022,WL.MSW.02,จุดวัดคลองมหาสวัสดิ์ ตอนวัดปุรณาวาส,105120,105120,100.0,105120,0,2022-01-01,2022-12-31 23:55:00,wl_in,0.0,False
water,2022,WL.MSW.03,จุดวัดคลองมหาสวัสดิ์ ตอนถนนพุทธมณฑลสาย 2,105120,105120,100.0,105120,0,2022-01-01,2022-12-31 23:55:00,wl_in,0.0,False
water,2022,WL.NBN.01,จุดวัดบึงหนองบอน,105120,105120,100.0,105120,0,2022-01-01,2022-12-31 23:55:00,wl_in,0.0,False
water,2022,WL.NK3.01,จุดวัดคลองคูนายกิมสาย 3  ตอนถนนประชาอุทิศ,105120,105120,100.0,105120,0,2022-01-01,2022-12-31 23:55:00,wl_in,0.0,False
water,2022,WL.NKW.01,จุดวัดคลองน้ำแก้ว ตอนถนนรัชดาภิเษก,105120,105120,100.0,105120,0,2022-01-01,2022-12-31 23:55:00,wl_in,100.0,True
water,2022,WL.NKW.02,จุดวัดคลองน้ำแก้ว ตอนซอยลาดพร้าว 41,105120,105120,100.0,105120,0,2022-01-01,2022-12-31 23:55:00,wl_in,51.42,True
water,2022,WL.NSG.01,จุดวัดคลองนาซอง ตอนถนนประชาสุข,105120,105120,100.0,105120,0,2022-01-01,2022-12-31 23:55:00,wl_in,0.0,False
water,2022,WL.ORC.01,สถานีสูบน้ำ คลองอรชร,105120,105120,100.0,105120,0,2022-01-01,2022-12-31 23:55:00,wl_in,0.0,False
water,2022,WL.PKG.01,สถานีสูบน้ำ ปากคลองตลาด,105120,105120,100.0,105120,0,2022-01-01,2022-12-31 23:55:00,wl_in,0.0,False
water,2022,WL.PKN.01,สถานีสูบน้ำ พระโขนง,105120,105120,100.0,105120,0,2022-01-01,2022-12-31 23:55:00,wl_in,0.0,False
water,2022,WL.PLK.01,จุดวัดคลองพิทยาลงกรณ์ ช่วงโรงเรียนพิทยาลงกรณ์พิทยาคม,105120,105120,100.0,105120,0,2022-01-01,2022-12-31 23:55:00,wl_in,27.797,False
water,2022,WL.PPA.02,จุดวัดคลองพลับพลา ตอนศูนย์แพทย์พัฒนา,105120,105120,100.0,105120,0,2022-01-01,2022-12-31 23:55:00,wl_in,24.202,False
water,2022,WL.PSC.01,สถานีสูบน้ำ คลองภาษีเจริญ,105120,105120,100.0,105120,0,2022-01-01,2022-12-31 23:55:00,wl_in,0.0,False
water,2022,WL.PSC.02,จุดวัดคลองภาษีเจริญ ตอนวัดรางบัว,105120,105120,100.0,105120,0,2022-01-01,2022-12-31 23:55:00,wl_in,0.0,False
water,2022,WL.PSC.03,จุดวัดคลองราชมนตรี ตอนคลองภาษีเจริญ,105120,105120,100.0,105120,0,2022-01-01,2022-12-31 23:55:00,wl_in,0.0,False
water,2022,WL.PSC.04,จุดวัดคลองภาษีเจริญ ตอนคลองมหาศร,105120,105120,100.0,105120,0,2022-01-01,2022-12-31 23:55:00,wl_in,100.0,True
water,2022,WL.PSI.01,จุดวัดคลองพร้อมศรี 2 ตอนถนนสุขุมวิท 49/13,105120,105120,100.0,105120,0,2022-01-01,2022-12-31 23:55:00,wl_in,0.0,False
water,2022,WL.PSR.01,ประตูระบายน้ำ คลองพระยาสุเรนทร์,105120,105120,100.0,105120,0,2022-01-01,2022-12-31 23:55:00,wl_in,0.0,False
water,2022,WL.PSR.02,จุดวัดคลองพระยาสุเรนทร์ ตอนถนนหนองระแหง,105120,105120,100.0,105120,0,2022-01-01,2022-12-31 23:55:00,wl_in,0.0,False
water,2022,WL.PSR.03,จุดวัดคลองพระยาสุเรนทร์ ตอนถนนจตุโชติ,105120,105120,100.0,105120,0,2022-01-01,2022-12-31 23:55:00,wl_in,0.0,False
water,2022,WL.PSR.04,ปตร.พระยาสุเรนทร์ ตอนคู้บอน,105120,105120,100.0,105120,0,2022-01-01,2022-12-31 23:55:00,wl_in,0.0,False
water,2022,WL.PSR.05,จุดวัดคลองพระยาสุเรนทร์ ตอนปัญญาอินทรา,105120,105120,100.0,105120,0,2022-01-01,2022-12-31 23:55:00,wl_in,0.0,False
water,2022,WL.PSR.06,จุดวัดคลองพระยาสุเรนทร์ ตอนบางชัน,105120,105120,100.0,105120,0,2022-01-01,2022-12-31 23:55:00,wl_in,0.0,False
water,2022,WL.PWT.01,จุดวัดคลองประเวศ ตอนซอยอ่อนนุช 17,105120,105120,100.0,105120,0,2022-01-01,2022-12-31 23:55:00,wl_in,0.0,False
water,2022,WL.PWT.02,จุดวัดคลองประเวศบุรีรมย์ ตอนวัดขจรศิริ,105120,105120,100.0,105120,0,2022-01-01,2022-12-31 23:55:00,wl_in,0.0,False
water,2022,WL.PWT.03,ประตูระบายน้ำ คลองประเวศบุรีรมย์ ตอนวัดกระทุ่มเสือปลา,105120,105120,100.0,105120,0,2022-01-01,2022-12-31 23:55:00,wl_in,0.0,False
water,2022,WL.PWT.04,ประตูระบายน้ำ คลองประเวศบุรีรมย์ ตอนลาดกระบัง,105120,105120,100.0,105120,0,2022-01-01,2022-12-31 23:55:00,wl_in,0.0,False
water,2022,WL.PWT.05,จุดวัดคลองประเวศบุรีรมย์ ตอน รพ.ลาดกระบัง,105120,105120,100.0,105120,0,2022-01-01,2022-12-31 23:55:00,wl_in,0.0,False
water,2022,WL.PWT.06,จุดวัดคลองประเวศบุรีรมย์ ตอนถนนร่วมพัฒนา,105120,105120,100.0,105120,0,2022-01-01,2022-12-31 23:55:00,wl_in,0.0,False
water,2022,WL.PYW.01,จุดวัดคลองพญาเวิก ตอนปตร.คลองพญาเวิก,105120,105120,100.0,105120,0,2022-01-01,2022-12-31 23:55:00,wl_in,0.001,False
water,2022,WL.RHN.01,สถานีสูบน้ำ คลองระหาญ,105120,105120,100.0,105120,0,2022-01-01,2022-12-31 23:55:00,wl_in,0.0,False
water,2022,WL.RJK.01,ประตูระบายน้ำ คลองรางจาก ตอนถนนประชาอุทิศ,105120,105120,100.0,105120,0,2022-01-01,2022-12-31 23:55:00,wl_in,0.0,False
water,2022,WL.RKC.01,จุดวัดคลองข้างศูนย์ราชการ,105120,105120,100.0,105120,0,2022-01-01,2022-12-31 23:55:00,wl_in,0.0,False
water,2022,WL.RMT.01,สถานีสูบน้ำ คลองพระยาราชมนตรี,105120,105120,100.0,105120,0,2022-01-01,2022-12-31 23:55:00,wl_in,0.0,False
water,2022,WL.RMT.02,จุดวัดคลองพระยาราชมนตรี ตอนถนนพระรามที่ 2,105120,105120,100.0,105120,0,2022-01-01,2022-12-31 23:55:00,wl_in,0.0,False
water,2022,WL.RSK.01,จุดวัดคลองราษฎร์สามัคคี ตอนถนนเพชรเกษม 63,105120,105120,100.0,105120,0,2022-01-01,2022-12-31 23:55:00,wl_in,0.0,False
water,2022,WL.SBR.01,ประตูระบายน้ำ คลองขุนศรีบุรีรักษ์ ตอนคลองมหาสวัสดิ์,105120,105120,100.0,105120,0,2022-01-01,2022-12-31 23:55:00,wl_in,0.0,False
water,2022,WL.SBR.02,จุดวัดคลองบางขุนศรีบุรีรักษ์ ตอนถนนบรมราชชนนี,105120,105120,100.0,105120,0,2022-01-01,2022-12-31 23:55:00,wl_in,0.0,False
water,2022,WL.SBT.01,สถานีสูบน้ำ คลองสี่บาท,105120,105120,100.0,105120,0,2022-01-01,2022-12-31 23:55:00,wl_in,0.0,False
water,2022,WL.SCO.01,"""จุดวัดคลองศาลเจ้า ตอนถนนสวนผัก """,105120,105120,100.0,105120,0,2022-01-01,2022-12-31 23:55:00,wl_in,0.0,False
water,2022,WL.SDN.01,"""จุดวัดคลองสวนแดน ตอนถนนชัยพฤกษ์ """,105120,105120,100.0,105120,0,2022-01-01,2022-12-31 23:55:00,wl_in,0.0,False
water,2022,WL.SKG.01,จุดวัดคลองสะแกงาม ตอนถนนกาญจนาภิเษก,105120,105120,100.0,105120,0,2022-01-01,2022-12-31 23:55:00,wl_in,0.0,False
water,2022,WL.SKT.01,จุดวัดคลองทรงกระเทียม ตอนถนนนาคนิวาส,105120,105120,100.0,105120,0,2022-01-01,2022-12-31 23:55:00,wl_in,0.0,False
water,2022,WL.SKT.02,จุดวัดคลองทรงกระเทียม ตอนปตร.คลองทรงกระเทียม,105120,105120,100.0,105120,0,2022-01-01,2022-12-31 23:55:00,wl_in,0.0,False
water,2022,WL.SLL.01,จุดวัดคลองศาลาลอย ตอนถนนอ่อนนุช 61,105120,105120,100.0,105120,0,2022-01-01,2022-12-31 23:55:00,wl_in,0.0,False
water,2022,WL.SNC.01,สถานีสูบน้ำ คลองสนามชัย,105120,105120,100.0,105120,0,2022-01-01,2022-12-31 23:55:00,wl_in,0.0,False
water,2022,WL.SNC.02,จุดวัดคลองสนามชัย ตอนคลองบางขุนเทียน,105120,105120,100.0,105120,0,2022-01-01,2022-12-31 23:55:00,wl_in,0.0,False
water,2022,WL.SNO.01,จุดวัดคลองเสือน้อย ตอนถนนสุคนธสวัสดิ์,105120,105120,100.0,105120,0,2022-01-01,2022-12-31 23:55:00,wl_in,0.0,False
water,2022,WL.SPP.01,จุดวัดบ่อสูบน้ำสะพานพรหม,105120,105120,100.0,105120,0,2022-01-01,2022-12-31 23:55:00,wl_in,23.429,False
water,2022,WL.SRE.01,สถานีสูบน้ำ คลองสำเหร่,105120,105120,100.0,105120,0,2022-01-01,2022-12-31 23:55:00,wl_in,0.0,False
water,2022,WL.SRG.01,สถานีสูบน้ำ คลองสำโรง,105120,105120,100.0,105120,0,2022-01-01,2022-12-31 23:55:00,wl_in,0.0,False
water,2022,WL.SSB.01,จุดวัดคลองแสนแสบ ช่วงคลองผดุงกรุงเกษม (โบ๊เบ๊),105120,105120,100.0,105120,0,2022-01-01,2022-12-31 23:55:00,wl_in,0.0,False
water,2022,WL.SSB.02,จุดวัดคลองแสนแสบ ตอนซอยสมคิด,105120,105120,100.0,105120,0,2022-01-01,2022-12-31 23:55:00,wl_in,0.0,False
water,2022,WL.SSB.03,จุดวัดคลองแสนแสบ ช่วงอโศก,105120,105120,100.0,105120,0,2022-01-01,2022-12-31 23:55:00,wl_in,0.0,False
water,2022,WL.SSB.04,สถานีสูบน้ำ คลองแสนแสบตอนคลองตัน,105120,105120,100.0,105120,0,2022-01-01,2022-12-31 23:55:00,wl_in,0.0,False
water,2022,WL.SSB.05,จุดวัดคลองแสนแสบ ตอนรามคำแหง 9,105120,105120,100.0,105120,0,2022-01-01,2022-12-31 23:55:00,wl_in,0.0,False
water,2022,WL.SSB.06,จุดวัดคลองแสนแสบ ช่วงสถานีสูบน้ำคลองเจ้าคุณสิงห์,105120,105120,100.0,105120,0,2022-01-01,2022-12-31 23:55:00,wl_in,0.0,False
water,2022,WL.SSB.07,จุดวัดคลองแสนแสบ ตอนสำนักงานเขตบางกะปิ,105120,105120,100.0,105120,0,2022-01-01,2022-12-31 23:55:00,wl_in,0.0,False
water,2022,WL.SSB.08,จุดวัดคลองแสนแสบ ช่วงซอยเสรีไทย 24,105120,105120,100.0,105120,0,2022-01-01,2022-12-31 23:55:00,wl_in,0.0,False
water,2022,WL.SSB.09,ประตูระบายน้ำ คลองแสนแสบ ตอนบางชัน,105120,105120,100.0,105120,0,2022-01-01,2022-12-31 23:55:00,wl_in,0.0,False
water,2022,WL.SSB.10,ประตูระบายน้ำ คลองแสนแสบ ตอนถนนประชาร่วมใจ,105120,105120,100.0,105120,0,2022-01-01,2022-12-31 23:55:00,wl_in,0.0,False
water,2022,WL.SSB.11,จุดวัดคลองแสนแสบ ตอนวัดทรัพย์สโมสรนิกรเกษม,105120,105120,100.0,105120,0,2022-01-01,2022-12-31 23:55:00,wl_in,0.0,False
water,2022,WL.SSB.12,สถานีสูบน้ำ คลองแสนแสบ หนองจอก,105120,105120,100.0,105120,0,2022-01-01,2022-12-31 23:55:00,wl_in,0.0,False
water,2022,WL.SSG.01,จุดวัดคลองสิบสอง ตอนถนนประชาสำราญ,105120,105120,100.0,105120,0,2022-01-01,2022-12-31 23:55:00,wl_in,0.0,False
water,2022,WL.SSM.01,ประตูระบายน้ำ คลองสิบสาม,105120,105120,100.0,105120,0,2022-01-01,2022-12-31 23:55:00,wl_in,0.0,False
water,2022,WL.SSN.01,สถานีสูบน้ำ สามเสน,105120,105120,100.0,105120,0,2022-01-01,2022-12-31 23:55:00,wl_in,0.0,False
water,2022,WL.SSN.02,จุดวัดคลองสามเสน ช่วงถนนพระรามที่ 5,105120,105120,100.0,105120,0,2022-01-01,2022-12-31 23:55:00,wl_in,0.071,False
water,2022,WL.SSN.03,จุดวัดคลองสามเสน ตอนถนนพระรามที่ 6,105120,105120,100.0,105120,0,2022-01-01,2022-12-31 23:55:00,wl_in,0.0,False
water,2022,WL.SSN.04,จุดวัดคลองสามเสน ช่วงถนนพหลโยธิน,105120,105120,100.0,105120,0,2022-01-01,2022-12-31 23:55:00,wl_in,0.0,False
water,2022,WL.SSN.05,จุดวัดคลองสามเสน ตอน รพ.พระมงกุฎเกล้า,105120,105120,100.0,105120,0,2022-01-01,2022-12-31 23:55:00,wl_in,0.0,False
water,2022,WL.SSN.06,จุดวัดคลองสามเสน ช่วงถนนดินแดง,105120,105120,100.0,105120,0,2022-01-01,2022-12-31 23:55:00,wl_in,0.0,False
water,2022,WL.SSN.07,จุดวัดคลองสามเสน ตอนถนนอโศก,105120,105120,100.0,105120,0,2022-01-01,2022-12-31 23:55:00,wl_in,0.0,False
water,2022,WL.SSN.08,สถานีสูบน้ำ สามเสน ตอนคลองแสนแสบ,105120,105120,100.0,105120,0,2022-01-01,2022-12-31 23:55:00,wl_in,0.0,False
water,2022,WL.SSN.09,จุดวัดคลองสามเสน ช่วงถนนเอกมัย,105120,105120,100.0,105120,0,2022-01-01,2022-12-31 23:55:00,wl_in,0.0,False
water,2022,WL.SSN.10,จุดวัดคลองสามเสน -ตอนคลองชวดใหญ่,105120,105120,100.0,105120,0,2022-01-01,2022-12-31 23:55:00,wl_in,75.797,True
water,2022,WL.SST.01,ประตูระบายน้ำ คลองสองสายใต้,105120,105120,100.0,105120,0,2022-01-01,2022-12-31 23:55:00,wl_in,0.0,False
water,2022,WL.STN.01,จุดวัดคลองสองต้นนุ่น ตอนถนนรามคำแหง,105120,105120,100.0,105120,0,2022-01-01,2022-12-31 23:55:00,wl_in,0.0,False
water,2022,WL.STN.02,"""จุดวัดคลองสองต้นนุ่น ตอนซอยร่มเกล้า 20 """,105120,105120,100.0,105120,0,2022-01-01,2022-12-31 23:55:00,wl_in,0.0,False
water,2022,WL.STN.03,จุดวัดคลองสองต้นนุ่น ตอนถนนมอเตอร์เวย์,105120,105120,100.0,105120,0,2022-01-01,2022-12-31 23:55:00,wl_in,0.0,False
water,2022,WL.STR.01,สถานีสูบน้ำ คลองสาทร,105120,105120,100.0,105120,0,2022-01-01,2022-12-31 23:55:00,wl_in,0.0,False
water,2022,WL.STR.02,"""จุดวัดคลองสาทร ตอนถนนพระรามที่ 4 """,105120,105120,100.0,105120,0,2022-01-01,2022-12-31 23:55:00,wl_in,0.0,False
water,2022,WL.SWA.01,ประตูระบายน้ำ คลองสามวา,105120,105120,100.0,105120,0,2022-01-01,2022-12-31 23:55:00,wl_in,0.0,False
water,2022,WL.SWU.01,จุดวัดคูน้ำ มศว.,105120,105120,100.0,105120,0,2022-01-01,2022-12-31 23:55:00,wl_in,0.0,False
water,2022,WL.TCG.01,"""จุดวัดคลองตาช้าง ตอนถนนศรีนครินทร์ """,105120,105120,100.0,105120,0,2022-01-01,2022-12-31 23:55:00,wl_in,0.0,False
water,2022,WL.TNG.01,จุดวัดคลองตาหนัง ตอนถนนลาดพร้าว,105120,105120,100.0,105120,0,2022-01-01,2022-12-31 23:55:00,wl_in,0.0,False
water,2022,WL.TPK.02,จุดวัดคลองตาพุก ตอนถนนลาดกระบัง,105120,105120,100.0,105120,0,2022-01-01,2022-12-31 23:55:00,wl_in,0.0,False
water,2022,WL.TPK.03,จุดวัดคลองตาพุก ตอนคลองทับช้างบน,105120,105120,100.0,105120,0,2022-01-01,2022-12-31 23:55:00,wl_in,0.0,False
water,2022,WL.TSK.01,จุดวัดคูน้ำต่อศักดิ์ ตอนซอยทองหล่อ 25,105120,105120,100.0,105120,0,2022-01-01,2022-12-31 23:55:00,wl_in,0.0,False
water,2022,WL.TTN.01,จุดวัดคลองลาดโตนด ตอน ปตร.คลองลาดโตนด,105120,105120,100.0,105120,0,2022-01-01,2022-12-31 23:55:00,wl_in,0.0,False
water,2022,WL.TUT.01,สถานีสูบน้ำ คลองตาอูฐ,105120,105120,100.0,105120,0,2022-01-01,2022-12-31 23:55:00,wl_in,0.0,False
water,2022,WL.TUT.02,จุดวัดคลองตาอูฐ ตอนซอยแจ้งวัฒนะ 14,105120,105120,100.0,105120,0,2022-01-01,2022-12-31 23:55:00,wl_in,0.0,False
water,2022,WL.TWW.01,ประตูระบายน้ำ คลองทวีวัฒนา,105120,105120,100.0,105120,0,2022-01-01,2022-12-31 23:55:00,wl_in,0.0,False
water,2022,WL.TWW.02,จุดวัดคลองทวีวัฒนา ตอนถนนบรมราชชนนี,105120,105120,100.0,105120,0,2022-01-01,2022-12-31 23:55:00,wl_in,0.0,False
water,2022,WL.TWW.03,จุดวัดคลองทวีวัฒนา ตอนถนนเพชรเกษม,105120,105120,100.0,105120,0,2022-01-01,2022-12-31 23:55:00,wl_in,0.0,False
water,2022,WL.TWW.04,จุดวัดคลองทวีวัฒนา ตอนคลองบางเชือกหนัง,105120,105120,100.0,105120,0,2022-01-01,2022-12-31 23:55:00,wl_in,0.0,False
water,2022,WL.TWW.05,จุดวัดคลองทวีวัฒนา ตอนคลองภาษีเจริญ,105120,105120,100.0,105120,0,2022-01-01,2022-12-31 23:55:00,wl_in,17.856,False
water,2022,WL.VPV.01,สถานีสูบน้ำ รัชดา-วิภาวดี,105120,105120,100.0,105120,0,2022-01-01,2022-12-31 23:55:00,wl_in,0.0,False
water,2022,WL.WKT.01,จุดวัดคลองวัดไก่เตี้ย ตอนสถานีสูบน้ำคลองวัดไก่เตี้ย,105120,105120,100.0,105120,0,2022-01-01,2022-12-31 23:55:00,wl_in,0.0,False
water,2022,WL.WLS.01,จุดวัดคลองวัดหลักสี่ ตอนถนนวิภาวดีรังสิต,105120,105120,100.0,105120,0,2022-01-01,2022-12-31 23:55:00,wl_in,33.96,False
water,2022,WL.WSI.01,สถานีสูบน้ำ คลองวัดไทร,105120,105120,100.0,105120,0,2022-01-01,2022-12-31 23:55:00,wl_in,0.0,False
water,2022,WL.WTK.01,จุดวัดคลองวัดตึก ตอนถนนลาดพร้าว,105120,105120,100.0,105120,0,2022-01-01,2022-12-31 23:55:00,wl_in,0.0,False
water,2022,WL.WTN.02,จุดวัดคูน้ำวัฒนา ตอนโรงเรียนวัฒนาวิทยาลัย,105120,105120,100.0,105120,0,2022-01-01,2022-12-31 23:55:00,wl_in,0.0,False
water,2022,WL.YPE.01,จุดคลองยายเพียร ตอนถนนเพชรเกษม,105120,105120,100.0,105120,0,2022-01-01,2022-12-31 23:55:00,wl_in,0.0,False
water,2022,WL.YPN.01,จุดวัดคลองยายเผื่อน ตอนแฮปปี้แลนด์,105120,105120,100.0,105120,0,2022-01-01,2022-12-31 23:55:00,wl_in,0.0,False
water,2022,WL.YPN.02,จุดวัดคลองยายเผื่อน ตอนถนนลาดพร้าว,105120,105120,100.0,105120,0,2022-01-01,2022-12-31 23:55:00,wl_in,0.0,False
water,2022,WL.YSN.02,"""จุดวัดคลองยายสุ่น ตอนถนนรัชดาภิเษก """,105120,105120,100.0,105120,0,2022-01-01,2022-12-31 23:55:00,wl_in,0.0,False
water,2023,WL.ANX.01,คูน้ำแอนเนกซ์ (บ่อสูบน้ำพหลโยธิน 58),105120,105120,100.0,105120,0,2023-01-01,2023-12-31 23:55:00,wl_in,71.357,True
water,2023,WL.BBN.01,จุดวัดคลองบางบอน ตอนถนนบางขุนเทียน,105120,105120,100.0,105120,0,2023-01-01,2023-12-31 23:55:00,wl_in,0.0,False
water,2023,WL.BBN.02,จุดวัดคลองบางบอน ตอนถนนกาญจนาภิเษก,105120,105120,100.0,105120,0,2023-01-01,2023-12-31 23:55:00,wl_in,0.0,False
water,2023,WL.BBN.03,จุดวัดคลองบางบอน ตอนคลองสะแกงาม,105120,105120,100.0,105120,0,2023-01-01,2023-12-31 23:55:00,wl_in,0.0,False
water,2023,WL.BBR.01,จุดวัดคลองบางบำหรุ ตอนถนนบรมราชชนนี,105120,105120,100.0,105120,0,2023-01-01,2023-12-31 23:55:00,wl_in,0.0,False
water,2023,WL.BBR.02,จุดวัดคลองบางบำหรุ ตอนถนนสิรินธร,105120,105120,100.0,105120,0,2023-01-01,2023-12-31 23:55:00,wl_in,0.0,False
water,2023,WL.BBU.01,จุดวัดคลองบางบัว,105120,105120,100.0,105120,0,2023-01-01,2023-12-31 23:55:00,wl_in,0.0,False
water,2023,WL.BCN.01,จุดวัดคลองบางเชือกหนัง ตอนถนนกาญจนาภิเษก,105120,105120,100.0,105120,0,2023-01-01,2023-12-31 23:55:00,wl_in,0.0,False
water,2023,WL.BCN.02,จุดวัดคลองบางเชือกหนัง ตอนถนนพุทธมณฑลสาย 1,105120,105120,100.0,105120,0,2023-01-01,2023-12-31 23:55:00,wl_in,0.0,False
water,2023,WL.BCN.03,จุดวัดคลองบางเชือกหนัง ตอนถนนพุทธมณฑลสาย 2,105120,105120,100.0,105120,0,2023-01-01,2023-12-31 23:55:00,wl_in,0.0,False
water,2023,WL.BJK.01,สถานีสูบน้ำ บางจาก,105120,105120,100.0,105120,0,2023-01-01,2023-12-31 23:55:00,wl_in,0.0,False
water,2023,WL.BJK.02,"""จุดวัดคลองบางจาก ตอนซอยเพชรเกษม 68 """,105120,105120,100.0,105120,0,2023-01-01,2023-12-31 23:55:00,wl_in,0.0,False
water,2023,WL.BJK.03,จุดวัดคลองบางจาก ตอนคลองบางหว้า,105120,105120,100.0,105120,0,2023-01-01,2023-12-31 23:55:00,wl_in,0.0,False
water,2023,WL.BJK.04,"""จุดวัดคลองบางจาก ตอนถนนพุทธมณฑลสาย 2 """,105120,105120,100.0,105120,0,2023-01-01,2023-12-31 23:55:00,wl_in,0.0,False
water,2023,WL.BKA.01,สถานีสูบน้ำ คลองบางเขนใหม่,105120,105120,100.0,105120,0,2023-01-01,2023-12-31 23:55:00,wl_in,0.001,False
water,2023,WL.BKA.02,จุดวัดคลองบางเขน ช่วงถนนกรุงเทพ-นนทบุรี,105120,105120,100.0,105120,0,2023-01-01,2023-12-31 23:55:00,wl_in,0.0,False
water,2023,WL.BKA.03,จุดวัดคลองบางเขน ช่วงถนนประชาชื่น,105120,105120,100.0,105120,0,2023-01-01,2023-12-31 23:55:00,wl_in,0.0,False
water,2023,WL.BKA.04,จุดวัดคลองบางเขน ช่วงถนนวิภาวดีรังสิต,105120,105120,100.0,105120,0,2023-01-01,2023-12-31 23:55:00,wl_in,0.0,False
water,2023,WL.BKB.01,จุดวัดคลองบางกระบือ ตอนถนนสามเสน,105120,105120,100.0,105120,0,2023-01-01,2023-12-31 23:55:00,wl_in,0.0,False
water,2023,WL.BKG.01,ประตูระบายน้ำ คลองบึงขวาง,105120,105120,100.0,105120,0,2023-01-01,2023-12-31 23:55:00,wl_in,0.0,False
water,2023,WL.BKL.01,จุดวัดคลองบางโคลัด ตอนถนนบางบอน 1,105120,105120,100.0,105120,0,2023-01-01,2023-12-31 23:55:00,wl_in,0.0,False
water,2023,WL.BKY.01,สถานีสูบน้ำ คลองบางกอกใหญ่,105120,105120,100.0,105120,0,2023-01-01,2023-12-31 23:55:00,wl_in,0.0,False
water,2023,WL.BKY.02,จุดวัดคลองบางเชือกหนัง ตอนวัดปากน้ำฝั่งใต้,105120,105120,100.0,105120,0,2023-01-01,2023-12-31 23:55:00,wl_in,0.0,False
water,2023,WL.BLP.02,จุดวัดคลองบางลำพู ตอนสะพานผ่านฟ้า,105120,105120,100.0,105120,0,2023-01-01,2023-12-31 23:55:00,wl_in,0.0,False
water,2023,WL.BLY.01,จุดวัดคลองบ้านหลาย ตอนถนนสุขุมวิท 77,105120,105120,100.0,105120,0,2023-01-01,2023-12-31 23:55:00,wl_in,0.0,False
water,2023,WL.BMK.01,จุดวัดคลองบางมะเขือ ตอนถนนสุขุมวิท 71,105120,105120,100.0,105120,0,2023-01-01,2023-12-31 23:55:00,wl_in,4.536,False
water,2023,WL.BNA.01,สถานีสูบน้ำ บางนา,105120,105120,100.0,105120,0,2023-01-01,2023-12-31 23:55:00,wl_in,0.0,False
water,2023,WL.BNA.02,จุดวัดคลองบางนา ตอนถนนสุขุมวิท,105120,105120,100.0,105120,0,2023-01-01,2023-12-31 23:55:00,wl_in,0.0,False
water,2023,WL.BNA.03,จุดวัดคลองบางนา ตอนถนนศรีนครินทร์,105120,105120,100.0,105120,0,2023-01-01,2023-12-31 23:55:00,wl_in,0.0,False
water,2023,WL.BNA.04,จุดวัดคลองบางนา ตอนซอยบางนา-ตราด 56,105120,105120,100.0,105120,0,2023-01-01,2023-12-31 23:55:00,wl_in,0.0,False
water,2023,WL.BNJ.01,จุดวัดคลองบางนางจีน ตอนสถานีสูบน้ำบางนางจีน,105120,105120,100.0,105120,0,2023-01-01,2023-12-31 23:55:00,wl_in,0.0,False
water,2023,WL.BNJ.02,จุดวัดคลองบางนางจีน ตอนซอยสุขุมวิท 66/1,105120,105120,100.0,105120,0,2023-01-01,2023-12-31 23:55:00,wl_in,0.0,False
water,2023,WL.BNJ.03,จุดวัดคลองบางนางจีน ตอนซอยสุขุมวิท 93,105120,105120,100.0,105120,0,2023-01-01,2023-12-31 23:55:00,wl_in,0.0,False
water,2023,WL.BNJ.04,จุดวัดคลองบางนางจีน ตอนถนนสุขุมวิท 101/1,105120,105120,100.0,105120,0,2023-01-01,2023-12-31 23:55:00,wl_in,0.0,False
water,2023,WL.BOA.01,สถานีสูบน้ำ บางอ้อ,105120,105120,100.0,105120,0,2023-01-01,2023-12-31 23:55:00,wl_in,0.0,False
water,2023,WL.BOA.02,จุดวัดคลองบางอ้อ ตอนซอยสุขุมวิท 64,105120,105120,100.0,105120,0,2023-01-01,2023-12-31 23:55:00,wl_in,0.0,False
water,2023,WL.BOA.03,จุดวัดคลองบางอ้อใหญ่ ตอนซอยสุขุมวิท 66/1,105120,105120,100.0,105120,0,2023-01-01,2023-12-31 23:55:00,wl_in,31.105,False
water,2023,WL.BON.01,จุดวัดคลองบางอ้อน้อย ตอนซอยสุขุมวิท 64,105120,105120,100.0,105120,0,2023-01-01,2023-12-31 23:55:00,wl_in,29.803,False
water,2023,WL.BPA.01,จุดวัดคลองบ้านป่า ตอนถนนพัฒนาการ,105120,105120,100.0,105120,0,2023-01-01,2023-12-31 23:55:00,wl_in,0.0,False
water,2023,WL.BPM.01,จุดวัดคลองบางพรม ตอนคลองชักพระ,105120,105120,100.0,105120,0,2023-01-01,2023-12-31 23:55:00,wl_in,0.0,False
water,2023,WL.BPM.02,จุดวัดคลองบางพรม ตอนถนนฉิมพลี,105120,105120,100.0,105120,0,2023-01-01,2023-12-31 23:55:00,wl_in,0.0,False
water,2023,WL.BPM.03,จุดวัดคลองบางพรม ตอนถนนกาญจนาภิเษก,105120,105120,100.0,105120,0,2023-01-01,2023-12-31 23:55:00,wl_in,0.0,False
water,2023,WL.BPM.04,จุดวัดคลองบางพรม ตอนถนนพุทธมณฑลสาย 3,105120,105120,100.0,105120,0,2023-01-01,2023-12-31 23:55:00,wl_in,0.0,False
water,2023,WL.BPN.01,จุดวัดคลองบางพราน ตอนถนนบางบอน 1,105120,105120,100.0,105120,0,2023-01-01,2023-12-31 23:55:00,wl_in,0.0,False
water,2023,WL.BPN.02,จุดวัดคลองบางพราน ตอนถนนบางบอน 2,105120,105120,100.0,105120,0,2023-01-01,2023-12-31 23:55:00,wl_in,0.0,False
water,2023,WL.BPU.01,จุดวัดสถานตากอากาศบางปู,105120,105120,100.0,105120,0,2023-01-01,2023-12-31 23:55:00,wl_in,0.0,False
water,2023,WL.BSK.01,สถานีสูบน้ำ คลองบางไส้ไก่,105120,105120,100.0,105120,0,2023-01-01,2023-12-31 23:55:00,wl_in,0.0,False
water,2023,WL.BSU.01,สถานีสูบน้ำ คลองบางซื่อ,105120,105120,100.0,105120,0,2023-01-01,2023-12-31 23:55:00,wl_in,0.0,False
water,2023,WL.BSU.02,จุดวัดคลองบางซื่อ ช่วงถนนพระรามที่ 5,105120,105120,100.0,105120,0,2023-01-01,2023-12-31 23:55:00,wl_in,0.0,False
water,2023,WL.BSU.03,จุดวัดคลองบางซื่อ ตอนถนนพระรามที่ 6,105120,105120,100.0,105120,0,2023-01-01,2023-12-31 23:55:00,wl_in,0.0,False
water,2023,WL.BSU.04,จุดวัดคลองบางซื่อ ช่วงถนนพหลโยธิน,105120,105120,100.0,105120,0,2023-01-01,2023-12-31 23:55:00,wl_in,0.0,False
water,2023,WL.BSU.05,จุดวัดคลองบางซื่อ ช่วงถนนวิภาวดีรังสิต,105120,105120,100.0,105120,0,2023-01-01,2023-12-31 23:55:00,wl_in,0.0,False
water,2023,WL.BSU.06,จุดวัดคลองบางซื่อ ช่วงถนนรัชดาภิเษก (เจ้าพระยาปาร์ค),105120,105120,100.0,105120,0,2023-01-01,2023-12-31 23:55:00,wl_in,0.0,False
water,2023,WL.BSU.07,จุดวัดคลองบางซื่อ - ตอนถนนลาดพร้าว,105120,105120,100.0,105120,0,2023-01-01,2023-12-31 23:55:00,wl_in,0.0,False
water,2023,WL.BTL.01,จุดวัดคลองบางตลาด ตอนท่าทราย,105120,105120,100.0,105120,0,2023-01-01,2023-12-31 23:55:00,wl_in,0.0,False
water,2023,WL.BTY.01,จุดวัดคลองบางเตย ตอนถนนนวมินทร์ 66/3,105120,105120,100.0,105120,0,2023-01-01,2023-12-31 23:55:00,wl_in,0.0,False
water,2023,WL.BWK.01,จุดวัดคลองบางแวก ตอนคลองบางกอกใหญ่,105120,105120,100.0,105120,0,2023-01-01,2023-12-31 23:55:00,wl_in,0.0,False
water,2023,WL.BWK.02,จุดวัดคลองบางแวก ตอนถนนพุทธมณฑลสาย 1,105120,105120,100.0,105120,0,2023-01-01,2023-12-31 23:55:00,wl_in,0.0,False
water,2023,WL.BWK.03,จุดวัดคลองบางแวก ตอนคลองทวีวัฒนา,105120,105120,100.0,105120,0,2023-01-01,2023-12-31 23:55:00,wl_in,0.0,False
water,2023,WL.BYI.01,จุดวัดคลองบึงใหญ่ ตอนวัดทองสัมฤทธิ์,105120,105120,100.0,105120,0,2023-01-01,2023-12-31 23:55:00,wl_in,0.0,False
water,2023,WL.BYK.01,จุดวัดคลองบางยี่ขัน ตอนถนนจรัญสนิทวงศ์,105120,105120,100.0,105120,0,2023-01-01,2023-12-31 23:55:00,wl_in,0.0,False
water,2023,WL.BYK.02,จุดวัดคลองบางยี่ขัน ตอนสถานีสูบน้ำคลองบางยี่ขัน,105120,105120,100.0,105120,0,2023-01-01,2023-12-31 23:55:00,wl_in,0.0,False
water,2023,WL.CBJ.01,จุดวัดคลองชวดบางจาก ตอนถนนประชาอุทิศ,105120,105120,100.0,105120,0,2023-01-01,2023-12-31 23:55:00,wl_in,0.0,False
water,2023,WL.CKS.01,สถานีสูบน้ำ คลองเจ้าคุณสิงห์,105120,105120,100.0,105120,0,2023-01-01,2023-12-31 23:55:00,wl_in,0.0,False
water,2023,WL.CKS.02,จุดวัดคลองเจ้าคุณสิงห์ ตอนถนนลาดพร้าว,105120,105120,100.0,105120,0,2023-01-01,2023-12-31 23:55:00,wl_in,0.0,False
water,2023,WL.CNS.01,สถานีสูบน้ำ คลองช่องนนทรี,105120,105120,100.0,105120,0,2023-01-01,2023-12-31 23:55:00,wl_in,0.0,False
water,2023,WL.CNS.02,จุดวัดคลองช่องนนทรี ตอนถนนนราธิวาสราชนครินทร์,105120,105120,100.0,105120,0,2023-01-01,2023-12-31 23:55:00,wl_in,81.139,True
water,2023,WL.CNS.03,จุดวัดคลองช่องนนทรี ตอนถนนจันทน์,105120,105120,100.0,105120,0,2023-01-01,2023-12-31 23:55:00,wl_in,0.0,False
water,2023,WL.CNS.04,จุดวัดคลองช่องนนทรี ตอนถนนสาทรใต้,105120,105120,100.0,105120,0,2023-01-01,2023-12-31 23:55:00,wl_in,100.0,True
water,2023,WL.CPA.01,สถานีสูบน้ำ คลองชักพระ,105120,105120,100.0,105120,0,2023-01-01,2023-12-31 23:55:00,wl_in,0.0,False
water,2023,WL.CTC.01,จุดวัดคลองชวดตาเชียง ตอนสถานีสูบน้ำคลองชวดตาเชียง,105120,105120,100.0,105120,0,2023-01-01,2023-12-31 23:55:00,wl_in,100.0,True
water,2023,WL.CYI.01,จุดวัดคลองชวดใหญ่ ตอนถนนพระราม 9 ซอย 13,105120,105120,100.0,105120,0,2023-01-01,2023-12-31 23:55:00,wl_in,0.0,False
water,2023,WL.CYI.02,จุดวัดคลองชวดใหญ่ ตอนถนนพระราม 9,105120,105120,100.0,105120,0,2023-01-01,2023-12-31 23:55:00,wl_in,0.0,False
water,2023,WL.CYI.03,จุดวัดคลองชวดใหญ่-ตอนคลองลาดพร้าว,105120,105120,100.0,105120,0,2023-01-01,2023-12-31 23:55:00,wl_in,0.0,False
water,2023,WL.DKN.01,สถานีสูบน้ำ ดาวคะนอง,105120,105120,100.0,105120,0,2023-01-01,2023-12-31 23:55:00,wl_in,0.0,False
water,2023,WL.FTM.01,จุดวัดคลองโบสถ์แม่พระ ตอนถนนดินแดง,105120,105120,100.0,105120,0,2023-01-01,2023-12-31 23:55:00,wl_in,0.0,False
water,2023,WL.HKG.01,จุดวัดคลองห้วยขวาง ตอนถนนประชาสงเคราะห์,105120,105120,100.0,105120,0,2023-01-01,2023-12-31 23:55:00,wl_in,0.0,False
water,2023,WL.HKG.02,จุดวัดคลองห้วยขวาง ตอนถนนเทียมร่วมมิตร,105120,105120,100.0,105120,0,2023-01-01,2023-12-31 23:55:00,wl_in,0.0,False
water,2023,WL.HMK.01,จุดวัดคลองหัวหมาก ตอนถนนศรีนครินทร์,105120,105120,100.0,105120,0,2023-01-01,2023-12-31 23:55:00,wl_in,0.0,False
water,2023,WL.IDE.01,จุดวัดบ่อสูบน้ำอินโดนีเซีย,105120,105120,100.0,105120,0,2023-01-01,2023-12-31 23:55:00,wl_in,69.157,True
water,2023,WL.JKK.01,จุดวัดคลองจระเข้ขบ ตอนถนนสุขาภิบาล 2 ซอย 2,105120,105120,100.0,105120,0,2023-01-01,2023-12-31 23:55:00,wl_in,36.676,False
water,2023,WL.JRN.01,สถานีสูบน้ำ คลองแจงร้อน,105120,105120,100.0,105120,0,2023-01-01,2023-12-31 23:55:00,wl_in,0.0,False
water,2023,WL.KBU.01,ประตูระบายน้ำ คลองบัว ตอนทางรถไฟสายใต้,105120,105120,100.0,105120,0,2023-01-01,2023-12-31 23:55:00,wl_in,0.0,False
water,2023,WL.KBU.02,จุดวัดคลองบัว ตอนถนนพุทธมณฑลสาย 1,105120,105120,100.0,105120,0,2023-01-01,2023-12-31 23:55:00,wl_in,0.0,False
water,2023,WL.KCD.01,จุดวัดคลองกระเฉด (โรงควบคุมคุณภาพน้ำรามอินทรา),105120,105120,100.0,105120,0,2023-01-01,2023-12-31 23:55:00,wl_in,81.509,True
water,2023,WL.KDN.01,ประตูระบายน้ำ คลองวัดด่าน,105120,105120,100.0,105120,0,2023-01-01,2023-12-31 23:55:00,wl_in,0.0,False
water,2023,WL.KJA.01,จุดวัดคลองกะจะ ตอนถนนพระราม 9,105120,105120,100.0,105120,0,2023-01-01,2023-12-31 23:55:00,wl_in,0.0,False
water,2023,WL.KJA.02,จุดวัดคลองกะจะ ตอนถนนพระราม 9 ซอย 57,105120,105120,100.0,105120,0,2023-01-01,2023-12-31 23:55:00,wl_in,0.0,False
water,2023,WL.KJG.01,จุดวัดคลองจิก ตอนถนนหัวหมาก,105120,105120,100.0,105120,0,2023-01-01,2023-12-31 23:55:00,wl_in,0.0,False
water,2023,WL.KJK.01,สถานีสูบน้ำ คลองเจ็ก,105120,105120,100.0,105120,0,2023-01-01,2023-12-31 23:55:00,wl_in,0.0,False
water,2023,WL.KJK.02,จุดวัดคลองเจ็ก ตอนถนนสุขุมวิท 60/1,105120,105120,100.0,105120,0,2023-01-01,2023-12-31 23:55:00,wl_in,0.0,False
water,2023,WL.KJN.01,จุดวัดคลองจั่น ตอนถนนลาดพร้าว,105120,105120,100.0,105120,0,2023-01-01,2023-12-31 23:55:00,wl_in,0.0,False
water,2023,WL.KJN.02,จุดวัดคลองจั่น ตอนถนนโยธินพัฒนา,105120,105120,100.0,105120,0,2023-01-01,2023-12-31 23:55:00,wl_in,0.0,False
water,2023,WL.KJT.01,"""จุดวัดคลองจิต ตอนซอยลาดพร้าว 122 """,105120,105120,100.0,105120,0,2023-01-01,2023-12-31 23:55:00,wl_in,0.0,False
water,2023,WL.KJU.01,จุดวัดคลองขุนจันทร์ ตอนถนนฉิมพลี,105120,105120,100.0,105120,0,2023-01-01,2023-12-31 23:55:00,wl_in,0.0,False
water,2023,WL.KKD.01,จุดวัดคลองเคล็ด ตอนถนนสุขุมวิท 77,105120,105120,100.0,105120,0,2023-01-01,2023-12-31 23:55:00,wl_in,0.0,False
water,2023,WL.KKD.02,จุดวัดคลองเคล็ด ตอนถนนสุภาพงษ์ 1,105120,105120,100.0,105120,0,2023-01-01,2023-12-31 23:55:00,wl_in,0.0,False
water,2023,WL.KKD.03,จุดวัดคลองเคล็ด ตอนถนนศรีนครินทร์,105120,105120,100.0,105120,0,2023-01-01,2023-12-31 23:55:00,wl_in,0.0,False
water,2023,WL.KKO.01,จุดวัดคลองเก้า ตอนวัดศรีสุขสถาพร,105120,105120,100.0,105120,0,2023-01-01,2023-12-31 23:55:00,wl_in,0.0,False
water,2023,WL.KKS.01,สถานีสูบน้ำ เทเวศร์,105120,105120,100.0,105120,0,2023-01-01,2023-12-31 23:55:00,wl_in,0.0,False
water,2023,WL.KKS.02,จุดวัดคลองผดุงกรุงเกษม ตอนทำเนียบรัฐบาล,105120,105120,100.0,105120,0,2023-01-01,2023-12-31 23:55:00,wl_in,0.0,False
water,2023,WL.KKS.03,จุดวัดคลองผดุงกรุงเกษม ตอนหัวลำโพง,105120,105120,100.0,105120,0,2023-01-01,2023-12-31 23:55:00,wl_in,0.0,False
water,2023,WL.KKS.04,สถานีสูบน้ำ กรุงเกษม,105120,105120,100.0,105120,0,2023-01-01,2023-12-31 23:55:00,wl_in,0.0,False
water,2023,WL.KKY.01,จุดวัดคลองควาย ตอนถนนศาลาธรรมสพน์,105120,105120,100.0,105120,0,2023-01-01,2023-12-31 23:55:00,wl_in,0.0,False
water,2023,WL.KKY.02,จุดวัดคลองควาย ตอนถนนบรมราชชนนี,105120,105120,100.0,105120,0,2023-01-01,2023-12-31 23:55:00,wl_in,0.0,False
water,2023,WL.KLA.01,จุดวัดคลองลาว ตอนถนนพัฒนาการ,105120,105120,100.0,105120,0,2023-01-01,2023-12-31 23:55:00,wl_in,0.0,False
water,2023,WL.KLD.01,จุดวัดคลองหลอด ตอนสถานีสูบน้ำปากคลองตลาด,105120,105120,100.0,105120,0,2023-01-01,2023-12-31 23:55:00,wl_in,0.0,False
water,2023,WL.KLD.02,จุดวัดคลองหลอด ตอนถนนราชดำเนินใน,105120,105120,100.0,105120,0,2023-01-01,2023-12-31 23:55:00,wl_in,0.0,False
water,2023,WL.KLT.01,จุดวัดคลองตัน ช่วงใต้ทางด่วน,105120,105120,100.0,105120,0,2023-01-01,2023-12-31 23:55:00,wl_in,15.388,False
water,2023,WL.KMN.01,สถานีสูบน้ำ คลองมอญ,105120,105120,100.0,105120,0,2023-01-01,2023-12-31 23:55:00,wl_in,0.0,False
water,2023,WL.KNB.01,จุดวัดคลองหนองบอน ตอนอ่อนนุช 66 ซอย 13,105120,105120,100.0,105120,0,2023-01-01,2023-12-31 23:55:00,wl_in,0.0,False
water,2023,WL.KNB.02,จุดวัดคลองหนองบอน ตอนถนนเฉลิมพระเกียรติรัชกาลที่ 9,105120,105120,100.0,105120,0,2023-01-01,2023-12-31 23:55:00,wl_in,0.0,False
water,2023,WL.KPG.01,จุดวัดคลองเป้ง ตอนซอยเอกมัย 23,105120,105120,100.0,105120,0,2023-01-01,2023-12-31 23:55:00,wl_in,0.0,False
water,2023,WL.KPM.01,จุดวัดคลองเปรมประชากร ช่วงสถานีน้ำอุโมงค์คลองเปรมประชากร,105120,105120,100.0,105120,0,2023-01-01,2023-12-31 23:55:00,wl_in,0.0,False
water,2023,WL.KPM.02,จุดวัดคลองเปรมประชากร ตอนถนนรัชดาภิเษก,105120,105120,100.0,105120,0,2023-01-01,2023-12-31 23:55:00,wl_in,0.83,False
water,2023,WL.KPM.03,จุดวัดคลองเปรมประชากร ช่วงวัดเทวสุนทร,105120,105120,100.0,105120,0,2023-01-01,2023-12-31 23:55:00,wl_in,0.0,False
water,2023,WL.KPM.04,คลองเปรมประชากร ตอนคลองบางตลาด*,105120,105120,100.0,105120,0,2023-01-01,2023-12-31 23:55:00,wl_in,0.0,False
water,2023,WL.KPM.05,จุดวัดคลองเปรมประชากร ตอนถนนสรงประภา,105120,105120,100.0,105120,0,2023-01-01,2023-12-31 23:55:00,wl_in,0.0,False
water,2023,WL.KPM.06,จุดวัดคลองเปรมประชากร ตอนคลองบ้านใหม่,105120,105120,100.0,105120,0,2023-01-01,2023-12-31 23:55:00,wl_in,0.0,False
water,2023,WL.KSG.01,จุดวัดคลองสอง ตอนถนนพหลโยธิน,105120,105120,100.0,105120,0,2023-01-01,2023-12-31 23:55:00,wl_in,0.0,False
water,2023,WL.KSI.01,จุดวัดคลองสี่ ตอนถนนสุวินทวงศ์,105120,105120,100.0,105120,0,2023-01-01,2023-12-31 23:55:00,wl_in,0.0,False
water,2023,WL.KSI.02,จุดวัดคลองสี่ ตอนถนนเจ้าคุณทหาร,105120,105120,100.0,105120,0,2023-01-01,2023-12-31 23:55:00,wl_in,0.0,False
water,2023,WL.KSK.01,"""จุดวัดคลองขุนสกล ตอนซอยศรีนครินทร์ 36 """,105120,105120,100.0,105120,0,2023-01-01,2023-12-31 23:55:00,wl_in,0.0,False
water,2023,WL.KSM.01,จุดวัดคลองสาม ตอนร่มเกล้า 17,105120,105120,100.0,105120,0,2023-01-01,2023-12-31 23:55:00,wl_in,0.0,False
water,2023,WL.KSM.02,จุดวัดคลองสาม ตอนมอเตอร์เวย์,105120,105120,100.0,105120,0,2023-01-01,2023-12-31 23:55:00,wl_in,0.0,False
water,2023,WL.KSO.01,จุดวัดคลองซอย ตอนถนนบรมราชชนนี,105120,105120,100.0,105120,0,2023-01-01,2023-12-31 23:55:00,wl_in,0.0,False
water,2023,WL.KSO.02,จุดวัดคลองซอย ตอนถนนศาลาธรรมสพน์,105120,105120,100.0,105120,0,2023-01-01,2023-12-31 23:55:00,wl_in,0.0,False
water,2023,WL.KTK.03,จุดวัดคลองขรัวตาแก่น ตอนซอยสะพานขวา,105120,105120,100.0,105120,0,2023-01-01,2023-12-31 23:55:00,wl_in,0.0,False
water,2023,WL.KTY.01,สถานีสูบน้ำ คลองเตย,105120,105120,100.0,105120,0,2023-01-01,2023-12-31 23:55:00,wl_in,74.816,True
water,2023,WL.LBK.01,จุดวัดคลองลาดบัวขาว ตอนถนนรามคำแหง,105120,105120,100.0,105120,0,2023-01-01,2023-12-31 23:55:00,wl_in,0.0,False
water,2023,WL.LBK.02,จุดวัดคลองลาดบัวขาว ตอนถนนเคหะร่มเกล้า,105120,105120,100.0,105120,0,2023-01-01,2023-12-31 23:55:00,wl_in,0.0,False
water,2023,WL.LBK.03,จุดวัดคลองลาดบัวขาว ตอนซอยกาญจนาภิเษก 24,105120,105120,100.0,105120,0,2023-01-01,2023-12-31 23:55:00,wl_in,0.0,False
water,2023,WL.LCL.01,จุดวัดคลองลำชะล่า ตอนถนนนวมินทร์,105120,105120,100.0,105120,0,2023-01-01,2023-12-31 23:55:00,wl_in,0.0,False
water,2023,WL.LCL.02,จุดวัดคลองลำชะล่า ตอนซอยนวมินทร์ 86,105120,105120,100.0,105120,0,2023-01-01,2023-12-31 23:55:00,wl_in,0.0,False
water,2023,WL.LKB.01,จุดวัดคลองลาดกระบัง ตอนซอยลาดกระบัง 54/6,105120,105120,100.0,105120,0,2023-01-01,2023-12-31 23:55:00,wl_in,0.0,False
water,2023,WL.LOA.01,จุดวัดคลองรางอ้อ-รางแก้ว ตอนถนนพหลโยธิน,105120,105120,100.0,105120,0,2023-01-01,2023-12-31 23:55:00,wl_in,0.0,False
water,2023,WL.LPC.01,จุดวัดคลองลำผักชี ตอนโรงเรียนลำผักชี,105120,105120,100.0,105120,0,2023-01-01,2023-12-31 23:55:00,wl_in,0.0,False
water,2023,WL.LPG.01,จุดวัดคลองหลวงแพ่ง ตอนโรงเรียนผลลีรุ่งเรือง,105120,105120,100.0,105120,0,2023-01-01,2023-12-31 23:55:00,wl_in,27.546,False
water,2023,WL.LPG.02,ประตูระบายน้ำ คลองหลวงแพ่ง,105120,105120,100.0,105120,0,2023-01-01,2023-12-31 23:55:00,wl_in,0.0,False
water,2023,WL.LPG.03,จุดวัดคลองหลวงแพ่ง ตอนวัดลำต้อยติ่ง,105120,105120,100.0,105120,0,2023-01-01,2023-12-31 23:55:00,wl_in,0.0,False
water,2023,WL.LPI.01,จุดวัดคลองหลุมไผ่ ตอนซอยลาดปลาเค้า 63,105120,105120,100.0,105120,0,2023-01-01,2023-12-31 23:55:00,wl_in,36.038,False
water,2023,WL.LPI.02,จุดวัดคลองหลุมไผ่ ตอนถนนประเสริฐมนูกิจ29,105120,105120,100.0,105120,0,2023-01-01,2023-12-31 23:55:00,wl_in,0.0,False
water,2023,WL.LPN.01,สถานีสูบน้ำ คลองเลนเปน,105120,105120,100.0,105120,0,2023-01-01,2023-12-31 23:55:00,wl_in,0.0,False
water,2023,WL.LPT.01,จุดวัดคลองลำปลาทิว ตอนถนนสังฆสันติสุข,105120,105120,100.0,105120,0,2023-01-01,2023-12-31 23:55:00,wl_in,0.0,False
water,2023,WL.LPT.02,จุดวัดคลองลำปลาทิว ตอนซอยฉลองกรุง 54,105120,105120,100.0,105120,0,2023-01-01,2023-12-31 23:55:00,wl_in,0.0,False
water,2023,WL.LPT.03,จุดวัดคลองลำปลาทิว ตอนซอยฉลองกรุง 8,105120,105120,100.0,105120,0,2023-01-01,2023-12-31 23:55:00,wl_in,0.0,False
water,2023,WL.LPT.04,"""จุดวัดคลองลำปลาทิว ตอนซอยเชื่อมสัมพันธ์ 25 """,105120,105120,100.0,105120,0,2023-01-01,2023-12-31 23:55:00,wl_in,0.0,False
water,2023,WL.LPW.01,ประตูระบายน้ำ คลองลาดพร้าว,105120,105120,100.0,105120,0,2023-01-01,2023-12-31 23:55:00,wl_in,50.964,True
water,2023,WL.LPW.02,จุดวัดคลองลาดพร้าว ช่วงวัดลาดพร้าว,105120,105120,100.0,105120,0,2023-01-01,2023-12-31 23:55:00,wl_in,0.0,False
water,2023,WL.LPW.03,จุดวัดคลองลาดพร้าว ช่วงซอยเสนานิคม,105120,105120,100.0,105120,0,2023-01-01,2023-12-31 23:55:00,wl_in,0.0,False
water,2023,WL.LPW.04,จุดวัดคลองลาดพร้าว ตอนถนนประชาอุทิศ,105120,105120,100.0,105120,0,2023-01-01,2023-12-31 23:55:00,wl_in,0.0,False
water,2023,WL.LPW.05,จุดวัดคลองลาดพร้าว ช่วงถนนประดิษฐ์มนูธรรม,105120,105120,100.0,105120,0,2023-01-01,2023-12-31 23:55:00,wl_in,0.0,False
water,2023,WL.LSG.01,จุดวัดคลองหลอด 2 ตอนถนนบางนา ตราด,105120,105120,100.0,105120,0,2023-01-01,2023-12-31 23:55:00,wl_in,0.0,False
water,2023,WL.LSM.01,จุดวัดคลองหลอด 3 ตอนถนนบางนา ตราด,105120,105120,100.0,105120,0,2023-01-01,2023-12-31 23:55:00,wl_in,26.762,False
water,2023,WL.LYW.01,จุดวัดคลองลาดยาว ตอน ถนนรัชดาภิเษก,105120,105120,100.0,105120,0,2023-01-01,2023-12-31 23:55:00,wl_in,0.0,False
water,2023,WL.LYW.02,จุดวัดคลองลาดยาว ตอนถนนวิภาวดีรังสิต 44,105120,105120,100.0,105120,0,2023-01-01,2023-12-31 23:55:00,wl_in,0.0,False
water,2023,WL.MID.01,จุดวัดคูน้ำกรมสารวัตรทหาร,105120,105120,100.0,105120,0,2023-01-01,2023-12-31 23:55:00,wl_in,0.0,False
water,2023,WL.MSW.01,จุดวัดคลองมหาสวัสดิ์ ตอนคลองสวนแดน 2,105120,105120,100.0,105120,0,2023-01-01,2023-12-31 23:55:00,wl_in,0.0,False
water,2023,WL.MSW.02,จุดวัดคลองมหาสวัสดิ์ ตอนวัดปุรณาวาส,105120,105120,100.0,105120,0,2023-01-01,2023-12-31 23:55:00,wl_in,0.0,False
water,2023,WL.MSW.03,จุดวัดคลองมหาสวัสดิ์ ตอนถนนพุทธมณฑลสาย 2,105120,105120,100.0,105120,0,2023-01-01,2023-12-31 23:55:00,wl_in,0.0,False
water,2023,WL.NBN.01,จุดวัดบึงหนองบอน,105120,105120,100.0,105120,0,2023-01-01,2023-12-31 23:55:00,wl_in,0.0,False
water,2023,WL.NK3.01,จุดวัดคลองคูนายกิมสาย 3  ตอนถนนประชาอุทิศ,105120,105120,100.0,105120,0,2023-01-01,2023-12-31 23:55:00,wl_in,0.0,False
water,2023,WL.NKW.01,จุดวัดคลองน้ำแก้ว ตอนถนนรัชดาภิเษก,105120,105120,100.0,105120,0,2023-01-01,2023-12-31 23:55:00,wl_in,100.0,True
water,2023,WL.NKW.02,จุดวัดคลองน้ำแก้ว ตอนซอยลาดพร้าว 41,105120,105120,100.0,105120,0,2023-01-01,2023-12-31 23:55:00,wl_in,0.0,False
water,2023,WL.NSG.01,จุดวัดคลองนาซอง ตอนถนนประชาสุข,105120,105120,100.0,105120,0,2023-01-01,2023-12-31 23:55:00,wl_in,0.0,False
water,2023,WL.ORC.01,สถานีสูบน้ำ คลองอรชร,105120,105120,100.0,105120,0,2023-01-01,2023-12-31 23:55:00,wl_in,0.0,False
water,2023,WL.PKG.01,สถานีสูบน้ำ ปากคลองตลาด,105120,105120,100.0,105120,0,2023-01-01,2023-12-31 23:55:00,wl_in,0.0,False
water,2023,WL.PKN.01,สถานีสูบน้ำ พระโขนง,105120,105120,100.0,105120,0,2023-01-01,2023-12-31 23:55:00,wl_in,0.0,False
water,2023,WL.PLK.01,จุดวัดคลองพิทยาลงกรณ์ ช่วงโรงเรียนพิทยาลงกรณ์พิทยาคม,105120,105120,100.0,105120,0,2023-01-01,2023-12-31 23:55:00,wl_in,18.538,False
water,2023,WL.PNM.01,จุดวัดคลองปากน้ำ ตอนถนนคู่ขนานกาญจนาภิเษก,105120,105120,100.0,105120,0,2023-01-01,2023-12-31 23:55:00,wl_in,48.366,False
water,2023,WL.PPA.02,จุดวัดคลองพลับพลา ตอนศูนย์แพทย์พัฒนา,105120,105120,100.0,105120,0,2023-01-01,2023-12-31 23:55:00,wl_in,99.993,True
water,2023,WL.PSC.01,สถานีสูบน้ำ คลองภาษีเจริญ,105120,105120,100.0,105120,0,2023-01-01,2023-12-31 23:55:00,wl_in,0.0,False
water,2023,WL.PSC.02,จุดวัดคลองภาษีเจริญ ตอนวัดรางบัว,105120,105120,100.0,105120,0,2023-01-01,2023-12-31 23:55:00,wl_in,0.0,False
water,2023,WL.PSC.03,จุดวัดคลองราชมนตรี ตอนคลองภาษีเจริญ,105120,105120,100.0,105120,0,2023-01-01,2023-12-31 23:55:00,wl_in,0.0,False
water,2023,WL.PSC.04,จุดวัดคลองภาษีเจริญ ตอนคลองมหาศร,105120,105120,100.0,105120,0,2023-01-01,2023-12-31 23:55:00,wl_in,100.0,True
water,2023,WL.PSI.01,จุดวัดคลองพร้อมศรี 2 ตอนถนนสุขุมวิท 49/13,105120,105120,100.0,105120,0,2023-01-01,2023-12-31 23:55:00,wl_in,0.0,False
water,2023,WL.PSR.01,ประตูระบายน้ำ คลองพระยาสุเรนทร์,105120,105120,100.0,105120,0,2023-01-01,2023-12-31 23:55:00,wl_in,0.0,False
water,2023,WL.PSR.02,จุดวัดคลองพระยาสุเรนทร์ ตอนถนนหนองระแหง,105120,105120,100.0,105120,0,2023-01-01,2023-12-31 23:55:00,wl_in,0.0,False
water,2023,WL.PSR.03,จุดวัดคลองพระยาสุเรนทร์ ตอนถนนจตุโชติ,105120,105120,100.0,105120,0,2023-01-01,2023-12-31 23:55:00,wl_in,0.01,False
water,2023,WL.PSR.04,ปตร.พระยาสุเรนทร์ ตอนคู้บอน,105120,105120,100.0,105120,0,2023-01-01,2023-12-31 23:55:00,wl_in,0.0,False
water,2023,WL.PSR.05,จุดวัดคลองพระยาสุเรนทร์ ตอนปัญญาอินทรา,105120,105120,100.0,105120,0,2023-01-01,2023-12-31 23:55:00,wl_in,0.001,False
water,2023,WL.PSR.06,จุดวัดคลองพระยาสุเรนทร์ ตอนบางชัน,105120,105120,100.0,105120,0,2023-01-01,2023-12-31 23:55:00,wl_in,0.0,False
water,2023,WL.PWT.01,จุดวัดคลองประเวศ ตอนซอยอ่อนนุช 17,105120,105120,100.0,105120,0,2023-01-01,2023-12-31 23:55:00,wl_in,0.0,False
water,2023,WL.PWT.02,จุดวัดคลองประเวศบุรีรมย์ ตอนวัดขจรศิริ,105120,105120,100.0,105120,0,2023-01-01,2023-12-31 23:55:00,wl_in,0.0,False
water,2023,WL.PWT.03,ประตูระบายน้ำ คลองประเวศบุรีรมย์ ตอนวัดกระทุ่มเสือปลา,105120,105120,100.0,105120,0,2023-01-01,2023-12-31 23:55:00,wl_in,0.0,False
water,2023,WL.PWT.04,ประตูระบายน้ำ คลองประเวศบุรีรมย์ ตอนลาดกระบัง,105120,105120,100.0,105120,0,2023-01-01,2023-12-31 23:55:00,wl_in,0.337,False
water,2023,WL.PWT.05,จุดวัดคลองประเวศบุรีรมย์ ตอน รพ.ลาดกระบัง,105120,105120,100.0,105120,0,2023-01-01,2023-12-31 23:55:00,wl_in,0.0,False
water,2023,WL.PWT.06,จุดวัดคลองประเวศบุรีรมย์ ตอนถนนร่วมพัฒนา,105120,105120,100.0,105120,0,2023-01-01,2023-12-31 23:55:00,wl_in,0.0,False
water,2023,WL.PYW.01,จุดวัดคลองพญาเวิก ตอนปตร.คลองพญาเวิก,105120,105120,100.0,105120,0,2023-01-01,2023-12-31 23:55:00,wl_in,0.0,False
water,2023,WL.RHN.01,สถานีสูบน้ำ คลองระหาญ,105120,105120,100.0,105120,0,2023-01-01,2023-12-31 23:55:00,wl_in,0.0,False
water,2023,WL.RJK.01,ประตูระบายน้ำ คลองรางจาก ตอนถนนประชาอุทิศ,105120,105120,100.0,105120,0,2023-01-01,2023-12-31 23:55:00,wl_in,0.0,False
water,2023,WL.RKC.01,จุดวัดคลองข้างศูนย์ราชการ,105120,105120,100.0,105120,0,2023-01-01,2023-12-31 23:55:00,wl_in,0.0,False
water,2023,WL.RMT.01,สถานีสูบน้ำ คลองพระยาราชมนตรี,105120,105120,100.0,105120,0,2023-01-01,2023-12-31 23:55:00,wl_in,0.0,False
water,2023,WL.RMT.02,จุดวัดคลองพระยาราชมนตรี ตอนถนนพระรามที่ 2,105120,105120,100.0,105120,0,2023-01-01,2023-12-31 23:55:00,wl_in,0.0,False
water,2023,WL.RSK.01,จุดวัดคลองราษฎร์สามัคคี ตอนถนนเพชรเกษม 63,105120,105120,100.0,105120,0,2023-01-01,2023-12-31 23:55:00,wl_in,0.0,False
water,2023,WL.SBR.01,ประตูระบายน้ำ คลองขุนศรีบุรีรักษ์ ตอนคลองมหาสวัสดิ์,105120,105120,100.0,105120,0,2023-01-01,2023-12-31 23:55:00,wl_in,0.0,False
water,2023,WL.SBR.02,จุดวัดคลองบางขุนศรีบุรีรักษ์ ตอนถนนบรมราชชนนี,105120,105120,100.0,105120,0,2023-01-01,2023-12-31 23:55:00,wl_in,0.0,False
water,2023,WL.SBT.01,สถานีสูบน้ำ คลองสี่บาท,105120,105120,100.0,105120,0,2023-01-01,2023-12-31 23:55:00,wl_in,0.0,False
water,2023,WL.SCO.01,"""จุดวัดคลองศาลเจ้า ตอนถนนสวนผัก """,105120,105120,100.0,105120,0,2023-01-01,2023-12-31 23:55:00,wl_in,0.0,False
water,2023,WL.SDN.01,"""จุดวัดคลองสวนแดน ตอนถนนชัยพฤกษ์ """,105120,105120,100.0,105120,0,2023-01-01,2023-12-31 23:55:00,wl_in,0.0,False
water,2023,WL.SKG.01,จุดวัดคลองสะแกงาม ตอนถนนกาญจนาภิเษก,105120,105120,100.0,105120,0,2023-01-01,2023-12-31 23:55:00,wl_in,0.0,False
water,2023,WL.SKT.01,จุดวัดคลองทรงกระเทียม ตอนถนนนาคนิวาส,105120,105120,100.0,105120,0,2023-01-01,2023-12-31 23:55:00,wl_in,0.0,False
water,2023,WL.SKT.02,จุดวัดคลองทรงกระเทียม ตอนปตร.คลองทรงกระเทียม,105120,105120,100.0,105120,0,2023-01-01,2023-12-31 23:55:00,wl_in,0.0,False
water,2023,WL.SLL.01,จุดวัดคลองศาลาลอย ตอนถนนอ่อนนุช 61,105120,105120,100.0,105120,0,2023-01-01,2023-12-31 23:55:00,wl_in,0.0,False
water,2023,WL.SNC.01,สถานีสูบน้ำ คลองสนามชัย,105120,105120,100.0,105120,0,2023-01-01,2023-12-31 23:55:00,wl_in,0.0,False
water,2023,WL.SNC.02,จุดวัดคลองสนามชัย ตอนคลองบางขุนเทียน,105120,105120,100.0,105120,0,2023-01-01,2023-12-31 23:55:00,wl_in,0.0,False
water,2023,WL.SNO.01,จุดวัดคลองเสือน้อย ตอนถนนสุคนธสวัสดิ์,105120,105120,100.0,105120,0,2023-01-01,2023-12-31 23:55:00,wl_in,0.0,False
water,2023,WL.SPP.01,จุดวัดบ่อสูบน้ำสะพานพรหม,105120,105120,100.0,105120,0,2023-01-01,2023-12-31 23:55:00,wl_in,100.0,True
water,2023,WL.SRE.01,สถานีสูบน้ำ คลองสำเหร่,105120,105120,100.0,105120,0,2023-01-01,2023-12-31 23:55:00,wl_in,0.0,False
water,2023,WL.SRG.01,สถานีสูบน้ำ คลองสำโรง,105120,105120,100.0,105120,0,2023-01-01,2023-12-31 23:55:00,wl_in,0.0,False
water,2023,WL.SSB.01,จุดวัดคลองแสนแสบ ช่วงคลองผดุงกรุงเกษม (โบ๊เบ๊),105120,105120,100.0,105120,0,2023-01-01,2023-12-31 23:55:00,wl_in,0.0,False
water,2023,WL.SSB.02,จุดวัดคลองแสนแสบ ตอนซอยสมคิด,105120,105120,100.0,105120,0,2023-01-01,2023-12-31 23:55:00,wl_in,0.0,False
water,2023,WL.SSB.03,จุดวัดคลองแสนแสบ ช่วงอโศก,105120,105120,100.0,105120,0,2023-01-01,2023-12-31 23:55:00,wl_in,0.0,False
water,2023,WL.SSB.04,สถานีสูบน้ำ คลองแสนแสบตอนคลองตัน,105120,105120,100.0,105120,0,2023-01-01,2023-12-31 23:55:00,wl_in,0.0,False
water,2023,WL.SSB.05,จุดวัดคลองแสนแสบ ตอนรามคำแหง 9,105120,105120,100.0,105120,0,2023-01-01,2023-12-31 23:55:00,wl_in,19.051,False
water,2023,WL.SSB.06,จุดวัดคลองแสนแสบ ช่วงสถานีสูบน้ำคลองเจ้าคุณสิงห์,105120,105120,100.0,105120,0,2023-01-01,2023-12-31 23:55:00,wl_in,0.0,False
water,2023,WL.SSB.07,จุดวัดคลองแสนแสบ ตอนสำนักงานเขตบางกะปิ,105120,105120,100.0,105120,0,2023-01-01,2023-12-31 23:55:00,wl_in,0.0,False
water,2023,WL.SSB.08,จุดวัดคลองแสนแสบ ช่วงซอยเสรีไทย 24,105120,105120,100.0,105120,0,2023-01-01,2023-12-31 23:55:00,wl_in,0.0,False
water,2023,WL.SSB.09,ประตูระบายน้ำ คลองแสนแสบ ตอนบางชัน,105120,105120,100.0,105120,0,2023-01-01,2023-12-31 23:55:00,wl_in,0.0,False
water,2023,WL.SSB.10,ประตูระบายน้ำ คลองแสนแสบ ตอนถนนประชาร่วมใจ,105120,105120,100.0,105120,0,2023-01-01,2023-12-31 23:55:00,wl_in,0.0,False
water,2023,WL.SSB.11,จุดวัดคลองแสนแสบ ตอนวัดทรัพย์สโมสรนิกรเกษม,105120,105120,100.0,105120,0,2023-01-01,2023-12-31 23:55:00,wl_in,0.0,False
water,2023,WL.SSB.12,สถานีสูบน้ำ คลองแสนแสบ หนองจอก,105120,105120,100.0,105120,0,2023-01-01,2023-12-31 23:55:00,wl_in,0.0,False
water,2023,WL.SSG.01,จุดวัดคลองสิบสอง ตอนถนนประชาสำราญ,105120,105120,100.0,105120,0,2023-01-01,2023-12-31 23:55:00,wl_in,0.0,False
water,2023,WL.SSM.01,ประตูระบายน้ำ คลองสิบสาม,105120,105120,100.0,105120,0,2023-01-01,2023-12-31 23:55:00,wl_in,0.0,False
water,2023,WL.SSN.01,สถานีสูบน้ำ สามเสน,105120,105120,100.0,105120,0,2023-01-01,2023-12-31 23:55:00,wl_in,0.0,False
water,2023,WL.SSN.02,จุดวัดคลองสามเสน ช่วงถนนพระรามที่ 5,105120,105120,100.0,105120,0,2023-01-01,2023-12-31 23:55:00,wl_in,0.0,False
water,2023,WL.SSN.03,จุดวัดคลองสามเสน ตอนถนนพระรามที่ 6,105120,105120,100.0,105120,0,2023-01-01,2023-12-31 23:55:00,wl_in,0.0,False
water,2023,WL.SSN.04,จุดวัดคลองสามเสน ช่วงถนนพหลโยธิน,105120,105120,100.0,105120,0,2023-01-01,2023-12-31 23:55:00,wl_in,0.0,False
water,2023,WL.SSN.05,จุดวัดคลองสามเสน ตอน รพ.พระมงกุฎเกล้า,105120,105120,100.0,105120,0,2023-01-01,2023-12-31 23:55:00,wl_in,63.909,True
water,2023,WL.SSN.06,จุดวัดคลองสามเสน ช่วงถนนดินแดง,105120,105120,100.0,105120,0,2023-01-01,2023-12-31 23:55:00,wl_in,0.0,False
water,2023,WL.SSN.07,จุดวัดคลองสามเสน ตอนถนนอโศก,105120,105120,100.0,105120,0,2023-01-01,2023-12-31 23:55:00,wl_in,0.0,False
water,2023,WL.SSN.08,สถานีสูบน้ำ สามเสน ตอนคลองแสนแสบ,105120,105120,100.0,105120,0,2023-01-01,2023-12-31 23:55:00,wl_in,0.0,False
water,2023,WL.SSN.09,จุดวัดคลองสามเสน ช่วงถนนเอกมัย,105120,105120,100.0,105120,0,2023-01-01,2023-12-31 23:55:00,wl_in,0.0,False
water,2023,WL.SSN.10,จุดวัดคลองสามเสน -ตอนคลองชวดใหญ่,105120,105120,100.0,105120,0,2023-01-01,2023-12-31 23:55:00,wl_in,0.0,False
water,2023,WL.SST.01,ประตูระบายน้ำ คลองสองสายใต้,105120,105120,100.0,105120,0,2023-01-01,2023-12-31 23:55:00,wl_in,0.0,False
water,2023,WL.STN.01,จุดวัดคลองสองต้นนุ่น ตอนถนนรามคำแหง,105120,105120,100.0,105120,0,2023-01-01,2023-12-31 23:55:00,wl_in,0.0,False
water,2023,WL.STN.02,"""จุดวัดคลองสองต้นนุ่น ตอนซอยร่มเกล้า 20 """,105120,105120,100.0,105120,0,2023-01-01,2023-12-31 23:55:00,wl_in,0.0,False
water,2023,WL.STN.03,จุดวัดคลองสองต้นนุ่น ตอนถนนมอเตอร์เวย์,105120,105120,100.0,105120,0,2023-01-01,2023-12-31 23:55:00,wl_in,0.0,False
water,2023,WL.STR.01,สถานีสูบน้ำ คลองสาทร,105120,105120,100.0,105120,0,2023-01-01,2023-12-31 23:55:00,wl_in,0.0,False
water,2023,WL.STR.02,"""จุดวัดคลองสาทร ตอนถนนพระรามที่ 4 """,105120,105120,100.0,105120,0,2023-01-01,2023-12-31 23:55:00,wl_in,0.0,False
water,2023,WL.SWA.01,ประตูระบายน้ำ คลองสามวา,105120,105120,100.0,105120,0,2023-01-01,2023-12-31 23:55:00,wl_in,0.0,False
water,2023,WL.SWU.01,จุดวัดคูน้ำ มศว.,105120,105120,100.0,105120,0,2023-01-01,2023-12-31 23:55:00,wl_in,0.0,False
water,2023,WL.TCG.01,"""จุดวัดคลองตาช้าง ตอนถนนศรีนครินทร์ """,105120,105120,100.0,105120,0,2023-01-01,2023-12-31 23:55:00,wl_in,0.0,False
water,2023,WL.TNG.01,จุดวัดคลองตาหนัง ตอนถนนลาดพร้าว,105120,105120,100.0,105120,0,2023-01-01,2023-12-31 23:55:00,wl_in,0.0,False
water,2023,WL.TPK.02,จุดวัดคลองตาพุก ตอนถนนลาดกระบัง,105120,105120,100.0,105120,0,2023-01-01,2023-12-31 23:55:00,wl_in,0.0,False
water,2023,WL.TPK.03,จุดวัดคลองตาพุก ตอนคลองทับช้างบน,105120,105120,100.0,105120,0,2023-01-01,2023-12-31 23:55:00,wl_in,0.0,False
water,2023,WL.TSK.01,จุดวัดคูน้ำต่อศักดิ์ ตอนซอยทองหล่อ 25,105120,105120,100.0,105120,0,2023-01-01,2023-12-31 23:55:00,wl_in,0.0,False
water,2023,WL.TTN.01,จุดวัดคลองลาดโตนด ตอน ปตร.คลองลาดโตนด,105120,105120,100.0,105120,0,2023-01-01,2023-12-31 23:55:00,wl_in,0.0,False
water,2023,WL.TUT.01,สถานีสูบน้ำ คลองตาอูฐ,105120,105120,100.0,105120,0,2023-01-01,2023-12-31 23:55:00,wl_in,0.0,False
water,2023,WL.TUT.02,จุดวัดคลองตาอูฐ ตอนซอยแจ้งวัฒนะ 14,105120,105120,100.0,105120,0,2023-01-01,2023-12-31 23:55:00,wl_in,0.0,False
water,2023,WL.TWW.01,ประตูระบายน้ำ คลองทวีวัฒนา,105120,105120,100.0,105120,0,2023-01-01,2023-12-31 23:55:00,wl_in,0.0,False
water,2023,WL.TWW.02,จุดวัดคลองทวีวัฒนา ตอนถนนบรมราชชนนี,105120,105120,100.0,105120,0,2023-01-01,2023-12-31 23:55:00,wl_in,0.0,False
water,2023,WL.TWW.03,จุดวัดคลองทวีวัฒนา ตอนถนนเพชรเกษม,105120,105120,100.0,105120,0,2023-01-01,2023-12-31 23:55:00,wl_in,0.0,False
water,2023,WL.TWW.04,จุดวัดคลองทวีวัฒนา ตอนคลองบางเชือกหนัง,105120,105120,100.0,105120,0,2023-01-01,2023-12-31 23:55:00,wl_in,0.0,False
water,2023,WL.TWW.05,จุดวัดคลองทวีวัฒนา ตอนคลองภาษีเจริญ,105120,105120,100.0,105120,0,2023-01-01,2023-12-31 23:55:00,wl_in,0.0,False
water,2023,WL.VPV.01,สถานีสูบน้ำ รัชดา-วิภาวดี,105120,105120,100.0,105120,0,2023-01-01,2023-12-31 23:55:00,wl_in,0.0,False
water,2023,WL.WKT.01,จุดวัดคลองวัดไก่เตี้ย ตอนสถานีสูบน้ำคลองวัดไก่เตี้ย,105120,105120,100.0,105120,0,2023-01-01,2023-12-31 23:55:00,wl_in,0.0,False
water,2023,WL.WLS.01,จุดวัดคลองวัดหลักสี่ ตอนถนนวิภาวดีรังสิต,105120,105120,100.0,105120,0,2023-01-01,2023-12-31 23:55:00,wl_in,0.0,False
water,2023,WL.WSI.01,สถานีสูบน้ำ คลองวัดไทร,105120,105120,100.0,105120,0,2023-01-01,2023-12-31 23:55:00,wl_in,0.0,False
water,2023,WL.WTK.01,จุดวัดคลองวัดตึก ตอนถนนลาดพร้าว,105120,105120,100.0,105120,0,2023-01-01,2023-12-31 23:55:00,wl_in,0.0,False
water,2023,WL.WTN.02,จุดวัดคูน้ำวัฒนา ตอนโรงเรียนวัฒนาวิทยาลัย,105120,105120,100.0,105120,0,2023-01-01,2023-12-31 23:55:00,wl_in,0.0,False
water,2023,WL.YPE.01,จุดคลองยายเพียร ตอนถนนเพชรเกษม,105120,105120,100.0,105120,0,2023-01-01,2023-12-31 23:55:00,wl_in,0.0,False
water,2023,WL.YPN.01,จุดวัดคลองยายเผื่อน ตอนแฮปปี้แลนด์,105120,105120,100.0,105120,0,2023-01-01,2023-12-31 23:55:00,wl_in,0.0,False
water,2023,WL.YPN.02,จุดวัดคลองยายเผื่อน ตอนถนนลาดพร้าว,105120,105120,100.0,105120,0,2023-01-01,2023-12-31 23:55:00,wl_in,0.0,False
water,2023,WL.YSN.02,"""จุดวัดคลองยายสุ่น ตอนถนนรัชดาภิเษก """,105120,105120,100.0,105120,0,2023-01-01,2023-12-31 23:55:00,wl_in,0.0,False
water,2024,WL.AJP.01,จุดวัดคลองอาจารย์พร ตอนปตร.คลองอาจารย์พร,105408,105408,100.0,105408,0,2024-01-01,2024-12-31 23:55:00,wl_in,54.885,True
water,2024,WL.ANX.01,คูน้ำแอนเนกซ์ (บ่อสูบน้ำพหลโยธิน 58),105408,105408,100.0,105408,0,2024-01-01,2024-12-31 23:55:00,wl_in,0.0,False
water,2024,WL.BAM.01,จุดวัดคลองบ้านใหม่ ตอนซอยพระแม่การุณย์ 27,105408,105408,100.0,105408,0,2024-01-01,2024-12-31 23:55:00,wl_in,57.527,True
water,2024,WL.BBN.01,จุดวัดคลองบางบอน ตอนถนนบางขุนเทียน,105408,105408,100.0,105408,0,2024-01-01,2024-12-31 23:55:00,wl_in,0.0,False
water,2024,WL.BBN.02,จุดวัดคลองบางบอน ตอนถนนกาญจนาภิเษก,105408,105408,100.0,105408,0,2024-01-01,2024-12-31 23:55:00,wl_in,0.0,False
water,2024,WL.BBN.03,จุดวัดคลองบางบอน ตอนคลองสะแกงาม,105408,105408,100.0,105408,0,2024-01-01,2024-12-31 23:55:00,wl_in,0.0,False
water,2024,WL.BBR.01,จุดวัดคลองบางบำหรุ ตอนถนนบรมราชชนนี,105408,105408,100.0,105408,0,2024-01-01,2024-12-31 23:55:00,wl_in,0.0,False
water,2024,WL.BBR.02,จุดวัดคลองบางบำหรุ ตอนถนนสิรินธร,105408,105408,100.0,105408,0,2024-01-01,2024-12-31 23:55:00,wl_in,0.0,False
water,2024,WL.BBU.01,จุดวัดคลองบางบัว,105408,105408,100.0,105408,0,2024-01-01,2024-12-31 23:55:00,wl_in,0.0,False
water,2024,WL.BCN.01,จุดวัดคลองบางเชือกหนัง ตอนถนนกาญจนาภิเษก,105408,105408,100.0,105408,0,2024-01-01,2024-12-31 23:55:00,wl_in,0.0,False
water,2024,WL.BCN.02,จุดวัดคลองบางเชือกหนัง ตอนถนนพุทธมณฑลสาย 1,105408,105408,100.0,105408,0,2024-01-01,2024-12-31 23:55:00,wl_in,0.0,False
water,2024,WL.BCN.03,จุดวัดคลองบางเชือกหนัง ตอนถนนพุทธมณฑลสาย 2,105408,105408,100.0,105408,0,2024-01-01,2024-12-31 23:55:00,wl_in,0.0,False
water,2024,WL.BJK.01,สถานีสูบน้ำ บางจาก,105408,105408,100.0,105408,0,2024-01-01,2024-12-31 23:55:00,wl_in,0.0,False
water,2024,WL.BJK.02,"""จุดวัดคลองบางจาก ตอนซอยเพชรเกษม 68 """,105408,105408,100.0,105408,0,2024-01-01,2024-12-31 23:55:00,wl_in,0.0,False
water,2024,WL.BJK.03,จุดวัดคลองบางจาก ตอนคลองบางหว้า,105408,105408,100.0,105408,0,2024-01-01,2024-12-31 23:55:00,wl_in,0.0,False
water,2024,WL.BJK.04,"""จุดวัดคลองบางจาก ตอนถนนพุทธมณฑลสาย 2 """,105408,105408,100.0,105408,0,2024-01-01,2024-12-31 23:55:00,wl_in,0.0,False
water,2024,WL.BKA.01,สถานีสูบน้ำ คลองบางเขนใหม่,105408,105408,100.0,105408,0,2024-01-01,2024-12-31 23:55:00,wl_in,0.0,False
water,2024,WL.BKA.02,จุดวัดคลองบางเขน ช่วงถนนกรุงเทพ-นนทบุรี,105408,105408,100.0,105408,0,2024-01-01,2024-12-31 23:55:00,wl_in,0.0,False
water,2024,WL.BKA.03,จุดวัดคลองบางเขน ช่วงถนนประชาชื่น,105408,105408,100.0,105408,0,2024-01-01,2024-12-31 23:55:00,wl_in,0.0,False
water,2024,WL.BKA.04,จุดวัดคลองบางเขน ช่วงถนนวิภาวดีรังสิต,105408,105408,100.0,105408,0,2024-01-01,2024-12-31 23:55:00,wl_in,13.125,False
water,2024,WL.BKB.01,จุดวัดคลองบางกระบือ ตอนถนนสามเสน,105408,105408,100.0,105408,0,2024-01-01,2024-12-31 23:55:00,wl_in,0.0,False
water,2024,WL.BKG.01,ประตูระบายน้ำ คลองบึงขวาง,105408,105408,100.0,105408,0,2024-01-01,2024-12-31 23:55:00,wl_in,19.547,False
water,2024,WL.BKL.01,จุดวัดคลองบางโคลัด ตอนถนนบางบอน 1,105408,105408,100.0,105408,0,2024-01-01,2024-12-31 23:55:00,wl_in,63.23,True
water,2024,WL.BKT.01,จุดวัดบึงรับน้ำบึงกุ่มบางเตย ตอนสถานีสูบน้ำคลองบางเตยล่าง,105408,105408,100.0,105408,0,2024-01-01,2024-12-31 23:55:00,wl_in,54.292,True
water,2024,WL.BKY.01,สถานีสูบน้ำ คลองบางกอกใหญ่,105408,105408,100.0,105408,0,2024-01-01,2024-12-31 23:55:00,wl_in,0.0,False
water,2024,WL.BKY.02,จุดวัดคลองบางเชือกหนัง ตอนวัดปากน้ำฝั่งใต้,105408,105408,100.0,105408,0,2024-01-01,2024-12-31 23:55:00,wl_in,0.0,False
water,2024,WL.BLP.02,จุดวัดคลองบางลำพู ตอนสะพานผ่านฟ้า,105408,105408,100.0,105408,0,2024-01-01,2024-12-31 23:55:00,wl_in,20.208,False
water,2024,WL.BLY.01,จุดวัดคลองบ้านหลาย ตอนถนนสุขุมวิท 77,105408,105408,100.0,105408,0,2024-01-01,2024-12-31 23:55:00,wl_in,0.001,False
water,2024,WL.BLY.02,จุดวัดคลองบ้านหลาย ตอนซอยพึ่งมี 48,105408,105408,100.0,105408,0,2024-01-01,2024-12-31 23:55:00,wl_in,55.934,True
water,2024,WL.BMA.02,จุดวัดคลองบ้านม้า ตอนถนนรามคำแหง,105408,105408,100.0,105408,0,2024-01-01,2024-12-31 23:55:00,wl_in,55.935,True
water,2024,WL.BMK.01,จุดวัดคลองบางมะเขือ ตอนถนนสุขุมวิท 71,105408,105408,100.0,105408,0,2024-01-01,2024-12-31 23:55:00,wl_in,0.0,False
water,2024,WL.BNA.01,สถานีสูบน้ำ บางนา,105408,105408,100.0,105408,0,2024-01-01,2024-12-31 23:55:00,wl_in,0.0,False
water,2024,WL.BNA.02,จุดวัดคลองบางนา ตอนถนนสุขุมวิท,105408,105408,100.0,105408,0,2024-01-01,2024-12-31 23:55:00,wl_in,0.0,False
water,2024,WL.BNA.03,จุดวัดคลองบางนา ตอนถนนศรีนครินทร์,105408,105408,100.0,105408,0,2024-01-01,2024-12-31 23:55:00,wl_in,0.0,False
water,2024,WL.BNA.04,จุดวัดคลองบางนา ตอนซอยบางนา-ตราด 56,105408,105408,100.0,105408,0,2024-01-01,2024-12-31 23:55:00,wl_in,0.0,False
water,2024,WL.BNJ.01,จุดวัดคลองบางนางจีน ตอนสถานีสูบน้ำบางนางจีน,105408,105408,100.0,105408,0,2024-01-01,2024-12-31 23:55:00,wl_in,0.002,False
water,2024,WL.BNJ.02,จุดวัดคลองบางนางจีน ตอนซอยสุขุมวิท 66/1,105408,105408,100.0,105408,0,2024-01-01,2024-12-31 23:55:00,wl_in,0.0,False
water,2024,WL.BNJ.03,จุดวัดคลองบางนางจีน ตอนซอยสุขุมวิท 93,105408,105408,100.0,105408,0,2024-01-01,2024-12-31 23:55:00,wl_in,0.0,False
water,2024,WL.BNJ.04,จุดวัดคลองบางนางจีน ตอนถนนสุขุมวิท 101/1,105408,105408,100.0,105408,0,2024-01-01,2024-12-31 23:55:00,wl_in,0.0,False
water,2024,WL.BNS.01,จุดวัดคลองบ้านไทร ตอนถนนพุทธมณฑลสาย 2,105408,105408,100.0,105408,0,2024-01-01,2024-12-31 23:55:00,wl_in,55.974,True
water,2024,WL.BOA.01,สถานีสูบน้ำ บางอ้อ,105408,105408,100.0,105408,0,2024-01-01,2024-12-31 23:55:00,wl_in,0.0,False
water,2024,WL.BOA.02,จุดวัดคลองบางอ้อ ตอนซอยสุขุมวิท 64,105408,105408,100.0,105408,0,2024-01-01,2024-12-31 23:55:00,wl_in,0.004,False
water,2024,WL.BOA.03,จุดวัดคลองบางอ้อใหญ่ ตอนซอยสุขุมวิท 66/1,105408,105408,100.0,105408,0,2024-01-01,2024-12-31 23:55:00,wl_in,0.0,False
water,2024,WL.BON.01,จุดวัดคลองบางอ้อน้อย ตอนซอยสุขุมวิท 64,105408,105408,100.0,105408,0,2024-01-01,2024-12-31 23:55:00,wl_in,0.0,False
water,2024,WL.BPA.01,จุดวัดคลองบ้านป่า ตอนถนนพัฒนาการ,105408,105408,100.0,105408,0,2024-01-01,2024-12-31 23:55:00,wl_in,0.0,False
water,2024,WL.BPK.01,จุดวัดคลองบางปะแก้ว  ตอนถนนราษฎร์บูรณะ,105408,105408,100.0,105408,0,2024-01-01,2024-12-31 23:55:00,wl_in,63.799,True
water,2024,WL.BPM.01,จุดวัดคลองบางพรม ตอนคลองชักพระ,105408,105408,100.0,105408,0,2024-01-01,2024-12-31 23:55:00,wl_in,0.0,False
water,2024,WL.BPM.02,จุดวัดคลองบางพรม ตอนถนนฉิมพลี,105408,105408,100.0,105408,0,2024-01-01,2024-12-31 23:55:00,wl_in,0.0,False
water,2024,WL.BPM.03,จุดวัดคลองบางพรม ตอนถนนกาญจนาภิเษก,105408,105408,100.0,105408,0,2024-01-01,2024-12-31 23:55:00,wl_in,0.0,False
water,2024,WL.BPM.04,จุดวัดคลองบางพรม ตอนถนนพุทธมณฑลสาย 3,105408,105408,100.0,105408,0,2024-01-01,2024-12-31 23:55:00,wl_in,0.0,False
water,2024,WL.BPN.01,จุดวัดคลองบางพราน ตอนถนนบางบอน 1,105408,105408,100.0,105408,0,2024-01-01,2024-12-31 23:55:00,wl_in,63.717,True
water,2024,WL.BPN.02,จุดวัดคลองบางพราน ตอนถนนบางบอน 2,105408,105408,100.0,105408,0,2024-01-01,2024-12-31 23:55:00,wl_in,0.0,False
water,2024,WL.BPU.01,จุดวัดสถานตากอากาศบางปู,105408,105408,100.0,105408,0,2024-01-01,2024-12-31 23:55:00,wl_in,0.0,False
water,2024,WL.BSK.01,สถานีสูบน้ำ คลองบางไส้ไก่,105408,105408,100.0,105408,0,2024-01-01,2024-12-31 23:55:00,wl_in,0.0,False
water,2024,WL.BSU.01,สถานีสูบน้ำ คลองบางซื่อ,105408,105408,100.0,105408,0,2024-01-01,2024-12-31 23:55:00,wl_in,0.0,False
water,2024,WL.BSU.02,จุดวัดคลองบางซื่อ ช่วงถนนพระรามที่ 5,105408,105408,100.0,105408,0,2024-01-01,2024-12-31 23:55:00,wl_in,0.0,False
water,2024,WL.BSU.03,จุดวัดคลองบางซื่อ ตอนถนนพระรามที่ 6,105408,105408,100.0,105408,0,2024-01-01,2024-12-31 23:55:00,wl_in,0.0,False
water,2024,WL.BSU.04,จุดวัดคลองบางซื่อ ช่วงถนนพหลโยธิน,105408,105408,100.0,105408,0,2024-01-01,2024-12-31 23:55:00,wl_in,0.0,False
water,2024,WL.BSU.05,จุดวัดคลองบางซื่อ ช่วงถนนวิภาวดีรังสิต,105408,105408,100.0,105408,0,2024-01-01,2024-12-31 23:55:00,wl_in,0.0,False
water,2024,WL.BSU.06,จุดวัดคลองบางซื่อ ช่วงถนนรัชดาภิเษก (เจ้าพระยาปาร์ค),105408,105408,100.0,105408,0,2024-01-01,2024-12-31 23:55:00,wl_in,0.0,False
water,2024,WL.BSU.07,จุดวัดคลองบางซื่อ - ตอนถนนลาดพร้าว,105408,105408,100.0,105408,0,2024-01-01,2024-12-31 23:55:00,wl_in,0.0,False
water,2024,WL.BTL.01,จุดวัดคลองบางตลาด ตอนท่าทราย,105408,105408,100.0,105408,0,2024-01-01,2024-12-31 23:55:00,wl_in,0.0,False
water,2024,WL.BTY.01,จุดวัดคลองบางเตย ตอนถนนนวมินทร์ 66/3,105408,105408,100.0,105408,0,2024-01-01,2024-12-31 23:55:00,wl_in,0.0,False
water,2024,WL.BWK.01,จุดวัดคลองบางแวก ตอนคลองบางกอกใหญ่,105408,105408,100.0,105408,0,2024-01-01,2024-12-31 23:55:00,wl_in,0.0,False
water,2024,WL.BWK.02,จุดวัดคลองบางแวก ตอนถนนพุทธมณฑลสาย 1,105408,105408,100.0,105408,0,2024-01-01,2024-12-31 23:55:00,wl_in,0.0,False
water,2024,WL.BWK.03,จุดวัดคลองบางแวก ตอนคลองทวีวัฒนา,105408,105408,100.0,105408,0,2024-01-01,2024-12-31 23:55:00,wl_in,0.0,False
water,2024,WL.BYI.01,จุดวัดคลองบึงใหญ่ ตอนวัดทองสัมฤทธิ์,105408,105408,100.0,105408,0,2024-01-01,2024-12-31 23:55:00,wl_in,0.0,False
water,2024,WL.BYK.01,จุดวัดคลองบางยี่ขัน ตอนถนนจรัญสนิทวงศ์,105408,105408,100.0,105408,0,2024-01-01,2024-12-31 23:55:00,wl_in,0.0,False
water,2024,WL.BYK.02,จุดวัดคลองบางยี่ขัน ตอนสถานีสูบน้ำคลองบางยี่ขัน,105408,105408,100.0,105408,0,2024-01-01,2024-12-31 23:55:00,wl_in,0.0,False
water,2024,WL.CBJ.01,จุดวัดคลองชวดบางจาก ตอนถนนประชาอุทิศ,105408,105408,100.0,105408,0,2024-01-01,2024-12-31 23:55:00,wl_in,0.0,False
water,2024,WL.CKS.01,สถานีสูบน้ำ คลองเจ้าคุณสิงห์,105408,105408,100.0,105408,0,2024-01-01,2024-12-31 23:55:00,wl_in,0.0,False
water,2024,WL.CKS.02,จุดวัดคลองเจ้าคุณสิงห์ ตอนถนนลาดพร้าว,105408,105408,100.0,105408,0,2024-01-01,2024-12-31 23:55:00,wl_in,0.0,False
water,2024,WL.CKS.03,จุดวัดคลองเจ้าคุณสิงห์ ตอนถนนอินทราภรณ์,105408,105408,100.0,105408,0,2024-01-01,2024-12-31 23:55:00,wl_in,56.132,True
water,2024,WL.CNS.01,สถานีสูบน้ำ คลองช่องนนทรี,105408,105408,100.0,105408,0,2024-01-01,2024-12-31 23:55:00,wl_in,0.0,False
water,2024,WL.CNS.02,จุดวัดคลองช่องนนทรี ตอนถนนนราธิวาสราชนครินทร์,105408,105408,100.0,105408,0,2024-01-01,2024-12-31 23:55:00,wl_in,100.0,True
water,2024,WL.CNS.03,จุดวัดคลองช่องนนทรี ตอนถนนจันทน์,105408,105408,100.0,105408,0,2024-01-01,2024-12-31 23:55:00,wl_in,0.002,False
water,2024,WL.CNS.04,จุดวัดคลองช่องนนทรี ตอนถนนสาทรใต้,105408,105408,100.0,105408,0,2024-01-01,2024-12-31 23:55:00,wl_in,100.0,True
water,2024,WL.CPA.01,สถานีสูบน้ำ คลองชักพระ,105408,105408,100.0,105408,0,2024-01-01,2024-12-31 23:55:00,wl_in,0.0,False
water,2024,WL.CPA.02,จุดวัดคลองชักพระ ตอนวัดคูหาสวรรค์,105408,105408,100.0,105408,0,2024-01-01,2024-12-31 23:55:00,wl_in,54.861,True
water,2024,WL.CTC.01,จุดวัดคลองชวดตาเชียง ตอนสถานีสูบน้ำคลองชวดตาเชียง,105408,105408,100.0,105408,0,2024-01-01,2024-12-31 23:55:00,wl_in,100.0,True
water,2024,WL.CYI.01,จุดวัดคลองชวดใหญ่ ตอนถนนพระราม 9 ซอย 13,105408,105408,100.0,105408,0,2024-01-01,2024-12-31 23:55:00,wl_in,0.0,False
water,2024,WL.CYI.02,จุดวัดคลองชวดใหญ่ ตอนถนนพระราม 9,105408,105408,100.0,105408,0,2024-01-01,2024-12-31 23:55:00,wl_in,0.0,False
water,2024,WL.CYI.03,จุดวัดคลองชวดใหญ่-ตอนคลองลาดพร้าว,105408,105408,100.0,105408,0,2024-01-01,2024-12-31 23:55:00,wl_in,0.0,False
water,2024,WL.DKN.01,สถานีสูบน้ำ ดาวคะนอง,105408,105408,100.0,105408,0,2024-01-01,2024-12-31 23:55:00,wl_in,0.001,False
water,2024,WL.FTM.01,จุดวัดคลองโบสถ์แม่พระ ตอนถนนดินแดง,105408,105408,100.0,105408,0,2024-01-01,2024-12-31 23:55:00,wl_in,0.0,False
water,2024,WL.HKG.01,จุดวัดคลองห้วยขวาง ตอนถนนประชาสงเคราะห์,105408,105408,100.0,105408,0,2024-01-01,2024-12-31 23:55:00,wl_in,0.0,False
water,2024,WL.HKG.02,จุดวัดคลองห้วยขวาง ตอนถนนเทียมร่วมมิตร,105408,105408,100.0,105408,0,2024-01-01,2024-12-31 23:55:00,wl_in,0.001,False
water,2024,WL.HMK.01,จุดวัดคลองหัวหมาก ตอนถนนศรีนครินทร์,105408,105408,100.0,105408,0,2024-01-01,2024-12-31 23:55:00,wl_in,0.002,False
water,2024,WL.HMK.02,จุดวัดคลองหัวหมาก ตอนซอยรามคาแหง 68,105408,105408,100.0,105408,0,2024-01-01,2024-12-31 23:55:00,wl_in,56.53,True
water,2024,WL.HMK.03,จุดวัดคลองหัวหมาก ตอนซอยพัฒนาการ 32,105408,105408,100.0,105408,0,2024-01-01,2024-12-31 23:55:00,wl_in,55.948,True
water,2024,WL.IDE.01,จุดวัดบ่อสูบน้ำอินโดนีเซีย,105408,105408,100.0,105408,0,2024-01-01,2024-12-31 23:55:00,wl_in,100.0,True
water,2024,WL.JKK.01,จุดวัดคลองจระเข้ขบ ตอนถนนสุขาภิบาล 2 ซอย 2,105408,105408,100.0,105408,0,2024-01-01,2024-12-31 23:55:00,wl_in,0.0,False
water,2024,WL.JRN.01,สถานีสูบน้ำ คลองแจงร้อน,105408,105408,100.0,105408,0,2024-01-01,2024-12-31 23:55:00,wl_in,0.0,False
water,2024,WL.KBU.01,ประตูระบายน้ำ คลองบัว ตอนทางรถไฟสายใต้,105408,105408,100.0,105408,0,2024-01-01,2024-12-31 23:55:00,wl_in,0.0,False
water,2024,WL.KBU.02,จุดวัดคลองบัว ตอนถนนพุทธมณฑลสาย 1,105408,105408,100.0,105408,0,2024-01-01,2024-12-31 23:55:00,wl_in,0.0,False
water,2024,WL.KCD.01,จุดวัดคลองกระเฉด (โรงควบคุมคุณภาพน้ำรามอินทรา),105408,105408,100.0,105408,0,2024-01-01,2024-12-31 23:55:00,wl_in,0.0,False
water,2024,WL.KDN.01,ประตูระบายน้ำ คลองวัดด่าน,105408,105408,100.0,105408,0,2024-01-01,2024-12-31 23:55:00,wl_in,0.0,False
water,2024,WL.KJA.01,จุดวัดคลองกะจะ ตอนถนนพระราม 9,105408,105408,100.0,105408,0,2024-01-01,2024-12-31 23:55:00,wl_in,0.0,False
water,2024,WL.KJA.02,จุดวัดคลองกะจะ ตอนถนนพระราม 9 ซอย 57,105408,105408,100.0,105408,0,2024-01-01,2024-12-31 23:55:00,wl_in,0.013,False
water,2024,WL.KJG.01,จุดวัดคลองจิก ตอนถนนหัวหมาก,105408,105408,100.0,105408,0,2024-01-01,2024-12-31 23:55:00,wl_in,0.0,False
water,2024,WL.KJK.01,สถานีสูบน้ำ คลองเจ็ก,105408,105408,100.0,105408,0,2024-01-01,2024-12-31 23:55:00,wl_in,0.0,False
water,2024,WL.KJK.02,จุดวัดคลองเจ็ก ตอนถนนสุขุมวิท 60/1,105408,105408,100.0,105408,0,2024-01-01,2024-12-31 23:55:00,wl_in,0.0,False
water,2024,WL.KJN.01,จุดวัดคลองจั่น ตอนถนนลาดพร้าว,105408,105408,100.0,105408,0,2024-01-01,2024-12-31 23:55:00,wl_in,0.001,False
water,2024,WL.KJN.02,จุดวัดคลองจั่น ตอนถนนโยธินพัฒนา,105408,105408,100.0,105408,0,2024-01-01,2024-12-31 23:55:00,wl_in,0.0,False
water,2024,WL.KJT.01,"""จุดวัดคลองจิต ตอนซอยลาดพร้าว 122 """,105408,105408,100.0,105408,0,2024-01-01,2024-12-31 23:55:00,wl_in,0.0,False
water,2024,WL.KJU.01,จุดวัดคลองขุนจันทร์ ตอนถนนฉิมพลี,105408,105408,100.0,105408,0,2024-01-01,2024-12-31 23:55:00,wl_in,0.0,False
water,2024,WL.KKD.01,จุดวัดคลองเคล็ด ตอนถนนสุขุมวิท 77,105408,105408,100.0,105408,0,2024-01-01,2024-12-31 23:55:00,wl_in,0.001,False
water,2024,WL.KKD.02,จุดวัดคลองเคล็ด ตอนถนนสุภาพงษ์ 1,105408,105408,100.0,105408,0,2024-01-01,2024-12-31 23:55:00,wl_in,0.0,False
water,2024,WL.KKD.03,จุดวัดคลองเคล็ด ตอนถนนศรีนครินทร์,105408,105408,100.0,105408,0,2024-01-01,2024-12-31 23:55:00,wl_in,0.0,False
water,2024,WL.KKD.04,จุดวัดคลองเคล็ด ตอนซอยเปรมฤทัย 20*,105408,105408,100.0,105408,0,2024-01-01,2024-12-31 23:55:00,wl_in,78.972,True
water,2024,WL.KKO.01,จุดวัดคลองเก้า ตอนวัดศรีสุขสถาพร,105408,105408,100.0,105408,0,2024-01-01,2024-12-31 23:55:00,wl_in,0.0,False
water,2024,WL.KKS.01,สถานีสูบน้ำ เทเวศร์,105408,105408,100.0,105408,0,2024-01-01,2024-12-31 23:55:00,wl_in,0.0,False
water,2024,WL.KKS.02,จุดวัดคลองผดุงกรุงเกษม ตอนทำเนียบรัฐบาล,105408,105408,100.0,105408,0,2024-01-01,2024-12-31 23:55:00,wl_in,0.0,False
water,2024,WL.KKS.03,จุดวัดคลองผดุงกรุงเกษม ตอนหัวลำโพง,105408,105408,100.0,105408,0,2024-01-01,2024-12-31 23:55:00,wl_in,0.0,False
water,2024,WL.KKS.04,สถานีสูบน้ำ กรุงเกษม,105408,105408,100.0,105408,0,2024-01-01,2024-12-31 23:55:00,wl_in,0.0,False
water,2024,WL.KKY.01,จุดวัดคลองควาย ตอนถนนศาลาธรรมสพน์,105408,105408,100.0,105408,0,2024-01-01,2024-12-31 23:55:00,wl_in,0.0,False
water,2024,WL.KKY.02,จุดวัดคลองควาย ตอนถนนบรมราชชนนี,105408,105408,100.0,105408,0,2024-01-01,2024-12-31 23:55:00,wl_in,5.33,False
water,2024,WL.KLA.01,จุดวัดคลองลาว ตอนถนนพัฒนาการ,105408,105408,100.0,105408,0,2024-01-01,2024-12-31 23:55:00,wl_in,0.001,False
water,2024,WL.KLD.01,จุดวัดคลองหลอด ตอนสถานีสูบน้ำปากคลองตลาด,105408,105408,100.0,105408,0,2024-01-01,2024-12-31 23:55:00,wl_in,0.0,False
water,2024,WL.KLD.02,จุดวัดคลองหลอด ตอนถนนราชดำเนินใน,105408,105408,100.0,105408,0,2024-01-01,2024-12-31 23:55:00,wl_in,0.0,False
water,2024,WL.KLT.01,จุดวัดคลองตัน ช่วงใต้ทางด่วน,105408,105408,100.0,105408,0,2024-01-01,2024-12-31 23:55:00,wl_in,14.078,False
water,2024,WL.KMN.01,สถานีสูบน้ำ คลองมอญ,105408,105408,100.0,105408,0,2024-01-01,2024-12-31 23:55:00,wl_in,0.282,False
water,2024,WL.KNB.01,จุดวัดคลองหนองบอน ตอนอ่อนนุช 66 ซอย 13,105408,105408,100.0,105408,0,2024-01-01,2024-12-31 23:55:00,wl_in,0.001,False
water,2024,WL.KNB.02,จุดวัดคลองหนองบอน ตอนถนนเฉลิมพระเกียรติรัชกาลที่ 9,105408,105408,100.0,105408,0,2024-01-01,2024-12-31 23:55:00,wl_in,0.0,False
water,2024,WL.KPG.01,จุดวัดคลองเป้ง ตอนซอยเอกมัย 23,105408,105408,100.0,105408,0,2024-01-01,2024-12-31 23:55:00,wl_in,0.0,False
water,2024,WL.KPM.01,จุดวัดคลองเปรมประชากร ช่วงสถานีน้ำอุโมงค์คลองเปรมประชากร,105408,105408,100.0,105408,0,2024-01-01,2024-12-31 23:55:00,wl_in,0.0,False
water,2024,WL.KPM.02,จุดวัดคลองเปรมประชากร ตอนถนนรัชดาภิเษก,105408,105408,100.0,105408,0,2024-01-01,2024-12-31 23:55:00,wl_in,79.93,True
water,2024,WL.KPM.03,จุดวัดคลองเปรมประชากร ช่วงวัดเทวสุนทร,105408,105408,100.0,105408,0,2024-01-01,2024-12-31 23:55:00,wl_in,0.0,False
water,2024,WL.KPM.04,คลองเปรมประชากร ตอนคลองบางตลาด*,105408,105408,100.0,105408,0,2024-01-01,2024-12-31 23:55:00,wl_in,0.0,False
water,2024,WL.KPM.05,จุดวัดคลองเปรมประชากร ตอนถนนสรงประภา,105408,105408,100.0,105408,0,2024-01-01,2024-12-31 23:55:00,wl_in,0.0,False
water,2024,WL.KPM.06,จุดวัดคลองเปรมประชากร ตอนคลองบ้านใหม่,105408,105408,100.0,105408,0,2024-01-01,2024-12-31 23:55:00,wl_in,0.0,False
water,2024,WL.KSG.01,จุดวัดคลองสอง ตอนถนนพหลโยธิน,105408,105408,100.0,105408,0,2024-01-01,2024-12-31 23:55:00,wl_in,0.0,False
water,2024,WL.KSI.01,จุดวัดคลองสี่ ตอนถนนสุวินทวงศ์,105408,105408,100.0,105408,0,2024-01-01,2024-12-31 23:55:00,wl_in,0.005,False
water,2024,WL.KSI.02,จุดวัดคลองสี่ ตอนถนนเจ้าคุณทหาร,105408,105408,100.0,105408,0,2024-01-01,2024-12-31 23:55:00,wl_in,0.0,False
water,2024,WL.KSK.01,"""จุดวัดคลองขุนสกล ตอนซอยศรีนครินทร์ 36 """,105408,105408,100.0,105408,0,2024-01-01,2024-12-31 23:55:00,wl_in,3.778,False
water,2024,WL.KSM.01,จุดวัดคลองสาม ตอนร่มเกล้า 17,105408,105408,100.0,105408,0,2024-01-01,2024-12-31 23:55:00,wl_in,0.0,False
water,2024,WL.KSM.02,จุดวัดคลองสาม ตอนมอเตอร์เวย์,105408,105408,100.0,105408,0,2024-01-01,2024-12-31 23:55:00,wl_in,0.0,False
water,2024,WL.KSO.01,จุดวัดคลองซอย ตอนถนนบรมราชชนนี,105408,105408,100.0,105408,0,2024-01-01,2024-12-31 23:55:00,wl_in,0.0,False
water,2024,WL.KSO.02,จุดวัดคลองซอย ตอนถนนศาลาธรรมสพน์,105408,105408,100.0,105408,0,2024-01-01,2024-12-31 23:55:00,wl_in,0.0,False
water,2024,WL.KTK.03,จุดวัดคลองขรัวตาแก่น ตอนซอยสะพานขวา,105408,105408,100.0,105408,0,2024-01-01,2024-12-31 23:55:00,wl_in,0.0,False
water,2024,WL.KTY.01,สถานีสูบน้ำ คลองเตย,105408,105408,100.0,105408,0,2024-01-01,2024-12-31 23:55:00,wl_in,0.0,False
water,2024,WL.LBK.01,จุดวัดคลองลาดบัวขาว ตอนถนนรามคำแหง,105408,105408,100.0,105408,0,2024-01-01,2024-12-31 23:55:00,wl_in,0.0,False
water,2024,WL.LBK.02,จุดวัดคลองลาดบัวขาว ตอนถนนเคหะร่มเกล้า,105408,105408,100.0,105408,0,2024-01-01,2024-12-31 23:55:00,wl_in,0.0,False
water,2024,WL.LBK.03,จุดวัดคลองลาดบัวขาว ตอนซอยกาญจนาภิเษก 24,105408,105408,100.0,105408,0,2024-01-01,2024-12-31 23:55:00,wl_in,0.0,False
water,2024,WL.LCL.01,จุดวัดคลองลำชะล่า ตอนถนนนวมินทร์,105408,105408,100.0,105408,0,2024-01-01,2024-12-31 23:55:00,wl_in,0.0,False
water,2024,WL.LCL.02,จุดวัดคลองลำชะล่า ตอนซอยนวมินทร์ 86,105408,105408,100.0,105408,0,2024-01-01,2024-12-31 23:55:00,wl_in,0.0,False
water,2024,WL.LKB.01,จุดวัดคลองลาดกระบัง ตอนซอยลาดกระบัง 54/6,105408,105408,100.0,105408,0,2024-01-01,2024-12-31 23:55:00,wl_in,0.001,False
water,2024,WL.LOA.01,จุดวัดคลองรางอ้อ-รางแก้ว ตอนถนนพหลโยธิน,105408,105408,100.0,105408,0,2024-01-01,2024-12-31 23:55:00,wl_in,0.0,False
water,2024,WL.LPC.01,จุดวัดคลองลำผักชี ตอนโรงเรียนลำผักชี,105408,105408,100.0,105408,0,2024-01-01,2024-12-31 23:55:00,wl_in,0.0,False
water,2024,WL.LPG.01,จุดวัดคลองหลวงแพ่ง ตอนโรงเรียนผลลีรุ่งเรือง,105408,105408,100.0,105408,0,2024-01-01,2024-12-31 23:55:00,wl_in,100.0,True
water,2024,WL.LPG.02,ประตูระบายน้ำ คลองหลวงแพ่ง,105408,105408,100.0,105408,0,2024-01-01,2024-12-31 23:55:00,wl_in,0.0,False
water,2024,WL.LPG.03,จุดวัดคลองหลวงแพ่ง ตอนวัดลำต้อยติ่ง,105408,105408,100.0,105408,0,2024-01-01,2024-12-31 23:55:00,wl_in,0.005,False
water,2024,WL.LPI.01,จุดวัดคลองหลุมไผ่ ตอนซอยลาดปลาเค้า 63,105408,105408,100.0,105408,0,2024-01-01,2024-12-31 23:55:00,wl_in,100.0,True
water,2024,WL.LPI.02,จุดวัดคลองหลุมไผ่ ตอนถนนประเสริฐมนูกิจ29,105408,105408,100.0,105408,0,2024-01-01,2024-12-31 23:55:00,wl_in,0.273,False
water,2024,WL.LPN.01,สถานีสูบน้ำ คลองเลนเปน,105408,105408,100.0,105408,0,2024-01-01,2024-12-31 23:55:00,wl_in,0.0,False
water,2024,WL.LPP.01,จุดวัดบึงรับน้ำลำพังพวย ตอนถนนนวมินทร์,105408,105408,100.0,105408,0,2024-01-01,2024-12-31 23:55:00,wl_in,55.934,True
water,2024,WL.LPT.01,จุดวัดคลองลำปลาทิว ตอนถนนสังฆสันติสุข,105408,105408,100.0,105408,0,2024-01-01,2024-12-31 23:55:00,wl_in,0.0,False
water,2024,WL.LPT.02,จุดวัดคลองลำปลาทิว ตอนซอยฉลองกรุง 54,105408,105408,100.0,105408,0,2024-01-01,2024-12-31 23:55:00,wl_in,37.001,False
water,2024,WL.LPT.03,จุดวัดคลองลำปลาทิว ตอนซอยฉลองกรุง 8,105408,105408,100.0,105408,0,2024-01-01,2024-12-31 23:55:00,wl_in,0.0,False
water,2024,WL.LPT.04,"""จุดวัดคลองลำปลาทิว ตอนซอยเชื่อมสัมพันธ์ 25 """,105408,105408,100.0,105408,0,2024-01-01,2024-12-31 23:55:00,wl_in,37.28,False
water,2024,WL.LPW.01,ประตูระบายน้ำ คลองลาดพร้าว,105408,105408,100.0,105408,0,2024-01-01,2024-12-31 23:55:00,wl_in,0.0,False
water,2024,WL.LPW.02,จุดวัดคลองลาดพร้าว ช่วงวัดลาดพร้าว,105408,105408,100.0,105408,0,2024-01-01,2024-12-31 23:55:00,wl_in,0.0,False
water,2024,WL.LPW.03,จุดวัดคลองลาดพร้าว ช่วงซอยเสนานิคม,105408,105408,100.0,105408,0,2024-01-01,2024-12-31 23:55:00,wl_in,0.0,False
water,2024,WL.LPW.04,จุดวัดคลองลาดพร้าว ตอนถนนประชาอุทิศ,105408,105408,100.0,105408,0,2024-01-01,2024-12-31 23:55:00,wl_in,0.0,False
water,2024,WL.LPW.05,จุดวัดคลองลาดพร้าว ช่วงถนนประดิษฐ์มนูธรรม,105408,105408,100.0,105408,0,2024-01-01,2024-12-31 23:55:00,wl_in,0.0,False
water,2024,WL.LSG.01,จุดวัดคลองหลอด 2 ตอนถนนบางนา ตราด,105408,105408,100.0,105408,0,2024-01-01,2024-12-31 23:55:00,wl_in,0.0,False
water,2024,WL.LSM.01,จุดวัดคลองหลอด 3 ตอนถนนบางนา ตราด,105408,105408,100.0,105408,0,2024-01-01,2024-12-31 23:55:00,wl_in,0.0,False
water,2024,WL.LYW.01,จุดวัดคลองลาดยาว ตอน ถนนรัชดาภิเษก,105408,105408,100.0,105408,0,2024-01-01,2024-12-31 23:55:00,wl_in,0.0,False
water,2024,WL.LYW.02,จุดวัดคลองลาดยาว ตอนถนนวิภาวดีรังสิต 44,105408,105408,100.0,105408,0,2024-01-01,2024-12-31 23:55:00,wl_in,0.0,False
water,2024,WL.MCM.01,จุดวัดคลองหมื่นแช่ม ตอนถนนเอกชัย,105408,105408,100.0,105408,0,2024-01-01,2024-12-31 23:55:00,wl_in,51.862,True
water,2024,WL.MFS.01,จุดวัดบึงรับน้ำหมู่บ้านแฟรนต์ชิพ ตอนประตูระบายน้ำคลองออหลาว,105408,105408,100.0,105408,0,2024-01-01,2024-12-31 23:55:00,wl_in,56.348,True
water,2024,WL.MID.01,จุดวัดคูน้ำกรมสารวัตรทหาร,105408,105408,100.0,105408,0,2024-01-01,2024-12-31 23:55:00,wl_in,97.685,True
water,2024,WL.MKT.01,จุดวัดคลองมะขามเทศ ตอนถนนพัฒนาการ,105408,105408,100.0,105408,0,2024-01-01,2024-12-31 23:55:00,wl_in,56.2,True
water,2024,WL.MSW.01,จุดวัดคลองมหาสวัสดิ์ ตอนคลองสวนแดน 2,105408,105408,100.0,105408,0,2024-01-01,2024-12-31 23:55:00,wl_in,0.0,False
water,2024,WL.MSW.02,จุดวัดคลองมหาสวัสดิ์ ตอนวัดปุรณาวาส,105408,105408,100.0,105408,0,2024-01-01,2024-12-31 23:55:00,wl_in,0.0,False
water,2024,WL.MSW.03,จุดวัดคลองมหาสวัสดิ์ ตอนถนนพุทธมณฑลสาย 2,105408,105408,100.0,105408,0,2024-01-01,2024-12-31 23:55:00,wl_in,0.0,False
water,2024,WL.MTG.01,จุดวัดบึงรับน้ำหมู่บ้านเมืองทองการ์เด้น ตอนประตูระบายน้ำ แก้มลิง หมู่บ้านเมืองทองการ์เด้น,105408,105408,100.0,105408,0,2024-01-01,2024-12-31 23:55:00,wl_in,54.84,True
water,2024,WL.NBN.01,จุดวัดบึงหนองบอน,105408,105408,100.0,105408,0,2024-01-01,2024-12-31 23:55:00,wl_in,0.0,False
water,2024,WL.NCH.02,จุดวัดคูน้ำนายใช้ ตอนคลองเปรมประชากร,105408,105408,100.0,105408,0,2024-01-01,2024-12-31 23:55:00,wl_in,54.603,True
water,2024,WL.NK1.01,จุดวัดคูนายกิมสาย 1 ตอนถนนเลียบคูนายกิมสาย 1,105408,105408,100.0,105408,0,2024-01-01,2024-12-31 23:55:00,wl_in,54.869,True
water,2024,WL.NK3.01,จุดวัดคลองคูนายกิมสาย 3  ตอนถนนประชาอุทิศ,105408,105408,100.0,105408,0,2024-01-01,2024-12-31 23:55:00,wl_in,0.002,False
water,2024,WL.NKW.01,จุดวัดคลองน้ำแก้ว ตอนถนนรัชดาภิเษก,105408,105408,100.0,105408,0,2024-01-01,2024-12-31 23:55:00,wl_in,100.0,True
water,2024,WL.NKW.02,จุดวัดคลองน้ำแก้ว ตอนซอยลาดพร้าว 41,105408,105408,100.0,105408,0,2024-01-01,2024-12-31 23:55:00,wl_in,0.0,False
water,2024,WL.NSG.01,จุดวัดคลองนาซอง ตอนถนนประชาสุข,105408,105408,100.0,105408,0,2024-01-01,2024-12-31 23:55:00,wl_in,0.0,False
water,2024,WL.OAG.01,"""จุดวัดคลองโอ่งอ่าง ตอนประตูระบายน้ำวัดเทพธิดาราม """,105408,105408,100.0,105408,0,2024-01-01,2024-12-31 23:55:00,wl_in,24.996,False
water,2024,WL.ORC.01,สถานีสูบน้ำ คลองอรชร,105408,105408,100.0,105408,0,2024-01-01,2024-12-31 23:55:00,wl_in,0.0,False
water,2024,WL.PKG.01,สถานีสูบน้ำ ปากคลองตลาด,105408,105408,100.0,105408,0,2024-01-01,2024-12-31 23:55:00,wl_in,0.0,False
water,2024,WL.PKN.01,สถานีสูบน้ำ พระโขนง,105408,105408,100.0,105408,0,2024-01-01,2024-12-31 23:55:00,wl_in,0.0,False
water,2024,WL.PLK.01,จุดวัดคลองพิทยาลงกรณ์ ช่วงโรงเรียนพิทยาลงกรณ์พิทยาคม,105408,105408,100.0,105408,0,2024-01-01,2024-12-31 23:55:00,wl_in,0.0,False
water,2024,WL.PLP.01,จุดวัดคลองปลัดเปรียง ตอนถนนเฉลิมพระเกียรติร.9 ซอย14,105408,105408,100.0,105408,0,2024-01-01,2024-12-31 23:55:00,wl_in,55.002,True
water,2024,WL.PNM.01,จุดวัดคลองปากน้ำ ตอนถนนคู่ขนานกาญจนาภิเษก,105408,105408,100.0,105408,0,2024-01-01,2024-12-31 23:55:00,wl_in,0.0,False
water,2024,WL.PPA.02,จุดวัดคลองพลับพลา ตอนศูนย์แพทย์พัฒนา,105408,105408,100.0,105408,0,2024-01-01,2024-12-31 23:55:00,wl_in,99.996,True
water,2024,WL.PSC.01,สถานีสูบน้ำ คลองภาษีเจริญ,105408,105408,100.0,105408,0,2024-01-01,2024-12-31 23:55:00,wl_in,0.0,False
water,2024,WL.PSC.02,จุดวัดคลองภาษีเจริญ ตอนวัดรางบัว,105408,105408,100.0,105408,0,2024-01-01,2024-12-31 23:55:00,wl_in,0.0,False
water,2024,WL.PSC.03,จุดวัดคลองราชมนตรี ตอนคลองภาษีเจริญ,105408,105408,100.0,105408,0,2024-01-01,2024-12-31 23:55:00,wl_in,0.0,False
water,2024,WL.PSC.04,จุดวัดคลองภาษีเจริญ ตอนคลองมหาศร,105408,105408,100.0,105408,0,2024-01-01,2024-12-31 23:55:00,wl_in,100.0,True
water,2024,WL.PSC.05,จุดวัดคลองภาษีเจริญ ตอนวัดหนองแขม,105408,105408,100.0,105408,0,2024-01-01,2024-12-31 23:55:00,wl_in,48.219,False
water,2024,WL.PSI.01,จุดวัดคลองพร้อมศรี 2 ตอนถนนสุขุมวิท 49/13,105408,105408,100.0,105408,0,2024-01-01,2024-12-31 23:55:00,wl_in,0.0,False
water,2024,WL.PSR.01,ประตูระบายน้ำ คลองพระยาสุเรนทร์,105408,105408,100.0,105408,0,2024-01-01,2024-12-31 23:55:00,wl_in,0.0,False
water,2024,WL.PSR.02,จุดวัดคลองพระยาสุเรนทร์ ตอนถนนหนองระแหง,105408,105408,100.0,105408,0,2024-01-01,2024-12-31 23:55:00,wl_in,0.0,False
water,2024,WL.PSR.03,จุดวัดคลองพระยาสุเรนทร์ ตอนถนนจตุโชติ,105408,105408,100.0,105408,0,2024-01-01,2024-12-31 23:55:00,wl_in,0.0,False
water,2024,WL.PSR.04,ปตร.พระยาสุเรนทร์ ตอนคู้บอน,105408,105408,100.0,105408,0,2024-01-01,2024-12-31 23:55:00,wl_in,0.0,False
water,2024,WL.PSR.05,จุดวัดคลองพระยาสุเรนทร์ ตอนปัญญาอินทรา,105408,105408,100.0,105408,0,2024-01-01,2024-12-31 23:55:00,wl_in,0.0,False
water,2024,WL.PSR.06,จุดวัดคลองพระยาสุเรนทร์ ตอนบางชัน,105408,105408,100.0,105408,0,2024-01-01,2024-12-31 23:55:00,wl_in,0.0,False
water,2024,WL.PST.01,จุดวัดบึงรับน้ำปูนซีเมนต์ไทย ตอนสถานีสูบน้ำบึงบางซื่อ,105408,105408,100.0,105408,0,2024-01-01,2024-12-31 23:55:00,wl_in,54.87,True
water,2024,WL.PWT.01,จุดวัดคลองประเวศ ตอนซอยอ่อนนุช 17,105408,105408,100.0,105408,0,2024-01-01,2024-12-31 23:55:00,wl_in,0.0,False
water,2024,WL.PWT.02,จุดวัดคลองประเวศบุรีรมย์ ตอนวัดขจรศิริ,105408,105408,100.0,105408,0,2024-01-01,2024-12-31 23:55:00,wl_in,0.0,False
water,2024,WL.PWT.03,ประตูระบายน้ำ คลองประเวศบุรีรมย์ ตอนวัดกระทุ่มเสือปลา,105408,105408,100.0,105408,0,2024-01-01,2024-12-31 23:55:00,wl_in,0.0,False
water,2024,WL.PWT.04,ประตูระบายน้ำ คลองประเวศบุรีรมย์ ตอนลาดกระบัง,105408,105408,100.0,105408,0,2024-01-01,2024-12-31 23:55:00,wl_in,0.0,False
water,2024,WL.PWT.05,จุดวัดคลองประเวศบุรีรมย์ ตอน รพ.ลาดกระบัง,105408,105408,100.0,105408,0,2024-01-01,2024-12-31 23:55:00,wl_in,0.0,False
water,2024,WL.PWT.06,จุดวัดคลองประเวศบุรีรมย์ ตอนถนนร่วมพัฒนา,105408,105408,100.0,105408,0,2024-01-01,2024-12-31 23:55:00,wl_in,0.0,False
water,2024,WL.PYW.01,จุดวัดคลองพญาเวิก ตอนปตร.คลองพญาเวิก,105408,105408,100.0,105408,0,2024-01-01,2024-12-31 23:55:00,wl_in,0.001,False
water,2024,WL.RHN.01,สถานีสูบน้ำ คลองระหาญ,105408,105408,100.0,105408,0,2024-01-01,2024-12-31 23:55:00,wl_in,0.0,False
water,2024,WL.RJK.01,ประตูระบายน้ำ คลองรางจาก ตอนถนนประชาอุทิศ,105408,105408,100.0,105408,0,2024-01-01,2024-12-31 23:55:00,wl_in,0.0,False
water,2024,WL.RKC.01,จุดวัดคลองข้างศูนย์ราชการ,105408,105408,100.0,105408,0,2024-01-01,2024-12-31 23:55:00,wl_in,0.0,False
water,2024,WL.RMT.01,สถานีสูบน้ำ คลองพระยาราชมนตรี,105408,105408,100.0,105408,0,2024-01-01,2024-12-31 23:55:00,wl_in,0.0,False
water,2024,WL.RMT.02,จุดวัดคลองพระยาราชมนตรี ตอนถนนพระรามที่ 2,105408,105408,100.0,105408,0,2024-01-01,2024-12-31 23:55:00,wl_in,0.0,False
water,2024,WL.RMT.03,จุดวัดคลองพระยาราชมนตรี ตอนถนน กัลปพฤกษ์,105408,105408,100.0,105408,0,2024-01-01,2024-12-31 23:55:00,wl_in,36.782,False
water,2024,WL.RSK.01,จุดวัดคลองราษฎร์สามัคคี ตอนถนนเพชรเกษม 63,105408,105408,100.0,105408,0,2024-01-01,2024-12-31 23:55:00,wl_in,0.629,False
water,2024,WL.SBR.01,ประตูระบายน้ำ คลองขุนศรีบุรีรักษ์ ตอนคลองมหาสวัสดิ์,105408,105408,100.0,105408,0,2024-01-01,2024-12-31 23:55:00,wl_in,0.0,False
water,2024,WL.SBR.02,จุดวัดคลองบางขุนศรีบุรีรักษ์ ตอนถนนบรมราชชนนี,105408,105408,100.0,105408,0,2024-01-01,2024-12-31 23:55:00,wl_in,0.0,False
water,2024,WL.SBT.01,สถานีสูบน้ำ คลองสี่บาท,105408,105408,100.0,105408,0,2024-01-01,2024-12-31 23:55:00,wl_in,0.0,False
water,2024,WL.SCO.01,"""จุดวัดคลองศาลเจ้า ตอนถนนสวนผัก """,105408,105408,100.0,105408,0,2024-01-01,2024-12-31 23:55:00,wl_in,0.0,False
water,2024,WL.SDN.01,"""จุดวัดคลองสวนแดน ตอนถนนชัยพฤกษ์ """,105408,105408,100.0,105408,0,2024-01-01,2024-12-31 23:55:00,wl_in,0.0,False
water,2024,WL.SKG.01,จุดวัดคลองสะแกงาม ตอนถนนกาญจนาภิเษก,105408,105408,100.0,105408,0,2024-01-01,2024-12-31 23:55:00,wl_in,0.0,False
water,2024,WL.SKT.01,จุดวัดคลองทรงกระเทียม ตอนถนนนาคนิวาส,105408,105408,100.0,105408,0,2024-01-01,2024-12-31 23:55:00,wl_in,0.0,False
water,2024,WL.SKT.02,จุดวัดคลองทรงกระเทียม ตอนปตร.คลองทรงกระเทียม,105408,105408,100.0,105408,0,2024-01-01,2024-12-31 23:55:00,wl_in,0.0,False
water,2024,WL.SLL.01,จุดวัดคลองศาลาลอย ตอนถนนอ่อนนุช 61,105408,105408,100.0,105408,0,2024-01-01,2024-12-31 23:55:00,wl_in,0.0,False
water,2024,WL.SMK.01,จุดวัดบึงรับน้ำหมู่บ้านสัมมากร ตอนสถานีสูบน้ำบึงที่ 2 คลองบ้านม้า 2,105408,105408,100.0,105408,0,2024-01-01,2024-12-31 23:55:00,wl_in,56.173,True
water,2024,WL.SNC.01,สถานีสูบน้ำ คลองสนามชัย,105408,105408,100.0,105408,0,2024-01-01,2024-12-31 23:55:00,wl_in,0.0,False
water,2024,WL.SNC.02,จุดวัดคลองสนามชัย ตอนคลองบางขุนเทียน,105408,105408,100.0,105408,0,2024-01-01,2024-12-31 23:55:00,wl_in,0.0,False
water,2024,WL.SNC.03,จุดวัดคลองสนามชัย ตอนวัดเลา,105408,105408,100.0,105408,0,2024-01-01,2024-12-31 23:55:00,wl_in,56.537,True
water,2024,WL.SNO.01,จุดวัดคลองเสือน้อย ตอนถนนสุคนธสวัสดิ์,105408,105408,100.0,105408,0,2024-01-01,2024-12-31 23:55:00,wl_in,0.0,False
water,2024,WL.SOL.01,จุดวัดคลองสวนอ้อย ตอนถนนอ่อนนุช ซอย 28,105408,105408,100.0,105408,0,2024-01-01,2024-12-31 23:55:00,wl_in,55.946,True
water,2024,WL.SPP.01,จุดวัดบ่อสูบน้ำสะพานพรหม,105408,105408,100.0,105408,0,2024-01-01,2024-12-31 23:55:00,wl_in,100.0,True
water,2024,WL.SRE.01,สถานีสูบน้ำ คลองสำเหร่,105408,105408,100.0,105408,0,2024-01-01,2024-12-31 23:55:00,wl_in,0.0,False
water,2024,WL.SRG.01,สถานีสูบน้ำ คลองสำโรง,105408,105408,100.0,105408,0,2024-01-01,2024-12-31 23:55:00,wl_in,0.0,False
water,2024,WL.SSB.01,จุดวัดคลองแสนแสบ ช่วงคลองผดุงกรุงเกษม (โบ๊เบ๊),105408,105408,100.0,105408,0,2024-01-01,2024-12-31 23:55:00,wl_in,0.0,False
water,2024,WL.SSB.02,จุดวัดคลองแสนแสบ ตอนซอยสมคิด,105408,105408,100.0,105408,0,2024-01-01,2024-12-31 23:55:00,wl_in,0.001,False
water,2024,WL.SSB.03,จุดวัดคลองแสนแสบ ช่วงอโศก,105408,105408,100.0,105408,0,2024-01-01,2024-12-31 23:55:00,wl_in,0.0,False
water,2024,WL.SSB.04,สถานีสูบน้ำ คลองแสนแสบตอนคลองตัน,105408,105408,100.0,105408,0,2024-01-01,2024-12-31 23:55:00,wl_in,0.0,False
water,2024,WL.SSB.05,จุดวัดคลองแสนแสบ ตอนรามคำแหง 9,105408,105408,100.0,105408,0,2024-01-01,2024-12-31 23:55:00,wl_in,100.0,True
water,2024,WL.SSB.06,จุดวัดคลองแสนแสบ ช่วงสถานีสูบน้ำคลองเจ้าคุณสิงห์,105408,105408,100.0,105408,0,2024-01-01,2024-12-31 23:55:00,wl_in,0.0,False
water,2024,WL.SSB.07,จุดวัดคลองแสนแสบ ตอนสำนักงานเขตบางกะปิ,105408,105408,100.0,105408,0,2024-01-01,2024-12-31 23:55:00,wl_in,0.0,False
water,2024,WL.SSB.08,จุดวัดคลองแสนแสบ ช่วงซอยเสรีไทย 24,105408,105408,100.0,105408,0,2024-01-01,2024-12-31 23:55:00,wl_in,0.0,False
water,2024,WL.SSB.09,ประตูระบายน้ำ คลองแสนแสบ ตอนบางชัน,105408,105408,100.0,105408,0,2024-01-01,2024-12-31 23:55:00,wl_in,0.0,False
water,2024,WL.SSB.10,ประตูระบายน้ำ คลองแสนแสบ ตอนถนนประชาร่วมใจ,105408,105408,100.0,105408,0,2024-01-01,2024-12-31 23:55:00,wl_in,0.0,False
water,2024,WL.SSB.11,จุดวัดคลองแสนแสบ ตอนวัดทรัพย์สโมสรนิกรเกษม,105408,105408,100.0,105408,0,2024-01-01,2024-12-31 23:55:00,wl_in,0.0,False
water,2024,WL.SSB.12,สถานีสูบน้ำ คลองแสนแสบ หนองจอก,105408,105408,100.0,105408,0,2024-01-01,2024-12-31 23:55:00,wl_in,0.0,False
water,2024,WL.SSG.01,จุดวัดคลองสิบสอง ตอนถนนประชาสำราญ,105408,105408,100.0,105408,0,2024-01-01,2024-12-31 23:55:00,wl_in,0.0,False
water,2024,WL.SSM.01,ประตูระบายน้ำ คลองสิบสาม,105408,105408,100.0,105408,0,2024-01-01,2024-12-31 23:55:00,wl_in,15.547,False
water,2024,WL.SSN.01,สถานีสูบน้ำ สามเสน,105408,105408,100.0,105408,0,2024-01-01,2024-12-31 23:55:00,wl_in,0.0,False
water,2024,WL.SSN.02,จุดวัดคลองสามเสน ช่วงถนนพระรามที่ 5,105408,105408,100.0,105408,0,2024-01-01,2024-12-31 23:55:00,wl_in,0.0,False
water,2024,WL.SSN.03,จุดวัดคลองสามเสน ตอนถนนพระรามที่ 6,105408,105408,100.0,105408,0,2024-01-01,2024-12-31 23:55:00,wl_in,0.0,False
water,2024,WL.SSN.04,จุดวัดคลองสามเสน ช่วงถนนพหลโยธิน,105408,105408,100.0,105408,0,2024-01-01,2024-12-31 23:55:00,wl_in,0.0,False
water,2024,WL.SSN.05,จุดวัดคลองสามเสน ตอน รพ.พระมงกุฎเกล้า,105408,105408,100.0,105408,0,2024-01-01,2024-12-31 23:55:00,wl_in,100.0,True
water,2024,WL.SSN.06,จุดวัดคลองสามเสน ช่วงถนนดินแดง,105408,105408,100.0,105408,0,2024-01-01,2024-12-31 23:55:00,wl_in,0.0,False
water,2024,WL.SSN.07,จุดวัดคลองสามเสน ตอนถนนอโศก,105408,105408,100.0,105408,0,2024-01-01,2024-12-31 23:55:00,wl_in,2.826,False
water,2024,WL.SSN.08,สถานีสูบน้ำ สามเสน ตอนคลองแสนแสบ,105408,105408,100.0,105408,0,2024-01-01,2024-12-31 23:55:00,wl_in,13.407,False
water,2024,WL.SSN.09,จุดวัดคลองสามเสน ช่วงถนนเอกมัย,105408,105408,100.0,105408,0,2024-01-01,2024-12-31 23:55:00,wl_in,0.0,False
water,2024,WL.SSN.10,จุดวัดคลองสามเสน -ตอนคลองชวดใหญ่,105408,105408,100.0,105408,0,2024-01-01,2024-12-31 23:55:00,wl_in,0.0,False
water,2024,WL.SST.01,ประตูระบายน้ำ คลองสองสายใต้,105408,105408,100.0,105408,0,2024-01-01,2024-12-31 23:55:00,wl_in,0.0,False
water,2024,WL.STN.01,จุดวัดคลองสองต้นนุ่น ตอนถนนรามคำแหง,105408,105408,100.0,105408,0,2024-01-01,2024-12-31 23:55:00,wl_in,0.0,False
water,2024,WL.STN.02,"""จุดวัดคลองสองต้นนุ่น ตอนซอยร่มเกล้า 20 """,105408,105408,100.0,105408,0,2024-01-01,2024-12-31 23:55:00,wl_in,0.0,False
water,2024,WL.STN.03,จุดวัดคลองสองต้นนุ่น ตอนถนนมอเตอร์เวย์,105408,105408,100.0,105408,0,2024-01-01,2024-12-31 23:55:00,wl_in,0.01,False
water,2024,WL.STR.01,สถานีสูบน้ำ คลองสาทร,105408,105408,100.0,105408,0,2024-01-01,2024-12-31 23:55:00,wl_in,0.0,False
water,2024,WL.STR.02,"""จุดวัดคลองสาทร ตอนถนนพระรามที่ 4 """,105408,105408,100.0,105408,0,2024-01-01,2024-12-31 23:55:00,wl_in,13.778,False
water,2024,WL.SWA.01,ประตูระบายน้ำ คลองสามวา,105408,105408,100.0,105408,0,2024-01-01,2024-12-31 23:55:00,wl_in,1.421,False
water,2024,WL.SWU.01,จุดวัดคูน้ำ มศว.,105408,105408,100.0,105408,0,2024-01-01,2024-12-31 23:55:00,wl_in,0.006,False
water,2024,WL.TCG.01,"""จุดวัดคลองตาช้าง ตอนถนนศรีนครินทร์ """,105408,105408,100.0,105408,0,2024-01-01,2024-12-31 23:55:00,wl_in,0.0,False
water,2024,WL.TNG.01,จุดวัดคลองตาหนัง ตอนถนนลาดพร้าว,105408,105408,100.0,105408,0,2024-01-01,2024-12-31 23:55:00,wl_in,0.0,False
water,2024,WL.TPK.02,จุดวัดคลองตาพุก ตอนถนนลาดกระบัง,105408,105408,100.0,105408,0,2024-01-01,2024-12-31 23:55:00,wl_in,0.0,False
water,2024,WL.TPK.03,จุดวัดคลองตาพุก ตอนคลองทับช้างบน,105408,105408,100.0,105408,0,2024-01-01,2024-12-31 23:55:00,wl_in,0.001,False
water,2024,WL.TSK.01,จุดวัดคูน้ำต่อศักดิ์ ตอนซอยทองหล่อ 25,105408,105408,100.0,105408,0,2024-01-01,2024-12-31 23:55:00,wl_in,0.0,False
water,2024,WL.TTN.01,จุดวัดคลองลาดโตนด ตอน ปตร.คลองลาดโตนด,105408,105408,100.0,105408,0,2024-01-01,2024-12-31 23:55:00,wl_in,0.0,False
water,2024,WL.TUT.01,สถานีสูบน้ำ คลองตาอูฐ,105408,105408,100.0,105408,0,2024-01-01,2024-12-31 23:55:00,wl_in,23.346,False
water,2024,WL.TUT.02,จุดวัดคลองตาอูฐ ตอนซอยแจ้งวัฒนะ 14,105408,105408,100.0,105408,0,2024-01-01,2024-12-31 23:55:00,wl_in,0.0,False
water,2024,WL.TWW.01,ประตูระบายน้ำ คลองทวีวัฒนา,105408,105408,100.0,105408,0,2024-01-01,2024-12-31 23:55:00,wl_in,0.0,False
water,2024,WL.TWW.02,จุดวัดคลองทวีวัฒนา ตอนถนนบรมราชชนนี,105408,105408,100.0,105408,0,2024-01-01,2024-12-31 23:55:00,wl_in,0.0,False
water,2024,WL.TWW.03,จุดวัดคลองทวีวัฒนา ตอนถนนเพชรเกษม,105408,105408,100.0,105408,0,2024-01-01,2024-12-31 23:55:00,wl_in,0.0,False
water,2024,WL.TWW.04,จุดวัดคลองทวีวัฒนา ตอนคลองบางเชือกหนัง,105408,105408,100.0,105408,0,2024-01-01,2024-12-31 23:55:00,wl_in,0.0,False
water,2024,WL.TWW.05,จุดวัดคลองทวีวัฒนา ตอนคลองภาษีเจริญ,105408,105408,100.0,105408,0,2024-01-01,2024-12-31 23:55:00,wl_in,0.0,False
water,2024,WL.VPD.01,จุดวัดคูน้ำวิภาวดี ตอนหน้าสนามกีฬากองทัพบก,105408,105408,100.0,105408,0,2024-01-01,2024-12-31 23:55:00,wl_in,36.799,False
water,2024,WL.VPD.02,จุดวัดคูน้ำวิภาวดี ตอนกรมดุริยางค์ทหารบก,105408,105408,100.0,105408,0,2024-01-01,2024-12-31 23:55:00,wl_in,53.526,True
water,2024,WL.VPD.03,จุดวัดคูน้ำวิภาวดี ตอนซอยวิภาวดีรังสิต 28,105408,105408,100.0,105408,0,2024-01-01,2024-12-31 23:55:00,wl_in,51.077,True
water,2024,WL.VPV.01,สถานีสูบน้ำ รัชดา-วิภาวดี,105408,105408,100.0,105408,0,2024-01-01,2024-12-31 23:55:00,wl_in,0.0,False
water,2024,WL.WHK.01,จุดวัดคลองวัดหัวกระบือ ตอนวัดหัวกระบือ,105408,105408,100.0,105408,0,2024-01-01,2024-12-31 23:55:00,wl_in,54.833,True
water,2024,WL.WKT.01,จุดวัดคลองวัดไก่เตี้ย ตอนสถานีสูบน้ำคลองวัดไก่เตี้ย,105408,105408,100.0,105408,0,2024-01-01,2024-12-31 23:55:00,wl_in,0.0,False
water,2024,WL.WLS.01,จุดวัดคลองวัดหลักสี่ ตอนถนนวิภาวดีรังสิต,105408,105408,100.0,105408,0,2024-01-01,2024-12-31 23:55:00,wl_in,0.006,False
water,2024,WL.WSI.01,สถานีสูบน้ำ คลองวัดไทร,105408,105408,100.0,105408,0,2024-01-01,2024-12-31 23:55:00,wl_in,0.0,False
water,2024,WL.WSV.01,จุดวัดคลองวัดสุทธาวาส ตอนซอยเทอดไท 33,105408,105408,100.0,105408,0,2024-01-01,2024-12-31 23:55:00,wl_in,63.81,True
water,2024,WL.WTK.01,จุดวัดคลองวัดตึก ตอนถนนลาดพร้าว,105408,105408,100.0,105408,0,2024-01-01,2024-12-31 23:55:00,wl_in,0.0,False
water,2024,WL.WTN.02,จุดวัดคูน้ำวัฒนา ตอนโรงเรียนวัฒนาวิทยาลัย,105408,105408,100.0,105408,0,2024-01-01,2024-12-31 23:55:00,wl_in,0.0,False
water,2024,WL.YPE.01,จุดคลองยายเพียร ตอนถนนเพชรเกษม,105408,105408,100.0,105408,0,2024-01-01,2024-12-31 23:55:00,wl_in,0.0,False
water,2024,WL.YPN.01,จุดวัดคลองยายเผื่อน ตอนแฮปปี้แลนด์,105408,105408,100.0,105408,0,2024-01-01,2024-12-31 23:55:00,wl_in,0.0,False
water,2024,WL.YPN.02,จุดวัดคลองยายเผื่อน ตอนถนนลาดพร้าว,105408,105408,100.0,105408,0,2024-01-01,2024-12-31 23:55:00,wl_in,0.001,False
water,2024,WL.YSN.02,"""จุดวัดคลองยายสุ่น ตอนถนนรัชดาภิเษก """,105408,105408,100.0,105408,0,2024-01-01,2024-12-31 23:55:00,wl_in,0.0,False
water,2025,WL.AJP.01,จุดวัดคลองอาจารย์พร ตอนปตร.คลองอาจารย์พร,105120,105120,100.0,105120,0,2025-01-01,2025-12-31 23:55:00,wl_in,0.0,False
water,2025,WL.ANX.01,คูน้ำแอนเนกซ์ (บ่อสูบน้ำพหลโยธิน 58),105120,105120,100.0,105120,0,2025-01-01,2025-12-31 23:55:00,wl_in,0.151,False
water,2025,WL.BAM.01,จุดวัดคลองบ้านใหม่ ตอนซอยพระแม่การุณย์ 27,105120,105120,100.0,105120,0,2025-01-01,2025-12-31 23:55:00,wl_in,0.0,False
water,2025,WL.BBN.01,จุดวัดคลองบางบอน ตอนถนนบางขุนเทียน,105120,105120,100.0,105120,0,2025-01-01,2025-12-31 23:55:00,wl_in,0.0,False
water,2025,WL.BBN.02,จุดวัดคลองบางบอน ตอนถนนกาญจนาภิเษก,105120,105120,100.0,105120,0,2025-01-01,2025-12-31 23:55:00,wl_in,0.0,False
water,2025,WL.BBN.03,จุดวัดคลองบางบอน ตอนคลองสะแกงาม,105120,105120,100.0,105120,0,2025-01-01,2025-12-31 23:55:00,wl_in,0.0,False
water,2025,WL.BBR.01,จุดวัดคลองบางบำหรุ ตอนถนนบรมราชชนนี,105120,105120,100.0,105120,0,2025-01-01,2025-12-31 23:55:00,wl_in,0.0,False
water,2025,WL.BBR.02,จุดวัดคลองบางบำหรุ ตอนถนนสิรินธร,105120,105120,100.0,105120,0,2025-01-01,2025-12-31 23:55:00,wl_in,0.0,False
water,2025,WL.BBU.01,จุดวัดคลองบางบัว,105120,105120,100.0,105120,0,2025-01-01,2025-12-31 23:55:00,wl_in,0.0,False
water,2025,WL.BCN.01,จุดวัดคลองบางเชือกหนัง ตอนถนนกาญจนาภิเษก,105120,105120,100.0,105120,0,2025-01-01,2025-12-31 23:55:00,wl_in,0.0,False
water,2025,WL.BCN.02,จุดวัดคลองบางเชือกหนัง ตอนถนนพุทธมณฑลสาย 1,105120,105120,100.0,105120,0,2025-01-01,2025-12-31 23:55:00,wl_in,0.0,False
water,2025,WL.BCN.03,จุดวัดคลองบางเชือกหนัง ตอนถนนพุทธมณฑลสาย 2,105120,105120,100.0,105120,0,2025-01-01,2025-12-31 23:55:00,wl_in,0.0,False
water,2025,WL.BJK.01,สถานีสูบน้ำ บางจาก,105120,105120,100.0,105120,0,2025-01-01,2025-12-31 23:55:00,wl_in,0.0,False
water,2025,WL.BJK.02,"""จุดวัดคลองบางจาก ตอนซอยเพชรเกษม 68 """,105120,105120,100.0,105120,0,2025-01-01,2025-12-31 23:55:00,wl_in,0.0,False
water,2025,WL.BJK.03,จุดวัดคลองบางจาก ตอนคลองบางหว้า,105120,105120,100.0,105120,0,2025-01-01,2025-12-31 23:55:00,wl_in,0.0,False
water,2025,WL.BJK.04,"""จุดวัดคลองบางจาก ตอนถนนพุทธมณฑลสาย 2 """,105120,105120,100.0,105120,0,2025-01-01,2025-12-31 23:55:00,wl_in,0.0,False
water,2025,WL.BKA.01,สถานีสูบน้ำ คลองบางเขนใหม่,105120,105120,100.0,105120,0,2025-01-01,2025-12-31 23:55:00,wl_in,0.0,False
water,2025,WL.BKA.02,จุดวัดคลองบางเขน ช่วงถนนกรุงเทพ-นนทบุรี,105120,105120,100.0,105120,0,2025-01-01,2025-12-31 23:55:00,wl_in,0.0,False
water,2025,WL.BKA.03,จุดวัดคลองบางเขน ช่วงถนนประชาชื่น,105120,105120,100.0,105120,0,2025-01-01,2025-12-31 23:55:00,wl_in,0.0,False
water,2025,WL.BKA.04,จุดวัดคลองบางเขน ช่วงถนนวิภาวดีรังสิต,105120,105120,100.0,105120,0,2025-01-01,2025-12-31 23:55:00,wl_in,84.583,True
water,2025,WL.BKB.01,จุดวัดคลองบางกระบือ ตอนถนนสามเสน,105120,105120,100.0,105120,0,2025-01-01,2025-12-31 23:55:00,wl_in,0.0,False
water,2025,WL.BKG.01,ประตูระบายน้ำ คลองบึงขวาง,105120,105120,100.0,105120,0,2025-01-01,2025-12-31 23:55:00,wl_in,91.665,True
water,2025,WL.BKL.01,จุดวัดคลองบางโคลัด ตอนถนนบางบอน 1,105120,105120,100.0,105120,0,2025-01-01,2025-12-31 23:55:00,wl_in,100.0,True
water,2025,WL.BKT.01,จุดวัดบึงรับน้ำบึงกุ่มบางเตย ตอนสถานีสูบน้ำคลองบางเตยล่าง,105120,105120,100.0,105120,0,2025-01-01,2025-12-31 23:55:00,wl_in,0.0,False
water,2025,WL.BKY.01,สถานีสูบน้ำ คลองบางกอกใหญ่,105120,105120,100.0,105120,0,2025-01-01,2025-12-31 23:55:00,wl_in,0.0,False
water,2025,WL.BKY.02,จุดวัดคลองบางเชือกหนัง ตอนวัดปากน้ำฝั่งใต้,105120,105120,100.0,105120,0,2025-01-01,2025-12-31 23:55:00,wl_in,0.0,False
water,2025,WL.BLP.02,จุดวัดคลองบางลำพู ตอนสะพานผ่านฟ้า,105120,105120,100.0,105120,0,2025-01-01,2025-12-31 23:55:00,wl_in,0.0,False
water,2025,WL.BLY.01,จุดวัดคลองบ้านหลาย ตอนถนนสุขุมวิท 77,105120,105120,100.0,105120,0,2025-01-01,2025-12-31 23:55:00,wl_in,0.0,False
water,2025,WL.BLY.02,จุดวัดคลองบ้านหลาย ตอนซอยพึ่งมี 48,105120,105120,100.0,105120,0,2025-01-01,2025-12-31 23:55:00,wl_in,0.0,False
water,2025,WL.BMA.02,จุดวัดคลองบ้านม้า ตอนถนนรามคำแหง,105120,105120,100.0,105120,0,2025-01-01,2025-12-31 23:55:00,wl_in,0.0,False
water,2025,WL.BMK.01,จุดวัดคลองบางมะเขือ ตอนถนนสุขุมวิท 71,105120,105120,100.0,105120,0,2025-01-01,2025-12-31 23:55:00,wl_in,0.0,False
water,2025,WL.BNA.01,สถานีสูบน้ำ บางนา,105120,105120,100.0,105120,0,2025-01-01,2025-12-31 23:55:00,wl_in,0.0,False
water,2025,WL.BNA.02,จุดวัดคลองบางนา ตอนถนนสุขุมวิท,105120,105120,100.0,105120,0,2025-01-01,2025-12-31 23:55:00,wl_in,0.0,False
water,2025,WL.BNA.03,จุดวัดคลองบางนา ตอนถนนศรีนครินทร์,105120,105120,100.0,105120,0,2025-01-01,2025-12-31 23:55:00,wl_in,0.0,False
water,2025,WL.BNA.04,จุดวัดคลองบางนา ตอนซอยบางนา-ตราด 56,105120,105120,100.0,105120,0,2025-01-01,2025-12-31 23:55:00,wl_in,0.0,False
water,2025,WL.BNJ.01,จุดวัดคลองบางนางจีน ตอนสถานีสูบน้ำบางนางจีน,105120,105120,100.0,105120,0,2025-01-01,2025-12-31 23:55:00,wl_in,0.0,False
water,2025,WL.BNJ.02,จุดวัดคลองบางนางจีน ตอนซอยสุขุมวิท 66/1,105120,105120,100.0,105120,0,2025-01-01,2025-12-31 23:55:00,wl_in,0.0,False
water,2025,WL.BNJ.03,จุดวัดคลองบางนางจีน ตอนซอยสุขุมวิท 93,105120,105120,100.0,105120,0,2025-01-01,2025-12-31 23:55:00,wl_in,0.0,False
water,2025,WL.BNJ.04,จุดวัดคลองบางนางจีน ตอนถนนสุขุมวิท 101/1,105120,105120,100.0,105120,0,2025-01-01,2025-12-31 23:55:00,wl_in,0.0,False
water,2025,WL.BNS.01,จุดวัดคลองบ้านไทร ตอนถนนพุทธมณฑลสาย 2,105120,105120,100.0,105120,0,2025-01-01,2025-12-31 23:55:00,wl_in,0.0,False
water,2025,WL.BOA.01,สถานีสูบน้ำ บางอ้อ,105120,105120,100.0,105120,0,2025-01-01,2025-12-31 23:55:00,wl_in,0.0,False
water,2025,WL.BOA.02,จุดวัดคลองบางอ้อ ตอนซอยสุขุมวิท 64,105120,105120,100.0,105120,0,2025-01-01,2025-12-31 23:55:00,wl_in,0.0,False
water,2025,WL.BOA.03,จุดวัดคลองบางอ้อใหญ่ ตอนซอยสุขุมวิท 66/1,105120,105120,100.0,105120,0,2025-01-01,2025-12-31 23:55:00,wl_in,0.0,False
water,2025,WL.BON.01,จุดวัดคลองบางอ้อน้อย ตอนซอยสุขุมวิท 64,105120,105120,100.0,105120,0,2025-01-01,2025-12-31 23:55:00,wl_in,0.0,False
water,2025,WL.BPA.01,จุดวัดคลองบ้านป่า ตอนถนนพัฒนาการ,105120,105120,100.0,105120,0,2025-01-01,2025-12-31 23:55:00,wl_in,0.0,False
water,2025,WL.BPK.01,จุดวัดคลองบางปะแก้ว  ตอนถนนราษฎร์บูรณะ,105120,105120,100.0,105120,0,2025-01-01,2025-12-31 23:55:00,wl_in,0.0,False
water,2025,WL.BPM.01,จุดวัดคลองบางพรม ตอนคลองชักพระ,105120,105120,100.0,105120,0,2025-01-01,2025-12-31 23:55:00,wl_in,0.0,False
water,2025,WL.BPM.02,จุดวัดคลองบางพรม ตอนถนนฉิมพลี,105120,105120,100.0,105120,0,2025-01-01,2025-12-31 23:55:00,wl_in,0.0,False
water,2025,WL.BPM.03,จุดวัดคลองบางพรม ตอนถนนกาญจนาภิเษก,105120,105120,100.0,105120,0,2025-01-01,2025-12-31 23:55:00,wl_in,0.0,False
water,2025,WL.BPM.04,จุดวัดคลองบางพรม ตอนถนนพุทธมณฑลสาย 3,105120,105120,100.0,105120,0,2025-01-01,2025-12-31 23:55:00,wl_in,0.0,False
water,2025,WL.BPN.01,จุดวัดคลองบางพราน ตอนถนนบางบอน 1,105120,105120,100.0,105120,0,2025-01-01,2025-12-31 23:55:00,wl_in,100.0,True
water,2025,WL.BPN.02,จุดวัดคลองบางพราน ตอนถนนบางบอน 2,105120,105120,100.0,105120,0,2025-01-01,2025-12-31 23:55:00,wl_in,0.0,False
water,2025,WL.BPU.01,จุดวัดสถานตากอากาศบางปู,105120,105120,100.0,105120,0,2025-01-01,2025-12-31 23:55:00,wl_in,0.0,False
water,2025,WL.BSK.01,สถานีสูบน้ำ คลองบางไส้ไก่,105120,105120,100.0,105120,0,2025-01-01,2025-12-31 23:55:00,wl_in,0.0,False
water,2025,WL.BSU.01,สถานีสูบน้ำ คลองบางซื่อ,105120,105120,100.0,105120,0,2025-01-01,2025-12-31 23:55:00,wl_in,0.0,False
water,2025,WL.BSU.02,จุดวัดคลองบางซื่อ ช่วงถนนพระรามที่ 5,105120,105120,100.0,105120,0,2025-01-01,2025-12-31 23:55:00,wl_in,0.0,False
water,2025,WL.BSU.03,จุดวัดคลองบางซื่อ ตอนถนนพระรามที่ 6,105120,105120,100.0,105120,0,2025-01-01,2025-12-31 23:55:00,wl_in,0.0,False
water,2025,WL.BSU.04,จุดวัดคลองบางซื่อ ช่วงถนนพหลโยธิน,105120,105120,100.0,105120,0,2025-01-01,2025-12-31 23:55:00,wl_in,0.0,False
water,2025,WL.BSU.05,จุดวัดคลองบางซื่อ ช่วงถนนวิภาวดีรังสิต,105120,105120,100.0,105120,0,2025-01-01,2025-12-31 23:55:00,wl_in,0.0,False
water,2025,WL.BSU.06,จุดวัดคลองบางซื่อ ช่วงถนนรัชดาภิเษก (เจ้าพระยาปาร์ค),105120,105120,100.0,105120,0,2025-01-01,2025-12-31 23:55:00,wl_in,0.0,False
water,2025,WL.BSU.07,จุดวัดคลองบางซื่อ - ตอนถนนลาดพร้าว,105120,105120,100.0,105120,0,2025-01-01,2025-12-31 23:55:00,wl_in,0.0,False
water,2025,WL.BTL.01,จุดวัดคลองบางตลาด ตอนท่าทราย,105120,105120,100.0,105120,0,2025-01-01,2025-12-31 23:55:00,wl_in,55.706,True
water,2025,WL.BTY.01,จุดวัดคลองบางเตย ตอนถนนนวมินทร์ 66/3,105120,105120,100.0,105120,0,2025-01-01,2025-12-31 23:55:00,wl_in,0.0,False
water,2025,WL.BWK.01,จุดวัดคลองบางแวก ตอนคลองบางกอกใหญ่,105120,105120,100.0,105120,0,2025-01-01,2025-12-31 23:55:00,wl_in,0.0,False
water,2025,WL.BWK.02,จุดวัดคลองบางแวก ตอนถนนพุทธมณฑลสาย 1,105120,105120,100.0,105120,0,2025-01-01,2025-12-31 23:55:00,wl_in,0.0,False
water,2025,WL.BWK.03,จุดวัดคลองบางแวก ตอนคลองทวีวัฒนา,105120,105120,100.0,105120,0,2025-01-01,2025-12-31 23:55:00,wl_in,0.0,False
water,2025,WL.BYI.01,จุดวัดคลองบึงใหญ่ ตอนวัดทองสัมฤทธิ์,105120,105120,100.0,105120,0,2025-01-01,2025-12-31 23:55:00,wl_in,0.0,False
water,2025,WL.BYK.01,จุดวัดคลองบางยี่ขัน ตอนถนนจรัญสนิทวงศ์,105120,105120,100.0,105120,0,2025-01-01,2025-12-31 23:55:00,wl_in,0.0,False
water,2025,WL.BYK.02,จุดวัดคลองบางยี่ขัน ตอนสถานีสูบน้ำคลองบางยี่ขัน,105120,105120,100.0,105120,0,2025-01-01,2025-12-31 23:55:00,wl_in,0.0,False
water,2025,WL.CBJ.01,จุดวัดคลองชวดบางจาก ตอนถนนประชาอุทิศ,105120,105120,100.0,105120,0,2025-01-01,2025-12-31 23:55:00,wl_in,0.0,False
water,2025,WL.CKS.01,สถานีสูบน้ำ คลองเจ้าคุณสิงห์,105120,105120,100.0,105120,0,2025-01-01,2025-12-31 23:55:00,wl_in,0.0,False
water,2025,WL.CKS.02,จุดวัดคลองเจ้าคุณสิงห์ ตอนถนนลาดพร้าว,105120,105120,100.0,105120,0,2025-01-01,2025-12-31 23:55:00,wl_in,0.0,False
water,2025,WL.CKS.03,จุดวัดคลองเจ้าคุณสิงห์ ตอนถนนอินทราภรณ์,105120,105120,100.0,105120,0,2025-01-01,2025-12-31 23:55:00,wl_in,0.0,False
water,2025,WL.CNS.01,สถานีสูบน้ำ คลองช่องนนทรี,105120,105120,100.0,105120,0,2025-01-01,2025-12-31 23:55:00,wl_in,0.0,False
water,2025,WL.CNS.02,จุดวัดคลองช่องนนทรี ตอนถนนนราธิวาสราชนครินทร์,105120,105120,100.0,105120,0,2025-01-01,2025-12-31 23:55:00,wl_in,100.0,True
water,2025,WL.CNS.03,จุดวัดคลองช่องนนทรี ตอนถนนจันทน์,105120,105120,100.0,105120,0,2025-01-01,2025-12-31 23:55:00,wl_in,47.766,False
water,2025,WL.CNS.04,จุดวัดคลองช่องนนทรี ตอนถนนสาทรใต้,105120,105120,100.0,105120,0,2025-01-01,2025-12-31 23:55:00,wl_in,100.0,True
water,2025,WL.CPA.01,สถานีสูบน้ำ คลองชักพระ,105120,105120,100.0,105120,0,2025-01-01,2025-12-31 23:55:00,wl_in,0.0,False
water,2025,WL.CPA.02,จุดวัดคลองชักพระ ตอนวัดคูหาสวรรค์,105120,105120,100.0,105120,0,2025-01-01,2025-12-31 23:55:00,wl_in,0.0,False
water,2025,WL.CTC.01,จุดวัดคลองชวดตาเชียง ตอนสถานีสูบน้ำคลองชวดตาเชียง,105120,105120,100.0,105120,0,2025-01-01,2025-12-31 23:55:00,wl_in,100.0,True
water,2025,WL.CYI.01,จุดวัดคลองชวดใหญ่ ตอนถนนพระราม 9 ซอย 13,105120,105120,100.0,105120,0,2025-01-01,2025-12-31 23:55:00,wl_in,0.0,False
water,2025,WL.CYI.02,จุดวัดคลองชวดใหญ่ ตอนถนนพระราม 9,105120,105120,100.0,105120,0,2025-01-01,2025-12-31 23:55:00,wl_in,0.0,False
water,2025,WL.CYI.03,จุดวัดคลองชวดใหญ่-ตอนคลองลาดพร้าว,105120,105120,100.0,105120,0,2025-01-01,2025-12-31 23:55:00,wl_in,0.0,False
water,2025,WL.DKN.01,สถานีสูบน้ำ ดาวคะนอง,105120,105120,100.0,105120,0,2025-01-01,2025-12-31 23:55:00,wl_in,0.0,False
water,2025,WL.FTM.01,จุดวัดคลองโบสถ์แม่พระ ตอนถนนดินแดง,105120,105120,100.0,105120,0,2025-01-01,2025-12-31 23:55:00,wl_in,0.0,False
water,2025,WL.HKG.01,จุดวัดคลองห้วยขวาง ตอนถนนประชาสงเคราะห์,105120,105120,100.0,105120,0,2025-01-01,2025-12-31 23:55:00,wl_in,0.0,False
water,2025,WL.HKG.02,จุดวัดคลองห้วยขวาง ตอนถนนเทียมร่วมมิตร,105120,105120,100.0,105120,0,2025-01-01,2025-12-31 23:55:00,wl_in,0.0,False
water,2025,WL.HMK.01,จุดวัดคลองหัวหมาก ตอนถนนศรีนครินทร์,105120,105120,100.0,105120,0,2025-01-01,2025-12-31 23:55:00,wl_in,0.0,False
water,2025,WL.HMK.02,จุดวัดคลองหัวหมาก ตอนซอยรามคาแหง 68,105120,105120,100.0,105120,0,2025-01-01,2025-12-31 23:55:00,wl_in,0.0,False
water,2025,WL.HMK.03,จุดวัดคลองหัวหมาก ตอนซอยพัฒนาการ 32,105120,105120,100.0,105120,0,2025-01-01,2025-12-31 23:55:00,wl_in,38.229,False
water,2025,WL.IDE.01,จุดวัดบ่อสูบน้ำอินโดนีเซีย,105120,105120,100.0,105120,0,2025-01-01,2025-12-31 23:55:00,wl_in,100.0,True
water,2025,WL.JKK.01,จุดวัดคลองจระเข้ขบ ตอนถนนสุขาภิบาล 2 ซอย 2,105120,105120,100.0,105120,0,2025-01-01,2025-12-31 23:55:00,wl_in,0.0,False
water,2025,WL.JRN.01,สถานีสูบน้ำ คลองแจงร้อน,105120,105120,100.0,105120,0,2025-01-01,2025-12-31 23:55:00,wl_in,0.0,False
water,2025,WL.KBU.01,ประตูระบายน้ำ คลองบัว ตอนทางรถไฟสายใต้,105120,105120,100.0,105120,0,2025-01-01,2025-12-31 23:55:00,wl_in,0.0,False
water,2025,WL.KBU.02,จุดวัดคลองบัว ตอนถนนพุทธมณฑลสาย 1,105120,105120,100.0,105120,0,2025-01-01,2025-12-31 23:55:00,wl_in,0.0,False
water,2025,WL.KCD.01,จุดวัดคลองกระเฉด (โรงควบคุมคุณภาพน้ำรามอินทรา),105120,105120,100.0,105120,0,2025-01-01,2025-12-31 23:55:00,wl_in,0.0,False
water,2025,WL.KDN.01,ประตูระบายน้ำ คลองวัดด่าน,105120,105120,100.0,105120,0,2025-01-01,2025-12-31 23:55:00,wl_in,0.0,False
water,2025,WL.KJA.01,จุดวัดคลองกะจะ ตอนถนนพระราม 9,105120,105120,100.0,105120,0,2025-01-01,2025-12-31 23:55:00,wl_in,0.0,False
water,2025,WL.KJA.02,จุดวัดคลองกะจะ ตอนถนนพระราม 9 ซอย 57,105120,105120,100.0,105120,0,2025-01-01,2025-12-31 23:55:00,wl_in,0.0,False
water,2025,WL.KJG.01,จุดวัดคลองจิก ตอนถนนหัวหมาก,105120,105120,100.0,105120,0,2025-01-01,2025-12-31 23:55:00,wl_in,0.0,False
water,2025,WL.KJK.01,สถานีสูบน้ำ คลองเจ็ก,105120,105120,100.0,105120,0,2025-01-01,2025-12-31 23:55:00,wl_in,0.0,False
water,2025,WL.KJK.02,จุดวัดคลองเจ็ก ตอนถนนสุขุมวิท 60/1,105120,105120,100.0,105120,0,2025-01-01,2025-12-31 23:55:00,wl_in,0.0,False
water,2025,WL.KJN.01,จุดวัดคลองจั่น ตอนถนนลาดพร้าว,105120,105120,100.0,105120,0,2025-01-01,2025-12-31 23:55:00,wl_in,0.0,False
water,2025,WL.KJN.02,จุดวัดคลองจั่น ตอนถนนโยธินพัฒนา,105120,105120,100.0,105120,0,2025-01-01,2025-12-31 23:55:00,wl_in,0.0,False
water,2025,WL.KJT.01,"""จุดวัดคลองจิต ตอนซอยลาดพร้าว 122 """,105120,105120,100.0,105120,0,2025-01-01,2025-12-31 23:55:00,wl_in,0.0,False
water,2025,WL.KJU.01,จุดวัดคลองขุนจันทร์ ตอนถนนฉิมพลี,105120,105120,100.0,105120,0,2025-01-01,2025-12-31 23:55:00,wl_in,0.0,False
water,2025,WL.KKD.01,จุดวัดคลองเคล็ด ตอนถนนสุขุมวิท 77,105120,105120,100.0,105120,0,2025-01-01,2025-12-31 23:55:00,wl_in,0.0,False
water,2025,WL.KKD.02,จุดวัดคลองเคล็ด ตอนถนนสุภาพงษ์ 1,105120,105120,100.0,105120,0,2025-01-01,2025-12-31 23:55:00,wl_in,0.0,False
water,2025,WL.KKD.03,จุดวัดคลองเคล็ด ตอนถนนศรีนครินทร์,105120,105120,100.0,105120,0,2025-01-01,2025-12-31 23:55:00,wl_in,0.0,False
water,2025,WL.KKD.04,จุดวัดคลองเคล็ด ตอนซอยเปรมฤทัย 20*,105120,105120,100.0,105120,0,2025-01-01,2025-12-31 23:55:00,wl_in,11.708,False
water,2025,WL.KKO.01,จุดวัดคลองเก้า ตอนวัดศรีสุขสถาพร,105120,105120,100.0,105120,0,2025-01-01,2025-12-31 23:55:00,wl_in,0.0,False
water,2025,WL.KKS.01,สถานีสูบน้ำ เทเวศร์,105120,105120,100.0,105120,0,2025-01-01,2025-12-31 23:55:00,wl_in,0.0,False
water,2025,WL.KKS.02,จุดวัดคลองผดุงกรุงเกษม ตอนทำเนียบรัฐบาล,105120,105120,100.0,105120,0,2025-01-01,2025-12-31 23:55:00,wl_in,0.0,False
water,2025,WL.KKS.03,จุดวัดคลองผดุงกรุงเกษม ตอนหัวลำโพง,105120,105120,100.0,105120,0,2025-01-01,2025-12-31 23:55:00,wl_in,0.0,False
water,2025,WL.KKS.04,สถานีสูบน้ำ กรุงเกษม,105120,105120,100.0,105120,0,2025-01-01,2025-12-31 23:55:00,wl_in,0.0,False
water,2025,WL.KKY.01,จุดวัดคลองควาย ตอนถนนศาลาธรรมสพน์,105120,105120,100.0,105120,0,2025-01-01,2025-12-31 23:55:00,wl_in,0.0,False
water,2025,WL.KKY.02,จุดวัดคลองควาย ตอนถนนบรมราชชนนี,105120,105120,100.0,105120,0,2025-01-01,2025-12-31 23:55:00,wl_in,0.0,False
water,2025,WL.KLA.01,จุดวัดคลองลาว ตอนถนนพัฒนาการ,105120,105120,100.0,105120,0,2025-01-01,2025-12-31 23:55:00,wl_in,0.0,False
water,2025,WL.KLD.01,จุดวัดคลองหลอด ตอนสถานีสูบน้ำปากคลองตลาด,105120,105120,100.0,105120,0,2025-01-01,2025-12-31 23:55:00,wl_in,0.0,False
water,2025,WL.KLD.02,จุดวัดคลองหลอด ตอนถนนราชดำเนินใน,105120,105120,100.0,105120,0,2025-01-01,2025-12-31 23:55:00,wl_in,0.0,False
water,2025,WL.KLT.01,จุดวัดคลองตัน ช่วงใต้ทางด่วน,105120,105120,100.0,105120,0,2025-01-01,2025-12-31 23:55:00,wl_in,0.0,False
water,2025,WL.KMN.01,สถานีสูบน้ำ คลองมอญ,105120,105120,100.0,105120,0,2025-01-01,2025-12-31 23:55:00,wl_in,0.0,False
water,2025,WL.KNB.01,จุดวัดคลองหนองบอน ตอนอ่อนนุช 66 ซอย 13,105120,105120,100.0,105120,0,2025-01-01,2025-12-31 23:55:00,wl_in,0.0,False
water,2025,WL.KNB.02,จุดวัดคลองหนองบอน ตอนถนนเฉลิมพระเกียรติรัชกาลที่ 9,105120,105120,100.0,105120,0,2025-01-01,2025-12-31 23:55:00,wl_in,0.0,False
water,2025,WL.KPG.01,จุดวัดคลองเป้ง ตอนซอยเอกมัย 23,105120,105120,100.0,105120,0,2025-01-01,2025-12-31 23:55:00,wl_in,0.0,False
water,2025,WL.KPM.01,จุดวัดคลองเปรมประชากร ช่วงสถานีน้ำอุโมงค์คลองเปรมประชากร,105120,105120,100.0,105120,0,2025-01-01,2025-12-31 23:55:00,wl_in,0.0,False
water,2025,WL.KPM.02,จุดวัดคลองเปรมประชากร ตอนถนนรัชดาภิเษก,105120,105120,100.0,105120,0,2025-01-01,2025-12-31 23:55:00,wl_in,100.0,True
water,2025,WL.KPM.03,จุดวัดคลองเปรมประชากร ช่วงวัดเทวสุนทร,105120,105120,100.0,105120,0,2025-01-01,2025-12-31 23:55:00,wl_in,0.0,False
water,2025,WL.KPM.04,คลองเปรมประชากร ตอนคลองบางตลาด*,105120,105120,100.0,105120,0,2025-01-01,2025-12-31 23:55:00,wl_in,61.957,True
water,2025,WL.KPM.05,จุดวัดคลองเปรมประชากร ตอนถนนสรงประภา,105120,105120,100.0,105120,0,2025-01-01,2025-12-31 23:55:00,wl_in,0.0,False
water,2025,WL.KPM.06,จุดวัดคลองเปรมประชากร ตอนคลองบ้านใหม่,105120,105120,100.0,105120,0,2025-01-01,2025-12-31 23:55:00,wl_in,0.0,False
water,2025,WL.KPM.07,คลองเปรมประชากร ตอนคลองตาอูฐ,105120,105120,100.0,105120,0,2025-01-01,2025-12-31 23:55:00,wl_in,80.721,True
water,2025,WL.KSG.01,จุดวัดคลองสอง ตอนถนนพหลโยธิน,105120,105120,100.0,105120,0,2025-01-01,2025-12-31 23:55:00,wl_in,0.0,False
water,2025,WL.KSI.01,จุดวัดคลองสี่ ตอนถนนสุวินทวงศ์,105120,105120,100.0,105120,0,2025-01-01,2025-12-31 23:55:00,wl_in,0.0,False
water,2025,WL.KSI.02,จุดวัดคลองสี่ ตอนถนนเจ้าคุณทหาร,105120,105120,100.0,105120,0,2025-01-01,2025-12-31 23:55:00,wl_in,0.0,False
water,2025,WL.KSK.01,"""จุดวัดคลองขุนสกล ตอนซอยศรีนครินทร์ 36 """,105120,105120,100.0,105120,0,2025-01-01,2025-12-31 23:55:00,wl_in,0.0,False
water,2025,WL.KSM.01,จุดวัดคลองสาม ตอนร่มเกล้า 17,105120,105120,100.0,105120,0,2025-01-01,2025-12-31 23:55:00,wl_in,0.0,False
water,2025,WL.KSM.02,จุดวัดคลองสาม ตอนมอเตอร์เวย์,105120,105120,100.0,105120,0,2025-01-01,2025-12-31 23:55:00,wl_in,0.0,False
water,2025,WL.KSO.01,จุดวัดคลองซอย ตอนถนนบรมราชชนนี,105120,105120,100.0,105120,0,2025-01-01,2025-12-31 23:55:00,wl_in,0.0,False
water,2025,WL.KSO.02,จุดวัดคลองซอย ตอนถนนศาลาธรรมสพน์,105120,105120,100.0,105120,0,2025-01-01,2025-12-31 23:55:00,wl_in,0.0,False
water,2025,WL.KT4.01,จุดวัดบึงรับน้ำหมู่บ้าน เคหะธานี 4,105120,105120,100.0,105120,0,2025-01-01,2025-12-31 23:55:00,wl_in,49.262,False
water,2025,WL.KTK.03,จุดวัดคลองขรัวตาแก่น ตอนซอยสะพานขวา,105120,105120,100.0,105120,0,2025-01-01,2025-12-31 23:55:00,wl_in,0.0,False
water,2025,WL.KTY.01,สถานีสูบน้ำ คลองเตย,105120,105120,100.0,105120,0,2025-01-01,2025-12-31 23:55:00,wl_in,0.0,False
water,2025,WL.LBK.01,จุดวัดคลองลาดบัวขาว ตอนถนนรามคำแหง,105120,105120,100.0,105120,0,2025-01-01,2025-12-31 23:55:00,wl_in,0.0,False
water,2025,WL.LBK.02,จุดวัดคลองลาดบัวขาว ตอนถนนเคหะร่มเกล้า,105120,105120,100.0,105120,0,2025-01-01,2025-12-31 23:55:00,wl_in,0.0,False
water,2025,WL.LBK.03,จุดวัดคลองลาดบัวขาว ตอนซอยกาญจนาภิเษก 24,105120,105120,100.0,105120,0,2025-01-01,2025-12-31 23:55:00,wl_in,0.0,False
water,2025,WL.LCL.01,จุดวัดคลองลำชะล่า ตอนถนนนวมินทร์,105120,105120,100.0,105120,0,2025-01-01,2025-12-31 23:55:00,wl_in,0.0,False
water,2025,WL.LCL.02,จุดวัดคลองลำชะล่า ตอนซอยนวมินทร์ 86,105120,105120,100.0,105120,0,2025-01-01,2025-12-31 23:55:00,wl_in,0.0,False
water,2025,WL.LKB.01,จุดวัดคลองลาดกระบัง ตอนซอยลาดกระบัง 54/6,105120,105120,100.0,105120,0,2025-01-01,2025-12-31 23:55:00,wl_in,0.0,False
water,2025,WL.LOA.01,จุดวัดคลองรางอ้อ-รางแก้ว ตอนถนนพหลโยธิน,105120,105120,100.0,105120,0,2025-01-01,2025-12-31 23:55:00,wl_in,0.0,False
water,2025,WL.LPC.01,จุดวัดคลองลำผักชี ตอนโรงเรียนลำผักชี,105120,105120,100.0,105120,0,2025-01-01,2025-12-31 23:55:00,wl_in,0.0,False
water,2025,WL.LPG.01,จุดวัดคลองหลวงแพ่ง ตอนโรงเรียนผลลีรุ่งเรือง,105120,105120,100.0,105120,0,2025-01-01,2025-12-31 23:55:00,wl_in,100.0,True
water,2025,WL.LPG.02,ประตูระบายน้ำ คลองหลวงแพ่ง,105120,105120,100.0,105120,0,2025-01-01,2025-12-31 23:55:00,wl_in,0.0,False
water,2025,WL.LPG.03,จุดวัดคลองหลวงแพ่ง ตอนวัดลำต้อยติ่ง,105120,105120,100.0,105120,0,2025-01-01,2025-12-31 23:55:00,wl_in,0.0,False
water,2025,WL.LPI.01,จุดวัดคลองหลุมไผ่ ตอนซอยลาดปลาเค้า 63,105120,105120,100.0,105120,0,2025-01-01,2025-12-31 23:55:00,wl_in,100.0,True
water,2025,WL.LPI.02,จุดวัดคลองหลุมไผ่ ตอนถนนประเสริฐมนูกิจ29,105120,105120,100.0,105120,0,2025-01-01,2025-12-31 23:55:00,wl_in,0.0,False
water,2025,WL.LPN.01,สถานีสูบน้ำ คลองเลนเปน,105120,105120,100.0,105120,0,2025-01-01,2025-12-31 23:55:00,wl_in,0.0,False
water,2025,WL.LPP.01,จุดวัดบึงรับน้ำลำพังพวย ตอนถนนนวมินทร์,105120,105120,100.0,105120,0,2025-01-01,2025-12-31 23:55:00,wl_in,0.0,False
water,2025,WL.LPT.01,จุดวัดคลองลำปลาทิว ตอนถนนสังฆสันติสุข,105120,105120,100.0,105120,0,2025-01-01,2025-12-31 23:55:00,wl_in,0.0,False
water,2025,WL.LPT.02,จุดวัดคลองลำปลาทิว ตอนซอยฉลองกรุง 54,105120,105120,100.0,105120,0,2025-01-01,2025-12-31 23:55:00,wl_in,99.996,True
water,2025,WL.LPT.03,จุดวัดคลองลำปลาทิว ตอนซอยฉลองกรุง 8,105120,105120,100.0,105120,0,2025-01-01,2025-12-31 23:55:00,wl_in,0.0,False
water,2025,WL.LPT.04,"""จุดวัดคลองลำปลาทิว ตอนซอยเชื่อมสัมพันธ์ 25 """,105120,105120,100.0,105120,0,2025-01-01,2025-12-31 23:55:00,wl_in,100.0,True
water,2025,WL.LPW.01,ประตูระบายน้ำ คลองลาดพร้าว,105120,105120,100.0,105120,0,2025-01-01,2025-12-31 23:55:00,wl_in,0.0,False
water,2025,WL.LPW.02,จุดวัดคลองลาดพร้าว ช่วงวัดลาดพร้าว,105120,105120,100.0,105120,0,2025-01-01,2025-12-31 23:55:00,wl_in,0.0,False
water,2025,WL.LPW.03,จุดวัดคลองลาดพร้าว ช่วงซอยเสนานิคม,105120,105120,100.0,105120,0,2025-01-01,2025-12-31 23:55:00,wl_in,0.0,False
water,2025,WL.LPW.04,จุดวัดคลองลาดพร้าว ตอนถนนประชาอุทิศ,105120,105120,100.0,105120,0,2025-01-01,2025-12-31 23:55:00,wl_in,0.0,False
water,2025,WL.LPW.05,จุดวัดคลองลาดพร้าว ช่วงถนนประดิษฐ์มนูธรรม,105120,105120,100.0,105120,0,2025-01-01,2025-12-31 23:55:00,wl_in,0.0,False
water,2025,WL.LSG.01,จุดวัดคลองหลอด 2 ตอนถนนบางนา ตราด,105120,105120,100.0,105120,0,2025-01-01,2025-12-31 23:55:00,wl_in,0.0,False
water,2025,WL.LSM.01,จุดวัดคลองหลอด 3 ตอนถนนบางนา ตราด,105120,105120,100.0,105120,0,2025-01-01,2025-12-31 23:55:00,wl_in,0.0,False
water,2025,WL.LYW.01,จุดวัดคลองลาดยาว ตอน ถนนรัชดาภิเษก,105120,105120,100.0,105120,0,2025-01-01,2025-12-31 23:55:00,wl_in,0.0,False
water,2025,WL.LYW.02,จุดวัดคลองลาดยาว ตอนถนนวิภาวดีรังสิต 44,105120,105120,100.0,105120,0,2025-01-01,2025-12-31 23:55:00,wl_in,0.0,False
water,2025,WL.MCM.01,จุดวัดคลองหมื่นแช่ม ตอนถนนเอกชัย,105120,105120,100.0,105120,0,2025-01-01,2025-12-31 23:55:00,wl_in,0.0,False
water,2025,WL.MFS.01,จุดวัดบึงรับน้ำหมู่บ้านแฟรนต์ชิพ ตอนประตูระบายน้ำคลองออหลาว,105120,105120,100.0,105120,0,2025-01-01,2025-12-31 23:55:00,wl_in,0.0,False
water,2025,WL.MID.01,จุดวัดคูน้ำกรมสารวัตรทหาร,105120,105120,100.0,105120,0,2025-01-01,2025-12-31 23:55:00,wl_in,100.0,True
water,2025,WL.MKT.01,จุดวัดคลองมะขามเทศ ตอนถนนพัฒนาการ,105120,105120,100.0,105120,0,2025-01-01,2025-12-31 23:55:00,wl_in,0.0,False
water,2025,WL.MSW.01,จุดวัดคลองมหาสวัสดิ์ ตอนคลองสวนแดน 2,105120,105120,100.0,105120,0,2025-01-01,2025-12-31 23:55:00,wl_in,0.0,False
water,2025,WL.MSW.02,จุดวัดคลองมหาสวัสดิ์ ตอนวัดปุรณาวาส,105120,105120,100.0,105120,0,2025-01-01,2025-12-31 23:55:00,wl_in,0.0,False
water,2025,WL.MSW.03,จุดวัดคลองมหาสวัสดิ์ ตอนถนนพุทธมณฑลสาย 2,105120,105120,100.0,105120,0,2025-01-01,2025-12-31 23:55:00,wl_in,0.0,False
water,2025,WL.MTG.01,จุดวัดบึงรับน้ำหมู่บ้านเมืองทองการ์เด้น ตอนประตูระบายน้ำ แก้มลิง หมู่บ้านเมืองทองการ์เด้น,105120,105120,100.0,105120,0,2025-01-01,2025-12-31 23:55:00,wl_in,0.0,False
water,2025,WL.NBN.01,จุดวัดบึงหนองบอน,105120,105120,100.0,105120,0,2025-01-01,2025-12-31 23:55:00,wl_in,0.0,False
water,2025,WL.NCH.02,จุดวัดคูน้ำนายใช้ ตอนคลองเปรมประชากร,105120,105120,100.0,105120,0,2025-01-01,2025-12-31 23:55:00,wl_in,0.0,False
water,2025,WL.NK1.01,จุดวัดคูนายกิมสาย 1 ตอนถนนเลียบคูนายกิมสาย 1,105120,105120,100.0,105120,0,2025-01-01,2025-12-31 23:55:00,wl_in,0.0,False
water,2025,WL.NK3.01,จุดวัดคลองคูนายกิมสาย 3  ตอนถนนประชาอุทิศ,105120,105120,100.0,105120,0,2025-01-01,2025-12-31 23:55:00,wl_in,0.0,False
water,2025,WL.NKW.01,จุดวัดคลองน้ำแก้ว ตอนถนนรัชดาภิเษก,105120,105120,100.0,105120,0,2025-01-01,2025-12-31 23:55:00,wl_in,100.0,True
water,2025,WL.NKW.02,จุดวัดคลองน้ำแก้ว ตอนซอยลาดพร้าว 41,105120,105120,100.0,105120,0,2025-01-01,2025-12-31 23:55:00,wl_in,0.0,False
water,2025,WL.NSG.01,จุดวัดคลองนาซอง ตอนถนนประชาสุข,105120,105120,100.0,105120,0,2025-01-01,2025-12-31 23:55:00,wl_in,0.0,False
water,2025,WL.OAG.01,"""จุดวัดคลองโอ่งอ่าง ตอนประตูระบายน้ำวัดเทพธิดาราม """,105120,105120,100.0,105120,0,2025-01-01,2025-12-31 23:55:00,wl_in,0.0,False
water,2025,WL.ORC.01,สถานีสูบน้ำ คลองอรชร,105120,105120,100.0,105120,0,2025-01-01,2025-12-31 23:55:00,wl_in,0.0,False
water,2025,WL.PKG.01,สถานีสูบน้ำ ปากคลองตลาด,105120,105120,100.0,105120,0,2025-01-01,2025-12-31 23:55:00,wl_in,0.0,False
water,2025,WL.PKN.01,สถานีสูบน้ำ พระโขนง,105120,105120,100.0,105120,0,2025-01-01,2025-12-31 23:55:00,wl_in,0.0,False
water,2025,WL.PLK.01,จุดวัดคลองพิทยาลงกรณ์ ช่วงโรงเรียนพิทยาลงกรณ์พิทยาคม,105120,105120,100.0,105120,0,2025-01-01,2025-12-31 23:55:00,wl_in,0.0,False
water,2025,WL.PLP.01,จุดวัดคลองปลัดเปรียง ตอนถนนเฉลิมพระเกียรติร.9 ซอย14,105120,105120,100.0,105120,0,2025-01-01,2025-12-31 23:55:00,wl_in,0.0,False
water,2025,WL.PNM.01,จุดวัดคลองปากน้ำ ตอนถนนคู่ขนานกาญจนาภิเษก,105120,105120,100.0,105120,0,2025-01-01,2025-12-31 23:55:00,wl_in,0.312,False
water,2025,WL.PPA.02,จุดวัดคลองพลับพลา ตอนศูนย์แพทย์พัฒนา,105120,105120,100.0,105120,0,2025-01-01,2025-12-31 23:55:00,wl_in,100.0,True
water,2025,WL.PSC.01,สถานีสูบน้ำ คลองภาษีเจริญ,105120,105120,100.0,105120,0,2025-01-01,2025-12-31 23:55:00,wl_in,0.0,False
water,2025,WL.PSC.02,จุดวัดคลองภาษีเจริญ ตอนวัดรางบัว,105120,105120,100.0,105120,0,2025-01-01,2025-12-31 23:55:00,wl_in,0.0,False
water,2025,WL.PSC.03,จุดวัดคลองราชมนตรี ตอนคลองภาษีเจริญ,105120,105120,100.0,105120,0,2025-01-01,2025-12-31 23:55:00,wl_in,0.0,False
water,2025,WL.PSC.04,จุดวัดคลองภาษีเจริญ ตอนคลองมหาศร,105120,105120,100.0,105120,0,2025-01-01,2025-12-31 23:55:00,wl_in,100.0,True
water,2025,WL.PSC.05,จุดวัดคลองภาษีเจริญ ตอนวัดหนองแขม,105120,105120,100.0,105120,0,2025-01-01,2025-12-31 23:55:00,wl_in,0.0,False
water,2025,WL.PSI.01,จุดวัดคลองพร้อมศรี 2 ตอนถนนสุขุมวิท 49/13,105120,105120,100.0,105120,0,2025-01-01,2025-12-31 23:55:00,wl_in,0.0,False
water,2025,WL.PSR.01,ประตูระบายน้ำ คลองพระยาสุเรนทร์,105120,105120,100.0,105120,0,2025-01-01,2025-12-31 23:55:00,wl_in,0.0,False
water,2025,WL.PSR.02,จุดวัดคลองพระยาสุเรนทร์ ตอนถนนหนองระแหง,105120,105120,100.0,105120,0,2025-01-01,2025-12-31 23:55:00,wl_in,0.0,False
water,2025,WL.PSR.03,จุดวัดคลองพระยาสุเรนทร์ ตอนถนนจตุโชติ,105120,105120,100.0,105120,0,2025-01-01,2025-12-31 23:55:00,wl_in,0.0,False
water,2025,WL.PSR.04,ปตร.พระยาสุเรนทร์ ตอนคู้บอน,105120,105120,100.0,105120,0,2025-01-01,2025-12-31 23:55:00,wl_in,0.0,False
water,2025,WL.PSR.05,จุดวัดคลองพระยาสุเรนทร์ ตอนปัญญาอินทรา,105120,105120,100.0,105120,0,2025-01-01,2025-12-31 23:55:00,wl_in,0.0,False
water,2025,WL.PSR.06,จุดวัดคลองพระยาสุเรนทร์ ตอนบางชัน,105120,105120,100.0,105120,0,2025-01-01,2025-12-31 23:55:00,wl_in,0.0,False
water,2025,WL.PST.01,จุดวัดบึงรับน้ำปูนซีเมนต์ไทย ตอนสถานีสูบน้ำบึงบางซื่อ,105120,105120,100.0,105120,0,2025-01-01,2025-12-31 23:55:00,wl_in,0.0,False
water,2025,WL.PWT.01,จุดวัดคลองประเวศ ตอนซอยอ่อนนุช 17,105120,105120,100.0,105120,0,2025-01-01,2025-12-31 23:55:00,wl_in,0.0,False
water,2025,WL.PWT.02,จุดวัดคลองประเวศบุรีรมย์ ตอนวัดขจรศิริ,105120,105120,100.0,105120,0,2025-01-01,2025-12-31 23:55:00,wl_in,0.0,False
water,2025,WL.PWT.03,ประตูระบายน้ำ คลองประเวศบุรีรมย์ ตอนวัดกระทุ่มเสือปลา,105120,105120,100.0,105120,0,2025-01-01,2025-12-31 23:55:00,wl_in,0.0,False
water,2025,WL.PWT.04,ประตูระบายน้ำ คลองประเวศบุรีรมย์ ตอนลาดกระบัง,105120,105120,100.0,105120,0,2025-01-01,2025-12-31 23:55:00,wl_in,0.0,False
water,2025,WL.PWT.05,จุดวัดคลองประเวศบุรีรมย์ ตอน รพ.ลาดกระบัง,105120,105120,100.0,105120,0,2025-01-01,2025-12-31 23:55:00,wl_in,0.0,False
water,2025,WL.PWT.06,จุดวัดคลองประเวศบุรีรมย์ ตอนถนนร่วมพัฒนา,105120,105120,100.0,105120,0,2025-01-01,2025-12-31 23:55:00,wl_in,0.0,False
water,2025,WL.PWT.07,ประตูระบายน้ำคลองประเวศฯ - กรมชลประทาน,105120,105120,100.0,105120,0,2025-01-01,2025-12-31 23:55:00,wl_in,42.876,False
water,2025,WL.PYW.01,จุดวัดคลองพญาเวิก ตอนปตร.คลองพญาเวิก,105120,105120,100.0,105120,0,2025-01-01,2025-12-31 23:55:00,wl_in,0.0,False
water,2025,WL.RHN.01,สถานีสูบน้ำ คลองระหาญ,105120,105120,100.0,105120,0,2025-01-01,2025-12-31 23:55:00,wl_in,0.0,False
water,2025,WL.RJK.01,ประตูระบายน้ำ คลองรางจาก ตอนถนนประชาอุทิศ,105120,105120,100.0,105120,0,2025-01-01,2025-12-31 23:55:00,wl_in,0.0,False
water,2025,WL.RKC.01,จุดวัดคลองข้างศูนย์ราชการ,105120,105120,100.0,105120,0,2025-01-01,2025-12-31 23:55:00,wl_in,0.0,False
water,2025,WL.RMT.01,สถานีสูบน้ำ คลองพระยาราชมนตรี,105120,105120,100.0,105120,0,2025-01-01,2025-12-31 23:55:00,wl_in,0.0,False
water,2025,WL.RMT.02,จุดวัดคลองพระยาราชมนตรี ตอนถนนพระรามที่ 2,105120,105120,100.0,105120,0,2025-01-01,2025-12-31 23:55:00,wl_in,0.0,False
water,2025,WL.RMT.03,จุดวัดคลองพระยาราชมนตรี ตอนถนน กัลปพฤกษ์,105120,105120,100.0,105120,0,2025-01-01,2025-12-31 23:55:00,wl_in,0.0,False
water,2025,WL.RSK.01,จุดวัดคลองราษฎร์สามัคคี ตอนถนนเพชรเกษม 63,105120,105120,100.0,105120,0,2025-01-01,2025-12-31 23:55:00,wl_in,0.0,False
water,2025,WL.SBR.01,ประตูระบายน้ำ คลองขุนศรีบุรีรักษ์ ตอนคลองมหาสวัสดิ์,105120,105120,100.0,105120,0,2025-01-01,2025-12-31 23:55:00,wl_in,0.0,False
water,2025,WL.SBR.02,จุดวัดคลองบางขุนศรีบุรีรักษ์ ตอนถนนบรมราชชนนี,105120,105120,100.0,105120,0,2025-01-01,2025-12-31 23:55:00,wl_in,0.0,False
water,2025,WL.SBT.01,สถานีสูบน้ำ คลองสี่บาท,105120,105120,100.0,105120,0,2025-01-01,2025-12-31 23:55:00,wl_in,0.0,False
water,2025,WL.SCO.01,"""จุดวัดคลองศาลเจ้า ตอนถนนสวนผัก """,105120,105120,100.0,105120,0,2025-01-01,2025-12-31 23:55:00,wl_in,0.0,False
water,2025,WL.SDN.01,"""จุดวัดคลองสวนแดน ตอนถนนชัยพฤกษ์ """,105120,105120,100.0,105120,0,2025-01-01,2025-12-31 23:55:00,wl_in,0.0,False
water,2025,WL.SKG.01,จุดวัดคลองสะแกงาม ตอนถนนกาญจนาภิเษก,105120,105120,100.0,105120,0,2025-01-01,2025-12-31 23:55:00,wl_in,0.0,False
water,2025,WL.SKT.01,จุดวัดคลองทรงกระเทียม ตอนถนนนาคนิวาส,105120,105120,100.0,105120,0,2025-01-01,2025-12-31 23:55:00,wl_in,0.0,False
water,2025,WL.SKT.02,จุดวัดคลองทรงกระเทียม ตอนปตร.คลองทรงกระเทียม,105120,105120,100.0,105120,0,2025-01-01,2025-12-31 23:55:00,wl_in,0.0,False
water,2025,WL.SLL.01,จุดวัดคลองศาลาลอย ตอนถนนอ่อนนุช 61,105120,105120,100.0,105120,0,2025-01-01,2025-12-31 23:55:00,wl_in,0.0,False
water,2025,WL.SMK.01,จุดวัดบึงรับน้ำหมู่บ้านสัมมากร ตอนสถานีสูบน้ำบึงที่ 2 คลองบ้านม้า 2,105120,105120,100.0,105120,0,2025-01-01,2025-12-31 23:55:00,wl_in,0.0,False
water,2025,WL.SNC.01,สถานีสูบน้ำ คลองสนามชัย,105120,105120,100.0,105120,0,2025-01-01,2025-12-31 23:55:00,wl_in,0.0,False
water,2025,WL.SNC.02,จุดวัดคลองสนามชัย ตอนคลองบางขุนเทียน,105120,105120,100.0,105120,0,2025-01-01,2025-12-31 23:55:00,wl_in,0.0,False
water,2025,WL.SNC.03,จุดวัดคลองสนามชัย ตอนวัดเลา,105120,105120,100.0,105120,0,2025-01-01,2025-12-31 23:55:00,wl_in,0.0,False
water,2025,WL.SNO.01,จุดวัดคลองเสือน้อย ตอนถนนสุคนธสวัสดิ์,105120,105120,100.0,105120,0,2025-01-01,2025-12-31 23:55:00,wl_in,0.0,False
water,2025,WL.SOL.01,จุดวัดคลองสวนอ้อย ตอนถนนอ่อนนุช ซอย 28,105120,105120,100.0,105120,0,2025-01-01,2025-12-31 23:55:00,wl_in,0.0,False
water,2025,WL.SPP.01,จุดวัดบ่อสูบน้ำสะพานพรหม,105120,105120,100.0,105120,0,2025-01-01,2025-12-31 23:55:00,wl_in,100.0,True
water,2025,WL.SRE.01,สถานีสูบน้ำ คลองสำเหร่,105120,105120,100.0,105120,0,2025-01-01,2025-12-31 23:55:00,wl_in,0.0,False
water,2025,WL.SRG.01,สถานีสูบน้ำ คลองสำโรง,105120,105120,100.0,105120,0,2025-01-01,2025-12-31 23:55:00,wl_in,0.0,False
water,2025,WL.SSB.01,จุดวัดคลองแสนแสบ ช่วงคลองผดุงกรุงเกษม (โบ๊เบ๊),105120,105120,100.0,105120,0,2025-01-01,2025-12-31 23:55:00,wl_in,0.0,False
water,2025,WL.SSB.02,จุดวัดคลองแสนแสบ ตอนซอยสมคิด,105120,105120,100.0,105120,0,2025-01-01,2025-12-31 23:55:00,wl_in,0.0,False
water,2025,WL.SSB.03,จุดวัดคลองแสนแสบ ช่วงอโศก,105120,105120,100.0,105120,0,2025-01-01,2025-12-31 23:55:00,wl_in,0.0,False
water,2025,WL.SSB.04,สถานีสูบน้ำ คลองแสนแสบตอนคลองตัน,105120,105120,100.0,105120,0,2025-01-01,2025-12-31 23:55:00,wl_in,0.0,False
water,2025,WL.SSB.05,จุดวัดคลองแสนแสบ ตอนรามคำแหง 9,105120,105120,100.0,105120,0,2025-01-01,2025-12-31 23:55:00,wl_in,100.0,True
water,2025,WL.SSB.06,จุดวัดคลองแสนแสบ ช่วงสถานีสูบน้ำคลองเจ้าคุณสิงห์,105120,105120,100.0,105120,0,2025-01-01,2025-12-31 23:55:00,wl_in,0.0,False
water,2025,WL.SSB.07,จุดวัดคลองแสนแสบ ตอนสำนักงานเขตบางกะปิ,105120,105120,100.0,105120,0,2025-01-01,2025-12-31 23:55:00,wl_in,0.0,False
water,2025,WL.SSB.08,จุดวัดคลองแสนแสบ ช่วงซอยเสรีไทย 24,105120,105120,100.0,105120,0,2025-01-01,2025-12-31 23:55:00,wl_in,0.0,False
water,2025,WL.SSB.09,ประตูระบายน้ำ คลองแสนแสบ ตอนบางชัน,105120,105120,100.0,105120,0,2025-01-01,2025-12-31 23:55:00,wl_in,0.0,False
water,2025,WL.SSB.10,ประตูระบายน้ำ คลองแสนแสบ ตอนถนนประชาร่วมใจ,105120,105120,100.0,105120,0,2025-01-01,2025-12-31 23:55:00,wl_in,0.0,False
water,2025,WL.SSB.11,จุดวัดคลองแสนแสบ ตอนวัดทรัพย์สโมสรนิกรเกษม,105120,105120,100.0,105120,0,2025-01-01,2025-12-31 23:55:00,wl_in,0.0,False
water,2025,WL.SSB.12,สถานีสูบน้ำ คลองแสนแสบ หนองจอก,105120,105120,100.0,105120,0,2025-01-01,2025-12-31 23:55:00,wl_in,0.0,False
water,2025,WL.SSG.01,จุดวัดคลองสิบสอง ตอนถนนประชาสำราญ,105120,105120,100.0,105120,0,2025-01-01,2025-12-31 23:55:00,wl_in,0.0,False
water,2025,WL.SSM.01,ประตูระบายน้ำ คลองสิบสาม,105120,105120,100.0,105120,0,2025-01-01,2025-12-31 23:55:00,wl_in,100.0,True
water,2025,WL.SSN.01,สถานีสูบน้ำ สามเสน,105120,105120,100.0,105120,0,2025-01-01,2025-12-31 23:55:00,wl_in,0.0,False
water,2025,WL.SSN.02,จุดวัดคลองสามเสน ช่วงถนนพระรามที่ 5,105120,105120,100.0,105120,0,2025-01-01,2025-12-31 23:55:00,wl_in,0.0,False
water,2025,WL.SSN.03,จุดวัดคลองสามเสน ตอนถนนพระรามที่ 6,105120,105120,100.0,105120,0,2025-01-01,2025-12-31 23:55:00,wl_in,0.0,False
water,2025,WL.SSN.04,จุดวัดคลองสามเสน ช่วงถนนพหลโยธิน,105120,105120,100.0,105120,0,2025-01-01,2025-12-31 23:55:00,wl_in,0.0,False
water,2025,WL.SSN.05,จุดวัดคลองสามเสน ตอน รพ.พระมงกุฎเกล้า,105120,105120,100.0,105120,0,2025-01-01,2025-12-31 23:55:00,wl_in,100.0,True
water,2025,WL.SSN.06,จุดวัดคลองสามเสน ช่วงถนนดินแดง,105120,105120,100.0,105120,0,2025-01-01,2025-12-31 23:55:00,wl_in,0.0,False
water,2025,WL.SSN.07,จุดวัดคลองสามเสน ตอนถนนอโศก,105120,105120,100.0,105120,0,2025-01-01,2025-12-31 23:55:00,wl_in,19.09,False
water,2025,WL.SSN.08,สถานีสูบน้ำ สามเสน ตอนคลองแสนแสบ,105120,105120,100.0,105120,0,2025-01-01,2025-12-31 23:55:00,wl_in,0.0,False
water,2025,WL.SSN.09,จุดวัดคลองสามเสน ช่วงถนนเอกมัย,105120,105120,100.0,105120,0,2025-01-01,2025-12-31 23:55:00,wl_in,0.0,False
water,2025,WL.SSN.10,จุดวัดคลองสามเสน -ตอนคลองชวดใหญ่,105120,105120,100.0,105120,0,2025-01-01,2025-12-31 23:55:00,wl_in,0.0,False
water,2025,WL.SST.01,ประตูระบายน้ำ คลองสองสายใต้,105120,105120,100.0,105120,0,2025-01-01,2025-12-31 23:55:00,wl_in,0.0,False
water,2025,WL.STN.01,จุดวัดคลองสองต้นนุ่น ตอนถนนรามคำแหง,105120,105120,100.0,105120,0,2025-01-01,2025-12-31 23:55:00,wl_in,0.0,False
water,2025,WL.STN.02,"""จุดวัดคลองสองต้นนุ่น ตอนซอยร่มเกล้า 20 """,105120,105120,100.0,105120,0,2025-01-01,2025-12-31 23:55:00,wl_in,0.0,False
water,2025,WL.STN.03,จุดวัดคลองสองต้นนุ่น ตอนถนนมอเตอร์เวย์,105120,105120,100.0,105120,0,2025-01-01,2025-12-31 23:55:00,wl_in,0.0,False
water,2025,WL.STR.01,สถานีสูบน้ำ คลองสาทร,105120,105120,100.0,105120,0,2025-01-01,2025-12-31 23:55:00,wl_in,0.0,False
water,2025,WL.STR.02,"""จุดวัดคลองสาทร ตอนถนนพระรามที่ 4 """,105120,105120,100.0,105120,0,2025-01-01,2025-12-31 23:55:00,wl_in,100.0,True
water,2025,WL.SWA.01,ประตูระบายน้ำ คลองสามวา,105120,105120,100.0,105120,0,2025-01-01,2025-12-31 23:55:00,wl_in,0.0,False
water,2025,WL.SWU.01,จุดวัดคูน้ำ มศว.,105120,105120,100.0,105120,0,2025-01-01,2025-12-31 23:55:00,wl_in,0.0,False
water,2025,WL.TCG.01,"""จุดวัดคลองตาช้าง ตอนถนนศรีนครินทร์ """,105120,105120,100.0,105120,0,2025-01-01,2025-12-31 23:55:00,wl_in,0.0,False
water,2025,WL.TNG.01,จุดวัดคลองตาหนัง ตอนถนนลาดพร้าว,105120,105120,100.0,105120,0,2025-01-01,2025-12-31 23:55:00,wl_in,0.0,False
water,2025,WL.TPK.02,จุดวัดคลองตาพุก ตอนถนนลาดกระบัง,105120,105120,100.0,105120,0,2025-01-01,2025-12-31 23:55:00,wl_in,21.192,False
water,2025,WL.TPK.03,จุดวัดคลองตาพุก ตอนคลองทับช้างบน,105120,105120,100.0,105120,0,2025-01-01,2025-12-31 23:55:00,wl_in,0.0,False
water,2025,WL.TSK.01,จุดวัดคูน้ำต่อศักดิ์ ตอนซอยทองหล่อ 25,105120,105120,100.0,105120,0,2025-01-01,2025-12-31 23:55:00,wl_in,0.0,False
water,2025,WL.TTN.01,จุดวัดคลองลาดโตนด ตอน ปตร.คลองลาดโตนด,105120,105120,100.0,105120,0,2025-01-01,2025-12-31 23:55:00,wl_in,0.0,False
water,2025,WL.TUT.01,สถานีสูบน้ำ คลองตาอูฐ,105120,105120,100.0,105120,0,2025-01-01,2025-12-31 23:55:00,wl_in,100.0,True
water,2025,WL.TUT.02,จุดวัดคลองตาอูฐ ตอนซอยแจ้งวัฒนะ 14,105120,105120,100.0,105120,0,2025-01-01,2025-12-31 23:55:00,wl_in,0.0,False
water,2025,WL.TWW.01,ประตูระบายน้ำ คลองทวีวัฒนา,105120,105120,100.0,105120,0,2025-01-01,2025-12-31 23:55:00,wl_in,0.0,False
water,2025,WL.TWW.02,จุดวัดคลองทวีวัฒนา ตอนถนนบรมราชชนนี,105120,105120,100.0,105120,0,2025-01-01,2025-12-31 23:55:00,wl_in,0.0,False
water,2025,WL.TWW.03,จุดวัดคลองทวีวัฒนา ตอนถนนเพชรเกษม,105120,105120,100.0,105120,0,2025-01-01,2025-12-31 23:55:00,wl_in,0.0,False
water,2025,WL.TWW.04,จุดวัดคลองทวีวัฒนา ตอนคลองบางเชือกหนัง,105120,105120,100.0,105120,0,2025-01-01,2025-12-31 23:55:00,wl_in,0.0,False
water,2025,WL.TWW.05,จุดวัดคลองทวีวัฒนา ตอนคลองภาษีเจริญ,105120,105120,100.0,105120,0,2025-01-01,2025-12-31 23:55:00,wl_in,0.0,False
water,2025,WL.VPD.01,จุดวัดคูน้ำวิภาวดี ตอนหน้าสนามกีฬากองทัพบก,105120,105120,100.0,105120,0,2025-01-01,2025-12-31 23:55:00,wl_in,0.0,False
water,2025,WL.VPD.02,จุดวัดคูน้ำวิภาวดี ตอนกรมดุริยางค์ทหารบก,105120,105120,100.0,105120,0,2025-01-01,2025-12-31 23:55:00,wl_in,0.0,False
water,2025,WL.VPD.03,จุดวัดคูน้ำวิภาวดี ตอนซอยวิภาวดีรังสิต 28,105120,105120,100.0,105120,0,2025-01-01,2025-12-31 23:55:00,wl_in,0.0,False
water,2025,WL.VPV.01,สถานีสูบน้ำ รัชดา-วิภาวดี,105120,105120,100.0,105120,0,2025-01-01,2025-12-31 23:55:00,wl_in,0.0,False
water,2025,WL.WHK.01,จุดวัดคลองวัดหัวกระบือ ตอนวัดหัวกระบือ,105120,105120,100.0,105120,0,2025-01-01,2025-12-31 23:55:00,wl_in,0.0,False
water,2025,WL.WKT.01,จุดวัดคลองวัดไก่เตี้ย ตอนสถานีสูบน้ำคลองวัดไก่เตี้ย,105120,105120,100.0,105120,0,2025-01-01,2025-12-31 23:55:00,wl_in,0.0,False
water,2025,WL.WLS.01,จุดวัดคลองวัดหลักสี่ ตอนถนนวิภาวดีรังสิต,105120,105120,100.0,105120,0,2025-01-01,2025-12-31 23:55:00,wl_in,0.0,False
water,2025,WL.WSI.01,สถานีสูบน้ำ คลองวัดไทร,105120,105120,100.0,105120,0,2025-01-01,2025-12-31 23:55:00,wl_in,0.0,False
water,2025,WL.WSV.01,จุดวัดคลองวัดสุทธาวาส ตอนซอยเทอดไท 33,105120,105120,100.0,105120,0,2025-01-01,2025-12-31 23:55:00,wl_in,0.0,False
water,2025,WL.WTK.01,จุดวัดคลองวัดตึก ตอนถนนลาดพร้าว,105120,105120,100.0,105120,0,2025-01-01,2025-12-31 23:55:00,wl_in,0.0,False
water,2025,WL.WTN.02,จุดวัดคูน้ำวัฒนา ตอนโรงเรียนวัฒนาวิทยาลัย,105120,105120,100.0,105120,0,2025-01-01,2025-12-31 23:55:00,wl_in,0.0,False
water,2025,WL.YPE.01,จุดคลองยายเพียร ตอนถนนเพชรเกษม,105120,105120,100.0,105120,0,2025-01-01,2025-12-31 23:55:00,wl_in,0.0,False
water,2025,WL.YPN.01,จุดวัดคลองยายเผื่อน ตอนแฮปปี้แลนด์,105120,105120,100.0,105120,0,2025-01-01,2025-12-31 23:55:00,wl_in,0.0,False
water,2025,WL.YPN.02,จุดวัดคลองยายเผื่อน ตอนถนนลาดพร้าว,105120,105120,100.0,105120,0,2025-01-01,2025-12-31 23:55:00,wl_in,0.0,False
water,2025,WL.YSN.02,"""จุดวัดคลองยายสุ่น ตอนถนนรัชดาภิเษก """,105120,105120,100.0,105120,0,2025-01-01,2025-12-31 23:55:00,wl_in,0.0,False
