station,rows,ts_min,ts_max,n_ts,name,n_flood,min_flood,max_flood,avg_flood,n_ge5,n_ge15,n_ge30,n_gt0,n_neg,year,dataset
FL.BBN.01,105120,2019-01-01T00:00:00.000,2019-12-31T23:55:00.000,105120,ถ.เอกชัย ช่วงห้างบิ๊กซีบางบอน,105120,0.0,29.5,0.0056031202,47,3,0,77,0,2019,flood
FL.BBN.02,105120,2019-01-01T00:00:00.000,2019-12-31T23:55:00.000,105120,ถ.เอกชัย ซอย 60,105120,0.0,0.0,0.0,0,0,0,0,0,2019,flood
FL.BKA.01,105120,2019-01-01T00:00:00.000,2019-12-31T23:55:00.000,105120,ถ.พหลโยธิน ช่วงวงเวียนบางเขน,105120,0.0,0.4,0.0031288052,0,0,0,2936,0,2019,flood
FL.BKE.01,105120,2019-01-01T00:00:00.000,2019-12-31T23:55:00.000,105120,ถ.เพชรเกษม แยกวงแหวนกาญจนาภิเษก,105120,0.0,11.4,0.0012490487,13,0,0,17,0,2019,flood
FL.BKE.02,105120,2019-01-01T00:00:00.000,2019-12-31T23:55:00.000,105120,ถ.เพชรเกษม ช่วงซอยวัดม่วง,105120,0.0,35.8,0.0118673896,47,37,8,176,0,2019,flood
FL.BKL.01,105120,2019-01-01T00:00:00.000,2019-12-31T23:55:00.000,105120,ถ.เจริญกรุง ช่วงวัดราชสิงขร,105120,0.0,0.0,0.0,0,0,0,0,0,2019,flood
FL.BKM.01,105120,2019-01-01T00:00:00.000,2019-12-31T23:55:00.000,105120,ถ.นวมินทร์ ช่วงซอย 46 (สันติอโศก),105120,0.0,77.5,0.0241219559,148,78,2,288,0,2019,flood
FL.BKM.02,105120,2019-01-01T00:00:00.000,2019-12-31T23:55:00.000,105120,ถ.นวมินทร์ ช่วงซอย 135,105120,0.0,63.0,0.0143188737,7,1,1,6740,0,2019,flood
FL.BKN.01,105120,2019-01-01T00:00:00.000,2019-12-31T23:55:00.000,105120,ถ.อิสรภาพ ช่วงตลาดพรานนก,105120,0.0,27.3,0.0144111492,81,43,0,151,0,2019,flood
FL.BKN.02,105120,2019-01-01T00:00:00.000,2019-12-31T23:55:00.000,105120,ถ.บรมราชชนนี ช่วงสายใต้,105120,0.0,21.2,0.0137252664,35,25,0,6600,0,2019,flood
FL.BKP.01,105120,2019-01-01T00:00:00.000,2019-12-31T23:55:00.000,105120,ถ.ลาดพร้าว แม็คโคร,105120,0.0,21.6,0.0048116438,1,1,0,1599,0,2019,flood
FL.BKP.02,105120,2019-01-01T00:00:00.000,2019-12-31T23:55:00.000,105120,ถ.ศรีนครินทร์ หน้าบริษัทกรีนสปอร์ต,105120,0.0,22.9,0.0013850837,11,2,0,17,0,2019,flood
FL.BNA.01,105120,2019-01-01T00:00:00.000,2019-12-31T23:55:00.000,105120,ถ.สุขุมวิท ช่วงกรมอุตุนิยมวิทยา,105120,0.0,3.1,4.37595e-05,0,0,0,2,0,2019,flood
FL.BNA.02,105120,2019-01-01T00:00:00.000,2019-12-31T23:55:00.000,105120,ถ.ศรีนครินทร์ ช่วงวัดศรีเอี่ยม,105120,0.0,33.2,0.0292703577,223,66,4,256,0,2019,flood
FL.BNA.03,105120,2019-01-01T00:00:00.000,2019-12-31T23:55:00.000,105120,ถ.สุขุมวิท ช่วงแยกบางนา,105120,0.0,50.3,0.0429490107,358,35,20,832,0,2019,flood
FL.BNA.04,105120,2019-01-01T00:00:00.000,2019-12-31T23:55:00.000,105120,ถ.สุขุมวิท ช่วงแบริ่ง,105120,0.0,24.1,0.0117494292,51,11,0,3465,0,2019,flood
FL.BRK.01,105120,2019-01-01T00:00:00.000,2019-12-31T23:55:00.000,105120,ถ.สุรวงศ์ ช่วงทางด่วน,105120,0.0,21.9,0.0044311263,32,13,0,39,0,2019,flood
FL.BRK.02,105120,2019-01-01T00:00:00.000,2019-12-31T23:55:00.000,105120,ถ.สีลม ช่วงถนนคอนแวนต์,105120,0.0,11.4,0.0093350457,86,0,0,213,0,2019,flood
FL.BSU.01,105120,2019-01-01T00:00:00.000,2019-12-31T23:55:00.000,105120,ถ.ประชาราษฏร์ แยกเตาปูน,105120,0.0,4.2,0.00070586,0,0,0,36,0,2019,flood
FL.CTC.01,105120,2019-01-01T00:00:00.000,2019-12-31T23:55:00.000,105120,ถ.รัชดาภิเษก ช่วงแยกลาดพร้าว (หน้าธนาคารกรุงเทพ),105120,0.0,25.7,0.0107562785,80,36,0,91,0,2019,flood
FL.CTC.02,105120,2019-01-01T00:00:00.000,2019-12-31T23:55:00.000,105120,ถ.กำแพงเพชร 3,105120,0.0,44.0,0.0184436834,82,53,26,136,0,2019,flood
FL.CTC.03,105120,2019-01-01T00:00:00.000,2019-12-31T23:55:00.000,105120,ถ.พหลโยธิน ช่วงแยกเกษตร,105120,0.0,35.4,0.0265030441,38,29,6,11606,0,2019,flood
FL.CTC.04,105120,2019-01-01T00:00:00.000,2019-12-31T23:55:00.000,105120,ถ.เทศบาลสงเคราะห์ ช่วงตลาดประชานิเวศน์,105120,0.0,52.5,0.0214088661,103,45,1,531,0,2019,flood
FL.CTC.05,105120,2019-01-01T00:00:00.000,2019-12-31T23:55:00.000,105120,ถ.พหลโยธิน หน้ากรมการขนส่งทางบก,105120,0.0,148.8,0.4555650685,872,731,537,2490,0,2019,flood
FL.CTC.06,105120,2019-01-01T00:00:00.000,2019-12-31T23:55:00.000,105120,ถ.งามวงศ์วาน ช่วงแยกเกษตร,105120,0.0,27.2,0.0660949391,709,3,0,1356,0,2019,flood
FL.CTC.07,105120,2019-01-01T00:00:00.000,2019-12-31T23:55:00.000,105120,ซ.เสนานิคม,105120,0.0,24.9,0.0072460046,52,19,0,66,0,2019,flood
FL.DDG.01,105120,2019-01-01T00:00:00.000,2019-12-31T23:55:00.000,105120,ถ.รัชดาภิเษก ช่วงแยกเทียมร่วมมิตร,105120,0.0,14.3,0.0007971842,8,0,0,12,0,2019,flood
FL.DDG.02,105120,2019-01-01T00:00:00.000,2019-12-31T23:55:00.000,105120,ถ.ประชาสงเคราะห์ ตลาดห้วยขวาง,105120,0.0,34.5,0.0349638508,74,41,14,1208,0,2019,flood
FL.DDG.03,105120,2019-01-01T00:00:00.000,2019-12-31T23:55:00.000,105120,ถ.ดินแดง ซอยสุทธิพร 2,105120,0.0,16.8,0.0012585616,4,1,0,72,0,2019,flood
FL.DDG.04,105120,2019-01-01T00:00:00.000,2019-12-31T23:55:00.000,105120,ถ.รัชดาภิเษก ช่วงคลองบางซื่อ,105120,0.0,7.4,0.0031078767,9,0,0,117,0,2019,flood
FL.DDG.05,105120,2019-01-01T00:00:00.000,2019-12-31T23:55:00.000,105120,ถ.รัชดาภิเษก สถานฑูตจีน,105120,0.0,21.9,0.0061805556,31,11,0,1830,0,2019,flood
FL.DDG.06,105120,2019-01-01T00:00:00.000,2019-12-31T23:55:00.000,105120,ถ.ประชาสุข ซ.อินทามระ 53,105120,0.0,48.9,0.0256697108,100,63,48,144,0,2019,flood
FL.DDG.07,105120,2019-01-01T00:00:00.000,2019-12-31T23:55:00.000,105120,ถ.วิภาวดี(ขาออก) ช่วงกรมทหารราบที่ 1,105120,0.0,26.8,0.0064126712,23,16,0,1749,0,2019,flood
FL.DDG.08,105120,2019-01-01T00:00:00.000,2019-12-31T23:55:00.000,105120,ถ.ดินแดง ช่วงโรงเรียนพิบูลประชาสรรค์,105120,0.0,18.0,0.0442589422,14,5,0,14160,0,2019,flood
FL.DST.01,105120,2019-01-01T00:00:00.000,2019-12-31T23:55:00.000,105120,ถ.พิษณุโลก ช่วงบ้านพิษณุโลก,105120,0.0,3.8,0.0219492009,0,0,0,1337,0,2019,flood
FL.DST.02,105120,2019-01-01T00:00:00.000,2019-12-31T23:55:00.000,105120,ถ.สามเสน ช่วงแยกเกียกกาย,105120,0.0,6.3,5.99315e-05,1,0,0,1,0,2019,flood
FL.DST.03,105120,2019-01-01T00:00:00.000,2019-12-31T23:55:00.000,105120,ถ.ศรีอยุธยา ลานพระราชวังดุสิต,105120,0.0,13.0,0.1255393836,1025,0,0,2744,0,2019,flood
FL.DST.04,105120,2019-01-01T00:00:00.000,2019-12-31T23:55:00.000,105120,ถ.ราชสีมา แยกอู่ทองนอก,105120,0.0,29.6,0.0005488965,2,2,0,2,0,2019,flood
FL.DST.05,105120,2019-01-01T00:00:00.000,2019-12-31T23:55:00.000,105120,ถ.นครไชยศรี (กรมสรรพสามิต),105120,0.0,6.1,0.001016933,4,0,0,34,0,2019,flood
FL.DST.06,105120,2019-01-01T00:00:00.000,2019-12-31T23:55:00.000,105120,ถ.ราชวิถี เชิงสะพานกรุงธนบุรี,105120,0.0,0.0,0.0,0,0,0,0,0,2019,flood
FL.DST.07,105120,2019-01-01T00:00:00.000,2019-12-31T23:55:00.000,105120,ถ.นครไชยศรี ช่วงตลาดศรีย่าน,105120,0.0,0.4,0.0123696728,0,0,0,9835,0,2019,flood
FL.HKG.01,105120,2019-01-01T00:00:00.000,2019-12-31T23:55:00.000,105120,ถ.เพชรบุรีตัดใหม่ ช่วงสิงห์คอมเพล็กซ์,105120,0.0,30.1,0.0023011796,17,4,1,28,0,2019,flood
FL.JTG.01,105120,2019-01-01T00:00:00.000,2019-12-31T23:55:00.000,105120,ถ.จอมทอง ช่วงแยกจอมทอง,105120,0.0,0.0,0.0,0,0,0,0,0,2019,flood
FL.KSN.01,105120,2019-01-01T00:00:00.000,2019-12-31T23:55:00.000,105120,ถ.ลาดหญ้า วงเวียนใหญ่,105120,0.0,8.9,0.0020338661,6,0,0,103,0,2019,flood
FL.KTY.01,105120,2019-01-01T00:00:00.000,2019-12-31T23:55:00.000,105120,ถ.พระรามที่ 3 ช่วงตลาดฮ่องกง-ปีนัง,105120,0.0,2.5,0.0035597412,0,0,0,274,0,2019,flood
FL.KTY.02,105120,2019-01-01T00:00:00.000,2019-12-31T23:55:00.000,105120,ซ.สุขุมวิท 22 (ด้านถนนพระรามที่ 4),105120,0.0,0.0,0.0,0,0,0,0,0,2019,flood
FL.KTY.03,105120,2019-01-01T00:00:00.000,2019-12-31T23:55:00.000,105120,ถ.พระราม 3 ช่วงทางรถไฟ,105120,0.0,31.0,0.0058181126,3,3,3,1877,0,2019,flood
FL.KTY.04,105120,2019-01-01T00:00:00.000,2019-12-31T23:55:00.000,105120,ถ.พระราม 4 ช่วงกล้วยน้ำไท,105120,0.0,29.4,0.06206621,70,4,0,14479,0,2019,flood
FL.KTY.05,105120,2019-01-01T00:00:00.000,2019-12-31T23:55:00.000,105120,ถ.สุนทรโกษา แยก ณ ระนอง,105120,0.0,0.0,0.0,0,0,0,0,0,2019,flood
FL.LSI.01,105120,2019-01-01T00:00:00.000,2019-12-31T23:55:00.000,105120,ซ.แจ้งวัฒนะ 14,105120,0.0,31.2,0.0016638128,1,1,1,83,0,2019,flood
FL.LSI.02,105120,2019-01-01T00:00:00.000,2019-12-31T23:55:00.000,105120,ถ.งามวงศ์วาน แยกพงษ์เพชร,105120,0.0,13.4,0.0168245814,24,0,0,794,0,2019,flood
FL.LSI.03,105120,2019-01-01T00:00:00.000,2019-12-31T23:55:00.000,105120,ถ.แจ้งวัฒนะ หน้าศาลปกครองกลาง,105120,0.0,32.8,0.0854870624,624,24,5,3252,0,2019,flood
FL.LSI.04,105120,2019-01-01T00:00:00.000,2019-12-31T23:55:00.000,105120,ถ.แจ้งวัฒนะขาเข้า (โลตัส),105120,0.0,21.6,0.1097878615,95,15,0,16548,0,2019,flood
FL.LSI.05,105120,2019-01-01T00:00:00.000,2019-12-31T23:55:00.000,105120,ถ.แจ้งวัฒนะขาออก (มทบ. 11),105120,0.0,1.2,5.32725e-05,0,0,0,13,0,2019,flood
FL.LSI.06,105120,2019-01-01T00:00:00.000,2019-12-31T23:55:00.000,105120,ถ.งามวงศ์วาน ซอยชินเขต,105120,0.0,67.8,0.0517304033,180,123,76,312,0,2019,flood
FL.PKN.01,105120,2019-01-01T00:00:00.000,2019-12-31T23:55:00.000,105120,ถ.สุขุมวิท ช่วงซอยสุขุมวิท 62,105120,0.0,0.0,0.0,0,0,0,0,0,2019,flood
FL.PNK.02,105120,2019-01-01T00:00:00.000,2019-12-31T23:55:00.000,105120,ถ.วิสุทธิ์กษัตริย์  หน้าวัดอินทรวิหาร,105120,0.0,17.9,0.000216895,1,1,0,3,0,2019,flood
FL.PPS.01,105120,2019-01-01T00:00:00.000,2019-12-31T23:55:00.000,105120,ถ.หลานหลวง หน้าธนาคารกรุงไทย,105120,0.0,14.3,0.0596385084,517,0,0,1718,0,2019,flood
FL.PPS.02,105120,2019-01-01T00:00:00.000,2019-12-31T23:55:00.000,105120,ถ.หลวง ช่วงวัดเทพศิรินทราวาส,105120,0.0,8.2,0.000585997,2,0,0,23,0,2019,flood
FL.PTW.01,105120,2019-01-01T00:00:00.000,2019-12-31T23:55:00.000,105120,ถ.พระรามที่ 1 ช่วงสนามกีฬาแห่งชาติ,105120,0.0,9.1,0.0004023973,3,0,0,13,0,2019,flood
FL.PTW.02,105120,2019-01-01T00:00:00.000,2019-12-31T23:55:00.000,105120,ถ.พญาไท ช่วงมาบุญครอง,105120,0.0,22.8,0.025119863,38,9,0,1018,0,2019,flood
FL.PTW.03,105120,2019-01-01T00:00:00.000,2019-12-31T23:55:00.000,105120,ถ.พระรามที่ 1 ช่วงวัดปทุมวนาราม,105120,0.0,28.9,0.0013299087,2,1,0,32,0,2019,flood
FL.PTW.04,105120,2019-01-01T00:00:00.000,2019-12-31T23:55:00.000,105120,ถ.พระรามที่ 4 หน้าวัน แบงค็อก,105120,0.0,2.7,0.0002435312,0,0,0,14,0,2019,flood
FL.PTW.05,105120,2019-01-01T00:00:00.000,2019-12-31T23:55:00.000,105120,ถ.ราชดำริ หน้าโรงพยาบาลตำรวจ,105120,0.0,31.3,0.004598554,24,17,1,34,0,2019,flood
FL.PWT.01,105120,2019-01-01T00:00:00.000,2019-12-31T23:55:00.000,105120,ถ.ศรีนครินทร์ ช่วงซีคอนสแควร์,105120,0.0,5.4,0.0265192161,2,0,0,1231,0,2019,flood
FL.PWT.02,105120,2019-01-01T00:00:00.000,2019-12-31T23:55:00.000,105120,ถ.เฉลิมพระเกียรติ ร.9 ช่วงแยกศรีอุดม,105120,0.0,43.2,0.0806668569,311,209,75,3509,0,2019,flood
FL.PYT.01,105120,2019-01-01T00:00:00.000,2019-12-31T23:55:00.000,105120,ถ.พหลโยธิน ช่วงหน้าสนามเป้า,105120,0.0,8.8,0.0068978311,5,0,0,256,0,2019,flood
FL.PYT.02,105120,2019-01-01T00:00:00.000,2019-12-31T23:55:00.000,105120,ถ.พหลโยธิน ช่วงสะพานควาย,105120,0.0,34.0,0.0092246956,52,32,8,57,0,2019,flood
FL.PYT.03,105120,2019-01-01T00:00:00.000,2019-12-31T23:55:00.000,105120,ถ.พระราม6 ช่วงทางด่วน,105120,0.0,10.7,0.0008761416,10,0,0,18,0,2019,flood
FL.PYT.04,105120,2019-01-01T00:00:00.000,2019-12-31T23:55:00.000,105120,ถ.สุทธิสารวินิจฉัย ซอย 19,105120,0.0,31.1,0.0122364916,59,29,1,246,0,2019,flood
FL.PYT.05,105120,2019-01-01T00:00:00.000,2019-12-31T23:55:00.000,105120,ถ.พหลโยธิน ช่วงซอยสายลม,105120,0.0,0.0,0.0,0,0,0,0,0,2019,flood
FL.PYT.06,105120,2019-01-01T00:00:00.000,2019-12-31T23:55:00.000,105120,ถ.ประดิพัทธ์ ช่วงสะพานควาย,105120,0.0,28.9,0.0220490868,43,26,0,2629,0,2019,flood
FL.PYT.07,105120,2019-01-01T00:00:00.000,2019-12-31T23:55:00.000,105120,ถ.พหลโยธิน  ช่วงห้างบิ๊กซีสะพานควาย,105120,0.0,147.7,0.3807895738,911,384,308,1124,0,2019,flood
FL.RTW.01,105120,2019-01-01T00:00:00.000,2019-12-31T23:55:00.000,105120,ถ.ศรีอยุธยา ช่วงถนนพญาไท,105120,0.0,36.0,0.0105726788,61,30,4,117,0,2019,flood
FL.RTW.02,105120,2019-01-01T00:00:00.000,2019-12-31T23:55:00.000,105120,ถ.เพชรบุรี ช่วงหน้าดอนบอสโก,105120,0.0,6.6,6.27854e-05,1,0,0,1,0,2019,flood
FL.RTW.03,105120,2019-01-01T00:00:00.000,2019-12-31T23:55:00.000,105120,ถ.เพชรบุรี ช่วงหน้าเมโทร,105120,0.0,27.7,0.0003652968,1,1,0,6,0,2019,flood
FL.RTW.04,105120,2019-01-01T00:00:00.000,2019-12-31T23:55:00.000,105120,ถ.พญาไท ช่วงกรมปศุสัตว์,105120,0.0,0.0,0.0,0,0,0,0,0,2019,flood
FL.RTW.05,105120,2019-01-01T00:00:00.000,2019-12-31T23:55:00.000,105120,ถ.พระรามที่ 6 ช่วงตลาดประแจจีน,105120,0.0,7.9,0.0324980974,25,0,0,993,0,2019,flood
FL.RTW.06,105120,2019-01-01T00:00:00.000,2019-12-31T23:55:00.000,105120,ถ.ราชวิถี ช่วงสวนสันติภาพ,105120,0.0,8.8,0.0001607686,1,0,0,4,0,2019,flood
FL.RTW.07,105120,2019-01-01T00:00:00.000,2019-12-31T23:55:00.000,105120,ถ.ศรีอยุธยา ช่วงโรงเรียนสันติราษฏร์วิทยาลัย,105120,0.0,24.9,0.0028614916,12,6,0,75,0,2019,flood
FL.RTW.08,105120,2019-01-01T00:00:00.000,2019-12-31T23:55:00.000,105120,ถ.นิคมมักกะสัน แยกราชปรารภ,105120,0.0,10.0,0.0004984779,6,0,0,6,0,2019,flood
FL.RTW.09,105120,2019-01-01T00:00:00.000,2019-12-31T23:55:00.000,105120,ถ.บรรทัดทอง ช่วงถนนเพชรบุรี,105120,0.0,0.0,0.0,0,0,0,0,0,2019,flood
FL.RTW.10,105120,2019-01-01T00:00:00.000,2019-12-31T23:55:00.000,105120,ถ.ศรีอยุธยา ช่วงโรงเรียนศรีอยุธยา,105120,0.0,34.2,0.0102054795,51,40,5,55,0,2019,flood
FL.SLG.01,105120,2019-01-01T00:00:00.000,2019-12-31T23:55:00.000,105120,ถ.พัฒนาการ แยกศรีนครินทร์,105120,0.0,16.1,0.0134798326,118,1,0,209,0,2019,flood
FL.SLG.02,105120,2019-01-01T00:00:00.000,2019-12-31T23:55:00.000,105120,ถ.รามคำแหง ซอย 3,105120,0.0,29.3,0.0108009893,70,33,0,128,0,2019,flood
FL.SLG.03,105120,2019-01-01T00:00:00.000,2019-12-31T23:55:00.000,105120,"""ถ.พัฒนาการ ช่วงธนาคารกรุงไทย """,105120,0.0,39.5,0.0582990868,237,91,26,8482,0,2019,flood
FL.SMI.01,105120,2019-01-01T00:00:00.000,2019-12-31T23:55:00.000,105120,ถ.พหลโยธิน ช่วงซอยพหลโยธิน 60/1,105120,0.0,51.5,0.0194634703,67,50,27,191,0,2019,flood
FL.SPW.01,105120,2019-01-01T00:00:00.000,2019-12-31T23:55:00.000,105120,ถ.เจริญกรุง แยกแปลงนาม,105120,0.0,29.1,0.03991914,112,13,0,1275,0,2019,flood
FL.SPW.02,105120,2019-01-01T00:00:00.000,2019-12-31T23:55:00.000,105120,ถ.เยาวราช ช่วงแยกราชวงศ์,105120,0.0,13.2,0.0033200152,36,0,0,45,0,2019,flood
FL.STN.01,105120,2019-01-01T00:00:00.000,2019-12-31T23:55:00.000,105120,ถ.จันทน์ ซอย 28/2,105120,0.0,13.3,0.0117056697,4,0,0,488,0,2019,flood
FL.STN.02,105120,2019-01-01T00:00:00.000,2019-12-31T23:55:00.000,105120,ถ.เซนต์หลุยส์ 3,105120,0.0,28.1,0.0151645738,70,44,0,293,0,2019,flood
FL.STN.03,105120,2019-01-01T00:00:00.000,2019-12-31T23:55:00.000,105120,ถ.สาธุประดิษฐ์ ซอย 2,105120,0.0,25.0,0.0133114536,61,16,0,4133,0,2019,flood
FL.STN.04,105120,2019-01-01T00:00:00.000,2019-12-31T23:55:00.000,105120,ถ.สวนพลู ช่วงตลาดสวนพลู,105120,0.0,22.8,0.0065182648,76,10,0,103,0,2019,flood
FL.WTL.01,105120,2019-01-01T00:00:00.000,2019-12-31T23:55:00.000,105120,ถ.ลาดพร้าว ช่วงตัดถนนประดิษฐ์มนูธรรม,105120,0.0,3.6,0.0257477169,0,0,0,837,0,2019,flood
FL.WTL.02,105120,2019-01-01T00:00:00.000,2019-12-31T23:55:00.000,105120,ถ.ลาดพร้าว ช่วงซอยลาดพร้าว 89,105120,0.0,15.6,0.0001484018,1,1,0,1,0,2019,flood
FL.WTL.03,105120,2019-01-01T00:00:00.000,2019-12-31T23:55:00.000,105120,ซ.รามคำแหง 43/1,105120,0.0,0.0,0.0,0,0,0,0,0,2019,flood
FL.WTL.04,105120,2019-01-01T00:00:00.000,2019-12-31T23:55:00.000,105120,ซ.รามคำแหง 65 (ซอยมหาดไทย),105120,0.0,30.5,0.0020709665,1,1,1,115,0,2019,flood
FL.WTN.01,105120,2019-01-01T00:00:00.000,2019-12-31T23:55:00.000,105120,ซ.สุขุมวิท 39 (ซอยพร้อมพงษ์),105120,0.0,29.5,0.0489783105,4,4,0,1659,0,2019,flood
FL.WTN.02,105120,2019-01-01T00:00:00.000,2019-12-31T23:55:00.000,105120,ถ.อโศกมนตรี ช่วงแยกชิโนไทย,105120,0.0,0.0,0.0,0,0,0,0,0,2019,flood
FL.BBN.01,105408,2020-01-01T00:00:00.000,2020-12-31T23:55:00.000,105408,ถ.เอกชัย ช่วงห้างบิ๊กซีบางบอน,105408,0.0,21.4,0.0299332119,134,27,0,894,0,2020,flood
FL.BBN.02,105408,2020-01-01T00:00:00.000,2020-12-31T23:55:00.000,105408,ถ.เอกชัย ซอย 60,105408,0.0,0.0,0.0,0,0,0,0,0,2020,flood
FL.BKA.01,105408,2020-01-01T00:00:00.000,2020-12-31T23:55:00.000,105408,ถ.พหลโยธิน ช่วงวงเวียนบางเขน,105408,0.0,9.5,0.0185659532,184,0,0,1427,0,2020,flood
FL.BKE.01,105408,2020-01-01T00:00:00.000,2020-12-31T23:55:00.000,105408,ถ.เพชรเกษม แยกวงแหวนกาญจนาภิเษก,105408,0.0,17.6,0.0059985959,50,6,0,88,0,2020,flood
FL.BKE.02,105408,2020-01-01T00:00:00.000,2020-12-31T23:55:00.000,105408,ถ.เพชรเกษม ช่วงซอยวัดม่วง,105408,0.0,22.9,0.0108995522,1,1,0,479,0,2020,flood
FL.BKL.01,105408,2020-01-01T00:00:00.000,2020-12-31T23:55:00.000,105408,ถ.เจริญกรุง ช่วงวัดราชสิงขร,105408,0.0,11.7,0.0016241651,15,0,0,32,0,2020,flood
FL.BKM.01,105408,2020-01-01T00:00:00.000,2020-12-31T23:55:00.000,105408,ถ.นวมินทร์ ช่วงซอย 46 (สันติอโศก),105408,0.0,18.1,0.0276553962,314,15,0,468,0,2020,flood
FL.BKM.02,105408,2020-01-01T00:00:00.000,2020-12-31T23:55:00.000,105408,ถ.นวมินทร์ ช่วงซอย 135,105408,0.0,17.3,0.0232496585,25,3,0,9710,0,2020,flood
FL.BKN.01,105408,2020-01-01T00:00:00.000,2020-12-31T23:55:00.000,105408,ถ.อิสรภาพ ช่วงตลาดพรานนก,105408,0.0,22.6,0.0075829159,60,14,0,89,0,2020,flood
FL.BKN.02,105408,2020-01-01T00:00:00.000,2020-12-31T23:55:00.000,105408,ถ.บรมราชชนนี ช่วงสายใต้,105408,0.0,24.3,0.0116556618,52,14,0,2191,0,2020,flood
FL.BKP.01,105408,2020-01-01T00:00:00.000,2020-12-31T23:55:00.000,105408,ถ.ลาดพร้าว แม็คโคร,105408,0.0,5.0,0.0496072404,1,0,0,8838,0,2020,flood
FL.BKP.02,105408,2020-01-01T00:00:00.000,2020-12-31T23:55:00.000,105408,ถ.ศรีนครินทร์ หน้าบริษัทกรีนสปอร์ต,105408,0.0,0.0,0.0,0,0,0,0,0,2020,flood
FL.BNA.01,105408,2020-01-01T00:00:00.000,2020-12-31T23:55:00.000,105408,ถ.สุขุมวิท ช่วงกรมอุตุนิยมวิทยา,105408,0.0,16.4,0.0027483682,16,1,0,59,0,2020,flood
FL.BNA.02,105408,2020-01-01T00:00:00.000,2020-12-31T23:55:00.000,105408,ถ.ศรีนครินทร์ ช่วงวัดศรีเอี่ยม,105408,0.0,8.9,0.0011972526,12,0,0,35,0,2020,flood
FL.BNA.03,105408,2020-01-01T00:00:00.000,2020-12-31T23:55:00.000,105408,ถ.สุขุมวิท ช่วงแยกบางนา,105408,0.0,27.0,0.0716871585,638,94,0,955,0,2020,flood
FL.BNA.04,105408,2020-01-01T00:00:00.000,2020-12-31T23:55:00.000,105408,ถ.สุขุมวิท ช่วงแบริ่ง,105408,0.0,32.5,0.0079718807,38,23,3,757,0,2020,flood
FL.BRK.01,105408,2020-01-01T00:00:00.000,2020-12-31T23:55:00.000,105408,ถ.สุรวงศ์ ช่วงทางด่วน,105408,0.0,24.8,0.0067338342,46,25,0,56,0,2020,flood
FL.BRK.02,105408,2020-01-01T00:00:00.000,2020-12-31T23:55:00.000,105408,ถ.สีลม ช่วงถนนคอนแวนต์,105408,0.0,6.6,0.0047984973,6,0,0,210,0,2020,flood
FL.BSU.01,105408,2020-01-01T00:00:00.000,2020-12-31T23:55:00.000,105408,ถ.ประชาราษฏร์ แยกเตาปูน,105407,0.0,20.0,0.0030377489,28,1,0,69,0,2020,flood
FL.CTC.01,105408,2020-01-01T00:00:00.000,2020-12-31T23:55:00.000,105408,ถ.รัชดาภิเษก ช่วงแยกลาดพร้าว (หน้าธนาคารกรุงเทพ),105407,0.0,18.9,0.0064028006,44,6,0,146,0,2020,flood
FL.CTC.02,105408,2020-01-01T00:00:00.000,2020-12-31T23:55:00.000,105408,ถ.กำแพงเพชร 3,105408,0.0,28.5,0.0129857316,94,24,0,216,0,2020,flood
FL.CTC.03,105408,2020-01-01T00:00:00.000,2020-12-31T23:55:00.000,105408,ถ.พหลโยธิน ช่วงแยกเกษตร,105408,0.0,34.7,0.1768158015,531,115,13,44273,0,2020,flood
FL.CTC.04,105408,2020-01-01T00:00:00.000,2020-12-31T23:55:00.000,105408,ถ.เทศบาลสงเคราะห์ ช่วงตลาดประชานิเวศน์,105408,0.0,24.4,0.0094926381,80,12,0,86,0,2020,flood
FL.CTC.05,105408,2020-01-01T00:00:00.000,2020-12-31T23:55:00.000,105408,ถ.พหลโยธิน หน้ากรมการขนส่งทางบก,105408,0.0,15.0,0.0015340392,15,1,0,23,0,2020,flood
FL.CTC.06,105408,2020-01-01T00:00:00.000,2020-12-31T23:55:00.000,105408,ถ.งามวงศ์วาน ช่วงแยกเกษตร,105407,0.0,12.1,0.0500896525,539,0,0,1022,0,2020,flood
FL.CTC.07,105408,2020-01-01T00:00:00.000,2020-12-31T23:55:00.000,105408,ซ.เสนานิคม,105408,0.0,23.6,0.0056058364,43,16,0,48,0,2020,flood
FL.DDG.01,105408,2020-01-01T00:00:00.000,2020-12-31T23:55:00.000,105408,ถ.รัชดาภิเษก ช่วงแยกเทียมร่วมมิตร,105407,0.0,17.7,0.0091085032,87,9,0,103,0,2020,flood
FL.DDG.02,105408,2020-01-01T00:00:00.000,2020-12-31T23:55:00.000,105408,ถ.ประชาสงเคราะห์ ตลาดห้วยขวาง,105405,0.0,33.1,0.0303496039,172,92,11,324,0,2020,flood
FL.DDG.03,105408,2020-01-01T00:00:00.000,2020-12-31T23:55:00.000,105408,ถ.ดินแดง ซอยสุทธิพร 2,105406,0.0,0.0,0.0,0,0,0,0,0,2020,flood
FL.DDG.04,105408,2020-01-01T00:00:00.000,2020-12-31T23:55:00.000,105408,ถ.รัชดาภิเษก ช่วงคลองบางซื่อ,105408,0.0,6.8,0.0023347374,5,0,0,88,0,2020,flood
FL.DDG.05,105408,2020-01-01T00:00:00.000,2020-12-31T23:55:00.000,105408,ถ.รัชดาภิเษก สถานฑูตจีน,105408,0.0,18.1,0.03165699,72,8,0,17835,0,2020,flood
FL.DDG.06,105408,2020-01-01T00:00:00.000,2020-12-31T23:55:00.000,105408,ถ.ประชาสุข ซ.อินทามระ 53,105408,0.0,36.5,0.0100542653,44,28,14,512,0,2020,flood
FL.DDG.07,105408,2020-01-01T00:00:00.000,2020-12-31T23:55:00.000,105408,ถ.วิภาวดี(ขาออก) ช่วงกรมทหารราบที่ 1,105408,0.0,19.9,0.1493861946,38,10,0,23446,0,2020,flood
FL.DDG.08,105408,2020-01-01T00:00:00.000,2020-12-31T23:55:00.000,105408,ถ.ดินแดง ช่วงโรงเรียนพิบูลประชาสรรค์,105408,0.0,14.8,0.0416325137,16,0,0,11612,0,2020,flood
FL.DST.01,105408,2020-01-01T00:00:00.000,2020-12-31T23:55:00.000,105408,ถ.พิษณุโลก ช่วงบ้านพิษณุโลก,105408,0.0,5.8,0.0617220704,46,0,0,2524,0,2020,flood
FL.DST.02,105408,2020-01-01T00:00:00.000,2020-12-31T23:55:00.000,105408,ถ.สามเสน ช่วงแยกเกียกกาย,105407,0.0,12.9,0.0009999336,8,0,0,20,0,2020,flood
FL.DST.03,105408,2020-01-01T00:00:00.000,2020-12-31T23:55:00.000,105408,ถ.ศรีอยุธยา ลานพระราชวังดุสิต,105407,0.0,0.0,0.0,0,0,0,0,0,2020,flood
FL.DST.04,105408,2020-01-01T00:00:00.000,2020-12-31T23:55:00.000,105408,ถ.ราชสีมา แยกอู่ทองนอก,105408,0.0,6.6,6.26138e-05,1,0,0,1,0,2020,flood
FL.DST.05,105408,2020-01-01T00:00:00.000,2020-12-31T23:55:00.000,105408,ถ.นครไชยศรี (กรมสรรพสามิต),105408,0.0,3.8,0.0004496812,0,0,0,19,0,2020,flood
FL.DST.06,105408,2020-01-01T00:00:00.000,2020-12-31T23:55:00.000,105408,ถ.ราชวิถี เชิงสะพานกรุงธนบุรี,105408,0.0,0.0,0.0,0,0,0,0,0,2020,flood
FL.DST.07,105408,2020-01-01T00:00:00.000,2020-12-31T23:55:00.000,105408,ถ.นครไชยศรี ช่วงตลาดศรีย่าน,105408,0.0,0.4,0.0089442927,0,0,0,6824,0,2020,flood
FL.HKG.01,105408,2020-01-01T00:00:00.000,2020-12-31T23:55:00.000,105408,ถ.เพชรบุรีตัดใหม่ ช่วงสิงห์คอมเพล็กซ์,105408,0.0,22.5,0.0157388434,156,17,0,220,0,2020,flood
FL.JTG.01,105408,2020-01-01T00:00:00.000,2020-12-31T23:55:00.000,105408,ถ.จอมทอง ช่วงแยกจอมทอง,105408,0.0,0.0,0.0,0,0,0,0,0,2020,flood
FL.KSN.01,105408,2020-01-01T00:00:00.000,2020-12-31T23:55:00.000,105408,ถ.ลาดหญ้า วงเวียนใหญ่,105408,0.0,3.1,0.0003927596,0,0,0,22,0,2020,flood
FL.KTY.01,105408,2020-01-01T00:00:00.000,2020-12-31T23:55:00.000,105408,ถ.พระรามที่ 3 ช่วงตลาดฮ่องกง-ปีนัง,105407,0.0,26.9,0.1171962014,315,42,0,5371,0,2020,flood
FL.KTY.02,105408,2020-01-01T00:00:00.000,2020-12-31T23:55:00.000,105408,ซ.สุขุมวิท 22 (ด้านถนนพระรามที่ 4),105408,0.0,21.3,0.0058382665,51,14,0,66,0,2020,flood
FL.KTY.03,105408,2020-01-01T00:00:00.000,2020-12-31T23:55:00.000,105408,ถ.พระราม 3 ช่วงทางรถไฟ,105408,0.0,0.2,0.002603218,0,0,0,2705,0,2020,flood
FL.KTY.04,105408,2020-01-01T00:00:00.000,2020-12-31T23:55:00.000,105408,ถ.พระราม 4 ช่วงกล้วยน้ำไท,105408,0.0,18.4,0.0201265559,60,18,0,7571,0,2020,flood
FL.KTY.05,105408,2020-01-01T00:00:00.000,2020-12-31T23:55:00.000,105408,ถ.สุนทรโกษา แยก ณ ระนอง,105408,0.0,3.7,0.0001185868,0,0,0,10,0,2020,flood
FL.LSI.01,105408,2020-01-01T00:00:00.000,2020-12-31T23:55:00.000,105408,ซ.แจ้งวัฒนะ 14,105407,0.0,0.0,0.0,0,0,0,0,0,2020,flood
FL.LSI.02,105408,2020-01-01T00:00:00.000,2020-12-31T23:55:00.000,105408,ถ.งามวงศ์วาน แยกพงษ์เพชร,105408,0.0,0.0,0.0,0,0,0,0,0,2020,flood
FL.LSI.03,105408,2020-01-01T00:00:00.000,2020-12-31T23:55:00.000,105408,ถ.แจ้งวัฒนะ หน้าศาลปกครองกลาง,105390,0.0,73.3,0.2880510485,563,494,141,58431,0,2020,flood
FL.LSI.04,105408,2020-01-01T00:00:00.000,2020-12-31T23:55:00.000,105408,ถ.แจ้งวัฒนะขาเข้า (โลตัส),105408,0.0,23.2,0.0304056618,164,12,0,5495,0,2020,flood
FL.LSI.05,105408,2020-01-01T00:00:00.000,2020-12-31T23:55:00.000,105408,ถ.แจ้งวัฒนะขาออก (มทบ. 11),105408,0.0,15.6,0.0044237629,29,2,0,130,0,2020,flood
FL.LSI.06,105408,2020-01-01T00:00:00.000,2020-12-31T23:55:00.000,105408,ถ.งามวงศ์วาน ซอยชินเขต,105408,0.0,0.0,0.0,0,0,0,0,0,2020,flood
FL.PKN.01,105408,2020-01-01T00:00:00.000,2020-12-31T23:55:00.000,105408,ถ.สุขุมวิท ช่วงซอยสุขุมวิท 62,105394,0.0,0.0,0.0,0,0,0,0,0,2020,flood
FL.PNK.02,105408,2020-01-01T00:00:00.000,2020-12-31T23:55:00.000,105408,ถ.วิสุทธิ์กษัตริย์  หน้าวัดอินทรวิหาร,105408,0.0,0.0,0.0,0,0,0,0,0,2020,flood
FL.PPS.01,105408,2020-01-01T00:00:00.000,2020-12-31T23:55:00.000,105408,ถ.หลานหลวง หน้าธนาคารกรุงไทย,105408,0.0,10.0,0.1883073391,149,0,0,8783,0,2020,flood
FL.PPS.02,105408,2020-01-01T00:00:00.000,2020-12-31T23:55:00.000,105408,ถ.หลวง ช่วงวัดเทพศิรินทราวาส,105408,0.0,20.2,0.0001916363,1,1,0,1,0,2020,flood
FL.PTW.01,105408,2020-01-01T00:00:00.000,2020-12-31T23:55:00.000,105408,ถ.พระรามที่ 1 ช่วงสนามกีฬาแห่งชาติ,105408,0.0,14.1,0.0012968655,10,0,0,23,0,2020,flood
FL.PTW.02,105408,2020-01-01T00:00:00.000,2020-12-31T23:55:00.000,105408,ถ.พญาไท ช่วงมาบุญครอง,105408,0.0,3.0,0.000124279,0,0,0,5,0,2020,flood
FL.PTW.03,105408,2020-01-01T00:00:00.000,2020-12-31T23:55:00.000,105408,ถ.พระรามที่ 1 ช่วงวัดปทุมวนาราม,105408,0.0,15.9,0.01408432,6,1,0,638,0,2020,flood
FL.PTW.04,105408,2020-01-01T00:00:00.000,2020-12-31T23:55:00.000,105408,ถ.พระรามที่ 4 หน้าวัน แบงค็อก,103025,0.0,8.7,0.0005629702,3,0,0,13,0,2020,flood
FL.PTW.05,105408,2020-01-01T00:00:00.000,2020-12-31T23:55:00.000,105408,ถ.ราชดำริ หน้าโรงพยาบาลตำรวจ,105164,0.0,16.7,0.0115524324,119,1,0,178,0,2020,flood
FL.PWT.01,105408,2020-01-01T00:00:00.000,2020-12-31T23:55:00.000,105408,ถ.ศรีนครินทร์ ช่วงซีคอนสแควร์,104773,0.0,3.6,8.78089e-05,0,0,0,32,0,2020,flood
FL.PWT.02,105408,2020-01-01T00:00:00.000,2020-12-31T23:55:00.000,105408,ถ.เฉลิมพระเกียรติ ร.9 ช่วงแยกศรีอุดม,105408,0.0,32.2,0.0849935489,345,159,16,10075,0,2020,flood
FL.PYT.01,105408,2020-01-01T00:00:00.000,2020-12-31T23:55:00.000,105408,ถ.พหลโยธิน ช่วงหน้าสนามเป้า,105408,0.0,9.3,0.010698429,36,0,0,455,0,2020,flood
FL.PYT.02,105408,2020-01-01T00:00:00.000,2020-12-31T23:55:00.000,105408,ถ.พหลโยธิน ช่วงสะพานควาย,105408,0.0,46.6,0.2667416135,1540,488,59,4877,0,2020,flood
FL.PYT.03,105408,2020-01-01T00:00:00.000,2020-12-31T23:55:00.000,105408,ถ.พระราม6 ช่วงทางด่วน,105407,0.0,16.2,0.0035889457,31,3,0,44,0,2020,flood
FL.PYT.04,105408,2020-01-01T00:00:00.000,2020-12-31T23:55:00.000,105408,ถ.สุทธิสารวินิจฉัย ซอย 19,105408,0.0,14.3,0.0041533849,26,0,0,104,0,2020,flood
FL.PYT.05,105408,2020-01-01T00:00:00.000,2020-12-31T23:55:00.000,105408,ถ.พหลโยธิน ช่วงซอยสายลม,105408,0.0,0.0,0.0,0,0,0,0,0,2020,flood
FL.PYT.06,105408,2020-01-01T00:00:00.000,2020-12-31T23:55:00.000,105408,ถ.ประดิพัทธ์ ช่วงสะพานควาย,105408,0.0,28.8,0.0092374393,50,23,0,654,0,2020,flood
FL.PYT.07,105408,2020-01-01T00:00:00.000,2020-12-31T23:55:00.000,105408,ถ.พหลโยธิน  ช่วงห้างบิ๊กซีสะพานควาย,105408,0.0,0.0,0.0,0,0,0,0,0,2020,flood
FL.RTW.01,105408,2020-01-01T00:00:00.000,2020-12-31T23:55:00.000,105408,ถ.ศรีอยุธยา ช่วงถนนพญาไท,105379,0.0,10.5,0.0006766054,5,0,0,18,0,2020,flood
FL.RTW.02,105408,2020-01-01T00:00:00.000,2020-12-31T23:55:00.000,105408,ถ.เพชรบุรี ช่วงหน้าดอนบอสโก,105405,0.0,0.0,0.0,0,0,0,0,0,2020,flood
FL.RTW.03,105408,2020-01-01T00:00:00.000,2020-12-31T23:55:00.000,105408,ถ.เพชรบุรี ช่วงหน้าเมโทร,105405,0.0,2.6,0.0001356672,0,0,0,6,0,2020,flood
FL.RTW.04,105408,2020-01-01T00:00:00.000,2020-12-31T23:55:00.000,105408,ถ.พญาไท ช่วงกรมปศุสัตว์,105408,0.0,17.0,0.0535519126,23,1,0,2682,0,2020,flood
FL.RTW.05,105408,2020-01-01T00:00:00.000,2020-12-31T23:55:00.000,105408,ถ.พระรามที่ 6 ช่วงตลาดประแจจีน,105407,0.0,3.7,0.0001318698,0,0,0,4,0,2020,flood
FL.RTW.06,105408,2020-01-01T00:00:00.000,2020-12-31T23:55:00.000,105408,ถ.ราชวิถี ช่วงสวนสันติภาพ,105408,0.0,2.0,3.79478e-05,0,0,0,2,0,2020,flood
FL.RTW.07,105408,2020-01-01T00:00:00.000,2020-12-31T23:55:00.000,105408,ถ.ศรีอยุธยา ช่วงโรงเรียนสันติราษฏร์วิทยาลัย,105408,0.0,0.0,0.0,0,0,0,0,0,2020,flood
FL.RTW.08,105408,2020-01-01T00:00:00.000,2020-12-31T23:55:00.000,105408,ถ.นิคมมักกะสัน แยกราชปรารภ,105408,0.0,23.9,0.0031506148,19,15,0,20,0,2020,flood
FL.RTW.09,105408,2020-01-01T00:00:00.000,2020-12-31T23:55:00.000,105408,ถ.บรรทัดทอง ช่วงถนนเพชรบุรี,105408,0.0,0.0,0.0,0,0,0,0,0,2020,flood
FL.RTW.10,105408,2020-01-01T00:00:00.000,2020-12-31T23:55:00.000,105408,ถ.ศรีอยุธยา ช่วงโรงเรียนศรีอยุธยา,105408,0.0,25.1,0.0582707195,30,13,0,14027,0,2020,flood
FL.SLG.01,105408,2020-01-01T00:00:00.000,2020-12-31T23:55:00.000,105408,ถ.พัฒนาการ แยกศรีนครินทร์,105408,0.0,0.0,0.0,0,0,0,0,0,2020,flood
FL.SLG.02,105408,2020-01-01T00:00:00.000,2020-12-31T23:55:00.000,105408,ถ.รามคำแหง ซอย 3,105407,0.0,16.5,0.0378447352,84,4,0,1932,0,2020,flood
FL.SLG.03,105408,2020-01-01T00:00:00.000,2020-12-31T23:55:00.000,105408,"""ถ.พัฒนาการ ช่วงธนาคารกรุงไทย """,105408,0.0,30.5,0.0537672662,221,113,2,11377,0,2020,flood
FL.SMI.01,105408,2020-01-01T00:00:00.000,2020-12-31T23:55:00.000,105408,ถ.พหลโยธิน ช่วงซอยพหลโยธิน 60/1,105408,0.0,46.1,0.0232344794,85,75,35,117,0,2020,flood
FL.SPW.01,105408,2020-01-01T00:00:00.000,2020-12-31T23:55:00.000,105408,ถ.เจริญกรุง แยกแปลงนาม,105408,0.0,0.0,0.0,0,0,0,0,0,2020,flood
FL.SPW.02,105408,2020-01-01T00:00:00.000,2020-12-31T23:55:00.000,105408,ถ.เยาวราช ช่วงแยกราชวงศ์,105408,0.0,17.2,0.0443533698,507,2,0,889,0,2020,flood
FL.STN.01,105408,2020-01-01T00:00:00.000,2020-12-31T23:55:00.000,105408,ถ.จันทน์ ซอย 28/2,105407,0.0,23.9,0.0052358951,51,5,0,59,0,2020,flood
FL.STN.02,105408,2020-01-01T00:00:00.000,2020-12-31T23:55:00.000,105408,ถ.เซนต์หลุยส์ 3,105408,0.0,38.2,0.0312556922,140,115,34,198,0,2020,flood
FL.STN.03,105408,2020-01-01T00:00:00.000,2020-12-31T23:55:00.000,105408,ถ.สาธุประดิษฐ์ ซอย 2,105408,0.0,36.8,0.0732752732,167,121,26,35451,0,2020,flood
FL.STN.04,105408,2020-01-01T00:00:00.000,2020-12-31T23:55:00.000,105408,ถ.สวนพลู ช่วงตลาดสวนพลู,105408,0.0,0.0,0.0,0,0,0,0,0,2020,flood
FL.WTL.01,105408,2020-01-01T00:00:00.000,2020-12-31T23:55:00.000,105408,ถ.ลาดพร้าว ช่วงตัดถนนประดิษฐ์มนูธรรม,105386,0.0,0.0,0.0,0,0,0,0,0,2020,flood
FL.WTL.02,105408,2020-01-01T00:00:00.000,2020-12-31T23:55:00.000,105408,ถ.ลาดพร้าว ช่วงซอยลาดพร้าว 89,105406,0.0,0.0,0.0,0,0,0,0,0,2020,flood
FL.WTL.03,105408,2020-01-01T00:00:00.000,2020-12-31T23:55:00.000,105408,ซ.รามคำแหง 43/1,105408,0.0,4.7,0.0128918109,0,0,0,934,0,2020,flood
FL.WTL.04,105408,2020-01-01T00:00:00.000,2020-12-31T23:55:00.000,105408,ซ.รามคำแหง 65 (ซอยมหาดไทย),105408,0.0,10.7,0.0001015103,1,0,0,1,0,2020,flood
FL.WTN.01,105408,2020-01-01T00:00:00.000,2020-12-31T23:55:00.000,105408,ซ.สุขุมวิท 39 (ซอยพร้อมพงษ์),105408,0.0,14.4,0.0083769733,75,0,0,165,0,2020,flood
FL.WTN.02,105408,2020-01-01T00:00:00.000,2020-12-31T23:55:00.000,105408,ถ.อโศกมนตรี ช่วงแยกชิโนไทย,105408,0.0,0.0,0.0,0,0,0,0,0,2020,flood
FL.BBN.01,105120,2021-01-01T00:00:00.000,2021-12-31T23:55:00.000,105120,ถ.เอกชัย ช่วงห้างบิ๊กซีบางบอน,105120,0.0,22.5,0.0149210426,134,36,0,150,0,2021,flood
FL.BBN.02,105120,2021-01-01T00:00:00.000,2021-12-31T23:55:00.000,105120,ถ.เอกชัย ซอย 60,105120,0.0,24.2,0.0105669711,90,17,0,135,0,2021,flood
FL.BKA.01,105120,2021-01-01T00:00:00.000,2021-12-31T23:55:00.000,105120,ถ.พหลโยธิน ช่วงวงเวียนบางเขน,105120,0.0,4.2,0.0128624429,0,0,0,8303,0,2021,flood
FL.BKE.01,105120,2021-01-01T00:00:00.000,2021-12-31T23:55:00.000,105120,ถ.เพชรเกษม แยกวงแหวนกาญจนาภิเษก,105120,0.0,18.6,0.0089868721,85,14,0,93,0,2021,flood
FL.BKE.02,105120,2021-01-01T00:00:00.000,2021-12-31T23:55:00.000,105120,ถ.เพชรเกษม ช่วงซอยวัดม่วง,105120,0.0,11.5,0.0077130898,5,0,0,2857,0,2021,flood
FL.BKL.01,105120,2021-01-01T00:00:00.000,2021-12-31T23:55:00.000,105120,ถ.เจริญกรุง ช่วงวัดราชสิงขร,74068,0.0,16.0,0.002573311,16,1,0,32,0,2021,flood
FL.BKM.01,105120,2021-01-01T00:00:00.000,2021-12-31T23:55:00.000,105120,ถ.นวมินทร์ ช่วงซอย 46 (สันติอโศก),105120,0.0,37.9,0.0960397641,942,56,17,958,0,2021,flood
FL.BKM.02,105120,2021-01-01T00:00:00.000,2021-12-31T23:55:00.000,105120,ถ.นวมินทร์ ช่วงซอย 135,105120,0.0,26.9,0.0311643836,135,39,0,1078,0,2021,flood
FL.BKN.01,105120,2021-01-01T00:00:00.000,2021-12-31T23:55:00.000,105120,ถ.อิสรภาพ ช่วงตลาดพรานนก,105120,0.0,21.6,0.0077739726,63,22,0,70,0,2021,flood
FL.BKN.02,105120,2021-01-01T00:00:00.000,2021-12-31T23:55:00.000,105120,ถ.บรมราชชนนี ช่วงสายใต้,105120,0.0,10.5,0.0053120244,9,0,0,3417,0,2021,flood
FL.BKP.01,105120,2021-01-01T00:00:00.000,2021-12-31T23:55:00.000,105120,ถ.ลาดพร้าว แม็คโคร,105120,0.0,9.7,0.0133304795,2,0,0,9209,0,2021,flood
FL.BKP.02,105120,2021-01-01T00:00:00.000,2021-12-31T23:55:00.000,105120,ถ.ศรีนครินทร์ หน้าบริษัทกรีนสปอร์ต,105120,0.0,32.6,0.0459921994,409,96,3,457,0,2021,flood
FL.BKT.01,105120,2021-01-01T00:00:00.000,2021-12-31T23:55:00.000,105120,ถ.บางขุนเทียน ชายทะเล ช่วงถ.พระรามที่ 2,38422,0.0,10.0,0.0004528655,1,0,0,3,0,2021,flood
FL.BNA.01,105120,2021-01-01T00:00:00.000,2021-12-31T23:55:00.000,105120,ถ.สุขุมวิท ช่วงกรมอุตุนิยมวิทยา,105120,0.0,15.1,0.0019872527,22,2,0,22,0,2021,flood
FL.BNA.02,105120,2021-01-01T00:00:00.000,2021-12-31T23:55:00.000,105120,ถ.ศรีนครินทร์ ช่วงวัดศรีเอี่ยม,105120,0.0,19.1,0.0098734779,35,10,0,215,0,2021,flood
FL.BNA.03,105120,2021-01-01T00:00:00.000,2021-12-31T23:55:00.000,105120,ถ.สุขุมวิท ช่วงแยกบางนา,105120,0.0,47.1,0.0403253425,346,44,25,464,0,2021,flood
FL.BNA.04,105120,2021-01-01T00:00:00.000,2021-12-31T23:55:00.000,105120,ถ.สุขุมวิท ช่วงแบริ่ง,105120,0.0,20.4,0.0104613775,66,13,0,2013,0,2021,flood
FL.BRK.01,105120,2021-01-01T00:00:00.000,2021-12-31T23:55:00.000,105120,ถ.สุรวงศ์ ช่วงทางด่วน,105120,0.0,23.9,0.0037148021,24,14,0,29,0,2021,flood
FL.BRK.02,105120,2021-01-01T00:00:00.000,2021-12-31T23:55:00.000,105120,ถ.สีลม ช่วงถนนคอนแวนต์,105120,0.0,0.0,0.0,0,0,0,0,0,2021,flood
FL.BSU.01,105120,2021-01-01T00:00:00.000,2021-12-31T23:55:00.000,105120,ถ.ประชาราษฏร์ แยกเตาปูน,105120,0.0,11.6,0.0195405251,78,0,0,866,0,2021,flood
FL.CTC.01,105120,2021-01-01T00:00:00.000,2021-12-31T23:55:00.000,105120,ถ.รัชดาภิเษก ช่วงแยกลาดพร้าว (หน้าธนาคารกรุงเทพ),105120,0.0,31.0,0.0213679604,129,84,1,131,0,2021,flood
FL.CTC.02,105120,2021-01-01T00:00:00.000,2021-12-31T23:55:00.000,105120,ถ.กำแพงเพชร 3,105120,0.0,20.9,0.008526446,89,12,0,111,0,2021,flood
FL.CTC.03,105120,2021-01-01T00:00:00.000,2021-12-31T23:55:00.000,105120,ถ.พหลโยธิน ช่วงแยกเกษตร,105120,0.0,11.6,0.0118122146,8,0,0,4085,0,2021,flood
FL.CTC.04,105120,2021-01-01T00:00:00.000,2021-12-31T23:55:00.000,105120,ถ.เทศบาลสงเคราะห์ ช่วงตลาดประชานิเวศน์,105120,0.0,36.9,0.0179033486,90,60,15,91,0,2021,flood
FL.CTC.05,105120,2021-01-01T00:00:00.000,2021-12-31T23:55:00.000,105120,ถ.พหลโยธิน หน้ากรมการขนส่งทางบก,105120,0.0,9.4,0.008238204,31,0,0,535,0,2021,flood
FL.CTC.06,105120,2021-01-01T00:00:00.000,2021-12-31T23:55:00.000,105120,ถ.งามวงศ์วาน ช่วงแยกเกษตร,105120,0.0,7.3,0.0924343607,385,0,0,3173,0,2021,flood
FL.CTC.07,105120,2021-01-01T00:00:00.000,2021-12-31T23:55:00.000,105120,ซ.เสนานิคม,105115,0.0,44.5,0.0248908338,103,70,46,107,0,2021,flood
FL.DDG.01,105120,2021-01-01T00:00:00.000,2021-12-31T23:55:00.000,105120,ถ.รัชดาภิเษก ช่วงแยกเทียมร่วมมิตร,105120,0.0,28.9,0.0732800609,444,74,0,1668,0,2021,flood
FL.DDG.02,105120,2021-01-01T00:00:00.000,2021-12-31T23:55:00.000,105120,ถ.ประชาสงเคราะห์ ตลาดห้วยขวาง,105120,0.0,32.5,0.0412756849,236,143,9,379,0,2021,flood
FL.DDG.03,105120,2021-01-01T00:00:00.000,2021-12-31T23:55:00.000,105120,ถ.ดินแดง ซอยสุทธิพร 2,105120,0.0,9.3,0.0006906393,5,0,0,18,0,2021,flood
FL.DDG.04,105120,2021-01-01T00:00:00.000,2021-12-31T23:55:00.000,105120,ถ.รัชดาภิเษก ช่วงคลองบางซื่อ,105120,0.0,11.1,0.0026436454,5,0,0,68,0,2021,flood
FL.DDG.05,105120,2021-01-01T00:00:00.000,2021-12-31T23:55:00.000,105120,ถ.รัชดาภิเษก สถานฑูตจีน,105120,0.0,16.1,0.0094511035,36,3,0,4385,0,2021,flood
FL.DDG.06,105120,2021-01-01T00:00:00.000,2021-12-31T23:55:00.000,105120,ถ.ประชาสุข ซ.อินทามระ 53,105120,0.0,47.6,0.0518483638,232,153,74,543,0,2021,flood
FL.DDG.07,105120,2021-01-01T00:00:00.000,2021-12-31T23:55:00.000,105120,ถ.วิภาวดี(ขาออก) ช่วงกรมทหารราบที่ 1,105120,0.0,43.5,0.0515848554,75,49,21,9404,0,2021,flood
FL.DDG.08,105120,2021-01-01T00:00:00.000,2021-12-31T23:55:00.000,105120,ถ.ดินแดง ช่วงโรงเรียนพิบูลประชาสรรค์,105120,0.0,15.5,0.0756716134,18,2,0,13195,0,2021,flood
FL.DST.01,105120,2021-01-01T00:00:00.000,2021-12-31T23:55:00.000,105120,ถ.พิษณุโลก ช่วงบ้านพิษณุโลก,105120,0.0,0.0,0.0,0,0,0,0,0,2021,flood
FL.DST.02,105120,2021-01-01T00:00:00.000,2021-12-31T23:55:00.000,105120,ถ.สามเสน ช่วงแยกเกียกกาย,105120,0.0,13.9,0.0013898402,13,0,0,13,0,2021,flood
FL.DST.03,105120,2021-01-01T00:00:00.000,2021-12-31T23:55:00.000,105120,ถ.ศรีอยุธยา ลานพระราชวังดุสิต,105120,0.0,4.0,0.0007648402,0,0,0,78,0,2021,flood
FL.DST.04,105120,2021-01-01T00:00:00.000,2021-12-31T23:55:00.000,105120,ถ.ราชสีมา แยกอู่ทองนอก,105120,0.0,4.1,7.32496e-05,0,0,0,2,0,2021,flood
FL.DST.05,105120,2021-01-01T00:00:00.000,2021-12-31T23:55:00.000,105120,ถ.นครไชยศรี (กรมสรรพสามิต),105120,0.0,14.6,0.0006887367,2,0,0,31,0,2021,flood
FL.DST.06,105120,2021-01-01T00:00:00.000,2021-12-31T23:55:00.000,105120,ถ.ราชวิถี เชิงสะพานกรุงธนบุรี,105120,0.0,20.4,0.03793379,52,19,0,1463,0,2021,flood
FL.DST.07,105120,2021-01-01T00:00:00.000,2021-12-31T23:55:00.000,105120,ถ.นครไชยศรี ช่วงตลาดศรีย่าน,105120,0.0,18.9,0.0036215753,27,9,0,255,0,2021,flood
FL.DST.08,41184,2021-08-11T00:00:00.000,2021-12-31T23:55:00.000,41184,ถ.ราชวิถี หน้ามหาวิทยาลัยสวนดุสิต,16556,0.0,0.0,0.0,0,0,0,0,0,2021,flood
FL.HKG.01,105120,2021-01-01T00:00:00.000,2021-12-31T23:55:00.000,105120,ถ.เพชรบุรีตัดใหม่ ช่วงสิงห์คอมเพล็กซ์,105120,0.0,19.6,0.0089278919,81,12,0,115,0,2021,flood
FL.JTG.01,105120,2021-01-01T00:00:00.000,2021-12-31T23:55:00.000,105120,ถ.จอมทอง ช่วงแยกจอมทอง,105120,0.0,18.6,0.0050589802,50,7,0,65,0,2021,flood
FL.KSN.01,105120,2021-01-01T00:00:00.000,2021-12-31T23:55:00.000,105120,ถ.ลาดหญ้า วงเวียนใหญ่,105120,0.0,9.6,0.0007886225,11,0,0,13,0,2021,flood
FL.KTY.01,105120,2021-01-01T00:00:00.000,2021-12-31T23:55:00.000,105120,ถ.พระรามที่ 3 ช่วงตลาดฮ่องกง-ปีนัง,105120,0.0,16.1,0.0019644216,17,2,0,36,0,2021,flood
FL.KTY.02,105120,2021-01-01T00:00:00.000,2021-12-31T23:55:00.000,105120,ซ.สุขุมวิท 22 (ด้านถนนพระรามที่ 4),105120,0.0,18.0,0.0037604642,41,1,0,62,0,2021,flood
FL.KTY.03,105120,2021-01-01T00:00:00.000,2021-12-31T23:55:00.000,105120,ถ.พระราม 3 ช่วงทางรถไฟ,105120,0.0,101.3,0.0034503425,31,1,1,38,0,2021,flood
FL.KTY.04,105120,2021-01-01T00:00:00.000,2021-12-31T23:55:00.000,105120,ถ.พระราม 4 ช่วงกล้วยน้ำไท,105120,0.0,17.8,0.0120557458,64,2,0,3330,0,2021,flood
FL.KTY.05,105120,2021-01-01T00:00:00.000,2021-12-31T23:55:00.000,105120,ถ.สุนทรโกษา แยก ณ ระนอง,105120,0.0,139.4,0.0078928843,73,1,1,90,0,2021,flood
FL.LSI.01,105120,2021-01-01T00:00:00.000,2021-12-31T23:55:00.000,105120,ซ.แจ้งวัฒนะ 14,40780,0.0,0.0,0.0,0,0,0,0,0,2021,flood
FL.LSI.02,105120,2021-01-01T00:00:00.000,2021-12-31T23:55:00.000,105120,ถ.งามวงศ์วาน แยกพงษ์เพชร,105120,0.0,21.5,0.0458066971,169,15,0,1498,0,2021,flood
FL.LSI.03,105120,2021-01-01T00:00:00.000,2021-12-31T23:55:00.000,105120,ถ.แจ้งวัฒนะ หน้าศาลปกครองกลาง,105120,0.0,33.2,0.0592598935,84,28,2,21754,0,2021,flood
FL.LSI.04,105120,2021-01-01T00:00:00.000,2021-12-31T23:55:00.000,105120,ถ.แจ้งวัฒนะขาเข้า (โลตัส),105120,0.0,23.0,0.0236320396,83,14,0,6276,0,2021,flood
FL.LSI.05,105120,2021-01-01T00:00:00.000,2021-12-31T23:55:00.000,105120,ถ.แจ้งวัฒนะขาออก (มทบ. 11),105120,0.0,15.5,0.041755137,68,2,0,1081,0,2021,flood
FL.LSI.06,105120,2021-01-01T00:00:00.000,2021-12-31T23:55:00.000,105120,ถ.งามวงศ์วาน ซอยชินเขต,105120,0.0,12.7,0.0038984018,40,0,0,56,0,2021,flood
FL.MBR.01,40320,2021-08-14T00:00:00.000,2021-12-31T23:55:00.000,40320,ถ.สุวินทวงศ์ ช่วงแยกไปรษณีย์มีนบุรี,26916,0.0,13.2,0.0012148908,3,0,0,3,0,2021,flood
FL.PKN.01,105120,2021-01-01T00:00:00.000,2021-12-31T23:55:00.000,105120,ถ.สุขุมวิท ช่วงซอยสุขุมวิท 62,105120,0.0,14.3,0.000136035,1,0,0,1,0,2021,flood
FL.PNK.02,105120,2021-01-01T00:00:00.000,2021-12-31T23:55:00.000,105120,ถ.วิสุทธิ์กษัตริย์  หน้าวัดอินทรวิหาร,105120,0.0,0.0,0.0,0,0,0,0,0,2021,flood
FL.PPS.01,105120,2021-01-01T00:00:00.000,2021-12-31T23:55:00.000,105120,ถ.หลานหลวง หน้าธนาคารกรุงไทย,105120,0.0,15.6,0.0305755327,35,2,0,1492,0,2021,flood
FL.PPS.02,105120,2021-01-01T00:00:00.000,2021-12-31T23:55:00.000,105120,ถ.หลวง ช่วงวัดเทพศิรินทราวาส,105120,0.0,4.9,0.0001769406,0,0,0,4,0,2021,flood
FL.PTW.01,105120,2021-01-01T00:00:00.000,2021-12-31T23:55:00.000,105120,ถ.พระรามที่ 1 ช่วงสนามกีฬาแห่งชาติ,105120,0.0,21.9,0.0043455099,34,10,0,43,0,2021,flood
FL.PTW.02,105120,2021-01-01T00:00:00.000,2021-12-31T23:55:00.000,105120,ถ.พญาไท ช่วงมาบุญครอง,105120,0.0,11.4,0.0019358828,21,0,0,24,0,2021,flood
FL.PTW.03,105120,2021-01-01T00:00:00.000,2021-12-31T23:55:00.000,105120,ถ.พระรามที่ 1 ช่วงวัดปทุมวนาราม,105120,0.0,0.0,0.0,0,0,0,0,0,2021,flood
FL.PTW.04,105120,2021-01-01T00:00:00.000,2021-12-31T23:55:00.000,105120,ถ.พระรามที่ 4 หน้าวัน แบงค็อก,105120,0.0,11.2,0.0041657154,49,0,0,58,0,2021,flood
FL.PTW.05,105120,2021-01-01T00:00:00.000,2021-12-31T23:55:00.000,105120,ถ.ราชดำริ หน้าโรงพยาบาลตำรวจ,105120,0.0,8.0,7.61035e-05,1,0,0,1,0,2021,flood
FL.PWT.01,105120,2021-01-01T00:00:00.000,2021-12-31T23:55:00.000,105120,ถ.ศรีนครินทร์ ช่วงซีคอนสแควร์,105120,0.0,12.6,0.000233067,2,0,0,2,0,2021,flood
FL.PWT.02,105120,2021-01-01T00:00:00.000,2021-12-31T23:55:00.000,105120,ถ.เฉลิมพระเกียรติ ร.9 ช่วงแยกศรีอุดม,105120,0.0,26.6,0.0746071157,489,198,0,5338,0,2021,flood
FL.PYT.01,105120,2021-01-01T00:00:00.000,2021-12-31T23:55:00.000,105120,ถ.พหลโยธิน ช่วงหน้าสนามเป้า,105120,0.0,17.0,0.0036653349,34,3,0,47,0,2021,flood
FL.PYT.02,105120,2021-01-01T00:00:00.000,2021-12-31T23:55:00.000,105120,ถ.พหลโยธิน ช่วงสะพานควาย,105120,0.0,24.1,0.0032486682,28,9,0,30,0,2021,flood
FL.PYT.03,105120,2021-01-01T00:00:00.000,2021-12-31T23:55:00.000,105120,ถ.พระราม6 ช่วงทางด่วน,105120,0.0,11.6,0.0016019787,20,0,0,20,0,2021,flood
FL.PYT.04,105120,2021-01-01T00:00:00.000,2021-12-31T23:55:00.000,105120,ถ.สุทธิสารวินิจฉัย ซอย 19,105120,0.0,17.1,0.0039726027,35,5,0,41,0,2021,flood
FL.PYT.05,105120,2021-01-01T00:00:00.000,2021-12-31T23:55:00.000,105120,ถ.พหลโยธิน ช่วงซอยสายลม,105120,0.0,23.3,0.023549277,52,25,0,7047,0,2021,flood
FL.PYT.06,105120,2021-01-01T00:00:00.000,2021-12-31T23:55:00.000,105120,ถ.ประดิพัทธ์ ช่วงสะพานควาย,105120,0.0,21.1,0.0060901826,41,18,0,291,0,2021,flood
FL.PYT.07,105120,2021-01-01T00:00:00.000,2021-12-31T23:55:00.000,105120,ถ.พหลโยธิน  ช่วงห้างบิ๊กซีสะพานควาย,105120,0.0,7.3,0.002163242,13,0,0,57,0,2021,flood
FL.RTW.01,105120,2021-01-01T00:00:00.000,2021-12-31T23:55:00.000,105120,ถ.ศรีอยุธยา ช่วงถนนพญาไท,105120,0.0,29.0,0.0115353881,87,31,0,110,0,2021,flood
FL.RTW.02,105120,2021-01-01T00:00:00.000,2021-12-31T23:55:00.000,105120,ถ.เพชรบุรี ช่วงหน้าดอนบอสโก,105120,0.0,12.4,0.001386035,17,0,0,20,0,2021,flood
FL.RTW.03,105120,2021-01-01T00:00:00.000,2021-12-31T23:55:00.000,105120,ถ.เพชรบุรี ช่วงหน้าเมโทร,105120,0.0,0.0,0.0,0,0,0,0,0,2021,flood
FL.RTW.04,105120,2021-01-01T00:00:00.000,2021-12-31T23:55:00.000,105120,ถ.พญาไท ช่วงกรมปศุสัตว์,105120,0.0,9.8,0.0027777778,31,0,0,56,0,2021,flood
FL.RTW.05,105120,2021-01-01T00:00:00.000,2021-12-31T23:55:00.000,105120,ถ.พระรามที่ 6 ช่วงตลาดประแจจีน,105120,0.0,18.1,0.0045157915,39,10,0,52,0,2021,flood
FL.RTW.06,105120,2021-01-01T00:00:00.000,2021-12-31T23:55:00.000,105120,ถ.ราชวิถี ช่วงสวนสันติภาพ,105120,0.0,8.9,0.0018188737,2,0,0,91,0,2021,flood
FL.RTW.07,105120,2021-01-01T00:00:00.000,2021-12-31T23:55:00.000,105120,ถ.ศรีอยุธยา ช่วงโรงเรียนสันติราษฏร์วิทยาลัย,105120,0.0,2.1,1.99772e-05,0,0,0,1,0,2021,flood
FL.RTW.08,105120,2021-01-01T00:00:00.000,2021-12-31T23:55:00.000,105120,ถ.นิคมมักกะสัน แยกราชปรารภ,105120,0.0,12.1,0.0013118341,17,0,0,19,0,2021,flood
FL.RTW.09,105120,2021-01-01T00:00:00.000,2021-12-31T23:55:00.000,105120,ถ.บรรทัดทอง ช่วงถนนเพชรบุรี,105120,0.0,20.8,0.0070700152,73,7,0,77,0,2021,flood
FL.RTW.10,105120,2021-01-01T00:00:00.000,2021-12-31T23:55:00.000,105120,ถ.ศรีอยุธยา ช่วงโรงเรียนศรีอยุธยา,105120,0.0,26.5,0.0214849696,43,24,0,3072,0,2021,flood
FL.SLG.01,105120,2021-01-01T00:00:00.000,2021-12-31T23:55:00.000,105120,ถ.พัฒนาการ แยกศรีนครินทร์,105120,0.0,13.5,0.003254376,37,0,0,43,0,2021,flood
FL.SLG.02,105120,2021-01-01T00:00:00.000,2021-12-31T23:55:00.000,105120,ถ.รามคำแหง ซอย 3,105120,0.0,18.7,0.0364259893,45,15,0,2143,0,2021,flood
FL.SLG.03,105120,2021-01-01T00:00:00.000,2021-12-31T23:55:00.000,105120,"""ถ.พัฒนาการ ช่วงธนาคารกรุงไทย """,105120,0.0,30.7,0.0682990868,138,70,3,17165,0,2021,flood
FL.SMI.01,105120,2021-01-01T00:00:00.000,2021-12-31T23:55:00.000,105120,ถ.พหลโยธิน ช่วงซอยพหลโยธิน 60/1,105120,0.0,34.7,0.0158609209,92,46,11,101,0,2021,flood
FL.SPW.01,105120,2021-01-01T00:00:00.000,2021-12-31T23:55:00.000,105120,ถ.เจริญกรุง แยกแปลงนาม,105120,0.0,16.8,0.0022155632,22,1,0,27,0,2021,flood
FL.SPW.02,105120,2021-01-01T00:00:00.000,2021-12-31T23:55:00.000,105120,ถ.เยาวราช ช่วงแยกราชวงศ์,105120,0.0,12.1,0.0210074201,267,0,0,554,0,2021,flood
FL.STN.01,105120,2021-01-01T00:00:00.000,2021-12-31T23:55:00.000,105120,ถ.จันทน์ ซอย 28/2,105120,0.0,45.4,0.0186558219,83,50,33,88,0,2021,flood
FL.STN.02,105120,2021-01-01T00:00:00.000,2021-12-31T23:55:00.000,105120,ถ.เซนต์หลุยส์ 3,105120,0.0,44.9,0.0435721081,134,102,55,1166,0,2021,flood
FL.STN.03,105120,2021-01-01T00:00:00.000,2021-12-31T23:55:00.000,105120,ถ.สาธุประดิษฐ์ ซอย 2,105120,0.0,44.2,0.029614726,107,75,27,7128,0,2021,flood
FL.STN.04,105120,2021-01-01T00:00:00.000,2021-12-31T23:55:00.000,105120,ถ.สวนพลู ช่วงตลาดสวนพลู,105120,0.0,30.0,0.0153015601,104,49,1,112,0,2021,flood
FL.WTL.01,105120,2021-01-01T00:00:00.000,2021-12-31T23:55:00.000,105120,ถ.ลาดพร้าว ช่วงตัดถนนประดิษฐ์มนูธรรม,105120,0.0,9.6,0.0022650304,32,0,0,35,0,2021,flood
FL.WTL.02,105120,2021-01-01T00:00:00.000,2021-12-31T23:55:00.000,105120,ถ.ลาดพร้าว ช่วงซอยลาดพร้าว 89,105120,0.0,16.5,0.011972032,139,7,0,162,0,2021,flood
FL.WTL.03,105120,2021-01-01T00:00:00.000,2021-12-31T23:55:00.000,105120,ซ.รามคำแหง 43/1,105120,0.0,13.3,0.0030165525,46,0,0,47,0,2021,flood
FL.WTL.04,105120,2021-01-01T00:00:00.000,2021-12-31T23:55:00.000,105120,ซ.รามคำแหง 65 (ซอยมหาดไทย),105120,0.0,0.0,0.0,0,0,0,0,0,2021,flood
FL.WTN.01,105120,2021-01-01T00:00:00.000,2021-12-31T23:55:00.000,105120,ซ.สุขุมวิท 39 (ซอยพร้อมพงษ์),105120,0.0,15.1,0.0077083333,87,1,0,111,0,2021,flood
FL.WTN.02,105120,2021-01-01T00:00:00.000,2021-12-31T23:55:00.000,105120,ถ.อโศกมนตรี ช่วงแยกชิโนไทย,105120,0.0,21.0,0.002179414,18,5,0,22,0,2021,flood
FL.BBN.01,105120,2022-01-01T00:00:00.000,2022-12-31T23:55:00.000,105120,ถ.เอกชัย ช่วงห้างบิ๊กซีบางบอน,105120,0.0,21.3,0.0149543379,129,33,0,142,0,2022,flood
FL.BBN.02,105120,2022-01-01T00:00:00.000,2022-12-31T23:55:00.000,105120,ถ.เอกชัย ซอย 60,105120,0.0,19.3,0.0108732877,92,18,0,126,0,2022,flood
FL.BKA.01,105120,2022-01-01T00:00:00.000,2022-12-31T23:55:00.000,105120,ถ.พหลโยธิน ช่วงวงเวียนบางเขน,105120,0.0,10.4,0.0114545282,105,0,0,200,0,2022,flood
FL.BKE.01,105120,2022-01-01T00:00:00.000,2022-12-31T23:55:00.000,105120,ถ.เพชรเกษม แยกวงแหวนกาญจนาภิเษก,105120,0.0,19.6,0.0104433029,91,21,0,92,0,2022,flood
FL.BKE.02,105120,2022-01-01T00:00:00.000,2022-12-31T23:55:00.000,105120,ถ.เพชรเกษม ช่วงซอยวัดม่วง,105120,0.0,11.2,0.0066143455,61,0,0,92,0,2022,flood
FL.BKL.01,105120,2022-01-01T00:00:00.000,2022-12-31T23:55:00.000,105120,ถ.เจริญกรุง ช่วงวัดราชสิงขร,0,,,,0,0,0,0,0,2022,flood
FL.BKM.01,105120,2022-01-01T00:00:00.000,2022-12-31T23:55:00.000,105120,ถ.นวมินทร์ ช่วงซอย 46 (สันติอโศก),105120,0.0,32.3,0.0699581431,477,225,8,491,0,2022,flood
FL.BKM.02,105120,2022-01-01T00:00:00.000,2022-12-31T23:55:00.000,105120,ถ.นวมินทร์ ช่วงซอย 135,105120,0.0,24.8,0.0411862633,161,28,0,1126,0,2022,flood
FL.BKN.01,105120,2022-01-01T00:00:00.000,2022-12-31T23:55:00.000,105120,ถ.อิสรภาพ ช่วงตลาดพรานนก,105120,0.0,21.5,0.0335207382,269,78,0,421,0,2022,flood
FL.BKN.02,105120,2022-01-01T00:00:00.000,2022-12-31T23:55:00.000,105120,ถ.บรมราชชนนี ช่วงสายใต้,105120,0.0,15.3,0.013966895,165,1,0,266,0,2022,flood
FL.BKP.01,105120,2022-01-01T00:00:00.000,2022-12-31T23:55:00.000,105120,ถ.ลาดพร้าว แม็คโคร,105120,0.0,6.9,0.0009950533,12,0,0,20,0,2022,flood
FL.BKP.02,105120,2022-01-01T00:00:00.000,2022-12-31T23:55:00.000,105120,ถ.ศรีนครินทร์ หน้าบริษัทกรีนสปอร์ต,105120,0.0,32.7,0.0241695205,104,32,7,443,0,2022,flood
FL.BKT.01,105120,2022-01-01T00:00:00.000,2022-12-31T23:55:00.000,105120,ถ.บางขุนเทียน ชายทะเล ช่วงถ.พระรามที่ 2,105104,0.0,4.4,0.0005784747,0,0,0,24,0,2022,flood
FL.BNA.01,105120,2022-01-01T00:00:00.000,2022-12-31T23:55:00.000,105120,ถ.สุขุมวิท ช่วงกรมอุตุนิยมวิทยา,105120,0.0,10.5,0.0007096651,10,0,0,11,0,2022,flood
FL.BNA.02,105120,2022-01-01T00:00:00.000,2022-12-31T23:55:00.000,105120,ถ.ศรีนครินทร์ ช่วงวัดศรีเอี่ยม,105120,0.0,25.1,0.0611881659,404,243,0,414,0,2022,flood
FL.BNA.03,105120,2022-01-01T00:00:00.000,2022-12-31T23:55:00.000,105120,ถ.สุขุมวิท ช่วงแยกบางนา,105120,0.0,50.9,0.0581278539,259,164,82,402,0,2022,flood
FL.BNA.04,105120,2022-01-01T00:00:00.000,2022-12-31T23:55:00.000,105120,ถ.สุขุมวิท ช่วงแบริ่ง,105120,0.0,21.2,0.0286253805,201,46,0,419,0,2022,flood
FL.BRK.01,105120,2022-01-01T00:00:00.000,2022-12-31T23:55:00.000,105120,ถ.สุรวงศ์ ช่วงทางด่วน,105120,0.0,26.9,0.0109389269,84,26,0,100,0,2022,flood
FL.BRK.02,105120,2022-01-01T00:00:00.000,2022-12-31T23:55:00.000,105120,ถ.สีลม ช่วงถนนคอนแวนต์,105120,0.0,40.7,0.020585997,236,15,3,279,0,2022,flood
FL.BSU.01,105120,2022-01-01T00:00:00.000,2022-12-31T23:55:00.000,105120,ถ.ประชาราษฏร์ แยกเตาปูน,105120,0.0,15.7,0.016016933,224,2,0,247,0,2022,flood
FL.CTC.01,105120,2022-01-01T00:00:00.000,2022-12-31T23:55:00.000,105120,ถ.รัชดาภิเษก ช่วงแยกลาดพร้าว (หน้าธนาคารกรุงเทพ),105120,0.0,38.4,0.0414868721,194,141,45,200,0,2022,flood
FL.CTC.02,105120,2022-01-01T00:00:00.000,2022-12-31T23:55:00.000,105120,ถ.กำแพงเพชร 3,105120,0.0,11.5,0.0103729072,142,0,0,154,0,2022,flood
FL.CTC.03,105120,2022-01-01T00:00:00.000,2022-12-31T23:55:00.000,105120,ถ.พหลโยธิน ช่วงแยกเกษตร,105120,0.0,46.5,0.017749239,97,61,6,109,0,2022,flood
FL.CTC.04,105120,2022-01-01T00:00:00.000,2022-12-31T23:55:00.000,105120,ถ.เทศบาลสงเคราะห์ ช่วงตลาดประชานิเวศน์,105120,0.0,31.1,0.0201636225,137,68,3,145,0,2022,flood
FL.CTC.05,105120,2022-01-01T00:00:00.000,2022-12-31T23:55:00.000,105120,ถ.พหลโยธิน หน้ากรมการขนส่งทางบก,105120,0.0,9.2,0.0003320015,4,0,0,5,0,2022,flood
FL.CTC.06,105120,2022-01-01T00:00:00.000,2022-12-31T23:55:00.000,105120,ถ.งามวงศ์วาน ช่วงแยกเกษตร,105120,0.0,6.8,0.1143816591,241,0,0,3166,0,2022,flood
FL.CTC.07,105120,2022-01-01T00:00:00.000,2022-12-31T23:55:00.000,105120,ซ.เสนานิคม,105120,0.0,51.4,0.0404737443,179,131,63,180,0,2022,flood
FL.DDG.01,105120,2022-01-01T00:00:00.000,2022-12-31T23:55:00.000,105120,ถ.รัชดาภิเษก ช่วงแยกเทียมร่วมมิตร,105120,0.0,28.4,0.0481601979,277,92,0,666,0,2022,flood
FL.DDG.02,105120,2022-01-01T00:00:00.000,2022-12-31T23:55:00.000,105120,ถ.ประชาสงเคราะห์ ตลาดห้วยขวาง,105120,0.0,30.8,0.0357163242,294,81,1,372,0,2022,flood
FL.DDG.03,105120,2022-01-01T00:00:00.000,2022-12-31T23:55:00.000,105120,ถ.ดินแดง ซอยสุทธิพร 2,105120,0.0,18.2,0.0082049087,45,12,0,142,0,2022,flood
FL.DDG.04,105120,2022-01-01T00:00:00.000,2022-12-31T23:55:00.000,105120,ถ.รัชดาภิเษก ช่วงคลองบางซื่อ,105120,0.0,9.5,0.014766933,31,0,0,374,0,2022,flood
FL.DDG.05,105120,2022-01-01T00:00:00.000,2022-12-31T23:55:00.000,105120,ถ.รัชดาภิเษก สถานฑูตจีน,105120,0.0,25.4,0.0268046043,175,72,0,266,0,2022,flood
FL.DDG.06,105120,2022-01-01T00:00:00.000,2022-12-31T23:55:00.000,105120,ถ.ประชาสุข ซ.อินทามระ 53,105120,0.0,45.6,0.068429414,421,163,71,537,0,2022,flood
FL.DDG.07,105120,2022-01-01T00:00:00.000,2022-12-31T23:55:00.000,105120,ถ.วิภาวดี(ขาออก) ช่วงกรมทหารราบที่ 1,105120,0.0,46.1,0.0426426941,223,123,50,262,0,2022,flood
FL.DDG.08,105120,2022-01-01T00:00:00.000,2022-12-31T23:55:00.000,105120,ถ.ดินแดง ช่วงโรงเรียนพิบูลประชาสรรค์,105120,0.0,29.4,0.0284560502,73,28,0,608,0,2022,flood
FL.DST.01,105120,2022-01-01T00:00:00.000,2022-12-31T23:55:00.000,105120,ถ.พิษณุโลก ช่วงบ้านพิษณุโลก,105120,0.0,0.0,0.0,0,0,0,0,0,2022,flood
FL.DST.02,105120,2022-01-01T00:00:00.000,2022-12-31T23:55:00.000,105120,ถ.สามเสน ช่วงแยกเกียกกาย,74790,0.0,28.6,0.0083981816,31,23,0,31,0,2022,flood
FL.DST.03,105120,2022-01-01T00:00:00.000,2022-12-31T23:55:00.000,105120,ถ.ศรีอยุธยา ลานพระราชวังดุสิต,105120,0.0,5.2,0.000304414,1,0,0,12,0,2022,flood
FL.DST.04,105120,2022-01-01T00:00:00.000,2022-12-31T23:55:00.000,105120,ถ.ราชสีมา แยกอู่ทองนอก,105120,0.0,5.2,0.0008266743,1,0,0,23,0,2022,flood
FL.DST.05,105120,2022-01-01T00:00:00.000,2022-12-31T23:55:00.000,105120,ถ.นครไชยศรี (กรมสรรพสามิต),105120,0.0,0.0,0.0,0,0,0,0,0,2022,flood
FL.DST.06,105120,2022-01-01T00:00:00.000,2022-12-31T23:55:00.000,105120,ถ.ราชวิถี เชิงสะพานกรุงธนบุรี,105120,0.0,24.4,0.0089887747,62,31,0,69,0,2022,flood
FL.DST.07,105120,2022-01-01T00:00:00.000,2022-12-31T23:55:00.000,105120,ถ.นครไชยศรี ช่วงตลาดศรีย่าน,105120,0.0,11.1,0.005696347,16,0,0,143,0,2022,flood
FL.DST.08,105120,2022-01-01T00:00:00.000,2022-12-31T23:55:00.000,105120,ถ.ราชวิถี หน้ามหาวิทยาลัยสวนดุสิต,100034,0.0,19.0,0.0032658896,28,4,0,38,0,2022,flood
FL.HKG.01,105120,2022-01-01T00:00:00.000,2022-12-31T23:55:00.000,105120,ถ.เพชรบุรีตัดใหม่ ช่วงสิงห์คอมเพล็กซ์,105120,0.0,36.0,0.0576931126,412,158,26,427,0,2022,flood
FL.JTG.01,105120,2022-01-01T00:00:00.000,2022-12-31T23:55:00.000,105120,ถ.จอมทอง ช่วงแยกจอมทอง,105120,0.0,18.4,0.004880137,59,1,0,64,0,2022,flood
FL.KSN.01,105120,2022-01-01T00:00:00.000,2022-12-31T23:55:00.000,105120,ถ.ลาดหญ้า วงเวียนใหญ่,105120,0.0,8.2,0.000537481,8,0,0,9,0,2022,flood
FL.KTY.01,105120,2022-01-01T00:00:00.000,2022-12-31T23:55:00.000,105120,ถ.พระรามที่ 3 ช่วงตลาดฮ่องกง-ปีนัง,105120,0.0,21.5,0.0091933029,74,17,0,118,0,2022,flood
FL.KTY.02,105120,2022-01-01T00:00:00.000,2022-12-31T23:55:00.000,105120,ซ.สุขุมวิท 22 (ด้านถนนพระรามที่ 4),105120,0.0,22.3,0.0239060122,229,22,0,277,0,2022,flood
FL.KTY.03,105120,2022-01-01T00:00:00.000,2022-12-31T23:55:00.000,105120,ถ.พระราม 3 ช่วงทางรถไฟ,105120,0.0,19.8,0.008011796,71,9,0,90,0,2022,flood
FL.KTY.04,105120,2022-01-01T00:00:00.000,2022-12-31T23:55:00.000,105120,ถ.พระราม 4 ช่วงกล้วยน้ำไท,105120,0.0,26.6,0.0602987062,478,153,0,487,0,2022,flood
FL.KTY.05,105120,2022-01-01T00:00:00.000,2022-12-31T23:55:00.000,105120,ถ.สุนทรโกษา แยก ณ ระนอง,105120,0.0,19.8,0.0187100457,175,29,0,195,0,2022,flood
FL.LSI.01,105120,2022-01-01T00:00:00.000,2022-12-31T23:55:00.000,105120,ซ.แจ้งวัฒนะ 14,0,,,,0,0,0,0,0,2022,flood
FL.LSI.02,105120,2022-01-01T00:00:00.000,2022-12-31T23:55:00.000,105120,ถ.งามวงศ์วาน แยกพงษ์เพชร,105120,0.0,16.1,0.0088936454,95,3,0,131,0,2022,flood
FL.LSI.03,105120,2022-01-01T00:00:00.000,2022-12-31T23:55:00.000,105120,ถ.แจ้งวัฒนะ หน้าศาลปกครองกลาง,85773,0.0,28.1,0.0935177737,424,245,0,1172,0,2022,flood
FL.LSI.04,105120,2022-01-01T00:00:00.000,2022-12-31T23:55:00.000,105120,ถ.แจ้งวัฒนะขาเข้า (โลตัส),105120,0.0,36.1,0.0651274734,428,158,15,682,0,2022,flood
FL.LSI.05,105120,2022-01-01T00:00:00.000,2022-12-31T23:55:00.000,105120,ถ.แจ้งวัฒนะขาออก (มทบ. 11),105120,0.0,26.4,0.0342009132,241,47,0,480,0,2022,flood
FL.LSI.06,105120,2022-01-01T00:00:00.000,2022-12-31T23:55:00.000,105120,ถ.งามวงศ์วาน ซอยชินเขต,105120,0.0,0.0,0.0,0,0,0,0,0,2022,flood
FL.MBR.01,105120,2022-01-01T00:00:00.000,2022-12-31T23:55:00.000,105120,ถ.สุวินทวงศ์ ช่วงแยกไปรษณีย์มีนบุรี,100032,0.0,13.0,0.0005428263,5,0,0,5,0,2022,flood
FL.PKN.01,105120,2022-01-01T00:00:00.000,2022-12-31T23:55:00.000,105120,ถ.สุขุมวิท ช่วงซอยสุขุมวิท 62,105120,0.0,0.0,0.0,0,0,0,0,0,2022,flood
FL.PNK.02,105120,2022-01-01T00:00:00.000,2022-12-31T23:55:00.000,105120,ถ.วิสุทธิ์กษัตริย์  หน้าวัดอินทรวิหาร,105120,0.0,6.9,0.001033105,18,0,0,18,0,2022,flood
FL.PPS.01,105120,2022-01-01T00:00:00.000,2022-12-31T23:55:00.000,105120,ถ.หลานหลวง หน้าธนาคารกรุงไทย,105120,0.0,13.4,0.0033561644,36,0,0,49,0,2022,flood
FL.PPS.02,105120,2022-01-01T00:00:00.000,2022-12-31T23:55:00.000,105120,ถ.หลวง ช่วงวัดเทพศิรินทราวาส,105120,0.0,0.0,0.0,0,0,0,0,0,2022,flood
FL.PTW.01,105120,2022-01-01T00:00:00.000,2022-12-31T23:55:00.000,105120,ถ.พระรามที่ 1 ช่วงสนามกีฬาแห่งชาติ,105120,0.0,6.3,0.0016609589,24,0,0,31,0,2022,flood
FL.PTW.02,105120,2022-01-01T00:00:00.000,2022-12-31T23:55:00.000,105120,ถ.พญาไท ช่วงมาบุญครอง,105120,0.0,12.0,0.0027939498,26,0,0,45,0,2022,flood
FL.PTW.03,105120,2022-01-01T00:00:00.000,2022-12-31T23:55:00.000,105120,ถ.พระรามที่ 1 ช่วงวัดปทุมวนาราม,98070,0.0,10.8,0.0098021821,90,0,0,239,0,2022,flood
FL.PTW.04,105120,2022-01-01T00:00:00.000,2022-12-31T23:55:00.000,105120,ถ.พระรามที่ 4 หน้าวัน แบงค็อก,76425,0.0,9.6,0.0031076219,32,0,0,36,0,2022,flood
FL.PTW.05,105120,2022-01-01T00:00:00.000,2022-12-31T23:55:00.000,105120,ถ.ราชดำริ หน้าโรงพยาบาลตำรวจ,105120,0.0,17.2,0.003484589,31,7,0,32,0,2022,flood
FL.PWT.01,105120,2022-01-01T00:00:00.000,2022-12-31T23:55:00.000,105120,ถ.ศรีนครินทร์ ช่วงซีคอนสแควร์,105120,0.0,12.5,0.0019577626,23,0,0,23,0,2022,flood
FL.PWT.02,105120,2022-01-01T00:00:00.000,2022-12-31T23:55:00.000,105120,ถ.เฉลิมพระเกียรติ ร.9 ช่วงแยกศรีอุดม,105120,0.0,41.0,0.2166476408,1168,646,213,1719,0,2022,flood
FL.PYT.01,105120,2022-01-01T00:00:00.000,2022-12-31T23:55:00.000,105120,ถ.พหลโยธิน ช่วงหน้าสนามเป้า,105120,0.0,7.7,0.0006021689,10,0,0,10,0,2022,flood
FL.PYT.02,105120,2022-01-01T00:00:00.000,2022-12-31T23:55:00.000,105120,ถ.พหลโยธิน ช่วงสะพานควาย,104485,0.0,25.9,0.0113442121,92,23,0,95,0,2022,flood
FL.PYT.03,105120,2022-01-01T00:00:00.000,2022-12-31T23:55:00.000,105120,ถ.พระราม6 ช่วงทางด่วน,105120,0.0,16.1,0.0041818874,46,1,0,47,0,2022,flood
FL.PYT.04,105120,2022-01-01T00:00:00.000,2022-12-31T23:55:00.000,105120,ถ.สุทธิสารวินิจฉัย ซอย 19,105120,0.0,14.1,0.0034703196,35,0,0,54,0,2022,flood
FL.PYT.05,105120,2022-01-01T00:00:00.000,2022-12-31T23:55:00.000,105120,ถ.พหลโยธิน ช่วงซอยสายลม,105120,0.0,18.7,0.0059408295,71,3,0,71,0,2022,flood
FL.PYT.06,105120,2022-01-01T00:00:00.000,2022-12-31T23:55:00.000,105120,ถ.ประดิพัทธ์ ช่วงสะพานควาย,105120,0.0,20.3,0.0111967275,69,18,0,160,0,2022,flood
FL.PYT.07,105120,2022-01-01T00:00:00.000,2022-12-31T23:55:00.000,105120,ถ.พหลโยธิน  ช่วงห้างบิ๊กซีสะพานควาย,105120,0.0,12.2,0.0031925419,28,0,0,66,0,2022,flood
FL.RTW.01,105120,2022-01-01T00:00:00.000,2022-12-31T23:55:00.000,105120,ถ.ศรีอยุธยา ช่วงถนนพญาไท,105120,0.0,7.2,0.0007363014,7,0,0,15,0,2022,flood
FL.RTW.02,105120,2022-01-01T00:00:00.000,2022-12-31T23:55:00.000,105120,ถ.เพชรบุรี ช่วงหน้าดอนบอสโก,105120,0.0,11.1,0.0031135845,42,0,0,50,0,2022,flood
FL.RTW.03,105120,2022-01-01T00:00:00.000,2022-12-31T23:55:00.000,105120,ถ.เพชรบุรี ช่วงหน้าเมโทร,105120,0.0,5.1,9.41781e-05,1,0,0,2,0,2022,flood
FL.RTW.04,105120,2022-01-01T00:00:00.000,2022-12-31T23:55:00.000,105120,ถ.พญาไท ช่วงกรมปศุสัตว์,105120,0.0,13.8,0.020576484,240,0,0,278,0,2022,flood
FL.RTW.05,105120,2022-01-01T00:00:00.000,2022-12-31T23:55:00.000,105120,ถ.พระรามที่ 6 ช่วงตลาดประแจจีน,105120,0.0,15.1,0.0040192161,41,3,0,43,0,2022,flood
FL.RTW.06,105120,2022-01-01T00:00:00.000,2022-12-31T23:55:00.000,105120,ถ.ราชวิถี ช่วงสวนสันติภาพ,105120,0.0,8.5,0.0009313166,13,0,0,15,0,2022,flood
FL.RTW.07,105120,2022-01-01T00:00:00.000,2022-12-31T23:55:00.000,105120,ถ.ศรีอยุธยา ช่วงโรงเรียนสันติราษฏร์วิทยาลัย,105120,0.0,5.9,5.61263e-05,1,0,0,1,0,2022,flood
FL.RTW.08,105120,2022-01-01T00:00:00.000,2022-12-31T23:55:00.000,105120,ถ.นิคมมักกะสัน แยกราชปรารภ,105120,0.0,26.1,0.0104452055,55,25,0,138,0,2022,flood
FL.RTW.09,105120,2022-01-01T00:00:00.000,2022-12-31T23:55:00.000,105120,ถ.บรรทัดทอง ช่วงถนนเพชรบุรี,105120,0.0,28.5,0.0530707763,375,145,0,493,0,2022,flood
FL.RTW.10,105120,2022-01-01T00:00:00.000,2022-12-31T23:55:00.000,105120,ถ.ศรีอยุธยา ช่วงโรงเรียนศรีอยุธยา,105120,0.0,35.6,0.0223430365,149,66,8,171,0,2022,flood
FL.SLG.01,105120,2022-01-01T00:00:00.000,2022-12-31T23:55:00.000,105120,ถ.พัฒนาการ แยกศรีนครินทร์,105120,0.0,27.4,0.0384408295,306,113,0,309,0,2022,flood
FL.SLG.02,105120,2022-01-01T00:00:00.000,2022-12-31T23:55:00.000,105120,ถ.รามคำแหง ซอย 3,105120,0.0,27.2,0.0173192542,159,41,0,171,0,2022,flood
FL.SLG.03,105120,2022-01-01T00:00:00.000,2022-12-31T23:55:00.000,105120,"""ถ.พัฒนาการ ช่วงธนาคารกรุงไทย """,105120,0.0,38.8,0.0887452435,352,261,129,578,0,2022,flood
FL.SMI.01,105120,2022-01-01T00:00:00.000,2022-12-31T23:55:00.000,105120,ถ.พหลโยธิน ช่วงซอยพหลโยธิน 60/1,105120,0.0,50.8,0.0440039954,187,126,60,197,0,2022,flood
FL.SPW.01,105120,2022-01-01T00:00:00.000,2022-12-31T23:55:00.000,105120,ถ.เจริญกรุง แยกแปลงนาม,105120,0.0,15.8,0.0038603501,34,3,0,42,0,2022,flood
FL.SPW.02,105120,2022-01-01T00:00:00.000,2022-12-31T23:55:00.000,105120,ถ.เยาวราช ช่วงแยกราชวงศ์,105120,0.0,11.2,0.0020976027,22,0,0,37,0,2022,flood
FL.STN.01,105120,2022-01-01T00:00:00.000,2022-12-31T23:55:00.000,105120,ถ.จันทน์ ซอย 28/2,105120,0.0,21.5,0.0058656773,48,13,0,55,0,2022,flood
FL.STN.02,105120,2022-01-01T00:00:00.000,2022-12-31T23:55:00.000,105120,ถ.เซนต์หลุยส์ 3,105120,0.0,31.9,0.0190905632,105,73,3,113,0,2022,flood
FL.STN.03,105120,2022-01-01T00:00:00.000,2022-12-31T23:55:00.000,105120,ถ.สาธุประดิษฐ์ ซอย 2,105120,0.0,40.4,0.046939688,229,133,29,441,0,2022,flood
FL.STN.04,105120,2022-01-01T00:00:00.000,2022-12-31T23:55:00.000,105120,ถ.สวนพลู ช่วงตลาดสวนพลู,98314,0.0,28.1,0.0251866469,183,66,0,198,0,2022,flood
FL.WTL.01,105120,2022-01-01T00:00:00.000,2022-12-31T23:55:00.000,105120,ถ.ลาดพร้าว ช่วงตัดถนนประดิษฐ์มนูธรรม,105120,0.0,11.8,0.0012157534,9,0,0,23,0,2022,flood
FL.WTL.02,105120,2022-01-01T00:00:00.000,2022-12-31T23:55:00.000,105120,ถ.ลาดพร้าว ช่วงซอยลาดพร้าว 89,105120,0.0,23.7,0.0511035008,462,111,0,482,0,2022,flood
FL.WTL.03,105120,2022-01-01T00:00:00.000,2022-12-31T23:55:00.000,105120,ซ.รามคำแหง 43/1,105120,0.0,15.3,0.0018635845,25,1,0,27,0,2022,flood
FL.WTL.04,105120,2022-01-01T00:00:00.000,2022-12-31T23:55:00.000,105120,ซ.รามคำแหง 65 (ซอยมหาดไทย),105120,0.0,7.4,0.0007191781,9,0,0,18,0,2022,flood
FL.WTN.01,105120,2022-01-01T00:00:00.000,2022-12-31T23:55:00.000,105120,ซ.สุขุมวิท 39 (ซอยพร้อมพงษ์),105120,0.0,23.3,0.0355203577,313,81,0,325,0,2022,flood
FL.WTN.02,105120,2022-01-01T00:00:00.000,2022-12-31T23:55:00.000,105120,ถ.อโศกมนตรี ช่วงแยกชิโนไทย,105120,0.0,11.1,0.0025989346,26,0,0,50,0,2022,flood
FL.BBN.01,105120,2023-01-01T00:00:00.000,2023-12-31T23:55:00.000,105120,ถ.เอกชัย ช่วงห้างบิ๊กซีบางบอน,105120,0.0,17.0,0.0098449391,69,1,0,198,0,2023,flood
FL.BBN.02,105120,2023-01-01T00:00:00.000,2023-12-31T23:55:00.000,105120,ถ.เอกชัย ซอย 60,105120,0.0,14.0,0.0016476408,15,0,0,26,0,2023,flood
FL.BKA.01,105120,2023-01-01T00:00:00.000,2023-12-31T23:55:00.000,105120,ถ.พหลโยธิน ช่วงวงเวียนบางเขน,25920,0.0,0.0,0.0,0,0,0,0,0,2023,flood
FL.BKA.02,105120,2023-01-01T00:00:00.000,2023-12-31T23:55:00.000,105120,ถ.พหลโยธิน ช่วงซอยพหลโยธิน 55/1,43291,0.0,13.9,0.0262779793,100,0,0,142,0,2023,flood
FL.BKE.01,105120,2023-01-01T00:00:00.000,2023-12-31T23:55:00.000,105120,ถ.เพชรเกษม แยกวงแหวนกาญจนาภิเษก,105112,0.0,19.9,0.0050888576,39,17,0,41,0,2023,flood
FL.BKE.02,105120,2023-01-01T00:00:00.000,2023-12-31T23:55:00.000,105120,ถ.เพชรเกษม ช่วงซอยวัดม่วง,105114,0.0,17.3,0.0032907129,22,15,0,23,0,2023,flood
FL.BKL.01,105120,2023-01-01T00:00:00.000,2023-12-31T23:55:00.000,105120,ถ.เจริญกรุง ช่วงวัดราชสิงขร,0,,,,0,0,0,0,0,2023,flood
FL.BKM.01,105120,2023-01-01T00:00:00.000,2023-12-31T23:55:00.000,105120,ถ.นวมินทร์ ช่วงซอย 46 (สันติอโศก),105117,0.0,39.4,0.0191691163,121,51,19,128,0,2023,flood
FL.BKM.02,105120,2023-01-01T00:00:00.000,2023-12-31T23:55:00.000,105120,ถ.นวมินทร์ ช่วงซอย 135,105113,0.0,30.0,0.0203209879,59,31,1,480,0,2023,flood
FL.BKN.01,105120,2023-01-01T00:00:00.000,2023-12-31T23:55:00.000,105120,ถ.อิสรภาพ ช่วงตลาดพรานนก,105105,0.0,15.0,0.002558394,21,1,0,32,0,2023,flood
FL.BKN.02,105120,2023-01-01T00:00:00.000,2023-12-31T23:55:00.000,105120,ถ.บรมราชชนนี ช่วงสายใต้,105113,0.0,9.1,0.0055654391,49,0,0,293,0,2023,flood
FL.BKP.01,105120,2023-01-01T00:00:00.000,2023-12-31T23:55:00.000,105120,ถ.ลาดพร้าว แม็คโคร,105111,0.0,5.1,0.001029388,7,0,0,25,0,2023,flood
FL.BKP.02,105120,2023-01-01T00:00:00.000,2023-12-31T23:55:00.000,105120,ถ.ศรีนครินทร์ หน้าบริษัทกรีนสปอร์ต,105120,0.0,24.3,0.0022678843,11,4,0,52,0,2023,flood
FL.BKT.01,105120,2023-01-01T00:00:00.000,2023-12-31T23:55:00.000,105120,ถ.บางขุนเทียน ชายทะเล ช่วงถ.พระรามที่ 2,105120,0.0,1.0,4.09056e-05,0,0,0,6,0,2023,flood
FL.BNA.01,105120,2023-01-01T00:00:00.000,2023-12-31T23:55:00.000,105120,ถ.สุขุมวิท ช่วงกรมอุตุนิยมวิทยา,105120,0.0,19.7,0.0018607306,15,7,0,15,0,2023,flood
FL.BNA.02,105120,2023-01-01T00:00:00.000,2023-12-31T23:55:00.000,105120,ถ.ศรีนครินทร์ ช่วงวัดศรีเอี่ยม,105120,0.0,5.0,0.0001350837,1,0,0,3,0,2023,flood
FL.BNA.03,105120,2023-01-01T00:00:00.000,2023-12-31T23:55:00.000,105120,ถ.สุขุมวิท ช่วงแยกบางนา,105120,0.0,26.4,0.0126274734,71,44,0,207,0,2023,flood
FL.BNA.04,105120,2023-01-01T00:00:00.000,2023-12-31T23:55:00.000,105120,ถ.สุขุมวิท ช่วงแบริ่ง,105120,0.0,32.3,0.0157296423,67,26,4,250,0,2023,flood
FL.BNA.05,105120,2023-01-01T00:00:00.000,2023-12-31T23:55:00.000,105120,ถ.อุดมสุข ช่วงซอยอุดมสุข 1,49385,0.0,33.1,0.04821707,130,69,11,144,0,2023,flood
FL.BRK.01,105120,2023-01-01T00:00:00.000,2023-12-31T23:55:00.000,105120,ถ.สุรวงศ์ ช่วงทางด่วน,105120,0.0,33.2,0.0117627473,87,27,4,95,0,2023,flood
FL.BRK.02,105120,2023-01-01T00:00:00.000,2023-12-31T23:55:00.000,105120,ถ.สีลม ช่วงถนนคอนแวนต์,105110,0.0,5.8,0.0037969746,8,0,0,88,0,2023,flood
FL.BSU.01,105120,2023-01-01T00:00:00.000,2023-12-31T23:55:00.000,105120,ถ.ประชาราษฏร์ แยกเตาปูน,105119,0.0,14.7,0.0096566748,96,0,0,129,0,2023,flood
FL.CTC.01,105120,2023-01-01T00:00:00.000,2023-12-31T23:55:00.000,105120,ถ.รัชดาภิเษก ช่วงแยกลาดพร้าว (หน้าธนาคารกรุงเทพ),105120,0.0,47.1,0.0302777778,96,83,67,109,0,2023,flood
FL.CTC.02,105120,2023-01-01T00:00:00.000,2023-12-31T23:55:00.000,105120,ถ.กำแพงเพชร 3,105120,0.0,13.4,0.0053148782,62,0,0,62,0,2023,flood
FL.CTC.03,105120,2023-01-01T00:00:00.000,2023-12-31T23:55:00.000,105120,ถ.พหลโยธิน ช่วงแยกเกษตร,105120,0.0,42.0,0.0083732877,34,29,13,34,0,2023,flood
FL.CTC.04,105120,2023-01-01T00:00:00.000,2023-12-31T23:55:00.000,105120,ถ.เทศบาลสงเคราะห์ ช่วงตลาดประชานิเวศน์,89396,0.0,13.5,0.0027350217,19,0,0,26,0,2023,flood
FL.CTC.05,105120,2023-01-01T00:00:00.000,2023-12-31T23:55:00.000,105120,ถ.พหลโยธิน หน้ากรมการขนส่งทางบก,104250,0.0,24.3,0.0061553957,51,18,0,51,0,2023,flood
FL.CTC.06,105120,2023-01-01T00:00:00.000,2023-12-31T23:55:00.000,105120,ถ.งามวงศ์วาน ช่วงแยกเกษตร,105120,0.0,7.9,0.01152207,39,0,0,290,0,2023,flood
FL.CTC.07,105120,2023-01-01T00:00:00.000,2023-12-31T23:55:00.000,105120,ซ.เสนานิคม,105120,0.0,49.2,0.0206402207,73,55,42,73,0,2023,flood
FL.DDG.01,105120,2023-01-01T00:00:00.000,2023-12-31T23:55:00.000,105120,ถ.รัชดาภิเษก ช่วงแยกเทียมร่วมมิตร,105120,0.0,27.0,0.0052340183,46,8,0,61,0,2023,flood
FL.DDG.02,105120,2023-01-01T00:00:00.000,2023-12-31T23:55:00.000,105120,ถ.ประชาสงเคราะห์ ตลาดห้วยขวาง,105120,0.0,28.4,0.0103148782,64,33,0,79,0,2023,flood
FL.DDG.03,105120,2023-01-01T00:00:00.000,2023-12-31T23:55:00.000,105120,ถ.ดินแดง ซอยสุทธิพร 2,105120,0.0,13.9,0.0022650304,18,0,0,33,0,2023,flood
FL.DDG.04,105120,2023-01-01T00:00:00.000,2023-12-31T23:55:00.000,105120,ถ.รัชดาภิเษก ช่วงคลองบางซื่อ,105120,0.0,2.1,7.70548e-05,0,0,0,5,0,2023,flood
FL.DDG.05,105120,2023-01-01T00:00:00.000,2023-12-31T23:55:00.000,105120,ถ.รัชดาภิเษก สถานฑูตจีน,105120,0.0,10.9,0.0022821537,16,0,0,56,0,2023,flood
FL.DDG.06,105120,2023-01-01T00:00:00.000,2023-12-31T23:55:00.000,105120,ถ.ประชาสุข ซ.อินทามระ 53,105120,0.0,31.1,0.0217722603,40,25,2,485,0,2023,flood
FL.DDG.07,105120,2023-01-01T00:00:00.000,2023-12-31T23:55:00.000,105120,ถ.วิภาวดี(ขาออก) ช่วงกรมทหารราบที่ 1,105120,0.0,36.9,0.0276065449,93,45,20,356,0,2023,flood
FL.DDG.08,105120,2023-01-01T00:00:00.000,2023-12-31T23:55:00.000,105120,ถ.ดินแดง ช่วงโรงเรียนพิบูลประชาสรรค์,105120,0.0,19.3,0.0012785388,10,6,0,10,0,2023,flood
FL.DST.01,105120,2023-01-01T00:00:00.000,2023-12-31T23:55:00.000,105120,ถ.พิษณุโลก ช่วงบ้านพิษณุโลก,25370,0.0,0.0,0.0,0,0,0,0,0,2023,flood
FL.DST.02,105120,2023-01-01T00:00:00.000,2023-12-31T23:55:00.000,105120,ถ.สามเสน ช่วงแยกเกียกกาย,0,,,,0,0,0,0,0,2023,flood
FL.DST.03,105120,2023-01-01T00:00:00.000,2023-12-31T23:55:00.000,105120,ถ.ศรีอยุธยา ลานพระราชวังดุสิต,105120,0.0,9.7,0.0041504947,48,0,0,80,0,2023,flood
FL.DST.04,105120,2023-01-01T00:00:00.000,2023-12-31T23:55:00.000,105120,ถ.ราชสีมา แยกอู่ทองนอก,105120,0.0,8.4,0.0004699391,5,0,0,8,0,2023,flood
FL.DST.05,105120,2023-01-01T00:00:00.000,2023-12-31T23:55:00.000,105120,ถ.นครไชยศรี (กรมสรรพสามิต),34567,0.0,0.0,0.0,0,0,0,0,0,2023,flood
FL.DST.06,105120,2023-01-01T00:00:00.000,2023-12-31T23:55:00.000,105120,ถ.ราชวิถี เชิงสะพานกรุงธนบุรี,105120,0.0,18.1,0.0042684551,46,4,0,47,0,2023,flood
FL.DST.07,105120,2023-01-01T00:00:00.000,2023-12-31T23:55:00.000,105120,ถ.นครไชยศรี ช่วงตลาดศรีย่าน,105120,0.0,10.8,0.0005393836,3,0,0,16,0,2023,flood
FL.DST.08,105120,2023-01-01T00:00:00.000,2023-12-31T23:55:00.000,105120,ถ.ราชวิถี หน้ามหาวิทยาลัยสวนดุสิต,105119,0.0,12.9,0.0079053263,71,0,0,101,0,2023,flood
FL.HKG.01,105120,2023-01-01T00:00:00.000,2023-12-31T23:55:00.000,105120,ถ.เพชรบุรีตัดใหม่ ช่วงสิงห์คอมเพล็กซ์,105118,0.0,16.0,0.0041305961,31,2,0,60,0,2023,flood
FL.JTG.01,105120,2023-01-01T00:00:00.000,2023-12-31T23:55:00.000,105120,ถ.จอมทอง ช่วงแยกจอมทอง,105120,0.0,12.7,0.0021870244,25,0,0,28,0,2023,flood
FL.KSN.01,105120,2023-01-01T00:00:00.000,2023-12-31T23:55:00.000,105120,ถ.ลาดหญ้า วงเวียนใหญ่,105120,0.0,7.2,0.0012043379,11,0,0,29,0,2023,flood
FL.KTY.01,105120,2023-01-01T00:00:00.000,2023-12-31T23:55:00.000,105120,ถ.พระรามที่ 3 ช่วงตลาดฮ่องกง-ปีนัง,105120,0.0,18.7,0.0042884323,42,8,0,48,0,2023,flood
FL.KTY.02,105120,2023-01-01T00:00:00.000,2023-12-31T23:55:00.000,105120,ซ.สุขุมวิท 22 (ด้านถนนพระรามที่ 4),105120,0.0,19.5,0.0079033486,76,12,0,83,0,2023,flood
FL.KTY.03,105120,2023-01-01T00:00:00.000,2023-12-31T23:55:00.000,105120,ถ.พระราม 3 ช่วงทางรถไฟ,105120,0.0,21.9,0.005391933,40,12,0,56,0,2023,flood
FL.KTY.04,105120,2023-01-01T00:00:00.000,2023-12-31T23:55:00.000,105120,ถ.พระราม 4 ช่วงกล้วยน้ำไท,105120,0.0,34.1,0.0212195586,138,62,4,208,0,2023,flood
FL.KTY.05,105120,2023-01-01T00:00:00.000,2023-12-31T23:55:00.000,105120,ถ.สุนทรโกษา แยก ณ ระนอง,105119,0.0,20.4,0.0089565159,69,31,0,79,0,2023,flood
FL.LSI.01,105120,2023-01-01T00:00:00.000,2023-12-31T23:55:00.000,105120,ซ.แจ้งวัฒนะ 14,0,,,,0,0,0,0,0,2023,flood
FL.LSI.02,105120,2023-01-01T00:00:00.000,2023-12-31T23:55:00.000,105120,ถ.งามวงศ์วาน แยกพงษ์เพชร,105120,0.0,17.8,0.0053320015,47,3,0,71,0,2023,flood
FL.LSI.03,105120,2023-01-01T00:00:00.000,2023-12-31T23:55:00.000,105120,ถ.แจ้งวัฒนะ หน้าศาลปกครองกลาง,0,,,,0,0,0,0,0,2023,flood
FL.LSI.04,105120,2023-01-01T00:00:00.000,2023-12-31T23:55:00.000,105120,ถ.แจ้งวัฒนะขาเข้า (โลตัส),105120,0.0,25.4,0.0461177702,195,55,0,723,0,2023,flood
FL.LSI.05,105120,2023-01-01T00:00:00.000,2023-12-31T23:55:00.000,105120,ถ.แจ้งวัฒนะขาออก (มทบ. 11),105120,0.0,18.9,0.0081202435,90,7,0,90,0,2023,flood
FL.LSI.06,105120,2023-01-01T00:00:00.000,2023-12-31T23:55:00.000,105120,ถ.งามวงศ์วาน ซอยชินเขต,105119,0.0,12.5,0.0027540216,34,0,0,49,0,2023,flood
FL.MBR.01,105120,2023-01-01T00:00:00.000,2023-12-31T23:55:00.000,105120,ถ.สุวินทวงศ์ ช่วงแยกไปรษณีย์มีนบุรี,105120,0.0,40.7,0.0006478311,4,1,1,5,0,2023,flood
FL.PKN.01,105120,2023-01-01T00:00:00.000,2023-12-31T23:55:00.000,105120,ถ.สุขุมวิท ช่วงซอยสุขุมวิท 62,105120,0.0,13.5,0.0034674658,49,0,0,55,0,2023,flood
FL.PNK.02,105120,2023-01-01T00:00:00.000,2023-12-31T23:55:00.000,105120,ถ.วิสุทธิ์กษัตริย์  หน้าวัดอินทรวิหาร,105120,0.0,13.9,0.0010996956,13,0,0,13,0,2023,flood
FL.PPS.01,105120,2023-01-01T00:00:00.000,2023-12-31T23:55:00.000,105120,ถ.หลานหลวง หน้าธนาคารกรุงไทย,105120,0.0,27.8,0.0048820396,37,12,0,51,0,2023,flood
FL.PPS.02,105120,2023-01-01T00:00:00.000,2023-12-31T23:55:00.000,105120,ถ.หลวง ช่วงวัดเทพศิรินทราวาส,105120,0.0,0.0,0.0,0,0,0,0,0,2023,flood
FL.PTW.01,105120,2023-01-01T00:00:00.000,2023-12-31T23:55:00.000,105120,ถ.พระรามที่ 1 ช่วงสนามกีฬาแห่งชาติ,105120,0.0,19.8,0.0022108067,17,7,0,21,0,2023,flood
FL.PTW.02,105120,2023-01-01T00:00:00.000,2023-12-31T23:55:00.000,105120,ถ.พญาไท ช่วงมาบุญครอง,105120,0.0,20.8,0.0038365677,33,9,0,39,0,2023,flood
FL.PTW.03,105120,2023-01-01T00:00:00.000,2023-12-31T23:55:00.000,105120,ถ.พระรามที่ 1 ช่วงวัดปทุมวนาราม,105120,0.0,6.4,0.0002159437,1,0,0,10,0,2023,flood
FL.PTW.04,105120,2023-01-01T00:00:00.000,2023-12-31T23:55:00.000,105120,ถ.พระรามที่ 4 หน้าวัน แบงค็อก,0,,,,0,0,0,0,0,2023,flood
FL.PTW.05,105120,2023-01-01T00:00:00.000,2023-12-31T23:55:00.000,105120,ถ.ราชดำริ หน้าโรงพยาบาลตำรวจ,105120,0.0,30.5,0.006819825,36,23,1,49,0,2023,flood
FL.PWT.01,105120,2023-01-01T00:00:00.000,2023-12-31T23:55:00.000,105120,ถ.ศรีนครินทร์ ช่วงซีคอนสแควร์,105120,0.0,8.1,0.0003358067,5,0,0,5,0,2023,flood
FL.PWT.02,105120,2023-01-01T00:00:00.000,2023-12-31T23:55:00.000,105120,ถ.เฉลิมพระเกียรติ ร.9 ช่วงแยกศรีอุดม,45904,0.0,23.7,0.0108552632,31,18,0,45,0,2023,flood
FL.PYT.01,105120,2023-01-01T00:00:00.000,2023-12-31T23:55:00.000,105120,ถ.พหลโยธิน ช่วงหน้าสนามเป้า,105120,0.0,9.9,0.0003890791,5,0,0,5,0,2023,flood
FL.PYT.02,105120,2023-01-01T00:00:00.000,2023-12-31T23:55:00.000,105120,ถ.พหลโยธิน ช่วงสะพานควาย,92501,0.0,25.6,0.0230981287,279,17,0,279,0,2023,flood
FL.PYT.03,105120,2023-01-01T00:00:00.000,2023-12-31T23:55:00.000,105120,ถ.พระราม6 ช่วงทางด่วน,105120,0.0,10.7,0.0003500761,4,0,0,4,0,2023,flood
FL.PYT.04,105120,2023-01-01T00:00:00.000,2023-12-31T23:55:00.000,105120,ถ.สุทธิสารวินิจฉัย ซอย 19,105120,0.0,17.3,0.0110254947,36,2,0,282,0,2023,flood
FL.PYT.05,105120,2023-01-01T00:00:00.000,2023-12-31T23:55:00.000,105120,ถ.พหลโยธิน ช่วงซอยสายลม,105120,0.0,18.7,0.0067180365,54,18,0,54,0,2023,flood
FL.PYT.06,105120,2023-01-01T00:00:00.000,2023-12-31T23:55:00.000,105120,ถ.ประดิพัทธ์ ช่วงสะพานควาย,105120,0.0,30.4,0.0119863014,71,43,3,74,0,2023,flood
FL.PYT.07,105120,2023-01-01T00:00:00.000,2023-12-31T23:55:00.000,105120,ถ.พหลโยธิน  ช่วงห้างบิ๊กซีสะพานควาย,105120,0.0,9.8,0.0012100457,8,0,0,38,0,2023,flood
FL.RTW.01,105120,2023-01-01T00:00:00.000,2023-12-31T23:55:00.000,105120,ถ.ศรีอยุธยา ช่วงถนนพญาไท,105120,0.0,12.7,0.0027292618,33,0,0,43,0,2023,flood
FL.RTW.02,105120,2023-01-01T00:00:00.000,2023-12-31T23:55:00.000,105120,ถ.เพชรบุรี ช่วงหน้าดอนบอสโก,105120,0.0,5.7,0.0002872907,3,0,0,6,0,2023,flood
FL.RTW.03,105120,2023-01-01T00:00:00.000,2023-12-31T23:55:00.000,105120,ถ.เพชรบุรี ช่วงหน้าเมโทร,105119,0.0,7.8,0.0007049154,9,0,0,12,0,2023,flood
FL.RTW.04,105120,2023-01-01T00:00:00.000,2023-12-31T23:55:00.000,105120,ถ.พญาไท ช่วงกรมปศุสัตว์,105120,0.0,16.9,0.0041714231,42,2,0,48,0,2023,flood
FL.RTW.05,105120,2023-01-01T00:00:00.000,2023-12-31T23:55:00.000,105120,ถ.พระรามที่ 6 ช่วงตลาดประแจจีน,105120,0.0,29.6,0.0053548326,34,19,0,36,0,2023,flood
FL.RTW.06,105120,2023-01-01T00:00:00.000,2023-12-31T23:55:00.000,105120,ถ.ราชวิถี ช่วงสวนสันติภาพ,105120,0.0,5.9,0.000103691,2,0,0,2,0,2023,flood
FL.RTW.07,105120,2023-01-01T00:00:00.000,2023-12-31T23:55:00.000,105120,ถ.ศรีอยุธยา ช่วงโรงเรียนสันติราษฏร์วิทยาลัย,105120,0.0,25.2,0.0074372146,50,29,0,50,0,2023,flood
FL.RTW.08,105120,2023-01-01T00:00:00.000,2023-12-31T23:55:00.000,105120,ถ.นิคมมักกะสัน แยกราชปรารภ,105120,0.0,34.6,0.0067827245,38,23,2,40,0,2023,flood
FL.RTW.09,105120,2023-01-01T00:00:00.000,2023-12-31T23:55:00.000,105120,ถ.บรรทัดทอง ช่วงถนนเพชรบุรี,105120,0.0,29.7,0.0225171233,180,39,0,225,0,2023,flood
FL.RTW.10,105120,2023-01-01T00:00:00.000,2023-12-31T23:55:00.000,105120,ถ.ศรีอยุธยา ช่วงโรงเรียนศรีอยุธยา,105120,0.0,44.6,0.0887728311,80,43,18,2216,0,2023,flood
FL.RTW.11,105120,2023-01-01T00:00:00.000,2023-12-31T23:55:00.000,105120,ถ.พระรามที่ 6 ช่วงพิพิธภัณฑ์กรมทางหลวง,53122,0.0,27.8,0.0172960355,52,33,0,70,0,2023,flood
FL.RTW.12,105120,2023-01-01T00:00:00.000,2023-12-31T23:55:00.000,105120,ถ.พระรามที่ 6 ช่วงกองการพัสดุ กรมทางหลวง,53146,0.0,19.1,0.0177040605,103,4,0,105,0,2023,flood
FL.SLG.01,105120,2023-01-01T00:00:00.000,2023-12-31T23:55:00.000,105120,ถ.พัฒนาการ แยกศรีนครินทร์,105120,0.0,30.6,0.0259969559,219,64,1,219,0,2023,flood
FL.SLG.02,105120,2023-01-01T00:00:00.000,2023-12-31T23:55:00.000,105120,ถ.รามคำแหง ซอย 3,105120,0.0,24.6,0.0052739726,32,20,0,45,0,2023,flood
FL.SLG.03,105120,2023-01-01T00:00:00.000,2023-12-31T23:55:00.000,105120,"""ถ.พัฒนาการ ช่วงธนาคารกรุงไทย """,105120,0.0,40.3,0.0205660198,99,63,24,104,0,2023,flood
FL.SMI.01,105120,2023-01-01T00:00:00.000,2023-12-31T23:55:00.000,105120,ถ.พหลโยธิน ช่วงซอยพหลโยธิน 60/1,105120,0.0,41.7,0.0172593227,74,56,28,77,0,2023,flood
FL.SPW.01,105120,2023-01-01T00:00:00.000,2023-12-31T23:55:00.000,105120,ถ.เจริญกรุง แยกแปลงนาม,105120,0.0,17.0,0.0057182268,31,4,0,116,0,2023,flood
FL.SPW.02,105120,2023-01-01T00:00:00.000,2023-12-31T23:55:00.000,105120,ถ.เยาวราช ช่วงแยกราชวงศ์,105120,0.0,11.0,0.0019406393,22,0,0,32,0,2023,flood
FL.STN.01,105120,2023-01-01T00:00:00.000,2023-12-31T23:55:00.000,105120,ถ.จันทน์ ซอย 28/2,105120,0.0,4.7,8.18113e-05,0,0,0,2,0,2023,flood
FL.STN.02,105120,2023-01-01T00:00:00.000,2023-12-31T23:55:00.000,105120,ถ.เซนต์หลุยส์ 3,104812,0.0,14.3,0.001176392,12,0,0,12,0,2023,flood
FL.STN.03,105120,2023-01-01T00:00:00.000,2023-12-31T23:55:00.000,105120,ถ.สาธุประดิษฐ์ ซอย 2,92703,0.0,18.0,0.0123394065,26,8,0,244,0,2023,flood
FL.STN.04,105120,2023-01-01T00:00:00.000,2023-12-31T23:55:00.000,105120,ถ.สวนพลู ช่วงตลาดสวนพลู,105120,0.0,27.4,0.0080355784,62,16,0,68,0,2023,flood
FL.WTL.01,105120,2023-01-01T00:00:00.000,2023-12-31T23:55:00.000,105120,ถ.ลาดพร้าว ช่วงตัดถนนประดิษฐ์มนูธรรม,105109,0.0,18.0,0.0057150196,51,10,0,51,0,2023,flood
FL.WTL.02,105120,2023-01-01T00:00:00.000,2023-12-31T23:55:00.000,105120,ถ.ลาดพร้าว ช่วงซอยลาดพร้าว 89,105113,0.0,37.5,0.0274019389,185,84,6,191,0,2023,flood
FL.WTL.03,105120,2023-01-01T00:00:00.000,2023-12-31T23:55:00.000,105120,ซ.รามคำแหง 43/1,105120,0.0,12.9,0.0037956621,51,0,0,56,0,2023,flood
FL.WTL.04,105120,2023-01-01T00:00:00.000,2023-12-31T23:55:00.000,105120,ซ.รามคำแหง 65 (ซอยมหาดไทย),105120,0.0,20.3,0.005401446,39,18,0,74,0,2023,flood
FL.WTN.01,105120,2023-01-01T00:00:00.000,2023-12-31T23:55:00.000,105120,ซ.สุขุมวิท 39 (ซอยพร้อมพงษ์),105120,0.0,15.3,0.0035578387,35,2,0,37,0,2023,flood
FL.WTN.02,105120,2023-01-01T00:00:00.000,2023-12-31T23:55:00.000,105120,ถ.อโศกมนตรี ช่วงแยกชิโนไทย,105112,0.0,17.6,0.0019350788,15,2,0,29,0,2023,flood
FL.WTN.03,105120,2023-01-01T00:00:00.000,2023-12-31T23:55:00.000,105120,ถ.สุขุมวิท 71 ช่วงซอยปรีดีพนมยงค์ 20,45351,0.0,24.4,0.0073162665,21,10,0,29,0,2023,flood
FL.BBN.01,105408,2024-01-01T00:00:00.000,2024-12-31T23:55:00.000,105408,ถ.เอกชัย ช่วงห้างบิ๊กซีบางบอน,105408,0.0,15.4,0.0066541439,57,1,0,112,0,2024,flood
FL.BBN.02,105408,2024-01-01T00:00:00.000,2024-12-31T23:55:00.000,105408,ถ.เอกชัย ซอย 60,105408,0.0,11.2,0.0017882893,20,0,0,31,0,2024,flood
FL.BKA.01,105408,2024-01-01T00:00:00.000,2024-12-31T23:55:00.000,105408,ถ.พหลโยธิน ช่วงวงเวียนบางเขน,0,,,,0,0,0,0,0,2024,flood
FL.BKA.02,105408,2024-01-01T00:00:00.000,2024-12-31T23:55:00.000,105408,ถ.พหลโยธิน ช่วงซอยพหลโยธิน 55/1,77802,0.0,6.9,0.0039150665,1,0,0,72,0,2024,flood
FL.BKE.01,105408,2024-01-01T00:00:00.000,2024-12-31T23:55:00.000,105408,ถ.เพชรเกษม แยกวงแหวนกาญจนาภิเษก,105408,0.0,18.9,0.0039940043,35,9,0,37,0,2024,flood
FL.BKE.02,105408,2024-01-01T00:00:00.000,2024-12-31T23:55:00.000,105408,ถ.เพชรเกษม ช่วงซอยวัดม่วง,105408,0.0,16.4,0.0028052899,27,1,0,27,0,2024,flood
FL.BKL.01,105408,2024-01-01T00:00:00.000,2024-12-31T23:55:00.000,105408,ถ.เจริญกรุง ช่วงวัดราชสิงขร,0,,,,0,0,0,0,0,2024,flood
FL.BKM.01,105408,2024-01-01T00:00:00.000,2024-12-31T23:55:00.000,105408,ถ.นวมินทร์ ช่วงซอย 46 (สันติอโศก),105408,0.0,32.5,0.0152284457,106,47,8,112,0,2024,flood
FL.BKM.02,105408,2024-01-01T00:00:00.000,2024-12-31T23:55:00.000,105408,ถ.นวมินทร์ ช่วงซอย 135,105408,0.0,22.9,0.0293194065,55,19,0,941,0,2024,flood
FL.BKN.01,105408,2024-01-01T00:00:00.000,2024-12-31T23:55:00.000,105408,ถ.อิสรภาพ ช่วงตลาดพรานนก,105408,0.0,14.1,0.0021431011,20,0,0,32,0,2024,flood
FL.BKN.02,105408,2024-01-01T00:00:00.000,2024-12-31T23:55:00.000,105408,ถ.บรมราชชนนี ช่วงสายใต้,105408,0.0,3.8,5.5973e-05,0,0,0,2,0,2024,flood
FL.BKP.01,105408,2024-01-01T00:00:00.000,2024-12-31T23:55:00.000,105408,ถ.ลาดพร้าว แม็คโคร,105408,0.0,3.9,0.0002106102,0,0,0,6,0,2024,flood
FL.BKP.02,105408,2024-01-01T00:00:00.000,2024-12-31T23:55:00.000,105408,ถ.ศรีนครินทร์ หน้าบริษัทกรีนสปอร์ต,105408,0.0,14.8,0.0007570583,6,0,0,12,0,2024,flood
FL.BKT.01,105408,2024-01-01T00:00:00.000,2024-12-31T23:55:00.000,105408,ถ.บางขุนเทียน ชายทะเล ช่วงถ.พระรามที่ 2,105408,0.0,0.0,0.0,0,0,0,0,0,2024,flood
FL.BNA.01,105408,2024-01-01T00:00:00.000,2024-12-31T23:55:00.000,105408,ถ.สุขุมวิท ช่วงกรมอุตุนิยมวิทยา,105408,0.0,9.7,0.0005701655,7,0,0,7,0,2024,flood
FL.BNA.02,105408,2024-01-01T00:00:00.000,2024-12-31T23:55:00.000,105408,ถ.ศรีนครินทร์ ช่วงวัดศรีเอี่ยม,105408,0.0,0.0,0.0,0,0,0,0,0,2024,flood
FL.BNA.03,105408,2024-01-01T00:00:00.000,2024-12-31T23:55:00.000,105408,ถ.สุขุมวิท ช่วงแยกบางนา,105408,0.0,13.8,0.0040461825,24,0,0,187,0,2024,flood
FL.BNA.04,105408,2024-01-01T00:00:00.000,2024-12-31T23:55:00.000,105408,ถ.สุขุมวิท ช่วงแบริ่ง,105408,0.0,27.6,0.0080525197,63,17,0,78,0,2024,flood
FL.BNA.05,105408,2024-01-01T00:00:00.000,2024-12-31T23:55:00.000,105408,ถ.อุดมสุข ช่วงซอยอุดมสุข 1,105408,0.0,3.7,0.0009800015,0,0,0,34,0,2024,flood
FL.BRK.01,105408,2024-01-01T00:00:00.000,2024-12-31T23:55:00.000,105408,ถ.สุรวงศ์ ช่วงทางด่วน,105408,0.0,31.8,0.0053136384,31,19,2,33,0,2024,flood
FL.BRK.02,105408,2024-01-01T00:00:00.000,2024-12-31T23:55:00.000,105408,ถ.สีลม ช่วงถนนคอนแวนต์,105408,0.0,0.0,0.0,0,0,0,0,0,2024,flood
FL.BSU.01,105408,2024-01-01T00:00:00.000,2024-12-31T23:55:00.000,105408,ถ.ประชาราษฏร์ แยกเตาปูน,105408,0.0,8.9,0.0038317775,54,0,0,64,0,2024,flood
FL.CTC.01,105408,2024-01-01T00:00:00.000,2024-12-31T23:55:00.000,105408,ถ.รัชดาภิเษก ช่วงแยกลาดพร้าว (หน้าธนาคารกรุงเทพ),105408,0.0,27.7,0.0081009032,44,32,0,46,0,2024,flood
FL.CTC.02,105408,2024-01-01T00:00:00.000,2024-12-31T23:55:00.000,105408,ถ.กำแพงเพชร 3,105408,0.0,0.0,0.0,0,0,0,0,0,2024,flood
FL.CTC.03,105408,2024-01-01T00:00:00.000,2024-12-31T23:55:00.000,105408,ถ.พหลโยธิน ช่วงแยกเกษตร,105408,0.0,35.3,0.0044617107,27,13,2,30,0,2024,flood
FL.CTC.04,105408,2024-01-01T00:00:00.000,2024-12-31T23:55:00.000,105408,ถ.เทศบาลสงเคราะห์ ช่วงตลาดประชานิเวศน์,100691,0.0,0.0,0.0,0,0,0,0,0,2024,flood
FL.CTC.05,105408,2024-01-01T00:00:00.000,2024-12-31T23:55:00.000,105408,ถ.พหลโยธิน หน้ากรมการขนส่งทางบก,105408,0.0,0.0,0.0,0,0,0,0,0,2024,flood
FL.CTC.06,105408,2024-01-01T00:00:00.000,2024-12-31T23:55:00.000,105408,ถ.งามวงศ์วาน ช่วงแยกเกษตร,105408,0.0,7.9,0.0404864906,91,0,0,1054,0,2024,flood
FL.CTC.07,105408,2024-01-01T00:00:00.000,2024-12-31T23:55:00.000,105408,ซ.เสนานิคม,105408,0.0,43.3,0.0103455146,52,31,16,52,0,2024,flood
FL.DDG.01,105408,2024-01-01T00:00:00.000,2024-12-31T23:55:00.000,105408,ถ.รัชดาภิเษก ช่วงแยกเทียมร่วมมิตร,105408,0.0,24.1,0.0076806315,59,16,0,89,0,2024,flood
FL.DDG.02,105408,2024-01-01T00:00:00.000,2024-12-31T23:55:00.000,105408,ถ.ประชาสงเคราะห์ ตลาดห้วยขวาง,105408,0.0,34.7,0.0125920234,76,40,11,91,0,2024,flood
FL.DDG.03,105408,2024-01-01T00:00:00.000,2024-12-31T23:55:00.000,105408,ถ.ดินแดง ซอยสุทธิพร 2,105408,0.0,10.5,0.0006811627,9,0,0,9,0,2024,flood
FL.DDG.04,105408,2024-01-01T00:00:00.000,2024-12-31T23:55:00.000,105408,ถ.รัชดาภิเษก ช่วงคลองบางซื่อ,105408,0.0,0.0,0.0,0,0,0,0,0,2024,flood
FL.DDG.05,105408,2024-01-01T00:00:00.000,2024-12-31T23:55:00.000,105408,ถ.รัชดาภิเษก สถานฑูตจีน,105408,0.0,21.4,0.0021658698,11,6,0,31,0,2024,flood
FL.DDG.06,105408,2024-01-01T00:00:00.000,2024-12-31T23:55:00.000,105408,ถ.ประชาสุข ซ.อินทามระ 53,105408,0.0,10.3,0.002752163,34,0,0,55,0,2024,flood
FL.DDG.07,105408,2024-01-01T00:00:00.000,2024-12-31T23:55:00.000,105408,ถ.วิภาวดี(ขาออก) ช่วงกรมทหารราบที่ 1,105408,0.0,0.0,0.0,0,0,0,0,0,2024,flood
FL.DDG.08,105408,2024-01-01T00:00:00.000,2024-12-31T23:55:00.000,105408,ถ.ดินแดง ช่วงโรงเรียนพิบูลประชาสรรค์,105408,0.0,16.9,0.1294958637,64,3,0,3403,0,2024,flood
FL.DST.01,105408,2024-01-01T00:00:00.000,2024-12-31T23:55:00.000,105408,ถ.พิษณุโลก ช่วงบ้านพิษณุโลก,0,,,,0,0,0,0,0,2024,flood
FL.DST.02,105408,2024-01-01T00:00:00.000,2024-12-31T23:55:00.000,105408,ถ.สามเสน ช่วงแยกเกียกกาย,0,,,,0,0,0,0,0,2024,flood
FL.DST.03,105408,2024-01-01T00:00:00.000,2024-12-31T23:55:00.000,105408,ถ.ศรีอยุธยา ลานพระราชวังดุสิต,105408,0.0,5.0,0.0002741727,1,0,0,6,0,2024,flood
FL.DST.04,105408,2024-01-01T00:00:00.000,2024-12-31T23:55:00.000,105408,ถ.ราชสีมา แยกอู่ทองนอก,105408,0.0,0.0,0.0,0,0,0,0,0,2024,flood
FL.DST.05,105408,2024-01-01T00:00:00.000,2024-12-31T23:55:00.000,105408,ถ.นครไชยศรี (กรมสรรพสามิต),0,,,,0,0,0,0,0,2024,flood
FL.DST.06,105408,2024-01-01T00:00:00.000,2024-12-31T23:55:00.000,105408,ถ.ราชวิถี เชิงสะพานกรุงธนบุรี,105408,0.0,0.0,0.0,0,0,0,0,0,2024,flood
FL.DST.07,105408,2024-01-01T00:00:00.000,2024-12-31T23:55:00.000,105408,ถ.นครไชยศรี ช่วงตลาดศรีย่าน,105408,0.0,2.0,1.89739e-05,0,0,0,1,0,2024,flood
FL.DST.08,105408,2024-01-01T00:00:00.000,2024-12-31T23:55:00.000,105408,ถ.ราชวิถี หน้ามหาวิทยาลัยสวนดุสิต,105408,0.0,0.0,0.0,0,0,0,0,0,2024,flood
FL.HKG.01,105408,2024-01-01T00:00:00.000,2024-12-31T23:55:00.000,105408,ถ.เพชรบุรีตัดใหม่ ช่วงสิงห์คอมเพล็กซ์,105408,0.0,15.0,0.0039740817,43,1,0,45,0,2024,flood
FL.JTG.01,105408,2024-01-01T00:00:00.000,2024-12-31T23:55:00.000,105408,ถ.จอมทอง ช่วงแยกจอมทอง,105408,0.0,19.3,0.003702755,46,2,0,48,0,2024,flood
FL.KSN.01,105408,2024-01-01T00:00:00.000,2024-12-31T23:55:00.000,105408,ถ.ลาดหญ้า วงเวียนใหญ่,105408,0.0,14.5,0.0017313676,15,0,0,21,0,2024,flood
FL.KTY.01,105408,2024-01-01T00:00:00.000,2024-12-31T23:55:00.000,105408,ถ.พระรามที่ 3 ช่วงตลาดฮ่องกง-ปีนัง,105408,0.0,0.0,0.0,0,0,0,0,0,2024,flood
FL.KTY.02,105408,2024-01-01T00:00:00.000,2024-12-31T23:55:00.000,105408,ซ.สุขุมวิท 22 (ด้านถนนพระรามที่ 4),105408,0.0,12.5,0.0032454842,38,0,0,51,0,2024,flood
FL.KTY.03,105408,2024-01-01T00:00:00.000,2024-12-31T23:55:00.000,105408,ถ.พระราม 3 ช่วงทางรถไฟ,105408,0.0,6.9,0.0006735732,4,0,0,16,0,2024,flood
FL.KTY.04,105408,2024-01-01T00:00:00.000,2024-12-31T23:55:00.000,105408,ถ.พระราม 4 ช่วงกล้วยน้ำไท,105408,0.0,0.0,0.0,0,0,0,0,0,2024,flood
FL.KTY.05,105408,2024-01-01T00:00:00.000,2024-12-31T23:55:00.000,105408,ถ.สุนทรโกษา แยก ณ ระนอง,105408,0.0,17.9,0.0226519809,139,9,0,470,0,2024,flood
FL.LSI.01,105408,2024-01-01T00:00:00.000,2024-12-31T23:55:00.000,105408,ซ.แจ้งวัฒนะ 14,0,,,,0,0,0,0,0,2024,flood
FL.LSI.02,105408,2024-01-01T00:00:00.000,2024-12-31T23:55:00.000,105408,ถ.งามวงศ์วาน แยกพงษ์เพชร,105408,0.0,13.5,0.0016364982,14,0,0,29,0,2024,flood
FL.LSI.03,105408,2024-01-01T00:00:00.000,2024-12-31T23:55:00.000,105408,ถ.แจ้งวัฒนะ หน้าศาลปกครองกลาง,96996,0.0,18.9,0.0095313209,81,5,0,151,0,2024,flood
FL.LSI.04,105408,2024-01-01T00:00:00.000,2024-12-31T23:55:00.000,105408,ถ.แจ้งวัฒนะขาเข้า (โลตัส),105408,0.0,20.0,0.0096947101,98,8,0,105,0,2024,flood
FL.LSI.05,105408,2024-01-01T00:00:00.000,2024-12-31T23:55:00.000,105408,ถ.แจ้งวัฒนะขาออก (มทบ. 11),105408,0.0,14.0,0.0020083865,23,0,0,23,0,2024,flood
FL.LSI.06,105408,2024-01-01T00:00:00.000,2024-12-31T23:55:00.000,105408,ถ.งามวงศ์วาน ซอยชินเขต,105408,0.0,3.8,0.0002570962,0,0,0,10,0,2024,flood
FL.MBR.01,105408,2024-01-01T00:00:00.000,2024-12-31T23:55:00.000,105408,ถ.สุวินทวงศ์ ช่วงแยกไปรษณีย์มีนบุรี,105408,0.0,11.2,0.0006090619,6,0,0,9,0,2024,flood
FL.PKN.01,105408,2024-01-01T00:00:00.000,2024-12-31T23:55:00.000,105408,ถ.สุขุมวิท ช่วงซอยสุขุมวิท 62,105408,0.0,0.0,0.0,0,0,0,0,0,2024,flood
FL.PNK.02,105408,2024-01-01T00:00:00.000,2024-12-31T23:55:00.000,105408,ถ.วิสุทธิ์กษัตริย์  หน้าวัดอินทรวิหาร,105408,0.0,0.0,0.0,0,0,0,0,0,2024,flood
FL.PPS.01,105408,2024-01-01T00:00:00.000,2024-12-31T23:55:00.000,105408,ถ.หลานหลวง หน้าธนาคารกรุงไทย,105408,0.0,9.2,0.0005122951,7,0,0,7,0,2024,flood
FL.PPS.02,105408,2024-01-01T00:00:00.000,2024-12-31T23:55:00.000,105408,ถ.หลวง ช่วงวัดเทพศิรินทราวาส,105408,0.0,0.0,0.0,0,0,0,0,0,2024,flood
FL.PTW.01,105408,2024-01-01T00:00:00.000,2024-12-31T23:55:00.000,105408,ถ.พระรามที่ 1 ช่วงสนามกีฬาแห่งชาติ,105408,0.0,5.0,0.0001318685,1,0,0,3,0,2024,flood
FL.PTW.02,105408,2024-01-01T00:00:00.000,2024-12-31T23:55:00.000,105408,ถ.พญาไท ช่วงมาบุญครอง,105408,0.0,7.1,0.0006612401,8,0,0,14,0,2024,flood
FL.PTW.03,105408,2024-01-01T00:00:00.000,2024-12-31T23:55:00.000,105408,ถ.พระรามที่ 1 ช่วงวัดปทุมวนาราม,105408,0.0,0.0,0.0,0,0,0,0,0,2024,flood
FL.PTW.04,105408,2024-01-01T00:00:00.000,2024-12-31T23:55:00.000,105408,ถ.พระรามที่ 4 หน้าวัน แบงค็อก,0,,,,0,0,0,0,0,2024,flood
FL.PTW.05,105408,2024-01-01T00:00:00.000,2024-12-31T23:55:00.000,105408,ถ.ราชดำริ หน้าโรงพยาบาลตำรวจ,100707,0.0,8.4,0.0004289672,6,0,0,6,0,2024,flood
FL.PWT.01,105408,2024-01-01T00:00:00.000,2024-12-31T23:55:00.000,105408,ถ.ศรีนครินทร์ ช่วงซีคอนสแควร์,105408,0.0,0.0,0.0,0,0,0,0,0,2024,flood
FL.PWT.02,105408,2024-01-01T00:00:00.000,2024-12-31T23:55:00.000,105408,ถ.เฉลิมพระเกียรติ ร.9 ช่วงแยกศรีอุดม,71015,0.0,11.4,0.0805139759,126,0,0,1681,0,2024,flood
FL.PYT.01,105408,2024-01-01T00:00:00.000,2024-12-31T23:55:00.000,105408,ถ.พหลโยธิน ช่วงหน้าสนามเป้า,105408,0.0,0.0,0.0,0,0,0,0,0,2024,flood
FL.PYT.02,105408,2024-01-01T00:00:00.000,2024-12-31T23:55:00.000,105408,ถ.พหลโยธิน ช่วงสะพานควาย,64247,0.0,10.2,0.0207122512,216,0,0,216,0,2024,flood
FL.PYT.03,105408,2024-01-01T00:00:00.000,2024-12-31T23:55:00.000,105408,ถ.พระราม6 ช่วงทางด่วน,105408,0.0,0.0,0.0,0,0,0,0,0,2024,flood
FL.PYT.04,105408,2024-01-01T00:00:00.000,2024-12-31T23:55:00.000,105408,ถ.สุทธิสารวินิจฉัย ซอย 19,105408,0.0,3.3,3.13069e-05,0,0,0,1,0,2024,flood
FL.PYT.05,105408,2024-01-01T00:00:00.000,2024-12-31T23:55:00.000,105408,ถ.พหลโยธิน ช่วงซอยสายลม,105408,0.0,0.0,0.0,0,0,0,0,0,2024,flood
FL.PYT.06,105408,2024-01-01T00:00:00.000,2024-12-31T23:55:00.000,105408,ถ.ประดิพัทธ์ ช่วงสะพานควาย,105408,0.0,5.6,5.31269e-05,1,0,0,1,0,2024,flood
FL.PYT.07,105408,2024-01-01T00:00:00.000,2024-12-31T23:55:00.000,105408,ถ.พหลโยธิน  ช่วงห้างบิ๊กซีสะพานควาย,105408,0.0,6.7,0.000599575,3,0,0,20,0,2024,flood
FL.RTW.01,105408,2024-01-01T00:00:00.000,2024-12-31T23:55:00.000,105408,ถ.ศรีอยุธยา ช่วงถนนพญาไท,105408,0.0,5.1,9.20234e-05,1,0,0,2,0,2024,flood
FL.RTW.02,105408,2024-01-01T00:00:00.000,2024-12-31T23:55:00.000,105408,ถ.เพชรบุรี ช่วงหน้าดอนบอสโก,105408,0.0,0.0,0.0,0,0,0,0,0,2024,flood
FL.RTW.03,105408,2024-01-01T00:00:00.000,2024-12-31T23:55:00.000,105408,ถ.เพชรบุรี ช่วงหน้าเมโทร,105408,0.0,0.0,0.0,0,0,0,0,0,2024,flood
FL.RTW.04,105408,2024-01-01T00:00:00.000,2024-12-31T23:55:00.000,105408,ถ.พญาไท ช่วงกรมปศุสัตว์,105408,0.0,0.0,0.0,0,0,0,0,0,2024,flood
FL.RTW.05,105408,2024-01-01T00:00:00.000,2024-12-31T23:55:00.000,105408,ถ.พระรามที่ 6 ช่วงตลาดประแจจีน,105408,0.0,0.0,0.0,0,0,0,0,0,2024,flood
FL.RTW.06,105408,2024-01-01T00:00:00.000,2024-12-31T23:55:00.000,105408,ถ.ราชวิถี ช่วงสวนสันติภาพ,105408,0.0,0.0,0.0,0,0,0,0,0,2024,flood
FL.RTW.07,105408,2024-01-01T00:00:00.000,2024-12-31T23:55:00.000,105408,ถ.ศรีอยุธยา ช่วงโรงเรียนสันติราษฏร์วิทยาลัย,105408,0.0,0.0,0.0,0,0,0,0,0,2024,flood
FL.RTW.08,105408,2024-01-01T00:00:00.000,2024-12-31T23:55:00.000,105408,ถ.นิคมมักกะสัน แยกราชปรารภ,105408,0.0,28.1,0.0039826199,26,13,0,27,0,2024,flood
FL.RTW.09,105408,2024-01-01T00:00:00.000,2024-12-31T23:55:00.000,105408,ถ.บรรทัดทอง ช่วงถนนเพชรบุรี,105408,0.0,16.3,0.0064378415,68,1,0,89,0,2024,flood
FL.RTW.10,105408,2024-01-01T00:00:00.000,2024-12-31T23:55:00.000,105408,ถ.ศรีอยุธยา ช่วงโรงเรียนศรีอยุธยา,105408,0.0,12.6,0.0014913479,16,0,0,18,0,2024,flood
FL.RTW.11,105408,2024-01-01T00:00:00.000,2024-12-31T23:55:00.000,105408,ถ.พระรามที่ 6 ช่วงพิพิธภัณฑ์กรมทางหลวง,105408,0.0,0.0,0.0,0,0,0,0,0,2024,flood
FL.RTW.12,105408,2024-01-01T00:00:00.000,2024-12-31T23:55:00.000,105408,ถ.พระรามที่ 6 ช่วงกองการพัสดุ กรมทางหลวง,105408,0.0,9.1,0.0005388585,7,0,0,8,0,2024,flood
FL.SLG.01,105408,2024-01-01T00:00:00.000,2024-12-31T23:55:00.000,105408,ถ.พัฒนาการ แยกศรีนครินทร์,105408,0.0,22.9,0.0151572936,160,24,0,160,0,2024,flood
FL.SLG.02,105408,2024-01-01T00:00:00.000,2024-12-31T23:55:00.000,105408,ถ.รามคำแหง ซอย 3,105408,0.0,0.0,0.0,0,0,0,0,0,2024,flood
FL.SLG.03,105408,2024-01-01T00:00:00.000,2024-12-31T23:55:00.000,105408,"""ถ.พัฒนาการ ช่วงธนาคารกรุงไทย """,105408,0.0,25.7,0.0050935413,36,14,0,43,0,2024,flood
FL.SMI.01,105408,2024-01-01T00:00:00.000,2024-12-31T23:55:00.000,105408,ถ.พหลโยธิน ช่วงซอยพหลโยธิน 60/1,105408,0.0,44.1,0.0190431466,90,67,13,91,0,2024,flood
FL.SPW.01,105408,2024-01-01T00:00:00.000,2024-12-31T23:55:00.000,105408,ถ.เจริญกรุง แยกแปลงนาม,105408,0.0,16.7,0.001335762,12,3,0,13,0,2024,flood
FL.SPW.02,105408,2024-01-01T00:00:00.000,2024-12-31T23:55:00.000,105408,ถ.เยาวราช ช่วงแยกราชวงศ์,105408,0.0,13.0,0.004336483,44,0,0,70,0,2024,flood
FL.STN.01,105408,2024-01-01T00:00:00.000,2024-12-31T23:55:00.000,105408,ถ.จันทน์ ซอย 28/2,105408,0.0,6.8,0.0001128947,2,0,0,2,0,2024,flood
FL.STN.02,105408,2024-01-01T00:00:00.000,2024-12-31T23:55:00.000,105408,ถ.เซนต์หลุยส์ 3,105408,0.0,16.6,0.0013319672,11,2,0,13,0,2024,flood
FL.STN.03,105408,2024-01-01T00:00:00.000,2024-12-31T23:55:00.000,105408,ถ.สาธุประดิษฐ์ ซอย 2,105408,0.0,23.5,0.0055991955,42,16,0,45,0,2024,flood
FL.STN.04,105408,2024-01-01T00:00:00.000,2024-12-31T23:55:00.000,105408,ถ.สวนพลู ช่วงตลาดสวนพลู,105408,0.0,21.4,0.0033972753,30,7,0,36,0,2024,flood
FL.WTL.01,105408,2024-01-01T00:00:00.000,2024-12-31T23:55:00.000,105408,ถ.ลาดพร้าว ช่วงตัดถนนประดิษฐ์มนูธรรม,105408,0.0,9.1,0.0012408925,16,0,0,19,0,2024,flood
FL.WTL.02,105408,2024-01-01T00:00:00.000,2024-12-31T23:55:00.000,105408,ถ.ลาดพร้าว ช่วงซอยลาดพร้าว 89,105408,0.0,9.1,0.0161382438,170,0,0,342,0,2024,flood
FL.WTL.03,105408,2024-01-01T00:00:00.000,2024-12-31T23:55:00.000,105408,ซ.รามคำแหง 43/1,105408,0.0,0.0,0.0,0,0,0,0,0,2024,flood
FL.WTL.04,105408,2024-01-01T00:00:00.000,2024-12-31T23:55:00.000,105408,ซ.รามคำแหง 65 (ซอยมหาดไทย),105408,0.0,1.1,0.0001717137,0,0,0,59,0,2024,flood
FL.WTN.01,105408,2024-01-01T00:00:00.000,2024-12-31T23:55:00.000,105408,ซ.สุขุมวิท 39 (ซอยพร้อมพงษ์),60123,0.0,50.0,0.0145900903,33,8,7,118,0,2024,flood
FL.WTN.02,105408,2024-01-01T00:00:00.000,2024-12-31T23:55:00.000,105408,ถ.อโศกมนตรี ช่วงแยกชิโนไทย,104427,0.0,0.0,0.0,0,0,0,0,0,2024,flood
FL.WTN.03,105408,2024-01-01T00:00:00.000,2024-12-31T23:55:00.000,105408,ถ.สุขุมวิท 71 ช่วงซอยปรีดีพนมยงค์ 20,85758,0.0,20.4,0.0092341239,68,15,0,76,0,2024,flood
FL.BBN.01,105120,2025-01-01T00:00:00.000,2025-12-31T23:55:00.000,105120,ถ.เอกชัย ช่วงห้างบิ๊กซีบางบอน,105120,0.0,22.4,0.0099590944,83,21,0,109,0,2025,flood
FL.BBN.02,105120,2025-01-01T00:00:00.000,2025-12-31T23:55:00.000,105120,ถ.เอกชัย ซอย 60,105120,0.0,26.7,0.0096270928,61,34,0,92,0,2025,flood
FL.BKA.01,105120,2025-01-01T00:00:00.000,2025-12-31T23:55:00.000,105120,ถ.พหลโยธิน ช่วงวงเวียนบางเขน,0,,,,0,0,0,0,0,2025,flood
FL.BKA.02,105120,2025-01-01T00:00:00.000,2025-12-31T23:55:00.000,105120,ถ.พหลโยธิน ช่วงซอยพหลโยธิน 55/1,105120,0.0,10.4,0.005369102,6,0,0,130,0,2025,flood
FL.BKE.01,105120,2025-01-01T00:00:00.000,2025-12-31T23:55:00.000,105120,ถ.เพชรเกษม แยกวงแหวนกาญจนาภิเษก,105119,0.0,14.5,0.0017589589,16,0,0,16,0,2025,flood
FL.BKE.02,105120,2025-01-01T00:00:00.000,2025-12-31T23:55:00.000,105120,ถ.เพชรเกษม ช่วงซอยวัดม่วง,105120,0.0,23.5,0.0031868341,32,8,0,34,0,2025,flood
FL.BKL.01,105120,2025-01-01T00:00:00.000,2025-12-31T23:55:00.000,105120,ถ.เจริญกรุง ช่วงวัดราชสิงขร,0,,,,0,0,0,0,0,2025,flood
FL.BKM.01,105120,2025-01-01T00:00:00.000,2025-12-31T23:55:00.000,105120,ถ.นวมินทร์ ช่วงซอย 46 (สันติอโศก),105120,0.0,33.8,0.0257848174,188,74,10,192,0,2025,flood
FL.BKM.02,105120,2025-01-01T00:00:00.000,2025-12-31T23:55:00.000,105120,ถ.นวมินทร์ ช่วงซอย 135,105120,0.0,21.8,0.0068302892,48,20,0,71,0,2025,flood
FL.BKN.01,105120,2025-01-01T00:00:00.000,2025-12-31T23:55:00.000,105120,ถ.อิสรภาพ ช่วงตลาดพรานนก,103505,0.0,16.2,0.0040732332,39,4,0,65,0,2025,flood
FL.BKN.02,105120,2025-01-01T00:00:00.000,2025-12-31T23:55:00.000,105120,ถ.บรมราชชนนี ช่วงสายใต้,105120,0.0,4.6,0.0001236682,0,0,0,6,0,2025,flood
FL.BKP.01,105120,2025-01-01T00:00:00.000,2025-12-31T23:55:00.000,105120,ถ.ลาดพร้าว แม็คโคร,105120,0.0,0.0,0.0,0,0,0,0,0,2025,flood
FL.BKP.02,105120,2025-01-01T00:00:00.000,2025-12-31T23:55:00.000,105120,ถ.ศรีนครินทร์ หน้าบริษัทกรีนสปอร์ต,61678,0.0,13.9,0.0009776582,7,0,0,8,0,2025,flood
FL.BKT.01,105120,2025-01-01T00:00:00.000,2025-12-31T23:55:00.000,105120,ถ.บางขุนเทียน ชายทะเล ช่วงถ.พระรามที่ 2,105116,0.0,4.6,0.0002159519,0,0,0,10,0,2025,flood
FL.BNA.01,105120,2025-01-01T00:00:00.000,2025-12-31T23:55:00.000,105120,ถ.สุขุมวิท ช่วงกรมอุตุนิยมวิทยา,105120,0.0,9.1,0.0011577245,16,0,0,17,0,2025,flood
FL.BNA.02,105120,2025-01-01T00:00:00.000,2025-12-31T23:55:00.000,105120,ถ.ศรีนครินทร์ ช่วงวัดศรีเอี่ยม,105120,0.0,15.2,0.0100732496,97,1,0,101,0,2025,flood
FL.BNA.03,105120,2025-01-01T00:00:00.000,2025-12-31T23:55:00.000,105120,ถ.สุขุมวิท ช่วงแยกบางนา,105120,0.0,32.5,0.0087842466,38,31,1,131,0,2025,flood
FL.BNA.04,105120,2025-01-01T00:00:00.000,2025-12-31T23:55:00.000,105120,ถ.สุขุมวิท ช่วงแบริ่ง,105118,0.0,25.7,0.030034818,240,80,0,267,0,2025,flood
FL.BNA.05,105120,2025-01-01T00:00:00.000,2025-12-31T23:55:00.000,105120,ถ.อุดมสุข ช่วงซอยอุดมสุข 1,105120,0.0,0.0,0.0,0,0,0,0,0,2025,flood
FL.BRK.01,105120,2025-01-01T00:00:00.000,2025-12-31T23:55:00.000,105120,ถ.สุรวงศ์ ช่วงทางด่วน,105120,0.0,13.7,0.000664003,8,0,0,8,0,2025,flood
FL.BRK.02,105120,2025-01-01T00:00:00.000,2025-12-31T23:55:00.000,105120,ถ.สีลม ช่วงถนนคอนแวนต์,105120,0.0,0.0,0.0,0,0,0,0,0,2025,flood
FL.BSU.01,105120,2025-01-01T00:00:00.000,2025-12-31T23:55:00.000,105120,ถ.ประชาราษฏร์ แยกเตาปูน,41733,0.0,4.6,0.0028802147,0,0,0,32,0,2025,flood
FL.CTC.01,105120,2025-01-01T00:00:00.000,2025-12-31T23:55:00.000,105120,ถ.รัชดาภิเษก ช่วงแยกลาดพร้าว (หน้าธนาคารกรุงเทพ),105120,0.0,21.9,0.0103624429,71,38,0,76,0,2025,flood
FL.CTC.02,105120,2025-01-01T00:00:00.000,2025-12-31T23:55:00.000,105120,ถ.กำแพงเพชร 3,105120,0.0,0.0,0.0,0,0,0,0,0,2025,flood
FL.CTC.03,105120,2025-01-01T00:00:00.000,2025-12-31T23:55:00.000,105120,ถ.พหลโยธิน ช่วงแยกเกษตร,98329,0.0,32.7,0.0208595633,89,75,9,90,0,2025,flood
FL.CTC.04,105120,2025-01-01T00:00:00.000,2025-12-31T23:55:00.000,105120,ถ.เทศบาลสงเคราะห์ ช่วงตลาดประชานิเวศน์,105120,0.0,27.5,0.0248116438,162,84,0,201,0,2025,flood
FL.CTC.05,105120,2025-01-01T00:00:00.000,2025-12-31T23:55:00.000,105120,ถ.พหลโยธิน หน้ากรมการขนส่งทางบก,105120,0.0,25.1,0.007380137,46,31,0,56,0,2025,flood
FL.CTC.06,105120,2025-01-01T00:00:00.000,2025-12-31T23:55:00.000,105120,ถ.งามวงศ์วาน ช่วงแยกเกษตร,105120,0.0,12.7,0.0048059361,42,0,0,86,0,2025,flood
FL.CTC.07,105120,2025-01-01T00:00:00.000,2025-12-31T23:55:00.000,105120,ซ.เสนานิคม,105120,0.0,41.4,0.0276778919,112,90,45,112,0,2025,flood
FL.DDG.01,105120,2025-01-01T00:00:00.000,2025-12-31T23:55:00.000,105120,ถ.รัชดาภิเษก ช่วงแยกเทียมร่วมมิตร,105120,0.0,29.9,0.0129414003,88,37,0,113,0,2025,flood
FL.DDG.02,105120,2025-01-01T00:00:00.000,2025-12-31T23:55:00.000,105120,ถ.ประชาสงเคราะห์ ตลาดห้วยขวาง,105120,0.0,33.0,0.0228243912,134,79,10,161,0,2025,flood
FL.DDG.03,105120,2025-01-01T00:00:00.000,2025-12-31T23:55:00.000,105120,ถ.ดินแดง ซอยสุทธิพร 2,105120,0.0,22.4,0.0036472603,31,9,0,36,0,2025,flood
FL.DDG.04,105120,2025-01-01T00:00:00.000,2025-12-31T23:55:00.000,105120,ถ.รัชดาภิเษก ช่วงคลองบางซื่อ,105120,0.0,2.2,2.09285e-05,0,0,0,1,0,2025,flood
FL.DDG.05,105120,2025-01-01T00:00:00.000,2025-12-31T23:55:00.000,105120,ถ.รัชดาภิเษก สถานฑูตจีน,105119,0.0,26.9,0.0062367412,51,14,0,69,0,2025,flood
FL.DDG.06,105120,2025-01-01T00:00:00.000,2025-12-31T23:55:00.000,105120,ถ.ประชาสุข ซ.อินทามระ 53,105120,0.0,10.2,0.0017151826,12,0,0,37,0,2025,flood
FL.DDG.07,105120,2025-01-01T00:00:00.000,2025-12-31T23:55:00.000,105120,ถ.วิภาวดี(ขาออก) ช่วงกรมทหารราบที่ 1,105120,0.0,23.2,0.0023915525,14,10,0,18,0,2025,flood
FL.DDG.08,105120,2025-01-01T00:00:00.000,2025-12-31T23:55:00.000,105120,ถ.ดินแดง ช่วงโรงเรียนพิบูลประชาสรรค์,105120,0.0,14.3,0.0643160198,123,0,0,1579,0,2025,flood
FL.DST.01,105120,2025-01-01T00:00:00.000,2025-12-31T23:55:00.000,105120,ถ.พิษณุโลก ช่วงบ้านพิษณุโลก,0,,,,0,0,0,0,0,2025,flood
FL.DST.02,105120,2025-01-01T00:00:00.000,2025-12-31T23:55:00.000,105120,ถ.สามเสน ช่วงแยกเกียกกาย,0,,,,0,0,0,0,0,2025,flood
FL.DST.03,105120,2025-01-01T00:00:00.000,2025-12-31T23:55:00.000,105120,ถ.ศรีอยุธยา ลานพระราชวังดุสิต,105119,0.0,16.8,0.0001598189,1,1,0,1,0,2025,flood
FL.DST.04,105120,2025-01-01T00:00:00.000,2025-12-31T23:55:00.000,105120,ถ.ราชสีมา แยกอู่ทองนอก,105120,0.0,0.0,0.0,0,0,0,0,0,2025,flood
FL.DST.05,105120,2025-01-01T00:00:00.000,2025-12-31T23:55:00.000,105120,ถ.นครไชยศรี (กรมสรรพสามิต),0,,,,0,0,0,0,0,2025,flood
FL.DST.06,105120,2025-01-01T00:00:00.000,2025-12-31T23:55:00.000,105120,ถ.ราชวิถี เชิงสะพานกรุงธนบุรี,105105,0.0,13.5,0.0021026592,23,0,0,24,0,2025,flood
FL.DST.07,105120,2025-01-01T00:00:00.000,2025-12-31T23:55:00.000,105120,ถ.นครไชยศรี ช่วงตลาดศรีย่าน,105111,0.0,3.6,0.0001798099,0,0,0,24,0,2025,flood
FL.DST.08,105120,2025-01-01T00:00:00.000,2025-12-31T23:55:00.000,105120,ถ.ราชวิถี หน้ามหาวิทยาลัยสวนดุสิต,105110,0.0,7.2,0.0012320426,14,0,0,26,0,2025,flood
FL.HKG.01,105120,2025-01-01T00:00:00.000,2025-12-31T23:55:00.000,105120,ถ.เพชรบุรีตัดใหม่ ช่วงสิงห์คอมเพล็กซ์,94868,0.0,21.5,0.0090199013,82,10,0,84,0,2025,flood
FL.JTG.01,105120,2025-01-01T00:00:00.000,2025-12-31T23:55:00.000,105120,ถ.จอมทอง ช่วงแยกจอมทอง,105095,0.0,21.8,0.0038403349,30,13,0,32,0,2025,flood
FL.KSN.01,105120,2025-01-01T00:00:00.000,2025-12-31T23:55:00.000,105120,ถ.ลาดหญ้า วงเวียนใหญ่,105120,0.0,12.4,0.0051702816,61,0,0,80,0,2025,flood
FL.KTY.01,105120,2025-01-01T00:00:00.000,2025-12-31T23:55:00.000,105120,ถ.พระรามที่ 3 ช่วงตลาดฮ่องกง-ปีนัง,49245,0.0,0.0,0.0,0,0,0,0,0,2025,flood
FL.KTY.02,105120,2025-01-01T00:00:00.000,2025-12-31T23:55:00.000,105120,ซ.สุขุมวิท 22 (ด้านถนนพระรามที่ 4),105120,0.0,16.3,0.0035378615,31,6,0,38,0,2025,flood
FL.KTY.03,105120,2025-01-01T00:00:00.000,2025-12-31T23:55:00.000,105120,ถ.พระราม 3 ช่วงทางรถไฟ,105120,0.0,19.6,0.0030175038,26,5,0,31,0,2025,flood
FL.KTY.04,105120,2025-01-01T00:00:00.000,2025-12-31T23:55:00.000,105120,ถ.พระราม 4 ช่วงกล้วยน้ำไท,105120,0.0,9.9,0.0011510654,16,0,0,18,0,2025,flood
FL.KTY.05,105120,2025-01-01T00:00:00.000,2025-12-31T23:55:00.000,105120,ถ.สุนทรโกษา แยก ณ ระนอง,105120,0.0,0.0,0.0,0,0,0,0,0,2025,flood
FL.LSI.01,105120,2025-01-01T00:00:00.000,2025-12-31T23:55:00.000,105120,ซ.แจ้งวัฒนะ 14,0,,,,0,0,0,0,0,2025,flood
FL.LSI.02,105120,2025-01-01T00:00:00.000,2025-12-31T23:55:00.000,105120,ถ.งามวงศ์วาน แยกพงษ์เพชร,105120,0.0,23.5,0.0229233257,177,54,0,204,0,2025,flood
FL.LSI.03,105120,2025-01-01T00:00:00.000,2025-12-31T23:55:00.000,105120,ถ.แจ้งวัฒนะ หน้าศาลปกครองกลาง,105118,0.0,21.2,0.0080680759,43,1,0,269,0,2025,flood
FL.LSI.04,105120,2025-01-01T00:00:00.000,2025-12-31T23:55:00.000,105120,ถ.แจ้งวัฒนะขาเข้า (โลตัส),105120,0.0,24.1,0.0074381659,69,9,0,74,0,2025,flood
FL.LSI.05,105120,2025-01-01T00:00:00.000,2025-12-31T23:55:00.000,105120,ถ.แจ้งวัฒนะขาออก (มทบ. 11),105120,0.0,16.6,0.0023544521,25,1,0,25,0,2025,flood
FL.LSI.06,105120,2025-01-01T00:00:00.000,2025-12-31T23:55:00.000,105120,ถ.งามวงศ์วาน ซอยชินเขต,105120,0.0,15.2,0.0120605023,133,1,0,176,0,2025,flood
FL.MBR.01,105120,2025-01-01T00:00:00.000,2025-12-31T23:55:00.000,105120,ถ.สุวินทวงศ์ ช่วงแยกไปรษณีย์มีนบุรี,62817,0.0,0.0,0.0,0,0,0,0,0,2025,flood
FL.PKN.01,105120,2025-01-01T00:00:00.000,2025-12-31T23:55:00.000,105120,ถ.สุขุมวิท ช่วงซอยสุขุมวิท 62,105120,0.0,12.0,0.0064592846,2,0,0,212,0,2025,flood
FL.PNK.02,105120,2025-01-01T00:00:00.000,2025-12-31T23:55:00.000,105120,ถ.วิสุทธิ์กษัตริย์  หน้าวัดอินทรวิหาร,105118,0.0,0.0,0.0,0,0,0,0,0,2025,flood
FL.PPS.01,105120,2025-01-01T00:00:00.000,2025-12-31T23:55:00.000,105120,ถ.หลานหลวง หน้าธนาคารกรุงไทย,105120,0.0,18.5,0.0056402207,62,6,0,74,0,2025,flood
FL.PPS.02,105120,2025-01-01T00:00:00.000,2025-12-31T23:55:00.000,105120,ถ.หลวง ช่วงวัดเทพศิรินทราวาส,105120,0.0,0.0,0.0,0,0,0,0,0,2025,flood
FL.PTW.01,105120,2025-01-01T00:00:00.000,2025-12-31T23:55:00.000,105120,ถ.พระรามที่ 1 ช่วงสนามกีฬาแห่งชาติ,105120,0.0,31.4,0.0070338661,48,21,2,50,0,2025,flood
FL.PTW.02,105120,2025-01-01T00:00:00.000,2025-12-31T23:55:00.000,105120,ถ.พญาไท ช่วงมาบุญครอง,105120,0.0,25.7,0.0045462329,28,15,0,43,0,2025,flood
FL.PTW.03,105120,2025-01-01T00:00:00.000,2025-12-31T23:55:00.000,105120,ถ.พระรามที่ 1 ช่วงวัดปทุมวนาราม,105120,0.0,15.3,0.0034227549,10,1,0,167,0,2025,flood
FL.PTW.04,105120,2025-01-01T00:00:00.000,2025-12-31T23:55:00.000,105120,ถ.พระรามที่ 4 หน้าวัน แบงค็อก,0,,,,0,0,0,0,0,2025,flood
FL.PTW.05,105120,2025-01-01T00:00:00.000,2025-12-31T23:55:00.000,105120,ถ.ราชดำริ หน้าโรงพยาบาลตำรวจ,105120,0.0,34.4,0.0098354262,48,34,13,53,0,2025,flood
FL.PWT.01,105120,2025-01-01T00:00:00.000,2025-12-31T23:55:00.000,105120,ถ.ศรีนครินทร์ ช่วงซีคอนสแควร์,105120,0.0,10.3,0.0011558219,12,0,0,18,0,2025,flood
FL.PWT.02,105120,2025-01-01T00:00:00.000,2025-12-31T23:55:00.000,105120,ถ.เฉลิมพระเกียรติ ร.9 ช่วงแยกศรีอุดม,105117,0.0,21.8,0.0388538486,326,39,0,620,0,2025,flood
FL.PYT.01,105120,2025-01-01T00:00:00.000,2025-12-31T23:55:00.000,105120,ถ.พหลโยธิน ช่วงหน้าสนามเป้า,105120,0.0,25.8,0.0080612633,56,29,0,56,0,2025,flood
FL.PYT.02,105120,2025-01-01T00:00:00.000,2025-12-31T23:55:00.000,105120,ถ.พหลโยธิน ช่วงสะพานควาย,83700,0.0,34.1,0.0317132616,191,48,14,191,0,2025,flood
FL.PYT.03,105120,2025-01-01T00:00:00.000,2025-12-31T23:55:00.000,105120,ถ.พระราม6 ช่วงทางด่วน,105120,0.0,13.7,0.0026560122,28,0,0,28,0,2025,flood
FL.PYT.04,105120,2025-01-01T00:00:00.000,2025-12-31T23:55:00.000,105120,ถ.สุทธิสารวินิจฉัย ซอย 19,105120,0.0,21.2,0.0035359589,28,9,0,31,0,2025,flood
FL.PYT.05,105120,2025-01-01T00:00:00.000,2025-12-31T23:55:00.000,105120,ถ.พหลโยธิน ช่วงซอยสายลม,104411,0.0,25.0,0.0085833868,56,32,0,56,0,2025,flood
FL.PYT.06,105120,2025-01-01T00:00:00.000,2025-12-31T23:55:00.000,105120,ถ.ประดิพัทธ์ ช่วงสะพานควาย,105120,0.0,28.7,0.0095605023,52,36,0,53,0,2025,flood
FL.PYT.07,105120,2025-01-01T00:00:00.000,2025-12-31T23:55:00.000,105120,ถ.พหลโยธิน  ช่วงห้างบิ๊กซีสะพานควาย,105120,0.0,21.2,0.0042151826,34,11,0,46,0,2025,flood
FL.RTW.01,105120,2025-01-01T00:00:00.000,2025-12-31T23:55:00.000,105120,ถ.ศรีอยุธยา ช่วงถนนพญาไท,105120,0.0,6.4,0.000119863,2,0,0,2,0,2025,flood
FL.RTW.02,105120,2025-01-01T00:00:00.000,2025-12-31T23:55:00.000,105120,ถ.เพชรบุรี ช่วงหน้าดอนบอสโก,105120,0.0,0.0,0.0,0,0,0,0,0,2025,flood
FL.RTW.03,105120,2025-01-01T00:00:00.000,2025-12-31T23:55:00.000,105120,ถ.เพชรบุรี ช่วงหน้าเมโทร,25660,0.0,0.0,0.0,0,0,0,0,0,2025,flood
FL.RTW.04,105120,2025-01-01T00:00:00.000,2025-12-31T23:55:00.000,105120,ถ.พญาไท ช่วงกรมปศุสัตว์,105120,0.0,21.8,0.008821347,85,14,0,93,0,2025,flood
FL.RTW.05,105120,2025-01-01T00:00:00.000,2025-12-31T23:55:00.000,105120,ถ.พระรามที่ 6 ช่วงตลาดประแจจีน,105120,0.0,17.1,0.0039288432,36,9,0,36,0,2025,flood
FL.RTW.06,105120,2025-01-01T00:00:00.000,2025-12-31T23:55:00.000,105120,ถ.ราชวิถี ช่วงสวนสันติภาพ,105120,0.0,0.0,0.0,0,0,0,0,0,2025,flood
FL.RTW.07,105120,2025-01-01T00:00:00.000,2025-12-31T23:55:00.000,105120,ถ.ศรีอยุธยา ช่วงโรงเรียนสันติราษฏร์วิทยาลัย,105119,0.0,18.5,0.0059332756,49,10,0,49,0,2025,flood
FL.RTW.08,105120,2025-01-01T00:00:00.000,2025-12-31T23:55:00.000,105120,ถ.นิคมมักกะสัน แยกราชปรารภ,105120,0.0,37.0,0.0132134703,66,50,14,67,0,2025,flood
FL.RTW.09,105120,2025-01-01T00:00:00.000,2025-12-31T23:55:00.000,105120,ถ.บรรทัดทอง ช่วงถนนเพชรบุรี,105120,0.0,25.9,0.0202929985,163,39,0,210,0,2025,flood
FL.RTW.10,105120,2025-01-01T00:00:00.000,2025-12-31T23:55:00.000,105120,ถ.ศรีอยุธยา ช่วงโรงเรียนศรีอยุธยา,105120,0.0,35.1,0.0052587519,27,14,7,34,0,2025,flood
FL.RTW.11,105120,2025-01-01T00:00:00.000,2025-12-31T23:55:00.000,105120,ถ.พระรามที่ 6 ช่วงพิพิธภัณฑ์กรมทางหลวง,105120,0.0,16.8,0.0043978311,37,10,0,48,0,2025,flood
FL.RTW.12,105120,2025-01-01T00:00:00.000,2025-12-31T23:55:00.000,105120,ถ.พระรามที่ 6 ช่วงกองการพัสดุ กรมทางหลวง,105120,0.0,16.9,0.0068778539,66,10,0,70,0,2025,flood
FL.SLG.01,105120,2025-01-01T00:00:00.000,2025-12-31T23:55:00.000,105120,ถ.พัฒนาการ แยกศรีนครินทร์,105120,0.0,23.6,0.0116704718,137,3,0,147,0,2025,flood
FL.SLG.02,105120,2025-01-01T00:00:00.000,2025-12-31T23:55:00.000,105120,ถ.รามคำแหง ซอย 3,67515,0.0,4.9,0.0002177294,0,0,0,4,0,2025,flood
FL.SLG.03,105120,2025-01-01T00:00:00.000,2025-12-31T23:55:00.000,105120,"""ถ.พัฒนาการ ช่วงธนาคารกรุงไทย """,105119,0.0,35.3,0.0212930108,134,70,10,145,0,2025,flood
FL.SMI.01,105120,2025-01-01T00:00:00.000,2025-12-31T23:55:00.000,105120,ถ.พหลโยธิน ช่วงซอยพหลโยธิน 60/1,105120,0.0,46.4,0.0325057078,130,98,52,130,0,2025,flood
FL.SPW.01,105120,2025-01-01T00:00:00.000,2025-12-31T23:55:00.000,105120,ถ.เจริญกรุง แยกแปลงนาม,105120,0.0,16.2,0.0031601979,28,3,0,31,0,2025,flood
FL.SPW.02,105120,2025-01-01T00:00:00.000,2025-12-31T23:55:00.000,105120,ถ.เยาวราช ช่วงแยกราชวงศ์,105120,0.0,10.3,0.0066600076,76,0,0,122,0,2025,flood
FL.STN.01,105120,2025-01-01T00:00:00.000,2025-12-31T23:55:00.000,105120,ถ.จันทน์ ซอย 28/2,105120,0.0,33.6,0.0069767884,42,21,4,47,0,2025,flood
FL.STN.02,105120,2025-01-01T00:00:00.000,2025-12-31T23:55:00.000,105120,ถ.เซนต์หลุยส์ 3,105120,0.0,9.5,0.0005241629,7,0,0,7,0,2025,flood
FL.STN.03,105120,2025-01-01T00:00:00.000,2025-12-31T23:55:00.000,105120,ถ.สาธุประดิษฐ์ ซอย 2,105120,0.0,33.4,0.0166657154,92,60,9,93,0,2025,flood
FL.STN.04,105120,2025-01-01T00:00:00.000,2025-12-31T23:55:00.000,105120,ถ.สวนพลู ช่วงตลาดสวนพลู,105120,0.0,1.2,0.0042541857,0,0,0,533,0,2025,flood
FL.WTL.01,105120,2025-01-01T00:00:00.000,2025-12-31T23:55:00.000,105120,ถ.ลาดพร้าว ช่วงตัดถนนประดิษฐ์มนูธรรม,99799,0.0,20.4,0.0017364903,18,1,0,30,0,2025,flood
FL.WTL.02,105120,2025-01-01T00:00:00.000,2025-12-31T23:55:00.000,105120,ถ.ลาดพร้าว ช่วงซอยลาดพร้าว 89,104661,0.0,11.9,0.0003229474,3,0,0,5,0,2025,flood
FL.WTL.03,105120,2025-01-01T00:00:00.000,2025-12-31T23:55:00.000,105120,ซ.รามคำแหง 43/1,105120,0.0,14.2,0.013789003,180,0,0,190,0,2025,flood
FL.WTL.04,105120,2025-01-01T00:00:00.000,2025-12-31T23:55:00.000,105120,ซ.รามคำแหง 65 (ซอยมหาดไทย),104692,0.0,17.3,0.0094496237,71,19,0,260,0,2025,flood
FL.WTN.01,105120,2025-01-01T00:00:00.000,2025-12-31T23:55:00.000,105120,ซ.สุขุมวิท 39 (ซอยพร้อมพงษ์),88484,0.0,61.5,0.0013663487,2,2,2,2,0,2025,flood
FL.WTN.02,105120,2025-01-01T00:00:00.000,2025-12-31T23:55:00.000,105120,ถ.อโศกมนตรี ช่วงแยกชิโนไทย,105118,0.0,8.3,0.0004670941,6,0,0,9,0,2025,flood
FL.WTN.03,105120,2025-01-01T00:00:00.000,2025-12-31T23:55:00.000,105120,ถ.สุขุมวิท 71 ช่วงซอยปรีดีพนมยงค์ 20,23679,0.0,0.0,0.0,0,0,0,0,0,2025,flood
