station,rows,ts_min,ts_max,n_ts,name,n_rf5min,min_rf5min,max_rf5min,avg_rf5min,n_rf15min,min_rf15min,max_rf15min,avg_rf15min,n_rf30min,min_rf30min,max_rf30min,avg_rf30min,n_rf1hr,min_rf1hr,max_rf1hr,avg_rf1hr,n_rf3hr,min_rf3hr,max_rf3hr,avg_rf3hr,n_rf6hr,min_rf6hr,max_rf6hr,avg_rf6hr,n_rf12hr,min_rf12hr,max_rf12hr,avg_rf12hr,n_rf24hr,min_rf24hr,max_rf24hr,avg_rf24hr,year,dataset
RF.BBN.01,105120,2019-01-01T00:00:00.000,2019-12-31T23:55:00.000,105120,สำนักงานเขตบางบอน,105120,0.0,12.0,0.0086044521,105120,0.0,24.5,0.0258133562,105120,0.0,46.0,0.0516267123,105120,0.0,66.5,0.1032534247,105120,0.0,67.5,0.309760274,105120,0.0,68.0,0.6195205479,105120,0.0,68.0,1.2390410959,105120,0.0,135.5,2.4759512938,2019,rain
RF.BBN.02,105120,2019-01-01T00:00:00.000,2019-12-31T23:55:00.000,105120,จุดวัดคลองบางบอน ตอนคลองสะแกงาม,105120,0.0,15.5,0.0104689878,105120,0.0,35.0,0.0314069635,105120,0.0,54.5,0.0628139269,105120,0.0,88.0,0.1256278539,105120,0.0,95.0,0.3768835616,105120,0.0,95.5,0.7537671233,105120,0.0,95.5,1.5075342466,105120,0.0,185.5,3.0150684932,2019,rain
RF.BKA.01,105120,2019-01-01T00:00:00.000,2019-12-31T23:55:00.000,105120,สำนักงานเขตบางเขน,105120,0.0,15.5,0.0099790715,105120,0.0,35.5,0.0299372146,105120,0.0,38.5,0.0598744292,105120,0.0,46.0,0.1197488584,105120,0.0,76.5,0.3592465753,105120,0.0,80.0,0.7184931507,105120,0.0,80.5,1.4369863014,105120,0.0,85.5,2.8739726027,2019,rain
RF.BKA.02,105120,2019-01-01T00:00:00.000,2019-12-31T23:55:00.000,105120,จุดวัดคลองบางบัว,105120,0.0,17.0,0.0097412481,105120,0.0,33.5,0.0292237443,105120,0.0,51.0,0.0584474886,105120,0.0,57.5,0.1168949772,105120,0.0,76.0,0.3506849315,105120,0.0,81.5,0.701369863,105120,0.0,81.5,1.402739726,105120,0.0,83.0,2.8054794521,2019,rain
RF.BKE.01,105120,2019-01-01T00:00:00.000,2019-12-31T23:55:00.000,105120,สำนักงานเขตบางแค,105120,0.0,13.0,0.0108019406,105120,0.0,34.5,0.0324058219,105120,0.0,57.0,0.0648116438,105120,0.0,79.0,0.1296232877,105120,0.0,86.0,0.388869863,105120,0.0,87.5,0.777739726,105120,0.0,87.5,1.5553415145,105120,0.0,169.5,3.1095034247,2019,rain
RF.BKE.02,105120,2019-01-01T00:00:00.000,2019-12-31T23:55:00.000,105120,จุดวัดคลองราชมนตรี ตอนคลองภาษีเจริญ,105120,0.0,13.5,0.0107781583,105120,0.0,39.5,0.0323344749,105120,0.0,56.0,0.0646689498,105120,0.0,70.5,0.1293378995,105120,0.0,73.0,0.3880136986,105120,0.0,73.0,0.7760273973,105120,0.0,73.0,1.5520547945,105120,0.0,145.5,3.104109589,2019,rain
RF.BKE.03,105120,2019-01-01T00:00:00.000,2019-12-31T23:55:00.000,105120,สถานีสูบน้ำคลองบางจาก,105120,0.0,11.0,0.0110825723,105120,0.0,28.5,0.0332477169,105120,0.0,53.0,0.0664954338,105120,0.0,86.5,0.1329908676,105120,0.0,126.5,0.3989726027,105120,0.0,126.5,0.7979452055,105120,0.0,126.5,1.595657344,105120,0.0,132.0,3.1907581811,2019,rain
RF.BKE.04,105120,2019-01-01T00:00:00.000,2019-12-31T23:55:00.000,105120,บ่อสูบน้ำหมู่บ้านเศรษฐกิจ ซอย 26,105120,0.0,16.5,0.0098268645,105120,0.0,43.0,0.0294805936,105120,0.0,75.5,0.0589611872,105120,0.0,124.0,0.1179223744,105120,0.0,158.5,0.3537671233,105120,0.0,159.0,0.7075294901,105120,0.0,159.0,1.4146118721,105120,0.0,159.0,2.8288384703,2019,rain
RF.BKL.01,105120,2019-01-01T00:00:00.000,2019-12-31T23:55:00.000,105120,สำนักงานเขตบางคอแหลม,105120,0.0,12.5,0.0082952816,105120,0.0,25.5,0.0248858447,105120,0.0,44.0,0.0497716895,105120,0.0,54.5,0.099543379,105120,0.0,55.0,0.298630137,105120,0.0,55.0,0.597260274,105120,0.0,55.5,1.1945205479,105120,0.0,63.0,2.3850456621,2019,rain
RF.BKL.02,105120,2019-01-01T00:00:00.000,2019-12-31T23:55:00.000,105120,สถานีสูบน้ำ คลองวัดไทร,105120,0.0,10.0,0.0079528158,105120,0.0,23.0,0.0238584475,105120,0.0,30.0,0.047716895,105120,0.0,44.5,0.09543379,105120,0.0,49.5,0.2863013699,105120,0.0,50.0,0.5726027397,105120,0.0,51.0,1.1452054795,105120,0.0,53.5,2.2904109589,2019,rain
RF.BKM.01,105120,2019-01-01T00:00:00.000,2019-12-31T23:55:00.000,105120,สำนักงานเขตบึงกุ่ม,105120,0.0,8.5,0.0063736682,105120,0.0,20.5,0.0191210046,105120,0.0,27.5,0.0382420091,105120,0.0,38.5,0.0764840183,105120,0.0,54.0,0.2294520548,105120,0.0,54.5,0.4589041096,105120,0.0,57.0,0.9178082192,105120,0.0,64.0,1.8356164384,2019,rain
RF.BKN.01,105120,2019-01-01T00:00:00.000,2019-12-31T23:55:00.000,105120,สำนักงานเขตบางกอกน้อย,105120,0.0,14.5,0.0128947869,105120,0.0,32.0,0.0386843607,105120,0.0,49.5,0.0773687215,105120,0.0,73.0,0.1547374429,105120,0.0,112.0,0.4642123288,105120,0.0,112.5,0.9284246575,105120,0.0,112.5,1.8568493151,105120,0.0,115.0,3.7110350076,2019,rain
RF.BKN.02,105120,2019-01-01T00:00:00.000,2019-12-31T23:55:00.000,105120,สถานีสูบน้ำ คลองมอญ,105120,0.0,13.0,0.0104071537,105120,0.0,30.0,0.0312214612,105120,0.0,42.0,0.0624429224,105120,0.0,46.5,0.1248858447,105120,0.0,60.0,0.3746575342,105120,0.0,60.5,0.7493150685,105120,0.0,70.0,1.498630137,105120,0.0,74.0,2.997260274,2019,rain
RF.BKP.02,105120,2019-01-01T00:00:00.000,2019-12-31T23:55:00.000,105120,จุดวัดคลองแสนแสบ ตอนสำนักงานเขตบางกะปิ,105120,0.0,11.0,0.0082144216,105120,0.0,27.0,0.0246432648,105120,0.0,36.0,0.0492865297,105120,0.0,38.5,0.0985730594,105120,0.0,51.5,0.2957191781,105120,0.0,51.5,0.5914383562,105120,0.0,53.0,1.1828767123,105120,0.0,66.5,2.3657534247,2019,rain
RF.BKT.01,105120,2019-01-01T00:00:00.000,2019-12-31T23:55:00.000,105120,สำนักงานเขตบางขุนเทียน,105120,0.0,10.5,0.0096033105,105120,0.0,22.5,0.0288099315,105120,0.0,35.0,0.057619863,105120,0.0,45.5,0.115239726,105120,0.0,64.5,0.3457191781,105120,0.0,72.5,0.6914383562,105120,0.0,74.5,1.3828767123,105120,0.0,91.0,2.761891172,2019,rain
RF.BKT.02,105120,2019-01-01T00:00:00.000,2019-12-31T23:55:00.000,105120,สถานีสูบน้ำ คลองเลนเปน,105120,0.0,11.0,0.0081002664,105120,0.0,22.5,0.0243007991,105120,0.0,42.5,0.0486015982,105120,0.0,56.0,0.0972031963,105120,0.0,59.0,0.291609589,105120,0.0,63.5,0.5832191781,105120,0.0,64.5,1.1664383562,105120,0.0,119.0,2.3328767123,2019,rain
RF.BKT.03,105120,2019-01-01T00:00:00.000,2019-12-31T23:55:00.000,105120,สถานีสูบน้ำ คลองระหาญ,105120,0.0,11.0,0.0089326484,105120,0.0,31.5,0.026674277,105120,0.0,56.0,0.0532867199,105120,0.0,85.0,0.1065116058,105120,0.0,97.0,0.3194111492,105120,0.0,97.0,0.6387604642,105120,0.0,97.0,1.2774590944,105120,0.0,168.5,2.5617770167,2019,rain
RF.BKT.04,105120,2019-01-01T00:00:00.000,2019-12-31T23:55:00.000,105120,สถานีสูบน้ำ คลองพระยาราชมนตรี,105120,0.0,9.0,0.0079861111,105120,0.0,21.5,0.0239630898,105120,0.0,40.0,0.0479356925,105120,0.0,56.5,0.095880898,105120,0.0,77.5,0.2876617199,105120,0.0,84.0,0.5753329528,105120,0.0,85.5,1.1506754186,105120,0.0,91.0,2.3013508371,2019,rain
RF.BKT.05,105120,2019-01-01T00:00:00.000,2019-12-31T23:55:00.000,105120,สถานีสูบน้ำ คลองสนามชัย,105120,0.0,10.0,0.0093369482,105120,0.0,26.5,0.0280108447,105120,0.0,50.0,0.0560216895,105120,0.0,87.5,0.112043379,105120,0.0,127.5,0.336130137,105120,0.0,135.5,0.672260274,105120,0.0,136.5,1.3445205479,105120,0.0,158.5,2.6890410959,2019,rain
RF.BKY.01,105120,2019-01-01T00:00:00.000,2019-12-31T23:55:00.000,105120,สำนักงานเขตบางกอกใหญ่,105120,0.0,11.0,0.0105546043,105120,0.0,27.0,0.0316638128,105120,0.0,48.0,0.0633276256,105120,0.0,64.0,0.1266552511,105120,0.0,64.0,0.3799657534,105120,0.0,64.0,0.7599315068,105120,0.0,64.0,1.5198630137,105120,0.0,81.5,3.0357305936,2019,rain
RF.BKY.02,105120,2019-01-01T00:00:00.000,2019-12-31T23:55:00.000,105120,สถานีสูบน้ำ คลองบางกอกใหญ่,105120,0.0,12.5,0.0102026256,105120,0.0,27.0,0.0306744673,105120,0.0,44.0,0.0618293379,105120,0.0,51.0,0.1242722603,105120,0.0,55.5,0.3740439498,105120,0.0,56.0,0.748701484,105120,0.0,74.5,1.4980165525,105120,0.0,78.5,2.9966276636,2019,rain
RF.BNA.01,105120,2019-01-01T00:00:00.000,2019-12-31T23:55:00.000,105120,สำนักงานเขตบางนา,105120,0.0,14.0,0.0095652588,105120,0.0,29.5,0.0286957763,105120,0.0,37.0,0.0573915525,105120,0.0,47.0,0.114783105,105120,0.0,47.5,0.3443493151,105120,0.0,48.0,0.6886986301,105120,0.0,48.0,1.3773972603,105120,0.0,53.0,2.7465515601,2019,rain
RF.BNA.02,105120,2019-01-01T00:00:00.000,2019-12-31T23:55:00.000,105120,สถานีสูบน้ำ บางนา,105120,0.0,12.5,0.0078767123,105120,0.0,28.0,0.023630137,105120,0.0,35.0,0.047260274,105120,0.0,45.0,0.0945205479,105120,0.0,48.5,0.2835616438,105120,0.0,48.5,0.5671232877,105120,0.0,48.5,1.1342465753,105120,0.0,48.5,2.2684931507,2019,rain
RF.BNA.03,105120,2019-01-01T00:00:00.000,2019-12-31T23:55:00.000,105120,จุดวัดคลองบางนา ตอนถนนศรีนครินทร์,105120,0.0,12.5,0.0088089802,105120,0.0,23.0,0.0264269406,105120,0.0,35.0,0.0528538813,105120,0.0,51.0,0.1057077626,105120,0.0,54.0,0.3174086758,105120,0.0,54.0,0.6359018265,105120,0.0,54.0,1.2728881279,105120,0.0,133.5,2.6344082953,2019,rain
RF.BPD.01,105120,2019-01-01T00:00:00.000,2019-12-31T23:55:00.000,105120,สำนักงานเขตบางพลัด,105120,0.0,11.5,0.0105308219,105120,0.0,26.0,0.0315924658,105120,0.0,49.0,0.0631849315,105120,0.0,73.0,0.126369863,105120,0.0,89.0,0.379109589,105120,0.0,89.5,0.7582191781,105120,0.0,89.5,1.5164383562,105120,0.0,94.0,3.0327435312,2019,rain
RF.BRK.01,105120,2019-01-01T00:00:00.000,2019-12-31T23:55:00.000,105120,สำนักงานเขตบางรัก,105120,0.0,12.0,0.0106307078,105120,0.0,30.5,0.0318921233,105120,0.0,45.0,0.0637842466,105120,0.0,68.0,0.1275684932,105120,0.0,75.5,0.3827054795,105120,0.0,77.0,0.7654109589,105120,0.0,77.5,1.5308219178,105120,0.0,90.5,3.0551179604,2019,rain
RF.BRK.02,105120,2019-01-01T00:00:00.000,2019-12-31T23:55:00.000,105120,สถานีสูบน้ำ กรุงเกษม,105120,0.0,10.0,0.0103928843,105120,0.0,27.5,0.031178653,105120,0.0,50.0,0.0623573059,105120,0.0,65.5,0.1247146119,105120,0.0,69.5,0.3741438356,105120,0.0,69.5,0.7482876712,105120,0.0,77.0,1.4965753425,105120,0.0,87.0,2.9931506849,2019,rain
RF.BSU.01,105120,2019-01-01T00:00:00.000,2019-12-31T23:55:00.000,105120,สำนักงานเขตบางซื่อ,105120,0.0,12.5,0.0089754566,105120,0.0,31.5,0.0269263699,105120,0.0,51.5,0.0538527397,105120,0.0,66.0,0.1077054795,105120,0.0,67.5,0.3231164384,105120,0.0,67.5,0.6462328767,105120,0.0,67.5,1.2924657534,105120,0.0,68.5,2.5849315068,2019,rain
RF.BSU.02,105120,2019-01-01T00:00:00.000,2019-12-31T23:55:00.000,105120,สถานีสูบน้ำ คลองบางเขนใหม่,105120,0.0,12.0,0.0095129376,105120,0.0,25.5,0.0285388128,105120,0.0,41.0,0.0570776256,105120,0.0,58.5,0.1141552511,105120,0.0,63.0,0.3424657534,105120,0.0,63.5,0.6849315068,105120,0.0,63.5,1.3698630137,105120,0.0,67.0,2.7397260274,2019,rain
RF.BSU.03,105120,2019-01-01T00:00:00.000,2019-12-31T23:55:00.000,105120,สถานีสูบน้ำ คลองบางซื่อ,105120,0.0,16.0,0.0082952816,105120,0.0,33.5,0.0248858447,105120,0.0,53.5,0.0497716895,105120,0.0,80.5,0.099543379,105120,0.0,97.5,0.298630137,105120,0.0,98.0,0.597260274,105120,0.0,98.0,1.1945205479,105120,0.0,99.0,2.3890410959,2019,rain
RF.BSU.04,105120,2019-01-01T00:00:00.000,2019-12-31T23:55:00.000,105120,บ่อสูบน้ำสะพานขวา ถนนประชาราษฎร์ สาย 2,105120,0.0,13.5,0.0099885845,105120,0.0,29.5,0.0299657534,105120,0.0,47.0,0.0599315068,105120,0.0,66.5,0.1198630137,105120,0.0,75.0,0.3595890411,105120,0.0,75.5,0.7191780822,105120,0.0,75.5,1.4383561644,105120,0.0,79.0,2.8767123288,2019,rain
RF.CTC.01,105120,2019-01-01T00:00:00.000,2019-12-31T23:55:00.000,105120,บ่อสูบน้ำศาลอาญา ถนนรัชดาภิเษก,105120,0.0,16.0,0.0112490487,105120,0.0,41.5,0.0337471461,105120,0.0,65.0,0.0674942922,105120,0.0,84.5,0.1349885845,105120,0.0,84.5,0.4049657534,105120,0.0,85.0,0.8099315068,105120,0.0,85.0,1.6198630137,105120,0.0,85.0,3.2397260274,2019,rain
RF.CTC.02,105120,2019-01-01T00:00:00.000,2019-12-31T23:55:00.000,105120,สถานีสูบน้ำ รัชดา-วิภาวดี,105120,0.0,19.0,0.0106972983,105120,0.0,47.0,0.032091895,105120,0.0,75.0,0.06418379,105120,0.0,90.0,0.1283675799,105120,0.0,90.5,0.3851027397,105120,0.0,90.5,0.7702054795,105120,0.0,90.5,1.5404109589,105120,0.0,90.5,3.0808219178,2019,rain
RF.CTC.03,105120,2019-01-01T00:00:00.000,2019-12-31T23:55:00.000,105120,จุดวัดถนนเทศบาลสงเคราะห์,105120,0.0,12.0,0.0101455479,105120,0.0,30.0,0.0304366438,105120,0.0,52.0,0.0608732877,105120,0.0,66.0,0.1217465753,105120,0.0,69.5,0.365239726,105120,0.0,73.5,0.7304794521,105120,0.0,74.5,1.4609589041,105120,0.0,77.5,2.9219178082,2019,rain
RF.DDG.02,105120,2019-01-01T00:00:00.000,2019-12-31T23:55:00.000,105120,ศูนย์ควบคุมระบบป้องกันน้ำท่วมกรุงเทพมหานคร สำนักการระบายน้ำ,105075,0.0,11.0,0.0095883892,105075,0.0,29.0,0.0287604092,105075,0.0,40.5,0.057525577,105075,0.0,74.0,0.1150559124,105075,0.0,87.0,0.3451772543,105075,0.0,87.0,0.6903449917,105075,0.0,87.0,1.3806947419,105075,0.0,99.5,2.7607185344,2019,rain
RF.DMG.01,105120,2019-01-01T00:00:00.000,2019-12-31T23:55:00.000,105120,สำนักงานเขตดอนเมือง,105120,0.0,9.0,0.0096746575,105120,0.0,21.0,0.0290239726,105120,0.0,32.0,0.0580479452,105120,0.0,52.0,0.1160958904,105120,0.0,58.5,0.3482876712,105120,0.0,58.5,0.6965753425,105120,0.0,58.5,1.3931506849,105120,0.0,58.5,2.7863013699,2019,rain
RF.DST.01,105120,2019-01-01T00:00:00.000,2019-12-31T23:55:00.000,105120,สำนักงานเขตดุสิต,105120,0.0,12.0,0.0105546043,105120,0.0,32.5,0.0316638128,105120,0.0,50.0,0.0633276256,105120,0.0,78.5,0.1266552511,105120,0.0,84.5,0.3799419711,105120,0.0,85.0,0.7597888128,105120,0.0,85.0,1.5193493151,105120,0.0,92.0,3.036282344,2019,rain
RF.DST.02,105120,2019-01-01T00:00:00.000,2019-12-31T23:55:00.000,105120,สถานีสูบน้ำ สามเสน,105120,0.0,12.0,0.0099267504,105120,0.0,27.5,0.0297802511,105120,0.0,49.0,0.0595605023,105120,0.0,76.0,0.1191210046,105120,0.0,96.5,0.3573630137,105120,0.0,97.0,0.7147260274,105120,0.0,97.0,1.4294520548,105120,0.0,102.0,2.8589041096,2019,rain
RF.HKG.01,105120,2019-01-01T00:00:00.000,2019-12-31T23:55:00.000,105120,สำนักงานเขตห้วยขวาง,105120,0.0,13.0,0.009831621,105120,0.0,31.0,0.029494863,105120,0.0,55.5,0.058989726,105120,0.0,96.0,0.1179794521,105120,0.0,102.5,0.3539383562,105120,0.0,102.5,0.7078767123,105120,0.0,102.5,1.4157534247,105120,0.0,102.5,2.8315068493,2019,rain
RF.HKG.02,105120,2019-01-01T00:00:00.000,2019-12-31T23:55:00.000,105120,สถานีสูบน้ำ สามเสน ตอนคลองแสนแสบ,105120,0.0,17.0,0.0094225647,105120,0.0,32.0,0.0283152588,105120,0.0,46.5,0.0566542998,105120,0.0,67.0,0.113332382,105120,0.0,72.0,0.3401255708,105120,0.0,75.0,0.6857163242,105120,0.0,75.0,1.387428653,105120,0.0,84.5,2.7908533105,2019,rain
RF.JTG.01,105120,2019-01-01T00:00:00.000,2019-12-31T23:55:00.000,105120,สำนักงานเขตจอมทอง,105120,0.0,10.5,0.008542618,105120,0.0,28.0,0.0256278539,105120,0.0,52.0,0.0512557078,105120,0.0,74.0,0.1025114155,105120,0.0,83.0,0.3075294901,105120,0.0,83.0,0.6149257991,105120,0.0,83.5,1.2299942922,105120,0.0,88.0,2.4576008371,2019,rain
RF.JTG.02,105120,2019-01-01T00:00:00.000,2019-12-31T23:55:00.000,105120,จุดวัดคลองสนามชัย ตอนคลองบางขุนเทียน,105120,0.0,12.0,0.0083713851,105120,0.0,24.0,0.0251141553,105120,0.0,34.5,0.0502283105,105120,0.0,40.5,0.100456621,105120,0.0,43.5,0.301369863,105120,0.0,43.5,0.602739726,105120,0.0,43.5,1.2054794521,105120,0.0,53.0,2.4109589041,2019,rain
RF.JTG.03,105120,2019-01-01T00:00:00.000,2019-12-31T23:55:00.000,105120,สถานีสูบน้ำ คลองสี่บาท,105120,0.0,12.0,0.0099077245,105120,0.0,22.5,0.0297231735,105120,0.0,39.0,0.059446347,105120,0.0,57.0,0.1188926941,105120,0.0,70.5,0.3566780822,105120,0.0,78.5,0.7133561644,105120,0.0,79.5,1.4267123288,105120,0.0,96.5,2.8534246575,2019,rain
RF.KNY.02,105120,2019-01-01T00:00:00.000,2019-12-31T23:55:00.000,105120,จุดวัดคลองลำชะล่า ตอนถนนนวมินทร์,105120,0.0,12.0,0.00625,105120,0.0,35.0,0.01875,105120,0.0,54.0,0.0375,105120,0.0,64.5,0.075,105120,0.0,70.5,0.225,105120,0.0,71.0,0.45,105120,0.0,71.0,0.9,105120,0.0,104.5,1.8,2019,rain
RF.KSN.01,105120,2019-01-01T00:00:00.000,2019-12-31T23:55:00.000,105120,สำนักงานเขตคลองสาน,105120,0.0,12.5,0.0107638889,105120,0.0,30.0,0.0322916667,105120,0.0,48.0,0.0645833333,105120,0.0,63.5,0.1291666667,105120,0.0,69.5,0.3875,105120,0.0,70.0,0.775,105120,0.0,88.0,1.55,105120,0.0,92.5,3.0930745814,2019,rain
RF.KSN.02,105120,2019-01-01T00:00:00.000,2019-12-31T23:55:00.000,105120,สถานีสูบน้ำ คลองบางไส้ไก่,105120,0.0,14.0,0.0100599315,105120,0.0,32.5,0.0301797945,105120,0.0,57.0,0.060359589,105120,0.0,70.5,0.1207191781,105120,0.0,74.0,0.3621575342,105120,0.0,76.0,0.7243150685,105120,0.0,76.0,1.448630137,105120,0.0,81.5,2.897260274,2019,rain
RF.KSW.01,105120,2019-01-01T00:00:00.000,2019-12-31T23:55:00.000,105120,สำนักงานเขตคลองสามวา,105120,0.0,11.5,0.0083333333,105120,0.0,25.0,0.025,105120,0.0,36.0,0.05,105120,0.0,36.5,0.1,105120,0.0,49.5,0.3,105120,0.0,50.5,0.6,105120,0.0,51.5,1.2,105120,0.0,66.5,2.4,2019,rain
RF.KSW.02,105120,2019-01-01T00:00:00.000,2019-12-31T23:55:00.000,105120,ประตูระบายน้ำ คลองสามวา,105120,0.0,10.0,0.0073487443,105120,0.0,22.5,0.0220462329,105120,0.0,29.0,0.0440924658,105120,0.0,34.0,0.0881849315,105120,0.0,41.0,0.2645547945,105120,0.0,41.5,0.529109589,105120,0.0,41.5,1.0582191781,105120,0.0,60.0,2.1164383562,2019,rain
RF.KSW.03,105120,2019-01-01T00:00:00.000,2019-12-31T23:55:00.000,105120,จุดวัดคลองเก้า ตอนวัดศรีสุขสถาพร,105120,0.0,9.0,0.0070015221,105120,0.0,21.0,0.0210045662,105120,0.0,38.0,0.0420091324,105120,0.0,57.0,0.0840182648,105120,0.0,59.0,0.2520547945,105120,0.0,59.0,0.504109589,105120,0.0,59.0,1.0082191781,105120,0.0,59.0,2.0164383562,2019,rain
RF.KTY.01,105120,2019-01-01T00:00:00.000,2019-12-31T23:55:00.000,105120,สำนักงานเขตคลองเตย,105120,0.0,7.0,0.006473554,105120,0.0,16.5,0.0194206621,105120,0.0,30.5,0.0388413242,105120,0.0,36.0,0.0776826484,105120,0.0,58.5,0.2330479452,105120,0.0,60.5,0.4660958904,105120,0.0,60.5,0.9321917808,105120,0.0,66.0,1.8643835616,2019,rain
RF.KTY.02,105120,2019-01-01T00:00:00.000,2019-12-31T23:55:00.000,105120,สถานีสูบน้ำ พระราม 4,105041,0.0,10.5,0.0091678487,105041,0.0,27.0,0.0274654659,105041,0.0,33.0,0.0549404518,105041,0.0,49.0,0.1099475443,105041,0.0,53.0,0.3299759142,105041,0.0,55.0,0.6599946687,105041,0.0,56.0,1.3200036176,105041,0.0,66.5,2.6401690768,2019,rain
RF.KTY.03,105120,2019-01-01T00:00:00.000,2019-12-31T23:55:00.000,105120,สถานีสูบน้ำ พระโขนง,105120,0.0,9.0,0.0087186073,105120,0.0,23.5,0.0261558219,105120,0.0,36.5,0.0523116438,105120,0.0,44.5,0.1046232877,105120,0.0,77.5,0.313869863,105120,0.0,80.0,0.627739726,105120,0.0,80.0,1.2554794521,105120,0.0,86.0,2.5109589041,2019,rain
RF.KTY.04,105120,2019-01-01T00:00:00.000,2019-12-31T23:55:00.000,105120,สถานีสูบน้ำ คลองเตย,105120,0.0,13.0,0.0086377473,105120,0.0,21.0,0.025913242,105120,0.0,33.0,0.051826484,105120,0.0,52.5,0.103652968,105120,0.0,69.5,0.3109589041,105120,0.0,72.0,0.6219415906,105120,0.0,72.0,1.2446251903,105120,0.0,80.5,2.4986158676,2019,rain
RF.KTY.05,105120,2019-01-01T00:00:00.000,2019-12-31T23:55:00.000,105120,สถานีวัดน้ำฝน อุทยานเบญจสิริ,105064,0.0,13.5,0.0085757253,105064,0.0,24.0,0.0257271758,105064,0.0,29.5,0.0514543516,105064,0.0,38.5,0.1029039443,105064,0.0,44.0,0.3087213508,105064,0.0,48.0,0.6174474606,105064,0.0,48.0,1.2348854032,105064,0.0,66.5,2.4692425569,2019,rain
RF.LKB.02,105120,2019-01-01T00:00:00.000,2019-12-31T23:55:00.000,105120,ประตูระบายน้ำ คลองประเวศบุรีรมย์ ตอนลาดกระบัง,105120,0.0,10.0,0.0062737823,105120,0.0,21.5,0.018821347,105120,0.0,27.5,0.0376426941,105120,0.0,30.0,0.0752853881,105120,0.0,30.0,0.2258561644,105120,0.0,30.0,0.4517123288,105120,0.0,36.5,0.9034246575,105120,0.0,38.0,1.8068493151,2019,rain
RF.LKB.03,105120,2019-01-01T00:00:00.000,2019-12-31T23:55:00.000,105120,จุดวัดคลองประเวศบุรีรมย์ ตอน รพ.ลาดกระบัง,105120,0.0,14.0,0.0084379756,105120,0.0,33.5,0.0253139269,105120,0.0,43.5,0.0506278539,105120,0.0,51.5,0.1012557078,105120,0.0,56.0,0.3037671233,105120,0.0,56.5,0.6075342466,105120,0.0,59.5,1.2150684932,105120,0.0,68.0,2.4301369863,2019,rain
RF.LKB.04,105120,2019-01-01T00:00:00.000,2019-12-31T23:55:00.000,105120,จุดวัดคลองประเวศบุรีรมย์ ตอนถนนร่วมพัฒนา,105120,0.0,13.0,0.0050038052,105120,0.0,28.5,0.0150114155,105120,0.0,40.0,0.0300228311,105120,0.0,42.5,0.0600456621,105120,0.0,47.5,0.1801369863,105120,0.0,48.0,0.3602739726,105120,0.0,48.0,0.7205479452,105120,0.0,48.5,1.4410958904,2019,rain
RF.LPW.01,105120,2019-01-01T00:00:00.000,2019-12-31T23:55:00.000,105120,สำนักงานเขตลาดพร้าว,105120,0.0,12.5,0.0087043379,105120,0.0,32.5,0.0261130137,105120,0.0,41.0,0.0521641933,105120,0.0,47.0,0.1043141172,105120,0.0,51.5,0.3132182268,105120,0.0,52.0,0.6265743912,105120,0.0,52.0,1.253277207,105120,0.0,63.5,2.5067018645,2019,rain
RF.LSI.01,105120,2019-01-01T00:00:00.000,2019-12-31T23:55:00.000,105120,สำนักงานเขตหลักสี่,105120,0.0,15.0,0.0108637747,105120,0.0,37.5,0.0325913242,105120,0.0,52.5,0.0651826484,105120,0.0,54.0,0.1303652968,105120,0.0,57.0,0.3910958904,105120,0.0,58.0,0.7821917808,105120,0.0,58.0,1.5643835616,105120,0.0,65.0,3.1287671233,2019,rain
RF.LSI.02,105120,2019-01-01T00:00:00.000,2019-12-31T23:55:00.000,105120,สถานีสูบน้ำ คลองตาอูฐ,105120,0.0,11.0,0.0093226788,105120,0.0,25.5,0.0279775495,105120,0.0,37.5,0.0559693683,105120,0.0,51.0,0.1119910578,105120,0.0,56.5,0.3360778158,105120,0.0,57.0,0.6722079528,105120,0.0,57.0,1.3488061263,105120,0.0,64.0,2.734760274,2019,rain
RF.LSI.03,105120,2019-01-01T00:00:00.000,2019-12-31T23:55:00.000,105120,จุดวัดศูนย์ราชการ-ถนนแจ้งวัฒนะ,105120,0.0,15.0,0.0103167808,105120,0.0,32.0,0.0309503425,105120,0.0,48.5,0.0619006849,105120,0.0,54.0,0.1238013699,105120,0.0,96.0,0.3714041096,105120,0.0,99.0,0.7428082192,105120,0.0,99.0,1.4856164384,105120,0.0,112.5,2.9712328767,2019,rain
RF.MBR.01,105120,2019-01-01T00:00:00.000,2019-12-31T23:55:00.000,105120,สำนักงานเขตมีนบุรี,105120,0.0,15.0,0.0076388889,105120,0.0,35.5,0.0229166667,105120,0.0,54.5,0.0458333333,105120,0.0,60.0,0.0916666667,105120,0.0,60.5,0.2749857306,105120,0.0,60.5,0.5498573059,105120,0.0,62.0,1.0998573059,105120,0.0,63.5,2.1998573059,2019,rain
RF.MBR.02,105120,2019-01-01T00:00:00.000,2019-12-31T23:55:00.000,105120,ประตูระบายน้ำ คลองแสนแสบ ตอนถนนประชาร่วมใจ,105120,0.0,15.5,0.0081668569,105120,0.0,41.0,0.0245005708,105120,0.0,60.0,0.0490011416,105120,0.0,62.5,0.0980022831,105120,0.0,62.5,0.2940068493,105120,0.0,62.5,0.5880136986,105120,0.0,64.5,1.1760273973,105120,0.0,65.0,2.3520547945,2019,rain
RF.MBR.03,105120,2019-01-01T00:00:00.000,2019-12-31T23:55:00.000,105120,ประตูระบายน้ำ คลองบึงขวาง,105120,0.0,15.5,0.0085378615,105120,0.0,30.0,0.0256135845,105120,0.0,41.5,0.0512271689,105120,0.0,46.0,0.1024543379,105120,0.0,50.5,0.3073630137,105120,0.0,50.5,0.6147260274,105120,0.0,50.5,1.2294520548,105120,0.0,60.5,2.4589041096,2019,rain
RF.MBR.05,105120,2019-01-01T00:00:00.000,2019-12-31T23:55:00.000,105120,จุดวัดคลองบึงใหญ่ ตอนวัดทองสัมฤทธิ์,105120,0.0,15.5,0.0093417047,105120,0.0,41.5,0.0280251142,105120,0.0,62.0,0.0560502283,105120,0.0,72.0,0.1121004566,105120,0.0,72.5,0.3363013699,105120,0.0,72.5,0.6726027397,105120,0.0,75.0,1.3452054795,105120,0.0,76.0,2.6904109589,2019,rain
RF.NJK.01,105120,2019-01-01T00:00:00.000,2019-12-31T23:55:00.000,105120,สำนักงานเขตหนองจอก,105120,0.0,10.0,0.0084522451,105120,0.0,23.5,0.0253567352,105120,0.0,36.0,0.0507134703,105120,0.0,44.5,0.1014269406,105120,0.0,46.5,0.3042808219,105120,0.0,47.0,0.6085616438,105120,0.0,47.0,1.2171232877,105120,0.0,70.5,2.4342751142,2019,rain
RF.NJK.02,105120,2019-01-01T00:00:00.000,2019-12-31T23:55:00.000,105120,สถานีสูบน้ำ คลองแสนแสบ หนองจอก,105120,0.0,11.5,0.0091752283,105120,0.0,24.5,0.0275256849,105120,0.0,43.0,0.0550513699,105120,0.0,57.5,0.1101027397,105120,0.0,60.0,0.3303082192,105120,0.0,60.0,0.6606164384,105120,0.0,60.0,1.3212328767,105120,0.0,69.0,2.6424657534,2019,rain
RF.NJK.03,105120,2019-01-01T00:00:00.000,2019-12-31T23:55:00.000,105120,จุดวัดคลองสิบสอง ตอนถนนประชาสำราญ,105120,0.0,14.0,0.0081383181,105120,0.0,27.5,0.0244149543,105120,0.0,40.5,0.0488299087,105120,0.0,57.5,0.0976598174,105120,0.0,61.5,0.2929794521,105120,0.0,61.5,0.5859589041,105120,0.0,61.5,1.1719178082,105120,0.0,61.5,2.3438356164,2019,rain
RF.NJK.04,105120,2019-01-01T00:00:00.000,2019-12-31T23:55:00.000,105120,ประตูระบายน้ำ คลองสิบสาม,105120,0.0,12.5,0.0087376332,105120,0.0,19.5,0.0262128995,105120,0.0,33.0,0.0524257991,105120,0.0,41.5,0.1048515982,105120,0.0,47.0,0.3145547945,105120,0.0,47.5,0.629109589,105120,0.0,47.5,1.2582191781,105120,0.0,60.5,2.5164383562,2019,rain
RF.NJK.05,105120,2019-01-01T00:00:00.000,2019-12-31T23:55:00.000,105120,ประตูระบายน้ำ คลองหลวงแพ่ง,105120,0.0,12.0,0.010207382,105120,0.0,32.0,0.0306221461,105120,0.0,51.0,0.0612442922,105120,0.0,58.5,0.1224885845,105120,0.0,70.5,0.3674657534,105120,0.0,73.0,0.7349315068,105120,0.0,77.5,1.4698630137,105120,0.0,131.0,2.9397260274,2019,rain
RF.NJK.06,105120,2019-01-01T00:00:00.000,2019-12-31T23:55:00.000,105120,จุดวัดคลองลำผักชี ตอนโรงเรียนลำผักชี,105120,0.0,10.5,0.0080812405,105120,0.0,25.5,0.0242437215,105120,0.0,41.0,0.0484874429,105120,0.0,57.0,0.0969748858,105120,0.0,66.0,0.2909246575,105120,0.0,66.0,0.5818493151,105120,0.0,66.0,1.1636986301,105120,0.0,86.0,2.3273972603,2019,rain
RF.NJK.07,105120,2019-01-01T00:00:00.000,2019-12-31T23:55:00.000,105120,จุดวัดคลองแสนแสบ ตอนวัดทรัพย์สโมสรนิกรเกษม,105120,0.0,10.0,0.0072916667,105120,0.0,23.5,0.021875,105120,0.0,30.0,0.04375,105120,0.0,34.0,0.0875,105120,0.0,36.5,0.2625,105120,0.0,40.5,0.525,105120,0.0,40.5,1.05,105120,0.0,56.0,2.1,2019,rain
RF.NKM.01,105120,2019-01-01T00:00:00.000,2019-12-31T23:55:00.000,105120,สำนักงานเขตหนองแขม,105120,0.0,9.0,0.0082905251,105120,0.0,22.5,0.0248715753,105120,0.0,38.5,0.0497431507,105120,0.0,58.0,0.0994863014,105120,0.0,68.0,0.2984589041,105120,0.0,68.0,0.5969178082,105120,0.0,68.0,1.1938356164,105120,0.0,86.5,2.3872574201,2019,rain
RF.NKM.02,105120,2019-01-01T00:00:00.000,2019-12-31T23:55:00.000,105120,จุดวัดคลองทวีวัฒนา ตอนคลองภาษีเจริญ,105120,0.0,12.5,0.0107924277,105120,0.0,33.0,0.0323772831,105120,0.0,57.5,0.0647545662,105120,0.0,84.5,0.1295091324,105120,0.0,103.0,0.3885273973,105120,0.0,108.0,0.7770547945,105120,0.0,108.0,1.554109589,105120,0.0,169.5,3.1082191781,2019,rain
RF.NKM.03,105120,2019-01-01T00:00:00.000,2019-12-31T23:55:00.000,105120,จุดวัดคลองภาษีเจริญ ตอนคลองมหาศร,105120,0.0,29.5,0.0122716895,105120,0.0,55.0,0.0368150685,105120,0.0,59.0,0.073630137,105120,0.0,70.0,0.147260274,105120,0.0,109.5,0.4417808219,105120,0.0,121.0,0.8776065449,105120,0.0,121.0,1.7221270928,105120,0.0,187.0,3.411282344,2019,rain
RF.PKN.01,105120,2019-01-01T00:00:00.000,2019-12-31T23:55:00.000,105120,สำนักงานเขตพระโขนง,105120,0.0,11.5,0.0096699011,105120,0.0,25.5,0.0290097032,105120,0.0,37.0,0.0580194064,105120,0.0,53.5,0.1160388128,105120,0.0,65.5,0.3481164384,105120,0.0,66.0,0.6962328767,105120,0.0,66.0,1.3924657534,105120,0.0,73.0,2.7804699391,2019,rain
RF.PKN.02,105120,2019-01-01T00:00:00.000,2019-12-31T23:55:00.000,105120,สถานีสูบน้ำ คลองเจ็ก,105120,0.0,9.5,0.0079052511,105120,0.0,21.0,0.0237157534,105120,0.0,36.5,0.0474315068,105120,0.0,58.0,0.0948630137,105120,0.0,59.5,0.2845890411,105120,0.0,59.5,0.5691780822,105120,0.0,59.5,1.1383561644,105120,0.0,64.0,2.2767123288,2019,rain
RF.PKN.03,105120,2019-01-01T00:00:00.000,2019-12-31T23:55:00.000,105120,สถานีสูบน้ำ บางอ้อ,105120,0.0,8.5,0.008238204,105120,0.0,21.5,0.0247146119,105120,0.0,35.0,0.0494292237,105120,0.0,44.5,0.0988584475,105120,0.0,45.5,0.2965753425,105120,0.0,45.5,0.5931506849,105120,0.0,45.5,1.1864202816,105120,0.0,49.5,2.3920947489,2019,rain
RF.PKN.04,105120,2019-01-01T00:00:00.000,2019-12-31T23:55:00.000,105120,สถานีสูบน้ำ บางจาก,105120,0.0,18.0,0.0106877854,105120,0.0,41.5,0.0320633562,105120,0.0,64.0,0.0641267123,105120,0.0,75.5,0.1282534247,105120,0.0,77.5,0.3911577245,105120,0.0,77.5,0.8024590944,105120,0.0,78.0,1.6250618341,105120,0.0,82.0,3.2702673135,2019,rain
RF.PNK.01,105120,2019-01-01T00:00:00.000,2019-12-31T23:55:00.000,105120,สำนักงานเขตพระนคร,105120,0.0,13.0,0.0109589041,105120,0.0,35.0,0.0328767123,105120,0.0,63.0,0.0657534247,105120,0.0,97.0,0.1315068493,105120,0.0,123.0,0.3945205479,105120,0.0,123.5,0.7890410959,105120,0.0,123.5,1.5779394977,105120,0.0,133.0,3.1520262557,2019,rain
RF.PNK.02,105120,2019-01-01T00:00:00.000,2019-12-31T23:55:00.000,105120,สถานีสูบน้ำ เทเวศร์,105120,0.0,10.5,0.0107591324,105120,0.0,28.5,0.0322773973,105120,0.0,45.0,0.0645547945,105120,0.0,64.0,0.129109589,105120,0.0,80.0,0.3873287671,105120,0.0,80.5,0.7746575342,105120,0.0,80.5,1.5509465373,105120,0.0,91.0,3.1248240107,2019,rain
RF.PNK.03,105120,2019-01-01T00:00:00.000,2019-12-31T23:55:00.000,105120,ปากคลองตลาด,105120,0.0,12.5,0.0119767884,105120,0.0,35.0,0.0359303653,105120,0.0,60.0,0.0718607306,105120,0.0,79.5,0.1437214612,105120,0.0,95.5,0.4311643836,105120,0.0,95.5,0.8623287671,105120,0.0,95.5,1.7246575342,105120,0.0,108.5,3.4437214612,2019,rain
RF.PPS.01,105120,2019-01-01T00:00:00.000,2019-12-31T23:55:00.000,105120,สำนักงานเขตป้อมปราบศัตรูพ่าย,105120,0.0,12.0,0.0125998858,105120,0.0,30.5,0.0377996575,105120,0.0,55.5,0.0755993151,105120,0.0,94.0,0.1511986301,105120,0.0,110.0,0.4534769787,105120,0.0,110.5,0.9070728691,105120,0.0,110.5,1.8142598935,105120,0.0,124.5,3.6251997717,2019,rain
RF.PSC.01,105120,2019-01-01T00:00:00.000,2019-12-31T23:55:00.000,105120,สำนักงานเขตภาษีเจริญ,105120,0.0,12.5,0.010440449,105120,0.0,30.0,0.031321347,105120,0.0,44.5,0.0626426941,105120,0.0,56.5,0.1252853881,105120,0.0,62.0,0.3758561644,105120,0.0,62.0,0.7517123288,105120,0.0,62.0,1.5034246575,105120,0.0,92.0,3.0047469559,2019,rain
RF.PSC.03,105120,2019-01-01T00:00:00.000,2019-12-31T23:55:00.000,105120,จุดวัดคลองบางเชือกหนัง ตอนถนนพุทธมณฑลสาย 1,105120,0.0,11.0,0.0107829148,105120,0.0,25.5,0.0323487443,105120,0.0,50.0,0.0646974886,105120,0.0,68.0,0.1293949772,105120,0.0,76.5,0.3881849315,105120,0.0,76.5,0.776369863,105120,0.0,76.5,1.552739726,105120,0.0,82.5,3.1054794521,2019,rain
RF.PSC.04,105120,2019-01-01T00:00:00.000,2019-12-31T23:55:00.000,105120,สถานีสูบน้ำ คลองภาษีเจริญ,105120,0.0,14.5,0.0114060122,105120,0.0,33.0,0.0342180365,105120,0.0,51.0,0.0684360731,105120,0.0,64.5,0.1368721461,105120,0.0,71.0,0.4106164384,105120,0.0,71.0,0.8212328767,105120,0.0,71.0,1.6424657534,105120,0.0,72.0,3.2849267504,2019,rain
RF.PSC.05,105120,2019-01-01T00:00:00.000,2019-12-31T23:55:00.000,105120,จุดวัดคลองบางเชือกหนัง ตอนวัดปากน้ำฝั่งใต้,105120,0.0,13.0,0.0103358067,105120,0.0,26.0,0.0310074201,105120,0.0,42.0,0.0620148402,105120,0.0,55.5,0.1240296804,105120,0.0,57.0,0.3720890411,105120,0.0,57.0,0.7441780822,105120,0.0,57.0,1.4883561644,105120,0.0,57.5,2.9768550228,2019,rain
RF.PTW.01,105120,2019-01-01T00:00:00.000,2019-12-31T23:55:00.000,105120,สำนักงานเขตปทุมวัน,105120,0.0,26.0,0.0108114536,105120,0.0,40.5,0.0324343607,105120,0.0,71.5,0.0648687215,105120,0.0,116.5,0.1297374429,105120,0.0,126.0,0.3892123288,105120,0.0,133.0,0.7784246575,105120,0.0,133.0,1.5568493151,105120,0.0,213.0,3.1118340944,2019,rain
RF.PTW.02,105120,2019-01-01T00:00:00.000,2019-12-31T23:55:00.000,105120,สถานีสูบน้ำ คลองอรชร,105120,0.0,15.5,0.0114868721,105120,0.0,41.0,0.0344606164,105120,0.0,66.0,0.0689212329,105120,0.0,82.5,0.1378424658,105120,0.0,94.5,0.4135273973,105120,0.0,94.5,0.8270547945,105120,0.0,94.5,1.654109589,105120,0.0,112.0,3.3082191781,2019,rain
RF.PWT.01,105120,2019-01-01T00:00:00.000,2019-12-31T23:55:00.000,105120,สำนักงานเขตประเวศ,105120,0.0,12.0,0.0075199772,105120,0.0,18.0,0.0225599315,105120,0.0,30.0,0.045119863,105120,0.0,57.0,0.090239726,105120,0.0,91.5,0.2707191781,105120,0.0,91.5,0.5414383562,105120,0.0,92.0,1.0828767123,105120,0.0,102.0,2.1655156012,2019,rain
RF.PWT.02,105120,2019-01-01T00:00:00.000,2019-12-31T23:55:00.000,105120,ประตูระบายน้ำ คลองประเวศบุรีรมย์ ตอนวัดกระทุ่มเสือปลา,105120,0.0,10.0,0.0056126332,105120,0.0,22.5,0.0168378995,105120,0.0,34.0,0.0336757991,105120,0.0,46.0,0.0673515982,105120,0.0,71.0,0.2020547945,105120,0.0,71.0,0.404109589,105120,0.0,71.5,0.8082191781,105120,0.0,79.5,1.6164383562,2019,rain
RF.PWT.03,105120,2019-01-01T00:00:00.000,2019-12-31T23:55:00.000,105120,จุดวัดบึงหนองบอน,105120,0.0,11.5,0.009070586,105120,0.0,31.5,0.027211758,105120,0.0,54.0,0.05456621,105120,0.0,78.0,0.108989726,105120,0.0,98.0,0.32668379,105120,0.0,98.0,0.6532248858,105120,0.0,98.0,1.3063070776,105120,0.0,107.0,2.6123620624,2019,rain
RF.PYT.01,105120,2019-01-01T00:00:00.000,2019-12-31T23:55:00.000,105120,สำนักงานเขตพญาไท,105120,0.0,13.0,0.0107781583,105120,0.0,30.0,0.0323344749,105120,0.0,53.0,0.0646689498,105120,0.0,94.0,0.1293378995,105120,0.0,105.0,0.3880136986,105120,0.0,105.0,0.7760273973,105120,0.0,105.0,1.5520547945,105120,0.0,114.0,3.104109589,2019,rain
RF.RBN.01,105120,2019-01-01T00:00:00.000,2019-12-31T23:55:00.000,105120,สำนักงานเขตราษฎร์บูรณะ,105120,0.0,11.5,0.0076579148,105120,0.0,26.5,0.0229737443,105120,0.0,42.0,0.0459474886,105120,0.0,54.5,0.0918949772,105120,0.0,55.0,0.2756849315,105120,0.0,55.0,0.551369863,105120,0.0,55.0,1.102739726,105120,0.0,57.0,2.2021499239,2019,rain
RF.RBN.02,105120,2019-01-01T00:00:00.000,2019-12-31T23:55:00.000,105120,สถานีสูบน้ำ คลองแจงร้อน,105120,0.0,7.5,0.0080384323,105120,0.0,20.5,0.0241152968,105120,0.0,34.5,0.0482305936,105120,0.0,49.5,0.0964611872,105120,0.0,53.5,0.2893835616,105120,0.0,54.5,0.5787671233,105120,0.0,56.5,1.1575342466,105120,0.0,57.0,2.3150684932,2019,rain
RF.RTW.01,105120,2019-01-01T00:00:00.000,2019-12-31T23:55:00.000,105120,สำนักงานเขตราชเทวี,105120,0.0,14.5,0.0103453196,105120,0.0,29.0,0.0310359589,105120,0.0,41.5,0.0620719178,105120,0.0,67.0,0.1241438356,105120,0.0,78.5,0.3724315068,105120,0.0,78.5,0.7448630137,105120,0.0,78.5,1.4897260274,105120,0.0,91.5,2.9794520548,2019,rain
RF.RTW.02,105120,2019-01-01T00:00:00.000,2019-12-31T23:55:00.000,105120,จุดวัดคลองสามเสน ตอน รพ.พระมงกุฎเกล้า,105120,0.0,11.5,0.0097364916,105120,0.0,30.5,0.0292094749,105120,0.0,45.5,0.0584189498,105120,0.0,75.5,0.1168378995,105120,0.0,84.0,0.3505136986,105120,0.0,84.0,0.7010273973,105120,0.0,84.0,1.4020547945,105120,0.0,98.0,2.804109589,2019,rain
RF.RTW.03,105120,2019-01-01T00:00:00.000,2019-12-31T23:55:00.000,105120,อาคารรับน้ำบึงมักกะสัน,105120,0.0,15.0,0.0101931126,105120,0.0,28.5,0.0305793379,105120,0.0,47.0,0.0611586758,105120,0.0,74.5,0.1223173516,105120,0.0,89.5,0.3669520548,105120,0.0,90.0,0.7339041096,105120,0.0,90.5,1.4674990487,105120,0.0,105.5,2.9342418189,2019,rain
RF.SLG.01,105120,2019-01-01T00:00:00.000,2019-12-31T23:55:00.000,105120,สำนักงานเขตสวนหลวง,105120,0.0,7.5,0.0073297184,105120,0.0,17.5,0.0219891553,105120,0.0,29.5,0.0439783105,105120,0.0,44.5,0.087956621,105120,0.0,66.5,0.263869863,105120,0.0,67.0,0.527739726,105120,0.0,67.0,1.0554794521,105120,0.0,83.0,2.1109589041,2019,rain
RF.SLG.02,105120,2019-01-01T00:00:00.000,2019-12-31T23:55:00.000,105120,จุดวัดคลองประเวศบุรีรมย์ ตอนวัดขจรศิริ,105120,0.0,11.0,0.0087138508,105120,0.0,28.0,0.0261415525,105120,0.0,45.0,0.052283105,105120,0.0,76.0,0.10456621,105120,0.0,97.0,0.3136986301,105120,0.0,98.5,0.6273972603,105120,0.0,98.5,1.2547945205,105120,0.0,107.0,2.5095890411,2019,rain
RF.SMI.01,105120,2019-01-01T00:00:00.000,2019-12-31T23:55:00.000,105120,สำนักงานเขตสายไหม,105120,0.0,10.5,0.0083047945,105120,0.0,26.0,0.0249143836,105120,0.0,38.5,0.0498287671,105120,0.0,52.5,0.0996575342,105120,0.0,56.5,0.2989726027,105120,0.0,56.5,0.5979452055,105120,0.0,56.5,1.195890411,105120,0.0,56.5,2.3917808219,2019,rain
RF.SMI.02,105120,2019-01-01T00:00:00.000,2019-12-31T23:55:00.000,105120,ประตูระบายน้ำ คลองสองสายใต้,105120,0.0,10.5,0.0079052511,105120,0.0,28.5,0.0237157534,105120,0.0,44.5,0.0474315068,105120,0.0,48.0,0.0948630137,105120,0.0,48.0,0.2845890411,105120,0.0,48.0,0.5691780822,105120,0.0,48.0,1.1383561644,105120,0.0,51.5,2.2766504947,2019,rain
RF.SMI.03,105120,2019-01-01T00:00:00.000,2019-12-31T23:55:00.000,105120,ประตูระบายน้ำ คลองพระยาสุเรนทร์,105120,0.0,10.0,0.0094273212,105120,0.0,22.0,0.0282819635,105120,0.0,34.0,0.0565639269,105120,0.0,48.5,0.1131278539,105120,0.0,55.0,0.3393835616,105120,0.0,55.0,0.6787671233,105120,0.0,55.0,1.3575342466,105120,0.0,56.0,2.7150684932,2019,rain
RF.SMI.04,105120,2019-01-01T00:00:00.000,2019-12-31T23:55:00.000,105120,จุดวัดซอยแอนเน็กซ์,105120,0.0,13.0,0.009750761,105120,0.0,29.5,0.0292522831,105120,0.0,48.0,0.0585045662,105120,0.0,74.5,0.1170091324,105120,0.0,80.0,0.3510273973,105120,0.0,80.0,0.7020547945,105120,0.0,80.0,1.404109589,105120,0.0,107.5,2.8082191781,2019,rain
RF.SPK.01,105120,2019-01-01T00:00:00.000,2019-12-31T23:55:00.000,105120,สถานีสูบน้ำ คลองสำโรง,105120,0.0,10.5,0.0078291476,105120,0.0,25.5,0.0234874429,105120,0.0,38.0,0.0469748858,105120,0.0,55.5,0.0939497717,105120,0.0,65.5,0.2818493151,105120,0.0,65.5,0.5636986301,105120,0.0,65.5,1.1273972603,105120,0.0,65.5,2.272940449,2019,rain
RF.SPS.01,105120,2019-01-01T00:00:00.000,2019-12-31T23:55:00.000,105120,สำนักงานเขตสะพานสูง,105120,0.0,13.0,0.0080241629,105120,0.0,24.0,0.0240724886,105120,0.0,36.0,0.0481449772,105120,0.0,57.5,0.0962899543,105120,0.0,62.5,0.288869863,105120,0.0,63.0,0.577739726,105120,0.0,71.5,1.1554794521,105120,0.0,82.5,2.3109589041,2019,rain
RF.SPS.02,105120,2019-01-01T00:00:00.000,2019-12-31T23:55:00.000,105120,ประตูระบายน้ำ คลองแสนแสบ ตอนบางชัน,105120,0.0,8.0,0.0043378995,105120,0.0,15.5,0.0130136986,105120,0.0,21.5,0.0260273973,105120,0.0,41.0,0.0520547945,105120,0.0,44.0,0.1561643836,105120,0.0,44.5,0.3123287671,105120,0.0,47.0,0.6246575342,105120,0.0,50.5,1.2493150685,2019,rain
RF.SPW.01,105120,2019-01-01T00:00:00.000,2019-12-31T23:55:00.000,105120,บ่อสูบน้ำ ท่าน้ำสวัสดี,105120,0.0,11.5,0.0118721461,105120,0.0,30.5,0.0356164384,105120,0.0,51.0,0.0712328767,105120,0.0,81.5,0.1424657534,105120,0.0,92.0,0.4273972603,105120,0.0,92.0,0.8547945205,105120,0.0,93.0,1.7093607306,105120,0.0,115.0,3.4116248097,2019,rain
RF.STN.01,105120,2019-01-01T00:00:00.000,2019-12-31T23:55:00.000,105120,สำนักงานเขตสาทร,105120,0.0,10.0,0.0102216514,105120,0.0,28.5,0.0306649543,105120,0.0,47.0,0.0613299087,105120,0.0,61.5,0.1226598174,105120,0.0,67.0,0.3679794521,105120,0.0,70.0,0.7359589041,105120,0.0,73.5,1.4719178082,105120,0.0,78.5,2.9394406393,2019,rain
RF.STN.02,105120,2019-01-01T00:00:00.000,2019-12-31T23:55:00.000,105120,สถานีสูบน้ำ คลองสาทร,105120,0.0,12.0,0.0106830289,105120,0.0,33.0,0.0320490868,105120,0.0,54.0,0.0640981735,105120,0.0,68.5,0.128196347,105120,0.0,69.5,0.3845890411,105120,0.0,70.0,0.7691780822,105120,0.0,70.0,1.5383561644,105120,0.0,74.5,3.0767123288,2019,rain
RF.TBR.01,105120,2019-01-01T00:00:00.000,2019-12-31T23:55:00.000,105120,สำนักงานเขตธนบุรี,105120,0.0,11.5,0.0103405632,105120,0.0,29.5,0.0310216895,105120,0.0,46.0,0.062043379,105120,0.0,54.5,0.124086758,105120,0.0,55.0,0.372260274,105120,0.0,55.0,0.7445205479,105120,0.0,55.0,1.4890410959,105120,0.0,79.5,2.9735540335,2019,rain
RF.TBR.02,105120,2019-01-01T00:00:00.000,2019-12-31T23:55:00.000,105120,สถานีสูบน้ำ คลองสำเหร่,105120,0.0,9.0,0.0089849696,105120,0.0,24.5,0.0269549087,105120,0.0,45.0,0.0539098174,105120,0.0,58.0,0.1078196347,105120,0.0,61.5,0.3234589041,105120,0.0,63.0,0.6469178082,105120,0.0,63.0,1.2938356164,105120,0.0,68.5,2.5876712329,2019,rain
RF.TBR.03,105120,2019-01-01T00:00:00.000,2019-12-31T23:55:00.000,105120,สถานีสูบน้ำ ดาวคะนอง,105120,0.0,10.0,0.0094986682,105120,0.0,27.0,0.0284960046,105120,0.0,47.0,0.0569920091,105120,0.0,63.0,0.1139840183,105120,0.0,68.0,0.3419520548,105120,0.0,68.0,0.6839041096,105120,0.0,68.0,1.3678082192,105120,0.0,77.5,2.7356164384,2019,rain
RF.TKU.01,105120,2019-01-01T00:00:00.000,2019-12-31T23:55:00.000,105120,สำนักงานเขตทุ่งครุ,105120,0.0,12.5,0.0082857686,105120,0.0,34.5,0.0248573059,105120,0.0,46.5,0.0497146119,105120,0.0,58.5,0.0994292237,105120,0.0,70.0,0.2982876712,105120,0.0,70.0,0.5965753425,105120,0.0,70.5,1.1931506849,105120,0.0,70.5,2.3836377473,2019,rain
RF.TKU.02,105120,2019-01-01T00:00:00.000,2019-12-31T23:55:00.000,105120,ประตูระบายน้ำ คลองรางจาก ตอนถนนประชาอุทิศ,105120,0.0,14.0,0.008999239,105120,0.0,38.0,0.0269977169,105120,0.0,43.5,0.0539954338,105120,0.0,56.5,0.1079908676,105120,0.0,59.5,0.3239726027,105120,0.0,61.5,0.6479452055,105120,0.0,61.5,1.295890411,105120,0.0,72.5,2.5917808219,2019,rain
RF.TLC.01,105120,2019-01-01T00:00:00.000,2019-12-31T23:55:00.000,105120,สำนักงานเขตตลิ่งชัน,105120,0.0,12.0,0.0119387367,105120,0.0,29.5,0.03581621,105120,0.0,49.0,0.0716324201,105120,0.0,64.0,0.1432648402,105120,0.0,76.5,0.4297945205,105120,0.0,77.0,0.8595890411,105120,0.0,77.0,1.7191780822,105120,0.0,93.0,3.4352929985,2019,rain
RF.TLC.02,105120,2019-01-01T00:00:00.000,2019-12-31T23:55:00.000,105120,ประตูระบายน้ำ คลองบัว ตอนทางรถไฟสายใต้,105120,0.0,9.0,0.0088850837,105120,0.0,18.5,0.0266552511,105120,0.0,31.5,0.0533105023,105120,0.0,33.5,0.1066210046,105120,0.0,37.5,0.3199438737,105120,0.0,39.0,0.6399781202,105120,0.0,39.0,1.2800466134,105120,0.0,67.0,2.5601835997,2019,rain
RF.TLC.03,105120,2019-01-01T00:00:00.000,2019-12-31T23:55:00.000,105120,สถานีสูบน้ำ คลองชักพระ,105120,0.0,12.0,0.0110112253,105120,0.0,22.0,0.0330527017,105120,0.0,40.0,0.0661149163,105120,0.0,63.0,0.1322393455,105120,0.0,88.0,0.3967370624,105120,0.0,88.5,0.7934836377,105120,0.0,88.5,1.5867199391,105120,0.0,90.5,3.1736967275,2019,rain
RF.TWW.01,105120,2019-01-01T00:00:00.000,2019-12-31T23:55:00.000,105120,สำนักงานเขตทวีวัฒนา,105120,0.0,14.5,0.0087519026,105120,0.0,27.0,0.0262557078,105120,0.0,47.5,0.0525114155,105120,0.0,53.5,0.1050228311,105120,0.0,66.0,0.3149067732,105120,0.0,68.5,0.6299752664,105120,0.0,68.5,1.2601122527,105120,0.0,85.5,2.520119863,2019,rain
RF.TWW.02,105120,2019-01-01T00:00:00.000,2019-12-31T23:55:00.000,105120,ประตูระบายน้ำ คลองทวีวัฒนา,105120,0.0,9.5,0.0073630137,105120,0.0,22.0,0.0220890411,105120,0.0,33.0,0.0441780822,105120,0.0,42.5,0.0883561644,105120,0.0,60.0,0.2650684932,105120,0.0,61.0,0.5301369863,105120,0.0,61.0,1.0602739726,105120,0.0,74.5,2.1205479452,2019,rain
RF.TWW.03,105120,2019-01-01T00:00:00.000,2019-12-31T23:55:00.000,105120,ประตูระบายน้ำ คลองขุนศรีบุรีรักษ์ ตอนคลองมหาสวัสดิ์,105120,0.0,13.5,0.0096175799,105120,0.0,27.0,0.0288527397,105120,0.0,44.0,0.0577054795,105120,0.0,58.0,0.1154109589,105120,0.0,74.0,0.3462328767,105120,0.0,75.0,0.6924657534,105120,0.0,75.5,1.3849315068,105120,0.0,87.0,2.7698630137,2019,rain
RF.TWW.04,105120,2019-01-01T00:00:00.000,2019-12-31T23:55:00.000,105120,จุดวัดคลองทวีวัฒนา ตอนคลองบางเชือกหนัง,105120,0.0,12.5,0.0094748858,105120,0.0,28.0,0.0292855784,105120,0.0,46.0,0.0587947108,105120,0.0,53.5,0.1178320015,105120,0.0,65.5,0.3541952055,105120,0.0,71.0,0.7148401826,105120,0.0,71.0,1.4369767884,105120,0.0,83.0,2.8822393455,2019,rain
RF.WTL.01,105120,2019-01-01T00:00:00.000,2019-12-31T23:55:00.000,105120,สำนักงานเขตวังทองหลาง,105120,0.0,21.0,0.0068873668,105120,0.0,43.5,0.0206621005,105120,0.0,54.5,0.0413242009,105120,0.0,57.5,0.0826484018,105120,0.0,57.5,0.2479452055,105120,0.0,62.0,0.495890411,105120,0.0,67.0,0.9917665525,105120,0.0,70.0,1.9835473744,2019,rain
RF.WTL.02,105120,2019-01-01T00:00:00.000,2019-12-31T23:55:00.000,105120,ประตูระบายน้ำ คลองลาดพร้าว,105120,0.0,11.0,0.0089659437,105120,0.0,31.0,0.0268978311,105120,0.0,57.5,0.0537956621,105120,0.0,86.5,0.1075913242,105120,0.0,88.0,0.3227739726,105120,0.0,88.0,0.6455479452,105120,0.0,88.0,1.2910958904,105120,0.0,88.5,2.5821917808,2019,rain
RF.WTL.03,105120,2019-01-01T00:00:00.000,2019-12-31T23:55:00.000,105120,สถานีสูบน้ำ คลองเจ้าคุณสิงห์,105120,0.0,9.5,0.0076151065,105120,0.0,25.5,0.0228453196,105120,0.0,43.5,0.0456906393,105120,0.0,59.5,0.0913717656,105120,0.0,64.5,0.2740201674,105120,0.0,65.0,0.5480308219,105120,0.0,65.0,1.0963184932,105120,0.0,65.0,2.1928938356,2019,rain
RF.WTN.01,105120,2019-01-01T00:00:00.000,2019-12-31T23:55:00.000,105120,สำนักงานเขตวัฒนา,105120,0.0,16.0,0.0088660578,105120,0.0,39.0,0.0265981735,105120,0.0,59.5,0.053196347,105120,0.0,72.5,0.1063926941,105120,0.0,75.5,0.3191780822,105120,0.0,77.0,0.6383561644,105120,0.0,79.5,1.2767123288,105120,0.0,80.5,2.5532914764,2019,rain
RF.WTN.02,105120,2019-01-01T00:00:00.000,2019-12-31T23:55:00.000,105120,สถานีสูบน้ำ คลองแสนแสบตอนคลองตัน,105120,0.0,16.0,0.0082952816,105120,0.0,43.5,0.0248858447,105120,0.0,67.5,0.0497716895,105120,0.0,79.0,0.099543379,105120,0.0,81.0,0.298630137,105120,0.0,86.0,0.597260274,105120,0.0,86.0,1.1945205479,105120,0.0,87.0,2.3890410959,2019,rain
RF.YNW.01,105120,2019-01-01T00:00:00.000,2019-12-31T23:55:00.000,105120,สำนักงานเขตยานนาวา,105120,0.0,9.5,0.0100456621,105120,0.0,21.5,0.0301369863,105120,0.0,38.0,0.0602739726,105120,0.0,65.0,0.1205479452,105120,0.0,71.5,0.3616438356,105120,0.0,73.0,0.7232876712,105120,0.0,73.0,1.4465753425,105120,0.0,73.5,2.8878234399,2019,rain
RF.YNW.02,105120,2019-01-01T00:00:00.000,2019-12-31T23:55:00.000,105120,สถานีสูบน้ำ คลองช่องนนทรี,105120,0.0,10.5,0.0094225647,105120,0.0,23.5,0.0282676941,105120,0.0,35.5,0.0565353881,105120,0.0,55.5,0.1130707763,105120,0.0,59.5,0.3392123288,105120,0.0,60.5,0.6784246575,105120,0.0,60.5,1.3568493151,105120,0.0,61.5,2.7136986301,2019,rain
RF.YNW.03,105120,2019-01-01T00:00:00.000,2019-12-31T23:55:00.000,105120,ประตูระบายน้ำ คลองวัดด่าน,105120,0.0,14.0,0.007781583,105120,0.0,32.5,0.0233447489,105120,0.0,42.0,0.0466894977,105120,0.0,47.5,0.0933789954,105120,0.0,49.0,0.2801369863,105120,0.0,50.0,0.5602739726,105120,0.0,51.5,1.1205479452,105120,0.0,51.5,2.2410958904,2019,rain
RF.BBN.01,105408,2020-01-01T00:00:00.000,2020-12-31T23:55:00.000,105408,สำนักงานเขตบางบอน,105386,0.0,10.5,0.0116524016,105387,0.0,27.5,0.0349568732,105387,0.0,47.0,0.0699137465,105387,0.0,86.5,0.139827493,105387,0.0,141.5,0.4194824789,105387,0.0,142.0,0.8389649577,105387,0.0,142.0,1.6779299155,105387,0.0,143.0,3.3558503421,2020,rain
RF.BBN.02,105408,2020-01-01T00:00:00.000,2020-12-31T23:55:00.000,105408,จุดวัดคลองบางบอน ตอนคลองสะแกงาม,105406,0.0,12.5,0.0088704628,105406,0.0,33.5,0.0266113883,105406,0.0,56.0,0.0532227767,105406,0.0,85.5,0.1064455534,105406,0.0,124.5,0.3193366602,105406,0.0,124.5,0.6386733203,105406,0.0,124.5,1.2773466406,105406,0.0,124.5,2.5546932812,2020,rain
RF.BKA.01,105408,2020-01-01T00:00:00.000,2020-12-31T23:55:00.000,105408,สำนักงานเขตบางเขน,105304,0.0,13.5,0.0115475196,105304,0.0,28.0,0.0346425587,105304,0.0,38.5,0.0692851174,105304,0.0,44.5,0.1385702347,105304,0.0,49.0,0.4157107042,105304,0.0,64.5,0.8312647193,105304,0.0,65.5,1.6568601383,105304,0.0,75.5,3.3197029553,2020,rain
RF.BKA.02,105408,2020-01-01T00:00:00.000,2020-12-31T23:55:00.000,105408,จุดวัดคลองบางบัว,105408,0.0,11.0,0.0135141545,105408,0.0,26.0,0.0406657939,105408,0.0,35.5,0.0814074833,105408,0.0,46.5,0.1631470097,105408,0.0,52.5,0.4901051154,105408,0.0,67.5,0.9805422738,105408,0.0,68.5,1.9614165908,105408,0.0,79.5,3.9231652247,2020,rain
RF.BKE.01,105408,2020-01-01T00:00:00.000,2020-12-31T23:55:00.000,105408,สำนักงานเขตบางแค,105408,0.0,12.0,0.0137276108,105408,0.0,30.0,0.0411828324,105408,0.0,44.0,0.0823656648,105408,0.0,59.5,0.1647313297,105408,0.0,100.5,0.4941939891,105408,0.0,115.0,0.9883879781,105408,0.0,119.0,1.9767759563,105408,0.0,138.0,3.9535519126,2020,rain
RF.BKE.02,105408,2020-01-01T00:00:00.000,2020-12-31T23:55:00.000,105408,จุดวัดคลองราชมนตรี ตอนคลองภาษีเจริญ,105406,0.0,13.0,0.0133483862,105406,0.0,29.5,0.0400451587,105406,0.0,38.5,0.0800903174,105406,0.0,49.5,0.1601806349,105406,0.0,84.5,0.4805419046,105406,0.0,100.5,0.9610838093,105406,0.0,102.0,1.9221676185,105406,0.0,102.0,3.8441834431,2020,rain
RF.BKE.03,105408,2020-01-01T00:00:00.000,2020-12-31T23:55:00.000,105408,สถานีสูบน้ำคลองบางจาก,105406,0.0,12.5,0.0140172286,105406,0.0,31.0,0.0420516859,105406,0.0,52.0,0.0841033717,105406,0.0,78.5,0.1682067434,105406,0.0,107.5,0.5046202303,105406,0.0,125.5,1.0092404607,105406,0.0,140.5,2.0184809214,105406,0.0,153.0,4.0369618428,2020,rain
RF.BKE.04,105408,2020-01-01T00:00:00.000,2020-12-31T23:55:00.000,105408,บ่อสูบน้ำหมู่บ้านเศรษฐกิจ ซอย 26,105388,0.0,14.0,0.015281626,105388,0.0,33.5,0.0458353892,105388,0.0,57.5,0.0916660341,105388,0.0,86.5,0.1833273238,105388,0.0,122.5,0.5499724826,105388,0.0,135.0,1.0999402209,105388,0.0,135.5,2.1998140206,105388,0.0,135.5,4.3990255058,2020,rain
RF.BKL.01,105408,2020-01-01T00:00:00.000,2020-12-31T23:55:00.000,105408,สำนักงานเขตบางคอแหลม,105303,0.0,15.0,0.0086084917,105303,0.0,38.5,0.0258254751,105303,0.0,63.5,0.0516509501,105303,0.0,67.0,0.1033019002,105303,0.0,67.5,0.3099057007,105303,0.0,67.5,0.6198114014,105303,0.0,67.5,1.2395990618,105303,0.0,69.0,2.4788467565,2020,rain
RF.BKL.02,105408,2020-01-01T00:00:00.000,2020-12-31T23:55:00.000,105408,สถานีสูบน้ำ คลองวัดไทร,105408,0.0,10.0,0.0081492866,105408,0.0,20.5,0.0244478597,105408,0.0,28.5,0.0488957195,105408,0.0,38.0,0.097791439,105408,0.0,52.5,0.2933743169,105408,0.0,56.0,0.5867486339,105408,0.0,56.0,1.1734972678,105408,0.0,56.5,2.3469945355,2020,rain
RF.BKM.01,105408,2020-01-01T00:00:00.000,2020-12-31T23:55:00.000,105408,สำนักงานเขตบึงกุ่ม,105356,0.0,9.5,0.0119452143,105356,0.0,26.0,0.035835643,105356,0.0,47.5,0.0716712859,105356,0.0,66.5,0.1433425719,105356,0.0,71.5,0.4300277156,105356,0.0,84.5,0.8600554311,105356,0.0,84.5,1.7201061164,105356,0.0,84.5,3.4401742663,2020,rain
RF.BKN.01,105408,2020-01-01T00:00:00.000,2020-12-31T23:55:00.000,105408,สำนักงานเขตบางกอกน้อย,105393,0.0,12.0,0.0131365461,105393,0.0,28.0,0.0394096382,105393,0.0,41.5,0.0788192764,105393,0.0,57.5,0.1576385528,105393,0.0,101.0,0.4729156585,105393,0.0,110.5,0.9458313171,105393,0.0,110.5,1.8916484017,105393,0.0,110.5,3.7829931779,2020,rain
RF.BKN.02,105408,2020-01-01T00:00:00.000,2020-12-31T23:55:00.000,105408,สถานีสูบน้ำ คลองมอญ,105406,0.0,9.0,0.0054124054,105406,0.0,13.5,0.0163510616,105406,0.0,18.5,0.0325882777,105406,0.0,24.0,0.0650627099,105406,0.0,31.0,0.1948987724,105406,0.0,31.5,0.3896742121,105406,0.0,32.5,0.7793626549,105406,0.0,42.0,1.5587395404,2020,rain
RF.BKP.02,105408,2020-01-01T00:00:00.000,2020-12-31T23:55:00.000,105408,จุดวัดคลองแสนแสบ ตอนสำนักงานเขตบางกะปิ,105404,0.0,12.0,0.0125327312,105404,0.0,32.5,0.0375981936,105404,0.0,50.0,0.0751963872,105404,0.0,73.5,0.1503927745,105404,0.0,79.5,0.4511783234,105404,0.0,82.0,0.9023519032,105404,0.0,82.0,1.8099929794,105404,0.0,83.5,3.6349901332,2020,rain
RF.BKT.01,105408,2020-01-01T00:00:00.000,2020-12-31T23:55:00.000,105408,สำนักงานเขตบางขุนเทียน,105377,0.0,10.0,0.0113307458,105377,0.0,26.5,0.0339922374,105377,0.0,46.0,0.0679844748,105377,0.0,71.0,0.1359642047,105377,0.0,85.5,0.4079021039,105377,0.0,92.0,0.8158089526,105377,0.0,92.5,1.6316226501,105377,0.0,92.5,3.2632215759,2020,rain
RF.BKT.02,105408,2020-01-01T00:00:00.000,2020-12-31T23:55:00.000,105408,สถานีสูบน้ำ คลองเลนเปน,105404,0.0,10.0,0.0109530948,105404,0.0,28.0,0.0328592843,105404,0.0,46.0,0.0657185686,105404,0.0,69.5,0.1314371371,105404,0.0,116.0,0.3941975637,105404,0.0,116.5,0.7885042313,105404,0.0,116.5,1.5770606429,105404,0.0,119.0,3.1541782096,2020,rain
RF.BKT.03,105408,2020-01-01T00:00:00.000,2020-12-31T23:55:00.000,105408,สถานีสูบน้ำ คลองระหาญ,105403,0.0,12.5,0.0125802871,105403,0.0,31.5,0.0377361176,105403,0.0,58.5,0.075458004,105403,0.0,91.0,0.1509397266,105403,0.0,146.5,0.4528428982,105403,0.0,147.0,0.905628872,105403,0.0,147.0,1.8114047987,105403,0.0,148.5,3.6227621605,2020,rain
RF.BKT.04,105408,2020-01-01T00:00:00.000,2020-12-31T23:55:00.000,105408,สถานีสูบน้ำ คลองพระยาราชมนตรี,105403,0.0,10.5,0.010241644,105403,0.0,23.5,0.0307249319,105403,0.0,37.0,0.0614498639,105403,0.0,51.5,0.122894984,105403,0.0,75.0,0.3686659772,105403,0.0,83.0,0.7373604167,105403,0.0,88.0,1.4747255771,105403,0.0,120.5,2.9495128222,2020,rain
RF.BKT.05,105408,2020-01-01T00:00:00.000,2020-12-31T23:55:00.000,105408,สถานีสูบน้ำ คลองสนามชัย,105404,0.0,11.0,0.0110954043,105404,0.0,26.0,0.0331960836,105404,0.0,43.5,0.0664490911,105404,0.0,64.0,0.1326609996,105404,0.0,85.0,0.3986518538,105404,0.0,89.5,0.7977448674,105404,0.0,90.0,1.5959308945,105404,0.0,112.0,3.1922934613,2020,rain
RF.BKY.01,105408,2020-01-01T00:00:00.000,2020-12-31T23:55:00.000,105408,สำนักงานเขตบางกอกใหญ่,105312,0.0,13.0,0.0126243923,105312,0.0,29.5,0.0378541857,105312,0.0,35.0,0.0756941279,105312,0.0,51.5,0.1514119948,105312,0.0,63.0,0.4543499316,105312,0.0,73.0,0.9087853236,105312,0.0,73.5,1.817646612,105312,0.0,91.5,3.635549605,2020,rain
RF.BKY.02,105408,2020-01-01T00:00:00.000,2020-12-31T23:55:00.000,105408,สถานีสูบน้ำ คลองบางกอกใหญ่,105406,0.0,15.0,0.0109718612,105406,0.0,23.0,0.0329155836,105406,0.0,36.5,0.0658311671,105406,0.0,47.0,0.1316623342,105406,0.0,56.5,0.3949822591,105406,0.0,56.5,0.7899692617,105406,0.0,57.0,1.579943267,105406,0.0,100.5,3.159886534,2020,rain
RF.BNA.01,105408,2020-01-01T00:00:00.000,2020-12-31T23:55:00.000,105408,สำนักงานเขตบางนา,105368,0.0,11.0,0.0139083972,105368,0.0,29.0,0.0417062106,105368,0.0,42.5,0.0833886949,105368,0.0,50.0,0.1667536634,105368,0.0,64.0,0.5002135373,105368,0.0,76.5,1.000398603,105368,0.0,79.0,2.0008588945,105368,0.0,100.0,4.0302511199,2020,rain
RF.BNA.02,105408,2020-01-01T00:00:00.000,2020-12-31T23:55:00.000,105408,สถานีสูบน้ำ บางนา,105406,0.0,12.0,0.013784794,105406,0.0,29.0,0.0413543821,105406,0.0,45.5,0.0826992771,105406,0.0,51.5,0.1653795799,105406,0.0,68.0,0.4961007912,105406,0.0,82.0,0.9921826082,105406,0.0,84.0,1.9843462421,105406,0.0,102.5,3.9734739958,2020,rain
RF.BNA.03,105408,2020-01-01T00:00:00.000,2020-12-31T23:55:00.000,105408,จุดวัดคลองบางนา ตอนถนนศรีนครินทร์,105389,0.0,12.0,0.0128001974,105389,0.0,33.5,0.0384005921,105389,0.0,44.5,0.0768011842,105389,0.0,67.0,0.1536023684,105389,0.0,89.5,0.4607928721,105389,0.0,93.5,0.9215430453,105389,0.0,93.5,1.8431430225,105389,0.0,100.5,3.6854842536,2020,rain
RF.BPD.01,105408,2020-01-01T00:00:00.000,2020-12-31T23:55:00.000,105408,สำนักงานเขตบางพลัด,105373,0.0,14.0,0.0148852173,105373,0.0,33.0,0.0446509068,105373,0.0,59.5,0.0893065586,105373,0.0,91.5,0.1786178623,105373,0.0,93.5,0.5358630769,105373,0.0,93.5,1.0717308988,105373,0.0,102.5,2.1434617976,105373,0.0,104.5,4.2867622636,2020,rain
RF.BRK.01,105408,2020-01-01T00:00:00.000,2020-12-31T23:55:00.000,105408,สำนักงานเขตบางรัก,105378,0.0,12.0,0.0157765378,105378,0.0,27.0,0.0473296134,105378,0.0,44.0,0.0946592268,105378,0.0,55.5,0.1893184536,105378,0.0,100.0,0.5679553607,105378,0.0,100.0,1.1359107214,105378,0.0,115.5,2.2718214428,105378,0.0,123.5,4.5436428856,2020,rain
RF.BRK.02,105408,2020-01-01T00:00:00.000,2020-12-31T23:55:00.000,105408,สถานีสูบน้ำ กรุงเกษม,105408,0.0,10.5,0.0123899514,105408,0.0,25.0,0.0371698543,105408,0.0,39.5,0.0743397086,105408,0.0,46.0,0.1486794171,105408,0.0,82.5,0.4460382514,105408,0.0,82.5,0.8920765027,105408,0.0,83.5,1.7841530055,105408,0.0,119.0,3.5683060109,2020,rain
RF.BSU.01,105408,2020-01-01T00:00:00.000,2020-12-31T23:55:00.000,105408,สำนักงานเขตบางซื่อ,104863,0.0,9.5,0.0121158082,104863,0.0,20.5,0.0363474247,104863,0.0,32.0,0.0726948495,104863,0.0,46.0,0.1453896989,104863,0.0,64.5,0.4361690968,104863,0.0,64.5,0.8723381936,104863,0.0,68.0,1.7446763873,104863,0.0,75.0,3.4893527746,2020,rain
RF.BSU.02,105408,2020-01-01T00:00:00.000,2020-12-31T23:55:00.000,105408,สถานีสูบน้ำ คลองบางเขนใหม่,105408,0.0,11.5,0.0127314815,105408,0.0,27.0,0.0381944444,105408,0.0,38.0,0.0763888889,105408,0.0,56.5,0.152820469,105408,0.0,64.5,0.4588930631,105408,0.0,74.5,0.9180802216,105408,0.0,75.0,1.8364545386,105408,0.0,75.5,3.6732031724,2020,rain
RF.BSU.03,105408,2020-01-01T00:00:00.000,2020-12-31T23:55:00.000,105408,สถานีสูบน้ำ คลองบางซื่อ,105408,0.0,13.5,0.0134240285,105408,0.0,31.0,0.0402720856,105408,0.0,45.0,0.0805441712,105408,0.0,65.5,0.1610883424,105408,0.0,77.0,0.4832650273,105408,0.0,77.0,0.9665300546,105408,0.0,82.0,1.9335866348,105408,0.0,98.5,3.8680128643,2020,rain
RF.BSU.04,105408,2020-01-01T00:00:00.000,2020-12-31T23:55:00.000,105408,บ่อสูบน้ำสะพานขวา ถนนประชาราษฎร์ สาย 2,105392,0.0,11.5,0.0153996508,105392,0.0,25.5,0.0461799757,105392,0.0,34.0,0.092350463,105392,0.0,56.5,0.1846914377,105392,0.0,71.0,0.5539035221,105392,0.0,79.0,1.1079588584,105392,0.0,80.0,2.2160505541,105392,0.0,112.5,4.432243434,2020,rain
RF.CTC.01,105408,2020-01-01T00:00:00.000,2020-12-31T23:55:00.000,105408,บ่อสูบน้ำศาลอาญา ถนนรัชดาภิเษก,105040,0.0,9.5,0.0160224676,105040,0.0,25.5,0.0480483625,105040,0.0,44.5,0.0960872049,105040,0.0,84.0,0.1921696497,105040,0.0,93.0,0.5763756664,105040,0.0,93.0,1.150937738,105040,0.0,93.0,2.2916698401,105040,0.0,93.0,4.5804550647,2020,rain
RF.CTC.02,105408,2020-01-01T00:00:00.000,2020-12-31T23:55:00.000,105408,สถานีสูบน้ำ รัชดา-วิภาวดี,104206,0.0,14.5,0.0152534403,104206,0.0,32.0,0.0458226973,104206,0.0,54.5,0.0920292498,104206,0.0,73.0,0.1846342821,104206,0.0,80.0,0.5548672821,104206,0.0,80.0,1.1110876533,104206,0.0,80.5,2.222415216,104206,0.0,138.5,4.4342120415,2020,rain
RF.CTC.03,105408,2020-01-01T00:00:00.000,2020-12-31T23:55:00.000,105408,จุดวัดถนนเทศบาลสงเคราะห์,105393,0.0,12.5,0.0152144829,105393,0.0,31.0,0.0456387047,105393,0.0,56.0,0.0911967588,105393,0.0,74.5,0.1821895192,105393,0.0,85.0,0.5472991565,105393,0.0,86.0,1.0950205422,105393,0.0,86.5,2.1904633135,105393,0.0,132.0,4.381344112,2020,rain
RF.DDG.02,105408,2020-01-01T00:00:00.000,2020-12-31T23:55:00.000,105408,ศูนย์ควบคุมระบบป้องกันน้ำท่วมกรุงเทพมหานคร สำนักการระบายน้ำ,105397,0.0,12.5,0.0162148828,105397,0.0,34.0,0.0486209285,105397,0.0,55.0,0.0972655768,105397,0.0,83.5,0.1945548735,105397,0.0,100.0,0.5837120601,105397,0.0,100.0,1.1672533374,105397,0.0,102.0,2.3347248973,105397,0.0,112.0,4.6692505479,2020,rain
RF.DMG.01,105408,2020-01-01T00:00:00.000,2020-12-31T23:55:00.000,105408,สำนักงานเขตดอนเมือง,105355,0.0,16.0,0.0137962128,105355,0.0,23.5,0.0413886384,105355,0.0,38.5,0.0827772768,105355,0.0,50.5,0.1655782829,105355,0.0,54.0,0.4965734896,105355,0.0,73.0,0.9934080015,105355,0.0,73.5,1.9870770253,105355,0.0,86.0,3.9744150728,2020,rain
RF.DST.01,105408,2020-01-01T00:00:00.000,2020-12-31T23:55:00.000,105408,สำนักงานเขตดุสิต,105233,0.0,11.0,0.0076211835,105233,0.0,30.5,0.0228635504,105233,0.0,39.5,0.0457271008,105233,0.0,41.5,0.0914542016,105233,0.0,51.0,0.2743626049,105233,0.0,56.5,0.5487252098,105233,0.0,57.0,1.0974504195,105233,0.0,57.5,2.1949008391,2020,rain
RF.DST.02,105408,2020-01-01T00:00:00.000,2020-12-31T23:55:00.000,105408,สถานีสูบน้ำ สามเสน,105408,0.0,13.0,0.014652588,105408,0.0,33.5,0.0439577641,105408,0.0,57.5,0.0879155282,105408,0.0,81.5,0.1758310565,105408,0.0,85.0,0.5274931694,105408,0.0,85.5,1.0549863388,105408,0.0,93.5,2.1099726776,105408,0.0,97.5,4.2199453552,2020,rain
RF.HKG.01,105408,2020-01-01T00:00:00.000,2020-12-31T23:55:00.000,105408,สำนักงานเขตห้วยขวาง,105374,0.0,13.5,0.016194697,105374,0.0,35.0,0.048584091,105374,0.0,56.5,0.0971681819,105374,0.0,83.0,0.1943363638,105374,0.0,101.5,0.5830090914,105374,0.0,102.5,1.1660181829,105374,0.0,102.5,2.3320363657,105374,0.0,102.5,4.6640727314,2020,rain
RF.HKG.02,105408,2020-01-01T00:00:00.000,2020-12-31T23:55:00.000,105408,สถานีสูบน้ำ สามเสน ตอนคลองแสนแสบ,105408,0.0,10.5,0.0093920765,105408,0.0,29.5,0.0281762295,105408,0.0,39.5,0.056352459,105408,0.0,44.5,0.112704918,105408,0.0,49.5,0.3381147541,105408,0.0,58.5,0.6762295082,105408,0.0,60.5,1.3524590164,105408,0.0,60.5,2.7049180328,2020,rain
RF.JTG.01,105408,2020-01-01T00:00:00.000,2020-12-31T23:55:00.000,105408,สำนักงานเขตจอมทอง,105377,0.0,14.5,0.0121326286,105377,0.0,33.5,0.0363931408,105377,0.0,46.0,0.0727862816,105377,0.0,63.0,0.145582053,105377,0.0,80.0,0.4367651385,105377,0.0,82.0,0.8735397667,105377,0.0,82.0,1.7470890232,105377,0.0,88.0,3.4941875362,2020,rain
RF.JTG.02,105408,2020-01-01T00:00:00.000,2020-12-31T23:55:00.000,105408,จุดวัดคลองสนามชัย ตอนคลองบางขุนเทียน,105405,0.0,11.0,0.0133437693,105405,0.0,23.5,0.0400313078,105405,0.0,42.5,0.0800626156,105405,0.0,56.5,0.1601252313,105405,0.0,72.5,0.4803756938,105405,0.0,84.5,0.9607466439,105405,0.0,86.0,1.9214980314,105405,0.0,90.0,3.8427493952,2020,rain
RF.JTG.03,105408,2020-01-01T00:00:00.000,2020-12-31T23:55:00.000,105408,สถานีสูบน้ำ คลองสี่บาท,104505,0.0,10.0,0.0117554184,104505,0.0,26.5,0.0353380221,104505,0.0,45.5,0.0707191043,104505,0.0,64.0,0.1415004067,104505,0.0,81.0,0.4249461748,104505,0.0,88.5,0.8501363571,104505,0.0,90.0,1.7004306014,104505,0.0,95.5,3.406415961,2020,rain
RF.KNY.02,105408,2020-01-01T00:00:00.000,2020-12-31T23:55:00.000,105408,จุดวัดคลองลำชะล่า ตอนถนนนวมินทร์,105407,0.0,10.0,0.0126319884,105407,0.0,24.0,0.0378959652,105407,0.0,43.0,0.0757919303,105407,0.0,62.0,0.1515838607,105407,0.0,64.0,0.454751582,105407,0.0,64.0,0.9095031639,105407,0.0,66.0,1.8190063279,105407,0.0,88.5,3.6379367594,2020,rain
RF.KSN.01,105408,2020-01-01T00:00:00.000,2020-12-31T23:55:00.000,105408,สำนักงานเขตคลองสาน,105374,0.0,9.0,0.0124366542,105374,0.0,20.0,0.0373099626,105374,0.0,28.0,0.0746199252,105374,0.0,37.0,0.1492398504,105374,0.0,69.0,0.4477195513,105374,0.0,69.0,0.8954391026,105374,0.0,69.5,1.7908782052,105374,0.0,92.5,3.5817564105,2020,rain
RF.KSN.02,105408,2020-01-01T00:00:00.000,2020-12-31T23:55:00.000,105408,สถานีสูบน้ำ คลองบางไส้ไก่,105407,0.0,10.0,0.0130921096,105407,0.0,23.0,0.0392763289,105407,0.0,36.5,0.0785526578,105407,0.0,49.5,0.1571053156,105407,0.0,83.5,0.4713159468,105407,0.0,90.5,0.9426318935,105407,0.0,92.0,1.885263787,105407,0.0,113.0,3.7705275741,2020,rain
RF.KSW.01,105408,2020-01-01T00:00:00.000,2020-12-31T23:55:00.000,105408,สำนักงานเขตคลองสามวา,105352,0.0,11.0,0.0111720708,105362,0.0,25.5,0.0335130313,105362,0.0,50.0,0.0670260625,105362,0.0,63.5,0.1340521251,105362,0.0,77.0,0.4021563752,105362,0.0,77.5,0.8043080048,105362,0.0,77.5,1.6086207551,105362,0.0,92.0,3.2172320191,2020,rain
RF.KSW.02,105408,2020-01-01T00:00:00.000,2020-12-31T23:55:00.000,105408,ประตูระบายน้ำ คลองสามวา,105408,0.0,9.5,0.0119677823,105408,0.0,25.5,0.035903347,105408,0.0,45.5,0.071806694,105408,0.0,55.5,0.143613388,105408,0.0,60.0,0.4308401639,105408,0.0,63.5,0.8616803279,105408,0.0,68.0,1.7233606557,105408,0.0,92.0,3.4467213115,2020,rain
RF.KSW.03,105408,2020-01-01T00:00:00.000,2020-12-31T23:55:00.000,105408,จุดวัดคลองเก้า ตอนวัดศรีสุขสถาพร,105407,0.0,13.5,0.0105780451,105407,0.0,32.0,0.0317341353,105407,0.0,52.0,0.0634682706,105407,0.0,74.5,0.1269365412,105407,0.0,86.5,0.3808096236,105407,0.0,87.0,0.7616192473,105407,0.0,87.0,1.5232384946,105407,0.0,99.0,3.0464722457,2020,rain
RF.KTY.01,105408,2020-01-01T00:00:00.000,2020-12-31T23:55:00.000,105408,สำนักงานเขตคลองเตย,105178,0.0,13.0,0.0140476145,105178,0.0,22.5,0.0421428436,105178,0.0,38.0,0.0842856871,105178,0.0,63.0,0.1685713742,105178,0.0,89.0,0.5057141227,105178,0.0,91.0,1.0111762916,105178,0.0,91.5,2.0225950294,105178,0.0,104.5,4.0454515203,2020,rain
RF.KTY.02,105408,2020-01-01T00:00:00.000,2020-12-31T23:55:00.000,105408,สถานีสูบน้ำ พระราม 4,105154,0.0,10.0,0.0124579189,105154,0.0,25.5,0.0373737566,105154,0.0,43.5,0.0747475132,105154,0.0,63.0,0.1496138996,105154,0.0,75.0,0.4486039523,105154,0.0,76.5,0.8970890313,105154,0.0,77.0,1.7940021302,105154,0.0,95.5,3.5878758773,2020,rain
RF.KTY.03,105408,2020-01-01T00:00:00.000,2020-12-31T23:55:00.000,105408,สถานีสูบน้ำ พระโขนง,105408,0.0,13.5,0.0134097981,105408,0.0,27.5,0.0402436248,105408,0.0,43.5,0.08050148,105408,0.0,64.0,0.1612591075,105408,0.0,97.0,0.4868510929,105408,0.0,99.5,0.975239071,105408,0.0,99.5,1.9522664314,105408,0.0,104.0,3.9242135322,2020,rain
RF.KTY.04,105408,2020-01-01T00:00:00.000,2020-12-31T23:55:00.000,105408,สถานีสูบน้ำ คลองเตย,105407,0.0,14.5,0.011199446,105407,0.0,20.0,0.0335983379,105407,0.0,31.0,0.0671966757,105407,0.0,47.0,0.1343933515,105407,0.0,71.5,0.4031800545,105407,0.0,72.5,0.8063079302,105407,0.0,73.0,1.6126632956,105407,0.0,81.5,3.2253787699,2020,rain
RF.KTY.05,105408,2020-01-01T00:00:00.000,2020-12-31T23:55:00.000,105408,สถานีวัดน้ำฝน อุทยานเบญจสิริ,105396,0.0,13.5,0.0145973282,105396,0.0,36.5,0.0437919845,105396,0.0,59.0,0.087583969,105396,0.0,79.0,0.1751679381,105396,0.0,99.5,0.5255038142,105396,0.0,101.0,1.0510076284,105396,0.0,101.5,2.1018776804,105396,0.0,123.5,4.2032430073,2020,rain
RF.LKB.02,105408,2020-01-01T00:00:00.000,2020-12-31T23:55:00.000,105408,ประตูระบายน้ำ คลองประเวศบุรีรมย์ ตอนลาดกระบัง,105408,0.0,11.0,0.011593048,105408,0.0,29.5,0.0347981178,105408,0.0,42.0,0.0696246964,105408,0.0,43.5,0.1392968276,105408,0.0,46.0,0.4179426609,105408,0.0,61.5,0.8359944217,105408,0.0,71.5,1.6721026867,105408,0.0,72.0,3.3441105039,2020,rain
RF.LKB.03,105408,2020-01-01T00:00:00.000,2020-12-31T23:55:00.000,105408,จุดวัดคลองประเวศบุรีรมย์ ตอน รพ.ลาดกระบัง,105407,0.0,7.5,0.0097763906,105407,0.0,18.0,0.0293291717,105407,0.0,31.0,0.0586583434,105407,0.0,40.0,0.1173166867,105407,0.0,50.5,0.3519500602,105407,0.0,63.5,0.7039001205,105407,0.0,75.5,1.407800241,105407,0.0,81.0,2.8376673276,2020,rain
RF.LKB.04,105408,2020-01-01T00:00:00.000,2020-12-31T23:55:00.000,105408,จุดวัดคลองประเวศบุรีรมย์ ตอนถนนร่วมพัฒนา,105404,0.0,10.5,0.0096723085,105404,0.0,25.5,0.0290169254,105404,0.0,39.5,0.0580338507,105404,0.0,42.5,0.1160677014,105404,0.0,51.5,0.3482031042,105404,0.0,55.5,0.6964062085,105404,0.0,59.5,1.392812417,105404,0.0,60.0,2.785624834,2020,rain
RF.LPW.01,105408,2020-01-01T00:00:00.000,2020-12-31T23:55:00.000,105408,สำนักงานเขตลาดพร้าว,105373,0.0,9.5,0.0114165868,105373,0.0,23.0,0.0342497604,105373,0.0,36.5,0.0684995208,105373,0.0,50.0,0.1369990415,105373,0.0,69.0,0.4109971245,105373,0.0,70.5,0.821994249,105373,0.0,70.5,1.643988498,105373,0.0,72.5,3.287976996,2020,rain
RF.LSI.01,105408,2020-01-01T00:00:00.000,2020-12-31T23:55:00.000,105408,สำนักงานเขตหลักสี่,105352,0.0,10.5,0.0127429949,105352,0.0,28.0,0.0381245729,105352,0.0,40.5,0.0763345736,105352,0.0,52.5,0.1528210191,105352,0.0,70.5,0.4587668008,105352,0.0,70.5,0.9176854735,105352,0.0,70.5,1.8355228187,105352,0.0,82.0,3.6711975093,2020,rain
RF.LSI.02,105408,2020-01-01T00:00:00.000,2020-12-31T23:55:00.000,105408,สถานีสูบน้ำ คลองตาอูฐ,105408,0.0,9.5,0.0144723361,105408,0.0,26.0,0.0434170082,105408,0.0,47.0,0.0868340164,105408,0.0,60.5,0.1736680328,105408,0.0,76.0,0.5210040984,105408,0.0,76.0,1.0420081967,105408,0.0,76.0,2.0840163934,105408,0.0,91.5,4.1680327869,2020,rain
RF.LSI.03,105408,2020-01-01T00:00:00.000,2020-12-31T23:55:00.000,105408,จุดวัดศูนย์ราชการ-ถนนแจ้งวัฒนะ,105383,0.0,18.0,0.0145327045,105383,0.0,33.5,0.0435981135,105383,0.0,58.5,0.0871962271,105383,0.0,95.0,0.1743924542,105383,0.0,111.0,0.5231773626,105383,0.0,111.0,1.0463499805,105383,0.0,111.0,2.0925528785,105383,0.0,128.0,4.1852528396,2020,rain
RF.MBR.01,105408,2020-01-01T00:00:00.000,2020-12-31T23:55:00.000,105408,สำนักงานเขตมีนบุรี,105106,0.0,12.5,0.0135624988,105106,0.0,32.5,0.0406874964,105106,0.0,45.0,0.0813749929,105106,0.0,54.0,0.1627499857,105106,0.0,66.0,0.4882499572,105106,0.0,70.5,0.9764951573,105106,0.0,74.5,1.9528809012,105106,0.0,87.0,3.9058807299,2020,rain
RF.MBR.02,105408,2020-01-01T00:00:00.000,2020-12-31T23:55:00.000,105408,ประตูระบายน้ำ คลองแสนแสบ ตอนถนนประชาร่วมใจ,105408,0.0,13.5,0.0141070886,105408,0.0,32.5,0.0423212659,105408,0.0,56.0,0.0846425319,105408,0.0,65.0,0.1692850638,105408,0.0,68.0,0.5078551913,105408,0.0,74.0,1.0157103825,105408,0.0,81.5,2.031420765,105408,0.0,82.0,4.0628415301,2020,rain
RF.MBR.03,105408,2020-01-01T00:00:00.000,2020-12-31T23:55:00.000,105408,ประตูระบายน้ำ คลองบึงขวาง,105407,0.0,12.5,0.0147428539,105407,0.0,34.5,0.0442285617,105407,0.0,55.0,0.0884571233,105407,0.0,66.0,0.1769142467,105407,0.0,72.5,0.53074274,105407,0.0,77.5,1.0614854801,105407,0.0,77.5,2.1229709602,105407,0.0,86.5,4.2459419204,2020,rain
RF.MBR.05,105408,2020-01-01T00:00:00.000,2020-12-31T23:55:00.000,105408,จุดวัดคลองบึงใหญ่ ตอนวัดทองสัมฤทธิ์,105407,0.0,10.5,0.0138273549,105407,0.0,30.0,0.0414820648,105407,0.0,40.0,0.0829641295,105407,0.0,47.0,0.165928259,105407,0.0,65.0,0.4977847771,105407,0.0,75.5,0.9955695542,105407,0.0,87.0,1.9911391084,105407,0.0,88.0,3.9822782168,2020,rain
RF.NJK.01,105408,2020-01-01T00:00:00.000,2020-12-31T23:55:00.000,105408,สำนักงานเขตหนองจอก,105367,0.0,9.0,0.0126035666,105367,0.0,20.0,0.0378106997,105367,0.0,35.0,0.0756213995,105367,0.0,40.0,0.151242799,105367,0.0,49.0,0.4537283969,105367,0.0,50.0,0.9074567939,105367,0.0,56.0,1.8149135877,105367,0.0,61.5,3.6298271755,2020,rain
RF.NJK.02,105408,2020-01-01T00:00:00.000,2020-12-31T23:55:00.000,105408,สถานีสูบน้ำ คลองแสนแสบ หนองจอก,105408,0.0,10.0,0.0123187993,105408,0.0,26.0,0.036956398,105408,0.0,40.0,0.073912796,105408,0.0,45.0,0.147825592,105408,0.0,50.5,0.4435052368,105408,0.0,54.0,0.8885900501,105408,0.0,57.5,1.7799834927,105408,0.0,64.5,3.562770378,2020,rain
RF.NJK.03,105408,2020-01-01T00:00:00.000,2020-12-31T23:55:00.000,105408,จุดวัดคลองสิบสอง ตอนถนนประชาสำราญ,105388,0.0,12.0,0.009052264,105407,0.0,28.0,0.0271518969,105407,0.0,43.5,0.0543037939,105407,0.0,53.5,0.1086075877,105407,0.0,74.0,0.3258227632,105407,0.0,75.5,0.6516455264,105407,0.0,75.5,1.3032910528,105407,0.0,100.0,2.6065821056,2020,rain
RF.NJK.04,105408,2020-01-01T00:00:00.000,2020-12-31T23:55:00.000,105408,ประตูระบายน้ำ คลองสิบสาม,105219,0.0,9.5,0.0118467197,105222,0.0,20.0,0.0355201384,105222,0.0,34.5,0.0710117656,105222,0.0,40.0,0.1420472905,105222,0.0,48.0,0.4262226531,105222,0.0,48.5,0.8522932467,105222,0.0,52.0,1.7036551292,105222,0.0,78.5,3.4209338351,2020,rain
RF.NJK.05,105408,2020-01-01T00:00:00.000,2020-12-31T23:55:00.000,105408,ประตูระบายน้ำ คลองหลวงแพ่ง,105407,0.0,13.0,0.0088846092,105407,0.0,21.0,0.0266538275,105407,0.0,30.5,0.0533076551,105407,0.0,41.0,0.1066153102,105407,0.0,64.5,0.3198459305,105407,0.0,66.5,0.6396918611,105407,0.0,66.5,1.2793837221,105407,0.0,70.0,2.5587674443,2020,rain
RF.NJK.06,105408,2020-01-01T00:00:00.000,2020-12-31T23:55:00.000,105408,จุดวัดคลองลำผักชี ตอนโรงเรียนลำผักชี,105298,0.0,16.0,0.0127020456,105298,0.0,39.0,0.0381061369,105298,0.0,59.0,0.0762122737,105298,0.0,67.0,0.1524245475,105298,0.0,73.5,0.4572736424,105298,0.0,127.0,0.9145472848,105298,0.0,140.0,1.8290470854,105298,0.0,140.0,3.6550836673,2020,rain
RF.NJK.07,105408,2020-01-01T00:00:00.000,2020-12-31T23:55:00.000,105408,จุดวัดคลองแสนแสบ ตอนวัดทรัพย์สโมสรนิกรเกษม,104318,0.0,18.0,0.0118292145,104318,0.0,21.5,0.0354876436,104318,0.0,26.5,0.0709752871,104318,0.0,41.0,0.1419505742,104318,0.0,61.0,0.4257462758,104318,0.0,62.0,0.8483866639,104318,0.0,73.0,1.6870770145,104318,0.0,73.5,3.3594250273,2020,rain
RF.NKM.01,105408,2020-01-01T00:00:00.000,2020-12-31T23:55:00.000,105408,สำนักงานเขตหนองแขม,105377,0.0,8.5,0.010927432,105377,0.0,19.5,0.0327822959,105377,0.0,32.0,0.0655645919,105377,0.0,52.5,0.1311291838,105377,0.0,81.5,0.3933875514,105377,0.0,88.5,0.7867751027,105377,0.0,98.5,1.5735502055,105377,0.0,142.5,3.1470909212,2020,rain
RF.NKM.02,105408,2020-01-01T00:00:00.000,2020-12-31T23:55:00.000,105408,จุดวัดคลองทวีวัฒนา ตอนคลองภาษีเจริญ,105399,0.0,11.0,0.0132354197,105399,0.0,31.5,0.0396730519,105399,0.0,51.5,0.079379311,105399,0.0,88.0,0.1587918291,105399,0.0,127.5,0.4763043293,105399,0.0,141.5,0.9511238247,105399,0.0,153.0,1.9040692986,105399,0.0,161.0,3.8096851014,2020,rain
RF.NKM.03,105408,2020-01-01T00:00:00.000,2020-12-31T23:55:00.000,105408,จุดวัดคลองภาษีเจริญ ตอนคลองมหาศร,105403,0.0,8.5,0.0109674298,105403,0.0,20.5,0.0329022893,105403,0.0,38.0,0.0658045786,105403,0.0,61.0,0.1316091572,105403,0.0,85.5,0.3948274717,105403,0.0,89.0,0.7896549434,105403,0.0,96.5,1.5793003994,105403,0.0,115.0,3.1582450215,2020,rain
RF.PKN.01,105408,2020-01-01T00:00:00.000,2020-12-31T23:55:00.000,105408,สำนักงานเขตพระโขนง,105375,0.0,12.5,0.0144578885,105375,0.0,34.5,0.0433736655,105375,0.0,52.5,0.086747331,105375,0.0,75.0,0.1734946619,105375,0.0,98.5,0.5204839858,105375,0.0,101.5,1.0409679715,105375,0.0,102.0,2.0819359431,105375,0.0,105.5,4.1638718861,2020,rain
RF.PKN.02,105408,2020-01-01T00:00:00.000,2020-12-31T23:55:00.000,105408,สถานีสูบน้ำ คลองเจ็ก,105408,0.0,9.0,0.0114981785,105408,0.0,24.5,0.0344945355,105408,0.0,42.0,0.068989071,105408,0.0,66.5,0.1379781421,105408,0.0,81.5,0.4139344262,105408,0.0,83.0,0.8278688525,105408,0.0,83.5,1.6557377049,105408,0.0,91.5,3.3114754098,2020,rain
RF.PKN.03,105408,2020-01-01T00:00:00.000,2020-12-31T23:55:00.000,105408,สถานีสูบน้ำ บางอ้อ,105408,0.0,11.5,0.0116167653,105408,0.0,25.0,0.0348455525,105408,0.0,36.5,0.0696816181,105408,0.0,42.5,0.1393537492,105408,0.0,51.5,0.4180470173,105408,0.0,61.0,0.8360892911,105408,0.0,63.0,1.6721548649,105408,0.0,79.5,3.3442907559,2020,rain
RF.PKN.04,105408,2020-01-01T00:00:00.000,2020-12-31T23:55:00.000,105408,สถานีสูบน้ำ บางจาก,105405,0.0,19.0,0.01306864,105405,0.0,30.0,0.03920592,105405,0.0,45.0,0.07841184,105405,0.0,59.5,0.1568236801,105405,0.0,88.0,0.4704568094,105405,0.0,100.0,0.9408993881,105405,0.0,101.5,1.8818414686,105405,0.0,124.5,3.7635453726,2020,rain
RF.PNK.01,105408,2020-01-01T00:00:00.000,2020-12-31T23:55:00.000,105408,สำนักงานเขตพระนคร,105400,0.0,10.5,0.0132020873,105400,0.0,23.0,0.0395351044,105400,0.0,35.0,0.0790986717,105400,0.0,41.0,0.1583111954,105400,0.0,60.0,0.4751612903,105400,0.0,61.0,0.9504364326,105400,0.0,62.0,1.9009867173,105400,0.0,96.5,3.8017314991,2020,rain
RF.PNK.02,105408,2020-01-01T00:00:00.000,2020-12-31T23:55:00.000,105408,สถานีสูบน้ำ เทเวศร์,105408,0.0,11.0,0.0132674939,105408,0.0,27.5,0.0398024818,105408,0.0,44.5,0.0796049636,105408,0.0,57.0,0.1592099271,105408,0.0,65.5,0.4776297814,105408,0.0,66.0,0.9552595628,105408,0.0,70.0,1.9141763434,105408,0.0,116.5,3.8415347981,2020,rain
RF.PNK.03,105408,2020-01-01T00:00:00.000,2020-12-31T23:55:00.000,105408,ปากคลองตลาด,105393,0.0,14.5,0.0132219407,105393,0.0,23.5,0.0396610781,105393,0.0,37.5,0.0793079237,105393,0.0,51.5,0.1585446851,105393,0.0,72.0,0.4757289384,105393,0.0,73.0,0.9517140607,105393,0.0,75.0,1.903608399,105393,0.0,128.0,3.8075583767,2020,rain
RF.PPS.01,105408,2020-01-01T00:00:00.000,2020-12-31T23:55:00.000,105408,สำนักงานเขตป้อมปราบศัตรูพ่าย,104968,0.0,13.5,0.0144472601,104968,0.0,25.5,0.0433417804,104968,0.0,40.5,0.0866835607,104968,0.0,46.0,0.1733671214,104968,0.0,79.5,0.5201013642,104968,0.0,80.5,1.0402027285,104968,0.0,82.0,2.0803864035,104968,0.0,117.5,4.1607918604,2020,rain
RF.PSC.01,105408,2020-01-01T00:00:00.000,2020-12-31T23:55:00.000,105408,สำนักงานเขตภาษีเจริญ,105380,0.0,12.5,0.014305371,105380,0.0,27.0,0.0429161131,105380,0.0,38.5,0.0858322262,105380,0.0,47.0,0.1716644525,105380,0.0,81.0,0.5149933574,105380,0.0,99.5,1.0299867147,105380,0.0,101.0,2.0599734295,105380,0.0,101.0,4.1198472196,2020,rain
RF.PSC.03,105408,2020-01-01T00:00:00.000,2020-12-31T23:55:00.000,105408,จุดวัดคลองบางเชือกหนัง ตอนถนนพุทธมณฑลสาย 1,105407,0.0,10.5,0.013049418,105407,0.0,26.0,0.0391482539,105407,0.0,40.0,0.0782965078,105407,0.0,44.0,0.1565930156,105407,0.0,76.5,0.4697790469,105407,0.0,101.5,0.9395533503,105407,0.0,104.5,1.8791114442,105407,0.0,104.5,3.7581944273,2020,rain
RF.PSC.04,105408,2020-01-01T00:00:00.000,2020-12-31T23:55:00.000,105408,สถานีสูบน้ำ คลองภาษีเจริญ,105407,0.0,13.5,0.013068392,105407,0.0,28.5,0.0392051761,105407,0.0,36.0,0.0784103523,105407,0.0,57.5,0.1568207045,105407,0.0,75.0,0.470466857,105407,0.0,85.0,0.9410760196,105407,0.0,85.5,1.88234178,105407,0.0,88.0,3.7647452256,2020,rain
RF.PSC.05,105408,2020-01-01T00:00:00.000,2020-12-31T23:55:00.000,105408,จุดวัดคลองบางเชือกหนัง ตอนวัดปากน้ำฝั่งใต้,105395,0.0,11.0,0.0134209403,105395,0.0,28.0,0.0402106362,105395,0.0,41.5,0.0803263912,105395,0.0,55.0,0.1603206983,105395,0.0,98.0,0.4789695906,105395,0.0,107.5,0.9474737891,105395,0.0,108.0,1.8747236586,105395,0.0,110.0,3.7702452678,2020,rain
RF.PTW.01,105408,2020-01-01T00:00:00.000,2020-12-31T23:55:00.000,105408,สำนักงานเขตปทุมวัน,105393,0.0,29.0,0.0119220442,105393,0.0,45.0,0.0357661325,105393,0.0,45.0,0.071532265,105393,0.0,45.0,0.1430645299,105393,0.0,47.0,0.4291935897,105393,0.0,52.5,0.8583871794,105393,0.0,72.0,1.7167743588,105393,0.0,82.0,3.4335487177,2020,rain
RF.PTW.02,105408,2020-01-01T00:00:00.000,2020-12-31T23:55:00.000,105408,สถานีสูบน้ำ คลองอรชร,105407,0.0,16.0,0.0142163234,105407,0.0,41.0,0.0430901174,105407,0.0,64.5,0.0858861366,105407,0.0,74.0,0.1722039333,105407,0.0,81.5,0.5238361779,105407,0.0,83.0,1.0542278976,105407,0.0,108.0,2.1150255676,105407,0.0,112.0,4.2364833455,2020,rain
RF.PWT.01,105408,2020-01-01T00:00:00.000,2020-12-31T23:55:00.000,105408,สำนักงานเขตประเวศ,105369,0.0,13.0,0.013300876,105369,0.0,33.0,0.0399643159,105369,0.0,54.0,0.0798906699,105369,0.0,63.5,0.1596532187,105369,0.0,86.5,0.4796524595,105369,0.0,90.0,0.959679792,105369,0.0,90.0,1.919734457,105369,0.0,90.5,3.8398437871,2020,rain
RF.PWT.02,105408,2020-01-01T00:00:00.000,2020-12-31T23:55:00.000,105408,ประตูระบายน้ำ คลองประเวศบุรีรมย์ ตอนวัดกระทุ่มเสือปลา,105408,0.0,10.0,0.0103739754,105408,0.0,28.5,0.0312974347,105408,0.0,44.0,0.0630265255,105408,0.0,57.0,0.1267361111,105408,0.0,78.5,0.3801419247,105408,0.0,82.0,0.7590837508,105408,0.0,82.0,1.521070507,105408,0.0,82.0,3.0760521023,2020,rain
RF.PWT.03,105408,2020-01-01T00:00:00.000,2020-12-31T23:55:00.000,105408,จุดวัดบึงหนองบอน,105408,0.0,13.0,0.0107344794,105408,0.0,22.0,0.0322034381,105408,0.0,31.5,0.0644068761,105408,0.0,41.5,0.1288137523,105408,0.0,54.0,0.3864412568,105408,0.0,55.5,0.7728825137,105408,0.0,55.5,1.5457650273,105408,0.0,62.0,3.0915300546,2020,rain
RF.PYT.01,105408,2020-01-01T00:00:00.000,2020-12-31T23:55:00.000,105408,สำนักงานเขตพญาไท,105372,0.0,13.5,0.0175426109,105383,0.0,32.5,0.0526223395,105383,0.0,47.0,0.1052446789,105383,0.0,78.0,0.2104893579,105383,0.0,99.0,0.6314680736,105383,0.0,99.0,1.2629361472,105383,0.0,101.5,2.5258675498,105383,0.0,153.0,5.0517398442,2020,rain
RF.RBN.01,105408,2020-01-01T00:00:00.000,2020-12-31T23:55:00.000,105408,สำนักงานเขตราษฎร์บูรณะ,105377,0.0,14.5,0.0113829394,105377,0.0,31.5,0.0341488181,105377,0.0,45.5,0.0682976361,105377,0.0,47.5,0.1365952722,105377,0.0,57.0,0.4097858166,105377,0.0,59.5,0.8195716333,105377,0.0,59.5,1.6391242871,105377,0.0,61.5,3.2782675536,2020,rain
RF.RBN.02,105408,2020-01-01T00:00:00.000,2020-12-31T23:55:00.000,105408,สถานีสูบน้ำ คลองแจงร้อน,105407,0.0,10.5,0.0116453366,105407,0.0,30.0,0.0349360099,105407,0.0,44.0,0.0698720199,105407,0.0,55.5,0.1397392963,105407,0.0,63.5,0.4191799406,105407,0.0,63.5,0.8384120599,105407,0.0,64.0,1.6768762985,105407,0.0,65.0,3.3538000323,2020,rain
RF.RTW.01,105408,2020-01-01T00:00:00.000,2020-12-31T23:55:00.000,105408,สำนักงานเขตราชเทวี,105362,0.0,15.0,0.0162060325,105362,0.0,36.0,0.0486180976,105362,0.0,48.0,0.0972361952,105362,0.0,66.5,0.1944723904,105362,0.0,80.5,0.5834124257,105362,0.0,81.0,1.1668248515,105362,0.0,88.0,2.3408581842,105362,0.0,115.5,4.6986057592,2020,rain
RF.RTW.02,105408,2020-01-01T00:00:00.000,2020-12-31T23:55:00.000,105408,จุดวัดคลองสามเสน ตอน รพ.พระมงกุฎเกล้า,105403,0.0,11.0,0.0139749343,105403,0.0,31.0,0.0419248029,105403,0.0,40.5,0.0838496058,105403,0.0,56.5,0.1676992116,105403,0.0,66.0,0.5024714667,105403,0.0,76.5,1.0055691014,105403,0.0,76.5,2.011764371,105403,0.0,121.0,4.0241454228,2020,rain
RF.RTW.03,105408,2020-01-01T00:00:00.000,2020-12-31T23:55:00.000,105408,อาคารรับน้ำบึงมักกะสัน,105405,0.0,12.5,0.0162136521,105405,0.0,34.0,0.0486409563,105405,0.0,46.5,0.0972819126,105405,0.0,66.5,0.1945638252,105405,0.0,78.5,0.5836914757,105405,0.0,80.5,1.1672121816,105405,0.0,81.5,2.3345951331,105405,0.0,126.0,4.6693562924,2020,rain
RF.SLG.01,105408,2020-01-01T00:00:00.000,2020-12-31T23:55:00.000,105408,สำนักงานเขตสวนหลวง,105168,0.0,12.5,0.0105545413,105172,0.0,28.0,0.0314960256,105172,0.0,48.0,0.0630586088,105172,0.0,65.0,0.1262645951,105172,0.0,79.5,0.3790314913,105172,0.0,80.5,0.7575067508,105172,0.0,81.0,1.5153320275,105172,0.0,81.0,3.0312440574,2020,rain
RF.SLG.02,105408,2020-01-01T00:00:00.000,2020-12-31T23:55:00.000,105408,จุดวัดคลองประเวศบุรีรมย์ ตอนวัดขจรศิริ,105408,0.0,7.5,0.0072195659,105408,0.0,17.0,0.0216586976,105408,0.0,23.0,0.0433173953,105408,0.0,34.0,0.0866347905,105408,0.0,41.0,0.2599043716,105408,0.0,41.5,0.5198087432,105408,0.0,44.0,1.0396174863,105408,0.0,48.5,2.0792349727,2020,rain
RF.SMI.01,105408,2020-01-01T00:00:00.000,2020-12-31T23:55:00.000,105408,สำนักงานเขตสายไหม,105373,0.0,13.5,0.0142066753,105373,0.0,33.0,0.042620026,105373,0.0,53.5,0.085240052,105373,0.0,61.0,0.170480104,105373,0.0,65.0,0.511440312,105373,0.0,65.0,1.0228806241,105373,0.0,65.0,2.0457612481,105373,0.0,79.0,4.0915224963,2020,rain
RF.SMI.02,105408,2020-01-01T00:00:00.000,2020-12-31T23:55:00.000,105408,ประตูระบายน้ำ คลองสองสายใต้,105408,0.0,12.5,0.0124373862,105408,0.0,32.0,0.0373121585,105408,0.0,49.5,0.0746243169,105408,0.0,52.5,0.1492486339,105408,0.0,60.0,0.4477885929,105408,0.0,80.0,0.8955344945,105408,0.0,81.0,1.7910262978,105408,0.0,81.0,3.5840685716,2020,rain
RF.SMI.03,105408,2020-01-01T00:00:00.000,2020-12-31T23:55:00.000,105408,ประตูระบายน้ำ คลองพระยาสุเรนทร์,105406,0.0,18.0,0.01246134,105408,0.0,34.5,0.0373833106,105408,0.0,53.0,0.0747666211,105408,0.0,70.0,0.1495901639,105408,0.0,75.5,0.4486851093,105408,0.0,75.5,0.8991253036,105408,0.0,75.5,1.8014714253,105408,0.0,93.0,3.6235864451,2020,rain
RF.SMI.04,105408,2020-01-01T00:00:00.000,2020-12-31T23:55:00.000,105408,จุดวัดซอยแอนเน็กซ์,105406,0.0,11.5,0.0143777394,105406,0.0,26.0,0.0431332182,105406,0.0,46.5,0.0862664364,105406,0.0,54.0,0.1725328729,105406,0.0,73.5,0.5175986187,105406,0.0,109.0,1.0351972373,105406,0.0,110.5,2.0703944747,105406,0.0,111.0,4.1407889494,2020,rain
RF.SPK.01,105408,2020-01-01T00:00:00.000,2020-12-31T23:55:00.000,105408,สถานีสูบน้ำ คลองสำโรง,105403,0.0,11.5,0.0109816609,105403,0.0,25.0,0.0329449826,105403,0.0,45.5,0.0658899652,105403,0.0,57.5,0.1317799304,105403,0.0,61.0,0.3953397911,105403,0.0,61.5,0.7906131704,105403,0.0,63.5,1.5812927526,105403,0.0,83.0,3.1753934897,2020,rain
RF.SPS.01,105408,2020-01-01T00:00:00.000,2020-12-31T23:55:00.000,105408,สำนักงานเขตสะพานสูง,105366,0.0,12.5,0.015484122,105366,0.0,28.5,0.046452366,105366,0.0,52.5,0.0929047321,105366,0.0,75.0,0.1858094642,105366,0.0,81.0,0.5574283925,105366,0.0,95.5,1.1148140766,105366,0.0,98.5,2.2290776911,105366,0.0,98.5,4.4587912609,2020,rain
RF.SPS.02,105408,2020-01-01T00:00:00.000,2020-12-31T23:55:00.000,105408,ประตูระบายน้ำ คลองแสนแสบ ตอนบางชัน,105408,0.0,12.5,0.0124990513,105408,0.0,29.0,0.0374971539,105408,0.0,49.5,0.0749943078,105408,0.0,68.5,0.1499886157,105408,0.0,74.5,0.449965847,105408,0.0,75.0,0.899931694,105408,0.0,75.0,1.799863388,105408,0.0,87.5,3.599726776,2020,rain
RF.SPW.01,105408,2020-01-01T00:00:00.000,2020-12-31T23:55:00.000,105408,บ่อสูบน้ำ ท่าน้ำสวัสดี,105386,0.0,9.5,0.0138443437,105386,0.0,21.0,0.0415282865,105386,0.0,34.5,0.0830375951,105386,0.0,41.5,0.1660467235,105386,0.0,62.5,0.4980832369,105386,0.0,65.5,0.9961380069,105386,0.0,71.0,1.992257036,105386,0.0,107.5,3.9844856053,2020,rain
RF.STN.01,105408,2020-01-01T00:00:00.000,2020-12-31T23:55:00.000,105408,สำนักงานเขตสาทร,105370,0.0,11.0,0.0141216665,105370,0.0,31.0,0.0423602543,105370,0.0,46.0,0.0847110183,105370,0.0,60.0,0.1693840752,105370,0.0,85.0,0.5082234032,105370,0.0,85.0,1.0165986524,105370,0.0,85.5,2.0333349151,105370,0.0,106.0,4.0667504982,2020,rain
RF.STN.02,105408,2020-01-01T00:00:00.000,2020-12-31T23:55:00.000,105408,สถานีสูบน้ำ คลองสาทร,105390,0.0,12.5,0.0153003131,105390,0.0,34.5,0.0459009394,105390,0.0,52.0,0.0918018787,105390,0.0,62.0,0.1836037575,105390,0.0,111.5,0.5507970396,105390,0.0,119.5,1.1013473764,105390,0.0,121.0,2.2020590189,105390,0.0,159.5,4.4026757757,2020,rain
RF.TBR.01,105408,2020-01-01T00:00:00.000,2020-12-31T23:55:00.000,105408,สำนักงานเขตธนบุรี,105377,0.0,11.5,0.0124268104,105377,0.0,23.0,0.0372804312,105377,0.0,32.0,0.0745608624,105377,0.0,41.0,0.1491217249,105377,0.0,69.0,0.4473651746,105377,0.0,73.0,0.8947303491,105377,0.0,74.5,1.7894606983,105377,0.0,107.5,3.5789213965,2020,rain
RF.TBR.02,105408,2020-01-01T00:00:00.000,2020-12-31T23:55:00.000,105408,สถานีสูบน้ำ คลองสำเหร่,105407,0.0,10.5,0.0119678959,105407,0.0,24.0,0.0359036876,105407,0.0,35.5,0.0718073752,105407,0.0,48.0,0.1436147504,105407,0.0,77.0,0.4307304069,105407,0.0,82.5,0.8614038916,105407,0.0,84.0,1.7227508609,105407,0.0,102.0,3.4454447997,2020,rain
RF.TBR.03,105408,2020-01-01T00:00:00.000,2020-12-31T23:55:00.000,105408,สถานีสูบน้ำ ดาวคะนอง,105406,0.0,11.5,0.0122336489,105406,0.0,31.5,0.0367009468,105406,0.0,55.0,0.0734018936,105406,0.0,81.5,0.1468085308,105406,0.0,96.5,0.4404398232,105406,0.0,101.5,0.8808654156,105406,0.0,103.5,1.7638322297,105406,0.0,121.5,3.5558601977,2020,rain
RF.TKU.01,105408,2020-01-01T00:00:00.000,2020-12-31T23:55:00.000,105408,สำนักงานเขตทุ่งครุ,105350,0.0,9.5,0.0122828666,105350,0.0,21.5,0.0368391077,105350,0.0,37.5,0.0736734694,105350,0.0,46.5,0.1473421927,105350,0.0,73.0,0.4420645467,105350,0.0,83.0,0.8840863787,105350,0.0,88.5,1.7679829141,105350,0.0,124.0,3.5359658282,2020,rain
RF.TKU.02,105408,2020-01-01T00:00:00.000,2020-12-31T23:55:00.000,105408,ประตูระบายน้ำ คลองรางจาก ตอนถนนประชาอุทิศ,105399,0.0,10.5,0.0108777123,105399,0.0,24.0,0.0326331369,105399,0.0,36.0,0.0652662739,105399,0.0,39.5,0.1305325477,105399,0.0,53.0,0.3915976432,105399,0.0,56.0,0.7831952865,105399,0.0,72.0,1.566390573,105399,0.0,102.5,3.1325961347,2020,rain
RF.TLC.01,105408,2020-01-01T00:00:00.000,2020-12-31T23:55:00.000,105408,สำนักงานเขตตลิ่งชัน,105376,0.0,13.5,0.0151647434,105376,0.0,37.0,0.0454657607,105376,0.0,46.5,0.0908366231,105376,0.0,60.0,0.1815688582,105376,0.0,107.0,0.5440185621,105376,0.0,127.0,1.0876290616,105376,0.0,128.0,2.1740102111,105376,0.0,128.0,4.3495957334,2020,rain
RF.TLC.02,105408,2020-01-01T00:00:00.000,2020-12-31T23:55:00.000,105408,ประตูระบายน้ำ คลองบัว ตอนทางรถไฟสายใต้,105405,0.0,11.0,0.0140885157,105405,0.0,25.0,0.0422655472,105405,0.0,41.0,0.0845310944,105405,0.0,65.5,0.1690621887,105405,0.0,112.0,0.5073051563,105405,0.0,151.5,1.0144917224,105405,0.0,153.5,2.0288648546,105405,0.0,153.5,4.0575826574,2020,rain
RF.TLC.03,105408,2020-01-01T00:00:00.000,2020-12-31T23:55:00.000,105408,สถานีสูบน้ำ คลองชักพระ,105355,0.0,12.5,0.0141094395,105355,0.0,34.5,0.0423662854,105355,0.0,41.0,0.0847800294,105355,0.0,53.5,0.1696075174,105355,0.0,95.0,0.5089791657,105355,0.0,105.0,1.0181149447,105355,0.0,105.5,2.0363865028,105355,0.0,105.5,4.0729296189,2020,rain
RF.TWW.01,105408,2020-01-01T00:00:00.000,2020-12-31T23:55:00.000,105408,สำนักงานเขตทวีวัฒนา,105385,0.0,12.0,0.0119324382,105385,0.0,25.0,0.0357973146,105385,0.0,38.5,0.0715946292,105385,0.0,54.0,0.1431892584,105385,0.0,91.0,0.4295677753,105385,0.0,124.5,0.8591355506,105385,0.0,126.0,1.7182711012,105385,0.0,126.0,3.4365422024,2020,rain
RF.TWW.02,105408,2020-01-01T00:00:00.000,2020-12-31T23:55:00.000,105408,ประตูระบายน้ำ คลองทวีวัฒนา,105408,0.0,10.0,0.0107344794,105408,0.0,20.5,0.0322034381,105408,0.0,32.5,0.0644068761,105408,0.0,43.0,0.1288137523,105408,0.0,60.5,0.3864412568,105408,0.0,79.0,0.7728825137,105408,0.0,80.0,1.5457650273,105408,0.0,80.0,3.0915300546,2020,rain
RF.TWW.03,105408,2020-01-01T00:00:00.000,2020-12-31T23:55:00.000,105408,ประตูระบายน้ำ คลองขุนศรีบุรีรักษ์ ตอนคลองมหาสวัสดิ์,105406,0.0,10.0,0.0110667324,105406,0.0,25.5,0.0332998122,105406,0.0,41.5,0.0667134698,105406,0.0,58.0,0.1335407852,105406,0.0,78.5,0.4008500465,105406,0.0,119.0,0.8018139385,105406,0.0,120.5,1.6067443979,105406,0.0,120.5,3.2420213271,2020,rain
RF.TWW.04,105408,2020-01-01T00:00:00.000,2020-12-31T23:55:00.000,105408,จุดวัดคลองทวีวัฒนา ตอนคลองบางเชือกหนัง,105406,0.0,25.5,0.0137278713,105406,0.0,42.5,0.0411836138,105406,0.0,52.0,0.0823672277,105406,0.0,79.0,0.1647344553,105406,0.0,87.0,0.494203366,105406,0.0,87.5,0.9884067321,105406,0.0,87.5,1.9768134641,105406,0.0,144.5,3.9539257727,2020,rain
RF.WTL.01,105408,2020-01-01T00:00:00.000,2020-12-31T23:55:00.000,105408,สำนักงานเขตวังทองหลาง,105364,0.0,12.5,0.0162721613,105364,0.0,32.0,0.0488164838,105364,0.0,55.5,0.0976329676,105364,0.0,69.0,0.1952659352,105364,0.0,78.5,0.5857978057,105364,0.0,93.5,1.1715956114,105364,0.0,96.0,2.3431912228,105364,0.0,96.0,4.6862211002,2020,rain
RF.WTL.02,105408,2020-01-01T00:00:00.000,2020-12-31T23:55:00.000,105408,ประตูระบายน้ำ คลองลาดพร้าว,105408,0.0,9.5,0.0129164769,105408,0.0,28.5,0.0386925091,105408,0.0,44.0,0.0773565574,105408,0.0,59.0,0.1546846539,105408,0.0,68.5,0.4683657787,105408,0.0,68.5,0.9407018443,105408,0.0,74.5,1.8852032104,105408,0.0,74.5,3.7738738995,2020,rain
RF.WTL.03,105408,2020-01-01T00:00:00.000,2020-12-31T23:55:00.000,105408,สถานีสูบน้ำ คลองเจ้าคุณสิงห์,102230,0.0,11.5,0.0136848283,102230,0.0,26.5,0.041054485,102230,0.0,46.5,0.08210897,102230,0.0,68.0,0.1642179399,102230,0.0,70.0,0.4926538198,102230,0.0,70.0,0.9853076396,102230,0.0,70.5,1.9706152793,102230,0.0,71.5,3.9412305585,2020,rain
RF.WTN.01,105408,2020-01-01T00:00:00.000,2020-12-31T23:55:00.000,105408,สำนักงานเขตวัฒนา,105021,0.0,12.0,0.0146875387,105021,0.0,33.0,0.044062616,105021,0.0,50.0,0.0881252321,105021,0.0,79.0,0.1762504642,105021,0.0,90.5,0.5287513926,105021,0.0,92.0,1.0575027852,105021,0.0,93.5,2.1149198732,105021,0.0,119.5,4.2299254435,2020,rain
RF.WTN.02,105408,2020-01-01T00:00:00.000,2020-12-31T23:55:00.000,105408,สถานีสูบน้ำ คลองแสนแสบตอนคลองตัน,105408,0.0,12.5,0.0117495826,105408,0.0,24.0,0.0352487477,105408,0.0,39.5,0.0704974954,105408,0.0,62.0,0.1409949909,105408,0.0,72.0,0.4229849727,105408,0.0,73.5,0.8595078172,105408,0.0,74.5,1.7489137447,105408,0.0,96.0,3.4746793412,2020,rain
RF.YNW.01,105408,2020-01-01T00:00:00.000,2020-12-31T23:55:00.000,105408,สำนักงานเขตยานนาวา,105386,0.0,13.0,0.0135169757,105386,0.0,36.0,0.0407312167,105386,0.0,48.0,0.0815525781,105386,0.0,58.5,0.1631953011,105386,0.0,63.5,0.4897661929,105386,0.0,65.0,0.9796225305,105386,0.0,81.5,1.9593352058,105386,0.0,88.5,3.9187605564,2020,rain
RF.YNW.02,105408,2020-01-01T00:00:00.000,2020-12-31T23:55:00.000,105408,สถานีสูบน้ำ คลองช่องนนทรี,105408,0.0,11.0,0.0122096995,105408,0.0,31.0,0.0366290984,105408,0.0,42.5,0.0732581967,105408,0.0,51.5,0.1465163934,105408,0.0,56.5,0.4395491803,105408,0.0,57.0,0.8790983607,105408,0.0,65.5,1.7582631299,105408,0.0,75.0,3.5183667274,2020,rain
RF.YNW.03,105408,2020-01-01T00:00:00.000,2020-12-31T23:55:00.000,105408,ประตูระบายน้ำ คลองวัดด่าน,105406,0.0,11.5,0.0085052084,105406,0.0,27.5,0.0255156253,105406,0.0,45.5,0.0510312506,105406,0.0,60.0,0.1020625012,105406,0.0,66.5,0.3061875036,105406,0.0,67.0,0.6123750071,105406,0.0,67.0,1.2247500142,105406,0.0,67.0,2.4492391325,2020,rain
RF.BBN.01,105120,2021-01-01T00:00:00.000,2021-12-31T23:55:00.000,105120,สำนักงานเขตบางบอน,105120,0.0,9.5,0.0115391933,105120,0.0,21.0,0.0346175799,105120,0.0,29.0,0.0692351598,105120,0.0,36.0,0.1384703196,105120,0.0,59.0,0.4154109589,105120,0.0,100.5,0.8308219178,105120,0.0,109.0,1.6616438356,105120,0.0,123.5,3.3232876712,2021,rain
RF.BBN.02,105120,2021-01-01T00:00:00.000,2021-12-31T23:55:00.000,105120,จุดวัดคลองบางบอน ตอนคลองสะแกงาม,105120,0.0,12.5,0.0110968417,105120,0.0,26.5,0.0332905251,105120,0.0,38.0,0.0665810502,105120,0.0,38.5,0.1331621005,105120,0.0,54.0,0.3994863014,105120,0.0,87.5,0.7989726027,105120,0.0,91.5,1.5979452055,105120,0.0,101.5,3.195890411,2021,rain
RF.BKA.01,105120,2021-01-01T00:00:00.000,2021-12-31T23:55:00.000,105120,สำนักงานเขตบางเขน,105120,0.0,20.5,0.0117199391,105120,0.0,45.5,0.0351598174,105120,0.0,52.5,0.0703196347,105120,0.0,55.0,0.1406392694,105120,0.0,56.0,0.422027207,105120,0.0,56.0,0.8439450152,105120,0.0,56.0,1.6877806317,105120,0.0,56.5,3.3754518645,2021,rain
RF.BKA.02,105120,2021-01-01T00:00:00.000,2021-12-31T23:55:00.000,105120,จุดวัดคลองบางบัว,105120,0.0,12.0,0.0103643455,105120,0.0,23.0,0.0310930365,105120,0.0,30.5,0.0621860731,105120,0.0,42.0,0.1243721461,105120,0.0,50.0,0.3731164384,105120,0.0,52.0,0.7462328767,105120,0.0,53.5,1.4924657534,105120,0.0,70.5,2.9849315068,2021,rain
RF.BKE.01,105120,2021-01-01T00:00:00.000,2021-12-31T23:55:00.000,105120,สำนักงานเขตบางแค,105120,0.0,12.5,0.0141076865,105120,0.0,31.0,0.0423230594,105120,0.0,40.0,0.0846461187,105120,0.0,47.0,0.1693017504,105120,0.0,55.0,0.5080003805,105120,0.0,67.5,1.0161339422,105120,0.0,80.0,2.0325722983,105120,0.0,82.0,4.0654490107,2021,rain
RF.BKE.02,105120,2021-01-01T00:00:00.000,2021-12-31T23:55:00.000,105120,จุดวัดคลองราชมนตรี ตอนคลองภาษีเจริญ,105120,0.0,18.5,0.0145167428,105120,0.0,39.5,0.0435026636,105120,0.0,52.5,0.0869815449,105120,0.0,61.5,0.1739393075,105120,0.0,70.0,0.5217751142,105120,0.0,82.5,1.0435216895,105120,0.0,99.5,2.0870386225,105120,0.0,101.5,4.1740439498,2021,rain
RF.BKE.03,105120,2021-01-01T00:00:00.000,2021-12-31T23:55:00.000,105120,สถานีสูบน้ำคลองบางจาก,105120,0.0,13.5,0.0150256849,105120,0.0,32.5,0.0450770548,105120,0.0,50.5,0.0901541096,105120,0.0,63.0,0.1803082192,105120,0.0,67.0,0.5409246575,105120,0.0,67.0,1.0818493151,105120,0.0,87.0,2.1636986301,105120,0.0,92.5,4.3273972603,2021,rain
RF.BKE.04,105120,2021-01-01T00:00:00.000,2021-12-31T23:55:00.000,105120,บ่อสูบน้ำหมู่บ้านเศรษฐกิจ ซอย 26,105120,0.0,11.0,0.0151588661,105120,0.0,29.0,0.0454575723,105120,0.0,46.0,0.0909056317,105120,0.0,78.5,0.1818017504,105120,0.0,100.0,0.5453909817,105120,0.0,101.0,1.0907676941,105120,0.0,102.0,2.1815258752,105120,0.0,110.0,4.3630469939,2021,rain
RF.BKL.01,105120,2021-01-01T00:00:00.000,2021-12-31T23:55:00.000,105120,สำนักงานเขตบางคอแหลม,105120,0.0,17.0,0.0143502664,105120,0.0,35.5,0.0430507991,105120,0.0,56.0,0.0861015982,105120,0.0,75.5,0.1722031963,105120,0.0,81.5,0.516609589,105120,0.0,85.0,1.0332191781,105120,0.0,92.0,2.0664383562,105120,0.0,97.0,4.1328767123,2021,rain
RF.BKL.02,105120,2021-01-01T00:00:00.000,2021-12-31T23:55:00.000,105120,สถานีสูบน้ำ คลองวัดไทร,105120,0.0,15.0,0.0150922755,105120,0.0,37.0,0.0452768265,105120,0.0,53.5,0.090553653,105120,0.0,77.5,0.1811073059,105120,0.0,86.0,0.5433219178,105120,0.0,86.0,1.0866438356,105120,0.0,89.0,2.1732876712,105120,0.0,90.5,4.3465753425,2021,rain
RF.BKM.01,105120,2021-01-01T00:00:00.000,2021-12-31T23:55:00.000,105120,สำนักงานเขตบึงกุ่ม,105120,0.0,11.0,0.0157867199,105120,0.0,26.5,0.0473601598,105120,0.0,48.5,0.0947203196,105120,0.0,74.0,0.1894406393,105120,0.0,90.5,0.5683219178,105120,0.0,91.0,1.1366438356,105120,0.0,91.0,2.2732876712,105120,0.0,105.0,4.5465753425,2021,rain
RF.BKN.01,105120,2021-01-01T00:00:00.000,2021-12-31T23:55:00.000,105120,สำนักงานเขตบางกอกน้อย,105120,0.0,12.0,0.0129185693,105120,0.0,30.0,0.0387557078,105120,0.0,43.0,0.0775114155,105120,0.0,51.0,0.1550228311,105120,0.0,68.0,0.4650684932,105120,0.0,70.0,0.9301369863,105120,0.0,70.5,1.8602739726,105120,0.0,90.0,3.7205479452,2021,rain
RF.BKN.02,105120,2021-01-01T00:00:00.000,2021-12-31T23:55:00.000,105120,สถานีสูบน้ำ คลองมอญ,105120,0.0,12.5,0.0140839041,105120,0.0,29.5,0.0422517123,105120,0.0,46.0,0.0845034247,105120,0.0,65.0,0.1690068493,105120,0.0,75.0,0.5070205479,105120,0.0,75.0,1.0140410959,105120,0.0,75.0,2.0280821918,105120,0.0,106.5,4.0561881659,2021,rain
RF.BKP.02,105120,2021-01-01T00:00:00.000,2021-12-31T23:55:00.000,105120,จุดวัดคลองแสนแสบ ตอนสำนักงานเขตบางกะปิ,105120,0.0,12.0,0.0189069635,105120,0.0,30.5,0.0564450152,105120,0.0,48.5,0.1127520928,105120,0.0,62.5,0.225375761,105120,0.0,90.0,0.675832382,105120,0.0,90.0,1.3515839041,105120,0.0,122.5,2.7029965753,105120,0.0,148.5,5.4058076484,2021,rain
RF.BKT.01,105120,2021-01-01T00:00:00.000,2021-12-31T23:55:00.000,105120,สำนักงานเขตบางขุนเทียน,105120,0.0,10.0,0.0136035008,105120,0.0,24.0,0.0408009893,105120,0.0,39.5,0.0815972222,105120,0.0,58.0,0.163189688,105120,0.0,67.5,0.489559551,105120,0.0,67.5,0.9791143455,105120,0.0,75.0,1.9582239346,105120,0.0,85.5,3.9164431126,2021,rain
RF.BKT.02,105120,2021-01-01T00:00:00.000,2021-12-31T23:55:00.000,105120,สถานีสูบน้ำ คลองเลนเปน,105120,0.0,13.5,0.0106164384,105120,0.0,29.5,0.0318350457,105120,0.0,44.5,0.0636558219,105120,0.0,59.0,0.1272973744,105120,0.0,60.5,0.3818207763,105120,0.0,60.5,0.7636605784,105120,0.0,65.5,1.5287195586,105120,0.0,76.5,3.0657819635,2021,rain
RF.BKT.03,105120,2021-01-01T00:00:00.000,2021-12-31T23:55:00.000,105120,สถานีสูบน้ำ คลองระหาญ,105120,0.0,11.0,0.0112585616,105120,0.0,30.0,0.033766172,105120,0.0,52.5,0.0675275875,105120,0.0,69.0,0.135055175,105120,0.0,97.0,0.4051464992,105120,0.0,97.5,0.8102834855,105120,0.0,97.5,1.6241961568,105120,0.0,98.0,3.2530156012,2021,rain
RF.BKT.04,105120,2021-01-01T00:00:00.000,2021-12-31T23:55:00.000,105120,สถานีสูบน้ำ คลองพระยาราชมนตรี,105120,0.0,10.0,0.012195586,105120,0.0,26.0,0.036586758,105120,0.0,44.0,0.073173516,105120,0.0,59.5,0.146347032,105120,0.0,61.5,0.4390410959,105120,0.0,75.5,0.8780821918,105120,0.0,83.5,1.7561643836,105120,0.0,94.0,3.5187167047,2021,rain
RF.BKT.05,105120,2021-01-01T00:00:00.000,2021-12-31T23:55:00.000,105120,สถานีสูบน้ำ คลองสนามชัย,105120,0.0,11.5,0.0158818493,105120,0.0,31.0,0.0476455479,105120,0.0,42.0,0.0952910959,105120,0.0,55.5,0.1905821918,105120,0.0,73.5,0.5717465753,105120,0.0,96.5,1.1434931507,105120,0.0,97.5,2.2869863014,105120,0.0,97.5,4.5739726027,2021,rain
RF.BKY.01,105120,2021-01-01T00:00:00.000,2021-12-31T23:55:00.000,105120,สำนักงานเขตบางกอกใหญ่,105120,0.0,10.0,0.0136035008,105120,0.0,25.0,0.0408105023,105120,0.0,41.0,0.0816210046,105120,0.0,53.5,0.1632420091,105120,0.0,63.5,0.4897260274,105120,0.0,65.0,0.9794520548,105120,0.0,84.5,1.9589041096,105120,0.0,95.5,3.9178082192,2021,rain
RF.BKY.02,105120,2021-01-01T00:00:00.000,2021-12-31T23:55:00.000,105120,สถานีสูบน้ำ คลองบางกอกใหญ่,105111,0.0,12.0,0.0095660778,105120,0.0,22.0,0.0286957763,105120,0.0,33.0,0.0573915525,105120,0.0,50.0,0.114783105,105120,0.0,54.5,0.3443493151,105120,0.0,57.0,0.6886986301,105120,0.0,57.5,1.3773972603,105120,0.0,74.5,2.7547945205,2021,rain
RF.BNA.01,105120,2021-01-01T00:00:00.000,2021-12-31T23:55:00.000,105120,สำนักงานเขตบางนา,105120,0.0,16.5,0.0138270548,105120,0.0,35.5,0.0414811644,105120,0.0,62.5,0.0829623288,105120,0.0,100.5,0.1659246575,105120,0.0,111.5,0.4977739726,105120,0.0,114.5,0.9955479452,105120,0.0,114.5,1.9910958904,105120,0.0,125.0,3.9821917808,2021,rain
RF.BNA.02,105120,2021-01-01T00:00:00.000,2021-12-31T23:55:00.000,105120,สถานีสูบน้ำ บางนา,105120,0.0,15.5,0.0159389269,105120,0.0,34.5,0.0478167808,105120,0.0,59.5,0.0956335616,105120,0.0,93.5,0.1912671233,105120,0.0,101.0,0.5738013699,105120,0.0,104.0,1.1476883562,105120,0.0,111.0,2.2959094368,105120,0.0,120.5,4.5931697108,2021,rain
RF.BNA.03,105120,2021-01-01T00:00:00.000,2021-12-31T23:55:00.000,105120,จุดวัดคลองบางนา ตอนถนนศรีนครินทร์,105115,0.0,14.0,0.0170479951,105115,0.0,36.5,0.0511439852,105115,0.0,57.0,0.1022879703,105115,0.0,85.0,0.2045759406,105115,0.0,88.5,0.6137278219,105115,0.0,91.0,1.2274556438,105115,0.0,91.0,2.4549112876,105115,0.0,96.5,4.9098225753,2021,rain
RF.BPD.01,105120,2021-01-01T00:00:00.000,2021-12-31T23:55:00.000,105120,สำนักงานเขตบางพลัด,105120,0.0,14.0,0.013332382,105120,0.0,42.0,0.0398116438,105120,0.0,62.5,0.0794805936,105120,0.0,71.5,0.1588184932,105120,0.0,76.5,0.4762794901,105120,0.0,79.0,0.9524162861,105120,0.0,80.5,1.9044710807,105120,0.0,121.0,3.8087994673,2021,rain
RF.BRK.01,105120,2021-01-01T00:00:00.000,2021-12-31T23:55:00.000,105120,สำนักงานเขตบางรัก,105120,0.0,10.5,0.0147022451,105120,0.0,29.5,0.0440449011,105120,0.0,46.5,0.0879994292,105120,0.0,58.5,0.1758704338,105120,0.0,67.0,0.5273544521,105120,0.0,68.5,1.0545899924,105120,0.0,82.0,2.1090896119,105120,0.0,100.5,4.2179937215,2021,rain
RF.BRK.02,105120,2021-01-01T00:00:00.000,2021-12-31T23:55:00.000,105120,สถานีสูบน้ำ กรุงเกษม,105120,0.0,11.5,0.0135464231,105120,0.0,27.0,0.0406392694,105120,0.0,42.0,0.0812785388,105120,0.0,58.0,0.1625570776,105120,0.0,64.0,0.4876712329,105120,0.0,66.0,0.9753424658,105120,0.0,70.5,1.9506849315,105120,0.0,88.0,3.901369863,2021,rain
RF.BSU.01,105120,2021-01-01T00:00:00.000,2021-12-31T23:55:00.000,105120,สำนักงานเขตบางซื่อ,105120,0.0,10.0,0.0123906012,105120,0.0,24.5,0.0371337519,105120,0.0,35.5,0.0742484779,105120,0.0,44.5,0.14847793,105120,0.0,55.0,0.4453957382,105120,0.0,59.5,0.8907914764,105120,0.0,61.0,1.7815449011,105120,0.0,62.0,3.5630898021,2021,rain
RF.BSU.02,105120,2021-01-01T00:00:00.000,2021-12-31T23:55:00.000,105120,สถานีสูบน้ำ คลองบางเขนใหม่,105120,0.0,19.0,0.0135749619,105120,0.0,25.5,0.0407343988,105120,0.0,42.5,0.081473554,105120,0.0,57.5,0.1629518645,105120,0.0,74.5,0.4888651065,105120,0.0,81.5,0.9777349696,105120,0.0,82.0,1.9554746956,105120,0.0,92.0,3.9109541476,2021,rain
RF.BSU.03,105120,2021-01-01T00:00:00.000,2021-12-31T23:55:00.000,105120,สถานีสูบน้ำ คลองบางซื่อ,105120,0.0,13.5,0.0135892314,105120,0.0,35.5,0.0407676941,105120,0.0,52.0,0.0816590563,105120,0.0,61.0,0.1631944444,105120,0.0,70.5,0.489335997,105120,0.0,72.5,0.9785483257,105120,0.0,73.0,1.9569729833,105120,0.0,115.0,3.9138222983,2021,rain
RF.BSU.04,105120,2021-01-01T00:00:00.000,2021-12-31T23:55:00.000,105120,บ่อสูบน้ำสะพานขวา ถนนประชาราษฎร์ สาย 2,105120,0.0,12.5,0.0143074581,105120,0.0,35.0,0.042908105,105120,0.0,50.5,0.0858019406,105120,0.0,56.0,0.1715896119,105120,0.0,57.0,0.5147402968,105120,0.0,60.0,1.0294663242,105120,0.0,60.5,2.058918379,105120,0.0,87.5,4.1178224886,2021,rain
RF.CTC.01,105120,2021-01-01T00:00:00.000,2021-12-31T23:55:00.000,105120,บ่อสูบน้ำศาลอาญา ถนนรัชดาภิเษก,105120,0.0,14.5,0.0166238584,105120,0.0,37.0,0.049766933,105120,0.0,63.5,0.0994815449,105120,0.0,82.5,0.1989107686,105120,0.0,90.5,0.5966371766,105120,0.0,90.5,1.193212519,105120,0.0,90.5,2.386363204,105120,0.0,123.5,4.7726645738,2021,rain
RF.CTC.02,105120,2021-01-01T00:00:00.000,2021-12-31T23:55:00.000,105120,สถานีสูบน้ำ รัชดา-วิภาวดี,105118,0.0,10.5,0.0129616241,105120,0.0,26.5,0.0388841324,105120,0.0,43.5,0.0777682648,105120,0.0,66.0,0.1555365297,105120,0.0,79.5,0.466609589,105120,0.0,87.0,0.9332191781,105120,0.0,91.5,1.8664383562,105120,0.0,92.0,3.7328767123,2021,rain
RF.CTC.03,105120,2021-01-01T00:00:00.000,2021-12-31T23:55:00.000,105120,จุดวัดถนนเทศบาลสงเคราะห์,105120,0.0,12.5,0.014488204,105120,0.0,31.5,0.0434646119,105120,0.0,45.0,0.0869292237,105120,0.0,73.5,0.1738584475,105120,0.0,90.0,0.5215753425,105120,0.0,98.0,1.0431506849,105120,0.0,101.5,2.0863013699,105120,0.0,102.0,4.1726027397,2021,rain
RF.DDG.02,105120,2021-01-01T00:00:00.000,2021-12-31T23:55:00.000,105120,ศูนย์ควบคุมระบบป้องกันน้ำท่วมกรุงเทพมหานคร สำนักการระบายน้ำ,105120,0.0,13.5,0.0181554414,105120,0.0,30.0,0.0544663242,105120,0.0,48.0,0.1089326484,105120,0.0,69.0,0.2178652968,105120,0.0,95.0,0.6535958904,105120,0.0,96.5,1.3071917808,105120,0.0,96.5,2.6143835616,105120,0.0,101.0,5.2287671233,2021,rain
RF.DMG.01,105120,2021-01-01T00:00:00.000,2021-12-31T23:55:00.000,105120,สำนักงานเขตดอนเมือง,105120,0.0,23.0,0.011515411,105120,0.0,25.0,0.0345462329,105120,0.0,35.5,0.0690924658,105120,0.0,45.0,0.1381849315,105120,0.0,51.0,0.4145547945,105120,0.0,51.0,0.829109589,105120,0.0,55.5,1.6582191781,105120,0.0,73.0,3.3164383562,2021,rain
RF.DST.01,105120,2021-01-01T00:00:00.000,2021-12-31T23:55:00.000,105120,สำนักงานเขตดุสิต,105120,0.0,12.0,0.0141980594,105120,0.0,35.5,0.0425941781,105120,0.0,47.0,0.0851883562,105120,0.0,73.0,0.1703767123,105120,0.0,81.5,0.511130137,105120,0.0,83.5,1.022260274,105120,0.0,83.5,2.0445205479,105120,0.0,104.0,4.0890410959,2021,rain
RF.DST.02,105120,2021-01-01T00:00:00.000,2021-12-31T23:55:00.000,105120,สถานีสูบน้ำ สามเสน,105120,0.0,21.5,0.0141552511,105120,0.0,46.0,0.0424657534,105120,0.0,66.5,0.0849315068,105120,0.0,87.5,0.1698630137,105120,0.0,102.0,0.5095890411,105120,0.0,103.5,1.0191780822,105120,0.0,103.5,2.0383561644,105120,0.0,121.0,4.0767123288,2021,rain
RF.HKG.01,105120,2021-01-01T00:00:00.000,2021-12-31T23:55:00.000,105120,สำนักงานเขตห้วยขวาง,105120,0.0,14.5,0.0168046043,105120,0.0,31.0,0.0504138128,105120,0.0,51.5,0.1008276256,105120,0.0,76.5,0.2016552511,105120,0.0,86.5,0.6049657534,105120,0.0,86.5,1.2099315068,105120,0.0,86.5,2.4198630137,105120,0.0,124.0,4.8397260274,2021,rain
RF.HKG.02,105120,2021-01-01T00:00:00.000,2021-12-31T23:55:00.000,105120,สถานีสูบน้ำ สามเสน ตอนคลองแสนแสบ,105120,0.0,9.5,0.0128091705,105120,0.0,25.0,0.0384275114,105120,0.0,45.0,0.0768550228,105120,0.0,82.0,0.1537100457,105120,0.0,101.0,0.461130137,105120,0.0,101.0,0.9272070015,105120,0.0,105.5,1.8645357686,105120,0.0,105.5,3.7391933029,2021,rain
RF.JTG.01,105120,2021-01-01T00:00:00.000,2021-12-31T23:55:00.000,105120,สำนักงานเขตจอมทอง,105120,0.0,17.0,0.0147545662,105120,0.0,39.0,0.0442636986,105120,0.0,48.5,0.0885273973,105120,0.0,55.0,0.1770547945,105120,0.0,62.5,0.5311643836,105120,0.0,62.5,1.0623287671,105120,0.0,64.0,2.1246575342,105120,0.0,102.0,4.2493150685,2021,rain
RF.JTG.02,105120,2021-01-01T00:00:00.000,2021-12-31T23:55:00.000,105120,จุดวัดคลองสนามชัย ตอนคลองบางขุนเทียน,105120,0.0,13.5,0.0157914764,105120,0.0,29.5,0.0473649163,105120,0.0,50.0,0.0947250761,105120,0.0,86.0,0.1894453957,105120,0.0,92.0,0.5683266743,105120,0.0,92.0,1.1366485921,105120,0.0,103.5,2.2735445205,105120,0.0,120.5,4.5494958143,2021,rain
RF.JTG.03,105120,2021-01-01T00:00:00.000,2021-12-31T23:55:00.000,105120,สถานีสูบน้ำ คลองสี่บาท,105120,0.0,11.0,0.014326484,105120,0.0,30.0,0.0429794521,105120,0.0,40.0,0.0859589041,105120,0.0,46.5,0.1719178082,105120,0.0,47.5,0.5157534247,105120,0.0,55.5,1.0315068493,105120,0.0,64.0,2.0630136986,105120,0.0,76.5,4.1260273973,2021,rain
RF.KNY.02,105120,2021-01-01T00:00:00.000,2021-12-31T23:55:00.000,105120,จุดวัดคลองลำชะล่า ตอนถนนนวมินทร์,105120,0.0,14.0,0.0147212709,105120,0.0,32.5,0.0441638128,105120,0.0,53.5,0.0883276256,105120,0.0,71.0,0.1766552511,105120,0.0,99.5,0.5299657534,105120,0.0,100.0,1.0599315068,105120,0.0,100.0,2.1198630137,105120,0.0,104.0,4.2397260274,2021,rain
RF.KSN.01,105120,2021-01-01T00:00:00.000,2021-12-31T23:55:00.000,105120,สำนักงานเขตคลองสาน,105120,0.0,10.0,0.0135416667,105120,0.0,27.5,0.040625,105120,0.0,43.5,0.08125,105120,0.0,55.5,0.1625,105120,0.0,60.0,0.4875,105120,0.0,62.0,0.975,105120,0.0,67.0,1.95,105120,0.0,72.5,3.9,2021,rain
RF.KSN.02,105120,2021-01-01T00:00:00.000,2021-12-31T23:55:00.000,105120,สถานีสูบน้ำ คลองบางไส้ไก่,105120,0.0,14.0,0.0151493531,105120,0.0,37.5,0.0454480594,105120,0.0,58.0,0.0908961187,105120,0.0,92.5,0.1818017504,105120,0.0,102.0,0.5468845129,105120,0.0,102.0,1.0956525875,105120,0.0,102.0,2.193597793,105120,0.0,124.0,4.389488204,2021,rain
RF.KSW.01,105120,2021-01-01T00:00:00.000,2021-12-31T23:55:00.000,105120,สำนักงานเขตคลองสามวา,105120,0.0,10.5,0.0132277397,105120,0.0,26.0,0.0396832192,105120,0.0,35.5,0.0793664384,105120,0.0,38.0,0.1587328767,105120,0.0,49.5,0.4761986301,105120,0.0,53.5,0.9523972603,105120,0.0,55.5,1.9047945205,105120,0.0,61.5,3.8095890411,2021,rain
RF.KSW.02,105120,2021-01-01T00:00:00.000,2021-12-31T23:55:00.000,105120,ประตูระบายน้ำ คลองสามวา,105120,0.0,12.0,0.0127045282,105120,0.0,22.5,0.0381135845,105120,0.0,31.0,0.0762271689,105120,0.0,33.0,0.1524543379,105120,0.0,43.0,0.4573630137,105120,0.0,52.5,0.9147260274,105120,0.0,54.0,1.8294520548,105120,0.0,63.5,3.6589041096,2021,rain
RF.KSW.03,105120,2021-01-01T00:00:00.000,2021-12-31T23:55:00.000,105120,จุดวัดคลองเก้า ตอนวัดศรีสุขสถาพร,91704,0.0,13.5,0.0104957254,91704,0.0,24.0,0.0314871761,91704,0.0,30.0,0.0629743523,91704,0.0,37.0,0.1259214429,91704,0.0,79.0,0.3776989008,91704,0.0,86.5,0.7554032539,91704,0.0,87.0,1.5107792463,91704,0.0,88.0,3.02148216,2021,rain
RF.KTY.01,105120,2021-01-01T00:00:00.000,2021-12-31T23:55:00.000,105120,สำนักงานเขตคลองเตย,105120,0.0,11.0,0.0128995434,105120,0.0,31.5,0.0386986301,105120,0.0,55.5,0.0773972603,105120,0.0,80.0,0.1547945205,105120,0.0,85.0,0.4643835616,105120,0.0,86.5,0.9287671233,105120,0.0,86.5,1.8575342466,105120,0.0,96.5,3.7150684932,2021,rain
RF.KTY.02,105120,2021-01-01T00:00:00.000,2021-12-31T23:55:00.000,105120,สถานีสูบน้ำ พระราม 4,104968,0.0,13.0,0.0136089094,104968,0.0,37.0,0.0408219648,104968,0.0,44.0,0.0816344029,104968,0.0,72.5,0.1632354622,104968,0.0,75.0,0.4894253487,104968,0.0,77.0,0.9788364073,104968,0.0,77.0,1.9582206006,104968,0.0,80.5,3.9168889566,2021,rain
RF.KTY.03,105120,2021-01-01T00:00:00.000,2021-12-31T23:55:00.000,105120,สถานีสูบน้ำ พระโขนง,105120,0.0,16.0,0.013189688,105120,0.0,35.5,0.0395690639,105120,0.0,61.0,0.0791381279,105120,0.0,90.0,0.1582762557,105120,0.0,95.0,0.4764079148,105120,0.0,97.0,0.953805175,105120,0.0,97.0,1.9085996956,105120,0.0,108.5,3.8181887367,2021,rain
RF.KTY.04,105120,2021-01-01T00:00:00.000,2021-12-31T23:55:00.000,105120,สถานีสูบน้ำ คลองเตย,105120,0.0,10.5,0.0118436073,105120,0.0,25.5,0.0355308219,105120,0.0,50.0,0.0710616438,105120,0.0,72.0,0.1421232877,105120,0.0,77.0,0.426369863,105120,0.0,79.0,0.852739726,105120,0.0,93.0,1.7054794521,105120,0.0,101.5,3.4109589041,2021,rain
RF.KTY.05,105120,2021-01-01T00:00:00.000,2021-12-31T23:55:00.000,105120,สถานีวัดน้ำฝน อุทยานเบญจสิริ,104751,0.0,13.5,0.0149497379,104784,0.0,34.0,0.0448350893,104784,0.0,49.5,0.0896701787,104784,0.0,62.0,0.1792306077,104784,0.0,76.0,0.5373339441,104784,0.0,76.0,1.075355016,104784,0.0,76.0,2.1513971599,104784,0.0,79.5,4.3034814475,2021,rain
RF.LKB.02,105120,2021-01-01T00:00:00.000,2021-12-31T23:55:00.000,105120,ประตูระบายน้ำ คลองประเวศบุรีรมย์ ตอนลาดกระบัง,105120,0.0,16.0,0.0136938737,105120,0.0,40.0,0.0408770928,105120,0.0,66.5,0.0816542998,105120,0.0,86.0,0.1631754186,105120,0.0,88.0,0.4896071157,105120,0.0,88.0,0.9786862633,105120,0.0,88.0,1.9569063927,105120,0.0,93.5,3.9132229833,2021,rain
RF.LKB.03,105120,2021-01-01T00:00:00.000,2021-12-31T23:55:00.000,105120,จุดวัดคลองประเวศบุรีรมย์ ตอน รพ.ลาดกระบัง,105119,0.0,12.5,0.0111349994,105119,0.0,32.5,0.0333384069,105119,0.0,54.0,0.0666387618,105119,0.0,72.5,0.1332252019,105119,0.0,87.5,0.3996423101,105119,0.0,95.0,0.7991942465,105119,0.0,95.5,1.5937794309,105119,0.0,95.5,3.1726519468,2021,rain
RF.LKB.04,105120,2021-01-01T00:00:00.000,2021-12-31T23:55:00.000,105120,จุดวัดคลองประเวศบุรีรมย์ ตอนถนนร่วมพัฒนา,103452,0.0,16.5,0.009917643,103453,0.0,26.5,0.0296318135,103453,0.0,47.5,0.0591959634,103453,0.0,65.5,0.1183242632,103453,0.0,78.0,0.3535905194,103453,0.0,81.5,0.7065334016,103453,0.0,86.5,1.4121775106,103453,0.0,118.5,2.8233932317,2021,rain
RF.LPW.01,105120,2021-01-01T00:00:00.000,2021-12-31T23:55:00.000,105120,สำนักงานเขตลาดพร้าว,105120,0.0,8.5,0.0121480213,105120,0.0,24.0,0.0364440639,105120,0.0,37.0,0.0728881279,105120,0.0,50.0,0.1457762557,105120,0.0,67.0,0.4373287671,105120,0.0,67.0,0.8746575342,105120,0.0,68.5,1.7493150685,105120,0.0,74.0,3.498630137,2021,rain
RF.LSI.01,105120,2021-01-01T00:00:00.000,2021-12-31T23:55:00.000,105120,สำนักงานเขตหลักสี่,105120,0.0,10.0,0.0104880137,105120,0.0,24.5,0.0314640411,105120,0.0,36.0,0.0629280822,105120,0.0,46.5,0.1258561644,105120,0.0,54.5,0.3775684932,105120,0.0,54.5,0.7551369863,105120,0.0,59.5,1.5102739726,105120,0.0,67.5,3.0205479452,2021,rain
RF.LSI.02,105120,2021-01-01T00:00:00.000,2021-12-31T23:55:00.000,105120,สถานีสูบน้ำ คลองตาอูฐ,105120,0.0,11.5,0.0116248097,105120,0.0,25.0,0.0348744292,105120,0.0,40.5,0.0697488584,105120,0.0,50.0,0.1394977169,105120,0.0,58.0,0.4184931507,105120,0.0,58.0,0.8369863014,105120,0.0,63.5,1.6739726027,105120,0.0,73.5,3.3479452055,2021,rain
RF.LSI.03,105120,2021-01-01T00:00:00.000,2021-12-31T23:55:00.000,105120,จุดวัดศูนย์ราชการ-ถนนแจ้งวัฒนะ,105120,0.0,10.0,0.0126569635,105120,0.0,27.0,0.0379708904,105120,0.0,42.5,0.0759417808,105120,0.0,70.5,0.1518835616,105120,0.0,79.5,0.4556506849,105120,0.0,79.5,0.9113013699,105120,0.0,79.5,1.8226027397,105120,0.0,86.0,3.6452054795,2021,rain
RF.MBR.01,105120,2021-01-01T00:00:00.000,2021-12-31T23:55:00.000,105120,สำนักงานเขตมีนบุรี,105120,0.0,12.0,0.0168331431,105120,0.0,27.5,0.0504994292,105120,0.0,51.0,0.1009988584,105120,0.0,65.5,0.2019977169,105120,0.0,70.5,0.6059931507,105120,0.0,76.0,1.2119863014,105120,0.0,76.5,2.4239726027,105120,0.0,135.0,4.8479452055,2021,rain
RF.MBR.02,105120,2021-01-01T00:00:00.000,2021-12-31T23:55:00.000,105120,ประตูระบายน้ำ คลองแสนแสบ ตอนถนนประชาร่วมใจ,105120,0.0,13.5,0.0182363014,105120,0.0,24.0,0.0547089041,105120,0.0,44.0,0.1094178082,105120,0.0,69.5,0.2188356164,105120,0.0,77.5,0.6565068493,105120,0.0,82.0,1.3130136986,105120,0.0,82.0,2.6260273973,105120,0.0,106.5,5.2520547945,2021,rain
RF.MBR.03,105120,2021-01-01T00:00:00.000,2021-12-31T23:55:00.000,105120,ประตูระบายน้ำ คลองบึงขวาง,105120,0.0,16.0,0.0153443683,105120,0.0,33.0,0.046033105,105120,0.0,41.0,0.09206621,105120,0.0,54.0,0.1841324201,105120,0.0,73.0,0.5523972603,105120,0.0,73.5,1.1047945205,105120,0.0,74.5,2.2095890411,105120,0.0,78.0,4.4191780822,2021,rain
RF.MBR.05,105120,2021-01-01T00:00:00.000,2021-12-31T23:55:00.000,105120,จุดวัดคลองบึงใหญ่ ตอนวัดทองสัมฤทธิ์,105120,0.0,13.0,0.0166286149,105120,0.0,34.0,0.0499238965,105120,0.0,45.5,0.0998668189,105120,0.0,64.5,0.1997526636,105120,0.0,109.5,0.5992960426,105120,0.0,122.5,1.1986111111,105120,0.0,123.0,2.3972412481,105120,0.0,123.5,4.7945015221,2021,rain
RF.NJK.01,105120,2021-01-01T00:00:00.000,2021-12-31T23:55:00.000,105120,สำนักงานเขตหนองจอก,105120,0.0,11.5,0.0154347412,105120,0.0,26.5,0.0463898402,105120,0.0,38.5,0.0926940639,105120,0.0,57.5,0.1853025114,105120,0.0,62.0,0.5557363014,105120,0.0,76.0,1.1113869863,105120,0.0,77.5,2.2226883562,105120,0.0,77.5,4.4452910959,2021,rain
RF.NJK.02,105120,2021-01-01T00:00:00.000,2021-12-31T23:55:00.000,105120,สถานีสูบน้ำ คลองแสนแสบ หนองจอก,105120,0.0,13.0,0.016386035,105120,0.0,31.0,0.049158105,105120,0.0,49.5,0.09831621,105120,0.0,74.0,0.1966324201,105120,0.0,80.0,0.5898972603,105120,0.0,91.0,1.1797945205,105120,0.0,93.0,2.3595890411,105120,0.0,93.5,4.7191780822,2021,rain
RF.NJK.03,105120,2021-01-01T00:00:00.000,2021-12-31T23:55:00.000,105120,จุดวัดคลองสิบสอง ตอนถนนประชาสำราญ,105119,0.0,10.5,0.0105737307,105119,0.0,28.0,0.0317211922,105119,0.0,50.0,0.0634423843,105119,0.0,79.5,0.1268847687,105119,0.0,91.5,0.3806543061,105119,0.0,96.0,0.7613086121,105119,0.0,96.5,1.5226172243,105119,0.0,129.0,3.0452344486,2021,rain
RF.NJK.04,105120,2021-01-01T00:00:00.000,2021-12-31T23:55:00.000,105120,ประตูระบายน้ำ คลองสิบสาม,105120,0.0,12.0,0.0139887747,105120,0.0,30.0,0.0419663242,105120,0.0,45.5,0.0839326484,105120,0.0,66.5,0.167765411,105120,0.0,71.0,0.5030726788,105120,0.0,71.0,1.0066685693,105120,0.0,71.0,2.0138603501,105120,0.0,72.0,4.0282439117,2021,rain
RF.NJK.05,105120,2021-01-01T00:00:00.000,2021-12-31T23:55:00.000,105120,ประตูระบายน้ำ คลองหลวงแพ่ง,105120,0.0,12.5,0.0146879756,105120,0.0,33.5,0.0440639269,105120,0.0,49.5,0.0881278539,105120,0.0,53.5,0.1762557078,105120,0.0,57.5,0.5287671233,105120,0.0,70.5,1.0575342466,105120,0.0,71.0,2.1150684932,105120,0.0,81.5,4.2301369863,2021,rain
RF.NJK.06,105120,2021-01-01T00:00:00.000,2021-12-31T23:55:00.000,105120,จุดวัดคลองลำผักชี ตอนโรงเรียนลำผักชี,104908,0.0,15.5,0.0183065162,104908,0.0,37.0,0.0549195486,104908,0.0,61.5,0.1098390971,104908,0.0,90.0,0.2196781942,104908,0.0,127.5,0.6590345827,104908,0.0,130.5,1.3180691654,104908,0.0,131.0,2.6361383307,104908,0.0,131.0,5.2722766615,2021,rain
RF.NJK.07,105120,2021-01-01T00:00:00.000,2021-12-31T23:55:00.000,105120,จุดวัดคลองแสนแสบ ตอนวัดทรัพย์สโมสรนิกรเกษม,105120,0.0,11.5,0.0151921613,105120,0.0,26.5,0.0455574581,105120,0.0,39.0,0.0911054033,105120,0.0,59.5,0.1822012938,105120,0.0,71.5,0.5465848554,105120,0.0,83.0,1.0931601979,105120,0.0,83.5,2.1863108828,105120,0.0,84.0,4.3726122527,2021,rain
RF.NKM.01,105120,2021-01-01T00:00:00.000,2021-12-31T23:55:00.000,105120,สำนักงานเขตหนองแขม,105120,0.0,9.0,0.0106925419,105120,0.0,21.5,0.0320490868,105120,0.0,35.5,0.06410293,105120,0.0,51.5,0.1282581811,105120,0.0,61.0,0.3848791857,105120,0.0,61.5,0.7698106925,105120,0.0,62.5,1.5396737062,105120,0.0,65.0,3.0793997336,2021,rain
RF.NKM.02,105120,2021-01-01T00:00:00.000,2021-12-31T23:55:00.000,105120,จุดวัดคลองทวีวัฒนา ตอนคลองภาษีเจริญ,105120,0.0,10.5,0.0144977169,105120,0.0,24.0,0.0434931507,105120,0.0,41.0,0.0869863014,105120,0.0,58.0,0.1739726027,105120,0.0,65.0,0.5219939117,105120,0.0,95.5,1.0439117199,105120,0.0,108.5,2.0877473364,105120,0.0,125.5,4.1754185693,2021,rain
RF.NKM.03,105120,2021-01-01T00:00:00.000,2021-12-31T23:55:00.000,105120,จุดวัดคลองภาษีเจริญ ตอนคลองมหาศร,6194,0.0,7.5,0.0013722958,6194,0.0,7.5,0.0041168873,6194,0.0,7.5,0.0082337746,6194,0.0,7.5,0.0164675492,6194,0.0,7.5,0.0494026477,6194,0.0,7.5,0.0988052954,6194,0.0,7.5,0.1976105909,6194,0.0,7.5,0.3952211818,2021,rain
RF.PKN.01,105120,2021-01-01T00:00:00.000,2021-12-31T23:55:00.000,105120,สำนักงานเขตพระโขนง,105120,0.0,16.5,0.0151255708,105120,0.0,36.0,0.0453767123,105120,0.0,56.0,0.0907534247,105120,0.0,86.0,0.1815068493,105120,0.0,92.5,0.5445205479,105120,0.0,94.5,1.0890410959,105120,0.0,95.0,2.1780821918,105120,0.0,110.5,4.3561643836,2021,rain
RF.PKN.02,105120,2021-01-01T00:00:00.000,2021-12-31T23:55:00.000,105120,สถานีสูบน้ำ คลองเจ็ก,105120,0.0,13.0,0.0133514079,105120,0.0,33.0,0.0400542237,105120,0.0,55.5,0.0801084475,105120,0.0,87.0,0.160216895,105120,0.0,99.5,0.4806506849,105120,0.0,102.0,0.9613013699,105120,0.0,102.0,1.9226027397,105120,0.0,117.5,3.8452054795,2021,rain
RF.PKN.03,105120,2021-01-01T00:00:00.000,2021-12-31T23:55:00.000,105120,สถานีสูบน้ำ บางอ้อ,105118,0.0,11.5,0.0108639814,105118,0.0,28.5,0.0325919443,105118,0.0,48.0,0.0651838886,105118,0.0,77.0,0.1303677772,105118,0.0,86.5,0.3911033315,105118,0.0,88.5,0.782206663,105118,0.0,94.5,1.564413326,105118,0.0,103.0,3.128826652,2021,rain
RF.PKN.04,105120,2021-01-01T00:00:00.000,2021-12-31T23:55:00.000,105120,สถานีสูบน้ำ บางจาก,105120,0.0,11.0,0.0135464231,105120,0.0,27.0,0.0406392694,105120,0.0,49.5,0.0812785388,105120,0.0,85.5,0.1625570776,105120,0.0,94.5,0.4876712329,105120,0.0,97.0,0.9753424658,105120,0.0,97.5,1.9506849315,105120,0.0,107.5,3.902292618,2021,rain
RF.PNK.01,105120,2021-01-01T00:00:00.000,2021-12-31T23:55:00.000,105120,สำนักงานเขตพระนคร,105120,0.0,12.5,0.0146974886,105120,0.0,33.0,0.0440924658,105120,0.0,57.0,0.0881849315,105120,0.0,77.5,0.176369863,105120,0.0,84.5,0.529109589,105120,0.0,84.5,1.0582191781,105120,0.0,84.5,2.1164383562,105120,0.0,138.5,4.2328767123,2021,rain
RF.PNK.02,105120,2021-01-01T00:00:00.000,2021-12-31T23:55:00.000,105120,สถานีสูบน้ำ เทเวศร์,105120,0.0,12.5,0.0146689498,105120,0.0,30.5,0.0440068493,105120,0.0,54.5,0.0880136986,105120,0.0,70.0,0.1760273973,105120,0.0,81.5,0.5280821918,105120,0.0,84.5,1.0561643836,105120,0.0,85.5,2.1123287671,105120,0.0,144.5,4.2428129756,2021,rain
RF.PNK.03,105120,2021-01-01T00:00:00.000,2021-12-31T23:55:00.000,105120,ปากคลองตลาด,105120,0.0,10.0,0.0113251522,105120,0.0,23.0,0.0339754566,105120,0.0,36.5,0.0679509132,105120,0.0,50.5,0.1359018265,105120,0.0,67.0,0.4077054795,105120,0.0,71.0,0.8154109589,105120,0.0,71.0,1.6308219178,105120,0.0,94.5,3.2616438356,2021,rain
RF.PPS.01,105120,2021-01-01T00:00:00.000,2021-12-31T23:55:00.000,105120,สำนักงานเขตป้อมปราบศัตรูพ่าย,105120,0.0,13.5,0.0158723364,105120,0.0,35.5,0.0476170091,105120,0.0,54.5,0.0952340183,105120,0.0,69.5,0.1904680365,105120,0.0,78.0,0.5714041096,105120,0.0,79.0,1.1428082192,105120,0.0,79.5,2.2856164384,105120,0.0,116.5,4.5712328767,2021,rain
RF.PSC.01,105120,2021-01-01T00:00:00.000,2021-12-31T23:55:00.000,105120,สำนักงานเขตภาษีเจริญ,105120,0.0,11.5,0.0146213851,105120,0.0,29.5,0.0437975647,105120,0.0,46.0,0.0875618341,105120,0.0,60.5,0.1750903729,105120,0.0,61.5,0.525233067,105120,0.0,63.0,1.0504042998,105120,0.0,71.5,2.1007467656,105120,0.0,74.0,4.2014316971,2021,rain
RF.PSC.03,105120,2021-01-01T00:00:00.000,2021-12-31T23:55:00.000,105120,จุดวัดคลองบางเชือกหนัง ตอนถนนพุทธมณฑลสาย 1,105120,0.0,10.0,0.0116961568,105120,0.0,22.0,0.0350884703,105120,0.0,35.0,0.0701769406,105120,0.0,59.0,0.1403538813,105120,0.0,62.0,0.4210616438,105120,0.0,62.0,0.8421232877,105120,0.0,87.0,1.6842465753,105120,0.0,87.0,3.3684931507,2021,rain
RF.PSC.04,105120,2021-01-01T00:00:00.000,2021-12-31T23:55:00.000,105120,สถานีสูบน้ำ คลองภาษีเจริญ,105120,0.0,13.0,0.013869863,105120,0.0,26.5,0.041609589,105120,0.0,45.0,0.0832191781,105120,0.0,60.5,0.1664383562,105120,0.0,63.0,0.4993150685,105120,0.0,63.0,0.9989583333,105120,0.0,107.0,2.0123382801,105120,0.0,117.5,4.0411054033,2021,rain
RF.PSC.05,105120,2021-01-01T00:00:00.000,2021-12-31T23:55:00.000,105120,จุดวัดคลองบางเชือกหนัง ตอนวัดปากน้ำฝั่งใต้,105120,0.0,14.5,0.0141933029,105120,0.0,33.5,0.042532344,105120,0.0,49.5,0.0850456621,105120,0.0,73.0,0.1700627854,105120,0.0,84.0,0.5101407915,105120,0.0,86.0,1.0202673135,105120,0.0,86.5,2.0405203577,105120,0.0,125.0,4.080945586,2021,rain
RF.PTW.01,105120,2021-01-01T00:00:00.000,2021-12-31T23:55:00.000,105120,สำนักงานเขตปทุมวัน,105120,0.0,14.5,0.0118626332,105120,0.0,28.5,0.0355878995,105120,0.0,36.5,0.0711757991,105120,0.0,56.0,0.1423515982,105120,0.0,64.5,0.4270547945,105120,0.0,65.5,0.854109589,105120,0.0,65.5,1.7082191781,105120,0.0,68.5,3.4164383562,2021,rain
RF.PTW.02,105120,2021-01-01T00:00:00.000,2021-12-31T23:55:00.000,105120,สถานีสูบน้ำ คลองอรชร,105120,0.0,12.5,0.0163717656,105120,0.0,27.5,0.0491152968,105120,0.0,49.5,0.0982305936,105120,0.0,70.5,0.1964611872,105120,0.0,92.5,0.5895024734,105120,0.0,94.5,1.178886035,105120,0.0,94.5,2.3576531583,105120,0.0,97.0,4.7151874049,2021,rain
RF.PWT.01,105120,2021-01-01T00:00:00.000,2021-12-31T23:55:00.000,105120,สำนักงานเขตประเวศ,105120,0.0,9.5,0.0140125571,105120,0.0,23.5,0.0420376712,105120,0.0,39.0,0.0840753425,105120,0.0,54.0,0.1681506849,105120,0.0,74.0,0.5044520548,105120,0.0,76.5,1.0089041096,105120,0.0,76.5,2.0178082192,105120,0.0,86.0,4.0356164384,2021,rain
RF.PWT.02,105120,2021-01-01T00:00:00.000,2021-12-31T23:55:00.000,105120,ประตูระบายน้ำ คลองประเวศบุรีรมย์ ตอนวัดกระทุ่มเสือปลา,105120,0.0,9.5,0.0116343227,105120,0.0,24.5,0.034902968,105120,0.0,30.0,0.0698059361,105120,0.0,43.0,0.1396118721,105120,0.0,62.0,0.4188356164,105120,0.0,62.0,0.8376712329,105120,0.0,62.5,1.6753424658,105120,0.0,70.0,3.3506849315,2021,rain
RF.PWT.03,105120,2021-01-01T00:00:00.000,2021-12-31T23:55:00.000,105120,จุดวัดบึงหนองบอน,105120,0.0,8.5,0.0120291096,105120,0.0,20.5,0.0360873288,105120,0.0,36.0,0.0721746575,105120,0.0,52.5,0.1443493151,105120,0.0,64.5,0.4330479452,105120,0.0,66.0,0.8660958904,105120,0.0,66.0,1.7321917808,105120,0.0,69.0,3.4643835616,2021,rain
RF.PYT.01,105120,2021-01-01T00:00:00.000,2021-12-31T23:55:00.000,105120,สำนักงานเขตพญาไท,105120,0.0,17.5,0.0198011796,105120,0.0,42.5,0.0594035388,105120,0.0,65.0,0.1188070776,105120,0.0,94.0,0.2376141553,105120,0.0,114.0,0.7128424658,105120,0.0,116.5,1.4256849315,105120,0.0,116.5,2.851369863,105120,0.0,136.5,5.702739726,2021,rain
RF.RBN.01,105120,2021-01-01T00:00:00.000,2021-12-31T23:55:00.000,105120,สำนักงานเขตราษฎร์บูรณะ,105120,0.0,15.0,0.01418379,105120,0.0,35.5,0.0425513699,105120,0.0,54.5,0.0851027397,105120,0.0,78.5,0.1702054795,105120,0.0,84.0,0.5106164384,105120,0.0,84.0,1.0212328767,105120,0.0,84.0,2.0424657534,105120,0.0,93.5,4.0849315068,2021,rain
RF.RBN.02,105120,2021-01-01T00:00:00.000,2021-12-31T23:55:00.000,105120,สถานีสูบน้ำ คลองแจงร้อน,105120,0.0,15.0,0.0147688356,105120,0.0,38.0,0.0443065068,105120,0.0,52.5,0.0886130137,105120,0.0,73.0,0.1772260274,105120,0.0,80.5,0.5316780822,105120,0.0,80.5,1.0633561644,105120,0.0,80.5,2.1267123288,105120,0.0,95.0,4.2534246575,2021,rain
RF.RTW.01,105120,2021-01-01T00:00:00.000,2021-12-31T23:55:00.000,105120,สำนักงานเขตราชเทวี,105120,0.0,13.5,0.0179842085,105120,0.0,37.0,0.0539526256,105120,0.0,47.5,0.1079052511,105120,0.0,64.5,0.2158105023,105120,0.0,93.5,0.6474315068,105120,0.0,95.0,1.2948630137,105120,0.0,95.0,2.5897260274,105120,0.0,99.5,5.1794520548,2021,rain
RF.RTW.02,105120,2021-01-01T00:00:00.000,2021-12-31T23:55:00.000,105120,จุดวัดคลองสามเสน ตอน รพ.พระมงกุฎเกล้า,105120,0.0,13.5,0.0178890791,105120,0.0,34.0,0.0536672374,105120,0.0,59.5,0.1073344749,105120,0.0,77.5,0.2146689498,105120,0.0,85.5,0.6440068493,105120,0.0,87.0,1.2880136986,105120,0.0,87.0,2.5760273973,105120,0.0,91.5,5.1520547945,2021,rain
RF.RTW.03,105120,2021-01-01T00:00:00.000,2021-12-31T23:55:00.000,105120,อาคารรับน้ำบึงมักกะสัน,105120,0.0,11.0,0.0179271309,105120,0.0,29.0,0.0537718798,105120,0.0,44.0,0.107539003,105120,0.0,49.5,0.2150780061,105120,0.0,88.0,0.6452292618,105120,0.0,90.0,1.2904490107,105120,0.0,90.0,2.5808599696,105120,0.0,93.0,5.1616818874,2021,rain
RF.SLG.01,105120,2021-01-01T00:00:00.000,2021-12-31T23:55:00.000,105120,สำนักงานเขตสวนหลวง,105120,0.0,11.5,0.0135178843,105120,0.0,20.0,0.0405346271,105120,0.0,36.5,0.0810597412,105120,0.0,55.0,0.1621099696,105120,0.0,68.0,0.4863108828,105120,0.0,68.5,0.9726122527,105120,0.0,68.5,1.9452197489,105120,0.0,81.5,3.8904252283,2021,rain
RF.SLG.02,105120,2021-01-01T00:00:00.000,2021-12-31T23:55:00.000,105120,จุดวัดคลองประเวศบุรีรมย์ ตอนวัดขจรศิริ,105120,0.0,16.0,0.0083618721,105120,0.0,17.5,0.0250761035,105120,0.0,23.5,0.0501474505,105120,0.0,39.0,0.1002901446,105120,0.0,51.5,0.3008609209,105120,0.0,53.0,0.6017170852,105120,0.0,53.0,1.2034341705,105120,0.0,57.5,2.406858828,2021,rain
RF.SMI.01,105120,2021-01-01T00:00:00.000,2021-12-31T23:55:00.000,105120,สำนักงานเขตสายไหม,105120,0.0,14.0,0.0137842466,105120,0.0,31.0,0.0413527397,105120,0.0,41.5,0.0827054795,105120,0.0,50.0,0.1654109589,105120,0.0,52.5,0.4962328767,105120,0.0,72.0,0.9924657534,105120,0.0,72.0,1.9849315068,105120,0.0,110.0,3.9698630137,2021,rain
RF.SMI.02,105120,2021-01-01T00:00:00.000,2021-12-31T23:55:00.000,105120,ประตูระบายน้ำ คลองสองสายใต้,105120,0.0,13.5,0.0118340944,105120,0.0,30.5,0.0355022831,105120,0.0,40.0,0.0710188356,105120,0.0,53.5,0.1420804795,105120,0.0,60.5,0.427140411,105120,0.0,77.5,0.8579623288,105120,0.0,78.0,1.7196061644,105120,0.0,101.0,3.4434979072,2021,rain
RF.SMI.03,105120,2021-01-01T00:00:00.000,2021-12-31T23:55:00.000,105120,ประตูระบายน้ำ คลองพระยาสุเรนทร์,105120,0.0,13.0,0.0112347793,105120,0.0,32.5,0.0337043379,105120,0.0,51.5,0.0674086758,105120,0.0,57.0,0.1348173516,105120,0.0,65.0,0.4044520548,105120,0.0,110.5,0.8089041096,105120,0.0,110.5,1.6183599696,105120,0.0,130.5,3.2375380518,2021,rain
RF.SMI.04,105120,2021-01-01T00:00:00.000,2021-12-31T23:55:00.000,105120,จุดวัดซอยแอนเน็กซ์,105120,0.0,14.0,0.0129708904,105120,0.0,35.0,0.0389126712,105120,0.0,44.0,0.0778253425,105120,0.0,65.5,0.1556506849,105120,0.0,73.0,0.4669520548,105120,0.0,95.0,0.9339041096,105120,0.0,95.5,1.8678082192,105120,0.0,109.5,3.7356164384,2021,rain
RF.SPK.01,105120,2021-01-01T00:00:00.000,2021-12-31T23:55:00.000,105120,สถานีสูบน้ำ คลองสำโรง,104381,0.0,15.0,0.0134555139,104381,0.0,33.5,0.0403665418,104381,0.0,44.0,0.0807330836,104381,0.0,48.0,0.1614661672,104381,0.0,60.0,0.4843985016,104381,0.0,67.0,0.9687970033,104381,0.0,90.5,1.9375940066,104381,0.0,97.5,3.8751880131,2021,rain
RF.SPS.01,105120,2021-01-01T00:00:00.000,2021-12-31T23:55:00.000,105120,สำนักงานเขตสะพานสูง,105120,0.0,13.0,0.0175894216,105120,0.0,30.5,0.0527682648,105120,0.0,39.5,0.1055365297,105120,0.0,55.0,0.2110730594,105120,0.0,71.0,0.6332191781,105120,0.0,73.0,1.2664383562,105120,0.0,73.0,2.5328767123,105120,0.0,116.0,5.0657534247,2021,rain
RF.SPS.02,105120,2021-01-01T00:00:00.000,2021-12-31T23:55:00.000,105120,ประตูระบายน้ำ คลองแสนแสบ ตอนบางชัน,105120,0.0,13.5,0.0162576104,105120,0.0,26.0,0.0487728311,105120,0.0,43.5,0.0975456621,105120,0.0,53.0,0.1950913242,105120,0.0,79.5,0.5852739726,105120,0.0,80.5,1.1705479452,105120,0.0,80.5,2.3407676941,105120,0.0,92.5,4.6826769406,2021,rain
RF.SPW.01,105120,2021-01-01T00:00:00.000,2021-12-31T23:55:00.000,105120,บ่อสูบน้ำ ท่าน้ำสวัสดี,76615,0.0,13.0,0.0179207727,76615,0.0,33.0,0.0536252692,76615,0.0,55.0,0.1072113816,76615,0.0,69.0,0.2143640279,76615,0.0,74.0,0.6428767213,76615,0.0,76.0,1.2858317562,76615,0.0,76.0,2.5710565816,76615,0.0,86.0,5.1416237029,2021,rain
RF.STN.01,105120,2021-01-01T00:00:00.000,2021-12-31T23:55:00.000,105120,สำนักงานเขตสาทร,105120,0.0,13.0,0.0149257991,105120,0.0,29.0,0.0447773973,105120,0.0,55.0,0.0895547945,105120,0.0,82.0,0.179109589,105120,0.0,111.0,0.5373287671,105120,0.0,111.5,1.0746575342,105120,0.0,111.5,2.1493150685,105120,0.0,114.0,4.298630137,2021,rain
RF.STN.02,105120,2021-01-01T00:00:00.000,2021-12-31T23:55:00.000,105120,สถานีสูบน้ำ คลองสาทร,105120,0.0,14.5,0.0154585236,105120,0.0,34.0,0.0465372907,105120,0.0,55.0,0.093212519,105120,0.0,90.0,0.186667618,105120,0.0,96.0,0.5656154871,105120,0.0,96.0,1.1302606545,105120,0.0,96.0,2.2702387747,105120,0.0,108.0,4.5521594368,2021,rain
RF.TBR.01,105120,2021-01-01T00:00:00.000,2021-12-31T23:55:00.000,105120,สำนักงานเขตธนบุรี,105120,0.0,13.0,0.0131706621,105120,0.0,31.0,0.0395119863,105120,0.0,46.0,0.0790239726,105120,0.0,59.0,0.1580479452,105120,0.0,60.0,0.4741438356,105120,0.0,60.0,0.9482876712,105120,0.0,76.0,1.8965753425,105120,0.0,84.0,3.79383086,2021,rain
RF.TBR.02,105120,2021-01-01T00:00:00.000,2021-12-31T23:55:00.000,105120,สถานีสูบน้ำ คลองสำเหร่,105120,0.0,11.5,0.0137557078,105120,0.0,32.0,0.0413194444,105120,0.0,49.5,0.0827245053,105120,0.0,72.0,0.1658913623,105120,0.0,78.5,0.5010844749,105120,0.0,78.5,1.0041666667,105120,0.0,85.0,2.0103310502,105120,0.0,108.0,4.0226598174,2021,rain
RF.TBR.03,105120,2021-01-01T00:00:00.000,2021-12-31T23:55:00.000,105120,สถานีสูบน้ำ ดาวคะนอง,105120,0.0,15.0,0.0157581811,105120,0.0,37.0,0.0472745434,105120,0.0,60.5,0.0945490868,105120,0.0,79.0,0.1890981735,105120,0.0,80.5,0.5672945205,105120,0.0,80.5,1.1345890411,105120,0.0,81.5,2.2691780822,105120,0.0,98.0,4.5383561644,2021,rain
RF.TKU.01,105120,2021-01-01T00:00:00.000,2021-12-31T23:55:00.000,105120,สำนักงานเขตทุ่งครุ,105120,0.0,14.0,0.0134608067,105120,0.0,36.5,0.0403824201,105120,0.0,49.0,0.0807648402,105120,0.0,81.0,0.1615296804,105120,0.0,93.0,0.4845890411,105120,0.0,93.5,0.9691780822,105120,0.0,94.0,1.9383561644,105120,0.0,127.0,3.8767123288,2021,rain
RF.TKU.02,105120,2021-01-01T00:00:00.000,2021-12-31T23:55:00.000,105120,ประตูระบายน้ำ คลองรางจาก ตอนถนนประชาอุทิศ,105120,0.0,14.0,0.0152825342,105120,0.0,36.5,0.0458476027,105120,0.0,53.0,0.0916952055,105120,0.0,76.5,0.183390411,105120,0.0,78.0,0.5501712329,105120,0.0,78.0,1.1003424658,105120,0.0,90.5,2.2006849315,105120,0.0,90.5,4.401369863,2021,rain
RF.TLC.01,105120,2021-01-01T00:00:00.000,2021-12-31T23:55:00.000,105120,สำนักงานเขตตลิ่งชัน,105120,0.0,15.5,0.0134084855,105120,0.0,26.5,0.0402254566,105120,0.0,40.5,0.0804509132,105120,0.0,48.0,0.1609018265,105120,0.0,48.0,0.4827054795,105120,0.0,57.5,0.9654109589,105120,0.0,68.5,1.9308219178,105120,0.0,80.5,3.8616438356,2021,rain
RF.TLC.02,105120,2021-01-01T00:00:00.000,2021-12-31T23:55:00.000,105120,ประตูระบายน้ำ คลองบัว ตอนทางรถไฟสายใต้,105120,0.0,9.0,0.011819825,105120,0.0,21.5,0.0354594749,105120,0.0,32.0,0.0709189498,105120,0.0,41.5,0.1418378995,105120,0.0,53.5,0.4255136986,105120,0.0,73.0,0.8510273973,105120,0.0,94.0,1.7020547945,105120,0.0,107.0,3.404109589,2021,rain
RF.TLC.03,105120,2021-01-01T00:00:00.000,2021-12-31T23:55:00.000,105120,สถานีสูบน้ำ คลองชักพระ,105120,0.0,13.5,0.0124952435,105120,0.0,27.5,0.0374857306,105120,0.0,35.0,0.0749714612,105120,0.0,46.0,0.1499429224,105120,0.0,46.5,0.4498287671,105120,0.0,56.0,0.8996575342,105120,0.0,64.5,1.7993150685,105120,0.0,71.5,3.598630137,2021,rain
RF.TWW.01,105120,2021-01-01T00:00:00.000,2021-12-31T23:55:00.000,105120,สำนักงานเขตทวีวัฒนา,105120,0.0,10.0,0.0114963851,105120,0.0,26.5,0.0344891553,105120,0.0,35.5,0.0689783105,105120,0.0,45.0,0.137956621,105120,0.0,51.0,0.413869863,105120,0.0,69.5,0.827739726,105120,0.0,100.0,1.6554794521,105120,0.0,110.0,3.3109589041,2021,rain
RF.TWW.02,105120,2021-01-01T00:00:00.000,2021-12-31T23:55:00.000,105120,ประตูระบายน้ำ คลองทวีวัฒนา,105120,0.0,10.5,0.0103881279,105120,0.0,18.0,0.0312785388,105120,0.0,25.5,0.0624429224,105120,0.0,35.5,0.1247716895,105120,0.0,42.5,0.3741057839,105120,0.0,60.0,0.749391172,105120,0.0,86.5,1.5017884323,105120,0.0,94.0,3.0065829528,2021,rain
RF.TWW.03,105120,2021-01-01T00:00:00.000,2021-12-31T23:55:00.000,105120,ประตูระบายน้ำ คลองขุนศรีบุรีรักษ์ ตอนคลองมหาสวัสดิ์,105120,0.0,11.5,0.0115820015,105120,0.0,28.0,0.0347460046,105120,0.0,41.0,0.0694920091,105120,0.0,64.0,0.1389840183,105120,0.0,76.0,0.4169520548,105120,0.0,87.0,0.8339041096,105120,0.0,108.0,1.6678082192,105120,0.0,118.5,3.3356164384,2021,rain
RF.TWW.04,105120,2021-01-01T00:00:00.000,2021-12-31T23:55:00.000,105120,จุดวัดคลองทวีวัฒนา ตอนคลองบางเชือกหนัง,105120,0.0,12.0,0.0102977549,105120,0.0,32.0,0.0308932648,105120,0.0,50.0,0.0617865297,105120,0.0,64.5,0.1235730594,105120,0.0,79.0,0.3707191781,105120,0.0,79.5,0.7414383562,105120,0.0,96.5,1.4828767123,105120,0.0,96.5,2.9657534247,2021,rain
RF.WTL.01,105120,2021-01-01T00:00:00.000,2021-12-31T23:55:00.000,105120,สำนักงานเขตวังทองหลาง,105120,0.0,10.5,0.0153538813,105120,0.0,25.5,0.0460616438,105120,0.0,43.5,0.0921232877,105120,0.0,76.5,0.1842465753,105120,0.0,99.5,0.552739726,105120,0.0,99.5,1.1054794521,105120,0.0,99.5,2.2109589041,105120,0.0,100.0,4.4219178082,2021,rain
RF.WTL.02,105120,2021-01-01T00:00:00.000,2021-12-31T23:55:00.000,105120,ประตูระบายน้ำ คลองลาดพร้าว,105120,0.0,12.0,0.0118531202,105120,0.0,25.0,0.0354071537,105120,0.0,39.5,0.070738204,105120,0.0,60.0,0.1414003044,105120,0.0,67.0,0.4240534627,105120,0.0,67.5,0.8480308219,105120,0.0,67.5,1.6959855403,105120,0.0,76.0,3.3918997336,2021,rain
RF.WTL.03,105120,2021-01-01T00:00:00.000,2021-12-31T23:55:00.000,105120,สถานีสูบน้ำ คลองเจ้าคุณสิงห์,105120,0.0,10.5,0.0164050609,105120,0.0,26.5,0.0492151826,105120,0.0,40.5,0.0984303653,105120,0.0,67.5,0.1968607306,105120,0.0,101.0,0.5905821918,105120,0.0,101.0,1.1811643836,105120,0.0,101.0,2.3623287671,105120,0.0,101.0,4.7246575342,2021,rain
RF.WTN.01,105120,2021-01-01T00:00:00.000,2021-12-31T23:55:00.000,105120,สำนักงานเขตวัฒนา,105120,0.0,13.5,0.014783105,105120,0.0,26.0,0.0443493151,105120,0.0,40.5,0.0886986301,105120,0.0,64.0,0.1773972603,105120,0.0,84.5,0.5321917808,105120,0.0,93.5,1.0643835616,105120,0.0,95.5,2.1287671233,105120,0.0,106.5,4.2575342466,2021,rain
RF.WTN.02,105120,2021-01-01T00:00:00.000,2021-12-31T23:55:00.000,105120,สถานีสูบน้ำ คลองแสนแสบตอนคลองตัน,105120,0.0,13.5,0.0146546804,105120,0.0,22.5,0.0439640411,105120,0.0,34.0,0.0879280822,105120,0.0,48.5,0.1758561644,105120,0.0,67.0,0.5275684932,105120,0.0,69.0,1.0551369863,105120,0.0,69.0,2.1121718037,105120,0.0,80.5,4.2361444064,2021,rain
RF.YNW.01,105120,2021-01-01T00:00:00.000,2021-12-31T23:55:00.000,105120,สำนักงานเขตยานนาวา,105120,0.0,11.0,0.0161434551,105120,0.0,29.5,0.0484303653,105120,0.0,54.5,0.0968607306,105120,0.0,68.0,0.1937214612,105120,0.0,80.0,0.5811643836,105120,0.0,80.0,1.1623287671,105120,0.0,87.0,2.3246575342,105120,0.0,87.5,4.6493150685,2021,rain
RF.YNW.02,105120,2021-01-01T00:00:00.000,2021-12-31T23:55:00.000,105120,สถานีสูบน้ำ คลองช่องนนทรี,105120,0.0,11.0,0.0127520928,105120,0.0,28.5,0.038261035,105120,0.0,49.0,0.0765363394,105120,0.0,56.5,0.1531107306,105120,0.0,67.5,0.4634037291,105120,0.0,71.5,0.9442208904,105120,0.0,74.0,1.8830003805,105120,0.0,80.5,3.8480688737,2021,rain
RF.YNW.03,105120,2021-01-01T00:00:00.000,2021-12-31T23:55:00.000,105120,ประตูระบายน้ำ คลองวัดด่าน,105120,0.0,14.0,0.0133228691,105120,0.0,32.0,0.0400209285,105120,0.0,46.5,0.0801179604,105120,0.0,59.5,0.1603405632,105120,0.0,67.5,0.48133086,105120,0.0,67.5,0.9628377093,105120,0.0,67.5,1.9258514079,105120,0.0,85.0,3.8518788052,2021,rain
RF.BBN.01,105120,2022-01-01T00:00:00.000,2022-12-31T23:55:00.000,105120,สำนักงานเขตบางบอน,105120,0.0,11.0,0.0136938737,105120,0.0,25.0,0.041081621,105120,0.0,41.5,0.082163242,105120,0.0,54.0,0.164326484,105120,0.0,108.0,0.4929794521,105120,0.0,115.5,0.9859589041,105120,0.0,122.5,1.9719178082,105120,0.0,123.0,3.9438356164,2022,rain
RF.BBN.02,105120,2022-01-01T00:00:00.000,2022-12-31T23:55:00.000,105120,จุดวัดคลองบางบอน ตอนคลองสะแกงาม,105119,0.0,11.5,0.0122289976,105119,0.0,29.5,0.0366869928,105119,0.0,44.0,0.0733739857,105119,0.0,52.0,0.1467479713,105119,0.0,92.0,0.440243914,105119,0.0,93.0,0.8804878281,105119,0.0,93.0,1.7609756562,105119,0.0,93.0,3.5219275298,2022,rain
RF.BKA.01,105120,2022-01-01T00:00:00.000,2022-12-31T23:55:00.000,105120,สำนักงานเขตบางเขน,105120,0.0,12.5,0.0180460426,105120,0.0,34.5,0.0541381279,105120,0.0,47.5,0.1082762557,105120,0.0,75.0,0.2165525114,105120,0.0,112.5,0.6496575342,105120,0.0,121.0,1.2993150685,105120,0.0,144.0,2.598630137,105120,0.0,145.0,5.197260274,2022,rain
RF.BKA.02,105120,2022-01-01T00:00:00.000,2022-12-31T23:55:00.000,105120,จุดวัดคลองบางบัว,105120,0.0,14.5,0.0216657154,105120,0.0,32.5,0.0649971461,105120,0.0,54.5,0.1299942922,105120,0.0,74.5,0.2599885845,105120,0.0,128.0,0.7799657534,105120,0.0,139.5,1.5599315068,105120,0.0,178.0,3.1198630137,105120,0.0,179.5,6.2397260274,2022,rain
RF.BKE.01,105120,2022-01-01T00:00:00.000,2022-12-31T23:55:00.000,105120,สำนักงานเขตบางแค,105120,0.0,13.0,0.016771309,105120,0.0,27.5,0.0503139269,105120,0.0,39.0,0.1006278539,105120,0.0,44.5,0.2012557078,105120,0.0,64.0,0.6037671233,105120,0.0,78.0,1.2075342466,105120,0.0,88.0,2.4150684932,105120,0.0,88.0,4.8301369863,2022,rain
RF.BKE.02,105120,2022-01-01T00:00:00.000,2022-12-31T23:55:00.000,105120,จุดวัดคลองราชมนตรี ตอนคลองภาษีเจริญ,105120,0.0,13.0,0.0165572679,105120,0.0,29.0,0.0496718037,105120,0.0,43.0,0.0993436073,105120,0.0,54.0,0.1986872146,105120,0.0,68.0,0.5958333333,105120,0.0,85.0,1.1915525114,105120,0.0,93.0,2.3829908676,105120,0.0,93.0,4.7666571537,2022,rain
RF.BKE.03,105120,2022-01-01T00:00:00.000,2022-12-31T23:55:00.000,105120,สถานีสูบน้ำคลองบางจาก,105120,0.0,12.0,0.0171375571,105120,0.0,30.5,0.0514126712,105120,0.0,44.0,0.1028253425,105120,0.0,65.5,0.2056506849,105120,0.0,104.0,0.6169520548,105120,0.0,106.0,1.2339041096,105120,0.0,106.0,2.4678082192,105120,0.0,109.5,4.9356164384,2022,rain
RF.BKE.04,105120,2022-01-01T00:00:00.000,2022-12-31T23:55:00.000,105120,บ่อสูบน้ำหมู่บ้านเศรษฐกิจ ซอย 26,105120,0.0,14.0,0.0166856925,105120,0.0,35.0,0.0500570776,105120,0.0,47.5,0.1001141553,105120,0.0,52.5,0.2002283105,105120,0.0,82.0,0.6006849315,105120,0.0,95.5,1.201369863,105120,0.0,106.5,2.402739726,105120,0.0,106.5,4.8054794521,2022,rain
RF.BKL.01,105120,2022-01-01T00:00:00.000,2022-12-31T23:55:00.000,105120,สำนักงานเขตบางคอแหลม,105120,0.0,12.0,0.0188261035,105120,0.0,29.0,0.0564783105,105120,0.0,49.0,0.112956621,105120,0.0,67.0,0.225913242,105120,0.0,83.0,0.677739726,105120,0.0,111.5,1.3554794521,105120,0.0,120.0,2.7109589041,105120,0.0,120.0,5.4219178082,2022,rain
RF.BKL.02,105120,2022-01-01T00:00:00.000,2022-12-31T23:55:00.000,105120,สถานีสูบน้ำ คลองวัดไทร,105120,0.0,12.5,0.018983067,105120,0.0,30.5,0.0569492009,105120,0.0,54.0,0.1138984018,105120,0.0,76.5,0.2277968037,105120,0.0,89.5,0.683390411,105120,0.0,99.5,1.3667808219,105120,0.0,107.0,2.7335616438,105120,0.0,108.5,5.4671232877,2022,rain
RF.BKM.01,105120,2022-01-01T00:00:00.000,2022-12-31T23:55:00.000,105120,สำนักงานเขตบึงกุ่ม,105120,0.0,13.5,0.0180507991,105120,0.0,30.0,0.0541523973,105120,0.0,40.5,0.1083047945,105120,0.0,60.0,0.216609589,105120,0.0,77.0,0.6498287671,105120,0.0,83.5,1.2996575342,105120,0.0,115.0,2.5993150685,105120,0.0,121.0,5.198630137,2022,rain
RF.BKN.01,105120,2022-01-01T00:00:00.000,2022-12-31T23:55:00.000,105120,สำนักงานเขตบางกอกน้อย,105120,0.0,13.5,0.0194824962,105120,0.0,32.0,0.0584474886,105120,0.0,45.0,0.1168949772,105120,0.0,73.5,0.2337899543,105120,0.0,85.5,0.701369863,105120,0.0,99.0,1.402739726,105120,0.0,112.0,2.8054794521,105120,0.0,112.5,5.6109589041,2022,rain
RF.BKN.02,105120,2022-01-01T00:00:00.000,2022-12-31T23:55:00.000,105120,สถานีสูบน้ำ คลองมอญ,105119,0.0,12.5,0.0205861928,105119,0.0,28.0,0.0617538219,105119,0.0,42.0,0.1235124002,105119,0.0,58.0,0.2470105309,105119,0.0,68.5,0.7410601319,105119,0.0,78.0,1.4821630723,105119,0.0,102.0,2.9642167448,105119,0.0,115.5,5.9286142372,2022,rain
RF.BKP.02,105120,2022-01-01T00:00:00.000,2022-12-31T23:55:00.000,105120,จุดวัดคลองแสนแสบ ตอนสำนักงานเขตบางกะปิ,105120,0.0,8.0,0.0150256849,105120,0.0,19.5,0.0450770548,105120,0.0,32.0,0.0901541096,105120,0.0,44.0,0.1803082192,105120,0.0,73.0,0.5409246575,105120,0.0,100.0,1.0818493151,105120,0.0,113.5,2.1636986301,105120,0.0,122.5,4.3273972603,2022,rain
RF.BKT.01,105120,2022-01-01T00:00:00.000,2022-12-31T23:55:00.000,105120,สำนักงานเขตบางขุนเทียน,105120,0.0,14.0,0.0158057458,105120,0.0,36.0,0.0474172374,105120,0.0,56.0,0.0948344749,105120,0.0,78.5,0.1896689498,105120,0.0,102.5,0.5690068493,105120,0.0,110.0,1.1380136986,105120,0.0,115.0,2.2760273973,105120,0.0,115.5,4.5520547945,2022,rain
RF.BKT.02,105120,2022-01-01T00:00:00.000,2022-12-31T23:55:00.000,105120,สถานีสูบน้ำ คลองเลนเปน,105120,0.0,10.0,0.0141552511,105120,0.0,29.0,0.0424657534,105120,0.0,47.5,0.0849315068,105120,0.0,70.5,0.1698630137,105120,0.0,87.0,0.5095890411,105120,0.0,90.5,1.0191780822,105120,0.0,98.0,2.0383561644,105120,0.0,98.5,4.0767123288,2022,rain
RF.BKT.03,105120,2022-01-01T00:00:00.000,2022-12-31T23:55:00.000,105120,สถานีสูบน้ำ คลองระหาญ,105120,0.0,11.0,0.0141171994,105120,0.0,33.0,0.0423420852,105120,0.0,59.0,0.084679414,105120,0.0,86.0,0.1693540715,105120,0.0,91.0,0.5080527017,105120,0.0,96.0,1.0161006469,105120,0.0,133.0,2.0321965373,105120,0.0,133.0,4.0643883181,2022,rain
RF.BKT.04,105120,2022-01-01T00:00:00.000,2022-12-31T23:55:00.000,105120,สถานีสูบน้ำ คลองพระยาราชมนตรี,105120,0.0,11.0,0.0138888889,105120,0.0,29.5,0.0416666667,105120,0.0,40.0,0.0833333333,105120,0.0,48.5,0.1666666667,105120,0.0,75.0,0.5,105120,0.0,75.5,1.0,105120,0.0,78.5,2.0,105120,0.0,82.0,4.0,2022,rain
RF.BKT.05,105120,2022-01-01T00:00:00.000,2022-12-31T23:55:00.000,105120,สถานีสูบน้ำ คลองสนามชัย,105119,0.0,13.5,0.0157107659,105120,0.0,34.0,0.0471318493,105120,0.0,40.0,0.0942636986,105120,0.0,51.5,0.1885273973,105120,0.0,67.5,0.5655821918,105120,0.0,99.0,1.1311643836,105120,0.0,112.0,2.2623287671,105120,0.0,112.0,4.5246575342,2022,rain
RF.BKY.01,105120,2022-01-01T00:00:00.000,2022-12-31T23:55:00.000,105120,สำนักงานเขตบางกอกใหญ่,105120,0.0,11.0,0.0167998478,105120,0.0,27.0,0.0503995434,105120,0.0,43.0,0.1007990868,105120,0.0,57.0,0.2015981735,105120,0.0,74.0,0.6047945205,105120,0.0,86.5,1.2095890411,105120,0.0,97.0,2.4191780822,105120,0.0,97.5,4.8383561644,2022,rain
RF.BKY.02,105120,2022-01-01T00:00:00.000,2022-12-31T23:55:00.000,105120,สถานีสูบน้ำ คลองบางกอกใหญ่,105120,0.0,10.0,0.0197583714,105120,0.0,26.0,0.0592751142,105120,0.0,41.5,0.1185502283,105120,0.0,54.5,0.2371004566,105120,0.0,61.5,0.7113013699,105120,0.0,81.0,1.4226027397,105120,0.0,93.0,2.8452054795,105120,0.0,114.5,5.6904109589,2022,rain
RF.BNA.01,105120,2022-01-01T00:00:00.000,2022-12-31T23:55:00.000,105120,สำนักงานเขตบางนา,105120,0.0,15.5,0.023092656,105120,0.0,41.0,0.069277968,105120,0.0,69.5,0.1385559361,105120,0.0,93.5,0.2771118721,105120,0.0,120.0,0.8313356164,105120,0.0,125.0,1.6626712329,105120,0.0,126.0,3.3253424658,105120,0.0,127.5,6.6506849315,2022,rain
RF.BNA.02,105120,2022-01-01T00:00:00.000,2022-12-31T23:55:00.000,105120,สถานีสูบน้ำ บางนา,105119,0.0,11.5,0.0227218676,105119,0.0,29.5,0.0681560898,105119,0.0,52.0,0.1362693709,105119,0.0,83.0,0.2725339853,105119,0.0,103.5,0.8178588076,105119,0.0,114.0,1.6358460412,105119,0.0,118.0,3.2718205082,105119,0.0,120.5,6.5437694423,2022,rain
RF.BNA.03,105120,2022-01-01T00:00:00.000,2022-12-31T23:55:00.000,105120,จุดวัดคลองบางนา ตอนถนนศรีนครินทร์,105120,0.0,18.0,0.0215658295,105120,0.0,38.0,0.0646879756,105120,0.0,65.0,0.1293711948,105120,0.0,104.5,0.2587376332,105120,0.0,126.5,0.7762033866,105120,0.0,138.0,1.5524020167,105120,0.0,145.5,3.104799277,105120,0.0,165.0,6.2099648021,2022,rain
RF.BPD.01,105120,2022-01-01T00:00:00.000,2022-12-31T23:55:00.000,105120,สำนักงานเขตบางพลัด,105120,0.0,12.0,0.0178462709,105120,0.0,27.5,0.0535388128,105120,0.0,44.0,0.1070776256,105120,0.0,68.5,0.2141552511,105120,0.0,91.0,0.6424657534,105120,0.0,93.0,1.2849315068,105120,0.0,100.0,2.5698630137,105120,0.0,129.5,5.1397260274,2022,rain
RF.BRK.01,105120,2022-01-01T00:00:00.000,2022-12-31T23:55:00.000,105120,สำนักงานเขตบางรัก,105120,0.0,22.0,0.0198249619,105120,0.0,41.0,0.0594748858,105120,0.0,53.0,0.1189497717,105120,0.0,65.0,0.2378995434,105120,0.0,75.5,0.7136986301,105120,0.0,84.0,1.4273972603,105120,0.0,89.0,2.8547945205,105120,0.0,141.0,5.7095890411,2022,rain
RF.BRK.02,105120,2022-01-01T00:00:00.000,2022-12-31T23:55:00.000,105120,สถานีสูบน้ำ กรุงเกษม,105119,0.0,13.5,0.0186074829,105120,0.0,30.5,0.0558219178,105120,0.0,44.5,0.1116438356,105120,0.0,54.5,0.2232876712,105120,0.0,76.0,0.6698630137,105120,0.0,99.5,1.3397260274,105120,0.0,110.0,2.6794520548,105120,0.0,125.0,5.3589041096,2022,rain
RF.BSU.01,105120,2022-01-01T00:00:00.000,2022-12-31T23:55:00.000,105120,สำนักงานเขตบางซื่อ,105120,0.0,10.5,0.0160911339,105120,0.0,24.0,0.0482734018,105120,0.0,34.5,0.0965468037,105120,0.0,51.0,0.1930936073,105120,0.0,84.5,0.5792808219,105120,0.0,87.0,1.1585616438,105120,0.0,104.0,2.3171232877,105120,0.0,129.0,4.6342465753,2022,rain
RF.BSU.02,105120,2022-01-01T00:00:00.000,2022-12-31T23:55:00.000,105120,สถานีสูบน้ำ คลองบางเขนใหม่,105120,0.0,10.5,0.0185121766,105120,0.0,27.5,0.0555365297,105120,0.0,36.0,0.1110730594,105120,0.0,51.5,0.2221461187,105120,0.0,65.0,0.6664383562,105120,0.0,69.5,1.3328767123,105120,0.0,71.5,2.6657534247,105120,0.0,102.5,5.3315068493,2022,rain
RF.BSU.03,105120,2022-01-01T00:00:00.000,2022-12-31T23:55:00.000,105120,สถานีสูบน้ำ คลองบางซื่อ,105120,0.0,11.5,0.0200913242,105120,0.0,29.0,0.0602739726,105120,0.0,41.0,0.1205479452,105120,0.0,64.5,0.2410958904,105120,0.0,109.0,0.7232876712,105120,0.0,111.0,1.4465753425,105120,0.0,120.0,2.8931506849,105120,0.0,137.5,5.7863013699,2022,rain
RF.BSU.04,105120,2022-01-01T00:00:00.000,2022-12-31T23:55:00.000,105120,บ่อสูบน้ำสะพานขวา ถนนประชาราษฎร์ สาย 2,105120,0.0,11.5,0.0202530441,105120,0.0,30.5,0.0607401065,105120,0.0,48.0,0.1214707002,105120,0.0,67.0,0.2429318874,105120,0.0,116.5,0.728805175,105120,0.0,119.0,1.4576103501,105120,0.0,136.0,2.915239726,105120,0.0,156.5,5.830488965,2022,rain
RF.CTC.01,105120,2022-01-01T00:00:00.000,2022-12-31T23:55:00.000,105120,บ่อสูบน้ำศาลอาญา ถนนรัชดาภิเษก,105120,0.0,30.0,0.022716895,105120,0.0,47.0,0.0680840944,105120,0.0,57.0,0.1361348935,105120,0.0,68.5,0.2722364916,105120,0.0,78.5,0.8166428843,105120,0.0,100.5,1.6332524734,105120,0.0,122.0,3.2664716514,105120,0.0,136.0,6.5329100076,2022,rain
RF.CTC.02,105120,2022-01-01T00:00:00.000,2022-12-31T23:55:00.000,105120,สถานีสูบน้ำ รัชดา-วิภาวดี,105120,0.0,13.5,0.0197298326,105120,0.0,35.5,0.0591894977,105120,0.0,52.5,0.1183789954,105120,0.0,70.0,0.2367579909,105120,0.0,98.5,0.7102739726,105120,0.0,102.0,1.4205479452,105120,0.0,113.5,2.8410958904,105120,0.0,122.5,5.6821917808,2022,rain
RF.CTC.03,105120,2022-01-01T00:00:00.000,2022-12-31T23:55:00.000,105120,จุดวัดถนนเทศบาลสงเคราะห์,105120,0.0,13.0,0.0217323059,105120,0.0,27.5,0.0651969178,105120,0.0,44.5,0.1303938356,105120,0.0,69.5,0.2607876712,105120,0.0,115.5,0.7823630137,105120,0.0,120.0,1.5647260274,105120,0.0,120.0,3.1294520548,105120,0.0,132.0,6.2589041096,2022,rain
RF.DDG.02,105120,2022-01-01T00:00:00.000,2022-12-31T23:55:00.000,105120,ศูนย์ควบคุมระบบป้องกันน้ำท่วมกรุงเทพมหานคร สำนักการระบายน้ำ,105119,0.0,12.5,0.0224174507,105119,0.0,33.5,0.0672523521,105119,0.0,54.0,0.1345047042,105119,0.0,69.5,0.2689761128,105119,0.0,79.0,0.8069949296,105119,0.0,84.0,1.6140183982,105119,0.0,104.0,3.2280748485,105119,0.0,119.5,6.4561354275,2022,rain
RF.DMG.01,105120,2022-01-01T00:00:00.000,2022-12-31T23:55:00.000,105120,สำนักงานเขตดอนเมือง,105120,0.0,12.5,0.0170424277,105120,0.0,30.0,0.0511272831,105120,0.0,48.5,0.1022545662,105120,0.0,68.5,0.2045091324,105120,0.0,83.0,0.6135273973,105120,0.0,90.5,1.2270547945,105120,0.0,112.5,2.454109589,105120,0.0,117.5,4.9082191781,2022,rain
RF.DST.01,105120,2022-01-01T00:00:00.000,2022-12-31T23:55:00.000,105120,สำนักงานเขตดุสิต,105120,0.0,10.5,0.019439688,105120,0.0,28.5,0.0583190639,105120,0.0,42.0,0.1166381279,105120,0.0,54.5,0.2332762557,105120,0.0,86.0,0.6998287671,105120,0.0,90.0,1.3996575342,105120,0.0,103.0,2.7993150685,105120,0.0,137.0,5.598630137,2022,rain
RF.DST.02,105120,2022-01-01T00:00:00.000,2022-12-31T23:55:00.000,105120,สถานีสูบน้ำ สามเสน,105120,0.0,14.0,0.0205431887,105120,0.0,33.5,0.0616295662,105120,0.0,47.0,0.1232591324,105120,0.0,74.5,0.2465182648,105120,0.0,108.5,0.7395547945,105120,0.0,109.5,1.479109589,105120,0.0,118.0,2.9582191781,105120,0.0,149.0,5.9164383562,2022,rain
RF.HKG.01,105120,2022-01-01T00:00:00.000,2022-12-31T23:55:00.000,105120,สำนักงานเขตห้วยขวาง,105120,0.0,13.0,0.0204147641,105120,0.0,37.0,0.0612442922,105120,0.0,58.5,0.1224885845,105120,0.0,82.5,0.2449771689,105120,0.0,109.0,0.7349315068,105120,0.0,133.0,1.4698630137,105120,0.0,144.5,2.9397260274,105120,0.0,153.0,5.8794520548,2022,rain
RF.HKG.02,105120,2022-01-01T00:00:00.000,2022-12-31T23:55:00.000,105120,สถานีสูบน้ำ สามเสน ตอนคลองแสนแสบ,105118,0.0,12.0,0.0196493464,105118,0.0,26.0,0.0589480393,105118,0.0,41.5,0.1178960787,105118,0.0,63.0,0.2357921574,105118,0.0,113.0,0.7073764722,105118,0.0,138.5,1.4147529443,105118,0.0,150.5,2.8295058886,105118,0.0,154.0,5.6590117772,2022,rain
RF.JTG.01,105120,2022-01-01T00:00:00.000,2022-12-31T23:55:00.000,105120,สำนักงานเขตจอมทอง,105120,0.0,12.5,0.0150780061,105120,0.0,31.0,0.0452340183,105120,0.0,49.5,0.0904680365,105120,0.0,64.5,0.1809360731,105120,0.0,80.0,0.5428082192,105120,0.0,93.5,1.0856164384,105120,0.0,113.5,2.1712328767,105120,0.0,114.0,4.3424657534,2022,rain
RF.JTG.02,105120,2022-01-01T00:00:00.000,2022-12-31T23:55:00.000,105120,จุดวัดคลองสนามชัย ตอนคลองบางขุนเทียน,105119,0.0,12.5,0.0167429294,105120,0.0,29.5,0.0502283105,105120,0.0,50.0,0.100456621,105120,0.0,59.0,0.200913242,105120,0.0,78.0,0.602739726,105120,0.0,90.0,1.2054794521,105120,0.0,100.0,2.4109589041,105120,0.0,101.0,4.8219178082,2022,rain
RF.JTG.03,105120,2022-01-01T00:00:00.000,2022-12-31T23:55:00.000,105120,สถานีสูบน้ำ คลองสี่บาท,105119,0.0,12.5,0.0164718081,105120,0.0,34.5,0.0494149543,105120,0.0,52.0,0.0988299087,105120,0.0,66.0,0.1976503044,105120,0.0,95.0,0.5929699391,105120,0.0,104.0,1.1858732877,105120,0.0,108.0,2.371489726,105120,0.0,108.0,4.7427273592,2022,rain
RF.KNY.02,105120,2022-01-01T00:00:00.000,2022-12-31T23:55:00.000,105120,จุดวัดคลองลำชะล่า ตอนถนนนวมินทร์,105120,0.0,10.5,0.0195966514,105120,0.0,28.5,0.0587899543,105120,0.0,39.5,0.1175799087,105120,0.0,60.5,0.2351598174,105120,0.0,78.5,0.7054794521,105120,0.0,89.5,1.4109589041,105120,0.0,95.5,2.8219178082,105120,0.0,99.5,5.6438356164,2022,rain
RF.KSN.01,105120,2022-01-01T00:00:00.000,2022-12-31T23:55:00.000,105120,สำนักงานเขตคลองสาน,105120,0.0,14.5,0.0192446728,105120,0.0,32.0,0.0577340183,105120,0.0,43.5,0.1154680365,105120,0.0,55.0,0.2309360731,105120,0.0,69.5,0.6928082192,105120,0.0,93.5,1.3856164384,105120,0.0,105.0,2.7712328767,105120,0.0,107.5,5.5424657534,2022,rain
RF.KSN.02,105120,2022-01-01T00:00:00.000,2022-12-31T23:55:00.000,105120,สถานีสูบน้ำ คลองบางไส้ไก่,105120,0.0,17.5,0.0180650685,105120,0.0,42.0,0.0541952055,105120,0.0,59.5,0.108390411,105120,0.0,65.5,0.2167808219,105120,0.0,100.0,0.6503424658,105120,0.0,115.0,1.3006849315,105120,0.0,127.0,2.601369863,105120,0.0,128.5,5.202739726,2022,rain
RF.KSW.01,105120,2022-01-01T00:00:00.000,2022-12-31T23:55:00.000,105120,สำนักงานเขตคลองสามวา,105120,0.0,12.0,0.0166856925,105120,0.0,29.0,0.0500570776,105120,0.0,41.5,0.1001141553,105120,0.0,57.5,0.2002283105,105120,0.0,71.5,0.6006849315,105120,0.0,71.5,1.201369863,105120,0.0,71.5,2.402739726,105120,0.0,79.0,4.8054794521,2022,rain
RF.KSW.02,105120,2022-01-01T00:00:00.000,2022-12-31T23:55:00.000,105120,ประตูระบายน้ำ คลองสามวา,105119,0.0,8.5,0.0174278675,105120,0.0,23.0,0.052283105,105120,0.0,37.5,0.10456621,105120,0.0,71.0,0.2091324201,105120,0.0,84.5,0.6273972603,105120,0.0,85.0,1.2547945205,105120,0.0,85.0,2.5095890411,105120,0.0,104.0,5.0191780822,2022,rain
RF.KSW.03,105120,2022-01-01T00:00:00.000,2022-12-31T23:55:00.000,105120,จุดวัดคลองเก้า ตอนวัดศรีสุขสถาพร,93164,0.0,16.5,0.0189236186,93164,0.0,36.5,0.0567708557,93164,0.0,63.0,0.1135417114,93164,0.0,85.0,0.2270834228,93164,0.0,95.5,0.6812502683,93164,0.0,95.5,1.3625005367,93164,0.0,95.5,2.7250010734,93164,0.0,99.5,5.4500021468,2022,rain
RF.KTY.01,105120,2022-01-01T00:00:00.000,2022-12-31T23:55:00.000,105120,สำนักงานเขตคลองเตย,105120,0.0,10.5,0.0204052511,105120,0.0,25.5,0.0612157534,105120,0.0,47.5,0.1224315068,105120,0.0,80.0,0.2448630137,105120,0.0,91.0,0.7345890411,105120,0.0,102.0,1.4691780822,105120,0.0,108.5,2.9383561644,105120,0.0,110.5,5.8767123288,2022,rain
RF.KTY.02,105120,2022-01-01T00:00:00.000,2022-12-31T23:55:00.000,105120,สถานีสูบน้ำ พระราม 4,105110,0.0,11.5,0.0189610884,105111,0.0,23.5,0.056882724,105111,0.0,44.5,0.113765448,105111,0.0,73.0,0.2275166253,105111,0.0,81.0,0.6822406789,105111,0.0,81.0,1.364319624,105111,0.0,89.0,2.7284775142,105111,0.0,91.0,5.4579777568,2022,rain
RF.KTY.03,105120,2022-01-01T00:00:00.000,2022-12-31T23:55:00.000,105120,สถานีสูบน้ำ พระโขนง,105120,0.0,12.0,0.0198344749,105120,0.0,27.5,0.0594939117,105120,0.0,48.0,0.1189878234,105120,0.0,84.5,0.2379661339,105120,0.0,93.5,0.713879376,105120,0.0,97.5,1.427749239,105120,0.0,103.5,2.855488965,105120,0.0,106.5,5.710968417,2022,rain
RF.KTY.04,105120,2022-01-01T00:00:00.000,2022-12-31T23:55:00.000,105120,สถานีสูบน้ำ คลองเตย,13679,0.0,9.5,0.0079684187,13679,0.0,24.5,0.0239052562,13679,0.0,36.0,0.0478105125,13679,0.0,43.0,0.0956210249,13679,0.0,44.5,0.2868630748,13679,0.0,44.5,0.5737261496,13679,0.0,44.5,1.1417135756,13679,0.0,44.5,2.2733752467,2022,rain
RF.KTY.05,105120,2022-01-01T00:00:00.000,2022-12-31T23:55:00.000,105120,สถานีวัดน้ำฝน อุทยานเบญจสิริ,105119,0.0,14.0,0.022365129,105120,0.0,31.5,0.0670947489,105120,0.0,53.0,0.1341894977,105120,0.0,67.0,0.2683789954,105120,0.0,110.0,0.8051369863,105120,0.0,134.5,1.6102739726,105120,0.0,145.0,3.2205479452,105120,0.0,147.0,6.4410958904,2022,rain
RF.LKB.02,105120,2022-01-01T00:00:00.000,2022-12-31T23:55:00.000,105120,ประตูระบายน้ำ คลองประเวศบุรีรมย์ ตอนลาดกระบัง,105120,0.0,10.5,0.0168474125,105120,0.0,26.5,0.0505422374,105120,0.0,46.0,0.1010844749,105120,0.0,84.5,0.2021689498,105120,0.0,118.5,0.6065068493,105120,0.0,127.0,1.2130136986,105120,0.0,131.5,2.4260273973,105120,0.0,154.0,4.8520547945,2022,rain
RF.LKB.03,105120,2022-01-01T00:00:00.000,2022-12-31T23:55:00.000,105120,จุดวัดคลองประเวศบุรีรมย์ ตอน รพ.ลาดกระบัง,105120,0.0,10.0,0.0164383562,105120,0.0,26.5,0.0493150685,105120,0.0,45.5,0.098630137,105120,0.0,82.5,0.197260274,105120,0.0,105.5,0.5917808219,105120,0.0,119.0,1.1835616438,105120,0.0,124.5,2.3671232877,105120,0.0,147.0,4.7342465753,2022,rain
RF.LKB.04,105120,2022-01-01T00:00:00.000,2022-12-31T23:55:00.000,105120,จุดวัดคลองประเวศบุรีรมย์ ตอนถนนร่วมพัฒนา,105120,0.0,11.5,0.011282344,105120,0.0,30.0,0.033837519,105120,0.0,52.5,0.0676702816,105120,0.0,62.0,0.1353358067,105120,0.0,63.0,0.4059979072,105120,0.0,67.0,0.8119910578,105120,0.0,71.0,1.6239773592,105120,0.0,117.0,3.2479499619,2022,rain
RF.LPW.01,105120,2022-01-01T00:00:00.000,2022-12-31T23:55:00.000,105120,สำนักงานเขตลาดพร้าว,104970,0.0,11.0,0.0153662951,104970,0.0,26.0,0.0460988854,104970,0.0,39.0,0.0921977708,104970,0.0,45.0,0.1843955416,104970,0.0,48.0,0.5531866247,104970,0.0,61.5,1.1063732495,104970,0.0,92.5,2.212746499,104970,0.0,93.0,4.425492998,2022,rain
RF.LSI.01,105120,2022-01-01T00:00:00.000,2022-12-31T23:55:00.000,105120,สำนักงานเขตหลักสี่,105120,0.0,12.5,0.0178272451,105120,0.0,35.5,0.0534817352,105120,0.0,50.0,0.1069634703,105120,0.0,73.5,0.2139269406,105120,0.0,133.5,0.6417808219,105120,0.0,137.0,1.2835616438,105120,0.0,137.0,2.5671232877,105120,0.0,137.5,5.1342465753,2022,rain
RF.LSI.02,105120,2022-01-01T00:00:00.000,2022-12-31T23:55:00.000,105120,สถานีสูบน้ำ คลองตาอูฐ,105119,0.0,14.5,0.020162863,105119,0.0,37.0,0.0604885891,105119,0.0,56.0,0.1209771782,105119,0.0,75.5,0.2419543565,105119,0.0,117.5,0.7258630695,105119,0.0,121.5,1.4517261389,105119,0.0,125.0,2.9034522779,105119,0.0,134.0,5.8068950428,2022,rain
RF.LSI.03,105120,2022-01-01T00:00:00.000,2022-12-31T23:55:00.000,105120,จุดวัดศูนย์ราชการ-ถนนแจ้งวัฒนะ,105120,0.0,13.0,0.0224695586,105120,0.0,35.5,0.0673991629,105120,0.0,59.5,0.1347935693,105120,0.0,95.0,0.269582382,105120,0.0,162.0,0.8087376332,105120,0.0,165.5,1.6174705099,105120,0.0,165.5,3.2349362633,105120,0.0,165.5,6.4698677702,2022,rain
RF.MBR.01,105120,2022-01-01T00:00:00.000,2022-12-31T23:55:00.000,105120,สำนักงานเขตมีนบุรี,105120,0.0,10.5,0.0188118341,105120,0.0,25.0,0.0564355023,105120,0.0,41.0,0.1128710046,105120,0.0,63.5,0.2257420091,105120,0.0,90.0,0.6772260274,105120,0.0,104.5,1.3544520548,105120,0.0,114.5,2.7089041096,105120,0.0,135.5,5.4178082192,2022,rain
RF.MBR.02,105120,2022-01-01T00:00:00.000,2022-12-31T23:55:00.000,105120,ประตูระบายน้ำ คลองแสนแสบ ตอนถนนประชาร่วมใจ,105119,0.0,10.5,0.0195397597,105120,0.0,26.5,0.0586187215,105120,0.0,34.5,0.1172374429,105120,0.0,57.0,0.2344748858,105120,0.0,69.0,0.7034246575,105120,0.0,84.5,1.4068493151,105120,0.0,94.5,2.8136986301,105120,0.0,107.0,5.6273972603,2022,rain
RF.MBR.03,105120,2022-01-01T00:00:00.000,2022-12-31T23:55:00.000,105120,ประตูระบายน้ำ คลองบึงขวาง,105120,0.0,11.5,0.0212804414,105120,0.0,26.0,0.0638413242,105120,0.0,41.0,0.1276826484,105120,0.0,57.5,0.2553652968,105120,0.0,94.5,0.7659864916,105120,0.0,111.0,1.5319111492,105120,0.0,124.5,3.0637604642,105120,0.0,141.5,6.1278491248,2022,rain
RF.MBR.05,105120,2022-01-01T00:00:00.000,2022-12-31T23:55:00.000,105120,จุดวัดคลองบึงใหญ่ ตอนวัดทองสัมฤทธิ์,105120,0.0,12.0,0.0196061644,105120,0.0,32.0,0.0588089802,105120,0.0,53.5,0.117613204,105120,0.0,87.5,0.2352216514,105120,0.0,137.5,0.7056554414,105120,0.0,152.5,1.4113061263,105120,0.0,165.0,2.8226074962,105120,0.0,175.5,5.6419758371,2022,rain
RF.NJK.01,105120,2022-01-01T00:00:00.000,2022-12-31T23:55:00.000,105120,สำนักงานเขตหนองจอก,105120,0.0,11.0,0.0170852359,105120,0.0,28.5,0.0512557078,105120,0.0,49.0,0.1025114155,105120,0.0,71.0,0.2050228311,105120,0.0,91.5,0.6150684932,105120,0.0,92.5,1.2301369863,105120,0.0,93.5,2.4602739726,105120,0.0,107.0,4.9205479452,2022,rain
RF.NJK.02,105120,2022-01-01T00:00:00.000,2022-12-31T23:55:00.000,105120,สถานีสูบน้ำ คลองแสนแสบ หนองจอก,105120,0.0,14.5,0.0156630518,105120,0.0,30.0,0.0469891553,105120,0.0,46.5,0.0939783105,105120,0.0,71.5,0.187956621,105120,0.0,93.0,0.563869863,105120,0.0,94.5,1.127739726,105120,0.0,94.5,2.2554794521,105120,0.0,112.5,4.5109589041,2022,rain
RF.NJK.03,105120,2022-01-01T00:00:00.000,2022-12-31T23:55:00.000,105120,จุดวัดคลองสิบสอง ตอนถนนประชาสำราญ,105120,0.0,14.0,0.0144691781,105120,0.0,30.0,0.0434075342,105120,0.0,45.5,0.0868150685,105120,0.0,54.5,0.173630137,105120,0.0,69.0,0.520890411,105120,0.0,70.0,1.0417808219,105120,0.0,77.0,2.0835616438,105120,0.0,79.0,4.1671232877,2022,rain
RF.NJK.04,105120,2022-01-01T00:00:00.000,2022-12-31T23:55:00.000,105120,ประตูระบายน้ำ คลองสิบสาม,105120,0.0,13.5,0.0158200152,105120,0.0,26.5,0.0474600457,105120,0.0,45.5,0.0949200913,105120,0.0,70.5,0.1898211568,105120,0.0,92.0,0.5693921233,105120,0.0,93.0,1.1387414384,105120,0.0,93.0,2.2774400685,105120,0.0,110.0,4.5552606545,2022,rain
RF.NJK.05,105120,2022-01-01T00:00:00.000,2022-12-31T23:55:00.000,105120,ประตูระบายน้ำ คลองหลวงแพ่ง,105120,0.0,12.0,0.0158913623,105120,0.0,30.5,0.0476740868,105120,0.0,53.5,0.0953481735,105120,0.0,69.0,0.190696347,105120,0.0,77.0,0.5720890411,105120,0.0,77.5,1.1441780822,105120,0.0,78.0,2.2883561644,105120,0.0,86.0,4.5767123288,2022,rain
RF.NJK.06,105120,2022-01-01T00:00:00.000,2022-12-31T23:55:00.000,105120,จุดวัดคลองลำผักชี ตอนโรงเรียนลำผักชี,105120,0.0,10.0,0.0156915906,105120,0.0,23.0,0.0470747717,105120,0.0,33.0,0.0941495434,105120,0.0,39.5,0.1882990868,105120,0.0,57.0,0.5648972603,105120,0.0,67.0,1.1297945205,105120,0.0,83.0,2.2595890411,105120,0.0,113.5,4.5191780822,2022,rain
RF.NJK.07,105120,2022-01-01T00:00:00.000,2022-12-31T23:55:00.000,105120,จุดวัดคลองแสนแสบ ตอนวัดทรัพย์สโมสรนิกรเกษม,105120,0.0,16.5,0.0200913242,105120,0.0,41.0,0.0602739726,105120,0.0,65.5,0.1205479452,105120,0.0,96.0,0.241081621,105120,0.0,110.0,0.7231592466,105120,0.0,110.0,1.4462756849,105120,0.0,110.5,2.8925085616,105120,0.0,112.0,5.7853833714,2022,rain
RF.NKM.01,105120,2022-01-01T00:00:00.000,2022-12-31T23:55:00.000,105120,สำนักงานเขตหนองแขม,105120,0.0,13.0,0.0148782344,105120,0.0,23.5,0.0446347032,105120,0.0,35.0,0.0892694064,105120,0.0,46.5,0.1785388128,105120,0.0,64.0,0.5356164384,105120,0.0,71.0,1.0712328767,105120,0.0,74.0,2.1424657534,105120,0.0,74.0,4.2849315068,2022,rain
RF.NKM.02,105120,2022-01-01T00:00:00.000,2022-12-31T23:55:00.000,105120,จุดวัดคลองทวีวัฒนา ตอนคลองภาษีเจริญ,86350,0.0,11.0,0.0181007528,86350,0.0,26.5,0.0543022583,86350,0.0,42.0,0.1086045165,86350,0.0,60.5,0.217209033,86350,0.0,102.5,0.651627099,86350,0.0,105.5,1.303254198,86350,0.0,105.5,2.6065083961,86350,0.0,110.5,5.2130167921,2022,rain
RF.NKM.03,105120,2022-01-01T00:00:00.000,2022-12-31T23:55:00.000,105120,จุดวัดคลองภาษีเจริญ ตอนคลองมหาศร,0,,,,0,,,,0,,,,0,,,,0,,,,0,,,,0,,,,0,,,,2022,rain
RF.PKN.01,105120,2022-01-01T00:00:00.000,2022-12-31T23:55:00.000,105120,สำนักงานเขตพระโขนง,105120,0.0,13.5,0.0223982116,105120,0.0,33.0,0.0671946347,105120,0.0,54.0,0.1343892694,105120,0.0,91.0,0.2687785388,105120,0.0,107.0,0.8063356164,105120,0.0,118.5,1.6126712329,105120,0.0,124.5,3.2253424658,105120,0.0,128.0,6.4506849315,2022,rain
RF.PKN.02,105120,2022-01-01T00:00:00.000,2022-12-31T23:55:00.000,105120,สถานีสูบน้ำ คลองเจ็ก,105120,0.0,12.0,0.0214278919,105120,0.0,30.0,0.0642836758,105120,0.0,47.0,0.1285673516,105120,0.0,74.0,0.2571347032,105120,0.0,104.0,0.7714041096,105120,0.0,109.5,1.5428082192,105120,0.0,110.0,3.0856164384,105120,0.0,110.0,6.1712328767,2022,rain
RF.PKN.03,105120,2022-01-01T00:00:00.000,2022-12-31T23:55:00.000,105120,สถานีสูบน้ำ บางอ้อ,105120,0.0,13.5,0.0175608828,105120,0.0,34.0,0.0526826484,105120,0.0,57.5,0.1053652968,105120,0.0,77.5,0.2107305936,105120,0.0,87.0,0.6321917808,105120,0.0,93.5,1.2643835616,105120,0.0,97.0,2.5287671233,105120,0.0,100.0,5.0575342466,2022,rain
RF.PKN.04,105120,2022-01-01T00:00:00.000,2022-12-31T23:55:00.000,105120,สถานีสูบน้ำ บางจาก,105120,0.0,13.5,0.0222364916,105120,0.0,34.0,0.0667094749,105120,0.0,49.5,0.1334189498,105120,0.0,79.0,0.2668378995,105120,0.0,110.5,0.8005136986,105120,0.0,117.5,1.6010273973,105120,0.0,117.5,3.2020547945,105120,0.0,118.0,6.404109589,2022,rain
RF.PNK.01,105120,2022-01-01T00:00:00.000,2022-12-31T23:55:00.000,105120,สำนักงานเขตพระนคร,105120,0.0,13.0,0.0202578006,105120,0.0,31.0,0.0607734018,105120,0.0,43.5,0.1215468037,105120,0.0,58.5,0.2430936073,105120,0.0,88.0,0.7292808219,105120,0.0,90.0,1.4585616438,105120,0.0,90.0,2.9171232877,105120,0.0,120.0,5.8342465753,2022,rain
RF.PNK.02,105120,2022-01-01T00:00:00.000,2022-12-31T23:55:00.000,105120,สถานีสูบน้ำ เทเวศร์,105120,0.0,11.5,0.0210235921,105120,0.0,29.5,0.0630707763,105120,0.0,41.5,0.1261415525,105120,0.0,66.5,0.252283105,105120,0.0,100.0,0.7568493151,105120,0.0,104.0,1.5136986301,105120,0.0,108.0,3.0273972603,105120,0.0,138.5,6.0547945205,2022,rain
RF.PNK.03,105120,2022-01-01T00:00:00.000,2022-12-31T23:55:00.000,105120,ปากคลองตลาด,105120,0.0,10.0,0.0150304414,105120,0.0,23.5,0.0450913242,105120,0.0,35.0,0.0901826484,105120,0.0,45.5,0.1803652968,105120,0.0,53.0,0.5410958904,105120,0.0,69.0,1.0821917808,105120,0.0,79.5,2.1643835616,105120,0.0,88.0,4.3287671233,2022,rain
RF.PPS.01,105120,2022-01-01T00:00:00.000,2022-12-31T23:55:00.000,105120,สำนักงานเขตป้อมปราบศัตรูพ่าย,105120,0.0,12.5,0.0217180365,105120,0.0,30.0,0.0651350837,105120,0.0,49.0,0.1302891933,105120,0.0,61.0,0.2605974125,105120,0.0,71.5,0.7818302892,105120,0.0,80.0,1.5636796043,105120,0.0,92.5,3.1273782344,105120,0.0,107.5,6.2547754947,2022,rain
RF.PSC.01,105120,2022-01-01T00:00:00.000,2022-12-31T23:55:00.000,105120,สำนักงานเขตภาษีเจริญ,105120,0.0,13.5,0.0174657534,105120,0.0,36.0,0.0523021309,105120,0.0,51.0,0.1045566971,105120,0.0,60.5,0.2090658295,105120,0.0,61.5,0.6271023592,105120,0.0,84.0,1.2542047184,105120,0.0,94.5,2.5083143075,105120,0.0,95.5,5.0165810502,2022,rain
RF.PSC.03,105120,2022-01-01T00:00:00.000,2022-12-31T23:55:00.000,105120,จุดวัดคลองบางเชือกหนัง ตอนถนนพุทธมณฑลสาย 1,105119,0.0,11.5,0.0172709025,105120,0.0,28.0,0.0517931887,105120,0.0,35.5,0.1035768645,105120,0.0,44.5,0.206706621,105120,0.0,57.5,0.6160768645,105120,0.0,75.0,1.2301179604,105120,0.0,86.0,2.4582001522,105120,0.0,86.0,4.931777968,2022,rain
RF.PSC.04,105120,2022-01-01T00:00:00.000,2022-12-31T23:55:00.000,105120,สถานีสูบน้ำ คลองภาษีเจริญ,105119,0.0,14.5,0.0162863041,105120,0.0,33.5,0.0488584475,105120,0.0,42.0,0.097716895,105120,0.0,54.5,0.195424277,105120,0.0,71.5,0.5860683029,105120,0.0,81.5,1.172027207,105120,0.0,94.5,2.3439450152,105120,0.0,95.5,4.6885749619,2022,rain
RF.PSC.05,105120,2022-01-01T00:00:00.000,2022-12-31T23:55:00.000,105120,จุดวัดคลองบางเชือกหนัง ตอนวัดปากน้ำฝั่งใต้,105120,0.0,10.5,0.0187357306,105120,0.0,25.0,0.0562071918,105120,0.0,44.5,0.1124143836,105120,0.0,64.0,0.2248240107,105120,0.0,64.5,0.6742532344,105120,0.0,72.5,1.34839707,105120,0.0,83.5,2.6966847412,105120,0.0,84.5,5.394054414,2022,rain
RF.PTW.01,105120,2022-01-01T00:00:00.000,2022-12-31T23:55:00.000,105120,สำนักงานเขตปทุมวัน,105120,0.0,19.0,0.016842656,105120,0.0,27.5,0.050527968,105120,0.0,42.5,0.1010559361,105120,0.0,58.0,0.2021118721,105120,0.0,69.5,0.6063356164,105120,0.0,72.5,1.2126712329,105120,0.0,73.0,2.4253424658,105120,0.0,131.5,4.8506849315,2022,rain
RF.PTW.02,105120,2022-01-01T00:00:00.000,2022-12-31T23:55:00.000,105120,สถานีสูบน้ำ คลองอรชร,105119,0.0,14.5,0.0229168847,105120,0.0,34.0,0.06875,105120,0.0,46.0,0.1375,105120,0.0,66.5,0.275,105120,0.0,77.0,0.825,105120,0.0,109.5,1.65,105120,0.0,122.5,3.3,105120,0.0,144.0,6.6,2022,rain
RF.PWT.01,105120,2022-01-01T00:00:00.000,2022-12-31T23:55:00.000,105120,สำนักงานเขตประเวศ,105120,0.0,10.5,0.0168331431,105120,0.0,30.5,0.0504994292,105120,0.0,56.0,0.1009988584,105120,0.0,76.5,0.2019977169,105120,0.0,113.0,0.6059931507,105120,0.0,131.5,1.2119863014,105120,0.0,144.0,2.4239726027,105120,0.0,144.5,4.8479452055,2022,rain
RF.PWT.02,105120,2022-01-01T00:00:00.000,2022-12-31T23:55:00.000,105120,ประตูระบายน้ำ คลองประเวศบุรีรมย์ ตอนวัดกระทุ่มเสือปลา,105120,0.0,7.5,0.0132515221,105120,0.0,19.5,0.0397545662,105120,0.0,28.0,0.0795091324,105120,0.0,42.0,0.1590182648,105120,0.0,44.0,0.4770547945,105120,0.0,44.5,0.954109589,105120,0.0,45.0,1.9082191781,105120,0.0,61.0,3.8164383562,2022,rain
RF.PWT.03,105120,2022-01-01T00:00:00.000,2022-12-31T23:55:00.000,105120,จุดวัดบึงหนองบอน,105120,0.0,11.5,0.0148116438,105120,0.0,28.0,0.0444349315,105120,0.0,49.0,0.088869863,105120,0.0,73.5,0.177739726,105120,0.0,100.5,0.5332191781,105120,0.0,112.0,1.0664383562,105120,0.0,121.0,2.1328767123,105120,0.0,145.5,4.2657534247,2022,rain
RF.PYT.01,105120,2022-01-01T00:00:00.000,2022-12-31T23:55:00.000,105120,สำนักงานเขตพญาไท,105120,0.0,14.0,0.0267836758,105120,0.0,36.5,0.0803510274,105120,0.0,63.5,0.1607020548,105120,0.0,92.5,0.3214041096,105120,0.0,94.0,0.9642123288,105120,0.0,94.0,1.9284246575,105120,0.0,118.0,3.8568493151,105120,0.0,123.5,7.7136986301,2022,rain
RF.PYT.02,104833,2022-01-01T00:00:00.000,2022-12-31T00:00:00.000,104833,จุดวัดคลองสามเสน ตอนถนนพระรามที่ 6,0,,,,0,,,,0,,,,0,,,,0,,,,0,,,,0,,,,0,,,,2022,rain
RF.RBN.01,105120,2022-01-01T00:00:00.000,2022-12-31T23:55:00.000,105120,สำนักงานเขตราษฎร์บูรณะ,105120,0.0,9.5,0.0171851218,105120,0.0,24.0,0.0515553653,105120,0.0,44.5,0.1031107306,105120,0.0,64.0,0.2062214612,105120,0.0,87.5,0.6186643836,105120,0.0,97.5,1.2373287671,105120,0.0,105.5,2.4746575342,105120,0.0,106.0,4.9493150685,2022,rain
RF.RBN.02,105120,2022-01-01T00:00:00.000,2022-12-31T23:55:00.000,105120,สถานีสูบน้ำ คลองแจงร้อน,105120,0.0,11.0,0.0180983638,105120,0.0,29.0,0.0542950913,105120,0.0,48.0,0.1085901826,105120,0.0,84.5,0.2171803653,105120,0.0,101.0,0.6515410959,105120,0.0,104.5,1.3030821918,105120,0.0,105.0,2.6061643836,105120,0.0,113.5,5.2123287671,2022,rain
RF.RTW.01,105120,2022-01-01T00:00:00.000,2022-12-31T23:55:00.000,105120,สำนักงานเขตราชเทวี,105120,0.0,12.0,0.0233495053,105120,0.0,33.0,0.070048516,105120,0.0,57.5,0.140097032,105120,0.0,72.0,0.2801940639,105120,0.0,82.5,0.8405821918,105120,0.0,108.0,1.6811643836,105120,0.0,123.0,3.3623287671,105120,0.0,144.0,6.7246575342,2022,rain
RF.RTW.02,105120,2022-01-01T00:00:00.000,2022-12-31T23:55:00.000,105120,จุดวัดคลองสามเสน ตอน รพ.พระมงกุฎเกล้า,105120,0.0,12.0,0.0215753425,105120,0.0,26.0,0.0647260274,105120,0.0,42.0,0.1294520548,105120,0.0,56.5,0.2589041096,105120,0.0,74.0,0.7767123288,105120,0.0,83.0,1.5534246575,105120,0.0,97.0,3.1068493151,105120,0.0,99.0,6.2136986301,2022,rain
RF.RTW.03,105120,2022-01-01T00:00:00.000,2022-12-31T23:55:00.000,105120,อาคารรับน้ำบึงมักกะสัน,105120,0.0,11.5,0.0227929985,105120,0.0,28.0,0.0683789954,105120,0.0,53.0,0.1367579909,105120,0.0,91.5,0.2735159817,105120,0.0,103.0,0.8205479452,105120,0.0,103.0,1.6410958904,105120,0.0,116.5,3.2821917808,105120,0.0,118.5,6.5643835616,2022,rain
RF.SLG.01,105120,2022-01-01T00:00:00.000,2022-12-31T23:55:00.000,105120,สำนักงานเขตสวนหลวง,105120,0.0,10.0,0.0184598554,105120,0.0,25.5,0.0553795662,105120,0.0,38.5,0.1107591324,105120,0.0,62.5,0.2215182648,105120,0.0,109.5,0.6645547945,105120,0.0,126.5,1.329109589,105120,0.0,138.0,2.6582191781,105120,0.0,146.5,5.3164383562,2022,rain
RF.SLG.02,105120,2022-01-01T00:00:00.000,2022-12-31T23:55:00.000,105120,จุดวัดคลองประเวศบุรีรมย์ ตอนวัดขจรศิริ,105120,0.0,7.5,0.0119434932,105120,0.0,20.0,0.0358304795,105120,0.0,32.5,0.0716609589,105120,0.0,55.0,0.1433219178,105120,0.0,74.5,0.4299657534,105120,0.0,86.5,0.8599315068,105120,0.0,93.0,1.7198630137,105120,0.0,98.0,3.4397260274,2022,rain
RF.SMI.01,105120,2022-01-01T00:00:00.000,2022-12-31T23:55:00.000,105120,สำนักงานเขตสายไหม,105120,0.0,14.5,0.0193921233,105120,0.0,29.5,0.0581763699,105120,0.0,46.5,0.1163527397,105120,0.0,70.5,0.2327054795,105120,0.0,77.0,0.6981164384,105120,0.0,81.0,1.3962328767,105120,0.0,81.5,2.7924657534,105120,0.0,105.0,5.5849315068,2022,rain
RF.SMI.02,105120,2022-01-01T00:00:00.000,2022-12-31T23:55:00.000,105120,ประตูระบายน้ำ คลองสองสายใต้,105120,0.0,15.0,0.0183694825,105120,0.0,38.0,0.0551084475,105120,0.0,59.5,0.110216895,105120,0.0,70.0,0.22043379,105120,0.0,72.0,0.6613013699,105120,0.0,74.5,1.3226027397,105120,0.0,78.0,2.6452054795,105120,0.0,113.5,5.2904109589,2022,rain
RF.SMI.03,105120,2022-01-01T00:00:00.000,2022-12-31T23:55:00.000,105120,ประตูระบายน้ำ คลองพระยาสุเรนทร์,105120,0.0,14.0,0.0178700533,105120,0.0,31.0,0.0536101598,105120,0.0,39.5,0.1072203196,105120,0.0,61.0,0.2144406393,105120,0.0,77.5,0.6433219178,105120,0.0,85.0,1.2866438356,105120,0.0,91.5,2.5732876712,105120,0.0,96.0,5.1465753425,2022,rain
RF.SMI.04,105120,2022-01-01T00:00:00.000,2022-12-31T23:55:00.000,105120,จุดวัดซอยแอนเน็กซ์,105120,0.0,16.5,0.0186453577,105120,0.0,44.0,0.0559360731,105120,0.0,60.5,0.1118721461,105120,0.0,70.5,0.2237442922,105120,0.0,76.5,0.6712328767,105120,0.0,79.0,1.3424657534,105120,0.0,86.0,2.6849315068,105120,0.0,113.0,5.3698630137,2022,rain
RF.SPK.01,105120,2022-01-01T00:00:00.000,2022-12-31T23:55:00.000,105120,สถานีสูบน้ำ คลองสำโรง,105120,0.0,13.0,0.0197488584,105120,0.0,29.5,0.0592465753,105120,0.0,45.5,0.1184931507,105120,0.0,70.0,0.2369863014,105120,0.0,98.5,0.7109589041,105120,0.0,108.0,1.4219178082,105120,0.0,109.5,2.8438356164,105120,0.0,116.0,5.6876712329,2022,rain
RF.SPS.01,105120,2022-01-01T00:00:00.000,2022-12-31T23:55:00.000,105120,สำนักงานเขตสะพานสูง,105120,0.0,11.5,0.0205289193,105120,0.0,28.5,0.061586758,105120,0.0,50.5,0.123173516,105120,0.0,78.0,0.246347032,105120,0.0,137.0,0.7390410959,105120,0.0,151.5,1.4780821918,105120,0.0,163.0,2.9561643836,105120,0.0,180.0,5.9123287671,2022,rain
RF.SPS.02,105120,2022-01-01T00:00:00.000,2022-12-31T23:55:00.000,105120,ประตูระบายน้ำ คลองแสนแสบ ตอนบางชัน,105120,0.0,12.5,0.0191590563,105120,0.0,29.5,0.0574771689,105120,0.0,52.0,0.1149543379,105120,0.0,85.5,0.2299086758,105120,0.0,126.5,0.6897260274,105120,0.0,141.5,1.3793188737,105120,0.0,152.5,2.7580717275,105120,0.0,171.0,5.5167665525,2022,rain
RF.SPW.01,105120,2022-01-01T00:00:00.000,2022-12-31T23:55:00.000,105120,บ่อสูบน้ำ ท่าน้ำสวัสดี,105120,0.0,16.0,0.0210045662,105120,0.0,39.0,0.0630136986,105120,0.0,49.0,0.1260273973,105120,0.0,57.0,0.2520547945,105120,0.0,75.0,0.7561643836,105120,0.0,102.5,1.5123287671,105120,0.0,114.5,3.0246575342,105120,0.0,116.0,6.0493150685,2022,rain
RF.STN.01,105120,2022-01-01T00:00:00.000,2022-12-31T23:55:00.000,105120,สำนักงานเขตสาทร,105120,0.0,12.5,0.0199200913,105120,0.0,32.0,0.059760274,105120,0.0,48.0,0.1195205479,105120,0.0,78.0,0.2390410959,105120,0.0,87.0,0.7171232877,105120,0.0,102.5,1.4342465753,105120,0.0,112.0,2.8684931507,105120,0.0,114.0,5.7369863014,2022,rain
RF.STN.02,105120,2022-01-01T00:00:00.000,2022-12-31T23:55:00.000,105120,สถานีสูบน้ำ คลองสาทร,105120,0.0,13.5,0.0207096651,105120,0.0,32.5,0.0621289954,105120,0.0,49.5,0.1242579909,105120,0.0,71.5,0.2485159817,105120,0.0,81.0,0.7455479452,105120,0.0,100.5,1.4910958904,105120,0.0,111.0,2.9821917808,105120,0.0,113.5,5.9643835616,2022,rain
RF.TBR.01,105120,2022-01-01T00:00:00.000,2022-12-31T23:55:00.000,105120,สำนักงานเขตธนบุรี,105120,0.0,9.0,0.0143407534,105120,0.0,24.0,0.0430222603,105120,0.0,35.0,0.0860445205,105120,0.0,53.0,0.1720890411,105120,0.0,66.0,0.5162671233,105120,0.0,81.0,1.0325342466,105120,0.0,94.0,2.0650684932,105120,0.0,100.0,4.1301369863,2022,rain
RF.TBR.02,105120,2022-01-01T00:00:00.000,2022-12-31T23:55:00.000,105120,สถานีสูบน้ำ คลองสำเหร่,105120,0.0,16.5,0.0161719939,105120,0.0,41.5,0.0485159817,105120,0.0,58.5,0.0970319635,105120,0.0,64.0,0.1940639269,105120,0.0,96.0,0.5821917808,105120,0.0,109.5,1.1643835616,105120,0.0,118.5,2.3287671233,105120,0.0,120.0,4.6575342466,2022,rain
RF.TBR.03,105120,2022-01-01T00:00:00.000,2022-12-31T23:55:00.000,105120,สถานีสูบน้ำ ดาวคะนอง,105120,0.0,10.0,0.011130137,105120,0.0,26.0,0.033390411,105120,0.0,35.5,0.0667808219,105120,0.0,41.0,0.1335616438,105120,0.0,68.5,0.4006849315,105120,0.0,76.0,0.801369863,105120,0.0,83.0,1.602739726,105120,0.0,83.5,3.2054794521,2022,rain
RF.TKU.01,105120,2022-01-01T00:00:00.000,2022-12-31T23:55:00.000,105120,สำนักงานเขตทุ่งครุ,105120,0.0,11.5,0.0156059741,105120,0.0,27.5,0.0468179224,105120,0.0,51.5,0.0936358447,105120,0.0,78.0,0.1872716895,105120,0.0,83.5,0.5618150685,105120,0.0,87.0,1.123630137,105120,0.0,87.0,2.247260274,105120,0.0,94.0,4.4945205479,2022,rain
RF.TKU.02,105120,2022-01-01T00:00:00.000,2022-12-31T23:55:00.000,105120,ประตูระบายน้ำ คลองรางจาก ตอนถนนประชาอุทิศ,105120,0.0,11.5,0.0143597793,105120,0.0,27.5,0.0430793379,105120,0.0,41.5,0.0861586758,105120,0.0,64.0,0.1723173516,105120,0.0,91.0,0.5169520548,105120,0.0,95.5,1.0339041096,105120,0.0,95.5,2.0678082192,105120,0.0,100.0,4.1356164384,2022,rain
RF.TLC.01,105120,2022-01-01T00:00:00.000,2022-12-31T23:55:00.000,105120,สำนักงานเขตตลิ่งชัน,105120,0.0,13.0,0.0193493151,105120,0.0,26.5,0.0580479452,105120,0.0,40.5,0.1160958904,105120,0.0,70.0,0.2321917808,105120,0.0,80.0,0.6965753425,105120,0.0,83.5,1.3931506849,105120,0.0,97.0,2.7863013699,105120,0.0,97.5,5.5726027397,2022,rain
RF.TLC.02,105120,2022-01-01T00:00:00.000,2022-12-31T23:55:00.000,105120,ประตูระบายน้ำ คลองบัว ตอนทางรถไฟสายใต้,105120,0.0,11.5,0.0166238584,105120,0.0,31.0,0.0498715753,105120,0.0,49.0,0.0997431507,105120,0.0,56.5,0.1987775875,105120,0.0,92.5,0.5937547565,105120,0.0,98.0,1.1862205099,105120,0.0,98.0,2.3711520167,105120,0.0,101.0,4.7555412861,2022,rain
RF.TLC.03,105120,2022-01-01T00:00:00.000,2022-12-31T23:55:00.000,105120,สถานีสูบน้ำ คลองชักพระ,105120,0.0,15.0,0.0203196347,105120,0.0,31.0,0.0609589041,105120,0.0,49.0,0.1219178082,105120,0.0,71.5,0.2438356164,105120,0.0,83.5,0.7315068493,105120,0.0,92.5,1.4630136986,105120,0.0,105.5,2.9260273973,105120,0.0,106.0,5.8520547945,2022,rain
RF.TWW.01,105120,2022-01-01T00:00:00.000,2022-12-31T23:55:00.000,105120,สำนักงานเขตทวีวัฒนา,105120,0.0,14.5,0.0152825342,105120,0.0,32.5,0.0458476027,105120,0.0,46.0,0.0916952055,105120,0.0,47.5,0.183390411,105120,0.0,80.5,0.5501712329,105120,0.0,98.0,1.1003424658,105120,0.0,107.0,2.2006849315,105120,0.0,107.0,4.401369863,2022,rain
RF.TWW.02,105120,2022-01-01T00:00:00.000,2022-12-31T23:55:00.000,105120,ประตูระบายน้ำ คลองทวีวัฒนา,105120,0.0,8.5,0.0135369102,105120,0.0,20.0,0.0406107306,105120,0.0,35.5,0.0812214612,105120,0.0,49.5,0.1624429224,105120,0.0,69.5,0.4873287671,105120,0.0,83.0,0.9746575342,105120,0.0,83.0,1.9493150685,105120,0.0,83.5,3.898630137,2022,rain
RF.TWW.03,105120,2022-01-01T00:00:00.000,2022-12-31T23:55:00.000,105120,ประตูระบายน้ำ คลองขุนศรีบุรีรักษ์ ตอนคลองมหาสวัสดิ์,105120,0.0,10.5,0.0180555556,105120,0.0,27.5,0.0541666667,105120,0.0,47.0,0.1083333333,105120,0.0,73.5,0.216609589,105120,0.0,81.5,0.6497146119,105120,0.0,93.0,1.2993721461,105120,0.0,99.0,2.5986872146,105120,0.0,100.0,5.198164003,2022,rain
RF.TWW.04,105120,2022-01-01T00:00:00.000,2022-12-31T23:55:00.000,105120,จุดวัดคลองทวีวัฒนา ตอนคลองบางเชือกหนัง,105120,0.0,8.5,0.0126712329,105120,0.0,16.5,0.0380136986,105120,0.0,23.0,0.0760273973,105120,0.0,32.5,0.1514935312,105120,0.0,46.5,0.4524067732,105120,0.0,64.0,0.9037766362,105120,0.0,71.0,1.8065163623,105120,0.0,71.0,3.6236111111,2022,rain
RF.WTL.01,105120,2022-01-01T00:00:00.000,2022-12-31T23:55:00.000,105120,สำนักงานเขตวังทองหลาง,105120,0.0,11.5,0.0187690259,105120,0.0,27.5,0.0563070776,105120,0.0,43.5,0.1126141553,105120,0.0,63.0,0.2252283105,105120,0.0,118.0,0.6756849315,105120,0.0,143.0,1.351369863,105120,0.0,155.5,2.702739726,105120,0.0,166.5,5.4054794521,2022,rain
RF.WTL.02,105120,2022-01-01T00:00:00.000,2022-12-31T23:55:00.000,105120,ประตูระบายน้ำ คลองลาดพร้าว,105105,0.0,11.0,0.0189096618,105105,0.0,26.0,0.056719471,105105,0.0,42.0,0.1134341849,105105,0.0,56.5,0.2268636126,105105,0.0,69.0,0.6805813234,105105,0.0,85.0,1.3611578897,105105,0.0,107.5,2.7223110223,105105,0.0,113.0,5.4447362162,2022,rain
RF.WTL.03,105120,2022-01-01T00:00:00.000,2022-12-31T23:55:00.000,105120,สถานีสูบน้ำ คลองเจ้าคุณสิงห์,105119,0.0,15.0,0.0198489331,105119,0.0,38.5,0.0595372863,105119,0.0,62.0,0.1190698161,105119,0.0,72.0,0.2381348757,105119,0.0,73.5,0.7143951141,105119,0.0,76.0,1.4287854717,105119,0.0,107.0,2.8575852129,105119,0.0,113.0,5.715198965,2022,rain
RF.WTN.01,105120,2022-01-01T00:00:00.000,2022-12-31T23:55:00.000,105120,สำนักงานเขตวัฒนา,105120,0.0,13.0,0.0215468037,105120,0.0,32.5,0.064640411,105120,0.0,51.0,0.1292808219,105120,0.0,63.0,0.2585616438,105120,0.0,106.0,0.7756849315,105120,0.0,136.5,1.551369863,105120,0.0,147.5,3.102739726,105120,0.0,150.5,6.2054794521,2022,rain
RF.WTN.02,105120,2022-01-01T00:00:00.000,2022-12-31T23:55:00.000,105120,สถานีสูบน้ำ คลองแสนแสบตอนคลองตัน,105120,0.0,16.0,0.0229023973,105120,0.0,32.5,0.0686643836,105120,0.0,53.0,0.1373144977,105120,0.0,73.5,0.2745861872,105120,0.0,122.0,0.8236729452,105120,0.0,153.0,1.6473030822,105120,0.0,164.5,3.2945633562,105120,0.0,169.0,6.5890839041,2022,rain
RF.YNW.01,105120,2022-01-01T00:00:00.000,2022-12-31T23:55:00.000,105120,สำนักงานเขตยานนาวา,105120,0.0,13.0,0.0197726408,105120,0.0,33.5,0.0593179224,105120,0.0,51.5,0.1186358447,105120,0.0,79.5,0.2372716895,105120,0.0,101.5,0.7118150685,105120,0.0,112.5,1.423630137,105120,0.0,118.5,2.847260274,105120,0.0,120.0,5.6945205479,2022,rain
RF.YNW.02,105120,2022-01-01T00:00:00.000,2022-12-31T23:55:00.000,105120,สถานีสูบน้ำ คลองช่องนนทรี,105119,0.0,12.5,0.019458899,105120,0.0,27.5,0.0583666286,105120,0.0,43.0,0.1167285008,105120,0.0,74.0,0.2334522451,105120,0.0,88.5,0.6995766743,105120,0.0,98.5,1.3987205099,105120,0.0,103.0,2.7970081811,105120,0.0,104.5,5.5963184932,2022,rain
RF.YNW.03,105120,2022-01-01T00:00:00.000,2022-12-31T23:55:00.000,105120,ประตูระบายน้ำ คลองวัดด่าน,105120,0.0,13.0,0.0175418569,105120,0.0,32.0,0.0526255708,105120,0.0,46.0,0.1052511416,105120,0.0,84.5,0.2105022831,105120,0.0,115.0,0.6315068493,105120,0.0,116.5,1.2630136986,105120,0.0,117.0,2.5260273973,105120,0.0,124.5,5.0520547945,2022,rain
RF.BBN.01,105120,2023-01-01T00:00:00.000,2023-12-31T23:55:00.000,105120,สำนักงานเขตบางบอน,105120,0.0,12.0,0.0098078387,105120,0.0,31.0,0.029423516,105120,0.0,39.0,0.058847032,105120,0.0,42.0,0.1176940639,105120,0.0,72.5,0.3530821918,105120,0.0,79.0,0.7061643836,105120,0.0,80.0,1.4123287671,105120,0.0,80.0,2.8246575342,2023,rain
RF.BBN.02,105120,2023-01-01T00:00:00.000,2023-12-31T23:55:00.000,105120,จุดวัดคลองบางบอน ตอนคลองสะแกงาม,105120,0.0,10.5,0.0097983257,105120,0.0,26.5,0.0290572679,105120,0.0,42.0,0.0579385464,105120,0.0,57.0,0.1157106164,105120,0.0,72.0,0.3469225647,105120,0.0,74.0,0.6937737823,105120,0.0,74.5,1.3874096271,105120,0.0,74.5,2.7743816591,2023,rain
RF.BKA.01,105120,2023-01-01T00:00:00.000,2023-12-31T23:55:00.000,105120,สำนักงานเขตบางเขน,105120,0.0,10.0,0.0081621005,105120,0.0,20.0,0.0244863014,105120,0.0,32.0,0.0489726027,105120,0.0,47.0,0.0979452055,105120,0.0,60.0,0.2938356164,105120,0.0,60.5,0.5876712329,105120,0.0,60.5,1.1753424658,105120,0.0,72.0,2.3506849315,2023,rain
RF.BKA.02,105120,2023-01-01T00:00:00.000,2023-12-31T23:55:00.000,105120,จุดวัดคลองบางบัว,105120,0.0,10.5,0.0102977549,105120,0.0,30.0,0.0308266743,105120,0.0,54.5,0.0616533486,105120,0.0,71.0,0.1232401065,105120,0.0,81.0,0.3699533866,105120,0.0,83.0,0.7398401826,105120,0.0,83.0,1.4799800228,105120,0.0,92.0,2.9592608447,2023,rain
RF.BKE.01,105120,2023-01-01T00:00:00.000,2023-12-31T23:55:00.000,105120,สำนักงานเขตบางแค,105120,0.0,14.0,0.0102739726,105120,0.0,35.0,0.0308219178,105120,0.0,54.0,0.0616438356,105120,0.0,73.5,0.1232876712,105120,0.0,80.0,0.3698630137,105120,0.0,83.0,0.7397260274,105120,0.0,83.0,1.4794520548,105120,0.0,86.5,2.9589041096,2023,rain
RF.BKE.02,105120,2023-01-01T00:00:00.000,2023-12-31T23:55:00.000,105120,จุดวัดคลองราชมนตรี ตอนคลองภาษีเจริญ,105120,0.0,18.5,0.0106402207,105120,0.0,30.0,0.0319016362,105120,0.0,39.0,0.0637937595,105120,0.0,65.5,0.1275780061,105120,0.0,74.0,0.3827149924,105120,0.0,75.0,0.7654394977,105120,0.0,75.0,1.5308504566,105120,0.0,83.5,3.0616818874,2023,rain
RF.BKE.03,105120,2023-01-01T00:00:00.000,2023-12-31T23:55:00.000,105120,สถานีสูบน้ำคลองบางจาก,105120,0.0,11.5,0.0118531202,105120,0.0,30.5,0.0355593607,105120,0.0,52.5,0.0711187215,105120,0.0,78.0,0.1422374429,105120,0.0,86.0,0.4267123288,105120,0.0,88.5,0.8534246575,105120,0.0,90.0,1.7068493151,105120,0.0,92.0,3.4136986301,2023,rain
RF.BKE.04,105120,2023-01-01T00:00:00.000,2023-12-31T23:55:00.000,105120,บ่อสูบน้ำหมู่บ้านเศรษฐกิจ ซอย 26,105120,0.0,11.0,0.0111491629,105120,0.0,29.0,0.0334474886,105120,0.0,50.0,0.0668949772,105120,0.0,72.5,0.1337899543,105120,0.0,77.5,0.401369863,105120,0.0,78.5,0.802739726,105120,0.0,79.0,1.6054794521,105120,0.0,86.5,3.2109589041,2023,rain
RF.BKL.01,105120,2023-01-01T00:00:00.000,2023-12-31T23:55:00.000,105120,สำนักงานเขตบางคอแหลม,105120,0.0,22.5,0.0104309361,105120,0.0,35.0,0.0312928082,105120,0.0,38.0,0.0625856164,105120,0.0,42.0,0.1251712329,105120,0.0,43.5,0.3755136986,105120,0.0,46.0,0.7510273973,105120,0.0,46.0,1.5020547945,105120,0.0,88.0,3.004109589,2023,rain
RF.BKL.02,105120,2023-01-01T00:00:00.000,2023-12-31T23:55:00.000,105120,สถานีสูบน้ำ คลองวัดไทร,105120,0.0,12.5,0.0123953577,105120,0.0,29.0,0.0371480213,105120,0.0,35.0,0.0742770167,105120,0.0,55.0,0.1485350076,105120,0.0,61.0,0.4455669711,105120,0.0,61.0,0.8911339422,105120,0.0,61.0,1.7822488584,105120,0.0,92.5,3.5644406393,2023,rain
RF.BKM.01,105120,2023-01-01T00:00:00.000,2023-12-31T23:55:00.000,105120,สำนักงานเขตบึงกุ่ม,105120,0.0,11.5,0.0097079528,105120,0.0,28.5,0.0291238584,105120,0.0,48.5,0.0582477169,105120,0.0,59.0,0.1164954338,105120,0.0,61.5,0.3494863014,105120,0.0,62.5,0.6989726027,105120,0.0,62.5,1.3979452055,105120,0.0,65.0,2.795890411,2023,rain
RF.BKN.01,105120,2023-01-01T00:00:00.000,2023-12-31T23:55:00.000,105120,สำนักงานเขตบางกอกน้อย,105120,0.0,12.0,0.0131040715,105120,0.0,31.0,0.0393122146,105120,0.0,56.5,0.0786244292,105120,0.0,90.5,0.1572488584,105120,0.0,99.5,0.4717465753,105120,0.0,103.0,0.9434931507,105120,0.0,105.0,1.8869863014,105120,0.0,105.0,3.7739726027,2023,rain
RF.BKN.02,105120,2023-01-01T00:00:00.000,2023-12-31T23:55:00.000,105120,สถานีสูบน้ำ คลองมอญ,105120,0.0,11.0,0.0124667047,105120,0.0,29.0,0.0374001142,105120,0.0,50.0,0.0748002283,105120,0.0,70.0,0.1496004566,105120,0.0,75.5,0.4488013699,105120,0.0,79.5,0.8976122527,105120,0.0,81.5,1.7955194064,105120,0.0,81.5,3.5914098174,2023,rain
RF.BKP.02,105120,2023-01-01T00:00:00.000,2023-12-31T23:55:00.000,105120,จุดวัดคลองแสนแสบ ตอนสำนักงานเขตบางกะปิ,105120,0.0,17.5,0.0125428082,105120,0.0,45.0,0.0375998858,105120,0.0,66.5,0.0751426941,105120,0.0,79.5,0.1502283105,105120,0.0,83.0,0.4505707763,105120,0.0,83.5,0.9012842466,105120,0.0,83.5,1.8023116438,105120,0.0,90.0,3.6052226027,2023,rain
RF.BKT.01,105120,2023-01-01T00:00:00.000,2023-12-31T23:55:00.000,105120,สำนักงานเขตบางขุนเทียน,105120,0.0,7.5,0.0080622146,105120,0.0,17.0,0.0241866438,105120,0.0,24.0,0.0483732877,105120,0.0,34.5,0.0967465753,105120,0.0,39.0,0.290239726,105120,0.0,42.5,0.5804794521,105120,0.0,48.0,1.1609589041,105120,0.0,59.5,2.3219178082,2023,rain
RF.BKT.02,105120,2023-01-01T00:00:00.000,2023-12-31T23:55:00.000,105120,สถานีสูบน้ำ คลองเลนเปน,105120,0.0,9.0,0.0098268645,105120,0.0,21.0,0.0294710807,105120,0.0,34.5,0.0589374049,105120,0.0,61.5,0.1178700533,105120,0.0,88.0,0.3536006469,105120,0.0,89.0,0.7071965373,105120,0.0,89.0,1.4143883181,105120,0.0,89.5,2.8287718798,2023,rain
RF.BKT.03,105120,2023-01-01T00:00:00.000,2023-12-31T23:55:00.000,105120,สถานีสูบน้ำ คลองระหาญ,105120,0.0,13.0,0.0102834855,105120,0.0,29.0,0.0308504566,105120,0.0,46.0,0.0617009132,105120,0.0,80.5,0.1234018265,105120,0.0,122.5,0.3702054795,105120,0.0,123.5,0.7404109589,105120,0.0,124.0,1.4808219178,105120,0.0,124.0,2.9616438356,2023,rain
RF.BKT.04,105120,2023-01-01T00:00:00.000,2023-12-31T23:55:00.000,105120,สถานีสูบน้ำ คลองพระยาราชมนตรี,105120,0.0,10.5,0.0096318493,105120,0.0,22.5,0.0288955479,105120,0.0,33.5,0.0577910959,105120,0.0,43.0,0.1155821918,105120,0.0,51.0,0.3467465753,105120,0.0,53.0,0.6934931507,105120,0.0,66.0,1.3869863014,105120,0.0,69.0,2.7739726027,2023,rain
RF.BKT.05,105120,2023-01-01T00:00:00.000,2023-12-31T23:55:00.000,105120,สถานีสูบน้ำ คลองสนามชัย,105120,0.0,12.0,0.0104547184,105120,0.0,22.5,0.0313261035,105120,0.0,32.5,0.0626331811,105120,0.0,44.5,0.1252473364,105120,0.0,48.0,0.3757039574,105120,0.0,48.0,0.7513888889,105120,0.0,59.0,1.5027587519,105120,0.0,63.0,3.0054984779,2023,rain
RF.BKY.01,105120,2023-01-01T00:00:00.000,2023-12-31T23:55:00.000,105120,สำนักงานเขตบางกอกใหญ่,105120,0.0,9.0,0.0102644597,105120,0.0,20.5,0.030793379,105120,0.0,37.0,0.061586758,105120,0.0,57.5,0.123173516,105120,0.0,67.5,0.3695205479,105120,0.0,70.5,0.7390410959,105120,0.0,71.5,1.4780821918,105120,0.0,72.0,2.9561643836,2023,rain
RF.BKY.02,105120,2023-01-01T00:00:00.000,2023-12-31T23:55:00.000,105120,สถานีสูบน้ำ คลองบางกอกใหญ่,105120,0.0,13.0,0.0125903729,105120,0.0,33.0,0.0394739346,105120,0.0,56.0,0.0818968798,105120,0.0,73.0,0.1667380137,105120,0.0,352.0,0.5039193303,105120,0.0,394.0,1.0038432268,105120,0.0,576.5,1.9760797184,105120,0.0,762.0,3.7958571157,2023,rain
RF.BNA.01,105120,2023-01-01T00:00:00.000,2023-12-31T23:55:00.000,105120,สำนักงานเขตบางนา,105120,0.0,12.0,0.0145452816,105120,0.0,31.0,0.0436358447,105120,0.0,57.5,0.0872716895,105120,0.0,102.0,0.174543379,105120,0.0,144.0,0.523630137,105120,0.0,151.5,1.047260274,105120,0.0,153.5,2.0945205479,105120,0.0,177.5,4.1890410959,2023,rain
RF.BNA.02,105120,2023-01-01T00:00:00.000,2023-12-31T23:55:00.000,105120,สถานีสูบน้ำ บางนา,105120,0.0,12.5,0.0129613775,105120,0.0,30.0,0.0388365677,105120,0.0,56.0,0.0776493531,105120,0.0,86.0,0.1552749239,105120,0.0,121.0,0.4658009893,105120,0.0,128.5,0.931554414,105120,0.0,129.5,1.8630612633,105120,0.0,142.0,3.7260749619,2023,rain
RF.BNA.03,105120,2023-01-01T00:00:00.000,2023-12-31T23:55:00.000,105120,จุดวัดคลองบางนา ตอนถนนศรีนครินทร์,105120,0.0,16.5,0.0110350076,105120,0.0,28.0,0.0330955099,105120,0.0,47.5,0.0661862633,105120,0.0,62.5,0.1323677702,105120,0.0,79.5,0.3970937976,105120,0.0,85.0,0.7941828387,105120,0.0,86.0,1.5883609209,105120,0.0,118.5,3.1767170852,2023,rain
RF.BPD.01,105120,2023-01-01T00:00:00.000,2023-12-31T23:55:00.000,105120,สำนักงานเขตบางพลัด,105120,0.0,11.5,0.0126617199,105120,0.0,30.5,0.0379851598,105120,0.0,43.5,0.0759703196,105120,0.0,63.5,0.1519406393,105120,0.0,70.0,0.4558219178,105120,0.0,70.0,0.9116438356,105120,0.0,70.0,1.8232876712,105120,0.0,70.0,3.6465753425,2023,rain
RF.BRK.01,105120,2023-01-01T00:00:00.000,2023-12-31T23:55:00.000,105120,สำนักงานเขตบางรัก,105120,0.0,12.0,0.0141647641,105120,0.0,29.0,0.0424942922,105120,0.0,49.5,0.0849885845,105120,0.0,61.0,0.1699771689,105120,0.0,63.0,0.5099315068,105120,0.0,66.5,1.0198630137,105120,0.0,68.0,2.0397260274,105120,0.0,68.0,4.0794520548,2023,rain
RF.BRK.02,105120,2023-01-01T00:00:00.000,2023-12-31T23:55:00.000,105120,สถานีสูบน้ำ กรุงเกษม,105120,0.0,11.0,0.0131992009,105120,0.0,29.5,0.0395976027,105120,0.0,47.5,0.0791952055,105120,0.0,59.5,0.158390411,105120,0.0,63.0,0.4751712329,105120,0.0,66.5,0.9503424658,105120,0.0,68.5,1.9006849315,105120,0.0,68.5,3.801369863,2023,rain
RF.BSU.01,105120,2023-01-01T00:00:00.000,2023-12-31T23:55:00.000,105120,สำนักงานเขตบางซื่อ,105120,0.0,9.5,0.0113679604,105120,0.0,21.0,0.0341038813,105120,0.0,37.0,0.0682077626,105120,0.0,55.0,0.1364155251,105120,0.0,76.0,0.4092465753,105120,0.0,79.0,0.8184931507,105120,0.0,79.0,1.6369863014,105120,0.0,81.0,3.2739726027,2023,rain
RF.BSU.02,105120,2023-01-01T00:00:00.000,2023-12-31T23:55:00.000,105120,สถานีสูบน้ำ คลองบางเขนใหม่,105119,0.0,10.5,0.0124097451,105119,0.0,27.0,0.0371150791,105119,0.0,46.5,0.07417308,105119,0.0,59.5,0.1483223775,105119,0.0,61.0,0.4448862717,105119,0.0,61.0,0.8895822829,105119,0.0,61.0,1.7790123574,105119,0.0,72.5,3.55994159,2023,rain
RF.BSU.03,105120,2023-01-01T00:00:00.000,2023-12-31T23:55:00.000,105120,สถานีสูบน้ำ คลองบางซื่อ,105120,0.0,12.5,0.0152777778,105120,0.0,30.0,0.0455907534,105120,0.0,41.5,0.0909864916,105120,0.0,59.0,0.1817684551,105120,0.0,81.0,0.5448487443,105120,0.0,82.5,1.0883942161,105120,0.0,82.5,2.1747954718,105120,0.0,84.5,4.3469986682,2023,rain
RF.BSU.04,105120,2023-01-01T00:00:00.000,2023-12-31T23:55:00.000,105120,บ่อสูบน้ำสะพานขวา ถนนประชาราษฎร์ สาย 2,105120,0.0,13.5,0.0147878615,105120,0.0,25.5,0.0443635845,105120,0.0,45.0,0.0887271689,105120,0.0,62.5,0.1774543379,105120,0.0,86.5,0.5323630137,105120,0.0,89.0,1.0647260274,105120,0.0,89.0,2.1294520548,105120,0.0,91.5,4.2589041096,2023,rain
RF.CTC.01,105120,2023-01-01T00:00:00.000,2023-12-31T23:55:00.000,105120,บ่อสูบน้ำศาลอาญา ถนนรัชดาภิเษก,105120,0.0,12.0,0.0132848174,105120,0.0,29.0,0.0398544521,105120,0.0,49.5,0.0797089041,105120,0.0,88.0,0.1594178082,105120,0.0,137.0,0.4782534247,105120,0.0,139.0,0.9565068493,105120,0.0,139.0,1.9130136986,105120,0.0,141.0,3.8260273973,2023,rain
RF.CTC.02,105120,2023-01-01T00:00:00.000,2023-12-31T23:55:00.000,105120,สถานีสูบน้ำ รัชดา-วิภาวดี,105120,0.0,10.5,0.0128091705,105120,0.0,25.5,0.0384275114,105120,0.0,41.0,0.0768550228,105120,0.0,64.0,0.1537100457,105120,0.0,91.0,0.461130137,105120,0.0,92.0,0.922260274,105120,0.0,92.0,1.8445205479,105120,0.0,94.5,3.6890410959,2023,rain
RF.CTC.03,105120,2023-01-01T00:00:00.000,2023-12-31T23:55:00.000,105120,จุดวัดถนนเทศบาลสงเคราะห์,105120,0.0,26.5,0.0123525495,105120,0.0,32.5,0.0370576484,105120,0.0,48.5,0.0741152968,105120,0.0,68.0,0.1482305936,105120,0.0,76.0,0.4446917808,105120,0.0,76.5,0.8893835616,105120,0.0,76.5,1.7787671233,105120,0.0,77.0,3.5575342466,2023,rain
RF.DDG.02,105120,2023-01-01T00:00:00.000,2023-12-31T23:55:00.000,105120,ศูนย์ควบคุมระบบป้องกันน้ำท่วมกรุงเทพมหานคร สำนักการระบายน้ำ,105120,0.0,19.0,0.0158533105,105120,0.0,32.5,0.0475599315,105120,0.0,44.5,0.095119863,105120,0.0,55.5,0.190239726,105120,0.0,66.5,0.5707191781,105120,0.0,67.5,1.1414383562,105120,0.0,68.0,2.2828767123,105120,0.0,80.5,4.5657534247,2023,rain
RF.DMG.01,105120,2023-01-01T00:00:00.000,2023-12-31T23:55:00.000,105120,สำนักงานเขตดอนเมือง,105120,0.0,9.5,0.0080098935,105120,0.0,19.5,0.0240296804,105120,0.0,23.5,0.0480593607,105120,0.0,32.0,0.0961187215,105120,0.0,37.0,0.2883561644,105120,0.0,38.0,0.5767123288,105120,0.0,38.0,1.1534246575,105120,0.0,53.5,2.3068493151,2023,rain
RF.DST.01,105120,2023-01-01T00:00:00.000,2023-12-31T23:55:00.000,105120,สำนักงานเขตดุสิต,105120,0.0,12.0,0.0118007991,105120,0.0,31.5,0.0354023973,105120,0.0,45.5,0.0708047945,105120,0.0,60.5,0.141609589,105120,0.0,67.0,0.4248287671,105120,0.0,74.0,0.8496575342,105120,0.0,74.5,1.6993150685,105120,0.0,82.5,3.398630137,2023,rain
RF.DST.02,105120,2023-01-01T00:00:00.000,2023-12-31T23:55:00.000,105120,สถานีสูบน้ำ สามเสน,105120,0.0,14.5,0.0150019026,105120,0.0,39.5,0.0449914384,105120,0.0,56.0,0.0899686073,105120,0.0,66.0,0.1799229452,105120,0.0,67.0,0.5397402968,105120,0.0,71.0,1.0794710807,105120,0.0,73.5,2.1589278919,105120,0.0,92.0,4.317836758,2023,rain
RF.HKG.01,105120,2023-01-01T00:00:00.000,2023-12-31T23:55:00.000,105120,สำนักงานเขตห้วยขวาง,105120,0.0,10.5,0.0130422374,105120,0.0,26.5,0.0391267123,105120,0.0,42.0,0.0782534247,105120,0.0,54.0,0.1565068493,105120,0.0,63.5,0.4695205479,105120,0.0,65.5,0.9390410959,105120,0.0,65.5,1.8780821918,105120,0.0,87.0,3.7561643836,2023,rain
RF.HKG.02,105120,2023-01-01T00:00:00.000,2023-12-31T23:55:00.000,105120,สถานีสูบน้ำ สามเสน ตอนคลองแสนแสบ,105120,0.0,13.0,0.0109969559,105120,0.0,34.0,0.0328862253,105120,0.0,56.0,0.0657201294,105120,0.0,70.0,0.1313879376,105120,0.0,79.0,0.3940591705,105120,0.0,80.5,0.7880660198,105120,0.0,80.5,1.5760797184,105120,0.0,87.5,3.1521071157,2023,rain
RF.JTG.01,105120,2023-01-01T00:00:00.000,2023-12-31T23:55:00.000,105120,สำนักงานเขตจอมทอง,105120,0.0,9.5,0.0099648021,105120,0.0,24.5,0.0298944064,105120,0.0,37.5,0.0597888128,105120,0.0,46.0,0.1195776256,105120,0.0,49.5,0.3587328767,105120,0.0,49.5,0.7174657534,105120,0.0,49.5,1.4349315068,105120,0.0,92.5,2.8698630137,2023,rain
RF.JTG.02,105120,2023-01-01T00:00:00.000,2023-12-31T23:55:00.000,105120,จุดวัดคลองสนามชัย ตอนคลองบางขุนเทียน,105120,0.0,9.0,0.00945586,105120,0.0,24.0,0.0283390411,105120,0.0,40.0,0.0566638128,105120,0.0,48.0,0.1133133562,105120,0.0,54.5,0.3399115297,105120,0.0,57.0,0.67980879,105120,0.0,57.0,1.3596033105,105120,0.0,68.0,2.7191923516,2023,rain
RF.JTG.03,105120,2023-01-01T00:00:00.000,2023-12-31T23:55:00.000,105120,สถานีสูบน้ำ คลองสี่บาท,105120,0.0,8.0,0.0094225647,105120,0.0,18.0,0.0282581811,105120,0.0,28.5,0.0565116058,105120,0.0,39.5,0.1130184551,105120,0.0,43.5,0.3390458524,105120,0.0,45.0,0.6780869482,105120,0.0,45.5,1.35616914,105120,0.0,80.5,2.712347793,2023,rain
RF.KNY.02,105120,2023-01-01T00:00:00.000,2023-12-31T23:55:00.000,105120,จุดวัดคลองลำชะล่า ตอนถนนนวมินทร์,105120,0.0,9.5,0.0096556317,105120,0.0,19.5,0.028966895,105120,0.0,30.0,0.05793379,105120,0.0,44.5,0.1158675799,105120,0.0,51.0,0.3476027397,105120,0.0,54.5,0.6952054795,105120,0.0,54.5,1.3904109589,105120,0.0,81.5,2.7808219178,2023,rain
RF.KSN.01,105120,2023-01-01T00:00:00.000,2023-12-31T23:55:00.000,105120,สำนักงานเขตคลองสาน,105120,0.0,10.5,0.0132705479,105120,0.0,26.5,0.0398116438,105120,0.0,42.5,0.0796232877,105120,0.0,55.5,0.1592465753,105120,0.0,61.0,0.477739726,105120,0.0,62.0,0.9554794521,105120,0.0,63.0,1.9109589041,105120,0.0,64.0,3.8219178082,2023,rain
RF.KSN.02,105120,2023-01-01T00:00:00.000,2023-12-31T23:55:00.000,105120,สถานีสูบน้ำ คลองบางไส้ไก่,105120,0.0,12.5,0.0112585616,105120,0.0,23.0,0.0336520167,105120,0.0,34.0,0.0672421994,105120,0.0,41.5,0.1344225647,105120,0.0,53.5,0.4031487823,105120,0.0,56.0,0.8063261035,105120,0.0,56.5,1.6124904871,105120,0.0,66.5,3.2248192542,2023,rain
RF.KSW.01,105120,2023-01-01T00:00:00.000,2023-12-31T23:55:00.000,105120,สำนักงานเขตคลองสามวา,105120,0.0,8.0,0.0099790715,105120,0.0,21.0,0.0299372146,105120,0.0,32.5,0.0598744292,105120,0.0,41.0,0.1197488584,105120,0.0,45.0,0.3592465753,105120,0.0,47.0,0.7184931507,105120,0.0,47.0,1.4369863014,105120,0.0,81.5,2.8739726027,2023,rain
RF.KSW.02,105120,2023-01-01T00:00:00.000,2023-12-31T23:55:00.000,105120,ประตูระบายน้ำ คลองสามวา,105120,0.0,10.0,0.0107020548,105120,0.0,23.5,0.0320776256,105120,0.0,39.0,0.0641409817,105120,0.0,43.5,0.1282676941,105120,0.0,51.5,0.3847745434,105120,0.0,52.5,0.7695348174,105120,0.0,55.0,1.5390553653,105120,0.0,80.5,3.0781012177,2023,rain
RF.KSW.03,105120,2023-01-01T00:00:00.000,2023-12-31T23:55:00.000,105120,จุดวัดคลองเก้า ตอนวัดศรีสุขสถาพร,105120,0.0,11.0,0.0110112253,105120,0.0,28.0,0.0330241629,105120,0.0,46.0,0.0660435693,105120,0.0,64.5,0.132082382,105120,0.0,70.0,0.3962376332,105120,0.0,70.0,0.7924705099,105120,0.0,105.5,1.5849410198,105120,0.0,105.5,3.1698725266,2023,rain
RF.KTY.01,105120,2023-01-01T00:00:00.000,2023-12-31T23:55:00.000,105120,สำนักงานเขตคลองเตย,105120,0.0,15.5,0.0121194825,105120,0.0,37.0,0.0363584475,105120,0.0,56.5,0.072716895,105120,0.0,79.0,0.14543379,105120,0.0,121.5,0.4363013699,105120,0.0,131.0,0.8726027397,105120,0.0,134.0,1.7452054795,105120,0.0,140.5,3.4904109589,2023,rain
RF.KTY.02,105120,2023-01-01T00:00:00.000,2023-12-31T23:55:00.000,105120,สถานีสูบน้ำ พระราม 4,105103,0.0,10.5,0.0109606767,105103,0.0,27.5,0.0327583418,105103,0.0,45.5,0.0653454231,105103,0.0,56.5,0.1303673539,105103,0.0,78.5,0.3904550774,105103,0.0,79.5,0.7805866626,105103,0.0,79.5,1.560849833,105103,0.0,81.0,3.1210764678,2023,rain
RF.KTY.03,105120,2023-01-01T00:00:00.000,2023-12-31T23:55:00.000,105120,สถานีสูบน้ำ พระโขนง,105120,0.0,13.0,0.0119815449,105120,0.0,34.5,0.0359256088,105120,0.0,64.0,0.0718417047,105120,0.0,100.0,0.1436738965,105120,0.0,128.0,0.4310026636,105120,0.0,134.5,0.8619958143,105120,0.0,137.5,1.7239821157,105120,0.0,138.5,3.448011796,2023,rain
RF.KTY.04,105120,2023-01-01T00:00:00.000,2023-12-31T23:55:00.000,105120,สถานีสูบน้ำ คลองเตย,26519,0.0,12.5,0.0141973679,26519,0.0,25.5,0.0425921038,26519,0.0,40.5,0.0851842075,26519,0.0,57.5,0.1703684151,26519,0.0,58.5,0.5111052453,26519,0.0,59.0,1.0222104906,26519,0.0,60.5,2.0444209812,26519,0.0,62.5,4.0888419624,2023,rain
RF.KTY.05,105120,2023-01-01T00:00:00.000,2023-12-31T23:55:00.000,105120,สถานีวัดน้ำฝน อุทยานเบญจสิริ,105120,0.0,11.5,0.0133942161,105120,0.0,31.5,0.0401826484,105120,0.0,45.5,0.0803652968,105120,0.0,65.0,0.1607305936,105120,0.0,83.0,0.4821917808,105120,0.0,84.0,0.9643835616,105120,0.0,84.0,1.9287671233,105120,0.0,86.5,3.8575342466,2023,rain
RF.LKB.02,105120,2023-01-01T00:00:00.000,2023-12-31T23:55:00.000,105120,ประตูระบายน้ำ คลองประเวศบุรีรมย์ ตอนลาดกระบัง,104866,0.0,13.0,0.0126113326,104866,0.0,34.5,0.0377195659,104866,0.0,56.0,0.075381916,104866,0.0,72.0,0.1510499113,104866,0.0,79.5,0.4537218927,104866,0.0,93.5,0.9077298648,104866,0.0,100.0,1.8157458089,104866,0.0,103.5,3.6317776973,2023,rain
RF.LKB.03,105120,2023-01-01T00:00:00.000,2023-12-31T23:55:00.000,105120,จุดวัดคลองประเวศบุรีรมย์ ตอน รพ.ลาดกระบัง,105120,0.0,17.5,0.0096556317,105120,0.0,45.0,0.028966895,105120,0.0,78.5,0.05793379,105120,0.0,92.5,0.1158675799,105120,0.0,101.5,0.3476027397,105120,0.0,103.0,0.6952054795,105120,0.0,103.0,1.3904109589,105120,0.0,115.5,2.7808219178,2023,rain
RF.LKB.04,105120,2023-01-01T00:00:00.000,2023-12-31T23:55:00.000,105120,จุดวัดคลองประเวศบุรีรมย์ ตอนถนนร่วมพัฒนา,105120,0.0,9.0,0.0083428463,105120,0.0,19.5,0.0249904871,105120,0.0,31.0,0.0499476788,105120,0.0,38.0,0.0998620624,105120,0.0,45.5,0.2995291096,105120,0.0,53.0,0.599015411,105120,0.0,63.0,1.1979975266,105120,0.0,63.0,2.3959807839,2023,rain
RF.LPW.01,105120,2023-01-01T00:00:00.000,2023-12-31T23:55:00.000,105120,สำนักงานเขตลาดพร้าว,105120,0.0,9.5,0.0089611872,105120,0.0,23.5,0.0268835616,105120,0.0,38.0,0.0537671233,105120,0.0,41.0,0.1075342466,105120,0.0,41.0,0.3226027397,105120,0.0,41.0,0.6452054795,105120,0.0,41.0,1.2904109589,105120,0.0,72.5,2.5808219178,2023,rain
RF.LSI.01,105120,2023-01-01T00:00:00.000,2023-12-31T23:55:00.000,105120,สำนักงานเขตหลักสี่,105120,0.0,13.0,0.0096175799,105120,0.0,32.5,0.0288527397,105120,0.0,45.5,0.0577054795,105120,0.0,56.0,0.1154109589,105120,0.0,66.5,0.3462328767,105120,0.0,67.0,0.6924657534,105120,0.0,67.0,1.3849315068,105120,0.0,71.0,2.7698630137,2023,rain
RF.LSI.02,105120,2023-01-01T00:00:00.000,2023-12-31T23:55:00.000,105120,สถานีสูบน้ำ คลองตาอูฐ,105120,0.0,11.5,0.0097650304,105120,0.0,25.5,0.0292285008,105120,0.0,42.5,0.0584237062,105120,0.0,64.5,0.1168141172,105120,0.0,74.0,0.350375761,105120,0.0,74.5,0.7007182268,105120,0.0,74.5,1.4014031583,105120,0.0,77.5,2.8051988204,2023,rain
RF.LSI.03,105120,2023-01-01T00:00:00.000,2023-12-31T23:55:00.000,105120,จุดวัดศูนย์ราชการ-ถนนแจ้งวัฒนะ,105120,0.0,14.0,0.0121718037,105120,0.0,36.5,0.036515411,105120,0.0,56.5,0.0730308219,105120,0.0,81.0,0.1460616438,105120,0.0,93.5,0.4381849315,105120,0.0,93.5,0.876369863,105120,0.0,93.5,1.752739726,105120,0.0,98.5,3.5054794521,2023,rain
RF.MBR.01,105120,2023-01-01T00:00:00.000,2023-12-31T23:55:00.000,105120,สำนักงานเขตมีนบุรี,105120,0.0,9.5,0.0103833714,105120,0.0,23.0,0.0311501142,105120,0.0,28.5,0.0623002283,105120,0.0,32.0,0.1246004566,105120,0.0,47.0,0.3738013699,105120,0.0,52.0,0.7476027397,105120,0.0,52.5,1.4952054795,105120,0.0,61.0,2.9904109589,2023,rain
RF.MBR.02,105120,2023-01-01T00:00:00.000,2023-12-31T23:55:00.000,105120,ประตูระบายน้ำ คลองแสนแสบ ตอนถนนประชาร่วมใจ,105118,0.0,10.0,0.0115108735,105118,0.0,21.0,0.0345231074,105118,0.0,32.5,0.0690414582,105118,0.0,42.0,0.1380781598,105118,0.0,54.5,0.4142249662,105118,0.0,59.0,0.8284451759,105118,0.0,63.0,1.6568855952,105118,0.0,69.5,3.3137664339,2023,rain
RF.MBR.03,105120,2023-01-01T00:00:00.000,2023-12-31T23:55:00.000,105120,ประตูระบายน้ำ คลองบึงขวาง,105120,0.0,10.0,0.0116248097,105120,0.0,25.0,0.0348744292,105120,0.0,32.0,0.0697488584,105120,0.0,35.0,0.1394977169,105120,0.0,47.0,0.4184931507,105120,0.0,50.0,0.8369863014,105120,0.0,54.0,1.6739726027,105120,0.0,70.5,3.3479452055,2023,rain
RF.MBR.05,105120,2023-01-01T00:00:00.000,2023-12-31T23:55:00.000,105120,จุดวัดคลองบึงใหญ่ ตอนวัดทองสัมฤทธิ์,105120,0.0,13.5,0.0119006849,105120,0.0,28.0,0.0354689878,105120,0.0,41.0,0.0708143075,105120,0.0,47.5,0.1415192161,105120,0.0,48.0,0.4245243531,105120,0.0,49.0,0.8491818874,105120,0.0,64.0,1.6984969559,105120,0.0,73.5,3.3971556317,2023,rain
RF.NJK.01,105120,2023-01-01T00:00:00.000,2023-12-31T23:55:00.000,105120,สำนักงานเขตหนองจอก,105120,0.0,16.0,0.0113822298,105120,0.0,33.0,0.0341466895,105120,0.0,53.5,0.068293379,105120,0.0,59.0,0.136586758,105120,0.0,66.0,0.409760274,105120,0.0,67.5,0.8195205479,105120,0.0,77.0,1.6390410959,105120,0.0,90.5,3.2780821918,2023,rain
RF.NJK.02,105120,2023-01-01T00:00:00.000,2023-12-31T23:55:00.000,105120,สถานีสูบน้ำ คลองแสนแสบ หนองจอก,105120,0.0,14.0,0.0113013699,105120,0.0,32.0,0.0339041096,105120,0.0,49.0,0.0678082192,105120,0.0,54.5,0.1356164384,105120,0.0,62.0,0.4068493151,105120,0.0,64.0,0.8136986301,105120,0.0,73.0,1.6273972603,105120,0.0,91.5,3.2547945205,2023,rain
RF.NJK.03,105120,2023-01-01T00:00:00.000,2023-12-31T23:55:00.000,105120,จุดวัดคลองสิบสอง ตอนถนนประชาสำราญ,105120,0.0,13.5,0.0129899163,105120,0.0,31.0,0.0389697489,105120,0.0,54.5,0.0779394977,105120,0.0,84.0,0.1558789954,105120,0.0,94.5,0.4676369863,105120,0.0,97.0,0.9352739726,105120,0.0,127.0,1.8705479452,105120,0.0,173.0,3.7410958904,2023,rain
RF.NJK.04,105120,2023-01-01T00:00:00.000,2023-12-31T23:55:00.000,105120,ประตูระบายน้ำ คลองสิบสาม,105120,0.0,18.5,0.0117009132,105120,0.0,37.5,0.0351027397,105120,0.0,60.5,0.0702054795,105120,0.0,66.0,0.1404109589,105120,0.0,69.0,0.4212328767,105120,0.0,70.0,0.8424657534,105120,0.0,77.5,1.6843702435,105120,0.0,94.0,3.3646023592,2023,rain
RF.NJK.05,105120,2023-01-01T00:00:00.000,2023-12-31T23:55:00.000,105120,ประตูระบายน้ำ คลองหลวงแพ่ง,105120,0.0,12.5,0.0118245814,105120,0.0,35.0,0.0354499619,105120,0.0,48.5,0.0708713851,105120,0.0,55.0,0.1417047184,105120,0.0,55.5,0.4250570776,105120,0.0,55.5,0.8500761035,105120,0.0,65.5,1.6998525495,105120,0.0,73.0,3.399167618,2023,rain
RF.NJK.06,105120,2023-01-01T00:00:00.000,2023-12-31T23:55:00.000,105120,จุดวัดคลองลำผักชี ตอนโรงเรียนลำผักชี,105120,0.0,9.5,0.0107876712,105120,0.0,22.0,0.0323249619,105120,0.0,38.0,0.064630898,105120,0.0,60.5,0.1292427702,105120,0.0,68.5,0.3876950152,105120,0.0,72.0,0.7753662481,105120,0.0,76.5,1.5507182268,105120,0.0,84.5,3.1014031583,2023,rain
RF.NJK.07,105120,2023-01-01T00:00:00.000,2023-12-31T23:55:00.000,105120,จุดวัดคลองแสนแสบ ตอนวัดทรัพย์สโมสรนิกรเกษม,105120,0.0,10.5,0.009912481,105120,0.0,26.0,0.029718417,105120,0.0,38.0,0.0594273212,105120,0.0,53.5,0.1188451294,105120,0.0,59.5,0.3565163623,105120,0.0,63.5,0.7130232116,105120,0.0,68.0,1.4260369102,105120,0.0,68.0,2.8520643075,2023,rain
RF.NKM.01,105120,2023-01-01T00:00:00.000,2023-12-31T23:55:00.000,105120,สำนักงานเขตหนองแขม,105120,0.0,7.5,0.0080431887,105120,0.0,16.0,0.0241295662,105120,0.0,25.5,0.0482591324,105120,0.0,37.0,0.0965182648,105120,0.0,39.5,0.2895547945,105120,0.0,42.0,0.579109589,105120,0.0,43.5,1.1582191781,105120,0.0,51.5,2.3164383562,2023,rain
RF.NKM.02,105120,2023-01-01T00:00:00.000,2023-12-31T23:55:00.000,105120,จุดวัดคลองทวีวัฒนา ตอนคลองภาษีเจริญ,105120,0.0,12.0,0.0095367199,105120,0.0,29.5,0.0286101598,105120,0.0,51.0,0.0572203196,105120,0.0,62.5,0.1144406393,105120,0.0,66.0,0.3433219178,105120,0.0,67.5,0.6866438356,105120,0.0,68.0,1.3732876712,105120,0.0,71.0,2.7465753425,2023,rain
RF.NKM.03,105120,2023-01-01T00:00:00.000,2023-12-31T23:55:00.000,105120,จุดวัดคลองภาษีเจริญ ตอนคลองมหาศร,0,,,,0,,,,0,,,,0,,,,0,,,,0,,,,0,,,,0,,,,2023,rain
RF.PKN.01,105120,2023-01-01T00:00:00.000,2023-12-31T23:55:00.000,105120,สำนักงานเขตพระโขนง,105120,0.0,14.0,0.0146356545,105120,0.0,37.5,0.0439069635,105120,0.0,65.5,0.0878139269,105120,0.0,108.0,0.1756278539,105120,0.0,134.0,0.5268835616,105120,0.0,142.0,1.0537671233,105120,0.0,144.5,2.1075342466,105120,0.0,145.5,4.2150684932,2023,rain
RF.PKN.02,105120,2023-01-01T00:00:00.000,2023-12-31T23:55:00.000,105120,สถานีสูบน้ำ คลองเจ็ก,105120,0.0,10.5,0.0121860731,105120,0.0,25.5,0.0365582192,105120,0.0,47.0,0.0731164384,105120,0.0,72.0,0.1462328767,105120,0.0,113.0,0.4386986301,105120,0.0,121.0,0.8773972603,105120,0.0,121.5,1.7547945205,105120,0.0,133.0,3.5095890411,2023,rain
RF.PKN.03,105120,2023-01-01T00:00:00.000,2023-12-31T23:55:00.000,105120,สถานีสูบน้ำ บางอ้อ,105120,0.0,11.0,0.0114107686,105120,0.0,25.5,0.0342323059,105120,0.0,46.5,0.0684646119,105120,0.0,83.5,0.1369292237,105120,0.0,97.5,0.4107876712,105120,0.0,97.5,0.8215753425,105120,0.0,97.5,1.6431506849,105120,0.0,119.5,3.2863013699,2023,rain
RF.PKN.04,105120,2023-01-01T00:00:00.000,2023-12-31T23:55:00.000,105120,สถานีสูบน้ำ บางจาก,105120,0.0,12.0,0.0130565068,105120,0.0,29.5,0.0391695205,105120,0.0,50.5,0.0783390411,105120,0.0,86.5,0.1566780822,105120,0.0,124.0,0.4700342466,105120,0.0,130.5,0.9400684932,105120,0.0,132.0,1.8801369863,105120,0.0,156.5,3.7602739726,2023,rain
RF.PNK.01,105120,2023-01-01T00:00:00.000,2023-12-31T23:55:00.000,105120,สำนักงานเขตพระนคร,105120,0.0,21.5,0.0146023592,105120,0.0,60.0,0.0438070776,105120,0.0,93.0,0.0876141553,105120,0.0,115.0,0.1752283105,105120,0.0,118.5,0.5256849315,105120,0.0,123.0,1.051369863,105120,0.0,125.5,2.102739726,105120,0.0,125.5,4.2054794521,2023,rain
RF.PNK.02,105120,2023-01-01T00:00:00.000,2023-12-31T23:55:00.000,105120,สถานีสูบน้ำ เทเวศร์,105120,0.0,14.5,0.013341895,105120,0.0,32.5,0.0400256849,105120,0.0,54.0,0.0800513699,105120,0.0,60.5,0.1601027397,105120,0.0,61.5,0.47964707,105120,0.0,63.0,0.957386796,105120,0.0,63.0,1.9128662481,105120,0.0,84.0,3.8231972983,2023,rain
RF.PNK.03,105120,2023-01-01T00:00:00.000,2023-12-31T23:55:00.000,105120,ปากคลองตลาด,105120,0.0,10.5,0.0096366058,105120,0.0,23.5,0.0289098174,105120,0.0,44.0,0.0578196347,105120,0.0,56.5,0.1156392694,105120,0.0,60.5,0.3469178082,105120,0.0,62.5,0.6938356164,105120,0.0,64.0,1.3876712329,105120,0.0,65.0,2.7753424658,2023,rain
RF.PPS.01,105120,2023-01-01T00:00:00.000,2023-12-31T23:55:00.000,105120,สำนักงานเขตป้อมปราบศัตรูพ่าย,105120,0.0,15.5,0.0140696347,105120,0.0,43.0,0.0422089041,105120,0.0,75.5,0.0844178082,105120,0.0,92.0,0.1688356164,105120,0.0,95.5,0.5065068493,105120,0.0,99.0,1.0130136986,105120,0.0,101.5,2.0260273973,105120,0.0,101.5,4.0520547945,2023,rain
RF.PSC.01,105120,2023-01-01T00:00:00.000,2023-12-31T23:55:00.000,105120,สำนักงานเขตภาษีเจริญ,105120,0.0,11.0,0.0102026256,105120,0.0,30.5,0.0306078767,105120,0.0,46.5,0.0612157534,105120,0.0,63.0,0.1224315068,105120,0.0,75.0,0.3672945205,105120,0.0,76.5,0.7345890411,105120,0.0,76.5,1.4691780822,105120,0.0,77.0,2.9383561644,2023,rain
RF.PSC.03,105120,2023-01-01T00:00:00.000,2023-12-31T23:55:00.000,105120,จุดวัดคลองบางเชือกหนัง ตอนถนนพุทธมณฑลสาย 1,105120,0.0,12.5,0.0120719178,105120,0.0,32.5,0.0362157534,105120,0.0,59.0,0.0724315068,105120,0.0,84.5,0.1448630137,105120,0.0,90.5,0.4345890411,105120,0.0,93.0,0.8691780822,105120,0.0,94.5,1.7383561644,105120,0.0,94.5,3.4767123288,2023,rain
RF.PSC.04,105120,2023-01-01T00:00:00.000,2023-12-31T23:55:00.000,105120,สถานีสูบน้ำ คลองภาษีเจริญ,105120,0.0,11.5,0.011810312,105120,0.0,30.0,0.0354214231,105120,0.0,49.5,0.0708380898,105120,0.0,64.5,0.1416714231,105120,0.0,81.5,0.4250285388,105120,0.0,83.5,0.8500380518,105120,0.0,84.0,1.7000380518,105120,0.0,85.0,3.4000380518,2023,rain
RF.PSC.05,105120,2023-01-01T00:00:00.000,2023-12-31T23:55:00.000,105120,จุดวัดคลองบางเชือกหนัง ตอนวัดปากน้ำฝั่งใต้,105120,0.0,11.5,0.0136225266,105120,0.0,31.0,0.040848554,105120,0.0,60.5,0.0816875951,105120,0.0,94.0,0.1633704338,105120,0.0,103.5,0.4900827626,105120,0.0,107.0,0.9801512557,105120,0.0,108.5,1.960288242,105120,0.0,109.0,3.9205622146,2023,rain
RF.PTW.01,105120,2023-01-01T00:00:00.000,2023-12-31T23:55:00.000,105120,สำนักงานเขตปทุมวัน,105120,0.0,15.0,0.0111919711,105120,0.0,42.0,0.0335759132,105120,0.0,57.5,0.0671518265,105120,0.0,64.5,0.134303653,105120,0.0,67.0,0.4029109589,105120,0.0,70.0,0.8058219178,105120,0.0,71.0,1.6116438356,105120,0.0,82.0,3.2232876712,2023,rain
RF.PTW.02,105120,2023-01-01T00:00:00.000,2023-12-31T23:55:00.000,105120,สถานีสูบน้ำ คลองอรชร,105120,0.0,18.5,0.0148449391,105120,0.0,47.0,0.0445348174,105120,0.0,77.0,0.0890696347,105120,0.0,88.5,0.1781392694,105120,0.0,93.0,0.5344178082,105120,0.0,98.0,1.0688356164,105120,0.0,100.0,2.1376712329,105120,0.0,100.5,4.2753424658,2023,rain
RF.PWT.01,105120,2023-01-01T00:00:00.000,2023-12-31T23:55:00.000,105120,สำนักงานเขตประเวศ,105120,0.0,14.0,0.0106497336,105120,0.0,34.0,0.0319492009,105120,0.0,53.5,0.0638984018,105120,0.0,63.5,0.1277968037,105120,0.0,81.0,0.383390411,105120,0.0,81.0,0.7667808219,105120,0.0,82.0,1.5335616438,105120,0.0,111.5,3.0671232877,2023,rain
RF.PWT.02,105120,2023-01-01T00:00:00.000,2023-12-31T23:55:00.000,105120,ประตูระบายน้ำ คลองประเวศบุรีรมย์ ตอนวัดกระทุ่มเสือปลา,105120,0.0,11.5,0.0106497336,105120,0.0,29.5,0.0319492009,105120,0.0,43.0,0.0638984018,105120,0.0,52.5,0.1277968037,105120,0.0,61.0,0.383390411,105120,0.0,61.0,0.7667808219,105120,0.0,61.5,1.5335616438,105120,0.0,106.5,3.0671232877,2023,rain
RF.PWT.03,105120,2023-01-01T00:00:00.000,2023-12-31T23:55:00.000,105120,จุดวัดบึงหนองบอน,105120,0.0,12.0,0.0100409056,105120,0.0,32.0,0.0299229452,105120,0.0,46.0,0.0597317352,105120,0.0,59.0,0.1193255327,105120,0.0,60.0,0.35793379,105120,0.0,62.0,0.7157343988,105120,0.0,63.0,1.4311453577,105120,0.0,79.5,2.8660197869,2023,rain
RF.PYT.01,105120,2023-01-01T00:00:00.000,2023-12-31T23:55:00.000,105120,สำนักงานเขตพญาไท,105120,0.0,15.5,0.0186881659,105120,0.0,36.5,0.0560644977,105120,0.0,55.0,0.1121289954,105120,0.0,70.5,0.2242579909,105120,0.0,89.0,0.6727739726,105120,0.0,94.0,1.3455479452,105120,0.0,94.0,2.6910958904,105120,0.0,96.0,5.3821917808,2023,rain
RF.PYT.02,104833,2023-01-01T00:00:00.000,2023-12-31T00:00:00.000,104833,จุดวัดคลองสามเสน ตอนถนนพระรามที่ 6,59765,0.0,16.0,0.0232744918,59765,0.0,38.0,0.0697900109,59765,0.0,60.0,0.1395130929,59765,0.0,66.5,0.2789592571,59765,0.0,71.0,0.836769012,59765,0.0,76.5,1.6734459968,59765,0.0,79.5,3.3468250648,59765,0.0,79.5,6.6935330043,2023,rain
RF.RBN.01,105120,2023-01-01T00:00:00.000,2023-12-31T23:55:00.000,105120,สำนักงานเขตราษฎร์บูรณะ,105120,0.0,14.0,0.0103500761,105120,0.0,31.0,0.0310502283,105120,0.0,39.0,0.0621004566,105120,0.0,56.0,0.1242009132,105120,0.0,61.0,0.3726027397,105120,0.0,64.0,0.7452054795,105120,0.0,64.5,1.4904109589,105120,0.0,94.5,2.9808219178,2023,rain
RF.RBN.02,105120,2023-01-01T00:00:00.000,2023-12-31T23:55:00.000,105120,สถานีสูบน้ำ คลองแจงร้อน,105120,0.0,11.0,0.0121908295,105120,0.0,25.0,0.0365629756,105120,0.0,45.5,0.0731211948,105120,0.0,58.5,0.1462376332,105120,0.0,62.5,0.4387033866,105120,0.0,66.0,0.8774020167,105120,0.0,66.0,1.754799277,105120,0.0,84.5,3.509608067,2023,rain
RF.RTW.01,105120,2023-01-01T00:00:00.000,2023-12-31T23:55:00.000,105120,สำนักงานเขตราชเทวี,105120,0.0,17.5,0.0161434551,105120,0.0,44.0,0.0484303653,105120,0.0,70.5,0.0968607306,105120,0.0,81.0,0.1937214612,105120,0.0,85.5,0.5811643836,105120,0.0,89.0,1.1623287671,105120,0.0,92.0,2.3246575342,105120,0.0,92.0,4.6493150685,2023,rain
RF.RTW.02,105120,2023-01-01T00:00:00.000,2023-12-31T23:55:00.000,105120,จุดวัดคลองสามเสน ตอน รพ.พระมงกุฎเกล้า,37883,0.0,11.5,0.0046326848,37883,0.0,21.0,0.0138980545,37883,0.0,32.0,0.0277961091,37883,0.0,44.5,0.0555922181,37883,0.0,49.5,0.1667766544,37883,0.0,49.5,0.3335533089,37883,0.0,49.5,0.6671066177,37883,0.0,62.5,1.3342132355,2023,rain
RF.RTW.03,105120,2023-01-01T00:00:00.000,2023-12-31T23:55:00.000,105120,อาคารรับน้ำบึงมักกะสัน,105120,0.0,19.0,0.0161482116,105120,0.0,46.5,0.0484446347,105120,0.0,72.5,0.0968892694,105120,0.0,84.5,0.1937785388,105120,0.0,89.0,0.5813356164,105120,0.0,94.0,1.1626712329,105120,0.0,97.5,2.3253424658,105120,0.0,98.0,4.6506849315,2023,rain
RF.SLG.01,105120,2023-01-01T00:00:00.000,2023-12-31T23:55:00.000,105120,สำนักงานเขตสวนหลวง,105120,0.0,15.5,0.0117342085,105120,0.0,35.5,0.0352026256,105120,0.0,51.5,0.0704052511,105120,0.0,86.5,0.1408105023,105120,0.0,106.0,0.4224315068,105120,0.0,110.0,0.8448630137,105120,0.0,110.0,1.6897260274,105120,0.0,112.0,3.3794520548,2023,rain
RF.SLG.02,105120,2023-01-01T00:00:00.000,2023-12-31T23:55:00.000,105120,จุดวัดคลองประเวศบุรีรมย์ ตอนวัดขจรศิริ,105120,0.0,7.5,0.0072155632,105120,0.0,18.0,0.0216466895,105120,0.0,32.5,0.043293379,105120,0.0,57.5,0.086586758,105120,0.0,75.5,0.259760274,105120,0.0,79.5,0.5195205479,105120,0.0,79.5,1.0390410959,105120,0.0,81.5,2.0780821918,2023,rain
RF.SMI.01,105120,2023-01-01T00:00:00.000,2023-12-31T23:55:00.000,105120,สำนักงานเขตสายไหม,105120,0.0,12.0,0.0108399924,105120,0.0,23.5,0.0325199772,105120,0.0,44.5,0.0650399543,105120,0.0,52.5,0.1300799087,105120,0.0,59.0,0.390239726,105120,0.0,62.0,0.7804794521,105120,0.0,62.0,1.5609589041,105120,0.0,79.0,3.1219178082,2023,rain
RF.SMI.02,105120,2023-01-01T00:00:00.000,2023-12-31T23:55:00.000,105120,ประตูระบายน้ำ คลองสองสายใต้,105120,0.0,10.0,0.0092893836,105120,0.0,23.5,0.0278681507,105120,0.0,34.5,0.0557315449,105120,0.0,48.5,0.1114393075,105120,0.0,53.0,0.3342703577,105120,0.0,55.5,0.668516933,105120,0.0,56.5,1.3370100837,105120,0.0,70.5,2.6739963851,2023,rain
RF.SMI.03,105120,2023-01-01T00:00:00.000,2023-12-31T23:55:00.000,105120,ประตูระบายน้ำ คลองพระยาสุเรนทร์,105120,0.0,29.0,0.0115011416,105120,0.0,42.0,0.03445586,105120,0.0,50.5,0.0688879376,105120,0.0,62.5,0.1377520928,105120,0.0,84.5,0.4132087139,105120,0.0,98.5,0.8263936454,105120,0.0,112.0,1.6527635084,105120,0.0,120.5,3.3055032344,2023,rain
RF.SMI.04,105120,2023-01-01T00:00:00.000,2023-12-31T23:55:00.000,105120,จุดวัดซอยแอนเน็กซ์,105120,0.0,20.0,0.0105022831,105120,0.0,34.0,0.0315068493,105120,0.0,49.0,0.0630136986,105120,0.0,57.5,0.1260273973,105120,0.0,64.5,0.3780821918,105120,0.0,69.5,0.7561643836,105120,0.0,70.5,1.5123287671,105120,0.0,83.0,3.0246575342,2023,rain
RF.SPK.01,105120,2023-01-01T00:00:00.000,2023-12-31T23:55:00.000,105120,สถานีสูบน้ำ คลองสำโรง,105120,0.0,25.0,0.0114916286,105120,0.0,41.5,0.0344273212,105120,0.0,47.5,0.06883086,105120,0.0,73.5,0.1376379376,105120,0.0,96.5,0.4128662481,105120,0.0,103.5,0.8257182268,105120,0.0,105.0,1.6514079148,105120,0.0,112.5,3.3028966895,2023,rain
RF.SPS.01,105120,2023-01-01T00:00:00.000,2023-12-31T23:55:00.000,105120,สำนักงานเขตสะพานสูง,105120,0.0,14.5,0.0136796043,105120,0.0,39.0,0.0410388128,105120,0.0,64.0,0.0820776256,105120,0.0,80.0,0.1641552511,105120,0.0,83.0,0.4924657534,105120,0.0,84.0,0.9849315068,105120,0.0,84.0,1.9698630137,105120,0.0,96.0,3.9397260274,2023,rain
RF.SPS.02,105120,2023-01-01T00:00:00.000,2023-12-31T23:55:00.000,105120,ประตูระบายน้ำ คลองแสนแสบ ตอนบางชัน,105120,0.0,10.5,0.0106592466,105120,0.0,27.0,0.0319682268,105120,0.0,42.0,0.0639316971,105120,0.0,54.0,0.1278586377,105120,0.0,65.5,0.3835664003,105120,0.0,67.0,0.7671280441,105120,0.0,67.0,1.5342513318,105120,0.0,73.5,3.0684979072,2023,rain
RF.SPW.01,105120,2023-01-01T00:00:00.000,2023-12-31T23:55:00.000,105120,บ่อสูบน้ำ ท่าน้ำสวัสดี,105120,0.0,11.5,0.0142694064,105120,0.0,33.0,0.0428082192,105120,0.0,53.5,0.0856164384,105120,0.0,66.0,0.1712328767,105120,0.0,70.5,0.5136986301,105120,0.0,74.0,1.0273972603,105120,0.0,75.5,2.0547945205,105120,0.0,76.0,4.1095890411,2023,rain
RF.STN.01,105120,2023-01-01T00:00:00.000,2023-12-31T23:55:00.000,105120,สำนักงานเขตสาทร,105120,0.0,9.5,0.0113774734,105120,0.0,26.0,0.0341324201,105120,0.0,41.0,0.0682648402,105120,0.0,49.5,0.1365296804,105120,0.0,55.0,0.4095890411,105120,0.0,57.0,0.8191780822,105120,0.0,57.0,1.6383561644,105120,0.0,63.5,3.2767123288,2023,rain
RF.STN.02,105120,2023-01-01T00:00:00.000,2023-12-31T23:55:00.000,105120,สถานีสูบน้ำ คลองสาทร,105120,0.0,15.0,0.0128281963,105120,0.0,27.0,0.0384750761,105120,0.0,49.0,0.0769311263,105120,0.0,71.5,0.1538432268,105120,0.0,85.5,0.4614916286,105120,0.0,86.0,0.9229642314,105120,0.0,86.0,1.8459094368,105120,0.0,86.0,3.6918046043,2023,rain
RF.TBR.01,105120,2023-01-01T00:00:00.000,2023-12-31T23:55:00.000,105120,สำนักงานเขตธนบุรี,105120,0.0,8.5,0.0099695586,105120,0.0,20.5,0.0299086758,105120,0.0,34.5,0.0598173516,105120,0.0,50.0,0.1196347032,105120,0.0,58.0,0.3589041096,105120,0.0,60.0,0.7178082192,105120,0.0,61.5,1.4356164384,105120,0.0,63.0,2.8712328767,2023,rain
RF.TBR.02,105120,2023-01-01T00:00:00.000,2023-12-31T23:55:00.000,105120,สถานีสูบน้ำ คลองสำเหร่,105120,0.0,12.0,0.0108923135,105120,0.0,23.5,0.0326579148,105120,0.0,29.5,0.0653063166,105120,0.0,37.0,0.1306031202,105120,0.0,51.5,0.3917903349,105120,0.0,54.0,0.7835711568,105120,0.0,54.0,1.5671328006,105120,0.0,58.5,3.1342751142,2023,rain
RF.TBR.03,105120,2023-01-01T00:00:00.000,2023-12-31T23:55:00.000,105120,สถานีสูบน้ำ ดาวคะนอง,105120,0.0,7.0,0.0074771689,105120,0.0,16.0,0.0224267504,105120,0.0,22.5,0.0448439878,105120,0.0,26.0,0.0896784627,105120,0.0,36.5,0.2689497717,105120,0.0,38.5,0.537956621,105120,0.0,38.5,1.0759703196,105120,0.0,44.0,2.1519977169,2023,rain
RF.TKU.01,105120,2023-01-01T00:00:00.000,2023-12-31T23:55:00.000,105120,สำนักงานเขตทุ่งครุ,105120,0.0,11.5,0.0104689878,105120,0.0,30.5,0.0314069635,105120,0.0,50.0,0.0628139269,105120,0.0,66.5,0.1256278539,105120,0.0,70.5,0.3768835616,105120,0.0,70.5,0.7537671233,105120,0.0,70.5,1.5075342466,105120,0.0,70.5,3.0150684932,2023,rain
RF.TKU.02,105120,2023-01-01T00:00:00.000,2023-12-31T23:55:00.000,105120,ประตูระบายน้ำ คลองรางจาก ตอนถนนประชาอุทิศ,105120,0.0,10.0,0.0100789574,105120,0.0,25.0,0.0302226027,105120,0.0,35.0,0.0604166667,105120,0.0,48.0,0.1208047945,105120,0.0,78.0,0.3623573059,105120,0.0,78.0,0.7246860731,105120,0.0,78.0,1.4493816591,105120,0.0,78.0,2.8987062405,2023,rain
RF.TLC.01,105120,2023-01-01T00:00:00.000,2023-12-31T23:55:00.000,105120,สำนักงานเขตตลิ่งชัน,105120,0.0,11.5,0.0140553653,105120,0.0,34.5,0.0421660959,105120,0.0,56.5,0.0843321918,105120,0.0,92.5,0.1686643836,105120,0.0,102.5,0.5059931507,105120,0.0,106.5,1.0119863014,105120,0.0,108.5,2.0239726027,105120,0.0,109.0,4.0479452055,2023,rain
RF.TLC.02,105120,2023-01-01T00:00:00.000,2023-12-31T23:55:00.000,105120,ประตูระบายน้ำ คลองบัว ตอนทางรถไฟสายใต้,105120,0.0,12.5,0.0137652207,105120,0.0,33.5,0.0412956621,105120,0.0,55.0,0.0825913242,105120,0.0,83.0,0.1651826484,105120,0.0,91.0,0.4955479452,105120,0.0,91.0,0.9910958904,105120,0.0,91.0,1.9821917808,105120,0.0,116.5,3.9643835616,2023,rain
RF.TLC.03,105120,2023-01-01T00:00:00.000,2023-12-31T23:55:00.000,105120,สถานีสูบน้ำ คลองชักพระ,105120,0.0,11.5,0.0139887747,105120,0.0,31.0,0.0419663242,105120,0.0,53.0,0.0839326484,105120,0.0,91.5,0.1678652968,105120,0.0,100.0,0.5035958904,105120,0.0,102.5,1.0071917808,105120,0.0,104.0,2.0143835616,105120,0.0,104.5,4.0287671233,2023,rain
RF.TWW.01,105120,2023-01-01T00:00:00.000,2023-12-31T23:55:00.000,105120,สำนักงานเขตทวีวัฒนา,105120,0.0,9.5,0.0104356925,105120,0.0,25.5,0.0313070776,105120,0.0,39.0,0.0626141553,105120,0.0,49.0,0.1252283105,105120,0.0,58.5,0.3756849315,105120,0.0,62.5,0.751369863,105120,0.0,64.5,1.502739726,105120,0.0,65.0,3.0054794521,2023,rain
RF.TWW.02,105120,2023-01-01T00:00:00.000,2023-12-31T23:55:00.000,105120,ประตูระบายน้ำ คลองทวีวัฒนา,105120,0.0,11.5,0.0086092085,105120,0.0,21.0,0.0255850457,105120,0.0,31.0,0.0510559361,105120,0.0,33.5,0.1020357686,105120,0.0,38.5,0.3035388128,105120,0.0,38.5,0.6056744673,105120,0.0,38.5,1.2097269787,105120,0.0,59.0,2.4182410578,2023,rain
RF.TWW.03,105120,2023-01-01T00:00:00.000,2023-12-31T23:55:00.000,105120,ประตูระบายน้ำ คลองขุนศรีบุรีรักษ์ ตอนคลองมหาสวัสดิ์,105120,0.0,12.0,0.0101455479,105120,0.0,27.5,0.0304366438,105120,0.0,50.0,0.0608732877,105120,0.0,54.5,0.1217465753,105120,0.0,61.5,0.365239726,105120,0.0,66.5,0.7304794521,105120,0.0,68.5,1.4609589041,105120,0.0,68.5,2.9219178082,2023,rain
RF.TWW.04,105120,2023-01-01T00:00:00.000,2023-12-31T23:55:00.000,105120,จุดวัดคลองทวีวัฒนา ตอนคลองบางเชือกหนัง,105120,0.0,11.5,0.0078006088,105120,0.0,28.5,0.0233923135,105120,0.0,41.5,0.0467798706,105120,0.0,56.0,0.0935549848,105120,0.0,67.5,0.2806554414,105120,0.0,70.0,0.5613061263,105120,0.0,71.5,1.1226074962,105120,0.0,72.0,2.2452149924,2023,rain
RF.WTL.01,105120,2023-01-01T00:00:00.000,2023-12-31T23:55:00.000,105120,สำนักงานเขตวังทองหลาง,105120,0.0,11.0,0.0114916286,105120,0.0,30.5,0.0344748858,105120,0.0,50.5,0.0689497717,105120,0.0,63.5,0.1378995434,105120,0.0,72.0,0.4136986301,105120,0.0,72.5,0.8273972603,105120,0.0,73.0,1.6547945205,105120,0.0,116.5,3.3095890411,2023,rain
RF.WTL.02,105120,2023-01-01T00:00:00.000,2023-12-31T23:55:00.000,105120,ประตูระบายน้ำ คลองลาดพร้าว,55386,0.0,11.5,0.0112483299,55642,0.0,28.5,0.0335717623,55642,0.0,43.5,0.0671614967,55642,0.0,48.0,0.1343409655,55642,0.0,57.0,0.4030588404,55642,0.0,63.5,0.8061356529,55642,0.0,64.5,1.6119567952,55642,0.0,107.5,3.2202023651,2023,rain
RF.WTL.03,105120,2023-01-01T00:00:00.000,2023-12-31T23:55:00.000,105120,สถานีสูบน้ำ คลองเจ้าคุณสิงห์,105120,0.0,19.0,0.0117151826,105120,0.0,45.0,0.0351455479,105120,0.0,67.5,0.0702910959,105120,0.0,83.5,0.1405821918,105120,0.0,88.5,0.4217465753,105120,0.0,91.0,0.8434931507,105120,0.0,91.0,1.6869863014,105120,0.0,109.0,3.3739726027,2023,rain
RF.WTN.01,105120,2023-01-01T00:00:00.000,2023-12-31T23:55:00.000,105120,สำนักงานเขตวัฒนา,105120,0.0,11.5,0.0118959285,105120,0.0,30.0,0.0356877854,105120,0.0,42.5,0.0713755708,105120,0.0,58.5,0.1427511416,105120,0.0,67.5,0.4282534247,105120,0.0,71.0,0.8565068493,105120,0.0,71.0,1.7130136986,105120,0.0,88.5,3.4260273973,2023,rain
RF.WTN.02,105120,2023-01-01T00:00:00.000,2023-12-31T23:55:00.000,105120,สถานีสูบน้ำ คลองแสนแสบตอนคลองตัน,105120,0.0,15.0,0.0120243531,105120,0.0,38.0,0.0360159817,105120,0.0,57.0,0.0720034247,105120,0.0,78.5,0.1439783105,105120,0.0,90.5,0.4318778539,105120,0.0,93.0,0.8637271689,105120,0.0,93.0,1.7274257991,105120,0.0,104.5,3.4548230594,2023,rain
RF.YNW.01,105120,2023-01-01T00:00:00.000,2023-12-31T23:55:00.000,105120,สำนักงานเขตยานนาวา,105120,0.0,11.0,0.012114726,105120,0.0,29.5,0.0363441781,105120,0.0,50.0,0.0726883562,105120,0.0,59.5,0.1453767123,105120,0.0,62.0,0.436130137,105120,0.0,69.5,0.872260274,105120,0.0,70.5,1.7445205479,105120,0.0,80.5,3.4890410959,2023,rain
RF.YNW.02,105120,2023-01-01T00:00:00.000,2023-12-31T23:55:00.000,105120,สถานีสูบน้ำ คลองช่องนนทรี,105120,0.0,15.0,0.0116961568,105120,0.0,35.0,0.0350884703,105120,0.0,63.0,0.0701769406,105120,0.0,75.5,0.1403538813,105120,0.0,76.0,0.4210616438,105120,0.0,76.0,0.8421232877,105120,0.0,76.0,1.6842465753,105120,0.0,81.5,3.3684931507,2023,rain
RF.YNW.03,105120,2023-01-01T00:00:00.000,2023-12-31T23:55:00.000,105120,ประตูระบายน้ำ คลองวัดด่าน,105104,0.0,11.0,0.010974844,105104,0.0,27.5,0.0329245319,105104,0.0,46.0,0.0658490638,105104,0.0,55.0,0.1316981276,105104,0.0,55.5,0.3950943827,105104,0.0,56.0,0.7901887654,105104,0.0,57.0,1.5803775308,105104,0.0,69.5,3.1607550617,2023,rain
RF.BBN.01,105408,2024-01-01T00:00:00.000,2024-12-31T23:55:00.000,105408,สำนักงานเขตบางบอน,105408,0.0,8.0,0.011232544,105408,0.0,22.0,0.0336976321,105408,0.0,31.0,0.0673952641,105408,0.0,44.5,0.1347905282,105408,0.0,48.5,0.4043715847,105408,0.0,53.5,0.8087431694,105408,0.0,72.5,1.6174863388,105408,0.0,72.5,3.2349726776,2024,rain
RF.BBN.02,105408,2024-01-01T00:00:00.000,2024-12-31T23:55:00.000,105408,จุดวัดคลองบางบอน ตอนคลองสะแกงาม,105408,0.0,10.0,0.0119772693,105408,0.0,23.0,0.035462204,105408,0.0,32.0,0.0706160823,105408,0.0,43.0,0.1410139648,105408,0.0,50.5,0.4223398604,105408,0.0,55.0,0.8442385777,105408,0.0,64.5,1.6878747344,105408,0.0,72.0,3.3759771554,2024,rain
RF.BKA.01,105408,2024-01-01T00:00:00.000,2024-12-31T23:55:00.000,105408,สำนักงานเขตบางเขน,105408,0.0,10.0,0.0104973057,105408,0.0,21.5,0.0314919171,105408,0.0,29.5,0.0629838342,105408,0.0,38.5,0.1259676685,105408,0.0,51.0,0.3779030055,105408,0.0,53.5,0.7558060109,105408,0.0,53.5,1.5116120219,105408,0.0,60.5,3.0232240437,2024,rain
RF.BKA.02,105408,2024-01-01T00:00:00.000,2024-12-31T23:55:00.000,105408,จุดวัดคลองบางบัว,105408,0.0,11.0,0.0123282863,105408,0.0,25.0,0.0369848588,105408,0.0,37.5,0.0739697177,105408,0.0,41.5,0.1479394353,105408,0.0,62.5,0.443818306,105408,0.0,66.5,0.887636612,105408,0.0,67.0,1.775273224,105408,0.0,84.5,3.5505464481,2024,rain
RF.BKE.01,105408,2024-01-01T00:00:00.000,2024-12-31T23:55:00.000,105408,สำนักงานเขตบางแค,105408,0.0,11.5,0.0148043792,105408,0.0,27.5,0.0444131375,105408,0.0,40.0,0.088826275,105408,0.0,61.5,0.1776525501,105408,0.0,79.0,0.5329576503,105408,0.0,81.5,1.0659153005,105408,0.0,83.0,2.1318306011,105408,0.0,83.0,4.2636612022,2024,rain
RF.BKE.02,105408,2024-01-01T00:00:00.000,2024-12-31T23:55:00.000,105408,จุดวัดคลองราชมนตรี ตอนคลองภาษีเจริญ,105408,0.0,16.5,0.0148945052,105408,0.0,38.5,0.0446645416,105408,0.0,52.0,0.0893195962,105408,0.0,78.5,0.1786297055,105408,0.0,90.5,0.5358701427,105408,0.0,91.5,1.0717307984,105408,0.0,91.5,2.1434521099,105408,0.0,91.5,4.2868947328,2024,rain
RF.BKE.03,105408,2024-01-01T00:00:00.000,2024-12-31T23:55:00.000,105408,สถานีสูบน้ำคลองบางจาก,105408,0.0,12.5,0.0140549104,105408,0.0,34.0,0.0421647313,105408,0.0,42.5,0.0843294627,105408,0.0,62.5,0.1686589253,105408,0.0,71.0,0.505976776,105408,0.0,80.5,1.0119535519,105408,0.0,82.5,2.0239071038,105408,0.0,82.5,4.0478142077,2024,rain
RF.BKE.04,105408,2024-01-01T00:00:00.000,2024-12-31T23:55:00.000,105408,บ่อสูบน้ำหมู่บ้านเศรษฐกิจ ซอย 26,105408,0.0,12.0,0.0138414542,105408,0.0,25.5,0.0415243625,105408,0.0,43.0,0.083048725,105408,0.0,67.0,0.1660974499,105408,0.0,70.5,0.4982923497,105408,0.0,71.0,0.9965846995,105408,0.0,76.0,1.9931693989,105408,0.0,76.0,3.9863387978,2024,rain
RF.BKL.01,105408,2024-01-01T00:00:00.000,2024-12-31T23:55:00.000,105408,สำนักงานเขตบางคอแหลม,105408,0.0,12.5,0.0128358379,105408,0.0,35.5,0.0385075137,105408,0.0,48.0,0.0770150273,105408,0.0,57.5,0.1540300546,105408,0.0,65.0,0.4620901639,105408,0.0,73.5,0.9241803279,105408,0.0,73.5,1.8483606557,105408,0.0,73.5,3.6967213115,2024,rain
RF.BKL.02,105408,2024-01-01T00:00:00.000,2024-12-31T23:55:00.000,105408,สถานีสูบน้ำ คลองวัดไทร,105408,0.0,18.5,0.0120057301,105408,0.0,35.0,0.0360171903,105408,0.0,44.5,0.0720343807,105408,0.0,68.0,0.1440687614,105408,0.0,82.0,0.4322062842,105408,0.0,89.0,0.8644125683,105408,0.0,89.0,1.7288251366,105408,0.0,89.5,3.4576502732,2024,rain
RF.BKM.01,105408,2024-01-01T00:00:00.000,2024-12-31T23:55:00.000,105408,สำนักงานเขตบึงกุ่ม,105408,0.0,10.0,0.0111993397,105408,0.0,19.0,0.0335980191,105408,0.0,26.0,0.0671960383,105408,0.0,37.0,0.1343920765,105408,0.0,71.5,0.4031762295,105408,0.0,74.5,0.806352459,105408,0.0,74.5,1.612704918,105408,0.0,74.5,3.2254098361,2024,rain
RF.BKN.01,105408,2024-01-01T00:00:00.000,2024-12-31T23:55:00.000,105408,สำนักงานเขตบางกอกน้อย,105408,0.0,17.0,0.0137845325,105408,0.0,42.0,0.0413535974,105408,0.0,51.5,0.0827071949,105408,0.0,53.0,0.1654143898,105408,0.0,59.5,0.4962431694,105408,0.0,59.5,0.9924863388,105408,0.0,59.5,1.9849726776,105408,0.0,112.0,3.9699453552,2024,rain
RF.BKN.02,105408,2024-01-01T00:00:00.000,2024-12-31T23:55:00.000,105408,สถานีสูบน้ำ คลองมอญ,105408,0.0,14.0,0.0142873406,105408,0.0,33.0,0.0428620219,105408,0.0,53.0,0.0857240437,105408,0.0,68.5,0.1714480874,105408,0.0,69.0,0.5143442623,105408,0.0,69.5,1.0286885246,105408,0.0,69.5,2.0573770492,105408,0.0,93.0,4.1147540984,2024,rain
RF.BKP.02,105408,2024-01-01T00:00:00.000,2024-12-31T23:55:00.000,105408,จุดวัดคลองแสนแสบ ตอนสำนักงานเขตบางกะปิ,105408,0.0,10.5,0.0132722374,105408,0.0,24.0,0.0397977383,105408,0.0,33.5,0.0795859897,105408,0.0,39.5,0.1591672359,105408,0.0,83.0,0.4774732468,105408,0.0,87.0,0.9549370067,105408,0.0,87.0,1.9098550395,105408,0.0,87.0,3.8196958485,2024,rain
RF.BKT.01,105408,2024-01-01T00:00:00.000,2024-12-31T23:55:00.000,105408,สำนักงานเขตบางขุนเทียน,105408,0.0,9.5,0.0098427064,105408,0.0,23.5,0.0295281193,105408,0.0,31.0,0.0590562386,105408,0.0,35.5,0.1181124772,105408,0.0,43.5,0.3543374317,105408,0.0,43.5,0.7086748634,105408,0.0,43.5,1.4173497268,105408,0.0,53.0,2.8346994536,2024,rain
RF.BKT.02,105408,2024-01-01T00:00:00.000,2024-12-31T23:55:00.000,105408,สถานีสูบน้ำ คลองเลนเปน,105408,0.0,11.5,0.0103312842,105408,0.0,31.0,0.0309938525,105408,0.0,45.0,0.0619877049,105408,0.0,51.5,0.1239754098,105408,0.0,54.0,0.3719262295,105408,0.0,54.0,0.743852459,105408,0.0,54.0,1.487704918,105408,0.0,65.5,2.9754098361,2024,rain
RF.BKT.03,105408,2024-01-01T00:00:00.000,2024-12-31T23:55:00.000,105408,สถานีสูบน้ำ คลองระหาญ,105408,0.0,13.0,0.0110475486,105408,0.0,33.0,0.0331426457,105408,0.0,46.0,0.0662852914,105408,0.0,52.0,0.1325705829,105408,0.0,53.5,0.3977117486,105408,0.0,53.5,0.7954234973,105408,0.0,53.5,1.5908469945,105408,0.0,75.0,3.1816939891,2024,rain
RF.BKT.04,105408,2024-01-01T00:00:00.000,2024-12-31T23:55:00.000,105408,สถานีสูบน้ำ คลองพระยาราชมนตรี,105408,0.0,13.5,0.0109669095,105408,0.0,37.0,0.0329007286,105408,0.0,54.5,0.0658014572,105408,0.0,55.0,0.1316029144,105408,0.0,56.5,0.3948087432,105408,0.0,56.5,0.7896174863,105408,0.0,56.5,1.5792349727,105408,0.0,77.0,3.1584699454,2024,rain
RF.BKT.05,105408,2024-01-01T00:00:00.000,2024-12-31T23:55:00.000,105408,สถานีสูบน้ำ คลองสนามชัย,105408,0.0,15.0,0.0114697177,105408,0.0,41.0,0.034409153,105408,0.0,51.5,0.068818306,105408,0.0,52.0,0.137636612,105408,0.0,52.5,0.4129098361,105408,0.0,52.5,0.8258196721,105408,0.0,52.5,1.6516393443,105408,0.0,53.0,3.3032786885,2024,rain
RF.BKY.01,105408,2024-01-01T00:00:00.000,2024-12-31T23:55:00.000,105408,สำนักงานเขตบางกอกใหญ่,105408,0.0,10.0,0.0124326427,105408,0.0,24.5,0.0372979281,105408,0.0,45.5,0.0745958561,105408,0.0,50.0,0.1491917122,105408,0.0,50.0,0.4475751366,105408,0.0,51.5,0.8951502732,105408,0.0,52.0,1.7903005464,105408,0.0,81.0,3.5806010929,2024,rain
RF.BKY.02,105408,2024-01-01T00:00:00.000,2024-12-31T23:55:00.000,105408,สถานีสูบน้ำ คลองบางกอกใหญ่,105408,0.0,12.5,0.0142968276,105408,0.0,27.5,0.0428904827,105408,0.0,50.5,0.0857809654,105408,0.0,73.5,0.1715619308,105408,0.0,74.0,0.5146857923,105408,0.0,74.0,1.0293715847,105408,0.0,81.5,2.0587431694,105408,0.0,97.0,4.1174863388,2024,rain
RF.BNA.01,105408,2024-01-01T00:00:00.000,2024-12-31T23:55:00.000,105408,สำนักงานเขตบางนา,105408,0.0,16.5,0.0183857013,105408,0.0,33.5,0.0551571038,105408,0.0,57.5,0.1103142077,105408,0.0,73.0,0.2206284153,105408,0.0,76.5,0.6618852459,105408,0.0,78.0,1.3237704918,105408,0.0,78.0,2.6475409836,105408,0.0,103.5,5.2950819672,2024,rain
RF.BNA.02,105408,2024-01-01T00:00:00.000,2024-12-31T23:55:00.000,105408,สถานีสูบน้ำ บางนา,105408,0.0,12.5,0.0166448467,105408,0.0,27.0,0.0499345401,105408,0.0,49.0,0.0998690801,105408,0.0,63.0,0.1997381603,105408,0.0,68.5,0.5992144809,105408,0.0,73.5,1.1984289617,105408,0.0,73.5,2.3968579235,105408,0.0,137.0,4.793715847,2024,rain
RF.BNA.03,105408,2024-01-01T00:00:00.000,2024-12-31T23:55:00.000,105408,จุดวัดคลองบางนา ตอนถนนศรีนครินทร์,105408,0.0,11.0,0.0154589784,105408,0.0,26.5,0.0463769353,105408,0.0,40.0,0.0927538707,105408,0.0,54.0,0.1855077413,105408,0.0,61.5,0.556523224,105408,0.0,65.5,1.1130464481,105408,0.0,71.0,2.2260928962,105408,0.0,87.0,4.4521857923,2024,rain
RF.BPD.01,105408,2024-01-01T00:00:00.000,2024-12-31T23:55:00.000,105408,สำนักงานเขตบางพลัด,105408,0.0,11.0,0.0126508424,105408,0.0,25.5,0.0379525273,105408,0.0,41.5,0.0759050546,105408,0.0,57.0,0.1518101093,105408,0.0,58.5,0.4554303279,105408,0.0,58.5,0.9108606557,105408,0.0,58.5,1.8217213115,105408,0.0,60.0,3.643442623,2024,rain
RF.BRK.01,105408,2024-01-01T00:00:00.000,2024-12-31T23:55:00.000,105408,สำนักงานเขตบางรัก,105408,0.0,12.5,0.0151791135,105408,0.0,29.0,0.0455373406,105408,0.0,45.0,0.0910746812,105408,0.0,71.0,0.1821493625,105408,0.0,72.5,0.5464480874,105408,0.0,72.5,1.0928961749,105408,0.0,72.5,2.1857923497,105408,0.0,79.5,4.3715846995,2024,rain
RF.BRK.02,105408,2024-01-01T00:00:00.000,2024-12-31T23:55:00.000,105408,สถานีสูบน้ำ กรุงเกษม,105408,0.0,10.0,0.0138936324,105408,0.0,25.0,0.0416808971,105408,0.0,47.0,0.0833617942,105408,0.0,74.0,0.1667235883,105408,0.0,78.5,0.500170765,105408,0.0,79.5,1.0003415301,105408,0.0,79.5,2.0006830601,105408,0.0,80.5,4.0013661202,2024,rain
RF.BSU.01,105408,2024-01-01T00:00:00.000,2024-12-31T23:55:00.000,105408,สำนักงานเขตบางซื่อ,105408,0.0,19.5,0.0097288631,105408,0.0,22.0,0.0291865893,105408,0.0,30.5,0.0583731785,105408,0.0,41.0,0.116746357,105408,0.0,41.5,0.350239071,105408,0.0,42.0,0.7004781421,105408,0.0,42.0,1.4009562842,105408,0.0,46.0,2.8019125683,2024,rain
RF.BSU.02,105408,2024-01-01T00:00:00.000,2024-12-31T23:55:00.000,105408,สถานีสูบน้ำ คลองบางเขนใหม่,105408,0.0,10.5,0.0116025349,105408,0.0,21.5,0.0348076047,105408,0.0,36.0,0.0696152095,105408,0.0,48.0,0.1392304189,105408,0.0,51.5,0.4176912568,105408,0.0,51.5,0.8353825137,105408,0.0,51.5,1.6707650273,105408,0.0,59.0,3.3415300546,2024,rain
RF.BSU.03,105408,2024-01-01T00:00:00.000,2024-12-31T23:55:00.000,105408,สถานีสูบน้ำ คลองบางซื่อ,105408,0.0,10.0,0.0127172511,105408,0.0,25.5,0.0381185489,105408,0.0,45.5,0.0762133804,105408,0.0,61.0,0.1524030434,105408,0.0,65.0,0.4571616955,105408,0.0,65.0,0.9142996736,105408,0.0,65.0,1.8285756299,105408,0.0,65.0,3.6571275425,2024,rain
RF.BSU.04,105408,2024-01-01T00:00:00.000,2024-12-31T23:55:00.000,105408,บ่อสูบน้ำสะพานขวา ถนนประชาราษฎร์ สาย 2,105408,0.0,12.0,0.0123472602,105408,0.0,30.0,0.0370417805,105408,0.0,53.0,0.074083561,105408,0.0,64.0,0.148167122,105408,0.0,67.0,0.4445013661,105408,0.0,67.0,0.8890027322,105408,0.0,67.5,1.7780054645,105408,0.0,67.5,3.556010929,2024,rain
RF.CTC.01,105408,2024-01-01T00:00:00.000,2024-12-31T23:55:00.000,105408,บ่อสูบน้ำศาลอาญา ถนนรัชดาภิเษก,105408,0.0,12.5,0.0128310944,105408,0.0,29.0,0.0384932832,105408,0.0,47.0,0.0769865665,105408,0.0,60.5,0.153973133,105408,0.0,87.5,0.4619193989,105408,0.0,90.0,0.9238387978,105408,0.0,90.5,1.8476775956,105408,0.0,101.0,3.6953551913,2024,rain
RF.CTC.02,105408,2024-01-01T00:00:00.000,2024-12-31T23:55:00.000,105408,สถานีสูบน้ำ รัชดา-วิภาวดี,105408,0.0,12.5,0.0122334168,105408,0.0,32.5,0.0367002505,105408,0.0,40.5,0.0734005009,105408,0.0,55.0,0.1468010018,105408,0.0,66.0,0.4404030055,105408,0.0,69.5,0.8808060109,105408,0.0,69.5,1.7616120219,105408,0.0,88.5,3.5232240437,2024,rain
RF.CTC.03,105408,2024-01-01T00:00:00.000,2024-12-31T23:55:00.000,105408,จุดวัดถนนเทศบาลสงเคราะห์,105408,0.0,11.5,0.0138367107,105408,0.0,27.5,0.0415101321,105408,0.0,41.0,0.0830202641,105408,0.0,49.0,0.1660405282,105408,0.0,53.5,0.4981215847,105408,0.0,58.0,0.9962431694,105408,0.0,58.0,1.9924863388,105408,0.0,79.5,3.9849726776,2024,rain
RF.DDG.02,105408,2024-01-01T00:00:00.000,2024-12-31T23:55:00.000,105408,ศูนย์ควบคุมระบบป้องกันน้ำท่วมกรุงเทพมหานคร สำนักการระบายน้ำ,105408,0.0,11.5,0.0144249013,105408,0.0,23.5,0.043274704,105408,0.0,34.5,0.086549408,105408,0.0,58.0,0.173098816,105408,0.0,86.5,0.5192964481,105408,0.0,86.5,1.0385928962,105408,0.0,86.5,2.0771857923,105408,0.0,86.5,4.1543715847,2024,rain
RF.DMG.01,105408,2024-01-01T00:00:00.000,2024-12-31T23:55:00.000,105408,สำนักงานเขตดอนเมือง,105408,0.0,14.5,0.0115977914,105408,0.0,40.0,0.0347933743,105408,0.0,53.0,0.0695867486,105408,0.0,58.0,0.1391734973,105408,0.0,63.5,0.4175204918,105408,0.0,64.5,0.8350409836,105408,0.0,64.5,1.6700819672,105408,0.0,89.5,3.3401639344,2024,rain
RF.DST.01,105408,2024-01-01T00:00:00.000,2024-12-31T23:55:00.000,105408,สำนักงานเขตดุสิต,105408,0.0,6.0,0.0071579007,105408,0.0,14.0,0.0214737022,105408,0.0,18.5,0.0429474044,105408,0.0,25.5,0.0858948087,105408,0.0,26.0,0.2576844262,105408,0.0,26.0,0.5153688525,105408,0.0,26.0,1.0307377049,105408,0.0,31.0,2.0614754098,2024,rain
RF.DST.02,105408,2024-01-01T00:00:00.000,2024-12-31T23:55:00.000,105408,สถานีสูบน้ำ สามเสน,105408,0.0,10.5,0.0136137675,105408,0.0,25.5,0.0408413024,105408,0.0,36.0,0.0816826047,105408,0.0,54.5,0.1633652095,105408,0.0,55.5,0.4900956284,105408,0.0,55.5,0.9801912568,105408,0.0,55.5,1.9603825137,105408,0.0,66.0,3.9207650273,2024,rain
RF.HKG.01,105408,2024-01-01T00:00:00.000,2024-12-31T23:55:00.000,105408,สำนักงานเขตห้วยขวาง,105408,0.0,10.5,0.0138414542,105408,0.0,27.5,0.0415243625,105408,0.0,45.5,0.083048725,105408,0.0,60.5,0.1660974499,105408,0.0,88.5,0.4982923497,105408,0.0,90.0,0.9965846995,105408,0.0,90.0,1.9931693989,105408,0.0,90.5,3.9863387978,2024,rain
RF.HKG.02,105408,2024-01-01T00:00:00.000,2024-12-31T23:55:00.000,105408,สถานีสูบน้ำ สามเสน ตอนคลองแสนแสบ,91253,0.0,11.0,0.0126461596,91253,0.0,24.5,0.0379384787,91253,0.0,37.0,0.0758769575,91253,0.0,42.0,0.1517539149,91253,0.0,50.5,0.4552617448,91253,0.0,54.0,0.9105125311,91253,0.0,54.0,1.8209099975,91253,0.0,63.0,3.6418473913,2024,rain
RF.JTG.01,105408,2024-01-01T00:00:00.000,2024-12-31T23:55:00.000,105408,สำนักงานเขตจอมทอง,105408,0.0,18.5,0.0122476472,105408,0.0,34.0,0.0367429417,105408,0.0,49.0,0.0734858834,105408,0.0,59.5,0.1469717668,105408,0.0,71.5,0.4409153005,105408,0.0,80.0,0.8818306011,105408,0.0,80.0,1.7636612022,105408,0.0,80.0,3.5273224044,2024,rain
RF.JTG.02,105408,2024-01-01T00:00:00.000,2024-12-31T23:55:00.000,105408,จุดวัดคลองสนามชัย ตอนคลองบางขุนเทียน,105408,0.0,12.0,0.0122286733,105408,0.0,28.0,0.03668602,105408,0.0,51.0,0.0733720401,105408,0.0,60.0,0.1467440801,105408,0.0,63.5,0.4402322404,105408,0.0,70.5,0.8804644809,105408,0.0,71.0,1.7609289617,105408,0.0,91.0,3.5218579235,2024,rain
RF.JTG.03,105408,2024-01-01T00:00:00.000,2024-12-31T23:55:00.000,105408,สถานีสูบน้ำ คลองสี่บาท,105408,0.0,10.0,0.0124231557,105408,0.0,24.5,0.0372599803,105408,0.0,36.5,0.0745152171,105408,0.0,55.0,0.1490256906,105408,0.0,61.0,0.447067585,105408,0.0,61.5,0.8941304265,105408,0.0,62.5,1.7882561096,105408,0.0,67.0,3.5765074757,2024,rain
RF.KNY.02,105408,2024-01-01T00:00:00.000,2024-12-31T23:55:00.000,105408,จุดวัดคลองลำชะล่า ตอนถนนนวมินทร์,105408,0.0,10.5,0.0120294475,105408,0.0,23.0,0.0360883424,105408,0.0,33.0,0.0721766849,105408,0.0,53.0,0.1443533698,105408,0.0,82.0,0.4330601093,105408,0.0,87.5,0.8661202186,105408,0.0,87.5,1.7322404372,105408,0.0,88.0,3.4644808743,2024,rain
RF.KSN.01,105408,2024-01-01T00:00:00.000,2024-12-31T23:55:00.000,105408,สำนักงานเขตคลองสาน,105408,0.0,10.0,0.0132912113,105408,0.0,24.5,0.0398736339,105408,0.0,40.5,0.0797472678,105408,0.0,72.5,0.1594945355,105408,0.0,74.5,0.4784836066,105408,0.0,75.5,0.9569672131,105408,0.0,75.5,1.9139344262,105408,0.0,77.0,3.8278688525,2024,rain
RF.KSN.02,105408,2024-01-01T00:00:00.000,2024-12-31T23:55:00.000,105408,สถานีสูบน้ำ คลองบางไส้ไก่,105408,0.0,11.0,0.0117068913,105408,0.0,31.0,0.0352677216,105408,0.0,45.5,0.0704690346,105408,0.0,49.5,0.1411135777,105408,0.0,74.0,0.4281601017,105408,0.0,74.5,0.8594034608,105408,0.0,74.5,1.7327954235,105408,0.0,75.0,3.4983208106,2024,rain
RF.KSW.01,105408,2024-01-01T00:00:00.000,2024-12-31T23:55:00.000,105408,สำนักงานเขตคลองสามวา,105408,0.0,12.0,0.0131821114,105408,0.0,25.5,0.0395463342,105408,0.0,29.5,0.0790926685,105408,0.0,47.0,0.158185337,105408,0.0,77.0,0.4745560109,105408,0.0,91.5,0.9491120219,105408,0.0,91.5,1.8982240437,105408,0.0,91.5,3.7964480874,2024,rain
RF.KSW.02,105408,2024-01-01T00:00:00.000,2024-12-31T23:55:00.000,105408,ประตูระบายน้ำ คลองสามวา,103910,0.0,11.5,0.0142960254,103910,0.0,29.5,0.0428110865,103910,0.0,43.0,0.0855836782,103910,0.0,58.0,0.1711288615,103910,0.0,77.0,0.5133480897,103910,0.0,91.5,1.0266191897,103910,0.0,91.5,2.0531613897,103910,0.0,98.5,4.1063227793,2024,rain
RF.KSW.03,105408,2024-01-01T00:00:00.000,2024-12-31T23:55:00.000,105408,จุดวัดคลองเก้า ตอนวัดศรีสุขสถาพร,105408,0.0,9.5,0.0106917881,105408,0.0,28.0,0.0320753643,105408,0.0,46.0,0.0641507286,105408,0.0,56.0,0.1283014572,105408,0.0,72.0,0.3849043716,105408,0.0,74.0,0.7698087432,105408,0.0,74.0,1.5396174863,105408,0.0,74.5,3.0792349727,2024,rain
RF.KTY.01,105408,2024-01-01T00:00:00.000,2024-12-31T23:55:00.000,105408,สำนักงานเขตคลองเตย,105408,0.0,11.5,0.0151553962,105408,0.0,28.5,0.0454661885,105408,0.0,51.0,0.090932377,105408,0.0,75.5,0.1818647541,105408,0.0,93.0,0.5455942623,105408,0.0,99.0,1.0911885246,105408,0.0,99.5,2.1823770492,105408,0.0,99.5,4.3647540984,2024,rain
RF.KTY.02,105408,2024-01-01T00:00:00.000,2024-12-31T23:55:00.000,105408,สถานีสูบน้ำ พระราม 4,105408,0.0,13.0,0.0145529751,105408,0.0,36.0,0.0434170082,105408,0.0,55.0,0.0866774818,105408,0.0,77.5,0.1732126594,105408,0.0,92.5,0.519315422,105408,0.0,98.0,1.0385502049,105408,0.0,98.5,2.077162075,105408,0.0,98.5,4.1546372192,2024,rain
RF.KTY.03,105408,2024-01-01T00:00:00.000,2024-12-31T23:55:00.000,105408,สถานีสูบน้ำ พระโขนง,105408,0.0,11.0,0.0143395188,105408,0.0,26.5,0.0430185565,105408,0.0,46.0,0.0860371129,105408,0.0,66.0,0.1720742259,105408,0.0,80.5,0.5162226776,105408,0.0,86.0,1.0324453552,105408,0.0,86.5,2.0648907104,105408,0.0,93.0,4.1297814208,2024,rain
RF.KTY.04,105408,2024-01-01T00:00:00.000,2024-12-31T23:55:00.000,105408,สถานีสูบน้ำ คลองเตย,105408,0.0,13.0,0.017109707,105408,0.0,35.0,0.0513291211,105408,0.0,59.0,0.1026582423,105408,0.0,88.0,0.2053164845,105408,0.0,107.5,0.6159494536,105408,0.0,114.5,1.2318989071,105408,0.0,115.0,2.4637978142,105408,0.0,115.0,4.9275956284,2024,rain
RF.KTY.05,105408,2024-01-01T00:00:00.000,2024-12-31T23:55:00.000,105408,สถานีวัดน้ำฝน อุทยานเบญจสิริ,105408,0.0,12.0,0.0145245143,105408,0.0,30.5,0.0435735428,105408,0.0,41.5,0.0871470856,105408,0.0,54.5,0.1742941712,105408,0.0,58.0,0.5228825137,105408,0.0,58.0,1.0457650273,105408,0.0,67.0,2.0915300546,105408,0.0,82.5,4.1830601093,2024,rain
RF.LKB.02,105408,2024-01-01T00:00:00.000,2024-12-31T23:55:00.000,105408,ประตูระบายน้ำ คลองประเวศบุรีรมย์ ตอนลาดกระบัง,105408,0.0,13.5,0.0138841454,105408,0.0,30.5,0.0416524362,105408,0.0,47.5,0.0833048725,105408,0.0,62.5,0.166609745,105408,0.0,94.5,0.499829235,105408,0.0,96.0,0.9996584699,105408,0.0,96.0,1.9993169399,105408,0.0,96.0,3.9986338798,2024,rain
RF.LKB.03,105408,2024-01-01T00:00:00.000,2024-12-31T23:55:00.000,105408,จุดวัดคลองประเวศบุรีรมย์ ตอน รพ.ลาดกระบัง,105408,0.0,12.0,0.0137370978,105408,0.0,32.0,0.0411923194,105408,0.0,51.0,0.0823798953,105408,0.0,70.5,0.1647550471,105408,0.0,103.0,0.4942271934,105408,0.0,105.0,0.9884211825,105408,0.0,105.0,1.9768423649,105408,0.0,105.0,3.9536325516,2024,rain
RF.LKB.04,105408,2024-01-01T00:00:00.000,2024-12-31T23:55:00.000,105408,จุดวัดคลองประเวศบุรีรมย์ ตอนถนนร่วมพัฒนา,105408,0.0,11.0,0.011412796,105408,0.0,28.0,0.034238388,105408,0.0,39.0,0.068476776,105408,0.0,62.0,0.1369535519,105408,0.0,72.0,0.4108606557,105408,0.0,78.0,0.8217213115,105408,0.0,78.0,1.643442623,105408,0.0,78.0,3.2868852459,2024,rain
RF.LPW.01,105408,2024-01-01T00:00:00.000,2024-12-31T23:55:00.000,105408,สำนักงานเขตลาดพร้าว,105408,0.0,11.5,0.008775425,105408,0.0,27.5,0.026326275,105408,0.0,45.5,0.0526525501,105408,0.0,62.0,0.1053051002,105408,0.0,83.5,0.3159153005,105408,0.0,84.5,0.6318306011,105408,0.0,84.5,1.2636612022,105408,0.0,84.5,2.5273224044,2024,rain
RF.LSI.01,105408,2024-01-01T00:00:00.000,2024-12-31T23:55:00.000,105408,สำนักงานเขตหลักสี่,105408,0.0,11.5,0.0113938221,105408,0.0,22.0,0.0341814663,105408,0.0,39.5,0.0683629326,105408,0.0,49.0,0.1367258652,105408,0.0,53.5,0.4101775956,105408,0.0,56.5,0.8203551913,105408,0.0,58.5,1.6407103825,105408,0.0,83.0,3.281420765,2024,rain
RF.LSI.02,105408,2024-01-01T00:00:00.000,2024-12-31T23:55:00.000,105408,สถานีสูบน้ำ คลองตาอูฐ,80799,0.0,23.5,0.0175311576,80799,0.0,61.0,0.0525934727,80799,0.0,79.5,0.1051869454,80799,0.0,82.0,0.2103738908,80799,0.0,86.0,0.6311216723,80799,0.0,88.0,1.2622433446,80799,0.0,88.0,2.5244866892,80799,0.0,100.5,5.0489733784,2024,rain
RF.LSI.03,105408,2024-01-01T00:00:00.000,2024-12-31T23:55:00.000,105408,จุดวัดศูนย์ราชการ-ถนนแจ้งวัฒนะ,105408,0.0,11.5,0.0134192851,105408,0.0,26.0,0.0402578552,105408,0.0,38.0,0.0805157104,105408,0.0,56.0,0.1610314208,105408,0.0,61.0,0.4830942623,105408,0.0,61.5,0.9661885246,105408,0.0,64.0,1.9323770492,105408,0.0,94.5,3.8647540984,2024,rain
RF.MBR.01,105408,2024-01-01T00:00:00.000,2024-12-31T23:55:00.000,105408,สำนักงานเขตมีนบุรี,105408,0.0,10.5,0.0123709775,105408,0.0,25.5,0.0371129326,105408,0.0,41.5,0.0742258652,105408,0.0,58.0,0.1484517304,105408,0.0,58.5,0.4453551913,105408,0.0,58.5,0.8907103825,105408,0.0,58.5,1.781420765,105408,0.0,58.5,3.5628415301,2024,rain
RF.MBR.02,105408,2024-01-01T00:00:00.000,2024-12-31T23:55:00.000,105408,ประตูระบายน้ำ คลองแสนแสบ ตอนถนนประชาร่วมใจ,105408,0.0,13.5,0.0152265483,105408,0.0,36.0,0.0456796448,105408,0.0,61.5,0.0913592896,105408,0.0,75.5,0.1827185792,105408,0.0,94.5,0.5481557377,105408,0.0,94.5,1.0963114754,105408,0.0,94.5,2.1926229508,105408,0.0,95.5,4.3852459016,2024,rain
RF.MBR.03,105408,2024-01-01T00:00:00.000,2024-12-31T23:55:00.000,105408,ประตูระบายน้ำ คลองบึงขวาง,84804,0.0,9.5,0.0163258809,84804,0.0,26.5,0.0489776426,84804,0.0,48.0,0.0979552851,84804,0.0,75.0,0.1959105703,84804,0.0,81.0,0.5877317108,84804,0.0,85.0,1.1752688552,84804,0.0,85.0,2.3503077685,84804,0.0,85.0,4.6990884864,2024,rain
RF.MBR.05,105408,2024-01-01T00:00:00.000,2024-12-31T23:55:00.000,105408,จุดวัดคลองบึงใหญ่ ตอนวัดทองสัมฤทธิ์,105408,0.0,17.0,0.0154210307,105408,0.0,49.0,0.0462346311,105408,0.0,80.0,0.0924408015,105408,0.0,106.0,0.1848768594,105408,0.0,117.0,0.5544360959,105408,0.0,121.0,1.108763092,105408,0.0,121.0,2.217426571,105408,0.0,121.0,4.4346586597,2024,rain
RF.NJK.01,105408,2024-01-01T00:00:00.000,2024-12-31T23:55:00.000,105408,สำนักงานเขตหนองจอก,105408,0.0,24.0,0.0139790149,105408,0.0,45.5,0.0419370446,105408,0.0,60.0,0.0838740893,105408,0.0,73.5,0.1677481785,105408,0.0,84.0,0.5032445355,105408,0.0,84.0,1.006489071,105408,0.0,84.5,2.0129781421,105408,0.0,86.0,4.0259562842,2024,rain
RF.NJK.02,105408,2024-01-01T00:00:00.000,2024-12-31T23:55:00.000,105408,สถานีสูบน้ำ คลองแสนแสบ หนองจอก,105408,0.0,13.0,0.0124421296,105408,0.0,31.5,0.0373263889,105408,0.0,54.0,0.0746527778,105408,0.0,86.0,0.1493055556,105408,0.0,98.0,0.4479166667,105408,0.0,99.0,0.8958333333,105408,0.0,99.0,1.7916666667,105408,0.0,99.0,3.5833333333,2024,rain
RF.NJK.03,105408,2024-01-01T00:00:00.000,2024-12-31T23:55:00.000,105408,จุดวัดคลองสิบสอง ตอนถนนประชาสำราญ,105408,0.0,14.0,0.0145055404,105408,0.0,37.5,0.0434170082,105408,0.0,69.0,0.0866490209,105408,0.0,102.5,0.1732411202,105408,0.0,124.5,0.5191256831,105408,0.0,127.0,1.037919323,105408,0.0,127.0,2.0755350638,105408,0.0,127.0,4.1506764192,2024,rain
RF.NJK.04,105408,2024-01-01T00:00:00.000,2024-12-31T23:55:00.000,105408,ประตูระบายน้ำ คลองสิบสาม,105394,0.0,12.0,0.0141042185,105394,0.0,30.0,0.0423031672,105394,0.0,56.5,0.0846158225,105394,0.0,88.5,0.1692363892,105394,0.0,100.0,0.5075194034,105394,0.0,102.0,1.0151716416,105394,0.0,102.0,2.0304618859,105394,0.0,102.5,4.061440879,2024,rain
RF.NJK.05,105408,2024-01-01T00:00:00.000,2024-12-31T23:55:00.000,105408,ประตูระบายน้ำ คลองหลวงแพ่ง,105408,0.0,12.0,0.0122002125,105408,0.0,33.5,0.0365911506,105408,0.0,50.5,0.0731775577,105408,0.0,64.5,0.1463503719,105408,0.0,75.5,0.4390416287,105408,0.0,85.0,0.8781354356,105408,0.0,96.5,1.7562424104,105408,0.0,102.0,3.5134667198,2024,rain
RF.NJK.06,105408,2024-01-01T00:00:00.000,2024-12-31T23:55:00.000,105408,จุดวัดคลองลำผักชี ตอนโรงเรียนลำผักชี,105408,0.0,11.5,0.0146193837,105408,0.0,32.5,0.0438486642,105408,0.0,51.5,0.0876783546,105408,0.0,79.5,0.1753377353,105408,0.0,103.5,0.525975258,105408,0.0,107.5,1.0519315422,105408,0.0,107.5,2.1038441105,105408,0.0,107.5,4.2076692471,2024,rain
RF.NJK.07,105408,2024-01-01T00:00:00.000,2024-12-31T23:55:00.000,105408,จุดวัดคลองแสนแสบ ตอนวัดทรัพย์สโมสรนิกรเกษม,105408,0.0,11.0,0.0148043792,105408,0.0,26.0,0.0444036506,105408,0.0,40.5,0.0888120446,105408,0.0,70.0,0.1776146023,105408,0.0,72.5,0.5328200896,105408,0.0,72.5,1.0656496661,105408,0.0,93.0,2.1312329235,105408,0.0,96.5,4.2623804645,2024,rain
RF.NKM.01,105408,2024-01-01T00:00:00.000,2024-12-31T23:55:00.000,105408,สำนักงานเขตหนองแขม,105408,0.0,9.0,0.0103123103,105408,0.0,19.5,0.0309369308,105408,0.0,31.0,0.0618738616,105408,0.0,38.5,0.1237477231,105408,0.0,50.5,0.3712431694,105408,0.0,51.5,0.7424863388,105408,0.0,51.5,1.4849726776,105408,0.0,81.0,2.9699453552,2024,rain
RF.NKM.02,105408,2024-01-01T00:00:00.000,2024-12-31T23:55:00.000,105408,จุดวัดคลองทวีวัฒนา ตอนคลองภาษีเจริญ,105408,0.0,11.0,0.013258007,105408,0.0,23.0,0.0397740209,105408,0.0,35.5,0.0795480419,105408,0.0,53.0,0.1590960838,105408,0.0,77.0,0.4772882514,105408,0.0,79.5,0.9545765027,105408,0.0,80.5,1.9091530055,105408,0.0,81.0,3.8183060109,2024,rain
RF.NKM.03,105408,2024-01-01T00:00:00.000,2024-12-31T23:55:00.000,105408,จุดวัดคลองภาษีเจริญ ตอนคลองมหาศร,0,,,,0,,,,0,,,,0,,,,0,,,,0,,,,0,,,,0,,,,2024,rain
RF.PKN.01,105408,2024-01-01T00:00:00.000,2024-12-31T23:55:00.000,105408,สำนักงานเขตพระโขนง,105408,0.0,16.0,0.0186086445,105408,0.0,42.0,0.0558259335,105408,0.0,60.0,0.111651867,105408,0.0,81.5,0.2233037341,105408,0.0,96.5,0.6699112022,105408,0.0,102.5,1.3398224044,105408,0.0,103.0,2.6796448087,105408,0.0,118.5,5.3592896175,2024,rain
RF.PKN.02,105408,2024-01-01T00:00:00.000,2024-12-31T23:55:00.000,105408,สถานีสูบน้ำ คลองเจ็ก,105408,0.0,10.0,0.014401184,105408,0.0,27.5,0.0432035519,105408,0.0,45.0,0.0864071038,105408,0.0,67.0,0.1728142077,105408,0.0,69.5,0.518442623,105408,0.0,69.5,1.0368852459,105408,0.0,70.0,2.0737704918,105408,0.0,79.5,4.1475409836,2024,rain
RF.PKN.03,105408,2024-01-01T00:00:00.000,2024-12-31T23:55:00.000,105408,สถานีสูบน้ำ บางอ้อ,105408,0.0,14.5,0.0151696266,105408,0.0,30.0,0.0455088798,105408,0.0,45.5,0.0910177596,105408,0.0,61.0,0.1820355191,105408,0.0,65.5,0.5461065574,105408,0.0,66.0,1.0922131148,105408,0.0,66.0,2.1844262295,105408,0.0,87.0,4.368852459,2024,rain
RF.PKN.04,105408,2024-01-01T00:00:00.000,2024-12-31T23:55:00.000,105408,สถานีสูบน้ำ บางจาก,105408,0.0,11.0,0.0149182225,105408,0.0,27.0,0.0446408242,105408,0.0,42.5,0.0892247268,105408,0.0,62.0,0.1783925319,105408,0.0,65.5,0.5350637523,105408,0.0,65.5,1.0700705829,105408,0.0,66.0,2.1400842441,105408,0.0,78.5,4.2801115665,2024,rain
RF.PNK.01,105408,2024-01-01T00:00:00.000,2024-12-31T23:55:00.000,105408,สำนักงานเขตพระนคร,105408,0.0,15.0,0.0153451351,105408,0.0,30.5,0.0460354053,105408,0.0,49.0,0.0920708106,105408,0.0,68.0,0.1841416211,105408,0.0,68.0,0.5524248634,105408,0.0,68.0,1.1048497268,105408,0.0,76.0,2.2096994536,105408,0.0,116.0,4.4193989071,2024,rain
RF.PNK.02,105408,2024-01-01T00:00:00.000,2024-12-31T23:55:00.000,105408,สถานีสูบน้ำ เทเวศร์,105408,0.0,16.0,0.0185706967,105408,0.0,34.0,0.0556931163,105408,0.0,52.0,0.1113767456,105408,0.0,62.0,0.2227440043,105408,0.0,67.0,0.6688723816,105408,0.0,69.0,1.3395994611,105408,0.0,79.5,2.6801713342,105408,0.0,134.5,5.3630322177,2024,rain
RF.PNK.03,105408,2024-01-01T00:00:00.000,2024-12-31T23:55:00.000,105408,ปากคลองตลาด,105408,0.0,10.5,0.0105115361,105408,0.0,24.0,0.0315346084,105408,0.0,43.0,0.0630692168,105408,0.0,70.0,0.1261384335,105408,0.0,71.0,0.3784153005,105408,0.0,71.0,0.7568306011,105408,0.0,74.5,1.5136612022,105408,0.0,76.5,3.0273224044,2024,rain
RF.PPS.01,105408,2024-01-01T00:00:00.000,2024-12-31T23:55:00.000,105408,สำนักงานเขตป้อมปราบศัตรูพ่าย,105408,0.0,11.5,0.0144581056,105408,0.0,24.0,0.0433743169,105408,0.0,47.0,0.0867486339,105408,0.0,60.0,0.1734972678,105408,0.0,64.5,0.5204918033,105408,0.0,65.5,1.0409836066,105408,0.0,67.0,2.0819672131,105408,0.0,87.0,4.1639344262,2024,rain
RF.PSC.01,105408,2024-01-01T00:00:00.000,2024-12-31T23:55:00.000,105408,สำนักงานเขตภาษีเจริญ,105408,0.0,12.5,0.0141972146,105408,0.0,30.5,0.0425916439,105408,0.0,47.0,0.0851832878,105408,0.0,75.5,0.1703665756,105408,0.0,81.0,0.5110997268,105408,0.0,82.0,1.0221994536,105408,0.0,82.5,2.0443989071,105408,0.0,82.5,4.0887978142,2024,rain
RF.PSC.03,105408,2024-01-01T00:00:00.000,2024-12-31T23:55:00.000,105408,จุดวัดคลองบางเชือกหนัง ตอนถนนพุทธมณฑลสาย 1,105408,0.0,13.0,0.0131204463,105408,0.0,24.0,0.0393613388,105408,0.0,38.5,0.0787226776,105408,0.0,55.5,0.1574453552,105408,0.0,59.0,0.4723360656,105408,0.0,60.5,0.9446721311,105408,0.0,61.5,1.8893442623,105408,0.0,66.5,3.7786885246,2024,rain
RF.PSC.04,105408,2024-01-01T00:00:00.000,2024-12-31T23:55:00.000,105408,สถานีสูบน้ำ คลองภาษีเจริญ,105408,0.0,9.5,0.012987629,105408,0.0,26.5,0.0389439132,105408,0.0,42.0,0.0778783394,105408,0.0,57.5,0.1557471919,105408,0.0,60.0,0.4672226017,105408,0.0,60.5,0.9344357165,105408,0.0,62.0,1.868861946,105408,0.0,67.0,3.737714405,2024,rain
RF.PSC.05,105408,2024-01-01T00:00:00.000,2024-12-31T23:55:00.000,105408,จุดวัดคลองบางเชือกหนัง ตอนวัดปากน้ำฝั่งใต้,105408,0.0,13.5,0.0137370978,105408,0.0,31.0,0.0410215543,105408,0.0,51.0,0.0819482392,105408,0.0,64.0,0.163801609,105408,0.0,65.5,0.491224575,105408,0.0,65.5,0.9823447936,105408,0.0,65.5,1.9645899742,105408,0.0,107.5,3.9290803355,2024,rain
RF.PTW.01,105408,2024-01-01T00:00:00.000,2024-12-31T23:55:00.000,105408,สำนักงานเขตปทุมวัน,105408,0.0,11.5,0.0105779447,105408,0.0,19.0,0.0317338342,105408,0.0,32.0,0.0634676685,105408,0.0,37.0,0.126935337,105408,0.0,38.5,0.3808060109,105408,0.0,40.0,0.7616120219,105408,0.0,41.5,1.5232240437,105408,0.0,44.0,3.0464480874,2024,rain
RF.PTW.02,105408,2024-01-01T00:00:00.000,2024-12-31T23:55:00.000,105408,สถานีสูบน้ำ คลองอรชร,105408,0.0,12.0,0.0137465847,105408,0.0,28.0,0.0412018063,105408,0.0,44.0,0.0823846387,105408,0.0,65.0,0.1647503036,105408,0.0,71.0,0.494212963,105408,0.0,72.0,0.988406952,105408,0.0,72.0,1.9767949302,105408,0.0,72.0,3.9535708865,2024,rain
RF.PWT.01,105408,2024-01-01T00:00:00.000,2024-12-31T23:55:00.000,105408,สำนักงานเขตประเวศ,105408,0.0,9.5,0.0143584927,105408,0.0,24.0,0.0430754781,105408,0.0,40.0,0.0861509563,105408,0.0,68.5,0.1723019126,105408,0.0,85.0,0.5169057377,105408,0.0,87.0,1.0338114754,105408,0.0,87.0,2.0676229508,105408,0.0,90.0,4.1352459016,2024,rain
RF.PWT.02,105408,2024-01-01T00:00:00.000,2024-12-31T23:55:00.000,105408,ประตูระบายน้ำ คลองประเวศบุรีรมย์ ตอนวัดกระทุ่มเสือปลา,105408,0.0,9.5,0.0137608151,105408,0.0,25.0,0.0412444976,105408,0.0,39.0,0.0824700213,105408,0.0,62.0,0.1649210686,105408,0.0,75.0,0.494725258,105408,0.0,76.5,0.9894315422,105408,0.0,76.5,1.9788441105,105408,0.0,88.0,3.9576692471,2024,rain
RF.PWT.03,105408,2024-01-01T00:00:00.000,2024-12-31T23:55:00.000,105408,จุดวัดบึงหนองบอน,105408,0.0,10.5,0.0143774666,105408,0.0,28.0,0.0430327869,105408,0.0,45.5,0.0859896782,105408,0.0,58.0,0.1718844869,105408,0.0,67.5,0.5154637219,105408,0.0,71.5,1.0308610352,105408,0.0,72.5,2.0615987401,105408,0.0,85.0,4.12307415,2024,rain
RF.PYT.01,105408,2024-01-01T00:00:00.000,2024-12-31T23:55:00.000,105408,สำนักงานเขตพญาไท,105408,0.0,11.5,0.0152360352,105408,0.0,32.0,0.0457081056,105408,0.0,47.5,0.0914162113,105408,0.0,57.0,0.1828324226,105408,0.0,72.5,0.5484972678,105408,0.0,76.0,1.0969945355,105408,0.0,76.5,2.193989071,105408,0.0,79.5,4.3879781421,2024,rain
RF.PYT.02,105121,2024-01-01T00:00:00.000,2024-12-31T00:00:00.000,105121,จุดวัดคลองสามเสน ตอนถนนพระรามที่ 6,105121,0.0,13.5,0.0124570733,105121,0.0,26.5,0.0373712198,105121,0.0,37.0,0.0747424397,105121,0.0,45.0,0.1494848793,105121,0.0,46.0,0.448454638,105121,0.0,46.0,0.896909276,105121,0.0,46.0,1.793818552,105121,0.0,52.5,3.5876371039,2024,rain
RF.RBN.01,105408,2024-01-01T00:00:00.000,2024-12-31T23:55:00.000,105408,สำนักงานเขตราษฎร์บูรณะ,105408,0.0,11.0,0.0138888889,105408,0.0,28.5,0.0416666667,105408,0.0,48.0,0.0833333333,105408,0.0,75.0,0.1666666667,105408,0.0,91.5,0.5,105408,0.0,100.0,1.0,105408,0.0,100.5,2.0,105408,0.0,100.5,4.0,2024,rain
RF.RBN.02,105408,2024-01-01T00:00:00.000,2024-12-31T23:55:00.000,105408,สถานีสูบน้ำ คลองแจงร้อน,105408,0.0,9.5,0.0130208333,105408,0.0,23.5,0.038981861,105408,0.0,29.0,0.0779162872,105408,0.0,48.0,0.1557946266,105408,0.0,63.0,0.4674645188,105408,0.0,69.5,0.9347155814,105408,0.0,70.0,1.8691418109,105408,0.0,70.0,3.7379942699,2024,rain
RF.RTW.01,105408,2024-01-01T00:00:00.000,2024-12-31T23:55:00.000,105408,สำนักงานเขตราชเทวี,105408,0.0,10.5,0.0126745598,105408,0.0,23.5,0.0380236794,105408,0.0,33.0,0.0760473588,105408,0.0,47.5,0.1520947177,105408,0.0,51.5,0.456284153,105408,0.0,53.0,0.912568306,105408,0.0,53.0,1.825136612,105408,0.0,53.5,3.650273224,2024,rain
RF.RTW.02,105408,2024-01-01T00:00:00.000,2024-12-31T23:55:00.000,105408,จุดวัดคลองสามเสน ตอน รพ.พระมงกุฎเกล้า,0,,,,0,,,,0,,,,0,,,,0,,,,0,,,,0,,,,0,,,,2024,rain
RF.RTW.03,105408,2024-01-01T00:00:00.000,2024-12-31T23:55:00.000,105408,อาคารรับน้ำบึงมักกะสัน,105408,0.0,13.5,0.0150652702,105408,0.0,33.0,0.0451958106,105408,0.0,56.5,0.0903916211,105408,0.0,71.0,0.1807832423,105408,0.0,76.0,0.5423497268,105408,0.0,77.0,1.0846994536,105408,0.0,77.0,2.1693989071,105408,0.0,77.0,4.3387978142,2024,rain
RF.SLG.01,105408,2024-01-01T00:00:00.000,2024-12-31T23:55:00.000,105408,สำนักงานเขตสวนหลวง,105408,0.0,8.0,0.0134999241,105408,0.0,23.5,0.0404997723,105408,0.0,34.0,0.0809995446,105408,0.0,51.0,0.1619990893,105408,0.0,80.0,0.4859972678,105408,0.0,85.0,0.9719945355,105408,0.0,85.0,1.943989071,105408,0.0,85.5,3.8879781421,2024,rain
RF.SLG.02,105408,2024-01-01T00:00:00.000,2024-12-31T23:55:00.000,105408,จุดวัดคลองประเวศบุรีรมย์ ตอนวัดขจรศิริ,105408,0.0,11.0,0.0133908242,105408,0.0,27.5,0.0401724727,105408,0.0,37.5,0.0803449454,105408,0.0,56.5,0.1606898907,105408,0.0,65.0,0.4820696721,105408,0.0,69.5,0.9641393443,105408,0.0,70.0,1.9282786885,105408,0.0,89.5,3.856557377,2024,rain
RF.SMI.01,105408,2024-01-01T00:00:00.000,2024-12-31T23:55:00.000,105408,สำนักงานเขตสายไหม,105408,0.0,11.0,0.0153498786,105408,0.0,26.0,0.0460496357,105408,0.0,40.0,0.0920992714,105408,0.0,70.0,0.1841985428,105408,0.0,91.5,0.5525956284,105408,0.0,93.0,1.1051912568,105408,0.0,93.0,2.2103825137,105408,0.0,97.5,4.4207650273,2024,rain
RF.SMI.02,105408,2024-01-01T00:00:00.000,2024-12-31T23:55:00.000,105408,ประตูระบายน้ำ คลองสองสายใต้,105408,0.0,15.5,0.0133765938,105408,0.0,25.0,0.0401297814,105408,0.0,37.0,0.0802595628,105408,0.0,47.5,0.1605191257,105408,0.0,55.0,0.481557377,105408,0.0,58.0,0.9631147541,105408,0.0,98.0,1.9262295082,105408,0.0,114.5,3.8524590164,2024,rain
RF.SMI.03,105408,2024-01-01T00:00:00.000,2024-12-31T23:55:00.000,105408,ประตูระบายน้ำ คลองพระยาสุเรนทร์,105408,0.0,26.5,0.015444748,105408,0.0,29.5,0.0463342441,105408,0.0,54.0,0.0926684882,105408,0.0,72.5,0.1853369763,105408,0.0,78.0,0.556010929,105408,0.0,78.0,1.1120218579,105408,0.0,81.5,2.2240437158,105408,0.0,94.0,4.4480874317,2024,rain
RF.SMI.04,105408,2024-01-01T00:00:00.000,2024-12-31T23:55:00.000,105408,จุดวัดซอยแอนเน็กซ์,105408,0.0,10.5,0.0152502656,105408,0.0,28.5,0.0457507969,105408,0.0,47.5,0.0915015938,105408,0.0,63.0,0.1830031876,105408,0.0,68.5,0.5490095628,105408,0.0,75.0,1.0980191257,105408,0.0,102.5,2.1960382514,105408,0.0,128.0,4.3920765027,2024,rain
RF.SPK.01,105408,2024-01-01T00:00:00.000,2024-12-31T23:55:00.000,105408,สถานีสูบน้ำ คลองสำโรง,105408,0.0,12.5,0.0142067016,105408,0.0,30.5,0.0426201047,105408,0.0,49.5,0.0852402095,105408,0.0,59.0,0.1704804189,105408,0.0,64.0,0.5114412568,105408,0.0,70.0,1.0228825137,105408,0.0,118.0,2.0457650273,105408,0.0,125.5,4.0915300546,2024,rain
RF.SPS.01,105408,2024-01-01T00:00:00.000,2024-12-31T23:55:00.000,105408,สำนักงานเขตสะพานสูง,105408,0.0,10.0,0.0131062158,105408,0.0,24.5,0.0393186475,105408,0.0,35.0,0.0786372951,105408,0.0,60.5,0.1572745902,105408,0.0,127.0,0.4718237705,105408,0.0,132.5,0.943647541,105408,0.0,132.5,1.887295082,105408,0.0,132.5,3.7745901639,2024,rain
RF.SPS.02,105408,2024-01-01T00:00:00.000,2024-12-31T23:55:00.000,105408,ประตูระบายน้ำ คลองแสนแสบ ตอนบางชัน,105408,0.0,12.0,0.0117970173,105408,0.0,22.0,0.0353910519,105408,0.0,33.0,0.0707821038,105408,0.0,47.5,0.1415642077,105408,0.0,103.0,0.424692623,105408,0.0,106.0,0.8493852459,105408,0.0,106.0,1.6987704918,105408,0.0,106.0,3.3975409836,2024,rain
RF.SPW.01,105408,2024-01-01T00:00:00.000,2024-12-31T23:55:00.000,105408,บ่อสูบน้ำ ท่าน้ำสวัสดี,105408,0.0,12.5,0.0148233531,105408,0.0,27.5,0.0444700592,105408,0.0,42.5,0.0889401184,105408,0.0,76.0,0.1778802368,105408,0.0,79.0,0.5336407104,105408,0.0,80.0,1.0672814208,105408,0.0,81.5,2.1345628415,105408,0.0,83.5,4.2691256831,2024,rain
RF.STN.01,105408,2024-01-01T00:00:00.000,2024-12-31T23:55:00.000,105408,สำนักงานเขตสาทร,105408,0.0,11.5,0.014752201,105408,0.0,28.5,0.0442566029,105408,0.0,40.0,0.0885132058,105408,0.0,52.5,0.1770264117,105408,0.0,53.5,0.531079235,105408,0.0,60.0,1.0621584699,105408,0.0,74.0,2.1243169399,105408,0.0,74.5,4.2486338798,2024,rain
RF.STN.02,105408,2024-01-01T00:00:00.000,2024-12-31T23:55:00.000,105408,สถานีสูบน้ำ คลองสาทร,105408,0.0,11.0,0.0135378719,105408,0.0,29.0,0.0406136157,105408,0.0,42.0,0.0812272313,105408,0.0,52.5,0.1624544627,105408,0.0,53.0,0.487363388,105408,0.0,53.0,0.974726776,105408,0.0,88.0,1.9494535519,105408,0.0,88.0,3.8989071038,2024,rain
RF.TBR.01,105408,2024-01-01T00:00:00.000,2024-12-31T23:55:00.000,105408,สำนักงานเขตธนบุรี,105408,0.0,9.5,0.0120721387,105408,0.0,24.5,0.0362164162,105408,0.0,45.0,0.0724328324,105408,0.0,58.5,0.1448656648,105408,0.0,59.0,0.4345969945,105408,0.0,59.5,0.8691939891,105408,0.0,61.0,1.7383879781,105408,0.0,76.5,3.4767759563,2024,rain
RF.TBR.02,105408,2024-01-01T00:00:00.000,2024-12-31T23:55:00.000,105408,สถานีสูบน้ำ คลองสำเหร่,105408,0.0,10.0,0.0118634259,105408,0.0,27.5,0.0355807908,105408,0.0,44.0,0.0711568382,105408,0.0,69.0,0.1423136764,105408,0.0,74.0,0.4269220553,105408,0.0,75.0,0.8538346236,105408,0.0,75.0,1.7076597602,105408,0.0,76.0,3.4153195203,2024,rain
RF.TBR.03,105408,2024-01-01T00:00:00.000,2024-12-31T23:55:00.000,105408,สถานีสูบน้ำ ดาวคะนอง,105407,0.0,12.5,0.0117070024,105407,0.0,32.5,0.0349122924,105407,0.0,60.0,0.0697439449,105407,0.0,82.5,0.1393598148,105407,0.0,88.5,0.417975087,105407,0.0,95.0,0.8357462028,105407,0.0,95.5,1.6713975353,105407,0.0,96.0,3.3425578946,2024,rain
RF.TKU.01,105408,2024-01-01T00:00:00.000,2024-12-31T23:55:00.000,105408,สำนักงานเขตทุ่งครุ,105408,0.0,13.5,0.0161942168,105408,0.0,24.5,0.0485826503,105408,0.0,39.0,0.0971653005,105408,0.0,56.0,0.1943306011,105408,0.0,67.0,0.5829918033,105408,0.0,75.0,1.1659836066,105408,0.0,76.5,2.3319672131,105408,0.0,93.0,4.6639344262,2024,rain
RF.TKU.02,105408,2024-01-01T00:00:00.000,2024-12-31T23:55:00.000,105408,ประตูระบายน้ำ คลองรางจาก ตอนถนนประชาอุทิศ,105408,0.0,13.5,0.0138272237,105408,0.0,35.0,0.0414816712,105408,0.0,44.0,0.0829633424,105408,0.0,52.5,0.1659266849,105408,0.0,57.5,0.4977800546,105408,0.0,61.5,0.9955601093,105408,0.0,62.0,1.9911202186,105408,0.0,66.5,3.9822404372,2024,rain
RF.TLC.01,105408,2024-01-01T00:00:00.000,2024-12-31T23:55:00.000,105408,สำนักงานเขตตลิ่งชัน,105408,0.0,16.5,0.0139315801,105408,0.0,38.0,0.0417947404,105408,0.0,45.0,0.0835894809,105408,0.0,57.0,0.1671789617,105408,0.0,61.0,0.5015368852,105408,0.0,62.0,1.0030737705,105408,0.0,62.0,2.006147541,105408,0.0,85.5,4.012295082,2024,rain
RF.TLC.02,105408,2024-01-01T00:00:00.000,2024-12-31T23:55:00.000,105408,ประตูระบายน้ำ คลองบัว ตอนทางรถไฟสายใต้,105408,0.0,12.0,0.0122429038,105408,0.0,33.0,0.0365010246,105408,0.0,47.0,0.0728882058,105408,0.0,60.5,0.1456625683,105408,0.0,60.5,0.4367600182,105408,0.0,64.5,0.8734061931,105408,0.0,70.0,1.7466985428,105408,0.0,70.0,3.4932832423,2024,rain
RF.TLC.03,105408,2024-01-01T00:00:00.000,2024-12-31T23:55:00.000,105408,สถานีสูบน้ำ คลองชักพระ,105408,0.0,15.5,0.0127884032,105408,0.0,38.5,0.0383652095,105408,0.0,46.0,0.0767304189,105408,0.0,46.5,0.1534608379,105408,0.0,48.5,0.4603825137,105408,0.0,51.5,0.9207650273,105408,0.0,56.5,1.8415300546,105408,0.0,100.0,3.6830601093,2024,rain
RF.TWW.01,105408,2024-01-01T00:00:00.000,2024-12-31T23:55:00.000,105408,สำนักงานเขตทวีวัฒนา,105408,0.0,12.5,0.0136517152,105408,0.0,30.5,0.0409551457,105408,0.0,49.0,0.0819102914,105408,0.0,66.0,0.1638205829,105408,0.0,71.0,0.4914617486,105408,0.0,71.5,0.9829234973,105408,0.0,71.5,1.9658469945,105408,0.0,83.0,3.9316939891,2024,rain
RF.TWW.02,105408,2024-01-01T00:00:00.000,2024-12-31T23:55:00.000,105408,ประตูระบายน้ำ คลองทวีวัฒนา,105408,0.0,9.0,0.0101225713,105408,0.0,23.5,0.030367714,105408,0.0,34.0,0.0607354281,105408,0.0,48.5,0.1214708561,105408,0.0,57.5,0.3644125683,105408,0.0,72.5,0.7288251366,105408,0.0,77.5,1.4576502732,105408,0.0,77.5,2.9153005464,2024,rain
RF.TWW.03,105408,2024-01-01T00:00:00.000,2024-12-31T23:55:00.000,105408,ประตูระบายน้ำ คลองขุนศรีบุรีรักษ์ ตอนคลองมหาสวัสดิ์,105408,0.0,29.5,0.0156819217,105408,0.0,36.0,0.047045765,105408,0.0,48.5,0.0940915301,105408,0.0,68.5,0.1881830601,105408,0.0,75.0,0.5645491803,105408,0.0,124.0,1.1290983607,105408,0.0,124.0,2.2581967213,105408,0.0,124.0,4.5163934426,2024,rain
RF.TWW.04,105408,2024-01-01T00:00:00.000,2024-12-31T23:55:00.000,105408,จุดวัดคลองทวีวัฒนา ตอนคลองบางเชือกหนัง,105408,0.0,11.5,0.0110475486,105408,0.0,22.5,0.0331284153,105408,0.0,33.5,0.0662426002,105408,0.0,46.5,0.1324709699,105408,0.0,50.0,0.397384449,105408,0.0,50.0,0.7947546676,105408,0.0,50.5,1.5894951047,105408,0.0,54.0,3.1789759791,2024,rain
RF.WTL.01,105408,2024-01-01T00:00:00.000,2024-12-31T23:55:00.000,105408,สำนักงานเขตวังทองหลาง,105408,0.0,10.0,0.0117590695,105408,0.0,25.0,0.0352772086,105408,0.0,38.0,0.0705544171,105408,0.0,46.0,0.1411088342,105408,0.0,53.0,0.4233265027,105408,0.0,55.5,0.8466530055,105408,0.0,56.5,1.6933060109,105408,0.0,56.5,3.3866120219,2024,rain
RF.WTL.02,105408,2024-01-01T00:00:00.000,2024-12-31T23:55:00.000,105408,ประตูระบายน้ำ คลองลาดพร้าว,105408,0.0,11.5,0.0126840468,105408,0.0,32.0,0.0380521403,105408,0.0,56.0,0.0761042805,105408,0.0,66.0,0.152208561,105408,0.0,89.5,0.4566256831,105408,0.0,91.5,0.9132513661,105408,0.0,91.5,1.8265027322,105408,0.0,91.5,3.6530054645,2024,rain
RF.WTL.03,105408,2024-01-01T00:00:00.000,2024-12-31T23:55:00.000,105408,สถานีสูบน้ำ คลองเจ้าคุณสิงห์,105408,0.0,12.0,0.0124421296,105408,0.0,24.5,0.0373263889,105408,0.0,39.5,0.0746527778,105408,0.0,49.0,0.1493055556,105408,0.0,61.0,0.4479166667,105408,0.0,63.5,0.8958333333,105408,0.0,64.0,1.7916666667,105408,0.0,64.0,3.5833333333,2024,rain
RF.WTN.01,105408,2024-01-01T00:00:00.000,2024-12-31T23:55:00.000,105408,สำนักงานเขตวัฒนา,105408,0.0,15.5,0.0149798877,105408,0.0,33.0,0.044939663,105408,0.0,43.0,0.089879326,105408,0.0,52.0,0.1797586521,105408,0.0,56.5,0.5392759563,105408,0.0,58.5,1.0785519126,105408,0.0,63.0,2.1571038251,105408,0.0,86.0,4.3142076503,2024,rain
RF.WTN.02,105408,2024-01-01T00:00:00.000,2024-12-31T23:55:00.000,105408,สถานีสูบน้ำ คลองแสนแสบตอนคลองตัน,105408,0.0,12.5,0.0130587811,105408,0.0,34.0,0.0391668564,105408,0.0,50.0,0.0783289693,105408,0.0,66.5,0.1566531952,105408,0.0,68.5,0.4699500987,105408,0.0,68.5,0.9398954539,105408,0.0,71.0,1.8797861642,105408,0.0,96.0,3.7595723285,2024,rain
RF.YNW.01,105408,2024-01-01T00:00:00.000,2024-12-31T23:55:00.000,105408,สำนักงานเขตยานนาวา,105408,0.0,12.5,0.0147284836,105408,0.0,29.5,0.0441854508,105408,0.0,52.0,0.0883709016,105408,0.0,74.5,0.1767418033,105408,0.0,88.0,0.5302254098,105408,0.0,94.0,1.0604508197,105408,0.0,94.5,2.1209016393,105408,0.0,94.5,4.2418032787,2024,rain
RF.YNW.02,105408,2024-01-01T00:00:00.000,2024-12-31T23:55:00.000,105408,สถานีสูบน้ำ คลองช่องนนทรี,105408,0.0,10.5,0.0148613009,105408,0.0,30.0,0.0445554417,105408,0.0,52.5,0.089096653,105408,0.0,78.5,0.1781790756,105408,0.0,93.5,0.5345087659,105408,0.0,99.5,1.0690033015,105408,0.0,100.0,2.1379923725,105408,0.0,100.0,4.2759705146,2024,rain
RF.YNW.03,105408,2024-01-01T00:00:00.000,2024-12-31T23:55:00.000,105408,ประตูระบายน้ำ คลองวัดด่าน,105408,0.0,8.5,0.0123093124,105408,0.0,20.5,0.0368472981,105408,0.0,31.0,0.0736471615,105408,0.0,44.0,0.1472468883,105408,0.0,48.0,0.4416600258,105408,0.0,49.0,0.8832963342,105408,0.0,49.0,1.766497799,105408,0.0,57.5,3.5332517456,2024,rain
RF.BBN.01,105120,2025-01-01T00:00:00.000,2025-12-31T23:55:00.000,105120,สำนักงานเขตบางบอน,105120,0.0,12.5,0.012124239,105120,0.0,24.0,0.0363727169,105120,0.0,33.0,0.0727454338,105120,0.0,48.0,0.1454908676,105120,0.0,54.0,0.4364726027,105120,0.0,55.5,0.8729452055,105120,0.0,55.5,1.745890411,105120,0.0,73.0,3.4917808219,2025,rain
RF.BBN.02,105120,2025-01-01T00:00:00.000,2025-12-31T23:55:00.000,105120,จุดวัดคลองบางบอน ตอนคลองสะแกงาม,105120,0.0,15.0,0.0133371385,105120,0.0,29.0,0.0398116438,105120,0.0,44.0,0.0795234018,105120,0.0,59.5,0.1586615297,105120,0.0,64.5,0.4729356925,105120,0.0,70.0,0.9446965373,105120,0.0,74.0,1.8877901446,105120,0.0,97.5,3.7743626332,2025,rain
RF.BKA.01,105120,2025-01-01T00:00:00.000,2025-12-31T23:55:00.000,105120,สำนักงานเขตบางเขน,105120,0.0,19.0,0.0165572679,105120,0.0,48.0,0.0496718037,105120,0.0,85.0,0.0993436073,105120,0.0,122.0,0.1986872146,105120,0.0,146.0,0.5960616438,105120,0.0,147.0,1.1921232877,105120,0.0,148.0,2.3842465753,105120,0.0,157.0,4.7684931507,2025,rain
RF.BKA.02,105120,2025-01-01T00:00:00.000,2025-12-31T23:55:00.000,105120,จุดวัดคลองบางบัว,105120,0.0,12.0,0.0140268265,105120,0.0,29.5,0.0420519406,105120,0.0,55.5,0.0840896119,105120,0.0,80.0,0.1681649543,105120,0.0,104.5,0.5044663242,105120,0.0,109.5,1.008918379,105120,0.0,109.5,2.0178224886,105120,0.0,110.5,4.0356592466,2025,rain
RF.BKE.01,105120,2025-01-01T00:00:00.000,2025-12-31T23:55:00.000,105120,สำนักงานเขตบางแค,105120,0.0,12.0,0.0139316971,105120,0.0,29.0,0.0417950913,105120,0.0,43.5,0.0835901826,105120,0.0,52.5,0.1671803653,105120,0.0,64.0,0.5015410959,105120,0.0,72.5,1.0030821918,105120,0.0,77.5,2.0061643836,105120,0.0,96.5,4.0123287671,2025,rain
RF.BKE.02,105120,2025-01-01T00:00:00.000,2025-12-31T23:55:00.000,105120,จุดวัดคลองราชมนตรี ตอนคลองภาษีเจริญ,105120,0.0,14.5,0.0154299848,105120,0.0,34.0,0.0459379756,105120,0.0,51.0,0.0917570396,105120,0.0,61.0,0.1832810122,105120,0.0,65.5,0.5493769026,105120,0.0,73.5,1.0985207382,105120,0.0,85.5,2.1968084094,105120,0.0,95.5,4.3933837519,2025,rain
RF.BKE.03,105120,2025-01-01T00:00:00.000,2025-12-31T23:55:00.000,105120,สถานีสูบน้ำคลองบางจาก,105120,0.0,15.5,0.0130136986,105120,0.0,34.5,0.0390410959,105120,0.0,48.5,0.0780821918,105120,0.0,57.5,0.1561643836,105120,0.0,75.5,0.4684931507,105120,0.0,82.0,0.9369863014,105120,0.0,85.5,1.8739726027,105120,0.0,99.0,3.7479452055,2025,rain
RF.BKE.04,105120,2025-01-01T00:00:00.000,2025-12-31T23:55:00.000,105120,บ่อสูบน้ำหมู่บ้านเศรษฐกิจ ซอย 26,105120,0.0,10.5,0.012804414,105120,0.0,30.0,0.038413242,105120,0.0,51.0,0.076826484,105120,0.0,70.0,0.153652968,105120,0.0,83.5,0.4609589041,105120,0.0,88.0,0.9219178082,105120,0.0,93.0,1.8438356164,105120,0.0,114.0,3.6876712329,2025,rain
RF.BKL.01,105120,2025-01-01T00:00:00.000,2025-12-31T23:55:00.000,105120,สำนักงานเขตบางคอแหลม,105120,0.0,13.5,0.0134370244,105120,0.0,31.0,0.0403110731,105120,0.0,48.0,0.0806221461,105120,0.0,53.5,0.1612442922,105120,0.0,61.0,0.4837328767,105120,0.0,61.0,0.9674657534,105120,0.0,61.0,1.9349315068,105120,0.0,88.5,3.8698630137,2025,rain
RF.BKL.02,105120,2025-01-01T00:00:00.000,2025-12-31T23:55:00.000,105120,สถานีสูบน้ำ คลองวัดไทร,105120,0.0,11.5,0.014711758,105120,0.0,31.5,0.044135274,105120,0.0,47.5,0.0882705479,105120,0.0,61.5,0.1765410959,105120,0.0,62.5,0.5296232877,105120,0.0,65.5,1.0592465753,105120,0.0,65.5,2.1184931507,105120,0.0,82.5,4.2369863014,2025,rain
RF.BKM.01,105120,2025-01-01T00:00:00.000,2025-12-31T23:55:00.000,105120,สำนักงานเขตบึงกุ่ม,105120,0.0,12.5,0.0157486682,105120,0.0,36.0,0.0472460046,105120,0.0,58.0,0.0944920091,105120,0.0,73.0,0.1889840183,105120,0.0,79.0,0.5669520548,105120,0.0,81.5,1.1339041096,105120,0.0,82.0,2.2678082192,105120,0.0,87.5,4.5356164384,2025,rain
RF.BKN.01,105120,2025-01-01T00:00:00.000,2025-12-31T23:55:00.000,105120,สำนักงานเขตบางกอกน้อย,105120,0.0,10.5,0.0144216134,105120,0.0,25.5,0.0432648402,105120,0.0,47.0,0.0865296804,105120,0.0,55.5,0.1730593607,105120,0.0,76.0,0.5191780822,105120,0.0,86.5,1.0383561644,105120,0.0,88.5,2.0767123288,105120,0.0,108.0,4.1534246575,2025,rain
RF.BKN.02,105120,2025-01-01T00:00:00.000,2025-12-31T23:55:00.000,105120,สถานีสูบน้ำ คลองมอญ,105120,0.0,20.0,0.015696347,105120,0.0,41.5,0.0470890411,105120,0.0,63.5,0.0941780822,105120,0.0,86.5,0.1883561644,105120,0.0,91.5,0.5650684932,105120,0.0,91.5,1.1301369863,105120,0.0,91.5,2.2602739726,105120,0.0,113.5,4.5205479452,2025,rain
RF.BKP.02,105120,2025-01-01T00:00:00.000,2025-12-31T23:55:00.000,105120,จุดวัดคลองแสนแสบ ตอนสำนักงานเขตบางกะปิ,105120,0.0,15.0,0.0175751522,105120,0.0,40.5,0.0527159437,105120,0.0,65.0,0.1054271309,105120,0.0,80.5,0.2108495053,105120,0.0,93.0,0.632539003,105120,0.0,99.0,1.2650732496,105120,0.0,99.5,2.5301417428,105120,0.0,102.5,5.0602787291,2025,rain
RF.BKT.01,105120,2025-01-01T00:00:00.000,2025-12-31T23:55:00.000,105120,สำนักงานเขตบางขุนเทียน,105120,0.0,13.5,0.0126093988,105120,0.0,33.0,0.0378281963,105120,0.0,54.5,0.0756563927,105120,0.0,81.5,0.1513127854,105120,0.0,96.5,0.4539383562,105120,0.0,98.0,0.9078767123,105120,0.0,98.0,1.8157534247,105120,0.0,98.5,3.6315068493,2025,rain
RF.BKT.02,105120,2025-01-01T00:00:00.000,2025-12-31T23:55:00.000,105120,สถานีสูบน้ำ คลองเลนเปน,105120,0.0,11.5,0.0118531202,105120,0.0,26.5,0.0354547184,105120,0.0,36.5,0.0708571157,105120,0.0,42.0,0.1416619102,105120,0.0,48.0,0.4248810883,105120,0.0,50.0,0.8497098554,105120,0.0,52.5,1.6993673896,105120,0.0,71.0,3.3986824581,2025,rain
RF.BKT.03,105120,2025-01-01T00:00:00.000,2025-12-31T23:55:00.000,105120,สถานีสูบน้ำ คลองระหาญ,105120,0.0,13.0,0.0142028158,105120,0.0,29.0,0.0426084475,105120,0.0,35.5,0.085216895,105120,0.0,44.0,0.17043379,105120,0.0,50.0,0.5113013699,105120,0.0,69.5,1.0226027397,105120,0.0,74.0,2.0452054795,105120,0.0,80.5,4.0904109589,2025,rain
RF.BKT.04,105120,2025-01-01T00:00:00.000,2025-12-31T23:55:00.000,105120,สถานีสูบน้ำ คลองพระยาราชมนตรี,105120,0.0,21.0,0.0118864155,105120,0.0,23.5,0.0356592466,105120,0.0,37.5,0.0713184932,105120,0.0,57.0,0.1426369863,105120,0.0,74.0,0.4279109589,105120,0.0,74.0,0.8558219178,105120,0.0,74.0,1.7116438356,105120,0.0,87.5,3.4232876712,2025,rain
RF.BKT.05,105120,2025-01-01T00:00:00.000,2025-12-31T23:55:00.000,105120,สถานีสูบน้ำ คลองสนามชัย,105120,0.0,10.5,0.0120576484,105120,0.0,24.0,0.0361729452,105120,0.0,33.5,0.0723458904,105120,0.0,43.5,0.1446917808,105120,0.0,63.5,0.4340753425,105120,0.0,67.0,0.8681506849,105120,0.0,77.5,1.7363013699,105120,0.0,83.0,3.4726027397,2025,rain
RF.BKY.01,105120,2025-01-01T00:00:00.000,2025-12-31T23:55:00.000,105120,สำนักงานเขตบางกอกใหญ่,105120,0.0,9.0,0.0130802892,105120,0.0,23.5,0.0392408676,105120,0.0,36.0,0.0784817352,105120,0.0,49.5,0.1569634703,105120,0.0,67.5,0.470890411,105120,0.0,68.5,0.9417808219,105120,0.0,69.0,1.8835616438,105120,0.0,89.5,3.7671232877,2025,rain
RF.BKY.02,105120,2025-01-01T00:00:00.000,2025-12-31T23:55:00.000,105120,สถานีสูบน้ำ คลองบางกอกใหญ่,105120,0.0,13.5,0.0155821918,105120,0.0,29.5,0.0467465753,105120,0.0,50.0,0.0934931507,105120,0.0,71.5,0.1869863014,105120,0.0,97.0,0.5609589041,105120,0.0,97.0,1.1219178082,105120,0.0,98.0,2.2438356164,105120,0.0,115.0,4.4876712329,2025,rain
RF.BNA.01,105120,2025-01-01T00:00:00.000,2025-12-31T23:55:00.000,105120,สำนักงานเขตบางนา,105120,0.0,14.5,0.0194349315,105120,0.0,39.5,0.0583047945,105120,0.0,52.5,0.116609589,105120,0.0,85.5,0.2332191781,105120,0.0,115.0,0.6996575342,105120,0.0,115.5,1.3993150685,105120,0.0,116.0,2.798630137,105120,0.0,124.5,5.597260274,2025,rain
RF.BNA.02,105120,2025-01-01T00:00:00.000,2025-12-31T23:55:00.000,105120,สถานีสูบน้ำ บางนา,105120,0.0,12.0,0.0181649543,105120,0.0,32.0,0.0544758371,105120,0.0,53.0,0.1089421613,105120,0.0,82.5,0.2178748097,105120,0.0,100.0,0.6536054033,105120,0.0,101.5,1.3072012938,105120,0.0,103.5,2.6143978311,105120,0.0,115.5,5.2287813927,2025,rain
RF.BNA.03,105120,2025-01-01T00:00:00.000,2025-12-31T23:55:00.000,105120,จุดวัดคลองบางนา ตอนถนนศรีนครินทร์,105120,0.0,12.5,0.0185502283,105120,0.0,32.5,0.0555745814,105120,0.0,47.0,0.111130137,105120,0.0,64.0,0.2222031963,105120,0.0,85.0,0.6664954338,105120,0.0,85.0,1.33293379,105120,0.0,85.0,2.6658342846,105120,0.0,94.5,5.3322821537,2025,rain
RF.BPD.01,105120,2025-01-01T00:00:00.000,2025-12-31T23:55:00.000,105120,สำนักงานเขตบางพลัด,105120,0.0,10.5,0.0147260274,105120,0.0,26.0,0.0441780822,105120,0.0,39.0,0.0883561644,105120,0.0,54.5,0.1767123288,105120,0.0,61.5,0.5301369863,105120,0.0,65.0,1.0602739726,105120,0.0,65.0,2.1205479452,105120,0.0,69.5,4.2410958904,2025,rain
RF.BRK.01,105120,2025-01-01T00:00:00.000,2025-12-31T23:55:00.000,105120,สำนักงานเขตบางรัก,105120,0.0,10.0,0.0157867199,105120,0.0,27.0,0.0473601598,105120,0.0,44.5,0.0947203196,105120,0.0,60.5,0.1894406393,105120,0.0,83.0,0.5683219178,105120,0.0,83.0,1.1366438356,105120,0.0,84.0,2.2732876712,105120,0.0,92.5,4.5465753425,2025,rain
RF.BRK.02,105120,2025-01-01T00:00:00.000,2025-12-31T23:55:00.000,105120,สถานีสูบน้ำ กรุงเกษม,105120,0.0,10.5,0.0151778919,105120,0.0,20.5,0.0455336758,105120,0.0,36.0,0.0910673516,105120,0.0,54.0,0.1821347032,105120,0.0,88.0,0.5464041096,105120,0.0,88.0,1.0928082192,105120,0.0,89.0,2.1856164384,105120,0.0,98.0,4.3712328767,2025,rain
RF.BSU.01,105120,2025-01-01T00:00:00.000,2025-12-31T23:55:00.000,105120,สำนักงานเขตบางซื่อ,105120,0.0,10.0,0.0125380518,105120,0.0,24.0,0.0376141553,105120,0.0,36.5,0.0752283105,105120,0.0,56.5,0.150456621,105120,0.0,65.0,0.451369863,105120,0.0,69.5,0.902739726,105120,0.0,69.5,1.8054794521,105120,0.0,70.0,3.6109589041,2025,rain
RF.BSU.02,105120,2025-01-01T00:00:00.000,2025-12-31T23:55:00.000,105120,สถานีสูบน้ำ คลองบางเขนใหม่,105120,0.0,10.5,0.0147973744,105120,0.0,28.0,0.0443921233,105120,0.0,46.5,0.0887842466,105120,0.0,71.5,0.1775684932,105120,0.0,79.0,0.5327054795,105120,0.0,83.0,1.0654109589,105120,0.0,83.0,2.1308219178,105120,0.0,85.5,4.2616438356,2025,rain
RF.BSU.03,105120,2025-01-01T00:00:00.000,2025-12-31T23:55:00.000,105120,สถานีสูบน้ำ คลองบางซื่อ,105120,0.0,11.0,0.0157343988,105120,0.0,29.5,0.0472031963,105120,0.0,45.5,0.0944063927,105120,0.0,69.0,0.1888127854,105120,0.0,75.5,0.5664383562,105120,0.0,80.5,1.1328767123,105120,0.0,80.5,2.2657534247,105120,0.0,86.5,4.5315068493,2025,rain
RF.BSU.04,105120,2025-01-01T00:00:00.000,2025-12-31T23:55:00.000,105120,บ่อสูบน้ำสะพานขวา ถนนประชาราษฎร์ สาย 2,105120,0.0,13.0,0.0152968037,105120,0.0,30.5,0.045890411,105120,0.0,49.5,0.0917808219,105120,0.0,82.0,0.1835616438,105120,0.0,99.5,0.5506849315,105120,0.0,105.0,1.101369863,105120,0.0,105.0,2.202739726,105120,0.0,106.5,4.4054794521,2025,rain
RF.CTC.01,105120,2025-01-01T00:00:00.000,2025-12-31T23:55:00.000,105120,บ่อสูบน้ำศาลอาญา ถนนรัชดาภิเษก,105120,0.0,15.0,0.0164098174,105120,0.0,39.0,0.0492294521,105120,0.0,61.0,0.0984589041,105120,0.0,77.0,0.1969178082,105120,0.0,83.0,0.5907534247,105120,0.0,85.5,1.1815068493,105120,0.0,85.5,2.3630136986,105120,0.0,91.5,4.7260273973,2025,rain
RF.CTC.02,105120,2025-01-01T00:00:00.000,2025-12-31T23:55:00.000,105120,สถานีสูบน้ำ รัชดา-วิภาวดี,105120,0.0,15.5,0.0166952055,105120,0.0,40.0,0.0500761035,105120,0.0,62.0,0.1001474505,105120,0.0,84.0,0.2002901446,105120,0.0,95.5,0.6008609209,105120,0.0,96.0,1.2017170852,105120,0.0,96.0,2.403429414,105120,0.0,119.0,4.8068540715,2025,rain
RF.CTC.03,105120,2025-01-01T00:00:00.000,2025-12-31T23:55:00.000,105120,จุดวัดถนนเทศบาลสงเคราะห์,105120,0.0,11.5,0.0139887747,105120,0.0,27.0,0.0419663242,105120,0.0,44.0,0.0839326484,105120,0.0,64.0,0.1678652968,105120,0.0,83.5,0.5035958904,105120,0.0,84.5,1.0071917808,105120,0.0,84.5,2.0143835616,105120,0.0,133.0,4.0287671233,2025,rain
RF.DDG.02,105120,2025-01-01T00:00:00.000,2025-12-31T23:55:00.000,105120,ศูนย์ควบคุมระบบป้องกันน้ำท่วมกรุงเทพมหานคร สำนักการระบายน้ำ,105115,0.0,16.0,0.0174475574,105115,0.0,39.5,0.0523426723,105115,0.0,58.5,0.1046853446,105115,0.0,72.0,0.2093706892,105115,0.0,79.5,0.6281120677,105115,0.0,83.5,1.2562241355,105115,0.0,83.5,2.5124482709,105115,0.0,88.0,5.0248965419,2025,rain
RF.DMG.01,105120,2025-01-01T00:00:00.000,2025-12-31T23:55:00.000,105120,สำนักงานเขตดอนเมือง,105120,0.0,9.5,0.0155013318,105120,0.0,21.5,0.0465039954,105120,0.0,33.5,0.0930079909,105120,0.0,51.0,0.1860159817,105120,0.0,53.0,0.5580479452,105120,0.0,55.0,1.1160958904,105120,0.0,71.5,2.2321917808,105120,0.0,76.0,4.4643835616,2025,rain
RF.DST.01,105120,2025-01-01T00:00:00.000,2025-12-31T23:55:00.000,105120,สำนักงานเขตดุสิต,105120,0.0,6.5,0.0077958524,105120,0.0,16.5,0.0233875571,105120,0.0,25.0,0.0467751142,105120,0.0,39.0,0.0935502283,105120,0.0,48.5,0.2806506849,105120,0.0,53.5,0.5613013699,105120,0.0,56.0,1.1226027397,105120,0.0,67.0,2.2452054795,2025,rain
RF.DST.02,105120,2025-01-01T00:00:00.000,2025-12-31T23:55:00.000,105120,สถานีสูบน้ำ สามเสน,105120,0.0,13.5,0.0155964612,105120,0.0,32.5,0.0467893836,105120,0.0,46.0,0.0935787671,105120,0.0,61.0,0.1871575342,105120,0.0,67.5,0.5614726027,105120,0.0,71.0,1.1229452055,105120,0.0,73.5,2.245890411,105120,0.0,92.5,4.4917808219,2025,rain
RF.HKG.01,105120,2025-01-01T00:00:00.000,2025-12-31T23:55:00.000,105120,สำนักงานเขตห้วยขวาง,105120,0.0,14.0,0.0183219178,105120,0.0,31.5,0.0549657534,105120,0.0,57.5,0.1099315068,105120,0.0,80.5,0.2198630137,105120,0.0,88.5,0.6595890411,105120,0.0,129.0,1.3191780822,105120,0.0,129.0,2.6383561644,105120,0.0,130.5,5.2767123288,2025,rain
RF.HKG.02,105120,2025-01-01T00:00:00.000,2025-12-31T23:55:00.000,105120,สถานีสูบน้ำ สามเสน ตอนคลองแสนแสบ,105120,0.0,13.5,0.0159246575,105120,0.0,37.0,0.0477739726,105120,0.0,67.0,0.0955479452,105120,0.0,92.0,0.1910958904,105120,0.0,100.0,0.5732876712,105120,0.0,115.5,1.1465753425,105120,0.0,115.5,2.2931506849,105120,0.0,167.5,4.5863013699,2025,rain
RF.JTG.01,105120,2025-01-01T00:00:00.000,2025-12-31T23:55:00.000,105120,สำนักงานเขตจอมทอง,105120,0.0,12.5,0.011363204,105120,0.0,23.0,0.0340896119,105120,0.0,28.5,0.0681792237,105120,0.0,39.5,0.1363584475,105120,0.0,61.5,0.4090753425,105120,0.0,63.5,0.8181506849,105120,0.0,63.5,1.6363013699,105120,0.0,63.5,3.2726027397,2025,rain
RF.JTG.02,105120,2025-01-01T00:00:00.000,2025-12-31T23:55:00.000,105120,จุดวัดคลองสนามชัย ตอนคลองบางขุนเทียน,105120,0.0,10.5,0.0138318113,105120,0.0,31.0,0.0414954338,105120,0.0,58.5,0.0829908676,105120,0.0,88.5,0.1659817352,105120,0.0,106.5,0.4979452055,105120,0.0,106.5,0.995890411,105120,0.0,106.5,1.9917808219,105120,0.0,106.5,3.9835616438,2025,rain
RF.JTG.03,105120,2025-01-01T00:00:00.000,2025-12-31T23:55:00.000,105120,สถานีสูบน้ำ คลองสี่บาท,105120,0.0,14.0,0.0130232116,105120,0.0,38.5,0.0390601218,105120,0.0,52.0,0.0781154871,105120,0.0,61.0,0.1562262177,105120,0.0,87.0,0.46866914,105120,0.0,89.5,0.9373335236,105120,0.0,95.0,1.8746622907,105120,0.0,99.0,3.749319825,2025,rain
RF.KNY.02,105120,2025-01-01T00:00:00.000,2025-12-31T23:55:00.000,105120,จุดวัดคลองลำชะล่า ตอนถนนนวมินทร์,105120,0.0,12.5,0.0154252283,105120,0.0,33.0,0.0462756849,105120,0.0,53.0,0.0925513699,105120,0.0,69.0,0.1851027397,105120,0.0,80.0,0.5553082192,105120,0.0,81.5,1.1106164384,105120,0.0,81.5,2.2212328767,105120,0.0,82.0,4.4424657534,2025,rain
RF.KSN.01,105120,2025-01-01T00:00:00.000,2025-12-31T23:55:00.000,105120,สำนักงานเขตคลองสาน,105120,0.0,11.5,0.0140743912,105120,0.0,29.0,0.0422231735,105120,0.0,41.0,0.084446347,105120,0.0,64.5,0.1688926941,105120,0.0,91.5,0.5066780822,105120,0.0,92.0,1.0133561644,105120,0.0,92.5,2.0267123288,105120,0.0,104.5,4.0534246575,2025,rain
RF.KSN.02,105120,2025-01-01T00:00:00.000,2025-12-31T23:55:00.000,105120,สถานีสูบน้ำ คลองบางไส้ไก่,105120,0.0,9.0,0.0133371385,105120,0.0,22.0,0.0400114155,105120,0.0,33.5,0.0800228311,105120,0.0,57.0,0.1600456621,105120,0.0,71.0,0.4801369863,105120,0.0,71.0,0.9602739726,105120,0.0,72.0,1.9205479452,105120,0.0,82.5,3.8410958904,2025,rain
RF.KSW.01,105120,2025-01-01T00:00:00.000,2025-12-31T23:55:00.000,105120,สำนักงานเขตคลองสามวา,105120,0.0,11.0,0.0158152588,105120,0.0,29.0,0.0474457763,105120,0.0,51.0,0.0948915525,105120,0.0,69.5,0.189783105,105120,0.0,70.5,0.5693493151,105120,0.0,71.0,1.1386986301,105120,0.0,75.5,2.2773972603,105120,0.0,97.5,4.5547945205,2025,rain
RF.KSW.02,105120,2025-01-01T00:00:00.000,2025-12-31T23:55:00.000,105120,ประตูระบายน้ำ คลองสามวา,105120,0.0,8.0,0.0118578767,105120,0.0,20.5,0.0355546043,105120,0.0,37.0,0.0710996956,105120,0.0,56.5,0.1421898782,105120,0.0,60.5,0.4265553653,105120,0.0,60.5,0.8530964612,105120,0.0,74.0,1.7061834094,105120,0.0,76.0,3.4123573059,2025,rain
RF.KSW.03,105120,2025-01-01T00:00:00.000,2025-12-31T23:55:00.000,105120,จุดวัดคลองเก้า ตอนวัดศรีสุขสถาพร,105120,0.0,11.5,0.0150637367,105120,0.0,32.5,0.0451816971,105120,0.0,52.0,0.0903586377,105120,0.0,69.0,0.180712519,105120,0.0,72.0,0.5421280441,105120,0.0,73.0,1.0842513318,105120,0.0,73.5,2.1684979072,105120,0.0,119.5,4.3369910578,2025,rain
RF.KTY.01,105120,2025-01-01T00:00:00.000,2025-12-31T23:55:00.000,105120,สำนักงานเขตคลองเตย,105120,0.0,12.5,0.0146023592,105120,0.0,29.5,0.0438070776,105120,0.0,40.0,0.0876141553,105120,0.0,57.5,0.1752283105,105120,0.0,72.0,0.5256849315,105120,0.0,77.5,1.051369863,105120,0.0,78.0,2.102739726,105120,0.0,97.0,4.2054794521,2025,rain
RF.KTY.02,105120,2025-01-01T00:00:00.000,2025-12-31T23:55:00.000,105120,สถานีสูบน้ำ พระราม 4,105120,0.0,11.5,0.0133999239,105120,0.0,21.5,0.0398002283,105120,0.0,27.5,0.079391172,105120,0.0,46.0,0.1584921994,105120,0.0,50.0,0.4749343607,105120,0.0,50.0,0.9498211568,105120,0.0,50.5,1.899423516,105120,0.0,75.5,3.8007848174,2025,rain
RF.KTY.03,105120,2025-01-01T00:00:00.000,2025-12-31T23:55:00.000,105120,สถานีสูบน้ำ พระโขนง,105120,0.0,12.0,0.0167094749,105120,0.0,28.5,0.0501284247,105120,0.0,47.0,0.1002568493,105120,0.0,66.5,0.2005136986,105120,0.0,99.5,0.6015410959,105120,0.0,105.5,1.2030821918,105120,0.0,105.5,2.4061643836,105120,0.0,110.5,4.8123287671,2025,rain
RF.KTY.04,105120,2025-01-01T00:00:00.000,2025-12-31T23:55:00.000,105120,สถานีสูบน้ำ คลองเตย,105120,0.0,12.0,0.016081621,105120,0.0,30.5,0.0480831431,105120,0.0,42.0,0.0960854262,105120,0.0,60.5,0.1920899924,105120,0.0,69.5,0.5761082572,105120,0.0,70.0,1.1521356545,105120,0.0,72.0,2.304190449,105120,0.0,102.0,4.6083000381,2025,rain
RF.KTY.05,105120,2025-01-01T00:00:00.000,2025-12-31T23:55:00.000,105120,สถานีวัดน้ำฝน อุทยานเบญจสิริ,105120,0.0,16.0,0.0160768645,105120,0.0,37.5,0.0482305936,105120,0.0,52.0,0.0964611872,105120,0.0,80.0,0.1929223744,105120,0.0,89.5,0.5787671233,105120,0.0,93.5,1.1575342466,105120,0.0,93.5,2.3150684932,105120,0.0,94.5,4.6301369863,2025,rain
RF.LKB.02,105120,2025-01-01T00:00:00.000,2025-12-31T23:55:00.000,105120,ประตูระบายน้ำ คลองประเวศบุรีรมย์ ตอนลาดกระบัง,105120,0.0,12.5,0.0188070776,105120,0.0,33.0,0.0564212329,105120,0.0,50.0,0.1128424658,105120,0.0,56.5,0.2256849315,105120,0.0,74.5,0.6770547945,105120,0.0,89.5,1.354109589,105120,0.0,91.5,2.7082191781,105120,0.0,137.5,5.4164383562,2025,rain
RF.LKB.03,105120,2025-01-01T00:00:00.000,2025-12-31T23:55:00.000,105120,จุดวัดคลองประเวศบุรีรมย์ ตอน รพ.ลาดกระบัง,105120,0.0,11.0,0.0152349696,105120,0.0,24.5,0.0457049087,105120,0.0,41.0,0.0914098174,105120,0.0,60.0,0.1828196347,105120,0.0,66.0,0.5484589041,105120,0.0,66.5,1.0969178082,105120,0.0,77.5,2.1938356164,105120,0.0,103.0,4.3876712329,2025,rain
RF.LKB.04,105120,2025-01-01T00:00:00.000,2025-12-31T23:55:00.000,105120,จุดวัดคลองประเวศบุรีรมย์ ตอนถนนร่วมพัฒนา,105120,0.0,10.5,0.0138460807,105120,0.0,23.5,0.041538242,105120,0.0,40.0,0.083076484,105120,0.0,67.0,0.166152968,105120,0.0,83.0,0.4984589041,105120,0.0,90.0,0.9969178082,105120,0.0,92.0,1.9938356164,105120,0.0,94.5,3.9876712329,2025,rain
RF.LPW.01,105120,2025-01-01T00:00:00.000,2025-12-31T23:55:00.000,105120,สำนักงานเขตลาดพร้าว,105120,0.0,14.5,0.0120338661,105120,0.0,40.0,0.0361015982,105120,0.0,66.0,0.0722031963,105120,0.0,88.0,0.1444063927,105120,0.0,93.0,0.4332191781,105120,0.0,95.0,0.8664383562,105120,0.0,95.0,1.7328767123,105120,0.0,99.0,3.4657534247,2025,rain
RF.LSI.01,105120,2025-01-01T00:00:00.000,2025-12-31T23:55:00.000,105120,สำนักงานเขตหลักสี่,105120,0.0,12.5,0.0155298706,105120,0.0,32.0,0.0465896119,105120,0.0,46.0,0.0931792237,105120,0.0,67.0,0.1863584475,105120,0.0,80.5,0.5590753425,105120,0.0,81.5,1.1181506849,105120,0.0,94.5,2.2363013699,105120,0.0,99.0,4.4726027397,2025,rain
RF.LSI.02,105120,2025-01-01T00:00:00.000,2025-12-31T23:55:00.000,105120,สถานีสูบน้ำ คลองตาอูฐ,9717,0.0,0.0,0.0,9717,0.0,0.0,0.0,9717,0.0,0.0,0.0,9717,0.0,0.0,0.0,9717,0.0,0.0,0.0,9717,0.0,0.0,0.0,9717,0.0,0.0,0.0,9717,0.0,0.0,0.0,2025,rain
RF.LSI.03,105120,2025-01-01T00:00:00.000,2025-12-31T23:55:00.000,105120,จุดวัดศูนย์ราชการ-ถนนแจ้งวัฒนะ,105120,0.0,13.5,0.0165572679,105120,0.0,36.0,0.0496718037,105120,0.0,46.5,0.0993436073,105120,0.0,79.5,0.1986872146,105120,0.0,116.5,0.5960616438,105120,0.0,117.0,1.1921232877,105120,0.0,131.5,2.3842465753,105120,0.0,158.5,4.7684931507,2025,rain
RF.MBR.01,105120,2025-01-01T00:00:00.000,2025-12-31T23:55:00.000,105120,สำนักงานเขตมีนบุรี,105120,0.0,9.0,0.0151541096,105120,0.0,22.5,0.0454623288,105120,0.0,42.0,0.0909246575,105120,0.0,64.5,0.1818493151,105120,0.0,67.5,0.5455479452,105120,0.0,69.0,1.0910958904,105120,0.0,69.5,2.1821917808,105120,0.0,89.0,4.3643835616,2025,rain
RF.MBR.02,105120,2025-01-01T00:00:00.000,2025-12-31T23:55:00.000,105120,ประตูระบายน้ำ คลองแสนแสบ ตอนถนนประชาร่วมใจ,105120,0.0,14.0,0.0159056317,105120,0.0,32.0,0.047716895,105120,0.0,60.5,0.09543379,105120,0.0,80.5,0.1908675799,105120,0.0,81.5,0.5726027397,105120,0.0,82.0,1.1452054795,105120,0.0,82.0,2.2904109589,105120,0.0,98.0,4.5808219178,2025,rain
RF.MBR.03,105120,2025-01-01T00:00:00.000,2025-12-31T23:55:00.000,105120,ประตูระบายน้ำ คลองบึงขวาง,8771,0.0,0.5,0.0001710181,8771,0.0,0.5,0.0005130544,8771,0.0,0.5,0.0010261088,8771,0.0,1.0,0.0020522175,8771,0.0,1.0,0.0061566526,8771,0.0,1.0,0.0123133052,8771,0.0,1.0,0.0246266104,8771,0.0,1.0,0.0492532208,2025,rain
RF.MBR.05,105120,2025-01-01T00:00:00.000,2025-12-31T23:55:00.000,105120,จุดวัดคลองบึงใหญ่ ตอนวัดทองสัมฤทธิ์,105120,0.0,10.0,0.0148877473,105120,0.0,25.5,0.044663242,105120,0.0,38.5,0.089326484,105120,0.0,58.5,0.178652968,105120,0.0,82.0,0.5359589041,105120,0.0,83.0,1.0719178082,105120,0.0,90.0,2.1438356164,105120,0.0,92.0,4.2876712329,2025,rain
RF.NJK.01,105120,2025-01-01T00:00:00.000,2025-12-31T23:55:00.000,105120,สำนักงานเขตหนองจอก,105120,0.0,9.5,0.0133799467,105120,0.0,23.5,0.0401398402,105120,0.0,36.5,0.0802796804,105120,0.0,52.5,0.1605593607,105120,0.0,97.0,0.4816780822,105120,0.0,105.5,0.9633561644,105120,0.0,107.5,1.9267123288,105120,0.0,110.5,3.8534246575,2025,rain
RF.NJK.02,105120,2025-01-01T00:00:00.000,2025-12-31T23:55:00.000,105120,สถานีสูบน้ำ คลองแสนแสบ หนองจอก,105120,0.0,10.5,0.0146737062,105120,0.0,30.0,0.0440211187,105120,0.0,42.5,0.0880422374,105120,0.0,65.0,0.1760844749,105120,0.0,99.0,0.5282534247,105120,0.0,104.0,1.0565068493,105120,0.0,106.5,2.1130136986,105120,0.0,115.0,4.2260273973,2025,rain
RF.NJK.03,105120,2025-01-01T00:00:00.000,2025-12-31T23:55:00.000,105120,จุดวัดคลองสิบสอง ตอนถนนประชาสำราญ,105120,0.0,9.5,0.0141980594,105120,0.0,27.5,0.0425941781,105120,0.0,50.5,0.0851883562,105120,0.0,75.0,0.1703767123,105120,0.0,84.0,0.511130137,105120,0.0,84.0,1.022260274,105120,0.0,85.5,2.0445205479,105120,0.0,87.0,4.0890410959,2025,rain
RF.NJK.04,105120,2025-01-01T00:00:00.000,2025-12-31T23:55:00.000,105120,ประตูระบายน้ำ คลองสิบสาม,34707,0.0,0.5,0.00027372,34707,0.0,1.0,0.00082116,34707,0.0,1.0,0.00164232,34707,0.0,1.5,0.00328464,34707,0.0,1.5,0.00985392,34707,0.0,3.0,0.0197078399,34707,0.0,4.5,0.0394156798,34707,0.0,7.5,0.0788313597,2025,rain
RF.NJK.05,105120,2025-01-01T00:00:00.000,2025-12-31T23:55:00.000,105120,ประตูระบายน้ำ คลองหลวงแพ่ง,105120,0.0,11.5,0.0127901446,105120,0.0,27.0,0.038341895,105120,0.0,42.0,0.0766695205,105120,0.0,46.5,0.1533247717,105120,0.0,58.0,0.4599885845,105120,0.0,58.0,0.9199343607,105120,0.0,58.5,1.8397973744,105120,0.0,63.0,3.6795234018,2025,rain
RF.NJK.06,105120,2025-01-01T00:00:00.000,2025-12-31T23:55:00.000,105120,จุดวัดคลองลำผักชี ตอนโรงเรียนลำผักชี,105120,0.0,11.5,0.0134988584,105120,0.0,30.0,0.0404823059,105120,0.0,46.0,0.0809360731,105120,0.0,49.5,0.1618436073,105120,0.0,62.0,0.4854737443,105120,0.0,62.5,0.9709189498,105120,0.0,65.0,1.9418093607,105120,0.0,73.0,3.883999239,2025,rain
RF.NJK.07,105120,2025-01-01T00:00:00.000,2025-12-31T23:55:00.000,105120,จุดวัดคลองแสนแสบ ตอนวัดทรัพย์สโมสรนิกรเกษม,105120,0.0,11.0,0.0142170852,105120,0.0,30.0,0.0426512557,105120,0.0,51.5,0.0853025114,105120,0.0,73.5,0.1706050228,105120,0.0,100.0,0.5118150685,105120,0.0,107.0,1.023630137,105120,0.0,109.0,2.047260274,105120,0.0,112.0,4.0945205479,2025,rain
RF.NKM.01,105120,2025-01-01T00:00:00.000,2025-12-31T23:55:00.000,105120,สำนักงานเขตหนองแขม,105120,0.0,7.5,0.010440449,105120,0.0,20.5,0.031321347,105120,0.0,35.5,0.0626426941,105120,0.0,55.5,0.1252853881,105120,0.0,60.5,0.3758561644,105120,0.0,65.0,0.7517123288,105120,0.0,72.0,1.5034246575,105120,0.0,93.0,3.0068493151,2025,rain
RF.NKM.02,105120,2025-01-01T00:00:00.000,2025-12-31T23:55:00.000,105120,จุดวัดคลองทวีวัฒนา ตอนคลองภาษีเจริญ,105120,0.0,13.0,0.0149162861,105120,0.0,33.0,0.0447488584,105120,0.0,51.5,0.0894977169,105120,0.0,65.5,0.1789954338,105120,0.0,75.0,0.5369863014,105120,0.0,79.0,1.0739726027,105120,0.0,82.0,2.1479452055,105120,0.0,101.5,4.295890411,2025,rain
RF.NKM.03,105120,2025-01-01T00:00:00.000,2025-12-31T23:55:00.000,105120,จุดวัดคลองภาษีเจริญ ตอนคลองมหาศร,0,,,,0,,,,0,,,,0,,,,0,,,,0,,,,0,,,,0,,,,2025,rain
RF.PKN.01,105120,2025-01-01T00:00:00.000,2025-12-31T23:55:00.000,105120,สำนักงานเขตพระโขนง,105120,0.0,18.5,0.0202435312,105120,0.0,38.5,0.0607305936,105120,0.0,67.0,0.1214611872,105120,0.0,86.5,0.2429223744,105120,0.0,112.0,0.7287671233,105120,0.0,115.5,1.4575342466,105120,0.0,115.5,2.9150684932,105120,0.0,132.5,5.8301369863,2025,rain
RF.PKN.02,105120,2025-01-01T00:00:00.000,2025-12-31T23:55:00.000,105120,สถานีสูบน้ำ คลองเจ็ก,105120,0.0,11.0,0.0158770928,105120,0.0,25.5,0.0476312785,105120,0.0,41.0,0.0952625571,105120,0.0,63.0,0.1905251142,105120,0.0,91.0,0.5715753425,105120,0.0,97.5,1.1431506849,105120,0.0,98.5,2.2863013699,105120,0.0,105.5,4.5726027397,2025,rain
RF.PKN.03,105120,2025-01-01T00:00:00.000,2025-12-31T23:55:00.000,105120,สถานีสูบน้ำ บางอ้อ,105120,0.0,12.5,0.0142979452,105120,0.0,35.5,0.0428938356,105120,0.0,43.0,0.0857876712,105120,0.0,70.0,0.1715753425,105120,0.0,97.5,0.5147260274,105120,0.0,97.5,1.0294520548,105120,0.0,98.0,2.0589041096,105120,0.0,105.0,4.1178082192,2025,rain
RF.PKN.04,105120,2025-01-01T00:00:00.000,2025-12-31T23:55:00.000,105120,สถานีสูบน้ำ บางจาก,105120,0.0,12.0,0.0164383562,105120,0.0,26.0,0.0493150685,105120,0.0,43.5,0.098630137,105120,0.0,63.5,0.197260274,105120,0.0,87.0,0.5917808219,105120,0.0,92.5,1.1835616438,105120,0.0,94.0,2.3671232877,105120,0.0,102.5,4.7342465753,2025,rain
RF.PNK.01,105120,2025-01-01T00:00:00.000,2025-12-31T23:55:00.000,105120,สำนักงานเขตพระนคร,105120,0.0,15.5,0.0193540715,105120,0.0,31.5,0.0580622146,105120,0.0,52.5,0.1161244292,105120,0.0,88.0,0.2322488584,105120,0.0,95.0,0.6967465753,105120,0.0,112.0,1.3934931507,105120,0.0,115.5,2.7869863014,105120,0.0,136.0,5.5739726027,2025,rain
RF.PNK.02,105120,2025-01-01T00:00:00.000,2025-12-31T23:55:00.000,105120,สถานีสูบน้ำ เทเวศร์,105120,0.0,12.5,0.0212566591,105120,0.0,31.0,0.0637699772,105120,0.0,56.5,0.1275399543,105120,0.0,79.5,0.2550799087,105120,0.0,110.0,0.765239726,105120,0.0,128.5,1.5304794521,105120,0.0,133.0,3.0609589041,105120,0.0,150.5,6.1219178082,2025,rain
RF.PNK.03,105120,2025-01-01T00:00:00.000,2025-12-31T23:55:00.000,105120,ปากคลองตลาด,105120,0.0,15.5,0.0130898021,105120,0.0,39.5,0.0392694064,105120,0.0,61.0,0.0785388128,105120,0.0,77.0,0.1570776256,105120,0.0,85.5,0.4712328767,105120,0.0,91.0,0.9424657534,105120,0.0,92.0,1.8849315068,105120,0.0,97.0,3.7698630137,2025,rain
RF.PPS.01,105120,2025-01-01T00:00:00.000,2025-12-31T23:55:00.000,105120,สำนักงานเขตป้อมปราบศัตรูพ่าย,105120,0.0,12.5,0.0167475266,105120,0.0,26.0,0.0502425799,105120,0.0,41.0,0.1004851598,105120,0.0,68.0,0.2009703196,105120,0.0,79.5,0.6029109589,105120,0.0,80.5,1.2058219178,105120,0.0,83.5,2.4116438356,105120,0.0,86.5,4.8232876712,2025,rain
RF.PSC.01,105120,2025-01-01T00:00:00.000,2025-12-31T23:55:00.000,105120,สำนักงานเขตภาษีเจริญ,105120,0.0,12.0,0.0138555936,105120,0.0,32.5,0.0415667808,105120,0.0,53.5,0.0831335616,105120,0.0,65.0,0.1662671233,105120,0.0,67.5,0.4988013699,105120,0.0,67.5,0.9976027397,105120,0.0,67.5,1.9952054795,105120,0.0,77.0,3.9904109589,2025,rain
RF.PSC.03,105120,2025-01-01T00:00:00.000,2025-12-31T23:55:00.000,105120,จุดวัดคลองบางเชือกหนัง ตอนถนนพุทธมณฑลสาย 1,105120,0.0,12.0,0.0145500381,105120,0.0,25.0,0.0436501142,105120,0.0,38.5,0.0873002283,105120,0.0,45.5,0.1746004566,105120,0.0,54.5,0.5238013699,105120,0.0,59.5,1.0476027397,105120,0.0,60.5,2.0952054795,105120,0.0,70.0,4.1904109589,2025,rain
RF.PSC.04,105120,2025-01-01T00:00:00.000,2025-12-31T23:55:00.000,105120,สถานีสูบน้ำ คลองภาษีเจริญ,105120,0.0,11.0,0.0134322679,105120,0.0,25.0,0.0402872907,105120,0.0,45.0,0.080569825,105120,0.0,69.0,0.1611348935,105120,0.0,73.0,0.4833951674,105120,0.0,73.0,0.9667855784,105120,0.0,73.0,1.9335664003,105120,0.0,73.0,3.8671280441,2025,rain
RF.PSC.05,105120,2025-01-01T00:00:00.000,2025-12-31T23:55:00.000,105120,จุดวัดคลองบางเชือกหนัง ตอนวัดปากน้ำฝั่งใต้,105120,0.0,12.0,0.0152872907,105120,0.0,30.0,0.0458523592,105120,0.0,46.5,0.0916999619,105120,0.0,80.0,0.1833951674,105120,0.0,91.0,0.5501759893,105120,0.0,91.0,1.1003472222,105120,0.0,92.5,2.200689688,105120,0.0,118.5,4.4013746195,2025,rain
RF.PTW.01,105120,2025-01-01T00:00:00.000,2025-12-31T23:55:00.000,105120,สำนักงานเขตปทุมวัน,105120,0.0,12.0,0.0119577626,105120,0.0,24.0,0.0358732877,105120,0.0,30.5,0.0717465753,105120,0.0,46.0,0.1434931507,105120,0.0,53.0,0.4304794521,105120,0.0,55.0,0.8609589041,105120,0.0,55.5,1.7219178082,105120,0.0,83.5,3.4438356164,2025,rain
RF.PTW.02,105120,2025-01-01T00:00:00.000,2025-12-31T23:55:00.000,105120,สถานีสูบน้ำ คลองอรชร,105120,0.0,16.0,0.016923516,105120,0.0,42.5,0.0507705479,105120,0.0,58.5,0.1015410959,105120,0.0,102.5,0.2030821918,105120,0.0,111.5,0.6092465753,105120,0.0,111.5,1.2184931507,105120,0.0,111.5,2.4369863014,105120,0.0,120.5,4.8739726027,2025,rain
RF.PWT.01,105120,2025-01-01T00:00:00.000,2025-12-31T23:55:00.000,105120,สำนักงานเขตประเวศ,105120,0.0,14.5,0.0183457002,105120,0.0,33.5,0.0550371005,105120,0.0,44.0,0.1100742009,105120,0.0,52.0,0.2201484018,105120,0.0,58.5,0.6604452055,105120,0.0,63.5,1.320890411,105120,0.0,77.0,2.6417808219,105120,0.0,105.5,5.2835616438,2025,rain
RF.PWT.02,105120,2025-01-01T00:00:00.000,2025-12-31T23:55:00.000,105120,ประตูระบายน้ำ คลองประเวศบุรีรมย์ ตอนวัดกระทุ่มเสือปลา,105120,0.0,15.0,0.0167285008,105120,0.0,36.0,0.0501855023,105120,0.0,51.5,0.1003710046,105120,0.0,58.5,0.2007420091,105120,0.0,63.5,0.6022260274,105120,0.0,66.0,1.2044520548,105120,0.0,70.0,2.4089041096,105120,0.0,100.5,4.8178082192,2025,rain
RF.PWT.03,105120,2025-01-01T00:00:00.000,2025-12-31T23:55:00.000,105120,จุดวัดบึงหนองบอน,105120,0.0,17.5,0.0179128615,105120,0.0,37.5,0.0537385845,105120,0.0,47.0,0.1074771689,105120,0.0,71.5,0.2149543379,105120,0.0,121.0,0.6448630137,105120,0.0,121.5,1.2897260274,105120,0.0,121.5,2.5794520548,105120,0.0,122.0,5.1589041096,2025,rain
RF.PYT.01,105120,2025-01-01T00:00:00.000,2025-12-31T23:55:00.000,105120,สำนักงานเขตพญาไท,105120,0.0,15.5,0.0182838661,105120,0.0,35.5,0.0548515982,105120,0.0,58.0,0.1097031963,105120,0.0,90.0,0.2194063927,105120,0.0,101.0,0.6582191781,105120,0.0,106.0,1.3164383562,105120,0.0,106.0,2.6328767123,105120,0.0,110.0,5.2657534247,2025,rain
RF.PYT.02,104833,2025-01-01T00:00:00.000,2025-12-31T00:00:00.000,104833,จุดวัดคลองสามเสน ตอนถนนพระรามที่ 6,104833,0.0,14.0,0.0161971898,104833,0.0,37.5,0.0485915694,104833,0.0,54.0,0.0971831389,104833,0.0,69.0,0.1943662778,104833,0.0,75.5,0.5830988334,104833,0.0,79.5,1.1661976668,104833,0.0,79.5,2.3323953335,104833,0.0,91.0,4.6647906671,2025,rain
RF.RBN.01,105120,2025-01-01T00:00:00.000,2025-12-31T23:55:00.000,105120,สำนักงานเขตราษฎร์บูรณะ,105120,0.0,13.0,0.014783105,105120,0.0,34.0,0.0443493151,105120,0.0,59.5,0.0886986301,105120,0.0,83.0,0.1773972603,105120,0.0,83.5,0.5321917808,105120,0.0,86.0,1.0643835616,105120,0.0,86.0,2.1287671233,105120,0.0,87.0,4.2575342466,2025,rain
RF.RBN.02,105120,2025-01-01T00:00:00.000,2025-12-31T23:55:00.000,105120,สถานีสูบน้ำ คลองแจงร้อน,105120,0.0,10.5,0.0142123288,105120,0.0,27.0,0.0426369863,105120,0.0,50.5,0.0852644597,105120,0.0,80.0,0.1704908676,105120,0.0,83.5,0.5113679604,105120,0.0,93.0,1.0226788432,105120,0.0,93.0,2.045281583,105120,0.0,93.0,4.0904965753,2025,rain
RF.RTW.01,105120,2025-01-01T00:00:00.000,2025-12-31T23:55:00.000,105120,สำนักงานเขตราชเทวี,105120,0.0,14.5,0.0171708524,105120,0.0,37.5,0.0515125571,105120,0.0,54.5,0.1030251142,105120,0.0,77.0,0.2060502283,105120,0.0,82.5,0.6181506849,105120,0.0,82.5,1.2363013699,105120,0.0,82.5,2.4726027397,105120,0.0,96.5,4.9452054795,2025,rain
RF.RTW.02,105120,2025-01-01T00:00:00.000,2025-12-31T23:55:00.000,105120,จุดวัดคลองสามเสน ตอน รพ.พระมงกุฎเกล้า,0,,,,0,,,,0,,,,0,,,,0,,,,0,,,,0,,,,0,,,,2025,rain
RF.RTW.03,105120,2025-01-01T00:00:00.000,2025-12-31T23:55:00.000,105120,อาคารรับน้ำบึงมักกะสัน,105120,0.0,17.5,0.0175799087,105120,0.0,51.5,0.052739726,105120,0.0,70.0,0.1054794521,105120,0.0,93.5,0.2109589041,105120,0.0,96.5,0.6328767123,105120,0.0,100.5,1.2657534247,105120,0.0,100.5,2.5315068493,105120,0.0,108.5,5.0630136986,2025,rain
RF.SLG.01,105120,2025-01-01T00:00:00.000,2025-12-31T23:55:00.000,105120,สำนักงานเขตสวนหลวง,105120,0.0,10.0,0.0150684932,105120,0.0,28.0,0.0452054795,105120,0.0,43.5,0.0904109589,105120,0.0,59.5,0.1808219178,105120,0.0,64.5,0.5424657534,105120,0.0,69.5,1.0849315068,105120,0.0,71.0,2.1698630137,105120,0.0,104.5,4.3397260274,2025,rain
RF.SLG.02,105120,2025-01-01T00:00:00.000,2025-12-31T23:55:00.000,105120,จุดวัดคลองประเวศบุรีรมย์ ตอนวัดขจรศิริ,105120,0.0,8.5,0.0125428082,105120,0.0,20.5,0.0376284247,105120,0.0,31.5,0.0752568493,105120,0.0,45.0,0.1505136986,105120,0.0,63.5,0.4515410959,105120,0.0,63.5,0.9030821918,105120,0.0,63.5,1.8061643836,105120,0.0,95.0,3.6123287671,2025,rain
RF.SMI.01,105120,2025-01-01T00:00:00.000,2025-12-31T23:55:00.000,105120,สำนักงานเขตสายไหม,105120,0.0,10.0,0.0151445967,105120,0.0,24.0,0.04543379,105120,0.0,41.5,0.0908675799,105120,0.0,74.0,0.1817351598,105120,0.0,87.0,0.5452054795,105120,0.0,87.0,1.0904109589,105120,0.0,87.5,2.1808219178,105120,0.0,88.5,4.3616438356,2025,rain
RF.SMI.02,105120,2025-01-01T00:00:00.000,2025-12-31T23:55:00.000,105120,ประตูระบายน้ำ คลองสองสายใต้,105120,0.0,10.5,0.0154109589,105120,0.0,27.5,0.0462328767,105120,0.0,37.5,0.0924657534,105120,0.0,41.5,0.1849315068,105120,0.0,46.0,0.5547945205,105120,0.0,47.5,1.1095890411,105120,0.0,57.0,2.2191780822,105120,0.0,63.0,4.4383561644,2025,rain
RF.SMI.03,105120,2025-01-01T00:00:00.000,2025-12-31T23:55:00.000,105120,ประตูระบายน้ำ คลองพระยาสุเรนทร์,105120,0.0,14.0,0.0142931887,105120,0.0,22.5,0.0428795662,105120,0.0,34.5,0.0857591324,105120,0.0,53.5,0.1715182648,105120,0.0,65.0,0.5145547945,105120,0.0,65.5,1.029109589,105120,0.0,65.5,2.0582191781,105120,0.0,87.5,4.1164383562,2025,rain
RF.SMI.04,105120,2025-01-01T00:00:00.000,2025-12-31T23:55:00.000,105120,จุดวัดซอยแอนเน็กซ์,105120,0.0,11.5,0.0169805936,105120,0.0,27.5,0.0509417808,105120,0.0,38.5,0.1018835616,105120,0.0,44.5,0.2037671233,105120,0.0,47.5,0.6113013699,105120,0.0,60.5,1.2226027397,105120,0.0,73.0,2.4452054795,105120,0.0,78.0,4.8904109589,2025,rain
RF.SPK.01,105120,2025-01-01T00:00:00.000,2025-12-31T23:55:00.000,105120,สถานีสูบน้ำ คลองสำโรง,105120,0.0,10.5,0.014245624,105120,0.0,24.5,0.0427368721,105120,0.0,34.0,0.0854737443,105120,0.0,49.5,0.1709474886,105120,0.0,57.5,0.5128424658,105120,0.0,57.5,1.0256849315,105120,0.0,65.0,2.051369863,105120,0.0,74.5,4.102739726,2025,rain
RF.SPS.01,105120,2025-01-01T00:00:00.000,2025-12-31T23:55:00.000,105120,สำนักงานเขตสะพานสูง,105120,0.0,14.0,0.016162481,105120,0.0,32.5,0.0484874429,105120,0.0,54.0,0.0969748858,105120,0.0,66.5,0.1939497717,105120,0.0,73.5,0.5818493151,105120,0.0,78.0,1.1636986301,105120,0.0,80.5,2.3273972603,105120,0.0,95.0,4.6547945205,2025,rain
RF.SPS.02,105120,2025-01-01T00:00:00.000,2025-12-31T23:55:00.000,105120,ประตูระบายน้ำ คลองแสนแสบ ตอนบางชัน,105120,0.0,15.0,0.0153729072,105120,0.0,30.0,0.0461187215,105120,0.0,50.0,0.0922374429,105120,0.0,64.5,0.1844748858,105120,0.0,71.0,0.5534246575,105120,0.0,76.5,1.1068493151,105120,0.0,77.0,2.2136986301,105120,0.0,87.0,4.4273972603,2025,rain
RF.SPW.01,105120,2025-01-01T00:00:00.000,2025-12-31T23:55:00.000,105120,บ่อสูบน้ำ ท่าน้ำสวัสดี,105120,0.0,13.5,0.0164288432,105120,0.0,33.5,0.0492865297,105120,0.0,53.0,0.0985730594,105120,0.0,79.5,0.1971461187,105120,0.0,113.0,0.5914383562,105120,0.0,113.0,1.1828767123,105120,0.0,114.0,2.3657534247,105120,0.0,125.0,4.7315068493,2025,rain
RF.STN.01,105120,2025-01-01T00:00:00.000,2025-12-31T23:55:00.000,105120,สำนักงานเขตสาทร,105120,0.0,11.0,0.0163004186,105120,0.0,32.0,0.0489012557,105120,0.0,58.0,0.0978025114,105120,0.0,91.5,0.1956050228,105120,0.0,98.5,0.5868150685,105120,0.0,99.0,1.173630137,105120,0.0,100.0,2.347260274,105120,0.0,111.0,4.6945205479,2025,rain
RF.STN.02,105120,2025-01-01T00:00:00.000,2025-12-31T23:55:00.000,105120,สถานีสูบน้ำ คลองสาทร,105120,0.0,10.0,0.0131230974,105120,0.0,25.0,0.0393597793,105120,0.0,43.0,0.0787148021,105120,0.0,64.0,0.1574248478,105120,0.0,82.0,0.4722650304,105120,0.0,82.5,0.9442113775,105120,0.0,83.0,1.8883038432,105120,0.0,91.5,3.7766504947,2025,rain
RF.TBR.01,105120,2025-01-01T00:00:00.000,2025-12-31T23:55:00.000,105120,สำนักงานเขตธนบุรี,105120,0.0,9.0,0.0135892314,105120,0.0,23.0,0.0407676941,105120,0.0,39.0,0.0815353881,105120,0.0,54.5,0.1630707763,105120,0.0,85.0,0.4892123288,105120,0.0,85.5,0.9784246575,105120,0.0,86.0,1.9568493151,105120,0.0,105.0,3.9136986301,2025,rain
RF.TBR.02,105120,2025-01-01T00:00:00.000,2025-12-31T23:55:00.000,105120,สถานีสูบน้ำ คลองสำเหร่,105120,0.0,9.0,0.0128805175,105120,0.0,23.0,0.0386130137,105120,0.0,31.5,0.077211758,105120,0.0,52.5,0.1544092466,105120,0.0,66.0,0.4631992009,105120,0.0,66.5,0.9264126712,105120,0.0,67.0,1.8527825342,105120,0.0,78.5,3.7055222603,2025,rain
RF.TBR.03,105120,2025-01-01T00:00:00.000,2025-12-31T23:55:00.000,105120,สถานีสูบน้ำ ดาวคะนอง,105120,0.0,11.0,0.0140458524,105120,0.0,24.0,0.0420471842,105120,0.0,37.5,0.0840563166,105120,0.0,49.0,0.1680507991,105120,0.0,57.5,0.5040572679,105120,0.0,57.5,1.0080098935,105120,0.0,57.5,2.0159151446,105120,0.0,73.0,4.0317399163,2025,rain
RF.TKU.01,105120,2025-01-01T00:00:00.000,2025-12-31T23:55:00.000,105120,สำนักงานเขตทุ่งครุ,105120,0.0,13.0,0.0150684932,105120,0.0,31.5,0.0452054795,105120,0.0,50.0,0.0904109589,105120,0.0,83.0,0.1808219178,105120,0.0,98.5,0.5424657534,105120,0.0,100.0,1.0849315068,105120,0.0,102.5,2.1698630137,105120,0.0,124.0,4.3397260274,2025,rain
RF.TKU.02,105120,2025-01-01T00:00:00.000,2025-12-31T23:55:00.000,105120,ประตูระบายน้ำ คลองรางจาก ตอนถนนประชาอุทิศ,105120,0.0,11.0,0.0133894597,105120,0.0,21.5,0.040168379,105120,0.0,35.0,0.080336758,105120,0.0,48.0,0.160673516,105120,0.0,50.5,0.480103691,105120,0.0,52.5,0.9590420472,105120,0.0,53.0,1.9169187595,105120,0.0,76.5,3.8326721842,2025,rain
RF.TLC.01,105120,2025-01-01T00:00:00.000,2025-12-31T23:55:00.000,105120,สำนักงานเขตตลิ่งชัน,105120,0.0,14.0,0.014640411,105120,0.0,30.5,0.0439212329,105120,0.0,50.0,0.0878424658,105120,0.0,69.0,0.1756849315,105120,0.0,91.0,0.5270547945,105120,0.0,98.5,1.054109589,105120,0.0,99.5,2.1082191781,105120,0.0,100.5,4.2164383562,2025,rain
RF.TLC.02,105120,2025-01-01T00:00:00.000,2025-12-31T23:55:00.000,105120,ประตูระบายน้ำ คลองบัว ตอนทางรถไฟสายใต้,105120,0.0,10.5,0.0125523212,105120,0.0,25.0,0.0376569635,105120,0.0,44.0,0.0753139269,105120,0.0,51.0,0.1506278539,105120,0.0,60.0,0.4518835616,105120,0.0,61.0,0.9037671233,105120,0.0,61.0,1.8075342466,105120,0.0,80.0,3.6150684932,2025,rain
RF.TLC.03,105120,2025-01-01T00:00:00.000,2025-12-31T23:55:00.000,105120,สถานีสูบน้ำ คลองชักพระ,105120,0.0,12.5,0.0139316971,105120,0.0,27.5,0.0417950913,105120,0.0,43.0,0.0835854262,105120,0.0,57.0,0.16714707,105120,0.0,75.0,0.5013936454,105120,0.0,83.0,1.0027635084,105120,0.0,85.0,2.0055032344,105120,0.0,104.0,4.0109826865,2025,rain
RF.TWW.01,105120,2025-01-01T00:00:00.000,2025-12-31T23:55:00.000,105120,สำนักงานเขตทวีวัฒนา,105120,0.0,11.0,0.014478691,105120,0.0,30.5,0.0434360731,105120,0.0,54.5,0.0868721461,105120,0.0,95.0,0.1737442922,105120,0.0,148.0,0.5212328767,105120,0.0,157.0,1.0424657534,105120,0.0,158.0,2.0849315068,105120,0.0,159.5,4.1698630137,2025,rain
RF.TWW.02,105120,2025-01-01T00:00:00.000,2025-12-31T23:55:00.000,105120,ประตูระบายน้ำ คลองทวีวัฒนา,105120,0.0,14.0,0.0139269406,105120,0.0,34.0,0.0417808219,105120,0.0,54.5,0.0835616438,105120,0.0,68.5,0.1671232877,105120,0.0,93.5,0.501369863,105120,0.0,100.0,1.002739726,105120,0.0,101.0,2.0054794521,105120,0.0,101.5,4.0109589041,2025,rain
RF.TWW.03,105120,2025-01-01T00:00:00.000,2025-12-31T23:55:00.000,105120,ประตูระบายน้ำ คลองขุนศรีบุรีรักษ์ ตอนคลองมหาสวัสดิ์,105120,0.0,13.0,0.0139982877,105120,0.0,31.0,0.041994863,105120,0.0,47.0,0.083989726,105120,0.0,56.5,0.1679794521,105120,0.0,79.0,0.5039383562,105120,0.0,85.0,1.0078767123,105120,0.0,86.0,2.0157534247,105120,0.0,86.5,4.0315068493,2025,rain
RF.TWW.04,105120,2025-01-01T00:00:00.000,2025-12-31T23:55:00.000,105120,จุดวัดคลองทวีวัฒนา ตอนคลองบางเชือกหนัง,105120,0.0,8.5,0.0114773592,105120,0.0,19.0,0.0344320776,105120,0.0,31.5,0.0688641553,105120,0.0,44.0,0.1377283105,105120,0.0,60.0,0.4131849315,105120,0.0,65.5,0.826369863,105120,0.0,66.0,1.652739726,105120,0.0,69.5,3.3054794521,2025,rain
RF.WTL.01,105120,2025-01-01T00:00:00.000,2025-12-31T23:55:00.000,105120,สำนักงานเขตวังทองหลาง,105120,0.0,15.5,0.0172469559,105120,0.0,37.5,0.0517408676,105120,0.0,54.5,0.1034817352,105120,0.0,78.0,0.2069634703,105120,0.0,104.0,0.620890411,105120,0.0,117.0,1.2417808219,105120,0.0,117.0,2.4835616438,105120,0.0,136.0,4.9671232877,2025,rain
RF.WTL.02,105120,2025-01-01T00:00:00.000,2025-12-31T23:55:00.000,105120,ประตูระบายน้ำ คลองลาดพร้าว,105120,0.0,20.5,0.0178224886,105120,0.0,44.5,0.0534579528,105120,0.0,79.0,0.1069111492,105120,0.0,120.0,0.2138175419,105120,0.0,127.5,0.6414431126,105120,0.0,130.0,1.2828814688,105120,0.0,130.0,2.5657581811,105120,0.0,164.0,5.1315211187,2025,rain
RF.WTL.03,105120,2025-01-01T00:00:00.000,2025-12-31T23:55:00.000,105120,สถานีสูบน้ำ คลองเจ้าคุณสิงห์,105120,0.0,16.5,0.0163432268,105120,0.0,32.5,0.0490296804,105120,0.0,51.0,0.0980593607,105120,0.0,75.0,0.1961187215,105120,0.0,81.5,0.5883561644,105120,0.0,103.5,1.1767123288,105120,0.0,104.0,2.3534246575,105120,0.0,123.5,4.7068493151,2025,rain
RF.WTN.01,105120,2025-01-01T00:00:00.000,2025-12-31T23:55:00.000,105120,สำนักงานเขตวัฒนา,105120,0.0,14.0,0.0180222603,105120,0.0,34.5,0.0540667808,105120,0.0,56.5,0.1081335616,105120,0.0,87.5,0.2162671233,105120,0.0,94.0,0.6488013699,105120,0.0,118.5,1.2976027397,105120,0.0,118.5,2.5952054795,105120,0.0,149.0,5.1904109589,2025,rain
RF.WTN.02,105120,2025-01-01T00:00:00.000,2025-12-31T23:55:00.000,105120,สถานีสูบน้ำ คลองแสนแสบตอนคลองตัน,105120,0.0,13.0,0.0166714231,105120,0.0,33.5,0.0499952435,105120,0.0,60.5,0.0999809741,105120,0.0,89.5,0.1999524353,105120,0.0,99.5,0.5998382801,105120,0.0,102.0,1.1996670472,105120,0.0,104.0,2.3993245814,105120,0.0,149.5,4.7986491629,2025,rain
RF.YNW.01,105120,2025-01-01T00:00:00.000,2025-12-31T23:55:00.000,105120,สำนักงานเขตยานนาวา,105120,0.0,10.0,0.0160245434,105120,0.0,25.0,0.0480736301,105120,0.0,45.0,0.0961472603,105120,0.0,71.5,0.1922945205,105120,0.0,90.0,0.5768835616,105120,0.0,90.0,1.1537671233,105120,0.0,90.5,2.3075342466,105120,0.0,97.5,4.6150684932,2025,rain
RF.YNW.02,105120,2025-01-01T00:00:00.000,2025-12-31T23:55:00.000,105120,สถานีสูบน้ำ คลองช่องนนทรี,105120,0.0,11.5,0.0143835616,105120,0.0,22.5,0.0431506849,105120,0.0,42.5,0.0863013699,105120,0.0,57.5,0.1726027397,105120,0.0,76.0,0.5178082192,105120,0.0,76.5,1.0356164384,105120,0.0,76.5,2.0712328767,105120,0.0,88.5,4.1424657534,2025,rain
RF.YNW.03,105120,2025-01-01T00:00:00.000,2025-12-31T23:55:00.000,105120,ประตูระบายน้ำ คลองวัดด่าน,105120,0.0,9.5,0.0127616058,105120,0.0,25.5,0.0382753044,105120,0.0,45.5,0.0765458524,105120,0.0,61.0,0.1530869482,105120,0.0,66.0,0.4592513318,105120,0.0,67.0,0.9184979072,105120,0.0,67.0,1.8369910578,105120,0.0,67.0,3.6739821157,2025,rain
