station,rows,ts_min,ts_max,n_ts,name,n_wl_in,min_wl_in,max_wl_in,avg_wl_in,n_wl_out01,min_wl_out01,max_wl_out01,avg_wl_out01,n_wl_out02,min_wl_out02,max_wl_out02,avg_wl_out02,year,dataset
WL.BBN.01,105120,2019-01-01T00:00:00.000,2019-12-31T23:55:00.000,105120,จุดวัดคลองบางบอน ตอนถนนบางขุนเทียน,103092,-0.68,0.51,-0.1192796725,0,,,,0,,,,2019,water
WL.BBN.02,105120,2019-01-01T00:00:00.000,2019-12-31T23:55:00.000,105120,จุดวัดคลองบางบอน ตอนถนนกาญจนาภิเษก,102991,-0.3,0.59,-0.0041206513,0,,,,0,,,,2019,water
WL.BBN.03,105120,2019-01-01T00:00:00.000,2019-12-31T23:55:00.000,105120,จุดวัดคลองบางบอน ตอนคลองสะแกงาม,105120,-0.29,0.56,0.0351366058,0,,,,0,,,,2019,water
WL.BBR.01,105120,2019-01-01T00:00:00.000,2019-12-31T23:55:00.000,105120,จุดวัดคลองบางบำหรุ ตอนถนนบรมราชชนนี,103074,-1.08,0.84,0.1550159109,0,,,,0,,,,2019,water
WL.BBR.02,105120,2019-01-01T00:00:00.000,2019-12-31T23:55:00.000,105120,จุดวัดคลองบางบำหรุ ตอนถนนสิรินธร,102237,-0.21,1.67,0.7604428925,0,,,,0,,,,2019,water
WL.BBU.01,105120,2019-01-01T00:00:00.000,2019-12-31T23:55:00.000,105120,จุดวัดคลองบางบัว,105120,-0.38,0.8,-0.0765443303,0,,,,0,,,,2019,water
WL.BCN.01,105120,2019-01-01T00:00:00.000,2019-12-31T23:55:00.000,105120,จุดวัดคลองบางเชือกหนัง ตอนถนนกาญจนาภิเษก,105120,0.08,0.85,0.4448140221,0,,,,0,,,,2019,water
WL.BCN.02,105120,2019-01-01T00:00:00.000,2019-12-31T23:55:00.000,105120,จุดวัดคลองบางเชือกหนัง ตอนถนนพุทธมณฑลสาย 1,105120,-0.14,1.09,0.4386656202,0,,,,0,,,,2019,water
WL.BCN.03,105120,2019-01-01T00:00:00.000,2019-12-31T23:55:00.000,105120,จุดวัดคลองบางเชือกหนัง ตอนถนนพุทธมณฑลสาย 2,105120,0.17,0.89,0.4986884513,0,,,,0,,,,2019,water
WL.BJK.01,105120,2019-01-01T00:00:00.000,2019-12-31T23:55:00.000,105120,สถานีสูบน้ำ บางจาก,105120,-1.41,-0.16,-0.9686797945,105120,-1.6,1.88,0.2227500951,0,,,,2019,water
WL.BJK.02,105120,2019-01-01T00:00:00.000,2019-12-31T23:55:00.000,105120,"""จุดวัดคลองบางจาก ตอนซอยเพชรเกษม 68 """,104975,-0.03,0.88,0.328028483,0,,,,0,,,,2019,water
WL.BJK.03,105120,2019-01-01T00:00:00.000,2019-12-31T23:55:00.000,105120,จุดวัดคลองบางจาก ตอนคลองบางหว้า,105120,0.26,0.81,0.378337519,0,,,,0,,,,2019,water
WL.BJK.04,105120,2019-01-01T00:00:00.000,2019-12-31T23:55:00.000,105120,"""จุดวัดคลองบางจาก ตอนถนนพุทธมณฑลสาย 2 """,105120,0.04,1.14,0.3843844178,0,,,,0,,,,2019,water
WL.BKA.01,105120,2019-01-01T00:00:00.000,2019-12-31T23:55:00.000,105120,สถานีสูบน้ำ คลองบางเขนใหม่,105120,-2.38,0.85,-0.3662672184,105120,-0.8,2.38,0.474016933,0,,,,2019,water
WL.BKA.02,105120,2019-01-01T00:00:00.000,2019-12-31T23:55:00.000,105120,จุดวัดคลองบางเขน ช่วงถนนกรุงเทพ-นนทบุรี,105120,-1.38,0.48,-0.2925562215,0,,,,0,,,,2019,water
WL.BKA.03,105120,2019-01-01T00:00:00.000,2019-12-31T23:55:00.000,105120,จุดวัดคลองบางเขน ช่วงถนนประชาชื่น,105120,-0.74,0.63,-0.0916429795,0,,,,0,,,,2019,water
WL.BKA.04,105120,2019-01-01T00:00:00.000,2019-12-31T23:55:00.000,105120,จุดวัดคลองบางเขน ช่วงถนนวิภาวดีรังสิต,105120,-0.01,0.54,0.2791835046,0,,,,0,,,,2019,water
WL.BKB.01,105120,2019-01-01T00:00:00.000,2019-12-31T23:55:00.000,105120,จุดวัดคลองบางกระบือ ตอนถนนสามเสน,104732,-1.02,0.8,-0.1764802544,0,,,,0,,,,2019,water
WL.BKG.01,105120,2019-01-01T00:00:00.000,2019-12-31T23:55:00.000,105120,ประตูระบายน้ำ คลองบึงขวาง,105120,-0.83,0.43,-0.3651455479,105120,-1.24,1.74,-0.2854107686,0,,,,2019,water
WL.BKL.01,105120,2019-01-01T00:00:00.000,2019-12-31T23:55:00.000,105120,จุดวัดคลองบางโคลัด ตอนถนนบางบอน 1,104971,-0.19,0.64,0.1638161016,0,,,,0,,,,2019,water
WL.BKY.01,105120,2019-01-01T00:00:00.000,2019-12-31T23:55:00.000,105120,สถานีสูบน้ำ คลองบางกอกใหญ่,105120,-1.5,1.11,0.1750490868,105120,-1.3,1.93,0.3527987062,0,,,,2019,water
WL.BKY.02,105120,2019-01-01T00:00:00.000,2019-12-31T23:55:00.000,105120,จุดวัดคลองบางเชือกหนัง ตอนวัดปากน้ำฝั่งใต้,105120,-0.44,0.63,0.2135337709,0,,,,0,,,,2019,water
WL.BLP.02,105120,2019-01-01T00:00:00.000,2019-12-31T23:55:00.000,105120,จุดวัดคลองบางลำพู ตอนสะพานผ่านฟ้า,104968,-1.05,0.45,-0.3768451338,0,,,,0,,,,2019,water
WL.BLY.01,105120,2019-01-01T00:00:00.000,2019-12-31T23:55:00.000,105120,จุดวัดคลองบ้านหลาย ตอนถนนสุขุมวิท 77,61425,-3.0,0.51,-0.534554823,0,,,,0,,,,2019,water
WL.BMK.01,105120,2019-01-01T00:00:00.000,2019-12-31T23:55:00.000,105120,จุดวัดคลองบางมะเขือ ตอนถนนสุขุมวิท 71,102317,-1.54,-0.51,-0.9840723438,0,,,,0,,,,2019,water
WL.BNA.01,105120,2019-01-01T00:00:00.000,2019-12-31T23:55:00.000,105120,สถานีสูบน้ำ บางนา,105119,-3.0,0.5,-0.6233072993,105120,-2.78,3.83,0.3601460236,0,,,,2019,water
WL.BNA.02,105120,2019-01-01T00:00:00.000,2019-12-31T23:55:00.000,105120,จุดวัดคลองบางนา ตอนถนนสุขุมวิท,76711,-2.84,2.57,-0.5834104626,0,,,,0,,,,2019,water
WL.BNA.03,105120,2019-01-01T00:00:00.000,2019-12-31T23:55:00.000,105120,จุดวัดคลองบางนา ตอนถนนศรีนครินทร์,105120,-0.96,0.33,-0.4680891362,0,,,,0,,,,2019,water
WL.BNJ.01,105120,2019-01-01T00:00:00.000,2019-12-31T23:55:00.000,105120,จุดวัดคลองบางนางจีน ตอนสถานีสูบน้ำบางนางจีน,104444,-1.54,-0.24,-0.8178532994,0,,,,0,,,,2019,water
WL.BNJ.02,105120,2019-01-01T00:00:00.000,2019-12-31T23:55:00.000,105120,จุดวัดคลองบางนางจีน ตอนซอยสุขุมวิท 66/1,93927,-3.0,1.12,-1.1496392943,0,,,,0,,,,2019,water
WL.BNJ.03,105120,2019-01-01T00:00:00.000,2019-12-31T23:55:00.000,105120,จุดวัดคลองบางนางจีน ตอนซอยสุขุมวิท 93,101039,-3.0,-0.11,-0.7601901246,0,,,,0,,,,2019,water
WL.BNJ.04,105120,2019-01-01T00:00:00.000,2019-12-31T23:55:00.000,105120,จุดวัดคลองบางนางจีน ตอนถนนสุขุมวิท 101/1,104931,-1.68,-0.08,-0.9846726897,0,,,,0,,,,2019,water
WL.BOA.01,105120,2019-01-01T00:00:00.000,2019-12-31T23:55:00.000,105120,สถานีสูบน้ำ บางอ้อ,105120,-1.61,0.67,-0.8623714802,105120,-0.86,2.03,0.4217344939,0,,,,2019,water
WL.BOA.02,105120,2019-01-01T00:00:00.000,2019-12-31T23:55:00.000,105120,จุดวัดคลองบางอ้อ ตอนซอยสุขุมวิท 64,96632,-1.47,0.03,-0.9739115407,0,,,,0,,,,2019,water
WL.BPA.01,105120,2019-01-01T00:00:00.000,2019-12-31T23:55:00.000,105120,จุดวัดคลองบ้านป่า ตอนถนนพัฒนาการ,104782,-0.78,0.12,-0.4416697524,0,,,,0,,,,2019,water
WL.BPM.01,105120,2019-01-01T00:00:00.000,2019-12-31T23:55:00.000,105120,จุดวัดคลองบางพรม ตอนคลองชักพระ,105120,-0.44,0.82,0.3950774353,0,,,,0,,,,2019,water
WL.BPM.02,105120,2019-01-01T00:00:00.000,2019-12-31T23:55:00.000,105120,จุดวัดคลองบางพรม ตอนถนนฉิมพลี,105120,-0.1,0.81,0.4132432458,0,,,,0,,,,2019,water
WL.BPM.03,105120,2019-01-01T00:00:00.000,2019-12-31T23:55:00.000,105120,จุดวัดคลองบางพรม ตอนถนนกาญจนาภิเษก,105120,0.07,0.82,0.4491900685,0,,,,0,,,,2019,water
WL.BPM.04,105120,2019-01-01T00:00:00.000,2019-12-31T23:55:00.000,105120,จุดวัดคลองบางพรม ตอนถนนพุทธมณฑลสาย 3,105120,0.15,0.84,0.4806956811,0,,,,0,,,,2019,water
WL.BPN.01,105120,2019-01-01T00:00:00.000,2019-12-31T23:55:00.000,105120,จุดวัดคลองบางพราน ตอนถนนบางบอน 1,63373,-3.0,0.44,-0.0197334827,0,,,,0,,,,2019,water
WL.BPN.02,105120,2019-01-01T00:00:00.000,2019-12-31T23:55:00.000,105120,จุดวัดคลองบางพราน ตอนถนนบางบอน 2,104969,-0.12,0.76,0.1665172575,0,,,,0,,,,2019,water
WL.BPU.01,105120,2019-01-01T00:00:00.000,2019-12-31T23:55:00.000,105120,จุดวัดสถานตากอากาศบางปู,105120,-0.3,1.78,0.3189714612,0,,,,0,,,,2019,water
WL.BSK.01,105120,2019-01-01T00:00:00.000,2019-12-31T23:55:00.000,105120,สถานีสูบน้ำ คลองบางไส้ไก่,105120,-1.32,0.69,0.0453819444,105120,-0.74,1.83,0.3867183219,0,,,,2019,water
WL.BSU.01,105120,2019-01-01T00:00:00.000,2019-12-31T23:55:00.000,105120,สถานีสูบน้ำ คลองบางซื่อ,105120,-0.81,0.21,-0.3402651256,105120,-0.95,1.57,0.4178697679,0,,,,2019,water
WL.BSU.02,105120,2019-01-01T00:00:00.000,2019-12-31T23:55:00.000,105120,จุดวัดคลองบางซื่อ ช่วงถนนพระรามที่ 5,105120,-0.97,0.43,-0.3426634323,0,,,,0,,,,2019,water
WL.BSU.03,105120,2019-01-01T00:00:00.000,2019-12-31T23:55:00.000,105120,จุดวัดคลองบางซื่อ ตอนถนนพระรามที่ 6,97287,-1.25,3.55,-0.0323850052,0,,,,0,,,,2019,water
WL.BSU.04,105120,2019-01-01T00:00:00.000,2019-12-31T23:55:00.000,105120,จุดวัดคลองบางซื่อ ช่วงถนนพหลโยธิน,105120,-0.9,0.86,-0.1415226408,0,,,,0,,,,2019,water
WL.BSU.05,105120,2019-01-01T00:00:00.000,2019-12-31T23:55:00.000,105120,จุดวัดคลองบางซื่อ ช่วงถนนวิภาวดีรังสิต,105120,-1.54,0.65,-0.3487976598,0,,,,0,,,,2019,water
WL.BSU.06,105120,2019-01-01T00:00:00.000,2019-12-31T23:55:00.000,105120,จุดวัดคลองบางซื่อ ช่วงถนนรัชดาภิเษก (เจ้าพระยาปาร์ค),105120,-1.26,1.08,-0.0894300799,0,,,,0,,,,2019,water
WL.BTL.01,105120,2019-01-01T00:00:00.000,2019-12-31T23:55:00.000,105120,จุดวัดคลองบางตลาด ตอนท่าทราย,104976,0.07,1.23,0.3707400739,0,,,,0,,,,2019,water
WL.BTY.01,105120,2019-01-01T00:00:00.000,2019-12-31T23:55:00.000,105120,จุดวัดคลองบางเตย ตอนถนนนวมินทร์ 66/3,104965,-0.43,0.75,-0.0016784642,0,,,,0,,,,2019,water
WL.BWK.01,105120,2019-01-01T00:00:00.000,2019-12-31T23:55:00.000,105120,จุดวัดคลองบางแวก ตอนคลองบางกอกใหญ่,105120,-0.27,0.79,0.3639181887,0,,,,0,,,,2019,water
WL.BWK.02,105120,2019-01-01T00:00:00.000,2019-12-31T23:55:00.000,105120,จุดวัดคลองบางแวก ตอนถนนพุทธมณฑลสาย 1,105120,0.23,1.08,0.6230571728,0,,,,0,,,,2019,water
WL.BWK.03,105120,2019-01-01T00:00:00.000,2019-12-31T23:55:00.000,105120,จุดวัดคลองบางแวก ตอนคลองทวีวัฒนา,105120,0.18,1.57,0.4778185883,0,,,,0,,,,2019,water
WL.BYI.01,105120,2019-01-01T00:00:00.000,2019-12-31T23:55:00.000,105120,จุดวัดคลองบึงใหญ่ ตอนวัดทองสัมฤทธิ์,105120,-0.72,0.69,-0.2038230594,0,,,,0,,,,2019,water
WL.BYK.01,105120,2019-01-01T00:00:00.000,2019-12-31T23:55:00.000,105120,จุดวัดคลองบางยี่ขัน ตอนถนนจรัญสนิทวงศ์,72629,-3.0,0.93,0.1838714563,0,,,,0,,,,2019,water
WL.BYK.02,105120,2019-01-01T00:00:00.000,2019-12-31T23:55:00.000,105120,จุดวัดคลองบางยี่ขัน ตอนสถานีสูบน้ำคลองบางยี่ขัน,86947,-1.35,0.83,0.1039220445,0,,,,0,,,,2019,water
WL.CBJ.01,105120,2019-01-01T00:00:00.000,2019-12-31T23:55:00.000,105120,จุดวัดคลองชวดบางจาก ตอนถนนประชาอุทิศ,94053,-1.0,0.63,-0.5199937269,0,,,,0,,,,2019,water
WL.CKS.01,105120,2019-01-01T00:00:00.000,2019-12-31T23:55:00.000,105120,สถานีสูบน้ำ คลองเจ้าคุณสิงห์,105120,-1.34,-0.1,-0.7639710807,0,,,,0,,,,2019,water
WL.CKS.02,105120,2019-01-01T00:00:00.000,2019-12-31T23:55:00.000,105120,จุดวัดคลองเจ้าคุณสิงห์ ตอนถนนลาดพร้าว,73309,-2.54,0.53,-0.5557186703,0,,,,0,,,,2019,water
WL.CNS.01,105120,2019-01-01T00:00:00.000,2019-12-31T23:55:00.000,105120,สถานีสูบน้ำ คลองช่องนนทรี,105120,-2.44,0.37,-0.643726503,105120,-1.56,1.88,0.26399629,0,,,,2019,water
WL.CNS.02,105120,2019-01-01T00:00:00.000,2019-12-31T23:55:00.000,105120,จุดวัดคลองช่องนนทรี ตอนถนนนราธิวาสราชนครินทร์,80843,-1.38,0.21,-0.6972395878,0,,,,0,,,,2019,water
WL.CNS.03,105120,2019-01-01T00:00:00.000,2019-12-31T23:55:00.000,105120,จุดวัดคลองช่องนนทรี ตอนถนนจันทน์,104441,-3.0,0.43,-0.6668242357,0,,,,0,,,,2019,water
WL.CNS.04,105120,2019-01-01T00:00:00.000,2019-12-31T23:55:00.000,105120,จุดวัดคลองช่องนนทรี ตอนถนนสาทรใต้,69883,-3.0,0.33,-0.5968301304,0,,,,0,,,,2019,water
WL.CPA.01,105120,2019-01-01T00:00:00.000,2019-12-31T23:55:00.000,105120,สถานีสูบน้ำ คลองชักพระ,105120,-1.05,0.8,0.3342981355,105120,-1.1,1.33,0.4816796994,0,,,,2019,water
WL.CTC.01,105120,2019-01-01T00:00:00.000,2019-12-31T23:55:00.000,105120,จุดวัดคลองชวดตาเชียง ตอนสถานีสูบน้ำคลองชวดตาเชียง,102371,-0.98,0.24,-0.5058044759,0,,,,0,,,,2019,water
WL.CYI.01,105120,2019-01-01T00:00:00.000,2019-12-31T23:55:00.000,105120,จุดวัดคลองชวดใหญ่ ตอนถนนพระราม 9 ซอย 13,104963,-0.92,0.22,-0.4266510104,0,,,,0,,,,2019,water
WL.CYI.02,105120,2019-01-01T00:00:00.000,2019-12-31T23:55:00.000,105120,จุดวัดคลองชวดใหญ่ ตอนถนนพระราม 9,101666,-1.07,0.12,-0.5618659139,0,,,,0,,,,2019,water
WL.DKN.01,105120,2019-01-01T00:00:00.000,2019-12-31T23:55:00.000,105120,สถานีสูบน้ำ ดาวคะนอง,105120,-1.22,0.89,0.110505898,105120,-1.53,1.83,0.3519988584,0,,,,2019,water
WL.FTM.01,105120,2019-01-01T00:00:00.000,2019-12-31T23:55:00.000,105120,จุดวัดคลองโบสถ์แม่พระ ตอนถนนดินแดง,65126,-1.38,0.08,-0.590728127,0,,,,0,,,,2019,water
WL.HKG.01,105120,2019-01-01T00:00:00.000,2019-12-31T23:55:00.000,105120,จุดวัดคลองห้วยขวาง ตอนถนนประชาสงเคราะห์,75310,-2.08,0.28,-0.6915421591,0,,,,0,,,,2019,water
WL.HKG.02,105120,2019-01-01T00:00:00.000,2019-12-31T23:55:00.000,105120,จุดวัดคลองห้วยขวาง ตอนถนนเทียมร่วมมิตร,101402,-1.17,0.04,-0.7514958285,0,,,,0,,,,2019,water
WL.HMK.01,105120,2019-01-01T00:00:00.000,2019-12-31T23:55:00.000,105120,จุดวัดคลองหัวหมาก ตอนถนนศรีนครินทร์,102764,-0.76,-0.17,-0.48093126,0,,,,0,,,,2019,water
WL.IDE.01,105120,2019-01-01T00:00:00.000,2019-12-31T23:55:00.000,105120,จุดวัดบ่อสูบน้ำอินโดนีเซีย,0,,,,0,,,,0,,,,2019,water
WL.JRN.01,105120,2019-01-01T00:00:00.000,2019-12-31T23:55:00.000,105120,สถานีสูบน้ำ คลองแจงร้อน,105120,-1.83,0.97,0.0308250571,105120,-1.51,1.91,0.353291191,0,,,,2019,water
WL.KBU.01,105120,2019-01-01T00:00:00.000,2019-12-31T23:55:00.000,105120,ประตูระบายน้ำ คลองบัว ตอนทางรถไฟสายใต้,105120,-2.06,1.98,0.4111398402,105120,-0.86,1.48,0.4931714231,0,,,,2019,water
WL.KBU.02,105120,2019-01-01T00:00:00.000,2019-12-31T23:55:00.000,105120,จุดวัดคลองบัว ตอนถนนพุทธมณฑลสาย 1,102820,-0.18,0.78,0.3494149971,0,,,,0,,,,2019,water
WL.KDN.01,105120,2019-01-01T00:00:00.000,2019-12-31T23:55:00.000,105120,ประตูระบายน้ำ คลองวัดด่าน,105120,-1.61,1.78,-0.3523388508,105120,-1.16,1.79,0.3417209855,0,,,,2019,water
WL.KJA.01,105120,2019-01-01T00:00:00.000,2019-12-31T23:55:00.000,105120,จุดวัดคลองกะจะ ตอนถนนพระราม 9,95296,-3.0,2.08,1.2927117612,0,,,,0,,,,2019,water
WL.KJA.02,105120,2019-01-01T00:00:00.000,2019-12-31T23:55:00.000,105120,จุดวัดคลองกะจะ ตอนถนนพระราม 9 ซอย 57,104059,-2.98,1.31,0.3649772725,0,,,,0,,,,2019,water
WL.KJG.01,105120,2019-01-01T00:00:00.000,2019-12-31T23:55:00.000,105120,จุดวัดคลองจิก ตอนถนนหัวหมาก,104976,-1.37,-0.07,-0.6874160761,0,,,,0,,,,2019,water
WL.KJK.01,105120,2019-01-01T00:00:00.000,2019-12-31T23:55:00.000,105120,สถานีสูบน้ำ คลองเจ็ก,105120,-1.32,-0.21,-0.9059449201,105120,-1.39,1.87,0.2665814307,0,,,,2019,water
WL.KJK.02,105120,2019-01-01T00:00:00.000,2019-12-31T23:55:00.000,105120,จุดวัดคลองเจ็ก ตอนถนนสุขุมวิท 60/1,100180,-1.47,0.28,-0.8272048313,0,,,,0,,,,2019,water
WL.KJN.01,105120,2019-01-01T00:00:00.000,2019-12-31T23:55:00.000,105120,จุดวัดคลองจั่น ตอนถนนลาดพร้าว,104970,-0.77,0.36,-0.2560781176,0,,,,0,,,,2019,water
WL.KJN.02,105120,2019-01-01T00:00:00.000,2019-12-31T23:55:00.000,105120,จุดวัดคลองจั่น ตอนถนนโยธินพัฒนา,102222,-0.75,0.46,-0.4299504021,0,,,,0,,,,2019,water
WL.KJT.01,105120,2019-01-01T00:00:00.000,2019-12-31T23:55:00.000,105120,"""จุดวัดคลองจิต ตอนซอยลาดพร้าว 122 """,99479,-3.0,-0.29,-1.2204314478,0,,,,0,,,,2019,water
WL.KJU.01,105120,2019-01-01T00:00:00.000,2019-12-31T23:55:00.000,105120,จุดวัดคลองขุนจันทร์ ตอนถนนฉิมพลี,104563,-0.66,1.03,0.2402848044,0,,,,0,,,,2019,water
WL.KKD.01,105120,2019-01-01T00:00:00.000,2019-12-31T23:55:00.000,105120,จุดวัดคลองเคล็ด ตอนถนนสุขุมวิท 77,62697,-0.8,0.0,-0.21626904,0,,,,0,,,,2019,water
WL.KKD.02,105120,2019-01-01T00:00:00.000,2019-12-31T23:55:00.000,105120,จุดวัดคลองเคล็ด ตอนถนนสุภาพงษ์ 1,96032,-1.05,0.26,-0.559291382,0,,,,0,,,,2019,water
WL.KKD.03,105120,2019-01-01T00:00:00.000,2019-12-31T23:55:00.000,105120,จุดวัดคลองเคล็ด ตอนถนนศรีนครินทร์,104984,-0.56,0.63,-0.3982936447,0,,,,0,,,,2019,water
WL.KKO.01,105120,2019-01-01T00:00:00.000,2019-12-31T23:55:00.000,105120,จุดวัดคลองเก้า ตอนวัดศรีสุขสถาพร,105120,-0.78,1.36,0.2637866248,0,,,,0,,,,2019,water
WL.KKS.01,105120,2019-01-01T00:00:00.000,2019-12-31T23:55:00.000,105120,สถานีสูบน้ำ เทเวศร์,105120,-0.89,0.66,-0.208173516,105120,-1.34,2.09,0.317446347,0,,,,2019,water
WL.KKS.02,105120,2019-01-01T00:00:00.000,2019-12-31T23:55:00.000,105120,จุดวัดคลองผดุงกรุงเกษม ตอนทำเนียบรัฐบาล,104969,-1.04,0.41,-0.3641240747,0,,,,0,,,,2019,water
WL.KKS.03,105120,2019-01-01T00:00:00.000,2019-12-31T23:55:00.000,105120,จุดวัดคลองผดุงกรุงเกษม ตอนหัวลำโพง,102359,-1.2,0.33,-0.4423902148,0,,,,0,,,,2019,water
WL.KKS.04,105120,2019-01-01T00:00:00.000,2019-12-31T23:55:00.000,105120,สถานีสูบน้ำ กรุงเกษม,105120,-0.78,-0.23,-0.4461647641,105120,-1.7,1.81,0.3418990677,0,,,,2019,water
WL.KKY.01,105120,2019-01-01T00:00:00.000,2019-12-31T23:55:00.000,105120,จุดวัดคลองควาย ตอนถนนศาลาธรรมสพน์,82988,-1.43,1.02,0.4149771051,0,,,,0,,,,2019,water
WL.KKY.02,105120,2019-01-01T00:00:00.000,2019-12-31T23:55:00.000,105120,จุดวัดคลองควาย ตอนถนนบรมราชชนนี,98737,-3.0,0.91,0.4414751309,0,,,,0,,,,2019,water
WL.KLA.01,105120,2019-01-01T00:00:00.000,2019-12-31T23:55:00.000,105120,จุดวัดคลองลาว ตอนถนนพัฒนาการ,104961,-0.83,0.28,-0.4876548432,0,,,,0,,,,2019,water
WL.KLD.01,105120,2019-01-01T00:00:00.000,2019-12-31T23:55:00.000,105120,จุดวัดคลองหลอด ตอนสถานีสูบน้ำปากคลองตลาด,102324,-3.0,0.7,0.2768115007,0,,,,0,,,,2019,water
WL.KLD.02,105120,2019-01-01T00:00:00.000,2019-12-31T23:55:00.000,105120,จุดวัดคลองหลอด ตอนถนนราชดำเนินใน,104971,-0.65,0.72,0.2950075735,0,,,,0,,,,2019,water
WL.KLT.01,105120,2019-01-01T00:00:00.000,2019-12-31T23:55:00.000,105120,จุดวัดคลองตัน ช่วงใต้ทางด่วน,105120,-0.98,-0.22,-0.5510070396,0,,,,0,,,,2019,water
WL.KMN.01,105120,2019-01-01T00:00:00.000,2019-12-31T23:55:00.000,105120,สถานีสูบน้ำ คลองมอญ,105120,-0.92,0.96,0.2471272831,105120,-1.03,1.63,0.3733226788,0,,,,2019,water
WL.KNB.01,105120,2019-01-01T00:00:00.000,2019-12-31T23:55:00.000,105120,จุดวัดคลองหนองบอน ตอนอ่อนนุช 66 ซอย 13,101100,-3.0,3.09,0.7703221563,0,,,,0,,,,2019,water
WL.KNB.02,105120,2019-01-01T00:00:00.000,2019-12-31T23:55:00.000,105120,จุดวัดคลองหนองบอน ตอนถนนเฉลิมพระเกียรติรัชกาลที่ 9,104966,-0.69,0.52,-0.4134295867,0,,,,0,,,,2019,water
WL.KPG.01,105120,2019-01-01T00:00:00.000,2019-12-31T23:55:00.000,105120,จุดวัดคลองเป้ง ตอนซอยเอกมัย 23,101923,-1.88,-0.36,-1.1581108288,0,,,,0,,,,2019,water
WL.KPM.01,105120,2019-01-01T00:00:00.000,2019-12-31T23:55:00.000,105120,จุดวัดคลองเปรมประชากร ช่วงสถานีน้ำอุโมงค์คลองเปรมประชากร,105120,-0.81,0.47,-0.2299882991,0,,,,0,,,,2019,water
WL.KPM.02,105120,2019-01-01T00:00:00.000,2019-12-31T23:55:00.000,105120,จุดวัดคลองเปรมประชากร ตอนถนนรัชดาภิเษก,104976,-1.74,0.56,-0.2086190177,0,,,,0,,,,2019,water
WL.KPM.03,105120,2019-01-01T00:00:00.000,2019-12-31T23:55:00.000,105120,จุดวัดคลองเปรมประชากร ช่วงวัดเทวสุนทร,105120,-0.51,0.68,-0.1126749429,0,,,,0,,,,2019,water
WL.KPM.04,105120,2019-01-01T00:00:00.000,2019-12-31T23:55:00.000,105120,คลองเปรมประชากร ตอนคลองบางตลาด*,96627,-3.0,0.95,0.1442713734,0,,,,0,,,,2019,water
WL.KPM.05,105120,2019-01-01T00:00:00.000,2019-12-31T23:55:00.000,105120,จุดวัดคลองเปรมประชากร ตอนถนนสรงประภา,98789,0.05,3.58,0.3019819008,0,,,,0,,,,2019,water
WL.KPM.06,105120,2019-01-01T00:00:00.000,2019-12-31T23:55:00.000,105120,จุดวัดคลองเปรมประชากร ตอนคลองบ้านใหม่,105120,0.15,1.61,0.4955367199,0,,,,0,,,,2019,water
WL.KSG.01,105120,2019-01-01T00:00:00.000,2019-12-31T23:55:00.000,105120,จุดวัดคลองสอง ตอนถนนพหลโยธิน,97312,-0.23,3.55,0.0609775773,0,,,,0,,,,2019,water
WL.KSI.01,105120,2019-01-01T00:00:00.000,2019-12-31T23:55:00.000,105120,จุดวัดคลองสี่ ตอนถนนสุวินทวงศ์,104763,-0.82,0.65,-0.2328651337,0,,,,0,,,,2019,water
WL.KSI.02,105120,2019-01-01T00:00:00.000,2019-12-31T23:55:00.000,105120,จุดวัดคลองสี่ ตอนถนนเจ้าคุณทหาร,104935,-1.75,-0.32,-1.0895373326,0,,,,0,,,,2019,water
WL.KSK.01,105120,2019-01-01T00:00:00.000,2019-12-31T23:55:00.000,105120,"""จุดวัดคลองขุนสกล ตอนซอยศรีนครินทร์ 36 """,90402,-3.0,3.0,-0.5478190748,0,,,,0,,,,2019,water
WL.KSM.01,105120,2019-01-01T00:00:00.000,2019-12-31T23:55:00.000,105120,จุดวัดคลองสาม ตอนร่มเกล้า 17,104967,-0.93,3.56,-0.3833496242,0,,,,0,,,,2019,water
WL.KSM.02,105120,2019-01-01T00:00:00.000,2019-12-31T23:55:00.000,105120,จุดวัดคลองสาม ตอนมอเตอร์เวย์,104966,-0.84,0.48,-0.2138054227,0,,,,0,,,,2019,water
WL.KSO.01,105120,2019-01-01T00:00:00.000,2019-12-31T23:55:00.000,105120,จุดวัดคลองซอย ตอนถนนบรมราชชนนี,103979,0.12,0.86,0.4697805326,0,,,,0,,,,2019,water
WL.KSO.02,105120,2019-01-01T00:00:00.000,2019-12-31T23:55:00.000,105120,จุดวัดคลองซอย ตอนถนนศาลาธรรมสพน์,104972,0.1,0.82,0.462664139,0,,,,0,,,,2019,water
WL.KTK.03,105120,2019-01-01T00:00:00.000,2019-12-31T23:55:00.000,105120,จุดวัดคลองขรัวตาแก่น ตอนซอยสะพานขวา,59173,-3.0,2.23,-0.3152142024,0,,,,0,,,,2019,water
WL.KTY.01,105120,2019-01-01T00:00:00.000,2019-12-31T23:55:00.000,105120,สถานีสูบน้ำ คลองเตย,105120,-1.98,-0.1,-1.1893273402,105120,-1.31,1.94,0.1734545282,0,,,,2019,water
WL.LBK.01,105120,2019-01-01T00:00:00.000,2019-12-31T23:55:00.000,105120,จุดวัดคลองลาดบัวขาว ตอนถนนรามคำแหง,95914,-0.61,0.25,-0.3160390558,0,,,,0,,,,2019,water
WL.LBK.02,105120,2019-01-01T00:00:00.000,2019-12-31T23:55:00.000,105120,จุดวัดคลองลาดบัวขาว ตอนถนนเคหะร่มเกล้า,101137,-0.76,0.05,-0.4846695077,0,,,,0,,,,2019,water
WL.LBK.03,105120,2019-01-01T00:00:00.000,2019-12-31T23:55:00.000,105120,จุดวัดคลองลาดบัวขาว ตอนซอยกาญจนาภิเษก 24,99695,-1.0,0.17,-0.373435077,0,,,,0,,,,2019,water
WL.LCL.01,105120,2019-01-01T00:00:00.000,2019-12-31T23:55:00.000,105120,จุดวัดคลองลำชะล่า ตอนถนนนวมินทร์,105120,-0.15,1.7,0.1751442161,0,,,,0,,,,2019,water
WL.LCL.02,105120,2019-01-01T00:00:00.000,2019-12-31T23:55:00.000,105120,จุดวัดคลองลำชะล่า ตอนซอยนวมินทร์ 86,102915,-1.18,0.17,-0.9554868581,0,,,,0,,,,2019,water
WL.LKB.01,105120,2019-01-01T00:00:00.000,2019-12-31T23:55:00.000,105120,จุดวัดคลองลาดกระบัง ตอนซอยลาดกระบัง 54/6,103163,-0.87,0.45,-0.2350758508,0,,,,0,,,,2019,water
WL.LOA.01,105120,2019-01-01T00:00:00.000,2019-12-31T23:55:00.000,105120,จุดวัดคลองรางอ้อ-รางแก้ว ตอนถนนพหลโยธิน,103694,-0.05,1.14,0.1697976739,0,,,,0,,,,2019,water
WL.LPC.01,105120,2019-01-01T00:00:00.000,2019-12-31T23:55:00.000,105120,จุดวัดคลองลำผักชี ตอนโรงเรียนลำผักชี,105120,-0.66,0.65,-0.2282873858,0,,,,0,,,,2019,water
WL.LPG.01,105120,2019-01-01T00:00:00.000,2019-12-31T23:55:00.000,105120,จุดวัดคลองหลวงแพ่ง ตอนโรงเรียนผลลีรุ่งเรือง,87751,-1.36,0.59,-0.4257171998,0,,,,0,,,,2019,water
WL.LPG.02,105120,2019-01-01T00:00:00.000,2019-12-31T23:55:00.000,105120,ประตูระบายน้ำ คลองหลวงแพ่ง,105120,-1.55,0.69,-0.3539300799,105120,-1.12,0.72,-0.4286692352,0,,,,2019,water
WL.LPG.03,105120,2019-01-01T00:00:00.000,2019-12-31T23:55:00.000,105120,จุดวัดคลองหลวงแพ่ง ตอนวัดลำต้อยติ่ง,104842,-1.34,0.77,-0.3385427596,0,,,,0,,,,2019,water
WL.LPI.01,105120,2019-01-01T00:00:00.000,2019-12-31T23:55:00.000,105120,จุดวัดคลองหลุมไผ่ ตอนซอยลาดปลาเค้า 63,103955,-0.54,0.59,-0.1426575922,0,,,,0,,,,2019,water
WL.LPI.02,105120,2019-01-01T00:00:00.000,2019-12-31T23:55:00.000,105120,จุดวัดคลองหลุมไผ่ ตอนถนนประเสริฐมนูกิจ29,92749,-0.32,0.82,-0.1137670487,0,,,,0,,,,2019,water
WL.LPN.01,105120,2019-01-01T00:00:00.000,2019-12-31T23:55:00.000,105120,สถานีสูบน้ำ คลองเลนเปน,105120,-1.44,1.46,-0.2872910959,105120,-0.65,1.03,0.5117182268,0,,,,2019,water
WL.LPT.01,105120,2019-01-01T00:00:00.000,2019-12-31T23:55:00.000,105120,จุดวัดคลองลำปลาทิว ตอนถนนสังฆสันติสุข,102029,-3.0,1.14,0.1838061728,0,,,,0,,,,2019,water
WL.LPT.02,105120,2019-01-01T00:00:00.000,2019-12-31T23:55:00.000,105120,จุดวัดคลองลำปลาทิว ตอนซอยฉลองกรุง 54,95654,-0.79,0.78,-0.0952017689,0,,,,0,,,,2019,water
WL.LPT.03,105120,2019-01-01T00:00:00.000,2019-12-31T23:55:00.000,105120,จุดวัดคลองลำปลาทิว ตอนซอยฉลองกรุง 8,104978,-1.45,0.03,-0.7499618015,0,,,,0,,,,2019,water
WL.LPT.04,105120,2019-01-01T00:00:00.000,2019-12-31T23:55:00.000,105120,"""จุดวัดคลองลำปลาทิว ตอนซอยเชื่อมสัมพันธ์ 25 """,104959,-1.09,0.5,-0.3736250345,0,,,,0,,,,2019,water
WL.LPW.01,105120,2019-01-01T00:00:00.000,2019-12-31T23:55:00.000,105120,ประตูระบายน้ำ คลองลาดพร้าว,105120,-0.72,0.44,-0.3381347032,105120,-0.69,0.42,-0.3303810883,0,,,,2019,water
WL.LPW.02,105120,2019-01-01T00:00:00.000,2019-12-31T23:55:00.000,105120,จุดวัดคลองลาดพร้าว ช่วงวัดลาดพร้าว,105120,-0.38,0.78,-0.0868564498,0,,,,0,,,,2019,water
WL.LPW.03,105120,2019-01-01T00:00:00.000,2019-12-31T23:55:00.000,105120,จุดวัดคลองลาดพร้าว ช่วงซอยเสนานิคม,105120,-0.39,0.73,-0.1415091324,0,,,,0,,,,2019,water
WL.LPW.04,105120,2019-01-01T00:00:00.000,2019-12-31T23:55:00.000,105120,จุดวัดคลองลาดพร้าว ตอนถนนประชาอุทิศ,104681,-3.0,0.41,-0.4291592553,0,,,,0,,,,2019,water
WL.LPW.05,105120,2019-01-01T00:00:00.000,2019-12-31T23:55:00.000,105120,จุดวัดคลองลาดพร้าว ช่วงถนนประดิษฐ์มนูธรรม,105120,-0.95,0.07,-0.4469763128,0,,,,0,,,,2019,water
WL.LSG.01,105120,2019-01-01T00:00:00.000,2019-12-31T23:55:00.000,105120,จุดวัดคลองหลอด 2 ตอนถนนบางนา ตราด,92143,-2.15,0.02,-1.2768772452,0,,,,0,,,,2019,water
WL.LSM.01,105120,2019-01-01T00:00:00.000,2019-12-31T23:55:00.000,105120,จุดวัดคลองหลอด 3 ตอนถนนบางนา ตราด,99151,-3.0,0.15,-1.5408923763,0,,,,0,,,,2019,water
WL.LYW.01,105120,2019-01-01T00:00:00.000,2019-12-31T23:55:00.000,105120,จุดวัดคลองลาดยาว ตอน ถนนรัชดาภิเษก,104928,-1.59,0.42,-1.3466725755,0,,,,0,,,,2019,water
WL.LYW.02,105120,2019-01-01T00:00:00.000,2019-12-31T23:55:00.000,105120,จุดวัดคลองลาดยาว ตอนถนนวิภาวดีรังสิต 44,94309,-1.29,0.17,-1.1477362712,0,,,,0,,,,2019,water
WL.MID.01,105120,2019-01-01T00:00:00.000,2019-12-31T23:55:00.000,105120,จุดวัดคูน้ำกรมสารวัตรทหาร,59058,-2.41,0.4,-0.85121677,0,,,,0,,,,2019,water
WL.MSW.01,105120,2019-01-01T00:00:00.000,2019-12-31T23:55:00.000,105120,จุดวัดคลองมหาสวัสดิ์ ตอนคลองสวนแดน 2,105120,-0.06,1.59,0.5381953006,0,,,,0,,,,2019,water
WL.MSW.02,105120,2019-01-01T00:00:00.000,2019-12-31T23:55:00.000,105120,จุดวัดคลองมหาสวัสดิ์ ตอนวัดปุรณาวาส,104967,0.13,3.67,0.5064513609,0,,,,0,,,,2019,water
WL.MSW.03,105120,2019-01-01T00:00:00.000,2019-12-31T23:55:00.000,105120,จุดวัดคลองมหาสวัสดิ์ ตอนถนนพุทธมณฑลสาย 2,105120,-0.14,1.41,0.4867771119,0,,,,0,,,,2019,water
WL.NBN.01,105120,2019-01-01T00:00:00.000,2019-12-31T23:55:00.000,105120,จุดวัดบึงหนองบอน,105120,-4.61,-1.51,-2.8549494863,68713,-5.03,0.02,-0.8561441066,0,,,,2019,water
WL.NK3.01,105120,2019-01-01T00:00:00.000,2019-12-31T23:55:00.000,105120,จุดวัดคลองคูนายกิมสาย 3  ตอนถนนประชาอุทิศ,104978,-0.37,1.29,0.1998502543,0,,,,0,,,,2019,water
WL.NKW.01,105120,2019-01-01T00:00:00.000,2019-12-31T23:55:00.000,105120,จุดวัดคลองน้ำแก้ว ตอนถนนรัชดาภิเษก,105120,-1.01,0.56,-0.3496038813,0,,,,0,,,,2019,water
WL.NKW.02,105120,2019-01-01T00:00:00.000,2019-12-31T23:55:00.000,105120,จุดวัดคลองน้ำแก้ว ตอนซอยลาดพร้าว 41,102672,-1.72,0.46,-0.3978605657,0,,,,0,,,,2019,water
WL.NSG.01,105120,2019-01-01T00:00:00.000,2019-12-31T23:55:00.000,105120,จุดวัดคลองนาซอง ตอนถนนประชาสุข,64810,-2.59,0.76,-0.2870078692,0,,,,0,,,,2019,water
WL.ORC.01,105120,2019-01-01T00:00:00.000,2019-12-31T23:55:00.000,105120,สถานีสูบน้ำ คลองอรชร,105120,-2.94,0.16,-1.0523335236,105120,-1.23,1.18,-0.198791191,0,,,,2019,water
WL.PKG.01,105120,2019-01-01T00:00:00.000,2019-12-31T23:55:00.000,105120,สถานีสูบน้ำ ปากคลองตลาด,105120,-0.46,1.65,0.3893896499,0,,,,0,,,,2019,water
WL.PKN.01,105120,2019-01-01T00:00:00.000,2019-12-31T23:55:00.000,105120,สถานีสูบน้ำ พระโขนง,105120,-1.22,-0.21,-0.5509530061,105120,-1.95,2.04,0.4257239346,0,,,,2019,water
WL.PLK.01,105120,2019-01-01T00:00:00.000,2019-12-31T23:55:00.000,105120,จุดวัดคลองพิทยาลงกรณ์ ช่วงโรงเรียนพิทยาลงกรณ์พิทยาคม,105120,-0.29,1.44,0.4314927702,0,,,,0,,,,2019,water
WL.PPA.02,105120,2019-01-01T00:00:00.000,2019-12-31T23:55:00.000,105120,จุดวัดคลองพลับพลา ตอนศูนย์แพทย์พัฒนา,104928,-1.47,-0.4,-0.8838240508,0,,,,0,,,,2019,water
WL.PSC.01,105120,2019-01-01T00:00:00.000,2019-12-31T23:55:00.000,105120,สถานีสูบน้ำ คลองภาษีเจริญ,105120,-0.56,0.79,0.277225742,105120,-0.14,0.62,0.3029364536,0,,,,2019,water
WL.PSC.02,105120,2019-01-01T00:00:00.000,2019-12-31T23:55:00.000,105120,จุดวัดคลองภาษีเจริญ ตอนวัดรางบัว,85414,-2.31,0.7,0.2669720421,0,,,,0,,,,2019,water
WL.PSC.03,105120,2019-01-01T00:00:00.000,2019-12-31T23:55:00.000,105120,จุดวัดคลองราชมนตรี ตอนคลองภาษีเจริญ,105120,0.07,0.51,0.2890491819,0,,,,0,,,,2019,water
WL.PSC.04,105120,2019-01-01T00:00:00.000,2019-12-31T23:55:00.000,105120,จุดวัดคลองภาษีเจริญ ตอนคลองมหาศร,105120,-0.16,0.77,0.2986371766,0,,,,0,,,,2019,water
WL.PSI.01,105120,2019-01-01T00:00:00.000,2019-12-31T23:55:00.000,105120,จุดวัดคลองพร้อมศรี 2 ตอนถนนสุขุมวิท 49/13,104051,-1.52,-0.1,-1.2668811448,0,,,,0,,,,2019,water
WL.PSR.01,105120,2019-01-01T00:00:00.000,2019-12-31T23:55:00.000,105120,ประตูระบายน้ำ คลองพระยาสุเรนทร์,105120,-0.43,1.39,0.1820531773,105120,-0.09,1.36,0.3130811454,0,,,,2019,water
WL.PSR.02,105120,2019-01-01T00:00:00.000,2019-12-31T23:55:00.000,105120,จุดวัดคลองพระยาสุเรนทร์ ตอนถนนหนองระแหง,95107,-3.0,3.73,0.2197451292,0,,,,0,,,,2019,water
WL.PSR.03,105120,2019-01-01T00:00:00.000,2019-12-31T23:55:00.000,105120,จุดวัดคลองพระยาสุเรนทร์ ตอนถนนจตุโชติ,104978,-0.24,1.26,0.197149117,0,,,,0,,,,2019,water
WL.PSR.04,105120,2019-01-01T00:00:00.000,2019-12-31T23:55:00.000,105120,ปตร.พระยาสุเรนทร์ ตอนคู้บอน,102223,-0.44,0.92,0.0959518895,0,,,,0,,,,2019,water
WL.PSR.05,105120,2019-01-01T00:00:00.000,2019-12-31T23:55:00.000,105120,จุดวัดคลองพระยาสุเรนทร์ ตอนปัญญาอินทรา,100771,-3.0,2.71,-0.3559382164,0,,,,0,,,,2019,water
WL.PSR.06,105120,2019-01-01T00:00:00.000,2019-12-31T23:55:00.000,105120,จุดวัดคลองพระยาสุเรนทร์ ตอนบางชัน,99063,-0.23,3.55,0.0712456719,0,,,,0,,,,2019,water
WL.PWT.01,105120,2019-01-01T00:00:00.000,2019-12-31T23:55:00.000,105120,จุดวัดคลองประเวศ ตอนซอยอ่อนนุช 17,86480,-0.93,-0.23,-0.4909808048,0,,,,0,,,,2019,water
WL.PWT.02,105120,2019-01-01T00:00:00.000,2019-12-31T23:55:00.000,105120,จุดวัดคลองประเวศบุรีรมย์ ตอนวัดขจรศิริ,105120,-0.73,-0.29,-0.5039633752,0,,,,0,,,,2019,water
WL.PWT.03,105120,2019-01-01T00:00:00.000,2019-12-31T23:55:00.000,105120,ประตูระบายน้ำ คลองประเวศบุรีรมย์ ตอนวัดกระทุ่มเสือปลา,105120,-0.89,0.11,-0.4399524353,105120,-0.73,0.19,-0.3821728501,0,,,,2019,water
WL.PWT.04,105120,2019-01-01T00:00:00.000,2019-12-31T23:55:00.000,105120,ประตูระบายน้ำ คลองประเวศบุรีรมย์ ตอนลาดกระบัง,105120,-0.99,0.24,-0.375445586,105120,-0.96,0.42,-0.2873191591,0,,,,2019,water
WL.PWT.05,105120,2019-01-01T00:00:00.000,2019-12-31T23:55:00.000,105120,จุดวัดคลองประเวศบุรีรมย์ ตอน รพ.ลาดกระบัง,105120,-0.88,0.41,-0.2888385654,0,,,,0,,,,2019,water
WL.PWT.06,105120,2019-01-01T00:00:00.000,2019-12-31T23:55:00.000,105120,จุดวัดคลองประเวศบุรีรมย์ ตอนถนนร่วมพัฒนา,105120,-0.96,0.51,-0.21085293,0,,,,0,,,,2019,water
WL.PYW.01,105120,2019-01-01T00:00:00.000,2019-12-31T23:55:00.000,105120,จุดวัดคลองพญาเวิก ตอนปตร.คลองพญาเวิก,104503,-1.0,0.54,-0.3324496904,0,,,,0,,,,2019,water
WL.RHN.01,105120,2019-01-01T00:00:00.000,2019-12-31T23:55:00.000,105120,สถานีสูบน้ำ คลองระหาญ,105120,-1.22,0.51,-0.350835997,105120,-0.24,1.11,0.5387482877,0,,,,2019,water
WL.RJK.01,105120,2019-01-01T00:00:00.000,2019-12-31T23:55:00.000,105120,ประตูระบายน้ำ คลองรางจาก ตอนถนนประชาอุทิศ,105120,-0.07,0.61,0.2476709475,105120,-0.07,0.61,0.2421607686,0,,,,2019,water
WL.RKC.01,105120,2019-01-01T00:00:00.000,2019-12-31T23:55:00.000,105120,จุดวัดคลองข้างศูนย์ราชการ,104951,-0.69,1.29,0.2897662719,0,,,,0,,,,2019,water
WL.RMT.01,105120,2019-01-01T00:00:00.000,2019-12-31T23:55:00.000,105120,สถานีสูบน้ำ คลองพระยาราชมนตรี,105120,-5.03,0.35,-1.9768704338,105120,-0.33,1.09,0.5526758942,0,,,,2019,water
WL.RMT.02,105120,2019-01-01T00:00:00.000,2019-12-31T23:55:00.000,105120,จุดวัดคลองพระยาราชมนตรี ตอนถนนพระรามที่ 2,105120,-0.76,0.51,-0.0792531393,0,,,,0,,,,2019,water
WL.RSK.01,105120,2019-01-01T00:00:00.000,2019-12-31T23:55:00.000,105120,จุดวัดคลองราษฎร์สามัคคี ตอนถนนเพชรเกษม 63,104958,0.0,0.92,0.339032089,0,,,,0,,,,2019,water
WL.SBR.01,105120,2019-01-01T00:00:00.000,2019-12-31T23:55:00.000,105120,ประตูระบายน้ำ คลองขุนศรีบุรีรักษ์ ตอนคลองมหาสวัสดิ์,105120,0.31,1.04,0.6427564688,105120,0.3,1.25,0.6502781583,0,,,,2019,water
WL.SBR.02,105120,2019-01-01T00:00:00.000,2019-12-31T23:55:00.000,105120,จุดวัดคลองบางขุนศรีบุรีรักษ์ ตอนถนนบรมราชชนนี,104447,-3.0,3.46,0.4672861834,0,,,,0,,,,2019,water
WL.SBT.01,105120,2019-01-01T00:00:00.000,2019-12-31T23:55:00.000,105120,สถานีสูบน้ำ คลองสี่บาท,105120,-1.9,0.7,-0.2518587329,105120,-0.45,0.66,0.2233003234,0,,,,2019,water
WL.SCO.01,105120,2019-01-01T00:00:00.000,2019-12-31T23:55:00.000,105120,"""จุดวัดคลองศาลเจ้า ตอนถนนสวนผัก """,104371,-1.03,0.75,0.066318805,0,,,,0,,,,2019,water
WL.SDN.01,105120,2019-01-01T00:00:00.000,2019-12-31T23:55:00.000,105120,"""จุดวัดคลองสวนแดน ตอนถนนชัยพฤกษ์ """,103842,-0.85,0.57,0.1223335452,0,,,,0,,,,2019,water
WL.SKG.01,105120,2019-01-01T00:00:00.000,2019-12-31T23:55:00.000,105120,จุดวัดคลองสะแกงาม ตอนถนนกาญจนาภิเษก,98700,-1.3,0.33,-0.4680079027,0,,,,0,,,,2019,water
WL.SKT.01,105120,2019-01-01T00:00:00.000,2019-12-31T23:55:00.000,105120,จุดวัดคลองทรงกระเทียม ตอนถนนนาคนิวาส,93447,-1.82,1.16,0.091682451,0,,,,0,,,,2019,water
WL.SKT.02,105120,2019-01-01T00:00:00.000,2019-12-31T23:55:00.000,105120,จุดวัดคลองทรงกระเทียม ตอนปตร.คลองทรงกระเทียม,97383,-1.4,-0.05,-0.6190169742,0,,,,0,,,,2019,water
WL.SLL.01,105120,2019-01-01T00:00:00.000,2019-12-31T23:55:00.000,105120,จุดวัดคลองศาลาลอย ตอนถนนอ่อนนุช 61,103482,-0.94,-0.11,-0.6867286098,0,,,,0,,,,2019,water
WL.SNC.01,105120,2019-01-01T00:00:00.000,2019-12-31T23:55:00.000,105120,สถานีสูบน้ำ คลองสนามชัย,105120,-0.44,0.57,0.1897218417,105120,-0.11,1.13,0.6214924848,0,,,,2019,water
WL.SNC.02,105120,2019-01-01T00:00:00.000,2019-12-31T23:55:00.000,105120,จุดวัดคลองสนามชัย ตอนคลองบางขุนเทียน,105120,-0.67,0.64,0.2508709094,0,,,,0,,,,2019,water
WL.SNO.01,105120,2019-01-01T00:00:00.000,2019-12-31T23:55:00.000,105120,จุดวัดคลองเสือน้อย ตอนถนนสุคนธสวัสดิ์,88231,-1.04,3.13,-0.1472722739,0,,,,0,,,,2019,water
WL.SPP.01,105120,2019-01-01T00:00:00.000,2019-12-31T23:55:00.000,105120,จุดวัดบ่อสูบน้ำสะพานพรหม,104939,-1.34,0.52,-0.6266368081,0,,,,0,,,,2019,water
WL.SRE.01,105120,2019-01-01T00:00:00.000,2019-12-31T23:55:00.000,105120,สถานีสูบน้ำ คลองสำเหร่,105120,-1.46,0.71,0.001412481,105120,-1.15,1.78,0.3496215753,0,,,,2019,water
WL.SRG.01,105120,2019-01-01T00:00:00.000,2019-12-31T23:55:00.000,105120,สถานีสูบน้ำ คลองสำโรง,105120,-1.01,0.1,-0.3479145738,105120,-1.42,1.81,0.1887714992,0,,,,2019,water
WL.SSB.01,105120,2019-01-01T00:00:00.000,2019-12-31T23:55:00.000,105120,จุดวัดคลองแสนแสบ ช่วงคลองผดุงกรุงเกษม (โบ๊เบ๊),105120,-0.75,0.51,-0.3205414764,0,,,,0,,,,2019,water
WL.SSB.02,105120,2019-01-01T00:00:00.000,2019-12-31T23:55:00.000,105120,จุดวัดคลองแสนแสบ ตอนซอยสมคิด,38249,-3.0,-0.27,-0.6471282909,0,,,,0,,,,2019,water
WL.SSB.03,105120,2019-01-01T00:00:00.000,2019-12-31T23:55:00.000,105120,จุดวัดคลองแสนแสบ ช่วงอโศก,105120,-0.8,0.17,-0.3699023021,0,,,,0,,,,2019,water
WL.SSB.04,105120,2019-01-01T00:00:00.000,2019-12-31T23:55:00.000,105120,สถานีสูบน้ำ คลองแสนแสบตอนคลองตัน,105120,-0.86,-0.13,-0.4263384703,105120,-1.32,0.13,-0.4409632801,0,,,,2019,water
WL.SSB.05,105120,2019-01-01T00:00:00.000,2019-12-31T23:55:00.000,105120,จุดวัดคลองแสนแสบ ตอนรามคำแหง 9,104981,-0.78,0.19,-0.1715895257,0,,,,0,,,,2019,water
WL.SSB.06,105120,2019-01-01T00:00:00.000,2019-12-31T23:55:00.000,105120,จุดวัดคลองแสนแสบ ช่วงสถานีสูบน้ำคลองเจ้าคุณสิงห์,105120,-0.8,0.63,-0.1831642884,0,,,,0,,,,2019,water
WL.SSB.07,105120,2019-01-01T00:00:00.000,2019-12-31T23:55:00.000,105120,จุดวัดคลองแสนแสบ ตอนสำนักงานเขตบางกะปิ,105120,-1.32,0.09,-0.414359589,0,,,,0,,,,2019,water
WL.SSB.08,105120,2019-01-01T00:00:00.000,2019-12-31T23:55:00.000,105120,จุดวัดคลองแสนแสบ ช่วงซอยเสรีไทย 24,105120,-0.8,-0.05,-0.4446035959,0,,,,0,,,,2019,water
WL.SSB.09,105120,2019-01-01T00:00:00.000,2019-12-31T23:55:00.000,105120,ประตูระบายน้ำ คลองแสนแสบ ตอนบางชัน,105120,-0.72,0.05,-0.3453753805,105120,-0.54,0.36,-0.2259037291,0,,,,2019,water
WL.SSB.10,105120,2019-01-01T00:00:00.000,2019-12-31T23:55:00.000,105120,ประตูระบายน้ำ คลองแสนแสบ ตอนถนนประชาร่วมใจ,105120,-0.61,0.3,-0.2890018075,105120,-0.74,0.77,-0.1610731545,0,,,,2019,water
WL.SSB.11,105120,2019-01-01T00:00:00.000,2019-12-31T23:55:00.000,105120,จุดวัดคลองแสนแสบ ตอนวัดทรัพย์สโมสรนิกรเกษม,105120,-0.42,0.85,-0.1001037861,0,,,,0,,,,2019,water
WL.SSB.12,105120,2019-01-01T00:00:00.000,2019-12-31T23:55:00.000,105120,สถานีสูบน้ำ คลองแสนแสบ หนองจอก,105120,-0.98,0.81,-0.2228874619,105120,-0.92,0.57,0.0289719368,0,,,,2019,water
WL.SSG.01,105120,2019-01-01T00:00:00.000,2019-12-31T23:55:00.000,105120,จุดวัดคลองสิบสอง ตอนถนนประชาสำราญ,105120,-0.79,1.45,0.3805651636,0,,,,0,,,,2019,water
WL.SSM.01,105120,2019-01-01T00:00:00.000,2019-12-31T23:55:00.000,105120,ประตูระบายน้ำ คลองสิบสาม,105120,-0.85,0.95,-0.0921328006,105120,-1.16,1.53,0.3929591895,0,,,,2019,water
WL.SSN.01,105120,2019-01-01T00:00:00.000,2019-12-31T23:55:00.000,105120,สถานีสูบน้ำ สามเสน,105120,-1.24,0.44,-0.4932215563,105120,-1.12,1.63,0.4061001712,0,,,,2019,water
WL.SSN.02,105120,2019-01-01T00:00:00.000,2019-12-31T23:55:00.000,105120,จุดวัดคลองสามเสน ช่วงถนนพระรามที่ 5,105120,-1.21,0.47,-0.5139304604,0,,,,0,,,,2019,water
WL.SSN.03,105120,2019-01-01T00:00:00.000,2019-12-31T23:55:00.000,105120,จุดวัดคลองสามเสน ตอนถนนพระรามที่ 6,104971,-1.28,0.52,-0.5605391013,0,,,,0,,,,2019,water
WL.SSN.04,105120,2019-01-01T00:00:00.000,2019-12-31T23:55:00.000,105120,จุดวัดคลองสามเสน ช่วงถนนพหลโยธิน,105120,-1.25,0.5,-0.5310320586,0,,,,0,,,,2019,water
WL.SSN.05,105120,2019-01-01T00:00:00.000,2019-12-31T23:55:00.000,105120,จุดวัดคลองสามเสน ตอน รพ.พระมงกุฎเกล้า,105120,-1.56,0.77,-0.6699840183,0,,,,0,,,,2019,water
WL.SSN.06,105120,2019-01-01T00:00:00.000,2019-12-31T23:55:00.000,105120,จุดวัดคลองสามเสน ช่วงถนนดินแดง,105120,-1.59,0.12,-0.9151618151,0,,,,0,,,,2019,water
WL.SSN.07,105120,2019-01-01T00:00:00.000,2019-12-31T23:55:00.000,105120,จุดวัดคลองสามเสน ตอนถนนอโศก,102185,-2.69,0.08,-0.7319077164,0,,,,0,,,,2019,water
WL.SSN.08,105120,2019-01-01T00:00:00.000,2019-12-31T23:55:00.000,105120,สถานีสูบน้ำ สามเสน ตอนคลองแสนแสบ,105120,-1.05,-0.03,-0.5173315259,105120,-1.17,-0.14,-0.5041860731,0,,,,2019,water
WL.SSN.09,105120,2019-01-01T00:00:00.000,2019-12-31T23:55:00.000,105120,จุดวัดคลองสามเสน ช่วงถนนเอกมัย,105120,-1.1,-0.08,-0.6786596271,0,,,,0,,,,2019,water
WL.SST.01,105120,2019-01-01T00:00:00.000,2019-12-31T23:55:00.000,105120,ประตูระบายน้ำ คลองสองสายใต้,105120,-0.27,1.08,0.1074730784,105120,-0.2,1.29,0.246135274,0,,,,2019,water
WL.STN.01,105120,2019-01-01T00:00:00.000,2019-12-31T23:55:00.000,105120,จุดวัดคลองสองต้นนุ่น ตอนถนนรามคำแหง,104972,-0.66,0.14,-0.3466074763,0,,,,0,,,,2019,water
WL.STN.02,105120,2019-01-01T00:00:00.000,2019-12-31T23:55:00.000,105120,"""จุดวัดคลองสองต้นนุ่น ตอนซอยร่มเกล้า 20 """,104972,-0.64,0.18,-0.3500556339,0,,,,0,,,,2019,water
WL.STN.03,105120,2019-01-01T00:00:00.000,2019-12-31T23:55:00.000,105120,จุดวัดคลองสองต้นนุ่น ตอนถนนมอเตอร์เวย์,104974,-0.72,1.08,-0.3893064949,0,,,,0,,,,2019,water
WL.STR.01,105120,2019-01-01T00:00:00.000,2019-12-31T23:55:00.000,105120,สถานีสูบน้ำ คลองสาทร,105120,-2.2,0.04,-0.7175146499,105120,-0.89,1.73,0.3409682268,105120,-1.08,1.68,0.3019285578,2019,water
WL.STR.02,105120,2019-01-01T00:00:00.000,2019-12-31T23:55:00.000,105120,"""จุดวัดคลองสาทร ตอนถนนพระรามที่ 4 """,102434,-1.7,0.15,-0.8305771521,0,,,,0,,,,2019,water
WL.SWA.01,105120,2019-01-01T00:00:00.000,2019-12-31T23:55:00.000,105120,ประตูระบายน้ำ คลองสามวา,105120,-0.55,0.34,-0.2280803843,105120,-0.45,1.08,0.0081530632,0,,,,2019,water
WL.SWU.01,105120,2019-01-01T00:00:00.000,2019-12-31T23:55:00.000,105120,จุดวัดคูน้ำ มศว.,81163,-1.6,-0.3,-1.2246173749,0,,,,0,,,,2019,water
WL.TCG.01,105120,2019-01-01T00:00:00.000,2019-12-31T23:55:00.000,105120,"""จุดวัดคลองตาช้าง ตอนถนนศรีนครินทร์ """,104975,-0.92,0.51,-0.5579036914,0,,,,0,,,,2019,water
WL.TNG.01,105120,2019-01-01T00:00:00.000,2019-12-31T23:55:00.000,105120,จุดวัดคลองตาหนัง ตอนถนนลาดพร้าว,104687,-1.02,-0.29,-0.6913969261,0,,,,0,,,,2019,water
WL.TPK.02,105120,2019-01-01T00:00:00.000,2019-12-31T23:55:00.000,105120,จุดวัดคลองตาพุก ตอนถนนลาดกระบัง,64028,-3.0,0.34,-0.213360561,0,,,,0,,,,2019,water
WL.TPK.03,105120,2019-01-01T00:00:00.000,2019-12-31T23:55:00.000,105120,จุดวัดคลองตาพุก ตอนคลองทับช้างบน,104969,-0.69,0.16,-0.3781859406,0,,,,0,,,,2019,water
WL.TSK.01,105120,2019-01-01T00:00:00.000,2019-12-31T23:55:00.000,105120,จุดวัดคูน้ำต่อศักดิ์ ตอนซอยทองหล่อ 25,97041,-1.98,0.0,-1.7794086005,0,,,,0,,,,2019,water
WL.TTN.01,105120,2019-01-01T00:00:00.000,2019-12-31T23:55:00.000,105120,จุดวัดคลองลาดโตนด ตอน ปตร.คลองลาดโตนด,101485,-2.43,3.16,0.003188353,0,,,,0,,,,2019,water
WL.TUT.01,105120,2019-01-01T00:00:00.000,2019-12-31T23:55:00.000,105120,สถานีสูบน้ำ คลองตาอูฐ,105120,-2.61,0.9,-0.7974976218,105120,-0.14,1.09,0.1715125571,0,,,,2019,water
WL.TUT.02,105120,2019-01-01T00:00:00.000,2019-12-31T23:55:00.000,105120,จุดวัดคลองตาอูฐ ตอนซอยแจ้งวัฒนะ 14,101692,-1.16,0.51,-0.6956706526,0,,,,0,,,,2019,water
WL.TWW.01,105120,2019-01-01T00:00:00.000,2019-12-31T23:55:00.000,105120,ประตูระบายน้ำ คลองทวีวัฒนา,105120,0.15,0.95,0.5024218037,105120,0.13,1.12,0.4971399353,0,,,,2019,water
WL.TWW.02,105120,2019-01-01T00:00:00.000,2019-12-31T23:55:00.000,105120,จุดวัดคลองทวีวัฒนา ตอนถนนบรมราชชนนี,104969,0.14,0.91,0.4803501034,0,,,,0,,,,2019,water
WL.TWW.03,105120,2019-01-01T00:00:00.000,2019-12-31T23:55:00.000,105120,จุดวัดคลองทวีวัฒนา ตอนถนนเพชรเกษม,91984,-3.0,0.98,0.150464646,0,,,,0,,,,2019,water
WL.TWW.04,105120,2019-01-01T00:00:00.000,2019-12-31T23:55:00.000,105120,จุดวัดคลองทวีวัฒนา ตอนคลองบางเชือกหนัง,105120,0.14,0.83,0.4551469749,0,,,,0,,,,2019,water
WL.TWW.05,105120,2019-01-01T00:00:00.000,2019-12-31T23:55:00.000,105120,จุดวัดคลองทวีวัฒนา ตอนคลองภาษีเจริญ,105120,-0.08,1.04,0.2876390791,0,,,,0,,,,2019,water
WL.VPV.01,105120,2019-01-01T00:00:00.000,2019-12-31T23:55:00.000,105120,สถานีสูบน้ำ รัชดา-วิภาวดี,105120,-5.0,1.24,-1.9704966705,0,,,,0,,,,2019,water
WL.WKT.01,105120,2019-01-01T00:00:00.000,2019-12-31T23:55:00.000,105120,จุดวัดคลองวัดไก่เตี้ย ตอนสถานีสูบน้ำคลองวัดไก่เตี้ย,75356,-1.94,0.75,0.2457922395,0,,,,0,,,,2019,water
WL.WLS.01,105120,2019-01-01T00:00:00.000,2019-12-31T23:55:00.000,105120,จุดวัดคลองวัดหลักสี่ ตอนถนนวิภาวดีรังสิต,104966,-0.23,0.87,0.0363230951,0,,,,0,,,,2019,water
WL.WSI.01,105120,2019-01-01T00:00:00.000,2019-12-31T23:55:00.000,105120,สถานีสูบน้ำ คลองวัดไทร,105120,-2.52,0.95,-0.4015136986,105120,-1.16,1.82,0.3405928463,0,,,,2019,water
WL.WTK.01,105120,2019-01-01T00:00:00.000,2019-12-31T23:55:00.000,105120,จุดวัดคลองวัดตึก ตอนถนนลาดพร้าว,104952,-1.02,0.3,-0.4751987575,0,,,,0,,,,2019,water
WL.WTN.02,105120,2019-01-01T00:00:00.000,2019-12-31T23:55:00.000,105120,จุดวัดคูน้ำวัฒนา ตอนโรงเรียนวัฒนาวิทยาลัย,64979,-3.0,0.05,-0.9072740424,0,,,,0,,,,2019,water
WL.YPE.01,105120,2019-01-01T00:00:00.000,2019-12-31T23:55:00.000,105120,จุดคลองยายเพียร ตอนถนนเพชรเกษม,102725,-0.15,0.76,0.3031135556,0,,,,0,,,,2019,water
WL.YPN.01,105120,2019-01-01T00:00:00.000,2019-12-31T23:55:00.000,105120,จุดวัดคลองยายเผื่อน ตอนแฮปปี้แลนด์,104944,-1.84,2.47,-1.2173847957,0,,,,0,,,,2019,water
WL.YPN.02,105120,2019-01-01T00:00:00.000,2019-12-31T23:55:00.000,105120,จุดวัดคลองยายเผื่อน ตอนถนนลาดพร้าว,82684,-1.91,0.0,-0.7391081709,0,,,,0,,,,2019,water
WL.YSN.02,105120,2019-01-01T00:00:00.000,2019-12-31T23:55:00.000,105120,"""จุดวัดคลองยายสุ่น ตอนถนนรัชดาภิเษก """,70358,-2.95,0.18,-1.2298315757,0,,,,0,,,,2019,water
WL.BBN.01,105408,2020-01-01T00:00:00.000,2020-12-31T23:55:00.000,105408,จุดวัดคลองบางบอน ตอนถนนบางขุนเทียน,105408,-0.49,0.58,-0.0318267114,0,,,,0,,,,2020,water
WL.BBN.02,105408,2020-01-01T00:00:00.000,2020-12-31T23:55:00.000,105408,จุดวัดคลองบางบอน ตอนถนนกาญจนาภิเษก,105408,-0.25,0.62,0.0155497685,0,,,,0,,,,2020,water
WL.BBN.03,105408,2020-01-01T00:00:00.000,2020-12-31T23:55:00.000,105408,จุดวัดคลองบางบอน ตอนคลองสะแกงาม,105406,-0.26,0.68,0.0449409901,0,,,,0,,,,2020,water
WL.BBR.01,105408,2020-01-01T00:00:00.000,2020-12-31T23:55:00.000,105408,จุดวัดคลองบางบำหรุ ตอนถนนบรมราชชนนี,105408,-0.85,0.9,0.1424385246,0,,,,0,,,,2020,water
WL.BBR.02,105408,2020-01-01T00:00:00.000,2020-12-31T23:55:00.000,105408,จุดวัดคลองบางบำหรุ ตอนถนนสิรินธร,105408,-0.8,1.71,0.4689989375,0,,,,0,,,,2020,water
WL.BBU.01,105408,2020-01-01T00:00:00.000,2020-12-31T23:55:00.000,105408,จุดวัดคลองบางบัว,105408,-0.43,1.01,-0.0204739678,0,,,,0,,,,2020,water
WL.BCN.01,105408,2020-01-01T00:00:00.000,2020-12-31T23:55:00.000,105408,จุดวัดคลองบางเชือกหนัง ตอนถนนกาญจนาภิเษก,104942,0.05,0.99,0.4128453813,0,,,,0,,,,2020,water
WL.BCN.02,105408,2020-01-01T00:00:00.000,2020-12-31T23:55:00.000,105408,จุดวัดคลองบางเชือกหนัง ตอนถนนพุทธมณฑลสาย 1,105407,-0.19,1.09,0.392405438,0,,,,0,,,,2020,water
WL.BCN.03,105408,2020-01-01T00:00:00.000,2020-12-31T23:55:00.000,105408,จุดวัดคลองบางเชือกหนัง ตอนถนนพุทธมณฑลสาย 2,105404,0.14,1.07,0.4665760313,0,,,,0,,,,2020,water
WL.BJK.01,105408,2020-01-01T00:00:00.000,2020-12-31T23:55:00.000,105408,สถานีสูบน้ำ บางจาก,105404,-1.53,0.39,-0.8934519563,104543,-2.98,3.16,0.2957933099,0,,,,2020,water
WL.BJK.02,105408,2020-01-01T00:00:00.000,2020-12-31T23:55:00.000,105408,"""จุดวัดคลองบางจาก ตอนซอยเพชรเกษม 68 """,105408,0.26,1.28,0.6310481178,0,,,,0,,,,2020,water
WL.BJK.03,105408,2020-01-01T00:00:00.000,2020-12-31T23:55:00.000,105408,จุดวัดคลองบางจาก ตอนคลองบางหว้า,105406,0.17,0.83,0.336760526,0,,,,0,,,,2020,water
WL.BJK.04,105408,2020-01-01T00:00:00.000,2020-12-31T23:55:00.000,105408,"""จุดวัดคลองบางจาก ตอนถนนพุทธมณฑลสาย 2 """,105081,-0.25,1.11,0.3566729475,0,,,,0,,,,2020,water
WL.BKA.01,105408,2020-01-01T00:00:00.000,2020-12-31T23:55:00.000,105408,สถานีสูบน้ำ คลองบางเขนใหม่,105390,-3.0,2.79,-0.5976411424,105408,-0.96,1.63,0.4093957764,0,,,,2020,water
WL.BKA.02,105408,2020-01-01T00:00:00.000,2020-12-31T23:55:00.000,105408,จุดวัดคลองบางเขน ช่วงถนนกรุงเทพ-นนทบุรี,105404,-1.32,0.51,-0.3322351144,0,,,,0,,,,2020,water
WL.BKA.03,105408,2020-01-01T00:00:00.000,2020-12-31T23:55:00.000,105408,จุดวัดคลองบางเขน ช่วงถนนประชาชื่น,104809,-1.0,1.0,-0.1265242489,0,,,,0,,,,2020,water
WL.BKA.04,105408,2020-01-01T00:00:00.000,2020-12-31T23:55:00.000,105408,จุดวัดคลองบางเขน ช่วงถนนวิภาวดีรังสิต,103035,-1.04,1.75,0.1659390498,0,,,,0,,,,2020,water
WL.BKB.01,105408,2020-01-01T00:00:00.000,2020-12-31T23:55:00.000,105408,จุดวัดคลองบางกระบือ ตอนถนนสามเสน,105408,-0.85,0.8,-0.1501106178,0,,,,0,,,,2020,water
WL.BKG.01,105408,2020-01-01T00:00:00.000,2020-12-31T23:55:00.000,105408,ประตูระบายน้ำ คลองบึงขวาง,105407,-1.16,1.36,-0.243143055,105407,-3.0,3.0,-0.2879190187,0,,,,2020,water
WL.BKL.01,105408,2020-01-01T00:00:00.000,2020-12-31T23:55:00.000,105408,จุดวัดคลองบางโคลัด ตอนถนนบางบอน 1,105408,-0.18,0.77,0.1595084813,0,,,,0,,,,2020,water
WL.BKY.01,105408,2020-01-01T00:00:00.000,2020-12-31T23:55:00.000,105408,สถานีสูบน้ำ คลองบางกอกใหญ่,105406,-1.42,0.94,0.1210344762,105406,-1.3,1.75,0.3342824887,0,,,,2020,water
WL.BKY.02,105408,2020-01-01T00:00:00.000,2020-12-31T23:55:00.000,105408,จุดวัดคลองบางเชือกหนัง ตอนวัดปากน้ำฝั่งใต้,105135,-0.42,0.78,0.1925689827,0,,,,0,,,,2020,water
WL.BLP.02,105408,2020-01-01T00:00:00.000,2020-12-31T23:55:00.000,105408,จุดวัดคลองบางลำพู ตอนสะพานผ่านฟ้า,105408,-1.14,0.26,-0.4196425319,0,,,,0,,,,2020,water
WL.BLY.01,105408,2020-01-01T00:00:00.000,2020-12-31T23:55:00.000,105408,จุดวัดคลองบ้านหลาย ตอนถนนสุขุมวิท 77,105408,-3.0,-0.21,-0.7427916287,0,,,,0,,,,2020,water
WL.BMK.01,105408,2020-01-01T00:00:00.000,2020-12-31T23:55:00.000,105408,จุดวัดคลองบางมะเขือ ตอนถนนสุขุมวิท 71,105408,-1.6,-0.16,-1.0344636081,0,,,,0,,,,2020,water
WL.BNA.01,105408,2020-01-01T00:00:00.000,2020-12-31T23:55:00.000,105408,สถานีสูบน้ำ บางนา,105405,-2.78,2.88,-0.4845465585,105203,-2.73,2.78,0.3744631807,0,,,,2020,water
WL.BNA.02,105408,2020-01-01T00:00:00.000,2020-12-31T23:55:00.000,105408,จุดวัดคลองบางนา ตอนถนนสุขุมวิท,105408,-1.1,0.25,-0.5978316636,0,,,,0,,,,2020,water
WL.BNA.03,105408,2020-01-01T00:00:00.000,2020-12-31T23:55:00.000,105408,จุดวัดคลองบางนา ตอนถนนศรีนครินทร์,105389,-0.82,0.37,-0.4252634525,0,,,,0,,,,2020,water
WL.BNJ.01,105408,2020-01-01T00:00:00.000,2020-12-31T23:55:00.000,105408,จุดวัดคลองบางนางจีน ตอนสถานีสูบน้ำบางนางจีน,105408,-1.7,-0.22,-0.8150999924,0,,,,0,,,,2020,water
WL.BNJ.02,105408,2020-01-01T00:00:00.000,2020-12-31T23:55:00.000,105408,จุดวัดคลองบางนางจีน ตอนซอยสุขุมวิท 66/1,96257,-3.0,-0.37,-0.9714986962,0,,,,0,,,,2020,water
WL.BNJ.03,105408,2020-01-01T00:00:00.000,2020-12-31T23:55:00.000,105408,จุดวัดคลองบางนางจีน ตอนซอยสุขุมวิท 93,105408,-1.26,-0.12,-0.7481597222,0,,,,0,,,,2020,water
WL.BNJ.04,105408,2020-01-01T00:00:00.000,2020-12-31T23:55:00.000,105408,จุดวัดคลองบางนางจีน ตอนถนนสุขุมวิท 101/1,105408,-1.88,-0.21,-0.7578570886,0,,,,0,,,,2020,water
WL.BOA.01,105408,2020-01-01T00:00:00.000,2020-12-31T23:55:00.000,105408,สถานีสูบน้ำ บางอ้อ,101612,-1.56,3.16,-0.8882323938,105408,-2.61,2.02,0.3509215619,0,,,,2020,water
WL.BOA.02,105408,2020-01-01T00:00:00.000,2020-12-31T23:55:00.000,105408,จุดวัดคลองบางอ้อ ตอนซอยสุขุมวิท 64,105408,-1.45,0.08,-0.8172429038,0,,,,0,,,,2020,water
WL.BPA.01,105408,2020-01-01T00:00:00.000,2020-12-31T23:55:00.000,105408,จุดวัดคลองบ้านป่า ตอนถนนพัฒนาการ,105408,-0.75,0.08,-0.4146844642,0,,,,0,,,,2020,water
WL.BPM.01,105408,2020-01-01T00:00:00.000,2020-12-31T23:55:00.000,105408,จุดวัดคลองบางพรม ตอนคลองชักพระ,105408,-0.42,0.98,0.3570638851,0,,,,0,,,,2020,water
WL.BPM.02,105408,2020-01-01T00:00:00.000,2020-12-31T23:55:00.000,105408,จุดวัดคลองบางพรม ตอนถนนฉิมพลี,105408,-0.09,0.98,0.3773419475,0,,,,0,,,,2020,water
WL.BPM.03,105408,2020-01-01T00:00:00.000,2020-12-31T23:55:00.000,105408,จุดวัดคลองบางพรม ตอนถนนกาญจนาภิเษก,105382,0.04,0.99,0.4154733256,0,,,,0,,,,2020,water
WL.BPM.04,105408,2020-01-01T00:00:00.000,2020-12-31T23:55:00.000,105408,จุดวัดคลองบางพรม ตอนถนนพุทธมณฑลสาย 3,105367,0.13,1.08,0.4609431796,0,,,,0,,,,2020,water
WL.BPN.01,105408,2020-01-01T00:00:00.000,2020-12-31T23:55:00.000,105408,จุดวัดคลองบางพราน ตอนถนนบางบอน 1,105408,-2.92,1.99,-0.0428445659,0,,,,0,,,,2020,water
WL.BPN.02,105408,2020-01-01T00:00:00.000,2020-12-31T23:55:00.000,105408,จุดวัดคลองบางพราน ตอนถนนบางบอน 2,105408,-0.08,0.75,0.1773209813,0,,,,0,,,,2020,water
WL.BPU.01,105408,2020-01-01T00:00:00.000,2020-12-31T23:55:00.000,105408,จุดวัดสถานตากอากาศบางปู,103278,-3.0,4.0,0.5477159705,0,,,,0,,,,2020,water
WL.BSK.01,105408,2020-01-01T00:00:00.000,2020-12-31T23:55:00.000,105408,สถานีสูบน้ำ คลองบางไส้ไก่,105407,-1.54,0.79,0.0119761496,105407,-0.68,1.81,0.4026369216,0,,,,2020,water
WL.BSU.01,105408,2020-01-01T00:00:00.000,2020-12-31T23:55:00.000,105408,สถานีสูบน้ำ คลองบางซื่อ,105408,-1.0,0.39,-0.3353428582,105408,-0.97,1.75,0.4511501025,0,,,,2020,water
WL.BSU.02,105408,2020-01-01T00:00:00.000,2020-12-31T23:55:00.000,105408,จุดวัดคลองบางซื่อ ช่วงถนนพระรามที่ 5,105405,-1.1,0.21,-0.3892189175,0,,,,0,,,,2020,water
WL.BSU.03,105408,2020-01-01T00:00:00.000,2020-12-31T23:55:00.000,105408,จุดวัดคลองบางซื่อ ตอนถนนพระรามที่ 6,105408,-1.35,0.04,-0.4944792615,0,,,,0,,,,2020,water
WL.BSU.04,105408,2020-01-01T00:00:00.000,2020-12-31T23:55:00.000,105408,จุดวัดคลองบางซื่อ ช่วงถนนพหลโยธิน,105399,-1.09,0.37,-0.3433573374,0,,,,0,,,,2020,water
WL.BSU.05,105408,2020-01-01T00:00:00.000,2020-12-31T23:55:00.000,105408,จุดวัดคลองบางซื่อ ช่วงถนนวิภาวดีรังสิต,92887,-1.58,0.73,-0.3687798077,0,,,,0,,,,2020,water
WL.BSU.06,105408,2020-01-01T00:00:00.000,2020-12-31T23:55:00.000,105408,จุดวัดคลองบางซื่อ ช่วงถนนรัชดาภิเษก (เจ้าพระยาปาร์ค),105392,-1.52,0.2,-0.4884233149,0,,,,0,,,,2020,water
WL.BTL.01,105408,2020-01-01T00:00:00.000,2020-12-31T23:55:00.000,105408,จุดวัดคลองบางตลาด ตอนท่าทราย,105408,-3.0,1.31,0.3460302823,0,,,,0,,,,2020,water
WL.BTY.01,105408,2020-01-01T00:00:00.000,2020-12-31T23:55:00.000,105408,จุดวัดคลองบางเตย ตอนถนนนวมินทร์ 66/3,105408,-0.88,0.6,-0.1801762675,0,,,,0,,,,2020,water
WL.BWK.01,105408,2020-01-01T00:00:00.000,2020-12-31T23:55:00.000,105408,จุดวัดคลองบางแวก ตอนคลองบางกอกใหญ่,105405,-0.27,0.9,0.339315023,0,,,,0,,,,2020,water
WL.BWK.02,105408,2020-01-01T00:00:00.000,2020-12-31T23:55:00.000,105408,จุดวัดคลองบางแวก ตอนถนนพุทธมณฑลสาย 1,105396,0.2,1.18,0.5897141258,0,,,,0,,,,2020,water
WL.BWK.03,105408,2020-01-01T00:00:00.000,2020-12-31T23:55:00.000,105408,จุดวัดคลองบางแวก ตอนคลองทวีวัฒนา,105407,0.11,2.69,0.4723238495,0,,,,0,,,,2020,water
WL.BYI.01,105408,2020-01-01T00:00:00.000,2020-12-31T23:55:00.000,105408,จุดวัดคลองบึงใหญ่ ตอนวัดทองสัมฤทธิ์,105406,-0.61,1.05,-0.0675533651,0,,,,0,,,,2020,water
WL.BYK.01,105408,2020-01-01T00:00:00.000,2020-12-31T23:55:00.000,105408,จุดวัดคลองบางยี่ขัน ตอนถนนจรัญสนิทวงศ์,105408,-0.74,1.02,0.1779553734,0,,,,0,,,,2020,water
WL.BYK.02,105408,2020-01-01T00:00:00.000,2020-12-31T23:55:00.000,105408,จุดวัดคลองบางยี่ขัน ตอนสถานีสูบน้ำคลองบางยี่ขัน,105408,-1.17,1.02,0.1627500759,0,,,,0,,,,2020,water
WL.CBJ.01,105408,2020-01-01T00:00:00.000,2020-12-31T23:55:00.000,105408,จุดวัดคลองชวดบางจาก ตอนถนนประชาอุทิศ,105408,-1.02,0.63,-0.5518708257,0,,,,0,,,,2020,water
WL.CKS.01,105408,2020-01-01T00:00:00.000,2020-12-31T23:55:00.000,105408,สถานีสูบน้ำ คลองเจ้าคุณสิงห์,102230,-1.34,0.05,-0.8667016531,0,,,,0,,,,2020,water
WL.CKS.02,105408,2020-01-01T00:00:00.000,2020-12-31T23:55:00.000,105408,จุดวัดคลองเจ้าคุณสิงห์ ตอนถนนลาดพร้าว,105408,-1.2,0.28,-0.7655997647,0,,,,0,,,,2020,water
WL.CNS.01,105408,2020-01-01T00:00:00.000,2020-12-31T23:55:00.000,105408,สถานีสูบน้ำ คลองช่องนนทรี,105408,-2.6,0.35,-0.8543737667,105407,-1.53,1.99,0.309240373,0,,,,2020,water
WL.CNS.02,105408,2020-01-01T00:00:00.000,2020-12-31T23:55:00.000,105408,จุดวัดคลองช่องนนทรี ตอนถนนนราธิวาสราชนครินทร์,105407,-1.3,0.49,-0.6533277676,0,,,,0,,,,2020,water
WL.CNS.03,105408,2020-01-01T00:00:00.000,2020-12-31T23:55:00.000,105408,จุดวัดคลองช่องนนทรี ตอนถนนจันทน์,105408,-1.27,0.63,-0.6144533622,0,,,,0,,,,2020,water
WL.CNS.04,105408,2020-01-01T00:00:00.000,2020-12-31T23:55:00.000,105408,จุดวัดคลองช่องนนทรี ตอนถนนสาทรใต้,105408,-1.39,0.6,-0.7041919019,0,,,,0,,,,2020,water
WL.CPA.01,105408,2020-01-01T00:00:00.000,2020-12-31T23:55:00.000,105408,สถานีสูบน้ำ คลองชักพระ,105355,-1.1,2.09,0.2478955911,105355,-0.71,1.33,0.376962745,0,,,,2020,water
WL.CTC.01,105408,2020-01-01T00:00:00.000,2020-12-31T23:55:00.000,105408,จุดวัดคลองชวดตาเชียง ตอนสถานีสูบน้ำคลองชวดตาเชียง,105408,-1.35,0.22,-0.5239071987,0,,,,0,,,,2020,water
WL.CYI.01,105408,2020-01-01T00:00:00.000,2020-12-31T23:55:00.000,105408,จุดวัดคลองชวดใหญ่ ตอนถนนพระราม 9 ซอย 13,105401,-1.18,0.4,-0.3712217152,0,,,,0,,,,2020,water
WL.CYI.02,105408,2020-01-01T00:00:00.000,2020-12-31T23:55:00.000,105408,จุดวัดคลองชวดใหญ่ ตอนถนนพระราม 9,105406,-1.26,0.16,-0.5455880121,0,,,,0,,,,2020,water
WL.DKN.01,105408,2020-01-01T00:00:00.000,2020-12-31T23:55:00.000,105408,สถานีสูบน้ำ ดาวคะนอง,105406,-1.2,0.95,0.1395751665,105406,-1.81,3.28,0.3660396941,0,,,,2020,water
WL.FTM.01,105408,2020-01-01T00:00:00.000,2020-12-31T23:55:00.000,105408,จุดวัดคลองโบสถ์แม่พระ ตอนถนนดินแดง,105408,-3.0,0.14,-0.5932058288,0,,,,0,,,,2020,water
WL.HKG.01,105408,2020-01-01T00:00:00.000,2020-12-31T23:55:00.000,105408,จุดวัดคลองห้วยขวาง ตอนถนนประชาสงเคราะห์,105408,-1.15,0.32,-0.6125977155,0,,,,0,,,,2020,water
WL.HKG.02,105408,2020-01-01T00:00:00.000,2020-12-31T23:55:00.000,105408,จุดวัดคลองห้วยขวาง ตอนถนนเทียมร่วมมิตร,105407,-1.1,0.32,-0.6450912179,0,,,,0,,,,2020,water
WL.HMK.01,105408,2020-01-01T00:00:00.000,2020-12-31T23:55:00.000,105408,จุดวัดคลองหัวหมาก ตอนถนนศรีนครินทร์,105407,-0.77,0.23,-0.3802921058,0,,,,0,,,,2020,water
WL.IDE.01,105408,2020-01-01T00:00:00.000,2020-12-31T23:55:00.000,105408,จุดวัดบ่อสูบน้ำอินโดนีเซีย,62886,-1.16,0.44,-0.5285672487,0,,,,0,,,,2020,water
WL.JRN.01,105408,2020-01-01T00:00:00.000,2020-12-31T23:55:00.000,105408,สถานีสูบน้ำ คลองแจงร้อน,105407,-1.87,1.14,0.1832006413,105407,-1.39,2.56,0.4387177322,0,,,,2020,water
WL.KBU.01,105408,2020-01-01T00:00:00.000,2020-12-31T23:55:00.000,105408,ประตูระบายน้ำ คลองบัว ตอนทางรถไฟสายใต้,105349,-1.07,0.96,0.3493518686,105405,-2.69,1.55,0.5286238793,0,,,,2020,water
WL.KBU.02,105408,2020-01-01T00:00:00.000,2020-12-31T23:55:00.000,105408,จุดวัดคลองบัว ตอนถนนพุทธมณฑลสาย 1,105407,-0.21,1.07,0.3143123322,0,,,,0,,,,2020,water
WL.KDN.01,105408,2020-01-01T00:00:00.000,2020-12-31T23:55:00.000,105408,ประตูระบายน้ำ คลองวัดด่าน,105406,-0.87,1.39,-0.0181388156,105406,-1.15,1.87,0.3994662543,0,,,,2020,water
WL.KJA.01,105408,2020-01-01T00:00:00.000,2020-12-31T23:55:00.000,105408,จุดวัดคลองกะจะ ตอนถนนพระราม 9,105408,-3.0,1.7,-0.085545784,0,,,,0,,,,2020,water
WL.KJA.02,105408,2020-01-01T00:00:00.000,2020-12-31T23:55:00.000,105408,จุดวัดคลองกะจะ ตอนถนนพระราม 9 ซอย 57,105408,-1.17,0.7,-0.4043992866,0,,,,0,,,,2020,water
WL.KJG.01,105408,2020-01-01T00:00:00.000,2020-12-31T23:55:00.000,105408,จุดวัดคลองจิก ตอนถนนหัวหมาก,105408,-1.29,0.04,-0.797947689,0,,,,0,,,,2020,water
WL.KJK.01,105408,2020-01-01T00:00:00.000,2020-12-31T23:55:00.000,105408,สถานีสูบน้ำ คลองเจ็ก,105408,-1.42,0.03,-0.945906952,104627,-1.0,1.86,0.3130167165,0,,,,2020,water
WL.KJK.02,105408,2020-01-01T00:00:00.000,2020-12-31T23:55:00.000,105408,จุดวัดคลองเจ็ก ตอนถนนสุขุมวิท 60/1,105408,-1.28,0.38,-0.7799424142,0,,,,0,,,,2020,water
WL.KJN.01,105408,2020-01-01T00:00:00.000,2020-12-31T23:55:00.000,105408,จุดวัดคลองจั่น ตอนถนนลาดพร้าว,105408,-1.22,0.03,-0.6615850789,0,,,,0,,,,2020,water
WL.KJN.02,105408,2020-01-01T00:00:00.000,2020-12-31T23:55:00.000,105408,จุดวัดคลองจั่น ตอนถนนโยธินพัฒนา,105408,-0.79,0.67,-0.3596426267,0,,,,0,,,,2020,water
WL.KJT.01,105408,2020-01-01T00:00:00.000,2020-12-31T23:55:00.000,105408,"""จุดวัดคลองจิต ตอนซอยลาดพร้าว 122 """,105408,-1.33,-0.19,-1.0707322974,0,,,,0,,,,2020,water
WL.KJU.01,105408,2020-01-01T00:00:00.000,2020-12-31T23:55:00.000,105408,จุดวัดคลองขุนจันทร์ ตอนถนนฉิมพลี,105408,-1.02,1.33,-0.0368287986,0,,,,0,,,,2020,water
WL.KKD.01,105408,2020-01-01T00:00:00.000,2020-12-31T23:55:00.000,105408,จุดวัดคลองเคล็ด ตอนถนนสุขุมวิท 77,105407,-1.69,-0.01,-0.7063558397,0,,,,0,,,,2020,water
WL.KKD.02,105408,2020-01-01T00:00:00.000,2020-12-31T23:55:00.000,105408,จุดวัดคลองเคล็ด ตอนถนนสุภาพงษ์ 1,105408,-1.21,0.07,-0.6771362705,0,,,,0,,,,2020,water
WL.KKD.03,105408,2020-01-01T00:00:00.000,2020-12-31T23:55:00.000,105408,จุดวัดคลองเคล็ด ตอนถนนศรีนครินทร์,105408,-0.65,0.51,-0.4589676305,0,,,,0,,,,2020,water
WL.KKO.01,105408,2020-01-01T00:00:00.000,2020-12-31T23:55:00.000,105408,จุดวัดคลองเก้า ตอนวัดศรีสุขสถาพร,105407,-1.21,1.63,0.2020291821,0,,,,0,,,,2020,water
WL.KKS.01,105408,2020-01-01T00:00:00.000,2020-12-31T23:55:00.000,105408,สถานีสูบน้ำ เทเวศร์,105408,-1.01,3.4,-0.3158127467,104621,-1.51,3.9,0.4296673708,0,,,,2020,water
WL.KKS.02,105408,2020-01-01T00:00:00.000,2020-12-31T23:55:00.000,105408,จุดวัดคลองผดุงกรุงเกษม ตอนทำเนียบรัฐบาล,105407,-1.13,0.04,-0.4096526796,0,,,,0,,,,2020,water
WL.KKS.03,105408,2020-01-01T00:00:00.000,2020-12-31T23:55:00.000,105408,จุดวัดคลองผดุงกรุงเกษม ตอนหัวลำโพง,105408,-1.27,0.14,-0.4911122495,0,,,,0,,,,2020,water
WL.KKS.04,105408,2020-01-01T00:00:00.000,2020-12-31T23:55:00.000,105408,สถานีสูบน้ำ กรุงเกษม,105408,-0.68,-0.15,-0.3685170006,105408,-0.78,1.98,0.5255940726,0,,,,2020,water
WL.KKY.01,105408,2020-01-01T00:00:00.000,2020-12-31T23:55:00.000,105408,จุดวัดคลองควาย ตอนถนนศาลาธรรมสพน์,68381,-3.0,0.82,0.4216150685,0,,,,0,,,,2020,water
WL.KKY.02,105408,2020-01-01T00:00:00.000,2020-12-31T23:55:00.000,105408,จุดวัดคลองควาย ตอนถนนบรมราชชนนี,105408,0.22,1.52,0.6972306656,0,,,,0,,,,2020,water
WL.KLA.01,105408,2020-01-01T00:00:00.000,2020-12-31T23:55:00.000,105408,จุดวัดคลองลาว ตอนถนนพัฒนาการ,105408,-0.82,0.38,-0.430517418,0,,,,0,,,,2020,water
WL.KLD.01,105408,2020-01-01T00:00:00.000,2020-12-31T23:55:00.000,105408,จุดวัดคลองหลอด ตอนสถานีสูบน้ำปากคลองตลาด,105408,-0.31,0.67,0.3318349651,0,,,,0,,,,2020,water
WL.KLD.02,105408,2020-01-01T00:00:00.000,2020-12-31T23:55:00.000,105408,จุดวัดคลองหลอด ตอนถนนราชดำเนินใน,105408,-0.31,0.69,0.3403508273,0,,,,0,,,,2020,water
WL.KLT.01,105408,2020-01-01T00:00:00.000,2020-12-31T23:55:00.000,105408,จุดวัดคลองตัน ช่วงใต้ทางด่วน,105280,-1.05,0.02,-0.543381554,0,,,,0,,,,2020,water
WL.KMN.01,105408,2020-01-01T00:00:00.000,2020-12-31T23:55:00.000,105408,สถานีสูบน้ำ คลองมอญ,105406,-1.06,0.86,0.1504002618,105406,-1.21,1.56,0.3772709333,0,,,,2020,water
WL.KNB.01,105408,2020-01-01T00:00:00.000,2020-12-31T23:55:00.000,105408,จุดวัดคลองหนองบอน ตอนอ่อนนุช 66 ซอย 13,105408,-1.48,-0.3,-0.8463208675,0,,,,0,,,,2020,water
WL.KNB.02,105408,2020-01-01T00:00:00.000,2020-12-31T23:55:00.000,105408,จุดวัดคลองหนองบอน ตอนถนนเฉลิมพระเกียรติรัชกาลที่ 9,105407,-0.59,0.5,-0.3296380696,0,,,,0,,,,2020,water
WL.KPG.01,105408,2020-01-01T00:00:00.000,2020-12-31T23:55:00.000,105408,จุดวัดคลองเป้ง ตอนซอยเอกมัย 23,105408,-1.7,-0.78,-1.2838078704,0,,,,0,,,,2020,water
WL.KPM.01,105408,2020-01-01T00:00:00.000,2020-12-31T23:55:00.000,105408,จุดวัดคลองเปรมประชากร ช่วงสถานีน้ำอุโมงค์คลองเปรมประชากร,105316,-0.91,1.39,-0.2742818755,0,,,,0,,,,2020,water
WL.KPM.02,105408,2020-01-01T00:00:00.000,2020-12-31T23:55:00.000,105408,จุดวัดคลองเปรมประชากร ตอนถนนรัชดาภิเษก,105408,-0.83,0.62,-0.2225499013,0,,,,0,,,,2020,water
WL.KPM.03,105408,2020-01-01T00:00:00.000,2020-12-31T23:55:00.000,105408,จุดวัดคลองเปรมประชากร ช่วงวัดเทวสุนทร,105407,-0.54,0.83,-0.07173072,0,,,,0,,,,2020,water
WL.KPM.04,105408,2020-01-01T00:00:00.000,2020-12-31T23:55:00.000,105408,คลองเปรมประชากร ตอนคลองบางตลาด*,105408,-0.16,1.08,0.1922307605,0,,,,0,,,,2020,water
WL.KPM.05,105408,2020-01-01T00:00:00.000,2020-12-31T23:55:00.000,105408,จุดวัดคลองเปรมประชากร ตอนถนนสรงประภา,105408,-0.02,1.35,0.3292969224,0,,,,0,,,,2020,water
WL.KPM.06,105408,2020-01-01T00:00:00.000,2020-12-31T23:55:00.000,105408,จุดวัดคลองเปรมประชากร ตอนคลองบ้านใหม่,105406,-0.7,2.0,0.4773045178,0,,,,0,,,,2020,water
WL.KSG.01,105408,2020-01-01T00:00:00.000,2020-12-31T23:55:00.000,105408,จุดวัดคลองสอง ตอนถนนพหลโยธิน,105408,-0.25,1.25,0.154840809,0,,,,0,,,,2020,water
WL.KSI.01,105408,2020-01-01T00:00:00.000,2020-12-31T23:55:00.000,105408,จุดวัดคลองสี่ ตอนถนนสุวินทวงศ์,105407,-0.96,0.94,-0.1836647471,0,,,,0,,,,2020,water
WL.KSI.02,105408,2020-01-01T00:00:00.000,2020-12-31T23:55:00.000,105408,จุดวัดคลองสี่ ตอนถนนเจ้าคุณทหาร,105407,-1.8,-0.09,-1.1252472796,0,,,,0,,,,2020,water
WL.KSK.01,105408,2020-01-01T00:00:00.000,2020-12-31T23:55:00.000,105408,"""จุดวัดคลองขุนสกล ตอนซอยศรีนครินทร์ 36 """,105408,-1.6,3.05,-0.6928503529,0,,,,0,,,,2020,water
WL.KSM.01,105408,2020-01-01T00:00:00.000,2020-12-31T23:55:00.000,105408,จุดวัดคลองสาม ตอนร่มเกล้า 17,105408,-1.08,0.63,-0.38988739,0,,,,0,,,,2020,water
WL.KSM.02,105408,2020-01-01T00:00:00.000,2020-12-31T23:55:00.000,105408,จุดวัดคลองสาม ตอนมอเตอร์เวย์,105408,-0.88,0.62,-0.2571680518,0,,,,0,,,,2020,water
WL.KSO.01,105408,2020-01-01T00:00:00.000,2020-12-31T23:55:00.000,105408,จุดวัดคลองซอย ตอนถนนบรมราชชนนี,105407,0.1,1.08,0.6047871583,0,,,,0,,,,2020,water
WL.KSO.02,105408,2020-01-01T00:00:00.000,2020-12-31T23:55:00.000,105408,จุดวัดคลองซอย ตอนถนนศาลาธรรมสพน์,69089,0.18,0.88,0.5004488413,0,,,,0,,,,2020,water
WL.KTK.03,105408,2020-01-01T00:00:00.000,2020-12-31T23:55:00.000,105408,จุดวัดคลองขรัวตาแก่น ตอนซอยสะพานขวา,105408,-0.99,0.37,-0.3104293792,0,,,,0,,,,2020,water
WL.KTY.01,105408,2020-01-01T00:00:00.000,2020-12-31T23:55:00.000,105408,สถานีสูบน้ำ คลองเตย,105405,-2.92,4.0,-1.1481964802,105398,-2.55,3.41,0.4590594698,0,,,,2020,water
WL.LBK.01,105408,2020-01-01T00:00:00.000,2020-12-31T23:55:00.000,105408,จุดวัดคลองลาดบัวขาว ตอนถนนรามคำแหง,105408,-0.71,0.58,-0.2347727876,0,,,,0,,,,2020,water
WL.LBK.02,105408,2020-01-01T00:00:00.000,2020-12-31T23:55:00.000,105408,จุดวัดคลองลาดบัวขาว ตอนถนนเคหะร่มเกล้า,105407,-0.89,0.32,-0.4051097176,0,,,,0,,,,2020,water
WL.LBK.03,105408,2020-01-01T00:00:00.000,2020-12-31T23:55:00.000,105408,จุดวัดคลองลาดบัวขาว ตอนซอยกาญจนาภิเษก 24,105408,-0.76,0.41,-0.2898658546,0,,,,0,,,,2020,water
WL.LCL.01,105408,2020-01-01T00:00:00.000,2020-12-31T23:55:00.000,105408,จุดวัดคลองลำชะล่า ตอนถนนนวมินทร์,105407,-0.76,1.85,0.3450053602,0,,,,0,,,,2020,water
WL.LCL.02,105408,2020-01-01T00:00:00.000,2020-12-31T23:55:00.000,105408,จุดวัดคลองลำชะล่า ตอนซอยนวมินทร์ 86,105408,-1.16,1.0,-0.4477194331,0,,,,0,,,,2020,water
WL.LKB.01,105408,2020-01-01T00:00:00.000,2020-12-31T23:55:00.000,105408,จุดวัดคลองลาดกระบัง ตอนซอยลาดกระบัง 54/6,105408,-0.92,0.62,-0.2845559161,0,,,,0,,,,2020,water
WL.LOA.01,105408,2020-01-01T00:00:00.000,2020-12-31T23:55:00.000,105408,จุดวัดคลองรางอ้อ-รางแก้ว ตอนถนนพหลโยธิน,105408,-0.71,1.3,0.2293252884,0,,,,0,,,,2020,water
WL.LPC.01,105408,2020-01-01T00:00:00.000,2020-12-31T23:55:00.000,105408,จุดวัดคลองลำผักชี ตอนโรงเรียนลำผักชี,105298,-0.68,0.79,-0.2008885259,0,,,,0,,,,2020,water
WL.LPG.01,105408,2020-01-01T00:00:00.000,2020-12-31T23:55:00.000,105408,จุดวัดคลองหลวงแพ่ง ตอนโรงเรียนผลลีรุ่งเรือง,105408,-1.4,0.67,-0.4825454425,0,,,,0,,,,2020,water
WL.LPG.02,105408,2020-01-01T00:00:00.000,2020-12-31T23:55:00.000,105408,ประตูระบายน้ำ คลองหลวงแพ่ง,105407,-2.1,1.05,-0.3770082632,105407,-1.11,1.26,-0.3821063117,0,,,,2020,water
WL.LPG.03,105408,2020-01-01T00:00:00.000,2020-12-31T23:55:00.000,105408,จุดวัดคลองหลวงแพ่ง ตอนวัดลำต้อยติ่ง,105408,-1.43,0.75,-0.4320966151,0,,,,0,,,,2020,water
WL.LPI.01,105408,2020-01-01T00:00:00.000,2020-12-31T23:55:00.000,105408,จุดวัดคลองหลุมไผ่ ตอนซอยลาดปลาเค้า 63,105408,-0.47,0.63,-0.0962786506,0,,,,0,,,,2020,water
WL.LPI.02,105408,2020-01-01T00:00:00.000,2020-12-31T23:55:00.000,105408,จุดวัดคลองหลุมไผ่ ตอนถนนประเสริฐมนูกิจ29,105408,-0.35,1.02,-0.0388201085,0,,,,0,,,,2020,water
WL.LPN.01,105408,2020-01-01T00:00:00.000,2020-12-31T23:55:00.000,105408,สถานีสูบน้ำ คลองเลนเปน,105404,-2.84,0.47,-0.2307286251,105404,-0.46,1.11,0.5498573109,0,,,,2020,water
WL.LPT.01,105408,2020-01-01T00:00:00.000,2020-12-31T23:55:00.000,105408,จุดวัดคลองลำปลาทิว ตอนถนนสังฆสันติสุข,105407,-0.42,1.59,0.3475233144,0,,,,0,,,,2020,water
WL.LPT.02,105408,2020-01-01T00:00:00.000,2020-12-31T23:55:00.000,105408,จุดวัดคลองลำปลาทิว ตอนซอยฉลองกรุง 54,105408,-0.88,1.4,0.0384845553,0,,,,0,,,,2020,water
WL.LPT.03,105408,2020-01-01T00:00:00.000,2020-12-31T23:55:00.000,105408,จุดวัดคลองลำปลาทิว ตอนซอยฉลองกรุง 8,105408,-1.55,0.57,-0.7342923687,0,,,,0,,,,2020,water
WL.LPT.04,105408,2020-01-01T00:00:00.000,2020-12-31T23:55:00.000,105408,"""จุดวัดคลองลำปลาทิว ตอนซอยเชื่อมสัมพันธ์ 25 """,105407,-1.25,0.93,-0.3888514994,0,,,,0,,,,2020,water
WL.LPW.01,105408,2020-01-01T00:00:00.000,2020-12-31T23:55:00.000,105408,ประตูระบายน้ำ คลองลาดพร้าว,105407,-0.74,0.43,-0.32122212,105408,-0.76,0.39,-0.3143030889,0,,,,2020,water
WL.LPW.02,105408,2020-01-01T00:00:00.000,2020-12-31T23:55:00.000,105408,จุดวัดคลองลาดพร้าว ช่วงวัดลาดพร้าว,105406,-0.62,0.65,-0.1998429881,0,,,,0,,,,2020,water
WL.LPW.03,105408,2020-01-01T00:00:00.000,2020-12-31T23:55:00.000,105408,จุดวัดคลองลาดพร้าว ช่วงซอยเสนานิคม,105406,-0.4,0.86,-0.0905025331,0,,,,0,,,,2020,water
WL.LPW.04,105408,2020-01-01T00:00:00.000,2020-12-31T23:55:00.000,105408,จุดวัดคลองลาดพร้าว ตอนถนนประชาอุทิศ,105408,-0.82,1.17,-0.3935826503,0,,,,0,,,,2020,water
WL.LPW.05,105408,2020-01-01T00:00:00.000,2020-12-31T23:55:00.000,105408,จุดวัดคลองลาดพร้าว ช่วงถนนประดิษฐ์มนูธรรม,104003,-0.94,0.8,-0.444838322,0,,,,0,,,,2020,water
WL.LSG.01,105408,2020-01-01T00:00:00.000,2020-12-31T23:55:00.000,105408,จุดวัดคลองหลอด 2 ตอนถนนบางนา ตราด,105408,-2.1,-0.03,-1.067736225,0,,,,0,,,,2020,water
WL.LSM.01,105408,2020-01-01T00:00:00.000,2020-12-31T23:55:00.000,105408,จุดวัดคลองหลอด 3 ตอนถนนบางนา ตราด,105408,-2.47,-0.21,-1.6701941978,0,,,,0,,,,2020,water
WL.LYW.01,105408,2020-01-01T00:00:00.000,2020-12-31T23:55:00.000,105408,จุดวัดคลองลาดยาว ตอน ถนนรัชดาภิเษก,105408,-1.58,0.35,-1.3313802558,0,,,,0,,,,2020,water
WL.LYW.02,105408,2020-01-01T00:00:00.000,2020-12-31T23:55:00.000,105408,จุดวัดคลองลาดยาว ตอนถนนวิภาวดีรังสิต 44,105408,-1.28,0.41,-1.1283957574,0,,,,0,,,,2020,water
WL.MID.01,105408,2020-01-01T00:00:00.000,2020-12-31T23:55:00.000,105408,จุดวัดคูน้ำกรมสารวัตรทหาร,105407,-2.48,0.48,-1.0420979631,0,,,,0,,,,2020,water
WL.MSW.01,105408,2020-01-01T00:00:00.000,2020-12-31T23:55:00.000,105408,จุดวัดคลองมหาสวัสดิ์ ตอนคลองสวนแดน 2,105392,-3.0,1.67,0.4687741954,0,,,,0,,,,2020,water
WL.MSW.02,105408,2020-01-01T00:00:00.000,2020-12-31T23:55:00.000,105408,จุดวัดคลองมหาสวัสดิ์ ตอนวัดปุรณาวาส,105408,0.13,1.13,0.5541644847,0,,,,0,,,,2020,water
WL.MSW.03,105408,2020-01-01T00:00:00.000,2020-12-31T23:55:00.000,105408,จุดวัดคลองมหาสวัสดิ์ ตอนถนนพุทธมณฑลสาย 2,105406,-2.89,3.83,0.4501779785,0,,,,0,,,,2020,water
WL.NBN.01,105408,2020-01-01T00:00:00.000,2020-12-31T23:55:00.000,105408,จุดวัดบึงหนองบอน,105408,-5.22,-1.41,-2.7473513396,82789,-5.03,-5.03,-5.03,0,,,,2020,water
WL.NK3.01,105408,2020-01-01T00:00:00.000,2020-12-31T23:55:00.000,105408,จุดวัดคลองคูนายกิมสาย 3  ตอนถนนประชาอุทิศ,105407,-0.4,1.47,0.1752514539,0,,,,0,,,,2020,water
WL.NKW.01,105408,2020-01-01T00:00:00.000,2020-12-31T23:55:00.000,105408,จุดวัดคลองน้ำแก้ว ตอนถนนรัชดาภิเษก,105406,-0.96,0.19,-0.4998498188,0,,,,0,,,,2020,water
WL.NKW.02,105408,2020-01-01T00:00:00.000,2020-12-31T23:55:00.000,105408,จุดวัดคลองน้ำแก้ว ตอนซอยลาดพร้าว 41,87125,-1.77,0.39,-0.5541518508,0,,,,0,,,,2020,water
WL.NSG.01,105408,2020-01-01T00:00:00.000,2020-12-31T23:55:00.000,105408,จุดวัดคลองนาซอง ตอนถนนประชาสุข,105408,-0.77,1.27,-0.2781698733,0,,,,0,,,,2020,water
WL.ORC.01,105408,2020-01-01T00:00:00.000,2020-12-31T23:55:00.000,105408,สถานีสูบน้ำ คลองอรชร,105155,-1.91,0.22,-0.9845734392,105405,-1.6,0.77,-0.4854624543,0,,,,2020,water
WL.PKG.01,105408,2020-01-01T00:00:00.000,2020-12-31T23:55:00.000,105408,สถานีสูบน้ำ ปากคลองตลาด,105406,-0.58,1.73,0.4109486177,0,,,,0,,,,2020,water
WL.PKN.01,105408,2020-01-01T00:00:00.000,2020-12-31T23:55:00.000,105408,สถานีสูบน้ำ พระโขนง,105408,-2.56,3.96,-0.5768769923,105408,-1.52,2.16,0.3873380578,0,,,,2020,water
WL.PLK.01,105408,2020-01-01T00:00:00.000,2020-12-31T23:55:00.000,105408,จุดวัดคลองพิทยาลงกรณ์ ช่วงโรงเรียนพิทยาลงกรณ์พิทยาคม,105406,-0.33,1.51,0.4490769026,0,,,,0,,,,2020,water
WL.PPA.02,105408,2020-01-01T00:00:00.000,2020-12-31T23:55:00.000,105408,จุดวัดคลองพลับพลา ตอนศูนย์แพทย์พัฒนา,105408,-1.32,0.28,-0.805868435,0,,,,0,,,,2020,water
WL.PSC.01,105408,2020-01-01T00:00:00.000,2020-12-31T23:55:00.000,105408,สถานีสูบน้ำ คลองภาษีเจริญ,105407,-0.6,0.53,0.2069029571,105407,-0.19,0.5,0.2443051221,0,,,,2020,water
WL.PSC.02,105408,2020-01-01T00:00:00.000,2020-12-31T23:55:00.000,105408,จุดวัดคลองภาษีเจริญ ตอนวัดรางบัว,105408,-0.21,0.75,0.2471903461,0,,,,0,,,,2020,water
WL.PSC.03,105408,2020-01-01T00:00:00.000,2020-12-31T23:55:00.000,105408,จุดวัดคลองราชมนตรี ตอนคลองภาษีเจริญ,105394,0.12,0.51,0.2939875135,0,,,,0,,,,2020,water
WL.PSC.04,105408,2020-01-01T00:00:00.000,2020-12-31T23:55:00.000,105408,จุดวัดคลองภาษีเจริญ ตอนคลองมหาศร,105390,-0.09,0.92,0.3080441218,0,,,,0,,,,2020,water
WL.PSI.01,105408,2020-01-01T00:00:00.000,2020-12-31T23:55:00.000,105408,จุดวัดคลองพร้อมศรี 2 ตอนถนนสุขุมวิท 49/13,105408,-1.52,0.24,-1.2557418792,0,,,,0,,,,2020,water
WL.PSR.01,105408,2020-01-01T00:00:00.000,2020-12-31T23:55:00.000,105408,ประตูระบายน้ำ คลองพระยาสุเรนทร์,105408,-2.38,2.83,0.3234318078,105408,-0.13,1.7,0.4453941826,0,,,,2020,water
WL.PSR.02,105408,2020-01-01T00:00:00.000,2020-12-31T23:55:00.000,105408,จุดวัดคลองพระยาสุเรนทร์ ตอนถนนหนองระแหง,105408,-0.13,1.34,0.3636529485,0,,,,0,,,,2020,water
WL.PSR.03,105408,2020-01-01T00:00:00.000,2020-12-31T23:55:00.000,105408,จุดวัดคลองพระยาสุเรนทร์ ตอนถนนจตุโชติ,105408,-0.14,1.31,0.3394599082,0,,,,0,,,,2020,water
WL.PSR.04,105408,2020-01-01T00:00:00.000,2020-12-31T23:55:00.000,105408,ปตร.พระยาสุเรนทร์ ตอนคู้บอน,105408,-0.28,1.24,0.2744540263,0,,,,0,,,,2020,water
WL.PSR.05,105408,2020-01-01T00:00:00.000,2020-12-31T23:55:00.000,105408,จุดวัดคลองพระยาสุเรนทร์ ตอนปัญญาอินทรา,105408,-0.41,1.2,0.2030729167,0,,,,0,,,,2020,water
WL.PSR.06,105408,2020-01-01T00:00:00.000,2020-12-31T23:55:00.000,105408,จุดวัดคลองพระยาสุเรนทร์ ตอนบางชัน,105407,-0.32,1.02,0.1577454059,0,,,,0,,,,2020,water
WL.PWT.01,105408,2020-01-01T00:00:00.000,2020-12-31T23:55:00.000,105408,จุดวัดคลองประเวศ ตอนซอยอ่อนนุช 17,105408,-1.08,-0.03,-0.5000695393,0,,,,0,,,,2020,water
WL.PWT.02,105408,2020-01-01T00:00:00.000,2020-12-31T23:55:00.000,105408,จุดวัดคลองประเวศบุรีรมย์ ตอนวัดขจรศิริ,105408,-0.7,-0.29,-0.5312513282,0,,,,0,,,,2020,water
WL.PWT.03,105408,2020-01-01T00:00:00.000,2020-12-31T23:55:00.000,105408,ประตูระบายน้ำ คลองประเวศบุรีรมย์ ตอนวัดกระทุ่มเสือปลา,105408,-0.82,1.73,-0.3934989754,105404,-2.91,0.4,-0.3062677887,0,,,,2020,water
WL.PWT.04,105408,2020-01-01T00:00:00.000,2020-12-31T23:55:00.000,105408,ประตูระบายน้ำ คลองประเวศบุรีรมย์ ตอนลาดกระบัง,105408,-1.09,3.19,-0.3338107165,105408,-0.99,0.52,-0.3416567054,0,,,,2020,water
WL.PWT.05,105408,2020-01-01T00:00:00.000,2020-12-31T23:55:00.000,105408,จุดวัดคลองประเวศบุรีรมย์ ตอน รพ.ลาดกระบัง,105386,-0.93,0.53,-0.3437367392,0,,,,0,,,,2020,water
WL.PWT.06,105408,2020-01-01T00:00:00.000,2020-12-31T23:55:00.000,105408,จุดวัดคลองประเวศบุรีรมย์ ตอนถนนร่วมพัฒนา,105404,-1.19,0.68,-0.3267641645,0,,,,0,,,,2020,water
WL.PYW.01,105408,2020-01-01T00:00:00.000,2020-12-31T23:55:00.000,105408,จุดวัดคลองพญาเวิก ตอนปตร.คลองพญาเวิก,105408,-1.06,0.49,-0.4419392266,0,,,,0,,,,2020,water
WL.RHN.01,105408,2020-01-01T00:00:00.000,2020-12-31T23:55:00.000,105408,สถานีสูบน้ำ คลองระหาญ,105403,-2.4,3.24,-0.5446709297,105403,-0.1,1.14,0.549680085,0,,,,2020,water
WL.RJK.01,105408,2020-01-01T00:00:00.000,2020-12-31T23:55:00.000,105408,ประตูระบายน้ำ คลองรางจาก ตอนถนนประชาอุทิศ,105399,-0.07,0.3,0.1249904648,105399,-0.07,0.38,0.1307668953,0,,,,2020,water
WL.RKC.01,105408,2020-01-01T00:00:00.000,2020-12-31T23:55:00.000,105408,จุดวัดคลองข้างศูนย์ราชการ,105408,-1.28,1.12,-0.0298349271,0,,,,0,,,,2020,water
WL.RMT.01,105408,2020-01-01T00:00:00.000,2020-12-31T23:55:00.000,105408,สถานีสูบน้ำ คลองพระยาราชมนตรี,105403,-1.21,0.23,-0.3032323558,105403,-0.27,1.1,0.5863927972,0,,,,2020,water
WL.RMT.02,105408,2020-01-01T00:00:00.000,2020-12-31T23:55:00.000,105408,จุดวัดคลองพระยาราชมนตรี ตอนถนนพระรามที่ 2,105408,-0.62,0.55,-0.03655159,0,,,,0,,,,2020,water
WL.RSK.01,105408,2020-01-01T00:00:00.000,2020-12-31T23:55:00.000,105408,จุดวัดคลองราษฎร์สามัคคี ตอนถนนเพชรเกษม 63,105408,-0.01,0.9,0.3141140141,0,,,,0,,,,2020,water
WL.SBR.01,105408,2020-01-01T00:00:00.000,2020-12-31T23:55:00.000,105408,ประตูระบายน้ำ คลองขุนศรีบุรีรักษ์ ตอนคลองมหาสวัสดิ์,105406,-0.33,1.22,0.6721863082,105405,-0.33,1.34,0.6944631659,0,,,,2020,water
WL.SBR.02,105408,2020-01-01T00:00:00.000,2020-12-31T23:55:00.000,105408,จุดวัดคลองบางขุนศรีบุรีรักษ์ ตอนถนนบรมราชชนนี,105408,0.11,1.07,0.4898343579,0,,,,0,,,,2020,water
WL.SBT.01,105408,2020-01-01T00:00:00.000,2020-12-31T23:55:00.000,105408,สถานีสูบน้ำ คลองสี่บาท,104504,-2.92,3.53,-0.0829908903,104504,-0.86,2.14,0.2515336255,0,,,,2020,water
WL.SCO.01,105408,2020-01-01T00:00:00.000,2020-12-31T23:55:00.000,105408,"""จุดวัดคลองศาลเจ้า ตอนถนนสวนผัก """,105408,-1.29,0.67,-0.1640839405,0,,,,0,,,,2020,water
WL.SDN.01,105408,2020-01-01T00:00:00.000,2020-12-31T23:55:00.000,105408,"""จุดวัดคลองสวนแดน ตอนถนนชัยพฤกษ์ """,105408,-0.77,0.82,0.1099547473,0,,,,0,,,,2020,water
WL.SKG.01,105408,2020-01-01T00:00:00.000,2020-12-31T23:55:00.000,105408,จุดวัดคลองสะแกงาม ตอนถนนกาญจนาภิเษก,105407,-1.33,0.36,-0.4069705048,0,,,,0,,,,2020,water
WL.SKT.01,105408,2020-01-01T00:00:00.000,2020-12-31T23:55:00.000,105408,จุดวัดคลองทรงกระเทียม ตอนถนนนาคนิวาส,105408,-1.92,-0.52,-1.5646858872,0,,,,0,,,,2020,water
WL.SKT.02,105408,2020-01-01T00:00:00.000,2020-12-31T23:55:00.000,105408,จุดวัดคลองทรงกระเทียม ตอนปตร.คลองทรงกระเทียม,105408,-1.42,0.5,-0.6016385853,0,,,,0,,,,2020,water
WL.SLL.01,105408,2020-01-01T00:00:00.000,2020-12-31T23:55:00.000,105408,จุดวัดคลองศาลาลอย ตอนถนนอ่อนนุช 61,105408,-0.98,0.34,-0.6042963532,0,,,,0,,,,2020,water
WL.SNC.01,105408,2020-01-01T00:00:00.000,2020-12-31T23:55:00.000,105408,สถานีสูบน้ำ คลองสนามชัย,105404,-1.03,0.53,0.1088848621,105404,-0.09,1.15,0.6398038974,0,,,,2020,water
WL.SNC.02,105408,2020-01-01T00:00:00.000,2020-12-31T23:55:00.000,105408,จุดวัดคลองสนามชัย ตอนคลองบางขุนเทียน,105405,-0.65,0.7,0.2325780561,0,,,,0,,,,2020,water
WL.SNO.01,105408,2020-01-01T00:00:00.000,2020-12-31T23:55:00.000,105408,จุดวัดคลองเสือน้อย ตอนถนนสุคนธสวัสดิ์,105407,-1.74,0.65,-0.7215693455,0,,,,0,,,,2020,water
WL.SPP.01,105408,2020-01-01T00:00:00.000,2020-12-31T23:55:00.000,105408,จุดวัดบ่อสูบน้ำสะพานพรหม,105408,-1.48,0.45,-0.5648592137,0,,,,0,,,,2020,water
WL.SRE.01,105408,2020-01-01T00:00:00.000,2020-12-31T23:55:00.000,105408,สถานีสูบน้ำ คลองสำเหร่,105382,-1.47,0.68,0.0096379837,105114,-1.18,1.82,0.3497933672,0,,,,2020,water
WL.SRG.01,105408,2020-01-01T00:00:00.000,2020-12-31T23:55:00.000,105408,สถานีสูบน้ำ คลองสำโรง,105403,-0.72,0.23,-0.2532371944,105402,-0.96,1.98,0.4723581146,0,,,,2020,water
WL.SSB.01,105408,2020-01-01T00:00:00.000,2020-12-31T23:55:00.000,105408,จุดวัดคลองแสนแสบ ช่วงคลองผดุงกรุงเกษม (โบ๊เบ๊),105408,-0.72,0.28,-0.3895463342,0,,,,0,,,,2020,water
WL.SSB.02,105408,2020-01-01T00:00:00.000,2020-12-31T23:55:00.000,105408,จุดวัดคลองแสนแสบ ตอนซอยสมคิด,105408,-1.2,0.23,-0.4831462508,0,,,,0,,,,2020,water
WL.SSB.03,105408,2020-01-01T00:00:00.000,2020-12-31T23:55:00.000,105408,จุดวัดคลองแสนแสบ ช่วงอโศก,105407,-0.8,0.27,-0.3625805687,0,,,,0,,,,2020,water
WL.SSB.04,105408,2020-01-01T00:00:00.000,2020-12-31T23:55:00.000,105408,สถานีสูบน้ำ คลองแสนแสบตอนคลองตัน,105408,-1.04,0.17,-0.4373157635,105408,-1.26,0.41,-0.4365716075,0,,,,2020,water
WL.SSB.05,105408,2020-01-01T00:00:00.000,2020-12-31T23:55:00.000,105408,จุดวัดคลองแสนแสบ ตอนรามคำแหง 9,105408,-1.12,0.37,-0.4577349917,0,,,,0,,,,2020,water
WL.SSB.06,105408,2020-01-01T00:00:00.000,2020-12-31T23:55:00.000,105408,จุดวัดคลองแสนแสบ ช่วงสถานีสูบน้ำคลองเจ้าคุณสิงห์,105398,-1.91,2.0,-0.489573806,0,,,,0,,,,2020,water
WL.SSB.07,105408,2020-01-01T00:00:00.000,2020-12-31T23:55:00.000,105408,จุดวัดคลองแสนแสบ ตอนสำนักงานเขตบางกะปิ,105404,-2.38,0.88,-0.3149627149,0,,,,0,,,,2020,water
WL.SSB.08,105408,2020-01-01T00:00:00.000,2020-12-31T23:55:00.000,105408,จุดวัดคลองแสนแสบ ช่วงซอยเสรีไทย 24,105405,-0.8,0.33,-0.3924874532,0,,,,0,,,,2020,water
WL.SSB.09,105408,2020-01-01T00:00:00.000,2020-12-31T23:55:00.000,105408,ประตูระบายน้ำ คลองแสนแสบ ตอนบางชัน,105408,-0.78,0.43,-0.2938989451,105408,-0.96,0.65,-0.1278753036,0,,,,2020,water
WL.SSB.10,105408,2020-01-01T00:00:00.000,2020-12-31T23:55:00.000,105408,ประตูระบายน้ำ คลองแสนแสบ ตอนถนนประชาร่วมใจ,105408,-0.7,0.64,-0.2074873824,105408,-0.81,0.99,-0.1514401184,0,,,,2020,water
WL.SSB.11,105408,2020-01-01T00:00:00.000,2020-12-31T23:55:00.000,105408,จุดวัดคลองแสนแสบ ตอนวัดทรัพย์สโมสรนิกรเกษม,104295,-0.46,1.04,-0.0497713217,0,,,,0,,,,2020,water
WL.SSB.12,105408,2020-01-01T00:00:00.000,2020-12-31T23:55:00.000,105408,สถานีสูบน้ำ คลองแสนแสบ หนองจอก,105408,-1.17,1.02,-0.3075424066,105408,-1.09,0.66,-0.0311924142,0,,,,2020,water
WL.SSG.01,105408,2020-01-01T00:00:00.000,2020-12-31T23:55:00.000,105408,จุดวัดคลองสิบสอง ตอนถนนประชาสำราญ,105381,-2.91,1.59,0.1020658373,0,,,,0,,,,2020,water
WL.SSM.01,105408,2020-01-01T00:00:00.000,2020-12-31T23:55:00.000,105408,ประตูระบายน้ำ คลองสิบสาม,105219,-1.01,1.15,-0.1514776799,105219,-2.37,1.51,-0.2467328144,0,,,,2020,water
WL.SSN.01,105408,2020-01-01T00:00:00.000,2020-12-31T23:55:00.000,105408,สถานีสูบน้ำ สามเสน,105408,-1.53,0.5,-0.4485264876,105408,-1.06,1.75,0.4350030358,0,,,,2020,water
WL.SSN.02,105408,2020-01-01T00:00:00.000,2020-12-31T23:55:00.000,105408,จุดวัดคลองสามเสน ช่วงถนนพระรามที่ 5,104535,-1.57,0.5,-0.4858874061,0,,,,0,,,,2020,water
WL.SSN.03,105408,2020-01-01T00:00:00.000,2020-12-31T23:55:00.000,105408,จุดวัดคลองสามเสน ตอนถนนพระรามที่ 6,105408,-1.38,0.52,-0.5257370408,0,,,,0,,,,2020,water
WL.SSN.04,105408,2020-01-01T00:00:00.000,2020-12-31T23:55:00.000,105408,จุดวัดคลองสามเสน ช่วงถนนพหลโยธิน,105406,-1.39,0.5,-0.4787726505,0,,,,0,,,,2020,water
WL.SSN.05,105408,2020-01-01T00:00:00.000,2020-12-31T23:55:00.000,105408,จุดวัดคลองสามเสน ตอน รพ.พระมงกุฎเกล้า,105403,-1.5,0.77,-0.6105578589,0,,,,0,,,,2020,water
WL.SSN.06,105408,2020-01-01T00:00:00.000,2020-12-31T23:55:00.000,105408,จุดวัดคลองสามเสน ช่วงถนนดินแดง,105396,-1.52,0.21,-0.8554576075,0,,,,0,,,,2020,water
WL.SSN.07,105408,2020-01-01T00:00:00.000,2020-12-31T23:55:00.000,105408,จุดวัดคลองสามเสน ตอนถนนอโศก,103430,-3.0,0.23,-0.7313936962,0,,,,0,,,,2020,water
WL.SSN.08,105408,2020-01-01T00:00:00.000,2020-12-31T23:55:00.000,105408,สถานีสูบน้ำ สามเสน ตอนคลองแสนแสบ,105408,-1.26,0.08,-0.5376038821,105408,-2.91,0.11,-0.4913932529,0,,,,2020,water
WL.SSN.09,105408,2020-01-01T00:00:00.000,2020-12-31T23:55:00.000,105408,จุดวัดคลองสามเสน ช่วงถนนเอกมัย,105405,-1.11,-0.02,-0.6936684218,0,,,,0,,,,2020,water
WL.SST.01,105408,2020-01-01T00:00:00.000,2020-12-31T23:55:00.000,105408,ประตูระบายน้ำ คลองสองสายใต้,105408,-0.24,1.34,0.1665532028,105408,-0.18,1.68,0.3873089329,0,,,,2020,water
WL.STN.01,105408,2020-01-01T00:00:00.000,2020-12-31T23:55:00.000,105408,จุดวัดคลองสองต้นนุ่น ตอนถนนรามคำแหง,105408,-0.42,0.52,-0.2917283318,0,,,,0,,,,2020,water
WL.STN.02,105408,2020-01-01T00:00:00.000,2020-12-31T23:55:00.000,105408,"""จุดวัดคลองสองต้นนุ่น ตอนซอยร่มเกล้า 20 """,105408,-0.74,0.47,-0.2696486984,0,,,,0,,,,2020,water
WL.STN.03,105408,2020-01-01T00:00:00.000,2020-12-31T23:55:00.000,105408,จุดวัดคลองสองต้นนุ่น ตอนถนนมอเตอร์เวย์,105408,-0.81,0.45,-0.3064108037,0,,,,0,,,,2020,water
WL.STR.01,105408,2020-01-01T00:00:00.000,2020-12-31T23:55:00.000,105408,สถานีสูบน้ำ คลองสาทร,105390,-2.2,0.22,-0.7283241294,105390,-1.04,1.73,0.3830683177,105390,-0.96,1.96,0.3360607268,2020,water
WL.STR.02,105408,2020-01-01T00:00:00.000,2020-12-31T23:55:00.000,105408,"""จุดวัดคลองสาทร ตอนถนนพระรามที่ 4 """,105408,-1.46,0.38,-0.4151573884,0,,,,0,,,,2020,water
WL.SWA.01,105408,2020-01-01T00:00:00.000,2020-12-31T23:55:00.000,105408,ประตูระบายน้ำ คลองสามวา,105408,-0.64,0.7,-0.1556953931,105408,-0.44,1.88,0.1635318002,0,,,,2020,water
WL.SWU.01,105408,2020-01-01T00:00:00.000,2020-12-31T23:55:00.000,105408,จุดวัดคูน้ำ มศว.,105408,-1.72,0.44,-1.2067313676,0,,,,0,,,,2020,water
WL.TCG.01,105408,2020-01-01T00:00:00.000,2020-12-31T23:55:00.000,105408,"""จุดวัดคลองตาช้าง ตอนถนนศรีนครินทร์ """,105408,-1.63,0.06,-0.86683136,0,,,,0,,,,2020,water
WL.TNG.01,105408,2020-01-01T00:00:00.000,2020-12-31T23:55:00.000,105408,จุดวัดคลองตาหนัง ตอนถนนลาดพร้าว,105408,-1.04,-0.06,-0.6214304417,0,,,,0,,,,2020,water
WL.TPK.02,105408,2020-01-01T00:00:00.000,2020-12-31T23:55:00.000,105408,จุดวัดคลองตาพุก ตอนถนนลาดกระบัง,105408,-0.66,0.53,-0.1356862857,0,,,,0,,,,2020,water
WL.TPK.03,105408,2020-01-01T00:00:00.000,2020-12-31T23:55:00.000,105408,จุดวัดคลองตาพุก ตอนคลองทับช้างบน,105408,-0.74,0.39,-0.2992368701,0,,,,0,,,,2020,water
WL.TSK.01,105408,2020-01-01T00:00:00.000,2020-12-31T23:55:00.000,105408,จุดวัดคูน้ำต่อศักดิ์ ตอนซอยทองหล่อ 25,105408,-1.98,0.04,-1.7602885929,0,,,,0,,,,2020,water
WL.TTN.01,105408,2020-01-01T00:00:00.000,2020-12-31T23:55:00.000,105408,จุดวัดคลองลาดโตนด ตอน ปตร.คลองลาดโตนด,105408,-1.11,0.66,-0.2782549712,0,,,,0,,,,2020,water
WL.TUT.01,105408,2020-01-01T00:00:00.000,2020-12-31T23:55:00.000,105408,สถานีสูบน้ำ คลองตาอูฐ,105408,-2.8,3.71,-0.7681358151,105408,-2.74,3.22,0.2529623937,0,,,,2020,water
WL.TUT.02,105408,2020-01-01T00:00:00.000,2020-12-31T23:55:00.000,105408,จุดวัดคลองตาอูฐ ตอนซอยแจ้งวัฒนะ 14,105408,-1.08,0.89,-0.6653700858,0,,,,0,,,,2020,water
WL.TWW.01,105408,2020-01-01T00:00:00.000,2020-12-31T23:55:00.000,105408,ประตูระบายน้ำ คลองทวีวัฒนา,105408,0.15,1.04,0.4811848247,105408,0.14,1.17,0.5765257855,0,,,,2020,water
WL.TWW.02,105408,2020-01-01T00:00:00.000,2020-12-31T23:55:00.000,105408,จุดวัดคลองทวีวัฒนา ตอนถนนบรมราชชนนี,105408,-0.03,1.03,0.4528137333,0,,,,0,,,,2020,water
WL.TWW.03,105408,2020-01-01T00:00:00.000,2020-12-31T23:55:00.000,105408,จุดวัดคลองทวีวัฒนา ตอนถนนเพชรเกษม,105408,-0.04,1.13,0.372986206,0,,,,0,,,,2020,water
WL.TWW.04,105408,2020-01-01T00:00:00.000,2020-12-31T23:55:00.000,105408,จุดวัดคลองทวีวัฒนา ตอนคลองบางเชือกหนัง,105392,0.11,0.87,0.4291679634,0,,,,0,,,,2020,water
WL.TWW.05,105408,2020-01-01T00:00:00.000,2020-12-31T23:55:00.000,105408,จุดวัดคลองทวีวัฒนา ตอนคลองภาษีเจริญ,105399,-0.11,0.76,0.3027333276,0,,,,0,,,,2020,water
WL.VPV.01,105408,2020-01-01T00:00:00.000,2020-12-31T23:55:00.000,105408,สถานีสูบน้ำ รัชดา-วิภาวดี,104189,-4.99,2.65,-1.4347220916,0,,,,0,,,,2020,water
WL.WKT.01,105408,2020-01-01T00:00:00.000,2020-12-31T23:55:00.000,105408,จุดวัดคลองวัดไก่เตี้ย ตอนสถานีสูบน้ำคลองวัดไก่เตี้ย,105408,-0.48,0.87,0.1818010018,0,,,,0,,,,2020,water
WL.WLS.01,105408,2020-01-01T00:00:00.000,2020-12-31T23:55:00.000,105408,จุดวัดคลองวัดหลักสี่ ตอนถนนวิภาวดีรังสิต,105407,-0.32,1.2,0.0945432467,0,,,,0,,,,2020,water
WL.WSI.01,105408,2020-01-01T00:00:00.000,2020-12-31T23:55:00.000,105408,สถานีสูบน้ำ คลองวัดไทร,105408,-2.42,0.73,-0.4649967744,105408,-0.93,1.93,0.3593835383,0,,,,2020,water
WL.WTK.01,105408,2020-01-01T00:00:00.000,2020-12-31T23:55:00.000,105408,จุดวัดคลองวัดตึก ตอนถนนลาดพร้าว,105408,-1.0,0.41,-0.5466939891,0,,,,0,,,,2020,water
WL.WTN.02,105408,2020-01-01T00:00:00.000,2020-12-31T23:55:00.000,105408,จุดวัดคูน้ำวัฒนา ตอนโรงเรียนวัฒนาวิทยาลัย,105408,-1.59,0.05,-0.9433927216,0,,,,0,,,,2020,water
WL.YPE.01,105408,2020-01-01T00:00:00.000,2020-12-31T23:55:00.000,105408,จุดคลองยายเพียร ตอนถนนเพชรเกษม,105408,-0.11,0.82,0.2864154523,0,,,,0,,,,2020,water
WL.YPN.01,105408,2020-01-01T00:00:00.000,2020-12-31T23:55:00.000,105408,จุดวัดคลองยายเผื่อน ตอนแฮปปี้แลนด์,51988,-1.56,-0.13,-1.0537414403,0,,,,0,,,,2020,water
WL.YPN.02,105408,2020-01-01T00:00:00.000,2020-12-31T23:55:00.000,105408,จุดวัดคลองยายเผื่อน ตอนถนนลาดพร้าว,105408,-1.99,0.08,-0.8035098854,0,,,,0,,,,2020,water
WL.YSN.02,105408,2020-01-01T00:00:00.000,2020-12-31T23:55:00.000,105408,"""จุดวัดคลองยายสุ่น ตอนถนนรัชดาภิเษก """,105408,-1.39,1.29,-0.6666392494,0,,,,0,,,,2020,water
WL.BBN.01,105120,2021-01-01T00:00:00.000,2021-12-31T23:55:00.000,105120,จุดวัดคลองบางบอน ตอนถนนบางขุนเทียน,105120,-0.49,0.54,0.0314605213,0,,,,0,,,,2021,water
WL.BBN.02,105120,2021-01-01T00:00:00.000,2021-12-31T23:55:00.000,105120,จุดวัดคลองบางบอน ตอนถนนกาญจนาภิเษก,105120,-0.25,0.68,0.09298164,0,,,,0,,,,2021,water
WL.BBN.03,105120,2021-01-01T00:00:00.000,2021-12-31T23:55:00.000,105120,จุดวัดคลองบางบอน ตอนคลองสะแกงาม,105120,-0.24,0.57,0.0194113394,0,,,,0,,,,2021,water
WL.BBR.01,105120,2021-01-01T00:00:00.000,2021-12-31T23:55:00.000,105120,จุดวัดคลองบางบำหรุ ตอนถนนบรมราชชนนี,105120,-0.97,0.9,0.2063898402,0,,,,0,,,,2021,water
WL.BBR.02,105120,2021-01-01T00:00:00.000,2021-12-31T23:55:00.000,105120,จุดวัดคลองบางบำหรุ ตอนถนนสิรินธร,105120,-0.9,0.96,0.2102023402,0,,,,0,,,,2021,water
WL.BBU.01,105120,2021-01-01T00:00:00.000,2021-12-31T23:55:00.000,105120,จุดวัดคลองบางบัว,105120,-0.42,0.91,-0.0287205099,0,,,,0,,,,2021,water
WL.BCN.01,105120,2021-01-01T00:00:00.000,2021-12-31T23:55:00.000,105120,จุดวัดคลองบางเชือกหนัง ตอนถนนกาญจนาภิเษก,105120,-0.05,0.94,0.38616914,0,,,,0,,,,2021,water
WL.BCN.02,105120,2021-01-01T00:00:00.000,2021-12-31T23:55:00.000,105120,จุดวัดคลองบางเชือกหนัง ตอนถนนพุทธมณฑลสาย 1,105120,-0.3,0.96,0.2792827245,0,,,,0,,,,2021,water
WL.BCN.03,105120,2021-01-01T00:00:00.000,2021-12-31T23:55:00.000,105120,จุดวัดคลองบางเชือกหนัง ตอนถนนพุทธมณฑลสาย 2,105120,0.02,1.02,0.4356524924,0,,,,0,,,,2021,water
WL.BJK.01,105120,2021-01-01T00:00:00.000,2021-12-31T23:55:00.000,105120,สถานีสูบน้ำ บางจาก,105120,-1.53,-0.02,-0.8921796994,105120,-1.45,1.99,0.4312369673,0,,,,2021,water
WL.BJK.02,105120,2021-01-01T00:00:00.000,2021-12-31T23:55:00.000,105120,"""จุดวัดคลองบางจาก ตอนซอยเพชรเกษม 68 """,105120,-0.12,0.81,0.3388008942,0,,,,0,,,,2021,water
WL.BJK.03,105120,2021-01-01T00:00:00.000,2021-12-31T23:55:00.000,105120,จุดวัดคลองบางจาก ตอนคลองบางหว้า,105120,0.24,0.73,0.3248560693,0,,,,0,,,,2021,water
WL.BJK.04,105120,2021-01-01T00:00:00.000,2021-12-31T23:55:00.000,105120,"""จุดวัดคลองบางจาก ตอนถนนพุทธมณฑลสาย 2 """,105120,-0.07,1.05,0.3503231545,0,,,,0,,,,2021,water
WL.BKA.01,105120,2021-01-01T00:00:00.000,2021-12-31T23:55:00.000,105120,สถานีสูบน้ำ คลองบางเขนใหม่,105120,-2.22,0.6,-0.4581887367,105120,-0.87,2.32,0.5673028919,0,,,,2021,water
WL.BKA.02,105120,2021-01-01T00:00:00.000,2021-12-31T23:55:00.000,105120,จุดวัดคลองบางเขน ช่วงถนนกรุงเทพ-นนทบุรี,105120,-1.1,0.73,-0.2272514269,0,,,,0,,,,2021,water
WL.BKA.03,105120,2021-01-01T00:00:00.000,2021-12-31T23:55:00.000,105120,จุดวัดคลองบางเขน ช่วงถนนประชาชื่น,105120,-1.0,1.0,-0.1864888699,0,,,,0,,,,2021,water
WL.BKA.04,105120,2021-01-01T00:00:00.000,2021-12-31T23:55:00.000,105120,จุดวัดคลองบางเขน ช่วงถนนวิภาวดีรังสิต,105120,-0.84,0.92,-0.1529666096,0,,,,0,,,,2021,water
WL.BKB.01,105120,2021-01-01T00:00:00.000,2021-12-31T23:55:00.000,105120,จุดวัดคลองบางกระบือ ตอนถนนสามเสน,105120,-0.84,0.98,-0.0793076484,0,,,,0,,,,2021,water
WL.BKG.01,105120,2021-01-01T00:00:00.000,2021-12-31T23:55:00.000,105120,ประตูระบายน้ำ คลองบึงขวาง,105120,-1.38,0.57,-0.2760652588,105120,-2.53,0.97,-0.0841734209,0,,,,2021,water
WL.BKL.01,105120,2021-01-01T00:00:00.000,2021-12-31T23:55:00.000,105120,จุดวัดคลองบางโคลัด ตอนถนนบางบอน 1,105120,-0.08,0.62,0.2008561644,0,,,,0,,,,2021,water
WL.BKY.01,105120,2021-01-01T00:00:00.000,2021-12-31T23:55:00.000,105120,สถานีสูบน้ำ คลองบางกอกใหญ่,105120,-1.27,0.91,0.2198214422,105120,-1.54,2.36,0.5172199391,0,,,,2021,water
WL.BKY.02,105120,2021-01-01T00:00:00.000,2021-12-31T23:55:00.000,105120,จุดวัดคลองบางเชือกหนัง ตอนวัดปากน้ำฝั่งใต้,105120,-0.52,0.7,0.1548918379,0,,,,0,,,,2021,water
WL.BLP.02,105120,2021-01-01T00:00:00.000,2021-12-31T23:55:00.000,105120,จุดวัดคลองบางลำพู ตอนสะพานผ่านฟ้า,105120,-3.0,0.21,-0.4758667237,0,,,,0,,,,2021,water
WL.BLY.01,105120,2021-01-01T00:00:00.000,2021-12-31T23:55:00.000,105120,จุดวัดคลองบ้านหลาย ตอนถนนสุขุมวิท 77,105120,-1.82,0.19,-0.7748581621,0,,,,0,,,,2021,water
WL.BMK.01,105120,2021-01-01T00:00:00.000,2021-12-31T23:55:00.000,105120,จุดวัดคลองบางมะเขือ ตอนถนนสุขุมวิท 71,105120,-1.65,-0.37,-1.1207081431,0,,,,0,,,,2021,water
WL.BNA.01,105120,2021-01-01T00:00:00.000,2021-12-31T23:55:00.000,105120,สถานีสูบน้ำ บางนา,105120,-1.41,-0.01,-0.7435953196,105120,-1.5,2.32,0.4320372907,0,,,,2021,water
WL.BNA.02,105120,2021-01-01T00:00:00.000,2021-12-31T23:55:00.000,105120,จุดวัดคลองบางนา ตอนถนนสุขุมวิท,105120,-1.14,0.37,-0.7096395548,0,,,,0,,,,2021,water
WL.BNA.03,105120,2021-01-01T00:00:00.000,2021-12-31T23:55:00.000,105120,จุดวัดคลองบางนา ตอนถนนศรีนครินทร์,105115,-0.88,0.38,-0.5144445607,0,,,,0,,,,2021,water
WL.BNJ.01,105120,2021-01-01T00:00:00.000,2021-12-31T23:55:00.000,105120,จุดวัดคลองบางนางจีน ตอนสถานีสูบน้ำบางนางจีน,105120,-1.23,-0.02,-0.8331437405,0,,,,0,,,,2021,water
WL.BNJ.02,105120,2021-01-01T00:00:00.000,2021-12-31T23:55:00.000,105120,จุดวัดคลองบางนางจีน ตอนซอยสุขุมวิท 66/1,105120,-3.0,0.01,-1.0165910388,0,,,,0,,,,2021,water
WL.BNJ.03,105120,2021-01-01T00:00:00.000,2021-12-31T23:55:00.000,105120,จุดวัดคลองบางนางจีน ตอนซอยสุขุมวิท 93,105120,-1.14,-0.01,-0.7624175228,0,,,,0,,,,2021,water
WL.BNJ.04,105120,2021-01-01T00:00:00.000,2021-12-31T23:55:00.000,105120,จุดวัดคลองบางนางจีน ตอนถนนสุขุมวิท 101/1,105120,-1.83,0.02,-0.8975446157,0,,,,0,,,,2021,water
WL.BOA.01,105120,2021-01-01T00:00:00.000,2021-12-31T23:55:00.000,105120,สถานีสูบน้ำ บางอ้อ,91713,-2.9,-0.04,-0.9623756719,104691,-2.12,2.18,0.4309313121,0,,,,2021,water
WL.BOA.02,105120,2021-01-01T00:00:00.000,2021-12-31T23:55:00.000,105120,จุดวัดคลองบางอ้อ ตอนซอยสุขุมวิท 64,105120,-1.49,0.02,-0.8854108638,0,,,,0,,,,2021,water
WL.BPA.01,105120,2021-01-01T00:00:00.000,2021-12-31T23:55:00.000,105120,จุดวัดคลองบ้านป่า ตอนถนนพัฒนาการ,105120,-0.82,0.07,-0.4688092656,0,,,,0,,,,2021,water
WL.BPM.01,105120,2021-01-01T00:00:00.000,2021-12-31T23:55:00.000,105120,จุดวัดคลองบางพรม ตอนคลองชักพระ,105115,-0.46,0.87,0.3221386101,0,,,,0,,,,2021,water
WL.BPM.02,105120,2021-01-01T00:00:00.000,2021-12-31T23:55:00.000,105120,จุดวัดคลองบางพรม ตอนถนนฉิมพลี,105116,-0.16,0.85,0.3514104418,0,,,,0,,,,2021,water
WL.BPM.03,105120,2021-01-01T00:00:00.000,2021-12-31T23:55:00.000,105120,จุดวัดคลองบางพรม ตอนถนนกาญจนาภิเษก,105120,-0.05,0.95,0.3935621195,0,,,,0,,,,2021,water
WL.BPM.04,105120,2021-01-01T00:00:00.000,2021-12-31T23:55:00.000,105120,จุดวัดคลองบางพรม ตอนถนนพุทธมณฑลสาย 3,105120,0.01,0.98,0.4255817161,0,,,,0,,,,2021,water
WL.BPN.01,105120,2021-01-01T00:00:00.000,2021-12-31T23:55:00.000,105120,จุดวัดคลองบางพราน ตอนถนนบางบอน 1,105120,-0.27,0.13,-0.093042618,0,,,,0,,,,2021,water
WL.BPN.02,105120,2021-01-01T00:00:00.000,2021-12-31T23:55:00.000,105120,จุดวัดคลองบางพราน ตอนถนนบางบอน 2,105120,-0.07,0.76,0.1734842085,0,,,,0,,,,2021,water
WL.BPU.01,105120,2021-01-01T00:00:00.000,2021-12-31T23:55:00.000,105120,จุดวัดสถานตากอากาศบางปู,105120,-0.26,2.26,0.5824642314,0,,,,0,,,,2021,water
WL.BSK.01,105120,2021-01-01T00:00:00.000,2021-12-31T23:55:00.000,105120,สถานีสูบน้ำ คลองบางไส้ไก่,105120,-1.46,0.77,0.0608299087,105120,-1.11,2.24,0.4429145738,0,,,,2021,water
WL.BSU.01,105120,2021-01-01T00:00:00.000,2021-12-31T23:55:00.000,105120,สถานีสูบน้ำ คลองบางซื่อ,105120,-1.35,0.32,-0.4606542047,105120,-1.18,2.35,0.5706961568,0,,,,2021,water
WL.BSU.02,105120,2021-01-01T00:00:00.000,2021-12-31T23:55:00.000,105120,จุดวัดคลองบางซื่อ ช่วงถนนพระรามที่ 5,105120,-1.34,0.2,-0.4325501332,0,,,,0,,,,2021,water
WL.BSU.03,105120,2021-01-01T00:00:00.000,2021-12-31T23:55:00.000,105120,จุดวัดคลองบางซื่อ ตอนถนนพระรามที่ 6,105120,-1.74,0.1,-0.4979570967,0,,,,0,,,,2021,water
WL.BSU.04,105120,2021-01-01T00:00:00.000,2021-12-31T23:55:00.000,105120,จุดวัดคลองบางซื่อ ช่วงถนนพหลโยธิน,105120,-1.06,0.37,-0.4960325342,0,,,,0,,,,2021,water
WL.BSU.05,105120,2021-01-01T00:00:00.000,2021-12-31T23:55:00.000,105120,จุดวัดคลองบางซื่อ ช่วงถนนวิภาวดีรังสิต,105115,-1.59,1.04,-0.5501899824,0,,,,0,,,,2021,water
WL.BSU.06,105120,2021-01-01T00:00:00.000,2021-12-31T23:55:00.000,105120,จุดวัดคลองบางซื่อ ช่วงถนนรัชดาภิเษก (เจ้าพระยาปาร์ค),105115,-1.6,0.28,-0.5653150359,0,,,,0,,,,2021,water
WL.BTL.01,105120,2021-01-01T00:00:00.000,2021-12-31T23:55:00.000,105120,จุดวัดคลองบางตลาด ตอนท่าทราย,105120,-3.0,1.28,0.3760504186,0,,,,0,,,,2021,water
WL.BTY.01,105120,2021-01-01T00:00:00.000,2021-12-31T23:55:00.000,105120,จุดวัดคลองบางเตย ตอนถนนนวมินทร์ 66/3,105120,-0.83,0.7,-0.2938304795,0,,,,0,,,,2021,water
WL.BWK.01,105120,2021-01-01T00:00:00.000,2021-12-31T23:55:00.000,105120,จุดวัดคลองบางแวก ตอนคลองบางกอกใหญ่,104894,-0.36,0.8,0.2843824242,0,,,,0,,,,2021,water
WL.BWK.02,105120,2021-01-01T00:00:00.000,2021-12-31T23:55:00.000,105120,จุดวัดคลองบางแวก ตอนถนนพุทธมณฑลสาย 1,105115,0.02,1.03,0.5083311611,0,,,,0,,,,2021,water
WL.BWK.03,105120,2021-01-01T00:00:00.000,2021-12-31T23:55:00.000,105120,จุดวัดคลองบางแวก ตอนคลองทวีวัฒนา,105120,0.05,1.04,0.4390884703,0,,,,0,,,,2021,water
WL.BYI.01,105120,2021-01-01T00:00:00.000,2021-12-31T23:55:00.000,105120,จุดวัดคลองบึงใหญ่ ตอนวัดทองสัมฤทธิ์,105120,-0.69,0.88,-0.0143550228,0,,,,0,,,,2021,water
WL.BYK.01,105120,2021-01-01T00:00:00.000,2021-12-31T23:55:00.000,105120,จุดวัดคลองบางยี่ขัน ตอนถนนจรัญสนิทวงศ์,105120,-2.0,0.89,0.0384947679,0,,,,0,,,,2021,water
WL.BYK.02,105120,2021-01-01T00:00:00.000,2021-12-31T23:55:00.000,105120,จุดวัดคลองบางยี่ขัน ตอนสถานีสูบน้ำคลองบางยี่ขัน,105120,-1.12,0.79,0.1869034437,0,,,,0,,,,2021,water
WL.CBJ.01,105120,2021-01-01T00:00:00.000,2021-12-31T23:55:00.000,105120,จุดวัดคลองชวดบางจาก ตอนถนนประชาอุทิศ,105120,-1.02,0.49,-0.6280964612,0,,,,0,,,,2021,water
WL.CKS.01,105120,2021-01-01T00:00:00.000,2021-12-31T23:55:00.000,105120,สถานีสูบน้ำ คลองเจ้าคุณสิงห์,105120,-1.39,0.38,-0.8828292428,0,,,,0,,,,2021,water
WL.CKS.02,105120,2021-01-01T00:00:00.000,2021-12-31T23:55:00.000,105120,จุดวัดคลองเจ้าคุณสิงห์ ตอนถนนลาดพร้าว,105119,-1.21,-0.12,-0.8646630961,0,,,,0,,,,2021,water
WL.CNS.01,105120,2021-01-01T00:00:00.000,2021-12-31T23:55:00.000,105120,สถานีสูบน้ำ คลองช่องนนทรี,105120,-2.56,0.2,-0.9005899924,105120,-1.36,2.02,0.4138274353,0,,,,2021,water
WL.CNS.02,105120,2021-01-01T00:00:00.000,2021-12-31T23:55:00.000,105120,จุดวัดคลองช่องนนทรี ตอนถนนนราธิวาสราชนครินทร์,105120,-1.53,0.18,-0.7633509323,0,,,,0,,,,2021,water
WL.CNS.03,105120,2021-01-01T00:00:00.000,2021-12-31T23:55:00.000,105120,จุดวัดคลองช่องนนทรี ตอนถนนจันทน์,105120,-1.49,0.75,-0.6897796804,0,,,,0,,,,2021,water
WL.CNS.04,105120,2021-01-01T00:00:00.000,2021-12-31T23:55:00.000,105120,จุดวัดคลองช่องนนทรี ตอนถนนสาทรใต้,70690,-1.34,1.52,-0.6825053049,0,,,,0,,,,2021,water
WL.CPA.01,105120,2021-01-01T00:00:00.000,2021-12-31T23:55:00.000,105120,สถานีสูบน้ำ คลองชักพระ,105120,-1.31,0.88,0.1828281963,105120,-0.68,2.15,0.6241886416,0,,,,2021,water
WL.CTC.01,105120,2021-01-01T00:00:00.000,2021-12-31T23:55:00.000,105120,จุดวัดคลองชวดตาเชียง ตอนสถานีสูบน้ำคลองชวดตาเชียง,104197,-3.0,0.2,-0.5809564575,0,,,,0,,,,2021,water
WL.CYI.01,105120,2021-01-01T00:00:00.000,2021-12-31T23:55:00.000,105120,จุดวัดคลองชวดใหญ่ ตอนถนนพระราม 9 ซอย 13,105116,-1.24,0.34,-0.5446021538,0,,,,0,,,,2021,water
WL.CYI.02,105120,2021-01-01T00:00:00.000,2021-12-31T23:55:00.000,105120,จุดวัดคลองชวดใหญ่ ตอนถนนพระราม 9,105120,-1.26,0.25,-0.6006789384,0,,,,0,,,,2021,water
WL.DKN.01,105120,2021-01-01T00:00:00.000,2021-12-31T23:55:00.000,105120,สถานีสูบน้ำ ดาวคะนอง,105120,-1.21,0.8,0.0763326674,105120,-1.5,2.25,0.4401436454,0,,,,2021,water
WL.FTM.01,105120,2021-01-01T00:00:00.000,2021-12-31T23:55:00.000,105120,จุดวัดคลองโบสถ์แม่พระ ตอนถนนดินแดง,105120,-1.28,0.13,-0.5771010274,0,,,,0,,,,2021,water
WL.HKG.01,105120,2021-01-01T00:00:00.000,2021-12-31T23:55:00.000,105120,จุดวัดคลองห้วยขวาง ตอนถนนประชาสงเคราะห์,105120,-2.31,1.58,-0.7815349125,0,,,,0,,,,2021,water
WL.HKG.02,105120,2021-01-01T00:00:00.000,2021-12-31T23:55:00.000,105120,จุดวัดคลองห้วยขวาง ตอนถนนเทียมร่วมมิตร,105120,-2.17,0.93,-0.7371356545,0,,,,0,,,,2021,water
WL.HMK.01,105120,2021-01-01T00:00:00.000,2021-12-31T23:55:00.000,105120,จุดวัดคลองหัวหมาก ตอนถนนศรีนครินทร์,105120,-0.82,0.18,-0.4222413432,0,,,,0,,,,2021,water
WL.IDE.01,105120,2021-01-01T00:00:00.000,2021-12-31T23:55:00.000,105120,จุดวัดบ่อสูบน้ำอินโดนีเซีย,105120,-1.06,0.4,-0.4853065068,0,,,,0,,,,2021,water
WL.JRN.01,105120,2021-01-01T00:00:00.000,2021-12-31T23:55:00.000,105120,สถานีสูบน้ำ คลองแจงร้อน,105120,-2.0,1.09,0.1280320586,105120,-1.58,2.06,0.4616842656,0,,,,2021,water
WL.KBU.01,105120,2021-01-01T00:00:00.000,2021-12-31T23:55:00.000,105120,ประตูระบายน้ำ คลองบัว ตอนทางรถไฟสายใต้,105120,-0.63,1.02,0.3180745814,105120,-0.77,2.13,0.6387832953,0,,,,2021,water
WL.KBU.02,105120,2021-01-01T00:00:00.000,2021-12-31T23:55:00.000,105120,จุดวัดคลองบัว ตอนถนนพุทธมณฑลสาย 1,105119,-0.27,0.89,0.3383411182,0,,,,0,,,,2021,water
WL.KDN.01,105120,2021-01-01T00:00:00.000,2021-12-31T23:55:00.000,105120,ประตูระบายน้ำ คลองวัดด่าน,105120,-0.87,0.93,-0.2470131279,105105,-2.79,2.12,0.4221573664,0,,,,2021,water
WL.KJA.01,105120,2021-01-01T00:00:00.000,2021-12-31T23:55:00.000,105120,จุดวัดคลองกะจะ ตอนถนนพระราม 9,105120,-2.61,0.09,-0.7672861492,0,,,,0,,,,2021,water
WL.KJA.02,105120,2021-01-01T00:00:00.000,2021-12-31T23:55:00.000,105120,จุดวัดคลองกะจะ ตอนถนนพระราม 9 ซอย 57,105120,-1.27,0.07,-0.7348446537,0,,,,0,,,,2021,water
WL.KJG.01,105120,2021-01-01T00:00:00.000,2021-12-31T23:55:00.000,105120,จุดวัดคลองจิก ตอนถนนหัวหมาก,105120,-1.21,0.06,-0.7776659056,0,,,,0,,,,2021,water
WL.KJK.01,105120,2021-01-01T00:00:00.000,2021-12-31T23:55:00.000,105120,สถานีสูบน้ำ คลองเจ็ก,105120,-1.35,-0.32,-0.9024799277,105120,-1.05,2.02,0.412301465,0,,,,2021,water
WL.KJK.02,105120,2021-01-01T00:00:00.000,2021-12-31T23:55:00.000,105120,จุดวัดคลองเจ็ก ตอนถนนสุขุมวิท 60/1,105120,-1.2,0.31,-0.7907050989,0,,,,0,,,,2021,water
WL.KJN.01,105120,2021-01-01T00:00:00.000,2021-12-31T23:55:00.000,105120,จุดวัดคลองจั่น ตอนถนนลาดพร้าว,105120,-0.84,0.39,-0.4164517694,0,,,,0,,,,2021,water
WL.KJN.02,105120,2021-01-01T00:00:00.000,2021-12-31T23:55:00.000,105120,จุดวัดคลองจั่น ตอนถนนโยธินพัฒนา,105120,-0.75,0.7,-0.3587774924,0,,,,0,,,,2021,water
WL.KJT.01,105120,2021-01-01T00:00:00.000,2021-12-31T23:55:00.000,105120,"""จุดวัดคลองจิต ตอนซอยลาดพร้าว 122 """,105120,-1.32,0.25,-1.0706444064,0,,,,0,,,,2021,water
WL.KJU.01,105120,2021-01-01T00:00:00.000,2021-12-31T23:55:00.000,105120,จุดวัดคลองขุนจันทร์ ตอนถนนฉิมพลี,105120,-0.88,0.63,-0.7281967275,0,,,,0,,,,2021,water
WL.KKD.01,105120,2021-01-01T00:00:00.000,2021-12-31T23:55:00.000,105120,จุดวัดคลองเคล็ด ตอนถนนสุขุมวิท 77,105120,-1.72,0.02,-0.8353231545,0,,,,0,,,,2021,water
WL.KKD.02,105120,2021-01-01T00:00:00.000,2021-12-31T23:55:00.000,105120,จุดวัดคลองเคล็ด ตอนถนนสุภาพงษ์ 1,105120,-1.24,0.07,-0.7990526065,0,,,,0,,,,2021,water
WL.KKD.03,105120,2021-01-01T00:00:00.000,2021-12-31T23:55:00.000,105120,จุดวัดคลองเคล็ด ตอนถนนศรีนครินทร์,105120,-0.7,0.53,-0.4484335997,0,,,,0,,,,2021,water
WL.KKO.01,105120,2021-01-01T00:00:00.000,2021-12-31T23:55:00.000,105120,จุดวัดคลองเก้า ตอนวัดศรีสุขสถาพร,91704,-2.71,1.62,-0.5503545102,0,,,,0,,,,2021,water
WL.KKS.01,105120,2021-01-01T00:00:00.000,2021-12-31T23:55:00.000,105120,สถานีสูบน้ำ เทเวศร์,105120,-1.04,0.14,-0.4550292047,105120,-1.21,2.1,0.5477514269,0,,,,2021,water
WL.KKS.02,105120,2021-01-01T00:00:00.000,2021-12-31T23:55:00.000,105120,จุดวัดคลองผดุงกรุงเกษม ตอนทำเนียบรัฐบาล,105120,-1.17,0.64,-0.3691798896,0,,,,0,,,,2021,water
WL.KKS.03,105120,2021-01-01T00:00:00.000,2021-12-31T23:55:00.000,105120,จุดวัดคลองผดุงกรุงเกษม ตอนหัวลำโพง,105120,-1.28,0.07,-0.5303376142,0,,,,0,,,,2021,water
WL.KKS.04,105120,2021-01-01T00:00:00.000,2021-12-31T23:55:00.000,105120,สถานีสูบน้ำ กรุงเกษม,105117,-1.47,0.03,-0.5084563867,105117,-1.86,2.05,0.49133594,0,,,,2021,water
WL.KKY.01,105120,2021-01-01T00:00:00.000,2021-12-31T23:55:00.000,105120,จุดวัดคลองควาย ตอนถนนศาลาธรรมสพน์,105120,-0.06,1.02,0.3944692732,0,,,,0,,,,2021,water
WL.KKY.02,105120,2021-01-01T00:00:00.000,2021-12-31T23:55:00.000,105120,จุดวัดคลองควาย ตอนถนนบรมราชชนนี,105120,-0.09,0.99,0.3910737253,0,,,,0,,,,2021,water
WL.KLA.01,105120,2021-01-01T00:00:00.000,2021-12-31T23:55:00.000,105120,จุดวัดคลองลาว ตอนถนนพัฒนาการ,105120,-3.0,0.47,-0.4330019977,0,,,,0,,,,2021,water
WL.KLD.01,105120,2021-01-01T00:00:00.000,2021-12-31T23:55:00.000,105120,จุดวัดคลองหลอด ตอนสถานีสูบน้ำปากคลองตลาด,105120,-0.65,0.81,0.2511430746,0,,,,0,,,,2021,water
WL.KLD.02,105120,2021-01-01T00:00:00.000,2021-12-31T23:55:00.000,105120,จุดวัดคลองหลอด ตอนถนนราชดำเนินใน,105120,-0.46,0.77,0.2665552702,0,,,,0,,,,2021,water
WL.KLT.01,105120,2021-01-01T00:00:00.000,2021-12-31T23:55:00.000,105120,จุดวัดคลองตัน ช่วงใต้ทางด่วน,105120,-1.15,0.0,-0.5842673135,0,,,,0,,,,2021,water
WL.KMN.01,105120,2021-01-01T00:00:00.000,2021-12-31T23:55:00.000,105120,สถานีสูบน้ำ คลองมอญ,105120,-1.11,0.81,0.134261035,105120,-1.44,2.39,0.4917785388,0,,,,2021,water
WL.KNB.01,105120,2021-01-01T00:00:00.000,2021-12-31T23:55:00.000,105120,จุดวัดคลองหนองบอน ตอนอ่อนนุช 66 ซอย 13,105120,-1.25,-0.05,-0.7491150114,0,,,,0,,,,2021,water
WL.KNB.02,105120,2021-01-01T00:00:00.000,2021-12-31T23:55:00.000,105120,จุดวัดคลองหนองบอน ตอนถนนเฉลิมพระเกียรติรัชกาลที่ 9,105120,-0.56,0.32,-0.3302735921,0,,,,0,,,,2021,water
WL.KPG.01,105120,2021-01-01T00:00:00.000,2021-12-31T23:55:00.000,105120,จุดวัดคลองเป้ง ตอนซอยเอกมัย 23,105120,-1.9,-0.68,-1.3670878044,0,,,,0,,,,2021,water
WL.KPM.01,105120,2021-01-01T00:00:00.000,2021-12-31T23:55:00.000,105120,จุดวัดคลองเปรมประชากร ช่วงสถานีน้ำอุโมงค์คลองเปรมประชากร,105120,-0.88,0.36,-0.316660293,0,,,,0,,,,2021,water
WL.KPM.02,105120,2021-01-01T00:00:00.000,2021-12-31T23:55:00.000,105120,จุดวัดคลองเปรมประชากร ตอนถนนรัชดาภิเษก,105120,-2.46,0.47,-0.2897481925,0,,,,0,,,,2021,water
WL.KPM.03,105120,2021-01-01T00:00:00.000,2021-12-31T23:55:00.000,105120,จุดวัดคลองเปรมประชากร ช่วงวัดเทวสุนทร,17983,-0.28,0.27,0.0850475449,0,,,,0,,,,2021,water
WL.KPM.04,105120,2021-01-01T00:00:00.000,2021-12-31T23:55:00.000,105120,คลองเปรมประชากร ตอนคลองบางตลาด*,105120,-0.29,0.99,0.1407866248,0,,,,0,,,,2021,water
WL.KPM.05,105120,2021-01-01T00:00:00.000,2021-12-31T23:55:00.000,105120,จุดวัดคลองเปรมประชากร ตอนถนนสรงประภา,105120,-1.54,1.13,0.3420763889,0,,,,0,,,,2021,water
WL.KPM.06,105120,2021-01-01T00:00:00.000,2021-12-31T23:55:00.000,105120,จุดวัดคลองเปรมประชากร ตอนคลองบ้านใหม่,105120,0.08,1.17,0.4098435122,0,,,,0,,,,2021,water
WL.KSG.01,105120,2021-01-01T00:00:00.000,2021-12-31T23:55:00.000,105120,จุดวัดคลองสอง ตอนถนนพหลโยธิน,105119,-0.32,1.02,0.1583393107,0,,,,0,,,,2021,water
WL.KSI.01,105120,2021-01-01T00:00:00.000,2021-12-31T23:55:00.000,105120,จุดวัดคลองสี่ ตอนถนนสุวินทวงศ์,105120,-0.66,1.0,0.0220417618,0,,,,0,,,,2021,water
WL.KSI.02,105120,2021-01-01T00:00:00.000,2021-12-31T23:55:00.000,105120,จุดวัดคลองสี่ ตอนถนนเจ้าคุณทหาร,105120,-1.69,0.7,-0.7406634323,0,,,,0,,,,2021,water
WL.KSK.01,105120,2021-01-01T00:00:00.000,2021-12-31T23:55:00.000,105120,"""จุดวัดคลองขุนสกล ตอนซอยศรีนครินทร์ 36 """,105120,-1.55,0.24,-0.8126539193,0,,,,0,,,,2021,water
WL.KSM.01,105120,2021-01-01T00:00:00.000,2021-12-31T23:55:00.000,105120,จุดวัดคลองสาม ตอนร่มเกล้า 17,105120,-0.87,0.69,-0.2359964802,0,,,,0,,,,2021,water
WL.KSM.02,105120,2021-01-01T00:00:00.000,2021-12-31T23:55:00.000,105120,จุดวัดคลองสาม ตอนมอเตอร์เวย์,105120,-0.79,0.71,-0.1428293379,0,,,,0,,,,2021,water
WL.KSO.01,105120,2021-01-01T00:00:00.000,2021-12-31T23:55:00.000,105120,จุดวัดคลองซอย ตอนถนนบรมราชชนนี,105119,-0.03,0.95,0.4142275897,0,,,,0,,,,2021,water
WL.KSO.02,105120,2021-01-01T00:00:00.000,2021-12-31T23:55:00.000,105120,จุดวัดคลองซอย ตอนถนนศาลาธรรมสพน์,105120,-1.0,1.16,0.3538112633,0,,,,0,,,,2021,water
WL.KTK.03,105120,2021-01-01T00:00:00.000,2021-12-31T23:55:00.000,105120,จุดวัดคลองขรัวตาแก่น ตอนซอยสะพานขวา,105120,-1.0,0.51,-0.4684652778,0,,,,0,,,,2021,water
WL.KTY.01,105120,2021-01-01T00:00:00.000,2021-12-31T23:55:00.000,105120,สถานีสูบน้ำ คลองเตย,105120,-2.52,0.56,-1.5188245814,105120,-2.1,2.69,0.3844047755,0,,,,2021,water
WL.LBK.01,105120,2021-01-01T00:00:00.000,2021-12-31T23:55:00.000,105120,จุดวัดคลองลาดบัวขาว ตอนถนนรามคำแหง,105120,-0.62,0.62,-0.1921927321,0,,,,0,,,,2021,water
WL.LBK.02,105120,2021-01-01T00:00:00.000,2021-12-31T23:55:00.000,105120,จุดวัดคลองลาดบัวขาว ตอนถนนเคหะร่มเกล้า,105119,-1.0,0.4,-0.3697138481,0,,,,0,,,,2021,water
WL.LBK.03,105120,2021-01-01T00:00:00.000,2021-12-31T23:55:00.000,105120,จุดวัดคลองลาดบัวขาว ตอนซอยกาญจนาภิเษก 24,105120,-0.63,0.51,-0.2526256659,0,,,,0,,,,2021,water
WL.LCL.01,105120,2021-01-01T00:00:00.000,2021-12-31T23:55:00.000,105120,จุดวัดคลองลำชะล่า ตอนถนนนวมินทร์,105120,-0.58,2.02,0.1550987443,0,,,,0,,,,2021,water
WL.LCL.02,105120,2021-01-01T00:00:00.000,2021-12-31T23:55:00.000,105120,จุดวัดคลองลำชะล่า ตอนซอยนวมินทร์ 86,105120,-0.45,1.06,-0.1200173135,0,,,,0,,,,2021,water
WL.LKB.01,105120,2021-01-01T00:00:00.000,2021-12-31T23:55:00.000,105120,จุดวัดคลองลาดกระบัง ตอนซอยลาดกระบัง 54/6,105120,-0.82,0.95,-0.1596400304,0,,,,0,,,,2021,water
WL.LOA.01,105120,2021-01-01T00:00:00.000,2021-12-31T23:55:00.000,105120,จุดวัดคลองรางอ้อ-รางแก้ว ตอนถนนพหลโยธิน,105120,-0.01,1.03,0.2979175228,0,,,,0,,,,2021,water
WL.LPC.01,105120,2021-01-01T00:00:00.000,2021-12-31T23:55:00.000,105120,จุดวัดคลองลำผักชี ตอนโรงเรียนลำผักชี,104859,-0.85,0.91,-0.1145741424,0,,,,0,,,,2021,water
WL.LPG.01,105120,2021-01-01T00:00:00.000,2021-12-31T23:55:00.000,105120,จุดวัดคลองหลวงแพ่ง ตอนโรงเรียนผลลีรุ่งเรือง,105120,-1.39,0.82,-0.361558124,0,,,,0,,,,2021,water
WL.LPG.02,105120,2021-01-01T00:00:00.000,2021-12-31T23:55:00.000,105120,ประตูระบายน้ำ คลองหลวงแพ่ง,105120,-1.52,1.0,-0.3011816971,105120,-0.82,1.24,-0.007754376,0,,,,2021,water
WL.LPG.03,105120,2021-01-01T00:00:00.000,2021-12-31T23:55:00.000,105120,จุดวัดคลองหลวงแพ่ง ตอนวัดลำต้อยติ่ง,105120,-3.0,3.28,-0.2860333904,0,,,,0,,,,2021,water
WL.LPI.01,105120,2021-01-01T00:00:00.000,2021-12-31T23:55:00.000,105120,จุดวัดคลองหลุมไผ่ ตอนซอยลาดปลาเค้า 63,105120,-0.61,0.52,-0.0498139269,0,,,,0,,,,2021,water
WL.LPI.02,105120,2021-01-01T00:00:00.000,2021-12-31T23:55:00.000,105120,จุดวัดคลองหลุมไผ่ ตอนถนนประเสริฐมนูกิจ29,105120,-3.0,0.95,0.0354680365,0,,,,0,,,,2021,water
WL.LPN.01,105120,2021-01-01T00:00:00.000,2021-12-31T23:55:00.000,105120,สถานีสูบน้ำ คลองเลนเปน,105120,-1.75,1.09,-0.1474209475,105120,-0.53,1.29,0.5190434741,0,,,,2021,water
WL.LPT.01,105120,2021-01-01T00:00:00.000,2021-12-31T23:55:00.000,105120,จุดวัดคลองลำปลาทิว ตอนถนนสังฆสันติสุข,105120,-0.73,1.09,0.13635664,0,,,,0,,,,2021,water
WL.LPT.02,105120,2021-01-01T00:00:00.000,2021-12-31T23:55:00.000,105120,จุดวัดคลองลำปลาทิว ตอนซอยฉลองกรุง 54,105119,-1.09,0.74,-0.2303290556,0,,,,0,,,,2021,water
WL.LPT.03,105120,2021-01-01T00:00:00.000,2021-12-31T23:55:00.000,105120,จุดวัดคลองลำปลาทิว ตอนซอยฉลองกรุง 8,105120,-1.05,0.67,-0.0921789384,0,,,,0,,,,2021,water
WL.LPT.04,105120,2021-01-01T00:00:00.000,2021-12-31T23:55:00.000,105120,"""จุดวัดคลองลำปลาทิว ตอนซอยเชื่อมสัมพันธ์ 25 """,105119,-1.06,1.0,-0.0346942988,0,,,,0,,,,2021,water
WL.LPW.01,105120,2021-01-01T00:00:00.000,2021-12-31T23:55:00.000,105120,ประตูระบายน้ำ คลองลาดพร้าว,105120,-0.72,0.52,-0.319426465,105120,-0.72,0.53,-0.3278900304,0,,,,2021,water
WL.LPW.02,105120,2021-01-01T00:00:00.000,2021-12-31T23:55:00.000,105120,จุดวัดคลองลาดพร้าว ช่วงวัดลาดพร้าว,105120,-0.64,0.71,-0.2383292428,0,,,,0,,,,2021,water
WL.LPW.03,105120,2021-01-01T00:00:00.000,2021-12-31T23:55:00.000,105120,จุดวัดคลองลาดพร้าว ช่วงซอยเสนานิคม,105120,-0.4,0.84,-0.1159447298,0,,,,0,,,,2021,water
WL.LPW.04,105120,2021-01-01T00:00:00.000,2021-12-31T23:55:00.000,105120,จุดวัดคลองลาดพร้าว ตอนถนนประชาอุทิศ,105119,-0.78,0.44,-0.3929314396,0,,,,0,,,,2021,water
WL.LPW.05,105120,2021-01-01T00:00:00.000,2021-12-31T23:55:00.000,105120,จุดวัดคลองลาดพร้าว ช่วงถนนประดิษฐ์มนูธรรม,105120,-0.92,0.16,-0.4454384513,0,,,,0,,,,2021,water
WL.LSG.01,105120,2021-01-01T00:00:00.000,2021-12-31T23:55:00.000,105120,จุดวัดคลองหลอด 2 ตอนถนนบางนา ตราด,105120,-2.1,0.29,-1.0494456811,0,,,,0,,,,2021,water
WL.LSM.01,105120,2021-01-01T00:00:00.000,2021-12-31T23:55:00.000,105120,จุดวัดคลองหลอด 3 ตอนถนนบางนา ตราด,105120,-2.41,-0.25,-1.6834933409,0,,,,0,,,,2021,water
WL.LYW.01,105120,2021-01-01T00:00:00.000,2021-12-31T23:55:00.000,105120,จุดวัดคลองลาดยาว ตอน ถนนรัชดาภิเษก,105120,-1.71,0.09,-1.4469636606,0,,,,0,,,,2021,water
WL.LYW.02,105120,2021-01-01T00:00:00.000,2021-12-31T23:55:00.000,105120,จุดวัดคลองลาดยาว ตอนถนนวิภาวดีรังสิต 44,105120,-1.59,0.35,-1.1490899924,0,,,,0,,,,2021,water
WL.MID.01,105120,2021-01-01T00:00:00.000,2021-12-31T23:55:00.000,105120,จุดวัดคูน้ำกรมสารวัตรทหาร,105119,-2.0,0.16,-0.8785646743,0,,,,0,,,,2021,water
WL.MSW.01,105120,2021-01-01T00:00:00.000,2021-12-31T23:55:00.000,105120,จุดวัดคลองมหาสวัสดิ์ ตอนคลองสวนแดน 2,104818,-1.06,2.31,0.7262354748,0,,,,0,,,,2021,water
WL.MSW.02,105120,2021-01-01T00:00:00.000,2021-12-31T23:55:00.000,105120,จุดวัดคลองมหาสวัสดิ์ ตอนวัดปุรณาวาส,105120,-0.02,1.32,0.5311568683,0,,,,0,,,,2021,water
WL.MSW.03,105120,2021-01-01T00:00:00.000,2021-12-31T23:55:00.000,105120,จุดวัดคลองมหาสวัสดิ์ ตอนถนนพุทธมณฑลสาย 2,105118,-0.54,1.93,0.283614224,0,,,,0,,,,2021,water
WL.NBN.01,105120,2021-01-01T00:00:00.000,2021-12-31T23:55:00.000,105120,จุดวัดบึงหนองบอน,105120,-4.74,-1.22,-2.6181487823,105120,-5.03,-5.03,-5.03,0,,,,2021,water
WL.NK3.01,105120,2021-01-01T00:00:00.000,2021-12-31T23:55:00.000,105120,จุดวัดคลองคูนายกิมสาย 3  ตอนถนนประชาอุทิศ,105119,-1.05,1.48,0.1339203189,0,,,,0,,,,2021,water
WL.NKW.01,105120,2021-01-01T00:00:00.000,2021-12-31T23:55:00.000,105120,จุดวัดคลองน้ำแก้ว ตอนถนนรัชดาภิเษก,86804,-1.15,0.07,-0.7460999493,0,,,,0,,,,2021,water
WL.NKW.02,105120,2021-01-01T00:00:00.000,2021-12-31T23:55:00.000,105120,จุดวัดคลองน้ำแก้ว ตอนซอยลาดพร้าว 41,46,-1.46,0.17,-0.4660869565,0,,,,0,,,,2021,water
WL.NSG.01,105120,2021-01-01T00:00:00.000,2021-12-31T23:55:00.000,105120,จุดวัดคลองนาซอง ตอนถนนประชาสุข,105120,-0.74,0.67,-0.4654945776,0,,,,0,,,,2021,water
WL.ORC.01,105120,2021-01-01T00:00:00.000,2021-12-31T23:55:00.000,105120,สถานีสูบน้ำ คลองอรชร,105120,-1.87,0.44,-1.0989295091,105120,-1.63,0.82,-0.4522242199,0,,,,2021,water
WL.PKG.01,105120,2021-01-01T00:00:00.000,2021-12-31T23:55:00.000,105120,สถานีสูบน้ำ ปากคลองตลาด,105120,-0.6,2.38,0.5427983257,0,,,,0,,,,2021,water
WL.PKN.01,105120,2021-01-01T00:00:00.000,2021-12-31T23:55:00.000,105120,สถานีสูบน้ำ พระโขนง,105120,-1.35,-0.15,-0.6009899163,105120,-1.39,2.35,0.5162194635,0,,,,2021,water
WL.PLK.01,105120,2021-01-01T00:00:00.000,2021-12-31T23:55:00.000,105120,จุดวัดคลองพิทยาลงกรณ์ ช่วงโรงเรียนพิทยาลงกรณ์พิทยาคม,105120,-0.71,1.54,0.3477519977,0,,,,0,,,,2021,water
WL.PPA.02,105120,2021-01-01T00:00:00.000,2021-12-31T23:55:00.000,105120,จุดวัดคลองพลับพลา ตอนศูนย์แพทย์พัฒนา,105120,-1.42,0.2,-0.7267536149,0,,,,0,,,,2021,water
WL.PSC.01,105120,2021-01-01T00:00:00.000,2021-12-31T23:55:00.000,105120,สถานีสูบน้ำ คลองภาษีเจริญ,105120,-0.46,0.63,0.1836284247,105120,-0.27,0.56,0.1270976027,0,,,,2021,water
WL.PSC.02,105120,2021-01-01T00:00:00.000,2021-12-31T23:55:00.000,105120,จุดวัดคลองภาษีเจริญ ตอนวัดรางบัว,105120,-0.21,0.72,0.2528185883,0,,,,0,,,,2021,water
WL.PSC.03,105120,2021-01-01T00:00:00.000,2021-12-31T23:55:00.000,105120,จุดวัดคลองราชมนตรี ตอนคลองภาษีเจริญ,105120,0.14,0.55,0.3206324201,0,,,,0,,,,2021,water
WL.PSC.04,105120,2021-01-01T00:00:00.000,2021-12-31T23:55:00.000,105120,จุดวัดคลองภาษีเจริญ ตอนคลองมหาศร,6194,0.07,0.38,0.2639199225,0,,,,0,,,,2021,water
WL.PSI.01,105120,2021-01-01T00:00:00.000,2021-12-31T23:55:00.000,105120,จุดวัดคลองพร้อมศรี 2 ตอนถนนสุขุมวิท 49/13,105120,-1.47,0.16,-1.1127423896,0,,,,0,,,,2021,water
WL.PSR.01,105120,2021-01-01T00:00:00.000,2021-12-31T23:55:00.000,105120,ประตูระบายน้ำ คลองพระยาสุเรนทร์,105120,-0.32,1.26,0.4009906773,105120,-0.18,1.62,0.5313273402,0,,,,2021,water
WL.PSR.02,105120,2021-01-01T00:00:00.000,2021-12-31T23:55:00.000,105120,จุดวัดคลองพระยาสุเรนทร์ ตอนถนนหนองระแหง,105120,-3.0,1.28,0.4015111301,0,,,,0,,,,2021,water
WL.PSR.03,105120,2021-01-01T00:00:00.000,2021-12-31T23:55:00.000,105120,จุดวัดคลองพระยาสุเรนทร์ ตอนถนนจตุโชติ,105120,-0.27,1.25,0.3788909817,0,,,,0,,,,2021,water
WL.PSR.04,105120,2021-01-01T00:00:00.000,2021-12-31T23:55:00.000,105120,ปตร.พระยาสุเรนทร์ ตอนคู้บอน,105120,-0.31,1.24,0.2228028919,0,,,,0,,,,2021,water
WL.PSR.05,105120,2021-01-01T00:00:00.000,2021-12-31T23:55:00.000,105120,จุดวัดคลองพระยาสุเรนทร์ ตอนปัญญาอินทรา,105120,-0.62,0.81,-0.0150236872,0,,,,0,,,,2021,water
WL.PSR.06,105120,2021-01-01T00:00:00.000,2021-12-31T23:55:00.000,105120,จุดวัดคลองพระยาสุเรนทร์ ตอนบางชัน,105120,-0.28,1.06,0.1875577435,0,,,,0,,,,2021,water
WL.PWT.01,105120,2021-01-01T00:00:00.000,2021-12-31T23:55:00.000,105120,จุดวัดคลองประเวศ ตอนซอยอ่อนนุช 17,105120,-1.08,-0.13,-0.5179414003,0,,,,0,,,,2021,water
WL.PWT.02,105120,2021-01-01T00:00:00.000,2021-12-31T23:55:00.000,105120,จุดวัดคลองประเวศบุรีรมย์ ตอนวัดขจรศิริ,105120,-1.77,0.22,-0.40318379,0,,,,0,,,,2021,water
WL.PWT.03,105120,2021-01-01T00:00:00.000,2021-12-31T23:55:00.000,105120,ประตูระบายน้ำ คลองประเวศบุรีรมย์ ตอนวัดกระทุ่มเสือปลา,105119,-0.88,0.31,-0.3618398196,103021,-2.54,0.52,-0.2689986508,0,,,,2021,water
WL.PWT.04,105120,2021-01-01T00:00:00.000,2021-12-31T23:55:00.000,105120,ประตูระบายน้ำ คลองประเวศบุรีรมย์ ตอนลาดกระบัง,105119,-0.68,2.06,-0.257851768,105120,-0.89,0.62,-0.2274369292,0,,,,2021,water
WL.PWT.05,105120,2021-01-01T00:00:00.000,2021-12-31T23:55:00.000,105120,จุดวัดคลองประเวศบุรีรมย์ ตอน รพ.ลาดกระบัง,105119,-0.89,0.66,-0.228628697,0,,,,0,,,,2021,water
WL.PWT.06,105120,2021-01-01T00:00:00.000,2021-12-31T23:55:00.000,105120,จุดวัดคลองประเวศบุรีรมย์ ตอนถนนร่วมพัฒนา,103452,-2.45,0.82,-0.1103381278,0,,,,0,,,,2021,water
WL.PYW.01,105120,2021-01-01T00:00:00.000,2021-12-31T23:55:00.000,105120,จุดวัดคลองพญาเวิก ตอนปตร.คลองพญาเวิก,105120,-0.93,0.43,-0.3481181507,0,,,,0,,,,2021,water
WL.RHN.01,105120,2021-01-01T00:00:00.000,2021-12-31T23:55:00.000,105120,สถานีสูบน้ำ คลองระหาญ,105120,-1.54,0.67,-0.2241714231,105120,-0.72,2.73,0.2763465563,0,,,,2021,water
WL.RJK.01,105120,2021-01-01T00:00:00.000,2021-12-31T23:55:00.000,105120,ประตูระบายน้ำ คลองรางจาก ตอนถนนประชาอุทิศ,105120,0.0,0.6,0.3803879376,105120,-0.07,0.6,0.3722550419,0,,,,2021,water
WL.RKC.01,105120,2021-01-01T00:00:00.000,2021-12-31T23:55:00.000,105120,จุดวัดคลองข้างศูนย์ราชการ,105120,-3.0,1.21,0.1223638699,0,,,,0,,,,2021,water
WL.RMT.01,105120,2021-01-01T00:00:00.000,2021-12-31T23:55:00.000,105120,สถานีสูบน้ำ คลองพระยาราชมนตรี,105120,-1.11,0.17,-0.2700856164,105120,-0.46,1.07,0.526608067,0,,,,2021,water
WL.RMT.02,105120,2021-01-01T00:00:00.000,2021-12-31T23:55:00.000,105120,จุดวัดคลองพระยาราชมนตรี ตอนถนนพระรามที่ 2,105120,-0.56,0.53,0.0196061644,0,,,,0,,,,2021,water
WL.RSK.01,105120,2021-01-01T00:00:00.000,2021-12-31T23:55:00.000,105120,จุดวัดคลองราษฎร์สามัคคี ตอนถนนเพชรเกษม 63,105120,-0.04,0.78,0.3018892694,0,,,,0,,,,2021,water
WL.SBR.01,105120,2021-01-01T00:00:00.000,2021-12-31T23:55:00.000,105120,ประตูระบายน้ำ คลองขุนศรีบุรีรักษ์ ตอนคลองมหาสวัสดิ์,105120,-0.19,1.11,0.5678749049,105120,-0.44,1.47,0.6071072108,0,,,,2021,water
WL.SBR.02,105120,2021-01-01T00:00:00.000,2021-12-31T23:55:00.000,105120,จุดวัดคลองบางขุนศรีบุรีรักษ์ ตอนถนนบรมราชชนนี,105120,-3.0,0.96,0.41800371,0,,,,0,,,,2021,water
WL.SBT.01,105120,2021-01-01T00:00:00.000,2021-12-31T23:55:00.000,105120,สถานีสูบน้ำ คลองสี่บาท,105120,-1.65,0.51,-0.0616010274,105120,-0.53,0.68,0.1647869102,0,,,,2021,water
WL.SCO.01,105120,2021-01-01T00:00:00.000,2021-12-31T23:55:00.000,105120,"""จุดวัดคลองศาลเจ้า ตอนถนนสวนผัก """,105120,-1.07,0.62,-0.0524526256,0,,,,0,,,,2021,water
WL.SDN.01,105120,2021-01-01T00:00:00.000,2021-12-31T23:55:00.000,105120,"""จุดวัดคลองสวนแดน ตอนถนนชัยพฤกษ์ """,105120,-0.86,0.66,0.1296566781,0,,,,0,,,,2021,water
WL.SKG.01,105120,2021-01-01T00:00:00.000,2021-12-31T23:55:00.000,105120,จุดวัดคลองสะแกงาม ตอนถนนกาญจนาภิเษก,105120,-1.29,0.25,-0.343972793,0,,,,0,,,,2021,water
WL.SKT.01,105120,2021-01-01T00:00:00.000,2021-12-31T23:55:00.000,105120,จุดวัดคลองทรงกระเทียม ตอนถนนนาคนิวาส,105120,-1.82,0.28,-1.0613193493,0,,,,0,,,,2021,water
WL.SKT.02,105120,2021-01-01T00:00:00.000,2021-12-31T23:55:00.000,105120,จุดวัดคลองทรงกระเทียม ตอนปตร.คลองทรงกระเทียม,105120,-1.3,0.61,-0.5008102169,0,,,,0,,,,2021,water
WL.SLL.01,105120,2021-01-01T00:00:00.000,2021-12-31T23:55:00.000,105120,จุดวัดคลองศาลาลอย ตอนถนนอ่อนนุช 61,105120,-2.0,0.03,-0.5601006469,0,,,,0,,,,2021,water
WL.SNC.01,105120,2021-01-01T00:00:00.000,2021-12-31T23:55:00.000,105120,สถานีสูบน้ำ คลองสนามชัย,105120,-1.0,0.56,0.0178978311,105120,-0.08,1.14,0.6308019406,0,,,,2021,water
WL.SNC.02,105120,2021-01-01T00:00:00.000,2021-12-31T23:55:00.000,105120,จุดวัดคลองสนามชัย ตอนคลองบางขุนเทียน,105120,-2.12,0.63,0.0488299087,0,,,,0,,,,2021,water
WL.SNO.01,105120,2021-01-01T00:00:00.000,2021-12-31T23:55:00.000,105120,จุดวัดคลองเสือน้อย ตอนถนนสุคนธสวัสดิ์,105120,-2.0,0.45,-0.8462177511,0,,,,0,,,,2021,water
WL.SPP.01,105120,2021-01-01T00:00:00.000,2021-12-31T23:55:00.000,105120,จุดวัดบ่อสูบน้ำสะพานพรหม,105120,-1.57,0.39,-0.7128886986,0,,,,0,,,,2021,water
WL.SRE.01,105120,2021-01-01T00:00:00.000,2021-12-31T23:55:00.000,105120,สถานีสูบน้ำ คลองสำเหร่,105120,-1.58,0.72,-0.0217445776,105120,-1.12,2.22,0.4254974315,0,,,,2021,water
WL.SRG.01,105120,2021-01-01T00:00:00.000,2021-12-31T23:55:00.000,105120,สถานีสูบน้ำ คลองสำโรง,104361,-0.77,0.4,-0.1504960665,102031,-1.23,2.21,0.3022221678,0,,,,2021,water
WL.SSB.01,105120,2021-01-01T00:00:00.000,2021-12-31T23:55:00.000,105120,จุดวัดคลองแสนแสบ ช่วงคลองผดุงกรุงเกษม (โบ๊เบ๊),105120,-0.67,0.24,-0.4064953387,0,,,,0,,,,2021,water
WL.SSB.02,105120,2021-01-01T00:00:00.000,2021-12-31T23:55:00.000,105120,จุดวัดคลองแสนแสบ ตอนซอยสมคิด,105120,-1.35,0.16,-0.5757306887,0,,,,0,,,,2021,water
WL.SSB.03,105120,2021-01-01T00:00:00.000,2021-12-31T23:55:00.000,105120,จุดวัดคลองแสนแสบ ช่วงอโศก,105080,-0.8,0.15,-0.4049904834,0,,,,0,,,,2021,water
WL.SSB.04,105120,2021-01-01T00:00:00.000,2021-12-31T23:55:00.000,105120,สถานีสูบน้ำ คลองแสนแสบตอนคลองตัน,105120,-1.12,0.03,-0.5011686644,105120,-1.25,2.44,-0.466085997,0,,,,2021,water
WL.SSB.05,105120,2021-01-01T00:00:00.000,2021-12-31T23:55:00.000,105120,จุดวัดคลองแสนแสบ ตอนรามคำแหง 9,105120,-1.12,0.19,-0.4689815449,0,,,,0,,,,2021,water
WL.SSB.06,105120,2021-01-01T00:00:00.000,2021-12-31T23:55:00.000,105120,จุดวัดคลองแสนแสบ ช่วงสถานีสูบน้ำคลองเจ้าคุณสิงห์,105120,-1.42,0.75,-0.4348734779,0,,,,0,,,,2021,water
WL.SSB.07,105120,2021-01-01T00:00:00.000,2021-12-31T23:55:00.000,105120,จุดวัดคลองแสนแสบ ตอนสำนักงานเขตบางกะปิ,105120,-0.95,0.37,-0.3636343227,0,,,,0,,,,2021,water
WL.SSB.08,105120,2021-01-01T00:00:00.000,2021-12-31T23:55:00.000,105120,จุดวัดคลองแสนแสบ ช่วงซอยเสรีไทย 24,105119,-0.8,0.41,-0.3595146453,0,,,,0,,,,2021,water
WL.SSB.09,105120,2021-01-01T00:00:00.000,2021-12-31T23:55:00.000,105120,ประตูระบายน้ำ คลองแสนแสบ ตอนบางชัน,105120,-0.76,0.46,-0.2613190639,105120,-0.59,0.69,-0.1465490868,0,,,,2021,water
WL.SSB.10,105120,2021-01-01T00:00:00.000,2021-12-31T23:55:00.000,105120,ประตูระบายน้ำ คลองแสนแสบ ตอนถนนประชาร่วมใจ,105120,-0.62,0.67,-0.1616162481,105120,-0.67,1.08,-0.0297590373,0,,,,2021,water
WL.SSB.11,105120,2021-01-01T00:00:00.000,2021-12-31T23:55:00.000,105120,จุดวัดคลองแสนแสบ ตอนวัดทรัพย์สโมสรนิกรเกษม,105120,-0.49,1.09,0.0137284056,0,,,,0,,,,2021,water
WL.SSB.12,105120,2021-01-01T00:00:00.000,2021-12-31T23:55:00.000,105120,สถานีสูบน้ำ คลองแสนแสบ หนองจอก,105120,-1.14,1.05,-0.125583809,105120,-1.55,1.29,-0.0948320967,0,,,,2021,water
WL.SSG.01,105120,2021-01-01T00:00:00.000,2021-12-31T23:55:00.000,105120,จุดวัดคลองสิบสอง ตอนถนนประชาสำราญ,105119,-1.11,1.64,0.4355529448,0,,,,0,,,,2021,water
WL.SSM.01,105120,2021-01-01T00:00:00.000,2021-12-31T23:55:00.000,105120,ประตูระบายน้ำ คลองสิบสาม,105120,-0.93,1.2,0.0459928653,105120,-1.59,1.52,0.3786817922,0,,,,2021,water
WL.SSN.01,105120,2021-01-01T00:00:00.000,2021-12-31T23:55:00.000,105120,สถานีสูบน้ำ สามเสน,105120,-1.55,1.21,-0.6095975076,105120,-1.12,2.39,0.5271324201,0,,,,2021,water
WL.SSN.02,105120,2021-01-01T00:00:00.000,2021-12-31T23:55:00.000,105120,จุดวัดคลองสามเสน ช่วงถนนพระรามที่ 5,105120,-1.4,0.34,-0.6406035008,0,,,,0,,,,2021,water
WL.SSN.03,105120,2021-01-01T00:00:00.000,2021-12-31T23:55:00.000,105120,จุดวัดคลองสามเสน ตอนถนนพระรามที่ 6,105120,-1.45,0.42,-0.6667161339,0,,,,0,,,,2021,water
WL.SSN.04,105120,2021-01-01T00:00:00.000,2021-12-31T23:55:00.000,105120,จุดวัดคลองสามเสน ช่วงถนนพหลโยธิน,105120,-1.98,0.71,-0.7493180175,0,,,,0,,,,2021,water
WL.SSN.05,105120,2021-01-01T00:00:00.000,2021-12-31T23:55:00.000,105120,จุดวัดคลองสามเสน ตอน รพ.พระมงกุฎเกล้า,105120,-1.46,0.68,-0.6950861872,0,,,,0,,,,2021,water
WL.SSN.06,105120,2021-01-01T00:00:00.000,2021-12-31T23:55:00.000,105120,จุดวัดคลองสามเสน ช่วงถนนดินแดง,105120,-1.81,0.12,-0.881694825,0,,,,0,,,,2021,water
WL.SSN.07,105120,2021-01-01T00:00:00.000,2021-12-31T23:55:00.000,105120,จุดวัดคลองสามเสน ตอนถนนอโศก,105120,-1.82,0.36,-0.8360033295,0,,,,0,,,,2021,water
WL.SSN.08,105120,2021-01-01T00:00:00.000,2021-12-31T23:55:00.000,105120,สถานีสูบน้ำ สามเสน ตอนคลองแสนแสบ,105120,-1.59,0.66,-0.6490343417,105120,-1.14,0.09,-0.4910001903,0,,,,2021,water
WL.SSN.09,105120,2021-01-01T00:00:00.000,2021-12-31T23:55:00.000,105120,จุดวัดคลองสามเสน ช่วงถนนเอกมัย,105120,-1.3,0.04,-0.7644082002,0,,,,0,,,,2021,water
WL.SST.01,105120,2021-01-01T00:00:00.000,2021-12-31T23:55:00.000,105120,ประตูระบายน้ำ คลองสองสายใต้,105120,-1.24,1.05,0.1224614726,105120,-0.16,1.6,0.4973747146,0,,,,2021,water
WL.STN.01,105120,2021-01-01T00:00:00.000,2021-12-31T23:55:00.000,105120,จุดวัดคลองสองต้นนุ่น ตอนถนนรามคำแหง,105120,-0.56,0.59,-0.2000419521,0,,,,0,,,,2021,water
WL.STN.02,105120,2021-01-01T00:00:00.000,2021-12-31T23:55:00.000,105120,"""จุดวัดคลองสองต้นนุ่น ตอนซอยร่มเกล้า 20 """,105120,-0.63,0.54,-0.2281805556,0,,,,0,,,,2021,water
WL.STN.03,105120,2021-01-01T00:00:00.000,2021-12-31T23:55:00.000,105120,จุดวัดคลองสองต้นนุ่น ตอนถนนมอเตอร์เวย์,105120,-0.69,0.52,-0.2615036149,0,,,,0,,,,2021,water
WL.STR.01,105120,2021-01-01T00:00:00.000,2021-12-31T23:55:00.000,105120,สถานีสูบน้ำ คลองสาทร,105118,-2.15,-0.08,-0.7448334253,105118,-1.08,1.94,0.3279402196,105118,-1.12,2.31,0.4499589985,2021,water
WL.STR.02,105120,2021-01-01T00:00:00.000,2021-12-31T23:55:00.000,105120,"""จุดวัดคลองสาทร ตอนถนนพระรามที่ 4 """,105120,-1.7,0.38,-0.7196807458,0,,,,0,,,,2021,water
WL.SWA.01,105120,2021-01-01T00:00:00.000,2021-12-31T23:55:00.000,105120,ประตูระบายน้ำ คลองสามวา,105119,-0.53,0.82,-0.0838198613,105119,-0.35,1.38,0.2943143485,0,,,,2021,water
WL.SWU.01,105120,2021-01-01T00:00:00.000,2021-12-31T23:55:00.000,105120,จุดวัดคูน้ำ มศว.,105120,-1.93,0.46,-1.2707347793,0,,,,0,,,,2021,water
WL.TCG.01,105120,2021-01-01T00:00:00.000,2021-12-31T23:55:00.000,105120,"""จุดวัดคลองตาช้าง ตอนถนนศรีนครินทร์ """,105120,-1.59,0.16,-1.0293872717,0,,,,0,,,,2021,water
WL.TNG.01,105120,2021-01-01T00:00:00.000,2021-12-31T23:55:00.000,105120,จุดวัดคลองตาหนัง ตอนถนนลาดพร้าว,105120,-2.0,1.04,-0.8488545472,0,,,,0,,,,2021,water
WL.TPK.02,105120,2021-01-01T00:00:00.000,2021-12-31T23:55:00.000,105120,จุดวัดคลองตาพุก ตอนถนนลาดกระบัง,105120,-0.48,0.66,-0.1226716134,0,,,,0,,,,2021,water
WL.TPK.03,105120,2021-01-01T00:00:00.000,2021-12-31T23:55:00.000,105120,จุดวัดคลองตาพุก ตอนคลองทับช้างบน,105120,-3.0,0.5,-0.2641305175,0,,,,0,,,,2021,water
WL.TSK.01,105120,2021-01-01T00:00:00.000,2021-12-31T23:55:00.000,105120,จุดวัดคูน้ำต่อศักดิ์ ตอนซอยทองหล่อ 25,105120,-2.0,-0.23,-1.8271613394,0,,,,0,,,,2021,water
WL.TTN.01,105120,2021-01-01T00:00:00.000,2021-12-31T23:55:00.000,105120,จุดวัดคลองลาดโตนด ตอน ปตร.คลองลาดโตนด,105120,-1.19,0.33,-0.4332960426,0,,,,0,,,,2021,water
WL.TUT.01,105120,2021-01-01T00:00:00.000,2021-12-31T23:55:00.000,105120,สถานีสูบน้ำ คลองตาอูฐ,105120,-1.43,0.44,-0.6159432078,105120,-0.1,1.14,0.2405765791,0,,,,2021,water
WL.TUT.02,105120,2021-01-01T00:00:00.000,2021-12-31T23:55:00.000,105120,จุดวัดคลองตาอูฐ ตอนซอยแจ้งวัฒนะ 14,105117,-1.84,0.76,-0.6271403293,0,,,,0,,,,2021,water
WL.TWW.01,105120,2021-01-01T00:00:00.000,2021-12-31T23:55:00.000,105120,ประตูระบายน้ำ คลองทวีวัฒนา,105120,-0.01,0.97,0.4421281393,105119,-0.06,1.35,0.5193408423,0,,,,2021,water
WL.TWW.02,105120,2021-01-01T00:00:00.000,2021-12-31T23:55:00.000,105120,จุดวัดคลองทวีวัฒนา ตอนถนนบรมราชชนนี,105120,-0.01,0.97,0.4302816781,0,,,,0,,,,2021,water
WL.TWW.03,105120,2021-01-01T00:00:00.000,2021-12-31T23:55:00.000,105120,จุดวัดคลองทวีวัฒนา ตอนถนนเพชรเกษม,105120,-0.04,0.94,0.3231327055,0,,,,0,,,,2021,water
WL.TWW.04,105120,2021-01-01T00:00:00.000,2021-12-31T23:55:00.000,105120,จุดวัดคลองทวีวัฒนา ตอนคลองบางเชือกหนัง,105120,-0.01,0.98,0.400269882,0,,,,0,,,,2021,water
WL.TWW.05,105120,2021-01-01T00:00:00.000,2021-12-31T23:55:00.000,105120,จุดวัดคลองทวีวัฒนา ตอนคลองภาษีเจริญ,105120,0.04,0.6,0.2844344559,0,,,,0,,,,2021,water
WL.VPV.01,105120,2021-01-01T00:00:00.000,2021-12-31T23:55:00.000,105120,สถานีสูบน้ำ รัชดา-วิภาวดี,105120,-3.93,-0.08,-1.8767877664,0,,,,0,,,,2021,water
WL.WKT.01,105120,2021-01-01T00:00:00.000,2021-12-31T23:55:00.000,105120,จุดวัดคลองวัดไก่เตี้ย ตอนสถานีสูบน้ำคลองวัดไก่เตี้ย,105120,-0.54,0.79,0.1829245624,0,,,,0,,,,2021,water
WL.WLS.01,105120,2021-01-01T00:00:00.000,2021-12-31T23:55:00.000,105120,จุดวัดคลองวัดหลักสี่ ตอนถนนวิภาวดีรังสิต,105120,-0.32,0.92,0.0879609018,0,,,,0,,,,2021,water
WL.WSI.01,105120,2021-01-01T00:00:00.000,2021-12-31T23:55:00.000,105120,สถานีสูบน้ำ คลองวัดไทร,105120,-2.41,0.85,-0.6725709665,105120,-0.87,2.05,0.4196321347,0,,,,2021,water
WL.WTK.01,105120,2021-01-01T00:00:00.000,2021-12-31T23:55:00.000,105120,จุดวัดคลองวัดตึก ตอนถนนลาดพร้าว,105120,-1.07,0.5,-0.5946696157,0,,,,0,,,,2021,water
WL.WTN.02,105120,2021-01-01T00:00:00.000,2021-12-31T23:55:00.000,105120,จุดวัดคูน้ำวัฒนา ตอนโรงเรียนวัฒนาวิทยาลัย,105120,-1.5,0.15,-0.9489100076,0,,,,0,,,,2021,water
WL.YPE.01,105120,2021-01-01T00:00:00.000,2021-12-31T23:55:00.000,105120,จุดคลองยายเพียร ตอนถนนเพชรเกษม,105120,-0.15,0.72,0.2552313546,0,,,,0,,,,2021,water
WL.YPN.01,105120,2021-01-01T00:00:00.000,2021-12-31T23:55:00.000,105120,จุดวัดคลองยายเผื่อน ตอนแฮปปี้แลนด์,4443,-0.62,-0.38,-0.4847557956,0,,,,0,,,,2021,water
WL.YPN.02,105120,2021-01-01T00:00:00.000,2021-12-31T23:55:00.000,105120,จุดวัดคลองยายเผื่อน ตอนถนนลาดพร้าว,105120,-2.09,-0.11,-1.0104278919,0,,,,0,,,,2021,water
WL.YSN.02,105120,2021-01-01T00:00:00.000,2021-12-31T23:55:00.000,105120,"""จุดวัดคลองยายสุ่น ตอนถนนรัชดาภิเษก """,105118,-1.39,0.16,-0.7948206777,0,,,,0,,,,2021,water
WL.BBN.01,105120,2022-01-01T00:00:00.000,2022-12-31T23:55:00.000,105120,จุดวัดคลองบางบอน ตอนถนนบางขุนเทียน,105120,-0.46,0.63,0.0509046804,0,,,,0,,,,2022,water
WL.BBN.02,105120,2022-01-01T00:00:00.000,2022-12-31T23:55:00.000,105120,จุดวัดคลองบางบอน ตอนถนนกาญจนาภิเษก,105120,-0.11,0.62,0.1286087329,0,,,,0,,,,2022,water
WL.BBN.03,105120,2022-01-01T00:00:00.000,2022-12-31T23:55:00.000,105120,จุดวัดคลองบางบอน ตอนคลองสะแกงาม,105119,-0.3,1.08,0.1096675197,0,,,,0,,,,2022,water
WL.BBR.01,105120,2022-01-01T00:00:00.000,2022-12-31T23:55:00.000,105120,จุดวัดคลองบางบำหรุ ตอนถนนบรมราชชนนี,105120,-0.91,1.04,0.2202363965,0,,,,0,,,,2022,water
WL.BBR.02,105120,2022-01-01T00:00:00.000,2022-12-31T23:55:00.000,105120,จุดวัดคลองบางบำหรุ ตอนถนนสิรินธร,105120,-0.77,1.08,0.2272774924,0,,,,0,,,,2022,water
WL.BBU.01,105120,2022-01-01T00:00:00.000,2022-12-31T23:55:00.000,105120,จุดวัดคลองบางบัว,105120,-0.29,1.45,0.0985806697,0,,,,0,,,,2022,water
WL.BCN.01,105120,2022-01-01T00:00:00.000,2022-12-31T23:55:00.000,105120,จุดวัดคลองบางเชือกหนัง ตอนถนนกาญจนาภิเษก,105120,0.14,0.9,0.4829269406,0,,,,0,,,,2022,water
WL.BCN.02,105120,2022-01-01T00:00:00.000,2022-12-31T23:55:00.000,105120,จุดวัดคลองบางเชือกหนัง ตอนถนนพุทธมณฑลสาย 1,105120,-0.38,0.63,0.242633086,0,,,,0,,,,2022,water
WL.BCN.03,105120,2022-01-01T00:00:00.000,2022-12-31T23:55:00.000,105120,จุดวัดคลองบางเชือกหนัง ตอนถนนพุทธมณฑลสาย 2,105120,0.23,0.95,0.5371519216,0,,,,0,,,,2022,water
WL.BJK.01,105120,2022-01-01T00:00:00.000,2022-12-31T23:55:00.000,105120,สถานีสูบน้ำ บางจาก,105120,-1.41,0.07,-0.7745924658,105120,-1.58,2.1,0.5375750571,0,,,,2022,water
WL.BJK.02,105120,2022-01-01T00:00:00.000,2022-12-31T23:55:00.000,105120,"""จุดวัดคลองบางจาก ตอนซอยเพชรเกษม 68 """,105120,0.02,0.81,0.3487430556,0,,,,0,,,,2022,water
WL.BJK.03,105120,2022-01-01T00:00:00.000,2022-12-31T23:55:00.000,105120,จุดวัดคลองบางจาก ตอนคลองบางหว้า,105120,0.04,0.74,0.3380746766,0,,,,0,,,,2022,water
WL.BJK.04,105120,2022-01-01T00:00:00.000,2022-12-31T23:55:00.000,105120,"""จุดวัดคลองบางจาก ตอนถนนพุทธมณฑลสาย 2 """,105120,0.16,1.11,0.4548514079,0,,,,0,,,,2022,water
WL.BKA.01,105120,2022-01-01T00:00:00.000,2022-12-31T23:55:00.000,105120,สถานีสูบน้ำ คลองบางเขนใหม่,105120,-2.24,2.26,-0.4726038813,105120,-0.7,2.62,0.7291222412,0,,,,2022,water
WL.BKA.02,105120,2022-01-01T00:00:00.000,2022-12-31T23:55:00.000,105120,จุดวัดคลองบางเขน ช่วงถนนกรุงเทพ-นนทบุรี,105120,-0.94,0.92,-0.0908929795,0,,,,0,,,,2022,water
WL.BKA.03,105120,2022-01-01T00:00:00.000,2022-12-31T23:55:00.000,105120,จุดวัดคลองบางเขน ช่วงถนนประชาชื่น,105120,-0.71,1.18,-0.0589812595,0,,,,0,,,,2022,water
WL.BKA.04,105120,2022-01-01T00:00:00.000,2022-12-31T23:55:00.000,105120,จุดวัดคลองบางเขน ช่วงถนนวิภาวดีรังสิต,105120,-0.42,1.15,-0.0356115868,0,,,,0,,,,2022,water
WL.BKB.01,105120,2022-01-01T00:00:00.000,2022-12-31T23:55:00.000,105120,จุดวัดคลองบางกระบือ ตอนถนนสามเสน,105120,-0.87,1.01,-0.4009009703,0,,,,0,,,,2022,water
WL.BKG.01,105120,2022-01-01T00:00:00.000,2022-12-31T23:55:00.000,105120,ประตูระบายน้ำ คลองบึงขวาง,105120,-0.61,0.83,-0.0239144787,105120,-0.39,0.98,0.1476224315,0,,,,2022,water
WL.BKL.01,105120,2022-01-01T00:00:00.000,2022-12-31T23:55:00.000,105120,จุดวัดคลองบางโคลัด ตอนถนนบางบอน 1,105120,-0.06,0.71,0.2567520928,0,,,,0,,,,2022,water
WL.BKY.01,105120,2022-01-01T00:00:00.000,2022-12-31T23:55:00.000,105120,สถานีสูบน้ำ คลองบางกอกใหญ่,105120,-1.51,1.05,0.1382264079,105120,-1.34,2.35,0.6730580289,0,,,,2022,water
WL.BKY.02,105120,2022-01-01T00:00:00.000,2022-12-31T23:55:00.000,105120,จุดวัดคลองบางเชือกหนัง ตอนวัดปากน้ำฝั่งใต้,105120,-0.5,0.61,0.273434551,0,,,,0,,,,2022,water
WL.BLP.02,105120,2022-01-01T00:00:00.000,2022-12-31T23:55:00.000,105120,จุดวัดคลองบางลำพู ตอนสะพานผ่านฟ้า,105120,-1.12,0.42,-0.551127188,0,,,,0,,,,2022,water
WL.BLY.01,105120,2022-01-01T00:00:00.000,2022-12-31T23:55:00.000,105120,จุดวัดคลองบ้านหลาย ตอนถนนสุขุมวิท 77,105120,-1.11,-0.27,-0.7427339231,0,,,,0,,,,2022,water
WL.BMK.01,105120,2022-01-01T00:00:00.000,2022-12-31T23:55:00.000,105120,จุดวัดคลองบางมะเขือ ตอนถนนสุขุมวิท 71,83690,-1.59,0.06,-1.0525696021,0,,,,0,,,,2022,water
WL.BNA.01,105120,2022-01-01T00:00:00.000,2022-12-31T23:55:00.000,105120,สถานีสูบน้ำ บางนา,105119,-1.45,0.13,-0.8822319467,105119,-2.99,2.69,0.5500381472,0,,,,2022,water
WL.BNA.02,105120,2022-01-01T00:00:00.000,2022-12-31T23:55:00.000,105120,จุดวัดคลองบางนา ตอนถนนสุขุมวิท,105120,-1.3,0.48,-0.7599941971,0,,,,0,,,,2022,water
WL.BNA.03,105120,2022-01-01T00:00:00.000,2022-12-31T23:55:00.000,105120,จุดวัดคลองบางนา ตอนถนนศรีนครินทร์,105120,-0.99,0.52,-0.5545637367,0,,,,0,,,,2022,water
WL.BNA.04,105120,2022-01-01T00:00:00.000,2022-12-31T23:55:00.000,105120,จุดวัดคลองบางนา ตอนซอยบางนา-ตราด 56,37012,-0.73,0.54,-0.3673203285,0,,,,0,,,,2022,water
WL.BNJ.01,105120,2022-01-01T00:00:00.000,2022-12-31T23:55:00.000,105120,จุดวัดคลองบางนางจีน ตอนสถานีสูบน้ำบางนางจีน,105120,-1.23,0.06,-0.8311830289,0,,,,0,,,,2022,water
WL.BNJ.02,105120,2022-01-01T00:00:00.000,2022-12-31T23:55:00.000,105120,จุดวัดคลองบางนางจีน ตอนซอยสุขุมวิท 66/1,105120,-3.0,-0.06,-1.194671328,0,,,,0,,,,2022,water
WL.BNJ.03,105120,2022-01-01T00:00:00.000,2022-12-31T23:55:00.000,105120,จุดวัดคลองบางนางจีน ตอนซอยสุขุมวิท 93,105120,-1.14,0.07,-0.7779531012,0,,,,0,,,,2022,water
WL.BNJ.04,105120,2022-01-01T00:00:00.000,2022-12-31T23:55:00.000,105120,จุดวัดคลองบางนางจีน ตอนถนนสุขุมวิท 101/1,105120,-1.82,0.07,-0.9607578006,0,,,,0,,,,2022,water
WL.BOA.01,105120,2022-01-01T00:00:00.000,2022-12-31T23:55:00.000,105120,สถานีสูบน้ำ บางอ้อ,105120,-1.66,-0.05,-0.8619728881,105120,-1.1,2.25,0.5653573059,0,,,,2022,water
WL.BOA.02,105120,2022-01-01T00:00:00.000,2022-12-31T23:55:00.000,105120,จุดวัดคลองบางอ้อ ตอนซอยสุขุมวิท 64,105120,-1.59,0.0,-0.8601415525,0,,,,0,,,,2022,water
WL.BOA.03,105120,2022-01-01T00:00:00.000,2022-12-31T23:55:00.000,105120,จุดวัดคลองบางอ้อใหญ่ ตอนซอยสุขุมวิท 66/1,0,,,,0,,,,0,,,,2022,water
WL.BON.01,105120,2022-01-01T00:00:00.000,2022-12-31T23:55:00.000,105120,จุดวัดคลองบางอ้อน้อย ตอนซอยสุขุมวิท 64,0,,,,0,,,,0,,,,2022,water
WL.BPA.01,105120,2022-01-01T00:00:00.000,2022-12-31T23:55:00.000,105120,จุดวัดคลองบ้านป่า ตอนถนนพัฒนาการ,105120,-0.8,0.39,-0.4572839612,0,,,,0,,,,2022,water
WL.BPM.01,105120,2022-01-01T00:00:00.000,2022-12-31T23:55:00.000,105120,จุดวัดคลองบางพรม ตอนคลองชักพระ,105120,-0.49,0.77,0.4175879947,0,,,,0,,,,2022,water
WL.BPM.02,105120,2022-01-01T00:00:00.000,2022-12-31T23:55:00.000,105120,จุดวัดคลองบางพรม ตอนถนนฉิมพลี,105120,-0.04,0.82,0.451064688,0,,,,0,,,,2022,water
WL.BPM.03,105120,2022-01-01T00:00:00.000,2022-12-31T23:55:00.000,105120,จุดวัดคลองบางพรม ตอนถนนกาญจนาภิเษก,105120,0.15,0.94,0.5042057648,0,,,,0,,,,2022,water
WL.BPM.04,105120,2022-01-01T00:00:00.000,2022-12-31T23:55:00.000,105120,จุดวัดคลองบางพรม ตอนถนนพุทธมณฑลสาย 3,105120,0.18,0.84,0.4666835046,0,,,,0,,,,2022,water
WL.BPN.01,105120,2022-01-01T00:00:00.000,2022-12-31T23:55:00.000,105120,จุดวัดคลองบางพราน ตอนถนนบางบอน 1,105120,-0.23,0.2,-0.0436318493,0,,,,0,,,,2022,water
WL.BPN.02,105120,2022-01-01T00:00:00.000,2022-12-31T23:55:00.000,105120,จุดวัดคลองบางพราน ตอนถนนบางบอน 2,105120,0.02,0.71,0.2518072679,0,,,,0,,,,2022,water
WL.BPU.01,105120,2022-01-01T00:00:00.000,2022-12-31T23:55:00.000,105120,จุดวัดสถานตากอากาศบางปู,105120,-0.36,2.2,0.5314250381,0,,,,0,,,,2022,water
WL.BSK.01,105120,2022-01-01T00:00:00.000,2022-12-31T23:55:00.000,105120,สถานีสูบน้ำ คลองบางไส้ไก่,105120,-1.54,0.62,-0.0061357496,105120,-1.35,2.0,0.5783689117,0,,,,2022,water
WL.BSU.01,105120,2022-01-01T00:00:00.000,2022-12-31T23:55:00.000,105120,สถานีสูบน้ำ คลองบางซื่อ,105120,-2.05,0.73,-0.5216524924,105120,-1.12,2.55,0.7348110731,0,,,,2022,water
WL.BSU.02,105120,2022-01-01T00:00:00.000,2022-12-31T23:55:00.000,105120,จุดวัดคลองบางซื่อ ช่วงถนนพระรามที่ 5,105120,-1.2,0.61,-0.4879413052,0,,,,0,,,,2022,water
WL.BSU.03,105120,2022-01-01T00:00:00.000,2022-12-31T23:55:00.000,105120,จุดวัดคลองบางซื่อ ตอนถนนพระรามที่ 6,105120,-1.45,0.11,-0.666154395,0,,,,0,,,,2022,water
WL.BSU.04,105120,2022-01-01T00:00:00.000,2022-12-31T23:55:00.000,105120,จุดวัดคลองบางซื่อ ช่วงถนนพหลโยธิน,97730,-1.23,0.92,-0.6119733961,0,,,,0,,,,2022,water
WL.BSU.05,105120,2022-01-01T00:00:00.000,2022-12-31T23:55:00.000,105120,จุดวัดคลองบางซื่อ ช่วงถนนวิภาวดีรังสิต,105120,-2.98,0.44,-0.6422387747,0,,,,0,,,,2022,water
WL.BSU.06,105120,2022-01-01T00:00:00.000,2022-12-31T23:55:00.000,105120,จุดวัดคลองบางซื่อ ช่วงถนนรัชดาภิเษก (เจ้าพระยาปาร์ค),105120,-1.67,0.53,-0.7048349505,0,,,,0,,,,2022,water
WL.BSU.07,105120,2022-01-01T00:00:00.000,2022-12-31T23:55:00.000,105120,จุดวัดคลองบางซื่อ - ตอนถนนลาดพร้าว,24638,-1.27,0.17,-0.4922834646,0,,,,0,,,,2022,water
WL.BTL.01,105120,2022-01-01T00:00:00.000,2022-12-31T23:55:00.000,105120,จุดวัดคลองบางตลาด ตอนท่าทราย,105120,-0.06,1.56,0.4057212709,0,,,,0,,,,2022,water
WL.BTY.01,105120,2022-01-01T00:00:00.000,2022-12-31T23:55:00.000,105120,จุดวัดคลองบางเตย ตอนถนนนวมินทร์ 66/3,105120,-0.66,0.32,-0.3381459285,0,,,,0,,,,2022,water
WL.BWK.01,105120,2022-01-01T00:00:00.000,2022-12-31T23:55:00.000,105120,จุดวัดคลองบางแวก ตอนคลองบางกอกใหญ่,105120,-0.36,0.69,0.3536347983,0,,,,0,,,,2022,water
WL.BWK.02,105120,2022-01-01T00:00:00.000,2022-12-31T23:55:00.000,105120,จุดวัดคลองบางแวก ตอนถนนพุทธมณฑลสาย 1,105120,0.08,0.86,0.4797502854,0,,,,0,,,,2022,water
WL.BWK.03,105120,2022-01-01T00:00:00.000,2022-12-31T23:55:00.000,105120,จุดวัดคลองบางแวก ตอนคลองทวีวัฒนา,105120,0.26,1.35,0.5446690449,0,,,,0,,,,2022,water
WL.BYI.01,105120,2022-01-01T00:00:00.000,2022-12-31T23:55:00.000,105120,จุดวัดคลองบึงใหญ่ ตอนวัดทองสัมฤทธิ์,105120,-0.56,1.06,0.1874512938,0,,,,0,,,,2022,water
WL.BYK.01,105120,2022-01-01T00:00:00.000,2022-12-31T23:55:00.000,105120,จุดวัดคลองบางยี่ขัน ตอนถนนจรัญสนิทวงศ์,105120,-0.72,1.25,0.275950723,0,,,,0,,,,2022,water
WL.BYK.02,105120,2022-01-01T00:00:00.000,2022-12-31T23:55:00.000,105120,จุดวัดคลองบางยี่ขัน ตอนสถานีสูบน้ำคลองบางยี่ขัน,105120,-1.13,1.18,0.2463885084,0,,,,0,,,,2022,water
WL.CBJ.01,105120,2022-01-01T00:00:00.000,2022-12-31T23:55:00.000,105120,จุดวัดคลองชวดบางจาก ตอนถนนประชาอุทิศ,105120,-1.02,0.63,-0.5705683029,0,,,,0,,,,2022,water
WL.CKS.01,105120,2022-01-01T00:00:00.000,2022-12-31T23:55:00.000,105120,สถานีสูบน้ำ คลองเจ้าคุณสิงห์,105120,-1.46,0.25,-0.8685656393,0,,,,0,,,,2022,water
WL.CKS.02,105120,2022-01-01T00:00:00.000,2022-12-31T23:55:00.000,105120,จุดวัดคลองเจ้าคุณสิงห์ ตอนถนนลาดพร้าว,105120,-1.16,-0.05,-0.7305946537,0,,,,0,,,,2022,water
WL.CNS.01,105120,2022-01-01T00:00:00.000,2022-12-31T23:55:00.000,105120,สถานีสูบน้ำ คลองช่องนนทรี,105120,-2.56,0.52,-0.7385923706,105120,-1.47,2.17,0.5024351218,0,,,,2022,water
WL.CNS.02,105120,2022-01-01T00:00:00.000,2022-12-31T23:55:00.000,105120,จุดวัดคลองช่องนนทรี ตอนถนนนราธิวาสราชนครินทร์,105120,-0.98,0.12,-0.5940931317,0,,,,0,,,,2022,water
WL.CNS.03,105120,2022-01-01T00:00:00.000,2022-12-31T23:55:00.000,105120,จุดวัดคลองช่องนนทรี ตอนถนนจันทน์,105120,-1.25,0.68,-0.5657091895,0,,,,0,,,,2022,water
WL.CNS.04,105120,2022-01-01T00:00:00.000,2022-12-31T23:55:00.000,105120,จุดวัดคลองช่องนนทรี ตอนถนนสาทรใต้,0,,,,0,,,,0,,,,2022,water
WL.CPA.01,105120,2022-01-01T00:00:00.000,2022-12-31T23:55:00.000,105120,สถานีสูบน้ำ คลองชักพระ,105120,-1.01,0.85,0.3458445586,105120,-1.08,2.24,0.7079162861,0,,,,2022,water
WL.CTC.01,105120,2022-01-01T00:00:00.000,2022-12-31T23:55:00.000,105120,จุดวัดคลองชวดตาเชียง ตอนสถานีสูบน้ำคลองชวดตาเชียง,79651,-1.36,0.53,-0.5293790411,0,,,,0,,,,2022,water
WL.CYI.01,105120,2022-01-01T00:00:00.000,2022-12-31T23:55:00.000,105120,จุดวัดคลองชวดใหญ่ ตอนถนนพระราม 9 ซอย 13,105120,-1.23,0.56,-0.4639288432,0,,,,0,,,,2022,water
WL.CYI.02,105120,2022-01-01T00:00:00.000,2022-12-31T23:55:00.000,105120,จุดวัดคลองชวดใหญ่ ตอนถนนพระราม 9,105120,-1.08,0.14,-0.553925704,0,,,,0,,,,2022,water
WL.CYI.03,105120,2022-01-01T00:00:00.000,2022-12-31T23:55:00.000,105120,จุดวัดคลองชวดใหญ่-ตอนคลองลาดพร้าว,25471,-0.71,-0.17,-0.4476718621,0,,,,0,,,,2022,water
WL.DKN.01,105120,2022-01-01T00:00:00.000,2022-12-31T23:55:00.000,105120,สถานีสูบน้ำ ดาวคะนอง,105120,-1.05,0.74,0.045060312,105120,-1.45,2.14,0.5756397451,0,,,,2022,water
WL.FTM.01,105120,2022-01-01T00:00:00.000,2022-12-31T23:55:00.000,105120,จุดวัดคลองโบสถ์แม่พระ ตอนถนนดินแดง,105120,-1.37,0.38,-0.5250133181,0,,,,0,,,,2022,water
WL.HKG.01,105120,2022-01-01T00:00:00.000,2022-12-31T23:55:00.000,105120,จุดวัดคลองห้วยขวาง ตอนถนนประชาสงเคราะห์,105120,-1.1,0.42,-0.5815969368,0,,,,0,,,,2022,water
WL.HKG.02,105120,2022-01-01T00:00:00.000,2022-12-31T23:55:00.000,105120,จุดวัดคลองห้วยขวาง ตอนถนนเทียมร่วมมิตร,105120,-1.1,0.51,-0.508016933,0,,,,0,,,,2022,water
WL.HMK.01,105120,2022-01-01T00:00:00.000,2022-12-31T23:55:00.000,105120,จุดวัดคลองหัวหมาก ตอนถนนศรีนครินทร์,105120,-0.76,0.4,-0.4005366248,0,,,,0,,,,2022,water
WL.IDE.01,105120,2022-01-01T00:00:00.000,2022-12-31T23:55:00.000,105120,จุดวัดบ่อสูบน้ำอินโดนีเซีย,105120,-1.07,0.58,-0.4958334285,0,,,,0,,,,2022,water
WL.JKK.01,105120,2022-01-01T00:00:00.000,2022-12-31T23:55:00.000,105120,จุดวัดคลองจระเข้ขบ ตอนถนนสุขาภิบาล 2 ซอย 2,0,,,,0,,,,0,,,,2022,water
WL.JRN.01,105120,2022-01-01T00:00:00.000,2022-12-31T23:55:00.000,105120,สถานีสูบน้ำ คลองแจงร้อน,105120,-1.79,1.28,0.1604740297,105120,-1.66,2.18,0.5251026446,0,,,,2022,water
WL.KBU.01,105120,2022-01-01T00:00:00.000,2022-12-31T23:55:00.000,105120,ประตูระบายน้ำ คลองบัว ตอนทางรถไฟสายใต้,105120,-0.52,1.12,0.4897694064,105120,-0.74,2.16,0.8005491819,0,,,,2022,water
WL.KBU.02,105120,2022-01-01T00:00:00.000,2022-12-31T23:55:00.000,105120,จุดวัดคลองบัว ตอนถนนพุทธมณฑลสาย 1,105120,-0.17,1.01,0.3979101979,0,,,,0,,,,2022,water
WL.KDN.01,105120,2022-01-01T00:00:00.000,2022-12-31T23:55:00.000,105120,ประตูระบายน้ำ คลองวัดด่าน,105120,-0.78,0.93,-0.0950325342,105120,-1.12,2.4,0.5757643645,0,,,,2022,water
WL.KJA.01,105120,2022-01-01T00:00:00.000,2022-12-31T23:55:00.000,105120,จุดวัดคลองกะจะ ตอนถนนพระราม 9,105120,-1.35,0.14,-0.9090137938,0,,,,0,,,,2022,water
WL.KJA.02,105120,2022-01-01T00:00:00.000,2022-12-31T23:55:00.000,105120,จุดวัดคลองกะจะ ตอนถนนพระราม 9 ซอย 57,105120,-1.21,-0.02,-0.7814662291,0,,,,0,,,,2022,water
WL.KJG.01,105120,2022-01-01T00:00:00.000,2022-12-31T23:55:00.000,105120,จุดวัดคลองจิก ตอนถนนหัวหมาก,105119,-1.16,0.02,-0.7945719613,0,,,,0,,,,2022,water
WL.KJK.01,105120,2022-01-01T00:00:00.000,2022-12-31T23:55:00.000,105120,สถานีสูบน้ำ คลองเจ็ก,105120,-1.37,0.28,-0.8618194444,105120,-1.84,2.02,0.4707046233,0,,,,2022,water
WL.KJK.02,105120,2022-01-01T00:00:00.000,2022-12-31T23:55:00.000,105120,จุดวัดคลองเจ็ก ตอนถนนสุขุมวิท 60/1,105120,-1.3,0.38,-0.7593317161,0,,,,0,,,,2022,water
WL.KJN.01,105120,2022-01-01T00:00:00.000,2022-12-31T23:55:00.000,105120,จุดวัดคลองจั่น ตอนถนนลาดพร้าว,105120,-0.83,0.55,-0.4147944254,0,,,,0,,,,2022,water
WL.KJN.02,105120,2022-01-01T00:00:00.000,2022-12-31T23:55:00.000,105120,จุดวัดคลองจั่น ตอนถนนโยธินพัฒนา,105120,-0.78,0.73,-0.3692849125,0,,,,0,,,,2022,water
WL.KJT.01,105120,2022-01-01T00:00:00.000,2022-12-31T23:55:00.000,105120,"""จุดวัดคลองจิต ตอนซอยลาดพร้าว 122 """,105120,-1.36,-0.01,-1.0552165145,0,,,,0,,,,2022,water
WL.KJU.01,105120,2022-01-01T00:00:00.000,2022-12-31T23:55:00.000,105120,จุดวัดคลองขุนจันทร์ ตอนถนนฉิมพลี,105120,-0.9,0.9,-0.6228000381,0,,,,0,,,,2022,water
WL.KKD.01,105120,2022-01-01T00:00:00.000,2022-12-31T23:55:00.000,105120,จุดวัดคลองเคล็ด ตอนถนนสุขุมวิท 77,105120,-1.75,0.26,-0.9065832382,0,,,,0,,,,2022,water
WL.KKD.02,105120,2022-01-01T00:00:00.000,2022-12-31T23:55:00.000,105120,จุดวัดคลองเคล็ด ตอนถนนสุภาพงษ์ 1,105120,-1.29,0.3,-0.8498484589,0,,,,0,,,,2022,water
WL.KKD.03,105120,2022-01-01T00:00:00.000,2022-12-31T23:55:00.000,105120,จุดวัดคลองเคล็ด ตอนถนนศรีนครินทร์,105120,-0.7,0.55,-0.4800950342,0,,,,0,,,,2022,water
WL.KKO.01,105120,2022-01-01T00:00:00.000,2022-12-31T23:55:00.000,105120,จุดวัดคลองเก้า ตอนวัดศรีสุขสถาพร,93156,-0.3,1.91,0.7323168663,0,,,,0,,,,2022,water
WL.KKS.01,105120,2022-01-01T00:00:00.000,2022-12-31T23:55:00.000,105120,สถานีสูบน้ำ เทเวศร์,105120,-1.04,0.17,-0.5279832572,105120,-1.37,2.37,0.647388223,0,,,,2022,water
WL.KKS.02,105120,2022-01-01T00:00:00.000,2022-12-31T23:55:00.000,105120,จุดวัดคลองผดุงกรุงเกษม ตอนทำเนียบรัฐบาล,105120,-1.09,0.45,-0.5138767123,0,,,,0,,,,2022,water
WL.KKS.03,105120,2022-01-01T00:00:00.000,2022-12-31T23:55:00.000,105120,จุดวัดคลองผดุงกรุงเกษม ตอนหัวลำโพง,105120,-1.21,0.38,-0.5903248668,0,,,,0,,,,2022,water
WL.KKS.04,105120,2022-01-01T00:00:00.000,2022-12-31T23:55:00.000,105120,สถานีสูบน้ำ กรุงเกษม,105120,-1.77,0.33,-0.6458102169,105120,-1.21,2.01,0.5876633371,0,,,,2022,water
WL.KKY.01,105120,2022-01-01T00:00:00.000,2022-12-31T23:55:00.000,105120,จุดวัดคลองควาย ตอนถนนศาลาธรรมสพน์,105120,0.14,1.09,0.5624236111,0,,,,0,,,,2022,water
WL.KKY.02,105120,2022-01-01T00:00:00.000,2022-12-31T23:55:00.000,105120,จุดวัดคลองควาย ตอนถนนบรมราชชนนี,105120,0.15,1.05,0.5196629566,0,,,,0,,,,2022,water
WL.KLA.01,105120,2022-01-01T00:00:00.000,2022-12-31T23:55:00.000,105120,จุดวัดคลองลาว ตอนถนนพัฒนาการ,105120,-0.79,0.47,-0.4046449772,0,,,,0,,,,2022,water
WL.KLD.01,105120,2022-01-01T00:00:00.000,2022-12-31T23:55:00.000,105120,จุดวัดคลองหลอด ตอนสถานีสูบน้ำปากคลองตลาด,105120,-0.51,0.66,0.1363535959,0,,,,0,,,,2022,water
WL.KLD.02,105120,2022-01-01T00:00:00.000,2022-12-31T23:55:00.000,105120,จุดวัดคลองหลอด ตอนถนนราชดำเนินใน,105120,-0.45,0.67,0.1558292428,0,,,,0,,,,2022,water
WL.KLT.01,105120,2022-01-01T00:00:00.000,2022-12-31T23:55:00.000,105120,จุดวัดคลองตัน ช่วงใต้ทางด่วน,105120,-1.13,0.26,-0.5921844559,0,,,,0,,,,2022,water
WL.KMN.01,105120,2022-01-01T00:00:00.000,2022-12-31T23:55:00.000,105120,สถานีสูบน้ำ คลองมอญ,105119,-1.02,0.89,0.2232025609,105119,-1.12,2.36,0.6672533985,0,,,,2022,water
WL.KNB.01,105120,2022-01-01T00:00:00.000,2022-12-31T23:55:00.000,105120,จุดวัดคลองหนองบอน ตอนอ่อนนุช 66 ซอย 13,105120,-0.74,0.21,-0.4379175228,0,,,,0,,,,2022,water
WL.KNB.02,105120,2022-01-01T00:00:00.000,2022-12-31T23:55:00.000,105120,จุดวัดคลองหนองบอน ตอนถนนเฉลิมพระเกียรติรัชกาลที่ 9,105120,-0.61,0.39,-0.3123997336,0,,,,0,,,,2022,water
WL.KPG.01,105120,2022-01-01T00:00:00.000,2022-12-31T23:55:00.000,105120,จุดวัดคลองเป้ง ตอนซอยเอกมัย 23,105120,-1.91,0.0,-1.1909386416,0,,,,0,,,,2022,water
WL.KPM.01,105120,2022-01-01T00:00:00.000,2022-12-31T23:55:00.000,105120,จุดวัดคลองเปรมประชากร ช่วงสถานีน้ำอุโมงค์คลองเปรมประชากร,105120,-0.91,0.73,-0.3548092656,0,,,,0,,,,2022,water
WL.KPM.02,105120,2022-01-01T00:00:00.000,2022-12-31T23:55:00.000,105120,จุดวัดคลองเปรมประชากร ตอนถนนรัชดาภิเษก,104122,-0.74,0.79,-0.2507238624,0,,,,0,,,,2022,water
WL.KPM.03,105120,2022-01-01T00:00:00.000,2022-12-31T23:55:00.000,105120,จุดวัดคลองเปรมประชากร ช่วงวัดเทวสุนทร,41945,-0.46,1.97,-0.0216631303,0,,,,0,,,,2022,water
WL.KPM.04,105120,2022-01-01T00:00:00.000,2022-12-31T23:55:00.000,105120,คลองเปรมประชากร ตอนคลองบางตลาด*,105120,-0.28,1.36,0.240284532,0,,,,0,,,,2022,water
WL.KPM.05,105120,2022-01-01T00:00:00.000,2022-12-31T23:55:00.000,105120,จุดวัดคลองเปรมประชากร ตอนถนนสรงประภา,105120,0.11,1.57,0.4782762557,0,,,,0,,,,2022,water
WL.KPM.06,105120,2022-01-01T00:00:00.000,2022-12-31T23:55:00.000,105120,จุดวัดคลองเปรมประชากร ตอนคลองบ้านใหม่,105120,0.17,1.56,0.5086913052,0,,,,0,,,,2022,water
WL.KSG.01,105120,2022-01-01T00:00:00.000,2022-12-31T23:55:00.000,105120,จุดวัดคลองสอง ตอนถนนพหลโยธิน,105120,-0.08,1.39,0.3746155822,0,,,,0,,,,2022,water
WL.KSI.01,105120,2022-01-01T00:00:00.000,2022-12-31T23:55:00.000,105120,จุดวัดคลองสี่ ตอนถนนสุวินทวงศ์,105120,-0.45,1.02,0.2215240677,0,,,,0,,,,2022,water
WL.KSI.02,105120,2022-01-01T00:00:00.000,2022-12-31T23:55:00.000,105120,จุดวัดคลองสี่ ตอนถนนเจ้าคุณทหาร,105120,-0.56,0.9,0.0957817732,0,,,,0,,,,2022,water
WL.KSK.01,105120,2022-01-01T00:00:00.000,2022-12-31T23:55:00.000,105120,"""จุดวัดคลองขุนสกล ตอนซอยศรีนครินทร์ 36 """,105120,-1.61,0.28,-0.8797484779,0,,,,0,,,,2022,water
WL.KSM.01,105120,2022-01-01T00:00:00.000,2022-12-31T23:55:00.000,105120,จุดวัดคลองสาม ตอนร่มเกล้า 17,105120,-2.0,0.78,-0.0038741438,0,,,,0,,,,2022,water
WL.KSM.02,105120,2022-01-01T00:00:00.000,2022-12-31T23:55:00.000,105120,จุดวัดคลองสาม ตอนมอเตอร์เวย์,105120,-0.5,0.9,0.1056141553,0,,,,0,,,,2022,water
WL.KSO.01,105120,2022-01-01T00:00:00.000,2022-12-31T23:55:00.000,105120,จุดวัดคลองซอย ตอนถนนบรมราชชนนี,103776,-1.0,3.0,0.541272934,0,,,,0,,,,2022,water
WL.KSO.02,105120,2022-01-01T00:00:00.000,2022-12-31T23:55:00.000,105120,จุดวัดคลองซอย ตอนถนนศาลาธรรมสพน์,105120,0.41,1.13,0.7408613014,0,,,,0,,,,2022,water
WL.KTK.03,105120,2022-01-01T00:00:00.000,2022-12-31T23:55:00.000,105120,จุดวัดคลองขรัวตาแก่น ตอนซอยสะพานขวา,105120,-1.0,0.79,-0.4755324391,0,,,,0,,,,2022,water
WL.KTY.01,105120,2022-01-01T00:00:00.000,2022-12-31T23:55:00.000,105120,สถานีสูบน้ำ คลองเตย,13679,-2.03,-0.09,-1.199063528,13679,-0.98,1.88,0.5122867169,0,,,,2022,water
WL.LBK.01,105120,2022-01-01T00:00:00.000,2022-12-31T23:55:00.000,105120,จุดวัดคลองลาดบัวขาว ตอนถนนรามคำแหง,105120,-0.55,0.76,-0.0852957572,0,,,,0,,,,2022,water
WL.LBK.02,105120,2022-01-01T00:00:00.000,2022-12-31T23:55:00.000,105120,จุดวัดคลองลาดบัวขาว ตอนถนนเคหะร่มเกล้า,105120,-0.71,0.5,-0.3120423326,0,,,,0,,,,2022,water
WL.LBK.03,105120,2022-01-01T00:00:00.000,2022-12-31T23:55:00.000,105120,จุดวัดคลองลาดบัวขาว ตอนซอยกาญจนาภิเษก 24,105120,-0.54,0.62,-0.1654159056,0,,,,0,,,,2022,water
WL.LCL.01,105120,2022-01-01T00:00:00.000,2022-12-31T23:55:00.000,105120,จุดวัดคลองลำชะล่า ตอนถนนนวมินทร์,105120,-0.96,1.97,0.3020839041,0,,,,0,,,,2022,water
WL.LCL.02,105120,2022-01-01T00:00:00.000,2022-12-31T23:55:00.000,105120,จุดวัดคลองลำชะล่า ตอนซอยนวมินทร์ 86,105120,-0.39,1.1,-0.0897504756,0,,,,0,,,,2022,water
WL.LKB.01,105120,2022-01-01T00:00:00.000,2022-12-31T23:55:00.000,105120,จุดวัดคลองลาดกระบัง ตอนซอยลาดกระบัง 54/6,105120,-0.48,0.89,0.1131509703,0,,,,0,,,,2022,water
WL.LOA.01,105120,2022-01-01T00:00:00.000,2022-12-31T23:55:00.000,105120,จุดวัดคลองรางอ้อ-รางแก้ว ตอนถนนพหลโยธิน,105120,-0.29,1.4,0.2574245624,0,,,,0,,,,2022,water
WL.LPC.01,105120,2022-01-01T00:00:00.000,2022-12-31T23:55:00.000,105120,จุดวัดคลองลำผักชี ตอนโรงเรียนลำผักชี,105120,-0.53,0.98,0.1592173706,0,,,,0,,,,2022,water
WL.LPG.01,105120,2022-01-01T00:00:00.000,2022-12-31T23:55:00.000,105120,จุดวัดคลองหลวงแพ่ง ตอนโรงเรียนผลลีรุ่งเรือง,105120,-0.73,0.82,0.01950371,0,,,,0,,,,2022,water
WL.LPG.02,105120,2022-01-01T00:00:00.000,2022-12-31T23:55:00.000,105120,ประตูระบายน้ำ คลองหลวงแพ่ง,105120,-0.73,0.98,0.0999484399,105120,-0.43,1.43,0.3936982496,0,,,,2022,water
WL.LPG.03,105120,2022-01-01T00:00:00.000,2022-12-31T23:55:00.000,105120,จุดวัดคลองหลวงแพ่ง ตอนวัดลำต้อยติ่ง,105120,-0.64,0.87,0.0992783486,0,,,,0,,,,2022,water
WL.LPI.01,105120,2022-01-01T00:00:00.000,2022-12-31T23:55:00.000,105120,จุดวัดคลองหลุมไผ่ ตอนซอยลาดปลาเค้า 63,105120,-0.77,0.87,-0.0933625381,0,,,,0,,,,2022,water
WL.LPI.02,105120,2022-01-01T00:00:00.000,2022-12-31T23:55:00.000,105120,จุดวัดคลองหลุมไผ่ ตอนถนนประเสริฐมนูกิจ29,105120,-0.29,1.14,0.056697774,0,,,,0,,,,2022,water
WL.LPN.01,105120,2022-01-01T00:00:00.000,2022-12-31T23:55:00.000,105120,สถานีสูบน้ำ คลองเลนเปน,105120,-2.29,1.55,-0.3541894977,105120,-0.4,1.14,0.6030747717,0,,,,2022,water
WL.LPT.01,105120,2022-01-01T00:00:00.000,2022-12-31T23:55:00.000,105120,จุดวัดคลองลำปลาทิว ตอนถนนสังฆสันติสุข,105120,-0.42,1.12,0.3293627283,0,,,,0,,,,2022,water
WL.LPT.02,105120,2022-01-01T00:00:00.000,2022-12-31T23:55:00.000,105120,จุดวัดคลองลำปลาทิว ตอนซอยฉลองกรุง 54,105120,-0.67,0.81,0.0236577245,0,,,,0,,,,2022,water
WL.LPT.03,105120,2022-01-01T00:00:00.000,2022-12-31T23:55:00.000,105120,จุดวัดคลองลำปลาทิว ตอนซอยฉลองกรุง 8,105120,-0.67,0.77,-0.0047319254,0,,,,0,,,,2022,water
WL.LPT.04,105120,2022-01-01T00:00:00.000,2022-12-31T23:55:00.000,105120,"""จุดวัดคลองลำปลาทิว ตอนซอยเชื่อมสัมพันธ์ 25 """,105120,-0.54,1.05,0.231030156,0,,,,0,,,,2022,water
WL.LPW.01,105120,2022-01-01T00:00:00.000,2022-12-31T23:55:00.000,105120,ประตูระบายน้ำ คลองลาดพร้าว,105120,-0.7,0.68,-0.3081403158,105120,-0.68,0.73,-0.2977673135,0,,,,2022,water
WL.LPW.02,105120,2022-01-01T00:00:00.000,2022-12-31T23:55:00.000,105120,จุดวัดคลองลาดพร้าว ช่วงวัดลาดพร้าว,105120,-0.56,0.91,-0.1859855403,0,,,,0,,,,2022,water
WL.LPW.03,105120,2022-01-01T00:00:00.000,2022-12-31T23:55:00.000,105120,จุดวัดคลองลาดพร้าว ช่วงซอยเสนานิคม,105120,-0.4,1.16,-0.0177850076,0,,,,0,,,,2022,water
WL.LPW.04,105120,2022-01-01T00:00:00.000,2022-12-31T23:55:00.000,105120,จุดวัดคลองลาดพร้าว ตอนถนนประชาอุทิศ,105120,-0.78,0.56,-0.4144076294,0,,,,0,,,,2022,water
WL.LPW.05,105120,2022-01-01T00:00:00.000,2022-12-31T23:55:00.000,105120,จุดวัดคลองลาดพร้าว ช่วงถนนประดิษฐ์มนูธรรม,105120,-0.91,0.45,-0.4628325723,0,,,,0,,,,2022,water
WL.LSG.01,105120,2022-01-01T00:00:00.000,2022-12-31T23:55:00.000,105120,จุดวัดคลองหลอด 2 ตอนถนนบางนา ตราด,105120,-2.21,0.29,-1.0336835997,0,,,,0,,,,2022,water
WL.LSM.01,105120,2022-01-01T00:00:00.000,2022-12-31T23:55:00.000,105120,จุดวัดคลองหลอด 3 ตอนถนนบางนา ตราด,105120,-2.41,0.33,-1.6995347222,0,,,,0,,,,2022,water
WL.LYW.01,105120,2022-01-01T00:00:00.000,2022-12-31T23:55:00.000,105120,จุดวัดคลองลาดยาว ตอน ถนนรัชดาภิเษก,105120,-1.74,0.18,-1.4931850266,0,,,,0,,,,2022,water
WL.LYW.02,105120,2022-01-01T00:00:00.000,2022-12-31T23:55:00.000,105120,จุดวัดคลองลาดยาว ตอนถนนวิภาวดีรังสิต 44,105120,-1.31,0.5,-1.1719394977,0,,,,0,,,,2022,water
WL.MID.01,105120,2022-01-01T00:00:00.000,2022-12-31T23:55:00.000,105120,จุดวัดคูน้ำกรมสารวัตรทหาร,105120,-1.82,-0.14,-0.6423356164,0,,,,0,,,,2022,water
WL.MSW.01,105120,2022-01-01T00:00:00.000,2022-12-31T23:55:00.000,105120,จุดวัดคลองมหาสวัสดิ์ ตอนคลองสวนแดน 2,105120,-1.14,2.31,0.7959563356,0,,,,0,,,,2022,water
WL.MSW.02,105120,2022-01-01T00:00:00.000,2022-12-31T23:55:00.000,105120,จุดวัดคลองมหาสวัสดิ์ ตอนวัดปุรณาวาส,105120,0.21,1.55,0.7923082192,0,,,,0,,,,2022,water
WL.MSW.03,105120,2022-01-01T00:00:00.000,2022-12-31T23:55:00.000,105120,จุดวัดคลองมหาสวัสดิ์ ตอนถนนพุทธมณฑลสาย 2,105120,-0.21,2.13,0.8487182268,0,,,,0,,,,2022,water
WL.NBN.01,105120,2022-01-01T00:00:00.000,2022-12-31T23:55:00.000,105120,จุดวัดบึงหนองบอน,105120,-4.77,-0.85,-1.9814333143,72616,-5.03,-0.21,-4.1006409056,0,,,,2022,water
WL.NK3.01,105120,2022-01-01T00:00:00.000,2022-12-31T23:55:00.000,105120,จุดวัดคลองคูนายกิมสาย 3  ตอนถนนประชาอุทิศ,105120,-0.4,1.51,0.2103147831,0,,,,0,,,,2022,water
WL.NKW.01,105120,2022-01-01T00:00:00.000,2022-12-31T23:55:00.000,105120,จุดวัดคลองน้ำแก้ว ตอนถนนรัชดาภิเษก,0,,,,0,,,,0,,,,2022,water
WL.NKW.02,105120,2022-01-01T00:00:00.000,2022-12-31T23:55:00.000,105120,จุดวัดคลองน้ำแก้ว ตอนซอยลาดพร้าว 41,51067,-1.71,0.68,-0.8290062075,0,,,,0,,,,2022,water
WL.NSG.01,105120,2022-01-01T00:00:00.000,2022-12-31T23:55:00.000,105120,จุดวัดคลองนาซอง ตอนถนนประชาสุข,105120,-0.79,0.62,-0.5153817542,0,,,,0,,,,2022,water
WL.ORC.01,105120,2022-01-01T00:00:00.000,2022-12-31T23:55:00.000,105120,สถานีสูบน้ำ คลองอรชร,105120,-1.99,0.25,-1.0250644026,105120,-1.39,1.25,-0.4901546804,0,,,,2022,water
WL.PKG.01,105120,2022-01-01T00:00:00.000,2022-12-31T23:55:00.000,105120,สถานีสูบน้ำ ปากคลองตลาด,105120,-0.63,2.33,0.6862280251,0,,,,0,,,,2022,water
WL.PKN.01,105120,2022-01-01T00:00:00.000,2022-12-31T23:55:00.000,105120,สถานีสูบน้ำ พระโขนง,105120,-1.34,-0.03,-0.6119123858,105120,-1.42,2.99,0.6249886796,0,,,,2022,water
WL.PLK.01,105120,2022-01-01T00:00:00.000,2022-12-31T23:55:00.000,105120,จุดวัดคลองพิทยาลงกรณ์ ช่วงโรงเรียนพิทยาลงกรณ์พิทยาคม,75900,-0.87,1.51,0.439712253,0,,,,0,,,,2022,water
WL.PPA.02,105120,2022-01-01T00:00:00.000,2022-12-31T23:55:00.000,105120,จุดวัดคลองพลับพลา ตอนศูนย์แพทย์พัฒนา,79679,-0.97,0.42,-0.5290486828,0,,,,0,,,,2022,water
WL.PSC.01,105120,2022-01-01T00:00:00.000,2022-12-31T23:55:00.000,105120,สถานีสูบน้ำ คลองภาษีเจริญ,105120,-0.45,0.56,0.2618052702,105120,-0.38,0.51,0.2804211377,0,,,,2022,water
WL.PSC.02,105120,2022-01-01T00:00:00.000,2022-12-31T23:55:00.000,105120,จุดวัดคลองภาษีเจริญ ตอนวัดรางบัว,105120,-0.1,0.74,0.3729765982,0,,,,0,,,,2022,water
WL.PSC.03,105120,2022-01-01T00:00:00.000,2022-12-31T23:55:00.000,105120,จุดวัดคลองราชมนตรี ตอนคลองภาษีเจริญ,105120,0.27,0.74,0.4377816781,0,,,,0,,,,2022,water
WL.PSC.04,105120,2022-01-01T00:00:00.000,2022-12-31T23:55:00.000,105120,จุดวัดคลองภาษีเจริญ ตอนคลองมหาศร,0,,,,0,,,,0,,,,2022,water
WL.PSI.01,105120,2022-01-01T00:00:00.000,2022-12-31T23:55:00.000,105120,จุดวัดคลองพร้อมศรี 2 ตอนถนนสุขุมวิท 49/13,105120,-1.49,0.25,-1.2451863584,0,,,,0,,,,2022,water
WL.PSR.01,105120,2022-01-01T00:00:00.000,2022-12-31T23:55:00.000,105120,ประตูระบายน้ำ คลองพระยาสุเรนทร์,105120,-0.21,1.64,0.6285083714,105120,0.07,1.94,0.8531205289,0,,,,2022,water
WL.PSR.02,105120,2022-01-01T00:00:00.000,2022-12-31T23:55:00.000,105120,จุดวัดคลองพระยาสุเรนทร์ ตอนถนนหนองระแหง,105120,0.01,1.41,0.6569023021,0,,,,0,,,,2022,water
WL.PSR.03,105120,2022-01-01T00:00:00.000,2022-12-31T23:55:00.000,105120,จุดวัดคลองพระยาสุเรนทร์ ตอนถนนจตุโชติ,105120,-0.01,1.4,0.6317699772,0,,,,0,,,,2022,water
WL.PSR.04,105120,2022-01-01T00:00:00.000,2022-12-31T23:55:00.000,105120,ปตร.พระยาสุเรนทร์ ตอนคู้บอน,105120,-0.25,1.17,0.3755295852,0,,,,0,,,,2022,water
WL.PSR.05,105120,2022-01-01T00:00:00.000,2022-12-31T23:55:00.000,105120,จุดวัดคลองพระยาสุเรนทร์ ตอนปัญญาอินทรา,105120,-0.5,1.01,0.0384813546,0,,,,0,,,,2022,water
WL.PSR.06,105120,2022-01-01T00:00:00.000,2022-12-31T23:55:00.000,105120,จุดวัดคลองพระยาสุเรนทร์ ตอนบางชัน,105120,-0.2,1.16,0.3016267123,0,,,,0,,,,2022,water
WL.PWT.01,105120,2022-01-01T00:00:00.000,2022-12-31T23:55:00.000,105120,จุดวัดคลองประเวศ ตอนซอยอ่อนนุช 17,105120,-1.01,0.21,-0.5135761035,0,,,,0,,,,2022,water
WL.PWT.02,105120,2022-01-01T00:00:00.000,2022-12-31T23:55:00.000,105120,จุดวัดคลองประเวศบุรีรมย์ ตอนวัดขจรศิริ,105120,-0.74,0.41,-0.3537441971,0,,,,0,,,,2022,water
WL.PWT.03,105120,2022-01-01T00:00:00.000,2022-12-31T23:55:00.000,105120,ประตูระบายน้ำ คลองประเวศบุรีรมย์ ตอนวัดกระทุ่มเสือปลา,105120,-0.68,0.47,-0.2988822298,105120,-0.53,0.6,-0.198019121,0,,,,2022,water
WL.PWT.04,105120,2022-01-01T00:00:00.000,2022-12-31T23:55:00.000,105120,ประตูระบายน้ำ คลองประเวศบุรีรมย์ ตอนลาดกระบัง,105120,-0.52,0.63,-0.1697920472,105120,-0.58,0.81,0.0214334094,0,,,,2022,water
WL.PWT.05,105120,2022-01-01T00:00:00.000,2022-12-31T23:55:00.000,105120,จุดวัดคลองประเวศบุรีรมย์ ตอน รพ.ลาดกระบัง,105120,-0.58,0.79,0.0165776256,0,,,,0,,,,2022,water
WL.PWT.06,105120,2022-01-01T00:00:00.000,2022-12-31T23:55:00.000,105120,จุดวัดคลองประเวศบุรีรมย์ ตอนถนนร่วมพัฒนา,105120,-0.47,0.96,0.1713755708,0,,,,0,,,,2022,water
WL.PYW.01,105120,2022-01-01T00:00:00.000,2022-12-31T23:55:00.000,105120,จุดวัดคลองพญาเวิก ตอนปตร.คลองพญาเวิก,105119,-0.95,0.55,-0.4097717825,0,,,,0,,,,2022,water
WL.RHN.01,105120,2022-01-01T00:00:00.000,2022-12-31T23:55:00.000,105120,สถานีสูบน้ำ คลองระหาญ,105120,-2.19,3.16,-0.3246731355,105120,-0.37,1.15,0.584752188,0,,,,2022,water
WL.RJK.01,105120,2022-01-01T00:00:00.000,2022-12-31T23:55:00.000,105120,ประตูระบายน้ำ คลองรางจาก ตอนถนนประชาอุทิศ,105120,-0.03,0.69,0.3729650875,105120,-0.03,0.7,0.3728165906,0,,,,2022,water
WL.RKC.01,105120,2022-01-01T00:00:00.000,2022-12-31T23:55:00.000,105120,จุดวัดคลองข้างศูนย์ราชการ,105120,-1.49,1.72,-0.5428478881,0,,,,0,,,,2022,water
WL.RMT.01,105120,2022-01-01T00:00:00.000,2022-12-31T23:55:00.000,105120,สถานีสูบน้ำ คลองพระยาราชมนตรี,105120,-1.19,0.33,-0.3713789003,105120,-0.36,1.13,0.6767038623,0,,,,2022,water
WL.RMT.02,105120,2022-01-01T00:00:00.000,2022-12-31T23:55:00.000,105120,จุดวัดคลองพระยาราชมนตรี ตอนถนนพระรามที่ 2,105120,-0.55,0.62,0.0128547374,0,,,,0,,,,2022,water
WL.RSK.01,105120,2022-01-01T00:00:00.000,2022-12-31T23:55:00.000,105120,จุดวัดคลองราษฎร์สามัคคี ตอนถนนเพชรเกษม 63,105120,0.07,0.81,0.3573337139,0,,,,0,,,,2022,water
WL.SBR.01,105120,2022-01-01T00:00:00.000,2022-12-31T23:55:00.000,105120,ประตูระบายน้ำ คลองขุนศรีบุรีรักษ์ ตอนคลองมหาสวัสดิ์,105120,0.36,1.2,0.731296328,105120,0.31,1.7,0.9383515982,0,,,,2022,water
WL.SBR.02,105120,2022-01-01T00:00:00.000,2022-12-31T23:55:00.000,105120,จุดวัดคลองบางขุนศรีบุรีรักษ์ ตอนถนนบรมราชชนนี,105120,0.2,0.98,0.535198535,0,,,,0,,,,2022,water
WL.SBT.01,105120,2022-01-01T00:00:00.000,2022-12-31T23:55:00.000,105120,สถานีสูบน้ำ คลองสี่บาท,105120,-2.03,0.53,-0.0805024734,105120,-0.53,0.74,0.1239516743,0,,,,2022,water
WL.SCO.01,105120,2022-01-01T00:00:00.000,2022-12-31T23:55:00.000,105120,"""จุดวัดคลองศาลเจ้า ตอนถนนสวนผัก """,105120,-0.98,0.68,0.0809062976,0,,,,0,,,,2022,water
WL.SDN.01,105120,2022-01-01T00:00:00.000,2022-12-31T23:55:00.000,105120,"""จุดวัดคลองสวนแดน ตอนถนนชัยพฤกษ์ """,105120,-0.8,0.83,0.2209760274,0,,,,0,,,,2022,water
WL.SKG.01,105120,2022-01-01T00:00:00.000,2022-12-31T23:55:00.000,105120,จุดวัดคลองสะแกงาม ตอนถนนกาญจนาภิเษก,105120,-1.28,0.28,-0.4442909056,0,,,,0,,,,2022,water
WL.SKT.01,105120,2022-01-01T00:00:00.000,2022-12-31T23:55:00.000,105120,จุดวัดคลองทรงกระเทียม ตอนถนนนาคนิวาส,105120,-0.8,0.21,-0.5401784627,0,,,,0,,,,2022,water
WL.SKT.02,105120,2022-01-01T00:00:00.000,2022-12-31T23:55:00.000,105120,จุดวัดคลองทรงกระเทียม ตอนปตร.คลองทรงกระเทียม,105120,-1.4,0.67,-0.5451710426,0,,,,0,,,,2022,water
WL.SLL.01,105120,2022-01-01T00:00:00.000,2022-12-31T23:55:00.000,105120,จุดวัดคลองศาลาลอย ตอนถนนอ่อนนุช 61,105120,-0.65,0.33,-0.3453908866,0,,,,0,,,,2022,water
WL.SNC.01,105120,2022-01-01T00:00:00.000,2022-12-31T23:55:00.000,105120,สถานีสูบน้ำ คลองสนามชัย,105120,-1.05,0.46,-0.1860363394,105120,-0.1,1.2,0.7483533105,0,,,,2022,water
WL.SNC.02,105120,2022-01-01T00:00:00.000,2022-12-31T23:55:00.000,105120,จุดวัดคลองสนามชัย ตอนคลองบางขุนเทียน,105120,-0.8,0.67,0.2056965373,0,,,,0,,,,2022,water
WL.SNO.01,105120,2022-01-01T00:00:00.000,2022-12-31T23:55:00.000,105120,จุดวัดคลองเสือน้อย ตอนถนนสุคนธสวัสดิ์,105120,-1.68,0.18,-0.8207628425,0,,,,0,,,,2022,water
WL.SPP.01,105120,2022-01-01T00:00:00.000,2022-12-31T23:55:00.000,105120,จุดวัดบ่อสูบน้ำสะพานพรหม,80491,-1.65,0.43,-0.8508222037,0,,,,0,,,,2022,water
WL.SRE.01,105120,2022-01-01T00:00:00.000,2022-12-31T23:55:00.000,105120,สถานีสูบน้ำ คลองสำเหร่,105120,-1.58,0.71,0.0700392884,105120,-1.1,2.11,0.6175087519,0,,,,2022,water
WL.SRG.01,105120,2022-01-01T00:00:00.000,2022-12-31T23:55:00.000,105120,สถานีสูบน้ำ คลองสำโรง,105120,-1.21,0.49,-0.1163335236,105120,-1.37,2.45,0.4344248478,0,,,,2022,water
WL.SSB.01,105120,2022-01-01T00:00:00.000,2022-12-31T23:55:00.000,105120,จุดวัดคลองแสนแสบ ช่วงคลองผดุงกรุงเกษม (โบ๊เบ๊),105120,-1.01,0.59,-0.4197438166,0,,,,0,,,,2022,water
WL.SSB.02,105120,2022-01-01T00:00:00.000,2022-12-31T23:55:00.000,105120,จุดวัดคลองแสนแสบ ตอนซอยสมคิด,105120,-1.23,0.4,-0.6497540906,0,,,,0,,,,2022,water
WL.SSB.03,105120,2022-01-01T00:00:00.000,2022-12-31T23:55:00.000,105120,จุดวัดคลองแสนแสบ ช่วงอโศก,105120,-0.8,0.54,-0.4463309551,0,,,,0,,,,2022,water
WL.SSB.04,105120,2022-01-01T00:00:00.000,2022-12-31T23:55:00.000,105120,สถานีสูบน้ำ คลองแสนแสบตอนคลองตัน,105120,-1.03,0.41,-0.5256430746,105120,-1.22,0.44,-0.516576484,0,,,,2022,water
WL.SSB.05,105120,2022-01-01T00:00:00.000,2022-12-31T23:55:00.000,105120,จุดวัดคลองแสนแสบ ตอนรามคำแหง 9,105120,-1.08,0.39,-0.5292302131,0,,,,0,,,,2022,water
WL.SSB.06,105120,2022-01-01T00:00:00.000,2022-12-31T23:55:00.000,105120,จุดวัดคลองแสนแสบ ช่วงสถานีสูบน้ำคลองเจ้าคุณสิงห์,105120,-0.91,0.55,-0.3865210236,0,,,,0,,,,2022,water
WL.SSB.07,105120,2022-01-01T00:00:00.000,2022-12-31T23:55:00.000,105120,จุดวัดคลองแสนแสบ ตอนสำนักงานเขตบางกะปิ,105120,-0.77,0.66,-0.267241153,0,,,,0,,,,2022,water
WL.SSB.08,105120,2022-01-01T00:00:00.000,2022-12-31T23:55:00.000,105120,จุดวัดคลองแสนแสบ ช่วงซอยเสรีไทย 24,105120,-0.8,0.56,-0.3409754566,0,,,,0,,,,2022,water
WL.SSB.09,105120,2022-01-01T00:00:00.000,2022-12-31T23:55:00.000,105120,ประตูระบายน้ำ คลองแสนแสบ ตอนบางชัน,105120,-0.76,0.62,-0.2532096651,105120,-0.55,0.85,-0.0345681126,0,,,,2022,water
WL.SSB.10,105120,2022-01-01T00:00:00.000,2022-12-31T23:55:00.000,105120,ประตูระบายน้ำ คลองแสนแสบ ตอนถนนประชาร่วมใจ,105120,-0.54,0.79,-0.0442544711,105120,-0.49,1.21,0.2679257991,0,,,,2022,water
WL.SSB.11,105120,2022-01-01T00:00:00.000,2022-12-31T23:55:00.000,105120,จุดวัดคลองแสนแสบ ตอนวัดทรัพย์สโมสรนิกรเกษม,105120,-0.41,1.23,0.2822678843,0,,,,0,,,,2022,water
WL.SSB.12,105120,2022-01-01T00:00:00.000,2022-12-31T23:55:00.000,105120,สถานีสูบน้ำ คลองแสนแสบ หนองจอก,105120,-0.63,1.1,0.1801890221,105120,-0.81,1.53,0.3883332382,0,,,,2022,water
WL.SSG.01,105120,2022-01-01T00:00:00.000,2022-12-31T23:55:00.000,105120,จุดวัดคลองสิบสอง ตอนถนนประชาสำราญ,105120,0.15,1.79,0.8731216705,0,,,,0,,,,2022,water
WL.SSM.01,105120,2022-01-01T00:00:00.000,2022-12-31T23:55:00.000,105120,ประตูระบายน้ำ คลองสิบสาม,105120,-0.42,1.28,0.351932363,105120,0.19,1.75,1.0585062785,0,,,,2022,water
WL.SSN.01,105120,2022-01-01T00:00:00.000,2022-12-31T23:55:00.000,105120,สถานีสูบน้ำ สามเสน,105120,-1.53,0.4,-0.7181156773,105120,-1.12,2.45,0.7044402588,0,,,,2022,water
WL.SSN.02,105120,2022-01-01T00:00:00.000,2022-12-31T23:55:00.000,105120,จุดวัดคลองสามเสน ช่วงถนนพระรามที่ 5,105045,-1.58,0.49,-0.7063182446,0,,,,0,,,,2022,water
WL.SSN.03,105120,2022-01-01T00:00:00.000,2022-12-31T23:55:00.000,105120,จุดวัดคลองสามเสน ตอนถนนพระรามที่ 6,105120,-1.53,0.51,-0.7548886986,0,,,,0,,,,2022,water
WL.SSN.04,105120,2022-01-01T00:00:00.000,2022-12-31T23:55:00.000,105120,จุดวัดคลองสามเสน ช่วงถนนพหลโยธิน,105120,-1.56,0.1,-0.6972106164,0,,,,0,,,,2022,water
WL.SSN.05,105120,2022-01-01T00:00:00.000,2022-12-31T23:55:00.000,105120,จุดวัดคลองสามเสน ตอน รพ.พระมงกุฎเกล้า,105120,-1.22,0.66,-0.698161054,0,,,,0,,,,2022,water
WL.SSN.06,105120,2022-01-01T00:00:00.000,2022-12-31T23:55:00.000,105120,จุดวัดคลองสามเสน ช่วงถนนดินแดง,105120,-1.55,0.32,-0.8845679224,0,,,,0,,,,2022,water
WL.SSN.07,105120,2022-01-01T00:00:00.000,2022-12-31T23:55:00.000,105120,จุดวัดคลองสามเสน ตอนถนนอโศก,105120,-1.64,0.38,-0.7139723174,0,,,,0,,,,2022,water
WL.SSN.08,105120,2022-01-01T00:00:00.000,2022-12-31T23:55:00.000,105120,สถานีสูบน้ำ สามเสน ตอนคลองแสนแสบ,105120,-1.43,0.56,-0.5439204718,105120,-1.12,0.39,-0.5323820396,0,,,,2022,water
WL.SSN.09,105120,2022-01-01T00:00:00.000,2022-12-31T23:55:00.000,105120,จุดวัดคลองสามเสน ช่วงถนนเอกมัย,105120,-1.19,-0.01,-0.6743050799,0,,,,0,,,,2022,water
WL.SSN.10,105120,2022-01-01T00:00:00.000,2022-12-31T23:55:00.000,105120,จุดวัดคลองสามเสน -ตอนคลองชวดใหญ่,25442,-1.08,0.19,-0.3931483374,0,,,,0,,,,2022,water
WL.SST.01,105120,2022-01-01T00:00:00.000,2022-12-31T23:55:00.000,105120,ประตูระบายน้ำ คลองสองสายใต้,105120,-0.1,1.37,0.4020664003,105120,0.01,1.96,0.8252205099,0,,,,2022,water
WL.STN.01,105120,2022-01-01T00:00:00.000,2022-12-31T23:55:00.000,105120,จุดวัดคลองสองต้นนุ่น ตอนถนนรามคำแหง,105120,-0.54,0.72,-0.0935805746,0,,,,0,,,,2022,water
WL.STN.02,105120,2022-01-01T00:00:00.000,2022-12-31T23:55:00.000,105120,"""จุดวัดคลองสองต้นนุ่น ตอนซอยร่มเกล้า 20 """,105120,-0.51,0.67,-0.1213304795,0,,,,0,,,,2022,water
WL.STN.03,105120,2022-01-01T00:00:00.000,2022-12-31T23:55:00.000,105120,จุดวัดคลองสองต้นนุ่น ตอนถนนมอเตอร์เวย์,105120,-0.52,0.73,-0.1237331621,0,,,,0,,,,2022,water
WL.STR.01,105120,2022-01-01T00:00:00.000,2022-12-31T23:55:00.000,105120,สถานีสูบน้ำ คลองสาทร,105120,-1.15,1.31,-0.1950722983,105120,-1.03,1.72,0.4134807839,105120,-0.99,2.26,0.5542001522,2022,water
WL.STR.02,105120,2022-01-01T00:00:00.000,2022-12-31T23:55:00.000,105120,"""จุดวัดคลองสาทร ตอนถนนพระรามที่ 4 """,105120,-1.58,0.64,-0.6896928272,0,,,,0,,,,2022,water
WL.SWA.01,105120,2022-01-01T00:00:00.000,2022-12-31T23:55:00.000,105120,ประตูระบายน้ำ คลองสามวา,105120,-0.45,0.93,0.0418125951,105120,-0.19,1.66,0.5411576294,0,,,,2022,water
WL.SWU.01,105120,2022-01-01T00:00:00.000,2022-12-31T23:55:00.000,105120,จุดวัดคูน้ำ มศว.,105120,-1.65,-0.08,-1.2783296233,0,,,,0,,,,2022,water
WL.TCG.01,105120,2022-01-01T00:00:00.000,2022-12-31T23:55:00.000,105120,"""จุดวัดคลองตาช้าง ตอนถนนศรีนครินทร์ """,105120,-1.65,0.25,-0.9192024353,0,,,,0,,,,2022,water
WL.TNG.01,105120,2022-01-01T00:00:00.000,2022-12-31T23:55:00.000,105120,จุดวัดคลองตาหนัง ตอนถนนลาดพร้าว,105120,-1.16,-0.02,-0.7262873858,0,,,,0,,,,2022,water
WL.TPK.02,105120,2022-01-01T00:00:00.000,2022-12-31T23:55:00.000,105120,จุดวัดคลองตาพุก ตอนถนนลาดกระบัง,105120,-0.38,0.82,-0.0023152588,0,,,,0,,,,2022,water
WL.TPK.03,105120,2022-01-01T00:00:00.000,2022-12-31T23:55:00.000,105120,จุดวัดคลองตาพุก ตอนคลองทับช้างบน,105120,-0.56,0.6,-0.1767980403,0,,,,0,,,,2022,water
WL.TSK.01,105120,2022-01-01T00:00:00.000,2022-12-31T23:55:00.000,105120,จุดวัดคูน้ำต่อศักดิ์ ตอนซอยทองหล่อ 25,105120,-2.01,0.06,-1.7936472603,0,,,,0,,,,2022,water
WL.TTN.01,105120,2022-01-01T00:00:00.000,2022-12-31T23:55:00.000,105120,จุดวัดคลองลาดโตนด ตอน ปตร.คลองลาดโตนด,105120,-1.18,1.16,-0.4717535198,0,,,,0,,,,2022,water
WL.TUT.01,105120,2022-01-01T00:00:00.000,2022-12-31T23:55:00.000,105120,สถานีสูบน้ำ คลองตาอูฐ,105120,-1.54,1.32,-0.5505031393,105120,0.0,1.24,0.3075840944,0,,,,2022,water
WL.TUT.02,105120,2022-01-01T00:00:00.000,2022-12-31T23:55:00.000,105120,จุดวัดคลองตาอูฐ ตอนซอยแจ้งวัฒนะ 14,105120,-1.14,0.76,-0.5599718417,0,,,,0,,,,2022,water
WL.TWW.01,105120,2022-01-01T00:00:00.000,2022-12-31T23:55:00.000,105120,ประตูระบายน้ำ คลองทวีวัฒนา,105120,0.22,0.95,0.5407942352,105120,0.2,1.56,0.7698867009,0,,,,2022,water
WL.TWW.02,105120,2022-01-01T00:00:00.000,2022-12-31T23:55:00.000,105120,จุดวัดคลองทวีวัฒนา ตอนถนนบรมราชชนนี,105120,0.23,0.93,0.5350752473,0,,,,0,,,,2022,water
WL.TWW.03,105120,2022-01-01T00:00:00.000,2022-12-31T23:55:00.000,105120,จุดวัดคลองทวีวัฒนา ตอนถนนเพชรเกษม,105120,0.16,0.91,0.423451484,0,,,,0,,,,2022,water
WL.TWW.04,105120,2022-01-01T00:00:00.000,2022-12-31T23:55:00.000,105120,จุดวัดคลองทวีวัฒนา ตอนคลองบางเชือกหนัง,105120,0.21,0.93,0.4970955099,0,,,,0,,,,2022,water
WL.TWW.05,105120,2022-01-01T00:00:00.000,2022-12-31T23:55:00.000,105120,จุดวัดคลองทวีวัฒนา ตอนคลองภาษีเจริญ,86350,-0.03,0.78,0.3536979734,0,,,,0,,,,2022,water
WL.VPV.01,105120,2022-01-01T00:00:00.000,2022-12-31T23:55:00.000,105120,สถานีสูบน้ำ รัชดา-วิภาวดี,105120,-3.25,-0.5,-1.8999644216,0,,,,0,,,,2022,water
WL.WKT.01,105120,2022-01-01T00:00:00.000,2022-12-31T23:55:00.000,105120,จุดวัดคลองวัดไก่เตี้ย ตอนสถานีสูบน้ำคลองวัดไก่เตี้ย,105120,-0.53,0.98,0.2914998097,0,,,,0,,,,2022,water
WL.WLS.01,105120,2022-01-01T00:00:00.000,2022-12-31T23:55:00.000,105120,จุดวัดคลองวัดหลักสี่ ตอนถนนวิภาวดีรังสิต,69421,-0.4,1.32,0.1955376615,0,,,,0,,,,2022,water
WL.WSI.01,105120,2022-01-01T00:00:00.000,2022-12-31T23:55:00.000,105120,สถานีสูบน้ำ คลองวัดไทร,105120,-2.82,1.67,-0.7480839992,105120,-0.88,1.96,0.5318945967,0,,,,2022,water
WL.WTK.01,105120,2022-01-01T00:00:00.000,2022-12-31T23:55:00.000,105120,จุดวัดคลองวัดตึก ตอนถนนลาดพร้าว,105120,-1.01,0.59,-0.5368488394,0,,,,0,,,,2022,water
WL.WTN.02,105120,2022-01-01T00:00:00.000,2022-12-31T23:55:00.000,105120,จุดวัดคูน้ำวัฒนา ตอนโรงเรียนวัฒนาวิทยาลัย,105120,-1.47,0.27,-0.880632325,0,,,,0,,,,2022,water
WL.YPE.01,105120,2022-01-01T00:00:00.000,2022-12-31T23:55:00.000,105120,จุดคลองยายเพียร ตอนถนนเพชรเกษม,105120,-0.09,0.7,0.3341895928,0,,,,0,,,,2022,water
WL.YPN.01,105120,2022-01-01T00:00:00.000,2022-12-31T23:55:00.000,105120,จุดวัดคลองยายเผื่อน ตอนแฮปปี้แลนด์,105120,-1.0,0.33,-0.5428148782,0,,,,0,,,,2022,water
WL.YPN.02,105120,2022-01-01T00:00:00.000,2022-12-31T23:55:00.000,105120,จุดวัดคลองยายเผื่อน ตอนถนนลาดพร้าว,105120,-1.84,0.08,-0.7303976408,0,,,,0,,,,2022,water
WL.YSN.02,105120,2022-01-01T00:00:00.000,2022-12-31T23:55:00.000,105120,"""จุดวัดคลองยายสุ่น ตอนถนนรัชดาภิเษก """,105120,-1.77,0.31,-0.8652191781,0,,,,0,,,,2022,water
WL.ANX.01,105120,2023-01-01T00:00:00.000,2023-12-31T23:55:00.000,105120,คูน้ำแอนเนกซ์ (บ่อสูบน้ำพหลโยธิน 58),30110,-0.89,0.74,0.1390983062,0,,,,0,,,,2023,water
WL.BBN.01,105120,2023-01-01T00:00:00.000,2023-12-31T23:55:00.000,105120,จุดวัดคลองบางบอน ตอนถนนบางขุนเทียน,105120,-0.3,0.5,0.1009130518,0,,,,0,,,,2023,water
WL.BBN.02,105120,2023-01-01T00:00:00.000,2023-12-31T23:55:00.000,105120,จุดวัดคลองบางบอน ตอนถนนกาญจนาภิเษก,105120,-0.23,0.46,0.0418239155,0,,,,0,,,,2023,water
WL.BBN.03,105120,2023-01-01T00:00:00.000,2023-12-31T23:55:00.000,105120,จุดวัดคลองบางบอน ตอนคลองสะแกงาม,105120,-0.28,0.59,0.0332049087,0,,,,0,,,,2023,water
WL.BBR.01,105120,2023-01-01T00:00:00.000,2023-12-31T23:55:00.000,105120,จุดวัดคลองบางบำหรุ ตอนถนนบรมราชชนนี,105120,-1.03,0.73,0.0716177702,0,,,,0,,,,2023,water
WL.BBR.02,105120,2023-01-01T00:00:00.000,2023-12-31T23:55:00.000,105120,จุดวัดคลองบางบำหรุ ตอนถนนสิรินธร,105120,-0.81,0.82,0.078497812,0,,,,0,,,,2023,water
WL.BBU.01,105120,2023-01-01T00:00:00.000,2023-12-31T23:55:00.000,105120,จุดวัดคลองบางบัว,105120,-0.33,0.72,-0.0622284056,0,,,,0,,,,2023,water
WL.BCN.01,105120,2023-01-01T00:00:00.000,2023-12-31T23:55:00.000,105120,จุดวัดคลองบางเชือกหนัง ตอนถนนกาญจนาภิเษก,105120,-0.03,0.99,0.4169326484,0,,,,0,,,,2023,water
WL.BCN.02,105120,2023-01-01T00:00:00.000,2023-12-31T23:55:00.000,105120,จุดวัดคลองบางเชือกหนัง ตอนถนนพุทธมณฑลสาย 1,105120,-0.26,0.75,0.2113013699,0,,,,0,,,,2023,water
WL.BCN.03,105120,2023-01-01T00:00:00.000,2023-12-31T23:55:00.000,105120,จุดวัดคลองบางเชือกหนัง ตอนถนนพุทธมณฑลสาย 2,105120,0.05,1.01,0.4659492009,0,,,,0,,,,2023,water
WL.BJK.01,105120,2023-01-01T00:00:00.000,2023-12-31T23:55:00.000,105120,สถานีสูบน้ำ บางจาก,105120,-1.47,0.01,-0.8596974886,105120,-1.3,2.04,0.3884979072,0,,,,2023,water
WL.BJK.02,105120,2023-01-01T00:00:00.000,2023-12-31T23:55:00.000,105120,"""จุดวัดคลองบางจาก ตอนซอยเพชรเกษม 68 """,105120,-0.14,0.85,0.2774187595,0,,,,0,,,,2023,water
WL.BJK.03,105120,2023-01-01T00:00:00.000,2023-12-31T23:55:00.000,105120,จุดวัดคลองบางจาก ตอนคลองบางหว้า,105120,0.04,0.63,0.2886689498,0,,,,0,,,,2023,water
WL.BJK.04,105120,2023-01-01T00:00:00.000,2023-12-31T23:55:00.000,105120,"""จุดวัดคลองบางจาก ตอนถนนพุทธมณฑลสาย 2 """,105120,-0.08,1.02,0.3227421043,0,,,,0,,,,2023,water
WL.BKA.01,105120,2023-01-01T00:00:00.000,2023-12-31T23:55:00.000,105120,สถานีสูบน้ำ คลองบางเขนใหม่,105119,-1.92,0.69,-0.5158584081,105119,-0.75,1.93,0.4878903909,0,,,,2023,water
WL.BKA.02,105120,2023-01-01T00:00:00.000,2023-12-31T23:55:00.000,105120,จุดวัดคลองบางเขน ช่วงถนนกรุงเทพ-นนทบุรี,105120,-1.0,0.84,-0.1415609779,0,,,,0,,,,2023,water
WL.BKA.03,105120,2023-01-01T00:00:00.000,2023-12-31T23:55:00.000,105120,จุดวัดคลองบางเขน ช่วงถนนประชาชื่น,105120,-0.79,0.81,-0.1626961568,0,,,,0,,,,2023,water
WL.BKA.04,105120,2023-01-01T00:00:00.000,2023-12-31T23:55:00.000,105120,จุดวัดคลองบางเขน ช่วงถนนวิภาวดีรังสิต,105120,-1.58,0.86,-0.3258228691,0,,,,0,,,,2023,water
WL.BKB.01,105120,2023-01-01T00:00:00.000,2023-12-31T23:55:00.000,105120,จุดวัดคลองบางกระบือ ตอนถนนสามเสน,105120,-1.05,0.74,-0.3971701865,0,,,,0,,,,2023,water
WL.BKG.01,105120,2023-01-01T00:00:00.000,2023-12-31T23:55:00.000,105120,ประตูระบายน้ำ คลองบึงขวาง,105120,-0.75,0.46,-0.2276297565,105120,-0.5,0.78,-0.0123483638,0,,,,2023,water
WL.BKL.01,105120,2023-01-01T00:00:00.000,2023-12-31T23:55:00.000,105120,จุดวัดคลองบางโคลัด ตอนถนนบางบอน 1,105120,-0.17,0.64,0.1957840563,0,,,,0,,,,2023,water
WL.BKY.01,105120,2023-01-01T00:00:00.000,2023-12-31T23:55:00.000,105120,สถานีสูบน้ำ คลองบางกอกใหญ่,105120,-1.52,0.97,0.1427489536,105120,-1.36,1.96,0.4636196728,0,,,,2023,water
WL.BKY.02,105120,2023-01-01T00:00:00.000,2023-12-31T23:55:00.000,105120,จุดวัดคลองบางเชือกหนัง ตอนวัดปากน้ำฝั่งใต้,105120,-0.57,0.71,0.1625151256,0,,,,0,,,,2023,water
WL.BLP.02,105120,2023-01-01T00:00:00.000,2023-12-31T23:55:00.000,105120,จุดวัดคลองบางลำพู ตอนสะพานผ่านฟ้า,105120,-1.19,0.4,-0.4927641743,0,,,,0,,,,2023,water
WL.BLY.01,105120,2023-01-01T00:00:00.000,2023-12-31T23:55:00.000,105120,จุดวัดคลองบ้านหลาย ตอนถนนสุขุมวิท 77,105120,-1.49,0.01,-0.6679310312,0,,,,0,,,,2023,water
WL.BMK.01,105120,2023-01-01T00:00:00.000,2023-12-31T23:55:00.000,105120,จุดวัดคลองบางมะเขือ ตอนถนนสุขุมวิท 71,100352,-1.89,0.09,-1.0919473453,0,,,,0,,,,2023,water
WL.BNA.01,105120,2023-01-01T00:00:00.000,2023-12-31T23:55:00.000,105120,สถานีสูบน้ำ บางนา,105120,-1.43,0.72,-0.7211885464,105120,-1.54,2.03,0.4095899924,0,,,,2023,water
WL.BNA.02,105120,2023-01-01T00:00:00.000,2023-12-31T23:55:00.000,105120,จุดวัดคลองบางนา ตอนถนนสุขุมวิท,105120,-1.51,0.58,-0.8137417237,0,,,,0,,,,2023,water
WL.BNA.03,105120,2023-01-01T00:00:00.000,2023-12-31T23:55:00.000,105120,จุดวัดคลองบางนา ตอนถนนศรีนครินทร์,105120,-1.1,0.54,-0.6390709665,0,,,,0,,,,2023,water
WL.BNA.04,105120,2023-01-01T00:00:00.000,2023-12-31T23:55:00.000,105120,จุดวัดคลองบางนา ตอนซอยบางนา-ตราด 56,105120,-1.0,0.55,-0.5698355213,0,,,,0,,,,2023,water
WL.BNJ.01,105120,2023-01-01T00:00:00.000,2023-12-31T23:55:00.000,105120,จุดวัดคลองบางนางจีน ตอนสถานีสูบน้ำบางนางจีน,105120,-1.28,-0.04,-0.8539701294,0,,,,0,,,,2023,water
WL.BNJ.02,105120,2023-01-01T00:00:00.000,2023-12-31T23:55:00.000,105120,จุดวัดคลองบางนางจีน ตอนซอยสุขุมวิท 66/1,105120,-3.0,-0.03,-1.2988893645,0,,,,0,,,,2023,water
WL.BNJ.03,105120,2023-01-01T00:00:00.000,2023-12-31T23:55:00.000,105120,จุดวัดคลองบางนางจีน ตอนซอยสุขุมวิท 93,105120,-1.22,0.01,-0.8138161149,0,,,,0,,,,2023,water
WL.BNJ.04,105120,2023-01-01T00:00:00.000,2023-12-31T23:55:00.000,105120,จุดวัดคลองบางนางจีน ตอนถนนสุขุมวิท 101/1,105120,-1.78,0.14,-1.0286006469,0,,,,0,,,,2023,water
WL.BOA.01,105120,2023-01-01T00:00:00.000,2023-12-31T23:55:00.000,105120,สถานีสูบน้ำ บางอ้อ,105120,-1.57,0.26,-0.8506082572,105120,-1.07,2.01,0.4752756849,0,,,,2023,water
WL.BOA.02,105120,2023-01-01T00:00:00.000,2023-12-31T23:55:00.000,105120,จุดวัดคลองบางอ้อ ตอนซอยสุขุมวิท 64,105120,-1.46,0.11,-0.8778721461,0,,,,0,,,,2023,water
WL.BOA.03,105120,2023-01-01T00:00:00.000,2023-12-31T23:55:00.000,105120,จุดวัดคลองบางอ้อใหญ่ ตอนซอยสุขุมวิท 66/1,72422,-1.39,0.19,-0.8233672089,0,,,,0,,,,2023,water
WL.BON.01,105120,2023-01-01T00:00:00.000,2023-12-31T23:55:00.000,105120,จุดวัดคลองบางอ้อน้อย ตอนซอยสุขุมวิท 64,73791,-1.49,0.24,-0.8206544159,0,,,,0,,,,2023,water
WL.BPA.01,105120,2023-01-01T00:00:00.000,2023-12-31T23:55:00.000,105120,จุดวัดคลองบ้านป่า ตอนถนนพัฒนาการ,105120,-0.96,0.7,-0.4398864155,0,,,,0,,,,2023,water
WL.BPM.01,105120,2023-01-01T00:00:00.000,2023-12-31T23:55:00.000,105120,จุดวัดคลองบางพรม ตอนคลองชักพระ,105120,-0.48,0.94,0.34435664,0,,,,0,,,,2023,water
WL.BPM.02,105120,2023-01-01T00:00:00.000,2023-12-31T23:55:00.000,105120,จุดวัดคลองบางพรม ตอนถนนฉิมพลี,105120,-0.11,0.97,0.3799958143,0,,,,0,,,,2023,water
WL.BPM.03,105120,2023-01-01T00:00:00.000,2023-12-31T23:55:00.000,105120,จุดวัดคลองบางพรม ตอนถนนกาญจนาภิเษก,105120,-0.02,1.02,0.4314376903,0,,,,0,,,,2023,water
WL.BPM.04,105120,2023-01-01T00:00:00.000,2023-12-31T23:55:00.000,105120,จุดวัดคลองบางพรม ตอนถนนพุทธมณฑลสาย 3,105120,-0.09,0.88,0.3294605213,0,,,,0,,,,2023,water
WL.BPN.01,105120,2023-01-01T00:00:00.000,2023-12-31T23:55:00.000,105120,จุดวัดคลองบางพราน ตอนถนนบางบอน 1,105120,-0.43,0.39,-0.0497246956,0,,,,0,,,,2023,water
WL.BPN.02,105120,2023-01-01T00:00:00.000,2023-12-31T23:55:00.000,105120,จุดวัดคลองบางพราน ตอนถนนบางบอน 2,105120,-0.11,0.59,0.1615508942,0,,,,0,,,,2023,water
WL.BPU.01,105120,2023-01-01T00:00:00.000,2023-12-31T23:55:00.000,105120,จุดวัดสถานตากอากาศบางปู,105120,-0.4,2.07,0.5269553843,0,,,,0,,,,2023,water
WL.BSK.01,105120,2023-01-01T00:00:00.000,2023-12-31T23:55:00.000,105120,สถานีสูบน้ำ คลองบางไส้ไก่,105120,-1.42,0.67,0.0418252473,105120,-1.22,1.95,0.3989711758,0,,,,2023,water
WL.BSU.01,105120,2023-01-01T00:00:00.000,2023-12-31T23:55:00.000,105120,สถานีสูบน้ำ คลองบางซื่อ,105120,-1.7,0.82,-0.5896645738,105120,-1.26,1.99,0.5121466895,0,,,,2023,water
WL.BSU.02,105120,2023-01-01T00:00:00.000,2023-12-31T23:55:00.000,105120,จุดวัดคลองบางซื่อ ช่วงถนนพระรามที่ 5,105120,-1.24,0.14,-0.5231708524,0,,,,0,,,,2023,water
WL.BSU.03,105120,2023-01-01T00:00:00.000,2023-12-31T23:55:00.000,105120,จุดวัดคลองบางซื่อ ตอนถนนพระรามที่ 6,105120,-1.55,0.53,-0.6787987062,0,,,,0,,,,2023,water
WL.BSU.04,105120,2023-01-01T00:00:00.000,2023-12-31T23:55:00.000,105120,จุดวัดคลองบางซื่อ ช่วงถนนพหลโยธิน,105120,-1.5,0.53,-0.6175370053,0,,,,0,,,,2023,water
WL.BSU.05,105120,2023-01-01T00:00:00.000,2023-12-31T23:55:00.000,105120,จุดวัดคลองบางซื่อ ช่วงถนนวิภาวดีรังสิต,105120,-1.54,0.76,-0.5119841134,0,,,,0,,,,2023,water
WL.BSU.06,105120,2023-01-01T00:00:00.000,2023-12-31T23:55:00.000,105120,จุดวัดคลองบางซื่อ ช่วงถนนรัชดาภิเษก (เจ้าพระยาปาร์ค),105120,-1.69,0.39,-0.6620347222,0,,,,0,,,,2023,water
WL.BSU.07,105120,2023-01-01T00:00:00.000,2023-12-31T23:55:00.000,105120,จุดวัดคลองบางซื่อ - ตอนถนนลาดพร้าว,105120,-1.0,0.91,-0.512349981,0,,,,0,,,,2023,water
WL.BTL.01,105120,2023-01-01T00:00:00.000,2023-12-31T23:55:00.000,105120,จุดวัดคลองบางตลาด ตอนท่าทราย,105120,-0.37,1.23,0.1344843988,0,,,,0,,,,2023,water
WL.BTY.01,105120,2023-01-01T00:00:00.000,2023-12-31T23:55:00.000,105120,จุดวัดคลองบางเตย ตอนถนนนวมินทร์ 66/3,105120,-0.78,0.39,-0.3751108257,0,,,,0,,,,2023,water
WL.BWK.01,105120,2023-01-01T00:00:00.000,2023-12-31T23:55:00.000,105120,จุดวัดคลองบางแวก ตอนคลองบางกอกใหญ่,105120,-0.17,1.05,0.4879678463,0,,,,0,,,,2023,water
WL.BWK.02,105120,2023-01-01T00:00:00.000,2023-12-31T23:55:00.000,105120,จุดวัดคลองบางแวก ตอนถนนพุทธมณฑลสาย 1,105120,0.01,1.0,0.4480068493,0,,,,0,,,,2023,water
WL.BWK.03,105120,2023-01-01T00:00:00.000,2023-12-31T23:55:00.000,105120,จุดวัดคลองบางแวก ตอนคลองทวีวัฒนา,105120,0.2,0.88,0.4777499049,0,,,,0,,,,2023,water
WL.BYI.01,105120,2023-01-01T00:00:00.000,2023-12-31T23:55:00.000,105120,จุดวัดคลองบึงใหญ่ ตอนวัดทองสัมฤทธิ์,105120,-0.78,0.85,-0.0588857496,0,,,,0,,,,2023,water
WL.BYK.01,105120,2023-01-01T00:00:00.000,2023-12-31T23:55:00.000,105120,จุดวัดคลองบางยี่ขัน ตอนถนนจรัญสนิทวงศ์,105120,-0.75,0.88,0.1465116058,0,,,,0,,,,2023,water
WL.BYK.02,105120,2023-01-01T00:00:00.000,2023-12-31T23:55:00.000,105120,จุดวัดคลองบางยี่ขัน ตอนสถานีสูบน้ำคลองบางยี่ขัน,105120,-1.29,0.78,0.0747896689,0,,,,0,,,,2023,water
WL.CBJ.01,105120,2023-01-01T00:00:00.000,2023-12-31T23:55:00.000,105120,จุดวัดคลองชวดบางจาก ตอนถนนประชาอุทิศ,105120,-1.02,0.5,-0.6368120244,0,,,,0,,,,2023,water
WL.CKS.01,105120,2023-01-01T00:00:00.000,2023-12-31T23:55:00.000,105120,สถานีสูบน้ำ คลองเจ้าคุณสิงห์,105120,-1.49,0.24,-0.9340843798,0,,,,0,,,,2023,water
WL.CKS.02,105120,2023-01-01T00:00:00.000,2023-12-31T23:55:00.000,105120,จุดวัดคลองเจ้าคุณสิงห์ ตอนถนนลาดพร้าว,105120,-1.32,0.44,-0.8644939117,0,,,,0,,,,2023,water
WL.CNS.01,105120,2023-01-01T00:00:00.000,2023-12-31T23:55:00.000,105120,สถานีสูบน้ำ คลองช่องนนทรี,105120,-2.59,0.29,-0.8774050609,105120,-1.61,1.99,0.3676811263,0,,,,2023,water
WL.CNS.02,105120,2023-01-01T00:00:00.000,2023-12-31T23:55:00.000,105120,จุดวัดคลองช่องนนทรี ตอนถนนนราธิวาสราชนครินทร์,19827,-1.85,0.09,-0.6560689968,0,,,,0,,,,2023,water
WL.CNS.03,105120,2023-01-01T00:00:00.000,2023-12-31T23:55:00.000,105120,จุดวัดคลองช่องนนทรี ตอนถนนจันทน์,105120,-1.18,0.46,-0.4969977169,0,,,,0,,,,2023,water
WL.CNS.04,105120,2023-01-01T00:00:00.000,2023-12-31T23:55:00.000,105120,จุดวัดคลองช่องนนทรี ตอนถนนสาทรใต้,0,,,,0,,,,0,,,,2023,water
WL.CPA.01,105120,2023-01-01T00:00:00.000,2023-12-31T23:55:00.000,105120,สถานีสูบน้ำ คลองชักพระ,105120,-2.23,1.52,0.2134012557,105120,-1.28,1.8,0.5367378234,0,,,,2023,water
WL.CTC.01,105120,2023-01-01T00:00:00.000,2023-12-31T23:55:00.000,105120,จุดวัดคลองชวดตาเชียง ตอนสถานีสูบน้ำคลองชวดตาเชียง,0,,,,0,,,,0,,,,2023,water
WL.CYI.01,105120,2023-01-01T00:00:00.000,2023-12-31T23:55:00.000,105120,จุดวัดคลองชวดใหญ่ ตอนถนนพระราม 9 ซอย 13,105120,-1.43,0.18,-0.5980702055,0,,,,0,,,,2023,water
WL.CYI.02,105120,2023-01-01T00:00:00.000,2023-12-31T23:55:00.000,105120,จุดวัดคลองชวดใหญ่ ตอนถนนพระราม 9,105120,-1.31,0.12,-0.6491768455,0,,,,0,,,,2023,water
WL.CYI.03,105120,2023-01-01T00:00:00.000,2023-12-31T23:55:00.000,105120,จุดวัดคลองชวดใหญ่-ตอนคลองลาดพร้าว,105120,-1.31,0.12,-0.6114282725,0,,,,0,,,,2023,water
WL.DKN.01,105120,2023-01-01T00:00:00.000,2023-12-31T23:55:00.000,105120,สถานีสูบน้ำ ดาวคะนอง,105120,-1.23,0.79,-0.0586899734,105120,-1.57,1.97,0.3960909437,0,,,,2023,water
WL.FTM.01,105120,2023-01-01T00:00:00.000,2023-12-31T23:55:00.000,105120,จุดวัดคลองโบสถ์แม่พระ ตอนถนนดินแดง,105120,-1.43,0.12,-0.5037997527,0,,,,0,,,,2023,water
WL.HKG.01,105120,2023-01-01T00:00:00.000,2023-12-31T23:55:00.000,105120,จุดวัดคลองห้วยขวาง ตอนถนนประชาสงเคราะห์,105120,-1.16,0.38,-0.6625703006,0,,,,0,,,,2023,water
WL.HKG.02,105120,2023-01-01T00:00:00.000,2023-12-31T23:55:00.000,105120,จุดวัดคลองห้วยขวาง ตอนถนนเทียมร่วมมิตร,105120,-1.27,0.35,-0.6055898021,0,,,,0,,,,2023,water
WL.HMK.01,105120,2023-01-01T00:00:00.000,2023-12-31T23:55:00.000,105120,จุดวัดคลองหัวหมาก ตอนถนนศรีนครินทร์,105120,-0.81,0.25,-0.484752949,0,,,,0,,,,2023,water
WL.IDE.01,105120,2023-01-01T00:00:00.000,2023-12-31T23:55:00.000,105120,จุดวัดบ่อสูบน้ำอินโดนีเซีย,32422,-0.96,0.27,-0.3043794337,0,,,,0,,,,2023,water
WL.JKK.01,105120,2023-01-01T00:00:00.000,2023-12-31T23:55:00.000,105120,จุดวัดคลองจระเข้ขบ ตอนถนนสุขาภิบาล 2 ซอย 2,66566,-0.65,0.39,-0.2747905838,0,,,,0,,,,2023,water
WL.JRN.01,105120,2023-01-01T00:00:00.000,2023-12-31T23:55:00.000,105120,สถานีสูบน้ำ คลองแจงร้อน,105120,-1.86,1.09,-0.0824027778,105120,-1.57,1.98,0.3987402017,0,,,,2023,water
WL.KBU.01,105120,2023-01-01T00:00:00.000,2023-12-31T23:55:00.000,105120,ประตูระบายน้ำ คลองบัว ตอนทางรถไฟสายใต้,105120,-2.0,1.15,0.3605041857,105120,-0.89,1.7,0.6144792618,0,,,,2023,water
WL.KBU.02,105120,2023-01-01T00:00:00.000,2023-12-31T23:55:00.000,105120,จุดวัดคลองบัว ตอนถนนพุทธมณฑลสาย 1,105120,-0.22,1.06,0.3218691971,0,,,,0,,,,2023,water
WL.KCD.01,105120,2023-01-01T00:00:00.000,2023-12-31T23:55:00.000,105120,จุดวัดคลองกระเฉด (โรงควบคุมคุณภาพน้ำรามอินทรา),19438,-1.83,-1.05,-1.5015593168,0,,,,0,,,,2023,water
WL.KDN.01,105120,2023-01-01T00:00:00.000,2023-12-31T23:55:00.000,105120,ประตูระบายน้ำ คลองวัดด่าน,105120,-0.63,0.63,-0.0161994863,105120,-1.2,1.99,0.4140473744,0,,,,2023,water
WL.KJA.01,105120,2023-01-01T00:00:00.000,2023-12-31T23:55:00.000,105120,จุดวัดคลองกะจะ ตอนถนนพระราม 9,105120,-1.36,0.04,-0.8599764079,0,,,,0,,,,2023,water
WL.KJA.02,105120,2023-01-01T00:00:00.000,2023-12-31T23:55:00.000,105120,จุดวัดคลองกะจะ ตอนถนนพระราม 9 ซอย 57,105120,-1.31,-0.04,-0.8023118341,0,,,,0,,,,2023,water
WL.KJG.01,105120,2023-01-01T00:00:00.000,2023-12-31T23:55:00.000,105120,จุดวัดคลองจิก ตอนถนนหัวหมาก,105120,-1.24,0.01,-0.7188672945,0,,,,0,,,,2023,water
WL.KJK.01,105120,2023-01-01T00:00:00.000,2023-12-31T23:55:00.000,105120,สถานีสูบน้ำ คลองเจ็ก,105120,-1.32,0.31,-0.854983067,105120,-1.37,2.0,0.3510784817,0,,,,2023,water
WL.KJK.02,105120,2023-01-01T00:00:00.000,2023-12-31T23:55:00.000,105120,จุดวัดคลองเจ็ก ตอนถนนสุขุมวิท 60/1,105120,-1.43,0.43,-0.8424688927,0,,,,0,,,,2023,water
WL.KJN.01,105120,2023-01-01T00:00:00.000,2023-12-31T23:55:00.000,105120,จุดวัดคลองจั่น ตอนถนนลาดพร้าว,105120,-0.98,0.44,-0.4717034817,0,,,,0,,,,2023,water
WL.KJN.02,105120,2023-01-01T00:00:00.000,2023-12-31T23:55:00.000,105120,จุดวัดคลองจั่น ตอนถนนโยธินพัฒนา,105120,-0.85,0.71,-0.4349981925,0,,,,0,,,,2023,water
WL.KJT.01,105120,2023-01-01T00:00:00.000,2023-12-31T23:55:00.000,105120,"""จุดวัดคลองจิต ตอนซอยลาดพร้าว 122 """,105120,-1.38,0.12,-1.145377188,0,,,,0,,,,2023,water
WL.KJU.01,105120,2023-01-01T00:00:00.000,2023-12-31T23:55:00.000,105120,จุดวัดคลองขุนจันทร์ ตอนถนนฉิมพลี,105120,-0.87,1.14,-0.477396309,0,,,,0,,,,2023,water
WL.KKD.01,105120,2023-01-01T00:00:00.000,2023-12-31T23:55:00.000,105120,จุดวัดคลองเคล็ด ตอนถนนสุขุมวิท 77,105120,-1.54,0.04,-0.5834299848,0,,,,0,,,,2023,water
WL.KKD.02,105120,2023-01-01T00:00:00.000,2023-12-31T23:55:00.000,105120,จุดวัดคลองเคล็ด ตอนถนนสุภาพงษ์ 1,105120,-1.27,0.07,-0.6111186263,0,,,,0,,,,2023,water
WL.KKD.03,105120,2023-01-01T00:00:00.000,2023-12-31T23:55:00.000,105120,จุดวัดคลองเคล็ด ตอนถนนศรีนครินทร์,105120,-0.69,0.39,-0.4214330289,0,,,,0,,,,2023,water
WL.KKO.01,105120,2023-01-01T00:00:00.000,2023-12-31T23:55:00.000,105120,จุดวัดคลองเก้า ตอนวัดศรีสุขสถาพร,105120,-0.17,1.29,0.3990424277,0,,,,0,,,,2023,water
WL.KKS.01,105120,2023-01-01T00:00:00.000,2023-12-31T23:55:00.000,105120,สถานีสูบน้ำ เทเวศร์,105120,-1.27,0.11,-0.4945691591,105120,-1.26,1.81,0.3846494482,0,,,,2023,water
WL.KKS.02,105120,2023-01-01T00:00:00.000,2023-12-31T23:55:00.000,105120,จุดวัดคลองผดุงกรุงเกษม ตอนทำเนียบรัฐบาล,105120,-1.13,0.42,-0.4449319825,0,,,,0,,,,2023,water
WL.KKS.03,105120,2023-01-01T00:00:00.000,2023-12-31T23:55:00.000,105120,จุดวัดคลองผดุงกรุงเกษม ตอนหัวลำโพง,105120,-1.23,0.36,-0.5077452435,0,,,,0,,,,2023,water
WL.KKS.04,105120,2023-01-01T00:00:00.000,2023-12-31T23:55:00.000,105120,สถานีสูบน้ำ กรุงเกษม,105120,-1.51,0.38,-0.4871824581,105120,-1.2,1.9,0.406465468,0,,,,2023,water
WL.KKY.01,105120,2023-01-01T00:00:00.000,2023-12-31T23:55:00.000,105120,จุดวัดคลองควาย ตอนถนนศาลาธรรมสพน์,105120,0.03,1.16,0.4781460236,0,,,,0,,,,2023,water
WL.KKY.02,105120,2023-01-01T00:00:00.000,2023-12-31T23:55:00.000,105120,จุดวัดคลองควาย ตอนถนนบรมราชชนนี,105120,0.02,1.12,0.4358582572,0,,,,0,,,,2023,water
WL.KLA.01,105120,2023-01-01T00:00:00.000,2023-12-31T23:55:00.000,105120,จุดวัดคลองลาว ตอนถนนพัฒนาการ,105120,-0.81,0.41,-0.4765055175,0,,,,0,,,,2023,water
WL.KLD.01,105120,2023-01-01T00:00:00.000,2023-12-31T23:55:00.000,105120,จุดวัดคลองหลอด ตอนสถานีสูบน้ำปากคลองตลาด,105120,-0.59,0.7,0.069925704,0,,,,0,,,,2023,water
WL.KLD.02,105120,2023-01-01T00:00:00.000,2023-12-31T23:55:00.000,105120,จุดวัดคลองหลอด ตอนถนนราชดำเนินใน,105120,-0.66,0.72,0.0903283866,0,,,,0,,,,2023,water
WL.KLT.01,105120,2023-01-01T00:00:00.000,2023-12-31T23:55:00.000,105120,จุดวัดคลองตัน ช่วงใต้ทางด่วน,88944,-1.17,0.01,-0.6285315479,0,,,,0,,,,2023,water
WL.KMN.01,105120,2023-01-01T00:00:00.000,2023-12-31T23:55:00.000,105120,สถานีสูบน้ำ คลองมอญ,105120,-1.08,0.86,0.1406804604,105120,-1.09,1.95,0.4760019977,0,,,,2023,water
WL.KNB.01,105120,2023-01-01T00:00:00.000,2023-12-31T23:55:00.000,105120,จุดวัดคลองหนองบอน ตอนอ่อนนุช 66 ซอย 13,105120,-0.92,-0.07,-0.5331874049,0,,,,0,,,,2023,water
WL.KNB.02,105120,2023-01-01T00:00:00.000,2023-12-31T23:55:00.000,105120,จุดวัดคลองหนองบอน ตอนถนนเฉลิมพระเกียรติรัชกาลที่ 9,105120,-0.71,0.3,-0.4146567732,0,,,,0,,,,2023,water
WL.KPG.01,105120,2023-01-01T00:00:00.000,2023-12-31T23:55:00.000,105120,จุดวัดคลองเป้ง ตอนซอยเอกมัย 23,105120,-1.88,-0.15,-1.161332382,0,,,,0,,,,2023,water
WL.KPM.01,105120,2023-01-01T00:00:00.000,2023-12-31T23:55:00.000,105120,จุดวัดคลองเปรมประชากร ช่วงสถานีน้ำอุโมงค์คลองเปรมประชากร,105120,-1.0,0.3,-0.4178776636,0,,,,0,,,,2023,water
WL.KPM.02,105120,2023-01-01T00:00:00.000,2023-12-31T23:55:00.000,105120,จุดวัดคลองเปรมประชากร ตอนถนนรัชดาภิเษก,104248,-0.9,0.68,-0.3567598419,0,,,,0,,,,2023,water
WL.KPM.03,105120,2023-01-01T00:00:00.000,2023-12-31T23:55:00.000,105120,จุดวัดคลองเปรมประชากร ช่วงวัดเทวสุนทร,105120,-0.66,0.83,-0.2164980974,0,,,,0,,,,2023,water
WL.KPM.04,105120,2023-01-01T00:00:00.000,2023-12-31T23:55:00.000,105120,คลองเปรมประชากร ตอนคลองบางตลาด*,105120,-0.29,0.96,0.0890710616,0,,,,0,,,,2023,water
WL.KPM.05,105120,2023-01-01T00:00:00.000,2023-12-31T23:55:00.000,105120,จุดวัดคลองเปรมประชากร ตอนถนนสรงประภา,105120,0.1,0.97,0.3603942161,0,,,,0,,,,2023,water
WL.KPM.06,105120,2023-01-01T00:00:00.000,2023-12-31T23:55:00.000,105120,จุดวัดคลองเปรมประชากร ตอนคลองบ้านใหม่,105120,0.15,1.0,0.3836922565,0,,,,0,,,,2023,water
WL.KSG.01,105120,2023-01-01T00:00:00.000,2023-12-31T23:55:00.000,105120,จุดวัดคลองสอง ตอนถนนพหลโยธิน,105120,-0.15,0.95,0.2037671233,0,,,,0,,,,2023,water
WL.KSI.01,105120,2023-01-01T00:00:00.000,2023-12-31T23:55:00.000,105120,จุดวัดคลองสี่ ตอนถนนสุวินทวงศ์,105120,-0.63,0.88,0.0265464231,0,,,,0,,,,2023,water
WL.KSI.02,105120,2023-01-01T00:00:00.000,2023-12-31T23:55:00.000,105120,จุดวัดคลองสี่ ตอนถนนเจ้าคุณทหาร,105120,-0.75,0.57,-0.1075665906,0,,,,0,,,,2023,water
WL.KSK.01,105120,2023-01-01T00:00:00.000,2023-12-31T23:55:00.000,105120,"""จุดวัดคลองขุนสกล ตอนซอยศรีนครินทร์ 36 """,105120,-1.5,-0.01,-0.6670298706,0,,,,0,,,,2023,water
WL.KSM.01,105120,2023-01-01T00:00:00.000,2023-12-31T23:55:00.000,105120,จุดวัดคลองสาม ตอนร่มเกล้า 17,105120,-0.83,0.55,-0.2019732686,0,,,,0,,,,2023,water
WL.KSM.02,105120,2023-01-01T00:00:00.000,2023-12-31T23:55:00.000,105120,จุดวัดคลองสาม ตอนมอเตอร์เวย์,105120,-0.69,0.57,-0.0793232496,0,,,,0,,,,2023,water
WL.KSO.01,105120,2023-01-01T00:00:00.000,2023-12-31T23:55:00.000,105120,จุดวัดคลองซอย ตอนถนนบรมราชชนนี,105120,0.03,0.95,0.4632349696,0,,,,0,,,,2023,water
WL.KSO.02,105120,2023-01-01T00:00:00.000,2023-12-31T23:55:00.000,105120,จุดวัดคลองซอย ตอนถนนศาลาธรรมสพน์,105120,0.21,1.13,0.6671478311,0,,,,0,,,,2023,water
WL.KTK.03,105120,2023-01-01T00:00:00.000,2023-12-31T23:55:00.000,105120,จุดวัดคลองขรัวตาแก่น ตอนซอยสะพานขวา,105120,-1.0,0.65,-0.4327795852,0,,,,0,,,,2023,water
WL.KTY.01,105120,2023-01-01T00:00:00.000,2023-12-31T23:55:00.000,105120,สถานีสูบน้ำ คลองเตย,26473,-2.08,-0.02,-1.0740346768,26483,-1.51,2.0,0.4889970925,0,,,,2023,water
WL.LBK.01,105120,2023-01-01T00:00:00.000,2023-12-31T23:55:00.000,105120,จุดวัดคลองลาดบัวขาว ตอนถนนรามคำแหง,105120,-0.68,0.43,-0.2479694635,0,,,,0,,,,2023,water
WL.LBK.02,105120,2023-01-01T00:00:00.000,2023-12-31T23:55:00.000,105120,จุดวัดคลองลาดบัวขาว ตอนถนนเคหะร่มเกล้า,105120,-0.88,0.18,-0.4716135845,0,,,,0,,,,2023,water
WL.LBK.03,105120,2023-01-01T00:00:00.000,2023-12-31T23:55:00.000,105120,จุดวัดคลองลาดบัวขาว ตอนซอยกาญจนาภิเษก 24,105120,-0.71,0.34,-0.3187425799,0,,,,0,,,,2023,water
WL.LCL.01,105120,2023-01-01T00:00:00.000,2023-12-31T23:55:00.000,105120,จุดวัดคลองลำชะล่า ตอนถนนนวมินทร์,105120,-0.48,1.75,0.0336570586,0,,,,0,,,,2023,water
WL.LCL.02,105120,2023-01-01T00:00:00.000,2023-12-31T23:55:00.000,105120,จุดวัดคลองลำชะล่า ตอนซอยนวมินทร์ 86,105120,-0.46,0.83,-0.2082569444,0,,,,0,,,,2023,water
WL.LKB.01,105120,2023-01-01T00:00:00.000,2023-12-31T23:55:00.000,105120,จุดวัดคลองลาดกระบัง ตอนซอยลาดกระบัง 54/6,105120,-0.67,0.54,-0.0676182458,0,,,,0,,,,2023,water
WL.LOA.01,105120,2023-01-01T00:00:00.000,2023-12-31T23:55:00.000,105120,จุดวัดคลองรางอ้อ-รางแก้ว ตอนถนนพหลโยธิน,105120,-0.5,0.88,0.0544637557,0,,,,0,,,,2023,water
WL.LPC.01,105120,2023-01-01T00:00:00.000,2023-12-31T23:55:00.000,105120,จุดวัดคลองลำผักชี ตอนโรงเรียนลำผักชี,105120,-0.73,0.76,-0.0516074011,0,,,,0,,,,2023,water
WL.LPG.01,105120,2023-01-01T00:00:00.000,2023-12-31T23:55:00.000,105120,จุดวัดคลองหลวงแพ่ง ตอนโรงเรียนผลลีรุ่งเรือง,76164,-1.01,0.94,-0.3207273778,0,,,,0,,,,2023,water
WL.LPG.02,105120,2023-01-01T00:00:00.000,2023-12-31T23:55:00.000,105120,ประตูระบายน้ำ คลองหลวงแพ่ง,105120,-0.96,0.79,-0.109701484,105120,-0.43,1.33,0.0606942542,0,,,,2023,water
WL.LPG.03,105120,2023-01-01T00:00:00.000,2023-12-31T23:55:00.000,105120,จุดวัดคลองหลวงแพ่ง ตอนวัดลำต้อยติ่ง,105120,-0.93,0.69,-0.1210238775,0,,,,0,,,,2023,water
WL.LPI.01,105120,2023-01-01T00:00:00.000,2023-12-31T23:55:00.000,105120,จุดวัดคลองหลุมไผ่ ตอนซอยลาดปลาเค้า 63,67237,-0.87,0.53,-0.1251345241,0,,,,0,,,,2023,water
WL.LPI.02,105120,2023-01-01T00:00:00.000,2023-12-31T23:55:00.000,105120,จุดวัดคลองหลุมไผ่ ตอนถนนประเสริฐมนูกิจ29,105120,-0.56,1.03,-0.0167374429,0,,,,0,,,,2023,water
WL.LPN.01,105120,2023-01-01T00:00:00.000,2023-12-31T23:55:00.000,105120,สถานีสูบน้ำ คลองเลนเปน,105120,-2.26,0.92,-0.3390280632,105120,-0.69,1.09,0.5153013699,0,,,,2023,water
WL.LPT.01,105120,2023-01-01T00:00:00.000,2023-12-31T23:55:00.000,105120,จุดวัดคลองลำปลาทิว ตอนถนนสังฆสันติสุข,105120,-0.61,0.95,0.088849981,0,,,,0,,,,2023,water
WL.LPT.02,105120,2023-01-01T00:00:00.000,2023-12-31T23:55:00.000,105120,จุดวัดคลองลำปลาทิว ตอนซอยฉลองกรุง 54,105120,-0.88,0.57,-0.2036548706,0,,,,0,,,,2023,water
WL.LPT.03,105120,2023-01-01T00:00:00.000,2023-12-31T23:55:00.000,105120,จุดวัดคลองลำปลาทิว ตอนซอยฉลองกรุง 8,105120,-0.88,0.48,-0.2145707763,0,,,,0,,,,2023,water
WL.LPT.04,105120,2023-01-01T00:00:00.000,2023-12-31T23:55:00.000,105120,"""จุดวัดคลองลำปลาทิว ตอนซอยเชื่อมสัมพันธ์ 25 """,105120,-0.7,0.84,-0.0119807839,0,,,,0,,,,2023,water
WL.LPW.01,105120,2023-01-01T00:00:00.000,2023-12-31T23:55:00.000,105120,ประตูระบายน้ำ คลองลาดพร้าว,51547,-0.86,0.55,-0.3031598347,105120,-0.7,0.56,-0.3785861872,0,,,,2023,water
WL.LPW.02,105120,2023-01-01T00:00:00.000,2023-12-31T23:55:00.000,105120,จุดวัดคลองลาดพร้าว ช่วงวัดลาดพร้าว,105120,-0.69,0.71,-0.2977404871,0,,,,0,,,,2023,water
WL.LPW.03,105120,2023-01-01T00:00:00.000,2023-12-31T23:55:00.000,105120,จุดวัดคลองลาดพร้าว ช่วงซอยเสนานิคม,105120,-0.41,0.88,-0.1782508562,0,,,,0,,,,2023,water
WL.LPW.04,105120,2023-01-01T00:00:00.000,2023-12-31T23:55:00.000,105120,จุดวัดคลองลาดพร้าว ตอนถนนประชาอุทิศ,105120,-0.94,0.39,-0.4619410198,0,,,,0,,,,2023,water
WL.LPW.05,105120,2023-01-01T00:00:00.000,2023-12-31T23:55:00.000,105120,จุดวัดคลองลาดพร้าว ช่วงถนนประดิษฐ์มนูธรรม,105120,-0.91,0.28,-0.4751922565,0,,,,0,,,,2023,water
WL.LSG.01,105120,2023-01-01T00:00:00.000,2023-12-31T23:55:00.000,105120,จุดวัดคลองหลอด 2 ตอนถนนบางนา ตราด,105120,-2.18,0.15,-0.8794133371,0,,,,0,,,,2023,water
WL.LSM.01,105120,2023-01-01T00:00:00.000,2023-12-31T23:55:00.000,105120,จุดวัดคลองหลอด 3 ตอนถนนบางนา ตราด,76988,-2.42,0.35,-0.8145477217,0,,,,0,,,,2023,water
WL.LYW.01,105120,2023-01-01T00:00:00.000,2023-12-31T23:55:00.000,105120,จุดวัดคลองลาดยาว ตอน ถนนรัชดาภิเษก,105120,-1.71,0.34,-1.4354179033,0,,,,0,,,,2023,water
WL.LYW.02,105120,2023-01-01T00:00:00.000,2023-12-31T23:55:00.000,105120,จุดวัดคลองลาดยาว ตอนถนนวิภาวดีรังสิต 44,105120,-1.35,0.49,-1.1459283676,0,,,,0,,,,2023,water
WL.MID.01,105120,2023-01-01T00:00:00.000,2023-12-31T23:55:00.000,105120,จุดวัดคูน้ำกรมสารวัตรทหาร,105120,-2.0,0.6,-0.6382875761,0,,,,0,,,,2023,water
WL.MSW.01,105120,2023-01-01T00:00:00.000,2023-12-31T23:55:00.000,105120,จุดวัดคลองมหาสวัสดิ์ ตอนคลองสวนแดน 2,105120,-1.06,2.0,0.6071967275,0,,,,0,,,,2023,water
WL.MSW.02,105120,2023-01-01T00:00:00.000,2023-12-31T23:55:00.000,105120,จุดวัดคลองมหาสวัสดิ์ ตอนวัดปุรณาวาส,105120,0.03,1.09,0.6067939498,0,,,,0,,,,2023,water
WL.MSW.03,105120,2023-01-01T00:00:00.000,2023-12-31T23:55:00.000,105120,จุดวัดคลองมหาสวัสดิ์ ตอนถนนพุทธมณฑลสาย 2,105120,-0.38,1.7,0.6149472983,0,,,,0,,,,2023,water
WL.NBN.01,105120,2023-01-01T00:00:00.000,2023-12-31T23:55:00.000,105120,จุดวัดบึงหนองบอน,105120,-5.13,-0.91,-2.9296777968,105120,-0.88,0.01,-0.449560312,0,,,,2023,water
WL.NK3.01,105120,2023-01-01T00:00:00.000,2023-12-31T23:55:00.000,105120,จุดวัดคลองคูนายกิมสาย 3  ตอนถนนประชาอุทิศ,105120,-0.61,1.14,-0.2612790145,0,,,,0,,,,2023,water
WL.NKW.01,105120,2023-01-01T00:00:00.000,2023-12-31T23:55:00.000,105120,จุดวัดคลองน้ำแก้ว ตอนถนนรัชดาภิเษก,0,,,,0,,,,0,,,,2023,water
WL.NKW.02,105120,2023-01-01T00:00:00.000,2023-12-31T23:55:00.000,105120,จุดวัดคลองน้ำแก้ว ตอนซอยลาดพร้าว 41,105120,-1.77,0.75,-1.1073633942,0,,,,0,,,,2023,water
WL.NSG.01,105120,2023-01-01T00:00:00.000,2023-12-31T23:55:00.000,105120,จุดวัดคลองนาซอง ตอนถนนประชาสุข,105120,-0.91,0.56,-0.5457964231,0,,,,0,,,,2023,water
WL.ORC.01,105120,2023-01-01T00:00:00.000,2023-12-31T23:55:00.000,105120,สถานีสูบน้ำ คลองอรชร,105120,-1.65,0.45,-0.6674006849,105120,-1.11,0.4,-0.4138302892,0,,,,2023,water
WL.PKG.01,105120,2023-01-01T00:00:00.000,2023-12-31T23:55:00.000,105120,สถานีสูบน้ำ ปากคลองตลาด,105120,-0.53,1.89,0.4472753995,0,,,,0,,,,2023,water
WL.PKN.01,105120,2023-01-01T00:00:00.000,2023-12-31T23:55:00.000,105120,สถานีสูบน้ำ พระโขนง,105120,-1.27,-0.19,-0.5790292998,105120,-1.48,2.22,0.4710393836,0,,,,2023,water
WL.PLK.01,105120,2023-01-01T00:00:00.000,2023-12-31T23:55:00.000,105120,จุดวัดคลองพิทยาลงกรณ์ ช่วงโรงเรียนพิทยาลงกรณ์พิทยาคม,85633,-1.51,1.19,-0.0218426308,0,,,,0,,,,2023,water
WL.PNM.01,105120,2023-01-01T00:00:00.000,2023-12-31T23:55:00.000,105120,จุดวัดคลองปากน้ำ ตอนถนนคู่ขนานกาญจนาภิเษก,54278,-0.3,0.7,-0.0306177457,0,,,,0,,,,2023,water
WL.PPA.02,105120,2023-01-01T00:00:00.000,2023-12-31T23:55:00.000,105120,จุดวัดคลองพลับพลา ตอนศูนย์แพทย์พัฒนา,7,-2.63,-0.14,-0.8614285714,0,,,,0,,,,2023,water
WL.PSC.01,105120,2023-01-01T00:00:00.000,2023-12-31T23:55:00.000,105120,สถานีสูบน้ำ คลองภาษีเจริญ,105120,-0.36,0.55,0.2033629186,105120,-0.55,0.67,0.2226669521,0,,,,2023,water
WL.PSC.02,105120,2023-01-01T00:00:00.000,2023-12-31T23:55:00.000,105120,จุดวัดคลองภาษีเจริญ ตอนวัดรางบัว,105120,-0.12,0.72,0.3186869292,0,,,,0,,,,2023,water
WL.PSC.03,105120,2023-01-01T00:00:00.000,2023-12-31T23:55:00.000,105120,จุดวัดคลองราชมนตรี ตอนคลองภาษีเจริญ,105120,-0.12,0.77,0.3848215373,0,,,,0,,,,2023,water
WL.PSC.04,105120,2023-01-01T00:00:00.000,2023-12-31T23:55:00.000,105120,จุดวัดคลองภาษีเจริญ ตอนคลองมหาศร,0,,,,0,,,,0,,,,2023,water
WL.PSI.01,105120,2023-01-01T00:00:00.000,2023-12-31T23:55:00.000,105120,จุดวัดคลองพร้อมศรี 2 ตอนถนนสุขุมวิท 49/13,105120,-1.5,0.07,-1.2364238965,0,,,,0,,,,2023,water
WL.PSR.01,105120,2023-01-01T00:00:00.000,2023-12-31T23:55:00.000,105120,ประตูระบายน้ำ คลองพระยาสุเรนทร์,105120,-0.11,1.2,0.4219537671,105120,0.04,1.66,0.6673802321,0,,,,2023,water
WL.PSR.02,105120,2023-01-01T00:00:00.000,2023-12-31T23:55:00.000,105120,จุดวัดคลองพระยาสุเรนทร์ ตอนถนนหนองระแหง,105120,-0.01,1.06,0.4448748097,0,,,,0,,,,2023,water
WL.PSR.03,105120,2023-01-01T00:00:00.000,2023-12-31T23:55:00.000,105120,จุดวัดคลองพระยาสุเรนทร์ ตอนถนนจตุโชติ,105109,0.01,1.07,0.4582462967,0,,,,0,,,,2023,water
WL.PSR.04,105120,2023-01-01T00:00:00.000,2023-12-31T23:55:00.000,105120,ปตร.พระยาสุเรนทร์ ตอนคู้บอน,105120,-0.68,0.64,-0.1540900875,0,,,,0,,,,2023,water
WL.PSR.05,105120,2023-01-01T00:00:00.000,2023-12-31T23:55:00.000,105120,จุดวัดคลองพระยาสุเรนทร์ ตอนปัญญาอินทรา,105119,-0.69,0.73,-0.1841203779,0,,,,0,,,,2023,water
WL.PSR.06,105120,2023-01-01T00:00:00.000,2023-12-31T23:55:00.000,105120,จุดวัดคลองพระยาสุเรนทร์ ตอนบางชัน,105120,-0.35,0.85,0.123116153,0,,,,0,,,,2023,water
WL.PWT.01,105120,2023-01-01T00:00:00.000,2023-12-31T23:55:00.000,105120,จุดวัดคลองประเวศ ตอนซอยอ่อนนุช 17,105120,-0.93,-0.1,-0.5256236682,0,,,,0,,,,2023,water
WL.PWT.02,105120,2023-01-01T00:00:00.000,2023-12-31T23:55:00.000,105120,จุดวัดคลองประเวศบุรีรมย์ ตอนวัดขจรศิริ,105120,-0.8,0.26,-0.4484053463,0,,,,0,,,,2023,water
WL.PWT.03,105120,2023-01-01T00:00:00.000,2023-12-31T23:55:00.000,105120,ประตูระบายน้ำ คลองประเวศบุรีรมย์ ตอนวัดกระทุ่มเสือปลา,105120,-0.76,0.22,-0.417536054,105120,-0.76,0.36,-0.3525917047,0,,,,2023,water
WL.PWT.04,105120,2023-01-01T00:00:00.000,2023-12-31T23:55:00.000,105120,ประตูระบายน้ำ คลองประเวศบุรีรมย์ ตอนลาดกระบัง,104766,-0.76,3.17,-0.3427468835,104845,-0.78,0.42,-0.1621132147,0,,,,2023,water
WL.PWT.05,105120,2023-01-01T00:00:00.000,2023-12-31T23:55:00.000,105120,จุดวัดคลองประเวศบุรีรมย์ ตอน รพ.ลาดกระบัง,105120,-0.79,0.47,-0.1591167237,0,,,,0,,,,2023,water
WL.PWT.06,105120,2023-01-01T00:00:00.000,2023-12-31T23:55:00.000,105120,จุดวัดคลองประเวศบุรีรมย์ ตอนถนนร่วมพัฒนา,105120,-0.68,0.63,-0.0155704909,0,,,,0,,,,2023,water
WL.PYW.01,105120,2023-01-01T00:00:00.000,2023-12-31T23:55:00.000,105120,จุดวัดคลองพญาเวิก ตอนปตร.คลองพญาเวิก,105120,-1.65,0.54,-0.5203388508,0,,,,0,,,,2023,water
WL.RHN.01,105120,2023-01-01T00:00:00.000,2023-12-31T23:55:00.000,105120,สถานีสูบน้ำ คลองระหาญ,105120,-1.29,0.44,-0.1723671043,105120,-1.32,1.1,0.1873898402,0,,,,2023,water
WL.RJK.01,105120,2023-01-01T00:00:00.000,2023-12-31T23:55:00.000,105120,ประตูระบายน้ำ คลองรางจาก ตอนถนนประชาอุทิศ,105120,-0.14,0.81,0.3967677892,105120,-0.15,0.81,0.3972102359,0,,,,2023,water
WL.RKC.01,105120,2023-01-01T00:00:00.000,2023-12-31T23:55:00.000,105120,จุดวัดคลองข้างศูนย์ราชการ,105120,-1.49,0.82,-0.9263450342,0,,,,0,,,,2023,water
WL.RMT.01,105120,2023-01-01T00:00:00.000,2023-12-31T23:55:00.000,105120,สถานีสูบน้ำ คลองพระยาราชมนตรี,105120,-1.23,0.36,-0.2390881849,105120,-0.37,1.09,0.5900148402,0,,,,2023,water
WL.RMT.02,105120,2023-01-01T00:00:00.000,2023-12-31T23:55:00.000,105120,จุดวัดคลองพระยาราชมนตรี ตอนถนนพระรามที่ 2,105120,-0.4,0.5,0.0515761035,0,,,,0,,,,2023,water
WL.RSK.01,105120,2023-01-01T00:00:00.000,2023-12-31T23:55:00.000,105120,จุดวัดคลองราษฎร์สามัคคี ตอนถนนเพชรเกษม 63,105120,-0.03,0.76,0.3043150685,0,,,,0,,,,2023,water
WL.SBR.01,105120,2023-01-01T00:00:00.000,2023-12-31T23:55:00.000,105120,ประตูระบายน้ำ คลองขุนศรีบุรีรักษ์ ตอนคลองมหาสวัสดิ์,105120,0.19,1.15,0.6371365107,105120,0.18,1.27,0.7371275685,0,,,,2023,water
WL.SBR.02,105120,2023-01-01T00:00:00.000,2023-12-31T23:55:00.000,105120,จุดวัดคลองบางขุนศรีบุรีรักษ์ ตอนถนนบรมราชชนนี,105120,0.02,1.09,0.4645990297,0,,,,0,,,,2023,water
WL.SBT.01,105120,2023-01-01T00:00:00.000,2023-12-31T23:55:00.000,105120,สถานีสูบน้ำ คลองสี่บาท,105120,-1.28,0.41,-0.1096312785,105120,-0.52,0.61,0.0959474886,0,,,,2023,water
WL.SCO.01,105120,2023-01-01T00:00:00.000,2023-12-31T23:55:00.000,105120,"""จุดวัดคลองศาลเจ้า ตอนถนนสวนผัก """,105120,-1.01,1.0,-0.0314238014,0,,,,0,,,,2023,water
WL.SDN.01,105120,2023-01-01T00:00:00.000,2023-12-31T23:55:00.000,105120,"""จุดวัดคลองสวนแดน ตอนถนนชัยพฤกษ์ """,105120,-0.83,0.79,0.1078280061,0,,,,0,,,,2023,water
WL.SKG.01,105120,2023-01-01T00:00:00.000,2023-12-31T23:55:00.000,105120,จุดวัดคลองสะแกงาม ตอนถนนกาญจนาภิเษก,105120,-1.24,0.28,-0.3456929224,0,,,,0,,,,2023,water
WL.SKT.01,105120,2023-01-01T00:00:00.000,2023-12-31T23:55:00.000,105120,จุดวัดคลองทรงกระเทียม ตอนถนนนาคนิวาส,105120,-1.01,0.61,-0.7301074011,0,,,,0,,,,2023,water
WL.SKT.02,105120,2023-01-01T00:00:00.000,2023-12-31T23:55:00.000,105120,จุดวัดคลองทรงกระเทียม ตอนปตร.คลองทรงกระเทียม,105120,-1.42,0.69,-0.6918974505,0,,,,0,,,,2023,water
WL.SLL.01,105120,2023-01-01T00:00:00.000,2023-12-31T23:55:00.000,105120,จุดวัดคลองศาลาลอย ตอนถนนอ่อนนุช 61,105120,-1.16,0.26,-0.4970418569,0,,,,0,,,,2023,water
WL.SNC.01,105120,2023-01-01T00:00:00.000,2023-12-31T23:55:00.000,105120,สถานีสูบน้ำ คลองสนามชัย,105120,-0.94,0.43,-0.0021387938,105120,-0.15,1.18,0.6489638508,0,,,,2023,water
WL.SNC.02,105120,2023-01-01T00:00:00.000,2023-12-31T23:55:00.000,105120,จุดวัดคลองสนามชัย ตอนคลองบางขุนเทียน,105120,-0.74,0.62,0.1517561834,0,,,,0,,,,2023,water
WL.SNO.01,105120,2023-01-01T00:00:00.000,2023-12-31T23:55:00.000,105120,จุดวัดคลองเสือน้อย ตอนถนนสุคนธสวัสดิ์,105120,-1.74,-0.03,-0.8920993151,0,,,,0,,,,2023,water
WL.SPP.01,105120,2023-01-01T00:00:00.000,2023-12-31T23:55:00.000,105120,จุดวัดบ่อสูบน้ำสะพานพรหม,0,,,,0,,,,0,,,,2023,water
WL.SRE.01,105120,2023-01-01T00:00:00.000,2023-12-31T23:55:00.000,105120,สถานีสูบน้ำ คลองสำเหร่,105120,-1.33,0.63,0.0337762557,105120,-1.07,1.88,0.4262759703,0,,,,2023,water
WL.SRG.01,105120,2023-01-01T00:00:00.000,2023-12-31T23:55:00.000,105120,สถานีสูบน้ำ คลองสำโรง,105120,-0.94,0.34,-0.2070149353,105120,-1.48,1.86,0.3003638699,0,,,,2023,water
WL.SSB.01,105120,2023-01-01T00:00:00.000,2023-12-31T23:55:00.000,105120,จุดวัดคลองแสนแสบ ช่วงคลองผดุงกรุงเกษม (โบ๊เบ๊),105120,-1.1,0.15,-0.5068492199,0,,,,0,,,,2023,water
WL.SSB.02,105120,2023-01-01T00:00:00.000,2023-12-31T23:55:00.000,105120,จุดวัดคลองแสนแสบ ตอนซอยสมคิด,105120,-1.34,0.04,-0.6643955479,0,,,,0,,,,2023,water
WL.SSB.03,105120,2023-01-01T00:00:00.000,2023-12-31T23:55:00.000,105120,จุดวัดคลองแสนแสบ ช่วงอโศก,105120,-1.0,0.48,-0.3890608828,0,,,,0,,,,2023,water
WL.SSB.04,105120,2023-01-01T00:00:00.000,2023-12-31T23:55:00.000,105120,สถานีสูบน้ำ คลองแสนแสบตอนคลองตัน,105120,-1.12,0.14,-0.5294400685,105120,-1.1,0.18,-0.50729414,0,,,,2023,water
WL.SSB.05,105120,2023-01-01T00:00:00.000,2023-12-31T23:55:00.000,105120,จุดวัดคลองแสนแสบ ตอนรามคำแหง 9,85094,-1.09,0.0,-0.5459163983,0,,,,0,,,,2023,water
WL.SSB.06,105120,2023-01-01T00:00:00.000,2023-12-31T23:55:00.000,105120,จุดวัดคลองแสนแสบ ช่วงสถานีสูบน้ำคลองเจ้าคุณสิงห์,105120,-0.92,0.67,-0.3640752473,0,,,,0,,,,2023,water
WL.SSB.07,105120,2023-01-01T00:00:00.000,2023-12-31T23:55:00.000,105120,จุดวัดคลองแสนแสบ ตอนสำนักงานเขตบางกะปิ,105120,-0.89,0.44,-0.3159011606,0,,,,0,,,,2023,water
WL.SSB.08,105120,2023-01-01T00:00:00.000,2023-12-31T23:55:00.000,105120,จุดวัดคลองแสนแสบ ช่วงซอยเสรีไทย 24,105120,-0.8,0.32,-0.4264732686,0,,,,0,,,,2023,water
WL.SSB.09,105120,2023-01-01T00:00:00.000,2023-12-31T23:55:00.000,105120,ประตูระบายน้ำ คลองแสนแสบ ตอนบางชัน,105120,-0.86,0.38,-0.3477207002,105120,-0.63,0.5,-0.1859354072,0,,,,2023,water
WL.SSB.10,105120,2023-01-01T00:00:00.000,2023-12-31T23:55:00.000,105120,ประตูระบายน้ำ คลองแสนแสบ ตอนถนนประชาร่วมใจ,105120,-0.67,0.51,-0.2089628995,105120,-0.65,0.88,0.0099863014,0,,,,2023,water
WL.SSB.11,105120,2023-01-01T00:00:00.000,2023-12-31T23:55:00.000,105120,จุดวัดคลองแสนแสบ ตอนวัดทรัพย์สโมสรนิกรเกษม,105120,-0.47,0.99,0.0365664954,0,,,,0,,,,2023,water
WL.SSB.12,105120,2023-01-01T00:00:00.000,2023-12-31T23:55:00.000,105120,สถานีสูบน้ำ คลองแสนแสบ หนองจอก,105120,-0.79,0.97,-0.053896309,105120,-0.93,1.51,0.0436461187,0,,,,2023,water
WL.SSG.01,105120,2023-01-01T00:00:00.000,2023-12-31T23:55:00.000,105120,จุดวัดคลองสิบสอง ตอนถนนประชาสำราญ,105120,-0.23,1.36,0.4133969749,0,,,,0,,,,2023,water
WL.SSM.01,105120,2023-01-01T00:00:00.000,2023-12-31T23:55:00.000,105120,ประตูระบายน้ำ คลองสิบสาม,105120,-0.6,1.15,0.1194083904,79126,-2.99,2.58,0.5313371079,0,,,,2023,water
WL.SSN.01,105120,2023-01-01T00:00:00.000,2023-12-31T23:55:00.000,105120,สถานีสูบน้ำ สามเสน,105120,-1.51,0.11,-0.6696981545,105120,-1.14,1.92,0.4748266743,0,,,,2023,water
WL.SSN.02,105120,2023-01-01T00:00:00.000,2023-12-31T23:55:00.000,105120,จุดวัดคลองสามเสน ช่วงถนนพระรามที่ 5,105120,-1.67,0.1,-0.7047656963,0,,,,0,,,,2023,water
WL.SSN.03,105120,2023-01-01T00:00:00.000,2023-12-31T23:55:00.000,105120,จุดวัดคลองสามเสน ตอนถนนพระรามที่ 6,105120,-1.52,0.24,-0.7276005518,0,,,,0,,,,2023,water
WL.SSN.04,105120,2023-01-01T00:00:00.000,2023-12-31T23:55:00.000,105120,จุดวัดคลองสามเสน ช่วงถนนพหลโยธิน,105120,-1.57,0.1,-0.672698535,0,,,,0,,,,2023,water
WL.SSN.05,105120,2023-01-01T00:00:00.000,2023-12-31T23:55:00.000,105120,จุดวัดคลองสามเสน ตอน รพ.พระมงกุฎเกล้า,37939,-1.2,0.18,-0.4542692216,0,,,,0,,,,2023,water
WL.SSN.06,105120,2023-01-01T00:00:00.000,2023-12-31T23:55:00.000,105120,จุดวัดคลองสามเสน ช่วงถนนดินแดง,105120,-1.53,-0.06,-0.9214519597,0,,,,0,,,,2023,water
WL.SSN.07,105120,2023-01-01T00:00:00.000,2023-12-31T23:55:00.000,105120,จุดวัดคลองสามเสน ตอนถนนอโศก,105120,-1.8,0.01,-0.8144279871,0,,,,0,,,,2023,water
WL.SSN.08,105120,2023-01-01T00:00:00.000,2023-12-31T23:55:00.000,105120,สถานีสูบน้ำ สามเสน ตอนคลองแสนแสบ,105120,-1.71,0.05,-0.7130083714,105120,-1.16,0.15,-0.5200761986,0,,,,2023,water
WL.SSN.09,105120,2023-01-01T00:00:00.000,2023-12-31T23:55:00.000,105120,จุดวัดคลองสามเสน ช่วงถนนเอกมัย,105120,-1.08,-0.13,-0.7429746005,0,,,,0,,,,2023,water
WL.SSN.10,105120,2023-01-01T00:00:00.000,2023-12-31T23:55:00.000,105120,จุดวัดคลองสามเสน -ตอนคลองชวดใหญ่,105120,-2.06,0.27,-0.8068420852,0,,,,0,,,,2023,water
WL.SST.01,105120,2023-01-01T00:00:00.000,2023-12-31T23:55:00.000,105120,ประตูระบายน้ำ คลองสองสายใต้,105120,-0.12,0.93,0.2390079909,105120,0.07,1.62,0.6535686834,0,,,,2023,water
WL.STN.01,105120,2023-01-01T00:00:00.000,2023-12-31T23:55:00.000,105120,จุดวัดคลองสองต้นนุ่น ตอนถนนรามคำแหง,105120,-0.71,0.41,-0.260133086,0,,,,0,,,,2023,water
WL.STN.02,105120,2023-01-01T00:00:00.000,2023-12-31T23:55:00.000,105120,"""จุดวัดคลองสองต้นนุ่น ตอนซอยร่มเกล้า 20 """,105120,-0.71,0.34,-0.2858110731,0,,,,0,,,,2023,water
WL.STN.03,105120,2023-01-01T00:00:00.000,2023-12-31T23:55:00.000,105120,จุดวัดคลองสองต้นนุ่น ตอนถนนมอเตอร์เวย์,105120,-0.66,0.44,-0.2342821537,0,,,,0,,,,2023,water
WL.STR.01,105120,2023-01-01T00:00:00.000,2023-12-31T23:55:00.000,105120,สถานีสูบน้ำ คลองสาทร,105120,-2.06,0.42,-0.4023643455,105120,-1.85,1.51,0.2907065259,105120,-1.0,1.89,0.3771227169,2023,water
WL.STR.02,105120,2023-01-01T00:00:00.000,2023-12-31T23:55:00.000,105120,"""จุดวัดคลองสาทร ตอนถนนพระรามที่ 4 """,105120,-1.26,0.38,-0.5964030632,0,,,,0,,,,2023,water
WL.SWA.01,105120,2023-01-01T00:00:00.000,2023-12-31T23:55:00.000,105120,ประตูระบายน้ำ คลองสามวา,105120,-0.62,0.62,-0.0941078767,105120,-0.57,1.11,0.1419802131,0,,,,2023,water
WL.SWU.01,105120,2023-01-01T00:00:00.000,2023-12-31T23:55:00.000,105120,จุดวัดคูน้ำ มศว.,105120,-1.68,-0.18,-1.2074771689,0,,,,0,,,,2023,water
WL.TCG.01,105120,2023-01-01T00:00:00.000,2023-12-31T23:55:00.000,105120,"""จุดวัดคลองตาช้าง ตอนถนนศรีนครินทร์ """,105120,-1.5,0.16,-0.833966895,0,,,,0,,,,2023,water
WL.TNG.01,105120,2023-01-01T00:00:00.000,2023-12-31T23:55:00.000,105120,จุดวัดคลองตาหนัง ตอนถนนลาดพร้าว,105120,-1.22,-0.09,-0.8479570015,0,,,,0,,,,2023,water
WL.TPK.02,105120,2023-01-01T00:00:00.000,2023-12-31T23:55:00.000,105120,จุดวัดคลองตาพุก ตอนถนนลาดกระบัง,105120,-0.59,0.53,-0.1951600076,0,,,,0,,,,2023,water
WL.TPK.03,105120,2023-01-01T00:00:00.000,2023-12-31T23:55:00.000,105120,จุดวัดคลองตาพุก ตอนคลองทับช้างบน,105120,-0.72,0.34,-0.3255166476,0,,,,0,,,,2023,water
WL.TSK.01,105120,2023-01-01T00:00:00.000,2023-12-31T23:55:00.000,105120,จุดวัดคูน้ำต่อศักดิ์ ตอนซอยทองหล่อ 25,105120,-1.94,0.02,-1.7619202816,0,,,,0,,,,2023,water
WL.TTN.01,105120,2023-01-01T00:00:00.000,2023-12-31T23:55:00.000,105120,จุดวัดคลองลาดโตนด ตอน ปตร.คลองลาดโตนด,105120,-1.16,0.44,-0.4662403919,0,,,,0,,,,2023,water
WL.TUT.01,105120,2023-01-01T00:00:00.000,2023-12-31T23:55:00.000,105120,สถานีสูบน้ำ คลองตาอูฐ,105120,-1.65,0.78,-0.8092875761,105120,-0.14,0.93,0.1245125571,0,,,,2023,water
WL.TUT.02,105120,2023-01-01T00:00:00.000,2023-12-31T23:55:00.000,105120,จุดวัดคลองตาอูฐ ตอนซอยแจ้งวัฒนะ 14,105120,-1.17,0.56,-0.833724981,0,,,,0,,,,2023,water
WL.TWW.01,105120,2023-01-01T00:00:00.000,2023-12-31T23:55:00.000,105120,ประตูระบายน้ำ คลองทวีวัฒนา,105120,0.04,0.95,0.4700221651,105120,0.03,1.1,0.5876410769,0,,,,2023,water
WL.TWW.02,105120,2023-01-01T00:00:00.000,2023-12-31T23:55:00.000,105120,จุดวัดคลองทวีวัฒนา ตอนถนนบรมราชชนนี,105120,0.04,0.94,0.4584664193,0,,,,0,,,,2023,water
WL.TWW.03,105120,2023-01-01T00:00:00.000,2023-12-31T23:55:00.000,105120,จุดวัดคลองทวีวัฒนา ตอนถนนเพชรเกษม,105120,-0.04,0.88,0.3102653158,0,,,,0,,,,2023,water
WL.TWW.04,105120,2023-01-01T00:00:00.000,2023-12-31T23:55:00.000,105120,จุดวัดคลองทวีวัฒนา ตอนคลองบางเชือกหนัง,105120,0.03,0.95,0.4278923135,0,,,,0,,,,2023,water
WL.TWW.05,105120,2023-01-01T00:00:00.000,2023-12-31T23:55:00.000,105120,จุดวัดคลองทวีวัฒนา ตอนคลองภาษีเจริญ,105120,0.04,0.73,0.2970391933,0,,,,0,,,,2023,water
WL.VPV.01,105120,2023-01-01T00:00:00.000,2023-12-31T23:55:00.000,105120,สถานีสูบน้ำ รัชดา-วิภาวดี,105120,-3.23,-0.05,-1.8854470129,0,,,,0,,,,2023,water
WL.WKT.01,105120,2023-01-01T00:00:00.000,2023-12-31T23:55:00.000,105120,จุดวัดคลองวัดไก่เตี้ย ตอนสถานีสูบน้ำคลองวัดไก่เตี้ย,105120,-0.49,0.74,0.1942022451,0,,,,0,,,,2023,water
WL.WLS.01,105120,2023-01-01T00:00:00.000,2023-12-31T23:55:00.000,105120,จุดวัดคลองวัดหลักสี่ ตอนถนนวิภาวดีรังสิต,105120,-0.63,0.51,-0.3070261606,0,,,,0,,,,2023,water
WL.WSI.01,105120,2023-01-01T00:00:00.000,2023-12-31T23:55:00.000,105120,สถานีสูบน้ำ คลองวัดไทร,105120,-2.47,0.87,-0.848443398,105120,-0.86,1.92,0.3856093988,0,,,,2023,water
WL.WTK.01,105120,2023-01-01T00:00:00.000,2023-12-31T23:55:00.000,105120,จุดวัดคลองวัดตึก ตอนถนนลาดพร้าว,105120,-1.02,0.5,-0.6128968798,0,,,,0,,,,2023,water
WL.WTN.02,105120,2023-01-01T00:00:00.000,2023-12-31T23:55:00.000,105120,จุดวัดคูน้ำวัฒนา ตอนโรงเรียนวัฒนาวิทยาลัย,105120,-1.43,0.16,-0.7738185883,0,,,,0,,,,2023,water
WL.YPE.01,105120,2023-01-01T00:00:00.000,2023-12-31T23:55:00.000,105120,จุดคลองยายเพียร ตอนถนนเพชรเกษม,105120,-0.13,0.7,0.2746517314,0,,,,0,,,,2023,water
WL.YPN.01,105120,2023-01-01T00:00:00.000,2023-12-31T23:55:00.000,105120,จุดวัดคลองยายเผื่อน ตอนแฮปปี้แลนด์,105120,-1.15,0.27,-0.6506843607,0,,,,0,,,,2023,water
WL.YPN.02,105120,2023-01-01T00:00:00.000,2023-12-31T23:55:00.000,105120,จุดวัดคลองยายเผื่อน ตอนถนนลาดพร้าว,105120,-1.96,0.08,-0.8779820205,0,,,,0,,,,2023,water
WL.YSN.02,105120,2023-01-01T00:00:00.000,2023-12-31T23:55:00.000,105120,"""จุดวัดคลองยายสุ่น ตอนถนนรัชดาภิเษก """,105120,-1.45,0.21,-0.7339088661,0,,,,0,,,,2023,water
WL.AJP.01,105408,2024-01-01T00:00:00.000,2024-12-31T23:55:00.000,105408,จุดวัดคลองอาจารย์พร ตอนปตร.คลองอาจารย์พร,47555,-0.62,0.45,-0.215362843,0,,,,0,,,,2024,water
WL.ANX.01,105408,2024-01-01T00:00:00.000,2024-12-31T23:55:00.000,105408,คูน้ำแอนเนกซ์ (บ่อสูบน้ำพหลโยธิน 58),105408,-0.99,0.79,0.0535085572,0,,,,0,,,,2024,water
WL.BAM.01,105408,2024-01-01T00:00:00.000,2024-12-31T23:55:00.000,105408,จุดวัดคลองบ้านใหม่ ตอนซอยพระแม่การุณย์ 27,44770,-1.61,0.69,0.3753509046,0,,,,0,,,,2024,water
WL.BBN.01,105408,2024-01-01T00:00:00.000,2024-12-31T23:55:00.000,105408,จุดวัดคลองบางบอน ตอนถนนบางขุนเทียน,105408,-0.43,0.44,0.0566161012,0,,,,0,,,,2024,water
WL.BBN.02,105408,2024-01-01T00:00:00.000,2024-12-31T23:55:00.000,105408,จุดวัดคลองบางบอน ตอนถนนกาญจนาภิเษก,105408,-0.25,0.38,0.0393727231,0,,,,0,,,,2024,water
WL.BBN.03,105408,2024-01-01T00:00:00.000,2024-12-31T23:55:00.000,105408,จุดวัดคลองบางบอน ตอนคลองสะแกงาม,105408,-0.29,0.74,0.1604819369,0,,,,0,,,,2024,water
WL.BBR.01,105408,2024-01-01T00:00:00.000,2024-12-31T23:55:00.000,105408,จุดวัดคลองบางบำหรุ ตอนถนนบรมราชชนนี,105408,-1.11,0.67,0.1574592061,0,,,,0,,,,2024,water
WL.BBR.02,105408,2024-01-01T00:00:00.000,2024-12-31T23:55:00.000,105408,จุดวัดคลองบางบำหรุ ตอนถนนสิรินธร,105408,-0.8,0.71,0.0842590695,0,,,,0,,,,2024,water
WL.BBU.01,105408,2024-01-01T00:00:00.000,2024-12-31T23:55:00.000,105408,จุดวัดคลองบางบัว,105408,-0.58,0.94,-0.100486206,0,,,,0,,,,2024,water
WL.BCN.01,105408,2024-01-01T00:00:00.000,2024-12-31T23:55:00.000,105408,จุดวัดคลองบางเชือกหนัง ตอนถนนกาญจนาภิเษก,105408,0.03,0.86,0.4351804417,0,,,,0,,,,2024,water
WL.BCN.02,105408,2024-01-01T00:00:00.000,2024-12-31T23:55:00.000,105408,จุดวัดคลองบางเชือกหนัง ตอนถนนพุทธมณฑลสาย 1,105408,-0.27,0.72,0.2624191712,0,,,,0,,,,2024,water
WL.BCN.03,105408,2024-01-01T00:00:00.000,2024-12-31T23:55:00.000,105408,จุดวัดคลองบางเชือกหนัง ตอนถนนพุทธมณฑลสาย 2,105408,0.07,0.86,0.4214108986,0,,,,0,,,,2024,water
WL.BJK.01,105408,2024-01-01T00:00:00.000,2024-12-31T23:55:00.000,105408,สถานีสูบน้ำ บางจาก,105408,-1.47,-0.13,-0.9429845932,105408,-1.04,2.02,0.4484625455,0,,,,2024,water
WL.BJK.02,105408,2024-01-01T00:00:00.000,2024-12-31T23:55:00.000,105408,"""จุดวัดคลองบางจาก ตอนซอยเพชรเกษม 68 """,105408,-0.15,0.81,0.2943612439,0,,,,0,,,,2024,water
WL.BJK.03,105408,2024-01-01T00:00:00.000,2024-12-31T23:55:00.000,105408,จุดวัดคลองบางจาก ตอนคลองบางหว้า,105408,0.23,0.77,0.3229471198,0,,,,0,,,,2024,water
WL.BJK.04,105408,2024-01-01T00:00:00.000,2024-12-31T23:55:00.000,105408,"""จุดวัดคลองบางจาก ตอนถนนพุทธมณฑลสาย 2 """,105408,-0.06,0.97,0.3300242866,0,,,,0,,,,2024,water
WL.BKA.01,105408,2024-01-01T00:00:00.000,2024-12-31T23:55:00.000,105408,สถานีสูบน้ำ คลองบางเขนใหม่,105408,-2.0,0.62,-0.835069065,105408,-0.74,1.97,0.6006137105,0,,,,2024,water
WL.BKA.02,105408,2024-01-01T00:00:00.000,2024-12-31T23:55:00.000,105408,จุดวัดคลองบางเขน ช่วงถนนกรุงเทพ-นนทบุรี,105408,-0.95,0.82,-0.3142749127,0,,,,0,,,,2024,water
WL.BKA.03,105408,2024-01-01T00:00:00.000,2024-12-31T23:55:00.000,105408,จุดวัดคลองบางเขน ช่วงถนนประชาชื่น,105408,-0.89,1.01,-0.3346172017,0,,,,0,,,,2024,water
WL.BKA.04,105408,2024-01-01T00:00:00.000,2024-12-31T23:55:00.000,105408,จุดวัดคลองบางเขน ช่วงถนนวิภาวดีรังสิต,91573,-1.28,0.79,-0.2843671169,0,,,,0,,,,2024,water
WL.BKB.01,105408,2024-01-01T00:00:00.000,2024-12-31T23:55:00.000,105408,จุดวัดคลองบางกระบือ ตอนถนนสามเสน,105408,-0.95,0.9,-0.2911776146,0,,,,0,,,,2024,water
WL.BKG.01,105408,2024-01-01T00:00:00.000,2024-12-31T23:55:00.000,105408,ประตูระบายน้ำ คลองบึงขวาง,84804,-0.58,0.51,-0.207949625,84804,-0.62,0.71,-0.1861704637,0,,,,2024,water
WL.BKL.01,105408,2024-01-01T00:00:00.000,2024-12-31T23:55:00.000,105408,จุดวัดคลองบางโคลัด ตอนถนนบางบอน 1,38759,-0.32,0.61,0.2895753244,0,,,,0,,,,2024,water
WL.BKT.01,105408,2024-01-01T00:00:00.000,2024-12-31T23:55:00.000,105408,จุดวัดบึงรับน้ำบึงกุ่มบางเตย ตอนสถานีสูบน้ำคลองบางเตยล่าง,48180,-1.97,0.8,-0.6348611457,0,,,,0,,,,2024,water
WL.BKY.01,105408,2024-01-01T00:00:00.000,2024-12-31T23:55:00.000,105408,สถานีสูบน้ำ คลองบางกอกใหญ่,105408,-1.34,0.95,0.1221588494,105408,-1.33,1.95,0.5479343124,0,,,,2024,water
WL.BKY.02,105408,2024-01-01T00:00:00.000,2024-12-31T23:55:00.000,105408,จุดวัดคลองบางเชือกหนัง ตอนวัดปากน้ำฝั่งใต้,105408,-0.46,0.72,0.2555878112,0,,,,0,,,,2024,water
WL.BLP.02,105408,2024-01-01T00:00:00.000,2024-12-31T23:55:00.000,105408,จุดวัดคลองบางลำพู ตอนสะพานผ่านฟ้า,84107,-1.41,3.47,-0.6250227686,0,,,,0,,,,2024,water
WL.BLY.01,105408,2024-01-01T00:00:00.000,2024-12-31T23:55:00.000,105408,จุดวัดคลองบ้านหลาย ตอนถนนสุขุมวิท 77,105407,-1.58,-0.12,-0.9061467455,0,,,,0,,,,2024,water
WL.BLY.02,105408,2024-01-01T00:00:00.000,2024-12-31T23:55:00.000,105408,จุดวัดคลองบ้านหลาย ตอนซอยพึ่งมี 48,46449,-2.0,-0.01,-0.8347182932,0,,,,0,,,,2024,water
WL.BMA.02,105408,2024-01-01T00:00:00.000,2024-12-31T23:55:00.000,105408,จุดวัดคลองบ้านม้า ตอนถนนรามคำแหง,46448,-0.86,0.33,-0.4040296676,0,,,,0,,,,2024,water
WL.BMK.01,105408,2024-01-01T00:00:00.000,2024-12-31T23:55:00.000,105408,จุดวัดคลองบางมะเขือ ตอนถนนสุขุมวิท 71,105408,-1.89,-0.34,-1.0350006641,0,,,,0,,,,2024,water
WL.BNA.01,105408,2024-01-01T00:00:00.000,2024-12-31T23:55:00.000,105408,สถานีสูบน้ำ บางนา,105408,-1.67,0.17,-0.6634448998,105408,-1.5,2.19,0.4277728446,0,,,,2024,water
WL.BNA.02,105408,2024-01-01T00:00:00.000,2024-12-31T23:55:00.000,105408,จุดวัดคลองบางนา ตอนถนนสุขุมวิท,105408,-1.53,0.26,-0.7180213077,0,,,,0,,,,2024,water
WL.BNA.03,105408,2024-01-01T00:00:00.000,2024-12-31T23:55:00.000,105408,จุดวัดคลองบางนา ตอนถนนศรีนครินทร์,105408,-1.1,0.32,-0.5369008045,0,,,,0,,,,2024,water
WL.BNA.04,105408,2024-01-01T00:00:00.000,2024-12-31T23:55:00.000,105408,จุดวัดคลองบางนา ตอนซอยบางนา-ตราด 56,105408,-0.98,0.41,-0.4617200782,0,,,,0,,,,2024,water
WL.BNJ.01,105408,2024-01-01T00:00:00.000,2024-12-31T23:55:00.000,105408,จุดวัดคลองบางนางจีน ตอนสถานีสูบน้ำบางนางจีน,105406,-1.63,-0.05,-0.9072626795,0,,,,0,,,,2024,water
WL.BNJ.02,105408,2024-01-01T00:00:00.000,2024-12-31T23:55:00.000,105408,จุดวัดคลองบางนางจีน ตอนซอยสุขุมวิท 66/1,105408,-3.0,-0.33,-1.5703866879,0,,,,0,,,,2024,water
WL.BNJ.03,105408,2024-01-01T00:00:00.000,2024-12-31T23:55:00.000,105408,จุดวัดคลองบางนางจีน ตอนซอยสุขุมวิท 93,105408,-1.34,-0.09,-0.8718981481,0,,,,0,,,,2024,water
WL.BNJ.04,105408,2024-01-01T00:00:00.000,2024-12-31T23:55:00.000,105408,จุดวัดคลองบางนางจีน ตอนถนนสุขุมวิท 101/1,105408,-2.0,-0.16,-0.9050718162,0,,,,0,,,,2024,water
WL.BNS.01,105408,2024-01-01T00:00:00.000,2024-12-31T23:55:00.000,105408,จุดวัดคลองบ้านไทร ตอนถนนพุทธมณฑลสาย 2,46407,-0.05,0.81,0.3220128429,0,,,,0,,,,2024,water
WL.BOA.01,105408,2024-01-01T00:00:00.000,2024-12-31T23:55:00.000,105408,สถานีสูบน้ำ บางอ้อ,105408,-1.58,-0.14,-0.9359829425,105408,-1.15,2.07,0.4939053962,0,,,,2024,water
WL.BOA.02,105408,2024-01-01T00:00:00.000,2024-12-31T23:55:00.000,105408,จุดวัดคลองบางอ้อ ตอนซอยสุขุมวิท 64,105404,-1.58,-0.14,-0.9687211112,0,,,,0,,,,2024,water
WL.BOA.03,105408,2024-01-01T00:00:00.000,2024-12-31T23:55:00.000,105408,จุดวัดคลองบางอ้อใหญ่ ตอนซอยสุขุมวิท 66/1,105408,-1.62,-0.14,-0.9719658849,0,,,,0,,,,2024,water
WL.BON.01,105408,2024-01-01T00:00:00.000,2024-12-31T23:55:00.000,105408,จุดวัดคลองบางอ้อน้อย ตอนซอยสุขุมวิท 64,105408,-1.64,-0.11,-0.9572225068,0,,,,0,,,,2024,water
WL.BPA.01,105408,2024-01-01T00:00:00.000,2024-12-31T23:55:00.000,105408,จุดวัดคลองบ้านป่า ตอนถนนพัฒนาการ,105408,-0.78,0.08,-0.4613920196,0,,,,0,,,,2024,water
WL.BPK.01,105408,2024-01-01T00:00:00.000,2024-12-31T23:55:00.000,105408,จุดวัดคลองบางปะแก้ว  ตอนถนนราษฎร์บูรณะ,38159,-1.12,0.47,0.0252849917,0,,,,0,,,,2024,water
WL.BPM.01,105408,2024-01-01T00:00:00.000,2024-12-31T23:55:00.000,105408,จุดวัดคลองบางพรม ตอนคลองชักพระ,105408,-0.55,0.75,0.2790680024,0,,,,0,,,,2024,water
WL.BPM.02,105408,2024-01-01T00:00:00.000,2024-12-31T23:55:00.000,105408,จุดวัดคลองบางพรม ตอนถนนฉิมพลี,105408,-0.13,0.77,0.3382253719,0,,,,0,,,,2024,water
WL.BPM.03,105408,2024-01-01T00:00:00.000,2024-12-31T23:55:00.000,105408,จุดวัดคลองบางพรม ตอนถนนกาญจนาภิเษก,105408,0.02,0.83,0.4302206664,0,,,,0,,,,2024,water
WL.BPM.04,105408,2024-01-01T00:00:00.000,2024-12-31T23:55:00.000,105408,จุดวัดคลองบางพรม ตอนถนนพุทธมณฑลสาย 3,105408,-0.01,0.82,0.3801743701,0,,,,0,,,,2024,water
WL.BPN.01,105408,2024-01-01T00:00:00.000,2024-12-31T23:55:00.000,105408,จุดวัดคลองบางพราน ตอนถนนบางบอน 1,38245,-0.29,0.33,0.0718551445,0,,,,0,,,,2024,water
WL.BPN.02,105408,2024-01-01T00:00:00.000,2024-12-31T23:55:00.000,105408,จุดวัดคลองบางพราน ตอนถนนบางบอน 2,105408,-0.1,0.55,0.1595081019,0,,,,0,,,,2024,water
WL.BPU.01,105408,2024-01-01T00:00:00.000,2024-12-31T23:55:00.000,105408,จุดวัดสถานตากอากาศบางปู,105408,-0.51,2.23,0.4396716568,0,,,,0,,,,2024,water
WL.BSK.01,105408,2024-01-01T00:00:00.000,2024-12-31T23:55:00.000,105408,สถานีสูบน้ำ คลองบางไส้ไก่,105408,-1.56,0.87,-0.0283555328,105408,-1.4,1.95,0.4238042653,0,,,,2024,water
WL.BSU.01,105408,2024-01-01T00:00:00.000,2024-12-31T23:55:00.000,105408,สถานีสูบน้ำ คลองบางซื่อ,105408,-1.44,0.18,-0.5620284039,105408,-1.01,2.04,0.6592585952,0,,,,2024,water
WL.BSU.02,105408,2024-01-01T00:00:00.000,2024-12-31T23:55:00.000,105408,จุดวัดคลองบางซื่อ ช่วงถนนพระรามที่ 5,105408,-1.25,0.17,-0.5047666211,0,,,,0,,,,2024,water
WL.BSU.03,105408,2024-01-01T00:00:00.000,2024-12-31T23:55:00.000,105408,จุดวัดคลองบางซื่อ ตอนถนนพระรามที่ 6,105408,-1.54,0.2,-0.4796608417,0,,,,0,,,,2024,water
WL.BSU.04,105408,2024-01-01T00:00:00.000,2024-12-31T23:55:00.000,105408,จุดวัดคลองบางซื่อ ช่วงถนนพหลโยธิน,105408,-1.12,0.45,-0.5190504516,0,,,,0,,,,2024,water
WL.BSU.05,105408,2024-01-01T00:00:00.000,2024-12-31T23:55:00.000,105408,จุดวัดคลองบางซื่อ ช่วงถนนวิภาวดีรังสิต,105408,-1.6,0.2,-0.4809192851,0,,,,0,,,,2024,water
WL.BSU.06,105408,2024-01-01T00:00:00.000,2024-12-31T23:55:00.000,105408,จุดวัดคลองบางซื่อ ช่วงถนนรัชดาภิเษก (เจ้าพระยาปาร์ค),105408,-1.31,0.02,-0.4950182149,0,,,,0,,,,2024,water
WL.BSU.07,105408,2024-01-01T00:00:00.000,2024-12-31T23:55:00.000,105408,จุดวัดคลองบางซื่อ - ตอนถนนลาดพร้าว,105408,-0.99,0.42,-0.3548387219,0,,,,0,,,,2024,water
WL.BTL.01,105408,2024-01-01T00:00:00.000,2024-12-31T23:55:00.000,105408,จุดวัดคลองบางตลาด ตอนท่าทราย,105408,-0.55,0.95,0.0223400501,0,,,,0,,,,2024,water
WL.BTY.01,105408,2024-01-01T00:00:00.000,2024-12-31T23:55:00.000,105408,จุดวัดคลองบางเตย ตอนถนนนวมินทร์ 66/3,105408,-0.73,0.2,-0.4089195317,0,,,,0,,,,2024,water
WL.BWK.01,105408,2024-01-01T00:00:00.000,2024-12-31T23:55:00.000,105408,จุดวัดคลองบางแวก ตอนคลองบางกอกใหญ่,105408,-0.46,0.93,0.3174757134,0,,,,0,,,,2024,water
WL.BWK.02,105408,2024-01-01T00:00:00.000,2024-12-31T23:55:00.000,105408,จุดวัดคลองบางแวก ตอนถนนพุทธมณฑลสาย 1,105408,0.0,0.9,0.4395032635,0,,,,0,,,,2024,water
WL.BWK.03,105408,2024-01-01T00:00:00.000,2024-12-31T23:55:00.000,105408,จุดวัดคลองบางแวก ตอนคลองทวีวัฒนา,105408,0.09,1.5,0.5152657294,0,,,,0,,,,2024,water
WL.BYI.01,105408,2024-01-01T00:00:00.000,2024-12-31T23:55:00.000,105408,จุดวัดคลองบึงใหญ่ ตอนวัดทองสัมฤทธิ์,105408,-0.74,0.67,-0.1590513054,0,,,,0,,,,2024,water
WL.BYK.01,105408,2024-01-01T00:00:00.000,2024-12-31T23:55:00.000,105408,จุดวัดคลองบางยี่ขัน ตอนถนนจรัญสนิทวงศ์,105408,-0.82,0.81,0.0690204728,0,,,,0,,,,2024,water
WL.BYK.02,105408,2024-01-01T00:00:00.000,2024-12-31T23:55:00.000,105408,จุดวัดคลองบางยี่ขัน ตอนสถานีสูบน้ำคลองบางยี่ขัน,105408,-1.44,0.86,0.0815541515,0,,,,0,,,,2024,water
WL.CBJ.01,105408,2024-01-01T00:00:00.000,2024-12-31T23:55:00.000,105408,จุดวัดคลองชวดบางจาก ตอนถนนประชาอุทิศ,105408,-1.0,0.74,-0.4400061665,0,,,,0,,,,2024,water
WL.CKS.01,105408,2024-01-01T00:00:00.000,2024-12-31T23:55:00.000,105408,สถานีสูบน้ำ คลองเจ้าคุณสิงห์,105408,-1.5,-0.11,-1.0065747382,0,,,,0,,,,2024,water
WL.CKS.02,105408,2024-01-01T00:00:00.000,2024-12-31T23:55:00.000,105408,จุดวัดคลองเจ้าคุณสิงห์ ตอนถนนลาดพร้าว,105408,-1.39,0.3,-0.9062000987,0,,,,0,,,,2024,water
WL.CKS.03,105408,2024-01-01T00:00:00.000,2024-12-31T23:55:00.000,105408,จุดวัดคลองเจ้าคุณสิงห์ ตอนถนนอินทราภรณ์,46240,-1.4,1.2,-0.97079109,0,,,,0,,,,2024,water
WL.CNS.01,105408,2024-01-01T00:00:00.000,2024-12-31T23:55:00.000,105408,สถานีสูบน้ำ คลองช่องนนทรี,105408,-2.59,0.34,-0.9405244384,105408,-1.54,1.97,0.4236884297,0,,,,2024,water
WL.CNS.02,105408,2024-01-01T00:00:00.000,2024-12-31T23:55:00.000,105408,จุดวัดคลองช่องนนทรี ตอนถนนนราธิวาสราชนครินทร์,0,,,,0,,,,0,,,,2024,water
WL.CNS.03,105408,2024-01-01T00:00:00.000,2024-12-31T23:55:00.000,105408,จุดวัดคลองช่องนนทรี ตอนถนนจันทน์,105406,-1.36,0.52,-0.6714144356,0,,,,0,,,,2024,water
WL.CNS.04,105408,2024-01-01T00:00:00.000,2024-12-31T23:55:00.000,105408,จุดวัดคลองช่องนนทรี ตอนถนนสาทรใต้,0,,,,0,,,,0,,,,2024,water
WL.CPA.01,105408,2024-01-01T00:00:00.000,2024-12-31T23:55:00.000,105408,สถานีสูบน้ำ คลองชักพระ,105408,-1.12,0.7,0.2006668374,105408,-1.24,1.93,0.5776394581,0,,,,2024,water
WL.CPA.02,105408,2024-01-01T00:00:00.000,2024-12-31T23:55:00.000,105408,จุดวัดคลองชักพระ ตอนวัดคูหาสวรรค์,47580,-0.44,0.63,0.2062929802,0,,,,0,,,,2024,water
WL.CTC.01,105408,2024-01-01T00:00:00.000,2024-12-31T23:55:00.000,105408,จุดวัดคลองชวดตาเชียง ตอนสถานีสูบน้ำคลองชวดตาเชียง,0,,,,0,,,,0,,,,2024,water
WL.CYI.01,105408,2024-01-01T00:00:00.000,2024-12-31T23:55:00.000,105408,จุดวัดคลองชวดใหญ่ ตอนถนนพระราม 9 ซอย 13,105408,-1.36,0.19,-0.4831579197,0,,,,0,,,,2024,water
WL.CYI.02,105408,2024-01-01T00:00:00.000,2024-12-31T23:55:00.000,105408,จุดวัดคลองชวดใหญ่ ตอนถนนพระราม 9,105408,-1.21,0.15,-0.5509614071,0,,,,0,,,,2024,water
WL.CYI.03,105408,2024-01-01T00:00:00.000,2024-12-31T23:55:00.000,105408,จุดวัดคลองชวดใหญ่-ตอนคลองลาดพร้าว,105408,-0.83,-0.06,-0.4717339291,0,,,,0,,,,2024,water
WL.DKN.01,105408,2024-01-01T00:00:00.000,2024-12-31T23:55:00.000,105408,สถานีสูบน้ำ ดาวคะนอง,105407,-1.33,0.69,0.039485518,105407,-1.58,1.9,0.4482650109,0,,,,2024,water
WL.FTM.01,105408,2024-01-01T00:00:00.000,2024-12-31T23:55:00.000,105408,จุดวัดคลองโบสถ์แม่พระ ตอนถนนดินแดง,105408,-1.64,0.09,-0.7460197518,0,,,,0,,,,2024,water
WL.HKG.01,105408,2024-01-01T00:00:00.000,2024-12-31T23:55:00.000,105408,จุดวัดคลองห้วยขวาง ตอนถนนประชาสงเคราะห์,105408,-1.16,0.3,-0.6233651146,0,,,,0,,,,2024,water
WL.HKG.02,105408,2024-01-01T00:00:00.000,2024-12-31T23:55:00.000,105408,จุดวัดคลองห้วยขวาง ตอนถนนเทียมร่วมมิตร,105407,-1.14,0.33,-0.5006667489,0,,,,0,,,,2024,water
WL.HMK.01,105408,2024-01-01T00:00:00.000,2024-12-31T23:55:00.000,105408,จุดวัดคลองหัวหมาก ตอนถนนศรีนครินทร์,105406,-0.75,0.24,-0.4710300173,0,,,,0,,,,2024,water
WL.HMK.02,105408,2024-01-01T00:00:00.000,2024-12-31T23:55:00.000,105408,จุดวัดคลองหัวหมาก ตอนซอยรามคาแหง 68,45821,-0.73,0.28,-0.4027742738,0,,,,0,,,,2024,water
WL.HMK.03,105408,2024-01-01T00:00:00.000,2024-12-31T23:55:00.000,105408,จุดวัดคลองหัวหมาก ตอนซอยพัฒนาการ 32,46434,-0.79,0.09,-0.4869505104,0,,,,0,,,,2024,water
WL.IDE.01,105408,2024-01-01T00:00:00.000,2024-12-31T23:55:00.000,105408,จุดวัดบ่อสูบน้ำอินโดนีเซีย,0,,,,0,,,,0,,,,2024,water
WL.JKK.01,105408,2024-01-01T00:00:00.000,2024-12-31T23:55:00.000,105408,จุดวัดคลองจระเข้ขบ ตอนถนนสุขาภิบาล 2 ซอย 2,105408,-0.53,0.31,-0.265204918,0,,,,0,,,,2024,water
WL.JRN.01,105408,2024-01-01T00:00:00.000,2024-12-31T23:55:00.000,105408,สถานีสูบน้ำ คลองแจงร้อน,105408,-1.6,0.59,-0.0682604736,105408,-1.59,1.99,0.4632156003,0,,,,2024,water
WL.KBU.01,105408,2024-01-01T00:00:00.000,2024-12-31T23:55:00.000,105408,ประตูระบายน้ำ คลองบัว ตอนทางรถไฟสายใต้,105408,-0.64,0.91,0.3152339481,105408,-0.91,1.73,0.6325512295,0,,,,2024,water
WL.KBU.02,105408,2024-01-01T00:00:00.000,2024-12-31T23:55:00.000,105408,จุดวัดคลองบัว ตอนถนนพุทธมณฑลสาย 1,105408,-0.16,0.82,0.340433838,0,,,,0,,,,2024,water
WL.KCD.01,105408,2024-01-01T00:00:00.000,2024-12-31T23:55:00.000,105408,จุดวัดคลองกระเฉด (โรงควบคุมคุณภาพน้ำรามอินทรา),105408,-1.96,-0.16,-1.6373670879,0,,,,0,,,,2024,water
WL.KDN.01,105408,2024-01-01T00:00:00.000,2024-12-31T23:55:00.000,105408,ประตูระบายน้ำ คลองวัดด่าน,105408,-1.77,0.49,-0.5138462925,105408,-1.28,2.02,0.4038957195,0,,,,2024,water
WL.KJA.01,105408,2024-01-01T00:00:00.000,2024-12-31T23:55:00.000,105408,จุดวัดคลองกะจะ ตอนถนนพระราม 9,105408,-1.33,-0.18,-0.8994970021,0,,,,0,,,,2024,water
WL.KJA.02,105408,2024-01-01T00:00:00.000,2024-12-31T23:55:00.000,105408,จุดวัดคลองกะจะ ตอนถนนพระราม 9 ซอย 57,105394,-1.04,0.09,-0.6558432169,0,,,,0,,,,2024,water
WL.KJG.01,105408,2024-01-01T00:00:00.000,2024-12-31T23:55:00.000,105408,จุดวัดคลองจิก ตอนถนนหัวหมาก,105408,-1.29,-0.08,-0.722857563,0,,,,0,,,,2024,water
WL.KJK.01,105408,2024-01-01T00:00:00.000,2024-12-31T23:55:00.000,105408,สถานีสูบน้ำ คลองเจ็ก,105408,-1.27,0.09,-0.7117478749,105408,-1.38,2.03,0.4144327755,0,,,,2024,water
WL.KJK.02,105408,2024-01-01T00:00:00.000,2024-12-31T23:55:00.000,105408,จุดวัดคลองเจ็ก ตอนถนนสุขุมวิท 60/1,105408,-1.44,0.36,-0.8275217251,0,,,,0,,,,2024,water
WL.KJN.01,105408,2024-01-01T00:00:00.000,2024-12-31T23:55:00.000,105408,จุดวัดคลองจั่น ตอนถนนลาดพร้าว,105407,-0.88,0.32,-0.4514452551,0,,,,0,,,,2024,water
WL.KJN.02,105408,2024-01-01T00:00:00.000,2024-12-31T23:55:00.000,105408,จุดวัดคลองจั่น ตอนถนนโยธินพัฒนา,105408,-0.86,0.64,-0.4315864071,0,,,,0,,,,2024,water
WL.KJT.01,105408,2024-01-01T00:00:00.000,2024-12-31T23:55:00.000,105408,"""จุดวัดคลองจิต ตอนซอยลาดพร้าว 122 """,105408,-1.68,-0.24,-0.9602817623,0,,,,0,,,,2024,water
WL.KJU.01,105408,2024-01-01T00:00:00.000,2024-12-31T23:55:00.000,105408,จุดวัดคลองขุนจันทร์ ตอนถนนฉิมพลี,105408,-0.85,1.4,-0.2964726586,0,,,,0,,,,2024,water
WL.KKD.01,105408,2024-01-01T00:00:00.000,2024-12-31T23:55:00.000,105408,จุดวัดคลองเคล็ด ตอนถนนสุขุมวิท 77,105407,-1.72,0.04,-0.8270096863,0,,,,0,,,,2024,water
WL.KKD.02,105408,2024-01-01T00:00:00.000,2024-12-31T23:55:00.000,105408,จุดวัดคลองเคล็ด ตอนถนนสุภาพงษ์ 1,105408,-1.3,0.08,-0.773715847,0,,,,0,,,,2024,water
WL.KKD.03,105408,2024-01-01T00:00:00.000,2024-12-31T23:55:00.000,105408,จุดวัดคลองเคล็ด ตอนถนนศรีนครินทร์,105408,-0.95,0.3,-0.541429493,0,,,,0,,,,2024,water
WL.KKD.04,105408,2024-01-01T00:00:00.000,2024-12-31T23:55:00.000,105408,จุดวัดคลองเคล็ด ตอนซอยเปรมฤทัย 20*,22165,-1.09,0.26,-0.5265093616,0,,,,0,,,,2024,water
WL.KKO.01,105408,2024-01-01T00:00:00.000,2024-12-31T23:55:00.000,105408,จุดวัดคลองเก้า ตอนวัดศรีสุขสถาพร,105408,-0.84,1.18,0.2637251442,0,,,,0,,,,2024,water
WL.KKS.01,105408,2024-01-01T00:00:00.000,2024-12-31T23:55:00.000,105408,สถานีสูบน้ำ เทเวศร์,105408,-1.17,0.15,-0.4994958637,105408,-1.27,1.93,0.5101529296,0,,,,2024,water
WL.KKS.02,105408,2024-01-01T00:00:00.000,2024-12-31T23:55:00.000,105408,จุดวัดคลองผดุงกรุงเกษม ตอนทำเนียบรัฐบาล,105408,-1.2,0.35,-0.4808914883,0,,,,0,,,,2024,water
WL.KKS.03,105408,2024-01-01T00:00:00.000,2024-12-31T23:55:00.000,105408,จุดวัดคลองผดุงกรุงเกษม ตอนหัวลำโพง,105408,-1.28,0.57,-0.537369175,0,,,,0,,,,2024,water
WL.KKS.04,105408,2024-01-01T00:00:00.000,2024-12-31T23:55:00.000,105408,สถานีสูบน้ำ กรุงเกษม,105408,-1.33,0.22,-0.5105235845,60089,-1.12,1.83,0.6161841602,0,,,,2024,water
WL.KKY.01,105408,2024-01-01T00:00:00.000,2024-12-31T23:55:00.000,105408,จุดวัดคลองควาย ตอนถนนศาลาธรรมสพน์,105408,0.04,1.01,0.5027811931,0,,,,0,,,,2024,water
WL.KKY.02,105408,2024-01-01T00:00:00.000,2024-12-31T23:55:00.000,105408,จุดวัดคลองควาย ตอนถนนบรมราชชนนี,99790,-0.03,0.89,0.4088770418,0,,,,0,,,,2024,water
WL.KLA.01,105408,2024-01-01T00:00:00.000,2024-12-31T23:55:00.000,105408,จุดวัดคลองลาว ตอนถนนพัฒนาการ,105407,-0.73,0.26,-0.4502614627,0,,,,0,,,,2024,water
WL.KLD.01,105408,2024-01-01T00:00:00.000,2024-12-31T23:55:00.000,105408,จุดวัดคลองหลอด ตอนสถานีสูบน้ำปากคลองตลาด,105408,-0.64,0.82,-0.0159266849,0,,,,0,,,,2024,water
WL.KLD.02,105408,2024-01-01T00:00:00.000,2024-12-31T23:55:00.000,105408,จุดวัดคลองหลอด ตอนถนนราชดำเนินใน,105408,-0.68,0.83,-0.0042089784,0,,,,0,,,,2024,water
WL.KLT.01,105408,2024-01-01T00:00:00.000,2024-12-31T23:55:00.000,105408,จุดวัดคลองตัน ช่วงใต้ทางด่วน,90569,-1.06,-0.2,-0.6379201493,0,,,,0,,,,2024,water
WL.KMN.01,105408,2024-01-01T00:00:00.000,2024-12-31T23:55:00.000,105408,สถานีสูบน้ำ คลองมอญ,105111,-1.09,0.92,0.1546518442,105408,-1.12,1.93,0.5340692357,0,,,,2024,water
WL.KNB.01,105408,2024-01-01T00:00:00.000,2024-12-31T23:55:00.000,105408,จุดวัดคลองหนองบอน ตอนอ่อนนุช 66 ซอย 13,105407,-1.1,-0.11,-0.5273078638,0,,,,0,,,,2024,water
WL.KNB.02,105408,2024-01-01T00:00:00.000,2024-12-31T23:55:00.000,105408,จุดวัดคลองหนองบอน ตอนถนนเฉลิมพระเกียรติรัชกาลที่ 9,105408,-0.6,0.28,-0.3795027892,0,,,,0,,,,2024,water
WL.KPG.01,105408,2024-01-01T00:00:00.000,2024-12-31T23:55:00.000,105408,จุดวัดคลองเป้ง ตอนซอยเอกมัย 23,105408,-2.48,-0.31,-1.0730784191,0,,,,0,,,,2024,water
WL.KPM.01,105408,2024-01-01T00:00:00.000,2024-12-31T23:55:00.000,105408,จุดวัดคลองเปรมประชากร ช่วงสถานีน้ำอุโมงค์คลองเปรมประชากร,105408,-1.0,0.25,-0.3538119498,0,,,,0,,,,2024,water
WL.KPM.02,105408,2024-01-01T00:00:00.000,2024-12-31T23:55:00.000,105408,จุดวัดคลองเปรมประชากร ตอนถนนรัชดาภิเษก,21155,-0.5,1.0,-0.0046523281,0,,,,0,,,,2024,water
WL.KPM.03,105408,2024-01-01T00:00:00.000,2024-12-31T23:55:00.000,105408,จุดวัดคลองเปรมประชากร ช่วงวัดเทวสุนทร,105408,-0.8,0.65,-0.2404439891,0,,,,0,,,,2024,water
WL.KPM.04,105408,2024-01-01T00:00:00.000,2024-12-31T23:55:00.000,105408,คลองเปรมประชากร ตอนคลองบางตลาด*,105408,-0.46,0.99,0.0563896478,0,,,,0,,,,2024,water
WL.KPM.05,105408,2024-01-01T00:00:00.000,2024-12-31T23:55:00.000,105408,จุดวัดคลองเปรมประชากร ตอนถนนสรงประภา,105408,-0.08,1.22,0.3003275842,0,,,,0,,,,2024,water
WL.KPM.06,105408,2024-01-01T00:00:00.000,2024-12-31T23:55:00.000,105408,จุดวัดคลองเปรมประชากร ตอนคลองบ้านใหม่,105408,-0.13,1.19,0.2963112857,0,,,,0,,,,2024,water
WL.KSG.01,105408,2024-01-01T00:00:00.000,2024-12-31T23:55:00.000,105408,จุดวัดคลองสอง ตอนถนนพหลโยธิน,105408,-0.48,1.03,0.0423102611,0,,,,0,,,,2024,water
WL.KSI.01,105408,2024-01-01T00:00:00.000,2024-12-31T23:55:00.000,105408,จุดวัดคลองสี่ ตอนถนนสุวินทวงศ์,105403,-0.66,0.49,-0.148106885,0,,,,0,,,,2024,water
WL.KSI.02,105408,2024-01-01T00:00:00.000,2024-12-31T23:55:00.000,105408,จุดวัดคลองสี่ ตอนถนนเจ้าคุณทหาร,105408,-0.66,0.55,-0.1995017456,0,,,,0,,,,2024,water
WL.KSK.01,105408,2024-01-01T00:00:00.000,2024-12-31T23:55:00.000,105408,"""จุดวัดคลองขุนสกล ตอนซอยศรีนครินทร์ 36 """,101426,-1.01,-0.21,-0.6592086842,0,,,,0,,,,2024,water
WL.KSM.01,105408,2024-01-01T00:00:00.000,2024-12-31T23:55:00.000,105408,จุดวัดคลองสาม ตอนร่มเกล้า 17,105408,-0.67,0.56,-0.1509042008,0,,,,0,,,,2024,water
WL.KSM.02,105408,2024-01-01T00:00:00.000,2024-12-31T23:55:00.000,105408,จุดวัดคลองสาม ตอนมอเตอร์เวย์,105408,-0.58,0.48,-0.1625086331,0,,,,0,,,,2024,water
WL.KSO.01,105408,2024-01-01T00:00:00.000,2024-12-31T23:55:00.000,105408,จุดวัดคลองซอย ตอนถนนบรมราชชนนี,105408,0.1,0.91,0.5002910595,0,,,,0,,,,2024,water
WL.KSO.02,105408,2024-01-01T00:00:00.000,2024-12-31T23:55:00.000,105408,จุดวัดคลองซอย ตอนถนนศาลาธรรมสพน์,105408,0.12,1.03,0.6173824567,0,,,,0,,,,2024,water
WL.KTK.03,105408,2024-01-01T00:00:00.000,2024-12-31T23:55:00.000,105408,จุดวัดคลองขรัวตาแก่น ตอนซอยสะพานขวา,105408,-1.0,0.51,-0.3953870674,0,,,,0,,,,2024,water
WL.KTY.01,105408,2024-01-01T00:00:00.000,2024-12-31T23:55:00.000,105408,สถานีสูบน้ำ คลองเตย,105408,-2.33,-0.58,-1.6428395378,105408,-1.65,1.97,0.392630066,0,,,,2024,water
WL.LBK.01,105408,2024-01-01T00:00:00.000,2024-12-31T23:55:00.000,105408,จุดวัดคลองลาดบัวขาว ตอนถนนรามคำแหง,105408,-0.62,0.56,-0.209026924,0,,,,0,,,,2024,water
WL.LBK.02,105408,2024-01-01T00:00:00.000,2024-12-31T23:55:00.000,105408,จุดวัดคลองลาดบัวขาว ตอนถนนเคหะร่มเกล้า,105408,-0.75,0.39,-0.2834687121,0,,,,0,,,,2024,water
WL.LBK.03,105408,2024-01-01T00:00:00.000,2024-12-31T23:55:00.000,105408,จุดวัดคลองลาดบัวขาว ตอนซอยกาญจนาภิเษก 24,105408,-0.62,0.4,-0.3135089367,0,,,,0,,,,2024,water
WL.LCL.01,105408,2024-01-01T00:00:00.000,2024-12-31T23:55:00.000,105408,จุดวัดคลองลำชะล่า ตอนถนนนวมินทร์,105408,-2.09,1.7,-0.044147503,0,,,,0,,,,2024,water
WL.LCL.02,105408,2024-01-01T00:00:00.000,2024-12-31T23:55:00.000,105408,จุดวัดคลองลำชะล่า ตอนซอยนวมินทร์ 86,105408,-0.49,1.0,-0.1883616993,0,,,,0,,,,2024,water
WL.LKB.01,105408,2024-01-01T00:00:00.000,2024-12-31T23:55:00.000,105408,จุดวัดคลองลาดกระบัง ตอนซอยลาดกระบัง 54/6,105407,-0.55,0.48,-0.150970334,0,,,,0,,,,2024,water
WL.LOA.01,105408,2024-01-01T00:00:00.000,2024-12-31T23:55:00.000,105408,จุดวัดคลองรางอ้อ-รางแก้ว ตอนถนนพหลโยธิน,105408,-1.3,0.91,0.0399427937,0,,,,0,,,,2024,water
WL.LPC.01,105408,2024-01-01T00:00:00.000,2024-12-31T23:55:00.000,105408,จุดวัดคลองลำผักชี ตอนโรงเรียนลำผักชี,105408,-0.73,0.58,-0.1364783508,0,,,,0,,,,2024,water
WL.LPG.01,105408,2024-01-01T00:00:00.000,2024-12-31T23:55:00.000,105408,จุดวัดคลองหลวงแพ่ง ตอนโรงเรียนผลลีรุ่งเรือง,0,,,,0,,,,0,,,,2024,water
WL.LPG.02,105408,2024-01-01T00:00:00.000,2024-12-31T23:55:00.000,105408,ประตูระบายน้ำ คลองหลวงแพ่ง,105408,-1.12,0.88,-0.297281231,105408,-0.39,1.09,0.095433838,0,,,,2024,water
WL.LPG.03,105408,2024-01-01T00:00:00.000,2024-12-31T23:55:00.000,105408,จุดวัดคลองหลวงแพ่ง ตอนวัดลำต้อยติ่ง,105403,-1.05,0.55,-0.1826503989,0,,,,0,,,,2024,water
WL.LPI.01,105408,2024-01-01T00:00:00.000,2024-12-31T23:55:00.000,105408,จุดวัดคลองหลุมไผ่ ตอนซอยลาดปลาเค้า 63,0,,,,0,,,,0,,,,2024,water
WL.LPI.02,105408,2024-01-01T00:00:00.000,2024-12-31T23:55:00.000,105408,จุดวัดคลองหลุมไผ่ ตอนถนนประเสริฐมนูกิจ29,105120,-0.68,1.14,-0.052858067,0,,,,0,,,,2024,water
WL.LPN.01,105408,2024-01-01T00:00:00.000,2024-12-31T23:55:00.000,105408,สถานีสูบน้ำ คลองเลนเปน,105408,-2.33,1.18,-0.2648928924,105408,-0.66,1.9,0.565984745,0,,,,2024,water
WL.LPP.01,105408,2024-01-01T00:00:00.000,2024-12-31T23:55:00.000,105408,จุดวัดบึงรับน้ำลำพังพวย ตอนถนนนวมินทร์,46449,-2.0,1.2,-1.2222913303,0,,,,0,,,,2024,water
WL.LPT.01,105408,2024-01-01T00:00:00.000,2024-12-31T23:55:00.000,105408,จุดวัดคลองลำปลาทิว ตอนถนนสังฆสันติสุข,105408,-0.62,0.69,-0.0390201882,0,,,,0,,,,2024,water
WL.LPT.02,105408,2024-01-01T00:00:00.000,2024-12-31T23:55:00.000,105408,จุดวัดคลองลำปลาทิว ตอนซอยฉลองกรุง 54,66406,-2.0,0.97,-0.4292438936,0,,,,0,,,,2024,water
WL.LPT.03,105408,2024-01-01T00:00:00.000,2024-12-31T23:55:00.000,105408,จุดวัดคลองลำปลาทิว ตอนซอยฉลองกรุง 8,105408,-0.74,0.45,-0.2345488957,0,,,,0,,,,2024,water
WL.LPT.04,105408,2024-01-01T00:00:00.000,2024-12-31T23:55:00.000,105408,"""จุดวัดคลองลำปลาทิว ตอนซอยเชื่อมสัมพันธ์ 25 """,66112,-2.0,2.0,-0.2116547677,0,,,,0,,,,2024,water
WL.LPW.01,105408,2024-01-01T00:00:00.000,2024-12-31T23:55:00.000,105408,ประตูระบายน้ำ คลองลาดพร้าว,105408,-0.76,0.39,-0.3832853294,105408,-0.82,0.43,-0.3958103749,0,,,,2024,water
WL.LPW.02,105408,2024-01-01T00:00:00.000,2024-12-31T23:55:00.000,105408,จุดวัดคลองลาดพร้าว ช่วงวัดลาดพร้าว,105408,-0.79,0.64,-0.2896266887,0,,,,0,,,,2024,water
WL.LPW.03,105408,2024-01-01T00:00:00.000,2024-12-31T23:55:00.000,105408,จุดวัดคลองลาดพร้าว ช่วงซอยเสนานิคม,105408,-0.45,0.86,-0.1998758159,0,,,,0,,,,2024,water
WL.LPW.04,105408,2024-01-01T00:00:00.000,2024-12-31T23:55:00.000,105408,จุดวัดคลองลาดพร้าว ตอนถนนประชาอุทิศ,105408,-0.81,0.16,-0.4507415946,0,,,,0,,,,2024,water
WL.LPW.05,105408,2024-01-01T00:00:00.000,2024-12-31T23:55:00.000,105408,จุดวัดคลองลาดพร้าว ช่วงถนนประดิษฐ์มนูธรรม,105408,-0.95,0.06,-0.5145063942,0,,,,0,,,,2024,water
WL.LSG.01,105408,2024-01-01T00:00:00.000,2024-12-31T23:55:00.000,105408,จุดวัดคลองหลอด 2 ตอนถนนบางนา ตราด,105408,-2.1,0.06,-0.9367420879,0,,,,0,,,,2024,water
WL.LSM.01,105408,2024-01-01T00:00:00.000,2024-12-31T23:55:00.000,105408,จุดวัดคลองหลอด 3 ตอนถนนบางนา ตราด,105408,-0.89,0.38,-0.4677328097,0,,,,0,,,,2024,water
WL.LYW.01,105408,2024-01-01T00:00:00.000,2024-12-31T23:55:00.000,105408,จุดวัดคลองลาดยาว ตอน ถนนรัชดาภิเษก,105408,-1.75,0.14,-1.2819040301,0,,,,0,,,,2024,water
WL.LYW.02,105408,2024-01-01T00:00:00.000,2024-12-31T23:55:00.000,105408,จุดวัดคลองลาดยาว ตอนถนนวิภาวดีรังสิต 44,105408,-1.47,0.16,-1.1113701047,0,,,,0,,,,2024,water
WL.MCM.01,105408,2024-01-01T00:00:00.000,2024-12-31T23:55:00.000,105408,จุดวัดคลองหมื่นแช่ม ตอนถนนเอกชัย,50741,-0.19,0.63,0.1677655151,0,,,,0,,,,2024,water
WL.MFS.01,105408,2024-01-01T00:00:00.000,2024-12-31T23:55:00.000,105408,จุดวัดบึงรับน้ำหมู่บ้านแฟรนต์ชิพ ตอนประตูระบายน้ำคลองออหลาว,46013,-2.0,2.27,-0.486446439,0,,,,0,,,,2024,water
WL.MID.01,105408,2024-01-01T00:00:00.000,2024-12-31T23:55:00.000,105408,จุดวัดคูน้ำกรมสารวัตรทหาร,2440,-0.67,1.0,-0.3967295082,0,,,,0,,,,2024,water
WL.MKT.01,105408,2024-01-01T00:00:00.000,2024-12-31T23:55:00.000,105408,จุดวัดคลองมะขามเทศ ตอนถนนพัฒนาการ,46169,-0.6,0.17,-0.3467281076,0,,,,0,,,,2024,water
WL.MSW.01,105408,2024-01-01T00:00:00.000,2024-12-31T23:55:00.000,105408,จุดวัดคลองมหาสวัสดิ์ ตอนคลองสวนแดน 2,105408,-1.01,2.1,0.8145255578,0,,,,0,,,,2024,water
WL.MSW.02,105408,2024-01-01T00:00:00.000,2024-12-31T23:55:00.000,105408,จุดวัดคลองมหาสวัสดิ์ ตอนวัดปุรณาวาส,105408,0.26,1.01,0.6799689777,0,,,,0,,,,2024,water
WL.MSW.03,105408,2024-01-01T00:00:00.000,2024-12-31T23:55:00.000,105408,จุดวัดคลองมหาสวัสดิ์ ตอนถนนพุทธมณฑลสาย 2,105408,-0.41,1.66,0.6426198201,0,,,,0,,,,2024,water
WL.MTG.01,105408,2024-01-01T00:00:00.000,2024-12-31T23:55:00.000,105408,จุดวัดบึงรับน้ำหมู่บ้านเมืองทองการ์เด้น ตอนประตูระบายน้ำ แก้มลิง หมู่บ้านเมืองทองการ์เด้น,47602,-0.88,0.15,-0.6566039242,0,,,,0,,,,2024,water
WL.NBN.01,105408,2024-01-01T00:00:00.000,2024-12-31T23:55:00.000,105408,จุดวัดบึงหนองบอน,105408,-4.57,-0.94,-2.4716392494,105408,-1.08,0.0,-0.4549318837,0,,,,2024,water
WL.NCH.02,105408,2024-01-01T00:00:00.000,2024-12-31T23:55:00.000,105408,จุดวัดคูน้ำนายใช้ ตอนคลองเปรมประชากร,47852,-1.25,1.25,0.3838734013,0,,,,0,,,,2024,water
WL.NK1.01,105408,2024-01-01T00:00:00.000,2024-12-31T23:55:00.000,105408,จุดวัดคูนายกิมสาย 1 ตอนถนนเลียบคูนายกิมสาย 1,47572,-2.0,1.29,0.3381951568,0,,,,0,,,,2024,water
WL.NK3.01,105408,2024-01-01T00:00:00.000,2024-12-31T23:55:00.000,105408,จุดวัดคลองคูนายกิมสาย 3  ตอนถนนประชาอุทิศ,105406,-0.59,1.54,-0.1589618238,0,,,,0,,,,2024,water
WL.NKW.01,105408,2024-01-01T00:00:00.000,2024-12-31T23:55:00.000,105408,จุดวัดคลองน้ำแก้ว ตอนถนนรัชดาภิเษก,0,,,,0,,,,0,,,,2024,water
WL.NKW.02,105408,2024-01-01T00:00:00.000,2024-12-31T23:55:00.000,105408,จุดวัดคลองน้ำแก้ว ตอนซอยลาดพร้าว 41,105408,-1.78,0.62,-1.0137056011,0,,,,0,,,,2024,water
WL.NSG.01,105408,2024-01-01T00:00:00.000,2024-12-31T23:55:00.000,105408,จุดวัดคลองนาซอง ตอนถนนประชาสุข,105408,-1.15,0.74,-0.6264022655,0,,,,0,,,,2024,water
WL.OAG.01,105408,2024-01-01T00:00:00.000,2024-12-31T23:55:00.000,105408,"""จุดวัดคลองโอ่งอ่าง ตอนประตูระบายน้ำวัดเทพธิดาราม """,79060,-1.24,0.18,-0.5769186694,0,,,,0,,,,2024,water
WL.ORC.01,105408,2024-01-01T00:00:00.000,2024-12-31T23:55:00.000,105408,สถานีสูบน้ำ คลองอรชร,105408,-2.61,0.05,-0.9839272162,105408,-1.2,0.22,-0.4382028878,0,,,,2024,water
WL.PKG.01,105408,2024-01-01T00:00:00.000,2024-12-31T23:55:00.000,105408,สถานีสูบน้ำ ปากคลองตลาด,105408,-0.51,1.95,0.5190917198,0,,,,0,,,,2024,water
WL.PKN.01,105408,2024-01-01T00:00:00.000,2024-12-31T23:55:00.000,105408,สถานีสูบน้ำ พระโขนง,105408,-1.17,-0.01,-0.627967327,105408,-1.48,2.79,0.4569824871,0,,,,2024,water
WL.PLK.01,105408,2024-01-01T00:00:00.000,2024-12-31T23:55:00.000,105408,จุดวัดคลองพิทยาลงกรณ์ ช่วงโรงเรียนพิทยาลงกรณ์พิทยาคม,105408,-2.0,1.6,0.2272043868,0,,,,0,,,,2024,water
WL.PLP.01,105408,2024-01-01T00:00:00.000,2024-12-31T23:55:00.000,105408,จุดวัดคลองปลัดเปรียง ตอนถนนเฉลิมพระเกียรติร.9 ซอย14,47432,-0.67,0.5,-0.3797217069,0,,,,0,,,,2024,water
WL.PNM.01,105408,2024-01-01T00:00:00.000,2024-12-31T23:55:00.000,105408,จุดวัดคลองปากน้ำ ตอนถนนคู่ขนานกาญจนาภิเษก,105408,-0.41,0.48,-0.150701275,0,,,,0,,,,2024,water
WL.PPA.02,105408,2024-01-01T00:00:00.000,2024-12-31T23:55:00.000,105408,จุดวัดคลองพลับพลา ตอนศูนย์แพทย์พัฒนา,4,-0.19,-0.18,-0.1825,0,,,,0,,,,2024,water
WL.PSC.01,105408,2024-01-01T00:00:00.000,2024-12-31T23:55:00.000,105408,สถานีสูบน้ำ คลองภาษีเจริญ,105408,-0.33,0.63,0.262184559,105408,-0.59,1.07,0.2168523262,0,,,,2024,water
WL.PSC.02,105408,2024-01-01T00:00:00.000,2024-12-31T23:55:00.000,105408,จุดวัดคลองภาษีเจริญ ตอนวัดรางบัว,105408,-0.21,0.79,0.2544283166,0,,,,0,,,,2024,water
WL.PSC.03,105408,2024-01-01T00:00:00.000,2024-12-31T23:55:00.000,105408,จุดวัดคลองราชมนตรี ตอนคลองภาษีเจริญ,105408,-0.11,0.83,0.2807875114,0,,,,0,,,,2024,water
WL.PSC.04,105408,2024-01-01T00:00:00.000,2024-12-31T23:55:00.000,105408,จุดวัดคลองภาษีเจริญ ตอนคลองมหาศร,0,,,,0,,,,0,,,,2024,water
WL.PSC.05,105408,2024-01-01T00:00:00.000,2024-12-31T23:55:00.000,105408,จุดวัดคลองภาษีเจริญ ตอนวัดหนองแขม,54581,0.0,0.69,0.27715084,0,,,,0,,,,2024,water
WL.PSI.01,105408,2024-01-01T00:00:00.000,2024-12-31T23:55:00.000,105408,จุดวัดคลองพร้อมศรี 2 ตอนถนนสุขุมวิท 49/13,105408,-1.5,0.03,-1.1343592517,0,,,,0,,,,2024,water
WL.PSR.01,105408,2024-01-01T00:00:00.000,2024-12-31T23:55:00.000,105408,ประตูระบายน้ำ คลองพระยาสุเรนทร์,105408,-0.37,1.38,0.3394226245,105408,-0.03,1.65,0.6549371964,0,,,,2024,water
WL.PSR.02,105408,2024-01-01T00:00:00.000,2024-12-31T23:55:00.000,105408,จุดวัดคลองพระยาสุเรนทร์ ตอนถนนหนองระแหง,105408,-0.14,1.26,0.376328457,0,,,,0,,,,2024,water
WL.PSR.03,105408,2024-01-01T00:00:00.000,2024-12-31T23:55:00.000,105408,จุดวัดคลองพระยาสุเรนทร์ ตอนถนนจตุโชติ,105408,-0.22,1.08,0.3287597716,0,,,,0,,,,2024,water
WL.PSR.04,105408,2024-01-01T00:00:00.000,2024-12-31T23:55:00.000,105408,ปตร.พระยาสุเรนทร์ ตอนคู้บอน,105408,-0.53,0.72,-0.1324332119,0,,,,0,,,,2024,water
WL.PSR.05,105408,2024-01-01T00:00:00.000,2024-12-31T23:55:00.000,105408,จุดวัดคลองพระยาสุเรนทร์ ตอนปัญญาอินทรา,105408,-0.56,0.69,-0.1670496547,0,,,,0,,,,2024,water
WL.PSR.06,105408,2024-01-01T00:00:00.000,2024-12-31T23:55:00.000,105408,จุดวัดคลองพระยาสุเรนทร์ ตอนบางชัน,105408,-0.57,0.6,-0.1153445659,0,,,,0,,,,2024,water
WL.PST.01,105408,2024-01-01T00:00:00.000,2024-12-31T23:55:00.000,105408,จุดวัดบึงรับน้ำปูนซีเมนต์ไทย ตอนสถานีสูบน้ำบึงบางซื่อ,47571,-1.39,0.2,-0.8214149377,0,,,,0,,,,2024,water
WL.PWT.01,105408,2024-01-01T00:00:00.000,2024-12-31T23:55:00.000,105408,จุดวัดคลองประเวศ ตอนซอยอ่อนนุช 17,105408,-0.82,-0.23,-0.539577736,0,,,,0,,,,2024,water
WL.PWT.02,105408,2024-01-01T00:00:00.000,2024-12-31T23:55:00.000,105408,จุดวัดคลองประเวศบุรีรมย์ ตอนวัดขจรศิริ,105408,-0.83,0.16,-0.4277071,0,,,,0,,,,2024,water
WL.PWT.03,105408,2024-01-01T00:00:00.000,2024-12-31T23:55:00.000,105408,ประตูระบายน้ำ คลองประเวศบุรีรมย์ ตอนวัดกระทุ่มเสือปลา,105408,-0.71,0.19,-0.4007388434,105408,-0.65,0.4,-0.3421972716,0,,,,2024,water
WL.PWT.04,105408,2024-01-01T00:00:00.000,2024-12-31T23:55:00.000,105408,ประตูระบายน้ำ คลองประเวศบุรีรมย์ ตอนลาดกระบัง,105408,-0.64,0.39,-0.3431224385,105408,-0.65,0.4,-0.2589581436,0,,,,2024,water
WL.PWT.05,105408,2024-01-01T00:00:00.000,2024-12-31T23:55:00.000,105408,จุดวัดคลองประเวศบุรีรมย์ ตอน รพ.ลาดกระบัง,105408,-0.7,0.42,-0.2273705032,0,,,,0,,,,2024,water
WL.PWT.06,105408,2024-01-01T00:00:00.000,2024-12-31T23:55:00.000,105408,จุดวัดคลองประเวศบุรีรมย์ ตอนถนนร่วมพัฒนา,105408,-0.63,0.46,-0.1421236529,0,,,,0,,,,2024,water
WL.PYW.01,105408,2024-01-01T00:00:00.000,2024-12-31T23:55:00.000,105408,จุดวัดคลองพญาเวิก ตอนปตร.คลองพญาเวิก,105407,-1.59,0.5,-0.7502090943,0,,,,0,,,,2024,water
WL.RHN.01,105408,2024-01-01T00:00:00.000,2024-12-31T23:55:00.000,105408,สถานีสูบน้ำ คลองระหาญ,105408,-1.56,0.48,-0.1948956436,105408,-0.55,1.49,0.3871667236,0,,,,2024,water
WL.RJK.01,105408,2024-01-01T00:00:00.000,2024-12-31T23:55:00.000,105408,ประตูระบายน้ำ คลองรางจาก ตอนถนนประชาอุทิศ,105408,-0.13,0.75,0.3845821949,105408,-0.13,0.86,0.3944259449,0,,,,2024,water
WL.RKC.01,105408,2024-01-01T00:00:00.000,2024-12-31T23:55:00.000,105408,จุดวัดคลองข้างศูนย์ราชการ,105408,-1.31,1.31,-0.2302163972,0,,,,0,,,,2024,water
WL.RMT.01,105408,2024-01-01T00:00:00.000,2024-12-31T23:55:00.000,105408,สถานีสูบน้ำ คลองพระยาราชมนตรี,105408,-1.55,0.35,-0.3631139003,105408,-0.57,1.1,0.5790660102,0,,,,2024,water
WL.RMT.02,105408,2024-01-01T00:00:00.000,2024-12-31T23:55:00.000,105408,จุดวัดคลองพระยาราชมนตรี ตอนถนนพระรามที่ 2,105408,-0.38,0.43,0.0538591947,0,,,,0,,,,2024,water
WL.RMT.03,105408,2024-01-01T00:00:00.000,2024-12-31T23:55:00.000,105408,จุดวัดคลองพระยาราชมนตรี ตอนถนน กัลปพฤกษ์,66637,-0.09,0.65,0.2118572265,0,,,,0,,,,2024,water
WL.RSK.01,105408,2024-01-01T00:00:00.000,2024-12-31T23:55:00.000,105408,จุดวัดคลองราษฎร์สามัคคี ตอนถนนเพชรเกษม 63,104745,-0.01,0.73,0.2957607523,0,,,,0,,,,2024,water
WL.SBR.01,105408,2024-01-01T00:00:00.000,2024-12-31T23:55:00.000,105408,ประตูระบายน้ำ คลองขุนศรีบุรีรักษ์ ตอนคลองมหาสวัสดิ์,105408,-0.07,1.08,0.5469100068,105408,0.23,1.19,0.7168586825,0,,,,2024,water
WL.SBR.02,105408,2024-01-01T00:00:00.000,2024-12-31T23:55:00.000,105408,จุดวัดคลองบางขุนศรีบุรีรักษ์ ตอนถนนบรมราชชนนี,105408,0.04,0.89,0.4580527095,0,,,,0,,,,2024,water
WL.SBT.01,105408,2024-01-01T00:00:00.000,2024-12-31T23:55:00.000,105408,สถานีสูบน้ำ คลองสี่บาท,105408,-2.0,0.4,-0.1570677747,105408,-0.66,0.57,0.0674770416,0,,,,2024,water
WL.SCO.01,105408,2024-01-01T00:00:00.000,2024-12-31T23:55:00.000,105408,"""จุดวัดคลองศาลเจ้า ตอนถนนสวนผัก """,105408,-1.01,0.93,0.0548834054,0,,,,0,,,,2024,water
WL.SDN.01,105408,2024-01-01T00:00:00.000,2024-12-31T23:55:00.000,105408,"""จุดวัดคลองสวนแดน ตอนถนนชัยพฤกษ์ """,105408,-0.87,0.56,0.0352451427,0,,,,0,,,,2024,water
WL.SKG.01,105408,2024-01-01T00:00:00.000,2024-12-31T23:55:00.000,105408,จุดวัดคลองสะแกงาม ตอนถนนกาญจนาภิเษก,105408,-1.22,0.37,-0.3060682301,0,,,,0,,,,2024,water
WL.SKT.01,105408,2024-01-01T00:00:00.000,2024-12-31T23:55:00.000,105408,จุดวัดคลองทรงกระเทียม ตอนถนนนาคนิวาส,105408,-1.01,0.62,-0.64616642,0,,,,0,,,,2024,water
WL.SKT.02,105408,2024-01-01T00:00:00.000,2024-12-31T23:55:00.000,105408,จุดวัดคลองทรงกระเทียม ตอนปตร.คลองทรงกระเทียม,105408,-1.61,0.51,-0.7697406269,0,,,,0,,,,2024,water
WL.SLL.01,105408,2024-01-01T00:00:00.000,2024-12-31T23:55:00.000,105408,จุดวัดคลองศาลาลอย ตอนถนนอ่อนนุช 61,105408,-0.7,0.61,-0.3635279106,0,,,,0,,,,2024,water
WL.SMK.01,105408,2024-01-01T00:00:00.000,2024-12-31T23:55:00.000,105408,จุดวัดบึงรับน้ำหมู่บ้านสัมมากร ตอนสถานีสูบน้ำบึงที่ 2 คลองบ้านม้า 2,46197,-0.62,0.28,-0.2895772453,0,,,,0,,,,2024,water
WL.SNC.01,105408,2024-01-01T00:00:00.000,2024-12-31T23:55:00.000,105408,สถานีสูบน้ำ คลองสนามชัย,105408,-1.14,0.49,-0.0676085307,105408,-0.12,1.24,0.6911208827,0,,,,2024,water
WL.SNC.02,105408,2024-01-01T00:00:00.000,2024-12-31T23:55:00.000,105408,จุดวัดคลองสนามชัย ตอนคลองบางขุนเทียน,105408,-0.49,0.54,0.1913834813,0,,,,0,,,,2024,water
WL.SNC.03,105408,2024-01-01T00:00:00.000,2024-12-31T23:55:00.000,105408,จุดวัดคลองสนามชัย ตอนวัดเลา,45814,-0.6,0.43,-0.0267365871,0,,,,0,,,,2024,water
WL.SNO.01,105408,2024-01-01T00:00:00.000,2024-12-31T23:55:00.000,105408,จุดวัดคลองเสือน้อย ตอนถนนสุคนธสวัสดิ์,105408,-1.85,-0.07,-0.8914540642,0,,,,0,,,,2024,water
WL.SOL.01,105408,2024-01-01T00:00:00.000,2024-12-31T23:55:00.000,105408,จุดวัดคลองสวนอ้อย ตอนถนนอ่อนนุช ซอย 28,46436,-1.2,1.2,-0.8325439314,0,,,,0,,,,2024,water
WL.SPP.01,105408,2024-01-01T00:00:00.000,2024-12-31T23:55:00.000,105408,จุดวัดบ่อสูบน้ำสะพานพรหม,0,,,,0,,,,0,,,,2024,water
WL.SRE.01,105408,2024-01-01T00:00:00.000,2024-12-31T23:55:00.000,105408,สถานีสูบน้ำ คลองสำเหร่,105408,-1.62,0.74,-0.0582062083,105408,-1.36,1.85,0.4133658736,0,,,,2024,water
WL.SRG.01,105408,2024-01-01T00:00:00.000,2024-12-31T23:55:00.000,105408,สถานีสูบน้ำ คลองสำโรง,105408,-1.42,0.13,-0.5222088456,105408,-1.45,1.84,0.3858922473,0,,,,2024,water
WL.SSB.01,105408,2024-01-01T00:00:00.000,2024-12-31T23:55:00.000,105408,จุดวัดคลองแสนแสบ ช่วงคลองผดุงกรุงเกษม (โบ๊เบ๊),105408,-1.72,0.28,-0.574231083,0,,,,0,,,,2024,water
WL.SSB.02,105408,2024-01-01T00:00:00.000,2024-12-31T23:55:00.000,105408,จุดวัดคลองแสนแสบ ตอนซอยสมคิด,105407,-1.21,0.18,-0.5335033726,0,,,,0,,,,2024,water
WL.SSB.03,105408,2024-01-01T00:00:00.000,2024-12-31T23:55:00.000,105408,จุดวัดคลองแสนแสบ ช่วงอโศก,105408,-1.06,0.19,-0.3731207309,0,,,,0,,,,2024,water
WL.SSB.04,105408,2024-01-01T00:00:00.000,2024-12-31T23:55:00.000,105408,สถานีสูบน้ำ คลองแสนแสบตอนคลองตัน,105408,-1.15,-0.09,-0.541937519,105304,-1.3,1.0,-0.5235599787,0,,,,2024,water
WL.SSB.05,105408,2024-01-01T00:00:00.000,2024-12-31T23:55:00.000,105408,จุดวัดคลองแสนแสบ ตอนรามคำแหง 9,0,,,,0,,,,0,,,,2024,water
WL.SSB.06,105408,2024-01-01T00:00:00.000,2024-12-31T23:55:00.000,105408,จุดวัดคลองแสนแสบ ช่วงสถานีสูบน้ำคลองเจ้าคุณสิงห์,105408,-1.67,0.29,-0.4957158849,0,,,,0,,,,2024,water
WL.SSB.07,105408,2024-01-01T00:00:00.000,2024-12-31T23:55:00.000,105408,จุดวัดคลองแสนแสบ ตอนสำนักงานเขตบางกะปิ,105408,-0.89,0.79,-0.382014553,0,,,,0,,,,2024,water
WL.SSB.08,105408,2024-01-01T00:00:00.000,2024-12-31T23:55:00.000,105408,จุดวัดคลองแสนแสบ ช่วงซอยเสรีไทย 24,105408,-0.8,0.37,-0.3993752846,0,,,,0,,,,2024,water
WL.SSB.09,105408,2024-01-01T00:00:00.000,2024-12-31T23:55:00.000,105408,ประตูระบายน้ำ คลองแสนแสบ ตอนบางชัน,105408,-0.69,0.37,-0.3478424787,105408,-0.66,0.54,-0.2552039693,0,,,,2024,water
WL.SSB.10,105408,2024-01-01T00:00:00.000,2024-12-31T23:55:00.000,105408,ประตูระบายน้ำ คลองแสนแสบ ตอนถนนประชาร่วมใจ,105408,-0.68,0.48,-0.282015976,105408,-0.65,0.67,-0.0990464671,0,,,,2024,water
WL.SSB.11,105408,2024-01-01T00:00:00.000,2024-12-31T23:55:00.000,105408,จุดวัดคลองแสนแสบ ตอนวัดทรัพย์สโมสรนิกรเกษม,105408,-0.39,0.73,-0.0358209054,0,,,,0,,,,2024,water
WL.SSB.12,105408,2024-01-01T00:00:00.000,2024-12-31T23:55:00.000,105408,สถานีสูบน้ำ คลองแสนแสบ หนองจอก,105408,-0.74,0.77,-0.0764864147,105408,-1.16,1.24,0.0358851321,0,,,,2024,water
WL.SSG.01,105408,2024-01-01T00:00:00.000,2024-12-31T23:55:00.000,105408,จุดวัดคลองสิบสอง ตอนถนนประชาสำราญ,105408,-1.04,1.21,0.3489746509,0,,,,0,,,,2024,water
WL.SSM.01,105408,2024-01-01T00:00:00.000,2024-12-31T23:55:00.000,105408,ประตูระบายน้ำ คลองสิบสาม,89020,-0.7,0.87,-0.0545007863,84280,-0.52,1.28,0.6150990745,0,,,,2024,water
WL.SSN.01,105408,2024-01-01T00:00:00.000,2024-12-31T23:55:00.000,105408,สถานีสูบน้ำ สามเสน,105408,-1.54,-0.09,-0.8147666211,105408,-0.97,1.95,0.5561721122,0,,,,2024,water
WL.SSN.02,105408,2024-01-01T00:00:00.000,2024-12-31T23:55:00.000,105408,จุดวัดคลองสามเสน ช่วงถนนพระรามที่ 5,105408,-1.85,-0.01,-0.8745660671,0,,,,0,,,,2024,water
WL.SSN.03,105408,2024-01-01T00:00:00.000,2024-12-31T23:55:00.000,105408,จุดวัดคลองสามเสน ตอนถนนพระรามที่ 6,105408,-1.65,0.02,-0.8239023604,0,,,,0,,,,2024,water
WL.SSN.04,105408,2024-01-01T00:00:00.000,2024-12-31T23:55:00.000,105408,จุดวัดคลองสามเสน ช่วงถนนพหลโยธิน,105408,-1.72,0.1,-0.8117480647,0,,,,0,,,,2024,water
WL.SSN.05,105408,2024-01-01T00:00:00.000,2024-12-31T23:55:00.000,105408,จุดวัดคลองสามเสน ตอน รพ.พระมงกุฎเกล้า,0,,,,0,,,,0,,,,2024,water
WL.SSN.06,105408,2024-01-01T00:00:00.000,2024-12-31T23:55:00.000,105408,จุดวัดคลองสามเสน ช่วงถนนดินแดง,105408,-1.92,0.02,-0.8953598399,0,,,,0,,,,2024,water
WL.SSN.07,105408,2024-01-01T00:00:00.000,2024-12-31T23:55:00.000,105408,จุดวัดคลองสามเสน ตอนถนนอโศก,102429,-1.73,0.09,-0.7492595847,0,,,,0,,,,2024,water
WL.SSN.08,105408,2024-01-01T00:00:00.000,2024-12-31T23:55:00.000,105408,สถานีสูบน้ำ สามเสน ตอนคลองแสนแสบ,91276,-1.51,-0.04,-0.6203873965,91276,-1.23,-0.04,-0.6026199658,0,,,,2024,water
WL.SSN.09,105408,2024-01-01T00:00:00.000,2024-12-31T23:55:00.000,105408,จุดวัดคลองสามเสน ช่วงถนนเอกมัย,105408,-0.97,-0.03,-0.5983555328,0,,,,0,,,,2024,water
WL.SSN.10,105408,2024-01-01T00:00:00.000,2024-12-31T23:55:00.000,105408,จุดวัดคลองสามเสน -ตอนคลองชวดใหญ่,105408,-1.41,0.18,-0.465860466,0,,,,0,,,,2024,water
WL.SST.01,105408,2024-01-01T00:00:00.000,2024-12-31T23:55:00.000,105408,ประตูระบายน้ำ คลองสองสายใต้,105408,-0.41,1.09,0.1045679645,101723,-0.19,1.81,0.6408378636,0,,,,2024,water
WL.STN.01,105408,2024-01-01T00:00:00.000,2024-12-31T23:55:00.000,105408,จุดวัดคลองสองต้นนุ่น ตอนถนนรามคำแหง,105408,-0.84,0.32,-0.4219337242,0,,,,0,,,,2024,water
WL.STN.02,105408,2024-01-01T00:00:00.000,2024-12-31T23:55:00.000,105408,"""จุดวัดคลองสองต้นนุ่น ตอนซอยร่มเกล้า 20 """,105408,-0.58,0.5,-0.1892074605,0,,,,0,,,,2024,water
WL.STN.03,105408,2024-01-01T00:00:00.000,2024-12-31T23:55:00.000,105408,จุดวัดคลองสองต้นนุ่น ตอนถนนมอเตอร์เวย์,105397,-0.54,0.49,-0.2342924372,0,,,,0,,,,2024,water
WL.STR.01,105408,2024-01-01T00:00:00.000,2024-12-31T23:55:00.000,105408,สถานีสูบน้ำ คลองสาทร,105408,-1.53,0.31,-0.583390255,105408,-1.01,1.5,0.4031345818,105408,-1.02,1.91,0.432776165,2024,water
WL.STR.02,105408,2024-01-01T00:00:00.000,2024-12-31T23:55:00.000,105408,"""จุดวัดคลองสาทร ตอนถนนพระรามที่ 4 """,90885,-2.36,0.3,-1.0711022721,0,,,,0,,,,2024,water
WL.SWA.01,105408,2024-01-01T00:00:00.000,2024-12-31T23:55:00.000,105408,ประตูระบายน้ำ คลองสามวา,103910,-0.48,0.62,-0.1178810509,103910,-0.34,1.0,0.1874088153,0,,,,2024,water
WL.SWU.01,105408,2024-01-01T00:00:00.000,2024-12-31T23:55:00.000,105408,จุดวัดคูน้ำ มศว.,105402,-1.72,0.21,-1.1781707178,0,,,,0,,,,2024,water
WL.TCG.01,105408,2024-01-01T00:00:00.000,2024-12-31T23:55:00.000,105408,"""จุดวัดคลองตาช้าง ตอนถนนศรีนครินทร์ """,105408,-1.57,0.02,-0.9002076692,0,,,,0,,,,2024,water
WL.TNG.01,105408,2024-01-01T00:00:00.000,2024-12-31T23:55:00.000,105408,จุดวัดคลองตาหนัง ตอนถนนลาดพร้าว,105408,-1.29,-0.44,-0.8072970742,0,,,,0,,,,2024,water
WL.TPK.02,105408,2024-01-01T00:00:00.000,2024-12-31T23:55:00.000,105408,จุดวัดคลองตาพุก ตอนถนนลาดกระบัง,105408,-0.5,0.54,-0.1881124772,0,,,,0,,,,2024,water
WL.TPK.03,105408,2024-01-01T00:00:00.000,2024-12-31T23:55:00.000,105408,จุดวัดคลองตาพุก ตอนคลองทับช้างบน,105407,-0.7,0.69,-0.2445133625,0,,,,0,,,,2024,water
WL.TSK.01,105408,2024-01-01T00:00:00.000,2024-12-31T23:55:00.000,105408,จุดวัดคูน้ำต่อศักดิ์ ตอนซอยทองหล่อ 25,105408,-1.9,-0.12,-1.7232769809,0,,,,0,,,,2024,water
WL.TTN.01,105408,2024-01-01T00:00:00.000,2024-12-31T23:55:00.000,105408,จุดวัดคลองลาดโตนด ตอน ปตร.คลองลาดโตนด,105408,-1.32,0.22,-0.5126996053,0,,,,0,,,,2024,water
WL.TUT.01,105408,2024-01-01T00:00:00.000,2024-12-31T23:55:00.000,105408,สถานีสูบน้ำ คลองตาอูฐ,80799,-1.3,0.1,-0.7673753388,80799,-0.17,1.0,0.1678250968,0,,,,2024,water
WL.TUT.02,105408,2024-01-01T00:00:00.000,2024-12-31T23:55:00.000,105408,จุดวัดคลองตาอูฐ ตอนซอยแจ้งวัฒนะ 14,105408,-1.14,0.61,-0.6536814094,0,,,,0,,,,2024,water
WL.TWW.01,105408,2024-01-01T00:00:00.000,2024-12-31T23:55:00.000,105408,ประตูระบายน้ำ คลองทวีวัฒนา,105408,0.09,0.92,0.517283413,105408,0.11,1.12,0.6810003985,0,,,,2024,water
WL.TWW.02,105408,2024-01-01T00:00:00.000,2024-12-31T23:55:00.000,105408,จุดวัดคลองทวีวัฒนา ตอนถนนบรมราชชนนี,105408,0.11,0.91,0.5050567319,0,,,,0,,,,2024,water
WL.TWW.03,105408,2024-01-01T00:00:00.000,2024-12-31T23:55:00.000,105408,จุดวัดคลองทวีวัฒนา ตอนถนนเพชรเกษม,105408,0.06,1.0,0.5432161696,0,,,,0,,,,2024,water
WL.TWW.04,105408,2024-01-01T00:00:00.000,2024-12-31T23:55:00.000,105408,จุดวัดคลองทวีวัฒนา ตอนคลองบางเชือกหนัง,105408,0.04,0.95,0.4868754743,0,,,,0,,,,2024,water
WL.TWW.05,105408,2024-01-01T00:00:00.000,2024-12-31T23:55:00.000,105408,จุดวัดคลองทวีวัฒนา ตอนคลองภาษีเจริญ,105408,0.02,0.74,0.282286354,0,,,,0,,,,2024,water
WL.VPD.01,105408,2024-01-01T00:00:00.000,2024-12-31T23:55:00.000,105408,จุดวัดคูน้ำวิภาวดี ตอนหน้าสนามกีฬากองทัพบก,66619,-1.17,-0.15,-0.8935321755,0,,,,0,,,,2024,water
WL.VPD.02,105408,2024-01-01T00:00:00.000,2024-12-31T23:55:00.000,105408,จุดวัดคูน้ำวิภาวดี ตอนกรมดุริยางค์ทหารบก,48987,-1.36,0.1,-0.8363629126,0,,,,0,,,,2024,water
WL.VPD.03,105408,2024-01-01T00:00:00.000,2024-12-31T23:55:00.000,105408,จุดวัดคูน้ำวิภาวดี ตอนซอยวิภาวดีรังสิต 28,51569,-1.16,-0.26,-0.8739312378,0,,,,0,,,,2024,water
WL.VPV.01,105408,2024-01-01T00:00:00.000,2024-12-31T23:55:00.000,105408,สถานีสูบน้ำ รัชดา-วิภาวดี,105408,-3.23,-0.24,-1.5231035595,0,,,,0,,,,2024,water
WL.WHK.01,105408,2024-01-01T00:00:00.000,2024-12-31T23:55:00.000,105408,จุดวัดคลองวัดหัวกระบือ ตอนวัดหัวกระบือ,47610,-0.02,1.13,0.7056658265,0,,,,0,,,,2024,water
WL.WKT.01,105408,2024-01-01T00:00:00.000,2024-12-31T23:55:00.000,105408,จุดวัดคลองวัดไก่เตี้ย ตอนสถานีสูบน้ำคลองวัดไก่เตี้ย,105408,-0.5,0.74,0.21009449,0,,,,0,,,,2024,water
WL.WLS.01,105408,2024-01-01T00:00:00.000,2024-12-31T23:55:00.000,105408,จุดวัดคลองวัดหลักสี่ ตอนถนนวิภาวดีรังสิต,105402,-0.49,1.13,-0.0012675281,0,,,,0,,,,2024,water
WL.WSI.01,105408,2024-01-01T00:00:00.000,2024-12-31T23:55:00.000,105408,สถานีสูบน้ำ คลองวัดไทร,105408,-2.43,0.95,-0.7149682187,105408,-0.88,1.92,0.4404869649,0,,,,2024,water
WL.WSV.01,105408,2024-01-01T00:00:00.000,2024-12-31T23:55:00.000,105408,จุดวัดคลองวัดสุทธาวาส ตอนซอยเทอดไท 33,38147,-2.0,2.0,0.4165832176,0,,,,0,,,,2024,water
WL.WTK.01,105408,2024-01-01T00:00:00.000,2024-12-31T23:55:00.000,105408,จุดวัดคลองวัดตึก ตอนถนนลาดพร้าว,105408,-0.94,0.44,-0.5547846463,0,,,,0,,,,2024,water
WL.WTN.02,105408,2024-01-01T00:00:00.000,2024-12-31T23:55:00.000,105408,จุดวัดคูน้ำวัฒนา ตอนโรงเรียนวัฒนาวิทยาลัย,105408,-1.48,0.44,-0.7463087242,0,,,,0,,,,2024,water
WL.YPE.01,105408,2024-01-01T00:00:00.000,2024-12-31T23:55:00.000,105408,จุดคลองยายเพียร ตอนถนนเพชรเกษม,105408,-0.19,0.76,0.2717210269,0,,,,0,,,,2024,water
WL.YPN.01,105408,2024-01-01T00:00:00.000,2024-12-31T23:55:00.000,105408,จุดวัดคลองยายเผื่อน ตอนแฮปปี้แลนด์,105408,-1.33,-0.17,-0.7284339898,0,,,,0,,,,2024,water
WL.YPN.02,105408,2024-01-01T00:00:00.000,2024-12-31T23:55:00.000,105408,จุดวัดคลองยายเผื่อน ตอนถนนลาดพร้าว,105407,-1.87,0.01,-0.8375542421,0,,,,0,,,,2024,water
WL.YSN.02,105408,2024-01-01T00:00:00.000,2024-12-31T23:55:00.000,105408,"""จุดวัดคลองยายสุ่น ตอนถนนรัชดาภิเษก """,105408,-1.44,0.29,-0.7716958865,0,,,,0,,,,2024,water
WL.AJP.01,105120,2025-01-01T00:00:00.000,2025-12-31T23:55:00.000,105120,จุดวัดคลองอาจารย์พร ตอนปตร.คลองอาจารย์พร,105120,-1.3,0.52,-0.3265103691,0,,,,0,,,,2025,water
WL.ANX.01,105120,2025-01-01T00:00:00.000,2025-12-31T23:55:00.000,105120,คูน้ำแอนเนกซ์ (บ่อสูบน้ำพหลโยธิน 58),104961,-0.98,0.83,0.0438171321,0,,,,0,,,,2025,water
WL.BAM.01,105120,2025-01-01T00:00:00.000,2025-12-31T23:55:00.000,105120,จุดวัดคลองบ้านใหม่ ตอนซอยพระแม่การุณย์ 27,105120,-0.13,0.84,0.3220814307,0,,,,0,,,,2025,water
WL.BBN.01,105120,2025-01-01T00:00:00.000,2025-12-31T23:55:00.000,105120,จุดวัดคลองบางบอน ตอนถนนบางขุนเทียน,105120,-0.48,0.49,-0.0474061073,0,,,,0,,,,2025,water
WL.BBN.02,105120,2025-01-01T00:00:00.000,2025-12-31T23:55:00.000,105120,จุดวัดคลองบางบอน ตอนถนนกาญจนาภิเษก,105120,-0.31,0.61,0.0196136796,0,,,,0,,,,2025,water
WL.BBN.03,105120,2025-01-01T00:00:00.000,2025-12-31T23:55:00.000,105120,จุดวัดคลองบางบอน ตอนคลองสะแกงาม,105120,-0.05,0.75,0.2462302131,0,,,,0,,,,2025,water
WL.BBR.01,105120,2025-01-01T00:00:00.000,2025-12-31T23:55:00.000,105120,จุดวัดคลองบางบำหรุ ตอนถนนบรมราชชนนี,105120,-0.99,0.62,0.1124277968,0,,,,0,,,,2025,water
WL.BBR.02,105120,2025-01-01T00:00:00.000,2025-12-31T23:55:00.000,105120,จุดวัดคลองบางบำหรุ ตอนถนนสิรินธร,105120,-0.72,0.78,0.1053423706,0,,,,0,,,,2025,water
WL.BBU.01,105120,2025-01-01T00:00:00.000,2025-12-31T23:55:00.000,105120,จุดวัดคลองบางบัว,105120,-0.56,1.14,-0.1250532725,0,,,,0,,,,2025,water
WL.BCN.01,105120,2025-01-01T00:00:00.000,2025-12-31T23:55:00.000,105120,จุดวัดคลองบางเชือกหนัง ตอนถนนกาญจนาภิเษก,105120,-0.05,0.91,0.3810491819,0,,,,0,,,,2025,water
WL.BCN.02,105120,2025-01-01T00:00:00.000,2025-12-31T23:55:00.000,105120,จุดวัดคลองบางเชือกหนัง ตอนถนนพุทธมณฑลสาย 1,105120,-0.1,0.82,0.383036054,0,,,,0,,,,2025,water
WL.BCN.03,105120,2025-01-01T00:00:00.000,2025-12-31T23:55:00.000,105120,จุดวัดคลองบางเชือกหนัง ตอนถนนพุทธมณฑลสาย 2,105120,0.04,0.95,0.4046582002,0,,,,0,,,,2025,water
WL.BJK.01,105120,2025-01-01T00:00:00.000,2025-12-31T23:55:00.000,105120,สถานีสูบน้ำ บางจาก,105120,-1.63,-0.16,-1.0872606545,105120,-1.07,2.09,0.5065483257,0,,,,2025,water
WL.BJK.02,105120,2025-01-01T00:00:00.000,2025-12-31T23:55:00.000,105120,"""จุดวัดคลองบางจาก ตอนซอยเพชรเกษม 68 """,105120,-0.07,0.83,0.3639531012,0,,,,0,,,,2025,water
WL.BJK.03,105120,2025-01-01T00:00:00.000,2025-12-31T23:55:00.000,105120,จุดวัดคลองบางจาก ตอนคลองบางหว้า,105120,0.15,0.72,0.3436636225,0,,,,0,,,,2025,water
WL.BJK.04,105120,2025-01-01T00:00:00.000,2025-12-31T23:55:00.000,105120,"""จุดวัดคลองบางจาก ตอนถนนพุทธมณฑลสาย 2 """,105120,-0.05,1.02,0.4050410959,0,,,,0,,,,2025,water
WL.BKA.01,105120,2025-01-01T00:00:00.000,2025-12-31T23:55:00.000,105120,สถานีสูบน้ำ คลองบางเขนใหม่,105120,-2.4,0.56,-0.9363491248,105120,-0.55,2.26,0.8155578387,0,,,,2025,water
WL.BKA.02,105120,2025-01-01T00:00:00.000,2025-12-31T23:55:00.000,105120,จุดวัดคลองบางเขน ช่วงถนนกรุงเทพ-นนทบุรี,105120,-1.23,0.79,-0.3952342085,0,,,,0,,,,2025,water
WL.BKA.03,105120,2025-01-01T00:00:00.000,2025-12-31T23:55:00.000,105120,จุดวัดคลองบางเขน ช่วงถนนประชาชื่น,105120,-0.75,1.31,-0.299024258,0,,,,0,,,,2025,water
WL.BKA.04,105120,2025-01-01T00:00:00.000,2025-12-31T23:55:00.000,105120,จุดวัดคลองบางเขน ช่วงถนนวิภาวดีรังสิต,16206,-0.37,0.16,-0.0909842034,0,,,,0,,,,2025,water
WL.BKB.01,105120,2025-01-01T00:00:00.000,2025-12-31T23:55:00.000,105120,จุดวัดคลองบางกระบือ ตอนถนนสามเสน,105120,-1.21,0.72,-0.616912481,0,,,,0,,,,2025,water
WL.BKG.01,105120,2025-01-01T00:00:00.000,2025-12-31T23:55:00.000,105120,ประตูระบายน้ำ คลองบึงขวาง,8762,-0.25,0.0,-0.1647808719,8763,-0.02,0.08,0.0455757161,0,,,,2025,water
WL.BKL.01,105120,2025-01-01T00:00:00.000,2025-12-31T23:55:00.000,105120,จุดวัดคลองบางโคลัด ตอนถนนบางบอน 1,0,,,,0,,,,0,,,,2025,water
WL.BKT.01,105120,2025-01-01T00:00:00.000,2025-12-31T23:55:00.000,105120,จุดวัดบึงรับน้ำบึงกุ่มบางเตย ตอนสถานีสูบน้ำคลองบางเตยล่าง,105120,-1.05,0.29,-0.48454414,0,,,,0,,,,2025,water
WL.BKY.01,105120,2025-01-01T00:00:00.000,2025-12-31T23:55:00.000,105120,สถานีสูบน้ำ คลองบางกอกใหญ่,105120,-1.1,0.89,0.1941154871,105120,-1.12,2.01,0.7000801941,0,,,,2025,water
WL.BKY.02,105120,2025-01-01T00:00:00.000,2025-12-31T23:55:00.000,105120,จุดวัดคลองบางเชือกหนัง ตอนวัดปากน้ำฝั่งใต้,105120,-0.32,0.7,0.3563725266,0,,,,0,,,,2025,water
WL.BLP.02,105120,2025-01-01T00:00:00.000,2025-12-31T23:55:00.000,105120,จุดวัดคลองบางลำพู ตอนสะพานผ่านฟ้า,105120,-1.11,0.54,-0.4696409817,0,,,,0,,,,2025,water
WL.BLY.01,105120,2025-01-01T00:00:00.000,2025-12-31T23:55:00.000,105120,จุดวัดคลองบ้านหลาย ตอนถนนสุขุมวิท 77,105120,-1.42,0.14,-0.8266408866,0,,,,0,,,,2025,water
WL.BLY.02,105120,2025-01-01T00:00:00.000,2025-12-31T23:55:00.000,105120,จุดวัดคลองบ้านหลาย ตอนซอยพึ่งมี 48,105120,-1.44,0.11,-0.8343762367,0,,,,0,,,,2025,water
WL.BMA.02,105120,2025-01-01T00:00:00.000,2025-12-31T23:55:00.000,105120,จุดวัดคลองบ้านม้า ตอนถนนรามคำแหง,105120,-0.92,0.38,-0.392122051,0,,,,0,,,,2025,water
WL.BMK.01,105120,2025-01-01T00:00:00.000,2025-12-31T23:55:00.000,105120,จุดวัดคลองบางมะเขือ ตอนถนนสุขุมวิท 71,105120,-1.85,-0.24,-1.1009612823,0,,,,0,,,,2025,water
WL.BNA.01,105120,2025-01-01T00:00:00.000,2025-12-31T23:55:00.000,105120,สถานีสูบน้ำ บางนา,105120,-1.79,0.07,-1.0289879186,105120,-2.73,2.18,0.4428219178,0,,,,2025,water
WL.BNA.02,105120,2025-01-01T00:00:00.000,2025-12-31T23:55:00.000,105120,จุดวัดคลองบางนา ตอนถนนสุขุมวิท,105120,-1.17,0.43,-0.6254800228,0,,,,0,,,,2025,water
WL.BNA.03,105120,2025-01-01T00:00:00.000,2025-12-31T23:55:00.000,105120,จุดวัดคลองบางนา ตอนถนนศรีนครินทร์,105120,-1.08,0.2,-0.5826835046,0,,,,0,,,,2025,water
WL.BNA.04,105120,2025-01-01T00:00:00.000,2025-12-31T23:55:00.000,105120,จุดวัดคลองบางนา ตอนซอยบางนา-ตราด 56,105120,-0.99,0.51,-0.5000056126,0,,,,0,,,,2025,water
WL.BNJ.01,105120,2025-01-01T00:00:00.000,2025-12-31T23:55:00.000,105120,จุดวัดคลองบางนางจีน ตอนสถานีสูบน้ำบางนางจีน,105120,-1.59,-0.1,-1.0443156393,0,,,,0,,,,2025,water
WL.BNJ.02,105120,2025-01-01T00:00:00.000,2025-12-31T23:55:00.000,105120,จุดวัดคลองบางนางจีน ตอนซอยสุขุมวิท 66/1,105120,-3.0,0.95,-1.8467410578,0,,,,0,,,,2025,water
WL.BNJ.03,105120,2025-01-01T00:00:00.000,2025-12-31T23:55:00.000,105120,จุดวัดคลองบางนางจีน ตอนซอยสุขุมวิท 93,105120,-1.46,-0.05,-1.0112451484,0,,,,0,,,,2025,water
WL.BNJ.04,105120,2025-01-01T00:00:00.000,2025-12-31T23:55:00.000,105120,จุดวัดคลองบางนางจีน ตอนถนนสุขุมวิท 101/1,105120,-1.66,0.08,-1.068468417,0,,,,0,,,,2025,water
WL.BNS.01,105120,2025-01-01T00:00:00.000,2025-12-31T23:55:00.000,105120,จุดวัดคลองบ้านไทร ตอนถนนพุทธมณฑลสาย 2,105120,0.12,1.07,0.3602929985,0,,,,0,,,,2025,water
WL.BOA.01,105120,2025-01-01T00:00:00.000,2025-12-31T23:55:00.000,105120,สถานีสูบน้ำ บางอ้อ,105120,-1.61,-0.12,-1.0291025495,105120,-1.47,2.33,0.5308545472,0,,,,2025,water
WL.BOA.02,105120,2025-01-01T00:00:00.000,2025-12-31T23:55:00.000,105120,จุดวัดคลองบางอ้อ ตอนซอยสุขุมวิท 64,105120,-1.68,-0.03,-1.0540718227,0,,,,0,,,,2025,water
WL.BOA.03,105120,2025-01-01T00:00:00.000,2025-12-31T23:55:00.000,105120,จุดวัดคลองบางอ้อใหญ่ ตอนซอยสุขุมวิท 66/1,105120,-1.73,-0.14,-1.0615095129,0,,,,0,,,,2025,water
WL.BON.01,105120,2025-01-01T00:00:00.000,2025-12-31T23:55:00.000,105120,จุดวัดคลองบางอ้อน้อย ตอนซอยสุขุมวิท 64,105120,-1.6,-0.2,-1.0554793569,0,,,,0,,,,2025,water
WL.BPA.01,105120,2025-01-01T00:00:00.000,2025-12-31T23:55:00.000,105120,จุดวัดคลองบ้านป่า ตอนถนนพัฒนาการ,105120,-0.94,0.22,-0.5039212329,0,,,,0,,,,2025,water
WL.BPK.01,105120,2025-01-01T00:00:00.000,2025-12-31T23:55:00.000,105120,จุดวัดคลองบางปะแก้ว  ตอนถนนราษฎร์บูรณะ,105120,-1.33,0.63,0.005674277,0,,,,0,,,,2025,water
WL.BPM.01,105120,2025-01-01T00:00:00.000,2025-12-31T23:55:00.000,105120,จุดวัดคลองบางพรม ตอนคลองชักพระ,105120,-0.54,0.69,0.2794787861,0,,,,0,,,,2025,water
WL.BPM.02,105120,2025-01-01T00:00:00.000,2025-12-31T23:55:00.000,105120,จุดวัดคลองบางพรม ตอนถนนฉิมพลี,105120,-0.15,0.83,0.3453869863,0,,,,0,,,,2025,water
WL.BPM.03,105120,2025-01-01T00:00:00.000,2025-12-31T23:55:00.000,105120,จุดวัดคลองบางพรม ตอนถนนกาญจนาภิเษก,105120,0.08,1.02,0.4748211568,0,,,,0,,,,2025,water
WL.BPM.04,105120,2025-01-01T00:00:00.000,2025-12-31T23:55:00.000,105120,จุดวัดคลองบางพรม ตอนถนนพุทธมณฑลสาย 3,105120,0.06,1.07,0.4306880708,0,,,,0,,,,2025,water
WL.BPN.01,105120,2025-01-01T00:00:00.000,2025-12-31T23:55:00.000,105120,จุดวัดคลองบางพราน ตอนถนนบางบอน 1,0,,,,0,,,,0,,,,2025,water
WL.BPN.02,105120,2025-01-01T00:00:00.000,2025-12-31T23:55:00.000,105120,จุดวัดคลองบางพราน ตอนถนนบางบอน 2,105120,-0.14,0.71,0.1223856545,0,,,,0,,,,2025,water
WL.BPU.01,105120,2025-01-01T00:00:00.000,2025-12-31T23:55:00.000,105120,จุดวัดสถานตากอากาศบางปู,105120,-0.59,1.99,0.3403181126,0,,,,0,,,,2025,water
WL.BSK.01,105120,2025-01-01T00:00:00.000,2025-12-31T23:55:00.000,105120,สถานีสูบน้ำ คลองบางไส้ไก่,105120,-1.51,0.7,-0.1353765221,105120,-1.2,2.13,0.5863209665,0,,,,2025,water
WL.BSU.01,105120,2025-01-01T00:00:00.000,2025-12-31T23:55:00.000,105120,สถานีสูบน้ำ คลองบางซื่อ,105120,-1.55,0.48,-0.7018620624,105120,-0.86,2.45,0.8477491438,0,,,,2025,water
WL.BSU.02,105120,2025-01-01T00:00:00.000,2025-12-31T23:55:00.000,105120,จุดวัดคลองบางซื่อ ช่วงถนนพระรามที่ 5,105120,-1.51,0.18,-0.5890473744,0,,,,0,,,,2025,water
WL.BSU.03,105120,2025-01-01T00:00:00.000,2025-12-31T23:55:00.000,105120,จุดวัดคลองบางซื่อ ตอนถนนพระรามที่ 6,105120,-1.63,0.14,-0.6464660388,0,,,,0,,,,2025,water
WL.BSU.04,105120,2025-01-01T00:00:00.000,2025-12-31T23:55:00.000,105120,จุดวัดคลองบางซื่อ ช่วงถนนพหลโยธิน,105120,-1.25,0.16,-0.6003449391,0,,,,0,,,,2025,water
WL.BSU.05,105120,2025-01-01T00:00:00.000,2025-12-31T23:55:00.000,105120,จุดวัดคลองบางซื่อ ช่วงถนนวิภาวดีรังสิต,105120,-1.56,0.49,-0.6054523402,0,,,,0,,,,2025,water
WL.BSU.06,105120,2025-01-01T00:00:00.000,2025-12-31T23:55:00.000,105120,จุดวัดคลองบางซื่อ ช่วงถนนรัชดาภิเษก (เจ้าพระยาปาร์ค),105120,-1.66,0.49,-0.5907188927,0,,,,0,,,,2025,water
WL.BSU.07,105120,2025-01-01T00:00:00.000,2025-12-31T23:55:00.000,105120,จุดวัดคลองบางซื่อ - ตอนถนนลาดพร้าว,105120,-1.23,0.48,-0.4787679795,0,,,,0,,,,2025,water
WL.BTL.01,105120,2025-01-01T00:00:00.000,2025-12-31T23:55:00.000,105120,จุดวัดคลองบางตลาด ตอนท่าทราย,46562,-0.17,1.51,0.3787584296,0,,,,0,,,,2025,water
WL.BTY.01,105120,2025-01-01T00:00:00.000,2025-12-31T23:55:00.000,105120,จุดวัดคลองบางเตย ตอนถนนนวมินทร์ 66/3,105120,-0.94,0.53,-0.3443584475,0,,,,0,,,,2025,water
WL.BWK.01,105120,2025-01-01T00:00:00.000,2025-12-31T23:55:00.000,105120,จุดวัดคลองบางแวก ตอนคลองบางกอกใหญ่,105120,-0.37,0.64,0.2827501903,0,,,,0,,,,2025,water
WL.BWK.02,105120,2025-01-01T00:00:00.000,2025-12-31T23:55:00.000,105120,จุดวัดคลองบางแวก ตอนถนนพุทธมณฑลสาย 1,105120,0.03,0.86,0.4801378425,0,,,,0,,,,2025,water
WL.BWK.03,105120,2025-01-01T00:00:00.000,2025-12-31T23:55:00.000,105120,จุดวัดคลองบางแวก ตอนคลองทวีวัฒนา,105120,0.13,1.67,0.5381105403,0,,,,0,,,,2025,water
WL.BYI.01,105120,2025-01-01T00:00:00.000,2025-12-31T23:55:00.000,105120,จุดวัดคลองบึงใหญ่ ตอนวัดทองสัมฤทธิ์,105120,-0.57,0.64,-0.0742006279,0,,,,0,,,,2025,water
WL.BYK.01,105120,2025-01-01T00:00:00.000,2025-12-31T23:55:00.000,105120,จุดวัดคลองบางยี่ขัน ตอนถนนจรัญสนิทวงศ์,105120,-0.86,0.69,0.0514243721,0,,,,0,,,,2025,water
WL.BYK.02,105120,2025-01-01T00:00:00.000,2025-12-31T23:55:00.000,105120,จุดวัดคลองบางยี่ขัน ตอนสถานีสูบน้ำคลองบางยี่ขัน,105120,-1.66,0.83,0.1171255708,0,,,,0,,,,2025,water
WL.CBJ.01,105120,2025-01-01T00:00:00.000,2025-12-31T23:55:00.000,105120,จุดวัดคลองชวดบางจาก ตอนถนนประชาอุทิศ,105120,-1.12,0.57,-0.5504058219,0,,,,0,,,,2025,water
WL.CKS.01,105120,2025-01-01T00:00:00.000,2025-12-31T23:55:00.000,105120,สถานีสูบน้ำ คลองเจ้าคุณสิงห์,105120,-1.42,-0.04,-1.1121320396,0,,,,0,,,,2025,water
WL.CKS.02,105120,2025-01-01T00:00:00.000,2025-12-31T23:55:00.000,105120,จุดวัดคลองเจ้าคุณสิงห์ ตอนถนนลาดพร้าว,105120,-1.33,0.52,-0.9615319635,0,,,,0,,,,2025,water
WL.CKS.03,105120,2025-01-01T00:00:00.000,2025-12-31T23:55:00.000,105120,จุดวัดคลองเจ้าคุณสิงห์ ตอนถนนอินทราภรณ์,105120,-1.56,0.33,-1.0539072489,0,,,,0,,,,2025,water
WL.CNS.01,105120,2025-01-01T00:00:00.000,2025-12-31T23:55:00.000,105120,สถานีสูบน้ำ คลองช่องนนทรี,105120,-2.57,0.42,-1.1392578006,105120,-1.53,2.18,0.504306602,0,,,,2025,water
WL.CNS.02,105120,2025-01-01T00:00:00.000,2025-12-31T23:55:00.000,105120,จุดวัดคลองช่องนนทรี ตอนถนนนราธิวาสราชนครินทร์,0,,,,0,,,,0,,,,2025,water
WL.CNS.03,105120,2025-01-01T00:00:00.000,2025-12-31T23:55:00.000,105120,จุดวัดคลองช่องนนทรี ตอนถนนจันทน์,54908,-1.31,0.17,-0.7574550157,0,,,,0,,,,2025,water
WL.CNS.04,105120,2025-01-01T00:00:00.000,2025-12-31T23:55:00.000,105120,จุดวัดคลองช่องนนทรี ตอนถนนสาทรใต้,0,,,,0,,,,0,,,,2025,water
WL.CPA.01,105120,2025-01-01T00:00:00.000,2025-12-31T23:55:00.000,105120,สถานีสูบน้ำ คลองชักพระ,105120,-0.9,1.05,0.2753605403,105120,-0.94,2.0,0.7704589041,0,,,,2025,water
WL.CPA.02,105120,2025-01-01T00:00:00.000,2025-12-31T23:55:00.000,105120,จุดวัดคลองชักพระ ตอนวัดคูหาสวรรค์,105120,-0.45,0.67,0.2503983067,0,,,,0,,,,2025,water
WL.CTC.01,105120,2025-01-01T00:00:00.000,2025-12-31T23:55:00.000,105120,จุดวัดคลองชวดตาเชียง ตอนสถานีสูบน้ำคลองชวดตาเชียง,0,,,,0,,,,0,,,,2025,water
WL.CYI.01,105120,2025-01-01T00:00:00.000,2025-12-31T23:55:00.000,105120,จุดวัดคลองชวดใหญ่ ตอนถนนพระราม 9 ซอย 13,105120,-1.36,0.44,-0.5004067732,0,,,,0,,,,2025,water
WL.CYI.02,105120,2025-01-01T00:00:00.000,2025-12-31T23:55:00.000,105120,จุดวัดคลองชวดใหญ่ ตอนถนนพระราม 9,105120,-1.24,0.21,-0.5469560502,0,,,,0,,,,2025,water
WL.CYI.03,105120,2025-01-01T00:00:00.000,2025-12-31T23:55:00.000,105120,จุดวัดคลองชวดใหญ่-ตอนคลองลาดพร้าว,105120,-0.89,-0.09,-0.4760224505,0,,,,0,,,,2025,water
WL.DKN.01,105120,2025-01-01T00:00:00.000,2025-12-31T23:55:00.000,105120,สถานีสูบน้ำ ดาวคะนอง,105120,-1.23,0.92,0.0768358067,105120,-1.49,2.25,0.4827234589,0,,,,2025,water
WL.FTM.01,105120,2025-01-01T00:00:00.000,2025-12-31T23:55:00.000,105120,จุดวัดคลองโบสถ์แม่พระ ตอนถนนดินแดง,105120,-1.6,-0.11,-0.8632656012,0,,,,0,,,,2025,water
WL.HKG.01,105120,2025-01-01T00:00:00.000,2025-12-31T23:55:00.000,105120,จุดวัดคลองห้วยขวาง ตอนถนนประชาสงเคราะห์,105120,-1.32,0.52,-0.7559141933,0,,,,0,,,,2025,water
WL.HKG.02,105120,2025-01-01T00:00:00.000,2025-12-31T23:55:00.000,105120,จุดวัดคลองห้วยขวาง ตอนถนนเทียมร่วมมิตร,105120,-1.13,0.45,-0.5180612633,0,,,,0,,,,2025,water
WL.HMK.01,105120,2025-01-01T00:00:00.000,2025-12-31T23:55:00.000,105120,จุดวัดคลองหัวหมาก ตอนถนนศรีนครินทร์,105120,-0.75,0.35,-0.4083123097,0,,,,0,,,,2025,water
WL.HMK.02,105120,2025-01-01T00:00:00.000,2025-12-31T23:55:00.000,105120,จุดวัดคลองหัวหมาก ตอนซอยรามคาแหง 68,105120,-0.84,0.28,-0.4190329148,0,,,,0,,,,2025,water
WL.HMK.03,105120,2025-01-01T00:00:00.000,2025-12-31T23:55:00.000,105120,จุดวัดคลองหัวหมาก ตอนซอยพัฒนาการ 32,64934,-0.87,2.27,-0.497015123,0,,,,0,,,,2025,water
WL.IDE.01,105120,2025-01-01T00:00:00.000,2025-12-31T23:55:00.000,105120,จุดวัดบ่อสูบน้ำอินโดนีเซีย,0,,,,0,,,,0,,,,2025,water
WL.JKK.01,105120,2025-01-01T00:00:00.000,2025-12-31T23:55:00.000,105120,จุดวัดคลองจระเข้ขบ ตอนถนนสุขาภิบาล 2 ซอย 2,105120,-0.6,0.46,-0.216523497,0,,,,0,,,,2025,water
WL.JRN.01,105120,2025-01-01T00:00:00.000,2025-12-31T23:55:00.000,105120,สถานีสูบน้ำ คลองแจงร้อน,105120,-1.44,0.78,-0.0024103881,105120,-1.41,2.02,0.5610196918,0,,,,2025,water
WL.KBU.01,105120,2025-01-01T00:00:00.000,2025-12-31T23:55:00.000,105120,ประตูระบายน้ำ คลองบัว ตอนทางรถไฟสายใต้,105120,-0.6,0.96,0.3264265601,105120,-0.59,2.03,0.7817982306,0,,,,2025,water
WL.KBU.02,105120,2025-01-01T00:00:00.000,2025-12-31T23:55:00.000,105120,จุดวัดคลองบัว ตอนถนนพุทธมณฑลสาย 1,105120,-0.15,0.86,0.3746077816,0,,,,0,,,,2025,water
WL.KCD.01,105120,2025-01-01T00:00:00.000,2025-12-31T23:55:00.000,105120,จุดวัดคลองกระเฉด (โรงควบคุมคุณภาพน้ำรามอินทรา),105120,-1.96,-0.77,-1.607855879,0,,,,0,,,,2025,water
WL.KDN.01,105120,2025-01-01T00:00:00.000,2025-12-31T23:55:00.000,105120,ประตูระบายน้ำ คลองวัดด่าน,105120,-0.93,0.71,-0.4481811263,105120,-1.06,2.0,0.5238302892,0,,,,2025,water
WL.KJA.01,105120,2025-01-01T00:00:00.000,2025-12-31T23:55:00.000,105120,จุดวัดคลองกะจะ ตอนถนนพระราม 9,105120,-1.26,-0.06,-0.9544498668,0,,,,0,,,,2025,water
WL.KJA.02,105120,2025-01-01T00:00:00.000,2025-12-31T23:55:00.000,105120,จุดวัดคลองกะจะ ตอนถนนพระราม 9 ซอย 57,105120,-1.19,0.26,-0.6842596081,0,,,,0,,,,2025,water
WL.KJG.01,105120,2025-01-01T00:00:00.000,2025-12-31T23:55:00.000,105120,จุดวัดคลองจิก ตอนถนนหัวหมาก,105120,-1.51,-0.02,-0.8365182648,0,,,,0,,,,2025,water
WL.KJK.01,105120,2025-01-01T00:00:00.000,2025-12-31T23:55:00.000,105120,สถานีสูบน้ำ คลองเจ็ก,105120,-1.3,-0.17,-0.9316150114,105120,-1.24,2.07,0.5156174848,0,,,,2025,water
WL.KJK.02,105120,2025-01-01T00:00:00.000,2025-12-31T23:55:00.000,105120,จุดวัดคลองเจ็ก ตอนถนนสุขุมวิท 60/1,105120,-1.5,0.46,-0.8994644216,0,,,,0,,,,2025,water
WL.KJN.01,105120,2025-01-01T00:00:00.000,2025-12-31T23:55:00.000,105120,จุดวัดคลองจั่น ตอนถนนลาดพร้าว,105120,-0.89,0.42,-0.4288824201,0,,,,0,,,,2025,water
WL.KJN.02,105120,2025-01-01T00:00:00.000,2025-12-31T23:55:00.000,105120,จุดวัดคลองจั่น ตอนถนนโยธินพัฒนา,105120,-0.84,0.55,-0.37743379,0,,,,0,,,,2025,water
WL.KJT.01,105120,2025-01-01T00:00:00.000,2025-12-31T23:55:00.000,105120,"""จุดวัดคลองจิต ตอนซอยลาดพร้าว 122 """,105120,-1.3,-0.01,-1.1006258562,0,,,,0,,,,2025,water
WL.KJU.01,105120,2025-01-01T00:00:00.000,2025-12-31T23:55:00.000,105120,จุดวัดคลองขุนจันทร์ ตอนถนนฉิมพลี,105120,-0.53,1.31,0.0886113014,0,,,,0,,,,2025,water
WL.KKD.01,105120,2025-01-01T00:00:00.000,2025-12-31T23:55:00.000,105120,จุดวัดคลองเคล็ด ตอนถนนสุขุมวิท 77,105120,-1.59,0.21,-0.718545567,0,,,,0,,,,2025,water
WL.KKD.02,105120,2025-01-01T00:00:00.000,2025-12-31T23:55:00.000,105120,จุดวัดคลองเคล็ด ตอนถนนสุภาพงษ์ 1,105120,-1.34,0.26,-0.7114894406,0,,,,0,,,,2025,water
WL.KKD.03,105120,2025-01-01T00:00:00.000,2025-12-31T23:55:00.000,105120,จุดวัดคลองเคล็ด ตอนถนนศรีนครินทร์,105120,-0.95,0.19,-0.6529822108,0,,,,0,,,,2025,water
WL.KKD.04,105120,2025-01-01T00:00:00.000,2025-12-31T23:55:00.000,105120,จุดวัดคลองเคล็ด ตอนซอยเปรมฤทัย 20*,92813,-1.23,0.41,-0.5997013349,0,,,,0,,,,2025,water
WL.KKO.01,105120,2025-01-01T00:00:00.000,2025-12-31T23:55:00.000,105120,จุดวัดคลองเก้า ตอนวัดศรีสุขสถาพร,105120,-0.07,1.34,0.6076192922,0,,,,0,,,,2025,water
WL.KKS.01,105120,2025-01-01T00:00:00.000,2025-12-31T23:55:00.000,105120,สถานีสูบน้ำ เทเวศร์,105120,-0.98,0.16,-0.4655909437,105120,-1.06,2.31,0.713222793,0,,,,2025,water
WL.KKS.02,105120,2025-01-01T00:00:00.000,2025-12-31T23:55:00.000,105120,จุดวัดคลองผดุงกรุงเกษม ตอนทำเนียบรัฐบาล,105120,-1.11,0.48,-0.4803231545,0,,,,0,,,,2025,water
WL.KKS.03,105120,2025-01-01T00:00:00.000,2025-12-31T23:55:00.000,105120,จุดวัดคลองผดุงกรุงเกษม ตอนหัวลำโพง,105120,-1.22,0.36,-0.5617759703,0,,,,0,,,,2025,water
WL.KKS.04,105120,2025-01-01T00:00:00.000,2025-12-31T23:55:00.000,105120,สถานีสูบน้ำ กรุงเกษม,105120,-1.36,0.33,-0.5371130137,105120,-1.03,1.83,0.6989800228,0,,,,2025,water
WL.KKY.01,105120,2025-01-01T00:00:00.000,2025-12-31T23:55:00.000,105120,จุดวัดคลองควาย ตอนถนนศาลาธรรมสพน์,105120,0.04,1.23,0.5396378425,0,,,,0,,,,2025,water
WL.KKY.02,105120,2025-01-01T00:00:00.000,2025-12-31T23:55:00.000,105120,จุดวัดคลองควาย ตอนถนนบรมราชชนนี,105120,0.04,1.14,0.4450787671,0,,,,0,,,,2025,water
WL.KLA.01,105120,2025-01-01T00:00:00.000,2025-12-31T23:55:00.000,105120,จุดวัดคลองลาว ตอนถนนพัฒนาการ,105120,-0.9,0.34,-0.403924277,0,,,,0,,,,2025,water
WL.KLD.01,105120,2025-01-01T00:00:00.000,2025-12-31T23:55:00.000,105120,จุดวัดคลองหลอด ตอนสถานีสูบน้ำปากคลองตลาด,105120,-0.74,0.71,-0.0526869292,0,,,,0,,,,2025,water
WL.KLD.02,105120,2025-01-01T00:00:00.000,2025-12-31T23:55:00.000,105120,จุดวัดคลองหลอด ตอนถนนราชดำเนินใน,105120,-0.69,0.8,-0.0308673896,0,,,,0,,,,2025,water
WL.KLT.01,105120,2025-01-01T00:00:00.000,2025-12-31T23:55:00.000,105120,จุดวัดคลองตัน ช่วงใต้ทางด่วน,105120,-1.01,-0.27,-0.6472012938,0,,,,0,,,,2025,water
WL.KMN.01,105120,2025-01-01T00:00:00.000,2025-12-31T23:55:00.000,105120,สถานีสูบน้ำ คลองมอญ,105120,-0.99,0.95,0.2149964802,105120,-1.01,2.27,0.6373550228,0,,,,2025,water
WL.KNB.01,105120,2025-01-01T00:00:00.000,2025-12-31T23:55:00.000,105120,จุดวัดคลองหนองบอน ตอนอ่อนนุช 66 ซอย 13,105120,-0.92,0.04,-0.5090870434,0,,,,0,,,,2025,water
WL.KNB.02,105120,2025-01-01T00:00:00.000,2025-12-31T23:55:00.000,105120,จุดวัดคลองหนองบอน ตอนถนนเฉลิมพระเกียรติรัชกาลที่ 9,105120,-0.67,0.52,-0.3421915906,0,,,,0,,,,2025,water
WL.KPG.01,105120,2025-01-01T00:00:00.000,2025-12-31T23:55:00.000,105120,จุดวัดคลองเป้ง ตอนซอยเอกมัย 23,105120,-1.87,-0.16,-1.0900820967,0,,,,0,,,,2025,water
WL.KPM.01,105120,2025-01-01T00:00:00.000,2025-12-31T23:55:00.000,105120,จุดวัดคลองเปรมประชากร ช่วงสถานีน้ำอุโมงค์คลองเปรมประชากร,105120,-0.97,0.64,-0.3995066591,0,,,,0,,,,2025,water
WL.KPM.02,105120,2025-01-01T00:00:00.000,2025-12-31T23:55:00.000,105120,จุดวัดคลองเปรมประชากร ตอนถนนรัชดาภิเษก,0,,,,0,,,,0,,,,2025,water
WL.KPM.03,105120,2025-01-01T00:00:00.000,2025-12-31T23:55:00.000,105120,จุดวัดคลองเปรมประชากร ช่วงวัดเทวสุนทร,105120,-0.76,1.0,-0.2769188546,0,,,,0,,,,2025,water
WL.KPM.04,105120,2025-01-01T00:00:00.000,2025-12-31T23:55:00.000,105120,คลองเปรมประชากร ตอนคลองบางตลาด*,39991,-0.39,1.46,0.0988497412,0,,,,0,,,,2025,water
WL.KPM.05,105120,2025-01-01T00:00:00.000,2025-12-31T23:55:00.000,105120,จุดวัดคลองเปรมประชากร ตอนถนนสรงประภา,105120,-0.16,1.33,0.2685531773,0,,,,0,,,,2025,water
WL.KPM.06,105120,2025-01-01T00:00:00.000,2025-12-31T23:55:00.000,105120,จุดวัดคลองเปรมประชากร ตอนคลองบ้านใหม่,105120,-0.11,1.32,0.2947035769,0,,,,0,,,,2025,water
WL.KPM.07,105120,2025-01-01T00:00:00.000,2025-12-31T23:55:00.000,105120,คลองเปรมประชากร ตอนคลองตาอูฐ,20266,-0.21,1.43,0.1853898155,0,,,,0,,,,2025,water
WL.KSG.01,105120,2025-01-01T00:00:00.000,2025-12-31T23:55:00.000,105120,จุดวัดคลองสอง ตอนถนนพหลโยธิน,105120,-0.51,1.09,0.0428386606,0,,,,0,,,,2025,water
WL.KSI.01,105120,2025-01-01T00:00:00.000,2025-12-31T23:55:00.000,105120,จุดวัดคลองสี่ ตอนถนนสุวินทวงศ์,105120,-0.47,0.61,-0.0482098554,0,,,,0,,,,2025,water
WL.KSI.02,105120,2025-01-01T00:00:00.000,2025-12-31T23:55:00.000,105120,จุดวัดคลองสี่ ตอนถนนเจ้าคุณทหาร,105120,-0.55,0.67,-0.0954393075,0,,,,0,,,,2025,water
WL.KSK.01,105120,2025-01-01T00:00:00.000,2025-12-31T23:55:00.000,105120,"""จุดวัดคลองขุนสกล ตอนซอยศรีนครินทร์ 36 """,105120,-0.98,-0.22,-0.6226097793,0,,,,0,,,,2025,water
WL.KSM.01,105120,2025-01-01T00:00:00.000,2025-12-31T23:55:00.000,105120,จุดวัดคลองสาม ตอนร่มเกล้า 17,105120,-0.54,0.65,-0.0366245244,0,,,,0,,,,2025,water
WL.KSM.02,105120,2025-01-01T00:00:00.000,2025-12-31T23:55:00.000,105120,จุดวัดคลองสาม ตอนมอเตอร์เวย์,105120,-0.47,0.61,-0.0562372527,0,,,,0,,,,2025,water
WL.KSO.01,105120,2025-01-01T00:00:00.000,2025-12-31T23:55:00.000,105120,จุดวัดคลองซอย ตอนถนนบรมราชชนนี,105120,0.2,1.2,0.5780545091,0,,,,0,,,,2025,water
WL.KSO.02,105120,2025-01-01T00:00:00.000,2025-12-31T23:55:00.000,105120,จุดวัดคลองซอย ตอนถนนศาลาธรรมสพน์,105120,0.27,1.31,0.6244865868,0,,,,0,,,,2025,water
WL.KT4.01,105120,2025-01-01T00:00:00.000,2025-12-31T23:55:00.000,105120,จุดวัดบึงรับน้ำหมู่บ้าน เคหะธานี 4,53336,-0.26,0.48,0.0095794585,0,,,,0,,,,2025,water
WL.KTK.03,105120,2025-01-01T00:00:00.000,2025-12-31T23:55:00.000,105120,จุดวัดคลองขรัวตาแก่น ตอนซอยสะพานขวา,105120,-1.0,0.69,-0.4900419521,0,,,,0,,,,2025,water
WL.KTY.01,105120,2025-01-01T00:00:00.000,2025-12-31T23:55:00.000,105120,สถานีสูบน้ำ คลองเตย,105120,-2.34,-0.44,-1.7013826104,105120,-1.62,2.0,0.4712445776,0,,,,2025,water
WL.LBK.01,105120,2025-01-01T00:00:00.000,2025-12-31T23:55:00.000,105120,จุดวัดคลองลาดบัวขาว ตอนถนนรามคำแหง,105120,-0.42,0.64,-0.062416191,0,,,,0,,,,2025,water
WL.LBK.02,105120,2025-01-01T00:00:00.000,2025-12-31T23:55:00.000,105120,จุดวัดคลองลาดบัวขาว ตอนถนนเคหะร่มเกล้า,105120,-0.59,0.54,-0.2056895928,0,,,,0,,,,2025,water
WL.LBK.03,105120,2025-01-01T00:00:00.000,2025-12-31T23:55:00.000,105120,จุดวัดคลองลาดบัวขาว ตอนซอยกาญจนาภิเษก 24,105120,-0.6,0.54,-0.2186777968,0,,,,0,,,,2025,water
WL.LCL.01,105120,2025-01-01T00:00:00.000,2025-12-31T23:55:00.000,105120,จุดวัดคลองลำชะล่า ตอนถนนนวมินทร์,105120,-0.18,0.94,0.0937792047,0,,,,0,,,,2025,water
WL.LCL.02,105120,2025-01-01T00:00:00.000,2025-12-31T23:55:00.000,105120,จุดวัดคลองลำชะล่า ตอนซอยนวมินทร์ 86,105120,-0.54,0.9,-0.223613965,0,,,,0,,,,2025,water
WL.LKB.01,105120,2025-01-01T00:00:00.000,2025-12-31T23:55:00.000,105120,จุดวัดคลองลาดกระบัง ตอนซอยลาดกระบัง 54/6,105120,-0.46,0.62,-0.0698064117,0,,,,0,,,,2025,water
WL.LOA.01,105120,2025-01-01T00:00:00.000,2025-12-31T23:55:00.000,105120,จุดวัดคลองรางอ้อ-รางแก้ว ตอนถนนพหลโยธิน,105120,-0.3,0.67,0.0755950342,0,,,,0,,,,2025,water
WL.LPC.01,105120,2025-01-01T00:00:00.000,2025-12-31T23:55:00.000,105120,จุดวัดคลองลำผักชี ตอนโรงเรียนลำผักชี,105120,-0.48,0.69,-0.0036541096,0,,,,0,,,,2025,water
WL.LPG.01,105120,2025-01-01T00:00:00.000,2025-12-31T23:55:00.000,105120,จุดวัดคลองหลวงแพ่ง ตอนโรงเรียนผลลีรุ่งเรือง,0,,,,0,,,,0,,,,2025,water
WL.LPG.02,105120,2025-01-01T00:00:00.000,2025-12-31T23:55:00.000,105120,ประตูระบายน้ำ คลองหลวงแพ่ง,105120,-1.08,0.66,-0.1725958904,105120,-0.38,1.27,0.3366200533,0,,,,2025,water
WL.LPG.03,105120,2025-01-01T00:00:00.000,2025-12-31T23:55:00.000,105120,จุดวัดคลองหลวงแพ่ง ตอนวัดลำต้อยติ่ง,105120,-0.58,0.91,-0.0864449201,0,,,,0,,,,2025,water
WL.LPI.01,105120,2025-01-01T00:00:00.000,2025-12-31T23:55:00.000,105120,จุดวัดคลองหลุมไผ่ ตอนซอยลาดปลาเค้า 63,0,,,,0,,,,0,,,,2025,water
WL.LPI.02,105120,2025-01-01T00:00:00.000,2025-12-31T23:55:00.000,105120,จุดวัดคลองหลุมไผ่ ตอนถนนประเสริฐมนูกิจ29,105120,-1.03,0.96,-0.1952452435,0,,,,0,,,,2025,water
WL.LPN.01,105120,2025-01-01T00:00:00.000,2025-12-31T23:55:00.000,105120,สถานีสูบน้ำ คลองเลนเปน,105120,-1.13,0.44,-0.4288896499,105120,-0.23,1.21,0.6355898021,0,,,,2025,water
WL.LPP.01,105120,2025-01-01T00:00:00.000,2025-12-31T23:55:00.000,105120,จุดวัดบึงรับน้ำลำพังพวย ตอนถนนนวมินทร์,105120,-1.65,0.03,-1.198798516,0,,,,0,,,,2025,water
WL.LPT.01,105120,2025-01-01T00:00:00.000,2025-12-31T23:55:00.000,105120,จุดวัดคลองลำปลาทิว ตอนถนนสังฆสันติสุข,105120,-0.46,0.76,0.0493043189,0,,,,0,,,,2025,water
WL.LPT.02,105120,2025-01-01T00:00:00.000,2025-12-31T23:55:00.000,105120,จุดวัดคลองลำปลาทิว ตอนซอยฉลองกรุง 54,4,0.04,0.04,0.04,0,,,,0,,,,2025,water
WL.LPT.03,105120,2025-01-01T00:00:00.000,2025-12-31T23:55:00.000,105120,จุดวัดคลองลำปลาทิว ตอนซอยฉลองกรุง 8,105120,-0.53,0.56,-0.0907458143,0,,,,0,,,,2025,water
WL.LPT.04,105120,2025-01-01T00:00:00.000,2025-12-31T23:55:00.000,105120,"""จุดวัดคลองลำปลาทิว ตอนซอยเชื่อมสัมพันธ์ 25 """,0,,,,0,,,,0,,,,2025,water
WL.LPW.01,105120,2025-01-01T00:00:00.000,2025-12-31T23:55:00.000,105120,ประตูระบายน้ำ คลองลาดพร้าว,105120,-0.79,0.96,-0.4228156393,105120,-0.88,0.57,-0.429468417,0,,,,2025,water
WL.LPW.02,105120,2025-01-01T00:00:00.000,2025-12-31T23:55:00.000,105120,จุดวัดคลองลาดพร้าว ช่วงวัดลาดพร้าว,105120,-0.83,0.81,-0.3428175419,0,,,,0,,,,2025,water
WL.LPW.03,105120,2025-01-01T00:00:00.000,2025-12-31T23:55:00.000,105120,จุดวัดคลองลาดพร้าว ช่วงซอยเสนานิคม,105120,-0.45,1.05,-0.2240200723,0,,,,0,,,,2025,water
WL.LPW.04,105120,2025-01-01T00:00:00.000,2025-12-31T23:55:00.000,105120,จุดวัดคลองลาดพร้าว ตอนถนนประชาอุทิศ,105120,-0.91,0.51,-0.4676260464,0,,,,0,,,,2025,water
WL.LPW.05,105120,2025-01-01T00:00:00.000,2025-12-31T23:55:00.000,105120,จุดวัดคลองลาดพร้าว ช่วงถนนประดิษฐ์มนูธรรม,105120,-0.93,0.34,-0.5341914003,0,,,,0,,,,2025,water
WL.LSG.01,105120,2025-01-01T00:00:00.000,2025-12-31T23:55:00.000,105120,จุดวัดคลองหลอด 2 ตอนถนนบางนา ตราด,105120,-2.1,0.26,-0.9112485731,0,,,,0,,,,2025,water
WL.LSM.01,105120,2025-01-01T00:00:00.000,2025-12-31T23:55:00.000,105120,จุดวัดคลองหลอด 3 ตอนถนนบางนา ตราด,105120,-1.12,0.55,-0.4914515791,0,,,,0,,,,2025,water
WL.LYW.01,105120,2025-01-01T00:00:00.000,2025-12-31T23:55:00.000,105120,จุดวัดคลองลาดยาว ตอน ถนนรัชดาภิเษก,105120,-2.43,-0.27,-0.8364624239,0,,,,0,,,,2025,water
WL.LYW.02,105120,2025-01-01T00:00:00.000,2025-12-31T23:55:00.000,105120,จุดวัดคลองลาดยาว ตอนถนนวิภาวดีรังสิต 44,105120,-1.54,0.42,-1.2476897831,0,,,,0,,,,2025,water
WL.MCM.01,105120,2025-01-01T00:00:00.000,2025-12-31T23:55:00.000,105120,จุดวัดคลองหมื่นแช่ม ตอนถนนเอกชัย,105120,-0.3,0.62,0.1607888128,0,,,,0,,,,2025,water
WL.MFS.01,105120,2025-01-01T00:00:00.000,2025-12-31T23:55:00.000,105120,จุดวัดบึงรับน้ำหมู่บ้านแฟรนต์ชิพ ตอนประตูระบายน้ำคลองออหลาว,105120,-0.96,-0.11,-0.4829844939,0,,,,0,,,,2025,water
WL.MID.01,105120,2025-01-01T00:00:00.000,2025-12-31T23:55:00.000,105120,จุดวัดคูน้ำกรมสารวัตรทหาร,0,,,,0,,,,0,,,,2025,water
WL.MKT.01,105120,2025-01-01T00:00:00.000,2025-12-31T23:55:00.000,105120,จุดวัดคลองมะขามเทศ ตอนถนนพัฒนาการ,105120,-0.68,0.38,-0.3754111492,0,,,,0,,,,2025,water
WL.MSW.01,105120,2025-01-01T00:00:00.000,2025-12-31T23:55:00.000,105120,จุดวัดคลองมหาสวัสดิ์ ตอนคลองสวนแดน 2,105120,-0.83,2.1,0.8776024543,0,,,,0,,,,2025,water
WL.MSW.02,105120,2025-01-01T00:00:00.000,2025-12-31T23:55:00.000,105120,จุดวัดคลองมหาสวัสดิ์ ตอนวัดปุรณาวาส,105120,0.39,1.46,0.8266991058,0,,,,0,,,,2025,water
WL.MSW.03,105120,2025-01-01T00:00:00.000,2025-12-31T23:55:00.000,105120,จุดวัดคลองมหาสวัสดิ์ ตอนถนนพุทธมณฑลสาย 2,105120,-0.37,2.02,0.7187051941,0,,,,0,,,,2025,water
WL.MTG.01,105120,2025-01-01T00:00:00.000,2025-12-31T23:55:00.000,105120,จุดวัดบึงรับน้ำหมู่บ้านเมืองทองการ์เด้น ตอนประตูระบายน้ำ แก้มลิง หมู่บ้านเมืองทองการ์เด้น,105120,-0.95,0.15,-0.6646726598,0,,,,0,,,,2025,water
WL.NBN.01,105120,2025-01-01T00:00:00.000,2025-12-31T23:55:00.000,105120,จุดวัดบึงหนองบอน,105120,-4.87,-0.99,-2.8167324962,105120,-0.84,0.28,-0.404331621,0,,,,2025,water
WL.NCH.02,105120,2025-01-01T00:00:00.000,2025-12-31T23:55:00.000,105120,จุดวัดคูน้ำนายใช้ ตอนคลองเปรมประชากร,105120,-1.01,1.33,0.2935944635,0,,,,0,,,,2025,water
WL.NK1.01,105120,2025-01-01T00:00:00.000,2025-12-31T23:55:00.000,105120,จุดวัดคูนายกิมสาย 1 ตอนถนนเลียบคูนายกิมสาย 1,105120,-1.09,1.34,0.3967786339,0,,,,0,,,,2025,water
WL.NK3.01,105120,2025-01-01T00:00:00.000,2025-12-31T23:55:00.000,105120,จุดวัดคลองคูนายกิมสาย 3  ตอนถนนประชาอุทิศ,105120,-0.48,1.57,-0.1580076104,0,,,,0,,,,2025,water
WL.NKW.01,105120,2025-01-01T00:00:00.000,2025-12-31T23:55:00.000,105120,จุดวัดคลองน้ำแก้ว ตอนถนนรัชดาภิเษก,0,,,,0,,,,0,,,,2025,water
WL.NKW.02,105120,2025-01-01T00:00:00.000,2025-12-31T23:55:00.000,105120,จุดวัดคลองน้ำแก้ว ตอนซอยลาดพร้าว 41,105120,-1.92,0.65,-0.8794719368,0,,,,0,,,,2025,water
WL.NSG.01,105120,2025-01-01T00:00:00.000,2025-12-31T23:55:00.000,105120,จุดวัดคลองนาซอง ตอนถนนประชาสุข,105120,-1.38,0.44,-0.8989371195,0,,,,0,,,,2025,water
WL.OAG.01,105120,2025-01-01T00:00:00.000,2025-12-31T23:55:00.000,105120,"""จุดวัดคลองโอ่งอ่าง ตอนประตูระบายน้ำวัดเทพธิดาราม """,105120,-1.14,0.47,-0.5437319254,0,,,,0,,,,2025,water
WL.ORC.01,105120,2025-01-01T00:00:00.000,2025-12-31T23:55:00.000,105120,สถานีสูบน้ำ คลองอรชร,105120,-1.87,0.62,-1.001016172,105120,-1.13,0.44,-0.4658059361,0,,,,2025,water
WL.PKG.01,105120,2025-01-01T00:00:00.000,2025-12-31T23:55:00.000,105120,สถานีสูบน้ำ ปากคลองตลาด,105120,-0.51,2.28,0.6603411339,0,,,,0,,,,2025,water
WL.PKN.01,105120,2025-01-01T00:00:00.000,2025-12-31T23:55:00.000,105120,สถานีสูบน้ำ พระโขนง,105120,-1.5,-0.19,-0.7282238394,105120,-1.62,2.19,0.522343417,0,,,,2025,water
WL.PLK.01,105120,2025-01-01T00:00:00.000,2025-12-31T23:55:00.000,105120,จุดวัดคลองพิทยาลงกรณ์ ช่วงโรงเรียนพิทยาลงกรณ์พิทยาคม,105120,-1.18,1.63,0.3875247336,0,,,,0,,,,2025,water
WL.PLP.01,105120,2025-01-01T00:00:00.000,2025-12-31T23:55:00.000,105120,จุดวัดคลองปลัดเปรียง ตอนถนนเฉลิมพระเกียรติร.9 ซอย14,105120,-0.73,0.33,-0.4396454528,0,,,,0,,,,2025,water
WL.PNM.01,105120,2025-01-01T00:00:00.000,2025-12-31T23:55:00.000,105120,จุดวัดคลองปากน้ำ ตอนถนนคู่ขนานกาญจนาภิเษก,104792,-1.49,0.68,-0.1326974387,0,,,,0,,,,2025,water
WL.PPA.02,105120,2025-01-01T00:00:00.000,2025-12-31T23:55:00.000,105120,จุดวัดคลองพลับพลา ตอนศูนย์แพทย์พัฒนา,0,,,,0,,,,0,,,,2025,water
WL.PSC.01,105120,2025-01-01T00:00:00.000,2025-12-31T23:55:00.000,105120,สถานีสูบน้ำ คลองภาษีเจริญ,105120,-0.42,0.57,0.2252006279,105120,-0.49,0.75,0.2463571157,0,,,,2025,water
WL.PSC.02,105120,2025-01-01T00:00:00.000,2025-12-31T23:55:00.000,105120,จุดวัดคลองภาษีเจริญ ตอนวัดรางบัว,105120,-0.28,0.56,0.2269440639,0,,,,0,,,,2025,water
WL.PSC.03,105120,2025-01-01T00:00:00.000,2025-12-31T23:55:00.000,105120,จุดวัดคลองราชมนตรี ตอนคลองภาษีเจริญ,105120,-0.1,0.63,0.2607727359,0,,,,0,,,,2025,water
WL.PSC.04,105120,2025-01-01T00:00:00.000,2025-12-31T23:55:00.000,105120,จุดวัดคลองภาษีเจริญ ตอนคลองมหาศร,0,,,,0,,,,0,,,,2025,water
WL.PSC.05,105120,2025-01-01T00:00:00.000,2025-12-31T23:55:00.000,105120,จุดวัดคลองภาษีเจริญ ตอนวัดหนองแขม,105120,-0.18,0.64,0.2955510845,0,,,,0,,,,2025,water
WL.PSI.01,105120,2025-01-01T00:00:00.000,2025-12-31T23:55:00.000,105120,จุดวัดคลองพร้อมศรี 2 ตอนถนนสุขุมวิท 49/13,105120,-1.87,0.1,-1.3741879756,0,,,,0,,,,2025,water
WL.PSR.01,105120,2025-01-01T00:00:00.000,2025-12-31T23:55:00.000,105120,ประตูระบายน้ำ คลองพระยาสุเรนทร์,105120,-0.05,1.46,0.4425699201,105120,0.04,1.74,0.7849313166,0,,,,2025,water
WL.PSR.02,105120,2025-01-01T00:00:00.000,2025-12-31T23:55:00.000,105120,จุดวัดคลองพระยาสุเรนทร์ ตอนถนนหนองระแหง,105120,-0.08,1.14,0.4522938546,0,,,,0,,,,2025,water
WL.PSR.03,105120,2025-01-01T00:00:00.000,2025-12-31T23:55:00.000,105120,จุดวัดคลองพระยาสุเรนทร์ ตอนถนนจตุโชติ,105120,-0.16,1.15,0.3940424277,0,,,,0,,,,2025,water
WL.PSR.04,105120,2025-01-01T00:00:00.000,2025-12-31T23:55:00.000,105120,ปตร.พระยาสุเรนทร์ ตอนคู้บอน,105120,-0.39,0.79,-0.0389539574,0,,,,0,,,,2025,water
WL.PSR.05,105120,2025-01-01T00:00:00.000,2025-12-31T23:55:00.000,105120,จุดวัดคลองพระยาสุเรนทร์ ตอนปัญญาอินทรา,105120,-0.42,0.67,0.0287115677,0,,,,0,,,,2025,water
WL.PSR.06,105120,2025-01-01T00:00:00.000,2025-12-31T23:55:00.000,105120,จุดวัดคลองพระยาสุเรนทร์ ตอนบางชัน,105120,-0.43,0.62,-0.0728494102,0,,,,0,,,,2025,water
WL.PST.01,105120,2025-01-01T00:00:00.000,2025-12-31T23:55:00.000,105120,จุดวัดบึงรับน้ำปูนซีเมนต์ไทย ตอนสถานีสูบน้ำบึงบางซื่อ,105120,-1.38,0.67,-0.7000949391,0,,,,0,,,,2025,water
WL.PWT.01,105120,2025-01-01T00:00:00.000,2025-12-31T23:55:00.000,105120,จุดวัดคลองประเวศ ตอนซอยอ่อนนุช 17,105120,-1.13,0.05,-0.5694130518,0,,,,0,,,,2025,water
WL.PWT.02,105120,2025-01-01T00:00:00.000,2025-12-31T23:55:00.000,105120,จุดวัดคลองประเวศบุรีรมย์ ตอนวัดขจรศิริ,105120,-0.79,0.44,-0.3300644977,0,,,,0,,,,2025,water
WL.PWT.03,105120,2025-01-01T00:00:00.000,2025-12-31T23:55:00.000,105120,ประตูระบายน้ำ คลองประเวศบุรีรมย์ ตอนวัดกระทุ่มเสือปลา,105120,-0.8,0.48,-0.3194180936,105120,-0.67,0.55,-0.247630137,0,,,,2025,water
WL.PWT.04,105120,2025-01-01T00:00:00.000,2025-12-31T23:55:00.000,105120,ประตูระบายน้ำ คลองประเวศบุรีรมย์ ตอนลาดกระบัง,105120,-0.71,0.51,-0.242258086,105120,-0.59,0.51,-0.1769604262,0,,,,2025,water
WL.PWT.05,105120,2025-01-01T00:00:00.000,2025-12-31T23:55:00.000,105120,จุดวัดคลองประเวศบุรีรมย์ ตอน รพ.ลาดกระบัง,105120,-0.55,0.58,-0.1058251522,0,,,,0,,,,2025,water
WL.PWT.06,105120,2025-01-01T00:00:00.000,2025-12-31T23:55:00.000,105120,จุดวัดคลองประเวศบุรีรมย์ ตอนถนนร่วมพัฒนา,105120,-0.46,0.62,-0.0283166857,0,,,,0,,,,2025,water
WL.PWT.07,105120,2025-01-01T00:00:00.000,2025-12-31T23:55:00.000,105120,ประตูระบายน้ำคลองประเวศฯ - กรมชลประทาน,60049,-0.24,0.68,0.1127037919,0,,,,0,,,,2025,water
WL.PYW.01,105120,2025-01-01T00:00:00.000,2025-12-31T23:55:00.000,105120,จุดวัดคลองพญาเวิก ตอนปตร.คลองพญาเวิก,105120,-1.81,0.48,-0.6471536339,0,,,,0,,,,2025,water
WL.RHN.01,105120,2025-01-01T00:00:00.000,2025-12-31T23:55:00.000,105120,สถานีสูบน้ำ คลองระหาญ,105120,-1.61,0.51,-0.5134537671,105120,-0.62,1.04,0.3320145548,0,,,,2025,water
WL.RJK.01,105120,2025-01-01T00:00:00.000,2025-12-31T23:55:00.000,105120,ประตูระบายน้ำ คลองรางจาก ตอนถนนประชาอุทิศ,105120,-0.11,0.75,0.3650540335,105120,-0.11,0.77,0.3679569064,0,,,,2025,water
WL.RKC.01,105120,2025-01-01T00:00:00.000,2025-12-31T23:55:00.000,105120,จุดวัดคลองข้างศูนย์ราชการ,105120,-1.36,1.03,-0.5283053653,0,,,,0,,,,2025,water
WL.RMT.01,105120,2025-01-01T00:00:00.000,2025-12-31T23:55:00.000,105120,สถานีสูบน้ำ คลองพระยาราชมนตรี,105120,-1.67,0.18,-0.6365194064,105120,-0.18,1.09,0.6142923326,0,,,,2025,water
WL.RMT.02,105120,2025-01-01T00:00:00.000,2025-12-31T23:55:00.000,105120,จุดวัดคลองพระยาราชมนตรี ตอนถนนพระรามที่ 2,105120,-0.64,0.57,-0.1448301941,0,,,,0,,,,2025,water
WL.RMT.03,105120,2025-01-01T00:00:00.000,2025-12-31T23:55:00.000,105120,จุดวัดคลองพระยาราชมนตรี ตอนถนน กัลปพฤกษ์,105120,-0.23,0.76,0.2405627854,0,,,,0,,,,2025,water
WL.RSK.01,105120,2025-01-01T00:00:00.000,2025-12-31T23:55:00.000,105120,จุดวัดคลองราษฎร์สามัคคี ตอนถนนเพชรเกษม 63,105120,-0.1,0.78,0.2942997527,0,,,,0,,,,2025,water
WL.SBR.01,105120,2025-01-01T00:00:00.000,2025-12-31T23:55:00.000,105120,ประตูระบายน้ำ คลองขุนศรีบุรีรักษ์ ตอนคลองมหาสวัสดิ์,105120,0.2,1.16,0.5858515982,105120,0.26,1.55,0.8484996195,0,,,,2025,water
WL.SBR.02,105120,2025-01-01T00:00:00.000,2025-12-31T23:55:00.000,105120,จุดวัดคลองบางขุนศรีบุรีรักษ์ ตอนถนนบรมราชชนนี,105120,0.13,1.07,0.4784504376,0,,,,0,,,,2025,water
WL.SBT.01,105120,2025-01-01T00:00:00.000,2025-12-31T23:55:00.000,105120,สถานีสูบน้ำ คลองสี่บาท,105120,-1.53,0.48,-0.2451079718,105120,-0.7,0.67,0.0904330289,0,,,,2025,water
WL.SCO.01,105120,2025-01-01T00:00:00.000,2025-12-31T23:55:00.000,105120,"""จุดวัดคลองศาลเจ้า ตอนถนนสวนผัก """,105120,-0.88,0.64,0.0888083143,0,,,,0,,,,2025,water
WL.SDN.01,105120,2025-01-01T00:00:00.000,2025-12-31T23:55:00.000,105120,"""จุดวัดคลองสวนแดน ตอนถนนชัยพฤกษ์ """,105120,-0.77,0.63,0.1232266933,0,,,,0,,,,2025,water
WL.SKG.01,105120,2025-01-01T00:00:00.000,2025-12-31T23:55:00.000,105120,จุดวัดคลองสะแกงาม ตอนถนนกาญจนาภิเษก,105120,-1.2,0.33,-0.4463513128,0,,,,0,,,,2025,water
WL.SKT.01,105120,2025-01-01T00:00:00.000,2025-12-31T23:55:00.000,105120,จุดวัดคลองทรงกระเทียม ตอนถนนนาคนิวาส,105120,-0.93,0.5,-0.6696818874,0,,,,0,,,,2025,water
WL.SKT.02,105120,2025-01-01T00:00:00.000,2025-12-31T23:55:00.000,105120,จุดวัดคลองทรงกระเทียม ตอนปตร.คลองทรงกระเทียม,105120,-1.4,0.5,-0.7891642884,0,,,,0,,,,2025,water
WL.SLL.01,105120,2025-01-01T00:00:00.000,2025-12-31T23:55:00.000,105120,จุดวัดคลองศาลาลอย ตอนถนนอ่อนนุช 61,105120,-0.7,0.41,-0.3783002283,0,,,,0,,,,2025,water
WL.SMK.01,105120,2025-01-01T00:00:00.000,2025-12-31T23:55:00.000,105120,จุดวัดบึงรับน้ำหมู่บ้านสัมมากร ตอนสถานีสูบน้ำบึงที่ 2 คลองบ้านม้า 2,105120,-0.96,0.32,-0.3660195015,0,,,,0,,,,2025,water
WL.SNC.01,105120,2025-01-01T00:00:00.000,2025-12-31T23:55:00.000,105120,สถานีสูบน้ำ คลองสนามชัย,105120,-0.83,0.52,-0.0883122146,105120,-0.04,1.23,0.7304687976,0,,,,2025,water
WL.SNC.02,105120,2025-01-01T00:00:00.000,2025-12-31T23:55:00.000,105120,จุดวัดคลองสนามชัย ตอนคลองบางขุนเทียน,105120,-0.69,0.66,0.190755898,0,,,,0,,,,2025,water
WL.SNC.03,105120,2025-01-01T00:00:00.000,2025-12-31T23:55:00.000,105120,จุดวัดคลองสนามชัย ตอนวัดเลา,105120,-0.62,0.56,0.0373071728,0,,,,0,,,,2025,water
WL.SNO.01,105120,2025-01-01T00:00:00.000,2025-12-31T23:55:00.000,105120,จุดวัดคลองเสือน้อย ตอนถนนสุคนธสวัสดิ์,105120,-1.84,-0.01,-0.9801096842,0,,,,0,,,,2025,water
WL.SOL.01,105120,2025-01-01T00:00:00.000,2025-12-31T23:55:00.000,105120,จุดวัดคลองสวนอ้อย ตอนถนนอ่อนนุช ซอย 28,105120,-1.41,0.25,-0.8965388128,0,,,,0,,,,2025,water
WL.SPP.01,105120,2025-01-01T00:00:00.000,2025-12-31T23:55:00.000,105120,จุดวัดบ่อสูบน้ำสะพานพรหม,0,,,,0,,,,0,,,,2025,water
WL.SRE.01,105120,2025-01-01T00:00:00.000,2025-12-31T23:55:00.000,105120,สถานีสูบน้ำ คลองสำเหร่,105120,-1.59,0.76,-0.0641306126,105120,-1.21,2.18,0.6077881469,0,,,,2025,water
WL.SRG.01,105120,2025-01-01T00:00:00.000,2025-12-31T23:55:00.000,105120,สถานีสูบน้ำ คลองสำโรง,105120,-1.44,0.3,-0.5065465183,105120,-1.59,1.93,0.449898497,0,,,,2025,water
WL.SSB.01,105120,2025-01-01T00:00:00.000,2025-12-31T23:55:00.000,105120,จุดวัดคลองแสนแสบ ช่วงคลองผดุงกรุงเกษม (โบ๊เบ๊),105120,-1.15,0.45,-0.5322851979,0,,,,0,,,,2025,water
WL.SSB.02,105120,2025-01-01T00:00:00.000,2025-12-31T23:55:00.000,105120,จุดวัดคลองแสนแสบ ตอนซอยสมคิด,105120,-1.21,0.34,-0.5003420852,0,,,,0,,,,2025,water
WL.SSB.03,105120,2025-01-01T00:00:00.000,2025-12-31T23:55:00.000,105120,จุดวัดคลองแสนแสบ ช่วงอโศก,105120,-0.99,0.38,-0.4034078196,0,,,,0,,,,2025,water
WL.SSB.04,105120,2025-01-01T00:00:00.000,2025-12-31T23:55:00.000,105120,สถานีสูบน้ำ คลองแสนแสบตอนคลองตัน,105120,-1.27,0.22,-0.558173516,105120,-1.26,0.23,-0.5605753425,0,,,,2025,water
WL.SSB.05,105120,2025-01-01T00:00:00.000,2025-12-31T23:55:00.000,105120,จุดวัดคลองแสนแสบ ตอนรามคำแหง 9,0,,,,0,,,,0,,,,2025,water
WL.SSB.06,105120,2025-01-01T00:00:00.000,2025-12-31T23:55:00.000,105120,จุดวัดคลองแสนแสบ ช่วงสถานีสูบน้ำคลองเจ้าคุณสิงห์,105120,-1.29,0.57,-0.4409001142,0,,,,0,,,,2025,water
WL.SSB.07,105120,2025-01-01T00:00:00.000,2025-12-31T23:55:00.000,105120,จุดวัดคลองแสนแสบ ตอนสำนักงานเขตบางกะปิ,105120,-1.05,0.54,-0.3885367199,0,,,,0,,,,2025,water
WL.SSB.08,105120,2025-01-01T00:00:00.000,2025-12-31T23:55:00.000,105120,จุดวัดคลองแสนแสบ ช่วงซอยเสรีไทย 24,105120,-0.8,0.44,-0.3609527207,0,,,,0,,,,2025,water
WL.SSB.09,105120,2025-01-01T00:00:00.000,2025-12-31T23:55:00.000,105120,ประตูระบายน้ำ คลองแสนแสบ ตอนบางชัน,105120,-0.87,0.47,-0.2840699201,105120,-0.47,0.59,-0.1152385845,0,,,,2025,water
WL.SSB.10,105120,2025-01-01T00:00:00.000,2025-12-31T23:55:00.000,105120,ประตูระบายน้ำ คลองแสนแสบ ตอนถนนประชาร่วมใจ,105120,-0.55,0.53,-0.1595437595,105120,-0.49,0.7,0.0012183219,0,,,,2025,water
WL.SSB.11,105120,2025-01-01T00:00:00.000,2025-12-31T23:55:00.000,105120,จุดวัดคลองแสนแสบ ตอนวัดทรัพย์สโมสรนิกรเกษม,105120,-0.37,0.82,0.0863780441,0,,,,0,,,,2025,water
WL.SSB.12,105120,2025-01-01T00:00:00.000,2025-12-31T23:55:00.000,105120,สถานีสูบน้ำ คลองแสนแสบ หนองจอก,105120,-0.44,0.85,0.0989645167,105120,-0.49,1.5,0.3813219178,0,,,,2025,water
WL.SSG.01,105120,2025-01-01T00:00:00.000,2025-12-31T23:55:00.000,105120,จุดวัดคลองสิบสอง ตอนถนนประชาสำราญ,105120,-0.05,1.4,0.6495083714,0,,,,0,,,,2025,water
WL.SSM.01,105120,2025-01-01T00:00:00.000,2025-12-31T23:55:00.000,105120,ประตูระบายน้ำ คลองสิบสาม,0,,,,34707,0.31,1.09,0.6947748293,0,,,,2025,water
WL.SSN.01,105120,2025-01-01T00:00:00.000,2025-12-31T23:55:00.000,105120,สถานีสูบน้ำ สามเสน,105120,-2.32,0.33,-0.8861283295,105120,-0.53,2.17,0.7457811073,0,,,,2025,water
WL.SSN.02,105120,2025-01-01T00:00:00.000,2025-12-31T23:55:00.000,105120,จุดวัดคลองสามเสน ช่วงถนนพระรามที่ 5,105120,-2.0,0.41,-0.9154298896,0,,,,0,,,,2025,water
WL.SSN.03,105120,2025-01-01T00:00:00.000,2025-12-31T23:55:00.000,105120,จุดวัดคลองสามเสน ตอนถนนพระรามที่ 6,105120,-1.69,0.41,-0.9600407154,0,,,,0,,,,2025,water
WL.SSN.04,105120,2025-01-01T00:00:00.000,2025-12-31T23:55:00.000,105120,จุดวัดคลองสามเสน ช่วงถนนพหลโยธิน,105120,-1.75,0.05,-0.8834760274,0,,,,0,,,,2025,water
WL.SSN.05,105120,2025-01-01T00:00:00.000,2025-12-31T23:55:00.000,105120,จุดวัดคลองสามเสน ตอน รพ.พระมงกุฎเกล้า,0,,,,0,,,,0,,,,2025,water
WL.SSN.06,105120,2025-01-01T00:00:00.000,2025-12-31T23:55:00.000,105120,จุดวัดคลองสามเสน ช่วงถนนดินแดง,105120,-1.6,0.29,-0.9419944825,0,,,,0,,,,2025,water
WL.SSN.07,105120,2025-01-01T00:00:00.000,2025-12-31T23:55:00.000,105120,จุดวัดคลองสามเสน ตอนถนนอโศก,85053,-1.72,0.35,-0.8707957391,0,,,,0,,,,2025,water
WL.SSN.08,105120,2025-01-01T00:00:00.000,2025-12-31T23:55:00.000,105120,สถานีสูบน้ำ สามเสน ตอนคลองแสนแสบ,105120,-1.53,0.19,-0.6230874239,105120,-1.33,0.28,-0.5948111682,0,,,,2025,water
WL.SSN.09,105120,2025-01-01T00:00:00.000,2025-12-31T23:55:00.000,105120,จุดวัดคลองสามเสน ช่วงถนนเอกมัย,105120,-0.94,0.07,-0.5562465753,0,,,,0,,,,2025,water
WL.SSN.10,105120,2025-01-01T00:00:00.000,2025-12-31T23:55:00.000,105120,จุดวัดคลองสามเสน -ตอนคลองชวดใหญ่,105120,-2.11,0.42,-0.5254844939,0,,,,0,,,,2025,water
WL.SST.01,105120,2025-01-01T00:00:00.000,2025-12-31T23:55:00.000,105120,ประตูระบายน้ำ คลองสองสายใต้,105120,-0.5,1.08,0.1072172755,105120,-0.02,1.73,0.7649472983,0,,,,2025,water
WL.STN.01,105120,2025-01-01T00:00:00.000,2025-12-31T23:55:00.000,105120,จุดวัดคลองสองต้นนุ่น ตอนถนนรามคำแหง,105120,-0.68,0.39,-0.300247812,0,,,,0,,,,2025,water
WL.STN.02,105120,2025-01-01T00:00:00.000,2025-12-31T23:55:00.000,105120,"""จุดวัดคลองสองต้นนุ่น ตอนซอยร่มเกล้า 20 """,105120,-0.52,0.55,-0.1477079528,0,,,,0,,,,2025,water
WL.STN.03,105120,2025-01-01T00:00:00.000,2025-12-31T23:55:00.000,105120,จุดวัดคลองสองต้นนุ่น ตอนถนนมอเตอร์เวย์,105120,-0.58,0.6,-0.1387231735,0,,,,0,,,,2025,water
WL.STR.01,105120,2025-01-01T00:00:00.000,2025-12-31T23:55:00.000,105120,สถานีสูบน้ำ คลองสาทร,105120,-1.4,0.39,-0.6936233828,105120,-1.01,1.49,0.4524302702,105120,-1.6,2.19,0.5575381469,2025,water
WL.STR.02,105120,2025-01-01T00:00:00.000,2025-12-31T23:55:00.000,105120,"""จุดวัดคลองสาทร ตอนถนนพระรามที่ 4 """,0,,,,0,,,,0,,,,2025,water
WL.SWA.01,105120,2025-01-01T00:00:00.000,2025-12-31T23:55:00.000,105120,ประตูระบายน้ำ คลองสามวา,105120,-0.4,0.64,-0.0103875571,105120,-0.31,1.11,0.2647175609,0,,,,2025,water
WL.SWU.01,105120,2025-01-01T00:00:00.000,2025-12-31T23:55:00.000,105120,จุดวัดคูน้ำ มศว.,105120,-1.74,0.26,-1.1758351408,0,,,,0,,,,2025,water
WL.TCG.01,105120,2025-01-01T00:00:00.000,2025-12-31T23:55:00.000,105120,"""จุดวัดคลองตาช้าง ตอนถนนศรีนครินทร์ """,105120,-1.36,0.3,-0.8704963851,0,,,,0,,,,2025,water
WL.TNG.01,105120,2025-01-01T00:00:00.000,2025-12-31T23:55:00.000,105120,จุดวัดคลองตาหนัง ตอนถนนลาดพร้าว,105120,-1.18,0.04,-0.7491745624,0,,,,0,,,,2025,water
WL.TPK.02,105120,2025-01-01T00:00:00.000,2025-12-31T23:55:00.000,105120,จุดวัดคลองตาพุก ตอนถนนลาดกระบัง,82843,-0.67,0.49,-0.235778038,0,,,,0,,,,2025,water
WL.TPK.03,105120,2025-01-01T00:00:00.000,2025-12-31T23:55:00.000,105120,จุดวัดคลองตาพุก ตอนคลองทับช้างบน,105120,-0.71,0.69,-0.2036762747,0,,,,0,,,,2025,water
WL.TSK.01,105120,2025-01-01T00:00:00.000,2025-12-31T23:55:00.000,105120,จุดวัดคูน้ำต่อศักดิ์ ตอนซอยทองหล่อ 25,105120,-1.87,0.06,-1.6648262938,0,,,,0,,,,2025,water
WL.TTN.01,105120,2025-01-01T00:00:00.000,2025-12-31T23:55:00.000,105120,จุดวัดคลองลาดโตนด ตอน ปตร.คลองลาดโตนด,105120,-1.0,0.67,-0.4655611682,0,,,,0,,,,2025,water
WL.TUT.01,105120,2025-01-01T00:00:00.000,2025-12-31T23:55:00.000,105120,สถานีสูบน้ำ คลองตาอูฐ,0,,,,9716,-0.24,2.0,0.3120903664,0,,,,2025,water
WL.TUT.02,105120,2025-01-01T00:00:00.000,2025-12-31T23:55:00.000,105120,จุดวัดคลองตาอูฐ ตอนซอยแจ้งวัฒนะ 14,105120,-1.74,1.0,-0.6816226218,0,,,,0,,,,2025,water
WL.TWW.01,105120,2025-01-01T00:00:00.000,2025-12-31T23:55:00.000,105120,ประตูระบายน้ำ คลองทวีวัฒนา,105120,0.11,1.16,0.5594665145,105120,0.25,1.39,0.7801966324,0,,,,2025,water
WL.TWW.02,105120,2025-01-01T00:00:00.000,2025-12-31T23:55:00.000,105120,จุดวัดคลองทวีวัฒนา ตอนถนนบรมราชชนนี,105120,0.13,1.16,0.5522934741,0,,,,0,,,,2025,water
WL.TWW.03,105120,2025-01-01T00:00:00.000,2025-12-31T23:55:00.000,105120,จุดวัดคลองทวีวัฒนา ตอนถนนเพชรเกษม,105120,0.15,1.03,0.5288018455,0,,,,0,,,,2025,water
WL.TWW.04,105120,2025-01-01T00:00:00.000,2025-12-31T23:55:00.000,105120,จุดวัดคลองทวีวัฒนา ตอนคลองบางเชือกหนัง,105120,0.16,1.14,0.5552050038,0,,,,0,,,,2025,water
WL.TWW.05,105120,2025-01-01T00:00:00.000,2025-12-31T23:55:00.000,105120,จุดวัดคลองทวีวัฒนา ตอนคลองภาษีเจริญ,105120,-0.13,0.84,0.2747296423,0,,,,0,,,,2025,water
WL.VPD.01,105120,2025-01-01T00:00:00.000,2025-12-31T23:55:00.000,105120,จุดวัดคูน้ำวิภาวดี ตอนหน้าสนามกีฬากองทัพบก,105120,-1.15,0.1,-0.8430193113,0,,,,0,,,,2025,water
WL.VPD.02,105120,2025-01-01T00:00:00.000,2025-12-31T23:55:00.000,105120,จุดวัดคูน้ำวิภาวดี ตอนกรมดุริยางค์ทหารบก,105120,-1.18,0.09,-0.7955818113,0,,,,0,,,,2025,water
WL.VPD.03,105120,2025-01-01T00:00:00.000,2025-12-31T23:55:00.000,105120,จุดวัดคูน้ำวิภาวดี ตอนซอยวิภาวดีรังสิต 28,105120,-1.38,0.25,-1.0021506849,0,,,,0,,,,2025,water
WL.VPV.01,105120,2025-01-01T00:00:00.000,2025-12-31T23:55:00.000,105120,สถานีสูบน้ำ รัชดา-วิภาวดี,105120,-3.0,0.0,-1.7997320205,0,,,,0,,,,2025,water
WL.WHK.01,105120,2025-01-01T00:00:00.000,2025-12-31T23:55:00.000,105120,จุดวัดคลองวัดหัวกระบือ ตอนวัดหัวกระบือ,105120,-0.06,1.16,0.6773274353,0,,,,0,,,,2025,water
WL.WKT.01,105120,2025-01-01T00:00:00.000,2025-12-31T23:55:00.000,105120,จุดวัดคลองวัดไก่เตี้ย ตอนสถานีสูบน้ำคลองวัดไก่เตี้ย,105120,-0.54,0.79,0.2425398592,0,,,,0,,,,2025,water
WL.WLS.01,105120,2025-01-01T00:00:00.000,2025-12-31T23:55:00.000,105120,จุดวัดคลองวัดหลักสี่ ตอนถนนวิภาวดีรังสิต,105120,-0.39,1.11,0.0257979452,0,,,,0,,,,2025,water
WL.WSI.01,105120,2025-01-01T00:00:00.000,2025-12-31T23:55:00.000,105120,สถานีสูบน้ำ คลองวัดไทร,105120,-2.36,0.75,-0.7095187405,105120,-0.89,2.06,0.5337241248,0,,,,2025,water
WL.WSV.01,105120,2025-01-01T00:00:00.000,2025-12-31T23:55:00.000,105120,จุดวัดคลองวัดสุทธาวาส ตอนซอยเทอดไท 33,105120,-0.42,0.77,0.1318761416,0,,,,0,,,,2025,water
WL.WTK.01,105120,2025-01-01T00:00:00.000,2025-12-31T23:55:00.000,105120,จุดวัดคลองวัดตึก ตอนถนนลาดพร้าว,105120,-1.08,0.68,-0.5554614726,0,,,,0,,,,2025,water
WL.WTN.02,105120,2025-01-01T00:00:00.000,2025-12-31T23:55:00.000,105120,จุดวัดคูน้ำวัฒนา ตอนโรงเรียนวัฒนาวิทยาลัย,105120,-1.63,0.27,-0.9168093607,0,,,,0,,,,2025,water
WL.YPE.01,105120,2025-01-01T00:00:00.000,2025-12-31T23:55:00.000,105120,จุดคลองยายเพียร ตอนถนนเพชรเกษม,105120,-0.18,0.63,0.2820436644,0,,,,0,,,,2025,water
WL.YPN.01,105120,2025-01-01T00:00:00.000,2025-12-31T23:55:00.000,105120,จุดวัดคลองยายเผื่อน ตอนแฮปปี้แลนด์,105120,-1.91,-0.13,-0.797489726,0,,,,0,,,,2025,water
WL.YPN.02,105120,2025-01-01T00:00:00.000,2025-12-31T23:55:00.000,105120,จุดวัดคลองยายเผื่อน ตอนถนนลาดพร้าว,105120,-1.91,-0.07,-0.8750691591,0,,,,0,,,,2025,water
WL.YSN.02,105120,2025-01-01T00:00:00.000,2025-12-31T23:55:00.000,105120,"""จุดวัดคลองยายสุ่น ตอนถนนรัชดาภิเษก """,105120,-1.36,0.54,-0.5580237823,0,,,,0,,,,2025,water
