{
"type": "FeatureCollection",
"name": "bangkok_subdistricts",
"crs": { "type": "name", "properties": { "name": "urn:ogc:def:crs:OGC:1.3:CRS84" } },
"features": [
{ "type": "Feature", "properties": { "name": "Phraborom Maharatchawang", "adm2_name": "Phra Nakhon" }, "geometry": { "type": "Polygon", "coordinates": [ [ [ 100.49452506300014, 13.757592173000091 ], [ 100.496139078000169, 13.75236880000017 ], [ 100.496454220000146, 13.744473160000041 ], [ 100.493441237000184, 13.740802218000056 ], [ 100.488274199000045, 13.74826729900019 ], [ 100.487707167000167, 13.754940734000172 ], [ 100.490971988000069, 13.761928724000143 ], [ 100.49452506300014, 13.757592173000091 ] ] ] } },
{ "type": "Feature", "properties": { "name": "Wang Burapha Phirom", "adm2_name": "Phra Nakhon" }, "geometry": { "type": "Polygon", "coordinates": [ [ [ 100.496328834000053, 13.74848521399997 ], [ 100.504115862999981, 13.747706773000175 ], [ 100.499806690000071, 13.738632557000017 ], [ 100.493441237000184, 13.740802218000056 ], [ 100.496420079000075, 13.744285835000085 ], [ 100.496328834000053, 13.74848521399997 ] ] ] } },
{ "type": "Feature", "properties": { "name": "Wat Ratchabophit", "adm2_name": "Phra Nakhon" }, "geometry": { "type": "Polygon", "coordinates": [ [ [ 100.501402324000082, 13.748170069000139 ], [ 100.496328834000053, 13.74848521399997 ], [ 100.496248332000164, 13.751269715000092 ], [ 100.501896347000013, 13.751744827000152 ], [ 100.501402324000082, 13.748170069000139 ] ] ] } },
{ "type": "Feature", "properties": { "name": "Samran Rat", "adm2_name": "Phra Nakhon" }, "geometry": { "type": "Polygon", "coordinates": [ [ [ 100.505542888000036, 13.753782602000058 ], [ 100.504115862999981, 13.747706773000175 ], [ 100.501307934000124, 13.748003401000176 ], [ 100.502393806000043, 13.754589962000068 ], [ 100.505542888000036, 13.753782602000058 ] ] ] } },
{ "type": "Feature", "properties": { "name": "San Chaopho Suea", "adm2_name": "Phra Nakhon" }, "geometry": { "type": "Polygon", "coordinates": [ [ [ 100.498745216000145, 13.755602168000166 ], [ 100.498211496000067, 13.751473834000024 ], [ 100.496248332000164, 13.751269715000092 ], [ 100.495211940000047, 13.75658818200003 ], [ 100.498745216000145, 13.755602168000166 ] ] ] } },
{ "type": "Feature", "properties": { "name": "Sao Chingcha", "adm2_name": "Phra Nakhon" }, "geometry": { "type": "Polygon", "coordinates": [ [ [ 100.502013015999978, 13.751902093000183 ], [ 100.498211496000067, 13.751473834000024 ], [ 100.498745216000145, 13.755602168000166 ], [ 100.502393806000043, 13.754589962000068 ], [ 100.502013015999978, 13.751902093000183 ] ] ] } },
{ "type": "Feature", "properties": { "name": "Bowon Niwet", "adm2_name": "Phra Nakhon" }, "geometry": { "type": "Polygon", "coordinates": [ [ [ 100.504164401000082, 13.759015919000092 ], [ 100.505542888000036, 13.753782602000058 ], [ 100.494935198000064, 13.757200922000095 ], [ 100.498953683000082, 13.757290833000184 ], [ 100.500153683000065, 13.761669916000017 ], [ 100.504164401000082, 13.759015919000092 ] ] ] } },
{ "type": "Feature", "properties": { "name": "Talat Yot", "adm2_name": "Phra Nakhon" }, "geometry": { "type": "Polygon", "coordinates": [ [ [ 100.500153683000065, 13.761669916000017 ], [ 100.498953683000082, 13.757290833000184 ], [ 100.49452506300014, 13.757592173000091 ], [ 100.498595589000104, 13.762685500000032 ], [ 100.500153683000065, 13.761669916000017 ] ] ] } },
{ "type": "Feature", "properties": { "name": "Chana Songkhram", "adm2_name": "Phra Nakhon" }, "geometry": { "type": "Polygon", "coordinates": [ [ [ 100.498595589000104, 13.762685500000032 ], [ 100.49452506300014, 13.757592173000091 ], [ 100.490971988000069, 13.761928724000143 ], [ 100.494836268000199, 13.765562309000131 ], [ 100.498595589000104, 13.762685500000032 ] ] ] } },
{ "type": "Feature", "properties": { "name": "Ban Phan Thom", "adm2_name": "Phra Nakhon" }, "geometry": { "type": "Polygon", "coordinates": [ [ [ 100.50767319900018, 13.759952151000107 ], [ 100.505707938000171, 13.756182284000033 ], [ 100.504164401000082, 13.759015919000092 ], [ 100.498595589000104, 13.762685500000032 ], [ 100.501107272000183, 13.766928429000188 ], [ 100.505053710000084, 13.761432263000188 ], [ 100.50767319900018, 13.759952151000107 ] ] ] } },
{ "type": "Feature", "properties": { "name": "Bang Khun Phrom", "adm2_name": "Phra Nakhon" }, "geometry": { "type": "Polygon", "coordinates": [ [ [ 100.5093992460001, 13.763650817000098 ], [ 100.50767319900018, 13.759952151000107 ], [ 100.505053710000084, 13.761432263000188 ], [ 100.501107272000183, 13.766928429000188 ], [ 100.503856819000077, 13.76977598700006 ], [ 100.5093992460001, 13.763650817000098 ] ] ] } },
{ "type": "Feature", "properties": { "name": "Wat Sam Phraya", "adm2_name": "Phra Nakhon" }, "geometry": { "type": "Polygon", "coordinates": [ [ [ 100.503856819000077, 13.76977598700006 ], [ 100.498595589000104, 13.762685500000032 ], [ 100.494836268000199, 13.765562309000131 ], [ 100.499039813000138, 13.77266572700006 ], [ 100.503856819000077, 13.76977598700006 ] ] ] } },
{ "type": "Feature", "properties": { "name": "Dusit", "adm2_name": "Dusit" }, "geometry": { "type": "Polygon", "coordinates": [ [ [ 100.521367990000044, 13.778049498000087 ], [ 100.512138577000144, 13.761187652000103 ], [ 100.512020305000135, 13.761049606000029 ], [ 100.503856819000077, 13.76977598700006 ], [ 100.5107069660001, 13.783152245000167 ], [ 100.521367990000044, 13.778049498000087 ] ] ] } },
{ "type": "Feature", "properties": { "name": "Wachira Phayaban", "adm2_name": "Dusit" }, "geometry": { "type": "Polygon", "coordinates": [ [ [ 100.5107069660001, 13.783152245000167 ], [ 100.503856819000077, 13.76977598700006 ], [ 100.499039813000138, 13.77266572700006 ], [ 100.505613076000145, 13.786370919000035 ], [ 100.5107069660001, 13.783152245000167 ] ] ] } },
{ "type": "Feature", "properties": { "name": "Suan Chitlada", "adm2_name": "Dusit" }, "geometry": { "type": "Polygon", "coordinates": [ [ [ 100.527851262000183, 13.77426453400011 ], [ 100.520919124000045, 13.757113695000101 ], [ 100.515487908000068, 13.761676091000083 ], [ 100.512903073000189, 13.760188055000071 ], [ 100.512020305000135, 13.761049606000029 ], [ 100.521367990000044, 13.778049498000087 ], [ 100.527851262000183, 13.77426453400011 ] ] ] } },
{ "type": "Feature", "properties": { "name": "Si Yaek Mahanak", "adm2_name": "Dusit" }, "geometry": { "type": "Polygon", "coordinates": [ [ [ 100.520919124000045, 13.757113695000101 ], [ 100.519133728000099, 13.752637297000092 ], [ 100.517371460000163, 13.753099860000077 ], [ 100.51636838200011, 13.756712125000092 ], [ 100.512903073000189, 13.760188055000071 ], [ 100.515487908000068, 13.761676091000083 ], [ 100.520919124000045, 13.757113695000101 ] ] ] } },
{ "type": "Feature", "properties": { "name": "Thanon Nakhon Chaisi", "adm2_name": "Dusit" }, "geometry": { "type": "Polygon", "coordinates": [ [ [ 100.537424276000195, 13.797854428999983 ], [ 100.527851262000183, 13.77426453400011 ], [ 100.523772577000159, 13.777570099000172 ], [ 100.515421865, 13.780605655000159 ], [ 100.505613076000145, 13.786370919000035 ], [ 100.513886854000134, 13.795300032000114 ], [ 100.516497561000051, 13.800358098000117 ], [ 100.532330992000141, 13.798213084999986 ], [ 100.533203826000033, 13.799827589000188 ], [ 100.537424276000195, 13.797854428999983 ] ] ] } },
{ "type": "Feature", "properties": { "name": "Krathum Rai", "adm2_name": "Nong Chok" }, "geometry": { "type": "Polygon", "coordinates": [ [ [ 100.90754927800009, 13.838104561000023 ], [ 100.938516257000174, 13.814255677000062 ], [ 100.928911591000031, 13.801808612000059 ], [ 100.910405783999977, 13.790985756000055 ], [ 100.907445127000074, 13.7864429870001 ], [ 100.875932981000119, 13.814303754000093 ], [ 100.86139298500018, 13.820031163000124 ], [ 100.86071214500015, 13.818802719000075 ], [ 100.853861212000027, 13.821142856000165 ], [ 100.855086285000084, 13.823905313000012 ], [ 100.855624191000175, 13.832939236000072 ], [ 100.851818834000198, 13.836081316 ], [ 100.851187674000187, 13.857737448000023 ], [ 100.863269397000181, 13.857313374000114 ], [ 100.912684786999989, 13.846797639000044 ], [ 100.90754927800009, 13.838104561000023 ] ] ] } },
{ "type": "Feature", "properties": { "name": "Nong Chok", "adm2_name": "Nong Chok" }, "geometry": { "type": "Polygon", "coordinates": [ [ [ 100.899960553000028, 13.898444802000029 ], [ 100.907971247000091, 13.896959773000162 ], [ 100.906256180000014, 13.860803065000141 ], [ 100.904204648000132, 13.848422871000025 ], [ 100.859860185000173, 13.857815724000147 ], [ 100.831809853000095, 13.855752350000103 ], [ 100.828719942000134, 13.864511895000021 ], [ 100.832896015000074, 13.868729189000078 ], [ 100.832152862000157, 13.881632976000105 ], [ 100.829411770000036, 13.889210591000108 ], [ 100.836029799000187, 13.888618020000024 ], [ 100.841571495000096, 13.886361736000026 ], [ 100.849482623000029, 13.886035581000101 ], [ 100.859345147, 13.88190537100013 ], [ 100.862893152000026, 13.885060077000048 ], [ 100.867077646000041, 13.885770504000106 ], [ 100.872461196000188, 13.890045969000084 ], [ 100.878170760000046, 13.892142026999977 ], [ 100.882450515000073, 13.888816865000024 ], [ 100.893255988000135, 13.887515782000094 ], [ 100.899320114000091, 13.894791146000046 ], [ 100.899960553000028, 13.898444802000029 ] ] ] } },
{ "type": "Feature", "properties": { "name": "Khlong Sip", "adm2_name": "Nong Chok" }, "geometry": { "type": "Polygon", "coordinates": [ [ [ 100.851736259000177, 13.938123624000184 ], [ 100.850574602000052, 13.904181419000111 ], [ 100.849165674, 13.897586515000171 ], [ 100.85084963200012, 13.889709743000026 ], [ 100.849482623000029, 13.886035581000101 ], [ 100.841571495000096, 13.886361736000026 ], [ 100.836029799000187, 13.888618020000024 ], [ 100.829617159000065, 13.889071719000128 ], [ 100.828315150000037, 13.893955163000101 ], [ 100.829795441000044, 13.895970104000071 ], [ 100.81866207600018, 13.894010563000052 ], [ 100.812838794000129, 13.8906869220001 ], [ 100.809412324000107, 13.890937517000168 ], [ 100.808982325000159, 13.889167943000132 ], [ 100.792844512999977, 13.89375031100019 ], [ 100.792598843000121, 13.931544750000114 ], [ 100.851736259000177, 13.938123624000184 ] ] ] } },
{ "type": "Feature", "properties": { "name": "Khlong Sip Song", "adm2_name": "Nong Chok" }, "geometry": { "type": "Polygon", "coordinates": [ [ [ 100.913981584000112, 13.946210601000075 ], [ 100.907971247000091, 13.896959773000162 ], [ 100.903812359000085, 13.898588597000128 ], [ 100.899960553000028, 13.898444802000029 ], [ 100.899320114000091, 13.894791146000046 ], [ 100.893255988000135, 13.887515782000094 ], [ 100.882450515000073, 13.888816865000024 ], [ 100.878170760000046, 13.892142026999977 ], [ 100.872461196000188, 13.890045969000084 ], [ 100.867077646000041, 13.885770504000106 ], [ 100.862893152000026, 13.885060077000048 ], [ 100.859345147, 13.88190537100013 ], [ 100.849608119000152, 13.885841825000057 ], [ 100.85084963200012, 13.889709743000026 ], [ 100.849165674, 13.897586515000171 ], [ 100.850574602000052, 13.904181419000111 ], [ 100.851737178000178, 13.938145877000181 ], [ 100.913981584000112, 13.946210601000075 ] ] ] } },
{ "type": "Feature", "properties": { "name": "Khok Faet", "adm2_name": "Nong Chok" }, "geometry": { "type": "Polygon", "coordinates": [ [ [ 100.851187674000187, 13.857737448000023 ], [ 100.851818834000198, 13.836081316 ], [ 100.855622252000103, 13.831887495000046 ], [ 100.855078324000033, 13.823880561000124 ], [ 100.85017396000012, 13.817284055000187 ], [ 100.843101749000198, 13.815338459000145 ], [ 100.83815775100004, 13.81834566100008 ], [ 100.832396258000017, 13.818024958000137 ], [ 100.823635783000043, 13.826827750000177 ], [ 100.818800300000078, 13.817560121000099 ], [ 100.814299372000164, 13.815170068000157 ], [ 100.808924136000201, 13.808894354000131 ], [ 100.803702645000101, 13.807935798000074 ], [ 100.80226798700005, 13.808906684000078 ], [ 100.801367990000131, 13.82019774500003 ], [ 100.803925336000134, 13.825869813000054 ], [ 100.805905945000177, 13.826092161000133 ], [ 100.807979249000084, 13.837801862000106 ], [ 100.806510786, 13.84409701900006 ], [ 100.801830977000122, 13.842515162000154 ], [ 100.798995965000074, 13.849289744000089 ], [ 100.806755482000199, 13.853442680000114 ], [ 100.851187674000187, 13.857737448000023 ] ] ] } },
{ "type": "Feature", "properties": { "name": "Khu Fung Nuea", "adm2_name": "Nong Chok" }, "geometry": { "type": "Polygon", "coordinates": [ [ [ 100.828315150000037, 13.893955163000101 ], [ 100.832152862000157, 13.881632976000105 ], [ 100.832896015000074, 13.868729189000078 ], [ 100.828719942000134, 13.864511895000021 ], [ 100.831809853000095, 13.855752350000103 ], [ 100.806755482000199, 13.853442680000114 ], [ 100.799462654000195, 13.849539574000119 ], [ 100.787421596000115, 13.879987173000075 ], [ 100.79094480800012, 13.881906568000147 ], [ 100.795785192000039, 13.890098959000056 ], [ 100.792370544000107, 13.893837986000051 ], [ 100.808982325000159, 13.889167943000132 ], [ 100.809412324000107, 13.890937517000168 ], [ 100.812838794000129, 13.8906869220001 ], [ 100.81866207600018, 13.894010563000052 ], [ 100.829795441000044, 13.895970104000071 ], [ 100.828315150000037, 13.893955163000101 ] ] ] } },
{ "type": "Feature", "properties": { "name": "Lam Phak Chi", "adm2_name": "Nong Chok" }, "geometry": { "type": "Polygon", "coordinates": [ [ [ 100.853857531000187, 13.821144817000061 ], [ 100.862006763000181, 13.818119858000159 ], [ 100.869776560000105, 13.813084174000039 ], [ 100.873969500000101, 13.807279941000047 ], [ 100.879634916000043, 13.804713103000097 ], [ 100.877462320000063, 13.802197708999984 ], [ 100.87239889500006, 13.802756632000182 ], [ 100.870934591000037, 13.800853326000038 ], [ 100.873973893000198, 13.798150209000141 ], [ 100.869338887000197, 13.79436540800009 ], [ 100.865515001000176, 13.794515691000129 ], [ 100.862835527000186, 13.792577387 ], [ 100.85709421200005, 13.781029322000109 ], [ 100.844385086000102, 13.776151417 ], [ 100.84147550300014, 13.773571033 ], [ 100.841009365000104, 13.77059648200003 ], [ 100.837493806999987, 13.767599928000038 ], [ 100.832175699000175, 13.767578543000184 ], [ 100.829232669000191, 13.772183821000169 ], [ 100.822700326000188, 13.777811069 ], [ 100.822808325000153, 13.779778265000061 ], [ 100.814745613000071, 13.784276181000052 ], [ 100.808777009000039, 13.781637599000078 ], [ 100.799434747000134, 13.781865311000104 ], [ 100.793667362000122, 13.784085719000132 ], [ 100.796094883000194, 13.788696600000151 ], [ 100.795093110000153, 13.793974302000038 ], [ 100.797356150000155, 13.797990186000106 ], [ 100.814299372000164, 13.815170068000157 ], [ 100.818800300000078, 13.817560121000099 ], [ 100.823635783000043, 13.826827750000177 ], [ 100.832225668000149, 13.818091748000143 ], [ 100.83815775100004, 13.81834566100008 ], [ 100.843101749000198, 13.815338459000145 ], [ 100.85017396000012, 13.817284055000187 ], [ 100.853857531000187, 13.821144817000061 ] ] ] } },
{ "type": "Feature", "properties": { "name": "Lam Toiting", "adm2_name": "Nong Chok" }, "geometry": { "type": "Polygon", "coordinates": [ [ [ 100.907445127000074, 13.7864429870001 ], [ 100.878833007000082, 13.737877175000051 ], [ 100.874822070000107, 13.739160355000024 ], [ 100.867064814000059, 13.751820970000153 ], [ 100.864647279000167, 13.765137421000134 ], [ 100.860800766000125, 13.770468382999979 ], [ 100.840860068000097, 13.771026021000125 ], [ 100.841486503000169, 13.773588841000048 ], [ 100.844464767000034, 13.776202110000042 ], [ 100.85709421200005, 13.781029322000109 ], [ 100.862835527000186, 13.792577387 ], [ 100.865515001000176, 13.794515691000129 ], [ 100.869338887000197, 13.79436540800009 ], [ 100.873973893000198, 13.798150209000141 ], [ 100.870934591000037, 13.800853326000038 ], [ 100.872443826000165, 13.802794945000016 ], [ 100.87618363100006, 13.801935070000013 ], [ 100.879005366, 13.802991284000029 ], [ 100.879705240000192, 13.805166511000152 ], [ 100.873939909000057, 13.807303448000141 ], [ 100.869776560000105, 13.813084174000039 ], [ 100.86071214500015, 13.818802719000075 ], [ 100.861309783000024, 13.820041236000122 ], [ 100.875932981000119, 13.814303754000093 ], [ 100.907445127000074, 13.7864429870001 ] ] ] } },
{ "type": "Feature", "properties": { "name": "Maha Phruettharam", "adm2_name": "Bang Rak" }, "geometry": { "type": "Polygon", "coordinates": [ [ [ 100.515687797000169, 13.738046738000151 ], [ 100.525581059000046, 13.734149190000096 ], [ 100.52934601600009, 13.732606674000181 ], [ 100.515662286000122, 13.730188895000026 ], [ 100.515687797000169, 13.738046738000151 ] ] ] } },
{ "type": "Feature", "properties": { "name": "Si Lom", "adm2_name": "Bang Rak" }, "geometry": { "type": "Polygon", "coordinates": [ [ [ 100.544745374000058, 13.726166253000088 ], [ 100.517796450000105, 13.718198821999977 ], [ 100.515124124000181, 13.718561690000172 ], [ 100.516661566000039, 13.722266065000156 ], [ 100.536725550000142, 13.729520710000088 ], [ 100.544745374000058, 13.726166253000088 ] ] ] } },
{ "type": "Feature", "properties": { "name": "Suriyawong", "adm2_name": "Bang Rak" }, "geometry": { "type": "Polygon", "coordinates": [ [ [ 100.536638907000167, 13.729556258 ], [ 100.535528268000178, 13.729026623000152 ], [ 100.516661566000039, 13.722266065000156 ], [ 100.51625567200017, 13.725404523000122 ], [ 100.533882420000054, 13.730718164000052 ], [ 100.536638907000167, 13.729556258 ] ] ] } },
{ "type": "Feature", "properties": { "name": "Bang Rak", "adm2_name": "Bang Rak" }, "geometry": { "type": "Polygon", "coordinates": [ [ [ 100.515409070000146, 13.732216914000048 ], [ 100.516661181000075, 13.722206213 ], [ 100.515124124000181, 13.718561690000172 ], [ 100.512031695000189, 13.719335614000101 ], [ 100.512298349000048, 13.729392587000063 ], [ 100.515409070000146, 13.732216914000048 ] ] ] } },
{ "type": "Feature", "properties": { "name": "Si Phraya", "adm2_name": "Bang Rak" }, "geometry": { "type": "Polygon", "coordinates": [ [ [ 100.533882420000054, 13.730718164000052 ], [ 100.517634325000131, 13.725641238000094 ], [ 100.51625567200017, 13.725404523000122 ], [ 100.515662286000122, 13.730188895000026 ], [ 100.52934601600009, 13.732606674000181 ], [ 100.533882420000054, 13.730718164000052 ] ] ] } },
{ "type": "Feature", "properties": { "name": "Anusawari", "adm2_name": "Bang Khen" }, "geometry": { "type": "Polygon", "coordinates": [ [ [ 100.611365009000053, 13.892403995000166 ], [ 100.60879778400016, 13.888467928000182 ], [ 100.610868050000022, 13.886772847000032 ], [ 100.623126770000056, 13.883030426000062 ], [ 100.6208736170002, 13.871734909000111 ], [ 100.624266471000112, 13.870973646000095 ], [ 100.624125820000074, 13.869593817000066 ], [ 100.628110746000118, 13.869361563000041 ], [ 100.629355383000188, 13.859554990000163 ], [ 100.626927106000039, 13.855645129000038 ], [ 100.618962214000078, 13.84853813400008 ], [ 100.60686301100003, 13.849252458000024 ], [ 100.602362135000135, 13.846864564000157 ], [ 100.589866099000062, 13.843929078000087 ], [ 100.586480831000074, 13.85903980900008 ], [ 100.588143762000129, 13.879615240000135 ], [ 100.595385620000116, 13.888226403000033 ], [ 100.611131830000033, 13.899779846000172 ], [ 100.60869668800018, 13.895703521000144 ], [ 100.611365009000053, 13.892403995000166 ] ] ] } },
{ "type": "Feature", "properties": { "name": "Tha Raeng", "adm2_name": "Bang Khen" }, "geometry": { "type": "Polygon", "coordinates": [ [ [ 100.64302368500006, 13.885601392000183 ], [ 100.643093156000077, 13.883244429000115 ], [ 100.644246154000086, 13.882761448 ], [ 100.652509477000137, 13.88292603400015 ], [ 100.653673342000047, 13.886254715000121 ], [ 100.655336638000051, 13.885582849000116 ], [ 100.65677789900019, 13.880902745000128 ], [ 100.661858584000186, 13.87875500399997 ], [ 100.664119088000177, 13.879491573000109 ], [ 100.664838610000174, 13.881078719000129 ], [ 100.669584223000186, 13.881111450999981 ], [ 100.672530973999983, 13.879678031000083 ], [ 100.673808066000163, 13.881099593999977 ], [ 100.675809233000109, 13.879105021999976 ], [ 100.681312140000045, 13.879676755000162 ], [ 100.685774761000062, 13.869323983000129 ], [ 100.683114280000098, 13.862001746000089 ], [ 100.680365520000066, 13.858667276000062 ], [ 100.675457492000191, 13.856381383000041 ], [ 100.669678385000168, 13.85695736100007 ], [ 100.664746781000133, 13.854693028000042 ], [ 100.663199931000065, 13.856033389000174 ], [ 100.66114468700016, 13.852579409000043 ], [ 100.658303030000127, 13.852391377000117 ], [ 100.658640148000131, 13.847763352000072 ], [ 100.648730639000121, 13.84621126899998 ], [ 100.648148988000059, 13.847620618000178 ], [ 100.641292504000091, 13.84673486700018 ], [ 100.632949283000187, 13.842546298000059 ], [ 100.628675661000045, 13.842689087000053 ], [ 100.618962214000078, 13.84853813400008 ], [ 100.626927106000039, 13.855645129000038 ], [ 100.629364958000167, 13.859615619000124 ], [ 100.628110746000118, 13.869361563000041 ], [ 100.624125820000074, 13.869593817000066 ], [ 100.624266471000112, 13.870973646000095 ], [ 100.6208736170002, 13.871734909000111 ], [ 100.623126770000056, 13.883030426000062 ], [ 100.629643478000105, 13.885559391000129 ], [ 100.633979397000132, 13.885162089000119 ], [ 100.640195117000189, 13.886752243999979 ], [ 100.64302368500006, 13.885601392000183 ] ] ] } },
{ "type": "Feature", "properties": { "name": "Khlong Chan", "adm2_name": "Bang Kapi" }, "geometry": { "type": "Polygon", "coordinates": [ [ [ 100.62598073900017, 13.819306537000045 ], [ 100.631333863000066, 13.819191422000188 ], [ 100.631000804000166, 13.815476059000162 ], [ 100.634103588000187, 13.80949842800004 ], [ 100.639251773000069, 13.804108570000096 ], [ 100.64047689400013, 13.792226727000127 ], [ 100.642717013000095, 13.786944492000146 ], [ 100.648166858000081, 13.78477075700016 ], [ 100.647632866000151, 13.784076721000076 ], [ 100.65618110700018, 13.770707147000053 ], [ 100.648010491000036, 13.765163692000101 ], [ 100.630489333000185, 13.763254790000076 ], [ 100.628272913000103, 13.775646442000038 ], [ 100.629248748000123, 13.775091386000156 ], [ 100.63065504900004, 13.784105992000093 ], [ 100.629049330000157, 13.788697543000126 ], [ 100.6259130790001, 13.788103773000046 ], [ 100.623636508000118, 13.800218648000111 ], [ 100.615064201000052, 13.799774373000048 ], [ 100.624478120000106, 13.817398727000068 ], [ 100.62598073900017, 13.819306537000045 ] ] ] } },
{ "type": "Feature", "properties": { "name": "Hua Mak", "adm2_name": "Bang Kapi" }, "geometry": { "type": "Polygon", "coordinates": [ [ [ 100.659086135, 13.738385274999985 ], [ 100.648605092000139, 13.741820346000111 ], [ 100.64747608000016, 13.742633450000028 ], [ 100.648550294000188, 13.744072596000137 ], [ 100.645563788000175, 13.746450692000053 ], [ 100.635810138000181, 13.750120755000069 ], [ 100.611090408000166, 13.743826138000145 ], [ 100.601016139000137, 13.748230018000186 ], [ 100.615246889000048, 13.761274456000024 ], [ 100.648010491000036, 13.765163692000101 ], [ 100.664624408000066, 13.775369817000183 ], [ 100.668802897000035, 13.766623625000022 ], [ 100.669718972000055, 13.756283395000139 ], [ 100.678886566000074, 13.752104317000033 ], [ 100.67701455200006, 13.749064367000017 ], [ 100.672255852000148, 13.749486771000022 ], [ 100.666318117000117, 13.747047328000065 ], [ 100.663034630000141, 13.74220629500013 ], [ 100.663330947000077, 13.740227551000032 ], [ 100.659086135, 13.738385274999985 ] ] ] } },
{ "type": "Feature", "properties": { "name": "Rong Mueang", "adm2_name": "Pathum Wan" }, "geometry": { "type": "Polygon", "coordinates": [ [ [ 100.517371460000163, 13.753099860000077 ], [ 100.524508988000036, 13.749806256000056 ], [ 100.521612694000055, 13.735713636000014 ], [ 100.515687797000169, 13.738046738000151 ], [ 100.517371460000163, 13.753099860000077 ] ] ] } },
{ "type": "Feature", "properties": { "name": "Wang Mai", "adm2_name": "Pathum Wan" }, "geometry": { "type": "Polygon", "coordinates": [ [ [ 100.524162082000146, 13.749264907000111 ], [ 100.531244365000191, 13.749277451000069 ], [ 100.528729332000182, 13.732873267000116 ], [ 100.521612694000055, 13.735713636000014 ], [ 100.524162082000146, 13.749264907000111 ] ] ] } },
{ "type": "Feature", "properties": { "name": "Pathum Wan", "adm2_name": "Pathum Wan" }, "geometry": { "type": "Polygon", "coordinates": [ [ [ 100.541008847000057, 13.749429534000171 ], [ 100.538782070000082, 13.73507094100006 ], [ 100.536638907000167, 13.729556258 ], [ 100.528729332000182, 13.732873267000116 ], [ 100.531244365000191, 13.749277451000069 ], [ 100.541008847000057, 13.749429534000171 ] ] ] } },
{ "type": "Feature", "properties": { "name": "Lumphini", "adm2_name": "Pathum Wan" }, "geometry": { "type": "Polygon", "coordinates": [ [ [ 100.541517599000201, 13.749382604000175 ], [ 100.550075438000135, 13.748403346000146 ], [ 100.552912289000119, 13.722771623000085 ], [ 100.536638907000167, 13.729556258 ], [ 100.541517599000201, 13.749382604000175 ] ] ] } },
{ "type": "Feature", "properties": { "name": "Pom Prap", "adm2_name": "Pom Prap Sattru Phai" }, "geometry": { "type": "Polygon", "coordinates": [ [ [ 100.51633141300016, 13.745579191000161 ], [ 100.515687797000169, 13.738046738000151 ], [ 100.505667793000157, 13.745617766000066 ], [ 100.50700286600005, 13.748060393000117 ], [ 100.51633141300016, 13.745579191000161 ] ] ] } },
{ "type": "Feature", "properties": { "name": "Wat Thepsirin", "adm2_name": "Pom Prap Sattru Phai" }, "geometry": { "type": "Polygon", "coordinates": [ [ [ 100.516920245, 13.749076322000064 ], [ 100.51633141300016, 13.745579191000161 ], [ 100.50700286600005, 13.748060393000117 ], [ 100.5087497990001, 13.751907258000188 ], [ 100.516920245, 13.749076322000064 ] ] ] } },
{ "type": "Feature", "properties": { "name": "Khlong Mahanak", "adm2_name": "Pom Prap Sattru Phai" }, "geometry": { "type": "Polygon", "coordinates": [ [ [ 100.516411222000102, 13.756631145000142 ], [ 100.516920245, 13.749076322000064 ], [ 100.5087497990001, 13.751907258000188 ], [ 100.509657416000096, 13.756454202000157 ], [ 100.516411222000102, 13.756631145000142 ] ] ] } },
{ "type": "Feature", "properties": { "name": "Ban Bat", "adm2_name": "Pom Prap Sattru Phai" }, "geometry": { "type": "Polygon", "coordinates": [ [ [ 100.509657416000096, 13.756454202000157 ], [ 100.509184546000085, 13.752919294000037 ], [ 100.505667793000157, 13.745617766000066 ], [ 100.503898198, 13.746847599000148 ], [ 100.505707938000171, 13.756182284000033 ], [ 100.509657416000096, 13.756454202000157 ] ] ] } },
{ "type": "Feature", "properties": { "name": "Wat Sommanat", "adm2_name": "Pom Prap Sattru Phai" }, "geometry": { "type": "Polygon", "coordinates": [ [ [ 100.5093992460001, 13.763650817000098 ], [ 100.516411222000102, 13.756631145000142 ], [ 100.505996787000186, 13.756374314000084 ], [ 100.5093992460001, 13.763650817000098 ] ] ] } },
{ "type": "Feature", "properties": { "name": "Bang Chak", "adm2_name": "Phra Khanong" }, "geometry": { "type": "Polygon", "coordinates": [ [ [ 100.615960217000122, 13.706325711000034 ], [ 100.616317461000165, 13.70414670800011 ], [ 100.622394895000127, 13.705007862000116 ], [ 100.623208821000162, 13.703115572000058 ], [ 100.632943200999989, 13.703033000000175 ], [ 100.637113785000111, 13.695190662000186 ], [ 100.640236003000155, 13.677941022000084 ], [ 100.624654929000087, 13.678408503000128 ], [ 100.622771488000126, 13.684428812000078 ], [ 100.610524951000173, 13.68427643300015 ], [ 100.607534625000199, 13.682082277000177 ], [ 100.600332527000091, 13.679943095000056 ], [ 100.588769839000122, 13.683015013000045 ], [ 100.588613627000143, 13.690039910000166 ], [ 100.583919530000173, 13.69609611900006 ], [ 100.605742550000173, 13.70650927100013 ], [ 100.606419612000025, 13.705349186000149 ], [ 100.615960217000122, 13.706325711000034 ] ] ] } },
{ "type": "Feature", "properties": { "name": "Min Buri", "adm2_name": "Min Buri" }, "geometry": { "type": "Polygon", "coordinates": [ [ [ 100.735469084000158, 13.838456396000083 ], [ 100.735889325000187, 13.836785145000079 ], [ 100.739928537000083, 13.837395750000042 ], [ 100.743975716000193, 13.835046447000082 ], [ 100.746728450000035, 13.824752735000175 ], [ 100.749217374000125, 13.822633262000011 ], [ 100.735632336000151, 13.814575565000098 ], [ 100.746171167000057, 13.795329941000034 ], [ 100.74646468800006, 13.773490920000029 ], [ 100.738943659000142, 13.773224110000172 ], [ 100.738928295000107, 13.777403130000096 ], [ 100.733545261000017, 13.774784271000044 ], [ 100.724441058000195, 13.776302600000179 ], [ 100.720842436000169, 13.778255001000161 ], [ 100.716403176000199, 13.778113848000089 ], [ 100.707683481, 13.795655230000023 ], [ 100.70608059000017, 13.798328004000041 ], [ 100.70496396600015, 13.797679626 ], [ 100.70056308400018, 13.80458324500006 ], [ 100.701864077000096, 13.809140273000139 ], [ 100.698100613000122, 13.81184813800013 ], [ 100.696787662000077, 13.815181177999989 ], [ 100.705778473000123, 13.821144620000155 ], [ 100.715436738000164, 13.821897660000104 ], [ 100.714568682000106, 13.831335459000172 ], [ 100.720175532000042, 13.831495735000146 ], [ 100.720192455000131, 13.837278720000143 ], [ 100.722322673000178, 13.837492275000159 ], [ 100.722312710000153, 13.827527878000183 ], [ 100.729732394000109, 13.827673738000158 ], [ 100.729657680000173, 13.836450860000014 ], [ 100.735469084000158, 13.838456396000083 ] ] ] } },
{ "type": "Feature", "properties": { "name": "Saen Saep", "adm2_name": "Min Buri" }, "geometry": { "type": "Polygon", "coordinates": [ [ [ 100.801776416000166, 13.842644716000052 ], [ 100.806510786, 13.84409701900006 ], [ 100.807890382000096, 13.838610901000152 ], [ 100.805905945000177, 13.826092161000133 ], [ 100.803925336000134, 13.825869813000054 ], [ 100.800916312000027, 13.817453729000022 ], [ 100.801768219999985, 13.809458381000184 ], [ 100.803489079000201, 13.807973872 ], [ 100.80745914400012, 13.80817973600017 ], [ 100.806930411000167, 13.806883315999983 ], [ 100.797892561000083, 13.798701751000124 ], [ 100.795093110000153, 13.793974302000038 ], [ 100.791785756000081, 13.796015014000147 ], [ 100.788548590000119, 13.800390858000185 ], [ 100.781663766000122, 13.798342251000065 ], [ 100.783983029000069, 13.781901615000095 ], [ 100.776730821000058, 13.783204403000013 ], [ 100.764860516000169, 13.781725062000135 ], [ 100.759774706000201, 13.775500778000094 ], [ 100.755403678, 13.777777756000035 ], [ 100.746559895000019, 13.777874441000108 ], [ 100.746171167000057, 13.795329941000034 ], [ 100.735632336000151, 13.814575565000098 ], [ 100.798995965000074, 13.849289744000089 ], [ 100.801776416000166, 13.842644716000052 ] ] ] } },
{ "type": "Feature", "properties": { "name": "Lat Krabang", "adm2_name": "Lat Krabang" }, "geometry": { "type": "Polygon", "coordinates": [ [ [ 100.708430840000119, 13.730751207000026 ], [ 100.744542002000173, 13.727407591000144 ], [ 100.791560100000027, 13.728611930000056 ], [ 100.78792082800004, 13.719621204000077 ], [ 100.787952316000144, 13.716605352000158 ], [ 100.76674616400004, 13.715277461000142 ], [ 100.764514543000075, 13.716497030000028 ], [ 100.752083378000066, 13.715910431999987 ], [ 100.716246121000097, 13.718189041000187 ], [ 100.716159300000072, 13.716898804000095 ], [ 100.709994351000091, 13.716782075000083 ], [ 100.708430840000119, 13.730751207000026 ] ] ] } },
{ "type": "Feature", "properties": { "name": "Khlong Song Ton Nun", "adm2_name": "Lat Krabang" }, "geometry": { "type": "Polygon", "coordinates": [ [ [ 100.720935950000069, 13.778207098 ], [ 100.724441058000195, 13.776302600000179 ], [ 100.733545261000017, 13.774784271000044 ], [ 100.738928295000107, 13.777403130000096 ], [ 100.739089434, 13.727333147000024 ], [ 100.708430840000119, 13.730751207000026 ], [ 100.709858230000123, 13.75640150300012 ], [ 100.706627928000159, 13.756882243000121 ], [ 100.716080259000023, 13.771690494000097 ], [ 100.716403176000199, 13.778113848000089 ], [ 100.720935950000069, 13.778207098 ] ] ] } },
{ "type": "Feature", "properties": { "name": "Khlong Sam Prawet", "adm2_name": "Lat Krabang" }, "geometry": { "type": "Polygon", "coordinates": [ [ [ 100.768620898000108, 13.78202019600019 ], [ 100.76924920600004, 13.728044258000125 ], [ 100.739089434, 13.727333147000024 ], [ 100.738943659000142, 13.773224110000172 ], [ 100.74646468800006, 13.773490920000029 ], [ 100.746559895000019, 13.777874441000108 ], [ 100.755403678, 13.777777756000035 ], [ 100.759774706000201, 13.775500778000094 ], [ 100.764822454000011, 13.781711070000028 ], [ 100.768620898000108, 13.78202019600019 ] ] ] } },
{ "type": "Feature", "properties": { "name": "Lam Pla Thio", "adm2_name": "Lat Krabang" }, "geometry": { "type": "Polygon", "coordinates": [ [ [ 100.799107391, 13.78199198100009 ], [ 100.810027990000037, 13.781763163000164 ], [ 100.814745613000071, 13.784276181000052 ], [ 100.822808325000153, 13.779778265000061 ], [ 100.822700326000188, 13.777811069 ], [ 100.829232669000191, 13.772183821000169 ], [ 100.832175699000175, 13.767578543000184 ], [ 100.837493806999987, 13.767599928000038 ], [ 100.837765853000121, 13.764549800000111 ], [ 100.833109973000035, 13.75616383400012 ], [ 100.832523065000146, 13.751068488000044 ], [ 100.831131255000059, 13.749230229000091 ], [ 100.82631490700004, 13.747552967000047 ], [ 100.826611046000096, 13.743589367000027 ], [ 100.825570951000088, 13.743612892999977 ], [ 100.798622565000073, 13.75348856800008 ], [ 100.795761927000171, 13.74928753100005 ], [ 100.795011625000086, 13.734908740000037 ], [ 100.791560100000027, 13.728611930000056 ], [ 100.76924920600004, 13.728044258000125 ], [ 100.768625241000166, 13.782324819999985 ], [ 100.776730821000058, 13.783204403000013 ], [ 100.783983029000069, 13.781901615000095 ], [ 100.781663766000122, 13.798342251000065 ], [ 100.788548590000119, 13.800390858000185 ], [ 100.796212946000082, 13.79191110000005 ], [ 100.796094883000194, 13.788696600000151 ], [ 100.793667362000122, 13.784085719000132 ], [ 100.799107391, 13.78199198100009 ] ] ] } },
{ "type": "Feature", "properties": { "name": "Thap Yao", "adm2_name": "Lat Krabang" }, "geometry": { "type": "Polygon", "coordinates": [ [ [ 100.84284038200019, 13.770995239000058 ], [ 100.860826049000138, 13.770230974000128 ], [ 100.858339508000199, 13.765868597000065 ], [ 100.857857504000151, 13.756710023999972 ], [ 100.856152576000113, 13.754632858000093 ], [ 100.845527495000169, 13.755930482000167 ], [ 100.84338166100008, 13.754953493000073 ], [ 100.841234060000147, 13.741543588000127 ], [ 100.838128568000059, 13.734023160000106 ], [ 100.839172369000153, 13.721146278000163 ], [ 100.828845632000082, 13.701802998000176 ], [ 100.787952316000144, 13.716605352000158 ], [ 100.78792082800004, 13.719621204000077 ], [ 100.792110346000072, 13.73064765099997 ], [ 100.795011625000086, 13.734908740000037 ], [ 100.795149465000122, 13.746667457000115 ], [ 100.796644123000135, 13.751489702000072 ], [ 100.798622565000073, 13.75348856800008 ], [ 100.826611046000096, 13.743589367000027 ], [ 100.826148008000132, 13.747342911000089 ], [ 100.831131255000059, 13.749230229000091 ], [ 100.832523065000146, 13.751068488000044 ], [ 100.833109973000035, 13.75616383400012 ], [ 100.837765853000121, 13.764549800000111 ], [ 100.837493806999987, 13.767599928000038 ], [ 100.839733004000095, 13.769970311000179 ], [ 100.84284038200019, 13.770995239000058 ] ] ] } },
{ "type": "Feature", "properties": { "name": "Khum Thong", "adm2_name": "Lat Krabang" }, "geometry": { "type": "Polygon", "coordinates": [ [ [ 100.864647279000167, 13.765137421000134 ], [ 100.867064814000059, 13.751820970000153 ], [ 100.874716199000147, 13.739291811000044 ], [ 100.878833007000082, 13.737877175000051 ], [ 100.855068558000141, 13.699272504000078 ], [ 100.860766813000055, 13.696903409000072 ], [ 100.85934736500019, 13.689560424000092 ], [ 100.828845632000082, 13.701802998000176 ], [ 100.839172369000153, 13.721146278000163 ], [ 100.838128568000059, 13.734023160000106 ], [ 100.841234060000147, 13.741543588000127 ], [ 100.84364711500001, 13.755351457000131 ], [ 100.856859335000024, 13.755151734000037 ], [ 100.858494614000108, 13.759381567000162 ], [ 100.858415920000141, 13.766173050000134 ], [ 100.860800766000125, 13.770468382999979 ], [ 100.864647279000167, 13.765137421000134 ] ] ] } },
{ "type": "Feature", "properties": { "name": "Chong Nonsi", "adm2_name": "Yan Nawa" }, "geometry": { "type": "Polygon", "coordinates": [ [ [ 100.549017609000089, 13.719250705999968 ], [ 100.553753915000129, 13.716543495000053 ], [ 100.554867192000131, 13.705483354000023 ], [ 100.551463819, 13.700526696999987 ], [ 100.5525116660001, 13.686168371 ], [ 100.5499640970001, 13.675845432000074 ], [ 100.539412440000035, 13.680932069 ], [ 100.538084911000055, 13.683454342000061 ], [ 100.532843348000085, 13.686595260999979 ], [ 100.534393792000117, 13.691321267000035 ], [ 100.528622420000033, 13.705889214000081 ], [ 100.534160617000055, 13.705539446000046 ], [ 100.537610019, 13.707226007000088 ], [ 100.539146422000044, 13.704425389000164 ], [ 100.543614317000163, 13.707010786000126 ], [ 100.541681858000061, 13.710600009000188 ], [ 100.544305396000027, 13.712311520000128 ], [ 100.549017609000089, 13.719250705999968 ] ] ] } },
{ "type": "Feature", "properties": { "name": "Bang Phongphang", "adm2_name": "Yan Nawa" }, "geometry": { "type": "Polygon", "coordinates": [ [ [ 100.539412440000035, 13.680932069 ], [ 100.5499640970001, 13.675845432000074 ], [ 100.545560837000096, 13.67115813300012 ], [ 100.538920031000032, 13.668947967000179 ], [ 100.530806873000074, 13.67173815000001 ], [ 100.516981846000078, 13.682678629000122 ], [ 100.531713966000041, 13.698235892000071 ], [ 100.534399732000054, 13.691282274000116 ], [ 100.532843348000085, 13.686595260999979 ], [ 100.538084911000055, 13.683454342000061 ], [ 100.539412440000035, 13.680932069 ] ] ] } },
{ "type": "Feature", "properties": { "name": "Chakkrawat", "adm2_name": "Samphanthawong" }, "geometry": { "type": "Polygon", "coordinates": [ [ [ 100.506942980000076, 13.737613061000047 ], [ 100.499806690000071, 13.738632557000017 ], [ 100.503183666000041, 13.744752282000036 ], [ 100.509434801000111, 13.740610932000038 ], [ 100.506942980000076, 13.737613061000047 ] ] ] } },
{ "type": "Feature", "properties": { "name": "Samphanthawong", "adm2_name": "Samphanthawong" }, "geometry": { "type": "Polygon", "coordinates": [ [ [ 100.513495525000167, 13.736445686000025 ], [ 100.509835038000062, 13.734816076000186 ], [ 100.506542314000114, 13.736977957000079 ], [ 100.509434801000111, 13.740610932000038 ], [ 100.503183666000041, 13.744752282000036 ], [ 100.503898198, 13.746847599000148 ], [ 100.512274331000185, 13.740402269000072 ], [ 100.513495525000167, 13.736445686000025 ] ] ] } },
{ "type": "Feature", "properties": { "name": "Talat Noi", "adm2_name": "Samphanthawong" }, "geometry": { "type": "Polygon", "coordinates": [ [ [ 100.515687797000169, 13.738046738000151 ], [ 100.515064232000043, 13.73148300500003 ], [ 100.512298349000048, 13.729392587000063 ], [ 100.509835038000062, 13.734816076000186 ], [ 100.513578938000023, 13.736205622000057 ], [ 100.512274331000185, 13.740402269000072 ], [ 100.515687797000169, 13.738046738000151 ] ] ] } },
{ "type": "Feature", "properties": { "name": "Sam Sen Nai", "adm2_name": "Phaya Thai" }, "geometry": { "type": "Polygon", "coordinates": [ [ [ 100.537424276000195, 13.797854428999983 ], [ 100.561626586000045, 13.794959305000077 ], [ 100.561653050000075, 13.78807580400013 ], [ 100.548342729000069, 13.763548216 ], [ 100.543431214000179, 13.762715976000095 ], [ 100.527886491000174, 13.774338363000084 ], [ 100.537424276000195, 13.797854428999983 ] ] ] } },
{ "type": "Feature", "properties": { "name": "Wat Kanlaya", "adm2_name": "Thon Buri" }, "geometry": { "type": "Polygon", "coordinates": [ [ [ 100.491969798000184, 13.742172671000048 ], [ 100.497647898000139, 13.739218486000141 ], [ 100.494825655000113, 13.730868009000119 ], [ 100.48786578000005, 13.736069184000144 ], [ 100.491969798000184, 13.742172671000048 ] ] ] } },
{ "type": "Feature", "properties": { "name": "Hiranruchi", "adm2_name": "Thon Buri" }, "geometry": { "type": "Polygon", "coordinates": [ [ [ 100.494825655000113, 13.730868009000119 ], [ 100.492346972000121, 13.726537978000067 ], [ 100.485721157000171, 13.727664913000126 ], [ 100.48786578000005, 13.736069184000144 ], [ 100.494825655000113, 13.730868009000119 ] ] ] } },
{ "type": "Feature", "properties": { "name": "Bang Yi Ruea", "adm2_name": "Thon Buri" }, "geometry": { "type": "Polygon", "coordinates": [ [ [ 100.485721157000171, 13.727664913000126 ], [ 100.49385932500013, 13.72634437500011 ], [ 100.492206084000031, 13.7231189580001 ], [ 100.492873569000096, 13.721343308000087 ], [ 100.480127941000148, 13.716872132 ], [ 100.478561568000089, 13.722594229000151 ], [ 100.484160708000104, 13.724529613000072 ], [ 100.485721157000171, 13.727664913000126 ] ] ] } },
{ "type": "Feature", "properties": { "name": "Bukkhalo", "adm2_name": "Thon Buri" }, "geometry": { "type": "Polygon", "coordinates": [ [ [ 100.491427787000191, 13.721133476000148 ], [ 100.485776392000048, 13.704803032000086 ], [ 100.481241305000083, 13.707898041000078 ], [ 100.478313833000129, 13.715888519000089 ], [ 100.491427787000191, 13.721133476000148 ] ] ] } },
{ "type": "Feature", "properties": { "name": "Talat Phlu", "adm2_name": "Thon Buri" }, "geometry": { "type": "Polygon", "coordinates": [ [ [ 100.478698007000105, 13.722234069000024 ], [ 100.480127941000148, 13.716872132 ], [ 100.475778337000122, 13.714409210000156 ], [ 100.476412050000079, 13.711178277000045 ], [ 100.47192024200001, 13.710365916000114 ], [ 100.468535800000154, 13.712388479000026 ], [ 100.469180665000124, 13.717654993000053 ], [ 100.471679859000119, 13.722490809000135 ], [ 100.478698007000105, 13.722234069000024 ] ] ] } },
{ "type": "Feature", "properties": { "name": "Dao Khanong", "adm2_name": "Thon Buri" }, "geometry": { "type": "Polygon", "coordinates": [ [ [ 100.480616022000106, 13.708649431000083 ], [ 100.492245445000151, 13.700875469999971 ], [ 100.489998091000189, 13.695261866000067 ], [ 100.482545280000011, 13.694834889000163 ], [ 100.479540932000134, 13.69803894100005 ], [ 100.475778337000122, 13.714409210000156 ], [ 100.478313833000129, 13.715888519000089 ], [ 100.480616022000106, 13.708649431000083 ] ] ] } },
{ "type": "Feature", "properties": { "name": "Samre", "adm2_name": "Thon Buri" }, "geometry": { "type": "Polygon", "coordinates": [ [ [ 100.492973883000047, 13.720980933000078 ], [ 100.493146127000102, 13.712914210000065 ], [ 100.49863760900007, 13.705137063999985 ], [ 100.492245445000151, 13.700875469999971 ], [ 100.485776392000048, 13.704803032000086 ], [ 100.491427787000191, 13.721133476000148 ], [ 100.492973883000047, 13.720980933000078 ] ] ] } },
{ "type": "Feature", "properties": { "name": "Wat Arun", "adm2_name": "Bangkok Yai" }, "geometry": { "type": "Polygon", "coordinates": [ [ [ 100.491969798000184, 13.742172671000048 ], [ 100.487830694000195, 13.73600632299997 ], [ 100.480170646000033, 13.745952037999984 ], [ 100.488299250000068, 13.748209494000093 ], [ 100.491969798000184, 13.742172671000048 ] ] ] } },
{ "type": "Feature", "properties": { "name": "Wat Tha Phra", "adm2_name": "Bangkok Yai" }, "geometry": { "type": "Polygon", "coordinates": [ [ [ 100.480170646000033, 13.745952037999984 ], [ 100.487830694000195, 13.73600632299997 ], [ 100.485524613000052, 13.727017024000077 ], [ 100.484458359000143, 13.724760645000174 ], [ 100.480517679000059, 13.723090193000132 ], [ 100.471637968000152, 13.722443215000055 ], [ 100.467191312000068, 13.725267654999982 ], [ 100.462933732000067, 13.732249306000085 ], [ 100.461601678000193, 13.739264295999988 ], [ 100.462052192000158, 13.744419748000041 ], [ 100.466501103000098, 13.742955673000154 ], [ 100.470951816000195, 13.743146938000109 ], [ 100.477091017000191, 13.744056727000157 ], [ 100.478141287000085, 13.74634576699998 ], [ 100.480170646000033, 13.745952037999984 ] ] ] } },
{ "type": "Feature", "properties": { "name": "Huai Khwang", "adm2_name": "Huai Khwang" }, "geometry": { "type": "Polygon", "coordinates": [ [ [ 100.57435718500011, 13.789729767000097 ], [ 100.580431559000147, 13.789572197000041 ], [ 100.58123533000014, 13.78780076400011 ], [ 100.580409995000139, 13.783471059000078 ], [ 100.583562889000063, 13.78232067600004 ], [ 100.580122162000066, 13.772077172000138 ], [ 100.586485681000113, 13.769881687000122 ], [ 100.586528404000035, 13.762113423000073 ], [ 100.581589714000131, 13.760028036999984 ], [ 100.580766004, 13.753784494000058 ], [ 100.565030745000058, 13.755093095000063 ], [ 100.566835185000173, 13.761524598999983 ], [ 100.573416088000101, 13.770911003000037 ], [ 100.57435718500011, 13.789729767000097 ] ] ] } },
{ "type": "Feature", "properties": { "name": "Bang Kapi", "adm2_name": "Huai Khwang" }, "geometry": { "type": "Polygon", "coordinates": [ [ [ 100.594821885000101, 13.763990825000121 ], [ 100.597924834000082, 13.757321488000116 ], [ 100.604095120000068, 13.751200633000053 ], [ 100.600286599000185, 13.747170899000025 ], [ 100.598151930000029, 13.741144634000136 ], [ 100.563297444000114, 13.747890403000099 ], [ 100.564968500000134, 13.755126213000153 ], [ 100.580766004, 13.753784494000058 ], [ 100.581385665000028, 13.759564167000178 ], [ 100.582854711000095, 13.761344246000078 ], [ 100.587928253000143, 13.763071636 ], [ 100.594821885000101, 13.763990825000121 ] ] ] } },
{ "type": "Feature", "properties": { "name": "Sam Sen Nok", "adm2_name": "Huai Khwang" }, "geometry": { "type": "Polygon", "coordinates": [ [ [ 100.588341394000111, 13.802980926999965 ], [ 100.590184927000166, 13.786503221000146 ], [ 100.593521342000088, 13.779423726000118 ], [ 100.593156423000153, 13.772623803000158 ], [ 100.594897378000041, 13.764806073000102 ], [ 100.593194341000128, 13.763310056000023 ], [ 100.586528404000035, 13.762113423000073 ], [ 100.586485681000113, 13.769881687000122 ], [ 100.580122162000066, 13.772077172000138 ], [ 100.583562889000063, 13.78232067600004 ], [ 100.580409995000139, 13.783471059000078 ], [ 100.58123533000014, 13.78780076400011 ], [ 100.580431559000147, 13.789572197000041 ], [ 100.57435718500011, 13.789729767000097 ], [ 100.574437691000185, 13.792585400000064 ], [ 100.574896225000089, 13.801069838000046 ], [ 100.588341394000111, 13.802980926999965 ] ] ] } },
{ "type": "Feature", "properties": { "name": "Somdet Chaophraya", "adm2_name": "Khlong San" }, "geometry": { "type": "Polygon", "coordinates": [ [ [ 100.497647898000139, 13.739218486000141 ], [ 100.504142682000179, 13.737628726000025 ], [ 100.500825236000139, 13.728158251000082 ], [ 100.493830438000145, 13.726471215000117 ], [ 100.497647898000139, 13.739218486000141 ] ] ] } },
{ "type": "Feature", "properties": { "name": "Khlong San", "adm2_name": "Khlong San" }, "geometry": { "type": "Polygon", "coordinates": [ [ [ 100.504142682000179, 13.737628726000025 ], [ 100.509835038000062, 13.734816076000186 ], [ 100.512298349000048, 13.729392587000063 ], [ 100.492725228000154, 13.724709410000116 ], [ 100.493830438000145, 13.726471215000117 ], [ 100.500825236000139, 13.728158251000082 ], [ 100.504142682000179, 13.737628726000025 ] ] ] } },
{ "type": "Feature", "properties": { "name": "Bang Lamphu Lang", "adm2_name": "Khlong San" }, "geometry": { "type": "Polygon", "coordinates": [ [ [ 100.511288457000148, 13.717335640000158 ], [ 100.506327034000094, 13.710303857000042 ], [ 100.49863760900007, 13.705137063999985 ], [ 100.493146127000102, 13.712914210000065 ], [ 100.492973883000047, 13.720980933000078 ], [ 100.501904083000113, 13.720937466000123 ], [ 100.511288457000148, 13.717335640000158 ] ] ] } },
{ "type": "Feature", "properties": { "name": "Khlong Ton Sai", "adm2_name": "Khlong San" }, "geometry": { "type": "Polygon", "coordinates": [ [ [ 100.512298349000048, 13.729392587000063 ], [ 100.511288457000148, 13.717335640000158 ], [ 100.501904083000113, 13.720937466000123 ], [ 100.492973883000047, 13.720980933000078 ], [ 100.492206084000031, 13.7231189580001 ], [ 100.492725228000154, 13.724709410000116 ], [ 100.512298349000048, 13.729392587000063 ] ] ] } },
{ "type": "Feature", "properties": { "name": "Khlong Chak Phra", "adm2_name": "Taling Chan" }, "geometry": { "type": "Polygon", "coordinates": [ [ [ 100.466838477000124, 13.780947185000173 ], [ 100.467677970000011, 13.779695189000108 ], [ 100.466594468000096, 13.778935943000022 ], [ 100.461763090000034, 13.779085523000106 ], [ 100.457610904000035, 13.777296030000116 ], [ 100.453741113000035, 13.769180009000138 ], [ 100.454144077000137, 13.762992496000038 ], [ 100.461963029000117, 13.751559768 ], [ 100.462187584000162, 13.744620558000179 ], [ 100.459964690000106, 13.743854063000072 ], [ 100.46010807600004, 13.750347895 ], [ 100.452370463000136, 13.761863387000176 ], [ 100.451800026000058, 13.76999427100003 ], [ 100.456005047000133, 13.778812794000032 ], [ 100.461338838000074, 13.781376628000089 ], [ 100.466838477000124, 13.780947185000173 ] ] ] } },
{ "type": "Feature", "properties": { "name": "Taling Chan", "adm2_name": "Taling Chan" }, "geometry": { "type": "Polygon", "coordinates": [ [ [ 100.425245639000025, 13.800560918000031 ], [ 100.458089858000051, 13.798324305000165 ], [ 100.464154291000057, 13.797313860000145 ], [ 100.469658381000045, 13.794790355000146 ], [ 100.466176870000197, 13.788917403000028 ], [ 100.466657795000117, 13.781546697000181 ], [ 100.460622096000122, 13.781172444000049 ], [ 100.454984436000132, 13.777290227000094 ], [ 100.425245639000025, 13.800560918000031 ] ] ] } },
{ "type": "Feature", "properties": { "name": "Chimphli", "adm2_name": "Taling Chan" }, "geometry": { "type": "Polygon", "coordinates": [ [ [ 100.411057705000133, 13.801346720000026 ], [ 100.425245639000025, 13.800560918000031 ], [ 100.43041638700015, 13.79696286900014 ], [ 100.454984436000132, 13.777290227000094 ], [ 100.452314524000201, 13.772191599000109 ], [ 100.440192754000179, 13.77341692300007 ], [ 100.427479184000049, 13.777651495000157 ], [ 100.409250381000163, 13.780453766999983 ], [ 100.411057705000133, 13.801346720000026 ] ] ] } },
{ "type": "Feature", "properties": { "name": "Bang Phrom", "adm2_name": "Taling Chan" }, "geometry": { "type": "Polygon", "coordinates": [ [ [ 100.407333229000187, 13.759977277000075 ], [ 100.418553324000129, 13.757942301000071 ], [ 100.438632621000124, 13.756676724999977 ], [ 100.447132964000104, 13.756921227000134 ], [ 100.450956771000051, 13.759613023000099 ], [ 100.454560029999982, 13.759413445000121 ], [ 100.46010807600004, 13.750347895 ], [ 100.459964690000106, 13.743854063000072 ], [ 100.45419444700002, 13.743252734000123 ], [ 100.4461247280002, 13.744926264000071 ], [ 100.444020297000066, 13.747020559000021 ], [ 100.430428273000075, 13.748424942000156 ], [ 100.425105928000107, 13.752664687000049 ], [ 100.406621932000178, 13.758745018000127 ], [ 100.407333229000187, 13.759977277000075 ] ] ] } },
{ "type": "Feature", "properties": { "name": "Bang Ramat", "adm2_name": "Taling Chan" }, "geometry": { "type": "Polygon", "coordinates": [ [ [ 100.409250381000163, 13.780453766999983 ], [ 100.427479184000049, 13.777651495000157 ], [ 100.440192754000179, 13.77341692300007 ], [ 100.452314524000201, 13.772191599000109 ], [ 100.451721114000122, 13.764040442000066 ], [ 100.454560029999982, 13.759413445000121 ], [ 100.450956771000051, 13.759613023000099 ], [ 100.447132964000104, 13.756921227000134 ], [ 100.438632621000124, 13.756676724999977 ], [ 100.418553324000129, 13.757942301000071 ], [ 100.406774635000147, 13.760079849000022 ], [ 100.409250381000163, 13.780453766999983 ] ] ] } },
{ "type": "Feature", "properties": { "name": "Bang Chueak Nang", "adm2_name": "Taling Chan" }, "geometry": { "type": "Polygon", "coordinates": [ [ [ 100.456647733000182, 13.743482720000145 ], [ 100.456171892000157, 13.74212848500008 ], [ 100.454423388000066, 13.742619359000059 ], [ 100.449915498000109, 13.74049758600006 ], [ 100.432505268000057, 13.740362324000102 ], [ 100.431005161000201, 13.742294527000183 ], [ 100.421620901000153, 13.744190404999983 ], [ 100.416853606000132, 13.747219660000098 ], [ 100.406184700000097, 13.749437693 ], [ 100.406621932000178, 13.758745018000127 ], [ 100.425105928000107, 13.752664687000049 ], [ 100.430428273000075, 13.748424942000156 ], [ 100.443957255000157, 13.747033064000107 ], [ 100.448070134000034, 13.744314344000031 ], [ 100.456647733000182, 13.743482720000145 ] ] ] } },
{ "type": "Feature", "properties": { "name": "Sirirat", "adm2_name": "Bangkok Noi" }, "geometry": { "type": "Polygon", "coordinates": [ [ [ 100.487811558000033, 13.756092634000083 ], [ 100.488299250000068, 13.748209494000093 ], [ 100.484228287000121, 13.746800792000045 ], [ 100.482990744000119, 13.756015201000139 ], [ 100.477994857000056, 13.755581090000021 ], [ 100.47779993100005, 13.760252304000176 ], [ 100.472971700000187, 13.762890249 ], [ 100.47531347600011, 13.765651242000104 ], [ 100.480243829000131, 13.76208598 ], [ 100.487558415000137, 13.760849422000035 ], [ 100.489252836999981, 13.759812719000138 ], [ 100.487811558000033, 13.756092634000083 ] ] ] } },
{ "type": "Feature", "properties": { "name": "Ban Chang Lo", "adm2_name": "Bangkok Noi" }, "geometry": { "type": "Polygon", "coordinates": [ [ [ 100.477960066000094, 13.756302193000067 ], [ 100.482990744000119, 13.756015201000139 ], [ 100.484228287000121, 13.746800792000045 ], [ 100.478141287000085, 13.74634576699998 ], [ 100.477091017000191, 13.744056727000157 ], [ 100.470451669000113, 13.743114205000154 ], [ 100.46957923400015, 13.758878859000106 ], [ 100.472971700000187, 13.762890249 ], [ 100.47779993100005, 13.760252304000176 ], [ 100.477960066000094, 13.756302193000067 ] ] ] } },
{ "type": "Feature", "properties": { "name": "Bang Khun Non", "adm2_name": "Bangkok Noi" }, "geometry": { "type": "Polygon", "coordinates": [ [ [ 100.47531347600011, 13.765651242000104 ], [ 100.472971700000187, 13.762890249 ], [ 100.456795074000183, 13.775795308000113 ], [ 100.457380379000199, 13.777051420000134 ], [ 100.461088152000116, 13.778955236000115 ], [ 100.467677970000011, 13.779695189000108 ], [ 100.469825803000049, 13.777607994000164 ], [ 100.472176541000181, 13.769807688000128 ], [ 100.47531347600011, 13.765651242000104 ] ] ] } },
{ "type": "Feature", "properties": { "name": "Bang Khun Si", "adm2_name": "Bangkok Noi" }, "geometry": { "type": "Polygon", "coordinates": [ [ [ 100.469215118000193, 13.757861806000108 ], [ 100.470191473000057, 13.743097176000049 ], [ 100.462052192000158, 13.744419748000041 ], [ 100.461813008000092, 13.75197083300003 ], [ 100.453866232000166, 13.764236752000159 ], [ 100.454138138000076, 13.770860867000124 ], [ 100.456693534000124, 13.77588899400007 ], [ 100.472971700000187, 13.762890249 ], [ 100.469215118000193, 13.757861806000108 ] ] ] } },
{ "type": "Feature", "properties": { "name": "Arun Ammarin", "adm2_name": "Bangkok Noi" }, "geometry": { "type": "Polygon", "coordinates": [ [ [ 100.468351730000165, 13.787523200000066 ], [ 100.490454012000157, 13.762787853000077 ], [ 100.490971988000069, 13.761928724000143 ], [ 100.489252836999981, 13.759812719000138 ], [ 100.479986292000035, 13.762210537000101 ], [ 100.472788016000095, 13.768684769 ], [ 100.46996812600014, 13.777327937 ], [ 100.466657795000117, 13.781546697000181 ], [ 100.4659386900002, 13.787158609000187 ], [ 100.468351730000165, 13.787523200000066 ] ] ] } },
{ "type": "Feature", "properties": { "name": "Tha Kham", "adm2_name": "Bang Khun Thian" }, "geometry": { "type": "Polygon", "coordinates": [ [ [ 100.451558881000096, 13.675374130000137 ], [ 100.453430489000084, 13.668851762000145 ], [ 100.450387707, 13.660809143 ], [ 100.458300054000176, 13.657852015000117 ], [ 100.461150647000068, 13.658870914000147 ], [ 100.46460877300018, 13.655674945000101 ], [ 100.470333673000141, 13.659040329000049 ], [ 100.475654449, 13.63054298000003 ], [ 100.472147010000128, 13.624067820000164 ], [ 100.480317687000195, 13.617595130000041 ], [ 100.481712076000179, 13.615343514000074 ], [ 100.481601743000056, 13.61246149100009 ], [ 100.47947074800004, 13.605872491000071 ], [ 100.478187766000076, 13.605738278000047 ], [ 100.473126067000067, 13.599108645000172 ], [ 100.4736538840001, 13.593876167000133 ], [ 100.469707564000089, 13.592670140000052 ], [ 100.46686381100011, 13.596954049000033 ], [ 100.465868297000156, 13.603900447000115 ], [ 100.463947659000041, 13.605849187999979 ], [ 100.457547899000019, 13.604401302000099 ], [ 100.453968202000055, 13.606013685 ], [ 100.450832923000064, 13.594559305000132 ], [ 100.446595895000144, 13.587057955000148 ], [ 100.444462010999985, 13.553194148000159 ], [ 100.453693435000162, 13.501979764000168 ], [ 100.450240810000196, 13.50192122600015 ], [ 100.446250974000122, 13.499989658000175 ], [ 100.443058911000094, 13.500358685000094 ], [ 100.437083176000101, 13.496768709000037 ], [ 100.43493385000005, 13.498092646000089 ], [ 100.4349095930001, 13.496585818000085 ], [ 100.430737291000014, 13.495834451000178 ], [ 100.4272013100001, 13.49622519400009 ], [ 100.425812912000197, 13.497562762000086 ], [ 100.423691207000047, 13.495846568000047 ], [ 100.42304592500011, 13.496820329000059 ], [ 100.421627446000059, 13.494743155000151 ], [ 100.408838252000066, 13.493389571000023 ], [ 100.406824944000107, 13.50222 ], [ 100.40632586800001, 13.535797271000035 ], [ 100.414066977000061, 13.535871970000073 ], [ 100.414848270000164, 13.53883212500017 ], [ 100.418323043000157, 13.540538860000026 ], [ 100.420089729000154, 13.545241469000018 ], [ 100.414644136000106, 13.551455988000043 ], [ 100.415213885000128, 13.557151797000131 ], [ 100.412555998000187, 13.557241341000122 ], [ 100.411897763000184, 13.555476004000127 ], [ 100.408517730000199, 13.554532946999984 ], [ 100.404369170000166, 13.555059349000032 ], [ 100.401107660000093, 13.552833480000174 ], [ 100.395730325000102, 13.553513250000094 ], [ 100.3931211740001, 13.561474597000085 ], [ 100.391306642000075, 13.563261139000076 ], [ 100.390612906000058, 13.56757901800006 ], [ 100.391485228000136, 13.568898409000042 ], [ 100.38955566400017, 13.569692217000181 ], [ 100.388891806000117, 13.571666105000077 ], [ 100.395380075000048, 13.570886693999967 ], [ 100.397369291000132, 13.56938498500017 ], [ 100.402562723000131, 13.573203313000079 ], [ 100.405403323000201, 13.572767372000158 ], [ 100.410461175000137, 13.574528062000184 ], [ 100.410907636000047, 13.577584424000122 ], [ 100.412666455000192, 13.579082870000093 ], [ 100.41253948800005, 13.582078276000118 ], [ 100.413922031000141, 13.582550531000038 ], [ 100.412150367000095, 13.588160761999973 ], [ 100.414862727000184, 13.589393027000085 ], [ 100.419133067000189, 13.588398434000112 ], [ 100.423611382000104, 13.591557827000145 ], [ 100.423615598000083, 13.595684108000057 ], [ 100.427258215000109, 13.60115741300001 ], [ 100.431420688000173, 13.602766506000023 ], [ 100.430336961000137, 13.610073694000107 ], [ 100.426189844000078, 13.614350504000129 ], [ 100.426052863000052, 13.616101350000065 ], [ 100.433733886000084, 13.620360775000165 ], [ 100.434574873000145, 13.622395163000078 ], [ 100.436008052000147, 13.621129600000074 ], [ 100.436217267000131, 13.624133696000115 ], [ 100.440018487000032, 13.625025888000039 ], [ 100.440259137000055, 13.628325129000075 ], [ 100.44675262800007, 13.629878556000108 ], [ 100.44738255600015, 13.632123140000033 ], [ 100.449091161000013, 13.629984523000076 ], [ 100.447336206000045, 13.633166619000121 ], [ 100.448360165000111, 13.634432662000165 ], [ 100.446871848000171, 13.640867745000094 ], [ 100.447635361000039, 13.643485932000146 ], [ 100.44653930700008, 13.644310429000029 ], [ 100.447058010000148, 13.651991157000168 ], [ 100.444866490000152, 13.660021 ], [ 100.445929260000185, 13.660924397000144 ], [ 100.445593348000102, 13.66504508200012 ], [ 100.447068561000037, 13.666315598000097 ], [ 100.448848589000022, 13.672254435000013 ], [ 100.448762924000164, 13.675256118000163 ], [ 100.451558881000096, 13.675374130000137 ] ] ] } },
{ "type": "Feature", "properties": { "name": "Samae Dam", "adm2_name": "Bang Khun Thian" }, "geometry": { "type": "Polygon", "coordinates": [ [ [ 100.446797058000186, 13.682558432 ], [ 100.448632032000148, 13.68146440400011 ], [ 100.448877076000201, 13.672367423000139 ], [ 100.447068561000037, 13.666315598000097 ], [ 100.445593348000102, 13.66504508200012 ], [ 100.445929260000185, 13.660924397000144 ], [ 100.444869912000115, 13.659911339000189 ], [ 100.447058010000148, 13.651991157000168 ], [ 100.44653930700008, 13.644310429000029 ], [ 100.447635361000039, 13.643485932000146 ], [ 100.446871848000171, 13.640867745000094 ], [ 100.448360165000111, 13.634432662000165 ], [ 100.447336206000045, 13.633166619000121 ], [ 100.449091161000013, 13.629984523000076 ], [ 100.44738255600015, 13.632123140000033 ], [ 100.44675262800007, 13.629878556000108 ], [ 100.440259137000055, 13.628325129000075 ], [ 100.440018487000032, 13.625025888000039 ], [ 100.436217267000131, 13.624133696000115 ], [ 100.436008052000147, 13.621129600000074 ], [ 100.434574873000145, 13.622395163000078 ], [ 100.433733886000084, 13.620360775000165 ], [ 100.426052863000052, 13.616101350000065 ], [ 100.426189844000078, 13.614350504000129 ], [ 100.430336961000137, 13.610073694000107 ], [ 100.431420688000173, 13.602766506000023 ], [ 100.427258215000109, 13.60115741300001 ], [ 100.423615598000083, 13.595684108000057 ], [ 100.423611382000104, 13.591557827000145 ], [ 100.419133067000189, 13.588398434000112 ], [ 100.414862727000184, 13.589393027000085 ], [ 100.412150367000095, 13.588160761999973 ], [ 100.413922031000141, 13.582550531000038 ], [ 100.41253948800005, 13.582078276000118 ], [ 100.412666455000192, 13.579082870000093 ], [ 100.410907636000047, 13.577584424000122 ], [ 100.410461175000137, 13.574528062000184 ], [ 100.405403323000201, 13.572767372000158 ], [ 100.402562723000131, 13.573203313000079 ], [ 100.397369291000132, 13.56938498500017 ], [ 100.395380075000048, 13.570886693999967 ], [ 100.389477068000019, 13.571234871000115 ], [ 100.386647362000019, 13.574693936000074 ], [ 100.386604343000101, 13.577947255000026 ], [ 100.384995226000115, 13.579129454000054 ], [ 100.385974913000098, 13.584963827000081 ], [ 100.384361682000076, 13.589517468000167 ], [ 100.378518194000151, 13.594277249000072 ], [ 100.376482084000088, 13.619703151000067 ], [ 100.446797058000186, 13.682558432 ] ] ] } },
{ "type": "Feature", "properties": { "name": "Bang Wa", "adm2_name": "Phasi Charoen" }, "geometry": { "type": "Polygon", "coordinates": [ [ [ 100.454963139000029, 13.722558861000039 ], [ 100.455355902000122, 13.719356868999967 ], [ 100.457694804000198, 13.72060054100001 ], [ 100.459895425000127, 13.713871610000069 ], [ 100.455197235000071, 13.7125774860001 ], [ 100.4558900950002, 13.708429348999971 ], [ 100.452744352000082, 13.710118799000156 ], [ 100.449985339000136, 13.705328880000081 ], [ 100.439113275000125, 13.709361467 ], [ 100.434700138000096, 13.698903319000181 ], [ 100.437733905000186, 13.693684476000101 ], [ 100.427821371000164, 13.68761303000008 ], [ 100.425767731000064, 13.715223487000117 ], [ 100.438566556000069, 13.716474330000153 ], [ 100.443877001000089, 13.720546069000136 ], [ 100.448829618000161, 13.722461892000126 ], [ 100.452190593000182, 13.723533837000105 ], [ 100.454963139000029, 13.722558861000039 ] ] ] } },
{ "type": "Feature", "properties": { "name": "Bang Duan", "adm2_name": "Phasi Charoen" }, "geometry": { "type": "Polygon", "coordinates": [ [ [ 100.44589857800014, 13.730767373000106 ], [ 100.446004928000036, 13.727855943000122 ], [ 100.448092663000182, 13.726970209 ], [ 100.450329284000077, 13.722465530000079 ], [ 100.443877001000089, 13.720546069000136 ], [ 100.438566556000069, 13.716474330000153 ], [ 100.425767731000064, 13.715223487000117 ], [ 100.424997184000176, 13.729104808000159 ], [ 100.438855473000103, 13.731075119000025 ], [ 100.44589857800014, 13.730767373000106 ] ] ] } },
{ "type": "Feature", "properties": { "name": "Bang Chak", "adm2_name": "Phasi Charoen" }, "geometry": { "type": "Polygon", "coordinates": [ [ [ 100.458028520000084, 13.734426118999977 ], [ 100.457842663000122, 13.727379978999977 ], [ 100.45430198300005, 13.724666334000062 ], [ 100.454866097000036, 13.723437199999978 ], [ 100.450329284000077, 13.722465530000079 ], [ 100.448092663000182, 13.726970209 ], [ 100.445576301000187, 13.72885012200004 ], [ 100.446442515000115, 13.733021698000073 ], [ 100.458028520000084, 13.734426118999977 ] ] ] } },
{ "type": "Feature", "properties": { "name": "Bang Waek", "adm2_name": "Phasi Charoen" }, "geometry": { "type": "Polygon", "coordinates": [ [ [ 100.457661811000037, 13.744095948999984 ], [ 100.457832992000078, 13.734332050000091 ], [ 100.446442515000115, 13.733021698000073 ], [ 100.44589857800014, 13.730767373000106 ], [ 100.432667491000075, 13.730169810000177 ], [ 100.431221533000155, 13.737834378000173 ], [ 100.432293012000059, 13.740461920000143 ], [ 100.449915498000109, 13.74049758600006 ], [ 100.454423388000066, 13.742619359000059 ], [ 100.456171892000157, 13.74212848500008 ], [ 100.457661811000037, 13.744095948999984 ] ] ] } },
{ "type": "Feature", "properties": { "name": "Khlong Khwang", "adm2_name": "Phasi Charoen" }, "geometry": { "type": "Polygon", "coordinates": [ [ [ 100.432293012000059, 13.740461920000143 ], [ 100.431221533000155, 13.737834378000173 ], [ 100.432667491000075, 13.730169810000177 ], [ 100.424997184000176, 13.729104808000159 ], [ 100.424829629000101, 13.732150544000092 ], [ 100.417756244000032, 13.731224288000021 ], [ 100.416668108000067, 13.735610698000016 ], [ 100.415511016000096, 13.735832908000134 ], [ 100.41597292400013, 13.738278807000086 ], [ 100.414408079000054, 13.738800737000076 ], [ 100.413389564000056, 13.74793375400003 ], [ 100.425977280000097, 13.742769399 ], [ 100.431005161000201, 13.742294527000183 ], [ 100.432293012000059, 13.740461920000143 ] ] ] } },
{ "type": "Feature", "properties": { "name": "Pak Khlong Phasi Charoen", "adm2_name": "Phasi Charoen" }, "geometry": { "type": "Polygon", "coordinates": [ [ [ 100.466507283000055, 13.726323701000183 ], [ 100.471675029000096, 13.722740125000144 ], [ 100.469234675000166, 13.715962863000186 ], [ 100.462839612000096, 13.717891199 ], [ 100.463335586000085, 13.714834017000044 ], [ 100.459895425000127, 13.713871610000069 ], [ 100.457694804000198, 13.72060054100001 ], [ 100.455355902000122, 13.719356868999967 ], [ 100.454866097000036, 13.723437199999978 ], [ 100.45828342700014, 13.724061868000149 ], [ 100.46051403000007, 13.729066573000068 ], [ 100.463523185999975, 13.731265105000091 ], [ 100.466507283000055, 13.726323701000183 ] ] ] } },
{ "type": "Feature", "properties": { "name": "Khuha Sawan", "adm2_name": "Phasi Charoen" }, "geometry": { "type": "Polygon", "coordinates": [ [ [ 100.462012807000178, 13.744301839000173 ], [ 100.461637282000083, 13.73892324000019 ], [ 100.463523185999975, 13.731265105000091 ], [ 100.46051403000007, 13.729066573000068 ], [ 100.45828342700014, 13.724061868000149 ], [ 100.455056661000128, 13.723344801000053 ], [ 100.45430198300005, 13.724666334000062 ], [ 100.457842663000122, 13.727379978999977 ], [ 100.458392132000199, 13.743837918000054 ], [ 100.462012807000178, 13.744301839000173 ] ] ] } },
{ "type": "Feature", "properties": { "name": "Nong Khaem", "adm2_name": "Nong Khaem" }, "geometry": { "type": "Polygon", "coordinates": [ [ [ 100.377178848000142, 13.700573858000098 ], [ 100.382268638000141, 13.688499005000097 ], [ 100.385246150000114, 13.675876788000153 ], [ 100.384844482000062, 13.67140188400009 ], [ 100.383251587000188, 13.671688173000064 ], [ 100.360565587000053, 13.661301027000036 ], [ 100.357257395000033, 13.661681299000065 ], [ 100.356613754000193, 13.65990043000005 ], [ 100.351107887000182, 13.65748020000018 ], [ 100.348760945000151, 13.654818178000028 ], [ 100.339383547000125, 13.654990333000114 ], [ 100.341251029000148, 13.661313715 ], [ 100.337599800000078, 13.677326406000191 ], [ 100.336068941000178, 13.676991674000021 ], [ 100.333578326000065, 13.681366480000179 ], [ 100.332161883000197, 13.690365768000106 ], [ 100.347257740000032, 13.690863947000025 ], [ 100.346172220000085, 13.69948443200019 ], [ 100.347754244000043, 13.700161727000022 ], [ 100.365338142000098, 13.697652781000045 ], [ 100.377178848000142, 13.700573858000098 ] ] ] } },
{ "type": "Feature", "properties": { "name": "Nong Khang Phlu", "adm2_name": "Nong Khaem" }, "geometry": { "type": "Polygon", "coordinates": [ [ [ 100.359596527000122, 13.737484026000118 ], [ 100.377178848000142, 13.700573858000098 ], [ 100.365338142000098, 13.697652781000045 ], [ 100.347754244000043, 13.700161727000022 ], [ 100.346172220000085, 13.69948443200019 ], [ 100.347257740000032, 13.690863947000025 ], [ 100.332161883000197, 13.690365768000106 ], [ 100.330558200000098, 13.699174627000048 ], [ 100.332353104000106, 13.699917702000164 ], [ 100.333426902000156, 13.706487572000185 ], [ 100.332325335000064, 13.712464130000171 ], [ 100.334144358000174, 13.713061560000028 ], [ 100.336116762000131, 13.710822960000087 ], [ 100.338772100000085, 13.712768633000053 ], [ 100.333110726000086, 13.720837635000123 ], [ 100.330332856000098, 13.719719976000079 ], [ 100.33022786000015, 13.721216534000121 ], [ 100.33573900000016, 13.722985034000033 ], [ 100.33477338199998, 13.728392823000149 ], [ 100.336743631000047, 13.729793667000024 ], [ 100.335140428000159, 13.73348518 ], [ 100.337485818000061, 13.73390892000009 ], [ 100.337455281000132, 13.736036288999969 ], [ 100.339465448000112, 13.736533921000103 ], [ 100.359596527000122, 13.737484026000118 ] ] ] } },
{ "type": "Feature", "properties": { "name": "Rat Burana", "adm2_name": "Rat Burana" }, "geometry": { "type": "Polygon", "coordinates": [ [ [ 100.523401157000137, 13.677882705000115 ], [ 100.520401051000078, 13.675643335000132 ], [ 100.522001174000025, 13.673561966000136 ], [ 100.520418629000119, 13.670989284000086 ], [ 100.521063597000193, 13.669191739000098 ], [ 100.517590872000198, 13.667289883000137 ], [ 100.517515207000201, 13.661599672000136 ], [ 100.513280069000075, 13.66074493900004 ], [ 100.508227019000174, 13.662746407999975 ], [ 100.50586518800003, 13.658913626000128 ], [ 100.504741809000109, 13.659430863000011 ], [ 100.501007841000046, 13.652963113999988 ], [ 100.496366453000064, 13.656106992000048 ], [ 100.503737375000128, 13.675495867000166 ], [ 100.506124697000132, 13.685694026000135 ], [ 100.515083673000106, 13.683651840000095 ], [ 100.523401157000137, 13.677882705000115 ] ] ] } },
{ "type": "Feature", "properties": { "name": "Bang Pakok", "adm2_name": "Rat Burana" }, "geometry": { "type": "Polygon", "coordinates": [ [ [ 100.489998091000189, 13.695261866000067 ], [ 100.491824693000183, 13.691569282000046 ], [ 100.495164355000099, 13.68871299000017 ], [ 100.506124697000132, 13.685694026000135 ], [ 100.503737375000128, 13.675495867000166 ], [ 100.496366453000064, 13.656106992000048 ], [ 100.493969658000083, 13.657273744000179 ], [ 100.493252615000188, 13.655744170000048 ], [ 100.485480433000134, 13.657780921000096 ], [ 100.482327330000146, 13.663070828 ], [ 100.475796512000102, 13.661882128000059 ], [ 100.475563556000054, 13.663577070000144 ], [ 100.482132512000192, 13.664770629000031 ], [ 100.480190632000074, 13.669203700000139 ], [ 100.488534539000057, 13.679530983000063 ], [ 100.487359314000116, 13.682491625000068 ], [ 100.488983287000053, 13.684649896000053 ], [ 100.48185966300008, 13.689871466000056 ], [ 100.482098428000199, 13.693942770000149 ], [ 100.483451346000038, 13.694988693000084 ], [ 100.489998091000189, 13.695261866000067 ] ] ] } },
{ "type": "Feature", "properties": { "name": "Bang Phlat", "adm2_name": "Bang Phlat" }, "geometry": { "type": "Polygon", "coordinates": [ [ [ 100.494272380000098, 13.798142494000103 ], [ 100.50835584400005, 13.788996730000122 ], [ 100.502306266000119, 13.781154220000133 ], [ 100.477964770000142, 13.790041925000025 ], [ 100.4659386900002, 13.787158609000187 ], [ 100.466176870000197, 13.788917403000028 ], [ 100.494272380000098, 13.798142494000103 ] ] ] } },
{ "type": "Feature", "properties": { "name": "Bang O", "adm2_name": "Bang Phlat" }, "geometry": { "type": "Polygon", "coordinates": [ [ [ 100.516497561000051, 13.800358098000117 ], [ 100.514504816999988, 13.796156336000081 ], [ 100.50835584400005, 13.788996730000122 ], [ 100.494272380000098, 13.798142494000103 ], [ 100.502049828000054, 13.801327752000077 ], [ 100.515255130000185, 13.81327484000019 ], [ 100.517493340000101, 13.808578362000105 ], [ 100.516497561000051, 13.800358098000117 ] ] ] } },
{ "type": "Feature", "properties": { "name": "Bang Bamru", "adm2_name": "Bang Phlat" }, "geometry": { "type": "Polygon", "coordinates": [ [ [ 100.494438911000088, 13.784577353000145 ], [ 100.487619117000179, 13.780164932000162 ], [ 100.481908441000201, 13.773426282000059 ], [ 100.468351730000165, 13.787523200000066 ], [ 100.47779356000018, 13.790064219999977 ], [ 100.494438911000088, 13.784577353000145 ] ] ] } },
{ "type": "Feature", "properties": { "name": "Bang Yi Khan", "adm2_name": "Bang Phlat" }, "geometry": { "type": "Polygon", "coordinates": [ [ [ 100.502306266000119, 13.781154220000133 ], [ 100.497681618000115, 13.7698365870001 ], [ 100.490971988000069, 13.761928724000143 ], [ 100.481908441000201, 13.773426282000059 ], [ 100.487619117000179, 13.780164932000162 ], [ 100.494438911000088, 13.784577353000145 ], [ 100.502306266000119, 13.781154220000133 ] ] ] } },
{ "type": "Feature", "properties": { "name": "Din Daeng", "adm2_name": "Din Daeng" }, "geometry": { "type": "Polygon", "coordinates": [ [ [ 100.574891336000121, 13.800991478000128 ], [ 100.57274211500004, 13.769179521000126 ], [ 100.566835185000173, 13.761524598999983 ], [ 100.564968500000134, 13.755126213000153 ], [ 100.552465391999988, 13.755988232000163 ], [ 100.55039728200012, 13.758688550000102 ], [ 100.543431214000179, 13.762715976000095 ], [ 100.548342729000069, 13.763548216 ], [ 100.561307459000034, 13.787063635000152 ], [ 100.561626586000045, 13.794959305000077 ], [ 100.566456863000099, 13.794678062000173 ], [ 100.567465202000164, 13.799281553000128 ], [ 100.574891336000121, 13.800991478000128 ] ] ] } },
{ "type": "Feature", "properties": { "name": "Khlong Kum", "adm2_name": "Bueng Kum" }, "geometry": { "type": "Polygon", "coordinates": [ [ [ 100.660770157000115, 13.819920646000128 ], [ 100.662914808000153, 13.809952971000087 ], [ 100.664030007000179, 13.809995088000107 ], [ 100.666646813000114, 13.805101250000178 ], [ 100.668683263000048, 13.805671519000043 ], [ 100.673539328000118, 13.796316345000093 ], [ 100.674646481000138, 13.790120658000035 ], [ 100.676566690000129, 13.786744 ], [ 100.673803720000137, 13.783834504000026 ], [ 100.6751353410001, 13.781205881000062 ], [ 100.65618110700018, 13.770707147000053 ], [ 100.647632866000151, 13.784076721000076 ], [ 100.65283628300017, 13.791922424000063 ], [ 100.647528944000101, 13.804096679999986 ], [ 100.654226101000063, 13.819245725000144 ], [ 100.660770157000115, 13.819920646000128 ] ] ] } },
{ "type": "Feature", "properties": { "name": "Nawamin", "adm2_name": "Bueng Kum" }, "geometry": { "type": "Polygon", "coordinates": [ [ [ 100.650258463000057, 13.809913600000073 ], [ 100.64756018300011, 13.803723434000062 ], [ 100.652822767000146, 13.791751040000122 ], [ 100.648166858000081, 13.78477075700016 ], [ 100.642717013000095, 13.786944492000146 ], [ 100.64047689400013, 13.792226727000127 ], [ 100.639251773000069, 13.804108570000096 ], [ 100.634103588000187, 13.80949842800004 ], [ 100.631000804000166, 13.815476059000162 ], [ 100.631333863000066, 13.819191422000188 ], [ 100.62598073900017, 13.819306537000045 ], [ 100.624478120000106, 13.817398727000068 ], [ 100.62857081400017, 13.825624069000128 ], [ 100.633775034000166, 13.820820352000112 ], [ 100.650258463000057, 13.809913600000073 ] ] ] } },
{ "type": "Feature", "properties": { "name": "Nuan Chan", "adm2_name": "Bueng Kum" }, "geometry": { "type": "Polygon", "coordinates": [ [ [ 100.648616587000106, 13.833881425000186 ], [ 100.657390468000131, 13.835563851000074 ], [ 100.657901986000184, 13.832991617000062 ], [ 100.66142267000015, 13.833478608000121 ], [ 100.661606963000054, 13.831531121000012 ], [ 100.661265643000036, 13.825779140000066 ], [ 100.660132313000076, 13.824427495000066 ], [ 100.660779627000181, 13.819967402999964 ], [ 100.654226101000063, 13.819245725000144 ], [ 100.650258463000057, 13.809913600000073 ], [ 100.633775034000166, 13.820820352000112 ], [ 100.62857081400017, 13.825624069000128 ], [ 100.631292615000064, 13.83378114900006 ], [ 100.637121758000148, 13.844668458000172 ], [ 100.639266568000153, 13.846176576000062 ], [ 100.645986850000043, 13.847368251000148 ], [ 100.650158730000044, 13.845100721000108 ], [ 100.647726515000159, 13.84416764600013 ], [ 100.648616587000106, 13.833881425000186 ] ] ] } },
{ "type": "Feature", "properties": { "name": "Thung Wat Don", "adm2_name": "Sathon" }, "geometry": { "type": "Polygon", "coordinates": [ [ [ 100.530292202, 13.721871940000142 ], [ 100.533177480000177, 13.716025703000071 ], [ 100.52791801900014, 13.713895863000062 ], [ 100.518882582000117, 13.713846845999967 ], [ 100.516953740000019, 13.709648942000115 ], [ 100.508170897000127, 13.712460984000074 ], [ 100.512031695000189, 13.719335614000101 ], [ 100.517414002000123, 13.718105788000116 ], [ 100.530292202, 13.721871940000142 ] ] ] } },
{ "type": "Feature", "properties": { "name": "Yan Nawa", "adm2_name": "Sathon" }, "geometry": { "type": "Polygon", "coordinates": [ [ [ 100.533177480000177, 13.716025703000071 ], [ 100.537610019, 13.707226007000088 ], [ 100.534160617000055, 13.705539446000046 ], [ 100.528630965000161, 13.705985255000087 ], [ 100.529945739000198, 13.702543641000091 ], [ 100.5269495, 13.701043152000182 ], [ 100.524924426000155, 13.700885524000114 ], [ 100.520642896000084, 13.704169848000106 ], [ 100.519675719000077, 13.703222842000059 ], [ 100.514625296000133, 13.704920816000026 ], [ 100.518882582000117, 13.713846845999967 ], [ 100.52791801900014, 13.713895863000062 ], [ 100.533177480000177, 13.716025703000071 ] ] ] } },
{ "type": "Feature", "properties": { "name": "Thung Mahamek", "adm2_name": "Sathon" }, "geometry": { "type": "Polygon", "coordinates": [ [ [ 100.552912289000119, 13.722771623000085 ], [ 100.553753915000129, 13.716543495000053 ], [ 100.549017609000089, 13.719250705999968 ], [ 100.544305396000027, 13.712311520000128 ], [ 100.541681858000061, 13.710600009000188 ], [ 100.543614317000163, 13.707010786000126 ], [ 100.539146422000044, 13.704425389000164 ], [ 100.530292202, 13.721871940000142 ], [ 100.544745374000058, 13.726166253000088 ], [ 100.552912289000119, 13.722771623000085 ] ] ] } },
{ "type": "Feature", "properties": { "name": "Bang Sue", "adm2_name": "Bang Sue" }, "geometry": { "type": "Polygon", "coordinates": [ [ [ 100.525556926000093, 13.821787565000136 ], [ 100.54284895800015, 13.820933363000165 ], [ 100.545030920000045, 13.818106242000113 ], [ 100.537424276000195, 13.797854428999983 ], [ 100.533203826000033, 13.799827589000188 ], [ 100.532330992000141, 13.798213084999986 ], [ 100.516497561000051, 13.800358098000117 ], [ 100.517493340000101, 13.808578362000105 ], [ 100.515255130000185, 13.81327484000019 ], [ 100.525556926000093, 13.821787565000136 ] ] ] } },
{ "type": "Feature", "properties": { "name": "Wong Sawang", "adm2_name": "Bang Sue" }, "geometry": { "type": "Polygon", "coordinates": [ [ [ 100.543629472000077, 13.849628112000175 ], [ 100.537117045000116, 13.821651881000093 ], [ 100.525556926000093, 13.821787565000136 ], [ 100.515255130000185, 13.81327484000019 ], [ 100.507400598000061, 13.816038387000162 ], [ 100.506304549000106, 13.818928102000086 ], [ 100.507659165000064, 13.822805366000068 ], [ 100.510121712000171, 13.824187724000012 ], [ 100.509377275000134, 13.825611524000067 ], [ 100.51183329100013, 13.826076711000098 ], [ 100.513099162000117, 13.824733355000149 ], [ 100.513341636000121, 13.826261561000138 ], [ 100.535974270000111, 13.846042003000036 ], [ 100.543629472000077, 13.849628112000175 ] ] ] } },
{ "type": "Feature", "properties": { "name": "Lat Yao", "adm2_name": "Chatuchak" }, "geometry": { "type": "Polygon", "coordinates": [ [ [ 100.586547205000102, 13.858933982999986 ], [ 100.568301727000176, 13.827107026000022 ], [ 100.559649115000127, 13.830705874000046 ], [ 100.539196913000069, 13.830586352000125 ], [ 100.543921103000116, 13.849853303999964 ], [ 100.557895100000053, 13.854132105000076 ], [ 100.586547205000102, 13.858933982999986 ] ] ] } },
{ "type": "Feature", "properties": { "name": "Sena Nikhom", "adm2_name": "Chatuchak" }, "geometry": { "type": "Polygon", "coordinates": [ [ [ 100.586685274000047, 13.858328677000031 ], [ 100.591117974000156, 13.837485107000077 ], [ 100.58991867800006, 13.832302632 ], [ 100.58119554600006, 13.834821896999983 ], [ 100.572279301000094, 13.833955672000172 ], [ 100.586685274000047, 13.858328677000031 ] ] ] } },
{ "type": "Feature", "properties": { "name": "Chantharakasem", "adm2_name": "Chatuchak" }, "geometry": { "type": "Polygon", "coordinates": [ [ [ 100.58991867800006, 13.832302632 ], [ 100.588341394000111, 13.802980926999965 ], [ 100.574896225000089, 13.801069838000046 ], [ 100.575366055000075, 13.819993128000078 ], [ 100.572929543999976, 13.82429399900002 ], [ 100.568301727000176, 13.827107026000022 ], [ 100.572279301000094, 13.833955672000172 ], [ 100.58119554600006, 13.834821896999983 ], [ 100.58991867800006, 13.832302632 ] ] ] } },
{ "type": "Feature", "properties": { "name": "Chomphon", "adm2_name": "Chatuchak" }, "geometry": { "type": "Polygon", "coordinates": [ [ [ 100.574896225000089, 13.801069838000046 ], [ 100.567465202000164, 13.799281553000128 ], [ 100.566456863000099, 13.794678062000173 ], [ 100.550680260000092, 13.796155750000025 ], [ 100.568301727000176, 13.827107026000022 ], [ 100.572929543999976, 13.82429399900002 ], [ 100.575366055000075, 13.819993128000078 ], [ 100.574896225000089, 13.801069838000046 ] ] ] } },
{ "type": "Feature", "properties": { "name": "Chatuchak", "adm2_name": "Chatuchak" }, "geometry": { "type": "Polygon", "coordinates": [ [ [ 100.568301727000176, 13.827107026000022 ], [ 100.550680260000092, 13.796155750000025 ], [ 100.537424276000195, 13.797854428999983 ], [ 100.545025037000187, 13.817930728000135 ], [ 100.54284895800015, 13.820933363000165 ], [ 100.537117045000116, 13.821651881000093 ], [ 100.539196913000069, 13.830586352000125 ], [ 100.559649115000127, 13.830705874000046 ], [ 100.568301727000176, 13.827107026000022 ] ] ] } },
{ "type": "Feature", "properties": { "name": "Bang Kho Laem", "adm2_name": "Bang Kho Laem" }, "geometry": { "type": "Polygon", "coordinates": [ [ [ 100.506019308000191, 13.698929057000157 ], [ 100.511381486000118, 13.703486657000155 ], [ 100.512815575000047, 13.70215405099998 ], [ 100.503988475000142, 13.696330281000087 ], [ 100.499920222000014, 13.686877441999968 ], [ 100.494502598000111, 13.6891463340001 ], [ 100.490149285000086, 13.694542071000058 ], [ 100.491568062000169, 13.700080375000027 ], [ 100.49863760900007, 13.705137063999985 ], [ 100.500434518000134, 13.702382317000058 ], [ 100.506019308000191, 13.698929057000157 ] ] ] } },
{ "type": "Feature", "properties": { "name": "Wat Phraya Krai", "adm2_name": "Bang Kho Laem" }, "geometry": { "type": "Polygon", "coordinates": [ [ [ 100.516953740000019, 13.709648942000115 ], [ 100.512815575000047, 13.70215405099998 ], [ 100.511381486000118, 13.703486657000155 ], [ 100.506026808000115, 13.69892868200003 ], [ 100.500434518000134, 13.702382317000058 ], [ 100.49863760900007, 13.705137063999985 ], [ 100.508170897000127, 13.712460984000074 ], [ 100.516953740000019, 13.709648942000115 ] ] ] } },
{ "type": "Feature", "properties": { "name": "Bang Khlo", "adm2_name": "Bang Kho Laem" }, "geometry": { "type": "Polygon", "coordinates": [ [ [ 100.519662410000137, 13.703230845000121 ], [ 100.520642896000084, 13.704169848000106 ], [ 100.524924426000155, 13.700885524000114 ], [ 100.529945739000198, 13.702543641000091 ], [ 100.531760577999989, 13.698253744000169 ], [ 100.516981846000078, 13.682678629000122 ], [ 100.512437117000161, 13.684693993000053 ], [ 100.499920222000014, 13.686877441999968 ], [ 100.503988475000142, 13.696330281000087 ], [ 100.511195956000051, 13.700266399000157 ], [ 100.514625296000133, 13.704920816000026 ], [ 100.519662410000137, 13.703230845000121 ] ] ] } },
{ "type": "Feature", "properties": { "name": "Prawet", "adm2_name": "Prawet" }, "geometry": { "type": "Polygon", "coordinates": [ [ [ 100.659010556000055, 13.737862488000189 ], [ 100.708393226000055, 13.732496905000062 ], [ 100.71238469300016, 13.701290479000136 ], [ 100.711093487000085, 13.701201226000137 ], [ 100.709989662000169, 13.695167681000157 ], [ 100.705280538000068, 13.696171835000087 ], [ 100.700355769000168, 13.695550425000022 ], [ 100.700517315000013, 13.70236192200008 ], [ 100.693931287999987, 13.704759101000093 ], [ 100.691376337000065, 13.703640601000075 ], [ 100.68596366200012, 13.704994937000038 ], [ 100.684524479000174, 13.700474050000025 ], [ 100.653053216000103, 13.70023215700013 ], [ 100.649187758000039, 13.707435986000121 ], [ 100.651549581000097, 13.718250777000094 ], [ 100.647929962000035, 13.717473049000091 ], [ 100.649796374000118, 13.72876863800002 ], [ 100.651833067000155, 13.729502515000092 ], [ 100.653477597000119, 13.733365795 ], [ 100.659010556000055, 13.737862488000189 ] ] ] } },
{ "type": "Feature", "properties": { "name": "Nong Bon", "adm2_name": "Prawet" }, "geometry": { "type": "Polygon", "coordinates": [ [ [ 100.649709980000068, 13.703359355000089 ], [ 100.653537821000157, 13.700160329000084 ], [ 100.674645025000018, 13.700453978000098 ], [ 100.677009336000197, 13.693080567000152 ], [ 100.673346837000111, 13.681065686000125 ], [ 100.670536017000074, 13.677284951000047 ], [ 100.666907569000045, 13.668169753000086 ], [ 100.662213472000076, 13.671339056000079 ], [ 100.661045993000187, 13.67169764300013 ], [ 100.65986768200014, 13.670159605000094 ], [ 100.655502830000103, 13.672291815000108 ], [ 100.653792291000059, 13.66897558800008 ], [ 100.645829510000169, 13.669297229000108 ], [ 100.640710724000087, 13.67611937800018 ], [ 100.63717479200011, 13.694967227000063 ], [ 100.634111124000128, 13.700761585000066 ], [ 100.649709980000068, 13.703359355000089 ] ] ] } },
{ "type": "Feature", "properties": { "name": "Dokmai", "adm2_name": "Prawet" }, "geometry": { "type": "Polygon", "coordinates": [ [ [ 100.691370216, 13.703643265000096 ], [ 100.693931287999987, 13.704759101000093 ], [ 100.700517315000013, 13.70236192200008 ], [ 100.700355769000168, 13.695550425000022 ], [ 100.705280538000068, 13.696171835000087 ], [ 100.710197471000185, 13.695115482000176 ], [ 100.705166422000048, 13.674347037000132 ], [ 100.699759324000127, 13.663843751000115 ], [ 100.698271323000199, 13.65632908300006 ], [ 100.678948345000094, 13.661246383000162 ], [ 100.666466526000079, 13.667212900000095 ], [ 100.670536017000074, 13.677284951000047 ], [ 100.673346837000111, 13.681065686000125 ], [ 100.677009336000197, 13.693080567000152 ], [ 100.674645025000018, 13.700453978000098 ], [ 100.684524479000174, 13.700474050000025 ], [ 100.685819588000129, 13.704882926000096 ], [ 100.6872168700001, 13.705301782000106 ], [ 100.691370216, 13.703643265000096 ] ] ] } },
{ "type": "Feature", "properties": { "name": "Khlong Toei", "adm2_name": "Khlong Toei" }, "geometry": { "type": "Polygon", "coordinates": [ [ [ 100.581067318000066, 13.710969346000127 ], [ 100.589090988000123, 13.705177142000139 ], [ 100.581281292000199, 13.703282937000154 ], [ 100.582101866000073, 13.69753195100003 ], [ 100.565409636000084, 13.705048041000168 ], [ 100.559395795000114, 13.706231044999981 ], [ 100.554867192000131, 13.705483354000023 ], [ 100.550695327000199, 13.742848937000019 ], [ 100.565208118999976, 13.733753967000155 ], [ 100.564681113000063, 13.721748939000179 ], [ 100.565433810000115, 13.719789453999965 ], [ 100.567301652000083, 13.718989346000058 ], [ 100.566548056000101, 13.717105660000129 ], [ 100.581067318000066, 13.710969346000127 ] ] ] } },
{ "type": "Feature", "properties": { "name": "Khlong Tan", "adm2_name": "Khlong Toei" }, "geometry": { "type": "Polygon", "coordinates": [ [ [ 100.565208118999976, 13.733753967000155 ], [ 100.577702079000062, 13.724981086000184 ], [ 100.576216405000082, 13.719691989000182 ], [ 100.576309700000081, 13.713012061000086 ], [ 100.56652917100007, 13.717136277000122 ], [ 100.567301652000083, 13.718989346000058 ], [ 100.565433810000115, 13.719789453999965 ], [ 100.564681113000063, 13.721748939000179 ], [ 100.565208118999976, 13.733753967000155 ] ] ] } },
{ "type": "Feature", "properties": { "name": "Phra Khanong", "adm2_name": "Khlong Toei" }, "geometry": { "type": "Polygon", "coordinates": [ [ [ 100.577702079000062, 13.724981086000184 ], [ 100.598717968000187, 13.710082348000071 ], [ 100.601658937000025, 13.704666227000018 ], [ 100.583919530000173, 13.69609611900006 ], [ 100.582101866000073, 13.69753195100003 ], [ 100.581275691000201, 13.703274430000079 ], [ 100.589090988000123, 13.705177142000139 ], [ 100.586928156000056, 13.707678767000061 ], [ 100.576309700000081, 13.713012061000086 ], [ 100.576216405000082, 13.719691989000182 ], [ 100.577702079000062, 13.724981086000184 ] ] ] } },
{ "type": "Feature", "properties": { "name": "Suan Luang", "adm2_name": "Suan Luang" }, "geometry": { "type": "Polygon", "coordinates": [ [ [ 100.635701450000056, 13.750116889000083 ], [ 100.648063955, 13.744600497000022 ], [ 100.64747608000016, 13.742633450000028 ], [ 100.648605092000139, 13.741820346000111 ], [ 100.659176836000142, 13.738269673000048 ], [ 100.653477597000119, 13.733365795 ], [ 100.651833067000155, 13.729502515000092 ], [ 100.649796374000118, 13.72876863800002 ], [ 100.647929962000035, 13.717473049000091 ], [ 100.651549581000097, 13.718250777000094 ], [ 100.649187758000039, 13.707435986000121 ], [ 100.650996973000076, 13.702974532000098 ], [ 100.634111124000128, 13.700761585000066 ], [ 100.632943200999989, 13.703033000000175 ], [ 100.623208821000162, 13.703115572000058 ], [ 100.622394895000127, 13.705007862000116 ], [ 100.616317461000165, 13.70414670800011 ], [ 100.615892633000044, 13.706841972 ], [ 100.606419612000025, 13.705349186000149 ], [ 100.601879566000093, 13.711945774000071 ], [ 100.602281577000042, 13.713285871000039 ], [ 100.606547190000128, 13.715208203000088 ], [ 100.606840066000188, 13.718899810000096 ], [ 100.605281719000118, 13.720144007000101 ], [ 100.60502214100012, 13.737714568 ], [ 100.598374454000179, 13.738393121000115 ], [ 100.598151930000029, 13.741144634000136 ], [ 100.600505771000201, 13.747474097000065 ], [ 100.60125180600005, 13.748090111000067 ], [ 100.610786658000052, 13.743812764000097 ], [ 100.635701450000056, 13.750116889000083 ] ] ] } },
{ "type": "Feature", "properties": { "name": "Bang Khun Thian", "adm2_name": "Chom Thong" }, "geometry": { "type": "Polygon", "coordinates": [ [ [ 100.452744352000082, 13.710118799000156 ], [ 100.465478078999979, 13.703131977999988 ], [ 100.464732155000092, 13.700736738000046 ], [ 100.458061053000051, 13.689239197000063 ], [ 100.447391836, 13.681483421000166 ], [ 100.434712477000119, 13.698804462000055 ], [ 100.439113275000125, 13.709361467 ], [ 100.449985339000136, 13.705328880000081 ], [ 100.452744352000082, 13.710118799000156 ] ] ] } },
{ "type": "Feature", "properties": { "name": "Bang Kho", "adm2_name": "Chom Thong" }, "geometry": { "type": "Polygon", "coordinates": [ [ [ 100.462839612000096, 13.717891199 ], [ 100.469234675000166, 13.715962863000186 ], [ 100.468535800000154, 13.712388479000026 ], [ 100.471692309000105, 13.710468081000101 ], [ 100.476412050000079, 13.711178277000045 ], [ 100.479540932000134, 13.69803894100005 ], [ 100.482625513000187, 13.695252240000116 ], [ 100.482098428000199, 13.693942770000149 ], [ 100.467282329000057, 13.699150039000131 ], [ 100.468448607000141, 13.701593890000083 ], [ 100.4558900950002, 13.708429348999971 ], [ 100.455197235000071, 13.7125774860001 ], [ 100.463335586000085, 13.714834017000044 ], [ 100.462839612000096, 13.717891199 ] ] ] } },
{ "type": "Feature", "properties": { "name": "Bang Mot", "adm2_name": "Chom Thong" }, "geometry": { "type": "Polygon", "coordinates": [ [ [ 100.468994631000157, 13.68688545800012 ], [ 100.470576666000056, 13.682718621000049 ], [ 100.480820125000037, 13.683035614000062 ], [ 100.481902591000051, 13.680392349000101 ], [ 100.483753488000161, 13.680044769000119 ], [ 100.486228663000077, 13.680695306000075 ], [ 100.485275821000073, 13.684216140000046 ], [ 100.487868521000053, 13.685446912000089 ], [ 100.488983287000053, 13.684649896000053 ], [ 100.487359314000116, 13.682491625000068 ], [ 100.488518359000182, 13.679468916000189 ], [ 100.480190632000074, 13.669203700000139 ], [ 100.482132512000192, 13.664770629000031 ], [ 100.475563556000054, 13.663577070000144 ], [ 100.475891573000069, 13.6608887000001 ], [ 100.470070049000185, 13.660184791000063 ], [ 100.470333673000141, 13.659040329000049 ], [ 100.46460877300018, 13.655674945000101 ], [ 100.461150647000068, 13.658870914000147 ], [ 100.458300054000176, 13.657852015000117 ], [ 100.450439983000081, 13.660770393000178 ], [ 100.453430489000084, 13.668851762000145 ], [ 100.451548512000045, 13.675430839000114 ], [ 100.455508897000072, 13.677757858 ], [ 100.463862812, 13.679385807000131 ], [ 100.462500271000181, 13.685417334000135 ], [ 100.468994631000157, 13.68688545800012 ] ] ] } },
{ "type": "Feature", "properties": { "name": "Chom Thong", "adm2_name": "Chom Thong" }, "geometry": { "type": "Polygon", "coordinates": [ [ [ 100.468431363000093, 13.701557746000162 ], [ 100.467282329000057, 13.699150039000131 ], [ 100.482098428000199, 13.693942770000149 ], [ 100.48185966300008, 13.689871466000056 ], [ 100.487868521000053, 13.685446912000089 ], [ 100.485275821000073, 13.684216140000046 ], [ 100.486220493000076, 13.680678017000162 ], [ 100.481902591000051, 13.680392349000101 ], [ 100.480820125000037, 13.683035614000062 ], [ 100.470576666000056, 13.682718621000049 ], [ 100.469638768000095, 13.686443885000074 ], [ 100.468056724000121, 13.686788932000127 ], [ 100.462500271000181, 13.685417334000135 ], [ 100.463862812, 13.679385807000131 ], [ 100.44884487600018, 13.675332466000043 ], [ 100.448545189000185, 13.681701549000081 ], [ 100.458061053000051, 13.689239197000063 ], [ 100.465454309000165, 13.70303044700006 ], [ 100.468431363000093, 13.701557746000162 ] ] ] } },
{ "type": "Feature", "properties": { "name": "Si Kan", "adm2_name": "Don Mueang" }, "geometry": { "type": "Polygon", "coordinates": [ [ [ 100.575106038000115, 13.954293717000041 ], [ 100.591784818000122, 13.950337601000115 ], [ 100.60567714300015, 13.944099922000134 ], [ 100.60422515, 13.954255192000176 ], [ 100.606525949000059, 13.954378499000143 ], [ 100.60847051200011, 13.935167507000131 ], [ 100.602410852000162, 13.922597561000146 ], [ 100.563587273000167, 13.934500067000158 ], [ 100.567639714, 13.95158730300011 ], [ 100.575106038000115, 13.954293717000041 ] ] ] } },
{ "type": "Feature", "properties": { "name": "Don Mueang", "adm2_name": "Don Mueang" }, "geometry": { "type": "Polygon", "coordinates": [ [ [ 100.602410852000162, 13.922597561000146 ], [ 100.584353727000121, 13.890488103999985 ], [ 100.58273825800012, 13.890774402999966 ], [ 100.587478445000045, 13.899376195000116 ], [ 100.571789460000161, 13.906954042000109 ], [ 100.563183291000144, 13.913334308000117 ], [ 100.558893117000082, 13.914457016000085 ], [ 100.563587273000167, 13.934500067000158 ], [ 100.602410852000162, 13.922597561000146 ] ] ] } },
{ "type": "Feature", "properties": { "name": "Sanam Bin", "adm2_name": "Don Mueang" }, "geometry": { "type": "Polygon", "coordinates": [ [ [ 100.613889496000127, 13.954619222000076 ], [ 100.62254545900015, 13.950251041000058 ], [ 100.626508284000067, 13.925859849000062 ], [ 100.611131830000033, 13.899779846000172 ], [ 100.594813283000121, 13.887630844000057 ], [ 100.584353727000121, 13.890488103999985 ], [ 100.607951501000059, 13.932869543000038 ], [ 100.608539019000148, 13.937391995000155 ], [ 100.606525949000059, 13.954378499000143 ], [ 100.613889496000127, 13.954619222000076 ] ] ] } },
{ "type": "Feature", "properties": { "name": "Thung Phaya Thai", "adm2_name": "Ratchathewi" }, "geometry": { "type": "Polygon", "coordinates": [ [ [ 100.538985804000106, 13.766013503000181 ], [ 100.531799278, 13.75323717700013 ], [ 100.520919124000045, 13.757113695000101 ], [ 100.527886491000174, 13.774338363000084 ], [ 100.538985804000106, 13.766013503000181 ] ] ] } },
{ "type": "Feature", "properties": { "name": "Thanon Phaya Thai", "adm2_name": "Ratchathewi" }, "geometry": { "type": "Polygon", "coordinates": [ [ [ 100.543431214000179, 13.762715976000095 ], [ 100.542494194000085, 13.762236378000182 ], [ 100.54108549100016, 13.749948189000179 ], [ 100.531799278, 13.75323717700013 ], [ 100.538985804000106, 13.766013503000181 ], [ 100.543431214000179, 13.762715976000095 ] ] ] } },
{ "type": "Feature", "properties": { "name": "Thanon Phet Buri", "adm2_name": "Ratchathewi" }, "geometry": { "type": "Polygon", "coordinates": [ [ [ 100.520919124000045, 13.757113695000101 ], [ 100.541008847000057, 13.749429534000171 ], [ 100.525289620000194, 13.749302932000148 ], [ 100.519166718000179, 13.752732672000093 ], [ 100.520919124000045, 13.757113695000101 ] ] ] } },
{ "type": "Feature", "properties": { "name": "Makkasan", "adm2_name": "Ratchathewi" }, "geometry": { "type": "Polygon", "coordinates": [ [ [ 100.564968500000134, 13.755126213000153 ], [ 100.563297444000114, 13.747890403000099 ], [ 100.541008847000057, 13.749429534000171 ], [ 100.542494194000085, 13.762236378000182 ], [ 100.543431214000179, 13.762715976000095 ], [ 100.55039728200012, 13.758688550000102 ], [ 100.552465391999988, 13.755988232000163 ], [ 100.564968500000134, 13.755126213000153 ] ] ] } },
{ "type": "Feature", "properties": { "name": "Lat Phrao", "adm2_name": "Lat Phrao" }, "geometry": { "type": "Polygon", "coordinates": [ [ [ 100.637121758000148, 13.844668458000172 ], [ 100.612894636000021, 13.794814783000049 ], [ 100.599642366000069, 13.796130584000082 ], [ 100.595919295000158, 13.799296216000187 ], [ 100.59640186900009, 13.801275539000073 ], [ 100.588383019999981, 13.802839008000035 ], [ 100.590715697000178, 13.835365952000132 ], [ 100.599763317000054, 13.834439527000143 ], [ 100.59992490500008, 13.831666235 ], [ 100.603163044000041, 13.83179104900006 ], [ 100.603066546000093, 13.826005425000062 ], [ 100.604762406000077, 13.826137741000025 ], [ 100.604844109000169, 13.825143415000127 ], [ 100.612865490000104, 13.825860596999973 ], [ 100.613537225000186, 13.826976415000104 ], [ 100.612400544000195, 13.826989407000099 ], [ 100.612380447000021, 13.828339871000139 ], [ 100.615014759000019, 13.828416906000029 ], [ 100.616767413000105, 13.837672115000089 ], [ 100.619452833000082, 13.837770842 ], [ 100.628747982000107, 13.842682481000054 ], [ 100.632949283000187, 13.842546298000059 ], [ 100.637121758000148, 13.844668458000172 ] ] ] } },
{ "type": "Feature", "properties": { "name": "Chorakhe Bua", "adm2_name": "Lat Phrao" }, "geometry": { "type": "Polygon", "coordinates": [ [ [ 100.608561223000038, 13.849134687000117 ], [ 100.620489128000088, 13.848215271000072 ], [ 100.628737755000031, 13.842614768000033 ], [ 100.619452833000082, 13.837770842 ], [ 100.616767413000105, 13.837672115000089 ], [ 100.615014759000019, 13.828416906000029 ], [ 100.612380447000021, 13.828339871000139 ], [ 100.612400544000195, 13.826989407000099 ], [ 100.613537225000186, 13.826976415000104 ], [ 100.612865490000104, 13.825860596999973 ], [ 100.604844109000169, 13.825143415000127 ], [ 100.604762406000077, 13.826137741000025 ], [ 100.603066546000093, 13.826005425000062 ], [ 100.603163044000041, 13.83179104900006 ], [ 100.59992490500008, 13.831666235 ], [ 100.599763317000054, 13.834439527000143 ], [ 100.590715697000178, 13.835365952000132 ], [ 100.589866099000062, 13.843929078000087 ], [ 100.608561223000038, 13.849134687000117 ] ] ] } },
{ "type": "Feature", "properties": { "name": "Khlong Toei Nuea", "adm2_name": "Vadhana" }, "geometry": { "type": "Polygon", "coordinates": [ [ [ 100.56090392800013, 13.748301931000185 ], [ 100.570733439000094, 13.74651889900008 ], [ 100.569790917000091, 13.741440036000085 ], [ 100.567732794000051, 13.741594199000133 ], [ 100.566120018000049, 13.733112831000028 ], [ 100.550695327000199, 13.742848937000019 ], [ 100.550075438000135, 13.748403346000146 ], [ 100.56090392800013, 13.748301931000185 ] ] ] } },
{ "type": "Feature", "properties": { "name": "Khlong Tan Nuea", "adm2_name": "Vadhana" }, "geometry": { "type": "Polygon", "coordinates": [ [ [ 100.570733439000094, 13.74651889900008 ], [ 100.598805338000091, 13.740768168000102 ], [ 100.598465893000196, 13.738299169000186 ], [ 100.60502214100012, 13.737714568 ], [ 100.605519010000137, 13.723576110000124 ], [ 100.603748320000193, 13.723457541000187 ], [ 100.603404355000066, 13.725960357000133 ], [ 100.595931501999985, 13.725811904000182 ], [ 100.595951853000201, 13.726806447000115 ], [ 100.591229871999985, 13.727087075999975 ], [ 100.59105115300008, 13.728874790000134 ], [ 100.585961879000138, 13.729229295000039 ], [ 100.584521035000137, 13.720143382000117 ], [ 100.566120018000049, 13.733112831000028 ], [ 100.567732794000051, 13.741594199000133 ], [ 100.569790917000091, 13.741440036000085 ], [ 100.570733439000094, 13.74651889900008 ] ] ] } },
{ "type": "Feature", "properties": { "name": "Phra Khanong Nuea", "adm2_name": "Vadhana" }, "geometry": { "type": "Polygon", "coordinates": [ [ [ 100.591229871999985, 13.727087075999975 ], [ 100.595951853000201, 13.726806447000115 ], [ 100.595931501999985, 13.725811904000182 ], [ 100.603404355000066, 13.725960357000133 ], [ 100.603748320000193, 13.723457541000187 ], [ 100.605519010000137, 13.723576110000124 ], [ 100.606547203000048, 13.715208228000165 ], [ 100.602281577000042, 13.713285871000039 ], [ 100.601879566000093, 13.711945774000071 ], [ 100.605742550000173, 13.70650927100013 ], [ 100.601658937000025, 13.704666227000018 ], [ 100.598717968000187, 13.710082348000071 ], [ 100.584521035000137, 13.720143382000117 ], [ 100.585953894999989, 13.729223796000042 ], [ 100.59102849500016, 13.728882341000144 ], [ 100.591229871999985, 13.727087075999975 ] ] ] } },
{ "type": "Feature", "properties": { "name": "Bang Khae", "adm2_name": "Bang Khae" }, "geometry": { "type": "Polygon", "coordinates": [ [ [ 100.406818037000164, 13.676404015000173 ], [ 100.407897888000093, 13.694118537 ], [ 100.406346832000168, 13.710107689000154 ], [ 100.425929926000094, 13.712367749000066 ], [ 100.427821371000164, 13.68761303000008 ], [ 100.406818037000164, 13.676404015000173 ] ] ] } },
{ "type": "Feature", "properties": { "name": "Bang Khae Nuea", "adm2_name": "Bang Khae" }, "geometry": { "type": "Polygon", "coordinates": [ [ [ 100.4248696840001, 13.731611172000044 ], [ 100.425929926000094, 13.712367749000066 ], [ 100.37348288600009, 13.708130465000124 ], [ 100.364979974000164, 13.726332710000122 ], [ 100.4248696840001, 13.731611172000044 ] ] ] } },
{ "type": "Feature", "properties": { "name": "Bang Phai", "adm2_name": "Bang Khae" }, "geometry": { "type": "Polygon", "coordinates": [ [ [ 100.369106359000057, 13.753897702000188 ], [ 100.413389564000056, 13.74793375400003 ], [ 100.414408079000054, 13.738800737000076 ], [ 100.41597292400013, 13.738278807000086 ], [ 100.415511016000096, 13.735832908000134 ], [ 100.416668108000067, 13.735610698000016 ], [ 100.417756244000032, 13.731224288000021 ], [ 100.364979974000164, 13.726332710000122 ], [ 100.352677271000175, 13.752049424 ], [ 100.369106359000057, 13.753897702000188 ] ] ] } },
{ "type": "Feature", "properties": { "name": "Lak Song", "adm2_name": "Bang Khae" }, "geometry": { "type": "Polygon", "coordinates": [ [ [ 100.406754402000161, 13.676364023000076 ], [ 100.388385140000139, 13.668039860000079 ], [ 100.387422628000081, 13.67045199 ], [ 100.384844482000062, 13.67140188400009 ], [ 100.385235775000012, 13.675939875000154 ], [ 100.381486378000034, 13.691329128000064 ], [ 100.37348288600009, 13.708130465000124 ], [ 100.406770968999979, 13.710794238000176 ], [ 100.407897888000093, 13.694118537 ], [ 100.406754402000161, 13.676364023000076 ] ] ] } },
{ "type": "Feature", "properties": { "name": "Thung Song Hong", "adm2_name": "Lak Si" }, "geometry": { "type": "Polygon", "coordinates": [ [ [ 100.563454071000194, 13.855209245000026 ], [ 100.543629472000077, 13.849628112000175 ], [ 100.558893117000082, 13.914457016000085 ], [ 100.563183291000144, 13.913334308000117 ], [ 100.571789460000161, 13.906954042000109 ], [ 100.587478445000045, 13.899376195000116 ], [ 100.563454071000194, 13.855209245000026 ] ] ] } },
{ "type": "Feature", "properties": { "name": "Talat Bang Khen", "adm2_name": "Lak Si" }, "geometry": { "type": "Polygon", "coordinates": [ [ [ 100.582877328999984, 13.890667098000051 ], [ 100.594813283000121, 13.887630844000057 ], [ 100.588143762000129, 13.879615240000135 ], [ 100.586547205000102, 13.858933982999986 ], [ 100.563454071000194, 13.855209245000026 ], [ 100.582877328999984, 13.890667098000051 ] ] ] } },
{ "type": "Feature", "properties": { "name": "Sai Mai", "adm2_name": "Sai Mai" }, "geometry": { "type": "Polygon", "coordinates": [ [ [ 100.641015073000176, 13.931377428000133 ], [ 100.689730812000107, 13.931053496000175 ], [ 100.689301392000061, 13.925883855000052 ], [ 100.687123487000122, 13.920832051000048 ], [ 100.687506304000067, 13.917228495000131 ], [ 100.686953376000133, 13.916254426000137 ], [ 100.66017523700009, 13.915859722000164 ], [ 100.659053264000079, 13.914569663000066 ], [ 100.660618761000194, 13.90857498500003 ], [ 100.658933405000198, 13.904473749000147 ], [ 100.650532885000189, 13.901285787000177 ], [ 100.646502195000096, 13.901707602000158 ], [ 100.643905922000158, 13.900650516000098 ], [ 100.642235227000015, 13.904668167000068 ], [ 100.636838260000161, 13.905913297000097 ], [ 100.635321854000097, 13.916840392000097 ], [ 100.622053398000048, 13.918327062 ], [ 100.626681391000091, 13.926745317000098 ], [ 100.62254545900015, 13.950251041000058 ], [ 100.625394187000154, 13.947849156000188 ], [ 100.62552439500007, 13.938205280000034 ], [ 100.639771708000012, 13.937588141000049 ], [ 100.639614431000098, 13.932372588000078 ], [ 100.641015073000176, 13.931377428000133 ] ] ] } },
{ "type": "Feature", "properties": { "name": "O Ngoen", "adm2_name": "Sai Mai" }, "geometry": { "type": "Polygon", "coordinates": [ [ [ 100.686953376000133, 13.916254426000137 ], [ 100.6837863720001, 13.913543797000102 ], [ 100.683651256000132, 13.911487233000116 ], [ 100.686966261000066, 13.90935148900013 ], [ 100.692368182000166, 13.897740658000032 ], [ 100.692109132000041, 13.886715871000092 ], [ 100.690121520000105, 13.88470925200005 ], [ 100.689872535000177, 13.879625670000109 ], [ 100.684496507000176, 13.874248293000051 ], [ 100.681312140000045, 13.879676755000162 ], [ 100.675809233000109, 13.879105021999976 ], [ 100.673808066000163, 13.881099593999977 ], [ 100.672530973999983, 13.879678031000083 ], [ 100.669584223000186, 13.881111450999981 ], [ 100.664838610000174, 13.881078719000129 ], [ 100.664119088000177, 13.879491573000109 ], [ 100.661858584000186, 13.87875500399997 ], [ 100.65677789900019, 13.880902745000128 ], [ 100.655336638000051, 13.885582849000116 ], [ 100.653111064000086, 13.886380402000157 ], [ 100.652600931000052, 13.889236129999972 ], [ 100.651144027000157, 13.890156290999983 ], [ 100.649317684000096, 13.901144184000088 ], [ 100.657790129000091, 13.903675945000032 ], [ 100.659811072000025, 13.905423074999987 ], [ 100.660662337000076, 13.910038451000162 ], [ 100.659108128000128, 13.915195148000066 ], [ 100.686953376000133, 13.916254426000137 ] ] ] } },
{ "type": "Feature", "properties": { "name": "Khlong Thanon", "adm2_name": "Sai Mai" }, "geometry": { "type": "Polygon", "coordinates": [ [ [ 100.622053398000048, 13.918327062 ], [ 100.635321854000097, 13.916840392000097 ], [ 100.63698775000006, 13.905668697000067 ], [ 100.642181819000029, 13.904707215000087 ], [ 100.64404890100019, 13.900584763000097 ], [ 100.649382243000048, 13.90138773200016 ], [ 100.649910363, 13.893672938000066 ], [ 100.652695359000063, 13.888843693000126 ], [ 100.652633821000109, 13.882945613000061 ], [ 100.644246154000086, 13.882761448 ], [ 100.643093156000077, 13.883244429000115 ], [ 100.64295285500009, 13.885728264000022 ], [ 100.640195117000189, 13.886752243999979 ], [ 100.633979397000132, 13.885162089000119 ], [ 100.629542807000064, 13.885542878000138 ], [ 100.623089857000082, 13.883034871000177 ], [ 100.608859114000097, 13.888332373000082 ], [ 100.61136552500011, 13.892394935000141 ], [ 100.60869668800018, 13.895703521000144 ], [ 100.622053398000048, 13.918327062 ] ] ] } },
{ "type": "Feature", "properties": { "name": "Khan Na Yao", "adm2_name": "Khan Na Yao" }, "geometry": { "type": "Polygon", "coordinates": [ [ [ 100.683889990000182, 13.847975385000098 ], [ 100.687812731000122, 13.838641833000054 ], [ 100.6879371240002, 13.834643999000036 ], [ 100.690644479000127, 13.83235102000009 ], [ 100.697044026000185, 13.820223163000037 ], [ 100.6975319780002, 13.812674591000189 ], [ 100.701864077000096, 13.809140273000139 ], [ 100.70056308400018, 13.80458324500006 ], [ 100.70496396600015, 13.797679626 ], [ 100.685052117000112, 13.786717356000167 ], [ 100.67703867400013, 13.815942801000062 ], [ 100.672697275000189, 13.84248292500007 ], [ 100.673960493000095, 13.852222910000137 ], [ 100.683889990000182, 13.847975385000098 ] ] ] } },
{ "type": "Feature", "properties": { "name": "Ram Inthra", "adm2_name": "Khan Na Yao" }, "geometry": { "type": "Polygon", "coordinates": [ [ [ 100.668093521000117, 13.856583087 ], [ 100.675457492000191, 13.856381383000041 ], [ 100.670762290000198, 13.853417166000156 ], [ 100.673960493000095, 13.852222910000137 ], [ 100.672704978000183, 13.842102149000027 ], [ 100.675631632000034, 13.822829180999975 ], [ 100.685052117000112, 13.786717356000167 ], [ 100.6751353410001, 13.781205881000062 ], [ 100.673803720000137, 13.783834504000026 ], [ 100.676566690000129, 13.786744 ], [ 100.674646481000138, 13.790120658000035 ], [ 100.673539328000118, 13.796316345000093 ], [ 100.668683263000048, 13.805671519000043 ], [ 100.666646813000114, 13.805101250000178 ], [ 100.664030007000179, 13.809995088000107 ], [ 100.662866591000181, 13.810090302000162 ], [ 100.660132313000076, 13.824427495000066 ], [ 100.661265643000036, 13.825779140000066 ], [ 100.66142267000015, 13.833478608000121 ], [ 100.657906247000085, 13.832988452000109 ], [ 100.657304995000061, 13.835574575000123 ], [ 100.648599748000038, 13.833888783000077 ], [ 100.647726515000159, 13.84416764600013 ], [ 100.650214966000078, 13.844833143000187 ], [ 100.645986850000043, 13.847368251000148 ], [ 100.648148988000059, 13.847620618000178 ], [ 100.648730639000121, 13.84621126899998 ], [ 100.658640148000131, 13.847763352000072 ], [ 100.658303030000127, 13.852391377000117 ], [ 100.66114468700016, 13.852579409000043 ], [ 100.663199931000065, 13.856033389000174 ], [ 100.664746781000133, 13.854693028000042 ], [ 100.668093521000117, 13.856583087 ] ] ] } },
{ "type": "Feature", "properties": { "name": "Saphan Sung", "adm2_name": "Saphan Sung" }, "geometry": { "type": "Polygon", "coordinates": [ [ [ 100.716403176000199, 13.778113848000089 ], [ 100.716080259000023, 13.771690494000097 ], [ 100.706606315000045, 13.756760642000074 ], [ 100.709858230000123, 13.75640150300012 ], [ 100.708393226000055, 13.732496905000062 ], [ 100.659010556000055, 13.737862488000189 ], [ 100.663330947000077, 13.740227551000032 ], [ 100.663034630000141, 13.74220629500013 ], [ 100.666318117000117, 13.747047328000065 ], [ 100.672255852000148, 13.749486771000022 ], [ 100.67701455200006, 13.749064367000017 ], [ 100.678886566000074, 13.752104317000033 ], [ 100.669718972000055, 13.756283395000139 ], [ 100.668802897000035, 13.766623625000022 ], [ 100.664624408000066, 13.775369817000183 ], [ 100.70608059000017, 13.798328004000041 ], [ 100.714717951000125, 13.78326684200016 ], [ 100.716403176000199, 13.778113848000089 ] ] ] } },
{ "type": "Feature", "properties": { "name": "Wang Thonglang", "adm2_name": "Wang Thonglang" }, "geometry": { "type": "Polygon", "coordinates": [ [ [ 100.609217531000183, 13.786307598 ], [ 100.607104553000113, 13.772109652000154 ], [ 100.596612956000058, 13.759604914000079 ], [ 100.594910887000196, 13.762585534000152 ], [ 100.593356061000179, 13.771343628000011 ], [ 100.593483296000102, 13.779598416 ], [ 100.590059893000102, 13.787120909000066 ], [ 100.589236242000084, 13.797453929000085 ], [ 100.609217531000183, 13.786307598 ] ] ] } },
{ "type": "Feature", "properties": { "name": "Saphan Song", "adm2_name": "Wang Thonglang" }, "geometry": { "type": "Polygon", "coordinates": [ [ [ 100.588383019999981, 13.802839008000035 ], [ 100.59640186900009, 13.801275539000073 ], [ 100.595919295000158, 13.799296216000187 ], [ 100.599642366000069, 13.796130584000082 ], [ 100.612894636000021, 13.794814783000049 ], [ 100.609217531000183, 13.786307598 ], [ 100.589236242000084, 13.797453929000085 ], [ 100.588383019999981, 13.802839008000035 ] ] ] } },
{ "type": "Feature", "properties": { "name": "Khlong Chaokhun Sing", "adm2_name": "Wang Thonglang" }, "geometry": { "type": "Polygon", "coordinates": [ [ [ 100.629248748000123, 13.775091386000156 ], [ 100.609217531000183, 13.786307598 ], [ 100.615064201000052, 13.799774373000048 ], [ 100.623636508000118, 13.800218648000111 ], [ 100.6259130790001, 13.788103773000046 ], [ 100.629049330000157, 13.788697543000126 ], [ 100.630651760000035, 13.784153807000052 ], [ 100.629248748000123, 13.775091386000156 ] ] ] } },
{ "type": "Feature", "properties": { "name": "Phlapphla", "adm2_name": "Wang Thonglang" }, "geometry": { "type": "Polygon", "coordinates": [ [ [ 100.628272913000103, 13.775646442000038 ], [ 100.630489333000185, 13.763254790000076 ], [ 100.615246889000048, 13.761274456000024 ], [ 100.604095120000068, 13.751200633000053 ], [ 100.596612956000058, 13.759604914000079 ], [ 100.607104553000113, 13.772109652000154 ], [ 100.609217531000183, 13.786307598 ], [ 100.628272913000103, 13.775646442000038 ] ] ] } },
{ "type": "Feature", "properties": { "name": "Sam Wa Tawan Tok", "adm2_name": "Khlong Sam Wa" }, "geometry": { "type": "Polygon", "coordinates": [ [ [ 100.728687123000043, 13.91738196700004 ], [ 100.729321683000137, 13.864757115999964 ], [ 100.680407277000199, 13.858767493000073 ], [ 100.683114280000098, 13.862001746000089 ], [ 100.685752838000099, 13.869210719000137 ], [ 100.684598218000133, 13.874633641000116 ], [ 100.68992699100005, 13.879699570000184 ], [ 100.690121520000105, 13.88470925200005 ], [ 100.692111054, 13.886731693000172 ], [ 100.69228964000007, 13.898095745000035 ], [ 100.686966261000066, 13.90935148900013 ], [ 100.683662614000184, 13.911464647 ], [ 100.683865913000034, 13.913653140000179 ], [ 100.686953376000133, 13.916254426000137 ], [ 100.728687123000043, 13.91738196700004 ] ] ] } },
{ "type": "Feature", "properties": { "name": "Sam Wa Tawan Ok", "adm2_name": "Khlong Sam Wa" }, "geometry": { "type": "Polygon", "coordinates": [ [ [ 100.792593024000041, 13.931387879 ], [ 100.792337659000168, 13.893505661 ], [ 100.79593385600009, 13.890548881000143 ], [ 100.790862396000023, 13.88181933200002 ], [ 100.779944606000186, 13.87565969000002 ], [ 100.769708838000042, 13.872709067000073 ], [ 100.765242154000134, 13.868986084000142 ], [ 100.729321683000137, 13.864757115999964 ], [ 100.728688343000158, 13.917458591000184 ], [ 100.752599766000174, 13.918467701 ], [ 100.792593024000041, 13.931387879 ] ] ] } },
{ "type": "Feature", "properties": { "name": "Bang Chan", "adm2_name": "Khlong Sam Wa" }, "geometry": { "type": "Polygon", "coordinates": [ [ [ 100.729321683000137, 13.864757115999964 ], [ 100.729732394000109, 13.827673738000158 ], [ 100.722312710000153, 13.827527878000183 ], [ 100.722322673000178, 13.837492275000159 ], [ 100.720192455000131, 13.837278720000143 ], [ 100.720175532000042, 13.831495735000146 ], [ 100.714568682000106, 13.831335459000172 ], [ 100.715436738000164, 13.821897660000104 ], [ 100.705778473000123, 13.821144620000155 ], [ 100.704558224000152, 13.819395041000064 ], [ 100.696775905000095, 13.815492761000144 ], [ 100.697044026000185, 13.820223163000037 ], [ 100.690644479000127, 13.83235102000009 ], [ 100.6879371240002, 13.834643999000036 ], [ 100.687812731000122, 13.838641833000054 ], [ 100.683848069000135, 13.848130456999968 ], [ 100.676875807000044, 13.851633170000184 ], [ 100.670821828000157, 13.852816121000103 ], [ 100.677277917000083, 13.857879734999983 ], [ 100.691842087000055, 13.860807647000115 ], [ 100.729321683000137, 13.864757115999964 ] ] ] } },
{ "type": "Feature", "properties": { "name": "Sai Kong Din", "adm2_name": "Khlong Sam Wa" }, "geometry": { "type": "Polygon", "coordinates": [ [ [ 100.765140954000117, 13.868974212000012 ], [ 100.764184791000105, 13.864023621000115 ], [ 100.764902277000147, 13.854218647000152 ], [ 100.758188204000191, 13.849500224000053 ], [ 100.75394645300014, 13.849640240000099 ], [ 100.753464784000187, 13.847726319000117 ], [ 100.748568275000139, 13.844461444000103 ], [ 100.749278443000094, 13.839002819000086 ], [ 100.751932426000053, 13.833498694000014 ], [ 100.748801361000062, 13.832886466000161 ], [ 100.739928537000083, 13.837395750000042 ], [ 100.735889325000187, 13.836785145000079 ], [ 100.735469084000158, 13.838456396000083 ], [ 100.729657680000173, 13.836450860000014 ], [ 100.729321683000137, 13.864757115999964 ], [ 100.765140954000117, 13.868974212000012 ] ] ] } },
{ "type": "Feature", "properties": { "name": "Sai Kong Din Tai", "adm2_name": "Khlong Sam Wa" }, "geometry": { "type": "Polygon", "coordinates": [ [ [ 100.787421596000115, 13.879987173000075 ], [ 100.799462654000195, 13.849539574000119 ], [ 100.749231649000137, 13.822096845000146 ], [ 100.748722702, 13.823864416000106 ], [ 100.746728450000035, 13.824752735000175 ], [ 100.744219959000077, 13.8346108450001 ], [ 100.748801361000062, 13.832886466000161 ], [ 100.752042997000046, 13.833673058000045 ], [ 100.749278443000094, 13.839002819000086 ], [ 100.748568275000139, 13.844461444000103 ], [ 100.753464784000187, 13.847726319000117 ], [ 100.75394645300014, 13.849640240000099 ], [ 100.758188204000191, 13.849500224000053 ], [ 100.764902277000147, 13.854218647000152 ], [ 100.764184791000105, 13.864023621000115 ], [ 100.765639361000012, 13.869438379000144 ], [ 100.769708838000042, 13.872709067000073 ], [ 100.779944606000186, 13.87565969000002 ], [ 100.787421596000115, 13.879987173000075 ] ] ] } },
{ "type": "Feature", "properties": { "name": "Bang Na", "adm2_name": "Bang Na" }, "geometry": { "type": "Polygon", "coordinates": [ [ [ 100.622771488000126, 13.684428812000078 ], [ 100.624654929000087, 13.678408503000128 ], [ 100.640236003000155, 13.677941022000084 ], [ 100.645233152000174, 13.669607532000157 ], [ 100.653792291000059, 13.66897558800008 ], [ 100.650813896000102, 13.660428802000069 ], [ 100.649709981000171, 13.652504770000121 ], [ 100.640758193000011, 13.654635846000019 ], [ 100.636277975000041, 13.64850280700017 ], [ 100.630494851000094, 13.649482434000163 ], [ 100.630888458000072, 13.650814368000056 ], [ 100.617843389000143, 13.656061254 ], [ 100.616373793000037, 13.652675052000177 ], [ 100.608212200000196, 13.655920670000114 ], [ 100.60871647, 13.657214762000081 ], [ 100.605561774000137, 13.658477132000087 ], [ 100.603513728000109, 13.65840122000003 ], [ 100.602809619000027, 13.656506618000094 ], [ 100.600436326000079, 13.657379267000067 ], [ 100.600439640000161, 13.659463851999988 ], [ 100.59665522, 13.660692667000149 ], [ 100.59652883800004, 13.662150586000052 ], [ 100.579458378000197, 13.669222685000022 ], [ 100.588769839000122, 13.683015013000045 ], [ 100.600332527000091, 13.679943095000056 ], [ 100.607534625000199, 13.682082277000177 ], [ 100.610524951000173, 13.68427643300015 ], [ 100.622771488000126, 13.684428812000078 ] ] ] } },
{ "type": "Feature", "properties": { "name": "Thawi Watthana", "adm2_name": "Thawi Watthana" }, "geometry": { "type": "Polygon", "coordinates": [ [ [ 100.356013824000115, 13.780336020000107 ], [ 100.359251368000116, 13.768892147000145 ], [ 100.366974086000141, 13.768574246000014 ], [ 100.406774635000147, 13.760079849000022 ], [ 100.406184700000097, 13.749437693 ], [ 100.369106359000057, 13.753897702000188 ], [ 100.352683349000131, 13.752164031000177 ], [ 100.359359482000173, 13.738002047000123 ], [ 100.337455281000132, 13.736036288999969 ], [ 100.334988058000192, 13.747094624000056 ], [ 100.335384389000183, 13.753286999000181 ], [ 100.334479133000059, 13.755217604000165 ], [ 100.332777558000089, 13.755373314000053 ], [ 100.333024654000099, 13.759589177000123 ], [ 100.331565506000118, 13.759974593000038 ], [ 100.332575402000032, 13.760676300000057 ], [ 100.330111964000139, 13.762374415000181 ], [ 100.330619653000156, 13.773215153000081 ], [ 100.342185419000145, 13.774321626000017 ], [ 100.340202424000154, 13.778451701000108 ], [ 100.356013824000115, 13.780336020000107 ] ] ] } },
{ "type": "Feature", "properties": { "name": "Sala Thammasop", "adm2_name": "Thawi Watthana" }, "geometry": { "type": "Polygon", "coordinates": [ [ [ 100.32791238700014, 13.804125521000174 ], [ 100.411057705000133, 13.801346720000026 ], [ 100.406774635000147, 13.760079849000022 ], [ 100.366974086000141, 13.768574246000014 ], [ 100.359251368000116, 13.768892147000145 ], [ 100.355993721000118, 13.780350795000174 ], [ 100.340202424000154, 13.778451701000108 ], [ 100.342185419000145, 13.774321626000017 ], [ 100.330619653000156, 13.773215153000081 ], [ 100.331904701000042, 13.781375941000078 ], [ 100.333863166000185, 13.781243035000102 ], [ 100.333895026000164, 13.782166670000038 ], [ 100.330696831000125, 13.798145851000129 ], [ 100.32791238700014, 13.804125521000174 ] ] ] } },
{ "type": "Feature", "properties": { "name": "Bang Mot", "adm2_name": "Thung Khru" }, "geometry": { "type": "Polygon", "coordinates": [ [ [ 100.485765764000064, 13.657686764000061 ], [ 100.493252615000188, 13.655744170000048 ], [ 100.494040866000148, 13.657261256000027 ], [ 100.501007841000046, 13.652963113999988 ], [ 100.504741809000109, 13.659430863000011 ], [ 100.50586518800003, 13.658913626000128 ], [ 100.508227019000174, 13.662746407999975 ], [ 100.513280069000075, 13.66074493900004 ], [ 100.517515207000201, 13.661599672000136 ], [ 100.516224358000102, 13.651347356000088 ], [ 100.516954754000096, 13.645709839000176 ], [ 100.515292919000046, 13.644735910000179 ], [ 100.503683146000185, 13.644427477000136 ], [ 100.49670605, 13.639349849000098 ], [ 100.495773863000068, 13.639803052000048 ], [ 100.492900018000057, 13.632695966000142 ], [ 100.490108663000115, 13.635919502000036 ], [ 100.48833917800016, 13.635448735000125 ], [ 100.48699815700013, 13.636612679000109 ], [ 100.482837823000182, 13.636555475000023 ], [ 100.480904451000072, 13.634623148000117 ], [ 100.474813905000076, 13.635304707000103 ], [ 100.470070049000185, 13.660184791000063 ], [ 100.482327330000146, 13.663070828 ], [ 100.485765764000064, 13.657686764000061 ] ] ] } },
{ "type": "Feature", "properties": { "name": "Thung Khru", "adm2_name": "Thung Khru" }, "geometry": { "type": "Polygon", "coordinates": [ [ [ 100.515292919000046, 13.644735910000179 ], [ 100.516073957000174, 13.643365637000045 ], [ 100.515100738, 13.639400189000185 ], [ 100.518070846000114, 13.634894793000115 ], [ 100.514239326000165, 13.628496489000042 ], [ 100.51643609700011, 13.618692545000158 ], [ 100.516375409000034, 13.612767073000157 ], [ 100.520347250000157, 13.609010611000031 ], [ 100.521037943000181, 13.605141864000075 ], [ 100.513744270000075, 13.602594209000074 ], [ 100.511511381000105, 13.596854386000075 ], [ 100.50481534000005, 13.597696220000103 ], [ 100.499637586000119, 13.595640960000026 ], [ 100.499041699000088, 13.591951688000108 ], [ 100.496706269000128, 13.588894774000153 ], [ 100.491192726000179, 13.586158161000128 ], [ 100.488463269000022, 13.589463622000153 ], [ 100.481938688000128, 13.592678789000161 ], [ 100.480540803000167, 13.598102149000169 ], [ 100.476899779000178, 13.599392628000089 ], [ 100.477768654000045, 13.601804101000084 ], [ 100.476870773000087, 13.603870951000033 ], [ 100.479581718000134, 13.606089841000085 ], [ 100.481712076000179, 13.615343514000074 ], [ 100.47837662500018, 13.619777082999974 ], [ 100.476195008000047, 13.620111494000014 ], [ 100.472147010000128, 13.624067820000164 ], [ 100.475585711000178, 13.629871924999975 ], [ 100.474813905000076, 13.635304707000103 ], [ 100.480904451000072, 13.634623148000117 ], [ 100.482837823000182, 13.636555475000023 ], [ 100.48699815700013, 13.636612679000109 ], [ 100.48833917800016, 13.635448735000125 ], [ 100.490108663000115, 13.635919502000036 ], [ 100.492900018000057, 13.632695966000142 ], [ 100.495773863000068, 13.639803052000048 ], [ 100.49670605, 13.639349849000098 ], [ 100.503683146000185, 13.644427477000136 ], [ 100.515292919000046, 13.644735910000179 ] ] ] } },
{ "type": "Feature", "properties": { "name": "Bang Bon", "adm2_name": "Bang Bon" }, "geometry": { "type": "Polygon", "coordinates": [ [ [ 100.437533650000091, 13.693628029000138 ], [ 100.446797058000186, 13.682558432 ], [ 100.376482084000088, 13.619703151000067 ], [ 100.371795935000193, 13.622730904000036 ], [ 100.371571729000095, 13.624907569000129 ], [ 100.368610989000103, 13.630119450000109 ], [ 100.367209667000168, 13.630171153000049 ], [ 100.366005871000198, 13.633624022000049 ], [ 100.359058883000046, 13.632780153999988 ], [ 100.358697088000042, 13.637319 ], [ 100.35544907600007, 13.636540633000038 ], [ 100.354396435000126, 13.640843668000173 ], [ 100.348519681000084, 13.641008958000157 ], [ 100.348606162000181, 13.643725023000115 ], [ 100.347358338000163, 13.643637996999985 ], [ 100.347170575000177, 13.645060569000123 ], [ 100.345449337000048, 13.644725233000088 ], [ 100.344676390000132, 13.649228008000023 ], [ 100.346323811000104, 13.649173861000122 ], [ 100.346837043000107, 13.655339513000058 ], [ 100.349523885, 13.655126660000121 ], [ 100.351107887000182, 13.65748020000018 ], [ 100.356613754000193, 13.65990043000005 ], [ 100.357142799000144, 13.661623113000019 ], [ 100.360565587000053, 13.661301027000036 ], [ 100.383251587000188, 13.671688173000064 ], [ 100.387422628000081, 13.67045199 ], [ 100.388385140000139, 13.668039860000079 ], [ 100.392759117000082, 13.669048136000015 ], [ 100.437533650000091, 13.693628029000138 ] ] ] } }
]
}
