station_code,sensor_type,name_thai,name_english,district,lat,lon,confidence,basis
FL.BBN.01,flood,ถ.เอกชัย ช่วงห้างบิ๊กซีบางบอน,,Bang Bon,13.646,100.37,High,"District identified from rain-network station name 'สำนักงานเขตบางบอน' sharing prefix BBN; coordinates = district centroid (mean of subdistrict coords, data.go.th)"
FL.BBN.02,flood,ถ.เอกชัย ซอย 60,,Bang Bon,13.646,100.37,High,"District identified from rain-network station name 'สำนักงานเขตบางบอน' sharing prefix BBN; coordinates = district centroid (mean of subdistrict coords, data.go.th)"
FL.BKA.01,flood,ถ.พหลโยธิน ช่วงวงเวียนบางเขน,,Bang Khen,13.867,100.628,High,"District identified from rain-network station name 'สำนักงานเขตบางเขน' sharing prefix BKA; coordinates = district centroid (mean of subdistrict coords, data.go.th)"
FL.BKA.02,flood,ถ.พหลโยธิน ช่วงซอยพหลโยธิน 55/1,,Bang Khen,13.867,100.628,High,"District identified from rain-network station name 'สำนักงานเขตบางเขน' sharing prefix BKA; coordinates = district centroid (mean of subdistrict coords, data.go.th)"
FL.BKE.01,flood,ถ.เพชรเกษม แยกวงแหวนกาญจนาภิเษก,,Bang Khae,13.7105,100.3975,High,"District identified from rain-network station name 'สำนักงานเขตบางแค' sharing prefix BKE; coordinates = district centroid (mean of subdistrict coords, data.go.th)"
FL.BKE.02,flood,ถ.เพชรเกษม ช่วงซอยวัดม่วง,,Bang Khae,13.7105,100.3975,High,"District identified from rain-network station name 'สำนักงานเขตบางแค' sharing prefix BKE; coordinates = district centroid (mean of subdistrict coords, data.go.th)"
FL.BKL.01,flood,ถ.เจริญกรุง ช่วงวัดราชสิงขร,,Bang Kho Laem,13.69867,100.506,High,"District identified from rain-network station name 'สำนักงานเขตบางคอแหลม' sharing prefix BKL; coordinates = district centroid (mean of subdistrict coords, data.go.th)"
FL.BKM.01,flood,ถ.นวมินทร์ ช่วงซอย 46 (สันติอโศก),,Bueng Kum,13.808,100.65,High,"District identified from rain-network station name 'สำนักงานเขตบึงกุ่ม' sharing prefix BKM; coordinates = district centroid (mean of subdistrict coords, data.go.th)"
FL.BKM.02,flood,ถ.นวมินทร์ ช่วงซอย 135,,Bueng Kum,13.808,100.65,High,"District identified from rain-network station name 'สำนักงานเขตบึงกุ่ม' sharing prefix BKM; coordinates = district centroid (mean of subdistrict coords, data.go.th)"
FL.BKN.01,flood,ถ.อิสรภาพ ช่วงตลาดพรานนก,,Bangkok Noi,13.7634,100.4728,High,"District identified from rain-network station name 'สำนักงานเขตบางกอกน้อย' sharing prefix BKN; coordinates = district centroid (mean of subdistrict coords, data.go.th)"
FL.BKN.02,flood,ถ.บรมราชชนนี ช่วงสายใต้,,Bangkok Noi,13.7634,100.4728,High,"District identified from rain-network station name 'สำนักงานเขตบางกอกน้อย' sharing prefix BKN; coordinates = district centroid (mean of subdistrict coords, data.go.th)"
FL.BKP.01,flood,ถ.ลาดพร้าว แม็คโคร,,Bang Kapi,13.771,100.6475,High,"District identified from rain-network station name 'สำนักงานเขตบางกะปิ' sharing prefix BKP; coordinates = district centroid (mean of subdistrict coords, data.go.th)"
FL.BKP.02,flood,ถ.ศรีนครินทร์ หน้าบริษัทกรีนสปอร์ต,,Bang Kapi,13.771,100.6475,High,"District identified from rain-network station name 'สำนักงานเขตบางกะปิ' sharing prefix BKP; coordinates = district centroid (mean of subdistrict coords, data.go.th)"
FL.BKT.01,flood,ถ.บางขุนเทียน ชายทะเล ช่วงถ.พระรามที่ 2,,Bang Khun Thian,13.58,100.4145,High,"District identified from rain-network station name 'สำนักงานเขตบางขุนเทียน' sharing prefix BKT; coordinates = district centroid (mean of subdistrict coords, data.go.th)"
FL.BNA.01,flood,ถ.สุขุมวิท ช่วงกรมอุตุนิยมวิทยา,,Bang Na,13.672,100.616,High,"District identified from rain-network station name 'สำนักงานเขตบางนา' sharing prefix BNA; coordinates = district centroid (mean of subdistrict coords, data.go.th)"
FL.BNA.02,flood,ถ.ศรีนครินทร์ ช่วงวัดศรีเอี่ยม,,Bang Na,13.672,100.616,High,"District identified from rain-network station name 'สำนักงานเขตบางนา' sharing prefix BNA; coordinates = district centroid (mean of subdistrict coords, data.go.th)"
FL.BNA.03,flood,ถ.สุขุมวิท ช่วงแยกบางนา,,Bang Na,13.672,100.616,High,"District identified from rain-network station name 'สำนักงานเขตบางนา' sharing prefix BNA; coordinates = district centroid (mean of subdistrict coords, data.go.th)"
FL.BNA.04,flood,ถ.สุขุมวิท ช่วงแบริ่ง,,Bang Na,13.672,100.616,High,"District identified from rain-network station name 'สำนักงานเขตบางนา' sharing prefix BNA; coordinates = district centroid (mean of subdistrict coords, data.go.th)"
FL.BNA.05,flood,ถ.อุดมสุข ช่วงซอยอุดมสุข 1,,Bang Na,13.672,100.616,High,"District identified from rain-network station name 'สำนักงานเขตบางนา' sharing prefix BNA; coordinates = district centroid (mean of subdistrict coords, data.go.th)"
FL.BRK.01,flood,ถ.สุรวงศ์ ช่วงทางด่วน,,Bang Rak,13.728,100.5232,High,"District identified from rain-network station name 'สำนักงานเขตบางรัก' sharing prefix BRK; coordinates = district centroid (mean of subdistrict coords, data.go.th)"
FL.BRK.02,flood,ถ.สีลม ช่วงถนนคอนแวนต์,,Bang Rak,13.728,100.5232,High,"District identified from rain-network station name 'สำนักงานเขตบางรัก' sharing prefix BRK; coordinates = district centroid (mean of subdistrict coords, data.go.th)"
FL.BSU.01,flood,ถ.ประชาราษฏร์ แยกเตาปูน,,Bang Sue,13.82,100.529,High,"District identified from rain-network station name 'สำนักงานเขตบางซื่อ' sharing prefix BSU; coordinates = district centroid (mean of subdistrict coords, data.go.th)"
FL.CTC.01,flood,ถ.รัชดาภิเษก ช่วงแยกลาดพร้าว (หน้าธนาคารกรุงเทพ),,Chatuchak,13.826,100.565,Medium,"Station roads (Ratchadaphisek/Lat Phrao, Kamphaeng Phet 3, Kaset intersection, Sena Nikhom) are all in Chatuchak; coordinates = district centroid (mean of subdistrict coords, data.go.th)"
FL.CTC.02,flood,ถ.กำแพงเพชร 3,,Chatuchak,13.826,100.565,Medium,"Station roads (Ratchadaphisek/Lat Phrao, Kamphaeng Phet 3, Kaset intersection, Sena Nikhom) are all in Chatuchak; coordinates = district centroid (mean of subdistrict coords, data.go.th)"
FL.CTC.03,flood,ถ.พหลโยธิน ช่วงแยกเกษตร,,Chatuchak,13.826,100.565,Medium,"Station roads (Ratchadaphisek/Lat Phrao, Kamphaeng Phet 3, Kaset intersection, Sena Nikhom) are all in Chatuchak; coordinates = district centroid (mean of subdistrict coords, data.go.th)"
FL.CTC.04,flood,ถ.เทศบาลสงเคราะห์ ช่วงตลาดประชานิเวศน์,,Chatuchak,13.826,100.565,Medium,"Station roads (Ratchadaphisek/Lat Phrao, Kamphaeng Phet 3, Kaset intersection, Sena Nikhom) are all in Chatuchak; coordinates = district centroid (mean of subdistrict coords, data.go.th)"
FL.CTC.05,flood,ถ.พหลโยธิน หน้ากรมการขนส่งทางบก,,Chatuchak,13.826,100.565,Medium,"Station roads (Ratchadaphisek/Lat Phrao, Kamphaeng Phet 3, Kaset intersection, Sena Nikhom) are all in Chatuchak; coordinates = district centroid (mean of subdistrict coords, data.go.th)"
FL.CTC.06,flood,ถ.งามวงศ์วาน ช่วงแยกเกษตร,,Chatuchak,13.826,100.565,Medium,"Station roads (Ratchadaphisek/Lat Phrao, Kamphaeng Phet 3, Kaset intersection, Sena Nikhom) are all in Chatuchak; coordinates = district centroid (mean of subdistrict coords, data.go.th)"
FL.CTC.07,flood,ซ.เสนานิคม,,Chatuchak,13.826,100.565,Medium,"Station roads (Ratchadaphisek/Lat Phrao, Kamphaeng Phet 3, Kaset intersection, Sena Nikhom) are all in Chatuchak; coordinates = district centroid (mean of subdistrict coords, data.go.th)"
FL.DDG.01,flood,ถ.รัชดาภิเษก ช่วงแยกเทียมร่วมมิตร,,Din Daeng,13.778,100.567,Medium,"Station roads (Din Daeng Rd, Pracha Songkhro, Ratchadaphisek) are in Din Daeng; coordinates = district centroid (mean of subdistrict coords, data.go.th)"
FL.DDG.02,flood,ถ.ประชาสงเคราะห์ ตลาดห้วยขวาง,,Din Daeng,13.778,100.567,Medium,"Station roads (Din Daeng Rd, Pracha Songkhro, Ratchadaphisek) are in Din Daeng; coordinates = district centroid (mean of subdistrict coords, data.go.th)"
FL.DDG.03,flood,ถ.ดินแดง ซอยสุทธิพร 2,,Din Daeng,13.778,100.567,Medium,"Station roads (Din Daeng Rd, Pracha Songkhro, Ratchadaphisek) are in Din Daeng; coordinates = district centroid (mean of subdistrict coords, data.go.th)"
FL.DDG.04,flood,ถ.รัชดาภิเษก ช่วงคลองบางซื่อ,,Din Daeng,13.778,100.567,Medium,"Station roads (Din Daeng Rd, Pracha Songkhro, Ratchadaphisek) are in Din Daeng; coordinates = district centroid (mean of subdistrict coords, data.go.th)"
FL.DDG.05,flood,ถ.รัชดาภิเษก สถานฑูตจีน,,Din Daeng,13.778,100.567,Medium,"Station roads (Din Daeng Rd, Pracha Songkhro, Ratchadaphisek) are in Din Daeng; coordinates = district centroid (mean of subdistrict coords, data.go.th)"
FL.DDG.06,flood,ถ.ประชาสุข ซ.อินทามระ 53,,Din Daeng,13.778,100.567,Medium,"Station roads (Din Daeng Rd, Pracha Songkhro, Ratchadaphisek) are in Din Daeng; coordinates = district centroid (mean of subdistrict coords, data.go.th)"
FL.DDG.07,flood,ถ.วิภาวดี(ขาออก) ช่วงกรมทหารราบที่ 1,,Din Daeng,13.778,100.567,Medium,"Station roads (Din Daeng Rd, Pracha Songkhro, Ratchadaphisek) are in Din Daeng; coordinates = district centroid (mean of subdistrict coords, data.go.th)"
FL.DDG.08,flood,ถ.ดินแดง ช่วงโรงเรียนพิบูลประชาสรรค์,,Din Daeng,13.778,100.567,Medium,"Station roads (Din Daeng Rd, Pracha Songkhro, Ratchadaphisek) are in Din Daeng; coordinates = district centroid (mean of subdistrict coords, data.go.th)"
FL.DST.01,flood,ถ.พิษณุโลก ช่วงบ้านพิษณุโลก,,Dusit,13.7728,100.5154,High,"District identified from rain-network station name 'สำนักงานเขตดุสิต' sharing prefix DST; coordinates = district centroid (mean of subdistrict coords, data.go.th)"
FL.DST.02,flood,ถ.สามเสน ช่วงแยกเกียกกาย,,Dusit,13.7728,100.5154,High,"District identified from rain-network station name 'สำนักงานเขตดุสิต' sharing prefix DST; coordinates = district centroid (mean of subdistrict coords, data.go.th)"
FL.DST.03,flood,ถ.ศรีอยุธยา ลานพระราชวังดุสิต,,Dusit,13.7728,100.5154,High,"District identified from rain-network station name 'สำนักงานเขตดุสิต' sharing prefix DST; coordinates = district centroid (mean of subdistrict coords, data.go.th)"
FL.DST.04,flood,ถ.ราชสีมา แยกอู่ทองนอก,,Dusit,13.7728,100.5154,High,"District identified from rain-network station name 'สำนักงานเขตดุสิต' sharing prefix DST; coordinates = district centroid (mean of subdistrict coords, data.go.th)"
FL.DST.05,flood,ถ.นครไชยศรี (กรมสรรพสามิต),,Dusit,13.7728,100.5154,High,"District identified from rain-network station name 'สำนักงานเขตดุสิต' sharing prefix DST; coordinates = district centroid (mean of subdistrict coords, data.go.th)"
FL.DST.06,flood,ถ.ราชวิถี เชิงสะพานกรุงธนบุรี,,Dusit,13.7728,100.5154,High,"District identified from rain-network station name 'สำนักงานเขตดุสิต' sharing prefix DST; coordinates = district centroid (mean of subdistrict coords, data.go.th)"
FL.DST.07,flood,ถ.นครไชยศรี ช่วงตลาดศรีย่าน,,Dusit,13.7728,100.5154,High,"District identified from rain-network station name 'สำนักงานเขตดุสิต' sharing prefix DST; coordinates = district centroid (mean of subdistrict coords, data.go.th)"
FL.DST.08,flood,ถ.ราชวิถี หน้ามหาวิทยาลัยสวนดุสิต,,Dusit,13.7728,100.5154,High,"District identified from rain-network station name 'สำนักงานเขตดุสิต' sharing prefix DST; coordinates = district centroid (mean of subdistrict coords, data.go.th)"
FL.HKG.01,flood,ถ.เพชรบุรีตัดใหม่ ช่วงสิงห์คอมเพล็กซ์,,Huai Khwang,13.77233,100.58067,High,"District identified from rain-network station name 'สำนักงานเขตห้วยขวาง' sharing prefix HKG; coordinates = district centroid (mean of subdistrict coords, data.go.th)"
FL.JTG.01,flood,ถ.จอมทอง ช่วงแยกจอมทอง,,Chom Thong,13.69025,100.4655,High,"District identified from rain-network station name 'สำนักงานเขตจอมทอง' sharing prefix JTG; coordinates = district centroid (mean of subdistrict coords, data.go.th)"
FL.KSN.01,flood,ถ.ลาดหญ้า วงเวียนใหญ่,,Khlong San,13.7265,100.5025,High,"District identified from rain-network station name 'สำนักงานเขตคลองสาน' sharing prefix KSN; coordinates = district centroid (mean of subdistrict coords, data.go.th)"
FL.KTY.01,flood,ถ.พระรามที่ 3 ช่วงตลาดฮ่องกง-ปีนัง,,Khlong Toei,13.71333,100.57867,High,"District identified from rain-network station name 'สำนักงานเขตคลองเตย' sharing prefix KTY; coordinates = district centroid (mean of subdistrict coords, data.go.th)"
FL.KTY.02,flood,ซ.สุขุมวิท 22 (ด้านถนนพระรามที่ 4),,Khlong Toei,13.71333,100.57867,High,"District identified from rain-network station name 'สำนักงานเขตคลองเตย' sharing prefix KTY; coordinates = district centroid (mean of subdistrict coords, data.go.th)"
FL.KTY.03,flood,ถ.พระราม 3 ช่วงทางรถไฟ,,Khlong Toei,13.71333,100.57867,High,"District identified from rain-network station name 'สำนักงานเขตคลองเตย' sharing prefix KTY; coordinates = district centroid (mean of subdistrict coords, data.go.th)"
FL.KTY.04,flood,ถ.พระราม 4 ช่วงกล้วยน้ำไท,,Khlong Toei,13.71333,100.57867,High,"District identified from rain-network station name 'สำนักงานเขตคลองเตย' sharing prefix KTY; coordinates = district centroid (mean of subdistrict coords, data.go.th)"
FL.KTY.05,flood,ถ.สุนทรโกษา แยก ณ ระนอง,,Khlong Toei,13.71333,100.57867,High,"District identified from rain-network station name 'สำนักงานเขตคลองเตย' sharing prefix KTY; coordinates = district centroid (mean of subdistrict coords, data.go.th)"
FL.LSI.01,flood,ซ.แจ้งวัฒนะ 14,,Lak Si,13.877,100.572,High,"District identified from rain-network station name 'สำนักงานเขตหลักสี่' sharing prefix LSI; coordinates = district centroid (mean of subdistrict coords, data.go.th)"
FL.LSI.02,flood,ถ.งามวงศ์วาน แยกพงษ์เพชร,,Lak Si,13.877,100.572,High,"District identified from rain-network station name 'สำนักงานเขตหลักสี่' sharing prefix LSI; coordinates = district centroid (mean of subdistrict coords, data.go.th)"
FL.LSI.03,flood,ถ.แจ้งวัฒนะ หน้าศาลปกครองกลาง,,Lak Si,13.877,100.572,High,"District identified from rain-network station name 'สำนักงานเขตหลักสี่' sharing prefix LSI; coordinates = district centroid (mean of subdistrict coords, data.go.th)"
FL.LSI.04,flood,ถ.แจ้งวัฒนะขาเข้า (โลตัส),,Lak Si,13.877,100.572,High,"District identified from rain-network station name 'สำนักงานเขตหลักสี่' sharing prefix LSI; coordinates = district centroid (mean of subdistrict coords, data.go.th)"
FL.LSI.05,flood,ถ.แจ้งวัฒนะขาออก (มทบ. 11),,Lak Si,13.877,100.572,High,"District identified from rain-network station name 'สำนักงานเขตหลักสี่' sharing prefix LSI; coordinates = district centroid (mean of subdistrict coords, data.go.th)"
FL.LSI.06,flood,ถ.งามวงศ์วาน ซอยชินเขต,,Lak Si,13.877,100.572,High,"District identified from rain-network station name 'สำนักงานเขตหลักสี่' sharing prefix LSI; coordinates = district centroid (mean of subdistrict coords, data.go.th)"
FL.MBR.01,flood,ถ.สุวินทวงศ์ ช่วงแยกไปรษณีย์มีนบุรี,,Min Buri,13.808,100.7485,High,"District identified from rain-network station name 'สำนักงานเขตมีนบุรี' sharing prefix MBR; coordinates = district centroid (mean of subdistrict coords, data.go.th)"
FL.PKN.01,flood,ถ.สุขุมวิท ช่วงซอยสุขุมวิท 62,,Phra Khanong,13.692,100.626,High,"District identified from rain-network station name 'สำนักงานเขตพระโขนง' sharing prefix PKN; coordinates = district centroid (mean of subdistrict coords, data.go.th)"
FL.PNK.02,flood,ถ.วิสุทธิ์กษัตริย์  หน้าวัดอินทรวิหาร,,Phra Nakhon,13.75642,100.49925,High,"District identified from rain-network station name 'สำนักงานเขตพระนคร' sharing prefix PNK; coordinates = district centroid (mean of subdistrict coords, data.go.th)"
FL.PPS.01,flood,ถ.หลานหลวง หน้าธนาคารกรุงไทย,,Pom Prap Sattru Phai,13.7512,100.5114,High,"District identified from rain-network station name 'สำนักงานเขตป้อมปราบศัตรูพ่าย' sharing prefix PPS; coordinates = district centroid (mean of subdistrict coords, data.go.th)"
FL.PPS.02,flood,ถ.หลวง ช่วงวัดเทพศิรินทราวาส,,Pom Prap Sattru Phai,13.7512,100.5114,High,"District identified from rain-network station name 'สำนักงานเขตป้อมปราบศัตรูพ่าย' sharing prefix PPS; coordinates = district centroid (mean of subdistrict coords, data.go.th)"
FL.PTW.01,flood,ถ.พระรามที่ 1 ช่วงสนามกีฬาแห่งชาติ,,Pathum Wan,13.7405,100.53175,High,"District identified from rain-network station name 'สำนักงานเขตปทุมวัน' sharing prefix PTW; coordinates = district centroid (mean of subdistrict coords, data.go.th)"
FL.PTW.02,flood,ถ.พญาไท ช่วงมาบุญครอง,,Pathum Wan,13.7405,100.53175,High,"District identified from rain-network station name 'สำนักงานเขตปทุมวัน' sharing prefix PTW; coordinates = district centroid (mean of subdistrict coords, data.go.th)"
FL.PTW.03,flood,ถ.พระรามที่ 1 ช่วงวัดปทุมวนาราม,,Pathum Wan,13.7405,100.53175,High,"District identified from rain-network station name 'สำนักงานเขตปทุมวัน' sharing prefix PTW; coordinates = district centroid (mean of subdistrict coords, data.go.th)"
FL.PTW.04,flood,ถ.พระรามที่ 4 หน้าวัน แบงค็อก,,Pathum Wan,13.7405,100.53175,High,"District identified from rain-network station name 'สำนักงานเขตปทุมวัน' sharing prefix PTW; coordinates = district centroid (mean of subdistrict coords, data.go.th)"
FL.PTW.05,flood,ถ.ราชดำริ หน้าโรงพยาบาลตำรวจ,,Pathum Wan,13.7405,100.53175,High,"District identified from rain-network station name 'สำนักงานเขตปทุมวัน' sharing prefix PTW; coordinates = district centroid (mean of subdistrict coords, data.go.th)"
FL.PWT.01,flood,ถ.ศรีนครินทร์ ช่วงซีคอนสแควร์,,Prawet,13.69533,100.66967,High,"District identified from rain-network station name 'สำนักงานเขตประเวศ' sharing prefix PWT; coordinates = district centroid (mean of subdistrict coords, data.go.th)"
FL.PWT.02,flood,ถ.เฉลิมพระเกียรติ ร.9 ช่วงแยกศรีอุดม,,Prawet,13.69533,100.66967,High,"District identified from rain-network station name 'สำนักงานเขตประเวศ' sharing prefix PWT; coordinates = district centroid (mean of subdistrict coords, data.go.th)"
FL.PYT.01,flood,ถ.พหลโยธิน ช่วงหน้าสนามเป้า,,Phaya Thai,13.782,100.545,High,"District identified from rain-network station name 'สำนักงานเขตพญาไท' sharing prefix PYT; coordinates = district centroid (mean of subdistrict coords, data.go.th)"
FL.PYT.02,flood,ถ.พหลโยธิน ช่วงสะพานควาย,,Phaya Thai,13.782,100.545,High,"District identified from rain-network station name 'สำนักงานเขตพญาไท' sharing prefix PYT; coordinates = district centroid (mean of subdistrict coords, data.go.th)"
FL.PYT.03,flood,ถ.พระราม6 ช่วงทางด่วน,,Phaya Thai,13.782,100.545,High,"District identified from rain-network station name 'สำนักงานเขตพญาไท' sharing prefix PYT; coordinates = district centroid (mean of subdistrict coords, data.go.th)"
FL.PYT.04,flood,ถ.สุทธิสารวินิจฉัย ซอย 19,,Phaya Thai,13.782,100.545,High,"District identified from rain-network station name 'สำนักงานเขตพญาไท' sharing prefix PYT; coordinates = district centroid (mean of subdistrict coords, data.go.th)"
FL.PYT.05,flood,ถ.พหลโยธิน ช่วงซอยสายลม,,Phaya Thai,13.782,100.545,High,"District identified from rain-network station name 'สำนักงานเขตพญาไท' sharing prefix PYT; coordinates = district centroid (mean of subdistrict coords, data.go.th)"
FL.PYT.06,flood,ถ.ประดิพัทธ์ ช่วงสะพานควาย,,Phaya Thai,13.782,100.545,High,"District identified from rain-network station name 'สำนักงานเขตพญาไท' sharing prefix PYT; coordinates = district centroid (mean of subdistrict coords, data.go.th)"
FL.PYT.07,flood,ถ.พหลโยธิน  ช่วงห้างบิ๊กซีสะพานควาย,,Phaya Thai,13.782,100.545,High,"District identified from rain-network station name 'สำนักงานเขตพญาไท' sharing prefix PYT; coordinates = district centroid (mean of subdistrict coords, data.go.th)"
FL.RTW.01,flood,ถ.ศรีอยุธยา ช่วงถนนพญาไท,,Ratchathewi,13.756,100.53875,High,"District identified from rain-network station name 'สำนักงานเขตราชเทวี' sharing prefix RTW; coordinates = district centroid (mean of subdistrict coords, data.go.th)"
FL.RTW.02,flood,ถ.เพชรบุรี ช่วงหน้าดอนบอสโก,,Ratchathewi,13.756,100.53875,High,"District identified from rain-network station name 'สำนักงานเขตราชเทวี' sharing prefix RTW; coordinates = district centroid (mean of subdistrict coords, data.go.th)"
FL.RTW.03,flood,ถ.เพชรบุรี ช่วงหน้าเมโทร,,Ratchathewi,13.756,100.53875,High,"District identified from rain-network station name 'สำนักงานเขตราชเทวี' sharing prefix RTW; coordinates = district centroid (mean of subdistrict coords, data.go.th)"
FL.RTW.04,flood,ถ.พญาไท ช่วงกรมปศุสัตว์,,Ratchathewi,13.756,100.53875,High,"District identified from rain-network station name 'สำนักงานเขตราชเทวี' sharing prefix RTW; coordinates = district centroid (mean of subdistrict coords, data.go.th)"
FL.RTW.05,flood,ถ.พระรามที่ 6 ช่วงตลาดประแจจีน,,Ratchathewi,13.756,100.53875,High,"District identified from rain-network station name 'สำนักงานเขตราชเทวี' sharing prefix RTW; coordinates = district centroid (mean of subdistrict coords, data.go.th)"
FL.RTW.06,flood,ถ.ราชวิถี ช่วงสวนสันติภาพ,,Ratchathewi,13.756,100.53875,High,"District identified from rain-network station name 'สำนักงานเขตราชเทวี' sharing prefix RTW; coordinates = district centroid (mean of subdistrict coords, data.go.th)"
FL.RTW.07,flood,ถ.ศรีอยุธยา ช่วงโรงเรียนสันติราษฏร์วิทยาลัย,,Ratchathewi,13.756,100.53875,High,"District identified from rain-network station name 'สำนักงานเขตราชเทวี' sharing prefix RTW; coordinates = district centroid (mean of subdistrict coords, data.go.th)"
FL.RTW.08,flood,ถ.นิคมมักกะสัน แยกราชปรารภ,,Ratchathewi,13.756,100.53875,High,"District identified from rain-network station name 'สำนักงานเขตราชเทวี' sharing prefix RTW; coordinates = district centroid (mean of subdistrict coords, data.go.th)"
FL.RTW.09,flood,ถ.บรรทัดทอง ช่วงถนนเพชรบุรี,,Ratchathewi,13.756,100.53875,High,"District identified from rain-network station name 'สำนักงานเขตราชเทวี' sharing prefix RTW; coordinates = district centroid (mean of subdistrict coords, data.go.th)"
FL.RTW.10,flood,ถ.ศรีอยุธยา ช่วงโรงเรียนศรีอยุธยา,,Ratchathewi,13.756,100.53875,High,"District identified from rain-network station name 'สำนักงานเขตราชเทวี' sharing prefix RTW; coordinates = district centroid (mean of subdistrict coords, data.go.th)"
FL.RTW.11,flood,ถ.พระรามที่ 6 ช่วงพิพิธภัณฑ์กรมทางหลวง,,Ratchathewi,13.756,100.53875,High,"District identified from rain-network station name 'สำนักงานเขตราชเทวี' sharing prefix RTW; coordinates = district centroid (mean of subdistrict coords, data.go.th)"
FL.RTW.12,flood,ถ.พระรามที่ 6 ช่วงกองการพัสดุ กรมทางหลวง,,Ratchathewi,13.756,100.53875,High,"District identified from rain-network station name 'สำนักงานเขตราชเทวี' sharing prefix RTW; coordinates = district centroid (mean of subdistrict coords, data.go.th)"
FL.SLG.01,flood,ถ.พัฒนาการ แยกศรีนครินทร์,,Suan Luang,13.726,100.628,High,"District identified from rain-network station name 'สำนักงานเขตสวนหลวง' sharing prefix SLG; coordinates = district centroid (mean of subdistrict coords, data.go.th)"
FL.SLG.02,flood,ถ.รามคำแหง ซอย 3,,Suan Luang,13.726,100.628,High,"District identified from rain-network station name 'สำนักงานเขตสวนหลวง' sharing prefix SLG; coordinates = district centroid (mean of subdistrict coords, data.go.th)"
FL.SLG.03,flood,ถ.พัฒนาการ ช่วงธนาคารกรุงไทย ,,Suan Luang,13.726,100.628,High,"District identified from rain-network station name 'สำนักงานเขตสวนหลวง' sharing prefix SLG; coordinates = district centroid (mean of subdistrict coords, data.go.th)"
FL.SMI.01,flood,ถ.พหลโยธิน ช่วงซอยพหลโยธิน 60/1,,Sai Mai,13.905,100.652,High,"District identified from rain-network station name 'สำนักงานเขตสายไหม' sharing prefix SMI; coordinates = district centroid (mean of subdistrict coords, data.go.th)"
FL.SPW.01,flood,ถ.เจริญกรุง แยกแปลงนาม,,Samphanthawong,13.738,100.50933,Medium,"Yaowarat / Charoen Krung stations = Samphanthawong (Chinatown); coordinates = district centroid (mean of subdistrict coords, data.go.th)"
FL.SPW.02,flood,ถ.เยาวราช ช่วงแยกราชวงศ์,,Samphanthawong,13.738,100.50933,Medium,"Yaowarat / Charoen Krung stations = Samphanthawong (Chinatown); coordinates = district centroid (mean of subdistrict coords, data.go.th)"
FL.STN.01,flood,ถ.จันทน์ ซอย 28/2,,Sathon,13.714,100.529,High,"District identified from rain-network station name 'สำนักงานเขตสาทร' sharing prefix STN; coordinates = district centroid (mean of subdistrict coords, data.go.th)"
FL.STN.02,flood,ถ.เซนต์หลุยส์ 3,,Sathon,13.714,100.529,High,"District identified from rain-network station name 'สำนักงานเขตสาทร' sharing prefix STN; coordinates = district centroid (mean of subdistrict coords, data.go.th)"
FL.STN.03,flood,ถ.สาธุประดิษฐ์ ซอย 2,,Sathon,13.714,100.529,High,"District identified from rain-network station name 'สำนักงานเขตสาทร' sharing prefix STN; coordinates = district centroid (mean of subdistrict coords, data.go.th)"
FL.STN.04,flood,ถ.สวนพลู ช่วงตลาดสวนพลู,,Sathon,13.714,100.529,High,"District identified from rain-network station name 'สำนักงานเขตสาทร' sharing prefix STN; coordinates = district centroid (mean of subdistrict coords, data.go.th)"
FL.WTL.01,flood,ถ.ลาดพร้าว ช่วงตัดถนนประดิษฐ์มนูธรรม,,Wang Thonglang,13.779,100.609,High,"District identified from rain-network station name 'สำนักงานเขตวังทองหลาง' sharing prefix WTL; coordinates = district centroid (mean of subdistrict coords, data.go.th)"
FL.WTL.02,flood,ถ.ลาดพร้าว ช่วงซอยลาดพร้าว 89,,Wang Thonglang,13.779,100.609,High,"District identified from rain-network station name 'สำนักงานเขตวังทองหลาง' sharing prefix WTL; coordinates = district centroid (mean of subdistrict coords, data.go.th)"
FL.WTL.03,flood,ซ.รามคำแหง 43/1,,Wang Thonglang,13.779,100.609,High,"District identified from rain-network station name 'สำนักงานเขตวังทองหลาง' sharing prefix WTL; coordinates = district centroid (mean of subdistrict coords, data.go.th)"
FL.WTL.04,flood,ซ.รามคำแหง 65 (ซอยมหาดไทย),,Wang Thonglang,13.779,100.609,High,"District identified from rain-network station name 'สำนักงานเขตวังทองหลาง' sharing prefix WTL; coordinates = district centroid (mean of subdistrict coords, data.go.th)"
FL.WTN.01,flood,ซ.สุขุมวิท 39 (ซอยพร้อมพงษ์),,Watthana,13.73267,100.57733,High,"District identified from rain-network station name 'สำนักงานเขตวัฒนา' sharing prefix WTN; coordinates = district centroid (mean of subdistrict coords, data.go.th)"
FL.WTN.02,flood,ถ.อโศกมนตรี ช่วงแยกชิโนไทย,,Watthana,13.73267,100.57733,High,"District identified from rain-network station name 'สำนักงานเขตวัฒนา' sharing prefix WTN; coordinates = district centroid (mean of subdistrict coords, data.go.th)"
FL.WTN.03,flood,ถ.สุขุมวิท 71 ช่วงซอยปรีดีพนมยงค์ 20,,Watthana,13.73267,100.57733,High,"District identified from rain-network station name 'สำนักงานเขตวัฒนา' sharing prefix WTN; coordinates = district centroid (mean of subdistrict coords, data.go.th)"
RF.BBN.01,rain,สำนักงานเขตบางบอน,,Bang Bon,13.646,100.37,High,"Explicit ""สำนักงานเขตบางบอน"" (Bang Bon District Office) in station name; coordinates = district centroid (mean of subdistrict coords, data.go.th)"
RF.BBN.02,rain,จุดวัดคลองบางบอน ตอนคลองสะแกงาม,,Bang Bon,13.646,100.37,High,"District identified from rain-network station name 'สำนักงานเขตบางบอน' sharing prefix BBN; coordinates = district centroid (mean of subdistrict coords, data.go.th)"
RF.BKA.01,rain,สำนักงานเขตบางเขน,,Bang Khen,13.867,100.628,High,"Explicit ""สำนักงานเขตบางเขน"" (Bang Khen District Office) in station name; coordinates = district centroid (mean of subdistrict coords, data.go.th)"
RF.BKA.02,rain,จุดวัดคลองบางบัว,,Bang Khen,13.867,100.628,High,"District identified from rain-network station name 'สำนักงานเขตบางเขน' sharing prefix BKA; coordinates = district centroid (mean of subdistrict coords, data.go.th)"
RF.BKE.01,rain,สำนักงานเขตบางแค,,Bang Khae,13.7105,100.3975,High,"Explicit ""สำนักงานเขตบางแค"" (Bang Khae District Office) in station name; coordinates = district centroid (mean of subdistrict coords, data.go.th)"
RF.BKE.02,rain,จุดวัดคลองราชมนตรี ตอนคลองภาษีเจริญ,,Bang Khae,13.7105,100.3975,High,"District identified from rain-network station name 'สำนักงานเขตบางแค' sharing prefix BKE; coordinates = district centroid (mean of subdistrict coords, data.go.th)"
RF.BKE.03,rain,สถานีสูบน้ำคลองบางจาก,,Bang Khae,13.7105,100.3975,High,"District identified from rain-network station name 'สำนักงานเขตบางแค' sharing prefix BKE; coordinates = district centroid (mean of subdistrict coords, data.go.th)"
RF.BKE.04,rain,บ่อสูบน้ำหมู่บ้านเศรษฐกิจ ซอย 26,,Bang Khae,13.7105,100.3975,High,"District identified from rain-network station name 'สำนักงานเขตบางแค' sharing prefix BKE; coordinates = district centroid (mean of subdistrict coords, data.go.th)"
RF.BKL.01,rain,สำนักงานเขตบางคอแหลม,,Bang Kho Laem,13.69867,100.506,High,"Explicit ""สำนักงานเขตบางคอแหลม"" (Bang Kho Laem District Office) in station name; coordinates = district centroid (mean of subdistrict coords, data.go.th)"
RF.BKL.02,rain,สถานีสูบน้ำ คลองวัดไทร,,Bang Kho Laem,13.69867,100.506,High,"District identified from rain-network station name 'สำนักงานเขตบางคอแหลม' sharing prefix BKL; coordinates = district centroid (mean of subdistrict coords, data.go.th)"
RF.BKM.01,rain,สำนักงานเขตบึงกุ่ม,,Bueng Kum,13.808,100.65,High,"Explicit ""สำนักงานเขตบึงกุ่ม"" (Bueng Kum District Office) in station name; coordinates = district centroid (mean of subdistrict coords, data.go.th)"
RF.BKN.01,rain,สำนักงานเขตบางกอกน้อย,,Bangkok Noi,13.7634,100.4728,High,"Explicit ""สำนักงานเขตบางกอกน้อย"" (Bangkok Noi District Office) in station name; coordinates = district centroid (mean of subdistrict coords, data.go.th)"
RF.BKN.02,rain,สถานีสูบน้ำ คลองมอญ,,Bangkok Noi,13.7634,100.4728,High,"District identified from rain-network station name 'สำนักงานเขตบางกอกน้อย' sharing prefix BKN; coordinates = district centroid (mean of subdistrict coords, data.go.th)"
RF.BKP.02,rain,จุดวัดคลองแสนแสบ ตอนสำนักงานเขตบางกะปิ,,Bang Kapi,13.771,100.6475,High,"Explicit ""สำนักงานเขตบางกะปิ"" (Bang Kapi District Office) in station name; coordinates = district centroid (mean of subdistrict coords, data.go.th)"
RF.BKT.01,rain,สำนักงานเขตบางขุนเทียน,,Bang Khun Thian,13.58,100.4145,High,"Explicit ""สำนักงานเขตบางขุนเทียน"" (Bang Khun Thian District Office) in station name; coordinates = district centroid (mean of subdistrict coords, data.go.th)"
RF.BKT.02,rain,สถานีสูบน้ำ คลองเลนเปน,,Bang Khun Thian,13.58,100.4145,High,"District identified from rain-network station name 'สำนักงานเขตบางขุนเทียน' sharing prefix BKT; coordinates = district centroid (mean of subdistrict coords, data.go.th)"
RF.BKT.03,rain,สถานีสูบน้ำ คลองระหาญ,,Bang Khun Thian,13.58,100.4145,High,"District identified from rain-network station name 'สำนักงานเขตบางขุนเทียน' sharing prefix BKT; coordinates = district centroid (mean of subdistrict coords, data.go.th)"
RF.BKT.04,rain,สถานีสูบน้ำ คลองพระยาราชมนตรี,,Bang Khun Thian,13.58,100.4145,High,"District identified from rain-network station name 'สำนักงานเขตบางขุนเทียน' sharing prefix BKT; coordinates = district centroid (mean of subdistrict coords, data.go.th)"
RF.BKT.05,rain,สถานีสูบน้ำ คลองสนามชัย,,Bang Khun Thian,13.58,100.4145,High,"District identified from rain-network station name 'สำนักงานเขตบางขุนเทียน' sharing prefix BKT; coordinates = district centroid (mean of subdistrict coords, data.go.th)"
RF.BKY.01,rain,สำนักงานเขตบางกอกใหญ่,,Bangkok Yai,13.738,100.4805,High,"Explicit ""สำนักงานเขตบางกอกใหญ่"" (Bangkok Yai District Office) in station name; coordinates = district centroid (mean of subdistrict coords, data.go.th)"
RF.BKY.02,rain,สถานีสูบน้ำ คลองบางกอกใหญ่,,Bangkok Yai,13.738,100.4805,High,"District identified from rain-network station name 'สำนักงานเขตบางกอกใหญ่' sharing prefix BKY; coordinates = district centroid (mean of subdistrict coords, data.go.th)"
RF.BNA.01,rain,สำนักงานเขตบางนา,,Bang Na,13.672,100.616,High,"Explicit ""สำนักงานเขตบางนา"" (Bang Na District Office) in station name; coordinates = district centroid (mean of subdistrict coords, data.go.th)"
RF.BNA.02,rain,สถานีสูบน้ำ บางนา,,Bang Na,13.672,100.616,High,"District identified from rain-network station name 'สำนักงานเขตบางนา' sharing prefix BNA; coordinates = district centroid (mean of subdistrict coords, data.go.th)"
RF.BNA.03,rain,จุดวัดคลองบางนา ตอนถนนศรีนครินทร์,,Bang Na,13.672,100.616,High,"District identified from rain-network station name 'สำนักงานเขตบางนา' sharing prefix BNA; coordinates = district centroid (mean of subdistrict coords, data.go.th)"
RF.BPD.01,rain,สำนักงานเขตบางพลัด,,Bang Phlat,13.787,100.49325,High,"Explicit ""สำนักงานเขตบางพลัด"" (Bang Phlat District Office) in station name; coordinates = district centroid (mean of subdistrict coords, data.go.th)"
RF.BRK.01,rain,สำนักงานเขตบางรัก,,Bang Rak,13.728,100.5232,High,"Explicit ""สำนักงานเขตบางรัก"" (Bang Rak District Office) in station name; coordinates = district centroid (mean of subdistrict coords, data.go.th)"
RF.BRK.02,rain,สถานีสูบน้ำ กรุงเกษม,,Bang Rak,13.728,100.5232,High,"District identified from rain-network station name 'สำนักงานเขตบางรัก' sharing prefix BRK; coordinates = district centroid (mean of subdistrict coords, data.go.th)"
RF.BSU.01,rain,สำนักงานเขตบางซื่อ,,Bang Sue,13.82,100.529,High,"Explicit ""สำนักงานเขตบางซื่อ"" (Bang Sue District Office) in station name; coordinates = district centroid (mean of subdistrict coords, data.go.th)"
RF.BSU.02,rain,สถานีสูบน้ำ คลองบางเขนใหม่,,Bang Sue,13.82,100.529,High,"District identified from rain-network station name 'สำนักงานเขตบางซื่อ' sharing prefix BSU; coordinates = district centroid (mean of subdistrict coords, data.go.th)"
RF.BSU.03,rain,สถานีสูบน้ำ คลองบางซื่อ,,Bang Sue,13.82,100.529,High,"District identified from rain-network station name 'สำนักงานเขตบางซื่อ' sharing prefix BSU; coordinates = district centroid (mean of subdistrict coords, data.go.th)"
RF.BSU.04,rain,บ่อสูบน้ำสะพานขวา ถนนประชาราษฎร์ สาย 2,,Bang Sue,13.82,100.529,High,"District identified from rain-network station name 'สำนักงานเขตบางซื่อ' sharing prefix BSU; coordinates = district centroid (mean of subdistrict coords, data.go.th)"
RF.CTC.01,rain,บ่อสูบน้ำศาลอาญา ถนนรัชดาภิเษก,,Chatuchak,13.826,100.565,Medium,"Station roads (Ratchadaphisek/Lat Phrao, Kamphaeng Phet 3, Kaset intersection, Sena Nikhom) are all in Chatuchak; coordinates = district centroid (mean of subdistrict coords, data.go.th)"
RF.CTC.02,rain,สถานีสูบน้ำ รัชดา-วิภาวดี,,Chatuchak,13.826,100.565,Medium,"Station roads (Ratchadaphisek/Lat Phrao, Kamphaeng Phet 3, Kaset intersection, Sena Nikhom) are all in Chatuchak; coordinates = district centroid (mean of subdistrict coords, data.go.th)"
RF.CTC.03,rain,จุดวัดถนนเทศบาลสงเคราะห์,,Chatuchak,13.826,100.565,Medium,"Station roads (Ratchadaphisek/Lat Phrao, Kamphaeng Phet 3, Kaset intersection, Sena Nikhom) are all in Chatuchak; coordinates = district centroid (mean of subdistrict coords, data.go.th)"
RF.DDG.02,rain,ศูนย์ควบคุมระบบป้องกันน้ำท่วมกรุงเทพมหานคร สำนักการระบายน้ำ,,Din Daeng,13.778,100.567,Medium,"Station roads (Din Daeng Rd, Pracha Songkhro, Ratchadaphisek) are in Din Daeng; coordinates = district centroid (mean of subdistrict coords, data.go.th)"
RF.DMG.01,rain,สำนักงานเขตดอนเมือง,,Don Mueang,13.925,100.593,High,"Explicit ""สำนักงานเขตดอนเมือง"" (Don Mueang District Office) in station name; coordinates = district centroid (mean of subdistrict coords, data.go.th)"
RF.DST.01,rain,สำนักงานเขตดุสิต,,Dusit,13.7728,100.5154,High,"Explicit ""สำนักงานเขตดุสิต"" (Dusit District Office) in station name; coordinates = district centroid (mean of subdistrict coords, data.go.th)"
RF.DST.02,rain,สถานีสูบน้ำ สามเสน,,Dusit,13.7728,100.5154,High,"District identified from rain-network station name 'สำนักงานเขตดุสิต' sharing prefix DST; coordinates = district centroid (mean of subdistrict coords, data.go.th)"
RF.HKG.01,rain,สำนักงานเขตห้วยขวาง,,Huai Khwang,13.77233,100.58067,High,"Explicit ""สำนักงานเขตห้วยขวาง"" (Huai Khwang District Office) in station name; coordinates = district centroid (mean of subdistrict coords, data.go.th)"
RF.HKG.02,rain,สถานีสูบน้ำ สามเสน ตอนคลองแสนแสบ,,Huai Khwang,13.77233,100.58067,High,"District identified from rain-network station name 'สำนักงานเขตห้วยขวาง' sharing prefix HKG; coordinates = district centroid (mean of subdistrict coords, data.go.th)"
RF.JTG.01,rain,สำนักงานเขตจอมทอง,,Chom Thong,13.69025,100.4655,High,"Explicit ""สำนักงานเขตจอมทอง"" (Chom Thong District Office) in station name; coordinates = district centroid (mean of subdistrict coords, data.go.th)"
RF.JTG.02,rain,จุดวัดคลองสนามชัย ตอนคลองบางขุนเทียน,,Chom Thong,13.69025,100.4655,High,"District identified from rain-network station name 'สำนักงานเขตจอมทอง' sharing prefix JTG; coordinates = district centroid (mean of subdistrict coords, data.go.th)"
RF.JTG.03,rain,สถานีสูบน้ำ คลองสี่บาท,,Chom Thong,13.69025,100.4655,High,"District identified from rain-network station name 'สำนักงานเขตจอมทอง' sharing prefix JTG; coordinates = district centroid (mean of subdistrict coords, data.go.th)"
RF.KNY.02,rain,จุดวัดคลองลำชะล่า ตอนถนนนวมินทร์,,,,,Unresolved,Canal-coded prefix; district not decodable from station name alone
RF.KSN.01,rain,สำนักงานเขตคลองสาน,,Khlong San,13.7265,100.5025,High,"Explicit ""สำนักงานเขตคลองสาน"" (Khlong San District Office) in station name; coordinates = district centroid (mean of subdistrict coords, data.go.th)"
RF.KSN.02,rain,สถานีสูบน้ำ คลองบางไส้ไก่,,Khlong San,13.7265,100.5025,High,"District identified from rain-network station name 'สำนักงานเขตคลองสาน' sharing prefix KSN; coordinates = district centroid (mean of subdistrict coords, data.go.th)"
RF.KSW.01,rain,สำนักงานเขตคลองสามวา,,Khlong Sam Wa,13.8678,100.7398,High,"Explicit ""สำนักงานเขตคลองสามวา"" (Khlong Sam Wa District Office) in station name; coordinates = district centroid (mean of subdistrict coords, data.go.th)"
RF.KSW.02,rain,ประตูระบายน้ำ คลองสามวา,,Khlong Sam Wa,13.8678,100.7398,High,"District identified from rain-network station name 'สำนักงานเขตคลองสามวา' sharing prefix KSW; coordinates = district centroid (mean of subdistrict coords, data.go.th)"
RF.KSW.03,rain,จุดวัดคลองเก้า ตอนวัดศรีสุขสถาพร,,Khlong Sam Wa,13.8678,100.7398,High,"District identified from rain-network station name 'สำนักงานเขตคลองสามวา' sharing prefix KSW; coordinates = district centroid (mean of subdistrict coords, data.go.th)"
RF.KTY.01,rain,สำนักงานเขตคลองเตย,,Khlong Toei,13.71333,100.57867,High,"Explicit ""สำนักงานเขตคลองเตย"" (Khlong Toei District Office) in station name; coordinates = district centroid (mean of subdistrict coords, data.go.th)"
RF.KTY.02,rain,สถานีสูบน้ำ พระราม 4,,Khlong Toei,13.71333,100.57867,High,"District identified from rain-network station name 'สำนักงานเขตคลองเตย' sharing prefix KTY; coordinates = district centroid (mean of subdistrict coords, data.go.th)"
RF.KTY.03,rain,สถานีสูบน้ำ พระโขนง,,Khlong Toei,13.71333,100.57867,High,"District identified from rain-network station name 'สำนักงานเขตคลองเตย' sharing prefix KTY; coordinates = district centroid (mean of subdistrict coords, data.go.th)"
RF.KTY.04,rain,สถานีสูบน้ำ คลองเตย,,Khlong Toei,13.71333,100.57867,High,"District identified from rain-network station name 'สำนักงานเขตคลองเตย' sharing prefix KTY; coordinates = district centroid (mean of subdistrict coords, data.go.th)"
RF.KTY.05,rain,สถานีวัดน้ำฝน อุทยานเบญจสิริ,,Khlong Toei,13.71333,100.57867,High,"District identified from rain-network station name 'สำนักงานเขตคลองเตย' sharing prefix KTY; coordinates = district centroid (mean of subdistrict coords, data.go.th)"
RF.LKB.02,rain,ประตูระบายน้ำ คลองประเวศบุรีรมย์ ตอนลาดกระบัง,,Lat Krabang,13.743,100.78917,Medium,district name 'ลาดกระบัง' appears in station name; Lat Krabang; coords = centroid (data.go.th); assigned after prefix-collision audit
RF.LKB.03,rain,จุดวัดคลองประเวศบุรีรมย์ ตอน รพ.ลาดกระบัง,,Lat Krabang,13.743,100.78917,Medium,district name 'ลาดกระบัง' appears in station name; Lat Krabang; coords = centroid (data.go.th); assigned after prefix-collision audit
RF.LKB.04,rain,จุดวัดคลองประเวศบุรีรมย์ ตอนถนนร่วมพัฒนา,,Prawet,13.69533,100.66967,Medium,district name 'ประเวศ' appears in station name; Prawet; coords = centroid (data.go.th); assigned after prefix-collision audit
RF.LPW.01,rain,สำนักงานเขตลาดพร้าว,,Lat Phrao,13.8255,100.606,High,"Explicit ""สำนักงานเขตลาดพร้าว"" (Lat Phrao District Office) in station name; coordinates = district centroid (mean of subdistrict coords, data.go.th)"
RF.LSI.01,rain,สำนักงานเขตหลักสี่,,Lak Si,13.877,100.572,High,"Explicit ""สำนักงานเขตหลักสี่"" (Lak Si District Office) in station name; coordinates = district centroid (mean of subdistrict coords, data.go.th)"
RF.LSI.02,rain,สถานีสูบน้ำ คลองตาอูฐ,,Lak Si,13.877,100.572,High,"District identified from rain-network station name 'สำนักงานเขตหลักสี่' sharing prefix LSI; coordinates = district centroid (mean of subdistrict coords, data.go.th)"
RF.LSI.03,rain,จุดวัดศูนย์ราชการ-ถนนแจ้งวัฒนะ,,Lak Si,13.877,100.572,High,"District identified from rain-network station name 'สำนักงานเขตหลักสี่' sharing prefix LSI; coordinates = district centroid (mean of subdistrict coords, data.go.th)"
RF.MBR.01,rain,สำนักงานเขตมีนบุรี,,Min Buri,13.808,100.7485,High,"Explicit ""สำนักงานเขตมีนบุรี"" (Min Buri District Office) in station name; coordinates = district centroid (mean of subdistrict coords, data.go.th)"
RF.MBR.02,rain,ประตูระบายน้ำ คลองแสนแสบ ตอนถนนประชาร่วมใจ,,Min Buri,13.808,100.7485,High,"District identified from rain-network station name 'สำนักงานเขตมีนบุรี' sharing prefix MBR; coordinates = district centroid (mean of subdistrict coords, data.go.th)"
RF.MBR.03,rain,ประตูระบายน้ำ คลองบึงขวาง,,Min Buri,13.808,100.7485,High,"District identified from rain-network station name 'สำนักงานเขตมีนบุรี' sharing prefix MBR; coordinates = district centroid (mean of subdistrict coords, data.go.th)"
RF.MBR.05,rain,จุดวัดคลองบึงใหญ่ ตอนวัดทองสัมฤทธิ์,,Min Buri,13.808,100.7485,High,"District identified from rain-network station name 'สำนักงานเขตมีนบุรี' sharing prefix MBR; coordinates = district centroid (mean of subdistrict coords, data.go.th)"
RF.NJK.01,rain,สำนักงานเขตหนองจอก,,Nong Chok,13.85125,100.85612,High,"Explicit ""สำนักงานเขตหนองจอก"" (Nong Chok District Office) in station name; coordinates = district centroid (mean of subdistrict coords, data.go.th)"
RF.NJK.02,rain,สถานีสูบน้ำ คลองแสนแสบ หนองจอก,,Nong Chok,13.85125,100.85612,High,"District identified from rain-network station name 'สำนักงานเขตหนองจอก' sharing prefix NJK; coordinates = district centroid (mean of subdistrict coords, data.go.th)"
RF.NJK.03,rain,จุดวัดคลองสิบสอง ตอนถนนประชาสำราญ,,Nong Chok,13.85125,100.85612,High,"District identified from rain-network station name 'สำนักงานเขตหนองจอก' sharing prefix NJK; coordinates = district centroid (mean of subdistrict coords, data.go.th)"
RF.NJK.04,rain,ประตูระบายน้ำ คลองสิบสาม,,Nong Chok,13.85125,100.85612,High,"District identified from rain-network station name 'สำนักงานเขตหนองจอก' sharing prefix NJK; coordinates = district centroid (mean of subdistrict coords, data.go.th)"
RF.NJK.05,rain,ประตูระบายน้ำ คลองหลวงแพ่ง,,Nong Chok,13.85125,100.85612,High,"District identified from rain-network station name 'สำนักงานเขตหนองจอก' sharing prefix NJK; coordinates = district centroid (mean of subdistrict coords, data.go.th)"
RF.NJK.06,rain,จุดวัดคลองลำผักชี ตอนโรงเรียนลำผักชี,,Nong Chok,13.85125,100.85612,High,"District identified from rain-network station name 'สำนักงานเขตหนองจอก' sharing prefix NJK; coordinates = district centroid (mean of subdistrict coords, data.go.th)"
RF.NJK.07,rain,จุดวัดคลองแสนแสบ ตอนวัดทรัพย์สโมสรนิกรเกษม,,Nong Chok,13.85125,100.85612,High,"District identified from rain-network station name 'สำนักงานเขตหนองจอก' sharing prefix NJK; coordinates = district centroid (mean of subdistrict coords, data.go.th)"
RF.NKM.01,rain,สำนักงานเขตหนองแขม,,Nong Khaem,13.697,100.3545,High,"Explicit ""สำนักงานเขตหนองแขม"" (Nong Khaem District Office) in station name; coordinates = district centroid (mean of subdistrict coords, data.go.th)"
RF.NKM.02,rain,จุดวัดคลองทวีวัฒนา ตอนคลองภาษีเจริญ,,Nong Khaem,13.697,100.3545,High,"District identified from rain-network station name 'สำนักงานเขตหนองแขม' sharing prefix NKM; coordinates = district centroid (mean of subdistrict coords, data.go.th)"
RF.NKM.03,rain,จุดวัดคลองภาษีเจริญ ตอนคลองมหาศร,,Nong Khaem,13.697,100.3545,High,"District identified from rain-network station name 'สำนักงานเขตหนองแขม' sharing prefix NKM; coordinates = district centroid (mean of subdistrict coords, data.go.th)"
RF.PKN.01,rain,สำนักงานเขตพระโขนง,,Phra Khanong,13.692,100.626,High,"Explicit ""สำนักงานเขตพระโขนง"" (Phra Khanong District Office) in station name; coordinates = district centroid (mean of subdistrict coords, data.go.th)"
RF.PKN.02,rain,สถานีสูบน้ำ คลองเจ็ก,,Phra Khanong,13.692,100.626,High,"District identified from rain-network station name 'สำนักงานเขตพระโขนง' sharing prefix PKN; coordinates = district centroid (mean of subdistrict coords, data.go.th)"
RF.PKN.03,rain,สถานีสูบน้ำ บางอ้อ,,Phra Khanong,13.692,100.626,High,"District identified from rain-network station name 'สำนักงานเขตพระโขนง' sharing prefix PKN; coordinates = district centroid (mean of subdistrict coords, data.go.th)"
RF.PKN.04,rain,สถานีสูบน้ำ บางจาก,,Phra Khanong,13.692,100.626,High,"District identified from rain-network station name 'สำนักงานเขตพระโขนง' sharing prefix PKN; coordinates = district centroid (mean of subdistrict coords, data.go.th)"
RF.PNK.01,rain,สำนักงานเขตพระนคร,,Phra Nakhon,13.75642,100.49925,High,"Explicit ""สำนักงานเขตพระนคร"" (Phra Nakhon District Office) in station name; coordinates = district centroid (mean of subdistrict coords, data.go.th)"
RF.PNK.02,rain,สถานีสูบน้ำ เทเวศร์,,Phra Nakhon,13.75642,100.49925,High,"District identified from rain-network station name 'สำนักงานเขตพระนคร' sharing prefix PNK; coordinates = district centroid (mean of subdistrict coords, data.go.th)"
RF.PNK.03,rain,ปากคลองตลาด,,Phra Nakhon,13.75642,100.49925,High,"District identified from rain-network station name 'สำนักงานเขตพระนคร' sharing prefix PNK; coordinates = district centroid (mean of subdistrict coords, data.go.th)"
RF.PPS.01,rain,สำนักงานเขตป้อมปราบศัตรูพ่าย,,Pom Prap Sattru Phai,13.7512,100.5114,High,"Explicit ""สำนักงานเขตป้อมปราบศัตรูพ่าย"" (Pom Prap Sattru Phai District Office) in station name; coordinates = district centroid (mean of subdistrict coords, data.go.th)"
RF.PSC.01,rain,สำนักงานเขตภาษีเจริญ,,Phasi Charoen,13.72671,100.44557,High,"Explicit ""สำนักงานเขตภาษีเจริญ"" (Phasi Charoen District Office) in station name; coordinates = district centroid (mean of subdistrict coords, data.go.th)"
RF.PSC.03,rain,จุดวัดคลองบางเชือกหนัง ตอนถนนพุทธมณฑลสาย 1,,Phasi Charoen,13.72671,100.44557,High,"District identified from rain-network station name 'สำนักงานเขตภาษีเจริญ' sharing prefix PSC; coordinates = district centroid (mean of subdistrict coords, data.go.th)"
RF.PSC.04,rain,สถานีสูบน้ำ คลองภาษีเจริญ,,Phasi Charoen,13.72671,100.44557,High,"District identified from rain-network station name 'สำนักงานเขตภาษีเจริญ' sharing prefix PSC; coordinates = district centroid (mean of subdistrict coords, data.go.th)"
RF.PSC.05,rain,จุดวัดคลองบางเชือกหนัง ตอนวัดปากน้ำฝั่งใต้,,Phasi Charoen,13.72671,100.44557,High,"District identified from rain-network station name 'สำนักงานเขตภาษีเจริญ' sharing prefix PSC; coordinates = district centroid (mean of subdistrict coords, data.go.th)"
RF.PTW.01,rain,สำนักงานเขตปทุมวัน,,Pathum Wan,13.7405,100.53175,High,"Explicit ""สำนักงานเขตปทุมวัน"" (Pathum Wan District Office) in station name; coordinates = district centroid (mean of subdistrict coords, data.go.th)"
RF.PTW.02,rain,สถานีสูบน้ำ คลองอรชร,,Pathum Wan,13.7405,100.53175,High,"District identified from rain-network station name 'สำนักงานเขตปทุมวัน' sharing prefix PTW; coordinates = district centroid (mean of subdistrict coords, data.go.th)"
RF.PWT.01,rain,สำนักงานเขตประเวศ,,Prawet,13.69533,100.66967,High,"Explicit ""สำนักงานเขตประเวศ"" (Prawet District Office) in station name; coordinates = district centroid (mean of subdistrict coords, data.go.th)"
RF.PWT.02,rain,ประตูระบายน้ำ คลองประเวศบุรีรมย์ ตอนวัดกระทุ่มเสือปลา,,Prawet,13.69533,100.66967,High,"District identified from rain-network station name 'สำนักงานเขตประเวศ' sharing prefix PWT; coordinates = district centroid (mean of subdistrict coords, data.go.th)"
RF.PWT.03,rain,จุดวัดบึงหนองบอน,,Prawet,13.69533,100.66967,High,"District identified from rain-network station name 'สำนักงานเขตประเวศ' sharing prefix PWT; coordinates = district centroid (mean of subdistrict coords, data.go.th)"
RF.PYT.01,rain,สำนักงานเขตพญาไท,,Phaya Thai,13.782,100.545,High,"Explicit ""สำนักงานเขตพญาไท"" (Phaya Thai District Office) in station name; coordinates = district centroid (mean of subdistrict coords, data.go.th)"
RF.PYT.02,rain,จุดวัดคลองสามเสน ตอนถนนพระรามที่ 6,,Phaya Thai,13.782,100.545,High,"District identified from rain-network station name 'สำนักงานเขตพญาไท' sharing prefix PYT; coordinates = district centroid (mean of subdistrict coords, data.go.th)"
RF.RBN.01,rain,สำนักงานเขตราษฎร์บูรณะ,,Rat Burana,13.6725,100.5005,High,"Explicit ""สำนักงานเขตราษฎร์บูรณะ"" (Rat Burana District Office) in station name; coordinates = district centroid (mean of subdistrict coords, data.go.th)"
RF.RBN.02,rain,สถานีสูบน้ำ คลองแจงร้อน,,Rat Burana,13.6725,100.5005,High,"District identified from rain-network station name 'สำนักงานเขตราษฎร์บูรณะ' sharing prefix RBN; coordinates = district centroid (mean of subdistrict coords, data.go.th)"
RF.RTW.01,rain,สำนักงานเขตราชเทวี,,Ratchathewi,13.756,100.53875,High,"Explicit ""สำนักงานเขตราชเทวี"" (Ratchathewi District Office) in station name; coordinates = district centroid (mean of subdistrict coords, data.go.th)"
RF.RTW.02,rain,จุดวัดคลองสามเสน ตอน รพ.พระมงกุฎเกล้า,,Ratchathewi,13.756,100.53875,High,"District identified from rain-network station name 'สำนักงานเขตราชเทวี' sharing prefix RTW; coordinates = district centroid (mean of subdistrict coords, data.go.th)"
RF.RTW.03,rain,อาคารรับน้ำบึงมักกะสัน,,Ratchathewi,13.756,100.53875,High,"District identified from rain-network station name 'สำนักงานเขตราชเทวี' sharing prefix RTW; coordinates = district centroid (mean of subdistrict coords, data.go.th)"
RF.SLG.01,rain,สำนักงานเขตสวนหลวง,,Suan Luang,13.726,100.628,High,"Explicit ""สำนักงานเขตสวนหลวง"" (Suan Luang District Office) in station name; coordinates = district centroid (mean of subdistrict coords, data.go.th)"
RF.SLG.02,rain,จุดวัดคลองประเวศบุรีรมย์ ตอนวัดขจรศิริ,,Suan Luang,13.726,100.628,High,"District identified from rain-network station name 'สำนักงานเขตสวนหลวง' sharing prefix SLG; coordinates = district centroid (mean of subdistrict coords, data.go.th)"
RF.SMI.01,rain,สำนักงานเขตสายไหม,,Sai Mai,13.905,100.652,High,"Explicit ""สำนักงานเขตสายไหม"" (Sai Mai District Office) in station name; coordinates = district centroid (mean of subdistrict coords, data.go.th)"
RF.SMI.02,rain,ประตูระบายน้ำ คลองสองสายใต้,,Sai Mai,13.905,100.652,High,"District identified from rain-network station name 'สำนักงานเขตสายไหม' sharing prefix SMI; coordinates = district centroid (mean of subdistrict coords, data.go.th)"
RF.SMI.03,rain,ประตูระบายน้ำ คลองพระยาสุเรนทร์,,Sai Mai,13.905,100.652,High,"District identified from rain-network station name 'สำนักงานเขตสายไหม' sharing prefix SMI; coordinates = district centroid (mean of subdistrict coords, data.go.th)"
RF.SMI.04,rain,จุดวัดซอยแอนเน็กซ์,,Sai Mai,13.905,100.652,High,"District identified from rain-network station name 'สำนักงานเขตสายไหม' sharing prefix SMI; coordinates = district centroid (mean of subdistrict coords, data.go.th)"
RF.SPK.01,rain,สถานีสูบน้ำ คลองสำโรง,,,,,Unresolved,Canal-coded prefix; district not decodable from station name alone
RF.SPS.01,rain,สำนักงานเขตสะพานสูง,,Saphan Sung,13.761,100.688,High,"Explicit ""สำนักงานเขตสะพานสูง"" (Saphan Sung District Office) in station name; coordinates = district centroid (mean of subdistrict coords, data.go.th)"
RF.SPS.02,rain,ประตูระบายน้ำ คลองแสนแสบ ตอนบางชัน,,Saphan Sung,13.761,100.688,High,"District identified from rain-network station name 'สำนักงานเขตสะพานสูง' sharing prefix SPS; coordinates = district centroid (mean of subdistrict coords, data.go.th)"
RF.SPW.01,rain,บ่อสูบน้ำ ท่าน้ำสวัสดี,,Samphanthawong,13.738,100.50933,Medium,"Yaowarat / Charoen Krung stations = Samphanthawong (Chinatown); coordinates = district centroid (mean of subdistrict coords, data.go.th)"
RF.STN.01,rain,สำนักงานเขตสาทร,,Sathon,13.714,100.529,High,"Explicit ""สำนักงานเขตสาทร"" (Sathon District Office) in station name; coordinates = district centroid (mean of subdistrict coords, data.go.th)"
RF.STN.02,rain,สถานีสูบน้ำ คลองสาทร,,Sathon,13.714,100.529,High,"District identified from rain-network station name 'สำนักงานเขตสาทร' sharing prefix STN; coordinates = district centroid (mean of subdistrict coords, data.go.th)"
RF.TBR.01,rain,สำนักงานเขตธนบุรี,,Thon Buri,13.722,100.4848,High,"Explicit ""สำนักงานเขตธนบุรี"" (Thon Buri District Office) in station name; coordinates = district centroid (mean of subdistrict coords, data.go.th)"
RF.TBR.02,rain,สถานีสูบน้ำ คลองสำเหร่,,Thon Buri,13.722,100.4848,High,"District identified from rain-network station name 'สำนักงานเขตธนบุรี' sharing prefix TBR; coordinates = district centroid (mean of subdistrict coords, data.go.th)"
RF.TBR.03,rain,สถานีสูบน้ำ ดาวคะนอง,,Thon Buri,13.722,100.4848,High,"District identified from rain-network station name 'สำนักงานเขตธนบุรี' sharing prefix TBR; coordinates = district centroid (mean of subdistrict coords, data.go.th)"
RF.TKU.01,rain,สำนักงานเขตทุ่งครุ,,Thung Khru,13.6325,100.5035,High,"Explicit ""สำนักงานเขตทุ่งครุ"" (Thung Khru District Office) in station name; coordinates = district centroid (mean of subdistrict coords, data.go.th)"
RF.TKU.02,rain,ประตูระบายน้ำ คลองรางจาก ตอนถนนประชาอุทิศ,,Thung Khru,13.6325,100.5035,High,"District identified from rain-network station name 'สำนักงานเขตทุ่งครุ' sharing prefix TKU; coordinates = district centroid (mean of subdistrict coords, data.go.th)"
RF.TLC.01,rain,สำนักงานเขตตลิ่งชัน,,Taling Chan,13.7675,100.43983,High,"Explicit ""สำนักงานเขตตลิ่งชัน"" (Taling Chan District Office) in station name; coordinates = district centroid (mean of subdistrict coords, data.go.th)"
RF.TLC.02,rain,ประตูระบายน้ำ คลองบัว ตอนทางรถไฟสายใต้,,Taling Chan,13.7675,100.43983,High,"District identified from rain-network station name 'สำนักงานเขตตลิ่งชัน' sharing prefix TLC; coordinates = district centroid (mean of subdistrict coords, data.go.th)"
RF.TLC.03,rain,สถานีสูบน้ำ คลองชักพระ,,Taling Chan,13.7675,100.43983,High,"District identified from rain-network station name 'สำนักงานเขตตลิ่งชัน' sharing prefix TLC; coordinates = district centroid (mean of subdistrict coords, data.go.th)"
RF.TWW.01,rain,สำนักงานเขตทวีวัฒนา,,Thawi Watthana,13.7705,100.369,High,"Explicit ""สำนักงานเขตทวีวัฒนา"" (Thawi Watthana District Office) in station name; coordinates = district centroid (mean of subdistrict coords, data.go.th)"
RF.TWW.02,rain,ประตูระบายน้ำ คลองทวีวัฒนา,,Thawi Watthana,13.7705,100.369,High,"District identified from rain-network station name 'สำนักงานเขตทวีวัฒนา' sharing prefix TWW; coordinates = district centroid (mean of subdistrict coords, data.go.th)"
RF.TWW.03,rain,ประตูระบายน้ำ คลองขุนศรีบุรีรักษ์ ตอนคลองมหาสวัสดิ์,,Thawi Watthana,13.7705,100.369,High,"District identified from rain-network station name 'สำนักงานเขตทวีวัฒนา' sharing prefix TWW; coordinates = district centroid (mean of subdistrict coords, data.go.th)"
RF.TWW.04,rain,จุดวัดคลองทวีวัฒนา ตอนคลองบางเชือกหนัง,,Thawi Watthana,13.7705,100.369,High,"District identified from rain-network station name 'สำนักงานเขตทวีวัฒนา' sharing prefix TWW; coordinates = district centroid (mean of subdistrict coords, data.go.th)"
RF.WTL.01,rain,สำนักงานเขตวังทองหลาง,,Wang Thonglang,13.779,100.609,High,"Explicit ""สำนักงานเขตวังทองหลาง"" (Wang Thonglang District Office) in station name; coordinates = district centroid (mean of subdistrict coords, data.go.th)"
RF.WTL.02,rain,ประตูระบายน้ำ คลองลาดพร้าว,,Wang Thonglang,13.779,100.609,High,"District identified from rain-network station name 'สำนักงานเขตวังทองหลาง' sharing prefix WTL; coordinates = district centroid (mean of subdistrict coords, data.go.th)"
RF.WTL.03,rain,สถานีสูบน้ำ คลองเจ้าคุณสิงห์,,Wang Thonglang,13.779,100.609,High,"District identified from rain-network station name 'สำนักงานเขตวังทองหลาง' sharing prefix WTL; coordinates = district centroid (mean of subdistrict coords, data.go.th)"
RF.WTN.01,rain,สำนักงานเขตวัฒนา,,Watthana,13.73267,100.57733,High,"Explicit ""สำนักงานเขตวัฒนา"" (Watthana District Office) in station name; coordinates = district centroid (mean of subdistrict coords, data.go.th)"
RF.WTN.02,rain,สถานีสูบน้ำ คลองแสนแสบตอนคลองตัน,,Watthana,13.73267,100.57733,High,"District identified from rain-network station name 'สำนักงานเขตวัฒนา' sharing prefix WTN; coordinates = district centroid (mean of subdistrict coords, data.go.th)"
RF.YNW.01,rain,สำนักงานเขตยานนาวา,,Yan Nawa,13.6895,100.5385,High,"Explicit ""สำนักงานเขตยานนาวา"" (Yan Nawa District Office) in station name; coordinates = district centroid (mean of subdistrict coords, data.go.th)"
RF.YNW.02,rain,สถานีสูบน้ำ คลองช่องนนทรี,,Yan Nawa,13.6895,100.5385,High,"District identified from rain-network station name 'สำนักงานเขตยานนาวา' sharing prefix YNW; coordinates = district centroid (mean of subdistrict coords, data.go.th)"
RF.YNW.03,rain,ประตูระบายน้ำ คลองวัดด่าน,,Yan Nawa,13.6895,100.5385,High,"District identified from rain-network station name 'สำนักงานเขตยานนาวา' sharing prefix YNW; coordinates = district centroid (mean of subdistrict coords, data.go.th)"
WL.AJP.01,water,จุดวัดคลองอาจารย์พร ตอนปตร.คลองอาจารย์พร,,,,,Unresolved,Canal-coded prefix; district not decodable from station name alone
WL.ANX.01,water,คูน้ำแอนเนกซ์ (บ่อสูบน้ำพหลโยธิน 58),,,,,Unresolved,Canal-coded prefix; district not decodable from station name alone
WL.BAM.01,water,จุดวัดคลองบ้านใหม่ ตอนซอยพระแม่การุณย์ 27,,,,,Unresolved,Canal-coded prefix; district not decodable from station name alone
WL.BBN.01,water,จุดวัดคลองบางบอน ตอนถนนบางขุนเทียน,,Bang Bon,13.646,100.37,High,"District identified from rain-network station name 'สำนักงานเขตบางบอน' sharing prefix BBN; coordinates = district centroid (mean of subdistrict coords, data.go.th)"
WL.BBN.02,water,จุดวัดคลองบางบอน ตอนถนนกาญจนาภิเษก,,Bang Bon,13.646,100.37,High,"District identified from rain-network station name 'สำนักงานเขตบางบอน' sharing prefix BBN; coordinates = district centroid (mean of subdistrict coords, data.go.th)"
WL.BBN.03,water,จุดวัดคลองบางบอน ตอนคลองสะแกงาม,,Bang Bon,13.646,100.37,High,"District identified from rain-network station name 'สำนักงานเขตบางบอน' sharing prefix BBN; coordinates = district centroid (mean of subdistrict coords, data.go.th)"
WL.BBR.01,water,จุดวัดคลองบางบำหรุ ตอนถนนบรมราชชนนี,,Bang Phlat,13.781,100.482,Medium,Canal/place name 'บางบำหรุ' matches subdistrict บางบำหรุ in Bang Phlat; coords = that subdistrict's centroid (data.go.th)
WL.BBR.02,water,จุดวัดคลองบางบำหรุ ตอนถนนสิรินธร,,Bang Phlat,13.781,100.482,Medium,Canal/place name 'บางบำหรุ' matches subdistrict บางบำหรุ in Bang Phlat; coords = that subdistrict's centroid (data.go.th)
WL.BBU.01,water,จุดวัดคลองบางบัว,,Bang Khen,13.867,100.628,Medium,"Khlong Bang Bua runs along Phahonyothin through Bang Khen; coordinates = district centroid (mean of subdistrict coords, data.go.th)"
WL.BCN.01,water,จุดวัดคลองบางเชือกหนัง ตอนถนนกาญจนาภิเษก,,Taling Chan,13.751,100.419,Medium,Canal/place name 'บางเชือกหนัง' matches subdistrict บางเชือกหนัง in Taling Chan; coords = that subdistrict's centroid (data.go.th)
WL.BCN.02,water,จุดวัดคลองบางเชือกหนัง ตอนถนนพุทธมณฑลสาย 1,,Taling Chan,13.751,100.419,Medium,Canal/place name 'บางเชือกหนัง' matches subdistrict บางเชือกหนัง in Taling Chan; coords = that subdistrict's centroid (data.go.th)
WL.BCN.03,water,จุดวัดคลองบางเชือกหนัง ตอนถนนพุทธมณฑลสาย 2,,Taling Chan,13.751,100.419,Medium,Canal/place name 'บางเชือกหนัง' matches subdistrict บางเชือกหนัง in Taling Chan; coords = that subdistrict's centroid (data.go.th)
WL.BJK.01,water,สถานีสูบน้ำ บางจาก,,Phra Khanong,13.692,100.626,Low,"Canal/place name 'บางจาก' matches subdistricts in multiple districts (Phra Khanong; also Phasi Charoen) — first taken, verify"
WL.BJK.02,water,จุดวัดคลองบางจาก ตอนซอยเพชรเกษม 68 ,,Phra Khanong,13.692,100.626,Low,"Canal/place name 'บางจาก' matches subdistricts in multiple districts (Phra Khanong; also Phasi Charoen) — first taken, verify"
WL.BJK.03,water,จุดวัดคลองบางจาก ตอนคลองบางหว้า,,Phra Khanong,13.692,100.626,Low,"Canal/place name 'บางจาก' matches subdistricts in multiple districts (Phra Khanong; also Phasi Charoen) — first taken, verify"
WL.BJK.04,water,จุดวัดคลองบางจาก ตอนถนนพุทธมณฑลสาย 2 ,,Phra Khanong,13.692,100.626,Low,"Canal/place name 'บางจาก' matches subdistricts in multiple districts (Phra Khanong; also Phasi Charoen) — first taken, verify"
WL.BKA.01,water,สถานีสูบน้ำ คลองบางเขนใหม่,,Bang Khen,13.867,100.628,High,"District identified from rain-network station name 'สำนักงานเขตบางเขน' sharing prefix BKA; coordinates = district centroid (mean of subdistrict coords, data.go.th)"
WL.BKA.02,water,จุดวัดคลองบางเขน ช่วงถนนกรุงเทพ-นนทบุรี,,Bang Khen,13.867,100.628,High,"District identified from rain-network station name 'สำนักงานเขตบางเขน' sharing prefix BKA; coordinates = district centroid (mean of subdistrict coords, data.go.th)"
WL.BKA.03,water,จุดวัดคลองบางเขน ช่วงถนนประชาชื่น,,Bang Khen,13.867,100.628,High,"District identified from rain-network station name 'สำนักงานเขตบางเขน' sharing prefix BKA; coordinates = district centroid (mean of subdistrict coords, data.go.th)"
WL.BKA.04,water,จุดวัดคลองบางเขน ช่วงถนนวิภาวดีรังสิต,,Bang Khen,13.867,100.628,High,"District identified from rain-network station name 'สำนักงานเขตบางเขน' sharing prefix BKA; coordinates = district centroid (mean of subdistrict coords, data.go.th)"
WL.BKB.01,water,จุดวัดคลองบางกระบือ ตอนถนนสามเสน,,,,,Unresolved,Canal-coded prefix; district not decodable from station name alone
WL.BKG.01,water,ประตูระบายน้ำ คลองบึงขวาง,,,,,Unresolved,Canal-coded prefix; district not decodable from station name alone
WL.BKL.01,water,จุดวัดคลองบางโคลัด ตอนถนนบางบอน 1,,Bang Bon,13.646,100.37,Medium,district name 'บางบอน' appears in station name; Bang Bon; coords = centroid (data.go.th); assigned after prefix-collision audit
WL.BKT.01,water,จุดวัดบึงรับน้ำบึงกุ่มบางเตย ตอนสถานีสูบน้ำคลองบางเตยล่าง,,Bueng Kum,13.808,100.65,Medium,district name 'บึงกุ่ม' appears in station name; Bueng Kum; coords = centroid (data.go.th); assigned after prefix-collision audit
WL.BKY.01,water,สถานีสูบน้ำ คลองบางกอกใหญ่,,Bangkok Yai,13.738,100.4805,High,"District identified from rain-network station name 'สำนักงานเขตบางกอกใหญ่' sharing prefix BKY; coordinates = district centroid (mean of subdistrict coords, data.go.th)"
WL.BKY.02,water,จุดวัดคลองบางเชือกหนัง ตอนวัดปากน้ำฝั่งใต้,,Taling Chan,13.751,100.419,Medium,Canal/place name 'บางเชือกหนัง' matches subdistrict บางเชือกหนัง in Taling Chan; coords = that subdistrict's centroid (data.go.th)
WL.BLP.02,water,จุดวัดคลองบางลำพู ตอนสะพานผ่านฟ้า,,,,,Unresolved,Canal-coded prefix; district not decodable from station name alone
WL.BLY.01,water,จุดวัดคลองบ้านหลาย ตอนถนนสุขุมวิท 77,,,,,Unresolved,Canal-coded prefix; district not decodable from station name alone
WL.BLY.02,water,จุดวัดคลองบ้านหลาย ตอนซอยพึ่งมี 48,,,,,Unresolved,Canal-coded prefix; district not decodable from station name alone
WL.BMA.02,water,จุดวัดคลองบ้านม้า ตอนถนนรามคำแหง,,,,,Unresolved,Canal-coded prefix; district not decodable from station name alone
WL.BMK.01,water,จุดวัดคลองบางมะเขือ ตอนถนนสุขุมวิท 71,,,,,Unresolved,Canal-coded prefix; district not decodable from station name alone
WL.BNA.01,water,สถานีสูบน้ำ บางนา,,Bang Na,13.672,100.616,High,"District identified from rain-network station name 'สำนักงานเขตบางนา' sharing prefix BNA; coordinates = district centroid (mean of subdistrict coords, data.go.th)"
WL.BNA.02,water,จุดวัดคลองบางนา ตอนถนนสุขุมวิท,,Bang Na,13.672,100.616,High,"District identified from rain-network station name 'สำนักงานเขตบางนา' sharing prefix BNA; coordinates = district centroid (mean of subdistrict coords, data.go.th)"
WL.BNA.03,water,จุดวัดคลองบางนา ตอนถนนศรีนครินทร์,,Bang Na,13.672,100.616,High,"District identified from rain-network station name 'สำนักงานเขตบางนา' sharing prefix BNA; coordinates = district centroid (mean of subdistrict coords, data.go.th)"
WL.BNA.04,water,จุดวัดคลองบางนา ตอนซอยบางนา-ตราด 56,,Bang Na,13.672,100.616,High,"District identified from rain-network station name 'สำนักงานเขตบางนา' sharing prefix BNA; coordinates = district centroid (mean of subdistrict coords, data.go.th)"
WL.BNJ.01,water,จุดวัดคลองบางนางจีน ตอนสถานีสูบน้ำบางนางจีน,,Bang Na,13.672,100.616,Medium,district name 'บางนา' appears in station name; Bang Na; coords = centroid (data.go.th); assigned after prefix-collision audit
WL.BNJ.02,water,จุดวัดคลองบางนางจีน ตอนซอยสุขุมวิท 66/1,,Bang Na,13.672,100.616,Medium,district name 'บางนา' appears in station name; Bang Na; coords = centroid (data.go.th); assigned after prefix-collision audit
WL.BNJ.03,water,จุดวัดคลองบางนางจีน ตอนซอยสุขุมวิท 93,,Bang Na,13.672,100.616,Medium,district name 'บางนา' appears in station name; Bang Na; coords = centroid (data.go.th); assigned after prefix-collision audit
WL.BNJ.04,water,จุดวัดคลองบางนางจีน ตอนถนนสุขุมวิท 101/1,,Bang Na,13.672,100.616,Medium,district name 'บางนา' appears in station name; Bang Na; coords = centroid (data.go.th); assigned after prefix-collision audit
WL.BNS.01,water,จุดวัดคลองบ้านไทร ตอนถนนพุทธมณฑลสาย 2,,,,,Unresolved,Canal-coded prefix; district not decodable from station name alone
WL.BOA.01,water,สถานีสูบน้ำ บางอ้อ,,Bang Phlat,13.802,100.512,Medium,Canal/place name 'บางอ้อ' matches subdistrict บางอ้อ in Bang Phlat; coords = that subdistrict's centroid (data.go.th)
WL.BOA.02,water,จุดวัดคลองบางอ้อ ตอนซอยสุขุมวิท 64,,Bang Phlat,13.802,100.512,Medium,Canal/place name 'บางอ้อ' matches subdistrict บางอ้อ in Bang Phlat; coords = that subdistrict's centroid (data.go.th)
WL.BOA.03,water,จุดวัดคลองบางอ้อใหญ่ ตอนซอยสุขุมวิท 66/1,,,,,Unresolved,Canal-coded prefix; district not decodable from station name alone
WL.BON.01,water,จุดวัดคลองบางอ้อน้อย ตอนซอยสุขุมวิท 64,,,,,Unresolved,Canal-coded prefix; district not decodable from station name alone
WL.BPA.01,water,จุดวัดคลองบ้านป่า ตอนถนนพัฒนาการ,,,,,Unresolved,Canal-coded prefix; district not decodable from station name alone
WL.BPK.01,water,จุดวัดคลองบางปะแก้ว  ตอนถนนราษฎร์บูรณะ,,Rat Burana,13.6725,100.5005,Medium,district name 'ราษฎร์บูรณะ' appears in station name; Rat Burana; coords = centroid (data.go.th); assigned after prefix-collision audit
WL.BPM.01,water,จุดวัดคลองบางพรม ตอนคลองชักพระ,,Taling Chan,13.752,100.442,Medium,Canal/place name 'บางพรม' matches subdistrict บางพรม in Taling Chan; coords = that subdistrict's centroid (data.go.th)
WL.BPM.02,water,จุดวัดคลองบางพรม ตอนถนนฉิมพลี,,Taling Chan,13.752,100.442,Medium,Canal/place name 'บางพรม' matches subdistrict บางพรม in Taling Chan; coords = that subdistrict's centroid (data.go.th)
WL.BPM.03,water,จุดวัดคลองบางพรม ตอนถนนกาญจนาภิเษก,,Taling Chan,13.752,100.442,Medium,Canal/place name 'บางพรม' matches subdistrict บางพรม in Taling Chan; coords = that subdistrict's centroid (data.go.th)
WL.BPM.04,water,จุดวัดคลองบางพรม ตอนถนนพุทธมณฑลสาย 3,,Taling Chan,13.752,100.442,Medium,Canal/place name 'บางพรม' matches subdistrict บางพรม in Taling Chan; coords = that subdistrict's centroid (data.go.th)
WL.BPN.01,water,จุดวัดคลองบางพราน ตอนถนนบางบอน 1,,Bang Bon,13.646,100.37,Medium,district name 'บางบอน' appears in station name; Bang Bon; coords = centroid (data.go.th); assigned after prefix-collision audit
WL.BPN.02,water,จุดวัดคลองบางพราน ตอนถนนบางบอน 2,,Bang Bon,13.646,100.37,Medium,district name 'บางบอน' appears in station name; Bang Bon; coords = centroid (data.go.th); assigned after prefix-collision audit
WL.BPU.01,water,จุดวัดสถานตากอากาศบางปู,,,,,Unresolved,Canal-coded prefix; district not decodable from station name alone
WL.BSK.01,water,สถานีสูบน้ำ คลองบางไส้ไก่,,,,,Unresolved,Canal-coded prefix; district not decodable from station name alone
WL.BSU.01,water,สถานีสูบน้ำ คลองบางซื่อ,,Bang Sue,13.82,100.529,High,"District identified from rain-network station name 'สำนักงานเขตบางซื่อ' sharing prefix BSU; coordinates = district centroid (mean of subdistrict coords, data.go.th)"
WL.BSU.02,water,จุดวัดคลองบางซื่อ ช่วงถนนพระรามที่ 5,,Bang Sue,13.82,100.529,High,"District identified from rain-network station name 'สำนักงานเขตบางซื่อ' sharing prefix BSU; coordinates = district centroid (mean of subdistrict coords, data.go.th)"
WL.BSU.03,water,จุดวัดคลองบางซื่อ ตอนถนนพระรามที่ 6,,Bang Sue,13.82,100.529,High,"District identified from rain-network station name 'สำนักงานเขตบางซื่อ' sharing prefix BSU; coordinates = district centroid (mean of subdistrict coords, data.go.th)"
WL.BSU.04,water,จุดวัดคลองบางซื่อ ช่วงถนนพหลโยธิน,,Bang Sue,13.82,100.529,High,"District identified from rain-network station name 'สำนักงานเขตบางซื่อ' sharing prefix BSU; coordinates = district centroid (mean of subdistrict coords, data.go.th)"
WL.BSU.05,water,จุดวัดคลองบางซื่อ ช่วงถนนวิภาวดีรังสิต,,Bang Sue,13.82,100.529,High,"District identified from rain-network station name 'สำนักงานเขตบางซื่อ' sharing prefix BSU; coordinates = district centroid (mean of subdistrict coords, data.go.th)"
WL.BSU.06,water,จุดวัดคลองบางซื่อ ช่วงถนนรัชดาภิเษก (เจ้าพระยาปาร์ค),,Bang Sue,13.82,100.529,High,"District identified from rain-network station name 'สำนักงานเขตบางซื่อ' sharing prefix BSU; coordinates = district centroid (mean of subdistrict coords, data.go.th)"
WL.BSU.07,water,จุดวัดคลองบางซื่อ - ตอนถนนลาดพร้าว,,Bang Sue,13.82,100.529,High,"District identified from rain-network station name 'สำนักงานเขตบางซื่อ' sharing prefix BSU; coordinates = district centroid (mean of subdistrict coords, data.go.th)"
WL.BTL.01,water,จุดวัดคลองบางตลาด ตอนท่าทราย,,,,,Unresolved,Canal-coded prefix; district not decodable from station name alone
WL.BTY.01,water,จุดวัดคลองบางเตย ตอนถนนนวมินทร์ 66/3,,,,,Unresolved,Canal-coded prefix; district not decodable from station name alone
WL.BWK.01,water,จุดวัดคลองบางแวก ตอนคลองบางกอกใหญ่,,Phasi Charoen,13.736,100.445,Medium,Canal/place name 'บางแวก' matches subdistrict บางแวก in Phasi Charoen; coords = that subdistrict's centroid (data.go.th)
WL.BWK.02,water,จุดวัดคลองบางแวก ตอนถนนพุทธมณฑลสาย 1,,Phasi Charoen,13.736,100.445,Medium,Canal/place name 'บางแวก' matches subdistrict บางแวก in Phasi Charoen; coords = that subdistrict's centroid (data.go.th)
WL.BWK.03,water,จุดวัดคลองบางแวก ตอนคลองทวีวัฒนา,,Phasi Charoen,13.736,100.445,Medium,Canal/place name 'บางแวก' matches subdistrict บางแวก in Phasi Charoen; coords = that subdistrict's centroid (data.go.th)
WL.BYI.01,water,จุดวัดคลองบึงใหญ่ ตอนวัดทองสัมฤทธิ์,,,,,Unresolved,Canal-coded prefix; district not decodable from station name alone
WL.BYK.01,water,จุดวัดคลองบางยี่ขัน ตอนถนนจรัญสนิทวงศ์,,Bang Phlat,13.774,100.492,Medium,Canal/place name 'บางยี่ขัน' matches subdistrict บางยี่ขัน in Bang Phlat; coords = that subdistrict's centroid (data.go.th)
WL.BYK.02,water,จุดวัดคลองบางยี่ขัน ตอนสถานีสูบน้ำคลองบางยี่ขัน,,Bang Phlat,13.774,100.492,Medium,Canal/place name 'บางยี่ขัน' matches subdistrict บางยี่ขัน in Bang Phlat; coords = that subdistrict's centroid (data.go.th)
WL.CBJ.01,water,จุดวัดคลองชวดบางจาก ตอนถนนประชาอุทิศ,,,,,Unresolved,Canal-coded prefix; district not decodable from station name alone
WL.CKS.01,water,สถานีสูบน้ำ คลองเจ้าคุณสิงห์,,,,,Unresolved,Canal-coded prefix; district not decodable from station name alone
WL.CKS.02,water,จุดวัดคลองเจ้าคุณสิงห์ ตอนถนนลาดพร้าว,,Lat Phrao,13.8255,100.606,Medium,district name 'ลาดพร้าว' appears in station name; Lat Phrao; coords = centroid (data.go.th); assigned after prefix-collision audit
WL.CKS.03,water,จุดวัดคลองเจ้าคุณสิงห์ ตอนถนนอินทราภรณ์,,,,,Unresolved,Canal-coded prefix; district not decodable from station name alone
WL.CNS.01,water,สถานีสูบน้ำ คลองช่องนนทรี,,Yan Nawa,13.682,100.533,Medium,Canal/place name 'ช่องนนทรี' matches subdistrict ช่องนนทรี in Yan Nawa; coords = that subdistrict's centroid (data.go.th)
WL.CNS.02,water,จุดวัดคลองช่องนนทรี ตอนถนนนราธิวาสราชนครินทร์,,Yan Nawa,13.682,100.533,Medium,Canal/place name 'ช่องนนทรี' matches subdistrict ช่องนนทรี in Yan Nawa; coords = that subdistrict's centroid (data.go.th)
WL.CNS.03,water,จุดวัดคลองช่องนนทรี ตอนถนนจันทน์,,Yan Nawa,13.682,100.533,Medium,Canal/place name 'ช่องนนทรี' matches subdistrict ช่องนนทรี in Yan Nawa; coords = that subdistrict's centroid (data.go.th)
WL.CNS.04,water,จุดวัดคลองช่องนนทรี ตอนถนนสาทรใต้,,Yan Nawa,13.682,100.533,Medium,Canal/place name 'ช่องนนทรี' matches subdistrict ช่องนนทรี in Yan Nawa; coords = that subdistrict's centroid (data.go.th)
WL.CPA.01,water,สถานีสูบน้ำ คลองชักพระ,,Taling Chan,13.76,100.456,Medium,canal name 'คลองชักพระ' = subdistrict in Taling Chan; coords = centroid (data.go.th); assigned after prefix-collision audit
WL.CPA.02,water,จุดวัดคลองชักพระ ตอนวัดคูหาสวรรค์,,Taling Chan,13.76,100.456,Medium,canal name 'คลองชักพระ' = subdistrict in Taling Chan; coords = centroid (data.go.th); assigned after prefix-collision audit
WL.CTC.01,water,จุดวัดคลองชวดตาเชียง ตอนสถานีสูบน้ำคลองชวดตาเชียง,,,,,Unresolved,"Prefix decoded from flood-network road names, but this is a canal-coded water/flow station (e.g. CTC = Khlong Chuat Ta Chiang, not Chatuchak); name does not corroborate — needs manual verification"
WL.CYI.01,water,จุดวัดคลองชวดใหญ่ ตอนถนนพระราม 9 ซอย 13,,,,,Unresolved,Canal-coded prefix; district not decodable from station name alone
WL.CYI.02,water,จุดวัดคลองชวดใหญ่ ตอนถนนพระราม 9,,,,,Unresolved,Canal-coded prefix; district not decodable from station name alone
WL.CYI.03,water,จุดวัดคลองชวดใหญ่-ตอนคลองลาดพร้าว,,Lat Phrao,13.8255,100.606,Medium,district name 'ลาดพร้าว' appears in station name; Lat Phrao; coords = centroid (data.go.th); assigned after prefix-collision audit
WL.DKN.01,water,สถานีสูบน้ำ ดาวคะนอง,,,,,Unresolved,Canal-coded prefix; district not decodable from station name alone
WL.FTM.01,water,จุดวัดคลองโบสถ์แม่พระ ตอนถนนดินแดง,,Din Daeng,13.778,100.567,Medium,district name 'ดินแดง' appears in station name; Din Daeng; coords = centroid (data.go.th); assigned after prefix-collision audit
WL.HKG.01,water,จุดวัดคลองห้วยขวาง ตอนถนนประชาสงเคราะห์,,Huai Khwang,13.77233,100.58067,High,"District identified from rain-network station name 'สำนักงานเขตห้วยขวาง' sharing prefix HKG; coordinates = district centroid (mean of subdistrict coords, data.go.th)"
WL.HKG.02,water,จุดวัดคลองห้วยขวาง ตอนถนนเทียมร่วมมิตร,,Huai Khwang,13.77233,100.58067,High,"District identified from rain-network station name 'สำนักงานเขตห้วยขวาง' sharing prefix HKG; coordinates = district centroid (mean of subdistrict coords, data.go.th)"
WL.HMK.01,water,จุดวัดคลองหัวหมาก ตอนถนนศรีนครินทร์,,Bang Kapi,13.756,100.66,Medium,Canal/place name 'หัวหมาก' matches subdistrict หัวหมาก in Bang Kapi; coords = that subdistrict's centroid (data.go.th)
WL.HMK.02,water,จุดวัดคลองหัวหมาก ตอนซอยรามคาแหง 68,,Bang Kapi,13.756,100.66,Medium,Canal/place name 'หัวหมาก' matches subdistrict หัวหมาก in Bang Kapi; coords = that subdistrict's centroid (data.go.th)
WL.HMK.03,water,จุดวัดคลองหัวหมาก ตอนซอยพัฒนาการ 32,,Bang Kapi,13.756,100.66,Medium,Canal/place name 'หัวหมาก' matches subdistrict หัวหมาก in Bang Kapi; coords = that subdistrict's centroid (data.go.th)
WL.IDE.01,water,จุดวัดบ่อสูบน้ำอินโดนีเซีย,,,,,Unresolved,Canal-coded prefix; district not decodable from station name alone
WL.JKK.01,water,จุดวัดคลองจระเข้ขบ ตอนถนนสุขาภิบาล 2 ซอย 2,,,,,Unresolved,Canal-coded prefix; district not decodable from station name alone
WL.JRN.01,water,สถานีสูบน้ำ คลองแจงร้อน,,,,,Unresolved,Canal-coded prefix; district not decodable from station name alone
WL.KBU.01,water,ประตูระบายน้ำ คลองบัว ตอนทางรถไฟสายใต้,,,,,Unresolved,Canal-coded prefix; district not decodable from station name alone
WL.KBU.02,water,จุดวัดคลองบัว ตอนถนนพุทธมณฑลสาย 1,,,,,Unresolved,Canal-coded prefix; district not decodable from station name alone
WL.KCD.01,water,จุดวัดคลองกระเฉด (โรงควบคุมคุณภาพน้ำรามอินทรา),,,,,Unresolved,Canal-coded prefix; district not decodable from station name alone
WL.KDN.01,water,ประตูระบายน้ำ คลองวัดด่าน,,,,,Unresolved,Canal-coded prefix; district not decodable from station name alone
WL.KJA.01,water,จุดวัดคลองกะจะ ตอนถนนพระราม 9,,,,,Unresolved,Canal-coded prefix; district not decodable from station name alone
WL.KJA.02,water,จุดวัดคลองกะจะ ตอนถนนพระราม 9 ซอย 57,,,,,Unresolved,Canal-coded prefix; district not decodable from station name alone
WL.KJG.01,water,จุดวัดคลองจิก ตอนถนนหัวหมาก,,,,,Unresolved,Canal-coded prefix; district not decodable from station name alone
WL.KJK.01,water,สถานีสูบน้ำ คลองเจ็ก,,,,,Unresolved,Canal-coded prefix; district not decodable from station name alone
WL.KJK.02,water,จุดวัดคลองเจ็ก ตอนถนนสุขุมวิท 60/1,,,,,Unresolved,Canal-coded prefix; district not decodable from station name alone
WL.KJN.01,water,จุดวัดคลองจั่น ตอนถนนลาดพร้าว,,Bang Kapi,13.786,100.635,Medium,canal name 'คลองจั่น' = subdistrict in Bang Kapi; coords = centroid (data.go.th); assigned after prefix-collision audit
WL.KJN.02,water,จุดวัดคลองจั่น ตอนถนนโยธินพัฒนา,,Bang Kapi,13.786,100.635,Medium,canal name 'คลองจั่น' = subdistrict in Bang Kapi; coords = centroid (data.go.th); assigned after prefix-collision audit
WL.KJT.01,water,จุดวัดคลองจิต ตอนซอยลาดพร้าว 122 ,,Lat Phrao,13.8255,100.606,Medium,district name 'ลาดพร้าว' appears in station name; Lat Phrao; coords = centroid (data.go.th); assigned after prefix-collision audit
WL.KJU.01,water,จุดวัดคลองขุนจันทร์ ตอนถนนฉิมพลี,,,,,Unresolved,Canal-coded prefix; district not decodable from station name alone
WL.KKD.01,water,จุดวัดคลองเคล็ด ตอนถนนสุขุมวิท 77,,,,,Unresolved,Canal-coded prefix; district not decodable from station name alone
WL.KKD.02,water,จุดวัดคลองเคล็ด ตอนถนนสุภาพงษ์ 1,,,,,Unresolved,Canal-coded prefix; district not decodable from station name alone
WL.KKD.03,water,จุดวัดคลองเคล็ด ตอนถนนศรีนครินทร์,,,,,Unresolved,Canal-coded prefix; district not decodable from station name alone
WL.KKD.04,water,จุดวัดคลองเคล็ด ตอนซอยเปรมฤทัย 20*,,,,,Unresolved,Canal-coded prefix; district not decodable from station name alone
WL.KKO.01,water,จุดวัดคลองเก้า ตอนวัดศรีสุขสถาพร,,,,,Unresolved,Canal-coded prefix; district not decodable from station name alone
WL.KKS.01,water,สถานีสูบน้ำ เทเวศร์,,,,,Unresolved,Canal-coded prefix; district not decodable from station name alone
WL.KKS.02,water,จุดวัดคลองผดุงกรุงเกษม ตอนทำเนียบรัฐบาล,,,,,Unresolved,Canal-coded prefix; district not decodable from station name alone
WL.KKS.03,water,จุดวัดคลองผดุงกรุงเกษม ตอนหัวลำโพง,,,,,Unresolved,Canal-coded prefix; district not decodable from station name alone
WL.KKS.04,water,สถานีสูบน้ำ กรุงเกษม,,,,,Unresolved,Canal-coded prefix; district not decodable from station name alone
WL.KKY.01,water,จุดวัดคลองควาย ตอนถนนศาลาธรรมสพน์,,Thawi Watthana,13.7705,100.369,Medium,"Khlong Khwai measured at Sala Thammasop Rd and Borommaratchachonnani Rd — both in Thawi Watthana (WEST Bangkok; corrects earlier eastern-cluster guess); coordinates = district centroid (mean of subdistrict coords, data.go.th)"
WL.KKY.02,water,จุดวัดคลองควาย ตอนถนนบรมราชชนนี,,Thawi Watthana,13.7705,100.369,Medium,"Khlong Khwai measured at Sala Thammasop Rd and Borommaratchachonnani Rd — both in Thawi Watthana (WEST Bangkok; corrects earlier eastern-cluster guess); coordinates = district centroid (mean of subdistrict coords, data.go.th)"
WL.KLA.01,water,จุดวัดคลองลาว ตอนถนนพัฒนาการ,,,,,Unresolved,Canal-coded prefix; district not decodable from station name alone
WL.KLD.01,water,จุดวัดคลองหลอด ตอนสถานีสูบน้ำปากคลองตลาด,,,,,Unresolved,Canal-coded prefix; district not decodable from station name alone
WL.KLD.02,water,จุดวัดคลองหลอด ตอนถนนราชดำเนินใน,,,,,Unresolved,Canal-coded prefix; district not decodable from station name alone
WL.KLT.01,water,จุดวัดคลองตัน ช่วงใต้ทางด่วน,,Khlong Toei,13.723,100.571,Medium,canal name 'คลองตัน' = subdistrict in Khlong Toei; coords = centroid (data.go.th); assigned after prefix-collision audit
WL.KMN.01,water,สถานีสูบน้ำ คลองมอญ,,,,,Unresolved,Canal-coded prefix; district not decodable from station name alone
WL.KNB.01,water,จุดวัดคลองหนองบอน ตอนอ่อนนุช 66 ซอย 13,,Prawet,13.687,100.656,Medium,Canal/place name 'หนองบอน' matches subdistrict หนองบอน in Prawet; coords = that subdistrict's centroid (data.go.th)
WL.KNB.02,water,จุดวัดคลองหนองบอน ตอนถนนเฉลิมพระเกียรติรัชกาลที่ 9,,Prawet,13.687,100.656,Medium,Canal/place name 'หนองบอน' matches subdistrict หนองบอน in Prawet; coords = that subdistrict's centroid (data.go.th)
WL.KPG.01,water,จุดวัดคลองเป้ง ตอนซอยเอกมัย 23,,,,,Unresolved,Canal-coded prefix; district not decodable from station name alone
WL.KPM.01,water,จุดวัดคลองเปรมประชากร ช่วงสถานีน้ำอุโมงค์คลองเปรมประชากร,,,,,Unresolved,Canal-coded prefix; district not decodable from station name alone
WL.KPM.02,water,จุดวัดคลองเปรมประชากร ตอนถนนรัชดาภิเษก,,,,,Unresolved,Canal-coded prefix; district not decodable from station name alone
WL.KPM.03,water,จุดวัดคลองเปรมประชากร ช่วงวัดเทวสุนทร,,,,,Unresolved,Canal-coded prefix; district not decodable from station name alone
WL.KPM.04,water,คลองเปรมประชากร ตอนคลองบางตลาด*,,,,,Unresolved,Canal-coded prefix; district not decodable from station name alone
WL.KPM.05,water,จุดวัดคลองเปรมประชากร ตอนถนนสรงประภา,,,,,Unresolved,Canal-coded prefix; district not decodable from station name alone
WL.KPM.06,water,จุดวัดคลองเปรมประชากร ตอนคลองบ้านใหม่,,,,,Unresolved,Canal-coded prefix; district not decodable from station name alone
WL.KPM.07,water,คลองเปรมประชากร ตอนคลองตาอูฐ,,,,,Unresolved,Canal-coded prefix; district not decodable from station name alone
WL.KSG.01,water,จุดวัดคลองสอง ตอนถนนพหลโยธิน,,,,,Unresolved,Canal-coded prefix; district not decodable from station name alone
WL.KSI.01,water,จุดวัดคลองสี่ ตอนถนนสุวินทวงศ์,,,,,Unresolved,Canal-coded prefix; district not decodable from station name alone
WL.KSI.02,water,จุดวัดคลองสี่ ตอนถนนเจ้าคุณทหาร,,,,,Unresolved,Canal-coded prefix; district not decodable from station name alone
WL.KSK.01,water,จุดวัดคลองขุนสกล ตอนซอยศรีนครินทร์ 36 ,,,,,Unresolved,Canal-coded prefix; district not decodable from station name alone
WL.KSM.01,water,จุดวัดคลองสาม ตอนร่มเกล้า 17,,,,,Unresolved,Canal-coded prefix; district not decodable from station name alone
WL.KSM.02,water,จุดวัดคลองสาม ตอนมอเตอร์เวย์,,,,,Unresolved,Canal-coded prefix; district not decodable from station name alone
WL.KSO.01,water,จุดวัดคลองซอย ตอนถนนบรมราชชนนี,,Thawi Watthana,13.7705,100.369,Medium,"Khlong Soi measured at Borommaratchachonnani / Sala Thammasop Rds — Thawi Watthana; coordinates = district centroid (mean of subdistrict coords, data.go.th)"
WL.KSO.02,water,จุดวัดคลองซอย ตอนถนนศาลาธรรมสพน์,,Thawi Watthana,13.7705,100.369,Medium,"Khlong Soi measured at Borommaratchachonnani / Sala Thammasop Rds — Thawi Watthana; coordinates = district centroid (mean of subdistrict coords, data.go.th)"
WL.KT4.01,water,จุดวัดบึงรับน้ำหมู่บ้าน เคหะธานี 4,,,,,Unresolved,Canal-coded prefix; district not decodable from station name alone
WL.KTK.03,water,จุดวัดคลองขรัวตาแก่น ตอนซอยสะพานขวา,,,,,Unresolved,Canal-coded prefix; district not decodable from station name alone
WL.KTY.01,water,สถานีสูบน้ำ คลองเตย,,Khlong Toei,13.71333,100.57867,High,"District identified from rain-network station name 'สำนักงานเขตคลองเตย' sharing prefix KTY; coordinates = district centroid (mean of subdistrict coords, data.go.th)"
WL.LBK.01,water,จุดวัดคลองลาดบัวขาว ตอนถนนรามคำแหง,,,,,Unresolved,Canal-coded prefix; district not decodable from station name alone
WL.LBK.02,water,จุดวัดคลองลาดบัวขาว ตอนถนนเคหะร่มเกล้า,,,,,Unresolved,Canal-coded prefix; district not decodable from station name alone
WL.LBK.03,water,จุดวัดคลองลาดบัวขาว ตอนซอยกาญจนาภิเษก 24,,,,,Unresolved,Canal-coded prefix; district not decodable from station name alone
WL.LCL.01,water,จุดวัดคลองลำชะล่า ตอนถนนนวมินทร์,,,,,Unresolved,Canal-coded prefix; district not decodable from station name alone
WL.LCL.02,water,จุดวัดคลองลำชะล่า ตอนซอยนวมินทร์ 86,,,,,Unresolved,Canal-coded prefix; district not decodable from station name alone
WL.LKB.01,water,จุดวัดคลองลาดกระบัง ตอนซอยลาดกระบัง 54/6,,Lat Krabang,13.723,100.771,Medium,Canal/place name 'ลาดกระบัง' matches subdistrict ลาดกระบัง in Lat Krabang; coords = that subdistrict's centroid (data.go.th)
WL.LOA.01,water,จุดวัดคลองรางอ้อ-รางแก้ว ตอนถนนพหลโยธิน,,,,,Unresolved,Canal-coded prefix; district not decodable from station name alone
WL.LPC.01,water,จุดวัดคลองลำผักชี ตอนโรงเรียนลำผักชี,,Nong Chok,13.797,100.844,Medium,Canal/place name 'ลำผักชี' matches subdistrict ลำผักชี in Nong Chok; coords = that subdistrict's centroid (data.go.th)
WL.LPG.01,water,จุดวัดคลองหลวงแพ่ง ตอนโรงเรียนผลลีรุ่งเรือง,,,,,Unresolved,Canal-coded prefix; district not decodable from station name alone
WL.LPG.02,water,ประตูระบายน้ำ คลองหลวงแพ่ง,,,,,Unresolved,Canal-coded prefix; district not decodable from station name alone
WL.LPG.03,water,จุดวัดคลองหลวงแพ่ง ตอนวัดลำต้อยติ่ง,,,,,Unresolved,Canal-coded prefix; district not decodable from station name alone
WL.LPI.01,water,จุดวัดคลองหลุมไผ่ ตอนซอยลาดปลาเค้า 63,,,,,Unresolved,Canal-coded prefix; district not decodable from station name alone
WL.LPI.02,water,จุดวัดคลองหลุมไผ่ ตอนถนนประเสริฐมนูกิจ29,,,,,Unresolved,Canal-coded prefix; district not decodable from station name alone
WL.LPN.01,water,สถานีสูบน้ำ คลองเลนเปน,,,,,Unresolved,Canal-coded prefix; district not decodable from station name alone
WL.LPP.01,water,จุดวัดบึงรับน้ำลำพังพวย ตอนถนนนวมินทร์,,,,,Unresolved,Canal-coded prefix; district not decodable from station name alone
WL.LPT.01,water,จุดวัดคลองลำปลาทิว ตอนถนนสังฆสันติสุข,,Lat Krabang,13.765,100.817,Medium,Canal/place name 'ลำปลาทิว' matches subdistrict ลำปลาทิว in Lat Krabang; coords = that subdistrict's centroid (data.go.th)
WL.LPT.02,water,จุดวัดคลองลำปลาทิว ตอนซอยฉลองกรุง 54,,Lat Krabang,13.765,100.817,Medium,Canal/place name 'ลำปลาทิว' matches subdistrict ลำปลาทิว in Lat Krabang; coords = that subdistrict's centroid (data.go.th)
WL.LPT.03,water,จุดวัดคลองลำปลาทิว ตอนซอยฉลองกรุง 8,,Lat Krabang,13.765,100.817,Medium,Canal/place name 'ลำปลาทิว' matches subdistrict ลำปลาทิว in Lat Krabang; coords = that subdistrict's centroid (data.go.th)
WL.LPT.04,water,จุดวัดคลองลำปลาทิว ตอนซอยเชื่อมสัมพันธ์ 25 ,,Lat Krabang,13.765,100.817,Medium,Canal/place name 'ลำปลาทิว' matches subdistrict ลำปลาทิว in Lat Krabang; coords = that subdistrict's centroid (data.go.th)
WL.LPW.01,water,ประตูระบายน้ำ คลองลาดพร้าว,,Lat Phrao,13.8255,100.606,High,"District identified from rain-network station name 'สำนักงานเขตลาดพร้าว' sharing prefix LPW; coordinates = district centroid (mean of subdistrict coords, data.go.th)"
WL.LPW.02,water,จุดวัดคลองลาดพร้าว ช่วงวัดลาดพร้าว,,Lat Phrao,13.8255,100.606,High,"District identified from rain-network station name 'สำนักงานเขตลาดพร้าว' sharing prefix LPW; coordinates = district centroid (mean of subdistrict coords, data.go.th)"
WL.LPW.03,water,จุดวัดคลองลาดพร้าว ช่วงซอยเสนานิคม,,Lat Phrao,13.8255,100.606,High,"District identified from rain-network station name 'สำนักงานเขตลาดพร้าว' sharing prefix LPW; coordinates = district centroid (mean of subdistrict coords, data.go.th)"
WL.LPW.04,water,จุดวัดคลองลาดพร้าว ตอนถนนประชาอุทิศ,,Lat Phrao,13.8255,100.606,High,"District identified from rain-network station name 'สำนักงานเขตลาดพร้าว' sharing prefix LPW; coordinates = district centroid (mean of subdistrict coords, data.go.th)"
WL.LPW.05,water,จุดวัดคลองลาดพร้าว ช่วงถนนประดิษฐ์มนูธรรม,,Lat Phrao,13.8255,100.606,High,"District identified from rain-network station name 'สำนักงานเขตลาดพร้าว' sharing prefix LPW; coordinates = district centroid (mean of subdistrict coords, data.go.th)"
WL.LSG.01,water,จุดวัดคลองหลอด 2 ตอนถนนบางนา ตราด,,Bang Na,13.672,100.616,Medium,district name 'บางนา' appears in station name; Bang Na; coords = centroid (data.go.th); assigned after prefix-collision audit
WL.LSM.01,water,จุดวัดคลองหลอด 3 ตอนถนนบางนา ตราด,,Bang Na,13.672,100.616,Medium,district name 'บางนา' appears in station name; Bang Na; coords = centroid (data.go.th); assigned after prefix-collision audit
WL.LYW.01,water,จุดวัดคลองลาดยาว ตอน ถนนรัชดาภิเษก,,Chatuchak,13.826,100.565,Medium,Canal/place name 'ลาดยาว' matches subdistrict ลาดยาว in Chatuchak; coords = that subdistrict's centroid (data.go.th)
WL.LYW.02,water,จุดวัดคลองลาดยาว ตอนถนนวิภาวดีรังสิต 44,,Chatuchak,13.826,100.565,Medium,Canal/place name 'ลาดยาว' matches subdistrict ลาดยาว in Chatuchak; coords = that subdistrict's centroid (data.go.th)
WL.MCM.01,water,จุดวัดคลองหมื่นแช่ม ตอนถนนเอกชัย,,,,,Unresolved,Canal-coded prefix; district not decodable from station name alone
WL.MFS.01,water,จุดวัดบึงรับน้ำหมู่บ้านแฟรนต์ชิพ ตอนประตูระบายน้ำคลองออหลาว,,,,,Unresolved,Canal-coded prefix; district not decodable from station name alone
WL.MID.01,water,จุดวัดคูน้ำกรมสารวัตรทหาร,,,,,Unresolved,Canal-coded prefix; district not decodable from station name alone
WL.MKT.01,water,จุดวัดคลองมะขามเทศ ตอนถนนพัฒนาการ,,,,,Unresolved,Canal-coded prefix; district not decodable from station name alone
WL.MSW.01,water,จุดวัดคลองมหาสวัสดิ์ ตอนคลองสวนแดน 2,,,,,Unresolved,Canal-coded prefix; district not decodable from station name alone
WL.MSW.02,water,จุดวัดคลองมหาสวัสดิ์ ตอนวัดปุรณาวาส,,,,,Unresolved,Canal-coded prefix; district not decodable from station name alone
WL.MSW.03,water,จุดวัดคลองมหาสวัสดิ์ ตอนถนนพุทธมณฑลสาย 2,,,,,Unresolved,Canal-coded prefix; district not decodable from station name alone
WL.MTG.01,water,จุดวัดบึงรับน้ำหมู่บ้านเมืองทองการ์เด้น ตอนประตูระบายน้ำ แก้มลิง หมู่บ้านเมืองทองการ์เด้น,,,,,Unresolved,Canal-coded prefix; district not decodable from station name alone
WL.NBN.01,water,จุดวัดบึงหนองบอน,,,,,Unresolved,Canal-coded prefix; district not decodable from station name alone
WL.NCH.02,water,จุดวัดคูน้ำนายใช้ ตอนคลองเปรมประชากร,,,,,Unresolved,Canal-coded prefix; district not decodable from station name alone
WL.NK1.01,water,จุดวัดคูนายกิมสาย 1 ตอนถนนเลียบคูนายกิมสาย 1,,,,,Unresolved,Canal-coded prefix; district not decodable from station name alone
WL.NK3.01,water,จุดวัดคลองคูนายกิมสาย 3  ตอนถนนประชาอุทิศ,,,,,Unresolved,Canal-coded prefix; district not decodable from station name alone
WL.NKW.01,water,จุดวัดคลองน้ำแก้ว ตอนถนนรัชดาภิเษก,,,,,Unresolved,Canal-coded prefix; district not decodable from station name alone
WL.NKW.02,water,จุดวัดคลองน้ำแก้ว ตอนซอยลาดพร้าว 41,,Lat Phrao,13.8255,100.606,Medium,district name 'ลาดพร้าว' appears in station name; Lat Phrao; coords = centroid (data.go.th); assigned after prefix-collision audit
WL.NSG.01,water,จุดวัดคลองนาซอง ตอนถนนประชาสุข,,,,,Unresolved,Canal-coded prefix; district not decodable from station name alone
WL.OAG.01,water,จุดวัดคลองโอ่งอ่าง ตอนประตูระบายน้ำวัดเทพธิดาราม ,,,,,Unresolved,Canal-coded prefix; district not decodable from station name alone
WL.ORC.01,water,สถานีสูบน้ำ คลองอรชร,,,,,Unresolved,Canal-coded prefix; district not decodable from station name alone
WL.PKG.01,water,สถานีสูบน้ำ ปากคลองตลาด,,Phra Nakhon,13.75642,100.49925,Medium,"Pak Khlong Talat pumping station / Rama VIII Bridge — central Chao Phraya riverside (Phra Nakhon side); coordinates = district centroid (mean of subdistrict coords, data.go.th)"
WL.PKN.01,water,สถานีสูบน้ำ พระโขนง,,Phra Khanong,13.692,100.626,High,"District identified from rain-network station name 'สำนักงานเขตพระโขนง' sharing prefix PKN; coordinates = district centroid (mean of subdistrict coords, data.go.th)"
WL.PLK.01,water,จุดวัดคลองพิทยาลงกรณ์ ช่วงโรงเรียนพิทยาลงกรณ์พิทยาคม,,,,,Unresolved,Canal-coded prefix; district not decodable from station name alone
WL.PLP.01,water,จุดวัดคลองปลัดเปรียง ตอนถนนเฉลิมพระเกียรติร.9 ซอย14,,,,,Unresolved,Canal-coded prefix; district not decodable from station name alone
WL.PNM.01,water,จุดวัดคลองปากน้ำ ตอนถนนคู่ขนานกาญจนาภิเษก,,,,,Unresolved,Canal-coded prefix; district not decodable from station name alone
WL.PPA.02,water,จุดวัดคลองพลับพลา ตอนศูนย์แพทย์พัฒนา,,,,,Unresolved,Canal-coded prefix; district not decodable from station name alone
WL.PSC.01,water,สถานีสูบน้ำ คลองภาษีเจริญ,,Phasi Charoen,13.72671,100.44557,High,"District identified from rain-network station name 'สำนักงานเขตภาษีเจริญ' sharing prefix PSC; coordinates = district centroid (mean of subdistrict coords, data.go.th)"
WL.PSC.02,water,จุดวัดคลองภาษีเจริญ ตอนวัดรางบัว,,Phasi Charoen,13.72671,100.44557,High,"District identified from rain-network station name 'สำนักงานเขตภาษีเจริญ' sharing prefix PSC; coordinates = district centroid (mean of subdistrict coords, data.go.th)"
WL.PSC.03,water,จุดวัดคลองราชมนตรี ตอนคลองภาษีเจริญ,,Phasi Charoen,13.72671,100.44557,High,"District identified from rain-network station name 'สำนักงานเขตภาษีเจริญ' sharing prefix PSC; coordinates = district centroid (mean of subdistrict coords, data.go.th)"
WL.PSC.04,water,จุดวัดคลองภาษีเจริญ ตอนคลองมหาศร,,Phasi Charoen,13.72671,100.44557,High,"District identified from rain-network station name 'สำนักงานเขตภาษีเจริญ' sharing prefix PSC; coordinates = district centroid (mean of subdistrict coords, data.go.th)"
WL.PSC.05,water,จุดวัดคลองภาษีเจริญ ตอนวัดหนองแขม,,Phasi Charoen,13.72671,100.44557,High,"District identified from rain-network station name 'สำนักงานเขตภาษีเจริญ' sharing prefix PSC; coordinates = district centroid (mean of subdistrict coords, data.go.th)"
WL.PSI.01,water,จุดวัดคลองพร้อมศรี 2 ตอนถนนสุขุมวิท 49/13,,,,,Unresolved,Canal-coded prefix; district not decodable from station name alone
WL.PSR.01,water,ประตูระบายน้ำ คลองพระยาสุเรนทร์,,Khlong Sam Wa,13.8678,100.7398,Medium,"Khlong Phraya Suren sections named Khu Bon, Bang Chan, Panya Intra — Khlong Sam Wa district; coordinates = district centroid (mean of subdistrict coords, data.go.th)"
WL.PSR.02,water,จุดวัดคลองพระยาสุเรนทร์ ตอนถนนหนองระแหง,,Khlong Sam Wa,13.8678,100.7398,Medium,"Khlong Phraya Suren sections named Khu Bon, Bang Chan, Panya Intra — Khlong Sam Wa district; coordinates = district centroid (mean of subdistrict coords, data.go.th)"
WL.PSR.03,water,จุดวัดคลองพระยาสุเรนทร์ ตอนถนนจตุโชติ,,Khlong Sam Wa,13.8678,100.7398,Medium,"Khlong Phraya Suren sections named Khu Bon, Bang Chan, Panya Intra — Khlong Sam Wa district; coordinates = district centroid (mean of subdistrict coords, data.go.th)"
WL.PSR.04,water,ปตร.พระยาสุเรนทร์ ตอนคู้บอน,,Khlong Sam Wa,13.8678,100.7398,Medium,"Khlong Phraya Suren sections named Khu Bon, Bang Chan, Panya Intra — Khlong Sam Wa district; coordinates = district centroid (mean of subdistrict coords, data.go.th)"
WL.PSR.05,water,จุดวัดคลองพระยาสุเรนทร์ ตอนปัญญาอินทรา,,Khlong Sam Wa,13.8678,100.7398,Medium,"Khlong Phraya Suren sections named Khu Bon, Bang Chan, Panya Intra — Khlong Sam Wa district; coordinates = district centroid (mean of subdistrict coords, data.go.th)"
WL.PSR.06,water,จุดวัดคลองพระยาสุเรนทร์ ตอนบางชัน,,Khlong Sam Wa,13.8678,100.7398,Medium,"Khlong Phraya Suren sections named Khu Bon, Bang Chan, Panya Intra — Khlong Sam Wa district; coordinates = district centroid (mean of subdistrict coords, data.go.th)"
WL.PST.01,water,จุดวัดบึงรับน้ำปูนซีเมนต์ไทย ตอนสถานีสูบน้ำบึงบางซื่อ,,Bang Sue,13.82,100.529,Medium,district name 'บางซื่อ' appears in station name; Bang Sue; coords = centroid (data.go.th); assigned after prefix-collision audit
WL.PWT.01,water,จุดวัดคลองประเวศ ตอนซอยอ่อนนุช 17,,Prawet,13.69533,100.66967,High,"District identified from rain-network station name 'สำนักงานเขตประเวศ' sharing prefix PWT; coordinates = district centroid (mean of subdistrict coords, data.go.th)"
WL.PWT.02,water,จุดวัดคลองประเวศบุรีรมย์ ตอนวัดขจรศิริ,,Prawet,13.69533,100.66967,High,"District identified from rain-network station name 'สำนักงานเขตประเวศ' sharing prefix PWT; coordinates = district centroid (mean of subdistrict coords, data.go.th)"
WL.PWT.03,water,ประตูระบายน้ำ คลองประเวศบุรีรมย์ ตอนวัดกระทุ่มเสือปลา,,Prawet,13.69533,100.66967,High,"District identified from rain-network station name 'สำนักงานเขตประเวศ' sharing prefix PWT; coordinates = district centroid (mean of subdistrict coords, data.go.th)"
WL.PWT.04,water,ประตูระบายน้ำ คลองประเวศบุรีรมย์ ตอนลาดกระบัง,,Prawet,13.69533,100.66967,High,"District identified from rain-network station name 'สำนักงานเขตประเวศ' sharing prefix PWT; coordinates = district centroid (mean of subdistrict coords, data.go.th)"
WL.PWT.05,water,จุดวัดคลองประเวศบุรีรมย์ ตอน รพ.ลาดกระบัง,,Prawet,13.69533,100.66967,High,"District identified from rain-network station name 'สำนักงานเขตประเวศ' sharing prefix PWT; coordinates = district centroid (mean of subdistrict coords, data.go.th)"
WL.PWT.06,water,จุดวัดคลองประเวศบุรีรมย์ ตอนถนนร่วมพัฒนา,,Prawet,13.69533,100.66967,High,"District identified from rain-network station name 'สำนักงานเขตประเวศ' sharing prefix PWT; coordinates = district centroid (mean of subdistrict coords, data.go.th)"
WL.PWT.07,water,ประตูระบายน้ำคลองประเวศฯ - กรมชลประทาน,,Prawet,13.69533,100.66967,High,"District identified from rain-network station name 'สำนักงานเขตประเวศ' sharing prefix PWT; coordinates = district centroid (mean of subdistrict coords, data.go.th)"
WL.PYW.01,water,จุดวัดคลองพญาเวิก ตอนปตร.คลองพญาเวิก,,,,,Unresolved,Canal-coded prefix; district not decodable from station name alone
WL.RHN.01,water,สถานีสูบน้ำ คลองระหาญ,,,,,Unresolved,Canal-coded prefix; district not decodable from station name alone
WL.RJK.01,water,ประตูระบายน้ำ คลองรางจาก ตอนถนนประชาอุทิศ,,,,,Unresolved,Canal-coded prefix; district not decodable from station name alone
WL.RKC.01,water,จุดวัดคลองข้างศูนย์ราชการ,,,,,Unresolved,Canal-coded prefix; district not decodable from station name alone
WL.RMT.01,water,สถานีสูบน้ำ คลองพระยาราชมนตรี,,,,,Unresolved,Canal-coded prefix; district not decodable from station name alone
WL.RMT.02,water,จุดวัดคลองพระยาราชมนตรี ตอนถนนพระรามที่ 2,,,,,Unresolved,Canal-coded prefix; district not decodable from station name alone
WL.RMT.03,water,จุดวัดคลองพระยาราชมนตรี ตอนถนน กัลปพฤกษ์,,,,,Unresolved,Canal-coded prefix; district not decodable from station name alone
WL.RSK.01,water,จุดวัดคลองราษฎร์สามัคคี ตอนถนนเพชรเกษม 63,,,,,Unresolved,Canal-coded prefix; district not decodable from station name alone
WL.SBR.01,water,ประตูระบายน้ำ คลองขุนศรีบุรีรักษ์ ตอนคลองมหาสวัสดิ์,,,,,Unresolved,Canal-coded prefix; district not decodable from station name alone
WL.SBR.02,water,จุดวัดคลองบางขุนศรีบุรีรักษ์ ตอนถนนบรมราชชนนี,,,,,Unresolved,Canal-coded prefix; district not decodable from station name alone
WL.SBT.01,water,สถานีสูบน้ำ คลองสี่บาท,,,,,Unresolved,Canal-coded prefix; district not decodable from station name alone
WL.SCO.01,water,จุดวัดคลองศาลเจ้า ตอนถนนสวนผัก ,,,,,Unresolved,Canal-coded prefix; district not decodable from station name alone
WL.SDN.01,water,จุดวัดคลองสวนแดน ตอนถนนชัยพฤกษ์ ,,,,,Unresolved,Canal-coded prefix; district not decodable from station name alone
WL.SKG.01,water,จุดวัดคลองสะแกงาม ตอนถนนกาญจนาภิเษก,,,,,Unresolved,Canal-coded prefix; district not decodable from station name alone
WL.SKT.01,water,จุดวัดคลองทรงกระเทียม ตอนถนนนาคนิวาส,,,,,Unresolved,Canal-coded prefix; district not decodable from station name alone
WL.SKT.02,water,จุดวัดคลองทรงกระเทียม ตอนปตร.คลองทรงกระเทียม,,,,,Unresolved,Canal-coded prefix; district not decodable from station name alone
WL.SLL.01,water,จุดวัดคลองศาลาลอย ตอนถนนอ่อนนุช 61,,,,,Unresolved,Canal-coded prefix; district not decodable from station name alone
WL.SMK.01,water,จุดวัดบึงรับน้ำหมู่บ้านสัมมากร ตอนสถานีสูบน้ำบึงที่ 2 คลองบ้านม้า 2,,,,,Unresolved,Canal-coded prefix; district not decodable from station name alone
WL.SNC.01,water,สถานีสูบน้ำ คลองสนามชัย,,,,,Unresolved,Canal-coded prefix; district not decodable from station name alone
WL.SNC.02,water,จุดวัดคลองสนามชัย ตอนคลองบางขุนเทียน,,Bang Khun Thian,13.58,100.4145,Medium,district name 'บางขุนเทียน' appears in station name; Bang Khun Thian; coords = centroid (data.go.th); assigned after prefix-collision audit
WL.SNC.03,water,จุดวัดคลองสนามชัย ตอนวัดเลา,,,,,Unresolved,Canal-coded prefix; district not decodable from station name alone
WL.SNO.01,water,จุดวัดคลองเสือน้อย ตอนถนนสุคนธสวัสดิ์,,,,,Unresolved,Canal-coded prefix; district not decodable from station name alone
WL.SOL.01,water,จุดวัดคลองสวนอ้อย ตอนถนนอ่อนนุช ซอย 28,,,,,Unresolved,Canal-coded prefix; district not decodable from station name alone
WL.SPP.01,water,จุดวัดบ่อสูบน้ำสะพานพรหม,,,,,Unresolved,Canal-coded prefix; district not decodable from station name alone
WL.SRE.01,water,สถานีสูบน้ำ คลองสำเหร่,,,,,Unresolved,Canal-coded prefix; district not decodable from station name alone
WL.SRG.01,water,สถานีสูบน้ำ คลองสำโรง,,,,,Unresolved,Canal-coded prefix; district not decodable from station name alone
WL.SSB.01,water,จุดวัดคลองแสนแสบ ช่วงคลองผดุงกรุงเกษม (โบ๊เบ๊),,Min Buri,13.812,100.774,Medium,Canal/place name 'แสนแสบ' matches subdistrict แสนแสบ in Min Buri; coords = that subdistrict's centroid (data.go.th)
WL.SSB.02,water,จุดวัดคลองแสนแสบ ตอนซอยสมคิด,,Min Buri,13.812,100.774,Medium,Canal/place name 'แสนแสบ' matches subdistrict แสนแสบ in Min Buri; coords = that subdistrict's centroid (data.go.th)
WL.SSB.03,water,จุดวัดคลองแสนแสบ ช่วงอโศก,,Min Buri,13.812,100.774,Medium,Canal/place name 'แสนแสบ' matches subdistrict แสนแสบ in Min Buri; coords = that subdistrict's centroid (data.go.th)
WL.SSB.04,water,สถานีสูบน้ำ คลองแสนแสบตอนคลองตัน,,,,,Unresolved,Canal-coded prefix; district not decodable from station name alone
WL.SSB.05,water,จุดวัดคลองแสนแสบ ตอนรามคำแหง 9,,Min Buri,13.812,100.774,Medium,Canal/place name 'แสนแสบ' matches subdistrict แสนแสบ in Min Buri; coords = that subdistrict's centroid (data.go.th)
WL.SSB.06,water,จุดวัดคลองแสนแสบ ช่วงสถานีสูบน้ำคลองเจ้าคุณสิงห์,,Min Buri,13.812,100.774,Medium,Canal/place name 'แสนแสบ' matches subdistrict แสนแสบ in Min Buri; coords = that subdistrict's centroid (data.go.th)
WL.SSB.07,water,จุดวัดคลองแสนแสบ ตอนสำนักงานเขตบางกะปิ,,Min Buri,13.812,100.774,Medium,Canal/place name 'แสนแสบ' matches subdistrict แสนแสบ in Min Buri; coords = that subdistrict's centroid (data.go.th)
WL.SSB.08,water,จุดวัดคลองแสนแสบ ช่วงซอยเสรีไทย 24,,Min Buri,13.812,100.774,Medium,Canal/place name 'แสนแสบ' matches subdistrict แสนแสบ in Min Buri; coords = that subdistrict's centroid (data.go.th)
WL.SSB.09,water,ประตูระบายน้ำ คลองแสนแสบ ตอนบางชัน,,Min Buri,13.812,100.774,Medium,Canal/place name 'แสนแสบ' matches subdistrict แสนแสบ in Min Buri; coords = that subdistrict's centroid (data.go.th)
WL.SSB.10,water,ประตูระบายน้ำ คลองแสนแสบ ตอนถนนประชาร่วมใจ,,Min Buri,13.812,100.774,Medium,Canal/place name 'แสนแสบ' matches subdistrict แสนแสบ in Min Buri; coords = that subdistrict's centroid (data.go.th)
WL.SSB.11,water,จุดวัดคลองแสนแสบ ตอนวัดทรัพย์สโมสรนิกรเกษม,,Min Buri,13.812,100.774,Medium,Canal/place name 'แสนแสบ' matches subdistrict แสนแสบ in Min Buri; coords = that subdistrict's centroid (data.go.th)
WL.SSB.12,water,สถานีสูบน้ำ คลองแสนแสบ หนองจอก,,Min Buri,13.812,100.774,Medium,Canal/place name 'แสนแสบ' matches subdistrict แสนแสบ in Min Buri; coords = that subdistrict's centroid (data.go.th)
WL.SSG.01,water,จุดวัดคลองสิบสอง ตอนถนนประชาสำราญ,,Nong Chok,13.914,100.88,Medium,canal name 'คลองสิบสอง' = subdistrict in Nong Chok; coords = centroid (data.go.th); assigned after prefix-collision audit
WL.SSM.01,water,ประตูระบายน้ำ คลองสิบสาม,,,,,Unresolved,Canal-coded prefix; district not decodable from station name alone
WL.SSN.01,water,สถานีสูบน้ำ สามเสน,,,,,Unresolved,Canal-coded prefix; district not decodable from station name alone
WL.SSN.02,water,จุดวัดคลองสามเสน ช่วงถนนพระรามที่ 5,,,,,Unresolved,Canal-coded prefix; district not decodable from station name alone
WL.SSN.03,water,จุดวัดคลองสามเสน ตอนถนนพระรามที่ 6,,,,,Unresolved,Canal-coded prefix; district not decodable from station name alone
WL.SSN.04,water,จุดวัดคลองสามเสน ช่วงถนนพหลโยธิน,,,,,Unresolved,Canal-coded prefix; district not decodable from station name alone
WL.SSN.05,water,จุดวัดคลองสามเสน ตอน รพ.พระมงกุฎเกล้า,,,,,Unresolved,Canal-coded prefix; district not decodable from station name alone
WL.SSN.06,water,จุดวัดคลองสามเสน ช่วงถนนดินแดง,,Din Daeng,13.778,100.567,Medium,district name 'ดินแดง' appears in station name; Din Daeng; coords = centroid (data.go.th); assigned after prefix-collision audit
WL.SSN.07,water,จุดวัดคลองสามเสน ตอนถนนอโศก,,,,,Unresolved,Canal-coded prefix; district not decodable from station name alone
WL.SSN.08,water,สถานีสูบน้ำ สามเสน ตอนคลองแสนแสบ,,Min Buri,13.812,100.774,Medium,Canal/place name 'แสนแสบ' matches subdistrict แสนแสบ in Min Buri; coords = that subdistrict's centroid (data.go.th)
WL.SSN.09,water,จุดวัดคลองสามเสน ช่วงถนนเอกมัย,,,,,Unresolved,Canal-coded prefix; district not decodable from station name alone
WL.SSN.10,water,จุดวัดคลองสามเสน -ตอนคลองชวดใหญ่,,,,,Unresolved,Canal-coded prefix; district not decodable from station name alone
WL.SST.01,water,ประตูระบายน้ำ คลองสองสายใต้,,,,,Unresolved,Canal-coded prefix; district not decodable from station name alone
WL.STN.01,water,จุดวัดคลองสองต้นนุ่น ตอนถนนรามคำแหง,,Lat Krabang,13.753,100.723,Medium,canal name 'คลองสองต้นนุ่น' = subdistrict in Lat Krabang; coords = centroid (data.go.th); assigned after prefix-collision audit
WL.STN.02,water,จุดวัดคลองสองต้นนุ่น ตอนซอยร่มเกล้า 20 ,,Lat Krabang,13.753,100.723,Medium,canal name 'คลองสองต้นนุ่น' = subdistrict in Lat Krabang; coords = centroid (data.go.th); assigned after prefix-collision audit
WL.STN.03,water,จุดวัดคลองสองต้นนุ่น ตอนถนนมอเตอร์เวย์,,Lat Krabang,13.753,100.723,Medium,canal name 'คลองสองต้นนุ่น' = subdistrict in Lat Krabang; coords = centroid (data.go.th); assigned after prefix-collision audit
WL.STR.01,water,สถานีสูบน้ำ คลองสาทร,,Sathon,13.714,100.529,Medium,district name 'สาทร' appears in station name; Sathon; coords = centroid (data.go.th); assigned after prefix-collision audit
WL.STR.02,water,จุดวัดคลองสาทร ตอนถนนพระรามที่ 4 ,,Sathon,13.714,100.529,Medium,district name 'สาทร' appears in station name; Sathon; coords = centroid (data.go.th); assigned after prefix-collision audit
WL.SWA.01,water,ประตูระบายน้ำ คลองสามวา,,Khlong Sam Wa,13.8678,100.7398,Medium,district name 'คลองสามวา' appears in station name; Khlong Sam Wa; coords = centroid (data.go.th); assigned after prefix-collision audit
WL.SWU.01,water,จุดวัดคูน้ำ มศว.,,,,,Unresolved,Canal-coded prefix; district not decodable from station name alone
WL.TCG.01,water,จุดวัดคลองตาช้าง ตอนถนนศรีนครินทร์ ,,,,,Unresolved,Canal-coded prefix; district not decodable from station name alone
WL.TNG.01,water,จุดวัดคลองตาหนัง ตอนถนนลาดพร้าว,,Lat Phrao,13.8255,100.606,Medium,district name 'ลาดพร้าว' appears in station name; Lat Phrao; coords = centroid (data.go.th); assigned after prefix-collision audit
WL.TPK.02,water,จุดวัดคลองตาพุก ตอนถนนลาดกระบัง,,Lat Krabang,13.743,100.78917,Medium,district name 'ลาดกระบัง' appears in station name; Lat Krabang; coords = centroid (data.go.th); assigned after prefix-collision audit
WL.TPK.03,water,จุดวัดคลองตาพุก ตอนคลองทับช้างบน,,,,,Unresolved,Canal-coded prefix; district not decodable from station name alone
WL.TSK.01,water,จุดวัดคูน้ำต่อศักดิ์ ตอนซอยทองหล่อ 25,,,,,Unresolved,Canal-coded prefix; district not decodable from station name alone
WL.TTN.01,water,จุดวัดคลองลาดโตนด ตอน ปตร.คลองลาดโตนด,,,,,Unresolved,Canal-coded prefix; district not decodable from station name alone
WL.TUT.01,water,สถานีสูบน้ำ คลองตาอูฐ,,,,,Unresolved,Canal-coded prefix; district not decodable from station name alone
WL.TUT.02,water,จุดวัดคลองตาอูฐ ตอนซอยแจ้งวัฒนะ 14,,,,,Unresolved,Canal-coded prefix; district not decodable from station name alone
WL.TWW.01,water,ประตูระบายน้ำ คลองทวีวัฒนา,,Thawi Watthana,13.7705,100.369,High,"District identified from rain-network station name 'สำนักงานเขตทวีวัฒนา' sharing prefix TWW; coordinates = district centroid (mean of subdistrict coords, data.go.th)"
WL.TWW.02,water,จุดวัดคลองทวีวัฒนา ตอนถนนบรมราชชนนี,,Thawi Watthana,13.7705,100.369,High,"District identified from rain-network station name 'สำนักงานเขตทวีวัฒนา' sharing prefix TWW; coordinates = district centroid (mean of subdistrict coords, data.go.th)"
WL.TWW.03,water,จุดวัดคลองทวีวัฒนา ตอนถนนเพชรเกษม,,Thawi Watthana,13.7705,100.369,High,"District identified from rain-network station name 'สำนักงานเขตทวีวัฒนา' sharing prefix TWW; coordinates = district centroid (mean of subdistrict coords, data.go.th)"
WL.TWW.04,water,จุดวัดคลองทวีวัฒนา ตอนคลองบางเชือกหนัง,,Thawi Watthana,13.7705,100.369,High,"District identified from rain-network station name 'สำนักงานเขตทวีวัฒนา' sharing prefix TWW; coordinates = district centroid (mean of subdistrict coords, data.go.th)"
WL.TWW.05,water,จุดวัดคลองทวีวัฒนา ตอนคลองภาษีเจริญ,,Thawi Watthana,13.7705,100.369,High,"District identified from rain-network station name 'สำนักงานเขตทวีวัฒนา' sharing prefix TWW; coordinates = district centroid (mean of subdistrict coords, data.go.th)"
WL.VPD.01,water,จุดวัดคูน้ำวิภาวดี ตอนหน้าสนามกีฬากองทัพบก,,,,,Unresolved,Canal-coded prefix; district not decodable from station name alone
WL.VPD.02,water,จุดวัดคูน้ำวิภาวดี ตอนกรมดุริยางค์ทหารบก,,,,,Unresolved,Canal-coded prefix; district not decodable from station name alone
WL.VPD.03,water,จุดวัดคูน้ำวิภาวดี ตอนซอยวิภาวดีรังสิต 28,,,,,Unresolved,Canal-coded prefix; district not decodable from station name alone
WL.VPV.01,water,สถานีสูบน้ำ รัชดา-วิภาวดี,,,,,Unresolved,Canal-coded prefix; district not decodable from station name alone
WL.WHK.01,water,จุดวัดคลองวัดหัวกระบือ ตอนวัดหัวกระบือ,,,,,Unresolved,Canal-coded prefix; district not decodable from station name alone
WL.WKT.01,water,จุดวัดคลองวัดไก่เตี้ย ตอนสถานีสูบน้ำคลองวัดไก่เตี้ย,,,,,Unresolved,Canal-coded prefix; district not decodable from station name alone
WL.WLS.01,water,จุดวัดคลองวัดหลักสี่ ตอนถนนวิภาวดีรังสิต,,Lak Si,13.877,100.572,Medium,district name 'หลักสี่' appears in station name; Lak Si; coords = centroid (data.go.th); assigned after prefix-collision audit
WL.WSI.01,water,สถานีสูบน้ำ คลองวัดไทร,,,,,Unresolved,Canal-coded prefix; district not decodable from station name alone
WL.WSV.01,water,จุดวัดคลองวัดสุทธาวาส ตอนซอยเทอดไท 33,,,,,Unresolved,Canal-coded prefix; district not decodable from station name alone
WL.WTK.01,water,จุดวัดคลองวัดตึก ตอนถนนลาดพร้าว,,Lat Phrao,13.8255,100.606,Medium,district name 'ลาดพร้าว' appears in station name; Lat Phrao; coords = centroid (data.go.th); assigned after prefix-collision audit
WL.WTN.02,water,จุดวัดคูน้ำวัฒนา ตอนโรงเรียนวัฒนาวิทยาลัย,,Watthana,13.73267,100.57733,High,"District identified from rain-network station name 'สำนักงานเขตวัฒนา' sharing prefix WTN; coordinates = district centroid (mean of subdistrict coords, data.go.th)"
WL.YPE.01,water,จุดคลองยายเพียร ตอนถนนเพชรเกษม,,,,,Unresolved,Canal-coded prefix; district not decodable from station name alone
WL.YPN.01,water,จุดวัดคลองยายเผื่อน ตอนแฮปปี้แลนด์,,,,,Unresolved,Canal-coded prefix; district not decodable from station name alone
WL.YPN.02,water,จุดวัดคลองยายเผื่อน ตอนถนนลาดพร้าว,,Lat Phrao,13.8255,100.606,Medium,district name 'ลาดพร้าว' appears in station name; Lat Phrao; coords = centroid (data.go.th); assigned after prefix-collision audit
WL.YSN.02,water,จุดวัดคลองยายสุ่น ตอนถนนรัชดาภิเษก ,,,,,Unresolved,Canal-coded prefix; district not decodable from station name alone
FW.BBU.01,flow,จุดวัดคลองบางบัว,,Bang Khen,13.867,100.628,Medium,"Khlong Bang Bua runs along Phahonyothin through Bang Khen; coordinates = district centroid (mean of subdistrict coords, data.go.th)"
FW.BKA.02,flow,สถานีสูบน้ำคลองบางเขนใหม่,,Bang Khen,13.867,100.628,High,"District identified from rain-network station name 'สำนักงานเขตบางเขน' sharing prefix BKA; coordinates = district centroid (mean of subdistrict coords, data.go.th)"
FW.BKG.01,flow,ประตูระบายน้ำคลองบึงขวาง,,,,,Unresolved,Canal-coded prefix; district not decodable from station name alone
FW.BSU.01,flow,สถานีสูบน้ำคลองบางซื่อ,,Bang Sue,13.82,100.529,High,"District identified from rain-network station name 'สำนักงานเขตบางซื่อ' sharing prefix BSU; coordinates = district centroid (mean of subdistrict coords, data.go.th)"
FW.K2W.01,flow,ประตูระบายน้ำคลองสองตะวันตก,,Sai Mai,13.905,100.652,Low,"Khlong Song (2) West, Rangsit canal system — crosses Sai Mai; exact gate position unconfirmed; coordinates = district centroid (mean of subdistrict coords, data.go.th)"
FW.K3W.01,flow,ประตูระบายน้ำคลองสามตะวันตก,,Khlong Sam Wa,13.8678,100.7398,Low,"Khlong Sam (3) West, Rangsit system — approx. Khlong Sam Wa; unconfirmed; coordinates = district centroid (mean of subdistrict coords, data.go.th)"
FW.K4W.01,flow,ประตูระบายน้ำคลองสี่ตะวันตก,,Khlong Sam Wa,13.8678,100.7398,Low,"Khlong Si (4) West, Rangsit system — approx. Khlong Sam Wa; unconfirmed; coordinates = district centroid (mean of subdistrict coords, data.go.th)"
FW.KKY.01,flow,ประตูระบายน้ำคลองควาย,,Thawi Watthana,13.7705,100.369,Medium,"Khlong Khwai measured at Sala Thammasop Rd and Borommaratchachonnani Rd — both in Thawi Watthana (WEST Bangkok; corrects earlier eastern-cluster guess); coordinates = district centroid (mean of subdistrict coords, data.go.th)"
FW.KNG.01,flow,ประตูระบายน้ำคลองหนึ่ง,,Sai Mai,13.905,100.652,Low,"Khlong Nueng (1) West, Rangsit system — approx. Sai Mai/Don Mueang border; unconfirmed; coordinates = district centroid (mean of subdistrict coords, data.go.th)"
FW.KPM.01,flow,จุดวัดคลองเปรมประชากร ตอนวัดเทวสุนทร,,,,,Unresolved,Canal-coded prefix; district not decodable from station name alone
FW.KPM.02,flow,จุดวัดคลองเปรมประชากร ตอนซอยประชาชื่น 4 แยก 1-4,,,,,Unresolved,Canal-coded prefix; district not decodable from station name alone
FW.KSO.01,flow,ประตูระบายน้ำคลองซอย,,Thawi Watthana,13.7705,100.369,Medium,"Khlong Soi measured at Borommaratchachonnani / Sala Thammasop Rds — Thawi Watthana; coordinates = district centroid (mean of subdistrict coords, data.go.th)"
FW.KSW.01,flow,ประตูระบายน้ำคลองสามวา,,Khlong Sam Wa,13.8678,100.7398,High,"District identified from rain-network station name 'สำนักงานเขตคลองสามวา' sharing prefix KSW; coordinates = district centroid (mean of subdistrict coords, data.go.th)"
FW.LKB.01,flow,ประตูระบายน้ำลาดกระบัง,,Lat Krabang,13.743,100.78917,Medium,district name 'ลาดกระบัง' appears in station name; Lat Krabang; coords = centroid (data.go.th); assigned after prefix-collision audit
FW.LMT.01,flow,ประตูระบายน้ำคลองลำหม้อแตก,,Sai Mai,13.905,100.652,Low,"Khlong Lam Mo Taek — northern Bangkok (Sai Mai/Bang Khen area); unconfirmed; coordinates = district centroid (mean of subdistrict coords, data.go.th)"
FW.LPW.01,flow,ประตูระบายน้ำคลองลาดพร้าว,,Lat Phrao,13.8255,100.606,High,"District identified from rain-network station name 'สำนักงานเขตลาดพร้าว' sharing prefix LPW; coordinates = district centroid (mean of subdistrict coords, data.go.th)"
FW.PKG.01,flow,จุดวัดสะพานพระราม 8,,Phra Nakhon,13.75642,100.49925,Medium,"Pak Khlong Talat pumping station / Rama VIII Bridge — central Chao Phraya riverside (Phra Nakhon side); coordinates = district centroid (mean of subdistrict coords, data.go.th)"
FW.PNJ.01,flow,สถานีสูบน้ำคลองขุนราชพินิจใจ,,,,,Unresolved,Canal-coded prefix; district not decodable from station name alone
FW.PSC.01,flow,จุดวัดคลองภาษีเจริญ ตอนคลองมหาศร,,Phasi Charoen,13.72671,100.44557,High,"District identified from rain-network station name 'สำนักงานเขตภาษีเจริญ' sharing prefix PSC; coordinates = district centroid (mean of subdistrict coords, data.go.th)"
FW.PSR.01,flow,ประตูระบายน้ำคลองพระยาสุเรนทร์,,Khlong Sam Wa,13.8678,100.7398,Medium,"Khlong Phraya Suren sections named Khu Bon, Bang Chan, Panya Intra — Khlong Sam Wa district; coordinates = district centroid (mean of subdistrict coords, data.go.th)"
FW.PWT.01,flow,จุดวัดคลองประเวศบุรีรมย์ ตอนวัดขจรศิริ,,Prawet,13.69533,100.66967,High,"District identified from rain-network station name 'สำนักงานเขตประเวศ' sharing prefix PWT; coordinates = district centroid (mean of subdistrict coords, data.go.th)"
FW.RMT.01,flow,สถานีสูบน้ำคลองพระยาราชมนตรี,,,,,Unresolved,Canal-coded prefix; district not decodable from station name alone
FW.SBR.01,flow,ประตูระบายน้ำคลองขุนศรีบุรีรักษ์,,,,,Unresolved,Canal-coded prefix; district not decodable from station name alone
FW.SSB.01,flow,สถานีสูบน้ำคลองแสนแสบ ตอนคลองตัน,,Min Buri,13.812,100.774,Medium,Canal/place name 'แสนแสบ' matches subdistrict แสนแสบ in Min Buri; coords = that subdistrict's centroid (data.go.th)
FW.SSB.02,flow,จุดวัดคลองแสนแสบ ตอนเขตบางกะปิ,,Min Buri,13.812,100.774,Medium,Canal/place name 'แสนแสบ' matches subdistrict แสนแสบ in Min Buri; coords = that subdistrict's centroid (data.go.th)
FW.SSB.03,flow,ประตูระบายน้ำคลองแสนแสบ-มีนบุรี,,Min Buri,13.808,100.7485,Medium,district name 'มีนบุรี' appears in station name; Min Buri; coords = centroid (data.go.th); assigned after prefix-collision audit
FW.SSM.01,flow,ประตูระบายน้ำคลองสิบสาม,,,,,Unresolved,Canal-coded prefix; district not decodable from station name alone
FW.SSN.01,flow,สถานีสูบน้ำคลองสามเสน,,,,,Unresolved,Canal-coded prefix; district not decodable from station name alone
FW.SST.01,flow,ประตูระบายน้ำคลองสองสายใต้,,,,,Unresolved,Canal-coded prefix; district not decodable from station name alone
FW.TWW.01,flow,ประตูระบายน้ำคลองทวีวัฒนา,,Thawi Watthana,13.7705,100.369,High,"District identified from rain-network station name 'สำนักงานเขตทวีวัฒนา' sharing prefix TWW; coordinates = district centroid (mean of subdistrict coords, data.go.th)"
