tree
version=v4
num_class=1
num_tree_per_iteration=1
label_index=0
max_feature_idx=23
objective=binary sigmoid:1
feature_names=fl_depth_now fl_depth_lag1h fl_depth_lag3h fl_max3h fl_max24h fl_mean1h fl_hrs_since_5cm rain_rf1hr_mean rain_rf1hr_max rain_rf3hr_mean rain_rf24hr_mean rain_rf1hr_delta1h water_rise1h_mean water_rising_share water_offline_share flow_mean flow_negative_share flow_offline_share cal_hour_sin cal_hour_cos cal_doy_sin cal_doy_cos cal_monsoon station_code
feature_infos=[0:134.89999389648438] [0:133.39999389648438] [0:145.10000610351562] [0:147.69999694824219] [0:147.69999694824219] [0:133.64999389648438] [0:72] [0:87.5] [0:97] [0:111.5] [0:157] [-80.25:85.5] [-0.06232931837439537:0.40139442682266235] [0:0.87058824300765991] [0:0.54509806632995605] [-8.5560712814331055:30.103570938110352] [0:0.23333333432674408] [0.033333335071802139:0.40000000596046448] [-1:1] [-1:1] [-0.99999940395355225:0.99998557567596436] [-0.99997919797897339:0.99999076128005981] [0:1] -1:3:54:59:4:7:32:37:97:23:52:30:9:15:11:72:1:82:95:6:85:17:0:46:87:64:28:94:8:75:66:57:20:14:60:93:29:80:81:78:63:45:91:90:13:25:67:24:26:53:88:76:86:74:19:77:36:42:61:79:84:96:31:56:12:43:48:50:44:55:68:83:58:41:47:10:70:89:18:69:71:98:21:39:73:33:16:27:40:22:92:65:38:2:34:51:35:62:5:99:101:49:100:104:105:103:106
tree_sizes=6715 6834 6848 6804 6849 6826 6859 6893 6852 6900 6908 6907 6929 6926 6916 6947 6924 7009 6910 6884 6937 6954 6987 6971 6967 7019 6998 6916 7021 7023 7012 7015 7001 7041 6991 7050 7017 7065 7065 7040 7051 7078 7126 7143 7138 7128 7046 7139 7041 7022 6998 7152 7054 6974 7048 7014 7078 7015 7091 7013 7026 7088 7045 7040 7043 7049 6954 7102 6997 7069 7074 7069 7087 7048 7042 7070 7109 7087 7068 7050 7019 7114 7083 7082 7122

Tree=0
num_leaves=63
num_cat=1
split_feature=6 8 21 3 3 5 8 19 14 20 12 4 12 20 14 20 10 4 13 9 8 21 10 19 23 4 4 21 14 18 13 5 13 16 18 11 19 11 12 8 9 18 21 19 4 18 19 7 3 5 10 10 18 18 3 5 7 14 9 21 6 16
split_gain=1.65081e+07 463703 77768.6 70031.8 58860.4 83477.2 55875.3 38008.4 31587.4 30113.1 35008.1 24106.8 21857.8 24086.7 21384.7 20218.5 38303.9 40451.4 22168.4 22121.2 17123.1 14963.3 14646.9 18856.1 13843.4 54495 53890.5 40711.7 40550.3 27902 18923.9 22684.8 17876 26658 25743.8 18881.8 16321.1 13652.2 13565.8 11015.1 12798.4 23151.2 10966.2 10031 9915.91 9376.32 9468.58 8892 8650.52 15811 7308.43 6874.89 16677.3 6781.64 6376.54 12830.9 10256.5 18847.5 6238.85 5670.26 5279.53 5233.24
threshold=1.0000000180025095e-35 16.750000000000004 -0.84313312172889698 22.550000190734867 14.250000000000002 2.5874999761581425 3.7500000000000004 0.99465191364288341 0.0098039219155907648 -0.95244166254997242 0.046215238049626357 2.0499999523162846 -0.005039841402322053 0.52766072750091564 0.0098039219155907648 -0.97113886475563038 6.0499999523162851 7.0499999523162851 0.14506810903549197 1.2749999761581423 44.250000000000007 -0.091258823871612535 39.062500000000007 0.68322628736495983 0 1.0500000119209292 2.6499999761581425 0.79773375391960155 0.021568628028035167 0.29012925922870642 0.059600444510579116 0.070833336561918273 0.21662176400423053 0.083333335816860213 -0.81241145730018605 0.88749998807907116 -0.41248606145381922 18.083333015441898 0.0057684399653226146 8.2500000000000018 5.1833331584930429 -0.77259656786918629 -0.99761277437210072 0.95642796158790599 8.9499998092651385 0.99465191364288341 -0.99465191364288319 35.049999237060554 1.2500000000000002 0.17083333432674411 41.549999237060554 2.6833333969116215 -0.95642796158790577 0.98611506819725048 22.550000190734867 6.4458332061767587 43.916666030883796 0.0098039219155907648 37.083333969116218 -0.99761277437210072 47.708333969116218 0.15000000596046451
decision_type=2 10 2 2 2 2 10 2 2 2 10 2 10 2 2 2 10 2 2 8 10 2 8 2 9 2 2 2 2 2 2 2 2 2 2 10 2 10 10 10 10 2 2 2 2 2 2 10 2 2 10 10 2 2 2 2 10 2 10 2 2 2
left_child=4 3 7 6 5 -1 24 8 -3 10 21 12 -10 20 -5 16 18 -18 -8 -17 59 -4 45 50 25 32 29 -28 -29 30 -27 -32 35 -34 -35 -2 -37 -23 -20 51 41 -41 -42 44 -12 46 -11 -7 53 -50 -24 52 -21 60 55 -6 57 -57 -16 -14 -44 -62
right_child=1 2 9 14 54 47 15 -9 11 22 43 -13 13 -15 58 19 17 -19 38 39 -22 37 23 -25 -26 26 27 28 -30 -31 31 -33 33 34 -36 36 -38 -39 -40 40 42 -43 48 -45 -46 -47 -48 -49 49 -51 -52 -53 -54 -55 -56 56 -58 -59 -60 -61 61 -63
leaf_value=23.258086068468366 -6.2857821087414161 -6.5497091858863881 18.969413468966202 22.700279371117482 26.338497144451864 -6.5497091858863881 -6.5497091858863881 24.938293034359354 21.084257896947914 10.405368894459862 -6.5497091858863881 21.869313783446078 5.8002859502294601 22.306529523393991 -6.5497091858863872 16.18550916952195 -5.660509537667882 14.848143379467434 22.445931643390001 13.659373788774253 16.714235179696018 -6.5497091858863872 9.5849618885175758 14.400020811196519 -6.5350834976915717 21.04614208011877 -5.5226562040925229 24.517048855468484 -6.5497091858863881 -6.5497091858863881 -6.5497091858863881 18.252347209788212 -6.5497091858863881 17.613324820385444 -6.5497091858863881 13.591558073882215 -6.5497091858863881 13.591558073882215 6.4418441404123712 14.400020811196519 7.3440353455731966 -6.5497091858863881 3.7631733471967124 9.5849618885176433 12.687783258245002 12.324811701631983 -6.5497091858863881 11.975283536043232 17.268138619019595 -6.5497091858863881 -6.5497091858863881 -6.5497091858863881 -6.5497091858863881 7.1537100776140985 26.668615052688374 23.535993333791598 25.376342167253622 1.4530876569166189 11.313676651282705 -6.5497091858863881 -6.5497091858863881 2.7127871617615309
leaf_weight=1.2580601860536251 68.200657574110664 0.23391822399571571 0.58779450925067067 0.2564103597542261 1.6419259869726368 0.32388677168637503 0.14245020051021073 0.61928350024390955 0.27140511770267028 0.088469071662985121 0.47533382696565241 0.52781547745689739 0.12145753914955992 0.15594548196531832 0.11695911199785769 0.13195386948063692 1.6869102689670397 0.2804019727045669 0.31039148813579232 0.14844810322392732 0.12895491789095104 0.13495282153598986 0.092967499047517665 0.28639987588394433 947.27134125388693 0.43484797864220925 2.9209788478910927 0.2414156018057837 0.18593499856069684 0.20842713548336178 0.18743447435554117 0.18143657047767192 0.6387766886036832 0.31039148836862296 0.17094024061225355 0.22342189273331314 0.18293604697100718 0.22342189273331314 0.23091927194036543 0.28639987588394433 0.21592451399192247 0.24441455455962557 0.14544915186707097 0.18593499809503555 0.077972741099074483 0.079472216893918701 1.1890843053115521 0.080971692688763142 0.12595596630126227 0.15594548266381025 0.28639987681526691 4.6768650041194633 0.32688572327606369 0.10946173279080529 36.711665695882402 0.19943027978297312 0.28190144803375006 0.18743447412271053 0.0839706442784518 0.39586160983890295 2.6135863104136661 0.16194338561035682
leaf_count=114 45135 156 102 26 51 216 95 36 36 30 317 62 52 17 78 30 1096 71 33 41 28 90 33 75 631474 58 1890 16 124 139 125 34 426 62 114 62 122 62 96 75 86 163 68 66 23 24 793 25 26 104 191 3119 218 44 906 17 14 96 27 264 1743 79
internal_value=-5.12835 -6.35067 7.32375 -6.43218 26.1157 16.903 -6.44084 14.2273 10.6132 2.75399 7.69014 13.1201 8.81879 4.66916 13.1293 -3.04805 0.805803 -2.7374 11.0003 -4.14155 0.413281 14.0597 -1.35887 4.71549 -6.48068 -5.86589 -0.357724 -3.41382 11.0003 9.75228 13.9799 5.64968 -6.11946 0.146071 9.03206 -6.22175 4.52427 6.00698 15.6187 -4.43274 -2.48475 4.75368 -3.57374 -0.462389 -3.83873 -4.33899 -5.37559 -2.84471 -4.28545 4.09231 -2.59576 -5.96743 -0.238355 -5.06478 26.5083 23.9606 18.1226 12.8369 0.915586 -3.65015 -5.52266 -6.00927
internal_weight=1080.66 1039.97 6.16285 1033.81 40.6853 1.66292 1033.35 2.45464 1.83536 3.7082 1.68541 1.60144 1.07362 0.80222 0.45734 11.9943 2.65107 1.96731 0.683761 9.34323 0.646274 0.946169 2.02279 0.665767 1021.36 74.0876 4.36048 3.34833 0.427351 1.01215 0.803719 0.368871 69.7271 1.12011 0.481332 68.607 0.406358 0.358375 0.541311 9.21128 4.05908 0.530814 3.52827 0.739242 0.553307 1.35703 1.27755 0.404858 3.31234 0.281901 0.379367 5.1522 0.475334 3.03044 39.0224 2.31069 0.668766 0.386865 0.20093 0.517319 2.92098 2.77553
internal_count=690995 689556 2457 687099 1439 355 686968 651 615 1806 660 459 397 361 131 7187 1391 1167 224 5796 344 254 1146 299 679781 48307 2386 2030 140 356 217 159 45921 602 176 45319 184 152 129 5766 2388 238 2150 406 340 847 823 241 2064 130 224 3378 259 1934 1084 178 127 113 105 316 1890 1822
cat_boundaries=0 3
cat_threshold=2155888640 0 6553856
is_linear=0
shrinkage=1


Tree=1
num_leaves=63
num_cat=2
split_feature=3 5 5 7 4 8 5 6 11 5 20 12 11 11 19 8 8 19 19 21 15 12 20 8 21 8 10 20 9 12 17 18 8 10 10 19 18 8 10 23 11 15 15 12 19 21 12 6 6 5 20 4 12 18 18 21 18 23 19 12 10 19
split_gain=186485 1.55086e+06 3.061e+06 85638 52448.8 41620 36165.2 112365 43596.1 72894.4 34663.6 113475 221512 206489 24437.9 17896.1 15105.9 31166.6 13732.8 12180.5 10503.6 9440.8 10720.3 9012.74 21149.4 52126.9 20143 32957.5 9124.73 8507.74 11542.7 8178.08 11632.2 7877.76 7877.61 14946 6031.23 20265.4 14433.8 3584.21 25157.5 20160.1 11596 42911.2 11003.7 7446.78 24143.7 3573.69 6866.5 3469.42 8321.82 25596.6 3460.44 2628.58 3218.99 2563.87 18710.2 2416.96 12395.6 9954.84 2266.34 1903.95
threshold=23.44999980926514 7.370833396911622 13.675000190734865 41.708333969116218 1.5500000119209292 16.750000000000004 7.0791666507720956 26.291666984558109 20.416666984558109 3.1124999523162846 -0.95244166254997242 0.046215238049626357 14.083333492279055 16.854166984558109 0.81241145730018627 41.750000000000007 32.750000000000007 0.63405361771583568 -0.77259656786918629 -0.54940786957740773 0.5273244082927705 -0.005039841402322053 -0.53493988513946522 3.7500000000000004 -0.99864786863327015 8.2500000000000018 6.0499999523162851 -0.97113886475563038 1.6458333134651186 -0.003466938622295856 0.11666667088866235 0.98611506819725048 7.7500000000000009 40.549999237060554 38.049999237060554 0.58216583728790294 -0.77259656786918629 7.7500000000000009 2.7749999761581425 0 0.64583334326744091 2.3965450525283818 18.045855522155765 -0.010631165932863949 0.91037613153457653 -0.99983122944831837 0.022712849080562595 34.708333969116218 37.208333969116218 6.4458332061767587 -0.97113886475563038 4.7500000000000009 0.046215238049626357 -0.097964655607938753 0.16280825436115268 -0.99761277437210072 -0.98611506819725026 1 0.52778512239456188 0.025897998362779621 37.062500000000007 -0.16280825436115262
decision_type=2 2 2 10 2 10 2 2 10 2 2 8 10 10 2 8 10 2 2 2 2 8 2 10 2 10 10 2 8 10 2 2 10 10 10 2 2 10 10 9 10 2 2 8 2 2 10 2 2 2 2 2 10 2 2 2 2 9 2 8 10 2
left_child=3 19 -3 5 -5 23 7 8 18 -10 11 12 -9 -14 -13 16 20 -18 -7 -2 -12 22 -22 39 25 -25 27 29 -29 -26 -31 47 -33 -20 53 -36 37 38 -30 40 42 -42 45 -44 61 46 -1 49 -49 50 51 -28 55 -23 -55 56 -47 58 59 -50 -17 -43
right_child=1 2 -4 4 -6 6 -8 10 9 -11 15 14 13 -15 -16 60 17 -19 33 -21 21 34 -24 24 26 -27 31 28 36 30 -32 32 -34 -35 35 -37 -38 -39 -40 -41 41 44 43 -45 -46 52 -48 48 57 -51 -52 -53 -54 54 -56 -57 -58 -59 -60 -61 -62 -63
leaf_value=-0.05010812185912529 -5.1428035171009627 -192.16287230033828 -2808.9306565416205 -25.203488745450116 -111.45909704949318 -10.427304067684908 -0.49336305188790652 -22.96864615424106 -167.12240888648026 -32.517757262923659 11.10058284881538 -0.050071524809531212 -58.468285205986732 -349.61355235573978 -32.509654157669736 -18.451184957377333 -7.0038922569612341 21.646243575865142 -30.252975199309397 -41.678177792299721 -3.3041126257482087 -1.6723896295451206 -32.241673609744758 -0.73068263851091664 -5.2429770483508928 -55.727552600854693 -0.050174035066073555 -19.888448204721858 -23.618593590403549 -31.911854720185097 -9.5826761345526759 -0.75683980713534593 -23.694824559775491 -65.226921120297121 -5.6556821485374433 -34.16045494824197 -0.19969311983927529 -30.946310150820548 -0.050071524809535722 -0.043673650540621861 20.170828003387495 -9.2229261393509425 30.772967603704746 -0.050087180254315494 17.550307967977108 17.994289905145223 26.71717876917846 11.603184197633425 11.956530472933347 -0.38329970992066081 -1.7496571976368263 -32.389411200965434 7.2561224103695325 -16.721289043260057 -4.1881745102501462 0.096554422506842638 -0.099297554036749169 -0.31278238141282866 0.52417177870691045 -0.40144312450648645 -34.847293383040146 -0.050092970010506235
leaf_weight=0.33921836910305003 0.058899323625266106 0.0044244083467601244 0.001495255133955195 0.061620718463640971 0.024683427252115871 0.038545618239709034 3.2472298803648423 0.074175641387375424 0.018853922921795024 0.0215593967412544 0.10321447341315315 0.31952424719929695 0.01283846105032671 0.01158582859005719 0.070841243665199727 0.046143533643342699 0.20114296001217763 0.17975412867735646 0.031453691390076151 0.037234106303057804 0.061458314681658521 1.0933541088054988 0.066783975903690784 0.14692643377702808 0.077028168164259725 0.060961507579122554 0.17974516190588641 0.075610976643350036 0.074251255588252074 0.16749836037964905 0.088433384849016194 0.1414975103924111 0.090697914892253095 0.032986898684180775 0.19584195312409747 0.06009845240125733 1.2958620645561258 0.072824156076496394 0.51922690169885755 943.5392199697244 0.28435949762558976 0.087213078304426261 0.14599465974606574 0.49838224443584422 0.085225367802195251 0.16625672701258043 0.11207720823585987 0.12871830177029053 0.487603618122876 3.7150968907995585 2.0164130399480915 0.092766430614734219 0.17108700442299962 0.065979802873479154 0.22920475821841357 68.426139475497948 1.0161150473384157 12.582994171004884 2.8148403147138197 0.24475918675307218 0.038795391855813793 0.16100599069613963
leaf_count=183 56 71 816 74 99 39 51 87 100 37 44 224 26 93 93 46 161 55 45 72 47 623 96 105 62 71 52 83 88 137 31 77 65 72 144 85 872 99 364 638725 72 71 11 299 26 35 11 10 93 53 291 92 78 76 171 39855 600 4438 100 55 56 99
internal_value=-0.0750101 -67.6612 -853.135 -0.0684187 -49.873 -0.0643107 -4.14171 -8.12506 -51.3049 -95.3145 -5.93765 -18.0461 -65.9729 -196.575 -5.94065 -3.40938 -2.56141 6.51677 -34.0349 -19.2936 -4.40468 -5.30745 -18.3738 -0.0399218 -0.976383 -16.8581 -0.843606 -5.22723 -2.84423 -19.8116 -24.1963 -0.381622 -9.71665 -48.156 -4.2885 -12.349 -2.18744 -6.05333 -2.99878 -0.0167889 0.301906 10.3901 0.256566 6.93341 2.04924 0.195305 6.59743 -0.28426 0.100697 -1.32673 -2.85798 -11.0589 0.1539 -2.80275 -6.98958 0.136443 2.44489 0.008908 0.53201 7.82644 -25.94 -3.27302
internal_weight=1046.52 0.102053 0.00591966 1046.41 0.0863041 1046.33 6.22137 2.97414 0.1434 0.0404133 2.83074 0.488965 0.0985999 0.0244243 0.390365 2.34177 2.25683 0.380897 0.102986 0.0961334 1.87594 1.77272 0.128242 1040.11 25.0738 0.207888 24.8659 2.37074 2.03778 0.33296 0.255932 22.4951 0.232195 0.0644406 1.64448 0.25594 1.96216 0.666302 0.593478 1015.03 71.4931 0.617804 70.8753 0.644377 0.333444 70.2309 0.451296 22.2629 16.2589 6.00402 2.28892 0.272512 69.7796 1.38854 0.295185 69.6085 1.18237 16.1302 3.5472 0.732363 0.0849389 0.248219
internal_count=690962 1015 887 689947 173 689774 2471 2420 293 137 2127 523 206 119 317 1604 1502 216 156 128 1286 1242 143 687303 7238 176 7062 1736 1506 230 168 5326 142 117 1099 229 1423 551 452 680065 41340 268 41072 310 196 40762 194 5184 4696 488 435 144 40568 870 247 40490 635 4686 248 148 102 170
cat_boundaries=0 3 6
cat_threshold=2281717824 16384 4194304 2281701376 0 1078198272
is_linear=0
shrinkage=0.05


Tree=2
num_leaves=63
num_cat=2
split_feature=3 3 6 7 3 11 20 5 13 13 19 19 17 4 11 20 10 23 10 13 11 12 12 11 20 17 18 21 20 19 13 18 9 0 7 7 11 23 11 10 14 20 12 20 10 19 15 10 15 14 11 19 11 18 12 15 14 13 19 15 4 11
split_gain=7.15481e+09 1.13561e+11 1.17912e+11 4.35747e+06 4.51763e+06 223882 239603 1.20417e+06 3.47603e+06 8.4312e+06 1.00381e+07 107777 55849 28016.9 15177.3 40190.7 34043.3 4400.67 86453.7 115290 45647.5 36401 7550.39 3762.04 3214.74 20931.3 32635.2 2847.93 13708.2 10418.1 19928.1 2567.89 12245.8 2318.2 1299.47 1983 3070.31 894.999 7717.96 43788.3 125219 5242.93 4689.08 15387 14109.5 10108.7 20257.6 1900.94 10374.2 13506.9 1847.02 1368.94 855.512 2808.04 12160.1 2374.96 4962.49 2459.37 6719.5 963.929 743.046 676.896
threshold=22.550000190734867 28.150000572204593 1.2083333134651186 40.250000000000007 2.5499999523162846 21.208333015441898 -0.84315016865730275 2.6708333492279057 0.38460969924926763 0.32299806177616125 -0.68322628736495961 0.72947329282760631 0.083333335816860213 2.4500000476837163 15.550000190734865 -0.93545487523078907 31.062500000000004 0 68.049999237060561 0.10250711068511011 4.9375000000000009 -0.020278330892324444 0.001834702037740499 2.1833333969116215 -0.23537230491638181 0.083333335816860213 -0.88144907355308522 -0.86974579095840443 -0.47558552026748652 0.99465191364288341 0.0696452632546425 -0.95642796158790577 0.11250000074505807 21.10000038146973 28.791666984558109 11.050000190734865 10.791666507720949 1 2.1833333969116215 5.5499999523162851 0.025490196421742443 -0.96235975623130787 -0.019895927980542179 -0.99467751383781422 5.8541667461395273 0.98611506819725048 0.84055712819099437 16.274999618530277 1.7370899319648745 0.033333335071802146 1.1833333373069765 -0.58216583728790272 0.64583334326744091 0.98611506819725048 0.015219210647046568 15.781589984893801 0.0058823532890528449 0.48550367355346685 0.97335553169250499 2.149821519851685 1.5500000119209292 0.68333333730697643
decision_type=2 2 2 10 2 10 2 2 2 2 2 2 2 2 10 2 8 9 8 2 10 10 10 10 2 2 2 2 2 2 2 2 10 2 10 10 10 9 10 10 2 2 8 2 10 2 2 10 2 2 10 2 10 2 10 2 2 2 2 2 2 10
left_child=3 -2 -3 5 -5 14 7 8 9 10 -7 13 -10 -8 17 16 -16 18 20 -20 23 -22 -23 27 25 26 -17 28 -1 31 -31 32 -30 34 35 36 37 38 42 40 -40 -41 43 44 -19 47 -47 -45 49 -49 -44 -52 -39 55 -55 57 -57 59 -59 60 -54 -29
right_child=1 2 -4 4 -6 6 11 -9 12 -11 -12 -13 -14 -15 15 24 -18 33 19 -21 21 22 -24 -25 -26 -27 -28 61 29 30 -32 -33 -34 -35 -36 -37 -38 52 39 41 -42 -43 50 45 -46 46 -48 48 -50 -51 51 -53 53 54 -56 56 -58 58 -60 -61 -62 -63
leaf_value=12.873061537027539 735.82001978404674 520549.74295967008 1357.6261221861078 18.649001120905989 591.92674728321322 409.39077941369561 -1.1657872884259421 7.183610582891534 -2.4438838412013535 -7.2079406657152676 3235.4388708316101 29.047386999215718 72.663316637821922 10.808295990263256 18.377893803252977 49.099346501943586 2.1919170053683881 17.990551513443034 -0.050076749678584123 85.646592812089821 2.2544522499714428 28.112030339789147 15.406513856263627 2.7058526811095791 -0.44080065572992266 -1.7381700254716934 -1.3577022871955324 -0.097133992740446318 -0.3403447232372383 26.065809217361732 -0.050081734302202474 -0.15020729285498735 13.292208031567071 3.9764492665556199 2.7840884696212318 -0.82330763620801006 5.7811624803169543 -0.054197471872582649 74.60152311491008 3.124740203783464 -2.2028329398313957 -1.17598828255791 -0.068236983969098566 -0.079804233621578985 -0.05008882420903759 17.73075716466154 -0.050084101573686438 -0.050098227167495901 -0.12971596147006681 21.665015690995769 -8.9498673380771034 -1.7125694805157996 -1.2036587451316247 -0.45588797866418462 25.021235637214033 11.284330306664678 -0.55067528931061971 -0.2022701231097413 14.691628529184786 -0.44583008476701985 -4.6970118084688002 -1.698775804632199
leaf_weight=0.23214148031547566 0.076857152799929551 0.0022014228488365919 0.0021729838624851283 0.075233356667849222 0.063262608947597637 0.0073270657981199319 1.840124140381028 0.59412901522429551 0.061863295766275694 0.020888090012283308 0.0055014869574723894 0.43228129434055018 0.041257881094053525 0.66507403261567133 0.65115515693064874 0.058067662679604948 0.64828223541332364 0.24943692435044873 0.090276478556896467 0.069430926814445293 0.5857666028557369 0.20471939612693085 0.27267156237637963 1.3797290955024113 3.3317634188377592 0.41941061709131444 0.071514121856975144 37.79417968118463 0.76602609727994142 0.11487263080198307 0.20061407599132508 6.8492485047083349 0.20985879942673069 0.35802367768780996 0.40496930051108293 8.1961219029102477 0.22628389347994371 840.14775989272312 0.079050489396895074 1.3246066654568764 0.16146414378761997 1.5239280171138123 106.7731006254712 8.4102089442046211 0.19165199471171945 0.2530813938938089 0.43640332180075347 0.1486713223857809 1.256128017051197 0.13815266327570214 0.094898411791717846 0.20976279661168354 3.3159160229694686 0.24624279841658167 0.057836214410669246 0.13234051444179074 0.26782263365919845 0.32910760913276149 0.098361963697243482 16.097945954212513 0.15954352487672663 0.67139541189049978
leaf_count=73 145 852 31 107 102 38 243 26 66 46 82 78 62 47 132 47 69 69 63 52 10 41 77 140 208 127 68 22756 358 23 130 3793 59 6 30 1374 41 575581 75 83 97 313 67426 5539 120 66 277 89 720 24 53 165 1673 189 66 80 71 202 18 6069 88 164
internal_value=1.22065 14839.7 262641 0.0723799 280.513 0.0353747 12.3658 37.9819 171.704 612.422 1621.33 5.99145 27.6059 2.01306 -0.0078733 2.69183 10.3028 -0.021311 0.397248 37.2055 0.358571 10.6067 20.855 0.132611 0.143358 3.68854 21.2529 0.0568101 0.892482 0.550839 9.45904 0.191686 2.59126 -0.0457328 -0.0476475 -0.0488053 -0.0423432 -0.043685 0.0799159 2.55371 23.0406 0.823908 0.0220077 1.00101 10.1519 0.621743 6.47653 0.216165 1.82941 10.4093 -0.0793296 -3.9669 -0.0613102 -0.379532 4.38989 -0.450621 3.36336 -0.526928 3.22486 -0.608865 -1.36402 -0.12509
internal_weight=1049.8 0.0812316 0.00437441 1049.72 0.138496 1049.58 3.66845 0.730967 0.136838 0.0337166 0.0128286 2.93748 0.103121 2.5052 1045.91 5.18019 1.29944 1040.73 49.4409 0.159707 49.2812 1.06316 0.477391 48.2181 3.88076 0.548992 0.129582 46.8383 8.37276 8.14062 0.315487 7.82513 0.975885 991.289 990.931 990.526 982.33 982.103 121.251 3.08905 0.240515 2.84853 118.161 11.0837 0.441089 10.6426 0.689485 9.95316 1.54295 0.286824 107.078 0.304661 860.853 20.7051 0.304079 20.401 0.400163 20.0009 0.42747 19.5734 3.47546 38.4656
internal_count=690919 1028 883 689891 209 689682 688 320 294 166 120 368 128 290 688994 651 201 688343 27739 115 27624 128 118 27496 450 242 115 27356 4436 4363 153 4210 417 660604 660598 660568 659194 659153 75116 568 172 396 74548 6904 189 6715 343 6372 833 113 67644 218 584037 8456 255 8201 151 8050 220 7830 1761 22920
cat_boundaries=0 3 6
cat_threshold=131072 0 205520896 2188410880 524289 33816832
is_linear=0
shrinkage=0.05


Tree=3
num_leaves=63
num_cat=1
split_feature=5 3 7 9 2 6 3 4 17 5 11 20 13 13 13 19 19 13 9 8 16 11 11 19 21 12 15 19 13 11 19 21 7 10 10 9 15 4 6 9 7 19 9 8 19 11 3 5 3 5 21 20 14 23 15 20 21 12 9 8 14 10
split_gain=112572 293411 26759.6 57338.5 12333.5 9209.74 77269.6 105690 30767.3 17314 5900.39 33453.1 63471.2 173084 5718.82 4683.46 4321.41 8549.9 22192.1 3112.77 13942.7 25428.9 6816.5 6585.76 11236.5 5140.44 2838.52 2360.8 2210.93 1992.12 3752.75 1777.61 1676.58 2600.19 5415.09 9579.26 1624.59 1403.25 24857.7 9578 1308.42 2449.59 1786.36 2408.25 3549.6 1303.32 1206.98 1352.53 1018.5 3092.84 5629.6 893.54 805.125 652.059 1239.52 8936.23 35379 10896.5 674.679 15739.2 20060.5 41824.6
threshold=18.166666984558109 22.000000000000004 41.708333969116218 43.125000000000007 21.000000000000004 1.0000000180025095e-35 19.650000572204593 21.650000572204593 0.083333335816860213 3.216666698455811 19.550000190734867 -0.88622298836708058 0.37002016603946691 0.31525969505310064 0.38460969924926763 0.2269546836614609 0.58216583728790294 0.6167074739933015 56.666666030883796 21.750000000000004 0.050000002607703216 15.083333492279055 15.916666507720949 0.68322628736495983 0.16587474942207339 -0.005039841402322053 8.2336206436157244 0.95642796158790599 0.19615242630243304 14.366666316986086 0.29012925922870642 -0.86974579095840443 19.550000190734867 21.050000190734867 14.050000190734865 15.550000190734865 18.045855522155765 17.250000000000004 23.208333015441898 6.2750000953674325 3.0499999523162846 0.99892947077751171 5.7750000953674325 8.2500000000000018 0.68322628736495983 0.68333333730697643 21.349999427795414 6.6208331584930429 0.94999998807907116 0.76249998807907116 -0.21862536668777463 -0.95754238963127125 0.013725490774959328 0 1.145192623138428 -0.70291268825530995 0.69521084427833568 -0.029244530014693734 3.2749999761581425 4.2500000000000009 0.017647059634327892 3.2749999761581425
decision_type=2 2 10 10 10 2 2 2 2 2 10 2 2 2 2 2 2 2 10 10 2 10 10 2 2 8 2 2 2 10 2 2 8 8 8 8 2 2 2 8 10 2 10 10 2 8 2 2 2 2 2 2 2 9 2 2 2 10 10 10 2 10
left_child=2 -2 4 -4 5 9 10 -8 -9 -1 19 12 13 -12 -14 31 -17 18 -18 22 21 27 28 24 -24 -22 -16 -21 37 36 -31 -13 33 34 -27 -36 40 53 39 -39 41 -30 43 51 -45 -38 47 -11 -44 50 -50 -42 -53 54 55 56 -7 -57 59 -55 -61 -62
right_child=1 -3 3 -5 -6 6 7 8 -10 46 11 15 14 -15 26 16 17 -19 -20 20 25 -23 23 -25 -26 32 -28 -29 29 30 -32 -33 -34 -35 35 -37 45 38 -40 -41 42 -43 48 44 -46 -47 -48 -49 49 -51 -52 52 -54 58 -56 57 -58 -59 -60 60 61 -63
leaf_value=2.9305104373339645 -0.34132570427803222 72.048811792601541 -2.216294664729805 -65.690929368381489 -13.297677860666495 -0.4412722706467358 -4.868095022759098 -171.6128209883982 -71.672824653448103 0.3658769646689955 -152.65145466792055 0.40709394033922774 -0.057575814511226245 -4.7998497132638542 -18.004038200976606 -1.1357540932587242 -31.987801813800985 -1.2858853144864961 -0.058279242601584971 -1.1732552315474647 3.8492003578296607 16.193612350506239 -29.120839242196428 -1.1056383130193879 -2.720979037600467 -2.0013713785091496 -6.8666455338834487 4.0757455684460702 -0.23757444427581517 4.8401749851659952 -0.68945758313592453 -1.3454081942826983 -0.22055932448211213 -1.0476361248530377 -1.3711491090136567 -38.917517707467958 -0.31722595950419752 -0.28888285404139563 22.140064443712237 16.398798997773365 -0.52592003764561501 3.8887938050301041 -0.49606788140556513 -18.092052543853715 -0.8477274306494561 -4.4098943411147031 0.80894402012014077 -0.31751289493398727 -21.223877232361431 -0.80118794819274286 -1.1502379705187307 -7.8447809731416616 -2.4678834326609547 -0.070482617919431223 0.028495977780340971 18.150377107827605 25.565541291215368 -0.18359925298375251 -0.28260569917914125 -1.6757414639090216 25.577962012546749 -1.2407977566571877
leaf_weight=6.9938971588905749 0.49484784587548247 0.19519120454788208 0.1322344672807948 0.048674430865503382 0.17600070196203788 0.51161484712119421 0.051888452110681604 0.015446244996049963 0.015358259665956719 17.09876331950268 0.028830145655951697 5.336272105404043 0.22854930362121317 0.063159270260350134 0.091891653742794122 0.91470856277208512 0.098318735013951331 0.29408349707017062 0.12188010662794113 0.52413320918611872 0.73386602453188654 0.39738129835973268 0.072015302979775792 0.22063989741550596 0.091538119365414949 0.14731313520432959 0.15157597148628293 0.3622746094514514 44.677628298471575 0.52645777881261679 0.73548137724606977 1.9852922238089128 4.3036486498269344 0.64312450877657235 0.036091510131528892 0.032093895204591549 0.34300882651132186 3.4937900355342051 0.13294167382087474 0.08815453991272626 0.63003268434383664 0.36258296462810236 20.995830131287097 0.058199646611264089 0.061245955250342377 0.44937053732397186 6.9412104361336473 12.557415601324022 0.056672228615329376 0.61993515291171919 0.09102885260140349 0.082944136032701787 0.43342649423073343 859.84760826357638 20.958496757795494 0.082415551440135348 0.17567402857821435 4.865845157948864 36.463641110276853 0.46508159927981929 0.29264538088908554 0.28888544541559291
leaf_count=128 5 783 10 224 62 314 41 67 34 121 116 102 22 42 92 75 110 17 1 110 32 83 117 45 36 40 40 16 17121 72 49 201 165 126 28 98 201 1982 23 69 135 71 3067 85 31 89 75 200 92 111 40 77 414 636855 9751 31 19 3281 12594 199 180 130
internal_value=-0.0529295 20.1357 -0.066088 -19.2945 -0.0628017 -0.0606008 -0.0911711 -48.4218 -121.786 0.651039 -0.0872323 -1.33987 -13.1426 -51.1376 -5.73793 -0.579141 -3.19746 -6.86444 -14.3148 -0.0756267 0.961727 5.68367 -0.0830884 -6.74183 -14.3453 -0.0663999 -11.0702 0.97201 -0.0805245 -0.351232 1.6174 -0.068109 -0.62304 -2.64038 -7.39369 -19.0437 -0.387309 -0.0600612 0.909764 0.121814 -0.361106 -0.204356 -0.667675 -2.49362 -9.24999 -2.63824 0.215424 0.0765069 -0.561471 -2.35032 -8.8524 -1.78966 -3.33157 -0.0639606 0.149346 0.863793 6.20618 0.121762 -0.0711535 -0.0630238 6.06477 12.2553
internal_weight=1059.39 0.690039 1058.7 0.180909 1058.52 1058.34 1014.75 0.082693 0.0308045 43.5913 1014.67 9.31456 0.564006 0.0919894 0.472017 8.75056 1.42899 0.514282 0.220199 1005.35 7.17993 1.28379 998.175 0.384193 0.163553 5.89614 0.243468 0.886408 997.791 70.1238 1.26194 7.32156 5.16227 0.858623 0.215499 0.0681854 68.8619 927.667 3.71489 3.58194 68.0695 45.0402 23.0293 1.26585 0.119446 0.792379 36.5974 29.6562 21.7635 0.767636 0.147701 1.1464 0.516371 923.952 26.594 5.63555 0.687289 4.94826 897.358 860.894 1.04661 0.581531
internal_count=690547 788 689759 234 689525 689463 688939 142 101 524 688797 818 312 158 154 506 203 128 111 687979 698 209 687281 198 153 489 132 126 687083 21655 121 303 457 292 166 126 21534 665428 2074 2051 21244 17192 4052 742 116 290 396 321 3310 243 132 626 491 663354 13396 3645 333 3312 649958 637364 509 310
cat_boundaries=0 1
cat_threshold=9437184
is_linear=0
shrinkage=0.05


Tree=4
num_leaves=63
num_cat=2
split_feature=5 14 8 0 3 13 13 12 13 4 4 0 8 23 11 13 18 11 20 10 9 8 10 18 12 13 15 11 11 12 11 10 8 18 14 10 20 13 15 17 0 3 4 9 11 21 8 18 11 10 9 11 12 6 23 12 20 10 19 15 0 10
split_gain=128422 157087 20497 11387.1 46474.9 42481.9 107476 5821.96 2134.32 9895.49 1758.53 1724.87 1738.36 7628.47 24162.3 29985 11520.2 3510.92 10895.6 34119.1 112985 249475 2888.31 4435.52 8184.3 2873.29 4212.41 12850.8 7969.48 2708.16 8537.08 9040.89 24394.5 56211.7 53383.1 169365 2546.21 3752.23 1789.32 3449.08 1482.91 12634.6 17447.4 30461.9 2007.8 1384.6 1135.51 1121.15 2104.91 943.827 1821.08 4272.23 858.413 833.11 727.65 2121.92 7846.45 34954 5568.84 58809.1 1346.74 999.937
threshold=18.166666984558109 0.048057714477181442 59.250000000000007 17.300000190734867 21.649999618530277 0.71373298764228832 0.52500927448272716 0.014423921238631012 0.63078063726425182 7.2500000000000009 17.550000190734867 9.9499998092651385 0.75000000000000011 0 15.083333492279055 0.2591827660799027 -0.22695468366146085 18.791666984558109 -0.82415616512298573 41.062500000000007 32.583333969116218 25.250000000000004 5.8541667461395273 0.98611506819725048 0.0050098039209842691 0.087289355695247664 2.2007019519805913 0.88749998807907116 3.0499999523162846 0.011115620378404857 1.7083333134651186 3.5499999523162846 4.2500000000000009 -0.84874749183654774 0.017647059634327892 3.2749999761581425 -0.86114627122879017 0.11346651986241342 2.5966091156005864 0.050000002607703216 0.25000000745058065 7.4500000476837167 21.650000572204593 2.9500000476837163 -0.94999998807907093 -0.16799793392419812 44.250000000000007 -0.84874749183654774 2.1833333969116215 6.2750000953674325 1.6458333134651186 1.5500000119209292 0.0022013215348124508 22.125000000000004 1 -0.019895927980542179 -0.99467751383781422 4.3541667461395273 0.98611506819725048 0.87434285879135143 1.0500000119209292 66.887500762939467
decision_type=2 2 10 2 2 2 2 8 2 2 2 2 10 9 10 2 2 10 2 10 8 10 8 2 10 2 2 10 8 10 10 8 10 2 2 10 2 2 2 2 2 2 2 10 8 2 10 2 10 8 10 10 10 2 9 8 2 8 2 2 2 10
left_child=2 -2 3 4 8 6 -6 -5 10 46 11 12 54 14 25 -16 -17 22 19 20 21 -19 23 29 -25 26 27 -14 -29 30 -15 32 47 -34 -35 -36 37 -33 -21 -40 41 44 43 -43 -12 -27 -10 48 -32 50 -47 -52 -53 -46 55 56 57 -1 -58 -60 61 -57
right_child=1 -3 -4 7 5 -7 -8 -9 9 -11 40 -13 13 17 15 16 -18 18 -20 38 -22 -23 -24 24 -26 45 -28 28 -30 -31 31 36 33 34 35 -37 -38 -39 39 -41 -42 42 -44 -45 53 49 -48 -49 -50 -51 51 52 -54 -55 -56 60 58 -59 59 -61 -62 -63
leaf_value=-40.968961449267312 59.311438215355224 -3.4916715863439181 12.623852159658702 0.52953159078408729 -72.988527544137554 -0.42680119599591387 -1.1961155078795993 2.9099687815904183 -0.74097583285476887 7.0632488731343717 -5.9122105020057516 0.64437991494026547 -1.3412870664744507 -0.70634064289233922 13.329072075617809 -0.8258970323963144 6.2825435206687201 -21.499892571398028 -0.76892270604960489 -0.24117458498574545 -4.1585032287577013 -258.78494388588842 -0.39173781948184583 -1.4035971043824074 -29.797464208086026 0.059051276279240776 -1.3159193714436006 -54.201898555058918 -11.569852339367594 -0.41249990298531647 -1.3313557267513862 -1.903252359102698 -8.5390378322506582 -4.967231908497598 -232.62732144650036 -2.9108584471190233 -0.88407188709178086 -23.591540115382518 -0.29345991925341464 -8.9277321497384001 -0.30439349965304463 -0.050060201659475168 -4.5216041621307443 -83.52284770510002 -0.48340453158472585 -0.67845255957391537 1.3048633155996923 -1.9046016957611251 -19.153819536812538 -0.53124992961582218 -0.83249220950191882 -21.244434540980404 -10.583638363866182 -3.1708373711480462 -0.050669239091280661 -0.11437454672052741 -0.37469225449378468 -0.050087586825327261 -55.466910463201572 -0.050071219928119193 -4.1597104056333336 -2.6842781664717257
leaf_weight=0.065982725491266048 0.20170866651528641 0.19662544131278992 0.31716510255864605 5.9899619259332422 0.09240972224995303 0.20152020454406738 0.11960004270076752 4.4969789204101289 1.979008790478251 0.58570824990155346 0.19323493480260368 7.8106762740159175 0.11614565679565352 3.6661406237039409 0.72607895982089754 1.5633524499293678 0.8969993116716054 0.041825069935068945 5.9841740761134901 0.63835488487407932 0.19283375953936005 0.015067672668724955 57.082004833060765 0.07388005047447066 0.038658726162724477 61.480280434877912 1.0089240694749484 0.022156584774700092 0.021697042901449064 5.5514098380290831 0.039021986171001388 0.053452554011882064 0.15319399185714427 0.020338542858949558 0.014833737687512283 0.017477825277240656 0.76237902299319527 0.031810659101630862 0.24805290841639258 0.21671053673296917 8.7399640949423194 0.02156860409468167 0.10064649173202135 0.022158006858237281 3.6839240928625379 0.40097171697338369 1.0319060087224721 0.37013994766104674 0.028789248280609803 5.2386593328705224 0.12467507814901924 0.037676377040032828 0.037853608351817745 0.31287336170063973 706.22208005590494 128.7815478650933 11.085262207440865 0.2496783141978085 0.053229370929186781 0.475857098470442 0.20683997452658687 0.37962712711765689
leaf_count=98 687 111 129 21 164 3 4 94 272 35 51 81 93 2353 66 103 56 71 417 12 39 141 11248 86 61 1982 476 72 33 1570 68 53 67 72 79 40 373 92 5 107 153 26 51 81 1728 102 14 258 66 669 56 46 54 107 566809 89750 8278 169 97 347 148 235
internal_value=-0.0740003 28.3106 -0.0849761 -0.0888901 -0.105754 -16.8643 -32.4886 1.5503 -0.0989528 1.11691 -0.10326 -0.0957441 -0.101557 -0.260336 0.126812 4.40061 1.76571 -0.570208 -1.68505 -5.73747 -22.4262 -84.3433 -0.533722 -1.28267 -11.1573 -0.0535097 -2.51121 -10.0485 -33.1092 -1.1789 -2.00382 -5.19318 -9.66007 -23.8567 -68.426 -108.37 -1.80052 -9.99489 -1.95943 -4.31946 -0.67939 -1.43554 -15.9785 -42.349 -0.934442 -0.0108351 -0.0398222 -2.98742 -8.89788 -0.746581 -2.62298 -6.51748 -15.9015 -0.69378 -0.0740334 -0.174849 -0.825281 -8.60337 -0.613884 -5.62535 -0.128384 -0.121928
internal_weight=1030.53 0.398334 1030.14 1029.82 1019.33 0.41353 0.21201 10.4869 1018.92 3.59662 1015.32 1002.25 994.436 146.916 71.6755 3.18643 2.46035 75.2406 7.33702 1.35284 0.249727 0.0568927 67.9035 10.8215 0.112539 68.489 1.16892 0.159999 0.0438536 10.709 5.15758 1.49144 0.643795 0.205844 0.0526501 0.0323116 0.847642 0.0852632 1.10312 0.464763 13.0744 4.33441 0.144373 0.0437266 4.19003 67.3201 3.01091 0.437951 0.0678112 5.83984 0.601177 0.200205 0.07553 3.9968 847.52 141.298 11.93 0.315661 11.6143 0.529086 129.368 129.161
internal_count=690829 798 690031 689902 689787 171 168 115 689616 321 689295 687098 687017 21086 3808 225 159 17278 792 375 251 212 16486 5238 147 3583 674 198 105 5091 3521 1168 650 258 191 119 518 145 124 112 2197 2044 158 107 1886 2909 286 392 134 927 258 156 100 1835 665931 99122 8989 267 8722 444 90133 89985
cat_boundaries=0 3 6
cat_threshold=49397824 67141632 1080295944 45269056 524289 239075584
is_linear=0
shrinkage=0.05


Tree=5
num_leaves=63
num_cat=2
split_feature=0 3 0 8 0 7 8 5 4 6 5 20 9 7 23 11 13 12 7 23 7 11 15 20 18 7 12 6 11 13 20 18 13 8 20 18 3 15 19 10 13 19 12 18 16 4 16 7 7 12 11 16 10 20 9 8 10 15 15 11 15 15
split_gain=935934 26028 59236.9 12382.6 3324.93 11166 37316.9 65287 1788.63 1265.41 1205.73 2068.23 7181.57 12692.6 881.157 4222.83 2209.07 36554.6 1788.97 1584.82 1515.47 2600.21 4137.4 4084.08 1256.72 1122.87 2832.8 1007.05 2067.23 1030.27 971.143 2613.71 4003.99 828.27 811.571 1734.92 5581.93 8778.65 4878.28 7615.81 1049.63 1199.21 7993.03 1047.89 808.484 2447.12 685.781 1405.71 648.302 595.827 1092.88 835.687 1239.42 12794.7 1756.98 5855.05 4939.52 823.179 1069.75 685.172 1119.06 4323.05
threshold=22.19999980926514 21.649999618530277 21.10000038146973 60.750000000000007 5.3500001430511483 17.550000190734867 45.750000000000007 9.6083331108093279 21.150000572204593 21.875000000000004 0.8541666865348817 -0.97509795427322377 2.4500000476837163 0.94999998807907116 0 24.291666984558109 0.017277100123465065 -0.028309604153037068 0.22500000149011615 1 4.7916667461395273 0.55000001192092907 2.7301785945892338 0.14250627160072329 -0.52778512239456166 1.1458333134651186 0.013667346909642221 27.458333015441898 15.550000190734865 0.53384226560592662 -0.76141706109046925 -0.95642796158790577 0.29422864317893987 19.750000000000004 -0.95754238963127125 -0.72947329282760609 1.0000000180025095e-35 4.9112911224365243 -0.52778512239456166 4.1833331584930429 0.32686723768711096 0.99892947077751171 -0.011792247649282215 -0.97335553169250477 0.083333335816860213 30.550000190734867 0.050000002607703216 16.22500038146973 5.7916667461395273 0.010359282605350019 0.55000001192092907 0.083333335816860213 2.2749999761581425 -0.97113886475563038 3.1833333969116215 3.2500000000000004 3.6833333969116215 2.7514550685882573 2.2521826028823857 10.449999809265138 2.3778175115585332 1.8721059560775759
decision_type=2 2 2 10 2 8 10 2 2 2 2 2 10 10 9 10 2 8 10 9 8 8 2 2 2 8 10 2 8 2 2 2 2 10 2 2 2 2 2 10 2 2 8 2 2 2 2 10 10 10 10 2 10 2 10 8 8 2 2 10 2 2
left_child=1 3 -3 4 8 48 7 -7 10 44 14 12 -12 -14 15 16 17 -1 -16 20 21 -20 23 -23 -24 -26 -27 28 -21 49 31 -22 -33 -13 35 36 38 -38 39 -18 41 -36 -43 -42 -10 -46 47 -31 -6 50 -29 59 53 -53 55 57 -57 58 -54 60 61 -52
right_child=-2 2 -4 -5 5 6 -8 -9 9 -11 11 33 13 -15 18 -17 34 -19 19 27 30 22 24 -25 25 26 -28 29 -30 46 -32 32 -34 -35 40 -37 37 -39 -40 -41 43 42 -44 -45 45 -47 -48 -49 -50 -51 51 52 54 -55 -56 56 -58 -59 -60 -61 -62 -63
leaf_value=32.415257573544103 131.26825478421179 -29.77201621378687 4.8199291162003943 11.00592041686545 -0.30344279273709862 18.824217308802837 -0.32956517908801042 -0.44138525990436916 -0.83160155435680283 -6.2818907083005975 -0.59910277903777009 -0.50933673573791383 -0.050046613408821772 -66.390314709131488 -0.064497687769126816 4.2541810213770885 21.748587210248814 -0.050064683086096455 -0.21806381680810821 -0.2090352157255253 0.1298763716882945 -27.126872174308769 -0.87141751088551223 -5.5201637242178521 -0.66301345056784378 -18.016733073483184 -2.1845985498834475 -0.20495224041567425 1.8546047079491101 -0.85753533562801809 0.029700345365748296 5.1500248562373319 0.61674288132680732 -3.2250113478455762 -0.16285391502893889 0.11272979791962151 13.86183076743378 -0.19616226655694249 -0.26450444300981923 -0.60868360022818779 1.482112485845273 15.572243170077208 -0.050995185276161648 0.13382743942792233 -1.409780435385847 -13.484030115652994 -1.0971960848524613 -7.7748752752633425 0.18493253690078526 -0.32265569862596916 -1.7725633266801997 23.678209233436608 -16.101044285821544 -1.4470403022842251 -0.48886442686033454 -49.692317371094958 -9.5656423345091071 -0.83937742960306583 -0.050029986986572662 -0.7120940685217092 -1.2485995434800126 -11.457198284259503
leaf_weight=0.092406315496191382 0.13566184043884177 0.23449241084456196 0.26208279819745806 0.25250812287720137 9.8996854451171377 0.81733210522926214 3.8070598920953733 0.95188282092772858 1.9795266419806845 0.12850845848924253 0.091067927120007303 2.3888655874557387 0.016489445230035923 0.012812181107996232 720.45962868906668 0.60168181442567359 0.066517876063253129 1.4052140312755756 4.5034746897549685 8.5000132181365053 6.0156799717538672 0.033232854526321784 0.6080497477983936 0.063966542255672512 0.073220236972426606 0.047258360290374696 0.07025834306988521 9.8605181530833725 1.4156751750449323 0.18614883323026199 22.159029387601898 0.73666283976029578 1.4377268622548132 0.3181694513780492 56.778556648381944 14.098359555308084 0.21563925717188892 0.2289625775284474 1.8825737994687777 0.089129663450886659 1.9819931875558223 0.092947593482676893 0.68673627893986022 5.280534223966284 0.21569803850238622 0.052099825716156678 2.7582457977760937 0.12130473072710868 21.669998265688065 56.218816619936312 0.76959184226442534 0.05917295685212548 0.021804148181285635 0.35260272801359543 6.7763293555010442 0.012075721074033301 0.021017925457832615 0.23881941829342793 0.019812902221365017 3.4179986591181839 3.4716748627038445 0.1355207972523651
leaf_count=93 854 198 14 80 207 94 51 15 991 89 94 1342 24 93 611443 37 57 1153 956 1063 30 80 164 65 39 94 32 10028 33 122 217 84 80 93 40820 3266 55 46 767 68 39 65 346 154 200 81 485 61 68 8829 553 57 88 369 760 76 68 246 39 280 2608 377
internal_value=-0.0525656 -0.0707972 -11.5151 -0.0649785 -0.0678415 0.396122 2.45878 8.45883 -0.0861902 -1.45635 -0.0827156 -1.11368 -7.52673 -29.0574 -0.0795949 0.0718995 0.0502177 1.95311 -0.0942051 -0.26595 0.0502742 -0.707477 -3.1674 -12.9076 -1.98218 -5.52318 -8.55136 -0.353609 0.0855932 -0.447059 0.201652 0.666885 2.15258 -0.828522 0.0152085 0.32736 1.54611 6.6222 0.438848 8.94597 -0.0646399 -0.13611 1.81148 0.501784 -1.18042 -3.75881 -1.34687 -3.58675 0.0317868 -0.41316 -0.615413 -0.880008 -0.503286 2.16351 -0.658172 -4.31742 -24.2077 -1.97022 -8.45953 -1.24256 -1.65682 -3.22263
internal_weight=977.301 977.165 0.496575 976.668 976.416 37.146 5.57627 1.76921 939.27 2.37583 936.894 2.8274 0.12037 0.0293016 934.067 83.5013 82.8996 1.49762 850.565 130.106 35.7486 5.39946 0.895986 0.0971994 0.798787 0.190737 0.117517 94.3571 9.91569 84.4415 30.3491 8.19007 2.17439 2.70704 81.402 16.5812 2.48282 0.444602 2.03822 0.155648 64.8208 57.5582 0.779684 7.26253 2.24732 0.267798 3.0657 0.307454 31.5697 81.3758 25.1569 15.2964 7.50164 0.411776 7.08986 0.31353 0.0330936 0.280436 0.0416171 7.79479 4.37679 0.905113
internal_count=690980 690126 212 689914 689834 435 160 109 689399 1361 688038 1646 211 117 686392 46966 46929 1246 639426 27983 1841 1430 474 145 329 165 126 26142 1096 25046 411 194 164 1435 45683 4259 993 101 892 125 41424 41231 411 193 1272 281 668 183 275 24378 15549 5521 1703 426 1277 517 144 373 127 3818 3538 930
cat_boundaries=0 3 6
cat_threshold=81920 524289 35651840 12615744 0 4194312
is_linear=0
shrinkage=0.05


Tree=6
num_leaves=63
num_cat=2
split_feature=3 7 7 21 18 18 18 13 21 19 3 20 23 10 2 21 13 12 13 13 7 11 13 21 20 11 18 9 19 12 14 20 20 13 18 19 15 10 7 10 7 7 10 11 5 20 18 4 6 4 10 7 7 23 11 12 15 18 7 20 7 19
split_gain=294217 6864.42 11446.9 56271 51690.4 8036.12 16681 1895.47 4001.01 7666.17 1820.41 2936.44 1156.81 3485.23 12241 11878.6 31151.8 2331.54 20516.5 2608.57 1624.62 1604 3707.1 1219.76 11015.8 2537.42 1804.85 5982.51 1633.09 11494.1 1779.48 1241.73 10095.7 45029 2365.33 7164.24 2551.46 780.725 672.236 660.309 643.826 581.751 836.291 1579.55 618.21 2306.17 3620.95 563.837 698.211 1524.62 3145.78 521.014 3072.47 544.029 55355 860.692 2604.77 1177.5 661.715 1288.56 4492.2 8274.95
threshold=21.649999618530277 40.583333969116218 28.791666984558109 -0.66527268290519703 -0.63405361771583546 0.16280825436115268 -1.0000000180025095e-35 0.63078063726425182 -0.52034142613410939 0.41248606145381933 12.84999990463257 0.43733377754688268 0 69.708332061767592 0.65000000596046459 -0.30982844531536097 0.088991168886423125 -0.028309604153037068 0.018975947052240375 0.015180757734924557 26.833333015441898 14.083333492279055 0.44805771112442022 -0.86974579095840443 -0.47558552026748652 3.7749999761581425 -0.95642796158790577 0.22500000149011615 0.99892947077751171 -0.011792247649282215 0.021568628028035167 -0.98214942216873158 -0.97876849770545948 0.11953766644001008 -0.72947329282760609 -0.52778512239456166 2.4765475988388066 38.583333969116218 0.31666667759418493 2.0499999523162846 5.5499999523162851 1.0000000180025095e-35 6.5499999523162851 1.7083333134651186 0.35416665673255926 -0.43733984231948847 0.2269546836614609 20.250000000000004 18.875000000000004 21.650000572204593 24.050000190734867 24.937500000000004 24.625000000000004 1 16.854166984558109 -0.030397615395486351 1.3301724195480349 1.0000000180025095e-35 15.125000000000002 -0.36647418141365046 19.708333015441898 -0.52778512239456166
decision_type=2 10 10 2 2 2 2 2 2 2 2 2 9 8 10 2 2 8 2 2 10 10 2 2 2 8 2 10 2 8 2 2 2 2 2 2 2 10 10 10 8 8 8 10 2 2 2 2 2 2 8 10 10 9 10 8 2 2 10 2 10 2
left_child=1 2 7 4 -4 6 -3 12 -9 -10 11 37 13 17 15 -15 -17 18 19 -1 47 22 23 24 39 26 27 -26 31 30 -30 34 33 -33 35 -25 -37 -5 -29 -19 -36 44 43 -43 -34 46 -46 51 -49 -50 -51 52 53 54 55 56 57 -14 -55 60 -60 -62
right_child=-2 5 3 10 -6 -7 -8 8 9 -11 -12 -13 20 14 -16 16 -18 21 -20 -21 -22 -23 -24 28 25 -27 -28 38 29 -31 -32 32 41 -35 40 36 -38 -39 -40 -41 -42 42 -44 -45 45 -47 -48 48 49 50 -52 -53 -54 58 -56 -57 -58 -59 59 -61 61 -63
leaf_value=-37.873623357129794 60.1985414000765 -25.998054722752357 3.1458917331951612 -3.7020681262366839 22.877941082425608 -0.90516205365634139 -2.1664945798448847 0.13482655824283873 7.5429304964262576 -0.18768404543296641 0.29846066221291473 -0.21797960365930177 -14.401688089314867 -8.756762552925748 -0.17465390526533781 -0.050039421403926657 -97.377411654532992 -13.366890441005268 -0.91194405830787295 -18.472118113729177 -3.7374876543016784 0.325363371009048 -10.985952375666084 -20.41008700886448 -0.235806023337438 -9.0114511061566347 -0.26562806734507632 -13.771043146559055 -13.212627404345421 -0.050646766008897219 -28.444458089786565 -0.70839805600222894 -0.093373952547742875 48.905843616588385 -0.35325299085267031 -11.489605487853099 -1.0481724034109126 -8.2230016592709774 -7.6902368340766003 -8.094829403591552 -3.9948033382311885 -1.3850981105747371 -0.46762837176405941 -8.73603035249754 -17.367091817409499 -0.29916023888327437 -0.050064379528746497 -0.38834659728869153 -0.28348248580569096 -17.52088736951865 -1.5968606786743977 -1.1939822761664678 5.3705476442833877 -0.077035372377867672 24.368781089994599 0.0046421271113176975 -0.59847740086848411 -3.3750672914296014 -0.55127384614873198 -0.18395413595085955 -0.86912728463358602 -15.133870066491951
leaf_weight=0.037013955613241722 0.20249697427607216 0.11560235684688591 0.83776888212330813 0.32942408221225272 0.54965619896371798 0.56252027441747288 0.2012643359192039 5.0276664285307691 0.57720322324209683 0.7216306940439724 4.6188810575856456 1.0247349026218584 0.052257510777065419 0.091246001797647081 0.40938224810997781 0.018345437326001079 0.014898172415782007 0.14944491419009764 1.2756897100368845 0.032569636470829 0.30290368977386961 10.181057885606874 0.081924758487338489 0.058923547406604659 0.53835711474281467 0.0883079242242929 7.6370252421101688 0.09076791018014771 0.037976377483880372 0.47718338259801174 0.038729671174223768 0.22785004408793894 35.770717854861786 0.05721568213732256 3.0810545126100761 0.065476610424334392 0.54965243370983774 0.13447871023932179 0.091034784292704202 0.098561707243788987 0.12635451811801957 0.4755784037290906 4.4513220911104909 0.086346742544503086 0.054859219182470831 0.60228248551157637 0.067119936641574895 7.2630141493431477 0.26773734882887479 0.045568382891558713 0.097105620203578852 1.0319478742462695 0.25944123429655874 754.44654512679961 0.23351943723086677 71.827934347970327 0.74712709932390364 0.045111678893135831 2.8898682336694459 15.128220362636874 0.28496686285892259 0.15805506315832407
leaf_count=68 1060 140 50 84 76 31 18 139 72 38 18 30 76 87 20 48 68 89 937 46 90 76 75 87 564 40 6669 63 45 326 55 193 33741 51 1982 71 446 89 38 43 20 453 606 91 73 175 67 1076 43 86 87 116 12 604210 29 34411 439 49 383 372 56 203
internal_value=-0.0639955 -0.0770211 -0.0728725 1.87331 10.9631 -4.4925 -10.861 -0.0885828 0.773924 3.24781 -0.191598 -1.71213 -0.0945001 -0.283651 -4.3497 -18.0793 -43.6674 -0.293657 -2.35405 -28.7925 -0.0754652 -0.251135 -0.357843 -0.34199 -0.885356 -0.580355 -0.491266 -2.88408 -0.239808 -2.93846 -20.9033 -0.207082 -0.127632 9.2497 -1.06254 -3.755 -2.1596 -5.01262 -10.7262 -11.2717 -0.49671 -0.192033 -0.697076 -2.51466 -0.122656 -1.56889 -7.83827 -0.0750504 -0.501722 -2.50812 -6.68281 -0.0711854 -0.0698159 -0.0714847 0.0563534 -0.0140157 -1.60094 -9.29299 -0.0831959 -0.380024 -1.27 -5.9583
internal_weight=937.049 936.846 935.967 7.49494 1.38743 0.879387 0.316867 928.472 6.3265 1.29883 6.10752 1.48864 922.146 67.0643 0.533872 0.12449 0.0332436 66.5304 1.34527 0.0695836 855.081 65.1851 55.0041 54.9221 8.6935 8.44549 8.35719 0.72016 46.2286 0.553889 0.076706 45.6748 41.7933 0.285066 3.88146 0.674053 0.615129 0.463903 0.181803 0.248007 3.20741 41.5082 5.01325 0.561925 36.495 0.724262 0.121979 854.778 7.67343 0.410411 0.142674 847.105 846.073 845.814 72.906 72.6724 0.844496 0.0973692 772.908 18.4611 3.33289 0.443022
internal_count=690996 689936 689747 347 126 189 158 689400 249 110 221 203 689151 47413 223 203 116 47190 1051 114 641738 46139 46063 45988 7506 7374 7334 665 38482 426 100 38056 35450 244 2606 604 517 173 101 132 2002 35206 1150 544 34056 315 140 641648 1292 216 173 640356 640240 640228 35004 34975 564 125 605224 1014 642 259
cat_boundaries=0 3 4
cat_threshold=131072 524288 237240320 2184216576
is_linear=0
shrinkage=0.05


Tree=7
num_leaves=63
num_cat=4
split_feature=3 0 18 8 7 10 23 11 7 7 7 13 11 9 13 13 7 16 14 11 10 4 14 14 21 12 20 0 11 21 13 21 11 10 21 20 11 8 9 11 14 13 10 16 20 23 7 23 12 13 17 20 9 18 16 21 20 13 23 12 9 13
split_gain=78934.3 638682 45979.7 12128.6 5624.37 4219.27 2293.18 80086.1 48422.3 4133.47 1830.31 2513.82 1897.77 1670.12 1654 2261.75 3932.94 7220.56 1965.21 1150 2100.39 1023.64 2077.12 2828.67 886.19 35027 173313 11184.7 724.104 1300.86 1000.64 2874.06 717.768 2765.28 1679.59 7359.2 9139.09 5065.6 8633.8 20059.6 16035 6218.87 2426.05 10479.1 42107 1594.28 1020.48 773.77 5328.28 35509.3 7149.86 885.744 743.654 707.24 1194.95 701.105 3557.69 7502.26 692.372 670.149 668.553 1194.52
threshold=21.349999427795414 15.050000190734865 0.99465191364288341 60.750000000000007 40.250000000000007 42.062500000000007 0 21.208333015441898 35.791666030883796 18.083333015441898 24.937500000000004 0.21062221378088 23.937500000000004 38.049999237060554 0.33206827938556677 0.50288879871368419 27.625000000000004 0.15000000596046451 0.055752867832779891 1.4499999880790713 2.6833333969116215 34.449998855590827 0.053132651373744018 0.025490196421742443 0.85561370849609386 -0.026047908701002594 -0.30983471870422358 0.35000000894069677 0.55000001192092907 -0.10837475582957266 0.053132651373744018 -0.074115883558988557 0.35416667163372045 4.5499999523162851 -0.17646729946136472 -0.97113886475563038 2.2749999761581425 5.2500000000000009 1.6458333134651186 2.7749999761581425 0.033333335071802146 0.18845727294683459 2.0499999523162846 0.083333335816860213 -0.97113886475563038 1 17.791666984558109 2 -0.028309604153037068 0.017277100123465065 0.11666667088866235 -0.95754238963127125 2.7749999761581425 -0.98611506819725026 0.083333335816860213 -0.19337245076894757 -0.97876849770545948 0.096729531884193434 3 0.00039447884773835545 5.8541667461395273 0.15280646830797198
decision_type=2 2 2 10 10 10 9 10 10 10 10 2 10 10 2 2 10 2 2 10 10 2 2 2 2 8 2 2 10 2 2 2 10 8 2 2 8 8 8 8 2 2 8 2 2 9 10 9 8 2 2 2 10 2 2 2 2 2 9 8 10 2
left_child=3 2 -2 4 6 -6 7 9 -9 13 12 -12 32 19 18 -16 -17 -18 -13 21 -21 24 23 -23 28 26 -26 -27 -1 -30 -31 -32 46 34 35 36 -34 53 -39 -40 -41 -42 43 -36 -45 -35 47 48 49 50 -8 55 -44 54 -37 56 57 -50 60 -60 61 -22
right_child=1 -3 -4 -5 5 -7 10 8 -10 -11 11 14 -14 -15 15 16 17 -19 -20 20 58 22 -24 -25 25 27 -28 -29 29 30 31 -33 33 45 42 37 -38 38 39 40 41 -43 52 44 -46 -47 -48 -49 51 -51 -52 -53 -54 -55 -56 -57 -58 -59 59 -61 -62 -63
leaf_value=-0.13555082922267406 -35.854831967815763 100.25003945433814 -0.21077417220620795 19.390932605856445 -1.3465591704747337 -8.8952747947334778 -68.411154144931416 29.413810488914834 3.5725853075360812 2.2720420459334076 -0.15732871640383561 -7.7109568438328964 4.2456202532497107 1.5246416355499259 -0.76952052218532074 -1.3467295041161584 -21.956440760589203 -0.56584469155406325 -1.3437421180398166 1.1962544129324442 0.17736082882504259 -32.804412000030396 -0.052746852594635456 -2.7612153786217193 117.24769074141267 -0.092012980872238928 -1.260674507836185 21.452890014883025 -0.627337380821964 -0.89741279235948856 -1.2253499086468878 -16.071290239976445 29.720660436350638 0.099805823017645887 -1.3052261299722068 -2.0413727911873276 -0.050407090975132775 -1.021300192913952 -11.045817577585529 -213.72102889352419 -108.43349505732358 -0.050012323242885043 -0.83562452388892616 -76.534532188490971 -2.8501543404666716 -0.30195679018529953 1.6776002826721343 -0.05443588728348292 -1.4052485571237685 -1.7852737098793054 -27.859605369760779 -0.15432449493979161 -4.8882912670973102 -0.80595338267227712 -17.238720837980907 -0.58490422978059575 -0.84372870466786543 -29.267814624073324 -1.0143425911822204 -0.084152134512803053 0.13889684130941582 1.6050028277934576
leaf_weight=96.770684383407314 0.1809557888185489 0.16668889368861628 0.18094705045223236 0.080133726197572197 0.47020753593305215 0.30530117475901236 0.021933140740835175 0.3678928661105767 0.35739429722885296 2.0418851276381238 4.9215641122499845 0.25307916818473075 0.25208343356280138 1.803835433668495 2.0752136067259199 0.3100483340926774 0.077316886861365314 0.080556207417603803 0.23253119640984132 4.5084485101428404 4.0578360602731323 0.013738441204356071 0.063703904899307495 0.018232661906269439 0.037937644859396408 16.67995992951959 0.16516584164113673 0.060456841679996098 1.7959246176996615 0.10498047359215473 0.078187077762202281 0.055913417340584651 0.043666963062645274 37.882208548424785 0.31837686543732624 0.049970271457285678 0.062925908557582622 0.051547936204764035 0.022698243720524054 0.0023400178718630156 0.0027670603363457607 0.0025369392848704733 0.79491032999533662 0.02483807346852894 0.088368535322783562 52.862411712823516 0.83082613505416603 558.15930777554445 0.073719428791511471 0.71959154358008814 0.021549542952805659 46.938612578189982 0.13199106369792346 3.5622247156339593 0.017452020577293489 5.4273255592935303 0.69271764064258912 0.035937048108516195 2.1203180729716462 22.307777103735702 38.24901672507967 2.2932195257506143
leaf_count=73180 170 900 1 71 18 134 67 81 22 88 54 102 34 92 172 57 97 5 12 120 87 72 30 46 53 15428 209 43 303 11 7 124 99 741 635 183 23 6 85 79 58 45 338 83 161 7810 51 531849 88 1129 45 47130 254 2492 76 3801 678 59 223 434 181 78
internal_value=-0.049154 19.2668 -18.0332 -0.0603513 -0.0620608 -4.31833 -0.0584376 0.0918388 16.6802 0.0343264 -0.0989859 -0.854797 -0.0919078 0.0104273 -1.98815 -1.47757 -4.61774 -11.0417 -4.66206 -0.00399538 0.15065 -0.102162 -5.27187 -15.6712 -0.0978886 0.236201 20.8755 -0.0142051 -0.155179 -1.08858 -4.55334 -7.41539 -0.0934503 -0.220634 -1.34464 -0.807425 12.1456 -1.17943 -13.4772 -34.6382 -104.694 -56.5929 -2.85454 -5.95108 -19.0169 -0.156514 -0.0735462 -0.0759232 -0.243129 -4.43666 -48.3142 -0.228672 -1.41273 -0.901974 -5.97515 -0.788854 -2.16839 -10.5365 0.0823579 -0.116997 0.177893 0.692849
internal_weight=912.382 0.528592 0.361903 911.853 911.773 0.775509 910.998 193.953 0.725287 193.227 717.045 7.95031 709.095 191.185 3.02875 2.54314 0.467921 0.157873 0.48561 189.382 73.5366 115.845 0.095675 0.0319711 115.749 16.9435 0.203103 16.7404 98.8057 2.03501 0.239081 0.1341 708.843 95.9212 5.17661 3.81813 0.106593 3.71154 0.0818902 0.0303423 0.00764402 0.005304 1.35848 0.431583 0.113207 90.7446 612.922 612.091 53.9314 0.763074 0.0434827 53.1683 0.926901 3.62965 0.0674223 6.2297 0.802374 0.109656 69.0282 24.4281 44.6001 6.35106
internal_count=690804 1071 171 689733 689662 152 689510 90912 103 90809 598598 499 598099 90721 445 331 159 102 114 90629 1123 89506 148 118 89358 15733 262 15471 73625 445 142 131 598065 13168 4617 3146 122 3024 273 267 182 103 1471 879 244 8551 584897 584846 52997 1241 112 51756 592 2751 259 4626 825 147 1003 657 346 165
cat_boundaries=0 3 6 9 12
cat_threshold=2184233024 32768 205521664 12648464 1 262152 12779520 524289 35651584 1097728 0 4194304
is_linear=0
shrinkage=0.05


Tree=8
num_leaves=63
num_cat=1
split_feature=3 5 11 7 3 8 21 7 4 10 11 10 11 9 20 20 7 11 8 20 13 23 2 21 17 18 20 11 8 5 10 11 10 9 3 5 6 6 13 16 18 10 8 21 21 13 21 20 20 20 13 20 4 20 1 19 18 13 6 18 4 10
split_gain=331544 1.00627e+07 1.21508e+07 23003 57739.5 9534.58 155367 3814.5 15115.1 2565.23 2488.21 2283.65 5842.04 3425.3 1616.16 4096.05 974.715 2667.9 989.794 1118.78 2288.85 1115.93 1344.47 2816.54 763.076 820.8 711.817 1816.48 570.107 500.861 495.437 1061.49 2177.51 432.713 899.332 898.981 887.14 20282.7 803.216 4746.89 6679.36 728.924 4011.34 13549.7 10332.8 15581.9 2538.2 938.779 1295.52 579.145 1464.58 4108.24 382.137 369.081 2034.85 1251.61 3107.83 12021.3 2058.32 9936.55 653.109 1202.65
threshold=21.349999427795414 14.22499990463257 -32.624999999999993 41.083333969116218 0.25000000745058065 61.750000000000007 -0.42958799004554743 24.354166984558109 5.3500001430511483 41.062500000000007 24.854166984558109 49.049999237060554 -2.7250000238418575 50.583333969116218 -0.44504626095294947 -0.66528618335723866 22.562500000000004 22.291666984558109 18.750000000000004 -0.93545487523078907 0.15767665952444079 0 1.1500000357627871 0.54759982228279125 0.050000002607703216 0.99465191364288341 0.70290291309356701 14.366666316986086 16.250000000000004 1.0791667103767397 17.550000190734867 12.854166507720949 26.562500000000004 0.22500000149011615 1.5500000119209292 0.37916666269302374 25.875000000000004 25.375000000000004 0.21923788636922839 0.083333335816860213 -0.72947329282760609 5.7750000953674325 3.7500000000000004 0.84658399224281322 -0.96687281131744374 0.36622497439384466 -0.34234976768493647 -0.97113886475563038 -0.98214942216873158 -0.97113886475563038 0.17602155357599261 -0.98523971438407887 11.949999809265138 -0.99467751383781422 1.0000000180025095e-35 -0.84874749183654774 -0.47114434838294977 0.14998150616884234 36.791666030883796 -0.2901292592287063 17.250000000000004 55.437500000000007
decision_type=2 2 10 10 2 8 2 8 2 8 8 10 8 8 2 2 10 10 10 2 2 9 10 2 2 2 2 8 10 2 10 8 8 8 2 2 2 2 2 2 2 8 10 2 2 2 2 2 2 2 2 2 2 2 10 2 2 2 2 2 2 8
left_child=3 -2 -3 5 -5 7 -7 16 9 10 -9 -11 -13 -14 15 -12 17 18 21 20 -20 22 33 -24 -21 52 27 -18 53 30 -22 -32 -33 34 36 -36 37 -1 49 -40 -41 42 47 44 -44 46 -46 48 -35 50 -38 -52 -26 54 55 56 57 -23 59 -58 -57 -62
right_child=1 2 -4 4 -6 6 -8 8 -10 11 14 12 13 -15 -16 -17 26 -19 19 24 29 28 23 -25 25 -27 -28 -29 -30 -31 31 32 -34 41 35 -37 38 -39 39 40 -42 -43 43 -45 45 -47 -48 -49 -50 -51 51 -53 -54 -55 -56 60 58 -59 -60 -61 61 -63
leaf_value=-0.45249867535788213 -32.604614619905689 -37.101914943243649 2779.1028208198873 -0.34764321647310426 -55.475614522076185 92.556421752430666 -0.33059806914780876 0.98136289550264899 3.136222126480376 -1.4600071268068975 -7.4142960271788798 -0.056589954340231875 -23.814685224389692 -6.782903151896341 -0.44433642488650382 -0.45609023000763182 -0.35177800285596483 6.1371703156047861 1.5830001177001043 0.16552073429557984 0.10096642266470345 -0.034962571671310221 -0.45794191231439085 -6.568372561845691 -0.57016146017537783 0.40020805183817754 -0.36817278826686706 -5.7923148413715007 -0.56339015041720619 0.47571916004396164 -0.15929179150073869 -8.4189855515162382 -0.45409171160604683 -2.0187857910604059 -0.88000112784062168 -10.30183680748606 -0.66613426149954469 34.891563329109921 -0.1936559065865775 -30.914580185768244 -1.1573665284747638 -0.31672403068150695 -2.7441113394688279 -0.3202734289824577 -117.85287089990996 -14.438612821723925 -72.943588213886144 -0.54547432757339143 -11.698910599955738 -0.16181375205321477 -0.050041716066161972 -21.323064654826858 0.0064779554888617259 -0.072244347817507035 4.0188045664720979 -0.05288493740216569 20.698811729077221 27.375762934870775 0.24233655875375471 -0.44021696737569399 -15.137552102030837 -1.3181378887952526
leaf_weight=0.74546910994644677 0.2004663497209539 0.0080968374386429787 0.0072684010642660732 0.17122460353648772 0.065730921924723629 0.048052749189082533 0.71288471226580341 2.5808660169371502 4.4290330741308646 0.60804845552019693 0.32059889034234845 0.13652946680829689 0.058662629408916304 0.059422909544086723 2.9408215094322281 0.62151721606295107 0.36413088333833477 0.17282701285580415 3.5050704713619778 22.459290136254516 7.4935524331424714 0.16386316665011719 0.66881703959197936 0.26264601556751699 11.516612314148896 3.7350090489409178 0.75667523861534391 0.26513262248888947 5.7636290156769965 7.6996696449199087 1.265582020903504 0.130116266400567 0.25200597738014813 0.17747401661538076 0.060062519170287376 0.043765275698375739 2.8398341067288371 0.042928760216434214 0.45169292148021634 0.032381358555502726 0.045153633753536315 15.622741356848907 0.018118613313788622 0.13199203411222274 0.0050930653494419371 0.013899891394937747 0.0082309098440568416 3.7178341216950299 0.042923565157999444 54.494894341976121 0.073143891482383733 0.032905418930699898 3.8281154706791414 664.36863981906924 0.32761309283254902 28.425583729705973 0.072293082881515147 0.052915758469117835 4.2687016759717675 0.24062225815392135 0.019880581896061542 0.07565331020518154
leaf_count=914 259 62 771 78 105 48 752 66 124 72 152 10 74 26 103 15 16 19 42 102 62 151 169 70 746 17 12 109 475 29 72 105 60 232 61 61 3655 19 288 55 66 3400 30 7 87 11 66 1672 54 56944 108 62 11 597528 179 16275 42 55 3086 188 84 157
internal_value=-0.0479792 61.9145 1295.08 -0.0635386 -15.64 -0.0592432 5.53516 -0.0642018 0.830286 -0.56371 -0.221917 -3.12471 -7.1002 -15.244 -1.0217 -2.82394 -0.07662 -0.0744479 -0.075718 0.116785 0.420551 -0.0909266 -0.259799 -2.18091 -0.0320005 -0.264508 -1.40151 -2.64408 -0.0671967 0.178612 -0.0716401 -0.856633 -3.16621 -0.270085 -0.20215 -4.85147 -0.193935 1.47201 -0.216592 -2.15557 -13.585 -0.472677 -1.06467 -8.42088 -32.0018 -51.4739 -90.1101 -0.733432 -3.90404 -0.198727 -0.881574 -6.65072 -0.426305 -0.0640622 0.097496 0.0589399 0.806061 6.656 0.529271 4.44355 -0.0667558 -4.19395
internal_weight=859.724 0.215832 0.0153652 859.509 0.236956 859.272 0.760937 858.511 11.7555 7.32647 6.4638 0.862663 0.254615 0.118086 3.88294 0.942116 846.755 845.369 845.196 61.885 20.346 783.311 79.532 0.931463 41.539 19.0797 1.38594 0.629264 703.779 16.8409 9.14126 1.6477 0.382122 78.6005 58.8622 0.103828 58.7584 0.788398 57.97 0.529228 0.077535 19.7383 4.11557 0.177335 0.0453425 0.0272239 0.013324 3.93823 0.220398 57.4408 2.94588 0.106049 15.3447 698.016 33.6471 33.3195 4.7984 0.216779 4.58162 0.312915 28.5211 0.0955339
internal_count=690370 1092 833 689278 183 689095 800 688295 642 518 336 182 110 100 270 167 687653 687516 687497 1246 370 686251 68031 239 876 774 137 125 618220 328 299 237 165 67792 62233 122 62111 933 61178 409 121 5559 2159 201 194 164 153 1958 286 60769 3825 170 757 617745 20217 20038 3522 206 3316 230 16516 241
cat_boundaries=0 3
cat_threshold=14811136 573440 2359552
is_linear=0
shrinkage=0.05


Tree=9
num_leaves=63
num_cat=3
split_feature=3 20 7 6 11 4 8 21 7 0 23 11 11 7 18 15 18 15 20 15 11 7 19 7 10 14 17 10 6 13 19 12 11 10 20 21 11 18 12 11 12 23 20 23 12 19 15 12 2 10 17 4 12 20 15 19 12 13 14 20 20 18
split_gain=66496.3 124060 24847.9 18895.9 10677.9 3546.12 3378.8 36563.6 2705.9 34052.9 1484.82 36053.1 2947.31 1813.14 2713.13 3076.33 1805.17 36608.6 1371.96 4510.29 4689.84 10169 11231.8 1370.45 3785.31 10971.6 25312.3 1129.85 1810.53 6075.35 828.819 756.101 752.968 3688.18 2695.69 13548 16413 34096.7 67480.8 139524 239350 1362.18 1190.59 981.763 3983.48 3870.73 2427.15 3639.46 1949.01 6172.42 11185.5 1341.95 2201.43 1087.48 947.578 903.271 8707.76 814.287 1997.3 3556.16 723.306 710.927
threshold=20.94999980926514 0.93544191122055065 41.083333969116218 51.458333969116218 36.625000000000007 56.250000000000007 58.750000000000007 -0.33426210284233088 29.625000000000004 0.15000000223517421 0 24.291666984558109 18.083333015441898 24.937500000000004 -0.47114434838294977 7.8308928012847909 -0.99892947077751149 11.063266754150392 0.63920241594314586 11.395934104919435 17.550000190734867 31.166666984558109 -0.63405361771583546 0.88749998807907116 2.2749999761581425 0.013725490774959328 0.11666667088866235 76.208332061767592 10.125000000000002 0.087289355695247664 0.97335553169250499 -0.0095116533339023573 0.22500000149011615 4.8541667461395273 -0.96689236164093006 -0.17646729946136472 0.35416667163372045 -0.98611506819725026 0.035823347046971328 2.8541666269302373 0.010019685141742231 1 -0.99630266427993763 2 -0.026047908701002594 0.98611506819725048 1.145192623138428 -0.031836334615945809 1.1500000357627871 9.0500001907348651 0.11666667088866235 1.0000000180025095e-35 -0.029244530014693734 -0.29343378543853754 0.76824507117271434 0.99892947077751171 -0.012036949396133421 0.028819830156862739 0.038691813126206405 -0.16799356788396833 -0.99275806546211232 -0.97335553169250477
decision_type=2 2 10 2 10 2 8 2 8 2 9 10 10 10 2 2 2 2 2 2 10 10 2 8 10 2 2 10 2 2 2 10 10 8 2 2 8 2 8 10 8 9 2 9 8 2 2 10 10 10 2 2 10 2 2 2 8 2 2 2 2 2
left_child=2 -2 4 -4 5 6 8 -8 10 18 11 12 16 32 15 -15 17 -1 19 20 -10 -22 -23 27 25 -25 -27 -18 -29 -30 31 -26 43 34 35 36 -34 -38 39 40 -39 42 -35 44 45 46 47 54 55 50 -50 52 -49 -54 -12 -46 -57 58 59 -48 -33 -44
right_child=1 -3 3 -5 -6 -7 7 -9 9 -11 13 -13 -14 14 -16 -17 23 -19 -20 -21 21 22 -24 24 30 26 -28 28 29 -31 -32 60 33 41 -36 -37 37 38 -40 -41 -42 -43 61 -45 48 -47 57 51 49 -51 -52 -53 53 -55 -56 56 -58 -59 -60 -61 -62 -63
leaf_value=-0.42046842216970692 -43.773600269718571 -0.5968253583438291 -36.509833759793942 -5.5019001780232877 7.6895898790890334 5.8420841509190113 -52.630802661907687 -0.46847191947916617 -0.85156305322147352 13.174848809939974 -31.09810696310457 22.126850123090591 1.6890395013146617 -11.706711053449006 -0.77887862402008867 -1.9097975740667081 -0.15740525383141063 31.976638807402544 -0.24767798882447215 -0.24611441055788585 -1.8542787162739736 -5.9957027278640176 -45.484698630873879 -0.15110129547877804 0.19790282317106644 17.844213853497795 -0.1983768442383998 -1.1465793499179699 -0.050034036209595373 -45.184313254838344 0.26103190080556621 0.020217131299894987 -0.2104199122353857 1.2757819533256445 -0.73271165176170228 -0.65831257524077957 -2.4953327087938098 -374.49422414836772 -7.5684298072689984 -4.2488798976722704 -33.655628831513887 -0.2745004352459714 0.75330839925435322 -0.064831048911103056 -0.20772432178747835 -20.159516720029089 -28.595739427623229 -19.698149451726056 -31.585118170969906 -0.29092324412897824 -1.2161071087048407 -0.052200307103518667 -12.526671092603092 -0.7976819285003689 -14.29802026760041 -19.614093787512825 -0.27838584771927799 -0.70554880988358826 -1.7686756289274286 -1.7294340611952987 -0.47154758679433217 -0.02467382459416435
leaf_weight=1.2631505614050522 0.24955535952585606 0.49909457564353943 0.079549998044967651 0.12848958979634417 0.44236458889429187 0.25263406899523388 0.036134884576351389 0.4779685714314218 0.12576791537046614 0.50526626240112094 0.016102884178183396 0.18475267153280484 2.6245149982620708 0.13179310122492971 1.4941727389706256 0.20441125589619524 78.267075662879662 0.093664902124020455 1.2344206741610348 0.5512604100595232 0.082714883509342987 0.033072106603763217 0.039529636874243539 1.852870131177734 16.967637401152381 0.3175399842030433 0.50122973889749034 0.085359665279033478 0.022803061226096426 0.011078022763723626 32.096091600532908 15.313077327150333 0.21226102336763925 2.1801583101777551 5.5993880637645281 1.5805510272066141 0.13697943827755826 0.0090800946361815366 0.065678215218591601 0.023776869361448877 0.011902877728508737 55.32190494442888 3.3153366976595029 483.79504942317163 54.466387982084555 0.032319074969630823 0.021018751035692014 0.030533487482152677 0.049067429929804368 0.41931169062821366 0.079358320791812015 0.091302915363485226 0.028052047011442482 0.066876832592854596 0.017530894814250519 0.063870932171474396 0.65897061593330641 0.74915692534663902 0.20387893102940965 0.02975125549253118 14.612702658885445 25.696033352993503
leaf_count=891 1079 30 81 90 62 33 96 701 14 66 51 24 80 117 123 33 82769 48 31 14 22 17 92 55 349 111 30 102 85 79 198 169 50 70 5431 792 8 96 21 15 23 9279 97 525857 56922 85 62 80 99 80 31 53 49 112 54 87 500 1229 211 71 1138 802
internal_value=-0.0948359 -14.9894 -0.0809841 -17.3587 -0.0765178 -0.0807889 -0.0826497 -4.13482 -0.0800573 1.53911 -0.0852564 0.0488341 0.0269438 -0.118737 -1.69202 -5.75022 -8.26719e-05 1.816 -1.3055 -2.87433 -8.02876 -13.8405 -27.4964 -0.0154786 0.127869 1.97888 6.799 -0.164815 -5.02819 -14.8075 0.0652625 -0.0687315 -0.116072 -0.246565 -1.29965 -2.85562 -10.4108 -19.1618 -39.8336 -87.1779 -181.149 -0.153572 0.112762 -0.0933536 -0.275636 -3.07463 -2.63438 -7.03833 -0.260483 -3.22836 -12.8191 -4.66387 -8.01992 -4.26367 -22.3414 -0.231027 -1.98691 -1.53582 -3.9784 -12.8521 -0.219911 0.0642318
internal_weight=805.753 0.74865 805.005 0.20804 804.797 804.354 804.102 0.514103 803.588 2.57203 801.016 164.214 164.029 636.802 1.83038 0.336204 161.404 1.35682 2.06677 0.832345 0.281085 0.155317 0.0726017 160.047 81.6611 2.67164 0.81877 78.3863 0.119241 0.0338811 78.9895 46.8934 634.972 94.1531 7.63962 2.04023 0.459679 0.247417 0.110438 0.0447598 0.020983 86.5134 31.1915 540.819 57.0235 1.28652 1.2542 0.250399 55.737 0.547737 0.128426 0.216765 0.125462 0.0949289 0.0336338 55.1892 0.722842 1.00381 0.254649 0.05077 29.9258 29.0114
internal_count=691146 1109 690037 171 689866 689804 689771 797 688974 256 688718 86128 86104 602590 273 150 86024 939 190 159 145 131 109 85085 2050 196 141 83035 266 164 1854 1656 602317 16684 6436 1005 213 163 155 134 119 10248 969 585633 59776 2057 1972 399 57719 210 130 294 241 161 105 57509 587 1573 344 133 1307 899
cat_boundaries=0 4 7 10
cat_threshold=168919104 0 1313079296 1920 2415935492 65 1048584 2160214016 557057 256
is_linear=0
shrinkage=0.05


Tree=10
num_leaves=63
num_cat=2
split_feature=1 21 14 7 12 12 20 21 21 2 15 7 6 5 4 4 3 10 20 8 11 10 20 23 21 11 11 11 17 13 20 16 18 8 21 23 12 21 20 20 2 12 11 20 13 18 15 18 10 15 8 20 21 21 21 18 18 18 10 15 13 20
split_gain=49729.1 584950 1.38658e+06 42668 472377 2.3421e+06 3.0669e+06 34897.3 64859.7 13271.4 26173.7 10668.2 13883.5 8899.97 2886.09 2381.16 13498 12872.1 2001.46 1135.22 1130.23 9307.22 17236 3433.64 3222.6 2965.41 3262.8 1669.12 1839.46 1134.8 1223.9 1057.34 1776.65 3677.6 3449.39 1031.36 1783.95 7362.08 35811 42408.2 1079.89 12554.1 896.011 4970.3 9491.28 799.981 1069.15 746.993 651.921 604.127 3194.06 23480 10854.2 18019.2 12364.9 2680.14 1650.49 1051.79 1566.69 463.878 452.108 429.27
threshold=21.150000572204593 0.83730375766754161 0.051905291154980666 41.083333969116218 0.020159681327641014 0.02690577041357756 0.98522606492042553 -0.18493013828992841 -0.28519998490810389 21.000000000000004 2.2166025638580327 29.625000000000004 1.0000000180025095e-35 2.8041666746139531 143.54999542236331 21.849999427795414 20.69999980926514 116.62500000000001 -0.39826117455959315 36.250000000000007 2.1833333969116215 2.6833333969116215 -0.97876849770545948 0 -0.99761277437210072 18.083333015441898 24.854166984558109 0.77500000596046459 0.050000002607703216 0.13270440697669986 0.40614137053489691 1.0000000180025095e-35 -0.41248606145381922 4.7500000000000009 -0.4755979031324386 1 -0.026047908701002594 0.85561370849609386 -0.15951316058635709 -0.22701068967580793 4.2500000000000009 0.015527940820902588 18.416666984558109 -0.85227432847022999 0.45455022156238561 0.98611506819725048 8.8005232810974139 0.16280825436115268 2.0499999523162846 1.7675431370735171 3.2500000000000004 0.96234640479087841 -0.99273797869682301 -0.86112883687019337 -0.52765738964080799 0.09796465560793878 -0.58216583728790272 0.88144907355308544 4.6833331584930429 5.8308897018432626 0.030953451059758667 -0.98803845047950734
decision_type=8 2 2 8 10 10 2 2 2 8 2 8 2 2 2 2 2 10 2 8 10 8 2 9 2 8 10 10 2 2 2 2 2 10 2 9 10 2 2 2 8 8 10 2 2 2 2 2 10 2 10 2 2 2 2 2 2 2 8 2 2 2
left_child=3 2 -2 9 7 -6 -7 8 -5 11 60 14 13 -13 15 20 61 -18 19 -14 27 22 -22 25 -24 47 -27 35 29 30 -29 32 48 34 -34 36 37 -1 39 -39 -37 -42 45 44 -44 -25 -47 -23 -30 50 51 52 -33 -54 56 -56 -55 -51 -59 -36 -11 -17
right_child=1 -3 -4 4 5 6 -8 -9 -10 10 -12 12 18 -15 -16 16 17 -19 -20 -21 21 23 24 42 -26 26 -28 28 31 -31 -32 49 33 -35 59 40 -38 38 -40 -41 41 -43 43 -45 -46 46 -48 -49 -50 57 -52 -53 53 54 55 -57 -58 58 -60 -61 -62 -63
leaf_value=-0.87763658815423862 -2211.4407777080846 -3.0188908302934383 -140.17652531892503 -177.2239224388077 -17.80570296345023 -3794.2072583520153 -43.162685253148112 -0.050021517568363996 -0.050021388272843859 -0.050040796943460475 -52.918462323520487 7.3864674911262984 -1.7199720664808844 1.9243616183129024 4.8703464275838408 -2.6294406175358014 -16.987700903345335 -0.89754366800775198 0.14170117137656388 -6.7671130407662119 15.400287078554072 0.10321052575917573 5.9141751084590837 -0.28775848211903438 -0.81412681717657276 1.7565903158867877 0.16893239143382296 -0.57705265339564538 -5.6724781079414965 -0.10208727890861409 4.0524682492390411 -0.05041247169066021 -62.485657420655606 -4.188946953940035 -7.0184059983958482 -0.06244863175052056 -0.21717158731152986 -128.23134911187699 -0.85730164283259747 -3.5339142573466016 -0.14145718000703922 11.501094841333293 -14.639476262067291 -0.4908224886458834 -0.88010333250489003 -5.0883230932616668 -0.25672449531600255 -0.51990110505158382 -0.72741249725898782 -0.68206320192082814 -0.62935045827791591 -0.062459692752655498 -168.59017148157992 -40.303079387662649 -156.41055764781825 -80.881583764342707 -6.8602048586605253 -16.065806454291625 -2.6839874626425848 -26.086308482992258 -6.6999000990371913 -0.31005698348797628
leaf_weight=2.2287772185690895 0.001017459260764463 0.067366165108978748 0.0039250252884812653 0.0081840496413851938 0.011264000349931136 0.0010278890249136871 0.0011597519915085286 0.25777613659740539 0.014005223289132118 0.058970134006847988 0.034992533191448835 1.37787287909961 0.34802703146801972 1.6256760101222403 0.29456551126531749 0.2062327095053974 0.24859918653964985 0.24859918653964996 2.1591728010294995 0.16386931436472807 0.27663138494152872 104.81492646650428 0.24807788662116348 37.937987207695407 0.62969422132784336 5.7938448803540687 7.3302774853888213 0.23423208277333685 0.088254210801593291 3.6508032041223815 0.36557807651213159 0.008874462116230393 0.0056025002190877747 0.059174431203853753 0.0071648127167499524 488.86530911469333 102.28204119038476 0.013262407991419391 0.12389236538827553 0.014032409443984015 2.5263887816261663 0.25490436006276729 0.18728579872288886 5.0425470556370131 0.37889215455283221 0.20381923628742799 0.26126932786849094 5.0411061589021235 0.27224381841492118 8.2820676348967481 0.74892512520256893 0.16042512352084298 0.0035585458832137233 0.0074379696305871927 0.0022374971803231151 0.0024724079668360373 0.0073202698070497924 0.024837638029876621 0.18319708873285731 0.0057488759412055741 0.045113736239727587 6.1035839149016642
leaf_count=3457 374 286 73 96 42 300 5 603 35 73 88 34 66 75 7 250 181 15 98 92 29 986 13 4900 161 128 39 113 102 222 39 34 79 26 66 567688 104017 92 224 19 331 21 175 313 79 121 24 332 153 2380 136 21 73 73 70 56 43 144 171 47 66 995
internal_value=-0.0758792 -41.5389 -566.567 -0.0720926 -19.1354 -308.561 -1805.64 -5.22923 -65.3969 -0.0650256 -15.5092 -0.0623114 2.09784 4.43009 -0.0779132 -0.0797691 -1.01087 -8.94262 -0.524719 -3.33567 -0.0716286 0.0431541 4.51725 0.012225 1.08744 0.147487 0.869828 -0.103246 -0.640541 0.229056 2.24459 -1.01506 -3.41602 -10.2742 -29.7215 -0.0905235 -0.226974 -1.60192 -12.2792 -64.1237 -0.0557258 0.925578 -0.325325 -0.98957 -5.43156 -0.313026 -2.37411 0.074617 -1.93802 -0.903508 -2.10536 -7.85299 -47.0301 -65.1361 -46.2259 -116.763 -23.715 -0.770265 -4.28167 -15.507 -2.93233 -0.385865
internal_weight=791.856 0.0723086 0.00494248 791.784 0.293417 0.0134516 0.00218764 0.279965 0.0221893 791.49 0.139076 791.351 5.67462 3.00355 785.677 785.382 6.80701 0.497198 2.67107 0.511896 778.575 168.146 1.1544 166.992 0.877772 122.98 13.1241 610.429 14.1202 4.25061 0.59981 9.86954 0.438189 0.0776906 0.0185162 596.309 104.662 2.37996 0.151187 0.0272948 491.647 2.78129 44.0118 5.60873 0.566178 38.4031 0.465089 109.856 0.360498 9.43135 0.941251 0.192326 0.0319012 0.0230267 0.0194681 0.00470991 0.0147582 8.4901 0.208035 0.0129137 0.104084 6.30982
internal_count=691051 733 447 690318 1081 347 305 734 131 689237 227 689010 365 109 688645 688638 1441 196 256 158 687197 7300 203 7097 174 1485 167 679897 4048 374 152 3674 473 218 192 675849 107809 3792 335 111 568040 352 5612 567 254 5045 145 1318 255 3201 506 370 349 315 242 126 116 2695 315 113 139 1245
cat_boundaries=0 3 6
cat_threshold=2196881472 393217 207880712 4440128 557057 241434880
is_linear=0
shrinkage=0.05


Tree=11
num_leaves=63
num_cat=2
split_feature=7 2 15 13 1 7 13 19 11 4 5 0 7 5 4 4 21 0 13 8 21 18 5 8 20 16 5 2 12 19 8 23 23 18 15 15 10 18 11 12 9 13 21 11 21 18 20 4 4 4 13 11 11 20 14 7 18 7 19 12 15 7
split_gain=1.84351e+07 74211 617166 755261 16935.7 15866.6 10267.6 29666.9 4898.27 20208.1 1754.07 1775.6 4164.9 3962.56 3031.91 23473.3 43827.7 101452 9415.08 2257.7 2230.94 1458.79 1980.48 764.723 5589.77 10282.1 602.811 602.435 818.776 1095.74 511.327 2785.97 1709.61 1799.59 32847.9 9488.04 1422.13 2185.05 1454.75 1265.58 1755.87 2331.8 1130.47 923.607 771.99 7212.78 799.297 1036.19 2855.03 9404.82 9490.46 715.167 678.748 2204.36 5346.2 8217.8 17230.1 612.494 1075.3 1464.7 2515.59 666.584
threshold=40.583333969116218 21.000000000000004 1.967118561267853 0.011607544030994179 20.849999427795414 37.083333969116218 0.027084268629550937 0.81241145730018627 29.916666984558109 3.5499999523162846 16.837499618530277 2.1499999761581425 32.791666030883796 4.4458332061767587 7.4500000476837167 4.1499998569488534 0.11478523537516595 5.8500001430511483 0.6167074739933015 34.250000000000007 -0.71502926945686329 -0.35206145048141474 0.45416666567325598 29.250000000000004 -0.65234524011611927 0.083333335816860213 4.9208333492279062 2.9500000476837163 -0.022124446928501126 0.47114434838294988 4.2500000000000009 0 1 -0.99892947077751149 8.986112594604494 11.395934104919435 5.5499999523162851 -0.52778512239456166 14.366666316986086 -0.020998007617890831 5.2750000953674325 0.063448023051023497 -0.98801845312118519 2.5499999523162846 -0.99864786863327015 -0.98611506819725026 -0.95754238963127125 22.399999618530277 41.049999237060554 28.94999980926514 0.091084547340869917 1.1458333134651186 15.083333492279055 -0.84315016865730275 0.017647059634327892 18.083333015441898 -0.99892947077751149 2.8541666269302373 -0.22695468366146085 -0.017358861863613125 2.6620713472366337 1.6833333373069765
decision_type=10 8 2 2 10 10 2 2 10 2 2 2 10 2 2 2 2 2 2 10 2 2 2 10 2 2 2 8 10 2 10 9 9 2 2 2 10 2 10 8 8 2 2 10 2 2 2 2 2 2 2 8 8 2 2 10 2 8 2 8 2 8
left_child=1 4 6 -4 5 8 -3 -8 10 -10 11 12 13 19 15 -13 18 -18 21 23 -21 22 -17 27 25 -25 -16 30 29 -29 32 36 33 34 42 -36 37 -32 -38 40 -35 -42 -1 44 45 -41 -46 -48 49 50 -49 -34 57 54 -54 -56 -57 58 59 -33 -61 -62
right_child=-2 2 3 -5 -6 -7 7 -9 9 -11 -12 14 -14 -15 26 16 17 -19 -20 20 -22 -23 -24 24 -26 -27 -28 28 -30 -31 31 52 51 39 35 -37 38 -39 -40 43 41 -43 -44 -45 46 -47 47 48 -50 -51 -52 -53 53 -55 55 56 -58 -59 -60 60 61 -63
leaf_value=-7.1836898004825684 860.66173676068559 -0.050036676113446782 -0.050038501070730816 -1267.4638543717833 14.07979440581718 12.809427939323029 -208.68769946694388 -0.05003707121935938 -0.88389923609101606 11.063921093362787 -4.5718316732421505 0.24829903265533024 8.4390237020637766 -13.388052314693198 0.12737806144238206 0.046207684805008697 71.198807457946842 -2.9704738628708922 9.688521594991002 -0.77993124241484457 -5.672944682817687 -0.21034402087822476 -14.236283361894914 11.06416467763402 -0.30865416069095619 -0.46309785690861427 -0.25901574679394151 -12.592230889559076 -0.85249796971942016 -1.0345689225553825 1.5100707188056557 -0.95073775196086108 -0.053260540684549856 -0.91825054884244794 -18.423073207666167 -65.490806979571417 0.030331045453521339 0.086063651702982927 0.71587678520045839 -19.167906953120951 -24.317882694338095 -2.6824893934259522 -0.28183291957709061 -3.028756136549716 -0.57591129073936553 -0.66831610134273489 -0.14913237821179232 -17.67744486775447 -0.48952575425143313 -2.3567405159314458 -96.886106723537608 -0.66992370196886564 -0.57864022244485258 -0.47367855974072248 -2.7498254396499262 -1.1282295017940871 -48.037908031072668 -0.22088026696460097 -0.91563333523421486 -35.310527257380386 -0.050444158280245122 -13.586587947764507
leaf_weight=0.062613138870801666 0.06221569563592666 0.047480659210178966 0.002462814809405244 0.0022486736060045587 0.21198806166648765 0.23962869802755804 0.0023964992709011312 0.0058949628462414694 1.2083551226970746 0.50049274161312496 0.21578853301059453 10.060512410441637 0.14322292024610206 0.056000381280681633 41.447246987470805 0.047769582702814201 0.083510212910489767 0.1029364801158299 0.30803846032358706 0.70228309445188408 0.34858679511752722 0.31846546122934194 0.049343170279619514 0.33270282740760837 3.3027021239600809 0.46219649155662479 13.343606392008537 0.035851885866947007 1.0959216778401486 0.047913917986593814 4.7930699383850008 0.055625607595502682 437.9513027285011 5.6430798879165511 0.019049606122127583 0.0244487712947421 73.168490671413636 6.1509082981340129 8.6537279486935983 0.054909576913164559 0.018528026506597677 0.037987247785807983 1.1312172161280321 0.29611673944377415 13.373956807451362 1.3027512100527143 86.192900021458428 0.011316199206159169 0.2961255455237744 0.064759598072902866 0.0056797001462329964 4.752685854066157 0.52585878551804655 6.6311004959926461 0.14520188607734785 0.042353533141294954 0.036396989448950777 43.193704354977122 0.68651610680419317 0.0099181138937811941 0.017963196816915362 0.018422779992745587
leaf_count=65 348 182 10 322 277 92 102 67 123 51 83 308 22 82 166 10 101 12 3 69 139 103 106 96 118 42 301 93 476 56 139 58 540513 10506 46 73 1118 101 151 71 75 140 1288 84 11305 1959 109929 69 51 100 73 3113 88 359 46 3 123 5112 315 95 29 101
internal_value=0.0145214 -0.0550101 -55.4369 -604.954 -0.05066 -0.0545511 -9.01509 -60.353 -0.0585567 2.61542 -0.0645074 -0.0632404 -0.0865164 -0.0882564 0.185193 0.943913 8.63374 30.2502 3.06404 -0.0871949 -2.40301 -1.84621 -7.21075 -0.0837215 0.597336 4.3616 0.0332768 -0.087728 -1.21668 -5.98127 -0.0858128 -0.0019622 -0.107737 -0.277379 -2.19887 -44.878 0.15746 0.709728 0.102836 -0.281072 -1.00608 -9.77546 -0.643816 -0.2404 -0.232249 -1.41652 -0.216162 -0.160586 -2.77312 -11.0445 -44.1474 -0.058558 -0.26831 -0.764241 -3.33388 -9.80342 -22.809 -0.246089 -1.62713 -6.41921 -12.9885 -6.904
internal_weight=770.156 770.094 0.0604836 0.00471149 770.034 769.822 0.0557721 0.00829146 769.582 1.70885 767.873 767.657 701.896 701.753 65.7614 10.9706 0.910063 0.186447 0.723617 701.697 1.05087 0.415578 0.0971128 700.646 4.0976 0.794899 54.7909 696.548 1.17969 0.0837658 695.369 144.129 551.239 108.535 1.23733 0.0434984 92.7662 10.944 81.8222 107.298 5.6996 0.0565153 1.19383 101.599 101.302 1.35766 99.9447 86.5708 0.377881 0.0817555 0.0169959 442.704 51.3631 7.38091 0.749811 0.223952 0.0787505 43.9822 0.788446 0.10193 0.0463041 0.036386
internal_count=691258 690910 683 332 690227 689950 351 169 689858 174 689684 689601 688491 688469 1110 643 335 113 222 688387 208 219 116 688179 256 138 467 687923 625 149 687298 7838 679460 135834 1472 119 1509 240 1269 134362 10721 215 1353 123641 123557 2030 121527 110222 293 242 142 543626 6329 619 260 172 126 5710 598 283 225 130
cat_boundaries=0 3 6
cat_threshold=2154938432 2151677953 240910848 2194915392 573441 241434624
is_linear=0
shrinkage=0.05


Tree=12
num_leaves=63
num_cat=3
split_feature=7 12 12 11 20 1 23 2 8 8 9 4 9 11 5 10 9 20 19 11 2 21 0 1 1 12 15 12 23 19 12 11 12 2 9 19 20 15 20 6 19 16 12 11 21 23 14 21 12 20 18 7 1 21 0 20 4 21 19 12 10 11
split_gain=1.14788e+07 2.86315e+08 1.18812e+09 12969.6 23943.3 5085.67 2408.95 13122.7 3126.54 1899.41 1815.97 1784.25 4639.77 1419.59 2513.92 5319.48 4930.26 1413.09 1235.25 1155.67 1011.26 6601.47 8484.6 933.612 7994.62 29629.8 39378.8 2173.42 618.964 7591 129656 1566.46 854.336 644.685 1040.02 604.354 4584.08 18429.8 567.181 888.92 3134.35 3274.52 3053.58 508.271 488.013 494.894 416.461 2646.5 4464.9 467.291 360.423 358.598 345.248 1408.13 31969.1 620.963 345.015 335.98 542.013 1433.46 1438.32 535.625
threshold=41.083333969116218 0.01609658915549517 0.018420011736452583 33.666666030883796 -0.62588816881179798 19.800000190734867 0 16.099999427795414 4.2500000000000009 5.2500000000000009 43.625000000000007 21.44999980926514 12.062500000000002 18.083333015441898 1.8375000357627871 93.625000000000014 22.550000190734867 0.43733377754688268 -0.47114434838294977 3.0499999523162846 1.7500000000000002 0.097680736333131804 2.7500000000000004 12.949999809265138 12.650000095367433 0.00024242523068096491 2.1311769485473637 -0.015888212248682972 1 0.99465191364288341 -0.019895927980542179 2.1833333969116215 -0.022957732900977131 0.84999999403953563 0.22500000149011615 -0.98611506819725026 0.87811094522476207 2.2166025638580327 -0.99630266427993763 22.875000000000004 -0.88144907355308522 0.15000000596046451 -0.0084969792515039427 0.77500000596046459 0.44312302768230444 2 0.0098039219155907648 0.85561370849609386 -0.025456356815993782 -0.99630266427993763 0.09796465560793878 34.416666030883796 1.0000000180025095e-35 0.14888729155063632 2.4500000476837163 -0.95754238963127125 15.949999809265138 -0.86112883687019337 0.99465191364288341 0.0064314538612961778 0.14583333581686023 0.64583334326744091
decision_type=8 8 8 10 2 10 9 10 8 10 10 2 8 8 2 8 10 2 2 10 10 2 2 8 8 10 2 10 9 2 10 10 8 10 10 2 2 2 2 2 2 2 8 10 2 9 2 2 10 2 2 8 10 2 2 2 2 2 2 10 10 8
left_child=3 17 -3 5 -5 6 7 8 10 -10 19 20 18 44 15 16 -15 -2 23 28 38 -22 -23 24 25 26 -13 -28 29 35 -31 32 43 50 -35 36 -1 -38 39 40 41 42 -8 46 45 -11 47 49 -49 -30 57 52 -40 -54 55 -55 -42 58 61 60 -60 -34
right_child=1 2 -4 4 -6 -7 11 -9 9 13 -12 12 -14 14 -16 -17 -18 -19 -20 -21 21 22 -24 -25 -26 -27 27 -29 31 30 -32 -33 33 34 -36 -37 37 -39 51 -41 56 -43 -44 -45 -46 -47 -48 48 -50 -51 -52 -53 53 54 -56 -57 -58 -59 59 -61 -62 -63
leaf_value=-0.20447560149187219 -20.017399978893575 -0.050010492455059743 59436.387318219829 -3.0000888291671908 14.072143748835735 7.4325092121105172 -9.5901628686892391 13.087920032267817 0.98386340279378048 0.11082244810099798 -10.315224481585691 -236.58466354275333 -7.0909181486172503 0.99730572585796085 0.12310486045191144 0.18268024118821899 4.60013452087939 -0.46755315497271233 -0.39309907005191685 -6.7292149240246237 -0.4216216586202669 -1.2921495413351118 -22.31866525336179 -0.52833217000108623 -0.074360420618664588 -5.6715807488146117 -10.726504200124049 -64.74754764217883 -6.6446046200239355 114.45774185314833 -0.43290444910991721 -10.204444390310856 -0.44257008943311826 -0.8330174793127354 -12.338049610491067 -0.052967399418911203 -0.93325198763212303 39.270132451007925 -0.086603463462389785 -0.29741461854173429 -0.67582187133783322 -0.051910892991840402 -36.387202010100758 -7.1678233275475867 0.6485264906135102 -0.17293897954443208 -0.76978734815682992 -39.238435108380102 -0.050023791525541955 -0.78276841802491592 -0.048993315160460967 -1.5193421314795181 -0.18056961678687677 -5.4560425103164221 -50.902591933605052 -0.40774172351503418 -3.9710771876317668 -0.22515695254987939 -13.890133141030773 -0.27682490697404399 -2.3801463727829009 -3.5627378542185504
leaf_weight=0.87813903878281496 0.010016332031049235 0.0041953521140385306 0.0010515435156504098 0.38084443074560914 0.44574402984344041 0.22639699057106 0.02620498165738433 0.1938317507928663 8.1408058798088074 67.704990257081917 0.043835973066207568 0.003382168900518537 0.29941081085266574 2.1396684416221161 15.000616152590185 5.6158819198608461 1.7071931264599807 0.11974824138451368 4.2399993559143923 0.066418170034750257 3.2417590048425931 0.11856806185885797 0.080585573205176522 0.22027802271349917 0.22027799487113958 0.062175186812196151 0.0046831830327117288 0.0030906755628684647 0.037898566749399454 0.026199093543144369 0.39161795488371304 0.039397737756352025 5.1804397956306971 0.063874092003380178 0.028366295966541999 30.481562557839588 0.11277816126494145 0.038148361047205981 503.48130478949048 16.840490234651309 0.79800269322986139 0.035455988381076442 0.017887934428813479 0.034642866840178033 3.7536679634412016 10.464172851117764 1.9729810680079398 0.012758876636370022 0.016890229134332933 0.33038082462642482 26.252019574272992 0.44153752323643303 14.433514730615785 0.064067963018690555 0.03244572569286841 1.2372535647187173 0.088213517821648324 27.967475435348664 0.046939066025869169 0.22107225287169996 0.064355500886481565 0.14129652683168892
leaf_count=987 56 26 354 77 61 662 62 43 193 422 61 62 107 51 39 5 89 657 565 48 736 246 106 8 1 77 92 86 90 47 602 58 6617 124 51 19389 170 25 553618 15048 500 4 56 54 95 657 4282 62 55 795 40090 38 3252 101 74 2044 115 36565 92 240 132 85
internal_value=0.0288691 461.022 11911.8 -0.0534348 6.20624 -0.0602845 -0.0625308 0.0803561 0.0721364 0.247767 -0.140828 -0.116607 -1.05392 0.19144 0.525675 1.16384 2.5962 -1.97658 -0.673691 -0.136104 -0.110007 -0.964444 -9.80032 -2.9888 -4.83476 -19.1344 -94.1659 -32.2038 -0.131462 0.057906 6.77128 -0.204803 -0.231323 -0.194259 -4.37111 -0.0127337 1.17901 9.2286 -0.104537 -0.382015 -1.85724 -11.3646 -20.4614 -1.15525 0.0916321 0.0648901 -1.06739 -2.54296 -16.9139 -1.38599 -0.187824 -0.0950296 -0.0938184 -0.324207 -1.8786 -0.656285 -1.00383 -0.296225 -0.647755 -2.60665 -7.23454 -0.525413
internal_weight=756.349 0.135011 0.0052469 756.214 0.826588 755.387 755.161 209.17 208.976 114.527 94.4495 545.991 5.0533 106.386 24.4634 9.46274 3.84686 0.129765 4.75389 94.4057 540.937 3.44091 0.199154 0.513887 0.293609 0.0733312 0.011156 0.00777386 94.3392 31.9284 0.417817 62.4108 62.3714 59.9658 0.0922404 31.5106 1.02907 0.150927 537.496 17.8063 0.965765 0.0795489 0.0440929 2.40555 81.9228 78.1692 2.37091 0.397928 0.0296491 0.368279 59.8736 519.69 519.249 15.7673 1.33377 1.30132 0.886216 33.6216 5.6541 0.332367 0.111295 5.32174
internal_count=691206 1093 380 690113 138 689975 689313 112315 112272 1551 110721 576998 998 1358 184 145 140 713 891 110660 576000 1088 352 326 318 317 240 178 110612 21220 649 89392 89334 83996 175 20571 1182 195 574912 15785 737 122 118 5338 1174 1079 5284 1002 117 885 83821 559127 559089 5471 2219 2145 615 43731 7166 464 224 6702
cat_boundaries=0 4 8 11
cat_threshold=175654928 1 239076096 256 134742016 0 256 256 135282688 1 4194816
is_linear=0
shrinkage=0.05


Tree=13
num_leaves=63
num_cat=2
split_feature=7 13 13 2 19 12 11 5 5 11 23 8 20 20 21 15 11 20 1 11 8 3 3 21 1 0 5 12 17 0 3 12 23 19 12 12 12 21 21 11 20 20 10 19 18 10 21 13 12 21 13 6 18 15 12 10 15 22 20 3 18 19
split_gain=663565 1.21784e+07 2.69402e+07 63351.5 261589 43263.9 18347.1 38583 7042.68 2949.52 3953.89 2975.52 5057.59 10213.7 13259 39089.2 2509.99 7090.79 1947.53 1568.12 4586.22 16113.9 1215.67 2713.49 11375.6 5113.76 10487.5 30866.6 90290.8 1305.43 41623.1 2198.03 875.163 1568.28 2706.06 15575 10924 7142.79 3157.86 833.84 825.905 795.734 3125.04 7432.2 11376.7 854.115 1702.97 4833.93 667.773 652.359 947.32 510.692 730.172 500.036 448.482 1565.96 6361.14 775.299 409.933 654.057 468.725 396.325
threshold=40.583333969116218 0.12500925362110141 0.14421720057725909 135.90000152587893 0.84874749183654796 0.013667346909642221 33.666666030883796 0.19583333283662799 18.166666984558109 2.1833333969116215 0 32.750000000000007 -0.36647418141365046 -0.46038399636745447 -0.65233206748962391 9.5713052749633807 2.5499999523162846 -0.97113886475563038 18.94999980926514 18.083333015441898 38.750000000000007 10.34999990463257 1.0000000180025095e-35 0.16587474942207339 4.5499999523162851 2.1499999761581425 5.2083332538604745 0.021095578558743003 0.050000002607703216 1.0000000180025095e-35 17.44999980926514 -0.036933876574039452 1 0.99465191364288341 -0.017956377938389775 -0.028309604153037068 -0.022540003061294552 0.82293498516082775 0.80290535092353832 23.937500000000004 1.0000000180025095e-35 -0.97113886475563038 69.708332061767592 0.35206145048141485 0.52778512239456188 0.27500000596046453 -0.19337245076894757 0.13655198365449908 -0.021348516456782814 -0.86974579095840443 0.0696452632546425 67.458332061767592 0.09796465560793878 3.9759986400604252 -0.019895927980542179 24.94999980926514 1.6592295765876772 1.0000000180025095e-35 -0.97113886475563038 0.94999998807907116 -0.22695468366146085 -0.63405361771583546
decision_type=8 2 2 8 2 8 10 2 2 10 9 8 2 2 2 2 10 2 10 10 10 2 2 2 8 2 2 10 2 2 2 10 9 2 8 10 10 2 2 10 2 2 8 2 2 10 2 2 10 2 2 2 2 2 10 10 2 2 2 2 2 2
left_child=3 5 -3 6 -5 -2 8 -8 9 18 16 39 13 14 -13 -16 17 -11 22 -18 21 -21 32 29 25 58 27 28 -27 30 -24 -31 33 41 35 -35 37 -37 -38 61 -41 45 54 -44 -45 46 47 53 -48 50 -36 52 -50 -1 55 -43 -57 -58 59 60 -25 -12
right_child=1 2 -4 4 -6 -7 7 -9 -10 10 11 12 -14 -15 15 -17 19 -19 -20 20 -22 -23 23 24 -26 26 -28 -29 -30 31 -32 -33 -34 34 49 36 38 -39 -40 40 -42 42 43 44 -46 -47 48 -49 51 -51 -52 -53 -54 -55 -56 56 57 -59 -60 -61 -62 -63
leaf_value=-1.2831968548091879 -0.76516094008429514 -143.28055999103663 -9697.3795428807443 275.30661633773229 -1.2297205536634594 -165.34990193588177 -4.0488907497985895 21.180114192712807 10.614959519170711 3.7117441929651416 -0.074372024986747096 -1.6575162906220111 -0.96073205868592826 -0.35472733158702102 -78.64507000920122 -2.4028362162998462 0.089739509135702292 -0.13281901002856705 -4.5931553523472974 4.8397600857495755 0.17249793428688792 0.12117487931479942 -0.4506871841465146 -19.048376376136108 -22.516790175930822 -4.3242563133832013 -0.24696146054566004 -0.87423830717943474 -119.39492619685853 3.7333833530305975 -39.206044178191298 -0.16265563341283643 -0.069680769444998389 -0.80016552136646113 -5.5236716825990966 -28.648729741525244 -4.2686833963635129 -97.400817124902829 -31.629463499338286 -4.6760942662473344 -0.44432035553565152 -0.59606390243195972 -3.3635250782373181 -121.54455942177276 -0.050022463969259502 -0.60669517881154034 -11.251856295736733 -40.030359298079695 -17.819389628441112 -0.23501142388438445 -0.31219419038288204 -1.1141691532888183 -0.050023603801862632 -13.096958127082758 -0.16607648550433593 -49.971240325734122 -16.528941403090595 -0.8766255912943729 -0.4182298838231655 -1.0191436081113741 -4.4249536207700979 -0.3603825325664694
leaf_weight=0.040545074299416568 0.069914976325409758 0.0024436127282273365 0.0010569920268608257 0.01071337844655218 0.042384057138747266 0.0042347274729170039 0.30120203438061066 0.30499400529502596 0.15454116463661094 1.9125043562901725 21.033662772048281 0.05921787899189257 0.97144165139244731 0.16984896000945124 0.028626553621984796 0.040732238562370154 126.52591838764833 3.2162618280434971 0.24399913399042716 2.5153316397908032 33.590000615042918 6.4462569510423897 5.0775257211298861 0.010527230350105943 0.064266114982467371 0.057120202888389766 0.3763980185276864 0.16059809271206849 0.02429924751124684 0.36732085488915345 0.070238823137903306 25.062953374878752 402.83365091102269 0.26731619087947395 0.16181943659895864 0.006993336706312408 0.023704309341562223 0.0082160680348455084 0.018997364286519727 0.21121470942572007 0.25389804574029706 3.25095853727057 0.030180119597033626 0.0037038699583389918 0.0040160902113978375 4.717231514461905 0.017762615955997818 0.011255373968632736 0.011255259690120298 1.0839124324023299 0.1891000965705984 0.56556462346012237 0.01188696896697318 0.011496897818688012 55.574722744605118 0.0080125756929601416 0.0091025380647111048 0.060456858533950358 3.1393625227324078 0.048026820558732197 0.011428745070660495 28.556955894732717
leaf_count=178 639 31 391 73 191 47 70 56 730 30 1228 13 110 10 147 17 1388 119 42 161 57 22 3936 46 106 12 13 13 156 40 151 4851 573469 42 77 42 76 78 84 98 22 7159 183 76 33 4633 74 59 61 2212 372 1628 41 56 75791 51 59 362 4372 43 60 4068
internal_value=-0.062006 -146.218 -3028.1 -0.046459 54.5665 -10.1647 -0.0504317 8.64452 -0.0576587 -0.0599207 0.0903541 -0.267378 -2.70966 -8.40281 -19.0343 -33.8704 0.19964 1.30081 -0.127215 0.178044 0.440616 1.44558 -0.12505 -0.411635 -1.65509 -1.30483 -5.46811 -13.5883 -38.6666 -0.253366 -0.979486 -0.10638 -0.103984 -0.262768 -1.77504 -5.89299 -29.4014 -65.7884 -16.4411 -0.258836 -2.36603 -0.26224 -0.209076 -14.5619 -58.3405 -0.843927 -2.51477 -10.3189 -1.70026 -0.841635 -2.71536 -1.41206 -8.69218 -3.89304 -0.199841 -0.763589 -7.78441 -2.92489 -0.502601 -4.2874 -11.4364 -0.239072
internal_weight=730.059 0.0776503 0.0035006 729.982 0.0530974 0.0741497 729.929 0.606196 729.322 729.168 225.532 51.3256 1.26987 0.298426 0.128577 0.0693588 174.206 5.12877 503.636 169.078 42.5516 8.96159 503.392 34.4701 3.89203 3.82776 0.618416 0.242018 0.0814195 30.578 5.14776 25.4303 468.922 66.0882 1.76006 0.325227 0.0579111 0.0152094 0.0427017 50.0557 0.465113 64.3282 58.9412 0.0379001 0.00771996 5.387 0.669767 0.0632973 0.606469 1.43483 0.35092 0.588707 0.0231422 0.052042 58.9033 3.32853 0.077572 0.0695594 3.20935 0.0699828 0.021956 49.5906
internal_count=690455 1108 422 689347 264 686 689083 126 688957 688227 7490 5713 297 187 177 164 1777 149 680737 1628 240 183 680695 13799 4821 4715 194 181 168 8978 4087 4891 666896 93427 2983 322 280 120 160 5416 120 90444 83714 292 109 6730 2097 293 1804 2661 449 1730 102 234 83422 7631 472 421 4521 149 106 5296
cat_boundaries=0 3 6
cat_threshold=2331625552 32769 241172992 9125888 16385 241434880
is_linear=0
shrinkage=0.05


Tree=14
num_leaves=63
num_cat=2
split_feature=7 20 12 12 2 1 12 7 23 0 7 12 3 21 7 8 20 5 10 7 3 12 8 0 19 15 21 14 12 17 20 15 12 5 21 21 12 21 12 7 7 23 8 13 16 12 20 12 19 18 20 21 21 20 18 8 8 15 8 13 7 13
split_gain=539052 3.18888e+06 5.98398e+06 130657 13388.5 32691.3 17209.7 4108.92 2363.18 9088.44 4204.79 5331.08 4092.16 2545.57 27674.1 2060.82 2815.32 1666.04 3597.98 1184.26 1167.27 953.779 703.513 1709.33 1039.7 15661.9 25218.5 4119.03 15537.4 58229 9736.18 40485.9 1015.76 698.344 1872.43 738.961 3343.89 6662.37 685.555 611.369 1974.54 703.802 1604.97 1719.65 2326.27 605.878 510.931 721.603 488.043 1571.58 5779.8 27008.2 484.071 455.894 403.832 1034.98 3762.8 11849 31194.7 32635 410.412 1216.58
threshold=40.250000000000007 0.52766072750091564 0.00096438385662622761 0.013426857069134714 19.300000190734867 19.800000190734867 -0.019201594404876229 37.083333969116218 0 14.59999990463257 28.062500000000004 0.025019999593496326 20.300000190734867 -0.99983122944831837 2.5499999523162846 21.750000000000004 -0.96689236164093006 1.779166638851166 10.550000190734865 33.666666030883796 15.050000190734865 -0.021348516456782814 4.2500000000000009 1.9499999880790713 0.98611506819725048 -0.34772168099880213 0.11478523537516595 0.0098039219155907648 -0.01675944589078426 0.083333335816860213 -0.96235975623130787 3.9759986400604252 -0.022957732900977131 0.037500001490116126 -0.69055965542793263 0.78192543983459484 -0.029244530014693734 0.98332250118255626 -0.022540003061294552 2.2749999761581425 2.1833333969116215 1 32.750000000000007 0.29981996119022375 0.11666667088866235 0.016380465589463714 -0.35846811532974238 -0.024899998679757115 -0.98611506819725026 0.09796465560793878 0.87811094522476207 -0.42958799004554743 0.53312596678733837 -0.96235975623130787 0.98611506819725048 11.250000000000002 10.250000000000002 10.014999866485597 3.2500000000000004 0.23209848999977115 23.94999980926514 0.63078063726425182
decision_type=8 2 10 8 8 10 10 10 9 2 10 10 2 2 8 10 2 2 10 8 2 8 8 2 2 2 2 2 8 2 2 2 10 2 2 2 8 2 10 8 8 9 10 2 2 10 2 10 2 2 2 2 2 2 2 8 10 2 8 2 8 2
left_child=4 2 -2 -3 5 7 21 8 10 12 13 -12 19 14 45 17 -17 20 -19 39 22 -6 23 24 32 26 -26 28 29 -27 31 -30 33 35 -35 -15 37 -37 -34 40 -10 -41 54 44 -44 -1 47 -38 49 -40 -51 -52 -24 -50 60 56 57 58 -56 -60 -43 -62
right_child=1 3 -4 -5 6 -7 -8 -9 9 -11 11 -13 -14 15 -16 16 -18 18 -20 -21 -22 -23 52 -25 25 27 -28 -29 30 -31 -32 -33 38 34 -36 36 46 -39 48 41 -42 42 43 -45 -46 -47 -48 -49 53 50 51 -53 -54 -55 55 -57 -58 -59 59 -61 61 -63
leaf_value=-0.35604514748001465 -0.050003057114574007 -1.7323978577620054 -4808.6036168566243 -165.78444584737352 -5.3357527767230648 30.142216107723002 -24.30685330942525 5.5848571095196675 -0.088222659148141605 -21.912292701699343 -0.07594475985835504 3.7096449721006053 -5.3915069670004163 -0.68709183554881204 55.889384325642972 1.0056633745579859 0.1313720821916094 1.916236027898248 0.00015213468304872308 -3.5746260369069427 -4.9125874641118452 -0.063833252384013189 0.018817352467942982 -10.974190570221833 -0.050025954396769295 134.25502612432854 68.989347296866967 -0.29742484789716928 -0.050068781444603042 -13.617221981518648 -0.057216827137902965 85.995910105680025 0.95249835157023777 -23.185358997401362 -0.050166085279537531 -49.987307769354203 -17.713206063067513 -2.2843226502439489 -0.39493517345790929 0.024555197312289376 0.99809528946551662 -0.28416016095681634 -10.640063076243562 -1.1494125353886759 -1.3377899995633002 -11.557527075313461 -0.9811744590532685 -0.050016579655617004 -0.5210207682012582 0.73805961416390942 56.747907924184091 -0.59143313507036888 0.54429391779448777 -0.15084736567666077 -0.050014764462785292 -0.50392959734223586 -0.057213607977383174 -1.2696010948628578 -47.997152115387742 -300.62058190946817 -3.7862872716034852 -0.11278967394952991
leaf_weight=0.16338676159112117 0.0017126343491456215 0.029719540310907247 0.0010398137156350353 0.020514810457869265 0.17072036862373352 0.089740664639974876 0.12577491763556636 0.32477447237795232 353.7872851878559 0.047803932792816251 1.9292491751605043 1.7955909487407542 0.3664197595842883 3.3871275128958089 0.024146961304703063 11.99895629078515 39.583658188816052 3.4480996800753418 8.4642046965411595 0.24585135815908543 0.12357158123518175 0.17245918287881068 91.680555757597986 0.03644265269443181 0.033811127839727173 0.010424031070382634 0.02172673355016741 4.3713957183007084 0.063345324530191191 0.018424290045187069 0.55616963702955735 0.0174325511203028 1.3935947281054399 0.012954740059702978 0.026918836706340328 0.011013818720062199 0.0113229839446875 0.021820983634365639 2.827321149642581 27.797212121783012 4.2330844671614605 50.033041321351327 0.12629586783459476 0.91664534671062037 0.14365300829610553 0.013034962114811949 0.298848381036179 0.011816720954811902 9.4155817703254581 1.6462648420594714 0.026409406389575452 0.092351835567170082 4.6027365691394371 71.320409826525719 0.0095981946333635968 0.67586572066140582 0.12593169293108303 0.038591832409417805 0.0031271707827697929 0.0021624810982976122 0.33168232873010928 0.70325337075252758
leaf_count=606 54 587 367 135 92 297 498 75 546969 52 18 85 62 6439 31 74 199 167 104 64 44 110 1286 21 72 60 57 5406 195 97 736 35 493 52 98 97 82 67 4828 476 238 7173 92 180 14 71 659 57 9610 968 10 203 119 99479 39 48 10 18 77 47 151 20
internal_value=-0.0516686 -159.524 -1816.61 -68.7283 -0.0395961 -0.0339339 -8.48509 -0.0378059 -0.0404182 -0.109657 0.0781048 1.74893 -0.10978 0.056823 5.6875 0.0524035 0.334746 -0.0190054 0.554776 -0.105374 -0.0545973 -2.68644 -0.0514693 -0.147525 -0.143397 0.551725 26.9586 0.260574 3.92421 39.8148 2.29867 18.5194 -0.182513 -0.984645 -7.56668 -0.914508 -3.08542 -18.2854 -0.147533 -0.103431 -0.0753785 -0.227563 -0.306443 -2.18236 -5.68987 -1.18367 -1.5354 -8.69317 -0.165499 0.335883 1.50655 12.1593 0.0439373 -0.194018 -0.322592 -1.40007 -4.77597 -15.8875 -53.7795 -151.273 -0.304546 -1.29009
internal_weight=699.984 0.0529868 0.00275245 0.0502344 699.931 699.462 0.468954 699.372 699.048 439.588 259.46 3.72484 439.54 255.735 0.200569 255.535 51.5826 203.952 11.9123 439.173 192.04 0.34318 191.916 95.6329 95.5965 5.09273 0.0555379 5.03719 0.665796 0.0288483 0.636948 0.0807779 90.5038 3.78182 0.0398736 3.74195 0.354823 0.0328348 86.7219 438.927 358.02 80.9071 53.1098 1.18659 0.269949 0.176422 0.321988 0.0231397 85.3283 4.59235 1.76503 0.118761 96.2833 80.736 51.9233 0.855277 0.179411 0.0534797 0.0148878 0.00528965 51.068 1.03494
internal_count=690570 1143 421 722 689427 688727 700 688430 688355 555730 132625 103 555678 132522 708 131814 273 131541 271 555616 131270 202 131226 129821 129800 6658 129 6529 1123 157 966 230 123142 7551 150 7401 962 164 115591 555552 547207 8345 7869 286 106 677 798 139 115098 6009 1181 213 1405 109089 7583 239 191 181 163 124 7344 171
cat_boundaries=0 3 7
cat_threshold=2196883472 1 73663240 134743104 0 0 8
is_linear=0
shrinkage=0.05


Tree=15
num_leaves=63
num_cat=3
split_feature=7 2 1 14 0 3 15 15 13 1 7 7 11 7 18 16 1 23 11 15 18 18 21 18 11 15 15 21 13 13 12 14 18 18 21 18 18 14 21 21 11 14 11 17 7 10 9 21 18 9 23 23 12 10 15 15 21 18 18 21 21 14
split_gain=103225 37259.2 22981.3 161566 3128.83 13521 4388.76 16300.9 52008.1 149263 2605.39 5341.08 886.858 1312.53 967.762 2474.49 835.742 767.288 3340.09 1230.39 1425.3 12018.4 15778.3 12026.9 1090.44 1195.57 1893.39 7651.68 11929.7 908.772 4485.56 3812.55 6898.66 24786.3 1231.5 833.48 6449.55 7938.39 13282.3 4118.57 687.66 642.37 2546.48 564.75 396.17 1043.35 2630.42 17028 93822.3 564.961 559.038 427.116 743.819 1252.09 5528.21 734.515 2337.44 2827.21 22828.5 544.613 1480.38 8277.37
threshold=39.666666030883796 19.300000190734867 18.300000190734867 0.049337463453412063 1.9499999880790713 13.150000095367433 1.3461126685142519 0.17830484360456469 0.050299357622861869 4.4500000476837167 33.666666030883796 32.791666030883796 26.083333015441898 24.354166984558109 -0.35206145048141474 0.15000000596046451 0.15000000223517421 0 22.291666984558109 -0.34772168099880213 0.16280825436115268 -0.16280825436115262 0.11478523537516595 1.0000000180025095e-35 18.791666984558109 3.3655363321304326 4.1668682098388681 -0.97507822513580311 0.44805771112442022 0.034156704321503646 -0.020998007617890831 0.0098039219155907648 0.16280825436115268 -0.16280825436115262 0.91852787137031566 -0.097964655607938753 0.09796465560793878 0.055752867832779891 -1.0000000180025095e-35 0.95178258419036876 18.416666984558109 0.048057714477181442 16.854166984558109 0.050000002607703216 2.1833333969116215 5.5499999523162851 3.7749999761581425 -0.54940786957740773 -0.77259656786918629 0.72499999403953563 1 2 -0.018588473089039322 17.774999618530277 1.7050862312316897 -0.34772168099880213 0.11478523537516595 -0.16280825436115262 0.2269546836614609 -0.02257579285651445 0.83258596062660228 0.0098039219155907648
decision_type=8 8 10 2 2 2 2 2 2 8 10 10 10 10 2 2 10 9 10 2 2 2 2 2 10 2 2 2 2 2 10 2 2 2 2 2 2 2 2 2 10 2 10 2 10 8 10 2 2 10 9 9 10 10 2 2 2 2 2 2 2 2
left_child=1 2 4 -4 5 10 7 -6 -9 -10 11 12 13 17 15 -14 -8 18 19 20 21 -1 -23 -24 40 -26 -27 -28 -29 30 31 32 33 -21 -34 -33 37 38 -37 -40 44 42 -15 -31 49 46 -46 -48 -49 51 -47 52 53 59 -55 56 -54 -58 -59 -19 61 -61
right_child=-2 -3 3 -5 6 -7 16 8 9 -11 -12 -13 14 41 -16 -17 -18 24 -20 29 -22 22 23 -25 25 26 27 28 -30 43 -32 35 34 -35 -36 36 -38 -39 39 -41 -42 -43 -44 -45 45 50 47 48 -50 -51 -52 -53 55 54 -56 -57 57 58 -60 60 -62 -63
leaf_value=-0.20422806971390361 -33.286492916471978 -23.630627164254154 99.465061387633114 -3.9679851130997514 0.30752244976877519 -12.64961413452437 0.20341793787121618 -0.61135020511781568 78.381057197381054 -1.4489482019865989 -4.499565927741866 10.883390811843688 -7.7156624645317793 0.0049281779339102015 -0.51378369868452201 -0.057265712834901464 -0.31871422202543837 -0.41586124655413637 7.4175888123705889 -1.7551313460850566 -0.050024346768615446 -1.3132123712082706 -81.896623544494901 -21.421684135688814 -0.55712218787086254 -0.73744924628864861 -0.29711402941023873 -48.346662548651736 -4.7453508498185881 0.0015226872590374707 -0.22605930625014425 -1.2422200452830001 -0.050037061327776279 -81.126567877429679 -18.385288967674647 -0.050036461206864585 -0.71393683099582383 -5.350594612926975 -96.210401283552585 -43.250242935720507 0.41225493506786037 0.18821712270166172 2.8418496363643406 -0.27701580644175844 0.095752788158267058 0.053295504351624418 0.31554098205218922 64.159988732007704 -0.40937068742127103 -0.32874972299805338 -0.16431001589155814 -0.056805039472587443 -0.058159917542946728 -39.746053802650863 -1.05511859369363 -0.21241045952488233 -0.60368763053697672 -62.849162527067442 -0.050019028210444128 -25.934797105813523 -0.89322838402269855 -0.66764317957588448
leaf_weight=0.32420001362965734 0.23381738751117964 0.16760189194610475 0.046264955773948624 0.20524843037128448 3.4175425931970924 0.2145134141262578 69.248869981860082 0.53358878307738211 0.090622019760866812 0.16547171927110049 0.33545081115789699 0.11083092159390062 0.18277291096025639 2.1848971363204228 1.1288533740880478 0.24939825385808945 8.617657747517141 1.5504738844548649 0.1420824543954059 0.029323753241123067 0.38110459024597076 0.039582337984139092 0.014661573642633992 0.01871638534653644 1.8872463167161282 0.2969993073278544 0.13997271091844676 0.024830221615654777 0.042609544522830792 24.384946175643705 3.6924409436751633 0.33002887848703227 0.057085393320054592 0.014800738933052719 0.010907941309950431 0.011773191329101259 0.22593694611769288 0.046429026003285093 0.0077991711693313551 0.0069355505926889209 7.4371211933469672 6.6070399881678101 1.2399101299362851 71.726230935214389 22.201935786218534 51.387443192663746 2.8388632005190755 0.069303740254157198 0.29889506859575288 25.206551489746403 53.27407851070128 284.72737642341963 0.46243471065792974 0.011336052896044682 0.049745889401508245 21.926810754868789 0.090306362569261722 0.018312353247893043 0.068993654153018724 0.040532711248919467 0.72622725493820595 0.16180258543448142
leaf_count=803 1158 714 244 63 80 286 432 80 129 23 100 21 117 52 60 9 583 3218 22 142 887 99 69 48 131 32 9 91 57 12122 8767 1191 274 79 48 43 1059 54 70 41 35 56 106 84004 812 540 287 81 204 25311 6059 484659 442 83 471 51302 281 76 188 335 1066 1093
internal_value=-0.0703842 -0.0588123 -0.0529244 15.0581 -0.0585908 -0.0989142 0.230621 1.80358 8.27811 26.7999 -0.0943389 -0.0918262 -0.0938949 -0.0907268 -1.28408 -3.29614 0.145632 -0.100595 -0.221398 -0.253961 -2.23436 -4.33039 -22.6651 -47.9859 -0.0686794 -1.13507 -3.29744 -6.96315 -20.7986 -0.238631 -0.938527 -4.48869 -12.9828 -28.3788 -2.9915 -2.9744 -4.88715 -17.8145 -39.6453 -71.2824 -0.0647356 0.47628 1.032 -0.206346 -0.0723627 0.00169872 0.289104 1.62764 11.7441 -0.101115 -0.0680755 -0.0825958 -0.252059 -1.16363 -8.23568 -0.261147 -1.93076 -6.8063 -13.2221 -0.989377 -1.94701 -5.72927
internal_weight=671.386 671.152 670.984 0.251513 670.733 588.659 82.0738 4.20723 0.789683 0.256094 588.444 588.109 587.998 586.437 1.56102 0.432171 77.8665 576.405 101.465 101.323 0.778265 0.39716 0.0729603 0.033378 474.94 2.39166 0.504412 0.207412 0.0674398 100.545 4.43346 0.741021 0.112118 0.0441245 0.0679933 0.628903 0.298874 0.0729369 0.0265079 0.0147347 472.549 10.0318 3.42481 96.1112 465.111 130.071 25.409 3.20706 0.368199 335.041 104.662 309.834 25.107 2.54012 0.0610819 22.5669 0.640047 0.177612 0.087306 2.47904 0.928563 0.202335
internal_count=690998 689840 689126 307 688819 687492 1327 312 232 152 687206 687106 687085 686899 186 126 1015 686685 109822 109800 1906 1019 216 117 576863 320 189 157 148 107894 11768 3001 543 221 322 2458 1267 208 154 111 576543 214 158 96126 576508 7983 1384 572 285 568525 6599 543214 58555 6266 554 52289 987 545 264 5712 2494 1428
cat_boundaries=0 3 6 9
cat_threshold=2282424400 573441 2097928 9486336 0 71303168 49315840 0 104857600
is_linear=0
shrinkage=0.05


Tree=16
num_leaves=63
num_cat=1
split_feature=2 15 1 9 15 15 0 7 3 7 0 23 13 7 20 13 20 21 19 18 13 12 5 4 6 6 20 21 10 15 13 6 7 21 10 14 21 19 12 18 10 10 21 9 19 12 20 13 16 12 20 17 16 12 13 12 13 18 13 12 19 21
split_gain=59235 237378 83157.4 17381.8 5564.24 18634.2 3380.43 55005.2 10344.7 1280.27 3058.11 1207.52 2912.8 2529.59 4810.18 42182.5 1574.08 8657.66 47375.8 207761 1170.22 2419.6 965.207 4536.32 14226.9 36029.7 69078.2 1745.06 5103.88 24841.4 16098.1 943.232 890.787 828.193 1627.61 3845.18 881.73 7173.4 38507.6 798.327 664.013 17823.7 529.753 5576.07 517.539 817.139 1352.49 1736.55 805.043 556.168 1188.71 3054.16 3720.83 501.143 494.975 490.261 404.625 404.169 389.368 3079 9174.32 1127.81
threshold=19.300000190734867 1.6288444399833681 17.85000038146973 88.083332061767592 0.87434285879135143 0.7512452006340028 16.050000190734867 37.916666030883796 19.899999618530277 28.791666984558109 17.300000190734867 0 0.67504116892814647 19.083333015441898 -0.69057363271713246 0.42693303525447851 -0.97113886475563038 0.21652257442474368 -0.58216583728790272 -0.58216583728790272 0.036514984443783767 -0.020998007617890831 1.4208332896232607 7.0499999523162851 41.791666030883796 2.7916666269302373 -0.77245554327964772 0.64414587616920482 1.9499999880790713 1.4344636201858523 0.054168537259101875 19.541666984558109 8.2083334922790545 0.16587474942207339 9.9499998092651385 0.040600210428237922 0.13185577094554904 0.09796465560793878 0.025897998362779621 0.47114434838294988 2.2749999761581425 1.9499999880790713 -0.99983122944831837 1.4499999880790713 0.98611506819725048 -0.019201594404876229 -0.71504372358322132 0.038691813126206405 0.083333335816860213 -0.028309604153037068 -0.32614396512508387 0.083333335816860213 0.083333335816860213 0.081712700426578536 0.11194728687405588 0.0025604877155274157 0.14801238477230075 -0.63405361771583546 0.16921938955783847 -0.010393356904387472 -0.81241145730018605 -0.99983122944831837
decision_type=8 2 10 8 2 2 2 10 2 10 2 9 2 8 2 2 2 2 2 2 2 8 2 2 2 2 2 2 10 2 2 2 10 2 8 2 2 2 10 2 8 10 2 10 2 8 2 2 2 10 2 2 2 10 2 8 2 2 2 10 2 2
left_child=2 4 3 6 5 -2 7 8 11 -8 -11 12 16 22 15 -15 17 20 -19 -20 21 -1 44 24 25 26 -24 28 29 30 -26 -27 42 36 56 39 40 -38 54 -36 41 -22 43 -18 58 46 47 48 -46 -48 51 52 -51 -47 -39 -6 -35 -34 -13 60 -60 -61
right_child=1 -3 -4 -5 55 -7 9 -9 -10 10 -12 13 -14 14 -16 -17 32 18 19 -21 33 -23 23 -25 27 31 -28 -29 -30 -31 -32 -33 57 34 35 -37 37 38 -40 -41 -42 -43 -44 -45 45 53 49 -49 -50 50 -52 -53 -54 -55 -56 -57 -58 -59 59 61 -62 -63
leaf_value=6.4313267402517686 -99.393075456567885 -297.88864850843112 55.309879012628244 -14.597533577127951 -13.863458137000132 -6.1729850223587945 0.31611210806923679 -24.046469594226171 -8.8633755572019606 0.29357808864888491 2.8867968262051513 -0.079254993871579152 5.2726847369752949 -27.474793475624217 -0.44909557137445888 -0.67764269940948063 -0.05002072157140517 -0.061493214538488994 223.95657700870447 -1.1308492413516993 0.11254741515658095 0.041999732106675125 -10.975464260140265 -0.24108159059330722 -19.528458973430894 -0.050294463794466671 -234.66811459557721 -0.46651027188026872 -1.8559323150567513 -0.050304391858134637 -108.29769298584402 -13.993902733222265 -0.24951635709016609 -0.16453395921258157 -40.813654285211726 -0.05012538341976696 -0.33570752588598529 -0.050023091546293807 80.281258478818728 -18.845388512405783 0.091188478522989613 15.960847206959881 -0.1966009837516933 -34.329167020295969 -18.593127503444357 -0.20099995834754725 -0.26725846468628334 -1.3549959961279587 -6.2842227566109603 -3.6597755219907429 -0.93884610943701241 -1.7136598472326725 -30.991445905057915 -1.692698209814715 -10.657567064108044 -6.0566097816746094 -4.4382723390074084 0.11295550280890874 -46.225909142858576 -3.0387711494219278 -3.0802687319676147 -0.18175613193583362
leaf_weight=0.22790363279340101 0.0080447705145094001 0.0080553386887791817 0.067734798348168535 0.20650350472806067 0.039528929628431804 0.016068404540419579 16.89193079370456 0.23992010882238801 0.3366590820988894 3.1400108337402353 1.7821170789053313 321.77804665360424 0.26257287581165556 0.16407920041650914 7.7267391376907328 1.3991495270379282 0.12549029660866567 0.30480775470956073 0.013169268962744486 0.046276622782826481 4.8506956213641246 0.42355388156662344 0.0091513448148097167 8.0567757546599257 0.010267802601810278 0.027799792522626661 0.0055409118344841328 0.55929891701218348 0.30477712875719498 0.061534642999617223 0.010161881100061287 0.021515208665983554 9.1120277355280859 0.29129183266489017 0.0085832858489793828 0.02909313013950119 0.43732735487518193 0.050140233595226173 0.018050055650915511 0.0079806897260830331 52.73783314323542 0.18414197134092702 77.418424043029617 0.013101976975982532 0.029657088096427545 18.303956543352903 1.2755949183301876 0.076629982640517777 0.024060843750264072 0.02770274929585681 0.73130270154315791 0.15028148379562578 0.022619629479669889 0.58090958110596247 0.014087342756121994 0.040936452336627287 0.068385089164688051 49.296041640108498 0.014075952086025884 0.34714138792729343 0.098812294253851268 69.810054821228633
leaf_count=35 139 418 328 856 78 16 98 208 101 11 172 512956 22 305 450 218 511 105 77 144 2515 180 47 414 39 64 98 128 157 131 63 56 203 572 53 96 344 191 12 47 3795 149 98438 57 71 27335 307 207 48 65 1577 310 59 99 48 56 93 263 73 323 323 35088
internal_value=-0.094126 -36.3507 -0.0878456 -0.093617 -16.2053 -37.2736 -0.0890089 -0.110258 -0.101113 0.522883 1.23248 -0.096412 0.00949008 -0.14143 -0.960844 -3.49032 0.0029126 0.216901 7.90183 48.7336 0.169735 2.27722 -0.126755 -0.637072 -3.79574 -26.6094 -95.337 -2.25221 -4.83466 -15.9108 -63.683 -6.13363 -0.091067 0.146345 -2.10595 -10.9988 0.162006 2.21249 15.7568 -30.2291 0.143564 0.692176 -0.20213 -3.29064 -0.115559 -0.356047 -1.23784 -6.18694 -13.0798 -0.945606 -1.87413 -5.28371 -15.9452 -0.246885 -2.37663 -9.89175 -0.977096 0.0564076 -0.102541 -0.209169 -8.46007 -0.195893
internal_weight=650.346 0.112634 650.233 650.166 0.104579 0.0241132 649.959 628.145 627.905 21.8141 4.92213 627.569 195.941 431.628 9.28997 1.56323 195.678 59.7133 0.364254 0.0594459 59.3491 0.651458 422.338 9.06682 1.01005 0.0640073 0.0146923 0.94604 0.386741 0.0819643 0.0204297 0.049315 135.965 58.6976 0.405334 0.0456571 58.2923 0.519605 0.0822776 0.016564 57.7727 5.03484 77.557 0.138592 413.271 21.2227 2.33785 0.130348 0.0537179 2.2075 0.931907 0.200604 0.0503224 18.8849 0.0642276 0.0804654 0.359677 58.4081 392.048 70.2701 0.112888 70.1572
internal_count=691442 707 690735 690407 289 155 689551 689270 689062 281 183 688961 107950 581011 973 523 107928 8456 326 221 8130 215 580038 1197 783 265 145 518 390 233 102 120 99472 7915 861 196 7054 595 251 100 6459 2664 99006 568 578841 30078 2644 326 119 2318 2011 434 124 27434 239 134 665 466 548763 35807 396 35411
cat_boundaries=0 4
cat_threshold=47743012 1073872896 1281622016 1928
is_linear=0
shrinkage=0.05


Tree=17
num_leaves=63
num_cat=2
split_feature=0 3 7 8 4 23 20 10 17 10 19 20 14 20 13 12 13 20 21 17 20 16 10 10 2 4 19 12 19 20 21 12 20 12 12 18 11 20 13 23 11 20 9 21 19 20 11 19 18 21 19 21 11 12 11 12 13 12 12 14 12 13
split_gain=44781.1 71359.3 21103.5 3061.63 2198.55 1162.73 1506.15 3191.26 8591.75 5363.56 993.964 3005.32 5084.84 6640.26 2369.45 10501 10659.8 604.778 521.567 449.118 915.127 2065.35 2904.12 2228.58 628.592 2063.74 978.568 564.138 5300.28 10967.2 745.731 4953.82 7094.26 487.868 476.558 356.41 568.894 869.86 1282.64 362.319 910.714 715.244 625.886 624.617 2227.66 490.253 2281.8 2365.74 753.638 720.521 654.775 487.483 28171.1 74656.9 367.665 356.015 3131.18 8342.52 16486.1 22219.3 351.594 890.93
threshold=20.649999618530277 20.94999980926514 39.666666030883796 17.250000000000004 16.150000572204593 0 -0.99985146522521962 4.1833331584930429 0.083333335816860213 1.9499999880790713 0.99465191364288341 -0.95754238963127125 0.0098039219155907648 -0.99467751383781422 0.024972253479063514 -0.018886675126850602 0.02112467680126429 0.42179998755455023 -0.97874867916107167 0.11666667088866235 -0.99467751383781422 0.050000002607703216 5.0499999523162851 1.9499999880790713 1.0000000180025095e-35 1.2500000000000002 0.2269546836614609 -0.020658388733863827 0.97335553169250499 -0.2102246284484863 0.85561370849609386 -0.026047908701002594 0.10837544873356821 -0.0099207917228341085 -0.013757933862507342 -0.98611506819725026 0.11250000074505807 -0.97113886475563038 0.18845727294683459 1 0.31666667759418493 -0.97113886475563038 0.68333333730697643 0.84199059009552013 0.99892947077751171 -0.97509795427322377 0.35416667163372045 -0.35206145048141474 -0.58216583728790272 -1.0000000180025095e-35 -0.52778512239456166 -0.19337245076894757 0.22500000149011615 0.0013265510206110778 15.550000190734865 -0.012036949396133421 0.030361515469849113 -0.01675944589078426 -0.019201594404876229 0.048057714477181442 -0.0069703077897429458 0.094879735261201872
decision_type=2 2 8 8 2 9 2 10 2 10 2 2 2 2 2 8 2 2 2 2 2 2 10 8 8 2 2 10 2 2 2 8 2 10 8 2 10 2 2 9 10 2 8 2 2 2 10 2 2 2 2 2 8 10 8 10 2 8 8 2 10 2
left_child=1 2 3 5 17 6 7 8 9 -1 19 12 13 -12 15 16 -13 18 -5 20 21 22 23 33 -21 34 -27 28 30 -30 -22 32 -32 -8 -26 36 -7 38 -38 40 43 45 -42 -37 -45 51 48 -48 49 -47 -51 52 -41 -54 -53 56 -16 58 59 -58 -52 -62
right_child=-2 -3 -4 4 -6 35 10 -9 -10 -11 11 14 -14 -15 55 -17 -18 -19 -20 24 27 -23 -24 -25 25 26 -28 -29 29 -31 31 -33 -34 -35 -36 39 37 -39 -40 41 42 -43 -44 44 -46 46 47 -49 -50 50 60 54 53 -55 -56 -57 57 -59 -60 -61 61 -63
leaf_value=-5.2284673470408176 32.229893023828275 -35.552935375717269 -9.6059610310514518 -0.39516215873564048 1.0264612066688632 -0.18074375256671132 -14.85365779332767 -0.52021888126732774 -2.8432204349204984 -51.698529861877958 -5.1025186758382066 -131.59439023431943 -0.05009928364379268 -63.75410790735998 -0.17256934094549467 -0.050012213425235763 -12.184153259641702 -0.34166900858226817 0.14217897821594774 -0.078587212678219401 -0.79928475263249299 -0.8306514502524931 -1.2870954333977074 -17.815651626750306 -13.452499330539386 -10.536424526312484 -42.705450605332445 -0.31164294460008535 -103.44321227558976 -4.8455056534164145 -108.31533392305572 -1.170780826844356 -0.05001917188050458 -0.050017754557376629 -0.050009922722630898 -0.31614472641067809 -11.265481471727202 -0.71973751580082457 -1.1747517576027953 -0.35562198813397033 0.58145134804264564 -0.088059526213930928 0.065672244931274062 -0.0041780986119435044 4.0470386863662418 -0.72789268378447192 -0.051822789998523702 -15.601359193156945 -0.051170777725567655 -0.05002326109982063 -3.671267611694863 -0.34905752495625797 169.875809413214 -13.379151113356588 -5.3226470231477361 -0.53334878898357851 -251.0662242668601 -2.5766865569735926 -6.5652113551687012 -22.123417061786295 -18.543378878095851 -5.6743260902413653
leaf_weight=0.0096550822204491543 0.10721040284704386 0.14180167850236003 0.58081216632058286 4.6982197230833966 6.6537920965395463 18.756457159905647 0.006740391515674792 0.26812992162395777 0.08679524242802214 0.01739892356999391 0.0098963121425757264 0.0034203477269589746 0.026798403001497814 0.0094185471303246185 0.25512223996188554 0.028733018786270739 0.0041206403897722614 7.4890658857541856 116.40932047019083 17.026974785079933 1.7159435345381053 1.8000906127480547 0.15490898643107967 0.064395806240060416 0.0074613299349708395 0.004768096494594253 0.0046887358832963808 40.085009191549624 0.0038687220409199608 0.010407527065568654 0.0027709704582681129 0.044610568285379584 0.0033332275945667789 0.031930099987657917 0.059716709540147184 27.939854178165941 0.049044177116966986 3.2643526993497622 0.087995289127934834 1.3099711463052615 6.5306855010561522 280.44526882768093 59.194039601315168 12.200408390471846 0.34903358862328993 0.14748992366002256 0.044488410519990265 0.054336334677357476 0.96013262877043759 0.033522460020335446 0.02761482624191558 25.098860178312435 0.0088273811577144357 0.015004820286968685 0.037213071861446845 1.2574468394122635 0.001991866513818356 0.039127951270695745 0.0076744055159457926 0.0022647518617512448 0.021629390597082923 0.035559960975100141
leaf_count=113 878 216 973 205 54 29312 54 263 120 56 30 92 155 80 75 148 35 396 1684 20971 5684 1146 488 92 62 52 52 67933 68 139 66 396 47 224 392 49292 120 1087 44 2600 233 455042 1045 11382 117 327 35 136 1893 79 62 32681 66 70 5 2229 61 118 52 47 58 95
internal_value=-0.0819906 -0.0874404 -0.0795269 -0.0708122 0.140225 -0.127936 -0.317687 -3.49821 -10.5118 -35.1142 -0.348992 -1.56143 -14.1458 -33.7029 -1.19871 -13.832 -66.3448 0.0943697 0.121333 -0.31629 -0.400931 -1.43028 -5.61431 -12.1181 -0.0989227 -4.61713 -26.486 -0.35033 -1.22109 -31.5645 -0.975889 -6.95132 -49.1965 -2.63034 -1.5386 -0.0911678 -0.288632 -0.883566 -4.78606 -0.0828105 0.00183473 -0.108517 0.116922 -0.184529 0.108497 -0.353971 -1.29262 -8.60135 -0.70346 -3.05954 -5.96585 -0.306993 0.624494 54.498 -0.356421 -0.905639 -2.43459 -13.737 -50.3376 -129.256 -8.30433 -10.5415
internal_weight=635.748 635.64 635.499 634.918 135.25 499.667 63.0556 0.381979 0.113849 0.027054 62.6736 1.64602 0.0461133 0.0193149 1.5999 0.036274 0.00754099 128.597 121.108 61.0276 43.924 2.05807 0.257975 0.103066 17.1036 0.0766349 0.00945683 41.8659 1.78093 0.0142762 1.76666 0.0507148 0.0061042 0.0386705 0.067178 436.612 22.1578 3.40139 0.137039 414.454 106.214 308.24 65.7247 40.4893 12.5494 27.7947 1.32477 0.0988247 1.22595 0.265817 0.118327 26.4699 1.3338 0.0238322 25.1361 1.56363 0.306181 0.051059 0.011931 0.00425662 0.0848042 0.0571894
internal_count=691727 690849 690633 689660 2339 687321 101540 552 289 169 100988 3122 265 110 2857 275 127 2285 1889 97866 76337 2004 858 370 21529 558 104 74333 6400 207 6193 509 113 278 454 585781 30563 1251 164 555218 62069 493149 1278 60791 11499 38107 2685 171 2514 621 294 35422 2736 136 32686 2582 353 278 160 108 215 153
cat_boundaries=0 3 7
cat_threshold=41615364 557057 35913736 49152 8388704 71303936 1040
is_linear=0
shrinkage=0.05


Tree=18
num_leaves=63
num_cat=2
split_feature=11 10 0 14 3 2 5 9 11 8 23 11 8 21 15 15 10 4 23 19 12 14 12 21 12 15 21 14 8 10 21 14 18 14 10 10 13 21 18 15 9 10 4 7 15 15 15 8 5 10 10 12 17 11 19 19 15 15 19 21 21 9
split_gain=31583.6 181104 29190.3 115047 6822.03 27906.4 5442.66 2719.01 11126.4 2164.23 1133.03 10438.1 21350.9 2911.8 5194.04 1892.67 1777.66 766.115 670.584 1217.88 4012.51 21632.4 19443 2308.37 2611.44 878.714 1918.42 14336.5 596.412 772.755 1354.17 912.954 2335.09 6089.94 1236.76 1653.79 3878.08 4403.78 6296.67 1898.19 1637.09 1944.51 1791.13 1032.95 775.009 3155.41 660.303 593.367 1557.25 557.509 928.351 471.239 934.36 982.05 841.291 4085.89 5993.39 10463.8 445.52 2914.02 1748.33 434.63
threshold=-53.249999999999993 85.416667938232436 17.300000190734867 0.045542273670434959 19.899999618530277 1.0000000180025095e-35 6.4458332061767587 56.666666030883796 -11.449999809265135 17.250000000000004 0 26.583333015441898 44.250000000000007 -0.63919836282730091 1.4662250876426699 2.9455777406692509 44.083333969116218 4.1499998569488534 1 0.98611506819725048 -0.017043100669980046 0.013725490774959328 -0.01956087630242109 0.94909128546714794 -0.020658388733863827 3.6703637838363652 -0.19337245076894757 0.0098039219155907648 6.2500000000000009 0.38750000298023229 -0.27694045007228846 0.021568628028035167 -0.98611506819725026 0.0058823532890528449 5.6833331584930429 1.8541666865348818 0.14506810903549197 -0.21862536668777463 -0.35206145048141474 4.7094643115997323 0.35416667163372045 2.1833333969116215 1.0000000180025095e-35 0.64583334326744091 9.5713052749633807 10.763750076293947 3.9142582416534428 28.250000000000004 4.5958333015441903 51.062500000000007 68.049999237060561 0.00012024096213281156 0.11666667088866235 18.791666984558109 0.09796465560793878 0.98611506819725048 1.3609172701835635 1.7050862312316897 -0.99465191364288319 -0.46800559759140009 -0.39036008715629572 0.35416667163372045
decision_type=10 8 2 2 2 10 2 10 8 8 9 10 8 2 2 2 8 2 9 2 10 2 8 2 8 2 2 2 10 10 2 2 2 2 10 10 2 2 2 2 8 10 2 10 2 2 2 10 2 8 10 10 2 10 2 2 2 2 2 2 2 10
left_child=1 -1 4 -4 7 -6 -5 9 -9 18 15 17 13 -13 -15 -11 -17 51 19 28 21 22 -21 24 -23 -22 -27 -28 29 -2 58 32 33 -32 35 43 39 -38 -39 40 41 42 -37 -34 -36 -46 -40 48 -19 -33 -51 -12 53 -53 -55 56 -56 -58 59 -31 -61 -35
right_child=2 -3 3 6 5 -7 -8 8 -10 10 11 12 -14 14 -16 16 -18 47 -20 20 25 23 -24 -25 -26 26 27 -29 -30 30 31 49 34 61 44 36 37 38 46 -41 -42 -43 -44 -45 45 -47 -48 -49 -50 50 -52 52 -54 54 55 -57 57 -59 -60 60 -62 -63
leaf_value=-1.4115821622859761 -0.1633452350183642 -212.76282939175587 42.168931990031496 2.605683394054795 -21.706699900255877 4.3017534180482029 -6.4235100467715416 -0.27334222536284519 -10.096299644906606 0.11886790055563597 0.10042620962831537 -0.33523103291142259 -16.201447309144118 -0.25058069184752418 -10.74253641856509 1.6197054051935649 0.36030545402925784 1.1438824172667434 -0.10323948496904378 -124.85801319778159 -0.44294006479785653 -31.724948055387724 -12.263769116308378 -1.2029739323775406 -0.050009765424724031 -1.1787297611553542 -61.879524805832403 -2.2240761901285508 -0.084614840854796661 -0.77953131890214211 -49.894993077303134 -0.50300678137596444 -0.62150922871586634 -0.050011415870413016 -0.69973731621542501 -19.221494864874686 -4.5546160237907678 -65.535967893588506 -5.3593161973166055 -1.1464570372968288 -25.132214178798581 -1.8110396661081432 -4.6419236688557657 -10.212253664332307 -29.485098422349228 -1.5396356583812763 -24.865305058370744 0.080327076030232897 0.016983281569144394 -2.6367653750101177 -25.217493027057909 -0.32182252128542765 0.090764973623777861 -0.87316353526229085 -1.7272633938360074 -0.48270277527053324 -1.5126955236112007 -41.8719842247515 -0.31212845656306643 -42.007335313542917 -7.0413020494799516 -14.123455104508631
leaf_weight=0.073663642566402857 21.08129293468129 0.011752967984219917 0.20188331136562321 0.56708138979596778 0.17558340180250454 0.24996729494869641 0.23650489590741697 1.7441752260203471 0.3453594611476497 20.11312884005261 33.151199109093412 1.3772184627529607 0.28500255391861928 0.26840883293276585 0.21044503482926025 5.0948236965744913 6.2260192179505802 5.8376858665323015 393.52094473623168 0.0072110508032142894 2.7718925883270784 0.01416820414168141 0.0081875090941139015 0.16517762889754734 0.012034040776610019 0.41821700043754817 0.011321085988310969 0.091223855328300102 27.740751063023495 0.13453200215963851 0.0090266206692889567 3.0447856401410704 0.60509808017403022 0.024069180291877899 2.082961603975086 0.041581533965112008 0.032645218878701213 0.0091575823838115841 0.0094174284472863159 0.34822624311728345 0.011957929881513146 0.11357046126861654 0.042696254319253057 0.029440731695403954 0.011890201564536088 0.067134959714619732 0.0080447874238416279 14.558599599913622 6.4561937959797087 0.019298847823724478 0.0059566325121380775 10.439544808110123 14.366852138155313 1.1978617801291023 0.088461486746830242 0.37938873964864417 0.031961070697003165 0.032280136703037469 15.920229625406218 0.007148064576281447 0.0071517539967443661 0.0071056007799326837
leaf_count=112 70499 807 657 21 128 105 244 153 142 56 215 83 160 7 158 99 20 91 577203 173 3843 173 55 126 132 779 45 517 717 550 77 6059 1163 158 2651 82 38 72 66 194 93 665 22 43 89 365 37 80 22 171 95 722 303 151 10 20 7 141 19682 52 51 62
internal_value=-0.0909026 -30.4926 -0.0865166 8.42556 -0.100997 -6.42941 -0.0517144 -0.0964371 -1.89689 -0.0900449 0.0993009 -0.00971464 -3.45953 -1.50299 -4.86155 0.311005 0.927085 0.0745142 -0.138596 -0.273972 -1.22127 -7.97742 -64.991 -3.39007 -17.1774 -0.79698 -2.68145 -8.81011 -0.265917 -0.381075 -0.584234 -1.19175 -1.74937 -13.7294 -1.6083 -2.85897 -4.70151 -16.8623 -31.9558 -3.41 -7.16691 -6.08109 -11.8353 -1.06649 -0.884128 -5.74434 -14.3457 0.296312 0.552086 -0.564372 -7.96254 -0.0252693 -0.182298 -0.504665 -1.60804 -3.26243 -10.1686 -21.7926 -0.337584 -3.06051 -24.5198 -3.25774
internal_weight=592.157 0.0854166 592.071 1.00547 591.066 0.425551 0.803586 590.64 2.08953 588.551 120.115 88.6811 2.14107 1.85607 0.478854 31.434 11.3208 86.54 468.436 74.9146 3.49943 0.206778 0.0153986 0.19138 0.0262022 3.29265 0.520762 0.102545 71.4152 43.6744 22.5931 6.52407 3.45402 0.0402014 3.41382 1.25184 0.617297 0.059265 0.0266198 0.558032 0.209806 0.197848 0.0842778 0.634539 2.16199 0.0790252 0.0174622 26.8525 12.2939 3.07004 0.0252555 59.6875 26.5364 12.1695 1.72995 0.532091 0.152703 0.0642412 16.0691 0.148832 0.0142998 0.0311748
internal_count=691513 919 690594 922 689672 233 265 689439 295 689144 2345 2170 408 248 165 175 119 1762 686799 109596 5843 659 228 431 305 5184 1341 562 103753 103036 32537 12202 5877 297 5580 2475 1269 213 175 1056 862 769 104 1206 3105 454 103 193 113 6325 266 1569 1354 1051 329 178 158 148 20335 653 103 220
cat_boundaries=0 3 6
cat_threshold=2323644416 32768 69206016 175783952 557057 136577032
is_linear=0
shrinkage=0.05


Tree=19
num_leaves=63
num_cat=2
split_feature=0 19 9 0 4 3 9 11 15 11 23 11 11 16 18 15 18 11 21 12 21 10 10 21 7 11 7 21 11 13 18 19 9 18 15 17 17 16 15 11 2 10 12 10 10 16 21 4 5 4 10 1 21 0 17 18 13 9 23 11 0 18
split_gain=72052.1 413369 21231.4 208086 15953.5 21360 3779.82 32577.5 30715.1 2714.24 1167.4 1433.31 1347.43 1026.74 8221.13 16356.5 52558.7 5241.92 1020.67 5800.92 21503.1 28429.9 706.646 981.508 898.07 2305.36 12024 1083.86 3223.56 26748.7 141313 292103 467206 975.72 1838.14 5862.83 6858.67 681.747 520.031 551.177 478.007 440.677 620.258 538.454 952.411 951.474 1219.92 506.848 1943.25 4048.55 438.591 430.01 1117.87 1087.64 412.996 1753.14 1608.92 816.98 376.092 1199.72 1188 374.926
threshold=17.300000190734867 0.35206145048141485 79.583332061767592 9.3499999046325701 143.54999542236331 19.650000572204593 43.625000000000007 8.0833334922790545 10.511927127838137 17.291666984558109 0 15.083333492279055 0.31666667759418493 0.050000002607703216 -0.58216583728790272 2.9455777406692509 -0.88144907355308522 18.416666984558109 -0.63919836282730091 -0.012036949396133421 -0.35846087336540217 42.562500000000007 0.77500000596046459 -0.28519998490810389 6.2750000953674325 3.5499999523162846 4.9500000476837167 -0.20180761069059369 0.22500000149011615 0.28653348982334143 -0.22695468366146085 0.2269546836614609 0.68333333730697643 -0.2901292592287063 10.014999866485597 0.15000000596046451 0.11666667088866235 0.11666667088866235 7.3048076629638681 0.18333333730697635 2.9500000476837163 1.0500000119209292 0.046215238049626357 2.2749999761581425 1.9499999880790713 1.0000000180025095e-35 -0.22700609266757962 1.0500000119209292 0.22916666418313983 3.6499999761581425 42.062500000000007 3.7500000000000004 -0.13398942351341245 3.5499999523162846 0.11666667088866235 -0.77259656786918629 0.21923788636922839 0.77500000596046459 1 0.45000000298023229 1.8499999642372134 0.2269546836614609
decision_type=2 2 8 2 2 2 10 8 2 10 9 8 10 2 2 2 2 8 2 8 2 10 10 2 10 10 10 2 8 2 2 2 8 2 2 2 2 2 2 8 10 8 8 8 8 2 2 2 2 2 8 10 2 2 2 2 2 8 9 10 2 2
left_child=2 -2 4 -4 5 6 9 -8 -9 10 11 12 38 14 15 -11 17 -17 50 -20 -21 -22 51 -24 25 27 -27 28 -25 30 37 -32 -33 34 35 36 -28 -30 39 40 41 47 43 44 -43 -46 -47 -1 49 -49 -15 53 -53 58 55 56 57 -40 59 60 61 -12
right_child=1 -3 3 -5 -6 -7 7 8 -10 13 22 -13 -14 18 -16 16 -18 -19 19 20 21 -23 23 24 -26 26 33 -29 29 -31 31 32 -34 -35 -36 -37 -38 -39 54 -41 -42 42 -44 -45 45 46 -48 48 -50 -51 -52 52 -54 -55 -56 -57 -58 -59 -60 -61 -62 -63
leaf_value=-0.19711019107811056 207.00883598221674 -2.9643259536498023 -168.68693503725126 -1.147397923847179 13.978147209409636 -15.379201101162478 -0.19405210057070049 -28.472756454903692 -2.1995224230091805 -0.8819573616961649 -0.5517550679205433 3.1506022416942039 0.098135013825189937 0.15606353670835493 0.060619773355054335 5.1568684640173679 28.579179007303203 -5.1661363014546273 0.10373029309888751 -1.3851706681364806 -55.16008396418345 -3.2326386520203041 -0.15670819851804732 -0.49394303270296086 -0.14245216838036653 -17.226545408750411 -46.698621202048308 -0.40160095011013147 -9.1963250742403186 -0.38959258859023899 -32.326580168558642 -114.34416900555675 -1202.5693450067502 -0.15128305330504421 -0.36184226987175916 -0.053644032358032084 -2.9005720605272489 -0.051634375804786574 -1.9742616438674099 -7.7232360829338917 -6.8396513556550973 -1.1576826439856021 -0.097315348704136148 -0.84202534174188903 -1.7268766179581743 -2.1001830253465421 -12.504325090314348 -32.755775047498574 -0.062570377883567188 -1.5645042468376347 0.5472034212864586 -0.19781398157427366 2.5167366292500897 -4.3917931307313882 0.23884906698550618 -0.12928525421477585 -15.020367337956325 -14.800191835576058 -0.06227399267712859 -12.809750227604619 -6.6352524938717083 -0.11771950905472889
leaf_weight=11.411174823012969 0.028266497085964792 0.1372627326397689 0.020161729168517689 0.22943079234348093 0.20131188982054382 0.22864068533669879 4.5353383150362809 0.20670665357025833 0.24086440559875164 0.80248193368530796 11.962563836336804 0.36378646188303676 92.793110400472003 39.255844058685348 8.1186367437358591 0.25001650350924287 0.24100951595928199 0.24201500958014599 7.6707310060368128 0.88632779099904702 0.04536547360613305 0.062912409170176181 107.30252153092295 2.3847769025811512 20.449186423284331 0.12741340705443227 0.018221348255735688 34.343758233077388 0.032781546689534133 0.61493394203831653 0.010843795631446933 0.0026248060897399259 0.0015800161656001057 0.82829802705696476 0.16393763784770921 0.065664680913178203 0.017545855872317793 0.053878216079141741 0.15448337497232892 0.026014777797754074 0.029135079028299482 0.54856818244156458 2.4110953997653226 3.7574949106103737 0.11270766872030431 0.048231911662824492 0.067751601314534088 0.015287825197927402 0.16207237276107803 0.03256135240824537 8.7676961188026379 1.1713463438536584 0.56084964525319625 0.14822738614222331 6.1427027839091481 2.2590600861083647 0.03340155956558824 0.013500827498175327 151.72700143955501 0.019476621800964433 0.07597276415584886 8.5184839036990585
leaf_count=26365 463 486 857 14 7 232 607 179 20 39 45245 24 977 265 140 8 53 103 20 148 255 53 113818 5906 1334 296 104 62777 122 49 66 34 106 140 17 17 23 24 801 107 60 1174 68 7797 55 225 74 91 23 130 50 40 122 91 813 2996 49 51 380767 145 46 33965
internal_value=-0.0912761 32.8916 -0.101519 -14.681 -0.0946889 -0.100009 -0.0934459 -1.46408 -14.3336 -0.0804943 -0.123528 0.0155925 0.00738916 0.218525 0.695169 4.05016 9.4495 0.0793032 0.137352 -0.362105 -3.95479 -24.9888 -0.168218 -0.246837 -0.410432 -0.552157 -2.69011 -0.482439 -1.3776 -4.31816 -28.0705 -169.501 -523.259 -0.996605 -3.63511 -8.92547 -25.2132 -3.51088 -0.301904 -0.450434 -0.44026 -0.430218 -0.745298 -1.08983 -2.28776 -4.99851 -8.17775 -0.241897 -2.67647 -11.5301 0.227474 -0.102761 0.681102 -0.110635 0.0195982 -0.527779 -4.99792 -3.00508 -0.106952 -0.273308 -0.394381 -0.371231
internal_weight=533.155 0.165529 532.99 0.249593 532.74 532.539 532.31 4.98291 0.447571 527.327 460.984 120.382 120.018 66.343 9.65416 1.53552 0.733041 0.492032 56.6889 8.66534 0.994606 0.108278 340.602 166.418 59.1154 38.6663 1.22108 37.4452 3.10142 0.716642 0.101708 0.0150486 0.00420482 1.09367 0.26537 0.101432 0.0357672 0.0866598 27.2252 18.6221 18.5961 18.5669 6.94585 4.53475 0.777259 0.228691 0.115984 11.6211 0.209922 0.0478492 48.0235 174.184 1.7322 172.452 8.60315 2.46045 0.201386 0.167984 172.303 20.5765 20.557 20.481
internal_count=691133 949 690184 871 689313 689306 689074 806 199 688268 687134 41880 41856 1134 343 203 164 111 791 476 456 308 645254 184833 71015 69681 597 69084 6307 401 352 206 140 301 161 144 127 146 40879 36169 36062 36002 9393 9325 1528 354 299 26609 244 221 315 460421 162 460259 4710 3897 901 852 460168 79401 79256 79210
cat_boundaries=0 3 7
cat_threshold=49152 0 71565824 2296053776 32769 1109393417 128
is_linear=0
shrinkage=0.05


Tree=20
num_leaves=63
num_cat=2
split_feature=9 4 0 7 3 11 11 18 11 10 9 17 11 11 23 11 10 20 12 7 3 14 17 20 5 0 11 4 4 3 0 7 13 20 15 21 18 11 12 6 12 15 19 14 15 13 18 11 9 18 19 12 21 12 21 21 7 14 18 12 19 23
split_gain=163969 67700.4 52738.4 18065.3 10455.6 52859.9 1516.26 1174.14 1146.52 1077.67 4979.42 19356.3 7011.02 8738.02 963.461 1400.9 874.786 684.646 1423.53 923.272 748.482 653.715 2812.41 637.096 1911.87 3267.31 554.094 517.343 606.16 2998.18 4760.27 536.813 516.289 461.273 1112.19 2297.13 1008.79 806.916 1801.72 2457.73 627.682 450.111 616.187 7784.84 501.768 7788.55 9279.26 698.388 427.143 425.383 423.245 4981.3 10422.5 397.358 545.857 384.204 937.499 1984.28 4987.08 5366.61 378.604 373.6
threshold=79.583332061767592 123.30000305175783 17.300000190734867 37.083333969116218 18.550000190734867 -15.916666507720945 22.291666984558109 -0.9103761315345763 0.14583333581686023 5.3875000476837167 3.4500000476837163 0.050000002607703216 2.3541666269302373 4.2249999046325692 0 21.208333015441898 41.062500000000007 -0.96689236164093006 -0.020658388733863827 1.0500000119209292 0.84999999403953563 0.0098039219155907648 0.11666667088866235 0.95998215675354015 5.5999999046325692 2.5499999523162846 0.64583334326744091 11.150000095367433 6.7500000000000009 9.3499999046325701 3.1499999761581425 13.791666507720949 0.24617092311382296 -0.94705909490585316 1.9333974123001101 0.18281312286853793 -0.41248606145381922 -0.68333333730697621 -0.013504956383258103 24.208333015441898 0.01609658915549517 3.9759986400604252 0.99465191364288341 0.0098039219155907648 4.302553892135621 0.16921938955783847 0.41248606145381933 0.14583333581686023 32.583333969116218 -0.98611506819725026 0.99892947077751171 -0.026047908701002594 0.92843842506408703 -0.019895927980542179 -0.091258823871612535 0.16587474942207339 9.791666507720949 0.040600210428237922 -1.0000000180025095e-35 0.046215238049626357 -0.77259656786918629 1
decision_type=8 2 2 10 2 10 10 2 10 10 8 2 10 8 9 10 8 2 8 10 2 2 2 2 2 2 10 2 2 2 2 8 2 2 2 2 2 10 8 2 10 2 2 2 2 2 2 10 10 2 2 8 2 10 2 2 10 2 2 10 2 9
left_child=1 2 3 4 6 -6 7 8 -1 10 21 -12 -13 -14 26 17 60 18 -16 41 50 22 49 27 25 -25 32 28 -22 30 31 -30 33 34 35 36 -9 38 -36 -40 -39 -20 44 -44 45 47 -47 -43 -18 -10 61 52 -52 54 -46 -21 57 58 59 -57 -8 -19
right_child=-2 -3 -4 -5 5 -7 16 14 9 -11 11 12 13 -15 15 -17 48 20 19 55 23 -23 -24 24 -26 -27 -28 -29 29 -31 -32 -33 -34 -35 37 -37 -38 40 39 -41 -42 42 43 -45 53 46 -48 -49 -50 -51 51 -53 -54 -55 -56 56 -58 -59 -60 -61 -62 -63
leaf_value=-0.20340475066333591 -102.63468639890436 62.532393422941283 22.076164281646101 -17.885333236967071 1.9095841610453252 -33.130526664266192 0.32987509335339932 -29.914220326349767 -15.100242979704067 -0.50490153183297615 -0.94510403825763933 -5.12387165548407 -72.16876527326275 -26.862673237938754 0.088583916753408376 -5.2963085826702025 0.2430922125320871 -0.25836515147832828 -0.54117431662174831 -0.20450754903819909 -0.80212361381135244 -0.68428405967971373 -0.4583119648317644 -4.0013697460314264 -0.31200114961406489 -32.292819549645444 0.09526726688714908 -0.1503144903346974 -0.050013829242505373 -0.47353098650121428 -52.047637687789056 -15.576408505852875 0.062353729101318249 -0.30811225197308034 -0.050785320342970043 -43.66302521651734 -0.050002299119224526 -0.70007869289820723 -0.050180637930580266 -52.550760475202878 -6.7738582136096044 -1.0327955219205169 -40.198891221158327 -0.44511144919384749 -17.196436605733179 -75.041661849139572 -0.050010688878613256 -13.9252967836459 0.83194626126250959 -29.609762355150696 26.95400888862812 0.082416643108261911 -0.050751300135033553 -0.91605601540636017 -2.376470505061353 -56.91123182226486 -0.15063041607672212 -0.47177682056039577 -1.323636602785375 -5.251389606337006 -0.12868640140428753 -0.070817189589111901
leaf_weight=40.448922373370578 0.038992979691498841 0.04314270138684051 0.26783603474251449 0.14300977312251362 0.43017016351224691 0.1435465696723488 6.7309505700352963 0.0033479610859203082 0.019934255166574336 12.237220284021287 0.2491140848852518 0.019342613808040206 0.015235635023141019 0.035300587297130218 13.183657836177618 0.13203898730176789 5.7855894513745243 28.841303032583497 6.395724858724293 13.061714358405331 3.7927330761112841 2.5370096272433909 0.097324806089744698 0.037964460903997577 0.13461467021105702 0.013956879771857361 84.418484858335674 4.7381948595474617 0.013253658672089483 0.11976955386661403 0.0076912186532286505 0.0095988876384845989 10.777256035883161 10.119257911101641 0.016290087577111166 0.004585759884708814 0.018197886929028614 1.1665013586178703 0.0041914281559911623 0.0047616166487240768 0.044146248487129891 0.40501070453654653 0.013699003000055804 0.12189118104374705 0.00874179714719776 0.0080008732810600575 0.0085152802308610925 0.010783874529875281 6.5845294947125881 0.0067659567774864668 0.053694232704639022 7.5725169003422819 0.10679539041217398 6.2541972096668861 0.021481604307547465 0.010537854171221731 0.33248375515780332 0.095174591979031567 0.036807589598457383 0.009613676508899896 13.587962430802092 199.25048977975854
leaf_count=88932 1015 98 734 232 42 216 58 95 89 2203 28 30 112 63 3411 67 66 81719 19057 2171 1877 1266 20 151 7 39 714 377 162 72 46 7 318 36826 40 78 325 3327 10 96 140 1843 97 624 53 57 50 72 51 129 91 5721 74 17905 124 146 53 52 64 17 345 416735
internal_value=-0.107375 -0.0990597 -0.104681 -0.117046 -0.111755 -6.85761 -0.103688 -0.127725 -0.342586 -0.712542 -1.5652 -7.46836 -30.7234 -40.5215 -0.0971652 -0.142321 0.225036 -0.14493 -0.336767 -0.546052 -0.113588 -0.857558 -4.40198 -0.564547 -3.45572 -11.6063 0.0336963 -0.502424 -0.925539 -4.03958 -18.023 -6.57166 -0.185667 -0.420524 -1.32188 -11.5297 -4.69054 -1.10604 -9.95376 -27.9723 -0.921559 -0.842841 -1.12441 -4.46153 -1.05704 -2.70474 -36.378 -1.36717 0.556535 -18.777 -0.0966303 0.267161 8.9841 -0.943694 -6.66299 -0.255798 -1.63822 -4.88931 -12.2707 -32.2659 0.0232191 -0.108964
internal_weight=480.802 480.763 480.719 480.452 480.309 0.573717 479.735 447.046 55.6662 15.2172 2.98003 0.318993 0.0698788 0.0505362 391.38 284.803 32.689 284.671 39.978 26.7944 244.693 2.66103 0.124025 8.86778 0.186536 0.0519213 106.577 8.68124 3.94305 0.150313 0.0305438 0.0228525 22.1585 11.3813 1.26202 0.0261316 0.0215458 1.23589 0.0252431 0.00895304 1.21065 13.248 6.85232 0.13559 6.71673 0.432311 0.0165162 0.415795 12.3701 0.0267002 235.825 7.73301 0.16049 6.28442 0.0302234 13.5463 0.484617 0.152134 0.0569591 0.0201515 20.3189 228.092
internal_count=690639 689624 689526 688792 688560 258 688302 687782 92872 3940 1737 233 205 175 594910 552941 520 552874 45796 42385 507078 1504 238 2738 197 190 41969 2541 2164 287 215 169 41255 40937 4111 498 420 3613 146 106 3467 39882 20825 721 20104 2022 107 1915 117 218 504340 5886 165 18082 177 2503 332 279 227 163 403 498454
cat_boundaries=0 3 6
cat_threshold=3162176 0 104857600 38502400 57345 1210319104
is_linear=0
shrinkage=0.05


Tree=21
num_leaves=63
num_cat=1
split_feature=0 9 7 4 3 11 23 11 11 7 13 11 11 1 9 11 0 20 20 21 19 21 19 13 15 19 15 19 19 13 19 19 13 14 19 13 20 19 14 14 20 15 20 19 9 21 13 19 10 10 8 11 20 21 19 21 10 17 10 19 15 15
split_gain=53976.9 1.83179e+06 148501 27000.2 3192.05 20505.4 2759.92 3364.75 2204.31 5621.76 19931.9 3577.15 3071.81 1538.67 3060.8 1570.69 1282.82 996.517 1276.11 16025.4 68870.7 134057 145318 6928.49 1216.3 1289.09 4104.35 7182.37 1155.47 14810.2 911.668 6159.89 13072 37035.5 634.429 1317.81 2368.38 7845.07 12857.4 942.326 2254.37 5084.63 829.421 3099.2 467.693 464.514 4455.21 462.062 531.689 11074.3 43355.1 712.792 397.433 1335.71 2226.13 2234.99 8473.71 10822 27701.5 3445.99 3430.29 3873.73
threshold=16.050000190734867 43.125000000000007 37.600000381469734 62.750000000000007 18.550000190734867 -18.791666984558102 0 33.666666030883796 22.645833015441898 29.062500000000004 0.53889530897140514 22.291666984558109 21.550000190734867 2.8500000238418584 5.7750000953674325 0.35416667163372045 1.9499999880790713 -0.98214942216873158 -0.96689236164093006 0.21652257442474368 -0.47114434838294977 0.2332836911082268 0.35206145048141485 0.07738362625241281 1.8430199623107912 -0.58216583728790272 1.4951925873756411 -0.88144907355308522 -0.84874749183654774 0.16921938955783847 0.63405361771583568 0.98611506819725048 0.085121989250183119 0.044210137799382217 0.99465191364288341 0.032667407765984542 0.88220161199569713 0.99892947077751171 0.054168537259101875 0.025490196421742443 -0.5276680290699004 2.6389087438583378 0.3903625756502152 0.99892947077751171 0.35416667163372045 -0.99983122944831837 0.14039956033229831 0.16280825436115268 5.1833331584930429 2.0499999523162846 4.2500000000000009 18.416666984558109 -0.96689236164093006 0.21652257442474368 -0.58216583728790272 0.2332836911082268 7.5499999523162851 0.11666667088866235 14.775000095367433 0.35206145048141485 3.4348213672637944 3.9759986400604252
decision_type=2 8 8 2 2 10 9 10 10 8 2 10 10 10 8 10 2 2 2 2 2 2 2 2 2 2 2 2 2 2 2 2 2 2 2 2 2 2 2 2 2 2 2 2 8 2 2 2 10 10 10 10 2 2 2 2 8 2 10 2 2 2
left_child=2 -2 3 4 6 -6 7 13 11 10 -10 12 34 15 -15 16 17 24 19 44 -21 22 -22 -24 25 26 27 -1 29 -26 -30 -32 -33 -34 52 36 39 -38 -39 -36 41 -41 -42 -44 -19 46 -20 48 49 -17 -51 -50 53 -8 -55 56 59 58 -58 60 -56 -62
right_child=1 -3 -4 -5 5 -7 8 -9 9 -11 -12 -13 -14 14 -16 47 -18 18 45 20 21 -23 23 -25 28 -27 -28 -29 30 -31 31 32 33 -35 35 -37 37 38 -40 40 42 -43 43 -45 -46 -47 -48 -49 51 50 -52 -53 -54 54 55 -57 57 -59 -60 -61 61 -63
leaf_value=-0.050003560243938622 722.06999169920698 -11.455040622370513 -63.568078905254062 29.244321367675241 0.74654924790084776 -15.467951944158436 -0.26268142159410174 6.2172444474998736 -33.061362167516442 -0.80775483865617526 -0.35010299868637706 7.492430506546035 -14.250591127605322 4.2080609884602742 -0.11646376428637153 -0.072680851258225918 -6.2200087699461371 -0.63422612424859004 -0.050007209242311938 -0.051354313209589768 -847.10823864641588 -0.050003861669611807 -83.629682845439334 -254.40011661227942 -0.57178349476167456 -2.8229763789137481 -3.9316642010323424 -133.61305364313935 0.13718941272363713 27.663186784757098 -1.0744115073812519 -5.8723014553181274 -355.68254686528616 -0.050005354312386063 -0.65651996109902555 -0.33061449218258265 -0.65183994817157209 -63.778343831855743 -0.050016950084882827 -42.387442144533281 -0.59396179533360982 -0.050016296128162496 -0.050013746910470586 -22.385653473815932 -5.3185808417890676 -0.30410573762042376 -62.051619511740455 0.040316607897958559 0.080274243343925022 -0.76168174794415211 25.464624572032029 0.45694900846675063 -0.12929732939930796 -0.16161705335303395 -4.5951867862630502 -0.98356790702423058 -221.65572231994076 -0.050006793484397329 -27.89183609584606 -1.5849942796616761 -72.082056299382785 -20.555181945124545
leaf_weight=0.0021778558578892026 0.0090012691513113724 0.15629000568459617 0.092108055287495882 0.078511872827049412 0.91965985330181088 0.24744876817380812 32.044605754419997 0.22249288210147611 0.063615081353162545 1.4316472646918559 0.17379055076378783 0.15235574167900168 0.038734647604768635 0.66593899019027392 1.0611587916980147 6.4811617001601203 0.088950286358076336 1.1390334223091498 0.028462393842613072 0.035691481449066816 0.0011805563761797437 0.0055191842775405182 0.0011964630906409887 0.0011794765757985048 0.40954996506506175 0.088551783740163412 0.012629884266807199 0.0018715178908970016 13.405830301970989 0.052384069289674373 0.18728096431021329 0.0084677501846412515 0.0011247392722140348 0.0020969318481742494 1.0598350780271613 11.131943718579899 0.081434344051700247 0.014907028631870219 0.016872806204256345 0.011809881304054137 0.18397298050580885 0.017750962022091699 0.050717601140284362 0.022385750767865122 0.05589950895250928 25.84281810069427 0.0032257206900385615 80.073162925991639 53.107809462429408 0.6012456098608091 0.21355188789216162 16.449587443402571 230.18478678352074 0.51555143489912125 0.022001351842655462 0.16067329842663253 0.0024818854503583961 0.0083967331488565833 0.0071834358664784707 0.13056997178952931 0.0048589485050691472 0.014630455745881087
leaf_count=61 582 383 1032 42 58 208 43237 13 193 180 35 25 55 91 39 282 49 1508 428 189 78 158 54 55 850 468 85 63 3113 82 1184 83 96 65 1341 15522 306 73 63 66 465 63 226 99 167 96291 96 1232 809 126 120 84 515738 992 137 1071 91 76 147 352 67 170
internal_value=-0.0770947 28.4905 -0.0869499 -0.0747441 -0.0795501 -2.69123 -0.0731706 0.0684728 -0.171649 -1.98943 -9.11539 -0.166874 -0.171106 0.0650566 1.551 0.0521149 -0.221936 -0.209013 -0.386607 -1.9537 -31.324 -154.308 -393.696 -168.404 0.130763 -5.22473 -17.9759 -61.7795 0.170827 2.63011 0.0873251 -3.27233 -38.4861 -124.207 -0.169128 -0.51584 -1.92842 -8.87408 -29.9432 -1.34441 -3.88787 -16.9643 -2.38423 -6.88965 -0.853362 -0.311524 -6.36152 0.124371 0.211947 0.618014 6.11202 0.169354 -0.152534 -0.315056 -2.25231 -5.32493 -8.99382 -41.5735 -77.647 -5.57377 -18.1263 -33.4015
internal_weight=479.302 0.165291 479.136 479.044 478.966 1.16711 477.799 200.251 277.548 1.66905 0.237406 275.878 275.726 200.029 1.7271 198.302 41.3751 41.2862 27.1142 1.2397 0.0447672 0.00907568 0.0035565 0.00237594 14.172 0.105231 0.0166793 0.00404937 14.0667 0.461934 13.6048 0.19897 0.0116894 0.00322167 275.687 12.5916 1.45969 0.113214 0.0317798 1.34647 0.286637 0.0295608 0.257076 0.0731034 1.19493 25.8745 0.0316881 156.927 76.8534 7.29596 0.814797 69.5574 263.096 32.911 0.866348 0.350796 0.190123 0.0180621 0.00966532 0.172061 0.0414908 0.0194894
internal_count=691114 965 690149 689117 689075 266 688809 108019 580790 408 228 580382 580357 108006 130 107876 105223 105174 99024 2209 534 345 187 109 6150 677 209 124 5473 932 4541 1428 244 161 580302 18224 2702 442 136 2260 919 129 790 325 1675 96815 524 2653 1421 528 246 893 562078 46340 3103 2111 1040 314 238 726 374 237
cat_boundaries=0 4
cat_threshold=148471808 32769 105120264 1040
is_linear=0
shrinkage=0.05


Tree=22
num_leaves=63
num_cat=1
split_feature=5 9 11 23 8 0 3 3 8 4 11 20 13 21 2 2 15 15 12 12 20 19 15 10 16 12 15 19 10 3 3 10 13 11 20 20 18 5 11 10 8 13 20 10 21 20 16 18 19 11 20 13 16 13 12 17 21 10 10 10 9 12
split_gain=34185.7 16537 251182 3388.56 211961 32677.9 5698.26 5276.1 2020.64 1824.16 971.019 3100.75 5358.59 841.079 1747.05 3806.48 16652.8 24273.2 5194.68 2198.26 1215.04 2080.33 5516.59 26150.1 1964.21 6152.76 1787.59 1595.08 2747.77 857.175 673.453 1493.64 4403.61 548.389 1508.91 805.599 2054.15 19003.9 1532.94 1539.46 2399.92 610.098 1504.27 5690.04 47278.7 54867.3 179183 701.218 523.506 1056.48 1178.48 4038.94 18402.1 24077.3 2075.73 1090.84 4076.51 514.059 1408.48 2967.76 1899.53 937.889
threshold=15.391666889190676 68.750000000000014 -23.366666793823239 0 40.750000000000007 12.84999990463257 17.10000038146973 19.899999618530277 21.750000000000004 56.250000000000007 24.854166984558109 -0.50556187331676472 0.67504116892814647 0.097680736333131804 2.3500000238418584 0.25000000745058065 1.8878175020217898 1.1132737994194033 0.0068660161923617133 -0.0089094266295433027 -0.97113886475563038 0.16280825436115268 5.2187302112579355 9.2750000953674334 1.0000000180025095e-35 -0.0064024177845567456 8.0296549797058123 0.35206145048141485 2.1833333969116215 2.6499999761581425 1.0000000180025095e-35 21.274999618530277 0.36152423918247228 0.14583333581686023 -0.96689236164093006 -0.98803845047950734 -0.88144907355308522 1.3666666746139529 21.550000190734867 22.354166984558109 23.250000000000004 0.13270440697669986 -0.96689236164093006 3.1833333969116215 -1.0000000180025095e-35 -0.98214942216873158 1.0000000180025095e-35 0.52778512239456188 -0.9103761315345763 0.35416667163372045 -0.99763298034667958 0.038691813126206405 0.050000002607703216 0.10577136650681497 -0.017956377938389775 0.15000000596046451 -0.71502926945686329 4.2750000953674325 2.0499999523162846 2.2749999761581425 1.0000000180025095e-35 0.01927539519965649
decision_type=2 8 8 9 8 2 2 2 10 2 10 2 2 2 10 8 2 2 8 10 2 2 2 8 2 10 2 2 10 2 2 10 2 10 2 2 2 2 10 8 10 2 2 8 2 2 2 2 2 8 2 2 2 2 10 2 2 10 8 10 8 8
left_child=1 3 -3 5 7 6 8 9 13 10 33 12 -12 48 15 20 17 18 19 -17 21 26 24 -24 25 -23 -15 28 -26 -22 31 -10 -33 34 57 36 37 -35 41 -40 -41 42 43 -37 45 -45 -47 -46 49 50 51 -1 -53 54 -54 -52 -57 58 -5 60 -60 -61
right_child=-2 2 -4 4 -6 -7 -8 -9 30 -11 11 -13 -14 14 -16 16 -18 -19 -20 -21 29 22 23 -25 27 -27 -28 -29 -30 -31 -32 32 -34 35 -36 38 -38 -39 39 40 -42 -43 -44 44 47 46 -48 -49 -50 -51 55 52 53 -55 -56 56 -58 -59 59 61 -62 -63
leaf_value=-0.33388744526845504 -21.470943387244297 -0.58254387479435499 -144.00435052004553 -0.87413998889221123 -73.061278384541382 15.705280585980908 -6.038645891275257 -24.411607402121813 0.11410404971497519 -5.2264029329636621 -15.04286471947716 -0.19575727921956707 -0.059623058621991368 -1.1032832221391826 0.40584023754962656 -76.194839096785472 -1.4213681362195227 -290.16585228654122 -144.90276107392467 -0.050007233424021927 -0.39032734942917491 -143.68478057653203 -0.050035699094010636 -211.83003229802813 -0.050005246112191162 -0.050003843960115868 -11.332484665090075 -1.5270510025401629 -77.228452648266995 -5.497526282931382 0.1074284111360405 1.6794367530667849 0.080036207974301055 -1.2930850638494804 -0.090488100147193606 -0.91394984676433877 -0.061845776650971032 34.868396769789079 -0.6049966303446026 -1.3086063278463631 -13.733433769253615 -0.31365073921955483 -0.60745207156053915 -8.2438169155039258 -10.938666890411199 -0.050163744599660921 -602.04670880346407 -0.051951094880206605 0.018686469062460132 -0.053506938954718308 -0.77514503839774074 -4.6847509102956488 -65.137043664462325 -230.47087332847238 -0.05000733225101827 -0.050010217109876021 -53.199754352026723 -0.38075981045049445 -20.678826628245858 -0.76994348513174393 -5.0595629357236769 -17.728625403437601
leaf_weight=0.1274074337485529 0.18686754858737131 0.55577144251477273 0.032302286707684313 4.5768212608953105 0.099840633328169726 0.33285378979218094 0.38635103306194096 0.022483130916952088 20.593201041371287 0.17956226333634973 0.10672781335965875 0.78818042225641172 0.13534888625144958 1.1732418892749876 6.2793102632244411 0.0013132866841994561 0.03432355118469823 0.0012063040273181721 0.0010355223227654668 0.0034062742830272136 17.470901881464819 0.0010443153349323879 0.0063856605454916731 0.0018887522285265046 0.0028362243856450394 0.0026063140952926498 0.044322894969886062 0.066423701314994671 0.001943547770621128 0.0825450294475506 38.288544851094677 7.326120632843117 10.431390013307483 0.23566374796391309 148.04754505076457 0.46231757816451396 11.761909520476401 0.042954401994389269 0.17521435134791036 0.078755906783409102 0.076729299196974243 32.730773227358974 5.6702080445392706 0.0061019278686415138 0.018368723472824477 0.0032537644810201783 0.0019933553098829778 0.075941531068482088 158.0496032184987 10.58366741344455 3.220335709746339 0.042314660569995319 0.0023039585214986317 0.0021698886303127577 0.0026156374051693977 0.015482652198286928 0.0047036908534242574 5.3763728332690137 0.038654788615462024 0.20834924039139432 0.039211026093396426 0.0084848272907247779
leaf_count=12 819 86 891 19331 298 121 116 101 72 28 143 82 6 1642 66 65 212 76 55 106 63612 51 168 105 63 119 165 761 58 110 115 97 111 367 484826 204 1832 9 16 12 103 7126 7211 142 190 6 137 54 66545 322 9325 174 38 67 69 158 62 19075 197 2660 76 108
internal_value=-0.0892482 -0.0810293 -8.46056 -0.0708804 -0.215815 0.0466371 0.029333 -0.19156 0.0378933 -0.188977 -0.184683 -1.71593 -6.6655 -0.0467692 -0.3167 -0.556814 -15.7225 -86.2349 -43.4896 -21.2384 -0.523606 -1.99815 -9.65093 -48.3918 -5.3685 -41.1388 -1.47566 -3.53454 -31.4323 -0.414344 0.255766 0.403862 0.739892 -0.177158 -0.131103 -0.319158 0.0386689 4.28191 -0.428787 -3.81864 -7.44005 -0.40002 -0.853189 -3.30642 -13.7748 -110.191 -228.746 -2.17235 -0.0072724 -0.300308 -1.06466 -5.03968 -17.1754 -91.7274 -30.5317 -0.847776 -12.4346 -0.717851 -1.08988 -4.44034 -12.8134 -1.43355
internal_weight=486.327 486.14 0.588074 485.552 210.968 274.584 274.251 210.868 273.865 210.845 210.666 1.03026 0.242077 197.225 25.1747 18.8954 0.0412849 0.00696139 0.00575508 0.00471956 18.8541 1.30069 0.0831285 0.00827441 0.0748541 0.00365063 1.21756 0.0712035 0.00477977 17.5534 76.6393 38.3507 17.7575 209.636 158.295 51.3402 12.0405 0.278618 39.2997 0.3307 0.155485 38.969 6.23818 0.567977 0.105659 0.011349 0.00524712 0.0943103 172.051 14.001 3.41733 0.176812 0.0494041 0.00708948 0.0049196 3.24052 0.0201863 10.2479 4.87152 0.2947 0.0778658 0.216834
internal_count=690974 690155 977 689178 544340 144838 144717 544042 144601 543941 543913 231 149 144206 67434 67368 514 302 226 171 66854 3132 1325 273 1052 170 1807 882 121 63722 395 280 208 543682 526273 17409 2208 376 15201 131 115 15070 7944 733 529 285 143 244 76772 10227 9905 360 348 174 107 9545 220 41447 22372 3041 273 2768
cat_boundaries=0 4
cat_threshold=2331033664 67141705 73662984 1024
is_linear=0
shrinkage=0.05


Tree=23
num_leaves=63
num_cat=2
split_feature=5 4 0 11 9 11 4 3 23 7 0 11 8 21 14 8 23 7 6 6 6 19 6 18 9 21 12 10 0 21 21 5 1 18 18 11 21 10 21 14 7 10 15 7 7 12 15 18 21 10 15 17 21 21 21 21 21 19 1 21 8 8
split_gain=43351.2 341188 43995.4 166460 10696.3 10334.8 6901.88 6072.67 3287 104561 6884.13 2806.65 1243.68 3805.86 810.397 1732.73 736.23 1145.51 769.91 4303.65 12692.8 1574.03 2481.7 1358.48 643.882 1511.54 72578.3 151659 854.086 3829.15 13814.4 32679.3 32118 616.112 592.218 1103.25 1903.01 482.426 2978.12 4091.73 14835 1478.29 555.413 3360.12 15053.2 440.571 833.742 1339.82 438.716 2125.67 409.422 677.927 1646.44 402.428 1260.01 393.662 783.32 2797.94 561.396 412.937 491.099 373.227
threshold=14.91249990463257 19.650000572204593 14.050000190734865 16.208333015441898 68.750000000000014 -44.374999999999993 62.750000000000007 22.000000000000004 0 34.583333969116218 12.34999990463257 18.083333015441898 32.750000000000007 -0.40613879263401026 0.017647059634327892 32.250000000000007 1 1.2749999761581423 29.291666984558109 25.375000000000004 26.291666984558109 -0.84874749183654774 1.2083333134651186 -0.16280825436115262 0.31666667759418493 -0.99983122944831837 0.017042267136275772 1.0000000180025095e-35 1.9499999880790713 0.011826144531369211 -0.93543598055839527 2.870833277702332 1.0000000180025095e-35 -0.98611506819725026 -0.77259656786918629 20.416666984558109 -0.95242238044738758 5.5499999523162851 0.21652257442474368 0.0098039219155907648 2.6833333969116215 4.1833331584930429 1.5830901861190798 0.18333333730697635 0.94999998807907116 -0.026706115342676636 0.80537089705467235 0.032701563090086053 0.21652257442474368 11.449999809265138 0.40759615600109106 0.15000000596046451 0.7074720859527589 -0.99052476882934559 -0.99465739727020253 -0.21022038161754605 -0.20180761069059369 -0.63405361771583546 3.7500000000000004 -0.90892156958580006 21.750000000000004 29.250000000000004
decision_type=2 2 2 10 8 8 2 2 9 10 2 10 10 2 2 8 9 8 2 2 2 2 2 2 10 2 8 10 2 2 2 2 8 2 2 10 2 8 2 2 8 10 2 8 10 8 2 2 2 10 2 2 2 2 2 2 2 2 10 2 8 10
left_child=2 -2 4 -4 6 -6 7 8 10 12 11 16 24 -14 -13 -16 33 18 19 21 -21 22 -18 -24 25 26 -10 -28 -27 30 -30 32 -32 -1 35 37 -37 38 42 40 -40 -41 43 -26 -45 46 47 -20 -23 -50 51 -35 -53 54 -48 59 57 -57 -58 -52 -61 -36
right_child=1 -3 3 -5 5 -7 -8 -9 9 -11 -12 14 13 -15 15 -17 17 -19 45 20 -22 48 23 -25 34 28 27 -29 29 -31 31 -33 -34 50 61 36 -38 -39 39 41 -42 -43 -44 44 -46 -47 53 -49 49 -51 55 52 -54 -55 -56 56 58 -59 -60 60 -62 -63
leaf_value=-0.57626017625454506 -0.2964116058836479 -234.5246429665811 -6.1683773128467037 106.45148133071712 -0.29646135264067597 -14.788060455991733 9.9882351005546468 -7.9676791499813948 -0.14321616527404749 -47.028784552139925 12.462784119617504 0.11870925218704707 -0.47334577962093366 -8.5268065458084088 1.1154758924517125 0.31361862231077747 -66.055990635351506 -0.045478161727264252 -0.050010508418965274 -110.11240241206133 -4.0257346296909908 -0.79427097082458309 -42.77664388874777 -0.050012936739368498 -1.1552701491116875 -0.11576648248600403 389.03107468231229 -0.050012333282613425 -0.053473755162288819 -0.56410534475036145 -285.66155620341596 -9.4533024745709771 -46.077872603780506 -0.51028736171855615 -0.29756941071718174 -0.37044883914725363 -9.8776617776715891 -0.36946517891509184 -0.050009517726458744 -0.58899876410052954 -97.18174927480969 -10.830709345324777 -0.64851793566685079 -0.050005552007928923 -190.99902136686939 -0.42805797779685534 -0.050010017793797261 -31.320218653450031 -0.050015274905201003 -44.496246792669929 0.081550305049439789 -30.078250547029519 -0.050006606670404741 -1.4611397335923666 -44.642930597191935 6.4806626318406702 0.11327541432975313 -0.16337013898154906 1.2065037081759122 -0.14121772739515315 -2.5719323985553793 0.073572036841165242
leaf_weight=3.9116354514635239 0.14022994041658776 0.0174859669059515 0.11439008787976845 0.046007653881190436 0.25019524178862379 0.24205659507764882 0.17123608719629047 0.24215684937337201 0.53637971581165744 0.11922088347708282 0.1118605324917884 18.259770500943944 0.78525505557343944 0.1804011816857275 9.2523938749279431 24.782775811995862 0.0022701696326622037 51.493475191181858 0.0073892951086659414 0.0036343021582430123 0.012576314876579448 0.43609724476810396 0.0023403874856025809 0.0090699989264773264 0.045238123756209302 122.25564601422406 0.0037267300020038504 0.0076369441085696347 0.063750258470157695 0.72315868537398809 0.002450881288960767 0.015889217116115736 0.0032588977941750375 2.3755145483001892 32.842338789805417 0.13435540723471689 0.086536443612868219 11.077727411509406 0.01285616613701546 0.085756274928249068 0.0056624211561003791 0.059804090701579923 3.5187927417815406 0.0048799613084048307 0.0013089789120997938 16.739454781383561 0.0053954251742238373 0.0063858263420582401 0.013258384028454086 0.0033748228294880308 45.003442632475682 0.0066603938072921911 0.014508685364561652 0.21256917560178135 0.002242487452929238 0.22122277285651393 80.131601069895822 0.55851087233121788 1.191789477814807 29.658174006609926 0.20926395857302083 8.533976981702919
leaf_count=3637 5 849 40 139 47 888 34 123 2296 198 16 81 153 129 95 102 26 1760 195 55 189 1208 82 176 267 486061 75 71 31 253 45 76 71 5962 28405 26 112 6901 160 493 18 117 2843 126 151 82419 123 90 157 103 8677 90 164 2124 47 62 33340 113 24 18330 47 88
internal_value=-0.0557582 -26.2653 -0.046903 26.1349 -0.0559023 -7.42246 -0.0481234 -0.0518114 -0.0476957 -0.20766 0.0592968 0.0565045 -0.188292 -1.97787 0.387433 0.531602 -0.0180153 -0.143347 -0.514168 -2.48341 -27.8096 -1.60317 -18.3125 -8.81368 -0.178692 -0.114814 2.50594 127.55 -0.126478 -1.74623 -11.7623 -46.3212 -148.917 0.0411667 -0.318673 -0.587448 -4.09499 -0.53514 -1.02661 -7.61315 -29.7499 -4.79685 -0.723911 -5.88251 -40.4363 -0.458175 -2.6128 -14.5462 -1.09825 -9.06801 0.0589041 -0.58967 -9.49775 -1.86631 -13.1425 0.0688065 0.144419 1.72165 0.129297 -0.01411 -0.158248 -0.22102
internal_weight=466.968 0.157716 466.811 0.160398 466.65 0.492252 466.158 465.987 465.745 181.106 284.639 284.527 180.987 0.965656 52.2949 34.0352 232.232 68.9495 17.4561 0.482622 0.0162106 0.466411 0.0136806 0.0114104 180.021 123.612 0.547743 0.0113637 123.064 0.808508 0.0853493 0.021599 0.00570978 163.282 56.4092 15.0329 0.220892 14.812 3.7343 0.164079 0.0185186 0.14556 3.57022 0.0514271 0.00618894 16.9734 0.233982 0.0137751 0.45273 0.0166332 159.371 2.39668 0.0211691 0.220207 0.00763791 156.974 82.1031 0.779734 81.3234 74.8709 29.8674 41.3763
internal_count=690785 854 689931 179 689752 935 688817 688783 688660 529166 159494 159478 528968 282 278 197 159200 88754 86994 1996 244 1752 284 258 528686 488979 2442 146 486537 476 223 192 116 70446 39707 11214 138 11076 4175 788 178 610 3387 544 277 84998 2579 285 1468 260 66809 6216 254 2294 170 60593 33539 175 33364 27054 18377 28493
cat_boundaries=0 4 8
cat_threshold=2197340224 67141673 1281622536 1024 9486336 67108864 1145307648 1024
is_linear=0
shrinkage=0.05


Tree=24
num_leaves=63
num_cat=2
split_feature=9 18 0 2 10 3 21 10 15 12 18 12 23 7 4 11 10 7 14 3 15 11 21 15 13 23 13 7 2 14 0 5 19 18 19 12 13 20 15 15 13 15 18 18 11 14 18 21 20 16 20 19 4 19 10 6 6 21 13 2 20 10
split_gain=40773 381913 30085.6 10603.3 59913.8 9225.91 4703.31 8740.26 33669.7 104605 8971.89 51933.9 3237.27 52356.2 2853.66 2831.09 2166.45 5180.75 1724.13 7837.13 13842.4 1477.58 4440.24 1066.32 2044.48 822.418 810.721 641.809 2416.96 486.216 478.619 404.502 920.156 333.398 316.053 498.823 987.731 335.333 4295.32 10671.1 311.009 300.4 487.061 279.583 307.271 280.091 664.641 5158.25 21688.6 24608.3 495.582 2517.86 29090.5 483.303 1306.16 3253.73 276.398 306.337 270.046 537.414 470.896 3276.78
threshold=68.750000000000014 -0.99465191364288319 17.300000190734867 17.399999618530277 1.0000000180025095e-35 18.550000190734867 -0.99983122944831837 1.0000000180025095e-35 7.3048076629638681 0.0091581451706588286 -0.63405361771583546 0.011726198717951776 0 33.666666030883796 43.45000076293946 18.083333015441898 39.562500000000007 4.0499999523162851 0.017647059634327892 4.2500000000000009 5.990157127380372 24.854166984558109 -0.52765738964080799 1.3764142990112307 0.073514446616172804 1 0.17989073693752292 1.3541666865348818 1.4499999880790713 0.055752867832779891 1.9499999880790713 2.154166698455811 0.52778512239456188 0.58216583728790294 0.99465191364288341 -0.029244530014693734 0.022771136835217479 -0.96235975623130787 7.0424902439117441 8.8005232810974139 0.03482263162732125 -0.60798940062522877 0.032701563090086053 -0.98611506819725026 -2.3166666030883785 0.0058823532890528449 0.032701563090086053 -0.14250536262989041 -0.98803845047950734 0.050000002607703216 -0.99275806546211232 0.84874749183654796 1.9499999880790713 -0.84874749183654774 1.5500000119209292 39.958333969116218 54.708333969116218 -0.90161547064781178 0.10815209522843362 17.399999618530277 -0.99630266427993763 2.0499999523162846
decision_type=8 2 2 10 8 2 2 8 2 8 2 8 9 10 2 10 10 8 2 2 2 10 2 2 2 9 2 10 8 2 2 2 2 2 2 10 2 2 2 2 2 2 2 2 8 2 2 2 2 2 2 2 2 2 10 2 2 2 2 8 2 8
left_child=2 -2 3 5 -5 6 7 8 10 -10 11 -1 15 14 21 25 -9 -18 -17 20 -20 30 -23 24 -12 29 -25 28 -27 33 34 32 -32 40 58 36 -36 38 -37 -40 -8 42 -39 44 -42 46 -45 -48 49 -49 51 53 -53 54 55 -47 57 -46 59 -14 61 -60
right_child=1 -3 -4 4 -6 -7 12 16 9 -11 23 -13 13 -15 -16 18 17 -19 19 -21 -22 22 -24 26 -26 27 -28 -29 -30 -31 31 -33 -34 -35 35 37 -38 41 39 -41 43 -43 -44 45 56 50 47 48 -50 -51 -52 52 -54 -55 -56 -57 -58 -59 60 -61 -62 -63
leaf_value=-0.050011250675932387 -0.7046561176455286 -209.28158100585284 11.790161972407077 53.290961675924464 -18.807577400323172 -9.8143461684507809 -0.73990410353201019 -0.67566107067123249 -0.050011354338592023 -236.80031455090023 -0.050012028516861068 -146.03341047429672 -0.095766105639216045 -23.465937283956656 -7.1128211611263756 0.10892923499978796 -0.050010432329731118 -32.131952240202324 4.3726944320936285 0.061014678822137493 -0.088949308360809304 -0.062825196329145697 -10.875325652474746 -0.44265735151430063 -30.17320419486656 -0.39889617138592648 -6.3492639003253171 -0.071158382698083014 -12.934546109326782 -0.45116945893410715 -5.2360458282281996 -0.61452069480199223 -0.066172409342839897 -0.27491433473961518 -0.21085617366952358 -1.0583136106523126 -4.2736788429063282 -0.050009771718192278 -153.3530992038074 -0.050045984635493812 0.022901346886611218 -0.28761549332617514 -13.661436383398939 -0.019051460263644432 -10.703463087971882 8.6040266963260308 -0.27263431889503237 -14.628423995179331 -1.7927009141133394 -160.91688595182876 0.087609877330934324 -0.36012965684563769 27.263602998041634 0.11077192297453226 0.37162653295050041 -0.28806689509210209 -0.57473459167268504 -1.6895898165160652 -9.629189119099296 -2.5872113299749087 -0.21139385320219306 -0.50982106398190175
leaf_weight=0.031818407623120951 0.24195757332329371 0.024136079932883026 0.53626823425292869 0.054364103823894311 0.061311924146428193 0.24245597077566472 1.1526363877324559 2.0256594840831328 0.01623602786539563 0.0065469820979160423 0.012966373260477108 0.0075351033957277011 94.237079251874093 0.24203091070674432 0.14889395441428988 18.731029858640458 0.038465029179331464 0.018702198851007226 3.464786238874094 13.23816706838298 3.489105532516219 0.35681600798993146 0.1293777316844445 0.22694965231741526 0.0099591040053296845 17.515082046035229 0.078081925296601185 46.105351460521227 0.038536395983668537 4.6745152196913002 0.16047127880533793 2.0396658693541192 0.18562945523112098 6.9287783885569629 0.37062027029509648 0.14019700109066929 0.25084989839318228 0.01628363565036247 0.0016307563535890956 0.0037349862425762495 4.9670315843054738 6.1720355946817378 0.011020152128435913 18.808879386750259 0.01395715023969624 0.17536181118240191 0.7480113250276621 0.006817155664874619 0.056819695472128395 0.0049709957617458667 129.33966328987202 0.79863725596389934 0.10822245371098282 13.875661504668743 2.335096391141207 0.24888332758428677 2.6698703679792302 0.029032399656620963 0.10426010404955359 0.21694247070263273 59.988158584096482 1.7845205545789931
leaf_count=185 40 1097 749 10 96 164 4394 2206 100 79 65 71 370059 227 48 81 302 27 94 51 48 83 128 608 54 91473 15 1770 196 12248 188 599 46 18345 133 1266 107 101 91 69 63 14173 69 2328 34 8 627 33 205 99 32082 386 50 727 255 149 2927 154 2103 137 123954 3039
internal_value=-0.0571606 -19.6237 -0.0458286 -0.0596596 15.0765 -0.0634758 -0.0583202 -2.23299 -9.10161 -68.0832 -5.44318 -28.0018 -0.046529 -0.214828 -0.193909 0.0557848 -0.94656 -10.5456 0.454439 0.774949 2.13407 -0.18771 -2.94007 -2.73624 -13.1359 -0.00390751 -1.95463 -0.146159 -0.426416 0.0496931 -0.179633 -0.882708 -2.46321 0.0652648 -0.169361 -0.498879 -1.85077 -0.366464 -2.73862 -46.6419 0.0787074 -0.310765 -5.54375 0.0841244 -0.210831 0.0977287 -0.0796806 -1.47613 -14.5975 -76.3174 0.121433 0.370819 2.93642 0.230955 0.83531 3.38748 -0.638776 -4.61607 -0.154677 -0.101488 -0.235869 -1.01321
internal_weight=459.719 0.266094 459.452 458.916 0.115676 458.8 458.558 2.47292 0.390094 0.022783 0.367311 0.0393535 456.085 166.56 166.318 289.525 2.08283 0.0571672 38.9231 20.1921 6.95389 166.169 0.486194 0.327957 0.0229255 250.602 0.305032 63.659 17.5536 186.943 165.683 2.38577 0.346101 182.268 163.297 6.96637 0.62147 6.3449 0.145563 0.00536574 175.34 6.19934 0.0273038 174.187 7.67989 166.507 19.6255 0.816619 0.0686078 0.0117882 146.882 17.5419 0.90686 16.635 2.75934 0.424245 2.71286 0.0429895 156.331 94.454 61.8769 1.88878
internal_count=691315 1137 690178 689429 106 689323 689159 3712 1177 179 998 256 685447 516620 516393 168827 2535 329 274 193 142 516345 211 742 119 168553 623 93439 91669 75114 516134 833 234 62866 515301 16009 240 15769 1426 160 44521 14343 170 40127 3178 36949 3292 964 337 132 33657 1575 436 1139 412 157 3115 188 499292 370196 129096 5142
cat_boundaries=0 4 8
cat_threshold=2331557968 32936 1282671104 1056 142655488 136 1145307648 1024
is_linear=0
shrinkage=0.05


Tree=25
num_leaves=63
num_cat=2
split_feature=9 3 23 7 4 21 17 12 12 15 12 11 11 20 21 18 20 19 15 20 12 15 2 13 20 14 8 14 23 7 0 20 19 15 19 15 21 21 21 17 15 12 11 3 20 12 15 11 12 19 11 19 9 19 13 20 12 12 20 21 18 14
split_gain=49475.6 64738.2 3370.49 85550.8 15989.7 3568.59 13234.1 157582 234621 9226.22 24722.4 2374.41 1620.9 3625.33 1110.12 534.145 519.301 1395.05 2175.87 3565.9 637.958 832.46 451.857 446.804 1313.85 1551.53 442.24 661.67 378.381 1107.95 3239.21 1110.84 6206.14 683.903 420.897 1070.97 4689.89 2969.9 10875.3 422.714 3058.77 451.454 420.05 358.378 352.635 613.239 338.448 2191.94 442.884 11276 418.859 980.006 1633.83 328.915 2927.48 325.508 335.571 296.309 347.732 5572.42 9105.8 20617.3
threshold=68.750000000000014 18.000000000000004 0 32.791666030883796 36.549999237060554 -0.99983122944831837 0.050000002607703216 0.010931688826531174 0.015807789750397209 2.0807846784591679 0.017042267136275772 17.291666984558109 24.854166984558109 -0.50556187331676472 -0.93543598055839527 -0.99465191364288319 0.65233618021011364 -0.99892947077751149 2.2521826028823857 0.82414472103118908 -0.013239433523267506 1.0019960403442385 14.550000190734865 0.098076213151216521 0.9524284601211549 0.21372549235820773 41.250000000000007 0.017647059634327892 1 0.55000001192092907 1.9499999880790713 -0.99985146522521962 0.93540480732917797 7.8308928012847909 0.98611506819725048 5.3286950588226327 -0.12545862048864362 0.83730375766754161 0.42763730883598333 0.18333333730697635 5.990157127380372 -0.0065868233796209088 13.562500000000002 0.94999998807907116 -0.98803845047950734 -0.006785013945773243 3.7150862216949467 20.416666984558109 -0.031836334615945809 0.97335553169250499 15.083333492279055 -0.35206145048141474 18.274999618530277 0.2269546836614609 0.22822930663824084 0.54219430685043346 -0.012292078696191309 -0.022540003061294552 -0.96689236164093006 0.21652257442474368 -0.58216583728790272 0.044210137799382217
decision_type=8 2 9 10 2 2 2 10 10 2 10 10 10 2 2 2 2 2 2 2 10 2 8 2 2 2 10 2 9 8 2 2 2 2 2 2 2 2 2 2 2 10 8 2 2 8 2 10 8 2 10 2 10 2 2 2 8 8 2 2 2 2
left_child=1 2 11 4 5 6 7 -4 -9 10 -8 15 22 -14 -13 -1 28 18 20 -20 21 -18 46 24 25 -24 27 -16 42 30 31 32 33 -30 39 55 -37 38 -38 -33 44 -42 -17 -19 45 -41 -7 48 49 -48 57 -52 -53 54 -11 -36 -57 -50 59 -59 61 -61
right_child=-2 -3 3 -5 -6 12 9 8 -10 53 -12 14 13 -15 26 16 17 43 19 -21 -22 -23 23 -25 -26 -27 -28 -29 29 -31 -32 34 -34 -35 35 36 37 -39 -40 40 41 -43 -44 -45 -46 -47 47 -49 50 -51 51 52 -54 -55 -56 56 -58 58 -60 60 -62 -63
leaf_value=-0.65437896522382344 -25.547712604983236 56.729414376355464 -0.050008984546922736 -35.413253059573883 -38.497950904998689 -0.10817511596064047 -0.050018645913793638 -0.050007391324475882 -600.0701370877938 -0.42718748655652705 -53.401099849149674 0.79084317564394702 -7.9646718999639532 -0.17920275920067091 0.13218074569900373 0.071469195750220552 -41.857858563116004 -0.30804391128674719 -0.050004711220985799 -87.696363595248485 -0.050006317290229967 -0.050006581952522881 -19.943297383141168 -0.055341381865767515 -0.69622921464893817 -3.6659388209935608 -0.055335576963374891 0.57765710356567179 -0.050006533288236177 0.0021924967675238101 -24.062486758686788 -0.35790055711702817 -121.75749668114427 -38.290778736496257 -0.95044281062636249 -1.4051676927986327 -191.41312515854702 -19.95500936065055 -0.050007270374346102 -0.05000338102000991 -79.85645105086958 -37.949247883646329 -1.7854233435365732 -2.562745693061323 -0.050005719047269553 -49.958416439969241 -0.18152503279098609 -5.1129381760890986 0.13767656080121368 -42.258278687602505 -0.35214015614562427 -10.077293588078803 -1.4575844953409289 -0.26576354160845661 -24.088414901977576 -12.862404189126636 -0.050005395586161551 -0.40816170208979052 -0.16385707821625875 -23.834382051752947 -0.050007119706409912 -181.55699005134443
leaf_weight=3.2245493697058114 0.19034120329086945 0.050194962565114021 0.066446994918865354 0.17256488025890249 0.027238552942036587 127.93491930061023 0.07290154028935103 0.0038336945626724645 0.0028332382808067798 0.13271626651893445 0.03092557971288068 11.404469496865302 0.21539701192747962 0.48895001608212674 19.445651960025963 124.42450290734961 0.0023918151663124584 8.1903464091645475 0.0023614231733972719 0.0022818974329871346 0.015053634386399025 0.0023709151149861516 0.022622028743980616 0.17440281857922452 0.13304716348648071 0.041489130817353725 9.9821866720838255 14.589310434148265 0.011051488637763148 66.652643397111802 0.014575897508691038 11.640734792472964 0.0012324603778994811 0.0013075048481894494 1.0618624459709238 0.036906023524419206 0.0013063525012007924 0.0050239195750236831 0.0017199510622276652 0.0015970538082547248 0.0012530316057128843 0.0013192872302280256 0.30530350496577696 0.18011517885137607 0.028726628980938751 0.0010014370711257752 0.39888025034993307 0.23119128349394813 5.7344487379870142 0.016584488317945179 0.92268591858099402 0.074373879142227955 0.21076566786318693 1.3161322735830712 0.014500858676038425 0.011707727448246746 0.0090693235141417194 12.882520178665638 37.013502630765721 0.012613373406636406 0.023686276470489483 0.0024792272243762967
leaf_count=4602 1137 1017 503 266 75 408301 698 50 80 873 93 52 128 75 56 29359 45 39148 45 56 263 62 187 33 5 11 56 112 415 2284 75 66975 69 69 3061 340 83 14 40 65 40 61 34 138 445 60 1213 150 3632 113 82 90 102 630 44 57 166 23745 98390 420 928 160
internal_value=-0.0612771 -0.0507238 -0.0569247 -0.212955 -0.191994 -0.186449 -2.50842 -23.3014 -255.04 -1.53836 -15.941 0.0571746 -0.166031 -2.56008 0.351212 -0.0156796 -0.00599264 -0.391403 -12.3149 -43.1226 -5.09617 -21.0457 -0.156957 -1.89885 -3.52958 -9.40951 0.237307 0.323137 0.00985106 -0.0708035 -0.505195 -0.478402 -14.7651 -4.09564 -0.463235 -1.38572 -8.9476 -43.5257 -82.655 -0.374136 -5.94957 -58.3631 0.0619568 -0.35656 -1.64553 -19.2843 -0.153467 -0.254198 -0.234592 -1.86114 -0.222711 -1.14388 -3.70589 -0.516471 -2.75781 -1.07172 -7.26971 -0.202724 -0.241816 -0.46513 -19.3904 -49.7431
internal_weight=459.869 459.679 459.629 188.375 188.202 188.175 1.64029 0.0731139 0.00666693 1.56718 0.103827 271.254 186.535 0.704347 55.4216 215.832 212.608 8.39492 0.0244597 0.00464332 0.0198164 0.00476273 185.83 0.371561 0.197158 0.0641112 44.0171 34.035 204.213 79.483 12.8304 12.8158 0.0135915 0.012359 12.8022 1.1276 0.0449562 0.00805022 0.0030263 11.6746 0.0338974 0.00257232 124.73 8.37046 0.0313251 0.00259849 185.459 57.5237 57.2925 0.415465 56.8771 1.20783 0.28514 1.46335 0.147217 1.08264 0.0207771 55.6693 49.9348 12.9213 0.0387789 0.0150926
internal_count=691578 690441 689424 541077 540811 540736 2971 633 130 2338 791 148347 537765 203 276 148071 143469 39757 471 101 370 107 537562 236 203 198 224 168 103712 74319 72035 71960 553 484 71407 3761 477 137 123 67646 671 101 29393 39286 570 125 537326 129025 128875 1326 127549 274 192 1547 917 3284 223 127275 123643 25253 1508 580
cat_boundaries=0 4 7
cat_threshold=2326822992 67272745 1281360386 1024 9469952 0 1145044992
is_linear=0
shrinkage=0.05


Tree=26
num_leaves=63
num_cat=1
split_feature=11 10 9 2 0 3 0 20 23 11 13 11 2 21 10 13 15 19 13 20 7 8 14 8 15 20 7 14 18 9 13 18 9 10 15 8 7 9 13 15 19 21 19 15 16 10 19 6 19 14 13 16 14 13 13 10 20 18 13 15 18 15
split_gain=52282.5 773783 12251.3 8967.77 4976.86 48098.3 41228.8 22483.7 2779.35 43535.1 45928.8 1584.74 1141.37 910.05 9173.46 122179 177030 1932.78 814.025 806.699 4984.58 683.18 671.62 2044.01 3905 578.241 428.077 390.522 395.245 11671.4 28855.1 378.609 373.226 363.599 1163.37 363.294 1497.22 356.135 3418.66 10310.1 18394.1 29396.1 3819.99 6383.78 12854 5137.4 14797 2480.05 14749.7 819.82 533.623 1496.14 4506.01 9753.75 1763.69 314.856 1233.75 12665.7 13415.2 9268.15 790.934 2331.58
threshold=-38.874999999999993 65.062500000000014 60.583333969116218 15.250000000000002 12.84999990463257 17.849999427795414 7.6499998569488534 0.2603727281093598 0 22.645833015441898 0.58845728635787975 18.083333015441898 15.250000000000002 -0.99983122944831837 1.0000000180025095e-35 0.13655198365449908 2.5172207355499272 0.88144907355308544 0.083494167774915709 -0.97509795427322377 19.550000190734867 7.7500000000000009 0.017647059634327892 44.250000000000007 5.2187302112579355 -0.99985146522521962 22.562500000000004 0.055752867832779891 0.98611506819725048 0.31666667759418493 0.15667565166950229 -0.88144907355308522 4.2750000953674325 15.775000095367433 4.7094643115997323 4.7500000000000009 2.8541666269302373 1.0000000180025095e-35 0.17078352719545367 9.7870197296142596 -0.9103761315345763 0.046214086934924133 -0.52778512239456166 2.017192125320435 0.083333335816860213 4.5499999523162851 -0.77259656786918629 11.875000000000002 0.81241145730018627 0.0058823532890528449 0.14998150616884234 0.050000002607703216 0.0058823532890528449 0.15382908284664157 0.15767665952444079 22.562500000000004 -0.97113886475563038 -0.84874749183654774 0.078838329762220397 4.4526498317718515 -0.68322628736495961 5.0101788043975839
decision_type=10 8 8 10 2 2 2 2 9 10 2 10 8 2 8 2 2 2 2 2 8 8 2 10 2 2 10 2 2 10 2 2 10 8 2 8 10 10 2 2 2 2 2 2 2 8 2 2 2 2 2 2 2 2 2 8 2 2 2 2 2 2
left_child=1 31 3 4 5 8 -7 -6 11 12 -11 18 13 14 15 17 -17 -10 21 20 37 25 -13 24 -24 -2 55 28 -20 33 32 -1 -31 -30 -35 36 -33 38 47 40 41 -40 43 44 -42 49 -47 48 -15 -45 -49 -52 -53 -54 -55 56 57 58 -21 -60 61 -59
right_child=2 -3 -4 -5 7 6 -8 -9 9 10 -12 22 -14 19 -16 16 -18 -19 27 26 -22 -23 23 -25 -26 -27 -28 -29 29 30 -32 35 -34 34 -36 -37 -38 -39 39 -41 42 -43 -44 45 -46 46 -48 50 -50 -51 51 52 53 54 -56 -57 -58 60 59 -61 -62 -63
leaf_value=-0.051208663906634345 0.39410438992504243 -724.36310146945698 -11.812014017893205 -19.634098286793964 8.1135266487106019 -79.099674681258037 -6.798167872225048 0.054174218945153854 -0.050008120891145702 -34.808702545155732 -2.4914895387038873 0.090578874240163768 -6.01563186476052 -0.050021321166622883 -0.26560096847623471 -636.1360896378693 -49.534833031071663 -26.335969789690541 0.033161761609545114 -231.33965446946115 -21.680370481640715 -2.428255609937926 1.9295727382737007 0.076136642936470073 0.10185920594284217 -0.35990398548117203 -3.351102476948645 -0.42008334816681336 -0.12544956920966888 -0.050004006211533274 -226.19392221955206 -26.10143030254882 -26.600751579790696 -0.05000568082247301 -38.595271703601632 -0.05055379208103794 -0.050663556825470885 -0.31187677795501662 -336.86884753719465 -0.057861666152061064 -240.00870252536953 -46.172878464047542 -2.2894889971192049 -25.669170003590605 -0.050001469643265489 -231.81344863591255 -0.050001392649392185 -0.38207543318109649 -173.32207863280615 -4.4880129783457017 -0.51132624338996979 -3.8476131415186625 -150.56568252809032 -67.321236617743892 -7.273453809382957 -0.0062544893866245017 -0.16728013950796009 -54.624811671369798 -0.050002099062316299 -133.11020346221147 -1.0360350260408919 -0.050316283447856616
leaf_weight=0.035790084182683479 2.929812406624051 0.0039347634703878189 0.22128644527287988 0.058412936146111316 1.028763315292579 0.035421620833855472 0.044472634792329879 5.4489765412624669 0.086454470313737153 0.18563432538311186 0.26962109297060255 19.539234779751435 0.083884047620840785 0.0082564328179211763 1.156222721764818 0.0018865371101774988 0.004041643077016488 0.0076086245028433716 212.32903925494182 0.0010808163445219848 0.027739529527376017 0.36943877852736307 5.5527450954974436 14.240080702980846 6.1694444593426185 19.244639893193945 0.10319620907762228 4.9309321950376548 0.43525218083465006 0.004454404530236507 0.0019898695285621949 0.0095641621220472726 0.0018831870719619587 0.0079753503696277511 0.0025943522622722407 0.011155908134242578 0.013029337993546532 11.307515070074411 0.0011875712727732026 0.12761898759302881 0.0010416514568008107 0.0032487071944859117 0.021934488533276147 0.0077790280444556279 0.0012022093200083474 0.001078685365151905 0.0019048319175721203 4.521029810805806 0.0014428171740990337 0.011068468384636898 0.22100757421891845 0.064330514352613596 0.0016606266428985531 0.0014865194617312612 0.0068937593764439534 37.732935084090911 101.37987909672931 0.0027483626379827489 0.004312547300221614 0.0018788459811144896 0.2030566237765383 0.0067976156182329769
leaf_count=25 307 890 432 517 282 121 9 63 680 443 65 83 124 263 1861 62 96 82 57172 84 90 82 83 32 66 97890 99 10725 2462 131 104 132 39 135 78 14 8 9435 176 398 60 79 571 77 75 60 101 24589 101 132 597 333 86 72 208 22672 453095 132 194 169 1924 66
internal_value=-0.0569896 -42.231 -0.0501062 -0.0443216 -0.0417781 -0.0618785 -38.8535 1.33412 -0.0548877 -0.215884 -15.6691 0.0400409 -0.184847 -0.181733 -1.52211 -16.0514 -236.21 -2.17624 -0.00979948 -0.170924 -0.503311 -0.295808 0.312009 0.478657 0.967638 -0.26028 -0.131974 0.0198162 0.0300102 -1.44345 -60.0919 -3.63384 -7.93944 -0.347966 -9.51101 -7.43309 -11.0783 -0.467298 -0.81849 -7.62213 -26.7585 -123.991 -17.3832 -31.135 -111.444 -22.8806 -83.8437 -0.567462 -25.8252 -13.2302 -0.516598 -2.57559 -8.70991 -39.8619 -17.9249 -0.129589 -0.175394 -3.91673 -68.8023 -40.4286 -1.69727 -15.7627
internal_weight=450.241 0.0734743 450.168 449.946 449.888 443.41 0.0798943 6.47774 443.33 157.571 0.455255 285.76 157.115 157.032 1.25621 0.0999913 0.00592818 0.0940631 240.258 155.775 16.3394 22.5439 45.5015 25.9623 11.7222 22.1745 139.436 217.714 212.783 0.454149 0.00832746 0.0695395 0.00633759 0.445822 0.0105697 0.0337494 0.0225935 16.3117 5.00417 0.178065 0.0504456 0.00443628 0.0460094 0.0240749 0.00224386 0.021831 0.00298352 4.82611 0.00969925 0.0188475 4.81641 0.295379 0.0743714 0.0100409 0.00838028 139.333 101.6 0.219875 0.00727221 0.00619139 0.212603 0.00954598
internal_count=691233 1069 690164 689732 689215 688870 130 345 688740 519351 508 169389 518843 518719 2781 920 158 762 169125 515938 37503 98279 264 181 149 98197 478435 70846 60121 2949 274 179 170 2675 213 154 140 37413 27978 1729 1331 255 1076 505 135 370 161 26249 364 209 25885 1296 699 366 280 478336 455664 2569 447 363 2122 198
cat_boundaries=0 4
cat_threshold=2192621648 939556969 1282146304 1056
is_linear=0
shrinkage=0.05


Tree=27
num_leaves=63
num_cat=0
split_feature=9 2 15 2 9 4 3 8 0 3 13 8 16 6 11 13 21 13 15 20 12 19 9 15 18 19 12 5 7 20 20 12 10 11 19 4 19 9 21 19 9 20 13 18 20 11 8 20 12 10 7 12 21 9 20 21 0 4 6 12 13 20
split_gain=97881.4 9545.16 52756.3 18217.3 4881.62 3281.94 11616.3 3567.92 1607.54 2445.31 1089.03 2507.73 825.518 1554.65 819.051 690.87 12396.7 147245 228630 3779.41 22089.5 619.612 1610.53 2040.11 2922.9 1105.84 11750.4 658.765 1127.64 603.873 18713.6 55377.9 531.397 678.091 668.754 811.272 2004.13 533.661 530.734 577.356 1818.96 476.39 603.436 1048.87 1950.85 475.499 2080.31 701.903 446.441 415.175 2487.61 1200.21 385.671 378.012 339.413 303.727 302.586 856.44 3388.01 281.315 4492.96 5702.82
threshold=63.125000000000007 135.90000152587893 0.90754312276840221 14.049999713897707 60.583333969116218 28.550000190734867 9.3499999046325701 68.250000000000014 12.84999990463257 17.250000000000004 0.15280646830797198 32.250000000000007 1.0000000180025095e-35 0.45833332836627966 20.416666984558109 0.17078352719545367 -0.99052476882934559 0.1682831943035126 1.7370899319648745 -0.99467751383781422 0.010019685141742231 -0.84874749183654774 22.083333015441898 8.6051659584045428 0.35206145048141485 -0.81241145730018605 0.035823347046971328 2.1083332300186162 17.083333015441898 -0.97876849770545948 -0.98214942216873158 0.0036288620904088025 10.050000190734865 0.35416667163372045 0.99465191364288341 0.94999998807907116 0.99892947077751171 2.6833333969116215 -0.99938741326332081 0.2269546836614609 2.8541666269302373 -0.94705909490585316 0.14801238477230075 -0.47114434838294977 -0.97876849770545948 20.791666984558109 32.250000000000007 -0.35041563212871546 -0.030397615395486351 6.3541667461395273 0.64583334326744091 -0.0095116533339023573 0.57605713605880748 12.275000095367433 -0.18492533266544339 0.063390085473656668 3.3500000238418584 15.050000190734865 20.541666984558109 -0.017956377938389775 0.028819830156862739 -0.49813632667064661
decision_type=8 8 2 8 10 2 2 10 2 2 2 8 2 2 8 2 2 2 2 2 10 2 8 2 2 2 10 2 8 2 2 10 8 10 2 2 2 10 2 2 10 2 2 2 2 10 10 2 8 10 10 8 2 8 2 2 2 2 2 10 2 2
left_child=1 3 -3 4 5 7 52 8 9 10 11 32 13 -12 -15 16 17 -14 -19 20 -18 22 -17 24 -24 26 -23 38 -29 30 -21 -32 34 -34 37 49 -37 41 39 40 -27 42 -1 44 -44 54 -47 -48 -39 59 51 -51 -7 -35 55 -40 57 -43 -59 60 -36 -62
right_child=-2 2 -4 -5 -6 6 -8 -9 -10 -11 12 -13 15 14 -16 21 19 18 -20 29 -22 25 23 -25 -26 27 -28 28 -30 -31 31 -33 33 53 35 36 -38 48 45 -41 -42 56 43 -45 -46 46 47 -49 -50 50 -52 -53 -54 -55 -56 -57 -58 58 -60 -61 61 -63
leaf_value=-0.41495420053507615 -40.119680593584057 -2.4457753107325444 52.403796118819187 -16.67564910205655 5.1928577647818992 -0.23484311822231352 -16.070465110492531 11.79717529947567 0.78241959691486707 -5.8241955168799757 -13.975178218190649 -9.9407487120499418 -0.19889648621006756 -0.38166922253696739 -3.3315155666721328 -0.41366845401022412 22.49346776958744 323.96000092870077 -0.050005740863952181 -0.12259167014558228 -0.72171100307819458 -0.23837260941321961 -33.507146177607062 -0.05183403454808963 -3.050900542799615 -1.3042234644289392 22.229793387223467 -0.34234008376041869 -4.2434422289691005 0.087027793346182297 128.92463887261297 -1.7730461764082865 -0.37232994951310905 0.085421709213630764 -0.65655792384275236 -0.050008515341818875 -36.783298769520805 -3.6316266870039899 0.039040357579325696 -0.56057088174431635 -14.670532972463072 -0.094471982604449403 -45.635747994855535 -1.8354682271345917 -0.050004921127162955 1.0863506358123576 -0.38837847525449543 0.18455916520496923 -0.57572725142415848 -32.429018927236889 -49.213430725614813 -0.050004485713429338 -3.9700696075555175 -0.49797081767374246 -0.21713717630365373 -0.30701151665753673 -1.5649342502169679 -0.050009474717820981 -70.90334287011639 -0.41402368724860583 -52.097819758761972 -8.3660742146638807
leaf_weight=12.154493662525782 0.15226010164866366 0.19887260762334233 0.056236561570244731 0.16429010293131696 0.44816301152377391 0.70498319177896474 0.14366075490630059 0.063845716416834786 6.0982936417113356 0.18234137486319824 0.02153303718469235 0.065036468300603612 0.24892663969630549 5.2464160744061745 0.24636659561656227 5.7201005484858216 0.12860074303167635 0.0092589732634462685 0.013215486761016665 0.90452068159913102 0.50421010833470903 0.55036610763664584 0.014938992239669213 0.036118274172653231 0.01666629165694733 0.14766842622399323 0.065071534900654759 0.81003712786449 0.24016114744747941 52.902933410737305 0.011243059263798118 0.029035615114088118 10.967991807215574 55.405370227796979 1.1639248755960729 0.011683308174902422 0.00544312414383536 0.12219913463799105 112.32872448007612 1.2049390614407429 0.030754118543644626 92.206217403646164 0.0043803457349463658 0.026883874258821792 0.0050558327758096792 5.5205191744164237 7.553784016404971 18.287168826893371 5.4431296130963203 0.0030883344454279253 0.0030458783929635793 0.039053218836437906 0.076617834293662201 2.9231639105089959 17.36212927914886 6.7200840243725954 0.35196068581460238 0.008319584326311167 0.0021163873720018407 2.1973486969178881 0.0086459072742973639 0.054112504877429142
leaf_count=40581 1281 90 168 536 63 453 240 23 132 99 23 58 1312 7944 40 5207 363 94 180 949 346 642 136 46 9 249 77 158 76 18454 94 127 64373 2435 1127 194 97 212 13838 337 87 488502 96 368 104 231 213 101 4088 63 50 635 53 358 12377 5034 225 198 52 15050 171 730
internal_value=-0.0376472 -0.0233943 9.64533 -0.0291583 -0.0227649 -0.028235 -3.00286 -0.0217801 -0.0235501 -0.0352461 -0.0327332 -0.124285 0.038063 -0.566543 -0.513978 0.0524734 0.207651 10.8672 133.435 0.15455 3.99611 0.0043655 -0.504422 -8.16972 -17.4468 0.0216044 2.13723 0.0139546 -1.23445 0.109404 1.36234 34.7088 -0.120799 -0.011639 -0.187263 -0.869071 -11.7246 -0.165718 0.0217053 -0.953638 -3.60813 -0.140371 -0.434184 -6.86942 -21.2113 0.0297475 0.205301 0.017079 -0.642826 -0.815481 -5.57683 -2.42289 -0.600995 0.0561847 -0.0106132 0.0195064 -0.101678 -0.096093 -14.4189 -0.752645 -1.35921 -14.3908
internal_weight=428.338 428.185 0.255109 427.93 427.766 427.318 0.925262 426.393 426.329 420.23 420.048 183.173 236.875 5.51432 5.49278 231.361 54.7519 0.271401 0.0224745 54.4805 0.632811 176.609 5.78782 0.0677236 0.0316053 170.821 0.615438 170.206 1.0502 53.8477 0.944799 0.0402787 183.108 69.2965 113.811 3.48635 0.0171264 110.325 169.156 1.38336 0.178423 104.759 12.1908 0.0363201 0.00943618 167.772 31.3615 25.841 5.56533 3.46922 0.0451874 0.0421416 0.781601 58.3285 136.411 119.049 92.5686 92.2167 0.010436 3.42403 1.22668 0.0627584
internal_count=691649 690368 258 690110 689574 689511 746 688765 688742 688610 688511 619767 68744 8007 7984 60737 21919 1586 274 20333 709 38818 5398 191 145 33420 719 32701 234 19624 1170 221 619709 67166 552543 18117 291 534426 32467 673 336 530126 41149 568 200 31794 545 314 4300 17826 748 698 506 2793 31249 18872 488977 488752 250 17078 2028 901
is_linear=0
shrinkage=0.05


Tree=28
num_leaves=63
num_cat=2
split_feature=9 11 3 23 8 9 11 3 13 11 13 11 11 13 13 21 13 15 15 20 15 20 18 14 19 19 10 8 14 16 20 10 19 10 11 19 6 11 23 3 2 15 14 13 10 13 18 14 11 13 21 13 13 11 19 11 13 19 13 15 21 13
split_gain=335236 1.1018e+06 9827.49 5598.83 345863 1.77711e+06 6.28167e+06 23237.3 6131.96 5282.71 13077.8 2626.6 2513.22 1800.96 5856.45 18073.6 325115 1.09795e+06 1.53958e+06 3483.35 6024.44 53107 182654 430032 11890.2 69724.6 3403.09 9496.99 22521.8 71100.6 72067.3 40068.6 1778.5 4155.65 1702.58 4494.95 5303.03 1384.71 1677.3 1524.99 1231.3 861.203 2168.77 2172.44 623.757 676.144 652.077 2165.13 8468.17 601.404 1947.71 3970.44 2688.81 1767.33 4554.65 2995.34 904.103 561.708 543.526 3431.25 31763 76397.4
threshold=63.125000000000007 -36.374999999999993 28.150000572204593 0 34.750000000000007 21.291666984558109 15.083333492279055 16.94999980926514 0.71373298764228832 19.083333015441898 0.32686723768711096 36.625000000000007 -23.366666793823239 0.15382908284664157 0.1721523776650429 -0.99052476882934559 0.1682831943035126 2.4564834833145146 2.0492296218872075 -0.95244166254997242 3.4663623571395878 -0.99763298034667958 0.88144907355308544 0.021568628028035167 -0.68322628736495961 -0.2901292592287063 2.5499999523162846 1.0000000180025095e-35 0.017647059634327892 0.050000002607703216 -0.99467751383781422 8.2750000953674334 -0.9103761315345763 2.1833333969116215 0.35416667163372045 -0.68322628736495961 3.0416666269302373 0.35416667163372045 1 16.150000572204593 15.250000000000002 -0.80259284377098072 0.025490196421742443 0.038691813126206405 7.9500000476837167 0.13732974231243136 -0.97335553169250477 0.040600210428237922 13.366666316986086 0.23847576975822452 -0.99983122944831837 0.11731409654021265 0.18076211959123614 0.22500000149011615 -0.032701563090086067 0.31666667759418493 0.22308546304702762 0.99892947077751171 0.14039956033229831 1.539442837238312 -0.99052476882934559 0.1644140109419823
decision_type=8 8 2 9 10 10 8 2 2 10 2 10 8 2 2 2 2 2 2 2 2 2 2 2 2 2 10 10 2 2 2 10 2 10 8 2 2 10 9 2 8 2 2 2 8 2 2 2 8 2 2 2 2 10 2 10 2 2 2 2 2 2
left_child=2 -2 3 8 7 -6 -7 9 11 13 -11 12 -1 40 15 16 -15 18 -18 20 21 -17 24 -24 32 -26 -22 28 -28 30 31 -30 33 -23 35 -29 -37 38 39 41 -5 42 43 -14 45 -39 47 -46 -49 50 51 -43 -53 56 55 -55 58 -16 -52 60 61 -60
right_child=1 -3 -4 4 5 6 -8 -9 -10 10 -12 -13 37 14 57 19 17 -19 -20 -21 26 22 23 -25 25 -27 27 34 29 -31 -32 -33 -34 -35 -36 36 -38 44 -40 -41 -42 49 -44 -45 46 -47 -48 48 -50 -51 53 52 -54 54 -56 -57 -58 -59 59 -61 -62 -63
leaf_value=5.3240705476279944 -8.622401838394687 -619.10566140610649 -8.3000430650621713 -0.15404287289279936 -0.051967877576240475 -18.543311716950914 -3473.389091049637 -51.097341939119424 5.5729920670187418 -23.481507565713244 -1.1640463342601601 1.0397933490117934 -82.338494177302394 -0.21015941627457263 -0.32560041302997828 -2.7839179042940994 -2101.9962545953908 -0.05000552018063345 -0.050004921448173235 -0.12734638539926521 -0.61107551639919866 -0.050007715261835478 -1184.4655852397755 -0.050006408735289588 -352.55008948825429 -0.050005154265398782 -6.8854097752557539 -0.068145940102869104 -151.14979415421561 -12.526865129004266 -0.050002605154817747 -476.83919031090545 -7.1937938761965441 -92.558236706507202 -0.6243175775541715 -0.91826230959366451 -21.382988282288167 -0.68473100603377324 -0.0079827097379922395 -4.6656536736840231 -4.6500350011188205 -0.050001858159208101 -3.3731403619845874 -14.701290395287277 0.10647859452284514 -0.021996424256330478 0.10603646796798027 -0.51413810500078649 6.9276546178421032 -0.21986640608313734 -0.67135264466252265 -134.89334148887221 -32.693668575577682 -34.048594590814595 -4.8410806399068935 -145.15509535049148 -6.6620237977256593 0.3600003279934943 -0.050002754113426855 -1.1165956329800169 -4.2876284132205162 -430.55110661267167
leaf_weight=0.22284907566202444 0.035003721714019775 0.0093691162763310798 0.36366185545921226 85.237096861077575 0.036433258294118732 0.0053782095234284396 0.0017418135054941978 0.022526436945837669 0.50137170500010952 0.085026506753663855 0.28793813840975613 6.4089050590987418 0.001821482246416076 0.21788290750482289 28.593795150120833 0.4582964619931581 0.0016889109325291052 0.01102949075286129 0.0017992381494758916 3.4738903566337935 2.9220784914545233 0.0027702829405091378 0.0011820145440503199 0.0021793224686916801 0.0018439711775518732 0.0058639617824801597 0.23802977515093687 0.19564955774081166 0.001653571480037972 0.023858038569080961 0.0026928457629849965 0.0022018300338065553 0.020815255973997901 0.0021609917843961493 0.93706234287601675 0.057804685525809418 0.069977875903183995 4.3366019875369082 70.031109584810423 0.25136450932013943 0.15255608641241636 0.0050328896851578233 0.030095049581230934 0.0034091500377466328 5.2702232287496695 34.19824889665113 154.85232746524693 1.0561484486084931 0.59912826565758726 4.3099819667132282 9.0505279511227492 0.0011124019922381444 0.0015270423816105007 0.0014681150409540425 0.010436504742822282 0.0010337335340262518 0.067108161720830561 3.3360529791931972 0.0032462900821883514 2.0518757656608364 0.094392038025910341 0.0015098683681973313
leaf_count=123 132 1203 667 460022 24 29 359 124 35 200 221 81 36 879 31134 81 94 144 22 13020 409 53 119 26 115 141 178 18 30 49 132 73 159 57 87 7 121 1123 81591 81 194 341 251 114 101 906 2039 110 38 750 82345 124 19 95 148 58 323 151 93 6851 2815 70
internal_value=-0.0986704 -137.523 -0.0841563 -0.0770387 -0.340658 -141.244 -863.723 -0.319053 0.0465802 -0.309999 -6.25186 0.0387096 0.016312 -0.292407 -0.566641 -1.72049 -15.4755 -244.58 -1017.78 -1.34084 -2.19313 -7.4252 -65.2015 -416.55 -29.8998 -84.3787 -1.61113 -3.52244 -12.0617 -52.5831 -198.525 -337.152 -13.5901 -40.5891 -1.70391 -4.83177 -12.1254 0.0121795 -0.155742 -0.492238 -0.162075 -0.73998 -8.53803 -38.2548 0.0842037 -0.0965787 0.127265 0.601937 2.17942 -0.72232 -0.914146 -26.0979 -75.766 -0.897019 -19.3659 -79.9565 -0.875813 -0.253968 -0.841148 -1.55557 -10.6402 -136.715
internal_weight=420.182 0.0443728 420.137 419.774 126.411 0.0435533 0.00712002 126.367 293.363 126.345 0.372965 292.861 286.453 125.972 40.5823 8.65241 0.232401 0.0145176 0.00348815 8.42001 4.94612 0.495112 0.0368158 0.00336134 0.0334545 0.00770793 4.45101 1.52893 0.268436 0.0304063 0.00654825 0.0038554 0.0257465 0.00493127 1.26049 0.323432 0.127783 286.23 85.9171 15.8859 85.3897 15.6346 0.0353257 0.00523063 200.313 38.5349 161.778 6.9255 1.65528 15.5993 11.2893 0.00767233 0.00263944 11.2816 0.0129384 0.00250185 11.2687 31.9298 11.2016 2.15102 0.0991482 0.00475616
internal_count=691135 1335 689800 689133 508472 412 388 508060 180661 507936 421 180626 180545 507515 47299 16014 1139 260 116 14875 1855 751 670 145 525 256 1104 695 462 284 235 103 269 110 233 146 128 180422 176105 94514 460216 94433 401 150 4317 2029 2288 249 148 94032 93282 484 143 92798 301 153 92497 31285 92174 9829 2978 163
cat_boundaries=0 4 7
cat_threshold=2327430208 1145208833 207618059 1976 2318516288 32769 2097162
is_linear=0
shrinkage=0.05


Tree=29
num_leaves=63
num_cat=2
split_feature=11 11 9 4 2 13 4 6 6 8 6 3 23 8 11 7 13 15 19 14 19 13 13 19 20 20 6 16 17 4 17 21 20 12 20 11 11 13 19 15 20 21 13 4 10 17 13 0 2 15 5 3 7 10 15 20 19 4 15 15 23 21
split_gain=15248.1 145870 596199 9365.43 101032 456387 9393.84 13272.7 321530 1.0913e+06 84507 9842.56 4082.2 492963 2878.8 2268.77 5440.53 2104.66 16361.4 1312.16 32945.2 650773 829.466 1746.32 7542.09 15354.6 860.976 2336.97 3156.71 667.641 934.682 676.973 2322.26 13578.6 666.206 629.219 618.111 589.105 12378.8 474.274 2206.39 2168.2 4160.56 1590.75 5970.28 1463.96 459.013 686.021 3548.79 11198.7 29878.7 21797 588.167 1140.91 6126.23 29602.3 442.61 1647.83 2984.5 437.156 414.572 2614.9
threshold=-38.874999999999993 -44.374999999999993 57.333333969116218 69.40000152587892 14.049999713897707 0.03482263162732125 27.849999427795414 18.125000000000004 9.791666507720949 1.7500000000000002 2.5416666269302373 17.849999427795414 0 34.750000000000007 33.666666030883796 19.708333015441898 0.36622497439384466 -0.80259284377098072 -0.72947329282760609 0.096078433096408858 0.09796465560793878 0.13655198365449908 0.03482263162732125 -0.98611506819725026 0.87811094522476207 0.96687895059585582 64.541667938232436 0.050000002607703216 0.11666667088866235 1.7500000000000002 0.050000002607703216 0.92519181966781627 -0.30983471870422358 -0.026706115342676636 0.71503382921218883 21.208333015441898 17.291666984558109 0.023215088061988357 0.99465191364288341 0.38482120633125311 -0.90163370966911305 -0.99052476882934559 0.11731409654021265 1.0000000180025095e-35 0.22500000149011615 0.11666667088866235 0.14801238477230075 3.3500000238418584 4.5499999523162851 0.5273244082927705 3.7708333730697636 3.6499999761581425 4.3541667461395273 71.583332061767592 10.763750076293947 -0.87812310457229603 0.99465191364288341 4.8500001430511483 4.7094643115997323 1.145192623138428 1 -0.99983122944831837
decision_type=10 10 8 2 8 2 2 2 2 8 2 2 9 10 8 8 2 2 2 2 2 2 2 2 2 2 2 2 2 2 2 2 2 10 2 8 10 2 2 2 2 2 2 2 8 2 2 2 10 2 2 2 8 10 2 2 2 2 2 2 9 2
left_child=1 2 -1 4 6 -6 11 8 9 -8 -11 12 14 15 17 46 -17 18 -2 22 21 -21 23 24 59 -26 27 28 -25 31 -31 -28 33 -33 36 -36 39 -34 -39 40 45 42 -42 -43 -45 -24 47 56 49 -49 51 -51 53 -48 55 -55 -14 -58 -59 -19 61 -41
right_child=3 -3 -4 -5 5 -7 7 -9 -10 10 -12 -13 13 -15 -16 16 -18 19 -20 20 -22 -23 34 26 25 -27 29 -29 -30 30 -32 32 37 -35 35 -37 -38 38 -40 60 41 43 -44 44 -46 -47 52 48 -50 50 -52 -53 -54 54 -56 -57 57 58 -60 -61 -62 -63
leaf_value=-0.050398972506739428 30.819148105927923 -0.31367587477426512 -664.31907336349002 10.19501407739644 -13.418596237813844 -544.50974785519338 -1773.0193160908341 -0.084607366255868399 -0.061684310059109598 -298.011680306301 -0.050161697930685881 1.7981033711616736 -0.11919246849498655 -185.82937565509224 1.4704471724809547 -9.8570012320523066 -0.72042658302230755 -25.134754188896647 -0.61052612281436547 -0.050003055319919755 -0.28736316730974892 1141.7913902109813 -64.231625809772467 -107.66431642852956 -248.21866996023587 -0.050004083419075231 -0.45129911738963391 -0.05009302479455683 -0.050004744179976295 -0.050006531231945574 -41.655980018761667 -165.30367208080702 -0.051245004163045609 -0.050003649073911888 -0.47820493011549969 -7.2130745141671655 0.19115257234204169 -1.3319102643555785 -132.38459360201691 4.6993856522544775 -0.050003528074147791 -0.59731787933668468 -107.75159796159376 -0.050001418114439068 -127.55392688881855 -0.050003442287786484 -0.5129552620293395 -1.3111350252870739 -0.086892516330299138 -60.676722714356913 -10.570873630630173 -321.62468847250796 -0.18491299180442897 -231.42490305895873 -0.051662020017526039 -0.050004420716464562 -0.86077706096719098 -0.050003465775626955 -78.963696599530337 -0.050301147654002704 -0.082486451553465442 0.048653752964874702
leaf_weight=0.015881290846537829 0.048588317751001642 0.20157597979552253 0.004290431191346619 0.22394187406859956 0.029712099083439643 0.0046826798381965828 0.0010998498530106764 0.24461920773778129 0.15910382540060194 0.0038582593050264791 0.0062094005888813086 7.3283301669363814 68.616623652006595 0.03579521340428371 3.5397427203434964 0.20650207243274399 0.77229162093872683 0.0019932410655656577 0.28018786091775844 0.024901093997530044 0.51652307597049185 0.0013136675634672903 0.0023350973507081387 0.0013938642879668746 0.0010073793966252221 0.0016346929782205795 1.2659726862043665 0.0066170003326795884 0.0013332831496112529 0.0030793040169769235 0.0024034872183331117 0.0015128261544273131 0.082804795715321067 0.0069710267508311802 5.2646562995820805 0.03491032494686841 56.707100097621776 0.039004391748509767 0.0018891511854827866 0.30281645681773639 0.0025176988331349313 0.37309023319744622 0.0013927370324690906 0.0041834365868334694 0.0011762296420550341 0.0014341640812139378 23.454899265074033 0.039690538880988502 0.25808496493870065 0.0016494397736135 0.0094414633615706837 0.0015544070345638867 26.335712383795762 0.0017285992411000695 0.041094148112451427 0.0069023902148703988 1.63841806695632 0.0032427490041645407 0.0019002440279427598 0.013503781441668083 72.937949953484406 158.83806542356302
leaf_count=111 95 62 881 188 140 411 337 120 221 308 5 252 468173 429 65 283 302 115 460 943 2433 67 83 98 72 113 10907 177 46 53 79 43 1654 280 29523 10 209 1572 117 274 78 4681 62 428 111 71 55829 28 60 39 66 106 3623 109 57 152 15712 94 79 226 53933 33858
internal_value=-0.0341544 -13.1422 -141.337 -0.0273906 -0.0327204 -85.724 -0.0258579 -7.54581 -18.2649 -277.606 -114.239 -0.0185864 -0.050154 -0.28199 0.0512667 -0.250506 -2.64803 0.0360671 4.03432 0.0316328 2.48787 57.1697 0.0271276 -1.17369 -16.5891 -94.6727 -0.975799 -16.1029 -55.0524 -0.875097 -18.2888 -0.80681 -4.21171 -29.5178 0.0329635 -0.52257 0.0431446 -2.47609 -7.38613 0.00703982 -1.74384 -1.36858 -38.4089 -0.985851 -28.0319 -39.8112 -0.231018 -0.148977 -2.49432 -14.3661 -55.3425 -187.281 -0.347181 -0.528995 -8.09468 -46.3894 -0.138615 -0.949478 -29.2072 -3.27669 0.00995292 0.0541035
internal_weight=429.963 0.221748 0.0201717 429.741 429.517 0.0343948 429.483 0.414891 0.170271 0.0111675 0.0100677 429.068 421.74 121.426 300.314 121.39 0.978794 296.774 0.328776 296.445 0.542738 0.0262148 295.903 1.43112 0.0181391 0.00264207 1.41298 0.00934415 0.00272715 1.40364 0.00548279 1.39815 0.132182 0.00848385 294.472 5.29957 289.172 0.123698 0.0408935 232.465 0.38613 0.38236 0.00391044 0.37845 0.00535967 0.00376926 120.411 70.5706 0.310421 0.0523358 0.0126453 0.00320385 49.8403 23.5046 0.0497251 0.00863099 70.2602 1.64356 0.00514299 0.015497 232.079 159.141
internal_count=691113 1054 992 690059 689871 551 689320 991 871 650 313 688329 688077 545141 142936 544712 585 142871 555 142316 3443 1010 138873 15552 526 185 15026 321 144 14705 132 14573 3666 323 123321 29533 93788 3343 1689 93579 5514 5360 140 5220 539 154 544127 484357 299 239 211 145 59770 56147 318 261 484058 15885 173 341 88065 34132
cat_boundaries=0 4 7
cat_threshold=2327363664 4097 1281360392 1056 143704064 0 1077936640
is_linear=0
shrinkage=0.05


Tree=30
num_leaves=63
num_cat=2
split_feature=11 9 11 11 15 9 19 14 13 14 13 14 16 21 18 14 13 19 10 17 19 16 23 5 4 18 8 11 18 2 5 5 18 14 13 19 12 21 11 3 13 13 11 3 11 2 4 23 21 18 7 7 21 12 19 12 12 13 16 14 21 19
split_gain=36743.3 74135.6 14306.2 158113 4819.97 64624.6 10180.4 41415.6 25111.8 58642 4539.65 3006.18 3228.42 2536.28 2465.68 2176.78 18276.7 114232 37495.6 43428.3 21212.2 11571.1 1858.14 19555.4 2343.79 3424.05 1462.77 1257.63 945.515 14098.8 228459 1471.07 943.21 1752.05 12065.2 1552.17 75447.1 289667 730.769 743.132 729.723 669.925 687.617 1344.38 645.613 682.031 3112.89 743.486 1546.01 5816.87 735.636 2278.38 3118.18 1725.81 623.421 2312.84 571.19 2719.85 10450.3 32078.8 56103.8 1503.02
threshold=28.333333015441898 60.583333969116218 -38.874999999999993 -44.374999999999993 -0.80259284377098072 25.062500000000004 -0.72947329282760609 0.017647059634327892 0.085121989250183119 0.025490196421742443 0.054168537259101875 0.013725490774959328 0.083333335816860213 0.63089349865913402 -0.097964655607938753 0.10000000149011613 0.13655198365449908 0.09796465560793878 0.22500000149011615 0.15000000596046451 -0.22695468366146085 0.083333335816860213 0 10.125000000000002 27.250000000000004 0.52778512239456188 42.750000000000007 23.937500000000004 0.29012925922870642 1.0000000180025095e-35 0.49583333730697637 11.150000095367433 0.98611506819725048 0.096078433096408858 0.10577136650681497 0.09796465560793878 0.011315265204757454 0.38043944537639623 6.2750000953674325 15.750000000000002 0.15280646830797198 0.71373298764228832 -4.4374999999999991 10.34999990463257 18.083333015441898 135.90000152587893 32.649999618530281 1 -0.99983122944831837 -0.58216583728790272 5.2750000953674325 4.1833331584930429 0.36447542905807501 -0.014020686037838457 0.98611506819725048 0.0082150264643132704 0.0080561176873743551 0.15382908284664157 0.083333335816860213 0.0098039219155907648 -0.21022038161754605 -0.47114434838294977
decision_type=10 10 10 10 2 8 2 2 2 2 2 2 2 2 2 2 2 2 10 2 2 2 9 2 2 2 10 8 2 10 2 2 2 2 2 2 8 2 10 2 2 2 10 2 10 8 2 9 2 2 10 8 2 8 2 8 8 2 2 2 2 2
left_child=1 2 3 -1 5 6 7 10 14 -10 -4 12 -12 -14 -9 22 -17 18 20 -20 21 -18 26 24 27 -26 28 38 41 31 -31 32 33 -30 -35 -34 -37 -38 39 40 -24 42 43 -6 45 46 47 48 49 -44 51 -49 53 -53 -8 -56 57 58 59 60 -42 -61
right_child=-2 -3 4 -5 15 -7 54 8 9 -11 11 -13 13 -15 -16 16 17 -19 19 -21 -22 -23 23 -25 25 -27 -28 -29 29 30 -32 -33 35 34 -36 36 37 -39 -40 -41 56 -43 44 -45 -46 -47 -48 50 -50 -51 -52 52 -54 -55 55 -57 -58 -59 -60 61 -62 -63
leaf_value=-169.13371477004614 20.367565368721007 46.248295450477137 -2.9231903444980709 -0.061624488488048079 -0.59294376670618498 101.42674557101471 -0.29776991363862076 -47.313527950686591 -15.560627811405505 -232.86924311433546 -12.115340272552668 -8.4679295447714704 -61.610797854233624 -23.468435710730233 -14.454723859298818 -0.29253200662631967 -87.087344750144752 -0.45145660247380692 -399.84932723778547 -79.079596105375629 -27.364486801404304 -194.38429882365065 -0.17870041790581415 -41.124786448016948 -19.559730185029402 -0.80733952789411223 1.2893200890514764 -3.810725983140828 -0.47187879142228006 -0.050006171291771775 -758.49070727941353 -10.977395694628122 0.0058519183951364906 -0.050004711279620556 -116.04624908166096 -0.181112121401245 611.31454305085549 -0.050004467270121755 -0.039204677741911734 -6.7139179792202546 -0.050003956305330804 1.4214026124025527 -0.41788189321205915 -6.2418776453273601 0.2682932297996003 0.64309456074358329 -7.004613711289938 -0.40624145072152029 0.054044519501890209 12.386593598069435 -0.017753414444421908 -16.331410312668137 -0.050772452458731201 -55.045306371988389 -0.050109596620845735 -37.675338435254837 -0.35513652908948196 -0.66665425790362476 -2.2289389912402604 -34.287491645037164 -333.90532601754302 -6.0701603401112028
leaf_weight=0.015081320732506842 0.22013633281437606 0.08638681232110812 0.23544024669104516 0.1664198765994464 1.5162620178505883 0.014292042003944516 0.41241299391705427 0.012679046874977024 0.0064180505453652614 0.0060132301243709385 0.016456630491761971 0.047016326305323597 0.0089268016832939508 0.0085162444147759454 0.010385686084883199 1.6652375787652602 0.0051701947531910247 0.12647488692042558 0.0023761889029880181 0.001898023199146337 0.0073221230848048062 0.0048884835487134452 50.795112865403908 0.029214809056113178 0.038446426052323721 0.066356962017728241 2.2675149286826004 0.24149480630846554 14.276992670454787 0.016919842592718313 0.0010547957055470859 0.031958456151186421 8.2082260983176365 0.016828016510180954 0.0025862906156817181 0.47277893795026571 0.0024535279425279477 0.0092118603150908116 45.113010264043666 0.045031917170930025 0.0028618722818241822 0.87869353934493588 0.33521310836039808 0.1131868109563251 28.550076157767506 4.2310442924499503 0.15841032235306229 18.624075299996012 158.18066534845372 0.12060928341045263 26.661371347914084 0.006104392066362152 0.015048300822741206 0.0054478056542410953 0.017634086204263988 0.0053155687008227251 18.491857246899166 7.167448565263026 0.29913555852666018 0.0058349365064301736 0.0022459625069134949 0.024681309726380052
leaf_count=905 569 449 77 39 1066 5 2186 75 19 96 24 61 86 38 63 14137 75 397 89 40 92 79 429541 139 197 93 40 151 65817 936 369 47 7536 320 58 1639 72 163 2432 85 60 28 114 77 169 15 371 72569 40392 96 595 7 23 102 117 96 39235 6374 298 77 55 195
internal_value=-0.054089 -0.0656188 -0.0758822 -14.1102 -0.0693448 -3.94274 -5.85574 -12.1806 -63.3924 -120.677 -6.4345 -16.6513 -28.0011 -42.9885 -32.5177 -0.0613606 -1.78966 -18.62 -124.732 -257.407 -92.1056 -139.233 -0.0532629 -0.205463 -0.212489 -7.68653 0.023929 -0.206078 0.0139075 -0.292021 -44.5572 -0.257459 -0.242557 -0.49229 -15.5025 0.168167 2.91838 128.536 -0.19894 -0.292728 -0.288962 0.0433494 0.0382727 -0.985337 0.0453137 0.0147572 0.00173203 0.00717397 0.0587219 2.97015 -0.15258 -0.427127 -15.0498 -34.5882 -0.744101 -8.76482 -0.504425 -0.872401 -5.27758 -30.8771 -146.849 -11.4655
internal_weight=390.128 389.908 389.822 0.181501 389.64 0.801507 0.787215 0.351852 0.035496 0.0124313 0.316356 0.080916 0.0338997 0.017443 0.0230647 388.839 1.81337 0.14813 0.021655 0.00427421 0.0173808 0.0100587 387.025 122.323 122.294 0.104803 264.703 122.189 262.435 23.039 0.0179746 23.021 22.9891 14.2964 0.0194143 8.69267 0.484444 0.0116654 121.947 76.8342 76.7892 239.396 238.518 1.62945 236.888 208.338 204.107 203.949 158.636 0.455822 45.312 18.6507 0.0266005 0.0115522 0.435363 0.0229497 25.9941 7.50221 0.33476 0.0356241 0.00510783 0.0305162
internal_count=691367 690798 690349 944 689405 2943 2938 539 253 115 286 209 148 124 138 686462 14909 772 375 129 246 154 671553 478932 478793 290 192621 478503 192581 76957 1305 75652 75605 66195 378 9410 1874 235 478352 475920 475835 115624 115596 1143 114453 114284 114269 113898 40602 210 73296 72701 132 109 2399 213 46294 7059 685 387 115 272
cat_boundaries=0 4 7
cat_threshold=2327462000 71303174 1281638722 1051 143802368 4194304 1145307136
is_linear=0
shrinkage=0.05


Tree=31
num_leaves=63
num_cat=1
split_feature=7 7 13 18 9 18 8 0 11 14 13 23 7 20 13 7 3 2 20 3 16 19 21 3 11 18 15 7 12 8 13 14 13 20 18 19 12 20 13 10 13 13 9 11 21 15 21 21 19 15 15 13 5 0 8 11 11 15 20 11 9 20
split_gain=128677 14041.3 4622.8 6263.99 5910.53 2633.77 82775.5 8510.34 2270.15 1826.21 34681.2 1562.77 3520.77 23554.3 76988 4012.44 1487.21 1462.09 968.696 3909.91 1125.15 20216.1 953.218 18684.7 1847.68 6947.99 7765.1 856.667 755.491 736.353 1044.72 5442.08 20269.2 3067.84 24804 129912 106632 70554.5 2051.71 1224.97 1346.84 4157.73 734.809 1672.18 664.421 2011.48 582.04 573.096 3402.32 7326.17 2775.36 563.374 509.708 840.156 509.284 499.79 463.407 4209.34 8260.65 749.866 417.005 386.299
threshold=34.125000000000007 31.937500000000004 0.71373298764228832 -0.88144907355308522 58.416666030883796 0.29012925922870642 37.750000000000007 9.6500000953674334 20.791666984558109 0.10000000149011613 0.13655198365449908 0 22.791666984558109 0.52766072750091564 0.6167074739933015 22.291666984558109 11.84999990463257 6.2999999523162851 0.8337649703025819 6.9500000476837167 1.0000000180025095e-35 -0.98611506819725026 -0.10837475582957266 10.050000190734865 -10.937499999999998 -0.72947329282760609 3.1703637838363652 20.875000000000004 -0.026706115342676636 11.750000000000002 0.092860352247953429 0.096078433096408858 0.13270440697669986 0.9260200858116151 0.98611506819725048 0.09796465560793878 0.011315265204757454 0.99053108692169201 0.10815209522843362 68.049999237060561 0.12185301631689073 0.13732974231243136 20.791666984558109 -3.6333333253860469 -0.52034142613410939 0.58358570933341991 -0.99864786863327015 0.31595529615879064 -0.99465191364288319 1.4805571436882021 -0.60798940062522877 0.58845728635787975 1.3666666746139529 3.3500000238418584 1.2500000000000002 -15.916666507720945 -2.2250000238418575 3.8157215118408208 -0.97876849770545948 -2.7250000238418575 16.291666984558109 0.039769539609551437
decision_type=8 10 2 2 8 2 8 2 8 2 2 9 10 2 2 8 2 10 2 2 2 2 2 2 8 2 2 10 10 8 2 2 2 2 2 2 10 2 2 10 2 2 10 8 2 2 2 2 2 2 2 2 2 2 8 10 8 2 2 10 10 2
left_child=1 2 4 -4 5 11 7 8 9 16 -11 18 15 14 -14 17 29 22 27 20 21 -20 54 24 25 -24 -27 46 -23 30 -7 33 -33 39 -35 -36 -37 38 -38 51 -41 -42 56 -44 45 -22 -1 -46 49 -49 -50 -32 -48 -54 61 -28 57 58 -26 -60 -56 -13
right_child=-2 -3 3 -5 -6 6 -8 -9 -10 10 -12 12 13 -15 -16 -17 -18 -19 19 -21 44 28 23 -25 42 26 55 -29 -30 -31 31 32 -34 34 35 36 37 -39 -40 40 41 -43 43 -45 47 -47 52 48 50 -51 -52 -53 53 -55 60 -57 -58 -59 59 -61 -62 -63
leaf_value=-0.53848133323267267 -65.857992506423599 12.036198107908479 -0.40796318334757009 6.5635986822786379 -9.6570743487663862 -0.20323204053734228 146.85290378659997 -23.254978524516904 -12.175493368490498 -0.17395687661550532 -34.545460014452573 -0.53285740203912446 -157.8117386447482 0.030662667020661852 -2.8705484991334353 7.954303274566846 -4.6940591569502148 -4.8452989655953447 -179.27595655067253 -34.323707075246979 -45.333326213219046 -39.234269227242102 -1.8891248443011479 -72.623218436080222 -159.3945286757338 -136.21564083073571 -0.050018920072346068 0.58095969859347996 -0.050002753185364193 -0.02805795864473869 -0.58780493795119237 -3.5320617621820496 -144.0437637313243 -0.15368785091550441 -0.050004673550500367 -0.050004275716683227 -466.01965843606422 -132.18162886683567 -395.98307180342647 -0.050003281007599668 -83.748424715324774 -7.2322831521358628 -0.052999861800112617 -14.050156145294119 -0.47029680306941873 -2.8386313794703675 0.036525541669277094 -0.050002866727864484 -48.594996082885984 -141.24493932936716 -0.050002756228415671 -8.1435917655086794 0.057826075129529753 0.93711636149837929 -0.0014443319046764493 -40.12341928229128 -0.35785774268278986 -0.85759951680069302 -0.050001079016044316 -49.956675841044159 -0.4527570102145364 -0.1172356123968791
leaf_weight=4.1846546727545038 0.074345926125601092 0.23929293306173249 0.67773319396186049 0.61420553627747587 0.16135551393932601 16.262246338720313 0.0095366276888445567 0.040943034409187784 0.041236463825646719 1.1745666853886452 0.078281148906087394 10.094698641591513 0.010458211967003542 0.2779911463508164 0.034350904614540254 0.15203726307114962 0.19946012885532738 0.16723079483895631 0.0016738647171312604 0.0087531706857401081 0.0033097750312087162 0.0012760223615080673 0.027189746320400277 0.0089565236776597557 0.0012545303916996096 0.0022018563592873649 0.0020712941162507143 7.7484167753273701 0.03419252364629663 11.79893815871012 16.08729561632239 0.014359326510429038 0.0031251354191645922 0.45666671037129114 0.059740749389919245 0.0053490196801249121 0.0020387593744999322 0.0037841054474938574 0.0021468275041627294 0.0093876539375256224 0.0023895313195428543 0.0069075260744934329 0.063485915159681078 0.032139607443343737 2.1453920588552977 0.017555442077422823 177.02112316141191 0.0026143316356500709 0.0030899225229654844 0.0014164813926857978 0.062437700029131377 0.024708359453724849 7.4957699646032472 4.2609323713856844 72.58145236832884 0.0012461825826942568 29.400431671781657 0.061841822896684585 0.003026042927104042 0.0010018700101455118 5.5066161689089759 12.530314198020523
leaf_count=1187 1293 86 39 77 396 175664 29 265 68 10378 438 75510 282 57 26 29 128 283 93 27 82 87 191 107 79 49 69 125 1324 536 83810 259 83 6515 879 86 47 59 53 340 94 174 96 250 9209 275 57552 105 48 62 2493 14 72 208 5409 61 177364 492 234 49 1358 73554
internal_value=-0.0846318 -0.0718284 -0.0794193 2.90641 -0.0895601 -0.0855 -0.438979 -0.469335 -0.449156 -0.438688 -2.32158 -0.0365107 -0.164008 -5.39191 -39.033 -0.163645 -0.386194 -0.173104 0.0512965 -0.970598 -0.842155 -9.47319 -0.167108 -0.416525 -0.394673 -12.2717 -63.4193 0.0654693 -1.4597 -0.366988 -0.488391 -0.766443 -28.6468 -0.737184 -4.48125 -31.5312 -172.739 -288.643 -430.097 -0.61423 -13.4091 -26.8985 -0.381532 -4.75742 -0.698772 -9.57941 0.0447697 -0.615115 -5.08175 -49.6678 -2.33912 -0.599392 0.0576987 0.376504 -0.0937914 -15.1033 -0.367332 -4.51703 -47.3581 -12.4634 -0.03327 -0.302675
internal_weight=382.003 381.928 381.689 1.29194 380.397 380.236 46.2831 46.2736 46.2326 46.1914 1.25285 333.953 130.96 0.3228 0.0448091 130.637 44.9385 130.485 202.993 2.28171 2.27296 0.0371424 130.318 29.6048 29.5959 0.0327091 0.00551933 200.711 0.0354685 44.7391 32.9401 16.6779 0.0174845 16.6604 0.529726 0.0730595 0.0133187 0.00796969 0.00418559 16.1307 0.0186847 0.00929706 29.5632 0.0956255 2.23582 0.0208652 192.962 2.21495 0.0695584 0.00403081 0.0655276 16.112 188.778 11.7567 100.713 0.00331748 29.4676 0.0671243 0.00528244 0.00402791 78.0881 22.625
internal_count=690308 689015 688929 116 688813 688417 279919 279890 279625 279557 10816 408498 335549 365 308 335184 268741 335155 72949 13805 13778 1504 334872 179041 178934 370 179 59144 1411 268613 268077 92413 342 92071 7639 1124 245 159 100 84432 608 268 178564 346 12274 357 59019 11917 2708 167 2541 83824 57832 280 155831 130 178218 854 362 283 6767 149064
cat_boundaries=0 4
cat_threshold=180961280 8388618 205783808 3
is_linear=0
shrinkage=0.05


Tree=32
num_leaves=63
num_cat=0
split_feature=8 11 14 10 14 13 19 0 0 10 15 18 3 11 1 13 7 10 11 15 8 0 17 19 18 19 12 20 21 20 21 13 3 8 10 4 17 15 14 13 20 19 16 12 15 21 18 17 15 18 21 9 21 7 14 18 18 13 19 12 4 18
split_gain=23097.2 14463.3 255914 3.5521e+06 3603.16 444433 2.86655e+06 2824.7 7220.44 25772.6 5253.85 2031.02 19924 3878.54 2715.59 1645.74 792.132 751.302 743.92 1062.35 706.463 1236.24 9709.18 24830.6 896.888 11656.3 41413.7 375128 1.88755e+06 44011.6 142954 2278.04 647.155 925.073 1078.26 3345.51 1786.02 8751.02 645.436 13209.5 34380.1 586.643 1134.34 2207.8 6251.19 1287.63 8416.8 1003.95 9745.89 765.292 628.318 516.301 479.844 15179 19546.3 4502.33 1218.09 6794.64 748.397 6871.3 551.58 485.313
threshold=39.750000000000007 -32.624999999999993 0.0058823532890528449 54.562500000000007 0.10000000149011613 0.13655198365449908 0.29012925922870642 9.3499999046325701 23.94999980926514 23.062500000000004 2.6620713472366337 0.2269546836614609 11.84999990463257 21.550000190734867 12.650000095367433 0.65182608366012584 0.85416665673255932 3.5499999523162846 20.791666984558109 4.1668682098388681 18.750000000000004 0.84999999403953563 0.11666667088866235 0.52778512239456188 0.98611506819725048 0.09796465560793878 0.011315265204757454 0.62587949633598339 0.38043944537639623 -0.24372956901788709 0.47369650006294256 0.1682831943035126 1.2500000000000002 0.75000000000000011 2.3541666269302373 17.250000000000004 0.18333333730697635 5.3286950588226327 0.096078433096408858 0.088991168886423125 0.71503382921218883 0.99465191364288341 0.11666667088866235 -0.0097194379195570928 1.8139643073081972 0.99138912558555614 0.032701563090086053 0.15000000596046451 5.4480953216552743 0.032701563090086053 0.21652257442474368 60.583333969116218 0.063390085473656668 0.31666667759418493 0.013725490774959328 -0.98611506819725026 -0.99892947077751149 0.13270440697669986 0.98611506819725048 -0.017043100669980046 1.3499999642372134 -0.97335553169250477
decision_type=10 10 2 8 2 2 2 2 2 10 2 2 2 8 10 2 8 10 8 2 8 2 2 2 2 2 10 2 2 2 2 2 2 10 8 2 2 2 2 2 2 2 2 8 2 2 2 2 2 2 2 10 2 10 2 2 2 2 2 8 2 2
left_child=1 2 -1 16 7 -6 -7 11 9 -9 -11 14 13 20 18 -10 -4 -8 32 -20 21 24 23 -23 38 -26 31 29 -29 30 -28 -27 33 34 35 41 51 -38 -13 -40 -41 -3 45 44 -44 47 -47 -43 -49 -45 -51 52 -36 56 -55 -56 57 -54 61 -60 -61 -58
right_child=-2 4 3 -5 5 6 17 8 15 10 -12 12 -14 -15 -16 -17 -18 -19 19 -21 -22 22 -24 -25 25 26 27 28 -30 -31 -32 -33 -34 -35 36 -37 37 -39 39 40 -42 42 43 49 -46 46 -48 48 -50 50 -52 -53 53 54 55 -57 58 -59 59 60 -62 -63
leaf_value=-0.07921544822511796 9.1330295588810149 -0.11713110328376874 -0.050222436908999517 -3082.5051878697932 -0.3023056573671683 -2857.3162962662373 -0.05000206927705713 14.224431572568788 -0.16662727420451268 -0.061169690591861274 -14.420679691140094 -0.35372821870910653 -45.994119397520791 -18.375505297597616 6.458240239354291 1.2734640088447293 -26.925227904580566 -45.017470021405501 0.69780390940789949 -0.017985173251120704 0.021922861873325521 -298.98614541828192 -0.051216720330514179 -0.048582158242614804 -0.2084160671751609 -0.20663888214612483 -481.38902147346437 -2359.2065368331764 -0.050002777475586638 -1.3341304647893686 -0.050002442901007541 -38.790195883946495 0.077325496560785467 -0.033958249216080746 -0.542374411840858 -28.134753871480481 -0.050001923360932933 -132.97063452642146 -0.050003804250084931 -345.18597462879899 -0.050003639055027742 -0.60602188041506844 -15.577423863627423 -1.4962172580973108 -149.97183510071406 -0.050024468120700362 -122.71180739847148 -0.050019808535664602 -135.65829370243031 -39.980756807274247 -0.050000761714879431 -7.7291551366825573 -0.050001619106481134 -275.17781606526199 -111.93440710878738 -0.050006674887739369 -6.2879370321970889 -135.79414415468742 -127.46269283595535 -2.0980641341331494 -33.314974230623555 -0.67654955953205098
leaf_weight=0.26854498381284542 0.6826764537728981 52.498084748516099 0.01042008666354368 0.0010056918364335895 1.1497689287038666 0.0010149561506802868 0.0056426778666029973 0.38096500260273175 4.8007564544677717 0.1493803662378923 0.11105802067732568 30.876497803687702 0.023940763594750503 0.029884574934839203 0.16102269014623871 3.3811703286531376 0.0037209106364363255 0.0011119149303909469 8.1298526213597473 14.303927705062518 9.6462046094686951 0.0010035502000929749 0.023765652770608423 0.0022567689710301098 3.3831413621137383 0.31929895454616597 0.0020775380346280126 0.0010385067568626774 0.0046185146373431962 0.078074576862745548 0.0059900120935907353 0.0038719632812900797 69.531774055529809 170.13239437744951 11.700195031039483 0.010682136332170411 0.0069960378012726161 0.0015045669578240255 0.063662815321681943 0.0010140930793287586 0.0025012440294105431 2.1024630696240392 0.0064122564297837805 0.034575426158710641 0.0010002123359926993 0.0098296414074485056 0.0016304993810487148 0.013084723694304395 0.0014741909098799537 0.0025043352662364512 0.0016240077492138899 0.025705332042451512 0.0055660935900647751 0.0010903836273711753 0.001339560543425258 0.0027349877400021528 0.04005646396888396 0.0011048422072913386 0.0011772549645336348 0.024158822797110294 0.0015030787923742085 1.0124463101517203
leaf_count=24 621 280246 142 965 14290 450 213 71 589 13 106 247505 142 62 38 26 48 87 215 248 246 249 105 84 26671 5811 65 177 107 301 166 57 2873 13679 58357 109 334 216 1069 191 130 12665 279 649 99 473 250 807 127 216 139 15 273 154 34 265 1876 68 190 1354 115 13647
internal_value=-0.0557331 -0.0720477 -11.3575 -211.317 -0.0637149 -2.84912 -379.737 -0.0552979 0.828962 5.93751 -6.18446 -0.076146 -0.393344 -0.368781 -0.0333722 0.428489 -7.12182 -7.45237 -0.0365435 0.241412 -0.356665 -0.4617 -11.1513 -92.0638 -0.453384 -1.17851 -9.08746 -38.7242 -433.14 -12.8226 -124.003 -0.668915 -0.0568434 -0.0961001 -0.252707 -0.155932 -0.665317 -23.5763 -0.36438 -5.26003 -99.6137 -0.150465 -0.955202 -8.71339 -33.7121 -0.787111 -17.5018 -0.696629 -13.7813 -3.92568 -24.2728 -0.650122 -0.635896 -1.63869 -87.151 -36.8335 -1.232 -22.532 -1.10036 -9.34522 -3.92651 -0.890109
internal_weight=385.184 384.501 0.283692 0.0151467 384.218 1.15754 0.00776955 383.06 8.82333 0.641403 0.260438 374.237 44.4688 44.4449 329.768 8.18193 0.014141 0.00675459 329.607 22.4338 44.415 34.7688 0.027026 0.00326032 34.7418 3.79811 0.41497 0.0917991 0.00565702 0.0861421 0.00806755 0.323171 307.173 237.641 67.5089 54.6834 12.8256 0.0085006 30.9437 0.0671782 0.00351534 54.6727 2.1746 0.0461162 0.00741247 2.12848 0.0114601 2.11702 0.0145589 0.0387038 0.00412834 12.8171 12.7914 1.09118 0.00516493 0.00407455 1.08601 0.00667094 1.07934 0.0268392 0.0256619 1.0525
internal_count=690793 690172 1179 1155 688993 15040 750 673953 805 190 119 673148 283138 282996 390010 615 190 300 389972 463 282934 282688 438 333 282250 33355 6684 816 284 532 231 5868 389509 386636 372957 296059 76898 550 248895 1390 321 295950 15704 1382 378 14322 723 13599 934 1004 355 76348 76333 17976 453 299 17523 341 17182 1659 1469 15523
is_linear=0
shrinkage=0.05


Tree=33
num_leaves=63
num_cat=2
split_feature=8 11 14 20 8 23 4 4 6 11 13 3 20 8 8 19 23 11 11 15 20 19 21 19 15 13 1 21 15 15 15 17 20 21 4 15 21 19 19 13 20 19 13 15 13 15 13 21 21 9 13 13 10 14 19 17 13 19 13 21 15 19
split_gain=92873 14316.8 276280 709486 3390.55 2444.89 88907.3 334387 501431 57429.7 42839.9 4181.24 2002.55 1566.58 1236.35 750.576 714.054 6664.48 43473.1 592.046 2029.79 6417.16 1641.34 807.106 2126.71 519.391 623.858 4108.77 4602.66 499.861 2674.28 1389.24 2292.57 359.08 23544.6 314.473 313.456 1647.9 14234.6 311.221 1938.56 30953.2 720.78 594.819 4630 929.477 310.734 663.454 299.928 1077.78 17975.4 28614.7 6443.85 1043.35 2017.11 729.333 384.453 382.093 567.635 2520.32 287.496 1333.65
threshold=40.250000000000007 -32.624999999999993 0.0058823532890528449 -0.69057363271713246 38.250000000000007 0 28.550000190734867 96.000000000000014 9.791666507720949 20.791666984558109 0.71373298764228832 18.550000190734867 -0.78326541185379017 35.250000000000007 11.750000000000002 0.99465191364288341 1 20.416666984558109 21.550000190734867 0.44745369255542761 -0.7386675477027892 0.97335553169250499 -0.15950992703437802 0.98611506819725048 -0.45945054292678827 0.072108600288629546 1.5500000119209292 -0.49812626838684076 1.4805571436882021 0.87434285879135143 0.82291004061698925 0.050000002607703216 0.71503382921218883 0.9889926314353944 1.0000000180025095e-35 0.36351647973060613 0.99981042742729198 0.81241145730018627 0.84874749183654796 0.03482263162732125 -0.56368473172187794 0.97335553169250499 0.034156704321503646 2.683585643768311 0.011607544030994179 2.7514550685882573 0.034156704321503646 0.57605713605880748 -0.99938741326332081 1.3541666865348818 0.14998150616884234 0.1682831943035126 0.55000001192092907 0.013725490774959328 0.98611506819725048 0.083333335816860213 0.073514446616172804 0.81241145730018627 0.094228636473417296 -0.99983122944831837 2.4150925874710087 0.81241145730018627
decision_type=10 10 2 2 10 9 2 2 2 10 2 2 2 8 8 2 9 8 10 2 2 2 2 2 2 2 10 2 2 2 2 2 2 2 2 2 2 2 2 2 2 2 2 2 2 2 2 2 2 8 2 2 8 2 2 2 2 2 2 2 2 2
left_child=1 2 -1 12 5 9 11 8 -8 10 13 14 -4 19 15 25 -16 -18 -19 20 21 22 -3 -22 -25 26 36 28 -28 30 31 32 -17 39 -35 -26 -7 -38 -39 40 41 42 -21 -42 -45 -46 -47 -48 49 50 53 55 -53 -27 56 -52 -55 -58 -59 -60 61 -41
right_child=-2 4 3 -5 -6 6 7 -9 -10 -11 -12 -13 -14 -15 16 29 17 18 -20 33 23 -23 -24 24 35 48 27 -29 -30 -31 -32 -33 -34 34 -36 -37 37 38 -40 60 43 -43 -44 44 45 46 47 -49 -50 -51 51 52 -54 54 -56 -57 57 58 59 -61 -62 -63
leaf_value=-0.077704034668122549 37.920353147284082 -50.700319844945035 -45.367221056933666 -860.77766910396713 6.144124984176571 -0.14342197529279194 -1073.5661356817322 -7.0948531172341536 -35.907704643139091 26.174769472805298 24.467098710120936 -9.1127727081927752 -0.050246197218327918 2.6966427829747968 0.050852208141366817 -95.995043919314242 -0.26337784680717363 -0.8038671964329771 -57.664952556370238 -1.802183537187056 -0.57966720045739673 -136.83631254038949 -0.050002123896298767 -36.939011652738756 -0.050510751965123474 -0.14556175203426555 -116.96279418052194 -0.051039528564783825 -0.050043987751901664 0.10645053134491506 -73.274029098585586 -1.4118472373011048 -0.050003963179657586 -0.050004668121981843 -199.08753118849924 -11.032807653072485 -0.050002897568170723 -135.21262293777585 -0.050002981843985217 0.080480533146638014 -0.25082141973271721 -274.16164696360948 -41.058376620714597 -85.355806761860507 -27.080767212312562 -0.050747748235593929 -0.050003464062372577 -49.777430120232381 -0.44097108820637199 -0.22743036475104367 -0.05001044147073852 -322.3079125139555 -147.25798046849729 -17.155555925456703 -43.222372933410071 -48.361858892449881 -2.5587798839234788 -4.9951711292144401 -63.599010922672839 -0.050001842872503602 -0.016454451174455105 1.7051974149166389
leaf_weight=0.25679211699047394 0.16112946721295784 0.0019742667562907138 0.0044133499756149113 0.0033692428253851566 0.22153845429420371 21.422443579219124 0.0020025777630507937 0.021001251368383919 0.0027810785874650273 0.21055431754305587 0.17945820665545298 0.13083396852363094 0.0054460796054627376 0.54805939088026789 65.782642288036868 0.0010422610773608673 16.160085255350509 0.28458668325040348 0.038117049026661798 0.028535143539770248 1.8925025928799617 0.0010966010019471768 0.0084250157788111121 0.0054216803572317276 0.023411611590176528 0.25472814438605251 0.001710672584343594 0.021576095952867472 0.0016574928456158371 10.738297673000208 0.0013656670758193648 0.073461826582843337 0.0015463572087128391 0.10441688035018698 0.0015072534293362741 0.0090334741766495592 0.088667475211807442 0.0022195485717499642 0.015916800638468443 85.7347890134034 2.0244707102371091 0.0010944445644079466 0.0012192631456836118 0.0017583796923590139 0.0036916014198350019 0.046162708140892843 0.0020148080589305227 0.0010054813177057774 46.937063234522611 0.85475399341172242 0.0031861750982839724 0.0010860866124117387 0.0010189664995449274 0.0058206608920841054 0.0034694502080441217 0.0010349426082427726 0.097909465456209557 0.019954956562502311 0.0023592386926340669 0.0046065509184813891 113.18757689307597 1.2819580022780588
leaf_count=29 605 141 148 1025 67 267147 319 9 154 91 25 135 7 12 262 191 2238 92 332 1633 9359 96 547 70 302 676 50 279 58 14363 217 3083 222 4049 336 103 1879 54 386 32934 6218 130 85 99 85 1179 89 65 288153 532 209 194 288 34 67 91 1517 121 94 168 40372 7157
internal_value=-0.0314473 -0.0480299 -11.557 -234.39 -0.0395967 -0.0433165 -0.181468 -93.0297 -470.302 0.0717027 0.0484003 -0.177912 -20.3354 0.0270146 -0.170733 -0.309965 -0.0343921 -0.252352 -7.52017 0.0198552 -0.849035 -21.7967 -9.66578 -0.724286 -7.95206 -0.370069 -0.166049 -8.06876 -59.4294 0.0775893 -3.92572 -2.68041 -38.6806 0.0281907 -2.88222 -3.10824 -0.156893 -2.85889 -16.5914 0.0297145 -0.574361 -13.0164 -3.41081 -0.389751 -5.53792 -2.88352 -1.06731 -16.6047 -0.461327 -1.22574 -3.38507 -86.9904 -237.574 -2.02489 -5.59421 -11.8952 -4.59499 -4.00931 -9.28481 -21.5734 0.0360808 0.104416
internal_weight=368.932 368.771 0.270021 0.0132287 368.501 368.279 162.979 0.0257849 0.00478366 205.3 205.09 162.953 0.00985943 204.91 162.822 80.5569 82.2654 16.4828 0.322704 204.362 1.94187 0.0114959 0.0103993 1.93037 0.0378668 69.7412 21.5542 0.0249443 0.00336817 10.8157 0.0774161 0.0760504 0.00258862 202.42 0.105924 0.0324451 21.5292 0.106804 0.0181363 202.314 2.10995 0.0308489 0.0297544 2.0791 0.054633 0.0528746 0.049183 0.00302029 48.187 1.24993 0.395175 0.00632617 0.00210505 0.388848 0.13412 0.00422112 0.130651 0.12483 0.0269207 0.00696579 200.204 87.0167
internal_count=690672 690067 1209 1180 688858 688791 583614 482 473 105177 105086 583132 155 105061 582997 580073 2924 2662 424 105049 10618 784 688 9834 475 561997 269853 387 108 18076 3713 3496 413 94431 4385 405 269466 2319 440 90046 9583 1848 1718 7735 1517 1418 1333 154 292144 3991 3459 782 482 2677 2001 300 1934 1900 383 262 80463 40091
cat_boundaries=0 4 7
cat_threshold=2292334592 4194816 6570754 1024 34635840 1 67108872
is_linear=0
shrinkage=0.05


Tree=34
num_leaves=63
num_cat=0
split_feature=11 10 8 11 5 18 0 9 7 2 1 20 3 17 13 20 15 13 3 8 7 10 13 13 21 18 13 12 21 12 16 20 12 16 14 13 13 21 10 16 12 14 17 4 20 11 18 12 15 13 3 11 9 20 18 11 16 14 13 20 10 6
split_gain=140896 1.3983e+06 133225 11566.1 6267.67 1199.38 24299.8 2843 1974.18 1806.04 1265.19 860.615 6104.99 969.053 56648.9 486.521 8216.96 651722 475.857 2035.15 625.658 701.283 495.137 4048.58 224967 600733 2634.29 62148 1623.65 6873.3 682.41 3257.88 473.551 2136.15 8427.56 38407.8 1044.4 449.286 646.613 2528.67 9777.67 7119.34 424.055 413.61 6757.57 30885.8 130708 408.176 760.945 1178.01 379.325 360.897 331.133 325.457 488.397 1184.69 1685.3 288.454 1122.5 267.114 602.412 1625.58
threshold=-32.624999999999993 43.062500000000007 38.250000000000007 -30.291666984558102 23.495833396911625 0.16280825436115268 9.3499999046325701 62.166666030883796 20.875000000000004 9.8499999046325701 7.2999999523162851 -0.79384350776672352 8.3499999046325701 0.050000002607703216 0.23847576975822452 -0.76141706109046925 3.2650926113128667 0.18845727294683459 1.6500000357627871 32.750000000000007 0.64583334326744091 2.3541666269302373 0.16698833554983142 0.17078352719545367 -0.98212954401969899 -0.63405361771583546 0.1644140109419823 0.0037475099088624124 0.029024410061538223 0.012106350623071195 0.083333335816860213 -0.53493988513946522 0.028253000229597095 0.083333335816860213 0.013725490774959328 0.24617092311382296 0.22308546304702762 0.2332836911082268 5.5499999523162851 0.083333335816860213 0.00039447884773835545 0.021568628028035167 0.083333335816860213 2.0499999523162846 -0.97876849770545948 0.22500000149011615 0.52778512239456188 0.032172435894608505 2.9721826314926152 0.20501422137022021 16.150000572204593 22.291666984558109 0.68333333730697643 0.90162119269371044 -0.41248606145381922 2.1833333969116215 0.11666667088866235 0.051905291154980666 0.17306696623563769 -0.86976337432861317 2.5499999523162846 47.041666030883796
decision_type=10 8 8 8 2 2 2 8 10 8 10 2 2 2 2 2 2 2 2 8 10 10 2 2 2 2 2 10 2 8 2 2 10 2 2 2 2 2 8 2 8 2 2 2 2 10 2 8 2 2 2 10 10 2 2 8 2 2 2 2 10 2
left_child=1 -1 3 -2 5 6 7 10 9 11 18 12 13 14 -7 16 17 -13 19 20 21 22 26 24 25 -24 -5 -28 30 -30 -26 -32 -25 47 -35 36 -36 51 39 40 -39 -42 -20 57 45 46 -45 48 -34 -50 -44 52 -22 -54 55 -55 -57 -15 -59 60 61 -23
right_child=2 -3 -4 4 -6 8 -8 -9 -10 -11 -12 15 -14 43 -16 -17 -18 -19 42 -21 37 59 23 32 28 -27 27 -29 29 -31 31 -33 33 34 35 -37 -38 38 -40 -41 41 -43 50 44 -46 -47 -48 -49 49 -51 -52 -53 53 54 -56 56 -58 58 -60 -61 -62 -63
leaf_value=-0.050755122042529355 21.359171696898535 -1221.5991334712321 38.371503890789768 -0.21688287151206564 -12.21311980213197 -0.050002029263183569 18.417620874440555 5.2843540737076973 -7.5660171925678377 -5.786673437296197 -3.9529796741555923 -0.59559075570052478 -34.993039087970907 -0.45146933857457872 -361.13881769510112 -0.2255373856452807 0.053543125004411052 1138.136657488506 0.099530204817127099 -11.482435309530622 0.48864756930391895 -56.025569511377505 -107.73414220194248 0.1208128637268263 -0.051959979673398486 1368.2816464104176 -360.31917546945965 -0.050002182224170223 -145.07754564377501 -0.050003079091771076 -99.579211610366869 -0.050002296253765177 -3.1513773941780867 -0.050281622256053107 -0.050000969478110446 -347.24644163880816 -41.621805550133601 -3.0688319256437295 -0.27459116362974123 -0.50031678163772642 -0.050206403376590159 -77.005565203633751 -0.51951452498331518 -562.8536998811586 -0.16495146880516331 -1.5996934099353171 -9.3645278971785419 -0.42870094266953185 -0.050000726306705538 -58.498770273465418 -3.7933245463246892 0.3646426396229463 -0.018600312233616353 -0.67440101988730261 -0.36927801825157869 -16.480838647976672 -0.050780604789169154 -0.050002293009702263 -9.7161679357342301 -0.3895998289797436 -0.87675595386545124 -4.5739114998893093
leaf_weight=0.025599766182547581 0.063054635926829722 0.0025786931084926549 0.22572405440109733 33.744847455900427 0.10600737482309242 0.056027623030130147 0.1786286319098157 0.25153061640059959 0.093192881973634623 0.14845601732856195 0.20575876207322963 0.09164413960913867 0.012878317251797777 13.536730383919208 0.001107658085089446 22.628561773914274 7.2710206087096809 0.0012739562442442834 71.031070087201826 0.039026621429058106 3.2002226947425063 0.001783595931916228 0.0018572837064715127 14.259318480981088 0.092688028188958979 0.0010962254671724814 0.0012489874196321337 0.028787529929363349 0.001033936170482529 0.0038931281455916178 0.0010047301655169132 0.004525602916391481 0.016030400281740329 0.026422336166432667 0.004074506509668124 0.0010080628229680155 0.002401122739387535 0.081804915753108734 5.87970025878451 0.44380128002389874 0.0046686871702446816 0.0084358504579145795 1.6039187481685921 0.0013325486834741222 0.42196488914418029 0.032030390998302433 0.0053456211736707159 1.0262286547190898 0.0017379354158322253 0.0017105234466675378 0.093645870685608146 6.5133560256696503 158.06145236583089 0.16156704534958471 1.0594437800536243 0.033270238345453673 0.029399475891693783 0.11245312412847427 0.040979232582550346 7.1435020876683781 3.6507830130706647 0.011020452241393485
leaf_count=150 68 1049 688 272386 576 2907 147 74 130 268 120 3304 80 53866 162 237624 1597 217 1612 161 116 31 148 10243 993 80 74 1415 53 192 81 205 1131 301 368 115 53 307 1243 158 35 112 895 388 1581 103 1105 1542 167 182 42 170 9714 195 212 95 12 4263 402 50174 24271 597
internal_value=-0.0377055 -111.838 -0.0288001 -0.0533181 -0.0571378 -0.053491 -0.0185462 -0.0292132 -0.296315 -0.281043 -0.0335458 -0.262557 -0.582919 -0.551729 -7.05028 -0.110658 0.242352 15.017 -0.0309298 -0.0654489 -0.0635569 -0.202897 -0.122816 0.111696 9.84519 440.104 -0.230057 -15.0308 -2.47503 -30.4838 -1.06999 -18.1321 0.0443693 -0.965282 -13.3167 -60.156 -15.4646 -0.0158916 -0.426498 -2.08447 -9.49207 -49.5891 0.0808657 -0.525491 -1.9991 -21.9933 -119.807 -0.564798 -7.73496 -29.0421 -0.700114 -0.000302668 -0.0149264 -0.02504 -0.817964 -2.93786 -8.77321 -0.475904 -2.63167 -0.567617 -0.914726 -11.7411
internal_weight=353.786 0.0281785 353.757 353.532 353.469 353.363 308.908 308.729 44.455 44.3618 308.478 44.2134 14.2208 14.208 0.0571353 29.9925 7.36394 0.0929181 308.272 235.543 235.504 60.027 49.2199 15.445 0.106099 0.00295351 33.7749 0.0300365 0.103145 0.00492706 0.0982184 0.00553033 15.3389 1.07961 0.033906 0.00748369 0.00647563 175.477 6.41841 0.538711 0.0949095 0.0131045 72.7286 14.1508 0.460673 0.0387086 0.00667817 1.04571 0.0194789 0.00344846 1.69756 169.059 162.545 159.345 1.28368 0.224237 0.0626697 13.6902 0.153432 10.8071 3.66359 0.012804
internal_count=690750 1199 689551 688863 688795 688219 380222 380075 307997 307867 380001 307599 64857 64777 3069 242742 5118 3521 379881 377332 377171 364802 289729 15854 1752 228 273875 1489 1524 245 1279 286 14102 3859 837 536 421 12369 1855 612 454 147 2549 61708 3177 1596 1493 3022 1480 349 937 10514 10344 10228 514 302 107 58531 4665 75073 24899 628
is_linear=0
shrinkage=0.05


Tree=35
num_leaves=63
num_cat=1
split_feature=11 8 8 11 18 0 3 0 1 15 12 14 7 9 12 21 20 14 15 17 10 19 15 20 17 18 18 23 11 3 9 11 8 8 12 21 19 12 15 14 15 11 17 19 15 20 18 21 15 0 21 15 12 19 14 18 21 11 9 11 21 19
split_gain=137864 302598 25105.7 5863.17 4091.68 41375.7 131621 9211 10713.8 4647.59 213968 302835 3745.06 2268.45 10927.4 41674.6 3.80441e+06 7.32706e+06 113348 4792.9 56906.6 39715.7 7928.37 512023 4495.86 2685.72 23109 2002.17 25914.3 8638.65 2585.57 1148.55 1118.22 1025.04 1367.97 69832.6 57049.8 93677.4 143853 341204 7127.66 5547.69 7796.82 2833.98 2355.74 13293.9 2174.24 1103.75 5697.89 1089.57 765.504 734.34 3226.44 655.469 12348.6 236260 647358 8514.25 618.531 589.139 557.248 541.638
threshold=-32.624999999999993 3.2500000000000004 40.250000000000007 -30.291666984558102 0.29012925922870642 12.34999990463257 17.10000038146973 10.250000000000002 4.3500001430511483 -0.34772168099880213 0.020635642111301426 0.051905291154980666 32.791666030883796 6.7916667461395273 0.011925393715500833 -0.59867820143699635 -0.7386675477027892 0.051905291154980666 3.6272751092910771 0.11666667088866235 12.949999809265138 -0.63405361771583546 1.4951925873756411 -0.72696319222450245 0.18333333730697635 0.93540480732917797 0.98611506819725048 0 22.291666984558109 11.84999990463257 60.583333969116218 5.3541667461395273 3.2500000000000004 1.2500000000000002 0.016733469441533092 -0.99273797869682301 0.77259656786918651 0.0233996044844389 2.3965450525283818 0.051905291154980666 1.0520714521408083 0.14583333581686023 0.050000002607703216 -0.77259656786918629 -0.60798940062522877 0.65233618021011364 -0.97335553169250477 -0.98212954401969899 0.14654509723186496 0.35000000894069677 -0.98212954401969899 -0.11054482683539389 0.021095578558743003 0.99465191364288341 0.055752867832779891 0.032701563090086053 -0.90161547064781178 12.854166507720949 0.68333333730697643 -23.366666793823239 0.99981042742729198 -0.81241145730018605
decision_type=10 8 10 10 2 2 2 2 10 2 10 2 10 8 10 2 2 2 2 2 10 2 2 2 2 2 2 9 8 2 10 8 10 8 10 2 2 10 2 2 2 8 2 2 2 2 2 2 2 2 2 2 10 2 2 2 2 8 8 10 2 2
left_child=1 -1 3 -2 12 7 -7 8 9 10 60 -12 27 14 31 16 17 18 -16 51 22 -22 23 -21 -24 32 -27 30 29 33 50 -11 -18 34 59 36 43 38 40 -40 -38 44 -43 -36 45 -37 -45 48 -46 61 -5 52 -17 -52 57 -56 -57 -55 -35 -29 -6 -49
right_child=2 -3 -4 4 5 6 -8 -9 -10 13 11 -13 -14 -15 15 19 25 -19 -20 20 21 -23 24 -25 -26 26 -28 28 -30 -31 -32 -33 -34 58 35 41 37 -39 39 -41 -42 42 -44 46 47 -47 -48 49 -50 -51 53 -53 -54 54 55 56 -58 -59 -60 -61 -62 -63
leaf_value=-5.8458788066980993 -5.9628253570507184 -393.23155574470718 -16.416782388850702 -0.38056440247816109 -1.4177677239308446 -6.1213030720141832 -433.47155838936806 14.598820464314958 -42.371275373329922 -0.42617704829434983 -1134.5292072120617 -0.050001199861854834 3.1130114436981344 -0.12628159539877479 -624.51866487669122 -0.050001237895690193 -1.0929799088520296 -4826.0650853946981 -24.530377909386441 -1136.9188720788934 -491.97192946263772 -49.464923552357924 -0.92414600830764049 -0.050001128193436252 -77.353499551454888 -2.8663202698168764 -188.01369997683969 -10.489844846101697 -54.419819425319304 -10.787644337321767 5.180205883183131 -29.517937772877772 -21.077432242015025 0.73324045188786968 -98.317936074808728 -196.93763267637232 -0.050001675674738504 -0.050021462560333574 -1283.9308923985436 -0.050000978380329353 -164.301774022648 -164.85277014354486 -15.806555639858992 -64.894079888710721 -113.48475196280408 -0.050012782410129755 -0.050000907414009303 -2.5137814328876176 -4.1703320645293829 -11.852768183389372 0.051258402252807589 -0.29718952461075232 -99.611026458795806 0.10914827553688461 -1.7617594311739417 1494.0742752639364 -0.050008115658373091 15.192809553689948 -0.13498754674574143 -0.36218249606251501 -30.953328362098194 -0.14500330147793619
leaf_weight=0.017256213353049499 0.42471346395677656 0.0071213985793292514 0.23567436750198467 10.030400179704513 0.14585347273151847 0.008231073956607271 0.0023066897410899409 0.099707797169684365 0.01535899274712349 15.05140556563804 0.001013680985493536 0.0014015593511140789 0.94730246067399448 15.767060681125562 0.0012810891018510085 0.0042865838964961647 0.37317523707373318 0.0011914591850811264 0.0020417120419891355 0.0010115502579177349 0.0010164205377675871 0.0010118400853565794 0.22932752022001099 0.047359191980094091 0.0019404037632807505 0.017757557115192273 0.0018620616745659907 0.014368984452313494 0.02207153717763688 0.19350638992696545 0.24548031389713187 0.0033935095602001244 0.0071335918658382838 2.1226763329234668 0.0010176259404126578 0.0010158078418859287 0.0010346405998689079 0.003633512837872388 0.0010514994099466435 0.0010189856693187949 0.001826464311832865 0.0012128613071063533 0.0031727138947588674 0.001542160843945122 0.0013223461009816426 0.0054959082487666677 0.0079924806558997231 0.27668120882465075 0.01209917768558405 0.021145579036872753 196.35826300388416 1.9271127021092269 0.0010044091009189238 5.8016022951389123 0.057229277138783216 0.0010039325436448764 0.0026088383462240248 0.095089675219385827 61.024956179042725 21.749806604988006 0.0016146549397219869 1.8884358486030861
leaf_count=264 76 933 607 7004 4685 7 285 8 128 226527 156 91 97 3362 162 291 4181 274 204 144 227 284 7243 3487 251 370 208 43 236 333 62 65 79 177 129 86 60 136 134 82 144 39 346 302 81 238 1075 2448 933 89 104885 27341 85 4536 833 62 354 10 8359 255920 25 20169
internal_value=-0.111938 -119.012 -0.103292 -0.0918171 -0.0843651 -0.606691 -99.6672 -0.57572 -0.620743 -0.601653 -9.38654 -476.193 -0.0258378 -0.562278 -0.951248 -3.93237 -18.691 -1462.08 -255.853 -1.23642 -7.32975 -271.218 -5.41573 -23.8247 -1.56541 -2.39849 -20.4383 -0.0357509 -0.223094 -0.234942 0.0494014 -0.432735 -1.46784 -0.211509 -0.489709 -1.66923 -96.8206 -192.692 -334.628 -652.071 -104.905 -0.846348 -57.0263 -19.0033 -0.734671 -30.7639 -10.5381 -0.645776 -14.9405 -0.55802 0.0457965 -0.348262 -18.95 0.0669346 0.583616 22.9939 415.144 0.352386 -0.105802 -0.368869 -1.74116 -0.44771
internal_weight=335.297 0.0243776 335.272 335.037 334.612 33.7159 0.0105378 33.7053 33.6056 33.5903 0.149883 0.00241524 300.896 33.4404 17.6733 2.61851 0.404443 0.00451426 0.0033228 2.21407 0.281667 0.00202826 0.279639 0.0483707 0.231268 0.399928 0.0196196 299.949 87.3571 87.335 212.592 15.0548 0.380309 87.1415 23.9939 2.2297 0.0191174 0.0085651 0.00493159 0.00207049 0.0028611 2.21058 0.00438558 0.0105523 2.2062 0.00651172 0.00953464 2.19968 0.0134215 2.18626 212.346 1.9324 0.00529099 202.316 5.95753 0.060842 0.00361277 5.89669 63.1476 21.7642 0.147468 2.16512
internal_count=691452 1197 690255 689648 689572 280170 292 279878 279870 279742 4957 247 409402 274785 271423 44831 5478 640 366 39353 11636 511 11125 3631 7494 4838 578 409305 291559 291323 117746 226592 4260 290990 282454 26491 2062 556 420 216 204 24429 385 1506 24044 324 1377 23720 1014 22706 117684 27717 376 110680 5795 1249 416 4546 8536 255963 4710 22617
cat_boundaries=0 4
cat_threshold=2323775492 627310594 1550126914 1546
is_linear=0
shrinkage=0.05


Tree=36
num_leaves=63
num_cat=1
split_feature=7 8 10 14 11 11 15 19 23 4 11 7 0 21 9 21 13 7 13 15 21 19 10 19 11 19 14 13 18 15 21 20 21 15 15 8 9 18 21 21 10 19 13 19 13 19 11 8 18 7 18 14 13 4 20 10 20 16 13 15 10 21
split_gain=332066 39993.5 17161.8 304740 628633 4228.38 42036.6 9288.13 2608.36 53685 34128.9 14363.7 13749.7 54554.1 8355.39 5919.1 1691.09 1666.54 949.649 6398.4 19708.1 19830.2 9187.13 13614.4 2909.86 2150.43 5221.4 73292.5 152086 38593.9 279959 3311.3 4458.79 15210.9 5296.04 1848.63 1553.68 1268.49 33373.6 1010.9 46267.6 259225 364596 28463.3 860.785 770.063 740.271 1803.37 10435.7 40363.8 596.505 4089.21 19976.4 1055.82 664.786 602.229 15548.4 7715.62 786.44 798.97 507.104 1104.15
threshold=31.937500000000004 35.250000000000007 100.68750000000001 0.021568628028035167 3.5499999523162846 0.22500000149011615 8.6051659584045428 -0.47114434838294977 0 28.349999427795414 20.416666984558109 24.625000000000004 4.0499999523162851 0.080547325313091292 60.583333969116218 -1.0000000180025095e-35 0.41154272854328161 5.1833331584930429 0.15280646830797198 0.42754310369491583 -0.9852197766304015 -0.95642796158790577 1.1458333134651186 -0.52778512239456166 4.9375000000000009 0.99465191364288341 0.055752867832779891 0.10435690730810167 0.032701563090086053 2.233964323997498 -0.89404255151748646 -0.50556187331676472 0.67007490992546093 1.5250926017761233 5.1109356880187997 10.250000000000002 60.583333969116218 0.99465191364288341 -0.19337245076894757 -0.98212954401969899 0.85416665673255932 0.77259656786918651 0.17078352719545367 -0.72947329282760609 0.040362561121582992 -0.47114434838294977 -4.4374999999999991 2.2500000000000004 0.09796465560793878 0.85416665673255932 0.2269546836614609 0.096078433096408858 0.092860352247953429 15.449999809265138 -0.56368473172187794 0.14583333581686023 -0.97876849770545948 0.050000002607703216 0.22822930663824084 -0.11054482683539389 2.5499999523162846 0.18281312286853793
decision_type=10 10 8 2 10 10 2 2 9 2 8 8 2 2 8 2 2 10 2 2 2 2 8 2 8 2 2 2 2 2 2 2 2 2 2 10 8 2 2 2 8 2 2 2 2 2 8 10 2 8 2 2 2 2 2 8 2 2 2 2 8 2
left_child=1 2 8 4 -4 6 7 -5 10 11 12 17 14 15 46 16 -14 18 24 20 -20 -22 -23 -24 25 -10 31 29 -29 30 -28 32 34 -34 -27 -26 37 39 -39 40 41 43 -43 -21 -32 -45 47 48 49 -1 -48 53 54 55 -53 56 57 -52 59 -58 61 -41
right_child=-2 -3 3 5 -6 -7 -8 -9 9 -11 -12 -13 13 -15 -16 -17 -18 -19 19 36 21 22 23 -25 35 26 27 28 -30 -31 44 -33 33 -35 -36 -37 -38 38 -40 60 -42 42 -44 45 -46 -47 50 -49 -50 -51 51 52 -54 -55 -56 -57 58 -59 -60 -61 -62 -63
leaf_value=-331.3035394016598 135.9181733024337 19.887532902350998 -1032.1553284397905 -135.81696708502574 -0.050112224003700995 -1.1296635428247706 -2.424322953485007 -345.41103293283561 -0.16351365547570987 -57.468081420179459 20.285013081945927 -32.981792559958514 -7.5125910437850765 41.242333076052994 14.505401123107127 9.3244566717929214 -0.1690130855714452 -0.055706312692476501 -231.71187481886182 -253.8734052101052 -221.04730790655509 -1.5363175721057405 -237.80079631153896 -0.050000462958464442 -57.595214940842084 -5.1360116381086822 -891.37170815961235 -0.050000476276441712 -639.61021149617977 -1.436395840543887 -49.511511878402764 -0.22729942015909776 -220.05025944340215 -0.050000878426483021 -102.61410072316549 -10.023363071801507 -12.232326774216498 -248.46077624893357 -0.051165615592942741 -0.23220839717033753 -0.62417606893618571 -1046.4138416226467 -0.050008283480537277 -43.68957459924475 -0.050016619888220273 -1.8581777501280479 0.04099524603406271 -0.92330799956148002 -1.4486337479110445 -9.8448690347747529 -218.11332508937463 -46.914879814589611 -238.20855579456293 -18.441110738126952 -5.2852470091408508 -0.33210346362912446 -41.13414920614175 -53.381231152145737 -41.229058966897341 -0.43064595504200459 -0.69332337003848055 -6.5723459405922178
leaf_weight=0.0012075176156146744 0.04489648471894625 0.25078050164557808 0.0022284548704947773 0.0011048342938196377 0.0043654195120552686 0.18617993443583802 0.021066920210496502 0.0010134288071509323 45.82278339317881 0.040929465703071766 0.20887511002271608 0.033404173960916661 0.1256907148727443 0.10048736632399868 0.099576167762278511 0.1396976321047898 0.20834349637590366 98.67528733191871 0.0010791590153709152 0.0011819241046859821 0.001131235503512385 0.033318609939123507 0.0010515212119148265 0.0014089497289048302 0.0034695849559376601 0.029493129612374425 0.0010097364310960718 0.0027383654827653615 0.0014072169982235895 0.24170707065683747 0.00101088701923404 1.0983220548182713 0.0011363609219140714 0.0025459938108677131 0.0014625000313482376 0.0049638080266217466 0.028495310637761118 0.00140895666581027 0.033501521720255487 14.63295364586344 1.9162123852576141 0.0015291048313628144 0.0018274221811047653 0.0011457490459899728 0.0067745653160531044 0.02765861488330627 134.16721034870164 0.26028008186349044 0.034712094886297083 0.0051047260983716133 0.0011459509761248452 0.0010668966573070754 0.0010497208465574297 0.0081562913837113227 0.0094822855040653693 4.3354237375987585 0.0012167693176551022 0.0018719366303351164 0.0012141127074849203 0.1314609795160559 12.697679106389318 0.068994248074267683
leaf_count=217 605 265 930 170 11 61 146 267 531812 564 53 223 143 262 15 35 40 4702 290 243 231 2742 180 313 126 3905 290 621 300 855 515 8425 398 572 889 10 80 376 788 19803 3108 193 197 191 1384 1301 42952 143 117 51 182 165 306 283 966 11032 725 284 50 18350 17310 9369
internal_value=-0.0524351 -0.07177 -0.0876361 -14.1778 -348.859 -3.63718 -23.7728 -236.092 -0.0779841 -0.199799 0.0831613 -0.197827 0.0588975 7.78006 0.0270146 0.682092 -2.93226 -0.191581 -0.366455 -0.589274 -21.0959 -14.938 -8.42143 -101.657 -0.227482 -0.222236 -2.16143 -8.63088 -217.149 -5.1801 -108.064 -0.707335 -15.9286 -67.9413 -9.74137 -29.5949 -0.562787 -0.551471 -10.0768 -0.54014 -1.64024 -60.0333 -476.733 -13.3898 -6.47225 -3.5221 0.0166397 -2.45902 -12.2024 -71.3392 0.0220193 -0.544744 -30.1944 -0.467988 -9.49548 -0.43521 -3.7002 -115.933 -1.1705 -0.803932 -0.461866 -0.261962
internal_weight=315.774 315.729 315.478 0.215959 0.00659387 0.209365 0.0231852 0.00211826 315.262 175.419 139.843 175.378 139.634 0.574219 139.06 0.473732 0.334034 175.345 76.6694 29.4506 0.0379895 0.0369103 0.0357791 0.00246047 47.2188 47.2104 1.38761 0.254648 0.00414558 0.250502 0.00879519 1.13296 0.034638 0.00368235 0.0309556 0.00843339 29.4126 29.3841 0.0349105 29.3492 1.94956 0.0333428 0.00335653 0.0299863 0.00778545 0.0288044 138.961 0.301304 0.0410243 0.00631224 138.659 4.49209 0.0115989 4.48049 0.0105492 4.47233 0.13691 0.00301789 0.133892 0.132678 27.3996 14.7019
internal_count=691132 690527 690262 1585 941 644 583 437 688677 612306 76371 611742 76318 480 75838 218 183 611519 606817 56715 3756 3466 3235 493 550102 549966 18154 3965 921 3044 2189 14189 5764 970 4794 136 52959 52879 1164 51715 5233 2125 390 1735 1899 1492 75823 528 385 268 75295 32343 1437 30906 1131 30623 19591 466 19125 19075 46482 29172
cat_boundaries=0 3
cat_threshold=12697600 1 140509442
is_linear=0
shrinkage=0.05


Tree=37
num_leaves=63
num_cat=2
split_feature=7 8 9 11 8 10 6 23 4 7 11 20 11 18 6 19 19 20 12 15 15 12 15 18 20 16 11 13 21 15 15 21 3 11 1 5 23 3 12 15 19 15 21 12 13 13 18 19 10 15 12 19 18 21 9 12 13 21 21 10 21 13
split_gain=122359 56054.3 11579.2 34917.2 6174.72 5877.4 85987.1 2357.18 66829.2 7993.04 1356.47 1647.53 1072.17 963.309 10645.6 635.244 1269.32 1393.64 18433.6 21355.9 1191.24 27271.4 193862 706.787 8302.97 94234.2 51412.3 180987 620.264 1456.02 590.782 570.245 1303.05 681.712 861.306 3406.12 510.9 503.301 472.221 572.855 1745.83 1977.38 459.694 6677.62 17150 1005.39 416.932 404.889 3504.98 939.557 398.002 1946.75 125345 518594 2385.74 5206.31 776.306 19557.8 550416 3685.78 73596.1 275577
threshold=37.083333969116218 44.250000000000007 62.166666030883796 -22.416666984558102 37.750000000000007 97.174999237060561 3.7083333730697636 0 23.050000190734867 22.562500000000004 18.083333015441898 -0.31799228489398951 6.2750000953674325 0.29012925922870642 2.2916666269302373 0.99892947077751171 0.99465191364288341 -0.2102246284484863 0.00039447884773835545 1.5979655385017397 1.8721059560775759 -0.0053675887174904338 1.6288444399833681 0.032701563090086053 0.19337368011474612 0.11666667088866235 1.0000000180025095e-35 0.074990753084421172 -0.40613879263401026 1.5103637576103213 1.9843428730964663 -0.19337245076894757 6.7500000000000009 0.77500000596046459 1.0000000180025095e-35 0.20416666567325595 1 13.050000190734865 -0.019895927980542179 9.3775491714477557 0.032701563090086018 12.192004203796388 -0.99052476882934559 0.008835774380713703 0.073514446616172804 0.13471842557191852 -0.84874749183654774 -0.99465191364288319 0.68333333730697643 0.26280787587165838 0.030019684694707397 0.99465191364288341 0.032701563090086053 -0.90161547064781178 1.1458333134651186 -1.0000000180025095e-35 0.16698833554983142 0.60383266210556041 0.75438815355300914 0.27500000596046453 -0.9852197766304015 0.2030318304896355
decision_type=8 8 8 10 8 8 2 9 2 8 10 2 10 2 2 2 2 2 10 2 2 8 2 2 2 2 8 2 2 2 2 2 2 10 8 2 9 2 10 2 2 2 2 10 2 2 2 2 10 2 8 2 2 2 10 10 2 2 2 10 2 2
left_child=1 2 4 -4 5 7 -7 10 9 12 13 -12 37 15 -15 16 31 18 19 -18 21 -17 -23 -19 -25 26 27 -26 29 -20 -21 32 33 34 -1 -36 -33 38 39 -9 -41 -42 43 45 -45 -16 -14 48 49 -38 51 56 54 -54 -53 -56 -40 59 -59 60 61 -58
right_child=-2 -3 3 -5 -6 6 -8 8 -10 -11 11 -13 46 14 42 20 17 23 28 30 -22 22 -24 24 25 -27 -28 -29 -30 -31 -32 36 -34 -35 35 -37 47 -39 50 40 41 -43 -44 44 -46 -47 -48 -49 -50 -51 -52 52 53 -55 55 -57 57 58 -60 -61 -62 -63
leaf_value=-0.25453631596940801 -50.171024703546379 35.344107006127608 29.003046645209281 -2.5320566333399608 -18.317109370896834 -241.79802912911819 -0.051322153376681348 0.0089184258005676441 -81.897188302796749 -10.337646033026779 1.1459744829743463 0.02930445789272923 -0.46332053253362704 -77.012262801472417 -0.50647104256048914 -0.48861378676619038 -256.43706759725876 -0.19422704456773474 -0.050452238694646129 -49.796666602621258 0.40158029262908318 -2.2002857547618344 384.12129497130718 -0.15040983820452347 -56.540246039271658 -1.0299609550267534 -27.530267265817415 -877.10335966123318 -0.58366158381186317 -20.568422144776022 -0.050002610906458828 0.17307573472739685 -4.7647443342395563 0.039273460720445297 -24.174944695337505 -0.95265203901235618 -49.520494881679589 -3.3902120674019351 -0.31721369638911923 -0.050445874952685071 -98.676916004066641 -17.420949502385145 -0.4394503243611485 -0.050092938111300084 -243.34071086140435 -27.019615333897299 0.0012668247017730996 -0.22826396246622732 -97.097124927759126 -0.050033477691634853 -0.19691878028720206 -0.17186005294715348 -950.70912489106092 -0.050000337374426995 -127.17979409161734 -0.050015151026851112 -928.01553693942446 -1188.9966222135931 -0.051281634777558142 -0.51375644768134199 -3.0347714906666816 -0.050079126390560551
leaf_weight=21.45924703080124 0.12172548022067431 0.11194006884841101 0.13591404445469379 0.24785361580393228 0.046274082915828241 0.0039297146309110942 0.057503330454069947 9.3262573438093845 0.025046996983234204 0.19474702956728052 6.1385384235502904 7.1510169783599427 5.3290257261269138 0.0045474112918720824 0.1002358109819346 0.33064491444861116 0.0015601239319972958 1.0336835446267778 0.021159295034858343 0.0010043292418046726 2.9183908706245973 0.023254783341945879 0.0037744807650489749 0.42981585425748686 0.0017702171799147482 0.051168796713544754 0.0018129134620817034 0.0010831724044678488 0.084718880694763202 0.01462131875885431 0.001470862736672377 76.331445147496666 0.14553213262652676 77.343214783837652 0.018577346664929911 0.10525114103870262 0.0010107032277595516 0.1351098524360016 27.770086779258371 0.011946832069642022 0.001013707296900191 0.0028642219979716143 7.3665820935030597 0.0024547864151713847 0.0010275772735049964 0.0037078970691161997 51.481991016531907 11.642881038519596 0.0010304232999107437 0.019048776092724821 17.518359415222633 0.56652486517913825 0.001788232980758378 0.0072533426768636028 0.0011790489208829084 0.0025407713253259622 0.0010237449158463771 0.001009296783493748 0.027396483896152637 7.3948243515020602 0.28680642574486875 0.0036615196216126661
leaf_count=32601 1210 104 221 149 146 220 756 49768 831 407 111 59 891 210 2034 226 180 896 85 61 814 399 64 182 298 79 10 226 359 219 380 15805 156 959 282 134 127 174 441155 197 149 133 54327 33 195 132 1662 27082 280 1185 8242 9660 789 4386 189 272 668 989 3306 14104 8812 159
internal_value=-0.0502077 -0.0319111 -0.043791 8.63632 -0.0537958 -0.0512572 -15.5152 -0.048403 -0.215401 -0.216301 0.0534706 0.545102 -0.199858 0.023396 -0.533336 0.0450826 0.0330991 -1.35022 -6.43524 -111.555 0.735364 3.45883 51.7473 -0.933417 -2.50674 -20.6457 -235.744 -368.033 -2.91497 -8.43487 -20.2351 0.0452551 -0.0370178 -0.0300627 -0.27853 -4.43657 0.137884 -0.341792 -0.335246 -0.00720975 -9.51229 -38.6616 -0.486804 -3.73398 -71.8404 -1.45225 -0.0423127 -0.129649 -7.16242 -2.54262 -0.392439 -0.487415 -3.36257 -188.07 -0.433921 -40.3456 -0.440478 -0.884182 -42.2962 -0.731139 -6.2459 -202.813
internal_weight=333.571 333.449 333.337 0.383768 332.953 332.907 0.061433 332.846 120.09 120.065 212.755 13.2896 119.871 199.466 7.47856 191.987 188.711 1.64387 0.124535 0.00403532 3.27607 0.357674 0.0270293 1.51933 0.485651 0.0558351 0.0046663 0.00285339 0.120499 0.0357806 0.00247519 187.067 99.0718 98.9263 21.5831 0.123828 87.9954 63.0596 62.9245 9.34208 0.0158248 0.00387793 7.47401 0.107426 0.00348236 0.103944 56.811 11.664 0.0210899 0.0200595 53.5825 36.0641 0.579286 0.00904158 0.570245 0.00371982 35.4848 7.71472 0.0284058 7.68632 0.291492 0.00468526
internal_count=689939 688729 688625 370 688255 688109 976 687133 546943 546112 140190 170 545705 140020 56931 83089 81586 2975 1284 621 1503 689 463 1691 795 613 534 524 663 304 441 78611 34132 33976 33017 416 44479 543152 542978 50247 479 282 56721 2394 228 2166 2553 28674 1592 1312 492731 484489 15296 5175 10121 461 469193 28038 4295 23743 9639 827
cat_boundaries=0 4 7
cat_threshold=2290335752 306188288 1281360640 1064 8437760 4194304 71303424
is_linear=0
shrinkage=0.05


Tree=38
num_leaves=63
num_cat=1
split_feature=7 8 9 12 0 1 23 11 8 7 19 15 15 12 15 20 10 8 11 21 19 15 18 15 14 19 21 19 13 12 7 12 11 19 18 14 14 20 21 19 3 13 14 14 19 14 12 11 18 13 19 20 14 7 14 13 18 19 9 13 18 11
split_gain=101292 2.75405e+06 157108 1.21254e+06 4716.24 2765.5 2120.83 899.417 1864.78 892.607 4050.83 68149.9 154789 177242 3375.38 1128.38 2351.4 905.968 899.499 833.401 20828.5 27226.6 1258.33 2639.14 761.778 3456.14 9950.78 747.414 713.43 36631.8 603.566 601.557 496.883 833.513 1528.1 7852.78 10878.3 495.048 6305.64 674.083 480.721 410.158 1304.17 5690.39 932.407 13630.4 744.291 515.77 421.516 16309.3 2641.64 6178.57 376.638 3313.26 4334.11 368.252 350.761 1286.56 3479.28 5365.65 311.876 443.068
threshold=32.291666030883796 48.250000000000007 60.583333969116218 0.035823347046971328 11.650000095367433 11.34999990463257 0 22.291666984558109 35.250000000000007 4.7916667461395273 0.99892947077751171 1.8574537038803103 1.6288444399833681 -0.0053675887174904338 0.54684114456176769 -0.8940606117248534 6.7750000953674325 33.250000000000007 11.854166507720949 0.92519181966781627 0.99892947077751171 1.9024569392204287 -0.99465191364288319 1.6896490454673769 0.055752867832779891 0.99465191364288341 -0.98212954401969899 -0.88144907355308522 0.017277100123465065 -0.030397615395486351 10.854166507720949 -0.026706115342676636 2.1458333730697636 -0.47114434838294977 -0.097964655607938753 0.013725490774959328 0.049337463453412063 -0.30163703858852381 -0.92272481322288502 -0.35206145048141474 4.4500000476837167 0.11194728687405588 0.096078433096408858 0.10000000149011613 0.99465191364288341 0.055752867832779891 -0.018886675126850602 -0.27500000596046442 0.98611506819725048 0.17306696623563769 0.09796465560793878 -0.53493988513946522 0.0098039219155907648 20.366666793823246 0.017647059634327892 0.71373298764228832 -0.93540480732917775 -1.0000000180025095e-35 4.5499999523162851 0.22308546304702762 -0.99465191364288319 0.88749998807907116
decision_type=8 8 10 10 2 10 9 10 10 10 2 2 2 8 2 2 8 8 8 2 2 2 2 2 2 2 2 2 2 10 10 10 8 2 2 2 2 2 2 2 2 2 2 2 2 2 8 10 2 2 2 2 2 10 2 2 2 2 10 2 2 10
left_child=2 -2 4 -4 5 6 7 8 19 10 32 12 14 -14 -12 16 -13 30 -19 24 22 -22 23 -21 27 37 -27 40 29 -29 -11 -24 41 34 35 -34 -37 38 -26 -40 -1 -8 44 -44 46 -46 47 -43 -48 50 -50 -52 -32 -54 -55 60 57 -35 59 -59 61 -30
right_child=1 -3 3 -5 -6 -7 9 -9 -10 17 11 15 13 -15 -16 -17 -18 18 -20 20 21 -23 31 -25 25 26 -28 28 55 -31 52 -33 33 56 -36 36 -38 -39 39 -41 -42 42 43 -45 45 -47 48 -49 49 -51 51 -53 53 54 -56 -57 -58 58 -60 -61 -62 -63
leaf_value=-0.39896700503942567 85.50652155350538 -876.93821256809645 -9.8021432938606914 491.55829151290231 1.3798316344216577 -5.4982298398306213 -0.20182172765705417 0.49815322825837338 3.3215252534831907 0.017472471001591768 -97.25425031799729 -0.050061644593190735 -0.050008072364462301 -777.11333740670318 -0.050008470157665574 -0.4422248557934384 -88.279492519447203 -0.7318641189958125 -4.836848645159705 -0.050000802176225018 -348.02842855822979 -0.050026371628652345 -31.553663168992244 -99.724695305380692 -112.64103631424287 -0.19017657522574186 -21.840031548611144 69.15707737281565 -0.23349141671956686 -0.22635637338286246 -0.092532171933329369 -0.62984857253493831 -2.3556645443625643 -0.91585875772970571 -1.6463726330206687 -107.10348881380332 -0.050230661693299032 -0.2385197686320388 -37.001713070075979 -1.1633495602358932 -4.1836138992084519 -11.556492463654941 -88.359054231641608 -0.050001429801466726 -0.05048292427390208 -182.94101160388072 -0.43961936929141454 -2.8976269679700697 -0.34377177330200293 -139.942808739757 -148.49424000225665 -0.050000458179333324 -0.36405164201637646 -0.32700796409471566 -11.56262938417826 -1.7263579747779205 -0.65112130747449981 -15.640854770117427 -0.050417102272393932 -128.93019912085376 0.050620802363956489 -2.075218246685743
leaf_weight=8.198930843900154 0.04675131121763243 0.0088380752131342888 0.082063483810716265 0.014137264604752398 5.8336045797561829 0.23308464628274705 25.384736151972433 10.160408148698023 0.42620106369235955 40.018180000386977 0.0010281876225962105 0.0022628085812775129 0.0013072302104682864 0.0016729653687351702 0.0067966787118069177 0.21009250508553684 0.0011334080397826414 0.42851948738096557 0.19380421567413531 0.0019644309793055998 0.0010058094965488043 0.0012742805950680047 0.0015871170885417554 0.0010032636686811676 0.0013322540550656644 0.19386846768041588 0.073082042425228422 0.019534603201692313 2.5535135008804217 0.72687676737623785 9.0370744675029577 0.17245980218666151 0.042014242777444116 0.057815954952912585 0.14903750359132564 0.0046698839256004657 0.0048246768163659522 5.1759992715722376 0.0013531172687422715 0.043251957459231306 0.084771422214701242 0.021545822379663654 0.0022647751326333116 0.0093772084059362895 0.014894167500797506 0.0010935474560907149 21.124289574070243 0.085222059848334988 0.16986985650062711 0.0021444998422096842 0.001010480436123526 0.0022885359321797934 9.4868378298330835 0.19254587681280336 0.15486631153653205 0.29433815010540243 1.6185831655762131 0.003206175714635994 0.0093540849861795013 0.0015506505574884987 208.62629662888784 0.37444414962522454
leaf_count=16258 292 1118 162 219 663 98 417279 73 25 2799 719 421 116 205 1588 2347 247 29 203 314 122 54 289 174 169 55 722 87 3049 1536 424 15291 102 192 210 209 76 16693 278 1455 68 268 226 1494 1598 525 114821 716 4388 829 286 499 1097 89 264 18 974 88 29 82 76171 103
internal_value=-0.0231862 -67.5112 -0.0125204 63.8757 -0.0299985 -0.0537813 -0.0501091 0.0363779 0.0173093 -0.2221 -0.400774 -7.1048 -129.614 -436.263 -12.8226 -0.904395 -29.4946 -0.112504 -2.01024 0.0110931 -3.39645 -153.553 -1.46232 -33.7462 0.0137921 -0.568059 -6.11718 0.0282512 0.0464068 1.5895 -0.0924499 -0.91184 -0.369904 -1.1645 -4.21222 -11.6364 -52.7042 -0.284383 -5.45202 -2.25052 -0.437697 -0.33781 -0.498863 -17.2292 -0.489771 -12.5601 -0.480756 -4.64499 -0.459883 -2.90148 -1.20438 -45.5181 -0.325549 -0.539678 -5.33552 0.0409699 -0.802947 -4.21951 -17.7554 -52.5714 0.0434288 -0.469022
internal_weight=351.798 0.0555894 351.742 0.0962007 351.646 345.812 345.579 237.133 226.973 108.446 48.9341 0.224294 0.0108051 0.0029802 0.00782487 0.213489 0.00339622 59.5118 0.622324 226.547 0.179295 0.00228009 0.177015 0.00296769 226.368 5.48889 0.266951 220.879 212.595 0.746411 58.8895 0.174047 48.7098 1.89106 0.200546 0.0515088 0.00949456 5.22194 0.0459373 0.0446051 8.2837 46.8187 21.434 0.011642 21.4224 0.0159877 21.4064 0.106768 21.2996 0.175313 0.173169 0.00329902 18.8713 9.83425 0.347412 211.849 1.69051 0.0719269 0.0141109 0.00475683 211.554 2.92796
internal_count=690995 1410 689585 381 689204 688541 688443 133004 132931 555439 550534 5643 2628 321 2307 3015 668 4905 232 132906 16244 176 16068 488 116662 19372 777 97290 80964 1623 4673 15580 544891 1962 597 387 285 18595 1902 1733 16326 542929 125650 1720 123930 2123 121807 984 120823 6002 5173 785 1874 1450 353 79341 1365 391 199 170 79323 3152
cat_boundaries=0 4
cat_threshold=2323710041 262145 1080296204 1024
is_linear=0
shrinkage=0.05


Tree=39
num_leaves=63
num_cat=0
split_feature=7 14 10 11 4 15 1 3 0 13 12 21 18 0 12 13 11 13 12 20 0 20 4 9 14 21 10 11 20 10 14 10 10 7 21 19 13 15 18 0 20 16 7 18 17 9 19 12 18 18 21 13 13 19 14 15 16 10 16 19 20 15
split_gain=158762 708173 74950 1.82678e+06 8278.88 320355 4152.29 21835.9 5754.01 3451.55 31770.4 32830.5 1924.51 4443.07 4412.33 37822.8 1701.93 1284.7 40057.9 105324 950.589 3331.92 3799.66 800.969 797.031 11041.7 681.519 626.904 950.15 2472.87 11100.1 651.312 806.077 6522.67 16624.1 2022.07 6784.13 621.462 2123.21 569.391 543.43 2984.27 2290.43 2242.38 587.563 537.788 375.305 367.379 2969.02 5398.14 53169.3 2554.06 299072 8599.52 38781.6 1061.56 873.873 791.81 447.441 185122 599625 2400.06
threshold=30.166666984558109 0.013725490774959328 97.174999237060561 0.22500000149011615 28.349999427795414 2.1661126613616948 21.800000190734867 16.94999980926514 11.900000095367433 0.0077383627649396667 -0.030397615395486351 0.93158200383186351 0.2269546836614609 3.0499999523162846 -0.036933876574039452 0.026566325686872009 27.125000000000004 0.015180757734924557 -0.030397615395486351 -0.10837695002555846 3.3500000238418584 -0.57780906558036793 6.3500001430511483 0.14583333581686023 0.092156864702701582 -0.94137725234031666 39.062500000000007 0.64583334326744091 -0.33425341546535486 60.062500000000007 0.045542273670434959 3.7749999761581425 5.7750000953674325 0.14583333581686023 1.0000000180025095e-35 -0.84874749183654774 0.10192378982901575 3.5441523790359502 -0.9103761315345763 0.94999998807907116 -0.45274443924427027 0.050000002607703216 1.0500000119209292 0.032701563090086053 0.11666667088866235 0.68333333730697643 0.99892947077751171 0.01151027111336589 -0.63405361771583546 -0.58216583728790272 -0.96687281131744374 0.17078352719545367 0.16537181288003924 0.99465191364288341 0.055752867832779891 -0.60798940062522877 0.11666667088866235 0.77500000596046459 1.0000000180025095e-35 0.99892947077751171 0.34235194325447088 3.5841071605682377
decision_type=10 2 8 10 2 2 10 2 2 2 10 2 2 2 8 2 8 2 8 2 2 2 2 8 2 2 8 10 2 10 2 8 10 8 2 2 2 2 2 2 2 2 8 2 2 8 2 8 2 2 2 2 2 2 2 2 2 8 2 2 2 2
left_child=2 -2 4 -4 6 -6 7 8 9 10 11 -1 16 14 15 -14 20 18 19 -16 24 22 -22 -17 27 -26 46 28 31 47 -31 -11 33 35 -35 36 -33 38 -37 -19 -34 42 43 44 -42 -29 -27 58 -49 50 -50 52 53 55 57 56 -51 -55 59 -30 -61 -62
right_child=1 -3 3 -5 5 -7 -8 -9 -10 12 -12 -13 13 -15 17 23 -18 39 -20 -21 21 -23 -24 -25 25 26 -28 45 29 30 -32 32 40 34 -36 37 -38 -39 -40 -41 41 -43 -44 -45 -46 -47 -48 48 49 51 -52 -53 -54 54 -56 -57 -58 -59 -60 60 61 -63
leaf_value=-378.06116874478471 -29.906696627788001 220.34703545153849 -1584.2215126698879 -5.3807251935919478 5.030986862905138 -297.18689900432906 2.2211632652170192 -40.439183674288778 10.175284491191038 0.056012815507108585 -0.049998386606615951 -0.050000940444522524 -302.26923403992458 6.4429835282926264 -523.9328066016684 -0.050112221101369675 -8.4341570970405026 -0.48865731164464443 -0.051791435460051549 -12.266503531105014 4.5925497195947234 0.035894805559909114 0.65217320414452851 -43.986760460981358 -145.40877821940794 -0.73529678798494902 -38.467887237775258 0.96721398969143868 -0.36741345732593833 -0.050105958933661099 -170.35272456038413 -0.050000378378903344 -0.22955864875649334 -198.10317725238178 -0.050153471956024265 -68.923636108703633 -149.91752392844887 -0.55059496496283011 -4.5764223261206807 -15.158340511274298 -9.5659408038097915 -0.56342256864375184 -97.531780601188302 -85.912063836934053 -49.474418447212834 0.039243656255850391 -11.966951111398529 -0.23380752612588487 -373.62439436054075 -50.776666057833935 -4.5692200545608932 -0.66861489503310689 -797.93947659520541 -0.050005352735670965 -342.51479050475592 -1.0111453426131771 -0.050013955074250861 -48.210953872870839 -0.34739453570390166 1398.8876501155332 -97.822164463043976 -0.050019809096755088
leaf_weight=0.0011904410030123521 0.082072180214210158 0.043123173405419921 0.0018937344047979662 0.056292975197383452 0.16684956852185676 0.0092550074734244203 2.0764884948731028 0.033413748351903361 0.13840363877511563 61.931871105477519 0.021238618236317397 0.0011099414916467282 0.0011580996333947534 0.23003439530847813 0.0013361757602134991 0.011721763863478396 0.059649288879312645 21.866218608304791 0.13995376066091508 0.0040672453835721061 0.92246412975962622 11.327511012657808 1.8166315048440003 0.0011379992543775344 0.0013759059016440192 0.069415404268416886 0.0012981674085921205 1.5734754341427863 1.3532365549948251 0.0051645804135742488 0.0011743793270490126 0.0030755491305557371 17.39290070091403 0.0015147290473548364 0.0035257435545446832 0.001451932923539445 0.0010008633560807723 0.1863398411955465 0.010950270255764933 0.0066166906431303065 0.010440901541938337 0.090345872457608833 0.0010250080223495059 0.0011646587835291216 0.0010116454563879771 201.58806175084175 0.0083302320787517203 3.1488837968397925 0.0010707371993582031 0.0019713506830042788 0.011021972648002126 0.32480195917862609 0.0011906410976376394 0.004795808078096998 0.0010220028748069163 0.20395237021419654 0.0014912728792972848 0.0010381854300296339 19.568507577719608 0.0010007593926681688 0.0010227860649313992 0.0016247781172293468
leaf_count=99 162 504 1746 117 394 727 19 224 26 105057 2025 187 105 203 111 416 74 282584 6802 87 89 272 84 230 414 4548 10 137 21902 400 383 785 34139 377 164 656 524 2140 1756 276 1077 861 78 170 225 8595 267 25939 358 90 1159 1851 376 1310 1065 11095 121 416 163783 159 254 52
internal_value=-0.00270317 56.2925 -0.0230489 -56.7654 -0.0135162 -10.8518 -0.00800253 -0.0214547 -0.0175295 -0.0216314 -19.1672 -195.67 -0.0203209 -0.469907 -0.542083 -28.5851 0.0107973 -0.52423 -5.20928 -138.793 0.0123638 0.414302 1.9792 -3.9382 -0.00602224 -4.98304 -2.53867 -0.00472032 -0.104384 -0.375769 -31.601 -0.0204404 -0.287877 -3.38323 -59.5677 -1.98692 -36.8463 -1.27192 -12.1096 -0.493095 -0.251105 -3.85486 -25.6525 -19.8131 -13.0912 0.0464307 -1.93874 -0.367732 -0.826917 -4.20812 -37.2469 -3.46862 -7.68954 -3.29835 -58.3931 -1.47723 -28.9299 -8.62046 -0.286512 0.591517 356.278 -37.8206
internal_weight=346.531 0.125195 346.406 0.0581867 346.348 0.176105 346.172 344.095 344.062 343.924 0.023539 0.00230038 343.9 22.2622 22.0322 0.0140179 321.638 22.0182 0.145357 0.00540342 321.578 14.0666 2.7391 0.0128598 307.512 0.0804197 0.0790438 307.431 104.27 24.633 0.00633896 79.6366 17.7047 0.207859 0.00504047 0.202818 0.00407641 0.198742 0.0124022 21.8728 17.4969 0.103988 0.0136422 0.0126172 0.0114525 203.162 0.0777456 24.6266 3.70124 0.552356 0.0120927 0.540264 0.215462 0.214271 0.006856 0.207415 0.00346262 0.00583399 20.9254 1.35688 0.00364832 0.00264756
internal_count=690256 666 689590 1863 687727 1121 686606 686587 686363 686337 2311 286 684026 290814 290611 751 393212 289860 7000 198 393138 445 173 646 392693 5239 4825 387454 378722 230713 783 148009 42952 6402 541 5861 1309 4552 2412 282860 36550 2411 1550 1472 1302 8732 4815 229930 43780 17841 1517 16324 14473 14097 2791 11306 211 1726 186150 22367 465 306
is_linear=0
shrinkage=0.05


Tree=40
num_leaves=63
num_cat=1
split_feature=8 15 11 4 15 21 19 13 4 23 19 13 21 13 18 14 19 15 20 11 0 14 13 5 13 18 14 9 18 14 10 19 6 13 19 8 11 21 6 7 19 8 21 18 18 13 19 15 20 21 13 14 5 5 21 11 16 21 21 19 19 13
split_gain=132847 2.08952e+06 45556.3 38087.3 1.01748e+06 17091.3 602946 3.28105e+06 3238.8 2708.27 3315.22 102900 2.4385e+06 1901.09 9232.71 4350.95 2216.59 1957.67 1486.44 2627.45 4754.73 1244.06 1150.35 1078.66 935.496 2400.42 5287.21 888.909 793.105 765.368 2390.06 139075 3902.06 2045.39 6250.17 1088.06 699.9 691.677 577.227 8233.91 557.983 494.716 424.649 729.413 22215.3 42829.2 422.066 561.489 348.413 1095.6 5726.87 1018.97 1421.87 535.027 2094.58 505.534 406.183 19926 324556 417376 3131.45 18293.3
threshold=40.250000000000007 4.4526498317718515 27.125000000000004 22.399999618530277 7.8308928012847909 0.94066718220710765 0.99892947077751171 0.026566325686872009 3.5499999523162846 0 0.99892947077751171 0.17602155357599261 -0.94703993201255787 0.017277100123465065 -0.9103761315345763 0.025490196421742443 0.98611506819725048 1.1292980313301089 -0.99467751383781422 17.050000190734867 1.9499999880790713 0.036731028929352767 0.088991168886423125 9.0374999046325701 0.015476725529879333 0.93540480732917797 0.013725490774959328 0.14583333581686023 -0.68322628736495961 0.055752867832779891 0.35416667163372045 0.99465191364288341 64.291667938232436 0.13655198365449908 0.35206145048141485 31.750000000000004 15.083333492279055 0.91852787137031566 20.541666984558109 21.583333015441898 -0.88144907355308522 30.250000000000004 1.0000000180025095e-35 0.09796465560793878 0.29012925922870642 0.15667565166950229 -0.98611506819725026 2.0969800949096684 0.69056403636932384 0.67007490992546093 0.040362561121582992 0.017647059634327892 0.087500002235174193 1.3666666746139529 0.13185577094554904 12.291666507720949 0.083333335816860213 -0.99273797869682301 -0.99983122944831837 -0.63405361771583546 0.99465191364288341 0.28653348982334143
decision_type=10 2 8 2 2 2 2 2 2 9 2 2 2 2 2 2 2 2 2 8 2 2 2 2 2 2 2 8 2 2 10 2 2 2 2 10 8 2 2 8 2 10 2 2 2 2 2 2 2 2 2 2 2 2 2 10 2 2 2 2 2 2
left_child=2 -2 3 5 -5 9 8 -8 27 18 13 12 -12 14 15 -11 24 -17 19 20 42 22 -14 38 -16 28 -27 -7 -26 35 31 32 -31 46 -35 40 -32 -30 -15 41 -20 -40 -1 -44 45 -45 47 -34 53 55 -51 52 -52 56 -55 -50 -42 58 59 -58 -59 -62
right_child=1 -3 -4 4 -6 6 7 -9 -10 10 11 -13 21 23 16 17 -18 -19 29 -21 -22 -23 -24 -25 25 26 -28 -29 37 30 36 -33 33 34 -36 -37 -38 -39 39 -41 48 -43 43 44 -46 -47 -48 -49 49 50 51 -53 -54 54 -56 -57 57 60 -60 -61 61 -63
leaf_value=-0.61200952095852756 441.49728609622946 -338.22690462487515 -26.761276952920753 -9.305154164725959 353.61617721585696 -0.22682267997948796 -70.557466595304589 -2549.7338981074849 -81.725924153046392 -164.19890757654605 -2194.0720408516095 -0.097226937489595058 -62.995850401847079 0.0096345428205657953 -0.050000709216223432 -95.072885358579185 -62.683477624294724 -0.050000758132925704 -0.32732383224086181 2.219387371213982 4.5046788516736553 -0.050656088448053672 -0.050004505129433302 -11.182022153871392 -48.149749719648483 -145.15667756948071 -0.050000424796352611 -44.936575465046445 -0.050000540558713308 -99.973306447537325 -0.25928514880858705 -393.4549120671129 -0.050000747517259705 -139.51172285309565 -0.050047794697719986 4.0505458539009203 -5.5631361927651861 -37.692523454132321 -0.33211894591045599 -11.335579358236849 0.031443900899477982 0.043030738153693848 0.14711498907301887 -2.2094797866312579 -0.27597709905379619 109.86225077198316 -0.05824303376954601 -49.486596658625011 -0.3446449714705882 -111.69377645742 -66.076461069439787 -0.050657029456297908 -0.050088434077366052 -0.4194376471559001 4.5066505314978462 -9.1971268082368081 -9.5906687014705838 0.088215255236843412 -0.38719371065439667 645.83049669272316 18.635008562488057 -0.072205889517222815
leaf_weight=1.6921927312333327 0.019481415618434403 0.015371985900338406 0.15918256004221021 0.24997199251952948 0.020929639660838301 0.56148692514039211 0.012764679223317112 0.0014903808321659372 0.0012243510175955477 0.0012184059233737322 0.0013217734181670193 0.94486422910055334 0.0015886671353011871 20.134051106687608 0.059767970286431202 0.0010523780712507315 0.0015965902689750724 0.0011177025498962934 9.2612863847538147 1.9795790910893725 0.64753677912938457 0.029496805233034051 0.0013364088732476737 0.02246010724037617 0.0010395064653842085 0.0010337222445120414 0.0015984780310763131 0.0011139188051477724 0.015018722626688873 0.0010007675377502181 7.0536601750399921 0.0022873845081620705 0.0013291927107911819 0.0010755639411727542 0.0031746736707730623 0.17036106691048658 0.062753797793839605 0.0013282850448955294 51.710335275218213 0.16851653551231649 170.67099454254722 10.587185813906279 14.71987488005054 0.022712615083390154 0.66880099740253995 0.013647163569584973 0.20381844993011505 0.0010113964984890533 2.8217631998072212 0.0013435566610163997 0.0015144891853309172 0.016710292689646949 0.0017664222942799235 0.63617794468428501 0.32655963733750182 0.016219937726558498 0.0051880669069427144 56.944317072770119 0.14949938568063537 0.0045674087079578185 0.15603412518693949 0.80428121439641964
leaf_count=2509 258 360 1086 1565 494 74431 214 511 303 107 508 169 1282 5644 5788 100 410 114 18353 10 11 2177 668 79 95 156 248 392 1951 375 6457 688 327 839 695 62 33 147 454041 331 49572 73 1347 122 1075 18 13026 202 23011 322 304 588 11 124 23 11 17 15307 843 109 454 19
internal_value=-0.00935006 97.6023 -0.0189671 -0.00692827 18.7339 -0.0212971 -8.61159 -329.758 -0.492129 -0.00721947 -0.239456 -3.1612 -88.9562 -0.233837 -7.71765 -88.5851 -4.35064 -46.1312 0.0712633 0.491524 0.298984 -3.13493 -34.2371 -0.226159 -3.18336 -12.5383 -57.0365 -0.315346 -5.80158 0.0408398 -0.46251 -5.67266 -1.47699 -1.00851 -35.3422 0.0560869 -0.306055 -3.10866 -0.22318 -0.29822 0.0532728 -0.268364 0.139884 0.22237 1.79328 39.8552 -0.300681 -21.4121 0.0684296 -0.4801 -11.7683 -5.05257 -30.5283 0.0752577 1.25149 -0.39524 0.070307 0.18454 17.8464 297.27 0.135965 2.96738
internal_weight=353.792 0.0348534 353.757 353.598 0.270902 353.327 0.57808 0.0142551 0.563825 352.749 83.6859 0.978608 0.0337437 82.7073 0.0847718 0.00338849 0.0813833 0.00217008 269.063 19.7443 17.7648 0.0324219 0.00292508 82.6225 0.0797867 0.0200187 0.0026322 0.562601 0.0173865 249.319 7.33011 0.213697 0.21141 0.210409 0.00425024 241.989 7.11641 0.016347 82.6001 62.466 241.818 62.2975 17.1172 15.425 0.705161 0.0363598 0.206159 0.00234059 232.557 2.85932 0.0213348 0.0199912 0.00328091 229.698 0.962738 2.83798 228.735 58.0639 0.159255 0.00975548 57.9046 0.960315
internal_count=690566 618 689948 688862 2059 686803 75851 725 75126 610952 474088 4804 4635 469284 9116 321 8795 214 136864 5092 5082 4127 1950 460168 8385 2597 404 74823 2193 131772 22642 16152 15464 15089 1534 109130 6490 2098 460089 454445 109068 454114 5071 2562 1215 140 13555 529 90715 24247 1225 903 315 66468 147 23022 66321 16749 969 126 15780 473
cat_boundaries=0 4
cat_threshold=2287059520 268443649 1214579464 1025
is_linear=0
shrinkage=0.05


Tree=41
num_leaves=63
num_cat=1
split_feature=8 7 9 4 6 0 4 4 15 12 21 8 18 13 21 19 12 23 12 21 12 21 19 21 13 18 21 19 12 21 21 18 18 21 19 13 21 12 13 21 12 13 15 19 12 15 18 17 14 18 21 6 18 21 13 12 16 14 15 10 10 15
split_gain=910256 173792 3.1112e+06 48302.1 150083 36155.8 19134.5 155895 573658 12157.3 29759.9 2650.17 2644.88 6029.7 36290.9 9686 44301.9 1644.53 1480.53 142087 749493 1483.13 13702.8 1427.79 10054.2 1862.8 813.187 142145 845.292 1781.2 12739.3 15005.4 9033.55 28039.1 41080.1 3766.66 10575.3 1172.79 216422 641961 1536.51 5053.76 871.223 831.48 1172.02 794.579 779.669 13674.8 910.182 735.242 14331.2 721.318 645.807 17198 121698 2054.65 3055.25 822.03 7901.5 788.012 7779.61 1462.23
threshold=40.750000000000007 30.583333015441898 31.125000000000004 37.000000000000007 19.541666984558109 11.900000095367433 22.399999618530277 26.650000572204593 5.6949999332427987 0.032172435894608505 0.7074720859527589 0.75000000000000011 -0.41248606145381922 0.017277100123465065 -0.38243420422077173 -0.22695468366146085 -0.028309604153037068 0 -0.030397615395486351 0.84199059009552013 -0.031836334615945809 0.99958848953247081 0.97335553169250499 -0.99938741326332081 0.14421720057725909 -0.77259656786918629 0.93769648671150219 0.99465191364288341 0.0078970110043883341 -0.94137725234031666 -0.95242238044738758 0.032701563090086053 0.29012925922870642 -0.99983122944831837 0.47114434838294988 0.13732974231243136 -0.99628248810768116 0.0072912515606731185 0.058037718757987029 -0.78324955701827992 0.0074404722545295962 0.098076213151216521 3.0014835596084599 0.99892947077751171 0.015219210647046568 2.0807846784591679 0.29012925922870642 0.050000002607703216 0.056927841156721122 0.99892947077751171 -0.99052476882934559 1.7083333134651186 0.63405361771583568 -0.6258755326271056 0.11346651986241342 0.024171720258891586 0.050000002607703216 0.06862745434045793 8.8005232810974139 17.550000190734867 24.354166984558109 12.192004203796388
decision_type=10 8 8 2 2 2 2 2 2 10 2 8 2 2 2 2 10 9 10 2 10 2 2 2 2 2 2 2 8 2 2 2 2 2 2 2 2 8 2 2 8 2 2 2 10 2 2 2 2 2 2 2 2 2 2 8 2 2 2 8 10 2
left_child=1 3 -3 5 -5 6 11 8 51 10 -9 12 13 14 -1 16 -16 -13 19 -14 45 26 -23 24 25 -15 28 -28 37 30 32 -32 35 34 -34 43 -37 49 39 -39 41 -40 -35 -30 -45 -21 -42 -48 -49 -20 -51 -8 57 54 -54 -55 -57 59 -59 -31 -61 -62
right_child=-2 2 -4 4 -6 -7 7 9 -10 -11 -12 17 18 23 15 -17 -18 -19 21 20 -22 22 -24 -25 -26 -27 27 -29 29 52 31 -33 33 42 -36 36 -38 38 40 -41 46 -43 -44 44 -46 -47 47 48 -50 50 -52 -53 53 55 -56 56 -58 58 -60 60 61 -63
leaf_value=-224.7651013490499 279.03810889295301 -0.92395260447425531 -1711.1133863482457 -230.81706158766193 -1.5823148434369472 16.976644375504772 -21.288627181891258 -44.894658290444681 -557.56687651360744 13.679198803839625 -0.49512731120731845 0.08238484121290951 -0.73188023992084694 -8.4667097092076684 -348.29661332241176 -2.6116643295198934 -0.050000682783096911 -0.24715170195297487 -0.55229175531938868 -50.032257345902977 1486.928873435038 -3.4775165404055843 -190.46173224394798 -0.024631047460025132 -27.734267756395653 -0.43838451597257033 -0.65977372152445823 -511.76544089891149 -1.2163528392895879 -0.61508436694058854 -30.181277642659314 -230.56704511788496 -0.050020578306874897 -0.050020438690103856 -439.41986529962287 -181.70789211988335 -10.220833310196877 1431.5004267333773 -0.050001460730307284 -0.05000089755131748 -0.24143346128403637 -111.43836457256428 -50.043152591159192 -19.657308987922001 -1.9905010470153197 -0.050035540228474042 -181.30766780552833 -0.050845943809189713 -47.351918495620126 -189.36580950197876 -0.050000325018289597 -3.444166249227874 -0.050002866645027011 -0.99879066270954686 -582.79768766189966 -0.05003446258587501 -87.441840349113292 -0.050001424507129758 -146.73517505256552 -106.43813692977915 -0.83009131266063185 -28.320671861755052
leaf_weight=0.0020025314647286177 0.029212877180383567 0.051186859607569413 0.0028051088828089368 0.0093126995511709984 0.030607588632849049 0.31127608474895296 0.0093724643843040561 0.044505420477454649 0.0060077269591019581 0.091009482741355896 0.24831482768058777 213.3048864545847 0.52114075705862606 0.077264296318639736 0.0011486111315520903 0.058596075255739129 0.0044567687883465806 35.788483976734966 31.250989781720268 0.0010003549926057274 0.0010087567645762786 0.014587823440505271 0.0010503554490182967 60.684287985115787 0.036124088152176603 1.1140067460666632 0.24488027992044645 0.0013679477781321217 0.45173428282406114 4.4085436490529055 0.0033111321736922126 0.0013014222074757081 0.001107022707587285 0.0067735341221601105 0.0010241940880862776 0.0011009706442287048 0.0049012869746379853 0.001047814992490792 0.0041785056205509629 0.0031002394351747333 0.51214758476117672 0.0013464210334216469 0.0010001369704998736 0.01522287603066276 0.024490840058180072 0.0038761436464916769 0.001103401597628134 0.02685695616061649 0.0010570395835235993 0.0010564358085867189 0.018597463361165967 0.014309441612438354 0.0068992513392725835 0.39794591825991815 0.0010296051151908675 0.0023964479791225299 0.001716407458065004 0.0089817750942860139 0.001022598228928342 0.0018789931263218018 0.056796981239757773 0.0052874536716973055
leaf_count=351 587 4 960 734 26 250 20 544 156 13 33 5482 5604 796 131 659 630 15550 272819 267 222 3376 290 235345 905 780 43323 2207 2784 37178 295 480 35 2297 94 399 1184 236 813 625 1445 545 628 169 100 154 363 1838 405 305 4703 310 2271 29823 1818 1165 1606 2819 473 637 923 108
internal_value=-0.0532432 -0.076544 -89.7755 -0.0627009 -55.0587 -0.0564248 -0.071595 -10.8207 -121.205 -2.28243 -7.24336 -0.0588618 -0.276301 -0.0749064 -15.1564 -8.61839 -71.41 0.028424 -0.604646 2.02702 246.328 -0.641644 -16.0365 -0.0587794 -1.74713 -0.959091 -0.635219 -3.49905 -0.616275 -1.19442 -4.00045 -86.7197 -3.24842 -50.5301 -211.197 -2.30698 -41.676 -0.518085 1.76897 361.565 -0.961011 -27.1953 -6.48199 -1.82615 -8.76246 -10.3033 -0.693177 -8.6663 -1.84203 -0.558372 -10.2261 -10.5064 -0.900783 -2.80025 -75.723 -1.36217 -36.521 -0.727051 -15.0434 -0.695027 -6.20491 -3.17134
internal_weight=349.934 349.905 0.053992 349.851 0.0399203 349.811 349.5 0.413519 0.0296896 0.38383 0.29282 349.086 99.9927 61.9779 0.066204 0.0642015 0.00560538 249.093 38.0149 0.527026 0.00588526 37.4878 0.0156382 61.9117 1.2274 1.19127 37.4722 0.246248 37.2259 5.40447 0.511968 0.00461255 0.507355 0.00990489 0.00213122 0.49745 0.00600226 31.8215 0.550838 0.00414805 0.54669 0.00552493 0.00777367 0.491448 0.0397137 0.0048765 0.541165 0.0290174 0.027914 31.2706 0.0196539 0.0236819 4.8925 0.409988 0.00792886 0.402059 0.00411286 4.48251 0.0100044 4.47251 0.0639634 0.0620844
internal_count=691092 690505 964 689541 760 688781 688531 1076 486 590 577 687455 666423 239597 1771 1420 761 21032 426826 6247 643 420579 3666 237826 2481 1576 416913 45530 371383 87286 8465 775 7690 3054 129 4636 1583 284097 6270 861 5409 1358 2925 3053 269 421 4051 2606 2243 277827 5008 330 78821 36683 4089 32594 2771 42138 3292 38846 1668 1031
cat_boundaries=0 4
cat_threshold=2297479248 2360369 1281360392 3
is_linear=0
shrinkage=0.05


Tree=42
num_leaves=63
num_cat=1
split_feature=3 21 12 7 19 18 21 16 15 0 21 12 14 20 13 10 21 12 12 4 4 12 13 21 12 21 12 13 12 7 9 10 15 12 19 10 18 14 12 13 15 23 7 3 8 4 8 8 4 12 21 21 15 16 21 8 14 12 13 21 14 18
split_gain=504027 162398 1.54094e+07 74049.5 25176 12330 434072 421979 278482 192845 152365 797195 100773 320355 35265 17185.5 102459 1.34865e+06 3.40901e+06 8572.62 7231.74 7200.85 244144 6478.07 483998 3860 108171 4049.8 31700.3 3680.38 2740.58 2710.02 47101.8 152399 18764.5 6940.72 17683.5 3711.72 11786.9 2461.33 48871.8 2338.17 16847 5139.72 4045.04 2284.74 1900.44 1754 3681.84 2325.69 189770 1840.26 2093.89 1528.33 2354.79 1338.74 1307.01 38079.2 309161 1101.43 1429.93 54875.8
threshold=17.250000000000004 0.98630350828170787 -0.028309604153037068 30.583333015441898 0.98611506819725048 0.58216583728790294 -0.99938741326332081 0.050000002607703216 2.017192125320435 3.0499999523162846 -0.99052476882934559 0.0072912515606731185 0.13137255609035495 0.2603727281093598 0.053132651373744018 1.0000000180025095e-35 -0.78324955701827992 0.0072912515606731185 0.008835774380713703 3.1499999761581425 46.000000000000007 -0.027419994585216042 0.04256099462509156 0.94636487960815441 -0.026047908701002594 0.92191100120544445 -0.024899998679757115 0.011607544030994179 -0.030397615395486351 20.366666793823246 44.083333969116218 1.6458333134651186 1.2538196444511416 0.0072912515606731185 -0.68322628736495961 1.1458333134651186 0.81241145730018627 0.055752867832779891 0.0039960474241524943 0.15280646830797198 2.6389087438583378 0 23.774999618530277 11.84999990463257 32.250000000000007 1.6500000357627871 4.2500000000000009 1.2500000000000002 21.849999427795414 -0.030397615395486351 0.75438815355300914 -0.98212954401969899 2.5172207355499272 1.0000000180025095e-35 -0.53495380282402027 55.750000000000007 0.076470591127872481 0.0057684399653226146 0.058037718757987029 -0.99273797869682301 0.06862745434045793 -1.0000000180025095e-35
decision_type=2 2 10 8 2 2 2 2 2 2 2 10 2 2 2 8 2 8 10 2 2 8 2 2 10 2 10 2 8 10 10 8 2 10 2 10 2 2 8 2 2 9 8 2 8 2 8 10 2 10 2 2 2 2 2 10 2 8 2 2 2 2
left_child=1 3 -3 5 45 20 7 14 -9 10 11 -8 15 -14 -7 16 17 -12 -19 25 23 22 -17 41 -25 27 -27 28 -18 30 31 32 33 -23 -34 37 -37 -36 -39 -29 -41 43 44 55 47 -4 -24 48 49 50 51 52 -43 54 -53 59 -51 -58 -59 -1 -61 -62
right_child=-2 2 4 -5 -6 6 9 8 -10 -11 12 -13 13 -15 -16 21 19 18 -20 -21 -22 29 46 24 -26 26 -28 39 -30 -31 -32 -33 34 -35 35 36 -38 38 -40 40 -42 42 -44 -45 -46 -47 -48 -49 -50 56 -52 53 -54 -55 -56 -57 57 58 -60 60 61 -63
leaf_value=-0.58700262556211003 75.428812448350399 -5601.2508027789136 -0.42803924037404989 -40.913126663172122 -184.67605791221393 -335.31801939199477 -0.050019721392381158 -1519.4683576408788 -480.56722029188353 329.42737817288457 -1.358844885975679 -952.43353264348298 -1005.2596679571038 -0.050000168624996955 -0.050013186935505438 -699.67060659636172 -258.77294539568373 -3485.0486267506567 -0.050000204989680663 -149.53880624361497 12.351466384009308 -7.2987917377125555 -0.051245404867242675 -845.64312801131462 -0.40377867813025176 -514.27774725632685 -0.050000170686264694 -0.36645375536623775 -0.050000393525045206 -19.912371350896652 -28.768890792061473 -0.51738619827860599 -160.27925132421686 -504.86248266267353 -0.94655928541115208 -249.18846009899318 -0.050000158193648184 -0.050000175542256213 -195.9032107201954 -322.49987876114966 -1.8043469257225748 -0.050000364925883028 -32.909361228881394 9.6874093249935438 -15.947222566498358 -58.662538675972513 -49.563214797182198 -0.077347178327548491 -37.795990946939014 -0.44565400791684673 -437.45043864323657 -0.050000545597817414 -99.971404011103573 -0.26755010830686199 -97.943462131564715 1.2570164019623693 -0.29893743048105864 -917.8434420445501 -5.5823958460230472 0.063358278778464713 -0.6379973878988735 -175.61824892366147
leaf_weight=6.7743105404385906 0.22094984899052761 0.0012408053639514352 0.13159738238378146 0.11105846869764846 0.0018957237399688512 0.0010439409358544063 0.013484482029329047 0.001053034533150875 0.0016648727285070906 0.0044020040470468249 0.038202609672256513 0.0026249930370723209 0.001044558198806487 0.0032860510847951396 0.0031539390992239916 0.0012864115092552494 0.0013527988065046796 0.0010043045564965816 0.002329053251078364 0.001003417263566341 0.11794798076152702 0.0068974902450952358 0.047986303329731243 0.0017147726884982608 0.13750100227798825 0.0010695649996696885 0.02333033064980046 0.39871009258871881 0.0094856651270977047 0.02505043511283922 0.0087051193880406386 10.358054197826204 0.0018723173062377132 0.0019809336143207157 0.55846038601279868 0.0010034580772404571 0.0024541967443905042 0.0031011447586785511 0.001021162415825129 0.0012405030162407236 0.028062550620554582 0.0011011960821443612 0.03944061092666018 0.13850108828424268 0.040893377288965804 0.0017061217291401967 0.0020196650091716178 70.038633902489906 0.0066232788215775376 32.201111877620534 0.0025148580931279021 0.0015410320581845344 0.0010007865813985274 0.2566977917723271 0.001021518682700204 2.2873671054840079 0.26766993629281616 0.0010350912926739 0.0090376780666678053 244.37635375215743 0.26875814678686588 0.004556633331530612
leaf_count=4662 1272 635 33718 1224 1643 188 5861 675 493 133 13139 876 548 1720 878 720 70 524 1448 640 68 3094 1507 493 24635 349 13438 79445 1788 76 78 45813 1752 1063 11049 765 1863 1377 600 2755 2270 281 274 89 87 223 29 9805 365 294721 233 333 322 4470 276 2 5543 337 3453 100526 2332 1984
internal_value=-0.0665076 -0.11174 -54.6509 -0.0915539 -3.74639 -0.0792522 -1.68657 -397.691 -883.082 -1.44947 -1.57561 -155.238 -1.36092 -242.51 -83.4254 -1.27031 -10.2823 -85.5181 -1050.04 -3.5511 -0.0272137 -0.85668 -19.5472 -0.031305 -10.8149 -3.23489 -22.5911 -2.1587 -32.3424 -0.769277 -0.725457 -0.703132 -4.03877 -118.314 -2.25226 -1.72955 -72.3533 -1.29549 -48.566 -1.39436 -15.3805 -0.0270965 -0.216339 0.0559106 -0.224838 -1.17337 -2.05096 -0.218583 -0.520635 -0.513094 -5.18817 -1.02889 -47.6241 -0.651113 -39.0736 0.0528565 -0.475111 -3.89036 -99.3276 0.0419015 0.0593157 -3.55522
internal_weight=369.001 368.78 0.13644 368.644 0.135199 368.533 11.5574 0.00691579 0.00271791 11.5505 11.5461 0.0161095 11.53 0.00433061 0.00419788 11.5257 0.505791 0.041536 0.00333336 0.464255 356.975 11.0199 0.0512924 356.857 0.139216 0.463252 0.0243999 0.438852 0.0108385 10.9686 10.9436 10.9348 0.576791 0.00887842 0.567913 0.56604 0.00345765 0.562583 0.00412231 0.428013 0.0293031 356.718 102.868 253.85 102.829 0.133304 0.050006 102.788 32.7494 32.7427 0.263877 0.261362 0.00210198 0.25926 0.00256255 253.711 32.4789 0.277743 0.0100728 251.424 244.65 0.273315
internal_count=691030 689758 36219 653539 35584 652315 197024 2234 1168 194790 194657 6737 187920 2268 1066 185652 115866 15111 1972 100755 455291 69786 2256 455223 25128 100115 13787 86328 1858 67530 67454 67376 21563 4157 17406 15654 2628 13026 1977 84470 5025 430095 320500 109595 320226 33941 1536 320139 310334 309969 5915 5682 603 5079 609 109506 304054 9333 3790 109504 104842 4316
cat_boundaries=0 4
cat_threshold=2297004160 3255566338 1282673152 1186
is_linear=0
shrinkage=0.05


Tree=43
num_leaves=63
num_cat=1
split_feature=3 1 8 9 13 18 19 21 19 12 21 12 4 8 14 12 18 21 12 12 5 16 15 14 12 21 12 13 12 13 9 11 11 8 4 6 21 12 14 19 19 4 12 12 0 19 23 11 8 21 19 13 10 13 14 14 21 16 19 18 13 13
split_gain=3.42252e+06 9.24258e+07 1.58907e+06 72077.9 14094.6 694342 1.84751e+06 20210.2 28298.9 10455.7 8850.42 1.0528e+06 5857.46 5273.63 8855.04 329107 5573.53 486312 1.46617e+06 2.79153e+06 321767 166079 229037 110854 507152 11692.1 66666.2 8544.48 15543.9 5332.36 3645.99 15789.6 43523.7 3758.75 3416.44 114710 9836.84 60450.6 2685.25 6207.3 2236.05 2075.78 2510.3 1888.87 1657.45 1585.53 1487.85 18609.9 53324.8 1403.18 11442.5 1127.84 7363.87 25544.4 83761.7 1024.5 922.692 13597.1 51589.9 3736.8 19911.9 3425.53
threshold=13.250000000000002 1.0000000180025095e-35 5.7500000000000009 62.166666030883796 0.0095819463022053259 0.84874749183654796 0.41248606145381933 0.95936280488967907 0.72947329282760631 -0.021348516456782814 0.92191100120544445 -0.025456356815993782 46.000000000000007 0.75000000000000011 0.096078433096408858 0.0072912515606731185 0.29012925922870642 -0.99052476882934559 0.0072912515606731185 0.0085263410583138483 2.154166698455811 0.083333335816860213 1.7050862312316897 0.084313727915287032 0.0056383132468909034 -0.95752304792404164 0.0072912515606731185 0.011607544030994179 -0.020278330892324444 0.0696452632546425 43.125000000000007 -23.366666793823239 2.5499999523162846 37.750000000000007 5.9500000476837167 15.791666507720949 -0.90892156958580006 0.0072912515606731185 0.076470591127872481 0.72947329282760631 0.58216583728790294 21.94999980926514 -1.0000000180025095e-35 -0.0040936574805527917 3.0499999523162846 0.47114434838294988 0 19.550000190734867 22.250000000000004 0.99958848953247081 0.72947329282760631 0.28463919460773474 1.6458333134651186 0.36152423918247228 0.013725490774959328 0.11176470667123796 -0.73865258693695057 1.0000000180025095e-35 0.99465191364288341 0.16280825436115268 0.048057714477181442 0.059600444510579116
decision_type=2 10 10 8 2 2 2 2 2 10 2 10 2 10 2 10 2 2 8 10 2 2 2 2 8 2 10 2 10 2 10 10 10 8 2 2 2 8 2 2 2 2 10 10 2 2 9 8 10 2 2 2 8 2 2 2 2 2 2 2 2 2
left_child=3 -2 -3 4 5 7 9 -1 -9 -7 12 -12 13 14 16 29 40 18 21 -20 23 -18 -23 25 -25 26 -19 28 -27 43 33 -32 -33 46 36 -36 37 -29 44 -40 51 56 -43 -16 -38 -45 -15 -48 -49 -13 -51 -6 53 54 -53 -47 57 58 61 -59 -61 -42
right_child=1 2 -4 -5 10 6 -8 8 -10 -11 11 49 -14 30 15 -17 17 20 19 -21 -22 22 -24 24 -26 27 -28 34 -30 -31 31 32 -34 -35 35 -37 38 -39 39 -41 41 42 -44 45 -46 55 47 48 -50 50 -52 52 -54 -55 -56 -57 -58 59 -60 60 -62 -63
leaf_value=-0.60603193625907192 11950.964791993338 -1081.5141762465164 77.315823412974339 -40.07233804601475 -0.10298831103450684 -197.01749599248589 2125.0959747785278 -349.9064599613057 -0.050000205887044763 -0.050000298243987655 -1205.9318828322794 -1.2889498576935856 10.323547069296614 0.10371990465301424 -0.055629816390579484 -650.1028513310348 -0.050001840556132215 -0.050000116230487696 -3367.6838068586603 -87.048706504531253 -645.40044073466868 -0.050000132481364173 -1009.763012150037 -9.9586658269045643 -1237.1891092582516 -242.03680603181189 -327.75335361140975 -5.7641945884160277 -0.050000277909583626 -93.050361076291892 -0.20207781397278013 -1.3117859662719005 -39.962634016515238 1.3787485483562325 -2.2214515495788407 202.11079956596336 -0.64087147225902319 -391.36815001268099 -0.050000120303290832 -149.4927195423686 -92.378490794829276 -0.05030703600777147 -47.128833153877046 -0.050000137301898874 -28.863129661520812 -33.195005415757535 -0.20949214358443158 -0.7365022248006271 -86.055503413286658 -0.050000309078593964 -163.50987154151701 -0.050907732198134971 -0.27790811730704368 -0.051625889096841716 202.95158263359315 -98.066300338120485 -0.45689477289961583 -0.99954269899398607 -234.32075156183393 -235.64675039728365 -9.0017098965523275 -0.050118571007553486
leaf_weight=0.15180901547539671 0.0016776958486154339 0.0031901085759080397 0.040714630317264328 0.11245798653965167 60.085682258821507 0.0010153959638871091 0.001411667732561525 0.0010004102833401014 0.0013689173769811166 0.0020025297517947613 0.0018243909557320017 0.35329308643588392 0.13640154760145051 236.47152063371567 0.10257628933368391 0.001999837394118297 0.012965277619308255 0.010186472332565005 0.0010393054097991221 0.0017241638217528952 0.0019368913363705378 0.0012211503822078032 0.0010398994442035547 0.0050460880937696724 0.0010103956707334001 0.0010331141789817894 0.0018309242001181844 0.0087501396751057028 0.0018554756661868085 0.0016128969658718009 2.3060248104771786 0.28596107354688488 0.097728495308933405 5.5032421057129559 0.16210441757002922 0.007172504976844212 7.3429401093194349 0.001149959438883223 0.0022580155031333904 0.0010037290585083528 0.0010830893037105842 0.00606600568198375 0.0053102723322795801 0.0020316052083859453 0.0052060075104235484 0.0015085229172967507 35.331748245906923 0.073263573930309273 0.02441738300154303 0.0085666754621437913 0.0012235418913528204 0.017606786951954702 0.54854139728695617 0.07492948989304965 0.0071428520914218535 0.0010202384687483315 15.453710785857689 6.0506764589474304 0.0029879973096679389 0.0010611351824692415 0.011171131800851454 0.013864309791105305
leaf_count=2007 493 742 273 974 225104 332 425 461 840 571 1737 77690 88 3998 3651 3855 7286 10248 375 1188 167 1010 1004 3798 1639 240 1419 8671 511 1842 123 209 167 261 1952 795 182160 1605 1920 759 220 87 65 1218 11 1264 15890 56 421 4443 1110 60 405 93 124 800 81817 22399 666 278 2390 3601
internal_value=0.00395681 433.233 -6.88451 -0.049296 -0.0371548 14.8647 632.062 -2.86759 -147.771 -66.3207 -0.0435332 -7.82652 -0.0358613 -0.0396798 -0.372733 -14.5022 -0.355317 -1.65348 -261.309 -1320.85 -1.03507 -69.0095 -464.436 -0.869797 -214.696 -0.698167 -49.9776 -0.619556 -86.5974 -2.81394 0.0672919 -1.76472 -11.1564 0.0850552 -0.586577 6.4364 -0.748074 -50.5545 -0.681 -46.0377 -0.235858 -0.673478 -22.0258 -1.45547 -0.660866 -32.9421 0.058871 -0.210369 -22.0638 -1.80638 -20.4786 -0.0806087 1.99383 14.4954 58.5365 -59.3676 -0.662198 -1.18395 -44.6546 -1.05536 -28.6629 -6.74024
internal_weight=370.874 0.0455824 0.0439047 370.828 370.716 0.158608 0.00442959 0.154178 0.00236933 0.00301793 370.557 0.364908 370.192 370.056 89.9621 0.110749 89.8513 7.57147 0.0179898 0.00276347 7.55348 0.0152263 0.00226105 7.55155 0.00605648 7.54549 0.0120174 7.53347 0.00288859 0.10875 280.094 2.68971 0.38369 277.404 7.53058 0.169277 7.36131 0.0099001 7.35141 0.00326174 82.2798 21.5459 0.0113763 0.107137 7.34815 0.00456037 271.901 35.4294 0.097681 0.363083 0.00979022 60.7339 0.648221 0.0996791 0.0247496 0.00252876 21.5346 6.08084 0.0179354 6.06291 0.0122323 0.0149474
internal_count=690008 1508 1015 688500 687526 4636 1328 3308 1301 903 682890 84980 597910 597822 576697 12630 564067 226758 10863 1563 215895 9300 2014 215728 5437 210291 11667 198624 751 8775 21125 499 376 20626 197873 2747 195126 10276 184850 2679 337309 111523 152 6933 182171 3282 20365 16367 477 83243 5553 225786 682 277 184 2064 111371 29554 4487 25067 2668 3821
cat_boundaries=0 3
cat_threshold=2331099200 1 1281360392
is_linear=0
shrinkage=0.05


Tree=44
num_leaves=63
num_cat=1
split_feature=13 18 3 9 14 18 4 12 4 21 4 21 20 12 13 21 20 12 6 4 10 21 21 20 19 11 14 18 12 21 20 19 15 23 11 10 4 7 12 10 17 13 13 10 9 7 11 10 12 21 10 15 15 20 18 12 19 15 20 14 12 21
split_gain=3.29245e+06 8.52629e+07 1.0398e+06 78748.7 34695.3 20086.5 1.36266e+06 1.51831e+07 4.18782e+07 304499 218899 965791 1.17088e+07 1.39946e+07 1.64784e+06 33910 3.32048e+06 24407.5 15961.8 14879.5 13255.3 7590.05 110208 7439.21 16270.8 5260.66 3427.05 51548.3 66631.4 29678.6 9245.71 14280.2 8391.07 2578.72 2613.16 2580.5 3259.97 1962.3 26935.1 141760 285094 25264.2 3991.04 5269.26 2504.8 8776.28 26600 1775.86 4715.09 9804.32 2615.22 1522.04 15345.2 20302.7 5926.41 9904.51 2158.64 8244.9 27971.9 5543.58 92700.1 259813
threshold=0.0095819463022053259 0.84874749183654796 13.250000000000002 60.583333969116218 0.064705885946750655 0.29012925922870642 8.7500000000000018 -0.0083054350689053518 35.750000000000007 -0.6258755326271056 5.2500000000000009 -0.95752304792404164 0.9990701973438264 0.0072912515606731185 0.073514446616172804 -0.99052476882934559 0.12545942142605784 0.005140002118423582 15.791666507720949 33.95000076293946 90.708332061767592 0.88522326946258556 0.8930937945842744 0.34235194325447088 0.63405361771583568 21.550000190734867 0.055752867832779891 0.41248606145381933 -0.0018239133642055092 -0.94137725234031666 -0.38242425024509424 0.032701563090086018 5.990157127380372 0 22.291666984558109 78.875000000000014 9.9499998092651385 0.55000001192092907 0.046215238049626357 1.5500000119209292 0.11666667088866235 0.33206827938556677 0.28653348982334143 36.062500000000007 39.625000000000007 9.5500001907348651 -12.949999809265135 16.050000190734867 0.0074404722545295962 -0.26867066323757166 9.1833333969116229 3.2001786231994633 3.0852712392807011 -0.88622298836708058 0.99892947077751171 -0.0037837346317246552 0.29012925922870642 0.5273244082927705 0.42179998755455023 0.045542273670434959 0.0072912515606731185 0.28313310444355017
decision_type=2 2 2 8 2 2 2 8 2 2 2 2 2 8 2 2 2 8 2 2 8 2 2 2 2 8 2 2 8 2 2 2 2 9 10 8 2 10 8 8 2 2 2 10 10 10 10 8 10 2 8 2 2 2 2 8 2 2 2 2 10 2
left_child=1 4 3 5 -1 19 10 9 -9 18 15 -12 13 -13 -15 16 17 -7 -8 20 33 25 -23 -24 -25 26 51 28 -28 -29 31 -31 47 34 -2 37 -37 38 41 40 -40 42 -35 -44 -39 -46 -47 48 50 -50 -32 52 54 -54 56 -56 -17 58 -58 -59 -61 -62
right_child=2 -3 -4 -5 -6 6 7 8 -10 -11 11 12 -14 14 -16 21 -18 -19 -20 -21 -22 22 23 24 -26 -27 27 29 -30 30 32 -33 -34 35 -36 36 -38 44 39 -41 -42 -43 43 -45 45 46 -48 -49 49 -51 -52 -53 53 -55 55 -57 57 59 -60 60 61 -63
leaf_value=-1.054924074559757 0.047333546126368475 -10799.719554605897 -204.97861677523844 -41.362161978745966 -297.04166163453709 -0.54096862565455062 -0.051592605297645214 -10064.580466847465 -13.491301941136065 -341.80184827526131 -0.15270891621048793 -6399.6383474996146 -5.5416715428586336 -96.362325367970172 -2404.2251500544808 -0.59031892555728649 2794.4342502410727 -247.96748260866318 -46.537781736096036 27.443223170911196 12.27458847602999 -532.84749640989628 -0.050454708864760271 -0.050000074936914697 -245.00826763959685 -12.563504300121782 -0.050000109913380941 -218.12656237302741 -545.49780161787658 -0.050015550733665606 -3.0793072225025124 -239.90736212135528 -108.45112812166481 -0.39122267998223553 0.88899898556235513 -32.89466094226308 -0.0502597321597145 -0.043139968435883802 -903.00790290371503 -1.9426175043361427 -46.196931507005424 -98.025090689129968 -10.810103781444248 -0.089592218773009685 -0.14547675888303177 -0.2061871768232364 -24.658222609175311 -0.47624466516122271 -199.26838846858749 -0.050000058707670526 -53.356691585345928 -0.064477337829311587 -0.050036778013720008 -299.03131374391006 -0.050000130356279121 -199.7471627674532 -265.95221815746646 -1.51311832619711 -0.050051125239223483 -0.95828718736364304 -947.04409327215296 -0.05005167900134061
leaf_weight=0.049860485242077326 160.88500089408345 0.0018982062272255009 0.061973871137523839 0.11590229626841519 0.0010101293063075742 0.086007103475128022 0.059022188443993762 0.0014407030802840049 0.0036923564039401781 0.0077518964591292974 0.25964581674081816 0.0015860395287846715 0.054635233361808089 0.0025930360359523136 0.0011022268455216622 4.390614422930633 0.0010735433515483969 0.0010084000503777909 0.026874051600569882 0.049287180545149023 0.21867207380472464 0.0010322871330944025 0.028779362573377102 0.0020189364126114431 0.0010205820056843444 0.087942967041068409 0.0012589700917241722 0.0016049409269485162 0.0010083458003667201 0.0015335688767042274 0.032630750606301676 0.0010422799085404661 0.0018449992509160787 39.359014301887157 9.7827942149895346 0.013660698776518636 0.01690302503628462 99.041020741652659 0.0013843392592915861 0.025989704384939704 0.0032504933753018691 0.006634362001966986 0.21413605650811629 0.246634571415555 2.1143638686630988 0.38428851224118521 0.15652383713599727 0.35657931026622558 0.0010039233908446733 0.0016048517317426209 0.0028091073292664795 21.578447537839871 0.0013079789422154897 0.0010034071905720946 0.001633849637128025 0.0010015164828459217 0.0013162728902586067 0.42762967745537556 0.0039785185326204229 0.050259057428116954 0.0010031741558095587 0.0026052141178360367
leaf_count=2739 40904 1335 1502 989 527 8710 370 1278 47 756 158 1105 19 23 238 69247 759 2391 61 178 668 1503 34740 4026 1155 94 1584 4361 2261 1615 17334 2734 3939 352238 53 366 178 12207 176 327 47 96 242 22 189 38 213 1131 3148 4053 747 61267 1148 1940 1283 1178 2258 22762 2874 8067 1690 1869
internal_value=-0.253659 -395.172 -0.1924 -0.155087 -6.93228 -0.14104 -1.43678 -186.809 -2834.54 -41.6807 -0.768298 -41.9085 -222.855 -2470.97 -784.754 -0.282684 30.689 -3.40833 -14.5956 -0.0270592 -0.0313922 -0.383789 -24.4027 -7.90738 -82.2999 -0.354512 -0.314544 -4.8911 -242.628 -3.54574 -2.68271 -97.1048 -2.06926 -0.0400102 0.0902881 -0.190029 -14.7303 -0.200315 -0.497682 -47.3712 -302.111 -0.461638 -0.445383 -5.07178 -0.0837696 -1.5993 -7.28318 -1.5719 -11.84 -76.7143 -7.0645 -0.244856 -1.04207 -129.842 -0.981069 -75.9408 -0.940567 -4.09962 -66.1527 -3.41725 -18.5333 -263.325
internal_weight=340.241 0.0527688 340.188 340.126 0.0508706 340.011 27.4909 0.0987812 0.00513306 0.0936481 27.3922 0.319562 0.0599165 0.0052813 0.00369526 27.0726 0.088089 0.0870155 0.0858962 312.52 312.47 26.9845 0.0328512 0.0318189 0.00303952 26.9517 26.8637 0.402921 0.00226732 0.400654 0.399049 0.00257585 0.396473 312.252 170.668 141.584 0.0305637 141.553 39.857 0.0306245 0.00463483 39.8264 39.8198 0.460771 101.696 2.65518 0.540812 0.394628 0.0380486 0.00260878 0.0354399 26.4608 4.88235 0.00231139 4.88004 0.00263537 4.87741 0.486792 0.00529479 0.481497 0.0538674 0.00360839
internal_count=691157 4601 686556 685054 3266 684065 275923 2512 1325 1187 273411 1543 1385 1366 261 271868 11860 11101 431 408142 407964 260008 41424 39921 5181 218584 218490 42907 3845 39062 34701 4349 30352 407296 40957 366339 544 365795 353148 550 223 352598 352502 264 12647 440 251 26413 25282 7201 18081 175583 114316 3088 111228 2461 108767 39520 5132 34388 11626 3559
cat_boundaries=0 3
cat_threshold=2152415232 0 73662464
is_linear=0
shrinkage=0.05


Tree=45
num_leaves=63
num_cat=1
split_feature=9 0 3 14 14 19 18 21 20 6 9 4 9 11 4 15 11 9 23 7 9 21 14 8 19 17 0 14 21 12 8 18 12 15 20 19 19 9 12 9 12 16 15 21 21 20 18 21 19 15 12 12 20 7 21 19 19 16 12 15 20 8
split_gain=299302 96678.4 139096 33086.2 403914 3.70784e+06 21984.6 3.49071e+06 4.19645e+08 33418.4 264298 99385.6 103481 14970.2 5405.7 148032 5909.33 3514.09 2828.74 292267 16193 32025.4 2435.14 37695 7882.08 3613.65 2354.65 2085.82 109292 94016.8 1067.85 978.863 946.845 913.306 21501.5 4948.52 62450.7 6950.57 17121.5 879.518 21518.2 626697 396801 26845.2 51168.1 4198.77 1781.41 64727.1 1766.59 2154.55 863.364 797.76 705.006 701.383 98949 154546 23517.5 4651.24 11172.3 4684.29 11315.2 540.996
threshold=55.583333969116218 11.250000000000002 12.250000000000002 0.092156864702701582 0.10784313827753068 0.84874749183654796 0.29012925922870642 -0.99052476882934559 0.091259401291608824 16.125000000000004 1.0000000180025095e-35 4.5499999523162851 38.049999237060554 20.791666984558109 21.94999980926514 4.3798215389251718 -1.3166666626930235 54.916666030883796 0 20.366666793823246 40.312500000000007 -0.94137725234031666 0.045542273670434959 39.750000000000007 0.91037613153457653 0.18333333730697635 7.6499998569488534 0.049337463453412063 -0.93543598055839527 -0.017043100669980046 31.250000000000004 1.0000000180025095e-35 0.00024242523068096491 1.539442837238312 -0.78326541185379017 0.29012925922870642 0.52778512239456188 0.55000001192092907 0.0057684399653226146 0.85416665673255932 0.024171720258891586 0.050000002607703216 2.233964323997498 -0.50557503104209889 -0.92921787500381459 -0.87812310457229603 0.09796465560793878 -0.61236745119094838 -0.98611506819725026 1.8721059560775759 0.0233996044844389 -0.015354156494140623 -0.19337636232376096 0.27500000596046453 -0.82413947582244862 -0.2901292592287063 -0.9103761315345763 1.0000000180025095e-35 -0.0089094266295433027 2.9225462675094609 0.73865729570388805 0.75000000000000011
decision_type=8 2 2 2 2 2 2 2 2 2 10 2 10 8 2 2 8 8 9 8 10 2 2 10 2 2 2 2 2 10 8 2 10 2 2 2 2 8 10 8 10 2 2 2 2 2 2 2 2 2 10 10 2 8 2 2 2 2 8 2 2 10
left_child=1 2 3 6 5 -5 14 8 -8 10 -9 13 -13 22 17 -16 -17 18 20 30 26 -22 33 24 25 27 61 28 -24 -30 32 -6 -20 34 -11 51 -37 38 52 40 46 42 -42 44 -43 -45 50 -48 49 -49 -34 -36 -38 54 55 -29 -56 58 -58 -59 -61 -1
right_child=-2 -3 -4 4 31 -7 7 9 -10 11 -12 12 -14 -15 15 16 -18 -19 19 -21 21 -23 23 -25 -26 -27 -28 53 29 -31 -32 -33 39 -35 35 36 37 -39 -40 -41 41 43 -44 45 -46 -47 47 48 -50 -51 -52 -53 -54 -55 56 -57 57 59 -60 60 -62 -63
leaf_value=-0.045940201533601954 -131.43947800123416 35.918816112749433 -37.72144878922068 -2762.8825879509918 -49.288278534481584 -11.992310849250899 -0.36153695182209622 172.50425706184734 -32351.466846444615 -137.45426721423885 -0.57399718779802922 -317.75282233148118 -0.050263800258111571 -42.172228980534712 247.76908933234108 -0.051186207820375841 -38.243479505741952 6.2153291130584698 -0.059973239253030879 -143.69407762839015 -0.48391414729394983 22.24685454232835 -507.05359897522624 -239.39649124453842 -101.91754032135533 -39.272424837146076 4.7937443185822719 -0.05001384996467996 -474.54552417857758 -0.85706631765083796 -5.7885895463689394 -0.053939686053490948 -0.45843126922690947 -0.10371282820346886 -40.338918189342692 -370.43270904765683 -49.83350992245834 -2.1642567207024892 -249.38294009681931 -0.22968555986256362 -224.71390101074181 -20.29811714803137 -1596.2507456000635 -38.236782282283762 -441.70963287932068 -0.44339810727452567 -303.07574971859339 -0.050000135151531823 -0.5063111586951845 -100.04539683587328 -15.258693834650011 -0.21789524003782104 -0.050000049269339097 -0.24557188135670771 -237.08031603094497 -795.52880851778548 -199.07297992452396 -0.17930957369367509 -0.050000043905871427 -197.89762533344935 -11.747898720583914 0.10258381010290758
leaf_weight=87.141795922857995 0.043383250803968987 0.18618738878734475 0.2457871245681521 0.0013573026462961055 0.0010154701099341348 0.012560968209039708 0.12105764642485271 0.024919515308092055 0.0010107748960502946 0.0029111190692927549 0.19202792905844274 0.0050347826735509527 0.0052208557967849956 0.021366957048423951 0.0060527950148012771 0.022637380287051201 0.018328191487392169 0.22793728609286645 47.894439417925604 0.03550483713398378 0.42198023261368434 0.24487601673343462 0.0010848049325551381 0.0016705187736080198 0.0019633339481813774 0.0063739333048057336 0.26277301998476232 0.0015541391108617642 0.0010537507196347598 0.17697393479160506 0.085606098544856901 0.17302090809356724 10.271784515240872 22.884034109528454 0.0012410360545131996 0.0012149595278504099 0.0010043472143097844 0.047332563879333114 0.0010026753783428056 21.940546917612572 0.0011127733427975374 0.0024581898989940124 0.0010023801866143735 0.0078562007285365443 0.0010188841510767087 0.11383950245113217 0.0018150272732024011 0.0011676625133492753 0.09041716108034914 0.001000046028277763 0.0098630628874837312 0.75177283005767059 0.002436050826997045 1.0792991948913895 0.0010547174058854738 0.00100568361028631 0.0010049090820166994 0.70747652555791407 0.0023638725748420211 0.0010108789515461377 0.004242168602674597 206.84011984556489
leaf_count=104727 1495 707 443 6514 2043 2433 8926 2021 2162 6188 930 1402 7 98 309 8 332 15 145713 633 28 109 1929 8 5575 2030 33 5528 2196 18438 48 9266 112626 94437 2729 4155 3153 97 4066 10809 2080 929 1909 392 1704 1622 3824 903 8045 994 1053 26078 6012 1044 2793 8281 2629 35896 9970 3146 3406 4148
internal_value=-0.116611 -0.10245 -0.119128 -0.0961313 -21.0694 -280.258 -0.0863179 -1.49091 -268.242 -0.235138 19.3065 -0.400018 -156.019 -0.337923 0.0110933 16.9636 -17.1386 0.00897109 0.0052024 -0.240611 0.0777875 7.86304 -0.303117 -1.9839 -1.78425 -1.68518 0.0627872 -1.56407 -6.70967 -3.66084 -0.207198 -0.341213 -0.20125 -0.162078 -1.81322 -1.32331 -16.092 -7.77705 -67.5708 -0.409807 -0.786065 -21.219 -874.691 -6.79716 -143.784 -2.88319 -0.535405 -7.37266 -1.57572 -46.1817 -0.472629 -0.284018 -14.5832 -1.05177 -2.26075 -312.572 -1.15312 -0.805634 -59.4186 -0.528594 -47.5699 0.0585585
internal_weight=402.361 402.318 402.131 401.886 0.187955 0.0139183 401.698 26.0517 0.122068 25.9297 0.216947 25.7127 0.0102556 25.7024 375.646 0.0470184 0.0409656 375.599 375.371 80.4594 294.912 0.666856 25.6811 1.98813 1.98646 1.9845 294.245 1.97812 0.179112 0.178028 80.4239 0.174036 80.3383 23.6929 0.808916 0.806004 0.0529906 0.0517756 0.00444307 32.4439 10.5033 0.127288 0.00211515 0.125173 0.00347707 0.121696 10.376 0.0943999 0.0925849 0.00216771 10.2816 0.753014 0.0034404 1.79901 0.719713 0.00255982 0.717153 0.716098 0.00336878 0.71273 0.00525305 293.982
internal_count=691224 689729 689022 688579 20256 8947 668323 265330 11088 254242 2951 251291 1409 249882 402993 649 340 402344 402329 293284 109045 137 249784 102869 102861 97286 108908 95256 22563 20634 292651 11309 292603 146915 52478 46290 17483 13328 13231 146890 136081 8636 3989 4647 2633 2014 127445 13766 9942 1897 113679 28807 9165 72693 71649 13809 57840 55047 12599 42448 6552 108875
cat_boundaries=0 4
cat_threshold=2330608000 131133 3430154760 1568
is_linear=0
shrinkage=0.05


Tree=46
num_leaves=63
num_cat=2
split_feature=7 3 16 1 4 18 4 16 13 18 14 21 16 14 23 11 6 18 10 7 13 17 20 8 6 4 21 4 11 14 21 21 14 5 11 11 14 20 10 20 13 14 21 0 10 13 14 13 10 21 20 11 13 8 7 10 21 13 6 6 23 9
split_gain=215576 121437 4.40415e+06 45557 39850.5 165863 40194.1 272456 11066.7 850652 7260.26 3.3342e+06 183412 13475.7 3726.82 91312.4 10852.5 56607.2 272469 2.13437e+06 15076.8 22514.1 17533.4 10634.4 1434.21 2719.22 1113.58 35957.4 1062.85 943.158 861.212 8065.97 606.744 754.671 53581.9 64742 537.69 537.6 1594.84 1367.96 5019.45 482.659 8245.43 437.706 418.236 13322.1 24366.8 28294.6 431.202 781.852 395.684 4722.99 376.737 414.727 1247.23 369.075 445.442 305.517 994.865 7725.73 388.135 563.865
threshold=33.125000000000007 11.84999990463257 0.083333335816860213 2.6499999761581425 21.849999427795414 -0.41248606145381922 27.44999980926514 1.0000000180025095e-35 0.0095819463022053259 0.81241145730018627 0.092156864702701582 0.90070003271102916 0.050000002607703216 0.10000000149011613 0 22.645833015441898 16.125000000000004 0.29012925922870642 1.0000000180025095e-35 1.0000000180025095e-35 0.017277100123465065 0.11666667088866235 -0.091260667890310274 32.750000000000007 15.541666507720949 116.05000305175783 0.88117334246635448 1.1500000357627871 0.18333333730697635 0.076470591127872481 0.64414587616920482 0.36447542905807501 0.06862745434045793 0.079166669398546233 -1.0500000119209287 -1.0000000180025095e-35 0.0058823532890528449 0.66527691483497631 45.291666030883796 0.63920241594314586 0.060723030939698226 0.080392159521579756 -0.89404255151748646 1.9499999880790713 1.3541666865348818 0.28463919460773474 0.013725490774959328 0.38460969924926763 1.1833333373069765 -0.77243989706039418 -0.99940761923789967 0.77500000596046459 0.16319314390420916 31.750000000000004 20.050000190734867 18.854166984558109 -1.0000000180025095e-35 0.13092323392629626 14.875000000000002 5.0416667461395273 1 4.8541667461395273
decision_type=8 2 2 10 2 2 2 2 2 2 2 2 2 2 9 8 2 2 10 10 2 2 2 8 2 2 2 2 10 2 2 2 2 2 10 10 2 2 10 2 2 2 2 2 10 2 2 2 10 2 2 8 2 10 10 8 2 2 2 2 9 8
left_child=1 4 -3 -4 8 -6 7 -7 9 30 14 12 13 -12 23 16 17 -16 29 -20 21 22 -18 26 25 -8 32 -28 41 -19 31 -1 36 34 -34 -36 -10 39 -39 50 -41 43 -43 44 45 48 -47 -48 -22 -50 51 55 -30 54 -54 -38 -57 58 59 -52 -60 -62
right_child=-2 2 3 -5 5 6 24 -9 10 -11 11 -13 -14 -15 15 -17 20 18 19 -21 28 -23 -24 -25 -26 -27 27 -29 52 -31 -32 -33 33 -35 35 -37 37 38 -40 40 -42 42 -44 -45 -46 46 47 -49 49 -51 57 -53 53 -55 -56 56 -58 -59 60 -61 61 -63
leaf_value=-112.53083481212035 -124.03972123153376 -1014.054945445493 -11.155284271637697 29.332155238501095 -106.95028309266968 -2.5569931959704926 -18.429172973059419 -291.81140172127431 -0.27834198451602371 730.07254607896721 -53.245989749707519 2755.9092448013967 -639.57707274265431 -0.051249763672699768 -0.28365107510485194 -152.86322908595591 -181.75267070654371 -4.2894525548059548 -634.74748923803361 -1.0677009171878891 -0.5647020468354339 -278.29601433938819 -0.050058651433017132 9.5288696731793507 -0.73105472448043352 -0.80869106441942229 -0.56729887578681715 31.369639179320252 0.02670629952721042 -0.11509088946061075 -0.094030506580691633 -0.05078454690243922 -0.86830534292846817 -0.12231352810446301 -31.092605215069224 -540.81864460370559 0.36667707689304857 -0.37129902971047174 -12.22953824429425 11.070143410000856 -0.12007846905827109 -146.23194649353218 0.038365227141106677 -6.3118279614140906 -0.29021652618921973 -0.050864459512868249 -174.83310482846969 -0.050203345734819917 -49.960378145740066 -5.044375545594713 -0.24448262658156064 9.1677041120775851 -0.34475820556411396 0.016483899910960439 -5.2111857145106466 -0.43734586832921263 -4.8714363650969581 0.082946618731627147 0.077484682189394014 -21.918579423849771 -0.21446040214917295 -6.110161719873922
leaf_weight=0.0017771233054127986 0.035083569585991792 0.010994911196394397 0.16678883135318759 0.11908742785835666 0.043031678673067231 0.059864921066172187 0.03517115532398607 0.0094222948030022249 12.782253115533534 0.0040409631281439476 0.023453384254128427 0.001088550204644447 0.0012509228717263792 0.024180457999975744 3.6235655079179492 0.0098094837735932527 0.0016510490374340627 0.22546656125859976 0.015361667912213342 0.098454659258917762 10.562437512386948 0.0010781825602236778 0.0067780184587854109 0.29577999331007632 0.5276189564759256 0.058005567640066147 1.4415247771430428 0.093872826290479217 38.245040539468626 0.33841608464717865 0.24976180875901383 0.015454174370287231 0.16112690930128748 0.24167992174625402 0.0016075815718624529 0.0010170708080301132 3.405394942397745 5.5209658907850043 0.028500468440670335 0.13167793163118974 0.41936245615390261 0.0010261186931112684 0.01578211826300395 0.031453014657535472 22.848616260749807 0.016774032361872682 0.0054353164984758083 0.0040340601411400917 0.0010017956587266034 0.029472042293720021 0.42497649314183361 0.1530772606214289 15.203842507500744 10.900638583309284 0.13281360190207614 0.27838808008115096 0.071107116939170878 180.09083779442727 31.934580863096222 0.045518491706018849 22.113900146113561 0.040629463151581002
leaf_count=574 1338 967 118 291 422 92 294 281 8017 1561 1550 4955 10102 3179 2844 306 2254 150 1756 349 383206 2919 4819 44 121 1 16544 214 9250 18 2120 348 55 8 83 3042 917 27716 165 470 569 1950 5852 344 125452 88 170 37 1324 2160 155 52 5645 123 199 192 125 10758 12741 360 28688 392
internal_value=-0.103717 -0.0917505 -32.0574 5.71056 -0.0656117 -11.7112 -5.77236 -41.8924 -0.042048 10.0576 -0.0496087 19.0071 -41.9374 -26.2426 -0.0522395 -0.29217 -0.306098 -2.76426 -16.0277 -86.5948 -0.198217 -63.1598 -35.6412 0.051564 -1.741 -7.45984 0.0427447 1.3853 -0.192109 -1.7842 -0.839914 -11.6512 0.0347502 -1.89798 -4.51869 -228.615 0.037794 0.0543106 -0.4322 0.0656019 2.55396 -0.420506 -8.89123 -0.416256 -0.410715 -0.669985 -36.2502 -100.374 -0.581837 -6.52094 0.0598541 0.558833 -0.0733953 -0.219309 -0.386901 0.207871 -1.33949 0.0515439 -0.0521104 -2.34136 -0.0321973 -0.155213
internal_weight=363.383 363.348 0.296871 0.285876 363.051 0.733115 0.690083 0.0692872 362.318 0.271034 362.047 0.0499733 0.0488848 0.0476338 361.997 102.319 102.309 4.30126 0.677699 0.113816 98.0079 0.00950725 0.00842907 259.678 0.620796 0.0931767 259.382 1.5354 97.9984 0.563883 0.266993 0.0172313 257.847 0.405431 0.163752 0.00262465 257.441 244.659 5.54947 239.109 0.55104 33.516 0.0168082 33.4992 33.4678 10.6192 0.0262434 0.00946938 10.5929 0.0304738 238.558 3.90797 64.4823 26.2373 15.3367 3.75489 0.349495 234.65 54.5596 0.470495 54.0891 22.1545
internal_count=690836 689498 1376 409 688122 1211 789 373 686911 4603 682308 19786 14831 4729 662522 551215 550909 5117 2273 2105 545792 9992 7073 111307 416 295 111263 16758 535800 168 3042 922 94505 3188 3180 3125 91317 83300 27881 55419 1039 520583 7802 512781 512437 386985 295 207 386690 3484 54380 1286 15217 5967 5844 1234 317 53094 42336 515 41821 29080
cat_boundaries=0 4 7
cat_threshold=2328035392 131073 1147405056 1536 134348800 1 67109120
is_linear=0
shrinkage=0.05


Tree=47
num_leaves=63
num_cat=1
split_feature=14 21 19 18 14 21 13 0 3 13 21 21 21 9 13 15 12 19 4 4 4 6 14 15 7 6 21 15 19 21 12 4 23 21 21 14 13 15 15 18 12 18 21 7 3 18 13 14 19 10 13 18 8 11 3 3 13 18 18 18 6 12
split_gain=2.42971e+08 2.55226e+06 1.30995e+07 1.22271e+07 1.05924e+06 1.65356e+08 1.33408e+06 591430 863947 313908 60275.5 146678 38604.5 27556.9 27358.9 1.37927e+06 1.81808e+06 261226 7439.68 7066.04 19735.5 195466 368829 40835.5 4318.69 3128.65 2125.68 56474.6 22644.9 15023.1 7071.12 1615.65 1580.22 1338.68 71437.8 2.11602e+06 3531.39 8244.58 3048.64 4882.42 1217.68 5996.55 51255 2592.5 1110.92 2399.99 942.672 2819.75 16576.9 2325.27 703.617 15945.8 646.568 569.699 1177.35 17984.6 510.096 1828.51 26540.2 651.731 13975.3 3996.31
threshold=0.11176470667123796 0.97263759374618541 0.52778512239456188 -0.52778512239456166 0.080392159521579756 -0.15101602673530576 0.10577136650681497 11.150000095367433 12.84999990463257 0.081252805888652815 0.99611392617225658 0.9993295967578889 0.98332250118255626 54.916666030883796 0.011607544030994179 1.7201724052429201 0.0008436276693828405 0.52778512239456188 116.05000305175783 21.849999427795414 34.449998855590827 14.875000000000002 0.021568628028035167 5.4480953216552743 28.791666984558109 71.958332061767592 0.93769648671150219 1.3903775215148928 -0.63405361771583546 0.95691862702369701 -0.0062145655974745742 25.150000572204593 0 0.88117334246635448 0.8930937945842744 0.048057714477181442 0.050299357622861869 0.73363757133483898 1.7832738161087038 -0.58216583728790272 0.00024242523068096491 0.98611506819725048 -0.63919836282730091 20.550000190734867 1.0000000180025095e-35 -0.63405361771583546 0.19536746293306353 0.045542273670434959 0.47114434838294988 4.3541667461395273 0.017277100123465065 0.032701563090086053 32.250000000000007 1.0000000180025095e-35 2.5499999523162846 4.1499998569488534 0.13851360976696017 0.98611506819725048 0.99465191364288341 0.35206145048141485 16.125000000000004 0.0072912515606731185
decision_type=2 2 2 2 2 2 2 2 2 2 2 2 2 8 2 2 8 2 2 2 2 2 2 2 10 2 2 2 2 2 8 2 9 2 2 2 2 2 2 2 10 2 2 8 2 2 2 2 2 10 2 2 10 8 2 2 2 2 2 2 2 8
left_child=1 4 9 -4 7 6 25 8 13 10 12 -12 -3 14 15 16 -1 -17 19 24 21 22 -21 -24 26 -6 32 29 -29 -28 -30 -25 33 56 35 -35 -36 -38 -39 -40 46 43 -43 52 45 -14 50 48 49 -48 51 -34 -42 54 -52 -56 57 59 -59 -16 -61 -62
right_child=-2 2 3 -5 5 -7 -8 -9 -10 -11 11 -13 44 -15 18 17 -18 -19 -20 20 -22 -23 23 31 -26 -27 27 28 30 -31 -32 -33 40 34 36 -37 37 38 39 -41 41 42 -44 -45 -46 -47 47 -49 -50 -51 53 -53 -54 -55 55 -57 -58 58 -60 60 61 -63
leaf_value=-2208.6700564899288 -3280.4582980710838 -270.0337283917176 -146.10024002604575 -5911.1031318473588 -1.0356404090996294 -19999.835974783982 1163.2454559023652 118.751103145976 -222.79249356856968 -916.28974928597313 -644.53130359796546 -0.050000098597433741 -0.050000032106274239 -18.005382264467059 -0.037627800462157579 16.447233638423704 -0.050104138043188418 -201.40271572790465 12.756025073309411 -974.70701781330888 -0.70698015715389173 -7.043976880265129 -381.80437039235557 -0.050087385122177933 1.2253034218361205 -21.233109188537796 -152.15518193712862 -399.04757144608863 -219.20864333816553 -0.4164941943190022 -58.49519759990833 -59.36764788197037 -0.62086041586411689 1823.3399645849699 -0.36754341766744053 -6.2953946483219827 -132.22845932004043 -6.5669541722403926 -0.050000803969412005 -149.57336821941641 -0.33144976772462997 -358.08439744717464 -4.1577152045163794 -5.6003720826925099 -2.4643392122909606 -96.341697348484018 -125.86259702895369 -0.053115622267085938 -0.051383270937085418 -63.209517637407401 -0.25125762334502549 -118.88983235626752 -4.2784911298203969 0.02852675818950326 -160.23327053775537 -0.050836494968062834 0.093003680421539253 -235.5029152112773 -3.0030830961921566 -45.405439647378756 -0.3669322742224046 -50.814056776715532
leaf_weight=0.0016526156566781317 0.056456441505871591 0.0014815653979653757 0.0017117396954035597 0.0019878013653640359 0.10213171008414484 0.0010400111294537042 0.0024929181449337692 0.10479113513491611 0.043528035601751891 0.0010914168653649433 0.001396471852653406 0.002400316781964981 0.0017169947101479768 0.2129708466043202 76.715486274575213 0.18007623804335743 0.0021362037287976842 0.01489928238394872 0.11416951578576018 0.001487697114859245 0.44638347675913792 0.11447814246162882 0.0010477883645590132 0.001741664567305623 7.0475344782677771 0.023605002388794705 0.0016435991113613038 0.0010025111445422738 0.0011407258717882499 0.21619121644354858 0.0017110015131378156 0.0033674541919026524 0.08822064342554245 0.0016452871057070972 0.95219307599570124 0.039990435555148481 0.0015129903044366405 0.022692882203050369 0.0011978478977572294 0.001003187205469607 44.478153603601619 0.0011172112470510783 0.012122754328619343 0.23551694747481988 0.019885674873191844 0.0010384839758229123 0.002781918479596036 0.096102403741910522 0.026199308212440733 0.0031665906864763215 22.297990394644913 0.0029451422376783045 0.10399811753204247 64.6494570488303 0.001871816167358562 0.027447082912011346 179.21803905909709 0.0012741401942012931 0.033485567900764575 0.017638810161016205 1.1029792686992486 0.0039398050044018298
leaf_count=1862 9610 4675 3551 11868 394 5128 2342 924 480 11448 4938 3425 4312 1069 80341 693 90 1007 7 256 231 319 145 53 394 12098 4782 4439 4027 4881 6496 107 1029 977 2280 410 825 1186 471 1331 200651 970 6323 392 156 4809 95 185 68 195 196573 3937 47 7474 346 439 22904 2607 3925 606 34598 9070
internal_value=-0.564624 -0.10032 -441.744 -3243.7 -0.0640938 -143.167 17.8812 -0.0176903 -0.0489185 -84.4322 -51.9136 -237.092 -22.7675 -0.0245885 -0.0149739 -18.5606 -963.411 -0.200025 -0.00571423 -0.00937524 -5.57969 -23.3904 -268.179 -97.4605 -0.00140674 -4.82738 -0.0235536 -4.91822 -194.641 -1.56139 -122.783 -39.1467 -0.0207723 0.0517463 1.86133 66.0049 -0.867735 -18.9039 -12.0163 -68.1997 -0.154745 -0.378236 -34.0227 -0.368297 -6.58713 -36.3404 -0.0575861 -4.34111 -17.1596 -92.5103 -0.0512766 -4.44158 -0.340657 -0.0466748 -0.264423 -10.2774 0.046578 -0.0602643 -11.5255 -0.0551445 -1.2501 -0.546486
internal_weight=398.871 398.814 0.0327105 0.00369954 398.781 0.12927 0.12823 398.652 398.547 0.0290109 0.0279195 0.00379679 0.0241227 398.504 398.291 0.198764 0.00378882 0.194976 398.092 397.978 0.568506 0.122123 0.0076446 0.00615691 397.409 0.125737 390.362 0.221689 0.00385424 0.217835 0.00285173 0.00510912 390.14 258.113 1.02024 0.0416357 0.9786 0.0264069 0.0248939 0.00220104 132.027 44.8309 0.01324 44.8177 0.0226412 0.00275548 87.1962 0.12825 0.0321478 0.00594851 87.0679 0.0911658 44.5822 86.9768 22.3273 0.0293189 257.093 77.8748 0.0347597 77.84 1.12456 1.10692
internal_count=691271 681661 49182 15419 632479 19962 14834 612517 611593 33763 22315 8363 13952 611113 610044 3652 1952 1700 606392 606385 1111 880 561 305 605274 12492 604880 24625 14962 9663 10523 160 580255 161531 7480 1387 6093 3813 2988 1802 418724 208383 7293 201090 9277 9121 210341 543 358 290 209798 4966 200698 204832 197358 785 154051 131147 6532 124615 44274 43668
cat_boundaries=0 4
cat_threshold=2431272011 9176068 74711842 2
is_linear=0
shrinkage=0.05


Tree=48
num_leaves=63
num_cat=2
split_feature=14 1 14 13 11 2 21 15 21 18 21 9 20 8 15 21 13 14 4 14 12 4 3 21 4 13 23 8 13 18 12 18 13 21 15 7 20 8 11 4 16 20 23 21 13 15 13 19 15 11 13 19 13 20 4 21 14 21 14 18 15 19
split_gain=3.755e+06 557068 222555 434466 421940 188785 149040 1.52665e+07 5.47565e+07 612996 1.07152e+06 128822 834690 208671 142409 119765 2.10999e+06 1.71938e+08 112163 230005 5968.54 5334.65 13167.1 9090.26 2655 2285.79 2178.24 3106.32 1314.58 7944.49 779.21 689.094 13185.9 439320 8714.78 6258.16 7018.76 566.644 487.133 829.595 7355.7 76931 540.936 447.925 3008.72 25563.6 31912.1 90881 442.754 433.695 662.328 430.353 11060 834.536 1051.14 377.287 1497.56 4415.08 1121.69 1095.38 3117.89 703.283
threshold=0.084313727915287032 11.150000095367433 0.080392159521579756 0.30365215241909033 -9.145833492279051 10.34999990463257 0.87709078192710888 3.8650926351547246 0.89691349864006054 -0.95642796158790577 0.90803977847099315 53.291666030883796 -0.91597726941108693 37.250000000000007 13.132413864135744 0.89691349864006054 0.041747083887457855 0.049337463453412063 0.15000000223517421 0.048057714477181442 -0.024402380920946595 23.650000572204593 11.34999990463257 -0.95752304792404164 1.8499999642372134 0.050299357622861869 0 29.250000000000004 0.0095819463022053259 0.68322628736495983 0.0053952629677951345 0.16280825436115268 0.11411465331912042 0.046214086934924133 2.1311769485473637 17.291666984558109 -0.35041563212871546 6.7500000000000009 0.27500000596046453 11.34999990463257 0.083333335816860213 -0.99467751383781422 1 1.0000000180025095e-35 0.15667565166950229 5.0101788043975839 0.29981996119022375 0.16280825436115268 -0.25545635819435114 19.083333015441898 0.34228634834289556 0.99892947077751171 0.072108600288629546 -0.46038399636745447 1.0000000180025095e-35 -0.9711191952228545 0.050299357622861869 -0.99273797869682301 0.053132651373744018 -0.88144907355308522 1.8574537038803103 -0.99465191364288319
decision_type=2 10 2 2 8 10 2 2 2 2 2 8 2 10 2 2 2 2 2 2 10 2 2 2 2 2 9 10 2 2 8 2 2 2 2 10 2 8 8 2 2 2 9 2 2 2 2 2 2 10 2 2 2 2 2 2 2 2 2 2 2 2
left_child=1 2 5 4 -4 6 11 9 -9 10 -8 13 14 21 -13 16 18 -18 19 -11 -17 22 26 -23 -22 -12 27 38 29 -28 37 49 33 -33 -35 -34 -37 48 39 42 41 -41 51 -40 -45 46 47 -46 -30 -32 -51 -1 -53 -54 -55 56 59 58 -58 60 -44 -57
right_child=-2 -3 3 -5 -6 -7 7 8 -10 15 25 12 -14 -15 -16 20 17 -19 -20 -21 24 23 -24 -25 -26 -27 28 -29 30 -31 31 32 35 34 -36 36 -38 -39 43 40 -42 -43 55 44 45 -47 -48 -49 -50 50 -52 52 53 54 -56 61 57 -59 -60 -61 -62 -63
leaf_value=0.011253126121106776 -245.3145931620079 113.3322427215661 -0.62640386547437754 -0.17321942292635395 -141.55829579749766 -101.79937239558012 -1883.0322448270319 -11091.575158081998 3051.9165773261284 -85.941628930765987 -99.926134635120377 -72.798136976221855 -433.93858273854767 71.933776949286184 64.739245914917461 -18.543269973271418 -18654.893068415229 -2.5599748975693779 3.1664943602211064 -0.07986594652376372 -0.28391258215651127 -0.60526505888123472 14.936902202852313 -12.838772726568642 -17.224248755533143 -0.050000204418837568 -0.53977083858952923 1.4557424246444741 0.091363902611246189 -11.091263511977871 -0.31760480302875926 -1029.9739175402917 -0.62859450740268807 -0.051293829994257759 -148.75448997734051 -96.165854032476958 -0.050169495624387196 0.018765637168472318 0.04258719470559378 -0.050343943433036387 -0.56254385117748662 -386.87400505996698 -1.0604294717323461 0.13234045782343976 88.280653721890232 -0.61760115047438469 -0.052925960314241842 -0.77218505037851948 -0.30788122762009384 -3.902374629742658 -0.10765372624896213 22.114902998532891 -0.53516698163696141 -15.622659851980766 -2.2625409155618721 -7.533370506224907 -33.539980220302986 -73.878028635065206 -0.050476123305867752 -0.61146207225140825 -27.833305560623707 -0.24398422113196544
leaf_weight=83.026287938467945 0.15629787573226295 0.10803524538641696 0.087560273706912994 0.43374158814549446 0.13498354438604465 0.045691048395666622 0.0011949130197536077 0.0013163203262764498 0.0014253104971714652 0.11686192914341026 0.0010012400596595629 0.034317098506083554 0.012791321576577142 0.10070862626042654 0.041679053817649248 0.045968703437212599 0.0012516856836872056 0.095608178175378991 1.3143889464734055 0.23452681759794441 3.3020900069376111 0.49343453765211404 0.14668845291157495 0.21935395504696092 0.023292334797061609 0.0013389614410308 2.2307330328060795 3.8156950673505596 8.3481216352432579 0.19389952648467668 26.433050670519474 0.0010680400576991008 3.1227063007905769 0.042399180004537795 0.001008711976791434 0.0036406005745841788 0.0039712815527205014 36.504526224564273 122.17494422000658 0.013388136111289832 0.18443944591599737 0.0014218354633742962 0.044942861699251602 19.293059539363796 0.048680250675736558 1.1420189235621903 0.12947858041930957 0.06962632981948827 41.293031058400501 0.21384788559650575 0.24873636020840889 0.056658576435177022 0.27460058588121966 0.022330823981743728 0.04321067472392838 0.033136397435753362 0.0029859789615185829 0.0027088493465201339 0.015372727517634605 1.5253174448493572 0.01434568660087826 23.299538557809562
leaf_count=64438 26825 856 2 9 3648 181 1067 1789 15164 1117 2915 199 1038 467 29 2936 2532 1663 45 733 68151 132 266 898 416 4810 549 107 4896 740 82832 15125 23368 7804 7693 87 36 1152 3004 80 187 557 225 568 96 198 57 46 268056 146 218 280 148 250 13 2127 552 1131 475 3320 429 62405
internal_value=-0.290212 -0.189662 -0.221872 -29.3135 -86.1084 -0.171643 -0.159425 -8.61556 -3738.7 -6.62501 -664.809 -0.0434904 -60.263 -0.0292262 2.63237 -6.1718 -16.7334 -243.597 -3.54191 -28.6351 -0.64992 -0.048566 -0.0403304 -4.37001 -0.40257 -42.7814 -0.0462067 0.0383314 -0.213325 -1.38358 -0.207266 -0.426401 -1.12306 -28.1563 -3.50686 -0.738972 -46.0202 -0.130774 0.0183444 -0.0614938 -3.28483 -37.1875 -0.0555669 0.0790152 0.294198 2.54107 17.0991 35.8709 -0.24074 -0.344166 -1.86191 0.0170591 1.66181 -1.74512 -6.8145 -0.217956 -1.04671 -14.2897 -5.49743 -0.870639 -7.5385 -0.254336
internal_weight=381.03 380.874 380.766 0.656285 0.222544 380.11 380.064 5.14027 0.00274163 5.13752 0.00353511 374.924 0.0887875 374.835 0.0759962 5.13399 1.76264 0.0968599 1.66578 0.351389 3.37135 374.734 374.022 0.712788 3.32538 0.0023402 373.875 255.234 118.641 2.42463 116.216 30.0704 3.17479 0.0444759 0.0434079 3.13032 0.00761188 86.1457 251.418 108.561 0.199249 0.01481 108.361 142.858 20.6829 1.3898 0.247785 0.118307 49.6412 26.8956 0.462584 83.4231 0.396801 0.340142 0.0655415 24.9383 1.60567 0.0210676 0.0183587 1.58461 0.0592885 23.3327
internal_count=691283 664458 663602 3659 3650 659943 659762 103338 16953 86385 8792 556424 1266 555158 228 77593 6090 4195 1895 1850 71503 554691 553661 1030 68567 7725 553395 140693 412702 1289 411413 137309 54113 30622 15497 23491 123 274104 140586 136617 824 637 135793 3969 965 397 199 142 272952 83196 364 65129 691 411 263 70664 6132 2158 1027 3974 654 64532
cat_boundaries=0 4 8
cat_threshold=2158215360 14681093 207628818 1666 2156003328 6292484 6301696 514
is_linear=0
shrinkage=0.05


Tree=49
num_leaves=63
num_cat=0
split_feature=21 14 5 21 13 14 11 21 18 15 14 13 0 2 19 3 9 21 15 2 20 15 19 1 5 6 21 3 12 12 12 7 18 20 4 5 11 19 13 19 15 16 12 19 21 15 14 18 10 14 15 17 12 15 10 20 4 7 18 14 21 15
split_gain=2.43531e+08 4.10249e+10 2.00932e+08 2.68395e+07 8.75889e+07 2.3796e+06 3.50656e+08 2.28421e+06 4.73653e+07 2.74946e+06 273826 3.66651e+06 270085 120535 436109 2.15206e+06 96875.2 88045.5 837972 58100.3 67527.5 20219.3 19889.3 13872.8 19397.6 82222.1 12815.3 5497.68 20179.2 18820.1 3787.08 2381.79 5378.54 1334.97 2010.01 974.352 1049.25 866.444 151155 3039.23 5822.67 1232.82 2887.86 4110.3 983.827 842.891 2266.28 813.839 914.043 2106.71 4245.96 7940 743.003 1698.37 42705.1 285028 970.21 712.196 663.145 6661.81 76661.9 4824.59
threshold=0.97062206268310558 0.04256099462509156 0.045833334326744087 0.93769648671150219 0.011607544030994179 0.084313727915287032 0.88749998807907116 0.90070003271102916 0.09796465560793878 3.8157215118408208 0.080392159521579756 0.24232334643602374 10.550000190734865 4.3500001430511483 0.2269546836614609 8.1500000953674334 52.583333969116218 0.88522326946258556 1.5250926017761233 4.6499998569488534 0.98802474141120922 1.9333974123001101 0.99465191364288341 6.9500000476837167 3.216666698455811 32.291666030883796 0.88117334246635448 11.59999990463257 0.02690577041357756 0.014145948924124243 -0.017043100669980046 24.625000000000004 -0.95642796158790577 0.69056403636932384 13.250000000000002 0.045833334326744087 2.1833333969116215 0.35206145048141485 0.027084268629550937 0.47114434838294988 2.3965450525283818 0.11666667088866235 0.001955687475856394 0.99892947077751171 0.51849433779716503 1.7518187761306765 0.046430176123976714 -0.98611506819725026 17.050000190734867 0.056927841156721122 6.7765715122222909 0.11666667088866235 -0.01956087630242109 0.62181878089904796 0.85416665673255932 0.63920241594314586 21.94999980926514 14.791666507720949 -1.0000000180025095e-35 0.055752867832779891 -0.90161547064781178 2.5383070707321171
decision_type=2 2 2 2 2 2 10 2 2 2 2 2 2 8 2 2 8 2 2 8 2 2 2 10 2 2 2 2 10 10 10 10 2 2 2 2 8 2 2 2 2 2 8 2 2 2 2 2 10 2 2 2 8 2 8 2 2 10 2 2 2 2
left_child=3 -2 -3 5 21 7 -7 10 9 30 12 -12 13 16 19 -16 17 23 22 -15 -21 -5 -19 24 26 -26 27 31 29 -29 -9 33 -33 35 37 36 52 57 -39 40 -40 44 43 -43 -41 46 -46 48 -38 50 51 -50 53 54 -1 -56 58 -35 -54 -60 -61 -62
right_child=1 2 -4 4 -6 6 -8 8 -10 -11 11 -13 -14 14 15 -17 -18 18 -20 20 -22 -23 -24 -25 25 -27 -28 28 -30 -31 -32 32 -34 34 -36 -37 47 38 39 41 -42 42 -44 -45 45 -47 -48 -49 49 -51 -52 -53 56 -55 55 -57 -58 -59 59 60 61 -63
leaf_value=-0.053293896097208304 -284765.95996524562 -21125.597848404512 18.473430650928176 -0.07018471880710804 -1401.8187738447307 -26386.416973992804 -4.1720707747193488 -32.114717749434838 -1433.2530924869548 -166.43152144761947 -561.58786430838734 -0.75002467238882242 53.274865602626654 -1.2305905618261264 -0.050258661973425517 -1843.4799265707713 -39.536653482805512 -17.811945661483062 -245.03048139416467 -179.08641825671958 -0.050425280960137736 -21.483969656491389 -0.86434647538938492 13.532917850539938 -195.50807527774157 -0.051493634053115384 23.545339552406102 -31.50690625728031 4.8574951296586857 -2.5703548100406941 -0.24898966062228958 -0.072753777719415699 2.5236546034816252 -0.37991496795155472 -17.762262259431377 0.09501435472068967 -0.47479216833036625 -584.18784148336033 -0.050000099875187866 -0.86013451402676466 -149.98701266544222 -0.050000190760951191 -6.5818647103998886 -136.25568580265383 -0.050026446453909648 -8.5083485021148011 -97.369374227906988 0.0046263100087169332 -40.602624402377295 -0.083941858993245452 -0.94815867712658142 -4.5181165741177329 -0.1766908421088963 -0.0022688674622323287 -0.050889417804119264 549.17015372521553 -3.6676267289237447 -7.8798627794767739 -0.4229879053425708 -346.3783267559661 -1.5080728397044956 -87.468285671146106
leaf_weight=0.47901268671599301 0.0012722730752567904 0.0011289648046611802 0.23651227666190189 0.32921477407218414 0.14574554440950138 0.0012676952919991038 0.19484126562744586 0.0093561909698406387 0.060110254139558505 0.27448124070749402 0.031247800375239332 0.43241344392299652 0.23687100410461326 0.078094091185947873 0.0079005309911867674 0.0019800036143265637 0.15579373088195225 0.23971435285273412 0.038150571693963742 0.011170940898498682 0.0099647751076846758 0.16572752594948359 0.6231403387246166 0.18753285078554327 0.006651053362508842 0.028167500915821406 0.057458315398149717 0.10613444248883583 0.23015064005073851 0.1194121241569519 2.6992350124960964 6.5047136154025793 2.87673965889371 13.238304802439737 0.016938250104922115 75.62819334616006 2.4423166784639401 0.0011127510561576006 0.0018355173217208857 1.5108389994727691 0.0010004200954878916 0.0011151884376715687 0.015135390299366324 0.0011004673617535628 0.0014318550919769353 0.0117037569578215 0.0010274814098069902 137.12347091072286 0.023371995451324949 0.25224235155089042 0.10421774732059225 0.043839798693154915 79.400267380023635 19.357854756706825 0.01749133515300072 0.0027311445500923228 0.20849938141830548 0.031729483176969775 31.42274213427681 0.0017324603042814862 0.033516339391269648 0.001715888475100103
leaf_count=1923 27189 26238 85 294 24109 22177 169 880 8900 945 3217 17 971 35 110 166 1221 2804 4041 247 9 224 95 144 211 130 1843 100 19 13 8870 109 474 103828 405 4395 463 6857 4124 37331 2215 1765 4445 68 943 4339 1695 4993 110 16 29 47 168995 35792 426 27 701 95 153834 7000 4743 3542
internal_value=-2.14955 -1597.99 -81.9759 -1.13888 -324.483 -0.58879 -174.713 -0.49807 -43.6412 -15.6399 -0.146419 -38.5469 -0.0986714 -0.132597 -52.6775 -369.463 -0.117208 -0.100716 -15.7118 -21.1345 -94.677 -7.24042 -5.57265 -0.0628539 -0.0697206 -37.3877 -0.0662208 -0.0698755 -5.55839 -16.1869 -0.359062 -0.0631296 0.723412 -0.0835485 -0.548049 -0.0636663 -0.107963 -0.528369 -1.64847 -1.22896 -52.9426 -1.13388 -14.3864 -67.7004 -0.983095 -14.0998 -40.7089 -0.0128027 -0.846695 -2.99058 -7.26743 -17.066 -0.209712 0.0719906 2.9514 74.1241 -0.260075 -0.397848 -0.253666 -0.447943 -21.6617 -5.69453
internal_weight=377.479 0.238914 0.237641 377.24 0.640688 376.599 0.196109 376.403 3.04318 2.98307 373.36 0.463661 372.896 372.659 0.10911 0.00988053 372.55 372.394 0.901005 0.0992298 0.0211357 0.494942 0.862855 371.493 371.306 0.0348186 371.271 371.214 0.455697 0.225547 2.70859 370.758 9.38145 361.376 14.8333 346.543 270.915 14.8163 1.5463 1.54519 0.00283594 1.54235 0.017351 0.00221566 1.525 0.0141631 0.00245934 139.989 2.86599 0.423672 0.17143 0.0672118 130.926 19.8571 0.499235 0.0202225 111.068 13.27 110.86 31.4597 0.0369647 0.0352322
internal_count=691202 53512 26323 637690 24627 613063 22346 590717 19595 10695 571122 3234 567888 566917 567 276 566350 565129 6940 291 256 518 2899 558189 558045 341 557704 555861 132 113 9750 555729 583 555146 168110 387036 382641 167705 63782 56925 6339 50586 6278 1833 44308 6977 2638 5658 665 202 186 157 376983 38168 2376 453 338815 103923 338114 169119 15285 8285
is_linear=0
shrinkage=0.05


Tree=50
num_leaves=63
num_cat=1
split_feature=21 14 14 21 15 8 0 0 3 0 12 21 19 14 12 8 13 10 10 9 10 23 21 21 18 13 11 11 12 5 8 21 13 12 4 1 6 18 15 20 6 13 12 20 10 13 20 15 15 19 13 11 17 19 18 13 13 21 8 15 13 15
split_gain=1.98859e+07 6.14234e+07 2.3973e+06 2.38278e+06 2.61431e+07 335720 225390 203962 191749 4.43481e+06 3.68713e+07 119533 1.01714e+06 103137 583551 8526.77 41565.9 4813.97 10623.6 2480.12 2171.51 1877.25 25150.9 11772.3 217082 2.35562e+06 4904.76 1406.74 1054.84 955.931 2965.38 998.001 888.128 7418.18 634.474 569.79 528.048 8768.22 7258.11 542.518 679.892 508.77 493.286 474.567 730.667 2654.87 3950.05 2130.8 7747.44 844.922 529.641 509.474 471.732 441.992 10610.9 41286.4 420.344 419.163 406.732 394.233 353.904 1611.44
threshold=0.93769648671150219 0.045542273670434959 0.048057714477181442 0.90070003271102916 3.2650926113128667 40.750000000000007 10.250000000000002 1.0000000180025095e-35 11.250000000000002 2.4500000476837163 0.081712700426578536 0.88522326946258556 0.99465191364288341 0.080392159521579756 0.021095578558743003 31.750000000000004 0.26692113280296331 0.94999998807907116 23.316666603088382 52.208333969116218 10.775000095367433 0 0.87291088700294506 0.88117334246635448 0.95642796158790599 0.036514984443783767 18.791666984558109 0.88749998807907116 -0.013504956383258103 0.9624999761581422 22.750000000000004 0.080547325313091292 0.14801238477230075 0.021592730656266216 19.94999980926514 1.0000000180025095e-35 16.125000000000004 0.68322628736495983 0.5273244082927705 -0.99275806546211232 5.7916667461395273 0.0077383627649396667 -0.0029025933472439642 -0.95754238963127125 1.2749999761581423 0.059600444510579116 -0.99866804480552662 4.0369184017181405 4.8129670619964608 -0.63405361771583546 0.33206827938556677 4.0499999523162851 0.050000002607703216 -0.52778512239456166 -0.58216583728790272 0.14506810903549197 0.050299357622861869 0.8930937945842744 22.250000000000004 4.302553892135621 0.16537181288003924 2.1661126613616948
decision_type=2 2 2 2 2 8 2 2 2 2 8 2 2 2 10 8 2 10 10 8 10 9 2 2 2 2 10 10 8 2 8 2 2 8 2 8 2 2 2 2 2 2 10 2 8 2 2 2 2 2 2 8 2 2 2 2 2 2 8 2 2 2
left_child=3 -2 7 5 28 6 8 -3 11 10 -10 13 -13 15 -15 19 -17 -16 20 21 -19 22 26 27 25 -25 34 35 -5 31 -31 -29 -33 -34 43 36 37 39 -39 40 -23 42 -38 44 45 46 -1 -47 49 -49 -45 -52 -41 54 55 -46 -48 -14 -35 -51 -43 -62
right_child=1 2 -4 4 -6 -7 -8 -9 9 -11 -12 12 57 14 17 16 -18 18 -20 -21 -22 23 -24 24 -26 -27 -28 29 -30 30 -32 32 33 58 -36 -37 41 38 -40 52 -42 60 -44 50 53 47 56 48 -50 59 51 -53 -54 -55 -56 -57 -58 -59 -60 -61 61 -63
leaf_value=-97.300715145331608 -1143.4734070263487 -59.35469995899988 -534.95654771226032 -5.9507241914712026 -537.19281957726628 -105.24700349122128 63.326080344415267 -0.090322111164367447 -9616.5767858898016 60.062792216391784 137.66770674960119 -206.15970024905269 -2.752087055717535 -121.90863548697764 -0.92016866241011663 -0.81385268670747468 22.480735529608662 -36.618981845281027 -1.9046034433974179 4.9235732247638557 -17.757630659321379 -16.522758630191362 16.58304758147813 -2117.4305209352747 -1.3622591899921659 -14.177544016595641 8.8916051455503062 -0.01191873334960016 -0.23584465199109808 -0.26466677580427544 6.731763097863066 -0.15820780237627438 -9.8662875655989417 -0.28438574261054683 -3.0348662394279149 0.035504725891704302 -2.9456168874414659 -3.6576743222224217 -55.526853935359192 -8.7394293384011323 -0.050351982419231889 -0.28733631795734987 -0.25256165816959941 -0.10875130649694334 -0.52886690535197578 -0.39709355956046677 -8.6320911108615856 -1.7329491893687081 -94.92964837588589 -8.8161274298275085 0.75456359597671385 0.014948069889551233 -0.40231125290856734 0.10531103275540321 0.085648966269684115 44.617647064769756 -28.375591113002756 -0.10356498147666643 -2.7172130649551449 -27.715799956261044 -4.890872955373144 -0.5218914104961806
leaf_weight=0.0015408371459623522 0.15495805442335708 0.220984742169409 0.023462096229195595 0.083291876942236706 0.24743878602377778 0.075972313360920363 0.13988552091177453 0.42321254312992096 0.0011178555921550473 0.064043957740068436 0.0072665162733756014 0.066921006139815553 0.24384279600467101 0.11519575945595628 0.7526840828359127 0.86955290440974742 0.24558352464091637 0.029996799305081367 0.13550399243831657 0.24918046986061781 0.03106210520491004 0.012092119331387678 0.23021677625300085 0.0014403915774882084 0.49510577184264548 0.017570438069924421 0.15648911732580373 103.75914107275678 2.6401198522162206 0.52314269068104924 0.21315883347114617 3.1986347310744727 0.2349849649309457 1.9245084337156892 0.16810804225212805 10.703432932921599 0.36652315780520439 0.013483022339642086 0.013494679319040099 0.017263755823713423 0.0129973656956158 64.666354671866529 0.31719131767752529 62.286565404844822 0.21716117610592531 0.94557507600677171 0.011533322769950604 0.028022233943597222 0.0026349197981775921 0.0056394030923238607 3.6409685375988361 6.4584985445276706 0.98680355155151278 73.246964142052704 5.7602478973155593 0.066040827727489232 0.0035182163458401831 0.38565854253898185 0.18864096687555454 0.0054025178534349684 0.21702641979447346 7.6685874490131924
leaf_count=122 40149 7060 30766 3236 3897 1315 726 6 413 100 38 7202 110 22805 902 109 283 227 17 288 48 200 591 288 162 1162 43 7001 13559 149 24 871 486 558 345 5864 612 39 1583 290 271 439210 91 53968 182 1437 221 115 602 78 219 78 2632 2816 1011 55 194 118 71 139 12684 20744
internal_value=-1.09629 -246.647 -38.5015 -0.527568 -45.1186 -0.151437 -0.128762 -20.4203 -0.153981 -81.5002 -1162.83 -0.137238 -20.8314 -0.0962042 -15.6364 -0.0489627 4.31625 -2.73977 -9.70744 -0.0629091 -27.0238 -0.0664716 0.0648449 -0.164287 -7.72879 -173.534 0.0442291 -0.15277 -0.410627 -0.0347554 1.7608 -0.0468505 -0.700292 -1.43872 0.0351709 -0.305562 -0.3547 -1.46474 -29.6035 -0.727126 -7.98939 -0.338692 -1.69624 0.0385512 0.122249 -1.21823 -21.0526 -0.884889 -11.9462 -6.34889 -0.0542903 0.281588 -0.545658 0.13922 0.550198 9.999 -13.247 -1.12949 -0.501564 -18.0632 -0.325899 -0.642134
internal_weight=355.994 0.822617 0.667659 355.171 2.97085 352.2 352.124 0.644197 351.984 0.0724283 0.00838437 351.912 0.696422 351.215 1.06444 350.151 1.11514 0.949247 0.196563 349.036 0.0610589 348.787 153.235 195.552 0.514117 0.0190108 153.005 195.037 2.72341 110.042 0.736302 109.306 5.54677 2.34813 152.848 84.9953 74.2918 1.05613 0.0269777 1.02916 0.0250895 73.2357 0.683714 152.68 80.2943 1.00387 0.0165924 0.987274 0.0416991 0.0390642 72.386 10.0995 1.00407 79.2904 6.04345 0.283202 0.0150515 0.629501 2.11315 0.0110419 72.552 7.88561
internal_count=690582 77981 37832 612601 20692 591909 590594 7066 589868 551 451 589317 7430 581887 23999 557888 392 1194 292 557496 275 557208 62216 494992 1612 1450 61625 493380 16795 9160 173 8987 1986 1115 61582 484220 478356 5015 1622 3393 471 473341 703 61237 6972 2908 537 2371 934 332 54265 297 2922 4064 1248 237 415 228 629 217 472638 33428
cat_boundaries=0 4
cat_threshold=4292608 537919552 1147142400 128
is_linear=0
shrinkage=0.05


Tree=51
num_leaves=63
num_cat=1
split_feature=21 13 20 15 15 15 13 16 21 12 19 12 12 17 20 15 0 20 12 21 9 4 15 19 8 3 21 19 23 8 9 21 15 20 7 20 18 12 12 21 7 18 19 16 19 17 18 18 15 18 12 15 18 11 4 21 6 4 21 13 13 13
split_gain=2.68987e+07 2.22768e+09 4.31918e+08 9.10605e+07 1.78569e+08 2.50751e+07 4.76316e+07 2.90155e+06 2.60794e+06 4.05895e+07 1.05771e+07 6.39571e+08 2.40465e+06 2.52326e+06 4.32508e+06 1.21825e+06 351900 198405 415473 195809 123020 1.16632e+06 34178 24614.3 22963.2 20173.5 15050.3 162117 3295.12 13724.7 3168.06 4147.21 21507.1 5770.95 281379 5211.3 465862 4058.24 29022.5 219820 6666.15 88702.5 9.36709e+06 402846 323858 5742.5 4288.5 4334.9 2005.81 9320.76 14714.6 3283.6 3507.57 1419.67 1359.88 12514.1 31380.4 1262.56 7519.45 933.299 714.937 712.575
threshold=0.93769648671150219 0.098076213151216521 -0.2603763341903686 3.9759986400604252 11.792856693267824 16.81755352020264 0.07738362625241281 0.11666667088866235 0.88522326946258556 0.0071486774832010278 -0.35206145048141474 -0.0047034735325723878 0.0032847606344148521 0.050000002607703216 -0.24372956901788709 2.0807846784591679 8.5500001907348651 0.30983042716979986 0.011315265204757454 0.8930937945842744 52.208333969116218 8.9499998092651385 3.8650926351547246 0.16280825436115268 37.750000000000007 10.750000000000002 0.88117334246635448 0.29012925922870642 0 31.750000000000004 8.5625000000000018 -0.61236745119094838 -1.0000000180025095e-35 -0.76141706109046925 0.55000001192092907 0.73865729570388805 -0.097964655607938753 0.0071486774832010278 0.0078970110043883341 -0.95752304792404164 0.35416667163372045 -0.22695468366146085 0.58216583728790294 1.0000000180025095e-35 0.032701563090086018 0.083333335816860213 -0.22695468366146085 -0.2901292592287063 0.64017239212989818 -0.35206145048141474 -0.019895927980542179 0.42754310369491583 -1.0000000180025095e-35 -0.22500000149011609 20.250000000000004 -1.0000000180025095e-35 17.541666984558109 20.750000000000004 -0.75013810396194447 0.13851360976696017 0.085121989250183119 0.13655198365449908
decision_type=2 2 2 2 2 2 2 2 2 10 2 10 10 2 2 2 2 2 10 2 8 2 2 2 10 2 2 2 9 8 10 2 2 2 8 2 2 10 10 2 10 2 2 2 2 2 2 2 2 2 10 2 2 8 2 2 2 2 2 2 2 2
left_child=8 2 -2 22 -5 6 -6 -8 16 10 11 -10 -7 17 -15 19 20 18 -14 -12 24 -22 23 -4 25 26 28 -28 29 57 31 32 -30 34 -34 37 -37 48 39 -39 41 42 43 -40 -45 -42 47 -47 49 50 -35 60 -53 -43 -33 56 -56 59 -59 -1 -51 -50
right_child=1 -3 3 4 5 12 7 -9 9 -11 15 -13 13 14 -16 -17 -18 -19 -20 -21 21 -23 -24 -25 -26 -27 27 -29 30 -31 -32 54 33 35 -36 36 -38 38 40 -41 45 53 -44 44 -46 46 -48 -49 61 51 -52 52 -54 -55 55 -57 -58 58 -60 -61 -62 -63
leaf_value=-0.13324982369665075 -22259.066822122852 -67926.305929523005 -0.32789564634692275 -17913.967734881579 -13283.645326223863 309.00351096518375 -3504.601332900485 -567.39653500180157 -31.596071941162009 -1523.4999361221796 -108.41775835400482 -40266.764873090433 -1383.8493154874163 -485.16146304351696 -4076.9899979493575 -111.37195836508984 96.561230249738102 -0.050025612192232782 -0.050028300637729534 -0.24889358786638224 -614.64510116470183 54.317704012989282 -60.061830746449175 26.244890402977475 7.5616994175089189 -14.315715273615602 -1.252117397687871 80.240190455539363 -92.089641103466732 13.161376887525265 -0.056074513827716235 -0.33368758410808824 -846.8690967054356 -141.09168206182105 -1.0844436874638224 -1072.7865232673444 -0.54285829541480402 -8.6086125810151408 -0.538998163675668 -695.31784528078242 -0.17216168327287393 -12.639740960816445 -4731.688278226914 -149.51791872384658 -1335.1876327642096 -35.241473136745746 -34.803961698086027 -0.99725135537236909 -0.39819103149936813 -0.59132278084410916 -0.050160375734917273 -0.050757948631635678 -32.651161531455529 -0.32844249869407216 -14.353197070132872 -0.052148615544210034 -321.89709975699617 -0.46828222907028522 -36.590238181517826 0.078112545403301661 -10.735521141986714 -2.1004394854347845
leaf_weight=79.686750446088126 0.002210340215242467 0.0012167606230271124 0.41577430716316921 0.0019426236394792787 0.0012609538025571956 0.0042063902219524607 0.0015408534673042595 0.0018507208442315459 0.063406628867459056 0.045751496358920174 0.042448960253290813 0.0010033100571841388 0.0010839722235687077 0.0017521644513180945 0.0016065971140051261 0.27759842790144995 0.094186660066667538 0.0019892543787136674 0.0010857129527721554 2.9051733641242121 0.0082967905368095396 0.030348870916093285 0.020829411247662688 0.11025731265544891 0.9785756807379461 0.24966120047486029 0.55959248926954963 0.068499221204501803 0.0065125732536878136 0.19832345486429304 70.273457776656826 65.149186261637411 0.0010037562962319862 0.0031905490990964871 0.048391045982989121 0.0010254148872419063 0.083688867102267903 0.01168490394308969 0.1683653017804275 0.0012944652344419301 2.4091846638214975 0.02383129408360251 0.0010567164491684924 0.0013380798026936525 0.0010111317117668108 0.011366549719035599 0.018656040074365429 0.049432830610853212 10.509185033427258 0.24088089612122615 0.0043988070550832281 0.014993118547255463 0.018348013038726324 1.3447793619499542 0.0034956244440304146 0.039567897696423091 0.0010874727339311688 0.11989565505221321 0.016375061097239865 151.5703126232961 0.018718615269150585 0.65298681599310349
leaf_count=80091 7618 13993 22372 4178 1198 475 667 97 1068 7901 1078 5436 146 20 791 4660 992 4 27 8101 1016 136 113 26404 327 499 1108 742 4106 51 9059 312519 4479 351 144 3527 3741 1050 2816 1880 1194 457 9308 6774 6349 573 332 26 91484 2059 1459 403 2098 13455 239 231 76 123 303 13666 523 4977
internal_value=-0.958396 -344.605 -199.677 -113.406 -3580.98 -1880.78 -4986.59 -1901.82 -0.454825 -44.477 -23.9071 -658.337 -648.287 -1183.92 -2203.24 -11.2371 -0.0731418 -360.719 -691.395 -1.80664 -0.0968071 -89.3011 2.75446 5.24182 -0.0878427 -0.107358 -0.0981041 7.63537 -0.110796 0.013147 -0.282898 -0.515073 -1.24612 -1.20829 -18.2717 -1.15423 -13.5217 -1.08666 -2.44889 -77.0959 -2.20842 -4.7935 -38.6614 -9.61175 -659.846 -0.608342 -13.8339 -7.39927 -0.6063 -4.6372 -59.3437 -3.21989 -17.9911 -0.542816 -0.339632 -9.11171 -87.3269 0.00244599 -4.8089 0.00528113 -1.32278 -0.497773
internal_weight=388.597 0.568607 0.567391 0.56518 0.0183192 0.0163766 0.00465253 0.00339157 388.028 3.33538 3.28963 0.0644099 0.0117241 0.0075177 0.00335876 3.22522 384.693 0.00415894 0.00216969 2.94762 384.599 0.0386457 0.546861 0.526032 384.56 383.582 383.332 0.628092 382.704 231.592 151.112 80.8387 15.6453 15.6388 0.0493948 15.5894 0.0847143 15.5047 4.042 0.0129794 4.02902 1.54038 0.171771 0.170715 0.00234921 2.48864 0.0794554 0.0607994 11.4627 0.30053 0.00758936 0.292941 0.0333411 1.36861 65.1933 0.044151 0.0045831 231.393 0.136271 231.257 0.2596 11.1622
internal_count=691090 78103 64110 56492 7603 3425 1962 764 612987 28244 20343 6504 1463 988 811 13839 584743 177 173 9179 583751 1152 48889 48776 582599 582272 581773 1850 579923 94234 485689 476630 163565 159459 4623 154836 7268 147568 44214 2930 41284 39159 25247 15939 13123 2125 931 599 103354 6893 1810 5083 2501 13912 313065 546 315 94183 426 93757 2582 96461
cat_boundaries=0 4
cat_threshold=449986624 131074 1080295424 1848
is_linear=0
shrinkage=0.05


Tree=52
num_leaves=63
num_cat=1
split_feature=21 15 0 10 3 5 3 11 14 21 14 14 10 4 9 19 7 21 12 15 23 8 11 8 11 4 11 21 4 10 15 4 13 21 21 18 13 21 18 15 12 18 15 15 8 21 16 8 21 11 15 11 21 15 18 18 15 19 15 15 10 21
split_gain=352397 3.2861e+08 139734 2.43273e+06 57825.9 775958 5.4859e+06 256207 57283.7 30890.3 41904.3 29616.6 1.28678e+06 1.11015e+07 24073 199274 849243 18541 75960.4 3112.34 2481.84 84104.9 40046.1 2564.32 2218.77 1085.91 1913.47 868.192 730.571 2873.22 4646.52 657.978 621.633 1967.91 49955.5 2492.81 741.551 31221.5 533.463 1904.53 465.916 447.286 4152.31 401.111 469.64 332.342 1510.43 306.994 297.409 2814.71 295.251 287.074 1364.31 4643.18 797.356 541.304 730.774 12146.7 12052.7 2070.52 2118.46 350.955
threshold=0.88522326946258556 2.9225462675094609 8.5500001907348651 0.64583334326744091 6.2500000000000009 0.51249998807907116 9.2500000000000018 -9.9166665077209455 0.049337463453412063 0.90070003271102916 0.025490196421742443 0.080392159521579756 0.68333333730697643 2.4500000476837163 49.625000000000007 -1.0000000180025095e-35 3.1833333969116215 0.88117334246635448 -0.014800793491303919 7.3048076629638681 0 30.750000000000004 21.208333015441898 29.250000000000004 -5.4500000476837149 1.9499999880790713 19.083333015441898 0.2332836911082268 0.75000000000000011 0.94999998807907116 2.0807846784591679 3.0499999523162846 0.15767665952444079 0.29958851635456091 0.56191161274909984 -0.95642796158790577 0.26692113280296331 0.81800284981727611 0.97335553169250499 5.4480953216552743 -0.0042626217473298303 0.58216583728790294 2.4364835023880009 -0.11054482683539389 18.250000000000004 0.33222858607769018 0.083333335816860213 17.250000000000004 -0.25206183642148966 1.0000000180025095e-35 3.7150862216949467 18.083333015441898 0.21652257442474368 2.2007019519805913 -0.81241145730018605 0.2269546836614609 1.8574537038803103 -0.097964655607938753 0.73363757133483898 1.7050862312316897 16.550000190734867 0.063390085473656668
decision_type=2 2 2 10 2 2 2 8 2 2 2 2 8 2 8 2 8 2 10 2 9 8 8 8 8 2 10 2 2 10 2 2 2 2 2 2 2 2 2 2 8 2 2 2 10 2 2 8 2 8 2 8 2 2 2 2 2 2 2 2 8 2
left_child=2 8 4 -4 11 6 50 -7 9 10 -2 14 19 -14 17 24 -17 20 -19 48 22 23 27 25 -16 26 32 51 45 40 31 -31 43 38 -35 -36 37 -37 -34 -40 -30 -27 -43 -22 47 46 -29 -45 49 -13 -6 52 55 -54 -55 61 57 59 -59 -57 -61 -1
right_child=1 -3 3 -5 5 7 -8 -9 -10 -11 -12 12 13 -15 15 16 -18 18 -20 -21 21 -23 -24 -25 -26 41 -28 28 29 30 -32 -33 33 34 35 36 -38 -39 39 -41 -42 42 -44 44 -46 -47 -48 -49 -50 -51 -52 -53 53 54 -56 56 -58 58 -60 60 -62 -63
leaf_value=0.039577245759430071 -40.573228334017763 -18336.929926529534 -3.883079186287695 623.81533485361399 -0.050308598317433131 11.941104276185264 -3509.0853367481432 -154.75726928629831 50.134846850322106 -0.25052869474146339 -4.321977172751807 -32.099266453601174 -5190.5371465738071 158.69205010353005 -0.10561913355526756 -4.3651607099720708 -695.01074541860498 41.288202755583278 -5.1355276424648686 -10.953355874262991 0.10770757580089954 -58.005448045166617 20.432357461342022 4.9786797852286888 -6.7998201883677414 0.011843640882592002 -4.6557932097633543 -43.174193843305453 -0.052209113437763334 -29.146000899397094 -96.887240591152192 -0.050222538996162192 -0.46457729304658796 -172.87804051780779 -28.349329077725656 -268.22571084605852 -0.57477909063016008 -0.051900171894748215 -16.091123509074329 -0.053873654116497409 -9.5929357677559661 -25.33631334753764 -0.48033786431885989 -0.31094345021986713 0.098889334965851339 -0.28445664039843316 -2.2751588239146554 -8.2630632362994714 -0.25922668350579087 -0.050993007075380181 -20.567380143540461 0.2446824148051685 9.7032887291477312 -7.4339078721457232 -0.063921844644453343 -0.30955535556702651 -0.39749167679003694 -0.050081797443183376 -178.32611157942816 -54.341952567980833 -0.050157776837982906 -0.69429224477219342
leaf_weight=188.60485599484329 0.11723942188604788 0.0024458904808851703 0.23672427128170359 0.016512620819494783 0.0062520329073900557 0.21242217851653733 0.0012824037521169075 0.025855463087519182 0.052801684356275191 2.2162538458047862 0.24907974661599039 0.0078005869872866951 0.0011463060458635817 0.0063035116470006531 0.24929270159104766 0.022646587396513491 0.0055398645455572637 0.1342991524335132 0.25622592975896819 0.091762788597111788 7.6446231099232156 0.062981668974542937 0.24040879037411755 0.23740894923471856 0.24585673509263256 40.473465437842307 0.25228572530585225 0.0023167035293597945 0.07215750373448146 0.0034251077730974317 0.0020632373195855333 0.0044906539598337791 19.266538516806545 0.0043395778864518944 0.0088342716600680049 0.0011186697661461137 0.28927531012912799 0.036414031101253234 0.024937950695165537 0.071851742624479839 0.015554757016831885 0.01779680234300085 0.30067877666695397 70.422526936604228 7.7031208464707381 17.207887960070426 0.0882324536893246 0.012138887781417362 0.36578728258611637 0.056290686130523737 0.0024369661059510861 16.249617988030224 0.15379020068884408 0.046751028788407867 0.17069169787687566 0.13981704559736305 4.5157710040612971 0.0018334424697079082 0.0019632473099790923 0.0036781773728684947 0.003512714457141792 1.6433184985754383
leaf_count=33187 1722 24826 159 858 86 166 397 434 26943 51269 1587 9077 6786 376 80 86 556 263 1581 3037 12312 473 116 70 386 9355 267 2414 122 52 358 99 34644 2454 208 2737 277 847 710 425 259 1405 2663 394775 106 24764 1128 35 4583 76 145 34 309 61 283 5058 14942 1414 3439 516 46 3205
internal_value=-0.209249 -18.4211 -0.0821426 37.0468 -0.107037 -24.2308 -456.355 -6.14731 -1.41966 -2.47371 -15.9241 -0.0911705 -11.9125 -664.396 -0.0745764 -10.7908 -140.107 -0.0596765 10.8293 -2.59411 -0.0709861 -0.223167 0.0347379 -0.213576 -3.42949 -0.221989 -0.306531 0.0148351 -0.324704 -4.63642 -30.0586 -12.6398 -0.296129 -0.549391 -4.32046 -2.14115 -1.43269 -8.04488 -0.483179 -4.18589 -1.74415 -0.0028432 -1.86932 -0.237958 -0.271776 -0.300354 -3.32156 -0.312314 -0.80973 -3.95161 -5.80464 0.0427579 0.0259559 3.05419 -1.6485 0.0201884 -0.511833 -3.93573 -92.2356 -1.65526 -27.8207 0.0332383
internal_weight=380.585 2.63782 377.947 0.253237 377.694 0.248249 0.0099714 0.238278 2.63537 2.58257 0.366319 377.445 0.529091 0.00744982 376.916 0.523336 0.0281865 376.393 0.390525 0.521641 376.002 146.83 229.172 146.767 0.495149 146.53 105.738 228.932 17.3961 0.0976913 0.009979 0.00791576 105.486 19.7033 0.339982 0.335642 0.326808 0.0375327 19.3633 0.0967897 0.0877123 40.7919 0.318476 85.7824 78.1378 17.2984 0.0905492 70.4347 0.429879 0.0640913 0.008689 211.536 195.286 0.371233 0.217443 194.915 4.66658 0.150805 0.00379669 0.147008 0.00719089 190.248
internal_count=691048 106347 584701 1017 583684 1228 628 600 81521 54578 3309 582456 23935 7162 558521 1108 642 557413 1844 16773 555569 463763 91806 463290 466 463220 449797 91690 29196 890 509 151 449530 42302 6523 4069 3861 3584 35779 1135 381 13423 4068 407228 394916 28306 3542 394810 13736 9153 231 62494 62460 653 344 61807 25415 10473 4853 5620 562 36392
cat_boundaries=0 4
cat_threshold=2305953856 3221225473 140771328 1296
is_linear=0
shrinkage=0.05


Tree=53
num_leaves=63
num_cat=1
split_feature=21 4 12 1 5 1 0 21 12 16 14 20 21 10 16 19 12 19 3 4 4 8 21 14 10 23 14 20 11 14 19 11 21 12 7 18 8 12 20 21 21 15 20 19 21 15 20 7 20 8 18 10 19 18 21 19 15 18 16 21 21 16
split_gain=134185 67566.8 560487 47851.7 173483 1.646e+06 58089 42379.3 154841 855827 8.0693e+06 24062.6 204207 10896.6 11667.2 9471.07 160492 963748 4769.44 27702 58032.9 4375.31 2826.88 2787.87 6313.12 1549.7 5026.37 20328.4 3832.53 1630.94 30491.6 819.467 1030.84 1514.76 5957.5 5154.17 1144.08 599.62 960.614 622.577 576.078 467.411 358.156 723.731 5919.39 7882.35 388.54 320.552 712.871 2824.08 7449.39 15100.3 285.78 245.361 212.99 4659.96 45096.1 453.455 257.24 17863.5 208.829 225.207
threshold=0.98486763238906871 35.750000000000007 0.00024242523068096491 14.550000190734865 3.6041666269302373 9.7500000000000018 5.9500000476837167 0.88522326946258556 -0.0048795160837471476 0.11666667088866235 0.0098039219155907648 0.34235194325447088 0.90803977847099315 100.68750000000001 0.050000002607703216 -0.2901292592287063 -0.016464638523757454 0.99892947077751171 7.6499998569488534 9.0500001907348651 9.5500001907348651 31.250000000000004 0.88117334246635448 0.051905291154980666 0.14583333581686023 0 0.080392159521579756 0.96687895059585582 21.791666984558109 0.072549022734165206 0.16280825436115268 4.7750000953674325 0.011826144531369211 -0.00043912351247854525 10.050000190734865 -0.68322628736495961 18.750000000000004 -0.013504956383258103 0.3903625756502152 0.91511079668998729 0.80798786878585827 -0.17425823956727979 0.42179998755455023 0.99892947077751171 -0.92272481322288502 4.5349073410034189 0.9990701973438264 14.791666507720949 -0.78326541185379017 22.250000000000004 0.77259656786918651 18.274999618530277 -0.81241145730018605 0.032701563090086053 -0.95242238044738758 0.99892947077751171 9.1807274818420428 0.29012925922870642 0.083333335816860213 -0.99983122944831837 -0.99864786863327015 0.083333335816860213
decision_type=2 2 8 10 2 10 2 2 8 2 2 2 2 8 2 2 10 2 2 2 2 8 2 2 10 9 2 2 8 2 2 8 2 8 8 2 10 10 2 2 2 2 2 2 2 2 2 10 2 10 2 10 2 2 2 2 2 2 2 2 2 2
left_child=1 3 -3 4 6 -6 7 13 11 10 -10 12 -9 18 -15 37 23 -18 21 -20 -21 22 25 24 -17 28 31 -28 29 40 -31 41 47 -34 35 -35 -36 -13 -39 52 42 -27 43 60 45 -45 -44 -33 49 -49 51 -51 -40 -11 55 57 -57 58 -43 -60 61 -1
right_child=-2 2 -4 -5 5 -7 -8 8 9 53 -12 15 -14 14 -16 16 17 -19 19 20 -22 -23 -24 -25 -26 26 27 -29 -30 30 -32 32 33 34 36 -37 -38 38 39 -41 -42 54 46 44 -46 -47 -48 48 -50 50 -52 -53 -54 -55 -56 56 -58 -59 59 -61 -62 -63
leaf_value=-0.1660866609974003 37.700021309983867 -72.512391492933133 367.87541281065592 28.557050351055594 -811.40424142859422 -8.7976290367888463 24.794635137812261 -198.8082045099593 -3.3407290057304104 -2.1951627965057106 -874.77473831693499 -0.087602937195983666 -0.057457232304112628 -0.6698878919059772 -20.521309318342055 -23.302422129103988 -349.34458478449693 -0.058950617393239271 -1.9858918527786267 -22.309396298823582 -318.09745025500638 2.08217323080504 2.648154607271425 -0.076560020736823331 -0.05335307975141055 0.12071741600154516 -34.567226007090014 -0.35931245658071359 3.517249491117008 53.609046336679334 -0.12957413027121717 0.059342684428674686 -0.32749569620641483 -9.5313342395064051 -0.74553355853158609 -50.883430955728983 -7.8589689776424283 -0.44480415134968299 -0.91393039266048415 -2.9926272394038453 -0.38307056106188475 -0.22386886147455415 -0.17903905170687517 13.745105829300952 -0.32435083016826866 -0.51244543786565766 -5.2665733768347245 -0.30297737766165439 -0.16233437774481391 -2.4881444826074444 -0.053573966847903436 -72.790260677894551 -2.1320197189719012 -0.12568686058828063 -0.26831302941331203 -249.86599463919148 -0.050965090091235357 -2.6183519059679692 -35.411111788924636 -0.17345857845850465 0.045391153410150341 -1.2786601299567852
leaf_weight=4.9916893690495732 0.23425118625163932 0.022080771625031415 0.01073871558862538 0.14501500129699607 0.0069019994257482056 0.085774376178833767 0.23317486047744651 0.014590647518969296 0.2459931418445068 0.16415628261565784 0.029780850609726156 4.8043562396197084 0.11313284968766782 0.16474612499055782 0.13439622472057391 0.043010518472002698 0.023326002006622937 0.12877935527717521 0.073841591153129674 0.0067254842379695168 0.0022009302156377258 2.4147072551897386 0.9661399898302524 2.0783204486873386 0.090932080135103968 7.4994275139050179 0.053597892735523511 0.22893066704273224 0.78461474212897897 0.027953508046245801 0.47392389201478674 47.699177530522199 0.99328747423736452 0.020909574615798357 0.28869769323888822 0.011780949502196249 0.070285932337680435 7.909201954676317 2.4495440525934122 0.54187110403151173 8.9412672650189204 4.8668128897460514 17.442395578821291 0.19187896224514397 1.6467640521323075 0.19592566268065173 0.037609421332990389 0.41219009900079806 5.590717690608928 0.019961403671004522 0.065439108897358406 0.012372423697707382 0.59933224243946304 1.1233938724809982 85.805444111715133 0.0020006714955845854 0.018615068114322227 0.24064505792559288 0.036765614631927845 1.6537946128351788 185.06123399672629 0.5004483770043392
leaf_count=1236 38248 395 371 208 624 106 113 1859 7183 3026 32895 208 14825 433 967 880 2364 32 94 41 482 650 1840 800 173 11609 19913 620 32 1158 3180 1912 207 109 158 174 199 226 105 68 4186 26298 29553 87 330 31 1332 110 431 7 19 126 182 3064 403951 431 101 20391 285 5659 44060 272
internal_value=-0.131595 -0.153722 71.5849 -0.159601 -0.170003 -68.5711 -0.154165 -0.168708 -2.39108 -17.5107 -97.4469 -1.13356 -22.762 -0.0495271 -9.58857 -0.98559 -3.94296 -53.6234 -0.0420049 -12.0432 -95.24 -0.0393859 -0.0529799 -0.52716 -7.5189 -0.0599226 -0.17458 -6.84882 0.0277244 0.0165145 2.86355 -0.17368 -0.0189776 -1.36586 -3.99914 -24.4337 -2.13828 -0.556727 -0.752713 -1.43093 0.00999033 -0.258947 0.0267204 0.0463895 0.984418 6.54194 -0.189985 0.0156949 -0.325573 -2.11515 -9.75489 -29.389 -1.15338 -0.389535 -0.289687 -0.558652 -24.2945 -0.486671 -0.408442 -0.939793 0.036374 -0.267465
internal_weight=400.747 400.513 0.0328195 400.48 400.335 0.0926764 400.242 400.009 20.3597 1.56332 0.275774 18.7964 0.127723 379.649 0.299142 18.6687 2.36437 0.152105 379.35 0.082768 0.00892641 379.267 376.853 2.21226 0.133943 375.887 155.591 0.282529 220.296 219.511 0.501877 155.308 55.1848 1.38496 0.391674 0.0326905 0.358984 16.3043 11.4999 3.59075 219.009 100.124 210.068 192.588 2.03457 0.387805 17.48 53.7999 6.10068 0.509963 0.0977729 0.0323338 3.04888 1.28755 92.6241 6.81863 0.0206157 6.79802 6.55737 1.69056 190.553 5.49214
internal_count=690629 652381 766 651615 651407 730 650677 650564 67890 46168 40078 21722 16684 582674 1400 5038 4249 2396 581274 617 523 580657 580007 1853 1053 578167 492710 20533 85457 85425 4338 472177 3452 847 640 283 357 789 581 355 81087 468725 76901 46016 448 118 30885 2605 693 262 152 133 287 6090 457116 53165 532 52633 32242 5944 45568 1508
cat_boundaries=0 4
cat_threshold=142741584 128 1281622024 800
is_linear=0
shrinkage=0.05


Tree=54
num_leaves=63
num_cat=1
split_feature=21 8 3 3 8 11 23 13 14 21 14 21 14 21 21 21 6 8 20 20 6 18 13 15 21 18 6 11 14 19 13 13 19 21 12 12 11 11 19 12 14 14 19 6 19 20 10 12 15 12 21 18 15 7 10 20 20 15 19 13 11 18
split_gain=194180 126765 209975 5.29238e+06 84247.4 5580.37 2563.67 6155.44 4832.98 214424 2755.51 1421.24 132853 11234.7 976.532 636.227 7186.16 571.747 441.402 420.224 409.934 388.576 2750.79 428.534 357.475 18170.8 37115.3 352.287 274.486 2907.51 35257.8 75339.4 227.995 438.563 4820.04 30748.3 236.312 517.32 9873.46 384.386 292.315 13035.1 255739 965.08 349.364 211.87 9339 199.719 4913.13 26314.8 4766.06 1926.77 351.329 207.061 1031.89 10768.3 19025.8 526.209 192.975 3875.43 192.311 173.737
threshold=0.97062206268310558 44.250000000000007 5.7500000000000009 7.1499998569488534 32.750000000000007 20.791666984558109 0 0.0077383627649396667 0.072549022734165206 -0.25206183642148966 0.076470591127872481 0.88117334246635448 0.0098039219155907648 0.90070003271102916 0.84658399224281322 0.87291088700294506 27.208333015441898 6.7500000000000009 0.42179998755455023 0.62587949633598339 31.958333015441898 0.97335553169250499 0.045542273670434959 1.4805571436882021 -0.99938741326332081 -0.52778512239456166 16.625000000000004 16.562500000000004 0.013725490774959328 0.41248606145381933 0.050299357622861869 0.04256099462509156 -0.9103761315345763 0.26659387350082403 -0.011073562782257794 -0.0014314171858131883 -1.7250000238418577 -0.45000000298023218 0.99465191364288341 0.081712700426578536 0.056927841156721122 0.061906902119517333 0.99465191364288341 22.125000000000004 0.99892947077751171 -0.99985146522521962 21.854166984558109 -0.021348516456782814 0.48781745135784155 -0.023885468952357766 -0.76140165328979481 0.68322628736495983 0.58358570933341991 2.5499999523162846 6.5499999523162851 -0.84315016865730275 -0.95244166254997242 2.495741724967957 0.98611506819725048 0.034156704321503646 1.1458333134651186 -0.99465191364288319
decision_type=2 8 2 2 10 10 9 2 2 2 2 2 2 2 2 2 2 8 2 2 2 2 2 2 2 2 2 10 2 2 2 2 2 2 8 10 8 10 2 10 2 2 2 2 2 2 10 10 2 8 2 2 2 8 8 2 2 2 2 2 10 2
left_child=1 2 4 -4 5 6 7 -1 11 -10 15 17 -13 -14 -11 18 -17 24 27 20 -19 -20 23 -23 25 26 -8 32 29 -18 31 -31 33 -9 -35 -36 39 38 -38 -34 44 42 43 -42 61 46 -26 48 49 -47 -51 52 -50 60 55 56 -55 -57 -54 -60 -49 -39
right_child=-2 -3 3 -5 -6 -7 8 10 9 14 -12 12 13 -15 -16 16 28 19 21 -21 -22 22 -24 -25 45 -27 -28 -29 -30 30 -32 -33 36 34 35 -37 37 40 -40 -41 41 -43 -44 -45 -46 47 -48 53 51 50 -52 -53 58 54 -56 57 -58 -59 59 -61 -62 -63
leaf_value=10.684191321338771 66.900483101228048 -47.005669786601729 -0.057010027655893539 1677.4791792847468 24.565018265511632 12.457180897614368 -0.05065991534219997 -0.18426277276990038 -238.30793336810484 -3.5413980640483453 5.8112848351430122 -113.65580696513514 -11.671752826440558 -0.36432323593101318 -0.22442430671869534 11.784327379559832 -0.32119374895616337 0.04728010332759764 -0.19915900940695472 0.30144018278537199 -0.3050722080078016 -23.876829703547259 -77.787575979005169 -0.050973820530637842 -0.050430570166582478 -0.39266564932842918 -146.84666662124263 -2.0639918536785014 -0.29074893087284659 -270.57496117827827 -1.1669041420866144 -10.176843636896654 -0.30735015937687277 -0.055729930071770198 -6.0526237036098358 -299.51886254173223 -0.1275344104099034 -0.35614571404363721 17.45902353739088 -3.1276024213910176 -29.150971176958819 -0.24966292394428963 497.82044311982719 -1.4045588331440453 -0.41769190575767406 -152.25376773601553 -119.806873554737 -0.24228358820811213 -6.4302226126228978 -41.649587206655617 -0.98312496478222333 -24.736613592674317 -0.25896415650800486 -186.97279216138108 -0.37881736792891296 -0.058111114786093744 -18.967292425816265 -9.9094306433247787 -41.175699721859509 -0.056339201143064434 -0.021590262383695515 0.06375467425237677
leaf_weight=0.13496188819414001 0.1082775890827169 0.14378483418829446 0.1232159803322717 0.0048881409897237457 0.34673324599162825 0.088566714061697804 0.01286723901915144 7.1817843705759108 0.0096495022045017809 0.34837186717947999 0.20403749504981661 0.025967294486401893 0.2221092781013948 20.012491186784516 0.61117491926386791 0.12248218298114721 2.2239618052643895 18.906768035127165 19.423959764616015 7.7729516077671184 14.651509706164147 0.0020984785628068358 0.0012863799288522415 0.018748664113076477 0.06458510818101916 1.4812965781793721 0.0064715431537662937 0.19831148178508229 15.656223277916695 0.0038799065286148635 0.20380418040853737 0.0097779514109428423 1.7906513940423843 0.092369150794124749 0.0081967055870725055 0.0010016491274004681 1.1711290681518476 2.4957949151709604 0.085644569635327961 0.1295596704646188 0.0034245236092559769 1.0313770818212169 0.0027120942735600331 0.03693233322293725 3.933589972489556 0.0032850717324692915 0.0016700514334081337 65.292147265540578 0.023514668966172603 0.0084136313448361921 0.050149906530817842 0.0081012155769472072 4.9302737219441903 0.0021399122756848169 1.4845062946235352 0.1243307092278364 0.007929374590489438 0.015214038807684127 0.0060789693575393619 0.099866580811176622 11.6292583450642 189.96288955184855
leaf_count=289 53283 1238 285 1858 377 346 13 7137 17108 6199 6401 8939 5192 26178 3227 32 2492 169 45025 520 3347 385 2354 339 2546 3451 1808 68 7795 820 495 133 1266 207 592 1821 1476 2068 54 104 14 911 29 790 637 1280 436 379672 499 164 504 6410 23874 160 1528 162 84 335 483 391 1592 53311
internal_value=-0.0483324 -0.0667007 -0.049593 63.9537 -0.0703828 -0.092061 -0.0948824 0.00867123 -0.250925 -3.7871 0.00316676 -0.244674 -0.633484 -0.488442 -1.42868 -0.0016547 -0.285954 -0.182442 0.0211072 -0.0298267 -0.106557 -0.206704 -6.82788 -2.44929 -0.256431 -1.02132 -49.1746 0.0423927 -0.367644 -0.860751 -6.37874 -84.1504 0.0444016 -0.230403 -3.49297 -38.0094 0.054377 0.059711 1.07093 -0.497637 0.0532751 0.875742 27.8259 -3.75901 0.0487755 -0.242726 -3.06905 -0.240489 -0.542761 -14.5499 -6.82554 -0.371815 -0.332804 -0.22075 -0.777696 -4.73546 -54.6716 -1.13216 -0.304335 -2.4157 -0.208918 0.0583094
internal_weight=394.759 394.651 394.507 0.128104 394.379 394.032 393.944 246.131 147.813 0.969196 245.996 146.844 20.2606 20.2346 0.959547 245.792 18.2201 126.583 227.571 41.3312 33.5583 19.4461 0.0221335 0.0208471 85.2521 1.50064 0.0193388 208.125 18.0976 2.44142 0.217462 0.0136579 207.927 7.28335 0.101568 0.00919835 200.644 198.723 1.25677 1.92021 197.467 1.07445 0.043069 0.0403569 196.392 83.7515 0.0662552 83.6852 5.12968 0.0618486 0.0585635 5.06784 5.05973 78.5555 1.63412 0.149614 0.0100693 0.139545 5.03622 0.105946 76.9214 192.459
internal_count=690703 637420 636182 2143 634039 633662 633316 137045 496271 26534 136756 469737 40309 31370 9426 130355 11767 429428 118588 4036 3516 48103 3078 724 425392 5272 1821 70485 11735 3940 1448 953 70417 9757 2620 2413 60660 59290 1530 1370 57760 1744 833 804 56016 420120 2982 417138 33605 1948 668 31657 25247 383533 2269 741 244 497 24748 874 381264 55379
cat_boundaries=0 4
cat_threshold=3381821492 2147616777 1080033540 952
is_linear=0
shrinkage=0.05


Tree=55
num_leaves=63
num_cat=2
split_feature=1 6 11 10 4 7 11 4 18 3 23 6 12 3 15 13 19 13 6 15 12 16 23 6 20 10 13 10 3 16 7 18 13 15 12 20 19 13 12 15 11 15 13 20 4 10 9 4 7 18 15 16 10 16 19 13 13 15 12 18 18 12
split_gain=182301 4.26631e+06 134080 1.24975e+07 31307.1 13074 56651.8 10792 245642 4228.11 3391.58 27611.7 88370.3 7587.93 8446.98 1874.26 829.324 25741.5 1273.99 2671 874.738 787.23 587.729 907.877 13202.2 126113 610.636 7962.41 596.524 2861.37 5010.31 511.493 76676.3 45987.9 5783.2 491.005 487.989 443.605 39559.1 12664 320.232 364.141 631.203 334.307 314.572 673.683 309.561 258.586 251.332 239.833 236.508 32689.3 224.284 223.93 574.615 4967.25 1280.5 219.866 620.033 13491 4865.13 17760.6
threshold=5.1499998569488534 0.95833334326744091 21.550000190734867 43.062500000000007 69.40000152587892 19.708333015441898 18.083333015441898 21.849999427795414 -0.99892947077751149 5.7500000000000009 0 16.125000000000004 -0.014800793491303919 0.45000000298023229 14.282982349395754 0.0696452632546425 0.47114434838294988 0.017277100123465065 29.291666984558109 2.1661126613616948 -0.025456356815993782 0.11666667088866235 1 15.541666507720949 -0.25205527991056437 64.049999237060561 0.33206827938556677 10.775000095367433 3.7500000000000004 0.050000002607703216 6.3541667461395273 0.29012925922870642 0.02112467680126429 1.1132737994194033 0.0015942265745252373 -0.99985146522521962 0.88144907355308544 0.032667407765984542 -0.016183278523385521 1.2696490287780764 1.3541666865348818 13.631111145019533 0.15939795225858691 -0.99467751383781422 2.9500000476837163 34.562500000000007 23.291666984558109 5.7500000000000009 11.562500000000002 0.2269546836614609 -1.0000000180025095e-35 0.15000000596046451 87.562500000000014 0.11666667088866235 -0.84874749183654774 0.23462819308042529 0.15280646830797198 1.7050862312316897 -0.023885468952357766 -0.097964655607938753 -0.97335553169250477 -0.031836334615945809
decision_type=10 2 8 8 2 10 8 2 2 2 9 2 10 2 2 2 2 2 2 2 8 2 9 2 2 8 2 8 2 2 10 2 2 2 8 2 2 2 10 2 10 2 2 2 2 8 10 2 8 2 2 2 8 2 2 2 2 2 10 2 2 10
left_child=2 -2 4 -4 5 7 -7 9 -9 10 11 12 -1 14 21 16 35 -18 19 -19 -20 46 26 24 -24 -26 36 -28 40 30 -30 -22 33 -33 37 -12 53 38 -34 -40 41 42 50 48 -38 -46 -13 -21 -42 -45 51 -25 -44 -17 55 56 -55 58 59 60 61 -37
right_child=1 -3 3 -5 -6 6 -8 8 -10 -11 15 13 -14 -15 -16 22 17 18 20 47 31 -23 23 28 25 -27 27 -29 29 -31 -32 32 34 -35 -36 57 44 -39 39 -41 43 -43 52 49 45 -47 -48 -49 -50 -51 -52 -53 -54 54 -56 -57 -58 -59 -60 -61 -62 -63
leaf_value=49.548826323027015 -1140.0775713975597 6.7718271756231934 42.448176948259743 -3453.2789214872573 26.873311074264436 -6.4386425492174899 35.13029863080191 -0.303022258463503 -246.80846751354784 -1.3132515654488095 0.28180183559662358 -0.42033521326428835 -0.4316759135255504 2.5115301398370513 4.5548657358200115 0.061360019984735815 -25.271275319832558 -39.331236266306718 -7.0585185517244957 -9.9769753810484207 -0.36984019603312068 0.12317733365248372 -0.27963326672193795 -274.65722654845212 -500.97025001345833 -0.050616824998899551 7.6342239146181718 -0.37438149770078977 -0.050103559514385915 -0.050350320439920118 -106.06382765556076 -501.17076781423134 -286.47049639252481 -74.714773069607205 -73.811858385494062 -228.35785653192053 -0.36468806166775813 -0.33287816684748356 -0.072251730479007514 -127.86273532762235 -0.58344996390984749 0.030214005644426684 -0.60084132308637628 -0.0068058949964809245 -10.663395406074496 -0.050999140330021911 -4.6712226064253111 -0.050718980268827978 -2.7846069489422942 -0.57941682465715116 -0.1623077034612837 -0.05974418467608858 -6.7227557206756217 -36.076259472280263 -0.50367880124977948 -0.050675105994911977 -103.29219229925002 -0.18311607405997396 -0.3392325699888411 -87.656646068772034 -0.84229129840645889 -0.050142553397121904
leaf_weight=0.11994434932316167 0.0085524274974178305 0.15648806545965663 0.085875816532393401 0.002635214715950406 0.10768536478280921 0.21203943853843463 0.13360819639492141 0.24980582296848297 0.010532328536895785 6.955625115031693 4.3786047895802787 12.756139395754632 0.33670087118543179 3.4517198610346318 0.98746970249687294 96.382372120016115 0.1050979353936502 0.0063482002483598926 0.049958802213258012 0.010073901818086064 20.000546242944331 12.507069567081231 0.22463636578874469 0.0010924694729034226 0.0013974280904244922 0.012459498136079205 0.36515991236185996 2.0682402113282028 0.002724674988850667 0.021750992325090087 0.0018859154931422512 0.0011973162220221896 0.0012219797644138766 0.0013393199649191418 0.0027114304069953956 0.0010949976012566347 6.2220851601675005 1.1802207251636454 0.21955635511417362 0.0019559869798151932 1.1631736475535768 15.004398319571505 9.8438359450798387 67.40807486792383 0.023332770474274424 0.041646150678192634 0.04297220685397185 0.018815483287841158 0.14595703771173818 1.8796403408533553 45.10433053103727 0.13668864974494399 0.014983890083382856 0.001384332567868785 0.96648024649638298 0.021362392942592123 0.0014514978543920907 35.12043205962253 26.85439057475304 0.0045658744526857467 0.50434832108574756 0.0038359363293168978
leaf_count=120 1152 37 661 1204 29 248 237 14 1300 807 344 30175 312 133 781 26237 11315 308 2796 153 53561 3110 1889 7983 919 141 97 228 105 200 19 1047 2653 2181 14550 197 4772 16617 2166 4061 429 11787 42731 4494 120 73 76 340 86 1497 249828 1270 66 440 2132 7 64 89807 82404 3043 5265 449
internal_value=-0.120186 -52.6581 -0.0969697 -61.6291 -0.082384 -0.0901601 9.6296 -0.0991684 -10.2757 -0.0920596 -0.0688344 0.371689 12.6964 0.307439 0.0180953 -0.116105 -0.31705 -0.58641 -0.46571 -9.96504 -0.450111 -0.158933 -0.0488507 -0.111208 -3.20142 -50.5668 0.0406537 0.827403 -0.113873 -7.63456 -43.4139 -0.43469 -1.35574 -276.006 -0.86011 -0.230044 0.0261067 -0.719119 -2.76573 -1.20066 -0.112464 -0.188159 -0.247624 -0.0372956 -0.400831 -3.86172 -0.434607 -3.51206 -0.82886 -0.0223397 -0.168626 -2.23703 -0.610146 0.0536727 -0.694219 -8.30443 -70.4802 -0.265909 -0.372153 -2.09262 -1.3255 -50.7497
internal_weight=373.652 0.16504 373.487 0.088511 373.398 373.29 0.345648 372.945 0.260338 372.685 365.729 30.202 0.456645 29.7454 26.2937 335.527 88.4663 21.599 21.4939 0.0352376 21.4587 25.3062 247.061 140.967 0.238493 0.0138569 106.094 2.4334 140.729 0.0263616 0.00461059 21.4087 1.4082 0.00253664 1.40567 66.8673 103.66 1.40296 0.222734 0.221512 140.702 70.1053 55.1009 70.5968 6.28706 0.0649789 12.7991 0.0288894 1.30913 69.2877 45.2421 0.137781 9.85882 97.3731 0.990678 0.0241982 0.00283583 62.4887 27.3682 0.513845 0.509279 0.00493093
internal_count=691267 1189 690078 1865 688213 688184 485 687699 1314 686385 685578 34707 432 34275 34142 650871 293257 111748 100433 801 99632 33361 357614 323444 2949 1060 34170 325 320495 324 124 96836 43275 3228 40047 181509 33845 25497 8880 6227 320171 313665 301878 6506 4965 193 30251 493 515 5991 259081 9253 42797 28880 2643 511 504 181165 91358 8954 5911 646
cat_boundaries=0 3 6
cat_threshold=16400 16384 134217984 2290122752 0 1076101252
is_linear=0
shrinkage=0.05


Tree=56
num_leaves=63
num_cat=1
split_feature=11 14 1 9 11 4 4 6 10 7 11 15 16 18 18 23 5 4 6 7 13 20 14 14 18 16 4 6 20 11 12 18 12 15 12 20 12 1 19 20 15 19 10 12 13 6 17 15 15 13 17 11 11 12 17 8 19 14 19 4 15 20
split_gain=613774 338496 64644.7 28720.8 25004 19934.5 11954.9 945826 2.15361e+06 9248.94 7662.19 3090.18 48956.1 1.06792e+06 1.14324e+06 2682.07 34988.5 179374 4619.74 3713.35 2883.57 22084.7 1311.21 53020.4 1065.27 4665.55 760.848 688.932 645.287 744.661 918.637 514.945 6046.98 456861 1.05747e+06 13779.7 27796.1 1043.73 989.825 7675.28 51733.4 1850.45 25420 950.013 479.847 468.207 426.303 12191.8 570.854 373.158 327.033 367.06 680.226 3472.71 314.453 726.101 352.709 613.458 1253.94 347.562 3430.64 12857
threshold=24.291666984558109 0.080392159521579756 5.0499999523162851 51.625000000000007 22.645833015441898 30.550000190734867 9.0500001907348651 5.0416667461395273 93.625000000000014 25.416666984558109 20.416666984558109 19.372763633728031 0.083333335816860213 0.09796465560793878 0.35206145048141485 0 1.4208332896232607 4.4500000476837167 6.1250000000000009 19.274999618530277 0.0095819463022053259 -0.46801505982875818 0.06862745434045793 0.072549022734165206 0.09796465560793878 0.050000002607703216 1.5500000119209292 18.625000000000004 -0.98523971438407887 19.083333015441898 0.022712849080562595 0.16280825436115268 -0.017956377938389775 2.1135164499282841 -0.026047908701002594 -0.97113886475563038 0.01151027111336589 1.0000000180025095e-35 0.47114434838294988 0.49812944233417517 1.0671713948249819 0.63405361771583568 13.050000190734865 -0.01453999290242791 0.12572219967842105 12.291666507720949 0.083333335816860213 1.8139643073081972 8.0296549797058123 0.29422864317893987 0.11666667088866235 2.7749999761581425 12.083333492279055 0.0080561176873743551 0.083333335816860213 8.2500000000000018 0.99465191364288341 0.051905291154980666 0.99892947077751171 1.0000000180025095e-35 2.0329101085662846 0.46800856292247778
decision_type=10 2 10 8 10 2 2 2 8 10 10 2 2 2 2 9 2 2 2 10 2 2 2 2 2 2 2 2 2 8 10 2 8 2 8 2 10 8 2 2 2 2 8 10 2 2 2 2 2 2 2 10 10 10 2 10 2 2 2 2 2 2
left_child=1 2 3 4 5 6 9 8 -8 10 11 15 -13 -14 -15 19 18 -18 -17 20 21 -1 26 -24 -9 45 44 -20 50 31 -31 -30 33 34 -33 36 -34 38 43 41 -41 42 -40 -37 54 -26 48 -48 -43 -46 51 -29 53 -53 56 -56 59 -58 -59 -22 61 -61
right_child=-2 -3 -4 -5 -6 -7 7 24 -10 -11 -12 12 13 14 -16 16 17 -19 27 -21 22 -23 23 -25 25 -27 -28 28 29 30 -32 32 35 -35 -36 37 -38 -39 39 40 -42 46 -44 -45 49 -47 47 -49 -50 -51 -52 52 -54 -55 55 -57 57 58 -60 60 -62 -63
leaf_value=-0.17758003132436881 124.58174990933726 161.076375604894 67.204410503266075 -17.832931377070807 15.96875351853067 14.126044537169925 -1095.5363530596567 -0.4175538901592315 -6.6436943159386921 7.9342801059329195 -11.834197034496851 -0.20510583531261997 -0.052486253387031549 1885.8683371344412 -0.050080190030039322 -7.1575110926492149 -0.050311542922080559 -466.47410008613338 -2.8397362085749331 2.0985319100254682 -0.055054968685700915 21.214288056050179 93.580823362277968 -0.29253721208324673 -0.051350587881490412 -70.361797437400369 0.1482712587374235 -0.23552938612320756 -0.25801997347580413 -28.358249720494815 -0.050263393579333376 -0.050137912781493627 -260.71407000189828 -0.47084563989741179 -1768.9169530977088 -8.3259353276227728 -0.050152588476550963 -26.816498287524116 -126.2575606853658 -0.050090337935013551 -374.52049453514201 -0.31233932943096865 -0.05260610426894087 -0.21930945471956376 0.034495534930515798 -11.76064930950211 -64.542791255335985 -0.57734887942643531 -10.257556236118685 -0.39836811720234561 0.047119215216748604 -1.1705635301872126 -0.49696060930048108 -25.402635964445473 -0.36808351753707247 -7.9511239125712949 -0.38288649156387478 -11.793838736071272 -1.5857398274613945 -138.09939503354991 -0.80353844326305579 -0.050063096662053108
leaf_weight=0.928571542724967 0.09877475898991761 0.032582832664217132 0.035684377748849694 0.22809225975993186 0.24238821873802763 0.24621720613572406 0.0064811405405224886 2.2233725976551804 0.015167804434917409 0.3594406247403289 0.13883612957312053 1.0090792017915038 0.066081614995949417 0.0015907369051893845 0.0016239381627102729 0.2420330952528208 0.012571163880101264 0.0024655679291014669 0.25517352796634796 2.1522228706165256 38.630126140371985 0.1386693725359851 0.015503014761567901 0.50553619829498486 0.0256134624693354 0.0028404298376691053 53.848684070285884 9.0491731791761865 99.89548199977655 0.0052801092972456845 0.0062681527178361715 0.0027717624484165067 0.0015339584823257086 0.29773887728411491 0.001215424584667198 0.036258025547190154 0.0030687433406519078 0.0037360380913779015 0.0043579081002220093 0.0067540484586865899 0.0010681750071322551 0.79398525611747917 0.047249734164063813 11.113112686817846 74.831753283691071 0.012805369247798688 0.0077528498505821932 0.19029599570763991 0.01469607822256136 5.3337361544967754 24.621369825017752 0.088527372529442802 0.27063987733867018 0.017749629864325392 14.503746819095927 0.03163710896773686 3.727952082803494 0.033767688904620674 0.2757332027729047 0.0021724015025443421 0.35412848368831334 0.0075420477334622194
leaf_count=134 803 30332 1186 1161 104 451 956 2100 112 84 187 1063 629 238 433 672 427 260 1710 44 53096 812 903 1548 711 854 3561 20166 267979 83 51 2598 4241 9946 8619 6031 504 982 6555 6862 14096 8666 710 116695 23442 607 8233 9305 879 1011 7027 123 89 181 55030 45 1197 385 182 829 1597 1631
internal_value=-0.0387894 -0.074267 -0.0894019 -0.0963243 -0.0846543 -0.0958867 -0.106002 -3.70963 -332.63 -0.0820441 -0.0904317 -0.0856836 2.58667 43.24 933.17 -0.0941022 -0.246412 -76.5297 -0.255373 0.0315229 0.0101249 2.60192 -0.00427406 2.50057 -0.56528 -8.5259 -0.0110865 -0.243988 -0.239466 -0.297217 -12.9933 -0.295912 -0.598116 -7.5907 -539.258 -0.425516 -86.9225 -0.392935 -0.384853 -1.84034 -51.1864 -1.47562 -10.7097 -0.245672 -0.0733899 -3.95417 -1.00225 -3.08135 -0.493073 0.00569536 -0.0487619 -0.299208 -1.82802 -5.21763 -0.183521 -0.384588 -0.115604 -0.560471 -2.69948 -0.0695421 -1.60767 -30.9215
internal_weight=347.06 346.962 346.929 346.893 346.665 346.423 346.177 2.28628 0.0216489 343.89 343.531 343.392 1.07838 0.0692963 0.00321468 342.314 146.992 0.0150367 146.977 195.321 193.169 1.06724 192.102 0.521039 2.26463 0.0412593 191.581 146.735 146.48 112.433 0.0115483 112.421 12.5256 0.301726 0.00398719 12.2239 0.0046027 12.2193 12.2155 1.06616 0.00782222 1.05834 0.0516076 11.1494 137.732 0.0384188 1.00673 0.198049 0.808681 80.1655 34.0475 9.42609 0.376917 0.106277 57.5668 14.5354 43.0314 4.03745 0.309501 38.994 0.363843 0.00971445
internal_count=691148 690345 660013 658827 657666 657562 657111 5340 1068 651771 651687 651500 2363 1300 671 649137 503690 687 503003 145447 145403 946 144457 2451 4272 2172 142006 502331 500621 473035 134 472901 204922 21163 11217 183759 4745 179014 178032 55306 20958 34348 7265 122726 138445 1318 27083 17538 9545 24453 27586 20559 393 304 113992 55075 58917 1764 567 57153 4057 2460
cat_boundaries=0 4
cat_threshold=3416787008 1208107018 148898112 1968
is_linear=0
shrinkage=0.05


Tree=57
num_leaves=63
num_cat=1
split_feature=10 4 3 19 11 14 12 14 20 18 19 12 18 15 18 14 19 13 13 8 15 23 13 14 19 8 1 4 18 21 19 10 20 21 13 21 18 16 16 11 4 4 8 12 19 18 15 21 21 21 10 12 20 20 12 18 18 19 12 19 4 18
split_gain=86743.8 120664 109287 131745 63594.7 21870 8.4442e+06 10597.3 36644.1 664969 17115.2 239288 186744 12247.2 58174.8 9495.25 6575.34 106014 4088.79 2333.54 2145.79 1965.03 10189.9 21260.1 1545.97 1069.42 966.606 801.071 2105.8 43397.3 880.496 703.939 665.566 645.474 589.614 568.192 2607.82 23609.4 1051.62 25800.9 443.899 2673.84 430.439 400.095 335.306 14352.9 2346.38 10023.5 1808.23 6974.25 7967.89 412.1 5669.77 310.515 1289.29 10765.5 341.035 2300.74 277.773 2091.22 344.835 273.526
threshold=97.174999237060561 21.150000572204593 6.0499999523162851 -0.97335553169250477 21.208333015441898 0.076470591127872481 -0.0016972600133158264 0.06862745434045793 0.43733377754688268 0.68322628736495983 0.47114434838294988 0.0091581451706588286 0.99892947077751171 19.372763633728031 0.16280825436115268 0.017647059634327892 0.52778512239456188 0.050299357622861869 0.050299357622861869 54.250000000000007 12.634933471679689 0 0.0095819463022053259 0.0098039219155907648 -0.99465191364288319 31.750000000000004 3.6499999761581425 1.2500000000000002 -1.0000000180025095e-35 0.029024410061538223 -0.98611506819725026 0.94999998807907116 0.96904698014259349 0.046214086934924133 0.073514446616172804 -0.99864786863327015 -0.95642796158790577 0.083333335816860213 0.083333335816860213 10.791666507720949 5.8500001430511483 8.8499999046325701 1.7500000000000002 -0.023409889079630371 0.47114434838294988 0.72947329282760631 0.14654509723186496 0.75438815355300914 0.88117334246635448 0.90803977847099315 1.9499999880790713 0.0072912515606731185 0.65233618021011364 0.86975130438804638 -0.00094454395002685476 1.0000000180025095e-35 0.032701563090086053 -0.93540480732917775 0.046215238049626357 0.99892947077751171 1.5500000119209292 -0.97335553169250477
decision_type=8 2 2 2 10 2 8 2 2 2 2 8 2 2 2 2 2 2 2 8 2 9 2 2 2 10 10 2 2 2 2 10 2 2 2 2 2 2 2 10 2 2 10 8 2 2 2 2 2 2 10 8 2 2 10 2 2 2 8 2 2 2
left_child=1 2 4 -4 5 7 18 13 16 -10 11 12 -11 19 15 24 20 -18 -7 21 31 22 23 -1 -15 26 34 33 30 -30 -29 -9 -12 53 40 36 37 -36 -38 -40 44 -42 -33 -35 -23 46 47 -46 51 50 -50 -48 -53 -24 56 -56 -55 -58 60 61 -37 -60
right_child=-2 -3 3 -5 -6 6 -8 8 9 10 32 -13 -14 14 -16 -17 17 -19 -20 -21 -22 25 27 -25 -26 -27 -28 28 29 -31 -32 42 -34 43 35 58 38 -39 39 -41 41 -43 -44 -45 45 -47 48 -49 49 -51 -52 52 -54 54 55 -57 57 -59 59 -61 -62 -63
leaf_value=26.314311183045909 -51.74208114998725 49.342130711108808 -0.2922125815242414 -54.754866369802699 31.917012040569773 -0.26489406309808666 4551.3993560537729 -0.33219862401078409 -383.03266397415587 -668.03854053838836 -0.21034261684954139 -5.6108938001439492 -82.391759106782274 -0.27028222216263181 -35.619680660142635 13.186651209395084 -0.068158808404887139 -148.78835242753919 -27.347808074625217 4.3302810898558466 3.1052748336833904 -0.23361295844252222 0.035976046425989956 -0.54998715131864473 -5.7167718533771286 -3.4367981142252235 -12.414908700251912 1.0217872779551562 -0.43690971286531843 38.20621289751903 0.10706873501331143 -6.3502096050053618 -4.98621268267547 0.12433818632520362 -2.5115302372081834 -0.20917791675321806 -0.21195472706585622 -188.9604526603905 -75.56973051618634 -0.22157007445614149 -11.738685475202169 -0.55210300741187923 -1.6336241803194071 -0.29637363120689653 -0.050289706336406739 -35.067915276668714 -0.2262779269632528 -103.88078279876575 -18.057977095298281 -0.14288807632217887 -0.057565478672257732 -43.866800151212892 -0.35994807381773036 -0.22625579168175489 -101.64302996540422 -0.051132355291032196 -17.274236157243354 -0.054941152966012388 0.13024436273492432 3.6844317920218206 0.021507307168933457 -0.37792873607365185
leaf_weight=0.1137686464934663 0.081257998070951909 0.12348069745166768 0.24725335034212809 0.20155582205967998 0.15538888663786465 0.3063777454773296 0.0010216525802703149 1.7285965145390225 0.012011003258912079 0.0024698131563035933 0.27601434883699749 0.08999311096054291 0.0030324381787435778 0.28302107668717202 0.13919901759429387 0.1132576688911362 0.19544044542915581 0.012765582486006372 0.01460030538352125 0.30375504493707595 0.47018191218376149 47.024085364160513 134.5099123581615 0.20883231184251527 0.24143217908339443 0.25450503555319315 0.016175599879288849 2.7840655356030259 0.98918745065479707 0.078413099822489229 47.797347117818447 0.078132659530783993 0.099157277420671097 7.073456871076834 0.020313640809735644 49.063317928236692 1.2300921917964234 0.0018527301986281828 0.011917511599416009 0.24345028534298763 0.059362011075556054 0.53339481335491667 0.12699612790792611 28.103612164872693 0.011888219619867251 0.029986010427139997 12.734684429303996 0.0028893204549224573 0.13323115388096407 0.79785453276680585 0.11415162682533264 0.007987875287440202 0.11976337341285644 1.1289779172768117 0.0029528452242737193 0.022308930051110482 0.023087462945040091 0.12141967898284718 10.812380748609735 0.39704839740833797 24.185512651080209 3.5068074681390913
leaf_count=165 1920 2061 85 1115 736 8514 20427 1047 3360 717 92 327 71 196 1107 35 219 1294 4667 7 91 171896 31048 299 964 155 136 77 983 487 1395 468 220 1227 596 273464 4111 123 1066 8 597 977 39 35951 2663 15269 51908 1208 2465 19236 147 1823 2196 1939 1723 1974 279 917 525 53 8908 2640
internal_value=-0.087394 -0.0763337 -0.0924188 -24.7509 -0.0632125 -0.0763323 12.9488 -0.0874147 -3.00127 -15.6581 -6.28299 -25.1815 -345.273 -0.0633898 -6.33464 0.0576768 -0.662493 -9.18653 -1.49681 -0.0503825 0.0757866 -0.0539378 0.0422058 8.92399 -2.77757 -0.186095 -0.192937 0.0312317 0.203799 2.40135 0.157416 -0.660828 -1.4726 -0.0208949 -0.191628 -0.10968 -1.07214 -18.0955 -0.818109 -3.73792 -0.310717 -1.67239 -3.43015 -0.211776 -0.29748 -0.51273 -0.438306 -20.3513 -0.417147 -2.41712 -9.75192 -0.254624 -3.08029 0.028547 -0.740871 -11.9262 -0.518991 -2.80602 -0.0931844 0.105042 -0.13301 0.00579141
internal_weight=379.576 379.495 379.372 0.448809 378.923 378.767 0.322 378.445 3.09479 0.482678 0.470667 0.0954954 0.00550225 375.351 0.77691 0.637711 2.61211 0.208206 0.320978 374.574 2.40391 374.27 222.957 0.322601 0.524453 151.313 151.058 222.635 51.649 1.0676 50.5814 1.93373 0.375172 170.986 151.042 89.4727 1.50763 0.0221664 1.48546 0.255368 61.5693 0.592757 0.205129 35.1771 60.9765 13.9524 13.9225 0.0147775 13.9077 1.04524 0.247383 12.8624 0.127751 135.809 1.29875 0.0252618 1.27349 0.144507 87.9651 14.7162 73.2488 14.3192
internal_count=690413 688493 686432 1200 685232 684496 33608 650888 7945 4787 1427 1115 788 642943 2302 1195 3158 1513 13181 640641 1645 640634 78464 464 1160 562170 562015 78000 2942 1470 1472 1554 312 75058 561879 291494 5904 719 5185 1074 270385 1574 507 37178 268811 96915 81646 3871 77775 21848 2612 55927 4019 37880 6832 3697 3135 1196 285590 3218 282372 3165
cat_boundaries=0 4
cat_threshold=2307981376 1 71565568 512
is_linear=0
shrinkage=0.05


Tree=58
num_leaves=63
num_cat=1
split_feature=14 15 15 12 11 16 14 14 12 3 3 21 11 9 11 4 6 15 16 13 8 23 13 6 6 12 6 19 13 6 19 19 20 4 21 12 14 13 12 13 14 14 11 4 6 12 20 20 13 21 4 6 9 12 19 12 13 19 21 21 14 20
split_gain=1.30845e+07 4.57098e+08 1.70388e+08 5.97384e+08 206943 8.43169e+06 1.66144e+06 611727 178721 93148 141569 766548 6.67462e+06 6.80875e+06 78997.8 10230.3 23020.2 6821.78 85302.6 1.45622e+06 2554.86 1680.94 20445.7 7386.59 850.771 3032.17 1148.6 1403.09 840.077 5461.5 51274.9 1463.51 2537.5 752.338 1205.24 22196.6 89526.1 207303 643.792 5386.61 551.981 476.698 2819.78 464.311 5203.37 4206.58 463.566 440.358 403.754 1595.49 36037.1 345088 1623.67 36358.9 357.628 342.137 7197.69 33344.9 3282.44 2143.19 30334.1 360.168
threshold=0.076470591127872481 1.4951925873756411 1.3609172701835635 -0.0045587609056383363 20.416666984558109 0.11666667088866235 0.049337463453412063 0.060723030939698226 -0.0011847221176140008 15.750000000000002 7.1499998569488534 0.18281312286853793 12.562500000000002 1.0000000180025095e-35 19.550000190734867 20.94999980926514 21.541666984558109 19.372763633728031 0.083333335816860213 0.065776083618402495 31.250000000000004 0 0.0095819463022053259 1.2083333134651186 16.958333015441898 -0.020658388733863827 15.125000000000002 -0.88144907355308522 0.13270440697669986 16.125000000000004 0.35206145048141485 -0.99465191364288319 -1.0000000180025095e-35 1.5500000119209292 0.097680736333131804 0.0042474793735891589 0.050299357622861869 0.098674926906824126 0.024171720258891586 0.16921938955783847 0.06862745434045793 0.055752867832779891 0.55000001192092907 2.3500000238418584 71.958332061767592 0.0075992126949131497 0.5986820161342622 -0.18492533266544339 0.18375992029905322 0.080547325313091292 1.0000000180025095e-35 67.958332061767592 0.27500000596046453 0.021095578558743003 0.99892947077751171 0.013912166934460403 0.12959138303995135 0.98611506819725048 -0.99465739727020253 -0.21022038161754605 0.017647059634327892 -0.97113886475563038
decision_type=2 2 2 8 10 2 2 2 10 2 2 2 10 10 8 2 2 2 2 2 10 9 2 2 2 10 2 2 2 2 2 2 2 2 2 8 2 2 10 2 2 2 8 2 2 10 2 2 2 2 2 2 8 8 2 8 2 2 2 2 2 2
left_child=4 2 3 -2 9 6 -6 -8 -4 10 14 12 13 -12 15 17 -17 20 -19 -20 21 22 -1 -23 25 -25 46 -28 29 30 -24 32 -30 38 -35 36 37 -36 48 -40 -31 -41 -43 -37 -45 -46 -27 -29 55 52 51 -51 53 -50 -33 -26 57 -57 -58 -60 61 -61
right_child=1 -3 8 -5 5 -7 7 -9 -10 -11 11 -13 -14 -15 -16 16 -18 18 19 -21 -22 23 28 24 33 26 27 47 31 40 -32 54 -34 34 35 43 -38 -39 39 41 -42 42 -44 44 45 -47 -48 -49 49 50 -52 -53 -54 -55 -56 56 58 -59 59 60 -62 -63
leaf_value=17.759459910633719 -4.3079555685817512 -20225.234771542408 -0.17320967680135002 -23987.366462564769 -715.22034025413768 3331.1335031846743 498.8217995400878 -21.232416839739553 -151.94135271622676 36.262090456554432 -607.10808036049173 -6.6989023096784139 -16.089810399537527 -5051.7586554274258 -82.378349791698795 -87.025059853866452 -4.1885676083795813 -0.15298151202029947 15.299310173402654 -647.26910369108782 1.7383599871965651 13.24892827937793 -4.3426857813849216 -16.702089295537274 -0.26756886613504272 -0.50493601965628299 -55.267392560394882 -4.039859880507783 -0.24024139071393222 -0.10605489174491385 93.427357442966851 0.094799058282694304 6.9325516413381028 0.042444366230981523 -880.42901423369938 -0.089473350839446256 -3.0090623283066726 -51.892880964146755 8.9495694343261629 -0.059696106905472585 -4.2077783612162296 -39.806286160020818 -1.6178030138635096 -0.57894446494472518 -13.532804013857959 -96.746984099981844 -5.8771367835749055 -22.348093744850601 -210.64112156005146 -0.050371106767508056 -0.29690622292624708 -833.21862195121139 -0.33839886003080832 -2.5457337570843319 0.95298948236229331 -291.59164444877405 -56.206065028591212 -0.050270142858842431 -0.18770914777937345 -9.6755069537328353 -231.63434101987906 -0.051385024254336269
leaf_weight=0.1627268195665853 0.011473554495875209 0.0028454620834733593 0.57077062800649969 0.0033559263394172438 0.0075506526737672578 0.0019363069650043451 0.0077189578604956481 0.021143117919564247 0.020080280798886241 0.17617806958776228 0.0023058242595136685 0.29436123685955745 0.030976125970482826 0.0013757508884936517 0.029152109884477251 0.010911176271102767 0.036253922899693709 1.2391102169870292 0.0846776875776446 0.0091931839898293788 1.9842000043481096 0.10233176239154218 0.081621754165459193 0.033032211730794958 96.340342271328268 0.62370847117808437 0.0018110265492738099 0.012270937402248844 0.29068599954902452 79.369080567547215 0.016046524460045231 111.86742807771799 0.2141305161736976 40.251105869158543 0.0010221914411471683 0.66376005262907445 0.016901379303532749 0.0028877923360435408 0.16643174864092714 25.05866983669808 0.08210702359384825 0.0050306811486901847 0.12352667472216586 0.081285602425137049 0.0036810942723351035 0.0025853435663349871 0.042918895557688463 0.0044847337898375602 0.0021368425981773092 0.012478923990186404 0.26204227833723892 0.0013802724950702826 3.8116671206532859 0.11873058445756998 1.2272761311131848 0.0012005129903647372 0.0026711336943802113 0.0053583064478657074 0.91457870725747314 0.015422111920564825 0.0015113273943383942 0.026298341728110842
leaf_count=483 5587 15131 961 11392 678 245 197 22 526 1117 104 149 27 513 934 1160 104 1061 183 1116 155 201 381 766 468709 2605 131 214 236 70675 273 13254 23 7531 1486 251 274 321 4763 12290 873 2330 290 259 192 409 814 167 4695 67 89 2986 3358 1587 93 19368 1144 1618 12623 680 7025 4308
internal_value=-0.458593 -232.117 -138.19 -5431.7 -0.0733875 116.07 -54.8961 117.852 -5.3311 -0.0855595 -0.103068 -32.8861 -255.304 -2268.01 -0.0735504 -0.0669838 -23.352 -0.0639777 -3.63435 -49.5889 -0.0509032 -0.0607099 0.0416153 -0.170325 -0.188571 -1.90576 -1.19245 -13.459 0.0288426 -0.0957681 11.7206 0.116102 2.80228 -0.181225 0.00490854 -1.95185 -52.8884 -268.498 -0.241411 -0.0160335 -0.110294 -0.0752762 -3.11219 -0.540905 -3.96335 -47.8645 -0.85081 -8.94014 -0.297699 -0.777183 -4.45267 -83.0277 -0.519316 -6.2247 0.104112 -0.276962 -1.21275 -53.4134 -0.856291 -0.701932 -11.5804 -3.60898
internal_weight=366.57 0.608526 0.60568 0.0148295 365.961 0.038349 0.0364127 0.0288621 0.590851 365.923 365.747 0.329019 0.0346577 0.00368158 365.418 365.389 0.0471651 365.342 1.33298 0.0938709 364.009 362.024 193.311 168.713 168.611 0.718226 0.685194 0.0185667 193.148 79.5489 0.0976683 113.6 0.504817 167.893 41.0232 0.772123 0.0208114 0.00390998 126.869 25.3537 79.4512 25.1872 0.128557 0.751312 0.087552 0.00626644 0.666627 0.0167557 101.516 4.20844 0.275901 0.0138592 3.93253 0.120867 113.095 97.3074 0.96704 0.00655882 0.960482 0.95781 0.0432318 0.0417205
internal_count=691204 33597 18466 16979 657607 1142 897 219 1487 656465 655348 793 644 617 654555 653621 1264 652357 2360 1299 649997 649842 86291 563551 563350 4697 3931 512 85808 72202 654 13606 259 558653 10723 3192 2081 1807 547930 19673 71548 14910 2620 1111 860 601 3419 381 528257 12782 3142 3053 9640 6282 13347 515475 46766 20986 25780 24636 12013 4988
cat_boundaries=0 4
cat_threshold=143721024 0 1212420864 384
is_linear=0
shrinkage=0.05


Tree=59
num_leaves=63
num_cat=1
split_feature=11 19 20 4 1 9 7 0 6 14 6 21 21 8 15 13 11 21 23 13 8 15 6 18 21 13 18 4 18 4 21 14 12 12 10 14 18 18 11 4 18 9 19 10 12 14 10 10 12 21 18 16 21 21 19 14 13 14 21 18 11 21
split_gain=282504 6.00465e+06 449898 57922 15406.4 11984 17559 4332.07 9560.76 77799.1 433778 5295.42 4815.23 4660.71 3587.25 22128.5 221811 3475.77 2115.09 22240.1 4645.89 3587.56 2101.62 16621.4 153734 5528.97 12375.6 1428.08 1090.85 859.35 4155.14 3329.91 8489.89 676.13 523.469 2643.51 4105.78 472.866 357.173 3893.75 14205 2101.13 6039.04 1059.66 6273.02 28467.2 954.547 486.85 2954.67 120696 1888.72 55428.8 488.938 467.049 6404.87 440.97 5549.8 300.213 11289.4 686.726 5844.64 951.73
threshold=19.083333015441898 -0.2901292592287063 -0.95244166254997242 23.050000190734867 4.2500000000000009 50.583333969116218 0.55000001192092907 4.1499998569488534 5.0416667461395273 0.025490196421742443 3.7083333730697636 -0.35846087336540217 -0.75013810396194447 31.250000000000004 19.372763633728031 0.088991168886423125 -1.0000000180025095e-35 0.87291088700294506 0 0.0095819463022053259 25.750000000000004 18.045855522155765 13.791666507720949 -0.47114434838294977 -0.94703993201255787 0.064518220722675337 -0.16280825436115262 6.1499998569488534 0.032701563090086053 0.35000000894069677 0.93469110131263744 0.076470591127872481 -0.007927557919174431 -0.0048795160837471476 61.083333969116218 0.017647059634327892 -0.58216583728790272 0.99892947077751171 0.31666667759418493 6.1499998569488534 -0.35206145048141474 1.0000000180025095e-35 -1.0000000180025095e-35 1.3541666865348818 -0.0097194379195570928 0.021568628028035167 48.049999237060554 4.3541667461395273 0.025019999593496326 -0.9852197766304015 0.93540480732917797 0.083333335816860213 0.87291088700294506 -0.80417042970657338 0.29012925922870642 0.048057714477181442 0.038691813126206405 0.013725490774959328 0.88117334246635448 -0.99892947077751149 4.0499999523162851 0.65720760822296154
decision_type=10 2 2 2 10 8 8 2 2 2 2 2 2 10 2 2 10 2 9 2 8 2 2 2 2 2 2 2 2 2 2 2 10 8 8 2 2 2 10 2 2 8 2 10 8 2 10 10 8 2 2 2 2 2 2 2 2 2 2 2 8 2
left_child=3 2 -2 4 5 7 -7 8 9 10 -1 -9 -12 14 18 17 -17 28 19 -10 21 34 23 24 -20 26 -25 -11 -16 31 -31 37 -33 -27 38 36 -36 57 39 46 -41 42 -42 44 -40 -46 47 48 50 -50 52 -52 -21 -51 -55 56 -54 58 -24 60 61 -59
right_child=1 -3 -4 -5 -6 6 -8 11 13 27 12 -13 -14 -15 15 16 -18 -19 22 20 -22 -23 29 25 -26 33 -28 -29 -30 30 -32 32 -34 -35 35 -37 -38 -39 43 40 41 -43 -44 -45 45 -47 -48 -49 49 53 51 -53 55 54 -56 -57 -58 59 -60 -61 -62 -63
leaf_value=-924.12140511919688 109.75355922475381 2210.9730286386889 -264.87864515276777 29.661840912908843 -24.936020760820288 -0.067247775880896379 -23.893833972609706 0.05292500300804668 20.326521732031757 -0.057380029553811975 -0.050386396661256286 2.2943025595431172 -70.611667852648168 5.4586063230582331 -0.058334364265631378 -0.43951669335938254 -139.16360814463067 5.1118021239817537 -0.050818641750591836 0.004073693872498437 8.3205339805089622 6.0775039321018083 -0.26857108449558603 -0.050490513983005227 -477.83999267559824 -6.1267557336336784 -92.212804711736666 -7.1192303705924473 -2.871116917921452 -0.020829800444905816 7.0081665115913339 -0.15816526317963983 -11.163161323111909 -0.44065336755715112 -59.689378989996214 -0.50556445895199509 -4.7860202421086369 -8.3313303852878313 0.020418848710445761 -49.683577957261747 -7.6285377938219003 -0.055304064964359426 -101.53835590035071 0.041869967927058417 31.974691796549934 -0.76043974940611347 -4.9313099589123546 -0.36228655806899979 213.09916937704571 -0.19324686073618075 -0.63593853419312751 102.26338203792497 -16.277895821780287 -0.050573966768256928 -115.55809860811439 -0.20084395046558434 -0.59345515804176852 -0.050174496619439068 -8.8912330661210319 -0.21034836504888707 -108.54367935491001 -50.008774975285711
leaf_weight=0.0015150345468690372 0.017319543287165118 0.003188569033539256 0.014915348245857052 0.16385655469139138 0.062292913576867615 0.19069868008791982 0.13006216791829547 6.8877697480766855 0.13489585371109925 0.14023423108162764 0.0076132787122309585 4.2681090109125304 0.0035430083628090981 0.37905926274510093 1.1196566157197905 0.29044694509890912 0.031988636328640463 0.27973900610079017 0.015850333678872994 69.883653567969361 0.16835523659221863 0.2434315006874489 22.27191893480364 0.011109656705973997 0.0018836726752598084 0.057621544476170419 0.0054193475518480019 0.14625394046141243 0.49801105584749716 27.660771954438321 0.21186204254627128 0.59315125452994744 0.24874598933771486 0.56403787859123855 0.0050262245611883876 0.11126049353478674 0.01055797050392648 0.018115073941315951 2.0161149198598296 0.018096422059632605 0.013038988552914035 0.1137861375950536 0.0019706651693710909 114.64020404866717 0.087650193102674301 0.2741098271530279 0.10027652661234654 10.968447883118939 0.0068027367701312394 0.1926246758542659 0.30043028020528811 0.01368338077810588 0.058170868794962804 0.015826068171762804 0.0012986103495967382 6.1207464738975803 1.8527079923906462 0.02007872681920465 0.38618382218352465 92.510871854574361 0.0013825447487772679 0.001000825793983552
leaf_count=536 177 854 269 2015 536 80 1071 90 644 225 56 93 199 123 308 134 1485 512 65 53897 33 354 114719 60 584 817 594 659 134 16220 835 6711 20883 840 69 420 160 5187 99 232 211 65 181 1939 94 135 453 15537 161 423 5931 2706 2062 892 438 5335 5650 3128 31510 380068 61 1062
internal_value=-0.0454681 141.148 -63.5918 -0.0591137 -0.0724062 -0.068178 -9.72846 -0.0597115 -0.0902133 -9.02495 -130.266 0.91045 -22.4592 -0.0826741 -0.088605 -2.09227 -14.2022 -0.0343585 -0.0759668 0.0297044 0.017925 0.011174 -0.214721 -3.05337 -50.8007 -1.72656 -30.2677 -3.6625 -0.92427 -0.216703 0.0325981 -0.276579 -3.40969 -0.967698 0.00403335 -3.20701 -22.4935 -0.253684 0.00600405 -0.0690862 -8.20298 -2.37476 -19.9583 0.0635397 1.10826 7.1709 -0.0557386 -0.0502707 -0.00664416 5.8257 -0.0227891 3.84655 -0.0383882 -0.896734 -8.80982 -0.407852 -1.07092 -0.252414 -0.415535 -0.212471 -8.95393 -2.42213
internal_weight=366.569 0.0354235 0.0322349 366.534 366.37 366.308 0.320761 365.987 354.831 0.299159 0.0126713 11.1559 0.0111563 354.532 354.153 2.21984 0.322436 1.89741 351.933 207.353 207.218 207.05 144.58 0.655922 0.017734 0.638188 0.016529 0.286488 1.61767 143.924 27.8726 116.051 0.841897 0.621659 206.806 0.126845 0.0155842 115.21 206.68 89.6616 0.146892 0.128796 0.0150097 117.018 2.37787 0.36176 89.5147 89.4144 78.4459 0.216552 78.2294 0.314114 77.9153 0.209749 0.0171247 8.03163 1.91088 115.191 22.6581 92.5333 0.0224621 0.0210796
internal_count=691021 1300 446 689721 687706 687170 1151 686019 685836 1675 791 183 255 684161 684038 2573 1619 954 681465 98121 97477 97444 583344 2960 649 2311 654 884 442 580384 17055 563329 27594 1657 97090 649 229 535735 96441 94174 689 457 392 2267 328 229 93485 93032 77495 1914 75581 8637 66944 1753 1330 13047 7712 530548 146229 384319 4251 4190
cat_boundaries=0 4
cat_threshold=2291171408 20481 4456708 384
is_linear=0
shrinkage=0.05


Tree=60
num_leaves=63
num_cat=1
split_feature=9 4 10 4 11 9 18 4 17 8 3 21 20 14 18 15 14 15 20 15 18 10 20 12 19 12 20 17 21 15 20 21 12 19 12 15 21 18 15 19 15 18 20 4 19 20 12 15 16 21 15 23 14 6 11 14 15 12 16 15 10 14
split_gain=390965 246580 6.06768e+06 559468 88273.3 880822 51902.1 96082.6 299709 44782.6 45552.3 35494.1 748089 68853.9 25568.3 555053 8.58628e+06 137177 1.5187e+07 551639 50273.1 307058 28474.1 98302.5 29463.4 13539 12149.3 40333.3 9022.79 6666.3 50162.4 20079.4 81460.8 15919.2 6188.24 22880.6 89992.3 147209 334865 6161.73 5317.84 3518.38 3376.38 3181.41 2390.01 19729.2 13440.2 2241.72 2198.12 5766.11 47618.9 1983.87 31913.2 8884.29 142670 3527.45 3074.73 36205.5 74143.2 1615.1 1584.13 2679.92
threshold=52.208333969116218 20.750000000000004 51.916666030883796 21.94999980926514 19.083333015441898 32.062500000000007 0.93540480732917797 1.3499999642372134 0.083333335816860213 31.250000000000004 8.8499999046325701 -0.88620507717132557 0.2603727281093598 0.013725490774959328 0.97335553169250499 6.1719615459442148 0.0058823532890528449 1.8721059560775759 0.66527691483497631 0.48781745135784155 0.95642796158790599 21.274999618530277 -0.49064628779888148 -0.0036237725289538498 0.032701563090086018 -0.010393356904387472 0.34235194325447088 0.11666667088866235 0.13185577094554904 19.372763633728031 0.49812944233417517 0.86869874596595775 -1.0000000180025095e-35 -0.9103761315345763 0.0012008583871647718 2.77611255645752 -0.30164489150047297 0.98611506819725048 6.3592231273651132 -1.0000000180025095e-35 2.3778175115585332 0.99892947077751171 0.9970000982284547 18.349999427795414 0.16280825436115268 0.89404821395874035 0.0052600041963160047 -0.60798940062522877 0.050000002607703216 0.51849433779716503 0.65909814834594738 0 0.076470591127872481 7.8750000000000009 -0.27500000596046442 0.076470591127872481 18.045855522155765 0.0029258652357384567 0.083333335816860213 10.014999866485597 0.22500000149011615 0.017647059634327892
decision_type=8 2 8 2 10 10 2 2 2 10 2 2 2 2 2 2 2 2 2 2 2 10 2 10 2 10 2 2 2 2 2 2 10 2 8 2 2 2 2 2 2 2 2 2 2 2 8 2 2 2 2 9 2 2 10 2 2 10 2 2 10 2
left_child=1 4 -3 -4 6 -6 9 11 -9 10 29 12 -8 25 15 17 -17 18 19 47 28 -22 23 24 -16 -14 -15 -28 -19 43 31 33 -33 -31 35 42 41 59 39 -39 -26 -37 48 51 -36 46 -46 -13 -24 60 -51 52 56 54 -53 -55 -1 58 -58 -38 61 -50
right_child=-2 2 3 -5 5 -7 7 8 -10 -11 -12 14 13 26 22 16 -18 20 -20 -21 21 -23 34 -25 40 -27 27 -29 -30 30 -32 32 -34 -35 44 36 37 38 -40 -41 -42 -43 -44 -45 45 -47 -48 -49 49 50 -52 53 -54 55 -56 -57 57 -59 -60 -61 -62 -63
leaf_value=0.0096518263987565613 -139.99260488857357 1975.2887084546853 -0.050879855913041089 -721.37853607224224 -145.76610397337672 -1.1119014701765451 -654.4471231086635 -62.933024882465162 315.21026528270619 31.505001135984486 28.78244523425515 -0.063808758412528907 -42.932525166782995 -0.65756862967283214 -33.615747484619554 -11.529321195529665 -4129.35780951569 -0.37568223436221665 -5595.8524357282331 -567.9595874857207 -382.52626429428909 -0.051940051967625446 -0.12131761292997492 -77.874840821560895 -13.194057305191102 -183.36768916266317 -15.335673370495208 -218.01827416357142 -20.727566834232803 -14.217999933640137 -48.009773663032163 165.07199810472173 -4.7178810826744257 -0.058757008450934359 -0.60577319415983821 -7.8093836491863531 -22.996633014206012 -44.26906699753696 -1177.709811334202 -188.95028144387956 -0.80968678807829841 -40.826736949181189 -18.048327705989198 5.5059821054536258 -232.42122833330419 -2.7659065559751044 -55.371988111908934 -10.304441133112711 -6.4047525347756933 -5.7687187879065203 -171.52895128762108 -3.5201597363879111 19.116407488228869 -0.19669652393215087 -290.76705612103245 -4.0638994963147717 -0.05015687559777772 -0.26005558998612399 189.10192984613366 -63.59276018703207 -0.95345028710433144 -1.6929005761268525
leaf_weight=253.69833925642615 0.050021503120432409 0.0040246280991261419 0.049776412966902092 0.0028415837352979692 0.1142692209191204 1.3312929719691249 0.0045842981703835264 0.011908503946435034 0.0093573338094442796 0.11248206567392927 0.13695192607099116 0.16957589343220691 0.0023265214779334201 0.21001910151284042 0.087614266080924375 0.021779828552552834 0.001344048657409949 2.6077684059151602 0.001224131855626808 0.0044021098487727608 0.0061441765712158388 0.035958841555672041 1.0136447882653139 0.051399296013933782 0.10275883449012357 0.0065424325381482004 0.022747559991511526 0.0027514309515064136 0.055620802147029802 0.24054996862945355 0.060467833115163683 0.0090841857017949224 0.031769481585797732 1.1358358177921863 10.704158559587407 0.13994113092068641 0.0065085187839944818 0.0011281818416690533 0.0010188884457895927 0.0021163985830374567 0.55403330123337469 0.0085622676920558138 0.033339656113643534 0.25785981596908314 0.0012910379893799095 0.14184702092146767 0.006315259760293619 0.078031050435090787 0.51880538387919328 0.061240069785269399 0.0046625708771139826 0.12981986239906568 0.21886057413448057 112.81379042280157 0.0044716810972223455 0.59276510671831673 0.014942635594370802 0.24393182043414829 0.0079301302236152275 0.0039290507438325406 0.95341250740821593 0.72136473215988128
leaf_count=152730 1657 1125 155 916 661 356 8884 956 1385 124 555 103 52 809 5765 214 4418 2166 4441 4516 4070 335 3297 5924 1691 461 824 544 2061 354 242 130 897 824 11432 1092 263 205 706 315 2917 177 393 370 322 698 963 1244 954 803 1103 329 6146 423813 1386 18491 58 434 92 132 898 1391
internal_value=-0.216625 -0.198678 104.116 -39.0055 -0.213847 -12.5466 -0.167908 -2.76187 103.457 -0.0390124 -0.0486124 -2.88497 -21.6352 -9.76471 -2.62706 -6.85852 -250.873 -4.95143 -40.1415 -13.1547 -1.65765 -55.8672 -1.79252 -10.9981 -6.38041 -146.528 -4.61456 -37.2058 -0.8007 -0.0592995 -3.41087 -1.50801 33.0364 -2.53336 -1.28106 -3.11918 -21.3949 -139.4 -386.96 -138.643 -2.74729 -9.71307 -2.21711 -0.0458406 -0.693445 -6.97267 -85.423 -3.29105 -2.05585 -2.92372 -17.4962 -0.0497337 0.0305389 -0.21334 -13.085 -0.21691 0.0152937 5.38003 65.53 -38.2784 -2.48591 -3.66403
internal_weight=389.633 389.583 0.0566426 0.052618 389.527 1.44556 388.081 18.3712 0.0212658 369.71 369.597 18.3499 0.248971 0.244387 18.1009 2.98185 0.0231239 2.95873 0.253233 0.252009 2.70549 0.042103 15.1191 0.795806 0.744406 0.00886895 0.235518 0.025499 2.66339 369.46 1.47771 1.41724 0.0408537 1.37639 14.3233 3.46967 0.163204 0.014701 0.00426347 0.00324458 0.656792 0.148503 3.30647 367.983 10.8536 0.149453 0.0076063 0.247607 3.27313 2.25949 0.0659026 367.725 254.184 113.541 0.134292 113.407 253.965 0.266805 0.0228728 0.0104376 2.19358 1.24017
internal_count=690769 689112 2196 1071 686916 1017 685899 78924 2341 606975 606851 76583 11574 2690 65009 23568 4632 18936 10304 5863 8632 4405 41441 16297 10373 513 2177 1368 4227 606296 2447 2205 1027 1178 25144 11729 2890 1621 1226 520 4608 1269 8839 603849 13415 1983 1285 1347 8446 5149 1906 603479 159460 444019 1715 442304 153314 584 150 395 3243 2345
cat_boundaries=0 4
cat_threshold=2224144384 25313537 3999270212 440
is_linear=0
shrinkage=0.05


Tree=61
num_leaves=63
num_cat=1
split_feature=11 4 14 20 12 3 18 4 4 17 20 8 12 12 14 15 18 18 21 18 12 18 10 3 20 13 12 19 10 13 13 20 14 20 8 18 6 18 13 19 13 14 11 10 19 14 21 13 13 4 15 19 21 17 10 13 12 12 18 23 10 21
split_gain=1.33501e+06 1.02363e+06 72808.1 3.04194e+06 33225.8 23548.7 18098.8 316594 8.38563e+06 3.82566e+07 27287.7 6802.47 5723.74 28723.3 1.72396e+06 4408.42 76860.2 998564 35632.6 111804 887316 2.4817e+06 11432.1 4042.78 3803.07 2942.57 50160.2 88005.3 23505.8 2797.79 60503.8 183960 6399.66 83013.2 1652.14 1946.5 236930 3578.49 200415 3393.63 1325.48 10149.7 900.537 3453.74 21456.4 58278 881.618 43601.3 505461 802.917 5323.98 739.865 3540.56 77315.5 55273.4 4538.49 11290 1056.13 769.306 703.232 2039.11 11765.1
threshold=18.791666984558109 20.94999980926514 0.076470591127872481 0.2603727281093598 -0.006785013945773243 8.8499999046325701 0.93540480732917797 0.45000000298023229 16.150000572204593 0.083333335816860213 0.77788564562797557 31.250000000000004 -0.013504956383258103 -0.022124446928501126 1.0000000180025095e-35 18.045855522155765 0.2269546836614609 0.35206145048141485 0.87291088700294506 -0.52778512239456166 0.0078970110043883341 -0.35206145048141474 0.22500000149011615 6.1499998569488534 -0.94705909490585316 0.0696452632546425 0.0044861577916890391 0.29012925922870642 1.0000000180025095e-35 0.046430176123976714 0.03482263162732125 -0.81429189443588246 0.021568628028035167 -0.69057363271713246 0.75000000000000011 0.84874749183654796 56.541666030883796 0.77259656786918651 0.045542273670434959 0.58216583728790294 0.15939795225858691 0.0098039219155907648 0.38750000298023229 2.1833333969116215 -0.95642796158790577 0.021568628028035167 -0.99273797869682301 0.14421720057725909 0.25386607646942144 18.349999427795414 5.4480953216552743 0.63405361771583568 0.88117334246635448 0.083333335816860213 0.22500000149011615 0.024972253479063514 -0.023409889079630371 -0.028309604153037068 -0.52778512239456166 0 5.3875000476837167 -0.13398942351341245
decision_type=8 2 2 2 10 2 2 2 2 2 2 10 8 8 2 2 2 2 2 2 8 2 10 2 2 2 8 2 10 2 2 2 2 2 8 2 2 2 2 2 2 2 10 10 2 2 2 2 2 2 2 2 2 2 10 2 8 10 2 9 10 2
left_child=1 2 5 -4 -5 6 11 12 9 10 -9 15 13 24 -15 23 18 -18 19 25 21 -21 -22 34 -8 -17 27 -27 -29 30 32 -32 33 -14 35 37 -37 42 -39 -40 -31 -42 46 44 -44 -46 47 -1 -49 51 -51 -48 57 55 -55 56 -54 -53 -57 60 61 -36
right_child=-2 -3 3 4 -6 -7 7 8 -10 -11 -12 -13 29 14 -16 16 17 -19 -20 20 22 -23 -24 -25 -26 26 -28 28 -30 40 31 -33 -34 -35 59 36 -38 38 39 -41 41 -43 43 -45 45 -47 49 48 -50 50 -52 52 53 54 -56 58 -58 -59 -60 -61 -62 -63
leaf_value=-0.40859888615074341 -148.84098519832997 -120.41021953854748 1027.8449570681419 -0.44343869601784908 -55.273534268494203 17.070590256082134 -20.822666268610877 -0.050305847473304126 -0.32030256704654814 -8386.3139338679521 -221.56557938665716 11.548207601497664 -1.7537524066540855 -0.94100183698609396 -1999.1633933574806 -0.50786477260454255 -793.06088755786277 -7.1339461967635316 16.195252566594597 -0.050127268787219126 -82.414089101765796 -2856.7925552717561 -0.050699438794106627 -11.385119486316089 -1.4574787574499641 -548.53596314459833 0.0035319587713210257 -0.050077120493796326 -209.90939138757719 -0.58979411153432737 -3.8358657868894173 -200.57368620888383 -0.26005056917035579 -150.14373284358928 0.23511802649722041 133.90143412373342 -0.29517766788655997 -485.735740052842 -0.87685909080525315 -87.083853871159377 -2.9106227964322069 -81.813920469059951 -0.053026352836289828 -0.58424842851054581 -262.72755288546341 -6.1300173046098294 -0.10175682591959288 -762.96648651518581 -7.117818443927006 -0.399605466538756 10.288510111026156 -11.140065331259343 -0.050187524027864229 -166.11830671994861 -0.050212631093639992 -7.7599598067916267 -90.006331873094382 -0.2651650698723228 -0.59026002695577717 -0.0048823697769228855 0.16324070683512781 8.6932478809885207
leaf_weight=4.6030416584370721 0.15110573375568392 0.17699036626242914 0.0073458257706223154 0.12786455691777521 0.035245996505807897 0.19837397038014515 0.026478884889642562 0.0060428367951517554 0.24509090214026075 0.0016693870250962866 0.0018057078946024504 0.12614303439477126 0.16557866050912776 0.056318000004594311 0.0011004864384950219 1.3379924669583585 0.0042869187024357899 0.070621635756086501 0.27332840249981583 0.0026402757549829031 0.0048564938897983556 0.0010676495890327019 0.031798503027983753 0.078672522629800734 0.59631846741473804 0.0010939205009384001 0.10419494209710482 0.0044484126317507295 0.0019060389571658731 25.926342739673554 0.051430521752396902 0.015451778745749906 2.0825294245431665 0.0099937889945031777 2.8588496886671235 0.033220553772600581 3.3149454585532325 0.0021618922308963831 0.17818267960402009 0.0011489776084707684 0.085141807584120682 0.0042806279600291755 0.054249343206743891 0.37584521101284607 0.0030443990719409989 0.0081006834200683109 130.42284462485372 0.0023593646237433851 0.035379836124794485 0.69166001475068484 0.14011594455669296 0.022340433486497058 0.011520990072917247 0.012344347494886436 0.0084337643421434974 0.038912877623524023 0.0050024396914521317 33.903503548449848 0.97150724569780122 130.19370276394807 38.35998986623251 0.48019468913186036
leaf_count=14482 2161 2342 14535 4623 14520 724 1285 791 128 1247 241 147 279 96 8265 304 353 1503 828 100 193 307 204 330 3714 219 403 94 74 39244 437 4286 3145 2086 242 1194 37374 6019 16295 3518 1347 3352 84 944 219 243 310505 3595 156 171 127 1109 350 18892 848 1791 1663 135628 3943 16571 763 114
internal_value=-0.252749 -0.193444 -0.137218 32.5332 -12.2915 -0.151941 -0.160978 -1.35508 -56.8672 -1512.97 -51.0141 -0.0607473 -0.868052 -5.40054 -39.2391 -0.0649475 -2.50705 -52.1115 -0.39978 -3.44401 -85.5251 -822.613 -10.9632 -0.0520034 -2.28081 -1.15858 -8.95714 -134.308 -62.9981 -0.759267 -2.42107 -49.2881 -1.03293 -10.2003 -0.049432 -0.157651 1.03632 -0.180962 -7.19809 -1.42919 -0.610754 -6.6877 -0.173528 -2.42945 -13.0345 -76.2224 -0.167702 -0.847431 -54.3717 -0.148726 1.40085 -0.156518 -0.360735 -3.22345 -98.7118 -1.29144 -27.2843 -0.272326 -0.866377 0.0606428 0.214869 1.4515
internal_weight=378.748 378.597 378.42 0.170456 0.163111 378.25 378.051 29.2756 0.254609 0.00951793 0.00784854 348.776 29.021 0.680216 0.0574185 348.65 1.83824 0.0749086 1.76333 1.49 0.0403629 0.00370793 0.036655 346.811 0.622797 1.44964 0.111643 0.00744837 0.00635445 28.3407 2.32498 0.0668823 2.2581 0.175572 346.733 174.84 3.34817 171.492 0.181494 0.179332 26.0158 0.0894224 171.31 0.44124 0.0653944 0.0111451 170.869 4.64078 0.0377392 166.228 0.831776 165.396 34.9736 1.04772 0.0207781 1.02694 0.0165234 33.9258 1.01042 171.893 41.699 3.33904
internal_count=690747 688586 686244 33678 19143 652566 651842 69943 2407 2279 1032 581899 67536 13360 8361 581752 4582 1856 2726 1898 804 407 397 577170 4999 1094 790 387 168 54176 10233 4723 5510 2365 576840 559150 38568 520582 25832 19813 43943 4699 494750 1490 546 462 493260 18233 3751 475027 298 474729 164224 27487 19740 7747 2013 136737 5734 17690 1119 356
cat_boundaries=0 3
cat_threshold=2281783296 0 1275068416
is_linear=0
shrinkage=0.05


Tree=62
num_leaves=63
num_cat=1
split_feature=4 9 4 18 5 21 14 21 21 9 11 4 6 19 17 11 16 6 14 3 13 10 21 21 6 23 7 11 3 11 21 18 10 17 6 9 11 0 19 20 21 14 7 12 16 9 12 13 21 21 20 12 21 9 6 21 17 20 20 18 16 19
split_gain=908640 170611 38730.7 12762.6 150256 3.14373e+06 660200 4.83043e+06 158649 138783 1.18747e+06 130707 97745.9 239859 1.08308e+07 1.56356e+07 81497.9 242238 28492 20731.6 12753.2 53718.6 208918 21300.2 21794.3 6206.11 2.90595e+06 225512 188150 158760 17046.2 297253 4150.55 38563.6 6691.27 3434.41 15351.1 3227.16 3106.96 37675.7 302009 2413.88 2031.55 1994.11 14726.7 1848.9 1478.51 979.385 931.655 6793.92 854.311 4915.31 19325.4 824.875 1152.39 791.112 10916.3 684.266 673.614 3677.93 666.27 8904.54
threshold=24.849999427795414 50.583333969116218 20.94999980926514 0.2269546836614609 0.19583333283662799 -0.35042476654052729 0.072549022734165206 -0.95242238044738758 0.88117334246635448 25.062500000000004 -14.291666507720945 4.1499998569488534 66.708332061767592 -0.22695468366146085 0.11666667088866235 1.0000000180025095e-35 1.0000000180025095e-35 56.541666030883796 0.076470591127872481 0.45000000298023229 0.12500925362110141 4.3541667461395273 -0.99983122944831837 -0.44505782425403589 53.541666030883796 0 19.274999618530277 18.416666984558109 7.2500000000000009 -22.416666984558102 0.93469110131263744 -0.16280825436115262 0.77500000596046459 0.083333335816860213 58.541666030883796 20.062500000000004 12.291666507720949 4.1499998569488534 -0.93540480732917775 0.49812944233417517 0.74298545718193065 0.0098039219155907648 24.354166984558109 -0.024899998679757115 0.083333335816860213 18.916666984558109 -0.018886675126850602 0.13270440697669986 0.4584775865077973 -0.33426210284233088 -0.99467751383781422 0.046215238049626357 -0.26037105917930597 0.11250000074505807 11.291666507720949 -0.99938741326332081 0.050000002607703216 -0.86976337432861317 -0.99940761923789967 -0.52778512239456166 0.15000000596046451 0.98611506819725048
decision_type=2 8 2 2 2 2 2 2 2 10 8 2 2 2 2 8 2 2 2 2 2 8 2 2 2 9 10 8 2 10 2 2 8 2 2 10 10 2 2 2 2 2 10 10 2 8 8 2 2 2 2 8 2 8 2 2 2 2 2 2 2 2
left_child=1 2 3 18 6 -6 8 11 9 12 -11 -8 13 14 15 -5 17 -15 25 -7 21 23 -23 24 -18 27 28 30 55 -30 37 -32 33 48 -35 38 -37 42 39 41 46 -14 47 44 -40 50 -41 53 49 -25 -45 -52 -53 54 -1 56 -27 -34 59 -49 -57 -62
right_child=-2 -3 -4 4 5 19 7 -9 -10 10 -12 -13 35 16 -16 -17 20 -19 -20 -21 -22 22 -24 32 -26 26 -28 -29 29 -31 31 -33 57 34 -36 36 -38 -39 43 40 -42 -43 -44 45 -46 -47 -48 58 -50 -51 51 52 -54 -55 -56 60 -58 -59 -60 -61 61 -63
leaf_value=-6.3425125872871355 -180.68825917310735 -55.270462879060247 -20.352777758548882 -8156.0866066677627 1981.6254824467451 -0.051778268128489485 -371.66882204253881 -3541.4625934100609 80.004781125487071 -0.050202599108346617 -1383.3288320335525 -4.5192741707520439 -6.403233854527592 -317.49411997233295 -14.514908165805057 -188.83311129564305 -114.26583788434348 -0.050615743425503873 37.507233676000702 -140.73419449756122 -0.52083752926465665 -0.71992612600771522 -176.27939542987414 -0.051084447071121197 -14.063310999770312 -82.691531992040524 -473.83312001676626 46.903582858525091 -17.568473062461422 -326.65842125441748 -0.38945720475896484 174.76645380275647 -4.0664846852815373 -148.06876427605519 -31.707515698424704 -0.065843484857830606 -29.341838183624233 1.1434658759281666 -0.49265732855898703 -28.597846277673142 -439.70600079875271 -0.12025284864894054 1.7275355985409875 -0.039515573720435127 -53.078713221907663 3.0902909574246178 -0.051513890319543947 -0.6519370394590891 -0.68761456877682336 -68.664349113535863 -0.52397438895330206 -111.18903441443337 -0.050668163264843573 0.019514815448024487 -0.2660813380825448 -0.19435053717717268 -1.6202356291064661 -0.095381501523448015 0.087329084529502304 7.5545727581537676 -0.43363402172026577 15.594584621266632
leaf_weight=0.078169574692963262 0.069712499279204532 0.14037235372450041 0.23678597807884116 0.0010053902400338902 0.0020941873765759752 0.033164644049532503 0.0030945656440075639 0.0010871368136630153 0.060580898666294014 0.014666383751698514 0.0017350076780105741 0.01118893176317215 0.18548941164278343 0.0083479353643544363 0.1338494707760382 0.0015891254632847539 0.0087553499186834513 0.021455171250189559 0.050588149329881982 0.0028432479829337198 0.68306177619914343 0.064628049731254578 0.022968593438611351 0.020778052116454931 0.014272885827298999 0.0042351696036394262 0.032398858028854671 0.25732369658453436 0.0085135819390416145 0.0081137018326832289 0.4105337075784945 0.025741143468635097 0.15743650348547167 0.0057386494190709587 0.0015744265807465909 0.21823701230863002 0.056335814508695625 6.593183350160273 0.11493627506459481 0.0052543856450200255 0.0044352880132546351 0.86930400842024214 1.7321107427752611 11.454809946950951 0.015058162116237894 0.3800501923913292 0.033172406558220853 0.48170089299480245 0.067427668546810704 0.0043658864332816903 33.241548043503457 0.0049487672354730705 0.018661087117480969 51.807255125376614 42.680216125084328 90.643425165995097 0.21206979743930401 0.34883739004399683 134.16523070767735 0.19053248164295233 0.90332439447740498 0.095846689139082453
leaf_count=219 1976 1376 519 3092 655 418 3521 20885 42125 135 353 38 1827 1290 1021 198 570 210 10609 494 520 29 1825 47 322 517 762 232 31 386 6881 1871 205 262 91 197 62 66 4691 537 495 5063 12 7321 1647 76 3497 154 112 320 188906 231 157 4992 49974 295404 2736 70 13121 58 5332 466
internal_value=-0.190923 -0.157728 -0.137311 -0.12467 -0.883847 98.3683 -0.962207 -328.599 -0.857824 -0.95949 -146.379 -84.0634 -0.909974 -13.1966 -76.5365 -3276.19 -7.15153 -88.9674 -0.0136854 -11.1603 -5.40965 -10.0685 -46.7531 -4.96115 -52.1604 -0.0194315 -0.346971 0.116496 -0.217767 -168.397 0.0708369 9.94511 -3.16803 -12.4828 -123.017 -0.497075 -6.07258 0.0527158 -0.46403 -3.09247 -49.0456 -1.22514 0.0216019 -0.400243 -6.58407 -0.382419 -3.95487 0.00872128 -3.75068 -11.9648 -0.411931 -0.540172 -23.3459 -0.114642 -0.27719 -0.187325 -3.20758 -1.33028 0.0952397 1.67405 -0.180196 1.10389
internal_weight=379.126 379.056 378.916 378.679 48.2988 0.0381021 48.2607 0.0153706 48.2453 48.1847 0.0164014 0.0142835 48.1683 1.56609 0.136444 0.00259452 1.42965 0.0298031 330.381 0.0360079 1.39985 0.716783 0.0875966 0.629187 0.0230282 330.33 91.9079 238.422 91.8755 0.0166273 238.165 0.436275 0.606159 0.0998847 0.00731308 46.6022 0.274573 237.728 46.3277 1.09766 0.0428621 1.05479 231.135 45.23 0.129994 45.1 0.0384268 229.403 0.0925716 0.0251439 44.72 33.2652 0.0236099 94.5656 42.7584 91.8589 0.216305 0.506274 134.837 0.672233 91.6426 0.999171
internal_count=691209 689233 687857 687338 293515 1567 291948 24444 267504 225379 488 3559 224891 10184 4311 3290 5873 1500 393823 912 4373 3853 1854 1999 892 383214 305634 77580 304872 417 77348 8752 1107 832 353 214707 259 68596 214448 11419 4529 6890 68530 203029 6338 196691 4034 68518 479 367 196615 189294 388 55185 50193 304455 3253 275 13333 212 301202 5798
cat_boundaries=0 3
cat_threshold=2327396352 49153 1315176960
is_linear=0
shrinkage=0.05


Tree=63
num_leaves=63
num_cat=2
split_feature=4 9 8 11 4 7 10 6 21 21 14 19 14 12 19 15 23 2 19 6 10 13 16 23 6 15 13 10 21 19 14 5 3 12 15 16 5 4 19 8 9 11 21 5 15 10 15 12 3 15 21 19 15 19 12 21 21 14 12 5 21 19
split_gain=2.30933e+06 127316 1.76469e+06 44177.4 576862 66058.8 118107 62702 4503.35 2.99361e+06 13904.6 1.19773e+06 258815 490613 12048.1 42945.3 4970.16 271388 4614.05 3571.95 24821.2 2139.06 4868.12 1877.67 7696.09 59857.9 1608.61 9451.75 54517 36696.1 1219.31 28422.3 65312.6 112806 12248.9 30370.7 4872.68 6535.97 15426.8 1002.21 930.141 848.991 1962.53 55755.7 796.91 94245.3 2476.77 4002.52 766.895 4349.44 4102.8 11205.1 807.402 10460.1 6488.71 712.822 681.193 680.847 10548.5 653.821 615.139 516.233
threshold=20.94999980926514 48.125000000000007 5.2500000000000009 19.083333015441898 11.250000000000002 18.791666984558109 31.062500000000004 1.2083333134651186 0.93469110131263744 0.98770287632942211 0.072549022734165206 0.77259656786918651 0.076470591127872481 -0.0077281782869249574 -0.63405361771583546 1.5103637576103213 0 1.0000000180025095e-35 0.97335553169250499 5.0416667461395273 47.145833969116218 0.0077383627649396667 0.11666667088866235 1 16.625000000000004 2.4150925874710087 0.16054482758045199 1.0500000119209292 -0.99761277437210072 -0.84874749183654774 0.0058823532890528449 0.79583334922790538 0.84999999403953563 -0.015623745042830704 19.372763633728031 0.11666667088866235 0.19583333283662799 2.1499999761581425 0.84874749183654796 32.250000000000007 0.11250000074505807 0.31666667759418493 -0.40613879263401026 0.095833335071802153 0.62181878089904796 0.38750000298023229 0.46890872716903692 0.0052600041963160047 1.0000000180025095e-35 18.045855522155765 0.85561370849609386 -0.16280825436115262 -0.11054482683539389 -0.84874749183654774 -0.001968187745660543 -0.95242238044738758 -0.99983122944831837 0.051905291154980666 0.046215238049626357 0.21249999850988391 -0.35846087336540217 -0.41248606145381922
decision_type=2 8 8 8 2 8 8 2 2 2 2 2 2 8 2 2 9 8 2 2 10 2 2 9 2 2 2 8 2 2 2 2 2 8 2 2 2 2 2 10 10 10 2 2 2 8 2 8 2 2 2 2 2 2 10 2 2 2 10 2 2 2
left_child=1 3 -3 5 -5 7 -7 -1 10 14 16 12 -12 -14 -10 -16 17 48 -17 20 -18 22 -21 24 25 -23 40 28 -28 -30 31 34 -33 -34 36 -36 56 38 -38 41 -26 42 43 44 45 46 -32 -48 49 52 51 -51 53 -9 -55 -31 -25 -29 -59 -43 -61 -44
right_child=-2 2 -4 4 -6 6 -8 8 9 -11 11 -13 13 -15 15 18 19 -19 -20 21 -22 23 -24 30 26 -27 27 57 29 55 39 32 33 -35 35 -37 37 -39 -40 -41 -42 59 61 -45 -46 -47 47 -49 -50 50 -52 -53 -54 54 -56 -57 -58 58 -60 60 -62 -63
leaf_value=29.133931729369426 -342.99029729685259 -0.18071724637248113 -570.07267366042311 -121.67249839995344 1.6616423875188155 45.284927271387431 -1.0748232817814902 -0.053837789970562357 -0.13226946605198531 832.58248489050482 -0.29994007547708262 -1676.4163771359542 -681.70849067039399 46.02480216195066 -225.97552913396058 -68.657380341508258 -101.34435288706587 -69.214513250679133 -0.050232786151745562 12.384991752748526 -1.5312397659949548 38.382277462358068 -0.059367279884195316 -5.5774848765812832 -0.26574059142103262 -0.81981396651025917 37.084649419534571 0.098432789323558173 60.987273289223289 -4.5909897355870246 -0.45109382081783195 -0.050592964032234893 -31.3925007019037 -514.64238538016377 -74.503190585995029 -0.051436541210626519 -96.152302344688209 -2.7677241973491933 -4.1577225195733112 -4.9366248164592239 0.033730138512652774 -0.018042795895589665 -0.082284425822976848 -34.023680329467005 -0.43382801586031072 -280.37581284901285 -109.13823133777235 -0.050030758139205461 -4.2723937731628201 -141.31226200990972 -6.063328870352354 -0.050082617667108975 -0.71348012282356443 -24.083406642928516 -121.78029382253108 -0.40727013001216233 -0.37876847087257876 -0.24499526260474652 9.7022106016375105 -3.6480162033754064 -0.084967448269579249 -0.30863475466138923
leaf_weight=0.18323442273771107 0.049119208399303171 0.20244763554144019 0.014560843462666173 0.10483536194226306 0.99121056497097015 0.22340425459345059 0.35679659459912738 0.070684808968890248 5.9446315537206855 0.010809083469211944 0.54306248122814682 0.0010736869047889277 0.0040342786244168018 0.0054375210747821777 0.0026557409710951932 0.002910905727898201 0.0069105758136654974 0.14868163238039489 0.015499744727362073 0.11256586607021191 0.063111585061104591 0.11446466091370355 0.26035624742507935 0.06336173576108528 50.147469608563988 0.65216274848075484 0.11711656152759753 63.734919576951498 0.024574628771219853 0.11831538209722514 0.48401820919113042 0.011582947336137839 0.0031905722265675443 0.0019430542437312674 0.019475381459060581 0.04617095529101789 0.007283918559728683 0.036808158594236862 0.012173140832773013 0.11014278138716704 53.687824569484583 71.769435140268953 63.50773566162438 0.12512796181879693 13.973690868616057 0.0030321869888728639 0.0013750345650909417 0.0021644050590577122 0.16627157063079234 0.0024776616764939042 0.0081784017049395686 0.0032388811329864993 6.4576287610851475 0.004160911147926819 0.00287311022772168 0.72987179422648885 11.391968326116746 2.2554975073689052 0.30223247570251954 0.24151311426352992 0.24303167314823296 41.74910246816637
leaf_count=610 2512 274 1180 1010 69 103 173 151 12750 34261 2055 11837 4547 13774 15361 15789 846 2191 1631 890 466 104 39 675 40662 321 58 1556 325 292 7539 6 18 146 379 56 118 36 18 46 3658 10711 101033 1041 154275 3533 1630 1200 877 93 19 47 28822 205 484 1498 39100 490 73 72 47 167592
internal_value=-0.175204 -0.132205 -38.4194 -0.110976 -10.1351 -0.0828253 16.7758 -0.107925 -0.12168 1.24026 -0.142902 -8.06125 -4.8193 -263.935 -0.266031 -38.0116 -0.131456 -0.976179 -10.8977 -0.0877542 -11.3819 -0.0879848 3.69694 -0.0917418 0.0329787 5.03343 0.0125034 0.202948 5.05267 0.754272 -0.18926 -0.696505 -65.8463 -214.3 -0.602434 -22.1391 -0.479618 -15.1577 -38.5967 -0.16851 -0.1109 -0.165776 -0.247393 -0.790859 -0.503367 -2.48408 -0.755838 -42.4296 -0.918998 -0.833862 -28.7784 -61.2759 -0.774449 -5.84032 -63.9886 -0.990866 -0.407524 0.130532 0.93041 -0.0304013 -1.86091 -0.172064
internal_weight=391.652 391.603 0.217008 391.386 1.09605 390.289 0.580201 389.709 389.526 5.97651 383.55 0.553608 0.552534 0.0094718 5.9657 0.0210664 382.996 6.8642 0.0184107 376.132 0.0700222 376.062 0.372922 375.689 171.884 0.766627 171.118 67.2825 0.989878 0.872762 203.804 11.594 0.0167166 0.00513363 11.5772 0.0656463 11.5116 0.0562652 0.0194571 192.21 103.835 192.1 119.846 14.5894 14.4643 0.49059 0.487558 0.00353944 6.71551 6.54924 0.0138949 0.00571654 6.53535 0.0777188 0.00703402 0.848187 11.4553 66.2926 2.55773 72.254 0.484545 105.257
internal_count=691374 688862 1454 687408 1079 686329 276 686053 685443 79792 605651 32213 20376 18321 45531 32781 573438 32889 17420 540549 1312 539237 929 538308 49037 425 48612 4292 2173 2115 489271 40552 170 164 40382 435 39947 172 136 448719 44320 448673 437843 169218 168177 13902 10369 2830 30698 29821 159 140 29662 840 689 1790 39775 2119 563 10830 119 268625
cat_boundaries=0 3 7
cat_threshold=2098176 544768 2 2281766912 0 1214251264 272
is_linear=0
shrinkage=0.05


Tree=64
num_leaves=63
num_cat=0
split_feature=4 14 11 6 11 18 5 6 12 15 21 18 10 12 17 12 6 10 15 19 21 20 17 13 10 12 12 20 11 20 20 3 4 21 7 13 18 3 21 18 10 5 14 12 20 20 20 6 12 10 21 12 14 19 11 11 21 13 12 16 14 12
split_gain=1.15064e+06 55315.6 19533.6 851979 11911.1 12156.3 5.93487e+06 9977.52 10900.5 5944.75 5095.94 18504.9 9235.71 8196.54 3868.17 13443.9 3748.06 87413.2 122685 1356.16 7179.97 266362 516948 66232.8 13109.9 5341.46 25404.2 3988.75 2076.23 6086.32 1125.79 3431.27 1921.42 837.719 5257.7 13220 745.442 735.22 696.446 3601.79 10541.3 681.359 673.623 34085.2 622.196 539.652 2237.93 2085.68 15460.2 95085.2 649.71 7962.31 483.928 3433.85 726.764 30100.5 638.156 961.841 480.93 472.028 425.955 1462.32
threshold=20.94999980926514 0.076470591127872481 19.083333015441898 0.45833332836627966 18.416666984558109 0.2269546836614609 0.19583333283662799 16.375000000000004 -0.010393356904387472 16.81755352020264 0.87709078192710888 0.91037613153457653 1.0000000180025095e-35 -0.00021322058455552903 0.18333333730697635 -0.007540002465248107 5.3750000000000009 39.562500000000007 1.0019960403442385 -0.22695468366146085 -0.21862536668777463 -0.54939359426498402 0.083333335816860213 0.22200778126716617 2.0499999523162846 -0.0064024177845567456 -0.012750047724694012 0.49812944233417517 -0.14583333581686017 -0.76141706109046925 -0.98214942216873158 4.1499998569488534 18.349999427795414 -0.17646729946136472 1.0000000180025095e-35 0.24617092311382296 0.81241145730018627 1.0000000180025095e-35 -0.86974579095840443 -0.99892947077751149 0.55000001192092907 0.045833334326744087 0.06862745434045793 -0.012036949396133421 -0.97876849770545948 -0.90163370966911305 -0.92274349927902211 48.541666030883796 -0.017043100669980046 9.4499998092651385 0.13185577094554904 -0.0056933835148811332 0.056927841156721122 0.98611506819725048 -0.45000000298023218 -0.55000001192092884 -0.99761277437210072 0.34724903106689459 -0.022540003061294552 1.0000000180025095e-35 0.013725490774959328 0.024171720258891586
decision_type=2 2 8 2 8 2 2 2 10 2 2 2 8 10 2 8 2 8 2 2 2 2 2 2 8 8 8 2 8 2 2 2 2 2 8 2 2 2 2 2 10 2 2 8 2 2 2 2 8 10 2 8 2 2 8 8 2 2 8 2 2 10
left_child=1 2 3 -1 5 16 7 8 -7 10 14 13 -13 -12 19 -16 17 18 -5 20 21 22 23 -9 -23 26 44 -26 29 -21 31 32 33 34 35 -18 -15 45 39 40 -32 42 -40 -44 -22 46 47 48 -30 -50 -49 -52 54 -54 55 56 57 -41 -35 -27 61 -56
right_child=-2 -3 -4 4 -6 6 -8 9 -10 -11 11 12 -14 36 15 -17 30 -19 -20 28 25 24 -24 -25 27 59 -28 -29 37 -31 38 -33 -34 58 -36 -37 -38 -39 41 52 -42 -43 43 -45 -46 -47 -48 50 49 -51 51 -53 53 -55 60 -57 -58 -59 -60 -61 -62 -63
leaf_value=261.1109615292745 -172.03073580763214 24.295128994020505 -3.8958071359137016 -11.097612075653437 5.0459375784889531 16.356427851221291 -776.19053770942844 -414.62762125787572 -0.71577567820131893 -8.8421484452842769 -23.787710524955553 -168.12079139853861 -0.050058970764733313 -0.36829741124252974 -2.1282338525009963 -87.371131802023967 -0.49553899170909582 -0.44834481597986753 -427.28979799547074 -68.731001083517967 -18.922619435719028 -39.674389441449023 -1197.4820675569651 -11.447072429274344 -0.24849841938402517 -6.7718614155220465 -128.79780576257897 -40.861370558288414 -0.79399710198467544 -0.050200146662309778 25.153729052074862 6.1070679468040829 3.7175587213202697 0.96898169783158328 -0.083855174773808813 32.28425920599468 -38.264806333394901 0.074631075443415393 -0.21966356329985934 -1.5917323871975002 -4.4546244436513147 0.060119450900859343 59.526940618397262 -0.40015671323676766 -0.051300781812376454 -0.42561178115583242 -16.22535708520385 -0.5113227837305695 -470.75768306614623 -6.1281579355977911 -62.034379839054999 -1.793074248619632 -0.4630767605107895 -14.444807849239423 -0.27354753652973568 52.95408565555978 -0.30683368047402754 -16.985776222617023 0.051725770090318236 -0.45459195619649373 0.036360360744135227 -4.944635769178694
leaf_weight=0.031206669984554902 0.097398100349038397 0.23124579226805408 3.4780195886660286 0.0044851745479952297 1.0980205549121809 0.18267883360385895 0.024673398262264779 0.0013266516401044121 0.19152727723140017 0.21667453413679894 0.050558483159728634 0.0026774452390979676 0.0011765750717141433 0.15793244009580867 0.024064212516412175 0.0057260055979935663 0.090725750035648256 0.19473400720004558 0.0029257583892742878 0.0043680295268462193 0.0052983219664476311 0.022713908451670043 0.0013361927748933144 0.0043871515298433425 0.46274179124660059 0.029760444460621538 0.0046602818629399847 0.0061257802147200438 0.06738344829188439 0.012334417330127417 0.053774533037108302 0.24064541607341183 0.36949749758942019 1.4681907153309934 0.70068119466804157 0.046534452965386192 0.0013083948522945579 7.2377811840137047 128.383754238428 0.032455709310899188 0.068169618244515312 28.553165086077769 0.024338184178001175 0.94627711484706789 0.024870014009085964 28.725250514288952 0.024576032118164615 2.0299374871775733 0.0012745572281358331 0.0080925654879331274 0.0056466040988400173 0.19186489037905405 1.5873878542542885 0.045162977465038501 5.1541110519697888 0.02735572975536571 0.47000928361273014 0.014762309401170744 53.574129628007789 4.6162135041687034 79.91190599130212 0.1731800368843065
leaf_count=475 2489 33573 1922 112 80 1155 1347 5563 1567 3043 10999 12801 617 13657 1154 2377 807 510 769 2627 1485 24758 8662 234 7283 2952 4455 3294 125 2554 602 32 59 684 258 14 3852 611 287823 245 577 4345 719 2717 1850 95808 2578 10534 272 139 2519 3470 5388 812 11268 527 1547 60 21281 35709 40288 858
internal_value=-0.198848 -0.15121 -0.167312 -0.130007 -0.153461 -0.169939 -0.942975 -0.511409 7.61848 -0.580633 -0.539699 -8.24277 -116.811 -6.24836 -0.501881 -18.5129 -0.0564746 -6.86255 -175.406 -0.489543 -1.2489 -6.95265 -312.107 -105.059 -2.57629 -0.641299 -20.1492 -0.779108 -0.386875 -18.0116 -0.051918 0.14933 0.123842 0.100079 1.66911 10.6176 -0.679672 -0.379187 -0.098236 0.0148838 8.60197 -0.160946 -0.209743 1.10252 -3.36558 -0.484959 -1.217 -1.05693 -9.16088 -69.349 -0.77769 -3.5153 0.00290494 -0.849868 0.0191341 1.83989 -0.863498 -6.40455 0.0761925 -0.495058 0.00750147 -0.425396
internal_weight=351.421 351.324 351.093 347.615 347.583 346.485 44.3469 44.3223 0.374206 43.9481 43.7314 0.213653 0.00385402 0.209799 43.5177 0.0297902 302.138 0.202145 0.00741093 43.4879 5.17943 0.498631 0.00705 0.0057138 0.491581 4.6808 0.0348286 0.468868 38.3085 0.0167024 301.936 56.4904 56.2498 55.8803 0.837941 0.13726 0.159241 38.2918 245.446 87.5383 0.121944 157.908 129.354 0.970615 0.0301683 31.054 2.32878 2.3042 0.0767506 0.00936712 2.22745 0.197511 87.4163 1.63255 85.7838 0.544583 0.517227 0.047218 55.0423 4.64597 85.2392 5.32729
internal_count=690892 688403 654830 652908 652433 652353 270051 268704 2722 265982 262939 41926 13418 28508 221013 3531 382302 1391 881 217482 96245 49794 14459 5797 35335 46451 7790 10577 121237 5181 380911 23135 23103 23044 1079 821 17509 116056 357776 62172 1179 295604 291259 3436 3335 115445 19637 17059 536 411 16523 5989 60993 6200 54793 2379 1852 305 21965 38661 52414 12126
is_linear=0
shrinkage=0.05


Tree=65
num_leaves=63
num_cat=1
split_feature=11 13 19 4 19 6 14 11 0 3 20 11 21 19 11 10 21 10 5 10 15 15 7 21 12 7 23 14 7 17 21 1 20 14 5 6 13 15 10 10 16 15 17 19 14 15 19 21 20 13 12 15 14 20 20 13 20 4 21 12 1 19
split_gain=511948 3.28579e+06 430449 318726 3.97095e+06 1.60756e+07 4.30847e+06 110759 77320.4 32068.8 123617 9220.98 23918 28406.4 945067 18603.1 133574 134200 14711 9793.3 88132.3 1.36939e+06 1.80653e+06 124231 146174 16549.9 4953.74 17627.5 457434 39279.1 7944.8 2.46752e+06 1.67056e+07 99973.3 25834.5 8099.46 7426.93 10801 5131.92 16512 26147 19523.2 3196.83 21825.5 6061.04 9541.82 4646.37 25822.7 17898.6 7644 61334.5 18866.5 7032.44 5923.11 5340.78 3047.34 6851.22 2855.31 2631.17 2531.05 2445.8 3746.16
threshold=19.083333015441898 0.28653348982334143 -0.58216583728790272 20.94999980926514 0.91037613153457653 13.791666507720949 0.0058823532890528449 18.083333015441898 7.2500000000000009 5.5499999523162851 -0.82415616512298573 -0.14583333581686017 -0.85225707292556752 -0.47114434838294977 -0.55000001192092884 36.062500000000007 -0.91595870256423939 76.208332061767592 0.19583333283662799 5.6833331584930429 5.3286950588226327 3.9142582416534428 2.1458333730697636 -0.99938741326332081 0.081712700426578536 1.3874999880790713 0 0.072549022734165206 1.8541666865348818 0.083333335816860213 -0.35042476654052729 1.0000000180025095e-35 0.90162119269371044 0.06862745434045793 0.26250000298023229 5.3750000000000009 0.0095819463022053259 1.9333974123001101 0.35416667163372045 0.14583333581686023 0.083333335816860213 4.1668682098388681 0.083333335816860213 -0.35206145048141474 0.055752867832779891 2.3389086723327641 0.41248606145381933 -0.99465739727020253 0.27694219350814825 0.1644140109419823 -0.0084969792515039427 1.4662250876426699 0.040600210428237922 0.48314048349857336 0.24372619390487674 0.10435690730810167 0.19337368011474612 18.349999427795414 -0.92921787500381459 0.0052600041963160047 0.15000000223517421 0.95642796158790599
decision_type=8 2 2 2 2 2 2 8 2 2 2 10 2 2 8 10 2 8 2 8 2 2 10 2 10 10 9 2 8 2 2 10 2 2 2 2 2 2 10 10 2 2 2 2 2 2 2 2 2 2 8 2 2 2 2 2 2 2 2 8 10 2
left_child=3 2 -2 7 5 6 -5 8 9 11 -11 12 13 14 -1 19 17 -17 -14 25 21 22 -21 -23 -25 58 27 36 29 -29 31 33 -33 34 38 -32 37 -13 39 42 41 55 -28 -44 46 -46 47 -45 52 50 51 -50 54 -53 -49 56 -41 60 -15 -22 -38 -62
right_child=1 -3 -4 4 -6 -7 -8 -9 -10 10 -12 26 18 15 -16 16 -18 -19 -20 20 59 23 -24 24 -26 -27 30 28 -30 -31 35 32 -34 -35 -36 -37 57 -39 -40 40 -42 -43 43 44 45 -47 -48 48 49 -51 -52 53 -54 -55 -56 -57 -58 -59 -60 -61 61 -63
leaf_value=-0.58204004982835833 16.403122389781824 -605.93616161208115 -197.12750337468876 -27.582447247808354 4.0435485455955611 -6598.8145599240252 -1856.8071388070073 71.501390957825976 32.299624812173782 -12.423096654761594 -321.71307416113666 15.663213677353463 -0.2245888779628607 -1.5076185038501633 -407.22131695302477 -534.79942904636812 -0.051720148825818296 -34.917986021595972 -22.828606520235592 -2764.4073675138602 -8.2506822673570834 -0.69017531217360029 -95.980534162321874 -419.25486876207555 -10.487130058496536 24.294936255478156 -1.1478300165360373 42.142547352451345 781.87595090065736 -2.6053449858287951 13.186381010233646 -4701.15234782892 -0.050754468592392993 -82.010221682572663 -37.122970310498779 -0.19237288291282043 -0.027380578806634633 -1.0359447847396808 -0.25379490198297455 -85.183489332203237 -273.57318984993759 -7.7093052667651678 -98.299463860811841 -1.4193164038241566 -18.348841159923172 -157.80985525995987 -0.38440937599894975 -57.66711359258592 -9.5095612720840332 -4.3733285903859223 -366.53577341356663 -214.43171342543334 -190.18183129194003 -78.878170711007371 -143.88521913740016 -53.760902541376019 -222.69929811108227 5.3065528836836684 -8.6470572384359965 -0.83074795769207599 -10.768982907519129 -0.29321077292388248
leaf_weight=0.31038087521667046 0.19283188879489899 0.0258256429924969 0.026893166819224268 0.016284706418026259 0.23048678040504456 0.0010986738516306485 0.0040121561389325792 0.053883055363939003 0.1830380858888806 0.024110059719532728 0.0037304871948425902 0.18436892113270764 11.182793527776596 1.6861167237278694 0.014977928630070636 0.0025244661917987197 0.03219358360749721 0.0028679719508426568 0.072446122227248888 0.0010671430670366863 0.14036476362862982 0.078682534511137145 0.0015636323729389123 0.0040543305767269666 0.0047485744935391871 0.061605521729274026 8.2766895172146278 0.062801927328097612 0.0019183399829785222 0.2238061605816424 0.11326112993857762 0.0021696597836446266 0.014647246445613505 0.037824171939781048 0.048556341883560061 95.282707395711341 223.1920966945639 0.20394300297210344 25.143145947737015 0.0046930409095709931 0.0010964235471566585 0.032370806286295017 0.0061069180181195773 0.36617745711160765 0.0054362789781838283 0.0015838267516756202 0.61611538730582416 0.012994439790360225 0.026328596303586901 0.033905095908198755 0.0013641340810058673 0.001398720988334377 0.0013142092597874565 0.0019013278607911107 0.0020842715256905201 0.0037169393418136744 0.0011223466309365909 0.25054819076947765 0.13974668748881725 0.63431854220468398 0.13410581452831702 0.23468652638029444
leaf_count=693 386 876 876 96 368 516 1333 97 169 452 595 645 18833 1213 988 443 133 107 291 1368 348 57 87 419 15 22 50624 2354 49 6689 348 2393 124 15997 173 307251 153668 319 77346 2699 1930 1024 11715 735 2089 608 9377 1824 365 303 1583 47 1674 283 85 2076 1632 144 496 606 453 27
internal_value=-0.265406 -72.4373 -9.73188 -0.217433 -56.4428 -708.041 -389.172 -0.17907 -0.189534 -0.205653 -53.8663 -0.201603 -1.44324 -5.32055 -19.3017 -3.69004 -38.6285 -268.937 -0.370083 -3.21291 -7.61918 -54.4186 -1178.4 -20.6194 -198.752 -1.19404 -0.151274 -0.000232832 12.3505 7.19987 -0.382582 -1.06054 -606.571 -0.766458 -0.677613 -0.176489 -0.0161376 6.89275 -0.626377 -1.62334 -32.5364 -26.2295 -1.48123 -4.04408 -3.50643 -49.8131 -3.20079 -7.07864 -32.5713 -20.7797 -38.7278 -23.6351 -79.2529 -136.332 -69.5847 -89.1221 -111.723 -0.0281245 -2.05405 -2.17516 -0.0341031 -4.10257
internal_weight=369.66 0.245551 0.219725 369.414 0.251882 0.0213955 0.0202969 369.162 369.108 368.925 0.0278405 368.897 14.3705 3.11521 0.325359 2.78985 0.037586 0.00539244 11.2552 2.75227 0.8648 0.0901162 0.00263078 0.0874854 0.00880291 1.88747 354.527 224.488 0.288526 0.286608 130.039 34.6427 0.0168169 34.6259 34.5881 95.396 224.2 0.388312 34.5395 9.3964 0.0429996 0.0419031 9.3534 1.07671 1.0706 0.00702011 1.06358 0.447468 0.0812908 0.0648979 0.0309928 0.0296286 0.0163929 0.00330005 0.0150787 0.00953233 0.00581539 223.811 1.82586 0.774683 223.561 0.368792
internal_count=690536 2138 1262 688398 2313 1945 1429 686085 685988 685819 1047 684772 26119 6995 1681 5314 683 550 19124 4631 2900 1946 1455 491 434 1731 658653 164348 9092 9043 494305 186706 2517 184189 168192 307599 155256 964 168019 90673 9361 7431 81312 30688 18973 2697 16276 6899 6164 2581 2278 695 3583 330 1909 6407 4331 154292 1709 954 154148 480
cat_boundaries=0 4
cat_threshold=2316419120 1476592128 812386048 1929
is_linear=0
shrinkage=0.05


Tree=66
num_leaves=63
num_cat=0
split_feature=4 4 10 8 11 8 9 18 14 21 21 3 8 0 18 12 14 15 13 21 12 12 12 13 10 11 15 5 21 11 14 15 13 2 13 18 5 16 6 21 10 21 20 3 18 2 12 12 13 20 18 14 13 13 14 18 18 11 5 15 10 6
split_gain=432233 9.92928e+06 293048 150663 11424.3 153865 977000 29228.2 10404.8 4.94923e+06 383060 6294.9 2887.4 41785.8 4314.91 7824.08 14950.5 8529.24 6738.81 5318.64 4459.81 3764.2 3038.29 2766.58 2421.2 2390.5 3582.9 46045.8 687330 2997.11 2283.61 12261.5 1894.8 6602.95 2090.82 1812.99 9410.68 17202.5 3326.26 15169.7 1655 4830.26 1653.74 1524 7260.65 1507.24 1210.19 71953.7 666479 57941.5 120288 3747.72 19494.9 1193.06 27877.9 4502.43 1160.85 3286.66 1516.17 1158.61 1078.32 26011.1
threshold=20.750000000000004 28.150000572204593 6.3541667461395273 30.750000000000004 17.550000190734867 22.750000000000004 17.72500038146973 -0.58216583728790272 0.072549022734165206 -0.4755979031324386 -0.94137725234031666 0.94999998807907116 0.75000000000000011 3.2500000000000004 -0.99892947077751149 -0.0042626217473298303 0.0098039219155907648 1.7978174686431887 0.20682702213525775 -0.97874867916107167 -0.015888212248682972 -0.0087189744226634485 -0.012979992199689148 0.0077383627649396667 0.14583333581686023 -0.14583333581686017 8.4214282035827654 1.0000000180025095e-35 -0.63919836282730091 -0.55000001192092884 0.064705885946750655 1.8878175020217898 0.063448023051023497 1.0000000180025095e-35 0.053132651373744018 -0.22695468366146085 0.12916667014360431 0.18333333730697635 16.375000000000004 0.57605713605880748 0.85416665673255932 -0.99052476882934559 0.24372619390487674 0.15000000223517421 -0.98611506819725026 1.0000000180025095e-35 0.025019999593496326 0.025897998362779621 0.15667565166950229 -0.98214942216873158 -0.81241145730018605 0.054168537259101875 0.17306696623563769 0.16319314390420916 0.045542273670434959 -0.097964655607938753 0.81241145730018627 5.3541667461395273 0.82083332538604747 2.233964323997498 54.062500000000007 23.208333015441898
decision_type=2 2 10 8 8 8 8 2 2 2 2 2 10 2 2 8 2 2 2 2 8 10 10 2 10 8 2 2 2 10 2 2 2 10 2 2 2 2 2 2 10 2 2 2 2 8 10 8 2 2 2 2 2 2 2 2 2 10 2 2 8 2
left_child=3 -2 -3 4 8 7 -7 -6 12 10 11 -10 13 14 15 16 -1 22 32 -19 59 -22 -18 24 -16 26 40 28 -28 -30 35 -32 33 34 -17 46 38 -38 39 -37 41 -25 -24 -42 -45 53 60 48 -48 50 -49 -51 -53 -40 55 -55 58 -58 -14 -21 -27 -62
right_child=1 2 -4 -5 5 6 -8 -9 9 -11 -12 -13 56 -15 23 18 17 19 -20 20 21 -23 42 25 -26 30 27 -29 29 -31 31 -33 -34 -35 -36 36 37 -39 45 -41 43 -43 -44 44 -46 -47 47 49 -50 51 -52 52 -54 54 -56 -57 57 -59 -60 -61 61 -63
leaf_value=-39.506925647315121 2365.3482853198961 66.649520289031713 -157.05133213320755 -43.648712568304092 -11.989478650862207 -0.055391416463457778 -438.00541894471201 12.941380768126326 -1.0253826473562824 2753.7126588424912 -342.83198807441772 13.533451652727079 0.011178499896992627 -80.822248657262946 10.886678496556517 -18.554003139683605 -0.60813595013984667 -5.854004592455027 9.847148073721586 -33.40024211697007 -17.941226428538538 -59.767098191527808 -10.468048543890832 -1.5718601826406395 -0.685111102469528 -0.10448561632957459 -1317.5482473235145 -0.43825318779103206 -3.0540954835984699 -86.112420116017049 -0.45627036525687487 11.997784709260676 -1.0710733155802257 -0.50387132239319754 -46.561718839948298 -0.66502170567554342 -29.637103387756362 -0.059449870280762901 -0.36953054429453469 15.483598398225746 -0.58290575126214506 -20.713248093229183 -37.88256837337665 -0.078142583686158312 -18.82276488547317 -19.601985017371149 -0.050124367147996368 315.15569344315617 1320.5655662807831 -0.61659682863500898 -23.49315805686966 -6.2075145096612196 -232.92483110106207 -20.701441619287937 -80.077217256870597 -0.88589097850979381 -12.085467548688817 -0.60255308233739291 1.3143737683617731 -86.019628774066192 -0.3897005808865594 44.967701900916424
leaf_weight=0.032863979663496634 0.0046081030064298858 0.029280174523591995 0.029280174523593994 0.19900504372748073 0.18030536605101821 0.089698166790185385 0.014841714731806732 0.33783802781612449 0.22684958688072798 0.0016341305992859647 0.0081660650264321344 0.11036974191665649 167.07597604605087 0.01609479966449967 0.10509438197922705 0.021502498197678285 0.45757927599394582 0.076175991655726416 0.1413346329405013 0.0014947565016636345 0.066697470823812666 0.005851168660722105 0.033275039061914598 0.16571717864639926 0.079320430755615234 107.7006401032541 0.0010625540635324704 0.19732028370540039 0.016642739898280624 0.0011619476545810413 1.0375949114233738 0.24413548200579649 5.1337168662868491 0.089384774574845505 0.0096557454902652246 0.70406660114335573 0.077748575800994923 0.13368850946426392 65.480968588280007 0.18328521117885166 4.5126755852998617 0.041140250579967369 0.0065906269928300764 0.23044031225071562 0.066589084097869539 0.010229411534821931 0.0096698976752953268 0.0044429566995782604 0.0010601116709950129 1.0383039293638108 0.0063985409807817634 0.0081202176067054557 0.0010735382033618618 0.029055818879815454 0.011246253540161066 2.1395748121469746 0.074805823738754162 0.37318246330034005 2.2620867041360375 0.0034855503710979423 0.61530802326038136 0.033320029048923394
leaf_count=222 1037 441 1052 1648 102 5 373 182 5383 17409 14667 30 16745 393 1791 457 303 46 249 85 320 300 151 105 142 244152 769 62 800 914 5530 1863 3592 23 483 2519 1799 8 317242 256 14786 1560 275 55 578 1381 274 67 906 4973 82 551 1565 402 5567 9696 2121 270 446 192 586 1178
internal_value=-0.132606 130.647 -45.2009 -0.155431 -0.131504 -6.8982 -62.2319 4.26585 -0.119836 8.53385 -4.45448 3.73963 -0.12816 -0.261531 -0.254741 -1.56541 -6.60315 -4.94248 -0.926761 -15.2372 -24.4566 -21.3146 -1.76153 -0.211643 5.90942 -0.217754 -1.27119 -7.57365 -82.1982 -8.47455 -0.18704 1.9159 -1.21657 -7.41299 -27.2334 -0.202166 -0.403341 -10.9356 -0.370859 2.67052 -0.999588 -5.37874 -15.0002 -0.811248 -4.28038 -0.41074 -0.0757272 1.5983 130.425 0.292181 115.289 -0.898021 -32.6809 -0.407839 -1.55857 -1.15138 0.0218626 -2.51999 0.0285871 -70.2268 -0.0922445 1.94031
internal_weight=362.001 0.0631685 0.0585603 361.938 361.739 0.622683 0.10454 0.518143 361.116 0.34702 0.345385 0.337219 360.769 190.983 190.967 6.07961 0.684014 0.65115 5.39559 0.153705 0.0775289 0.0725486 0.497445 184.887 0.184415 184.703 5.23275 0.216188 0.0188672 0.0178047 179.47 1.28173 5.25426 0.120543 0.0311582 178.188 68.7699 0.211437 68.5584 0.887352 5.01656 0.206857 0.0398657 4.8097 0.297029 67.6711 109.418 1.06907 0.01073 1.05834 0.0108415 1.0475 0.00919376 67.6608 2.17988 2.16863 169.786 0.447988 169.338 0.00498031 108.349 0.648628
internal_count=691161 2530 1493 688631 686983 662 378 284 686321 37489 20080 5413 648832 629250 628857 6698 1894 1672 4804 943 897 620 729 622159 1933 620226 19629 2545 2483 1714 600597 7393 4555 963 940 593204 338870 1807 337063 2775 17084 1665 426 15419 633 334288 254334 8418 1180 7238 149 7089 2116 332907 15665 10098 19582 2391 17191 277 245916 1764
is_linear=0
shrinkage=0.05


Tree=67
num_leaves=63
num_cat=1
split_feature=4 8 7 11 18 13 23 3 21 10 10 7 15 19 21 20 4 7 19 15 20 13 12 12 21 20 15 13 17 15 18 20 16 12 12 20 16 20 15 19 19 18 12 12 10 19 17 5 20 15 13 20 18 10 10 12 10 7 15 0 18 13
split_gain=1.35897e+06 641587 4.18904e+06 483813 6.2341e+06 1.59941e+07 32519 404066 1.3897e+06 191839 387968 1.2968e+07 4.89229e+07 6.06639e+07 105691 45731.5 205223 522605 179367 42157.1 29029.3 171937 4.17111e+06 2.24e+07 35102.7 26149.8 23989.9 104066 519822 2.99612e+06 158080 97172.8 212614 113229 78736.8 302882 40644.1 32520.7 15248.6 115492 14269.2 301014 400827 99233.3 281587 34851.9 111889 14255.3 11782.7 95806.9 55900.6 11019.2 46044.8 36072.1 106988 14475 293161 304617 1.54568e+06 10194.3 8561.63 7353.86
threshold=20.550000190734867 30.750000000000004 19.550000190734867 18.416666984558109 -0.9103761315345763 0.36152423918247228 0 2.6499999761581425 -0.10837475582957266 54.062500000000007 66.887500762939467 0.45000000298023229 9.3775491714477557 0.84874749183654796 -1.0000000180025095e-35 -0.99467751383781422 4.6499998569488534 0.11250000074505807 -0.52778512239456166 18.045855522155765 0.48314048349857336 0.16054482758045199 0.025897998362779621 0.021095578558743003 -0.20180761069059369 0.49812944233417517 1.8721059560775759 0.048057714477181442 0.083333335816860213 0.98527857661247265 -0.95642796158790577 0.9260200858116151 0.083333335816860213 -0.0069703077897429458 0.022107483819127086 0.90531614422798168 0.11666667088866235 0.77788564562797557 19.372763633728031 -0.77259656786918629 0.16280825436115268 -0.72947329282760609 0.0091581451706588286 -0.012292078696191309 0.14583333581686023 0.93540480732917797 0.083333335816860213 0.17083333432674411 0.65233618021011364 0.73363757133483898 0.046430176123976714 -0.96689236164093006 -0.93540480732917775 87.562500000000014 85.416667938232436 0.0050098039209842691 80.562500000000014 0.38750000298023229 0.96929803490638744 3.3500000238418584 -0.16280825436115262 0.151807576417923
decision_type=2 8 8 10 2 2 9 2 2 10 8 10 2 2 2 2 2 10 2 2 2 2 8 10 2 2 2 2 2 2 2 2 2 8 8 2 2 2 2 2 2 2 10 10 10 2 2 2 2 2 2 2 2 10 10 8 8 10 2 2 2 2
left_child=1 3 -3 6 -5 -6 38 9 -9 20 11 12 13 -11 -10 16 17 18 -12 -14 47 25 23 -23 -24 -22 27 28 30 -30 -27 37 -33 -34 40 -36 -31 48 59 -40 -29 42 -42 44 -43 46 -45 -8 49 -32 -51 -17 53 54 -53 56 57 58 -54 -1 -47 -37
right_child=-2 2 -4 4 5 -7 7 8 14 10 15 -13 19 -15 -16 51 -18 -19 -20 -21 21 22 24 -25 -26 26 -28 34 29 36 31 32 33 -35 35 61 -38 -39 39 -41 41 43 -44 45 -46 60 -48 -49 -50 50 -52 52 55 -55 -56 -57 -58 -59 -60 -61 -62 -63
leaf_value=-0.11253997128542073 -356.458203466528 13.366410937084922 -1225.9419415484692 -45.704080142698842 6374.3920594740803 -348.51632662956399 -0.49398039234858715 -1781.0708118099164 -5.9051104785083659 -16130.48941231999 -523.16163840215995 -2.5696453681429308 -208.49327504837822 -1136.2348199985097 -327.89579828631281 -1.3467317562827736 -2.9218527206651927 -17.028670016013745 -1369.8175384608519 -16.110318427798642 -51.010108658100116 -19.686606165387911 -1.1466955467363036 -6827.3244541872955 -139.98859191820512 -477.80942522214309 -0.70162005850193143 -1.0964060082599307 -2530.9067358424454 -275.03763232957044 -414.01595737956495 -763.39546116311885 -459.65883902950475 -0.05010225278860328 -911.57080436578713 -0.050006114695490114 -0.050381202806263764 -56.721841736578952 120.8988917393924 -1.4633600441336378 -1176.8481165740402 -667.78015128844856 -82.269671708061139 -6.8060033044996189 -0.050292627076381782 -33.566947422272023 -415.27504760573879 -23.936898806289733 -0.30605162653821388 -0.050194765873691587 -362.74881038686442 -410.90372159753935 -0.050221508100094583 -22.255078618549987 -0.050111216998169353 -1.0520085123579455 -2.6883703414883127 -15.089330453065768 -1749.5569144977044 1.696590767648517 -2.0786104435001174 -147.96297670760447
leaf_weight=252.84994332750591 0.026795218958396982 0.045062819393528901 0.0080343172971370572 0.031761118174380536 0.0013883567880577158 0.0024385594297233748 80.921950085838589 0.0013756149401089367 0.0083965025527041708 0.0011747907587912861 0.0015292876696213764 0.34336222285413665 0.005275156067660795 0.0015842033029821213 0.003659187472565704 0.96429582860662699 0.034816420085873004 0.0058897845235175343 0.0010585737934776197 0.0061878815128098025 0.027473208797737736 0.007638879651314298 0.22858667792941001 0.0014354190808062743 0.0046448996461117545 0.0018837934602939357 8.3074392333995277 2.6149280796350634 0.0014026870877732961 0.0016364374644591926 0.00157017751640287 0.0013100228876729509 0.001631822476408687 0.0074944968654020597 0.0011519210609128236 0.0049033827537035357 0.0075123976690726884 0.035227823720922452 0.022323299752259607 0.14164185013475877 0.0012746451610246836 0.0021715361305433183 0.002432511480413041 0.0074012007627884046 0.0057852186172117166 0.022377521634924347 0.0021674997902074522 0.064899310993154269 0.19011132565719024 0.028927864083876615 0.0011028435972906354 0.0029207473334021961 0.0043912460711437668 0.0067552409577729122 0.0034635592095760837 0.30214547692919203 0.18960152072705888 0.0066492669874030994 0.0017719278630111612 8.0342181925442997 0.61125900819740142 0.00101410986106301
leaf_count=163191 2601 87 1604 148 214 124 337136 1272 96 1729 82 585 147 256 753 336 179 89 115 19 2663 2922 2003 1814 897 1916 66921 38051 5910 4931 1450 5351 2999 2341 841 751 402 5126 332 227 3566 340 1967 5607 138 1780 5837 1053 3299 1426 188 107 15 75 11 294 741 144 612 153 4483 195
internal_value=-0.392537 -0.365748 -174.158 -0.339835 184.007 2090.47 -0.35826 -1.09725 -275.437 -1.17397 -16.9748 -63.8502 -1543.34 -7520.85 -103.637 -5.98553 -56.6392 -277.248 -869.489 -104.643 -0.854477 -3.1352 -44.831 -1096.55 -3.91179 -2.28559 -2.17276 -5.60896 -34.8774 -379.143 -21.3867 -18.1709 -167.733 -82.23 -3.10973 -169.795 -49.2369 -12.096 -0.0455025 15.1958 -2.74935 -9.34963 -458.623 -6.79185 -182.285 -4.62091 -99.3323 -0.512767 -5.00545 -33.2771 -13.3699 -4.50577 -10.39 -102.793 -188.011 -7.98364 -18.3306 -249.807 -503.038 -0.0568258 -3.19065 -25.3986
internal_weight=356.181 356.154 0.0530971 356.101 0.035588 0.00382692 356.065 95.0171 0.0134313 95.0036 1.88287 0.357584 0.014222 0.00275899 0.0120557 1.52529 0.0432941 0.00847765 0.00258786 0.011463 93.1207 12.1339 0.242306 0.0090743 0.233232 11.8916 11.8641 3.55668 0.279812 0.0105515 0.26926 0.267376 0.0104363 0.00912632 3.27687 0.00706941 0.00914884 0.25694 261.048 0.163965 3.2698 0.654869 0.00370716 0.651162 0.00795675 0.643205 0.0095687 80.9868 0.221712 0.0316009 0.0300307 1.48199 0.517699 0.0131395 0.00638431 0.504559 0.202414 0.0128124 0.00616317 260.884 0.633637 0.00591749
internal_count=690642 688041 1691 686350 486 338 685864 521961 2121 519840 5536 2736 2151 1985 849 2800 465 286 197 166 514304 176115 7636 4736 2900 168479 165816 98895 35339 11243 24096 22180 10691 5340 63556 1787 5333 11489 163903 559 61769 23718 5533 18185 478 17707 11444 338189 6363 3064 1614 2335 1999 193 118 1806 1512 771 627 163344 6263 946
cat_boundaries=0 4
cat_threshold=2293613360 1073758209 207884544 1944
is_linear=0
shrinkage=0.05


Tree=68
num_leaves=63
num_cat=0
split_feature=0 14 15 12 9 20 4 4 4 20 13 3 7 7 11 11 12 12 7 19 15 19 19 10 4 20 10 10 15 14 15 5 4 13 1 18 6 11 13 19 13 20 18 15 10 4 10 19 18 12 15 15 16 3 18 12 13 15 13 12 11 14
split_gain=427426 457822 1.72962e+07 1.01225e+08 147503 140531 45742.5 557934 51528.5 30658.5 14443 8143.78 9239.68 25643.3 1.2717e+06 6143.86 36362.9 266730 548265 2.17208e+07 3.73688e+07 54197.2 9538.15 6073.42 15080.3 202942 1.52664e+06 77226.7 12000.4 4783.55 41484.4 4109.23 3475.89 34493.1 8535.75 82412.6 2857.44 4649.56 2316.73 16168.5 2003.75 30866.4 27759.5 32666.2 5492.78 1519.12 126333 219576 1293.01 5423.07 17490.7 1638.79 36934.5 1602.99 1343.9 1168.77 1775.46 13525.7 2182.9 1152.96 1112.7 1813.33
threshold=6.7000000476837167 0.072549022734165206 1.5250926017761233 0.0075992126949131497 48.125000000000007 0.46800856292247778 28.150000572204593 46.849998474121101 20.750000000000004 0.24372619390487674 0.0077383627649396667 5.6499998569488534 24.354166984558109 18.791666984558109 18.791666984558109 0.35416667163372045 0.025019999593496326 0.025897998362779621 0.35416667163372045 0.47114434838294988 0.34017857909202581 0.99892947077751171 -0.93540480732917775 54.562500000000007 1.8499999642372134 -0.93545487523078907 76.208332061767592 90.708332061767592 4.9112911224365243 0.06862745434045793 2.7514550685882573 0.82083332538604747 5.9500000476837167 0.048057714477181442 0.15000000223517421 0.2269546836614609 37.708333969116218 -0.27500000596046442 0.15667565166950229 -0.84874749183654774 0.18076211959123614 0.27694219350814825 -0.98611506819725026 1.4201723933219912 0.55000001192092907 3.0499999523162846 35.549999237060554 -0.81241145730018605 0.16280825436115268 -0.029244530014693734 2.3965450525283818 18.045855522155765 0.083333335816860213 0.65000000596046459 -0.99892947077751149 -0.0033267457038164134 0.024972253479063514 1.2384899854660036 0.022771136835217479 -0.003466938622295856 -0.14583333581686017 0.053132651373744018
decision_type=2 2 2 8 8 2 2 2 2 2 2 2 10 10 10 10 8 10 8 2 2 2 2 8 2 2 8 8 2 2 2 2 2 2 10 2 2 10 2 2 2 2 2 2 8 2 10 2 2 8 2 2 2 2 2 8 2 2 2 8 10 2
left_child=1 4 3 -3 6 9 8 -8 10 -4 -1 12 13 15 -15 16 23 18 19 20 -18 22 -19 29 25 28 -27 -28 -25 32 -31 -17 34 -34 45 -36 37 -24 -35 -40 41 42 44 -44 -38 48 47 -47 54 50 -50 53 -53 55 -12 56 57 -51 -59 -58 61 -56
right_child=-2 2 5 -5 -6 -7 7 -9 -10 -11 11 -13 -14 14 -16 31 17 21 -20 -21 -22 -23 36 24 -26 26 27 -29 -30 30 -32 -33 33 38 35 -37 40 -39 39 -41 -42 -43 43 -45 -46 46 -48 -49 49 51 -52 52 -54 -55 60 -57 59 58 -60 -61 -62 -63
leaf_value=35.860308316325131 165.15723269525085 -14685.853795613861 18.473389451823607 -272.39761636936049 -57.881810595783065 -64.856391329478043 -16.128549664246183 276.9679748587327 -24.114254666085827 -6.7377100710149733 -0.8726417838840359 -13.48567598451424 4.0298842180777887 56.511589901199514 -365.81583586364354 0.037966745721804494 -167.14842696307576 -39.27218612153974 -0.085541122493104541 -26.10121496529861 -11341.771906849404 91.010817318642268 0.026187712976686178 -1.6580673048364127 -0.7247405209072012 -2014.6264958657282 -0.050092010944037958 -346.02854918840791 -19.528761984644891 -0.68939579527448935 38.137013305167436 3.7090170875650381 20.676508483022278 0.1189352218897092 -1.385802088767643 -99.181711548767012 -100.36027912813095 -55.942189880316391 31.101890679310998 -0.72228667286909998 -0.99448931481421821 -0.054918765931689831 -49.948641860981041 -441.96709006010724 -0.050141926534960912 -65.052444893216659 -0.34118393821231524 -901.24410174976765 -192.03597236387631 -52.719834492759539 -0.05024893885668661 -0.18600798201035804 -65.333843012133499 -12.357097528063711 -0.84219579931452593 -0.34662121884981528 -0.94485789197530456 -1.3374881303969843 -30.771190005074303 -16.329438240544032 -0.12531319907943594 -11.753959183561472
leaf_weight=0.027846668429332477 0.039065937318581656 0.0013754780030210102 0.2344579696655274 0.010648177615247671 0.11067962649775509 0.083190277219698405 0.10194586217403312 0.019312756136059761 0.22440276099882694 0.24829429828070798 6.8215672615368694 0.11444800347089668 1.319935612127664 0.093876203211717857 0.02200257958736751 180.90866447757506 0.0020945747614183768 0.016572611403359416 0.24285737915170663 0.13190391981829661 0.0011638440294881977 0.015923350215186871 0.0091080121646818467 0.50225383468678808 2.6555974018296498 0.0010672103292442882 0.011399455058602247 0.0018787292319358143 0.11555349359764067 0.55400817691572868 0.078551714333642053 0.76551431417467952 0.21111573475377454 9.5639549089420619 0.30119916492015958 0.023201738327190802 0.0024916214217514977 0.0062620909842810756 0.048147041602371154 0.23332485949469306 3.8131174517861655 0.089974691355067526 0.0010020315806932062 0.0011314340168131283 0.003017437208940944 0.0030765791705118315 0.36185879696857787 0.0010540514828497232 0.0015621152761249929 0.014239837441905823 0.0049317038732940525 0.42105824118554347 0.022941025603334331 0.028442362250674758 4.3145704513365235 25.732613260370552 4.6861661147634743 0.19431124591203383 0.0065102343726869674 0.012209965600499362 125.28277252932544 0.038412797675062005
leaf_count=2010 1278 15852 7785 5446 1380 6121 508 95 858 2416 6021 913 553 156 387 14014 126 592 50 774 1351 64 99 488 2308 1494 303 228 861 2972 774 118 528 3248 2604 1180 158 218 48 320 9475 2338 646 1337 77 1008 640 3867 1843 5869 1490 893 1099 129 10259 156085 80629 8490 2168 1059 313610 1363
internal_value=-0.2211 -0.23852 -44.7046 -1921.26 -0.169116 -4.8364 -0.151861 30.5527 -0.161922 5.50655 -0.147389 -0.1501 -0.145972 -0.160934 -23.6782 -0.153534 -0.355055 -4.88004 -45.0077 -125.723 -4158.51 -1.04812 -1.41992 -0.247383 -2.37691 -9.3175 -195.233 -49.0026 -5.00057 -0.208261 4.13209 0.0534353 -0.223657 0.679315 -0.277622 -8.38034 -1.26014 -22.7765 0.250515 4.72138 -1.17558 -8.24915 -104.719 -257.847 -45.4181 -0.261971 -3.47976 -278.431 -0.254943 -0.545748 -46.2332 -0.536214 -3.55214 -0.49256 -0.188613 -0.481548 -1.18819 -5.63067 -2.29167 -0.984839 -0.152618 -0.938486
internal_weight=370.912 370.873 0.577966 0.0120237 370.295 0.565943 370.184 0.121259 370.063 0.482752 369.838 369.811 369.696 368.376 0.115879 368.26 186.586 4.33662 0.37802 0.135162 0.00325842 3.9586 3.94268 182.25 3.28775 0.632153 0.0143454 0.0132782 0.617807 178.962 0.63256 181.674 178.329 10.0565 168.273 0.324401 3.9261 0.0153701 9.84543 0.281472 3.91073 0.0976172 0.00764252 0.00213347 0.00550906 167.948 0.365989 0.00413063 167.582 31.125 0.00649382 31.1185 0.443999 30.6745 136.457 30.6461 4.91344 0.215061 0.200821 4.69838 129.636 4.35298
internal_count=691073 689795 37620 21298 652175 16322 650795 603 650192 10201 649334 647324 646411 645858 543 645315 631183 17305 2301 2251 1477 15004 14940 613878 5682 3374 2025 531 1349 608196 3746 14132 604450 4144 600306 3784 14348 317 3616 368 14031 4556 2218 1983 235 596522 5515 4875 591007 259754 3333 256421 1992 254429 331253 254300 98215 16527 10658 81688 325232 11622
is_linear=0
shrinkage=0.05


Tree=69
num_leaves=63
num_cat=1
split_feature=7 11 4 6 12 8 19 19 14 18 21 0 23 19 5 10 6 10 15 16 18 18 20 14 21 4 11 12 13 18 14 20 21 12 12 19 6 21 21 13 10 21 19 15 10 12 21 20 14 19 19 13 12 18 15 10 20 15 21 19 12 9
split_gain=1.52652e+06 414076 32555.9 664357 1.48e+07 13457.2 56587.5 104996 14861.9 4.17768e+06 9398.11 5810.88 3551.86 2411.6 37800.9 1995.65 1800.75 31415.7 1779.43 3214.28 136840 1455.45 64697.2 1360.85 23123.9 1255.67 1408.69 7385.48 266361 1.0248e+06 20637.5 222620 14405.2 4369.14 29487.7 3028.05 1254.54 1171.24 2705.06 1163.52 1162.08 14173.5 61618.7 9035.88 1019.66 1956.67 965.717 303651 989530 8164.97 253051 8314.44 33509.4 5162.34 8495.02 904.259 3460.96 12589.1 887.725 4988.42 24132.5 1065.76
threshold=24.354166984558109 18.416666984558109 19.650000572204593 19.291666984558109 0.0023306665243580942 25.250000000000004 -0.41248606145381922 -1.0000000180025095e-35 0.06862745434045793 -0.097964655607938753 0.92843842506408703 3.3500000238418584 0 -0.52778512239456166 0.19583333283662799 0.85416665673255932 16.125000000000004 45.291666030883796 4.6187498569488534 0.11666667088866235 -0.097964655607938753 0.09796465560793878 -0.51297807693481434 0.064705885946750655 0.84658399224281322 18.349999427795414 1.1833333373069765 0.025019999593496326 0.18216909468173983 -0.95642796158790577 0.0058823532890528449 0.52766072750091564 -0.35042476654052729 0.028253000229597095 0.02690577041357756 0.99892947077751171 19.541666984558109 0.097680736333131804 0.080547325313091292 0.0095819463022053259 58.083333969116218 -0.15950992703437802 0.41248606145381933 5.3286950588226327 68.049999237060561 -0.007540002465248107 0.88117334246635448 0.35846313834190374 0.049337463453412063 -0.35206145048141474 0.88144907355308544 0.040362561121582992 -0.018253000453114506 -0.22695468366146085 1.7518187761306765 59.062500000000007 -0.98803845047950734 5.8308897018432626 -0.86112883687019337 -0.35206145048141474 0.0028025357751175766 4.0499999523162851
decision_type=10 8 2 2 10 8 2 2 2 2 2 2 9 2 2 8 2 10 2 2 2 2 2 2 2 2 8 8 2 2 2 2 2 10 8 2 2 2 2 2 8 2 2 2 8 8 2 2 2 2 2 2 8 2 2 10 2 2 2 2 10 10
left_child=1 2 5 4 -4 8 -7 -8 11 -10 15 12 16 18 25 -11 17 -1 -14 21 -21 55 -23 37 -25 26 27 39 29 32 31 -30 -29 34 -32 -35 -5 38 -18 -15 46 42 -42 -44 45 -43 58 48 -48 -49 -51 52 53 -52 -55 -20 -57 -58 59 60 -41 -61
right_child=-2 -3 3 36 -6 6 7 -9 9 10 -12 -13 13 14 -16 -17 23 -19 19 20 -22 22 -24 24 -26 -27 -28 28 30 -31 33 -33 -34 35 -36 -37 -38 -39 -40 40 41 44 43 -45 -46 -47 47 49 -50 50 51 -53 -54 54 -56 56 57 -59 -60 61 -62 -63
leaf_value=36.660118094555834 383.22005736171718 -137.34422915170316 -5004.390625595116 -0.062019278508122666 428.68903968710305 -1.1284695294962388 -1.6602679717969684 79.952126099205429 -1575.1628730942618 -10.097556955193514 8.939839581827691 1.9922239702887272 -0.078261035112555957 -12.859366614705227 -50.792531355272587 -0.43677319748274263 0.026662007651558406 -0.8262384096426344 -0.49132603660892438 -2.5480572611456509 -585.21752752555074 -133.81207182075946 -0.83485094537346094 -0.22599046438467099 40.818927256718815 1.0449996352272179 -0.20155960241864235 -11.755013711415955 -583.85299465020762 -1792.2679496677301 -172.64374526562722 -4.7140980161239083 -207.4925337083456 -1.043931594330584 -4.0071351453356439 -10.974080178996321 -6.7535563886407814 -0.30554494810020699 5.3907115420137171 -163.49057722089421 -312.06228624632666 -4.7984640332446347 -136.02171154703689 -7.5556862453203877 -0.90263333056942874 -36.693509317146749 -1407.6849694270236 -0.08158634510649565 -0.05004490102756929 -685.05596789207902 -0.050043865035942825 -0.055348552480112279 -295.1208270986395 -154.74782571185398 -0.050024283258496394 -1.4707457553692249 -85.494777252057744 -2.3898327894663809 -0.36733948298058727 -0.83973354469254857 -0.050628050409894911 -10.529528417248834
leaf_weight=0.06146405563265589 0.025967526690350407 0.054992628573358071 0.0014887076366710264 0.15624098709622047 0.0079320205932080241 0.5203148847355038 0.093490547626982917 0.068127560642319313 0.0042219197772088704 0.089622886939483157 0.33355962359928526 3.2295894401817682 65.813306352433415 0.01936443532640808 0.037445360706896191 0.13246803568453491 175.54229971221673 0.61638990757969991 4.4304903815154395 0.058363115742510976 0.0010253474205357124 0.0093449790379738218 0.43140078880968946 0.52761119169699866 0.036701844085987867 1.2241021270880867 18.297341175407681 0.0042717098641209374 0.0017985351584374051 0.0010043421382007842 0.0028969787556778885 0.021442440946266808 0.001205153058186699 1.2951325480747491 0.024644053815271086 0.081607271828217143 0.12696296738631407 29.718951882803083 0.23534907503363811 0.0027532385824620568 0.0019229980078622642 0.041243193126801747 0.001470839650403402 0.019726349909979519 0.75455548589643506 0.0054431121284733699 0.0016339464177862464 2.6583448017481728 0.0052925304085378322 0.0013868493017652047 0.010209395702077018 0.096111123978589619 0.0011861559905943292 0.0016160540496504192 0.0019682974620522562 0.19770906566686558 0.0058453398737865645 0.020675922808649643 30.199244730495664 9.9386426985968477 0.012569444103911323 0.028458382175096442
leaf_count=733 1083 1360 1594 16 701 122 31 137 11156 20043 3785 564 142465 2879 2024 6493 73763 558 9783 1325 2288 5678 6233 772 149 122 4460 567 615 3076 890 57 238 4434 549 38 262 68606 815 3586 752 311 402 456 519 161 34123 504 9387 3620 72 535 409 122 109 133 165 177 210427 41737 1407 1149
internal_value=-0.12522 -0.153881 -0.132156 -16.8026 -429.872 -0.118096 6.89887 32.7421 -0.131915 -8.27166 3.63383 -0.118733 -0.138638 -0.3257 -0.57023 -4.3353 -3.95738e-05 2.57282 -0.148331 -1.04293 -12.6079 -0.908137 -3.65432 -0.00850511 2.44349 -0.54119 -0.571751 -0.721484 -4.25242 -324.064 -2.80042 -49.5316 -54.826 -2.02701 -21.7456 -1.63255 -3.0619 -0.0152385 0.0338439 -0.605891 -0.600471 -2.45999 -41.0553 -16.4697 -1.34631 -8.51708 -0.564788 -1.46643 -332.109 -0.639891 -13.8351 -5.45561 -40.1037 -18.1742 -69.7977 -0.648106 -3.74587 -20.7063 -0.502458 -0.911225 -29.4181 -0.8674
internal_weight=347.348 347.322 347.267 0.292625 0.00942073 346.974 0.681933 0.161618 346.292 0.559872 0.555651 345.733 342.503 135.764 64.796 0.222091 206.739 0.677854 70.9682 5.15485 0.0593885 5.09547 0.440746 206.061 0.564313 64.7586 63.5345 45.2371 1.434 0.00648121 1.42752 0.023241 0.00547686 1.40428 0.027541 1.37674 0.283204 205.497 175.778 43.8031 43.7838 0.824362 0.0231202 0.0211972 0.801242 0.0466863 42.9594 2.77775 0.00692648 2.77082 0.112478 0.111091 0.0149799 0.0137937 0.00358435 4.65472 0.22423 0.0265213 40.1817 9.98242 0.0153227 9.9671
internal_count=690727 689644 688284 2573 2295 685711 290 168 685421 41477 30321 643944 643380 497984 329737 26536 145396 1291 168247 25782 3613 22169 11911 144105 921 327713 327591 323131 10464 3881 6583 672 805 5911 1439 4472 278 143184 74578 312667 309788 2601 1610 858 991 472 307187 48881 43510 5371 4867 1247 712 303 231 10258 475 342 258306 47879 4993 42886
cat_boundaries=0 4
cat_threshold=2182187012 1073955457 543308544 640
is_linear=0
shrinkage=0.05


Tree=70
num_leaves=63
num_cat=1
split_feature=8 7 11 6 4 14 13 15 12 15 11 18 2 21 13 15 10 21 12 5 12 8 23 16 11 12 21 12 6 15 20 18 10 11 21 16 12 13 18 20 12 12 15 13 15 18 18 6 20 17 20 15 13 21 20 21 20 5 14 21 13 2
split_gain=774919 261267 5.12146e+06 49293.8 25384.7 5172.55 404138 191482 8770.49 197062 3178.43 2822.44 70612.5 584452 9611.65 73108.1 43153.5 8771.57 37139.8 5432.08 3343.68 2136.65 2016.33 1868.56 1843.03 12058.1 1810.46 7278.86 1713.59 1410.99 3923.47 52774.7 114407 1038.58 1394.03 6731.92 37959.1 104912 989.568 2693.81 19115.6 883.094 12673 6079.14 1805.87 3676 1274.98 3310.8 1642.91 35692.4 3023.77 1617.03 7698.43 3415.51 1093.13 982.955 9329.1 749.442 822.44 855.27 850.062 807.28
threshold=31.250000000000004 18.416666984558109 19.083333015441898 3.3750000000000004 19.650000572204593 0.06862745434045793 0.050299357622861869 2.7301785945892338 0.011925393715500833 1.3609172701835635 18.083333015441898 0.09796465560793878 1.0000000180025095e-35 -0.31800055503845209 0.0095819463022053259 1.9501724243164065 5.3875000476837167 0.87709078192710888 0.00039447884773835545 0.11250000074505807 -0.0027766440762206908 25.750000000000004 0 0.050000002607703216 -0.85416665673255909 -0.010393356904387472 -0.99983122944831837 0.025019999593496326 5.3750000000000009 19.372763633728031 0.84773966670036327 0.58216583728790294 20.854166984558109 -0.45000000298023218 -0.98212954401969899 1.0000000180025095e-35 -0.016464638523757454 0.13270440697669986 -1.0000000180025095e-35 0.70290291309356701 0.0093213547952473181 -0.0033267457038164134 8.8005232810974139 0.054168537259101875 -0.60798940062522877 0.97335553169250499 0.88144907355308544 32.291666030883796 0.52766072750091564 0.050000002607703216 0.49812944233417517 2.1311769485473637 0.085121989250183119 -0.35846087336540217 -0.55657517910003651 0.11478523537516595 -0.66528618335723866 0.045833334326744087 0.021568628028035167 0.88117334246635448 0.0696452632546425 1.0000000180025095e-35
decision_type=10 8 8 2 2 2 2 2 8 2 8 2 8 2 2 2 10 2 10 2 10 10 9 2 10 8 2 10 2 2 2 2 10 8 2 2 10 2 2 2 8 10 2 2 2 2 2 2 2 2 2 2 2 2 2 2 2 2 2 2 2 10
left_child=1 3 -3 -1 5 10 -7 8 9 -8 11 21 14 -14 15 16 -13 19 -19 24 -17 22 26 -11 25 -16 27 -5 -28 41 31 32 -31 34 35 -24 -37 -38 -36 40 -40 42 44 -44 45 -26 -46 -48 49 -49 51 52 53 -51 -55 -53 -57 58 59 61 -61 -35
right_child=-2 2 -4 4 -6 6 7 -9 -10 23 -12 12 13 -15 17 20 -18 18 -20 -21 -22 -23 33 -25 29 -27 28 -29 -30 30 -32 -33 -34 57 38 36 37 -39 39 -41 -42 -43 43 -45 46 -47 47 48 -50 50 -52 55 -54 54 -56 56 -58 -59 -60 60 -62 -63
leaf_value=14.839306330063176 123.60749637994797 0.097221415034685982 -975.32511465237133 -0.58192535334208806 -20.654777180542013 -833.96356721383859 348.85736646054306 71.840282919104894 -16.223995443279545 -0.72367351012314884 5.510009121434071 215.71052139095298 -712.98458198623996 -1.8580369086387609 -0.050282845179301289 -45.298401215461951 -0.050178126513088644 -164.46092797947313 -4.2182006648064352 -13.831250916101025 -0.050886333411732071 -4.0505862118625959 -1.4312833707117514 -5.8411765774495956 -0.050155578774108811 -174.63939767331317 2.9956386186282602 7.7310134404580655 0.022477675905519745 -410.29930293472012 -0.25572669065429476 -0.055088914590185348 -15.403510651456529 -0.51189737454118533 -0.61337130951492236 -0.051435224575247976 -502.45609116026753 -21.313129829042978 -0.05134482728417035 -0.85685072378321492 -89.038954760834429 -0.33992667115217168 -14.946520308815824 -104.74535147947891 -0.30697954814287109 -93.214175645082335 -59.088140822789128 -168.76840608787572 -0.50481544469419681 -43.179254446207956 -55.942674230699076 -1.3268726799775028 -76.636219794834176 -3.3343686880847749 -34.227936462966419 -131.6733185681091 -0.050413810166393215 0.062696286483603494 -0.19197648979520243 -7.5144546316845764 -0.051900679757402868 -14.438194436437016
leaf_weight=0.55110935275223383 0.12655074611654882 0.27482065527218802 0.01414986397363327 0.86591288336080541 0.15053296450946518 0.0014388253912264162 0.0040136775521328874 0.0959715498265723 0.10134850442409515 0.56377459352388348 0.24970240890951245 0.0067204074002878977 0.0032261031816461254 0.027676746517505898 0.0072359004681783971 0.0044197230484768193 0.0035372311249375343 0.0042576300904413602 0.023992373012248963 0.076215540459016462 0.053585490677505732 0.3384179659910832 0.21874070179700905 0.26093039114508143 0.0030925355118216454 0.0011455450406521791 0.48609927300412792 0.37839795314721414 160.20727596505424 0.0025587948576050179 0.23054718412458897 0.083842985332012177 0.006476173756254866 20.707196797867311 3.7046134239660349 0.027124954434066165 0.001492519005278488 0.0047030215643839805 0.03479034055350394 0.12457619976554474 0.0073014001657140662 31.431261655293063 0.0033565086494355143 0.0042980845153506014 2.8492495991544051 0.0016100617650337563 0.0025407355128513878 0.003259872749645786 0.884610658015346 0.0057965536099928707 0.0026837213307079324 0.59008954798723678 0.0039171601695043292 0.13399454798918567 0.0029258767757119044 0.0015194880593313856 0.011805990346142549 20.716746284953459 75.484420167380193 0.087141672628945857 0.067891282099316094 0.010411445851814416
leaf_count=2551 1063 325 1239 146 1508 14729 8649 9194 4738 1767 92 2311 1015 1493 934 1029 30 16130 28385 340 60 84 65 2364 281 2508 71 20 34891 345 13 249 16 113718 8357 107 189 444 265 34 129 141912 442 1419 59215 96 976 1945 6378 4053 376 11881 1709 2579 338 4218 847 4412 164606 16565 3723 1066
internal_value=-0.0956094 -0.144195 -47.6658 -0.101537 -0.127159 -0.117539 3.4244 4.59867 -2.33984 -0.641868 -0.128905 -0.133306 -0.547329 -76.0961 -0.483261 18.2611 141.308 -0.51844 -28.3688 -0.496792 -3.49853 -0.0800379 -0.0752921 -2.34281 -0.46877 -23.9125 0.043497 1.94606 0.0314715 -0.463351 -3.75111 -12.4276 -127.242 -0.219491 -1.01752 -4.62045 -25.5565 -137.222 -0.78293 -4.5518 -15.4875 -0.433761 -1.08848 -65.3689 -0.979066 -31.9474 -0.946649 -2.05585 -1.96753 -3.67909 -2.96413 -2.77457 -7.48408 -5.58605 -3.99454 -1.63013 -15.0592 -0.210132 -0.26879 -0.546583 -4.24649 -0.518896
internal_weight=322.339 322.212 0.288971 321.924 321.372 321.222 1.02748 1.02604 0.930067 0.828719 320.194 319.945 36.4715 0.0309028 36.4405 0.0682629 0.0102576 36.3723 0.02825 36.344 0.0580052 283.473 283.135 0.824705 36.2678 0.00838145 161.938 1.24431 160.693 36.2594 0.323425 0.092878 0.00903497 121.197 4.12334 0.252061 0.0333205 0.00619554 3.87128 0.166668 0.0420917 35.936 4.50475 0.00765459 4.4971 0.0047026 4.49239 1.64314 1.6406 0.755993 0.752733 0.750049 0.146634 0.142717 0.13692 0.603415 0.0133255 117.074 96.3571 20.8726 0.155033 20.7176
internal_count=690634 689571 1564 688007 685456 683948 41441 26712 17518 12780 642507 642415 293523 2508 291015 3430 2341 287585 44515 243070 1089 348892 348808 4131 242730 3442 35128 166 34962 239288 623 610 361 313680 9590 805 740 633 8785 428 394 238665 96753 1861 94892 377 94515 35300 34324 27946 26001 25625 8679 6970 2917 16946 5065 304090 299678 135072 20288 114784
cat_boundaries=0 3
cat_threshold=2293252160 0 71565312
is_linear=0
shrinkage=0.05


Tree=71
num_leaves=63
num_cat=1
split_feature=3 8 11 18 4 9 4 8 6 21 19 12 15 3 23 1 21 6 13 18 20 12 21 10 6 21 16 21 21 15 10 19 12 13 10 15 17 13 18 8 12 12 20 9 12 21 13 19 13 4 21 7 18 12 12 20 10 21 13 20 18 3
split_gain=1.63662e+06 153589 846686 9.81203e+06 21261.7 448076 1.40664e+06 5282.66 8271.4 3315.2 823453 1.47313e+06 64313.9 5246.64 2319.1 6211.43 21644.7 2604.6 2454.78 15119.4 2025.13 1650.57 10479.9 31789.7 4720.8 17436.1 2945.01 1674.28 29359.1 1265.61 1947.86 1120.51 28096.5 47638.1 869.047 1780.05 12351.5 864.688 66607.9 797.101 2448.09 56492.1 853136 723.609 2435.56 97987.8 141848 10401 84033.8 1798.46 1128.36 4838.68 718.088 2511.58 46905.4 69584.8 615.137 13865.6 560.357 559.551 544.309 31625
threshold=5.0499999523162851 32.250000000000007 17.291666984558109 -0.88144907355308522 18.750000000000004 6.1833331584930429 19.250000000000004 25.250000000000004 71.958332061767592 0.93469110131263744 -1.0000000180025095e-35 -0.021348516456782814 2.7078174352645878 0.35000000894069677 0 0.15000000223517421 0.77108684182167064 5.3750000000000009 0.011607544030994179 -0.16280825436115262 -0.93545487523078907 -0.00249505927786231 -0.99983122944831837 8.9499998092651385 18.875000000000004 -0.39036008715629572 1.0000000180025095e-35 0.88117334246635448 0.91852787137031566 18.045855522155765 1.4499999880790713 -0.99892947077751149 -0.0097194379195570928 0.064518220722675337 18.274999618530277 2.495741724967957 0.11666667088866235 0.024972253479063514 0.91037613153457653 0.75000000000000011 0.025019999593496326 0.02690577041357756 0.17646842449903491 2.4500000476837163 0.025019999593496326 -0.42958799004554743 0.22693303972482684 0.41248606145381933 0.18375992029905322 1.6500000357627871 -0.99864786863327015 0.22500000149011615 -0.41248606145381922 0.018073029816150669 0.018420011736452583 -0.99630266427993763 21.050000190734867 -0.14250536262989041 0.25386607646942144 -0.99467751383781422 0.09796465560793878 0.75000000000000011
decision_type=2 10 8 2 2 8 2 8 2 2 2 10 2 2 9 10 2 2 2 2 2 10 2 8 2 2 2 2 2 2 10 2 10 2 10 2 2 2 2 8 8 8 2 8 10 2 2 2 2 2 2 10 2 8 8 2 10 2 2 2 2 2
left_child=1 2 4 -4 7 6 -6 9 -9 14 12 -12 13 -11 17 20 -17 -1 19 -19 34 22 23 26 25 -23 -22 43 -29 60 -31 32 33 -20 -16 36 -36 38 -33 40 52 42 -42 44 49 47 -47 -46 -49 50 51 -26 -39 -54 -55 -56 57 -37 -43 -41 -24 -62
right_child=-2 -3 3 -5 5 -7 -8 8 -10 10 11 -13 -14 -15 15 16 -18 18 31 -21 21 24 29 -25 27 -27 -28 28 -30 30 -32 37 -34 -35 35 56 -38 39 -40 59 41 58 -44 -45 45 46 -48 48 -50 -51 -52 -53 53 54 55 -57 -58 -59 -60 -61 61 -63
leaf_value=4.5918578832718415 283.94489340875668 40.92369333788379 16.257968014961474 -2489.5390517483106 -20.34511158110368 -0.06887945143431802 -1464.8749977384766 -1.0150509430406827 -17.927063212526601 -0.069887643845950462 -18.929744954788774 1915.5512297685793 54.075183295206187 -29.460492516034265 0.034484026988335331 -51.996805848374187 -1.0095528352037255 -0.79381744378733377 -0.050871138743413681 31.37335366194592 -0.050401790810262581 -158.01875368720647 -0.15940338838391926 -285.18576388895411 -43.959026622819955 -7.0745568140195276 -44.910349637886775 -173.69279735889555 -0.05201332120880621 -32.056536419414357 -2.5740837646330967 -0.080161754780272765 -0.28856879065528634 128.12791017791162 -118.73000493224886 -0.051248483774738444 -2.236033109402864 -0.053827586245652065 56.272400796655305 0.46580074825824536 510.61479582239491 -0.31337404325984664 -8.8922254976189006 -0.27863403804420878 -0.52537631763663861 -505.41305426795316 -0.050168292317661935 -1.5515328459231681 -251.02079925244621 -19.375604105062305 -0.70984601078956011 -0.051568057729086569 -0.33285270850922899 -0.93157527103394266 -15.328517732233164 -396.31805573629646 -0.53107584035146216 -145.84527947880198 -3.271027390099662 0.051845794626245868 -0.74469890280825046 -199.24014656143635
leaf_weight=0.31206467747691036 0.050723503516222901 0.22810384747543722 0.042917991303285774 0.0042978977040178936 0.0073753222731667333 0.20109848421998325 0.0021844214495506413 0.22883528962458713 0.1056901982481365 3.6303017702302909 0.0026483450681710199 0.0015660879133965189 0.055425558239221462 0.015248407215467608 52.521205514895456 0.025988801423160734 0.10454816812587953 0.20292627190667645 0.019046642995418438 0.044549720128997161 0.008077634906384714 0.0022151434009158233 40.922944769711705 0.0012274855663548826 0.0079710901075925218 0.014034990146751532 0.0066874641190519399 0.0025915289571284061 0.040131192096513536 0.0078109333172491384 0.01981354460371609 3.3858636047335331 0.59226208250462031 0.011702429742142008 0.0025276810153740626 0.033388722082236096 0.0227956186773953 59.278715205798065 0.053261946239369862 8.9665154012893691 0.0087141235747715262 1.1137846532084943 0.084869796621240376 8.1699513343318184 0.6204550624157118 0.0023745307172104995 0.0033439631671021695 0.031193464024427603 0.0037853035397121529 0.012934103094848548 20.977834050757 0.029482995435041109 26.867514987025412 0.11392451371485024 0.0032679569507843894 0.0018925295497210998 5.200402728427477 0.0017145379093523793 0.18703661907554292 91.14773377465886 2.6985521940166053 0.0020081324771304967
leaf_count=143 2874 555 358 1163 66 39 1563 18 176 27464 4898 35078 12260 149 52622 3115 345 43 278 531 160 1026 95288 549 4159 616 722 9746 4806 208 74 3250 672 109 836 439 400 31806 738 266 363 1422 342 8651 4556 3353 514 923 1467 3102 215223 226 52456 216 35 2168 9841 945 269 2832 82325 152
internal_value=-0.0465313 -0.090393 -0.118899 -211.836 -0.0884357 -15.9681 -350.423 -0.0782349 -6.35824 -0.0718221 1.41531 699.926 0.619893 -0.192821 -0.0888342 -0.240936 -11.1607 0.0262807 0.0202315 4.9968 -0.248426 -0.422387 -0.226375 -40.6942 -0.708475 -27.6506 -20.3685 -0.693834 -10.5849 -0.211549 -10.9104 0.0138115 2.13083 48.7312 -0.0268858 -0.639568 -13.864 0.00691387 0.792574 -0.00747568 -0.117568 1.96073 39.482 -0.679682 -0.830748 -3.81886 -209.896 -2.02089 -28.5484 -0.736798 -0.725327 -9.39608 -0.151162 -0.364966 -7.61024 -155.051 -0.575604 -7.17222 -0.738636 0.0889208 -0.204774 -0.8923
internal_weight=328.47 328.419 328.191 0.0472159 328.144 0.210658 0.00955974 327.933 0.334525 327.599 3.70519 0.00421443 3.70098 3.64555 323.894 131.498 0.130537 192.396 192.084 0.247476 131.367 73.5854 43.6671 0.0159926 29.9183 0.0162501 0.0147651 29.902 0.0427227 43.6511 0.0276245 191.836 0.623011 0.0307491 57.782 5.26083 0.0253233 191.213 3.43913 187.774 87.6597 1.39441 0.0935839 29.8593 21.6894 0.661152 0.00571849 0.655434 0.0349788 21.0282 21.0153 0.0374541 86.2653 26.9866 0.119085 0.00516049 5.23551 0.0351033 1.30082 100.114 43.6235 2.70056
internal_count=690989 688115 687560 1521 686039 1668 1629 684371 194 684177 79849 39976 39873 27613 604328 506389 3460 97939 97796 574 502929 437846 179478 1431 258368 1642 882 256726 14552 178047 282 97222 1059 387 65083 12461 1236 96163 3988 92175 89077 2396 705 242174 233523 10813 3867 6946 2390 222710 219608 4385 86681 54875 2419 2203 11225 1384 1691 3098 177765 82477
cat_boundaries=0 4
cat_threshold=2860613632 17 1161827072 512
is_linear=0
shrinkage=0.05


Tree=72
num_leaves=63
num_cat=1
split_feature=11 6 15 8 11 11 6 14 21 21 14 10 15 18 14 8 13 18 12 15 20 12 9 18 3 18 13 18 7 11 15 12 10 12 20 21 14 12 15 21 10 12 13 12 13 9 16 12 16 10 15 20 9 14 4 10 13 12 18 16 23 13
split_gain=889399 688629 4.3873e+06 53620.1 278925 4.58639e+06 28015.9 544581 6494.63 2.49937e+06 441496 49709.2 10539.2 31325.3 8811.14 3681.6 5147.15 29951 3561.23 6639.83 88929.1 2244.81 4643.23 2116.98 39674.2 262587 4862.59 60527.1 4708.51 28049.8 2666.08 49148.6 80919.3 2622.52 34460.9 1883.44 8424.97 73516.1 2578.13 1770.8 29556 1560.37 1517.93 1382.48 1263.57 3897.12 17157.6 1261.96 114586 4121.75 1083.22 1030.53 4631.97 973.349 972.356 5853.83 911.893 41655.7 21979.1 2286.63 863.56 1370.38
threshold=17.550000190734867 2.5416666269302373 3.2001786231994633 28.750000000000004 16.562500000000004 15.550000190734865 5.3750000000000009 0.040600210428237922 0.93469110131263744 0.98770287632942211 0.049337463453412063 1.0000000180025095e-35 1.5103637576103213 0.16280825436115268 0.072549022734165206 0.75000000000000011 0.32299806177616125 -0.88144907355308522 0.025897998362779621 1.2077350020408633 0.19337368011474612 0.028253000229597095 3.5499999523162846 -0.41248606145381922 0.15000000223517421 -1.0000000180025095e-35 0.0095819463022053259 0.58216583728790294 0.45000000298023229 0.31666667759418493 18.045855522155765 0.00051442772382870327 0.14583333581686023 0.021592730656266216 -0.55657517910003651 -0.90892156958580006 0.056927841156721122 0.0025604877155274157 0.90754312276840221 -0.95752304792404164 4.0499999523162851 -0.0099207917228341085 0.14421720057725909 0.010019685141742231 0.25386607646942144 0.31666667759418493 1.0000000180025095e-35 0.025019999593496326 0.083333335816860213 28.550000190734867 2.2166025638580327 -0.23537230491638181 1.0000000180025095e-35 0.013725490774959328 17.94999980926514 76.208332061767592 0.064518220722675337 -0.012750047724694012 0.09796465560793878 1.0000000180025095e-35 0 0.19536746293306353
decision_type=10 2 2 8 10 10 2 2 2 2 2 8 2 2 2 8 2 2 10 2 2 10 8 2 2 2 2 2 10 10 2 10 10 10 2 2 2 8 2 2 10 10 2 10 2 10 2 8 2 10 2 2 10 2 2 10 2 10 2 2 9 2
left_child=1 2 -1 6 5 -5 7 -3 14 10 -10 12 -12 -14 15 16 18 -18 23 20 -20 22 -21 30 26 -26 27 -25 33 43 47 32 -32 35 -35 36 38 50 -28 42 -41 -34 51 -30 -23 46 -46 60 49 -49 -38 52 -40 -19 -37 -56 -53 58 -58 -59 -8 -62
right_child=-2 3 -4 4 -6 -7 8 -9 9 -11 11 -13 13 -15 -16 -17 17 53 19 21 -22 44 -24 24 25 -27 28 -29 29 -31 31 -33 41 34 -36 54 37 -39 39 40 -42 -43 -44 -45 45 -47 -48 48 -50 -51 -52 56 -54 -55 55 -57 57 59 -60 -61 61 -63
leaf_value=1081.438745076314 174.14583286036452 321.34445881039278 -282.21575035388986 -3152.4519826659084 -1.9888684510713546 -12.889023048241249 0.044637567536698598 -0.90279490620593728 -151.5041654160012 855.34147556627295 -0.42302529369362107 -64.296528205928084 -25.421752421047159 -0.06630235541213382 -6.7556254694565077 0.058898858290948423 -249.29677833944598 -0.050522056996764868 -322.882658639304 -9.8110136566919817 0.049935518126239441 -0.54268912127851032 -0.11274742099431739 -2.2001298276379169 -3.9975014332493672 -473.02007124089317 -45.984019603016961 111.58273094237032 -2.262078548053132 -202.53493537298328 -439.15267285646479 -0.76476741971749362 -64.921238019020961 -4.3997773373386009 -264.27983836028773 -0.40430210782803855 -26.922080307899137 -411.34654436237855 -73.041789549531288 -262.31430213822648 -4.7489188653862771 -0.050116797632390034 -17.620039832267263 -32.135190347264924 -0.05103202806810312 -0.62620775199070033 -94.469282164818495 -12.447593269141164 129.73704098529706 -0.090708795360815539 -0.050566909549327202 -0.281160341501486 -0.050536968685597872 -31.480964427477176 -49.506862666320544 -0.052102600510769065 -130.54172342958427 -12.970989778234646 -0.050228569043648141 -0.572195881432084 -0.26646296270767639 -5.7561260137621391
leaf_weight=0.009847532026481946 0.073237269293143892 0.013850254006650214 0.01470770687426279 0.0012371503422263395 0.12211977690458298 0.019473423789953797 50.121425894769324 0.24551840190989502 0.050180833788492474 0.0084766466897815418 2.9967720725792049 0.031909186393022426 0.17546732166374646 0.39836639148603581 0.49815448764803605 172.37946888133342 0.0014042311427429526 0.010909808316188102 0.0023231419464440376 0.24685997569561074 0.025892848413882365 1.1937599506464167 0.24680501568571006 0.11668149319799319 0.025322224960605468 0.0033828525352436944 0.0032655651560474777 0.012988993665203521 0.02260930835383906 0.0019744806278072747 0.0017078853644520928 0.12445463926739714 0.0015415162198597005 0.034493387724742759 0.0013246046903536623 49.936809810328207 0.0055820600617439145 0.0012156680141957475 0.0027400393641684303 0.0011438836647632141 0.0423619840415254 0.0023251641071634476 0.014229359668639918 0.0046734513992885756 0.019814251315666373 0.076513138082420121 0.0063546549923375597 0.092800328042271896 0.016950802644714713 0.24737708270549774 0.011428999683604262 1.2925357010210821 0.010512591405814857 0.0031815921348190617 0.0070769216238437118 0.038731865545305666 0.0095791856439954928 0.038702278184333916 0.0048661261946849827 0.94903273923235487 52.797092570599062 0.11392684060483915
leaf_count=857 1444 695 1495 907 22 19 27920 616 31743 34250 5893 771 3843 3284 32165 18738 226 107 1240 2827 1765 4417 76 514 763 2066 4582 1427 919 1096 305 689 65 1919 3560 282478 729 1470 2344 8372 3559 106 2102 116 71 257 564 912 291 16 1102 9422 235 256 469 196 759 1913 2564 10496 163629 3247
internal_value=-0.0769008 -0.114999 264.659 -0.134413 -30.7633 -200.431 -0.121345 16.3052 -0.134082 -2.22842 -4.21855 -2.16695 -1.61172 -7.81951 -0.110904 -0.100884 -0.275267 -29.0908 -0.272439 -2.47242 -26.5385 -2.09309 -4.96242 -0.246815 -0.505133 -59.2711 -0.473042 9.19741 -0.496957 -20.5497 -0.115576 -7.27064 -152.517 -0.485762 -14.0105 -0.476511 -1.84856 -35.7124 -1.58802 -1.52673 -11.521 -25.9121 -1.33949 -7.37925 -1.0005 -6.32286 -22.9788 -0.106578 2.8605 -3.46166 -8.86827 -1.23912 -15.1418 -7.14697 -0.410982 -7.69228 -1.15883 -2.29077 -86.5836 -1.05802 -0.116862 -0.234049
internal_weight=334.985 334.912 0.0245552 334.888 0.14283 0.0207106 334.745 0.259369 334.485 3.66117 3.6527 3.60251 3.57061 0.573834 330.824 330.326 157.947 0.0154956 157.931 1.81832 0.028216 1.79011 0.493665 156.113 52.5933 0.0287051 52.5646 0.12967 52.4349 0.0292572 103.52 0.130029 0.00557457 52.4056 0.035818 52.3698 2.3872 0.0182267 2.36897 2.3657 0.0435059 0.00386668 2.3222 0.0272828 1.29644 0.102682 0.0261689 103.39 0.357128 0.340177 0.0170111 2.30797 0.0132526 0.0140914 49.9826 0.0458088 2.29472 1.00218 0.0144453 0.987735 103.032 52.911
internal_count=690900 689456 2352 687104 948 926 686156 1311 684845 79784 45534 13791 13020 7127 605061 572896 554158 589 553569 11217 3005 8212 2903 542352 345172 2829 342343 1941 340402 2131 197180 1165 476 338271 5479 332792 49649 3301 46348 41766 11931 171 29835 1035 5309 892 635 196015 1219 928 1831 27733 2579 363 283143 665 25154 15732 3323 12409 194796 166876
cat_boundaries=0 3
cat_threshold=8651780 458768 2690908226
is_linear=0
shrinkage=0.05


Tree=73
num_leaves=63
num_cat=2
split_feature=9 13 11 9 21 7 6 21 13 12 19 15 13 18 11 19 12 12 23 4 18 13 20 13 6 21 12 12 15 15 18 6 12 15 12 21 19 4 6 13 20 21 13 13 12 18 21 18 18 18 12 19 7 11 20 15 21 16 15 13 23 11
split_gain=771360 1.6568e+07 172584 3.28346e+06 1.23363e+07 147669 136478 16926.8 374592 182861 48329.8 12850 2990.88 160215 2407.8 4860.45 10279.2 277032 2904.34 13402.1 84724.8 6945.84 21163.4 54049.1 6762.77 4519.85 252180 5467.71 168777 245885 6885.77 70377.5 3632.89 1785.68 25687.5 4875.78 1653.58 46613.7 10986.3 8656.49 87108.1 8255.82 7770 13604.6 2586.82 5262.23 1625.18 33110.2 116464 1400.93 1379.38 11356.6 83548.3 1328.98 3497.21 1315.73 1200.8 13564 12642 2061.82 1082.33 8948.72
threshold=44.625000000000007 0.54998150467872631 17.050000190734867 21.291666984558109 0.24997577071189883 17.791666984558109 3.3750000000000004 0.93469110131263744 0.075903788208961501 -0.00021322058455552903 0.2269546836614609 1.4805571436882021 0.0095819463022053259 -1.0000000180025095e-35 0.35416667163372045 -0.99892947077751149 -0.0099207917228341085 -0.025456356815993782 0 5.9500000476837167 0.81241145730018627 0.28463919460773474 -0.13398594409227368 0.39615242183208471 17.875000000000004 -0.99983122944831837 0.008674956392496826 0.025019999593496326 1.8878175020217898 1.7978174686431887 -1.0000000180025095e-35 46.125000000000007 0.028253000229597095 -0.45945054292678827 0.0052600041963160047 0.80798786878585827 -1.0000000180025095e-35 18.150000572204593 8.541666507720949 0.024972253479063514 -0.40614700317382807 -0.36648371815681452 0.013429522980004551 0.02112467680126429 -0.0015592207782901821 0.97335553169250499 -0.99761277437210072 -0.47114434838294977 -0.99892947077751149 0.97335553169250499 0.024171720258891586 0.09796465560793878 1.0500000119209292 0.22500000149011615 -0.90163370966911305 4.2322649955749521 0.88117334246635448 0.083333335816860213 1.6135857105255129 0.032667407765984542 1 7.2916667461395273
decision_type=8 2 10 8 2 10 2 2 2 10 2 2 2 2 10 2 8 10 9 2 2 2 2 2 2 2 8 8 2 2 2 2 8 2 8 2 2 2 2 2 2 2 2 2 10 2 2 2 2 2 8 2 8 8 2 2 2 2 2 2 9 10
left_child=2 -2 6 -4 -5 -3 -1 12 9 10 11 -9 13 -8 15 16 17 -14 19 21 24 46 23 -23 -21 26 55 33 29 -29 32 -32 -30 34 35 49 53 38 -38 40 -40 42 -42 -44 -43 -46 47 48 -17 -27 -48 -52 -53 -35 -55 -20 -41 58 -58 -59 61 -16
right_child=1 5 3 4 -6 -7 7 8 -10 -11 -12 -13 14 -15 60 18 -18 -19 25 20 -22 22 -24 -25 -26 27 -28 28 30 -31 31 -33 -34 36 -36 -37 37 -39 39 56 41 44 43 -45 45 -47 50 -49 -50 -51 51 52 -54 54 -56 -57 57 59 -60 -61 -62 -63
leaf_value=43.361038711619372 -5814.2050642121849 48.412603394945414 -12.017729220899302 2780.1195013758461 -87.688761055131749 -158.56487035827661 -0.91962964354619281 -0.20509022759645315 -453.32343075595884 -128.65875344081994 -18.303237056343473 13.882810862252775 -1.4474228186969227 156.68423194497439 0.25907023227419418 251.76237054751837 -0.39934913090783192 -252.07113378520671 -0.94995140332355144 -2.9246928980775522 81.409352533916419 69.606263797787534 -0.32879094259159952 -1.4201749384650721 10.953726996098867 -0.050729188947512709 228.22216190597388 -653.00730665067238 -7.4462607634205042 -12.875014510515451 -0.051894929246083299 -218.4462106921394 -0.88065094553323398 -0.24484953515759111 -152.22745657520363 -84.920040259574222 -80.000603893412432 -156.89590329932471 -263.11357573932037 -0.62757825719257454 -11.088564896387581 -1.1217588245735504 -218.2474654400493 -24.153111593450195 -134.47576757498609 -0.050037157212705845 -0.017944793415028037 -0.80209237811215628 -2.7840511585976602 -36.125297671945667 -0.81328214668817211 -228.8326607641599 -0.051630326302414188 -4.766856905929485 -56.533261260825185 -15.429613056002204 -229.19477631361721 -53.876607181428305 -0.05001027100165957 -0.050998526821253304 0.003175395624157295 5.0564992437788838
leaf_weight=0.18076567844201363 0.0012813555882179506 0.022732145269401378 0.22326843208147434 0.0050896172641403106 0.014246719889342785 0.013878886587917805 0.57760091181855477 2.0612337757841943 0.004631940886172691 0.028769058637752809 0.38381823480993249 0.17565843763136291 0.26389990880950442 0.016588515942637883 18.010564312602 0.0059568090364337375 0.65237990395846923 0.011506995482854498 0.44946924246546327 0.24690554015493535 0.036827292046712756 0.042350061021407967 0.31775245449823114 0.072876172950261733 0.13619748875854168 0.092394609440776529 0.012266026088474213 0.0024503903765140628 0.2445957069633409 0.0038684102496410219 0.03518142178808293 0.0041209426382866543 1.5198693270361274 63.879447609045961 0.0029570755654791522 0.001767236204814975 0.0043726448624593619 0.0047812909037777676 0.0034211182804010356 17.401833478511417 0.0045295991198547941 0.093364746020382708 0.0016036523204195595 0.0020658412404402473 0.0011158007100222625 0.0020948340534232557 70.504228499520735 0.32831482745148732 0.018294227228200802 0.0027719888261173156 0.72505228486472706 0.0045895132230104095 0.030579997222633347 0.041515533858289287 0.003540883182656141 0.016256173682761499 0.001309216077537489 0.0018578179126507157 0.0011141507490756038 0.042016042813619314 147.46792359624715 1.0274939376050181
leaf_count=2193 1763 88 334 762 101 171 200 7248 24039 21403 21460 5621 540 2391 852 6 3979 1748 2206 446 183 95 67 68 203 3196 643 5617 2073 258 108 2778 4101 250218 3009 362 1029 632 6425 222709 244 7935 1145 951 1025 92 49729 821 374 419 684 760 31 571 1144 262 2934 303 4341 2333 13542 143
internal_value=-0.0671618 -225.645 -0.0410582 42.1149 667.162 -30.0505 -0.0723141 -0.0963219 -4.07307 -3.28767 -1.9114 0.901203 -0.0637833 3.48034 -0.0702873 -0.210581 -3.81886 -11.9189 -0.189169 0.0580388 8.97252 0.0141377 6.32793 24.6848 2.00924 -0.366035 4.43853 -0.437461 -3.15552 -261.114 -2.25186 -22.951 -1.7908 -0.37716 -7.05818 -2.62963 -0.368971 -0.79864 -0.756139 -0.736402 -14.8356 -6.72876 -54.8983 -108.977 -2.63924 -46.7674 -0.0240339 3.36229 59.7405 -1.1015 -0.040787 -2.15921 -29.9069 -0.250904 -8.83506 -1.45536 -0.648973 -8.69073 -123.845 -2.33022 0.0622293 0.339607
internal_weight=327.491 0.0378924 327.453 0.242605 0.0193363 0.036611 327.211 327.03 2.65411 2.64948 2.62071 2.23689 324.376 0.594189 323.782 157.276 0.927787 0.275407 156.348 72.4699 0.41993 72.05 0.432979 0.115226 0.383103 83.878 0.477991 83.4 1.81009 0.0063188 1.80377 0.0393024 1.76447 81.5899 0.0998909 0.0969338 81.49 17.5655 17.5607 17.5563 0.108196 0.104774 0.00819909 0.00366949 0.0965754 0.00321063 71.617 0.352566 0.024251 0.0951666 71.2645 0.760222 0.0351695 63.9245 0.0450564 0.465725 17.4481 0.0462972 0.00242337 0.0438739 166.506 19.0381
internal_count=691108 2022 689086 1197 863 259 687889 685696 79771 55732 34329 12869 605925 2591 603334 588797 6267 2288 582530 53467 832 52635 230 163 649 529063 3111 525952 14935 5875 9060 2886 6174 511017 6986 3977 504031 252098 251466 250437 17817 11392 2340 2096 9052 1117 52405 1201 380 3615 51204 1475 791 251933 1715 2468 232620 9911 7275 2636 14537 995
cat_boundaries=0 4 7
cat_threshold=393216 65536 1080295712 128 606288 0 69206016
is_linear=0
shrinkage=0.05


Tree=74
num_leaves=63
num_cat=1
split_feature=11 21 6 8 14 21 19 11 23 13 12 21 14 15 19 13 4 11 10 8 1 6 19 6 21 14 13 13 20 15 18 18 20 2 3 13 19 4 12 14 13 18 13 15 7 20 13 21 10 13 18 21 11 16 10 20 19 18 13 14 21 13
split_gain=2.9666e+06 328924 164950 75602.3 34169.4 20749.6 6.78158e+06 7578.91 2702.03 18209.1 132042 12562.3 104995 506719 7790.61 4508.07 2604.77 2042.28 2008.15 3693.11 1533.98 1497.52 3439.15 2873.78 1283.22 33293.1 277271 1013.53 1254.69 2601.7 860.496 2396.86 16471.5 916.342 5327.27 857.369 814.218 10275.6 3902.69 3624.08 870.62 10872.5 857.582 8724.59 843.66 1285.76 762.579 8570.3 625.83 1586.96 3923.72 594.368 579.857 1593.86 4793.5 860.009 10416 571.659 4668.84 4448.74 562.881 11252.6
threshold=18.791666984558109 0.96407344937324535 3.3750000000000004 33.750000000000007 0.072549022734165206 0.93469110131263744 -1.0000000180025095e-35 17.550000190734867 0 0.011607544030994179 -0.017956377938389775 -0.99983122944831837 0.025490196421742443 1.7518187761306765 -0.93540480732917775 0.0077383627649396667 15.750000000000002 1.3541666865348818 1.8541666865348818 1.7500000000000002 0.15000000223517421 13.791666507720949 0.58216583728790294 16.125000000000004 -0.99938741326332081 0.025490196421742443 0.058037718757987029 0.0095819463022053259 -1.0000000180025095e-35 1.8878175020217898 0.52778512239456188 0.47114434838294988 -0.91597726941108693 1.0000000180025095e-35 0.25000000745058065 0.061906902119517333 -1.0000000180025095e-35 15.150000095367433 -0.030397615395486351 0.06862745434045793 0.028819830156862739 0.09796465560793878 0.15667565166950229 13.132413864135744 1.1458333134651186 0.43733377754688268 0.36152423918247228 -0.40613879263401026 22.354166984558109 0.47002694010734564 -1.0000000180025095e-35 0.86439019441604625 -4.4374999999999991 0.083333335816860213 33.937500000000007 -0.99940761923789967 -0.72947329282760609 0.2269546836614609 0.051905291154980666 0.029411765746772293 0.080547325313091292 0.16054482758045199
decision_type=8 2 2 8 2 2 2 8 9 2 10 2 2 2 2 2 2 10 8 8 10 2 2 2 2 2 2 2 2 2 2 2 2 10 2 2 2 2 8 2 2 2 2 2 8 2 2 2 10 2 2 2 8 2 10 2 2 2 2 2 2 2
left_child=1 2 -1 4 5 7 -7 8 9 10 -4 12 13 -11 -15 -10 21 20 19 -19 24 22 35 -23 25 26 -17 28 29 -26 31 33 -33 52 -35 -13 42 38 -38 40 41 -40 44 -44 -29 -46 -42 -48 -20 -50 -51 -32 53 54 -25 56 -54 -57 59 -59 -60 -62
right_child=-2 -3 3 -5 -6 6 -8 -9 15 11 -12 16 -14 14 -16 17 -18 18 48 -21 -22 23 -24 30 27 -27 -28 36 -30 -31 51 32 -34 34 -36 -37 37 -39 39 -41 46 -43 43 -45 45 -47 47 -49 49 50 -52 -53 55 -55 -56 57 -58 58 60 -61 61 -63
leaf_value=47.414935500643168 -289.96114342857669 110.9332494108922 128.9618979537839 35.150119236291708 -19.81665033457357 -0.21130345492381003 -1718.0028084993269 13.425507801398155 -9.5472045197258772 511.38067756017438 -4.2130790892522691 -0.37109860724875599 -2.0278624668437675 -7.1215970289230661 -82.432819612385131 -11.808764903300849 5.116028432143799 9.4794820921178768 -0.0087238763960747027 -0.27626452995709222 -20.053460335503896 5.4004895223246683 -17.707264752736844 -3.127265128529408 -1.0915830303619003 -1.1239716581285679 -819.377619897199 -0.25236604947878294 -0.13681184914364294 -11.792738758596469 -0.36818307778781051 32.503215832275494 -0.9381676895203962 10.731875824333692 -0.16055115753993476 -7.1784653274421935 -50.116334279265232 -44.197518241651913 -147.01757011551805 -8.548496639937488 -0.57851766377429148 -2.9230092765691156 -0.95671370736706141 -50.446646007684791 -26.591973516876454 -2.4409607240879847 -117.57197830978906 -1.8393511944981282 -0.60056153770090781 -22.634467490670225 -0.051773576268135273 -6.6305746519483186 20.731132595559611 -0.63414792712449986 -41.820777318521891 0.019990556578643206 -0.86278621902009656 -75.763780086093831 -0.33870799156515341 -11.706705122193114 -0.050398825384907288 -148.84497825518216
leaf_weight=0.18268556569012062 0.088270950457569053 0.066737577551349569 0.022478348789131949 0.15193917650674293 0.22021770103555027 1.9701878645417574 0.0057623364505566812 0.10384219060000432 0.13165689774547118 0.0058658942274957314 0.10822646292455147 0.26315747015184227 0.12629291261437994 0.0070708972311563012 0.0066761766238255275 0.012757152044614717 0.24944665503508545 0.15720595731065681 39.573516162260077 0.25334120832759055 0.0099985250300197448 0.24687471193507704 0.036812363492057076 0.0487589820506584 0.14425948821008205 0.84661684076787935 0.0011594874190645537 42.71357565866392 0.23190045356783584 0.09368384508161598 13.218137600192041 0.044539098418927586 0.21251196426312355 0.13586655509494638 0.64585270012433904 0.056117531684548527 0.0039947140314103916 0.013591013029386256 0.0013608445347179704 0.14526470802968283 14.901302673358229 0.034431697012643363 3.3435307926903484 0.0089291399441678854 0.0075335840461840482 0.020526753338537752 0.0017018093375457633 0.026647020486496757 2.1450797445882372 0.028672300837284982 0.058437231883765615 0.037998076472697373 0.064991718514726626 0.40137648904626022 0.0095761843895557364 174.24068091534201 0.39676226954046545 0.0039623010574986453 0.32351391249067413 0.008579067328647912 0.023234912017797933 0.0013441319921264549
leaf_count=2588 2208 58974 209 97 33457 10016 9390 108 854 68 243 115 294 17 116 538 609 81 5095 219 3336 166 254 287 313 3118 1946 217183 431 134 25040 265 1473 327 258 394 1448 720 3835 2367 201049 15701 23365 800 406 174 531 370 1188 128 35 1539 231 142 85 48852 510 882 3384 704 1866 170
internal_value=-0.142442 -0.0567554 -0.0815709 -0.110658 -0.128627 -0.114074 -5.22079 -0.0799799 -0.0847202 0.0323279 18.6901 0.0212419 14.6869 122.318 -43.696 -0.274659 0.0100194 -0.289221 -0.0204957 3.45939 -0.470553 0.00333061 -3.23612 0.00939974 -0.467422 -2.38489 -79.0927 -0.440676 -2.75408 -5.30488 0.00238815 0.0315582 4.8562 0.0245239 1.7326 -1.5676 -0.422922 -0.741205 -0.702129 -0.689066 -0.612777 -8.40153 -0.31846 -1.08853 -0.25806 -8.92498 -0.594104 -8.7869 -0.0546694 -0.869218 -7.48492 -0.386134 0.0169166 -1.75653 -9.47911 0.0215737 2.17655 0.0158746 -1.97276 -31.9448 -0.892908 -8.18739
internal_weight=298.647 298.559 298.492 298.309 298.157 297.937 1.97595 295.961 295.857 190.947 0.130705 190.816 0.145906 0.019613 0.0137471 104.911 190.67 104.779 42.2163 0.410547 62.5628 190.421 0.356087 190.065 62.5528 0.860533 0.0139166 61.6922 0.469844 0.237943 189.818 176.562 0.257051 176.305 0.781719 0.319275 61.2224 15.1283 15.1147 15.1107 14.9654 0.0357925 46.0941 3.35246 42.7416 0.0280603 14.9297 0.0283488 41.8057 2.23219 0.0871095 13.2561 175.523 0.459712 0.0583352 175.063 0.461754 174.601 0.360634 0.0125414 0.348093 0.024579
internal_count=690703 688495 629521 626933 626836 593379 19406 573973 573865 88500 452 88048 495 201 133 485365 87553 484511 6746 300 477765 86944 763 86181 474429 5602 2484 468827 878 447 86015 59436 1738 57698 585 509 467949 226021 225301 223853 221486 19536 241928 24165 217763 580 201950 901 6446 1351 163 26579 57113 514 372 56599 741 55858 7006 1586 5420 2036
cat_boundaries=0 4
cat_threshold=2282999808 262144 73663232 640
is_linear=0
shrinkage=0.05


Tree=75
num_leaves=63
num_cat=0
split_feature=7 3 21 14 8 5 6 10 19 13 20 17 18 13 13 20 14 12 11 11 17 19 4 21 20 5 7 13 18 12 12 12 21 12 15 13 19 12 15 11 11 6 6 6 14 6 4 10 15 12 15 19 21 18 12 17 13 16 13 15 10 20
split_gain=1.09211e+06 211169 133359 23849.3 8488.32 8353.63 5977.81 1.08531e+06 3.65718e+06 19613.2 10667.8 10051.4 4507.84 6412.15 804235 4404.63 3931 307483 3001.02 20366.4 1557.77 8180.49 1554.41 1471.51 10035.7 1275.27 1268.84 1331.93 5008.2 1881.06 7259.28 3411.18 1915.17 54758.7 542562 30556.5 2029.2 8039.82 1253.15 1233.52 127902 1222.14 8837.58 11785.4 7242.62 37678.7 1070.92 836.233 688.278 633.586 2817.84 1939.09 4899.55 1810.65 1286.81 4429.06 944.49 925.012 6780.95 1359.5 932.314 631.778
threshold=18.416666984558109 4.4500000476837167 0.96407344937324535 0.072549022734165206 30.250000000000004 1.3666666746139529 16.125000000000004 1.0000000180025095e-35 0.52778512239456188 0.0077383627649396667 -0.5917624533176421 0.050000002607703216 0.2269546836614609 0.022771136835217479 0.015180757734924557 -0.46801505982875818 0.060723030939698226 0.00063008669530972849 -0.22500000149011609 -0.45000000298023218 0.18333333730697635 0.47114434838294988 18.349999427795414 0.86004966497421276 -0.45274443924427027 0.16250000149011615 0.94999998807907116 0.32068268954753881 -0.9103761315345763 0.025897998362779621 0.025019999593496326 0.030019684694707397 -0.99983122944831837 0.012520330958068373 2.149821519851685 0.088991168886423125 -0.84874749183654774 -0.00031936254526954139 9.1807274818420428 -0.72499999403953541 -0.77500000596046437 60.458333969116218 53.541666030883796 57.708333969116218 0.017647059634327892 37.708333969116218 9.0500001907348651 8.5500001907348651 19.372763633728031 -0.0026391489664092656 4.6187498569488534 0.032701563090086018 -0.59177783131599415 0.52778512239456188 -0.0031863674521446224 0.083333335816860213 0.11731409654021265 1.0000000180025095e-35 0.091084547340869917 5.1109356880187997 1.6458333134651186 -0.98803845047950734
decision_type=8 2 2 2 8 2 2 8 2 2 2 2 2 2 2 2 2 8 10 8 2 2 2 2 2 2 8 2 2 10 10 10 2 10 2 2 2 10 2 8 8 2 2 2 2 2 2 10 2 8 2 2 2 2 10 2 2 2 2 2 10 2
left_child=1 2 3 4 5 6 7 8 -1 -8 46 -12 22 14 -14 -16 18 -18 19 -15 23 -22 26 25 38 41 27 29 -29 30 32 -31 33 34 -11 36 -36 -38 -25 40 -34 42 44 -44 -20 -46 -9 -21 -41 50 54 52 -52 -53 56 -56 61 58 -51 -60 -61 -43
right_child=-2 -3 -4 -5 -6 -7 9 10 -10 12 11 -13 13 16 15 -17 17 -19 20 47 21 -23 -24 24 -26 -27 -28 28 -30 31 -32 -33 39 -35 35 -37 37 -39 -40 48 -42 49 43 -45 45 -47 -48 -49 -50 57 51 53 -54 -55 55 -57 -58 -59 59 60 -62 -63
leaf_value=1602.7842131449902 -118.49057984815641 52.266448864823275 59.898875757525097 -15.506081447682881 9.2003005394059674 17.329168140609799 -29.821856263892524 -4.4356436518510716 -21.659883909401611 -1094.867922046072 -4.6488590374480134 -75.973024692198734 -1193.3828485199019 -234.18756806098432 -0.33484316728643687 -26.892486472503339 -0.052408696258681123 -709.14176305170054 -0.90673646389639073 -46.677359997619462 -122.40706864152146 -3.7549692335543265 3.917730175670628 -0.050340048649608782 -96.488376061378119 -5.6313317735426587 0.057551936969157481 10.336263215425589 -1.614434759246191 -8.7915175138096853 15.438399489911129 -1.0533849061620899 -0.64826765317815083 -0.30468160322938476 -0.050480560472888486 -159.01147615657266 -133.22937651750553 -0.050233377745351186 -34.180232202439612 -0.13647791146453189 214.91908891079666 -4.5913444287009071 -205.76656824819668 -26.587961563923184 -324.48301033326089 -0.050260115317736137 -0.43232140725778195 -0.050428230638724827 -4.5247422825710331 -124.58887412495022 -18.745881857470057 -42.968077900267495 -147.76445169644543 -0.050209500922507394 -97.544731344328 -0.050229848834118719 -17.912328566033292 -0.41165566764574291 -1.2117306198747864 -58.560618340457452 -13.739717636338066 -0.84039840446328273
leaf_weight=0.0046171105679441342 0.19464186550538798 0.19299895236332432 0.092742507392414519 0.24993648621597131 0.2475438670666098 0.069034257379825159 0.055425654052952633 0.18878617021194988 0.013882633440715312 0.0012330817855657128 0.010640561173587172 0.0092196333816455187 0.0014245521324901525 0.0010677485032326995 0.23937638151845722 0.016701716653394122 0.10666031899216219 0.0015510640448138926 0.17542923294990237 0.0010723330169726169 0.0016332594074913451 0.013138380917001174 0.24923257821740108 0.032772934461448772 0.0031107996376276903 0.12561247463287273 171.16114360106158 0.13949505087390998 0.23595457391430633 0.16612039857977501 0.07474899964088777 0.99826242662084264 0.49625012960589832 1.1009687221991142 0.021409328666222836 0.003774503277715449 0.0015010730378074233 0.0046242340483001101 0.0029299619060935761 130.09676169164851 0.0069777359119204121 0.11936028512543506 0.0012146734695063959 0.0037540145935526324 0.0010788053223892537 0.0052503970763517361 1.4511153888053177 0.0093119069657206753 0.089416330287689472 0.001203774079898876 0.0026744049734557219 0.0034868943855670834 0.0010151763585057451 0.0083246889811797765 0.0015378071344319868 0.0048039548060167881 0.0083522699724610794 16.292809143132683 0.040184985981501962 0.001706172982114452 0.003625858318706222 1.8870227806415147
leaf_count=277 2569 2650 59011 33515 61 635 1109 1136 300 413 183 1946 4673 5186 2668 5615 2463 3426 1885 865 2158 1202 379 1804 16583 857 10534 272 397 4485 1474 4087 4925 356 166 545 261 47 204 314990 301 3519 626 449 1724 1018 1772 907 841 6687 927 803 4034 3201 1353 1430 3570 98504 5812 363 663 56271
internal_value=-0.0894332 -0.0188602 -0.0497801 -0.0668207 -0.0549844 -0.0620173 -0.0657034 2.91068 383.764 -0.0811195 -1.33432 -37.7594 -0.0760313 -0.820782 -8.65754 -2.06696 -0.713793 -10.2162 -0.658962 -26.2467 -0.643327 -16.874 -0.0293227 -0.630525 -10.3559 -0.610326 -0.0325523 -0.14813 2.82574 -0.156521 -0.138857 -2.15737 -0.14769 -2.19406 -66.1157 -25.5992 -7.31079 -32.6872 -2.85121 -0.129941 2.34078 -0.57635 -4.60103 -70.391 -2.80254 -55.3495 -0.893186 -4.86538 -0.139492 -0.535453 -1.36705 -22.6037 -54.2449 -12.72 -1.20417 -23.6916 -1.13339 -0.431801 -7.45713 -4.35938 -28.0818 -1.06354
internal_weight=326.748 326.553 326.36 326.267 326.017 325.77 325.701 1.67826 0.0184997 324.022 1.65976 0.0198602 323.967 19.1192 0.257503 0.256078 18.8617 0.108211 18.7535 0.011452 18.742 0.0147716 304.848 18.7273 0.0388137 18.6884 304.599 133.437 0.37545 133.062 131.898 1.16438 131.823 1.13351 0.0325422 0.0313091 0.0275346 0.00612531 0.0357029 130.689 0.503228 18.5628 0.186727 0.00496869 0.181758 0.0063292 1.6399 0.0103842 130.186 18.3761 2.03658 0.0155012 0.00368958 0.0118116 2.02108 0.00634176 2.01474 16.3395 0.0467208 0.045517 0.00533203 2.00638
internal_count=691087 688518 685868 626857 593342 593281 592646 5614 577 587032 5037 2129 585923 241450 12956 8283 228494 5889 222605 6958 215647 3360 344473 212287 18591 193696 344094 333560 669 332891 324319 8572 322845 1788 1432 1019 474 308 2008 321057 5226 192839 5702 1075 4627 2742 2908 1772 315831 187137 75108 8965 4961 4004 66143 2783 63360 112029 13525 6838 1026 59790
is_linear=0
shrinkage=0.05


Tree=76
num_leaves=63
num_cat=1
split_feature=11 7 19 6 3 8 6 15 21 15 23 11 15 11 19 11 12 14 12 6 12 14 13 18 11 11 6 13 20 19 20 18 11 3 19 21 13 6 21 12 13 20 11 11 12 18 3 21 18 19 21 13 4 12 12 18 21 10 21 13 13 18
split_gain=8.88326e+06 5.22036e+07 1.29063e+06 418726 2.57519e+07 52705.3 12613 5243.1 542201 1.28806e+06 3490.84 27158.1 817924 4.32823e+06 75853.1 248116 51248.8 12004.7 1.95608e+06 11265.7 127555 9677.25 301678 9080.12 226278 174668 4998.51 84594.1 3352.02 22089.6 2948.68 2667.5 2169.91 5368.67 2979.28 747459 110038 20990.2 6748.25 4528.4 296328 2046.46 1806.2 1752.1 1656.62 1640.05 8139.52 5066.72 66138.5 1533.26 39347.8 97399.2 982.292 917.156 3417.81 29321.5 1566.41 1042.73 855.63 16038.1 34747.7 5812.2
threshold=17.050000190734867 21.291666984558109 0.09796465560793878 5.3750000000000009 5.2500000000000009 28.250000000000004 7.8750000000000009 18.045855522155765 0.87291088700294506 19.372763633728031 0 -0.72499999403953541 4.1668682098388681 -1.0500000119209287 0.77259656786918651 -0.77500000596046437 -0.016464638523757454 0.06862745434045793 -0.0033267457038164134 13.125000000000002 -0.007927557919174431 0.06862745434045793 0.081252805888652815 -0.81241145730018605 -16.583333015441891 -1.0500000119209287 16.125000000000004 0.040362561121582992 -0.62588816881179798 -0.52778512239456166 -0.90163370966911305 -0.9103761315345763 0.55000001192092907 1.6500000357627871 0.35206145048141485 0.92843842506408703 0.024972253479063514 22.375000000000004 -0.99052476882934559 0.025019999593496326 0.29038105905056005 -0.78326541185379017 -1.1458333134651182 0.45000000298023229 -0.022957732900977131 0.2269546836614609 0.25000000745058065 0.86004966497421276 0.29012925922870642 -0.99892947077751149 0.77108684182167064 0.088991168886423125 15.949999809265138 0.021095578558743003 0.025897998362779621 -0.99892947077751149 -0.27694045007228846 0.27500000596046453 -0.78324955701827992 0.073514446616172804 0.054168537259101875 -0.47114434838294977
decision_type=8 8 2 2 2 8 2 2 2 2 9 10 2 10 2 8 10 2 8 2 10 2 2 2 10 10 2 2 2 2 2 2 10 2 2 2 2 2 2 8 2 2 8 8 10 2 2 2 2 2 2 2 2 10 10 2 2 10 2 2 2 2
left_child=3 2 -2 4 -1 6 -5 10 28 -10 17 12 13 16 23 -16 -12 26 -19 20 -13 32 -23 24 -14 31 27 -8 29 -9 -31 -26 33 34 52 36 -36 -38 -39 43 -41 -24 -25 44 -40 49 47 -47 -49 50 -28 -52 53 -21 55 -55 57 -56 59 60 -46 -61
right_child=1 -3 -4 5 -6 -7 7 8 9 -11 11 19 14 -15 15 -17 -18 18 -20 21 -22 22 41 42 25 -27 45 -29 -30 30 -32 -33 -34 -35 35 -37 37 38 39 40 -42 -43 -44 -45 58 46 -48 48 -50 -51 51 -53 -54 54 56 -57 -58 -59 -60 61 -62 -63
leaf_value=-84.705531214461459 -758.40402859239089 -7054.1615969259692 242.39977616590323 -11.381057668519615 7083.8724069360851 40.277290025893294 50.303853613758157 -210.5806905387218 125.02656110096517 1543.750236337399 -0.05036340512660873 -7.4059516107965742 -0.44963739693179383 -2506.3679499616351 -0.051061595775377666 -350.02708800768033 -352.05603244005158 -0.83069834762919026 1185.6028672311256 -0.27048479447018703 -494.35350658449306 -343.72841318599041 -0.28585885163340369 -0.37410271564191977 -46.824905290898442 -738.84910137231134 -0.27408111749492842 -0.59622844914635564 -0.51216526404640106 -2.5393910881823789 -83.148215422461817 -147.72320231025512 0.0080343653763944502 -16.663177717595243 -326.03497629341024 -1208.5525554571927 -133.27695908619341 -50.10135839991144 -42.492355188695711 -538.75742451941096 -0.26885229820767509 -5.3520772959487353 -5.0858319263848255 -30.336690153438738 -11.50846185389158 -0.53152910811806597 -51.998597210516323 -0.050446631068493619 -396.63030865300186 0.019689113617020294 -0.050798414769731084 230.53729120807844 -7.651407454775371 -4.3496444412187456 -0.24196995547152428 -207.40876854544373 -9.1110649498056606 -6.1810240364403342 -0.29062470254189227 -50.738782466077829 -285.33133532468031 -0.85440866343087318
leaf_weight=0.035438531185114086 0.0042196647630375278 0.0030690884772610607 0.013616719466472754 0.24802278528466004 0.0012987155570622902 0.08080066333349023 0.088365039016932045 0.0014249706772326799 0.011992638697847724 0.0018461425606801649 0.011481867741957766 0.026819109442439492 0.09883955031360353 0.002054725848963994 0.020621888179159675 0.0067128006897687496 0.0011363442240413914 0.4658009908744134 0.003500180784611894 50.668151753393637 0.0014158474665625252 0.0065468223525741989 0.38210418820381165 1.3375140087284756 0.0010689500529807003 0.0018272899369689002 0.46128419792393005 1.070778657676188 0.91534433740178678 0.019814059338450544 0.0012033959423106136 0.001691781163249905 60.550277962282657 0.050849488982250501 0.0026074829271988112 0.0012825790118816674 0.0030023987348942729 0.0069928497449421858 0.0023561423224752734 0.0025986630965079962 0.15143185668192297 0.41672115027904544 0.23987601494638733 0.0049527113926720592 0.004363642989667905 10.697235962925916 0.0076999771411480058 0.014306202790276688 0.001134700914301825 171.90463669552432 0.015470878475528024 0.0065051193772633379 0.045471966788162343 0.022796507084382082 0.78244705507110091 0.001928163884215124 0.060720398587683078 0.081614617375243781 3.51530303211428 0.0059175231353854043 0.0015773905366456269 0.44103746041318864
leaf_count=1279 211 1908 258 1118 2357 188 78 997 939 1036 534 718 167 891 1357 120 3042 3677 7076 268212 833 19564 104 1596 601 200 1425 1109 1160 466 497 299 7762 853 11233 21305 495 6357 2024 2818 212 10207 479 671 3673 57538 750 546 11420 97102 284 113 424 224 2087 6756 2825 1378 97457 6748 3789 9431
internal_value=-0.149833 -1030.8 5.63337 -0.0791942 168.714 -0.0995266 -0.110227 -0.101051 3.60449 314.289 -0.112662 -0.310204 -6.56833 -378.284 -3.37532 -85.9975 -31.7505 0.0297304 8.01806 -0.244701 -31.824 -0.237094 -5.69908 -2.03165 -16.3835 -359.645 0.0109988 3.28404 -0.980239 -20.0712 -7.15481 -108.656 -0.199305 -0.424064 -0.409268 -1.69928 -1.32559 -1.12105 -1.02513 -0.942026 -9.35374 -2.92874 -1.09062 -0.616116 -0.579043 -0.00972076 -0.609779 -0.572842 -29.1938 0.0275954 2.84 68.2056 -0.305808 -0.299337 -1.83895 -20.1853 -1.34845 -0.802941 -0.554157 -2.59965 -84.2106 -1.51486
internal_weight=305.039 0.0209055 0.0178364 305.018 0.0367372 304.981 304.9 304.652 0.951626 0.0138388 303.701 118.964 1.72283 0.0146729 1.70815 0.0273347 0.0126182 184.737 0.469301 117.241 0.028235 117.213 0.805372 1.68082 0.103428 0.00458802 184.267 1.15914 0.937787 0.0224424 0.0210175 0.00276073 116.408 55.8574 55.8066 4.14342 4.14214 4.13953 4.13653 4.12954 0.154031 0.798825 1.57739 3.97551 3.97056 183.108 10.7204 10.7127 0.0154409 172.388 0.48326 0.021976 51.6631 51.6177 0.949507 0.0247247 0.924782 0.864062 3.9682 0.452896 0.00594103 0.446955
internal_count=690978 2377 469 688601 3636 684965 684777 683659 5095 1975 678564 497446 9286 4467 4819 1477 3576 181118 10753 488160 1551 486609 29875 3342 1267 1100 170365 1187 3120 1960 963 900 456734 448972 448119 166213 144908 133675 133180 126823 3030 10311 2075 123793 123122 169178 70254 69504 11966 98924 1822 397 281906 281482 13270 6980 6290 3465 121098 23641 7462 16179
cat_boundaries=0 4
cat_threshold=3221317840 57345025 216269057 168
is_linear=0
shrinkage=0.05


Tree=77
num_leaves=63
num_cat=2
split_feature=8 10 3 6 11 14 9 9 11 5 3 4 12 6 13 18 14 20 13 18 13 10 12 12 12 23 14 20 12 19 14 4 17 19 7 23 13 16 20 19 10 11 11 2 19 12 4 19 13 11 10 7 19 13 12 13 13 18 10 13 16 12
split_gain=3.24015e+06 7.64839e+07 3.78556e+06 84324.9 68260.1 329519 22949.1 356908 632438 8457.63 14114.2 4127.64 4133.89 2798.62 78111.2 3342.88 5631.48 29343.6 134534 170690 8143.22 38485.6 3082.13 2886.47 2570.04 2349.09 153247 224453 19409.8 39477.8 19046.2 50664 31915.1 3.81553e+06 1040.31 1226.22 2627.2 2219.1 1574.96 6057.4 1455.9 1244.32 4356.06 1115.9 25677.5 166311 306086 1101.77 5593.45 1094.43 7805.18 104679 778.912 4004.97 3313.55 1532.58 743.865 697.63 2887.45 34302.6 123837 5727.1
threshold=29.250000000000004 20.550000190734867 4.9500000476837167 7.8750000000000009 16.854166984558109 0.017647059634327892 43.625000000000007 44.083333969116218 -6.4166667461395255 1.1958333849906924 1.6500000357627871 18.349999427795414 -0.0064024177845567456 16.125000000000004 0.061906902119517333 0.2269546836614609 0.055752867832779891 0.89787620306015026 0.10815209522843362 0.99465191364288341 0.096729531884193434 1.0000000180025095e-35 -0.022540003061294552 0.0023306665243580942 0.012310840655118229 0 0.056927841156721122 0.40614137053489691 0.030019684694707397 0.09796465560793878 0.06862745434045793 1.0000000180025095e-35 0.083333335816860213 -0.032701563090086067 2.1833333969116215 1 0.14506810903549197 0.11666667088866235 0.79904097318649303 0.35206145048141485 34.049999237060554 -0.72499999403953541 -0.77500000596046437 1.0000000180025095e-35 0.2269546836614609 0.0070082105230540046 0.15000000223517421 -0.99892947077751149 0.073514446616172804 -0.72499999403953541 19.774999618530277 0.81666666269302379 -0.88144907355308522 0.051905291154980666 0.012948462739586832 0.11798383668065072 0.15560276806354525 -0.99892947077751149 1.3541666865348818 0.19536746293306353 1.0000000180025095e-35 0.0032847606344148521
decision_type=10 10 2 2 10 2 8 8 8 2 2 2 10 2 2 2 2 2 2 2 2 8 8 8 8 9 2 2 8 2 2 2 2 2 10 9 2 2 2 2 10 8 8 8 2 8 2 2 2 8 8 10 2 2 8 2 2 2 8 2 2 8
left_child=2 -2 3 -1 6 -6 9 -8 -9 11 -11 13 -13 14 -5 25 22 20 19 -19 -18 -22 -17 -16 -20 26 28 -28 -15 -30 34 32 33 -32 35 43 41 38 40 -40 57 42 -37 49 -45 -46 -47 48 -43 50 51 -27 53 -24 56 -56 -55 -38 59 61 -61 -59
right_child=1 -3 -4 4 5 -7 7 8 -10 10 -12 12 -14 15 23 16 17 18 24 -21 21 -23 52 -25 -26 30 27 -29 29 -31 31 -33 -34 -35 -36 36 37 -39 39 -41 -42 47 -44 44 45 46 -48 -49 -50 -51 -52 -53 -54 54 55 -57 -58 58 -60 60 -62 -63
leaf_value=-41.514446849217485 -5.5008183419150853 5776.7538592069686 -233.43531002214911 54.472742912548512 -3.7050468965361016 131.26938635055163 -0.56316645782514585 -15.344259046358236 -1176.814860944874 -0.05125064561324838 -62.780067507036691 -0.05106597498119643 -31.850128035256532 -0.28263532800007579 -0.29610135779221214 -26.915694361707239 -0.51865333573412242 -677.45419148135375 -50.0084300364895 -40.827276429933143 -261.97826613987502 -0.050387632576972645 -46.355602904971484 -16.936534397300814 -0.050936662885674 -436.69103982281172 107.9834273647806 -2.4366959315135599 -2.5641974949751161 48.75013116810667 -1.0820947247896295 -226.24060114375413 -2.0415107713695777 -2413.8489650723964 0.057213784496656962 -0.12474743813730174 -0.26905769311900413 -14.907876443886479 -0.051007303655360374 -57.04675998787053 -16.908702632375235 -0.15035396364115983 -8.1060055106710873 -0.16375702441297829 -1.9277196995039945 -0.050093035545216158 831.99180109025281 -0.17926928168892403 -18.925467052879256 0.019708515458106986 -0.49018569824734037 -0.050912349012480387 -0.59999345777295954 -0.36084143881658681 -43.806998969356499 -0.050137250081903423 -19.841999688611221 -63.930970867249201 -1.0305648964852427 -19.906377624707595 -615.3296217711345 -3.1805984989798262
leaf_weight=0.12267738970569908 0.13488256444577368 0.0059721602283389621 0.17387625476385338 0.06785672820964106 0.21181665644395944 0.057492100653331629 0.082396920794945622 0.0032692355507677462 0.0018270431403473444 0.023913967778354528 0.01434735581278801 0.02044100089746316 0.020440854479416889 7.1375403655360659 1.1761670327794971 0.011166822505582695 0.21733478171194676 0.0018450072426610242 0.0030025053504410498 0.0024523497330673676 0.0017180282018564564 0.0076338127269428872 0.0053872489373402712 0.02665067322902559 0.018056064856563858 0.0014886369496016237 0.08191553997050563 0.10503271211626361 0.096041613102604367 0.061471238921569055 0.14675303202238865 0.0026526316772976779 0.5808696002319369 0.0016570701263202139 130.76705477198237 0.72042391191730559 1.379722458466522 0.030290195416309618 0.019461916760674852 0.0061299651378431677 0.014829471882951917 0.23658254350327451 0.2241499871015542 0.60918321437077183 0.026643661939120645 0.002857067480103585 0.0018027939808314799 70.194520128496791 0.047660960885124004 72.136112444409278 0.18299937436623986 0.017614048987918098 15.539468412667864 0.1623304702636798 0.0068554355321309686 0.0028260373113778462 0.0050526116499343401 0.0039135377036352463 2.9602147540447112 0.0050362075527828612 0.0010564248520378572 0.44617857654337129
leaf_count=2285 73 1148 2426 768 212 348 22 327 886 104 762 646 642 13944 1426 12409 31524 10977 557 969 5947 3403 2356 813 1271 548 529 923 110 163 1606 1026 5563 6343 6075 2981 831 2516 2621 2713 1239 3252 204 653 257 32 117 258660 2123 45180 279 97 198451 17059 898 2944 735 688 11511 659 3145 11525
internal_value=-0.0910525 239.663 -0.201328 -0.0688269 -0.0522079 25.1093 -0.0743762 -25.6781 -431.738 -0.0670455 -23.5735 -0.0641019 -15.9505 -0.061976 2.27966 -0.0717562 -0.775562 -8.19026 -59.2012 -314.154 -2.48445 -48.1692 -0.656779 -0.664801 -7.17382 -0.0327261 0.533276 45.9463 0.100498 17.4618 -0.0645051 -8.12193 -7.32856 -28.0218 -0.0457488 -0.135949 -0.258693 -1.41664 -1.33214 -13.7031 -1.26634 -0.21601 -2.01872 0.0244601 2.10566 46.2697 321.848 -0.191849 -3.2985 0.0094144 -3.66486 -34.0775 -0.638128 -3.88605 -2.5939 -31.0343 -0.948898 -1.21797 -1.60119 -5.30402 -123.149 -3.70882
internal_weight=306.379 0.140855 306.238 306.064 305.942 0.269309 305.672 0.0874932 0.00509628 305.585 0.0382613 305.547 0.0408819 305.506 1.27067 304.235 15.9851 0.252043 0.0253559 0.00429736 0.226687 0.00935184 15.7331 1.20282 0.0210586 288.25 7.482 0.186948 7.29505 0.157513 280.768 0.731932 0.72928 0.14841 280.036 149.269 76.2902 4.86683 4.83654 0.0255919 4.81095 71.4233 0.944574 72.9787 0.640487 0.0313035 0.00465986 70.4788 0.284244 72.3382 0.202102 0.0191027 15.7219 0.182452 0.177065 0.00968147 0.167383 4.79612 3.4164 0.456185 0.00609263 0.450092
internal_count=690501 1221 689280 686854 684569 560 684009 1235 1213 682774 866 681908 1288 680620 3007 677613 289500 54648 13774 11946 40874 9350 234852 2239 1828 388113 15669 1452 14217 273 372444 14538 13512 7949 357906 351831 304668 37448 34932 5334 29598 267220 3185 47163 1059 406 149 264035 5375 46104 924 645 222443 23992 21636 3842 17794 28359 27528 16017 3804 12213
cat_boundaries=0 2 6
cat_threshold=147520 16384 2432696324 67633152 2690908288 132
is_linear=0
shrinkage=0.05


Tree=78
num_leaves=63
num_cat=1
split_feature=6 15 6 19 21 8 21 11 5 2 0 13 18 21 5 23 6 18 15 19 2 20 18 5 11 9 18 15 21 13 20 21 19 4 9 19 13 6 6 21 21 15 16 12 18 21 11 15 12 19 15 9 9 13 13 13 18 15 13 19 15 21
split_gain=5.37217e+06 4.64207e+07 379668 6.80366e+06 181908 128086 297026 214704 11178.8 4031.86 3141.94 2599.53 84057.9 3.10716e+06 1901.06 1920.31 4592.11 12266 4200.7 10287.2 2738.2 99945.2 775376 1757.02 1529.66 68380.3 1570.64 7497.92 6488.65 51955.6 8835.57 1609.51 5089.29 3910.04 1187.95 1088.32 2524.4 991.011 3569.89 969.737 813.201 40320.9 1141.25 2692.06 756.97 2139.86 23773.6 739.999 14077.6 4512.66 1278.86 706.294 6923.89 1678.98 647.71 4589.22 9112.74 2692.26 31589.7 1358.92 15729.6 129675
threshold=2.5416666269302373 -0.17425823956727979 7.8750000000000009 0.97335553169250499 0.98770287632942211 28.250000000000004 -0.70289847254753102 16.854166984558109 0.38750000298023229 15.250000000000002 1.9499999880790713 0.0095819463022053259 -0.77259656786918629 0.83258596062660228 0.29583333432674414 0 16.375000000000004 0.81241145730018627 19.372763633728031 0.91037613153457653 1.0000000180025095e-35 0.57077592611312877 -0.98611506819725026 1.0000000180025095e-35 -0.72499999403953541 6.5499999523162851 -1.0000000180025095e-35 18.045855522155765 -0.94703993201255787 0.074990753084421172 -0.031173458322882649 0.88522326946258556 -0.98611506819725026 1.0000000180025095e-35 20.791666984558109 -0.99892947077751149 0.15280646830797198 14.375000000000002 10.458333492279055 -0.97507822513580311 -0.99983122944831837 2.149821519851685 1.0000000180025095e-35 0.035823347046971328 0.16280825436115268 -0.89404255151748646 1.1458333134651186 0.69622504711151134 -0.007358861854299902 0.16280825436115268 0.62181878089904796 18.916666984558109 14.775000095367433 0.21275258064270022 0.21154273301362994 0.20769515633583072 -0.99892947077751149 1.2696490287780764 0.32068268954753881 0.63405361771583568 8.4214282035827654 -0.87810534238815297
decision_type=2 2 2 2 2 8 2 8 2 10 2 2 2 2 2 9 2 2 2 2 8 2 2 2 10 8 2 2 2 2 2 2 2 2 8 2 2 2 2 2 2 2 2 8 2 2 10 2 8 2 2 8 10 2 2 2 2 2 2 2 2 2
left_child=1 -1 3 -2 5 7 -7 8 10 -5 11 12 -4 -14 15 16 17 -13 20 -20 24 23 -23 -22 25 -17 34 28 29 -28 39 -30 -33 -34 37 36 -18 38 -26 -31 41 -39 -43 -44 -37 46 -46 48 -47 50 -50 52 53 -27 55 59 -57 58 -56 -42 -61 -62
right_child=2 -3 4 9 -6 6 -8 -9 -10 -11 -12 14 13 -15 -16 18 35 -19 19 -21 21 22 -24 -25 26 51 27 -29 31 30 -32 32 33 -35 -36 44 -38 40 -40 -41 54 42 43 -45 45 47 -48 -49 49 -51 -52 -53 -54 -55 57 56 -58 -59 -60 60 61 -63
leaf_value=-8.5769129093306926 -2762.220055878608 -3337.3078725753267 -0.34264728017692808 -33.449162891699636 67.215185044457456 2.3312318798448737 -92.146246003406588 103.09686461239258 -17.603021429497744 -1.3486362400290635 5.5135153483565693 -2.7306021407000038 -7.7164731146654777 2705.8146969523486 -5.4275771175080596 -120.63084470875738 -19.953970772300238 13.512506979054709 -56.230665199937533 -0.051458748470295218 -9.4747566609862073 -0.050306153674027868 -1416.344846964399 -0.40020683701772497 -0.52588511005766259 -20.069054965741628 -350.60495945660369 -35.515494222642786 -0.57210544302210586 -1.0711953555427336 -62.869869572720155 -1.0267257395115219 -59.349603611901188 -7.3123943005063143 -10.257760442401169 0.021188313164105795 -0.70912114289481665 70.227062251693482 -11.577950298154855 -17.120834767611516 -0.18703010204985715 -0.46876394330034793 -39.29170918494151 -3.3918085841685102 -162.74615995740567 -182.24289121306134 -0.050911889446128247 -0.34117313278204797 -1.0110856945592726 -79.264658439407441 -34.584865374855056 -0.42619743104600344 -75.533859017944252 -0.98532292426838475 -0.48566742623644921 -2.6578129348896322 -68.706676120439155 0.010864319299180452 59.08637697405176 -1.1537434494060517 -8.0619042755395025 -561.01968546152364
leaf_weight=0.10563266277313232 0.0023532223248129416 0.011626313347789075 0.91435622248810655 0.013473670929670334 0.10034008619186252 0.24768312264227177 0.1252648353983109 0.050412179484907393 0.091181611323974177 0.03569997102022171 0.24966298900551365 0.24540475849050736 0.032611488952044465 0.0010902244830504051 0.16778451204333933 0.012025182947209228 0.02260979230219759 0.22079871594905853 0.011569935442778203 0.027556388799211826 0.058375892097919047 0.0082605714570589579 0.0010944046357081851 0.61852838986759839 0.46289520289476449 0.012488501562590709 0.0011408072658985182 0.01546417589465221 14.352686821524413 0.049026054239321125 0.0071631372660702344 0.05134094604080193 0.0075886329165973238 0.0068851127289235592 0.029100553759632386 162.74568214698695 0.06917122922454369 0.020662339404181995 0.086759116655448665 0.011647608307445136 61.320414634970206 0.41321191444602784 0.0063555016142467918 0.029280004016072794 0.0024585264421688206 0.0010971634858032869 0.025896434635469198 9.1007604937403883 0.1563410953611967 0.0018935911481358361 0.0028887710084242171 1.1624782935017806 0.0033075816420607687 0.14945816585520394 0.23681928405470573 0.018458553486418339 0.0072826520548606713 24.58687346668906 0.024561665508682023 1.9160629409831393 0.012479414772069 0.0011587079603313935
leaf_count=49 2222 2652 95 287 34359 314 1277 496 2178 2 40 592 1761 1600 638 4344 1683 227 1522 42 631 259 1512 1270 283 1632 12645 877 181978 3777 7151 1544 22975 564 342 95123 129 389 378 1762 152629 141 613 51 12026 2106 156 54674 4796 3417 500 1655 526 718 623 12 591 4514 23 53785 1990 4181
internal_value=-0.26156 -338.623 -0.120046 -135.831 -0.0950996 -0.119202 -29.4016 -0.0801773 -0.0987675 -10.1442 -0.0930612 -0.0980701 2.51567 80.0642 -0.106968 -0.10376 0.00628246 4.9623 -0.259436 -16.6641 -0.277908 -3.42597 -165.737 -1.18279 -0.257336 -1.93601 -0.235643 -0.71821 -0.681067 -15.9798 -10.3525 -0.607878 -8.4091 -34.5957 -0.157159 -0.00677571 -5.44999 -0.153862 -2.27038 -4.15227 -0.14073 1.93463 -1.20916 -9.79446 -0.00387178 -0.442821 -14.1575 -0.400839 -3.74815 -2.5327 -1.62019 -0.860999 -3.91961 -2.45696 -0.151787 -0.236733 -21.3442 0.0645262 5.11225 -0.228143 -1.5346 -55.0417
internal_weight=280.485 0.117259 280.367 0.0515269 280.316 280.216 0.372948 279.843 279.792 0.0491736 279.701 279.451 0.948058 0.0337017 278.503 278.335 172.595 0.466203 105.74 0.0391263 105.701 0.686259 0.00935498 0.676904 105.015 1.33976 103.675 14.5029 14.4875 0.0689776 0.0678368 14.4185 0.0658147 0.0144737 89.1724 172.129 0.091781 89.1433 0.549654 0.0606737 88.5936 0.46951 0.448847 0.0356355 172.037 9.29134 0.028355 9.26298 0.162221 0.161123 0.15923 1.32773 0.165254 0.161947 88.1241 63.2759 0.0257412 24.8483 0.261381 63.2501 1.9297 0.0136381
internal_count=691328 2701 688627 2511 686116 651757 1591 650166 649670 289 647492 647452 3456 3361 643996 643358 175429 819 467929 1564 466365 3672 1771 1901 462693 8875 453818 233273 232396 25335 12690 207061 25083 23539 220545 174610 1812 220203 661 5539 219542 1194 805 664 172798 77675 12182 65493 10819 8713 5296 4531 2876 2350 218348 213188 603 5160 646 212585 59956 6171
cat_boundaries=0 4
cat_threshold=406980096 67117337 3963893569 130
is_linear=0
shrinkage=0.05


Tree=79
num_leaves=63
num_cat=1
split_feature=6 8 6 15 14 19 13 20 5 19 15 7 0 15 12 21 14 14 18 23 4 12 0 6 6 6 18 4 19 15 15 8 11 15 14 10 10 20 10 13 11 8 7 19 10 10 20 6 13 20 19 20 12 19 8 21 12 20 21 21 15 15
split_gain=934587 461791 128108 48903.4 34109.2 245664 27639.9 87445.8 8772.17 295845 21454.4 8929.42 4542.85 2842.08 9155.92 6142.3 11263.5 2214.84 16226.9 1632.09 9124.1 89953.7 6809.55 6629.96 26511.2 6109.03 82007.6 6077.96 3322.17 91619.5 97967.2 3148.48 2989.46 2808.23 3067.12 22386 40915.8 9562.68 59302.8 2379.69 1637.54 13655.8 710495 1031.57 4083.49 988.814 2218.25 928.696 733.85 719.802 1221.81 102478 173997 3154.26 179306 420821 2019.04 5887.88 677.851 671.672 633.318 541.961
threshold=3.0416666269302373 28.250000000000004 8.541666507720949 19.372763633728031 0.072549022734165206 0.09796465560793878 0.0095819463022053259 0.79904097318649303 0.23749999701976779 0.09796465560793878 4.6187498569488534 18.083333015441898 1.9499999880790713 0.85735753178596508 0.025019999593496326 -0.94703993201255787 0.050299357622861869 0.061906902119517333 0.91037613153457653 0 14.150000095367433 -0.017043100669980046 0.15000000223517421 13.791666507720949 10.708333492279055 16.375000000000004 0.032701563090086053 18.349999427795414 -0.99892947077751149 5.990157127380372 9.7870197296142596 24.250000000000004 16.208333015441898 18.045855522155765 0.058037718757987029 1.8541666865348818 10.354166507720949 -0.13398594409227368 1.1458333134651186 0.050299357622861869 -0.72499999403953541 1.7500000000000002 0.81666666269302379 -0.99892947077751149 7.0499999523162851 27.050000190734867 -0.98803845047950734 16.958333015441898 0.0696452632546425 1.0000000180025095e-35 0.99465191364288341 0.35846313834190374 0.0070082105230540046 0.47114434838294988 0.75000000000000011 0.74298545718193065 0.046215238049626357 0.42179998755455023 0.79773375391960155 -0.88620507717132557 1.4951925873756411 1.6288444399833681
decision_type=2 8 2 2 2 2 2 2 2 2 2 10 2 2 8 2 2 2 2 9 2 8 2 2 2 2 2 2 2 2 2 10 10 2 2 10 8 2 10 2 8 8 10 2 10 8 2 2 2 2 2 2 10 2 10 2 10 2 2 2 2 2
left_child=-1 2 -2 4 6 -6 7 -4 11 10 -10 12 13 14 15 16 -8 47 -19 20 22 -22 25 24 -21 26 -15 32 29 58 -31 48 33 34 40 37 -37 38 -36 -39 41 42 -25 44 -42 46 -43 -17 -30 -45 53 52 -52 56 55 -55 -51 -58 -27 -41 -57 -53
right_child=1 -3 3 -5 5 -7 8 -9 9 -11 -12 -13 -14 19 -16 17 -18 18 -20 23 21 -23 -24 27 -26 28 -28 -29 31 30 -32 -33 -34 -35 35 36 -38 39 -40 59 43 45 -44 49 -46 -47 -48 -49 -50 50 51 61 -54 54 -56 60 57 -59 -60 -61 -62 -63
leaf_value=-143.19878300001912 56.003627247225509 -110.67616705980636 -36.965890926120345 52.948935667265566 -2.3303102500766459 196.74216467998033 -2.9309578463710597 -0.39224417297946884 -24.098364281328589 -400.98609921521569 14.11055787055396 12.94784741717892 7.4607776217113981 -1.1228806708511903 -40.318267188237535 -8.1315855118500249 -74.48863138802146 -47.787128801302543 -0.64446528526708591 -4.7132287287836006 170.05729019404998 -4.5187386444571356 12.269233318785721 -1296.3098432251245 -150.30448641346769 -0.9260101419321134 73.347538593225423 -30.815005431311704 -0.34530349571462837 -0.050243599272613952 321.22788599242392 5.7020919218356525 -5.9224047182283899 5.5645238283550791 -219.34552980728455 -352.75569487199988 -26.030893102334232 -22.633004570164552 -2.1519361096111163 -4.9411671427879682 -51.160659878635677 -0.051580431295579467 -0.052774181705522283 -0.34174501464495693 -1.7722900440180014 -0.18736649494978064 -23.820004645588426 -0.7346771347445098 0.023873691163960497 -0.054565556185101484 533.40349680495251 -0.18294318208271254 -13.972354522932353 -1159.3287170413057 -1.0177948929406626 -49.096347050370568 -0.49452445817453894 13.577034244344915 -13.83950349558368 -0.74778921759718253 -0.050018063771729696 -14.115457464659668
leaf_weight=0.11413134181793694 0.10188191699631843 0.094371984480118409 0.21140827577993693 0.043479775262141085 0.10998126155715127 0.018039314309135079 0.017357364924649947 0.72020567825882875 0.058223686867883359 0.0047377257803993258 0.099562338814857113 0.13189967536300073 0.20039900302907554 0.38702729006880976 0.014900353271466105 0.042766744538356494 0.0080494742377795261 0.020948504407713675 0.14188571233613234 0.021446940034193569 0.0085290677812642022 0.054716692143958211 0.11357428782380807 0.0010799895484095426 0.0036604597363245539 0.15441457917822826 0.040872063487843446 0.016252675663195215 14.54731479922617 0.004824846464043013 0.0046688519975418633 0.24207477666646937 0.23042635936674472 0.20933018525427272 0.003648011012452739 0.0012758513952972176 0.0038490035845903537 0.013284682079943044 0.022695030357579887 0.11005760447528223 0.0048913711516756142 0.029701318283198504 0.049892629828089625 35.612459822740966 0.028991986834521734 0.63839478055054344 0.014662289894413094 5.4528919959707611 180.26225378563998 41.499144706025071 0.0024369503923096537 0.38242131453886663 0.0035913932144306616 0.001121316000793772 0.36499143189540195 0.0010194445505312033 0.24695929279776885 0.106352470640387 0.0108780808910523 0.72156752817111247 0.0018573576236106959 0.0071096678878416189
leaf_count=2969 2553 1564 3410 2534 9863 27373 4298 525 1657 1016 340 505 14 206 2894 172 987 3706 634 600 143 533 365 5343 859 1295 370 399 65316 76 124 24 94 1647 924 1793 1130 2070 56 662 3053 120 637 191613 669 800 716 101596 90664 96365 638 1066 364 34417 672 2539 65 114 264 4353 6920 2251
internal_value=-0.148052 -0.0904989 -0.0536979 -0.0738446 -0.0819783 25.7209 -0.0936379 -8.69179 -0.0652713 -11.6782 0.0113098 -0.0585836 -0.0646653 -0.0700153 -1.17527 -1.07265 -25.6021 -0.962515 -6.70933 -0.0472096 0.0341374 19.0239 0.0297462 -0.222071 -25.9393 0.0226414 5.99038 -0.241678 0.00956123 6.89977 157.949 0.00338689 -0.235491 -0.219128 -0.234286 -3.17595 -107.37 -2.56307 -32.2291 -1.63812 -0.201651 -2.55276 -27.5174 -0.179609 -8.90195 -0.688972 -7.90711 -0.792239 -0.00369445 -0.175832 -0.0371876 2.72874 207.304 -0.0631007 -4.66573 -337.688 -0.022522 3.74124 -1.77586 -1.30274 -17.4304 -0.437238
internal_weight=283.793 283.679 283.584 283.482 283.439 0.128021 283.311 0.931614 282.379 0.162524 0.157786 282.217 282.085 281.885 5.6988 5.6839 0.0254068 5.65849 0.162834 276.186 195.831 0.0632458 195.768 80.3546 0.0251074 195.654 0.427899 80.3295 195.226 0.174786 0.0094937 195.052 80.3132 80.0828 79.8735 0.876378 0.00512485 0.871253 0.026343 0.84491 78.9971 0.733731 0.0509726 78.2633 0.0338834 0.682758 0.0443636 5.49566 194.81 78.2295 42.617 0.395559 0.00602834 42.2214 0.36899 0.00399812 41.8525 0.353312 0.165293 0.831625 0.0028768 0.389531
internal_count=690939 687970 686406 683853 681319 37236 644083 3935 640148 3013 1997 637135 636630 636616 114287 111393 5285 106108 4340 522329 159380 676 158704 362949 1459 158339 576 361490 157763 1759 200 156004 361091 360997 359350 10988 2923 8065 980 7085 348362 7616 5980 340746 3722 1636 836 101768 155980 337024 145411 4319 1002 141092 44548 43876 96544 179 1559 5015 9459 3317
cat_boundaries=0 4
cat_threshold=2956035084 100672528 3965993858 390
is_linear=0
shrinkage=0.05


Tree=80
num_leaves=63
num_cat=0
split_feature=1 21 11 3 7 14 14 19 15 13 19 19 12 20 19 10 8 8 9 15 13 21 20 12 3 11 7 4 15 19 14 18 21 13 20 21 20 13 10 12 13 18 17 16 9 10 14 14 19 11 21 14 2 14 19 13 20 21 16 20 21 12
split_gain=753596 7.94717e+07 772143 319610 86449.1 1.62638e+06 40507.7 260429 15844 14582.5 1.06818e+06 35843 138924 15668.7 4700.38 214613 4059.04 9011.18 4131.44 3141.39 18401.7 4024.42 3865.38 8453.88 2847.4 2232.6 1815.77 15764 5304.45 237578 2084.56 11820.9 60756.9 3703.29 5487.2 1782.19 125019 367065 47036.9 1853.55 25979.1 323397 424988 4647.27 1120.48 10529.1 15094.3 944.458 925.162 11397.5 7971.7 211115 6347.72 4189.33 192615 7617.15 1529.06 899.98 794.009 11603.9 787.861 8209.61
threshold=0.15000000223517421 0.79773375391960155 20.416666984558109 5.1499998569488534 19.083333015441898 0.0058823532890528449 0.072549022734165206 0.35206145048141485 19.372763633728031 0.0095819463022053259 0.63405361771583568 0.52778512239456188 -0.0056933835148811332 0.3744682669639588 -0.99892947077751149 3.1833333969116215 27.250000000000004 26.250000000000004 14.291666507720949 0.5273244082927705 0.16054482758045199 -0.90161547064781178 -0.76141706109046925 0.0030407373560592536 4.4500000476837167 16.208333015441898 0.88749998807907116 17.750000000000004 18.045855522155765 -0.88144907355308522 0.058037718757987029 0.16280825436115268 0.44312302768230444 0.14893728494644168 -0.25205527991056437 -0.99983122944831837 1.0000000180025095e-35 0.13270440697669986 6.1833331584930429 0.024171720258891586 0.19615242630243304 -0.99465191364288319 0.050000002607703216 0.083333335816860213 38.049999237060554 52.708333969116218 0.036731028929352767 0.055752867832779891 0.35206145048141485 -0.72499999403953541 -0.9852197766304015 0.045542273670434959 1.0000000180025095e-35 0.055752867832779891 0.99892947077751171 0.10637629032135011 0.10837544873356821 0.88117334246635448 0.050000002607703216 0.9524284601211549 -0.94137725234031666 -0.00031936254526954139
decision_type=10 2 10 2 8 2 2 2 2 2 2 2 10 2 2 8 10 10 10 2 2 2 2 10 2 10 8 2 2 2 2 2 2 2 2 2 2 2 8 8 2 2 2 2 10 8 2 2 2 8 2 2 10 2 2 2 2 2 2 2 2 8
left_child=2 -2 3 4 6 -6 8 -8 9 10 11 13 -13 -1 15 -11 17 19 -18 20 21 -16 23 -23 25 26 27 28 30 -30 35 33 -33 -32 -35 36 -21 38 -38 48 41 -41 -43 -42 -28 -46 -47 57 -37 -50 51 56 53 60 55 -55 -51 -24 -17 -60 61 -52
right_child=1 -3 -4 -5 5 -7 7 -9 -10 14 -12 12 -14 -15 16 58 18 -19 -20 24 -22 22 47 -25 -26 -27 44 -29 29 -31 31 32 -34 34 -36 39 37 -39 -40 40 43 42 -44 -45 45 46 -48 -49 49 50 52 -53 -54 54 -56 -57 -58 -59 59 -61 -62 -63
leaf_value=15.356520263019014 -12533.473948016304 17.130329757136344 136.07043933333514 -70.764574460448358 -1.3594803685456942 -611.85653961586149 198.27207334138546 -173.5174411371253 35.836870754824808 -304.40498874032772 -389.70307187522144 -172.24464253925862 -1.5548506594736082 -0.30067345014234315 -32.394135804070963 -0.47422396301080438 -0.2916764592824298 22.431794417077729 -9.7430886719121883 -0.50239270858946694 -119.16210970747821 -10.749504230152302 -1.1222379798682234 -155.48276518248713 5.2661219677278117 -6.6403160298793455 0.044163496435769341 -52.907475797359133 449.27466813466071 -1.4367941561392534 -1.4983464704872576 -305.78052528533789 -7.6226909380685726 -8.087465972582093 -94.059185042736246 -0.1325943367665372 -266.30730972503358 415.47404004910351 -0.050428242098952095 -1.7010869982924781 -0.64348676637068791 -36.13954837375281 -1384.2406631619151 -18.142660278242143 -0.36900487453455577 44.615065122545964 -1.3643731360618303 -6.5830686813154209 -52.856145539566583 -0.95316872292891164 -0.39990284209376303 -377.78975613877435 -40.370611907129955 -46.967162509475699 337.35021962496057 -0.05543351884482467 -13.289813826758058 -7.2420131864096069 -90.138335842659473 -0.052466632392578677 -0.36246053203626677 -23.238779395808617
leaf_weight=0.19126194715373035 0.0012765865214622437 0.10542637559363043 0.10403359681430302 0.16024938097461827 0.23448006808756616 0.011441536247797757 0.013614170253275826 0.0072018059436231843 0.030650545729598799 0.0059141511700707 0.01783321331978438 0.014518517069518566 0.066622942686080822 0.97100670946155609 0.010821120974752074 0.39661566180941005 0.24493855238423856 0.044475594833044307 0.2190067768627002 0.94316523970694399 0.0033581851600060766 0.004673144728436331 1.4977807802395027 0.0012867302282213973 0.25045074475929041 0.12913970835580713 147.6466835299569 0.014189273023787474 0.0030046480157766972 0.1086792916458821 1.0977582935988526 0.0019625132052105846 0.013206528521419666 0.0061442251819695641 0.0026593183959384599 102.20138637817213 0.0020656717075370236 0.0069791329756024876 0.0084200073294491383 0.030312728436773542 1.9478517352991176 0.0013853973855403629 0.0010114213662685276 0.038694197074617187 0.47957407612642849 0.033581938594779447 0.038100826351292007 0.091920447586446241 0.010415558101677163 0.14885335579286979 0.44900955313674373 0.0038386235366797408 0.0099206088879409959 0.0095914707151794343 0.00429756464264086 0.088442274572902851 0.030215578572575896 0.062586457354141145 0.0038845512959791014 0.044803103188771551 12.740320123267859 0.043126354620983132
leaf_count=1110 4905 910 1088 1038 27 1097 14356 23153 2291 5575 2068 421 70 259 3340 738 32 27 112 1455 3694 2543 37868 1620 235 201 13692 1590 760 1445 9163 4670 1142 478 1326 316671 936 375 238 597 4832 979 6675 1559 179 94 171 6283 3236 3448 1701 4419 792 12569 454 4449 873 13874 701 36 153415 6454
internal_value=-0.172757 -133.024 -0.120832 -0.172751 -0.131274 -29.7629 -0.104531 69.6422 -0.10986 -0.113904 -5.47779 0.0328424 -32.0961 2.27586 -0.0889562 -5.18792 -0.0804578 -0.0724362 -4.75324 -0.0761403 -2.23642 -2.00116 -1.80283 -41.9973 -0.0626866 -0.067661 -0.0644958 -0.209103 -0.202869 10.6888 -0.213019 -2.35833 -46.1972 -1.75738 -34.0573 -0.192749 1.95214 134.506 -52.5029 -0.210246 -1.71207 -45.9096 -605.018 -0.984338 0.0525642 2.30258 20.1761 -1.65785 -0.184045 -0.572453 -0.532198 -10.8997 -0.390097 -0.360353 9.71743 -4.6452 -3.03482 -1.3677 -1.21396 -7.23998 -0.438288 -2.4013
internal_weight=273.106 0.106703 272.999 272.895 272.735 0.245922 272.489 0.020816 272.468 272.438 1.26124 1.24341 0.0811415 1.16227 271.177 0.451217 270.725 270.261 0.463945 270.217 1.67243 1.66907 1.65825 0.00595987 268.544 268.294 268.165 119.967 119.953 0.111684 119.841 1.12173 0.015169 1.10656 0.00880354 118.719 0.96063 0.0174648 0.0104857 117.759 2.01926 0.0327095 0.00239682 1.98655 148.198 0.551257 0.0716828 1.65229 115.739 13.538 13.5276 0.182908 13.3447 13.3348 0.102331 0.0980337 0.179069 1.56037 0.445303 0.0486877 13.2325 0.492136
internal_count=690509 5815 684694 683606 682568 1124 681444 37509 643935 641644 3928 1860 491 1369 637716 7050 630666 630522 144 630495 69222 65528 62188 4163 561273 561038 560837 546701 545111 2205 542906 16779 5812 10967 1804 526127 3004 1549 1174 523123 14642 8251 7654 6391 14136 444 265 58025 508481 191810 188574 8740 179834 179042 17472 17018 4321 51742 1475 737 161570 8155
is_linear=0
shrinkage=0.05


Tree=81
num_leaves=63
num_cat=1
split_feature=4 9 9 11 21 3 3 21 8 13 19 15 13 20 6 20 19 6 10 21 6 6 18 11 15 23 21 19 20 21 16 20 20 19 13 16 4 12 11 21 12 21 11 12 21 18 20 12 21 18 21 12 19 21 4 20 12 21 13 9 15 13
split_gain=1.70596e+06 314162 7.45855e+06 564756 1.20293e+06 340264 86732.1 55328.4 44117.9 30440.4 1.75219e+06 22622.3 413259 5094.26 32809.2 10811.7 407429 2341.16 22925.3 58810 12579.4 4104.38 4458.63 1762.58 1651.86 1617.21 7359.23 1649.95 20180.2 1.69498e+06 1.77967e+06 1879.76 7999.27 1245.97 5850.29 11900.2 10128.3 2355.12 1114.76 10501 16705.3 2395.64 4589.66 1153.96 95178.5 968.61 964.412 940.923 923.809 758.514 29610.9 45923.4 12144.8 3266.33 825.212 4744.78 603.805 595.891 723.784 577.359 508.871 18662.7
threshold=17.250000000000004 42.812500000000007 43.625000000000007 17.050000190734867 0.029024410061538223 5.2500000000000009 4.4500000476837167 0.96407344937324535 26.250000000000004 0.0095819463022053259 0.52778512239456188 18.045855522155765 0.11731409654021265 0.94425827264785778 23.541666984558109 0.9646572768688203 0.72947329282760631 15.541666507720949 10.775000095367433 0.44312302768230444 16.125000000000004 8.541666507720949 -0.35206145048141474 15.916666507720949 13.631111145019533 0 -0.99983122944831837 0.99465191364288341 -0.013976118760183452 -0.65233206748962391 0.15000000596046451 0.55656746029853832 0.54219430685043346 0.68322628736495983 0.078838329762220397 0.11666667088866235 1.0000000180025095e-35 -0.0099207917228341085 -0.22500000149011609 -0.97874867916107167 -0.014282857067883013 0.34840355813503271 -1.9499999880790708 0.014940475579351188 -0.87810534238815297 0.29012925922870642 -0.5276680290699004 0.011726198717951776 0.080547325313091292 0.16280825436115268 -0.91595870256423939 -0.001968187745660543 0.97335553169250499 -0.86112883687019337 0.15000000223517421 -0.71504372358322132 -0.0065868233796209088 0.097680736333131804 0.13092323392629626 0.55000001192092907 0.60400131344795238 0.10056171938776971
decision_type=2 8 8 10 2 2 2 2 8 2 2 2 2 2 2 2 2 2 8 2 2 2 2 10 2 9 2 2 2 2 2 2 2 2 2 2 2 10 10 2 10 2 8 10 2 2 2 8 2 2 2 8 2 2 2 2 8 2 2 8 2 2
left_child=1 3 -3 5 -5 6 7 8 9 10 -1 13 -13 17 -15 16 47 18 19 -11 -19 22 -20 25 33 26 -22 38 -29 30 -30 32 56 -17 37 36 -36 -35 39 40 59 43 -43 44 -41 -14 -23 -16 60 -40 51 -51 53 -52 -55 -56 -31 58 -50 -27 61 -28
right_child=-2 2 -4 4 -6 -7 -8 -9 -10 11 -12 12 45 14 15 24 -18 20 21 -21 23 46 -24 -25 -26 27 48 28 29 31 -32 -33 -34 34 35 -37 -38 -39 49 41 -42 42 -44 -45 -46 -47 -48 -49 57 50 52 -53 -54 54 55 -57 -58 -59 -60 -61 -62 -63
leaf_value=1.4390269622379719 198.26906631708914 -4.2946634707562552 -2661.9516309271294 268.14297821212028 -5.6691616273468881 -62.62930616996681 29.772200666259309 26.666453821413953 -35.881913987993947 -319.54275661705987 -530.52767291264945 -185.86307341006656 -1.2839831450877344 -210.08952780151222 -0.051120574236348519 -0.98358737819697029 -778.59946559657317 11.578068896344671 -0.050266447721702072 -8.3143862526844838 8.504185120552787 -0.98163907631283465 -64.664943214204612 -4.2226305166208808 -44.650323430910589 -44.839745304053679 -119.48297220533546 -0.22894316944872914 -2331.1671901779769 -127.43569840482014 -0.050083645200000727 -1.1022809341701465 -0.050466071017968163 -10.335791228558646 -105.3397095251577 -0.050927277789852565 -10.347858310731082 -0.68871651675503187 -0.13247520830454784 -1.083034994137571 -228.08571528808736 -0.050300370639642017 -72.592895554294145 -0.31023170013272378 -345.64784717589527 -6.015442001954411 -11.990567277329214 -47.952216083367276 -4.6281588310139021 -0.050099445311113579 -55.551044816255981 -379.088005399971 -122.63312355592785 -0.54490655672498844 -0.050390428386588949 -93.881187654515287 -77.871052504879685 -0.43426839749191476 -31.94406601230536 -0.050102026989569365 0.05331976089740758 -0.61735439004148596
leaf_weight=0.68961060294151266 0.10840730151630751 0.070725928646540648 0.0027423159360153151 0.06136011011892506 0.11583471298217773 0.21769924789316419 0.24285076360683788 0.19263826675273676 0.086305051639043451 0.0020344755689713969 0.015834808513147891 0.031483333059478147 0.87231314231276147 0.0019040231127288578 0.057511454127169556 1.4187883552264433 0.0017339940038976339 0.23226271024696998 0.0052726171261530085 0.0059775086119771004 0.25615437761143667 0.47598336430027688 0.0054083107487444305 0.25442299021648196 0.0022421401067292948 0.0011138387490063904 0.003346564265206047 4.3387480471691724 0.0016086341195598302 0.0011775264992781097 0.00166741637420706 0.32179232282371778 0.009150048964282417 0.077812060908744651 0.0066483190400047467 0.017876438347145356 0.0048554939107753282 0.33839844960208582 92.347902611908623 0.19095570441262838 0.001315583447097487 0.0059360564373936442 0.0034462450941658562 0.66842961136585699 0.0020254397214849998 0.12347967922688086 0.020761272918555618 0.0010437936171548414 0.010703597325287081 0.0020279462007657227 0.0027026581308192679 0.0013187808020321988 0.0020394339364385719 5.639958325577247 0.0085702620174392639 0.0015986159556505885 0.0012850003893861458 9.7865300138307418 0.0031353945886387112 0.0020322792089765198 173.1015014647773 0.2490577142841848
leaf_count=1078 3382 60 1642 851 256 1000 375 59027 187 663 1835 2253 671 414 9093 41663 3507 183 509 229 717 1109 931 111 643 78 3863 7551 2274 428 46 2650 50 3232 4496 481 310 6141 213172 1538 1504 676 1114 2784 7651 592 693 2181 292 15719 8514 13930 3483 136696 2278 3384 426 49192 76 238 59518 1736
internal_value=-0.0410115 -0.114479 -103.496 -0.088517 89.1482 -0.1426 -0.0960377 -0.120886 -0.138576 -0.127998 -10.5018 -0.102843 -7.50958 -0.0765967 -2.63763 -2.43265 -23.2725 -0.0594429 -3.42617 -87.3443 -0.0534059 -2.10115 -32.768 -0.0628118 -1.75955 -0.0591237 0.0333737 -0.206253 -1.144 -12.9362 -1144.69 -1.81548 -21.5788 -1.70797 -4.01444 -25.5779 -65.2458 -2.49227 -0.182771 -1.95926 -78.4705 -1.56724 -26.6962 -1.29354 -4.69943 -1.87069 -1.44175 -0.904995 0.0233488 -0.166906 -0.728858 -149.41 -0.640864 -0.596851 -0.570565 -14.8012 -101.572 -0.44893 -10.8169 -15.9072 0.0500486 -2.19336
internal_weight=292.729 292.621 0.0734682 292.548 0.177195 292.37 292.153 291.91 291.717 291.631 0.705445 290.925 1.02728 289.898 1.92881 1.92691 0.0602892 287.969 0.515438 0.00801198 287.454 0.507426 0.0106809 287.222 1.86662 286.967 183.41 103.557 4.67543 0.336681 0.00327605 0.333405 0.0116126 1.86438 0.445591 0.0293803 0.0115038 0.416211 98.8814 0.875255 0.0044617 0.870793 0.0093823 0.861411 0.192981 0.995793 0.496745 0.0585552 183.154 98.0061 5.65822 0.00334673 5.65487 5.65283 5.65013 0.0101689 0.00246253 9.80037 0.013839 0.00314612 173.354 0.252404
internal_count=691376 687994 1702 686292 1107 685185 684185 683810 624783 624596 2913 621683 3516 618167 72161 71747 14781 546006 4134 892 541872 3242 1440 541689 56966 541578 115394 426184 13425 5874 2320 3554 904 56323 14660 5287 4806 9373 412759 15583 1820 13763 1790 11973 9189 1263 1802 11274 114677 397176 184004 29649 154355 150872 142358 5662 854 49560 368 316 65117 5599
cat_boundaries=0 4
cat_threshold=2316484673 784 1078223552 132
is_linear=0
shrinkage=0.05


Tree=82
num_leaves=63
num_cat=1
split_feature=3 4 9 15 18 14 15 10 0 11 13 15 13 15 12 19 15 21 12 15 20 4 19 14 13 3 15 3 4 9 13 21 18 11 16 18 17 20 10 7 23 8 13 16 11 15 18 21 19 15 21 15 17 12 9 20 19 14 19 20 14 21
split_gain=1.05225e+07 147690 56321.1 198599 3.03745e+06 28333.5 1.36223e+06 110605 19395 14936.2 7497.03 3884.62 21582.2 3835.46 46114.6 21531.5 9440.94 3361.51 14349.8 4791.57 2631.35 8400.02 44221.7 2761.16 47159.8 2102.89 60757.2 66293.7 3.26073e+06 3066.23 1921 196295 1775.03 1583.72 17123.7 18887.9 2810.78 1371.83 2535.85 1042.06 925.585 37869.4 1925.23 32942.8 1815.81 15175.2 12912.7 1774.55 63410.1 2014.22 906.194 17304.3 4608.55 41711 891.07 724.25 717.422 3264.15 670.653 4072.34 1261.21 3287.7
threshold=10.150000095367433 15.150000095367433 40.791666030883796 -0.60798940062522877 -0.63405361771583546 0.06862745434045793 2.7301785945892338 0.38750000298023229 3.1499999761581425 16.562500000000004 0.0095819463022053259 16.81755352020264 0.11731409654021265 0.48781745135784155 -0.013239433523267506 -0.95642796158790577 0.40759615600109106 0.68274390697479259 0.0041308929212391385 -0.17425823956727979 0.93237596750259411 2.0499999523162846 -0.58216583728790272 0.055752867832779891 0.040362561121582992 1.8499999642372134 10.511927127838137 2.0499999523162846 2.4500000476837163 36.583333969116218 0.017277100123465065 0.59003219008445751 0.98611506819725048 -0.64583334326744068 0.083333335816860213 -0.2901292592287063 0.11666667088866235 0.98802474141120922 1.9499999880790713 18.083333015441898 0 25.250000000000004 0.024972253479063514 0.083333335816860213 -0.38750000298023218 1.7050862312316897 -1.0000000180025095e-35 -0.99938741326332081 0.032701563090086018 3.9142582416534428 0.88117334246635448 1.0520714521408083 0.11666667088866235 -0.0091151949018239958 8.854166507720949 0.30983042716979986 0.77259656786918651 0.013725490774959328 0.09796465560793878 0.80417552590370189 0.058037718757987029 0.92843842506408703
decision_type=2 2 8 2 2 2 2 10 2 10 2 2 2 2 8 2 2 2 8 2 2 2 2 2 2 2 2 2 2 10 2 2 2 8 2 2 2 2 10 8 9 10 2 2 10 2 2 2 2 2 2 2 2 10 10 2 2 2 2 2 2 2
left_child=1 2 3 4 -1 8 7 -7 9 10 -5 13 -13 14 15 -12 17 37 19 -19 25 23 -23 -22 -25 29 27 -27 -29 30 31 -15 -9 -14 36 -36 -35 56 -39 40 44 42 43 -42 45 -32 -47 48 -44 -50 -46 -52 53 -53 58 -21 -16 -58 60 -60 -49 -62
right_child=-2 -3 -4 5 -6 6 -8 32 -10 -11 11 12 33 20 16 -17 -18 18 -20 55 21 22 -24 24 -26 26 -28 28 -30 -31 39 -33 -34 34 35 -37 -38 38 -40 -41 41 -43 47 -45 50 46 -48 54 49 -51 51 52 -54 -55 -56 -57 57 -59 59 -61 61 -63
leaf_value=-10.614769733320713 1069.280362597869 -139.49565494464827 -35.333202102907279 -4.9935522133700179 2789.0230897206093 -146.75706801096155 485.91726636668238 -10.463485824535802 9.5891866507711434 -25.210871764168488 -98.320205768007114 -29.505255814037543 -0.46106253984150219 -1.155026562669949 -0.73929683916388844 -395.93684100797901 -84.465168590955386 -51.841362650726616 -144.1480414450333 -0.05038883078955219 -0.57009321507441157 -177.31487229968545 -7.4473060166488967 -0.81949606805819464 -94.500843207677661 -0.44928210053509049 0.0065058103997518079 -0.65194532993348409 -1137.6020774413087 5.9636672738808709 28.993329506083342 380.91400120735176 -0.17619179445641994 -16.387123824398049 -0.050296324133943429 -126.65312665456288 -0.31897534794679999 -30.384040116475845 -0.050865432461331878 -4.8879665832854258 -0.45230928060076103 -82.608234297660729 -125.41709599522936 69.43480574709227 0.027253526139987112 -0.61860837329208807 22.503327701874081 -0.20204602587477727 -0.37483789052801858 -18.005418769103507 -149.35823738429281 -0.050418684220378429 -0.052177919238214257 -332.7196498870656 0.025243120496955554 -20.941654885134728 -0.050441779118577917 -68.020979395147592 -0.64061041439955013 -35.189214393183001 -2.2996979441323666 -45.457803857550893
leaf_weight=0.014198983637477345 0.023005025489850506 0.019003939749437815 0.11339193899067268 0.78986349645049259 0.001039771951091231 0.013973353631427154 0.014610014979552943 0.052831165492534637 0.51371838758663457 0.05937474998913117 0.0015248807823361164 0.071304262592704171 1.1218687899372703 0.22652121713070897 0.49327078734443891 0.0010103897649731436 0.0035538685936133954 0.0057924941455528905 0.0020819164355429442 0.031121943851144744 1.2431860666158359 0.0042309610300818304 0.040567434429226584 0.22348225097128949 0.014293216902000361 0.19348989927742888 8.9750868557893799 0.17004138675649816 0.006549152499041643 0.21196339725662383 0.049922143841140021 0.0034123949273519852 0.20324963331222534 0.03060819910685314 0.0058650015507603591 0.0059193540575938654 0.24562866358459173 0.011538381054829159 0.017103384332166429 0.11158365687063465 0.26905772597305955 0.013929677656874584 0.010369590722982824 0.0179893042882594 128.6023292932019 0.99522708069320687 0.064282333897900612 53.224922197755212 0.64895216112734277 0.016614721085973394 0.0020092671919442187 0.0090246571945247211 0.18310153118472061 0.0010520946310725319 40.858721093186226 0.0047866353908990805 0.0088486900388227291 0.0022068277107949877 9.0392666618029267 0.0085375535417185899 0.022228855056005581 0.0055056791134120422
leaf_count=1457 1807 2601 1687 3856 4325 21743 10880 6491 497 996 937 4822 164 2437 18663 6485 8141 1507 7032 5793 41484 264 593 3321 13444 94 161 131 1447 176 130 6455 795 794 246 981 249 4527 179 95 9939 91 3119 2845 44779 852 592 227832 1861 763 1703 780 2472 3430 6411 2353 1636 3240 165076 17527 4553 848
internal_value=-0.0149207 -0.113583 -0.102958 -0.0869275 180.41 -0.097966 15.6674 -9.77322 -0.115997 -0.13607 -0.130075 -0.114555 -2.66746 -0.0991871 -4.15044 -216.93 -3.22083 -2.72021 -16.0383 -9.64241 -0.0895678 -2.15953 -23.4904 -1.51428 -6.45089 -0.076621 -0.812155 -20.6661 -42.8176 -0.0473209 -0.0527569 4.51518 -2.29853 -1.31016 -4.61747 -63.6437 -2.09939 -1.62614 -12.2706 -0.0572425 -0.0549394 -0.157542 -0.161642 3.92753 0.0366174 2.05359 0.784241 -0.172946 -2.72649 -0.814955 0.0220866 -3.38219 -1.86388 -34.7838 -0.156214 -2.83521 -1.02162 -13.6183 -0.27522 -0.673211 -0.207601 -10.8672
internal_weight=249.35 249.327 249.308 249.194 0.0152388 249.179 0.284664 0.270054 248.894 248.381 248.321 247.531 1.48119 246.05 0.58284 0.00253527 0.580305 0.576751 0.043783 0.0417011 245.467 1.52576 0.0447984 1.48096 0.237775 243.942 9.34517 0.37008 0.176591 234.597 234.385 0.229934 0.256081 1.40989 0.288021 0.0117844 0.276237 0.532968 0.0286418 234.155 234.043 104.136 104.122 0.287047 129.907 1.10943 1.05951 103.835 0.675936 0.665567 128.798 0.195188 0.193178 0.0100768 103.159 0.0359086 0.504326 0.0110555 62.3005 9.0478 53.2527 0.0277345
internal_count=690589 688782 686181 684494 5782 678712 39909 29029 638803 638306 637310 633454 7256 626198 60493 7422 53071 44930 16685 9653 565705 59106 857 58249 16765 506599 1833 1672 1578 504766 504590 8892 7286 2434 2270 1227 1043 28245 4706 495698 495603 440865 440774 12784 54738 1574 1444 427990 5743 2624 53164 8385 6682 4210 422247 8146 23539 4876 415836 182603 233233 5401
cat_boundaries=0 3
cat_threshold=139690048 0 1080295424
is_linear=0
shrinkage=0.05


Tree=83
num_leaves=63
num_cat=1
split_feature=15 6 13 8 7 13 16 18 20 15 15 14 15 4 20 19 11 19 14 15 20 19 15 15 15 13 13 18 13 18 13 18 14 22 15 15 20 4 13 18 20 14 15 17 23 11 18 16 15 7 20 19 16 17 10 15 15 19 20 20 15 13
split_gain=2.5579e+07 5.55519e+06 2.01807e+08 228326 108817 105269 504450 3.17847e+06 474122 663262 371905 92632 6.63519e+06 1.52261e+06 1.08186e+06 91146 75398.6 73834.7 31539.2 947037 8.07377e+06 102422 119209 484873 30102.2 27406.8 26359.5 57147.4 18266.1 74211.7 37642.5 9645.21 37728.6 93823.4 4004.6 3901.22 14120.8 3665.1 57513.9 194427 2791.8 95194 3266.38 1924.16 1893.53 3811.59 2404.88 6282.34 1486.3 1376.37 1281.97 19729.7 988.839 7376.96 18889.3 149249 954.587 37353 11413.8 911.022 2035.86 901.362
threshold=-0.60798940062522877 8.2083334922790545 0.15667565166950229 40.250000000000007 21.708333015441898 0.024972253479063514 0.11666667088866235 -0.77259656786918629 0.55656746029853832 1.9175961613655093 1.0181125402450564 0.017647059634327892 2.1311769485473637 0.25000000745058065 0.49812944233417517 -0.58216583728790272 18.791666984558109 0.52778512239456188 0.064705885946750655 9.1807274818420428 0.24372619390487674 0.97335553169250499 3.7658200263977055 2.7301785945892338 1.8139643073081972 0.02112467680126429 0.0095819463022053259 0.09796465560793878 0.054168537259101875 -0.9103761315345763 0.14893728494644168 -0.81241145730018605 0.053132651373744018 1.0000000180025095e-35 0.82291004061698925 16.81755352020264 -0.5276680290699004 15.250000000000002 0.061906902119517333 -0.99892947077751149 0.98522606492042553 0.046430176123976714 0.3149074018001557 0.15000000596046451 0 16.562500000000004 0.72947329282760631 0.15000000596046451 1.9501724243164065 17.083333015441898 0.97696486115455639 -0.22695468366146085 0.083333335816860213 0.050000002607703216 0.27500000596046453 2.183887362480164 0.48781745135784155 -0.097964655607938753 -0.46801505982875818 0.98802474141120922 3.5064901113510136 0.017277100123465065
decision_type=2 2 2 8 10 2 2 2 2 2 2 2 2 2 2 2 8 2 2 2 2 2 2 2 2 2 2 2 2 2 2 2 2 2 2 2 2 2 2 2 2 2 2 2 9 8 2 2 2 10 2 2 2 2 10 2 2 2 2 2 2 2
left_child=-1 2 -2 4 5 6 11 -8 10 24 -9 12 13 14 15 -3 18 -17 35 21 -21 22 23 28 -10 -12 27 -13 -20 -30 -31 32 33 -28 -33 37 -37 40 -39 -40 44 42 -42 52 49 50 47 -47 -34 -7 56 -52 61 -54 55 -55 57 58 -46 60 -44 -36
right_child=1 3 -4 -5 -6 16 7 8 9 -11 25 26 -14 -15 -16 17 -18 -19 19 20 -22 -23 -24 -25 -26 -27 31 -29 29 30 -32 34 48 -35 43 36 -38 38 39 -41 41 -43 59 -45 45 46 -48 -49 -50 -51 51 -53 53 54 -56 -57 -58 -59 -60 -61 -62 -63
leaf_value=-523.10953008357319 -34.20248522164902 -153.05913848164712 21508.53263800612 -78.525989106610652 47.396695682881386 0.046533263163106624 -2380.6313959304562 717.69929870964074 -260.76787553831741 -1118.2959558475054 -96.44175022833349 -2.1835857637493246 -3213.1999014067787 813.70027216349672 -875.95851219833025 -3.3061358848434597 -41.579319998753995 -145.95042218695701 30.839591958397161 3962.0188490000219 -72.385703654036874 -318.21752913896523 -490.0771904468354 901.98114067290953 -0.050078144244351724 -9.6497036737982249 -395.72899424661045 -97.621223153007705 -345.66079524975817 -160.66661423945069 -0.75121180377836794 -24.115480099695951 -19.794293331633948 -0.050221493730401016 -2.8489512659042555 -0.82775406404642915 -13.650415072495841 -0.34552366693513825 -12.24718929908337 -554.63002075537668 -57.790369342009853 -286.99768991512497 -0.050498308194913383 -27.915050979162181 -0.31531955638416459 -16.839166744346866 -0.63927588842709027 -0.36448054468792768 -1.6567046207468317 1.3767473696408634 -1.7744142488152765 -150.07093557600362 -1.2379910601027242 -582.4775698517808 -1.2998350869010029 -22.448226283444555 -0.20820873040584922 -272.44161284143183 -97.300927815551162 -0.7397739849134175 -38.905463579001832 -0.24404667000501395
leaf_weight=0.23394994887035991 0.036494490341223762 0.012082850100847392 0.001120488156518106 0.092896863843519806 0.12040924982033985 185.41078024220909 0.0015752167058575078 0.0016024541945491707 0.0019177818683894943 0.0025484061193724221 0.021763305221861796 0.046878752189514095 0.0016338598297400133 0.0054077306057966059 0.0037675170069859923 0.16620572331302177 0.10929748416611929 0.0095955026767974294 0.040600419235517438 0.0014386423137625155 0.008985937493767018 0.0025143996268939253 0.0012244218968571188 0.0014966222796022324 0.0026191466067227998 0.015626795589923879 0.0022740914534007195 0.023572823032736778 0.0015913855946395597 0.0037356074940961539 0.24685019680359341 0.020777556270301534 0.017727466377764397 0.0043910053924110012 0.56442788911618103 2.4004417340036031 0.23579575963839605 0.17505345718041532 0.0081316661090424687 0.0020736233048841536 0.0025978409194987164 0.0029621781690901674 0.0097706896492583059 0.0071516910952381654 0.18266306654582731 0.11321753082364581 0.17396709322929382 0.11836276203393949 0.031128287503374003 1.9652173407536668 0.058033914699380004 0.0023330095368391387 0.30286565116495762 0.0012877129691632903 0.036994178452005144 0.015626800203058133 79.887818407538234 0.0012849148002766477 0.0030848069728539032 0.25147096164432564 0.0051473116770264305 0.80675855647462746
leaf_count=5883 3727 433 1546 1037 583 121798 421 1252 1086 390 330 163 2555 261 2768 2642 226 5861 9136 2176 2928 4635 3963 1510 16 162 652 1931 1788 12039 959 2599 436 99 4069 3039 4095 306 10 1373 3639 15397 920 1844 3748 122 18 7 336 62 2775 3516 92 641 68 170 393604 15637 17891 11744 424 7595
internal_value=-0.514724 -0.0682016 607.52 -0.151682 -0.125079 -0.145996 -11.2229 -172.071 -96.5692 -472.822 -28.2004 -7.5388 -40.0074 -13.6978 -37.044 -20.2218 -0.0591447 -11.0919 -0.0424188 15.9371 484.382 -0.449194 2.2547 4.3032 -110.257 -60.1679 -4.11066 -34.1166 -0.285553 -5.29669 -3.13515 -2.94363 -23.4618 -135.053 -2.29485 -0.0606052 -1.97466 -0.0418034 -7.0721 -122.455 -0.036947 -5.10041 -1.99606 -2.03355 -0.0318073 -0.219295 -5.08163 -8.41881 -8.23799 0.0574202 -0.222053 -7.50565 -1.92643 -4.2713 -21.3128 -65.0836 -0.216562 -3.78445 -1.92601 -1.45195 -13.457 -1.31632
internal_weight=274.041 273.807 0.037615 273.769 273.677 273.556 2.12821 0.0476531 0.0460779 0.00708533 0.0389926 2.08056 0.198693 0.197059 0.191652 0.187884 271.428 0.175801 271.319 0.308438 0.0104246 0.298013 0.295499 0.294274 0.00453693 0.0373901 1.88186 0.0704516 0.292778 0.252177 0.250586 1.81141 0.0555209 0.0066651 1.75589 271.01 2.63624 268.374 0.185259 0.0102053 268.189 0.271949 0.268987 1.73511 267.917 80.5408 0.405547 0.23158 0.0488558 187.376 80.1352 0.0603669 1.72796 0.356774 0.0539087 0.0169145 80.0749 0.187033 0.185748 0.266389 0.014918 1.37119
internal_count=691133 685250 5273 679977 678940 678357 38872 3657 3236 1492 1744 35215 14520 11965 11704 8936 639485 8503 639259 39134 5104 34030 29395 25432 1102 492 20695 2094 23922 14786 12998 18601 1523 751 17078 600125 7134 592991 1689 1383 591302 32124 16727 14479 559178 437318 147 129 772 121860 437171 6291 12635 971 879 811 430880 37276 21639 13088 1344 11664
cat_boundaries=0 4
cat_threshold=2621685865 167772161 274989696 1024
is_linear=0
shrinkage=0.05


Tree=84
num_leaves=63
num_cat=1
split_feature=15 15 12 6 8 4 13 15 10 20 13 20 20 14 20 8 15 12 8 15 12 12 19 15 13 12 13 7 13 18 13 19 17 15 20 15 15 20 13 12 10 18 23 13 14 18 12 13 10 15 6 12 11 8 20 19 12 12 17 20 13 16
split_gain=4.07169e+07 1.91861e+09 1.80451e+09 7.41253e+06 806591 35416.5 23558.2 264639 331115 168450 225340 42556.6 269830 15240 1.2414e+06 657182 216665 125249 257131 72023.6 25637.7 16905.3 13547.4 6175.99 142486 17633.9 5047.3 4672.63 56742.7 4465.99 3819.95 356054 86351.3 165845 9230.28 3217.51 2644.99 8019.7 160150 2286.2 1767.59 14666.7 1312.41 19862.5 798510 4698.52 11344.9 3876.67 30360.5 3683.63 959.028 2361.93 839.399 855.414 3327.38 22537.8 1133.33 2897.41 42091.2 766.156 598.08 570.668
threshold=-0.45945054292678827 -0.60798940062522877 0.0233996044844389 8.8750000000000018 29.250000000000004 17.250000000000004 0.015476725529879333 1.8139643073081972 1.4499999880790713 -0.44504626095294947 0.0077383627649396667 0.54219430685043346 0.8337649703025819 0.064705885946750655 -0.30163703858852381 14.250000000000002 1.0019960403442385 -0.00055896997218951572 3.2500000000000004 9.1807274818420428 -0.0077281782869249574 -0.021348516456782814 0.91037613153457653 0.46890872716903692 0.027084268629550937 -0.006785013945773243 0.041747083887457855 18.083333015441898 0.28653348982334143 -1.0000000180025095e-35 0.022771136835217479 0.84874749183654796 0.083333335816860213 0.58358570933341991 -0.46801505982875818 2.183887362480164 16.81755352020264 -0.51297807693481434 0.085121989250183119 -0.027419994585216042 1.0000000180025095e-35 -0.41248606145381922 0 0.024972253479063514 0.017647059634327892 0.99465191364288341 0.0098027605563402193 0.024972253479063514 1.0000000180025095e-35 1.6592295765876772 16.958333015441898 -0.021348516456782814 16.562500000000004 3.2500000000000004 0.98049071431159984 0.99892947077751171 0.035823347046971328 0.081712700426578536 0.050000002607703216 0.81925055384635936 0.064518220722675337 0.11666667088866235
decision_type=2 2 10 2 8 2 2 2 10 2 2 2 2 2 2 8 2 8 10 2 10 8 2 2 2 10 2 8 2 2 2 2 2 2 2 2 2 2 2 10 8 2 9 2 2 2 10 2 8 2 2 8 8 8 2 2 10 10 2 2 2 2
left_child=1 2 -1 -2 5 6 7 8 -5 -9 -11 29 -13 23 -15 16 -16 19 -19 20 21 -18 -23 24 -8 -26 -27 30 -29 -12 31 32 33 -25 -34 -14 42 -38 -39 -37 41 -28 43 44 -32 47 49 48 -44 -47 51 -49 53 54 56 60 -52 58 -58 -51 -56 -45
right_child=3 -3 -4 4 -6 -7 13 9 -10 10 11 12 35 14 15 -17 17 18 -20 -21 -22 22 -24 27 25 26 40 28 -30 -31 36 -33 34 -35 -36 39 37 38 -40 -41 -42 -43 45 61 -46 46 -48 50 -50 59 52 -53 -54 -55 55 -57 57 -59 -60 -61 -62 -63
leaf_value=-85411.122041204537 -394.61352066011494 -1.3077859492098503 -1157.2495942558605 -1221.2859683782365 -222.94589283938578 22.473850545522474 -283.97346890614511 131.76478799030892 -36.052086233799919 -287.4973959493862 -1.0204728577662203 -885.21649435121128 -0.050065624068038828 -498.69142205831452 566.66167852985325 1094.7945198035916 -0.41900551207282444 -136.46952543280563 -4.078847692564703 40.045450342718198 47.655686082586612 -61.968003115151205 -0.05078677228444034 -5.5199276787602329 -151.87629056452531 -66.448570454261286 -164.88394586582194 -1.7629384941819417 25.640245505101497 -24.003399756587207 772.12119728221262 -528.98034157898644 -0.87432428012427588 -381.18800514061957 17.066655100260739 -34.476593539510063 -0.62782751252039593 -4.5507067805533579 -289.3586908838725 -113.88043581816285 -0.30020702999286891 -4.3774725337439486 -71.06964201029561 0.035755990870322669 -0.84401060080758161 -81.404905083780534 -185.14432377012349 -0.59048362708516022 -1.9193858330553877 -0.050140517627811368 -0.32677720038110913 -10.771578077915443 -3.1766380245907571 -0.012804555136861247 -33.808797745366412 -215.64989071226225 -2.3432324031842495 -0.44922196587305074 -192.58671825920453 -43.104300785301852 -0.050403377540533437 -0.52149835106453934
leaf_weight=0.0012896443001257632 0.11912134484617709 0.12002407367686199 0.0012529166415333748 0.0010235532309058595 0.040602317133788257 0.17403056413752338 0.0045770828556181411 0.018221319442354361 0.0013888098883428623 0.0080008691913673879 0.095596672537811511 0.0010167577259685328 0.0050259157948876086 0.012634345866279095 0.0016766334667718255 0.0013700574636459342 0.44948008419913227 0.049076463278179716 0.14514621268749894 0.13963161408901215 0.026258132437480985 0.020995776358183137 0.015251713805669344 0.0091416668805027572 0.0019759434688818569 0.003012119914675703 0.0015166785611886611 1.1105029582976973 0.22762861841644877 0.027137464461563565 0.0034318806714796748 0.003213425337728614 0.46714182030935902 0.0043291428025642635 0.084687325136371339 0.0029047395480858995 2.7552900545178183 0.32515166117808258 0.0050119519090505707 0.0013177498136856475 0.28499327311742856 0.023110919834691962 0.016896808572025548 188.46023606391239 0.12643067247981757 0.0018437751758544748 0.001080530245460609 0.24863052255797718 0.26198558337867589 0.0093732299374195034 35.330778186512852 0.07389776783106633 0.23460370264994779 37.014014650617128 0.0014810986567744639 0.0013914668318960521 0.043652195525137126 0.12650550782374162 0.0031149185638503279 0.0011613251821580408 0.011492021962561522 4.709070941178509
leaf_count=5622 5555 2973 229 6865 1476 1359 3137 1187 320 791 267 593 156 7769 13814 45 811 12131 88 537 2874 2630 960 189 10603 4022 12107 182 392 1603 1193 3947 1439 3932 3510 51 3011 1677 2394 282 5077 19307 4401 139701 912 2601 1921 215 731 6332 344823 1615 71 5710 9636 218 233 283 1486 800 11158 11028
internal_value=-0.688436 -911.805 -43892.7 -0.279902 -0.107983 -0.0748639 -0.0892373 -19.1722 -538.941 -11.2972 -29.785 -14.2817 -112.079 -0.0779329 -6.71755 0.604709 -1.16411 -2.28966 -37.5315 8.21461 -0.466471 -3.06792 -35.9153 -0.0569023 -7.00789 -2.97846 -2.03738 -0.0487356 2.8986 -6.10218 -0.0633246 -4.15755 -1.17421 -126.249 1.87902 -27.0818 -0.0546964 -1.51024 -8.87415 -59.2569 -1.41076 -14.2622 -0.037856 0.0335758 19.5832 -0.202939 -29.7703 -0.225175 -6.10903 -16.2074 -0.202724 -2.92318 -0.190666 -0.181008 -0.356295 -24.4158 -0.34656 -4.38043 -15.0144 -4.79641 -3.90449 0.0221713
internal_weight=273.472 0.122567 0.00254256 273.349 273.23 273.19 273.016 0.161634 0.00241236 0.159221 0.141 0.132999 0.0102652 272.854 0.861521 0.848887 0.847517 0.84584 0.194223 0.651617 0.511986 0.485728 0.0362475 271.992 0.319186 0.314609 0.312633 271.673 1.33813 0.122734 270.335 0.568513 0.5653 0.0134708 0.551829 0.00924841 269.767 3.08545 0.330164 0.00422249 0.309621 0.0246276 266.681 193.299 0.129863 73.3819 0.0134589 73.3684 0.278882 0.0123783 73.0896 0.322528 72.767 72.5324 35.5184 0.0143646 35.5041 0.173273 0.0467671 0.0105346 0.0129731 193.169
internal_count=690982 8824 5851 682158 676603 675127 673768 12115 7185 4930 3743 2952 1082 661653 41659 33890 33845 20031 12219 7812 7275 4401 3590 619994 54253 51116 40513 565741 574 1870 565167 13017 9070 4121 4949 489 552150 7082 4071 333 36491 31414 545068 152834 2105 392234 11654 380580 5132 9733 375448 1830 373618 373547 367837 21012 346825 2002 1719 7132 20794 150729
cat_boundaries=0 4
cat_threshold=2596503752 268566673 6627785 1153
is_linear=0
shrinkage=0.05


end of trees

feature_importances:
cal_doy_cos=486
water_rising_share=444
water_rise1h_mean=424
flow_mean=404
cal_hour_cos=371
cal_doy_sin=361
cal_hour_sin=349
rain_rf1hr_delta1h=348
rain_rf24hr_mean=274
water_offline_share=258
fl_max24h=198
rain_rf1hr_mean=183
rain_rf1hr_max=176
fl_hrs_since_5cm=149
rain_rf3hr_mean=147
fl_max3h=132
flow_negative_share=111
station_code=111
fl_depth_now=86
fl_mean1h=86
flow_offline_share=79
fl_depth_lag3h=48
fl_depth_lag1h=43
cal_monsoon=2

parameters:
[boosting: gbdt]
[objective: binary]
[metric: average_precision]
[tree_learner: serial]
[device_type: cpu]
[data_sample_strategy: bagging]
[data: ]
[valid: ]
[num_iterations: 800]
[learning_rate: 0.05]
[num_leaves: 63]
[num_threads: 0]
[seed: 42]
[deterministic: 0]
[force_col_wise: 0]
[force_row_wise: 0]
[histogram_pool_size: -1]
[max_depth: -1]
[min_data_in_leaf: 50]
[min_sum_hessian_in_leaf: 0.001]
[bagging_fraction: 0.8]
[pos_bagging_fraction: 1]
[neg_bagging_fraction: 1]
[bagging_freq: 1]
[bagging_seed: 400]
[bagging_by_query: 0]
[feature_fraction: 0.9]
[feature_fraction_bynode: 1]
[feature_fraction_seed: 30056]
[extra_trees: 0]
[extra_seed: 12879]
[early_stopping_round: 0]
[early_stopping_min_delta: 0]
[first_metric_only: 0]
[max_delta_step: 0]
[lambda_l1: 0]
[lambda_l2: 0]
[linear_lambda: 0]
[min_gain_to_split: 0]
[drop_rate: 0.1]
[max_drop: 50]
[skip_drop: 0.5]
[xgboost_dart_mode: 0]
[uniform_drop: 0]
[drop_seed: 17869]
[top_rate: 0.2]
[other_rate: 0.1]
[min_data_per_group: 100]
[max_cat_threshold: 32]
[cat_l2: 10]
[cat_smooth: 10]
[max_cat_to_onehot: 4]
[top_k: 20]
[monotone_constraints: ]
[monotone_constraints_method: basic]
[monotone_penalty: 0]
[feature_contri: ]
[forcedsplits_filename: ]
[refit_decay_rate: 0.9]
[cegb_tradeoff: 1]
[cegb_penalty_split: 0]
[cegb_penalty_feature_lazy: ]
[cegb_penalty_feature_coupled: ]
[path_smooth: 0]
[interaction_constraints: ]
[verbosity: -1]
[saved_feature_importance_type: 0]
[use_quantized_grad: 0]
[num_grad_quant_bins: 4]
[quant_train_renew_leaf: 0]
[stochastic_rounding: 1]
[linear_tree: 0]
[max_bin: 255]
[max_bin_by_feature: ]
[min_data_in_bin: 3]
[bin_construct_sample_cnt: 200000]
[data_random_seed: 175]
[is_enable_sparse: 1]
[enable_bundle: 1]
[use_missing: 1]
[zero_as_missing: 0]
[feature_pre_filter: 1]
[pre_partition: 0]
[two_round: 0]
[header: 0]
[label_column: ]
[weight_column: ]
[group_column: ]
[ignore_column: ]
[categorical_feature: 23]
[forcedbins_filename: ]
[precise_float_parser: 0]
[parser_config_file: ]
[objective_seed: 16083]
[num_class: 1]
[is_unbalance: 0]
[scale_pos_weight: 30]
[sigmoid: 1]
[boost_from_average: 1]
[reg_sqrt: 0]
[alpha: 0.9]
[fair_c: 1]
[poisson_max_delta_step: 0.7]
[tweedie_variance_power: 1.5]
[lambdarank_truncation_level: 30]
[lambdarank_norm: 1]
[label_gain: ]
[lambdarank_position_bias_regularization: 0]
[eval_at: ]
[multi_error_top_k: 1]
[auc_mu_weights: ]
[num_machines: 1]
[local_listen_port: 12400]
[time_out: 120]
[machine_list_filename: ]
[machines: ]
[gpu_platform_id: -1]
[gpu_device_id: -1]
[gpu_use_dp: 0]
[num_gpu: 1]

end of parameters

pandas_categorical:[["FL.BBN.01", "FL.BBN.02", "FL.BKA.01", "FL.BKE.01", "FL.BKE.02", "FL.BKL.01", "FL.BKM.01", "FL.BKM.02", "FL.BKN.01", "FL.BKN.02", "FL.BKP.01", "FL.BKP.02", "FL.BNA.01", "FL.BNA.02", "FL.BNA.03", "FL.BNA.04", "FL.BRK.01", "FL.BRK.02", "FL.BSU.01", "FL.CTC.01", "FL.CTC.02", "FL.CTC.03", "FL.CTC.04", "FL.CTC.05", "FL.CTC.06", "FL.CTC.07", "FL.DDG.01", "FL.DDG.02", "FL.DDG.03", "FL.DDG.04", "FL.DDG.05", "FL.DDG.06", "FL.DDG.07", "FL.DDG.08", "FL.DST.01", "FL.DST.02", "FL.DST.03", "FL.DST.04", "FL.DST.05", "FL.DST.06", "FL.DST.07", "FL.HKG.01", "FL.JTG.01", "FL.KSN.01", "FL.KTY.01", "FL.KTY.02", "FL.KTY.03", "FL.KTY.04", "FL.KTY.05", "FL.LSI.01", "FL.LSI.02", "FL.LSI.03", "FL.LSI.04", "FL.LSI.05", "FL.LSI.06", "FL.PKN.01", "FL.PNK.02", "FL.PPS.01", "FL.PPS.02", "FL.PTW.01", "FL.PTW.02", "FL.PTW.03", "FL.PTW.04", "FL.PTW.05", "FL.PWT.01", "FL.PWT.02", "FL.PYT.01", "FL.PYT.02", "FL.PYT.03", "FL.PYT.04", "FL.PYT.05", "FL.PYT.06", "FL.PYT.07", "FL.RTW.01", "FL.RTW.02", "FL.RTW.03", "FL.RTW.04", "FL.RTW.05", "FL.RTW.06", "FL.RTW.07", "FL.RTW.08", "FL.RTW.09", "FL.RTW.10", "FL.SLG.01", "FL.SLG.02", "FL.SLG.03", "FL.SMI.01", "FL.SPW.01", "FL.SPW.02", "FL.STN.01", "FL.STN.02", "FL.STN.03", "FL.STN.04", "FL.WTL.01", "FL.WTL.02", "FL.WTL.03", "FL.WTL.04", "FL.WTN.01", "FL.WTN.02", "FL.BKT.01", "FL.DST.08", "FL.MBR.01", "FL.BKA.02", "FL.BNA.05", "FL.RTW.11", "FL.RTW.12", "FL.WTN.03"]]
