tree
version=v4
num_class=1
num_tree_per_iteration=1
label_index=0
max_feature_idx=49
objective=binary sigmoid:1
feature_names=station_code fl_depth_now fl_depth_lag1h fl_depth_lag3h fl_rise_15min fl_rise_1h fl_max3h fl_max24h fl_mean1h fl_std3h fl_hrs_since_5cm fl_hrs_since_15cm fl_missing_share3h rain_rf1hr_mean rain_rf1hr_max rain_rf3hr_mean rain_rf3hr_max rain_rf6hr_mean rain_rf24hr_mean rain_gauges_reporting rain_rf1hr_delta1h rain_rf1hr_delta3h rain_spread rain_antecedent_ratio water_rise1h_mean water_rise1h_max water_rise3h_mean water_rising_share water_offline_share flow_mean flow_velocity_mean flow_negative_share flow_offline_share rain_fcst_1h rain_fcst_3h rain_fcst_6h elev_m slope_deg depression_m elev_rank_local dist_water_km cal_hour_sin cal_hour_cos cal_doy_sin cal_doy_cos cal_monsoon tide_m2_sin tide_m2_cos tide_spring_neap rain_x_recent_flood
feature_infos=-1:34:30:92:97:93:28:47:7:9:29:32:86:16:50:0:42:96:56:12:5:87:10:76:22:63:105:17:20:35:65:85:103:26:46:69:19:77:101:90:33:45:68:40:57:78:52:99:82:74:94:36:31:25:98:104:60:58:8:24:80:83:102:54:39:61:11:66:49:23:62:95:4:73:14:21:1:51:75:43:91:15:71:64:84:72:27:81:100:79:70:48:41:2:55:37:38:67:6:53:44:59:13:89:88:18:3 [0:14.899999618530273] [0:145.10000610351562] [0:141.30000305175781] [-20.899999618530273:14.800000190734863] [-145.10000610351562:14.899999618530273] [0:147.69999694824219] [0:147.69999694824219] [0:25.433332443237305] [0:66.557533264160156] [0:72] [0.083333335816860199:168] none [0:91.5] [0:92.5] [0:110] [0:126] [0:141.33332824707031] [0:162.25] [0:5] [-80:82.5] [-80:91.5] [0:41.5] [0:0.98802393674850464] [-0.065301202237606049:0.40139442682266235] [0.019999999552965164:5.7699999809265137] [-0.15235060453414917:0.60747998952865601] [0:0.87058824300765991] [0:0.54509806632995605] [-8.5560712814331055:30.103570938110352] [-3.7049999237060547:14.463213920593262] [0:0.24137930572032928] [0:0.34482759237289429] [0:24.700000762939453] [0:49.900001525878906] [0:62.099998474121094] [0:20] [0.92900002002716064:18.073999404907227] [2:33] [0.012000000104308128:0.96299999952316284] [0:5.0580000877380371] [-1:1] [-1:1] [-0.99999940395355225:0.99998557567596436] [-0.99997919797897339:0.99999076128005981] [0:1] [-1:1] [-1:1] [-1:1] [0:1976.199951171875]
tree_sizes=7008 7032 7114 7151 6955 6943 7148 7132 7242 7262 7206 7241 7218 7038 7224 7291 7305 7297 7280 7269 7042 7306 7322 7054 7290 7278 7045 7326 7052 7371 7244 7037 7037 7286 7293 7292 7283 7313 7363 7311 7286 7061 7366 7053 7336 7355 7373 7315 7346 7370 7390 7334 7325 7308 7370 7363 7373 7436 7003 7074 7068 7397 7339 7076 7371 7096 7385 7358 7348 7317 7448 7391 7385 7390 7091 7310 7066 7323 7083 7371 7327 7296 7411 7378 7277 7438 7376 7364 7107 7405 7098 7294 7353 7366 7443 7387 7384 7056 7093 7333 7380 7080 7263 7467

Tree=0
num_leaves=63
num_cat=14
split_feature=35 0 10 0 0 35 35 44 0 35 44 0 21 49 35 43 0 43 41 0 41 15 28 28 0 43 42 7 44 0 43 42 28 44 0 44 43 43 28 44 39 29 0 34 0 41 43 29 0 43 43 0 28 43 19 44 44 29 43 44 7 43
split_gain=4.64933e+06 959420 762562 357115 280821 231938 187743 134268 131177 101929 56980.2 50129.9 49026.4 48736.8 48607.9 48238.9 67277.6 45593.3 42972.1 42884.8 39433.4 38302.7 35867.1 35074 32035 29404.8 29331 26434 25566.8 24103.7 23665.3 25398.9 23027.6 22914.4 22103.6 22473 23721.9 23543.1 20323.7 20256.6 25888.1 19187.5 20709.4 19031.1 21316.6 18702.3 22212.3 17320.7 22609.4 16697.3 16546.2 15485 15251.7 21998.4 18631.6 14948.9 14849.6 14522.5 14175.8 14089.1 13729.5 13613.1
threshold=1.4499999880790713 0 47.791666030883796 1 2 0.25000000745058065 5.5499999523162851 -0.99983122944831837 3 5.5499999523162851 -0.16799793392419812 4 4.7750000953674325 55.88750076293946 0.15000000223517421 -0.93235439062118519 5 -0.9769422411918639 -0.35206145048141474 6 0.29012925922870642 7.6833331584930429 0.045542273670434959 0.058037718757987029 7 -0.96902456879615773 -0.68322628736495961 1.9499999880790713 -0.28519998490810389 8 -0.98930078744888295 -0.52778512239456166 0.049337463453412063 -0.50557503104209889 9 -0.93543598055839527 -0.99904707074165333 -0.20180235803127286 0.04256099462509156 0.071972697973251357 0.19749999791383746 4.2429668903350839 10 2.9500000476837163 11 0.35206145048141485 0.52766072750091564 8.8758940696716326 12 -0.9769422411918639 0.35846313834190374 13 0.017647059634327892 0.056951373815536506 1.5000000000000002 -0.90892156958580006 -0.51296770572662342 3.633452415466309 0.68432405591011058 0.56901594996452343 2.4500000476837163 0.49812944233417517
decision_type=2 9 2 9 9 2 2 2 9 2 2 9 10 2 2 2 9 2 2 9 2 10 2 2 9 2 2 2 2 9 2 2 2 2 9 2 2 2 2 2 2 2 9 2 9 2 2 2 9 2 2 9 2 2 2 2 2 2 2 2 2 2
left_child=2 34 8 5 6 10 12 18 27 15 19 14 24 -10 47 39 52 26 -5 -4 30 43 45 51 58 -7 -16 38 -27 -25 -8 32 50 -33 35 37 -37 -2 -1 -6 -41 -12 59 44 -18 46 -21 -9 61 -35 56 57 -17 54 -54 -22 -32 -19 -3 -43 -24 -49
right_child=1 4 3 7 9 25 20 11 13 -11 41 -13 -14 -15 17 16 21 23 -20 22 55 -23 60 29 -26 28 -28 -29 -30 -31 31 33 -34 49 -36 36 -38 -39 -40 40 -42 42 -44 -45 -46 -47 -48 48 -50 -51 -52 -53 53 -55 -56 -57 -58 -59 -60 -61 -62 -63
leaf_value=-2.1675893372223718 -1.655688457907277 -2.7219976136882424 -3.8421633150967844 -1.6758946004433994 -1.5838418448748324 -1.7163013957293494 -1.5240519141797457 -3.9202026923428264 -3.9237927284078933 -1.5395263737711349 -3.9196855470833234 -4.0029856693865238 -1.7146311863013892 -1.4658440346420103 -1.7883067193596842 -1.7085886855609749 -2.8010840239644645 -3.6826286446020822 -4.0302655030454062 -1.981124907105785 -2.1020887280575504 -1.6466528895507473 -3.5905858075705392 -2.2256559578669126 -3.6486173616429762 -2.3205320577706821 -3.4244640086522544 -1.6050367131517271 -3.1633372795920489 -4.0187413116695581 -3.8375574489090076 -1.6291792061642587 -3.9728913614197361 -1.9490185574184666 -4.0293281453692025 -1.9299245491413868 -4.0302655030454062 -4.0302655030454062 -4.0302655030454062 -1.6281473952403953 -3.1424246340936799 -2.1828340907081829 -3.9469443601275591 -2.3284467713457833 -3.7446345235214298 -3.2742121122388759 -3.472901735584152 -3.4195373670254807 -3.9334629449277783 -3.6044349189322151 -1.605511788259204 -3.9830057299968868 -4.0302655030454062 -1.840634572495532 -2.3780300341045382 -3.2314556514098571 -2.3842603069916155 -2.8466179404756788 -4.0302655030454062 -3.4957558458752631 -1.5960585576309327 -2.1487258339559636
leaf_weight=89.38752057403326 32.216264382004738 231.60394741594791 168.14439189434052 88.558690942823887 734.5416392609477 141.96417612582445 261.5499409288168 1839.8585651963949 126.7929795011878 3167.7344693914056 623.98290085047483 6112.0810675770044 53.117196500301361 23.982017882168293 65.567665509879589 544.64946265518665 169.80205385386944 163.96420580148697 24.810847319662571 158.84708382189274 44.342408441007137 67.964065581560135 129.63983096927404 61.765857934951782 345.06357216089964 350.05457510054111 47.045114554464817 490.46920200437307 121.11729638278484 34.198248520493507 23.35138575732708 245.51388064026833 26.144182629883289 33.153202623128891 533.38817226141691 15.711735159158705 93.117254137992859 15.441464163362978 17.513539284467697 63.693788938224316 50.684759713709354 51.964041382074356 86.126252934336662 96.955099262297153 117.81999354809523 53.56764679402113 29.603647328913212 39.297355361282825 119.22540078312159 28.180221766233444 48.252324417233467 286.43285404890776 19.60363245010376 273.33374148607254 131.63983550667763 86.378506168723106 71.081186838448048 76.036148816347122 22.738772198557854 33.675725407898426 9.2432570680975896 45.441509157419205
leaf_count=1742 309 6996 8694 884 6025 1528 1843 98197 6776 23269 33297 336001 570 142 797 5781 5161 7998 1377 2523 808 640 6093 934 16541 7857 2060 4224 4692 1898 1209 2229 1422 506 29603 234 5168 857 972 577 1943 1028 4635 2191 5843 2190 1324 1717 6385 1332 416 15636 1088 3599 3101 3460 1683 2480 1262 1521 78 869
internal_value=-3.03577 -2.07701 -3.662 -3.76741 -1.90209 -3.15726 -2.53921 -3.90108 -2.11754 -1.72694 -3.52052 -3.9228 -3.17053 -3.56061 -3.74717 -1.97846 -2.15654 -3.39762 -2.19115 -3.1287 -2.048 -2.76766 -2.84708 -3.56513 -3.29954 -2.34712 -2.47183 -1.79685 -2.53718 -2.68601 -1.90609 -2.11615 -2.60871 -1.84514 -3.87308 -3.3695 -3.72704 -2.42507 -2.47275 -1.68022 -2.29917 -3.79087 -3.32291 -2.93426 -3.13847 -2.44981 -2.21547 -3.87174 -3.43457 -2.70962 -2.35875 -3.72538 -1.90511 -2.10835 -2.59219 -2.84836 -2.74363 -3.44023 -2.8821 -2.83297 -3.45784 -2.86908
internal_weight=19359.1 7648.77 11710.4 10962.2 6958.89 1957.93 1520.47 9004.28 748.145 5438.42 1344.79 8890.91 652.523 150.775 2778.83 2270.69 1421.77 735.01 113.37 549.046 867.947 452.541 380.901 622.397 599.406 613.136 112.613 597.37 471.172 95.9641 737.226 475.676 168.829 306.847 689.875 156.487 108.829 47.6577 106.901 848.92 114.379 795.749 171.766 384.577 287.622 242.018 188.451 2043.82 203.964 61.3334 142.685 526.433 969.227 424.577 151.243 130.721 94.4326 240 254.343 85.6398 138.883 84.7389
internal_count=702215 135666 566549 552693 99495 75460 40277 477233 13856 59218 61383 474972 25369 6918 138971 35949 27404 31803 2261 20902 14908 13835 12208 28946 24799 14077 2857 6938 12549 2832 10640 8797 4730 4067 36171 6568 5402 1166 2714 8545 2520 40481 7184 13195 11004 6037 3847 107168 8971 1838 3308 26114 13569 7788 4189 4268 2892 10478 8258 2549 6171 2586
cat_boundaries=0 4 8 12 16 20 23 27 31 35 39 43 47 49 52
cat_threshold=2107468 4230005665 2148245548 208 1073812097 25165824 805306432 14 2349909026 39263296 1108610691 769 1728118961 92873748 3116378432 6 629817600 101523460 1288708112 257 1942032897 16785414 813695040 66049 25165824 0 8 2147517474 33554432 1312768 1 0 270340 1220542464 256 0 1073758208 2147483648 144 0 8388608 536870976 12 524544 8388624 6291456 46 75644928 67698688 621281536 33554432 213909504
is_linear=0
shrinkage=1


Tree=1
num_leaves=63
num_cat=16
split_feature=35 0 0 0 43 32 14 35 0 43 28 0 48 38 28 18 19 43 0 0 43 29 7 35 0 43 28 43 38 43 43 43 0 41 0 37 43 0 0 41 7 35 35 19 46 43 7 43 0 28 35 0 18 48 35 24 0 43 1 0 41 43
split_gain=94894 62324.1 41807.6 11662.2 8750.29 6381.51 5731.49 5585.94 10105.6 5581.93 4912.07 4640.96 6258.5 12870.7 4490.92 9175.19 6386.85 7179.83 4238.9 4226.76 3683.08 3475.48 3468.57 3029.33 3122.93 3023.4 3434.75 2999.07 3389.36 4530.78 3099.09 4462.38 2906.24 2890.64 3934.75 2835.61 2765.23 5758.87 4248.64 4092.33 2652.11 2651.15 2621.17 6453.59 3215.06 3412.79 2577.1 2573.66 6328.43 2513.66 2871.67 4453.36 2279.43 5134.86 2670.83 2865.39 2266.41 2225.52 2042.33 2022.88 2090.9 4424.11
threshold=1.0000000180025095e-35 0 1 2 0.93237596750259411 0.086206898093223586 9.2500000000000018 0.75000000000000011 3 0.98802474141120922 0.058037718757987029 4 0.99936240911483776 28.500000000000004 0.045542273670434959 20.816666603088382 4.5000000000000009 0.07411635667085649 5 6 0.95502296090126049 3.1854699850082402 2.4500000476837163 5.5499999523162851 7 0.92922380566596996 0.045542273670434959 -0.63921129703521717 28.500000000000004 -0.9769422411918639 -0.61237984895706166 -0.44504626095294947 8 -0.35206145048141474 9 3.3805000782012944 0.40614137053489691 10 11 0.47114434838294988 1.0000000180025095e-35 3.8500000238418584 0.25000000745058065 2.5000000000000004 -0.34007835388183588 0.69676569104194652 8.9499998092651385 -0.2102246284484863 12 0.053132651373744018 1.3499999642372134 13 0.94999998807907116 0.55574825406074535 5.1499998569488534 -0.034035811200737946 14 -0.21861968189477918 1.4499999880790713 15 0.29012925922870642 -0.9193688929080962
decision_type=2 9 9 9 2 2 10 2 9 2 2 9 2 2 2 10 2 2 9 9 2 2 2 2 9 2 2 2 2 2 2 2 9 2 9 2 2 9 9 2 2 2 2 2 2 2 2 2 9 2 2 9 10 2 2 10 9 2 10 9 2 2
left_child=1 5 58 9 7 11 46 8 25 23 36 40 14 -14 19 16 22 -18 -7 -13 -21 -17 -16 24 27 26 -5 28 -4 -30 -29 -32 -28 49 41 42 38 -38 39 -9 -1 -35 43 44 -33 -46 -3 57 -49 -26 51 -51 53 -39 55 -54 -6 -40 -2 60 -25 -62
right_child=2 6 3 4 56 18 -8 10 -10 -11 -12 12 13 -15 15 21 17 -19 -20 20 -22 -23 -24 59 33 -27 32 30 29 -31 31 35 -34 34 -36 -37 37 52 47 -41 -42 -43 -44 -45 45 -47 -48 48 -50 50 -52 -53 54 -55 -56 -57 -58 -59 -60 -61 61 -63
leaf_value=0.080042602783175917 -0.051049232771193082 -0.039353795046139423 0.28140609157760577 0.23909652486486388 0.22641315508982457 0.22039846613155017 0.33770542346548038 0.19761885886017896 -0.041765962137081981 -0.055083522677657627 0.01333363519210176 0.063901814366168416 -0.052024152142099205 2.3626566120972723 -0.040239518047244571 1.0596659178333752 1.4710511239703188 -0.052205450952334531 -0.027486398376554068 0.31295121373501972 -0.053414386560821585 0.34952538184969639 0.25886830590600146 0.31753374448792804 0.28650424221193316 0.63653820709529341 0.24246444777284126 0.659290747916917 0.75035692294228806 -0.052577713148300023 -0.015100886957918936 1.306965824873547 -0.049770777136758974 0.035347060741927727 0.26448270149370501 0.30419768153270754 -0.051350850861393994 0.043081304139502348 0.25006229817786568 0.0093056250641891172 0.25234338336510159 0.27084101749866613 0.40493379105127514 0.0099735837314007276 0.050190505500981766 1.2394339774240704 0.17076345063088258 0.2629109629750439 -0.034385097875062463 0.60947937213794601 0.31418223807505846 0.12501284315178951 0.67193921711700222 0.32517291077465482 0.28353639775373002 0.36069875989939054 -0.052540904697230842 0.46010060545024489 0.27936696702171204 0.25661584332812737 1.0088826189349738 0.31939344536272052
leaf_weight=677.58324424549937 1201.0265604518354 5429.6234264951199 2513.9146864749491 1358.2577728405595 81.091488439589739 279.23403681255877 105.84176385588944 2689.2774119246751 506.3612400367856 128.71945029124618 237.79331975243986 223.96054517477751 11.553338387981057 10.564919531345367 408.64710916951299 32.305521113798022 16.748081371188167 14.376105304807423 427.71680134907365 2550.0082909800112 70.496164748445153 36.918819364160299 127.06208068132401 888.90212401002645 3799.2818288188428 41.228485377505422 127.24898538738489 90.44504876062274 80.1991350017488 22.497837994247675 76.245036777108908 33.113761054351926 219.96595805324614 346.90275443159044 5673.6000493559986 822.86516898497939 129.11765575781465 267.2602746617049 11431.64926812239 323.17194792442024 333.13909378647804 182.32686200551689 1048.5324106886983 24.028543734923005 14.258481055498125 10.456883611157535 149.96165715903044 495.27482149377465 280.69517652317882 227.84746086411178 584.78637604415417 84.46927809715271 82.504280176013708 406.96964427269995 1862.891968678683 713.12278911657631 352.95938579365611 127.52386134490371 48.662189364433289 17816.302571866661 35.348757825791836 68.060984700918198
leaf_count=25374 67697 290837 6746 17632 283 4287 649 17508 26313 3202 4496 6565 496 61 19626 244 178 620 17407 17736 2488 217 240 1820 16296 143 1888 296 327 698 1398 337 9586 7763 31056 5522 3412 3489 28467 6756 2080 743 3919 836 352 165 975 1565 4702 859 1378 1477 81 1408 1212 2113 11982 264 125 15137 242 444
internal_value=0.223145 0.0879113 0.248768 0.255091 0.225721 0.212427 -0.0267451 0.230354 0.155905 0.273485 0.23916 0.234713 0.262209 1.10136 0.25763 0.137523 0.0711591 0.767467 0.0731529 0.284487 0.301943 0.680933 0.0307043 0.274792 0.291055 0.212233 0.203221 0.328027 0.292908 0.574458 0.372921 0.360159 0.0628787 0.274435 0.252281 0.374807 0.242015 0.282381 0.23291 0.17683 0.135493 0.114318 0.426207 0.698706 0.984881 0.55335 -0.0337065 0.246262 0.158314 0.304279 0.379558 0.501968 0.29458 0.213354 0.316288 0.392974 0.00358045 0.252379 -0.0378799 0.261272 0.338874 0.555083
internal_weight=68462.9 10905.7 57557.2 56307.5 21734.4 5220.31 5685.43 21300.3 2253.06 34573.1 19047.3 4513.36 3502.64 22.1183 3480.52 636.058 566.833 31.1242 706.951 2844.47 2620.5 69.2243 535.709 34444.4 15635.8 1746.7 1705.47 4736.56 2616.61 102.697 2119.95 2029.5 347.215 10899.2 6202.83 1953.26 18809.5 3461.87 15347.6 3012.45 1010.72 529.23 1130.39 81.8577 57.8291 24.7154 5579.59 12335.1 775.97 4696.38 897.103 312.317 3332.75 674.23 2658.52 795.627 434.051 11559.2 1249.69 18808.6 992.312 103.41
internal_count=702215 390080 312135 244313 143300 97619 292461 131035 55562 101013 75473 75925 48471 557 47914 21125 20664 798 21694 26789 20224 461 19866 97811 80168 29249 29106 20596 7771 1025 12825 12529 11474 59572 39562 11131 70977 11715 59262 24264 27454 8506 5609 1690 854 517 291812 34998 6267 20010 3714 2336 8303 4897 3406 2194 12265 28731 67822 17643 2506 686
cat_boundaries=0 4 8 12 16 19 22 25 29 31 34 38 42 44 47 50 54
cat_threshold=1199723153 76087300 806363456 6 2107468 3156247457 753708 64 1879671457 64225284 1891899712 263 2277511440 599064 2283807761 40 58720785 4 805306368 1107300368 0 536870912 1073741824 67633152 1048576 524800 33554432 537135168 4 33554448 532480 98336 4194304 4096 135282690 722944 69214848 16 2357198848 4178 2148558467 656 22020354 8 268501120 25165828 4198400 0 0 16384 32 37748736 0 257
is_linear=0
shrinkage=0.05


Tree=2
num_leaves=63
num_cat=19
split_feature=0 35 0 35 44 18 0 44 0 0 7 44 0 48 0 18 28 0 28 0 44 0 20 41 10 44 32 0 28 44 44 0 44 28 0 18 35 10 28 44 42 0 35 26 0 7 44 44 0 10 28 44 3 48 48 44 0 44 28 29 0 0
split_gain=60339 35806 29916.1 7257.78 5674.9 5057.61 4841.41 5524.1 12124.5 4026.12 3597.94 3148.23 3068.24 2966.55 2899.42 3167.55 2763.47 5162.49 3433 8662.7 2579.32 2902.43 2501.85 2447.09 3465.36 3763.4 2372.24 2170.62 2165.05 2140.61 7750.75 6194.14 2042.77 2008.12 4061.24 2417.83 1946.19 2389.77 1806.57 1799.75 1804.08 1790.74 1859.88 1758.14 1966.67 1727.27 1709.69 1688.49 5254.06 8942.29 7494.96 3851.21 3610.72 3558.59 4305.4 2654.86 2265.98 1658.13 5351.01 2053.18 3730.7 1634.07
threshold=0 1.0000000180025095e-35 1 5.3500001430511483 0.88522326946258556 7.9500000476837167 2 0.03762133605778218 3 4 11.650000095367433 -0.99983122944831837 5 -0.18719816207885739 6 5.3541667461395273 0.048057714477181442 7 0.013725490774959328 8 -0.70289847254753102 9 0.68333333730697643 -0.84874749183654774 52.125000000000007 -0.85225707292556752 1.0000000180025095e-35 10 0.045542273670434959 0.8277757763862611 0.82293498516082775 11 -0.99761277437210072 0.045542273670434959 12 20.816666603088382 1.4499999880790713 35.875000000000007 0.0058823532890528449 -0.91595870256423939 0.09796465560793878 13 5.1499998569488534 -0.0099201593548059446 14 8.0500001907348651 0.99681594967842113 0.55478650331497203 15 71.958332061767592 0.0098039219155907648 0.14037931710481646 1.0000000180025095e-35 0.98543795943260204 -0.95311623811721791 0.61067742109298717 16 0.77652049064636242 0.013725490774959328 0.98796704411506664 17 18
decision_type=9 2 9 2 2 10 9 2 9 9 2 2 9 2 9 10 2 9 2 9 2 9 10 2 2 2 2 9 2 2 2 9 2 2 9 10 2 2 2 2 2 9 2 10 9 2 2 2 9 2 2 2 10 2 2 2 9 2 2 2 9 9
left_child=3 2 4 10 14 11 7 16 28 46 -1 -4 23 -5 33 32 18 26 19 -3 43 -22 29 24 -7 -26 -18 -15 38 30 57 -31 -16 47 35 39 37 -24 -9 40 -35 42 -20 44 -19 61 -6 51 49 -49 53 56 55 54 -51 -52 -2 59 -59 60 -8 -34
right_child=1 6 5 13 9 12 22 8 -10 -11 -12 -13 -14 27 15 -17 17 20 41 -21 21 -23 36 -25 25 -27 -28 -29 -30 31 -32 -33 45 34 -36 -37 -38 -39 -40 -41 -42 -43 -44 -45 -46 -47 -48 48 -50 50 52 -53 -54 -55 -56 -57 -58 58 -60 -61 -62 -63
leaf_value=-0.04485972792475925 -0.0034221023340046683 0.19644576184109752 0.24448685089879962 -0.054410101550254969 -0.051248930882367864 0.17901781655046312 0.0177109739628717 -0.059660047127344462 -0.054789916295060859 -0.050281540696859174 0.25182737740945554 -0.049458303158092937 -0.017212039173501611 0.21869803678710947 0.31954104325806237 0.22524221983014608 0.22346959453357826 0.19948703358177994 0.27894516904712402 -0.055181381349690528 0.18828812192950595 -0.055562410891680708 0.21990303556083882 0.12620561089999113 0.12379267100302863 1.0537758068639409 -0.055981336674456927 -0.04629681812723363 -0.017025753194923735 0.39563096051926683 0.56188947735710826 -0.052166634482917973 0.096328686464977414 0.64263670511473991 -0.03860843613122357 0.45272400605116064 0.23048722277796091 0.38247160769822142 0.21784480915875282 0.048958140032171568 0.19051759108655686 0.18956719019947432 0.21572525905053308 0.22015212310208576 -0.035957124152605956 0.22903865106842791 0.36158027939496751 0.22712651666294389 -0.048668611423237446 1.4119730959003305 0.46488534482652571 -0.053988163526048009 0.89776576407401409 1.7677186912210392 0.17783199133196256 -0.052904280939817583 0.23279412767065211 0.41383499532050777 -0.057268011797078237 0.21016769568849747 0.18821882214100416 -0.028367212182956909
leaf_weight=3289.7406769152731 116.48378076031804 1746.4344205260277 94.04968111589551 167.93649884685874 32.757139328867197 61.642564970999956 381.10546265356243 61.244720051065087 762.21525978296995 465.51584817655385 105.4631571508944 2895.2958950120956 207.11517672799528 533.96197344362736 91.208096960559487 637.3969987668097 94.420479683205485 193.39616098999977 1890.7524670492858 425.35349925793707 244.48320063948631 230.81629928946495 412.07233024947345 170.32660270109773 16.344726884737611 32.52847870439291 388.07311098091304 92.773311061784625 117.59069924987853 100.91610896214843 155.31261099688709 251.89764652401209 747.27929353155196 29.987856760621071 233.95857574418187 93.662360677495599 5737.7834943588823 500.78781830519438 1383.3545330110937 157.94129777699709 83.505807407200336 3872.0622137021273 3024.0354963541031 1878.5811256896704 157.95621190220118 159.38907048106194 107.00065563060343 541.56848587468266 108.3732528872788 15.371923116967084 97.71128223836422 136.18199484422803 36.224168889224529 16.491939906030893 13.080001594498752 33.155953140929341 1943.8733198996633 285.93729845620692 76.37621308490634 38736.219299441203 2583.8964462429285 400.81209887936711
leaf_count=185212 3122 5768 450 6417 1540 106 7253 830 21245 21982 233 163152 8597 1690 557 4615 197 471 11641 9787 909 4383 206 2802 230 486 10089 5410 3128 421 372 6820 18592 196 10011 195 3526 1558 4790 4592 577 13877 3304 4444 3023 129 388 185 3757 67 208 4293 64 66 446 1051 6619 405 1430 95819 10113 18369
internal_value=0.181104 0.191344 0.102093 -0.00379784 0.166937 -0.0158022 0.204656 0.180339 0.109013 0.0216446 -0.0356439 -0.0402103 0.133404 0.132215 0.182676 0.13221 0.192186 0.151211 0.204105 0.147814 0.177755 0.0726612 0.212713 0.236666 0.428321 0.74276 -0.00126853 0.182223 0.188082 0.2083 0.209325 0.0856529 0.0907601 0.209834 0.126695 0.227451 0.241276 0.309087 0.20608 0.158097 0.309979 0.218018 0.239559 0.200952 0.0982936 0.0748006 0.247136 0.226804 0.286108 0.330511 0.610159 0.203532 0.455986 1.18334 0.84461 0.3337 0.220553 0.208024 0.314526 0.207098 0.166997 0.0533878
internal_weight=79659.2 75469.3 9776.23 4189.88 6298.93 3477.3 65693.1 16470.8 2324.41 605.274 3395.2 2989.35 487.958 794.672 5693.66 2036.09 14146.4 3187.73 10958.6 2171.79 2705.23 475.299 49222.3 280.842 110.516 48.8732 482.494 626.735 1562.19 42571.7 42218.8 352.814 1398.69 3657.57 599.056 365.097 6650.64 912.86 1444.6 271.435 113.494 8786.85 4914.79 2229.93 351.352 1307.48 139.758 3058.52 861.977 753.604 212.035 2196.54 167.091 44.9439 28.4519 130.867 2060.36 42063.5 362.314 41701.2 2965 1148.09
internal_count=702215 503253 277444 198962 101621 175823 225809 97886 29993 23910 185445 163602 12221 13517 77711 42262 67893 23516 44377 15555 13230 5292 127923 3624 822 716 10286 7100 8748 122633 115392 7241 37647 35449 15571 5560 5290 1764 5620 5365 773 28822 14945 7938 3494 37090 1928 19878 5844 2087 1902 14034 1323 579 513 1259 9741 115020 1835 113185 17366 36961
cat_boundaries=0 4 8 12 16 18 22 25 29 33 36 40 42 45 49 51 54 57 61 65
cat_threshold=136325196 3089140641 2148237996 208 1199723153 92864516 806363456 6 2228245762 1141534802 202400787 552 71303168 663568 67117056 8 67108864 524288 269025312 4202514 134223872 9 1140985984 75563008 536879424 8406016 1073758208 1074195 520 12584192 663554 134217744 8 0 67633152 134217728 134217728 2048 640 144 65536 262144 1073741952 67108864 536870912 2147504130 1073758208 135283731 552 0 18 67108864 8454144 8192 67108864 8454144 8192 196752 47514624 6555648 257 16385 16777216 269484032 6
is_linear=0
shrinkage=0.05


Tree=3
num_leaves=63
num_cat=23
split_feature=0 34 0 0 44 18 0 0 0 44 0 23 0 44 48 26 0 44 48 28 21 44 44 34 48 44 0 34 0 44 0 28 0 18 29 0 0 48 19 0 28 44 37 29 0 0 0 26 0 44 0 48 30 44 28 0 0 34 26 18 48 32
split_gain=42985.9 22560.7 19609.6 5251.78 4825.88 4038.91 3800.2 2976.37 2791.08 2746.03 13447.1 2680.55 2477.44 3911.44 2978.9 2856.84 2434.27 2366.11 2265.31 1882.02 1875.31 1812.13 2488.79 1769.93 1749.57 1711.13 1774.84 1686.16 1683.35 1611.5 1604.08 1601.88 7032.39 1625.84 4031.04 2625.23 2597.91 1502.53 1477.21 1520.38 1454.37 1462.02 3105.38 2085.54 1843.14 1742.75 1335.1 1317.34 2600.44 1275.42 3272.17 1367.44 1270.51 1333.45 1207.46 1913.75 1168.79 1316.51 1313.58 1137.37 1108.52 1038.45
threshold=0 1.0000000180025095e-35 1 2 0.88522326946258556 15.775000095367433 3 4 5 0.03762133605778218 6 0.25824573636054998 7 -0.83375966548919667 -0.79120641946792591 -0.0061523199547082177 8 0.8277757763862611 0.63356903195381176 0.058037718757987029 1.1833333373069765 0.8277757763862611 0.77652049064636242 1.3499999642372134 0.63356903195381176 -0.86112883687019337 9 1.0000000180025095e-35 10 0.98770287632942211 11 0.013725490774959328 12 3.2749999761581425 1.4683071374893191 13 14 0.99972543120384227 4.5000000000000009 15 0.0098039219155907648 -0.97507822513580311 1.1215000152587893 3.7768615484237675 16 17 18 0.0094789555296301859 19 -0.50557503104209889 20 0.94941526651382457 -0.14677719026803968 0.19126587361097339 0.055752867832779891 21 22 0.45000000298023229 0.083254016935825362 0.77500000596046459 -0.5240725278854369 0.05172413773834706
decision_type=9 2 9 9 2 10 9 9 9 2 9 10 9 2 2 10 9 2 2 2 10 2 2 2 2 2 9 2 9 2 9 2 9 10 2 9 9 2 2 9 2 2 2 2 9 9 9 10 9 2 9 2 2 2 2 9 9 2 10 10 2 2
left_child=3 2 4 5 11 18 24 21 52 19 29 12 -2 14 -14 30 -17 20 -1 31 40 22 38 -24 -6 26 -16 -20 -21 -11 -15 32 49 34 35 59 -36 -23 -3 -40 -10 42 -42 44 -43 -44 -45 -18 -49 50 51 -9 53 -4 -38 -56 57 58 -35 -33 -7 -29
right_child=1 7 8 -5 6 60 -8 9 17 10 -12 -13 13 15 25 16 47 -19 27 28 -22 37 23 -25 -26 -27 -28 61 -30 -31 -32 33 -34 56 36 -37 54 -39 39 -41 41 43 45 46 -46 -47 -48 48 -50 -51 -52 -53 -54 -55 55 -57 -58 -59 -60 -61 -62 -63
leaf_value=-0.052250836255275879 0.17499124753290282 0.18376842358277923 0.86502206225968237 -0.05072441217743881 -0.05183777582225281 -0.055400686518928877 -0.050452066061228068 0.13723097576829954 -0.048045631946766074 0.16483402501716748 -0.056418533399931595 0.25563851129071491 -0.056204232978790514 0.11906078365235161 0.015063847791157162 0.016859964205665403 0.18473885314723765 -0.051034562699892663 -0.051116078310113257 0.15679928910471355 0.22607657357615096 -0.054461484472649993 0.33952779443345404 0.17274693713694472 0.29327132884843055 0.29687478756944458 0.18456161687114475 -0.053815492372305353 -0.053092759902585079 0.40466305106921202 -0.021941972349678686 0.071629386464581501 -0.055972841622634641 0.25033509348994931 -0.01252654377608144 -0.048851311096381245 0.17729583922054007 0.28115478748456418 0.14868109218049028 -0.052394348710120275 0.88583084276042678 0.084486976010062068 0.20231214464500977 -0.020083683661321364 -0.035446551014272569 -0.049467461999277762 0.15770745989459431 -0.027898938824522906 0.15375749461379062 0.17853699824786465 -0.057750879325469032 0.36843699756507498 -0.030633709214047428 -0.050972399849131357 0.17766779193550006 -0.054820438389128867 0.17228858012907819 0.19695995832232427 0.50213877999106293 0.2635001304781458 0.1970232628522457 0.18447411882071285
leaf_weight=638.28868035320193 4614.9538585077971 37779.966288706288 8.1486540995538217 2438.2559136208147 48.406055321916938 47.609358636662364 530.77618129737675 268.0877292342484 280.09385839290917 3100.8527184464037 827.96669074892998 600.49004443828017 133.40218774508685 271.03616083972156 183.1012120693922 485.61858117207885 995.38668786082417 468.5536483656615 150.37614696566015 185.20156749337912 180.89123450778425 138.40926530957222 436.4179515838623 250.31593090109527 152.18244053423405 306.08526551909745 1781.0220405636355 53.849270022474229 182.23402042221278 71.662187246605754 708.56718992907554 191.77291091904044 411.72349548153579 685.69184895977378 200.99448848422617 368.75089714769274 7511.2401812868193 43.934017919003963 316.95742766559124 130.0424923542887 14.388957246206699 565.77609433792531 242.11464804690331 134.31009003799409 714.33979256544262 95.185200616717339 562.77582152746618 277.36348072439432 684.60772591177374 2654.3604870811105 216.81452411599457 83.985982244834304 1676.4068625606596 7.7536660972982636 202.00205274485052 149.11450416129082 7191.0769875170663 4095.465922312811 56.025014653801918 129.32057033386081 503.08578807022423 302.89700622856617
leaf_count=32061 32360 63453 24 149800 2144 1463 26327 787 11797 9716 19255 974 3111 4695 2901 12808 9167 26707 8867 652 708 3373 970 344 857 937 8003 2016 4539 416 19829 1912 8607 2584 3679 6594 13621 41 1410 2698 239 15205 1388 4805 33007 3293 7051 7031 9701 3430 2937 121 85053 450 323 2673 12529 5559 121 337 2947 1808
internal_value=0.153801 0.161484 0.109485 -0.00380357 0.14455 0.06355 0.0202884 0.174319 0.0257575 0.16158 0.123197 0.152911 0.147003 0.12432 0.17342 0.0902011 0.119128 0.0527707 0.0104251 0.167841 0.0703937 0.18361 0.184394 0.278736 0.200018 0.186913 0.169777 0.089312 0.0555233 0.169716 0.018062 0.169531 0.138909 0.174887 0.158493 0.042488 0.168418 0.0264023 0.182699 0.0923377 0.0595996 0.072546 0.166479 0.055838 0.0179439 0.135792 0.125426 0.14368 0.102689 0.163469 0.0960377 0.187071 -0.026259 0.418401 0.17284 0.0824319 0.186818 0.207632 0.269355 0.144408 0.1752 0.148505
internal_weight=88738.5 84604.1 16723.7 4134.36 11773 1696.11 731.365 67880.4 4950.74 28784.3 4000.48 11041.6 10441.1 5826.19 2403.61 3422.58 2442.98 3258.43 1145.41 24783.9 2789.88 39096 38913.7 686.734 200.588 2270.21 1964.12 507.122 367.436 3172.51 979.603 24416.4 3634.97 20781.5 8753.2 689.844 8063.35 182.343 38227 447 2608.98 2328.89 351.689 1977.2 1280.12 337.3 697.086 1957.36 961.971 3223.25 568.888 352.074 1692.31 15.9023 7862.36 351.117 12028.3 4837.18 741.717 321.093 550.695 356.746
internal_count=702215 503253 330572 198962 140845 49162 29328 172681 189727 100392 29387 111517 110543 78183 14952 63231 38707 104200 44752 71005 77493 72289 68875 1314 3001 11841 10904 12691 5191 10132 24524 65814 15882 49932 29139 8843 20296 3414 67561 4108 76785 64988 4920 60068 48212 4681 11856 25899 16732 7275 3845 908 85527 474 16617 2996 20793 8264 2705 2249 4410 3824
cat_boundaries=0 4 8 12 14 18 22 26 29 32 36 39 41 45 49 52 54 58 61 65 69 72 73 77
cat_threshold=136325196 3089140641 2148237996 208 1736659617 92864516 856701248 6 134217728 2048 2147484288 144 67174400 524288 1879605921 64290816 1893992512 263 2147779840 1108743232 278547 544 121831440 663568 67117056 8 67125760 75497472 536879424 1090650112 17301504 6144 65536 589824 269484032 2 33619968 8196 134217728 131200 16842752 62981376 663566 134222096 8 1114114 67133448 16385 8 2155889664 67113024 24576 0 65536 1048576 4194314 12582912 8 272629778 0 1073742848 269484050 4210696 1024 8 33554433 65540 0 6 16843008 0 256 1245184 2214612992 5196 1070099 512
is_linear=0
shrinkage=0.05


Tree=4
num_leaves=63
num_cat=0
split_feature=35 11 18 43 9 44 35 23 43 48 44 11 18 28 28 48 11 32 44 48 48 43 43 28 48 43 48 44 9 40 24 48 31 43 43 41 48 39 37 30 48 43 41 44 14 40 31 18 45 43 43 48 22 30 43 28 43 18 27 28 36 40
split_gain=32318.2 10766.1 7054 4906.47 3791.67 3118.49 2947.63 3163.08 2501.59 2399.32 2120.29 2011.12 1983.44 1763.32 1701.25 1698.38 1685.71 1626.48 1625.1 1580.27 3818.22 2321.38 2026.42 2608.97 1783.44 1626.59 1559.73 1715.94 1618.09 1474.14 1452.9 1337.05 1335.33 1680.98 3537.72 2250.21 1832.8 2046.63 1591.99 2390.14 1855.82 1713.19 1251.7 1731.25 1249.12 1217.39 1481.87 1826.02 2726.35 1788.97 1350.58 1283.09 1195.15 1499.99 1922.68 1744.95 8554.42 1579.48 1753.1 1702.41 1565.01 1517.38
threshold=1.0000000180025095e-35 162.79166412353518 7.0499999523162851 0.94425827264785778 2.0816681711721688e-17 -0.99938741326332081 0.75000000000000011 0.17688778042793277 -0.9599599540233611 -0.37872801721096033 -0.99761277437210072 104.20833206176759 1.2749999761581423 0.044210137799382217 0.10000000149011613 -0.97819527983665455 21.125000000000004 0.15517241507768634 -0.26037105917930597 0.97319763898849498 0.92460557818412792 -0.64578425884246815 -0.96463498473167408 0.055752867832779891 -0.16276054829359052 0.3903625756502152 0.99807518720626842 0.8277757763862611 0.0082167778164150568 4.6029999256134042 -0.0045227743685245505 0.89423519372940075 0.086206898093223586 0.79904097318649303 0.91939014196395885 -0.35206145048141474 0.82475927472114574 0.81850001215934765 1.9674999713897707 0.060172412544488914 -0.35527852177619929 0.90892735123634349 -0.2901292592287063 0.79253265261650097 15.750000000000002 1.9959999918937685 1.0000000180025095e-35 7.0499999523162851 1.0000000180025095e-35 -0.85671821236610401 0.92922380566596996 -0.64441558718681324 1.3166666626930239 0.17962250113487246 -0.99940761923789967 0.051905291154980666 -0.33425341546535486 1.7749999761581423 0.20888340473175052 0.0058823532890528449 5.5000000000000009 3.842000007629395
decision_type=2 2 10 2 10 2 2 10 2 2 2 2 10 2 2 2 2 2 2 2 2 2 2 2 2 2 2 2 10 2 10 2 2 2 2 2 2 2 2 2 2 2 2 2 10 2 2 10 2 2 2 2 10 2 2 2 2 8 2 2 2 2
left_child=1 -1 4 6 5 -3 7 10 13 44 -2 -12 16 18 17 -13 -5 26 -7 20 22 -22 24 31 -17 -25 27 52 -29 -18 -11 45 -10 36 35 -35 -34 -38 39 40 -37 -40 -6 -44 -4 46 51 -48 49 -49 -47 -24 53 54 -8 -56 61 -55 59 -59 -61 -57
right_child=3 2 9 12 42 8 14 -9 32 30 11 15 -14 -15 -16 19 29 -19 -20 -21 21 -23 23 25 -26 -27 -28 28 -30 -31 -32 -33 33 34 -36 38 37 -39 41 -41 -42 -43 43 -45 -46 50 47 48 -50 -51 -52 -53 -54 57 55 56 -58 58 -60 60 -62 -63
leaf_value=0.153760681668178 0.17722569383948442 0.15782802273395677 -0.038383986993111623 0.17943166655848697 0.038407629372034999 0.21455480932690249 0.04285866409399184 0.20276668134213366 -0.018333611370560013 0.039857928450261836 0.15742673456145362 -0.047701527983652126 0.12584498044717321 0.21260686133321346 -0.0017030015054227802 0.18031972210614328 -0.042615665549359229 -0.0024961417433323144 -0.052336300664021645 -0.011043683942587645 -0.054571502991408539 0.26385716380157576 0.26701724686753325 0.019467119259046553 0.063576661131741388 0.17488038093354796 0.045470755233331162 -0.056171695276803879 0.2855119848721312 0.1349423624711264 0.18047648020367291 0.16662275971296769 -0.03820638802762763 -0.051564490021360043 -0.023338005783607584 0.73635719994424098 -0.019982497279955585 0.17824247816043093 -0.051741246847610611 0.20917201523865986 0.062436026852496697 0.2356000558466152 0.14893019090364187 0.42448520918826721 0.20412623999043089 -0.028002569161331904 0.0030272434180372582 0.63534805352751322 0.03347394941394901 0.20526288508792981 0.38070183165989124 0.044537770550559928 0.1714208298479496 0.1538475919044498 0.16012392483034144 -0.061388611186130274 0.15124024107609954 -0.0058340071391940317 0.15355443203650165 0.14006954021919624 0.080771500441941008 0.077536453557698587
leaf_weight=2520.8862419966608 1069.2134178904817 350.5990028725937 267.39970388729125 132.82207372039557 164.94667122978717 80.838381826877594 381.9414424393326 1065.6559931021184 4630.3855729401112 217.06587391532958 1338.4814417473972 216.76236803550273 675.83482562750578 236.07375144213438 181.71575842890888 903.3993388786912 687.81401514727622 171.10131795424968 193.71126911137253 332.64119847863913 64.899249140173197 484.66288397461176 142.66117744520307 219.33946912363172 512.86057563405484 724.39573877770454 342.94149917457253 173.73123562987894 43.281520029529929 140.83001844026148 1194.7652198811993 198.72704032249749 1189.0890631563962 95.844837669283152 456.62421945668757 45.619513733312488 274.15246161725372 248.01737643871456 85.901010330766439 149.63917770981789 13.163009854033588 130.95537244994193 277.47423549834639 71.737993755377829 66.255458313971758 803.20389947295189 1026.4037230443209 34.635039288550615 215.89616446103901 80.088733345270157 20.73528896830976 118.75020705070347 7675.5998908923939 6560.8700573500246 39501.19880568143 567.84304100740701 8735.1727992836386 338.55579586233944 2552.7009023837745 2229.3460134407505 2221.4618978891522 300.59820048511028
leaf_count=6845 4375 1698 9654 31 3764 150 1997 3277 228621 6067 2676 6681 4161 2129 2782 3495 19630 1743 9208 8796 2008 4545 975 6111 6117 8660 3017 4040 49 593 11440 1928 59595 4918 21838 454 12901 2375 4385 843 591 421 1381 632 170 29212 25138 43 4134 901 396 2466 5005 12156 80436 8200 22279 3510 3433 4057 11450 1632
internal_value=0.134462 0.0610228 0.0386305 0.145905 0.020216 0.0119382 0.147625 0.12156 0.00540581 0.130359 0.111388 0.101925 0.0602059 0.112406 0.151092 0.0897468 0.0140668 0.151479 0.0262471 0.0948109 0.101155 0.226253 0.0874077 0.0674027 0.138044 0.13876 0.151846 0.152358 0.0119745 -0.0124393 0.158857 0.0419049 -0.00205885 0.0259658 0.0782656 0.167294 -0.00391631 0.0741693 0.216618 0.315296 0.585448 0.121779 0.15192 0.205537 0.0097724 0.0317571 0.0569442 0.0359453 0.138139 0.335105 -0.0177171 0.165952 0.152787 0.150531 0.154607 0.155477 0.136361 0.13602 0.120089 0.102251 0.110473 -0.0133017
internal_weight=96149.9 12961.1 10440.3 83188.8 8694.77 8180.61 81551.5 9573.41 7830.02 1745.49 8507.76 7438.54 1637.3 510.623 71978.1 6100.06 961.466 71796.3 274.55 5883.3 5550.66 549.562 5001.1 3584.84 1416.26 943.735 71625.2 71282.3 217.013 828.644 1411.83 2641.1 7319.39 2689.01 977.747 521.123 1711.26 522.17 425.278 208.422 58.7825 216.856 514.159 349.212 333.655 2442.37 1618.44 1357.02 330.62 114.724 823.939 261.411 71065.3 63389.7 49486.8 49104.8 9603.61 13902.9 7342.06 4789.36 4450.81 868.441
internal_count=702215 390080 383235 312135 355904 350127 287720 121934 348429 27331 118657 114282 24415 11487 165786 111606 20254 163004 9358 104925 96129 6553 89576 79964 9612 14771 161261 158244 4089 20223 17507 65193 336942 108321 33450 11612 74871 15276 6694 1888 1045 4806 5777 2013 9824 63265 33657 30216 5078 944 29608 3441 154155 149150 114544 112547 32111 34606 22450 19017 15507 9832
is_linear=0
shrinkage=0.05


Tree=5
num_leaves=63
num_cat=0
split_feature=35 7 18 44 43 43 43 43 43 43 18 14 13 39 42 42 28 18 48 39 28 42 14 30 39 44 9 44 48 48 44 41 7 43 43 18 43 28 18 43 17 28 28 18 37 39 48 44 44 28 48 43 48 48 40 18 44 39 44 44 48 38
split_gain=24200.5 12532.5 7476.08 7611.88 3854.12 2762.11 2661.65 2429.83 2566.75 2448.3 3783.99 1887.55 1859.75 1824.79 1742.89 1562.8 1489.79 3160.87 2072.07 1480.98 1459.83 2914.57 1433.15 1614.32 1681.08 1610.67 1468.91 1400.55 3675.71 6174.63 4365.03 3570.7 2401.24 2594.38 2350.79 2294.84 2012.71 1946.42 1834.5 2643.84 1815.53 1800.12 1616.9 2373.15 1763.92 1519.83 1384.37 1328.15 1428.17 2274.71 2573.31 1810.09 1312.8 2463.65 1301.63 1278.97 1255.26 1537.53 1253.93 1357.66 1244.73 1226.68
threshold=0.35000000894069677 1.0000000180025095e-35 5.3541667461395273 -0.99761277437210072 -0.9599599540233611 -0.88218119740486134 0.91248813271522533 -0.85671821236610401 0.49812944233417517 0.54219430685043346 29.062500000000004 0.75000000000000011 16.562500000000004 0.71649998426437389 -0.22695468366146085 0.52778512239456188 0.053132651373744018 0.11250000074505807 -0.5037802755832671 0.17249999940395358 0.060723030939698226 0.29012925922870642 5.2500000000000009 0.19788690656423572 0.38899999856948858 0.8277757763862611 0.0082167778164150568 -0.52034142613410939 0.83896556496620189 0.43654257059097296 -0.76140165328979481 -0.41248606145381922 0.84999999403953563 -0.75579217076301564 -0.31799228489398951 8.7750000953674334 -0.63921129703521717 0.055752867832779891 1.0500000119209292 -0.33425341546535486 5.0625000000000009 0.017647059634327892 0.045542273670434959 4.1833331584930429 5.4795000553131112 0.17249999940395358 -0.51410380005836476 0.86004966497421276 0.54039287567138683 0.013725490774959328 -0.93347823619842518 -0.5276680290699004 0.96719524264335643 0.97319763898849498 3.842000007629395 0.55000001192092907 -0.15950992703437802 0.2519999966025353 0.82293498516082775 0.71952396631240856 -0.96681490540504444 2.5000000000000004
decision_type=2 2 10 2 2 2 2 2 2 2 10 10 10 2 2 2 2 10 2 2 2 2 10 2 2 2 10 2 2 2 2 2 2 2 2 10 2 2 10 2 8 2 2 10 2 2 2 2 2 2 2 2 2 2 2 8 2 2 2 2 2 2
left_child=1 2 3 16 56 12 22 14 46 10 -10 20 -4 19 -7 -11 18 -18 -1 -8 47 -22 23 25 -25 27 -27 28 29 31 37 34 33 41 36 -31 -2 -30 -35 -40 42 -33 -29 44 58 -45 -9 48 61 50 60 -52 -51 -54 -37 -26 -5 -58 59 -44 -50 -6
right_child=6 -3 5 4 11 7 13 8 9 15 -12 -13 -14 -15 -16 -17 17 -19 -20 -21 21 -23 -24 24 55 26 -28 40 30 35 -32 32 -34 38 -36 54 -38 -39 39 -41 -42 -43 43 45 -46 -47 -48 -49 49 52 51 -53 53 -55 -56 -57 57 -59 -60 -61 -62 -63
leaf_value=0.16730805182666394 0.10796528660161427 0.12885299185492882 -0.037546339365982978 0.16965477036217569 0.10045651089880876 0.43510793302412565 -0.058015014492674412 -0.053139647927476108 0.23776088653208857 0.177240211152869 0.74058687149222591 0.18149576204175541 0.33131627403066155 -0.058955620067763795 0.027971354836582221 -0.052276379777140475 0.95273431749094595 0.12498664104581621 -0.0559582649403935 0.1066269696389059 0.13429471590467953 -0.038446550057642186 0.15078811490872346 0.12827066834408668 0.12060875403018395 -0.042367013969876383 0.23580584964822529 0.14780149911957857 0.16060843788047363 -0.035939101183102062 -0.061152625964377184 0.15893242414861219 0.15340259227545616 0.01731115382640468 0.1511508986636742 0.0074465842344889569 -0.054757426811915366 0.020900258444492132 -0.060992301688640921 0.10837947697739632 0.062659398911888251 -0.060748232616733122 0.13752639185464666 0.10771879405510405 -0.060446405217880486 -0.05795001993475412 0.1051748301774655 -0.048322616262879335 -0.051754956695761273 -0.032653590057319583 -0.051304031228434355 0.12642007586131263 0.45960961693934294 -0.0058189476867337121 0.18419746521622007 0.066524636308073579 0.1400536621859842 -0.031548058525783802 0.29162742547257936 -0.059207849212194325 0.29962101123392565 -0.0199023796128424
leaf_weight=868.56266514863819 991.05544401425868 6194.9109421791509 338.23442277684808 435.79649078287184 223.30316025018692 114.73204696457833 150.22788402996957 164.13788735773414 213.61677026376128 429.8764138026163 45.360829247161746 143.23139556404203 38.011836042627692 228.8705667834729 34.098620773293078 89.63250770047307 17.903647881932557 32.41340290941298 118.04326339997351 1504.1535686319694 537.71455661021173 447.32756277360022 10444.378733894788 8057.386541952379 1930.4187607932836 225.90764079615474 60.078752260655165 27849.620778625831 9002.1362907672301 905.7946839723736 235.70177447609603 1106.8355778632686 1278.7596121486276 1680.3205875605345 7936.843579204753 188.16407714691013 235.11276009492576 256.40711516700685 263.15769884176552 1851.2748056482524 704.07108648680151 101.83101824298501 2462.9856229042634 252.79932721052319 116.68666711263359 306.01903084293008 869.99740189034492 1666.566510649398 29.212593976408243 877.9354064296931 255.83647030591965 325.60657692793757 40.760528984479606 94.005200524814427 233.31680251844227 2520.1308793071657 262.48030187468976 259.66618070285767 126.7738978182897 90.93208490498364 183.67377636861056 4072.8573901783675
leaf_count=1473 3417 28023 10634 2880 3104 221 2840 6575 907 5239 288 1886 104 4445 904 3649 79 537 3299 10613 12438 22779 6694 17038 7360 6109 64 44484 8983 11876 3516 1739 1760 18608 13342 2000 3479 3049 3972 8727 3801 1591 7489 767 2021 4222 16108 98270 1451 45118 13491 7415 374 3920 392 15727 3261 10074 256 1725 777 174792
internal_value=0.120416 0.0701615 0.0426806 0.025269 0.0117118 0.123813 0.132136 0.147617 0.13167 0.200246 0.325833 0.00145283 -0.000280467 0.0733702 0.341829 0.137641 0.15413 0.419513 0.140595 0.0916765 -0.00149273 0.0558494 0.133495 0.130951 0.114647 0.134439 0.0160703 0.13502 0.12647 0.112397 0.15133 0.121291 0.092256 0.0766284 0.141197 0.00890855 0.0767639 0.156739 0.0563088 0.0872998 0.142059 0.140424 0.14385 0.111065 0.129857 0.0169956 0.0800472 -0.00876251 0.00203996 0.0393339 0.102676 0.048221 -0.0103494 0.134952 0.10529 0.0899835 0.107005 0.0547152 0.138141 0.130522 0.251405 -0.0136464
internal_weight=102724 19425.5 13230.6 10892.9 9855.97 2337.7 83298.2 1961.45 1812.62 778.487 258.978 8898.03 376.246 1883.25 148.831 519.509 1036.92 50.3171 986.606 1654.38 8754.8 985.042 81414.9 70970.5 12507.9 58462.6 285.986 58176.6 26266.7 16772.5 9494.25 15445.2 6282.18 5003.42 9163.01 1327.28 1226.17 9258.54 3794.75 2114.43 31909.9 1208.67 31205.8 3356.2 2797.38 558.818 1034.14 7769.76 6103.19 1807.03 794.329 581.443 1012.7 134.766 421.481 4450.55 957.943 522.146 2680.69 2553.92 212.886 4296.16
internal_count=702176 480070 452047 407418 402030 44629 222106 33891 32766 10083 1195 385815 10738 17898 1125 8888 5388 616 4772 13453 383929 35217 204208 197514 40125 157389 6173 151216 86451 70903 15548 56635 36397 34637 20238 14268 6896 12032 31307 12699 64765 3330 60964 16480 11491 4989 22683 348712 250442 72546 23134 20906 49412 4294 2392 23087 16215 13335 9470 9214 2228 177896
is_linear=0
shrinkage=0.05


Tree=6
num_leaves=63
num_cat=27
split_feature=0 35 0 35 0 35 0 44 18 44 0 28 18 48 44 48 44 0 48 0 0 14 0 28 44 0 26 28 44 0 44 0 44 0 48 0 0 21 44 19 48 44 0 0 32 0 0 0 48 0 0 44 0 44 44 0 48 48 0 0 44 0
split_gain=25688.1 11249.7 14986.3 3923.14 2277.04 2288.77 3835.93 2328.14 2184.14 2101.99 2366.23 1971.26 1699.52 1556.3 1418.08 2961.54 1303.74 4189.1 1754.69 2209.82 1219.35 1199.07 1632.06 3044.64 2272.93 2163.48 1322.61 1288.03 1160.88 1133 1102.09 2223.83 1489.48 3570.48 1538.43 1385.6 1096.42 1004.58 970.99 2410.72 2040.34 1665.44 1578.31 1054.89 950.49 946.535 934.227 841.753 824.258 5023.14 1275.91 1341.18 3649.1 1301.01 2198.59 4012.52 2361.69 1085.37 2857.97 2077.11 1343.11 1978.96
threshold=0 1.0000000180025095e-35 1 5.3500001430511483 2 2.4500000476837163 3 0.99681594967842113 7.9500000476837167 0.88522326946258556 4 0.058037718757987029 38.062500000000007 -0.18719816207885739 0.03762133605778218 0.95334774255752575 -0.95242238044738758 5 0.94187366962432872 6 7 0.75000000000000011 8 0.044210137799382217 0.17435361444950107 9 0.032211136072874076 0.044210137799382217 -0.80417042970657338 10 -0.90892156958580006 11 -0.73865258693695057 12 0.81729549169540416 13 14 2.8541666269302373 0.8277757763862611 4.5000000000000009 0.99936240911483776 0.77652049064636242 15 16 0.086206898093223586 17 18 19 0.36915744841098791 20 21 0.22491560876369479 22 -0.73865258693695057 -0.94703993201255787 23 -0.79120641946792591 0.83186858892440807 24 25 -0.83375966548919667 26
decision_type=9 2 9 2 9 2 9 2 10 2 9 2 10 2 2 2 2 9 2 9 9 10 9 2 2 9 10 2 2 9 2 9 2 9 2 9 9 10 2 2 2 2 9 9 2 9 9 9 2 9 9 2 9 2 2 9 2 2 9 9 2 9
left_child=3 2 9 12 38 6 7 37 -4 21 -11 16 -1 -5 46 -16 17 -7 30 -20 -10 22 23 44 27 26 -25 28 47 -29 -18 -32 33 -33 -34 -36 -15 -6 39 41 -40 48 -43 -44 -2 -17 -8 -24 50 -50 -3 53 -53 54 56 -56 -52 58 -51 -59 61 -60
right_child=1 4 8 13 5 11 14 -9 20 10 -12 -13 -14 36 15 45 18 -19 19 -21 -22 -23 24 25 -26 -27 -28 29 -30 -31 31 32 34 -35 35 -37 -38 -39 40 -41 -42 42 43 -45 -46 -47 -48 -49 49 57 51 52 -54 -55 55 -57 -58 59 60 -61 -62 -63
leaf_value=-0.047340500119762471 0.13753690911217609 0.14233820087098317 -0.045537022706723683 -0.055177457103702525 -0.031970807417545564 0.12297046158714503 0.13127486683961162 0.52044847519076121 0.10875094731555766 0.14275067597747654 -0.05014565467693493 -0.060343402415038855 0.083341071258920402 0.12470489657311266 -0.013784249604440087 0.19681929567417086 0.14262821543206258 -0.062669210194278416 0.1145267128728038 -0.063986390946482077 -0.043773955986299989 0.17640926651878447 0.12352593109696436 -0.054007946614901749 -0.027847367736375098 -0.0517906871502136 0.22775024107874736 -0.0084664614259092642 -0.017518925547008572 0.15271888192663408 -0.023464607756875616 0.1382081010883032 0.12402643199734154 -0.063683413631859684 0.13101452439263275 -0.064305730857493568 -0.047205968519358162 0.11340072090186736 -0.053810856937758 -0.056992577910961108 0.21522235748737703 0.22809832215183043 0.14138693357294083 -0.055875842558873734 0.0054739657937396243 -0.043969687573941957 0.088475966536720282 -0.028950118025297001 -0.049653763930887919 -0.040292133801486968 -0.062999378644541748 0.12721461534816578 -0.060628113420274181 0.1311390986309407 0.11885208547898062 -0.062488869869130242 0.12937962424720811 -0.058415319844047735 0.13761502719188043 0.13390409535040773 0.1212403502928477 -0.062189092279524398
leaf_weight=3054.7557228216901 4432.8742422387004 14113.145215482451 2556.7829148536548 187.61023111734539 915.83491722960025 1091.0327156465501 2713.4739132653922 20.850213435478508 402.17839707620442 233.65564829204232 448.775036807172 156.98322930932045 270.85170816536993 735.59441681019962 690.29167568590492 291.68637757003307 5236.8172754645348 415.45785947702825 412.44998227804899 287.13068258669227 188.8570671370253 603.65944292675704 469.12298314459622 57.670657362788916 487.83374520298094 409.0844347961247 149.93587530776858 132.29505128599703 372.76518078986555 860.95663366373628 282.60697177052498 521.2423482555896 17720.546874072403 366.90322326496243 146.7885390277952 206.71844359301031 105.37023779843003 136.56190594099462 205.89907255303115 178.28855718765408 107.14886301103979 759.43724976293743 246.95953661203384 89.687652845866978 140.56698993220925 49.675511930137873 2895.0954314572737 113.35226737335324 444.48710448946804 328.93419619835913 166.54658951424062 854.60680993273854 364.68316901102662 19759.5916564418 735.80967084690928 509.65888923965394 3787.6652222499251 142.11768903583288 224.76617344468832 9281.8235017443076 4292.723038347438 254.85371121019125
leaf_count=181130 19749 21101 152451 6390 26936 1319 15874 158 3512 1972 24733 1967 3961 1719 17007 257 2762 3852 354 2564 7871 1150 1365 2174 20583 16031 597 4871 8526 7371 4396 634 19018 3088 74 1555 5494 482 5687 3565 78 491 139 1174 2582 1744 20836 2060 6104 3547 1685 976 4671 18207 1524 5139 4030 1540 307 11784 7022 2236
internal_value=0.108787 0.113787 0.0684097 -0.010279 0.119787 0.109389 0.0854157 -0.00271619 -0.0254316 0.101468 0.0172566 0.116318 -0.0366972 0.0750371 0.0995145 0.0457892 0.117357 0.0721753 0.12006 0.0419816 0.0611131 0.108574 0.103205 0.119186 0.0683901 0.0151268 0.142612 0.0928356 0.0513825 0.132702 0.122291 0.116757 0.118797 0.0556435 0.121966 0.0186852 0.104087 -0.013107 0.126067 0.126575 0.0382728 0.127156 0.188186 0.0887375 0.133478 0.166257 0.109574 0.0954771 0.125945 0.115927 0.129667 0.122735 0.071578 0.125283 0.10303 0.045098 0.121277 0.120945 0.102451 0.131084 0.112139 0.0330185
internal_weight=107822 103467 12060.4 4354.18 91407 34558.1 7713.47 1073.25 3147.82 8912.55 682.431 26844.7 3325.61 1028.57 6640.22 1031.65 26687.7 1506.49 25181.2 699.581 591.035 8230.12 7626.46 5190.13 2436.33 616.691 207.607 1948.49 955.24 993.252 24481.6 19244.8 18962.2 888.146 18074.1 353.507 840.965 1052.4 56848.8 56535.8 313.048 56357.5 1096.08 336.647 4573.44 341.362 5608.57 582.475 55261.4 14969.7 40291.7 26178.6 1219.29 24959.3 5199.68 1245.47 3954.21 14525.2 5101.28 9423.94 4772.34 479.62
internal_count=702176 503482 277598 198694 225884 124877 83294 27576 163834 113764 26705 41583 185091 13603 55718 19008 39616 5171 34445 2918 11383 87059 85909 41133 44776 18802 2771 24193 11951 12242 31527 28765 24369 3722 20647 1629 7213 27418 101007 95242 5765 91677 1804 1313 22331 2001 36710 3425 89873 32540 57333 36232 5647 30585 12378 6663 5715 26436 13112 13324 9565 2543
cat_boundaries=0 4 8 12 16 18 21 23 27 31 34 36 39 43 46 50 54 57 60 63 66 69 72 75 78 82 86 89
cat_threshold=136325196 3089140641 2148237996 208 1736594097 92864516 806367552 6 1879605937 64226308 1925450048 263 2216051714 1074397184 1048576 544 67108864 524288 12648450 16408 20480 16908544 8192 269025280 4202506 142608384 265 1149390848 8454144 1057088 6 1073741824 0 1048576 553648688 524288 68157442 67125312 8192 256 0 67129344 32 0 0 16384 134217728 2048 640 144 536870928 0 0 263 524288 0 268435456 65536 0 67117056 50336000 20544 136331281 553648272 4 4096 32768 46138368 262144 33280 55837696 570689600 0 0 281018368 536871040 4 268435456 528 18087936 1073743872 256 32 0 0 3 128 0 8388608
is_linear=0
shrinkage=0.05


Tree=7
num_leaves=63
num_cat=20
split_feature=0 35 0 0 18 43 44 0 43 0 0 44 0 44 0 0 44 41 0 43 0 0 18 42 0 44 31 23 41 10 20 44 0 44 0 18 44 42 35 34 41 43 0 0 43 43 43 7 7 43 43 43 32 0 26 31 19 31 0 35 0 44
split_gain=21577 11125.7 15988.7 3368.74 2664.87 1983.7 1965.25 2975.45 2066.35 2521.71 1937.9 2037.12 4540.73 1896.03 5559.35 1656.11 1649.99 1597.98 2867.22 1197.48 5805.47 1568.76 1380.19 1218.94 3539.35 1331.91 1174.42 1025.55 994.913 1083.79 978.573 977.266 3162.59 2271.83 4649.03 1478.52 962.861 945.539 919.113 842.578 937.492 810.677 1183.47 786.496 804.687 1170.66 986.99 760.429 709.047 1266.22 708.924 695.974 651.322 627.785 1029.03 613.418 930.306 612.907 1040.86 1939.43 691.427 595.549
threshold=0 0.35000000894069677 1 2 3.3541666269302373 0.9937499761581422 0.88522326946258556 3 0.95502296090126049 4 5 0.25829915702342993 6 -0.95242238044738758 7 8 -0.97507822513580311 0.77259656786918651 9 -0.39826117455959315 10 11 0.14583333581686023 0.29012925922870642 12 -0.31800055503845209 0.05172413773834706 0.052830941975116737 0.2269546836614609 18.708333015441898 7.8541667461395273 -0.90892156958580006 13 -0.73865258693695057 14 0.77500000596046459 -0.67801648378372181 -0.97335553169250477 8.0500001907348651 1.0000000180025095e-35 -0.22695468366146085 0.9159645438194276 15 16 0.91248813271522533 0.90892735123634349 0.8431384563446046 21.69999980926514 1.0000000180025095e-35 -0.61237984895706166 1.0000000180025095e-35 0.52766072750091564 0.12068965658545495 17 0.0021443899022415285 1.0000000180025095e-35 1.5000000000000002 1.0000000180025095e-35 18 3.8500000238418584 19 -0.63919836282730091
decision_type=9 2 9 9 10 2 2 9 2 9 9 2 9 2 9 9 2 2 9 2 9 9 10 2 9 2 2 10 2 2 10 2 9 2 9 10 2 2 2 2 2 2 9 9 2 2 2 2 2 2 2 2 2 9 10 2 2 2 9 2 9 2
left_child=-1 2 6 4 39 10 8 37 15 -10 -3 13 38 14 16 -2 -12 31 52 20 28 22 47 43 25 -25 -6 -22 36 -30 -5 -15 -33 34 35 -34 -17 -8 48 -4 -41 57 -43 44 45 46 55 -21 49 -13 -24 -37 -19 54 -28 56 -23 58 59 -35 61 -59
right_child=1 5 3 30 26 -7 7 -9 9 -11 11 12 -14 17 -16 19 -18 18 -20 21 27 23 50 24 -26 -27 53 -29 29 -31 -32 32 33 41 -36 51 -38 -39 -40 40 -42 42 -44 -45 -46 -47 -48 -49 -50 -51 -52 -53 -54 -55 -56 -57 -58 60 -60 -61 -62 -63
leaf_value=-0.050743992455872244 -0.033239297828320878 0.11650093078590727 -0.032857260461346613 -0.048992871417695739 0.0080857900472623891 -0.05813143896702308 0.42961376246002364 -0.050283454848675746 0.16924574582833485 -0.052205138947149725 0.12072981951028616 0.11414784845726184 -0.05726533347712847 0.1276600363526301 -0.059372327710003316 0.0038590386498995838 -0.066355789574814486 0.099108761498057182 -0.054635502666889095 -0.034693581045333363 -0.032454583416533678 0.40462651511679459 -0.061105933574466899 0.13979641004576276 -0.04947435369854053 -0.054800071755811822 -0.053287111653305755 0.10406899966962589 0.11997821536603784 0.0050825785783381204 0.11646455570576951 -0.055004995101437554 -0.06235519306314008 0.27565390303338216 -0.052425928339677567 0.12224752102811637 0.1437647402734758 0.12272695766893021 -0.05787300688407393 0.14308388047947565 -0.054101607787763843 0.1298477474815681 -0.056551401445405047 0.12401223183244646 -0.05317272442310729 0.37829628530892534 -0.054574422241396706 0.13031952925738707 0.18697948494212796 -0.05008855421032829 0.11511007112426491 0.23302686008512832 -0.064728527985336348 0.11282983349580185 0.35268287573569701 0.16148499401268201 0.18223958146402622 0.12352424229460604 0.11616022327135155 0.12705464258320401 0.11152515934106051 0.044503381744993797
leaf_weight=2336.8155328761786 217.87058003153652 54338.783270226792 867.87338281795382 2846.4601715132594 216.01499584876001 174.89088191837072 27.846636451780796 531.67529737949371 168.75302525330335 448.27430622838438 1714.2347184941173 1002.4029017686844 641.19271953776479 6548.0638455161825 681.0722743878141 130.11041280906647 126.55327895469964 1752.6566533483565 397.64296021405607 370.31650304794312 966.31932822801173 68.357860529795289 61.23583815805614 1366.0722687747329 353.6322526736185 93.981259173713624 18.988226993940771 160.38767201639712 502.42831861972809 347.00048732478172 92.260084354318678 300.77327441237867 89.858163047581911 338.55144555959851 646.09453551098704 511.48870872240514 2243.8708418356255 254.4109297581017 84.586292285472155 162.62585640791804 95.778424954973161 152.92927371058613 171.11176427360624 3270.3691515158862 39.308004528284073 68.401113835163414 48.690992334857583 86.038170009851456 256.39342297147959 132.91888214088976 840.06391606666148 196.15172595717013 62.83586648106575 514.7191671077162 87.713416420854628 1361.3421627357602 150.70486628916115 344.44682065863162 3943.1928896354511 624.79767441004515 14347.220796951093 774.73221495654434
leaf_count=148954 6566 71199 46104 162901 4210 3288 149 30104 542 16472 2766 1499 13835 5526 10562 1214 1126 5369 7567 9318 26852 365 861 6439 10634 3759 626 759 213 5698 320 7313 1007 652 8405 635 6735 2001 391 1841 2512 175 2875 12284 1301 64 1432 23 280 1854 3100 240 717 2416 632 7193 676 647 3591 503 21207 3677
internal_value=0.0995587 0.102763 0.0680796 -0.00982527 0.0407583 0.110099 0.0949583 0.0195951 0.0996196 0.0102571 0.110425 0.101153 0.0536099 0.104168 0.0624662 0.103945 0.107285 0.107538 0.0665863 0.106273 0.0851622 0.117631 0.0667733 0.127469 0.0925361 0.126405 0.108514 -0.0129058 0.119111 0.0730422 -0.0436499 0.110665 0.105706 0.107865 0.0472691 0.127101 0.136097 0.147768 0.101466 -0.00925932 0.0699964 0.112144 0.0336805 0.140377 0.169503 0.175658 0.16715 -0.00358307 0.11188 0.0949197 0.103138 0.152955 0.0929264 0.143425 0.256408 0.173981 0.251635 0.113392 0.128789 0.177435 0.108507 0.0682139
internal_weight=111772 109435 19079.9 4902.43 1963.71 90355.6 14177.5 813.933 13363.5 617.027 90180.7 35841.9 2117.49 33724.4 2521.86 12746.5 1840.79 31202.5 2213.14 12528.6 4350.12 8178.51 1357.65 6820.86 1813.69 1460.05 837.436 1126.71 3223.41 849.429 2938.72 28989.4 22441.3 22140.6 1443.59 797.499 2373.98 282.258 1476.3 1126.28 258.404 20697 324.041 5007.17 1736.81 1697.5 1629.1 456.355 1391.72 1135.32 901.3 707.64 1815.49 621.421 106.702 1580.4 219.063 20372.9 4906.54 963.349 15466.4 1119.18
internal_count=702176 553222 376316 221562 58341 176906 154754 32254 122500 17014 173618 102419 17859 84560 14454 105486 3892 70106 13653 98920 41471 57449 13302 44147 20832 10198 7884 27611 13860 5911 163221 56453 50927 43614 10287 1882 7949 2150 4024 50457 4353 33327 3050 23315 11031 9730 9666 9341 3633 3353 3961 875 6086 3674 1258 8234 1041 30277 4746 1155 25531 4324
cat_boundaries=0 4 8 12 14 16 20 24 27 29 33 37 41 45 49 53 56 59 63 66 70
cat_threshold=2107460 3089138593 753708 64 1736594065 76087300 948976960 262 273219616 16785416 2359296 9 67108864 524288 0 67108864 1644724915 64291844 1925447744 263 289603584 8208 67117056 8 281088256 16408 20736 0 67633152 432215296 67117066 2149597440 544 100663424 0 813703232 6 100663424 0 268443712 2 1073877008 4 8396032 4 202375168 16384 8192 144 4352 0 67131392 32 0 67108864 16384 545276417 8454148 536877056 524288 8 2097152 1 2164277248 1073745984 1050642 16384 67108880 16642 32
is_linear=0
shrinkage=0.05


Tree=8
num_leaves=63
num_cat=22
split_feature=0 35 0 0 43 7 14 0 43 43 0 23 41 0 48 0 0 28 28 0 43 0 30 28 0 0 28 9 0 9 42 48 24 30 0 28 20 43 27 28 48 43 0 43 0 48 0 0 20 26 28 0 0 48 0 28 28 0 26 32 48 32
split_gain=18458.4 9418.45 13619.3 2950.36 1697.34 1666.12 2159.7 2389.13 2456.99 2442.21 1573.77 1504.31 1304.05 3287.27 1301.8 1286.32 1158.02 1111.7 1141.69 4344.49 2303.52 1985.96 984.331 1162.06 2089.76 1198.17 1209.07 983.533 928.922 959.896 926.126 1198.95 1125.4 1339.41 1009.54 922.454 893.31 879.512 841.204 828.663 1076.66 822.744 1701.04 1292.79 3131.51 2114.41 923.7 783.645 758.072 756.949 750.052 1342.5 712.113 698.513 1055.75 695.433 686.146 3358.85 685.944 657.096 639.258 785.227
threshold=0 0.35000000894069677 1 2 0.9937499761581422 0.15000000223517421 0.75000000000000011 3 0.93845596909523021 0.90892735123634349 4 0.099382717162370696 0.77259656786918651 5 -0.73532554507255543 6 7 0.058037718757987029 0.033333335071802146 8 0.70900115370750438 9 0.083090186119079604 0.013725490774959328 10 11 0.049337463453412063 0.0082167778164150568 12 0.094505432993173613 -0.35206145048141474 0.43654257059097296 -0.024980158545076844 0.069298028945922865 13 0.058037718757987029 7.8541667461395273 0.07411635667085649 0.058037718757987029 0.021568628028035167 0.33554300665855413 0.30983042716979986 14 -0.81923159956932057 15 0.86428347229957592 16 17 -0.11250000074505805 -0.086983770132064805 0.017647059634327892 18 19 0.85203769803047191 20 0.050299357622861869 0.0058823532890528449 21 0.010994039475917818 0.12068965658545495 -0.49366806447505945 1.0000000180025095e-35
decision_type=9 2 9 9 2 2 10 9 2 2 9 10 2 9 2 9 9 2 2 9 2 9 2 2 9 9 2 10 9 10 2 2 10 2 9 2 10 2 2 2 2 2 9 2 9 2 9 9 10 8 2 9 9 2 9 2 2 9 10 2 2 2
left_child=-1 2 5 11 10 6 7 39 9 16 56 30 17 14 -14 -11 -9 18 19 38 21 -20 23 24 -18 26 -25 -19 29 35 31 32 33 -4 -34 -7 -5 -28 58 -2 -41 42 -21 45 -45 48 -43 -42 -44 -32 -16 -52 53 54 -23 -39 57 -3 -12 -24 -56 -62
right_child=1 4 3 36 -6 28 -8 8 -10 15 12 -13 13 -15 50 -17 22 27 20 41 -22 52 59 25 -26 -27 37 -29 -30 -31 49 -33 34 -35 -36 -37 -38 55 -40 40 47 46 43 44 -46 -47 -48 -49 -50 -51 51 -53 -54 -55 60 -57 -58 -59 -60 -61 61 -63
leaf_value=-0.050688209280889011 -0.037255317675094456 0.1002340888382475 0.91051448961681758 -0.048804609292133684 -0.057733628659196137 -0.065703699049544817 0.16792090530930637 -0.049470058431410675 -0.052176011084436903 0.20776373988849459 0.00859896808702168 0.16692710637174663 -0.035071382393113339 -0.054308385211666102 0.1208170233497127 -0.044836953045246375 0.14602257320265802 -0.047323163341240017 -0.055363897915403693 -0.05833719139007585 -0.036628566820961439 -0.061727111747337193 0.097919060924317347 -0.036888226180485553 -0.049945401787118864 -0.03603706718060605 0.20739838899292004 0.13468663497064334 0.11474304520459307 0.1073125808405565 0.12793308727663119 -0.0530667904430729 0.1268133834065748 0.08825608799130065 -0.047637191466167982 0.10387095429797116 0.10676629237059904 0.2842282004185292 -0.052272347702612826 -0.02884929413881553 0.1079685735940682 -0.032227132870005192 0.0075906832055511412 0.090791348721461579 -0.059059987832875964 -0.068250264910235656 0.12068955448987105 -0.04698287221515729 0.10746292473187512 -0.020324653108693243 0.094155573166742862 -0.059754809667242476 0.11121821994285164 0.10910625689992388 0.093581503518451237 0.00679795493793305 0.10832193699297366 -0.064002296676062345 0.2179496766182093 -0.027013463653563614 0.18968976897539902 -0.057709674981314477
leaf_weight=2225.2432195926085 585.61204961687326 3984.002191061154 9.3445414649322647 2717.8204044224694 167.47866499982774 229.91708980407566 561.15007494203746 174.49427642021328 337.83987758960575 513.93299831915647 144.04643847607076 199.93790510110557 202.31752718426287 509.04204005002975 1310.0864995094016 58.695876733399928 541.20659706555307 246.2185417143628 187.15880061499774 199.69361218996346 286.4716640682891 168.50779245793819 3814.4803541144356 173.3001366071403 179.3989823423326 536.86034941393882 167.09354550857097 106.25360143557191 5193.4326427038759 389.00706334412098 94.571525990962982 154.85925507824868 378.69044315814972 10.537587933242319 103.99076780118048 123.15620857663453 95.518346562050283 26.516322197392583 651.45205052662641 357.67741402052343 462.12165123131126 104.51205167826265 196.39405332319438 1275.7796795824543 472.56846000812948 183.11238094512373 2850.738040712662 96.707146897912025 5838.8570427494124 960.40495043434203 592.04073786735535 180.16708322428167 17390.49149434641 1023.1505144964904 758.47006558533758 152.49374407995492 53588.679436808452 334.29704270884395 53.718983920291066 108.23540786840022 40.271255221217871 157.5447554262355
leaf_count=148954 15143 3934 125 162901 3288 3134 1819 7793 13924 959 1912 822 2390 10867 2981 2138 4299 4327 4552 3308 4536 1666 35568 5660 7540 20212 1161 124 5501 514 138 6637 5401 314 5321 508 320 429 9514 12495 4425 1504 895 2852 5906 1647 4397 4184 7615 39658 1976 2347 24556 971 1330 3930 62341 3351 199 3343 34 1586
internal_value=0.0918666 0.0946771 0.0630938 -0.0108556 0.101298 0.0866814 0.0729918 0.0665634 0.0791464 0.0861511 0.101584 0.0369526 0.0929986 0.0602505 0.0856386 0.184717 0.0765425 0.0958567 0.0968299 0.0846156 0.104136 0.106181 0.0803463 0.0496138 0.0985685 0.0162159 0.0695793 0.00754414 0.107234 0.0524296 0.0219927 0.068573 0.106055 0.474715 0.0908694 -0.00655402 -0.0433685 0.1249 -0.0245645 0.0091428 0.0388892 0.0928909 0.0847935 0.0883436 0.0504689 0.0991344 0.115581 0.082245 0.104213 -0.00703435 0.0977781 0.0586916 0.107701 0.0788432 0.0520159 0.047893 0.106758 0.0876038 0.0654649 0.0944719 0.0719517 -0.00734426
internal_weight=114938 112713 19509 4725.68 93203.5 14783.3 8847.82 8286.67 6784.55 6446.71 93036 1912.34 35129.1 2793.65 2284.61 572.629 5874.08 32335.4 31982.9 11970.9 20012.1 19725.6 5699.59 1776.87 720.606 1056.26 519.404 352.472 5935.51 742.08 1712.4 657.423 502.563 19.8821 482.681 353.073 2813.34 346.104 849.217 1502.12 916.506 11121.7 8166.41 7966.71 1748.35 6218.36 2955.25 558.829 6035.25 1054.98 2082.29 772.208 19538.4 2147.94 1124.79 179.01 57907 4318.3 197.765 3922.72 956.286 197.816
internal_count=702176 553222 376316 221637 176906 154679 145022 143203 106956 93032 173618 58416 103992 20561 9694 3097 89935 83431 78980 39749 39231 34695 82142 43231 11839 31392 11180 4451 9657 4156 57594 17798 11161 439 10722 3642 163221 5520 11625 36247 21104 28124 22223 18915 8758 10157 5901 8609 8510 39796 7304 4323 30143 5587 4616 4359 69626 7285 2111 38911 2950 1620
cat_boundaries=0 4 8 12 16 20 24 27 30 34 37 41 45 49 53 57 60 63 67 71 75 78 82
cat_threshold=2107460 3089138593 753708 64 1736659601 76021764 948976960 262 273154080 16850952 2359296 9 595656832 67108864 0 4 1913553569 64291844 1925185600 263 163648786 67133466 2149597440 544 4609 0 403701824 0 0 135266304 2215657474 1073741888 70254594 176 0 67127296 2147492480 67256320 0 268443968 2 1073742353 8912896 536870912 256 1073746433 524292 947915776 258 524288 16842752 262144 9 134217728 67108880 1 512 12652800 24576 24576 272 657408 6784 536871040 67108864 0 4 134283536 67133448 2147483648 32 142611712 0 134234112 512 8389632 0 16384 1610744449 58720256 813695040 6
is_linear=0
shrinkage=0.05


Tree=9
num_leaves=63
num_cat=28
split_feature=0 35 0 0 44 18 0 44 27 44 9 0 20 0 48 48 0 18 20 0 20 11 0 0 35 48 44 0 48 0 0 45 48 0 18 0 0 0 0 29 0 18 44 48 48 0 0 44 0 44 0 48 0 48 0 48 35 0 48 0 0 47
split_gain=15982.9 8181.16 11428.2 3107.87 2696 2351.1 2291.65 2134.55 1617.67 1726.33 1337.96 1320.05 1312.41 1169.69 1271.01 2391.2 2049 1105.98 1025.85 1665.39 1006.99 1063.76 1576.08 908.113 1042.01 890.721 830.55 1288.07 826.814 1996.04 1994.84 1188.5 1286.08 1242.15 1114.15 1756.52 1583.36 892.075 812.09 796.119 726.919 702.051 783.498 623.789 618.83 2942.7 2507.29 1696.47 2626.05 1285.16 3694.46 2107.87 1834.98 1070.22 847.711 980.391 734.522 770.622 588.834 2145.14 1378.35 677.905
threshold=0 0.75000000000000011 1 2 -0.9852197766304015 7.0499999523162851 3 0.88522326946258556 0.058037718757987029 -0.21022038161754605 0.26969629526138311 4 2.8541666269302373 5 -0.9911440610885619 -0.97283557057380665 6 8.0500001907348651 -1.0000000180025095e-35 7 0.22500000149011615 166.54166412353518 8 9 4.2500000000000009 -0.97819527983665455 0.68901559710502636 10 -0.51410380005836476 11 12 1.0000000180025095e-35 -0.743566334247589 13 6.8541667461395273 14 15 16 17 1.788685739040375 18 1.2749999761581423 0.22491560876369479 0.99807518720626842 0.85203769803047191 19 20 -0.86112883687019337 21 -0.73865258693695057 22 -0.23563831299543378 23 -0.82067531347274769 24 -0.68314909934997547 5.5499999523162851 25 0.89423519372940075 26 27 0.8112589716911317
decision_type=9 2 9 9 2 10 9 2 2 2 10 9 10 9 2 2 9 10 10 9 10 2 9 9 2 2 2 9 2 9 9 2 2 9 10 9 9 9 9 2 9 10 2 2 2 9 9 2 9 2 9 2 9 2 9 2 2 9 2 9 9 2
left_child=-1 2 12 7 11 6 8 20 -6 -10 -9 -5 -2 -3 23 -16 -17 -7 19 -18 21 22 -4 24 -15 40 43 -28 29 31 -30 32 33 -27 36 -36 -32 -34 -19 -31 -23 42 -41 44 45 -20 -46 56 -49 50 51 53 -53 -47 55 -51 57 -48 60 -60 -38 -62
right_child=1 13 3 4 5 17 -8 10 9 -11 -12 -13 -14 14 15 16 18 38 26 -21 -22 25 -24 -25 -26 28 27 -29 30 39 34 -33 37 -35 35 -37 58 -39 -40 41 -42 -43 -44 -45 46 49 47 48 -50 54 -52 52 -54 -55 -56 -57 -58 -59 59 -61 61 -63
leaf_value=-0.050634001215854513 -0.045785869227184167 0.099843731359066087 -0.007931134583241321 0.13286363790349381 -0.044084660352148863 0.19329771661463779 -0.050000308130240236 -0.043017822768190092 -0.03534799335519119 0.085328546228833596 0.1357203551657413 -0.043339900220287608 0.11696390686212653 0.24070245557994685 -0.059492875008389373 -0.055732134580800799 0.072584077060564842 0.088202207844675848 -0.060821457393011202 -0.052455298863531508 0.12644812779486045 0.090521878314960655 0.11084951653184644 0.10262480970029833 0.11487789850141068 0.15664655222725993 0.096905818176368216 -0.058098223279959262 -0.016104860028755632 -0.042124331220677519 -0.01407155302316359 0.096620764923704638 0.26149583896530898 -0.049723416694354566 -0.019046465128723565 0.13174174463792107 0.085314811747370198 0.085627587807258945 -0.0028761244633755748 0.10438176093820531 -0.053999821028918239 -0.050013588942337872 -0.05413639722920828 -0.026972254585073782 -0.062374722275965383 -0.015374662584667603 0.21006234507824917 0.10422616008011382 -0.053861966656508997 -0.068050016866961313 -0.057628869507630257 0.090211210681378606 -0.061474528722293656 0.10699340981411438 0.098155923887807819 0.070410803410476092 0.1100405484405832 0.11953501044690457 0.13926943085727725 -0.054961972187999031 -0.035147148182893655 0.071060244968849093
leaf_weight=2118.9364540455863 2428.3774091284722 53050.364794102497 304.72735982574522 961.8530503846705 499.08436113316566 189.51547254808247 1229.3953965529799 496.39120252523571 382.0086054559797 1321.7844912959263 132.68737418949604 119.83868574537337 130.52928652707487 301.80607680790126 285.39172126166523 250.88600894063711 1437.4485771404579 894.24106707796454 330.82509601674974 321.06784598995 1582.2319370880723 125.59516548924148 4554.9827450271696 3481.1767338849604 361.79084176011384 235.668063884601 282.72718978486955 239.15858189109713 644.50748755317181 227.48458218201995 577.69973521493375 1290.8162901233882 377.49583642743528 102.39299549441785 227.78619367908686 1423.9194951001555 1775.6087883645669 130.45432021468878 343.87869160063565 588.29545251280069 232.85833911970258 115.42994887568057 89.857015926390886 113.07308718096465 219.90157985780388 189.96871393546462 431.95534957014024 804.65102776512504 382.67591796442866 142.99901509471238 537.5151395490393 357.99061353690922 425.41564685944468 3007.0591406412423 16085.59845470544 1206.4438512474298 4746.8328558942303 843.41195806115866 846.94435479398817 169.17569218575954 444.00992122665048 227.08681777119637
leaf_count=148954 145754 56341 2202 2974 22242 942 59723 25609 11719 21038 76 3279 773 241 2772 4825 3233 5607 6418 3167 2082 561 3853 3482 185 679 332 3988 13748 6104 16816 5664 993 3176 2384 3970 13110 1260 6144 2501 5950 1824 2694 1197 2760 1229 401 1172 3766 1327 7596 634 3747 3065 22904 3527 1331 952 2972 3601 8597 2009
internal_value=0.0853787 0.0878758 0.0628433 0.0740386 0.0427076 0.0268898 0.00446077 0.0850064 0.0349232 0.0582716 -0.00531776 0.11417 -0.0373381 0.0949699 0.0878905 0.0846028 0.0858737 0.0808128 0.0869705 0.049869 0.0885456 0.0844695 0.103613 0.113996 0.169548 0.0750275 0.0891489 0.0266175 0.0779485 0.0988496 0.0675325 0.126219 0.17287 0.0973034 0.0768956 0.111629 0.0628875 0.223162 0.063595 0.0399461 -0.00234334 0.0639754 0.0833777 0.0902431 0.0906892 0.0865227 0.103186 0.108172 0.0536985 0.0887304 0.0650056 0.0815061 0.00820763 0.0997222 0.0949292 0.0553283 0.119092 0.15278 0.075549 0.107761 0.06248 0.000779863
internal_weight=117382 115263 25424.6 22865.7 5941.6 4859.91 3432.27 16924.1 2202.88 1703.79 629.079 1081.69 2558.91 89838.1 36787.8 32643 32357.6 1427.64 32106.7 1758.52 16295 14712.8 4859.71 4144.77 663.597 9853.09 30348.2 521.886 9494.63 3157.89 6336.74 2136.83 846.011 338.061 5692.23 1651.71 4040.53 507.95 1238.12 1021.07 358.454 793.582 678.152 29826.3 29713.2 22283.8 7429.43 7209.53 1187.33 21953 4517.95 3980.43 783.406 3197.03 17435 1349.44 6022.2 1275.37 3462.83 1016.12 2446.71 671.097
internal_count=702176 553222 412630 266103 133668 127415 114722 132435 54999 32757 25685 6253 146527 140592 84251 80343 77571 12693 72746 6400 106750 104668 6055 3908 426 98613 66346 4320 92102 24895 67207 11772 6108 3855 53459 6354 47105 2253 11751 13123 6511 7019 5195 62026 60829 50447 10382 7622 4938 44029 16271 8675 4381 4294 27758 4854 2684 1353 30289 6573 23716 10606
cat_boundaries=0 4 8 12 16 19 23 26 30 34 37 39 42 45 48 51 55 57 61 62 66 70 73 77 78 81 85 89 92
cat_threshold=2107460 3089138593 753708 64 2283045898 1112954962 117457554 688 654971521 92340228 939538752 6 81968 532480 9699328 265 1354826032 0 1082131456 1879998643 64291848 851705920 263 2147483648 4160 8192 38864384 67772422 1142964240 184 536875520 16777220 402653184 4 2147483648 4160 18432 66048 8192 67113601 25165828 134223936 83886081 16777216 134217728 67108864 0 134217728 536871552 8454144 8512 33685504 67108868 6144 2 4609 25165824 268501008 533512 2162163712 8 640 67108864 67125248 256 144 168902656 1073743872 2147484289 520 16777984 67108864 67125504 198246912 663558 201332752 40 167772672 143655168 0 67127296 67109120 8192 1075844098 32 536875008 8388608 268443648 4 524928 65536 536871232
is_linear=0
shrinkage=0.05


Tree=10
num_leaves=63
num_cat=20
split_feature=0 35 0 43 0 23 0 44 8 10 18 0 0 35 0 27 43 42 0 0 43 48 43 44 42 48 0 41 0 44 43 0 35 0 44 16 26 0 44 44 0 44 0 44 30 48 48 44 0 43 0 43 34 44 41 18 8 0 44 0 48 18
split_gain=14018.9 7360.66 9739.56 1934.39 4235.59 1606.34 1612.75 3377.83 1312.32 1302.27 1509.64 2224.54 1674.17 1292.99 2904.35 1258.38 842.595 875.277 1731.9 1122.89 967.254 909.989 914.175 892.038 887.821 839.291 848.254 831.754 1370.57 2089.25 1319.08 1752.03 960.52 1114.14 916.14 827.206 791.932 743.132 658.385 644.609 1673.38 689.331 626.469 913.528 680.941 808.433 589.189 579.6 1668.18 735.276 2429.88 1389.47 548.979 547.76 544.493 535.149 511.841 496.858 495.954 1192.99 494.47 482.417
threshold=0 1.0000000180025095e-35 1 0.94978111982345592 2 0.3174444735050202 3 0.14037931710481646 0.19583333283662799 39.625000000000007 7.3875000476837167 4 5 2.2500000000000004 6 0.22436012327671054 -0.98046803474426258 -0.097964655607938753 7 8 -0.50556187331676472 -0.51410380005836476 0.9159645438194276 -0.33426210284233088 0.2269546836614609 0.9374808967113496 9 -0.22695468366146085 10 -0.91595870256423939 0.70900115370750438 11 2.7500000000000004 12 -0.42958799004554743 4.2500000000000009 -0.046924654394388192 13 -0.99983122944831837 -0.91595870256423939 14 0.15738975256681445 15 0.54039287567138683 0.17462912201881411 -0.92896968126296986 -0.36721384525299067 -0.95242238044738758 16 -0.33425341546535486 17 -0.68430826067924488 4.8500001430511483 -0.99983122944831837 0.47114434838294988 36.549999237060554 13.729166507720949 18 0.78192543983459484 19 0.95706152915954601 0.85416665673255932
decision_type=9 2 9 2 9 10 9 2 10 2 10 9 9 2 9 2 2 2 9 9 2 2 2 2 2 2 9 2 9 2 2 9 2 9 2 10 10 9 2 2 9 2 9 2 2 2 2 2 9 2 9 2 2 2 2 10 10 9 2 9 2 10
left_child=-1 2 9 5 -5 6 7 13 -9 -2 11 35 46 14 60 -4 -13 18 -18 20 54 22 38 -24 -21 47 -27 30 29 56 42 -32 33 34 -31 53 37 -30 -22 -20 41 -41 43 44 -8 -46 -12 48 -15 50 -49 55 -47 -11 -19 -52 -29 -57 -38 -60 -3 -36
right_child=1 3 15 4 -6 -7 27 8 -10 10 12 16 -14 25 -16 -17 17 19 39 24 21 -23 23 -25 -26 26 -28 28 36 32 31 -33 -34 -35 61 -37 58 -39 -40 40 -42 -43 -44 -45 45 52 -48 49 -50 -51 51 -53 -54 -55 -56 57 -58 -59 59 -61 -62 -63
leaf_value=-0.05057100014999745 0.092520613776720495 0.083726936623143511 -0.042611874816203883 0.10002701329562175 -0.057797622063832654 0.10402288816250811 0.089734177497986081 -0.049269639345708403 0.10880152363058977 0.10819800792371376 0.00060943942391772235 0.12333042956177209 -0.0043449790909363024 0.11101461423277331 -0.037080500306836454 0.097644698143119657 -0.036817857825266385 0.1226462866887168 0.17672662987812573 0.056125433602253763 0.11656693737483287 -0.040816947682927263 0.29800968792252147 -0.051929066782021749 -0.053812324057705557 0.092700393888352606 -0.061047451197656456 -0.064094814783098614 -0.00086431235863705734 -0.055766387220145056 0.086818040668546897 -0.051003644578716381 0.080661591437353353 -0.01632897505464443 0.11744014804701469 0.35049802432832555 0.090508715080446958 0.072241780667143429 -0.054401501691174241 -0.052250925871525904 -0.049946203009818543 0.12573836959598791 0.097359769691516565 -0.061128861788812251 0.092300065658741215 -0.019233167139019833 0.14753625280209196 -0.059998272392487076 -0.059379122684261931 0.10606824562390441 0.095707344395940697 -0.062048657599250691 0.065096086497791569 -0.035384327891980295 -0.053205631087565465 0.089826715282070077 0.11498296753322262 -0.065790652595654781 0.12244355063710627 -0.049376182440564 -0.059491022457140864 0.014391579455274143
leaf_weight=2019.3266011066735 3908.979418290779 1774.5228008050472 2709.1115064378828 1006.3403360778466 723.54080789908767 12967.891555820592 7158.0689369468018 780.43514550663531 157.86210517119616 71.238064898177981 73.773402663879097 475.84453761763871 283.18179600965232 322.77879524230957 767.34326892904937 169.95396699942648 266.9242029748857 530.36604093480855 243.40516996942461 282.34085116442293 103.58115600794554 319.99511014390737 70.875400624237955 24.508676335215569 525.3307450497523 151.33899086154997 192.30609112326056 388.39575935062021 419.00424367655069 117.60959094762802 596.06004035100341 365.47927017323673 4105.1233375649899 637.98549926839769 531.80301432032138 14.819133068434892 25007.96769414749 2288.4091031784192 123.38885695114732 57.995176116935909 185.79941497370601 876.94082847610116 32607.806725230999 110.76147505547851 677.04745582956821 440.49478004127741 908.49938466399908 300.24317082110792 245.75814107712358 4007.0537224393338 3991.2912837527692 152.01072711497545 343.47835998050869 983.05230002570897 48.002845622599125 87.735930308699608 44.470374695956707 98.205014949664474 183.11182625591755 205.07269876729697 62.386611171066761 144.4158353023231
leaf_count=149191 3196 11774 178610 1811 16529 7615 10556 21777 116 108 1118 1504 4733 379 23523 1327 9168 3442 800 3732 29 11472 116 1117 17973 93 2256 4924 2855 2317 926 3713 6265 10249 2443 217 44692 4776 4441 2068 7573 6469 34614 1864 574 2924 1965 4548 3142 4758 5313 1916 437 42286 1612 40 9 721 331 4440 1276 1344
internal_value=0.0799757 0.0822181 0.0471358 0.0866914 0.0342593 0.0875769 0.085193 0.0686771 -0.0226752 0.0696678 0.0559682 0.0440586 0.104949 0.0757867 0.0445577 -0.0342136 0.0605944 0.0526023 0.0798716 0.0306745 0.0606497 0.0189137 0.0782073 0.208094 -0.0151929 0.0843038 0.00758316 0.0880035 0.0822013 0.0599917 0.0926982 0.0348047 0.0683626 0.0331005 0.0721233 -0.0202785 0.0868668 0.0611914 0.0236225 0.102225 0.0869566 0.113484 0.0940448 0.081458 0.0833849 0.0522775 0.135126 0.087168 0.0382677 0.090387 0.0768142 0.0862418 0.0177136 -0.0256825 0.108051 0.0918446 -0.0456973 0.00892982 0.0896382 0.0335558 0.0784359 0.0954327
internal_weight=119439 117420 13257.9 104162 1729.88 102432 89463.8 13091.3 938.297 10378.8 6469.86 5204.41 1265.45 12153 2604.25 2879.07 4135.3 3659.45 1631.06 2028.39 1220.72 642.349 322.354 95.3841 807.672 9548.72 343.645 76372.6 34073.4 5969.8 42299.2 961.539 5536.94 1431.81 793.828 1069.11 28103.6 2707.41 226.97 1364.14 1120.74 934.936 41337.7 8729.85 8619.09 1461.02 982.273 9205.08 568.537 8636.54 4629.49 4329.24 783.973 1054.29 578.369 4177.23 432.866 185.941 25396.2 388.185 1836.91 676.219
internal_count=702107 552916 305076 247840 18340 229500 221885 81632 21893 125139 121943 114127 7816 59739 36573 179937 71516 70012 26078 43934 22229 17175 5703 1233 21705 23166 2349 140253 84645 27551 55608 4639 22618 16353 6104 42611 57094 7631 4470 16910 16110 8537 50969 16355 14491 3935 3083 20817 3521 17296 12538 7990 3361 42394 5054 6074 4933 761 49463 4771 13050 3787
cat_boundaries=0 4 8 11 15 19 23 26 30 34 37 41 45 49 52 55 59 61 65 67 71
cat_threshold=2107460 3089138593 753708 64 1737183920 92872708 806369600 6 1610612736 83886080 545275904 2358301706 1141528642 2282775184 656 59441152 67117056 6400 4 1082785920 67108868 268441600 6 8392704 1073762370 2281717776 176 0 268443712 2 603984432 0 268443712 2 0 0 16384 272957456 4259848 67116034 297 268435968 25165840 809500672 8 16 0 67108866 265 33554848 1318928 27525121 67125248 25755648 1048576 33686304 58728464 1126432771 32 8388610 16384 202375170 20544 2147508224 144 0 524288 0 262144 0 2
is_linear=0
shrinkage=0.05


Tree=11
num_leaves=63
num_cat=20
split_feature=0 35 0 7 0 18 0 0 20 43 0 44 0 0 35 0 43 48 0 9 48 44 44 28 43 0 43 0 0 35 43 0 14 17 0 0 22 26 28 44 44 43 0 28 0 44 43 32 44 34 11 44 44 48 17 28 22 17 43 0 44 0
split_gain=12357.8 6386.17 9581.46 1906.94 2613.96 2072.02 2432.37 2414.56 1370.46 1293.81 4120.9 1245.48 2001.6 1143.34 1552.16 3557.59 1945.65 2379.07 1069.18 1122.11 1010.88 1010.07 1024.85 1175.44 1099.14 1119.41 981.998 924.547 868.418 875.824 857.887 839.003 814.81 804.613 1971.79 826.055 792.878 781.636 776.547 743.295 965.022 731.943 1303.71 729.998 3341.17 1413.48 718.459 689.986 664.947 637.109 633.949 595.536 590.196 574.937 560.112 557.676 556.331 550.558 524.651 643.345 1550.21 558.823
threshold=0 0.35000000894069677 1 0.15000000223517421 2 5.3541667461395273 3 4 1.7083333134651186 0.91248813271522533 5 -0.99761277437210072 6 7 2.1499999761581425 8 -0.92599865794181813 0.87020045518875133 9 0.094505432993173613 -0.99628207087516774 -0.67801648378372181 0.86004966497421276 0.072549022734165206 0.93845596909523021 10 -0.88218119740486134 11 12 1.4499999880790713 -0.86546283960342396 13 17.250000000000004 0.55000001192092907 14 15 0.72499999403953563 -0.031393414363265031 0.013725490774959328 -0.91595870256423939 -0.92272481322288502 0.90892735123634349 16 0.051905291154980666 17 -0.70289847254753102 0.8431384563446046 1.0000000180025095e-35 -0.15950992703437802 0.25000000745058065 92.041667938232436 -0.99761277437210072 0.029024410061538223 0.1489052549004555 2.1458333730697636 0.061906902119517333 5.9500000476837167 2.7749999761581425 0.30983042716979986 18 0.03762133605778218 19
decision_type=9 2 9 2 9 10 9 9 10 2 9 2 9 9 2 9 2 2 9 10 2 2 2 2 2 9 2 9 9 2 2 9 10 8 9 9 10 10 2 2 2 2 9 2 9 2 2 2 2 2 2 2 2 2 10 2 10 10 2 9 2 9
left_child=-1 2 -2 4 49 7 56 26 9 13 -11 -9 -13 -3 15 16 28 20 -5 47 -18 31 24 -24 37 -26 48 -19 29 -15 32 39 -8 35 38 -16 -36 -23 -35 40 53 42 -39 58 45 -45 -44 -20 -6 54 -22 -28 -30 -14 -4 -43 -7 -56 59 60 -37 -60
right_child=1 8 3 18 5 6 30 11 -10 10 -12 12 21 14 33 -17 17 27 19 -21 50 22 23 -25 25 -27 51 -29 52 -31 -32 -33 -34 34 36 43 -38 41 -40 -41 -42 55 46 44 -46 -47 -48 -49 -50 -51 -52 -53 -54 -55 57 -57 -58 -59 61 -61 -62 -63
leaf_value=-0.050519930872953922 -0.047441347761694105 0.08554702753131635 -0.04388669644809453 0.093759932505305885 0.099081377479584107 -0.047096352433409629 -0.040382700305866555 0.10933553863796462 0.098070779301590305 0.090912235040788783 -0.059153184398262282 -0.039784002018872562 -0.058346485160856956 0.21544730220561328 -0.051379880868644569 -0.027065544458003417 0.14423722662442817 0.13143968864789482 0.060320419571631506 0.085531831194543578 0.072907292507252169 -0.0041672244704089563 -0.04046237558601376 0.12634493046878767 0.24416428030277493 -0.05045474805007856 0.068442501598804814 -0.037603918511971916 0.089115593686156361 0.10486598889486268 0.13162440835373343 -0.053760056067694274 0.1911814343613483 -0.015682865415281692 -0.052034989356058763 0.074356783954598465 0.061896251724852983 -0.030354343927574336 0.08052679066775556 -0.027486095723962441 0.35987419045468105 0.12585385286640896 0.098603647529467861 0.09180099189707247 -0.063234578209062781 -0.065939458329900599 -0.055230755681208998 -0.065432103290981689 -0.055347973557399968 0.082659086436752308 -0.055418064409470925 -0.049935515784095247 -0.048495021035780711 0.11560680761691916 0.21430750319908953 0.27031551427586659 0.22143399813356474 -0.0120664760026297 0.14583744350439362 0.089375989943009548 -0.033929862013899074 0.092700530638358092
leaf_weight=1922.7457187892869 2173.2953112646937 54520.239220567048 957.46302687283605 5545.3664450300857 268.2977875219658 296.61897224839777 142.78833242878318 1077.1179144065827 12288.865573258139 1354.5896310163662 681.52113276254386 549.12795260362327 64.710782062262297 321.83004438877106 113.34640817344189 1215.838083862327 84.353204517625272 527.06874915584922 171.85043934173882 553.39553066063672 111.69265833776444 219.67004355881363 386.35127974953502 145.34170247986913 26.772934302687645 255.08789316564798 119.89559194631875 96.147198485210538 924.39878400228918 403.62335147149861 1842.5658994344994 316.45160006266087 51.759040735661983 225.13596777059138 506.33929689228535 4117.1886314377189 218.65099715068936 233.50588024314493 3065.9120851121843 178.51258275657892 32.386147223412991 433.06139969173819 2404.6606498127803 2387.3641063030809 462.85664865747094 151.00121097266674 78.372563684359193 298.63794449251145 94.172112566418946 138.24064136110246 695.78736314736307 933.12237207125872 85.089218985289335 178.59769503772259 43.078201629221439 78.991858804598451 20.629424886777997 71.337576646357775 682.72102192230523 9623.479315822944 359.35479821451008 3179.943692416884
leaf_count=149191 142685 61344 52853 6189 917 6778 2222 1563 6088 1613 12311 24358 1120 1392 3194 26072 431 934 1411 903 263 5536 19638 1347 202 10427 573 1910 1424 524 6758 9219 39 1117 4796 7496 488 6573 3313 2682 105 1547 17562 2580 5138 1435 2341 4788 2826 770 13118 38854 993 735 228 189 62 1998 644 12180 3028 3092
internal_value=0.0751364 0.0771681 0.0517005 0.0635252 0.0514034 0.0594421 0.100772 0.0474642 0.0824508 0.0802218 0.0408387 0.0600197 0.0506105 0.0811755 0.0730588 0.0459241 0.0730883 0.0319141 0.0850979 0.0369079 -0.0204625 0.060433 0.0700786 0.00513548 0.0793356 -0.0155974 -0.011939 0.106866 0.109465 0.15183 0.12049 0.00787603 0.0212246 0.077917 0.0574057 0.0818252 -0.0174338 0.0870955 0.0737212 0.050882 0.103471 0.0933049 0.0829689 0.0825306 0.0597439 0.082094 0.0933721 -0.0194998 0.0589596 -0.0182129 -0.0376678 -0.0364571 0.0767561 0.0693419 -0.0313923 0.148139 -0.0287293 0.0731646 0.0863837 0.0819112 0.0655177 0.10271
internal_weight=120708 118786 20381.2 18207.9 11638.7 10428.6 2354.36 8074.21 98404.3 86115.5 2036.11 6658.72 5581.6 84079.4 29559.1 4465.83 3249.99 1515.05 6569.25 1023.88 891.833 5032.48 4261.82 531.693 3730.12 281.861 1415.49 623.216 1734.94 725.453 2037.11 770.659 194.547 25093.3 4016.04 21077.3 724.99 3448.26 3291.05 454.207 275.695 3228.59 2716.54 20963.9 3001.22 2538.37 2483.03 470.488 362.47 1210.12 807.48 1053.02 1009.49 243.308 1071.88 512.053 317.248 114.416 17962.7 14100 4476.54 3862.66
internal_count=702107 552916 375998 233313 220022 164173 15859 148314 176918 170830 13924 105144 103581 156906 95562 47061 20989 16656 13291 7102 13812 79223 65362 20985 44377 10629 43170 2844 4333 1916 9019 13861 2261 48501 9714 38787 5284 33748 4430 4642 1960 28212 26476 35593 9153 4015 19903 6199 3743 55849 13381 39427 2417 1855 55079 1736 6840 2226 26440 22704 10524 3736
cat_boundaries=0 4 8 12 16 20 23 26 30 34 38 40 43 46 49 53 56 59 63 67 71
cat_threshold=2107460 3089138593 753708 64 2282784002 1112954960 3275768467 656 63242280 9226 67108864 32 603996689 25755648 269755456 256 655488 67108868 136314880 11 1610612736 83886080 813711360 1342177280 0 7424 1913455233 60097564 2009071680 262 16781584 1073770562 2284085523 9 662913168 75506696 8512 4 0 16777216 4352 24576 2105600 16777232 1073741826 2359315 4608 25165824 813694976 2169671954 528450 2104704 40 0 67113024 2147491840 4097 17301504 1048576 89133346 655362 134224128 177 210800656 16386 134497683 656 201359376 0 1026 512
is_linear=0
shrinkage=0.05


Tree=12
num_leaves=63
num_cat=22
split_feature=0 35 0 7 0 23 44 0 20 43 0 18 44 0 0 44 0 30 48 43 41 0 0 9 0 35 43 0 43 44 0 48 17 20 18 44 43 0 19 44 44 0 0 48 28 44 48 48 28 0 43 0 30 0 43 0 0 0 10 44 43 28
split_gain=10966.2 5682.39 7766.16 2015.84 2573.4 1702.13 1445.48 1164.12 1141.83 1075.69 1074.42 1075.43 1170.06 1477.27 1024.77 1124.67 5918.75 946.205 908.912 895.44 893.468 889.371 886.284 1656.94 787.465 762.337 699.806 886.099 867.447 808.825 1718.58 1062.62 861.304 692.044 676.672 650.377 1388.34 1199.93 888.776 614.605 576.658 575.22 553.866 560.816 556.494 812.155 548.962 1508.22 933.007 3473.71 1902.34 1019.45 878.945 1207.01 618.626 958.69 558.846 970.514 548.571 543.611 499.137 1289.34
threshold=0 0.45000000298023229 1 0.15000000223517421 2 0.21686046570539477 0.86004966497421276 3 1.7083333134651186 0.9937499761581422 4 28.145833015441898 0.40418040752410894 5 6 0.03762133605778218 7 0.098490029573440566 0.99722951650619518 0.57077592611312877 -0.84874749183654774 8 9 0.054821258410811431 10 0.15000000223517421 0.93845596909523021 11 0.90892735123634349 -0.9852197766304015 12 0.91979479789733898 1.0000000180025095e-35 5.7916667461395273 16.550000190734867 0.011826144531369211 -0.99697706103324879 13 4.5000000000000009 -0.099822327494621263 -0.94703993201255787 14 15 0.39149929583072668 0.04256099462509156 0.98770287632942211 -0.9911440610885619 -0.97283557057380665 0.051905291154980666 16 -0.35041563212871546 17 0.17962250113487246 18 0.54219430685043346 19 20 21 9.4583334922790545 0.99681594967842113 -0.81923159956932057 0.046430176123976714
decision_type=9 2 9 2 9 10 2 9 10 2 9 10 2 9 9 2 9 2 2 2 2 9 9 10 9 2 2 9 2 2 9 2 10 10 10 2 2 9 2 2 2 9 9 2 2 2 2 2 2 9 2 9 2 9 2 9 9 9 2 2 2 2
left_child=-1 2 33 4 20 6 10 59 9 14 26 12 17 -14 60 18 19 -12 35 34 25 -13 -5 -24 -19 -4 28 -28 29 -6 31 -31 40 -2 42 36 37 -16 41 -26 -32 -38 43 -17 -44 -46 56 -48 51 50 -50 -49 -53 -54 -52 -56 -43 -58 -36 -8 61 -3
right_child=1 8 3 22 5 -7 7 -9 -10 -11 11 21 13 -15 15 16 -18 24 -20 -21 -22 -23 23 -25 39 -27 27 -29 -30 30 32 -33 -34 -35 58 -37 38 -39 -40 -41 -42 46 44 -45 45 -47 47 48 49 -51 54 52 53 -55 55 -57 57 -59 -60 -61 -62 -63
leaf_value=-0.050470062812014688 -0.049655266986835721 0.087091629111521074 -0.024103758428106047 0.087386208282784233 0.097161708908948763 0.12379127431066338 -0.051966859081768846 -0.050244086430515346 0.092369381250417507 -0.058362749186128729 -0.039917704567017265 0.19488619850989036 0.088644005290384575 -0.050230646150781703 0.094899566325236329 0.062672732498640679 -0.060208925248757185 -0.051902582766514084 -0.048497874220335656 -0.055485786946163906 -0.038853582362425962 -0.047871902384249383 -0.056397617603061424 0.081490979611306497 0.061805505234085678 0.10769971195772238 0.19529382890617702 -0.05002181187389218 0.13024014567134093 -0.042758301362397957 -0.05763138244972435 0.076955101005585141 -0.020145824861707969 0.091513225712476456 0.077341745514049487 0.096755035829412833 0.018530247069386097 -0.074547835430891829 -0.067038784764745202 -0.056872671008818904 0.08187579328129678 0.11277368424924449 0.084085586947194452 0.1651981675745435 -0.073919741880101725 0.11909370454021591 -0.06237381125422823 -0.053644749445777434 -0.065921208857475322 -0.060452257970542628 0.089785122129385053 0.084396908124470538 -0.030396089671043465 0.066323535736669645 0.084888353680574791 -0.060204803203189473 0.082958614122270721 -0.062680558144358051 -0.077498661307941794 0.13372012301070743 0.075489810331696106 0.023062998131360025
leaf_weight=1830.7437101062387 1939.3630199236795 26668.47432410717 206.75177481770515 6281.652894214727 1465.3981388900429 849.3235651711002 52.343180962838233 589.29280730709434 12059.02731481567 148.85317014809698 786.30604474060237 157.85946852248162 1052.9938188130036 229.83411895669997 149.77702302113175 193.07764135859907 1014.9775289874524 236.33480170276016 153.76619134284556 123.01555792801082 1063.1664042919874 49.853875260800123 327.42431210260838 651.11402950249612 942.98581336438656 233.7270351620391 33.685911301523447 225.88088263943791 565.427355539985 633.51436802558601 76.006427219137549 262.03980226628482 239.86674995813519 90.884067847393453 112.92807624489069 2689.8452087631449 498.62034241482615 293.45187177881598 113.63603463303298 123.36410066671669 2913.2870132317767 1721.705568802543 2248.1036035167053 431.40638917684555 138.29505750443786 89.949042499996722 208.00953070353717 142.72304846625775 237.33512265980244 588.83750158827752 2734.0929131181911 13918.327757067047 369.28068248275667 2455.5335203185678 270.31814172491431 183.56097662542015 738.22366050258279 129.90209554415196 115.91509054228663 159.58779908716679 25490.889598639682 810.1328878281638
leaf_count=149191 137396 19392 11312 7681 3666 1655 1858 37087 5867 2958 26326 367 10379 10098 100 579 18129 6652 1728 1315 53473 943 5509 1723 7892 989 226 9917 2284 15966 1517 2558 3137 397 89 1396 5198 2093 1569 3328 22901 772 2013 419 1090 81 2217 3230 2577 9366 3259 24834 3213 5038 282 2250 452 1582 739 380 39289 2183
internal_value=0.0708754 0.0727297 0.0500557 0.059317 0.0476694 0.0555904 0.0502764 -0.0143417 0.0779694 0.0759308 0.0554566 0.0331859 0.0264764 0.0640624 0.0761659 0.0689365 0.0456845 0.00339529 0.0727257 0.0767658 -0.0139524 0.143699 0.0804934 0.0349951 0.0295392 0.0458338 0.067726 -0.0125887 0.0712227 0.0652532 0.053917 -0.00764471 0.0707946 -0.0431235 0.0818824 0.0734049 0.0708676 -0.0168286 0.0724665 0.0476292 0.0783287 0.0731217 0.0880057 0.131395 0.0762254 0.0021452 0.0742312 0.0715969 0.0729302 0.0512629 0.0704385 0.078081 0.0791886 0.0538068 0.080811 0.0267526 0.0959882 0.0607003 -0.001089 0.0838999 0.0805139 0.0852039
internal_weight=121512 119681 22439.3 20409 13148.8 11645.2 10795.9 801.224 97242 85183 9994.64 3579.53 3371.82 1282.83 85034.1 32064.6 4467.67 2088.99 27596.9 3452.69 1503.65 207.713 7260.19 978.538 1302.68 440.479 6415.11 259.567 6155.54 5590.11 4124.71 895.554 3229.16 2030.25 3329.67 27443.2 24753.3 443.229 24310.1 1066.35 2989.29 24196.5 3100.83 624.484 2476.35 228.244 23697.9 21108 20900 4014.14 3425.31 16885.9 16743.1 2824.81 3187.97 453.879 2589.83 868.126 228.843 211.931 52969.5 27478.6
internal_count=702107 552916 387617 249824 234911 169137 167482 39325 165299 159432 128157 65985 64675 20477 156474 95610 24454 44198 71156 6325 65774 1310 14913 7232 17872 12301 62172 10143 52029 49745 46079 18524 27555 137793 5010 69428 68032 2193 65839 11220 24418 64270 4182 998 3184 1171 59072 56266 54049 17734 8368 36315 33085 8251 5791 2532 2806 2034 828 2238 60864 21575
cat_boundaries=0 4 8 11 13 17 21 25 29 32 36 39 41 44 47 51 55 59 63 66 68 71 75
cat_threshold=2107460 3089138593 753708 64 135562506 1112954946 117457555 688 2210463776 9240 3225419776 67108864 524288 1073746449 25231360 939531584 258 604520448 0 1056768 13 1913520257 64291868 2009071680 262 21037616 663552 2097152 9 131072 67108868 10485760 662782080 75506700 3489669440 4 603996160 67633152 1056768 0 16777216 1073745937 16777216 134218752 256 0 2147483648 0 1073741824 2147491840 1 48 0 0 1 89199394 67772416 134224128 176 2147483648 64 0 144 222318624 149504 1051779 512 67108864 2160066560 4162 22800 16847616 0 0 32
is_linear=0
shrinkage=0.05


Tree=13
num_leaves=63
num_cat=0
split_feature=35 7 20 44 44 20 28 35 43 48 36 43 48 39 37 28 48 48 48 48 11 41 44 44 27 48 19 43 28 39 44 41 43 28 43 42 37 28 44 36 44 37 26 34 44 43 39 48 28 44 15 28 28 43 36 48 48 26 19 44 48 44
split_gain=7167.02 4361.28 2566.41 2129.69 1529.81 1167.17 1086.71 1084.9 1604.02 1164.85 1806.85 1542.4 1109.21 1254.42 1126.33 1068.79 1041.84 1131.84 1662.64 1634.08 1186.04 1034.52 1021.08 1226.11 1027.73 983.404 956.332 1705.21 881.147 932.695 871.537 866.896 1626.88 1157.15 2145.85 894.835 841.943 802.751 1067.17 742.113 736.268 697.077 690.146 750.064 658.868 991.886 630.617 627.975 826.212 731.963 663.778 638.979 623.22 1244.38 660.696 603.071 836.183 982.287 865.176 856.309 841.218 590.698
threshold=0.45000000298023229 0.15000000223517421 0.31666667759418493 -0.99761277437210072 0.86004966497421276 1.7083333134651186 0.072549022734165206 2.2500000000000004 -0.9193688929080962 0.83186858892440807 11.500000000000002 -0.74441730976104725 -0.4709175825119018 0.19749999791383746 1.5860000252723696 0.048057714477181442 -0.96681490540504444 -0.92896968126296986 -0.70099368691444386 -0.64441558718681324 150.20833587646487 -1.0000000180025095e-35 0.82293498516082775 0.61067742109298717 0.059600444510579116 0.83896556496620189 4.5000000000000009 -0.99904707074165333 0.056927841156721122 0.78499999642372142 -0.42958799004554743 -0.22695468366146085 0.70900115370750438 0.048057714477181442 -0.35041563212871546 -0.72947329282760609 2.7055000066757207 0.0058823532890528449 0.03762133605778218 7.5000000000000009 -0.39827153086662287 5.4795000553131112 -0.03406312316656112 0.25000000745058065 0.59696555137634288 0.55656746029853832 0.17249999940395358 -0.79893815517425526 0.013725490774959328 0.45082531869411474 10.583333492279055 0.055752867832779891 0.0058823532890528449 -0.99166062474250782 3.5000000000000004 -0.39115010201930994 -0.2590999156236648 -0.0044262045994400969 1.5000000000000002 -0.82413947582244862 0.086638785898685469 0.59696555137634288
decision_type=2 2 10 2 2 10 2 2 2 2 2 2 2 2 2 2 2 2 2 2 2 2 2 2 2 2 2 2 2 2 2 2 2 2 2 2 2 2 2 2 2 2 10 2 2 2 2 2 2 2 10 2 2 2 2 2 2 10 2 2 2 2
left_child=1 2 3 21 16 7 -6 8 15 10 12 -11 14 -14 -10 37 -5 30 -19 40 36 -1 23 24 61 -24 31 -28 -15 -30 -18 32 44 42 -35 -34 -21 38 -2 -40 -20 55 43 -33 52 -46 -8 48 -16 51 -50 -49 53 -9 -55 -26 59 -58 -59 -57 -60 -22
right_child=5 -3 -4 4 6 -7 46 26 9 11 -12 -13 13 28 47 -17 17 18 19 20 22 -23 25 -25 41 -27 27 -29 29 -31 -32 33 35 34 -36 -37 -38 -39 39 -41 -42 -43 -44 -45 45 -47 -48 49 50 -51 -52 -53 -54 54 -56 56 57 58 60 -61 -62 -63
leaf_value=0.088320844160993145 -0.074632650883057913 0.073996722972861875 0.10258105005180929 -0.043573153342211124 -0.047770241659669241 0.087604527119605508 0.11753151425696116 0.081687642865580237 -0.046936063003965169 -0.063489384174309799 -0.035914131406366921 0.085554194233870506 0.057864635533964814 -0.028075876070987094 -0.066428232858294231 -0.0691050114915467 -0.054589236903079458 -0.041845979343724748 -0.053740508493909871 -0.059739149928581231 -0.022325268745232017 -0.055755082861703123 -0.052050095105148346 -0.05204128313035053 -0.024888053287452576 0.11860847285351264 0.088857152627960512 -0.067277913740430698 -0.063812996206787029 0.10071385620067697 0.09999791314765509 -0.03079363384504772 0.046435614963657605 -0.039986201099573668 0.058486947551788918 -0.07394631690855967 0.097454533769814597 0.086959140082780204 0.092357838574693207 -0.063844641257617116 0.11542462739643647 -0.028511708645322167 0.075651513078776364 0.058059713870807432 -0.060785690227310063 0.088574292007923716 -0.050978288672957776 0.099612333879748341 0.047033391150456988 -0.062171500020226658 0.18652721638495348 -0.048456483642258283 0.082427872013111053 0.064820558730816713 -0.0482268199915942 0.15878640032541691 -0.016673357257803608 -0.0113565719612493 -0.041361306565548928 0.019742331428669522 0.067280958649996711 0.13831080903806225
leaf_weight=1503.3756831921637 179.18798843771219 7480.7398554934189 1072.9119150219485 572.97982846386731 1347.614872187376 12069.304904916324 176.06418793834746 1140.9075634432957 215.22031495533884 186.53203435242176 766.36926364246756 2500.6393573544919 1398.2324729003012 1225.0041594635695 150.22571274731308 120.75107117183506 103.89550398569554 955.39808608219028 71.233506049029529 96.64237953722477 1616.2983435569331 135.85273059923202 106.28855484444648 703.28014064021409 390.94972542580217 410.17478485498577 373.3746878085658 328.92071184422821 119.16431368235499 310.8284807363525 744.72605967242271 256.62874626088887 409.74765589553863 643.16281235404313 3956.3473251787946 247.68079589027911 718.3819812303409 6014.3279213467613 451.93101607169956 91.420339401811361 662.84827372431755 484.89003756083548 20212.976231085137 3188.9359860215336 205.31864446308464 242.37259520031512 81.092864262871444 1921.3902160134166 1064.4450319232419 77.959801202639937 92.708737569861114 75.733643227256835 37403.458037203178 198.40196608845145 370.80326878558844 278.3901638397947 806.65687518473715 543.51903191860765 193.83212203439325 183.86122708767653 2206.0186380958185 59.330166955478489
leaf_count=3613 1934 22317 5441 27658 103163 7024 1013 724 4003 2821 15907 12093 6353 17341 2204 1658 4313 45026 3284 1913 72322 4312 6162 38795 13536 3197 159 3451 2308 562 8085 1640 1329 5480 11221 2585 2371 12300 1034 1591 5606 23852 29672 6913 2294 423 5849 4838 6893 1502 125 1006 34769 261 2940 1702 24512 16349 7952 4675 36742 989
internal_value=0.0670863 0.042412 0.0278509 0.0225598 0.0160316 0.0730425 -0.0297966 0.0710022 0.0596701 0.0470034 0.0367852 0.0752082 0.0451621 0.0229972 0.0639728 0.0783341 0.0222068 0.0255314 0.0210375 0.0273399 0.0213603 0.0763804 0.0154949 0.0107921 0.0173254 0.0834868 0.0737807 0.0157311 -0.00646077 0.0551184 0.081072 0.074376 0.0790917 0.0676644 0.0447172 0.00108271 0.0788151 0.0809768 0.0311809 0.0660763 0.0990093 0.0285102 0.0721257 0.0514418 0.080388 0.0200753 0.064393 0.0710297 0.0438877 0.0881302 0.0582093 0.0939974 0.0810783 0.0515615 -0.00882307 0.0345167 0.0400302 0.0322088 0.0456053 0.103481 0.0585061 -0.0166375
internal_weight=121918 23707.2 16226.5 15153.6 13514.4 98210.4 1604.77 86141.1 16962.1 10104.5 7417.28 2687.17 6650.91 3053.23 3597.68 6857.62 11909.6 11336.6 10488 9532.6 8798.51 1639.23 7983.49 7467.03 6763.75 516.463 69179 702.295 1655 429.993 848.622 68476.7 40218.7 28258.1 4599.51 657.428 815.024 6736.87 722.539 543.351 734.082 5088.12 23658.5 3445.56 39561.3 447.691 257.157 3382.46 1307.38 2075.08 1157.15 1997.12 39113.6 1710.11 569.205 4603.23 4212.28 3750.03 2943.37 462.251 2399.85 1675.63
internal_count=702107 494749 472432 466991 459066 207358 110025 200334 96473 77956 63042 14914 47135 26564 20571 18517 349041 321383 308985 263959 255069 7925 250785 241426 202631 9359 103861 3610 20211 2870 12398 100251 45325 54926 16701 3914 4284 16859 4559 2625 8890 129320 38225 8553 41411 2717 6862 16568 9222 7346 7018 5844 38694 3925 3201 105468 91932 85555 61043 6377 44694 73311
is_linear=0
shrinkage=0.05


Tree=14
num_leaves=63
num_cat=20
split_feature=0 34 0 43 0 43 44 20 0 9 7 0 44 43 41 0 18 28 23 43 0 44 32 0 44 28 0 19 44 47 0 42 0 8 32 0 0 16 44 43 41 0 0 0 28 42 44 0 43 43 18 1 43 0 0 42 43 43 0 43 43 17
split_gain=9241.88 4675.71 4934.37 1528.13 1860.99 1440.87 1281.69 1193.69 1167.5 1018.61 832.995 927.3 1443.61 1116.47 762.636 2315.94 730.282 712.108 819.075 821.096 1070.21 668.081 658.752 651.817 982.717 654.761 2221.62 635.714 718.005 629.039 601.718 596 593.013 592.491 578.963 1196 673.549 574.266 630.657 866.157 843.643 868.856 614.56 540.739 519.645 503.121 496.939 1374.6 493.619 518.035 479.696 466.481 456.839 814.344 574.795 573.049 466.226 442.544 1200.33 577.068 946.143 599.099
threshold=0 1.0000000180025095e-35 1 -0.99904707074165333 2 0.98802474141120922 0.88522326946258556 1.7749999761581423 3 0.083518110215663924 0.15000000223517421 4 0.35645927488803869 0.94425827264785778 0.63405361771583568 5 2.1833333969116215 0.12745098769664767 0.026365442201495174 1.0000000180025095e-35 6 0.20812153071165088 0.086206898093223586 7 0.03762133605778218 0.0058823532890528449 8 4.5000000000000009 0.99024581909179699 0.3710454404354096 9 0.84874749183654796 10 0.045833334326744087 0.05172413773834706 11 12 1.2500000000000002 -0.4755979031324386 0.93845596909523021 0.2269546836614609 13 14 15 0.06862745434045793 -0.63405361771583546 0.59696555137634288 16 -0.88218119740486134 -0.99697706103324879 2.2749999761581425 13.150000095367433 0.82899317145347606 17 18 -0.52778512239456166 -0.96902456879615773 0.71503382921218883 19 0.67802080512046825 0.57077592611312877 5.0625000000000009
decision_type=9 2 9 2 9 2 2 10 9 10 2 9 2 2 2 9 10 2 10 2 9 2 2 9 2 2 9 2 2 2 9 2 9 10 2 9 9 10 2 2 2 9 9 9 2 2 2 9 2 2 10 10 2 9 9 2 2 2 9 2 2 10
left_child=-1 2 6 30 17 7 10 8 27 -8 11 12 13 21 23 29 -14 18 19 33 -21 32 -23 24 34 26 -25 -3 -29 43 -4 -22 -2 -5 35 -10 -36 38 40 42 41 -13 -40 -16 46 -17 57 -48 49 -31 -18 -26 53 55 -54 -44 -55 59 -59 60 61 -27
right_child=1 5 3 4 -6 -7 9 -9 14 -11 -12 37 16 -15 15 45 50 -19 -20 20 31 22 -24 25 51 44 -28 28 -30 48 -32 -33 -34 -35 36 -37 -38 -39 39 -41 -42 -43 52 -45 -46 -47 47 -49 -50 -51 -52 -53 54 56 -56 -57 -58 58 -60 -61 -62 -63
leaf_value=-0.050444184455351405 -0.050286883141512612 0.073585276538869468 0.26000735791503121 -0.033744630855379508 -0.047453396961486774 -0.04910717824932849 -0.051731550379607041 0.084814804639927313 0.051487591806523042 0.10646018625143171 0.076581119925039812 0.05768193364790173 -0.050195573484227207 -0.05427795813462151 -0.037889694921466169 0.023132604155498521 0.16604039140219365 0.10836497299415507 0.080406586119957629 -0.03850390451448301 0.050789415596761089 0.016601801634490345 0.20572228397193207 0.073173102923672878 -0.058680478676598369 0.072312056939261349 -0.064954338779420626 -0.060034169112639028 0.10666482676559164 0.06804643717991414 0.071005541484061394 -0.054525039009984871 0.080367077409414511 0.085695976559507739 -0.055128706407712558 -0.05685410946962316 0.075165607900485848 0.094065003876681513 -0.041563568823731051 -0.046578563770983232 -0.04700783314635304 -0.041808935954212145 -0.033668312356617512 0.04912763008494643 -0.021184081519469041 -0.050873246223724994 0.085117143964573469 -0.058855775929582903 0.091919597231783251 -0.07139501056537445 -0.055930696129210838 0.087719795878015261 -0.05071933150029069 0.052008579256083966 0.10039545655350501 0.077375279618155532 -0.056183881466061514 0.066947992689392818 -0.059559347500564568 0.098223362151382276 -0.06869828310768554 0.036390448462443208
leaf_weight=1746.7255021790043 86.212121899239719 50017.384070258588 43.436996503733099 1326.5661865649745 1498.3567196363583 253.16811722330749 433.27203396055847 12413.157785329036 1197.1415961366147 132.99779216945171 6031.9970171796158 812.43208684120327 353.21642910502851 154.31722673587501 205.91360379103571 352.51346140541136 77.125583863817155 203.27881653700024 401.52624674886465 528.74967801757157 1647.8372558709234 60.283074238337576 194.95605322066694 993.02754122763872 306.04166277125478 19965.56504473649 402.42884441558272 183.95544061437249 99.553237938322127 202.03014878649265 393.48417163640261 146.26602180302143 3831.9765472440049 112.64534060936421 100.36184449400753 315.11474761366844 2061.2850614190102 411.14966048207134 154.64153551217169 231.57273455057293 496.40827536955476 292.96879840735346 129.91624336224049 1144.4523821445182 160.17404845636338 658.96148240193725 394.13111075107008 273.02062737382948 1574.2923712013289 99.365816145204008 35.56256917398423 66.177121639251709 66.302088423632085 159.43068023677915 806.9574854420498 1099.1477913707495 265.21311186254025 812.96783578302711 235.89584508072585 1893.4136625640094 123.27448454219848 1232.3644388094544
leaf_count=149191 3412 58915 132 49125 104050 5468 29148 6423 3920 108 6875 4354 14071 6706 2701 2611 32 1130 1884 25469 30407 954 341 1443 8370 33080 4534 2771 73 265 1907 7785 16613 530 1883 8445 6462 1730 6718 9968 10008 5960 2323 5401 1920 12123 1178 5232 3978 1002 1053 9 1650 1113 2864 7198 7632 1698 4441 643 1230 3447
internal_value=0.0636205 0.0652746 0.0447949 0.00715176 0.000443178 0.0700211 0.0592922 0.0703305 0.068217 -0.0145776 0.0619854 0.0529275 0.0686455 0.0777915 0.0610455 0.0411861 -0.0148378 0.0169473 0.0125247 0.00527964 0.0236664 0.0826749 0.161055 0.0638218 0.0446536 0.0667079 0.0333981 0.0731475 -0.00149831 0.0617716 0.0973714 0.0419696 0.0775691 -0.0243962 0.0526073 0.0288765 0.0692089 0.037417 0.0323413 0.046198 0.00714042 0.0314571 0.0542098 0.0359418 0.0685871 -0.0248356 0.0691638 0.0265923 0.0806965 0.0220746 0.0959899 -0.0326518 0.0599979 0.0447865 0.0894909 0.0651079 -0.0152054 0.0703344 0.0385662 0.0717697 0.0694205 0.0702237
internal_weight=122104 120357 22620.2 6302.15 5865.23 97737.1 16318.1 97484 85070.8 566.27 15751.8 9719.79 4793.65 4327.75 34769.9 4237.53 465.905 4366.87 4163.59 3762.06 2322.85 4173.43 255.239 30532.4 4046.12 26486.3 1395.46 50300.9 283.509 3226.05 436.921 1794.1 3918.19 1439.21 3673.9 1512.26 2161.65 4926.14 4514.99 2913.18 1601.81 1105.4 2681.61 1350.37 25090.8 1011.47 24930.6 667.152 1875.69 301.396 112.688 372.219 2526.97 1653.71 873.26 1229.06 424.644 24263.5 1048.86 23214.6 21321.2 21197.9
internal_count=702107 552916 363250 222419 220380 189666 140831 184198 177775 29256 111575 104700 43182 28026 116016 28081 15156 116330 115200 113316 63661 21320 1295 87935 29089 58846 5977 61759 2844 13347 2039 38192 20025 49655 20710 12365 8345 61518 59788 39466 20322 10314 29498 8102 52869 14734 50949 6410 5245 1267 1085 8379 22780 18266 4514 9521 8745 44539 6139 38400 37757 36527
cat_boundaries=0 4 8 12 16 19 23 27 31 33 36 39 41 44 48 51 55 59 63 67 71
cat_threshold=2107460 3089138593 753708 64 1736659619 75513860 923810112 6 274202896 21831706 1222657024 265 1879834769 26476556 1910509889 262 1073873443 16388 654311744 235116322 33580048 2282750976 545 524288 4464640 1210056704 265 142623018 1140873216 2147492480 656 16975360 33562626 0 1073742848 2 32 0 67108864 142606626 4096 134217730 16384 8192 8458240 8388608 268441600 2 16777216 67108864 6144 201331712 16 134218752 1 67174912 8208 0 1 604045440 0 8192 6 67174528 0 0 6 54526464 8194 134234112 8
is_linear=0
shrinkage=0.05


Tree=15
num_leaves=63
num_cat=24
split_feature=0 35 0 0 27 21 9 43 43 44 28 0 43 0 44 0 0 48 0 28 0 43 0 32 48 0 48 44 9 44 44 0 44 0 0 44 0 48 40 0 17 26 42 0 28 7 35 0 41 32 0 43 28 0 31 0 0 44 16 0 42 0
split_gain=8282.63 4579.84 6209.14 1621.96 1065.8 969.003 945.902 1087.92 934.597 946.171 923.421 5437.19 2283.87 1926.32 1408.14 4538.06 1688.24 1368.66 4211.76 1178.97 3114.92 1881.21 3771.44 1039.38 981.231 2380.02 882.277 770.637 839.985 768.846 733.511 1323.86 748.355 1229.64 713.673 691.813 2209.18 803.453 900.149 684.914 684.712 693.653 681.476 1820.78 801.648 1532.26 678.186 1153.28 674.361 647.41 633.256 762.895 642.647 774.517 557.788 657.874 584.929 707.394 545.215 537.657 516.832 2068.62
threshold=0 0.75000000000000011 1 2 0.0696452632546425 2.8541666269302373 0.18575821071863177 0.9837264120578767 0.98802474141120922 0.88522326946258556 0.033333335071802146 3 -0.99940761923789967 4 -0.73865258693695057 5 6 0.78807106614112865 7 0.046430176123976714 8 -0.35041563212871546 9 1.0000000180025095e-35 0.85849907994270336 10 0.96056148409843456 -0.9852197766304015 0.083518110215663924 0.14037931710481646 0.45082531869411474 11 -0.95242238044738758 12 13 -0.46800559759140009 14 -0.89743253588676442 4.6029999256134042 15 11.275000095367433 -0.024279830977320668 0.16280825436115268 16 0.045542273670434959 1.0500000119209292 0.94999998807907116 17 0.47114434838294988 0.086206898093223586 18 0.57077592611312877 0.053132651373744018 19 0.05172413773834706 20 21 -0.90161547064781178 40.250000000000007 22 0.68322628736495983 23
decision_type=9 2 9 9 2 10 10 2 2 2 2 9 2 9 2 9 9 2 9 2 9 2 9 2 2 9 2 2 8 2 2 9 2 9 9 2 9 2 2 9 10 10 2 9 2 2 2 9 2 2 9 2 2 9 2 9 9 2 10 9 2 9
left_child=-1 2 5 8 27 -2 7 10 9 42 11 39 -12 29 15 24 -16 35 -19 30 23 22 49 -21 25 48 -11 -5 -29 34 32 -32 33 -15 -14 37 -37 38 -18 40 41 -3 50 58 -45 -46 47 -34 -13 -22 51 -4 -52 -54 55 -6 57 -56 -44 -39 -38 -62
right_child=1 6 3 4 54 -7 -8 -9 -10 26 12 14 13 19 16 -17 17 18 -20 20 21 -23 -24 -25 -26 -27 -28 28 -30 -31 31 -33 46 -35 -36 36 60 59 -40 -41 -42 -43 43 44 45 -47 -48 -49 -50 -51 52 -53 53 -55 56 -57 -58 -59 -60 -61 61 -63
leaf_value=-0.050404990076665795 -0.043886513970224215 0.02848644014479796 0.059779539883399624 0.070904551715794198 0.047885679612656398 0.071370433820231963 0.084450970117032662 -0.025116251605438539 -0.055096869345832133 -0.051951332415941076 -0.086219756315656898 0.069996961721185719 -0.055886168635712989 0.10731648111137781 -0.06952531335022949 -0.057499743056026821 -0.085568210278014478 0.076543257701023576 -0.07669262899665312 0.088434816240138256 -0.011321417816131876 0.074690121614209071 -0.072894897145577883 -0.054538642931494775 0.086407956416527806 -0.068917601902108105 0.085020183071339253 -0.021647854880653645 0.093410003903118252 -0.064205354083801625 0.098538814448709044 -0.06600865386682199 0.19958507092451147 -0.068991886113006037 0.046089882594789654 -0.044870305499830537 0.07332302522450472 0.11375365009308776 0.090479141404231619 -0.0621525671619826 0.1013448676333043 -0.056615283307734056 -0.030612077919812259 0.07052454240703214 -0.042009491144342159 0.079145641321187662 0.080750313868446513 0.071690710844128577 -0.03440296343898052 0.083861441955657118 0.072001848482370054 -0.021815593229443847 -0.049324093167746726 0.11913578941548075 0.06743440112479307 -0.01688215811663504 0.063492620927950813 -0.039722269778489076 0.094071140758594657 0.080711290955485071 0.069672885468672077 -0.080440528857752838
leaf_weight=1662.9950585849583 2152.9652815246955 469.50994322169572 2267.5933279693127 343.255700269714 860.19186466187239 199.23635805863887 7216.1789181660861 329.2181994561106 175.50886191427708 345.00901105348021 231.9878096897155 1994.9984377501532 174.77256775740534 170.84302438795567 213.15560885518789 953.85494559723884 143.73011096380651 1518.3926880480722 626.31545982975513 154.71568069793284 208.82012865692377 14947.296523852274 672.8025264935568 712.62014178000391 2184.7512379866093 408.8224268713966 178.33777503762394 1666.5577340275049 175.31460519693792 183.78197584208101 238.38362081162632 231.58941015321761 324.23844343330711 208.62476868275553 3212.7845364296809 423.57758373674005 14786.609761388041 1736.1332652252167 146.74035010300577 717.13276953715831 145.93527810834348 488.65260570961982 784.45958211272955 4362.142841133289 495.4836418023333 551.37785577494651 26831.858977677301 462.48496667016298 167.68013584986329 1236.4949609050527 5936.4725809618831 327.89086650963873 71.68063996732235 1251.3969013700262 285.4982449831441 709.11739682313055 3016.0594788789749 334.42258227709681 98.711095853708684 6406.8825635965914 1253.0105872750282 272.85708712600172
leaf_count=149050 145125 1624 7882 2157 11693 990 2728 3960 7209 22395 1356 2145 4343 92 1573 7300 921 1326 4829 132 871 17044 5761 7910 1469 2933 2297 65512 343 2784 106 2254 256 1661 6809 3879 12163 1192 50 10926 309 3571 19984 15137 13001 407 16996 899 700 796 27395 5564 2142 3914 1957 18262 26700 12306 47 3948 904 1804
internal_value=0.0602791 0.0618198 0.0435295 0.0510449 0.0313857 -0.0339796 0.0670664 0.0656008 0.0596457 0.0608895 0.065951 0.0597243 0.0702993 0.0710259 0.0643222 0.0417452 0.0690288 0.0701098 0.0317933 0.0737524 0.0637264 0.0684008 0.0243411 -0.028704 0.0616398 0.0408364 -0.00527636 0.00212213 -0.0106963 0.0352973 0.0800939 0.0181466 0.0811338 0.0113952 0.0407998 0.0734026 0.0675182 0.0850801 0.00336768 -0.0244065 0.000448123 -0.0149145 0.063034 0.0501789 0.0609821 0.0218024 0.0820919 0.127849 0.0616176 0.0696276 0.0712416 0.0492816 0.0789163 0.110537 0.0437306 0.0188169 0.0544835 0.00947481 -0.0164897 0.0879949 0.0704209 0.0427589
internal_weight=121060 119397 26588.7 24236.5 7390.42 2352.2 92808.2 85592.1 16846.1 16670.6 85262.8 35058.7 50204.1 49972.1 33237.5 5710.11 27527.4 27314.2 2144.71 46400.8 17932.7 17065.4 2118.12 867.336 4756.25 2571.5 523.347 2185.13 1841.87 3571.34 28468 469.973 27998.1 379.468 3387.56 25169.5 16736.1 8433.49 290.47 1821.23 1104.1 958.163 16147.2 6292.18 5409 1046.86 27618.6 786.723 2162.68 1445.32 9855.03 2595.48 7259.55 1323.08 5205.29 1569.31 3635.98 619.921 883.171 8143.02 16312.5 1525.87
internal_count=701793 552743 412419 266304 138930 146115 140324 137596 127374 120165 133636 63566 70070 68714 47136 14547 32589 31016 6155 54778 32514 24472 7428 8042 7247 5778 24692 68012 65855 13936 22264 2360 19904 1753 11152 24861 18750 6111 971 16430 5504 5195 95473 48576 28545 13408 18151 1155 2845 1667 46897 13446 33451 6056 70918 29955 40963 14263 20031 5140 14871 2708
cat_boundaries=0 4 8 12 16 20 23 26 30 34 38 41 44 47 50 54 57 61 64 68 72 76 79 83 87
cat_threshold=2107460 3089138593 753708 64 135562250 1112954970 56640130 688 654840449 25165828 1744845121 7 2215657504 1159462976 1146101762 400 41981184 67127296 2147508865 3 2043155715 41959428 815813968 2 33554432 2097152 285343761 0 545276160 4 134758400 1073815552 1127481362 776 537198640 4718592 541065216 4 2042626048 41943044 536887360 0 0 75497472 544 0 1073741824 0 67127296 2147492480 134222848 19456 19585 32 67108864 17301504 1078984706 554172417 25165824 1207959553 1 0 1125909504 7602178 100667520 0 8256 4 17301504 0 257 3 3221356576 1024 2483027984 8 3493855520 8192 67108880 33588224 8390664 1153 38 46334465 0 545259856 2
is_linear=0
shrinkage=0.05


Tree=16
num_leaves=63
num_cat=25
split_feature=0 44 0 43 20 0 43 18 0 0 0 41 43 31 0 43 0 43 0 44 44 0 41 0 0 44 44 0 41 0 0 18 41 31 43 0 24 0 43 0 44 43 43 7 0 18 0 0 43 41 43 43 0 0 0 28 18 44 43 0 9 43
split_gain=7488.62 2474.65 4923.85 2142.01 1926.6 1655.87 1473.12 2938.71 5595.48 2872.53 1574.9 1295.64 1261.46 1019.15 1277.54 867.692 1249.6 811.143 773.983 772.83 1005.94 1552.33 1014.8 924.988 906.891 717.954 672.35 1045.62 556.649 1127.24 897.38 806.848 955.083 652.388 577.552 1142.82 624.652 542.479 540.206 1915.41 538.882 499.949 494.547 527.023 491.837 490.413 866.817 499.255 483.813 429.787 1518.91 1191.68 1156.94 1042.49 1014.8 1008.36 1229.92 786.75 750.057 731.092 557.011 530.337
threshold=0 0.8277757763862611 1 0.9937499761581422 1.1833333373069765 2 -0.93235439062118519 0.22500000149011615 3 4 5 0.81241145730018627 -0.76694339513778675 0.05172413773834706 6 -0.88218119740486134 7 -0.33425341546535486 8 -0.97507822513580311 -0.65233206748962391 9 -0.35206145048141474 10 11 -0.95242238044738758 -0.99273797869682301 12 -0.68322628736495961 13 14 25.274999618530277 -0.2901292592287063 1.0000000180025095e-35 0.35846313834190374 15 -0.013783186208456753 16 0.95502296090126049 17 0.82293498516082775 0.15951094031333926 0.91939014196395885 0.75000000000000011 18 0.77500000596046459 19 20 0.70900115370750438 -0.22695468366146085 0.70900115370750438 0.84773966670036327 21 22 23 0.045542273670434959 45.062500000000007 -0.99052476882934559 0.68432405591011058 24 0.43071107566356664 -0.50556187331676472
decision_type=9 2 9 2 10 9 2 10 9 9 9 2 2 2 9 2 9 2 9 2 2 9 2 9 9 2 2 9 2 9 9 10 2 2 2 9 10 9 2 9 2 2 2 2 9 10 9 9 2 2 2 2 9 9 9 2 10 2 2 9 10 2
left_child=-1 3 41 4 5 38 9 8 12 -7 17 13 -8 37 -15 16 -12 -9 -13 23 21 -21 40 -14 -24 -19 27 -17 29 -28 33 32 -32 -30 35 36 -35 -11 49 -40 -22 -3 43 -26 -36 47 -47 -16 -27 50 -2 53 -52 -51 60 56 57 -55 -59 -57 -53 -61
right_child=1 2 -4 -5 -6 6 7 10 -10 11 15 18 19 14 45 26 -18 25 -20 20 22 -23 24 -25 42 48 28 -29 30 -31 31 -33 -34 34 44 -37 -38 -39 39 -41 -42 -43 -44 -45 -46 46 -48 -49 -50 51 52 54 -54 55 -56 59 -58 58 -60 61 -62 -63
leaf_value=-0.05035692227101371 0.068958959012916141 0.091465313869643516 -0.051979983434566335 -0.054503368554832135 0.07786157440201745 -0.060535350422503645 -0.062696363649319894 -0.060744282395052362 -0.055537739405060807 0.096717141028927395 0.12134891787873628 0.0525640046277474 0.093104259659894384 -0.052225602206283896 -0.01696111491180902 0.073728838270205529 -0.065029044025961075 -0.06210538607924726 -0.062521854405771626 0.067459237349423162 -0.05482376794311114 -0.0590653110574271 -0.040869247774134303 -0.056565802148779043 0.081617485217192628 0.06534625925912739 -0.023935200662677913 -0.060572244880552663 -0.02150333744664143 0.081647735515383235 0.050423275396874294 0.066032271511361901 -0.032499302508740384 -0.053968682752136989 -0.012980031405551248 -0.0219892274221332 0.07960465887701168 0.069469629946793274 0.075165325616029149 -0.059849812573083527 0.15849201850302408 -0.054811372195081691 -0.0018425789207877242 0.20448706666242283 0.091101595791228382 -0.052389820580169881 0.051906414532776279 0.083143179153774699 -0.059790567046097032 0.063939936854977925 0.050059707848882307 -0.066671851091167952 -0.050336277250305698 -0.072243921382918838 0.087069239770839996 -0.045773142883447152 -0.0910366813899528 0.056352236704192621 -0.065302821844465342 -0.033576746362964323 0.082742554422906803 0.038797975881535281
leaf_weight=1583.3712498042732 34074.103733644821 1184.9901083894074 1425.2784008989111 406.62888889759779 13979.303014357574 456.33375955093652 264.01181713864207 381.79368163365871 2032.2262230869383 2953.0393548039719 116.39764041826129 271.40501205530018 1246.4755181530491 296.32837044075131 139.45112804975361 283.50994339771569 302.68437963817269 181.44386481959373 294.17514762096107 408.1673367684707 262.66009595710784 567.07477500662208 169.57008621189743 109.40803350135684 1427.3548172609881 610.65312620252371 268.26255633402616 276.53805688861758 198.77343599498272 4844.9700717171654 632.94638982601464 878.95370661281049 769.28854576777667 93.420608484186232 124.06713766977191 427.71046891249716 1387.2269244398922 6074.2446010839194 745.02023623138666 394.90902346000075 33.367696245200932 61.44262089766562 165.67067958414555 92.956836547702551 2468.8215688504279 234.82343512494117 1122.1858264002949 1450.2514959247783 88.42583538312465 14210.327127948403 735.10045962408185 175.55964923463762 457.38175988662988 123.68104989919811 4609.0367560340092 411.76185090839863 150.46470006089658 9269.8781127780676 128.45488167088479 301.24930990766734 96.752112304791808 1584.1269012633711
leaf_count=149050 50788 4398 95910 19024 9251 10411 6701 8544 83726 4243 133 836 1986 3704 1303 422 4682 3786 4879 2256 11379 11463 6745 2251 7696 2653 3694 5152 2913 10354 3514 2553 14311 1020 1378 5987 3947 8543 2239 9984 133 2436 4089 159 4263 1735 2359 2163 2796 30903 3992 3503 8997 1284 6463 6985 926 22163 2375 3103 27 7130
internal_value=0.0575197 0.0589552 0.011383 0.0600534 0.0604555 0.0580671 0.0490584 0.0408641 0.0137381 0.0621122 0.053691 0.0664678 0.0434229 0.0699301 0.0458885 0.0588182 -0.0119197 0.000122959 -0.00747166 0.0497697 0.0360987 -0.00602502 0.055192 0.0812967 0.0689075 0.0265163 0.0612073 0.00764915 0.0636874 0.0762213 0.0545072 0.0283491 0.00493062 0.0670004 0.0710575 0.0501808 0.0706994 0.078567 0.0626447 0.028526 -0.0307792 0.0835841 0.079718 0.0891301 0.0864227 0.0557432 0.0338549 0.0747782 0.0495178 0.0632405 0.0670178 0.0589519 0.0115501 0.054723 0.0816325 0.0436907 0.0507995 0.0530407 0.0546895 0.013948 -0.0131038 0.0270901
internal_weight=120516 118933 2671.71 116261 115854 101875 34407.1 21114.8 6778.94 13292.2 14335.9 12835.9 4746.72 12270.3 3243.04 13073.6 419.082 1262.32 565.58 4482.71 3126.82 975.242 2151.58 1355.88 1855.55 880.523 12654.5 560.048 12094.4 5113.23 6981.21 2281.19 1402.23 4700.02 4501.25 1908.36 1480.65 9027.28 67467.8 1139.93 296.028 1246.43 1685.98 1520.31 2592.89 2946.71 1357.01 1589.7 699.079 66327.9 35266.6 31061.3 1192.48 26179.9 4881.35 11969.6 9672.48 9522.01 9398.33 2297.14 272.312 1885.38
internal_count=701793 552743 102744 449999 430975 421724 260862 220686 138584 40176 82102 29765 54858 24050 11264 64323 4815 17779 5715 48157 43920 13719 30201 4237 18689 9235 59508 5574 53934 14048 39886 20378 17825 19508 16595 10954 4967 12786 160862 12223 11512 6834 11944 7855 5641 7560 4094 3466 5449 148639 63777 84862 12989 74869 9993 43966 26748 25822 24538 17218 3530 10233
cat_boundaries=0 4 7 11 15 19 22 26 28 31 35 38 42 44 47 51 55 59 62 66 70 73 77 80 83 87
cat_threshold=2107460 3089138593 753708 64 67174400 786432 8192 2001601153 26214412 2009076032 518 9457938 100737042 1051648 296 135267330 67131456 25728 16 2147500058 1074003984 2147754496 2147500032 1107297296 2099202 416 0 33554432 65840 0 2147483648 1048578 0 0 8 4370 33554448 3072 1048594 33554432 3072 8 8392704 33554432 142607360 100687872 3145730 142611488 100687874 137380866 9 5152 24576 2097152 9 2147532832 1074069504 2361345 256 1610612736 16777216 545259520 4128 16384 2097152 1 8392992 4194306 262656 9 36864 991232 1048577 268435968 25165824 272629760 518 50463360 26214400 1669333056 67764352 26214400 1149243392 4718592 8 67109120 514
is_linear=0
shrinkage=0.05


Tree=17
num_leaves=63
num_cat=22
split_feature=0 35 0 20 0 43 44 0 30 6 43 48 48 0 43 16 18 0 0 0 11 35 0 0 0 28 0 0 48 48 44 0 28 0 43 0 32 41 11 44 0 43 0 24 0 43 48 28 0 40 26 44 44 43 44 0 44 44 0 24 28 43
split_gain=6787.61 4225.94 4039.35 1793.21 1723.4 1332.46 1002.52 1797.07 1589.97 1221.74 1021.72 963.26 943.819 926.748 906.784 890.971 876.159 1130.39 1125.15 845.98 821.215 903.793 1107.32 766.032 751.929 756.991 687.276 682.6 766.234 675.325 662.155 1816.09 613.402 2325.48 1336.44 823.576 762.438 655.367 604.79 583.016 1577.3 939.391 2404.22 699.246 649.124 555.966 541.428 514.641 601.313 512.603 509.247 1068.2 505.929 504.882 490.906 464.19 455.298 452.236 907.204 449.034 446.75 445.292
threshold=0 2.2500000000000004 1 0.31666667759418493 2 0.93845596909523021 -0.97507822513580311 3 0.1267928555607796 1.0000000180025095e-35 0.90162119269371044 0.97005265951156627 0.99807518720626842 4 -0.98930078744888295 20.250000000000004 7.0499999523162851 5 6 7 166.54166412353518 0.35000000894069677 8 9 10 0.061906902119517333 11 12 0.74910917878150951 0.65269392728805553 -0.58481180667877186 13 0.033333335071802146 14 0.70900115370750438 15 1.0000000180025095e-35 0.77259656786918651 109.04166793823244 -0.73865258693695057 16 -0.88218119740486134 17 -0.031972395256161683 18 0.43733377754688268 0.67983120679855358 0.013725490774959328 19 5.0030000209808358 0.083254016935825362 -0.83375966548919667 -0.90892156958580006 0.79904097318649303 -0.86112883687019337 20 0.54039287567138683 0.15738975256681445 21 -0.031972395256161683 0.013725490774959328 1.0000000180025095e-35
decision_type=9 2 9 10 9 2 2 9 2 10 2 2 2 9 2 10 10 9 9 9 2 2 9 9 9 2 9 9 2 2 2 9 2 9 2 9 2 2 2 2 9 2 9 10 9 2 2 2 9 2 10 2 2 2 2 9 2 2 9 10 2 2
left_child=-1 2 14 4 20 6 7 60 9 10 16 23 24 -12 19 26 18 45 29 -2 27 22 -22 -10 -3 32 -16 28 -4 53 31 -23 33 59 35 36 -34 57 -36 40 -35 42 46 -42 -43 -18 -41 48 -32 -48 51 61 -25 -8 -39 -5 -55 -37 -59 -26 -6 -33
right_child=1 12 3 55 5 -7 8 -9 11 -11 13 -13 -14 -15 15 -17 17 -19 -20 -21 21 30 -24 52 25 -27 -28 -29 -30 -31 47 50 34 39 38 37 -38 54 -40 41 43 44 -44 -45 -46 -47 49 -49 -50 -51 -52 -53 -54 56 -56 -57 -58 58 -60 -61 -62 -63
leaf_value=-0.050309640770488141 0.11389250236960953 0.067477434162557554 -0.078735771107974042 -0.012030394074201065 -0.004783000173272673 -0.049620410768092482 -0.035927292134009123 -0.051521290040911688 0.0089080396967321576 0.072473585935517254 0.10542863972151484 -0.064422574608784741 -0.040215181316843783 -0.052416039669734196 0.009333350105008421 0.073463905382873479 0.022368936012630097 -0.055870514007149943 -0.049400849441898299 -0.052893442579509259 -0.035238683096115928 -0.044500073212635667 0.039367570228008131 -0.040928010920019478 0.069112343452617547 -0.05605316362627584 -0.048578618003438212 0.074257312378154416 0.067967732028665101 0.056155745372583846 0.053061716135003406 0.023608249489330126 0.078293095730796305 0.064109927179559531 0.086256676778180122 0.069792468199821212 -0.035742208419797368 0.044912208884500177 -0.067551812565420158 0.060398139502212178 0.071257288811116912 -0.0040971237141930383 -0.073148171302306067 -0.07184267930222546 0.076633156061020363 0.11277972142568443 -0.082194781187671651 0.077165443188874153 -0.052350188659970369 0.066185054418638978 0.14022312838133225 -0.034146517443227463 0.059697537456466637 -0.056690652376100617 -0.071681136046416793 0.081508456404984025 0.14829602266976394 0.077553077921043587 -0.062683419619495223 -0.065478736848167074 0.079869248529223238 0.081479575675705254
leaf_weight=1507.5384873943403 236.09868849534541 47457.938852156512 161.61027918476611 142.11797389574349 166.88220157194883 498.29887065012008 631.09695613849908 317.14814897999167 1036.9628683701158 613.2387557644397 355.2871706308797 196.43125448469073 219.88785352744162 120.94843368511647 734.11842273361981 221.70847092848271 356.35311890766025 263.7921286560595 1789.20291834604 105.9438571119681 539.5837378250435 527.59113725088537 5687.1367637999356 128.45781549066305 70.45217299181968 147.07031811587512 1695.574719262775 5254.9302994627506 198.12042937520891 516.98794078547508 960.66314589045942 446.97685347218066 237.06786300335079 915.49280728213489 83.006682259961963 16816.409911885858 384.0023513273336 251.96158428676426 277.83725648419932 2781.8664194475859 106.24811178445816 270.54078168328851 415.91946921590716 434.37203246261925 4788.7735590655357 325.2239243676886 135.10970138572156 4059.8293391661718 150.79742910340428 102.26168584823608 175.34436924569309 309.53810458723456 4528.6805474478751 41.728872920386493 140.69038374442607 4078.1415183180943 77.208993041887879 264.40669712610543 190.00409912597388 514.76860414817929 2359.2130490038544 1296.6963791744784
leaf_count=149050 1307 35422 1396 1117 1204 23729 17193 7146 13914 1682 806 3994 1256 4483 17418 824 2813 4691 69329 3403 30176 4371 72088 2218 189 1741 111238 4484 301 7195 1540 1706 119 1442 19 14135 4065 616 3333 2470 95 1245 2957 2983 4062 1099 765 9233 2016 56 99 1978 26232 1351 1193 4982 461 325 1888 6963 4509 1678
internal_value=0.0549594 0.0563002 0.0434024 0.0477658 0.0439723 0.0306855 0.0336022 0.0600635 0.0267511 0.00628645 -0.00277787 0.0444383 0.0632258 0.0664544 -0.0125608 -0.0224869 -0.0110173 0.0310492 -0.0240296 0.0640158 0.0535565 0.0471652 0.0329091 0.0481937 0.063522 0.0570791 -0.0312424 0.0697639 0.00200494 0.0120925 0.0583628 0.0385689 0.0576688 0.0480251 0.0631181 0.0649986 0.00766267 0.0669724 -0.0321705 0.0536937 0.0245158 0.0587586 0.0385797 -0.0429252 0.0724596 0.0645624 0.0540342 0.0689124 0.0387664 -0.0182714 0.0581734 0.0514496 0.0568 -0.0181184 0.00313587 0.0785231 0.0763773 0.0684625 0.0192428 -0.048448 0.073984 0.0666447
internal_weight=119819 118312 41305.7 38312.2 34092 14323.1 13824.8 2843.24 10981.6 5091.07 4477.83 5890.53 77006.1 476.236 2993.44 2651.4 4001.59 945.369 3056.23 342.043 19768.8 14154.2 6226.72 5694.1 76786.2 29328.3 2429.69 5614.66 359.731 1267.02 7927.44 2756.15 29181.2 10535.8 18645.4 18284.5 621.07 17663.5 360.844 9950.58 1456.11 8494.47 3435.16 540.62 5059.31 681.577 3019.24 5171.29 1111.46 237.371 2228.56 2053.21 4657.14 750.035 392.652 4220.26 118.938 17270.8 454.411 585.221 2526.1 1743.67
internal_count=701793 552743 465404 331214 325115 194049 170320 12859 157461 111103 109421 46358 87339 5289 134190 129480 104132 8603 95529 4710 131066 124885 102264 42364 86083 50661 128656 6181 1697 26200 22621 9832 48920 23227 25693 22341 4184 18157 3352 16075 4520 11555 6248 3078 5307 3912 3291 12789 3556 821 5461 5362 28450 19005 1809 6099 1812 16348 2213 7152 5713 3384
cat_boundaries=0 4 8 12 15 19 23 26 29 32 35 39 43 47 51 55 58 61 64 67 71 75 78
cat_threshold=2107460 3089138593 753708 64 2287207466 1079117834 50332290 944 654312193 92541952 610541888 6 1350635664 16388 1082137600 4096 0 403701760 8 277057536 33554500 2424313856 1 540816 598016 268451840 0 1074790410 16777730 16777472 267264 6291456 1342279680 16384 1074809856 1884012707 30408712 868226112 782 4194336 0 0 256 536871680 0 4194304 4 67108865 75759616 67379200 6 2215641088 1174667328 3289391104 144 8388608 67127296 2147508865 159384832 16384 2113554 58725136 720902 134218512 142606352 720896 2097168 50332161 25165824 536870976 6 75513856 67960832 67117057 8 528 8192 69206016
is_linear=0
shrinkage=0.05


Tree=18
num_leaves=63
num_cat=20
split_feature=0 35 0 1 43 0 0 30 44 0 21 48 42 0 48 43 0 0 41 0 43 0 44 48 48 1 0 44 0 43 44 24 44 0 44 0 10 35 15 44 18 0 11 44 0 18 43 26 0 48 43 43 0 0 44 41 0 42 18 18 18 44
split_gain=6168.49 4019.88 3614.76 1594.2 1561.05 1447.32 1189.93 1017.77 1619.84 1576.68 865.67 860.416 808.537 1778.69 947.934 788.216 782.924 774.783 737.732 1370.46 1358.53 868.283 723.547 980.675 707.155 663.122 743.757 627.687 2014.08 880.586 610.149 591.464 573.893 3661.72 1177.4 1046.97 577.497 569.692 550.105 624.063 1393.71 718.196 665.588 543.326 916.137 505.044 491.137 478.892 1134.19 477.538 474.568 845.785 1839.73 703.37 473.044 472.802 1433.6 459.408 452.922 445.199 432.706 490.957
threshold=0 2.2500000000000004 1 0.94999998807907116 0.95502296090126049 2 3 0.1267928555607796 -0.97507822513580311 4 1.5625000000000002 0.99807518720626842 0.2269546836614609 5 0.86428347229957592 -0.99904707074165333 6 7 -0.2901292592287063 8 0.70900115370750438 9 0.88522326946258556 0.96056148409843456 0.99807518720626842 9.0500001907348651 10 -0.58481180667877186 11 0.71503382921218883 -0.091258823871612535 0.0080561176873743551 0.274878740310669 12 0.46611291170120245 13 11.458333492279055 0.84999999403953563 10.354166507720949 -0.89404255151748646 3.3541666269302373 14 150.62500000000003 0.59696555137634288 15 47.633333206176765 0.056951373815536506 -0.03477999567985534 16 0.92460557818412792 0.67802080512046825 0.42179998755455023 17 18 -0.90161547064781178 0.35206145048141485 19 -0.9103761315345763 60.562500000000007 0.18333333730697635 6.0499999523162851 -0.35846087336540217
decision_type=9 2 9 10 2 9 9 2 2 9 10 2 2 9 2 2 9 9 2 9 2 9 2 2 2 10 9 2 9 2 2 10 2 9 2 9 2 2 10 2 10 9 2 2 9 8 2 10 9 2 2 2 9 9 2 2 9 2 10 10 10 2
left_child=-1 2 10 4 5 22 -6 8 9 -7 15 18 14 30 16 57 -9 54 20 25 43 -22 24 -24 27 26 -20 28 31 38 -14 -4 35 34 -34 37 -37 -29 39 -30 42 -42 -41 50 -45 -18 -33 48 -21 -28 51 53 -53 -3 -10 -50 -57 -2 -17 -38 61 -56
right_child=1 11 3 -5 6 7 -8 12 17 -11 -12 -13 13 -15 -16 58 45 -19 19 47 21 -23 23 -25 -26 -27 49 32 29 -31 -32 46 33 -35 -36 36 59 -39 -40 40 41 -43 -44 44 -46 -47 -48 -49 55 -51 -52 52 -54 -55 60 56 -58 -59 -60 -61 -62 -63
leaf_value=-0.050263038300300156 0.15599869602599004 0.01795262459519879 -0.051982283013808417 0.079521576252272436 0.086360148293244926 0.080591496701599458 -0.048135644709667358 -0.0097620299542142807 -0.062833372589411088 -0.046850017521796933 0.059645233259041197 -0.038575532277888874 0.062235474883719138 -0.042555057394648731 -0.026529294271853091 -0.042395741593475207 0.070180184463448134 -0.018671596142335555 -0.040657906272965484 -0.047032567530443943 0.044224397036863004 -0.071770460272391659 -0.052203621982292503 0.080814772212084038 -0.065728399594251474 0.11478012083495855 0.034272441838850767 -0.031588376140506878 0.062428693688310923 -0.065193735670158487 -0.039761258462256227 -0.064649594773678487 -0.058583547958222439 -0.049461717367122793 0.082906388288080446 -0.046754338763022409 0.087296592760977509 0.047410491409342254 0.10707458943534572 0.053967193372468386 0.078314279618073079 -0.057915125826325811 -0.05969245439616299 0.082234552234858302 -0.062268654628193747 -0.080052160419888288 0.052800767317391063 0.061865713887979359 0.062169378144482507 -0.064059111943156749 0.082361282914790834 0.084982782592092451 -0.081357459232785048 0.066965883552071656 -0.026779520653266459 0.054967929916232762 -0.070996415400777668 -0.059821128127179879 0.065684841863659901 0.064246298963433882 0.057648806454464754 0.030956589434188404
leaf_weight=1435.3202527943067 86.565510376356542 774.5189084103331 624.73967312742025 3077.5438311649486 198.61845718789846 1407.0612019719556 776.95283686649054 356.74321553204209 157.70990287233144 289.05654211062938 313.49150476697832 217.82583908736706 1348.7547453055158 758.91335861384869 325.32948484271765 1897.1384528297931 4056.1259028976783 2306.6279412698932 405.84653381910175 313.57344929408282 353.59476573485881 280.28201826941222 370.59842841047794 221.30333313066512 123.39899815991521 206.34023018181324 3225.8074454264715 368.62096338625997 4147.9271300872788 152.45887599233538 164.50692134257406 119.9603966511786 157.28484480455518 803.54627294931561 2255.7535563725978 99.944135697558522 3668.7892860332504 599.13320801220834 493.86785403452814 174.70817057788372 873.14776841551065 104.13716071005911 490.23383629787713 207.02628989517689 212.10637523373589 56.724883699789643 344.97889285068959 23925.062742176 2843.3858532141894 128.3843236444518 4390.4210826745257 350.03576397150755 298.96661755722016 36922.539083996788 543.47835410200059 927.6394218467176 288.89848641958088 34.479192945174873 102.15152442362159 4882.6999943898991 766.51056245900691 1141.6971897901967
leaf_count=149050 139 3023 10239 1154 1233 2740 33962 5069 3403 6292 1356 1256 4583 15807 4755 118843 14546 63607 5287 1971 431 2683 24925 2621 2264 37 8993 5674 13458 2476 3996 1981 3246 27361 10781 369 8557 1345 478 500 1404 1657 8123 123 1991 527 2225 25308 2678 1012 1025 183 1927 26584 10553 915 1912 1165 599 9828 3736 27827
internal_value=0.0525949 0.0538509 0.0412797 0.0449798 0.0420174 0.0437683 -0.0203616 0.0310164 0.0169393 0.0590715 -0.0178331 0.0606557 0.0442312 0.0196632 0.0558732 -0.0293724 0.0618711 0.00240292 0.0609399 0.055203 0.065167 -0.00749975 0.0520049 -0.00247001 0.0536043 0.0274391 0.0227191 0.0543275 0.042863 0.0534569 0.0508116 -0.0200201 0.0610496 0.0427667 0.0733798 0.0671633 0.0726549 0.0171424 0.0564206 0.0521001 0.0260123 0.0640067 -0.0298293 0.0662343 0.00958359 0.067943 0.022497 0.0590639 0.0438716 0.030418 0.0667899 0.0650071 0.00841307 0.0659814 0.0210231 0.0508832 0.0249227 0.0945231 -0.0368735 0.0741354 0.0265031 0.0123364
internal_weight=118951 117516 41243.4 38809.6 35732 34756.5 975.571 13679.2 6612.14 1696.12 2433.83 76272.3 7067.1 2272.18 4794.92 2120.33 4469.59 4916.02 76054.4 32264.9 43789.5 633.877 21077.2 591.902 20485.3 3966.38 3760.04 20361.9 7526.16 6436.48 1513.26 1089.68 12835.8 3216.58 2413.04 9619.19 8651.43 967.754 6284.02 5790.15 1642.23 977.285 664.942 43155.6 419.133 4112.85 464.939 28298.6 4373.5 3354.19 42736.5 38346.1 649.002 37697.1 2609.4 4059.92 1216.54 121.045 1999.29 8551.49 2451.69 1685.18
internal_count=701793 552743 465404 343302 342148 306953 35195 167441 118158 9032 122102 87339 49283 24386 24897 120746 20142 109126 86083 48113 37970 3114 139512 27546 111966 15329 15292 109702 42541 28096 8579 14445 67161 41388 14027 25773 18754 7019 25620 25142 11684 3061 8623 34856 2114 15073 4206 32784 7476 10005 32742 31717 2110 29607 45519 5505 2827 1304 119442 18385 42116 38380
cat_boundaries=0 4 8 12 14 17 20 23 26 30 34 38 42 46 49 53 56 60 63 67 70
cat_threshold=2107460 3089138593 753708 64 2287207466 1078069258 50332290 688 654316305 42210372 610541904 6 0 83886080 1073807488 16793600 1073748992 229504 8208 1350583296 229376 67133440 1073758208 268550144 17367040 2551203840 9732112 1141529664 2349086865 312 1879048704 25174016 268435456 520 32768 67116096 2147491968 256 67108865 8650752 67379216 2 637534736 8388608 8192 6 603980288 33558596 8192 536875520 1028 4194368 4 536936464 0 64 2147504418 5505024 23069184 3 1 4 22528 134219008 20544 2147745793 512 570621952 58720256 813695040
is_linear=0
shrinkage=0.05


Tree=19
num_leaves=63
num_cat=21
split_feature=0 35 0 9 43 0 0 30 0 42 0 16 48 0 43 0 18 10 27 41 0 43 0 43 10 1 0 0 18 0 28 0 11 32 0 48 43 0 43 41 10 35 0 35 41 48 47 29 18 48 0 45 27 28 28 0 43 0 38 16 43 0
split_gain=5619.74 3780.9 3250.48 1615.6 1301.67 1329.7 1108.75 843.276 1256.49 911.709 1552.18 815.786 785.083 753.909 736.675 1067.78 846.53 832.638 764.815 720.567 1268.56 1239.93 804.819 689.667 667.221 610.154 729.105 580.417 546.664 504.936 734.759 1552.58 497.267 490.626 522.783 490.062 773.59 1218.3 579.727 519.471 485.009 794.864 828.547 564.709 704.525 644.384 1312.18 528.429 839.878 575.305 1032.89 478.586 662.601 454.348 429.595 2054.1 1079.86 429.966 426.763 426.175 408.836 873.879
threshold=0 2.2500000000000004 1 0.081246752291917815 0.95502296090126049 2 3 0.1267928555607796 4 0.2269546836614609 5 20.250000000000004 0.99807518720626842 6 -0.21861968189477918 7 0.22500000149011615 31.958333015441898 0.072108600288629546 -0.2901292592287063 8 0.70900115370750438 9 -0.99904707074165333 8.791666507720949 0.55000001192092907 10 11 21.774999618530277 12 0.033333335071802146 13 22.708333015441898 1.0000000180025095e-35 14 0.84555268287658703 -0.94423642754554737 15 -0.35041563212871546 0.58216583728790294 50.125000000000007 1.1500000357627871 16 0.84999999403953563 -0.84874749183654774 0.98086535930633556 0.62565135955810558 1.0033907890319826 3.8541666269302373 -0.743566334247589 17 1.0000000180025095e-35 0.058037718757987029 0.076470591127872481 0.048057714477181442 18 -0.35041563212871546 19 10.500000000000002 6.2500000000000009 0.15951094031333926 20
decision_type=9 2 9 10 2 9 9 2 9 2 9 10 2 9 2 9 10 2 2 2 9 2 9 2 2 10 9 9 10 9 2 9 2 2 9 2 2 9 2 2 2 2 9 2 2 2 2 2 10 2 9 2 2 2 2 9 2 9 2 10 2 9
left_child=-1 2 11 4 5 24 -6 8 28 13 -11 23 19 -9 15 16 -10 -16 27 21 25 29 -23 -2 -4 26 -21 53 -7 30 31 -3 -25 34 -15 36 39 51 -37 -28 -26 42 43 44 45 59 -47 48 -44 50 -49 -38 -53 -19 -22 -56 57 -57 -55 -42 -20 -62
right_child=1 12 3 -5 6 7 -8 9 14 10 -12 -13 -14 33 17 -17 -18 18 60 20 54 22 -24 32 40 -27 35 -29 -30 -31 -32 -33 -34 -35 -36 38 37 -39 -40 -41 41 -43 47 -45 -46 46 -48 49 -50 -51 -52 52 -54 58 55 56 -58 -59 -60 -61 61 -63
leaf_value=-0.050217011206456975 0.08660608470024983 0.049624708275863946 -0.094590007972609746 0.071566694885684928 0.082932823783146328 -0.025834410228203236 -0.047275091879803166 0.0052464009879152791 0.062664169889847784 0.047651214804066928 -0.031388715150997941 0.071541751293034583 -0.037004835633283072 0.061599512066364895 -0.087168380713067414 -0.031496537710116596 -0.041587115665116935 0.028065704306749123 0.079792644938212171 -0.039401267955007306 0.060237120367870371 0.042291656566217389 -0.070457089214327792 0.075809787919616664 0.067903126928202689 0.08924704940885847 0.052844411810874174 -0.023634992799066168 0.058538889980215107 0.066151595820012205 0.060153235494707163 -0.062072381021709366 -0.040426449837232939 0.064442353047501552 -0.058819596408498757 -0.020161367679079892 0.062736376277989475 -0.067244128133568226 0.068828886002637049 -0.036511304886729989 0.0136283165128263 0.0637989028813047 -0.027330344879633563 0.076974568057629408 -0.034755330529184079 0.93849794812417464 -0.053835541935449982 0.052467740610169671 0.085838533881405582 0.054896649512998191 -0.059563480430330433 0.067052933394779149 -0.07177673610125665 0.061624913418389327 -0.054615699148855584 0.040991361124874677 0.061308886126149265 -0.07442477133415426 0.26559969682960155 0.18857697920413241 -0.049655302651770733 0.060723631883704103
leaf_weight=1366.5478466679342 124.35132187744603 1222.4771092580631 78.73639611992985 4346.5064531378448 200.2097942493856 1702.7315569357015 734.17218848643824 734.2071627387777 881.56394110713154 1603.4103103503585 1002.4813737017103 229.95746527053416 215.77125427126884 172.49158465955406 119.65323496796191 989.56378073338419 249.92984611261636 627.04759609978646 1464.920478399843 395.78567821392789 21879.882735639811 351.76987788639963 271.63757184054703 96.717756013385952 3495.1917040394619 401.1754081742838 1436.8765636216849 548.8830902390182 216.37268309574574 35847.834516081959 5138.2697996338829 407.48144829738885 1891.3439318737946 4590.9242111244239 168.10925825964659 216.07908344361931 471.21920448448509 525.78749953769147 1195.8869168460369 183.41296355240047 244.55736982170492 4637.035432077013 555.79554798733443 213.26784943975508 852.47581684961915 6.0550973508506996 7.4057574132457376 545.32493262458593 232.5405340148136 5890.1420538146049 317.30877488013357 146.86024773493409 207.2119801370427 67.944855914451182 472.70203647203743 122.13018280267715 4174.5006674453616 207.56939125061035 41.188371004536748 40.587409026920795 216.09337147232145 919.9345739800483
leaf_count=149050 1305 1600 467 3623 1172 58137 33706 8644 5181 9150 19574 804 1256 487 751 24027 2315 11209 4750 5271 21445 431 2683 164 3250 157 1667 15946 1776 23838 6151 3267 119304 16629 3593 1101 608 5464 921 913 6363 7505 12565 1281 32046 102 341 2436 714 33269 7316 337 1326 780 3321 230 3898 1454 88 203 6169 8262
internal_value=0.0504075 0.0515872 0.0393801 0.0428342 0.0392129 0.0408396 -0.0189939 0.0305547 0.0190485 0.0417838 0.0173071 -0.0178148 0.058233 0.0530416 0.0300786 0.00630149 0.0392894 0.042744 0.0467441 0.058506 0.0528228 0.0627168 -0.0072882 -0.0276265 0.0505969 0.0299623 0.0250484 0.0151868 -0.016237 0.0637408 0.0507995 0.0216246 -0.0347716 0.060025 0.00224626 0.0308872 0.019433 -0.00850547 0.0552103 0.0427296 0.0512976 0.0470118 0.0382709 0.00222569 -0.0116041 0.0544891 0.392546 0.04473 0.0060518 0.0493116 0.0111762 0.0293754 -0.0141937 0.043857 0.0571998 0.043962 0.0543081 -0.0326854 0.138608 0.0385304 0.0623358 0.039825
internal_weight=117916 116549 41057.1 38714.8 34368.3 33433.9 934.382 16317.5 8045.83 8271.62 2605.89 2342.37 75492.3 5665.73 6126.72 2121.06 1131.49 4005.67 3886.01 75276.6 32037.1 43239.5 623.407 2112.41 17116.4 5180.3 4779.12 1285.06 1919.1 42616.1 6768.23 1629.96 1988.06 4931.53 340.601 4383.33 2971.37 1351.08 1411.97 1620.29 17037.7 13542.5 8905.46 1364.35 1151.08 298.606 13.4609 7541.11 788.336 6752.78 862.634 825.291 354.072 736.181 26856.8 4976.9 4504.2 329.7 109.133 285.145 2600.95 1136.03
internal_count=701793 552743 465404 343827 340204 305326 34878 197468 139391 58077 28724 121577 87339 29353 79478 31523 7496 47955 47204 86083 48113 37970 3114 120773 107858 17765 17608 28023 59913 34856 11018 4867 119468 20709 4080 12337 10315 7735 2022 2580 107391 104141 96636 40336 39055 7009 443 56300 13279 43021 9752 2271 1663 12077 30348 8903 5582 1684 868 6566 19181 14431
cat_boundaries=0 4 8 12 14 18 21 24 27 31 35 39 42 46 50 53 57 60 63 67 71 74
cat_threshold=2107460 3089138593 753708 64 2287207466 1078069258 33555074 688 50336512 42210308 610533712 6 0 83886080 277495808 68165712 2172649473 265 196752 8208 1350591488 229504 67133440 1074814976 67108992 16777216 268443648 9732112 1141529672 2349104017 312 1879048704 25174016 268435456 520 32768 67116096 2147491968 256 1610678289 606208 134217728 209721120 1107325010 3274965506 657 142610944 2 262656 1 75497472 0 268435456 9437184 8 67108864 40 50331648 33559552 71303440 512 0 536870976 738306 33628180 1127219202 515 536870912 4194304 4194304 4 1140850816 606208 1073751040
is_linear=0
shrinkage=0.05


Tree=20
num_leaves=63
num_cat=0
split_feature=35 7 43 18 44 28 28 38 44 44 44 43 43 18 43 43 43 35 44 44 26 41 43 42 23 43 38 43 43 43 11 26 44 41 18 28 28 24 35 28 44 35 18 42 41 44 41 42 28 43 9 37 41 44 44 28 28 41 11 44 43 36
split_gain=4692.52 2267.76 2008.95 1501.03 2549.97 1362.55 1106.22 1105.94 1561.62 953.504 913.492 956.374 907.181 841.867 835.358 822.695 944.802 879.594 895.175 794.167 1079.31 784.753 998.679 861.533 747.76 710.518 885.225 704.353 690.939 1280.8 789.884 681.568 979.041 926.868 849.762 681.551 666.396 630.941 594.778 587.38 583.286 732.502 580.422 554.346 553.572 1019.7 553.227 531.86 518.184 1095.15 502.664 1217.12 1116.65 502.127 1050.94 492.88 1522.79 483.36 474.878 496.493 467.105 656.416
threshold=2.1499999761581425 1.0500000119209292 -0.9193688929080962 5.2750000953674325 -0.98801845312118519 0.017647059634327892 0.045542273670434959 8.5000000000000018 -0.4755979031324386 0.86004966497421276 -0.94703993201255787 -0.86546283960342396 -0.065535377711057649 25.274999618530277 0.9159645438194276 0.94425827264785778 0.79904097318649303 1.0000000180025095e-35 0.7074720859527589 -0.89404255151748646 0.01039831852540374 -0.2901292592287063 0.70900115370750438 -0.72947329282760609 0.81023570895195018 0.90892735123634349 13.500000000000002 -0.88218119740486134 -0.98046803474426258 -0.9550008475780486 127.37500000000001 -0.03406312316656112 -0.99465739727020253 0.09796465560793878 8.6833333969116229 0.017647059634327892 0.025490196421742443 -0.018950596451759335 8.7500000000000018 0.056927841156721122 0.59696555137634288 3.5499999523162846 26.562500000000004 0.09796465560793878 0.77259656786918651 -0.35846087336540217 -0.41248606145381922 0.88144907355308544 0.0058823532890528449 -0.99166062474250782 0.11798192933201791 3.3805000782012944 0.032701563090086053 -0.92272481322288502 -0.9711191952228545 0.025490196421742443 0.053132651373744018 -0.68322628736495961 99.875000000000014 0.70138040184974682 -0.99940761923789967 4.5000000000000009
decision_type=2 2 2 10 2 2 2 2 2 2 2 2 2 10 2 2 2 2 2 2 10 2 2 2 10 2 2 2 2 2 2 10 2 2 10 2 2 8 2 2 2 2 10 2 2 2 2 2 2 2 10 2 2 2 2 2 2 2 2 2 2 2
left_child=1 2 5 4 12 28 44 15 -9 14 13 -12 -4 24 25 16 17 27 19 53 -21 22 40 -24 -5 26 -10 -6 30 -30 -1 33 -33 -23 58 -22 -20 -16 -36 -29 48 -42 -15 -41 -7 -46 -18 -14 49 -2 51 52 -3 54 -19 -13 -57 -58 -35 -60 61 -50
right_child=21 50 3 10 7 6 -8 8 9 -11 11 55 47 42 37 -17 46 18 36 20 35 31 23 -25 -26 -27 -28 39 29 -31 -32 32 -34 34 38 -37 -38 -39 -40 43 41 -43 -44 -45 45 -47 -48 -49 60 -51 -52 -53 -54 -55 -56 56 57 -59 59 -61 -62 -63
leaf_value=0.052756337055831416 0.064110060115848702 0.03806789831285276 -0.052968317956854465 -0.058558394020327025 0.072287854078284294 0.069225134728331458 -0.049944395219569233 -0.050283565147182067 -0.053532431223669436 -0.047325969822900348 -0.044205991053770849 0.069762360975140714 0.067416643397606738 0.093683687569396781 0.065149215593633653 -0.04748114113970326 -0.0093285061080358774 0.05527679001406649 -0.043520346222501678 -0.055987548687486788 0.056125768264969872 0.053129051885119072 0.041158127193506977 -0.07545282716529006 0.085980534971466308 0.10210531322802503 0.034216715084586367 -0.039041509858883605 0.063348928254426215 -0.06254594531697473 -0.051561062662594304 -0.078745329147414236 0.053515804765593838 0.057861455155981956 0.043946044990740923 -0.035868954422430502 0.078821212197783708 -0.053136979520713015 -0.078123179222965924 0.082140435618838922 0.059356858525563522 -0.073107342187704413 -0.027228249205950034 -0.051458112860109533 0.11303659228573318 -0.023228667484331566 0.063820099216818957 -0.061472361863622475 0.053159276977713311 -0.016086245244620191 0.069217598325659949 0.063714320725256804 -0.047404423505244674 0.075985169807643665 -0.066883591326984945 -0.031754700058088628 0.1084465769325169 0.042189278610971097 -0.053649862609649136 0.072601220548015641 0.063210908301931698 -0.096054134772242797
leaf_weight=259.01848938409239 1203.7774620894343 1324.7812565052882 178.61973121529445 547.6446366244927 202.62972768489271 5577.0030377656221 219.80945346551016 1860.8989958032034 340.13315441040322 705.77583523513749 246.49509675987065 2820.1210736390203 2584.5401608673856 301.77393448306248 139.58076952537522 483.33535438356921 311.84837776608765 512.39716093661264 126.79421293362975 777.56665116362274 587.02138608088717 2687.0031545003876 456.62445437535644 242.51444680802524 106.95748721342534 304.62622313853353 1854.3405350917019 1527.8035965701565 995.77021069312468 253.44417375372723 606.05490267649293 140.63826326746494 27352.915581027046 144.62032413575798 1332.1272061741911 306.42811755323783 911.30297927744687 586.16493914974853 107.86933510238305 215.12527540046722 244.31917999126017 182.18854220816866 147.89657445438206 121.49827671749517 200.93824444152415 433.44013536954299 1510.471428793855 82.597610823344439 222.45225740410388 658.60644077416509 4127.0030712494627 3396.7010875465348 537.03089480428025 540.85529620852321 268.21832749154419 561.23101304424927 459.70811875071377 686.04240113822743 739.29100621817634 87.040649333503097 40211.688795233145 110.22858538897708
leaf_count=436 801 3653 4967 10526 2715 20840 5336 67532 24777 64745 4631 17006 10828 331 4654 28118 9271 2199 4376 12962 2917 4604 1337 2727 233 1596 44609 87135 4985 7788 10279 1364 46855 121 3026 4684 6188 39552 733 2841 905 1933 2242 8093 170 6880 16046 2348 206 3456 3715 5942 4252 1826 4381 12727 2351 6875 6017 127 36481 709
internal_value=0.0482568 0.0345859 0.0281517 0.0204369 0.0129217 0.0488423 0.0602899 0.00426147 -0.0125498 0.00531475 0.0422243 0.0517047 0.0561195 0.00124191 0.0168355 0.0158477 0.0197125 0.0102717 0.0238712 0.00999268 -0.0129133 0.0555929 0.0599855 0.000708596 -0.0349417 0.0305491 0.020616 -0.0162461 0.0140213 0.037807 -0.0203266 0.0497257 0.0528392 0.0329342 0.010427 0.0245742 0.0638783 -0.0303873 0.0348019 -0.0258682 0.060953 0.00277298 0.0539158 0.0339204 0.0641909 0.0199331 0.0513024 0.0634251 0.0615382 0.0357497 0.0561561 0.0459051 0.0134138 0.0389575 0.0133027 0.0569269 0.0357213 0.0687736 -0.0257229 -0.0403514 0.0627228 0.00371975
internal_weight=116973 40849.4 31463.9 22918.4 17040.6 8545.48 6431.19 14194.8 5791.52 3930.62 5877.87 4773.6 2845.76 1104.27 3224.85 8403.3 7919.96 6097.64 4030.58 2992.49 1671.02 76123.9 43532.4 699.139 654.602 2499.1 2194.47 2067.06 2114.29 1249.21 865.073 32591.5 27493.6 5097.95 2410.95 893.45 1038.1 725.746 1440 1864.43 42833.3 426.508 449.671 336.624 6211.38 634.378 1822.32 2667.14 42406.8 1862.38 9385.52 5258.51 1861.81 1321.47 780.615 4527.1 1706.98 1145.75 970.952 826.332 40544.4 332.681
internal_count=701960 590558 572996 516282 459360 56714 33226 441217 247465 179933 56922 43590 18143 13332 115188 193752 165634 140317 39533 28969 20563 111402 48555 4064 10759 70982 69386 100784 23488 12773 10715 62847 48219 14628 10024 7601 10564 44206 3759 98069 44491 2838 2573 10934 27890 7050 25317 13176 41653 4257 17562 13847 7905 8406 6580 38959 21953 9226 6265 6144 37396 915
is_linear=0
shrinkage=0.05


Tree=21
num_leaves=63
num_cat=25
split_feature=0 35 0 23 0 7 0 43 0 0 43 44 0 18 0 0 18 43 18 0 44 0 0 48 0 0 44 44 48 44 0 16 0 28 14 43 43 44 44 43 43 41 0 43 0 47 0 43 0 0 44 0 48 0 44 44 0 0 48 43 48 48
split_gain=4882.11 3518.72 3087.28 1353.58 989.093 965.634 1696.22 1112.81 1744.75 1692.58 1004.01 945.414 873.93 838.395 1454.04 797.269 733.093 949.943 708.537 1360.08 922.985 1292.52 1053.17 918.873 1250.62 1214.71 1034.71 1072.8 878.992 1391.61 850.107 803.307 674.922 674.023 646.745 637.406 629.198 661.858 626.797 586.053 1144.66 568.124 1192.31 666.945 571.394 538.229 527.922 527.81 527.594 516.778 508.95 2684.71 911.656 1033.7 646.562 896.442 1709.57 685.734 622.087 616.372 467.922 500.495
threshold=0 2.1499999761581425 1 0.22262190282344821 2 1.0500000119209292 3 -0.9599599540233611 4 5 -0.93235439062118519 -0.99761277437210072 6 2.3541666269302373 7 8 2.8541666269302373 -0.92599865794181813 6.7750000953674325 9 -0.99052476882934559 10 11 0.83186858892440807 12 13 -0.52034142613410939 0.79773375391960155 -0.35527852177619929 -0.40613879263401026 14 6.2500000000000009 15 0.061906902119517333 4.2500000000000009 -0.75579217076301564 0.9159645438194276 -0.33426210284233088 -0.056951010599732392 0.90892735123634349 0.91248813271522533 0.52778512239456188 16 -0.88218119740486134 17 -0.19578798115253446 18 -0.8978554606437682 19 20 -0.95242238044738758 21 0.9374808967113496 22 -0.90892156958580006 -0.73865258693695057 23 24 0.86428347229957592 0.88621068000793468 0.88840851187706005 0.58521145582199108
decision_type=9 2 9 10 9 2 9 2 9 9 2 2 9 10 9 9 10 2 10 9 2 9 9 2 9 9 2 2 2 2 9 10 9 2 10 2 2 2 2 2 2 2 9 2 9 2 9 2 9 9 2 9 2 9 2 2 9 9 2 2 2 2
left_child=-1 2 4 5 34 7 -7 9 11 -4 -8 46 16 49 38 -3 17 -13 20 -20 22 31 -10 24 26 -25 30 28 47 -30 45 -22 -18 41 60 -27 -26 -38 -15 -19 -41 50 43 44 -43 -23 -9 -28 -12 -11 51 -17 54 -54 -52 56 -56 -57 59 -59 61 -2
right_child=1 15 3 -5 -6 6 10 8 18 13 48 12 -14 14 -16 33 32 39 19 -21 21 23 -24 25 36 35 27 -29 29 -31 -32 -33 -34 -35 -36 -37 37 -39 -40 40 -42 42 -44 -45 -46 -47 -48 -49 -50 -51 52 -53 53 -55 55 57 -58 58 -60 -61 -62 -63
leaf_value=-0.05017742349201583 -0.0027729772212563494 0.057855947266237523 -0.052753302497143301 0.069906852231634592 -0.042206163116527223 0.065228043119241394 0.045290979613782534 0.072923416211352093 0.074279226791399838 0.1200221219023119 0.01567259206436114 0.073013607136414124 -0.045569395485026885 0.082188103619906389 -0.062026307193124866 0.061620146620559701 -0.034128936579164375 -0.045639242686966772 -0.033869324446688193 0.067625879456785901 -0.035202975981342345 -0.071617616301987111 -0.053716291322151215 -0.029104312446731059 -0.038256934240545451 -0.06484338392772461 -0.049324503334723241 -0.052982206528813781 0.079343450220619283 -0.050713848897471651 -0.049387008379680429 0.43545221056561112 0.063613847496911943 -0.056637342395080059 0.072483855679416592 0.073885842471110394 0.08343347541468131 -0.055041067540974244 -0.041837948352989596 0.13798826229134836 -0.054718081924197387 0.031574838640053483 -0.032634406274620963 0.053035707643224364 -0.076423220631522737 0.058182887926928752 -0.056668644247562128 0.088256382975453504 -0.068579771748294757 0.062482631267001904 0.069728810314105896 -0.070817313718129854 0.060523377538719982 -0.065595269879196505 0.056583028482516097 -0.055799286135087181 -0.070345990124568214 0.055844650112438471 -0.033206512139170613 -0.019364497475229579 -0.054976216258762138 0.046407004867042106
leaf_weight=1291.2042663912289 2064.8627214161679 46331.992861454375 357.16166753042489 3500.8496878696606 1188.2037435821258 5848.2731336364523 808.41924339346588 552.72171863541007 1604.2787688989192 463.16240825131536 311.75654340628535 268.17723186686635 1183.0750877256505 598.25843454711139 355.57937183091417 1387.2185523677617 227.37314092274755 1161.1718440526165 371.65067445300519 2805.8498697695322 1002.6828012387268 95.786775011569262 174.19685147609562 375.43156203255057 1182.2766744391993 86.213666665367782 73.082558923400939 229.69466112926602 438.09543273691088 387.69510715920478 570.70836506597698 9.1487190956249815 735.29350121505558 155.68626871192828 375.54018397442997 2089.8838599380106 249.73273062612861 131.84896094445139 122.77414621878415 139.55941480398178 172.06981351738796 309.25495436601341 638.05824049795046 2497.0076468363404 189.16193836554885 480.4614342879504 86.218743218109012 1511.0772426021285 448.81329529732466 3662.8649965813383 5110.6378384707496 518.38860345911235 295.62144013494253 337.12045486830175 646.9579579718411 139.82672095065936 435.05142191145569 15553.348702577408 204.66121725924313 277.27827575150877 312.87951080594212 690.25991656025872
leaf_count=148962 57569 36139 5218 4073 91054 4523 1281 829 2188 1334 775 1150 58526 927 2963 1150 1903 36502 5540 7741 37510 833 2527 6138 27884 1110 755 10669 793 8153 7284 50 5227 1863 817 9384 407 5503 1165 96 8246 589 6103 4010 1305 1190 1637 6752 3769 6079 2501 4460 277 2807 741 3208 3914 17605 996 2031 12690 12535
internal_value=0.0463044 0.0473924 0.0353189 0.0404067 -0.00306885 0.0371277 0.0528922 0.0322465 0.026322 0.0518488 0.00645448 -0.000671831 -0.00993902 0.0590177 0.0198378 0.0537559 0.0057994 -0.0135396 0.0351051 0.0558609 0.0289698 0.022408 0.061858 0.0292031 0.0174658 0.0539303 0.0329509 0.0502667 0.0601074 0.0182837 -0.00661301 -0.0306446 0.0408342 0.0470993 0.0105187 0.0680768 -0.0201107 0.035586 0.0602341 -0.0292998 0.0315831 0.0476817 0.029212 0.0423535 -0.010313 0.0359824 0.0556906 0.0819093 -0.0347405 0.069384 0.0503762 0.0255445 0.0524335 -0.00675191 0.0541078 0.0494816 0.00542055 0.052429 0.0533743 0.0545273 0.0029681 0.00954842
internal_weight=115824 114532 39505.1 34873.4 4631.75 31372.5 7417.26 23955.3 18395.5 5559.8 1568.99 4525.66 3886.72 5202.64 1076.61 75027.3 2703.64 1740.98 13869.8 3177.5 10692.3 8913.82 1778.48 7901.99 5350.46 2551.53 3786.6 2639.65 2409.95 825.791 1146.96 1011.83 962.667 28695.3 3443.54 2176.1 1563.86 381.582 721.033 1472.8 311.629 28539.6 3633.48 2995.42 498.417 576.248 638.94 1584.16 760.57 4126.03 24906.1 1905.61 23000.5 632.742 22367.8 17257.1 1082.01 16175.1 16035.3 15830.6 3068 2755.12
internal_count=701960 552998 463299 288634 174665 284561 10348 274213 256527 17686 5825 114116 111650 12468 5055 89699 53124 45994 142411 13281 129130 124415 4715 86855 70223 16632 36429 27122 16453 8946 9307 37560 7130 53560 83611 10494 33794 5910 2092 44844 8342 51697 12007 5904 1894 2023 2466 7507 4544 7413 39690 5610 34080 3084 30996 28495 4655 23840 20632 19636 82794 70104
cat_boundaries=0 4 8 12 15 19 22 26 30 34 37 40 43 47 51 54 55 59 61 64 67 70 74 77 81 85
cat_threshold=2107460 3089138593 753708 64 2287387690 1079658520 33571458 952 4374560 1589272 16384 296 662700161 67175428 3240108352 294125697 9222 3450078225 1 620823040 100667456 2164276480 285737089 8192 144703488 1 1073742096 327680 544473105 2 1951350947 30015492 868220992 782 604046096 327680 1057088 1107296512 100667456 6144 1073808144 25165824 536877376 67113472 25231360 536871168 6 67109376 16842752 536871168 2 512 0 536870912 16777345 192976640 33579018 1076905218 33 50368768 33554434 276824193 4 1073742848 0 8388608 268439552 16 263170 67371008 8389120 33554456 20736 1 16777488 0 256 768 0 67131392 32 135266304 16384 2147491840 144
is_linear=0
shrinkage=0.05


Tree=22
num_leaves=63
num_cat=25
split_feature=0 35 0 9 44 0 0 11 23 0 41 0 43 0 30 0 44 0 27 43 0 43 0 48 41 8 0 44 0 44 0 28 32 44 43 44 0 44 28 0 0 48 48 0 0 26 26 0 41 0 43 28 0 44 43 28 0 43 28 0 28 0
split_gain=4475.23 3299.97 2807.29 1282.92 951.593 923.583 903.516 830.148 788.608 805.812 765.175 1204.77 902.51 775.158 651.26 721.426 638.706 2469.69 597.928 595.594 1410.93 1011.05 1167.07 965.737 586.098 587.95 572.73 537.715 839.415 536.649 818.644 724.115 778.692 755.092 561.592 543.56 866.931 536.058 478.82 2251.21 480.205 444.06 498.716 605.78 599.277 437.737 436.788 913.042 423.054 827.219 450.209 418.616 1108.24 455.012 422.206 428.059 1159.88 398.629 1001.94 1975.5 433.889 2380.14
threshold=0 2.1499999761581425 1 0.079809732735157027 0.88522326946258556 2 3 13.375000000000002 0.33420594036579138 4 -0.2901292592287063 5 0.70900115370750438 6 0.10918333381414415 7 0.14037931710481646 8 0.25001850724220281 -0.9193688929080962 9 -0.20180235803127286 10 0.45945061743259435 0.68322628736495983 13.729166507720949 11 0.59696555137634288 12 -0.58481180667877186 13 0.0098039219155907648 1.0000000180025095e-35 -0.99052476882934559 0.98802474141120922 -0.91595870256423939 14 0.40418040752410894 0.0058823532890528449 15 16 0.89423519372940075 0.58521145582199108 17 18 0.11409049853682519 -0.03406312316656112 19 0.16280825436115268 20 0.69676569104194652 0.050299357622861869 21 0.17435361444950107 0.96234640479087841 0.0098039219155907648 22 0.67802080512046825 0.055752867832779891 23 0.036731028929352767 24
decision_type=9 2 9 10 2 9 9 2 10 9 2 9 2 9 2 9 2 9 2 2 9 2 9 2 2 10 9 2 9 2 9 2 2 2 2 2 9 2 2 9 9 2 2 9 9 10 10 9 2 9 2 2 9 2 2 2 9 2 2 9 2 9
left_child=-1 2 5 4 7 18 -6 -4 9 29 12 14 27 -14 15 -12 19 37 41 26 -21 22 23 -22 -16 -26 -11 38 -29 30 35 32 -32 -33 51 -9 -37 -18 39 -3 -40 42 44 -44 -2 -38 47 -13 -49 -50 -51 54 53 -53 55 56 -31 58 60 -60 61 -42
right_child=1 10 3 -5 6 -7 -8 8 -10 16 11 46 13 -15 24 -17 17 -19 -20 20 21 -23 -24 -25 25 -27 -28 28 -30 34 31 33 -34 -35 -36 36 45 -39 40 -41 57 -43 43 -45 -46 -47 -48 48 49 50 -52 52 -54 -55 -56 -57 -58 -59 59 -61 -62 -63
leaf_value=-0.050131785059426927 0.015900908636418524 0.06036852579389726 -0.088745111604352722 0.065596332039942543 0.054882463871874877 -0.041671759159670557 -0.050719457112898603 0.056937412369984425 0.06866647151220602 -0.013466666052470542 0.024616522347443871 -0.037041127742299305 0.04162439022521712 -0.065893303523069546 0.041845564812869274 -0.049454201641021572 -0.05804680689210228 -0.0477065104808852 0.078718820312196153 -0.053282445030587849 -0.048722862513745135 0.040592967907088683 -0.054125228057427748 0.067804591157871186 -0.048829269421667404 0.11226752319310661 0.054856062785939824 0.071075199028913863 -0.06729220794211753 0.051707574188690042 -0.06777388788618359 0.03449506196898338 0.064216356706656194 -0.060554944798832978 -0.054861737528429148 0.046952780957626429 -0.066009057487667111 0.068177397532689393 0.012465577944991008 -0.077430888767433204 -0.049639623921524129 -0.05488767899485511 0.073451747689128086 -0.023701536907690952 -0.040585554960797174 0.070102106135071729 0.052710639399645078 0.056913175044312703 0.046020958034498134 -0.059539296646905916 0.056959761599087444 0.078752189811209058 -0.056261330331364878 -0.059727323011074002 -0.059522316148172785 0.061027751465685579 -0.055080807258686817 0.074446992084441069 0.069753894990986068 -0.083969425962835229 0.062931182347968864 0.056314187962725498
leaf_weight=1229.3305122978054 1412.0894770920277 1446.244372356683 131.11566617060453 3933.5958035904914 295.35936180781573 1144.5107266716659 595.41391946608201 2447.3437937870622 1881.9186017010361 342.76352126384154 755.48477153806016 392.01808591745794 414.41470380872488 267.08260351791978 2958.0421232599765 566.74371912423521 92.083489876706153 1187.5741273942403 290.06694358028471 554.90043482324108 252.52893849369138 4821.513724395074 684.87367840157822 600.88246984314173 340.625398860313 67.933511734008789 3078.3612240343355 205.57749387435615 212.98888408206403 1459.3606060547754 138.61405835580081 316.4446316678077 576.4377861795947 615.08210151782259 126.26294489018619 765.67106680013239 346.54492663638666 971.85715045500547 571.54688460379839 363.87034364324063 555.34312851540744 293.3128986810334 523.98369828891009 227.88055568002164 691.1127279442735 71.207305716350675 22958.891414387152 2209.1808979250491 1140.0179114257917 363.46525461692363 107.44448932539672 476.74199018720537 312.7115730708465 67.748260308988392 80.475275145377964 7054.5148169863969 300.33157039619982 4027.7315425537527 475.30836663208902 357.10978588368744 23434.635034955107 9821.9647932304069
leaf_count=148962 28964 821 670 2856 3220 91054 48043 6170 2655 3765 3117 2060 522 2700 6243 6152 2629 47826 792 22845 2288 37733 12532 1369 2934 10 7743 165 2066 4046 1737 1582 1114 9782 5687 2710 5562 6989 2376 2565 2987 12347 5616 7258 28634 44 24553 1906 1187 1986 134 954 10744 1360 2177 26697 5105 952 274 2343 13797 7849
internal_value=0.0445406 0.0455694 0.0338362 0.0387037 0.0352646 -0.0029686 -0.0156576 0.036789 0.0373446 0.0352199 0.0517839 0.0459362 0.0562037 -0.000868507 0.0223665 -0.00732009 0.0257908 0.00167952 0.0099975 0.031068 0.0226255 0.0292863 -0.00596218 0.0329376 0.0340923 -0.0220428 0.0481318 0.0571415 0.000756867 0.0430058 0.0301617 0.000779821 0.0386298 -0.0282659 0.0499112 0.043365 0.0156635 0.0567197 0.0577164 0.0325737 0.0588761 0.00369781 0.00971654 0.0446675 -0.00277792 -0.0418077 0.0499769 0.0351948 0.042593 0.0232192 -0.0322731 0.0512677 0.0178976 0.0604123 0.0544837 0.0555246 0.0334625 0.0595434 0.0578279 0.00363537 0.0591621 0.0506505
internal_weight=114406 113177 39163.2 34580.2 30646.6 4582.96 890.773 29755.9 29624.8 27742.8 74013.7 31859.8 42153.8 681.497 4688.83 1322.23 12587.3 2251.51 3438.45 10335.8 6914.7 6359.8 1538.29 853.411 3366.6 408.559 3421.12 41472.3 418.566 15155.5 5277.35 1646.58 715.052 931.527 9878.15 3630.77 1183.42 1063.94 41053.8 1810.11 39243.6 3148.38 2855.07 751.864 2103.2 417.752 27171 4212.13 3820.11 1610.93 470.91 9751.88 857.202 544.49 8894.68 8814.21 1759.69 38672.1 34644.4 832.418 33811.9 10377.3
internal_count=701960 552998 463299 288634 285778 174665 51263 234515 233845 231190 89699 50282 39417 3222 18456 9269 145719 57444 83611 88275 76767 53922 16189 3657 9187 2944 11508 36195 2231 85471 28701 14215 2851 11364 56770 14486 8316 9618 33964 3386 30578 82819 70472 12874 57598 5606 31826 7273 5213 3307 2120 51083 13058 2314 38025 35848 9151 28202 27250 2617 24633 10836
cat_boundaries=0 4 8 12 14 18 22 26 30 34 38 41 44 47 50 53 57 61 65 69 73 77 80 84 87 91
cat_threshold=2107460 3089138593 753708 64 2287387690 1079658520 33571458 952 4374560 1589272 16384 296 67174400 262144 42471952 25166848 606347584 6 1343504 1175149640 2349088401 424 1879048704 25174032 272629760 520 1048576 147464 67114000 160 603979776 65536 1048576 1 67108864 327682 2148532241 1 536871040 0 281018368 872415232 67121216 1073748992 604045328 0 64 33559056 1024 538968384 4096 1024 64 1635778689 10 805311040 6 134219008 16384 2147484160 512 32 540696 0 256 4341792 1048576 16384 8 2151698722 5505024 18874368 7 570622080 25165824 805306432 512 512 16777216 536870912 8388624 25165824 536879168 2 1048577 4 4200512 2215657506 51650578 1144258563 288
is_linear=0
shrinkage=0.05


Tree=23
num_leaves=63
num_cat=0
split_feature=35 9 43 27 11 41 41 43 42 43 28 43 18 43 32 28 38 45 43 41 42 1 18 18 28 28 18 40 15 31 42 43 37 35 37 20 26 42 43 28 28 43 42 38 36 18 21 37 28 43 37 43 37 40 43 43 43 36 38 39 43 43
split_gain=3837.27 1818.67 1257.49 1094.41 1175.24 903.117 780.886 850.571 757.752 740.714 1281.06 1133.43 1210.08 1452.05 1046.47 977.094 951.828 941.344 946.492 708.365 652.3 651.314 926.339 641.42 616.501 734.04 606.408 678.722 586.084 570.741 569.51 562.055 548.01 525.853 521.129 519.231 497.725 859.504 485.237 954.392 752.943 1452.61 1214.29 768.336 619.451 674.979 606.941 553.268 478.593 1051.64 772.553 651.612 1098.57 684.317 710.216 613.577 586.726 477.556 471.561 466.396 454.909 770.374
threshold=2.1499999761581425 0.13549951463937762 -0.9550008475780486 0.23983684927225116 166.54166412353518 0.77259656786918651 -0.2901292592287063 0.70900115370750438 -0.72947329282760609 -0.048361575230956071 0.045542273670434959 0.15951094031333926 2.8541666269302373 0.55656746029853832 0.05172413773834706 0.050299357622861869 8.5000000000000018 1.0000000180025095e-35 0.96234640479087841 -0.35206145048141474 0.88144907355308544 0.35000000894069677 54.062500000000007 17.274999618530277 0.054168537259101875 0.056927841156721122 2.3541666269302373 2.932500004768372 25.062500000000004 1.0000000180025095e-35 0.16280825436115268 -0.19337636232376096 2.7055000066757207 0.84999999403953563 1.5860000252723696 -1.0000000180025095e-35 -0.03406312316656112 -0.93540480732917775 0.67802080512046825 0.055752867832779891 0.033333335071802146 -0.83847111463546742 0.16280825436115268 18.500000000000004 3.5000000000000004 15.550000190734865 -1.0000000180025095e-35 2.8605000972747807 0.013725490774959328 -0.84772008657455433 2.3514999151229863 -0.80924677848815907 2.8605000972747807 1.7624999880790713 -0.20180235803127286 -0.39036798477172846 -0.39826117455959315 8.5000000000000018 6.5000000000000009 0.78499999642372142 -0.86546283960342396 -0.9550008475780486
decision_type=2 10 2 2 2 2 2 2 2 2 2 2 10 2 2 2 2 2 2 2 2 10 8 10 2 2 10 2 10 2 2 2 2 2 2 10 10 2 2 2 2 2 2 2 2 10 10 2 2 2 2 2 2 2 2 2 2 2 2 2 2 2
left_child=1 2 5 4 32 26 7 38 -9 10 31 20 13 29 17 16 -16 18 19 -15 -11 22 24 -12 35 -26 -1 -28 -24 59 -21 48 33 -4 -14 57 37 -37 39 40 41 43 44 60 -43 -46 -42 -41 49 -6 -51 -50 53 54 -53 56 -52 -8 -7 -13 61 -2
right_child=6 -3 3 -5 9 58 21 8 -10 11 23 12 34 14 15 -17 -18 -19 -20 30 -22 -23 28 -25 25 -27 27 -29 -30 -31 -32 -33 -34 -35 -36 36 -38 -39 -40 47 46 42 -44 -45 45 -47 -48 -49 51 50 55 52 -54 -55 -56 -57 -58 -59 -60 -61 -62 -63
leaf_value=0.060221538127942759 0.054577510926994102 0.062661046839608964 -0.028488098017951703 0.065992119720219955 -0.05716497059930227 0.034116576663574337 0.031111966487446591 0.036613002815125563 -0.074950190749264498 0.050717631341782712 -0.044979587294171328 -0.05788703436329859 -0.044469769789747537 -0.029206754409920311 0.082427604524634102 -0.0016637867812967348 -0.023558889637021487 -0.059366996567212948 -0.053133409002309263 0.051493590884175502 -0.060251306986055478 0.072050384249512447 -0.071253579502028819 0.027627559958932447 -0.058012798391416667 0.028757500388059066 0.0077728883363511322 0.061585034933423793 0.047937236361124395 -0.057364126271007232 -0.021800344401458005 -0.050934201438557064 0.055537836391004229 0.048709028847420725 0.044600366223919864 0.045395123101660079 0.049301869073837497 -0.0059751483701726699 0.071554398889296225 -0.060291192275123508 0.013401745542563945 0.029852977266496307 0.043184977234260853 -0.013374336026590506 -0.07738417327298007 0.017955460407158726 0.061095909526594785 0.027397706201647859 0.048270928716057378 -0.044783576293077859 0.030211209094159176 -0.060172298266802204 -0.058700687879110328 0.058609862224632325 0.07786983941705676 -0.058792168058843179 0.11682192841045665 -0.038745795800975015 -0.039019884343161636 0.075130523057452714 0.075088665727607695 -0.011071536420356548
leaf_weight=4817.9473110460676 6158.7748256111518 3932.0307595846243 435.4712978429161 1332.4003687393852 597.67575121251866 427.12923836521804 1051.615912720561 447.05368738528341 230.77251000376418 3465.3823975170963 1625.4601071495563 108.92879558773711 173.75639813859016 512.24249764392152 1228.6803697561845 909.18358752736822 255.96538071800023 626.51343614561483 507.61402566917241 1409.1000830247067 137.69123551575467 1910.6141272047535 291.93825654732063 374.19969703583047 292.47750470554456 1462.5173364267685 1445.3229024866596 985.51124755479395 159.4778208816424 1172.1187981017865 326.43519106926396 314.6892745657824 2943.4845317914151 447.0739251752384 2991.4867552611977 2691.3440360012464 22301.470672251191 1167.4826771439984 4038.790720148012 256.51238329987973 686.90118633536622 366.718032438308 1423.38763592951 410.14535290235654 595.94175957934931 269.64306803885847 23076.738785807509 602.12944822153077 2013.5373980482109 387.16701961308718 1192.1328191785142 310.95186947099864 471.03073666803539 799.30864750593901 133.04300405131653 160.17693303246051 233.90431959088892 318.81160401226953 455.37192515237257 166.81944891158491 2432.4442097190768 481.83488272875547
leaf_count=17440 5830 3924 4162 4955 17255 2477 2277 1337 2727 33117 76302 5573 4395 24144 7443 41022 9711 24227 36389 17185 6479 615 1993 4550 2382 5552 10918 3447 193 63745 14763 14893 5129 784 25289 4868 37144 5777 1315 1746 1611 827 2637 1802 4842 818 18110 1960 19296 15822 22954 10088 18206 6055 120 8258 144 2046 8165 1732 892 2101
internal_value=0.0428662 0.0303786 0.0268423 0.0217777 0.0195488 0.0441351 0.0496675 0.0541807 -0.00136977 0.0152113 0.00367553 0.0223126 0.0139318 0.00263596 0.0138599 0.0391566 0.0641546 -0.004046 0.00853273 0.0224588 0.046477 0.0437523 0.0419342 -0.0313925 0.0430298 0.0142969 0.0499493 0.0295895 -0.0291454 -0.0421378 0.0377078 0.0142785 0.0451762 0.0106179 0.0397109 0.0448614 0.046433 0.0298531 0.0551036 0.0532963 0.0545422 0.0444111 0.0117264 0.0535642 -0.0246102 -0.0476844 0.0597173 0.00120135 0.0175365 0.000940834 0.0185393 0.0289823 0.00632717 0.0309633 -0.018808 0.0339953 0.0444174 0.0148605 -0.00362195 0.0225846 0.0565901 0.0498141
internal_weight=112952 39826.9 35894.9 27763.6 26431.2 8131.28 73125.5 41477.8 677.826 22605.2 8613.28 13991.9 10388.8 7223.6 5775.73 2393.83 1484.65 3381.91 2755.39 2247.78 3603.07 31647.7 29737.1 1999.66 29285.7 1754.99 7248.78 2430.83 451.416 1447.87 1735.54 6613.62 3826.03 882.545 3165.24 27530.7 26160.3 3858.83 40800 36761.2 35902.5 12138.9 2655.69 9483.2 1232.3 865.585 23763.6 858.642 6298.93 2571.06 1973.38 3727.87 1714.33 1243.3 443.995 1586.21 1426.04 1370.43 882.501 275.748 9073.05 6640.61
internal_count=701960 590558 586634 544187 539232 42447 111402 48555 4064 529157 213943 315214 275618 245934 174884 58176 17154 116708 92481 56092 39596 62847 62232 80852 60046 7934 31805 14365 2186 71050 31948 133091 10075 4946 29684 52112 47789 10645 44491 43176 39470 19749 9124 10625 6487 5660 19721 3706 118198 64433 47178 53765 34469 16263 10208 31356 23098 4323 10642 7305 8823 7931
is_linear=0
shrinkage=0.05


Tree=24
num_leaves=63
num_cat=22
split_feature=0 20 44 0 43 0 48 19 43 28 0 28 0 0 44 0 43 44 32 17 0 48 43 0 0 18 43 0 0 41 11 0 33 44 43 7 43 0 44 43 0 44 32 0 17 8 0 44 44 48 48 0 44 17 0 43 43 0 42 0 48 0
split_gain=3946.58 1986.4 1298.75 3002.17 1285.57 1180.62 1109.28 983.121 993.094 909.079 3385.59 1159.99 2437.91 1401.45 1327.93 1727.98 896.765 843.737 1028.96 824.646 829.923 651.394 599.167 1595.16 1564.53 1069.36 1379.78 1375.6 1317.27 773.458 567.991 802.467 621.862 571.379 546.644 545.642 476.627 712.28 444.996 436.537 435.965 664.571 590.162 416.809 409.051 434.744 406.127 402.327 401.637 1271.2 674.838 1521.47 645.461 947.989 478.627 390.008 793.068 1389.91 802.613 651.482 573.257 1198.55
threshold=0 1.7749999761581423 0.8277757763862611 1 0.9937499761581422 2 0.99807518720626842 4.5000000000000009 -0.99904707074165333 0.0098039219155907648 3 0.046430176123976714 4 5 -0.70289847254753102 6 -0.35041563212871546 1.0000000180025095e-35 1.0000000180025095e-35 5.0625000000000009 7 0.58521145582199108 -0.93235439062118519 8 9 3.1833333969116215 -0.31799228489398951 10 11 0.72947329282760631 103.62500000000001 12 1.0000000180025095e-35 0.24164313822984698 0.91939014196395885 9.9499998092651385 -0.86546283960342396 13 -0.36648371815681452 -0.84772008657455433 14 0.24164313822984698 1.0000000180025095e-35 15 0.14583333581686023 0.21249999850988391 16 -0.90892156958580006 -0.75013810396194447 -0.66350978612899769 0.70675188302993786 17 -0.86112883687019337 1.1833333373069765 18 -0.9599599540233611 -0.64578425884246815 19 -0.52778512239456166 20 0.83186858892440807 21
decision_type=9 10 2 9 2 9 2 2 2 2 9 2 9 9 2 9 2 2 2 8 9 2 2 9 9 10 2 9 9 2 2 9 2 2 2 2 2 9 2 2 9 2 2 9 10 10 9 2 2 2 2 9 2 10 9 2 2 9 2 9 2 9
left_child=-1 2 4 21 5 6 30 9 -9 10 17 13 -13 47 16 38 -14 18 -7 22 -21 -4 24 -24 35 26 27 -25 -28 -26 31 33 55 -2 -30 -15 37 -27 -16 -19 41 -34 -43 -18 -20 -46 -38 -11 49 54 -50 -52 -51 -54 -42 59 57 58 -57 -32 -58 -62
right_child=1 -3 3 -5 -6 7 -8 8 -10 11 -12 12 14 19 15 -17 43 39 44 20 -22 -23 23 25 29 36 28 -29 34 -31 32 -33 40 -35 -36 -37 46 -39 -40 -41 48 42 -44 -45 45 -47 -48 -49 50 52 51 -53 53 -55 -56 56 60 -59 -60 -61 61 -63
leaf_value=-0.050096523689455164 -0.083778121462577043 0.061705200759507008 -0.055110772723597323 -0.052267412016936757 -0.055578595196822046 -0.060486817451452658 -0.05225977355484912 0.05992653833740258 -0.063017265516388407 0.024554181747694828 -0.061471570377225393 -0.052966444761296166 -0.060954397544003627 -0.074291034964813013 -0.061920007718555749 -0.061752210106404797 -0.050095345847503019 -0.073899757709982708 0.071184783433139262 0.035711350655742137 -0.058567063883048553 0.074129282092996338 -0.052640783859896248 0.039785774466499002 0.066905205476099752 0.093003202530695689 -0.059993023992022124 -0.065567525640614813 0.057447233869104386 -0.02748584116100183 0.0026183908860102764 0.057691651292666214 0.041573839998933826 0.052161954704187379 -0.05528679081829542 0.06540020659783656 -0.0048403348473860797 -0.06314531789652833 0.058657378055873732 0.03856853411228639 0.028628393004253155 0.049805256185925649 -0.061159823031560437 0.053326269112974757 -0.036764063107304297 0.11594330223921943 0.067177160983678888 -0.058147421791097345 0.058060231195540907 0.05270283652589626 0.049341822511370648 -0.070511752269008604 -0.079031014825311482 0.063261624547035253 -0.077204650561496307 -0.036837367450465383 0.031852297971571401 -0.041114004688271755 0.045550734747834359 0.057505241991396477 -0.046988357184132072 0.064044095235817028
leaf_weight=1164.648026056122 176.08617778215557 11673.824828628451 107.84220260102302 1190.1426694337279 344.87973647704348 182.56724364077672 291.92835815576836 242.36936409864575 509.6360638490878 227.21238309983164 1111.3750338344835 973.69192051049322 186.93715617619455 288.85543609084561 86.253547256812453 748.03633191762492 94.881468125153333 215.93878185842186 1869.9274249211885 642.83667540363967 353.36850351747125 1016.2948864530772 431.83378471480682 559.73695185733959 7320.8997307517566 110.02438134886324 273.83964346628636 671.9499599612318 2976.2774464925751 223.65791019238532 643.90505173429847 11174.809562514536 9413.4019320355728 137.78143373224884 111.56181349046528 92.224062138237059 211.58377200132236 176.5582867404446 677.93456833343953 143.68911347910762 161.8995062187314 197.63426663447171 304.33719600923359 4079.0305296466686 181.71974195260555 62.684543956071138 4678.6792615507729 416.86900690896437 16010.893645597622 4433.6880911467597 1197.0972522953525 330.42039971426129 237.89490964636207 230.43138507939875 292.78031942993402 353.62219165777788 9461.9770441735163 923.71117349527776 1801.8882630560547 3743.4199738916941 259.03166949050501 3171.6454582805745
leaf_count=148962 921 8182 4653 95799 19019 3430 3054 297 13468 2820 28600 39096 4619 4260 1977 25305 1897 3296 3262 1593 3987 2175 10485 2480 9154 73 10267 15113 14126 2631 3304 7965 15489 162 5773 53 1922 2061 4659 2106 221 315 2575 15348 1400 34 8360 17318 11565 4081 1662 1574 1329 246 1714 2823 62177 14150 8249 5408 4003 8913
internal_value=0.041233 0.042197 0.0398949 0.0028802 0.0407833 0.0411291 0.0449798 0.0330713 -0.0233928 0.0344797 0.0114934 0.0377339 0.0199972 0.0438772 0.0321292 -0.00819017 0.0461846 0.0420917 0.0534001 0.0463065 0.00203999 0.0611866 0.0487647 0.0407526 0.059078 0.0448884 0.0273734 -0.0178993 0.043961 0.0640221 0.0454257 0.0555073 0.0432474 -0.023359 0.0532019 -0.0394495 0.060516 -0.00215516 0.044466 -0.0289631 0.0475069 0.0385458 -0.0174711 0.050983 0.0632339 0.00240215 0.0641887 -0.0285298 0.0513485 0.039388 0.0550308 0.0232775 0.0468061 -0.00901852 -0.0405887 0.0363828 0.0327558 0.00995778 0.0318866 0.0495868 0.0382008 0.0557104
internal_weight=111583 110418 98744.1 2314.28 96429.8 96084.9 64950.3 31134.6 752.005 30382.6 3767.9 26614.7 6846.77 19768 5873.07 1512.22 4360.85 2656.53 2296.9 19123.9 996.205 1124.14 18127.7 10202 7925.64 9770.21 4593.37 1231.69 3361.68 7544.56 64658.4 11488.7 53169.7 313.868 3087.84 381.079 5176.85 286.583 764.188 359.628 32810.5 9915.37 501.971 4173.91 2114.33 244.404 4890.26 644.081 22895.1 5356.69 17538.4 1527.52 4902.01 468.326 454.68 20359.2 15971.9 3079.22 2155.51 4387.33 12892.7 3430.68
internal_count=701960 552998 544816 102627 442189 423170 161900 261270 13765 247505 42128 205377 92901 112476 53805 31941 21864 13528 8126 92338 5580 6828 86758 70660 16098 60175 47759 17593 30166 11785 158846 9048 149798 1083 19899 4313 12416 2134 6636 5402 40771 18379 2890 17245 4696 1434 10282 20138 22392 7591 14801 3236 5656 1575 1935 109027 100315 25222 11072 8712 75093 12916
cat_boundaries=0 4 7 11 14 18 22 26 30 33 37 41 45 49 51 54 58 61 65 68 72 76 80
cat_threshold=2107460 3089138593 753708 64 67174400 786432 8192 1997472401 92341260 868221248 14 12616960 33562626 2283803152 142656512 1073760256 2149869203 512 1049608 4160 2147492352 144 32 4718592 135266304 256 32770 532498 203423760 288 2147483680 1079246848 2097152 142639106 18432 21632 32 256 532480 4096 32 134217984 33564672 1074004098 513 720912 0 0 4 0 33554432 352387713 67175436 50331904 0 4194304 1048576 256 16386 34095106 1 537002000 0 12582976 6 0 16777216 536870912 118096000 16778240 805306432 6 620757504 83886092 256 12 33751040 16843776 536870912 10
is_linear=0
shrinkage=0.05


Tree=25
num_leaves=63
num_cat=24
split_feature=0 35 0 1 7 0 0 43 0 48 0 43 0 44 44 35 0 20 0 21 4 18 21 0 29 0 28 0 44 42 48 48 48 0 48 44 44 0 43 0 48 28 48 28 0 29 0 48 0 43 0 43 0 0 48 24 44 43 0 0 43 0
split_gain=3655.73 2648.62 3303.06 1012.74 989.647 1031.04 916.444 1447.41 748.573 617.51 713.569 564.445 694.608 611.081 577.233 550.847 1350.8 566.789 1130.43 545.861 538.542 610.971 493.137 480.291 475.64 531.318 429.888 479.054 423.815 419.862 513.467 451.84 394.368 1808.34 669.676 1464.94 1040.41 2599 1911.9 1067.13 958.407 617.087 667.361 442.158 1967.16 441.098 404.667 388.747 668.414 375.875 790.745 511.492 1850.86 575.967 539.673 527.692 427.758 407.944 1141.67 693.937 661.549 747.315
threshold=0 0.75000000000000011 1 1.1500000357627871 1.0500000119209292 2 3 0.91248813271522533 4 0.94187366962432872 5 0.93845596909523021 6 0.86004966497421276 0.99681594967842113 2.4500000476837163 7 -1.0000000180025095e-35 8 7.5625000000000009 0.25000000745058065 14.050000190734865 -1.0000000180025095e-35 9 1.8803637623786928 10 0.080392159521579756 11 -0.99465739727020253 0.2269546836614609 0.19705717265605929 -0.66350978612899769 0.9374808967113496 12 0.85203769803047191 -0.86112883687019337 -0.73865258693695057 13 -0.31799228489398951 14 -0.78394964337348927 0.025490196421742443 -0.4709175825119018 0.045542273670434959 15 2.5678868293762211 16 -0.96681490540504444 17 0.90892735123634349 18 0.61237135529518139 19 20 0.99389973282814037 -0.034035811200737946 -0.46039597690105433 0.49812944233417517 21 22 0.15951094031333926 23
decision_type=9 2 9 10 2 9 9 2 9 2 9 2 9 2 2 2 9 10 9 10 10 10 10 9 2 9 2 9 2 2 2 2 2 9 2 2 2 9 2 9 2 2 2 2 9 2 9 2 9 2 9 2 9 9 2 10 2 2 9 9 2 9
left_child=-1 2 19 6 5 9 26 15 -6 24 -11 13 -13 22 -15 16 28 18 -17 -2 21 -10 23 -7 -4 29 -3 -28 -8 30 31 -26 34 -34 36 -36 37 38 -19 -38 -40 42 -42 46 45 -45 -41 48 -24 51 -51 53 56 -49 57 -54 -53 59 -59 -55 -61 -62
right_child=1 3 4 -5 8 11 7 -9 20 10 -12 12 -14 14 -16 17 -18 32 -20 -21 -22 -23 47 -25 25 -27 27 -29 -30 -31 -32 -33 33 -35 35 -37 39 -39 40 43 41 -43 -44 44 -46 -47 -48 49 -50 50 -52 52 55 54 -56 -57 -58 58 -60 60 61 -63
leaf_value=-0.050046073684331831 -0.043416249224954656 0.049571849475081246 -0.047965530749627588 0.068918823928910661 0.058352306245827303 0.042759823633525054 -0.070801278789676167 -0.062726983363809066 0.028812882238872451 0.082884903196879703 -0.050280964330739676 0.087389394610491306 -0.051787241128421403 -0.051386580958519251 0.048755748600400668 0.034722666249307414 -0.014678037901922597 -0.081013146025648408 -0.05880977686706973 0.052357387095954479 0.067859210803814116 -0.049137955435981026 0.066254792974407367 -0.062567291133444933 -0.036772804063571085 -0.033946002425655424 0.052621205937838915 -0.077886994814888755 0.040892502965643451 -0.030740031776408289 -0.055421997893193221 0.084807743439686764 0.050503859536198903 -0.0715647245939353 0.07036278093058633 -0.050028607220191368 -0.05989574799928335 -0.068505591979275277 -0.064940950749617213 0.033435965237259835 0.05504386834458376 0.059499264696492499 -0.078226889815282599 -0.027420763207193385 -0.075536716833320749 0.057424432063188383 0.054770869492012368 -0.050818202174696347 -0.046991585299637616 0.085033198233821897 -0.052719683422617819 -0.033651799523866155 0.15120076935268736 -0.053562810986513568 -0.063288638678792516 -0.054064199171399596 0.076214894995874666 0.08844784966531781 -0.056077575266681702 0.045241279743013951 0.069626157625369042 -0.058486161177234243
leaf_weight=1110.1416449141689 1804.9800463756546 40814.992509556934 698.32300314260647 4274.9327608365566 4853.7123933956027 181.47079830057919 86.467450138181448 351.20017206855118 650.62047841679305 362.92392757674679 132.47347192652524 106.27265747729689 390.24826595140621 400.11067156353965 224.71697752783075 1620.5350353317335 1554.76919052843 320.15350309945643 393.79377861134708 162.13934045657516 383.16900973394513 409.64184445049614 198.40678627416492 241.90731713129207 91.043617963325232 608.94101811666042 129.01584178395569 133.24451351119205 4774.8815940348431 238.36045300401747 104.33579925261438 475.70401430409402 1171.9352291747928 399.07288481807336 4133.0949578694999 269.13211663300171 224.48815828422084 687.94507121574134 183.73836087621748 2814.6584572670981 197.80970807373524 3124.7738470127806 178.88451748527586 169.40839027520269 377.07098898291588 1599.7414891803637 13540.150308930315 163.89441612549126 337.89375389227644 843.07360271178186 115.05785046331584 101.00295394007117 32.678740521892905 189.60150781925768 120.05024898471311 747.83944279560819 721.13551270123571 1059.5640025855973 152.84200406540185 7722.8947635223158 164.04987374320626 321.20126510690898
leaf_count=149224 150772 41040 40813 1239 3894 415 947 6760 2497 4080 6474 599 19719 29928 5315 2265 19137 2032 2969 476 122 2197 530 3806 2781 23328 142 904 16658 9277 3482 3071 985 3706 1582 1820 4365 7540 955 4444 181 2332 1018 867 3346 1294 11934 6002 7078 979 3050 1850 108 5081 2272 19903 2806 2101 3632 38745 460 4818
internal_value=0.0399855 0.040903 0.0268065 0.0452135 0.0320003 0.02582 0.0439348 0.0383002 0.048979 -0.00252532 0.0479334 0.031089 -0.0212816 0.0329633 -0.0153708 0.0392484 0.0258984 0.0419758 0.0163178 -0.0353425 0.0169384 -0.00130412 0.0352146 -0.0178892 -0.0138134 0.00189357 0.0491499 -0.0146484 0.038826 0.0259785 0.0465113 0.0652768 0.0437342 0.0193615 0.0451105 0.0630026 0.0417472 0.0206964 0.0360983 0.0470233 0.0463703 0.0522114 -0.00824374 0.0483268 0.0270153 0.0490228 0.0511531 0.0369453 -0.00473639 0.03874 0.0688283 0.0362325 0.0100284 0.0404771 0.0420239 -0.044895 0.0619636 0.0433832 0.0704952 0.0394689 0.0416324 -0.0149454
internal_weight=110148 109038 25512.3 83525.9 23545.2 17248 79251 38173.7 6297.14 2712.11 495.397 14535.9 496.521 14039.4 624.828 37822.5 6416.12 31406.4 2014.33 1967.12 1443.43 1060.26 13414.6 423.378 2216.71 1518.38 41077.3 262.26 4861.35 909.444 671.083 566.748 29392.1 1571.01 27821 4402.23 23418.8 4693.31 4005.36 18725.5 3685.21 3501.47 376.694 18501 2146.22 1769.15 16354.8 12991.2 536.301 12454.9 958.131 11496.8 1602.66 9894.1 9730.2 780.518 822.138 9610.15 1212.41 8397.75 8208.15 485.251
internal_count=702147 552923 412461 140462 261213 252503 139223 97137 8710 93306 10554 159197 20318 138879 35243 90377 36742 53635 5234 151248 4816 4694 103636 4221 82752 41939 42086 1046 17605 18611 9334 5852 48401 4691 43710 3402 40308 14058 6518 26250 4486 3531 1199 21885 5507 2161 16378 99415 7608 91807 4029 87778 24667 63111 57109 20011 4656 54837 5733 49104 44023 5278
cat_boundaries=0 4 8 11 15 18 21 23 27 31 35 38 41 44 48 52 56 60 63 66 70 73 77 81 84
cat_threshold=2107460 3089138593 753708 64 2283045890 1112954970 54542994 688 331415848 67183620 3290693632 1912864896 60030988 868237392 262 125845680 75572228 3221238080 65792 67117056 1142947840 0 16777216 16880401 1073837138 2351169922 40 22742803 663554 69206016 184 4097 0 268435456 2 314572832 65540 262144 33554432 262144 8388608 16909073 8208 4352 165380659 663554 201332736 41 202375170 67125248 2147491840 144 2168652592 4723778 4352 32 1840 135232 1140855042 32 512 0 536870912 4609 0 403701824 536887808 8388608 256 8 16384 524288 1048576 537002000 8388608 268441600 262 537001984 0 0 256 512 0 8388608
is_linear=0
shrinkage=0.05


Tree=26
num_leaves=63
num_cat=0
split_feature=35 7 34 48 19 48 14 44 26 32 48 48 28 35 48 28 44 48 7 30 44 44 48 18 18 44 48 17 37 39 48 18 28 44 34 39 44 44 18 44 44 48 44 38 25 28 47 9 48 48 48 6 48 48 31 40 48 28 42 44 28 48
split_gain=3068.16 1613.95 1020.78 932.406 867.393 1081.3 840.534 700.425 712.869 685.75 651.57 984.114 780.519 602.653 840.567 1255.52 1315.95 903.289 733.109 687.744 640.19 666.575 595.543 591.587 589.172 568.464 842.287 526.742 549.728 526.012 519.244 991.139 751.602 627.687 510.699 483.817 503.72 662.112 873.238 528.159 455.758 480.023 451.673 528.863 447.501 443.02 437.376 428.55 456.444 779.846 800.273 427.246 469.669 419.18 412.133 395.001 430.175 426.358 519.962 419.17 388.692 1511.21
threshold=1.1500000357627871 0.75000000000000011 1.0000000180025095e-35 0.99880129098892223 4.5000000000000009 -0.92896968126296986 5.2500000000000009 -0.99761277437210072 -0.0034475421998649831 0.15517241507768634 -0.82067531347274769 -0.53431767225265492 0.013725490774959328 7.5499999523162851 -0.9911440610885619 0.051905291154980666 -0.97507822513580311 -0.95311623811721791 1.0000000180025095e-35 0.23145502805709842 -0.4755979031324386 -0.46800559759140009 -0.96681490540504444 8.7750000953674334 3.8541666269302373 -0.57077232003211964 0.81013190746307384 4.7916667461395273 1.9674999713897707 0.19749999791383746 0.89423519372940075 7.0499999523162851 0.017647059634327892 -0.12545862048864362 0.35000000894069677 0.2519999966025353 0.85561370849609386 -0.46039597690105433 24.316666603088382 -0.39036008715629572 0.15738975256681445 -0.81362146139144886 -0.71502926945686329 28.500000000000004 0.19500000029802325 0.013725490774959328 -0.31724189221858973 2.0816681711721688e-17 -0.9416297674179076 0.60511243343353283 0.6148602068424226 2.4500000476837163 0.89950704574584972 0.9758124351501466 0.05172413773834706 4.0809999704360971 0.91979479789733898 0.053132651373744018 1.0000000180025095e-35 -0.91595870256423939 0.033333335071802146 -0.94929715991020192
decision_type=2 2 2 2 2 2 10 2 10 2 2 2 2 2 2 2 2 2 2 2 2 2 2 10 10 2 2 8 2 2 2 10 2 2 2 2 2 2 10 2 2 2 2 2 10 2 2 10 2 2 2 10 2 2 2 2 2 2 2 2 2 2
left_child=1 2 7 4 6 -6 9 45 55 13 46 12 -12 14 42 17 24 18 29 -19 23 -22 -10 -18 -17 51 27 -27 -29 -16 31 32 -13 34 -33 44 37 38 -37 -39 41 -23 43 -2 -24 -1 -4 48 -41 -50 -51 52 -21 -32 -3 56 57 -9 -59 -57 61 -15
right_child=3 54 10 -5 5 -7 -8 8 22 -11 11 30 -14 60 15 16 20 19 -20 25 21 40 35 -25 -26 26 -28 28 -30 -31 53 33 -34 -35 -36 36 -38 39 -40 47 -42 -43 -44 -45 -46 -47 -48 -49 49 50 -52 -53 -54 -55 -56 59 -58 58 -60 -61 -62 -63
leaf_value=-0.06995959557488185 -0.058664471147137645 0.025963959265995054 -0.059179708529288257 -0.060130182450918369 0.046941365814302513 -0.069982997395957133 0.058851911853230292 -0.038312830479647196 -0.0515702543046649 -0.055738797459112976 -0.065313046599124056 -0.045972363220980555 0.06658903817048778 -0.1062999703581593 0.016716837898786325 0.058593171830147041 -0.042513164592640935 0.044851951816490682 0.041813566315810166 -0.065955985787575361 0.083857368243946753 0.034253447137792596 -0.042094270964764265 0.016866575357604146 -0.027482207959063171 0.046045542190859698 -0.05101300893649946 0.035554274010742785 -0.097240333162516374 -0.08385030581325735 0.058865081871850966 0.037345026524766282 0.012490266149738607 0.076223144074477167 -0.053745377954786538 -0.041468261870978143 -0.050956807581326674 0.076886082264565572 0.070238577498445406 0.074577219058726996 0.032577409015370005 -0.076148273217266763 0.062465528248486515 0.085122501615975538 0.03574047367208532 0.054046322010605219 0.012368455706982168 0.072532052134492417 -0.038342389202824373 0.54258682884006726 0.025925644974838222 0.061743232432691787 0.023741743394157008 0.0083784010081566791 0.052777521046766987 0.089563363369265847 0.018445202578619341 0.040096415731164972 -0.052235585472038194 -0.013127451925199152 0.05239923704825819 0.042609600426871459
leaf_weight=77.123767822515219 168.08580372761935 1966.1530652879737 281.78811284247786 215.36826346768066 421.1942382468842 372.69628963805735 9105.6229081754573 2045.7424792116508 332.43528935499489 176.52987264050171 117.43787205452099 771.46315041091293 2493.3649646840058 174.05882976157591 210.88842435786501 1554.8881366704591 1340.2849767301232 25338.535804073792 430.805457115639 402.14050694415346 322.00699845794588 151.95120564149693 196.37770506832749 610.51838241657242 227.94852682435885 2827.4606148810126 282.01381703326479 180.21515645692125 137.31660960568115 339.09331138851121 1484.6687948154286 599.51698681805283 1912.980502801016 812.93451703898609 207.00074514560401 938.15227328753099 362.19783024257049 411.51025522965938 215.05365683464333 216.76681006560102 508.52417860133573 279.67606969410554 4513.1251054746099 103.22328623151407 3096.3830344998278 1089.2757720523514 882.67991372523829 281.70286741573364 792.47211384540424 7.5617177891544989 848.38350253691897 145.10674894042313 229.06769015034661 568.5940912743099 5285.5941832964309 184.69610381359234 644.9872285570018 434.10487602930516 235.03211448574439 215.10757679259405 19679.806242472492 8063.1287057953887
leaf_count=1379 1416 6388 6776 2166 741 4386 5375 116417 21512 1283 2723 17454 10088 1215 550 2582 12436 56998 539 3451 223 651 9004 2543 1582 5043 2197 380 1199 3377 7973 4739 24719 3103 2880 46490 43490 3225 1696 2151 2603 3782 3827 178 49223 5478 10675 930 50688 280 25468 72 767 7389 9608 560 21012 12747 19374 6708 17676 10562
internal_value=0.0385648 0.0249663 0.0184207 0.0437625 0.0440483 -0.00794942 0.044581 0.00893406 0.00517663 0.0426811 0.0302412 0.0348101 0.0606559 0.0429357 0.0390245 0.0363743 0.0131382 0.0401775 -0.00702923 0.0417447 -0.00597746 0.0217699 0.0138916 -0.0239298 0.0475878 0.0230138 0.0317654 0.0391882 -0.0218728 -0.0452882 0.0241955 0.0143256 -0.00431089 0.0452178 0.0139658 0.0168457 0.00532558 0.0108179 -0.0206368 0.0249962 0.000504603 -0.0372822 0.0586988 -0.00395873 0.0310985 0.0458469 -0.00494539 0.0150501 0.00636847 -0.00260098 0.03049 -0.0156196 -0.0334044 0.0448842 0.0455076 -0.0126697 -0.0182603 -0.0269806 0.00766511 0.0343123 0.0485823 0.039463
internal_weight=108521 30009.2 22757.5 78511.3 78295.9 793.891 77502 12625.1 11458.7 68396.4 10132.4 8967.96 2610.8 68219.9 40302.9 35518.4 4995.8 30522.6 980.787 29541.9 3212.96 1262.16 7699 1950.8 1782.84 4203.32 3427.01 3144.99 317.532 549.982 6357.16 4303.9 2684.44 1619.45 806.518 7366.56 4073.8 3711.6 1153.21 2558.4 940.151 431.627 4784.43 271.309 3292.76 1166.4 1164.47 2146.89 1865.18 1648.42 855.945 776.315 631.208 2053.26 7251.75 3759.67 3359.87 2714.88 669.137 399.804 27917 8237.19
internal_count=702147 552347 536351 149800 147634 5127 142507 437832 430975 137132 98519 81068 12811 135849 106396 100975 26402 74573 4466 70107 22238 7259 254157 14979 4164 13109 8819 6622 1579 3927 68257 52895 42173 10722 7619 232645 174418 130928 48186 82742 7036 4433 5421 1594 58227 6857 17451 79517 78587 76436 25748 4290 4218 15362 15996 176818 169550 148538 32121 7268 29453 11777
is_linear=0
shrinkage=0.05


Tree=27
num_leaves=63
num_cat=22
split_feature=0 34 0 1 1 0 43 21 0 48 0 44 0 0 48 0 0 44 44 48 0 43 34 11 42 10 43 0 19 41 28 0 44 0 0 0 48 43 43 0 0 48 48 32 44 42 48 0 43 0 0 43 28 0 44 48 28 43 0 28 7 47
split_gain=3246.79 2217.51 1912.35 980.813 921.764 895.889 882.462 629.34 1078.98 588.09 1939.59 729.704 2421.93 1319.74 605.037 1321.96 581.054 547.868 613.471 539.997 896.424 525.256 473.835 470.748 464.266 462.726 456.069 552.445 455.798 441.461 429.694 1931.08 1046.26 1517.68 1033.96 910.131 842.9 822.976 734.836 649.647 527.796 522.136 515.388 429.814 421.539 418.847 404.174 398.514 394.54 1367.52 497.221 386.451 466.14 1826.04 652.983 689.096 376.62 2206.79 1075.14 357.729 494.018 357.102
threshold=0 0.15000000223517421 1 1.1500000357627871 1.2500000000000002 2 0.94978111982345592 -0.11250000074505805 3 -0.73532554507255543 4 -0.16799793392419812 5 6 0.58521145582199108 7 8 -0.12545862048864362 -0.91595870256423939 0.96395421028137218 9 -0.9550008475780486 1.0000000180025095e-35 35.208333969116218 -0.16280825436115262 7.8750000000000009 -0.99372696876525868 10 4.5000000000000009 0.35206145048141485 0.033333335071802146 11 -0.73865258693695057 12 13 14 0.85849907994270336 -0.99940761923789967 0.70900115370750438 15 16 -0.73532554507255543 -0.99628207087516774 0.05172413773834706 -0.89404255151748646 -0.88144907355308522 0.99972543120384227 17 -0.88218119740486134 18 19 -0.98930078744888295 0.0058823532890528449 20 -0.46800559759140009 -0.88002049922943104 0.051905291154980666 -0.35041563212871546 21 0.080392159521579756 1.0500000119209292 -0.32901856303215021
decision_type=9 2 9 10 10 9 2 10 9 2 9 2 9 9 2 9 9 2 2 2 9 2 2 2 2 2 2 9 2 2 2 9 2 9 9 9 2 2 2 9 9 2 2 2 2 2 2 9 2 9 9 2 2 9 2 2 2 2 9 2 2 2
left_child=-1 2 26 5 9 28 7 8 17 10 -4 13 14 23 15 24 -16 18 -7 25 -21 29 -14 -11 -13 -15 45 61 51 -12 31 -9 33 41 -34 43 42 -37 56 -38 -40 -33 -36 -32 -43 -2 -30 -24 49 -44 -50 -3 53 54 -53 -56 -39 -58 -59 -54 -61 -28
right_child=1 3 4 -5 -6 6 -8 30 -10 11 21 12 22 19 16 -17 -18 -19 -20 20 -22 -23 47 -25 -26 -27 27 -29 46 -31 35 32 34 -35 36 37 39 38 40 -41 -42 44 48 -45 -46 -47 -48 -49 50 -51 -52 52 59 -55 55 -57 57 58 -60 60 -62 -63
leaf_value=-0.050006914171453254 0.081641753366227809 0.055921353760322361 0.043664116822404654 0.06579413623646041 0.064628417212441155 -0.079987558570992434 -0.059569257462602214 -0.054713600587460831 -0.063046048122266579 0.068041798131094677 0.039125721948208361 0.079432548270542219 -0.038774855513778655 -0.066953497177857688 -0.029186825844593089 -0.05372784941900393 0.066066910486853925 -0.035493794776908429 0.04331315864481456 0.0584262725494826 -0.065445042684318097 -0.043946088467353463 0.039137446527622466 -0.042563996156059027 -0.002798376618425533 0.045498032084471209 -0.0386239028840972 -0.049409184620919748 -0.064150784929017657 -0.080082377873920293 0.012140006613844671 -0.072091002336350615 -0.069335916193225933 -0.061593448110573046 -0.057631141437961754 -0.091295633927785447 0.042341469939534304 0.051681946067822129 0.045333525249771821 -0.066419989418798314 -0.062517628125747987 0.048560907149522693 -0.07382316764978622 -0.069548795470176505 -0.040001148457325129 -0.029632578173576979 0.07497813043406068 -0.055783522149440545 -0.03172434833745718 0.044192391700451597 0.060742536709704267 0.055747393804513559 0.045924746694117696 -0.089621976219800323 0.046195711531549416 -0.12035138787131056 -0.071044969863095109 -0.058108685595538556 0.052230881747070967 -0.079828100127801713 0.060894700239289071 0.012249543243033763
leaf_weight=1052.4494736492634 229.32898721750826 8452.0646724924445 1994.9519054158591 4166.4911767933518 1807.4258590899408 107.08392720576376 244.99957042513415 624.0597798335366 397.09141388209537 113.00897924415767 403.30207353783771 547.28947385912761 1618.06302940147 92.24604357033968 172.96484841685742 444.10381032899022 1986.0829249275848 311.68112760130316 1741.0782054346055 273.72797387605533 291.16047750320286 1333.2151126377285 413.90899231284857 646.73742561973631 250.07977590430528 11038.697310748044 478.94060127530247 951.48939376231283 171.39217688562348 96.187116605229676 691.57668103044853 114.64588668569922 199.75978085026145 630.22233223728836 116.4862855868414 110.35847904579714 243.0973455272615 12879.750789852347 187.48872749973089 292.48662700876594 259.38339922297746 1236.2897601895966 251.97105156676844 209.89816777547821 150.74749060114846 133.9714242676273 75.061615785583854 140.45650337357074 148.26725699659437 4475.4541619690135 4804.7874064347707 1327.4970936663449 29308.810538274236 309.28513559745625 131.50748190283775 117.68944722414017 443.15529165975749 227.61070630745962 3984.4117025109008 133.47716516349465 117.0651198187843 1232.9349102042615
leaf_count=149224 313 4874 12312 1313 772 885 6525 10777 4859 68 1429 3406 66623 408 4915 18672 13549 1447 2707 966 4918 42475 1606 17566 4952 48335 23820 86965 2356 1393 4419 1112 2076 6378 757 707 413 18491 226 3031 4393 2309 2280 3571 1138 3059 23 3115 1434 6037 6831 903 34011 2008 107 552 5445 2639 6371 928 92 36861
internal_value=0.0371195 0.037985 0.0255206 0.04218 0.0302996 0.0408721 0.0349821 0.0356571 0.0117789 0.0274746 0.00967471 0.0312538 0.0162153 0.0379823 0.042489 0.0148008 0.0586068 0.0257085 0.036169 0.0421098 -0.00554498 -0.0274124 -0.0249916 -0.0257726 0.052978 0.0445661 -0.0119042 -0.0191119 0.0459995 0.0161697 0.0375484 0.0306517 0.034874 0.00295831 0.0413673 0.0423734 0.0435325 0.0448028 0.045663 -0.0175036 -0.0176524 0.0302579 0.0469137 -0.00680482 0.0389357 0.040608 -0.0217768 0.0147876 0.0481717 0.0378395 0.0580332 0.0464297 0.0438785 0.0197778 0.0415427 -0.0324603 0.0472766 0.0350879 0.0462544 0.0454162 -0.0140758 -0.00197207
internal_weight=107137 106084 26690.3 79394.2 23663.6 75227.7 35083.8 34838.8 2556.93 21856.2 3827.66 18028.5 5572.95 12455.6 3400.52 1241.47 2159.05 2159.84 1848.16 11695.8 564.888 1832.7 2172.43 759.746 797.369 11130.9 3026.67 2663.36 40143.9 499.489 32281.9 13288.3 12664.2 2131.91 10532.3 18993.6 10332.6 18092.2 17981.8 535.584 446.872 1501.68 9796.97 901.475 1387.04 363.3 246.454 554.365 9680.48 4727.43 4953.05 39897.4 31445.3 1885.98 1576.69 249.197 17534.9 4655.18 4212.02 29559.4 250.542 1711.88
internal_count=702147 552923 398498 154425 247480 153112 107258 100733 9898 246708 57609 189099 116838 72261 45494 27030 18464 5039 3592 54627 5884 45297 71344 17634 8358 48743 151018 147646 45854 2822 90835 44573 33796 10937 22859 46262 20783 38272 37565 3444 4619 4559 17339 7990 3447 3372 2379 4721 16582 8317 8265 43475 38601 3570 1562 659 32946 14455 9010 35031 1020 60681
cat_boundaries=0 4 8 12 16 19 23 27 30 33 36 40 44 47 50 53 56 59 63 67 70 73 77
cat_threshold=2107460 3089138593 753708 64 2283570440 1075190848 3355460243 697 1879834753 26476556 834682960 262 2202211088 33569858 70524289 40 83902976 16777216 856948800 578879536 97058832 605036608 256 67108896 80281616 118497280 256 33554432 29425664 536870912 33554432 21037056 536870912 285213184 8192 4352 1573128 1441792 1207975936 137 2148548640 1140850752 1141907458 144 213915410 33570832 2102528 134217730 33554432 2097152 41975816 67127296 2147492480 84017152 0 256 512 0 134217728 1359090177 0 268435456 6 67109888 9232 3201 544 67108880 4849664 768 1073741953 16777216 813695040 134234128 1078009872 2360321 520
is_linear=0
shrinkage=0.05


Tree=28
num_leaves=63
num_cat=0
split_feature=35 1 20 43 17 11 44 48 44 32 43 41 41 19 43 46 44 48 48 36 44 35 28 43 36 7 44 36 42 7 17 18 44 32 44 28 10 38 42 44 43 19 35 29 42 18 15 36 48 44 37 43 28 28 43 48 19 47 42 38 48 44
split_gain=2847.06 1619.63 957.857 829.922 874.721 869.447 982.212 918.149 890.523 866.507 846.428 776.379 705.389 771.679 763.972 605.322 630.796 578.965 567.861 1211.63 1195.97 1035.47 967.829 788.154 737.31 1027.54 662.143 1037.23 651.273 672.543 619.62 690.856 569.815 772.964 566.805 562.066 596.713 554.634 551.586 535.709 533.966 509.403 508.39 500.055 497.203 496.417 491.973 477.99 614.92 476.893 472.393 466.392 784.547 748.787 1262.42 1056.89 948.905 697.423 518.06 484.513 465.829 458.044
threshold=2.4500000476837163 1.4499999880790713 0.31666667759418493 -0.9550008475780486 4.7916667461395273 166.54166412353518 -0.99983122944831837 0.92460557818412792 0.8277757763862611 0.05172413773834706 -0.64578425884246815 0.77259656786918651 -0.2901292592287063 4.5000000000000009 0.70900115370750438 0.33936469256877905 0.14037931710481646 0.9758124351501466 -0.56416276097297657 11.500000000000002 -0.58481180667877186 1.2500000000000002 0.053132651373744018 0.91248813271522533 7.5000000000000009 2.0499999523162846 -0.32613736391067499 7.5000000000000009 1.0000000180025095e-35 0.15000000223517421 1.0000000180025095e-35 7.0499999523162851 0.68901559710502636 0.086206898093223586 0.59696555137634288 0.013725490774959328 11.791666507720949 11.500000000000002 -0.72947329282760609 -0.99273797869682301 0.3744682669639588 4.5000000000000009 1.0000000180025095e-35 2.9164835214614873 -0.72947329282760609 7.5499999523162851 0.22500000149011615 3.5000000000000004 -0.93765172362327565 0.78192543983459484 1.1215000152587893 0.67802080512046825 0.055752867832779891 0.036731028929352767 -0.83847111463546742 0.67047429084777843 2.5000000000000004 -0.95489293336868275 0.16280825436115268 18.500000000000004 0.66164791584014904 0.82293498516082775
decision_type=2 10 10 2 10 2 2 2 2 2 2 2 2 2 2 2 2 2 2 2 2 2 2 2 2 2 2 2 2 2 10 10 2 2 2 2 2 2 2 2 2 2 2 2 2 8 10 2 2 2 2 2 2 2 2 2 2 2 2 2 2 2
left_child=1 2 3 4 11 35 9 8 18 -7 -9 15 14 39 34 16 -1 42 19 20 21 -8 24 28 30 -26 -22 -28 -24 -30 31 -20 33 -29 51 -5 -37 61 -16 43 -38 -10 46 -14 -33 -27 -12 -17 -49 -41 -50 52 53 54 55 59 57 -56 -58 -2 -54 -19
right_child=12 -3 -4 5 -6 6 7 10 41 -11 17 -13 13 -15 38 47 -18 37 22 -21 26 -23 23 -25 25 45 27 32 29 -31 -32 44 -34 -35 -36 36 40 -39 -40 49 -42 -43 -44 -45 -46 -47 -48 48 50 -51 -52 -53 60 -55 56 -57 58 -59 -60 -61 -62 -63
leaf_value=0.056386209801663922 0.052649230932196471 0.062912207213273161 0.048531938799267545 0.05424191145820291 -0.043259005731839981 -0.072916991414426924 -0.034012629517265323 -0.036838267499367743 -0.051535247908803761 0.064094201238027476 -0.036258726402551254 -0.0084078861972592955 -0.073951414862313034 -0.064022597449274438 0.025865259628707685 0.051040342397001184 -0.01431800407256196 -0.051875091962728027 -0.0011961900742101963 -0.045170628679756679 0.064037743677270817 0.036117312739099509 0.050453753388440672 -0.053857745685888636 -0.042077388864692797 0.060381272672748343 -0.024157448236821435 -0.056642934907513799 -0.02775283334082327 0.054976601664585047 -0.04431648182871336 -0.071609208012636358 0.083358263461996374 0.074626143996706237 -0.014961018478145542 -0.086326311339689932 0.03690542158612662 0.041744750480484871 -0.075875418947966539 0.038430882355804247 -0.041606585546842483 0.036329697653575709 0.067074241849687369 0.034973154044097121 0.061578986042244481 -0.077918841244109749 0.088906101933772241 0.049995380391412249 0.047181010317150891 -0.061848522947047825 -0.056330244306244982 0.066035658121699689 0.014714958489365038 0.053423464869128995 0.040703974434684695 -0.03440848590419867 -0.010585742947364873 -0.077264886454856893 0.049454218626812332 -0.010450172114152979 -0.088184208849301157 0.038660709657812049
leaf_weight=4910.9629175192676 7341.2699099560268 2711.6481571439654 3338.7962213810533 2267.6666561095044 344.45508474390954 126.29777155071497 1196.5678069689311 405.45975943747908 985.16895182523876 1337.1957311918959 253.9127290463075 800.19245394133031 208.08944766363129 189.77556044841185 382.67229041736573 619.85787500673905 337.11015786183998 406.96835043514147 2512.2689962484874 651.33019005181268 1936.7012825109996 939.70409087836742 1761.7447197083384 297.26388941006735 2442.6745717846788 401.42077407985926 728.42835648031905 221.56007379479706 703.14249373786151 377.58276689331979 565.41748510999605 76.686716579832137 637.18581708194688 227.08247517654672 354.37796461489052 130.10755010508001 1410.7493564430624 828.38540280098096 204.36193780880421 27469.736629500985 255.83399723563343 198.13191584125161 1766.4268267718144 213.44842382473871 812.31421762658283 77.394421295262873 113.64772980287671 333.72661517886445 141.17554391501471 119.07376859197393 502.70874143671244 3454.6949148229323 663.81544891418889 20658.884656903334 168.22660877322778 389.38726736744866 607.48446687171236 490.82334407605231 879.37556219287217 317.37712681805715 131.83018532115966 212.72807029169053
leaf_count=12697 6488 1532 10349 2448 3774 1566 32219 11683 107747 1307 15585 10022 1860 2075 1219 1460 5184 12459 53125 31425 9520 4109 13968 22287 97363 984 25059 13380 25243 1067 8633 1078 4135 2995 2560 691 4485 14022 2514 52528 2841 5116 7581 507 3463 1118 408 1209 293 1230 7783 1092 2206 17005 353 2204 2541 3664 1012 1261 1044 5371
internal_value=0.0358013 0.02556 0.0229356 0.0205116 0.0346826 0.0163587 0.0126216 0.00995222 0.00508165 0.0522703 0.0316327 0.0381941 0.0423858 0.0364625 0.04702 0.0436415 0.0518445 0.039383 0.00807481 0.0195389 0.026698 -0.00316384 0.000599794 0.0236073 -0.00988738 -0.0289488 0.0437052 0.0220003 0.0317086 0.0011511 0.00415146 0.0122086 0.0529653 0.00979951 0.0479566 0.0376913 0.0168021 0.0149808 -0.00955333 0.0371433 0.0248532 -0.0368231 0.0559418 -0.0187968 0.0500899 0.0380268 0.00244157 0.0166924 -0.00508598 0.0379981 -0.0336348 0.0485918 0.0466876 0.0479518 0.036863 0.0459488 0.00278774 -0.0471526 0.0249238 0.0500344 -0.00233436 -0.0207962
internal_weight=105550 41305.8 38594.1 35255.3 7990.19 27265.2 23200.8 21737.3 17749.8 1463.49 3987.53 7645.73 64244.7 28200.1 36044.6 6845.54 5248.07 3582.07 16566.5 6538.56 5887.23 2136.27 10027.9 3139.73 6888.18 2921.49 3750.96 1814.26 2842.47 1080.73 3966.69 3401.27 1085.83 448.643 35457.5 4064.36 1796.69 1448.08 587.034 28010.3 1666.58 1183.3 2133.99 421.538 889.001 478.815 367.56 1597.47 977.611 27588.8 643.884 35103.2 31648.5 30852.8 10193.9 8048.03 2145.91 659.05 1486.86 7658.65 795.646 619.696
internal_count=702147 598784 597252 586903 42422 544481 534016 531143 464034 2873 67109 38648 103363 58200 45163 28626 17881 55426 351171 122842 91417 36328 228329 62565 165764 99465 55089 45569 40278 26310 66299 57666 20510 16375 41430 10465 8017 31852 3733 56125 7326 112863 23574 2367 4541 2102 15993 10745 9285 53758 8076 38870 37778 34528 17523 9953 7570 4017 3553 7749 3250 17830
is_linear=0
shrinkage=0.05


Tree=29
num_leaves=63
num_cat=23
split_feature=0 34 0 20 0 1 30 0 29 0 48 0 0 44 0 28 0 0 43 0 48 48 44 26 0 48 0 0 44 0 44 0 48 0 44 43 0 44 45 0 0 24 0 18 41 17 10 1 43 0 18 45 27 34 48 44 48 0 17 44 44 43
split_gain=2871.96 1950.6 1679.03 1020.82 850.293 845.428 726.446 1060.01 638.143 1042.91 1036.96 2189.45 939.086 634.886 1241.68 996.234 1609.83 709.632 593.238 657.818 627.225 571.112 534.418 779.628 1604.4 792.028 2052.14 1022.52 528.591 501.874 499.703 1317.28 480.614 828.518 480.401 474.269 461.945 495.968 446.722 1091.58 591.896 437.303 571.192 543.187 419.987 411.841 712.934 401.022 399.412 514.272 450.364 409.448 372.844 371.786 433.418 713.301 649.847 527.812 490.821 450.241 1351.25 413.76
threshold=0 0.15000000223517421 1 1.7749999761581423 2 1.2500000000000002 0.17706017941236499 3 3.8258571624755864 4 -0.79120641946792591 5 6 -0.90892156958580006 7 0.021568628028035167 8 9 -0.98930078744888295 10 0.38025361299514776 0.81013190746307384 -0.99983122944831837 -0.007988078519701956 11 0.1489052549004555 12 13 -0.83375966548919667 14 -0.95242238044738758 15 0.70675188302993786 16 0.79773375391960155 0.94425827264785778 17 0.10623887926340105 1.0000000180025095e-35 18 19 0.0024007874308153991 20 0.27500000596046453 -0.88144907355308522 1.5500000119209292 44.291666030883796 1.0000000180025095e-35 -0.99372696876525868 21 4.3541667461395273 1.0000000180025095e-35 0.18596427887678149 6.8500001430511483 -0.5037802755832671 0.45082531869411474 -0.27094782888889307 22 0.22500000149011615 -0.77243989706039418 -0.94703993201255787 -0.67166441679000843
decision_type=9 2 9 10 9 10 2 9 2 9 2 9 9 2 9 2 9 9 2 9 2 2 2 10 9 2 9 9 2 9 2 9 2 9 2 2 9 2 2 9 9 10 9 8 2 10 2 10 2 9 10 2 2 2 2 2 2 9 10 2 2 2
left_child=-1 2 48 4 18 22 8 -8 10 -10 11 28 -12 17 47 32 -17 -14 45 20 -20 41 -4 24 36 26 -25 52 -6 -23 31 -19 -16 -34 35 38 44 -38 40 -40 -28 42 -9 -44 -24 -3 -47 -15 -2 50 -50 -52 -27 54 55 59 57 -56 -57 60 -21 -58
right_child=1 3 5 -5 6 -7 7 21 9 -11 12 -13 13 14 15 16 -18 30 19 53 -22 29 23 25 -26 27 34 -29 -30 -31 -32 -33 33 -35 -36 -37 37 -39 39 -41 -42 -43 43 -45 -46 46 -48 -49 49 -51 51 -53 -54 -55 56 58 61 -59 -60 -61 -62 -63
leaf_value=-0.049956979337539981 0.037534306690202905 0.05822707397452162 0.055643412368348077 0.054880556359308025 -0.072959918230689216 0.061921348733824245 -0.038596970742071052 0.03290955747792023 -0.02669345469830009 0.050252636089174629 -0.045938207426447587 -0.055899543323747129 -0.044395734042697865 -0.037900415151343028 0.050916826304033214 0.034578928362359304 -0.060638220902587241 0.048088340776874135 -0.068278666839739613 0.045358340744085207 0.027018340721485547 0.020097738956874788 -0.038780449840674323 -0.033268162755495552 -0.03672364325501537 -0.0044428887772483255 0.067256336117574186 0.049637589280889266 0.045528439503407653 -0.067222289044725145 0.062072391086479987 -0.05819862111827219 0.05108262764394559 -0.071029981343102788 -0.05298651491177251 -0.059925944757281205 0.01482663648371736 -0.056294414671130999 -0.039974959802940781 0.042141494514922349 -0.053480718295739388 0.040819870210232638 0.032994941436337293 -0.04784377837858738 0.041237083947452312 0.046609093595325002 -0.086383068659103751 0.068846087066083306 -0.023453402910358832 -0.049231295142262432 0.067452695693822631 -0.01079136313104978 0.052802918743696074 0.052617291759539213 0.022372954342826282 -0.086568841698634297 0.018365874058924956 -0.065310084791863454 0.037141555979425249 0.054002296143433694 -0.067250360174848992 0.040331745051133371
leaf_weight=989.64708181610331 356.38286073459312 7130.3123057372868 1364.6065864665434 9306.5020939707756 100.58314416231588 1707.4864306068048 753.95092010544613 1317.3911020248197 462.79907414317131 8379.3443426978774 345.77421185327694 1025.5488072852604 195.63774263346568 841.70241357432678 4789.1573679270223 1404.8257814035751 636.95972587866709 2024.8990116678178 268.89196551125497 1614.66410808824 482.48759872885421 352.0474347290583 175.22591785434633 1556.798885777127 1484.3430886715651 1452.2539174873382 1533.6249996321276 6217.8126986972056 1466.1215639286675 295.25904892012477 3990.7296827808022 332.87002136511728 334.0695672230795 222.96456332551315 155.65293350676075 124.05450394470245 1522.0779699026607 292.18728596717119 496.17690050322562 2060.0863650143147 104.19998203404248 3271.0498576313257 324.67392465053126 577.28273328300565 2556.3298663143069 392.52556245401502 135.57766181230545 98.253864628262818 1017.4634244968183 898.29442591313273 343.40613826783374 325.85428521735594 353.70896306168288 5161.0993582233787 384.421047299169 168.31427210941911 3007.1305606681854 295.97850272897631 153.11332220491022 7079.5410782136023 319.03643457777798 7467.6864258190617
leaf_count=149224 3372 3610 1398 5940 1054 772 7772 2819 3403 10282 6561 11590 2150 11724 8002 4280 8920 2906 3257 1521 1977 1430 3954 43655 43364 25925 4420 44620 2612 2811 2827 3859 566 2561 10988 5001 10740 12800 6918 9519 4134 6977 1007 3454 18017 249 541 132 53550 86965 1785 5346 1255 2440 636 1286 5098 1359 197 5116 1428 10071
internal_value=0.0345306 0.0353437 0.0235356 0.0393551 0.0372179 0.0280484 0.0315205 0.0170599 0.0352715 0.0462519 0.0298202 0.000588285 0.0347996 0.036683 0.0275499 0.0344107 0.00474716 0.0483616 0.0428069 0.0392656 -0.00699201 0.0239206 0.025365 0.0233078 0.00826865 0.0297605 0.0160692 0.0400508 0.0376809 -0.02046 0.0512093 0.0330399 0.045804 0.0018464 0.0332378 0.0364229 0.0229902 0.00335411 0.0392727 0.026211 0.059659 0.0291966 0.0120653 -0.018539 0.0359724 0.0550716 0.0124666 -0.0264607 -0.012047 -0.0189292 -0.00248462 0.0293567 0.00673178 0.0406075 0.0376022 0.0455518 0.03095 -0.0164008 -0.0276389 0.0481619 0.0267793 0.0340257
internal_weight=103999 103009 26098 76911.2 67604.7 23156.6 33543.9 6891.66 26652.2 8842.14 17810.1 2592.25 15217.8 14872.1 8327.93 7387.98 2041.79 6544.14 34060.8 26402.4 751.38 6137.7 21449.1 20084.5 6030.16 14054.4 6030.59 8023.78 1566.7 647.306 6348.5 2357.77 5346.19 557.034 4473.8 4318.14 4545.82 1814.27 4194.09 2556.26 1637.82 5490.4 2219.35 901.957 2731.56 7658.42 528.103 939.956 2941.4 2585.02 1686.72 669.26 1805.96 25651 20489.9 9334.67 11155.2 680.4 321.428 9013.24 1933.7 10474.8
internal_count=702147 552923 398498 154425 148485 247480 109699 26270 83429 13685 69744 15256 54488 47927 36185 24329 13200 11742 38786 34386 5234 18498 246708 245310 88875 156435 84635 71800 3666 4241 9592 6765 11129 3127 40980 29992 45511 23540 24991 16437 8554 14257 7280 4461 21971 4400 790 11856 151018 147646 60681 7131 27180 29152 26712 9548 17164 1995 1483 8065 2949 15169
cat_boundaries=0 4 8 12 15 19 23 27 31 34 38 41 45 49 52 56 59 62 65 68 71 75 79 83
cat_threshold=2107460 3089138593 753708 64 2283570440 1075190848 3355460243 697 1879834753 26542084 834666560 6 151011328 104876096 68185219 210765314 67125248 2281726464 144 135680 667650 134234384 520 2147500032 1073745984 35659776 512 135266338 671760 1141899538 400 33620752 71311368 6144 33554432 4197376 2147746433 1 0 1376256 16777216 16978563 125911044 541342016 6 818086034 67657746 73413888 262 1157648913 50413572 587471872 67244304 131072 1075839232 432 12653362 33570840 1073762560 84021264 0 16384 16777730 50413568 541073728 67129857 12648456 268435456 67129857 12648456 805306432 233520 1073742864 2183397376 521 1573128 1441792 1207975936 137 536870912 0 813694976 2
is_linear=0
shrinkage=0.05


Tree=30
num_leaves=63
num_cat=21
split_feature=0 35 0 5 0 0 43 44 0 42 0 44 30 0 43 11 48 0 0 48 44 0 44 0 44 0 48 30 43 0 44 0 30 0 43 0 35 19 48 19 16 48 48 0 0 0 43 41 48 0 29 26 44 44 30 43 41 16 44 0 48 37
split_gain=2645.84 2227.35 1624.49 974.082 778.392 725.11 585.33 597.674 1345.25 582.703 2164.73 1548.47 768.409 1224.35 705.136 711.68 707.306 610.77 567.498 562.904 538.711 2119.12 1049.84 842.834 648.794 1553.05 881.903 1160.02 864.722 501.149 469.901 3480.4 468.212 440.675 438.266 421.731 398.85 419.35 379.094 640.864 374.215 368.457 1048.94 995.458 532.796 496.873 403.717 350.273 346.314 1449 344.798 341.765 327.052 347.906 340.254 326.792 324.812 324.163 638.739 322.501 320.879 470.778
threshold=0 2.4500000476837163 1 0.35000000894069677 2 3 0.96234640479087841 0.24164313822984698 4 0.29012925922870642 5 -0.099822327494621263 0.13036375492811206 6 -0.21861968189477918 163.45833587646487 -0.78394964337348927 7 8 -0.77626344561576832 -0.95242238044738758 9 -0.90892156958580006 10 -0.73865258693695057 11 0.85849907994270336 0.064721427857875838 0.90531614422798168 12 0.03762133605778218 13 0.3653708696365357 14 -0.81923159956932057 15 7.5499999523162851 4.5000000000000009 -0.92896968126296986 2.5000000000000004 50.250000000000007 -0.53431767225265492 0.83896556496620189 16 17 18 0.80417552590370189 0.95642796158790599 0.85203769803047191 19 0.47017242014408117 0.11409049853682519 0.55478650331497203 0.40418040752410894 0.1148212030529976 -0.98930078744888295 -0.22695468366146085 4.2500000000000009 0.7074720859527589 20 0.88840851187706005 3.3805000782012944
decision_type=9 2 9 10 9 9 2 2 9 2 9 2 2 9 2 2 2 9 9 2 2 9 2 9 2 9 2 2 2 9 2 9 2 9 2 9 2 2 2 2 10 2 2 9 9 9 2 2 2 9 2 10 2 2 2 2 2 10 2 9 2 2
left_child=-1 2 33 5 36 6 7 59 57 12 40 32 13 55 15 -15 29 -13 47 34 21 56 48 -24 25 60 28 -28 30 -16 35 -32 -12 -2 -17 38 37 -3 -26 -40 -11 45 43 46 -44 -18 -43 -14 49 -22 -21 -39 53 54 -35 -7 -6 58 -9 -4 61 -25
right_child=1 4 3 -5 20 9 -8 8 -10 10 11 17 18 14 16 19 41 -19 -20 50 22 -23 23 24 26 -27 27 -29 -30 -31 31 -33 -34 52 -36 -37 -38 51 39 -41 -42 42 44 -45 -46 -47 -48 -49 -50 -51 -52 -53 -54 -55 -56 -57 -58 -59 -60 -61 -62 -63
leaf_value=-0.049909724034029761 -0.0458844767941421 0.040041863505483069 -0.052485804811784637 0.063501429427094122 0.055203738473846777 0.049945299595020871 -0.059074395974655247 -0.059115834975093776 -0.040988632461365547 -0.054890337579857618 0.036770975272555614 0.026270705904844472 -0.049377840363210329 0.049713779991925625 0.070363971784807688 0.056736200647944303 0.077519913600141876 -0.061651858601183052 0.040801603779770934 0.032541406940080467 0.058465312217791325 -0.071332095562792616 -0.058269582704116633 -0.085357911433363687 0.042361051878668961 -0.07220836316986573 0.055163658410288322 -0.064799434725279173 -0.068110824874810669 -0.053943007861181128 0.049448997306914912 -0.078141622965852697 -0.041039358241719837 -0.030632470719413548 -0.053112186181500091 0.045093297275745618 0.04935183674848858 -0.070084997119936709 -0.0979120075391407 0.023948565524445176 0.072940733325464829 0.050295084914208456 -0.049714585972336044 -0.050145532931588577 0.068011752834340203 -0.031859548006353378 -0.054246798299585043 0.037965746287490741 0.06617106468606497 -0.070387741202802917 -0.053769422399750522 0.057263195906677916 -0.048215439945740513 0.054482469788701443 0.015289671095031876 -0.032584501157850262 -0.017894338292136425 0.18593474428889389 0.063054310950702477 0.042223892037933558 0.063253060488970933 0.05439369428817771
leaf_weight=941.0235147906933 672.21122401859611 19352.914539289661 84.572544125374407 1801.0033018346876 1025.4664418948814 131.29768683901057 160.61885898001492 126.52364562731236 733.41232149256393 1267.7975622238591 4581.6270739757456 274.81518349982798 295.94914483465254 509.6580237490125 97.531375590711832 328.72999959392473 991.44569897791371 671.85319931991398 7097.10753928544 135.10207606712356 1275.4462141534314 582.8309101392515 264.07138857338578 106.25639159977436 434.12562132999301 494.5322347744368 337.16429044958204 500.88190833479166 195.93739359080791 333.23336921446025 2296.4096980635077 686.52461493061855 201.85152633441612 645.66006852639839 125.4532925747335 10441.612254885491 19379.952906548977 156.00000849273056 175.33033270202577 280.48735620174557 59.959290118888021 699.46206037839875 98.843220255803317 558.3818957018666 1462.6813738103956 114.96831781510264 106.39757739240304 187.51228307606652 2978.8274102853611 255.13880642224103 806.17360895918682 79.5501440577209 308.45727735524997 324.73780692415312 1074.876806369517 1387.4842885709368 178.41090954374522 42.424187066033483 692.89280404290184 10199.340793118346 520.28586268424988 139.21660791151226
leaf_count=149025 61270 20562 2720 604 735 442 7976 3120 30225 47257 24724 2905 4595 890 758 1174 1550 28495 29382 1521 681 5290 6305 580 439 4349 453 3581 2385 8060 2403 5527 1737 29780 3040 11711 11578 1689 963 497 60 4585 2664 13769 4792 2808 2887 1565 1093 1727 14706 42 28052 4745 17289 38630 620 72 5125 35536 205 253
internal_value=0.0332456 0.0340179 0.02472 0.0276445 0.0399178 0.0257842 0.0357063 0.0370179 0.00854222 0.0204559 0.00855997 0.0218865 0.0258973 0.0149714 0.0245733 -0.000853626 0.0354825 -0.0365019 0.0372646 -0.0193222 0.0325899 0.00622887 0.0348079 0.0290803 0.0304859 -0.00398249 0.033336 -0.0165357 0.0362163 -0.0254169 0.0376444 0.0199877 0.0334876 -0.0104832 0.0263942 0.0422923 0.0442549 0.0392348 0.00882316 -0.0229251 -0.0487505 0.0419885 0.0326938 0.000664078 0.0606769 0.0665669 0.0360451 -0.0151872 0.0562387 0.0369084 -0.0413812 -0.0270769 -0.000221487 0.00701562 -0.00194338 -0.0252834 0.0440053 0.0505809 0.0441904 0.041435 0.0404924 -0.00609973
internal_weight=102470 101529 39392 36366.1 62137.4 34565.1 12039.8 11879.2 1595.25 22525.3 7057.9 5730.15 15467.4 7886.84 6368.06 1905.12 4462.94 946.668 7580.57 1395.46 23169 1786.71 21382.2 16872.8 16608.8 1260.29 15348.5 838.046 14510.4 430.765 14314.5 2982.93 4783.48 3025.94 454.183 11331.6 38968.4 19588.5 889.943 455.818 1327.76 4032.18 2925.77 1364.24 1561.52 1106.41 805.86 483.461 4509.41 1530.59 941.276 235.55 2353.73 2045.27 1720.54 1518.78 1203.88 861.841 819.416 10283.9 765.759 245.473
internal_count=702203 553178 469510 328374 83668 327770 84774 76798 38542 242996 105178 57861 137818 102276 63204 21331 41873 31400 35542 20441 49797 6645 43152 39651 33346 5387 27959 4034 23925 8818 21540 7930 26461 141136 4214 13610 33871 22293 1899 1460 47317 33055 28697 21241 7456 4358 7472 6160 3501 2408 16227 1731 79866 51814 47069 39072 1355 8317 8245 38256 1038 833
cat_boundaries=0 4 8 12 15 18 22 26 27 30 34 38 42 45 49 53 57 59 63 67 71 74
cat_threshold=2107460 3089138593 753708 64 2287223850 1078069258 34603650 689 1884225699 26935300 868225088 782 33555200 1028 610541904 33554944 0 8192 277381120 60624960 3372220417 264 655360 1323088 293624833 8 67108865 16973824 24576 1073758208 8389120 33570840 16640 1 202375168 67125248 2147483648 144 768 8192 67127296 32 268435456 0 134217728 50331664 4464656 1142947840 1 135528450 4327424 33554944 656 0 4194304 1140867328 1 25264256 25755648 268468224 50921472 2281701376 2 16846849 58720256 0 6 152076304 8194 201326608 32 0 0 8192
is_linear=0
shrinkage=0.05


Tree=31
num_leaves=63
num_cat=0
split_feature=34 8 7 44 26 41 43 43 42 43 43 34 37 32 43 43 44 46 28 19 43 43 44 44 43 18 43 18 30 41 28 34 43 43 29 41 43 18 44 43 18 43 38 23 18 43 8 37 18 44 30 43 34 18 36 43 7 26 43 44 28 28
split_gain=2147.15 988.892 948.446 721.115 714.32 712.014 919.182 813.397 1524.49 763.002 1445.87 746.256 665.128 664.841 1158.22 696.113 1028.92 764.317 722.237 668.61 628.16 627.487 615.108 992.058 890.198 1203.28 1112.14 1164.98 778.18 565.638 553.628 552.918 550.36 531.12 667.199 596.81 527.837 517.634 506.066 475.758 463.305 458.987 509.531 620.975 510.485 457.171 448.651 710.395 446.227 608.472 439.488 433.725 414.695 692.795 455.093 412.684 493.2 400.966 400.828 819.519 518.554 406.133
threshold=0.15000000223517421 0.12083333358168603 0.75000000000000011 -0.99761277437210072 -0.0044262045994400969 -0.68322628736495961 0.70900115370750438 -0.99166062474250782 -0.58216583728790272 0.67802080512046825 0.22700754553079608 3.7500000000000004 3.9864999055862431 0.05172413773834706 -0.98664820194244374 -0.83847111463546742 -0.40613879263401026 -0.72083979845046986 0.048057714477181442 1.5000000000000002 0.94425827264785778 0.52766072750091564 -0.92272481322288502 -0.90892156958580006 -0.85671821236610401 36.062500000000007 -0.50556187331676472 0.18333333730697635 0.1139642857015133 0.93540480732917797 0.013725490774959328 4.0499999523162851 0.9837264120578767 0.87811094522476207 1.0033907890319826 0.35206145048141485 -0.99904707074165333 12.949999809265138 0.8277757763862611 -0.33425341546535486 25.562500000000004 -0.81923159956932057 8.5000000000000018 0.2498196214437485 17.550000190734867 0.57077592611312877 0.21249999850988391 3.3805000782012944 8.6833333969116229 -0.91595870256423939 0.17962250113487246 0.61237135529518139 3.6499999761581425 2.6833333969116215 11.500000000000002 -0.99940761923789967 16.550000190734867 0.0071726138703525075 -0.33425341546535486 -0.77243989706039418 0.050299357622861869 0.033333335071802146
decision_type=2 10 2 2 10 2 2 2 2 2 2 2 2 2 2 2 2 2 2 2 2 2 2 2 2 10 2 8 2 2 2 2 2 2 2 2 2 8 2 2 10 2 2 10 8 2 10 2 10 2 2 2 2 10 2 2 2 10 2 2 2 2
left_child=2 5 3 30 12 6 9 8 -7 10 55 36 48 22 -15 16 -16 29 19 -18 33 -12 39 -24 25 28 27 31 -25 -17 -1 -26 -28 34 -6 38 -10 -4 51 -9 -21 -19 -43 44 52 -23 47 -39 49 -5 -38 -36 53 -44 -55 56 -2 -57 59 -59 -61 -60
right_child=1 -3 37 4 20 7 -8 13 11 -11 21 -13 -14 14 15 17 18 41 -20 40 -22 45 23 24 26 -27 32 -29 -30 -31 -32 -33 -34 -35 35 -37 50 46 -40 -41 -42 42 43 -45 -46 -47 -48 -49 -50 -51 -52 -53 -54 54 -56 57 -58 58 61 60 -62 -63
leaf_value=-0.071381062282377103 -0.090363335061798986 0.056441579020148215 0.048421291312688512 0.033214493895628174 -0.019243033897654346 0.052659181396386284 -0.04081621633650559 -0.093377818803355994 -0.077148325639620291 0.070200328451814786 -0.079147522349902369 -0.10767611430081347 -0.032449306815627597 -0.070896121434408474 -0.061175453837439345 -0.028298623298282408 -0.049567650349449925 0.065314160635690899 -0.083465089850949831 0.033085056667702388 -0.034918957654297721 0.047156451851322612 0.065953354696626817 -0.029457267877051455 -0.035203096875715573 -0.060098865192419332 0.031789770485285328 -0.07313100415454532 0.050608838357099908 0.041804280450657455 0.049853418820999924 0.045694076427849714 -0.068374617736708651 0.047587131230816461 0.037002742250233332 0.0020552933761130657 0.039588787377273657 -0.052212629626818545 -0.032337817739008339 0.016638574864834547 -0.046093482199840122 0.038705153851087255 -0.055917599553875666 0.058978320605427105 -0.086051370838514829 -0.055163553754897482 0.04985054906674237 0.02917289533813482 0.032513727202896706 -0.014178980078124296 -0.035130790543569504 -0.016192175492003028 0.031387681141968361 -0.041835890205449644 0.056929985422577489 0.048232866724532225 0.061566484164061387 -0.081500315870560516 -0.0058246521642891062 0.032467358439657389 -0.053148758649824039 0.055943475432739621
leaf_weight=99.220616679638624 125.91535903606564 5692.0742305601016 3797.8899585031904 905.47990206303075 1137.5334380210843 7902.5463226991706 333.3661685839761 101.42720407433808 155.96970402821898 2295.185673231259 327.82087980723009 155.06972422730178 1398.2540835458785 347.60344200721011 533.53247395879589 935.61865926207975 314.77387351775542 1012.5765370475128 180.45402449998073 2553.8349806331098 522.66560009657405 306.71745885163546 2514.7241648272611 316.47416555555537 329.28590029804036 269.83176615368575 5778.5784105695784 594.84549481235445 7388.2813677461818 415.54113386571407 1849.4351438260637 589.08868028083816 140.47251724428497 1629.9845374589786 5481.1518976408988 2757.713687709067 805.47625192161649 447.4311336572282 309.21656446903944 3154.6532042887993 199.16100100427866 5170.7923484724015 519.12881982908584 553.38338349806145 161.12189344270155 169.49669173453003 611.09794685989618 669.09728156402707 1243.9789598365314 2686.784700198099 260.42450004117563 411.9921185169369 903.76312585454434 171.90825729351491 362.74604421621189 13479.64268421242 92.773857697844505 174.91209455067292 299.73483667057008 4202.3089533965103 184.62731553334743 2373.0320999296382
leaf_count=1837 917 3288 8099 8942 56113 6864 4605 935 1315 988 3616 1127 72984 2583 4688 8572 2256 937 2073 7096 35532 910 1471 2091 3279 1811 23303 6074 9719 1812 7118 731 3148 17359 64505 71160 1651 2983 30882 13176 1197 14287 9382 607 1921 1689 555 2058 10142 102686 1566 15123 1951 1883 1438 20719 24 2212 1647 9059 1499 2008
internal_value=0.0321118 0.0364091 0.0197209 0.014751 0.0117012 0.0347603 0.0416391 0.0310186 0.0441997 0.0427829 0.0398879 -0.00435109 -0.00207664 0.0275745 0.0192596 0.0214999 0.00317589 0.0282893 0.0137458 0.019464 0.0187131 -0.02591 0.0332031 0.0368353 0.0320826 0.0436854 0.0196332 -0.0186197 0.0473201 -0.00673889 0.0436805 0.0166882 0.0294126 0.0211034 0.0168283 0.0214078 0.00876206 0.0380997 0.0300123 0.0132116 0.027357 0.0336339 0.0295437 0.0118151 -0.000503607 0.0107382 0.0154093 -0.00344107 0.0067047 -0.0022328 0.021333 0.0332839 0.00653767 -0.0147746 0.0251736 0.0424152 -0.0259106 0.0431365 0.033641 0.0246325 0.0288641 0.0490165
internal_weight=100810 74850.7 25958.9 20433.4 18484.8 69158.6 24365.5 44793.1 9279.49 24032.2 21737 1376.94 6234.5 35513.6 14335.9 13988.3 3781.76 10206.6 3248.22 3067.77 12250.3 804.035 21177.7 17921.6 15406.9 7974.59 7432.27 1513.22 7704.76 1351.16 1948.66 918.375 5919.05 11727.6 10097.6 8960.07 1221.87 5525.52 6202.36 3256.08 2753 8855.42 7842.84 2672.05 2118.67 476.214 1727.63 1116.53 4836.24 3592.26 1065.9 5893.14 1957.55 1053.78 534.654 20932.9 218.689 20714.3 7234.62 4561.85 4386.94 2672.77
internal_count=702203 194125 508078 494383 485428 190837 49893 140944 12523 45288 44300 5659 194754 128421 62683 60100 17310 42790 12622 10549 290674 6215 65738 51627 50156 13621 36535 10084 11810 10384 8955 4010 26451 255142 237783 181670 4532 13695 110510 14111 8293 32406 31469 17182 16575 2599 5596 5041 121770 111628 3217 79628 14654 12703 3321 38085 941 37144 16425 12770 10558 3655
is_linear=0
shrinkage=0.05


Tree=32
num_leaves=63
num_cat=0
split_feature=35 1 35 41 43 19 7 36 43 26 44 43 29 44 42 43 28 28 43 38 7 37 21 35 43 41 44 44 28 43 43 34 43 29 28 8 20 27 44 35 17 19 26 28 43 18 17 44 44 42 35 26 44 7 41 18 44 18 38 36 43 28
split_gain=2419.59 1358.7 740.948 721.331 673.469 644.785 602.539 644.19 595.935 587.988 801.341 666.792 701.221 520.154 500.247 489.888 730.205 737.164 1136.81 867.566 710.63 689.212 469.606 463.234 460.787 452.177 441.993 441.94 458.342 441.771 630.412 579.276 413.09 580.24 557.992 433.611 392.969 385.068 371.504 418.227 365.271 363.922 437.376 360.928 470.676 469 417.549 357 570.419 628.61 546.663 455.974 782.52 996.196 647.592 567.504 522.168 586.872 520.658 454.179 440.764 415.597
threshold=2.4500000476837163 1.4499999880790713 1.0000000180025095e-35 -0.2901292592287063 0.70900115370750438 4.5000000000000009 2.0499999523162846 9.5000000000000018 0.94978111982345592 -0.02738525532186031 -0.99273797869682301 0.40614137053489691 5.1923215389251718 0.59696555137634288 -0.72947329282760609 0.67802080512046825 0.055752867832779891 0.036731028929352767 -0.83847111463546742 18.500000000000004 1.3499999642372134 2.7055000066757207 -1.0000000180025095e-35 3.5499999523162846 -0.67166441679000843 -0.84874749183654774 -0.12545862048864362 0.86004966497421276 0.076470591127872481 -0.86546283960342396 -0.9550008475780486 3.8500000238418584 -0.99372696876525868 5.9262912273406991 0.0058823532890528449 0.10416666790843011 0.22500000149011615 0.22436012327671054 0.011826144531369211 7.1499998569488534 23.562500000000004 2.5000000000000004 -0.0935399755835533 0.045542273670434959 0.91939014196395885 25.274999618530277 1.0000000180025095e-35 -0.99983122944831837 -0.58481180667877186 -0.032701563090086067 1.1500000357627871 0.083254016935825362 -0.89404255151748646 1.0000000180025095e-35 -0.22695468366146085 5.5499999523162851 -0.92272481322288502 13.449999809265138 7.5000000000000009 1.0000000180025095e-35 -0.99372696876525868 0.025490196421742443
decision_type=2 10 2 2 2 2 2 2 2 10 2 2 2 2 2 2 2 2 2 2 2 2 10 2 2 2 2 2 2 2 2 2 2 2 2 10 10 2 2 2 8 2 10 2 2 10 8 2 2 2 2 10 2 2 2 10 2 10 2 2 2 2
left_child=1 2 6 4 13 9 27 -8 36 11 -11 12 38 15 -6 16 17 18 19 29 21 -20 26 -15 -23 -18 -19 37 -29 30 -2 -32 33 -12 -35 -34 40 43 39 -5 47 42 -26 44 46 -45 -1 -4 51 -50 -51 52 56 54 55 59 57 -49 -55 -54 -52 -62
right_child=3 -3 8 5 14 -7 7 -9 -10 10 32 -13 -14 23 -16 -17 25 22 20 -21 -22 24 -24 -25 41 -27 -28 28 -30 -31 31 -33 35 34 -36 -37 -38 -39 -40 -41 -42 -43 -44 45 -46 -47 -48 48 49 50 60 -53 53 58 -56 -57 -58 -59 -60 -61 61 -63
leaf_value=0.018703928140262852 0.042004433993473679 0.058121018857750367 0.051567876834581597 -0.046323618440591352 0.022273532835229797 -0.063327394466499515 -0.010791740460687538 0.049113825196489574 -0.03159703540760072 -0.083425968666489311 0.055634221121274724 0.043675746705586251 0.034219803166960855 0.041212942744023685 -0.075836750750243181 0.062523283619939127 -0.070307549214129947 0.028556848106258383 -0.072329131046958414 -0.038915059735556264 0.048822614314526259 -0.10041900466111814 0.050142590834146086 -0.071532296634578232 0.074299182759904034 0.016603013818285547 -0.071893196142938834 -0.050840978799269201 0.040498002434529813 0.064976709039349961 -0.095383048778869925 0.024176625251777828 0.030127056584328817 0.051431027754331504 -0.068359377501256133 0.057959975295485959 0.041882019938997414 0.054250487787782478 0.022606675262900472 0.0022771652396291701 -0.036067596857720388 0.030897750463513441 -0.082739304355175819 -0.023294215448834903 -0.04799302955362246 0.048906202640157118 -0.0313648922471172 0.0183077312924976 0.035241615540668757 -0.0072591118653279624 -0.045045332259704467 0.065409038921641724 0.056674704283973046 0.049517676019388328 -0.060780935555005702 0.041708324934444117 0.051622167842405114 -0.053765452283233144 -0.042855288102555983 -0.049234797242573139 0.005157216638050504 0.053170193874775229
leaf_weight=4448.427137439372 4719.2078776974231 2357.8774020867422 1043.9267616230063 905.64664136478677 378.3072377149947 179.4379017050378 635.85692462511361 1525.1945944353938 481.96615705103613 140.64331195037812 3999.4137444379739 1627.2205037297681 1342.1237916173413 178.64921557577327 197.8886164589785 3146.2593418713659 202.68858589837328 502.16560029704124 436.27908811345696 327.67846373235807 511.14859486185014 98.401624222286046 18503.331730545964 185.91687016515061 60.109807279892266 572.02388276625425 140.0523816915229 676.59962949389592 172.32831297116354 1891.7827126309276 163.33876555319875 266.78293090639636 15051.231776433997 194.81827247422189 194.03524126671255 1542.7709234175272 2893.282134573441 388.01670481311157 612.4138401648961 865.86618418525904 264.70367739442736 713.25291539309546 168.9916601087898 1832.558692118153 326.35949712060392 256.39124008594081 459.4054987304844 3428.3729714185465 9256.9290199270472 1970.4301864057779 182.89614356262609 371.80800568405539 121.49697969760746 768.07532736472785 953.74976073997095 414.73131412919611 1095.7626159775537 307.80511282617226 190.35247908113524 606.75904678716324 699.29827488586307 1267.8632965248544
leaf_count=109227 5504 1506 1554 6285 1219 2053 3853 2724 18537 1433 2895 2799 2498 641 2555 1105 1433 797 3270 1693 429 791 15522 1960 33 1844 675 95635 6014 802 1354 600 34083 153 1079 668 8255 2570 1676 2802 2432 1275 1775 124868 28118 2131 13995 27686 60613 30746 1164 915 237 1289 21982 3013 5565 4280 1717 11583 3757 2536
internal_value=0.0309466 0.0213191 0.0189765 0.0372663 0.0421657 0.0311339 0.00789638 0.0314875 0.0234898 0.0317741 0.0355252 0.016973 0.00531145 0.0431074 -0.0114214 0.0437752 0.0417605 0.0430623 0.0315602 0.0406129 -0.00199162 -0.0195766 0.0486837 -0.0162835 0.00253698 -0.00613546 0.0066511 0.00194064 -0.0322996 0.044314 0.0367228 -0.0212262 0.0363225 0.049965 -0.00834356 0.0327147 0.0245174 0.00571018 -0.0109636 -0.0225689 0.0223277 0.0132877 -0.0415368 0.00313827 0.0101507 -0.0144326 0.0140172 0.0230093 0.0216314 0.0280103 0.0117648 0.011299 0.00874819 -0.0110581 -0.0303614 -0.00497827 0.0212714 0.01237 0.0311716 -0.0315656 0.0291994 0.0361023
internal_weight=99419.1 39399.2 37041.3 60019.9 33364.3 26655.6 10721.1 2161.05 26320.2 26476.2 21122.9 5353.27 3726.05 32788.1 576.196 32423.5 29277.2 28502.5 9356.97 7368.79 1988.18 1477.04 19145.5 364.566 1040.76 774.712 642.218 8560.09 848.928 7041.11 5149.33 430.122 20982.3 4388.27 388.854 16594 25838.2 7711.16 2383.93 1771.51 22945 942.354 229.101 7323.14 5234.19 2088.95 4907.83 22680.3 21636.3 13377.4 4120.49 8258.91 7887.11 3055.16 2096.74 1142.99 4831.94 3736.18 958.428 728.256 2150.06 1967.16
internal_count=702203 598502 596996 103701 45277 58424 389135 6577 207861 56371 40311 16060 13261 41503 3774 38902 37797 34520 17526 9953 7573 7144 16994 2601 3874 3277 1472 382558 101649 8260 7458 1954 38878 4127 1232 34751 189324 280909 10763 9087 181069 3083 1808 278339 151340 126999 123222 178637 177083 98816 38203 78267 77352 39821 36815 14833 37531 31966 3006 11820 7457 6293
is_linear=0
shrinkage=0.05


Tree=33
num_leaves=63
num_cat=25
split_feature=0 35 0 1 0 0 42 0 44 0 44 43 0 0 0 11 43 0 44 0 44 0 48 28 48 0 0 20 30 14 44 0 0 35 44 30 28 0 25 10 0 48 19 0 48 0 47 0 30 48 0 48 0 48 48 0 0 43 26 43 28 26
split_gain=2305.79 1966.18 1410.21 1029.01 755.402 701.141 555.934 2089.22 1316.76 646.737 543.268 893.749 964.491 745.54 696.601 534.362 494.32 479.478 473.706 1889.85 1014.89 714.205 582.296 1491.19 995.308 818.381 764.151 539.941 478.308 419.585 414.911 1259.92 408.09 407.571 390.854 385.863 412.241 993.775 400.726 381.566 380.612 379.48 361.577 352.078 343.21 367.242 353.503 333.995 332.301 324.121 1317.24 318.24 2468.15 499.494 356.421 1149.48 544.543 470.789 551.6 421.972 343.686 302.797
threshold=0 2.4500000476837163 1 1.4499999880790713 2 3 0.29012925922870642 4 -0.099822327494621263 5 -0.41399101912975306 -0.20180235803127286 6 7 8 167.95833587646487 0.96234640479087841 9 -0.95242238044738758 10 -0.90892156958580006 11 -0.99262195825576771 0.050299357622861869 -0.95311623811721791 12 13 -0.27500000596046442 0.10603571310639383 20.250000000000004 0.24164313822984698 14 15 7.5499999523162851 0.071972697973251357 0.3653708696365357 0.045542273670434959 16 0.19500000029802325 7.5416667461395273 17 -0.9911440610885619 4.5000000000000009 18 -0.92896968126296986 19 -0.53893941640853871 20 0.13150997459888461 0.85203769803047191 21 -0.23563831299543378 22 -0.44853261113166804 0.70675188302993786 23 24 -0.50556187331676472 -0.014579993207007645 -0.99940761923789967 0.048057714477181442 0.11409049853682519
decision_type=9 2 9 10 9 9 2 9 2 9 2 2 9 9 9 2 2 9 2 9 2 9 2 2 2 9 9 10 2 10 2 9 9 2 2 2 2 9 10 2 9 2 2 9 2 9 2 9 2 2 9 2 9 2 2 9 9 2 10 2 2 10
left_child=-1 2 29 5 33 16 9 8 15 34 11 12 -11 -12 -13 32 30 -10 19 -6 49 -22 -23 24 41 -25 28 40 -26 43 39 -32 -8 42 48 36 38 -38 -17 -4 -28 -24 -3 -2 -29 46 -46 -41 -7 50 -20 52 53 -47 56 57 59 58 -56 -53 -55 -44
right_child=1 4 3 -5 18 6 7 -9 17 10 13 14 -14 -15 -16 35 -18 -19 20 -21 21 22 23 25 26 -27 27 44 -30 -31 31 -33 -34 -35 -36 -37 37 -39 -40 47 -42 -43 61 -45 45 51 -48 -49 -50 -51 -52 54 -54 60 55 -57 -58 -59 -60 -61 -62 -63
leaf_value=-0.049876549758533895 -0.0073484639565403326 0.036311407511437049 -0.076144730595712112 0.057584277636354743 0.040374370039028704 -0.018205612044523204 0.032340171447999409 -0.052055922037640548 0.021956290200664204 0.040224950168086998 0.00031575692398903637 -0.051683996649162914 -0.048738430401842642 0.041466030531397996 0.03176543855043628 -0.049945121688376615 -0.05833218220229084 -0.059531583399722802 0.05541624243099396 -0.070713734246641805 -0.05877229841571352 0.050894372130475131 0.037342573487283065 0.02783845618515195 0.015984590102316176 -0.070534010630554228 0.018117121412777031 0.055356000892048299 -0.087217458286815278 0.054653424432885282 0.047020231386035068 -0.04032134700327205 -0.077111054227663886 0.046079414708509889 -0.051060768269132778 -0.038605745273328648 0.048551169035774319 -0.056058278060949866 0.049082477010836567 -0.026012009832073482 -0.075681711000184754 -0.090125692976930016 -0.069546160806519472 -0.049794482721235593 -0.099698639474226233 0.045677161279483881 0.0085449683471992138 0.039029575565162379 0.026787213209640309 0.06295109654751968 -0.069265480027170562 0.059374804522315486 -0.08724732528335491 -0.094374193841346529 0.032734476332247478 -0.07310638259498288 0.048986311677647193 0.063129467125009386 -0.094284914146217064 -0.095740277968557497 0.04826892622154786 0.054225823667233358
leaf_weight=891.89427896565758 1494.4802587977611 18463.035507212393 74.083487990312278 2175.0640697758645 1147.1760536786169 760.97987775318325 142.45713367220014 1293.2234470304102 247.53903640480712 438.74473714688793 1334.737953979522 260.88781956536695 949.25959597621113 6507.0985548538156 3609.0133859366179 105.71061548544094 149.79443175951019 641.94919634005055 1188.1237351968884 562.19925370533019 240.3447544646915 2144.492009698879 76.756126171909273 314.13328390009701 228.09577417233959 622.81605192343704 244.05751355085522 1621.8917978527024 221.10110327368602 197.11502176336944 961.65185007220134 708.79388848785311 191.2804700024426 18084.154328694567 365.83711178973317 175.59346987819299 572.72689876705408 362.24304777989164 3040.2406202852726 198.44668721966445 181.91426602797583 243.99214370083064 147.05699302209541 724.65251596900634 86.813665798865259 2265.5847460702062 575.07859735982493 9780.595686505083 890.72679724078625 2766.4495973102748 249.46183361439034 69.315699502825737 448.9920658422634 112.50761580187827 305.87222787737846 274.14599842997268 4759.9676251523197 750.29430860001594 118.61842026002705 119.31585140991956 67.601038514636457 74.420082814991474
leaf_count=149025 55603 20562 361 1037 1355 10890 287 50026 2893 1181 23347 7541 11953 51041 15053 1596 8489 28336 681 5290 5466 1920 82 568 1177 6577 395 880 2135 261 11052 30203 1536 11578 16351 1621 2719 9460 9106 5324 1167 1571 1689 73304 642 2326 1596 35148 3791 1093 1727 23 3003 603 387 2283 5118 380 624 666 62 42
internal_value=0.0298307 0.0305645 0.0217614 0.0242435 0.0363143 0.0221029 0.0167691 0.00487242 0.018369 0.0221102 0.0261576 0.0137425 -0.0206787 0.0345152 0.0260883 0.0291919 0.0318955 -0.0372765 0.0289261 0.00366093 0.0310681 0.0253538 0.0266494 0.0228762 0.0273427 -0.0380081 0.029583 0.0319665 -0.0340548 -0.0151939 0.0330756 0.0100001 -0.0317329 0.0407175 -0.00427805 0.0339688 0.0370915 0.00794118 0.0457549 0.0369099 -0.0232917 -0.0596221 0.0355496 -0.0214666 0.0340275 0.0305523 -0.00556812 0.0377492 0.00605797 0.0529431 0.0336841 0.0330955 0.0193751 0.039146 0.0393553 0.017545 0.0457413 0.0389896 -0.00275945 -0.0367904 -0.0408353 -0.0279567
internal_weight=98022.6 97130.7 38354.9 35938.7 58775.8 33763.6 21890.2 6772.96 5479.74 15117.3 13099.7 5257.91 1388 7841.84 3869.9 4590.25 11873.4 889.488 22007.1 1709.38 20297.7 16093.7 15853.4 13708.9 12771.9 936.949 12451.2 12002 449.197 2416.25 11723.6 1670.45 333.738 36768.7 2017.54 4256.51 4080.92 934.97 3145.95 10053.1 425.972 320.748 18684.5 2219.13 11576 9954.11 661.892 9979.04 1651.71 4204.04 1437.59 9292.22 2894.69 2445.69 6397.53 1448.93 4948.6 1174.78 424.491 188.632 180.109 221.477
internal_count=702203 553178 469510 340342 83668 339305 248728 107580 57554 141148 110116 35728 13134 74388 22594 26325 90577 31229 49797 6645 43152 39651 34185 32265 25120 7145 23467 20155 3312 129168 82088 41255 1823 33871 31032 24502 22881 12179 10702 40833 1562 1653 22293 128907 18593 17713 2238 40472 14681 3501 2408 15475 5994 2991 9481 3674 5807 1391 1011 689 665 1731
cat_boundaries=0 4 8 12 15 19 22 24 27 31 32 36 40 43 46 49 52 55 59 63 66 69 73 77 81 84
cat_threshold=2107460 3089138593 753708 64 2287207466 1078069258 33555074 689 1884225699 26935300 868225088 782 33555200 263172 610541904 1694699665 67133456 276847616 6 163840 24576 276843520 536871040 65536 1359024256 33558592 1073745920 540672 68747280 2282749952 256 67108865 8389120 33570840 16640 1 202375168 16384 2147483648 144 512 8 2048 2147483648 67113024 10496 33554944 262144 8192 4096 0 8388608 1073807360 67117056 268435456 33560080 262144 69206016 32 4195368 1073741834 2 33 512 1073741824 1073741842 0 262144 8192 152076304 8194 201326608 32 16815376 33824770 201326592 33 16777488 8216 69222400 32 1280 16 67108864
is_linear=0
shrinkage=0.05


Tree=34
num_leaves=63
num_cat=23
split_feature=35 0 1 0 0 25 0 43 0 44 0 44 0 48 0 44 0 44 0 48 0 35 0 44 18 0 48 10 30 20 48 0 48 18 0 0 0 48 44 0 44 0 43 43 24 44 41 10 6 0 31 46 43 43 0 44 38 32 43 0 0 48
split_gain=2192.21 2336.68 1109.04 915.078 766.257 713.012 519.531 476.704 529.113 456.092 3284.4 573.955 1658.44 711.474 632.716 578.565 812.365 695.257 1326.71 583.108 917.326 430.092 429.955 548.181 489.412 1203.06 428.58 426.963 423.312 411.507 387.964 1841.78 783.902 1138.72 1058.96 889.645 782.932 547.363 518.437 1074.04 665.126 1370.65 509.318 501.205 409.368 385.788 383.436 371.557 367.362 387.513 494.662 434.281 366.458 363.684 387.048 358.214 546.634 352.133 404.989 643.986 459.087 363.629
threshold=2.4500000476837163 0 1.4499999880790713 1 2 0.34499999880790716 3 0.95502296090126049 4 0.03762133605778218 5 -0.95242238044738758 6 0.94941526651382457 7 -0.90892156958580006 8 -0.73865258693695057 9 0.68882298469543468 10 7.5499999523162851 11 0.77652049064636242 26.062500000000004 12 -0.67370402812957753 9.791666507720949 0.089649017900228514 9.0625000000000018 0.83896556496620189 13 -0.35527852177619929 7.0499999523162851 14 15 16 0.30355747044086462 -0.15950992703437802 17 -0.52034142613410939 18 -0.99904707074165333 -0.013976118760183452 0.0051592737436294564 0.029024410061538223 -0.16280825436115262 19.041666984558109 2.9500000476837163 19 0.05172413773834706 -0.19618482142686841 -0.99549928307533253 0.88621068000793468 20 0.12332734838128091 4.5000000000000009 1.0000000180025095e-35 0.49812944233417517 21 22 0.45945061743259435
decision_type=2 9 10 9 9 10 9 2 9 2 9 2 9 2 9 2 9 2 9 2 9 2 9 2 8 9 2 2 2 10 2 9 2 10 9 9 9 2 2 9 2 9 2 2 8 2 2 2 10 9 2 2 2 2 9 2 2 2 2 9 9 2
left_child=1 -1 3 5 21 -3 -6 22 26 11 55 12 46 15 -15 -13 45 18 -18 53 -21 -2 23 27 30 -26 -9 -5 -7 -27 32 -32 36 35 -35 37 -24 -34 40 44 41 43 -37 -38 -40 -17 -8 -30 49 50 51 -44 -33 -19 -55 56 -11 -49 60 -60 -59 -62
right_child=4 2 -4 7 6 28 9 8 -10 10 -12 13 -14 14 -16 16 17 19 -20 20 -22 -23 24 -25 25 29 -28 -29 47 -31 31 52 33 34 -36 42 38 -39 39 -41 -42 -43 48 -45 -46 -47 -48 57 -50 -51 -52 -53 -54 54 -56 -57 -58 58 59 -61 61 -63
leaf_value=-0.049848513136921596 0.034126762525556582 -0.024377540361912347 0.056217884770965898 -0.0912095585413496 -0.04893625821086376 -0.013344330733388744 0.047637195718181535 0.094625558890771275 -0.054764429060917212 0.052088069197746292 -0.074860400167327312 0.05234288411690019 -0.069610079702911928 0.03318841408248064 -0.074027764189173687 -0.072045582055974583 0.04016094880742288 0.040834963014759751 -0.071524178063931243 0.039015304745756312 -0.08229805146967592 0.045157316210439363 -0.015084555542241097 -0.0543024544258561 0.030268788783014401 -0.081094967712116786 -0.062929109999894914 0.036421056631103725 -0.084352243508471467 0.036050951578409256 -0.06053425672047922 -0.090345053457974625 -0.032990413634055187 0.04914272604390265 -0.049249168731969273 0.040529744715443516 -0.009240923490810073 0.039944679640526996 0.05051914041193576 -0.054913678504486044 0.059178823238920646 -0.044578491582963856 -0.071604333663835923 0.057858242102718262 -0.043256440720630861 0.044599333878435149 -0.033928919421677251 -0.035347256092312693 0.053686936336458074 -0.057750450507995016 -0.056267173772984194 0.042120670714395847 0.048397823719243643 0.049791085914488886 -0.072878373525287948 0.046335565932711917 -0.12008674794642192 -0.023924811101951618 0.077941384341499775 -0.054463876605688161 0.039486704929194247 -0.0088894580434150695
leaf_weight=1166.3251017401926 17832.694575073197 1756.4915002728812 2199.564687076956 66.032038493081927 211.6692693696823 1187.5572743166704 1043.5807644110173 139.06417351681739 384.15121321030892 101.76579139195383 819.10990587761626 4081.3533105384558 523.41794266924262 259.85978205502033 274.37098207231611 278.96720467810519 644.08465591911227 10311.133884508163 438.17927579302341 377.13233083952218 251.19088423484936 17518.280819529667 880.02785068750381 173.56502710562199 843.04046111507341 497.11869477899745 62.589226916432381 8568.9504282809794 82.052430784329772 88.278139747679234 440.67457125801593 48.193615681491792 343.78467665147036 1800.3170502488501 315.50322104198858 241.29260951001197 346.05998737970367 1021.8793419688009 861.99567509721965 447.84759667003527 2775.4600717322901 563.24046125123277 106.34357666643336 1421.4453444303945 134.54367209877819 95.033545143902302 167.16290140803903 239.94791099848226 109.19607474748045 1289.6358814439736 400.02889812458307 398.57231712061912 3819.0287454794161 105.00013020634651 138.67257890547626 2209.4026092840359 84.276739038527012 515.48040731111541 640.31939060194418 102.39773276913911 1689.4186546236742 504.43615979375318
leaf_count=178228 22199 73226 1266 333 21393 49425 850 509 23455 60 8493 3223 5010 281 2497 3827 854 11948 3972 378 2029 11505 21720 12962 2807 4240 1444 35248 859 106 12668 493 8003 3624 4276 356 3132 8420 5029 15843 4084 7273 1752 3596 2575 100 648 6770 81 38530 5787 2090 18140 59 1501 2439 435 11533 2836 4877 12919 7987
internal_value=0.0288115 0.019598 0.0217651 0.0196249 0.0349796 0.00299485 0.0276915 0.0235236 -0.0211079 0.0284437 0.0110394 0.0314049 0.00398483 0.0341607 -0.0226403 0.0359755 0.0306903 0.0328924 -0.00534712 0.0366225 -0.0101722 0.0395818 0.0244657 0.0336385 0.0202279 -0.00791831 0.0435634 0.0354451 0.0126912 -0.062364 0.0225025 0.035562 0.0183219 0.00492197 0.0344704 -0.0110646 0.0291898 0.0214275 0.0351072 0.00871325 0.042642 0.0229498 -0.0284719 0.0444693 0.0374823 -0.0413018 0.0360777 0.0208836 -0.0358226 -0.0402763 -0.0145747 0.0181683 0.0465484 0.0394082 -0.0209668 0.0405556 -0.0259066 0.0232224 0.0272935 0.0600029 0.0183268 0.0282348
internal_weight=96438.2 38671.9 37505.5 35306 57766.3 6718.1 22415.4 28587.9 585.805 22203.7 3214.56 18989.1 1734.16 17255 534.231 16720.7 12639.4 12265.4 1082.26 11183.1 628.323 35351 28002.1 8808.55 19193.5 1428.44 201.653 8634.98 4961.61 585.397 17765.1 4307.9 13457.2 6026.55 2115.82 3910.73 7430.62 1365.66 6550.59 1444.39 5106.21 2330.75 2545.07 1767.51 996.539 374.001 1210.74 3774.05 2303.78 2194.58 904.945 504.916 3867.22 10554.8 243.673 2395.45 186.043 3692 3452.05 742.717 2709.34 2193.85
internal_count=702203 598502 420274 419008 103701 170432 69997 248576 25408 48604 11427 37177 6508 30669 2778 27891 24668 20741 4826 15915 2407 33704 223168 48543 174625 7153 1953 35581 97206 4346 167472 31301 136171 72919 7900 65019 63252 16423 41532 23447 18085 14001 48596 6728 7604 3927 1498 47781 48240 48159 9629 3842 18633 13508 1560 2934 495 46922 40152 7713 32439 20906
cat_boundaries=0 4 8 12 16 19 23 27 30 34 38 41 44 47 51 55 58 61 64 67 71 73 77 81
cat_threshold=137635910 2952956833 754220 720 2420294696 1282940938 59776130 297 1880031395 26935300 1941966912 782 2099212 3019932577 2148245548 64 1073741824 16777216 536870912 54525968 4464656 69206016 1 12583424 33570840 16640 1 16777472 8192 256 202375168 4210688 0 145 768 0 67127296 32 512 24 2113536 33555200 1024 538968400 528384 33624148 2554593280 8912896 50397204 2281979905 2 1619595392 327680 272629761 6 524416 20 138682368 536871040 20560 3292536833 67108865 25493504 268435456 1098977296 50331652 16384 8388608 25165824 0 6 0 8192 268615680 67108872 6144 264 180264 207618056 34603008 256
is_linear=0
shrinkage=0.05


Tree=35
num_leaves=63
num_cat=25
split_feature=35 0 20 0 1 41 0 28 43 0 18 48 0 0 44 44 26 43 48 0 0 0 43 0 28 0 43 0 48 28 0 0 0 18 48 0 48 44 0 9 26 28 0 0 0 34 28 0 42 48 43 43 0 48 18 0 43 44 48 29 0 0
split_gain=2154.52 2130.46 1138.86 1039.9 729.831 754.946 1107.3 900.732 825.1 682.48 636.572 545.035 1111 978.583 663.521 517.437 509.809 856.71 656.464 622.792 582.798 499.801 490.548 643.9 485.128 2373.26 953.767 1940.85 679.188 564.83 1582.9 502.453 458.673 426.836 426.16 850.697 569.432 536.559 450.117 424.2 403.042 398.317 397.996 396.944 394.363 376.558 364.149 1963.77 1019.3 394.788 372.091 369.589 362.664 637.621 352.283 375.44 349.16 331.183 317.047 301.352 299.018 287.695
threshold=2.4500000476837163 0 1.0625000000000002 1 1.1500000357627871 -0.2901292592287063 2 0.053132651373744018 0.70900115370750438 3 54.062500000000007 -0.45972147583961481 4 5 0.55478650331497203 0.59696555137634288 -0.00059406174113973964 -0.99166062474250782 0.16098462045192721 6 7 8 0.67802080512046825 9 0.033333335071802146 10 -0.83847111463546742 11 0.67047429084777843 0.055752867832779891 12 13 14 13.449999809265138 0.25718480348587042 15 -0.91921421885490406 -0.77243989706039418 16 0.074431933462619795 0.027241399511694912 0.045542273670434959 17 18 19 6.5499999523162851 0.045542273670434959 20 0.52778512239456188 -0.99731963872909535 -0.44504626095294947 0.96234640479087841 21 -0.5037802755832671 54.062500000000007 22 -0.99549928307533253 0.25829915702342993 0.99807518720626842 4.9103784561157235 23 24
decision_type=2 9 10 9 10 2 9 2 2 9 8 2 9 9 2 2 10 2 2 9 9 9 2 9 2 9 2 9 2 2 9 9 9 10 2 9 2 2 9 10 10 2 9 9 9 2 2 9 2 2 2 2 9 2 8 9 2 2 2 2 9 9
left_child=1 -1 3 39 5 8 54 9 15 -8 34 13 -13 -5 -15 22 17 56 20 41 33 -17 23 -2 25 -25 28 -28 -27 32 -31 -30 -26 -18 35 36 -11 43 45 46 57 -19 -10 -37 -20 -36 49 48 50 -3 -48 52 53 59 -7 -56 -14 -39 -54 -51 -50 -55
right_child=4 2 -4 11 -6 6 7 -9 42 10 -12 12 16 14 -16 21 18 19 44 -21 -22 -23 -24 24 29 26 27 -29 31 30 -32 -33 -34 -35 38 37 -38 40 -40 -41 -42 -43 -44 -45 -46 -47 47 -49 60 51 -52 -53 58 61 55 -57 -58 -59 -60 -61 -62 -63
leaf_value=-0.050249282986391114 -0.0055534211533254619 -0.062940104082543857 0.048575992354031074 -0.029069417504604414 0.059818480705054106 0.036144954934409973 -0.04425646333453797 -0.050477509446442297 0.017751943999361339 0.010669093498415536 -0.087853043451638357 -0.043946584104878075 -0.032207109217924565 0.03317400663628494 -0.055227305588411151 0.049980707667048256 -0.055987818614229724 -0.045085686329240773 -0.0080921173628767124 -0.044773261465735154 -0.060448514643196054 -0.070386029448404774 0.060119938297475778 -0.069436514937320351 -0.015280513929895257 0.04834073613007079 0.039715252377735884 -0.088831206383960762 0.039236247058181045 0.057709973595075771 -0.08627965633173007 -0.094458302579862263 0.047143574018848243 0.080408684263756122 -0.064205963119339432 0.029529757085820636 -0.090946320995198032 0.033741121680932691 0.037096794653635551 0.04853474668377733 -0.040216324199316512 0.046964420378569169 -0.072033390356033219 -0.076103920307526551 0.036705374956422218 0.03783496222423622 -0.018450958340053621 -0.052851475734550193 0.017750620870647799 0.04728772006023229 0.042933410249510168 -0.047749037925830511 0.031790415439139706 0.0058214286175263244 0.039325220800680266 -0.095455606462048717 0.06200067387334024 -0.036800127912006611 -0.068920855422364355 -0.072177077268054279 -0.061598927567882128 -0.059242993406930268
leaf_weight=1078.4636108893901 831.09119278937578 121.49643770675175 3350.2517308052629 872.53016898152418 2638.546717915684 14141.414786700625 425.69898130535148 522.2753045107238 248.75738042220473 241.7319314731285 134.855112306308 1282.6183864024933 124.74637339822948 4213.2807134229224 223.5255745803006 137.52531240135431 86.220462912227958 170.33530515874736 611.08567068958655 1364.1986599080265 432.27706092433073 201.35607596021146 2743.4669713838957 559.28485784912482 300.97491349373013 5944.8475558282807 896.68597353249788 424.29545559664257 126.08105043321848 488.9850285006687 299.11921265814453 140.33931176783517 16207.360663858242 171.34607610478997 212.77260203240439 136.80958665907383 320.87198228947818 2991.2262882837094 4116.3097738616634 1749.6695430465043 219.68529878347181 379.03930297447369 232.29826102009974 232.2772220314946 2530.8900357484818 157.21505268849432 269.48678567865863 957.14360593748279 173.40031164791435 644.02365175681189 2941.9559598960914 160.9666240660008 12417.348043532576 310.45069225179031 93.691004667431116 97.18324676156044 464.87319454643875 176.18832831876352 78.641122766770422 57.501084804534912 362.1614163366612 371.39703329326585
leaf_count=175367 4170 2405 4834 34186 920 18025 12402 6175 401 693 796 63958 1116 29477 16102 98 1220 3844 10555 31997 12790 2515 1063 3515 975 5401 714 4047 97 272 2582 1326 14264 99 1579 156 2291 4627 6170 1639 1030 3109 3347 1998 22126 199 4003 44607 1709 4690 19351 8317 73051 2025 88 556 611 958 1538 1334 12031 10386
internal_value=0.027964 0.0187487 0.0207736 0.0180029 0.0341417 0.0328872 0.0263316 0.0134139 0.0382184 0.0169911 0.0199348 0.0068655 -0.00170043 0.0191685 0.0286558 0.0392848 0.0069114 -0.0106268 0.0183865 -0.0268637 -0.0257806 -0.0221408 0.0400035 0.0378986 0.0393077 0.0292179 0.0365868 -0.00194532 0.0448406 0.0440506 0.00269725 -0.0332613 0.0460248 0.0334512 0.0216082 0.010397 -0.0464598 0.0189862 0.0324008 0.0249711 0.0252749 0.0180946 -0.0267331 -0.0382105 0.0280837 -0.0202981 0.022799 0.0107462 0.0270606 0.0268026 0.0377824 0.0275792 0.0284528 0.00400075 0.0352097 -0.0322389 0.042069 0.0298172 0.0311317 0.0374957 -0.0367264 -0.0304021
internal_weight=94612.5 37971.3 36892.9 33542.6 56641.2 54002.7 24220.2 9887.92 29782.5 9365.64 8939.94 12927 7617.63 5309.34 4436.81 29301.4 6335.01 2503.19 3831.82 1913.57 689.844 338.881 28962.5 26219.1 25388 8091.53 7532.25 1320.98 6211.27 17296.4 788.104 266.42 16508.3 257.567 8805.09 4318.79 562.604 3756.19 4486.3 20615.6 3387.1 549.375 481.056 369.087 3141.98 369.988 18866 4704.15 3747 14161.8 3211.44 14040.3 13879.4 1383.37 14332.3 190.874 589.62 3167.41 12496 701.525 535.562 681.848
internal_count=701927 598477 423110 418276 103450 102530 57743 39074 44787 32899 20497 231190 151425 79765 45579 41039 87467 40677 46790 38950 14109 2613 38426 37363 33193 15100 11585 4761 6824 18093 2854 1423 15239 1319 19701 11753 2984 8769 7948 187086 6615 6953 3748 2154 32681 1778 185447 81701 37094 103746 23354 101341 93024 18435 18669 644 1727 5585 74589 6024 13740 12411
cat_boundaries=0 4 8 12 16 20 24 27 28 31 35 39 42 45 48 51 54 58 62 66 70 74 77 81 84 85
cat_threshold=137635910 2955053985 753708 720 663229200 75846660 3831767377 6 1812596385 30474258 1943012418 515 3180548 3019939265 2148245668 320 2420130816 1262485568 33572482 32 2147647496 138944538 59785856 288 32896 0 6144 1073741952 536870928 0 64 134223104 67129408 2147753985 512 2215657506 1133781008 1148190722 288 817954816 0 536887360 1048577 4 4200512 131073 0 536870912 41943040 3072 17024 12599314 16384 134238976 2147487744 1074528256 67371009 40 1879048704 25174032 268435456 512 16777216 0 0 4 1073774601 1048576 16783360 8 570425872 75764740 1614807104 4 536871424 67375104 3221225472 67108864 8388608 536870976 1 33554432 0 64 536870912
is_linear=0
shrinkage=0.05


Tree=36
num_leaves=63
num_cat=23
split_feature=35 0 1 0 1 0 23 43 0 43 18 48 28 18 0 23 48 0 35 0 21 28 0 0 35 0 26 0 48 0 0 26 43 0 32 0 48 0 43 15 48 35 0 43 43 0 48 0 30 27 21 43 0 43 0 28 48 43 0 29 35 0
split_gain=2047.77 1978.97 1061.63 732.644 710.57 710.833 670.776 658.581 489.331 471.974 962.475 1112.6 842.102 563.706 1045.21 1090.05 497.64 477.065 456.806 451.396 442.419 429.712 1748.39 956.101 435.864 746.03 418.007 596.643 411.173 892.917 628.25 422.879 725.241 658.964 564.938 493.565 437.834 495.1 415.199 408.003 375.226 390.404 374.642 349.429 347.299 659.735 461.116 1017.53 439.814 410.17 537.307 467.746 414.463 388.887 678.45 358.618 334.119 640.485 1280.84 935.382 304.771 751.066
threshold=2.4500000476837163 0 1.4499999880790713 1 1.1500000357627871 2 0.3249365389347077 0.96234640479087841 3 0.40614137053489691 2.6833333969116215 0.54545724391937267 0.054168537259101875 24.050000190734867 4 0.20035842806100848 -0.99731963872909535 5 6.8500001430511483 6 -0.55000001192092884 0.036731028929352767 7 8 9.5500001907348651 9 -0.029980392195284363 10 -0.45972147583961481 11 12 -0.00091478833928704251 -0.99166062474250782 13 0.086206898093223586 14 0.16098462045192721 15 -0.44504626095294947 0.55000001192092907 -0.97548767924308766 1.2500000000000002 16 -0.99815973639488209 -0.79902246594429005 17 0.4246301949024201 18 0.028544973582029346 0.050299357622861869 0.38750000298023229 1.0000000180025095e-35 19 -0.50556187331676472 20 0.046430176123976714 -0.92896968126296986 -0.33425341546535486 21 3.0718874931335454 0.45000000298023229 22
decision_type=2 9 10 9 10 9 10 2 9 2 10 2 2 8 9 10 2 9 2 9 10 2 9 9 2 9 10 9 2 9 9 10 2 9 2 9 2 9 2 8 2 2 9 2 2 9 2 9 2 2 10 2 9 2 9 2 2 2 9 2 2 9
left_child=1 -1 3 7 5 18 8 60 -5 12 11 19 13 16 -15 -16 -7 -13 20 -11 39 22 24 -23 26 -26 27 -18 29 -10 -30 32 43 38 36 -36 37 -33 -34 -2 41 -31 -38 -32 46 53 -22 -48 -47 55 51 -51 -53 54 -46 -50 -25 58 -58 -60 61 -3
right_child=4 2 -4 6 -6 9 -8 -9 28 10 -12 17 -14 14 15 -17 21 -19 -20 -21 44 23 -24 56 25 -27 -28 -29 30 40 31 34 33 -35 35 -37 42 -39 -40 -41 -42 -43 -44 -45 45 48 47 -49 49 50 -52 52 -54 -55 -56 -57 57 -59 59 -61 -62 -63
leaf_value=-0.050139835611693086 0.010352051323578491 -0.031305887055413116 0.054119546935029045 -0.036856579583592321 0.058895329687686827 -0.090477046440975248 0.046143953036160756 -0.053462086209401488 -0.026428838772562024 0.056822523309324947 0.052173194414335336 0.057203702374985343 -0.074198526041264631 0.027549352309987552 -0.085765104207478224 0.033169023757572948 0.040211380087801923 -0.059570975514094675 0.041873199000497546 -0.072491692036365393 0.044939680699578738 -0.070806452466633349 -0.066457521484796389 0.05398765148095569 0.027558970765899971 -0.084452659877823105 0.036265692619807825 -0.065865623449615468 -0.039390308655153528 -0.064200971341327295 -0.066297209950782296 0.028672257313099678 -0.057196656143098004 -0.04954994351567734 0.044782317243273806 -0.063156789023567236 -0.0044589726165998175 -0.057530793142909369 0.022570012617416115 -0.11587751247690742 0.03318082604427635 0.032321235154218239 0.040539967209662908 0.052978620053041117 0.036335168900492112 0.054844437987092279 0.03383413263432275 -0.072162437105768765 0.046038878702072544 -0.067579813200110708 0.035602188881005845 0.013712736148986649 -0.067958927841662853 0.041715534444482193 -0.09488617355326126 -0.048458679333812892 -0.083310117555498123 0.049063132074903239 -0.06838736652373173 0.033613595444267418 0.031247871434768787 0.02265887697699815
leaf_weight=1028.0711929982062 193.91541466210037 688.25759957614355 2136.6314001912251 620.33661595126614 2548.2053323518485 91.748253262136132 1138.6252293866128 270.10025808191858 890.73983292863704 73.84084598813206 3451.0881534591317 614.26468675862998 230.8971976081375 1200.4035920239985 561.3790685555432 293.31040050042793 263.13183973124251 95.053712778957561 17903.001204440836 449.94011789280921 5819.7921573366039 205.77917595906183 572.31946518854238 2019.2863042608369 395.03844858147204 225.60374242346734 3893.0088604534976 248.46586101688445 850.3918485713657 212.34211632562801 69.433122836519033 331.96070308308117 204.7444693329744 1103.0753484927118 141.44517326215282 363.28132573631592 583.09186905622482 316.66126636485569 802.78367601428181 95.561493501067162 3940.8766368159559 206.77582946186885 2309.8483926397748 530.97361282119527 275.35581885650754 371.36411094618961 1137.0325568988919 272.56186395231634 561.41300906520337 538.98364952160046 382.64272614568472 599.67744106380269 198.73190991254523 3473.2101766993292 140.66085600387305 122.26410022052005 286.70619044592604 2615.2087869164534 243.95701655885205 2856.3966672895476 9999.4785872246139 8835.2210556070786
leaf_count=175367 378 45529 1275 51089 920 945 2638 16474 22611 95 4779 409 3441 1630 6552 484 355 2194 13057 7171 4760 1915 13151 1853 516 1182 6045 1623 31538 8161 801 2472 3944 29504 997 11257 9252 9223 8480 550 35170 576 18085 1056 259 330 1059 1353 702 2942 439 1176 1395 3264 811 699 2179 3306 2889 6642 28845 84133
internal_value=0.0270047 0.0179905 0.0199153 0.0177973 0.0331052 0.0318646 0.00928581 0.0240663 0.00617909 0.0246349 0.0386254 0.000709035 0.0206054 0.0219759 -0.00246805 -0.0444297 0.0255856 0.0415217 0.0365517 -0.0545606 0.0298604 0.0263559 0.0156688 0.0336269 0.0251044 -0.014074 0.0306819 -0.0118081 0.00827751 0.0190462 0.000855945 0.00597031 -0.00930194 -0.0230951 0.0162175 -0.0332718 0.0232704 -0.0138575 0.00629775 -0.0313186 0.0283324 -0.0165808 0.0315948 0.0391851 0.031135 0.0229015 0.038725 0.0130665 0.00418767 -0.00362118 -0.0166429 -0.0315908 -0.00729557 0.0361507 -0.00943996 0.0291396 0.0363489 0.0304755 0.0161236 0.0255052 0.0251512 0.0187498
internal_weight=93096.3 37575.1 36547.1 34410.4 55521.2 52973 14617.4 19793.1 13478.8 20886.8 4684.19 1233.1 16202.6 15971.7 2055.09 854.689 13916.7 709.318 32086.2 523.781 14183.2 13824.9 5597.57 8227.33 5025.25 620.642 4404.61 511.598 12858.4 5250.73 7607.69 6757.3 2711.01 2110.6 4046.29 504.726 3541.56 648.622 1007.53 289.477 4359.99 419.118 2892.94 600.407 13893.7 6664.3 7229.39 1409.59 2775.08 2403.71 1720.04 1337.39 798.409 3889.23 416.017 683.677 8021.55 6002.27 3387.06 3100.35 19523 9523.48
internal_count=701927 598477 423110 421835 103450 102530 246854 174981 244216 69356 14648 9869 54708 51267 8666 7036 42601 2603 33174 7266 20117 41656 22872 18784 9721 1698 8023 1978 193127 66518 126609 95071 43785 41928 51286 12254 39032 11695 12424 928 43907 8737 27337 1857 19189 12017 7172 2412 7683 7353 5952 5513 2571 4334 1070 1401 16869 15016 11710 9531 158507 129662
cat_boundaries=0 4 8 12 16 20 23 26 30 33 36 39 43 46 49 52 55 59 63 67 70 73 77 80
cat_threshold=137635910 2955053985 753708 720 638063376 42292292 1684283729 6 1952317601 31129612 868220992 270 2147517440 138412032 33571456 32 69650 8208 70516736 33 58720784 18 256 0 0 16384 193042194 27650 136339344 33 8389632 6144 18048 167838224 2048 18432 151028224 0 134217728 131208 67641370 26214400 256 272646144 1090519040 2147484674 1098907784 67108864 16783360 32 0 268435456 1090519168 0 6144 1090519073 1048576 16783360 8 1677721633 16777216 545259584 256 273023105 8 549453824 14 273809408 12 272629760 536870912 0 64 2281738242 1073742864 2306 512 256 33838144 6291473
is_linear=0
shrinkage=0.05


Tree=37
num_leaves=63
num_cat=21
split_feature=35 0 1 1 41 0 28 43 0 18 23 17 0 0 0 43 43 0 20 0 28 28 0 44 0 21 0 43 44 36 43 0 30 0 44 28 0 11 43 35 0 43 11 0 20 21 0 43 41 0 21 28 0 43 0 28 0 43 40 28 18 44
split_gain=1959.98 1837.81 1017.37 690.718 730.264 977.825 836.922 767.691 663.122 645.833 563.785 676.19 584.437 554.674 546.541 506.313 489.481 608.184 468.4 445.64 379.495 391.495 697.046 369.36 363.966 351.861 350.83 350.107 385.946 348.081 339.993 495.362 456.827 637.247 466.336 343.937 484.861 340.125 339.477 336.796 921.579 408.48 384.273 391.07 335.025 326.71 696.901 324.507 313.787 668.216 342.916 313.663 1351.21 584.07 1198.49 350.515 1196.5 557.891 702.236 313.03 305.848 303.12
threshold=2.4500000476837163 0 1.4499999880790713 1.1500000357627871 -0.2901292592287063 1 0.053132651373744018 0.70900115370750438 2 54.062500000000007 0.071588728576898589 2.7749999761581425 3 4 5 0.93845596909523021 0.67802080512046825 6 -0.27500000596046442 7 0.055752867832779891 0.033333335071802146 8 -0.97874867916107167 9 -1.3541666865348814 10 0.57077592611312877 0.59696555137634288 1.0000000180025095e-35 0.90162119269371044 11 0.1267928555607796 12 -0.97507822513580311 1.0000000180025095e-35 13 44.791666030883796 0.55656746029853832 0.35000000894069677 14 0.91248813271522533 58.708333969116218 15 -0.27500000596046442 -0.11250000074505805 16 -0.98930078744888295 0.47114434838294988 17 -1.0000000180025095e-35 0.036731028929352767 18 -0.83847111463546742 19 0.050299357622861869 20 -0.33425341546535486 3.842000007629395 0.056927841156721122 26.062500000000004 -0.27694045007228846
decision_type=2 9 10 10 2 9 2 2 9 8 10 8 9 9 9 2 2 9 10 9 2 2 9 2 9 10 9 2 2 2 2 9 2 9 2 2 9 2 2 2 9 2 2 9 10 10 9 2 2 9 10 2 9 2 9 2 9 2 2 2 10 2
left_child=1 -1 8 4 7 25 9 16 39 14 11 12 -10 -13 -7 30 17 18 -2 -12 21 22 -20 24 -16 -6 -9 28 45 -29 32 -32 33 47 -35 -36 -37 -34 -30 40 -3 -41 43 -42 -25 46 -19 -14 50 -50 -44 52 -47 -54 -55 -53 -57 58 -58 -52 -45 -38
right_child=3 2 -4 -5 5 6 -8 26 10 -11 19 13 15 -15 23 -17 -18 27 20 -21 -22 -23 -24 44 -26 -27 -28 29 38 -31 31 -33 37 34 35 36 61 -39 -40 41 42 -43 48 60 -46 51 -48 -49 49 -51 59 55 53 54 -56 56 57 -59 -60 -61 -62 -63
leaf_value=-0.050026554030495052 -0.068042425957114225 -0.044774684436862097 0.053101355705101529 0.058012388501583523 -0.03817021698940385 -0.041707060348669514 -0.049764826123963213 0.01408293175296195 -0.033928555322823239 -0.087755105117194768 0.051790560198214486 0.046699540844860117 0.045390932335619388 -0.065091414987477975 0.047964917769231598 -0.055008141967491986 0.058044854404257301 0.036428138400730593 0.022039456148200104 -0.010847261913260804 -0.075435996141508477 0.033468112662868962 -0.061460761039269556 -0.037628512294408369 -0.073948872903073545 0.033985325559758854 -0.071603707293042773 0.058476912899973567 -0.07548309088006451 -0.094796440305927598 0.068430397634789294 -0.052671615402393006 -0.062540246711683567 0.041359596872768009 0.061459904982518403 -0.059119989973248813 -0.022526498840689212 0.023601563590400755 0.065487165384063337 0.02956156162132131 0.054760616354549201 -0.029660502865563015 -0.052407577995286905 -0.089335020274893553 0.023400640893384648 -0.082137088694068439 -0.056229705990664562 -0.031237093201520089 0.018323159552741563 -0.041408448536111614 0.026299531072053069 0.050281453764995349 0.044563520352280485 0.037301939158677293 -0.076954303622781176 -0.093472937500096567 -0.10096593535533971 0.04729693290573185 0.044930571065955244 -0.03855074303419858 0.025898851009358542 0.025708331429083638
leaf_weight=980.11301639676094 150.23272119695321 588.29696685215458 2070.4099141936749 2459.8840385093354 171.1087392559275 366.88529467722401 514.19354042247869 248.52647129795514 783.28456552536227 148.29358126455918 1156.7852769433521 132.79772287979722 151.1658294047229 553.66020530415699 82.51178066432476 285.22475068760104 2590.1707376684062 784.49775663483888 970.76852457597852 377.18950933031738 98.354739551432431 3117.7228120369837 325.41153318667784 231.12135514686815 187.44952655164525 13423.306316040456 218.8755777052138 60.326550310943276 133.30250909016468 95.965778176439926 499.39091730164364 95.844911295454949 117.60317017324269 994.50701224990189 197.9963080980815 356.50231628655456 554.86474415590055 4474.2004090363625 62.838385257404298 11579.549094704911 1190.4836894450709 298.678262129426 152.40144843002781 88.417908748146147 8321.9037929542828 239.52587385708466 263.23608448985033 1606.0837900682818 1397.1815797765739 691.7280974467285 4726.6743850221392 10315.354537263513 4810.3222132863011 776.79074583481997 314.09533855691552 173.82325926981866 152.08543676207773 2391.1803472475149 180.20181270129979 193.70711441361345 165.10747365653515 788.66578682209365
leaf_count=175367 938 49256 1275 920 660 8643 6172 580 59386 1302 2249 698 539 9469 37 20166 1160 722 1797 2862 896 4667 2834 1198 1761 18077 3168 28 1584 884 1388 3958 630 4082 418 12468 12374 37127 44 33701 580 3900 2104 661 19893 1704 1848 44588 12797 21359 56223 7638 5295 787 3072 964 1451 2458 268 6286 272 22294
internal_value=0.0260714 0.0172356 0.0190618 0.0321236 0.0308971 0.0243624 0.0123253 0.036278 0.0170066 0.0157574 0.00816328 0.00439987 0.00742969 -0.043733 0.0174277 0.0106531 0.0373387 0.0352285 0.0187702 0.0366554 0.0217022 0.0238667 0.000772236 0.0199114 -0.0376493 0.0330528 -0.0272732 0.0388982 0.0394826 -0.0356352 0.0125679 0.0491953 0.0102088 -0.000838335 0.0135777 -0.000907603 -0.00817131 0.0213953 -0.0303199 0.0225005 0.0153262 0.0280724 0.0194642 0.0430167 0.0217515 0.0401537 0.0129595 -0.0245058 0.0147425 -0.00156707 0.0214586 0.041626 0.0322889 0.0370099 0.00404102 0.0459654 0.030599 0.0387188 -0.0218452 0.0237465 -0.0137471 0.00574507
internal_weight=91628.8 37248.5 36268.4 54380.3 51920.4 23446.8 9852.36 28473.6 34198 9338.17 13125.8 11591.8 10905.3 686.458 9189.87 10122 28006.2 25416 4662.49 1533.97 4512.26 4413.9 1296.18 8822.99 269.961 13594.4 467.402 20753.5 20597.3 156.292 9836.83 595.236 9241.59 4649.79 2892.54 1898.03 1700.03 4591.8 196.141 21072.2 9194 11878.2 8605.7 1444.01 8553.03 20401.1 1047.73 1757.25 7161.69 2088.91 5072.78 19353.4 6140.73 5901.21 1090.89 13212.6 2897.29 2723.47 332.287 4920.38 253.525 1343.53
internal_count=701927 598477 423110 103450 102530 57743 39006 44787 421835 32834 234696 229585 219418 10167 31532 160032 41039 39879 11132 5111 10194 9298 4631 22889 1798 18737 3748 28747 27835 912 139866 5346 134520 96763 51636 47554 47136 37757 1628 187139 149538 37601 100282 1513 21091 26207 2570 45127 98769 34156 64613 23637 10858 9154 3859 12779 5141 4177 1719 62509 933 34668
cat_boundaries=0 4 8 12 16 19 23 27 31 35 39 43 47 51 54 57 61 65 69 73 76 80
cat_threshold=137635910 2955053985 753708 720 1812072097 30736402 1943012418 515 906498832 59069508 1684283729 6 2147517440 205520904 33571456 32 0 67108872 134217728 1083392 335551553 2148245664 320 2373981984 109073490 3390317313 513 3221389441 4194328 411064448 33 159388160 1026 134218496 1 0 0 0 4 4026532352 25305104 268697728 512 16777217 8192 403701760 8 12582921 1056786 428867584 9 1090650112 0 1024 256 33838144 1077936145 637534208 0 8448 2 1614872721 2060 874514624 288 33559040 8454144 536871168 4 1064962 1091829760 73400320 288 810024960 0 536888402 570851344 4268032 27264000 264
is_linear=0
shrinkage=0.05


Tree=38
num_leaves=63
num_cat=26
split_feature=35 0 9 41 0 0 32 48 44 41 0 44 0 24 11 0 29 0 48 48 0 44 44 0 44 0 48 0 26 42 0 0 28 0 44 0 44 48 0 47 23 28 0 0 17 44 0 28 0 41 18 28 0 0 48 0 0 28 0 0 44 48
split_gain=1856.79 1709.07 962.916 675.682 879.825 619.561 609.346 811.402 488.796 473.46 1287.57 445.45 426.539 423.3 423.096 422.951 423.8 718.708 368.688 364.278 921.44 422.833 393.04 1286.22 628.768 738.435 391.911 472.508 335.884 332.518 1187.68 757.741 703.901 670.737 516.857 445.667 372.163 352.563 318.023 309.485 309.183 370.207 690.377 567.399 519.261 402.409 338.991 318.429 572.487 391.957 315.757 305.766 462.775 299.833 292.676 795.532 775.357 418.245 1097.47 430.405 323.7 296.239
threshold=2.4500000476837163 0 0.079809732735157027 -0.2901292592287063 1 2 1.0000000180025095e-35 0.54545724391937267 0.59696555137634288 0.41248606145381933 3 -0.95242238044738758 4 -0.012495059520006178 13.375000000000002 5 1.6033908128738406 6 0.9374808967113496 0.34664839506149298 7 0.25829915702342993 -0.82413947582244862 8 -0.17646729946136472 9 0.85203769803047191 10 -0.040039448067545884 0.09796465560793878 11 12 0.045542273670434959 13 -0.99273797869682301 14 -0.70289847254753102 -0.036979619413614266 15 -0.24551646411418912 0.10367219150066377 0.061906902119517333 16 17 2.1833333969116215 0.71952396631240856 18 0.045542273670434959 19 -0.58216583728790272 38.062500000000007 0.038691813126206405 20 21 -0.53431767225265492 22 23 0.053132651373744018 24 25 0.49626980721950537 -0.79893815517425526
decision_type=2 9 10 2 9 9 2 2 2 2 9 2 9 10 2 9 2 9 2 2 9 2 2 9 2 9 2 9 10 2 9 9 2 9 2 9 2 2 9 2 10 2 9 9 8 2 9 2 9 2 10 2 9 9 2 9 9 2 9 9 2 2
left_child=1 -1 5 8 -5 14 7 -6 15 11 28 -8 -10 38 -3 51 17 -17 53 -18 21 -21 26 -24 25 -25 27 -22 -11 31 34 37 35 36 -31 39 -34 -16 -7 -32 41 43 -43 -15 45 47 -42 50 49 -49 -45 52 -2 -13 55 -33 60 58 -58 -59 -56 -57
right_child=3 2 -4 4 6 13 9 -9 12 10 -12 18 -14 40 29 16 19 -19 -20 20 22 -23 23 24 -26 -27 -28 -29 -30 30 32 54 33 -35 -36 -37 -38 -39 -40 -41 46 42 -44 44 -46 -47 -48 48 -50 -51 -52 -53 -54 -55 56 61 57 59 -60 -61 -62 -63
leaf_value=-0.04990856933005608 0.02064844306663444 -0.090941830656482633 0.044116875848121115 0.032547865563669391 -0.053191223195236871 -0.00032923236641053087 -0.056041480519973576 0.054922931369754763 0.039193678695033429 -0.066073779108537137 -0.050621963951666182 -0.017626269651557835 -0.069155809238663421 -0.030314762699889072 0.0093458851719020932 -0.053894463624770933 0.045332583392893165 0.030014312846323832 -0.070441846917355513 -0.10208199707330463 0.048921896205431539 0.033564701411154092 -0.096617910872786636 0.032768908231815816 0.045984912677573458 -0.10255654094109955 0.053540027890746293 -0.093395722040276519 0.024198816208889543 0.037323901632285668 -0.040054964309297024 -0.021770311356068921 0.047850115700853922 -0.044860602153056005 -0.050455497513149983 0.03819887761756121 -0.065055101722209671 -0.047029861472271416 -0.043538509840301345 0.017842473286864943 -0.045928430434319399 0.057171378343575101 -0.043575219489981512 0.022679765630751619 -0.05134521876206815 -0.031871492769878822 0.043867457103375571 0.04516428567019723 -0.0548227062112892 -0.022599837212216995 -0.080500902726497001 0.032411229727556105 -0.040852964760866396 0.02564111928311695 -0.04066803109596117 0.031147544799422146 -0.046892320238900831 -0.025633499693473151 0.030849769280745599 0.060142404852943504 0.024644824470976039 0.058451658715651569
leaf_weight=934.67590275243856 1264.9026485644281 84.01943423692137 3275.2089932640083 14817.401605891529 198.51477684127167 1278.7242919986602 203.26566863898188 1379.6880338927731 154.51983259804547 110.17591950390488 1115.4884409636725 437.71566854673438 196.86568298982456 1030.0982521686237 733.50706960377283 290.76187915587798 16719.746646021726 1713.8044509049505 111.26616734801792 187.83130963821895 120.03858515247703 82.764344600960612 206.49050857359543 235.8182377256453 1597.7909158666153 162.64687070366926 2488.9497150140814 96.570723491488025 1591.5807848852128 205.1552445020061 305.84173663426191 465.96842774865218 452.3216021831613 686.74441054952331 918.45638868398964 3816.8073404836468 87.030167352873832 445.92300720140338 631.21199865802191 940.86987891257741 110.54477769881487 797.34178666444495 209.52929744822904 5005.7307933734264 337.35112871346064 481.55629489873536 1039.6576975656208 502.38493432663381 408.45851629646495 370.96085125743411 75.262402612250298 3201.4172133689281 392.74026288930327 4277.6960961334407 604.81320653064176 1692.305034116609 501.64267432899214 161.24779451545328 4151.1856409437023 1468.4301436175592 276.40701207704842 2405.4074661766645
leaf_count=175245 2362 460 4398 19003 2101 18365 2204 1227 220 716 14113 2765 2660 59591 10270 1696 16624 3911 1201 1379 74 136 1205 227 1700 1801 1543 884 3247 1343 4087 7615 1433 22424 32811 20662 3465 10849 24684 5581 1308 3864 10813 45669 4765 31153 2357 2875 20004 6313 808 5607 3247 11597 7741 9596 8462 3257 21446 4086 4957 5720
internal_value=0.0251541 0.0165293 0.018265 0.0311177 0.0249517 0.0156799 0.0129616 0.0413238 0.0362521 0.00727405 -0.00913652 0.0164655 -0.0223624 0.00678618 0.0210184 0.0369682 0.0397126 0.0177242 0.019519 0.0417435 0.0301564 -0.0584337 0.035088 0.0194787 0.0318122 -0.0242201 0.0479261 -0.0165806 0.0182471 0.0214917 0.0130521 0.0263391 0.0215001 -0.0124578 -0.0341245 0.0297652 0.0290923 -0.0118682 -0.0148391 0.00361019 0.0107761 0.00772632 0.0363411 0.00421779 0.00920032 0.012198 0.0352193 0.0155333 -0.00673646 0.0161955 0.0211514 0.0233379 0.00595522 0.0216418 0.030166 0.0400881 0.0238872 0.0300208 0.0224336 0.0518671 -0.0199553 0.0470605
internal_weight=90249.2 36892.8 35958.1 53356.5 24242.8 32682.9 9425.39 1578.2 29113.7 7847.19 2817.25 5029.94 351.386 12278.8 20404.1 28762.3 23903.2 2004.57 4826.68 21898.6 5178.9 270.596 4908.31 2202.75 1996.26 398.465 2705.56 216.609 1701.76 20320.1 7413.23 12906.8 6289.62 1226.1 1123.61 5063.52 539.352 1179.43 1909.94 1246.71 10368.9 9218.67 1006.87 8211.8 7181.7 6844.35 1150.2 6362.8 1281.8 873.346 5080.99 4859.06 1657.64 4715.41 11727.4 4563.68 7163.73 6282.51 4652.83 1629.68 881.22 4097.71
internal_count=701927 598477 423232 103450 58174 418834 39171 3328 45276 35843 18076 17767 2880 232569 186265 42396 31180 5607 15563 25573 8949 1515 7434 4933 3728 2028 2501 958 3963 185805 91806 93999 57652 27322 34154 30330 4898 21119 43049 9668 189520 185855 14677 171178 111587 106822 3665 75669 29192 9188 46477 11216 5609 14362 72880 22931 49949 37251 29908 7343 12698 15316
cat_boundaries=0 4 8 12 16 19 23 27 31 35 38 41 44 47 50 54 58 62 66 70 73 76 80 83 87 90 94
cat_threshold=137627718 3089271713 753708 720 1812662177 30474256 1943011394 515 1921520384 59003972 1684300113 6 36882 33841164 2113536 36 603979792 65552 268435520 209721120 100693072 3272876818 529 2684502163 10160128 73406592 288 2148565010 1086392320 129 6 524416 18743296 469781568 256 537001985 0 4194304 1073741825 0 16384 805830912 58983488 1073741825 0 16384 69230672 1107296256 4096 64 1115684864 4096 537133056 2 21045400 4194328 2457869312 9 65569 67641344 403701760 256 2147525632 71835656 2181038720 288 67126304 72417288 2148532738 256 65705 0 269490176 142610944 9232 262928 32770 67128392 2147509376 32 545263872 0 1077936385 0 50336832 262144 4 512 262148 1077936128 1082659072 0 257 2
is_linear=0
shrinkage=0.05


Tree=39
num_leaves=63
num_cat=20
split_feature=20 0 34 0 0 43 15 0 48 0 48 48 0 15 0 0 44 0 7 28 0 44 44 43 44 0 0 48 0 48 18 32 48 43 28 0 28 0 0 34 43 44 0 43 44 44 32 48 32 48 0 0 48 32 0 28 44 43 48 44 43 48
split_gain=1596.14 1389.7 1001.1 1302.39 567.888 668.196 598.707 578.422 731.869 549.892 522.027 925.247 795.304 716.522 1021.29 671.679 490.229 515.427 456.814 455.882 1808.45 456.927 428.468 920.691 904.772 1738.11 835.902 757.952 621.64 561.991 487.428 700.273 467.067 600.36 420.942 891.674 624.118 536.904 465.015 354.729 381.028 339.1 796.849 331.583 326.183 524.509 786.336 510.545 954.434 702.343 675.384 629.801 678.934 445.911 482.786 425.195 381.401 365.106 433.098 330.645 322.826 321.983
threshold=1.1833333373069765 0 1.0000000180025095e-35 1 2 -0.98930078744888295 0.38750000298023229 3 0.29214437305927282 4 -0.9911440610885619 -0.95311623811721791 5 0.27500000596046453 6 7 -0.99983122944831837 8 12.750000000000002 0.0058823532890528449 9 0.8277757763862611 -0.89404255151748646 -0.33425341546535486 -0.51296770572662342 10 11 -0.49366806447505945 12 -0.78394964337348927 3.2749999761581425 0.086206898093223586 0.85849907994270336 0.14250627160072329 0.045542273670434959 13 0.044210137799382217 14 15 6.6499998569488534 0.98802474141120922 -0.95242238044738758 16 -0.98664820194244374 0.77652049064636242 0.56901594996452343 0.05172413773834706 -0.5037802755832671 1.0000000180025095e-35 -0.27094782888889307 17 18 0.17354981601238254 0.12068965658545495 19 0.04256099462509156 0.274878740310669 0.88220161199569713 0.91473275423049938 -0.86112883687019337 0.94978111982345592 -0.73532554507255543
decision_type=10 9 2 9 9 2 10 9 2 9 2 2 9 8 9 9 2 9 2 2 9 2 2 2 2 9 9 2 9 2 10 2 2 2 2 9 2 9 9 2 2 2 9 2 2 2 2 2 2 2 9 9 2 2 9 2 2 2 2 2 2 2
left_child=1 -1 3 18 5 6 -4 8 43 -8 12 15 -6 22 61 -12 -5 -18 34 20 -9 39 23 -13 25 30 27 -26 -25 -30 31 -24 60 -34 36 -36 38 -38 -3 40 44 42 -31 -7 45 47 -47 48 56 50 -49 52 -51 57 -55 -54 -21 -53 -59 -57 -28 -15
right_child=-2 2 4 16 10 7 9 19 -10 -11 11 13 -14 14 -16 -17 17 -19 -20 21 -22 -23 24 28 26 -27 32 -29 29 41 -32 -33 33 -35 35 -37 37 -39 -40 -41 -42 -43 -44 -45 -46 46 -48 49 -50 51 -52 53 55 54 -56 59 -58 58 -60 -61 -62 -63
leaf_value=-0.049568852553025261 0.043947967385205455 -0.0055131502667159979 0.045376054012438459 0.043286326216954524 0.052411242447776021 0.041203449889128531 0.029679894445297336 0.029203674898988209 0.022963367533590743 -0.074848576169387823 0.033069787928517363 -0.076249446133133211 -0.04454943353209824 -0.070747527204276323 -0.049981032912606957 -0.077319653904070695 -0.035709856613718061 -0.0015445861937623739 0.047361171171539276 -0.096851045231973062 -0.086729445274608324 -0.059746098429728306 -0.07606337963532453 -0.060148584745367599 -0.064554367670435583 -0.061253437444656944 0.036471862155528605 0.010492044854852981 -0.072861935697124208 0.03851072107530764 0.04581505369845762 0.047757598825494463 -0.073068482404765989 0.03692948680134564 0.017305153004446319 -0.052802442245045982 0.084037220194543807 -0.06368312932586899 0.026451153916702413 0.04151353608903089 -0.068801672984054693 0.053621158596379948 -0.05236272396959573 -0.070112243518020201 0.05717990094736787 0.031247636177986274 -0.08712325788180042 0.02872925364001383 0.038544573756097759 -0.093897256153207917 -0.067085556273388663 0.033030914528611642 0.023094584267620909 0.033260724291874266 -0.096940678491128487 -0.0011665417774694205 0.057145547946694714 -0.089530767476330722 0.0327372421165757 -0.090430009993350421 -0.060340203904324589 0.024673105420163113
leaf_weight=664.85466548777185 9227.8726274215151 1462.0449597844854 7745.420206987299 454.7056196667254 1992.2462604239117 78.99998083524406 322.93410608358681 1537.838070416823 819.70790186524391 192.73347890842706 197.70348971267231 185.09372229035944 231.20301838451996 94.595460908487439 868.20521143218502 426.63160082162358 1497.3710554570425 4141.7799336286262 1541.1474212147295 184.6001951713115 419.8213707562536 144.16110891057178 239.73669808963314 152.68679702864029 404.56294480059296 986.4646361770574 6820.6334390128031 1998.4157624177169 108.06237852317281 2050.503704875242 941.1673059631139 218.04161894740537 234.5538627516944 263.28835871559568 1825.3342273135204 592.40452067228034 602.37158682197332 63.840713175479323 5147.3822482789401 5008.9272537268698 103.80339696491137 2933.647117565386 265.64634201209992 436.74362766346894 872.23894891887903 315.36357692163438 252.74040976678953 312.7823392059654 9041.2662871419452 187.3707614177838 425.98285724967718 8056.2226141458377 1127.5296913105994 134.86479565221816 135.07885330542922 275.60986169148237 51.402600413188338 135.04049745993689 156.20536240097135 166.36209432128817 87.210266520269215 1351.4225843206514
leaf_count=147314 11580 26756 6052 1071 1948 98 359 2039 4373 836 512 2283 2888 663 8624 6008 112021 107778 1016 1284 3154 2960 2670 3817 5888 16149 18079 14702 1304 3562 1342 542 3339 1416 27552 36029 989 1425 46379 3434 1799 2802 4034 6247 1031 782 2101 505 11796 1329 2389 12761 2281 222 889 794 102 1374 339 1281 3116 3718
internal_value=0.0242618 0.0219821 0.0225875 0.0119715 0.0255729 0.0292865 0.0419029 0.0258656 -0.00634936 -0.0102641 0.0193267 0.0168767 0.0423642 0.0187292 -0.00745054 -0.0430722 -0.00664469 -0.0106826 0.0220557 0.0273395 0.00404789 0.0290329 0.0221159 0.0334381 0.0168275 -0.0107903 0.0235439 -0.00213381 0.0371224 0.0399321 0.0250525 -0.017087 0.0318357 -0.0148951 0.0180551 -1.97252e-05 0.0240615 0.0701872 0.0194121 0.0295079 0.0267664 0.0423299 0.0280284 -0.0530613 0.0272208 0.025974 -0.0214137 0.0272942 0.0359535 0.0200654 -0.0270382 0.0234197 -0.00391619 0.0289637 -0.0342506 0.00680101 -0.0633098 0.0310427 -0.0239541 -0.0347661 0.0352496 0.0183043
internal_weight=88914.6 79686.7 79021.9 17328.4 61693.5 38641.8 8261.09 30380.7 1335.45 515.668 23051.7 20828.3 2223.45 20203.9 2314.22 624.335 6093.86 5639.15 11234.5 29045.2 1957.66 27087.6 17889.7 5695.64 12194.1 2385.41 9808.66 2402.98 5510.55 5357.86 1398.95 457.778 7405.69 497.842 9693.38 2417.74 7275.64 666.212 6609.43 26943.4 21934.5 5249.8 2316.15 515.744 21830.7 20958.4 568.104 20390.3 9277.27 11113 738.765 10374.3 1756.87 8617.41 269.944 1569.5 236.003 8347.47 291.246 441.972 6907.84 1446.02
internal_count=701927 690347 543033 361016 182017 72611 7247 65364 10718 1195 109406 104570 4836 98050 13005 6520 220870 219799 140146 54646 5193 49453 85045 17802 67243 20703 46540 20590 15519 11702 4554 3212 25950 4755 139130 63581 75549 2414 73135 46493 43059 10398 7596 6345 41260 40229 2883 37346 13182 24164 2894 21270 5685 15585 1111 4356 1386 14474 1713 2075 21195 4381
cat_boundaries=0 4 8 12 15 19 22 26 28 32 35 39 43 47 51 54 57 61 65 69 72
cat_threshold=2107460 3089138593 753708 64 1204961955 1149845524 655368514 4 1913421969 26542092 1910771777 270 0 1376256 18874369 1107820545 262144 2097216 6 2177044992 5202 67127568 5444610 33564674 67108880 176 8519680 67633152 2550694928 145472 134487697 177 1073741969 16777216 813695040 200960 1024 201345024 32 2358382890 67129408 67135504 176 2147500032 1077943360 2181046912 512 1074791043 67633156 537919552 4 147616 1073741840 655360002 1074790561 1074266112 605028354 12653346 33570832 19712 1 32768 0 545259520 2 524304 0 268697600 14 33816577 0 1073741824
is_linear=0
shrinkage=0.05


Tree=40
num_leaves=63
num_cat=23
split_feature=35 0 5 0 48 0 44 0 11 35 0 35 30 0 28 0 28 44 0 44 44 28 28 35 0 44 48 0 0 48 44 44 0 0 48 0 44 28 0 18 44 18 48 44 0 42 0 28 48 0 48 0 44 28 0 18 0 46 0 44 44 0
split_gain=1630.53 1487.31 1180.95 749.695 672.92 1715.5 632.254 617.281 432.239 466.745 452.517 411.707 409.339 629.627 439.528 2565.08 1303.4 922.452 542.737 547.966 412.737 567.696 406.977 475.422 386.977 352.316 341.912 357.94 331.166 310.588 307.948 1296.25 1217.96 622.21 585.433 1206.32 693.88 470.945 900.915 459.238 420.056 449.701 757.019 650.53 390.262 369.95 680.015 284.235 277.959 1029.03 675.736 654.351 376.287 333.833 1249.04 345.637 318.357 304.192 510.681 311.565 296.305 284.578
threshold=6.8500001430511483 0 0.35000000894069677 1 -0.9911440610885619 2 0.56901594996452343 3 105.04166793823244 0.45000000298023229 4 0.25000000745058065 0.3653708696365357 5 0.051905291154980666 6 0.053132651373744018 0.8277757763862611 7 -0.99983122944831837 0.77652049064636242 0.048057714477181442 0.048057714477181442 1.8499999642372134 8 -0.16799793392419812 -0.98941165208816517 9 10 -0.40316548943519587 -0.58481180667877186 -0.89404255151748646 11 12 0.35847190022468572 13 0.59696555137634288 0.013725490774959328 14 13.275000095367433 -0.92272481322288502 1.0000000180025095e-35 -0.074488617479801164 -0.97507822513580311 15 -0.35206145048141474 16 0.056927841156721122 0.17354981601238254 17 -0.13814540207386014 18 -0.95242238044738758 0.036731028929352767 19 14.550000190734865 20 0.51928040385246288 21 -0.72694849967956532 0.22491560876369479 22
decision_type=2 9 10 9 2 9 2 9 2 2 9 2 2 9 2 9 2 2 9 2 2 2 2 2 9 2 2 9 9 2 2 2 9 9 2 9 2 2 9 10 2 8 2 2 9 2 9 2 2 9 2 9 2 2 9 10 9 2 9 2 2 9
left_child=1 -1 4 -2 5 11 48 8 10 28 -6 -3 14 -14 17 16 -16 18 19 -9 21 -20 23 26 -22 -25 -21 -28 -10 -24 31 33 -33 -11 36 39 37 38 -32 -36 41 43 44 -35 -43 -39 -47 -7 49 -5 52 -50 -51 54 55 56 -54 58 -53 -60 -52 -55
right_child=3 2 -4 6 7 47 -8 12 9 30 -12 -13 13 -15 15 -17 -18 -19 20 22 24 -23 29 25 -26 -27 27 -29 -30 -31 34 32 -34 40 35 -37 -38 45 -40 -41 -42 42 -44 -45 -46 46 -48 -49 51 50 60 57 53 61 -56 -57 -58 -59 59 -61 -62 -63
leaf_value=-0.043627628988108152 0.040357817336245612 -0.023831038678097487 0.055695103785907585 -0.080567752783234498 0.058714451382306722 -0.074766993231933795 -0.080045283278434701 0.053339569983468574 -0.02942359449376953 -0.046576391643641968 0.023368234794757525 0.051461688179623315 0.013495434130443794 -0.053345048418684184 -0.060521542839139575 -0.054254792325774952 0.033306834941176845 -0.052794416082390973 0.021691610959111356 0.2742829857045303 0.065371995733173649 -0.036964566009046532 0.058486353159095755 0.016545514927382279 -0.050788501106276362 -0.030285741083952229 -0.011045280508805447 -0.06243029160620215 0.011761183799126024 -0.036419076378589536 0.035540249399687494 0.020196183005038351 -0.068929077746056042 0.053438673188013291 0.032072284299786577 -0.070034730600643788 -0.056970595461885924 0.05613606155767991 -0.071278842787263805 -0.061919635341828275 0.063574911260518382 0.043919123065620937 -0.07653802879007153 -0.055432536438697638 -0.049091423035688066 0.039917310201005557 -0.060567982039607629 0.018599547252689533 -0.081946476041731248 -0.062168151460088264 -0.10001094868526457 0.034009659767923549 0.025607151019067676 -0.01005887522284993 -0.086519387840640949 0.050957989884148049 -0.082633427789657807 0.046697339659422632 0.0088874250564110937 -0.07623849859121995 0.035734361716295092 0.039289604297357533
leaf_weight=925.67185672163032 16647.445084964624 190.64656485966407 2226.6301389313303 248.50159730715677 1605.2288289060816 363.61259976122528 145.80857796338387 477.62919302191585 532.58944269223139 233.31025523645803 2177.8104060017504 3809.7923902072944 862.44726898474619 583.33936903811991 416.72648328379728 1511.7475597511511 3309.8185795163736 470.02982158656232 16493.307780060684 9.0570039562880975 792.58443520730361 423.08583407662809 405.86216808180325 1674.2658044567797 74.165482604177669 528.33902258891612 787.21200344176032 606.01302858092822 4920.8293368744198 109.45584392454475 896.40165763162076 779.93611486349255 739.92080668709241 1346.1219093161635 1842.1747730844654 388.28239383967593 184.30092692840844 3711.4574010460638 242.78167849266902 139.81961513869464 1026.6766573563218 543.0037992335856 248.9173601474613 152.78132284199819 133.97303866129369 1122.447647044668 189.48681867006235 105.06868180190213 112.37743144948035 119.73818705114536 158.60672248783521 1725.3585667028092 175.20449288934469 321.77731659496203 277.70413958677091 697.96826446522027 98.221932828426361 2838.6472077111248 259.16889426205307 183.66243543988094 53.84882603911683 3379.0249382131733
leaf_count=169145 13272 6174 1051 1857 1061 10925 1767 460 43252 2808 3633 3178 3522 8651 8397 61230 23058 49337 101087 150 1036 6172 808 4729 4043 2519 15120 22986 69786 2489 907 1783 6870 1093 2835 4837 2136 4195 2176 576 819 510 1512 903 816 1556 1752 1086 900 839 1352 1967 179 788 3099 359 508 3150 1283 2397 86 4555
internal_value=0.0235847 0.0189875 0.0199674 0.0336886 0.0185793 0.0372071 0.0233452 0.0169994 0.0231144 0.020106 0.0385834 0.0477541 0.0121926 -0.0137487 0.0135322 0.000468961 0.0227533 0.0165268 0.0179826 0.00263659 0.0219365 0.0202246 -0.00323468 -0.00917606 0.0556007 0.0053121 -0.031933 -0.0339237 0.00770663 0.038328 0.0249631 0.0153391 -0.0235138 0.0313647 0.0307091 0.00950588 0.0386276 0.0414866 0.0124613 0.0253139 0.0366621 0.0254182 -0.00197867 0.0423416 0.025436 0.0480688 0.0252465 -0.0527115 0.0247827 0.0170112 0.0217133 0.0331787 0.0254154 0.0275341 0.00518364 0.0319615 -0.0153613 0.0358547 0.0218247 -0.0258348 -0.065605 0.0350778
internal_weight=87757.8 60314.8 59389.1 27443.1 57162.5 4469.12 10795.6 52693.3 23158.3 19375.2 3783.04 4000.44 29535.1 1445.79 28089.3 5238.29 3726.55 22851 22381 4597.83 17783.1 16916.4 4120.2 3604.89 866.75 2202.6 1402.28 1393.23 5453.42 515.318 13921.8 5204.64 1519.86 3684.78 8717.15 2370.28 6346.88 6162.58 1139.18 1981.99 3451.47 2424.8 925.894 1498.9 676.977 5023.39 1311.93 468.681 10649.8 5530.6 5282.09 5119.21 5069.64 4949.9 1249.1 971.395 273.426 5006.84 2168.19 442.831 212.456 3700.8
internal_count=701527 663169 494024 38358 492973 21363 25086 471610 155816 151122 4694 9352 315794 12173 303621 92685 31455 210936 161599 49261 112338 107259 48801 45504 5079 7248 38256 38106 113038 3297 38084 17114 8653 8461 20970 8248 12722 10586 3083 3411 5653 4834 2838 1996 1326 7503 3308 12011 23319 13622 11765 9697 10327 9488 4145 1046 687 8797 5647 3680 1438 5343
cat_boundaries=0 4 8 12 16 19 23 27 31 35 38 42 45 49 52 55 58 61 64 68 71 72 75 78
cat_threshold=2107468 3089269665 754220 208 1880719744 1100611592 952107072 447 4072870529 8393814 885021008 2 1712062465 55910400 597960017 512 1 1376256 8448 71072 76021760 402655232 258 1114784 76021764 1481644032 256 2417033760 67637312 1073764352 288 16 8388608 268435456 7 268501024 67633152 1073741824 0 39067648 50593809 512 536870913 0 262209 33554432 5570560 262145 512 1644691457 270336 545259584 1074266113 8192 545259584 524288 16785408 536870992 1108082688 8192 547619920 209732608 4210688 16897 2147483648 76800 128 512 16781841 68612 7296 16781824 256266802 37748756 69206017 4461089 2048 3200
is_linear=0
shrinkage=0.05


Tree=41
num_leaves=63
num_cat=0
split_feature=1 34 41 28 29 44 44 44 44 26 41 30 26 44 44 28 28 41 44 44 32 44 42 36 44 26 44 32 44 19 38 41 23 28 47 36 44 7 10 17 36 44 44 23 30 37 24 44 47 37 39 37 32 28 34 44 25 40 27 46 28 21
split_gain=1524.04 1347.72 860.055 834.303 592.27 609.649 839.181 782.092 565.696 530.095 679.399 458.538 454.711 590.648 445.688 383.651 587.336 628.691 553.749 1077.6 668.469 488.416 869.195 890.098 556.299 486.421 451.099 442.569 422.426 420.086 383.219 382.723 477.945 504.543 366.126 358.599 351.179 351.022 345.874 345.506 415.069 344.321 366.653 340.41 375.308 329.756 316.145 307.915 306.595 298.617 293.798 301.655 280.995 268.119 260.173 259.567 258.539 257.257 255.121 252.499 251.297 269.692
threshold=1.1500000357627871 1.0000000180025095e-35 -0.22695468366146085 1.0000000180025095e-35 1.6033908128738406 -0.29342786967754358 -0.72694849967956532 -0.73865258693695057 0.14037931710481646 -0.049614075571298592 0.09796465560793878 0.19788690656423572 -0.0044262045994400969 -0.91595870256423939 -0.99938741326332081 0.045542273670434959 0.036731028929352767 0.84874749183654796 -0.67801648378372181 -0.89404255151748646 0.05172413773834706 -0.46800559759140009 -0.097964655607938753 4.5000000000000009 -0.25206183642148966 -0.018369775265455243 -0.42958799004554743 0.086206898093223586 0.03762133605778218 1.5000000000000002 4.5000000000000009 0.72947329282760631 0.28637567162513738 0.060723030939698226 0.82532986998558056 5.5000000000000009 -0.86112883687019337 8.9499998092651385 33.625000000000007 0.68333333730697643 5.5000000000000009 -0.92272481322288502 -0.99052476882934559 0.043573191389441497 0.057220689952373512 1.9674999713897707 -0.0043647431302815667 -0.4755979031324386 -0.83810669183731068 2.8605000972747807 0.65450000762939464 6.7225000858306894 0.12068965658545495 0.053132651373744018 8.8499999046325701 0.12332734838128091 0.59499999880790722 3.3724999427795415 0.24757521599531176 -0.89165896177291859 0.044210137799382217 -0.14583333581686017
decision_type=10 2 2 2 2 2 2 2 2 10 2 2 10 2 2 2 2 2 2 2 2 2 2 2 2 10 2 2 2 2 2 2 10 2 2 2 2 2 2 8 2 2 2 10 2 2 10 2 2 2 2 2 2 2 2 2 10 2 2 2 2 10
left_child=1 12 3 -3 5 6 7 43 11 10 56 55 13 59 -11 16 18 28 19 20 57 48 26 -24 49 -22 -23 31 52 53 -28 32 33 36 -30 -13 41 38 -14 54 -41 42 -17 44 -5 -19 47 -40 -20 -25 -15 -52 -18 -29 -32 -6 -4 -16 -48 -1 61 -37
right_child=-2 2 9 4 8 -7 -8 -9 -10 14 -12 35 37 50 15 27 17 45 21 -21 25 22 23 24 -26 -27 30 29 34 -31 39 -33 -34 -35 -36 60 -38 -39 46 40 -42 -43 -44 -45 -46 -47 58 -49 -50 -51 51 -53 -54 -55 -56 -57 -58 -59 -60 -61 -62 -63
leaf_value=0.046666939441749232 0.052756442562555773 -0.072383517020332716 0.030886528614052135 0.014934781475922821 0.036879841342398849 0.035021497069998971 -0.066979244785358827 0.070412528391156345 0.010946617117087203 -0.077067790788253321 -0.029938408124244711 0.035041097427163069 -0.048969737587887044 -0.024101978300272001 0.015707677287345009 0.019870976760210452 0.04085560511016878 0.016075981047778326 -0.046645873216322679 -0.059741027848521269 0.016521824259061985 -0.10105003268595358 0.022436260059151475 -0.091532237039275044 -0.084294546188123334 -0.079890158484945475 -0.044992375602740275 -0.06262851926173045 0.019849926089050389 -0.047398318119608526 0.03318407203323355 0.031424473042256623 0.045980790552275712 0.032012320052348574 -0.082159866415888613 -0.059669965067237631 -0.043447826321185649 0.040568514210269566 -0.015663078511689903 0.02541202369987804 -0.06706019847821125 0.032879895151146199 -0.063745605215282539 0.043656410389846551 -0.041650237184964023 -0.081817331161287157 0.0078826192051738714 0.049808304079788444 0.043684898872254199 0.0223404938145121 0.013915075963552799 -0.037428669455451889 0.074366272936296829 0.042319779752061082 -0.062349010477888357 0.063243131051769486 -0.03963790737705547 0.059467499231670579 0.045734221994898877 0.0074697748941991203 0.031824750215972766 0.0072906855471297598
leaf_weight=644.85368121764623 4038.6378425233997 198.94553978275508 1082.3445428574923 497.72904530540109 21567.602709922474 1698.6041974630207 435.16923148860224 417.84360796073452 2763.9979313705117 117.16892920527607 1248.500273660291 3239.3691173610277 229.3232486709021 2397.7581956645008 805.80100545776077 236.73015113198198 4547.9754663917702 185.32130209985189 97.229018827434629 629.45231903204694 257.80399232683703 70.298666193149984 789.20112325483933 73.196074604988098 510.82551422971301 265.61246076552197 183.03007098287344 76.83511479338631 872.07975002098829 594.19903396139853 5589.523156976793 2190.2926955467556 552.26597012672573 656.86964312102646 97.827591914217919 161.42488289065659 815.56098479800858 1177.6258842977695 221.19567360333167 307.49552749749273 200.45752697810531 454.02264312445186 293.82244943222031 270.56893559847958 712.55816549900919 160.55389600433409 8372.0715958951041 954.62114092800766 2773.7778805640992 269.72772217751481 1348.0366559799295 363.1334960681852 725.33207867667079 292.66548247914761 72.188420773018152 975.91181946429424 147.68500540684909 575.88738407264464 470.16020690533333 1132.2514694947749 1080.5087475639302 2196.2540509668179
leaf_count=4257 2596 2616 3016 2751 43063 8813 5061 250 15790 1464 10746 4632 2155 117096 3604 1282 6963 756 898 7459 1203 730 2307 882 7355 3203 2084 1119 2934 8866 20834 10829 541 2792 803 1426 10556 1387 5751 469 1950 1272 2632 468 7277 1921 252026 13974 5240 1303 31989 18548 394 1192 359 602 1111 833 2284 13360 2678 8775
internal_value=0.0227681 0.0212973 0.0245974 0.0297266 0.0302906 0.012233 -0.00435267 0.0100009 0.0325672 0.0181518 -0.00395483 0.0346123 0.00889901 -0.00239096 0.0202319 0.0206666 0.0240188 0.0362519 0.0180354 -0.00302251 0.0157175 0.0229154 0.0166116 -0.0158416 -0.0512255 -0.0324033 0.0249128 0.00975584 0.0398871 -0.0213662 0.0263067 0.0155241 0.00395098 -0.00549614 0.00956093 0.023104 -0.019183 0.0147155 0.0117445 0.0284219 -0.011081 0.000916524 -0.0264363 -0.00704503 -0.0183797 -0.0293657 0.0131343 0.0374918 0.0406258 -0.00196531 -0.0128073 0.00301924 0.0454649 0.0204965 0.031966 0.0380211 0.0224189 0.0339468 0.00989527 0.0216932 0.0118571 0.00270604
internal_weight=86385.7 82347.1 65036 36216.5 36017.5 4032.47 2333.87 1898.7 31985.1 28819.6 2478.53 29221.1 17311 5886.03 26341 26223.9 20060.6 6589.09 13471.5 2534.56 1905.1 10937 8065.94 1642.95 853.749 523.416 6422.99 6163.26 6243.21 963.7 6352.69 5199.56 3009.27 2457.01 969.907 6677.56 1800.14 11425 10247.4 6169.66 507.953 984.575 530.553 1480.86 1210.29 345.875 10018 1175.82 2871.01 342.924 4108.93 1711.17 5273.31 369.501 5661.71 22543.5 1230.03 1381.69 8842.23 1777.11 3438.19 2357.68
internal_count=701527 698931 236104 104202 101586 24620 15807 10746 76966 131902 14873 61176 462827 185250 117029 115565 74484 13771 60713 16302 8843 44411 38273 11847 9540 4406 26426 41081 11094 11177 25696 29904 19075 18534 3737 17511 15742 277577 276190 23612 2419 5186 3914 10496 10028 2677 274035 19725 6138 2185 167633 50537 7357 2311 21193 43665 4127 4437 254310 17617 12879 10201
is_linear=0
shrinkage=0.05


Tree=42
num_leaves=63
num_cat=27
split_feature=1 34 0 0 41 0 18 28 48 0 0 29 0 0 48 46 0 48 0 45 48 30 0 0 26 0 26 41 0 18 0 28 0 0 15 0 48 0 18 48 0 48 0 0 48 0 27 48 0 48 0 30 0 29 29 28 41 0 48 0 48 48
split_gain=1471.79 1257.87 1217.84 803.369 782.621 1049.93 791.239 773.454 735.939 663.239 622.891 518.538 743.526 457.704 455.304 423.747 349.767 339.242 947.372 605.091 320.114 818.572 520.884 380.084 355.577 428.074 293.854 413.204 677.541 294.731 293.3 312.441 1163.36 348.24 308.926 304.719 286.448 861.081 289.445 711.848 277.052 276.388 817.694 628.118 348.258 632.52 322.477 267.853 265.835 237.021 234.905 232.467 232.048 228.949 223.808 251.399 222.332 413.169 220.351 281.815 217.688 290.01
threshold=1.4499999880790713 1.0000000180025095e-35 0 1 -0.22695468366146085 2 54.062500000000007 1.0000000180025095e-35 0.99722951650619518 3 4 1.6968411207199099 5 6 -0.9993687868118285 -0.18381825834512708 7 0.34664839506149298 8 1.0000000180025095e-35 -0.92896968126296986 0.20181877911090854 9 10 -0.075158104300498949 11 -0.048682630062103265 0.09796465560793878 12 7.0499999523162851 13 0.045542273670434959 14 15 11.387499809265138 16 0.84555268287658703 17 12.050000190734865 0.67047429084777843 18 0.54545724391937267 19 20 0.20801678299903872 21 0.15280646830797198 0.2323095500469208 22 -0.94929715991020192 23 0.028544973582029346 24 2.466112613677979 3.4047213792800908 0.0098039219155907648 0.77259656786918651 25 0.52445903420448314 26 -0.99262195825576771 0.268782988190651
decision_type=10 2 9 9 2 9 8 2 2 9 9 2 9 9 2 2 9 2 9 2 2 2 9 9 10 9 10 2 9 10 9 2 9 9 10 9 2 9 10 2 9 2 9 9 2 9 2 2 9 2 9 2 9 2 2 2 2 9 2 9 2 2
left_child=1 2 41 -3 7 13 14 -5 10 -4 20 12 15 -6 -7 -12 -8 50 19 -19 22 24 -9 -23 -22 -26 27 52 29 -29 49 33 35 -32 -34 -33 37 -20 39 58 47 42 46 -43 -44 -46 -1 -17 -45 53 -13 -35 -16 -28 55 -24 60 -58 59 -39 -15 -62
right_child=-2 3 9 4 5 6 16 8 -10 -11 11 17 -14 56 26 40 -18 18 36 -21 21 23 54 -25 25 -27 30 28 -30 -31 31 32 34 51 -36 -37 -38 38 -40 -41 -42 43 44 48 45 -47 -48 -49 -50 -51 -52 -53 -54 -55 -56 -57 57 -59 -60 -61 61 -63
leaf_value=-0.054650431004467183 0.052337392412706719 -0.041305959123990578 0.0007561994478199616 -0.071124281539873713 -0.051634605043428095 -0.08838644155045168 0.017254900740894787 -0.07273500531116589 -0.082952404134629537 -0.036046960254815415 0.044102220777435058 -0.010391590333742077 -0.026818355287605802 0.041854335801301108 0.044056223750524974 -0.079503149829301095 -0.089749572961372565 0.041830862030247419 -0.06526254926479319 -0.062448926697309538 0.053554196217569475 0.0034288321659168512 0.044305948266701436 -0.067795750590797565 -0.039349307199732314 0.018375881581023514 -0.07371449088937837 -0.041434121026443671 -0.068497639702584018 0.038889182102760676 0.0018225992623254481 -0.0043992429126530818 -0.066868398672620191 0.054597094091295408 0.04241384935480013 0.035377770465520902 0.041859557262707632 0.041264116046656876 0.046916027760638052 -0.10295697707807044 0.023374756780128139 0.04270404675702244 0.024342767926515064 0.010084726855315196 0.040258843497264774 -0.062190748743779424 0.021343222407837089 0.0061405595340663071 -0.053981730738046435 0.035781571167461966 0.040520764189761145 0.026640712984775217 -0.0081321416370590312 0.016232782797134745 0.048869718116743344 -0.045572929495454335 0.013588267898065422 -0.052849008019016964 0.039708032659356719 -0.089724295976022439 -0.011174198659672575 0.016960126492519666
leaf_weight=572.33117301482707 3798.0465064896271 464.25347690423951 5513.7333915028721 191.32449757866561 414.88121743290685 90.043958789901808 117.35709650535136 98.698466471629217 144.43882560008205 1564.0465766564012 1606.1071171693038 232.13923470024019 794.47987585328519 412.77931434498169 688.40534020960331 165.60780865605921 213.86904946924187 200.04567410191521 258.83793240878731 456.69223197014071 647.36306523811072 339.32556854002178 167.31552656227723 418.79733038181439 340.05921664694324 4056.5013262731954 89.081565632717684 157.03487352980301 380.3674660990946 418.72064940445125 1342.3496686292347 691.77713800035417 550.01646664040163 825.73386641754769 73.285603583790362 1596.1747163909022 3534.5263938407879 72.954058152623475 1141.4823773042299 122.6626371697057 578.50562219088897 2851.463331310777 4622.9251023915131 1215.290033432655 265.74418969405815 324.54819625872187 184.63418247248046 203.45233935955912 176.58799835690297 7441.9479300589301 17357.655012591276 7475.8673054128885 308.50700509501621 343.71245382027701 1554.6400205490645 145.42320602899417 465.87471677991562 457.18094862462021 623.99873400339857 74.583039549412206 1749.2722009140998 1922.7993934557308
leaf_count=29661 2390 55639 121374 1933 8218 752 230 1206 1479 200074 2669 1772 5637 759 771 1236 1536 551 1754 2936 1065 1112 256 4017 4835 14556 929 705 3587 445 4276 2360 5659 1202 95 3510 4080 87 885 874 1888 22628 53034 12073 1071 10061 2264 710 10694 19240 20809 15317 1210 996 1191 1355 2215 7397 728 550 10840 8144
internal_value=0.0219129 0.0204953 0.00852513 0.0237183 0.0241945 0.0179833 0.0226804 0.0291361 0.029679 -0.00741594 0.0301412 0.0336857 0.0152613 -0.00180782 0.023821 0.0283468 -0.0540254 0.036262 0.0264877 -0.0302246 0.0175623 0.0116764 0.0350212 -0.0367656 0.0189575 0.0138633 0.0242724 0.00574327 -0.0177406 0.0166914 0.0260438 0.0212313 0.00689229 0.0255818 -0.0531664 0.0233841 0.0328727 0.0191724 0.0300812 0.00892717 0.00194091 0.0195601 0.012645 0.0293355 0.0196871 -0.0164404 -0.0356437 -0.0314384 0.00162951 0.0336469 0.039866 0.029386 0.0282662 -0.00228098 0.0408871 0.00251236 0.00241477 -0.0197428 0.0267151 -0.0282378 0.00742764 0.00355772
internal_weight=85308.3 81510.2 17291.3 64218.9 63754.7 28227 22804.3 35527.6 35336.3 7077.78 35191.9 27423.7 3348.15 5422.79 22473 2553.67 331.226 24075.6 6485.78 656.738 7768.12 5802.05 1966.08 758.123 5043.92 4396.56 22383 1953.04 956.123 575.756 20429.9 12555.2 2911.25 9643.95 623.302 2287.95 5829.05 2294.52 2035.68 894.198 947.566 10213.5 5970.18 4243.34 5213.22 590.292 756.965 369.06 1391.88 7874.74 17589.8 8301.6 996.912 432.794 1867.38 312.739 5007.91 923.056 771.536 147.537 4084.85 3672.07
internal_count=701527 699137 462934 236203 180564 100393 62820 80171 78238 321448 76759 47166 12140 37573 61054 6503 1766 35026 12445 3487 29593 25585 4008 5129 20456 19391 60302 6718 4737 1150 53584 32419 11624 20795 5754 5870 8958 4878 3124 2239 3834 141486 96091 45395 64166 11132 31925 1946 22767 21165 22581 16519 1981 1925 2802 1611 29355 9612 1365 637 19743 18984
cat_boundaries=0 4 8 12 16 20 24 27 31 35 39 43 47 51 55 59 62 66 70 74 77 80 84 88 92 96 100 104
cat_threshold=1741898275 1141456896 655370562 516 2107468 3156263841 761900 64 2178273282 1074404426 100670080 440 4248 64226334 1356878848 267 243287842 1107308562 3342075667 513 1901690896 21102600 402669632 158 311296 530496 128 100663296 8650768 536870912 1 2148630544 29363264 128 6 67126306 33554432 1537 1 33554434 33562626 0 1 1024 1073745920 3255828482 512 1107951616 58720256 541065216 6 201327872 22028288 3785621585 512 1879048864 8650752 406848514 4 536871456 0 138413056 1342177280 8388608 268435458 4 1073746048 1966080 402671616 256 1896448016 8 134217728 12 12648480 67649536 68165632 29425699 67649536 68165952 0 0 256 4 1644315136 0 536870912 4 0 0 16384 176 1879572993 8212 1481638914 512 65538 1032 0 32 0 65536 0 8
is_linear=0
shrinkage=0.05


Tree=43
num_leaves=63
num_cat=0
split_feature=35 5 48 35 28 43 30 48 44 19 43 44 43 42 43 44 18 44 10 44 48 44 44 43 48 10 28 41 18 44 48 39 48 43 19 29 48 39 43 43 44 48 48 44 38 16 43 19 44 48 48 18 26 38 43 18 48 48 11 39 28 18
split_gain=1517.95 1128.32 651.134 643.646 523.051 1505.94 753.073 741.556 732.68 790.005 731.035 731.215 676.622 616.138 563.002 818.641 723.914 1037.37 904.58 827.249 782.294 1616.55 718.211 646.137 825.202 657.573 626.196 706.319 651.139 622.877 573.671 514.55 507.947 503.035 460.015 586.232 472.947 453.086 450.655 689.975 446.728 440.69 436.465 420.778 537.107 407.875 406.971 697.327 508.449 1996.95 1483.4 730.892 389.169 383.028 379.529 711.797 429.544 397.075 374.705 370.794 365.948 640.075
threshold=6.8500001430511483 0.35000000894069677 -0.9911440610885619 0.94999998807907116 0.045542273670434959 -0.50556187331676472 0.20181877911090854 -0.78394964337348927 -0.091258823871612535 2.5000000000000004 0.57077592611312877 -0.61236745119094838 0.92922380566596996 0.41248606145381933 -0.9769422411918639 0.14037931710481646 4.3541667461395273 -0.99983122944831837 39.875000000000007 -0.94703993201255787 0.85849907994270336 -0.52034142613410939 -0.35042476654052729 -0.86546283960342396 -0.5240725278854369 28.791666984558109 0.017647059634327892 0.77259656786918651 12.550000190734865 -0.27694045007228846 -0.71824327111244191 0.17249999940395358 -0.96966424584388722 -0.79902246594429005 2.5000000000000004 0.94264245033264171 0.67047429084777843 0.23499999940395358 0.52766072750091564 0.43733377754688268 -0.92272481322288502 0.96056148409843456 -0.88585215806961048 -0.71502926945686329 28.500000000000004 14.750000000000002 -0.99904707074165333 4.5000000000000009 -0.70289847254753102 -0.95311623811721791 0.68882298469543468 8.4499998092651385 -0.0083366273902356607 7.5000000000000009 -0.98046803474426258 2.3541666269302373 -0.93765172362327565 0.268782988190651 23.375000000000004 0.2559999972581864 0.017647059634327892 1.1833333373069765
decision_type=2 10 2 2 2 2 2 2 2 2 2 2 2 2 2 2 10 2 2 2 2 2 2 2 2 2 2 2 10 2 2 2 2 2 2 2 2 2 2 2 2 2 2 2 2 10 2 2 2 2 2 10 10 2 2 10 2 2 2 2 2 10
left_child=1 2 3 -1 6 8 14 12 -6 -10 38 -12 45 31 15 26 17 -16 -19 -18 21 -20 52 24 29 -26 28 -28 -4 -21 -17 -13 -8 -11 36 -36 42 -22 39 -9 -34 -25 -24 44 -5 -7 -2 48 60 -50 -51 58 59 -14 55 57 -57 -42 -52 -23 61 -48
right_child=46 -3 4 43 5 7 32 10 9 33 11 13 53 -15 16 30 19 18 20 23 37 22 34 41 25 -27 27 -29 -30 -31 -32 -33 40 -35 35 -37 -38 -39 -40 -41 54 -43 -44 -45 -46 -47 47 -49 49 50 51 -53 -54 -55 -56 56 -58 -59 -60 -61 -62 -63
leaf_value=-0.012139270900663768 0.049241016102619356 0.053281757493091809 -0.033404210441126424 -0.0800015715058639 -0.063672224233439212 -0.059045814889112459 -0.086078037251346023 0.022654613719658916 -0.063702892122257174 0.0415726976251415 -0.062445656666978114 -0.061130147748174851 0.051492359632582613 -0.050384567789353754 0.055429898275455462 0.02146046744714198 -0.022704539411314419 0.039355993948849817 -0.039384118536374683 0.044839425244660967 -0.031325893119719152 0.028561501085968184 0.0095230523864352906 0.042228777680219147 0.030912651726001845 -0.077948787054809579 0.046611602892040027 -0.03109344950300565 0.038113121887464789 -0.088471729145406769 -0.084729936146939258 0.025643200073057756 -0.035879401566919024 -0.062339664602411804 -0.046289258465858879 0.025302595480839504 0.02461300982262505 0.031950466093535905 0.051693453584936634 -0.066241985803408385 -0.058725184406402064 -0.059178281467171523 -0.063938227140264911 0.046898019971945738 0.069858073542856836 0.04972870214553396 -0.063994758199810597 -0.081647338091568877 -0.11201006712453093 0.031255599826829683 0.057645586541432231 0.0044603908309919947 0.045924454400776311 -0.063717383328202856 0.01490274753564373 0.031662256372204468 -0.054661188406083028 0.034605355471911639 -0.094795338502272897 -0.082352153929326988 0.041319103859371265 0.029260566647404219
leaf_weight=639.5969492692966 2788.1019787110854 2027.7930309874937 603.60289440583438 150.28817649651319 1012.9522301359102 802.9468449910637 153.93560101906769 6230.0291721816175 393.29788562841713 650.79951961268671 458.0658539859578 188.31449869158678 354.13199994922616 398.8565461661201 1097.5818561939523 266.08005430898629 737.55822274647653 1613.0358920027502 2766.9518516138196 936.17423926619813 326.1802228000015 188.97710293042473 276.23115063179284 5877.9750076280907 210.76687070121989 405.80463261646219 5894.0546850136016 307.71154626598582 673.26354503096081 96.668980407062918 243.64312832592987 1841.3142618157435 604.31880061421543 141.85346083156765 357.34932094905525 1431.0321135537233 328.91133236605674 2132.2481890169438 1311.0516273947433 226.19959543156438 133.19693154282868 109.12529275170527 754.41048449533992 3374.6886936738156 99.292941850842908 96.543452783254907 224.61140644387342 141.48163044638932 268.40383404260501 11153.737392592942 44.834958896040916 625.12733022961766 1394.4393060298171 90.599391683703288 6014.9448070772924 174.3403061456047 831.04647707217373 789.21304253302515 399.52796872076578 125.32630483852699 9158.9456873938907 1017.7327000310179
leaf_count=22690 1683 1137 6860 1585 24095 30647 3320 82177 15046 4461 13774 6878 2275 29687 965 1270 6585 2587 48914 2098 7189 988 8816 21949 408 6400 9855 3026 1399 1626 3513 35359 7010 6084 23366 27893 7210 25978 6231 11462 1497 1739 46647 4131 218 222 1518 1121 2205 16158 13 1789 4133 5578 63524 283 7260 2307 3178 2817 9075 1618
internal_value=0.0211057 0.0166386 0.0153192 0.034104 0.0137805 0.00559604 0.0168499 0.0125675 -0.0324429 -0.00576906 0.0169829 -0.00450189 -0.0224274 0.00642758 0.0207024 0.0320125 0.016434 0.00895272 0.00459084 0.0278627 -0.00097126 -0.00888038 0.00849824 0.0327466 0.0050372 -0.0407359 0.0361912 0.0427561 0.0043053 0.0323622 -0.0292976 0.0175921 0.00394083 0.0229765 -0.00566791 0.0109973 -0.0275897 0.0235551 0.0249673 0.01954 0.0055621 0.0403805 -0.0442492 0.0422649 -0.0203817 -0.0473709 0.0311989 0.0290151 0.029699 0.0228995 0.0258619 -0.0303888 0.0345959 0.0280222 0.00871515 -0.0105908 -0.0396922 0.0211283 -0.0794145 -0.0156645 0.037865 0.0124003
internal_weight=84167.2 58344.7 56316.9 4263.87 52053.1 14197 37856.1 11998.1 2198.9 1185.95 10653.8 2886.55 1344.22 2428.49 29155.1 7988.36 21166.7 12792.7 11695.1 8374.07 10082.1 7623.63 4856.68 7636.52 1649.41 616.572 7478.63 6201.77 1276.87 1032.84 509.723 2029.63 8701 792.653 3147.93 1788.38 1359.55 2458.43 7767.28 6456.23 8547.06 5987.1 1030.64 3624.27 249.581 899.49 25822.5 23034.4 22892.9 12491.6 12223.2 1069.49 1708.74 444.731 7942.74 1927.8 1005.39 922.41 444.363 314.303 10401.3 1242.34
internal_count=701527 663169 662032 28624 633408 273976 359432 224290 49686 25591 185568 85698 38722 71924 274231 25923 248308 207503 206538 40805 203951 170784 121870 34220 10532 6808 21140 12881 8259 3724 4783 42237 85201 10545 113932 51259 62673 33167 99870 93639 81881 23688 55463 5934 1803 30869 38358 36675 35554 23343 21138 4980 7938 7853 74871 11347 7543 3804 3191 3805 12211 3136
is_linear=0
shrinkage=0.05


Tree=44
num_leaves=63
num_cat=25
split_feature=35 0 1 0 48 0 43 21 0 43 0 18 44 48 0 0 0 48 48 0 0 43 43 0 0 42 0 0 32 41 0 18 28 0 44 0 44 28 44 43 43 0 28 0 44 0 43 42 35 0 0 48 0 35 7 0 14 48 43 0 48 28
split_gain=1431.51 1239.83 1032.18 720.049 609.436 1551.39 606.45 555.177 1366.97 682.914 596.279 595.924 520.331 1870.95 1635.89 1258.14 1188.88 849.547 1649.72 1591.83 1460.8 1297.72 1094.12 1090.9 1034.98 722.24 2027.77 937.965 621.911 603.923 1420.19 575.007 568.514 955.431 513.793 1419.53 547.972 476.155 453.496 443.144 586.052 1301.43 679.176 533.845 456.957 731.898 438.995 437.867 382.881 377.726 374.116 369.706 851.891 361.304 357.32 352.595 350.321 348.11 333.306 324.415 441.616 535.151
threshold=6.8500001430511483 0 1.2500000000000002 1 -0.9911440610885619 2 0.70900115370750438 -0.11250000074505805 3 0.98802474141120922 4 39.549999237060554 -0.57077232003211964 -0.79120641946792591 5 6 7 0.84555268287658703 0.3243404775857926 8 9 0.43733377754688268 -0.39826117455959315 10 11 -0.032701563090086067 12 13 0.12068965658545495 -0.47114434838294977 14 7.3875000476837167 0.0098039219155907648 15 -0.074115883558988557 16 -0.51296770572662342 0.045542273670434959 0.274878740310669 -0.99904707074165333 -0.35041563212871546 17 0.050299357622861869 18 -0.95242238044738758 19 0.55656746029853832 0.16280825436115268 0.45000000298023229 20 21 0.96719524264335643 22 0.25000000745058065 2.8500000238418584 23 8.2500000000000018 -0.96966424584388722 0.70900115370750438 24 0.78807106614112865 0.049337463453412063
decision_type=2 9 10 9 2 9 2 10 9 2 9 8 2 2 9 9 9 2 2 9 9 2 2 9 9 2 9 9 2 2 9 10 2 9 2 9 2 2 2 2 2 9 2 9 2 9 2 2 2 9 9 2 9 2 2 9 10 2 2 9 2 2
left_child=1 -1 4 -2 5 53 39 8 11 10 -9 -6 13 16 -15 31 -12 18 20 47 -16 24 23 -22 -19 27 28 37 34 -24 46 -14 33 38 36 58 -27 48 -29 -5 41 54 57 -42 45 -45 -31 -20 49 -17 -50 -26 -53 -3 -41 -39 -37 -43 -36 60 61 -34
right_child=3 2 -4 6 7 -7 -8 9 -10 -11 12 -13 15 14 17 25 -18 21 19 -21 22 -23 29 -25 51 26 -28 32 -30 30 -32 -33 59 -35 35 56 -38 55 -40 40 43 42 -44 44 -46 -47 -48 -49 50 -51 -52 52 -54 -55 -56 -57 -58 -59 -60 -61 -62 -63
leaf_value=-0.047008166954668806 0.037039613504045277 -0.024006797826270576 0.048703065929413369 0.047684941073248263 0.021689697767878532 -0.053598269557509806 -0.057616625671018912 -0.041783218855516779 -0.057392430089609425 -0.057410907233409358 0.019727058316200374 -0.086604782074348005 -0.04107312031644194 -0.037304436606514287 -0.047538718459890134 0.016853716201270207 -0.07104621495394757 -0.044071990285922701 0.032059035669118989 -0.069110151052380261 0.03728692384923421 -0.072616215740579693 0.048228561939463399 -0.072858565678544027 0.056766081021966855 -0.077971988800990641 -0.031227111317987135 0.037598114980294944 -0.058859288455470074 0.046220731752648958 -0.043923088394194412 0.011055389114851379 0.063176678623876867 -0.055669078304190857 0.040006171266972701 -0.065360380966539122 0.040782260107018305 0.031016050391573957 -0.065695887505763995 -0.088567443052841088 -0.057258125364730884 -0.082529792616490877 -0.091357037410535386 0.036273897158118532 0.044986996190458518 -0.08401283797858948 -0.051895394515075882 -0.063153005799910344 -0.034033118814646816 -0.055659809428599286 0.028184140896585913 0.052466619587822172 -0.053874299262207562 0.048164058400271423 0.012803820924466962 -0.054304287570823742 0.05965601197200128 0.021184027528446208 -0.059531035201691285 0.034928918119855538 -0.013912985464010694 -0.057356524643122721
leaf_weight=761.27777630463243 15432.273292029509 182.43328965548426 2437.2267863228917 1398.4451542780735 2060.1729433836881 445.52423601876944 247.39956949581392 437.27393153123558 918.19565675361082 320.9453125 535.53576207347214 135.38127215020359 1124.8754204427823 1372.9914350039326 688.1396691086702 379.14188947668299 1091.4854799392633 314.11072749365121 839.41719787707552 1104.4471239375416 402.08626633044332 256.8276596153155 3802.1437510482501 488.97016393463127 3413.2902221768163 99.443871341180056 2081.822028537048 1389.1012876685709 213.22785965609364 1727.8137808884494 693.75555335939862 998.65827782987617 2895.8957765696105 411.33880196302198 1485.2046094564721 595.5930653931573 4193.8350414496381 161.06273271236569 115.05969866504893 428.97303898492828 150.59558855369687 82.60563453566283 144.29639667575248 358.75425257533789 2816.6492969216779 182.54679263010621 122.05704767210409 141.04249883117154 255.89135328237899 327.33237445913255 3014.1008004164323 604.5934051326476 263.01153835374862 3508.5382339493372 109.02273507649079 437.67949468037114 61.856376390904188 3933.1744773830287 89.151677696499974 7876.3295681665186 220.92130224080756 95.112570238066837
leaf_count=162003 13614 6164 1836 1038 6317 12293 2593 30293 14566 23673 1194 864 53123 28218 11139 3506 20960 3589 2128 17023 1086 4998 6828 6496 4496 1883 53676 1640 5242 2836 8208 5981 11525 7736 9975 26751 10757 737 2742 2800 914 744 1563 269 2805 2033 1016 1693 2267 13724 4730 743 2842 3170 206 13974 80 9779 3058 33895 4613 4882
internal_value=0.0203714 0.0160173 0.0168668 0.0302889 0.0154434 0.0338911 0.0196574 0.013925 -0.00652318 0.0152756 0.0157739 0.014944 0.016322 0.00963346 0.0147563 0.0205162 -0.0414835 0.0195779 0.0112683 -0.0283063 0.0216796 0.0367619 0.0282881 -0.023555 0.0428753 0.0234896 0.011823 0.0293566 0.0251325 0.0356123 0.0167538 -0.0164804 0.0362 0.0110744 0.0279157 0.00845592 0.0380316 0.00980544 0.0295006 0.0216683 0.0172349 0.00568817 0.0151845 0.0326964 0.0367916 -0.00517318 0.0395332 0.0181771 0.0160859 -0.0172934 0.0232975 0.049243 0.0202135 0.0444764 -0.0667836 -0.0317419 -0.0527951 0.0190506 0.0341527 0.0405731 0.0541365 0.0593438
internal_weight=82876.1 57591.3 56830 25284.7 54392.8 4136.5 9852.46 50256.3 3113.75 47142.6 46821.6 2195.55 46384.4 17861.7 16234.7 28522.6 1627.02 14861.7 10009.9 2084.91 7924.97 4851.83 7236.83 891.056 4595.01 26399.1 8820.13 17579 6738.31 6345.77 2543.63 2123.53 13003.8 1915.5 6525.08 2231.81 4293.28 4575.21 1504.16 9605.06 8206.62 4698.07 4160.08 3508.55 3357.95 541.301 1849.87 980.46 3976.47 706.474 3269.99 4280.9 867.605 3690.97 537.996 598.742 657.449 4015.78 1574.36 11088.3 3211.93 2991.01
internal_count=701527 663169 501166 38358 499330 21627 24744 477703 21747 455956 432283 7181 401990 125493 103339 276497 22154 75121 58453 20844 37609 16668 26470 7582 11670 217393 111422 105971 57746 18888 12060 59104 67033 12118 52504 39864 12640 38938 4382 22151 21113 15092 12086 6021 5107 2302 3852 3821 24227 17230 6997 8081 3585 9334 3006 14711 26831 10523 13033 54915 21020 16407
cat_boundaries=0 4 8 12 16 19 23 27 30 33 37 41 45 49 52 55 59 63 67 71 74 77 80 83 84 88
cat_threshold=2107460 3089269665 753708 208 1880719746 1100611592 952107072 447 4072870529 8393814 885021008 2 537071761 125903876 845414737 4 2148532232 67113024 512 278528 1088162834 2265194624 515 134381858 33570824 1073765376 32 0 16777220 536870976 671088769 65536 549454080 201852032 90112 1089470466 256 135424 0 64 32 436437040 50397188 134219777 8 88151681 11284 887366096 260 356586625 10244 337649874 1124205088 50331648 536875072 1074266640 25165824 2826960896 6 67174913 0 603988032 256 2348811265 4176 33833235 512 16416 37816320 2097792 512 513 20 16384 67108993 0 8192 67175424 2048 67117184 1073741824 0 1350570240 65536 34095104 1079312400 33816577 513
is_linear=0
shrinkage=0.05


Tree=45
num_leaves=63
num_cat=23
split_feature=20 35 0 0 48 0 17 0 48 0 0 44 44 0 0 44 48 28 0 0 48 0 43 43 0 0 24 28 0 0 35 28 43 48 0 0 41 0 43 29 48 36 43 48 35 0 48 48 48 0 44 0 44 18 48 0 44 0 35 27 44 44
split_gain=1356.63 1067.75 1228.77 646.482 482.717 1481.1 637.902 2018.88 633.886 1017.58 594.469 585.456 607.48 1042.57 985.558 664.523 779.275 741.978 1173.44 705.894 583.422 568.104 537.79 529.868 714.865 709.983 499.086 482.907 1211.56 765.844 480.799 642.763 468.761 568.569 989.132 758.933 539.171 468.561 457.715 470.841 430.401 420.53 414.168 510.508 412.842 525.807 403.623 411.321 652.989 636.272 572.513 424.982 444.884 390.244 535.199 456.564 414.641 367.911 363.545 372.955 357.341 333.428
threshold=1.7749999761581423 6.8500001430511483 0 1 -0.98941165208816517 2 5.0625000000000009 3 -0.96966424584388722 4 5 -0.99983122944831837 -0.52034142613410939 6 7 -0.46800559759140009 -0.92896968126296986 0.0098039219155907648 8 9 -0.89186012744903553 10 0.68432405591011058 -0.97312742471694935 11 12 -0.021500988863408562 0.013725490774959328 13 14 0.65000000596046459 0.051905291154980666 -0.99904707074165333 0.56584367156028759 15 16 -0.2901292592287063 17 -0.98370367288589466 1.6198275685310366 -0.53431767225265492 8.5000000000000018 -0.72101011872291554 -0.67370402812957753 1.2500000000000002 18 0.95706152915954601 0.84555268287658703 0.3243404775857926 19 -0.99273797869682301 20 -0.84313312172889698 7.9500000476837167 0.41380959749221807 21 -0.35042476654052729 22 1.0500000119209292 0.02112467680126429 -0.96687281131744374 -0.82413947582244862
decision_type=10 2 9 9 2 9 8 9 2 9 9 2 2 9 9 2 2 2 9 9 2 9 2 2 9 9 10 2 9 9 2 2 2 2 9 9 2 9 2 2 2 2 2 2 2 9 2 2 2 9 2 9 2 10 2 9 2 9 2 2 2 2
left_child=1 2 -1 -3 5 44 8 -8 9 -6 23 -12 14 -14 20 58 21 18 -18 -19 -13 -17 46 24 -10 -25 -16 29 53 42 31 40 -5 35 -35 -34 -37 -38 41 -40 -30 -21 43 -27 45 -4 47 48 50 -50 -22 52 -52 55 -55 56 -29 -49 59 -15 -31 -33
right_child=-2 3 4 32 6 -7 7 -9 10 -11 11 12 13 15 26 16 17 19 -20 38 22 -23 -24 25 -26 27 -28 28 30 60 -32 61 33 34 -36 36 37 -39 39 -41 -42 -43 -44 -45 -46 -47 -48 57 49 -51 51 -53 -54 54 -56 -57 -58 -59 -60 -61 -62 -63
leaf_value=-0.049752035429494842 0.040186650985519143 0.03430871040422051 0.039707280334188966 0.045491006375456465 0.031877300361894102 -0.053640586474913779 0.026425266037894621 -0.059163414511406331 -0.033099058105595415 -0.074648416097351789 0.045496552751451723 -0.076350561501803443 -0.042581608863783094 0.1427693399652061 0.014990287198010366 -0.066345386875843682 0.024388696711456305 0.023982897544272141 -0.063729664001012085 0.032155595737193149 -0.081802353065231481 0.058809370675133699 -0.061510639607630105 -0.039916545409396785 0.041128039784245597 0.039860919839590857 -0.047739133626823707 0.021338122097325 0.0090957994950829745 -0.093911506767688585 0.030431674371662137 0.044051254046230622 -0.056292216089231906 -0.07701735180090219 0.035925992595728977 0.021198415213978566 0.0062516980559323525 -0.053589424052073703 0.0059777614635209385 -0.05145023506941681 -0.058336449059270823 -0.086098716104873796 0.04781299603219441 -0.060095717392831309 0.04924770306280267 -0.064016108303943428 -0.039331709422998282 -0.045883400953940986 0.024121284501687001 -0.064342484775533351 -0.062471164155340486 0.032983223712826845 0.018560314865395226 -0.051709861670860446 0.04150625144403125 -0.054247450046038072 -0.066103686900026437 0.050025501956782674 0.055067605823899614 -0.061583900753215876 0.0069922364474237402 -0.0090822761888905163
leaf_weight=738.04375106969383 7434.256835098844 12800.33695602091 310.31371431890875 1217.5500683430582 402.68787845154293 446.69710037996992 1626.7581528136507 1180.6435677853879 344.16867988090962 486.8075477082748 1107.8099340056069 202.80848771799356 739.49563993210904 27.098912856075913 403.36191376694478 91.6053462093696 693.0507052235771 5826.189016423421 813.21645988011733 760.08844038425013 135.57900482974946 1212.9331301974598 252.72788241505623 515.53486265568063 4630.8572646540124 326.99375038128346 1482.3855615481734 527.12475498160347 428.30087739625014 93.146110664121807 5387.8674363649916 857.733626462752 506.47491561388597 199.11002182005905 2907.245545648504 2659.2787762754597 826.6228823827114 531.7129468137864 643.15698036062531 801.96240256284364 528.78702206071466 83.432292793411762 3705.4850998129696 209.62714729481377 3056.5214568218216 187.53268856229261 346.1104612830095 104.25101565476507 327.81865190784447 515.10852824756876 263.51310336985625 2464.8227048642002 474.20835566357709 224.36133532924578 490.89016818627715 952.43865534034558 182.51492583518848 1118.0699303634465 1510.8718606010079 126.7963465936482 1512.3519101892598 450.25228242878802
leaf_count=167039 9939 11559 1080 1002 1023 13023 4137 14616 2665 13969 1477 3045 40654 52 3770 2503 3200 52243 18537 1331 1545 3684 5033 23468 8198 919 36594 4143 6565 1128 11638 4401 3193 1444 5532 6128 2061 5159 22389 28444 18556 1347 14771 3484 2109 6787 3602 1042 1149 7196 3275 9863 2348 2605 1599 29417 6822 2033 1226 2630 16172 15762
internal_value=0.0198261 0.0177801 0.0139167 0.0271195 0.0148342 0.0315173 0.0134349 -0.00968539 0.0148841 -0.0269035 0.0157309 0.0100487 0.00822017 0.0147801 -0.00258765 0.0181687 0.0136992 0.00878206 -0.0234466 0.0147643 0.00704506 0.0499632 0.00987465 0.0217067 0.0360092 0.0173794 -0.0341402 0.0192528 0.012607 0.0306851 0.0222767 0.00297699 0.0166614 0.012083 0.0285543 0.000773461 0.00808735 -0.0175213 -0.00876989 -0.0258916 -0.0281602 0.0204591 0.0417692 0.000813569 0.0422516 0.000147661 0.0130125 0.0163654 0.00890644 -0.0304156 0.0188359 0.0230964 -0.0102451 -0.0185369 0.0122661 -0.031904 -0.00113537 0.0418794 0.0476105 -0.0256 0.00113106 0.0257609
internal_weight=81415.5 73981.2 52332.9 21648.3 51594.9 4001.06 47593.8 2807.4 44786.4 889.495 43896.9 22528.5 21420.7 13329.9 8090.77 12590.4 10925.6 9621.1 1506.27 8114.83 6205.02 1304.54 6002.21 21368.4 4975.03 16393.4 1885.75 15877.9 10030.3 5847.6 7652.94 2265.07 8848 7630.45 3106.36 4524.09 4017.61 1358.34 2288.64 1445.12 957.088 843.521 4242.11 536.621 3554.37 497.846 5749.48 5403.37 4181.05 842.927 3338.12 3202.54 737.721 2377.33 715.252 1662.08 709.64 1222.32 1664.77 153.895 1605.5 1307.99
internal_count=702325 692386 656308 36078 489269 22999 466270 18753 447517 14992 432525 260212 258735 178240 80495 137586 133678 127491 21737 105754 40131 6187 37086 172313 10863 161450 40364 137982 101508 36474 56922 45284 24519 23517 6976 16541 13348 7220 53511 50833 25121 2678 19174 4403 9976 7867 32053 28451 25376 8345 17031 15486 5623 44586 4204 40382 10965 3075 3908 2682 17300 20163
cat_boundaries=0 4 8 12 16 19 23 27 31 35 39 43 46 49 53 56 60 64 68 71 72 76 79 83
cat_threshold=2107460 3089269665 754220 208 1880686752 1100611596 2025848896 398 4072870529 8393814 885021008 2 537068688 83895308 138412352 2 131072 25165824 268435520 1192001793 55926800 1671700817 513 2282881026 4160 7168 32 672338594 8389636 268442626 300 65552 0 2415919104 2 545260176 76021762 72368128 270 4265136 524302 67125248 256 100663296 50348032 1073750272 262144 1048576 50593809 84410624 65552 10494208 1 1158152448 33628176 10494208 2281734163 37825536 262273 512 75514880 16400 34620178 528 184586496 105189440 67108864 33 640 0 536870976 671088768 671092864 0 268436482 256 83886080 0 256 196640 8389636 2048 8
is_linear=0
shrinkage=0.05


Tree=46
num_leaves=63
num_cat=22
split_feature=14 0 35 0 30 0 43 43 48 0 0 48 0 0 17 0 6 43 0 44 0 0 48 43 0 28 0 0 44 30 48 28 0 0 43 48 0 32 42 43 48 34 26 43 0 0 44 42 44 44 43 48 32 44 0 43 0 35 0 18 44 42
split_gain=1289.66 975.267 901.909 607.731 524.679 688.836 480.363 459.936 614.379 1081.56 724.131 446.366 1430.19 593.041 577.901 635.355 445.009 417.733 1874.94 747.637 727.301 715.027 706.951 686.459 535.213 532.48 1098.31 532.176 542.268 503.713 541.124 429.304 1367.2 922.028 477.859 446.66 440.415 413.112 411.507 505.893 391.527 370.359 361.124 356.853 1298.7 680.069 498.967 401.497 661.985 394.692 958.974 364.492 358.54 343.201 1001.58 811.719 378.805 464.913 323.114 389.851 854.497 317.311
threshold=8.2500000000000018 0 6.8500001430511483 1 0.39154075086116796 2 0.9937499761581422 -0.99904707074165333 0.17354981601238254 3 4 -0.98941165208816517 5 6 21.062500000000004 7 2.2500000000000004 -0.9769422411918639 8 0.14037931710481646 9 10 0.41380959749221807 -0.86546283960342396 11 0.017647059634327892 12 13 -0.73865258693695057 0.2255777791142464 0.268782988190651 0.017647059634327892 14 15 0.96234640479087841 -0.96681490540504444 16 0.05172413773834706 -0.52778512239456166 0.022575936280190948 -0.9993687868118285 0.75000000000000011 0.059083651751279838 0.056951373815536506 17 18 0.59696555137634288 0.41248606145381933 -0.94137725234031666 -0.40613879263401026 -0.50556187331676472 -0.72717297077178944 0.05172413773834706 -0.77243989706039418 19 -0.39826117455959315 20 1.0000000180025095e-35 21 1.1458333134651186 -0.074115883558988557 0.88144907355308544
decision_type=10 9 2 9 2 9 2 2 2 9 9 2 9 9 8 9 10 2 9 2 9 9 2 2 9 2 9 9 2 2 2 2 9 9 2 2 9 2 2 2 2 2 8 2 9 9 2 2 2 2 2 2 2 2 9 2 9 2 9 10 2 2
left_child=1 -1 4 -4 6 -6 11 -5 9 41 -10 12 -3 -13 16 -16 17 18 -15 25 -21 22 27 -24 -25 26 -20 28 -19 58 -31 33 36 38 35 -35 37 -33 -23 -40 -11 -9 43 44 46 52 49 -47 -49 50 61 -52 -45 54 -37 -56 57 -55 -27 -60 -61 -34
right_child=-2 2 3 7 5 -7 -8 8 10 40 -12 13 -14 14 15 -17 -18 21 19 20 -22 31 23 24 -26 29 -28 -29 -30 30 -32 32 42 34 -36 53 -38 -39 39 -41 -42 -43 -44 45 -46 47 -48 48 -50 -51 51 -53 -54 56 55 -57 -58 -59 59 60 -62 -63
leaf_value=-0.049344550147102414 0.041474196749460866 0.042745576033169697 0.033023773208815346 0.045002616440958834 0.010971825470154609 -0.055283886939691565 -0.057826389346721831 -0.054345606065621416 -0.069865741634600173 0.038939201180935648 0.029591034999210453 -0.0088528646279162453 -0.05110224452170703 -0.053549323545373409 0.027489431658119852 -0.083561690142632872 0.042852096584631461 -0.056295449745844217 0.03246500606204502 0.051619422205341436 -0.0863580286399213 -0.053161787018352002 -0.073874548851847174 -0.053154678564612624 0.028033843925266234 0.054941180482508317 -0.072487774397619525 -0.047547480467979478 0.013923407412088976 -0.11314884834472948 0.021893685846847588 0.004520045518725725 -0.080049703844007059 -0.058434636598220818 -0.071575153992639806 -0.051400350064464861 -0.053208380815297752 -0.040525348915020902 0.019808679914603791 -0.06939011372096153 -0.068061555427130271 0.017306139500811456 -0.04431984242139296 -0.073138804421031475 -0.040073308492134203 0.039633001592270747 -0.062605023895734621 0.04627423657926328 -0.065425316206500717 0.043864885812734955 -0.082517240530075073 0.037799536143800709 0.010461290729305225 -0.059310619071040099 -0.080649169149924455 0.031166163294965674 0.039180217096624788 0.022227552801980438 0.045343241100957776 0.032077467859698811 -0.085276509304768572 0.021474448810510086
leaf_weight=535.57003938464914 5985.7924155064393 3435.2215660647489 13350.499097298831 1151.2119709029794 1074.0362501463387 606.6941558746621 224.24330689921044 195.85526112047955 184.1369636785239 97.107262316159904 3603.1101671461947 2640.2042962961132 453.12317915144376 691.08056990779005 219.92227882752195 294.22585998754948 1508.3567573041655 359.76485481788404 993.34973729634658 146.25773371756077 244.19860633835196 480.60453443485312 205.8956933983136 214.01108866324648 2315.32534495648 3461.2631217227317 321.80917424336076 1159.0637450357899 1166.1915026949719 101.64478572970256 274.55423777643591 1700.7738116839901 317.18476209882647 149.66293801693246 123.10184412542731 471.99466959806159 725.87577244942077 726.36417954182252 836.00965762371197 196.27738261269405 714.7778533466626 2277.6724828232545 224.66787404823117 226.86658375989646 1016.5147981012706 4278.9302500868216 160.53364331135526 281.20530017255805 251.07365516712889 1802.8407010098454 66.34871998662129 1227.7532505069394 295.04941286309622 201.81633109529503 170.71137702441774 3297.6867145712022 6852.5299156068359 1306.8750823293813 1564.2652344112284 625.58547891816124 206.25733870500699 101.62200292968191
leaf_count=147939 6865 9528 12856 768 4638 10030 18481 903 1317 118 5572 90555 13262 6839 350 3686 1628 5333 1452 108 2260 7066 4046 11604 25075 3425 3263 45270 15157 726 717 14013 3241 2566 4430 6963 30052 15044 7067 7030 4457 3922 3890 4718 19127 21539 7365 1050 10838 4591 743 3241 3378 10834 1809 8019 32216 5068 1523 835 1248 671
internal_value=0.0191498 0.0173466 0.0178364 0.0264332 0.0142728 -0.0132082 0.0151908 0.015675 0.0109235 -0.00489855 0.0246491 0.0155177 0.0317877 0.0141484 0.0155409 -0.0371511 0.0161738 0.0152051 0.0249964 0.0318609 -0.0355639 0.0126376 -0.00396513 0.0139184 0.021065 0.0353906 0.00647956 -0.0221979 -0.0026145 0.0414903 -0.0145933 0.0159067 0.0095069 0.0220073 0.0264321 0.0274223 -0.0192548 -0.00892382 -0.0148463 0.00284857 -0.0545911 0.0115859 0.0183547 0.0197775 0.00972142 0.0286261 0.023535 0.034467 -0.00641395 0.0275352 0.0103481 0.0316309 -0.0253915 0.0284668 0.0163014 0.0255889 0.0342001 0.0112457 0.0450923 0.0305087 0.00297928 -0.0554152
internal_weight=80093.2 74107.4 73571.8 21574.4 51997.4 1680.73 50316.7 8223.87 7072.66 3285.41 3787.25 50092.4 3888.34 46204.1 43563.9 514.148 43049.8 41541.4 8630.27 7939.19 390.456 32911.1 5420.25 2735.23 2529.34 7548.73 1315.16 2685.02 1525.96 6233.57 376.199 27490.9 13403.6 14087.3 12574.4 12451.3 3153.01 2427.14 1512.89 1032.29 811.885 2473.53 10250.6 10025.9 4692.8 5333.13 3676.28 4811.21 532.279 3515.75 1712.91 1294.1 521.916 12301.6 3940.39 3468.4 8361.22 1508.69 5857.37 2396.11 831.843 418.807
internal_count=702325 695460 547521 29913 517608 14668 502940 17057 16289 9400 6889 484459 22790 461669 371114 4036 367078 365450 22396 15557 2368 343054 106485 40725 36679 13189 4715 65760 20490 8474 1443 236569 143501 93068 71905 67475 59109 29057 21163 14097 4575 4825 84392 80502 38979 41523 19852 33427 11888 12487 7896 3984 8096 64909 16791 9828 48118 15902 7031 3606 2083 3912
cat_boundaries=0 4 8 12 16 20 24 28 31 35 38 42 45 49 53 57 60 64 68 72 76 80 84
cat_threshold=2107460 3089138593 753708 64 1880687008 1100873740 2025848896 414 34702465 92282884 947917248 402 2164429330 33635394 87039104 32 2147516432 33631232 128 512 4072870529 5206 885021008 34 2421161992 1073879112 17024 400 65536 84418564 64 243275266 121651200 67124480 32 16777216 0 64 802944 69009410 2209611795 9 278528 1114112 2164523009 753664 8388608 2961178688 6 16512 65536 8388609 8 1082299650 8406032 268443904 546 134218273 20971520 1145049088 1082262530 8388608 268435712 2 50332161 54525952 1677725760 4 16777216 4194304 67108928 4 100762624 8397840 402661376 544 16908546 33570820 536873984 4 540928 1376258 603193427 521
is_linear=0
shrinkage=0.05


Tree=47
num_leaves=63
num_cat=22
split_feature=1 35 0 0 43 48 0 0 48 0 48 48 44 43 0 0 43 0 0 43 48 7 48 26 35 11 43 43 0 28 0 41 48 0 28 0 28 0 43 0 48 43 0 0 18 18 7 28 0 44 44 18 0 0 0 32 26 48 0 44 48 48
split_gain=1244.21 1048.94 1059.86 616.408 534.161 509.176 1370.03 409.323 457.309 1023.73 562.952 615.369 576.414 472.039 755.073 658.276 594.217 1403.38 941.992 625.384 726.166 507.792 418.172 396.142 393.274 392.014 378.493 600.827 1122.34 528.837 527.528 374.296 371.3 400.383 362.885 726.115 456.826 1298.46 422.737 417.337 458.07 356.423 950.324 646.885 474.532 378.073 368.938 352.861 818.104 335.642 637.268 615.533 796.402 595.609 499.369 473.806 445.19 437.545 484.528 427.373 344.432 757.307
threshold=1.5500000119209292 6.8500001430511483 0 1 0.70900115370750438 -0.98941165208816517 2 3 -0.94929715991020192 4 -0.93347823619842518 -0.89186012744903553 -0.42958799004554743 0.92273071408271801 5 6 1.0000000180025095e-35 7 8 0.84773966670036327 0.037798205390572555 0.15000000223517421 -0.79120641946792591 -0.05599603243172168 0.94999998807907116 13.375000000000002 -0.99904707074165333 -0.50556187331676472 9 0.045542273670434959 10 0.68322628736495983 -0.68314909934997547 11 0.049337463453412063 12 0.0098039219155907648 13 -0.68430826067924488 14 -0.76865410804748524 -0.97312742471694935 15 16 1.1458333134651186 58.645833969116218 12.750000000000002 0.040600210428237922 17 -0.89404255151748646 -0.85225707292556752 0.11250000074505807 18 19 20 1.0000000180025095e-35 -0.041693231090903275 0.55574825406074535 21 -0.99983122944831837 0.83186858892440807 0.45945061743259435
decision_type=10 2 9 9 2 2 9 9 2 9 2 2 2 2 9 9 2 9 9 2 2 2 2 10 2 2 2 2 9 2 9 2 2 9 2 9 2 9 2 9 2 2 9 9 10 8 2 2 9 2 2 10 9 9 9 2 10 2 9 2 2 2
left_child=1 2 -1 -3 26 6 31 25 9 -9 12 -12 -10 15 -15 -13 17 32 19 20 -18 -22 -20 24 -19 -7 -5 28 29 -28 -29 -4 33 -17 36 -36 37 38 -25 40 -38 42 44 -43 -27 46 49 48 -44 54 -51 52 57 -53 56 -55 -45 58 -52 -58 61 -56
right_child=-2 3 5 4 -6 7 -8 8 10 -11 11 13 -14 14 -16 16 18 23 22 -21 21 -23 -24 34 -26 41 27 30 -30 -31 -32 -33 -34 -35 35 -37 39 -39 -40 -41 -42 43 47 45 -46 -47 -48 -49 -50 50 51 53 -54 55 60 -57 59 -59 -60 -61 -62 -63
leaf_value=-0.045811666595699338 0.048960273227487236 0.03271425966374563 0.04630527678351995 0.04372517971848363 -0.060176464978303673 -0.058720656850138497 -0.049475808856922293 0.034968126830158597 -0.073540299882751806 -0.068711381208525546 -0.048702599429015753 -0.03012647102888228 0.05633037447224655 0.051411482510543866 -0.058759460789088884 0.03330785236423512 -0.0694096756673801 0.010122327013308119 -0.067610703937927827 0.036023285820333088 -0.020096441974366917 0.043188985395546775 0.035798562239233576 0.032788375146478525 -0.07493795002388709 0.0074736044844871596 0.019028115889162932 -0.077889205514718923 -0.053044223130095658 -0.066110418233924481 0.032543734043363144 -0.014055427529735634 -0.044301919652394321 -0.068812069520066035 0.055480379346613255 -0.061326767716732955 0.048487229117302112 -0.053356043795642766 -0.075160931297765993 0.028703824686387842 -0.013028297325590871 -0.035450372022827435 0.031339829652587463 0.028514896999908352 -0.089319867946345277 -0.08978991292158077 0.047096421592605103 0.049003023471770886 -0.080439816547171139 -0.067566682377732043 0.0074708950266999781 -0.059151701199833068 -0.040819800369671089 -0.039643863188008742 0.028756909541170383 0.02821072912780255 0.034334899211433088 0.029531461436891938 -0.060952437169115553 -0.072460182900940986 0.050680938666597376 -0.078753283537905838
leaf_weight=737.41699531476479 3213.2382899704389 13961.372067156248 3323.2525968912523 1196.93911973387 226.16285207681358 166.24773251311854 460.07315143430606 404.79470052593388 93.527629583142698 555.38378440984525 465.61559719103388 940.74895853269845 987.82376920082606 206.33934141113423 560.99898239923641 350.37222409946844 493.10063104657456 297.02717514196411 99.45862211403437 778.63313290220685 952.117950724205 475.15469266125001 5735.7362193774898 1354.845336106373 250.4829105255194 291.27711358829401 2880.3573813429102 103.36051293415949 784.63989064493217 194.72407707991078 3212.2824254536536 278.3411253078375 1557.9170475152787 120.96642060042359 189.90322648989968 394.89902923488989 390.92901372886263 805.62643772480078 97.198693775339052 6192.6575823416933 1339.7059756747913 607.1121502823662 1645.7607643110678 423.06141008692794 224.00016989931464 82.806044108932838 977.82295739185065 2680.2770334284287 172.46550630661659 257.2653565115761 1006.7232738775201 209.39010038622655 1033.8495538767893 269.7177489544265 2467.5444091588724 5572.4812829967123 130.33584990701638 1442.0127377451863 337.82309995847754 333.08724233345129 1659.9844720438123 175.44593140063807
leaf_count=168623 2326 13403 7516 1035 2619 588 13179 1475 1709 16235 10329 35915 3303 1467 33798 1101 15086 4082 3258 6025 19386 1000 44953 3578 2054 1521 4288 764 8566 1071 6075 2593 28696 3335 582 8493 1151 15180 2211 31437 12285 25375 2380 1543 2191 586 558 2984 2108 3749 11324 5223 35324 2212 7057 19196 262 12963 14562 6484 2152 1801
internal_value=0.0184878 0.0171929 0.0133529 0.026224 0.0156295 0.0141928 0.0311977 0.0127645 0.00850889 -0.0253533 0.00980601 0.00821923 0.0450977 0.00934299 -0.02923 0.0106402 0.0124013 0.00581658 0.0227106 -0.00176809 -0.0171002 0.00097197 0.0339778 0.012685 -0.0287923 0.017762 0.0176959 0.0133539 -5.61107e-05 0.0135927 0.0289644 0.0415251 -0.0323783 0.00634608 0.0148062 -0.0234959 0.0170063 -0.00283521 0.0253875 0.0226599 0.000862316 0.018348 0.0300621 0.0148904 -0.0339455 0.0167678 0.0173195 0.0373861 0.0204671 0.0154188 0.0101213 0.0121459 -0.00356763 0.0220659 0.0257589 0.0250352 -0.00847415 0.0103627 -0.0101185 -0.0424245 0.032755 0.0216202
internal_weight=78830.6 75617.4 53057.5 22559.8 8598.47 52320.1 4061.67 48258.5 26092 960.178 25131.8 24050.4 1081.35 23584.8 767.338 22817.5 21876.7 13342.5 8534.2 2699.01 1920.37 1427.27 5835.19 11313.3 547.51 22166.5 8372.3 7175.36 3859.72 3075.08 3315.64 3601.59 2029.26 471.339 10765.8 584.802 10181 2257.67 1452.04 7923.29 1730.63 22000.2 5013.78 16986.5 515.277 16379.4 16296.5 4498.5 1818.23 15318.7 10129.3 9872 3820.41 6051.59 5189.46 5842.2 886.485 2786.56 1344.55 463.423 4302.97 2642.99
internal_count=702325 699999 662178 37821 24418 493555 23288 470267 308124 17710 290414 285402 5012 275073 35265 239808 203893 114185 89708 41497 35472 20386 48211 81053 6136 162143 21799 20764 13925 5359 6839 10109 33132 4436 74917 9075 65842 20969 5789 44873 13436 161555 11184 150371 3712 124996 124410 7472 4488 123852 104553 100804 74173 26631 19299 21408 8289 38849 25886 6746 11010 8858
cat_boundaries=0 4 8 12 16 19 22 25 28 32 36 40 41 45 49 52 55 58 61 64 67 71 74
cat_threshold=3156036 3089269665 753708 208 1885143200 1100873740 2025848896 414 4072870529 8393814 885021008 2 1712063505 51666948 597958993 512 147456 8388608 268435456 0 67108864 16384 2147500040 1140854848 134234112 415269408 16 7170 4226 4197378 3560964736 47 58900752 37825538 85991040 33 16384 37814272 2097664 512 268468736 0 0 1073741824 4 16842880 65536 2415919616 2 16842752 8454144 3490710016 637535232 50348032 8448 262144 1048576 50593809 1074266113 4 545521728 637534225 17047556 8256 67108864 262144 2105344 570950672 262148 8192 512 100663297 16777216 64
is_linear=0
shrinkage=0.05


Tree=48
num_leaves=63
num_cat=22
split_feature=14 35 0 0 43 43 43 4 17 0 44 0 0 44 0 48 43 0 48 0 0 0 42 0 28 0 18 0 44 0 42 28 18 43 7 42 48 18 48 0 43 43 0 26 0 41 48 26 6 48 0 41 0 0 43 41 48 46 43 0 0 24
split_gain=1193.84 890.845 1015.99 537.419 489.889 529.94 447.128 447.059 391.766 1554.91 575.441 1855.31 965.033 831.921 3120.64 761.147 1112.98 1080.2 942.938 1255.79 883.118 670.736 590.582 1475.63 590.278 931.126 573.096 792.229 754.579 569.158 505.695 529.182 493.379 423.609 408.987 396.628 395.848 523.749 386.613 1250.19 376.367 374.87 367.311 354.555 430.797 423.871 413.111 342.842 364.403 338.089 636.443 573.236 642.644 425.026 324.197 308.29 828.81 299.962 294.52 703.17 294.053 284.796
threshold=11.250000000000002 7.2500000000000009 0 1 -0.99904707074165333 -0.99549928307533253 0.9937499761581422 0.25000000745058065 5.0625000000000009 2 -0.52034142613410939 3 4 0.054805127903819091 5 0.83896556496620189 0.43733377754688268 6 0.33554300665855413 7 8 9 -0.032701563090086067 10 0.048057714477181442 11 25.274999618530277 12 -0.99983122944831837 13 -0.16280825436115262 0.0098039219155907648 14.050000190734865 -0.98930078744888295 4.1499998569488534 -0.41248606145381922 -0.78394964337348927 0.14583333581686023 0.82475927472114574 14 -0.99166062474250782 -0.75579217076301564 15 -0.046924654394388192 16 -0.22695468366146085 -0.56416276097297657 -0.046924654394388192 5.7500000000000009 0.85203769803047191 17 -0.22695468366146085 18 19 -0.74441730976104725 -0.47114434838294977 -0.94549325108528126 -0.087075948715209947 -0.39826117455959315 20 21 0.019334715791046623
decision_type=10 2 9 9 2 2 2 10 8 9 2 9 9 2 9 2 2 9 2 9 9 9 2 9 2 9 10 9 2 9 2 2 10 2 2 2 2 10 2 9 2 2 9 10 9 2 2 10 10 2 9 2 9 9 2 2 2 2 2 9 9 10
left_child=1 2 -1 55 -5 -6 7 8 10 33 11 43 -12 21 22 17 20 35 26 -20 -17 30 29 -24 38 -26 27 28 -19 -15 34 60 40 -10 -14 -13 37 -29 -23 -40 -31 -30 -39 45 -45 46 -4 -43 -49 51 -51 53 -53 -7 61 -3 -57 -37 59 -38 -32 -22
right_child=-2 3 6 4 5 49 -8 -9 9 -11 12 15 13 14 -16 16 -18 18 19 -21 54 24 23 -25 25 -27 -28 36 41 32 31 -33 -34 -35 -36 57 58 42 39 -41 -42 47 -44 44 -46 -47 -48 48 -50 50 -52 52 -54 -55 -56 56 -58 -59 -60 -61 -62 -63
leaf_value=-0.044121880854183677 0.041745489766089244 0.038895350417646059 -0.071119260667041204 0.044920401393483161 -0.069788869269788362 -0.036336558477966227 -0.058360133727029639 0.05192430285825355 -0.076454317784982934 -0.041968964426499666 -0.04693879207370813 -0.06735832901859394 0.022295722221722054 0.0091171268995377062 -0.050075617675448464 -0.055877190723157048 -0.072349018440617516 0.051595370305922275 0.018235233942272687 -0.07375075168030544 -0.080173482758758033 0.038016780908533165 0.030913154940478957 -0.047711563267517638 0.02960075396653146 -0.070400906988421538 0.049625281012752272 -0.067743719397428556 0.02382162026319512 -0.082681227213803291 0.043398397684390744 -0.053289680121571197 -0.083436639811956079 0.030392030062112958 -0.11258533462535306 0.0097863581539275671 0.036019669786676499 0.028171616724334259 0.036128912031769864 -0.076138732555077318 0.044914087817534226 -0.00079799260730080619 -0.06220971292268173 -0.015635602941415739 -0.058965179618222043 -0.067233807565718062 0.03569060367705857 -0.073542326300225433 0.062075510531463832 0.044131255830052174 -0.048355855477028767 0.010244298138435809 -0.060560955768273118 0.023067685518650047 0.047310167257518194 -0.087400834822879248 0.026394428554173843 -0.053501358944522542 0.036236290782326951 -0.069391117132090493 -0.044253905048785812 0.052942527030779479
leaf_weight=761.9389726818772 4896.2978258586954 6661.0067209755071 107.63039004220627 1092.6435727672651 208.63195525482297 332.67424735566601 214.37023662636057 765.63168294727802 97.353491630172357 1460.6010405740235 535.26290403702296 534.82602532184683 2685.5650725529995 2226.8464854198974 1823.9393864118028 227.0092663965188 238.79894732823595 326.68618106772192 828.60378419863991 659.40723686176352 95.739066429669037 11462.321747640148 1561.1049856261816 952.26545350346714 673.42245132499374 343.10214959201403 1388.8107395051047 243.20761543954723 233.843956398312 58.638348390348256 325.4281115331687 578.24878980685025 78.550081252120435 1968.310318820877 57.402787783183157 541.14969024132006 460.13243554695509 755.50526849436574 1041.9120884663425 314.71740717464127 4013.2252865543123 299.04978070571087 122.51970784529112 1197.8672598332632 1136.3180684591644 181.96823946479708 569.72586645768024 705.05335256108083 53.2750288490206 1320.8353685224429 209.32456455891952 664.69010330899619 608.64068927359767 2576.7681905096397 3748.4591804135125 164.49742871616036 5865.2293419623747 286.27003418281674 3621.398363663815 228.45398607547395 125.63376764557324 69.238957518711686
leaf_count=175858 5245 5168 1940 884 1296 1354 17710 492 607 14859 37438 7303 9282 20114 98910 3425 5337 239 3052 10642 1101 24212 16214 35118 2603 10661 2010 4583 923 399 476 9473 823 5041 355 5903 922 1673 1554 4375 27943 1658 2468 8692 39865 3859 2850 10091 15 1084 2356 1770 6045 6473 6715 691 6564 6584 11205 4152 1555 116
internal_value=0.0178479 0.0162382 0.0128627 0.0253148 0.0141387 0.00848273 0.0137 0.0139996 0.013433 -0.00264919 0.0146214 0.00782975 0.0190603 0.020317 0.00933894 0.0149074 0.0326106 0.0080527 0.0137828 -0.0229011 0.0386641 0.0270089 0.0215601 0.001057 0.032098 -0.00455364 0.0202683 0.0144844 -0.0161906 0.0296745 0.00823681 -0.0216261 0.0405845 0.0252343 0.019473 -0.0335544 0.0236085 -0.00281323 0.0350295 0.00978961 0.0430766 -0.0334662 0.0151721 -0.0268561 -0.0370487 0.000517673 0.0187188 -0.0461356 -0.0640147 0.0113411 0.0314515 0.0039843 -0.0239951 0.0162296 0.0441781 0.031456 0.02329 -0.0121099 0.0305369 0.00056264 0.0189657 -0.0243066
internal_weight=77588 72691.7 52986.7 19704.9 7014.21 5921.57 52224.8 52010.4 51244.8 3526.26 47718.5 18860.9 28857.6 28322.3 10714.6 15667.4 4379.25 11288.2 9925.95 1488.01 4140.45 17607.8 8890.63 2513.37 13835.5 1016.52 8437.94 7049.13 1617.91 6377.26 3772.28 1029.31 4150.41 2065.66 2742.97 1362.25 5431.22 1121.23 12819 1356.63 4071.86 1291.22 878.025 3193.51 2334.19 859.324 677.356 1057.38 758.328 5712.93 1530.16 4182.77 1273.33 2909.44 3913.44 12690.7 6029.73 827.42 4309.98 688.586 451.062 164.978
internal_count=702325 697080 663395 33685 21262 20378 487537 469827 469335 20507 448828 147323 301505 264067 199521 90117 16694 73423 53633 13694 11357 64546 100611 51332 43405 13264 39939 37929 12926 49279 21141 11504 29165 5648 9637 19790 25003 8724 30141 5929 28342 12687 4141 57206 48557 8649 4790 11764 10106 19082 3440 15642 7815 7827 7932 12423 7255 12487 16279 5074 2031 1217
cat_boundaries=0 4 8 12 16 20 24 28 31 34 38 42 46 49 53 57 60 64 67 70 74 78 79
cat_threshold=2107468 3089269665 754348 208 1880817824 1100611596 2025852992 446 571146384 83891276 138432832 2 2148287504 1155274840 2404655104 527 135266306 20544 1073746944 32 663437841 31268880 873472064 271 71303424 24576 1352663058 256 671088769 65536 536871168 169050144 50398212 2049 638288688 21561360 67133440 257 612499968 0 603988032 256 262145 67108864 943718464 4 2013270145 66562 256 197121 8192 872423488 268 285212801 67108864 545259840 4 197120 16777220 536887360 262160 8388608 184549376 6 88086272 262160 68177170 142643457 105201664 67109376 209720576 33554448 274 512 131072 0 536870976 32 33653248
is_linear=0
shrinkage=0.05


Tree=49
num_leaves=63
num_cat=22
split_feature=1 35 0 0 48 0 48 43 43 41 0 44 0 43 0 21 0 0 32 48 0 35 48 18 48 0 48 0 10 43 0 20 0 43 0 41 0 43 44 44 26 48 18 0 0 43 0 7 11 19 27 26 32 0 48 43 48 0 48 44 0 0
split_gain=1161.6 919.743 1040.91 727.223 629.659 1069.9 494.816 1143.13 712.408 896.137 754.717 640.287 571.757 397.281 689.056 485.236 806.724 443.172 412.092 365.244 667.124 363.366 542.665 448.668 358.434 893.979 354.007 757.251 434.979 340.461 356.062 320.251 368.744 329.88 1500.56 676.883 607.739 635.622 491.831 468.628 442.451 414.215 373.836 709.837 607.134 440.148 638.872 463.007 433.193 426.008 357.744 348.88 347.621 340.08 314.764 357.479 311.795 1206.4 635.723 511.383 451.568 434.789
threshold=1.5500000119209292 5.2500000000000009 0 1 -0.98941165208816517 2 0.85203769803047191 -0.50556187331676472 -0.99904707074165333 -0.41248606145381922 3 -0.73865258693695057 4 0.95502296090126049 5 -0.14583333581686017 6 7 0.05172413773834706 -0.97283557057380665 8 9.7500000000000018 -0.7519201636314391 11.275000095367433 -0.97548767924308766 9 0.4246301949024201 10 31.708333015441898 0.67802080512046825 11 0.64583334326744091 12 0.82899317145347606 13 -0.35206145048141474 14 0.71503382921218883 -0.99983122944831837 -0.99273797869682301 0.018466154113411907 0.98740908503532421 3.3541666269302373 15 16 -0.86546283960342396 17 5.4500000476837167 160.62500000000003 3.5000000000000004 0.18596427887678149 -0.062349388375878327 1.0000000180025095e-35 18 0.63356903195381176 -0.75579217076301564 -0.13814540207386014 19 0.54545724391937267 0.71952396631240856 20 21
decision_type=10 2 9 9 2 9 2 2 2 2 9 2 9 2 9 10 9 9 2 2 9 2 2 10 2 9 2 9 2 2 9 10 9 2 9 2 9 2 2 2 10 2 10 9 9 2 9 2 2 2 2 10 2 9 2 2 2 9 2 2 9 9
left_child=1 2 -1 24 5 -4 8 -8 -5 12 -11 -12 -10 15 18 16 -6 -17 -15 20 -19 22 -13 -23 25 -3 -26 28 -28 30 -14 33 -33 36 35 -35 37 38 -21 50 56 42 43 -41 52 46 -46 -47 -45 -49 -40 -50 -44 54 55 -42 59 -58 60 61 -59 -38
right_child=-2 3 4 6 13 -7 7 -9 9 10 11 21 29 14 -16 17 -18 19 -20 31 -22 23 -24 -25 26 -27 27 -29 -30 -31 -32 32 -34 34 -36 -37 40 -39 39 41 53 -43 44 48 45 47 -48 49 51 -51 -52 -53 -54 -55 -56 -57 57 58 -60 -61 -62 -63
leaf_value=-0.040672973790812007 0.047634078103989279 0.023489238570607279 0.041965409321367768 0.041489224467249203 0.011235447279237226 -0.045740160349373338 -0.055323936008304535 0.042649834714381746 0.026427700937135052 -0.063630638974532014 -0.080072859166661237 -0.073884450226187962 -0.089633432049901429 -0.074247296494514989 -0.054345750089991464 -0.042314340609637402 -0.049040435264507722 0.031720575896572546 0.063745072418883553 0.043876251729064841 -0.071892974711069854 -0.094947889057285656 0.027514337729626571 0.0082863392587933637 0.03498634076616957 -0.12549624071675181 0.031963320844976315 0.026342734107870382 -0.067072772009924841 0.03542544607543676 -0.01232088576089552 -0.038831064764218548 0.033900114489528024 -0.032829057404566438 -0.050875237212957995 0.046250885990629827 0.015344752329498838 -0.057283193794350019 -0.063096702539429075 -0.034192377880555534 0.020880754913624629 -0.047613721638649298 0.035705748398954441 -0.051828648929792956 -0.045454855773507524 0.040942607444652342 0.024347136442497412 -0.090924066651212374 -0.064407431916735772 0.071743929639156184 0.039488271748082115 0.011989443912096923 -0.044916984002588992 -0.019785263884529725 0.034671374832438144 -0.038590967872447327 -0.032079446330049687 0.018902992819477722 0.035770972241845229 -0.053267077539674551 -0.043172933346397213 0.044000444793772638
leaf_weight=925.17969848308712 3020.7453004731797 448.57882535643876 3231.0633462576661 1248.433460121043 1566.9531792527996 382.97026263852604 337.99847140372731 2498.7017546686111 3028.4981656866148 751.91930076293647 252.96265521203168 147.2539569165092 194.37487988686189 67.781251665670425 576.90853172389325 349.24144532484934 847.99005719041452 280.85227783117443 268.11093813576736 784.61381465545855 328.61426374246366 182.62457278929651 1269.5205990396207 248.41172404261306 12573.346380818635 119.14692560723051 157.3150166971609 3570.4812691877596 375.55193017655984 238.59835055319127 589.75314564979635 179.11649655504152 2899.2165498498362 297.28112863609567 531.77535544941202 3014.4982641777024 2169.7811440743972 416.22233876539394 428.27987939189188 1288.2749840160832 577.02165004145354 362.29674325254746 176.41231870069169 299.95259320759214 471.81704920995981 2669.2882288184483 1015.704474307131 129.30776002723724 153.71063228044659 58.438698530197144 106.02442726283334 5377.8167477287352 552.21146750287153 1177.0743939282838 959.47387490654364 449.52939919708297 1124.7508225569036 716.26818970078602 3615.2704757626634 176.21386720915325 481.60879347252194 3539.793304607505
leaf_count=190647 2326 517 9916 1191 5843 11503 3312 3040 3955 4575 3451 1779 1188 1730 40461 22310 12251 778 859 970 9439 2260 3782 990 11496 703 156 3851 1756 835 5025 1065 4791 5290 23363 8908 13410 10251 4870 39699 2246 6830 569 2069 2449 8096 2846 686 2514 12 299 49169 5524 26669 5376 9560 29163 5923 22636 15954 10787 18406
internal_value=0.0172486 0.0159957 0.0115592 0.0230705 0.0126614 0.032661 0.0129778 0.0309761 0.00673097 0.000445639 -0.0210215 -0.00544189 0.0155619 0.0108792 -0.0217329 0.0116315 -0.0100865 0.0130429 0.0348611 0.013576 -0.0248053 0.00474553 0.0169753 -0.0354527 0.0294776 -0.00957467 0.0308247 0.0180727 -0.037138 -0.016709 -0.0327859 0.0142259 0.0296521 0.0127922 0.0265642 0.0390344 0.0109842 0.00359618 0.00542515 0.00312031 0.0180145 0.00507197 0.00663745 -0.00075288 0.0170091 0.0240656 0.00206521 0.0356044 0.00668166 -0.0402914 -0.0427403 0.00986652 -0.025053 0.00141651 0.0140114 -0.00516207 0.02247 0.0143862 0.0252586 0.0306253 -0.00625736 0.0332145
internal_weight=76278.9 73258.2 45024.7 28233.5 44099.5 3614.03 10989.1 2836.7 8152.35 6903.92 2852.69 2100.77 4051.22 40485.5 912.801 39572.7 2414.94 37157.8 335.892 36808.5 609.467 1847.81 1416.77 431.036 17244.4 567.726 16676.7 4103.35 532.867 1022.73 784.128 36199 3078.33 33120.7 3843.55 3311.78 29277.2 14290.4 13874.1 13089.5 14986.8 12555.2 12192.9 7119.75 5073.18 4344.56 1487.52 2857.03 5831.48 187.746 534.304 5531.53 728.624 3163.1 1986.02 1026.55 11823.7 5937.9 4813.15 5885.79 1197.88 5709.57
internal_count=702325 699999 646137 53862 455490 21419 35383 6352 29031 27840 16837 12262 11003 434071 43050 391021 18094 372927 2589 350617 10217 8811 5561 3250 18479 1220 17259 5763 1912 7048 6213 340400 5856 334544 37561 14198 296983 136853 126602 125632 160130 120463 113633 93451 20182 14089 5295 8794 53752 698 5169 51683 6093 43851 17182 11806 116279 68509 39346 47770 16710 31816
cat_boundaries=0 4 8 12 16 20 22 26 29 32 36 40 43 46 50 54 57 61 65 69 73 77 80
cat_threshold=137373764 3093466017 753708 720 2015297696 1105076228 834666560 782 4072870529 5206 885021008 34 67159571 3088 167792002 32 54575123 72778 136582272 33 1610612736 83886080 135313 42021892 845415376 6 2147483648 67113024 16384 131072 8388612 268435520 268632064 26476544 549453824 512 135266304 1103110144 64 780 2214597888 33554432 16642 82210 9765888 1074798592 1941983745 8396806 407896384 14 1892111016 1082138638 2555380496 270 281165824 12 2152727312 272630400 1073741826 768 8 545263648 8196 268435456 262 67110145 786448 1621360704 32 50332672 51708928 50601088 32 67665920 0 545259521 1 33043 540688 1688215616
is_linear=0
shrinkage=0.05


Tree=50
num_leaves=63
num_cat=23
split_feature=1 35 0 41 0 43 43 0 43 0 48 43 0 43 0 43 26 42 0 21 35 48 0 0 7 7 23 0 0 0 48 0 0 18 32 42 48 0 0 43 26 48 17 18 32 0 32 0 43 0 34 43 0 43 0 0 43 43 48 48 35 0
split_gain=1151.11 1044.01 953.662 570.205 629.936 622.432 522.432 513.719 485.314 1231.07 478.006 830.184 1137.25 755.112 550.893 451.755 449.476 418.188 478.049 406.802 403.307 412.688 1321.3 513.273 393.14 389.27 369.523 467.131 384.137 353.795 339.74 1111.19 758.546 712.995 675.867 379.616 348.247 1375.78 487.879 458.381 356.31 361.111 339.011 328.509 312.816 311.515 358.777 302.937 301.446 299.551 298.805 286.608 498.761 498.054 505.051 465.69 437.711 401.386 378.165 323.488 277.624 928.896
threshold=1.5500000119209292 2.4500000476837163 0 -0.35206145048141474 1 0.70900115370750438 0.67802080512046825 2 0.14250627160072329 3 0.85849907994270336 -0.94423642754554737 4 -0.93235439062118519 5 -0.99940761923789967 -0.0061523199547082177 -0.88144907355308522 6 -1.5500000119209287 10.650000095367433 -0.12568955123424527 7 8 9.1500000953674334 16.550000190734867 0.081120248883962645 9 10 11 -0.51410380005836476 12 13 1.0500000119209292 0.05172413773834706 0.032701563090086018 0.16098462045192721 14 15 0.57077592611312877 0.00063116615638136875 0.9784563183784486 1.0000000180025095e-35 0.64583334326744091 0.05172413773834706 16 1.0000000180025095e-35 17 -0.99904707074165333 18 0.55000001192092907 1.0000000180025095e-35 19 0.70900115370750438 20 21 0.07411635667085649 -0.94423642754554737 0.28042402863502508 0.64325019717216503 4.6499998569488534 22
decision_type=10 2 9 2 9 2 2 9 2 9 2 2 9 2 9 2 10 2 9 10 2 2 9 9 2 2 10 9 9 9 2 9 9 8 2 2 2 9 9 2 10 2 8 10 2 9 2 9 2 9 2 2 9 2 9 9 2 2 2 2 2 9
left_child=1 2 -1 5 19 6 7 -3 15 -10 11 14 16 -12 43 25 47 -16 -19 -5 21 23 -23 -17 -14 -9 28 -28 51 -15 32 33 -30 34 35 50 37 44 -38 40 42 -42 -40 -6 -33 -34 -47 -13 -20 -41 -32 52 -4 55 -55 -53 -57 58 -54 -60 61 -24
right_child=-2 3 26 4 10 -7 -8 8 9 -11 13 12 24 29 17 20 -18 18 48 -21 -22 22 60 -25 -26 -27 27 -29 30 -31 31 36 45 -35 -36 -37 38 -39 39 49 41 -43 -44 -45 -46 46 -48 -49 -50 -51 -52 53 57 54 -56 56 -58 -59 59 -61 -62 -63
leaf_value=-0.049019694030797194 0.046831186123866088 -0.015257977921179278 0.0041590125611926888 -0.070947433661989162 0.00509424205139944 -0.040804551073118006 0.052279244827796556 -0.1301537781797619 0.030823749399981861 -0.077184530460127229 -0.076402433016619753 0.0016379723418129049 -0.063107954121473339 -0.062171421546344897 0.035480746134154778 -0.011062365276709684 0.017958631761741277 0.018704976461620171 0.013943181665984251 0.023266686678178012 0.039501141116382227 -0.057508006398419881 0.032377333457275996 0.035374833397492457 0.030538932061063465 0.051112362689464667 -0.038144503856093102 0.032625528672246752 -0.048612520322508401 0.037476419939455302 0.030901782829473513 -0.0054412177654256646 0.033943708924546109 -0.068231066555853453 -0.058924435511534284 -0.043743262970333749 0.035454986094663965 -0.0522171217289275 0.0061269095254878414 0.015435136916913381 0.030321106101150713 -0.055965149531460583 -0.058672553323919074 -0.09446135010177982 0.041132494212333899 -0.052602011827938014 0.016693098490543953 -0.063379323207139265 -0.098941769296791104 -0.053568978762931901 -0.064983638324792134 0.034434095600462504 -0.051671203271692868 0.025576454298041465 -0.049589663808853157 0.03895434783846876 -0.041733160692065348 -0.058211935385122586 0.051252704032808738 -0.042115227505393149 0.03085093681707541 -0.086973167392332407
leaf_weight=705.00055031187367 2968.4829735462554 772.09855720144697 1947.9066129871644 115.77659542113543 163.50968450307846 342.63202063483186 1878.955355879385 82.227286188397557 794.18225933611393 382.70545457769185 170.20996222505346 380.13786627911031 1238.2647366370074 85.693859753664583 2084.0666406874079 660.63707469496876 1602.1613742902409 624.19376685936004 87.811059153405949 11041.953666885151 6082.7315052987542 596.92415659269318 530.33412320492789 6053.5541152101941 123.22595890797675 46.292582586407661 249.15259817009792 2625.7698104830924 379.89900033967569 1965.5653593273601 1007.2566204250325 549.99935020750854 3462.6626840741374 663.82420958718285 477.66257218224928 262.83277046051808 2765.2929845741019 892.51669269008562 1336.8987429710105 243.57104806089774 2577.2132823974825 127.24086840939708 237.73437624308281 167.99915307131596 1046.5984852688853 197.32835169020109 3498.4443036331795 335.44984460703563 181.12266438221559 429.07374594581779 88.378849339205772 1666.8090164531022 285.26586643792689 343.63199373241514 610.64331171952654 259.22263281513005 478.03878354898188 812.60554249770939 300.40343625564128 134.21747460053302 2520.5807576496154 223.50599074468482
leaf_count=178157 2317 4980 22714 652 444 3373 1100 617 1168 3360 1747 827 13869 613 3070 1834 5930 888 296 18936 5850 3219 921 9157 181 20 2556 6511 17372 4396 9354 7252 27640 10616 19103 9336 29503 23682 13071 1839 14510 2615 2348 1260 7193 4312 30329 4616 2729 14069 765 20180 5527 6283 38353 2086 21164 44755 1347 2861 3940 2527
internal_value=0.0163179 0.0150599 0.00806933 0.0202457 0.0142872 0.0260336 0.0271439 0.0246245 0.0263316 -0.00469278 0.00458744 -0.00183026 -0.0181733 0.0247959 0.016343 0.0285211 0.00322942 0.0231356 -0.00541205 0.0222691 0.0292411 0.0233454 0.010344 0.0308419 -0.0542338 -0.0648621 0.00942601 0.0264731 0.00761992 0.0331931 0.0110778 0.00609413 0.0194925 -0.023727 -0.0077665 0.0102216 0.0134088 -0.00284048 0.0186674 0.00920216 0.0152522 0.0262615 -0.00365636 -0.0440295 0.0249325 0.0231424 0.0129582 -0.0297033 -0.0598573 -0.0291489 0.0231672 -0.00262854 -0.0126872 0.00778786 -0.0227742 0.0199192 -0.0131844 -0.0339058 -0.00694018 0.0224193 0.0228193 -0.00373312
internal_weight=74966.1 71997.6 30663.1 41334.5 20367.1 20967.4 20624.7 18745.8 17973.7 1176.89 9209.41 6987.94 3679.24 2221.47 3308.7 16796.8 2317.75 2977.19 893.127 11157.7 16668.3 10585.5 3871.35 6714.19 1361.49 128.52 29958.1 2874.92 27083.2 2051.26 20244.4 12706.1 7538.33 2499.96 1836.13 1358.47 10206.1 2489.11 7717.03 4951.73 4279.09 2704.45 1574.63 331.509 1596.6 7158.44 3695.77 715.588 268.934 672.645 1095.64 6838.74 3480.4 3358.35 954.275 2404.07 737.261 1532.49 719.887 434.621 3274.42 753.84
internal_count=702240 699923 597403 102520 60454 42066 38693 37593 32613 4528 40866 34110 25423 6756 8687 28085 11373 6983 3913 19588 27448 21598 10607 10991 14050 637 419246 9067 410179 5009 244909 165256 79653 49174 38558 19455 116082 38127 77955 48452 32544 17125 15419 1704 14445 62281 34641 5443 3025 15908 10119 165270 77204 88066 44636 43430 23250 54490 9735 4208 7388 3448
cat_boundaries=0 4 8 12 15 19 23 27 31 35 39 43 47 50 53 56 59 62 66 69 73 77 81 85
cat_threshold=137627654 2957151137 34308652 720 1812088480 64036882 1938817602 515 2348815616 67129408 2147753985 512 1638929 30 1074814290 49813764 2952823181 72056864 108 1081602 2056 21888 176 62980112 0 6553616 256 1075609650 1134504960 1225786498 6 33702016 12591122 19940096 32 8471840 1150636032 2215649283 256 3494094056 203432014 26238080 296 2181136400 1024 262144 264 83902977 1132467200 134217730 256 81936 73408513 33558528 1114112 2686713937 8388880 278544 1145053440 83902977 1132729344 134479874 0 12 4194304 8 536870912 0 536870912 1073742976 10 25165824 40 4194304 67108864 1048576 8 272859168 8260 7168 256 536887425 4194304 874517264 288
is_linear=0
shrinkage=0.05


Tree=51
num_leaves=63
num_cat=21
split_feature=14 35 0 41 0 44 43 32 43 48 0 43 0 43 43 20 0 18 0 0 43 43 43 19 0 8 11 11 0 43 0 0 44 0 0 43 0 43 0 43 44 0 44 42 46 17 44 18 0 0 44 11 6 39 0 32 23 44 0 17 24 0
split_gain=1101.5 892.475 927.522 499.793 599.147 612.032 516.927 496.598 553.333 529.107 478.529 452.617 416.976 415.379 480.297 486.966 706.879 410.841 400.516 388.021 387.493 364.642 337.708 512.718 402.025 326.242 498.835 317.42 1112.41 336.13 1423.92 770.685 417.092 1068.97 411.111 359.328 465.144 463.79 428.438 393.079 365.25 343.791 512.196 394.366 348.434 339.585 301.844 297.556 1140.71 583.671 528.362 295.074 289.184 283.649 273.032 251.754 248.075 246.894 333.722 246.296 242.92 277.393
threshold=11.750000000000002 2.1499999761581425 0 -0.22695468366146085 1 -0.95242238044738758 -0.99940761923789967 1.0000000180025095e-35 0.30983042716979986 0.94941526651382457 2 -0.94423642754554737 3 0.70900115370750438 0.67802080512046825 -0.11250000074505805 4 11.550000190734865 5 6 0.57077592611312877 0.78857997059822094 -0.99904707074165333 4.5000000000000009 7 0.98750001192092907 11.958333492279055 50.708333969116218 8 -0.9550008475780486 9 10 -0.99761277437210072 11 12 0.52766072750091564 13 0.91939014196395885 14 0.19337368011474612 -0.32613736391067499 15 -0.091258823871612535 -0.88144907355308522 0.61182203888893139 11.775000095367433 -0.46039597690105433 6.8541667461395273 16 17 -0.94703993201255787 144.12500000000003 1.6500000357627871 0.019000000320374969 18 1.0000000180025095e-35 0.66736257076263439 0.15738975256681445 19 4.7916667461395273 -0.011507106479257343 20
decision_type=10 2 9 2 9 2 2 2 2 2 9 2 9 2 2 10 9 10 9 9 2 2 2 2 9 10 2 2 9 2 9 9 2 9 9 2 9 2 9 2 2 9 2 2 2 10 2 10 9 9 2 2 10 2 9 2 10 2 9 10 10 9
left_child=1 2 -1 6 60 54 12 8 -7 10 -9 17 -3 14 15 16 -8 -12 -17 -15 22 56 -20 24 57 26 -4 28 -28 30 -29 -31 33 -33 35 38 -37 55 39 40 51 42 44 -44 -32 47 -23 49 -49 -36 -50 -34 -40 -22 -6 -38 -13 -24 -59 -43 61 -5
right_child=-2 3 25 4 5 7 13 9 -10 -11 11 21 -14 19 -16 18 -18 -19 20 -21 53 46 23 -25 -26 -27 27 29 -30 31 41 32 34 -35 45 36 37 -39 52 -41 -42 59 43 -45 -46 -47 -48 48 50 -51 -52 -53 -54 -55 -56 -57 -58 58 -60 -61 -62 -63
leaf_value=-0.050100626222453037 0.039693990968262788 0.04082201559382239 -0.08104354940333168 -0.038890582350921285 0.0269906686192289 -0.073397951724044244 0.014146950005296331 0.011710587134021823 0.046444670471932036 -0.07970528669508814 0.017553753238110939 -0.079079582810039226 -0.10829827747165935 0.015820485500531514 0.050814584513358851 -0.025030978802041193 -0.074076162182090649 -0.068963267885525453 0.051097256761311285 -0.069483134911244179 0.049974788072296494 0.038371442636893738 0.035147451544337807 -0.082550600036648047 0.017317368538050121 0.037847922116942219 0.046410631487855215 -0.048162895869838282 -0.054489008847092138 -0.033888382713880304 0.037055456023908466 0.044719967342814679 -0.099658564356184864 -0.063017953879827518 -0.034421489178175772 -0.039741410358502961 -0.042899706185879884 -0.05753591585527728 -0.05305938400273124 -0.075267434108796202 -0.059669994530942516 0.039647062156694453 0.025171178994761956 -0.059101240327372496 -0.056532122567949143 -0.057582346573737064 -0.077003089942769484 -0.054021830411176898 -0.059721016597918501 0.009583330502157426 0.042165193712825767 0.018896651312992219 0.042516640491482391 -0.088102294100808401 -0.07521219865644159 0.037313183326841942 0.047469938409743298 0.018349544893848165 -0.080324067287919243 -0.046817711069850484 0.024562556711724026 0.012834165537916789
leaf_weight=676.2770852179965 4504.3221293492243 69.350606746971607 157.25609869742766 290.6164169725962 79.80168465571478 105.84547123126686 943.63690588995814 4461.3922387012281 1069.9419084887486 200.07761034741998 851.06913385842927 510.69225422781892 122.33757626195438 328.31506113079377 1746.3931570351124 379.8797349918168 288.21170860296115 163.59409424266778 1371.8213811204769 212.53030561062042 52.991666734917089 180.10816805926152 8675.2072332235985 109.4817776218988 7500.682930930052 931.541500645224 1501.6132015460171 711.82768524182029 325.75116021698341 1268.6254764593905 1085.2002967968583 1550.1708742124029 54.841314445249736 262.07088034995832 828.16013566195033 394.74902338767424 106.42481766710989 167.3794369015377 984.90313987410627 174.69713885569945 195.00839556800202 3027.6748724021018 219.16381447948515 378.71484631882049 109.48879590537399 189.25596128380857 82.72863509808667 397.18066138424911 134.58548715827055 7481.1206673429115 2332.9974161109421 1221.2251642993651 86.059157710522413 124.76872100052424 334.02211975387763 1209.8320657245349 41.903470994671807 496.58391836285591 93.142000097082928 84.663573510246351 8353.2546732744668 1884.7369367007632
leaf_count=186586 5032 36 841 1565 143 1385 1433 11467 1344 2633 3294 10248 899 652 1179 3662 2952 2136 683 3628 30 522 9869 1235 20321 1187 1156 10932 2132 89209 1753 2288 371 3847 48885 12193 2307 8346 36166 3573 7661 9442 514 4106 662 2601 2238 6113 1667 120349 8273 4572 94 1243 4714 9748 52 651 1031 854 13763 3772
internal_value=0.0157339 0.0141782 0.00733555 0.0188784 0.0128155 0.0025572 0.0238896 0.00575708 0.0356563 0.000341572 0.00288717 -0.0185849 -0.0578684 0.0245917 0.0256664 0.0234744 -0.00698083 0.00360462 0.0254695 -0.0186926 0.0265099 -0.0464239 0.02724 0.0253006 0.0260049 0.00875931 0.00774545 0.00827268 0.0283798 0.00678245 0.0175309 0.00361158 0.00630418 0.0290389 0.00372637 -0.0088839 0.00791183 0.0207191 -0.0205294 -0.00433242 0.004062 0.0271077 0.00951812 -0.0282096 0.0284785 0.0088258 0.00205698 0.00995846 0.0238543 0.00516762 0.0364604 0.0138015 -0.0449594 -0.0469405 -0.0566687 0.0308276 -0.0694833 0.0329838 0.00171402 0.0371756 0.0206672 0.00580422
internal_weight=73877.9 69373.6 28248.5 41125.1 18609.8 8081.18 22515.3 7667.35 1175.79 6491.57 6291.49 1830.1 191.688 22323.6 21782.8 20036.4 1231.85 1014.66 18804.6 540.845 18424.7 815.433 18246.9 16875.1 16765.6 27572.2 26640.6 26483.4 1827.36 24656 5616.73 19039.3 17770.7 1812.24 15958.4 4595.12 1878.39 1483.64 2716.73 1645.77 1471.07 4904.91 1792.57 597.879 1194.69 11363.3 262.837 11174 2864.76 8309.28 2467.58 1276.07 1070.96 177.76 413.824 1316.26 552.596 9264.93 589.726 3112.34 10528.6 2175.35
internal_count=702240 697208 588428 108780 59276 40176 49504 35319 2729 32590 29957 18490 935 48569 44289 43110 4385 5430 38725 4280 35063 13060 33790 33107 31872 401842 400655 399814 3288 396526 28263 368263 279054 6135 272919 85031 32594 20401 52437 16177 12604 17331 7035 4620 2415 187888 2760 185287 16053 169234 9940 4943 36260 1273 4857 12055 10300 11551 1682 10296 19100 5337
cat_boundaries=0 4 8 12 15 19 23 27 31 35 39 43 46 49 52 55 59 63 67 69 73 77
cat_threshold=137366534 2957151137 754348 720 1812092323 29425682 1938817602 518 2182971920 34873348 73680897 185 1 0 536870912 2053051027 8912898 878708928 38 134219008 67129408 2147491841 512 1946157568 25167888 272629888 520 1683243138 2033668 817913024 414 654311456 27066376 320 2 2768556576 101535816 37780736 288 2147754080 1211105290 2273574931 8 1891635857 4 1610620224 1883242649 65540 1075846464 1073741952 0 1075840256 1073741960 0 2097472 1120534656 16785428 1360003072 14 83968768 8921104 135274496 256 42631168 100668480 0 1 512 16384 541065344 0 813695040 14 20768 4259840 16777728 6
is_linear=0
shrinkage=0.05


Tree=52
num_leaves=63
num_cat=22
split_feature=1 34 0 41 0 28 0 48 30 48 0 0 0 44 0 26 0 10 48 48 0 0 26 0 43 32 0 44 29 43 43 48 43 0 43 48 43 44 44 28 44 44 0 43 0 48 0 0 22 48 0 0 48 44 44 48 44 0 0 43 0 10
split_gain=1074.95 769.357 690.979 624.672 738.24 579.742 535.879 461.131 455.975 488.242 590.413 452.859 450.082 387.026 332.398 325.184 385.172 315.468 338.754 395.735 500.099 466.064 371.391 360.632 334.01 314.932 374.902 303.863 296.298 300.266 291.55 281.857 525.246 1298.99 521.97 519.503 824.807 442.749 418.22 423.872 359.89 1029.86 877.822 447.866 1177.2 281.531 253.334 248.173 236.972 236.612 578.518 432.937 406.125 346.942 292.205 248.967 464.46 407.426 302.933 273.113 259.345 242.786
threshold=1.5500000119209292 1.0000000180025095e-35 0 -0.22695468366146085 1 1.0000000180025095e-35 2 -0.99731963872909535 0.20181877911090854 -0.92896968126296986 3 4 5 0.59696555137634288 6 -0.049614075571298592 7 58.291666030883796 -0.743566334247589 -0.33110304176807398 8 9 -0.007988078519701956 10 -0.16799356788396833 0.12068965658545495 11 -0.99938741326332081 1.1630901694297793 -0.99940761923789967 0.98802474141120922 0.34664839506149298 -0.86546283960342396 12 -0.98370367288589466 0.84555268287658703 -0.65882179141044606 0.34033495187759405 0.25829915702342993 0.017647059634327892 -0.73865258693695057 -0.94703993201255787 13 -0.30163703858852381 14 -0.92896968126296986 15 16 4.6833331584930429 0.54545724391937267 17 18 0.28042402863502508 0.35645927488803869 0.77652049064636242 -0.92415645718574513 -0.83375966548919667 19 20 -0.88218119740486134 21 65.958332061767592
decision_type=10 2 9 2 9 2 9 2 2 2 9 9 9 2 9 10 9 2 2 2 9 9 10 9 2 2 9 2 2 2 2 2 2 9 2 2 2 2 2 2 2 2 9 2 9 2 9 9 10 2 9 9 2 2 2 2 2 9 9 2 9 2
left_child=1 2 49 5 -5 -3 25 46 13 -10 -11 17 -9 14 -8 16 -14 45 23 21 -21 24 47 -19 -20 31 -27 -17 -16 -30 -29 38 33 34 -33 36 -34 -36 40 -40 41 43 -43 -7 -45 -4 -6 -22 -12 50 -1 -51 54 61 55 58 60 59 -52 -58 -57 -53
right_child=-2 3 11 4 7 6 8 12 9 10 48 -13 15 -15 28 27 -18 18 19 20 22 -23 -24 -25 -26 26 -28 30 29 -31 -32 32 35 -35 37 -37 -38 -39 39 -41 -42 42 -44 44 -46 -47 -48 -49 -50 51 52 53 -54 -55 -56 56 57 -59 -60 -61 -62 -63
leaf_value=-0.032199112603343148 0.045556975537403246 -0.06899833607609128 0.01786666262180784 -0.033832375645090999 0.0082437370354429117 0.057492613455360324 -0.018712547974890279 -0.00042200647778822196 0.02607489596322253 0.01278927243949559 -0.064453209997484759 -0.038523518270272811 0.011243946587383181 -0.056143890009470766 -0.013233738085668585 -0.081429735491001812 -0.042406676085287087 0.019691601622936847 -0.027470588118973446 -0.03858926123536835 0.016276537904655074 -0.040895904260158669 0.017961413042273718 -0.055988945216100421 0.05068953628850064 0.026349013331917772 -0.06148194779512093 0.01962864647601581 -0.065322944223266163 0.025149549860559329 -0.071860925743083212 0.040227241919104366 0.037660454315075476 -0.099108960693011686 -0.11951619272862023 0.038873708313273109 -0.054756629924732604 0.037027152662947947 0.027041396685490091 -0.087489111839286982 0.039073908711675542 0.03079315253317378 -0.08937108360218575 0.037322341987192739 -0.085273775318715064 -0.071008627826997697 -0.089239621320743034 -0.058646691981847535 0.015256486809376045 0.03684588915445753 -0.028584095809906302 -0.08148353595773343 -0.042092401077889058 -0.061385382630740129 -0.053076479778237595 -0.024621967747193552 -0.059579761330304015 -0.041656750232961656 0.051672710408507183 0.027757787682829788 0.040921563763697502 0.016389605184177692
leaf_weight=809.33981653628871 2798.1048334883526 175.73475344351027 127.8270225408487 883.42568108334672 113.92277542711236 1088.0339077808894 528.41822759341449 4808.39279354678 724.92142701079138 603.32177384383976 675.89778766431846 1027.0031621819362 1093.9623029537033 171.15472549363039 563.28857743006665 75.40451822662726 470.35666645329911 232.11701183952391 157.67454221658409 771.87017231318168 171.89675235655159 202.84387947269715 1819.3196243229322 468.46801673620939 1026.9378412393853 268.92745671281591 206.49049140000716 17072.607011192827 92.696987529750913 8605.8504438522505 87.524829419096932 697.59746347740293 541.28198224469088 296.87983497232199 108.09402940329164 2754.806823134888 435.81488776369952 77.588589447084814 185.0469056640286 143.38065035804175 9199.9976364590693 260.15875254804268 348.26611102360766 983.74066719319671 234.22521243640222 294.15294218575582 161.37928035121877 295.58617144566961 108.16459804633632 2206.1326540480368 131.92483176384121 66.969305247999728 300.87032104237005 190.23120836378075 138.4175283460645 168.91072446503676 104.26069113286212 536.49074847344309 905.20905245828908 632.7690435454715 1202.8570785727352 1176.6745330727426
leaf_count=38247 2317 2621 507 37793 317 432 18923 31891 2058 1703 10581 190973 3142 5964 5367 688 3591 7541 3798 30618 4086 9567 28498 20733 6147 510 1259 50554 489 23211 2218 559 821 2076 632 4056 3361 98 701 1792 10281 456 3239 966 1963 3048 1955 12009 290 24261 3550 535 8429 10871 14971 2719 1122 17191 4177 4743 3817 11207
internal_value=0.0151675 0.013953 0.00398583 0.0167092 0.0108286 0.0215512 0.0220833 0.0124895 0.0139089 -0.00718049 -0.0245567 -0.00817626 0.013245 0.0183949 0.019698 0.0167319 -0.00508684 -0.00252046 0.000882639 0.00597462 -0.0040721 0.0281228 0.00771359 -0.0314327 0.039949 0.0275952 -0.012538 0.0187219 0.021886 0.0241854 0.019162 0.0287105 0.0185691 -0.0105055 0.0201687 0.0277635 -0.00356037 -0.0541036 0.0327141 -0.0229588 0.0342234 0.0189118 -0.0389524 0.0341789 0.0133524 -0.0440863 -0.0518421 -0.0320032 -0.0527837 0.0133389 0.00621688 0.0230237 0.0138049 0.00148969 0.0182426 0.0209234 0.0127828 -0.00896145 0.0416866 0.0151968 0.0329698 0.0111192
internal_weight=72811.6 70013.5 15166.8 54846.8 24767 30079.8 29904 23883.6 12073.7 2112.31 1387.38 6595.7 23608.2 9961.41 9790.25 18799.9 1564.32 5568.69 5146.71 4446.13 3058.67 1387.46 2286.8 700.585 1184.61 17830.3 475.418 17235.5 9261.84 8698.55 17160.1 17354.9 4912.06 1180.16 883.28 3731.9 977.097 185.683 12442.8 328.428 12114.4 2914.42 608.425 2306 1217.97 421.98 275.302 467.483 784.062 8571.06 4931.05 3640.01 4121.71 1433.88 3820.84 3682.42 2645.29 1273.52 1037.13 737.03 1371.77 1243.64
internal_count=702240 699923 463365 236558 132149 104409 101788 94356 68586 14632 12574 317525 92084 53954 47990 60193 6733 126552 122997 94723 75211 19512 44593 28274 9945 33202 1769 53460 29067 23700 52772 31433 11603 3365 1289 8238 4182 730 19830 2493 17337 7056 3695 3361 2929 3555 2272 16095 10871 145840 98966 46874 60719 22613 52290 37319 29592 23056 7727 5865 6536 11742
cat_boundaries=0 4 8 12 16 20 24 28 32 36 40 44 48 52 55 59 62 65 68 71 74 77 81
cat_threshold=131285539 1141391380 911239490 512 2148356 4094335425 768164 64 4031615120 1709066 952127680 270 1048579 42008576 2359296 1 1611141528 64291850 1101009920 271 2446659618 82474 234882058 408 136318220 4227908513 2181799972 576 1678378497 58729488 1615855632 514 1073745936 51446784 2098176 8 1610617104 59834368 8393728 4 524296 1026 1101004800 8 262160 1703936 549453824 8 1610940416 10 549457920 8 128 0 20544 272699408 0 536870976 6 2197885952 262144 268435520 384 4194304 4096 12648480 67649552 72359936 29442082 67649552 72360192 100663297 0 320 51511299 4 2304 67125249 1073741824 16450 512
is_linear=0
shrinkage=0.05


Tree=53
num_leaves=63
num_cat=23
split_feature=1 35 0 41 43 0 43 28 0 48 0 0 48 28 0 0 43 0 0 43 0 43 28 0 0 48 43 30 43 48 48 0 0 23 0 0 42 0 0 44 28 28 0 42 43 10 0 0 43 35 43 48 43 43 0 7 28 0 47 44 43 32
split_gain=1024.84 857.375 810.903 475.761 535.849 515.31 493.382 476.487 889.446 457.751 754.504 578.901 470.53 452.066 1718.98 591.866 494.221 1004.74 467.908 408.554 517.126 356.589 1255.23 880.556 419.585 383.755 347.788 346.632 511.644 491.697 316.792 824.102 315.046 314.706 416.585 308.924 421.461 1044.82 497.186 372.943 440.935 353.413 546.046 327.708 482.383 317.395 305.389 305.288 304.751 304.089 302.315 289.353 283.112 510.965 497.712 280.098 275.429 274.536 324.844 273.144 269.532 268.36
threshold=1.5500000119209292 2.4500000476837163 0 -0.35206145048141474 0.70900115370750438 1 0.67802080512046825 0.055752867832779891 2 0.25718480348587042 3 4 -0.91921421885490406 0.033333335071802146 5 6 -0.83847111463546742 7 8 -0.75579217076301564 9 -0.33425341546535486 0.050299357622861869 10 11 -0.55407407879829396 -0.96463498473167408 0.17962250113487246 -0.97312742471694935 -0.17548771947622296 -0.79893815517425526 12 13 0.081120248883962645 14 15 0.032701563090086018 16 17 0.071972697973251357 0.061906902119517333 0.045542273670434959 18 -0.52778512239456166 -0.9769422411918639 7.5416667461395273 19 20 -0.85671821236610401 6.8500001430511483 -0.94423642754554737 0.98740908503532421 -0.86546283960342396 -0.9550008475780486 21 1.0000000180025095e-35 0.072549022734165206 22 0.59577357769012462 0.46611291170120245 -0.99815973639488209 1.0000000180025095e-35
decision_type=10 2 9 2 2 9 2 2 9 2 9 9 2 2 9 9 2 9 9 2 9 2 2 9 9 2 2 2 2 2 2 9 9 10 9 9 2 9 9 2 2 2 9 2 2 2 9 9 2 2 2 2 2 2 9 2 2 9 2 2 2 2
left_child=1 2 -1 4 6 51 7 13 -9 10 12 61 50 14 16 -15 52 -18 26 27 -21 22 23 -17 -24 32 55 29 -29 -12 -25 -32 -23 35 -35 39 38 -38 -37 43 -41 45 56 44 46 -39 -4 -45 -28 -13 -7 -5 53 -3 -55 -16 -43 58 -47 -31 -53 -11
right_child=-2 3 33 5 -6 9 -8 8 -10 11 19 49 -14 15 18 21 17 -19 -20 20 -22 25 24 30 -26 -27 48 28 -30 59 31 -33 -34 34 -36 36 37 41 -40 40 -42 42 -44 47 -46 57 -48 -49 -50 -51 -52 60 -54 54 -56 -57 -58 -59 -60 -61 -62 -63
leaf_value=-0.048739208703318396 0.044781111286700065 0.033147203262710867 0.041646025404337872 0.021106312342229983 -0.03913437596695446 0.0293560091622104 0.050463757355766074 0.038271966355111736 -0.084318194398336418 0.046809408485655943 0.031101361252879867 -0.066833231032155382 -0.075458294436010306 -0.022592871676095933 -0.12894729741876515 -0.065418735739324427 0.026943036421572308 -0.085927054606985465 -0.078172616290448083 0.0073798206326885392 -0.057721969713779978 0.035247161957119258 0.037937067027859595 0.046441333223116492 -0.098986669899606236 0.04709578068778101 0.027493704993751818 -0.092815120591409062 0.01469463296165107 -0.12515989364251173 -0.10010432600956204 0.028189512354722071 -0.081274782276861482 -0.026569851405932151 0.031380913205672198 -0.019990401001377663 -0.047344386408680376 -0.097966836545006625 0.018326450257976731 -0.039069525342969286 0.033343089224075181 -0.020807303628544563 -0.04398341253896855 -0.03061673941550206 -0.035976146249254319 -0.026268978169981239 -0.056255810700318022 0.015024017807286889 -0.042735060311852285 -0.00093654836123567347 -0.067788539093335917 0.053445429956752 0.057506441579904637 0.02953091703171325 -0.11952696638628096 -0.0018382183706183467 0.051854099423275658 0.023216945394558111 0.022495073519988674 0.049821318469657115 -0.099526481996916327 0.015764421076076767
leaf_weight=629.02805447846185 2706.5918142418377 2411.1763415373862 411.38637401629239 10565.962944002124 333.38935241091531 242.55884956941009 1707.7927027258556 293.7627583774738 280.95304995495826 934.50955083873123 1805.878999959561 271.49973484198563 575.88825488381553 513.19735391135328 106.38740450609475 225.50645617116243 686.8815317992121 265.04115825891495 460.61654621525668 725.81450283282902 516.52649657940492 114.52767845243216 69.558467343449593 2666.1194801660022 252.58519709575921 3987.1660340896342 414.41892694844864 168.74317105673254 321.53553100861609 80.98222726478707 120.94152722461149 3213.0716571599478 100.78871649876237 349.41933336411603 2448.026744759758 909.357836554409 987.4179215276381 62.377205192111433 11230.811181210564 1132.8203005710384 258.1287957765162 218.70221306313761 716.30431164172478 397.46585227840114 1033.9775687070796 727.25107800075784 89.954004880273715 3732.872920296737 246.27132888627239 492.92027890507597 119.5644759577699 41.57882927544415 1033.5830506961793 107.74871827289462 103.86996216513216 73.135031369514763 323.08580043073744 3359.8463044746313 643.8931571317371 30.778520306106657 93.661633620969951 2728.6321356429253
leaf_count=178157 2317 2342 441 18897 3373 380 1100 251 2917 677 4000 6800 5348 2104 901 972 738 1801 7416 2174 7806 85 41 2091 2237 3182 772 1641 1119 869 673 5280 764 3096 5971 16927 48357 365 101529 80929 5559 6701 29172 19380 19490 10450 1036 38273 1684 3296 1254 29 449 100 645 148 1362 25868 4340 36 698 5430
internal_value=0.0145989 0.0134179 0.00699346 0.0182415 0.0237186 0.0127446 0.0247957 0.0223257 -0.0224581 0.00391944 -0.00714346 0.0153927 -0.0468772 0.0238245 0.0126242 0.0297004 0.02693 -0.0051027 -0.0379703 0.00318665 -0.0200927 0.0321879 0.0249224 0.0299022 -0.0713167 0.0435846 -0.0152707 0.0152106 -0.0223079 0.0248029 0.0335379 0.0233199 -0.021434 0.00821492 0.0241597 0.0065179 0.00980601 7.70236e-05 0.015455 -0.00242927 -0.0256314 0.00788 -0.0156925 0.00326269 -0.0164607 0.0140834 0.0237884 0.0105942 0.00131604 -0.0240268 -0.0027188 0.0201573 0.0353432 0.0266092 -0.0478847 -0.0771648 0.0221149 0.0155608 -0.00334485 -0.0769707 -0.0524962 0.0236199
internal_weight=71874.2 69167.7 29662.1 39505.5 19788.5 19717 19455.1 17747.3 574.716 9015.83 4588.27 4427.56 938.012 17172.6 5909.13 11263.5 4608.3 951.923 1300.83 3650.26 1242.34 10750.3 6547.78 6225.64 322.144 4202.48 840.213 2407.92 490.279 1917.64 6000.13 3334.01 215.316 29033.1 2797.45 26235.7 19179 7038.88 12140.2 7056.61 1390.95 6051.46 1258.09 5665.66 1535.32 4793.37 501.34 4130.34 660.69 764.42 362.123 10701.2 3656.38 2622.8 211.619 179.522 541.788 4730.99 1371.14 111.761 135.24 3663.14
internal_count=702240 699923 597403 102520 42066 60454 38693 37593 3168 40830 24627 16203 6982 34425 16996 17429 6075 2539 10921 17645 9980 15325 11294 9016 2278 4031 3505 7665 2760 4905 8044 5953 849 419246 9067 410179 245071 126615 118456 165108 86488 78258 37235 78620 20967 41023 1477 57653 2456 10096 1634 19624 3536 3087 745 1049 8063 40658 14790 905 727 6107
cat_boundaries=0 4 8 11 15 19 23 26 29 33 37 40 43 47 49 53 57 61 64 67 71 75 78 82
cat_threshold=137627654 2957151137 34308652 720 1812092065 64036882 1938817602 513 1048577 4 4200512 13139986 23616 2281723264 146 331940626 147468 2118912 150 1942586001 4918280 805330624 6 180355328 23616 18049 817954816 0 536887360 134352896 1149263878 2290098450 153 2165309440 67108876 4202496 12 68195843 33554440 256 0 0 536870912 2148007936 2 134219778 515 1610678785 4 8471840 1167937600 2215650307 256 3494094056 203432010 294673536 296 540688 1134362624 2281701379 1 0 16384 69214288 33554433 5120 1073741888 1073741824 8194 294649856 8 2415927360 2097154 17842304 264 1107296257 0 268435456 570425345 5124 1610874880 2
is_linear=0
shrinkage=0.05


Tree=54
num_leaves=63
num_cat=21
split_feature=14 35 0 30 0 48 34 41 0 28 0 18 44 48 0 0 28 0 29 0 44 0 18 0 4 28 0 44 0 28 0 10 48 0 48 0 0 48 0 0 28 48 0 26 48 48 35 0 0 27 44 28 47 48 6 18 30 34 44 18 17 48
split_gain=984.27 752.461 802.323 458.823 1299.41 577.326 533.709 454.292 475.789 570.057 452.644 426.575 400.355 345.469 447.437 335.919 334.006 463.309 316.049 677.094 311.391 301.819 303.459 295.923 291.256 260.792 1032.51 442.451 374.601 338.074 970.102 440.702 288.466 321.385 312.759 1154.2 570.243 347.715 728.615 344.967 279.662 277.927 275.904 274.675 263.678 438.395 365.64 300.712 282.589 267.973 258.705 257.331 252.889 251.605 239.175 234.436 325.561 287.915 232.468 231.62 229.171 224.171
threshold=14.250000000000002 2.1499999761581425 0 0.17235384136438373 1 -0.92896968126296986 17.150000572204593 -0.2901292592287063 2 0.048057714477181442 3 13.449999809265138 -0.97874867916107167 0.81013190746307384 4 5 0.036731028929352767 6 1.6033908128738406 7 0.59696555137634288 8 8.9499998092651385 9 0.25000000745058065 0.060723030939698226 10 0.88522326946258556 11 0.045542273670434959 12 58.041666030883796 -0.97548767924308766 13 -0.51410380005836476 14 15 0.1489052549004555 16 17 0.04256099462509156 0.91979479789733898 18 0.060514854267239578 -0.43706889450550074 -0.19964829832315442 0.15000000223517421 19 20 0.081252805888652815 -0.98212954401969899 0.056927841156721122 0.78097239136695873 0.268782988190651 2.5499999523162846 20.354166984558109 0.069298028945922865 0.35000000894069677 -0.66527268290519703 0.38750000298023229 5.5499999523162851 -0.049328109249472611
decision_type=10 2 9 2 9 2 2 2 9 2 9 8 2 2 9 9 2 9 2 9 2 9 10 9 10 2 9 2 9 2 9 2 2 9 2 9 9 2 9 9 2 2 9 10 2 2 2 9 9 2 2 2 2 2 10 10 2 2 2 10 10 2
left_child=1 2 -1 6 13 -6 7 18 -9 12 -11 16 -10 59 -15 -13 17 53 19 -3 23 22 -14 -20 25 27 -27 28 44 32 31 -31 33 -30 36 41 -34 38 40 50 61 -36 -43 -38 46 -46 -4 -48 49 -47 -39 -50 -18 -7 -28 56 -33 -58 -16 -5 -49 -37
right_child=-2 3 24 4 5 11 -8 8 9 10 -12 15 21 14 58 -17 52 -19 20 -21 -22 -23 -24 -25 -26 26 54 -29 29 30 -32 55 34 -35 35 37 43 39 -40 -41 -42 42 -44 -45 45 48 47 60 51 -51 -52 -53 -54 -55 -56 -57 57 -59 -60 -61 -62 -63
leaf_value=-0.050138756285142042 0.039065175025919205 0.027222655810485649 -0.027220637680265239 0.040089770345775128 0.01665354928349241 -0.053018697243624006 -0.10828153996519291 0.022167511708979477 -0.084534412623428742 0.015197833554919432 -0.05049103925484523 -0.017192469463446207 -0.057103065845166591 0.020028409146038813 -0.017788104395199251 -0.087616958621462557 0.017496560972510528 -0.070502227796766015 0.036366500411220345 -0.033538940033266393 -0.037597118780408278 0.016857025329315194 0.016377827225726747 0.021059937731897464 0.046635560047185082 0.039999874130175993 -0.05246030021112319 -0.039757055425010762 0.018041470161699002 -0.078174028882449828 -0.047368566496490745 0.034371484417890862 -0.043569175328291881 -0.059072598121495484 -0.039139247749215442 0.020271298462925545 0.032163860211880654 -0.089030950470752601 -0.043697136952401572 0.039065532083953539 0.071179613548807072 0.026008749281833859 -0.05687408116241699 -0.077780811746688258 -0.068102568063058658 -0.019846876874809863 -0.060480076311826503 0.02345009119214839 -0.033334371400161281 0.013763409136578142 0.015215120271045247 0.040256868089205151 -0.096265567445672939 0.022456862480779327 0.045430772592468416 0.054565724792886829 0.0025731800528365333 -0.078082292001475859 -0.11267741750985699 0.018060189614255467 -0.058435234009535569 -0.078271522766896542
leaf_weight=605.4262569649145 3729.50772173726 1465.9642578179482 589.97693704371341 1851.5702153509483 905.85468403669074 162.06872445112094 80.795763440197334 8139.5581083481666 107.84368038270622 399.25283072202001 748.34213905036449 294.03235898795538 294.21976320294198 417.86466350452974 130.09584992099553 457.06213088647928 679.03831388649996 468.59374457865488 7758.8138149783481 655.89325736719184 172.38058411167003 4757.3146673924057 268.93392199859954 5531.9700050398242 469.84363467153162 1870.7931605172344 460.12172444688622 531.59712482360192 257.46321192057803 120.35958907008171 907.50888441549614 764.94373184023425 268.82967497024219 269.63977566850372 1239.4261195680592 478.92834711773321 4178.2761059133336 60.970022360561416 600.57445822027512 2457.0096831300762 263.05826602363959 380.18268086318858 125.31959013058804 57.591279265237972 311.41828471294139 881.58663397748023 111.87822345178574 2298.2247074445477 1161.0984515264863 1811.9285364381503 2493.7004335499369 132.32829936651979 52.6379073204007 346.48367652576417 72.187233772594482 398.84820295893587 609.19235379586462 135.20260621304624 128.10314632253721 3355.4805177887902 88.744479164481163 65.619836388621479
leaf_count=186708 4152 3059 27275 1635 2657 624 653 15240 1585 1438 9705 1792 3290 570 372 4969 2267 6385 8063 5691 1900 14840 1029 14600 365 9406 24731 66228 1032 1021 47403 10274 9462 7749 25631 3795 20835 619 9572 17742 296 1460 4551 779 8933 14126 2443 9638 36547 11602 13195 1122 625 522 85 880 9812 1361 834 4869 664 1532
internal_value=0.0140637 0.0126753 0.0063254 0.0170864 0.00733565 -0.0174194 0.0200548 0.020397 0.0140964 0.00406629 -0.0279452 -0.0300375 0.0108413 0.0214913 -0.012098 -0.0614432 -0.0162334 -0.0353618 0.026346 0.0084107 0.0291727 0.0127745 -0.0216282 0.0300387 0.00761085 0.00692064 0.0226261 0.00535142 0.00637097 0.0106371 -0.00470146 0.0145483 0.0140578 -0.0221847 0.0155656 0.00973043 0.026142 0.0195191 -0.00240284 0.0257177 0.0284938 -0.0262451 0.00485059 0.0305968 -0.00295615 -0.0109679 0.00818338 0.0165423 -0.00650518 0.00275255 0.0126775 -0.0256074 0.00931234 -0.00156539 -0.0384626 0.020473 0.0114639 -0.0120761 -0.062448 0.0258937 0.0203206 0.00839657
internal_weight=70889.5 67160 27529.8 39630.2 9248.89 3365.77 30381.3 30300.5 14715.5 6575.91 1147.59 2459.92 5428.31 5883.11 676.064 751.094 1708.82 977.146 15585 2121.86 13463.2 5320.47 563.154 13290.8 26924.4 26454.5 2403.1 24051.4 23519.8 16132.6 2936.06 2028.55 13196.6 527.103 12669.5 8164.79 4504.7 6419.86 1408.18 5011.68 807.606 1744.93 505.502 4235.87 7387.18 4298.36 3088.82 2498.85 3986.94 2693.52 2554.67 1293.43 731.676 508.552 532.309 1908.19 1509.34 744.395 258.199 5207.05 2386.97 544.548
internal_count=702240 698088 588874 109214 28121 19841 81093 80440 47127 31887 11143 17184 20744 8280 1776 6761 10423 7531 33313 8750 24563 19159 4319 22663 402166 401801 34222 367579 301351 189001 70751 23348 118250 8781 109469 78393 31076 46751 15195 31556 5623 31642 6011 21614 112350 72330 40020 12745 63397 25728 13814 37669 2892 1146 24816 22327 21447 11173 1206 6504 10302 5327
cat_boundaries=0 4 8 12 16 20 24 27 31 35 39 43 47 51 55 59 62 65 69 72 76 79
cat_threshold=137366534 2957151137 754348 720 1619756209 8388626 849347136 655 1829782947 64036864 1406156866 516 262656 524298 1280 144 655489 0 538968064 132 68440578 1140871232 2151702531 304 37753088 8204 2281705472 1599607344 37748736 2014594387 154 32768 67771464 2281706112 400 1883652099 14552076 348134592 300 302055937 67903488 2026897472 256 2470781673 204218376 466632704 264 1610612752 25171012 1610618880 36 8388608 8388608 80 2 1677737984 1132467268 1073748994 32 164096 82002 69214225 4096 1114112 2686713873 4096 1114112 2684616769 7 1610612736 8388608 1073741824 0 67108872 22020096 256 37814409 8 298844160
is_linear=0
shrinkage=0.05


Tree=55
num_leaves=63
num_cat=26
split_feature=1 35 0 41 48 0 18 0 21 0 34 0 44 0 0 48 0 48 0 48 48 0 0 44 0 48 48 0 0 32 48 0 32 48 0 44 0 0 41 44 18 11 0 48 48 0 48 0 44 0 0 28 0 44 48 35 0 48 41 0 10 18
split_gain=994.058 664.997 689.304 467.861 889.939 740.931 457.516 556.082 406.643 563.243 397.429 355.935 352.242 1259.11 1039.58 598.064 945.08 616.216 585.529 585.116 593.717 1245.57 975.604 845.226 1863.52 717.953 471.454 756.879 493.396 463.589 435.539 721.385 685.548 616.953 555.436 547.242 473.796 402.618 391.017 385.023 439.786 384.938 374.662 371.263 357.86 344.724 344.268 458.454 338.666 610.213 356.089 336.046 1317.94 680.2 309.855 317.736 304.961 420.371 296.534 699.899 314.321 284.306
threshold=1.7500000000000002 7.2500000000000009 0 -0.22695468366146085 -0.94929715991020192 1 4.3541667461395273 2 -0.14583333581686017 3 15.949999809265138 4 -0.57077232003211964 5 6 0.85203769803047191 7 0.48078264296054846 8 -0.99817660450935353 -0.61591956019401539 9 10 0.22491560876369479 11 -0.22375029325485227 0.70675188302993786 12 13 0.05172413773834706 0.83896556496620189 14 1.0000000180025095e-35 0.3243404775857926 15 -0.89404255151748646 16 17 -0.93540480732917775 -0.94137725234031666 5.5499999523162851 40.375000000000007 18 0.98931649327278148 -0.79120641946792591 19 -0.92415645718574513 20 0.22491560876369479 21 22 0.0098039219155907648 23 -0.52034142613410939 0.2323095500469208 0.45000000298023229 24 0.94187366962432872 -0.35206145048141474 25 69.958332061767592 44.562500000000007
decision_type=10 2 9 2 2 9 10 9 10 9 2 9 2 9 9 2 9 2 9 2 2 9 9 2 9 2 2 9 9 2 2 9 2 2 9 2 9 9 2 2 10 2 9 2 2 9 2 9 2 9 9 2 9 2 2 2 9 2 2 9 2 8
left_child=1 2 -1 10 -5 -6 7 -7 9 61 48 -12 13 30 -14 17 43 18 38 -16 22 25 -21 45 -25 41 28 29 -27 -28 31 -10 36 58 -35 56 -33 -37 -15 44 -41 -22 -42 -17 -40 46 -24 -48 50 -50 -3 52 -23 -53 -20 -56 -32 -58 60 -60 -34 -4
right_child=-2 3 8 4 5 6 -8 -9 12 -11 11 -13 14 15 19 16 -18 -19 54 20 21 51 23 24 -26 26 27 -29 -30 -31 35 32 33 34 -36 37 -38 -39 39 40 42 -43 -44 -45 -46 -47 47 -49 49 -51 -52 53 -54 -55 55 -57 57 -59 59 -61 -62 -63
leaf_value=-0.041428824090805824 0.044498625457755216 0.036297885650257981 0.010796673426874225 -0.093385999417882212 0.02557474050793733 0.0031422702755454072 0.0075339935942454125 -0.079821244855691531 -0.026212871165850211 -0.041798543487213312 0.038863892200561918 -0.11374621485267269 -0.035473758837835483 0.028416441341961148 -0.064849706568017862 0.035733465068130826 -0.062822087547285188 -0.065864541666223048 -0.058342196015407549 -0.058034186427892202 0.03958470094165488 0.024352750123218789 0.035264538257158619 0.046430709207367728 -0.06169328545541463 -0.048356566113600563 0.031483979142604909 -0.067108206753284855 0.015984426707887231 -0.071331601139685827 0.053951350399247811 0.04587114285119355 -0.054043412516749025 0.01820955945162368 -0.065558849913165809 0.024739659895702152 -0.064103548813528949 -0.062407847809728911 -0.067498985033540612 -0.062738224274387785 0.023521272288322466 -0.083321756157824764 -0.06651101674781483 -0.067602672353146057 0.015916027464959945 0.043127854876156946 0.012535548233613476 -0.079245585463129056 0.030576919143157952 -0.088896852603207177 0.017283326070395053 -0.078343369517098208 -0.070040968573020709 0.024970525188002062 0.049084468551242905 -0.061668207023379155 0.0327651960323865 -0.071807001338923274 0.032132792421807013 -0.029998560294537513 0.041533578995240697 -0.063194036872826917
leaf_weight=641.96748287440278 2545.677660793066 7132.3494569035247 2045.7527951494558 201.10566806246061 4200.2462515111547 393.24766069510952 1308.5478899800219 413.62161207268946 1127.4865964195924 844.30263363057747 60.735907210037112 84.789531590766273 978.88243058766238 792.31843873299658 217.91667570720892 1473.9514541135868 327.38724450522568 630.67104072426446 877.25904645351693 319.45160449424293 74.256523052230477 1472.393357476918 1670.425380672561 848.7843539332971 733.59626124450006 330.1238913605921 514.35674021975137 629.93797482049558 2414.410615765024 139.33642136515118 1767.2740536083002 123.42888209642842 88.7129108767258 439.28152768744621 346.99099115573335 301.03045185911469 393.29150297190063 222.24017181934323 144.60201133298688 598.53204239648767 412.57420123834163 448.38553722866345 149.0503649211023 92.366480147233233 1160.2386210344266 5635.6900604902767 887.9724192910362 150.36297445511445 273.44131608679891 162.37283128185663 3861.9587161460659 161.79961255460512 482.68691851734184 10378.28423401888 156.26657390827313 110.58736949518789 499.56538316444494 118.99543287814595 1561.8700429720338 629.00977384194266 2835.1970795856323 138.62659396440722
leaf_count=176267 2211 5903 8130 1621 5400 907 4301 4422 15658 13050 40 725 54400 2629 4948 3932 7980 13418 25626 14372 74 7163 3829 3738 33590 9916 2805 18424 20767 2809 2356 505 552 1523 6111 905 4779 4864 2446 10061 911 12909 1667 1385 4924 12492 2743 2881 286 1706 9350 3167 14212 102926 2191 1587 1128 1463 4871 8134 7335 906
internal_value=0.013826 0.0126715 0.00967527 0.0208756 0.0101595 0.0134566 -0.0106748 -0.0403373 0.0103526 -0.0073899 0.0269085 -0.0551991 0.0115263 0.0059166 0.0149486 -0.0106129 0.013323 -0.0196416 -0.0130185 0.0167496 0.0174073 0.0116897 0.0269192 0.0296816 -0.00379234 -0.0107011 -0.003571 -0.0285831 0.00812728 0.0094244 0.0168611 0.0105403 0.0170115 0.0218737 -0.0193606 0.033313 -0.0381868 -0.0129929 -0.002133 -0.0119611 -0.0329179 -0.0658593 -0.00113798 0.0294517 0.006672 0.0360649 0.0211329 -0.00139789 0.0279538 -0.015274 0.0296674 0.0198372 0.000814333 0.0233846 -0.0436098 0.00318728 0.0434691 0.0124469 0.0282124 0.0143044 0.0386337 0.00607322
internal_weight=70178 67632.3 49539.9 18092.4 6516.77 6315.66 2115.42 806.869 48897.9 3028.68 11575.6 145.525 45869.2 17380.2 28489.1 6925.8 1893.71 5032.1 4401.43 27510.2 27292.3 17046 10246.3 9926.83 1582.38 4550.81 4028.17 1283.63 2744.53 653.693 10454.4 7545.27 6417.78 5901.06 786.273 2909.11 516.72 523.271 3257.32 2465 1160.16 522.642 561.625 1566.32 1304.84 8344.45 2708.76 1038.34 11430.1 435.814 10994.3 12495.2 1955.08 10540.1 1144.11 266.854 2385.83 618.561 5114.79 2190.88 2923.91 2184.38
internal_count=702331 700120 665459 34661 16651 15030 9630 5329 489192 22086 18010 765 467106 138941 328165 78757 13297 65460 52042 273765 268817 195172 73645 59273 37328 67704 54721 24038 30683 5614 60184 49468 33810 28526 7634 10716 5284 5769 22638 20009 12639 12983 2578 5317 7370 21945 9453 5624 17245 1992 15253 127468 21375 106093 29404 3778 4947 2591 20892 13005 7887 9036
cat_boundaries=0 4 8 11 15 18 22 26 30 34 38 41 43 45 49 52 55 56 60 64 68 72 75 79 83 86 90
cat_threshold=3156036 3089269665 754220 208 402855840 63045640 2026899266 150 584056848 1073745924 2147487744 2718634129 125908046 541069649 262 3 0 536870912 1006797731 50352204 1621122371 32 134250506 100683840 1073746946 32 1103631360 8208 340787216 260 1136988176 8455170 134479888 14 3573700096 1098916864 436209728 520 262448 4196362 2147508353 67125760 25165824 352322048 8388608 2164261888 1098907648 33554432 512 67109250 16384 1084227842 671088641 0 536870912 134217760 536871552 0 64 32 69632 65538 0 6 616776320 65556 628097296 6 536937088 65540 541065216 6 323026944 1310720 343932992 1880752274 25886732 954208320 431 574685328 10 2692751360 2 67109763 16384 1084232962 131104 50331648 536887360 32
is_linear=0
shrinkage=0.05


Tree=56
num_leaves=63
num_cat=27
split_feature=1 35 0 0 43 48 0 35 0 48 0 48 0 48 0 28 0 48 43 0 0 43 43 48 0 0 43 43 0 43 0 48 0 0 48 43 0 18 0 43 43 0 48 0 47 0 29 18 42 0 43 48 43 0 0 43 32 0 0 17 0 43
split_gain=944.144 616.622 645.189 433.163 421.328 387.706 1071.19 340.528 438.288 311.708 1606.49 554.895 959.439 863.629 478.545 370.58 364.009 330.499 1189.23 983.711 740.48 832.116 711.466 594.443 565.333 416.735 410.099 479.533 487.607 403.935 1038.87 424.198 2506.17 780.242 593.651 470.443 692.516 410.321 1179.75 401.348 396.977 936.684 567.252 741.867 396.505 345.157 338.755 326.617 301.213 395.539 300.31 1040.68 532.466 446.298 365.828 300.216 314.833 572.108 294.43 405.709 287.627 285.315
threshold=1.7500000000000002 7.2500000000000009 0 1 0.70900115370750438 -0.98941165208816517 2 1.2500000000000002 3 -0.95311623811721791 4 -0.93347823619842518 5 -0.89186012744903553 6 0.0098039219155907648 7 -0.51410380005836476 -0.99549928307533253 8 9 -0.86546283960342396 0.022575936280190948 -0.18719816207885739 10 11 1.0000000180025095e-35 -0.75579217076301564 12 -0.99166062474250782 13 0.268782988190651 14 15 0.96719524264335643 0.55656746029853832 16 2.0499999523162846 17 0.88220161199569713 -0.67166441679000843 18 0.50226011872291576 19 0.39404016733169561 20 4.815357208251954 1.2749999761581423 -0.58216583728790272 21 -0.75579217076301564 -0.73532554507255543 -0.31799228489398951 22 23 0.92273071408271801 0.05172413773834706 24 25 0.14583333581686023 26 -0.33425341546535486
decision_type=10 2 9 9 2 2 9 2 9 2 9 2 9 2 9 2 9 2 2 9 9 2 2 2 9 9 2 2 9 2 9 2 9 9 2 2 9 10 9 2 2 9 2 9 2 9 2 8 2 9 2 2 2 9 9 2 2 9 9 10 9 2
left_child=1 2 -1 -3 61 6 -4 8 -8 10 -7 12 -11 15 -15 16 -13 18 -16 50 21 44 24 -23 -21 -24 27 28 -26 30 -22 32 35 40 39 37 -37 38 -31 -35 41 42 -33 47 -19 46 -46 -44 -32 -50 -20 54 -53 -54 -52 56 -25 -58 59 -39 -29 -5
right_child=-2 3 5 4 -6 9 7 -9 -10 11 -12 13 -14 14 17 -17 -18 20 19 22 29 23 25 55 26 -27 -28 60 -30 31 48 33 -34 34 -36 36 -38 58 -40 -41 -42 -43 43 -45 45 -47 -48 -49 49 -51 51 52 53 -55 -56 -57 57 -59 -60 -61 -62 -63
leaf_value=-0.040766599811817947 0.043741010818508057 0.026421341621295322 -0.064244678456536114 0.0048505431235521543 -0.065081456937652257 0.029131699799573238 0.038675883829543789 0.041173716536155244 -0.05078146150426302 -0.075069645174731359 -0.06763750934737281 0.036757289745490723 0.045635853900502538 -0.043443666488309385 -0.080891812393953558 -0.072029838267227989 -0.075870978856492924 -0.0761012086561898 0.043961936945793478 -0.063953070757749322 -0.053963199055345301 -0.055115853190803282 0.0034232803004076492 0.018018136618336841 -0.066659764469622171 -0.067543991294076663 0.052731953717122276 0.025169856312281243 0.02841163112483119 0.030087077538134489 0.046356677330436198 0.047747042844673668 -0.054737679059067096 0.0076528092860727384 -0.045518005917212882 0.040517489123425676 -0.06668250801668707 -0.077896837747974734 -0.070314085194969886 -0.066776558013892567 0.029933868282989502 -0.065602896046604173 0.047479439785653457 -0.077140413296215446 0.028507730170754836 -0.072147599555111686 -0.094031726275352653 -0.070911969199842481 0.03070892920284107 -0.038299972753517951 0.022012704828042025 -0.069312050828863728 -0.051520673125115504 0.04808855431483576 -0.0651904488391927 -0.064351298762342898 0.007604014262054851 -0.070549497175577874 0.045093027003138948 0.024803131137088107 -0.0614356857927989 0.026397379032005616
leaf_weight=625.57324162800796 2462.4084458518773 10851.780019026017 294.69407958968077 4385.6355336401612 180.14224036911037 1001.5871891785646 287.80120866163634 2750.2343348519644 243.50195778452326 172.70117686339654 735.48785429692362 204.35095667722635 1843.3872573507251 416.39358629460912 297.07025862811133 468.06133547960781 97.830300791771151 574.35007448168471 3174.8794540150557 215.12585875880904 354.44496218929999 432.80449745105579 352.21578359720297 2855.1377244144678 138.89897491992451 505.96525469992775 667.94290737016127 131.03042677929625 1529.3504045134177 1024.7010103662033 2144.3640654894989 881.39868731680326 1668.5898190992884 5224.415088659036 649.46131939045154 244.69476184621453 364.70954797335435 119.15712631330825 397.94901805568952 187.6274553273106 5961.8636146297213 378.9970460186014 362.06319825677201 263.13904364546761 344.43970118113793 187.42117245169356 67.442458065226674 69.426335332915187 858.22160530183464 264.39204496447928 170.24574337014928 111.91027572064195 113.3230076659238 1967.2534520071931 389.63634921330959 144.75806477991864 921.39480322296731 303.67682350217365 1880.7326747222105 498.35890574636869 327.38709603366442 2364.8216556339758
leaf_count=176781 2211 12646 9699 14556 2370 3485 2202 2813 8402 3519 21392 379 5958 30085 2152 13040 2141 5952 6595 9161 4023 8733 1822 19271 2021 22215 336 1014 3669 4120 1948 1510 51283 45914 13346 1085 11028 976 13982 8724 59129 9505 1256 3939 846 2198 445 710 1798 2088 939 2759 4113 6180 11576 6585 9248 9060 4510 1051 6748 5089
internal_value=0.013337 0.0122137 0.00931236 0.0201861 0.01037 0.00996819 0.0258112 0.0339908 -0.00255123 0.00870182 -0.0120626 0.00954211 0.03515 0.00828009 0.00928646 -0.0441635 -0.00100016 0.00984766 0.0176648 0.0206539 0.00718841 -0.00877314 0.000991783 0.000692842 0.0124451 -0.0391647 0.0184888 0.00782069 0.0202667 0.0110985 0.0264791 0.0083435 -0.00254316 0.0131713 -0.0003475 0.0167648 -0.0240677 0.023154 0.00171973 0.00507245 0.0234927 0.00397038 0.0209842 -0.0126725 -0.0464147 -0.0179642 0.00824274 0.0277864 0.0352638 0.0143887 0.0334266 0.0213954 0.036932 0.0426466 -0.0394454 0.00640987 0.00892034 -0.0122829 0.0353599 0.00490648 -0.0374722 0.0123988
internal_weight=69108.8 66646.4 48864 17782.4 6930.6 48238.4 3576.23 3281.54 531.303 44662.2 1737.08 42925.1 2016.09 40909 40138.8 770.243 302.181 39722.4 10092.2 9795.16 29630.1 5831.43 3867.92 4657.77 3009.74 858.181 2794.61 2126.67 1668.25 23798.7 3621.42 20177.3 6198.89 13978.4 6061.5 4530.3 609.404 3920.9 1422.65 5412.04 7916.89 1955.02 1576.03 694.629 1173.65 599.303 411.882 431.49 3266.98 1122.61 5927.25 2752.37 2192.49 2080.58 559.882 4224.97 4080.21 1225.07 2498.25 617.516 458.418 6750.46
internal_count=702331 700120 665459 34661 22015 488678 23116 13417 10604 465562 24877 440685 9477 431208 415648 15560 2520 385563 81300 79148 304263 62338 46986 52897 22949 24037 13788 13452 5690 241925 9857 232068 88035 144033 67984 36752 12113 24639 18102 54638 76049 16920 7415 5905 9441 3489 1291 1966 5834 3886 32162 25567 13052 10293 12515 44164 37579 18308 6537 2027 7762 19645
cat_boundaries=0 4 8 12 15 19 23 27 31 35 39 42 45 48 52 56 60 63 66 70 73 77 80 84 85 89 92 95
cat_threshold=3156044 3089269665 754220 208 1884422322 1099628556 2026901568 406 84460850 39657472 1211376643 781 2147484288 84 541081600 1677852672 25165828 268435520 512 63149473 64225294 6401 33 2147500032 1073745984 33554432 512 268960256 0 939524160 14 50894371 60564480 8651776 303 285214208 58721280 402653186 44 134217728 71319576 3308281987 65536 0 536870976 348127248 0 6416 113410066 71327744 1140882816 257 1178800160 4261900 603987392 2 751337491 67395600 1156866320 257 0 65536 256 100728832 0 536870976 4718609 8192 82051088 1 4194321 0 67108864 268435456 0 402653184 12 1074004385 28 2162163776 33588224 1319936 8650752 33 16777217 0 50332672 402653184 12 71368704 65536 536871232 67108864 4 16
is_linear=0
shrinkage=0.05


Tree=57
num_leaves=63
num_cat=27
split_feature=23 0 10 17 0 43 0 42 0 0 48 41 43 48 0 0 43 0 48 0 43 41 45 0 0 0 48 48 48 0 0 0 43 48 0 48 0 48 0 0 43 32 0 48 0 43 0 35 41 48 43 0 0 48 0 41 43 35 42 0 43 0
split_gain=914.995 506.051 451.062 601.919 1544.76 556.478 1562.95 735.038 911.338 593.542 518.172 462.66 834.5 728.618 1542.41 1505.73 1138.95 1268.92 724.632 653.393 513.234 791.549 764.69 1260.88 1188.45 641.622 583.451 518.66 498.407 1022.81 544.255 472.962 462.686 419.605 588.097 409.606 524.949 408.462 407.458 378.148 818.351 325.98 562.027 496.732 437.39 313.671 312.028 383.071 297.662 297.346 990.832 749.481 363.793 296.975 293.979 292.798 285.762 283.942 269.721 272.551 269.463 699.973
threshold=0.3174444735050202 0 0.62500000000000011 2.1833333969116215 1 -0.98930078744888295 2 -0.35206145048141474 3 4 -0.99883171916007985 -0.68322628736495961 0.70900115370750438 0.83896556496620189 5 6 -0.5276680290699004 7 0.78807106614112865 8 -0.81923159956932057 0.77259656786918651 1.0000000180025095e-35 9 10 11 0.45945061743259435 -0.61591956019401539 0.55574825406074535 12 13 14 0.81428062915802013 -0.94929715991020192 15 -0.82755351066589344 16 -0.94549325108528126 17 18 0.57077592611312877 0.05172413773834706 19 -0.86769786477088917 20 0.79904097318649303 21 10.650000095367433 -0.16280825436115262 -0.56416276097297657 -0.39826117455959315 22 23 -0.9993687868118285 24 0.2269546836614609 0.80417552590370189 0.55000001192092907 -0.58216583728790272 25 0.5986820161342622 26
decision_type=10 9 2 8 9 2 9 2 9 9 2 2 2 2 9 9 2 9 2 9 2 2 2 9 9 9 2 2 2 9 9 9 2 2 9 2 9 2 9 9 2 2 9 2 9 2 9 2 2 2 2 9 9 2 9 2 2 2 2 9 2 9
left_child=1 -1 -3 5 10 6 -4 33 -9 45 -5 12 19 14 58 -15 17 -17 20 -11 21 25 24 48 -22 27 35 -16 29 -26 -30 -23 -28 34 -8 36 37 -25 -14 40 -18 -27 -43 -44 -45 -7 47 -21 -24 51 -51 -37 -52 -6 -2 -54 -47 -57 -13 -60 61 -31
right_child=54 2 3 4 53 9 7 8 -10 11 -12 13 38 15 18 16 39 -19 -20 46 22 31 23 26 28 41 32 -29 30 60 -32 -33 -34 -35 -36 49 -38 -39 -40 -41 -42 42 43 44 -46 56 -48 -49 -50 50 52 -53 55 -55 -56 57 -58 -59 59 -61 -62 -63
leaf_value=-0.043589279020114696 0.0011082043878837548 0.044446748223512127 -0.063552919974889099 0.053165399546376974 0.034740233577918105 -0.051173350437678115 0.046092255209775557 0.018043583800513942 -0.066332189382843645 -0.04263504237067179 0.0042450025770756827 -0.059411913711893173 0.029462256358999812 -0.05510847284861331 0.0089882560247323499 0.030063292135199822 0.029107106829551282 -0.077054644551759366 -0.061778554609106473 0.0064623665346840685 -0.063884261250999427 0.003870880504319447 -0.022976652849511763 0.024377670420596662 -0.064663781770470941 0.03778098779644868 -0.071670844577608542 -0.081045787102735967 -0.071507747901345342 0.046786778899260265 0.052809251623321063 -0.075974687436238822 0.040425657283705368 0.038858618000405826 -0.11918755901691705 -0.087847911292919786 -0.069317165996353666 -0.092795431548482632 -0.06116610991658758 0.044443552911852882 -0.076483758674374833 0.044007854172817273 0.021054001676618597 0.0014169112496145476 -0.086876206935731212 0.07308685839125785 0.030137239904933246 0.040021289693179425 -0.067071123983058811 -0.077359679045572574 0.030121285468290501 0.03869531359756407 0.010248509761417134 -0.051600054025704112 0.035092284164040768 -0.0065981708184354188 -0.055165887392266105 -0.093992736831870538 0.0038236251501726072 -0.05054134651145064 0.027504822143884 -0.060650833856194145
leaf_weight=412.05862481752411 731.20991496508941 1015.6576164718717 479.41012381948531 632.98384898575023 106.58619300404098 589.67734655970708 106.16750740259886 1819.7149035644252 377.90900922007859 376.92793715768494 3736.9040121925063 937.76802728709299 164.93065559747629 589.71294857538305 489.29790280468296 596.53138124383986 1534.7018919348484 500.19513365824241 375.94091478677001 3877.2561227851547 421.88874248531647 446.77030309254769 670.8006907843519 497.54045861365739 376.0567943881033 4002.462046041619 423.29045215481892 237.65143057855312 86.517677880590782 280.66818434000015 1504.9453446490224 310.01886775402818 117.63659980252851 6469.0290413289331 93.115961354924366 117.48683718056418 361.27127588028088 87.44917683058884 458.52898428228218 4161.6314958940493 208.4150956205558 855.28671274078079 644.89628568873741 285.9087000816362 273.99400228750892 112.77821388444863 7308.7630320138996 1089.2584292599931 891.23474132677075 335.60239312250633 1486.8840349646052 1594.078566194512 791.31553792976774 1518.1228526998311 5485.2814850886352 222.88074463710655 70.633916277321987 159.41372090927325 504.06691957905423 418.01251176837832 2888.2866561982082 307.55455076612998
leaf_count=154817 2849 739 6242 460 343 31227 50 4505 4050 13751 13601 29573 1550 19157 2158 1378 6003 9532 6479 28682 32972 2824 6785 1460 18366 6113 5457 3473 2679 2746 5595 4793 294 6839 595 1397 5103 1061 28447 18464 5266 1703 1550 1329 2704 131 39138 861 19868 4005 3788 3860 2736 20124 8861 2513 8204 1169 11701 37478 16973 15760
internal_value=0.012868 0.0110291 0.0114009 0.010847 -0.00418984 0.0125042 0.0236077 0.0283605 0.00331438 0.0102006 0.0113053 0.0109597 0.0187724 0.00761707 0.00325122 0.0210777 0.027534 -0.0192195 0.0070274 0.0215552 0.00825264 0.0187129 0.00245822 -0.00784336 0.0160807 0.0241194 0.00231251 -0.0201679 0.0223539 0.0126714 0.0459334 -0.0297906 -0.047293 0.0366572 -0.0348033 0.0070625 -0.0229551 0.00674632 -0.0376997 0.0362645 0.0163882 0.0294145 0.0133024 -0.00878779 -0.0433165 -0.0329844 0.0235418 0.0137948 -0.047829 0.0130962 0.0035985 0.0297218 0.0138108 -0.0456548 0.0311532 -0.00705007 0.0236954 -0.043041 -0.0403142 -0.0213287 0.0211619 -0.00962309
internal_weight=68029 61812.5 61400.4 60384.8 5994.6 54390.2 9345.35 8865.94 2197.62 45044.8 4369.89 44271.7 13275.7 30996.1 23404.9 7591.19 7001.47 1096.73 21545 12652.2 21169.1 7546.29 13622.8 7756.89 5865.92 6789.5 6194.85 726.949 5444.03 3852.57 1591.46 756.789 540.927 6668.31 199.283 5653.92 946.261 584.99 623.46 5904.75 1743.12 6062.55 2060.09 1204.8 559.903 773.089 12275.3 4966.51 1562.04 4707.66 2996.1 1711.57 2660.49 1624.71 6216.49 1173.61 183.412 382.294 1859.85 922.079 3476.51 588.223
internal_count=702331 690621 535804 535065 34528 500537 22281 16039 8555 478256 14061 438694 112429 326265 266465 59800 40643 10910 187713 82432 181234 26647 154587 59496 95091 19030 32843 5631 62119 53845 8274 7617 5751 7484 645 27092 7624 2521 29997 29733 11269 13399 7286 5583 4033 39562 68681 29543 26653 19468 14211 5257 10206 20467 11710 6418 8335 3682 78752 49179 35479 18506
cat_boundaries=0 4 8 12 16 19 23 27 31 35 39 43 47 51 55 59 62 65 68 72 75 78 82 85 88 92 95 97
cat_threshold=2107468 3089138593 753708 80 2722828433 125842508 549458258 290 2370880514 67131392 67136896 416 1611596209 10420252 2699034688 6 262144 1074860096 2197815808 33042 67521544 1076892819 128 2316550176 55053312 264321 523 17 0 335544384 4 2281702656 67387392 1076887554 512 2227782657 4726800 473964544 777 2568160416 33554432 67389440 288 747635201 524290 134242560 544 46661632 524310 8192 5 603996673 25165824 549453824 8 3791864865 16777220 805332992 512 0 8388608 268435456 939524224 16777218 536887360 268435456 25165824 268435456 1086328849 139286 1006633024 132 50348064 25165824 603979776 2147685504 0 8650752 25710753 63447058 813965584 36 1912602624 8388610 536871168 1241645056 25165824 545261824 2290171936 1146444880 3255837827 512 272 8 2097168 67109376 4194304
is_linear=0
shrinkage=0.05


Tree=58
num_leaves=63
num_cat=0
split_feature=13 35 20 43 28 48 48 48 28 43 44 48 48 44 28 48 44 44 44 29 38 43 18 36 43 43 28 48 43 48 18 48 18 17 44 11 32 19 44 48 48 48 48 44 42 44 43 48 48 18 19 35 48 18 43 43 44 28 48 28 29 19
split_gain=872.855 512.951 359.368 498.069 397.723 792.037 769.569 384.936 351.653 1016.38 676.137 1052.36 668.618 547.244 492.594 1568.47 785.59 505.461 445.992 449.089 433.139 417.53 479.954 411.41 373.552 605.627 1660.11 520.719 539.332 448.173 865.361 518.028 471.786 378.11 361.599 355.829 448.092 353.353 422.244 850.404 374.445 834.277 409.704 667.515 406.776 351.546 415.024 785.953 320.856 317.839 313.552 301.994 292.317 285.565 281.822 314.701 911.122 877.21 391.405 266.398 334.805 329.201
threshold=9.854166507720949 2.1499999761581425 -1.0000000180025095e-35 -0.9769422411918639 0.055752867832779891 -0.99731963872909535 -0.99521785974502552 0.85849907994270336 0.033333335071802146 -0.99940761923789967 -0.73865258693695057 0.85849907994270336 0.78807106614112865 -0.99983122944831837 0.017647059634327892 -0.24726612120866773 -0.26037105917930597 -0.17646729946136472 0.7074720859527589 0.71634817123413097 21.500000000000004 0.90892735123634349 0.68333333730697643 7.5000000000000009 -0.99904707074165333 -0.33425341546535486 0.050299357622861869 -0.79120641946792591 0.97696486115455639 -0.79120641946792591 13.775000095367433 -0.57472810149192799 2.5499999523162846 0.35416667163372045 0.054805127903819091 66.041667938232436 1.0000000180025095e-35 2.5000000000000004 -0.45273527503013605 0.86428347229957592 0.79544854164123546 -0.17548771947622296 -0.24726612120866773 0.089118976145982756 0.58216583728790294 -0.95242238044738758 1.0000000180025095e-35 -0.62566912174224842 -0.37872801721096033 91.854167938232436 2.5000000000000004 3.1499999761581425 0.41380959749221807 1.3541666865348818 0.9260200858116151 -0.86546283960342396 0.10623887926340105 0.0098039219155907648 -0.71824327111244191 0.060723030939698226 3.4047213792800908 2.5000000000000004
decision_type=10 2 10 2 2 2 2 2 2 2 2 2 2 2 2 2 2 2 2 2 2 2 10 2 2 2 2 2 2 2 10 2 10 10 2 2 2 2 2 2 2 2 2 2 2 2 2 2 2 10 2 2 2 10 2 2 2 2 2 2 2 2
left_child=1 -1 3 -3 5 -4 -6 59 10 -10 11 13 14 -7 20 17 -17 -16 19 -11 54 22 -14 -24 -21 26 29 28 -27 30 -26 32 -31 -32 -22 -15 50 40 39 -39 41 42 43 -33 49 46 47 -29 -5 -43 -37 -20 -18 -48 55 56 57 -12 -58 60 -8 -61
right_child=-2 2 4 48 6 8 7 -9 9 18 12 -13 21 35 15 16 52 -19 51 24 34 -23 23 -25 25 27 -28 45 -30 31 33 37 -34 -35 -36 36 -38 38 -40 -41 -42 44 -44 -45 -46 -47 53 -49 -50 -51 -52 -53 -54 -55 -56 -57 58 -59 -60 61 -62 -63
leaf_value=0.0056930181870525629 0.036534372171468682 -0.044565883796437125 -0.065157939532344195 0.02532591390624668 0.046647515751515177 0.046451664294805073 -0.018146651090545796 -0.092940993665315483 -0.12122173856257817 -0.047608933724957565 0.0328963672811717 0.026844968141771355 -0.10361919565688671 0.022956479429389529 -0.0084338155344139461 -0.11399603257922922 0.042693546072862826 -0.11531985396308836 0.021411481080695665 0.050779884074609739 0.0017009723022736083 0.029932022059572752 0.0096884215368778486 -0.08971335944320219 0.04485670364755312 -0.089202464013769453 -0.068019536187541904 0.040540617593773275 0.042889474381406327 -0.0075812156426613379 -0.16033682346039366 -0.11215631918612333 -0.12900455829941357 -0.0092750401662435658 -0.1084294529438759 -0.085185267030928546 -0.088171625230328537 -0.10851525333756501 0.036516707298034363 0.033246666603175261 0.030953102568722093 -0.10711248638269251 0.044224547119569704 0.023977808110242985 -0.00081422070320394553 0.047366338258193606 0.042130911522836496 -0.098747218366325162 -0.013845478278282752 0.049003542530520361 -0.0008547268745942695 -0.080148593441843385 -0.0261249659283628 -0.02250481327211128 -0.033958654058185704 0.040064657095968237 -0.0045904940997250543 -0.098415527961682847 -0.1105839191746576 -0.051663777665853575 -0.1070671045519769 0.02966795956646448
leaf_weight=26077.012440812541 3554.7582977311686 563.44254313781857 286.07747066370212 1203.0068441982148 581.75045905564912 168.26776947709732 832.65259975625668 162.13552218012046 120.92164759954903 208.50246776035056 3412.9824146634201 1072.1161094546551 212.51891694427468 150.18517425493337 168.12844176858198 95.996287125977688 1208.922943481477 323.29800727462862 128.70979984337464 1417.674142567208 600.88277299026959 298.89481992204674 415.14161575830076 138.93009226035792 2588.772971017519 164.92613717331551 556.63250687939581 220.73509664437734 145.40500696364325 278.35452218656428 70.198738327249885 136.27040027431212 112.26222151541151 101.05598309775814 85.088095952058211 155.58360823139083 610.1195573216537 160.43169697665144 2533.4787428491982 310.60948425834067 756.54835075442679 329.7999744565459 549.90969931287691 265.46147165400907 185.64632758963853 4088.2089137668954 1289.9344626222737 187.13930400693789 924.5330085423775 36.179047208512202 378.07975135382731 169.71076262020506 176.88376232725568 196.97782625001855 172.04259708488826 4279.0380364535376 177.07679092395119 132.10782351065427 171.4075529173715 161.29522606998216 121.27799129951745 544.17249432916287
leaf_count=588687 4364 2846 2102 2761 690 185 5204 1904 885 1612 5027 2232 2143 201 645 920 1325 3155 748 775 1920 832 1240 1843 2366 1909 5347 408 388 857 567 980 893 384 920 1956 6849 1406 3315 461 1339 2554 512 508 561 4158 1491 1786 4681 20 1747 2305 831 840 1635 5904 680 961 1680 1880 1234 1772
internal_value=0.0124251 0.0110727 0.0148342 -0.00276615 0.0162029 0.0176674 -0.00341832 -0.019408 0.0184098 0.0232306 0.0126956 -0.0107826 0.0176256 -0.0383712 0.0212876 -0.00134384 0.0243277 -0.0787516 0.0242467 0.0253172 0.0262327 -0.0201939 -0.0397381 -0.015236 0.0262287 0.0239486 0.0156073 0.0358396 -0.0273111 0.0211391 0.0376558 0.0130777 -0.042478 -0.0711965 -0.0119596 -0.0494016 -0.0589026 0.0172 0.0284344 -0.015036 0.00226331 -0.0121754 0.0161837 -0.0221999 -0.0610994 0.0391152 0.0213124 -0.0233669 0.00830379 -0.0916796 -0.0254404 -0.0363454 0.0339096 0.0335683 0.0293723 0.0307054 0.0204197 0.028003 -0.056725 -0.0122233 -0.0294516 0.0110726
internal_weight=66926.3 63371.5 37294.5 2690.98 34603.5 32200.2 2403.28 1821.53 31914.2 17310.5 14603.7 2534.35 12069.3 1462.24 11003.9 1973.23 1481.8 491.426 17189.5 16891.1 9030.63 1065.49 766.591 554.072 16682.6 15264.9 8971.61 6293.33 310.331 8414.98 2760.03 5654.95 390.617 171.255 685.971 1293.97 1143.78 5264.34 3004.52 471.041 2259.82 1503.27 951.642 401.732 551.625 5983 1894.79 407.874 2127.54 365.979 533.663 298.421 1385.81 1486.91 8344.66 8172.61 3893.57 3545.09 348.484 1659.4 953.931 705.468
internal_count=702331 697967 109280 10288 98992 86308 12684 11994 84206 39375 44831 13170 31661 10938 25603 6876 3076 3800 38490 35437 18727 6058 5226 3083 33825 33050 22070 10980 2297 16723 3317 13406 1750 951 2840 10753 10552 11656 5182 1867 6474 5135 2000 1488 3135 8683 4525 2194 7442 2574 3703 3053 2156 2331 15887 14252 8348 5988 2360 10090 6438 3652
is_linear=0
shrinkage=0.05


Tree=59
num_leaves=63
num_cat=0
split_feature=5 35 41 48 44 34 48 35 35 24 21 46 15 44 35 29 26 48 48 11 48 46 11 48 48 48 44 26 48 28 11 27 46 44 48 48 44 48 48 44 44 48 44 26 28 7 48 38 48 44 28 41 48 48 26 41 48 35 38 39 28 19
split_gain=850.026 538.032 375.999 641.497 397.415 359.252 342.719 427.296 370.796 432.828 360.784 352.449 330.934 311.814 332.394 319.491 321.48 293.245 663.031 585.613 352.615 309.176 397.145 274.159 484.316 678.529 445.339 340.429 357.075 395.127 318.365 328.238 369.226 357.214 640.79 1280.58 512.882 702.208 511.917 587.911 424.951 1041.86 610.359 448.978 414.088 399.028 389.776 386.234 375.897 503.085 462.083 354.204 350.825 923.175 637.162 391.789 323.763 345.766 323.595 318.392 314.357 309.227
threshold=0.35000000894069677 7.2500000000000009 -0.22695468366146085 -0.94929715991020192 -0.94703993201255787 15.949999809265138 -0.98941165208816517 1.2500000000000002 5.5499999523162851 0.02023668680340052 -0.14583333581686017 -0.51811265945434559 34.416666030883796 0.22491560876369479 9.5500001907348651 1.3625462651252749 -0.026087832637131211 -0.10008518025279044 -0.40316548943519587 46.125000000000007 0.94941526651382457 0.38623838126659399 60.708333969116218 -0.95311623811721791 -0.93347823619842518 -0.89186012744903553 -0.42958799004554743 -0.075158104300498949 0.86428347229957592 0.013725490774959328 103.62500000000001 0.063448023051023497 -0.07472288608551024 -0.57077232003211964 0.85203769803047191 0.30355747044086462 -0.83375966548919667 0.268782988190651 0.70675188302993786 0.22491560876369479 -0.082691941410303102 0.268782988190651 0.12332734838128091 0.010994039475917818 0.050299357622861869 14.150000095367433 -0.77626344561576832 18.500000000000004 0.96395421028137218 -0.98801845312118519 0.055752867832779891 -0.16280825436115262 -0.036979619413614266 0.30355747044086462 -0.010355031117796896 -0.88144907355308522 0.99260476231575023 3.1499999761581425 28.500000000000004 0.95649999380111705 0.0098039219155907648 1.5000000000000002
decision_type=10 2 2 2 2 2 2 2 2 10 10 2 10 2 2 2 8 2 2 2 2 2 2 2 2 2 2 10 2 2 2 2 2 2 2 2 2 2 2 2 2 2 2 10 2 2 2 2 2 2 2 2 2 2 10 2 2 2 2 2 2 2
left_child=1 6 5 12 -5 13 7 11 -9 -10 -8 -1 -4 15 -15 16 -3 18 21 -20 -19 -6 -23 -12 26 60 -25 28 29 -27 -29 32 -32 34 35 36 46 -38 40 51 44 42 45 61 52 59 -33 -43 50 -50 -36 -40 -35 -54 -55 -56 57 -53 -48 -42 -26 -44
right_child=-2 2 3 4 17 -7 10 8 9 -11 23 -13 -14 14 -16 -17 -18 20 19 -21 -22 22 -24 24 25 27 -28 30 -30 -31 31 33 -34 38 48 -37 37 -39 39 -41 41 47 43 -45 -46 -47 58 -49 49 -51 -52 56 53 54 55 -57 -58 -59 -60 -61 -62 -63
leaf_value=0.023878194157173186 0.045149878525655524 0.015471260879692056 -0.10532056674380992 -0.051123501840822594 0.020622638428682491 -0.055675750410397323 -0.01053439399357174 0.03682251402740469 -0.1196043951062965 0.035653547689289376 -0.012528649463597837 -0.050341622852833771 0.054534627227570291 0.010754761394670817 -0.089581938055525834 0.028796112494953743 -0.081239713013149972 0.026479401729775205 0.049256193127730413 -0.12418139535214844 -0.03488860300070315 0.048438050879827776 -0.067120936678947613 -0.026237874841948689 -0.00073304706218102998 -0.079153273810376165 0.044200763544601118 0.021273612282718041 -0.037190179702199226 0.0434854117016008 0.0065023640985742209 -0.060347018254876761 -0.016197708176231652 0.037413515814278438 0.037177286258888463 -0.052460344568907281 -0.046004006264572739 0.055980422881289717 -0.052864404538058442 0.017665556019047429 -0.088974861995598398 0.035170961515208786 -0.06761381861498876 -0.032948627378620733 -0.033094788586524572 0.060411095725598329 0.018480848785511629 -0.048906428197603324 0.033048026553698984 -0.053598606005318052 -0.064932791990974653 -0.061397021203304605 -0.064602321891851874 -0.091737075875695406 -0.094750029532012031 0.039802296919935053 0.038017066861587095 0.0062251620214744535 -0.072886342220606484 0.019600653276916513 -0.069618120920641277 0.022123515073866812
leaf_weight=319.08267383335624 1874.0890489155427 248.84963953495026 175.81780645344406 240.19919466704596 1360.1756263239076 138.6283288403647 2733.868607395445 2592.7371574318968 84.732722855522297 95.465700618340634 1532.1181696426356 320.74015133560169 39.684122592676431 292.69308550574351 114.96208168764133 9813.4664873584406 131.25169694749638 3610.1784393726848 66.509931147098541 181.45387699943967 250.30498408677522 106.8278321637772 244.55740127712488 261.80886891600676 279.96602815494407 68.723644871497527 1570.1212976210518 3829.285768025904 175.53272085741628 1482.1055332976393 4155.2094977871748 175.62988901068456 3148.8179396494525 4322.1317740923259 1961.1507912507514 1287.9010845613666 884.07544435095042 208.61529422050808 661.62966360687278 1640.6789545809152 451.94426163542084 2442.9361032337183 103.76113621587865 733.84009317751043 276.80021233693697 62.917045872658491 3486.8694790623849 144.68407092778943 324.82166375569068 345.94020302523859 117.42983516154345 336.76537169178482 327.9996530523058 105.7611919362098 56.092245290754363 1524.4411957749398 297.30402336036786 430.92763468704652 99.678564527654089 79.380336774280295 405.5065827940125 1283.4555111364461
leaf_count=8358 1531 579 1607 1434 2862 765 28253 5088 777 119 32086 17031 23 892 1099 13837 867 6244 32 1626 1243 63 1589 4077 3250 1864 8086 8586 3119 6457 104174 5047 111092 14456 7526 28790 19434 702 13325 37586 9877 23046 6384 35505 10514 18 26475 5008 1697 8348 3038 9436 4348 1766 963 4811 1847 1461 3087 224 17028 21874
internal_value=0.0119568 0.0109886 0.0186118 0.00888864 0.0119032 0.0242934 0.00824222 0.0235038 0.0320023 -0.0373517 0.00705359 -0.0133278 -0.0758836 0.0253392 -0.017541 0.027054 -0.0179237 0.0145043 -0.00124885 -0.0776612 0.0225004 0.00982146 -0.0319888 0.00822393 0.00902781 0.00780851 0.0341341 0.00872084 0.0304004 0.0380508 0.00766085 0.00600495 -0.0032838 0.00881131 0.00084322 -0.0081364 0.00362187 -0.0265333 0.0134472 -0.00376691 0.0183117 0.0077673 -0.0138677 -0.00132017 0.0267669 -0.0586544 0.0123802 0.0304699 0.0209061 -0.0116393 0.0314086 -0.0241325 0.0293818 0.0121481 0.0270767 0.0350271 -0.00628281 -0.0234388 0.0159415 -0.0727536 -0.0414835 0.0154113
internal_weight=66121 64246.9 17015.6 6275.71 6060.21 10739.9 47231.4 3412.76 2772.94 180.198 43818.6 639.823 215.502 10601.2 407.655 10193.6 380.101 5820.01 1959.52 247.964 3860.48 1711.56 351.385 41084.8 39552.6 37720.7 1831.93 37035.2 1726.36 1550.83 35308.9 31479.6 7304.03 24175.6 8892.11 6142.77 4854.87 1092.69 15283.5 3367.31 11916.1 5302.92 2715.3 2121.06 6613.23 594.242 3762.18 2587.62 2749.34 670.762 2078.58 1726.63 6336.43 2014.29 1686.29 1580.53 1065 767.693 3586.55 531.325 685.473 1387.22
internal_count=702331 700800 34762 16723 15093 18039 666038 31373 5984 896 634665 25389 1630 17274 1991 15283 1446 13659 6172 1658 7487 4514 1652 606412 574326 562163 12163 541885 11440 8321 530445 521859 215266 306593 104144 83535 54745 20136 202449 63655 138794 101936 73882 63763 36858 10119 34609 28054 20609 10045 10564 26069 26344 11888 7540 5774 12744 10897 29562 10101 20278 28258
is_linear=0
shrinkage=0.05


Tree=60
num_leaves=63
num_cat=0
split_feature=1 35 43 19 41 30 43 30 43 32 20 43 47 41 34 35 30 43 43 43 43 41 43 32 43 33 39 47 10 32 37 39 46 45 27 26 32 43 43 30 29 30 24 37 32 40 43 26 34 43 43 24 29 43 43 43 41 38 46 29 39 37
split_gain=775.719 496.83 496.985 630.642 393.62 356.668 285.896 585.47 263.406 362.751 262.027 326.28 309.936 261.063 244.66 224.832 305.785 289.82 416.226 454.027 590.336 521.526 418.51 423.589 388.424 641.244 490.085 388.129 341.728 328.961 324.469 306.339 414.298 343.783 300.605 310.389 284.751 271.822 256.988 434.084 374.789 340.413 294.075 284.677 249.875 328.939 423.265 259.518 231.781 266.291 241.967 224.469 221.621 218.755 305.289 332.195 226.104 216.583 214.24 237.102 212.01 209.615
threshold=1.1500000357627871 5.2500000000000009 -0.99904707074165333 4.5000000000000009 -0.68322628736495961 0.39154075086116796 -0.99940761923789967 0.17462912201881411 0.93845596909523021 0.086206898093223586 -1.0000000180025095e-35 -0.98664820194244374 -0.87085324525833119 0.41248606145381933 4.7500000000000009 1.0000000180025095e-35 0.019272486679255966 0.40614137053489691 0.15951094031333926 1.0000000180025095e-35 -0.9193688929080962 0.77259656786918651 -0.88218119740486134 0.12068965658545495 -0.81923159956932057 0.35000000894069677 0.65450000762939464 0.26717703044414526 62.791666030883796 1.0000000180025095e-35 1.5860000252723696 0.92149999737739574 0.59158074855804454 1.0000000180025095e-35 0.18375992029905322 -0.065956190228462205 0.086206898093223586 -0.93235439062118519 -0.99549928307533253 0.1139642857015133 4.9103784561157235 0.20181877911090854 0.0025102047948166732 2.3514999151229863 0.086206898093223586 5.0030000209808358 -0.94423642754554737 -0.0054392982274293891 0.35000000894069677 -0.17647087574005124 -0.21861968189477918 -0.026131558232009407 2.0201785564422612 0.90892735123634349 -0.85671821236610401 -0.8978554606437682 1.0000000180025095e-35 21.500000000000004 0.56153643131256115 5.002582550048829 0.2519999966025353 2.7055000066757207
decision_type=10 2 2 2 2 2 2 2 2 2 10 2 2 2 2 2 2 2 2 2 2 2 2 2 2 2 2 2 2 2 2 2 2 2 2 10 2 2 2 2 2 2 10 2 2 2 2 10 2 2 2 10 2 2 2 2 2 2 2 2 2 2
left_child=1 5 6 4 -4 8 7 -3 14 13 11 -6 51 -10 15 44 -17 18 19 20 21 29 23 -22 25 27 48 -24 -20 -18 36 33 -33 -28 35 -32 -19 -23 40 43 -31 58 -43 -40 47 -46 -47 -1 -26 50 52 -12 -50 54 55 56 -49 -25 -41 -60 -45 -11
right_child=-2 2 3 -5 10 -7 -8 -9 9 61 12 -13 -14 -15 -16 16 17 30 28 -21 22 37 24 57 26 -27 31 -29 -30 38 34 32 -34 -35 -36 -37 -38 -39 39 41 -42 42 -44 60 45 46 -48 53 49 -51 -52 -53 -54 -55 -56 -57 -58 -59 59 -61 -62 -63
leaf_value=-0.011876232112368774 0.040034485455375378 -0.10643163719462903 0.023656319629370925 -0.079922515986795339 -0.1003887180631699 -0.017564006252248774 0.047057587675240313 0.031027824499054432 -0.061086444508627449 0.044984499417459009 -0.082524960056345575 -0.0057847349945706322 0.014148934917880286 -0.0068172511649431423 -0.070500807189359083 0.038476325676814187 -0.083579055308017097 -0.056109235334715783 0.029791138589883134 0.029530579821745041 -0.06811387729145664 -0.029333143661953932 -0.056276912976071403 -0.067800742771315856 0.013154705767297523 0.043561507436258973 0.0061467695431514291 0.012894609967566873 -0.033253036445009251 0.017041683133078082 0.041814745277120001 -0.067201904821293151 0.047627768975926937 -0.060469049463662009 0.048784604730973395 0.011429241617470729 0.046191973403930837 0.039910991149324233 -0.084417942158839548 0.039252469086717978 -0.032464632195157939 -0.022794034224543347 0.02533977782638926 0.027733844969980784 -0.028616970118469844 0.39968254742153092 0.026640117994344032 0.02157413701810372 -0.040556252036838283 -0.062314718271282238 0.035993332473896349 -0.0053384036704416452 -0.00068902142000373844 0.042626935580915605 -0.0010145230885230227 0.068931262626366438 -0.060320122279844381 0.05975488542818426 -0.02636138820914833 0.032434933368729761 -0.034933258300296137 -0.065385961290078745
leaf_weight=1692.2450132156955 2320.5645747666713 96.156704100314528 7763.0540071579162 177.51303285220638 103.25288356898818 1405.0723205039976 1867.314412530046 398.45969284372404 405.00994274555705 295.42351501306985 101.74692017992493 776.93867925740778 10988.761982833385 489.36523197696079 96.888373960624449 977.74273810826708 77.833829511539079 248.68162509909598 271.5389721399406 2388.0028399574803 450.28360928711481 893.53701510489918 329.49959788750857 45.759123993339017 2208.4305486673256 1138.1831879467936 252.06041738460772 527.38810173422098 1031.3460360285826 1408.2107453468489 1045.3619007236557 118.82658859249204 231.74102244665846 836.09356954472605 889.36841777991503 4287.6185863724095 93.631824785145 168.44745988456998 117.92482212686446 4023.7377661847277 524.76386447285768 529.39939813117962 792.10785720532294 318.23774791613687 932.63488866714761 9.9124801335856301 32.649120329529978 594.50563179468736 473.10491015505977 216.09825327363797 320.24248463800177 1268.5029916377971 1324.5506909847027 490.06277799757663 2953.480159736122 364.5288702523103 98.205704514170066 122.0148506143596 279.65755371784326 443.20345563301817 234.35168850107584 50.35049851750955
leaf_count=92530 2603 599 13956 1663 701 18314 1204 522 43920 3301 812 2757 27335 22789 856 5849 1510 7115 607 10364 7794 10082 5355 1173 29486 2297 4191 3791 17908 4526 3083 2070 880 13860 1922 40291 642 794 1769 8623 3256 3528 2130 760 82279 116 1589 8627 6653 3121 951 4409 9962 6526 131588 2757 4764 231 1905 892 2724 3782
internal_value=0.0116434 0.0105992 0.0163501 0.0139241 0.0147173 0.0071759 0.0381046 0.00430479 0.00808721 -0.0145785 0.00947572 -0.0168825 0.0113529 -0.0313926 0.00884888 0.00905776 0.0109795 0.0100415 0.00730103 0.00901878 0.00635752 0.0147383 -0.00321011 -0.0428473 -0.000138729 0.0189659 -0.00651125 -0.013704 -0.0201138 0.0187544 0.019266 -0.0319426 0.0087057 -0.0450381 0.0218733 0.0173854 -0.0281271 -0.0183499 0.0196729 0.024283 0.00360171 0.0285014 0.00605724 -0.0138933 0.00111158 -0.0224135 0.113521 0.004816 0.00154361 -0.00944282 -0.00404808 -0.0110698 -0.0111812 0.0110921 0.00723891 0.0302955 0.00996399 0.024965 0.0347501 0.00968805 0.0011569 0.0289127
internal_weight=65411.6 63091 23541.7 21179.8 21002.3 39549.3 2361.93 494.616 38144.2 1240.15 13239.2 880.192 12359 894.375 36904.1 36807.2 29639 28661.2 22096.6 20793.7 18405.7 9811.41 8594.28 618.058 7976.22 1995.07 5981.15 856.888 1302.89 8749.43 6564.66 1438.72 350.568 1088.15 6222.35 5332.98 342.313 1061.98 8671.59 6738.62 1932.97 6068.11 1321.51 670.514 7168.22 975.196 42.5616 6193.03 4542.43 2334 2117.9 1370.25 1797.66 4500.78 4010.72 1057.24 692.711 167.774 4746.6 722.861 552.589 345.774
internal_count=702394 699791 53958 51633 49970 645833 2325 1121 627519 73792 36014 3458 32556 66709 553727 552871 222095 216246 163193 144678 134314 42499 91815 9198 82617 11443 71174 9146 18515 31623 53053 21001 2950 18051 45296 43374 7757 10876 30113 22331 7782 17078 5658 5253 330776 83984 1705 246792 50173 20687 17566 5221 16615 154262 147736 16148 13391 1404 11420 2797 3484 7083
is_linear=0
shrinkage=0.05


Tree=61
num_leaves=63
num_cat=25
split_feature=4 0 22 30 0 44 44 0 44 44 0 44 0 0 28 48 48 0 0 44 11 0 0 44 0 44 0 48 48 18 32 0 0 44 29 45 0 0 48 48 44 44 44 31 0 0 28 28 0 0 0 0 32 18 30 0 48 48 32 0 7 0
split_gain=745.031 480.882 387.457 399.406 547.743 335.838 395.108 2666.74 676.365 988.431 959.055 766.646 990.81 542.945 534.156 988.045 498.469 1171.24 626.72 651.733 473.525 564.582 484.689 451.602 443.458 418.885 1050.96 408.982 401.857 401.203 398.556 1200.24 1107.08 700.37 443.527 422.115 514.512 465.417 440.711 811.235 506.09 425.207 545.703 396.232 395.096 378.69 532.045 503.663 780.153 352.579 351.427 548.266 336.292 332.731 359.7 354.251 327.428 364.332 314.629 310.323 301.391 294.85
threshold=0.25000000745058065 0 0.64583334326744091 0.4015099704265595 1 -0.99983122944831837 -0.95242238044738758 2 -0.94137725234031666 -0.92272481322288502 3 -0.90892156958580006 4 5 0.050299357622861869 0.83186858892440807 -0.92415645718574513 6 7 -0.61236745119094838 49.791666030883796 8 9 -0.77243989706039418 10 0.22491560876369479 11 -0.99262195825576771 -0.89743253588676442 54.062500000000007 0.086206898093223586 12 13 -0.77243989706039418 5.7737748622894296 1.0000000180025095e-35 14 15 0.38025361299514776 0.17354981601238254 -0.84313312172889698 -0.21022038161754605 -0.19337245076894757 0.12068965658545495 16 17 0.013725490774959328 0.017647059634327892 18 19 20 21 0.05172413773834706 38.562500000000007 0.12017241120338441 22 -0.024620162323117253 -0.56416276097297657 0.086206898093223586 23 12.750000000000002 24
decision_type=10 9 10 2 9 2 2 9 2 2 9 2 9 9 2 2 2 9 9 2 2 9 9 2 9 2 9 2 2 10 2 9 9 2 2 2 9 9 2 2 2 2 2 2 9 9 2 2 9 9 9 9 2 8 2 9 2 2 2 9 2 9
left_child=1 -1 3 5 -5 50 7 14 -8 10 -10 12 -11 58 15 44 17 27 19 24 21 -20 -23 -19 -18 29 -27 52 -22 -25 32 -32 35 -33 45 36 -30 38 39 40 -37 -42 -43 -9 -7 46 -35 -47 -49 -40 -3 -52 -15 54 55 -34 57 -57 -13 -4 -38 -21
right_child=-2 2 59 4 -6 6 8 43 9 11 -12 13 -14 16 -16 -17 18 23 20 61 28 22 -24 25 -26 26 -28 -29 30 -31 31 33 53 34 -36 37 60 -39 49 -41 41 42 -44 -45 -46 47 -48 48 -50 -51 51 -53 -54 -55 -56 56 -58 -59 -60 -61 -62 -63
leaf_value=-0.048772344892703136 0.045839938093547916 0.048439441760492918 -0.0020990009463859845 0.0084031782712528976 -0.048704738744588499 -0.0095585535366646043 0.036307568792965171 -0.066253742705629101 0.049175031552266081 0.055163022182408109 -0.081725814071363909 -0.050891154021761933 -0.049443730862305246 0.03177178420188162 0.034564983061952402 0.035439432153124888 0.014492973852868019 -0.044704341394029123 0.049173358186030552 -0.060349109548720116 -0.054634793192926127 0.016524113657670557 -0.077898817463532458 0.037175357394982504 -0.058620470200703358 0.053518279113412504 -0.073583585434386298 -0.059476655336422414 0.019676275473580231 -0.055488635495409583 -0.067611836773410788 -0.073275743855210393 0.0156742376398878 -0.079874024674143215 -0.019105972358079232 0.036923029727694824 -0.068332856285924212 -0.065691197598708548 -0.0032825049809047362 0.03598698156118995 -0.098271713921324236 0.044432675246051406 -0.075336123656653251 0.015461092466696094 -0.07315045955984914 0.036486086842728763 0.049244973047025631 0.021414916323356625 -0.076880852853555254 -0.077584517718197826 0.034130047862959569 -0.076095045277794593 -0.056203563445161545 -0.045407544040636717 0.021523619847465449 -0.01108938425877707 0.0024443261476178469 -0.083804160647422216 0.0081991296886094571 0.030381826412733143 0.055492820524546009 0.0027162997289449822
leaf_weight=332.67425482376711 1514.5407297476195 1096.5972599699162 912.17131854407489 1072.3926697025308 679.14794470916968 637.11085363011807 2522.2496671009576 1436.2599650074262 183.54580554261338 1682.7325519579463 531.85340172762517 586.48490842652973 255.45199173945002 341.20826503925491 2280.1990217778366 970.0366378875915 276.62015383294784 201.70043900154997 1628.3821244407445 180.9247736899415 245.92175216414034 781.8105342858471 154.0711395049002 5867.1906474190764 826.55760927696247 330.37370161199942 301.70697577355895 522.51227539870888 1283.4855582745513 119.18335289345123 354.28810045693535 171.94209568819497 3461.2982880930649 82.134615312330425 438.68110601941589 192.64135782420635 303.9814827805385 602.17801537236664 266.11516560893506 748.32471038191579 309.52479937369935 178.36882054666057 203.74081705324352 165.4380120789865 397.72586861904711 1422.7455142702674 2786.0575525219319 599.37132411729544 292.44348678889219 422.14381763502024 327.3225553072989 159.53554472560063 159.35962185170501 239.54213339008857 7329.7881054495228 496.90070351108443 1927.4373912607552 263.67127183289267 365.76254082331434 3908.792685757624 58.617638778872788 6325.6816233538557
leaf_count=149218 1219 766 3537 4779 9164 2181 6299 33248 448 2043 7868 44796 3817 2751 5619 1372 2757 2446 1120 17918 4783 1130 897 13426 19419 1104 14159 12461 19258 575 9260 3246 28620 3913 4338 841 21771 14176 2241 1456 4354 150 1972 1660 4297 5102 13707 3494 7592 5111 387 2073 2942 1581 27993 6751 20653 7210 14209 5745 32 84939
internal_value=0.0111842 0.0103538 0.0106727 0.00954321 -0.0139701 0.0102748 0.0096178 -0.00261908 0.0110931 0.00971968 -0.0485963 0.0106348 0.0414054 0.00926852 0.0179699 -0.00081463 0.0101016 0.0214926 0.00754132 -0.00514423 0.0110823 0.0315364 0.000320357 0.0289546 -0.0406874 0.0312431 -0.00746788 -0.0282583 0.00896166 0.0353305 0.0096017 0.0206153 0.00589933 0.0260824 0.0291679 -0.0153993 0.00481865 -0.0268375 -0.0164027 -0.00232655 -0.0347496 -0.0547127 -0.019428 -0.0574548 -0.0347985 0.0332539 0.0453892 0.0179423 -0.0114401 -0.0500306 0.0329753 -0.00279351 0.00376416 0.0129948 0.0140423 0.00512483 -0.00848618 -0.0362978 -0.0279013 0.0242948 -0.0470185 0.000874107
internal_weight=64716.7 63202.1 62869.4 58048.5 1751.54 56296.9 54713.5 5886.77 48826.7 46304.5 715.399 45589.1 1938.18 43650.9 4285.07 2004.87 42698.6 7843.24 34855.4 7609.78 27245.6 2564.26 935.882 6820.16 1103.18 6618.45 632.081 1023.08 24681.3 5986.37 24435.4 6147.66 18287.8 5793.38 5621.43 4569.12 1646.08 2923.04 2320.86 1632.6 884.276 691.634 382.11 1601.7 1034.84 5182.75 2868.19 2314.56 891.815 688.259 1583.46 486.858 500.568 13718.6 13479.1 6149.31 2688.01 760.572 952.247 4820.96 362.599 6506.61
internal_count=702394 701175 551957 542675 13943 528732 525506 48377 477129 470830 8316 462514 5860 456654 13469 7850 397649 49864 347785 125033 222752 3147 2027 31710 22176 29264 15263 18154 219605 14001 214822 50652 164170 41392 38146 71362 41061 30301 16125 8773 7317 6476 2122 34908 6478 33808 17620 16188 11086 7352 3226 2460 5693 92808 91227 63234 34614 13961 59005 9282 21803 102857
cat_boundaries=0 4 8 12 16 20 24 28 32 36 40 43 44 48 52 56 60 63 67 71 75 78 81 85 89 93
cat_threshold=2107460 3089138593 753708 64 1619100833 76152842 939528960 434 1090589603 58736640 1610629440 5 134217728 0 8388608 144 348653056 30 1622168850 4 135267338 16384 1073742850 144 17142193 123013128 2147492481 33 3586671104 1073878098 170938896 512 32896 94175240 8448 8 536936448 8192 817889344 2 0 0 134238208 67125760 1 100663296 2684363008 256 536875040 94177288 83888513 40 536875008 76349448 0 8 536875008 25165832 67110913 40 16777888 8388608 536870976 570429744 22349824 88342657 32 327680 524288 8388608 12 0 8 67108864 32 1623200272 16777236 5376 268435584 8 12585024 32897 4 2160336960 2 209764386 13989888 84934659 904 2147483648 1073745984 33554432 512
is_linear=0
shrinkage=0.05


Tree=62
num_leaves=63
num_cat=24
split_feature=4 35 0 0 43 30 0 43 48 0 0 43 48 43 28 0 48 0 44 0 48 0 28 0 26 28 44 0 6 0 0 46 0 0 44 0 17 0 43 44 43 0 0 21 48 0 0 44 48 43 48 43 0 43 0 29 35 0 43 48 48 46
split_gain=708.312 490.612 481.524 472.459 427.9 357.322 450.557 319.76 357.513 688.651 548.427 389.42 326.303 282.665 257.868 525.459 230.427 1114.36 539.583 727.389 522.033 401.952 319.655 296.217 284.369 250.175 247.582 828.427 237.203 230.633 199.414 197.564 984.236 437.008 421.095 613.382 358.985 359.527 257.173 365.767 412.346 356.335 261.582 255.652 234.344 306.613 301.177 254.08 242.871 207.165 321.094 207.111 417.065 301.593 279.673 204.284 198.546 193.172 251.363 192.661 192.167 188.075
threshold=0.25000000745058065 6.8500001430511483 0 1 0.70900115370750438 0.39154075086116796 2 -0.99904707074165333 0.56584367156028759 3 4 -0.99549928307533253 0.34664839506149298 0.9937499761581422 0.013725490774959328 5 -0.93347823619842518 6 -0.77243989706039418 7 -0.89186012744903553 8 0.0098039219155907648 9 -0.075158104300498949 0.025490196421742443 0.071972697973251357 10 5.7500000000000009 11 12 0.45421810448169714 13 14 0.14037931710481646 15 1.0000000180025095e-35 16 -0.99549928307533253 -0.21022038161754605 -0.92599865794181813 17 18 -2.8166666030883785 0.31373377144336706 19 20 -0.91595870256423939 -0.86769786477088917 0.91939014196395885 -0.68314909934997547 0.87811094522476207 21 0.73865729570388805 22 4.61962914466858 1.3499999642372134 23 0.52766072750091564 0.98086535930633556 -0.79120641946792591 -0.55898040533065785
decision_type=10 2 9 9 2 2 9 2 2 9 9 2 2 2 2 9 2 9 2 9 2 9 2 9 10 2 2 9 10 9 9 2 9 9 2 9 8 9 2 2 2 9 9 10 2 9 9 2 2 2 2 2 9 2 9 2 2 9 2 2 2 2
left_child=1 2 -1 -3 7 13 61 -5 10 -10 -9 -12 14 16 15 -13 17 28 19 -19 22 25 23 -18 -20 29 -26 -28 -4 -22 -14 33 -33 34 38 -36 49 43 42 40 -40 -42 -23 -38 45 -34 47 -46 -47 51 -51 53 -53 57 56 -39 -55 -35 -59 -49 -43 -7
right_child=-2 3 5 4 -6 6 -8 8 9 -11 11 12 30 -15 -16 -17 20 18 24 -21 21 31 -24 -25 26 -27 27 -29 -30 -31 -32 32 44 36 35 -37 37 55 39 -41 41 60 -44 -45 46 48 -48 59 -50 50 -52 52 -54 54 -56 -57 -58 58 -60 -61 -62 -63
leaf_value=-0.045863874721396171 0.045205873212294925 0.023922486077034066 -0.051280343604731049 0.037145302629472438 -0.063520525100778533 -0.056740880543315025 -0.05258229569380625 -0.047726001057966677 -0.089480445829965297 0.027163777771478399 -0.081300508174174987 0.035030617623804383 0.040817287148943442 -0.057489662469805018 0.01565150985739263 -0.093098221314660223 0.040376343605184585 0.031007877202353464 -0.10204205702134311 -0.069727433790758089 -0.048971733822183075 0.032645973855634038 -0.063598131457309443 -0.073887298199423523 0.037244226221738244 -0.020735952578425514 0.045710239452808457 -0.053850946931758951 0.047473811148061887 0.0078529711259171936 -0.092432745823856785 0.016524036870948066 -0.0093925302953168088 0.01909775185297027 0.035426161685560079 -0.052853337103576814 -0.084734335788316573 -0.016711419772943482 -0.070751507248421733 0.051402428272511659 -0.016444170695171855 -0.071031988986978281 -0.064144350351978074 0.0090168933676093351 -0.070014994414899376 0.02221570461096253 -0.030059509701259365 0.020456280161769213 -0.065005676954933742 0.034795808449717421 -0.065200268356813015 0.050881352793303164 -0.056641548736020592 -0.064659708674094693 -0.063608913147060173 -0.065012748557677816 0.04843468492137034 0.0081292680375567306 -0.044420079133892038 -0.070873731987781227 0.033426961511573469 0.010676149831612403
leaf_weight=414.30180034606019 1460.374758833088 10322.199574307539 638.32637073588558 909.34354243916459 206.83110528974794 115.96904689772055 531.93650932982564 591.21611855784431 124.73556558135897 2253.2608414022252 128.42640604136977 148.2979243658483 33.787734063342214 161.38494039082434 2806.3560155235464 156.90306875086389 184.58920129202306 379.54363848082721 39.881057014805265 323.53980340040289 182.83602916786913 125.09147837758064 414.23905994324014 70.21653973206412 4014.1132095017238 1754.0482069861609 535.74511767178774 328.8592835450545 67.2086951804813 2417.5250058205565 113.24014814256225 6021.5680694340263 826.39492606127169 5967.6211818178417 370.49734704999719 398.691637521144 75.37144088326022 846.93114890961442 114.6726115802303 1587.5398998482851 437.21779224695638 44.69758565898519 137.62501957220957 2064.5936130108312 93.023598562926054 90.760745085310191 757.38969274959527 1129.4968945120927 661.62808783934452 131.29895568161737 206.60111422010232 705.52620911668055 96.377420870470814 53.750502861104906 241.58337936468888 295.20750675420277 139.59660914167762 4108.2226330635604 240.91061775037088 60.855068988050334 2938.283541696961 958.33543633914087
leaf_count=162269 1219 12507 22823 1033 2738 1070 8908 3232 1014 5313 882 134 36 17691 8262 1905 331 666 628 6379 16833 218 12760 1864 9079 47416 2701 13074 70 21791 1152 50512 10828 42004 5052 31938 654 7432 1800 3754 11602 1410 1850 6986 1316 702 15903 8374 18923 1611 9940 1211 2656 1025 8562 2802 94 36722 5386 1507 19322 4518
internal_value=0.0107853 0.00997837 0.00717252 0.0169954 0.00738454 0.00767958 -0.0154679 0.00941318 0.00544572 0.0207833 -0.00372234 0.00408752 0.00746535 0.00855661 0.0109047 -0.0327427 0.00880847 0.0176081 0.0250286 -0.0158985 0.00726156 0.00809028 -0.0364923 0.00757368 0.0309298 -0.0061296 0.0320168 0.00774718 -0.0412879 0.0036994 -0.0653218 0.0100884 0.00415186 0.0127767 0.0240089 -0.0105581 0.00819973 -0.00643368 0.0289909 0.0314654 0.0225116 0.0256385 -0.0192569 0.00568831 -0.016431 -0.030941 -0.00528631 0.00949394 -0.0537695 0.0122455 -0.0263445 0.0133741 0.0378868 0.0115459 -0.0292394 -0.0289424 0.0161587 0.0132653 0.00520644 0.0157872 0.0317553 0.00336727
internal_weight=63756.6 62296.2 44501.6 17794.6 7472.4 44087.3 1606.24 7265.57 6356.22 2378 3978.23 3387.01 3258.58 42481.1 3111.56 305.201 42319.7 6327.22 5621.68 703.083 35992.5 35323.4 669.045 254.806 4918.6 4354.41 4878.72 864.604 705.535 2600.36 147.028 30969 9641.12 21327.9 6154.32 769.189 15173.6 3282.1 5385.13 5122.41 3534.87 3420.2 262.716 2139.97 3619.55 1578.78 2040.77 1283.38 752.389 11891.5 337.9 11553.6 801.904 10751.7 434.93 1142.14 193.347 10316.8 4349.13 1190.35 2982.98 1074.3
internal_count=702394 701175 662967 38208 25701 500698 14496 22963 21930 6327 15603 12371 11489 486202 10301 2039 468511 55420 32527 7045 413091 398136 14955 2195 25482 86040 24854 15775 22893 38624 1188 312096 108065 204031 76946 36990 127085 17874 39956 37888 34134 32334 2068 7640 57553 30453 27100 11197 19625 109211 11551 97660 3867 93793 9681 10234 1119 84112 42108 9881 20732 5588
cat_boundaries=0 4 8 12 16 20 21 25 28 32 36 39 43 44 48 51 53 56 59 62 66 69 72 76 80
cat_threshold=2107460 3089269665 753708 208 1885077888 25821192 2025848896 447 1771137 1166551104 948175298 770 134250499 37823488 262145 512 75515424 1073758224 51381010 512 16809985 152343987 106776584 2147493505 289 0 16777216 536887360 2421178376 1082135616 436224514 520 268960256 0 939524160 14 1677869568 0 2097152 2148548608 1073741888 2 512 134217728 184947104 55312388 1678784832 291 33811 102057992 2175010193 16 327680 1627525248 20979718 608178240 16 68485120 2164523024 1 0 2147483648 1073808912 1050626 2147483649 4 612925457 73744 12583936 1115689472 6 5242944 536870912 16777216 0 6 1821311776 524304 4160 261
is_linear=0
shrinkage=0.05


Tree=63
num_leaves=63
num_cat=0
split_feature=1 43 44 48 41 43 48 43 44 48 43 43 44 19 43 43 42 48 17 43 43 44 43 35 10 48 35 21 44 28 43 48 48 28 27 28 42 36 32 38 38 48 48 48 43 43 43 39 48 11 26 29 42 48 48 48 48 44 44 48 32 44
split_gain=673.988 419.179 894.986 779.816 423.147 881.326 688.437 1205.56 1152.14 809.961 719.111 654.408 603.365 669.835 651.978 556.114 525.098 506.502 512.194 495.531 484.783 715.254 597.281 453.413 495.757 436.751 420.021 412.005 392.963 787.703 539.624 503.667 485.852 500.047 387.011 431.647 443.829 385.321 416.197 376.056 342.184 334.073 575.62 333.661 1178.29 1143.25 1000.14 670.915 534.126 458.569 394.893 368.876 363.865 344.36 320.586 317.754 416.142 399.756 370.407 333.852 311.777 302.066
threshold=1.7500000000000002 -0.99904707074165333 0.011826144531369211 0.38025361299514776 -0.68322628736495961 0.70900115370750438 0.83896556496620189 -0.51297807693481434 -0.65233206748962391 0.45945061743259435 -0.39826117455959315 0.67802080512046825 -0.099822327494621263 1.5000000000000002 0.95752912759780895 0.72695311903953563 0.72947329282760631 -0.99817660450935353 4.7916667461395273 -0.92599865794181813 0.14250627160072329 -0.86112883687019337 0.57077592611312877 13.84999990463257 5.7083332538604745 -0.99817660450935353 4.7500000000000009 3.3541666269302373 -0.94137725234031666 0.049337463453412063 -0.49813632667064661 -0.56416276097297657 -0.4709175825119018 0.049337463453412063 0.14801238477230075 0.058037718757987029 -0.52778512239456166 9.5000000000000018 0.086206898093223586 11.500000000000002 12.500000000000002 0.60511243343353283 -0.64441558718681324 -0.53431767225265492 -0.98370367288589466 -0.98046803474426258 0.78857997059822094 0.19749999791383746 -0.062120333313941949 42.625000000000007 -0.0051185789052397004 2.6519615650177006 0.77259656786918651 -0.10008518025279044 -0.70946991443634022 -0.074488617479801164 -0.40316548943519587 0.59696555137634288 0.089118976145982756 -0.42594607174396509 0.05172413773834706 -0.89404255151748646
decision_type=10 2 2 2 2 2 2 2 2 2 2 2 2 2 2 2 2 2 8 2 2 2 2 2 2 2 2 10 2 2 2 2 2 2 2 2 2 2 2 2 2 2 2 2 2 2 2 2 2 2 10 2 2 2 2 2 2 2 2 2 2 2
left_child=1 2 40 -4 5 11 8 16 9 10 23 20 14 15 17 -14 19 -10 43 39 25 54 -23 24 -6 -3 41 -20 31 30 -30 -27 -33 -34 35 36 -12 61 -39 -8 -1 42 -15 45 51 -19 47 48 -46 -49 -50 -45 53 -48 -22 56 57 58 59 -28 -17 -9
right_child=-2 4 3 -5 6 -7 7 37 12 -11 34 -13 13 26 -16 60 -18 18 27 -21 21 22 -24 -25 -26 28 55 -29 29 -31 -32 32 33 -35 -36 -37 -38 38 -40 -41 -42 -43 -44 44 46 -47 52 49 50 -51 -52 -53 -54 -55 -56 -57 -58 -59 -60 -61 -62 -63
leaf_value=-0.0061743848366721072 0.039163714249338753 -0.10431609360295385 0.04562943210013444 -0.051914267773713552 0.04893678369490892 -0.03865341464762314 0.0055175552987067958 0.026040173284094366 -0.099217075256484211 -0.05843204043117093 -0.0040625701437659624 0.05076906458701004 -0.060535407087942139 0.0046502074991213414 -0.072828857307886088 -0.065039168381211515 0.013815020308023252 -0.10996751607419973 -0.047411904412194422 -0.075723684917615386 -0.0066497638015692645 0.033419379702447315 -0.058313092696851004 0.024217185414782013 -0.070414558909348973 -0.032050131764879135 -0.082443610810329387 0.014796408715569094 0.017322441890806065 -0.052952154561584502 -0.055712080307883799 0.053851909142306635 -0.018147392950216577 0.034176396671079051 0.021439053899956827 0.028034895927673876 -0.040957982444232405 0.042577470262209538 -0.031653820755760335 -0.08285461657650911 -0.090648214268350291 0.019323150435122425 -0.03673862425834213 -0.046200453591507054 -0.11215650604846419 0.032237977282091553 -0.074974094148512541 0.034581057303689579 -0.076330661395780125 -0.067876711498414191 0.034747278859852924 0.043771181396246417 -0.069077374912713832 0.03289274174424222 -0.080413512416757982 0.030174123102446205 -0.076568788364115833 -0.0981089737492577 0.025387031000915262 0.054807258767633774 0.037426479852671717 -0.0062334189706233665
leaf_weight=575.99707425688393 1968.5306710023433 73.609653120278381 2699.8835801806999 221.72284194850363 96.606382529018447 742.49868086882634 633.8725295503973 2119.9335785323055 94.523308904259466 922.93916430836543 2727.7475629940163 1323.3219160899753 811.58287556702271 1804.9601934084785 209.51467674854212 99.035806441679597 920.58443094510585 145.02110719610937 531.04746403591707 481.72878845682135 233.44393371255137 836.76890065846965 225.20698877831455 199.3783112114761 875.62179435626604 301.9165283027105 161.56747936736792 533.60561940423213 9268.4186262374278 441.962788421195 260.01022826426197 1846.755397826666 639.86885022092611 1594.3946445784532 1394.0529200114543 682.05495559994597 1162.4658932741731 3531.1366294982145 199.49521518370602 148.60409377899487 151.39165557886008 923.57645716983825 1571.4278045111569 120.07568383717444 86.999323033727705 5559.2766417724779 77.853102684020996 122.82880386803299 92.766400942928158 984.82365897390991 582.03078524500597 2223.13079129369 103.89666498498991 1491.3670134699205 399.16276993777137 1858.8794922571396 159.91365903557744 83.479425427620299 1206.8603778249817 61.04671712545678 296.48998071427923 1101.8440781569807
leaf_count=3357 2197 1721 3006 1758 74 44653 3635 8391 1582 22364 23727 2924 36067 53705 13421 7280 9529 1526 5178 13092 2993 15688 7970 396 23305 3844 990 1191 52463 10084 19553 1281 5059 4488 7151 8374 28671 20075 4843 2824 2343 22288 83350 1022 1200 21320 2417 148 1112 17671 1430 3189 4034 7380 8225 3438 1269 969 2446 26 5895 30792
internal_value=0.0103678 0.00943896 0.0258712 0.0382268 0.00839404 0.0146972 0.00546928 0.017488 0.0018158 -0.0143552 -0.00865601 0.0169679 0.00774155 -0.00217358 0.0146574 -0.0368435 -0.0149101 0.0160951 0.0169564 -0.0358276 0.0141934 -0.0111052 0.0139662 -0.0444693 -0.0585551 0.017165 0.00317013 -0.016233 0.017788 0.0123027 0.0153295 0.0302659 0.0348761 0.0191914 -0.00162335 -0.00865491 -0.0150876 0.0276691 0.038608 -0.0112657 -0.023756 -0.00732384 -0.0146129 0.0200052 0.0116534 0.0286227 -0.00654109 -0.0316743 0.00444413 -0.0565151 0.0194771 0.0391607 0.0215414 0.0275412 -0.0531933 0.0159467 0.000137323 0.00824488 0.0144558 -0.0448058 0.0117701 0.0150026
internal_weight=63000.5 61032 3649 2921.61 57383 18187.3 39195.6 9137.2 30058.4 8060.87 7137.93 17444.8 21997.6 9038.82 12958.8 1207.11 2184.79 12749.2 12654.7 1264.21 16121.5 1694.58 1061.98 1171.61 972.228 14426.9 7831.71 1064.65 14353.3 9970.39 9528.43 4382.94 4081.02 2234.26 5966.32 4572.27 3890.21 6952.41 3730.63 782.477 727.389 4299.96 3376.39 11590.1 5885.77 5704.3 3542.57 1869.45 761.797 1107.65 674.797 2343.21 1673.12 1569.22 632.607 3531.75 1672.87 1512.95 1429.47 222.614 395.526 3221.78
internal_count=702394 700197 10464 4764 689733 180946 508787 93181 415606 114062 91698 136293 301544 217723 83821 49242 29080 70400 68818 19551 133369 34876 23658 23775 23379 98493 168481 6369 96772 82100 72016 14672 10828 9547 67923 60772 52398 64101 24918 6459 5700 159343 137055 62449 39603 22846 35392 21561 3742 17819 2542 4211 13831 9797 11218 9138 5700 4431 3462 1016 13175 39183
is_linear=0
shrinkage=0.05


Tree=64
num_leaves=63
num_cat=22
split_feature=5 0 35 0 44 30 0 28 0 0 0 42 0 44 0 7 48 0 0 48 0 44 0 48 0 48 0 44 0 48 48 0 18 0 28 0 33 0 44 7 44 7 26 0 39 48 0 35 42 41 28 46 32 18 42 28 28 0 44 48 28 28
split_gain=640.257 413.501 379.483 372.996 370.485 234.24 393.156 223.303 1866.35 689.766 472.001 711.244 527.53 478.367 499.83 468.653 873.639 385.55 343.661 302.868 425.095 287.676 1244.57 629.285 940.543 442.583 389.253 460.85 772.507 351.136 321.964 993.161 314.147 574.843 285.62 827.704 338.444 309.185 284.048 283.689 255.383 252.326 249.722 331.353 246.51 242.206 251.073 236.898 232.808 225.025 224.166 291.851 216.84 216.635 241.669 516.793 216.204 828.889 464.332 242.625 252.032 214.962
threshold=0.35000000894069677 0 7.2500000000000009 1 0.56901594996452343 0.39154075086116796 2 0.045542273670434959 3 4 5 0.41248606145381933 6 -0.70289847254753102 7 3.0499999523162846 -0.49366806447505945 8 9 -0.99731963872909535 10 -0.57077232003211964 11 0.85203769803047191 12 0.45945061743259435 13 0.03762133605778218 14 0.99260476231575023 0.78807106614112865 15 26.291666984558109 16 0.036731028929352767 17 1.0000000180025095e-35 18 -0.39036008715629572 6.4500000476837167 0.80798786878585827 0.65000000596046459 -0.01326653081923723 19 0.13900000229477885 -0.93765172362327565 20 1.0000000180025095e-35 -0.88144907355308522 1.0000000180025095e-35 0.025490196421742443 0.1099301539361477 1.0000000180025095e-35 8.9499998092651385 0.97335553169250499 0.044210137799382217 0.036731028929352767 21 -0.40613879263401026 0.67983120679855358 0.017647059634327892 0.038691813126206405
decision_type=10 9 2 9 2 2 9 2 9 9 9 2 9 2 9 2 2 9 9 2 9 2 9 2 9 2 9 2 9 2 2 9 8 9 2 9 2 9 2 2 2 2 10 9 2 2 9 2 2 2 2 2 2 10 2 2 2 9 2 2 2 2
left_child=1 -1 5 56 61 7 -7 9 52 15 11 -10 -13 48 45 16 17 50 -18 20 -11 22 -21 24 47 -26 27 34 41 -25 32 -32 40 -34 35 -23 37 -37 44 -27 -28 -29 43 -38 -36 -15 49 -24 -12 -47 51 -3 -9 54 -20 -56 57 58 -4 -59 -61 -5
right_child=-2 2 3 4 -6 6 -8 8 10 19 13 12 -14 14 -16 -17 18 -19 53 21 -22 26 23 29 25 39 30 28 -30 -31 31 -33 33 -35 38 36 42 -39 -40 -41 -42 -43 -44 -45 -46 46 -48 -49 -50 -51 -52 -53 -54 -55 55 -57 -58 59 -60 60 -62 -63
leaf_value=-0.048584003340556667 0.041633353417562885 0.016880958674649001 -0.021139388030448958 -0.00013939822408674967 -0.076555309221065793 0.0061118483853920191 -0.044320224076537545 0.025154240380994366 0.025078361824914214 0.02721189947597687 -0.034180785235220466 0.017510126497686875 -0.058511913236179464 0.042936095567270599 -0.061517044339988773 0.022699662893517353 -0.072843664296986868 -0.038801287657743475 -0.057788797490586644 -0.039384578249203002 -0.078986064144961898 -0.077108609332822819 -0.0040702408013575039 0.039770103433805624 0.020350200451591659 -0.074784608729601576 0.029301671624721182 0.011185686195246715 -0.063800634817901325 -0.060624231110062314 0.027633441712863516 -0.058236989133975292 0.022558492380579581 -0.060286332742088805 0.042586312405654164 0.015416144440837679 0.021792397531540594 -0.051467111236499552 0.033812282745971249 0.040167584278969895 -0.02290463736376136 -0.10309244945087713 0.034542028847292197 -0.079688513438590028 -0.082561214345792611 0.031347807915607574 -0.06178508141668923 -0.063835618831743227 0.014182843299437732 -0.063051359118264441 0.042399336446682236 -0.065811064636668942 -0.052497643303669163 0.01037713721260136 -0.068045432418376628 0.37348606095198378 0.029818935842792146 0.027885043793776421 -0.15424256017248092 -0.096387356128461305 0.020561414185119257 0.016562118619038377
leaf_weight=298.69471294700634 1559.6074488239828 503.82678708503954 179.45354705676436 3162.3888207406271 125.44337597326376 1139.2745626813266 574.366961898515 95.52466933010146 5480.1540751355933 166.47966876579449 279.10880353115499 428.69419644284062 473.31063631334109 225.71300498826895 596.45068653591443 856.99685852020048 696.98329873103648 358.11049111105967 359.90122740331572 1283.9049443345284 200.39471204369329 270.09688178927172 235.1961584421806 2154.3393010189757 2976.9099799378309 209.02973634726368 9437.9103438969469 1265.6290935552679 539.60674670874141 90.765307960100472 1069.4315587856108 479.38736151531339 713.15277645736933 284.74392067827284 64.107354164123535 362.4149753882084 229.9316860914696 316.39409611816518 2020.3304308833322 72.214267217088491 240.21528188034426 50.219925505109131 1415.2875854972517 111.7182503832737 101.88463423459325 256.66009187488817 198.38074202486314 562.00219428574201 2293.6079639617819 83.722724985214882 574.8221679647686 135.37169870885555 1527.6690840171068 291.03889648488257 18.139981043175794 10.442201476776974 5228.8894011017401 1917.4866766666528 103.20538839977235 83.532814458943903 102.71736993640661 4930.1224319741596
leaf_count=149193 1521 3815 415 8432 1276 6184 8977 775 39644 412 2400 8325 17578 1367 37154 1756 16257 12407 19032 23409 4910 5597 3394 4608 15160 3952 50589 12335 32432 1262 5069 14269 1801 2562 58 2609 440 4194 3452 70 19018 361 2176 921 1176 2683 5815 5240 18687 2818 1789 3142 86762 2880 1393 51 5494 2142 611 372 130 9641
internal_value=0.0100023 0.00918705 0.00948011 0.0161272 0.00870315 0.00711089 -0.0110146 0.00783884 0.00203579 0.0100935 0.00988799 0.0182779 -0.0228356 -0.00373614 -0.0277191 -0.00982094 -0.0193061 0.00616045 -0.0483919 0.0129072 -0.0322069 0.0135353 0.00530459 0.0144509 0.00271644 0.014641 0.0168256 0.00714831 -0.0140589 0.0357114 0.022143 0.000857403 0.0252518 -0.00145886 0.0152062 0.00434645 0.0136395 -0.0162893 0.0286464 -0.0452686 0.0280059 0.00677274 0.0252804 -0.0130861 -0.0342283 -0.000538023 -0.0187613 -0.0456307 0.00893597 0.00789679 0.0195815 -0.000631848 -0.0476344 -0.0219173 -0.0466753 0.0932635 0.0240958 0.0116567 -0.0673555 0.0224861 -0.0318899 0.0100355
internal_weight=62073.5 60513.9 60215.2 15833.2 8217.95 44382 1713.64 42668.3 11939 30729.3 10315.8 6382.16 902.005 3933.64 1360.93 3805.63 2948.64 1572.13 1376.51 26923.7 366.874 26556.8 7584.36 6300.46 4055.35 3258.15 18972.5 6747.62 1855.46 2245.1 12224.8 1548.82 10676 997.897 4892.17 2705.84 2435.75 678.809 2186.32 281.244 9678.13 1315.85 1756.94 341.65 165.992 764.477 538.764 797.198 2572.72 340.383 1214.02 639.198 1623.19 679.522 388.483 28.5822 7615.29 2386.4 282.659 2103.74 186.25 8092.51
internal_count=702394 700873 551680 28513 19349 523167 15161 508006 224008 283998 136471 65547 25903 70924 49837 62522 60766 21153 39613 221476 5322 216154 57095 33686 27816 19182 159059 65751 45128 5870 93308 19338 73970 4363 20623 15937 10340 6803 4686 4022 69607 12696 3537 1361 1234 12683 11316 8634 21087 5501 8746 6957 87537 23356 20476 1444 9164 3670 1026 2644 502 18073
cat_boundaries=0 4 8 12 16 20 24 28 32 36 40 43 47 51 55 59 62 66 70 73 77 81 85
cat_threshold=2107460 3089138593 753708 64 1880162432 25821184 1891631168 438 1612416513 1166680074 948175234 402 2177389824 1074874392 2208588417 659 538247720 88739904 1073745922 400 672465585 88870976 1615861760 256 1114272 67113024 0 256 1342308360 0 402653184 4 512 17301504 1073745922 256 537920000 17432576 0 256 128 0 268451904 2181054593 1083452434 2215649936 523 1141376002 16384 283115520 4 151163282 33570828 946884096 36 16908304 0 806354944 4 335544321 8388624 75505920 1107820544 8389632 2172911808 9 131090 33570816 7340032 32 16814080 4 134234112 16809984 0 268451840 4 268566528 0 0 4 1048576 25165824 12582912 288
is_linear=0
shrinkage=0.05


Tree=65
num_leaves=63
num_cat=0
split_feature=10 22 30 18 43 43 48 48 43 41 44 43 48 48 44 48 35 17 28 44 42 36 43 43 42 44 37 43 44 28 36 36 40 3 35 43 26 43 28 43 43 26 34 18 43 43 45 31 34 44 48 44 48 26 36 48 44 35 39 35 19 43
split_gain=614.179 407.137 447.923 566.967 514.319 615.189 580.29 1106.37 1063.5 563.98 778.606 528.413 506.8 568.003 716.065 712.391 485.972 480.968 478.95 539.481 469.129 551.238 466.78 443.756 419.679 428.914 418.456 416.025 404.036 694.125 441.878 477.59 394.113 381.472 365.087 361.553 382.231 401.275 348.423 342.103 349.893 748.419 381.566 339.762 329.99 325.407 366.018 471.711 350.313 328.112 325.025 322.733 478.673 333.617 337.804 318.183 504.854 316.809 308.579 290.887 290.241 282.929
threshold=0.37500000000000006 0.64583334326744091 0.16754310578107837 25.062500000000004 -0.98370367288589466 -0.99940761923789967 0.83896556496620189 0.71512970328331005 -0.64578425884246815 -0.68322628736495961 -0.65233206748962391 -0.39826117455959315 -0.99817660450935353 -0.53431767225265492 0.22491560876369479 -0.10008518025279044 13.84999990463257 0.14583333581686023 0.055752867832779891 -0.4755979031324386 0.2269546836614609 4.5000000000000009 0.70900115370750438 0.51297098398208629 0.29012925922870642 -0.15101602673530576 1.9674999713897707 -0.99985146522521962 0.03762133605778218 0.044210137799382217 5.5000000000000009 11.500000000000002 5.0030000209808358 0.25000000745058065 0.45000000298023229 0.67802080512046825 0.045778742060065276 0.14250627160072329 0.0098039219155907648 0.95502296090126049 -0.62588816881179798 -0.0031151181319728489 0.15000000223517421 8.6833333969116229 0.72695311903953563 -0.99815973639488209 1.0000000180025095e-35 1.0000000180025095e-35 0.45000000298023229 -0.10837475582957266 0.34664839506149298 -0.86112883687019337 0.91473275423049938 0.0018363347044214608 10.500000000000002 0.94558385014534008 -0.98801845312118519 2.8500000238418584 0.13900000229477885 4.1499998569488534 2.5000000000000004 -0.92599865794181813
decision_type=2 10 2 8 2 2 2 2 2 2 2 2 2 2 2 2 2 8 2 2 2 2 2 2 2 2 2 2 2 2 2 2 2 10 2 2 10 2 2 2 2 10 2 10 2 2 2 2 2 2 2 2 2 10 2 2 2 2 2 2 2 2
left_child=-1 2 4 24 5 27 7 9 20 22 11 16 -12 14 -14 61 -11 39 51 -20 32 -22 35 -5 45 -26 57 -2 34 30 -30 33 -8 -32 -7 36 37 -6 -28 40 41 -17 -43 50 -9 48 -47 -48 -4 -49 -13 55 -53 54 -54 -10 -57 -16 -45 -39 -31 -15
right_child=1 -3 3 23 6 28 8 44 18 10 12 43 13 15 26 17 -18 -19 19 -21 21 -23 -24 -25 25 -27 38 -29 29 60 31 -33 -34 -35 -36 -37 -38 59 -40 -41 -42 42 -44 58 -46 46 47 49 -50 -51 -52 52 53 -55 -56 56 -58 -59 -60 -61 -62 -63
leaf_value=0.041409985998388514 0.0017117907043809292 0.023117118064103499 -0.041686909199108786 -0.03531632035150125 0.023705031256664663 -0.050176990356885415 -0.075735476253473336 -0.062798945356730543 0.044350093550606103 -0.061858992303879617 -0.085603244386966648 -0.0096110394672196398 0.029066912547091001 -0.11228184955399134 0.030229158475461312 -0.072409615223240992 0.022914597646547227 -0.047614292157103263 -0.050894645771304585 0.034844815468242432 0.046878626231849539 -0.069291337645924961 -0.031484208822600959 0.031384305299426089 0.00045789179694985825 -0.037491015863613808 0.010125008949365705 -0.096122152451481854 0.036996256718887476 -0.11570792690113384 -0.10720230013717119 0.020824998902729805 0.04618921669465436 0.041952920463234657 0.038955385451714036 0.050026517754707747 -0.033502981847132379 0.0015165649604708385 -0.069497642599771758 -0.069491810620737157 0.027272254316536817 0.041965343057023513 -0.018387875939544687 -0.085831759268621063 -0.0021375104663756733 0.022157852142935669 0.036441288274579479 -0.0016515736967248696 0.039493757522991259 -0.036999206894453789 -0.057327447850098627 -0.057247878329513863 -0.063149363372320244 0.037816516407300681 0.022415610915599137 0.036005465724420538 -0.034561593795599442 -0.090445340554853315 0.018580197573148216 -0.071670475468815692 -0.014331704981473906 -0.031026313808585566
leaf_weight=1474.0195524725132 321.05875690630637 4548.00680657872 147.59154008631594 1652.9715215316974 5597.7902740029385 118.33527143253013 485.91823882324388 774.90002350806026 3606.9793299314333 865.46629507432226 140.25520059646806 2975.7975781823043 4783.741965882713 123.48093797184993 494.37042111589108 315.91441428393591 210.0947253711056 371.08992484904593 405.99685241782572 334.72391086095013 311.72547283885069 151.86281446181238 467.68496308696922 293.65859827492386 2685.2450661950861 1030.2567310279119 206.44996727257967 164.2550638304092 1292.2094705599593 136.93139232916292 176.2712620862294 362.62484394817147 76.747529037296772 56.642029279144481 3940.7550595441135 885.00994007359259 368.06280729023274 661.6656419665087 410.76993306796066 124.19392399437493 2204.4551595894154 591.75348878698424 469.79306433134479 74.496186628704891 315.45591015386162 2205.8177435787511 655.06264100479893 2957.1780999123584 1334.0728515965166 843.84798960573971 405.51143994258018 219.59311353025259 196.06926153658424 1027.3031595119392 280.18076116323937 836.78335159528069 363.58191180741414 61.111581887409557 1412.0224853874533 170.81747904786607 145.75878469785675 809.03460224339506
leaf_count=1305 1787 11509 1580 12649 46289 3484 11412 24538 6117 23405 5549 43571 29502 2750 13581 8991 448 5800 10981 6250 1685 6569 29454 1084 29433 28388 4677 2039 1813 1189 2729 1565 248 54 4827 2039 5940 18855 33940 10969 43350 7418 2847 1174 9000 37534 1407 20322 1532 8951 10693 12368 10982 15650 5351 2190 4869 657 8834 1222 639 35655
internal_value=0.00952651 0.00873873 0.00755212 -0.000244805 0.0101582 0.0228214 0.0076999 0.00406164 0.019228 0.00619514 0.00102335 -0.0135829 0.00883961 0.0100475 0.0204834 -0.00236058 -0.0452997 0.00665658 0.025953 -0.0121499 -0.0284197 0.00882353 0.0170132 -0.0252542 0.00386041 -0.0100648 -0.0145306 -0.0314002 0.0270456 0.00963178 0.0205738 -0.0150599 -0.059105 -0.0709293 0.0363569 0.0199652 0.0160518 0.0188883 -0.0428652 0.0120907 0.0149194 -0.00484994 0.0152557 -0.00657499 -0.0452487 0.0102138 0.0055002 -0.00274554 0.0314072 -0.00949894 -0.0153335 0.0302748 0.0117091 0.0217803 -0.012811 0.0369295 0.0146312 0.0169531 0.0133476 -0.0135007 -0.063437 -0.0417859
internal_weight=61131.2 59657.2 55109.2 13805.7 41303.5 6714.84 34588.7 26291.2 8297.47 25200.8 17049.8 5943.39 11106.4 10966.2 5956.44 5009.72 1075.56 4077.2 7271.21 740.721 1026.25 463.588 8151.03 1946.63 11859.1 3715.5 1172.7 485.314 6229.53 2170.44 1887.75 595.538 562.666 232.913 4059.09 7683.35 6798.34 6430.27 617.22 3706.11 3581.92 1377.46 1061.55 4867.83 1090.36 8143.57 6661.91 4456.09 1481.66 3801.03 3381.31 6530.49 1723.15 1503.55 476.25 4807.34 1200.37 555.482 1486.52 832.483 282.69 932.516
internal_count=701640 700335 688826 142880 545946 20126 525820 431148 94672 397610 293811 88125 205686 200137 82357 117780 23853 79375 74758 17231 19914 8254 103799 13733 129147 57821 52855 3826 16300 7989 6161 4348 11660 2783 8311 74345 72306 66366 38617 73575 62606 19256 10265 64272 33538 71326 68214 30680 3112 29273 54264 57527 44351 31983 16333 13176 7059 14238 10008 20077 1828 38405
is_linear=0
shrinkage=0.05


Tree=66
num_leaves=63
num_cat=21
split_feature=10 23 30 0 15 0 43 0 0 0 48 48 43 0 11 0 43 0 0 43 0 43 0 44 0 33 48 48 43 28 10 44 43 0 48 0 35 28 0 44 42 48 0 43 48 0 26 48 48 44 0 48 43 28 48 0 41 35 44 48 0 0
split_gain=581.698 400.912 488.528 934.37 530.604 653.729 497.009 1248.74 760.245 515.45 434.914 867.935 794.346 736.574 505.357 502.552 420.716 662.739 603.427 416.573 766.131 399.644 1030.75 505.447 368.287 348.304 343.691 316.375 308.316 834.178 668.567 604.75 388.255 306.173 283.392 280.057 271.311 267.274 689.698 263.748 255.748 248.992 657.753 374.087 314.181 565.588 376.556 247.786 241.194 241.036 1316.06 349.896 623.257 240.181 239.323 378.312 258.472 255.195 249.541 248.353 615.794 295.06
threshold=0.62500000000000011 0.3174444735050202 0.16754310578107837 0 1.0000000180025095e-35 1 -0.98370367288589466 2 3 4 0.83186858892440807 0.71512970328331005 -0.64578425884246815 5 42.041666030883796 6 -0.75579217076301564 7 8 -0.99940761923789967 9 -0.39826117455959315 10 -0.77243989706039418 11 0.15000000223517421 -0.9993687868118285 0.91979479789733898 -0.33425341546535486 0.04256099462509156 71.958332061767592 -0.49812626838684076 0.93237596750259411 12 -0.64441558718681324 13 0.45000000298023229 0.055752867832779891 14 0.78192543983459484 0.68322628736495983 0.33554300665855413 15 0.35846313834190374 -0.72717297077178944 16 0.064138058573007597 0.94558385014534008 -0.99731963872909535 0.03762133605778218 17 -0.45972147583961481 -0.99697706103324879 0.017647059634327892 0.1489052549004555 18 -1.0000000180025095e-35 2.1499999761581425 -0.71502926945686329 0.67983120679855358 19 20
decision_type=2 10 2 9 8 9 2 9 9 9 2 2 2 9 2 9 2 9 9 2 9 2 9 2 9 2 2 2 2 2 2 2 2 9 2 9 2 2 9 2 2 2 9 2 2 9 10 2 2 2 9 2 2 2 2 9 2 2 2 2 9 9
left_child=-1 2 6 -4 54 -6 7 -2 27 28 11 16 13 -12 -13 -14 18 26 25 20 -9 22 23 -19 -3 -11 -18 -8 29 31 -30 34 40 -33 35 -10 -21 -17 -39 41 -32 44 43 -43 45 -23 -47 -29 -20 -38 51 -51 -53 -27 55 -5 57 -57 -59 61 -61 -56
right_child=1 24 3 4 5 -7 8 19 9 10 12 14 15 -15 -16 37 17 21 48 36 -22 39 -24 -25 -26 53 -28 47 30 -31 32 33 -34 -35 -36 -37 49 38 -40 -41 -42 42 -44 -45 -46 46 -48 -49 -50 50 -52 52 -54 -55 59 56 -58 58 -60 60 -62 -63
leaf_value=0.039549737693227338 -0.048592621625938158 -0.014092588327044587 -0.029198858803791451 0.015174404460312221 0.001851455989384155 -0.051636919012298159 -0.054773704665277659 0.044608182298662195 0.023282170347515094 -0.072426178258561152 0.03797635882479275 0.03281313577429934 -0.039123222683137282 -0.071137426471734017 -0.073669971933381526 0.036963198783483107 0.044485171023778865 -0.080534464059225097 -0.067708393444747106 -0.023996181465558503 -0.090051124608571773 0.023049591961383412 -0.076315193768391243 0.032962764460817036 0.028253162592484324 0.026684417239630692 -0.029513239722233173 0.04816799955868014 -0.077558731030905784 -0.064659712193099447 0.016628532173836186 0.0193249759946626 -0.059344934438331991 -0.029164057238143928 -0.07774053900882584 -0.070878102976170407 0.042285685776664528 0.042852637207960072 -0.073518708378491199 -0.054660730662833314 -0.026588538038412275 -0.087915723311477623 -0.069365771462898962 0.033822666889892973 0.024500108388101363 -0.04959648367912229 0.036864991949006734 -0.055340116732136214 0.027474519541511949 0.04430106917665419 -0.095484487320163514 0.042762704773676836 -0.11976010703628975 -0.062535415756497917 -0.018220223746210708 -0.046572420636025423 -0.04480023762974885 -0.082149750857556214 0.017931327871066476 0.021138443752179562 -0.044130423422609075 0.035445596249659206
leaf_weight=1535.5691099129617 559.20046536182053 588.64384837390389 2406.586040122842 2354.6542298835702 1914.2492748496588 805.23995904502226 683.6428451949032 214.41488743806258 209.61708941613324 242.36534148606006 247.19158928422257 144.73559465166181 245.50010096584447 386.80058292520698 484.11727339815116 4772.0582029232755 173.17159758671187 113.66374869289575 67.365828474401496 204.93773342808709 191.04722414683783 1165.865952506545 445.15466088347603 716.1510144842905 3902.3180623337394 293.1214757557027 1671.4587190446327 160.48042271524901 227.81362651416566 644.29363331577042 4170.7817612342769 1819.6399960579583 192.89501160604414 387.46323679503985 319.44921983149834 113.97384712041821 3570.3878772802418 330.74717819644138 193.28219839092344 137.09861855412601 372.93737551954109 71.11020147590898 295.63639760721708 560.49166553455871 5434.4823022013297 621.36578252870822 157.936499170959 90.382105484197382 5538.1875667283311 1467.0229070843197 208.9887947649695 153.28324976190925 95.894233677070588 101.56996934174094 286.50071248109452 254.80539052357199 530.2616862974246 67.458690607105382 811.96947615069803 1528.0587921390543 462.63738233293407 2249.1990157974069
leaf_count=1464 5116 2902 42904 11740 6397 11734 127658 162 643 8665 568 215 10255 8825 14294 19818 973 1574 685 4147 2647 6731 12285 3769 8078 798 59827 3204 2443 18459 51510 8629 17452 9962 6173 2226 3832 939 4832 20123 17712 723 7593 2287 27417 10360 503 14956 19319 1113 2615 120 523 1110 3863 12070 17626 807 2109 6425 16248 11483
internal_value=0.00916966 0.00837671 0.00719013 -0.000986503 0.00506202 -0.0141695 0.00993884 0.0224236 0.0074917 0.00875059 0.0124101 0.00856812 0.0238992 -0.0291174 -0.049162 0.0299646 0.0106069 0.00495997 0.0210672 0.0289596 -0.0199619 0.0101739 -0.0159084 0.0172091 0.0227343 -0.0248565 -0.0224447 -0.0367572 -0.00189871 -0.0132788 0.00610782 -0.00166375 0.0101319 0.010768 -0.0443332 -0.0113534 0.03249 0.0331784 -0.00065479 0.0141242 0.0130814 0.0152594 -0.00916171 0.019803 0.0183279 0.00108371 -0.0316675 0.0108755 0.0262838 0.0345964 0.0203363 0.0347939 -0.0197831 0.00372457 0.0111881 0.00230831 -0.0158882 -0.00251176 0.0102544 0.0190728 0.00585448 0.02945
internal_weight=60367.3 58831.8 54340.8 13671.6 11265 2719.49 40669.2 6665.18 34004 33069.5 24610.6 18435.1 6175.58 633.992 628.853 5541.59 17806.2 11563.6 6242.61 6105.98 405.462 9718.96 1274.97 829.815 4490.96 637.057 1844.63 934.505 8458.86 3494.44 4964.43 2850.14 4736.61 2207.1 643.04 323.591 5700.51 5296.09 524.029 8443.99 4543.72 8306.89 927.238 631.602 7379.65 1945.17 779.302 250.863 5605.55 5495.58 1925.19 1716.2 249.177 394.691 8545.55 4019.15 1664.5 1134.23 879.428 4526.4 1990.7 2535.7
internal_count=701640 700176 689196 143406 100502 18131 545790 20275 525515 379697 244488 199251 45237 9393 14509 35844 184742 154165 30577 15159 2809 93365 17628 5343 10980 10573 60800 145818 135209 46092 89117 27633 86674 18591 9042 2869 12350 25589 5771 75737 69222 55614 10603 3010 45011 17594 10863 18160 20004 8203 4371 1756 643 1908 82371 44352 32612 14986 2916 38019 22673 15346
cat_boundaries=0 4 8 12 16 20 23 27 31 35 38 42 46 50 54 58 61 65 69 73 77 81
cat_threshold=487593472 55789576 3293594755 176 2685075603 1149244480 975439952 516 2903545474 22530 201358720 144 2385924 4162093985 2200666668 64 9142361 11214930 135528467 27 0 0 335544384 2316304416 54533120 2176 512 2185233792 71322624 1145045120 416 739246594 67129352 1073770752 640 0 0 2684354624 201327104 4100 268443712 4 142689312 1146444880 3291491458 512 589841 8396802 134479872 11 655360 8912896 0 8 512 67108864 1077936128 256 1207959552 4100 545259840 1896873984 4100 536891392 512 720897 27205632 1885339712 271 3259023520 1082134528 864032848 2 8913281 75767824 815800640 260 2147516433 1141122064 10750032 768
is_linear=0
shrinkage=0.05


Tree=67
num_leaves=63
num_cat=19
split_feature=1 0 22 30 0 18 45 0 0 0 44 18 0 0 44 0 44 0 44 44 44 0 41 28 48 18 0 28 0 0 44 44 48 28 46 44 44 0 48 48 42 0 26 0 0 26 0 44 18 7 41 44 18 13 44 42 44 44 44 48 0 48
split_gain=554.441 360.237 348.391 378.887 886.88 384.865 449.7 500.928 440.045 364.883 305.086 333.178 1594.71 782.772 512.767 708.488 437.739 355.32 449.164 352.886 809.972 701.003 583.807 512.2 567.468 491.157 645.985 451.858 401.361 331.659 393.128 318.511 406.798 334.369 315.647 314.3 301.189 428.59 351.852 331.985 294.548 507.16 353.94 293.219 292.529 287.158 272.669 266.07 283.74 248.484 245.933 241.26 236.919 265.469 230.102 214.798 212.918 211.773 217.182 224.798 242.687 241.156
threshold=4.7500000000000009 0 0.64583334326744091 0.16754310578107837 1 1.2749999761581423 1.0000000180025095e-35 2 3 4 -0.99983122944831837 8.6833333969116229 5 6 0.10623887926340105 7 -0.99273797869682301 8 -0.99864786863327015 -0.52034142613410939 -0.94137725234031666 9 -0.097964655607938753 0.045542273670434959 0.91473275423049938 4.3541667461395273 10 0.055752867832779891 11 12 0.8277757763862611 -0.082691941410303102 -0.53431767225265492 0.061906902119517333 0.17122316360473636 -0.6258755326271056 -0.15950992703437802 13 -0.87378761172294606 0.012545927893370392 -0.032701563090086067 14 -0.013704441487789152 15 16 -0.01326653081923723 17 0.35645927488803869 1.7749999761581423 11.050000190734865 -0.81241145730018605 -0.92272481322288502 46.062500000000007 3.4375000000000004 -0.056951010599732392 -0.52778512239456166 0.029024410061538223 -0.92272481322288502 -0.85225707292556752 -0.86769786477088917 18 -0.94929715991020192
decision_type=10 9 10 2 9 8 2 9 9 9 2 10 9 9 2 9 2 9 2 2 2 9 2 2 2 10 9 2 9 9 2 2 2 2 2 2 2 9 2 2 2 9 10 9 9 10 9 2 10 2 2 2 10 10 2 2 2 2 2 2 9 2
left_child=1 -1 3 10 -5 9 7 -7 50 -6 34 13 46 -12 16 -16 -14 -15 -19 20 22 25 23 24 -20 26 49 -25 55 31 40 32 -21 47 -3 51 52 39 -39 54 -31 42 -42 -4 -27 -34 57 48 56 -22 -8 -28 -10 -54 -38 -24 -33 -13 -59 61 -61 -60
right_child=-2 2 43 4 5 6 8 -9 36 -11 11 12 14 17 15 -17 -18 18 19 29 21 -23 28 27 -26 44 35 -29 -30 30 -32 33 45 -35 -36 -37 37 38 -40 -41 41 -43 -44 -45 -46 -47 -48 -49 -50 -51 -52 -53 53 -55 -56 -57 -58 58 59 60 -62 -63
leaf_value=-0.048440369717639986 0.042216653816051011 0.041214097666289473 0.02904140687887451 -0.032388164958662945 -0.01115086918344111 0.048404184950045337 -0.0027545339796105402 -0.071418438266624099 0.013483317242288857 0.020777425431905923 -0.024117453758851583 -0.06777991995113318 -0.08672457230372195 0.016471771236510314 0.032505307228137409 -0.079293099765947894 0.029982870462374068 -0.085103530383563594 -0.069851003611698284 0.034977114968778499 -0.07367665120651623 -0.061079586266240798 -0.046765973586093072 0.04174504700419461 0.040847586487292212 -0.053736997372473588 -0.095562574347599183 -0.071558831666689721 -0.060746354353001401 0.024385353813110577 -0.051526488345956051 -0.09303300476739601 -0.084101599487001952 0.043068724569161713 -0.04278888128370556 -0.074166071854226509 -0.13561223073729597 -0.0041081609745314959 -0.099285089286543157 0.021175848005302894 -0.070451747158835898 -0.048627188864688364 0.025909783752525228 -0.00064904647400517562 0.038819920540842073 -0.0010970258333983275 -0.06514220598633895 -0.060610489359240773 -0.093734859859475272 0.053575940557396999 -0.046528695102561718 0.009195708425362251 -0.097723348710839278 0.02874301175415276 -0.021998379621175002 0.028607080732703238 0.0089234044311050989 0.030446691844315241 -0.051801559420222493 -0.079657506095961866 -0.015531952433402616 0.032321827113332875
leaf_weight=270.4409775051754 1218.3347142962739 1197.7596155814826 3386.7105370326899 1811.5348454660852 1110.2358414861374 645.97413303912617 477.77216138492804 92.579651899635792 2526.2610503768083 4541.0165826773737 1984.416852613911 174.70595531980507 81.157561759115197 8930.3303153005545 291.57101998035796 259.76908336626366 8023.3831015430624 139.76060034136754 263.28445663279854 868.47442158230115 559.10428815602791 802.20522701763548 129.04307419597171 1967.0914807454683 206.6280545683112 90.562323475372978 57.412043214775622 92.1145146030467 364.24349519552197 5332.2789921351359 204.26010840712115 56.131852091290057 127.68917792395223 177.6316159744747 123.34466614818666 139.34732868662104 56.101122910389677 157.72239300981164 252.65300558588933 599.23960329173133 105.23881986050401 394.6797059213277 1008.3350665160688 1110.0079526172485 637.03952815546654 566.36538034921978 337.30262132815551 453.00675013533328 92.44871156103909 41.188513246364892 977.00725125032477 1286.8985921724234 103.53040525806136 69.25261140987277 216.73062272917014 353.34484598506242 583.53785071556922 274.83736779238097 117.25727398949675 214.55313274951186 479.36386856832542 311.54605793126393
leaf_count=148934 1099 1663 4940 36939 17452 874 2369 1743 7625 30155 79728 1610 1288 104544 840 5169 22843 1901 3088 3061 8227 21118 725 3538 336 653 676 1404 7786 28574 25350 2186 2612 2448 952 2005 350 525 2285 1207 3706 15667 7704 4285 1321 4473 7671 31759 963 31 8578 8217 817 84 799 1295 6757 653 748 1945 2763 582
internal_value=0.0088338 0.00813624 0.00840678 0.0072855 9.07906e-05 0.00508905 -0.00353572 0.0330725 -0.00850919 0.0145219 0.00974458 0.00893552 0.0165017 0.00608197 0.0256105 -0.0210182 0.0288142 0.00839032 0.00416252 0.0049006 -0.00371341 -0.0201642 0.0138973 0.0259277 -0.0211751 -0.0082435 -0.0206212 0.0366766 -0.022041 0.0109394 0.0168024 -0.00322649 0.0121704 -0.0209041 0.0333712 -0.00266952 0.000129433 -0.0198207 -0.0612134 0.000355624 0.0188673 -0.000641107 0.0166535 0.0217755 0.0270946 -0.0163679 -0.0247922 -0.0304926 -0.0118569 -0.0638812 -0.0319331 0.00472175 0.00960917 -0.0470348 -0.0453603 0.00827262 -2.34037e-05 -0.0157788 -0.0093911 -0.0191432 -0.0367308 0.00931809
internal_weight=59523.8 58305.4 58035 53538.3 13637.6 11826.1 6174.82 738.554 5436.27 5651.25 39900.6 38579.5 10565.4 28014.1 8655.88 551.34 8104.54 26029.7 17099.3 16959.6 6989.51 3613.76 3375.75 2529.12 469.913 2811.55 2083.95 2059.21 846.631 9970.08 7044.79 2925.29 1562.53 1362.76 1321.1 1483.66 3981.49 1282.45 410.375 872.071 6840.53 1508.25 1113.57 4496.72 727.602 694.055 1909.57 1185.13 732.118 600.293 1454.78 1344.31 2699.04 172.783 272.832 482.388 639.67 1572.26 1397.56 1122.72 693.917 428.803
internal_count=701640 700541 551607 542382 111802 74863 27256 2617 24639 47607 430580 427965 46112 381853 30140 6009 24131 302125 197581 195680 60420 42248 18172 8366 3424 21130 19156 4942 9806 135260 81001 54259 10146 44113 2615 10898 13692 5166 2810 2356 55651 27077 11410 9225 1974 7085 15972 41665 9906 8258 10947 8893 8526 901 1149 2020 8943 8301 6691 6038 4708 1330
cat_boundaries=0 4 8 12 16 20 24 27 31 35 39 41 44 48 51 55 59 63 67 71
cat_threshold=2107460 3089138593 753708 64 420480512 1129335816 3293594755 128 1619525632 67117056 142610688 527 113246499 67895318 193209088 521 2215350288 67313728 2048 541 98046867 1077960704 168043025 151 134660104 67116122 2149586048 1073872896 0 73400320 256 84936578 1077960704 1191453265 4 1891635201 25231364 817905664 184 1891635200 25231360 1107296289 16777216 276824320 1073807361 34209796 671107072 440 1610809488 8585280 538968080 549457952 0 281018624 2 324665873 118105088 952129872 39 1 0 817889280 40 17306497 8192 134479888 150 17302016 8192 16 4
is_linear=0
shrinkage=0.05


Tree=68
num_leaves=63
num_cat=21
split_feature=4 35 0 28 0 0 44 43 44 44 0 18 43 26 44 0 21 0 0 44 0 44 0 44 44 0 44 0 44 0 0 44 0 18 43 43 0 0 43 43 32 26 0 44 0 44 0 19 0 9 46 0 44 18 41 43 35 41 28 41 43 37
split_gain=542.661 358.143 376.02 364.081 1510.11 534.684 507.6 344.163 284.203 462.807 452.683 253.589 249.615 214.58 363.585 229.475 202.969 394.748 184.65 183.806 845.23 283.167 769.601 320.41 646.567 542.171 187.311 1620.05 473.426 1019.71 440.36 605.454 640.397 363.432 330.181 320.755 306.835 221.162 581.424 267.571 219.485 202.957 233.161 194.747 1575.1 607.737 316.749 223.268 216.462 207.551 203.17 191.596 375.875 584.38 229.999 220.16 190.833 294.508 182.497 191.353 261.471 181.189
threshold=0.35000000894069677 7.5499999523162851 0 0.033333335071802146 1 2 0.03762133605778218 -0.21861968189477918 0.029024410061538223 -0.70289847254753102 3 3.2749999761581425 0.9937499761581422 -0.059189159423112862 -0.99761277437210072 4 -2.8166666030883785 5 6 -0.99983122944831837 7 -0.99864786863327015 8 -0.99761277437210072 -0.99465739727020253 9 -0.92272481322288502 10 -0.90892156958580006 11 12 -0.52034142613410939 13 5.5499999523162851 -0.33425341546535486 -0.99985146522521962 14 15 0.22700754553079608 -0.21861968189477918 0.15517241507768634 -0.015500007662922142 16 0.14037931710481646 17 0.20812153071165088 18 4.5000000000000009 19 3.063230156898499 -0.55898040533065785 20 -0.58481180667877186 10.449999809265138 -0.16280825436115262 0.9470459818840028 0.75000000000000011 0.16280825436115268 1.0000000180025095e-35 -0.95642796158790577 0.67802080512046825 1.1215000152587893
decision_type=10 2 9 2 9 9 2 2 2 2 9 10 2 10 2 9 10 9 9 2 9 2 9 2 2 9 2 9 2 9 9 2 9 10 2 2 9 9 2 2 2 10 9 2 9 2 9 2 9 10 2 9 2 10 2 2 2 2 2 2 2 2
left_child=1 2 -1 4 7 6 8 -3 9 18 -11 -9 16 14 -7 -16 17 -4 -5 20 -18 22 -21 25 -25 -23 27 34 29 -28 31 32 33 61 -26 -33 -37 39 41 -36 43 -39 -43 46 45 -45 -32 51 50 -49 -47 52 53 -48 -55 56 57 -54 -34 60 -60 -30
right_child=-2 3 12 5 -6 13 -8 11 -10 10 -12 -13 -14 -15 15 -17 19 -19 -20 21 -22 23 -24 24 26 -27 28 -29 30 -31 40 35 58 -35 37 36 -38 38 -40 -41 -42 42 -44 44 -46 48 47 49 -50 -51 -52 -53 55 54 -56 -57 -58 -59 59 -61 -62 -63
leaf_value=-0.044574565140028943 0.042307518498708896 -0.09221188029778922 0.014049696703310788 -0.041866921574396615 0.015254155868104536 0.043295346544473187 -0.090202879643381029 -0.09481907645196766 0.046710046022317597 -0.0016303587103509824 -0.096981995211538066 0.01721459148470951 -0.058046295488887734 0.027742019891258598 0.021725988698720444 -0.094134810718312506 0.04462404181379824 -0.061358399276810228 0.021591121898845156 0.054326306754607312 -0.06664311416107839 0.053877960188123054 -0.076426145779014687 -0.074805117702449797 -0.060880261002612457 -0.064601475202095679 0.052171121533440334 -0.049599832842430996 0.024305289968486823 -0.075797983684403936 -0.027304610930851039 -0.093020686924613599 0.019964263987320527 0.025285503315812953 -0.042295237143159053 -0.039928574168482771 0.0074660892680449391 0.031034799795047269 -0.077671087743141062 0.034302141485847946 -0.063055701245878212 0.0086898502974419364 -0.068748165020189919 -0.07516321952775662 -0.051305667073067884 -0.015906051815991643 -0.052781806120428099 -0.057298719269278708 0.012894057803696382 0.052866990564989405 0.047033136646507968 0.018931343323679024 0.012704339987579111 0.038074317957954247 -0.049151911654582769 -0.075387976883155849 0.022981027820211816 -0.058716199652273142 -0.074587717370440884 -0.062991948080116086 0.040387656783411253 -0.0493274208138633
leaf_weight=361.29379664227599 1162.8097792342305 443.37790200486779 375.52542011823971 121.55605709925294 3724.6359528740286 158.92998228711076 153.62315157905687 73.180273065110669 326.8611560203135 291.76898787985556 213.96792209264822 163.04181065317243 151.70385871664621 7490.748917556135 62.981089025735855 125.87707302736817 993.43539203936234 310.55228023970267 943.96215188363567 164.6385981454514 197.22371290088631 686.22179963649251 315.80650829849765 246.59952186781447 138.76417349034455 104.82648126361892 1218.7733138233889 1332.3788360324688 109.88781410455704 170.33654384000693 452.56066156405723 83.369060676777735 90.333336617797613 719.4947517234832 121.847322478774 346.45593162911246 8284.0043584320229 819.8025111783063 192.15437016473152 1773.0645641172887 100.61813585698837 452.12912844948005 113.41972870950121 173.25598059885669 1069.1860923623899 146.91738742997404 585.38918046385515 190.35786202165764 2830.8738177722553 55.136958882212639 1007.5337368454784 11441.054390533594 567.04321790486574 393.82828349643387 93.520158186787739 66.377374642994255 2612.5777629166842 193.63030934392009 87.26215998083353 970.82244043739047 114.11226140835788 348.5394151234068
leaf_count=163050 1147 2678 1734 633 9424 159 1143 538 201 669 1591 292 18160 12693 62 1119 817 5067 1555 180 2104 418 5319 5174 1309 2331 2033 28909 996 3562 9654 1076 566 2148 1474 27964 99123 1902 2411 5398 2359 1452 2033 2938 72616 5559 9036 5771 43939 23 12228 68628 3340 726 849 2552 4295 3015 1865 24329 615 6689
internal_value=0.00848973 0.00780785 0.00554585 0.0146716 0.00271371 0.0199965 -0.00277103 -0.0652797 0.00429063 -0.00453369 -0.0439217 -0.0174928 0.00597581 0.0259264 -0.0124336 -0.0593312 0.0062038 -0.0207732 0.0141614 0.00664265 0.0260085 0.00608004 -0.03208 0.00653268 0.00590505 0.038042 0.00640935 -0.00269338 0.00771281 0.0363091 0.00651395 -0.00158035 -0.0235938 0.00309035 0.0147098 0.00458305 0.00552589 0.0177729 0.00381008 0.0292225 0.0106175 0.0151394 -0.00790214 0.0109612 0.00254222 0.0164705 0.0136043 0.014755 0.0204954 -0.032556 0.0386883 0.0154922 0.00671562 -0.0191098 0.021336 0.0147895 0.016564 -0.00547584 -0.0481329 -0.0537913 -0.00943495 -0.0316772
internal_weight=58832 57669.2 43374.6 14294.5 4404.24 9890.28 2051.74 679.6 1898.12 1571.26 505.737 236.222 43013.3 7838.54 347.788 188.858 42861.6 686.078 1065.52 42175.6 1190.66 40984.9 480.445 40504.5 39713.4 791.048 39466.8 4943.56 34523.3 1389.11 33134.1 11154.3 2440.45 1177.92 3611.18 8713.83 8630.46 3472.42 1577.51 1894.91 21979.9 1385.35 565.549 21879.2 5227.77 4158.58 16651.5 16198.9 3985.32 245.495 1154.45 15953.4 4512.37 1072.74 487.348 3439.63 3373.25 760.674 1262.53 1172.2 201.374 458.427
internal_count=701640 700493 667736 32757 12932 19825 5792 3508 4649 4448 2260 830 504686 14033 1340 1181 486526 6801 2188 479725 2921 476804 5499 471305 468556 2749 463382 44888 418494 5595 412899 165371 37208 9833 15979 128163 127087 14670 7798 6872 247528 5387 3485 245169 137280 64664 107889 98235 61726 5794 17787 92441 23813 10611 1575 13202 10650 6355 27375 26809 2480 7685
cat_boundaries=0 4 8 12 16 19 23 27 30 33 36 40 44 48 51 54 57 60 64 68 72 76
cat_threshold=2107460 3089269665 753708 208 2232436002 60039256 1156579344 801 2328090129 4201474 2181320577 514 134430736 2 262272 2 268435456 8388608 536870912 705237264 67124292 71307600 32 41959424 4194304 278657 512 1891635728 16777220 7488 128 0 1073741824 1073742465 50331648 536870976 1259442979 25708544 595607888 12 1422394880 30 1622168850 4 1301877562 1124089920 1218451074 12 69888 50331712 134221824 135266306 16448 1073745920 1259405602 16793600 8388608 512 8388608 536887616 843202560 13443088 873472000 259 0 4194304 67117056 1 33554432 4194320 67117056 1 574636032 8388624 537919488 258
is_linear=0
shrinkage=0.05


Tree=69
num_leaves=63
num_cat=22
split_feature=4 43 0 44 0 48 0 44 0 0 0 48 0 48 48 0 48 48 0 44 43 44 48 0 0 48 44 44 34 48 44 48 0 0 7 9 21 30 0 43 43 0 0 48 48 0 0 32 0 0 43 43 43 10 41 44 0 27 17 48 0 48
split_gain=513.854 336.765 1010.36 619.403 996.12 610.594 526.871 327.975 2714.68 563.925 508.851 463.376 722.146 494.326 451.188 426.643 446.591 444.25 427.121 383.612 585.066 488.631 444.231 416.221 401.549 337.696 444.518 403.662 401.075 379.022 319.375 297.632 294.304 287.491 273.566 396.784 265.298 302.455 453.81 398.28 451.654 450.618 372.043 362.668 1028.53 978.068 548.803 398.491 483.061 396.863 358.148 343.293 309.116 302.102 296.598 317.839 516.851 315.026 287.02 260.017 755.702 393.543
threshold=0.35000000894069677 -0.99904707074165333 0 0.011826144531369211 1 0.38025361299514776 2 -0.099822327494621263 3 4 5 -0.45972147583961481 6 -0.28256437182426447 0.99807518720626842 7 0.1489052549004555 0.36915744841098791 8 -0.90892156958580006 -0.99166062474250782 -0.38243420422077173 0.83896556496620189 9 10 -0.67370402812957753 -0.72694849967956532 -0.18493013828992841 0.35000000894069677 -0.79120641946792591 0.8277757763862611 -0.7519201636314391 11 12 3.6499999761581425 0.17515389621257785 1.7749999761581423 0.18508620560169223 13 -0.9769422411918639 -0.9599599540233611 14 15 0.83186858892440807 0.34664839506149298 16 17 1.0000000180025095e-35 18 19 -0.75579217076301564 0.9470459818840028 -0.78856176137924183 30.375000000000004 -0.68322628736495961 -0.65233206748962391 20 0.11574247479438783 5.1833331584930429 -0.5037802755832671 21 -0.70099368691444386
decision_type=10 2 9 2 9 2 9 2 9 9 9 2 9 2 2 9 2 2 9 2 2 2 2 9 9 2 2 2 2 2 2 2 9 9 2 10 10 2 9 2 2 9 9 2 2 9 9 2 9 9 2 2 2 2 2 2 9 2 10 2 9 2
left_child=1 2 -1 4 -4 -5 -3 9 -9 11 59 12 -8 -13 36 16 -15 32 -19 22 -21 24 23 -17 -22 26 29 28 -28 -14 34 -31 -18 -7 -12 -36 37 39 58 41 42 -11 -41 44 46 52 -42 48 -48 -45 53 54 -46 -51 -49 56 -56 -57 -39 60 61 -10
right_child=-2 6 3 5 -6 33 7 8 10 14 30 13 25 15 -16 19 17 18 -20 20 21 -23 -24 -25 -26 -27 27 -29 -30 31 -32 -33 -34 -35 35 -37 -38 38 -40 40 43 -43 -44 49 45 -47 47 51 -50 50 -52 -53 -54 -55 55 57 -58 -59 -60 -61 -62 -63
leaf_value=-0.091907069385082737 0.041662472170033826 -0.052239461360250851 0.036913423740177649 0.046882843838411695 -0.091693261426228967 0.043081321280909322 -0.054872205319108837 -0.068619379323354698 0.024858010609171356 -0.052952269978271904 0.0018357158414710889 -0.067779499177033423 -0.070800550904014534 -0.084863011212925193 -0.075927595003288953 0.0164780428770358 0.033917876924193444 -0.009131863987641339 -0.074361891050273174 0.03879457120568254 0.0010318964497693774 -0.076329992398706414 0.036337029680840766 -0.069338394282806817 -0.067209821082245449 0.033603024142640492 -0.03656670607386138 -0.10917080160271719 0.028075501272000782 0.038405229058097665 -0.054343525834880779 -0.072806743738118893 -0.071124323146350393 -0.092102259548443588 -0.11285069418386839 0.01154892138630712 0.028495198430803725 0.016565538137253217 -0.023151918360889354 0.020031653251875513 -0.021269978095092259 0.041210709183412131 -0.087780390705953101 -0.03718030581788604 -0.093753829422895424 -0.064791531057654464 0.020143192571920154 0.031865842837374363 -0.070496064589996466 0.05652400183593638 0.03205086825335432 -0.081834390117613509 0.016091044530928959 -0.085994050750526851 0.015128723248116186 0.030425244193706152 -0.030446769367119871 -0.018465194961087825 -0.039018457861559372 0.022838047673318464 -0.066699970671048839 -0.066447541791413461
leaf_weight=172.16331961972173 1122.793636105489 368.70087052084273 360.82280232547782 2373.1233094590716 244.33119021024322 53.419086597859859 371.44587377901189 1283.3902351102442 1283.1245328021469 129.07683151168749 5529.5442010681145 337.28189921943704 308.29927107982803 270.27759273303673 141.35308261867613 370.5789382092189 493.47172304033302 670.19571133947466 401.52204191399505 483.1234752421733 1265.0185303532053 348.53112614649581 1300.4213344545569 216.44434022333007 250.12522772641387 1817.5064066011691 274.57991968549322 62.285151257528923 1903.0018580261385 219.81392826815136 289.23245156218763 82.831504135974683 67.846391920931637 114.03521726268809 128.91090078593697 127.49602998513728 2707.2514032889158 2549.8896102558356 1416.8013868895941 131.55432547582313 975.61680832348065 1944.1720619879197 193.50727915554307 232.5134371254826 68.857478733116295 844.01550810411572 308.99412699230015 3818.6964948144741 266.84059831371997 54.114833328872919 4089.0505805290304 82.11013010435272 916.8682357671787 118.84707077569328 2302.8130709131947 2980.3377999832155 841.10442179930396 370.44062643242069 255.52211393008474 4921.8908417472849 329.25633980915882 129.96889759751502
leaf_count=2236 1147 161445 370 2529 4014 33 10519 105372 10133 739 59933 5745 6904 5307 2897 1136 1133 5080 9721 642 9115 5911 3255 5420 8286 5773 4997 1003 2951 696 34878 1186 1895 1360 941 220 4317 9428 14828 219 20410 2788 2123 6109 915 17649 772 11263 5320 29 12005 3842 5667 1460 9120 8522 13212 2169 1512 49024 10922 3093
internal_value=0.00816581 0.00750557 0.0229642 0.0294496 -0.0159168 0.0403715 0.0065495 0.00696484 0.000402464 0.00931085 0.00740389 3.36857e-06 0.0113724 -0.00884581 0.0131695 -0.00560718 -0.0251969 -0.0154761 -0.0343495 0.00325035 -0.0102387 -0.0229496 0.0200395 -0.0160643 -0.0106705 0.016725 0.00602323 0.0163347 0.0199245 -0.031781 -0.00306359 0.00796745 0.0205586 -0.0519052 -0.000505461 -0.0509941 0.0136306 0.0120139 -0.000180705 0.0145049 0.0121875 0.0352917 -0.0462324 0.0132268 0.00920325 -0.025706 0.0145498 0.0177383 -0.0227333 0.0255599 0.0290019 0.0199971 0.00833333 -0.0414042 0.0208079 0.0143061 0.00288701 0.0250202 0.011462 0.0169364 0.000362397 0.0163445
internal_weight=58087.2 56964.4 3317.89 3145.73 605.154 2540.58 53646.5 53277.8 14022.8 39255 12739.4 11514.6 5039.76 6474.84 27740.3 6137.56 1903.31 1633.04 1071.72 4234.24 2346.8 1863.67 1887.44 587.023 1515.14 4668.32 2850.81 2239.87 2177.58 610.945 6075.18 302.645 561.318 167.454 5785.95 256.407 27599 24891.7 4222.21 20669.5 18596.3 2073.25 325.062 18271.2 13776.7 1829.74 11947 10971.3 575.835 4494.53 4262.01 10395.5 985.726 172.962 10313.4 6494.7 3143.92 3350.78 2805.41 6664.24 1742.35 1413.09
internal_count=701640 700493 10542 8306 4384 3922 689951 528506 274516 253990 169144 96675 34029 62646 157315 56901 23136 17829 14801 33765 23954 23312 9811 6556 17401 23510 17737 8951 7948 8786 95972 1882 3028 1393 61094 1161 154418 150101 25768 124333 120806 3527 2342 118464 98861 24231 74630 54220 6092 19603 13494 48128 6582 1489 44286 33023 22332 10691 10940 73172 24148 13226
cat_boundaries=0 4 7 11 15 19 23 26 30 34 36 39 43 44 48 51 54 58 62 65 69 73 77
cat_threshold=2290271266 1310728 67133184 297 129 0 2684354624 2107460 4162880417 2181791788 64 2282787842 100682766 151281555 544 130875705 13566034 1158684674 771 637993008 14483472 335552512 259 67371008 4522000 1091575810 16842800 4718656 8192 771 16842752 524288 0 256 33816577 8388608 46137601 8454146 67108864 65552 0 0 3 1 1073906690 67121152 816059216 36 805310976 33555456 402671872 0 16777216 336 671088768 6148 549454208 144 134234112 68173824 14942736 144 128 0 268435776 2282930176 50338816 262785 8 1611694592 50335748 536887361 4 604110848 10289152 268435456 257
is_linear=0
shrinkage=0.05


Tree=70
num_leaves=63
num_cat=26
split_feature=4 35 0 41 0 44 0 0 18 0 48 0 48 0 35 9 0 48 0 21 0 44 44 26 0 44 0 48 0 0 0 42 0 48 42 0 0 44 44 48 44 0 44 0 48 0 11 42 44 44 0 9 0 28 0 28 44 9 48 48 0 0
split_gain=535.107 353.02 365.136 328.403 517.465 410.522 360.348 326.4 295.048 342.392 264.731 505.668 236.135 686.949 325.528 324.37 225.533 203.581 590.586 190.847 515.038 249.085 187.559 184.335 465.323 243.661 1050.31 662.433 611.602 519.174 397.759 537.852 484.518 368.616 366.277 988.03 608.498 345.518 556.321 329.609 320.796 810.409 376.417 318.764 313.185 309.361 278.325 268.349 262.343 255.836 366.257 298.276 250.947 268.75 464.633 331.654 251.803 249.122 248.895 348.911 280.033 277.509
threshold=0.25000000745058065 7.5499999523162851 0 -0.22695468366146085 1 0.22491560876369479 2 3 3.3541666269302373 4 -0.087582007050514207 5 -0.9911440610885619 6 0.94999998807907116 0.17515389621257785 7 -0.97548767924308766 8 -0.14583333581686017 9 -0.091258823871612535 -0.4755979031324386 -0.075158104300498949 10 -0.57077232003211964 11 -0.72717297077178944 12 13 14 -0.52778512239456166 15 0.63356903195381176 -0.16280825436115262 16 17 -0.84313312172889698 -0.65233206748962391 0.69780781865119945 -0.082691941410303102 18 -0.51296770572662342 19 -0.45972147583961481 20 22.708333015441898 0.032701563090086018 -0.56369942426681507 -0.34234976768493647 21 2.8121192455291752 22 0.045542273670434959 23 0.0098039219155907648 0.054805127903819091 0.0082167778164150568 -0.5444730520248412 -0.21136100590229032 24 25
decision_type=10 2 9 2 9 2 9 9 10 9 2 9 2 9 2 10 9 2 9 10 9 2 2 10 9 2 9 2 9 9 9 2 9 2 2 9 9 2 2 2 2 9 2 9 2 9 2 2 2 2 9 10 9 2 9 2 2 10 2 2 9 9
left_child=1 2 -1 5 10 7 -7 -3 9 22 11 -5 13 14 -4 -15 -10 18 -14 20 21 -19 -6 24 -21 26 -25 29 -27 -28 37 32 33 46 36 40 39 -29 45 44 42 -42 -36 -40 48 -39 -32 -37 -30 50 -49 -51 53 55 -55 56 -38 -41 -54 60 -60 -61
right_child=-2 3 12 4 8 6 -8 -9 16 -11 -12 -13 17 15 -16 -17 -18 19 -20 23 -22 -23 -24 25 -26 28 27 30 34 -31 31 -33 -34 -35 35 47 52 38 43 57 41 -43 -44 -45 -46 -47 -48 49 -50 51 -52 -53 58 54 -56 -57 -58 -59 59 61 -62 -63
leaf_value=-0.043160704250225231 0.041220867406747658 0.029279017861716855 -0.024558747799456285 0.015224436466255823 -0.061022006781277505 0.017535580601727361 -0.091748214161013558 0.008944119599307479 0.011577386466767934 -0.076652970776590751 0.028190301327435094 -0.070972093480191512 0.021442722902486756 -0.064230630774208014 0.036405596684675585 0.043031710029414916 -0.034945074442068215 0.016751282725771303 -0.06661429705161688 0.035310560980398108 -0.037261864951057683 -0.047881871525079792 0.0079263988161221554 -0.044745335613214504 -0.036279864783164244 -0.028475625588660188 3.1246557779237232e-05 0.026477981317480265 0.050225733560400658 -0.068380325037861581 0.051731782476404142 0.0093926586449179575 -0.050419664462558592 0.027851336762094777 -0.076748167434352796 0.005377850992690174 0.016383575084388646 0.052776446119928912 0.045034598343434776 -0.07764427296503687 0.016729215943806185 -0.05348830335703967 0.025946347075565465 -0.061982483200199057 0.01226532244846135 -0.071003980251370349 -0.060470596123129432 0.016615376982929388 -0.051527144884446097 -0.054345402879494499 -0.069492706738857032 0.05166233370164839 0.025662272024234736 0.037684940018540863 -0.061119285379651417 0.037794513160662672 -0.05874328111974092 0.030584659964493423 0.025536162394280849 -0.071463986711778393 -0.074228083565439418 0.012029242934947702
leaf_weight=385.40164772060234 1163.0654379792977 5323.2754387317691 244.79522619827185 767.28133048955351 135.92937626037747 148.24925214610994 142.93262532475637 3180.0962632321171 1009.670505032409 331.513129087165 1947.8292425549589 207.89100993820466 386.11604742053896 320.78553154674591 2075.2173727315385 90.33100881241262 339.90721900749486 1335.1149386414327 361.08816229726654 1250.4372822239529 957.85187752952334 167.79997180658393 359.49916152912192 1214.2166715271305 269.76186491647968 1082.7223411370651 590.80355165712535 3487.7284780857735 75.148609202355146 520.72974180255551 69.034721735864878 4089.8871003087843 852.34033111284953 546.02018153935205 91.840675829560496 529.49175588786602 444.69107494561467 54.389620662783273 394.00899911019951 264.54396825580625 1517.2570810831385 552.20738296757918 3139.9328844528645 75.901545197586529 1205.5075948269223 327.59636406134814 277.19458587281406 426.3262540481519 403.3170407518046 1145.4646174515365 162.56994867918547 70.43693524133414 2399.6640408888925 249.62215933587868 210.08364901709137 3709.7492644032463 148.87507480604108 66.544418610283174 99.204542553983629 92.751130208838731 220.90828970004804 3450.5433570187306
leaf_count=169888 1241 5828 7076 1230 749 210 1731 9364 1697 3838 2722 1350 1522 11956 2348 118 3200 4826 12312 4415 14230 1669 869 50001 5322 58236 3138 15225 41 10988 40 25866 6424 1649 2302 7625 1512 442 758 7857 21425 31956 14030 1870 12648 7154 3064 1525 8742 52453 5417 38 11476 2230 11735 17154 4716 267 700 3495 4574 23291
internal_value=0.00765294 0.00695575 0.00467521 0.0138666 0.00377169 0.0197201 -0.0386573 0.0217191 -0.014656 -0.0382411 0.0174836 -0.00372294 0.00512624 0.0193402 0.0298443 -0.0396972 -0.000312997 0.00413185 -0.0217156 0.0046369 -0.00883207 0.00947199 -0.0107733 0.00556324 0.0226003 0.00480725 -0.000756213 0.00401265 0.00800322 -0.032633 0.00802018 -0.000521422 -0.0237662 0.00223504 0.00992239 0.00123012 0.0150193 0.0194604 -0.00904152 -0.010235 0.0131607 -0.00218496 0.023028 0.0273882 -0.00131917 -0.0538565 -0.0380985 -0.0258103 -0.0355457 -0.0351033 -0.00805342 -0.0482044 0.0196261 0.0283009 -0.00797795 0.0322422 -0.00245934 -0.0558917 0.0129943 0.00515956 -0.0448317 0.00967594
internal_weight=57161.1 55998 42104 13894.1 5099.52 8794.55 291.182 8503.37 2176.52 826.942 2923 975.172 41718.6 2731.13 2320.01 411.117 1349.58 38987.4 747.204 38240.2 2460.77 1502.91 495.429 35779.5 1520.2 34259.3 12499.9 11285.6 21759.4 1111.53 10174.1 5834.48 1744.59 892.249 20676.7 7635.53 13041.2 4339.63 851.897 2015.06 5301.24 2069.46 3231.77 469.911 1683.97 381.986 346.229 2334.29 478.466 1804.8 588.896 1215.9 11026.1 4763.02 459.706 4303.32 593.566 331.088 6263.07 3863.41 320.113 3543.29
internal_count=701775 700534 667746 32788 15655 17133 1941 15192 10353 5456 5302 2580 497858 21498 9424 12074 4897 476360 13834 462526 20725 6495 1618 441801 9737 432064 126619 76618 305445 14126 62492 37043 11177 4753 247209 136771 110438 25449 10224 29555 69713 53381 16332 2628 21431 7596 3104 67058 8783 59433 6942 52491 80883 37347 13965 23382 6228 8124 43536 32060 5274 26786
cat_boundaries=0 4 8 11 15 19 23 27 31 34 38 42 46 50 53 57 60 64 67 71 75 76 80 84 87 90 93
cat_threshold=3156036 3089269665 753708 208 408127136 39190536 1892681538 148 323026944 1024 75497536 1881014418 25829380 970985536 446 2793685008 1098910724 16783489 514 1081472 34996224 1891631168 4 4089647617 8393814 885020944 34 1191710977 25231382 201347088 288 1619132928 8388612 64 536973329 125838340 5259601 262 1959368209 25165836 1079270739 8 2148025344 1155275858 2366923395 513 2281865226 100683840 1073748992 32 151060481 50348036 570425408 1208124194 50356224 1612716032 32 901779457 65536 33555712 88151201 535580 753148368 260 12653728 2060 69214416 88145953 524288 603988032 256 131328 16777216 536870912 32 32768 1610613248 2 268435456 2 34357248 13960210 2198864641 523 262144 4456448 1048576 16 524288 8388608 0 1090519040 2
is_linear=0
shrinkage=0.05


Tree=71
num_leaves=63
num_cat=22
split_feature=5 35 0 41 0 44 0 0 18 0 48 0 43 30 43 48 0 34 0 48 0 20 0 0 48 48 41 0 44 48 10 44 0 44 10 0 32 18 42 0 0 0 43 46 28 41 44 44 43 0 48 0 18 0 44 44 0 28 0 48 10 18
split_gain=506.251 316.352 343.546 303.001 468.718 376.023 336.786 311.147 267.376 319.78 251.012 461.849 231.417 230.1 327.405 211.836 650.688 293.648 240.985 183.589 550.296 188.674 576.615 182.053 251.475 276.285 374.601 347.784 378.915 302.306 259.55 247.169 494.597 318.802 246.261 213.181 195.873 190.149 186.609 1163.44 593.793 305.154 332.385 231.426 217.887 258.106 215.083 214.525 781.154 1042.95 577.749 386.886 346.231 307.355 360.297 331.097 264.801 261.109 447.797 438.496 207.284 191.822
threshold=0.75000000000000011 7.5499999523162851 0 -0.22695468366146085 1 0.22491560876369479 2 3 3.3541666269302373 4 -0.087582007050514207 5 0.9937499761581422 0.16964901238679889 -0.82897400856018055 -0.9911440610885619 6 0.25000000745058065 7 -0.97548767924308766 8 -0.38750000298023218 9 10 0.99629274010658275 0.13683525472879413 -0.68322628736495961 11 -0.77243989706039418 -0.12568955123424527 28.208333015441898 -0.91595870256423939 12 -0.97507822513580311 20.291666984558109 13 0.12068965658545495 3.3541666269302373 0.032701563090086018 14 15 16 -0.99372696876525868 0.1099301539361477 0.045542273670434959 0.88144907355308544 -0.44505782425403589 -0.42958799004554743 -0.39826117455959315 17 -0.79120641946792591 18 16.274999618530277 19 0.10623887926340105 0.68901559710502636 20 0.0098039219155907648 21 -0.92896968126296986 30.125000000000004 35.549999237060554
decision_type=10 2 9 2 9 2 9 9 10 9 2 9 2 2 2 2 9 2 9 2 9 10 9 9 2 2 2 9 2 2 2 2 9 2 2 9 2 10 2 9 9 9 2 2 2 2 2 2 2 9 2 9 10 9 2 2 9 2 9 2 2 10
left_child=1 2 -1 5 10 7 -7 -3 9 -6 11 -5 15 -10 -15 16 -4 18 -18 20 -17 22 -21 24 25 26 29 28 -28 30 -23 32 33 -27 -30 -32 -33 -29 40 46 -25 -41 60 44 -44 -46 -40 48 49 52 -50 -52 -42 54 -49 -56 -57 58 -55 -60 -43 -59
right_child=-2 3 12 4 8 6 -8 -9 13 -11 -12 -13 -14 14 -16 19 17 -19 -20 21 -22 23 -24 38 -26 31 27 37 34 -31 35 36 -34 -35 -36 -37 -38 -39 39 41 47 42 43 -45 45 -47 -48 53 50 -51 51 -53 -54 57 55 56 -58 61 59 -61 -62 -63
leaf_value=-0.042820891821114038 0.038834398940975845 0.003808123830971539 -0.059256258880160652 0.014256713427199755 -0.0011589639696698989 0.017686795620834982 -0.088761227497239081 0.026371616466260281 0.011736387037751905 -0.064064752055879401 0.027271456990128642 -0.068521261610185583 -0.058633637335860966 -0.08427966736449749 0.014015754992807501 0.020791419002231974 0.021767149738296816 0.034452098481628314 -0.053504102883314933 0.014704344475342957 -0.064819150109573176 -0.10527110175669548 -0.046103719386814644 -0.019960721119190276 -0.069916522540194537 0.027363762066985584 -0.058984930095374102 -0.062755255487204967 -0.10138439824682954 -0.068615714718937765 -0.037799775371952102 0.013756451001411367 -0.070626858678203744 -0.084121138115561198 0.0080228588326708861 0.02439635780446138 -0.048585742237403848 -0.021312380921632894 -0.021029849511281049 0.024223395631085914 -0.025161874271439833 0.014367787442409805 0.020750460506574132 -0.0099813778988863434 -0.039608031046391518 0.037502580207827776 -0.058877286296793563 0.01786836702290925 -0.054005652660868299 -0.070005769250761074 -0.028321750907906257 0.023285962088884164 0.048077565650662568 0.032651300692292794 -0.05058188622069635 0.027933301087671232 -0.057531642263818163 0.031113048691882819 0.0393563486454322 -0.071353625088419234 -0.095798072962259742 -0.028164600158799798
leaf_weight=370.62567509122891 1249.1421608394012 2037.2712378524011 234.70179574529175 755.22727190237492 370.07988178543746 144.96999157592654 141.50879385438748 6287.275939097919 999.74909262044821 452.4584000754403 1908.1706016096286 206.16442146780901 142.77354345936328 172.24325290496927 166.70606232678983 386.45175058196764 233.45288533449639 2012.8824297881802 180.27722732012626 873.80335866007954 350.55802270764252 43.369288369314745 690.15859255730174 1434.1700096635032 127.43047421146184 447.24959644768387 281.02679491788149 541.64428339817096 53.296142424689606 114.48690312873805 144.26973772665951 4879.4485114942072 275.37522279191762 74.858250907389447 1471.3500461691874 1453.2999736214988 129.33372984023299 566.00920499110362 828.83347726298962 2505.2551288415561 274.96818253793754 62.447749790037051 2252.5024366484722 1564.7548999580322 348.06042921741027 157.68350428482518 686.13372303720098 1832.9291129994672 283.6704095271416 682.555147618521 387.00324821419781 4668.4575529122958 390.58654866926372 490.5466411774978 459.32483177707763 382.45772124908399 108.16803829354467 4975.2285898109549 128.53823073673993 294.0413427928579 135.01337791909464 140.32541996217333
leaf_count=169874 1427 4523 8564 1229 862 191 1748 10625 2845 4594 2718 1349 17833 1566 476 1479 1796 2978 7565 3332 11990 305 8790 29564 4105 963 4546 25615 340 3177 5120 50923 6247 714 15296 9432 4612 5705 20228 37580 2051 126 14442 23579 11185 1848 35489 6272 4640 11025 8665 17061 379 1817 9527 3445 9122 38777 380 6749 1662 708
internal_value=0.00735783 0.00664545 0.00447648 0.0132519 0.00350281 0.0189476 -0.0373751 0.0208859 -0.0140539 -0.0365549 0.0167166 -0.00405894 0.00491136 -0.000333645 -0.0359348 0.00513363 0.0187751 0.0264575 -0.0117984 0.00418764 -0.0205266 0.00467156 -0.0123303 0.00540862 -0.000100439 0.00074879 -0.00830685 -0.0193007 -0.00560415 0.00993872 0.0154194 0.00803033 -0.0178234 0.0111655 0.00419837 0.0186958 0.0121467 -0.041206 0.00769857 0.00167585 0.0107409 0.0102535 0.00247498 0.00537812 0.0140916 -0.0155661 -0.0379208 0.0135859 0.00684223 -0.0271663 0.0154292 0.0193254 0.0175556 0.0187193 0.00489895 -0.020074 0.00848761 0.0250491 0.000461468 -0.0368074 -0.0609577 0.029487
internal_weight=56442.8 55193.6 41551.8 13641.8 5030.8 8611.03 286.479 8324.55 2161.24 822.538 2869.56 961.392 41181.2 1338.7 338.949 41038.4 2661.31 2426.61 413.73 38377.1 737.01 37640.1 1563.96 36076.1 10602.4 10475 4668.75 2913.33 1805.67 1755.43 1640.94 5806.27 797.483 522.108 1524.65 1597.57 5008.78 1107.65 25473.7 8540.68 16933 7025.72 4520.46 4323 2758.25 505.744 1514.97 15498.8 6687.24 1348.11 5339.13 5055.46 665.555 8811.56 2782.88 949.951 490.626 6028.68 913.126 422.58 197.461 5115.55
internal_count=701775 700348 667622 32726 15639 17087 1939 15148 10343 5456 5296 2578 497748 4887 2042 479915 20903 12339 9361 459012 13469 445543 12122 433421 137100 132995 69536 51502 20182 18034 14857 63459 7924 1677 15636 14552 55535 31320 296321 146139 150182 90422 52842 51054 27475 13033 55717 120618 43821 13455 30366 25726 2430 76797 28366 22094 12567 48431 8946 7129 1788 39485
cat_boundaries=0 4 8 11 15 19 23 27 30 33 36 39 42 45 48 52 56 60 64 68 71 74 78
cat_threshold=3156036 3089269665 753708 208 408127136 39190536 1892681538 148 323026944 0 75497536 2411829025 38017026 1074794387 512 545259536 1082132484 4224 2 1081472 34996224 1891631168 4 67945776 1130176512 1211376643 781 268567169 2 536887296 1619132928 8388612 64 537527441 17303564 1489240144 2965569674 1082658892 490750482 136 1082130436 423624722 536871042 8388608 268435456 2147614848 1073745984 16794114 135021056 55902210 3255828481 523 1056 18432 2106560 32 1312 67127296 2106560 288 1107300352 66560 536870912 256 16400 72680464 2155872256 769 1275105793 33563648 1619007488 67109376 8192 8388608 16777232 2 2147483648 2
is_linear=0
shrinkage=0.05


Tree=72
num_leaves=63
num_cat=22
split_feature=4 35 0 41 0 34 0 0 48 0 43 18 0 48 0 35 9 41 0 43 43 0 0 18 21 43 48 34 48 0 20 0 43 0 48 48 0 0 43 48 0 42 18 48 18 48 0 10 42 0 0 0 43 18 0 0 43 18 23 43 43 43
split_gain=482.421 299.009 317.097 289.319 519.693 285.853 296.561 283.412 243.433 538.524 208.706 204.197 227.289 200.356 591.873 294.996 276.6 227.238 190.608 174.647 282.206 571.907 316.656 258.799 311.093 246.798 190.771 242.615 173.399 508.197 175.922 535.625 169.794 167.488 205.41 347.158 316.023 265.564 253.678 522.768 447.144 288.743 237.571 226.744 222.74 200.708 204.461 186.64 185.444 1179.5 569.668 323.042 339.748 216.94 724.064 433.458 395.579 389.405 246.213 234.104 317.982 252.163
threshold=0.25000000745058065 7.5499999523162851 0 1.0000000180025095e-35 1 15.949999809265138 2 3 -0.087582007050514207 4 0.9937499761581422 4.3541667461395273 5 -0.9911440610885619 6 0.25000000745058065 0.17515389621257785 0.63405361771583568 7 -0.99904707074165333 -0.35041563212871546 8 9 24.050000190734867 9.291666507720949 -0.82897400856018055 -0.51410380005836476 10.050000190734865 -0.97548767924308766 10 -0.38750000298023218 11 -0.99166062474250782 12 0.13683525472879413 -0.41422599554061884 13 14 0.056951373815536506 0.96056148409843456 15 0.52778512239456188 117.12500000000001 -0.22375029325485227 0.14583333581686023 0.69780781865119945 16 71.958332061767592 0.09796465560793878 17 18 19 -0.99372696876525868 7.0499999523162851 20 21 -0.99815973639488209 0.14583333581686023 0.076110273599624648 0.14250627160072329 0.84773966670036327 -0.39826117455959315
decision_type=10 2 9 2 9 2 9 9 2 9 2 10 9 2 9 2 10 2 9 2 2 9 9 10 10 2 2 2 2 9 10 9 2 9 2 2 9 9 2 2 9 2 10 2 10 2 9 2 2 9 9 9 2 10 9 9 2 10 10 2 2 2
left_child=1 2 -1 5 8 7 -7 -3 9 -5 13 12 -6 14 15 -4 -16 -17 -13 -9 21 23 -22 25 -25 26 27 -21 29 -15 31 -30 -23 34 35 37 43 -32 39 40 42 44 -36 -37 -42 46 -46 -40 50 -50 -35 -51 -53 55 -55 56 -52 59 -59 61 -61 -58
right_child=-2 3 10 4 11 6 -8 19 -10 -11 -12 18 -14 28 16 17 -18 -19 -20 20 22 32 -24 24 -26 -27 -28 -29 30 -31 33 -33 -34 48 38 36 -38 -39 47 -41 41 -43 -44 -45 45 -47 -48 -49 49 51 53 52 -54 54 -56 -57 57 58 -60 60 -62 -63
leaf_value=-0.041777895912046607 0.039996266604588625 0.025388373416265472 -0.061629244801803568 0.015512334055030635 -0.011078814967714878 0.031671323726380846 -0.10875390446865073 0.035121409537685236 0.025688559410231057 -0.076538317528458355 -0.057251716804609325 0.0073640635973325642 -0.075948730475326132 0.019839852984434005 -0.059091022529925909 0.036934627229832442 0.041403308889809892 -0.025652970647134052 -0.047191070321775212 -0.075790243062335949 -0.054016627295881414 -0.019055665764360154 0.026383829529551539 -0.13506189244283517 0.026600212522176606 -0.056046100028175519 0.032624156212951769 0.030961758844556233 0.0135524587299478 -0.063343034077633545 -0.035440727331642524 -0.045393357574051024 -0.085197561569162417 -0.018265833643903325 -0.070300649266052506 -0.081443346736465569 -0.060806803397145975 0.0063601016323089525 -0.047774844449756548 -0.075174429528527625 0.016647094688449594 0.031929177286415117 0.058329181490356208 0.011040675106109675 0.016360300473510413 -0.068194476339272073 -0.054323232675298261 0.022529107550434378 -0.038069993093374103 0.025151198541037884 0.040692429692569802 -0.061301279095051175 0.0051246874255771353 -0.035755530483823385 0.02633816140368966 0.014803274760993031 -0.011387174075778644 -0.056916302252929721 0.0089160924077505456 -0.062955593217237898 0.0069921318816782811 0.031132944809689134
leaf_weight=360.3460039375932 1090.4586650545243 5839.7330944503192 87.006572686717845 638.01034293882549 266.36268040759023 62.169333413243294 80.136187640426215 496.72042440180667 1695.506305553019 200.7142873024568 135.4547309880727 590.4481005538255 295.29095365526155 378.26927435479593 319.29955395654542 1962.1390466309385 87.162776204524562 156.59989098855294 208.988694645348 102.8361465591006 126.07896150648594 150.58134731964674 1337.5598208865267 67.016615394968539 53.527606337796897 113.89215329627041 809.77393914246932 110.3216770789586 886.28808210790157 342.53998506721109 444.44908911787206 668.61118679726496 272.84509421716211 1630.6505829794332 275.66037626878824 79.633979691949207 530.93803088343702 2308.2405490924721 99.163669819943607 236.11788614530815 613.87749377067667 929.91259947232902 41.270465265028179 395.03232325048884 302.88955680257641 192.56616384669906 142.44251429871656 1966.4386271073599 1566.7322468900238 2291.2661410371657 386.52691535349004 200.98431226424873 4557.7208834008779 509.74579623760656 5091.9922063208651 8152.0558382127783 691.94104307034286 638.61335194268031 182.64782140048919 309.74231843312737 341.74280607496621 702.88276258279802
leaf_count=169888 1241 7153 5887 978 863 56 748 588 2372 1252 17830 1119 3755 1475 11616 2488 118 803 2459 418 848 763 3315 419 65 663 976 126 3590 11994 15248 8531 3852 33898 9885 2380 16005 22431 1046 5987 5725 5044 14 4387 1035 1865 1468 26622 56115 33385 525 1972 56804 3828 14938 73251 8646 7851 638 10256 5791 6486
internal_value=0.00706615 0.00640987 0.00429257 0.0128623 0.00136542 0.0175161 -0.0528227 0.0185719 0.0147312 -0.00724381 0.00470817 -0.0234564 -0.0467338 0.00491553 0.0183112 0.0284742 -0.0366394 0.0323087 -0.00739592 0.00754907 0.00321753 -0.0107604 0.0192693 0.00633534 -0.0632759 0.0137724 0.0215459 -0.0205398 0.00399685 -0.0202935 0.00446539 -0.0119992 -0.0602528 0.00518021 -0.000924245 -0.00967958 -0.0348218 -0.000494702 0.00592858 -0.00406086 0.00265932 0.0107755 -0.0519126 -0.00438288 -0.00485301 -0.0255435 -0.00710078 0.019154 0.00709486 0.00103168 0.00990171 0.0097615 0.00231432 0.0126056 0.020671 0.00865567 -0.00676978 -0.0131909 -0.0422752 -0.00151832 -0.0262638 0.0100397
internal_weight=55806.6 54716.1 41197.6 13518.5 3895.32 9623.19 142.306 9480.89 2534.23 838.725 40837.2 1361.09 561.654 40701.8 2612.21 2205.75 406.462 2118.74 799.437 3641.15 3144.43 1680.79 1463.64 1257.37 120.544 1136.82 1022.93 213.158 38089.6 720.809 37368.8 1554.9 423.426 35813.9 8558.63 3758.29 1005.6 2752.69 4800.34 2734.74 2498.62 2181.69 316.931 474.666 1251.78 637.898 445.332 2065.6 27255.2 8616.7 18638.5 7049.97 4758.71 17007.9 5601.74 11406.2 3254.1 2867.57 821.261 2046.31 651.485 1394.82
internal_count=701775 700534 667746 32788 12798 19990 804 19186 4602 2230 497858 8196 4618 480028 20912 9178 11734 3291 3578 12033 11445 7282 4163 2667 484 2183 1520 544 459116 13469 445647 12121 4615 433526 119142 60451 22772 37679 58691 31023 25036 15137 9899 6767 10093 4368 2503 27668 314384 148276 166108 92161 58776 132210 18766 113444 40193 39668 8489 31179 16047 15132
cat_boundaries=0 4 8 11 15 19 22 26 30 34 38 41 44 47 50 53 56 59 63 67 71 74 78
cat_threshold=3156036 3089269665 753708 208 402888608 54722568 1892681538 150 131075 0 536870912 1880883344 26877956 1038094400 446 36992 50528256 1887436864 4 2696937488 1082132484 16781441 4072870401 8393822 885020944 34 1195900929 9699350 67125264 296 63128096 71633922 1074007680 1 142623232 37816320 1074791554 512 1619132928 8388612 64 537527473 17319948 1489240144 2428698762 1082658888 423641618 4194440 72 20971536 2147614720 4168 4211216 2155872256 1082658880 16793602 196736 0 4194816 671891968 55902210 3255828481 523 1056 18432 69215424 32 1056 67127296 69215424 32 83886609 4202512 33816576 1208258560 100664324 2692749312 3
is_linear=0
shrinkage=0.05


Tree=73
num_leaves=63
num_cat=23
split_feature=1 22 43 0 44 0 0 48 0 30 0 17 48 0 48 0 44 0 0 43 28 0 43 0 0 43 0 41 0 10 44 40 44 43 42 43 43 0 0 0 48 28 0 43 11 34 26 35 0 43 44 43 43 0 0 28 28 44 0 48 0 48
split_gain=469.326 314.054 324.463 795.868 544.195 790.38 406.742 391.707 342.028 339.288 788.091 315.855 309.651 1289.95 596.24 1119.27 572.697 870.244 513.68 490.237 540.972 507.324 469.479 1878.02 518.709 422.327 352.83 330.906 418.289 328.774 311.519 530.026 298.345 296.737 288.595 290.74 281.286 300.328 285.375 265.945 256.858 247.331 369.08 244.255 242.44 239.939 239.552 239.424 235.949 267.644 265.927 289.359 228.399 223.979 220.904 219.344 209.821 206.789 1120.57 295.887 878.617 242.988
threshold=7.6499998569488534 0.64583334326744091 -0.99904707074165333 0 0.011826144531369211 1 2 0.39149929583072668 3 0.16754310578107837 4 1.0000000180025095e-35 0.83896556496620189 5 0.71512970328331005 6 -0.86112883687019337 7 8 -0.81923159956932057 0.049337463453412063 9 -0.31799228489398951 10 11 -0.30983471870422358 12 0.77259656786918651 13 48.625000000000007 -0.77243989706039418 4.6029999256134042 -0.11692317575216292 -0.20180235803127286 -0.032701563090086067 -0.99166062474250782 -0.98664820194244374 14 15 16 0.43654257059097296 0.055752867832779891 17 0.9787549376487733 150.62500000000003 3.0499999523162846 0.046613859012722976 13.84999990463257 18 -0.49064628779888148 -0.94703993201255787 0.42179998755455023 -0.64578425884246815 19 20 0.036731028929352767 0.017647059634327892 -0.074115883558988557 21 -0.12568955123424527 22 0.30355747044086462
decision_type=10 10 2 9 2 9 9 2 9 2 9 8 2 9 2 9 2 9 9 2 2 9 2 9 9 2 9 2 9 2 2 2 2 2 2 2 2 9 9 9 2 2 9 2 2 2 10 2 9 2 2 2 2 9 9 2 2 2 9 2 9 2
left_child=1 2 3 -1 5 -5 -4 -6 -9 12 32 53 14 48 18 29 41 45 34 20 21 56 23 30 -24 -26 40 46 -29 -16 31 -21 55 -28 35 -8 38 -38 -13 -3 47 -15 -43 -35 -19 -18 57 -27 49 -14 -51 -52 -37 -12 -36 -11 -20 59 -59 -23 61 -61
right_child=-2 39 6 4 7 -7 9 8 -10 10 11 36 13 16 15 -17 17 44 19 22 -22 27 24 -25 25 26 33 28 -30 -31 -32 -33 -34 43 54 52 37 -39 -40 -41 -42 42 -44 -45 -46 -47 -48 -49 -50 50 51 -53 -54 -55 -56 -57 -58 58 -60 60 -62 -63
leaf_value=-0.071674176771957629 0.043837504092256251 0.026596457286364873 -0.041591617158986287 0.033509665476562818 0.046160622825502248 -0.08997772507819092 0.020113631350025502 0.047463933208059091 -0.092717565548681352 -0.030578491573751074 0.021563472631567299 0.008382779361842568 -0.083781710841392243 0.039338663954950621 0.050584153232298007 -0.071540862843674488 0.02930425358433595 0.018350581558513292 -0.0042845775881282825 -0.076349155282696507 -0.059997751370258118 0.038473403883481264 -0.044066141334801343 -0.068430959695471499 0.049324374339916016 0.023665067532910592 -0.063825789165682503 0.019072966158171258 -0.064992883627817688 -0.023905474350098779 0.022759963141107242 0.035929760102826558 -0.053868525055504428 0.0032550522354141639 0.011754875185591304 -0.071960866383363437 0.0090665248588070579 -0.028409291480726597 -0.069489123389375934 -0.0014460481618898174 -0.043154951664194717 0.051792789527088837 -0.075266028863529122 -0.069358715785912697 -0.053334181376147462 -0.053666597775073425 -0.037782264350121809 -0.10794593679101833 -0.055752125985870642 -0.097511350450455336 0.040095022214377558 -0.071484307086938412 -0.025105590764141796 0.0018871428088774829 -0.058154895347376889 0.0034788930788614419 -0.078283779975461057 -0.074051600081615307 0.025198251709054015 -0.020108799863586643 -0.092394469112263553 0.039155101346950591
leaf_weight=204.04820075666066 841.37600397039205 3164.6535522303311 472.29221618990414 311.62645055283792 1973.9873803852242 208.03303561580833 242.20314805477392 69.643463142216206 91.452770908363163 1138.504627112532 2732.6769409257104 184.94501068792306 100.08733872137964 3754.2224399640691 372.45630272757262 690.62876996479463 1696.7827409554739 146.47228169359732 214.89447233418468 230.81303889828268 221.22951488243416 3814.0502691458096 458.14513123803772 1056.0255127116106 633.69898402551189 3474.7309403693071 177.04397276340751 371.07437462452799 233.36938642978203 245.94823000876931 1677.1524634991656 192.99785410240293 732.60933744919021 5953.8106859041145 998.52361209160881 380.48245071922429 1821.9352648536442 745.00608702801401 326.12496633140836 1159.653309035697 156.2875117630465 99.386944604106247 111.03238986351062 118.10697291215183 605.65891645150259 91.85115284397034 153.12565052288119 34.903057274175808 571.99283185595414 54.143542774254456 331.34166393557098 70.460635910974815 821.94173727597808 3078.8249631639337 117.33618727046996 808.48201630474068 172.8396085454151 307.45225307688816 2763.8886658254778 215.92162191157695 169.12692641431931 869.27163255098276
leaf_count=2556 784 5130 166861 353 2276 3679 684 36 1179 13021 18047 403 1654 6582 271 20500 13189 356 2433 3824 3359 4785 31493 38452 663 40574 4301 1323 4555 5199 11171 270 23790 63237 15845 6851 6063 6029 2484 6703 6996 105 2039 8085 21473 472 933 245 23007 588 1249 2294 24160 26577 14217 7162 3261 5281 8803 720 1988 1155
internal_value=0.00677973 0.00620655 0.0050901 0.0214468 0.0287659 -0.0170121 0.00409972 0.0400426 -0.0349249 0.00456931 -0.00285742 0.00431574 0.00701342 0.0159243 0.00454349 -0.0283894 0.0244683 0.00597424 0.00618701 0.00848743 0.0172743 0.0191154 0.00259593 -0.0144015 0.00747118 0.00974208 0.00722205 0.0215485 -0.0141437 0.0206251 0.0130196 -0.0252188 -0.0265712 -1.78551e-05 -0.0150531 -0.0298649 -0.00862984 -0.00188547 -0.0425046 0.0191344 0.0195101 0.0363821 -0.0163681 0.00184262 -0.0388574 0.0249042 0.024176 0.0223562 -0.0332717 -0.00956972 0.00651111 0.0205283 -0.039932 0.0111797 0.00398782 -0.0164362 -0.036334 0.0253416 0.0151039 0.0315454 0.0104791 0.0271135
internal_weight=55238.8 54397.4 50073.1 2858.79 2654.74 519.659 47214.3 2135.08 161.096 46742 11569.1 8889.51 35172.9 7633.43 27539.5 1309.03 6505.41 2540.77 26230.4 23670 9506.24 9285.01 14163.7 3156.99 11006.7 10548.6 9914.88 8897.28 604.444 618.405 2100.96 423.811 2679.6 6248.96 2560.49 1444.63 3078.01 2566.94 511.07 4324.31 3665.92 3964.64 210.419 6071.92 752.131 1788.63 8292.84 3509.63 1128.03 556.033 455.946 401.802 1202.42 5811.5 1115.86 1946.99 387.734 8139.71 3071.34 5068.37 1254.32 1085.19
internal_count=701775 700991 689158 10079 7523 4032 679079 3491 1215 512218 103576 59603 408642 73008 335634 25970 44216 35490 309664 247907 38596 35237 209311 53717 155594 124101 123438 29543 5878 5470 15265 4094 43973 75623 61757 31695 14979 12092 2887 11833 47815 8726 2144 71322 21829 13661 23665 40819 28792 5785 4131 3543 31011 44624 30062 20183 5694 22732 14084 8648 3863 1875
cat_boundaries=0 4 7 11 12 16 20 24 28 32 36 40 44 48 52 56 59 63 66 69 73 76 79 83
cat_threshold=2357380130 1327112 67133185 301 129 0 2684354624 2107460 4162880417 2198569006 64 1 424679184 55790604 1280590977 512 2325725216 63511616 537135745 523 537920000 6236 14680448 144 889196816 67108864 340812032 260 8389018 67125264 1076896000 144 202408448 4168 16384 544 67768832 4272132 541065280 39 67634176 5507072 67109504 33 135303680 50401356 134240257 520 1644363776 58721280 268435456 2 3758817409 75509824 268437568 442 1 8388608 538968592 307103249 126485568 952387664 54 0 8192 1073741824 8978432 524288 536872960 42254368 262160 536883968 271 8389010 0 2105600 3221574656 33555462 142876177 1611087872 25174022 549720656 14
is_linear=0
shrinkage=0.05


Tree=74
num_leaves=63
num_cat=0
split_feature=1 22 43 48 48 18 48 7 41 43 48 48 43 43 43 43 17 35 43 26 48 18 38 48 18 36 43 7 43 48 43 43 28 35 34 40 35 43 43 36 28 48 43 11 37 18 40 7 48 48 37 43 43 35 39 17 48 48 43 43 35 28
split_gain=444.594 287.091 304.706 580.997 586.018 376.827 376.117 351.403 292.044 670.464 485.836 586.648 498.271 816.56 460.335 394.699 384.058 384.915 341.938 301.65 339.515 464.495 342.841 334.187 299.02 273.875 275.457 488.181 295.099 269.986 269.634 657.159 580.971 435.755 413.483 374.19 336.78 324.343 323.966 431.216 370.476 636.911 389.609 421.605 274.697 253.665 369.973 361.806 309.137 317.496 324.801 267.78 428.216 308.557 248.854 247.219 244.167 505.955 281.332 259.95 347.733 235.893
threshold=7.6499998569488534 0.64583334326744091 -0.99904707074165333 -0.94929715991020192 0.66164791584014904 6.6833331584930429 -0.92896968126296986 1.5500000119209292 -0.68322628736495961 0.70900115370750438 0.55574825406074535 0.4246301949024201 -0.64578425884246815 -0.91246706247329701 0.67802080512046825 0.57077592611312877 1.2749999761581423 11.34999990463257 -0.75579217076301564 0.013518549967557194 -0.13814540207386014 61.708333969116218 4.5000000000000009 -0.99817660450935353 54.062500000000007 9.5000000000000018 0.88220161199569713 3.9500000476837163 0.99053108692169201 0.67983120679855358 -0.75579217076301564 -0.23537230491638181 0.049337463453412063 19.050000190734867 1.0000000180025095e-35 4.6029999256134042 13.550000190734865 -0.39826117455959315 -0.99549928307533253 8.5000000000000018 0.013725490774959328 -0.68314909934997547 -0.84772008657455433 130.37500000000003 1.1215000152587893 3.1833333969116215 4.6029999256134042 11.050000190734865 0.17354981601238254 -0.72717297077178944 5.4795000553131112 0.69676569104194652 0.14250627160072329 0.55000001192092907 0.19749999791383746 1.7749999761581423 -0.55407407879829396 -0.7519201636314391 -0.92599865794181813 -0.91246706247329701 5.1499998569488534 0.013725490774959328
decision_type=10 10 2 2 2 10 2 2 2 2 2 2 2 2 2 2 10 2 2 10 2 10 2 2 8 2 2 2 2 2 2 2 2 2 2 2 2 2 2 2 2 2 2 2 2 10 2 2 2 2 2 2 2 2 2 10 2 2 2 2 2 2
left_child=1 2 3 -1 5 -5 -7 -6 9 14 11 24 13 16 15 19 17 29 -15 20 21 23 -22 -4 30 26 27 -14 -28 -12 32 35 33 34 54 36 -32 -37 39 -36 41 55 43 -43 -33 47 -47 48 49 -46 51 52 61 -54 -10 -40 57 58 -25 60 -58 -51
right_child=-2 -3 8 4 7 6 -8 -9 10 -11 12 -13 25 18 -16 -17 -18 -19 -20 -21 22 -23 -24 56 -26 -27 28 -29 -30 -31 31 44 -34 -35 38 37 -38 -39 40 -41 -42 42 -44 -45 45 46 -48 -49 -50 50 -52 -53 53 -55 -56 -57 59 -59 -60 -61 -62 -63
leaf_value=-0.10951796949548609 0.043282768596997201 0.018400558010139702 -0.10253796703703877 0.043619354687073841 -0.090529966360431813 0.044021943526854582 -0.034188193522122268 0.046265197566986896 0.0031618884748938997 -0.040131057186575572 0.040189218578247934 -0.044948877899220308 0.014293007827304452 -0.075938995729047706 0.046859568994710742 -0.060803092126368474 -0.049257625304351328 -0.089680080924192121 -0.008504970090590978 -0.00064107196389243061 -0.082100313142128456 -0.13398895237873928 0.0066375599046978317 0.035904536623069895 -0.041339200543038912 0.026032342499968986 -0.071959732999037476 -0.091905709263868471 0.028515708734899826 0.0041082165943757635 -0.050633125328154088 -0.064608906543628192 -0.072063851850875202 -0.13389027256695027 -0.0017198507988053871 -0.077999734038223759 0.018527576070025985 0.049975590248589379 0.021165429007667456 -0.10343199811491524 0.021141446739765951 0.011523510779012798 0.024441748927233435 -0.094208159798739435 -0.025236494565335249 0.015383177628439293 -0.10643496099177743 0.048257733454119295 -0.050598261152281623 -0.072209977348858437 -0.056392414514935409 0.021713502551657504 -0.007083727691019598 -0.084039036206953355 -0.048355535528699992 -0.074413914274136364 -0.095576452031815418 -0.047724915767908056 -0.0033727335146301329 0.042188940867830038 0.023096833109349221 0.024565964890877017
leaf_weight=82.727956662711222 810.34163398947567 4274.4486578634824 50.598504800640512 1830.5388316781609 163.96137367497431 265.83107381564332 364.50376543588936 65.781619955669157 457.74412086629309 640.31440663838293 844.66851848573424 809.53220531431725 3761.9411419226089 500.34794828447048 896.09461373527301 194.99463761405786 268.65681238181423 86.194781689031515 301.12412856239825 3915.3157447587 112.60169350134674 46.14423116564285 3263.9890618941863 1418.0268685983028 461.08461284160148 3834.8095930831623 209.49323246610584 111.41870916716289 112.22680096852127 1342.5493259745999 1416.6993707851507 162.16242091212189 235.79640276299324 54.243606284609996 522.06788063165732 64.272786834626459 200.99570859177038 215.55000897741411 1236.1585730457446 130.19132512965007 5686.0236103765201 127.49848026502877 154.3616635632934 361.91308829426998 1353.3432494715089 2899.3665220091352 63.697657292243093 293.88379238545895 406.73264482943341 69.513867297093384 208.78016888053389 1609.8282856476726 273.68900219013449 248.54611813864904 480.44420030992478 71.570992814900819 79.654952115437482 285.14211971644545 671.94172822526889 2484.9028829089366 274.2715799533762 668.68881544069154
leaf_count=1197 784 11833 1455 2667 2810 268 3058 79 5293 44439 2527 23914 54800 15179 2734 7893 2767 691 7787 40178 3509 462 40481 2861 4173 45077 10566 885 4777 12104 61217 7553 6430 523 1649 1342 507 570 4167 1563 16751 195 747 5447 57495 23194 762 267 19712 5044 14490 28994 16164 4017 25070 775 1649 6295 12804 11006 524 7604
internal_value=0.00652362 0.00596891 0.00489379 0.0209954 0.0250082 0.032138 -0.00120464 -0.0513618 0.00393658 0.00987674 0.00130193 -0.00321565 0.00962114 -0.00659728 0.0122151 0.00978927 0.00727702 0.0139579 -0.0506031 0.0108815 0.0160747 0.0239564 0.00367835 0.0253408 -0.00153774 0.0163743 0.00754565 0.0112382 -0.0369105 0.0180421 -0.000604934 -0.00627165 0.00544146 0.00741033 0.00824092 -0.0328055 -0.04204 0.0205808 0.0118015 -0.0220217 0.0146901 -0.00410715 -0.0448187 -0.0666636 -0.000174891 0.00111571 0.0127644 -0.0056086 -0.00887994 -0.00505172 0.00382017 0.00819997 -0.00905949 -0.0437089 -0.0232201 0.0159344 0.0265818 0.0147525 0.0232766 0.0364788 -0.00361186 0.0154529
internal_weight=54509.9 53699.6 49425.1 2773.34 2690.62 2460.87 630.335 229.743 46651.8 14334 32317.8 20944.4 11373.4 3343.54 13693.7 12797.6 2542.07 2273.41 801.472 12602.6 8687.27 5310.68 3376.59 5264.54 20134.8 8029.89 4195.08 3873.36 321.72 2187.22 19673.8 10155.8 9518.01 9282.22 9227.97 1897.52 1617.7 279.823 8289.79 652.259 7637.53 1951.5 643.773 489.412 8258.23 8096.07 2963.06 5133.01 4839.12 4432.39 3079.05 2870.27 1260.44 522.235 938.188 1307.73 5213.94 2375.11 2089.97 2838.83 353.927 738.203
internal_count=701775 700991 689158 10079 8882 5993 3326 2889 679079 176290 502789 345629 157160 41055 131851 129117 18089 15322 22966 121224 81046 37056 43990 36594 321715 116105 71028 55685 15343 14631 317542 248932 68610 62180 61657 63636 61724 1912 31294 3212 28082 11331 6389 5642 185296 177743 23956 153787 153520 133808 76313 61823 32829 20181 30363 4942 35139 21960 15665 13179 2173 12648
is_linear=0
shrinkage=0.05


Tree=75
num_leaves=63
num_cat=21
split_feature=20 43 1 18 0 43 0 44 0 0 48 24 0 30 34 35 0 43 0 48 0 29 35 0 0 48 44 0 43 43 0 0 18 44 0 48 0 43 0 43 0 48 0 41 0 48 30 15 44 43 43 0 43 44 43 48 43 43 43 0 44 43
split_gain=446.722 245.283 246.739 371.007 1073.31 268.823 663.815 483.564 691.27 481.643 395.209 268.566 268.554 252.846 242.663 241.965 660.085 258.984 493.38 229.143 670.679 379.382 541.467 316.333 277.947 438.335 392.435 405.241 324.14 268.449 475.283 325.933 259.737 725.917 642.241 558.99 482.808 399.102 1284.56 383.167 324.688 285.469 282.892 262.474 390.216 265.056 281.128 248.108 243.236 241.47 448.847 268.03 234.998 234.332 246.128 231.714 479.979 391.65 378.771 244.664 340.826 253.857
threshold=7.5625000000000009 0.9937499761581422 7.2500000000000009 45.549999237060554 0 -0.99904707074165333 1 0.011826144531369211 2 3 0.38025361299514776 0.085049644112586989 4 0.16754310578107837 17.150000572204593 12.650000095367433 5 0.14250627160072329 6 -0.98941165208816517 7 3.4377285242080693 5.1499998569488534 8 9 -0.95311623811721791 -0.35042476654052729 10 0.87811094522476207 0.42179998755455023 11 12 7.0499999523162851 -0.99273797869682301 13 -0.69195023179054249 14 -0.86546283960342396 15 -0.9193688929080962 16 -0.97548767924308766 17 -0.41248606145381922 18 -0.12568955123424527 0.1148212030529976 1.2749999761581423 -0.93543598055839527 0.73865729570388805 0.69676569104194652 19 -0.76694339513778675 -0.26867066323757166 -0.99372696876525868 0.83896556496620189 -0.75579217076301564 -0.31799228489398951 -0.64578425884246815 20 -0.99938741326332081 -0.30163703858852381
decision_type=10 2 10 8 9 2 9 2 9 9 2 10 9 2 2 2 9 2 9 2 9 2 2 9 9 2 2 9 2 2 9 9 10 2 9 2 9 2 9 2 9 2 9 2 9 2 2 10 2 2 2 9 2 2 2 2 2 2 2 9 2 2
left_child=1 2 3 5 13 6 -1 8 -8 -7 -9 -6 -12 -5 15 19 -17 -18 -19 20 -11 22 23 -22 25 -21 28 -28 29 31 -31 -27 36 -34 35 52 43 38 39 47 48 -38 -37 45 -45 -26 -47 -36 -39 50 51 -29 -35 -23 -55 56 -33 -58 -57 -59 -61 -62
right_child=-2 -3 -4 4 11 9 7 10 -10 14 12 -13 -14 -15 -16 16 17 18 -20 24 21 53 -24 -25 32 26 27 49 -30 30 -32 55 33 34 37 42 41 40 -40 -41 -42 -43 -44 44 -46 46 -48 -49 -50 -51 -52 -53 -54 54 -56 58 57 59 -60 60 61 -63
leaf_value=-0.068165097960354026 0.0267989937786004 -0.059832910487595592 0.043723704504839991 0.023155426988247029 -0.082782495213338733 -0.053456036568393886 0.032234890334754428 0.046400462940645523 -0.085160079458855259 -0.068932242554753539 0.044310153159601087 0.019113500255694395 -0.084431817575869747 -0.022816285341042464 -0.067300549860508124 -0.053464257688007513 0.027808626065497333 0.032548233561568683 -0.090070364708487227 -0.076483383789623299 0.034007729722077211 0.046717395821169856 -0.11288041276532529 -0.030772703962479345 0.015813395816969132 -0.02552123020787276 -0.068482387549759924 -0.0518926392105718 0.037881824008081835 0.013349688522144057 -0.072653506429494932 0.027059363373984253 -0.085277195915480178 0.02965486699198144 0.031227547162199172 0.0018898137256157328 -0.061569357655603785 -0.023409706058166009 -0.073129706483909027 -0.069932314115830715 0.017023277886639328 0.0072909060538549359 -0.07478724436141275 -0.010330991242726663 -0.058283058469545734 -0.0017633646141524903 -0.06766622283949518 -0.022410635877880163 0.045929276928337537 -0.064600010415825956 0.058989903852229054 -0.0050386695528641737 -0.083754861374831319 0.039407809155826569 -0.091929740344315003 -0.07298282699604533 -0.073269687108831971 0.023897356718250967 0.03496409823260465 0.027928960489141025 0.03623369176825228 -0.075611436004493826
leaf_weight=182.23484425467905 2601.0354034936754 142.99440116435289 424.09633491188288 966.89369902620092 548.07246700976975 335.12665786984144 306.35953248594888 1814.0744791793404 198.60263553165714 192.70918933048961 60.179591516032815 73.316592951421626 94.359481611929368 433.06268802809063 113.10111279698322 291.67868868698133 3338.7003850915935 189.61310682957992 130.62096712947823 203.43809897248866 574.6421483817976 1453.6663957754499 94.466185608645901 269.89581196109066 1126.8893924123258 698.10415599285625 330.30633002560353 360.73332437849604 679.4003655166598 324.94322502386058 307.16542897070758 1021.0709094360936 183.86777260684175 448.68871083948761 1790.9198580801021 175.23602568538627 151.84627142478712 134.23781147465343 440.34364702674793 112.72058637021109 3214.2128158219857 17088.573577004892 422.89619663823396 1361.6408617599518 616.16647242632462 512.82583679875825 236.42413587146439 245.09665435086936 2187.7961007099948 189.51519288204145 239.23606421623845 1769.5282837839914 50.854729185346514 78.643078362045344 65.283700114116073 86.858637119876221 264.36690884706331 418.21389338170411 1261.5553175417008 184.41608435194939 61.508848613128066 289.60246809816454
leaf_count=2385 4461 24272 377 2154 8866 158807 364 2089 3710 8450 35 183 1209 1839 648 1683 4501 167 959 7684 2704 1782 662 7206 14559 13152 24201 13120 3293 4781 9994 4069 2655 1056 3103 1756 4384 1615 5077 967 11800 177555 5910 24164 33626 13197 5572 872 7184 14102 1123 28587 1204 103 2153 1606 6121 1789 3424 635 153 6282
internal_value=0.00658142 0.00556158 0.00574343 0.00542758 -0.0155646 0.00629399 0.0217643 0.0285498 -0.0149849 0.00540697 0.0398617 -0.0696393 -0.0368942 0.00887116 0.00584631 0.00602794 0.0178572 0.0236243 -0.0192632 0.00491314 0.0189212 0.0257657 0.000645172 0.0133436 0.00393761 -0.00394962 -0.0022155 -0.0171805 0.00550954 0.00103727 -0.0293807 0.00552369 0.00618399 0.0130954 0.0150565 -0.0207449 0.00310483 0.0198941 0.00371443 0.0197108 0.0274966 0.00668054 -0.0535418 -0.0128748 -0.0256169 0.000489154 -0.0225589 0.0247706 0.041741 -0.010251 -0.00594737 -0.0132401 0.0181095 0.0406919 -0.0201655 0.0116035 0.00177503 -0.0194194 0.0280107 -0.00449266 -0.0266128 -0.056018
internal_weight=54164.6 51563.6 51420.6 50996.5 2021.35 48975.2 2655.81 2473.58 504.962 46319.3 1968.61 621.389 154.539 1399.96 45984.2 45871.1 3950.61 3658.93 320.234 41920.5 2729.31 2536.6 939.004 844.538 39191.2 8689.96 8486.53 2889.32 5597.21 4917.81 632.109 4285.7 30501.2 9406.87 9223 1097.68 21094.4 8125.33 2589.08 2148.74 5536.25 17240.4 598.132 3853.95 1977.81 1876.14 749.25 2036.02 2322.03 2559.01 2369.5 2130.26 499.543 1597.59 143.927 3587.59 2239.18 1218.11 1348.41 953.741 535.527 351.111
internal_count=702141 697680 673408 673031 13042 659989 9792 7407 4074 650197 3333 9049 1244 3993 491390 490742 7310 5627 1126 483432 23060 14610 10572 9910 460372 144116 136432 81133 55299 52006 14775 37231 316256 43199 40544 9926 273057 30618 10019 4942 20599 181939 7666 91118 57790 33328 18769 3975 8799 56932 42830 41707 2260 4038 2256 24079 19049 14980 5030 8859 7070 6435
cat_boundaries=0 4 8 11 15 16 20 23 27 30 34 38 42 45 48 52 56 60 63 67 71 73
cat_threshold=3007447202 1149785180 551551250 40 209896482 1327112 67132673 315 129 0 2684354624 2107460 4162880417 2181791790 64 1 176161825 33555456 3431825 512 1048576 16777216 281018432 85509170 39788544 137625601 781 1920991872 2 805322768 2420151178 660570 1228931088 176 2147487746 132096 1073741824 32 268472320 4104 134217728 144 2415951872 528464 150994960 84934705 4218880 270912 134676480 100665348 68177024 523 1074216960 60096512 808452097 262 134743040 67110916 67132544 523 1048592 0 262144 0 67108868 68157440 11 512 4184 0 128 514 131072
is_linear=0
shrinkage=0.05


Tree=76
num_leaves=63
num_cat=0
split_feature=20 17 44 44 43 44 38 35 41 48 37 44 43 44 48 11 28 43 43 44 44 26 24 41 17 24 37 43 48 48 43 27 15 48 44 44 37 46 48 44 48 44 44 44 43 44 48 10 37 48 48 7 48 38 44 48 7 36 28 43 37 40
split_gain=420.987 271.115 597.206 618.606 300.918 405.622 392.033 263.621 298.441 259.587 337.688 254.649 335.198 331.027 394.863 250.55 313.318 347.109 272.53 247.75 617.215 243.088 258.274 235.064 234.472 228.463 211.626 234.124 196.125 231.594 186.191 182.116 178.295 174.703 341.079 214.287 167.716 159.324 153.481 153.137 1032.58 549.17 483.957 596.128 587.579 427.445 563.376 417.912 373.677 370.087 489.348 772.129 459.721 628.971 584.543 379.695 348.199 312.012 654.021 309.57 907.25 486.31
threshold=1.7749999761581423 2.1833333969116215 -0.70289847254753102 -0.77243989706039418 -0.99815973639488209 0.011826144531369211 12.500000000000002 6.9500000476837167 -0.16280825436115262 0.38025361299514776 2.7055000066757207 -0.99983122944831837 1.0000000180025095e-35 -0.99864786863327015 0.99629274010658275 49.041666030883796 0.04256099462509156 0.12545942142605784 0.98802474141120922 -0.99761277437210072 -0.99465739727020253 0.052680425345897681 0.085049644112586989 0.09796465560793878 1.9499999880790713 -0.018326527439057824 1.9674999713897707 -0.98930078744888295 0.36915744841098791 0.2323095500469208 0.12545942142605784 0.10577136650681497 2.1458333730697636 -0.99883171916007985 -0.70289847254753102 -0.81427544355392445 1.5860000252723696 0.91870406270027172 -0.78394964337348927 -0.89404255151748646 -0.79120641946792591 -0.86974579095840443 -0.92272481322288502 -0.94137725234031666 -0.30163703858852381 -0.97507822513580311 -0.68314909934997547 60.458333969116218 4.5694999694824228 0.71512970328331005 0.83186858892440807 0.75000000000000011 0.55574825406074535 18.500000000000004 0.80798786878585827 0.43654257059097296 0.15000000223517421 8.5000000000000018 0.0058823532890528449 -0.99549928307533253 1.9674999713897707 5.0030000209808358
decision_type=10 8 2 2 2 2 2 2 2 2 2 2 2 2 2 2 2 2 2 2 2 10 10 2 10 10 2 2 2 2 2 2 10 2 2 2 2 2 2 2 2 2 2 2 2 2 2 2 2 2 2 2 2 2 2 2 2 2 2 2 2 2
left_child=1 4 3 7 5 6 38 8 -3 -7 -11 12 36 14 24 16 -15 -18 19 23 -21 25 -23 -17 -13 -4 27 -27 29 -28 -10 -12 33 34 35 -22 -6 -30 -1 40 -35 -41 43 44 -42 57 -47 -48 -45 52 51 -51 54 -54 55 59 -52 -46 -59 60 -43 -61
right_child=-2 2 21 -5 11 9 -8 -9 30 10 31 13 -14 15 -16 18 17 -19 -20 20 32 22 -24 -25 -26 26 28 -29 37 -31 -32 -33 -34 39 -36 -37 -38 -39 -40 41 42 49 -44 48 45 46 47 -49 -50 50 56 -53 53 -55 -56 -57 -58 58 -60 61 -62 -63
leaf_value=-0.089035879834824791 0.021093227219917899 -0.063278638099551268 -0.056501898521606558 0.043693157449293384 0.020923835228495127 0.039304955863529958 -0.08944388739886161 0.020785991662924195 -0.038980007455528543 -0.093713094756149959 -0.054895387987968586 -0.082709957356338903 0.038596678142978319 0.02630113645937451 0.051303032575376606 0.042793500262022194 -0.097421181523596578 0.0095704651611935448 -0.052290328927386089 -0.078415491488837641 -0.082904289897362926 -0.072012132360314535 0.0054795309862670678 -0.071144927062214772 0.055045915560319882 -0.065694851029895751 -0.024765944565553026 0.019525138715473359 -0.081515572040282702 0.035662137053789733 0.022157293178574705 0.040265581027773507 0.06877247735384788 -0.062267588920515066 -0.086217522845095887 0.043556835423130928 -0.08961636721684739 0.0041668364143948224 0.011464649995339818 -0.060680657249570794 0.039617779409355347 0.018573770191593279 0.037551707012663443 -0.086078581665072859 0.021842968559224064 0.032147668787710713 0.026059534039860055 -0.076236065670929221 0.0014706885210479979 -0.073443575709629436 0.0013573782422231927 0.03698675807681389 0.029683330226128464 -0.083586430445385329 -0.054317971283448209 -0.03012771682942263 -0.062628779560444534 0.042822711970501269 -0.068237596560029062 0.0080526393692844627 -0.11275787895222636 -0.079871634957894372
leaf_weight=40.260103571868967 4424.5975298621925 326.0622546535451 278.47332459496101 960.78819481231039 58.710819453874137 1940.0797787042684 127.32680625133798 474.33514285011915 207.25944502931088 84.996744845760986 64.364456873910967 277.14073912374442 999.11368955142098 2326.3794812933193 90.440030232653953 615.2907627352979 111.19165472337045 238.2089194051805 215.1262198650511 227.98579267819878 43.735684285697062 399.29484910820611 147.15119306981796 48.862338530772831 34.764182449318469 90.016002412186936 675.7834499408491 769.97560444666306 204.12937070574844 207.16577793436591 312.00218401651364 229.7122222436592 106.30765178950969 456.56599289900623 155.86221874863259 143.10729015740799 82.577153022866696 73.895004421297926 673.46939688327257 339.21792662050575 1444.167244224227 352.36903617362259 1817.262406486785 259.40561861242168 1878.4114485815517 265.81735636963276 125.84969361644471 483.11534045671578 229.89285213989206 600.89643172663637 3993.2751591852575 214.8991240762989 2771.2811193346279 128.22913849406177 430.07688851421699 754.05576544220094 224.57248983060708 229.98165607225383 312.93435601692181 17364.078084179142 209.79392885934794 158.70374924631324
leaf_count=573 9964 6258 4045 2231 238 3188 2574 950 3630 963 745 6320 1968 3444 300 1677 834 781 33143 6728 1263 4619 433 1606 78 967 8128 4202 4577 744 2566 401 110 14926 6998 565 1230 564 3391 10421 3089 1060 10089 5184 9485 1258 285 13115 2811 28732 88236 625 27062 5670 91702 16039 3396 1163 8321 219263 2751 4462
internal_value=0.00632142 0.00499044 -0.00589139 0.0131732 0.00625884 0.0211231 -0.00862262 -0.00904711 -0.0257873 0.0319106 -0.00593321 0.00510806 0.0284029 0.00443856 -0.0406836 0.00490078 0.0196704 -0.0244781 0.00382103 0.00415277 0.0035902 -0.0211681 -0.0511446 0.0344109 -0.067356 -0.0140444 -0.00819409 0.0106051 -0.0221196 -0.0105877 -0.00224521 0.0194377 0.00411695 0.00392271 -0.0316033 0.0139552 -0.0436825 -0.0587424 0.00579561 0.00427013 0.0106024 0.00254495 0.0153237 0.00759954 0.0130232 0.00137095 -0.0285852 -0.0550955 -0.0449443 0.00333339 -0.00890565 -0.0443537 0.00611241 0.024674 0.00331935 0.00463515 -0.00204946 0.0121936 -0.021192 0.0060846 -0.030438 0.00725631
internal_weight=53530.8 49106.2 5126.33 2280.45 43979.9 3160.21 841.056 1319.66 845.324 2319.15 379.073 40819.7 1140.4 39679.3 402.345 39276.9 2675.78 349.401 36601.1 36386 35721.9 2845.88 546.446 664.153 311.905 2299.44 2020.97 859.992 1160.97 882.949 519.262 294.077 35493.9 35387.6 342.705 186.843 141.288 278.024 713.73 35044.9 7503.4 27541.4 7046.84 5229.58 4740.28 3296.11 874.782 608.965 489.298 27202.2 5033.64 815.796 22168.6 2899.51 19269.1 18839 4217.85 2421.33 542.916 18084.9 562.163 17522.8
internal_count=702141 692177 43914 15635 648263 11835 6538 13404 12454 5297 2109 636428 3436 632992 6698 626294 5059 1615 621235 588092 584809 28279 5052 3283 6398 23227 19182 5169 14013 8872 6196 1146 578081 577971 8826 1828 1468 5141 3964 569145 69726 499419 54800 44711 36716 33627 14658 13400 7995 488998 120989 29357 368009 32732 335277 243575 91632 18969 9484 227536 3811 223725
is_linear=0
shrinkage=0.05


Tree=77
num_leaves=63
num_cat=20
split_feature=14 48 0 0 48 48 0 48 28 48 0 0 17 0 41 0 44 35 21 28 44 0 0 11 18 32 0 44 0 0 34 7 44 35 0 26 48 32 32 35 44 0 0 48 44 0 0 32 44 48 35 0 28 32 32 0 34 48 26 0 18 44
split_gain=410.322 236.47 908.612 584.978 536.449 436.388 1165.33 787.971 569.76 416.911 560.456 545.757 364.526 774.134 349.644 456.707 326.752 304.544 283.833 270.551 263.984 224.101 219.888 348.072 434.455 324.43 457.607 280.69 695.418 315.51 236.424 230.614 225.997 210.56 311.4 207.347 316.06 205.899 203.856 199.843 533.299 220.322 180.003 168.62 451.904 380.401 290.24 292.873 280.988 246.601 173.485 167.434 161.802 277.323 160.348 645.123 351.655 187.336 169.904 353.598 356.934 310.429
threshold=18.250000000000004 -0.92896968126296986 0 1 -0.99262195825576771 -0.82755351066589344 2 -0.86178639531135548 0.038691813126206405 -0.94929715991020192 3 4 5.8541667461395273 5 0.47114434838294988 6 -0.57077232003211964 13.449999809265138 5.2916667461395273 0.0058823532890528449 -0.42958799004554743 7 8 47.708333969116218 45.549999237060554 0.12068965658545495 9 -0.89404255151748646 10 11 16.94999980926514 28.550000190734867 -0.86974579095840443 12.650000095367433 12 -0.075158104300498949 0.90466925501823436 0.086206898093223586 0.05172413773834706 5.0499999523162851 -0.70289847254753102 13 14 -0.53431767225265492 0.19126587361097339 15 16 0.05172413773834706 -0.49812626838684076 0.17354981601238254 4.7500000000000009 17 0.017647059634327892 0.05172413773834706 0.12068965658545495 18 0.84999999403953563 -0.21136100590229032 0.00091816735221073042 19 12.550000190734865 -0.44505782425403589
decision_type=10 2 9 9 2 2 9 2 2 2 9 9 8 9 2 9 2 2 10 2 2 9 9 2 10 2 9 2 9 9 2 2 2 2 9 8 2 2 2 2 2 9 9 2 2 9 9 2 2 2 2 9 2 2 2 9 2 2 10 9 10 2
left_child=1 2 4 -3 38 6 7 8 16 11 -11 -4 22 -14 19 -16 -5 -8 -15 -13 21 -12 23 -7 25 27 -27 29 -29 -25 31 33 -30 35 -35 36 51 -31 42 -21 -41 -42 -1 44 45 48 47 49 50 -45 -34 -24 53 -36 58 56 57 -56 59 60 -37 -61
right_child=-2 3 9 5 -6 12 17 -9 -10 10 20 14 13 18 15 -17 -18 -19 -20 39 -22 -23 30 24 -26 26 -28 28 32 37 -32 -33 43 34 52 54 -38 -39 -40 40 41 -43 -44 46 -46 -47 -48 -49 -50 -51 -52 -53 -54 -55 55 -57 -58 -59 -60 61 -62 -63
leaf_value=0.037903897703262031 0.028555389368266033 -0.056206611967528831 -0.042244157652373493 -0.078643399573861808 -0.072957902939904909 0.035258669117877776 -0.078222170494093607 -0.093219660450043887 -0.074411913128097792 -0.088821896401799355 0.033687593743790427 -0.088136271359135043 0.012585236967445099 -0.054748196874235794 0.024940491379090199 -0.060642588254467215 0.037300366562060414 0.007595643182812634 -0.0084299054503321775 0.032144527209116612 0.047799794642270729 -0.071996719322874034 -0.041272874542545142 -0.045991678394498983 -0.092270153560461213 0.043605655181611969 -0.055995275145210181 -0.04134732271478337 -0.080848100511537374 0.025822708878787848 -0.11535940909485719 -0.094340990011385573 -0.082359525305132519 -0.051578522180450281 0.024344358956552042 -0.0026136069597485299 -0.078578111177760673 -0.039739809606170851 -0.044552020473589637 0.02909262346647842 -0.0028434156530568501 -0.10462615243275011 -0.064404086735522795 -0.083310566235500885 -0.06889277847424545 -0.056372128398521897 0.0087130541417106064 -0.080511173669095895 0.045044949451850454 0.0077419405593218407 0.021460467854176185 0.037661630920850751 0.030296181563924447 -0.082841697450168894 -0.073167902631227119 -0.068057275987116264 -0.071782892613999616 0.035755168545099636 0.0073414209985087006 -0.0018045423774191449 0.024350269549890405 -0.031992035291723377
leaf_weight=297.83049824484624 1954.9173987458926 392.50138980470365 425.400429452362 63.973979586968198 440.63595492229797 1441.462150665815 691.50178544095252 169.18621790478937 141.05350216920488 76.500993780849967 103.62637680768967 53.586518030613661 1627.9351613519248 912.21016515581869 306.60145650216145 300.42346990224905 1211.9923051273217 121.55174744699616 518.88672314526048 2456.7349632886762 1972.3777088052593 80.935508698399644 66.340636237000581 166.18415502388962 104.4398210668005 1150.2893614635686 120.88804479147075 814.66345215996262 71.863320623582695 2980.8437469701748 41.376245922874659 59.150902272667736 72.57372829655651 135.68508720397949 182.05797592643648 4003.7144290963188 68.946811030211393 124.76413054711884 155.23804624023614 560.22191971057327 102.19114145077765 119.40926831128309 41.456954153662082 89.01376506104134 125.78895266214386 111.40839524485637 4211.8345881820424 182.40974387177266 1242.877906206646 451.76980356196873 90.310555861797184 902.38886521180393 1719.464753750246 90.266554181231186 42.603921829082537 381.31405398028437 104.7556081401417 537.46935989079066 10467.144580065738 2020.1536697751144 1769.8931660139933 1472.2927117560175
leaf_count=989 3095 154969 10089 1119 17899 1795 23534 3347 3750 1532 100 1416 5712 11272 1470 11872 3427 249 1501 21535 5717 2456 782 7691 1540 6534 5795 37941 2123 12575 294 281 1328 627 262 44815 1221 1924 4565 1059 270 1309 3041 2566 7681 3913 63080 6438 2026 5027 165 3159 2101 412 1504 10400 714 4266 108243 18148 4632 32844
internal_value=0.0060755 0.00521317 0.0134165 0.00379909 -0.0324919 0.00435788 -0.0163627 0.00871384 0.0209458 0.0199821 0.037555 0.0109527 0.0055811 -0.0110173 0.0168217 -0.0180037 0.0314872 -0.0645979 -0.0376908 0.0232941 0.0422531 -0.0147336 0.00693084 0.0120232 0.00926783 0.010151 0.0340362 0.00732299 0.0019706 0.0195344 0.00405615 0.00426351 0.00732857 0.00450689 0.0195223 0.00304401 0.024857 0.0231144 0.00290737 0.0251378 0.00312056 -0.0625387 0.024622 0.00830302 0.0221773 0.0297279 0.00368404 -0.0253743 0.0366914 -0.00724544 -0.0247969 0.0322188 0.0245018 -0.0111843 0.00195576 -0.0169315 0.012349 0.0277552 0.0029762 -0.00195486 0.00564237 -0.014489
internal_weight=52917.3 50962.4 7493.17 43469.2 935.161 43076.7 2399.26 1586.21 1417.02 6558.01 2233.44 4324.57 40677.4 3059.03 3899.17 607.025 1275.97 813.054 1431.1 3292.14 2156.94 184.562 37618.4 13553.4 12111.9 12007.5 1271.18 10736.3 7464.51 3271.79 24065 24023.6 6649.85 23964.5 2127.47 21837 1037.68 3105.61 494.525 3238.56 781.822 221.6 339.287 6577.99 1642.96 1517.17 4935.03 723.193 1405.76 540.784 162.884 968.73 1991.79 272.325 20799.3 1066.14 684.829 580.073 19733.2 9266.05 5773.61 3492.45
internal_count=702141 699046 85319 613727 26494 458758 35426 11643 8296 58825 9805 49020 423332 18485 38931 13342 4546 23783 12773 25589 8273 2556 404847 170142 168347 166807 12329 154478 132288 22190 234705 234411 94347 234130 3402 230728 5162 14499 8595 24173 2638 1579 4030 92224 15113 7432 77111 14031 3519 7593 1493 3941 2775 674 225566 16884 6484 5770 208682 100439 49447 50992
cat_boundaries=0 4 8 12 15 19 23 26 29 33 37 40 43 47 51 55 59 61 65 69 73
cat_threshold=152409267 106186760 2147497601 177 2149582924 4162884577 34308140 576 1962938369 8937478 3091202240 408 113377536 25165830 2304 524288 1073946624 1261699074 262 538674578 67109898 71303488 178 131584 25165828 67108864 0 0 536870976 152339491 123029504 1151612865 1 35 22364160 1151598593 1 135266338 1064960 1075839232 262144 72435712 270977 8912912 8194 1067024 256 3825352704 4096 0 520 16846976 8 4096 32 16811009 50331648 8650816 1 16778240 50331648 33685760 8192 268435456 294 1107820544 532480 2437939218 158 218000 8389660 2688567298 12
is_linear=0
shrinkage=0.05


Tree=78
num_leaves=63
num_cat=0
split_feature=1 20 18 44 33 43 43 18 28 48 37 41 43 28 43 48 44 44 43 48 48 35 18 35 44 43 48 19 34 37 44 37 29 44 18 43 11 48 44 19 48 28 18 43 44 28 19 48 43 48 43 48 43 26 11 36 35 10 24 44 43 48
split_gain=383.131 261.769 328.539 325.813 295.671 251.669 247.482 512.366 546.229 422.568 348.721 221.541 574.048 553.334 505.731 344.162 683.523 571.472 477.32 412.187 388.397 350.336 348.472 334.945 325.092 469.971 420.692 534.694 441.6 474.041 357.76 485.577 322.057 321.411 466.949 346.471 333.343 312.201 311.549 306.797 306.086 303.564 300.826 482.135 408.886 321.298 292.288 280.216 273.292 386.767 729.294 546.297 556.041 538.063 449.1 348.388 267.479 265.929 260.009 258.263 256.455 255.004
threshold=7.3500001430511483 1.7749999761581423 45.549999237060554 0.071972697973251357 0.55000001192092907 0.69676569104194652 -0.99815973639488209 1.1458333134651186 0.017647059634327892 0.78807106614112865 6.7225000858306894 -0.68322628736495961 0.70900115370750438 0.0058823532890528449 -0.99166062474250782 0.83186858892440807 -0.65233206748962391 -0.86112883687019337 -0.33425341546535486 0.78807106614112865 0.45945061743259435 6.2500000000000009 1.0000000180025095e-35 13.84999990463257 -0.099822327494621263 0.95752912759780895 0.59525176882743847 1.5000000000000002 6.6499998569488534 1.9674999713897707 0.67644694447517406 1.9674999713897707 1.6822649836540224 -0.92272481322288502 6.0499999523162851 0.19337368011474612 96.125000000000014 0.64325019717216503 -0.77243989706039418 3.5000000000000004 -0.99817660450935353 0.0098039219155907648 2.8541666269302373 0.40614137053489691 -0.94703993201255787 0.056927841156721122 2.5000000000000004 -0.98533889651298512 -0.99372696876525868 -0.53431767225265492 -0.98046803474426258 0.30355747044086462 -0.84772008657455433 -0.028682629577815529 130.37500000000003 1.0000000180025095e-35 7.6499998569488534 18.375000000000004 -0.025529955513775345 -0.29342786967754358 0.67802080512046825 -0.13814540207386014
decision_type=10 10 8 2 2 2 2 10 2 2 2 2 2 2 2 2 2 2 2 2 2 2 10 2 2 2 2 2 2 2 2 2 2 2 10 2 2 2 2 2 2 2 10 2 2 2 2 2 2 2 2 2 2 10 2 2 2 2 10 2 2 2
left_child=1 2 6 4 5 -4 7 9 -9 -1 -10 12 13 -8 39 16 18 33 22 24 23 38 -13 42 25 40 27 47 29 41 31 37 59 34 35 -17 -36 -28 -19 -15 -18 -29 43 45 -44 46 -20 -26 -42 50 -50 52 54 -53 -51 -56 -54 -24 -14 60 -16 -34
right_child=-2 -3 3 -5 -6 -7 11 8 10 -11 -12 15 58 14 32 17 19 21 20 -21 -22 -23 57 -25 26 -27 30 28 -30 -31 -32 -33 61 -35 36 -37 -38 -39 -40 -41 48 -43 44 -45 -46 -47 -48 -49 49 51 -52 53 56 -55 55 -57 -58 -59 -60 -61 -62 -63
leaf_value=0.038374979003572618 0.041917583666594059 0.017711066183012974 -0.041697833578071899 -0.10129709709713242 0.010570441171793784 0.030679217845962666 -0.029971759785828118 0.021833641375603063 -0.075978628331442921 -0.081970996354759337 0.018545909879557235 -0.013722048483413655 0.028360342535565193 -0.07305241019638703 -0.029480779740702779 0.028794341761299781 -0.090829609294979255 -0.070961582266341416 -0.042119919541139215 -0.072503581278928447 -0.052160433210599488 -0.045967666555828866 0.013021400471760303 -0.12173100349278264 0.018980924712571068 -0.073746000045001245 0.06162579166527235 -0.054871668232935891 0.026144206198714409 -0.026607029520247173 0.043991356709873232 -0.083099827403676566 0.027238773433711047 0.041723932878383711 0.032879349094712629 -0.085514336050825535 -0.078412344712553525 -0.079571710818862232 0.0064917561060258387 0.020663309809771737 0.044844401434670646 0.015547340136675006 -0.018478466496572168 -0.061558072020110301 0.028070321307274701 0.035113107948801618 0.0043050011115199679 -0.065935777604138518 -0.10185804608389958 0.014774421378107822 0.023800967281418721 -0.072191921938140072 -0.016209224866840826 0.023289105789856823 0.033068120978291066 -0.081177672165125558 0.034904665021154795 -0.075721890083410126 -0.054375589204936993 0.018256089935472515 0.052239381212270432 0.010600493367077454
leaf_weight=1930.6294282198069 725.35397772770375 3939.812551698531 782.34327999583911 106.32795991847524 826.71779521118151 141.88987208093749 740.30769486585632 637.55384111078456 340.56422702304553 75.805327328620479 136.75284610583913 624.58308019727701 118.20733470609412 258.13137693284079 861.31202488893177 1357.8797210974153 71.558659779257141 135.73332366987597 572.7108623967506 173.74163338611834 450.67667835886823 411.2705281303497 96.928487519617192 59.02682224282762 117.79691193631152 161.78381040898967 180.6759479091852 169.89385546784615 1000.0564442301984 2174.5217277583433 758.69554985902505 156.3791069816798 5457.8921671400312 1675.3914266971988 97.360819163732231 69.692353444290347 217.79310751764569 49.978212365182117 2986.7962419896794 131.98300267057493 627.92507004691288 1542.9259010865935 722.8230989141739 437.80404222529614 1358.2611111324513 422.13372419116786 830.94921652396442 554.29783682490233 118.47486554604257 212.03710211673751 4547.0811561965966 158.80909719964257 620.9509737213375 2081.1870001467178 75.006121102604084 604.78889217361575 435.42570184805663 654.05032756744185 482.84932553648832 781.6082335379906 108.04801881115418 3983.7697671607602
leaf_count=3739 770 9524 7579 2090 2537 640 11344 2289 4255 2090 553 13907 3218 2423 15194 5718 1516 4397 12763 8517 14701 2946 278 504 3152 12812 700 7343 2042 97746 11767 7947 32873 4958 101 1701 3739 2368 68667 355 1136 34421 10467 16597 7364 5301 9346 38148 1437 368 21930 3403 11359 12781 161 8715 645 19216 40990 27662 613 38318
internal_value=0.00583159 0.0053245 0.00430097 -0.0163147 -0.011154 -0.0305864 0.00513658 0.0187277 -0.00844876 0.0338282 -0.0488971 0.0041431 0.00960967 0.0119369 0.0146155 0.00177035 -0.00119637 0.0115104 -0.015318 0.00410536 -0.00795074 -0.00258856 -0.0413172 -0.00342631 0.00491596 0.0107607 -0.0035524 -0.0092379 -0.00348771 -0.0111108 0.0240357 -0.015083 0.016566 0.0260866 0.0110534 0.0232139 -0.0440309 0.0310311 0.00312493 -0.0413466 0.0121919 0.00856251 -0.00181902 -0.0144342 0.0119025 -0.00313446 -0.0146369 -0.0510526 0.0129694 0.0107087 0.02061 -0.000321095 -0.0196843 0.0165198 -0.0487562 -0.0685722 0.0048593 -0.0642678 -0.0381043 -0.00312894 -0.020372 0.0202185
internal_weight=52343.7 51618.4 47678.6 1857.28 1750.95 924.233 45821.3 3121.31 1114.87 2006.43 477.317 42700 12924.1 12323.1 11582.7 29775.9 22823.9 6951.92 6229.95 16594 4854.39 3533.8 1375.56 4403.71 16420.2 9715.03 6705.22 5559.49 4887.4 3887.34 1145.73 387.033 11192.6 3418.12 1742.73 1427.57 315.154 230.654 3122.53 390.114 9553.24 1712.82 4344.68 2263.6 2081.08 1825.79 1403.66 672.095 9481.69 8853.76 4665.56 4188.2 1948.21 2240 891.832 679.795 1056.38 750.979 601.057 1750.97 969.36 9441.66
internal_count=702141 701371 691847 12846 10756 8219 679001 12926 7097 5829 4808 666075 172990 128782 117438 493085 400858 92227 110444 290414 77043 76010 33401 62342 281897 76263 205634 182852 141552 139510 22782 11015 114660 16217 11259 7419 3840 3068 73064 2778 63451 41764 61838 44007 17831 27410 22109 41300 61935 60799 23367 37432 21248 16184 9244 8876 12004 19494 44208 43469 15807 71191
is_linear=0
shrinkage=0.05


Tree=79
num_leaves=63
num_cat=21
split_feature=1 20 18 0 0 43 0 18 0 0 30 0 43 18 0 34 18 0 0 44 0 44 0 28 44 0 43 32 43 0 43 44 18 43 0 43 0 43 0 32 0 43 0 48 43 26 0 28 26 44 30 48 27 28 0 44 48 48 11 11 32 0
split_gain=362.015 238.446 298.811 879.673 297.147 230.007 828.384 384.543 797.492 380.225 217.982 672.591 320.339 382.933 278.318 271.73 261.499 1345.67 525.795 413.425 589.226 432.158 506.362 382.192 347.522 312.465 303.633 306.449 295.86 278.798 255.39 253.017 360.446 569.49 525.398 327.281 352.047 315.393 390.192 297.437 605.168 461.421 389.875 289.267 270.313 242.29 231.65 218.62 216.618 215.925 214.611 202.601 187.671 187.339 378.706 184.064 181.9 181.438 180.529 196.312 175.814 175.357
threshold=7.3500001430511483 1.7749999761581423 45.549999237060554 0 1 -0.99815973639488209 2 1.1458333134651186 3 4 0.18219806253910067 5 -0.98046803474426258 16.050000190734867 6 17.150000572204593 8.6833333969116229 7 8 -0.94703993201255787 9 0.10623887926340105 10 0.044210137799382217 -0.99983122944831837 11 0.91939014196395885 0.086206898093223586 -0.99549928307533253 12 -0.99372696876525868 -0.52034142613410939 0.22500000149011615 0.15951094031333926 13 -0.33425341546535486 14 -0.30163703858852381 15 0.05172413773834706 16 0.95502296090126049 17 -0.82067531347274769 -0.048361575230956071 -0.0034475421998649831 18 0.040600210428237922 -0.026087832637131211 -0.92272481322288502 0.16754310578107837 0.78048112988471996 0.37138901650905615 0.017647059634327892 19 -0.99761277437210072 -0.9416297674179076 0.97005265951156627 167.95833587646487 42.041666030883796 0.12068965658545495 20
decision_type=10 10 8 9 9 2 9 10 9 9 2 9 2 10 9 2 10 9 9 2 9 2 9 2 2 9 2 2 2 9 2 2 10 2 9 2 9 2 9 2 9 2 9 2 2 10 9 2 10 2 2 2 2 2 9 2 2 2 2 2 2 9
left_child=1 2 5 50 -3 6 -1 51 53 -7 15 12 13 14 -12 16 18 23 55 20 -19 57 -23 29 -20 26 -26 -28 -27 49 -13 32 33 34 43 36 45 -37 44 41 -41 42 47 -30 -39 -34 -32 -33 -40 -18 -4 -8 -5 -9 -55 -11 61 -21 59 -42 -35 -57
right_child=-2 4 3 52 -6 9 7 8 -10 10 11 30 -14 -15 -16 -17 17 19 24 21 -22 22 -24 -25 25 28 27 -29 31 -31 46 39 35 60 -36 37 -38 38 48 40 58 -43 -44 -45 -46 -47 -48 -49 -50 -51 -52 -53 -54 54 -56 56 -58 -59 -60 -61 -62 -63
leaf_value=-0.082108963720659872 0.041334435897664529 0.027420189944315734 0.021453322535018519 -0.078314277705714405 -0.0012575136569963506 -0.052354753269570835 0.042007630721798139 0.038688040796432725 -0.090339827720299248 0.024064454568538327 0.016168364913782967 -0.074103880225907054 0.013992646066212137 -0.11276422361763574 -0.050104922805299969 -0.097668473283749363 -0.086690451825396544 0.030779844232440536 0.036659750153212559 0.032553524800614145 -0.078844170635941221 0.033184585455081288 -0.071976453275095928 -0.069028179093982608 0.011412466496352289 -0.083152290386464711 -0.063818216775678879 0.035344671299964041 -0.094580014553501221 -0.061349940700828977 -0.037937074080236388 -0.076202127987180637 -0.077729218799671707 -0.074646898965047045 -0.060119504550543684 0.047685564719123399 -0.076154777724737166 -0.082235470871603752 -0.0047793972091177755 -0.062982933412186679 0.01636073058355127 -0.07452486559473101 0.026370825483019156 0.016207293996797118 0.026010206005222448 0.021617276996678109 -0.0081730968993782363 0.0055323919908919902 -0.073954333550206863 0.0060776160630927785 -0.023243674649762139 -0.033220455697082631 0.0060870748108885287 0.025028652839845036 -0.10206390062417398 0.034392684380947877 -0.038656071712365334 -0.040991761981891604 0.0073220777614373782 -0.11738032657968707 0.048563330028926023 -0.057219108339178315
leaf_weight=183.9722639991669 699.46773248724639 2474.0605845937971 886.62968996027485 502.02245174517157 1426.7688559540547 287.52360333953402 1781.6167015557876 542.42842946667224 187.66945980390301 174.84570264059585 440.40571481228108 200.23293628398096 4473.9125875727041 98.833820624568034 234.9426580160507 62.793179737927858 67.548717673053034 256.97403494128957 876.91515441122465 5560.398503248347 218.97554514423246 221.62006658711471 219.03271963819861 407.18999743118184 11781.327427854761 110.6745756805758 262.5252441354678 110.79133411985822 62.701183979574125 226.13041490543401 880.99535794364056 149.81946946377866 76.989863829163369 538.87849998380989 356.80784631235292 485.43925446586218 231.20744101906894 61.598691524472088 238.67025120870676 392.89232618617825 49.264190948801115 134.26959847967373 2718.2087290558848 976.9057900555199 905.39329699426889 302.53691203915514 2527.791926700389 180.23218745324994 215.22587549308082 878.492103777593 385.24584542005323 94.233361501741456 75.807944965083152 193.79703544010408 72.633696723962203 176.04314982693177 1145.7780856537574 85.144743210985325 2006.511824336485 61.932291695731692 30.59737007424701 62.993825619836571
leaf_count=3139 770 3481 2053 8806 6043 159812 2871 634 3857 1524 903 1929 33983 926 1974 481 613 491 1534 15540 3991 693 4955 6976 132167 958 20674 2064 962 4215 22979 6763 1017 13723 8217 551 4657 780 1706 19368 97 10071 21205 4417 3147 1231 27768 6192 4491 2974 1730 1533 257 348 544 1615 66566 890 31188 629 43 6425
internal_value=0.00560768 0.00511801 0.00413478 -0.0155633 0.0169981 0.0049394 0.0181848 0.024808 -0.000205798 0.00398071 0.00437837 -0.00258718 0.00883713 -0.0208419 -0.00738953 0.00624458 0.00644219 0.0142203 0.00389674 0.0241756 -0.020666 0.027722 -0.0199675 -0.0271246 0.00577859 0.00457446 0.0099975 -0.0343891 -0.00184123 -0.0127996 -0.0191713 -0.000958708 -0.00984351 -0.0258861 -0.00870056 0.00268618 -0.0291672 0.0128911 0.0010038 0.00603747 -0.0068299 0.0161881 0.0201839 0.00943469 0.0189192 0.00142651 -0.0160008 -0.0306408 -0.0367703 -0.000540449 0.00785304 0.0382285 -0.0660974 0.0215572 -0.0125104 -0.024121 -0.0303791 0.0314443 0.00386717 -0.058128 -0.0680269 0.00929514
internal_weight=51733.3 51033.8 47133 1849.71 3900.83 45283.3 3056.35 2872.38 996.529 42226.9 41939.4 8857.12 5248.09 774.182 675.348 33082.3 33019.5 8141.51 24878 6562.15 475.95 6086.2 440.653 1579.36 23318.3 22441.4 12154.6 373.317 10286.8 1172.17 3609.02 10176.1 4482.95 1965.89 1396.41 2517.06 610.734 1906.33 1420.89 5693.13 2510.6 3182.53 3048.26 1039.61 966.992 379.527 3408.79 330.052 453.896 946.041 1271.88 1875.85 577.83 808.859 266.431 1559.66 1384.82 5645.54 2117.71 111.196 569.476 239.037
internal_count=702141 701371 691847 12846 9524 679001 12926 9787 5383 666075 506263 90462 37786 3803 2877 415801 415320 41338 373982 26560 4482 22078 5648 14778 297852 296318 154905 22738 141413 7802 52676 140455 44942 27362 13596 17580 6905 10675 10124 95513 51282 44231 34160 5379 3927 2248 50747 12955 6197 3587 3783 4404 9063 1526 892 76130 74606 16430 31914 726 13766 8040
cat_boundaries=0 4 8 12 16 20 24 28 32 36 39 43 47 51 55 59 63 67 71 74 75 77
cat_threshold=859963554 1149783132 551551250 40 4064940944 17433668 817910352 166 2357642274 1312776 67132673 313 1934098945 9109504 2952790080 6 2107460 4160783265 2181791790 64 42714147 75767890 805315408 411 8388609 8194 805306896 2 98042803 4218896 134226513 151 134660096 100670546 18875520 512 1073745920 16777216 16640 131072 0 73400320 256 2241337267 22896640 67379265 13 17301649 8208 134217792 150 1610612736 8388620 805306880 162 1610612736 4 281018880 144 272695296 8388612 1350582528 2 302055424 131076 1073764352 288 536870912 131080 1610633728 176 419697152 55725056 1141916801 859832321 147456 16
is_linear=0
shrinkage=0.05


Tree=80
num_leaves=63
num_cat=20
split_feature=14 43 0 44 0 48 0 0 30 0 44 26 0 0 48 44 0 43 0 43 0 46 34 0 43 43 0 0 48 0 30 44 0 43 43 48 7 18 0 43 48 10 48 26 18 44 48 0 44 0 43 48 0 43 18 0 44 48 48 44 44 35
split_gain=354.659 209.502 628.934 403.841 650.902 342.494 328.1 213.749 205.116 606.363 362.432 326.961 335.169 251.231 279.102 542.375 620.896 267.361 619.175 359.327 400.968 303.355 361.378 299.669 246.96 271.552 604.168 560.319 499.066 391.486 334.264 297.503 488.447 479.726 393.712 285.02 263.635 262.845 244.796 241.694 236.956 234.007 222.437 218.818 291.983 268.097 218.295 558.168 233.942 715.491 518.285 246.329 246.076 212.693 212.489 589.857 203.407 198.72 197.804 198.215 194.459 193.521
threshold=17.250000000000004 -0.99904707074165333 0 0.011826144531369211 1 0.38025361299514776 2 3 0.17962250113487246 4 -0.23537842929363248 -0.007988078519701956 5 6 -0.49366806447505945 0.17435361444950107 7 0.022575936280190948 8 0.63920241594314586 9 0.2197370529174805 0.25000000745058065 10 0.92273071408271801 0.3903625756502152 11 12 0.1489052549004555 13 0.028544973582029346 -0.19337245076894757 14 -0.91246706247329701 0.15951094031333926 -0.29522058367729181 8.6500000953674334 8.9499998092651385 15 -0.86546283960342396 0.97005265951156627 71.958332061767592 -0.13814540207386014 -0.0051185789052397004 73.354167938232436 -0.99761277437210072 0.81729549169540416 16 -0.75013810396194447 17 -0.31799228489398951 0.43654257059097296 18 -0.75579217076301564 9.9499998092651385 19 0.80798786878585827 0.31373377144336706 -0.12568955123424527 -0.85225707292556752 -0.99983122944831837 12.750000000000002
decision_type=10 2 9 2 9 2 9 9 2 9 2 10 9 9 2 2 9 2 9 2 9 2 2 9 2 2 9 9 2 9 2 2 9 2 2 2 2 10 9 2 2 2 2 10 10 2 2 9 2 9 2 2 9 2 8 9 2 2 2 2 2 2
left_child=1 2 -1 4 -4 -5 -3 -7 13 10 58 12 -11 46 15 17 39 21 19 20 -19 54 -23 53 25 27 37 31 29 42 -30 32 33 -16 -35 -28 61 -27 -26 -17 -33 -21 -29 44 45 -32 48 -48 49 50 -8 -52 -50 -24 -15 -56 -54 -12 59 -10 -51 -34
right_child=-2 6 3 5 -6 7 8 -9 9 11 57 -13 -14 14 24 16 -18 18 -20 41 -22 22 23 -25 38 26 35 28 30 -31 43 40 36 34 -36 -37 -38 -39 -40 -41 -42 -43 -44 -45 -46 -47 47 -49 52 60 51 -53 56 -55 55 -57 -58 -59 -60 -61 -62 -63
leaf_value=-0.066225619158127469 0.02611287221530928 -0.051790132679568168 0.031199223252137493 0.042942183053932256 -0.082770663393754135 0.033219507814406586 -0.079496291814035891 -0.082994069391168865 -0.051423539360826033 0.011173598157007126 -0.074152672382596568 0.0091423414748137595 -0.030255671871806486 0.032114640529401654 -0.10406847483703825 -0.086826249558893967 -0.063585885073326853 0.02498759028307165 -0.050687541172446282 -0.056687603829741223 -0.075474822738509376 -0.053779606432985932 0.034191073611742444 -0.033469834679409137 0.044200768190765932 -0.060143037801809233 -0.073410359460836752 0.0044944994202583766 0.040014064727553207 -0.081264263329114683 0.01601570396834389 0.020991547929039192 -0.058317013924186305 0.017739278849857903 -0.081453693641487968 0.023766275753889538 0.02958306794792841 0.0073165816805527174 -0.06218790215146091 0.029224794028090296 -0.068380212027756265 0.033964794911936415 -0.09013808463257808 -0.0037583904290883459 0.045708443583130705 -0.052936727169852982 -0.05414142011937409 0.027262514767959645 -0.0080591903348261693 0.01987628685891718 0.024586893342450018 -0.073314399883638345 0.017256456713818837 -0.033086760701859466 0.028709612428402299 -0.077638234681361121 -0.057115772028919244 -0.025584077992195628 -0.032085065730057226 0.01733763986522532 -0.051659319525044961 0.0045588644431291602
leaf_weight=193.52139925310621 1966.1325048441067 255.03828737835283 311.78584393486381 1693.7210322660976 195.90277935875929 63.489313728292473 140.09641775948694 84.277868977835169 124.19909364118939 809.5553929117159 444.92196469753981 6841.0116654931917 1210.8625331911026 3346.6944649934885 91.79315546574071 50.339541688677855 500.78888564609224 186.69837355567142 476.18263971508713 76.212303348816931 196.68487998674391 253.18430106050801 844.26997553743422 277.98355641477974 61.176475598593242 374.76605892303633 77.609554324066266 317.50646602414781 300.07035879476462 501.92216690757778 169.98181897611357 2334.0689467519987 650.19599925453076 1979.0307126097614 105.36192734935321 2718.8979253530269 132.79651608574204 234.90063639811706 283.26646737143165 412.5437332726724 76.600457239605021 1079.939799357031 77.193165232776664 1591.924595581484 107.11324020987377 826.02589676092612 216.86972081364365 3233.8406981936423 1263.84770055025 108.59171015990432 1595.465525939595 66.946929910161998 6128.7133489632397 136.46405408729333 489.86414973018691 166.40059337537969 93.335667964362074 399.90150605468079 565.16766361502232 671.25462776178028 759.00162002682919 150.75041556637734
leaf_count=2808 3333 161504 370 2281 3708 100 3267 1134 2577 3350 13647 46727 11719 10590 1116 1012 29492 490 12519 464 3960 5007 969 1950 477 15273 2554 2899 2824 10370 652 25421 13265 8389 1433 23945 209 1311 21511 7712 3084 6912 2306 16371 107 12833 10749 23140 41198 407 7108 1704 49408 858 789 2024 17702 9411 8173 4200 21469 369
internal_value=0.00528965 0.0044563 0.0184321 0.0255791 -0.0137944 0.0365731 0.00369348 -0.0364305 0.00400922 -0.00192857 -0.0253247 0.00391845 -0.0137499 0.00587381 0.00252398 0.00959099 -0.0257279 0.0141107 -0.00147255 0.0139882 -0.0278689 0.0198064 0.000725199 0.0116885 -0.00203456 -0.0009119 0.0111855 -0.00528976 -0.0197904 -0.0525662 -0.0100446 0.00495927 -0.00525093 0.00776315 0.0127253 0.0209943 -0.0352868 -0.0336002 -0.0438144 0.0162529 0.0181517 0.0279891 -0.013667 -0.0156182 -0.0327333 -0.0411691 0.0111955 0.0220686 0.0075122 -0.00519414 0.0127901 0.0206443 0.0120443 0.0245791 0.0270134 0.000998797 0.0161149 -0.0511625 -0.0094679 0.00660153 -0.042219 -0.0464828
internal_weight=51094.7 49128.5 2542.7 2349.18 507.689 1841.49 46585.8 147.767 46330.8 11066.9 2205.44 8861.43 2020.42 35263.9 21657.2 8494.25 963.672 7530.58 2015.72 1539.54 383.383 5514.86 1511.9 1258.72 13163 12818.5 3406.17 9412.34 3891.74 896.622 2995.12 5520.6 3109.93 2176.19 2084.39 2796.51 933.743 609.667 344.443 462.883 2410.67 1156.15 394.7 2695.05 1103.12 996.008 13606.7 3450.71 10156 2670.1 1802.51 1662.41 7485.9 980.734 4002.96 656.265 6222.05 844.823 1360.62 795.454 867.593 800.946
internal_count=702661 699328 10401 7593 4078 3515 688927 1234 527423 99804 38008 61796 15069 427619 251467 84748 38216 46532 24345 11826 4450 22187 8784 3777 166719 144731 43083 101648 48362 15575 32787 53286 24781 10938 9822 26499 13843 16584 21988 8724 28505 7376 5205 29963 13592 13485 176152 33889 142263 33955 12079 8812 108308 1827 13403 2813 67110 23058 14950 6777 21876 13634
cat_boundaries=0 4 7 11 13 16 20 24 28 32 33 37 41 45 49 53 55 58 61 64 68
cat_threshold=2357380130 1327112 67133313 315 129 0 2684354624 2107460 4162880417 2181791788 64 65537 196608 2568229632 56248332 1297108099 753664 75497472 536875008 520 2903770402 55658504 1155556801 32 1073758720 8392768 285213184 656 302059521 13382 939528704 670 65537 1116344449 9314308 805306368 269 33640576 68031552 536871424 643 1111707792 918528 554965520 145 557056 75501636 0 8 1073746048 132096 536877056 144 0 67108864 2283012128 54591488 129 152043554 50331648 67126336 135266562 33570816 1140876544 302186497 8397824 805306368 258
is_linear=0
shrinkage=0.05


Tree=81
num_leaves=63
num_cat=21
split_feature=4 35 0 28 0 48 0 48 0 43 48 0 43 0 48 43 44 0 48 28 18 0 0 43 43 43 48 0 48 43 0 48 44 0 46 48 0 18 48 44 0 48 43 0 48 43 0 0 48 10 39 48 21 44 0 43 0 42 44 0 0 32
split_gain=343.138 222.052 556.306 320.244 559.539 229.607 920.134 528.824 1041.68 637.178 490.001 463.723 456.578 986.412 426.934 418.54 595.245 299.543 236.253 227.973 221.488 440.425 219.43 473.794 479.662 505.034 363.886 474.638 213.172 207.533 521.234 205.079 438.646 477.076 295.602 275.826 524.842 258.429 257.893 241.231 819.257 717.932 493.445 418.62 384.06 487.293 336.418 335.119 251.177 181.798 180.097 186.475 178.459 172.737 407.323 220.303 260.702 171.809 473.276 223.419 193.121 210.518
threshold=0.15000000223517421 12.650000095367433 0 0.017647059634327892 1 -0.92896968126296986 2 -0.82755351066589344 3 -0.68430826067924488 -0.86769786477088917 4 -0.94423642754554737 5 -0.99883171916007985 -0.065535377711057649 0.68901559710502636 6 -0.99817660450935353 0.056927841156721122 0.14583333581686023 7 8 0.92273071408271801 0.3903625756502152 0.17646842449903491 0.037798205390572555 9 -0.9993687868118285 0.14250627160072329 10 -0.5037802755832671 -0.19337245076894757 11 0.035934191197156913 -0.2590999156236648 12 8.1833333969116229 -0.743566334247589 -0.17646729946136472 13 0.71512970328331005 -0.93235439062118519 14 0.83896556496620189 -0.77786767482757557 15 16 0.50226011872291576 71.958332061767592 0.23499999940395358 -0.97548767924308766 -3.2250000238418575 -0.71502926945686329 17 -0.8978554606437682 18 0.09796465560793878 -0.83375966548919667 19 20 0.086206898093223586
decision_type=10 2 9 2 9 2 9 2 9 2 2 9 2 9 2 2 2 9 2 2 10 9 9 2 2 2 2 9 2 2 9 2 2 9 2 2 9 10 2 2 9 2 2 9 2 2 9 9 2 2 2 2 10 2 9 2 9 2 2 9 9 2
left_child=1 5 -3 4 -4 6 28 8 9 10 -7 -9 17 15 19 16 50 -8 -19 -15 21 -17 23 24 25 31 27 -26 -1 53 -31 32 34 38 -13 36 37 -33 -34 40 -37 46 -42 -43 45 48 -41 -47 -44 -22 51 -14 -24 -5 -55 -56 -57 60 59 -59 61 -28
right_child=-2 2 3 29 -6 7 12 11 -10 -11 -12 22 13 14 -16 20 -18 18 -20 -21 49 -23 52 -25 26 -27 57 -29 -30 30 -32 35 33 -35 -36 39 -38 -39 -40 41 42 43 44 -45 -46 47 -48 -49 -50 -51 -52 -53 -54 54 55 56 -58 58 -60 -61 -62 -63
leaf_value=0.011074567199069366 0.035147138847687463 -0.055631507652196023 0.019634814911392878 0.041039357158200528 -0.082659575172453384 0.036827897734635386 -0.05530581805691525 -0.034458946563268943 -0.061350267037166818 -0.076592954386685883 -0.092326279412133061 0.032673616041766933 -0.10598466117899984 -0.072292905221800624 -0.072481363516733371 0.04727825788157769 0.062451866513120062 -0.047688680474204555 0.036228998595230787 0.042958027465711895 -0.024285275708881175 -0.068530178021628654 -0.033145728831216088 -0.065966684116113991 0.01383875039715486 -0.064529127470500366 -0.054497915212083498 -0.06831761474539115 -0.06811320505589169 0.027359589180254152 -0.099028705284176843 -0.073618909850496947 0.040009217019508658 -0.087438246450881149 -0.013532685187140897 -0.062653651791536188 -0.082499022341541273 0.038271084153265911 -0.067742962989898806 -0.031731108638059155 -0.091571357421631749 0.014590599799160968 0.026411525028144606 -0.07578486658361247 0.020748449334605942 0.01856612641572708 0.023850954147886572 -0.073749470230042344 -0.078875535300585303 0.044598127959919805 -0.083690564417072316 0.014317842713713252 0.0078034950832042357 -0.078789369264958359 0.030640722772416057 0.026300325262123038 -0.10569538853675622 0.055207496752168808 -0.054707940287345637 -0.059287210016340852 0.034780968829936081 0.04743874925127068
leaf_weight=106.74391543905949 931.2009360709344 251.6561223040917 397.8117945715785 1611.049403164885 189.72668712446466 876.98729783445015 90.16012392193079 782.1411897939397 933.92291319937794 179.71683714987012 80.149545901833335 1375.9010498633143 42.560112953418866 59.058335602079751 508.11807918868726 167.3583782495698 159.96581512095872 86.354170534876175 2916.4963573489804 156.90084699238651 103.0688741907943 143.07536991476081 269.3502807210316 273.07033107761526 507.57475747331046 346.17612608370837 132.70627131738001 257.62900164088933 416.96661618794315 272.66719904006459 104.88630615774309 68.048288166290149 208.91451341903303 207.67351159069221 462.47985831680126 667.89959704846842 316.70976423262618 213.5733055206947 75.633465292106848 302.44100052514113 142.80809826866607 195.92895537533332 492.64013592252741 365.48455876682419 1456.5850613845978 129.5430387747474 2225.7740818258026 406.74283372837817 64.005659281217959 1355.4923115090933 208.9143994981423 132.47467799461447 21812.837542788562 93.353482029400766 1321.9611911252141 78.630587442778051 58.692856372363167 270.30331439897418 233.99355040653609 43.347498879535124 2096.6029568173108 81.911029781214893
leaf_count=2045 1355 1970 516 1808 1941 2808 752 157463 32271 10823 1339 3930 459 4208 31973 731 2098 977 6243 598 335 6965 3442 19117 2738 10601 3355 12182 20035 356 1228 1083 784 5783 3337 12112 7228 287 1610 7204 1695 1662 1513 13094 4669 420 13471 6720 813 2498 4057 378 241232 390 2267 93 675 266 9542 1287 9508 321
internal_value=0.00507647 0.00451182 0.0152606 0.0196687 -0.0144706 0.00347039 0.0120479 0.00199019 -0.0225892 0.00970712 0.0260127 0.00338519 0.0174889 0.00374643 -0.0468049 0.0196892 -0.0185837 0.0310391 0.0337035 0.0114404 0.0315684 -0.00678112 0.00422268 -0.000768676 0.000564451 -0.0052214 0.0160904 -0.0145336 -0.0509992 0.0253883 -0.00964998 -0.00303232 0.00982533 -0.0320955 0.0210495 -0.00728392 -0.0397592 0.0108498 0.0109825 -0.00427129 -0.0135434 0.00581294 -0.00112353 -0.0453345 0.00393839 -0.0184649 0.0171707 -0.0524791 0.0143051 0.0397305 -0.0523458 -0.014934 0.00730071 0.0295698 0.0176688 0.0242134 -0.035897 0.0242872 -0.000893436 0.0392539 0.0302538 -0.0148985
internal_weight=50522.6 49591.4 4380.44 4128.78 587.538 45210.9 6653.71 38557.2 2070.78 1136.85 957.137 36486.4 6130 3036.99 724.077 2312.91 543.915 3093.01 3002.85 215.959 1768.99 310.434 35704.3 13622.1 13349 9724.96 3624.07 765.204 523.711 3541.24 377.554 9378.79 2330.6 492.221 1838.38 7048.18 598.331 281.622 284.548 6449.85 3360.22 3089.63 2692.32 561.414 2549.52 1092.93 2528.22 536.286 556.646 1458.56 383.949 175.035 22082.2 3163.69 1552.64 1459.28 137.323 2858.86 547.644 313.651 2311.22 214.617
internal_count=702661 701306 11244 9274 2457 690062 84352 605710 47241 14970 4147 558469 62272 54300 36779 17521 6992 7972 7220 4806 10529 7696 401006 156332 137215 98016 39199 14920 22080 6817 1584 87415 15444 8177 7267 71971 8598 1370 2394 63373 27942 35431 15830 14756 14135 9466 20675 7140 2326 2833 4894 837 244674 5233 3425 3035 768 24279 11095 1553 13184 3676
cat_boundaries=0 4 8 12 16 20 24 27 30 34 38 42 46 49 53 56 60 62 66 69 73 77
cat_threshold=2290091040 1024 3432339 512 1611170449 2048 268435520 14 152339619 106186760 2147493505 49 1948260353 2961744263 940277796 320 2149599300 4163015649 168525868 576 4093657856 16790598 939544896 520 603996416 6 20480 16384 0 268435456 1423585802 8922118 290455570 412 4608 8388612 0 4 324010240 16777216 281018432 32 1572864 524288 268435456 156 1073745920 524288 268435456 278003712 532486 17825810 8 67108864 4 4194304 1049090 8389632 268435458 400 0 8388608 37377 24 469762048 6 0 29368320 541065216 131072 8192 268435456 4 1183746 525312 0 132
is_linear=0
shrinkage=0.05


Tree=82
num_leaves=63
num_cat=25
split_feature=4 32 35 0 43 48 0 48 0 43 48 43 0 11 0 26 43 0 48 48 0 44 7 41 0 48 0 0 43 0 44 44 0 48 44 0 32 48 0 44 43 0 0 0 44 0 0 43 32 0 0 43 48 0 48 0 48 48 48 0 48 0
split_gain=321.435 211.84 209.318 511.762 284.441 218.199 853.128 464.566 959.002 606.917 450.042 444.672 920.494 500.435 422.336 406.653 316.14 641.593 268.889 247.765 771.348 334.991 447.701 239.719 268.503 211.845 877.804 485.458 476.991 715.539 369.958 774.322 650.942 355.226 340.084 570.644 375.769 304.155 261.988 259.121 1293.59 737.68 486.075 403.257 289.094 761.563 426.279 272.923 270.141 591.571 404.293 317.604 295.779 254.484 250.365 389.27 511.461 383.796 499.965 365.785 356.743 269.179
threshold=0.15000000223517421 0.15517241507768634 12.650000095367433 0 0.71503382921218883 -0.92896968126296986 1 -0.82755351066589344 2 -0.68430826067924488 -0.86769786477088917 -0.94423642754554737 3 148.62500000000003 4 0.064138058573007597 0.55656746029853832 5 -0.9993687868118285 -0.94929715991020192 6 -0.15950992703437802 0.15000000223517421 -0.81241145730018605 7 -0.5037802755832671 8 9 -0.99166062474250782 10 0.49626980721950537 0.10623887926340105 11 -0.55407407879829396 0.19126587361097339 12 1.0000000180025095e-35 0.25718480348587042 13 -0.19337245076894757 -0.86546283960342396 14 15 16 -0.082691941410303102 17 18 -0.9599599540233611 1.0000000180025095e-35 19 20 0.88621068000793468 0.98324170708656322 21 0.35847190022468572 22 0.83896556496620189 0.1489052549004555 -0.12568955123424527 23 -0.24726612120866773 24
decision_type=10 2 2 9 2 2 9 2 9 2 2 2 9 2 9 10 2 9 2 2 9 2 2 2 9 2 9 9 2 9 2 2 9 2 2 9 2 2 9 2 2 9 9 9 2 9 9 2 2 9 9 2 2 9 2 9 2 2 2 9 2 9
left_child=1 2 5 -4 -5 6 18 8 9 10 -7 19 13 -13 -9 -14 17 -15 -1 20 21 -8 -23 24 -10 26 33 30 29 -28 31 53 37 -16 36 -36 38 -32 -30 40 42 -41 47 -42 46 -46 -43 -29 50 51 -45 52 -50 -27 57 56 -56 58 60 -59 -55 -62
right_child=-2 -3 3 4 -6 7 11 14 23 -11 -12 12 15 16 25 -17 -18 -19 -20 -21 -22 22 -24 -25 -26 27 28 39 34 -31 32 -33 -34 -35 35 -37 -38 -39 -40 41 43 44 -44 48 45 -47 -48 -49 49 -51 -52 -53 -54 54 55 -57 -58 59 -60 -61 61 -63
leaf_value=0.015662685509697027 0.034415314980004212 -0.043100997483422304 -0.055910934167903208 0.021362551064384963 -0.066869401838332537 0.036936484802770612 0.042818123918673401 -0.033070310787678248 0.020164747557618379 -0.075820579115014788 -0.087391077986391508 -0.10206383186122372 -0.068659732693795439 0.026181101771370098 -0.077627338894235509 0.019834147247125785 0.039210291496930783 -0.072760358168698899 -0.066829507534253763 0.045603042646255268 -0.08523975966364257 -0.098871408397225746 0.027578649276637546 -0.078517769641709381 -0.069751211665784088 0.0013683864887578865 0.034939722455045362 0.033977067990600268 0.036928286649227086 -0.10212274729546189 -0.042224348948918425 -0.067847534353498815 -0.063181001271863504 0.0097871817201285669 0.028203505133828456 -0.063442984255943066 0.025568063358592571 0.032267715205420135 -0.073263852954227937 -0.067338350190587815 0.023870362242143121 -0.060351195423660277 -0.078951478129522884 -0.064766149622693184 -0.041174166317935745 0.018011869220416199 0.036312394536063435 -0.075353468629820758 0.0069917691726119353 -0.050732899747762683 0.025746568280850743 -0.08400003054534122 -0.071986126058804029 -0.04022055993827596 -0.07480194535189133 -0.055724004170678604 0.012164543806136628 0.034651067273841776 -0.084018306265285225 -0.054073252858183568 0.038022611228239002 -0.05925158950366393
leaf_weight=128.68309206387494 904.14626186958048 234.2920327130123 230.63280942011625 3947.9311313618673 93.507592653535539 849.51013632191462 1042.5007743483875 766.82231235684594 165.06082690868061 172.57129376201192 79.608858918567421 81.520233379676938 523.56757571082562 601.09600050881272 370.88270327143255 172.61994521209272 1326.7692905104486 213.87510388332885 425.16224524041172 1490.2159742675722 156.09172087316983 107.47750604187604 200.73456287337467 589.52289652926265 153.12894553274964 4547.4249064305332 174.11056313966401 193.41514972271398 74.823160912375897 193.97222647070885 151.01308355253423 550.31324630399467 229.20253426546697 169.25710775650805 358.50405121489894 306.77987563621718 5813.798052808299 1479.8452947270125 157.28792103013257 256.8037996981293 2704.9847625371185 112.40271191269858 622.75579159375047 125.73315851087682 615.29924348345958 4181.2726408457966 2275.8068640672136 80.981331879505888 3441.6458567605005 619.20870024600299 1448.4852541159489 104.90175511228153 122.77760987111833 407.18823897338007 220.54323220846709 792.75937042024452 724.27299570437754 729.78211686073337 260.48854040537844 129.35921189721557 425.31077593500959 76.516797414398752
leaf_count=2199 1355 5664 1867 8426 879 2711 892 156301 1164 10789 1302 522 34267 2922 19527 1742 5996 7333 21325 1662 3616 998 246 25451 5293 30605 197 317 105 1523 6725 16638 25400 3013 1652 18479 22361 11897 3178 25479 29290 1398 8101 2393 26663 51613 4795 776 17129 18195 5816 2456 1646 5239 4771 13978 4396 1378 5209 2994 1070 1337
internal_value=0.0048742 0.00432914 0.004557 0.0151287 0.0192734 0.00354201 0.0120301 0.00209772 -0.0212999 0.0101974 0.0262838 0.0175883 0.00372962 0.0194391 0.00340309 -0.0460561 0.0241546 -0.000355922 -0.0468176 0.031147 0.0168501 0.0290638 -0.0165161 -0.0589906 -0.0246657 0.00420472 0.0115872 0.00217043 0.0162812 -0.0391147 -0.00614849 -0.0104084 0.0141188 -0.0493222 0.0193437 -0.0145868 0.0230774 0.0252153 -0.0393078 0.00744647 0.00196218 0.0144319 -0.0551607 0.00794368 0.0174241 0.0103713 0.0316622 0.00165071 0.000553685 -0.00594805 0.0182694 0.00174303 0.00427135 -0.00660629 -0.0161957 -0.0301682 -0.00805036 -0.00430786 -0.022948 0.021066 -0.00544759 0.0227676
internal_weight=49907 49002.8 48768.5 4272.07 4041.44 44496.4 6470.31 38026.1 2009.4 1101.69 929.119 5916.47 2919.45 2223.26 36016.7 696.188 2141.74 814.971 553.845 2997.02 1506.8 1350.71 308.212 907.713 318.19 35249.9 7619.42 27630.5 7079.28 368.083 10724 8863.96 1860.06 540.14 6711.19 665.284 6045.91 1630.86 232.111 16906.5 9464.89 7441.59 897.152 8567.74 7184.78 4796.57 2388.21 274.396 5862.75 4288.53 1574.22 3669.33 3564.42 8313.65 3766.22 1737.58 944.816 2028.65 1169.5 859.141 909.016 501.828
internal_count=702661 701306 695642 11172 9305 684470 83720 600750 46710 14802 4013 60196 52782 16773 554040 36009 16251 10255 23524 7414 5752 2136 1244 31908 6457 397739 70035 327704 47495 1720 131637 87615 44022 22540 45775 20131 25644 18622 3283 196067 86119 109948 9194 76925 84469 78276 6193 1093 47635 39426 8209 21231 18775 70977 40372 23145 9167 17227 12855 4372 7646 2407
cat_boundaries=0 4 8 12 16 20 23 27 31 35 39 43 47 50 51 54 57 60 63 66 69 72 76 80 84 88
cat_threshold=2290091040 0 3432339 512 152339875 106186760 2147493505 177 1948260353 2961744263 940277796 320 4093657600 16790598 939544896 520 2149599300 4163015649 168525868 576 67109376 16781312 536887360 3535998976 25165844 885000528 2 16777216 68501504 2160067136 1 470024192 71321626 1164997251 128 1092105739 60564484 2415919104 447 536870912 16777216 2147483648 4 17301504 9183232 268435456 271 512 25165824 536870912 16777216 134250496 18432 1073745282 65536 67125248 4160 201359360 18440 1075862915 262144 67108872 23351889 373424384 4194304 67108864 843186560 65536 616824896 537002256 65536 71565312 1073746435 1056772 2415919104 144 17310720 0 0 292 0 25165824 0 14 524288 58983424 0 8
is_linear=0
shrinkage=0.05


Tree=83
num_leaves=63
num_cat=23
split_feature=1 32 21 0 48 44 42 0 0 20 41 0 0 48 44 48 0 44 0 29 0 46 44 48 0 44 0 0 48 0 44 44 44 24 11 0 44 0 0 44 0 18 18 0 48 0 18 42 32 0 29 0 29 32 0 48 44 0 48 48 48 0
split_gain=302.44 193.675 183.114 437.215 287.725 171.459 172.547 169.562 165.402 164.376 142.377 410.041 334.892 254.095 363.034 293.276 352.16 273.825 240.672 233.402 503.756 228.153 216.804 211.932 451.22 237.693 215.372 207.179 186.022 743.425 167.159 328.566 218.905 214.457 164.633 207.883 196.281 308.787 163.761 156.146 155.737 191.017 245.029 189.537 153.352 152.165 151.115 228.798 143.55 562.676 183.002 163.056 266.347 189.674 362.134 191.695 259.287 230.828 510.987 321.876 326.082 452.603
threshold=6.6499998569488534 0.15517241507768634 -0.11250000074505805 0 -0.9911440610885619 -0.10837475582957266 -0.88144907355308522 1 2 12.791666507720949 -0.68322628736495961 3 4 0.268782988190651 0.25829915702342993 -0.61591956019401539 5 -0.98212954401969899 6 1.6822649836540224 7 -0.3850948810577392 -0.81427544355392445 0.94558385014534008 8 -0.41399101912975306 9 10 0.44843277335166937 11 -0.10837475582957266 -0.45273527503013605 -0.61236745119094838 0.021673387847840789 130.37500000000003 12 -0.20180761069059369 13 14 -0.99983122944831837 15 1.2749999761581423 64.562500000000014 16 -0.99262195825576771 17 54.062500000000007 0.63405361771583568 0.12068965658545495 18 0.17415241897106173 19 2.1178175210952763 1.0000000180025095e-35 20 -0.92415645718574513 -0.42958799004554743 21 -0.72717297077178944 -0.63528084754943837 0.099121898412704482 22
decision_type=10 2 10 9 2 2 2 9 9 10 2 9 9 2 2 2 9 2 9 2 9 2 2 2 9 2 9 9 2 9 2 2 2 10 2 9 2 9 9 2 9 10 10 9 2 9 10 2 2 9 2 9 2 2 9 2 2 9 2 2 2 9
left_child=1 2 3 5 -5 -1 -7 -3 -4 10 11 -10 13 14 15 16 22 -15 30 20 21 -13 -12 26 25 -25 -19 -23 38 -30 31 32 33 -17 35 -24 -36 -38 -21 -20 -31 -42 43 -43 -18 -16 48 -48 51 -50 -51 52 -14 54 -53 56 -55 58 -57 -60 61 -61
right_child=-2 7 8 4 -6 6 -8 -9 9 -11 12 19 46 17 45 18 44 23 39 28 -22 27 34 24 -26 -27 -28 -29 29 40 -32 -33 -34 -35 36 -37 37 -39 -40 -41 41 42 -44 -45 -46 -47 47 -49 49 50 -52 53 -54 55 -56 57 -58 -59 59 60 -62 -63
leaf_value=0.013499125226733863 0.037979987764428937 0.021080184636005028 -0.035122813547309319 0.030338012639696179 -0.039217026995878437 0.020698261505913182 -0.051011959312571568 -0.068591353519897341 -0.018586516794138166 0.023232194953876965 -0.032443399638539171 0.030386793961233186 -0.013015233899475715 -0.051143059581111219 0.025166957995461644 -0.054842257286481649 0.0071800843007090555 -0.032297656331131623 0.034838413893041459 0.0036758244863171843 -0.046002757605208167 0.015263388374042917 0.017546482044562408 -0.092903663831060815 -0.05990351085177751 0.036830378993641021 0.014195584067461582 -0.041005738755230926 -0.05213915470569546 0.03717843566829538 0.016495693395798698 -0.1069715271746708 0.026319526889153035 0.032644570882136147 0.02992640661198033 -0.081949392244534305 0.016608141989930155 -0.092415773332890055 0.022556019920507764 -0.051726346360399335 0.020630966769973023 -0.09058420296939429 0.047447278574470272 -0.013496500910409222 -0.05712504169788829 -0.065146575253628949 -0.070141953753559624 0.015885026584125116 0.033688528696285712 0.062046716147773295 -0.067839808793392825 0.032117733210780784 0.0070220094243457244 -0.016896400154612964 -0.034852605358924767 -0.067509234100413748 0.033616127723914514 -0.0056771296775685754 0.04734908735954628 0.011541431236170605 0.017752110735815629 -0.071962077454186979
leaf_weight=1787.3918006261229 672.88202139129862 75.875370351655874 242.04811592836631 171.68005163845373 1109.9382251771749 133.50905338971643 225.68743152508978 156.28741097415332 1194.46306389643 1273.1317047523335 251.95351100031985 750.57249862333992 2494.3749699137697 216.6241650734446 52.150234799424652 288.39743842731696 131.61479158475413 259.10882494383259 56.264824811019935 1432.3870888435631 511.0324948009802 357.72442639630754 120.29019116098061 39.987364820553921 331.9776062159217 301.57230154721765 3550.2470831639075 286.7373411001754 478.85070363723207 615.18312069191597 424.87388852890581 100.35133756900905 254.21014728606679 92.519485916418489 1396.7994863055064 81.417256929911673 227.73295199644053 79.961529362364672 6151.2408179083723 702.76529139367631 1040.4014985407703 95.828342919819988 124.48740685312077 373.33297563955421 313.66406240552897 394.01047846200527 157.56372751377057 151.70743569731712 1379.2655914400821 31.254663934290875 204.92957506285165 1679.3541321005905 4949.1073825305793 321.61457355011953 222.60729257939965 192.48827011178946 1209.3576221406402 3539.1529109294061 672.6369260798092 407.97600695717847 2398.8003768679919 258.80183471617056
leaf_count=7066 859 289 148274 1128 22954 336 2381 5375 31530 1881 4235 6816 36577 3627 1244 5620 1699 12907 151 12123 20949 4796 277 807 12295 1750 31117 7949 9458 2972 2421 2222 1181 296 5032 548 1342 1484 29355 12882 6141 816 103 1943 10250 36030 1341 558 7748 229 7911 8877 30903 5421 9045 6768 10387 56256 2618 4867 28193 10051
internal_value=0.00468875 0.00422713 0.00444614 -0.00669189 -0.0296682 0.00713111 -0.0243581 -0.0413314 0.00529718 0.00552305 0.00500425 0.00928538 0.0030864 -0.00456889 -0.0124564 -0.0082117 0.00272059 0.00376119 -0.0230402 0.0120156 -0.00404847 0.0115672 0.0110951 0.00641429 -0.0194401 0.0210264 0.0109856 -0.0101716 0.0149967 0.00379978 -0.00840052 -0.0228969 -0.00961291 -0.0335929 0.0169081 -0.025807 0.0219629 -0.014188 0.0190245 -0.0447204 0.0158702 0.00767072 -0.0149136 -0.0314605 -0.0372806 -0.0554862 0.00673662 -0.027943 0.00727729 0.0215662 -0.0485942 0.0060191 0.000306944 0.0099095 0.0242651 0.00688704 0.0230049 0.00358364 0.0119061 0.0160272 0.00915464 -0.0217756
internal_weight=49200.2 48527.3 48295.1 3428.21 1281.62 2146.59 359.196 232.163 44866.9 44624.9 43351.7 13412.2 29939.5 9668.49 4968.98 4522.82 2603.43 4699.52 1919.38 12217.8 1906.07 1395.03 2158.15 4482.89 673.537 341.56 3809.36 644.462 10311.7 2728.08 1160.35 735.478 635.127 380.917 1906.2 201.707 1704.49 307.694 7583.63 759.03 2249.23 1634.05 593.649 469.161 445.279 446.161 20271 309.271 19961.7 1615.45 236.184 18346.3 7443.48 10902.8 1901.96 9000.83 1530.97 7469.86 3930.7 3738.22 3065.58 666.778
internal_count=702661 701802 696138 33865 24082 9783 2717 5664 662273 513999 512118 134951 377167 149417 86914 49640 24867 62503 24773 103421 40510 19561 12918 58876 14852 2557 44024 12745 62911 21433 11740 9319 7097 5916 8683 825 7858 2826 41478 13033 11975 9003 2862 2759 11949 37274 227750 1899 225851 15888 8140 209963 67480 142483 17922 124561 15808 108753 52497 45729 43111 14918
cat_boundaries=0 4 7 11 15 19 23 27 31 35 39 42 46 50 54 58 62 66 69 73 77 80 84 87
cat_threshold=2689077393 125844548 872420801 292 1074003968 17301504 8388608 2107468 3156247457 753708 64 134235392 1107320834 3274965250 544 819826834 662604 201333888 285 806948992 5124 134219776 269 274006144 659528 3072 28 928088626 29364288 402677825 158 268435472 4160 67108864 4 1081344 7232 67111040 8 101712384 20975616 268460033 2258141218 30219264 134218897 263 268435456 4 0 264 806879232 5120 0 5 63050401 4112 25089 144 536870912 24 71307776 128 1346371585 4 8388608 8 0 0 67108864 1107296289 1104494592 1643380753 2 1107296289 26558464 4194385 2 218104832 18 1888510210 132864 37748752 2158248448 160 0 33554432 2158231552
is_linear=0
shrinkage=0.05


Tree=84
num_leaves=63
num_cat=20
split_feature=4 43 0 44 0 48 0 0 41 0 43 0 48 28 48 43 43 48 0 44 44 44 48 44 0 0 43 44 0 30 0 0 48 48 19 48 0 48 0 43 0 43 11 21 28 0 21 7 28 0 43 28 0 28 48 43 41 0 44 44 0 44
split_gain=289.146 182.774 663.823 356.156 576.506 334.039 291.098 187.459 181.715 497.067 346.591 300.301 308.483 409.131 316.329 295.443 306.137 283.682 332.029 282.217 269.137 275.519 311.207 242.627 240.516 239.85 265.146 233.381 232.198 231.852 225.08 222.545 221.962 220.88 219.19 204.208 292.707 203.811 189.122 283.034 419.632 237.076 175.731 173.246 172.431 383.624 168.943 162.893 159.748 493.604 218.907 187.388 376.201 286.954 217.65 165.322 158.871 201.101 156.357 271.525 220.651 196.013
threshold=0.35000000894069677 -0.99904707074165333 0 0.011826144531369211 1 0.38025361299514776 2 3 -0.68322628736495961 4 0.79904097318649303 5 0.55574825406074535 0.013725490774959328 0.4246301949024201 0.67802080512046825 0.57077592611312877 0.94558385014534008 6 -0.41399101912975306 0.56901594996452343 -0.77243989706039418 -0.23563831299543378 -0.26867066323757166 7 8 -0.64578425884246815 -0.94137725234031666 9 0.083090186119079604 10 11 0.99629274010658275 -0.99883171916007985 4.5000000000000009 -0.98941165208816517 12 -0.79120641946792591 13 0.14250627160072329 14 0.3903625756502152 49.791666030883796 -2.4500000476837154 1.0000000180025095e-35 15 -2.8166666030883785 18.150000572204593 0.060723030939698226 16 -0.39826117455959315 0.055752867832779891 17 0.056927841156721122 -0.99883171916007985 -0.77786767482757557 -0.35206145048141474 18 0.59696555137634288 0.46611291170120245 19 0.14037931710481646
decision_type=10 2 9 2 9 2 9 9 2 9 2 9 2 2 2 2 2 2 9 2 2 2 2 2 9 9 2 2 9 2 9 9 2 2 2 2 9 2 9 2 9 2 2 10 2 9 10 2 2 9 2 2 9 2 2 2 2 9 2 2 9 2
left_child=1 2 -1 4 -4 -5 -3 -7 9 27 15 12 13 23 20 16 32 25 19 -19 21 22 37 24 -10 26 -14 28 -8 -17 -23 -12 33 -11 38 -29 42 -15 -35 43 41 -41 -37 -40 45 -13 -46 -32 51 50 -50 54 53 55 -48 -53 -39 -58 59 60 -45 -62
right_child=-2 6 3 5 -6 7 8 -9 11 10 31 44 17 14 -16 29 -18 18 -20 -21 -22 30 -24 -25 -26 -27 -28 35 -30 -31 47 -33 -34 34 -36 36 -38 56 39 40 -42 -43 -44 58 46 -47 48 -49 49 -51 -52 52 -54 -55 -56 -57 57 -59 -60 -61 61 -63
leaf_value=-0.07052896416957978 0.034391756017669355 -0.051891015870846671 0.030025997758234575 0.041626898265681944 -0.079842818439599811 0.041139264000998411 0.023729793195245086 -0.073768551426578344 -0.0011008367360818999 -0.096387587565419652 0.02591046241501796 0.037681000970062141 -0.065533427921066006 -0.06597103635546972 -0.080158076737901124 -0.062467331177684632 -0.059237981453808208 -0.08803709912148458 -0.050281083645064839 0.033800257702734919 -0.064314421436126562 -0.04385515870919237 -0.07625449823846657 -0.073843384657953245 -0.067225169600260912 0.02076023330308558 0.0045751898065478002 0.025753972830596647 -0.066084482786923623 0.044508415735052737 0.0082931501916428865 -0.059154147258745862 -0.074192094981236509 0.020859866485368389 -0.073149890121203334 0.047407032668180554 -0.058499676070736244 0.028194265106079419 -0.070737516212770024 -0.08276785254727069 -0.079298022901573562 0.03988760615270466 -0.024889768212359879 -0.030131523249559474 -0.038917910169323423 -0.06583345219889486 -0.06399180310936628 -0.10984789454128836 -0.067071585564759437 -0.05924580202179465 0.032318615614484229 0.034548389076616129 -0.066411726934966248 0.022686354061249459 0.0045275385897430524 -0.08089170933083506 0.028438076715547829 -0.053355232049692315 -0.040082735068174995 0.048271725310074551 0.01462314696911228 -0.031494075243288518
leaf_weight=189.29221635972499 795.28291234606877 227.94668366076075 298.35057747317478 1641.2157867091591 185.57572311608237 47.785257013514638 458.83236995607149 96.003227166540455 425.93880601384444 46.521198768954491 103.51937141292728 783.61801116156857 177.40892831300152 133.59913098873221 143.79388772463426 53.455211328575388 154.01596607966349 56.348084499186371 429.66294370975811 303.69305635627825 183.0490821855492 220.5883429745154 234.49799215822713 377.64316917367978 195.94736256319447 2187.4711858418304 562.2988359486917 145.87502865714487 75.363344300130848 965.16707396681886 3310.2646543768351 264.53218348269002 74.629647566587664 4743.7444381279638 73.688189244479872 119.38226579129696 623.7210543237743 298.48392763570882 64.703059886698611 49.126243822276592 214.16993747482775 198.9086221808102 284.01857449577074 321.4737773789675 229.08016831777059 92.504112159193028 116.66424168189405 29.436452195979655 57.622351345489733 171.50347767051426 1436.6494153605308 40.82428223604802 278.18846981527167 469.35962992120767 17621.658062850911 129.05931069800863 114.92172061593737 188.40236043545883 142.85394899139646 493.5304195220815 4371.7143135181395 243.22735932446085
leaf_count=2977 1187 161909 367 2340 3643 29 1519 1202 3606 965 710 1179 3753 5256 5151 3101 4533 1440 12122 2468 20843 7740 5726 17346 5725 17865 10302 1571 2517 3075 26066 20123 1864 25481 3342 88 22918 1075 657 899 6781 710 7884 3454 2813 2935 2881 187 1002 13878 6787 157 10134 3299 186929 6105 485 4308 9489 1446 13876 2441
internal_value=0.00448993 0.00399422 0.0172741 0.0248009 -0.0131358 0.0352247 0.00327698 -0.0378505 0.00356534 0.0082317 0.0116642 0.00141603 -0.00594282 -0.0130992 -0.0071042 0.0131144 0.0107681 0.00531733 -0.021277 0.014334 -0.00487544 -0.00247372 -0.0260984 -0.0422311 -0.0230344 0.012492 -0.0120762 -0.0170284 0.0102661 0.0388945 0.00396218 -0.0361318 0.0117449 0.0123299 0.0127932 -0.0296038 -0.0374659 -0.0101052 0.0133772 0.00751141 -0.0300912 0.0149899 -0.00340976 0.0106077 0.00470454 0.0264302 0.00378061 0.00723019 0.00426194 0.0190976 0.0282965 0.00293726 -0.0190973 0.00249312 0.00407689 -0.0531506 0.00229685 -0.0231873 0.0115521 0.0129106 0.00937526 0.0121662
internal_weight=48767.8 47972.5 2458.22 2268.93 483.926 1785 45514.3 143.788 45286.4 14286.2 12579 31000.2 9573.45 5856.57 4857.04 12210.9 11192.3 3716.88 789.704 360.041 4713.24 4530.19 969.905 999.529 621.886 2927.18 739.708 1707.19 534.196 1018.62 3560.29 368.052 11038.3 10963.7 10917.1 1173 1027.12 735.407 10843.5 6099.71 462.205 248.035 403.401 5637.5 21426.7 876.122 20550.6 3339.7 20321.5 1665.78 1494.27 18655.8 917.432 639.243 17738.3 169.884 601.808 303.324 5572.8 5429.95 4936.42 4614.94
internal_count=702661 701474 10558 7581 4010 3571 690916 1231 529007 139444 102947 389563 151464 103514 76837 82114 75938 47950 16030 3908 71686 50843 16850 26677 9331 31920 14055 36497 4036 6176 33993 20833 71405 69541 68576 32461 30890 11124 65234 39753 8390 1609 7972 31363 238099 4114 233985 26253 231172 21667 7789 209505 19695 9561 189810 6262 5868 4793 30706 21217 19771 16317
cat_boundaries=0 4 7 11 12 16 20 24 28 32 35 38 41 44 48 52 56 59 63 67 70
cat_threshold=2357380130 1327112 75521921 441 129 0 2684354624 2107460 4162880417 2181791788 64 1 142624009 100753408 1093927698 512 811438234 662606 201333888 277 268435472 6208 67108992 4 274268288 64 134217856 20 269520896 7236 201328768 4 8388865 33562624 272 1081346 2050 5120 0 16777216 268435456 16392 65536 2359808 605356178 1968132 71318720 264 131584 0 268451840 6 1090650368 50331648 276824384 2 33554977 92545024 1892679744 2197832449 83902464 1632641795 672 1081344 0 0 4 50331648 4198464 16385
is_linear=0
shrinkage=0.05


Tree=85
num_leaves=63
num_cat=23
split_feature=1 35 0 28 0 34 43 0 43 0 18 44 0 0 0 0 48 48 0 0 43 0 18 0 48 10 44 0 43 42 0 28 0 15 18 44 0 43 21 48 43 43 0 43 48 9 48 0 0 10 43 48 0 44 48 48 44 30 0 0 0 43
split_gain=309.955 184.185 498.995 319.972 592.54 204.789 187.582 462.077 176.768 1098.71 699.286 839.695 829.236 614.268 416.644 389.67 459.356 504.733 882.899 724.805 447.764 444.795 329.113 431.161 393.471 308.502 295.674 490.518 292.16 268.94 397.862 266.199 267.236 247.511 222.3 217.134 667.69 396.581 297.605 254.481 445.425 717.596 316.616 245.513 240.155 279.762 231.543 461.781 295.87 244.906 316.428 233.473 227.182 578.936 322.371 216.219 405.119 309.046 391.571 289.423 287.595 286.46
threshold=7.9000000953674325 12.650000095367433 0 0.036731028929352767 1 11.650000095367433 0.14250627160072329 2 0.40614137053489691 3 3.1833333969116215 -0.52034142613410939 4 5 6 7 -0.48252141475677485 0.268782988190651 8 9 0.19337368011474612 10 22.274999618530277 11 -0.99731963872909535 15.875000000000002 0.19126587361097339 12 -0.99940761923789967 0.41248606145381933 13 0.013725490774959328 14 11.387499809265138 0.14583333581686023 -0.21022038161754605 15 -0.96902456879615773 -0.11250000074505805 -0.024620162323117253 -0.75579217076301564 -0.9599599540233611 16 -0.86546283960342396 -0.96681490540504444 0.16609835624694827 0.83896556496620189 17 18 66.458332061767592 0.022575936280190948 0.94558385014534008 19 0.03762133605778218 -0.79893815517425526 0.35847190022468572 -0.46800559759140009 0.064106002449989333 20 21 22 -0.86546283960342396
decision_type=10 2 9 2 9 2 2 9 2 9 10 2 9 9 9 9 2 2 9 9 2 9 10 9 2 2 2 9 2 2 9 2 9 10 10 2 9 2 10 2 2 2 9 2 2 10 2 9 9 2 2 2 9 2 2 2 2 2 9 9 9 2
left_child=1 5 -3 4 -4 8 -5 -8 15 -10 11 12 -11 29 -12 35 21 18 -18 -19 55 -17 24 -24 -23 -16 28 34 -26 -13 -31 -20 -33 -25 -28 36 -1 -38 -37 42 41 -41 43 -39 45 -40 47 49 51 -42 -51 -48 53 -46 -55 56 -21 59 -59 -57 -58 -60
right_child=-2 2 3 6 -6 -7 7 -9 9 10 14 13 -14 -15 25 16 17 19 31 20 -22 22 23 33 26 -27 27 -29 -30 30 -32 32 -34 -35 -36 38 37 39 44 40 46 -43 -44 -45 52 -47 48 -49 -50 50 -52 -53 -54 54 -56 57 60 58 61 -61 -62 -63
leaf_value=-0.055086957282686901 0.040082928759658902 -0.059134018723755601 0.013732406362989122 0.030480056566862868 -0.080681695255941391 -0.14334266338050011 0.027624143453921432 -0.093939790708429519 -0.04673966405703768 0.010505174700328045 0.0031675251252961177 0.023325485949148059 -0.071501483255246884 -0.036880221779910342 -0.059047430863265818 -0.050998694076259593 -0.06457146294529563 -0.053500870933781988 -0.047571534380519941 -0.078599465071893984 -0.074970506251301125 -0.075163251791564814 0.0076884321026871915 -0.094705461547411843 -0.097722019896074375 0.039075537477576985 -0.069939843883777025 -0.064468083010396735 0.018197815243853749 0.030203936612874977 -0.062936206036613609 0.013603445838348631 -0.025870705253582062 -0.0055342704081593596 0.052141692389235619 -0.03427675210576088 -0.12418550556821535 0.012016845477280116 -0.085373940194330089 0.032084466221413914 0.036519207286537479 -0.085621240176330091 0.020873219612954828 -0.057827112191427513 0.021841747665121949 0.049246788293795564 0.038632594223942496 -0.078021503074535842 -0.066303149146266269 -0.08158135454766699 0.012656367089604543 -0.012568220319721671 0.022559834131568052 0.00955445190381435 -0.089874713780383267 -0.060113597087216045 0.044377030823154445 0.0059571311644014933 -0.050120365122344301 0.035801508069649837 -0.059792040992500128 -0.0087820063321860081
leaf_weight=476.11082831106614 599.93486860580742 212.3290197775932 735.09945741458796 2668.9165858323686 204.09007078123977 23.906824748090003 260.69897353486158 100.06960550157237 824.48498163701151 556.13928203145042 1308.8593321913504 3395.9849388482398 684.51308110190439 566.6389026507095 82.116148872068152 321.11233590610209 1034.3103347592696 644.40224639273947 365.55526536615798 84.380456165963551 186.25056472295546 126.56514637707733 554.24931146943709 230.06841593925492 54.866678192745894 3269.8591605236288 45.380937218782492 290.61011915706331 5836.9727607793466 215.93583365605446 225.80651647452032 1163.0455999053083 665.76381336373743 117.59471061214572 209.11754227255005 303.92020958781359 58.310772495926358 259.21140109107364 117.96531479683472 199.78189416491659 340.79294982500141 368.00654313550331 3276.0584384751273 244.50635912778671 783.55735583958449 57.357405581860803 896.93895732960664 203.88309288315941 85.216210554470308 140.16972952365177 244.37786792655243 296.16838043846656 5027.4051422893535 125.69724839282571 231.95437478413805 78.821350734564476 787.9316144491313 3147.8781931606354 640.71134175267071 817.46223298163386 65.082406700734282 1211.5185562095721
leaf_count=20091 753 1935 1097 4263 2439 212 348 1203 66623 16203 5712 31344 20970 78141 583 15111 24492 24998 15895 2279 9693 5672 1903 4420 1112 16805 1593 35255 39366 3257 14284 8738 25499 720 334 3009 690 1198 5698 377 509 4619 11880 5729 2294 47 1171 4351 2505 2364 1285 1275 44916 2324 14543 4556 1454 22879 14873 13733 3165 28077
internal_value=0.00436749 0.00391878 0.0139429 0.0179562 -0.00749704 0.00295684 0.0259059 -0.00793331 0.00303716 0.00847371 0.0129237 0.00110159 -0.0352325 0.0113364 0.0272699 0.00117052 -0.00353037 -0.0101614 -0.026744 -0.0031759 0.00151772 0.00574168 0.00823955 -0.02007 0.0121422 0.0365627 0.0138588 -0.0213718 0.0171183 0.0185035 -0.0181477 -0.00858073 -0.000833889 -0.0627393 0.0292244 0.00755971 0.00147806 0.00562506 0.0140568 0.00678836 -0.0047086 -0.0442053 0.0152301 -0.0214596 0.0163723 -0.0413323 0.0054501 -0.0135428 0.0192562 0.00557998 -0.0216938 0.0257074 0.0180124 -0.00219908 -0.0549302 0.00360458 0.0259104 5.84543e-05 -0.00478797 0.0270952 0.0362485 -0.0229576
internal_weight=48352.4 47752.5 4181.2 3968.87 939.19 43571.3 3029.69 360.769 43547.4 11130.3 10305.9 5645.02 1240.65 4404.37 4660.83 32417 18679.7 10893.1 3228.68 7664.44 7020.04 7786.54 7465.43 901.912 6563.51 3351.98 6436.95 545.109 5891.84 3837.73 441.742 2194.36 1828.81 347.663 254.498 13737.4 7089.53 6613.42 6647.86 6555.11 2775.34 567.788 3779.78 503.718 6343.94 175.323 2207.55 929.224 1278.32 725.341 384.548 1193.11 6168.61 1141.21 357.652 6833.79 937.394 5896.39 5000.11 896.284 853.014 1852.23
internal_count=702864 702111 11285 9350 3536 690826 5814 1551 690614 253922 187299 164199 37173 127026 23100 436692 305817 200331 74624 125707 100709 105486 90375 7043 83332 17388 77660 37182 40478 48885 17541 50132 34237 5140 1927 130875 58044 37953 72831 37263 18456 4996 18807 6927 69822 5745 13460 8509 4951 4158 3649 2446 64077 19161 16867 91016 6898 84118 65829 18289 4619 42950
cat_boundaries=0 4 8 12 16 20 24 28 32 36 40 44 48 51 54 57 61 64 67 70 73 77 81 85
cat_threshold=2290091040 5120 3428243 512 843711123 12847104 805306432 14 324010240 16777216 281018432 32 135856546 1079920640 2216698496 177 2497841157 2969604289 9158695 584 1941983761 92340254 810549504 262 1128288785 25231360 809500673 260 1310523552 1079331840 2812551888 1 2424358147 139282 1476411648 806 2147517440 125964352 1049603 512 16384 67113034 20481 144 2416055826 655360 402653186 262 512 16777216 268435456 536875008 67108872 268435456 135168 59244552 1055745 67371008 1079246848 2164531712 1 134742016 81920 111149056 167837824 67584 578814080 1074266240 16384 614465600 1209008256 19456 192 545419539 24 4214792 300 545411088 30 138412032 264 809505041 8198 406847488 6
is_linear=0
shrinkage=0.05


Tree=86
num_leaves=63
num_cat=25
split_feature=1 32 43 0 44 0 48 0 0 23 0 30 0 34 0 18 0 18 43 0 44 0 18 0 0 45 0 0 43 28 18 44 28 11 0 48 44 48 0 48 0 0 30 48 44 0 0 48 0 34 28 48 0 18 43 0 44 32 0 0 48 44
split_gain=292.067 182.595 171.187 557.911 328.512 513.293 300.598 258.942 175.019 164.248 257.903 254.509 602.466 219.556 217.275 301.339 453.626 401.158 302.106 270.195 258.802 339.151 237.565 343.264 221.477 200.067 325.331 203.952 198.523 196.466 255.014 195.042 335.203 211.394 208.067 187.037 562.229 300.787 934.895 577.226 484.834 288.07 265.89 256.063 508.168 470.886 445.692 233.418 246.17 232.383 222.006 228.685 582.437 246.86 212.671 341.036 257.292 205.474 379.161 281.665 235.263 362.541
threshold=7.9000000953674325 0.15517241507768634 -0.99904707074165333 0 0.011826144531369211 1 0.38025361299514776 2 3 0.3174444735050202 4 0.17962250113487246 5 17.150000572204593 6 8.7750000953674334 7 5.0499999523162851 0.91248813271522533 8 -0.93543598055839527 9 57.062500000000007 10 11 1.0000000180025095e-35 12 13 -0.99549928307533253 0.053132651373744018 0.35416667163372045 -0.26867066323757166 0.040600210428237922 3.1250000000000004 14 -0.48252141475677485 0.22491560876369479 0.55574825406074535 15 0.35847190022468572 16 17 0.067817460745573058 -0.70946991443634022 -0.36648371815681452 18 19 -0.79893815517425526 20 0.45000000298023229 0.0058823532890528449 0.1489052549004555 21 18.854166984558109 0.12545942142605784 22 -0.46800559759140009 1.0000000180025095e-35 23 24 0.71512970328331005 -0.76140165328979481
decision_type=10 2 2 9 2 9 2 9 9 10 9 2 9 2 9 10 9 8 2 9 2 9 8 9 9 2 9 9 2 2 8 2 2 2 9 2 2 2 9 2 9 9 2 2 2 9 9 2 9 2 2 2 9 10 2 9 2 2 9 9 2 2
left_child=1 2 3 -1 5 -5 -6 -4 -8 11 -11 13 25 14 15 17 -17 18 24 -19 21 -18 35 -24 -9 26 -13 -27 -22 30 -14 -32 33 -33 -34 36 43 38 49 50 42 -38 -39 44 46 -46 -16 -47 -49 -37 -40 52 -52 -54 55 56 -53 58 -42 60 -59 -62
right_child=-2 -3 7 4 6 -7 8 9 -10 10 -12 12 29 -15 22 16 20 19 -20 -21 28 -23 23 -25 -26 27 -28 -29 -30 -31 31 32 34 -35 -36 37 41 40 39 -41 57 -43 -44 -45 45 47 -48 48 -50 -51 51 54 53 -55 -56 -57 -58 59 -60 -61 61 -63
leaf_value=-0.067223941296296219 0.039488111755859617 -0.042246415487465327 -0.052006077386097027 0.028790491833140371 0.040969956635009519 -0.077976018963499719 0.021430252164194735 -0.022707567031971639 -0.083938484177055614 -0.015282649428392473 0.020024376686392686 -0.053665667865197601 -0.0065600809258288722 -0.091963614603723542 -0.059214846463904125 -0.040259414285879459 0.03360174373840865 0.017162920709233691 -0.04793517138972643 -0.066514107722701152 -0.062457098693303584 -0.072623981293707715 0.027881654048251749 -0.089774538844517388 0.011669137876846107 -0.030698684799661285 0.027864216380709902 0.0038265022969444667 0.032389751602866799 0.0080709015179753624 -0.02139779534791179 0.053463219831271148 0.020768555584968557 -0.080925676451115938 -0.062549575277661584 -0.030950914606410349 -0.001552778802897249 0.0016557412024329901 -0.048022394755108611 -0.052970995627434327 -0.069816835169226876 -0.067482164118098237 -0.065592091837995178 0.024481459429751308 -0.073958346095817182 0.033875931909716286 -0.0010260639105590492 0.028762250802211078 -0.10028631500406256 -0.077501536568554269 -0.055990738813022772 -0.069827908015715728 -0.00032371003548486944 0.039871065138071635 0.039740614353834899 -0.076867673818538526 0.036358228562019743 0.015217768336522662 0.036998790865623382 0.013899130609888162 -0.0022280013659564456 -0.064622148171445473
leaf_weight=171.6933271214948 579.05587248224765 214.68188691376417 200.84454443721916 279.48668124875985 1541.1990716679138 175.01573016683687 74.324649331974797 494.55891395299113 70.835095973568968 622.09267541230656 2931.2687719212845 125.55211693394813 1125.0128501915606 58.536287489376264 394.70819114113692 265.20652388624148 146.44073541322723 139.13489916577237 237.67805902648252 304.3887099106505 56.142573946155608 136.8381005875417 97.52049893385265 153.68786872198689 6852.9526902892976 474.16113762970781 1400.2991190721514 3661.6661980391073 3185.6962931649759 507.70889485155931 1020.1236096986977 30.793701469898224 196.58680003538029 588.36694599071052 108.27142132702284 592.2296189146582 333.95327328026178 254.5988849895657 179.19671438861405 457.87005194622907 81.716118452255614 331.20902700640727 347.76967004421749 2771.5438329120807 109.3537815118907 1759.2813277926471 1774.8487965388631 73.772789914277382 60.234053381427657 489.84712255580234 386.35182948992588 67.345796767156571 1409.563732279581 523.99067411839496 887.88257375842659 104.79587282243301 373.0330938132247 503.87225131163723 1070.9301574434794 3194.0192117838887 589.62301015938283 384.72377325236448
leaf_count=2651 753 5672 147387 364 2290 3591 136 27212 1119 2809 6033 6167 28990 479 8765 4614 377 1271 23415 5698 408 2271 245 1759 96757 6953 11507 14879 11555 9124 10119 16 466 8916 1481 32662 14065 8671 2164 10241 1485 23768 10189 13641 3043 6603 16042 100 1143 6204 8267 695 19016 960 4679 3067 1186 4184 4784 35185 3300 11271
internal_value=0.00419413 0.00376075 0.00397115 0.0172356 0.02421 -0.0134044 0.0344913 0.00328384 -0.0342938 0.00354469 0.0138565 0.00264914 -0.00465192 0.00478117 0.0049605 0.0103198 0.0219481 0.00484294 0.00754553 -0.041377 0.0266668 -0.0190882 0.00174877 -0.0465636 0.00934023 0.00550259 0.0209866 -0.000196689 0.0307472 -0.0206827 -0.0255065 -0.0364703 -0.0531104 -0.0742419 -0.0101927 0.00237178 0.00849423 -0.00154315 -0.0101585 0.000160356 0.00579189 -0.0354193 -0.036562 0.0127008 0.00487512 0.0230376 -0.01189 0.0288781 -0.0345805 -0.0515476 0.0063475 0.00894356 -0.000757037 0.0105146 0.0246474 6.62442e-05 0.0196728 0.0102171 0.0291414 0.00557025 -0.012436 -0.0268645
internal_weight=47736.1 47157 46942.4 2312.55 2140.86 454.502 1686.36 44629.8 145.16 44429 3553.36 40875.6 9238.54 31637 31578.5 11819 3790.32 8028.71 7585.19 443.524 3525.12 283.279 19759.5 251.208 7347.51 5661.68 1525.85 4135.83 3241.84 3576.86 3069.16 1944.14 924.019 619.161 304.858 19508.3 7608.91 11899.4 5472.11 4390.03 6427.25 665.162 602.369 6943.74 4172.2 2002.64 2169.56 1893.29 134.007 1082.08 3932.16 3752.96 2319.91 1933.55 1433.06 545.175 440.379 5824.88 1152.65 4672.24 1478.22 974.347
internal_count=702864 702111 696439 10151 7500 3955 3545 686288 1255 538901 8842 530059 98618 431441 430962 173578 19225 154353 147384 6969 14611 2648 257384 2004 123969 39506 17674 21832 11963 59112 49988 20998 10879 8932 1947 255380 87170 168210 89141 50275 79069 37833 18860 49337 35696 10889 24807 7846 1243 38866 40034 37870 28243 19976 9627 4948 1881 60209 6269 53940 18755 14571
cat_boundaries=0 4 7 11 14 18 22 26 29 33 36 40 43 46 50 54 58 62 66 70 74 78 82 86 90 93
cat_threshold=2357380130 1327112 71334145 441 129 0 2684354624 2099204 4026565537 2181791788 64 65537 196608 64 159465473 110451778 1093673987 768 76267635 77860946 805311312 271 789856802 39013388 81816577 264 83886594 4210688 8193 1048576 65536 2099201 8 33554464 0 16384 1152 16 2 48 134234112 33557504 2098176 229427 0 4688 67125248 67371026 256 265 128 16785412 1155792896 32 2156529025 67121234 1073742338 564 2147516416 25432128 151257216 514 2147492928 228593728 285213394 656 34192 0 1075056914 544 8945936 262160 1494482960 7 0 16777216 0 4 268468224 8388608 402653440 3 272629776 25165824 537133136 2 200849 524288 0 5 1346905096 134217730 805306450
is_linear=0
shrinkage=0.05


Tree=87
num_leaves=63
num_cat=22
split_feature=1 35 0 28 0 34 43 0 43 43 0 18 0 7 43 0 48 48 0 0 43 0 43 48 35 48 43 0 42 7 0 0 43 35 28 0 7 28 34 0 43 45 0 0 48 28 0 48 0 0 48 18 0 43 0 48 43 17 48 0 23 28
split_gain=275.176 174.967 435.349 278.426 513.107 183.223 164.553 420.774 158.875 183.84 995.005 606.421 563.146 371.94 365.664 349.931 401.903 452.913 524.03 402.394 350.727 367.495 370.788 340.762 345.581 314.4 449.189 846.756 323.819 316.5 297.284 288.597 285.47 281.199 275.784 657.974 317.558 251.822 242.913 241.219 239.411 311.976 460.402 322.725 232.337 229.552 420.446 346.478 228.719 224.579 222.293 197.61 717.419 196.015 190.766 206.079 190.059 184.497 267.606 240.413 220.217 202.788
threshold=7.9000000953674325 12.650000095367433 0 0.036731028929352767 1 11.650000095367433 0.14250627160072329 2 0.9937499761581422 0.40614137053489691 3 3.1833333969116215 4 16.250000000000004 0.55656746029853832 5 -0.48252141475677485 -0.2590999156236648 6 7 0.19337368011474612 8 1.0000000180025095e-35 0.9374808967113496 4.5499999523162851 -0.55407407879829396 -0.75579217076301564 9 -0.84874749183654774 12.250000000000002 10 11 -0.99940761923789967 2.2500000000000004 0.025490196421742443 12 5.6499998569488534 0.049337463453412063 0.15000000223517421 13 0.57077592611312877 1.0000000180025095e-35 14 15 -0.99883171916007985 0.0098039219155907648 16 0.59525176882743847 17 18 -0.036979619413614266 6.8541667461395273 19 0.67802080512046825 20 0.89423519372940075 -0.99815973639488209 1.0000000180025095e-35 0.93334078788757335 21 0.4194676280021668 0.040600210428237922
decision_type=10 2 9 2 9 2 2 9 2 2 9 10 9 2 2 9 2 2 9 9 2 9 2 2 2 2 2 9 2 2 9 9 2 2 2 9 2 2 2 9 2 2 9 9 2 2 9 2 9 9 2 10 9 2 9 2 2 8 2 9 10 2
left_child=1 5 -3 4 -4 8 -5 -8 9 15 44 12 14 31 -12 57 19 18 -18 -17 21 34 23 24 30 26 29 -28 -27 32 -23 -13 -21 -14 36 -36 45 38 56 -22 -16 43 -43 -42 -11 46 -19 50 -24 -47 -48 52 -51 -35 -26 -56 -34 61 59 60 -59 -1
right_child=-2 2 3 6 -6 -7 7 -9 -10 10 11 13 33 -15 40 16 17 20 -20 25 39 22 48 -25 54 28 27 -29 -30 -31 -32 -33 37 53 35 -37 -38 -39 -40 -41 41 42 -44 -45 -46 49 47 -49 -50 51 -52 -53 -54 -55 55 -57 -58 58 -60 -61 -62 -63
leaf_value=0.004257705694985155 0.038885819444489281 -0.049342657440525524 0.016163749490275648 0.029745198063581758 -0.067580780925253436 -0.13577690458198885 0.027077795192748163 -0.091152291331217383 -0.057479042180228881 0.036170703713763012 -0.053901138434964552 0.0073466940587369016 -0.047661734120224085 -0.10185037628931126 0.050104966137436362 -0.049247976588565591 0.01784138124230978 -0.071514997291512186 -0.07037541563349585 -0.094009985041435401 0.029944348615744215 -0.062865460684899024 0.030459613632297013 -0.073383034189696966 0.0085915282597050866 -0.095587415654551547 0.014880011037215811 -0.06213098769813883 0.036940307353575598 -0.06569341011490662 -0.013434781566822257 0.036586087666794685 0.040377774056898158 -0.066426365403941715 -0.059646925405108658 0.0035959438239111202 -0.087179424386305507 -0.077713057355950022 0.01988173886596567 -0.070632964973734613 -0.041476164639561587 0.01676887964615632 -0.069844760964200739 0.023185497272187276 -0.044567598442762285 -0.058612297887331903 0.0055761405074287625 0.023344499614260959 -0.049779470919755382 0.027167571474109916 -0.087731083155424272 0.039837795104419912 -0.083760124696864668 0.0095674768554369106 -0.071569372077342638 0.029283090116989471 -0.034069350490689258 -0.059555483670995737 -0.048941134919705087 0.0064298720065318676 0.0097775931399082597 0.019100727304927151
leaf_weight=5046.7565164362313 559.13197111804038 249.44874749431619 676.84718075627461 2551.1376193431788 239.50226015338558 23.889629623154178 255.96804380451795 95.070103911974002 109.27779654558981 98.035471517039696 200.67130298103439 1170.0696743310546 702.60912953619845 55.101900971494615 438.03201292996528 314.60057322229841 235.68681896443013 184.46248547214782 581.08442478530924 61.738847949236515 70.991665523732081 602.9538970272115 515.60240242577856 329.12605454170262 1026.361980214715 48.075244283041684 754.91601634037215 664.64990097421105 1117.5474976920814 132.20664187928196 641.43232114386046 3206.3015865779889 110.5429910927196 100.23175566570717 524.597039190121 1784.1084619284957 80.601250263978727 73.251792017195839 3950.5691024902335 318.27368014107924 201.34952079411596 346.16306867665844 263.25153197272448 2435.0102267324983 978.08816143928561 74.086456669028848 122.78514232119778 861.65512996562757 98.177808534062933 937.51685753575293 132.94427348315367 1161.5301074983436 162.49168141683913 553.07057999903918 170.12234693876235 72.128099871391896 381.93208770474303 285.85985659825383 279.02800719585503 3406.1752728301799 191.08367719140369 4229.6651200877677
leaf_count=57020 753 2047 922 4214 2568 212 348 1186 24177 1083 8013 4763 79149 333 904 15111 1384 6363 21449 1393 275 21683 1974 17577 2128 1142 23706 29401 6055 641 44324 16021 436 1734 9135 19057 499 2073 12408 18166 7594 2977 7887 24902 70707 3199 1118 5100 10164 3152 3358 2057 3258 3678 4449 462 13120 9016 3429 13351 700 47359
internal_value=0.00401738 0.00359978 0.0135072 0.0176959 -0.0062853 0.0026541 0.0253288 -0.00676722 0.00273174 0.00288661 0.00853848 0.0136148 0.00211571 0.0272436 0.0117965 0.000972585 -0.00352637 -0.00978075 -0.0455628 0.00525362 -0.00682026 -0.0049108 -0.0178806 -0.0255433 -0.0192778 0.0076609 0.00314512 -0.0215099 0.0314743 0.0105756 -0.037999 0.028869 0.0127781 -0.0255171 0.00255186 -0.0110172 0.0109843 0.014238 0.0157539 -0.0533356 0.0154073 0.0107247 -0.0215169 0.0181776 -0.0368697 0.0131595 -0.0036646 0.00810392 0.0173101 0.0225371 -0.0429308 0.0253426 0.010267 -0.00209174 -0.000913977 -0.0398945 -0.0173586 0.00709598 -0.00164496 0.00175359 -0.0311251 0.0110255
internal_weight=47245.6 46686.4 4067.97 3818.53 916.349 42618.5 2902.18 351.038 42594.6 42485.3 10748 9671.86 5240.39 4431.47 3884.48 31737.3 18298.8 10688.7 816.771 7610.03 9871.95 9482.68 3455.9 2842.12 2513 7295.43 6129.81 1419.57 1165.62 4710.24 1244.39 4376.37 4578.03 1355.91 6026.78 2308.71 3718.07 4516.3 4443.04 389.265 3683.81 3245.77 609.415 2636.36 1076.12 3637.47 1301.85 1117.38 613.78 2335.63 255.729 2261.54 1100.01 653.302 1268.61 242.25 492.475 13438.6 4162.15 3883.12 476.944 9276.42
internal_count=702864 702111 11285 9238 3490 690826 5748 1534 690614 666437 229745 157955 136838 21117 52277 436692 305817 200331 22833 105486 177498 159057 102761 90623 73046 90375 83178 53107 7197 30071 66007 20784 29430 84561 56296 28192 28104 28037 25964 18441 44264 43360 10864 32496 71790 27605 15939 9576 12138 11666 4476 8467 6410 5412 7039 4911 13556 130875 26496 23067 9716 104379
cat_boundaries=0 4 8 12 16 20 24 26 30 34 38 42 46 50 51 55 59 62 65 69 72 76 80
cat_threshold=2290091040 5120 3432339 512 575275665 12584960 805306432 6 324010240 16777216 281018432 32 188285346 1348356096 2216698528 177 817918481 226557978 273694977 262 1310523552 1079331840 2812551888 1 16781328 524288 16384 67113034 20481 144 541217043 35651594 1346395137 150 18885189 3105915809 753708 68 2441119232 92930048 258 512 1077957137 25231360 809500673 260 536875010 2 268452864 4 512 268435456 16777216 1048833 6 16 0 16385 262 20483 33554432 1077955584 16777728 25690128 256 16400 33554432 1073741825 144 541069571 2 268435456 293601280 25174036 1048832 40 202375200 1079263232 2197823488 1
is_linear=0
shrinkage=0.05


Tree=88
num_leaves=63
num_cat=0
split_feature=1 35 35 43 43 41 43 24 34 43 43 18 44 43 42 43 48 43 37 11 42 48 38 44 7 18 44 38 43 43 44 26 48 48 48 48 32 42 44 18 46 48 44 44 48 48 43 44 42 48 32 32 44 44 43 38 18 18 38 39 35 43
split_gain=260.109 166.328 211.539 253.394 204.526 360.427 225.807 169.826 165.956 153.679 169.08 616.73 819.392 368.975 370.432 340.53 325.563 276.061 357.622 270.236 266.968 296.614 309.519 268.735 266.546 234.597 415.657 461.177 291.245 355.608 349.063 385.105 315.163 311.949 289.625 502.069 747.079 393.897 391.492 330.659 312.018 283.851 274.28 512.833 340.487 529.273 426.46 408.013 331.502 324.253 307.411 284.737 485.488 381.271 301.041 271.157 268.493 308.18 264.517 261.224 258.07 252.83
threshold=9.0500001907348651 28.94999980926514 12.650000095367433 0.71503382921218883 -0.69674959778785694 0.52778512239456188 -0.82897400856018055 0.0048999981954693803 11.650000095367433 0.9937499761581422 0.40614137053489691 3.1833333969116215 -0.52034142613410939 0.70900115370750438 0.47114434838294988 0.78857997059822094 -0.99628207087516774 0.15951094031333926 6.7225000858306894 149.45833587646487 0.41248606145381933 -0.73532554507255543 7.5000000000000009 -0.33426210284233088 3.5499999523162846 1.2749999761581423 0.49626980721950537 6.5000000000000009 -0.99815973639488209 1.0000000180025095e-35 -0.9852197766304015 -0.062349388375878327 0.78807106614112865 -0.99521785974502552 -0.12568955123424527 -0.22375029325485227 0.086206898093223586 0.16280825436115268 0.20812153071165088 71.916667938232436 0.50864905118942272 0.71512970328331005 -0.89404255151748646 -0.77243989706039418 -0.61591956019401539 -0.24726612120866773 -0.99166062474250782 0.22491560876369479 0.47114434838294988 -0.72717297077178944 1.0000000180025095e-35 1.0000000180025095e-35 -0.12545862048864362 -0.091258823871612535 -0.84772008657455433 28.500000000000004 12.550000190734865 44.562500000000007 13.500000000000002 0.13900000229477885 9.5500001907348651 -0.99549928307533253
decision_type=10 2 2 2 2 2 2 10 2 2 2 10 2 2 2 2 2 2 2 2 2 2 2 2 2 8 2 2 2 2 2 10 2 2 2 2 2 2 2 8 2 2 2 2 2 2 2 2 2 2 2 2 2 2 2 2 10 10 2 2 2 2
left_child=1 2 8 4 5 6 7 -4 9 10 17 12 16 19 15 -15 -12 25 -19 -13 21 22 -14 -22 -18 28 34 -28 32 30 33 -32 -1 -30 35 38 -37 40 39 -27 56 -29 49 -44 46 61 -45 -48 51 -33 -51 54 60 -54 -47 -39 -36 -58 -49 -55 -53 -46
right_child=-2 -3 3 -5 -6 -7 -8 -9 -10 -11 11 13 20 14 -16 -17 24 18 -20 -21 23 -23 -24 -25 -26 26 27 41 29 -31 31 42 -34 -35 37 36 -38 55 -40 -41 -42 -43 43 44 45 48 47 58 -50 50 -52 52 53 59 -56 -57 57 -59 -60 -61 -62 -63
leaf_value=0.032694836181209073 0.040140319113850888 -0.074296555522798999 0.021322240145318444 -0.065424346972281944 0.028503699698345254 -0.094051533611439975 -0.073327509212974998 -0.0170621291794841 -0.12939915685896705 -0.057796336247094321 0.040658086252809728 -0.064327204129031215 0.0076194537893572462 -0.072186586568751307 -0.072413520323637778 0.017149727691296388 -0.051132179014883088 -0.032556023293612811 0.01877221679419766 0.033002808472932021 0.0090574329349118674 0.017984899715685451 -0.072807603188771192 -0.057472765606481901 0.035177053711627736 0.0005323498401113725 -0.073787546575876134 0.041464791917465542 0.050121529212545306 0.02416364206327427 -0.055560197337834176 -0.072437448093948226 -0.080592935165140364 -0.074265552912009133 -0.057377604248428686 -0.075640607346384739 0.050580466623336429 -0.0066018868059689196 -0.079746713347816675 -0.074499483335733169 -0.0065198554359513598 -0.066849829553185011 -0.059144087872120527 -0.067627942693021303 0.015648737741569642 -0.086892221094302002 0.028620050961701549 -0.065698018206550565 0.019409644554781742 -0.077443703974335629 0.030533070257235524 -0.071411389277745665 0.040804142382757536 -0.080268455826657883 0.035070030114120333 0.030679436502103852 -0.010548008233882626 -0.088855726928486811 0.0079941496137399121 -0.0083739870896591337 0.006220188939190999 -0.072089269793000829
leaf_weight=1413.2199887869356 488.72338787931949 68.653460659523262 1438.5190130409028 96.316829233255703 1873.7050819506112 87.045520989398938 77.882398191955872 360.34360014082631 23.815350640710676 104.96832958853338 123.83591805188917 72.92877806694014 313.49789411266102 116.86568433896173 154.48268436221406 1222.5727663506696 1141.5466801221482 1246.4529192794289 466.30762553075328 3225.8803023826622 313.9651430566737 3329.3646862022579 193.43726665305439 293.83806756749982 97.05933154351078 6670.1745873297477 106.12927270244109 1056.596048251522 62.407554112869548 1908.4775950949406 279.45533973057172 87.431937559274957 64.179572633263888 262.07871026478824 874.54958509281278 134.63137845532037 907.0537099185749 2384.693875129451 162.07476265684818 150.13999933807645 1517.0959939367312 64.159061000682414 350.3334911443817 146.05880741451983 103.26871225325158 56.441019411169691 2389.7312873238698 198.57785649804282 1457.7016549410764 68.638101610325975 1662.8532068997738 500.68970301534864 376.41436514552333 142.76548791403184 488.54576232473482 613.1282036138582 988.80354652451933 143.93063740583602 314.8411946973647 1098.5588191427523 136.16754710616078 400.73773478469229
leaf_count=3657 657 589 3089 1055 3693 898 613 1353 212 24180 1338 436 6126 2686 5837 8487 49248 49941 6557 12669 6230 73095 15415 47909 293 44909 2780 7456 382 27339 10808 3988 2120 8851 13715 2448 1194 26471 4064 1449 11326 2635 13095 1447 268 1696 11753 22134 33096 1715 11203 9821 664 5446 4863 3408 7611 1716 12732 39936 392 21670
internal_value=0.00385504 0.00347108 0.00358685 0.014676 0.0166864 0.00541123 0.0100244 0.0136332 0.00255274 0.00262728 0.00277809 0.00823967 -0.00271784 0.021515 0.000899659 0.00935516 -0.0366405 0.000937753 -0.0185817 0.0308511 0.00768193 0.0125598 -0.0230701 -0.0231061 -0.0443688 0.00206179 -0.00211721 0.0258309 0.00678035 0.00429757 0.000715272 0.00233017 0.0277735 -0.0503425 -0.00447445 0.00188635 0.0342672 -0.0123 -0.00294447 -0.00111937 -0.0236325 0.0352642 0.00395123 3.78875e-05 0.00269245 -0.0056619 0.0157376 0.0199318 7.39728e-05 0.0215089 0.0262528 -0.00999383 -0.0178336 -0.00327594 0.0224391 0.00102306 -0.0365661 -0.0204982 -0.0205082 -0.0166426 -0.0548128 -0.0541121
internal_weight=46674.7 46186 46117.4 3933.81 3837.5 1963.79 1876.75 1798.86 42183.6 42159.7 42054.8 10599.3 5806.54 4792.73 1493.92 1339.44 1362.44 31455.5 1712.76 3298.81 4444.1 3836.3 506.935 607.803 1238.61 29742.7 15773.2 1226.88 13969.6 12492.2 10583.7 10259.2 1477.4 324.486 14546.3 8024.07 1041.69 6522.2 6982.39 6820.31 3524.38 1120.76 9979.76 8160.83 7810.5 4761.29 3049.21 2903.15 4257.28 1818.92 1731.49 2799.58 2254.6 1617.74 544.987 2997.82 2007.28 1132.73 513.419 1241.32 636.857 504.006
internal_count=702864 702207 701618 10701 9646 5953 5055 4442 690917 690705 666525 229769 199654 30115 17010 11173 50879 436756 56498 13105 148775 94636 21541 54139 49541 380258 131182 12871 249076 243299 215960 206727 5777 9233 118311 54064 3642 64247 50422 46358 34368 10091 195919 179013 165918 117852 48066 46619 95914 16906 12918 62818 56259 46046 6559 29879 23042 9327 34866 45382 10213 21938
is_linear=0
shrinkage=0.05


Tree=89
num_leaves=63
num_cat=22
split_feature=1 32 35 0 28 0 43 0 34 43 43 0 0 0 48 0 0 43 30 48 48 0 43 48 29 29 43 0 32 0 48 43 0 42 28 0 34 0 35 7 28 0 48 0 43 0 28 7 0 43 11 29 43 0 41 48 0 28 0 48 43 0
split_gain=245.041 163.058 153.994 398.77 250.193 478.759 154.472 387.201 149.213 146.175 144.149 919.271 425.52 305.625 330.616 359.562 352.642 486.817 309.885 286.199 284.482 500.955 279.45 263.583 242.553 240.59 237.367 316.362 315.298 247.078 235.108 477.374 832.897 273.41 238.469 228.057 216.572 269.761 199.368 189.972 177.652 480.836 347.735 311.209 242.442 510.222 291.387 208.176 195.633 467.132 176.263 170.243 200.582 184.608 168.568 168.425 405.53 270.597 461.22 212.423 366.905 299.847
threshold=9.0500001907348651 0.15517241507768634 12.650000095367433 0 0.036731028929352767 1 0.14250627160072329 2 11.650000095367433 0.9937499761581422 0.40614137053489691 3 4 5 -0.48252141475677485 6 7 0.15951094031333926 0.073454909026622786 -0.99731963872909535 0.268782988190651 8 -0.99940761923789967 -0.27094782888889307 9.4583687782287615 1.989272475242615 -0.99166062474250782 9 0.05172413773834706 10 -0.55407407879829396 -0.75579217076301564 11 -0.84874749183654774 0.049337463453412063 12 0.25000000745058065 13 9.5500001907348651 16.250000000000004 0.040600210428237922 14 -0.87378761172294606 15 -0.98046803474426258 16 0.04256099462509156 12.949999809265138 17 -0.50556187331676472 24.458333015441898 5.0998213291168222 -0.99697706103324879 18 0.58216583728790294 -0.73532554507255543 19 0.056927841156721122 20 -0.56416276097297657 0.92273071408271801 21
decision_type=10 2 2 9 2 9 2 9 2 2 2 9 9 9 2 9 9 2 2 2 2 9 2 2 2 2 2 9 2 9 2 2 9 2 2 9 2 9 2 2 2 9 2 9 2 9 2 2 9 2 2 2 2 9 2 2 9 2 9 2 2 9
left_child=1 2 8 -4 5 -5 -6 -8 9 10 13 -12 -13 40 15 -15 17 20 35 -17 21 25 -21 -20 -23 -16 27 -25 29 38 31 34 -33 -32 36 -18 37 -24 -28 55 41 42 -1 47 51 -46 -47 -42 -48 -50 -38 -45 53 -53 -39 56 -14 58 -58 61 -61 -57
right_child=-2 -3 3 4 6 -7 7 -9 -10 -11 11 12 39 14 16 19 18 -19 23 22 -22 24 30 26 -26 -27 28 -29 -30 -31 33 32 -34 -35 -36 -37 50 54 -40 -41 43 -43 -44 44 45 46 48 -49 49 -51 -52 52 -54 -55 -56 59 57 -59 -60 60 -62 -63
leaf_value=0.0079990207823078512 0.039566661372647666 -0.04062783152597222 -0.047633974820187615 0.015028205661940342 0.028989508457856628 -0.068259081654398659 0.026078860653248454 -0.088976385394749169 -0.12400130490354398 -0.057623484750628062 -0.044878012582001997 0.024490628271398304 -0.077090962350351261 -0.047374366697007397 -0.075206734787765073 -0.054054817364203936 0.022569377422630228 -0.071346376694897837 -0.079594155762446925 -0.095348250718538502 0.0073061050122192051 -0.055387769188396711 -0.052672456075579667 0.018057497279494024 0.015709474663582756 0.018618476817681102 -0.058672747952818877 -0.06773230022019007 -0.056350838258494122 -0.0010341820890444767 -0.093635641199995068 0.014671085786773001 -0.063359388367416933 0.035548192019807363 -0.078042128139201999 -0.035516142757644024 -0.057817347479778708 0.026102460262159701 0.016365718234604063 -0.10028628508525367 -0.042808936607854689 0.0059542032580766173 -0.068548815858209183 0.040002843587929569 -0.054966758000499355 -0.07606872738707611 0.040731092933938846 0.04417292994942798 -0.039421523606678409 0.021549430605977679 0.02128621798024322 0.0034487323772201201 0.024855538838569318 -0.09888143817741285 -0.05897383558560592 0.039203586121076626 0.021342498214607878 0.030886911877195403 -0.077078174264057095 0.0076270942330317233 -0.05067890009524495 -0.062466968941400872
leaf_weight=236.54839236245607 471.45895746070892 209.95456725571421 245.16363674384775 690.56338689359836 2440.9744169650075 219.08363083426957 247.7216712073423 92.227231549390126 23.245601952003199 100.14094797032885 754.74652202776633 4027.9106290412892 194.75783914048225 304.21889890462626 74.720179410127457 185.35115834500175 608.29354900895851 241.25866425529239 225.20250530540943 63.726902143200277 4759.5615529430215 719.95460664384882 237.04435616725823 568.71088585292455 143.94610898321844 798.28104338521371 450.5563446614251 121.98578232876025 808.35755412525032 904.79151925494079 42.557287074829219 768.92789020563941 603.76744602993131 1089.8993750636873 69.791950955230277 223.05176501077949 71.789214288874064 370.96131291321944 110.15942204254679 43.967178457533009 365.9327798821032 6286.4875992881425 397.96008362367866 1423.7482778634876 282.86734344231081 85.908272650354775 666.68404450581875 84.71231745602563 391.87517589874915 1583.8218063752865 3698.2774664018361 127.6051636976772 630.91772829677211 59.285207911045291 69.063271574967075 794.92085199349094 251.60667542484589 407.87449869487318 212.59901412305771 3407.383406142646 293.01840517218807 71.830275681131752
leaf_count=3603 657 5672 2039 965 4151 2527 349 1186 209 24180 60221 57017 6065 14864 2886 6128 7661 9709 8631 1220 43983 16634 4367 1864 1237 4540 12034 4802 35984 18931 1093 21863 26782 5994 1890 29094 234 5965 280 244 17051 49680 17946 1747 10413 1321 8453 85 5773 10749 10219 432 1245 501 3297 1841 1433 3843 15210 57422 20069 6379
internal_value=0.00370433 0.00333427 0.00353722 0.0129899 0.0170998 -0.00561627 0.0245918 -0.00698553 0.00264168 0.00271258 0.00285846 0.00793288 0.0120734 0.00114386 -0.0029785 0.00502156 -0.00861417 -0.00160219 -0.0203089 0.00726891 0.00098543 -0.0163349 0.00888328 -0.0274455 -0.0430431 0.0104681 -0.023484 0.00218673 -0.0312816 -0.0174538 0.00982921 0.00581742 -0.0200046 0.0306935 0.0136647 0.00682917 0.015104 -0.0109329 -0.0431608 0.00323705 0.00712743 0.00174874 -0.0393905 0.0136669 0.0170769 0.00784128 0.0145015 -0.0258837 0.017501 0.00940835 0.0197799 0.0295595 0.0113784 -0.0341187 0.0124662 0.00405068 -0.0138364 0.00116066 -0.0249333 0.00822891 0.0030101 0.0305094
internal_weight=46159.7 45688.3 45478.3 3935.73 3690.57 909.647 2780.92 339.949 41542.6 41519.3 41419.2 10460.6 9705.87 30958.6 18334.2 7575.38 10758.8 6737.72 4021.11 7271.16 6496.46 1736.9 7085.81 3189.76 863.901 873.001 2964.56 690.697 2273.86 1465.51 7022.08 5889.62 1372.7 1132.46 4516.93 831.345 4447.14 677.069 560.716 5677.96 12624.4 6921 634.508 5703.36 5252.71 3011.16 2728.29 450.645 2642.38 1975.7 3770.07 2241.56 817.808 186.89 440.025 5633.99 1066.84 872.08 464.206 4567.15 3700.4 866.751
internal_count=702864 702207 696535 11217 9178 3492 5686 1535 685318 685109 660929 229744 169523 431185 302186 103916 198270 78989 119281 89052 69280 25297 82924 82526 17871 7426 73895 6666 67229 31245 81704 74617 48645 7087 25972 36755 24082 13629 12314 112506 128999 71229 21549 57770 40634 36709 26296 17136 24975 16522 10453 3925 2178 933 9262 112262 26551 20486 16643 85711 77491 8220
cat_boundaries=0 4 8 12 16 20 24 28 32 35 39 43 47 51 55 59 63 66 69 72 76 79 83
cat_threshold=2290091040 5120 3432339 512 575275665 12584960 805306432 14 324010240 16777216 281018432 32 135856546 1079920640 2216698496 177 813859840 100675678 135289091 520 236781728 1079855104 2812551888 257 16384 67113034 20481 144 1610772827 136315434 1346395145 150 1073876992 8 7169 297795584 41943060 135266304 8 2172683264 125961296 135266306 512 19016197 3103818657 753708 68 20971520 58729472 256 32 1908413952 33693700 272633088 2 1048608 1075576832 67108880 256 100663296 18432 2147492480 1 786432 1114112 52690944 135266336 4194304 67108864 1572864 1077936128 61079632 67112977 65536 262224 262 1073758208 0 268435456 4609 25165824 545259584 6
is_linear=0
shrinkage=0.05


Tree=90
num_leaves=63
num_cat=0
split_feature=5 41 43 48 28 44 48 43 42 38 48 43 42 44 43 48 48 37 18 44 48 48 26 18 38 11 27 28 42 26 10 11 43 48 7 48 48 32 45 48 44 38 43 48 44 30 44 44 38 48 10 18 43 18 43 10 32 44 39 42 43 42
split_gain=223.705 171.278 418.278 241.578 225.974 274.824 281.567 215.592 549.55 301.234 299.009 617.52 469.48 393.234 502.413 377.761 355.073 270.151 244.688 378.464 266.141 243.273 321.2 242.637 240.512 285.25 239.881 293.867 256.848 229.476 226.461 431.753 422.426 244.098 423.378 238.075 404.38 620.929 697.484 633.379 413.981 310.723 304.556 245.159 320.874 237.538 223.081 220.121 215.145 212.292 210.887 208.971 206.3 336.812 228.227 205.52 203.771 553.354 271.156 193.672 192.549 262.735
threshold=1.4499999880790713 -0.68322628736495961 0.79904097318649303 0.99629274010658275 0.0058823532890528449 -0.86112883687019337 0.64325019717216503 -0.99372696876525868 -0.16280825436115262 2.5000000000000004 0.83896556496620189 -0.5276680290699004 0.72947329282760631 -0.65233206748962391 -0.39826117455959315 0.45945061743259435 -0.99817660450935353 1.9674999713897707 11.050000190734865 -0.54940786957740773 -0.95678764581680287 0.88225984573364269 -0.0099201593548059446 12.775000095367433 8.5000000000000018 90.791667938232436 0.14801238477230075 0.061906902119517333 0.09796465560793878 0.0021443899022415285 43.541666030883796 167.95833587646487 -0.9550008475780486 0.71512970328331005 0.75000000000000011 0.55574825406074535 -0.5444730520248412 0.05172413773834706 1.0000000180025095e-35 -0.062120333313941949 0.61067742109298717 18.500000000000004 0.91248813271522533 -0.71824327111244191 -0.42958799004554743 0.1130199432373047 -0.26867066323757166 0.12332734838128091 4.5000000000000009 0.4246301949024201 31.375000000000004 25.274999618530277 0.67802080512046825 0.38750000298023229 0.57077592611312877 18.375000000000004 0.086206898093223586 -0.02257579285651445 0.95649999380111705 0.68322628736495983 -0.32614396512508387 0.72947329282760631
decision_type=10 2 2 2 2 2 2 2 2 2 2 2 2 2 2 2 2 2 8 2 2 2 10 10 2 2 2 2 2 10 2 2 2 2 2 2 2 2 2 2 2 2 2 2 2 2 2 2 2 2 2 10 2 10 2 2 2 2 2 2 2 2
left_child=1 2 3 4 5 -1 -7 8 56 -10 13 12 50 14 55 26 -15 23 30 -20 -21 59 -23 -11 48 -26 27 28 -16 -14 -18 32 -32 35 -35 36 43 39 40 -38 -39 -37 49 44 -33 -34 -46 -48 -22 -41 -12 -30 54 -54 -6 -9 57 58 -3 -13 -24 -62
right_child=-2 7 -4 -5 52 6 -8 10 9 17 11 21 29 16 15 -17 18 -19 19 20 24 22 60 -25 25 -27 -28 -29 51 -31 31 33 45 34 -36 41 37 38 -40 42 -42 -43 -44 -45 46 -47 47 -49 -50 -51 -52 -53 53 -55 -56 -57 -58 -59 -60 -61 61 -63
leaf_value=-0.074950872072927319 0.030888597519911243 -0.09284683757637327 -0.041635203422928542 -0.070691023219042706 0.010354648447305007 0.0095461880374779016 -0.078309436191372275 0.016380298276319004 0.034822117658728689 -0.078499392886737518 0.018951927763162162 0.037280516307799494 -0.059066933324093587 -0.081091576055798101 -0.0082762586388601244 -0.050103482806733601 0.025585381118313707 -0.07855129697389826 0.023518701054420808 -0.082781931516419077 -0.073013348496231589 -0.013934851806306939 0.036670728201717677 0.022238807458179577 0.0097582959642872995 -0.055723721519311445 0.017139281803986609 0.025081445286146278 -0.061246026096266948 0.024522126918196233 -0.11582341772869363 -0.044732831481934625 -0.078235248044330005 -0.054821125801289554 0.065120815401635584 0.029266056844110849 -0.049243078328170813 0.020338048148549167 -0.08462245129701812 0.027485858944258857 -0.061882534446589303 -0.084902447113003016 -0.071517436583971125 0.0292235950901794 0.029627230471866262 0.018803754203285721 -0.071795585523119362 0.0033745884148544294 0.0014865854094580722 -0.029719195949763924 -0.060853927670516089 0.00453227108412962 -0.06286361573880718 0.042779334714637011 -0.053438410607756108 -0.055271803749228667 0.034670466018858932 0.020324418835133813 0.029113863978499174 -0.069157112823630448 0.01806304753813729 -0.03515241010651312
leaf_weight=154.24960197199835 732.56654939986765 177.26068448094884 418.7861590894172 94.229292147036176 11567.598644586658 691.73717506497633 105.04670335049741 113.07846198225161 151.63672034532647 87.112398387253052 96.023153693240602 1408.0595126433182 98.416224986111047 130.96070898821927 2325.177708830859 480.7424281607091 1201.5427206182503 287.14464027259964 642.73065593023784 155.77644877778948 103.98065666051116 1019.7898001705471 978.75493222472141 190.46210965017963 232.10582779662218 586.7022388697369 1075.1518516167998 511.93745781370671 467.57484411733458 495.45330503737205 144.71698420675239 297.42612767298124 91.647766577487346 366.62610244008829 92.045958352537127 1466.8683974734158 433.19220962209511 466.43752086663153 488.62653995791334 1680.9963594426808 227.8937179200293 62.120403470675228 91.402825101424241 1581.345053415338 898.63238552975236 202.19959557778202 106.74497743032407 1111.1302967448282 1424.6975488126336 179.50125564093469 600.17257675289875 162.77716598525876 82.547220530250343 877.25580881067435 141.92428967880551 870.43875745017431 1438.4188687581627 1544.0929907785903 61.346529135014862 44.076033529679989 1273.1351804344158 283.61362417708733
leaf_count=3774 1270 2469 36928 3781 114270 5909 2718 343 243 1877 265 6721 4666 6866 31258 16310 3248 6701 3136 2612 1514 22176 3757 866 563 11344 7207 8009 20606 4005 1231 6622 1286 20736 201 17756 23049 14367 15127 16900 34060 3673 8544 22629 4831 647 7555 50616 7327 5380 17474 1224 6950 2886 6824 29663 2654 4576 70 3316 20410 8708
internal_value=0.00348131 0.00303358 0.00758857 0.00909166 0.00964362 -0.0138626 -0.00203656 0.000937269 0.0118613 -0.0277486 -0.000669347 0.00885851 -0.0219885 -0.00359984 -0.0143537 -0.00795534 0.000864975 -0.0445499 0.0016136 -0.0107062 -0.0194937 0.0168056 0.00976235 -0.00937629 -0.0152939 -0.0371617 -0.00349483 -0.00989281 -0.0159508 0.0106697 0.00507689 0.00261013 -0.0458988 0.00483757 -0.0307513 0.00663289 0.00299512 -0.00923883 -0.038856 0.00545068 -0.00664843 0.0246276 0.0175891 0.0139208 0.00389616 -0.0114616 0.0107298 -0.00321397 -0.0035809 0.0219667 -0.0498467 -0.04426 0.0114081 0.0336936 0.00958145 -0.0470337 0.0206703 0.00937383 -0.0614904 0.0340499 0.0192935 0.00836808
internal_weight=45575.8 44843.3 14133.4 13714.6 13620.4 951.033 796.784 30709.9 3937.47 716.356 26772.4 6297.49 1290.07 20474.9 6006.88 5023.36 14468.1 564.719 14337.1 3145.99 2503.26 5007.43 3555.29 277.575 2347.49 818.808 4542.62 3467.47 2955.53 593.87 11191.1 9989.55 438.564 9550.99 458.672 9092.32 7563.33 3568.05 1182.96 2385.09 694.331 1528.99 1951.9 3995.28 2413.93 293.847 2116.51 1217.88 1528.68 1860.5 696.196 630.352 12669.3 959.803 11709.5 983.517 3221.12 1782.7 238.607 1452.14 2535.5 1556.75
internal_count=702704 701434 184040 147112 143331 12401 8627 517394 19456 9687 497938 91498 26410 406440 114620 84614 291820 9444 284954 26496 23360 65088 55051 2743 20748 11907 68304 61097 53088 8671 258458 255210 3164 252046 20937 231109 209680 117427 63554 53873 48427 21429 30824 92253 69624 1933 63002 58171 8841 22280 17739 21830 130930 9836 121094 30006 9769 7115 2539 10037 32875 29118
is_linear=0
shrinkage=0.05


Tree=91
num_leaves=63
num_cat=15
split_feature=4 41 0 48 48 0 7 3 33 0 48 0 7 0 9 32 26 44 44 0 44 48 0 48 0 0 28 44 28 44 48 0 48 44 35 0 0 44 44 44 44 44 44 44 18 0 44 0 41 44 48 48 11 20 28 28 35 48 41 0 44 44
split_gain=231.474 147.96 440.002 278.785 214.24 189.795 201.531 237.1 184.083 178.933 153.035 150.412 179.611 253.294 177.927 347.551 174.139 176.809 165.706 511.413 423.672 201.499 310.48 286.343 383.963 261.297 218.757 209.264 203.429 265.943 184.519 417.189 306.706 167.833 173.454 209.567 167.498 355.775 162.085 278.574 155.891 190.647 177.164 154.218 391.286 377.776 283.931 289.486 275.812 261.469 254.916 150.724 148.454 146.31 144.698 140.148 170.45 139.05 137.747 137.652 149.168 180.494
threshold=1.4499999880790713 -0.68322628736495961 0 -0.49366806447505945 0.99629274010658275 1 11.050000190734865 1.0000000180025095e-35 1.2500000000000002 2 0.99807518720626842 3 4.0499999523162851 4 0.19561028480529788 0.086206898093223586 -0.038476947695016854 -0.12545862048864362 0.68901559710502636 5 0.56901594996452343 0.83186858892440807 6 0.69780781865119945 7 8 0.061906902119517333 -0.19337245076894757 0.017647059634327892 -0.97507822513580311 0.94558385014534008 9 0.97319763898849498 0.03762133605778218 2.3500000238418584 10 11 -0.65233206748962391 0.8277757763862611 0.99681594967842113 0.25829915702342993 0.20812153071165088 0.10623887926340105 -0.58481180667877186 2.8541666269302373 12 0.071972697973251357 13 0.09796465560793878 0.49626980721950537 0.34664839506149298 0.51297792792320263 96.708332061767592 -0.27500000596046442 0.061906902119517333 0.021568628028035167 14.150000095367433 0.94941526651382457 -0.47114434838294977 14 -0.92272481322288502 -0.91595870256423939
decision_type=10 2 9 2 2 9 2 8 2 9 2 9 2 9 10 2 10 2 2 9 2 2 9 2 9 9 2 2 2 2 2 9 2 2 2 9 9 2 2 2 2 2 2 2 10 9 2 9 2 2 2 2 2 10 2 2 2 2 2 9 2 2
left_child=1 2 3 -1 9 6 7 8 -3 -4 11 12 18 14 15 58 17 -15 20 38 21 23 -23 25 27 28 30 -25 33 -30 36 32 57 34 -7 -36 37 -24 -20 -40 41 42 53 44 45 -27 -45 -48 -47 -49 -46 -31 -39 -13 -11 -34 -57 -32 -14 60 -50 -62
right_child=-2 5 4 -5 -6 10 -8 -9 -10 54 -12 40 13 16 -16 -17 -18 -19 19 -21 -22 22 26 24 -26 43 -28 -29 29 51 31 -33 55 -35 35 -37 -38 52 39 -41 -42 -43 -44 46 50 48 47 49 59 -51 -52 -53 -54 -55 -56 56 -58 -59 -60 -61 61 -63
leaf_value=0.00058784411964080943 0.036135589058536442 0.0082757096975249536 0.01747629567497843 -0.053597708274412931 -0.070133375653079241 -0.054863094462719086 0.031486062178956289 -0.084182653972800489 -0.015742944657143595 0.0061405741924133745 -0.049850041185009186 -0.063631487879924661 -0.0010981794824336426 -0.077552808671025319 0.02707368802690592 0.018921625623202081 -0.073652744854245195 0.021571562721506087 0.036662472408709498 -0.057429242448702358 -0.070459681845965613 -0.047575443190519644 0.025851163705707073 -0.073992487587563271 -0.075567493467480595 -0.065669167810373838 -0.074853211169228245 0.033579848994311677 -0.084408696987955306 0.0031582728865851444 0.0098862793819197228 -0.057818207128975202 0.039152348983144819 -0.082764006393146572 0.011131380941911536 -0.058445750403235242 0.036523015753729106 0.019022514450010141 -0.055838962595922081 0.04251365333682483 -0.043210618883238482 0.037703639119384645 -0.083610450246627804 0.016365962283899534 0.019596963224783718 0.013686729925493746 0.0062053456260526812 -0.076514586776508117 -0.088038361762859008 0.014841777529449469 -0.080940785605535401 -0.056606550403330694 -0.086485583168309219 -0.0062233900489276229 -0.058392327506970758 -0.097156284804899587 0.038927058206193771 -0.1031588065130096 -0.095274862237554978 -0.07290137435800656 0.062685589293166935 -0.045718778804983623
leaf_weight=487.91375945566688 531.81160106044263 7212.0045276134624 5029.5025050412805 462.29304717620835 83.752773855027044 280.02735491169733 774.74727879976854 74.174867802212248 896.94133235880872 7921.1319905771816 162.78305545978947 115.73973677394679 52.990006297593936 68.052543055731803 343.15508833457716 245.2329142622184 267.15383232396562 132.72613544156775 1114.0484162002103 192.04030815084116 207.96278329141205 195.83990741320304 552.21270085009746 58.766521897632629 286.37837670464069 373.42142832797254 64.978754660463892 195.97778979979921 97.574436293682083 2007.064678692841 45.072010041913018 227.29877468643826 597.30981667235028 135.49656076211249 420.82982171792537 134.84301935427357 1371.532638739387 46.013447411125526 140.40840797376586 147.76403911272064 334.19090811257774 219.01519949379144 80.938125545391813 3951.7628373299958 1261.3753340584808 610.81095952913165 724.92321475927019 258.95194162239204 48.025636830541771 112.28264176985249 66.366381071624346 111.34747024517856 121.04246412112843 2702.2998556487291 87.827458655781811 44.699996204813942 47.422431655228138 68.611615254427306 145.27171974745579 167.42980860656826 83.515409392246511 71.077718105254462
leaf_count=17833 869 154318 42010 35535 3369 8848 1343 1427 5912 82003 6946 3932 120 413 435 418 1633 263 4929 21122 7400 4807 1122 591 6103 5819 1285 437 2181 18002 126 3623 939 3814 710 1527 3475 72 11229 1812 80529 3324 6392 13737 4179 2818 4008 5313 806 1121 889 2067 1541 97718 3418 721 46 708 809 2552 69 1187
internal_value=0.00334382 0.0029523 0.00719271 -0.025506 0.00957263 0.00099389 0.00710464 0.00480498 0.00561897 0.010092 -0.00155328 -0.00118575 0.000659927 -0.0175831 3.98463e-05 -0.0208768 -0.0462224 -0.012026 0.00203556 0.0173638 0.000411631 0.00140478 0.0121288 -0.00176053 -0.0372632 -7.88402e-07 0.0158979 0.00843313 -0.0120254 -0.0037005 0.0178381 0.000520883 0.0175337 -0.0311442 -0.0227748 -0.00660412 0.0263726 0.00642041 0.0278182 -0.00540742 -0.0107251 -0.00727768 -0.010676 0.00496629 -0.00471619 -0.0236261 0.0101205 -0.0123948 -0.00688023 -0.0476009 0.0145716 1.69286e-05 -0.0574247 -0.0085812 0.00542612 0.0302992 -0.0271038 -0.05834 -0.070104 -0.0410145 -0.0105469 0.0128442
internal_weight=45074.2 44542.3 14072.4 950.207 13122.2 30469.9 8957.87 8183.12 8108.95 13038.5 21512.1 21349.3 17897.1 1254.58 786.65 443.495 467.933 200.779 16642.5 1594.26 15048.2 14840.3 3382.03 11458.2 541.123 10917.1 3186.19 254.744 3187.18 2215.99 3121.22 1030.41 803.116 971.197 835.7 555.673 2090.8 719.269 1402.22 288.172 3452.18 3117.99 2898.98 7729.94 2682.02 1354.28 5047.92 1096.16 980.86 371.235 1327.74 2118.41 167.056 2818.04 8008.96 689.432 92.1224 113.684 198.262 370.049 202.619 154.593
internal_count=702704 701835 184168 53368 130800 517667 163000 161657 160230 127431 354667 347721 155826 4091 1782 1347 2309 676 151735 39092 112643 105243 18465 86778 7131 79647 13658 1028 37149 22250 12373 6163 2540 14899 11085 2237 6210 2735 17970 13041 191895 111366 108042 42498 18319 13251 24179 10442 7432 6434 5068 20069 1613 101650 85421 1706 767 834 929 4614 2062 1256
cat_boundaries=0 4 8 12 16 19 23 27 31 35 39 42 46 50 54 57
cat_threshold=144721152 4093698177 3273326902 576 192955680 1163223056 3241435411 544 873824274 1706056 205525184 265 3827176081 42468358 851443776 415 605032576 8389632 541065280 67633680 8912896 281018432 263 2148794368 33555460 0 11 0 0 549453824 2 604504720 525312 12582912 401 1073872897 8388608 817889280 4 536871552 0 8388608 1073876993 8912896 805306368 260 1073876992 2 268435456 6 1073872897 0 805306368 8 2148532224 4 536870912
is_linear=0
shrinkage=0.05


Tree=92
num_leaves=63
num_cat=22
split_feature=4 43 43 0 48 48 0 44 0 0 30 0 26 0 34 35 28 35 44 0 0 44 0 18 0 0 44 0 0 44 0 0 32 20 43 0 28 10 32 0 43 0 28 35 35 0 48 35 44 44 0 43 44 0 11 44 48 43 44 29 0 48
split_gain=217.028 144.297 133.517 600.819 323.066 264.125 379.519 260.527 312.912 226.502 158.657 423.984 211.914 281.198 189.698 183.622 182.426 201.207 169.287 291.248 352.369 221.05 454.907 180.79 835.857 557.814 307.257 364.078 206.762 204.247 456.97 186.524 181.965 174.694 184.706 192.79 220.191 157.671 153.727 150.572 142.036 141.233 137.044 155.301 143.386 136.043 134.286 134.238 184.328 362.924 357.172 327.578 349.341 353.467 174.306 156.698 144.461 145.714 143.499 165.244 138.328 209.32
threshold=1.4499999880790713 0.9937499761581422 -0.99904707074165333 0 -0.94929715991020192 0.38025361299514776 1 0.011826144531369211 2 3 0.18219806253910067 4 -0.007988078519701956 5 18.349999427795414 3.9500000476837163 0.036731028929352767 3.6499999761581425 -0.99983122944831837 6 7 -0.99864786863327015 8 8.6833333969116229 9 10 0.10623887926340105 11 12 -0.96234029531478871 13 14 0.086206898093223586 1.1833333373069765 -0.99372696876525868 15 0.044210137799382217 8.791666507720949 0.12068965658545495 16 0.88220161199569713 17 0.053132651373744018 0.25000000745058065 2.4500000476837163 18 0.62414368987083446 13.150000095367433 -0.52034142613410939 -0.94137725234031666 19 -0.30163703858852381 -0.97507822513580311 20 59.458333969116218 -0.92272481322288502 -0.99817660450935353 0.9787549376487733 -0.90892156958580006 1.5289469957351687 21 0.1848985701799393
decision_type=10 2 2 9 2 2 9 2 9 9 2 9 10 9 2 2 2 2 2 9 9 2 9 10 9 9 2 9 9 2 9 9 2 10 2 9 2 2 2 9 2 9 2 2 2 9 2 2 2 2 9 2 2 9 2 2 2 2 2 2 9 2
left_child=1 2 3 -1 -5 7 -7 8 -6 -4 14 16 13 15 18 -13 17 -12 19 -11 -21 22 -20 25 33 28 29 -28 -23 30 -26 -27 42 34 -25 -36 -37 41 39 40 -14 -31 44 -44 -30 -18 -19 48 49 51 55 -33 53 -53 -54 -51 -50 -58 -57 -60 -61 -62
right_child=-2 -3 9 4 5 6 -8 -9 -10 10 11 12 38 -15 -16 -17 45 46 21 20 -22 23 -24 24 26 31 27 -29 32 37 -32 47 -34 -35 35 36 -38 -39 -40 -41 -42 -43 43 -45 -46 -47 -48 -49 56 50 -52 52 54 -55 -56 58 57 -59 59 60 61 -63
leaf_value=-0.083810135785747669 0.035459806034140083 -0.058605154981605581 -0.046768572055197334 -0.095852148871016785 0.03398565085170583 0.031856060198561999 -0.075335958753564122 0.042234705905562768 -0.078563227975293762 0.042507549878950508 -0.018352264008826478 -0.026515109651265984 0.0015104529860139587 -0.028755755260322327 -0.10322087582313307 0.02885000115920365 0.0087381229240359164 -0.075944200090461059 0.045134460092522977 0.026504243634301525 -0.080239176725476466 -0.05502643205285436 -0.077140257765480641 0.014003188491799105 0.032219883186059291 0.010353920946065158 0.020222621682792541 -0.06435328742440076 -0.029671392569871169 0.025518356390380442 -0.07239975396143844 0.043909086197466439 -0.049389281912298889 0.013661778199776837 -0.059166383131059277 -0.0062261015567039064 -0.062230041567833828 0.025177110109325676 -0.038316854095330095 0.015841795227862641 -0.077285547837857266 -0.056878120421014082 0.011492324246650268 -0.070900453168776745 0.0052017613240312871 -0.032658557363544331 -0.023320001767923409 0.019339395652385478 -0.088422809281927139 -0.083613645847964616 -0.063542274763376871 0.017413727851574832 0.033688065235790113 -0.065569942210766397 -0.077216087028539951 0.032564195627080079 0.0057422213771969408 -0.074627869093450691 -0.043622044711716566 0.027509750192895501 -0.052986413886450846 0.004800311042097348
leaf_weight=133.77428466823767 515.27285935776308 95.398797188594472 223.58472991647432 56.224269791928236 136.71890611702111 179.78978219814599 137.48565613589017 1377.5634567500092 97.597231511303107 687.78332092240453 920.81773612179677 215.10894684423693 2602.8082622838265 1049.3564015256998 40.921169748937245 492.94735794514418 641.915734324808 338.29916140262503 108.6694070850499 188.40511419065297 117.85974832356442 357.27850550308358 215.97936025928357 261.86600394494599 236.3672337991884 8283.1620529834181 268.94879436140764 227.42391904399847 386.24936183242244 88.962085684295744 171.96624354203232 439.03102449711878 315.76636783746653 362.09083508059848 435.56285258973367 767.18453966328525 227.57218156094314 5864.0921850653831 179.79049657084397 3233.5035514823103 58.476318410859676 104.7993579240283 87.153907701227581 166.36066376717645 1244.3617764908995 275.70117600541562 188.92780659184791 848.52366870152764 41.742491201905068 74.78800546558341 446.4597928475996 953.04938725999091 42.558124256785959 138.20830840143026 211.49228430874064 178.79906870334526 5611.8686864711053 56.96903289182228 367.09094132838072 245.98241120693274 243.12561116201687 440.88619903998915
leaf_count=2733 869 24355 143738 860 144 184 2723 1947 1886 718 24072 1736 16280 12191 408 553 4623 2721 165 341 1735 47536 4661 786 427 129326 1491 5012 33271 142 3326 801 15946 792 6413 4940 4371 20282 1733 26597 1700 682 9237 3622 4774 5217 1065 1426 1558 933 13812 2809 64 4205 4086 674 77445 4201 5609 1087 2909 2754
internal_value=0.00319772 0.00282156 0.00295444 0.0151995 0.0221812 0.0257362 -0.0159641 0.0339443 -0.0147956 0.00233629 0.00260981 -0.00281139 0.00280047 -0.0124869 0.00436247 0.0118624 -0.0213123 -0.0324553 0.00450216 0.0248079 -0.015812 0.00384085 -0.0371972 0.00428204 0.0102115 0.00175783 0.018467 -0.0194167 -0.0200947 0.0214037 -0.0128238 0.00476657 -0.0141983 -0.0177723 -0.0246036 -0.0316718 -0.0188487 0.0237108 0.00722782 0.00861693 -0.000220102 -0.0206657 -0.00837584 -0.0425752 -0.00305878 -0.00396033 -0.0570867 0.000285233 -0.00141778 -0.00998017 -0.0246216 0.00640731 -0.00583111 0.00646252 -0.0586376 -0.0129227 0.00425213 0.00493454 -0.00942808 -0.0152166 -0.00400427 -0.0155127
internal_weight=44708.4 44193.2 44097.8 2119.15 1985.38 1929.16 317.275 1611.88 234.316 41978.6 41755 10197.7 7831.99 1757.41 31557.4 708.056 2365.66 1448.04 31516.4 994.048 306.265 30522.4 324.649 30197.7 9016.84 21180.9 6962.56 496.373 2557.17 6466.19 408.333 18623.7 2199.89 2054.28 1692.19 1430.32 994.757 6057.85 6074.58 5894.79 2661.28 193.761 1884.13 253.515 1630.61 917.617 527.227 10340.6 9492.05 3781.47 1997.13 1784.34 1345.31 1091.26 254.05 1550.67 5710.58 5668.84 1475.88 1297.09 929.994 684.012
internal_count=702704 701835 677480 10477 7744 6884 2907 3977 2030 667003 523265 98488 60790 14480 424777 2289 37698 27858 424369 2794 2076 421575 4826 416749 48664 368085 31362 6503 114386 24859 3753 253699 66850 17302 16510 15724 9311 21106 46310 44577 17980 824 50904 12859 38045 9840 3786 124373 122947 39743 27778 11965 11164 7014 4150 13966 83204 81646 13033 12359 6750 5663
cat_boundaries=0 4 7 10 14 18 22 25 28 31 35 39 43 47 50 54 58 62 66 69 73 76 80
cat_threshold=2357380130 1314824 67133313 441 1 0 536870976 129 0 2147483648 2099204 4026565537 2198569004 64 2567181057 55790604 1148210179 512 753664 8388608 536870912 8 1891635728 16777236 4352 128 8 12586048 128 0 1073741824 2245530515 4218880 134488657 151 403103816 236985438 1075846274 512 1208090624 67438592 73400320 256 134250496 7232 1073742978 512 1073741856 16777216 16640 2232424226 22110208 67396177 133 79692675 4194304 262145 1 1716764672 8396802 142610624 4 302022656 65540 0 32 2432696320 17957900 1147144192 1623195777 8388608 813694976 56 1610678401 8388608 813695232 128 0 0 32
is_linear=0
shrinkage=0.05


Tree=93
num_leaves=63
num_cat=20
split_feature=4 43 41 0 43 0 43 43 0 43 28 0 48 44 0 43 0 29 0 48 48 0 0 11 43 0 44 48 0 43 48 18 0 48 0 35 22 11 6 28 43 48 43 0 48 11 0 32 0 18 44 0 43 43 10 0 27 44 0 0 43 44
split_gain=203.297 136.346 128.073 397.921 290.626 352.923 316.169 229.598 198.212 232.519 301.075 286.217 180.51 180.355 175.796 190.704 570.283 304.924 229.049 223.828 191.554 647.577 415.413 351.098 335.857 539.224 276.787 467.264 400.653 320.875 290.439 279.381 694.919 267.807 229.075 218.659 218.003 275.394 211.213 201.029 199.997 199.048 420.018 195.508 214.852 188.88 448.6 186.046 456.78 181.895 179.515 315.115 217.161 210.006 177.363 176.687 166.741 166.007 251.775 165.877 202.407 163.577
threshold=1.4499999880790713 0.9937499761581422 -0.68322628736495961 0 0.70900115370750438 1 0.67802080512046825 0.57077592611312877 2 0.14250627160072329 0.0058823532890528449 3 -0.49366806447505945 0.59696555137634288 4 -0.99372696876525868 5 5.7737748622894296 6 0.19705717265605929 0.83186858892440807 7 8 157.04166412353518 -0.5276680290699004 9 -0.65233206748962391 0.45945061743259435 10 -0.39826117455959315 -0.99817660450935353 14.275000095367433 11 0.78807106614112865 12 13.84999990463257 4.1833331584930429 73.625000000000014 4.0499999523162851 0.076470591127872481 0.57077592611312877 0.086638785898685469 0.35846313834190374 13 0.71512970328331005 167.95833587646487 14 0.086206898093223586 15 0.77500000596046459 0.22491560876369479 16 0.95998215675354015 0.71503382921218883 18.375000000000004 17 0.074990753084421172 -0.54940786957740773 18 19 0.022575936280190948 0.34033495187759405
decision_type=10 2 2 9 2 9 2 2 9 2 2 9 2 2 9 2 9 2 9 2 2 9 9 2 2 9 2 2 9 2 2 10 9 2 9 2 10 2 10 2 2 2 2 9 2 2 9 2 9 10 2 9 2 2 2 9 2 2 9 9 2 2
left_child=1 2 3 12 6 -6 7 8 -5 10 -10 -11 -1 61 -4 16 49 47 -17 -19 22 23 -20 -22 25 56 27 28 29 35 -28 33 57 39 40 -24 37 -34 41 43 -26 59 -43 -32 45 46 -45 48 -18 -16 55 53 -53 -52 -29 -47 -23 -33 -59 60 -30 -12
right_child=-2 -3 14 4 5 -7 -8 -9 9 11 13 -13 -14 -15 15 18 17 19 20 -21 21 24 26 -25 34 -27 30 54 38 -31 31 32 36 -35 -36 -37 -38 -39 -40 -41 -42 42 -44 44 -46 50 -48 -49 -50 -51 51 52 -54 -55 -56 -57 -58 58 -60 -61 -62 -63
leaf_value=-0.0035689374011887739 0.034776894506544205 -0.05844511092726426 -0.014845372359824749 0.014929534325878069 0.024187514312345712 -0.060758622520212829 0.042236605148801169 -0.053824214609519132 -0.054521685764303121 0.018511326312976435 0.0057016391743006049 -0.071848351801530416 -0.050336872392411441 -0.06005661938886514 -0.0049126731070749238 -0.013244835268605044 0.025450128505394954 -0.063731750830986034 -0.033060182428915494 0.009869443956133428 0.026030012684406342 -0.055500163577413213 -0.067823626730232275 -0.051981707771476607 0.007667121833291643 -0.0617974655859862 -0.083526965513551543 0.015096610771985503 -0.0041772941405678176 0.014907324996268954 0.01963614498058603 0.04243886995596443 -0.011815868377130395 -0.069858556396446808 0.02952732316058462 0.033287309838877233 0.022688245974779978 -0.081251571806871439 0.037924106314282093 -0.06520487032606595 -0.073479838441392151 -0.073301503866931073 0.029382296003914812 0.010825802750599077 -0.080775299033642167 -0.013560386562610367 -0.094618801880430967 0.041088637953235772 -0.051680138011970168 -0.07049806287322237 0.015816946359314785 -0.074019221119848114 0.036477963049901106 -0.06860981504650171 -0.071042926633928513 0.020280883594143886 0.031930241146695432 -0.086368277800028481 0.010420565937457797 -0.065358179784131373 -0.064360921983214123 0.037909535102467397
leaf_weight=411.72101420492982 499.525101701729 90.988403696843307 1647.393219609381 6595.4063614533516 195.2569111638586 305.93649157964683 735.61761668467079 146.17568263341673 205.11054000494187 142.86656844406389 3951.8469381292234 213.87116925494047 413.56824791664258 96.875166519283084 187.6737296905485 2748.2142520797497 1368.7004175781622 170.23787621843803 919.62162928670296 262.69013756274944 192.84435817133635 62.197628508554772 207.90350721144932 572.0994162709394 493.22661889961455 312.38641750972602 90.527444441919215 71.002051695017144 431.16967968593235 2280.3090324937657 4105.6014961344481 355.22702564531937 210.43852136330679 103.82740378941526 3078.3991556504916 71.983083853265271 93.48747087828815 444.28512962179957 130.95888062869199 85.929462028027046 89.747529462852981 142.23929093035986 332.1129897958017 298.62781087809708 72.308509587164735 445.75113124694326 142.24226059380453 1179.64511753837 213.99189919664059 242.0835844768153 782.59970401026658 237.02680253365543 54.732704100606497 81.309265450050589 377.3598101225507 2686.7124381840695 442.50780443160329 64.72559131012531 656.34000347671099 404.46183500593179 206.66582554945489 437.90257248582202
leaf_count=16724 869 24355 150713 38765 1470 26085 2150 5649 3608 1123 22971 10153 33178 12830 1585 66531 2561 1457 46969 877 335 775 3771 15611 3359 8162 2845 156 5094 11233 49130 509 588 3375 18447 81 130 5718 156 5314 2396 3266 1510 739 2345 5218 1007 2042 2562 2956 12371 16017 520 3278 9398 9236 1172 494 2122 10696 4820 3127
internal_value=0.00305972 0.00269795 0.00282524 0.00679867 0.00893338 -0.0283947 0.0104341 0.00844988 0.00923166 0.00175482 0.00471717 -0.0371562 -0.0266819 0.00742534 0.000981435 0.00191046 0.012617 0.0198814 0.000332197 -0.0190723 0.00204649 0.0103778 -0.000585846 -0.0318978 0.0176305 -0.0113148 0.00134047 -0.00887868 -0.00370829 0.00867197 0.00566274 0.00640204 -0.0114547 0.00998354 0.0241383 -0.0418192 -0.0480926 -0.0589338 -0.0228597 0.0109054 -0.00474389 -0.0282589 -0.00140847 0.0116396 0.00475103 0.00606881 -0.0250955 0.0260584 0.0148558 -0.0409053 0.00927287 -0.00756989 -0.0515245 0.00778081 -0.057402 0.0154867 0.0207447 0.0143287 0.000679161 -0.0404787 -0.023312 0.00891456
internal_weight=44294.2 43794.7 43703.7 13852.2 13026.9 501.193 12525.7 11790.1 11643.9 5048.47 4691.74 356.738 825.289 4486.62 29851.5 28204.1 3625.02 3195.27 24579.1 432.928 21830.9 5243.41 16587.5 764.944 4478.47 817.092 15667.9 4656.17 4207.8 2560.2 11011.7 10921.2 1824.5 9096.67 3661.37 279.887 748.211 654.724 1647.61 8992.84 582.974 1516.65 474.352 8906.91 4801.31 4729 440.87 2762.34 1582.69 429.757 4288.13 1155.67 291.76 863.909 448.362 3132.46 504.705 1076.29 721.066 1042.3 637.836 4389.75
internal_count=702704 701835 677480 177833 127931 27555 100376 98226 92577 53812 42536 11276 49902 38928 499647 348934 14040 9499 334894 2334 268363 50257 218106 15946 34311 10109 171137 50181 40627 15085 120956 118111 9561 108550 24202 3852 6436 6306 25542 105175 5755 25386 4776 99861 50731 48386 1746 7165 5123 4541 46640 32186 16537 15649 9554 14454 1947 3125 2616 20610 9914 26098
cat_boundaries=0 4 7 11 14 18 22 26 30 34 38 42 46 50 54 57 61 65 68 70 74
cat_threshold=144721152 4093698433 3273326882 576 268435456 25165824 268435456 1679622291 1705988 71319232 271 131584 0 268451840 270567494 2952961001 759980 64 3297789456 24596 67135232 309 4530185 1211630592 2332034049 8 2316320800 54591492 537133632 515 67109136 67387392 1074790402 400 135184 0 339738624 4 2333212704 58720262 536887360 4 1644319744 8388624 541065472 32 8523792 18 335544320 4 2155890208 21045264 268706576 547 1090523136 8388612 14680064 591597953 46137346 3087007808 2 169476096 8388608 79691840 4 135921664 8388608 71319552 33558528 8388608 1619023488 4194304 8960 512
is_linear=0
shrinkage=0.05


Tree=94
num_leaves=63
num_cat=26
split_feature=1 35 35 0 44 0 43 43 34 28 0 0 41 35 43 0 44 0 42 0 43 0 0 44 18 44 0 0 7 43 0 0 28 0 10 35 0 42 0 30 34 0 18 0 10 0 43 0 0 43 44 0 44 44 0 26 0 0 43 0 29 26
split_gain=190.391 153.712 153.016 365.004 205.457 305.86 153.779 130.675 125.223 119.693 260.359 120.924 173.279 128.054 113.906 505.561 248.893 198.441 167.1 289.616 140.876 816.69 489.577 399.441 363.989 500.551 509.966 453.815 293.913 502.659 284.037 278.225 260.718 337.042 280.374 260.653 247.066 187.853 261.411 175.047 172.434 151.963 149.116 507.208 148.982 148.171 142.123 416.199 362.804 209.755 139.413 494.544 183.138 402.039 325.154 204.97 363.5 174.034 393.647 243.964 282.053 152.637
threshold=11.250000000000002 29.750000000000004 12.650000095367433 0 -0.94137725234031666 1 0.71503382921218883 0.9937499761581422 11.650000095367433 0.0058823532890528449 2 3 0.35206145048141485 19.750000000000004 -0.99904707074165333 4 -0.02257579285651445 5 1.0000000180025095e-35 6 0.40614137053489691 7 8 -0.99983122944831837 3.0499999523162846 -0.52034142613410939 9 10 0.65000000596046459 -0.81923159956932057 11 12 0.017647059634327892 13 52.458333969116218 0.35000000894069677 14 0.41248606145381933 15 0.064106002449989333 0.15000000223517421 16 44.562500000000007 17 16.791666984558109 18 0.88220161199569713 19 20 0.90892735123634349 -0.99864786863327015 21 -0.99761277437210072 -0.99465739727020253 22 -0.062349388375878327 23 24 0.15951094031333926 25 2.0201785564422612 -0.021539981476962563
decision_type=10 2 2 9 2 9 2 2 2 2 9 9 2 2 2 9 2 9 2 9 2 9 9 2 10 2 9 9 2 2 9 9 2 9 2 2 9 2 9 2 2 9 8 9 2 9 2 9 9 2 2 9 2 2 9 10 9 9 2 9 2 8
left_child=1 2 7 -4 -5 -6 9 8 14 10 -7 -11 13 -13 15 -1 -17 -16 -18 -20 22 30 23 -19 25 26 -23 -27 29 32 35 41 40 34 -34 -22 -30 46 -39 -31 -25 -26 50 -44 -33 -42 48 49 -29 -48 51 -24 54 -54 -52 56 -55 -57 61 60 -60 -59
right_child=-2 -3 3 4 5 6 -8 -9 -10 11 -12 12 -14 -15 17 16 18 20 19 -21 21 24 42 28 31 27 -28 37 36 39 -32 44 33 -35 -36 -37 -38 38 -40 -41 45 -43 43 -45 -46 -47 47 -49 -50 -51 52 -53 53 55 -56 57 -58 58 59 -61 -62 -63
leaf_value=-0.073383365125343977 0.042629367602359886 -0.080430995392982901 -0.063447606603992276 0.035006767250934094 -0.061448845855636348 0.024418157810585622 -0.05757835430096523 -0.059171246061371863 -0.11675649972698464 0.026586421457179189 -0.093361806882992865 0.015329809143609874 -0.079238941303478153 -0.060497747916784743 -0.038828671672683501 -0.073366905394745191 0.031323375032062582 0.03262579753515131 0.039018549211273332 -0.073355781552300797 -0.049388953000699808 0.0085696693972537787 0.019856616561390372 -0.06273933919292933 -0.044073109044196479 -0.049737315536478338 -0.066029613293738396 -0.040700929858420574 0.022373720377535142 -0.015284585678950739 -0.063235326769279343 -0.045274096701917545 0.036375571967678259 -0.066404920640371054 -0.026808184095275762 -0.0011344475931009425 -0.040705674844584643 0.024528632877724645 -0.059818764583399381 -0.058366149039054821 -0.035911098762287617 0.012506808915025276 0.012376940279779189 -0.059332044922495421 0.038028667747485992 0.019286757716550453 -0.087386218417284445 -0.065291244186314712 0.037555177192238325 0.027279966470329819 0.047026840150825783 -0.063909630017773111 -0.076563433403432482 0.010208006297105261 -0.067859137824136245 0.012059779360625172 -0.057292664686895894 0.013300426285859816 -0.090140442769433823 -0.06768696411241068 0.023748067168103442 0.00067141192861982504
leaf_weight=143.13590477936668 299.96902413293719 55.590780235521379 142.56797126919264 993.71085910595139 138.9544543279917 110.94015134871006 75.900774847497814 87.514493307797238 22.187650561972987 1407.4654499357566 68.763929006294347 644.24927715628291 60.736083848722046 60.944327429460827 293.21046422187646 66.366513049375499 1471.2784510752099 417.22982039750786 110.45735947933281 100.8138631463662 375.27211781014921 459.26174579153303 386.77527190698311 82.785315788903972 121.87680247530807 258.60380875354167 449.00566745563992 156.28506909182761 662.53953572752653 303.46912946982775 349.14708403823897 54.976792615372688 243.00070697779302 360.94246060942532 632.79178289769334 1100.6016781560029 192.33826854376821 185.17209127565729 166.09093439413118 1057.1099503242003 131.21023249439895 1206.8373189642443 632.45954888314009 392.63234414759791 2263.0425352639868 916.87352103402372 41.984983764356002 156.17625477173715 1652.6315630479367 796.40810206637252 479.60642586369067 309.88120217740652 153.92553827303345 441.99961180865648 62.588538479874842 6734.7599789668166 352.67172479929286 3277.0724216219969 71.709827230894007 305.44610563723836 224.74696583734476 8864.1995727696049
leaf_count=2760 419 526 1517 1547 952 129 758 24365 212 1754 822 2117 740 509 160983 1224 3458 1024 187 2540 25482 7476 901 5712 1654 29982 16287 3770 2004 20858 32511 394 368 7917 7418 7100 1742 3217 10890 44318 1889 4565 1955 3382 8379 2837 764 7089 8961 4689 423 5012 3789 3339 1642 99012 8022 17971 2465 9319 1789 66867
internal_value=0.00293181 0.00265831 0.00276453 0.0124843 0.0156579 0.00823152 0.0124195 0.00185943 0.00199399 0.0147301 -0.024487 0.0179728 0.00177408 0.00877663 0.00206041 0.0140323 0.0214834 0.00146081 0.0253524 -0.0162292 0.00178585 0.00694057 -3.65784e-05 -0.0141828 0.0138456 0.00404646 -0.0289414 0.0128243 -0.0184751 -0.0245384 -0.023157 0.0254962 -0.0106207 -0.0264868 -0.00917225 -0.013314 0.0079671 0.0180531 -0.0163588 -0.0487571 0.00673064 0.00702654 0.00308572 -0.0155472 0.0358981 0.0122179 0.0224291 0.00724658 0.0307767 0.0212839 0.00396875 -0.018036 0.00469983 0.00393853 0.0333807 0.00454977 -0.020341 0.00556528 0.00212181 -0.0373453 -0.00367637 0.00408013
internal_weight=43838.9 43538.9 43483.3 3704.23 3561.67 2567.95 2429 39779.1 39691.6 2353.1 179.704 2173.4 765.93 705.194 39669.4 1892.05 1748.92 37777.4 1682.55 211.271 37484.1 9793.37 27690.8 5000.29 7968.35 4321.62 908.267 3413.35 4583.06 3728.18 1825.02 3646.73 2367.6 1236.73 875.792 1475.87 854.878 3154.75 351.263 1360.58 1130.87 1328.71 22690.5 1025.09 2318.02 1048.08 2803.49 994.569 1808.92 838.393 21665.4 696.656 20968.7 20426.5 542.195 20272.6 794.671 19477.9 12743.2 601.903 296.457 12141.3
internal_count=702704 702285 701759 10845 9328 7781 6829 690914 666549 6071 951 5120 3366 2626 666337 10169 7409 656168 6185 2727 495185 173210 321975 96087 108117 93125 23763 69362 95063 91317 65093 14992 26141 15703 7786 32582 3746 39380 14107 65176 10438 6219 225888 5337 8773 4726 25273 12542 12731 5453 220551 5913 214638 212573 2065 208784 11361 197423 98411 13573 4254 84838
cat_boundaries=0 4 7 11 15 19 23 26 30 34 38 42 46 50 53 56 59 63 67 71 74 77 80 83 87 91 95
cat_threshold=2290091008 0 20205331 512 1141936162 24 201326720 536871056 0 268435456 6 273023872 5242884 1891635264 44 2357445666 1331208 67133313 313 2107460 4163011489 2198569004 64 524289 131072 64 253297058 6047744 606085824 177 817922056 67186782 1209029890 512 2428633089 16781376 8404995 520 2147648512 33563648 1216633875 520 118030592 16384 536871616 176 3762311697 25232400 272629761 262 272629768 67182678 135266304 536870912 65560 1073742080 536875008 67108936 268435456 16401 65536 4194304 256 4274 8913920 551551616 152 0 73808 1074806786 512 1879052801 83886080 269484288 268439553 83886080 269484288 1073746576 16777216 2048 1073742465 50331648 536870976 1208549377 4196352 876618368 128 253035552 5523456 77865617 417 2147500545 16778240 64 16
is_linear=0
shrinkage=0.05


Tree=95
num_leaves=63
num_cat=23
split_feature=20 18 0 44 0 44 0 48 6 44 48 0 0 44 0 44 0 0 11 0 0 48 43 0 11 43 48 0 43 48 42 0 48 28 44 44 46 0 28 28 48 0 39 28 0 43 0 28 0 0 44 0 44 11 48 0 48 44 44 0 0 28
split_gain=228.004 144.005 756.033 373.995 678.926 369.483 259.192 236.447 237.996 211.171 206.037 209.146 181.558 169.335 336.072 254.691 450.514 228.577 184.051 586.888 496.571 288.041 334.518 247.64 309.791 223.565 197.591 445.526 195.662 451.499 261.148 200.434 206.502 266.792 184.385 375.527 173.544 167.379 160.278 151.914 150.642 141.271 139.312 130.768 892.164 231.191 610.813 188.686 564.478 472.372 484.599 362.915 324.159 282.894 277.272 248.532 224.373 457.018 515.756 613.44 285.169 272.931
threshold=12.791666507720949 26.291666984558109 0 -0.54940786957740773 1 -0.19337245076894757 2 -0.92896968126296986 2.9500000476837163 0.24164313822984698 -0.5240725278854369 3 4 -0.99983122944831837 5 -0.99864786863327015 6 7 49.041666030883796 8 9 -0.13814540207386014 -0.99904707074165333 10 75.625000000000014 0.9837264120578767 0.99098658561706554 11 -0.99372696876525868 0.64325019717216503 -0.032701563090086067 12 0.82475927472114574 0.017647059634327892 -0.99761277437210072 -0.99465739727020253 -0.11098597943782805 13 0.013725490774959328 0.021568628028035167 -0.83462038636207569 14 0.95649999380111705 0.046430176123976714 15 -0.39826117455959315 16 0.036731028929352767 17 18 -0.86112883687019337 19 -0.95242238044738758 74.958332061767592 -0.79893815517425526 20 0.24473809450864795 -0.86974579095840443 -0.15950992703437802 21 22 0.017647059634327892
decision_type=10 8 9 2 9 2 9 2 10 2 2 9 9 2 9 2 9 9 2 9 9 2 2 9 2 2 2 9 2 2 2 9 2 2 2 2 2 9 2 2 2 9 2 2 9 2 9 2 9 9 2 9 2 2 2 9 2 2 2 9 9 2
left_child=1 12 7 6 5 38 -4 37 -9 10 11 -7 -1 14 -14 16 -15 -16 19 -17 21 -21 -23 24 -20 26 34 -28 29 30 -26 -30 33 -33 41 -36 -34 -3 -5 40 -6 -25 -43 47 -45 46 -46 48 55 50 -49 54 -51 -54 -52 -37 57 -50 60 61 -59 -60
right_child=-2 2 3 4 39 9 -8 8 -10 -11 -12 -13 13 15 17 18 -18 -19 23 20 -22 22 -24 25 28 -27 27 -29 31 -31 -32 32 36 -35 35 43 -38 -39 -40 -41 -42 42 -44 44 45 -47 -48 49 56 52 51 -53 53 -55 -56 -57 -58 58 59 -61 -62 -63
leaf_value=-0.051096482163952475 0.022805513731421787 0.018578183462389534 -0.020481276511791106 -0.0067279091452493714 -0.0021774495011284718 0.023080740382701546 0.027046740755606969 -0.080841774390177937 -0.0028945336907018684 -0.069766345617372799 0.032741649701433249 -0.084889700818399902 0.041235804278402122 0.04289565197772327 0.022128558434657372 0.040393772829985512 -0.075935535799997456 -0.07441963160159791 -0.10335863174610471 0.023040847806935091 -0.096815014057894708 0.041925195410122879 -0.11752454154984514 0.04806735719225419 0.031198809036038239 -0.064571882881385947 0.022291075774392516 -0.070884860051041609 -0.0029029901788193376 -0.087055845731879647 -0.045806666100974641 -0.011642450301717277 -0.057518434937551446 -0.066478623952701751 -0.077617588349327027 -0.005127941313358037 0.019097577939812458 -0.075525330016408349 -0.09268190501592867 -0.094723048739179527 -0.073987360809618097 -0.085150586010214122 0.039062086871191976 -0.055944619874836024 0.02844423704395176 0.01216892833467713 -0.06326953116856382 0.029262252618798751 -0.067508958041340134 -0.08663503440610125 0.031355301021666053 -0.062206173611051407 -0.098154807856792758 0.026629675878433481 -0.034233759515404014 -0.040821276964224384 0.02146984558493192 -0.059297333528772977 0.029064212713611925 -0.062054030766424288 0.025246890574381731 -0.092065216480118131
leaf_weight=143.93559286292293 1369.6830762641039 175.55401144421194 343.6336161007639 100.00811295956373 141.46251037274487 93.623127456870861 1598.8821057589375 494.05132667266298 122.13789033470675 64.921147935179761 885.83091591944685 72.859079868416302 702.60405162884854 111.209286485333 115.26313216332346 1159.9535017455928 242.03924279089551 116.43957547898754 78.249089496355737 466.95801649114583 142.80541317627649 52.234113350510597 88.838238730328158 407.35381738189608 1068.1394573884609 114.57222509275016 247.27490736084292 251.78729431694956 7281.1137955594168 100.58274078377872 122.75196011817025 460.20072797649482 92.967655392101733 428.18750966474181 135.25583924810053 4042.4721392572683 360.57768440799555 53.527683170308592 118.49778987164609 213.54103023083007 150.97707668293151 44.819121363718295 45.479049986461177 638.24212719523348 345.98926865748945 3578.2684969735274 363.9882063807454 576.95274701697053 210.94045697816182 65.638895309180953 305.47378431301331 433.76681667732191 45.903730099205859 4306.5359714213409 341.00989380237297 546.23179472473566 3741.3490461455076 95.922114424727624 457.88958828285104 473.36691264231922 2175.9008395446872 51.7613321862882
leaf_count=132763 2674 406 2021 501 1236 133 7369 8705 442 1171 1483 705 846 177 203 1302 5631 1958 880 685 1493 55 549 326 2278 20276 1333 11896 94452 1731 1851 25346 6882 38404 3722 29615 8052 1236 1164 4604 3149 1509 83 49761 2415 48984 9605 2826 7030 1325 1005 13476 307 19412 3259 28533 36011 4591 3103 28081 10211 1104
internal_value=0.0027301 0.00207555 -0.00624281 0.00335854 -0.0127756 0.00607593 0.0186728 -0.0486913 -0.0653915 0.017751 0.0231503 -0.027884 0.0031058 0.00332815 0.0243465 0.0027881 -0.0394606 -0.0274622 0.00320327 0.0183031 -0.0161474 0.00405864 -0.0584859 0.00235558 -0.00425808 0.00510388 0.00543961 -0.0256918 -0.00348024 0.0146697 0.0232614 -0.00619855 -0.0238801 -0.0380725 0.0061027 0.0054493 0.00339284 -0.00589612 -0.0533416 -0.0614474 -0.0392506 0.0362125 -0.020338 0.00594213 -0.00127031 0.00698133 -0.0190657 0.00793037 0.00424329 0.0150892 -0.00768828 -0.0274944 0.023597 0.0253136 -0.00319251 -0.00945635 0.0129608 0.00381266 0.00843489 -0.0218227 0.0215273 0.0164395
internal_weight=43378.4 42008.7 4629.51 3784.24 1841.72 1335.74 1942.52 845.271 616.189 1117.23 1052.31 166.482 37379.2 37235.3 934.307 36301 353.249 231.703 35947.7 1910.79 750.836 608.03 141.072 34036.9 9992.77 24044.1 23929.6 499.062 9914.52 1291.47 1190.89 8623.05 1341.93 888.388 23430.5 22932.9 453.545 229.082 218.506 505.981 292.44 497.652 90.2982 22797.6 4926.49 4288.25 709.977 17871.1 11795.8 6075.28 1657.2 1080.25 4418.08 4352.44 646.484 4588.7 7207.13 3465.78 3254.84 983.018 2271.82 509.651
internal_count=702336 699662 34325 23536 14146 5157 9390 10789 9147 3492 2321 838 665337 532574 3007 529567 5808 2161 523759 4084 2782 1289 604 519675 179876 339799 319523 13229 178996 5860 4129 173136 78684 63750 306294 304376 14934 1642 1665 8989 4385 1918 1592 300654 110765 61004 12020 189889 148279 41610 20566 17740 21044 19719 4264 58148 90131 54120 47090 32288 14802 4207
cat_boundaries=0 4 8 12 15 19 22 25 28 32 35 39 43 47 51 54 58 62 66 70 74 78 81 84
cat_threshold=1287702017 1129719808 1207969409 535 458768 76021852 2180251968 168 536870928 67649556 12845312 136 131088 0 64 2099204 2952827361 2148237348 64 1891635728 16777244 4199680 128 0 1073741824 128 0 8390720 553680896 94175232 2105600 266 369164417 0 281018432 587411544 229967368 1211111690 256 268435712 0 536879104 4 587403288 25165832 136321024 256 1145045504 16777216 0 6 1073742337 33554432 536870976 2156446848 1107314706 50619025 522 262176 4718592 4194304 4 2416968352 1107959812 608174160 148 482379523 4737024 268461696 179 272629760 524288 268435456 3 268436096 33693700 536870976 4 67125249 0 268435456 201342978 4194322 8705
is_linear=0
shrinkage=0.05


Tree=96
num_leaves=63
num_cat=22
split_feature=14 17 0 14 48 48 0 9 0 18 48 17 3 0 28 48 0 11 32 29 0 28 0 11 0 43 0 43 0 48 0 48 7 22 18 0 43 0 0 43 0 30 48 43 43 43 0 35 43 0 42 0 18 0 0 43 43 0 11 43 28 0
split_gain=198.234 168.499 472.153 205.768 246.195 198.639 177.501 158.191 206.066 192.491 162.51 169.597 159.004 145.494 166.899 132.4 131.09 248.187 209.354 411.878 282.447 271.017 193.177 167.488 288.162 159.301 317.772 134.461 335.593 166.398 165.926 164.31 199.498 151.454 138.56 397.595 130.669 129.361 129.054 135.225 753.221 128.139 128.087 419.847 358.052 271.843 610.54 297.035 255.41 395.163 277.453 266.465 252.561 928.085 272.557 248.957 703.501 559.387 386.676 356.695 445.147 555.002
threshold=18.250000000000004 5.0625000000000009 0 5.2500000000000009 -0.99883171916007985 -0.99883171916007985 1 0.16609835624694827 2 81.875000000000014 -0.9993687868118285 1.7749999761581423 0.35000000894069677 3 0.046430176123976714 0.36915744841098791 4 49.791666030883796 0.086206898093223586 2.504342913627625 5 0.06862745434045793 6 17.291666984558109 7 -0.048361575230956071 8 -0.99815973639488209 9 0.99722951650619518 10 0.78807106614112865 1.5500000119209292 0.45000000298023229 2.5499999523162846 11 -0.98370367288589466 12 13 -0.99549928307533253 14 0.20181877911090854 -0.51410380005836476 -0.99166062474250782 0.92273071408271801 0.022575936280190948 15 8.9499998092651385 0.90162119269371044 16 0.29012925922870642 17 13.775000095367433 18 19 -0.67166441679000843 -0.83847111463546742 20 103.62500000000001 -0.86546283960342396 0.017647059634327892 21
decision_type=10 8 9 10 2 2 9 10 9 10 2 10 10 9 2 2 9 2 2 2 9 2 9 2 9 2 9 2 9 2 9 2 2 10 10 9 2 9 9 2 9 2 2 2 2 2 9 2 2 9 2 9 10 9 9 2 2 9 2 2 2 9
left_child=1 7 5 4 -4 -3 -5 9 -9 10 11 -1 -10 -7 15 -15 17 -12 20 -20 21 -19 36 24 -18 26 -22 28 -25 33 -31 34 -33 38 -30 -36 -21 -27 -29 40 -40 -17 43 -41 55 52 47 48 49 -47 -51 -50 54 -54 -45 56 57 58 -44 60 61 -59
right_child=-2 2 3 6 -6 13 -8 8 12 -11 16 -13 -14 14 -16 41 23 18 19 22 25 -23 -24 27 -26 37 -28 29 31 30 -32 32 -34 -35 35 -37 -38 -39 39 42 -42 -43 44 45 -46 46 -48 -49 51 50 -52 -53 53 -55 -56 -57 -58 59 -60 -61 -62 -63
leaf_value=-0.074464612573468592 0.020562576922943068 0.046299757870862754 0.031953949769536388 0.0096392197078047203 -0.056314681448332675 0.014002590410589572 -0.044528014872762478 0.036521440401443665 -0.00055011309281562885 -0.06019147318732581 0.03856868692222748 0.028477638614403212 -0.11545053643935299 0.0061382212830236472 -0.062607314772148245 -0.0098228404140615552 0.029175723917613857 -0.042975254238778397 -0.033387634476608814 0.017956747867070279 -0.049035139058556304 0.044560268940425168 0.039101432722928348 -0.066656641707245778 -0.082733526602494778 -0.049811281911393238 0.0053018089664188753 -0.020657851272146133 0.033449551646759001 0.023342875401515598 -0.062058125520263213 -0.090243928121537961 0.044143017976949195 0.019351763291208676 0.025514020419504069 -0.086817634482621572 -0.061167004566775408 0.018909914179658448 0.019372746749811071 -0.08978379411501887 -0.092974528095659231 -0.081926066064291148 0.029717868934239767 -0.011984424360181363 -0.051090421166233059 -0.066139641285273276 -0.061810242172768905 -0.11208726055746439 -0.066649431594889702 0.01466962073702225 -0.07679381714964291 0.036084529809243787 0.028168141354057499 -0.089326736054134895 0.020614893776841017 0.0050312029218767471 -0.052499668163545822 -0.00054169294601658351 -0.045733160549451993 0.038675597820104345 0.011487285138483065 -0.090728355114040149
leaf_weight=132.68973740165529 1485.4060489744879 266.35388651740504 88.465763682470424 430.61188170220703 737.98493138459162 1058.2082616639382 221.61591057028272 704.98559728055261 203.7769885827438 122.07437430028222 653.34145981050096 57.282881101244129 35.329818323807558 761.76452196302125 140.80037778645055 181.02239061292494 90.338987234979868 577.51085519573826 293.32218064526387 136.89365000260295 321.12807086086832 104.40981985558756 1232.6195773089858 109.05088344839169 139.21897572523449 62.514566217840184 1430.2970173317881 686.05245434895915 1181.8103525271436 77.614099909202196 187.07936233673536 69.887617149302969 45.658279425784713 1121.0968915869307 342.16040704166517 91.470510173137882 84.318498575768899 1718.8997266623774 406.89982172125019 111.96447572548641 224.08634317890392 93.417273583618226 207.68938588665333 730.80839161088807 348.85086052639235 220.24945197394118 403.62307042721659 53.228854334447533 60.253258236392867 922.93522078765091 91.099625092698261 796.20015950774541 451.11304582597222 255.26592587580672 5055.7092999789165 9625.1098177905951 773.21636131891864 480.30160746510956 930.97570356499637 764.361238998099 2238.7193762615498 257.8996763517207
leaf_count=7004 3075 397 500 977 19336 3375 2376 860 1191 1235 1054 241 687 3003 1902 1123 101 33856 24007 672 16184 1964 9724 1777 854 8998 20780 171029 2723 490 10877 1780 43 4126 706 1927 4222 44963 637 819 2455 853 312 10603 25413 5845 26034 310 1799 5678 3789 4865 734 3137 31388 122868 15822 2588 11411 2087 9236 3514
internal_value=0.00261598 0.00197212 -0.00780849 -0.030093 -0.0468661 0.00546236 -0.0093008 0.00301236 0.0232195 0.0024894 0.00269986 -0.0434242 -0.0168239 0.000620507 -0.0114327 -0.00458943 0.00294213 0.00929903 0.00610709 0.0206596 7.46008e-05 -0.0291452 0.0315641 0.00151547 -0.0410265 0.00578084 -0.0049107 0.00184903 0.0149343 0.000972933 -0.0384793 0.020342 -0.0371406 0.00135661 0.0245794 0.000404948 -0.0116748 0.0163248 0.000583545 0.00116471 -0.0216923 -0.0343663 0.00174721 0.00644449 -0.00100388 0.00763625 -0.00620539 0.00452994 0.00752061 -0.00703679 0.00638965 0.0285001 0.0130672 -0.0151571 0.0165127 0.000139751 -0.00818847 -0.00116746 -0.0316928 0.0081858 0.000384665 -0.0332859
internal_weight=42889 41403.6 3980.25 1478.68 826.451 2501.57 652.228 37423.4 944.092 36479.3 36357.2 189.973 239.107 2235.21 1177 1036.2 36167.3 6615.26 5961.91 1747.15 4214.76 681.921 1453.83 29552 229.558 3532.84 1751.43 29322.4 1840.04 27482.4 264.693 1730.99 115.546 27217.7 1615.44 433.631 221.212 1781.41 26096.6 25410.6 630.986 274.44 24779.6 9152.45 15627.1 9040.49 2547.59 2143.97 2090.74 1234.28 1014.03 856.453 6492.9 706.379 5786.52 15278.3 5653.16 4879.95 1138.67 3741.28 2976.92 738.201
internal_count=702336 699261 33842 23189 19836 10653 3353 665419 2738 662681 661446 7245 1878 10256 6881 4979 654201 166424 165370 38625 126745 35820 14618 487777 955 90925 36964 486822 8956 477866 11367 7179 1823 466499 5356 2633 4894 53961 462373 291344 3092 1976 288252 95001 193251 94182 48320 22286 21976 15312 9467 6664 45862 3871 41991 167838 44970 29148 11723 17425 15338 6102
cat_boundaries=0 4 8 11 15 19 22 25 28 32 36 40 44 47 51 54 58 62 66 69 73 77 81
cat_threshold=2954593683 92804172 12599616 178 1094717952 33955858 822084240 5 604012673 92340224 2147491904 537395344 83886084 4194304 48 135545888 1113327632 1197492099 512 32 1075054592 117440640 135283712 33554448 4195072 16777216 67108864 8396800 134217728 0 1073759491 512 2223144962 16392 276480 297 256 0 1048576 4 1397228033 8585216 2415919104 6 0 4194304 2097664 2107476 3156251617 2149285932 80 196992 16777216 805306432 1895895553 25190402 939524160 142 1610616832 8192 939524096 8 268501504 8388608 0 6 302059520 8389632 805306432 838930433 17416 12288 128 2768278274 25190400 411049984 288 1082195968 132106 6208 2
is_linear=0
shrinkage=0.05


Tree=97
num_leaves=63
num_cat=0
split_feature=20 17 44 48 43 26 30 44 44 48 43 37 37 22 35 43 44 38 48 37 46 28 49 44 13 44 44 41 48 44 27 11 11 28 28 48 43 37 32 10 3 28 41 28 36 48 48 35 42 48 32 43 48 43 43 32 48 30 30 28 44 48
split_gain=196.393 146.135 387.996 223.99 211.414 180.642 167.706 150.636 236.043 251.747 203.695 164.576 163.784 150.743 145.72 139.036 205.177 239.502 164.974 175.983 136.638 133.678 130.988 130.115 149.984 129.691 407.934 168.303 129.98 165.084 130.537 169.378 253.554 237.602 399.388 228.651 183.212 382.633 200.184 174.633 144.579 135.586 147.178 138.626 148.438 132.543 185.241 201.171 132.121 256.686 221.424 215.093 205.298 362.261 226.965 202.327 161.235 142.136 131.299 143.125 129.857 128.134
threshold=12.791666507720949 5.0625000000000009 -0.53495380282402027 -0.99883171916007985 -0.20180235803127286 0.045778742060065276 0.097817458212375655 -0.99983122944831837 -0.99864786863327015 0.99629274010658275 1.0000000180025095e-35 1.1215000152587893 1.5860000252723696 0.45000000298023229 1.0000000180025095e-35 -0.99815973639488209 0.011826144531369211 12.500000000000002 0.38025361299514776 2.7055000066757207 0.023950564675033096 0.0098039219155907648 14.900000095367433 -0.19337245076894757 3.2749999761581425 -0.99761277437210072 -0.99465739727020253 0.09796465560793878 -0.99883171916007985 -0.70289847254753102 0.11194728687405588 105.04166793823244 145.29166412353518 0.044210137799382217 0.058037718757987029 -0.9911440610885619 -0.99549928307533253 1.9674999713897707 0.05172413773834706 45.208333969116218 0.65000000596046459 0.055752867832779891 0.93540480732917797 0.053132651373744018 8.5000000000000018 -0.89186012744903553 -0.98315334320068348 10.949999809265138 0.2269546836614609 0.89423519372940075 0.086206898093223586 -0.99372696876525868 -0.76042106747627247 -0.82897400856018055 -0.81923159956932057 0.086206898093223586 0.98931649327278148 0.044821200892329223 0.4015099704265595 0.055752867832779891 -0.81427544355392445 0.66164791584014904
decision_type=10 8 2 2 2 10 2 2 2 2 2 2 2 10 2 2 2 2 2 2 2 2 2 2 10 2 2 2 2 2 2 2 2 2 2 2 2 2 2 2 8 2 2 2 2 2 2 2 2 2 2 2 2 2 2 2 2 2 2 2 2 2
left_child=1 7 3 -3 14 23 -6 10 9 11 12 -9 -1 15 -5 16 17 21 -18 -20 -12 -10 -7 24 -4 27 -27 -17 29 60 31 33 35 45 -35 -33 37 38 -34 -37 58 43 -43 48 -45 46 -30 -48 50 55 -32 -52 54 -54 -53 -50 -51 -55 -38 -60 -28 -23
right_child=-2 2 5 4 6 22 -8 8 13 -11 20 -13 -14 -15 -16 25 18 -19 19 -21 -22 61 -24 -25 -26 26 28 -29 30 -31 41 32 36 34 -36 39 40 -39 -40 -41 -42 42 -44 44 -46 -47 47 -49 49 56 51 52 53 57 -56 -57 -58 -59 59 -61 -62 -63
leaf_value=0.024896244282913968 0.021406929018442988 0.042361545590629435 -0.064643085432754266 -0.072834603184161448 0.01387191895711886 -0.061929626465248501 -0.040637552539842164 0.020771609200086052 0.025733260474950205 0.046975651717058392 0.04035609665349156 -0.079101083810646566 -0.084741030607600243 0.018235114046305033 0.015946575459364332 0.035497744288049422 0.031513108201089789 -0.081349109696431499 -0.078005200088597126 0.012657758848142906 -0.03067906753020197 -0.0074887499162499746 -0.006602651609784637 -0.0034767711295435755 -0.0015532955375148387 -0.074231152472318443 -0.07276329592403874 -0.07020682574796043 0.02103781650401922 -0.070864498429524775 -0.015143498650939861 0.044982683757399777 -0.09446190801845801 -0.065419691415913167 0.033428679299066143 0.0067848239695289594 0.0040169281115027752 -0.097286782038785893 0.033197928201794881 -0.086830939614279332 -0.083520420339922311 -0.040838187584480795 0.021061809680375271 0.037010937456342506 -0.074328979042904392 0.026084440636600471 -0.11164030481656156 0.03062247434744424 0.0024482060965561625 0.036090776125157785 0.034376712825442836 0.030975891092309884 -0.076052264611199627 0.038451592613199553 -0.072998276174397081 -0.04854354274724889 -0.072407500158290103 -0.015962873839372695 -0.060096354821711696 0.030127260163976811 0.03806653333772364 -0.1015636343332843
leaf_weight=64.488292871130398 1330.8114778521704 373.52468270267127 223.54867668941733 48.160746761393966 207.91860112154973 415.13408582778357 439.11296076729195 50.670019460638287 313.33386431266263 68.051234252867289 681.79843040322885 221.85333819367224 72.202550534973852 1509.7796052455378 1146.181371872779 451.98396243344177 1297.7084155752091 97.315997302648611 72.336444742570166 205.81263220886467 75.159147401573136 239.13541272926523 144.11710573360324 919.23217448762443 162.81292946063331 179.8900896399573 36.66389562439872 41.079306964471471 179.80463377363048 140.32702913178946 3508.5429978208849 61.000124943559058 37.554055402608356 221.04193151471554 190.04374631689279 67.219385920092463 18863.508804780606 139.60621808670112 168.47066275365069 192.41042789316271 47.773350745002972 441.09996992991364 122.75269173151173 348.2164226299501 32.750697386261891 2014.5341910246934 70.619515699363546 38.341660533100367 1354.291704754869 703.52746549461153 497.33814566902583 479.86344619037118 213.51943828110234 170.85178448315128 58.932467913225992 227.16402704567008 35.993526353617199 403.28196775354445 157.72230014702654 60.938769344240427 94.684762476681499 42.651454027043656
leaf_count=265 2674 776 4118 1957 1766 4777 5663 300 1724 328 1310 6553 1276 5795 4799 1785 3317 2620 1024 1153 782 1725 391 9399 591 6931 1343 1659 399 7474 51385 81 596 1989 583 164 462691 2917 523 2461 1134 18224 2393 3247 3267 4051 579 45 21306 3254 819 2053 4112 1686 2879 5901 1495 9493 6231 867 558 678
internal_value=0.00250253 0.00189108 -0.00709056 0.00705799 -0.000103372 -0.023895 -0.0231214 0.00287968 0.00237867 -0.0390504 0.0231589 -0.0605318 -0.0330161 0.00277245 0.0123666 0.00209226 0.0140551 -0.00863058 0.0240233 -0.0109204 0.0333029 0.00326058 -0.0476721 -0.01371 -0.038057 0.00124569 0.000848159 0.026691 0.00127856 -0.033156 0.00157928 0.003581 0.00197498 0.0152938 -0.0197224 -0.0421269 0.00270104 -0.0333778 0.00992817 -0.0625934 0.0033529 -0.0036614 -0.0273623 -0.00199804 0.0274394 0.0215434 -0.0101368 -0.0615804 -0.00346338 0.0064942 -0.00779756 0.00633431 -0.0041799 -0.0204489 0.0196034 -0.00487637 0.03081 0.000229884 0.00357039 -0.0349519 0.00713014 -0.021728
internal_weight=42476.2 41145.4 4079.74 2214.9 1841.37 1864.84 647.032 37065.6 36172 340.575 893.648 272.523 136.691 35831.4 1194.34 34321.6 2268.29 692.437 1575.86 278.149 756.958 595.121 559.251 1305.59 386.362 32053.3 31560.3 493.063 31380.4 271.676 31108.7 22510.6 19796.2 2714.39 411.086 320.63 19475.6 345.631 206.025 259.63 19129.9 8598.13 563.853 8034.27 380.967 2303.3 288.766 108.961 7653.31 2320.98 5332.33 1823.79 1326.45 787.653 538.796 1581.46 739.521 574.134 19082.2 218.661 131.349 281.787
internal_count=702336 699662 34237 14961 14185 19276 7429 665425 661792 7181 3633 6853 1541 654611 6756 648816 12241 6747 5494 2177 2092 4127 5168 14108 4709 636575 633131 3444 626200 9375 616825 485311 477665 7646 2572 2706 474959 4036 1119 2625 470923 131514 20617 110897 6514 5074 1023 624 104383 31956 72427 21042 20223 15291 4932 27207 4749 11179 469789 7098 1901 2403
is_linear=0
shrinkage=0.05


Tree=98
num_leaves=63
num_cat=0
split_feature=1 20 17 44 46 35 17 40 44 44 19 43 37 44 22 46 21 44 43 44 38 44 35 38 28 44 44 42 28 43 15 27 43 32 40 44 44 44 44 44 43 43 29 43 28 46 10 42 43 10 28 44 44 28 19 44 43 34 35 41 41 30
split_gain=189.805 145.56 154.656 377.12 190.736 307.064 186.11 147.985 139.104 222.509 221.245 188.312 153.28 136.187 136.101 134.576 132.665 165.257 129.647 188.917 224.646 129.236 132.331 128.728 122.015 121.036 382.132 159.216 116.912 117.523 155.036 115.333 145.346 156.434 213.658 140.965 308.19 288.509 210.417 322.659 337.538 275.65 271.456 224.112 201.687 171.555 164.277 216.229 181.578 158.108 168.267 241.646 278.819 237.484 229.352 153.523 243.534 150.84 149.891 143.373 140.789 137.533
threshold=12.050000190734865 12.791666507720949 5.0625000000000009 -0.53495380282402027 -0.17212021350860593 6.9500000476837167 41.083333969116218 5.0030000209808358 -0.99983122944831837 -0.99864786863327015 1.5000000000000002 1.0000000180025095e-35 1.5860000252723696 -0.77243989706039418 0.45000000298023229 0.023950564675033096 5.0625000000000009 -0.17646729946136472 -0.99815973639488209 0.011826144531369211 12.500000000000002 -0.77243989706039418 4.4500000476837167 10.500000000000002 0.0098039219155907648 -0.99761277437210072 -0.99465739727020253 0.16280825436115268 0.0058823532890528449 -0.9769422411918639 0.27500000596046453 0.11194728687405588 -0.99549928307533253 0.05172413773834706 4.6029999256134042 -0.52034142613410939 -0.56369942426681507 -0.50557503104209889 -0.89404255151748646 -0.92272481322288502 -0.33425341546535486 -0.30163703858852381 1.4527461528778078 -0.23537230491638181 0.0058823532890528449 -0.37451905012130732 65.291667938232436 -0.35206145048141474 0.34235194325447088 50.125000000000007 0.0058823532890528449 -0.4755979031324386 -0.46800559759140009 0.0098039219155907648 1.5000000000000002 0.15738975256681445 -0.022576250135898587 1.0000000180025095e-35 13.84999990463257 -0.72947329282760609 -0.95642796158790577 1.0000000180025095e-35
decision_type=10 10 8 2 2 2 8 2 2 2 2 2 2 2 10 2 10 2 2 2 2 2 2 2 2 2 2 2 2 2 10 2 2 2 2 2 2 2 2 2 2 2 2 2 2 2 2 2 2 2 2 2 2 2 2 2 2 2 2 2 2 2
left_child=1 2 8 4 5 13 7 16 11 10 23 12 -1 -4 18 -13 17 -5 19 20 24 22 -6 -10 -11 27 -27 -20 -19 30 -30 32 33 34 -28 36 38 -37 39 40 -34 -42 -40 -43 -44 58 -45 61 -49 55 -51 53 -53 -52 -54 -39 -57 60 -46 -41 -47 -48
right_child=-2 -3 3 6 21 -7 -8 -9 9 14 -12 15 -14 -15 -16 -17 -18 28 25 -21 -22 -23 -24 -25 -26 26 31 -29 29 -31 -32 -33 35 -35 -36 37 -38 49 42 59 41 43 44 46 45 57 47 48 -50 50 51 52 54 -55 -56 56 -58 -59 -60 -61 -62 -63
leaf_value=0.023982685157713429 0.044858615831152589 0.019092691855394566 -0.07292603548898495 -0.065789779168997684 -0.020964965138767125 0.023705791453607506 -0.084067150182315489 0.029270740761034687 -0.077290924484421777 0.024856774651767666 -0.078648806808268981 0.039559454345481276 -0.083303691501171451 -0.014621685224391079 0.01732986130454299 -0.032167102883041455 -0.0052062192411690689 -0.085265216995875415 0.03389458231108243 0.023271247523674564 -0.080117853148167439 0.030524424675905722 0.022969530926885931 0.028363415913666021 -0.02067772485446024 -0.073432391627036797 -0.09763515680944701 -0.077569745953282254 0.011531616911407435 0.0087493898579802439 -0.060005315380473406 -0.0038135216460749924 -0.08145225876948918 -0.0042699567365949423 0.026334042998344173 0.041887935004856935 -0.060084235945717504 0.023400829345434693 -0.035736008640011571 -0.074756779787349487 0.02935570975327146 -0.06892246606921415 -0.059115403610491092 0.023577926261248744 -0.026632301195802933 0.041993016754904855 0.0432699358468846 0.011592956126889428 -0.081487166519784424 -0.022195609772325677 0.031304805124463507 0.041859906021846062 -0.013778089032279971 -0.082551554192112908 0.0069513114219326329 0.0080939782137803753 -0.091443789412358534 0.014859943402712761 0.02561724484272232 0.031784172043231244 -0.053299469498682917 -0.036973118161488489
leaf_weight=63.620172501541674 261.52730511967093 1227.7341944312211 199.64900466662948 311.83809399939491 346.57934971683426 292.51658116385806 122.52590500854421 138.50117866520304 37.746581267536385 308.29422948596766 169.09222858853173 658.04668184166076 69.836146465706406 200.97575416002655 1489.0159762079129 72.611719268024899 559.8054450613854 65.64472035127983 447.97777977524674 1539.6882377261645 93.95637149491813 779.27287108276505 339.06818613506039 122.0377651428862 281.41347866916476 172.93106251905556 121.91947581476416 34.504842044581892 116.1273868065764 281.16698538984929 217.75989217952883 8635.7876784306427 125.5952833952324 364.2827938729024 48.615214599762112 558.84096825013694 219.07962519206922 1843.2683409961464 745.37861980298476 32.423898183071287 712.12659352459013 134.45099603026756 146.34833466590499 474.27935184133821 730.42491766430612 51.239326289622113 58.110050941002555 878.44033320480958 55.718321273336187 637.27632974207518 65.770403536502272 498.3916987523844 1600.2714199163602 150.83122842414014 8029.8493133292795 324.28827670414466 75.817145986307878 1651.309093695294 169.02494400244905 1209.4410953493498 159.15712935413467 658.63520354811044
leaf_count=265 366 2511 4233 5061 4653 609 2333 364 718 1724 5524 1307 1276 2016 5787 780 2147 1270 2033 5490 2620 2643 756 936 2403 6931 2242 1411 906 4411 2739 133778 3184 2358 86 2787 7877 4330 27912 1308 2681 4969 4599 1369 17785 746 103 14095 1930 10854 179 1360 74027 4177 253347 1558 1382 11475 391 8605 12320 12299
internal_value=0.00239524 0.00213037 0.00161867 -0.00775443 0.00636923 -0.0152406 -0.0245628 -0.0202508 0.00263222 0.00215457 -0.0387834 0.0224559 -0.032159 -0.0436773 0.00253346 0.0324314 -0.0246692 -0.0356466 0.00188632 0.0135593 -0.00831311 0.0165941 0.000761635 0.00340421 0.00312733 0.00107074 0.000688128 0.0259232 -0.0218375 -0.0150679 -0.0351245 0.0010994 0.00298247 -0.022772 -0.0622946 0.00360868 -0.00157753 0.006698 2.62515e-05 0.00747 -0.00116331 0.00222993 -0.0088161 -0.00631879 -0.00191481 0.00111697 -0.00235813 -0.00980916 0.00604115 0.00521108 0.00274028 0.00427637 0.00539388 -0.0479794 0.00350663 0.0173069 -0.0107677 0.00977978 -0.0168135 0.0290025 -0.0300922 -0.0304674
internal_weight=42187.9 41926.3 40698.6 3971.43 2158.06 693.141 1813.37 1690.84 36727.2 35863.1 328.877 864.115 133.456 400.625 35534.2 730.658 1552.34 992.537 34045.2 2223.35 683.664 1464.92 685.648 159.784 589.708 31821.8 31339.3 482.483 680.699 615.054 333.887 31166.4 22530.6 534.817 170.535 21995.8 8211.18 13784.6 7992.1 4339.22 3097.36 2971.76 3652.88 2259.63 2907.5 2761.16 2125.18 1650.9 934.159 13225.8 10982.4 10345.1 10128.5 216.602 9630.12 2243.37 400.105 1861.71 899.45 1241.86 210.396 716.745
internal_count=702336 701970 699459 34141 14910 6858 19231 16898 665318 661690 7178 3628 1541 6249 654512 2087 16534 14387 648725 12237 6747 8052 5409 1654 4127 636488 633044 3444 9326 8056 3645 626113 492335 4686 2328 487649 133648 354001 125771 50543 40630 37446 75228 34765 47316 42717 29796 28427 16025 351214 343944 333090 328734 4356 327374 7270 2940 24541 18176 9913 13066 12402
is_linear=0
shrinkage=0.05


Tree=99
num_leaves=63
num_cat=22
split_feature=1 20 34 0 35 0 28 0 17 0 0 47 34 43 43 17 0 7 7 0 30 28 0 28 0 0 44 43 0 44 0 0 41 0 43 0 17 44 42 0 0 42 7 43 43 43 30 43 44 0 28 34 35 43 29 0 28 0 0 28 0 47
split_gain=179.361 133.546 116.113 191.093 132.487 295.97 169.721 373.39 169.441 200.731 136.894 130.605 129.489 109.727 106.534 129.293 101.838 181.621 173.63 222.991 179.505 167.405 333.244 194.612 253.941 163.92 138.096 134.176 542.622 335.077 699.375 258.946 212.746 239.186 205.421 166.489 184.687 154.104 152.434 644.35 310.738 422.604 304.842 279.585 278.22 260.77 211.869 172.909 457.094 413.579 238.553 187.206 166.101 153.215 352.757 155.377 154.841 210.112 149.014 146.192 233.393 141.373
threshold=12.050000190734865 17.562500000000004 16.250000000000004 0 12.650000095367433 1 0.036731028929352767 2 45.549999237060554 3 4 0.17187104374170306 11.449999809265138 0.9937499761581422 0.14250627160072329 37.083333969116218 5 33.399999618530281 0.75000000000000011 6 0.17462912201881411 0.045542273670434959 7 0.04256099462509156 8 9 -0.26867066323757166 -0.9769422411918639 10 0.14037931710481646 11 12 0.63405361771583568 13 -0.99904707074165333 14 0.35416667163372045 0.99024581909179699 -0.52778512239456166 15 16 0.29012925922870642 3.6499999761581425 -0.97312742471694935 -0.9599599540233611 0.93845596909523021 0.33113247156143194 -0.39826117455959315 -0.58481180667877186 17 0.045542273670434959 1.0000000180025095e-35 1.1500000357627871 0.056951373815536506 5.4028868675231942 18 0.013725490774959328 19 20 0.0058823532890528449 21 1.0000000180025095e-35
decision_type=10 10 2 9 2 9 2 9 8 9 9 2 2 2 2 10 9 2 2 9 2 2 9 2 9 9 2 2 9 2 9 9 2 9 2 9 10 2 2 9 9 2 2 2 2 2 2 2 2 9 2 2 2 2 2 9 2 9 9 2 9 2
left_child=1 2 4 -4 8 -6 7 11 12 -10 -8 -7 13 16 -12 -16 18 27 20 -20 21 23 -23 24 26 -25 -1 28 34 32 -31 37 35 -34 -18 59 -37 -29 39 42 41 -40 44 -42 -33 -45 -43 48 -41 -50 51 -51 -46 54 56 -55 57 -54 -49 60 -30 -38
right_child=-2 -3 3 -5 5 6 10 -9 9 -11 14 -13 -14 -15 15 -17 17 -19 19 -21 -22 22 -24 25 -26 -27 -28 31 29 30 -32 38 33 -35 -36 36 61 -39 40 47 43 46 -44 45 52 -47 -48 58 49 50 -52 -53 53 55 -56 -57 -58 -59 -60 -61 -62 -63
leaf_value=-0.010174364382257634 0.044418536602358644 0.021511608493163605 0.024692861438549634 -0.088549751761206941 -0.054613291610213166 0.024074683254085336 0.030149420143733799 -0.070534463145092971 0.019771944132705162 -0.081706781433774134 0.010503052945556215 -0.03314814922145172 -0.096791602461738568 -0.05866128247259772 -0.093147851809545087 0.048374952950466593 0.0013168013708740984 -0.10978470621787635 -0.051623415905879724 0.029712398401382734 -0.013579055170814452 0.0071037184567457031 -0.053157468786962092 -0.030394274563547066 0.014409992920075424 0.044885170106868766 -0.071755273568411035 -0.04904996853729994 0.020993931229246657 0.028696118781214825 -0.096899062057656971 -0.11264646947017892 0.01172383697410284 -0.044235999218117467 -0.070945616083877283 0.013787185989103402 -0.063461025335870058 0.038359550446429802 0.002246194833243194 -0.058024504610603558 -0.11251489299938783 -0.053021216120796216 -0.09819115753316017 0.0079410499269405525 -0.044267790006580841 -0.058794026512504011 0.00090669586288969178 -0.015660109644472158 -0.063323596106030083 -0.052003209616167036 -0.062838505129286654 0.018413374156275131 0.024705342145160864 -0.053212391965873934 0.019827096464850327 0.0086773117598631568 -0.057318605727568986 -0.07135809448338494 0.01268141866865987 0.027847655396594142 -0.086721339428916563 -0.0021589722679177942
leaf_weight=353.15903053204238 251.17543330136687 862.28502210823353 61.753299580421299 79.632705585318035 152.36342763836728 502.04125896794721 1545.0258269053302 162.04996734147426 77.314999946800526 120.63335438605282 727.95732786582084 124.42945592454635 33.693952763947891 76.212168366488186 54.450061024093884 22.936784514953615 146.43958879294223 37.542564136791043 82.968626304151258 1133.6902903945011 1249.6207656878687 896.00734785175882 297.88121851178585 77.522626297984971 2222.301857383427 628.14063410222298 122.65952824582928 417.38154762863996 145.98639343888499 226.63205044926144 203.01218944021093 81.933470008778386 473.1125962609658 307.72494874894619 299.45814251500997 1591.1468241820403 145.27232787136745 57.352717215428129 1713.0709860045026 380.24997017295391 49.148514990491094 712.39799985643185 137.72208397998475 10526.034387687221 523.07149588996253 148.44712492909457 244.68488007204724 523.8583051446476 207.89212459846749 100.34497973961697 106.74459741033206 1589.6057823737356 156.70682345703244 104.53285338461865 308.95439859502949 876.30038518016227 562.7978515434952 76.797694737499114 3646.8167337332416 2793.3476924679708 65.02292552270228 266.73498134803958
leaf_count=6421 366 1669 80 1002 1598 652 2161 2158 222 2479 2352 343 283 24173 808 37 1231 223 2698 3648 32680 30206 36410 1803 50155 2914 8162 117974 241 429 3896 913 1708 4940 4773 8187 1929 6363 33557 5737 732 46891 963 125283 29012 11671 3619 7940 3338 3858 2856 5109 198 973 775 3564 5153 918 34414 5092 738 1658
internal_value=0.00229369 0.00203947 0.00162752 -0.0436052 0.00178497 0.0114017 0.0147331 -0.00529292 0.000937014 -0.0451999 0.0215143 0.0125094 0.00118299 0.00127199 0.00451764 -0.0512017 0.00139537 0.000120644 0.00679101 0.0239857 0.00322488 0.0077921 -0.0083175 0.0134426 0.00732837 0.0368205 -0.0255129 0.000258605 0.00651356 0.0103497 -0.0322366 -0.00153397 0.0135286 -0.0107461 -0.0461779 0.0173138 0.00603155 -0.037696 -0.000763404 -0.00565028 0.00266001 -0.0125748 -0.0255458 0.00645914 -0.021923 0.00701298 -0.0392342 0.00296944 -0.00776466 0.00176912 0.00959989 0.0142322 -0.0190741 -0.012757 -0.0255219 0.00162733 -0.0431167 -0.00888706 0.00911443 0.0247339 -0.0153136 -0.0237739
internal_weight=41872.2 41621 40758.7 141.386 40617.3 3291.25 3138.89 788.521 37326.1 197.948 2350.37 626.471 37128.1 37094.4 805.344 77.3868 37018.2 29954.3 7063.95 1216.66 5847.29 4597.67 1193.89 3403.78 2698.12 705.663 475.819 29916.7 6663.89 6217.99 429.644 23252.8 5788.35 780.838 445.898 5007.51 2003.15 474.734 22778.1 9384.33 13393.8 2670.15 2828.82 10723.6 2691.09 10674.5 957.083 6555.51 2384.84 2004.59 1796.7 1689.95 2609.16 2086.09 1105.26 980.833 796.302 233.505 4170.68 3004.36 211.009 412.007
internal_count=702336 701970 700301 1082 699219 10109 8511 3153 689110 2701 5358 995 686409 686126 3197 845 661953 486856 175097 6346 168751 136071 66616 69455 64738 4717 14583 486633 34822 28818 4325 451811 24493 6648 6004 17845 11774 124337 327474 105721 221753 84067 42469 137686 41506 136954 50510 63252 20898 15161 11823 8967 40593 11581 7044 4537 6269 1116 42354 6071 979 3587
cat_boundaries=0 3 7 11 14 18 22 25 28 31 34 38 41 45 49 53 57 61 65 69 72 76 79
cat_threshold=515 0 536870976 2290091040 0 20205459 512 1649017489 12848128 805306432 14 2197815683 4104 4160 1092108674 27131908 1556086848 45 2626700320 104924176 119564163 512 402670592 37748736 67109889 2618294304 104857600 67109122 1048608 1040 67109120 2492465152 37748736 25344 37753346 22592 134219776 304 16777216 8192 272629824 2361344 1880523137 2148466724 64 1073938704 1083179008 2425618448 2 819217 1075576834 819200080 8 229763 30792 281022544 176 565332 2309489186 1745911816 9 553648640 524290 1048576 256 131074 64 64 32 0 8192 268435520 37748752 0 2048 5 1 2 545259520
is_linear=0
shrinkage=0.05


Tree=100
num_leaves=63
num_cat=19
split_feature=6 0 4 18 0 0 28 0 0 0 44 48 0 44 0 44 28 0 44 44 0 44 41 0 28 10 44 44 10 18 28 46 34 28 44 0 48 46 48 48 44 0 0 10 44 0 48 44 0 48 0 28 28 21 48 30 0 0 44 7 11 18
split_gain=140.123 348.37 220.767 154.789 262.625 143.439 125.659 1007.98 681.773 397.271 315.215 325.339 292.23 238.393 305.405 270.026 210.253 284.8 240.155 224.49 205.059 204.168 201.303 227.213 229.42 191.962 188.837 188.824 188.537 186.079 183.051 178.166 176.491 167.474 331.664 195.627 269.181 197.819 162.577 464.786 283.058 710.046 256.904 251.984 245.108 193.262 218.439 161.633 157.068 156.101 163.556 155.038 154.778 147.298 145.573 144.834 182.465 166.902 143.246 142.452 222.568 198.303
threshold=2.8500000238418584 0 2.8500000238418584 81.875000000000014 1 2 0.036731028929352767 3 4 5 -0.90892156958580006 -0.99262195825576771 6 -0.75013810396194447 7 -0.99761277437210072 0.046430176123976714 8 0.56901594996452343 -0.76140165328979481 9 -0.95242238044738758 1.0000000180025095e-35 10 0.054168537259101875 71.958332061767592 0.79773375391960155 -0.97507822513580311 9.4583334922790545 40.062500000000007 0.013725490774959328 0.33936469256877905 12.949999809265138 0.056927841156721122 -0.99052476882934559 11 -0.72717297077178944 -0.83630844950675953 -0.7519201636314391 -0.55407407879829396 -0.82413947582244862 12 13 66.208332061767592 -0.61236745119094838 14 -0.49366806447505945 0.59696555137634288 15 -0.28256437182426447 16 0.0098039219155907648 0.025490196421742443 -0.18333333730697629 0.99629274010658275 0.0859629660844803 17 18 -0.98212954401969899 0.65000000596046459 62.125000000000007 25.274999618530277
decision_type=10 9 10 8 9 9 2 9 9 9 2 2 9 2 9 2 2 9 2 2 9 2 2 9 2 2 2 2 2 10 2 2 2 2 2 9 2 2 2 2 2 9 9 2 2 9 2 2 9 2 9 2 2 10 2 2 9 9 2 2 2 10
left_child=3 -2 5 6 -5 -3 7 -1 10 28 21 -12 16 14 31 30 18 19 27 -18 -15 -8 38 -24 25 -25 29 -10 -9 32 -16 51 59 34 48 -36 -37 -38 42 -40 43 -42 -14 -41 -43 -45 -47 -27 -19 -17 58 -11 54 -46 55 57 -57 -30 -51 60 -22 -62
right_child=1 2 -4 4 -6 -7 8 9 12 13 11 -13 22 20 15 49 17 33 -20 -21 26 -23 23 24 -26 47 -28 -29 52 -31 -32 -33 -34 -35 35 36 37 -39 39 40 41 44 -44 45 53 46 -48 -49 -50 50 -52 -53 -54 -55 -56 56 -58 -59 -60 -61 61 -63
leaf_value=-0.043705580044407166 0.031173489334127658 -0.0025643924604934368 0.028126483055584635 0.028345951439342737 -0.08095233476079354 -0.066414815152628523 -0.031119625466971293 -0.091397533490698235 -0.064628816028612299 0.037301059385850703 0.025653855076475891 -0.051475028807957596 -0.061000102768627787 -0.060472686704600591 -0.083509459637541528 -0.073403258513866573 -9.8746851745755936e-05 0.038190222001588642 -0.065130210022057003 -0.051969263389682531 -0.076515937292034542 0.026028998435685 -0.026666248629406482 -0.066446221821210183 -0.046568867111098047 0.018986847239250006 -0.055835214268794175 0.022685516743045135 -0.03903051883109409 -0.047320870170834042 0.025879986577232412 -0.046624429329959069 -0.10598520893047628 0.022928303108707932 -0.047610841743743165 -0.070546069477947726 -0.067702022114897897 0.013998722266009437 -0.077440798163801353 -0.095734451754056524 -0.06057557135213526 -0.074720990670478882 0.023781298715524146 0.031064874700405132 -0.095013020669129533 0.044515224366795836 -0.032891001243835996 -0.063870748402189856 -0.040917271248380092 -0.1009925565546618 -0.057157106945227347 -0.023103677545689913 -0.031850278050047094 0.017477026470925038 -0.060703569350344239 -0.022057321742418423 0.010217629706184341 0.023897889379203143 -0.0028691041316468145 0.019563878918057755 0.0028676249215530388 -0.061337500347786504
leaf_weight=1271.9643714171689 1197.9681329424493 164.13155544444453 180.13562824204564 86.332198863688973 132.26245561588439 200.16779536986724 261.67261226200208 45.684255687112454 62.675649000331759 392.03440724383108 159.01318543087109 975.36581681927055 85.792141829297179 130.85294973861892 45.010549060680205 322.10166504661902 545.95134343314567 609.40140758082271 81.000722320168279 337.56473646473023 92.810518204118125 388.04445573268458 1192.4911499095178 77.11497769120615 206.56771769358602 1179.9220510316009 146.2465074796346 5132.1933178409527 102.23401187240961 189.77398286446987 254.38970819831593 119.22962904031738 37.060802612599218 1776.5241100341955 293.32070840393135 126.69410563580459 80.988483095745323 869.75350045986124 182.13294742329163 46.875812795944512 484.64555684103107 81.272619471186772 1585.737498531802 1310.7213375736319 29.799193532118807 134.01694848711486 284.88999922046787 61.948013910092413 63.458265521447174 40.847682263469324 355.46435328973166 145.70875423107645 211.03590882246499 1242.1102327157132 69.232825878658332 469.74933964060619 5157.0094265273947 2647.4986286124476 415.85931756711216 1144.9639004382771 5742.6487101538805 122.83508067819639
leaf_count=61302 1777 491 387 641 2112 1769 11762 482 1053 1294 3612 89644 3235 8248 1349 11456 6482 977 5658 17271 588 4583 28608 1089 15272 16640 34229 20010 11147 2342 1585 1876 395 15868 11039 5023 2946 13007 5735 582 15312 2832 12967 4292 662 225 5610 8964 1481 570 11724 1780 7230 18933 2720 13527 40227 33157 3159 3617 86827 2431
internal_value=0.00237355 0.0162525 -0.0168428 0.00176657 -0.0401924 -0.0395411 0.00199806 -0.000837514 0.0047942 0.00214843 -0.0246199 -0.0406634 0.00769236 -0.00480929 -0.019768 -0.0325738 0.0134339 0.00576113 0.0203 -0.019694 -0.000704572 0.00301247 0.000685015 -0.0104352 0.00241132 0.0101004 0.000421828 0.0216321 0.0098986 0.00154482 0.00943485 0.00854289 0.00284356 0.0116694 0.00193901 -0.0121734 -0.00206487 0.00703908 0.00621391 0.000493154 0.00442039 -0.00933664 0.0192072 0.0186523 0.00939296 0.0217524 -0.00793767 0.0148537 0.030689 -0.0439494 -0.0322682 0.0209336 0.0104446 0.0148415 0.0115014 0.0120982 0.00750212 0.0215032 -0.0113957 0.00341137 0.000307451 0.00152304
internal_weight=41582.9 1742.4 544.435 39840.5 218.595 364.299 39621.9 19672.2 19949.7 18400.3 1784.1 1134.38 18165.6 9697.84 2090.65 1433.67 9979.53 4703.66 5275.87 883.516 7607.19 649.717 8186.04 2718.04 1525.55 1318.99 7476.34 5194.87 8702.44 7330.09 299.4 656.973 7140.32 3820.14 2043.62 1370.76 1077.44 950.742 5467.99 3796.46 3614.33 1837.83 1671.53 1776.5 1353.18 1729.63 418.907 1241.87 672.86 1134.27 812.171 537.743 8656.76 1271.91 8445.72 8376.49 5626.76 2749.73 456.707 7103.26 5958.29 5865.48
internal_count=701813 4424 2647 697389 2753 2260 694636 343262 351374 281960 109601 93256 241773 173470 34793 29843 100815 74094 26721 23753 138677 16345 140958 70573 41965 26693 130429 21063 108490 96200 2934 4950 93858 50341 34473 32015 20976 15953 70385 54183 48448 37739 16202 10709 22427 10127 5835 25604 2458 26909 15453 3074 108008 19595 100778 98058 53754 44304 3729 93463 89846 89258
cat_boundaries=0 4 8 11 15 19 23 27 31 34 37 41 45 49 53 57 60 63 66 70
cat_threshold=3038299011 92610562 2684368976 32 4194432 5192 2147483794 8 33621040 4725760 12583936 2148532256 1159462976 1146093584 400 48274440 939575553 2148263840 67 1338676498 19456 268724097 547 2282767008 1201414212 1693450320 272 0 33554432 10491906 4 16512 1074790404 77594640 0 33554432 2097154 286195715 4114 268441600 168 2148532224 41943040 1610612736 256 1158152451 5122 436209666 520 67371266 4325384 1 32 1141440771 131096 402659328 160 544 58720256 1610612736 536887297 8519706 2684354560 150995202 18432 8320 134251536 0 262657 512
is_linear=0
shrinkage=0.05


Tree=101
num_leaves=63
num_cat=0
split_feature=1 43 22 34 35 28 43 28 48 48 48 43 48 44 28 48 27 44 43 44 43 48 28 40 46 44 44 44 44 28 43 44 48 43 48 39 28 44 43 46 28 32 44 37 7 43 44 42 43 48 48 43 35 42 44 35 43 39 39 34 44 43
split_gain=153.77 109.679 99.1844 101.295 93.7446 222.073 203.841 191.925 118.987 449.007 537.055 441.405 375.731 332.897 593.31 296.264 271.684 249.134 239.839 239.833 233.148 184.017 170.226 157.811 156.114 155.84 318.077 152.528 148.723 130.464 129.065 213.579 120.114 645.109 297.394 430.868 330.368 331.188 311.984 253.842 219.956 184.473 181.067 247.02 180.177 177.238 355.006 583.56 456.986 381.684 528.867 500.315 421.017 347.945 341.16 393.998 327.779 302.892 274.158 270.565 236.029 225.858
threshold=12.050000190734865 0.9937499761581422 5.0625000000000009 16.250000000000004 13.150000095367433 0.0058823532890528449 -0.99815973639488209 0.054168537259101875 -0.92896968126296986 -0.82755351066589344 -0.86769786477088917 -0.69674959778785694 -0.89743253588676442 -0.42958799004554743 0.056927841156721122 -0.99731963872909535 0.051905291154980666 -0.71502926945686329 0.55656746029853832 -0.99761277437210072 -0.99940761923789967 -0.99521785974502552 0.040600210428237922 4.6029999256134042 0.15934918075799945 0.22491560876369479 0.54039287567138683 0.77652049064636242 -0.76140165328979481 0.029411765746772293 -0.93843427300453175 0.089118976145982756 -0.5037802755832671 -0.99166062474250782 -0.28256437182426447 0.65450000762939464 0.04256099462509156 -0.17646729946136472 0.15951094031333926 0.46531398594379431 0.013725490774959328 0.05172413773834706 0.29137697815895086 1.9674999713897707 24.94999980926514 0.3903625756502152 -0.17646729946136472 -0.52778512239456166 -0.86546283960342396 0.85203769803047191 -0.12568955123424527 -0.75579217076301564 0.45000000298023229 0.16280825436115268 -0.83375966548919667 0.55000001192092907 0.17646842449903491 0.17249999940395358 0.19749999791383746 8.6500000953674334 -0.90892156958580006 0.32613943517208105
decision_type=10 2 10 2 2 2 2 2 2 2 2 2 2 2 2 2 2 2 2 2 2 2 2 2 2 2 2 2 2 2 2 2 2 2 2 2 2 2 2 2 2 2 2 2 2 2 2 2 2 2 2 2 2 2 2 2 2 2 2 2 2 2
left_child=1 2 3 4 8 6 -6 -7 13 10 11 12 16 14 17 -15 -10 18 19 -1 -17 -16 30 -19 -20 -22 -27 29 -23 -28 31 -14 33 41 35 36 37 -34 -38 42 -39 -11 -35 -44 -37 46 47 48 -36 50 -49 -51 -52 58 55 -55 -53 -54 -47 -48 -60 -59
right_child=-2 -3 -4 -5 5 7 -8 -9 9 32 -12 -13 22 15 21 20 -18 23 24 -21 25 28 -24 -25 -26 26 27 -29 -30 -31 -32 -33 34 39 45 44 38 40 -40 -41 -42 -43 43 -45 -46 53 59 49 -50 51 52 56 57 54 -56 -57 -58 61 60 -61 -62 -63
leaf_value=0.029207413309445391 0.043016658917510511 -0.059015074694350869 0.017459566716644306 -0.040488298249438504 0.030841960827516109 0.017098504270853517 -0.089651419820496875 -0.049568484589263814 0.032990605882101225 -0.10593679721153078 -0.078075296992855245 -0.068190490571237425 -0.10839294735203515 -0.042002691288690872 0.042410886068207511 -0.087926677377866358 -0.070650646234559564 -0.086466162387461715 -0.079656086543055726 -0.052540211944967288 0.026463638498844956 0.024931378264448675 -0.07659134800048549 0.013121783110196265 0.051779806657236485 -0.075655985930149647 0.046152761100514701 -0.058170094864897416 -0.075227605451770277 -0.06691190093250228 0.041937671258934051 0.028626467060263772 -0.067527160534565742 0.020080553805027674 -0.072283229146960587 -0.0754073827676911 0.025891917630146252 0.023889225335290185 -0.064865042753719376 -0.0070803506879500329 -0.065062657738074139 -0.031902197389322359 0.016598298939840241 -0.06486402400869494 0.038745977162049999 -0.012800553296953768 0.0078552448836555402 0.019899991856201272 -0.017956264522336462 -0.039274595796893165 -0.0011622104904942924 0.025831820358561471 -0.010286199529054442 0.040068140106173045 -0.034425899188061097 -0.085841162449729905 -0.079383641671712066 -0.072900891072852303 0.04686348926777547 -0.090575254586297269 0.014725827541355705 0.033546588505998801
leaf_weight=114.86928326479392 230.2624986441806 73.418523329761229 1031.5148031447316 141.4004743413243 53.98337099008495 2501.3603235084593 100.34243578588939 112.82654459448531 88.558231581264408 117.61132032808382 373.05933099163667 258.81210525044298 40.765156231005676 201.03620214137482 487.85034615531913 48.849552785744891 221.1065500734112 262.86478062722017 26.512700680468697 409.83629349712282 2828.6768091299746 80.760999352904037 38.960061175268493 46.873434953216929 152.76817896919965 118.17505245907523 250.33066310253344 52.641736519959522 68.497569636965636 28.409425351768732 534.96673213111353 94.06745966579183 340.90709304269694 4321.414191783595 467.64364330540411 367.98903175651503 737.23484146279225 270.63750507024815 108.64670344328624 1404.7075833416893 93.509163095121039 295.65192012502666 236.14673572893662 153.58142979317927 38.15079777687788 739.44773390050977 7139.5647095466848 920.81835770163161 2247.2152258523129 379.4392943996645 949.59422611760965 2333.588921345261 381.97607628112019 384.98638141372066 791.97450671441038 74.089729122031713 76.44717594832764 683.70817588437058 693.22097419953207 70.505042143573519 3248.8515630529582 53.749089787859702
leaf_count=1240 356 24280 2493 1107 123 6632 1139 911 605 1848 15961 21960 670 9608 1394 802 3747 7333 773 14944 13633 1446 1350 231 573 6810 3875 14515 1746 3135 1258 467 8581 34083 6351 14963 7123 5405 8624 31000 5092 2106 7154 18705 41 13073 140870 7266 29185 7077 31626 14084 2724 4697 55266 1181 2441 12189 1420 545 61690 286
internal_value=0.00227139 0.00204238 0.002152 0.00175588 0.00190627 0.0107805 -0.0475027 0.0142212 0.0012414 9.59118e-05 -0.0252982 -0.00988293 0.00493477 0.00826904 -0.010263 0.0169403 -0.0410112 -0.0340263 -0.0175848 -0.0346439 0.0205019 0.0275475 0.0250091 -0.0713953 0.0323426 0.0221176 -0.00522804 0.0198875 -0.0210335 0.0346291 0.0309188 -0.0127998 0.00148714 0.00748907 -0.000173773 -0.0188388 -0.00683334 -0.0321098 0.0142349 0.0115746 0.00104729 -0.0529718 0.0171368 -0.0155038 -0.0646844 0.0015145 -0.0012669 -0.008193 -0.0273143 0.000789297 -0.0116221 0.0140922 -0.025651 0.00887722 -0.0145467 0.0197478 0.0224943 -0.0464243 0.0151368 0.00689272 0.0203773 -0.0651425
internal_weight=41197.4 40967.1 40893.7 39862.2 39720.8 2768.51 154.326 2614.19 36952.3 31773.3 1650.3 1277.24 1018.42 5178.95 1650.83 3528.12 309.665 1013.72 703.986 524.706 3327.08 637.109 708.759 309.738 179.281 3278.23 449.557 331.382 149.259 278.74 669.799 134.833 30123 6529.11 23593.9 1957.08 1550.94 705.054 845.882 6115.85 364.147 413.263 4711.14 389.728 406.14 21636.8 15704.2 8494.18 2714.86 5779.32 2989.85 2789.48 2069.03 5932.57 1251.05 459.076 2410.04 1119.43 4681.52 7210.07 3942.07 737.457
internal_count=701813 701457 677177 674684 673577 8805 1262 7543 664772 582714 46018 30057 8097 82058 29680 52378 4352 25094 17530 16184 42770 4586 3745 7564 1346 41968 28335 21525 3192 7010 2395 1137 536696 94896 441800 49829 34825 19078 15747 90942 10497 3954 59942 25859 15004 391971 254644 113229 35536 77693 54091 23602 46825 137327 61144 5878 16525 15199 76183 141415 63110 12475
is_linear=0
shrinkage=0.05


Tree=102
num_leaves=63
num_cat=17
split_feature=1 43 0 22 0 17 0 21 48 0 26 32 26 43 20 0 28 46 21 28 17 39 22 0 43 48 48 7 0 0 42 10 0 43 42 45 0 11 0 0 48 0 43 48 43 32 43 0 48 41 43 0 43 43 0 48 28 7 43 9 11 0
split_gain=145.052 103.779 92.9757 91.3789 95.2913 93.4633 602.378 167.287 157.39 139.761 167.183 128.666 127.173 120.668 115.978 113.46 111.786 230.487 111.501 110.408 128.128 122.565 109.706 107.114 104.728 270.006 253.347 164.565 141.37 126.376 182.139 119.614 198.754 172.805 170.289 160.709 318.543 185.348 177.39 175.706 142.767 134.712 126.621 340.828 322.758 209.35 172.799 157.033 147.611 126.854 123.352 197.135 119.444 129.326 122.056 110.362 110.346 146.829 109.81 106.561 240.016 253.8
threshold=12.050000190734865 0.9937499761581422 0 5.0625000000000009 1 3.0499999523162846 2 2.1833333969116215 -0.99883171916007985 3 -0.022095818072557446 0.05172413773834706 -0.062349388375878327 -0.98930078744888295 3.8875000476837163 4 0.013725490774959328 0.66983705759048473 7.1833331584930429 0.013725490774959328 20.354166984558109 0.13900000229477885 0.45000000298023229 5 -0.99904707074165333 -0.94929715991020192 0.66164791584014904 1.5500000119209292 6 7 -0.41248606145381922 46.875000000000007 8 0.91248813271522533 0.09796465560793878 1.0000000180025095e-35 9 167.95833587646487 10 11 -0.78394964337348927 12 -0.50556187331676472 0.35847190022468572 -0.86546283960342396 0.086206898093223586 -0.99815973639488209 13 -0.78394964337348927 0.81241145730018627 0.52766072750091564 14 0.3903625756502152 -0.21861968189477918 15 0.94558385014534008 0.044210137799382217 35.649999618530281 1.0000000180025095e-35 2.0816681711721688e-17 30.875000000000004 16
decision_type=10 2 9 10 9 8 9 10 2 9 10 2 10 2 10 9 2 2 10 2 10 2 10 9 2 2 2 2 9 9 2 2 9 2 2 2 9 2 9 9 2 9 2 2 2 2 2 9 2 2 2 9 2 2 9 2 2 2 2 10 2 9
left_child=1 2 -1 5 -5 22 8 11 -7 13 12 15 -11 14 -10 -8 17 -15 19 20 21 -12 24 -9 25 -4 29 -28 31 -27 -31 32 34 35 -26 36 -33 39 40 -37 41 -39 43 44 47 48 -45 -40 -44 -49 52 -52 53 55 58 -50 -34 -58 -55 60 61 -30
right_child=-2 -3 3 4 -6 6 7 23 9 10 18 -13 -14 16 -16 -17 -18 -19 -20 -21 -22 -23 -24 -25 28 26 27 -29 59 30 -32 33 56 -35 -36 37 -38 38 42 -41 -42 -43 45 46 -46 -47 -48 49 50 -51 51 -53 -54 54 -56 -57 57 -59 -60 -61 -62 -63
leaf_value=-0.045633302027632425 0.04253642258358472 -0.058861848969530721 -0.090477747430435962 0.028338121991689627 -0.0034712316334566205 0.043468305295644716 0.0039146014999383652 -0.04516593436677694 -0.066545432341955132 -0.053228222510863427 0.02406506725043649 -0.067851273785950031 0.028015406421962138 -0.071542813453160617 0.025575835438103829 -0.045773629414265216 0.023041372221218135 0.027201006254395088 0.0061848879312791719 -0.047777696603562521 0.031662165015052118 -0.08311825883822925 0.018463981527273673 -0.0036810000757514019 -0.088811587538002612 0.037527257464792907 -0.082505274137717743 0.04435890697966699 -0.0088278245852071481 0.01633520434551405 -0.07778476429819059 0.022152475584828329 0.030517992755467904 -0.041615040344370413 0.012156566694289096 0.011686574038704689 -0.051239809628044412 0.0062729507049863274 -0.058819732052283413 -0.068093598896281943 0.016761395787275882 -0.05962452503767595 -0.048291913618552541 0.032635121113451702 -0.063497873560078771 -0.066296765744924421 -0.063586423250235363 0.014480778930056924 0.035190212768532639 -0.068469569702327468 0.026405509145877332 -0.062039459807232439 0.043937363139002039 -0.076239713769828174 -0.057828004133158022 -0.055380522429622527 -0.074284175032721708 0.051887755420333116 0.014014833159410756 0.0134421808928759 -0.0008143876010044274 -0.087942323922717822
leaf_weight=91.952693415682006 221.4433472128585 70.015106849226868 58.318456631663139 646.16532542556524 370.97693895222619 282.4821268832311 183.94055376172764 193.85431381702074 86.824696244148072 55.137157313380158 42.951379233738407 348.08728150802199 381.0733368555957 100.83594613533933 56.334062876179814 312.29101931274636 1392.7212069379748 142.77148513688007 282.42868201225065 394.25065945190727 119.86470703117084 70.36922554022749 1075.1343365646899 685.25414308719337 74.42403525771806 829.27667352548451 93.441012942173984 35.188808986567892 295.08442211465444 451.31355596418143 58.008729161054362 2044.4238876691961 1197.810157955566 201.29753271306981 95.147464609515737 113.56261220615124 150.543181138215 208.99993928213371 75.554575681104325 170.10178131866269 2470.7367603682651 113.71325682468887 102.06763028621208 53.159360456513241 185.17151787193143 95.264427557471208 381.57950268164859 1214.7422190472134 446.35689853446092 47.907771043828689 117.33083799481392 118.26872801652644 368.13098965474637 37.549796446051914 89.315785445971414 36.375294540834147 58.993698598700576 37.853752935305238 328.81180410808884 1242.7622771875467 19328.188434674259 151.87488986685639
leaf_count=144264 356 24280 883 910 1179 466 1687 1561 645 474 71 8936 1226 983 84 6860 4030 306 583 3570 282 875 3387 2241 1268 1529 1976 58 793 1276 1230 37322 2333 20204 956 501 38578 1883 2195 2013 34599 7209 4582 200 5062 3390 8365 4904 2342 1165 803 5471 1616 573 3950 493 1022 24 1637 6294 282765 1093
internal_value=0.00217952 0.00195921 0.00206437 0.00218368 0.0169809 0.00180209 -0.0044909 -0.0284857 0.00770411 0.00449646 -0.0076461 -0.0445464 0.0177462 0.0136478 -0.030295 -0.028199 0.0175757 -0.0136718 -0.0199038 -0.0316471 -0.0043749 -0.0424931 0.00274483 -0.0133846 0.00223546 0.0150313 0.019225 -0.0477995 0.00161875 0.0256655 0.00550738 0.00631296 0.0195895 0.00420011 -0.030367 0.0052283 0.0169863 0.00141877 0.00314765 -0.0381428 0.012631 -0.0186003 -0.00404008 -0.0127717 -0.00162803 0.00576588 -0.0518206 0.00693309 0.00994115 0.0112444 0.0137953 -0.0195055 0.0198003 0.0103315 -0.00877326 0.0283654 0.0261652 -0.0249687 0.00463771 -0.000759186 -0.00165205 -0.0378757
internal_weight=40785.8 40564.4 40494.4 40402.4 1017.14 39385.3 5131.47 1723.43 3408.04 3125.56 1346.08 844.319 436.21 1779.49 143.159 496.232 1636.33 243.607 909.865 627.436 233.185 113.321 34253.8 879.108 33178.7 1525.55 1467.23 128.63 31653.1 1338.6 509.322 10635.2 1464.23 9170.97 169.571 8969.67 2194.97 6774.7 6491.04 283.664 2793.45 322.713 3697.59 1958.11 1523.38 1739.47 434.739 1338.2 1644.21 1262.65 1542.14 235.6 1306.54 938.41 455.677 482.732 1294.66 96.8475 366.362 21017.9 19775.1 446.959
internal_count=701813 701457 677177 532913 2089 530824 34880 21285 13595 13129 7081 17483 1700 6048 729 8547 5319 1289 5381 4798 1228 946 495944 3802 492557 6952 6069 2034 485605 4035 2506 194660 5603 189057 2224 168853 75900 92953 90439 2514 43691 9092 46748 21891 13326 24857 8565 8264 21467 6069 16885 6274 10611 8995 6160 2835 3379 1046 2210 290945 284651 1886
cat_boundaries=0 4 8 12 16 20 24 28 32 36 40 44 48 52 55 59 63 67
cat_threshold=2107468 3089138593 753708 64 291111440 55050240 1019215952 7 3792376210 92279884 146821456 50 537530512 67108868 138428496 16 155189249 1107312656 67108864 256 215008288 1111492608 3288605696 512 219465250 5515280 1143236353 271 1346900497 1128924162 3675258946 512 134218242 4194304 1141113857 3 83902976 4464656 67117056 271 135315490 2048 1141130753 4 262178 1310720 1024 2 0 0 67125248 4 67372032 16 8192 0 0 0 10 16777728 16 256 3 33558528 65544 817893456 32
is_linear=0
shrinkage=0.05


Tree=103
num_leaves=63
num_cat=22
split_feature=4 43 30 0 32 0 43 0 43 0 0 28 29 0 0 0 43 18 0 11 0 43 48 0 48 28 41 0 48 0 26 0 48 29 42 0 32 32 43 0 48 33 18 19 11 0 43 35 26 0 23 48 0 29 26 0 0 43 42 0 35 18
split_gain=118.241 94.633 94.1839 278.409 199.757 236.655 147.332 284.972 224.833 627.678 284.307 297.536 196.19 298.211 186.88 153.653 148.922 143.129 249.875 138.954 194.746 147.39 605.007 455.27 291.349 279.976 243.712 218.045 200.715 354.009 204.213 254.515 258.395 199.704 188.129 235.536 177.5 174.907 185.206 358.329 166.375 164.614 195.602 164.469 162.815 162.403 143.068 144.904 138.171 181.367 131.725 131.052 129.899 136.481 129.502 210.724 172.733 142.378 131.991 127.278 134.961 121.368
threshold=1.4499999880790713 0.9937499761581422 0.16754310578107837 0 0.12068965658545495 1 -0.99940761923789967 2 -0.98370367288589466 3 4 0.013725490774959328 2.6519615650177006 5 6 7 -0.99815973639488209 0.85416665673255932 8 34.541666030883796 9 -0.64578425884246815 -0.61591956019401539 10 0.72372302412986766 0.04256099462509156 0.35206145048141485 11 0.85203769803047191 12 -0.041693231090903275 13 0.70675188302993786 3.0718874931335454 -0.52778512239456166 14 1.0000000180025095e-35 0.12068965658545495 0.57077592611312877 15 -0.27094782888889307 0.25000000745058065 5.6833331584930429 3.5000000000000004 150.20833587646487 16 0.67802080512046825 2.3500000238418584 -0.0044262045994400969 17 0.52116933465003978 0.53461140394210827 18 3.8258571624755864 -0.0037867033388465639 19 20 0.88220161199569713 0.2269546836614609 21 10.150000095367433 1.0000000180025095e-35
decision_type=10 2 2 9 2 9 2 9 2 9 9 2 2 9 9 9 2 10 9 2 9 2 2 9 2 2 2 9 2 9 8 9 2 2 2 9 2 2 2 9 2 2 10 2 2 9 2 2 10 9 10 2 9 2 10 9 9 2 2 9 2 10
left_child=1 2 6 -4 54 -6 7 -1 9 16 11 -10 13 -11 -12 -14 -8 -17 -19 20 -16 22 25 -24 26 27 34 -21 30 -30 36 46 41 -28 35 -25 -23 38 -31 -40 -36 42 48 -27 -26 -35 -32 -48 49 -33 -20 -18 53 -38 55 -5 58 -58 -56 -60 -61 -50
right_child=-2 -3 3 4 5 -7 8 -9 10 12 14 -13 15 -15 19 17 51 18 50 21 -22 28 23 24 44 43 33 -29 29 37 31 32 -34 45 40 -37 52 -39 39 -41 -42 -43 -44 -45 -46 -47 47 -49 61 -51 -52 -53 -54 -55 56 -57 57 -59 59 60 -62 -63
leaf_value=0.028883648697767147 0.029139032594501308 -0.058011781176210947 -0.023499763756387501 0.0036256813494982172 0.0073814442416328457 -0.067714550365196566 -7.5536435240243006e-05 -0.070835228962567151 0.018653640189471021 0.021278066495230459 0.0098116267768878617 -0.046470474864518337 0.034254986074605212 -0.057045312113648022 -0.00091876671371126132 0.029494853933195005 -0.094564323731856997 0.011141631324083419 -0.093788159565173057 0.02578806701314203 -0.074122642424424234 -0.048495587756025443 -0.056447758750553578 0.012143512411176982 0.017256939961837948 -0.078220123408316411 -0.085966029423932624 -0.012641534978731637 -0.04024081777582026 0.027151308977802071 -0.034672864345763048 0.0020619608531208464 -0.067406479852473306 0.019713867076267939 -0.056221841450592329 -0.060670682912671706 0.02617851035575107 -0.067112626851356647 0.029015649837177682 -0.063683660068882569 0.027976072868003417 -0.017742615992253432 0.025897866852592374 0.022394677420667111 -0.064315873751711508 -0.077618769927511141 -0.032918245347936435 0.013098079267616995 0.014938621718778293 -0.058085185003991936 0.040858493310058648 -0.024566952474872904 -0.0064763192427239038 -0.079028409316320353 0.022237531334451183 -0.023728375130540023 6.2172281375482891e-05 -0.072286658292525077 0.01454651176040048 -0.037150908351191225 0.023150243648439352 -0.020403691980980451
leaf_weight=114.22876961552538 399.69135034387 66.003412572143134 1310.8756815945526 1947.1997041727882 199.3968646657886 215.67817517826188 125.97087259712862 170.64571492759569 250.94903221355344 321.35434075782541 7033.9788603983179 582.46778129170707 1990.4139861325384 182.3931925696379 241.52046463848092 565.58976485409949 162.08503637913964 493.60090567433508 104.35959808119514 1694.3045563263877 140.0773167879961 110.38670762031688 704.66255337995244 270.17131057113875 75.693625073647127 127.64255102658353 135.24395520266262 467.88997755007586 258.81960361436359 2370.2340596215945 932.815138897422 313.38156993432494 130.63292220466246 149.45330147905042 63.165241805327241 177.15546507296676 1456.1831643992191 56.473913130175788 246.53943957679439 166.13693565608992 824.6591937206249 701.7331479517743 1108.7176892614807 59.572399655648042 318.82079154870007 48.793035189912189 281.71678940576385 435.61953758663731 1155.2081827479124 201.99928291715332 21.991984453983605 113.8281234804308 464.75370133857359 31.493065328279044 2050.0695996762952 1092.1795026361942 3575.153259434519 69.320081910656882 680.85422656062292 322.0245410228672 130.34791467594914 307.59605042020848
leaf_count=149 865 24270 34752 11500 1355 4743 744 3703 26689 968 124757 107844 3153 3581 600 1574 2595 1073 2373 5195 1032 3758 16284 1025 213 4593 4293 6351 8841 13571 37625 7306 6516 400 1489 2305 10449 1313 1428 8439 4378 4939 6132 549 7507 1589 17948 1806 31522 12524 44 816 12719 598 11341 19595 46150 4931 4319 5902 239 6551
internal_value=0.00207836 0.00180878 0.00190735 -0.00189161 0.000885198 -0.0330929 0.00345468 -0.0323227 0.00381638 0.0146683 0.00197824 -0.0265426 0.0211408 -0.00779071 0.00301012 0.0257963 -0.0440255 0.0112115 -0.00528782 5.80332e-05 -0.029757 0.00077599 -0.00620654 -0.0220461 -0.00997441 0.0124539 -0.000886658 0.0175329 0.00410588 0.0148389 -0.000251046 -0.00522855 0.00172837 -0.0391207 0.00866334 -0.017778 0.0131878 0.0199311 0.0217691 -0.00914369 0.0219857 0.00411672 0.00908591 -0.0462042 -0.0486649 -0.00716282 -0.0216313 -0.00497374 -0.00033672 -0.0225992 -0.0651928 -0.0656869 0.0166752 0.0237914 0.00231543 -0.00626995 0.00613721 -0.00131035 0.0146219 0.000973857 -0.0193479 0.0075069
internal_weight=40521.9 40122.2 40056.2 11593.1 10282.2 415.075 28463.1 284.874 28178.3 4081.59 24096.7 833.417 3679.7 503.748 23263.2 3175.96 401.884 1185.54 619.952 16229.3 381.598 15847.7 5117.23 2767.82 2063.16 2349.41 1668.64 2162.19 10730.4 3098.2 7632.24 5569.42 3919.27 333.49 1335.15 447.327 2062.82 2839.38 2782.91 412.676 887.824 3788.64 3086.9 187.215 394.514 198.246 1650.15 717.336 1978.19 515.381 126.352 275.913 1952.43 1487.68 9867.15 3039.38 6827.77 3644.47 3183.3 1133.23 452.372 1462.8
internal_count=701813 700948 676678 144827 110075 6098 531851 3852 527999 16921 511078 134533 12766 4549 376545 8217 4155 5064 3490 251788 1632 250156 56171 39483 23199 16688 15479 11546 193985 33592 160393 132869 75490 6282 9197 3330 27524 24751 23438 9867 5867 68974 64035 5142 7720 1989 57379 19754 57903 19830 2417 3411 23766 11047 103977 31095 72882 51081 21801 10460 6141 38073
cat_boundaries=0 4 8 11 15 19 23 27 31 35 39 43 47 51 55 59 62 66 70 74 78 82 86
cat_threshold=152307200 1129335816 3322954883 128 1652559906 8585220 25174784 512 0 0 2684354624 2924516994 4200448 2348838272 32 2377732 4027941249 2200666676 64 277020673 9109504 276828672 2 521176626 20990976 67128704 32 868608 1075650568 1140064849 8 1359085585 131092 805306370 256 128 76029960 536883264 8 1082654977 663570 1477713921 265 3221950848 8388628 415498304 269 2147614721 41947200 134479873 523 2689139072 67239952 1079255107 400 2151677952 41943040 12587072 512 536870912 67108864 13631488 0 41943040 536870976 6 1073741824 12876 536870912 524 1611206785 33693702 138682433 270 2953560320 75497494 956315712 828 2156396675 67899410 939795216 259 2155872259 4096 268697872 2
is_linear=0
shrinkage=0.05


end of trees

feature_importances:
station_code=1782
cal_doy_sin=809
tide_spring_neap=769
cal_doy_cos=755
water_offline_share=342
rain_rf24hr_mean=219
rain_fcst_6h=198
cal_hour_sin=144
cal_hour_cos=112
flow_offline_share=106
water_rise3h_mean=95
flow_velocity_mean=77
fl_max24h=76
fl_hrs_since_15cm=72
rain_fcst_3h=68
fl_hrs_since_5cm=58
flow_mean=55
rain_rf6hr_mean=51
fl_depth_now=49
rain_rf1hr_delta1h=46
slope_deg=45
rain_gauges_reporting=43
depression_m=39
rain_rf1hr_delta3h=37
tide_m2_sin=35
elev_rank_local=34
elev_m=30
fl_std3h=29
water_rising_share=29
rain_antecedent_ratio=26
water_rise1h_mean=25
dist_water_km=20
rain_rf1hr_max=19
tide_m2_cos=18
fl_rise_15min=17
rain_spread=16
cal_monsoon=16
rain_rf3hr_mean=15
flow_negative_share=13
fl_max3h=11
rain_rf3hr_max=10
fl_mean1h=9
fl_rise_1h=7
rain_fcst_1h=7
fl_depth_lag3h=5
rain_rf1hr_mean=4
water_rise1h_max=4
rain_x_recent_flood=2

parameters:
[boosting: gbdt]
[objective: binary]
[metric: average_precision]
[tree_learner: serial]
[device_type: cpu]
[data_sample_strategy: bagging]
[data: ]
[valid: ]
[num_iterations: 2000]
[learning_rate: 0.05]
[num_leaves: 63]
[num_threads: 0]
[seed: 42]
[deterministic: 0]
[force_col_wise: 0]
[force_row_wise: 0]
[histogram_pool_size: -1]
[max_depth: -1]
[min_data_in_leaf: 200]
[min_sum_hessian_in_leaf: 0.001]
[bagging_fraction: 0.8]
[pos_bagging_fraction: 1]
[neg_bagging_fraction: 1]
[bagging_freq: 5]
[bagging_seed: 400]
[bagging_by_query: 0]
[feature_fraction: 0.8]
[feature_fraction_bynode: 1]
[feature_fraction_seed: 30056]
[extra_trees: 0]
[extra_seed: 12879]
[early_stopping_round: 0]
[early_stopping_min_delta: 0]
[first_metric_only: 0]
[max_delta_step: 0]
[lambda_l1: 0]
[lambda_l2: 0]
[linear_lambda: 0]
[min_gain_to_split: 0]
[drop_rate: 0.1]
[max_drop: 50]
[skip_drop: 0.5]
[xgboost_dart_mode: 0]
[uniform_drop: 0]
[drop_seed: 17869]
[top_rate: 0.2]
[other_rate: 0.1]
[min_data_per_group: 100]
[max_cat_threshold: 32]
[cat_l2: 10]
[cat_smooth: 10]
[max_cat_to_onehot: 4]
[top_k: 20]
[monotone_constraints: ]
[monotone_constraints_method: basic]
[monotone_penalty: 0]
[feature_contri: ]
[forcedsplits_filename: ]
[refit_decay_rate: 0.9]
[cegb_tradeoff: 1]
[cegb_penalty_split: 0]
[cegb_penalty_feature_lazy: ]
[cegb_penalty_feature_coupled: ]
[path_smooth: 0]
[interaction_constraints: ]
[verbosity: -1]
[saved_feature_importance_type: 0]
[use_quantized_grad: 0]
[num_grad_quant_bins: 4]
[quant_train_renew_leaf: 0]
[stochastic_rounding: 1]
[linear_tree: 0]
[max_bin: 255]
[max_bin_by_feature: ]
[min_data_in_bin: 3]
[bin_construct_sample_cnt: 200000]
[data_random_seed: 175]
[is_enable_sparse: 1]
[enable_bundle: 1]
[use_missing: 1]
[zero_as_missing: 0]
[feature_pre_filter: 1]
[pre_partition: 0]
[two_round: 0]
[header: 0]
[label_column: ]
[weight_column: ]
[group_column: ]
[ignore_column: ]
[categorical_feature: 0]
[forcedbins_filename: ]
[precise_float_parser: 0]
[parser_config_file: ]
[objective_seed: 16083]
[num_class: 1]
[is_unbalance: 0]
[scale_pos_weight: 30]
[sigmoid: 1]
[boost_from_average: 1]
[reg_sqrt: 0]
[alpha: 0.9]
[fair_c: 1]
[poisson_max_delta_step: 0.7]
[tweedie_variance_power: 1.5]
[lambdarank_truncation_level: 30]
[lambdarank_norm: 1]
[label_gain: ]
[lambdarank_position_bias_regularization: 0]
[eval_at: ]
[multi_error_top_k: 1]
[auc_mu_weights: ]
[num_machines: 1]
[local_listen_port: 12400]
[time_out: 120]
[machine_list_filename: ]
[machines: ]
[gpu_platform_id: -1]
[gpu_device_id: -1]
[gpu_device_id_list: ]
[gpu_use_dp: 0]
[num_gpu: 1]

end of parameters

pandas_categorical:[["FL.BBN.01", "FL.BBN.02", "FL.BKA.01", "FL.BKA.02", "FL.BKE.01", "FL.BKE.02", "FL.BKL.01", "FL.BKM.01", "FL.BKM.02", "FL.BKN.01", "FL.BKN.02", "FL.BKP.01", "FL.BKP.02", "FL.BKT.01", "FL.BNA.01", "FL.BNA.02", "FL.BNA.03", "FL.BNA.04", "FL.BNA.05", "FL.BRK.01", "FL.BRK.02", "FL.BSU.01", "FL.CTC.01", "FL.CTC.02", "FL.CTC.03", "FL.CTC.04", "FL.CTC.05", "FL.CTC.06", "FL.CTC.07", "FL.DDG.01", "FL.DDG.02", "FL.DDG.03", "FL.DDG.04", "FL.DDG.05", "FL.DDG.06", "FL.DDG.07", "FL.DDG.08", "FL.DST.01", "FL.DST.02", "FL.DST.03", "FL.DST.04", "FL.DST.05", "FL.DST.06", "FL.DST.07", "FL.DST.08", "FL.HKG.01", "FL.JTG.01", "FL.KSN.01", "FL.KTY.01", "FL.KTY.02", "FL.KTY.03", "FL.KTY.04", "FL.KTY.05", "FL.LSI.01", "FL.LSI.02", "FL.LSI.03", "FL.LSI.04", "FL.LSI.05", "FL.LSI.06", "FL.MBR.01", "FL.PKN.01", "FL.PNK.02", "FL.PPS.01", "FL.PPS.02", "FL.PTW.01", "FL.PTW.02", "FL.PTW.03", "FL.PTW.04", "FL.PTW.05", "FL.PWT.01", "FL.PWT.02", "FL.PYT.01", "FL.PYT.02", "FL.PYT.03", "FL.PYT.04", "FL.PYT.05", "FL.PYT.06", "FL.PYT.07", "FL.RTW.01", "FL.RTW.02", "FL.RTW.03", "FL.RTW.04", "FL.RTW.05", "FL.RTW.06", "FL.RTW.07", "FL.RTW.08", "FL.RTW.09", "FL.RTW.10", "FL.RTW.11", "FL.RTW.12", "FL.SLG.01", "FL.SLG.02", "FL.SLG.03", "FL.SMI.01", "FL.SPW.01", "FL.SPW.02", "FL.STN.01", "FL.STN.02", "FL.STN.03", "FL.STN.04", "FL.WTL.01", "FL.WTL.02", "FL.WTL.03", "FL.WTL.04", "FL.WTN.01", "FL.WTN.02", "FL.WTN.03"]]
