tree
version=v4
num_class=1
num_tree_per_iteration=1
label_index=0
max_feature_idx=49
objective=binary sigmoid:1
feature_names=station_code fl_depth_now fl_depth_lag1h fl_depth_lag3h fl_rise_15min fl_rise_1h fl_max3h fl_max24h fl_mean1h fl_std3h fl_hrs_since_5cm fl_hrs_since_15cm fl_missing_share3h rain_rf1hr_mean rain_rf1hr_max rain_rf3hr_mean rain_rf3hr_max rain_rf6hr_mean rain_rf24hr_mean rain_gauges_reporting rain_rf1hr_delta1h rain_rf1hr_delta3h rain_spread rain_antecedent_ratio water_rise1h_mean water_rise1h_max water_rise3h_mean water_rising_share water_offline_share flow_mean flow_velocity_mean flow_negative_share flow_offline_share rain_fcst_1h rain_fcst_3h rain_fcst_6h elev_m slope_deg depression_m elev_rank_local dist_water_km cal_hour_sin cal_hour_cos cal_doy_sin cal_doy_cos cal_monsoon tide_m2_sin tide_m2_cos tide_spring_neap rain_x_recent_flood
feature_infos=-1:34:30:29:9:10:21:42:56:36:92:96:47:16:78:72:62:12:94:97:5:68:104:23:79:101:33:66:7:0:49:24:86:19:40:71:35:22:32:26:93:57:90:50:74:28:82:45:58:87:80:98:8:51:95:25:77:54:63:105:76:1:14:60:48:99:46:83:69:31:65:91:84:15:102:73:85:20:100:17:27:61:11:64:43:4:103:81:52:39:75:70:2:37:41:55:38:67:6:53:13:59:44:89:88:106:18 [0:14.899999618530273] [0:134.89999389648438] [0:134.5] [-35.599998474121094:14.899999618530273] [-134.89999389648438:14.899999618530273] [0:147.69999694824219] [0:148.80000305175781] [0:82.841667175292969] [0:62.573650360107422] [0:72] [0.083333335816860199:168] none [0:91.5] [0:123] [0:109] [0:133] [0:141.33332824707031] [0:162] [0:5] [-69.75:82.5] [-80.5:91.5] [0:48.625] [0:0.98802393674850464] [-0.065301202237606049:0.40139442682266235] [0.019999999552965164:5.7699999809265137] [-0.15235060453414917:0.60747998952865601] [0:0.87058824300765991] [0:0.54509806632995605] [-8.5560712814331055:37.323570251464844] [-3.7049999237060547:14.463213920593262] [0:0.24137930572032928] [0:0.34482759237289429] [0:24.899999618530273] [0:53.099998474121094] [0:73.199996948242188] [0:20] [0.92900002002716064:18.073999404907227] [2:33] [0.012000000104308128:0.96299999952316284] [0:5.0580000877380371] [-1:1] [-1:1] [-0.99999940395355225:0.99998557567596436] [-0.99997919797897339:0.99999076128005981] [0:1] [-1:1] [-1:1] [-1:1] [0:1976.199951171875]
tree_sizes=6987 6940 6990 7073 6926 6946 7145 7080 7191 7131 7226 7143 7292 7044 7200 7151 7270 7277 7265 7264 7026 7261 7327 7046 7325 7197 7060 7280 7067 7325 7310 7059 7073 7323 7319 7403 7284 7370 7282 7341 7257 7091 7296 7079 7225 7304 7372 7345 7335 7287 7329 7359 7296 7239 7363 7413 7369 7370 7086 7104 7066 7339 7330 7128 7308 7107 7275 7384 7452 7274 7419 7347 7420 7434 7082 7359 7110 7411 7108 7357 7333 7352 7296 7434 7409 7355 7296 7273 7031 7330

Tree=0
num_leaves=63
num_cat=7
split_feature=34 0 10 20 0 35 0 0 35 21 21 35 44 24 1 8 43 43 37 35 43 35 28 42 43 0 47 44 17 34 44 17 0 35 24 21 34 44 29 43 39 35 28 7 38 41 43 28 43 28 35 26 23 21 0 41 28 44 34 34 28 41
split_gain=4.70064e+06 1.10619e+06 939723 412595 284202 275481 254833 189648 184255 169942 144280 121819 94394.2 86518.6 75762.4 73581.2 68151.3 65487.3 61239 59756.2 54609.9 52940.9 47224.1 46280.6 45531.5 116357 82215.5 44418.3 54712 41712.8 35901.6 33360.8 32397.3 28650.7 28454.8 26542.4 25153.3 25043 24839.8 25612 27322.6 23966.4 23759.2 23454.6 22231.7 21955 21683.2 24377.9 21377.2 30022.6 21270.9 20431.6 20414.8 19464.4 18818.7 18802.9 18254.7 25775.9 18242.6 18177.9 18142.4 18093.8
threshold=0.75000000000000011 0 50.291666030883796 1.8541666865348818 1 0.35000000894069677 2 3 7.5499999523162851 0.68333333730697643 0.35416667163372045 2.1499999761581425 -0.99983122944831837 0.01444663153961301 5.7500000000000009 0.37083333730697637 -0.97113886475563038 -0.99275806546211232 3.3805000782012944 5.3500001430511483 -0.99054482579231251 7.2500000000000009 0.044210137799382217 0.09796465560793878 -0.97876849770545948 4 0.71686604619026195 -0.99983122944831837 1.1458333134651186 2.4500000476837163 -0.73865258693695057 2.2749999761581425 5 4.6499998569488534 -0.030476198531687256 7.7916667461395273 1.0000000180025095e-35 -0.091258823871612535 1.8901724219322207 -0.50556187331676472 0.23499999940395358 2.4500000476837163 0.025490196421742443 19.349999427795414 4.5000000000000009 -0.52778512239456166 1.0000000180025095e-35 0.050299357622861869 -0.98214942216873158 0.040600210428237922 6.2500000000000009 -0.074901573359966264 0.3003759384155274 19.062500000000004 6 -0.2901292592287063 1.0000000180025095e-35 -0.86974579095840443 1.0000000180025095e-35 0.35000000894069677 0.044210137799382217 0.09796465560793878
decision_type=2 9 2 10 9 2 9 9 2 10 10 2 2 10 10 10 2 2 2 2 2 2 2 2 2 9 2 2 10 2 2 10 9 2 10 10 2 2 2 2 2 2 2 10 2 2 2 2 2 2 2 10 8 10 9 2 2 2 2 2 2 2
left_child=2 9 7 6 5 10 8 15 29 11 36 17 13 -6 -9 18 -7 -2 19 45 -10 22 30 46 25 26 52 -18 33 43 34 -32 50 42 -13 54 48 -28 -24 40 -40 -36 -29 -3 -31 58 -22 -48 49 -4 -8 -46 -14 -5 -26 -23 57 -50 -1 -39 -19 -52
right_child=1 3 4 53 12 16 32 14 20 -11 -12 21 24 -15 -16 -17 27 60 -20 -21 23 55 38 -25 35 -27 37 28 -30 44 31 -33 -34 -35 41 -37 -38 59 39 -41 -42 -43 -44 -45 51 -47 47 -49 56 -51 61 -53 -54 -55 -56 -57 -58 -59 -60 -61 -62 -63
leaf_value=-3.7146530182528825 -0.23450454811893362 -3.9138514343942781 -4.7113651017124498 -0.90576451913248324 -4.6330278527583326 -0.78662795300194865 -4.1415922281030939 -4.4734412965502921 -0.025300920226293044 0.33946429518821386 -0.74669791613332803 0.17180709531958449 -4.4275404710928186 -0.025027038580772931 0.32371242998154592 0.44277751860006997 0.29879397324764856 -2.3977685958875345 -0.49202387631742805 0.097426504820089299 -3.6856961904627186 -0.014672515367315064 -3.7988312511920759 -0.83932190677378538 -4.451897804223794 -4.6917408051942102 0.26922419836860279 -4.4421650828302486 -1.1470398768375518 -4.7113651017124498 -0.3937560529426527 -2.7816965006927772 -4.6846666461205979 -1.7903686546736903 -0.4367045773316951 -2.7182336070254713 -3.4508991234755308 -4.7113651017124498 -1.238758990289698 -1.1351747266637346 -4.5972339261427395 -3.1240116182173097 -3.0562135107982611 0.088924397917929277 -0.53569428414000608 -4.1062594904080187 -0.73216597974710806 -4.7113651017124498 -4.7113651017124498 -1.0825977492779337 -2.4322083527607301 -2.6233447978967352 -0.3197959081387749 0.29816423982164331 -4.6971378893486397 -0.76789916715706719 -4.4660270756705076 -0.1375043546367074 -0.97951721324928887 -0.21178979683465471 -3.7477293554406375 -4.7113651017124498
leaf_weight=10.534636994823815 30.490116501227021 152.34848609566689 11.230758409947159 70.159753734245896 19.147979004308581 60.386209506541491 94.774606579914689 75.654472516849637 63.059315495193005 357.26805561408401 30.267357697710395 12.90144958719611 26.424767909571532 21.765395177528262 9.2352103125303966 79.450653519481421 11.676275953650473 74.559241147711873 83.543847428634763 17.46800584718585 33.636585433036089 248.15334987267852 16.437746362760663 54.622324468567967 1015.1955882702023 168.59131880104542 28.912241334095597 50.148584833368659 37.033657569438219 11.21219517290592 247.01171104051173 15.54671094752848 233.63690138608217 26.703216290101409 10.878056790679691 18.062029551714659 83.302525961771607 5.1141718048602325 11.230758313089611 61.657791284844279 13.142771821469067 34.963856829330325 80.657264612615108 3.7497738376259795 13.291277583688496 32.225779455155134 16.586252132430676 5.012074001133441 6.4414432533085346 11.574178190901874 42.778979519382119 99.136966904625297 3.4156355783343306 64.377305258065462 3293.8607804812491 124.38296857662499 617.51536141894758 5.9031093120574933 14.470043139532207 4.0003775376826525 37.35851445607841 10.933746617287396
leaf_count=932 646 14065 1210 2397 2034 1924 9167 7803 1081 3605 941 172 2702 373 96 643 127 4698 2186 258 2957 4203 1481 1796 104244 18106 331 5142 1438 1208 5994 1095 25056 1369 273 1250 6945 551 456 2380 1387 2694 6109 56 359 3095 511 540 694 435 2724 6679 78 701 353981 3918 63602 114 515 83 3329 1178
internal_value=-3.51614 -1.57734 -4.25305 -2.91725 -4.40324 -3.65799 -3.31339 -1.62843 -2.5283 -0.619808 -4.12995 -0.941851 -4.57278 -2.18163 -4.02631 -0.954679 -2.26393 -2.28875 -1.42211 -2.46232 -1.19811 -0.700978 -1.08323 -1.87132 -4.59402 -3.91841 -2.33546 -2.69652 -2.87629 -3.27431 -0.78515 -0.535152 -4.30842 -3.28288 -1.90254 -4.63094 -4.26909 -0.451211 -2.01787 -1.67759 -3.04973 -2.48633 -3.58756 -3.8177 -2.58827 -3.24362 -2.89186 -1.65557 -4.37352 -2.86966 -3.75227 -2.37654 -3.95735 -0.329673 -4.63896 -0.266161 -4.42797 -2.52417 -2.13185 -2.7365 -2.84839 -2.89615
internal_weight=8225.21 2265.3 5959.91 969.317 5637.33 1032.84 834.779 322.583 452.655 1295.98 766.235 938.715 4604.49 40.9134 84.8897 237.693 266.605 142.408 158.242 74.6985 172.917 796.307 423.771 109.857 4563.58 236.459 67.8672 206.219 194.543 279.739 321.302 262.558 382.124 157.509 58.7434 4327.12 735.967 38.0268 102.469 86.0313 24.3735 45.8419 130.806 156.098 123.64 57.2305 55.2349 21.5983 652.665 22.8049 148.487 112.428 29.8404 134.537 4309.06 372.536 629.86 12.3446 25.0047 9.11455 111.918 53.7127
internal_count=696117 106806 589311 70475 573783 90050 67377 15528 29252 36331 73941 32726 483733 2407 7899 7629 16109 8673 6986 4800 6885 24053 15932 5804 481326 21851 3745 14185 14058 22367 10228 7089 38125 12620 3139 459475 73000 965 5704 4223 1843 2967 11251 14121 8246 4542 4008 1051 66055 1645 13069 7038 2780 3098 458225 8121 64410 808 1447 634 8027 3902
cat_boundaries=0 4 8 12 16 20 24 28
cat_threshold=1934300049 25698318 817893440 46 1611141761 25165828 805306432 14 9732130 39257104 1328827666 1793 1728643729 94184452 2420128064 14 256 1908736 150208529 1 2348827648 1073764416 641 128 109265152 67706880 1217409024 257
is_linear=0
shrinkage=1


Tree=1
num_leaves=63
num_cat=9
split_feature=0 0 43 16 35 34 0 48 28 35 0 28 35 43 29 28 7 48 41 35 43 48 28 48 0 0 18 33 35 48 48 40 43 28 34 0 43 18 29 0 19 43 43 28 32 43 34 29 19 43 34 29 24 24 0 7 8 32 46 11 29 7
split_gain=13660.2 8139.34 3084.82 3037.76 2618.45 4285.42 7004.38 6017.38 4957.12 15314.3 4405.53 4033.43 3613.19 5436.09 3084.48 10877.2 11162.7 2939.28 2831.21 2606.1 2284.8 2801.43 7455.21 6835.77 3483.19 3385.46 3538.63 2894.4 2691.13 3509.3 2883.21 3879.01 2643.41 2227.59 2179.16 6216.54 5034.12 3854.17 12910.6 2139.57 2138.17 8587.93 13411.9 7198.3 8277.09 1992.21 1912.93 1859.08 3179.89 3387.28 2353.67 3706.21 1837.14 1778.39 2811.68 10404.8 9404.67 10671.5 7186.65 4327.21 3020.01 1677.36
threshold=0 1 0.91939014196395885 1.2500000000000002 7.1499998569488534 1.0000000180025095e-35 2 -0.99376606941223133 0.061906902119517333 0.25000000745058065 3 0.058037718757987029 1.9499999880790713 0.78857997059822094 11.273822307586672 0.013725490774959328 1.0000000180025095e-35 -0.90579405426979054 -0.72947329282760609 1.1500000357627871 -0.8940606117248534 0.85817068815231334 0.0098039219155907648 0.93667927384376537 4 5 10.050000190734865 1.2500000000000002 2.1499999761581425 -0.54066470265388478 -0.77313542366027821 3.3724999427795415 0.21022171527147296 0.029411765746772293 1.0000000180025095e-35 6 0.91248813271522533 5.0499999523162851 1.2367262244224551 7 4.5000000000000009 0.79904097318649303 0.80926549434661876 0.072549022734165206 0.05172413773834706 -0.84315016865730275 0.35000000894069677 3.7076388597488408 2.5000000000000004 0.056951373815536506 1.5500000119209292 4.1563482284545907 -0.016720323823392388 -0.0025256916414946313 8 1.0000000180025095e-35 0.079166669398546233 0.05172413773834706 -0.88567471504211415 91.875000000000014 1.3441060185432436 0.75000000000000011
decision_type=9 9 2 8 2 2 9 2 2 2 9 2 2 2 2 2 10 2 2 2 2 2 2 2 9 9 10 2 2 2 2 2 2 2 2 9 2 8 2 9 2 2 2 2 2 2 2 2 2 2 2 2 8 10 9 10 10 2 2 2 2 10
left_child=-1 3 34 4 5 10 7 -7 19 -10 14 20 13 18 53 17 -17 -16 -13 -9 -8 24 23 -23 -22 26 -24 -25 29 30 31 -26 -32 -34 35 36 40 38 -38 -4 -3 43 -43 -42 -45 -31 -33 48 61 -50 51 -49 -53 -2 55 59 57 58 -57 -55 -60 -21
right_child=1 2 39 -5 -6 6 11 8 9 -11 -12 12 -14 -15 15 16 -18 -19 -20 47 21 22 25 27 28 -27 -28 -29 -30 45 32 46 33 -35 -36 -37 37 -39 -40 -41 41 42 -44 44 -46 -47 -48 50 49 -51 -52 52 -54 54 -56 56 -58 -59 60 -61 -62 -63
leaf_value=-0.043812012603511662 0.064707024088357365 0.076211363664523343 0.12836067569859919 0.09174770764442769 0.10107104166454649 1.004821963292347 0.116383838007258 -0.025153934507864368 3.3731970668839 -0.054611842011883342 -0.021067708457364675 1.0820140329268959 0.16343238229847268 1.0703301573710318 1.064949789556306 0.13091645070824209 2.6105259203791471 0.058918629095063874 0.19756585092925197 0.013998158302993158 0.086143243276379178 1.2586567988565185 0.6181571110571451 -0.011782348020919951 0.062253621772097936 0.10679764119305608 0.092767976128419111 0.67246084780314919 0.16281834841333231 0.61612484998063533 0.20924368504936891 1.1043749689447964 0.59305957814110044 1.1758297204750272 0.085728419583981363 -0.038688285422823585 2.8153823671342151 0.10932468173965482 0.07696703800233784 -0.059347686954165695 -0.055107957433847658 3.8392415645236855 -0.050605331961926431 3.0122516996928206 -0.054776754010952111 0.14152315235151389 0.29528562416517073 2.1309711142943022 0.10821659985980042 0.74888974120742802 0.40633298618428404 1.4423529138816242 0.13271570252722198 1.6293248400452911 0.12312402267431061 3.1398479448630123 -0.010472320423875033 -0.054049723793128002 2.0035276379562639 0.039339568625446408 0.67043202893716414 0.69431282775793379
leaf_weight=1831.5192822227255 1064.8601213814691 2495.6656115241349 186.89602843672037 7995.0389692327008 5344.8744646329433 35.431353382766247 3130.3877800488845 57.053443619050086 5.2573713138699523 8.5697203930467349 630.8921335041523 10.535837923176585 112.37129794061184 36.027205154299736 8.0234027337282878 8.2332744123414177 10.114904864691196 76.341865264810622 64.086751215159893 96.85953879635781 1148.2248323019594 33.146816866472363 89.013870624825358 27.634523263201118 63.599787107668817 368.84736924618483 50.079912376590073 35.068021170794964 1037.5486694565043 24.548091182485223 22.434979245997965 16.86601615417749 39.376156027428806 28.098938222974539 24547.36870689597 1407.2133203800768 7.3252404164522913 14.577643642202018 10.436291008256374 655.99939270503819 56.917602431960404 4.2418320300057513 4.6399053242057562 4.4076818777248246 4.3915252331644297 222.75911599118263 12.887719186954198 5.4999884003773358 34.900653921067715 50.458739483729005 68.2994195362553 4.0000240728259087 8.1009992379695159 4.4468960901722303 1565.4111573575065 8.4610428698360902 17.017643316648901 8.9983407733961922 8.7551950933411771 113.46494248695672 8.2532288497313839 9.9953583702445012
leaf_count=163176 23875 66608 1811 11563 7863 399 8251 5309 129 482 60165 241 752 448 389 673 153 1734 1185 2257 9534 298 683 610 1828 2566 144 39 3790 273 548 379 302 328 105048 121085 220 40 268 41277 4598 52 399 126 364 5190 256 129 734 471 694 89 547 123 25893 125 499 614 212 7801 369 109
internal_value=0.0904241 0.0950331 0.0773372 0.116823 0.129556 0.144068 0.16684 0.374242 0.320947 1.24872 0.0992235 0.153907 0.363138 0.56595 0.125013 0.39455 1.49786 0.154595 0.32244 0.282672 0.146802 0.176372 0.273451 0.677905 0.153968 0.19713 0.40022 0.370898 0.205031 0.311512 0.477332 0.282703 0.679416 0.835745 0.0801461 0.045972 0.0915443 0.711839 1.20635 -0.0169082 0.0840959 0.347869 1.80715 0.150645 1.48155 0.188633 0.753921 0.345821 0.259401 0.48694 0.539196 1.05476 0.56562 0.115571 0.146792 0.338274 0.951265 1.4261 1.94904 0.0993039 1.35665 0.0776358
internal_weight=55062.8 53231.2 29400.1 23831.2 15836.1 10491.2 6957.97 384.427 348.995 13.8271 3533.27 6573.54 223.021 110.65 2902.38 102.713 18.3482 84.3653 74.6226 335.168 6350.52 3220.13 603.791 95.8494 2616.34 507.941 139.094 62.7025 1468.12 430.571 183.264 93.3535 89.9101 67.4751 28557.2 4009.82 2602.6 32.3392 17.7615 842.895 2570.26 74.5985 8.88174 65.7168 8.79921 247.307 29.7537 278.115 192.214 85.3594 85.9004 17.601 12.101 2799.67 1734.81 169.397 51.4855 34.4678 25.4695 117.912 17.0084 106.855
internal_count=696117 532941 341896 191045 179482 171619 48994 11349 10950 611 122625 37645 2626 1874 62460 2949 826 2123 1426 10339 35019 26768 4340 947 22428 3393 827 649 12894 9104 3641 2463 1178 630 298808 193760 72675 528 488 43088 72147 5539 451 5088 490 5463 635 5030 3571 1205 1459 765 636 59511 35636 9743 1819 1320 706 7924 581 2366
cat_boundaries=0 4 8 12 16 19 22 26 28 31
cat_threshold=136325188 3089138593 2148237356 64 3297068577 62914576 1031817536 261 2156134400 33554448 83886080 256 1149321729 8388608 805308736 4 1140867072 8388608 276842752 1140850689 0 16640 859967632 589828 1074803712 2 536870912 67108864 65537 8388608 268435456
is_linear=0
shrinkage=0.05


Tree=2
num_leaves=63
num_cat=11
split_feature=0 0 44 0 44 17 48 44 0 44 28 32 35 48 42 0 18 44 44 48 28 48 48 40 6 41 48 35 18 44 0 0 35 44 47 41 44 34 48 26 48 26 31 37 48 0 28 48 32 0 17 34 48 0 41 34 0 48 42 44 42 42
split_gain=11563.6 5845.85 4095.54 6726.55 3413.12 3110.14 2116.76 2036.2 3645.46 5047.25 2831.75 4035.57 2754.41 3680.99 2664.43 2154.48 5150.5 4110.62 4918.03 3391.3 2478.14 2918.68 5091 2472.56 1924.03 2626.68 1910.29 2320.91 2796.16 1799.59 2244.55 1731.16 1698.46 2627.53 1974.93 2422.87 1659.37 1606.61 3060.21 1555.97 1458.47 1498.86 1404.16 1354.08 1802.12 1339.73 1424.01 1311.34 1212.29 3387.57 3909.11 3021.11 1829.66 1481.26 1113.14 1087.11 1381.59 1069.23 1197.58 1056.77 1493.63 1236.62
threshold=0 1 0.046214086934924133 2 0.8277757763862611 1.3541666865348818 0.99966737627983104 -0.89404255151748646 3 -0.92272481322288502 0.050299357622861869 1.0000000180025095e-35 3.6499999761581425 0.85232898592948925 -0.84874749183654774 4 2.0499999523162846 -0.36648371815681452 -0.28519998490810389 -0.46741016209125513 0.045542273670434959 -0.94384852051734913 -0.95187643170356739 2.3645000457763676 1.0000000180025095e-35 -0.9103761315345763 0.85232898592948925 6.9500000476837167 1.8541666865348818 0.50370931625366222 5 6 1.1500000357627871 0.13185577094554904 0.77352467179298412 -0.22695468366146085 0.81800284981727611 0.25000000745058065 0.93667927384376537 0.0021268218988552694 -0.99236765503883351 0.019678710028529171 1.0000000180025095e-35 3.3805000782012944 0.96947717666625988 7 0.058037718757987029 -0.14992911368608472 0.086206898093223586 8 0.14583333581686023 0.75000000000000011 -0.14992911368608472 9 -0.47114434838294977 2.0499999523162846 10 0.9093703329563142 -0.9103761315345763 -0.92272481322288502 -0.68322628736495961 0.81241145730018627
decision_type=9 9 2 9 2 10 2 2 9 2 2 2 2 2 2 9 10 2 2 2 2 2 2 2 10 2 2 2 10 2 9 9 2 2 2 2 2 2 2 10 2 10 2 2 2 9 2 2 2 9 10 2 2 9 2 2 9 2 2 2 2 2
left_child=-1 4 45 6 5 7 -4 8 9 10 57 -12 13 14 -11 16 20 -18 23 -20 21 22 40 -19 -6 -26 31 28 37 30 42 59 -23 -34 35 -35 55 38 -28 -31 41 -9 -21 44 -38 48 -47 -13 53 50 51 -50 -53 -3 -33 56 -17 -2 -59 61 -61 -10
right_child=1 2 3 -5 24 -7 -8 15 26 12 11 47 -14 -15 -16 36 17 18 19 29 -22 32 -24 -25 25 -27 27 -29 -30 39 -32 54 33 34 -36 -37 43 -39 -40 -41 -42 -43 -44 -45 -46 46 -48 -49 49 -51 -52 52 -54 -55 -56 -57 -58 58 -60 60 -62 -63
leaf_value=-0.043240901911101699 0.040045654358532912 -0.054915492165742943 0.062085910721985466 -0.056938495340671594 -0.053743965227688199 0.081119847888215177 0.4077248215645739 0.26985685627544226 0.11834952459480703 0.91868078557339727 0.99961611028929098 0.37819089065194456 0.30098419907820079 1.631946330559255 -0.057095949160147201 0.13197210720533273 0.10523540545584896 0.486746203000471 -0.070474405335343895 0.69511569981035004 -0.048267299141859232 0.011735546400305205 1.6072358007264325 1.0573086907257652 0.66361720527308787 0.052896715106475783 0.79493189777672035 0.11356680255203525 0.12140247353803811 0.41844739075139392 -0.059686427889676277 0.086339391417898578 0.095008771045621609 0.98602157363734622 0.034501231057320364 0.34171843295411874 0.21946865029794771 0.29141174548288329 -0.0559811531635575 0.8938245689923191 -0.061203678584881786 0.85611894651615617 0.28824822770720954 0.18506607478030451 0.99501826472331656 0.07015249133536873 -0.064637049364037982 0.11818170102302886 -0.050459885851071307 0.10464513804835883 0.12398432162634919 0.45497049482958707 0.93124198681303005 0.087380763180290449 -0.025392993549573941 0.085138383570986464 0.086489686407558608 0.63446459021593349 0.030119414558257188 0.55240495134878231 0.0097874000962856374 0.34156321372993653
leaf_weight=1764.7573441164568 187.81564775202423 184.94843685440719 3885.9203064488247 1547.8801769381389 513.52649603877217 9152.8643740126863 44.806987165473402 40.971151612699032 631.4471031576395 23.163504140451547 20.948543104343116 116.69261667039245 33.289936363697052 12.457448509521781 10.02311118040234 4346.625412597321 190.20302556175739 41.389470417052507 51.568707963451743 31.964604227803648 223.28989640250802 271.90346006769687 8.1313012484461051 35.082734872587025 22.178584097884595 85.395989939570427 42.333323435857892 711.27549814432859 258.08392710145563 53.707249541766942 42.339730763807893 829.56318281590939 249.9536458356306 21.611856796778738 25.637772446498275 44.916220276616514 15.89026947040111 296.15166168753058 14.080739527009426 25.332457090727985 21.208758168853819 14.855259837582706 63.001573557965457 71.461650998331606 14.16974101308733 10971.444060045294 199.51179175730795 82.973738087341189 16.684394284151495 2063.3349889377132 106.80299790669233 41.0986408572644 39.590108240023255 7199.1809986932203 304.81766549218446 6186.9864063430578 3039.8875494552776 17.359252556227148 15.531854315660892 36.849588082171977 19.337465722113848 68.810927719809115
leaf_count=163176 2715 11791 60942 93304 38582 18427 485 593 2619 147 56 1047 130 71 620 34212 3600 311 1474 149 14691 14167 164 197 171 889 380 364 1313 398 1307 4722 2196 250 210 460 417 475 794 285 1151 208 461 178 86 81912 9729 1166 1857 9524 851 216 252 49504 9170 7413 42461 82 383 152 441 619
internal_value=0.0827011 0.0867386 0.0696195 0.0311806 0.10243 0.105036 0.0658584 0.11664 0.149712 0.273337 0.212728 0.339408 0.646834 0.899076 0.623974 0.108481 0.167165 0.291799 0.394838 0.29389 0.0967493 0.143061 0.41736 0.7485 -0.0134659 0.178809 0.128443 0.174953 0.246455 0.380741 0.27133 0.0966052 0.105015 0.17915 0.407342 0.551022 0.102031 0.337996 0.582547 0.570807 0.291765 0.42586 0.384688 0.303499 0.585049 0.0797666 0.0676846 0.270141 0.0935834 0.125658 0.31734 0.562011 0.688654 0.0838607 0.0558239 0.100599 0.11355 0.0861 0.34908 0.154975 0.365656 0.140284
internal_weight=56705 54940.3 26301.2 5478.61 28639.1 28018 3930.73 18865.1 3733.01 520.256 441.322 220.615 78.934 45.6441 33.1866 15132.1 1457.07 534.59 344.387 267.914 922.479 699.189 85.1665 76.4722 621.101 107.575 3212.75 1321.93 610.65 216.346 137.306 1890.83 614.023 342.119 92.1658 66.5281 13675 352.566 56.4141 79.0397 77.0352 55.8264 94.9662 101.522 30.06 20822.6 11171 199.666 9651.64 2267.51 204.176 97.3731 80.6887 7384.13 1134.38 13573.5 7386.51 220.707 32.8911 756.445 56.1871 700.258
internal_count=696117 532941 320367 154731 212574 172932 61427 154505 27466 6417 5449 2269 968 838 767 127039 42272 8182 4582 4074 34090 19399 2116 508 39642 1060 21049 3326 2962 2600 1917 17723 17283 3116 920 710 84767 1649 1174 683 1952 801 610 681 503 165636 91641 2213 73995 12700 3176 2325 468 61295 13892 84086 76673 3180 465 3831 593 3238
cat_boundaries=0 4 8 12 15 19 22 25 29 32 35 39
cat_threshold=136325188 3089138593 2148237356 64 3833939489 62914576 1033914688 263 323616784 2039808 1078992896 8 67175456 33554432 538968064 2156150784 4194320 201345024 1 278528 16 16384 1073742336 16777216 8388672 302026882 1141005380 1078198416 512 2 1073760256 128 0 1073760256 128 512 58720256 822083648 6
is_linear=0
shrinkage=0.05


Tree=3
num_leaves=63
num_cat=14
split_feature=0 0 44 0 44 48 9 34 0 48 39 15 18 0 10 29 26 41 26 15 44 0 44 0 42 44 34 18 48 0 0 48 44 32 24 28 0 19 0 28 0 26 10 29 44 44 29 42 10 34 32 26 38 48 44 48 28 0 34 24 48 0
split_gain=10171 4766.21 3021.82 4610.97 2894.29 2429.69 1745.47 1470.79 4563.35 1407.13 1351.82 1334.59 1155.87 2230.55 7704.31 8971.36 2074.72 1720.61 2168.43 3523.54 1107.88 2325.93 1861.68 3472.19 2577.19 3529.82 4667.72 2508.12 2028.9 1390.4 1271.4 1087.13 3188.49 5399.18 2357.11 1045.66 3227.4 1328.19 1040.09 1084.28 2654.25 2279.61 1867.55 2336.75 1060.77 1082.92 1025.84 998.647 976.307 1097.39 974.99 1220.34 969.419 1100.16 1128.03 968.914 7396.86 960.364 1031.68 1178.69 1509.55 942.271
threshold=0 1 0.24997577071189883 2 0.8277757763862611 -0.050541149452328675 0.019669849425554279 1.0000000180025095e-35 3 0.99706560373306286 0.2559999972581864 0.85416665673255932 4.3541667461395273 4 71.958332061767592 9.130343437194826 0.037122752517461784 -0.95642796158790577 0.035113167017698295 5.8541667461395273 -0.16799793392419812 5 0.44312302768230444 6 -0.35206145048141474 0.51849433779716503 0.55000001192092907 7.9500000476837167 -0.99236765503883351 7 8 0.98458474874496471 0.84658399224281322 0.05172413773834706 -0.0030784615082666274 0.013725490774959328 9 4.5000000000000009 10 0.017647059634327892 11 0.0051224671769887218 71.958332061767592 2.8696362972259526 -0.95242238044738758 -0.99983122944831837 2.6153708696365361 -0.47114434838294977 69.041667938232436 7.8500001430511483 0.086206898093223586 -0.033887764438986771 7.5000000000000009 0.76095163822174083 0.57605713605880748 -0.91655880212783802 0.0098039219155907648 12 1.2500000000000002 0.0093265641480684298 -0.81814974546432484 13
decision_type=9 9 2 9 2 2 10 2 9 2 2 10 10 9 2 2 10 2 10 10 2 9 2 9 2 2 2 10 2 9 9 2 2 2 10 2 9 2 9 2 9 10 2 2 2 2 2 2 2 2 2 10 2 2 2 2 2 9 2 10 2 9
left_child=-1 4 7 5 9 -4 -6 8 12 11 -8 20 -3 14 -14 16 -16 18 19 -15 30 -22 46 24 25 26 27 -24 -26 55 48 -7 -33 34 -34 36 -9 38 44 40 41 42 -40 -44 45 -37 47 50 -2 -50 -23 -52 53 54 -27 56 -25 58 59 -48 -61 -41
right_child=1 2 3 -5 6 31 10 35 -10 -11 -12 -13 13 17 15 -17 -18 -19 -20 -21 21 22 23 29 28 52 -28 -29 -30 -31 -32 32 33 -35 -36 37 -38 -39 39 61 -42 -43 43 -45 -46 -47 57 -49 49 -51 51 -53 -54 -55 -56 -57 -58 -59 -60 60 -62 -63
leaf_value=-0.054270182938363276 0.083040703842891236 0.05216937549910481 -0.031367631265983527 -0.057301502721437338 -0.053913388430065615 0.086868800113383549 0.45611544168293144 0.069785569863701088 -0.052683736021275011 -0.047671212604311612 0.061084421085541143 0.080918277149278434 0.073417969131043093 1.0264772771461996 0.13399853465991765 3.0664456325022926 1.4216675603653819 0.059779971578110616 0.11371898678509076 0.14619139995614169 -0.022004981072575536 0.043019905618772315 0.62132025524640033 1.7402226524778026 0.47315561070592027 0.46667255064616803 0.15881180357029312 1.3509927800261723 -0.0050456762113325814 -0.059496234458478049 0.10043643324128791 0.092784121360480407 2.2931745584126406 0.017348873961942422 0.911887789734244 0.0866679589214851 -0.07169049636525901 -0.076196563453295313 0.10768957557100965 0.030453192864659792 0.085781598407659088 0.032007048631202538 0.27257705644572433 0.60461221468719539 0.072971092212017336 -0.075346399809014808 0.190470974280191 -0.044285717312548489 0.15409617421445657 0.0676644438300497 0.50880432197681791 0.095517748932849977 0.18558870250750761 0.76180923179290805 0.073285373538809137 0.092439076356822483 -0.066772146432992077 0.078689926581360078 0.10207156236406739 0.96068447599943407 0.17610104868650825 0.092361225622799359
leaf_weight=1437.1670874282718 762.77199399191886 1072.6389522282407 476.16553827468306 1219.8725635092705 499.24240671750158 1360.2027491051704 29.324541979469359 2759.2192016076297 938.04655947722495 169.38984367530793 82.827038379386067 9102.0592041509226 36.274232226423919 20.617533867247403 8.1179362526163477 5.293280813843011 5.0892921425402156 477.50769838877022 83.773737206123769 25.338089934550226 448.64220901019871 515.76276796776801 37.829024976119399 7.5169428037479546 25.557656590826809 40.140100597403944 44.335410895757377 17.100739446468651 167.8817326547578 154.25267396215349 8196.8002238599584 76.02588992472738 5.1189187942072749 13.04563528858125 7.7866369569674152 176.2668092129752 465.11107461061329 134.2489780401811 93.086633767932653 719.53180121351033 1023.1681302562356 103.02595779206604 182.33152848575264 74.697075915522873 7886.0713373599574 248.61473113484681 235.85461146011949 292.713457996957 3462.2089081229642 410.8192001581192 26.374084189534187 55.339951825328171 443.94827813375741 14.707471258006988 33.374802123755217 950.62067129835486 22.966779600828886 3601.9930626321584 500.21638669632375 11.841516284272076 12.712054095230995 6237.099995765835
leaf_count=149275 3133 25393 21184 95042 38870 20463 277 9354 74641 4121 506 12425 98 396 619 78 111 4853 137 44 16528 5620 628 101 270 198 115 57 6949 6663 48295 1513 154 502 325 312 12169 3463 127 7638 4457 883 1170 198 23505 4608 1992 10517 32960 615 93 575 2456 293 954 5671 790 10033 627 104 392 20577
internal_value=0.076944 0.0802883 0.0644487 0.0186399 0.0937851 0.0663858 -0.0138716 0.0708292 0.0359823 0.0960279 0.164374 0.0968503 0.0837511 0.136187 0.420192 1.32724 0.630191 0.10197 0.265124 0.541123 0.103926 0.0888811 0.0956759 0.137391 0.215203 0.266729 0.54045 0.848482 0.0581354 0.0782723 0.112909 0.0986736 0.25613 0.734665 1.45977 0.0754623 0.0493717 0.0804465 0.0817024 0.094282 0.133313 0.233588 0.299577 0.369072 0.0687421 -0.00813295 0.0802911 0.0313756 0.134455 0.144928 0.0684433 0.22891 0.215672 0.367055 0.28808 0.100314 0.378812 0.0902723 0.142217 0.224793 0.554484 0.0861346
internal_weight=57747.7 56310.5 25933.4 3158.22 30377.1 1938.35 611.394 22775.2 2672.7 29765.7 112.152 29596.3 1734.65 662.012 54.7747 18.5005 13.2072 607.237 129.729 45.9556 20494.3 7661.68 7213.04 1960.23 824.875 631.436 99.2652 54.9298 193.439 1135.36 12832.6 1462.18 101.977 25.9512 12.9056 20102.5 3224.33 16878.1 16743.9 8432.94 1476.31 453.141 350.115 257.029 8310.95 424.882 5252.81 890.19 4635.8 3873.03 597.477 81.714 532.171 88.2224 73.5149 981.104 30.4837 4362.62 760.625 260.408 24.5536 6956.63
internal_count=696117 546842 334014 139183 212828 44141 39653 194831 106370 173175 783 169054 31729 6336 906 808 730 5430 577 440 156629 71626 55098 25145 11920 4701 800 685 7219 13225 85003 22957 2494 981 479 88461 21523 66938 63475 35050 6835 2378 1495 1368 28425 4920 29953 16805 36708 33575 6288 668 3901 1445 1152 6562 891 13148 3115 2488 496 28215
cat_boundaries=0 4 8 12 15 17 20 24 28 31 35 39 43 47 51
cat_threshold=2107460 3089138593 753708 64 4102374945 58720272 1031817552 263 55181328 5054464 5251072 8 54661264 67117062 1073746944 131072 67108864 2147484672 33554432 134236416 545276416 25165840 67108864 7 335544320 0 276824128 256 2156201473 33554432 671107152 55214464 729102 2149585408 8 21659920 67706890 2182099458 1064 33554434 19456 129 512 262176 16 620756992 1 4096 18432 1153 512
is_linear=0
shrinkage=0.05


Tree=4
num_leaves=63
num_cat=0
split_feature=35 18 11 43 42 17 41 46 24 44 36 28 17 28 35 48 36 44 30 28 48 44 48 41 28 43 42 48 48 18 43 36 27 18 28 35 35 43 43 28 43 42 37 33 34 48 38 44 16 43 36 30 44 44 46 44 48 38 48 43 35 34
split_gain=5698.64 2660.78 2981.17 1959.08 1722.27 1742.94 6508.05 2726.97 2514.9 1524.95 1593.12 1527.47 1208.97 1204.28 1127.24 1844.54 990.378 969.231 3395.45 2527.36 1746.74 1609.59 3571.29 1810.88 1700.01 1600.01 1512.95 1554.23 1494 1432.21 1429.73 1319.99 1474.26 1434.68 1231.01 1197.17 2240.49 2638.35 1106.02 1103.97 1069.64 1024.27 994.477 959.459 1130.81 943.641 931.503 1038.82 894.178 888.262 1120.82 872.764 970.831 1109.52 1502.91 870.363 981.069 1257.44 833.812 820.573 814.582 1570.45
threshold=1.0000000180025095e-35 7.0499999523162851 150.20833587646487 0.94425827264785778 -0.032701563090086067 1.0000000180025095e-35 -0.84874749183654774 0.6290392577648164 -0.033975837752223008 0.046214086934924133 5.5000000000000009 0.064705885946750655 0.77500000596046459 0.045542273670434959 6.9500000476837167 -0.96953669190406788 7.5000000000000009 -0.97507822513580311 0.061132479459047324 0.054168537259101875 0.96279266476631176 -0.58481180667877186 0.85232898592948925 0.81241145730018627 0.0098039219155907648 0.29342973232269293 -0.77259656786918629 0.85817068815231334 -0.037677722051739686 2.6833333969116215 -0.18492533266544339 4.5000000000000009 0.15667565166950229 25.274999618530277 0.060723030939698226 1.9499999880790713 1.0500000119209292 -0.98214942216873158 0.86113432049751293 0.051905291154980666 0.57077592611312877 -0.72947329282760609 1.5860000252723696 0.15000000223517421 1.5500000119209292 0.95233076810836803 21.500000000000004 0.19969739764928821 1.2500000000000002 0.8522624969482423 5.5000000000000009 0.13886752724647525 0.8277757763862611 0.81800284981727611 -0.49248997867107386 0.86004966497421276 0.98458474874496471 16.000000000000004 0.29059579968452459 1.0000000180025095e-35 1.7500000000000002 0.55000001192092907
decision_type=2 10 2 2 2 10 2 2 8 2 2 2 8 2 2 2 2 2 2 2 2 2 2 2 2 2 2 2 2 10 2 2 2 10 2 2 2 2 2 2 2 2 2 2 2 2 2 2 10 2 2 2 2 2 2 2 2 2 2 2 2 2
left_child=1 2 -1 9 5 6 7 8 -3 12 11 -11 14 55 17 -16 -6 18 19 42 21 22 25 28 -24 -19 -20 31 35 40 -29 32 -28 -33 58 36 49 -38 -25 -26 48 -36 -2 44 -39 -13 47 -5 -27 -23 -51 52 53 60 -55 56 -4 -58 -30 -32 -12 -62
right_child=3 4 13 46 16 -7 -8 -9 -10 10 51 45 -14 -15 15 -17 -18 20 26 -21 -22 23 24 38 39 29 27 30 34 -31 59 33 -34 -35 41 -37 37 43 -40 -41 -42 -43 -44 -45 -46 -47 -48 -49 -50 50 -52 -53 -54 54 -56 -57 57 -59 -60 -61 61 -63
leaf_value=0.087143153215334418 0.52590042842919649 1.3246004090319377 0.021858718196909533 -0.060003697444434456 0.087951628362245779 0.094709903597559833 0.1169249481254858 1.0645705295974293 -0.060997364697446987 0.077237174459134084 -0.0035861008555637779 0.057231310287353877 0.073014380108956375 -0.032902301503793918 -0.088718038610901662 0.080158692170202744 -0.013165144756148817 0.0087430106558981768 0.008473284087473892 0.7569625102191021 0.0077073655682515108 0.11114995232218348 0.29920370547982394 -0.065914471434211683 0.14542204103167905 0.067009467917644769 0.15148362904986845 0.4009361653771995 -0.033026451610881545 0.12769079582765649 -0.069546565393358226 0.063079480035145893 0.48631268270915751 0.40468393962161253 0.2618898367240573 0.11893107092299804 0.051965078270931858 -0.059118432289922286 0.10547825084222109 -0.06375140543274542 -0.036182305092227085 -0.060393100693919816 0.20916657703389172 0.40605297007549129 0.5873382945212694 0.43492226883069862 0.087605327990713938 0.05746078541147779 0.4675261453319044 0.3931421415329816 -0.059115466917866122 0.014454315278722846 -0.059853414969619212 0.5895361160373439 0.11846590539994331 -0.038447489985824521 -0.053539062906949292 0.22082298213399781 0.082244276645253231 0.19914283992274329 0.2151446492148128 0.059388572899375838
leaf_weight=1200.5898318300024 27.871075585484505 4.3588891299441457 2277.0904852286913 501.60989476973191 641.76171927247196 386.0973613508977 153.99012242769822 30.859595315065235 13.167379948776217 4579.8596054459922 385.74945662124082 25.044011832680553 16230.113458686043 1827.4300264432095 164.49335153866559 9494.7359697604552 388.89850607374683 1454.8282709019259 327.82539030211046 26.577339422423393 561.10707830265164 675.99845531350002 174.8641752130352 226.17578764120117 687.68371851136908 585.93575607938692 222.99640796659514 84.734468594193459 169.77188226766884 823.18238346744329 33.051841084845364 937.83874970814213 38.559742268174887 31.777551132254303 150.9666031524539 4192.7246904941276 90.092098281253129 24.457564269192517 161.2260825401172 69.449152334127575 324.13720581354573 29.46556852478534 223.63795387558639 216.8994686244987 9.3511793119832856 48.689267868641764 297.85447914386168 301.26617275457829 14.275013120844958 59.895620265975595 17.7619843268767 1996.7186602582224 156.73671024153009 23.130681621842086 63.179718045517802 548.98430164391175 59.854005897883326 138.15964802075177 2066.0837167305872 202.57232276117429 183.09472865005955 1393.8170960908756
leaf_count=4822 333 13 129993 16156 7956 3199 2886 316 860 21047 19362 664 38571 166369 1633 17074 13235 36561 6929 290 10411 5032 1109 7461 2346 8776 1747 201 3198 6610 1019 8334 339 262 354 6967 602 922 1909 2323 10961 1040 1768 902 81 189 3952 4219 32 355 1128 24216 9344 251 501 51992 5116 2223 9539 886 2630 6601
internal_value=0.0719993 0.0318315 0.0166005 0.0780662 0.0887632 0.157009 0.275863 0.781692 0.283609 0.0795278 0.0607193 0.0808719 0.083607 -0.000856463 0.0905948 0.0772828 0.0497973 0.0991993 0.130199 0.293265 0.0939687 0.0979279 0.0725478 0.110897 0.158688 0.047478 0.10607 0.126692 0.116201 0.0797251 0.224796 0.101164 0.200846 0.074275 0.0836298 0.131087 0.177655 0.284039 0.0054145 0.126235 0.037009 0.209259 0.244266 0.367435 0.119685 0.306637 0.0120885 -0.0159271 0.0765351 0.129548 0.289701 0.0384031 0.0600828 0.0692573 0.24471 0.0185086 0.0311415 0.137891 0.0734916 0.161453 0.0615416 0.0774734
internal_weight=58461.1 7671.24 6052.11 50789.9 1619.13 588.473 202.376 48.3859 17.5263 49689.1 8856.02 4653.59 40833.1 4851.52 24603 9659.23 1030.66 14943.8 2157.44 278.086 12786.3 12225.2 4134.36 8090.87 931.997 3202.36 1879.36 1551.53 7703.47 1747.53 320.359 1231.17 261.556 969.616 2416.29 5287.18 1094.46 340.8 387.402 757.133 924.348 180.432 251.509 250.708 33.8087 73.7333 1100.73 802.876 600.211 753.656 77.6576 4202.43 2205.71 2048.97 86.3104 3024.09 2475.1 198.014 2235.86 235.624 1962.66 1576.91
internal_count=696117 388980 360515 307137 28465 7274 4075 1189 873 282810 84805 21900 198005 355693 159434 18707 21191 140727 22108 2391 118619 108208 68718 39490 5778 62940 19717 12788 30120 26379 2106 10682 2086 8596 14131 15989 9022 2507 9370 4669 19769 1394 2101 1905 1003 853 24327 20375 8808 6515 1483 62905 38689 29345 752 189324 137332 7339 12737 1905 28593 9231
is_linear=0
shrinkage=0.05


Tree=5
num_leaves=63
num_cat=0
split_feature=35 7 18 43 42 26 43 28 48 41 43 18 35 43 48 48 44 34 39 48 43 43 27 28 38 48 44 35 43 43 48 41 43 35 30 17 48 46 7 18 42 38 41 40 43 35 46 28 38 47 15 18 43 43 37 48 38 44 40 46 48 28
split_gain=5127.57 2857.9 2028.3 1927.79 1849.18 1335.35 1320.21 3545.66 2151.16 1808.87 1776.72 1533.76 2079.17 1352.75 2615.27 1895.52 1544.33 1527.9 1382.64 1350.07 1347.33 1345.52 1262.53 1258.89 1213.67 1213.61 1487.49 1175.19 1130.81 1435.2 1129.98 1120.62 1118.55 1104.56 1079.94 1691.2 1059.25 2405.91 1050.08 1011.62 1259.95 1498.96 1091.96 1026.48 969.832 1228.42 1128.54 948.674 921.22 891.09 1163.81 2056.89 1290.12 1676.86 1089.59 939.24 858.086 849.426 842.314 808.086 781.45 765.615
threshold=1.0000000180025095e-35 1.0000000180025095e-35 5.1833331584930429 0.94425827264785778 -0.032701563090086067 0.04394690319895745 -0.39826117455959315 0.049337463453412063 0.85232898592948925 0.68322628736495983 -0.97509795427322377 5.5499999523162851 7.1499998569488534 -0.81429189443588246 0.65729612112045299 0.66655930876731884 -0.19337245076894757 1.2500000000000002 0.17249999940395358 -0.037677722051739686 0.57077592611312877 -0.92274349927902211 0.22436012327671054 0.021568628028035167 11.500000000000002 0.61022824048995983 0.71952396631240856 14.34999990463257 0.87397152185440075 0.87811094522476207 0.20889598131179812 -0.68322628736495961 -0.75015330314636219 3.6499999761581425 0.13472142815589908 1.0000000180025095e-35 0.99868115782737743 0.65799698233604442 1.0000000180025095e-35 10.275000095367433 0.72947329282760631 10.500000000000002 0.032701563090086053 2.3645000457763676 -0.86114627122879017 1.5500000119209292 0.63862529397010814 0.048057714477181442 7.5000000000000009 -0.50266999006271351 0.35416667163372045 3.1833333969116215 0.55656746029853832 0.15951094031333926 1.1215000152587893 0.93255695700645458 16.000000000000004 -0.4755979031324386 3.842000007629395 -0.64382687211036671 0.92346203327178966 0.0098039219155907648
decision_type=2 10 10 2 2 10 2 2 2 2 2 8 2 2 2 2 2 2 2 2 2 2 2 2 2 2 2 2 2 2 2 2 2 2 2 10 2 2 10 10 2 2 2 2 2 2 2 2 2 2 10 10 2 2 2 2 2 2 2 2 2 2
left_child=1 2 22 6 34 -6 7 9 25 13 -11 12 20 14 16 18 17 39 -15 -19 36 31 -1 30 59 26 61 47 -22 -30 38 -16 -17 57 -4 -36 49 -38 56 40 -2 42 -42 -43 45 -25 -46 -20 -7 55 51 52 53 54 -51 -10 -18 -27 -9 -12 -13 -8
right_child=3 -3 4 -5 5 48 8 58 11 10 24 60 -14 15 21 32 23 19 27 -21 28 -23 -24 44 -26 33 -28 -29 29 -31 -32 -33 -34 -35 35 -37 37 -39 -40 -41 41 43 -44 -45 46 -47 -48 -49 -50 50 -52 -53 -54 -55 -56 -57 -58 -59 -60 -61 -62 -63
leaf_value=-0.010351881651371174 0.13398842815287762 0.072482971937350635 0.058377904137461349 0.007681282046300965 -0.055019046745028492 0.22786264409570164 0.037538737418076756 -0.070648627259053562 0.15376711974292734 -0.034401248136866236 -0.040189156733446946 0.096350856433448456 0.092333850916889559 0.064382060754567802 -0.047361997940194411 -0.080774961141025614 0.02827978398507143 0.095873638492542657 -0.072177686405756197 -0.010439918625471259 -0.061138129765282136 -0.075140698363181047 0.17930317559849174 -0.034025550488911774 -0.031990448096336548 -0.0070001729462038842 -0.019335004750441784 0.058299512526823555 0.44876053529461868 0.090200393138269275 0.08619242365281754 0.059043209410350399 0.091747592233654751 -0.082300668085477549 0.43488219930649052 0.13385905004477472 0.14782989734384375 0.80533952140738652 0.071172850805525975 0.092354411176734791 0.084682784277027134 0.28324186716479111 0.28743149305282006 0.57994674617275399 0.10419429978041216 0.089570373552318658 0.32299391959937196 0.11300237473649966 0.025943039746295145 0.4225971124205386 0.084554750024480707 0.53709934340330756 0.51361755863372183 -0.032450283972858533 0.20291294318585709 -0.0653871101641956 -0.073708413151813382 0.10777337376260708 0.043002797408651268 0.084526379658964854 0.02826807426009479 0.084596345687846575
leaf_weight=4111.9550028154626 1053.6703751389869 2595.4735635686666 130.74910994106904 1079.8937789392658 278.57115863449872 94.177827139850706 929.92800908070058 546.79910819372162 305.30735382717103 726.23673803592101 141.88519322965294 1901.1905701714568 1564.9482612926513 764.09096457436681 290.44516643648967 99.051016214303672 1723.6863311594352 4469.1147278109565 734.27458216575906 320.00235634529963 97.914994204882532 273.23890275601298 89.664499076548964 207.13889505993575 322.08061531791463 327.17025791201741 377.8824793305248 321.00199518632144 32.686137262266129 190.91578700719401 2189.3946085879579 1671.2286521191709 1824.7357815401629 210.73506808187813 73.12196582974866 128.92694959044456 35.949913326650858 22.696424755267799 1548.9896229566075 769.74254773836583 161.1613858519122 102.06855356413871 112.95467684278265 40.803429322782904 158.11253176024184 6826.8455541138537 93.953278971835971 76.354027558118105 141.1418809518218 62.83799671754241 152.02277167653665 52.805538983084261 34.187792473472655 70.3017642153427 554.57058023102582 58.211117350962013 234.2695180750452 317.79120379500091 232.28487602481619 1535.6103043309413 541.51713507855311 12257.340186384507
leaf_count=337146 4315 21191 5204 24406 18180 914 10858 15551 1120 9900 3821 1910 1224 3840 3454 2014 8972 4492 17579 1843 4328 5585 1388 4195 10683 8127 13496 563 193 1712 3995 7248 6709 2572 1050 1299 611 286 1898 3224 433 402 318 382 533 8027 286 1382 2752 140 447 347 123 2582 2616 2096 3849 4594 3042 10112 4331 70220
internal_value=0.0680217 0.0298443 0.00792256 0.0737718 0.0785234 0.0190596 0.0752087 0.0684883 0.0850964 0.0713363 0.0325812 0.111165 0.133745 0.075389 0.0801086 0.0478994 0.0858377 0.104714 0.0124164 0.0887699 0.172541 0.0288098 -0.00630456 0.075617 0.056909 0.0748322 0.0784752 -0.0226715 0.0805637 0.142615 0.058008 0.0432889 0.0828648 0.0170803 0.170345 0.2428 0.194465 0.402289 0.0404123 0.138795 0.163102 0.236669 0.168229 0.367979 0.0893839 0.0859307 0.185748 -0.0547354 0.106754 0.185018 0.211043 0.235864 0.213829 0.198926 0.225272 0.118673 0.0160769 0.0495521 -0.0367633 0.0739777 0.0812578 0.081278
internal_weight=58393.8 7643.78 5048.31 50750 846.689 513.891 49670.1 29571.2 20098.9 28792.1 2725.81 5678.06 3235.36 26066.3 22246.8 3819.51 20011.9 7029.52 1895.72 4789.12 1670.41 2234.91 4201.62 12982.4 1999.58 14420.8 13565.2 1131.63 321.517 223.602 5696.34 1961.67 1923.79 855.697 332.798 202.049 1348.89 58.6463 3506.95 2240.4 1470.66 416.988 274.116 142.872 7286.05 7033.98 252.066 810.629 235.32 1290.24 926.726 774.704 721.898 687.71 617.409 363.518 1957.96 644.961 779.084 1677.5 2442.71 13187.3
internal_count=696110 389124 367933 306986 29399 21846 282580 148647 133933 130054 34516 24066 17825 95538 63451 32087 47164 15409 23364 6335 16601 16287 338534 31755 24616 109867 94574 19524 6233 1905 18714 10702 8723 15293 7553 2349 10368 897 14719 9074 5850 1535 751 784 13041 12222 819 18961 3666 9471 6255 5808 5461 5338 2756 3216 12821 12721 18593 13933 6241 81078
is_linear=0
shrinkage=0.05


Tree=6
num_leaves=63
num_cat=20
split_feature=0 0 44 34 0 9 48 44 44 0 0 17 35 44 47 24 34 18 32 0 44 41 0 35 0 35 0 0 28 35 34 18 0 35 18 48 0 0 31 0 48 48 34 0 48 35 0 44 28 0 42 25 40 48 28 0 19 28 0 17 44 0
split_gain=8136.68 3968.08 2097.74 1879.68 3743.52 1123.7 1113.75 1094.56 1068.44 4046.39 1026.07 1051.27 1325.98 1703.8 1043.48 2332.87 1177.95 2697.72 1044.44 989.467 1193.67 800.577 1136.42 773.555 2768.03 935.992 1012.31 991.749 1313 1202.4 1204.6 2285.16 1022.63 949.176 1409.57 765.249 758.789 749.252 726.068 945.789 701.287 655.767 652.417 2171.58 6180.37 1926.39 1034.36 989.49 1663.5 754.516 1054.48 865.627 859.896 622.364 861.568 913.67 640.569 598.669 593.936 580.107 627.996 910.702
threshold=0 1 0.8277757763862611 1.0000000180025095e-35 2 0.019669849425554279 0.99793070554733287 -0.90892156958580006 0.046214086934924133 3 4 0.11250000074505807 6.9500000476837167 -0.99864786863327015 -0.2659581303596496 -0.018879834562540051 0.84999999403953563 8.7750000953674334 0.05172413773834706 5 -0.95752304792404164 0.16280825436115268 6 1.0000000180025095e-35 7 8.7500000000000018 8 9 0.013725490774959328 1.2500000000000002 2.3500000238418584 0.27500000596046453 10 3.4500000476837163 0.22500000149011615 -0.71510741114616383 11 12 0.086206898093223586 13 -0.69740253686904896 0.92789602279663097 0.75000000000000011 14 0.95610705018043529 2.5499999523162846 15 -0.99273797869682301 0.021568628028035167 16 -0.88144907355308522 0.36500000953674322 1.0000000180025095e-35 0.99925601482391369 0.04256099462509156 17 4.5000000000000009 0.053132651373744018 18 1.3541666865348818 0.69521084427833568 19
decision_type=9 9 2 2 9 10 2 2 2 9 9 10 2 2 2 10 2 10 2 9 2 2 9 2 9 2 9 9 2 2 2 10 9 2 10 2 9 9 2 9 2 2 2 9 2 2 9 2 2 9 2 10 2 2 2 9 2 2 9 10 2 9
left_child=-1 2 6 4 38 -4 7 10 19 53 11 12 13 -2 -15 -16 17 18 57 20 36 41 -23 24 -9 27 -27 28 29 -25 31 33 -30 34 -31 -33 -5 -29 40 -40 -3 -22 43 44 45 -21 47 48 -45 50 -44 52 -52 54 56 -56 -10 -17 -42 60 -39 -62
right_child=1 3 5 8 -6 -7 -8 23 9 -11 -12 -13 -14 14 15 16 -18 -19 -20 42 21 22 -24 25 -26 26 -28 37 32 30 -32 35 -34 -35 -36 -37 -38 59 39 -41 58 -43 49 46 -46 -47 -48 -49 -50 -51 51 -53 -54 -55 55 -57 -58 -59 -60 -61 61 -63
leaf_value=-0.054510172385510459 0.063306151564646793 -0.035543472427225518 -0.053622471150185216 0.037754333600371365 -0.041929471659282881 0.10606953197605661 -0.071686133431676971 0.077251443792350383 0.069443395657058135 -0.07120479040743842 0.083891583743751122 0.086193707826307323 0.087455233109018427 0.15032535608836758 0.71354850310993478 0.23811102128473718 0.15680542415092955 0.92598498393721662 0.02449658297642409 0.052970875384752515 0.066174998729754228 0.049734101118478848 -0.055877016378929861 -0.010124670054227508 -0.050014901567335769 -0.024539480089868476 0.067515865222359236 -0.056891759390652233 0.0093657862947556722 0.44210543358955046 0.13983216960324676 0.28274252286685791 0.12132788933823072 0.35321799074905913 1.123007456059302 0.0048995423266968603 -0.075103655066503627 0.086484442304526676 0.1404381324063152 0.049628512027505331 -0.043475481265043636 -0.02124489795898505 -0.037086976597814937 0.61713460483938454 1.0705358179721614 0.59204294633956989 -0.043194250824914411 0.090181650209492148 0.10392890110910571 0.063330595535934009 0.080394799217666069 0.097226794165233069 0.26791538729843895 0.23422474671053448 0.070282183709252419 -0.071613243505260951 -0.078045795574710447 0.42245858747928344 0.057026762288497235 0.06635297088112925 0.27264513141718488 0.10352106599068499
leaf_weight=1401.9567314949818 229.83973918575794 294.46833942085505 437.80077817384154 301.84255247563124 1443.0139212259091 147.19742724439129 117.07949704444036 2146.950362324249 2987.6470028930344 712.45120267150924 4030.0452097118832 1011.1599907418713 538.7447246843949 343.06733494438231 27.262851558625698 100.73979106079787 228.00752480514348 16.854587456211448 36.281163562089205 83.599119543097913 7166.6858325079083 890.55223969416693 346.56492292694747 57.549058858305216 527.99540529632941 321.73209844110534 4180.5432975869626 93.285883939359337 266.29029681021348 15.089729814790189 169.58726383466274 100.94670735904947 1060.6095425868407 21.878551253117621 15.315068976953626 32.846146952360868 276.68194577237591 8437.4641606076621 465.3235033378005 829.38877941155806 157.57331216149032 221.14004359673709 121.92891701636836 24.422230392694473 22.682189434766769 20.670272027142346 138.11848697206005 1085.1557971001603 44.672543791122735 7027.013523013331 97.327697365544736 1124.9689981280826 164.39934727083892 49.911894387565553 194.13436262868345 245.75707048503682 75.478065111674368 78.248266773298383 1569.6406891569495 3653.9077583337203 104.33745413832366 483.73662692774087
leaf_count=148931 778 15567 37521 1219 137441 779 3332 30393 6285 19670 17265 2971 543 2807 137 913 551 357 1337 1945 16070 5415 6571 2453 38913 2024 3738 4098 4641 352 472 302 8256 141 57 594 5347 31705 8447 18363 9800 2002 2823 297 261 379 10407 8245 442 11388 688 5369 1550 133 925 5130 1812 440 37168 5915 290 1945
internal_value=0.0643269 0.0672365 0.080255 0.053802 0.0251748 -0.0134407 0.08221 0.082846 0.0596417 0.03701 0.100608 0.125616 0.15133 0.183785 0.217129 0.264152 0.237525 0.316813 0.269117 0.0646803 0.0526039 0.0573246 0.0200986 0.0774082 0.0522327 0.0809497 0.0610331 0.0871284 0.123372 0.201911 0.23622 0.324066 0.0998436 0.604362 0.78508 0.214532 -0.0168661 0.0820299 0.0543355 0.0837338 0.0357772 0.0635583 0.0757162 0.107182 0.298997 0.159836 0.0853659 0.100988 0.285327 0.0705727 0.103202 0.116281 0.198183 0.0587448 0.0564122 -0.00902174 0.0658091 0.318702 0.0479364 0.083096 0.0899664 0.139924
internal_weight=58617.6 57215.6 29032.4 28183.2 4759.41 584.998 28447.4 28330.3 23423.8 4265.38 6640.25 2610.21 1599.05 1060.3 830.462 487.394 460.131 232.124 215.269 19158.4 9203.47 8624.94 1237.12 21690.1 2674.95 19015.1 4502.28 14512.8 1740.11 413.213 355.663 186.076 1326.9 52.2834 30.4048 133.793 578.524 12772.7 3316.39 1294.71 2021.68 7387.83 9954.96 1419.32 126.952 104.269 1292.37 1154.25 69.0948 8535.64 1508.62 1386.7 261.727 3552.93 3503.02 439.891 3063.13 178.988 1727.21 12679.4 9025.54 588.074
internal_count=696110 547179 206020 341159 226786 38300 167720 164388 114373 33955 28099 10834 7863 7320 6542 3735 3598 3047 2690 80418 36624 30058 11986 136289 69306 66983 5762 61221 17268 4371 1918 1446 12897 550 409 896 6566 43953 89345 26810 62535 18072 43794 21976 2585 2324 19391 8984 739 21818 10430 7607 2238 14285 14152 6055 8097 1353 46968 39855 33940 2235
cat_boundaries=0 4 8 12 16 19 23 27 31 35 38 41 45 46 49 52 55 59 62 66 67
cat_threshold=2107460 3089138593 753708 64 1820657185 62915600 1031817552 261 323113104 67698692 1061888 10 323616912 2039808 1080041472 10 1283524128 33554432 545259520 21626896 69009418 2182099970 554 21102608 67108874 2147483648 34 75563008 25165824 939526464 5 209716768 0 201345024 1 8651776 33555472 218103824 8389632 0 16 4194304 8 4096 2 201326592 151552 67108864 1056768 268435456 8192 1073741824 2181042560 68 6553601 2147532802 1073764416 641 144 131088 0 4194304 16384 65536 1048576 8 536871424
is_linear=0
shrinkage=0.05


Tree=7
num_leaves=63
num_cat=17
split_feature=0 0 43 44 0 44 43 0 41 0 0 9 17 14 43 0 44 0 44 0 44 0 43 0 35 43 7 27 35 35 43 35 18 43 0 35 43 43 24 44 0 0 44 0 27 26 44 35 42 18 35 27 7 34 46 18 0 44 0 43 41 32
split_gain=7281.28 3384.9 2501.15 1711.18 3967.75 1680.67 1699.17 1211.55 1029.06 3742.23 1131.5 1017.39 857.653 966.269 843.003 827.427 785.39 1132.93 1007.22 1848.36 968.22 1230.56 1160.88 938.623 914.192 944.258 922.239 825.377 885.802 774.08 734.128 719.985 875.223 682.934 672.983 670.847 814.462 666.569 899.093 682.771 1545.11 924.956 1283.4 640.557 731.461 748.521 627.404 2011.04 1405.23 1160.31 625.173 623.64 619.329 594.974 575.781 559.437 549.327 535.55 535.058 528.002 612.731 534.822
threshold=0 1 0.91939014196395885 0.54759982228279125 2 0.8277757763862611 0.98802474141120922 3 0.63405361771583568 4 5 0.019669849425554279 1.3541666865348818 2.7500000000000004 -0.84315016865730275 6 -0.90892156958580006 7 -0.58481180667877186 8 -0.93543598055839527 9 0.22700754553079608 10 1.1500000357627871 -0.99763298034667958 2.0499999523162846 0.18596427887678149 3.7500000000000004 6.6499998569488534 -0.62588816881179798 2.4500000476837163 36.549999237060554 -0.50556187331676472 11 2.1499999761581425 0.57077592611312877 0.98667103052139293 -0.022519842721521851 -0.17646729946136472 12 13 -0.39036008715629572 14 0.0696452632546425 0.0098403189331293123 0.47369650006294256 0.15000000223517421 -0.35206145048141474 2.0499999523162846 9.2500000000000018 0.071143176406621947 3.0499999523162846 0.65000000596046459 -0.63448983430862416 2.8541666269302373 15 0.48877522349357611 16 0.52766072750091564 0.35206145048141485 1.0000000180025095e-35
decision_type=9 9 2 2 9 2 2 9 2 9 9 10 10 10 2 9 2 9 2 9 2 9 2 9 2 2 8 2 2 2 2 2 10 2 9 2 2 2 10 2 9 9 2 9 2 10 2 2 2 10 2 2 10 2 2 10 9 2 9 2 2 2
left_child=-1 5 3 8 30 6 12 -4 10 14 31 -7 16 15 56 53 17 50 19 35 22 29 27 24 26 -26 -20 -19 -29 51 -5 32 34 -21 -3 36 59 39 -39 41 -41 42 -25 44 -16 -46 -12 48 49 -48 52 -22 -2 58 -27 -35 -10 -50 -14 60 61 -18
right_child=1 2 7 4 -6 11 -8 -9 9 -11 46 -13 13 -15 43 -17 18 20 23 33 21 -23 -24 37 25 54 -28 28 -30 -31 -32 -33 -34 55 -36 -37 -38 38 -40 40 -42 -43 -44 -45 45 -47 47 -49 57 -51 -52 -53 -54 -55 -56 -57 -58 -59 -60 -61 -62 -63
leaf_value=-0.054406352306672935 -0.016532963060480518 0.02365339252858404 0.11376460706815544 -0.070023519982145538 -0.056774722754676682 -0.053667856593258838 -0.06425569014801373 -0.060055771877886348 0.052027567205194837 -0.043140118953184869 0.065969419922292272 0.1001440941543299 0.054571381406009804 0.075913261716708813 -0.011637379439080227 -0.013092817254316449 0.25903492849201298 0.10328832415492094 -0.051155015029429679 -0.06443305583787369 0.32858294113142317 0.03945917785421018 -0.060191669162679796 -0.060365678000909355 0.052187350604407157 0.063288654862754173 0.20942631270880888 0.3096292496028728 0.094171533756194678 0.14016362749711483 0.082358707615301646 0.051629927478499454 0.080881706605916481 -0.018593068610339204 -0.056734293047266064 0.061952780564901958 -0.01079495687548384 0.56170166205720073 0.074770348797304181 -0.067158371532450634 0.073536321800403634 0.089005603107057643 0.28212966463669248 0.079534110860202178 0.16288977307231742 0.40591410866928079 0.17779529674703559 0.062180424173553607 0.49201994679143246 0.56273009242800953 0.095369804329378458 0.17861972946452745 0.10168868651620411 0.073470592022854705 0.20918744227420205 0.064252555513450854 -0.0711579957888821 0.063761747835495056 -0.047370883573246161 0.27180163221454678 -0.059358959613985622 0.11389408508900536
leaf_weight=1336.0825874120928 369.79632489895448 578.83176525542513 108.12851305119693 84.509430807083845 1089.3703829851002 392.35165228554979 209.79957911372185 690.30244809063151 268.01749846385792 1089.6979461894371 16457.008142519742 148.08743977826089 277.22086070710793 5948.0872152363881 33.877458679955453 594.03811500873417 90.710908555891365 2213.1120520043187 111.48131004581228 290.28191359434277 171.66166982706636 155.39252128638327 102.13096054270864 33.715800718404353 159.53857430350035 78.148017310537398 48.825532381422818 104.51579116843641 87.759518924169242 201.02954364009202 1221.0936484453268 4741.6728858654387 334.00709384679794 388.60707317199558 458.16414253180847 837.97488593310118 80.734231504611671 16.894196955952793 21.601506675127894 196.46584422094747 6356.0773709183559 5024.7137850262225 144.91855685692281 1081.1922994852066 91.18952770344913 48.55510366242379 31.903161080088466 418.65782652888447 8.2349758977070433 50.66821404453367 540.83095481526107 116.29390709474683 158.16329618357122 1278.1982274753973 502.0942050893791 428.4371231473051 124.60591995297 64.303785477764904 223.75401885807514 87.620942671783268 36.517276649829 211.35448020603508
leaf_count=148931 8472 10322 917 3379 88987 34769 9108 44134 2198 38949 85657 779 1151 3786 1877 7314 324 8750 9428 7600 457 1065 2214 1274 277 597 282 400 81 116 18919 13165 1285 9587 28697 1815 2522 35 429 10077 36600 17577 1387 7525 1209 655 1101 1053 389 87 358 585 443 2090 1755 2183 3298 1753 2244 276 1559 1857
internal_value=0.060799 0.0634738 0.0514111 0.0538931 0.0134589 0.0757835 0.0775019 -0.0358432 0.0576348 0.0286434 0.0610636 -0.0115214 0.078576 0.065151 0.0759257 0.0381771 0.0843441 0.103418 0.0790291 0.0496932 0.118583 0.173626 0.104911 0.084696 0.134961 0.159917 0.0282117 0.111921 0.211289 0.211138 0.0719442 0.0423335 0.0104901 0.00143112 -0.0121824 0.0887589 0.134821 0.0806772 0.288465 0.0800654 0.0693276 0.0935875 0.205957 0.0963934 0.186082 0.24733 0.0677216 0.119158 0.272946 0.414003 0.0570533 0.268019 0.0188832 0.0550594 0.189538 0.0248491 0.0124452 0.11238 0.0091839 0.162404 0.134093 0.15748
internal_weight=58849 57512.9 29074 28275.6 2394.97 28438.9 27898.5 798.431 25880.6 2737.14 23143.5 540.439 27688.7 8321.3 1647.44 2373.21 19367.4 4220.69 15146.7 2452.24 3151.9 644.378 2507.52 12694.5 900.088 739.781 160.307 2405.39 192.275 488.985 1305.6 6112.68 1371 1107.33 1037 1344.91 506.938 11794.4 38.4957 11755.9 6552.54 5203.35 178.634 1254.81 173.622 139.745 17030.8 573.768 155.11 82.5714 1068.79 287.956 527.96 1779.17 580.242 817.044 392.623 72.5388 500.975 426.204 338.583 302.065
internal_count=696110 547179 355556 310505 111285 191623 156075 45051 199220 55711 143509 35548 146967 16585 16762 12799 130382 22941 107441 27723 13668 2223 11445 79718 12339 2629 9710 9231 481 1158 22298 53469 40304 19370 39019 8353 6538 67379 464 66915 46677 20238 2661 11266 3741 1864 90040 4383 3330 1188 9273 1042 8915 5485 2352 11770 5496 2142 3395 4016 3740 2181
cat_boundaries=0 4 8 12 14 18 22 25 29 32 36 39 41 44 47 50 53 56
cat_threshold=2107460 3089138593 753708 64 1820657185 62914576 1031817552 5 524304 860160 4202496 258 0 67108864 33739154 24584 1075838976 32 274 69033994 2147491970 672 536936449 25165824 880804176 536870912 12582928 486557712 1 536870912 50331648 276842560 209716736 0 545259520 4 8650752 4194320 83886080 272 73730 134218752 0 18688 0 33554432 134217744 16384 24576 1075838976 163984 8192 2097152 0 0 8388944
is_linear=0
shrinkage=0.05


Tree=8
num_leaves=63
num_cat=22
split_feature=0 0 43 33 0 43 27 0 0 48 35 0 0 28 32 43 0 43 28 0 48 0 43 48 41 0 29 0 43 48 28 0 0 35 43 0 42 35 0 48 35 28 10 48 33 27 43 35 0 48 48 0 20 0 27 0 48 15 28 0 0 48
split_gain=6555.22 2937.62 2315.34 1610.84 2593.27 1450.9 1378.29 1413.58 1128.68 944.107 869.786 1638.6 817.973 770.818 609.661 1544.61 908.314 598.734 1460.99 851.058 842.185 901.888 651.028 649.849 636.756 1134.7 621.479 948.468 683.634 592.885 642.8 1653.94 662.933 831.103 625.108 615.538 557.008 553.839 689.83 1362.66 547.43 522.721 518.493 517.664 503.382 488.407 487.307 473.905 922.593 472.309 466.141 725.552 638.309 711.636 448.916 683.423 488.331 838.41 446.068 799.867 442.2 437.224
threshold=0 1 0.91939014196395885 1.0000000180025095e-35 2 0.98802474141120922 0.073514446616172804 3 4 0.99793070554733287 1.0000000180025095e-35 5 6 0.033333335071802146 0.05172413773834706 0.9837264120578767 7 -0.39826117455959315 0.049337463453412063 8 -0.76565033197402943 9 -0.63921129703521717 -0.93109762668609608 0.68322628736495983 10 2.1094505786895756 11 -0.38242425024509424 0.99868115782737743 0.045542273670434959 12 13 0.15000000223517421 1.0000000180025095e-35 14 0.77259656786918651 8.7500000000000018 15 -0.99376606941223133 26.349999427795414 0.017647059634327892 71.958332061767592 -0.71510741114616383 5.0499999523162851 0.63831013441085827 -0.61913973093032826 0.15000000223517421 16 0.91902422904968273 -0.99508565664291371 17 -1.0000000180025095e-35 18 0.14893728494644168 19 0.85817068815231334 0.22500000149011615 0.0098039219155907648 20 21 0.92346203327178966
decision_type=9 9 2 2 9 2 2 9 9 2 2 9 9 2 2 2 9 2 2 9 2 9 2 2 2 9 2 9 2 2 2 9 9 2 2 9 2 2 9 2 2 2 2 2 2 2 2 2 9 2 2 9 10 9 2 9 2 10 2 9 9 2
left_child=-1 5 3 4 -3 9 7 41 -4 10 11 14 13 36 54 16 -16 18 19 22 21 23 43 -19 37 -26 27 28 -22 30 32 34 58 45 -32 -31 -5 38 39 -21 -20 49 -30 -12 -41 -34 -40 48 -14 -6 51 -49 53 -52 55 -2 -56 -58 59 -8 -54 -29
right_child=1 2 8 12 6 -7 29 -9 -10 -11 17 -13 47 -15 15 -17 -18 20 40 24 26 -23 -24 -25 25 -27 -28 61 42 35 31 -33 33 -35 -36 -37 -38 -39 46 44 -42 -43 -44 -45 -46 -47 -48 50 -50 -51 52 -53 60 -55 56 -57 57 -59 -60 -61 -62 -63
leaf_value=-0.054299182981133322 -0.05265000557466859 -0.048999546444985692 0.10816374753785579 0.021792340100749538 0.071049105822447042 -0.063959655488030828 0.095585529419573392 -0.025349938018336404 -0.059686934081797698 -0.071372482436058524 0.030211051772801135 -0.024703801656258923 0.22418863511707421 0.054341801889114451 0.10203426732449426 0.74196255734418604 -0.015796866637164113 0.079442946794240132 -0.071549060744033333 0.27497681253966366 0.30030288194646881 -0.045406269461344483 0.10491552042164198 -0.014879272264940013 0.06606265803303521 -0.047266510134177972 0.078398723142542134 0.073502245197133373 0.054337032458933981 0.20939569421177362 -0.035611658331457352 -0.056842400656274272 -0.05443202304927576 0.05743779707893068 0.085770314795089134 -0.047594519689130484 -0.079880881761351344 0.05978022579097874 0.081249900951196732 0.097172694739053087 0.076159811052259094 0.0013010194244876599 0.13528692980159074 -0.082451108708418097 0.27854696956921837 0.13614753633662321 0.010146181294536694 0.17294002813238357 -0.0007316376584280284 0.21778359830614105 0.043939143494274649 0.07269535533148401 -0.055949260212319475 -0.057685919268599686 0.076186262642809088 0.077209640003414376 0.30265429696806018 0.079409201037837787 0.098410291456277638 -0.045059936275152271 0.064459714178815228 0.12618719604634585
leaf_weight=1273.3862630245276 104.65433270065114 868.33667227299884 108.54783022310585 1454.1909158448689 482.44334628013894 195.56204653345048 236.48894770862535 1253.5581731419079 674.13314476702362 113.24431087309495 223.58471601223573 609.45972821814939 114.28325908072293 3448.0348207149655 226.06545587815344 7.4951732950285068 528.82313905889168 1317.0953508969396 247.8558749826625 129.55740968417376 57.96541265770793 202.04680686956272 136.35010931594297 212.0034934389405 974.68899518391117 279.0342227271758 4808.469634517096 2135.6738387835212 223.2180162621662 101.05382120981812 126.97328239120543 424.98188641807064 279.5623017065227 1512.120709521696 644.24796178890392 31.303044971544296 148.45851899310946 2908.8745367536321 6826.630761673674 1072.8983781421557 83.980935998260975 257.80578346084803 1737.8918815869838 187.43656996637583 39.669243950396776 38.212923116981983 249.78414590796456 229.32566364016384 81.803277517668903 61.873929860536009 789.07319617364556 1104.4975172327831 72.376445551402867 211.15148129174486 191.33800836186856 1580.2700197338127 85.589092903304845 82.686809247359633 1455.4845699528232 165.60701534664258 12946.565042220522 482.82282784814015
leaf_count=148931 6714 75859 917 9965 5833 8754 1844 67403 45039 3531 1126 44362 491 11796 3663 139 21217 2623 4754 303 51 4382 848 2026 3060 4472 13588 7133 545 137 4767 21976 17054 7837 6618 1328 1793 2736 10763 5711 22 10351 7682 3128 46 9 1899 161 2960 785 1928 1468 2059 3209 1487 16234 343 72 13401 5521 40136 1120
internal_value=0.0577106 0.0601865 0.0490362 0.0513797 0.0322464 0.0717334 0.0422321 0.00781083 -0.0357888 0.0727044 0.0732881 0.0496514 0.0587545 0.0409438 0.0656501 0.0277238 0.0206322 0.0765791 0.0694353 0.072074 0.0851182 0.0530581 0.0100572 0.0659343 0.0747259 0.0409895 0.0909938 0.104053 0.130429 0.0564229 0.053593 0.021744 0.0639247 0.0417623 0.064944 0.160841 0.012374 0.0785597 0.0851266 0.12054 -0.034167 0.0592123 0.126073 -0.0211659 0.10364 -0.0315146 0.078629 0.064472 0.141752 0.0877288 0.063527 0.0917721 0.0608396 0.0223482 0.0801134 0.0692895 0.130827 0.192957 0.085074 0.0389159 0.0637969 0.0829002
internal_weight=58858.6 57585.2 29322.5 28539.8 7940.05 28262.7 7071.72 2055.68 782.681 28067.2 27953.9 3416.38 20599.8 5050.68 2806.92 762.384 754.889 24537.5 13360.3 13028.5 11177.2 1731.15 547.371 1529.1 12481.1 1253.72 9446.04 4637.57 2019.08 5016.04 4883.68 1196.2 3687.48 1829.9 771.221 132.357 1602.65 11227.4 8318.54 1242.13 331.837 802.123 1961.11 411.021 1112.57 317.775 7076.41 15549.1 196.087 544.317 15353 1333.82 14019.2 1000.22 2044.54 1684.92 359.614 168.276 1857.58 402.096 13018.9 2618.5
internal_count=696110 547179 362645 316689 240723 184534 164864 84372 45956 175780 172249 94231 75966 23554 49869 25019 24880 78018 38868 34092 39150 9031 5102 4649 28990 7532 30119 16531 8278 80492 79027 33361 45666 24900 11385 1465 11758 21458 18722 6060 4776 16969 8227 4254 5757 17063 12662 52412 3451 6618 48961 1629 47332 5137 24850 22948 1902 415 20766 7365 42195 8253
cat_boundaries=0 4 8 12 16 18 22 26 29 32 35 39 43 47 51 54 58 62 64 68 70 74 76
cat_threshold=2107460 3089138593 753708 64 1820657185 58720272 1031817552 5 256 1145183296 2181038722 688 17829888 589832 8192 1024 0 67108864 1149239841 25165824 805308736 4 1048592 68763658 3158018 1568 1073741824 0 536870912 201327104 0 16384 1610678784 25165824 947929408 66593 8388608 545259584 4 209782305 33554432 536887360 4 303038610 532486 4096 256 2181746834 16392 2359296 10 0 262144 1074790400 262144 33554448 218104080 1 528384 4 0 10 2147483648 5184 302645378 8196 4194304 282 1073741857 16777216 131088 0 2097152 2 2147483648 64
is_linear=0
shrinkage=0.05


Tree=9
num_leaves=63
num_cat=22
split_feature=0 0 44 0 35 0 35 18 48 48 0 44 0 14 48 48 0 44 0 0 27 44 41 0 44 0 44 48 0 47 35 0 0 26 24 40 0 46 7 46 0 29 47 44 0 48 44 48 44 0 0 48 44 41 44 0 48 0 25 0 32 37
split_gain=5926.63 2613.09 1766.67 1823.37 1568.51 3490.41 1064.26 1196.04 1025.83 960.684 919.206 850.137 824.557 647.015 533.552 586.749 1323.67 607.394 1056.54 1017.43 949.697 742.06 514.329 1363.13 940.684 785.814 617.463 554.142 538.052 506.56 491.448 1118.21 541.911 594.808 505.207 749.693 464.62 462.305 448.054 962.916 672.382 476.719 422.469 419.5 1443.05 942.784 641.113 853.281 1275.06 952.281 612.632 549.506 483.3 414.554 396.041 432.043 394.405 873.065 1001.99 854.429 442.81 957.843
threshold=0 1 0.14888729155063632 2 1.0000000180025095e-35 3 1.4499999880790713 29.062500000000004 0.41813400387763983 0.44110876321792608 4 0.88522326946258556 5 15.750000000000002 -0.96953669190406788 -0.92625963687896717 6 -0.97874867916107167 7 8 0.20501422137022021 -0.99273797869682301 0.68322628736495983 9 -0.89404255151748646 10 0.69521084427833568 0.8644092082977296 11 0.54315117001533519 0.55000001192092907 12 13 -0.05387675762176513 -0.020650417543947693 1.9959999918937685 14 0.86923226714134227 4.8500001430511483 0.92836108803749096 15 4.5216336250305185 -0.51416987180709828 -0.95242238044738758 16 0.96279266476631176 -0.90161547064781178 0.65729612112045299 -0.77243989706039418 17 18 0.85817068815231334 -0.99983122944831837 -0.88144907355308522 0.9974811077117921 19 -0.99376606941223133 20 0.79500001668930065 21 1.0000000180025095e-35 6.7225000858306894
decision_type=9 9 2 9 2 9 2 10 2 2 9 2 9 10 2 2 9 2 9 9 2 2 2 9 2 9 2 2 9 2 2 9 9 10 10 2 9 2 10 2 9 2 2 2 9 2 2 2 2 9 9 2 2 2 2 9 2 9 10 9 2 2
left_child=-1 2 6 8 5 11 7 12 36 -10 56 14 29 -7 -3 16 42 18 20 -19 21 -17 30 -24 25 -25 28 -27 -26 -2 31 -12 33 53 35 37 -4 -33 39 40 41 -9 -16 44 51 46 -45 48 -48 -49 -50 52 -8 -32 55 -11 57 58 -6 -58 61 -61
right_child=1 4 3 -5 10 13 43 38 9 54 22 -13 -14 -15 15 17 -18 19 -20 -21 -22 -23 23 24 26 27 -28 -29 -30 -31 32 34 -34 -35 -36 -37 -38 -39 -40 -41 -42 -43 -44 45 -46 -47 47 49 50 -51 -52 -53 -54 -55 -56 -57 59 -59 -60 60 -62 -63
leaf_value=-0.054188821325390435 -0.01433014908844687 -0.019928807667873149 0.025674673946411455 -0.059661791921008081 0.29322411213355165 -0.044971484150259089 0.069962993517914074 0.34680042102995223 0.22570830683766152 -0.060205088355162528 -0.039039475242876702 -0.021740910242159753 -0.055556055406710339 0.096027937442989625 0.21405678882918272 0.20704698744401084 0.020863617423806151 -0.024434869023494191 0.054343387321972164 0.067436209028928065 0.12412366139224498 0.51062982684613034 -0.042949445213476989 -0.039688076966961375 0.042194831622710378 0.077519405286578635 0.099660560401862969 0.16361085113956206 -0.02163888144263286 0.046821046326084408 0.052269559192281517 0.075252568101982664 0.067387875612438961 0.052920832221858109 0.08656078553101379 0.36417619593928441 -0.066026831799532157 0.24434655140789349 0.049469145071924965 0.48369517693736014 -0.01125095051286254 0.10355196247953123 0.4213705078081933 0.081510177498414174 -0.074078663648812701 -0.049359393914998495 -0.07854898715267998 0.048775069215286279 0.018856059138677481 -0.083885114654121684 0.065011819694133763 0.1134579327172473 -0.086302630370403866 -0.061589666208827332 0.17058184824254954 0.057604450068933291 -0.055298260687173931 0.077376103707015934 0.098642495940881467 0.09091658822536898 0.073965510370339924 0.23338889810931357
leaf_weight=1213.7078269585036 634.26826457120478 168.98081577057019 297.45972626470029 847.05908612767234 130.29162479797378 1162.1517742117867 121.52199322264642 39.054824484977871 92.383165259845555 86.592452571727335 169.01566336257383 291.02418651385233 513.98068409599364 87.486508623231202 61.856619518250227 44.590185178443789 118.0047278245911 341.73144725523889 342.70972170960158 2527.3721584496088 123.80939058866352 36.693403972312808 399.92083121929318 91.867844061460346 1048.3903303425759 410.02551264083013 311.76161412801594 343.50158277899027 474.91288147913292 726.63247941760346 133.67380913766101 140.09851595712826 14074.813495161012 5842.805701430887 2135.7388308313675 38.92702802689746 242.81817221501842 56.813453283160925 294.15576992090791 19.299301571212709 74.211392456199974 41.593022876419127 40.771907662972808 2223.8729177103378 270.85413409769535 208.93445868650451 172.53850990254432 295.84795689070597 855.00514231296256 232.93855870049447 5727.091526793316 287.80276682460681 83.464112175162882 198.89091395493597 63.566806640475988 452.18666064599529 118.49039574898779 724.52840570639819 134.41657606512308 1225.1768054524437 8923.3280147258192 130.54000822361559
leaf_count=148931 23648 4942 6137 70177 345 104298 55 280 206 3156 9177 19204 45497 119 185 423 2080 15205 2514 36724 63 366 12365 1257 5763 1458 2246 372 6533 10857 334 850 32489 14289 12401 291 9951 88 835 368 2338 172 371 2689 4483 2096 3171 535 4355 3314 10730 246 854 1774 476 5392 5131 1335 97 3893 35474 705
internal_value=0.0549353 0.0572378 0.0391255 -0.00356804 0.0635636 0.0382547 0.0460881 0.0156251 0.0351041 0.0755743 0.0672129 0.0604783 -0.00222828 -0.0348215 0.0669232 0.0709578 0.149984 0.065855 0.1141 0.0566436 0.201479 0.344092 0.0618653 0.0427131 0.0554472 0.0992939 0.0355497 0.115236 0.0224286 0.018187 0.064481 0.0852099 0.0618804 0.0491391 0.0938338 0.163676 -0.0162858 0.12404 0.0871005 0.15066 0.109156 0.19693 0.270099 0.0528993 0.0172163 0.0557038 0.0580127 0.0508381 0.0556265 -0.0103277 0.0591437 0.0675281 0.00633638 -0.0158241 0.0525479 0.0386219 0.0792389 0.109477 0.18734 0.0764382 0.0779347 0.104635
internal_weight=58724 57510.2 14905.1 2082.07 42605.1 5347.18 12823.1 2343.2 1235.01 694.729 37257.9 4097.54 1874.88 1249.64 3806.52 3637.54 220.633 3416.91 547.803 2869.1 205.093 81.2836 25871.2 3080.38 2680.46 845.395 1835.06 753.527 1523.3 1360.9 22790.8 2540.59 20250.2 6175.37 2371.58 235.839 540.278 196.912 468.314 174.159 154.859 80.6478 102.629 10479.9 763.643 9716.23 9507.29 7283.42 6754.64 528.787 6582.1 492.789 204.986 332.565 602.346 538.779 11386.8 989.237 264.708 10397.5 10279 1355.72
internal_count=696110 547179 212018 95495 335161 186494 116523 83995 25318 9230 148667 82077 80002 104417 62873 57931 2636 55295 3366 51929 852 789 101687 29994 17629 3087 14542 1830 12296 34505 71693 22807 48886 16397 13630 1229 16088 938 3993 3158 2790 452 556 32528 5638 26890 24794 22105 18256 3849 15085 1155 909 2108 9024 8548 46980 1777 442 45203 40072 4598
cat_boundaries=0 4 8 12 16 19 23 27 28 31 35 39 43 46 50 52 55 58 62 66 70 73 75
cat_threshold=2107460 3089138593 753708 64 5767440 1142646798 2182354562 1720 4718608 598016 1048576 8 1182945953 25165824 805316928 6 2290418688 37748816 763363648 524560 67182598 267264 40 67125248 0 268435456 4 1073746465 1073758753 0 268435456 352337920 17044480 26641 1 537006592 8388608 4194304 258 570560673 8388608 0 4 100712482 267264 1075855377 16928931 0 8192 6 4194304 73728 524288 67108872 4096 4194560 16396 4096 256 12 0 32 1048832 67125248 4098 176 0 589824 0 8 2147483648 80 256 2147483648 64
is_linear=0
shrinkage=0.05


Tree=10
num_leaves=63
num_cat=22
split_feature=0 0 43 43 44 0 33 0 27 0 0 48 48 0 44 46 0 48 34 0 41 0 44 0 0 24 43 0 27 15 42 17 34 43 0 43 10 18 18 0 44 0 0 11 0 26 42 0 47 44 26 41 48 0 0 26 34 30 46 44 0 48
split_gain=5382.35 2355.81 1723 1402.8 1240.05 2977.81 1205.79 2206.17 1082.73 1411.89 931.885 821.679 786.903 1403.36 1347.83 757.787 1050.75 726.379 700.048 1061.86 808.87 1614.64 828.116 1439.17 916.714 750.184 689.1 678.605 1163.59 2973.19 707.276 1356.79 682.998 1542.9 670.769 821.329 665.279 662.943 727.604 678.625 601.382 1487.37 949.75 541.079 521.853 482.124 481.064 468.81 466.747 450.395 447.863 436.636 668.905 713.373 561.353 849.087 662.099 456.959 543.104 433.166 478.544 430.4
threshold=0 1 0.91939014196395885 0.98802474141120922 0.063390085473656668 2 1.0000000180025095e-35 3 0.073514446616172804 4 5 0.99706560373306286 0.93255695700645458 6 0.80290535092353832 0.013835051096975805 7 -0.955856293439865 0.55000001192092907 8 0.52778512239456188 9 -0.95242238044738758 10 11 -0.00083168642595410336 -0.21861968189477918 12 0.048057714477181442 0.22500000149011615 -0.68322628736495961 0.72499999403953563 0.35000000894069677 0.52766072750091564 13 0.94138324260711681 71.958332061767592 28.050000190734867 15.775000095367433 14 0.67007490992546093 15 16 89.041667938232436 17 0.035732487216591842 0.47114434838294988 18 -0.2659581303596496 0.57605713605880748 -0.0055072028189897529 1.0000000180025095e-35 -0.73169091343879689 19 20 -0.027354750782251355 0.25000000745058065 0.091455027461051955 -0.94451472163200367 -0.50557503104209889 21 0.93667927384376537
decision_type=9 9 2 2 2 9 2 9 2 9 9 2 2 9 2 2 9 2 2 9 2 9 2 9 9 10 2 9 2 10 2 10 2 2 9 2 2 8 10 9 2 9 9 2 9 8 2 9 2 2 8 2 2 9 9 10 2 2 2 2 9 2
left_child=-1 3 6 4 11 43 7 -3 9 -9 -4 34 14 36 40 16 26 -17 19 27 22 -22 23 -20 25 37 -10 28 29 -8 -30 32 33 -32 -2 51 -14 38 39 -24 41 -7 -42 -6 -45 47 -29 -19 -40 -43 -38 -36 53 -53 55 -54 -56 58 -57 -27 -61 -26
right_child=1 2 10 -5 5 12 18 8 15 -11 -12 -13 13 -15 -16 17 -18 45 20 -21 21 -23 24 -25 61 59 -28 46 30 -31 31 -33 -34 -35 35 -37 50 -39 48 -41 42 49 -44 44 -46 -47 -48 -49 -50 -51 -52 52 54 -55 56 57 -58 -59 -60 60 -62 -63
leaf_value=-0.054007634793079101 0.079792061751425725 -0.050714097844690345 0.091879050234580414 -0.065025535035004051 0.058094007249423735 -0.071712909961450647 -0.054280579998483229 0.048450137360832507 -0.017059327338096338 -0.039401837810820933 -0.059008307070677869 -0.057367231800473518 0.055551880967277902 -0.063240950707217969 -0.055537105790350219 -0.066776676483669375 -0.052082072880802112 0.041698181394173264 0.057037772678667664 -0.032909708567857104 0.052610209488926085 -0.06640779639650303 0.15100633597867541 -0.076841038228753836 0.051289386561013089 0.087377502439160995 0.07179394109171304 0.091187400358891488 0.0089497775878777715 1.4983792945710936 -0.065666725483822949 0.055582685086520214 0.64981214032188617 0.76791952735716229 0.069181152428698586 -0.070175574144715702 0.005362979174381638 -0.020280728037907092 0.13701278634362588 0.043501034937770938 0.10353160852697395 0.063144542804101408 -0.063482702120691972 0.0025712279030784078 -0.06645381058484974 0.040207133749798597 -0.011815448850402761 0.10088821707410556 0.30278483052884719 -0.065334014008835692 0.18842007709165487 0.040366811966545263 -0.0028732840117973359 -0.063845888546020094 -0.059121980647602136 0.23648543005708184 0.046018507126193542 0.066215230359710386 0.099202582634538655 0.050595071541254755 -0.061188482834051684 -0.00099339919675199952
leaf_weight=1154.3102543838322 10443.791137804743 788.87089738808572 114.76190504897386 210.71080356836319 174.95804111566395 229.55878583993763 6.5747744627296907 923.72674217168242 303.82768435077742 886.68320239381865 591.06388936564326 127.81134841777384 166.18728440348059 98.555341691710055 263.80040697567165 98.407727480400354 353.07872833032161 507.00092670600861 490.95369239058346 184.24449988268316 779.17240058863536 436.34406340168789 391.16442783130333 324.99376722192392 10350.463346542791 685.80792880197987 774.35717893112451 1407.7630271315575 46.341275531798601 5.8060069847851992 14.287456644698979 44.922736555337906 21.269430669024587 9.0782178482040745 11466.074702909682 114.80529831442982 36.460816419217736 77.002660535741597 79.829493107739836 275.87979939533398 1085.4834650475532 2483.1634875442833 89.225209132768214 491.73124090023339 620.10906189680099 847.70476074749604 123.28299843939021 1368.1893898868002 90.712230063043535 70.140601591672748 399.67476177308708 501.22647360060364 333.69826808199286 232.12209999747574 182.73445146810263 79.95984695898369 829.15514547331259 1512.9117400376126 727.6102607618086 458.65585591038689 112.30359917832538 409.19812084408477
leaf_count=149252 41175 75501 922 10104 334 5959 400 21840 8741 53449 41378 2474 177 3777 20691 4503 16364 8124 949 11714 2089 6529 1936 4469 18084 2215 8423 7913 1111 30 700 458 266 147 29237 3633 922 886 291 1963 3602 12189 3197 9708 32881 13725 2051 11409 250 2767 1518 1882 2841 4852 7359 383 3139 4248 3627 1338 1817 2146
internal_value=0.052658 0.0548046 0.0429543 0.0635526 0.064399 0.0442827 0.0452667 0.0275851 0.0377941 0.00547292 -0.0340095 0.069103 0.0619135 0.111102 0.0538933 0.0516429 0.0220093 0.0666761 0.0524669 0.0813652 0.0488676 0.00977181 0.0523245 0.00347083 0.0554072 0.0852722 0.0463258 0.0935416 0.196542 0.673844 0.167521 0.249573 0.444813 0.258205 0.0697148 0.0630395 0.138382 0.120116 0.133023 0.10946 0.0611876 0.0485242 0.0911869 -0.0234571 -0.0365008 0.0714992 0.0823555 0.0856452 0.225188 0.0593826 0.173117 0.0640432 0.0506522 0.00706087 0.059372 0.0714325 0.0267669 0.082426 0.112795 0.0605938 0.0284225 0.0492553
internal_weight=58509.7 57355.4 24383.7 32971.7 32760.9 6209.05 23677.9 6851.85 6062.98 1810.41 705.826 26551.9 4922.25 700.878 4221.37 4252.57 1431.26 2821.3 16826.1 1863.57 14962.5 1215.52 13747 815.947 12931 2171.36 1078.18 1679.33 148.28 12.3808 135.899 89.5578 44.6351 23.3657 26424.1 15980.3 602.323 914.589 837.586 667.044 3957.57 2782.86 1174.71 1286.8 1111.84 2722.9 1531.05 1875.19 170.542 2553.3 436.136 15865.5 4399.42 733.349 3666.07 2654.18 1011.89 2320.48 807.57 1256.77 570.959 10759.7
internal_count=696059 546807 334131 212676 202572 97722 291831 222079 146578 75289 42300 104850 54799 6394 48405 71289 33528 37761 69752 24790 44962 8618 36344 5418 30926 10696 17164 13076 3112 430 2682 1571 1113 847 102376 61201 2617 5326 4440 3899 27714 20915 6799 42923 42589 33258 9964 19533 541 14956 2440 57568 28331 6734 21597 11099 10498 8258 4010 5370 3155 20230
cat_boundaries=0 4 8 11 15 19 21 25 29 33 37 41 45 48 51 55 57 61 64 67 69 73 77
cat_threshold=2107460 3089138593 753708 64 4102391457 25427984 1038109008 4 3489956993 0 159402256 134217984 1140988992 2181038722 688 17829888 598026 8192 1024 0 67108864 604045312 8650752 67108864 4 38948882 540686 5120 2 50991376 35202116 3221491713 299 33689874 24584 262144 32 258 33554444 4096 3 135282688 1111623744 1665 912 16908560 8192 4096 2156233728 0 696273216 0 1111490560 513 656 75497984 8388624 75497984 8388624 272629824 4 1342177280 0 8388608 5373954 1654798 9216 1610612864 25165824 1073742497 16777216 270532608 4 0 1111621632 512 768
is_linear=0
shrinkage=0.05


Tree=11
num_leaves=63
num_cat=18
split_feature=0 0 43 43 44 0 48 28 0 0 28 0 0 44 0 48 0 28 41 0 26 35 48 46 48 0 44 44 0 0 26 47 19 44 44 28 0 0 41 10 29 0 44 41 32 44 0 43 44 0 48 43 43 43 19 20 35 46 33 17 48 48
split_gain=4887.15 2149.38 1620.43 1261.8 1251.36 2870.13 1140.89 961.726 1065.89 875.158 852.169 2889.37 1065.9 829.724 2684.26 721.455 636.909 656.652 627.157 860.582 625.55 596.226 591.849 582.325 540.934 1456.16 1409.61 540.645 1351.76 916.564 536.284 570.315 529.704 557.782 479.459 493.221 1187.46 539.27 597.346 470.266 466.354 466.083 654.697 459.412 455.599 446.564 519.705 444.161 432.923 414.202 402.435 396.597 542.671 496.76 642.474 766.115 726.755 448.308 419.812 403.078 388.838 436.696
threshold=0 1 0.91939014196395885 0.98802474141120922 0.60383266210556041 2 0.25597663223743444 0.059600444510579116 3 4 0.0098039219155907648 5 6 0.063390085473656668 7 0.99706560373306286 8 0.0098039219155907648 0.09796465560793878 9 -0.05387675762176513 3.2500000000000004 0.95944499969482433 -0.97235485911369313 0.93255695700645458 10 0.80290535092353832 0.67007490992546093 11 12 -0.012003937270492314 -0.4600220769643783 4.5000000000000009 0.59003219008445751 0.57605713605880748 0.021568628028035167 13 14 0.35206145048141485 71.958332061767592 3.858035802841187 15 -0.29342786967754358 0.29012925922870642 0.15517241507768634 0.11478523537516595 16 -0.99985146522521962 0.046214086934924133 17 -0.72342684864997853 0.19337368011474612 -0.97113886475563038 -0.66528618335723866 2.5000000000000004 2.1833333969116215 2.4500000476837163 -0.38280612230300898 0.75000000000000011 36.562500000000007 0.68433555960655224 -0.95187643170356739
decision_type=9 9 2 2 2 9 2 2 9 9 2 9 9 2 9 2 9 2 2 9 10 2 2 2 2 9 2 2 9 9 10 2 2 2 2 2 9 9 2 2 2 9 2 2 2 2 9 2 2 9 2 2 2 2 2 10 2 2 2 10 2 2
left_child=-1 3 4 13 7 6 -6 10 -9 -4 11 22 -12 15 -15 16 17 23 -18 -20 -21 30 41 -2 26 39 27 28 -16 -29 48 -32 44 -34 35 36 -30 40 -39 -26 -37 42 -3 -44 47 -43 -47 -14 -22 -33 -23 52 -25 54 55 56 58 -56 -54 -53 61 -31
right_child=1 2 9 -5 5 -7 -8 8 -10 -11 12 -13 32 14 24 -17 18 -19 19 20 21 50 -24 51 25 -27 -28 29 34 60 31 49 33 -35 -36 37 -38 38 -40 -41 -42 45 43 -45 -46 46 -48 -49 -50 -51 -52 59 53 -55 57 -57 -58 -59 -60 -61 -62 -63
leaf_value=-0.053894073509948362 0.19757424937403359 -0.083896183130095919 0.087487405295416654 -0.064531339543699301 -0.060445510359564553 -0.05718045440604308 0.086685871141300178 0.087245951412498801 -0.065909151176581776 -0.058987144886688929 -0.060305311342529228 -0.070183940888516802 -0.09153895496640263 -0.046365992676074629 -0.070797835077611782 -0.055216120709484652 0.065338516503873359 0.069902440280863662 -0.030599284293657342 -0.068105617377829872 -0.063249402097168519 0.00043727413969483488 -0.081865516836660157 0.063525225439448815 0.054182460485847787 -0.064094795177651931 -0.055603962300279031 -0.064668721153101225 0.055607588852321692 0.17477179977305407 -0.063932050014405925 -0.018836239777341324 -0.064889481521056475 0.099433645455769576 -0.064182394881944063 0.1923308868090734 -0.078881619186319807 0.068989357786402958 -0.066036421095314879 0.15303531308548601 0.087817938131376228 0.06916937017411956 0.046488533621834291 -0.084070182889428774 -0.083318065540378808 0.063117212196871553 -0.07938835343410007 0.05627087841155725 0.075905513853833206 0.071758351595601177 0.079617587863659078 -0.078879149340386145 -0.026255034397463985 0.078244333332271834 0.20134510952818993 0.061077680577929429 0.43282692223836289 0.098076649684341183 0.30631722877084261 0.093276913198180336 0.16178015125469147 0.072597569270863554
leaf_weight=1100.2904161601327 147.158870565705 130.75141387945041 114.99243377801031 199.29320215014741 155.79028758965433 947.49193241680041 854.09821858629584 153.21079129911959 367.49323515407741 576.62375102285296 199.62527712294832 629.5539457174018 50.974066209048033 704.05894550029188 221.24049206031486 122.87130379630253 11749.39109190274 7996.142433940433 367.68563465913758 108.81249841954559 232.01152410032228 177.29013516101986 88.487629362381995 626.72110928967595 161.97591070644557 117.35210564127192 291.78553867712617 92.111180937383324 1132.4693162399344 118.32694988464937 106.96901530167088 150.96636723633856 179.58575119031593 72.487172488123178 81.054293032269925 171.31944902334362 183.66252838261425 996.03035469306633 89.248549681156874 467.71768597187474 283.14423507079482 2086.0491423201747 826.2943965755403 73.362199504394084 59.019271965138614 127.98567284829915 109.31936361221597 17333.995569304097 73.630453273653984 795.56778125092387 1691.6981821502559 64.264444115571678 17.717556070536375 412.90978804510087 139.97539673186839 40.039003201760352 58.018283659592271 421.74314566049725 20.431712226942182 72.198706284165382 193.56237115291879 899.95009364653379
leaf_count=149252 526 3140 922 10105 8390 82914 6107 728 15751 41405 11261 23155 913 33091 5959 2475 34619 31239 10815 1409 4775 647 1641 1421 177 4947 24458 3210 3169 523 2568 3043 5761 94 3506 1470 4350 3450 2182 2440 660 6899 1876 1167 1218 193 2245 118417 33 4455 1980 1584 539 1469 257 24 143 580 21 16 729 3546
internal_value=0.050234 0.0522395 0.0412358 0.0608682 0.0433875 0.00504327 0.0633613 0.046725 -0.0204354 -0.0342213 0.0483169 0.0276715 0.0530144 0.0616732 0.04527 0.06565 0.066233 0.0762624 0.059644 0.0417447 0.0496589 0.0537823 0.0456396 0.101801 0.0569791 0.0966353 0.0508672 0.0578296 0.0466463 0.0849155 0.028584 0.045501 0.0542961 -0.017636 0.0555454 0.0591379 0.0366632 0.0783488 0.0573569 0.125613 0.124477 0.0491399 0.0204498 0.0358422 0.0553667 0.0615112 -0.00321652 0.0558375 -0.0297264 0.0578682 0.0721066 0.0942803 0.100726 0.121715 0.147433 0.244854 0.321369 0.12381 0.151862 0.0122036 0.0960265 0.0844705
internal_weight=58236 57135.7 25137.2 31998.5 24445.6 1957.38 1009.89 22488.2 520.704 691.616 21967.5 4071.8 17895.7 31799.2 6205.01 25594.2 25471.3 10017.3 15454 3704.63 3336.95 3228.13 3442.25 2021.18 5500.95 747.046 4753.91 4462.12 3158.17 1303.95 1359.15 1053.5 17696.1 252.073 2936.93 2855.87 1316.13 1539.74 1085.28 629.694 454.464 3353.76 1030.41 899.657 17444 2323.35 237.305 17385 305.642 946.534 1868.99 1874.02 1737.56 1110.83 697.925 136.207 96.1676 561.719 38.1493 136.463 1211.84 1018.28
internal_count=696059 546807 334197 212610 291870 97411 14497 194459 16479 42327 177980 40316 137664 202505 97867 104638 102163 37819 64344 29725 18910 17501 17161 6580 64776 7564 57212 32754 24746 8008 14874 10066 126403 5855 18787 15281 7519 7762 5632 2617 2130 15520 6183 3043 120548 9337 2438 119330 4808 7498 2627 6054 4454 3033 1564 727 703 837 560 1600 4798 4069
cat_boundaries=0 4 8 12 15 17 21 24 27 30 34 38 40 43 46 50 54 55 58
cat_threshold=2107460 3089138593 753708 64 4102391456 25427984 1038109008 5 524304 532480 8192 258 33554432 0 1073741824 0 67108864 55181585 34283530 2147488256 10 0 67108864 2147492352 3221521536 0 151013648 2156233728 0 696256832 335544320 262160 67108880 1 604045312 8650752 67108864 4 75497984 8388624 805371936 16777216 606076928 805371904 0 805306432 32 16777216 67108864 1 37748752 524298 4096 8 16777216 536870944 25165824 16384
is_linear=0
shrinkage=0.05


Tree=12
num_leaves=63
num_cat=22
split_feature=0 0 43 43 41 0 44 0 18 0 43 44 44 0 0 0 0 48 28 43 0 28 0 23 35 48 17 46 0 17 43 0 35 0 23 0 37 34 48 44 0 31 0 34 0 28 26 42 46 35 16 44 46 44 0 0 0 44 14 28 0 44
split_gain=4451.1 1935.95 1419.82 1156.4 1076.07 2413.45 1023.61 2382.06 866.378 1619.95 943.114 935.185 1646.5 1731.31 1051.64 832.271 811.256 768.629 720.484 824.5 928.618 1176.67 814.803 751.856 688.83 673.742 605.166 590.23 578.703 561.211 663.011 849.337 839.584 713.616 639.915 545.548 518.689 1121.38 515.188 1106.44 1031.47 507.814 498.143 561.672 1179.72 555.596 553.979 528.426 925.917 521.164 496.475 473.486 459.256 452.135 1241.8 760.844 434.38 434.085 428.575 672.758 491.559 423.968
threshold=0 1 0.91939014196395885 0.98802474141120922 0.68322628736495983 2 0.063390085473656668 3 2.6833333969116215 4 -0.92923668026924122 -0.94137725234031666 -0.52034142613410939 5 6 7 8 0.85817068815231334 0.060723030939698226 0.35846313834190374 9 0.013725490774959328 10 0.71592149138450634 9.8499999046325701 0.99706560373306286 2.6833333969116215 -0.40507692098617548 11 0.55000001192092907 -0.95244166254997242 12 8.7500000000000018 13 0.080681324005126967 14 4.5694999694824228 1.6500000357627871 0.93255695700645458 0.80290535092353832 15 0.05172413773834706 16 0.15000000223517421 17 0.0098039219155907648 -0.0099600800313055498 0.95642796158790599 -0.64382687211036671 12.84999990463257 1.2500000000000002 -0.94137725234031666 0.52953165769577037 0.67007490992546093 18 19 20 -0.99273797869682301 3.7500000000000004 0.046430176123976714 21 0.14888729155063632
decision_type=9 9 2 2 2 9 2 9 10 9 2 2 2 9 9 9 9 2 2 2 9 2 9 10 2 2 10 2 9 10 2 9 2 9 10 9 2 2 2 2 9 2 9 2 9 2 10 2 2 2 10 2 2 2 9 9 9 2 10 2 9 2
left_child=-1 3 4 6 8 27 25 50 9 24 17 14 56 41 -12 -10 -4 28 19 20 29 23 26 -22 -3 42 36 51 -11 30 31 -17 33 -32 -31 -24 37 52 39 53 -40 -14 45 44 46 47 -44 -2 -49 -46 -8 -6 -21 54 -9 -55 -13 -29 59 60 -23 -30
right_child=1 2 16 -5 5 -7 7 38 15 10 11 12 13 -15 -16 18 -18 -19 -20 22 21 58 35 -25 -26 -27 -28 57 61 34 32 -33 -34 -35 -36 -37 -38 -39 40 -41 -42 -43 43 -45 49 -47 -48 48 -50 -51 -52 -53 -54 55 -56 -57 -58 -59 -60 -61 -62 -63
leaf_value=-0.053777805016774628 0.085377324604965832 -0.028818093788510486 0.083308598388470392 -0.064142384584701714 0.072606926290095228 -0.059220525977418254 -0.042807937660297724 -0.069885496804200101 -0.0444992827268453 0.12178135882029423 -0.06719989873687468 0.0047346913524719389 -0.0014576150891299322 -0.052948838337494968 0.071652247742035588 0.069283553619000668 -0.058346461771600557 -0.086258720355010005 -0.077803879257531725 0.15460329159085728 -0.088413421021819094 -0.050365766164262207 -0.046036169080684919 0.04745513427250489 0.03869134924733552 -0.054221675652815764 0.076269071237261093 0.18261005104656103 0.064824393968883912 0.0023941740425980078 0.0026629949808048567 -0.079741134650481063 -0.090774027600188656 0.13310605152884131 0.062583111948815995 0.068573647321985565 0.26671454946829515 0.065686895109348095 0.11519057171674524 -0.055348015638276071 -0.061952659716531772 0.072875956310184703 -0.0021080018232413865 0.061775776348106805 -0.031924483481448329 0.066585344734002863 0.070987075336727809 0.28532812344569819 0.09633504202749274 0.1548005482195349 0.027272362359642262 -0.048180532740094484 0.33407853483855199 0.091592806528506834 0.053852786502334431 -0.06194954211932268 -0.068909883417203263 0.054419410314126553 0.059602599816703163 -0.067865536500944193 0.042591538700799604 -0.027621002681784374
leaf_weight=1048.8561111320741 1743.6627618172206 1284.3510278393514 115.21824091020972 192.93589298799634 118.74203188531101 828.60249592317268 866.46001870697364 213.25598464068025 207.23653110582381 467.48572457395494 144.09576760884374 309.24061300978065 275.78979021171108 418.67328889528289 1522.2923343908042 880.11925784591585 544.19290374638513 80.552470108028501 100.17780956206843 70.577652148902416 306.18375289440155 149.03024357417598 107.50102228252217 152.55156928999349 535.35284445621073 122.14827500516549 359.26891328627244 69.887248721439391 2230.4954756675288 565.08464243728667 128.37179131107405 100.34731538733467 49.83671404235065 967.47279624734074 2020.8267203634605 1603.445699355565 95.318372567184269 222.85370095167309 651.8574293111451 239.45679300883785 91.073518991935998 1376.6167987897061 317.46234346367419 13784.518004508689 633.77238978724927 7903.3347793132998 1412.7287574447691 95.943810861557722 199.69173663854599 39.710268543101847 356.78953180275857 256.17061943048611 72.012478038202971 1107.2455064589158 2542.0104383137077 83.370039126835763 580.57347800349817 1199.393848374486 1753.7453775447793 175.40550765255466 1631.2975603854284 131.3251796560362
leaf_count=149252 5999 64856 922 10048 1281 48634 40904 5959 5876 1627 4459 3379 8687 30038 6209 1563 41531 1699 2580 412 5123 3910 2448 163 1432 2455 539 769 3797 5799 2220 1629 498 4955 2213 3434 387 185 2617 20691 3777 16585 6414 26280 19733 30413 12080 189 430 50 1165 8731 225 3602 14956 3197 18555 16349 1221 3582 5174 2172
internal_value=0.0480214 0.0499017 0.0391292 0.0578872 0.0411717 0.00996807 0.0586316 0.0402732 0.0448328 0.0334877 0.0436772 0.0297096 0.0128467 0.0372861 0.0596722 0.0538914 -0.0332167 0.0660388 0.055653 0.0568734 0.0496983 0.0322358 0.0820483 -0.0432306 -0.00890801 0.0629333 0.123407 0.0449231 0.0703749 0.0649391 0.0841068 0.0539247 0.109936 0.119064 0.0494304 0.0611469 0.16284 0.135747 0.0557083 0.0490102 0.0941917 0.0601058 0.0634809 0.0578509 0.0355833 0.0725163 0.0572444 0.0958575 0.15767 -0.0206087 -0.022186 -0.00992483 0.245244 0.0553433 0.0442173 0.0810903 -0.0440371 0.0614777 0.0416553 0.0255616 0.0347665 0.0594325
internal_weight=57854 56805.1 24207.7 32597.4 23548.3 2472.8 32404.5 6151.52 21075.5 9356.84 7537.14 4627.28 2960.89 2071.08 1666.39 11718.7 659.411 2909.86 11511.4 11411.3 8880.27 4168.21 2530.98 458.735 1819.7 26253 820.031 1644.19 2829.31 4712.06 2126.15 980.467 1145.68 1095.84 2585.91 1710.95 460.762 365.444 4928.27 4185.34 742.931 1652.41 26130.8 16188.2 2403.67 9942.63 1730.19 2039.3 295.636 673.483 1223.25 374.913 142.59 3945.88 2755.27 1190.62 889.814 1269.28 3709.48 1955.73 1780.33 2361.82
internal_count=696059 546807 335848 210959 293395 75764 200911 96868 217631 163495 97207 87912 77244 55310 10668 54136 42453 9295 48260 45680 38050 19173 7630 5286 66288 104043 1748 27130 7596 18877 10865 3192 7673 7175 8012 5882 1209 822 54799 48405 6394 25272 101588 64557 38277 37031 18494 6618 619 19783 42069 10012 637 27714 20915 6799 21934 17118 13887 12666 9084 5969
cat_boundaries=0 4 8 12 15 19 23 26 30 32 36 40 44 48 52 56 60 63 67 69 73 77 81
cat_threshold=2107460 3089138593 753708 64 1954907809 25428048 1038109008 4 33706258 549896 1073750016 290 1342473345 64 159402256 2281832704 67132424 3221226627 816 54542352 598022 1056768 2 34095104 1078009858 1319424 0 1140867072 33563136 1024 0 67108864 2181713920 38472704 3221226624 275 2281832448 33562628 4097 512 16777216 1077936128 262656 1 33701888 720896 3221225472 258 147456 720896 2147483648 16 1064978 5965824 2147483776 385 604045312 8650752 67108864 4 8750080 64 696256832 1342177953 0 270532608 4 75497984 8388624 75497984 8388624 272629824 4 524288 65540 33554432 1032 135266306 4096 1310723 640
is_linear=0
shrinkage=0.05


Tree=13
num_leaves=63
num_cat=0
split_feature=35 7 27 1 41 43 43 35 7 20 37 44 28 48 44 28 48 44 42 43 28 43 48 43 43 43 39 24 28 48 47 34 39 43 34 35 48 43 28 39 44 43 46 28 44 44 24 43 48 44 34 11 39 16 15 41 40 19 40 43 43 38
split_gain=2357.54 1383.32 1120.92 1058.06 1222.58 1988.31 943.754 884.84 929.222 824.202 697.447 616.995 1003.73 802.967 1014.95 745.699 629.803 1727.55 2473.08 1549.57 1292.34 1434.99 1237.59 1083.49 1029.22 708.808 768.571 701.492 665.918 691.545 809.187 660.093 583.243 649.386 640.91 559.554 697.132 767.782 676.975 557.254 626.157 795.727 696.18 578.401 718.591 643.9 553.948 546.625 544.87 708.041 552.341 549.232 536.579 554.595 1577.47 529.221 577.284 521.365 497.758 492.041 490.708 478.592
threshold=1.0000000180025095e-35 1.0000000180025095e-35 0.22436012327671054 1.1500000357627871 0.68322628736495983 -0.97509795427322377 0.98802474141120922 1.9499999880790713 0.15000000223517421 -1.0000000180025095e-35 5.4795000553131112 0.063390085473656668 0.080392159521579756 0.94866424798965465 -0.98801845312118519 0.0058823532890528449 0.85232898592948925 -0.58481180667877186 -0.72947329282760609 -0.75015330314636219 0.0058823532890528449 -0.32614396512508387 0.34898568689823156 -0.66528618335723866 0.9470459818840028 0.27694219350814825 0.2559999972581864 -0.026719683781266209 0.029411765746772293 -0.24663212895393369 -0.19549032300710675 11.34999990463257 0.26199999451637274 -0.79384350776672352 0.25000000745058065 1.7500000000000002 -0.54066470265388478 -0.98214942216873158 0.050299357622861869 0.19749999791383746 -0.97874867916107167 -0.18492533266544339 0.013835051096975805 0.045542273670434959 0.9974811077117921 0.60383266210556041 -1.0000000180025095e-35 -0.99630266427993763 0.41813400387763983 0.57605713605880748 0.94999998807907116 92.791667938232436 0.47150000929832464 6.2500000000000009 5.1833331584930429 -0.16280825436115262 4.6029999256134042 2.5000000000000004 1.9959999918937685 -0.70291268825530995 -0.97113886475563038 11.500000000000002
decision_type=2 10 2 10 2 2 2 2 10 10 2 2 2 2 2 2 2 2 2 2 2 2 2 2 2 2 2 10 2 2 2 2 2 2 2 2 2 2 2 2 2 2 2 2 2 2 8 2 2 2 2 2 2 10 10 2 2 2 2 2 2 2
left_child=1 2 39 4 6 -6 9 8 60 -2 -9 12 13 16 -15 57 17 18 25 47 -20 23 -23 27 31 28 -27 -22 -11 30 -30 35 48 61 -35 36 37 -19 -37 43 41 46 -42 45 -45 -1 -41 -18 49 -17 -50 -51 -44 -54 -55 56 -16 -13 -28 -29 -7 -34
right_child=3 -3 -4 -5 5 7 -8 10 -10 11 -12 15 -14 14 55 32 19 24 20 -21 21 22 -24 -25 -26 26 58 59 29 -31 -32 -33 33 34 -36 38 -38 -39 -40 40 42 -43 52 44 -46 -47 -48 -49 50 51 -52 -53 53 54 -56 -57 -58 -59 -60 -61 -62 -63
leaf_value=0.065305914958269415 0.024669514651572914 0.050814861643006165 0.089851674101195822 0.073321997063814481 -0.060385492591178314 0.11371074836394819 -0.067146844639718928 0.059874700783631052 0.064811035897937325 -0.075787071523524749 -0.050687108956608468 -0.071081187559654452 -0.07454592897893661 0.067563253964404033 -0.073280034638022282 0.053056387846483567 0.042567129153536491 -0.0025822310734640863 -0.078089639928973192 0.084035779467780403 0.23173979152403065 0.072382906044597656 -0.039243102088160231 -0.070366348593471365 -0.074179367067791463 -0.077133845837380366 0.06217060996964794 -0.036130720592604783 -0.077152189066805654 -0.069835080493033816 0.054046516211172096 -0.026900905965531786 -0.019717951567428161 0.041226973830641798 -0.056618664316379456 0.065006804125156956 0.063671580997871888 0.12167103164430144 -0.01372096917284586 0.66551292347148783 -0.047290296351980045 0.031769786826804564 -0.046351446467803606 -0.053814664643810066 0.12143827834254202 -0.051175960131589017 0.14049073080433969 -0.094819224272548561 0.11572951850554491 0.091543590237204459 0.052107132744712105 -0.071485795431102325 0.014600089062141426 0.96046924180184012 -0.066358572390373891 0.025665497183589431 0.057657722923926562 0.021402825491910384 -0.030092394159379244 0.058157655074613346 -0.020740485326443143 0.054763785917173985
leaf_weight=776.15299313655123 2758.6837828769349 2397.8681190963835 357.98003842961043 4384.1859633200802 604.97242452064529 71.784308158326894 169.60724572977051 2623.5436638272367 534.21105042472482 473.13428577128798 150.84088392788544 235.18795405235142 146.78428457677364 791.00893314275891 388.86480794101954 1797.5528888856061 128.61683460138738 136.31104326993227 180.31083923345432 4078.1359075759538 44.328966424800456 5422.395983804483 260.22080230992287 339.09444490121678 130.27267975872383 153.238181614317 735.3878167103976 210.72616958105937 152.00649470929056 275.35901620518416 518.0897469567135 185.04341446515173 257.69089730875567 288.19171407260001 399.16989670041949 11628.094883449376 1596.2027153167874 1414.0231191772036 279.62553737312555 8.3575810207985324 1324.63986741798 317.32608584826812 432.62279050191864 341.68577059730887 70.57207291899249 140.05120020033792 12.595930410549046 165.64489725744352 645.74316468089819 68.095655127428472 723.18000506656244 214.05499346368015 1192.8112993407995 5.9038516157306757 10.206394226290284 570.59973737131804 107.43469022214413 432.84204029757529 182.45456841820851 402.93443355476484 1242.3301577665843 1322.8824502904899
leaf_count=17955 16783 21110 2619 1682 9900 397 5710 13892 3629 10529 2852 3126 3807 1494 6851 5407 452 1224 3698 6151 115 16108 4436 7720 3318 2889 4115 2927 3159 6218 2847 797 4652 11628 9420 17559 10521 4343 2468 232 146433 12928 48893 28550 1220 14014 275 2626 4721 27 1555 5588 94232 100 463 4758 212 2563 4211 1123 59655 7172
internal_value=0.045966 0.0196029 0.00460714 0.0498601 0.0476062 0.0248534 0.0505497 0.0360086 0.00920773 0.0510458 0.0538636 0.0529872 0.055894 0.0565126 0.024644 0.0388295 0.0585479 0.0554538 0.0385065 0.0760402 0.0539982 0.0575638 0.0672713 0.00223851 0.0657633 -0.00417915 0.0265238 0.0396554 -0.0273609 -0.00312697 0.024285 0.0669596 0.0446708 0.0249768 -0.0155947 0.0681133 0.0868658 0.110746 0.0631581 -0.0019796 -0.0129745 0.0514754 -0.0203248 0.0253696 -0.0238141 0.0475005 0.349903 -0.03477 0.0576223 0.041498 0.0821188 -0.0321395 0.00143502 0.0185358 0.309939 -0.00717674 -0.0449357 -0.0111573 0.04383 0.0257798 -0.013396 0.0426206
internal_weight=57409.9 7388.77 4990.91 50021.1 45636.9 5227.68 40409.2 4622.71 1848.33 40239.6 2774.38 37480.9 31096.3 30949.6 1857.91 6384.59 29091.7 24719.3 9349.68 4372.4 6860.01 6679.7 5682.62 997.084 15369.6 2489.67 1071.08 657.99 1418.59 945.455 670.096 15239.3 5716.56 2267.93 687.362 15054.3 3146.54 1550.33 11907.7 4632.93 3304.46 338.28 2966.18 1328.46 412.258 916.204 20.9535 294.262 3448.63 2079.7 1368.92 282.151 1641.54 1208.92 16.1102 1066.9 496.299 668.03 917.842 613.661 1314.11 1580.57
internal_count=696059 389024 367914 307035 305353 90325 215028 80425 63681 209318 16744 192535 136676 132869 13315 55859 119554 110325 70095 9229 36127 32429 20544 11885 40230 33968 11215 4165 22753 12224 6006 36912 50170 32872 21048 36115 16088 5567 20027 365295 303556 13435 290121 61739 29770 31969 507 3078 17298 11022 6276 5615 143688 94795 563 11821 7063 5689 8326 4050 60052 11824
is_linear=0
shrinkage=0.05


Tree=14
num_leaves=63
num_cat=21
split_feature=0 0 43 43 33 0 44 0 27 0 0 28 46 0 43 28 0 19 11 0 0 34 0 0 25 46 0 34 0 44 41 28 43 43 46 0 19 0 20 46 28 17 21 44 41 46 14 43 0 42 6 0 43 17 8 0 44 0 44 0 28 43
split_gain=3904.58 1696.89 1199.01 997.948 916.982 1756.31 906.567 2084.41 844.209 1316.15 739.941 709.6 664.058 960.038 604.143 500.258 1810.18 701.804 489.361 471.897 470.934 506.791 684.578 533.288 456.875 595.992 454.738 571.286 1086.18 521.021 445.099 417.168 527.453 729.091 535.118 510.267 452.367 398.717 614.646 462.415 520.973 391.842 640.029 388.958 382.178 377.205 356.569 330.854 803.759 777.867 643.877 550.273 475.329 398.494 376.764 321.297 317.212 327.532 323.79 622.295 306.163 562.818
threshold=0 1 0.91939014196395885 0.98802474141120922 1.0000000180025095e-35 2 0.063390085473656668 3 0.067295599728822722 4 5 0.058037718757987029 0.013835051096975805 6 -0.21861968189477918 0.0098039219155907648 7 4.5000000000000009 89.041667938232436 8 9 0.55000001192092907 10 11 0.20499999821186068 -0.97235485911369313 12 0.15000000223517421 13 -0.16799793392419812 -0.72947329282760609 0.0098039219155907648 -0.97113886475563038 -0.66528618335723866 -0.73385748267173756 14 2.5000000000000004 15 -0.18333333730697629 -0.71616029739379872 0.038691813126206405 0.11250000074505807 1.6833333373069765 0.86004966497421276 0.77259656786918651 -0.76713806390762318 4.7500000000000009 0.12545942142605784 16 0.16280825436115268 0.45000000298023229 17 -0.61913973093032826 20.774999618530277 3.1583334207534794 18 -0.95242238044738758 19 -0.92921787500381459 20 0.0098039219155907648 0.17646842449903491
decision_type=9 9 2 2 2 9 2 9 2 9 9 2 2 9 2 2 9 2 2 9 9 2 9 9 10 2 9 2 9 2 2 2 2 2 2 9 2 9 10 2 2 8 10 2 2 2 10 2 9 2 10 9 2 10 10 9 2 9 2 9 2 2
left_child=-1 3 4 6 5 -3 26 18 9 -7 -4 15 13 14 -10 16 41 20 -8 -20 -17 22 -22 24 25 -23 31 28 29 -28 -30 32 -2 34 -34 -35 -36 38 -24 40 -40 -6 -43 55 56 -39 -25 48 53 51 -51 -49 -50 -9 -54 -14 57 -26 -58 -60 61 -57
right_child=1 2 10 -5 11 8 7 47 12 -11 -12 -13 43 -15 -16 17 -18 -19 19 -21 21 23 37 46 44 -27 27 -29 30 -31 -32 -33 33 35 36 -37 -38 45 39 -41 -42 42 -44 -45 -46 -47 -48 49 52 50 -52 -53 54 -55 -56 60 58 -59 59 -61 -62 -63
leaf_value=-0.053852262111493021 0.046316548153072894 -0.050871473053424057 0.078988833023270977 -0.063433701395669534 0.056965081031057178 0.039924300363053424 0.055537368217796979 -0.078385505537581349 -0.021865594636400018 -0.051708754613882794 -0.0578936561911534 -0.044263727446003161 0.0010225215765821024 -0.044287822346420036 0.064951421523974387 -0.060043928533220582 -0.071211561764941644 -0.06643380078409232 0.0019937807094295608 -0.065927420391207955 -0.048704422604538507 0.28727701630219843 0.3656721753411572 0.034297572209568111 0.060679771991009858 0.081239691079499965 0.057897204170507338 0.056798868861412756 0.022393022083761163 -0.071888980723762916 -0.057637493187149107 0.061755371804529273 0.22421849886762366 0.078305158592883381 0.18909435697946816 -0.061475345096382673 0.092718340864020005 -0.069761028404095579 0.40496546164856029 0.094496995387900809 0.037522981294436882 -0.042302502063378329 0.051308539278281343 -0.053358827159686789 -0.070818869678306126 0.077126798319861856 0.057412956686251487 0.10910190974663321 0.055667001228433148 -0.060478793346997232 0.10362412916687819 0.046312897169570169 -0.065441645144359809 0.05620819969806045 0.06276637177136403 -0.049865775286318727 0.10101026221870907 -0.064132772314927741 -0.064314053923058542 0.064104437934742395 0.070849003302372413 0.077269100847543182
leaf_weight=993.9839884871617 551.70561639033258 730.22247710311785 113.47318914160132 181.88536570454016 1565.8116832282394 875.95795798394829 172.39352301694453 198.82887094980106 272.20931079098955 692.67325534159318 511.46692687924951 225.19548418559134 231.28612489346415 463.74947670195252 759.47901395848021 90.359362409450114 403.10786955384538 130.2057288615033 471.99848735285923 559.61148360744119 98.119444269221276 51.555332160554826 27.978695454075933 6086.3880826230161 99.169591250829399 109.95508919889107 1665.0155308116227 13876.316862729844 312.28629157925025 81.094467088580132 391.58377408096567 7624.0301414751448 139.92425291333348 529.31355928629637 161.64549094811082 69.315854591783136 493.4091419428587 45.536939899902791 27.019450732972473 249.56773461028934 15.0031630420126 308.33697719406337 447.7393551771529 79.202644731849432 54.233863214030862 1087.3270194618963 2298.3169668461196 848.83783287368715 2568.1328506930731 189.99913899600506 87.20999293262139 680.48759649833664 152.63111014664173 76.019722148776054 91.749084247276187 156.71323768189177 569.07744800485671 91.371589935384691 93.151868801098317 2172.4377078977413 2262.7452609082684 195.83606447512284
leaf_count=149252 1433 75501 922 10104 3707 19613 334 6529 9212 47969 41378 4202 7811 19609 8831 3998 8697 2344 9708 32881 7182 78 199 14699 173 778 17683 28280 5265 1215 17027 29202 389 1316 602 1837 601 1191 244 1832 342 1993 385 7174 1187 4426 975 5600 12359 10707 95 8037 11364 87 21 4386 599 1531 1863 7127 20940 1033
internal_value=0.0440874 0.0458313 0.0356204 0.0533366 0.0374868 0.0219384 0.0540171 0.0366726 0.0308481 -0.000613979 -0.0327017 0.0438786 0.0420805 0.0149761 0.0416413 0.0451098 0.0255809 0.0490821 -0.0222551 -0.0354708 0.0502159 0.0509789 0.0778682 0.0474364 0.0648358 0.147008 0.0581014 0.0528365 0.0306097 0.0515742 -0.0218203 0.0669588 0.0876959 0.104077 0.13546 0.062401 0.116501 0.086161 0.137511 0.120334 0.273779 0.0425089 0.0131328 0.0559342 0.0607366 0.0705993 0.0405853 0.0511111 0.0412709 0.068211 -0.00885201 0.0821796 0.0491514 -0.0397136 -0.0173078 0.0589751 0.063095 0.00064629 0.0672927 0.0588235 0.0638521 0.0207558
internal_weight=56861.4 55867.4 23692 32175.4 23067 6720.07 31993.5 6097.9 5989.85 1568.63 624.94 16347 4421.22 1495.44 1031.69 16121.8 2725 13396.8 1204 1031.61 13266.6 13176.2 1550.55 11625.7 3240.95 161.51 25895.6 16326.3 2449.98 1746.11 703.87 9569.34 1945.31 1393.61 794.979 598.629 655.055 1452.43 319.569 291.59 42.0226 2321.89 756.076 2925.78 3079.44 1132.86 8384.71 4893.9 3087.36 1806.53 277.209 1529.33 2812.51 274.849 244.38 2846.58 3025.21 190.541 2834.67 2265.59 2615.29 352.549
internal_count=696059 546807 334131 212676 291831 222079 202572 97722 146578 67582 42300 69752 78996 37652 18043 65550 14782 50768 42923 42589 48424 44426 15416 29010 13336 856 104850 69470 41190 18898 22292 35380 6178 4745 1592 3153 1203 8234 2617 2418 586 6085 2378 41344 12480 5617 15674 54799 30360 24439 10802 13637 23744 6616 11385 34170 11293 1704 9589 8990 26359 5419
cat_boundaries=0 4 8 12 15 19 21 24 28 31 34 38 42 45 49 52 56 58 60 64 68 72
cat_threshold=2107460 3089138593 753708 64 4102391457 25427984 1038109008 4 134217984 1140988992 2181038722 688 3489956993 0 159402256 51384320 73738 8192 1024 0 67108864 38948882 540686 5120 55181584 34283530 2147488256 10 1342177280 0 8388608 0 67108864 2147492352 139476994 1077958666 1073742978 912 168837120 1112673344 263297 913 2156200960 0 696256832 1342177953 0 270532608 4 0 0 545259840 16912400 524352 4096 1 545259520 8388624 545260032 25427984 5242882 16392 9216 1024 0 33554432 0 1 135266304 0 0 144
is_linear=0
shrinkage=0.05


Tree=15
num_leaves=63
num_cat=16
split_feature=0 0 44 43 9 35 0 16 0 48 44 0 48 42 0 0 28 43 43 28 0 0 44 44 35 43 32 32 0 28 29 31 26 26 0 42 19 48 43 28 48 0 41 43 0 7 35 44 28 41 28 0 41 26 16 44 0 42 43 10 44 0
split_gain=3592.77 1660.33 1298.37 1084.56 1015.24 1091.99 2089.49 1063.96 916.751 799.815 701.845 1153.41 747.917 682.823 1310.36 739.192 658.219 644.042 631.413 576.48 1421.87 696.035 708.968 713.712 678.426 621.7 555.056 508.818 494.736 680.093 486.879 471.373 456.883 469.092 454.537 451.845 445.931 445.767 1149.59 682.213 1258.46 642.708 436.013 661.691 740.778 476.656 419.796 404.02 385.927 373.127 365.396 351.693 350.684 497.493 392.411 330.889 765.097 544.532 477.743 437.296 421.659 729.794
threshold=0 1 0.8277757763862611 0.94978111982345592 0.15806506574153903 1.0500000119209292 2 94.250000000000014 3 0.99793070554733287 0.24997577071189883 4 -0.050541149452328675 -0.16280825436115262 5 6 0.058037718757987029 0.54219430685043346 0.49812944233417517 0.013725490774959328 7 8 -0.95242238044738758 -0.99983122944831837 11.34999990463257 0.90892735123634349 0.15517241507768634 1.0000000180025095e-35 9 0.072549022734165206 2.07924497127533 0.05172413773834706 -0.093578465282917009 -0.026693070307373997 10 -0.41248606145381922 1.5000000000000002 0.85232898592948925 -0.50556187331676472 0.046430176123976714 -0.99970510601997364 11 0.81241145730018627 -0.77245554327964772 12 1.6500000357627871 21.150000572204593 0.7074720859527589 0.053132651373744018 0.68322628736495983 0.0098039219155907648 13 -0.84874749183654774 0.014539992902427913 4.2500000000000009 -0.97507822513580311 14 -0.72947329282760609 -0.15101210027933118 64.958332061767592 -0.95242238044738758 15
decision_type=9 9 2 2 10 2 9 10 9 2 2 9 2 2 9 9 2 2 2 2 9 9 2 2 2 2 2 2 9 2 2 2 10 10 9 2 2 2 2 2 2 9 2 2 9 10 2 2 2 2 2 9 2 10 10 2 9 2 2 2 2 9
left_child=-1 2 3 9 5 6 7 13 35 26 16 12 -12 15 17 -3 19 18 30 20 24 37 23 -23 -7 -24 28 -17 47 42 -15 36 -33 -34 -4 -5 -29 39 -39 41 -41 -21 55 45 48 -44 -42 -2 -45 -43 -35 -40 53 54 -52 56 -30 59 -59 -58 61 -57
right_child=1 4 34 8 -6 10 -8 -9 -10 -11 11 -13 -14 14 -16 27 -18 -19 -20 21 -22 22 25 -25 -26 -27 -28 31 29 -31 -32 32 33 50 -36 -37 -38 38 51 40 46 49 43 44 -46 -47 -48 -49 -50 -51 52 -53 -54 -55 -56 60 57 58 -60 -61 -62 -63
leaf_value=-0.053760640007426502 0.064885065078158985 -0.0098387356492696341 0.0780641277681971 0.062783187657154155 0.06414257379159756 0.041391571480577788 -0.046428963669772214 0.54497109327760085 -0.063462903995527495 -0.074818888563466315 -0.086915360620548984 -0.065628542748683946 0.062986731183085384 0.065436370702374916 -0.05233250684319473 -0.058879353954488102 -0.045253408043667502 -0.057804843616201189 0.15719629865384188 -0.041070303353400332 -0.070245292481834795 0.053280922768279441 0.041297666701532669 -0.080447630106690413 -0.10901172942642855 -0.071938328924990039 -0.069208789324458758 0.13561796586215291 0.014515691453749978 -0.028663782999405574 -0.014915621739979446 0.39212740880871833 -0.059580761344691348 -0.060955280569311737 -0.053305306876628766 -0.070447365628510505 -0.019181474936308576 -0.077162977491311791 0.15682353099224733 0.13713728934546268 -0.072662210221471291 0.068688410229617095 -0.06040073603609012 0.074685343866644993 -0.041118299492424466 0.039284938822530091 0.072991277191466447 -0.017307892104123999 -0.064007357427889128 -0.044638930149828289 0.21766631644413759 0.082486912573308299 0.090968643292086593 0.078434663212801334 0.52860447047636971 0.07681322857585908 0.071486970824358745 0.15859007892184915 0.08461588955652255 -0.06163847846377956 0.051818523179696221 -0.075053661968241411
leaf_weight=948.22723442874849 10369.489308895078 399.52662562020123 70.621902272570878 404.7915908228606 2383.937921255827 1855.2215993627906 1256.2144596977159 9.9554029759019596 357.67782745836303 120.50469106808305 98.275399891659617 426.88030342292041 542.81821638764814 539.887797285337 621.97595176193863 73.501063556410372 226.67495165555738 151.16143008694053 126.75344663020223 145.57985172932968 374.0686738230288 163.80993012804538 6061.105543401558 255.22725652111694 78.134700898546726 123.68729474628344 90.801182619761676 60.706127161160111 500.48968678666279 270.50908602355048 289.67763534840196 12.597373844590036 50.268071664031595 34.962265447713435 387.153213492129 75.510041445959359 199.12837659800425 95.571363369934261 259.96384657826275 120.32648239657283 307.49025704478845 2838.525643565692 306.51649327995256 865.67307915026322 191.3866412602365 196.98010852839798 58.953911827411503 151.69848900847137 53.242690142244101 74.53924978338182 48.458320561330765 729.92031408241019 727.9983949274756 57.947121029254049 12.834323084447531 132.68128062412143 154.31359432730824 260.72766473516822 1339.9969553686678 102.76877458579838 16886.903182397131 167.79936836287379
leaf_count=149120 47476 17389 1347 1582 2260 5384 142639 8 16269 2948 1001 8551 1006 9100 43093 4680 3727 10030 558 3075 8579 277 16593 3773 424 2152 1477 1826 2994 5016 10313 55 2867 2169 37702 2716 7457 1646 402 82 6089 6456 4662 4616 5010 507 81 4180 1250 1357 956 1307 9940 421 24 304 183 423 2464 1051 62112 2524
internal_value=0.0424362 0.0440859 0.051115 0.0522903 0.0333258 0.0295774 0.00850113 0.0287452 -0.00386558 0.0537535 0.0362164 -0.0028307 0.0393933 0.0273213 0.00527449 0.0500451 0.0392451 0.037759 0.0532592 0.0406594 0.0178961 0.0453346 0.0347162 -0.0281705 0.0351315 0.0390331 0.054237 0.0683027 0.0545878 0.0500908 0.0373781 0.0766279 0.093026 0.0889853 -0.0324978 0.0409842 0.0169849 0.0602719 0.0884383 0.0518185 -0.00316073 0.0605682 0.0511213 0.0261427 0.0477028 -0.0214013 -0.0492293 0.0636395 0.0659319 0.0655635 0.0974506 0.104427 0.103987 0.183471 0.282775 0.0531836 0.0707463 0.0853572 0.0966649 0.01827 0.0507739 -0.00793623
internal_weight=56300.7 55352.5 33458.2 33000.5 21894.3 19510.3 4673.55 3417.34 837.979 32162.5 14836.8 1067.97 641.094 3407.38 1729.46 1677.93 13768.8 1107.48 956.319 13542.1 2307.42 11234.7 6603.83 419.037 1933.36 6184.79 32042 1278.4 31951.2 21430 829.565 1204.9 945.066 932.468 457.775 480.302 259.835 4630.87 1085.46 3545.42 486.771 3058.64 21159.5 1613.8 1110.3 503.497 366.444 10521.2 918.916 2913.06 882.2 989.884 847.238 119.24 61.2926 19545.7 2358.3 1857.81 1600.72 257.082 17187.4 300.481
internal_count=695680 546560 208813 169764 337747 335487 263525 120886 20567 149197 71962 10558 2007 120878 73094 47784 61404 30001 19971 57677 14387 43290 22795 4050 5808 18745 146249 30395 144772 93116 19413 25715 16432 16377 39049 4298 9283 20495 3355 17140 6252 10888 88100 16045 10876 5169 6170 51656 5866 7813 13510 1709 11341 1401 980 72055 7115 4121 2887 1234 64940 2828
cat_boundaries=0 4 8 12 15 17 20 23 27 31 34 35 39 43 47 51 53
cat_threshold=2107460 3089138593 753708 64 2021986977 58724368 1038092624 7 2265595920 67699724 1075065856 264 1610612736 16777216 545259776 55181328 4464640 117571600 4 13312 84017152 12 271360 55215360 729102 2147488256 8 2214609922 1079143492 1074020353 912 134479904 4112 763365696 65536 67109890 16448 0 144 545264257 0 274726912 4 1024 24576 0 384 276824064 0 274726928 6 512 16777216
is_linear=0
shrinkage=0.05


Tree=16
num_leaves=63
num_cat=19
split_feature=0 0 18 0 43 0 0 23 44 43 0 10 32 43 0 28 0 9 26 21 0 43 41 0 28 32 17 0 28 0 28 32 0 27 44 42 41 30 44 0 42 46 44 44 44 44 0 42 41 0 43 18 26 0 22 0 46 43 6 44 0 32
split_gain=3293.81 1486.92 1255.54 1396.08 1076.95 1243.24 1189.89 1109.31 972.826 970.075 854.066 830.728 735.168 693.812 1048.98 670.58 586.384 582.394 548.575 546.756 736.618 545.285 507.658 915.214 882.166 496.792 450.745 544.99 450.569 441.379 553.275 448.985 478.65 432.995 419.579 414.207 403.824 393.928 443.572 393.088 375.15 915.87 373.017 368.931 367.364 631.725 1006.84 746.296 417.872 945.899 351.184 349.392 346.476 341.988 332.935 327.376 322.838 322.738 813.815 313.85 747.852 394.762
threshold=0 1 2.6833333969116215 2 0.40614137053489691 3 4 0.25038699805736547 0.8277757763862611 0.94978111982345592 5 50.875000000000007 1.0000000180025095e-35 0.34235194325447088 6 0.053132651373744018 7 0.019669849425554279 -0.058938674628734582 -0.18333333730697629 8 -0.99275806546211232 -0.52778512239456166 9 0.049337463453412063 0.086206898093223586 1.0000000180025095e-35 10 0.036731028929352767 11 0.072549022734165206 0.05172413773834706 12 0.26156122982501989 -0.99983122944831837 -0.41248606145381922 -0.58216583728790272 0.037817459553480155 -0.95242238044738758 13 0.98611506819725048 -0.9595603048801421 0.7074720859527589 -0.4755979031324386 0.76556760072708141 0.11478523537516595 14 -0.63405361771583546 0.032701563090086053 15 -0.98803845047950734 2.0499999523162846 -0.046732675284147256 16 0.45000000298023229 17 0.5600285828113557 0.91939014196395885 11.550000190734865 0.14888729155063632 18 1.0000000180025095e-35
decision_type=9 9 10 9 2 9 9 10 2 2 9 2 2 2 9 2 9 10 10 10 9 2 2 9 2 2 10 9 2 9 2 2 9 2 2 2 2 2 2 9 2 2 2 2 2 2 9 2 2 9 2 10 10 9 10 9 2 2 8 2 9 2
left_child=-1 8 3 21 5 12 -6 11 9 19 35 28 -4 16 15 43 40 -10 -18 20 -2 53 24 -24 26 -13 27 50 -7 42 31 55 51 34 -23 -11 -27 -25 -39 -8 -5 -42 -21 -15 45 48 47 -47 -34 52 -14 -33 -50 -3 -36 56 -31 -45 -59 61 -61 -20
right_child=1 2 4 13 6 7 39 -9 17 10 -12 25 22 14 -16 -17 18 -19 59 29 -22 33 23 37 -26 36 -28 -29 -30 30 -32 32 44 -35 54 -37 -38 38 -40 -41 41 -43 -44 57 -46 46 -48 -49 49 -51 -52 -53 -54 -55 -56 -57 -58 58 -60 60 -62 -63
leaf_value=-0.0536352075706997 0.040488023034117922 0.054426166275217215 -0.080866261504172421 0.056411576733290003 0.082690166725208625 -0.095585533100151124 0.026579111901187526 0.04434329033481408 -0.054105941511932203 0.0600500431637844 -0.063063177341250512 -0.067257594710635013 0.035805583622007024 -0.019253510130254781 -0.059918710364204965 -0.046314230391187219 -0.077970457764361137 0.066071683697341274 -0.061028035949336305 0.063132694738512948 -0.041608401976544945 0.054999199713055426 -0.042559651951208644 0.1355879650619215 -0.092768994455203133 0.040581725346382019 0.054649507492456229 0.037237886795985296 0.046578693689891648 0.033826547868550459 -0.026851950997805032 -0.058747841648963295 0.053930929049401992 0.084582353513667219 -0.041616699338999273 -0.069827475914557929 -0.053518214232601939 -0.066511513445026482 0.044663565432422579 -0.067155832778798275 0.57185459107768055 0.094373312218850716 -0.016287914611852802 0.07192266419737349 0.082956953915845455 0.089088474725858777 -0.068455962012030344 -0.06521490207463293 -0.071114499920492 -0.060277794335018064 0.13749654660167829 0.022840138165625204 0.048816475343158944 -0.075028157073737334 0.082106811660125248 0.057658687460716118 -0.073453040661781821 -0.06090536390991047 0.55805282770411369 0.048126222853142178 -0.051224959085418832 0.040079419584073392
leaf_weight=904.06122507550754 1271.9924090686254 357.60404172353446 109.96700559509918 1808.3226869550999 2525.7330193971284 62.400804796721786 367.91851196950302 1231.9810751653276 357.95767877204344 402.12303223274648 340.62579143350013 725.3786392044276 99.727224216330796 180.72281903913245 486.95735906343907 252.1564768133685 121.6527600036934 140.33346113096923 99.741092162206769 9762.7588558136486 339.78799662645906 131.82309307903051 338.0472338590771 113.58136752760038 88.450673521962017 258.38074929080904 2187.2304597743787 318.97319525759667 521.67625458491966 631.24528733175248 239.67503452533856 191.23399404902011 4270.6747044734657 84.797278070356697 1660.5992125105113 72.449034705758095 204.05274954391643 93.426824069116265 2261.2704776721075 148.87117041181773 11.95335059147328 62.838387979194522 150.11679155658931 692.94224544335157 551.9814516948536 304.29343077819794 320.91030465392396 105.53930078074336 63.638281499035656 270.144613746088 571.05357363307849 418.13435118831694 1121.5642198650166 51.424024762120098 56.215225136373192 11313.519342368003 78.892299563158303 91.999399211257696 5.6359221935272208 385.69932763511315 353.3354419823736 3008.4743612320162
leaf_count=149120 4016 878 2422 33343 7901 881 1565 1751 38363 1582 16248 17518 278 4001 37737 10613 3521 785 2587 44540 3927 357 6494 231 1690 1654 4603 1435 1370 3436 4886 6227 8564 225 104090 2716 6169 2498 10771 6012 170 1605 4098 8513 1774 792 7534 2146 658 4699 1242 2924 4511 1485 301 43034 1529 5247 3 6404 21538 18468
internal_value=0.0407018 0.0422587 0.0321965 0.0189792 0.0429289 0.0343891 0.0687113 0.00787766 0.0490534 0.0501406 -0.00370831 -0.0174322 0.0471826 0.0294038 0.00142954 0.0261235 0.0376303 -0.0202604 0.0264991 0.0515383 0.0231739 -0.0147385 0.0495794 0.0339839 0.0629823 -0.0414394 0.0673186 0.0953156 0.0313904 0.0530727 0.048632 0.0495779 0.0400808 -0.0258972 -0.0309649 0.0393926 -0.00094068 0.0444594 0.0402525 -0.00118527 0.0606282 0.170685 0.0618676 0.0451977 0.0437435 0.0404589 -0.00332057 0.048177 0.046046 0.0229077 0.12058 -0.00271944 0.0420223 0.0376472 -0.0375655 0.0555952 0.0216042 0.059931 -0.0251765 0.0298714 0.000584101 0.0368349
internal_weight=55756.7 54852.6 22133 9904.89 12228.1 9185.6 3042.52 3003.87 32719.6 32221.3 815.198 1771.89 6181.73 7562.43 1710.41 1223.46 5852.02 498.291 3968.9 31406.1 1611.78 2342.46 6071.76 2806.33 3265.44 1187.81 3176.98 989.754 584.077 29794.3 19881.4 19641.8 7618.11 1933.43 1848.64 474.572 462.433 2468.28 2354.7 516.79 1883.11 74.7917 9912.88 971.3 7008.75 6456.76 730.743 409.833 5726.02 1455.35 670.781 609.368 1185.2 409.028 1716.81 12023.7 710.138 790.578 97.6353 3847.25 739.035 3108.22
internal_count=695680 546560 337571 261086 76485 61007 15478 29343 208989 169841 20546 27592 31664 153750 66114 28377 87636 39148 52518 149295 7943 107336 29242 19994 9248 25341 7558 2955 2251 141352 92714 87828 39829 104973 104748 4298 7823 13500 13269 7577 35118 1775 48638 17764 30678 28904 10472 2938 18432 9868 1520 9151 5169 2363 104391 47999 4965 13763 5250 48997 27942 21055
cat_boundaries=0 4 8 12 16 20 23 27 31 34 38 42 45 49 53 56 60 64 67 69
cat_threshold=2107460 3089138593 753708 64 2089091745 58724368 1038092624 7 2147648512 3138 3221247107 816 2181746960 6228992 3221226624 424 2185397504 67118158 1075074051 520 1610612736 16777216 545259776 54546448 67174412 1048576 8 17825794 1078214656 33825280 1152 536936577 25169920 887095632 2147500032 4720640 1152 8 2148061184 4197376 1152 264 134479904 16 763365696 67174400 33558528 0 1 17305616 0 0 32 536871424 16777216 268435456 1610612865 25165824 0 6 0 1026 1073745923 512 536870912 0 16 33554448 532480
is_linear=0
shrinkage=0.05


Tree=17
num_leaves=63
num_cat=21
split_feature=0 0 18 0 43 0 0 44 43 0 32 48 20 43 48 0 0 48 28 43 0 41 43 21 0 6 0 44 21 0 43 20 44 41 28 0 0 26 42 28 32 0 41 0 43 0 0 16 43 34 0 32 41 44 43 0 34 11 28 48 48 0
split_gain=3021.91 1345.57 1149.35 1280.36 983.126 1135.77 1079.67 876.232 873.024 919.016 838.387 690.541 643.294 594.416 1243.11 1165.32 1029.02 831.182 661.024 843.003 637.852 585.216 578.106 559.24 850.258 515.339 495.475 487.121 484.913 677.833 457.184 445.197 479.098 441.662 856.22 813.075 547.161 533.749 440.076 428.168 402.351 384.373 496.838 624.589 492.827 370.461 367.441 366.153 377.31 358.619 714.347 355.493 359.695 339.538 519.847 362.725 335.058 333.03 322.547 314.112 649.844 1092.79
threshold=0 1 2.6833333969116215 2 0.40614137053489691 3 4 0.8277757763862611 0.95502296090126049 5 1.0000000180025095e-35 0.99793070554733287 5.2916667461395273 -0.92923668026924122 0.85232898592948925 6 7 0.65729612112045299 0.013725490774959328 0.34235194325447088 8 0.52778512239456188 -0.99275806546211232 -1.0000000180025095e-35 9 1.0000000180025095e-35 10 -0.14250536262989041 -0.18333333730697629 11 -0.5276680290699004 0.14583333581686023 -0.99983122944831837 -0.47114434838294977 0.050299357622861869 12 13 -0.0051785742398351422 -0.47114434838294977 0.013725490774959328 0.15517241507768634 14 0.81241145730018627 15 -0.97113886475563038 16 17 1.0000000180025095e-35 -0.95244166254997242 0.75000000000000011 18 0.086206898093223586 -0.84874749183654774 -0.39036008715629572 0.9159645438194276 19 8.3499999046325701 22.625000000000004 0.053132651373744018 -0.46741016209125513 -0.25834974646568293 20
decision_type=9 9 10 9 2 9 9 2 2 9 2 2 10 2 2 9 9 2 2 2 9 2 2 10 9 10 9 2 10 9 2 10 2 2 2 9 9 10 2 2 2 9 2 9 2 9 9 10 2 2 9 2 2 2 2 9 2 2 2 2 2 9
left_child=-1 7 3 22 5 12 49 8 11 -10 -7 28 57 17 16 30 18 21 -15 20 -20 26 -3 24 27 -9 -5 -12 29 -2 -16 32 -24 34 36 -35 47 -37 -18 -38 41 -30 59 44 -44 -39 -8 48 -25 50 -6 -32 -53 54 55 -40 -17 -4 -46 -43 61 -61
right_child=1 2 4 13 6 10 46 25 9 -11 23 -13 -14 14 15 56 38 -19 19 -21 -22 -23 31 33 -26 -27 -28 -29 40 -31 51 -33 -34 35 -36 37 39 45 53 -41 -42 42 43 -45 58 -47 -48 -49 -50 -51 -52 52 -54 -55 -56 -57 -58 -59 -60 60 -62 -63
leaf_value=-0.05350747405843697 0.042210138877343283 0.038172533775855548 0.049137864473111297 0.10931692577129433 0.1368358356185608 -0.080513940719354513 0.025462600405188187 -0.053839609152131741 0.046473005453473076 -0.065058594278230311 0.063669070186447005 -0.074034101141568484 0.039322030211222637 0.053590719505793666 -0.06935899296776081 -0.057785758675655642 -0.066982479262090722 -0.049760678716984447 0.046675509218610189 -0.06555661432053736 -0.047080310863035775 -0.075491359302626834 0.055355235800132886 0.062381815198992996 -0.076600885670094904 0.059192020727563147 0.048717932289826016 -0.098111127155518688 0.060075422133377743 -0.031254559192044527 0.075693726665430089 0.048327630965750129 -0.045579059756023999 0.066731171099723166 -0.08530466778683421 -0.028312388800448014 -0.07183029875391489 -0.039766927271647136 0.023438342740656957 0.044725362068735369 -0.064066076547586587 0.057225377667263558 -0.073319326661538425 -0.032743737411155528 0.058875740945276603 0.04085561564184044 -0.066413278999230246 0.060109287616370057 0.12443586452242877 0.069886437180349953 -0.040469350777704645 0.2946201370921161 0.11684888362566542 -0.055391451165027042 0.1646450229507973 -0.059916470645764788 0.046638825561349802 -0.038966215891240344 -0.037750580320914759 0.067293565664006655 0.046882915849025458 -0.075869658295576084
leaf_weight=861.99462094716728 1170.5602587098256 395.61729727289639 121.45079275034368 445.35941313300282 457.56687249522656 139.14956679218449 365.35410534078255 336.78647383674979 381.25128729175776 340.08820741856471 356.46996859787032 113.13650669530034 522.90159582253546 1028.553306028014 48.228219699114561 237.28686045762151 521.42372374748811 197.99756576912478 740.13107448816299 356.58429735805839 231.57847559079528 80.055652256123722 128.15144570125267 401.09810244338587 228.95532735669985 143.9375879666768 1668.8899068399332 53.514411511365324 9275.6730693480931 421.29536846745759 932.87451845244505 168.50754653709009 1423.4878723369911 1079.5906997201964 100.71451523853466 567.04879574757069 83.459963857196271 158.09187908377498 409.69621553784236 1409.0491417860612 75.558928919956088 7954.0332276080735 88.67397452192381 406.94256413262337 905.87671142211184 1060.7392255300656 143.26322635705583 1262.1042800084688 629.27939953515306 1979.8530227481388 65.649434748105705 35.895998801104724 137.25822602072731 280.09553410718217 50.460379877127707 179.45610192790627 113.58817977458239 917.86094003729522 95.4675682047382 236.54484433541074 10223.15031525027 280.68064991850406
leaf_count=149120 3419 2236 171 1120 2294 3117 1565 38097 3386 16058 1273 2954 707 12839 2452 12028 24452 3924 9068 18971 9036 2790 333 949 5067 1051 5012 637 42885 4387 8714 1091 98037 5127 1797 7837 1092 2764 5962 3336 1359 27115 753 10052 5561 4604 6012 1598 1618 1852 3755 258 1543 30253 136 10729 102 19313 2011 857 44420 4624
internal_value=0.0390347 0.0405044 0.0308808 0.0181768 0.0412045 0.0330026 0.0659637 0.0469921 0.0480141 -0.00636819 0.0410224 0.0492695 -0.00587464 0.0276271 0.0183295 0.0567842 0.00309005 0.0483528 0.0233997 0.000197773 0.0243274 0.0572058 -0.0162493 0.0433663 -0.00134353 -0.0199959 0.0622304 0.0415391 0.0497175 0.022836 0.0806367 -0.0288602 -0.0372428 0.0475977 0.0585799 0.0327054 0.0624085 0.0116972 -0.0300784 0.0379534 0.051166 0.0514615 0.0474511 0.0197577 0.0392982 0.0304072 -0.00119784 0.0778249 0.10028 0.0792988 0.116431 0.0879063 0.153702 -0.0094828 0.0106213 -0.00257074 -0.0233161 -0.0286706 0.0496634 0.049694 0.0441165 -0.010562
internal_weight=55226 54364 21914.3 9811.18 12103.2 9091.48 3011.69 32449.7 31968.9 721.339 7529.27 31247.6 1562.21 7695.41 5303.11 1505.13 3797.98 2392.3 2356.85 1328.29 971.71 2194.3 2115.76 7390.12 638.94 480.724 2114.25 409.984 31134.5 1591.86 1154.26 1720.15 1551.64 6751.18 3885.71 2865.47 3784.99 1785.88 1441.13 1492.51 29542.6 29467 20191.4 1496.96 1090.02 1218.83 508.617 2292.48 1030.38 2503.07 523.216 1106.03 173.154 919.708 639.613 589.152 350.875 1039.31 1001.34 18694.4 10740.4 517.225
internal_count=695680 546560 337571 261086 76485 61007 15478 208989 169841 19444 40816 150397 20191 159389 146543 25097 121446 12846 49914 37075 18104 8922 101697 37699 6977 39148 6132 1910 147443 7806 12967 99461 98370 30722 10390 20332 8593 15205 71532 4428 139637 138278 95393 18377 8325 7368 7577 4165 2567 7901 6049 10515 1801 47080 16827 16691 12130 19484 7572 77016 49901 5481
cat_boundaries=0 4 8 12 16 20 23 27 30 32 36 39 42 46 50 53 57 61 65 69 73 74
cat_threshold=2107460 3089138593 753708 64 2089091745 58724368 1038092624 7 2147648512 3138 3221247107 560 16777216 1140867146 34894339 1536 2185397504 67118158 1075074051 520 1610612736 16777216 545259520 16781586 68567048 1056768 384 55590914 729092 8192 34603010 655364 167952 598016 0 32 16777216 1077936128 262656 536936449 25169920 819986768 33686784 0 3221225472 144 2148061184 4918272 1152 264 134479904 16 629147968 536937089 0 274726912 4 2147532800 4721664 128 8 17305616 0 0 32 131072 67118156 4096 8 524560 8 0 1288 1073807361
is_linear=0
shrinkage=0.05


Tree=18
num_leaves=63
num_cat=24
split_feature=0 1 0 43 44 0 41 0 44 0 48 43 21 44 0 48 0 0 29 0 44 43 0 48 0 48 43 44 48 0 35 0 48 0 44 0 0 43 0 44 18 0 0 34 48 43 48 0 0 46 35 42 0 48 0 26 0 18 35 48 26 43
split_gain=2776.27 1313.56 1405.34 991.805 964.435 737.701 727.18 1749.6 772.309 1408.94 766.498 725.67 717.622 597.048 1352.98 725.315 2099.95 635.002 612.258 960.558 635.557 598.545 572.17 543.882 1561.7 568.246 1197.35 962.977 1278.63 1267.99 889.612 873.92 771.317 689.323 674.868 1334.51 802.447 708.932 654.075 651.938 905.094 821.138 807.446 634.758 573.97 545.153 536.578 770.754 702.834 646.837 532.321 529.584 526.18 510.481 494.063 491.094 468.467 447.378 446.858 446.656 444.907 439.559
threshold=0 1.1500000357627871 1 0.9159645438194276 0.78192543983459484 2 0.52778512239456188 3 -0.95242238044738758 4 -0.78113025426864613 0.98802474141120922 -0.18333333730697629 -0.90892156958580006 5 0.68433555960655224 6 7 2.63781750202179 8 -0.77243989706039418 -0.67803022265434254 9 0.94480291008949291 10 0.85232898592948925 -0.76141706109046925 -0.54940786957740773 0.48606607317924505 11 7.9500000476837167 12 -0.99878430366516102 13 -0.25206183642148966 14 15 -0.99866804480552662 16 -0.9852197766304015 3.2749999761581425 17 18 1.7500000000000002 0.14761295169591906 0.35846313834190374 -0.54066470265388478 19 20 -0.14710184931755063 0.15000000223517421 -0.58216583728790272 21 0.97778499126434337 22 0.0051224671769887218 23 0.85416665673255932 0.55000001192092907 0.88848665356636058 -0.0072782977949827901 0.71503382921218883
decision_type=9 10 9 2 2 9 2 9 2 9 2 2 10 2 9 2 9 9 2 9 2 2 9 2 9 2 2 2 2 9 2 9 2 9 2 9 9 2 9 2 10 9 9 2 2 2 2 9 9 2 2 2 9 2 9 10 9 10 2 2 10 2
left_child=-1 2 4 6 11 -6 8 10 9 57 -8 12 22 17 59 18 21 -10 19 -16 -21 56 -2 25 53 27 33 28 29 39 44 -30 -29 -27 36 37 -34 -36 -37 54 41 -41 -42 46 52 -46 48 -48 49 60 -12 55 -31 58 -14 -9 -17 -4 -25 -15 -38 -40
right_child=1 -3 3 -5 5 -7 7 51 13 -11 50 -13 23 14 15 16 -18 -19 -20 20 -22 -23 -24 24 -26 26 -28 32 31 30 -32 -33 34 -35 35 38 43 -39 61 40 42 -43 -44 -45 45 -47 47 -49 -50 -51 -52 -53 -54 -55 -56 -57 -58 -59 -60 -61 -62 -63
leaf_value=-0.053377621627482552 0.031550733178901232 0.064784806960904259 0.052874150062366537 -0.036423154129508854 0.050370549160609526 -0.056400765070044059 -0.063941271888760837 -0.069250521531612 -0.072058834301049146 -0.067255545892417778 -0.021886740102306027 -0.061298126148968117 0.0094053447394217005 -0.048064305271567381 -0.056706616532843569 0.028956957828189363 -0.070069674706718418 0.063971691577196663 0.048159422201596823 -0.06418282299441079 0.038001982553871952 0.072272554583581908 -0.039202580138234071 0.030650423151471803 -0.07122310027396693 0.04511486072957438 0.079633852672196692 -0.094078466064250299 0.045825769921191278 0.0026745618665815246 0.045294606446676426 -0.073384066039305057 -0.058917998286197829 -0.089424582204403455 0.044206908427265053 0.080123025313579718 0.13045872065570713 -0.07628532468725327 0.048174496132595994 0.047542806525253237 0.19872197261344546 -0.038484578889728803 0.05560327621721365 0.051240010973984666 -0.066808492795649141 0.065829552064342392 0.077846933077924216 -0.03930219192694951 0.078305520587827693 0.11519528178617483 0.06330044266202331 -0.061358819181780738 -0.069838347658670891 0.059873116384076219 0.10087532823282884 0.042947808353676634 -0.085262232717470882 -0.029212888435945019 -0.11156863860280636 0.028483875455064558 0.27936005794376501 -0.00140022239831273
leaf_weight=821.92329175234772 914.12570956116542 4478.8866115482524 736.62699680589139 605.88097181264311 253.74121265299618 411.27811319148168 160.71337565872818 145.18194923666306 83.244835287565365 524.44462946639396 214.30788190336898 159.11190031655133 188.47491849400103 674.42208291823044 339.05533411446959 331.66873032273725 590.28979803365655 2236.1525217785966 7820.6508201230317 162.03427685447969 2498.9244730374776 744.70698055857792 404.42842162959278 152.74880096083507 359.30497639160603 201.86282525211573 2901.9798609958962 87.409761471208185 224.70141811389476 473.91408154461533 1029.6321411998942 449.26544110523537 114.23965646699071 163.83323757862672 195.07861733436584 1656.76520352019 81.414608649909496 326.20586296869442 6593.7986653461121 579.86405635764822 99.559255324769765 514.10676448699087 1623.4887909400277 1976.4933495027944 102.53992101829499 316.83055232837796 1003.6645682202652 160.45280847232789 1046.9952638456598 422.38874135958031 1270.9620268088765 848.57378074363805 529.4034080686979 1090.5876509130467 984.93924132827669 297.13211061945185 111.76858988031745 214.26370839914307 86.515648570843041 265.61844376916997 130.70371026871726 479.65929590165615
leaf_count=149120 3406 2257 2965 42990 4573 40608 6423 6256 2522 16864 13937 10204 1402 28964 20050 1348 24177 6347 39825 4605 31545 6348 4562 1681 8591 294 7305 1354 1085 4411 1179 9435 3829 2732 536 11028 411 11618 19003 3320 681 8485 3809 1963 2552 1210 3499 3627 2622 924 9387 50872 13101 4238 1900 5916 2221 2180 742 5522 306 10813
internal_value=0.0374613 0.0388505 0.0365056 0.0266009 0.0437383 -0.0157524 0.0284978 0.00549071 0.0323959 -0.00220635 0.0395449 0.0451758 0.0457881 0.035615 0.0315995 0.035901 0.0063377 0.0590546 0.0407931 0.0215901 0.0316606 0.0445133 0.00979116 0.0475895 0.0201421 0.0494696 0.0688896 0.0465031 0.0314785 0.0383331 0.00985504 -0.0340483 0.0539934 -0.016371 0.0549057 0.0469401 0.0698345 -0.0306068 0.0515465 0.0556701 0.0427661 0.00719742 0.0653488 0.0728558 -0.0157241 0.0333983 0.0881256 0.0620311 0.106191 0.148628 0.0510089 -0.0379435 -0.0362565 0.0450246 0.0871232 0.00612064 -0.00110179 0.0340198 -0.0207746 -0.0261566 0.222209 0.0447495
internal_weight=54668.9 53847 49368.1 20876.6 28491.5 665.019 20270.7 2936.87 17333.9 1475.34 1645.98 27826.5 27667.4 15858.5 13539.1 12599.1 1778.43 2319.4 10820.7 3000.01 2660.96 1188.14 1318.55 26348.8 1689.16 24659.7 3267.68 21392 7116.72 6442.75 2452.32 673.967 14275.3 365.696 14187.9 9251.51 4936.35 521.284 8730.22 3990.43 2817.02 1093.97 1723.05 4822.11 1422.69 419.37 2845.62 1164.12 1681.5 634.507 1485.27 1290.89 1003.32 1329.85 1173.41 442.314 443.437 950.891 239.264 940.041 212.118 7073.46
internal_count=695680 546560 544303 331264 213039 45181 288274 92791 195483 22009 29747 167858 157654 173474 164605 130119 34094 8869 96025 56200 36150 9917 7968 149686 15252 134434 10331 124103 52570 42050 22453 10520 71533 3026 70179 52998 17181 12154 40844 19597 16295 11805 4490 13352 21274 3762 11389 7126 4263 1641 23324 63044 17512 6661 3302 12172 3569 5145 2423 34486 717 29816
cat_boundaries=0 4 8 12 16 19 23 27 31 35 38 42 45 48 51 54 58 62 65 68 72 76 79 82 84
cat_threshold=2107460 3089138593 753708 64 1485132449 54525968 1038109008 7 65536 0 0 6 570557714 25608 3221233664 32 557842450 8388620 1073746944 1049858 67125248 2 176 553779216 8650764 1056768 256 2181038080 1149307904 270977 512 2147483664 1075187776 3255833088 1280 268505089 0 887095632 1342177793 16 885014784 4 1476465184 50331648 541083712 1 0 536871168 128 0 536870976 134221824 33554432 134236416 134234144 4194304 2113536 1 278560 4194320 25165824 1 512 0 536887360 134217728 0 2048 8458880 0 541065536 6 129 33554448 142606608 4 8388737 0 256 402653696 0 4212736 131088 12
is_linear=0
shrinkage=0.05


Tree=19
num_leaves=63
num_cat=20
split_feature=0 1 0 33 0 27 43 48 0 20 0 20 0 41 26 0 0 0 48 43 16 42 0 0 42 28 0 35 43 0 0 43 34 26 48 43 45 0 41 28 43 26 18 48 0 28 41 43 0 18 18 0 0 30 48 43 10 0 29 18 48 48
split_gain=2557.52 1306.93 1279.57 980.293 1024.71 820.277 627.649 612.357 559.519 548.742 697.969 512.325 640.564 493.761 1352.09 1240.83 1177.53 494.266 741.032 470.337 465.625 459.799 904.483 491.534 443.401 430.843 650.729 439.369 427.461 791.385 564.489 681.864 534.599 1304.08 507.837 480.083 694.44 412.773 464.774 412.389 409.721 395.764 389.747 432.08 389.053 436.898 420.676 369.145 351.629 339.139 333.867 330.547 326.239 322.64 303.944 300.496 299.064 364.156 383.885 354.844 471.032 880.896
threshold=0 1.1500000357627871 1 1.0000000180025095e-35 2 0.073514446616172804 0.98802474141120922 0.99793070554733287 3 -0.18333333730697629 4 -1.0000000180025095e-35 5 0.09796465560793878 -0.010356436949223278 6 7 8 -0.82466700673103321 0.91248813271522533 94.250000000000014 0.09796465560793878 9 10 0.16280825436115268 0.017647059634327892 11 0.35000000894069677 -0.94705909490585316 12 13 -0.97113886475563038 0.45000000298023229 -0.00031434306583832944 -0.58211895823478688 -0.33425341546535486 1.0000000180025095e-35 14 0.84874749183654796 0.036731028929352767 0.85673803091049205 0.047294611111283309 12.449999809265138 0.92346203327178966 15 0.036731028929352767 0.032701563090086053 0.69056403636932384 16 5.1833331584930429 25.854166984558109 17 18 0.084807407110929503 -0.98708844184875477 -0.21861968189477918 59.458333969116218 19 3.4968543052673344 7.3875000476837167 0.8398319184780122 0.3373312652111054
decision_type=9 10 9 2 9 2 2 2 9 10 9 10 9 2 10 9 9 9 2 2 10 2 9 9 2 2 9 2 2 9 9 2 2 10 2 2 2 9 2 2 2 10 10 2 9 2 2 2 9 10 10 9 9 2 2 2 2 9 2 10 2 2
left_child=-1 2 6 4 -4 8 7 9 24 10 -2 12 -5 28 16 -16 50 -17 -19 37 21 23 53 -7 55 48 27 -27 30 34 31 -11 33 -33 39 36 49 38 -13 -30 -37 -25 44 -44 -39 -46 -47 -18 -20 -36 -15 -41 -49 -23 -21 -6 57 -31 -59 60 61 -58
right_child=1 -3 3 11 5 20 -8 -9 -10 13 -12 19 -14 14 15 17 47 18 25 54 -22 22 -24 41 -26 26 -28 -29 29 56 -32 32 -34 -35 35 40 -38 42 -40 51 -42 -43 43 -45 45 46 -48 52 -50 -51 -52 -53 -54 -55 -56 -57 59 58 -60 -61 -62 -63
leaf_value=-0.053245829102706213 0.032232750697840151 0.063682523741054792 -0.0522683113344031 0.032868839334769591 -0.049837917016682207 -0.014016592033722883 -0.060773123449090527 -0.070102216207218723 -0.038193211747790223 0.062673622494613918 -0.049040850604001762 0.047256842177593184 -0.045021142569137383 0.043140549257736603 -0.044903269848682453 0.068755801270295222 -0.050048920640147078 -0.055572122224131264 -0.070066163828567243 0.057125978081473197 0.29235021757441609 -0.037426994784580746 -0.057891087416617228 0.054673205861585118 -0.047010116795976838 -0.066084316559277198 -0.052220864890209252 0.060185041958804669 -0.076808432982077138 0.047756187561892594 0.047719906677893442 0.054744453648464086 0.09990314150358108 0.36985445742416662 -0.048537232652405775 0.050742187303753551 -0.056723685766303461 0.035477861255904394 -0.028379711831622009 0.03140408588996587 -0.042593619690862568 -0.044144409611859392 0.045947017064561502 -0.070245896976753361 -0.02138290975434614 0.032128534947520423 -0.051541664983864893 0.061172231756093202 0.066441917097957826 0.073415279598419134 -0.085003228148613441 -0.064216570901899431 -0.060564205324503829 0.041384763206488005 -0.067368216533055317 0.057030468947130153 0.048273451300507385 -0.11049433361916934 0.01442144901716436 0.071862766325632765 0.073468248522144994 -0.025540601524881131
leaf_weight=783.74861908634193 1124.8002203325741 4332.3188581587747 603.78602379304357 598.33591405907646 76.345434336457402 357.64885243657045 147.13214041269384 119.62391525437124 958.43258721474558 1783.6091684149578 335.23802763037384 6838.4439867313486 456.29404745995998 1104.5191200890113 334.90271760034375 2703.6521567690652 874.35914970329031 197.43243534816429 43.240091393701732 67.512546166311949 16.636081198230386 152.26854737382382 403.27393872477114 2000.6722318837419 186.13093580305576 78.718919309554622 235.25730545842089 551.90795102901757 195.25804179860279 604.26057625748217 4009.8434988614172 65.858214042615145 567.69701043702662 65.477408754173666 73.184473684988916 1899.0293918750249 321.3044715244323 1809.3786239726469 209.32069924753159 375.0976882763207 125.33999061631039 106.72812563763 2619.2588551449589 82.531106356997043 958.8838423169218 1265.9849972347729 170.45310964202508 153.25077493209392 1382.5753503770102 257.91320585738868 53.281860381830484 108.40527780447155 74.327375025022775 882.42368103656918 179.05567054217681 475.21810914645903 3016.7590705705807 83.657820930238813 232.25874191429466 2311.3577864705585 1318.8567469422705 466.72351443511434
leaf_count=149120 3624 2257 77294 1998 3220 9546 10169 4086 69071 3090 3437 26440 5600 9231 13473 19034 20244 4737 1130 238 8 8003 22142 30015 13270 4076 6475 1439 5264 1312 7033 288 466 385 2985 12807 5153 8128 3103 2311 3648 4573 6017 910 8760 5264 2984 805 6296 429 660 3506 2363 10888 5179 8606 29121 842 604 5204 7530 9789
internal_value=0.0360369 0.0373551 0.0350289 0.0258439 0.00912524 0.015791 0.0422039 0.0427754 -0.0132305 0.0432732 0.0134565 0.0326769 -0.000946109 0.0449691 0.0344608 0.0477817 0.00187583 0.0537423 0.037225 0.035174 0.0283896 0.0272645 0.00479501 0.0403718 0.0194558 0.045382 0.0175624 0.0437299 0.0495454 0.0437087 0.0597843 0.0787608 0.120935 0.211843 0.0230786 0.0329424 -0.0043577 0.0363835 0.0449466 -0.0154803 0.0449632 0.0494341 0.0275403 0.0423977 0.018059 0.00473329 0.0221999 -0.0349674 0.0622767 0.0464594 0.0369245 0.00928652 0.0214396 0.0295015 -0.0332806 0.0422381 0.0522316 0.0254739 -0.018085 0.0557662 0.0480189 0.0383837
internal_weight=53987.2 53203.4 48871.1 21475 6219.56 5615.78 27396.1 27249 1696.13 27129.4 1460.04 15255.5 1054.63 25669.3 7787.43 5527.69 2259.74 5192.78 2489.13 14200.8 3919.65 3903.02 1437.97 2465.05 737.694 2291.7 865.884 630.627 17881.9 11389.4 6492.49 2482.64 699.033 131.336 3355.53 2676.77 652.402 13954.3 7047.76 678.761 2024.37 2107.4 6906.49 2701.79 4204.7 2395.32 1436.44 1101.94 1425.82 331.098 1157.8 483.503 227.578 1034.69 246.568 551.564 8033.87 920.177 315.917 7113.7 4802.34 3483.48
internal_count=695680 546560 544303 331257 256636 179342 213046 202877 94167 198791 7061 74621 7598 191730 89963 56660 33303 43187 24153 67023 85175 85167 41033 44134 25096 19416 11990 5515 101767 90505 11262 4229 1139 673 36103 25022 8567 61606 29543 11081 16455 34588 32063 6927 25136 17008 8248 23412 7426 3414 9891 5817 3168 18891 5417 11826 54402 2758 1446 51644 46440 38910
cat_boundaries=0 4 8 12 16 20 24 27 30 34 38 42 46 50 54 58 62 65 69 72 75
cat_threshold=2107460 3089138593 753708 64 1552241185 50331664 1038117200 7 1280 1073880128 33555074 688 537919490 8986634 0 1024 268763169 16777216 1017120848 4 39453842 524292 0 128 335806464 33554432 218114048 33 50331648 142614848 1082147361 0 547356672 2 542277778 8196 267264 1288 542244992 8 1024 1024 134217728 16777216 4194384 4 8667169 16 161480976 6 8667136 16 226492752 5 2701657216 1079458884 33817088 1920 4194562 8404992 1 24 0 16777216 4194304 1 0 142606592 4 268435968 0 272646144 1409355776 0 604004352
is_linear=0
shrinkage=0.05


Tree=20
num_leaves=63
num_cat=0
split_feature=5 33 24 43 44 41 44 28 26 28 28 20 44 11 44 43 18 43 43 35 28 28 43 43 42 43 28 43 43 44 39 30 43 28 47 38 46 35 7 17 37 43 36 43 43 37 28 10 27 30 8 43 43 36 42 43 44 46 7 35 16 41
split_gain=1431.83 1408.21 984.242 827.363 759.507 745.284 1016.31 894.35 707.044 780.469 694.04 549.05 548.536 540.567 556.562 515.69 593.055 509.222 463.473 453.852 449.391 443.004 1417.93 1035.35 681.421 573.588 500.262 668.457 583.72 811.708 478.066 456.972 456.471 441.976 420.503 545.251 419.007 444.319 564.206 418.066 412.28 454.12 408.005 406.616 405.257 445.304 398.119 375.523 368.328 354.526 346.54 346.065 349.935 338.345 324.138 486.399 468.974 379.727 356.503 321.25 320.646 298.632
threshold=0.15000000223517421 1.0000000180025095e-35 -0.0048804760444909326 0.95502296090126049 0.8277757763862611 0.09796465560793878 0.60383266210556041 1.0000000180025095e-35 0.0015230522258207204 0.0058823532890528449 0.0058823532890528449 -1.0000000180025095e-35 -0.43733099102973932 165.20833587646487 -0.97507822513580311 -0.50556187331676472 5.4500000476837167 -0.99630266427993763 -0.99054482579231251 3.4500000476837163 0.06862745434045793 0.045542273670434959 -0.16799356788396833 0.57077592611312877 -0.2901292592287063 0.52766072750091564 0.021568628028035167 -0.76141706109046925 -0.96235975623130787 -0.15950992703437802 0.17249999940395358 0.36618036031723028 0.90892735123634349 0.080392159521579756 0.75006723403930675 7.5000000000000009 0.29436498880386358 0.35000000894069677 3.8500000238418584 1.0000000180025095e-35 3.3805000782012944 0.14250627160072329 4.5000000000000009 -0.18492533266544339 -0.70291268825530995 5.1965000629425058 0.04256099462509156 3.3750000000000004 0.36921939253807073 0.079272486269474043 1.0000000180025095e-35 -0.85227432847022999 -0.39826117455959315 13.000000000000002 -0.63405361771583546 -0.76141706109046925 0.18281312286853793 -0.19568876177072522 15.949999809265138 0.84999999403953563 94.250000000000014 -0.99465191364288319
decision_type=10 2 10 2 2 2 2 2 10 2 2 10 2 2 2 2 10 2 2 2 2 2 2 2 2 2 2 2 2 2 2 2 2 2 2 2 2 2 10 8 2 2 2 2 2 2 2 2 2 2 10 2 2 2 2 2 2 2 10 2 10 2
left_child=1 2 13 4 21 6 7 -3 9 -7 12 -9 34 -1 43 16 -11 -14 -12 -17 47 26 -23 25 32 40 27 28 29 30 -4 44 -25 -13 -10 -36 37 38 -28 -39 41 49 -31 -15 45 -29 53 -6 -30 -24 59 -38 -53 -18 57 56 -56 -20 -57 -8 -46 -27
right_child=-2 5 3 -5 20 8 50 11 10 15 18 33 17 14 -16 19 46 -19 54 -21 -22 22 23 24 -26 61 36 31 48 42 -32 -33 -34 -35 35 -37 51 39 -40 -41 -42 -43 -44 -45 60 -47 -48 -49 -50 -51 -52 52 -54 -55 55 58 -58 -59 -60 -61 -62 -63
leaf_value=0.034981377275444973 0.064561843834000224 -0.086530056374132858 0.14692884748313878 -0.045362954807021898 0.062213828339215044 -0.076005845837325545 0.0168061753069455 0.018246713720806055 0.065434130105030033 -0.056701449040912337 -0.039195070361559899 0.04681230465862575 0.069163434233435392 0.11253679369337902 -0.016472245859279037 -0.0066574905944900876 0.030208450497528013 -0.062291447743004325 -0.0093953265386823789 0.048146154103816424 0.060256444051318393 -0.053516286885502265 0.11905065852979038 -0.0037720222184867871 -0.048273044590620526 0.24563374457075599 -0.055330021878881919 0.040650297633722465 -0.068216241119132603 0.027470276653222776 0.032430651477840376 -0.059563371406440593 0.10721893240541679 -0.081370278624548417 0.078211069695113489 0.22148605643269448 0.081420412624493205 0.063901716155272292 0.17436435549864002 -0.057858450205538717 -0.0073039975257458631 -0.0053431015229014837 -0.067040386290353512 0.013890249769797103 0.040152817798992331 0.2024715711059035 -0.082321805126285605 -0.051744554584462955 0.064285028922372547 0.044503552801267304 0.064625679182467075 -0.058251079404598873 0.065759616815846675 -0.083966862121537644 0.051406668076418763 -0.037118449328028144 -0.086534449025404303 0.057319654755585328 0.062575974906176238 -0.071514359039254183 0.29641545796855795 0.10007909003981635
leaf_weight=913.50492725940421 3678.7441504632588 131.23308187024668 149.51306565129198 372.85868417238817 83.566325786523521 254.59497606568038 154.09541632281616 1865.9696340779774 267.01482560439035 427.62209457182325 237.57905128994025 23112.724381001201 241.5029887270648 135.31156486552209 3098.7798162146937 528.63106124801561 928.84003266366199 106.00849849707447 249.03506951942109 1323.8290440728888 149.3513522548601 567.73913693591021 317.41767952614464 230.28642023866996 483.18444341933355 39.965562329161912 214.90099152736366 86.334867882309482 357.88046670611948 220.1971765072085 233.60723579442129 107.5562911008019 154.97708765487187 67.444434839766473 125.1952028030064 141.40733301243745 1481.7637632682454 659.89260224415921 30.533276506699622 78.929840879281983 298.98850493971258 196.46792622236535 237.21252145245671 458.20031317416579 3189.3456936085131 83.757746412185952 100.18198602320626 535.77557357866317 61.455263618612662 320.54657985130325 90.746007398236543 94.502754978602752 142.91538847936317 69.760027564829215 765.53941406100057 488.17256255121902 67.010735787684098 1485.8557577312458 109.85179094504565 310.24904939881526 12.253511011600493 297.97036991990171
leaf_count=4346 1814 2306 369 37841 35 4218 4759 9023 727 7261 1785 73420 156 973 162392 9663 4711 1277 3741 4534 5362 35591 1692 10395 32992 87 12629 2749 20405 1848 1786 5147 1934 1287 140 307 5784 3219 232 834 10011 6821 7893 10972 61664 723 2205 79365 119 2859 134 4577 2035 1472 2446 8671 1095 7083 67 4147 6 1819
internal_value=0.0344613 0.0322354 0.0200727 0.0278998 0.0303566 0.0380538 0.0421814 0.0436568 0.0246391 0.00841472 0.0383993 0.044339 0.0779489 0.000543629 -0.00797657 0.0147758 -0.00674308 0.0290631 0.0281589 0.032507 -0.0175949 0.033918 0.0173679 0.0345675 -0.0087247 0.0601201 0.0403835 0.0305927 -0.000613344 0.0234255 0.0771137 0.0418927 0.0408755 0.0464393 0.109785 0.154205 0.0575467 0.0315314 -0.0267549 0.0508938 0.0430738 0.0611248 -0.0215429 0.0363801 0.0451291 0.120335 0.0126996 -0.0363684 -0.0487977 0.0815943 -0.0247401 0.0724408 0.016398 0.0222324 0.0332141 0.0155944 0.040304 0.047743 -0.0188055 -0.0422047 0.0411336 0.117293
internal_weight=53426.3 49747.5 16097.4 11491.6 11118.8 33650.1 25732.5 25177.4 7917.63 3633.46 4284.17 25046.1 881.129 4605.8 3692.29 3378.86 1526.4 347.511 3403.04 1852.46 768.693 10350.1 2907.54 2339.8 868.448 1471.36 7442.55 4739.11 1259.87 840.53 383.12 3479.25 385.264 23180.2 533.617 266.603 2703.44 984.257 245.434 738.822 1133.42 834.432 457.41 593.512 3371.69 170.093 1098.78 619.342 419.336 637.964 555.09 1719.18 237.418 998.6 3165.47 1430.57 832.55 1734.89 598.024 464.344 3201.6 337.936
internal_count=695955 694141 537506 358823 320982 156635 95076 86036 61559 34064 27495 83730 2607 178683 174337 29846 15649 1433 24888 14197 84762 236220 104201 68610 45321 23289 132019 102709 32420 11896 2155 70289 12329 74707 1174 447 29310 16914 12861 4053 21383 11372 9741 11945 65142 3472 8388 79400 20524 4551 9040 12396 6612 6183 23103 12279 3541 10824 8738 8906 61670 1906
is_linear=0
shrinkage=0.05


Tree=21
num_leaves=63
num_cat=21
split_feature=0 5 33 0 0 43 43 24 0 0 48 48 28 44 0 48 0 20 0 0 27 28 48 0 41 0 0 28 28 44 34 0 48 48 28 44 0 48 44 48 48 44 0 28 35 44 0 24 44 0 0 43 42 0 28 18 20 35 0 43 0 29
split_gain=2262.79 1324.65 1059.49 1835.81 1082.44 865.483 801.193 797.807 1311.8 633.409 501.65 497.673 440.782 411.332 2120.04 488.116 639.213 465.842 600.549 391.442 380.946 375.41 371.677 367.058 360.206 1448.3 579.821 1000.42 576.867 490.373 355.938 618.598 741.108 411.605 354.321 398.59 450.717 351.051 801.825 414.109 652.782 419.946 777.921 344.467 342.867 342.641 342.064 311.562 303.973 326.651 301.377 314.377 300.454 881.794 299.707 298.626 470.262 295.29 439.567 292.303 286.584 286.572
threshold=0 0.15000000223517421 1.0000000180025095e-35 1 2 0.93237596750259411 0.95502296090126049 -0.0048804760444909326 3 4 -0.99376606941223133 0.8462619185447694 1.0000000180025095e-35 0.14888729155063632 5 0.11094098910689355 6 -1.0000000180025095e-35 7 8 0.16054482758045199 0.061906902119517333 0.99483573436737072 9 0.032701563090086053 10 11 0.036731028929352767 0.048057714477181442 -0.42958799004554743 0.75000000000000011 12 -0.69740253686904896 0.93255695700645458 0.0058823532890528449 0.51849433779716503 13 0.92789602279663097 -0.99983122944831837 0.8129611909389497 0.66655930876731884 -0.52034142613410939 14 0.080392159521579756 0.55000001192092907 0.47369650006294256 15 -0.024879516102373597 -0.074115883558988557 16 17 0.8522624969482423 -0.47114434838294977 18 0.056927841156721122 25.274999618530277 6.8541667461395273 4.0499999523162851 19 -0.96235975623130787 20 0.61962249875068676
decision_type=9 10 2 9 9 2 2 10 9 9 2 2 2 2 9 2 9 10 9 9 2 2 2 9 2 9 9 2 2 2 2 9 2 2 2 2 9 2 2 2 2 2 9 2 2 2 9 10 2 9 9 2 2 9 2 10 10 2 9 2 9 2
left_child=-1 2 3 12 10 13 7 8 11 -9 23 -5 -2 17 15 16 59 18 57 20 -14 24 43 -4 26 28 27 29 30 -19 31 32 -26 -34 -11 45 -37 39 -39 40 41 42 -28 -12 -40 48 -13 61 -36 -50 51 -32 53 54 -44 -43 -57 58 -6 -15 -23 -8
right_child=1 -3 4 6 5 -7 47 9 -10 34 22 46 19 14 -16 -17 -18 21 -20 -21 -22 60 -24 -25 25 -27 37 -29 -30 -31 50 -33 33 -35 35 36 -38 38 44 -41 -42 55 52 -45 -46 -47 -48 -49 49 -51 -52 -53 -54 -55 -56 56 -58 -59 -60 -61 -62 -63
leaf_value=-0.053267108764826293 0.058660568477352182 0.063828863061972982 0.11755385141965378 0.019682242677889414 0.042468472946719488 -0.068440754841249937 0.23821195711711549 0.049072766937931833 -0.026286391449129115 -0.038518986091344846 0.046078694989300173 0.086817683325545361 -0.025872145090503864 0.065635184256639029 -0.067786970700563137 0.057671323845054814 -0.082782069532834096 -0.090957704767900341 -0.049492761580602125 -0.053828773465806994 0.042254460866650509 0.074509467802767071 -0.051568097221055945 0.057079447941754846 0.29736889173909842 -0.041134872620257619 -0.050076074386131965 0.037955204749180661 -0.035005210102822884 -0.00062664187925896993 -0.058975948839807051 0.036323488767541205 -0.015361528700658621 0.15469556899017259 0.036083768884142373 0.029591155975894037 -0.054539599745308233 0.063618247819698034 0.050026526662198562 0.072689176677130818 -0.079959795527111618 0.058618592987206231 0.018280665120219301 -0.063132012019722836 -0.095330704644561629 0.10484798295181262 -0.014129406653954638 -0.060167201152681975 0.022522966403992067 -0.070040466838589319 0.043218282283890443 0.064253335143592702 0.052254651957771805 -0.083219986665789739 0.098016389258247558 -0.058478016206266886 0.05273245070016739 0.043549683349680554 -0.090527576893425832 -0.04699424394742896 -0.072342596320371308 -0.06296160900160383
leaf_weight=740.93381698918529 155.67675203969702 3545.7311323331669 404.66815782058984 1594.5074486713856 122.45005978178233 223.76900257496163 17.651034072972838 5422.0741750260349 1458.0531518396456 223.90802265377715 12805.376463573659 540.18759590783156 803.10222061933018 243.98872459074482 618.42262832634151 1171.4103894978762 154.71856168285012 242.43477937579155 362.86537756444886 854.51625425531529 275.61808787495829 36.137736815027893 99.454775377642363 883.33455531625077 62.596612909808755 708.03796605276875 270.68184980470687 1791.457029488869 239.2254048991017 395.0870405160822 156.17120709270239 356.86238438496366 55.63319219276309 98.724718398414552 2530.4106689488981 328.85984112182632 291.29903614567593 276.83457233477384 52.432117796503007 1511.6308696051128 104.86347599234432 4173.5268093659543 353.26889202790335 72.612716488540173 179.30267385952175 159.99350709095597 102.97334038000554 326.33257712749764 258.22009827662259 138.49639694439247 1623.4262041233014 77.410922411829233 1420.4070692607202 172.27161696832627 176.84584158379585 144.98451378662139 276.04481664206833 652.7098295642063 108.84942861413583 75.410865235608071 127.18048287881538 14.295151621801777
leaf_count=149030 2263 1684 325 25120 304 5396 166 76974 48835 5123 40108 2854 56453 195 12196 2330 1584 3405 3904 92440 3982 53 1303 1347 242 9858 4160 4877 1921 1555 852 2121 544 131 30827 8763 26978 116 395 1586 1201 4597 1025 1090 1721 1557 2428 26694 2838 5880 2562 49 2355 1773 110 875 133 950 1349 759 2584 1125
internal_value=0.0330879 0.034319 0.0321722 0.0213831 0.0372258 0.0292903 0.0281646 0.030211 0.0105428 0.0379823 0.0476398 0.0345039 -0.0221713 0.0304822 0.0105093 0.0401029 -0.00245798 0.0332511 0.00387928 -0.0287951 -0.00838772 0.0356791 0.0447193 0.0774353 0.0365044 0.0221441 0.0407073 0.0187358 0.0389325 -0.0349775 0.0463691 0.0807883 0.145544 0.0934041 0.0225039 0.0262501 -0.0103288 0.046492 0.00617748 0.0489288 0.043865 0.0457232 0.0287409 0.0454629 -0.0624423 0.0335983 0.0717857 -0.0455787 0.0297039 -0.0109893 0.0357335 -0.0173922 0.0388439 0.0122769 0.0440495 0.0545699 0.0144363 0.0260524 -0.0221972 0.0378579 -0.0397157 0.103444
internal_weight=52866.4 52125.4 48579.7 15496.2 33083.5 18818.1 13407.3 13049 3695.72 9353.26 14265.4 2237.67 2088.91 18594.3 2263.95 1645.53 474.118 16330.4 1246.87 1933.24 1078.72 15083.5 12977.4 1288 14920.2 3378.09 11542.1 2428.98 2670.05 637.522 2430.83 573.817 216.955 154.358 3931.19 3707.28 620.159 9113.1 508.569 8604.53 7092.89 6988.03 2393.48 12878 231.735 3087.12 643.161 358.279 2927.13 396.716 1857.01 233.582 2122.79 702.386 530.115 4594.56 421.029 884.009 231.299 319.4 163.318 31.9462
internal_count=695955 546925 545241 421300 123941 79768 266162 238177 79237 158940 44173 30402 155138 74372 17064 4868 2538 57308 6507 152875 60435 50801 42501 1672 48164 18280 29884 9837 8422 4960 6501 3038 917 675 81966 76843 35741 20047 2232 17815 16229 15028 9423 41198 2116 41102 5282 27985 39545 8718 3463 901 5263 2908 1135 5605 1008 2603 1653 954 2637 1291
cat_boundaries=0 4 8 12 15 19 23 26 30 34 37 41 45 48 52 56 59 63 67 69 72 73
cat_threshold=2107460 3089138593 753708 64 156108032 1179786304 2181056147 1712 2013529088 1128404032 935348561 785 570429491 25247754 1612718400 3296805425 8921104 757336384 260 55246992 270336 2097152 14 50397184 8192 2097152 56295859 8912896 136314880 164 4719616 105906176 2181039121 1024 0 5184 16656 117670803 8413188 2149842944 46 2198995250 67657728 2149588992 32 50332417 8192 2097152 536870912 327680 8192 3 79708160 1312784 1074792066 128 536875027 16384 1610621184 4096 327680 269484032 11 50331648 0 2359296 12 4737 8388614 129 0 136314880 32
is_linear=0
shrinkage=0.05


Tree=22
num_leaves=63
num_cat=25
split_feature=0 1 41 0 43 0 26 0 0 0 43 28 0 28 0 30 41 44 0 48 0 0 43 43 48 0 43 43 26 0 0 48 0 48 48 0 35 34 0 0 48 0 35 43 0 43 44 48 0 44 28 29 0 0 35 0 47 44 35 0 48 34
split_gain=2087.32 1426.18 1003.69 2691.7 1444.67 2469.36 1170.76 1455.48 1045.12 941.886 721.112 710.258 1657.14 698.224 1198.22 781.003 690.019 684.157 1942.7 608.567 573.365 558.709 539.428 1013.74 601.322 560.084 490.043 484.491 484.372 601.328 472.373 457.729 447.161 443.089 437.217 906.347 428.224 615.564 597.345 587.966 427.458 425.92 422.95 397.033 390.096 603.883 422.322 755.47 940.591 739.018 401.204 387.518 528.61 417.911 383.889 367.816 418.091 334.383 399.409 333.832 329.863 318.043
threshold=0 1.1500000357627871 0.032701563090086053 1 0.71503382921218883 2 -0.010356436949223278 3 4 5 0.30983042716979986 0.0058823532890528449 6 0.021568628028035167 7 0.10924501717090608 -0.88144907355308522 0.60383266210556041 8 0.76095163822174083 9 10 0.67802080512046825 0.57077592611312877 -0.99878430366516102 11 -0.33425341546535486 0.79904097318649303 -0.028619324788451191 12 13 -0.99376606941223133 14 -0.97237932682037342 -0.95187643170356739 15 0.94999998807907116 0.65000000596046459 16 17 0.92346203327178966 18 4.6499998569488534 -0.39826117455959315 19 0.52766072750091564 -0.99761277437210072 0.95233076810836803 20 -0.99273797869682301 0.013725490774959328 1.6289470195770266 21 22 1.0500000119209292 23 0.43354839086532598 0.21652257442474368 3.0499999523162846 24 0.8462619185447694 0.25000000745058065
decision_type=9 10 2 9 2 9 10 9 9 9 2 2 9 2 9 2 2 2 9 2 9 9 2 2 2 9 2 2 10 9 9 2 9 2 2 9 2 2 9 9 2 9 2 2 9 2 2 2 9 2 2 2 9 9 2 9 2 2 2 9 2 2
left_child=-1 2 4 27 8 16 7 61 13 36 30 12 19 14 -2 21 -6 22 54 -10 -12 26 23 24 -13 -26 -15 -4 -18 -30 60 59 -29 -11 35 -33 38 39 -8 42 -17 -35 -38 -40 45 50 55 49 -49 -48 -36 52 -43 -53 -19 -46 -57 58 -52 -27 -9 -5
right_child=1 -3 3 6 5 -7 9 10 11 33 20 17 -14 15 -16 40 28 18 -20 -21 -22 -23 -24 -25 25 31 -28 32 29 -31 -32 34 -34 41 44 -37 37 -39 43 -41 -42 51 -44 -45 46 -47 47 48 -50 -51 57 53 -54 -55 -56 56 -58 -59 -60 -61 -62 -63
leaf_value=-0.053129973953350389 0.02049360032617693 0.061630655755879699 -0.049610014449517729 0.0047070748774456425 -0.068341539109271418 -0.064004924100637003 -0.044572073239491021 -0.039909421744698831 0.047174513869588208 -0.06366582692188015 0.04425816883629307 -0.094403275697116831 -0.081862237404745117 -0.08183496191207032 -0.061795568061554222 0.045885477331794204 0.076662672118245137 0.08497878820638699 -0.055624150871495408 -0.099810794578538753 -0.058143756137420288 -0.034656081558056676 0.07687477584168724 -0.081413977619420402 -0.038758886247261787 0.10775206902146815 0.068561834070077807 0.052027363609314328 0.063849510344492516 -0.051501575796476365 -0.073067850877651053 0.041503491641416999 -0.054458998167806486 -0.056765739791588415 -0.069096976160345699 -0.082283701868935424 0.1264280566734379 0.049969470773003601 -0.019842775764705153 0.059327711565466845 -0.071539712476391834 -0.03387281197882145 0.26885274394607722 0.054083044903697079 0.08987263020064018 0.27554760036313442 -0.087497806489071406 0.053489272685420898 -0.079400054579290891 0.045492553302104853 -0.0032455474273104783 -0.056285910890858382 0.059800941471092786 0.020357986575044187 -0.10277679046649668 -0.059484557226464813 0.055188803476739212 0.11908481739870334 0.072478302000007197 0.051934884417385634 0.039260916907621644 0.047814270291879964
leaf_weight=706.59695395384915 1592.988163029775 4003.0734608597122 1471.2100042579696 607.75227911584079 129.88761917548254 951.68926980602555 217.88666949141771 375.90411720122211 1201.8205722807907 153.69546639313921 494.78742881072685 75.319675217848271 359.87456993455999 65.588012594962493 601.01740212528966 3446.9641427134629 773.86119953589514 528.06676587183028 580.74974935804494 74.803888682508841 178.45702421921305 640.61801206180826 1480.8240967346355 155.92192165902816 183.96881947782822 533.5634521394968 310.91133507923223 251.79942293325439 233.46048520808108 201.38759350334294 731.95302041107789 532.64298204984516 148.80234218272381 152.70942720002495 52.526821253588423 193.41199839673936 306.33803346427158 2512.0729154159781 212.62919906689785 500.63255913555622 79.284278051694855 169.80056192050688 62.815097474493086 1245.5706920651719 925.55468969326466 35.413459973409772 105.30735841020942 242.95494689512998 272.61350018531084 12999.874645009637 207.32207724102773 184.41893365071155 1155.9592140535824 2175.7959719500504 28.704337464179844 90.885990953072906 633.63646673969924 298.18745262827724 1087.9424916016869 689.61831216746941 202.41224462212995 1445.7619907022454
leaf_count=149030 12148 2279 74900 16836 4822 51770 14473 5940 3096 4871 4427 1076 8152 2276 20325 13092 3474 5307 43564 884 7004 20358 1387 3236 5640 344 3486 3509 2496 5039 21472 957 15530 12123 1645 3282 955 4662 5726 2409 1871 6592 313 15587 727 149 1462 464 4521 40404 5374 8413 13158 20068 292 1043 715 1196 2119 1145 1132 5208
internal_value=0.0317943 0.032962 0.0305558 0.019833 0.0354763 -0.00281417 0.0278453 0.00547532 0.0383697 0.0378546 -0.0250235 0.0433371 0.0115798 0.0208952 -0.00223663 0.0321117 0.0408629 0.0457262 0.00796854 0.0382622 0.0169082 -0.00648756 0.0477913 0.0455618 0.0465951 0.0471515 0.0412659 -0.036143 0.0529361 0.0107119 -0.04676 0.0479828 0.0124126 0.0195306 0.0459615 0.00796646 0.0521764 0.0625216 0.031614 0.0987742 0.0432453 0.0229126 0.146689 0.0430085 0.0475888 0.0708396 0.0449529 0.0420883 -0.0172802 0.0444239 0.0668657 0.0262963 0.047999 0.0142171 0.0739705 0.068872 0.0402484 0.0713476 0.0603578 0.0775884 -0.0119922 0.0348865
internal_weight=52268 51561.4 47558.3 14959.2 32599.2 2290.29 13087.4 4037.03 30308.9 9050.32 1983.51 23571.5 1636.5 6737.37 2194.01 4543.37 1338.6 21935 1137.52 1276.62 673.244 1017.12 20797.5 19316.7 19160.7 19085.4 376.499 1871.81 1208.71 434.848 1310.27 18901.5 400.602 3992.38 17678.3 726.055 5057.95 3381.86 1676.09 869.786 3526.25 3838.68 369.153 1458.2 16952.2 1681.39 15270.8 13620.8 515.568 13105.2 1645.98 3685.97 1325.76 2360.21 556.771 1650.08 724.522 1593.45 1295.26 1223.18 578.316 2053.51
internal_count=695955 546925 544646 265308 279338 67601 171369 62019 211737 109350 39975 138181 12132 73556 32473 41083 15831 126049 49163 3980 11431 26120 76886 75499 72263 71187 5762 93939 11009 7535 28544 65547 19039 65225 64058 4239 44125 8339 35786 3677 14963 60354 1268 21313 59819 10483 49336 46851 4985 41866 10334 48231 19750 28481 5599 2485 1758 8689 7493 1489 7072 22044
cat_boundaries=0 4 8 12 16 20 24 28 32 36 39 43 46 50 54 58 62 66 69 73 77 80 84 88 91 94
cat_threshold=2107460 3089138593 753708 64 2484895744 1079187530 117448339 1176 1879048704 25239568 810565632 526 16908579 58737664 3229622592 512 51529010 67919874 3224372354 1698 1115834160 270336 547619072 262 1619067009 50331656 813699648 4 50462992 2 2147484800 2 604045312 8388608 8192 4 1656750592 8196 406863872 1048624 2 0 160 0 4160 8705 0 65552 269484032 514 1208025232 67108864 536870912 4 268435456 65546 0 8 593920 8388608 876609600 12 1328 8192 2359296 2 33555232 8192 10485760 2 33570816 2147491840 512 134479872 1077936128 83888128 273 1 0 536887296 65664 83887120 4194304 32 138412032 0 1209024512 1 1073746561 50331648 536871232 2155872256 0 343951632
is_linear=0
shrinkage=0.05


Tree=23
num_leaves=63
num_cat=0
split_feature=1 35 41 26 28 43 35 42 28 43 36 42 43 42 43 43 21 28 43 43 42 26 43 26 39 18 23 43 18 37 11 26 21 43 17 43 30 41 23 43 18 40 38 35 28 28 40 34 36 35 38 28 35 37 43 42 43 43 43 39 43 43
split_gain=1489.77 1139.06 846.503 1112.46 794.794 765.288 814.787 717.999 858.596 764.262 691.807 646.192 629.888 1101.19 586.69 1103.46 904.766 621.228 593.779 1439.08 1056.03 831.879 573.02 729.698 582.348 559.902 549.848 544.772 520.727 638.046 857.179 490.089 487.625 503.111 481.598 438.83 421.713 826.196 551.396 392.823 387.958 379.469 376.12 374.729 606.199 577.933 568.035 458.782 474.43 401.311 359.209 350.872 957.791 388.139 368.128 1205.86 398.617 347.809 356.879 463.497 340.684 345.72
threshold=1.1500000357627871 1.0000000180025095e-35 0.032701563090086053 -0.053001975640654557 0.0058823532890528449 -0.99275806546211232 3.4500000476837163 -0.16280825436115262 0.0098039219155907648 -0.93545487523078907 2.5000000000000004 0.93540480732917797 0.71503382921218883 -0.58216583728790272 0.67802080512046825 0.57077592611312877 -0.11250000074505805 0.021568628028035167 -0.94705909490585316 -0.33425341546535486 -0.72947329282760609 0.021300013177096847 -0.9413962960243224 0.0033881090348586444 0.65450000762939464 4.0499999523162851 0.31612257659435278 -0.48314717411994929 2.0499999523162846 1.9674999713897707 91.875000000000014 -0.028619324788451191 -0.18333333730697629 0.9837264120578767 0.22500000149011615 -0.20180235803127286 0.18093390762805941 -0.81241145730018605 0.86689975857734691 -0.96689236164093006 7.3875000476837167 5.0030000209808358 11.500000000000002 1.9499999880790713 0.054168537259101875 0.058037718757987029 4.6029999256134042 0.55000001192092907 4.5000000000000009 8.8499999046325701 11.500000000000002 0.055752867832779891 2.7500000000000004 17.360499382019047 0.40614137053489691 -0.63405361771583546 0.35846313834190374 -0.76141706109046925 -0.46038399636745447 0.17249999940395358 -0.87812310457229603 -0.63921129703521717
decision_type=10 2 2 10 2 2 2 2 2 2 2 2 2 2 2 2 10 2 2 2 2 10 2 10 2 10 10 2 10 2 2 10 10 2 10 2 2 2 10 2 10 2 2 2 2 2 2 2 2 2 2 2 2 2 2 2 2 2 2 2 2 2
left_child=1 7 4 -4 5 -3 -7 28 10 42 11 -9 14 31 15 16 17 50 25 20 34 27 23 -5 39 -18 -23 40 29 35 -31 -14 -24 43 -20 -1 -27 -38 -39 -25 -22 -11 -10 45 47 -34 -46 48 -45 60 -6 54 -53 -54 55 56 -21 -12 -59 -60 -50 -62
right_child=-2 2 3 22 12 6 -8 8 9 41 57 -13 13 -15 -16 -17 18 -19 19 51 21 26 32 24 -26 36 -28 -29 -30 30 -32 -33 33 -35 -36 -37 37 38 -40 -41 -42 -43 -44 44 46 -47 -48 -49 49 -51 -52 52 53 -55 -56 -57 -58 58 59 -61 61 -63
leaf_value=-0.054326102368179009 0.060437449564223727 0.044008930007513915 -0.044618620081935186 -0.024505642479701471 0.043948676756333592 0.0092524551386650288 -0.080427852258865853 -0.083951712098153108 0.049159366022277946 -0.038248835411895728 -0.035379124154679524 0.33568397405436007 0.051610979548367901 -0.065778816862559028 0.068157146798829379 -0.064566720905155264 0.060496455200462651 -0.051622074613409834 -0.044827120956303868 -0.03227094549635693 0.026173496346947097 -0.045377574641508711 -0.026895610603442994 0.044132860854151142 -0.052880232196140124 0.048510645933657122 0.026536566038186372 -0.082637406033339841 0.064728892442443453 0.060852413664316853 -0.037614352746785422 -0.016911535300183068 0.006719808700720635 -0.061892965595505826 0.01689968921433271 0.066398751406682555 0.039372466618234611 -0.079000987657341593 0.048069130602693216 -0.091738189886930291 0.060727843558219412 0.051656258640500587 -0.06966317823497549 -0.020679127228918716 -0.04154376587412148 0.060684602563971346 0.073229518875115376 0.039139764882815918 0.14448175363609247 -0.074887310960529099 -0.058285613562113682 0.05949035707839706 -0.078569828539499523 0.061400923411388635 0.077587817745457741 0.056161233382712061 0.090083608088153827 0.078685513334696741 0.056529354428618631 -0.061492109161441759 -0.064687265006100447 0.08589390658649243
leaf_weight=85.808677793014795 3872.4056574387942 727.24123133043759 627.02324947039597 1248.6820123835932 501.46459905174561 729.26203053235076 388.0403647639323 12.526832289993761 476.70471512642689 2071.3102157393005 182.13499736227095 34.275251760613173 861.43185274745338 387.1884979440365 1716.4252044423483 259.92451613815501 5723.5670519268606 440.45924787549302 881.19868974178098 555.28414568281732 1655.8828270325903 555.30816152738407 363.7651370097883 1299.4074330520816 199.7438335660845 2384.8205901393667 509.83191367518157 88.454119194066152 717.79589301091619 308.6560459730681 778.44224390015006 374.33989219856448 2201.2836861154065 139.81191294337623 492.65554211498238 613.10567783587612 975.14025514130481 309.79057954670861 117.84927220153622 55.46720751747489 1594.4968612496741 124.41725087654777 77.414657761109993 110.1483583135996 386.51022995286621 640.48572110687383 149.50216038106009 4209.0409441394731 256.12767710979097 35.630205868044868 103.68517427449115 532.32142760371789 250.122602352174 61.757082337513566 1231.5007104966789 4546.9095685167704 75.633163418620825 339.56100586568937 195.17718673264608 144.98413541028276 41.018646109849215 538.91284408676438
leaf_count=9770 2497 1630 14156 15032 1847 9978 3443 622 6335 201742 13013 181 4683 8630 2358 4653 9464 5333 13128 8607 11711 8550 6067 5131 2639 4675 880 2001 10307 428 87238 6065 71056 8333 2446 23073 1897 2639 86 1298 3984 4209 5099 1932 5540 9441 175 13816 886 916 1471 5530 2394 65 2745 11732 357 7811 2664 15562 1681 4323
internal_value=0.0306119 0.0281904 0.0311666 0.0202894 0.0358509 0.00408953 -0.0218936 0.00813034 -0.00598881 -0.0199126 0.0361484 0.223366 0.0380057 0.00780049 0.0399233 0.0378912 0.0390202 -0.00644798 0.0411292 0.0341965 0.0155795 0.0275187 0.0237165 0.00395814 0.0268205 0.0506278 -0.0109557 0.0397926 0.0287609 0.0143054 -0.00965703 0.0308541 0.0298218 0.0321909 -0.0226923 0.0515768 0.035715 0.0139614 -0.0439829 0.0385704 0.0431244 -0.0331545 0.032559 0.0337261 0.0410917 0.0188825 -0.00953172 0.0463191 0.0770959 0.089451 0.0264321 0.0490259 0.0187252 -0.0508534 0.053017 0.047173 -0.0176033 0.0259818 0.0424238 0.00622605 0.0964546 0.0752433
internal_weight=51569.3 47696.9 41534.5 12502.6 29032 1844.54 1117.3 6162.31 3658.51 2749.85 908.659 46.8021 27187.4 1622.96 25564.5 23848.1 23588.1 1045.61 22542.5 13031.4 5777.83 4403.97 11875.5 2803.3 1554.62 9511.17 1065.14 3338.83 2503.81 1786.01 1087.1 1235.77 9072.24 8708.47 1373.85 698.914 3787.6 1402.78 427.64 1354.87 3250.38 2195.73 554.119 8568.66 5726.89 2841.77 536.012 5190.88 981.838 871.689 605.15 7253.53 844.201 311.88 6409.33 5177.83 630.917 861.857 679.722 340.161 836.059 579.931
internal_count=695955 693458 305404 162422 142982 15051 13421 388054 257238 217385 39853 803 127931 19378 108553 106195 101542 8651 92891 74130 42700 27126 148266 24100 9068 18761 9430 17696 130816 120509 87666 10748 124166 118099 15574 32843 9297 4622 2725 6429 15695 205951 11434 109766 29269 80497 5715 23554 9738 7806 3318 31430 7989 2459 23441 20696 8964 39050 26037 18226 6890 6004
is_linear=0
shrinkage=0.05


Tree=24
num_leaves=63
num_cat=23
split_feature=0 1 41 0 43 0 26 0 0 0 42 20 0 28 0 44 0 28 0 30 42 48 0 43 0 43 48 0 0 0 0 0 48 44 44 48 0 44 43 43 48 0 41 48 48 48 0 43 43 48 0 48 44 7 44 42 0 43 43 26 0 44
split_gain=1866.39 1377.05 890.289 2398.86 1227.17 2244.22 970.498 1312 956.129 821.932 791.033 715.798 721.096 571.72 1327.8 599.965 1574.89 526.944 1166.65 679.446 528.35 496.21 479.877 477.461 568.05 439.409 434.476 721.807 642.367 434.031 419.748 399.407 395.229 384.323 399.587 811.143 727.016 379.189 368.081 853.157 653.109 481.128 354.501 349.022 336.892 360.375 548.265 334.04 624.981 586.25 334.83 332.25 323.636 382.783 320.367 317.123 306.549 424.533 829.364 456.584 608.58 317.978
threshold=0 1.1500000357627871 0.032701563090086053 1 0.71503382921218883 2 -0.010356436949223278 3 4 5 -0.47114434838294977 -0.14583333581686017 6 0.0058823532890528449 7 0.60383266210556041 8 0.021568628028035167 9 0.10924501717090608 -0.52778512239456166 0.76095163822174083 10 -0.44504626095294947 11 0.79904097318649303 0.52854865789413463 12 13 14 15 16 0.92346203327178966 -0.99465739727020253 -0.15101602673530576 -0.88906526565551747 17 -0.15101602673530576 0.67802080512046825 0.57077592611312877 -0.99809643626213063 18 0.88144907355308544 0.024595346301794056 -0.99376606941223133 -0.9662700593471526 19 0.52766072750091564 0.42179998755455023 -0.25834974646568293 20 0.3373312652111054 -0.65233206748962391 0.84999999403953563 -0.97874867916107167 0.16280825436115268 21 0.3903625756502152 0.22700754553079608 -0.055853188037872308 22 -0.99761277437210072
decision_type=9 10 2 9 2 9 10 9 9 9 2 10 9 2 9 2 9 2 9 2 2 2 9 2 9 2 2 9 9 9 9 9 2 2 2 2 9 2 2 2 2 9 2 2 2 2 9 2 2 2 9 2 2 10 2 2 9 2 2 10 9 2
left_child=-1 2 4 25 8 10 7 -5 17 33 -6 12 51 14 21 38 -17 18 -2 20 -19 -13 -22 29 54 -4 27 37 42 43 -12 -27 -21 -8 35 -35 -36 52 39 40 -15 -42 -28 -9 -43 46 -46 48 56 -49 -51 -10 53 -11 -25 -56 -47 58 59 60 -58 -61
right_child=1 -3 3 6 5 -7 9 23 11 26 30 13 -14 15 -16 16 -18 19 -20 32 22 -23 -24 24 -26 31 28 -29 -30 -31 -32 -33 -34 34 36 -37 -38 -39 -40 -41 41 44 -44 -45 45 47 -48 49 -50 50 -52 -53 -54 -55 55 -57 57 -59 -60 61 -62 -63
leaf_value=-0.053116016633851994 0.020454016327855304 0.059789795126153539 -0.048647549197171396 0.035788541285910212 0.057354954325951293 -0.065708347930092281 -0.07555932135776533 -0.076277501270588202 0.043167815023920218 -0.048398406381672684 0.071517319837291995 0.046498966815901398 -0.046374261764768464 -0.092869069827835271 -0.078803815936799179 0.067064370281013419 -0.05313550336256434 -0.056591482770988494 -0.060695788246272642 0.042309948433035538 0.048677286140884582 -0.096219767290104882 -0.033575220682498984 -0.07011599141972831 -0.063510641586349434 0.048273402199315502 0.061488458509708924 -0.056446413227936199 -0.031986322776403342 -0.072229848818956569 -0.065275681158525167 -0.054181343940143338 -0.064635556517749493 -0.071206768311220414 -0.066121039488954189 0.06284041513873978 0.039965399436458285 -0.02096213123733822 0.073447975556963571 -0.078689209463959006 -0.0365511726083547 0.074930926678917431 -0.029418405711588963 0.026083377902980771 0.043623266002703283 0.058137138826440053 -0.078269078083551144 0.17371525146370193 -0.085344701913510068 0.077909405088323835 -0.076770644044411876 -0.046744775195253427 0.047003073809688045 0.050754257442107965 0.041149837660506963 -0.066314327440092566 0.04482425167355214 0.080861757056646388 -0.083477588031282357 0.066648412485126568 -0.080512361883705044 0.039868177028395207
leaf_weight=667.9146116154734 1745.7890656488016 3731.5995713388547 1427.347299376037 1851.0482057898771 1064.8305843039416 859.62707051215693 62.649685250129551 119.10825499123894 775.92270383704454 233.09358349372633 65.1567488075234 1027.6243709535338 443.10555143863894 83.912131726974621 304.66686023003422 549.87764456681907 521.31889324262738 345.28973885835148 582.30794560653158 3480.5207489139866 465.25030388007872 64.74056644923985 275.33190547162667 87.815098715014756 253.89320104732178 249.77483299584128 1119.507122925017 411.18937731534243 271.37607110338286 617.55675224307925 231.26263663638383 140.64913897356018 88.588966959854588 116.68241157266311 173.0850153779611 3440.8461171591189 1470.571905544959 494.61150862579234 1244.2149538586382 137.64390201866627 167.17586684576236 1072.4223438473418 118.60343415988609 276.82351889810525 233.80546444281936 4495.0875971927308 138.43074147659354 139.63440651865676 89.821889548096806 93.435824684798717 44.215178437065333 118.42772625642829 905.04193042078987 167.13130633253604 701.52310695312917 76.096578486496583 202.51337753050029 666.52069450449198 134.90990775451064 1278.3883418231271 168.64798781904392 8337.2751302840188
leaf_count=149030 13275 2279 74900 19485 5855 50913 1405 2376 1708 4872 576 2707 4576 1198 7563 5532 42048 9783 20325 13591 5509 772 11843 1382 12983 3509 6864 22271 9887 14525 10257 15530 1953 2865 8411 16258 17363 11636 1291 3089 5156 1149 3484 2141 419 14006 2466 167 2065 44 579 1055 3643 391 4538 4589 504 592 2301 1616 2300 30555
internal_value=0.0294575 0.0305595 0.0282215 0.018088 0.0329425 -0.00290067 0.0256204 0.00509934 0.0356394 0.0347484 0.0369734 0.0406522 0.00519387 0.0429087 0.0119949 0.04509 0.00869677 0.0193778 -1.61761e-05 0.0291189 -0.00551321 0.0376955 0.0183016 -0.021602 0.000807627 -0.0355948 0.016605 0.00253193 0.0373289 -0.046565 -0.0349963 0.011213 0.0396555 0.0474508 0.0490237 0.0584438 0.0286349 0.0162292 0.0471716 0.0453017 0.0462855 0.046962 0.0523573 -0.00459384 0.0477721 0.0459841 -0.00263797 0.0471406 0.0461595 0.101531 0.028307 0.0309161 0.0304467 -0.0069929 0.0201774 0.0306336 0.0469324 0.0421708 0.0396646 0.0413281 -0.0130876 0.0434286
internal_weight=50923.2 50255.3 46523.7 14786 31737.7 2220.88 12968.3 3983.86 29516.8 8984.39 1361.25 22533.7 1337.46 21196.3 1397.03 19799.3 1071.2 6983.08 2328.1 4654.98 1085.87 1092.36 740.582 2132.82 1119.33 1817.77 3720.55 2211.07 1509.49 1013.49 296.419 390.424 3569.11 5263.84 5201.19 3557.53 1643.66 1799.88 18728.1 17483.8 17346.2 17262.3 1238.11 395.932 17095.1 16022.7 372.236 15650.5 15373.2 277.285 137.651 894.35 1305.27 400.225 865.435 777.62 15283.3 10788.3 10121.7 9986.82 371.161 9615.66
internal_count=695955 546925 544646 265308 279338 67601 171369 62019 211737 109350 16688 135458 7339 128119 11042 117077 47580 76279 33600 42679 27135 3479 17352 42534 23492 93939 63048 42813 20235 19042 10833 19039 15544 46302 44897 19123 25774 20542 69497 68206 65117 63919 10348 4517 58763 57614 2885 54729 53939 790 623 2763 8906 5263 10509 9127 51874 37868 37276 34975 2804 32171
cat_boundaries=0 4 8 12 16 20 24 28 32 36 40 44 47 51 55 59 62 66 69 72 75 78 82 85
cat_threshold=2107460 3089138593 753708 64 2484895744 1079187530 117448339 1176 1879048704 25239568 818954240 526 16908546 58737664 3229622592 512 51529010 67919882 3224372354 1698 1115834161 270336 547619072 262 273481857 0 1015040080 276 1619067009 50331648 813699648 4 604045312 8388608 8192 4 50462992 10 2147484800 2 1179952 524296 0 160 1656750721 8196 943734784 687870080 25166852 406847552 32 541130880 76021776 1347436608 1 1208025264 67108864 0 4 0 0 268435456 268435456 65546 0 8 33555729 0 262400 0 4160 8705 593920 8388608 335544384 1 0 268435456 135073792 1078067200 620757056 257 536871041 16777220 4194304
is_linear=0
shrinkage=0.05


Tree=25
num_leaves=63
num_cat=20
split_feature=0 1 35 0 0 21 0 42 0 0 28 43 44 28 0 42 43 44 0 48 44 44 48 44 18 0 34 44 48 0 44 35 0 48 44 18 24 0 0 43 44 48 28 0 43 0 47 0 28 11 48 35 0 42 0 48 48 46 10 0 0 28
split_gain=1754.83 1291.71 917.121 2435.26 948.829 648.814 771.459 592.195 1436.69 686.816 559.654 520.29 478.107 467.223 1020.99 497.607 448.869 416.319 690.216 596.714 454.583 875.941 626.576 379.804 398.083 379.051 349.422 347.675 755.934 913.384 547.37 691.12 462.986 440.395 770.345 338.622 331.286 325.555 277.986 272.294 263.366 258.913 258.514 1111.45 522.113 507.983 719.255 471.175 487.182 447.995 383.218 363.489 280.728 277.646 430.293 251.181 362.631 247.815 244.123 529.062 242.164 241.617
threshold=0 1.1500000357627871 1.0000000180025095e-35 1 2 -0.18333333730697629 3 -0.16280825436115262 4 5 0.0098039219155907648 0.91939014196395885 0.14888729155063632 0.0058823532890528449 6 -0.52778512239456166 0.9837264120578767 0.2332836911082268 7 -0.050541149452328675 -0.95242238044738758 -0.99983122944831837 0.94866424798965465 -0.39827153086662287 20.354166984558109 8 0.35000000894069677 -0.90892156958580006 0.59070163965225231 9 -0.77243989706039418 0.25000000745058065 10 0.85232898592948925 -0.94137725234031666 85.416667938232436 -0.0037937848828732963 11 12 -0.87812310457229603 0.80290535092353832 0.42958889901638037 0.036731028929352767 13 -0.99940761923789967 14 0.35293792188167578 15 0.059600444510579116 69.958332061767592 0.69322791695594799 0.15000000223517421 16 -0.88144907355308522 17 -0.24663212895393369 0.31436166167259222 -0.48144422471523279 35.041666030883796 18 19 0.076470591127872481
decision_type=9 10 2 9 9 10 9 2 9 9 2 2 2 2 9 2 2 2 9 2 2 2 2 2 10 9 2 2 2 9 2 2 9 2 2 10 10 9 9 2 2 2 2 9 2 9 2 9 2 2 2 2 9 2 9 2 2 2 2 9 9 2
left_child=-1 2 3 7 11 6 36 9 10 41 37 13 23 14 15 -4 35 20 19 -19 21 -15 27 24 -12 -24 60 33 30 -30 31 -29 -32 34 -22 38 57 -9 -7 -11 -41 -2 43 -40 -44 46 52 51 49 -49 -48 -46 55 54 -51 -45 -57 -6 59 -34 -23 -42
right_child=1 -3 4 -5 5 16 -8 8 -10 39 12 -13 -14 17 -16 -17 -18 18 -20 -21 22 26 25 -25 -26 -27 -28 28 29 -31 32 -33 58 -35 -36 -37 -38 -39 42 40 61 -43 44 45 47 -47 50 48 -50 53 -52 -53 -54 -55 -56 56 -58 -59 -60 -61 -62 -63
leaf_value=-0.052899270420863911 -0.056325091103008741 0.059139457883879532 0.052632262801947251 -0.047884051167684329 0.022667862848567217 0.044104799418251829 -0.05514445678588719 0.083055604015501744 -0.049116649050030756 -0.06688221651407332 -0.035722785033297781 -0.06279361706225349 -0.049897404847464771 0.050778411385221212 -0.078586586750929319 -0.089891221895071038 -0.045305610829309589 -0.078104415345874326 -0.064929160394864724 0.04812901082174334 0.049173028845011173 0.062900044535438598 0.039856139589943253 0.061072032337851224 0.083130929130617981 -0.078892385664067533 -0.077128613396442058 0.092011964053029985 0.028125683688458775 -0.086038272376248323 -0.06601872726377149 -0.078140412266781117 0.031452091078454585 0.07193835963059933 -0.081337807116411184 -0.077993820374155212 0.044214749602156336 -0.050381421864175692 -0.068780014218074476 0.074556558561286665 -0.051912573487826276 0.025170676512959924 -0.11751601854177206 -0.067189941880076834 -0.064513357745214703 0.038762590308182132 0.043704751680248337 -0.12621891813534025 -0.073939655604131738 0.027741367059685912 -0.073851223466728941 0.05249467084985087 -0.07437478060486119 0.038225891789096134 -0.066595540937241737 0.046457149925139718 -0.059659518015995006 -0.067251431087433797 0.039700074029961889 -0.092623456850541019 -0.049562704671710311 0.088214926340637101
leaf_weight=636.92960865120403 173.46153883147053 3567.3500583097339 419.64319665171206 1402.3113643627148 171.65074954484589 11347.401060104137 402.05180273740552 580.3486115061678 690.48739445512183 38.473730254685506 282.46596015896648 192.22661258256994 228.72961651068181 372.69281807914376 357.84901958052069 71.707636693958193 163.4827811724972 116.10103659890592 338.91921790339984 483.42901095515117 493.48239593068138 89.159111803397536 93.698369288817048 478.06391437677667 93.861534017138183 201.72924586408772 360.62761369743384 81.079596905037761 388.55890176561661 305.13146349042654 103.71199330384843 226.09496671729721 343.20930373808369 1044.5638079398777 146.67112373118289 62.993567644851282 730.33542802580632 46.562664666213095 285.19219000986777 1328.6394888050854 82.433216704055667 222.43402561289258 52.637797748437151 133.79723942512646 67.315890919649974 4962.1937689539045 923.57044372800738 45.294386015273631 116.42113053938374 398.06077210465446 74.952113885432482 4745.3854963083286 232.29467609943822 2923.1641118093394 161.75336670549586 253.19328590668738 118.04151222202927 138.40760278888047 5739.9147870317101 103.53568808315322 83.010396303376183 49.07694537146017
leaf_count=149332 9367 2241 829 182526 792 58858 5961 2931 43754 1754 8757 8899 16564 630 7361 1022 5683 2557 13899 2524 1168 336 256 4905 527 4023 4861 1481 1295 6330 2986 5187 445 608 2743 522 1898 2835 6617 14816 9573 5346 522 1097 2451 20777 2467 417 2596 1691 798 14090 2544 12219 2287 457 1038 1274 18315 871 4986 242
internal_value=0.0290907 0.0301411 0.0279164 0.00912864 0.0305486 0.0355403 0.00287849 0.0277898 0.0113609 0.0487534 0.0358585 0.0187974 0.0143065 0.020124 -0.0156231 0.0311975 0.037294 0.0228551 -0.00901069 0.0232949 0.0257935 -0.00802073 0.029096 0.0314945 -0.00607895 -0.0425512 -0.0491509 0.0314541 0.0267239 -0.0229261 0.0319443 -0.0332282 0.0351269 0.0519258 0.0192706 0.037796 0.0255851 0.073666 0.0380677 0.0639892 0.0678758 -0.0102771 0.033596 0.0264878 0.0394683 0.0306012 0.00718218 0.0404453 0.0266226 0.0300163 0.0348806 0.0507526 -0.030231 0.0320481 -0.000210507 -0.00828976 0.0127152 -0.0174714 0.0368696 0.00132761 0.00945153 0.000380189
internal_weight=50568 49931 46363.7 5697.35 40666.3 28509.6 1442.45 4295.04 2400.52 1894.52 1710.03 12156.7 1083.12 11964.5 849.2 491.351 27067.1 11115.3 938.449 599.53 10176.9 905.49 9271.38 854.391 376.327 295.428 532.797 8975.95 7291.24 693.69 6597.55 307.175 6290.37 1684.72 640.154 26903.7 1040.39 626.911 26840.7 1498.62 1460.15 395.896 15493.3 6983.24 8510.03 6698.04 1735.85 8457.4 3644.69 3528.27 998.523 4812.7 737.327 3482.98 559.814 505.032 371.235 310.058 6186.66 446.745 172.17 131.51
internal_count=696138 546806 544565 303897 240668 147056 9925 121371 80273 41098 36519 93612 30753 84713 9212 1851 137131 75501 18980 5081 56521 10813 45708 14189 9284 4279 10183 41429 36910 7625 29285 6668 22617 4519 3911 131448 3964 5766 130926 26385 24631 14713 72068 35795 36273 29178 8401 35751 19210 16614 3265 16541 5136 16197 3978 2592 1495 2066 19631 1316 5322 9815
cat_boundaries=0 4 8 12 15 19 23 26 30 31 35 39 43 47 50 52 55 57 60 64 66
cat_threshold=2107460 3089138593 753708 64 1183470257 97058820 839919936 15 123228432 81336334 1062018 1704 805503489 9280 887357521 1140986032 0 805316672 6 67240112 0 805314624 6 16777488 10 4096 55050256 4718592 0 8 16777472 4352 12 0 32 68157440 0 8192 128 67239936 0 268443712 6 411304960 1107312656 2105559632 272 2147483680 262208 4194304 66176 16916480 2147549856 17178688 39845888 65664 8192 1610743808 0 262401 21499904 65536 0 40 4096 8388608
is_linear=0
shrinkage=0.05


Tree=26
num_leaves=63
num_cat=0
split_feature=5 35 44 18 42 28 39 48 48 21 30 48 44 44 48 38 28 42 48 19 47 28 44 38 44 26 10 44 48 48 44 18 48 48 48 48 30 44 48 48 48 35 35 35 18 28 44 32 28 44 28 29 24 47 42 42 25 44 38 48 26 33
split_gain=1268.23 1010.6 692.014 834.867 614.186 827.37 612.091 536.894 1120.85 688.445 683.351 516.634 470.619 766.518 708.095 608.388 468.923 476.303 497.563 449.153 440.021 502.133 439.298 454.551 481.861 426.33 420.219 419.911 1540.09 1354.55 1246.57 1558.92 919.302 2048.68 625.922 689.589 620.652 643.564 596.872 547.354 546.52 539.582 507.36 493.358 489.215 474.591 464.714 1206.6 462.895 667.16 512.388 459.152 426.982 419.454 412.312 410.13 393.887 384.376 372.578 403.292 366.336 363.249
threshold=0.15000000223517421 1.0000000180025095e-35 0.046214086934924133 44.049999237060554 -0.16280825436115262 0.0098039219155907648 0.2559999972581864 -0.99376606941223133 -0.97521814703941334 -0.18333333730697629 0.083019942045211806 0.42958889901638037 0.011826144531369211 -0.082691941410303102 0.3601794987916947 12.500000000000002 0.046430176123976714 0.63405361771583568 -0.92625963687896717 4.5000000000000009 -0.48117816448211664 0.040600210428237922 0.14888729155063632 11.500000000000002 -0.39827153086662287 -0.027967803180217739 1.0000000180025095e-35 -0.89404255151748646 -0.77313542366027821 0.94480291008949291 -0.52034142613410939 2.6833333969116215 0.85232898592948925 0.42958889901638037 -0.14992911368608472 0.024595346301794056 0.17824507504701617 -0.15101602673530576 0.58043959736824047 0.62932616472244274 -0.075979080051183687 9.7500000000000018 5.4500000476837167 0.45000000298023229 26.050000190734867 0.056927841156721122 -0.18493013828992841 0.05172413773834706 0.046430176123976714 -0.63919836282730091 0.013725490774959328 1.3284900188446047 -0.030476198531687256 -0.39352868497371668 -0.72947329282760609 0.63405361771583568 0.60500001907348644 -0.9852197766304015 2.5000000000000004 0.55995538830757152 -0.00031434306583832944 0.55000001192092907
decision_type=10 2 2 8 2 2 2 2 2 10 2 2 2 2 2 2 2 2 2 2 2 2 2 2 2 10 2 2 2 2 2 10 2 2 2 2 2 2 2 2 2 2 2 2 10 2 2 2 2 2 2 2 10 2 2 2 10 2 2 2 10 2
left_child=1 4 7 6 11 58 -4 10 25 16 -3 53 13 19 -14 -15 17 18 -10 27 21 -8 23 24 57 -9 -20 28 -11 30 31 51 33 34 -30 -36 40 38 44 -39 41 -32 45 52 -38 -37 47 56 50 -50 -45 -29 -33 -1 -43 -22 -42 -7 59 -6 -51 -53
right_child=-2 2 3 -5 5 22 20 8 9 12 -12 -13 14 15 -16 -17 -18 -19 26 -21 55 -23 -24 -25 -26 -27 -28 29 32 -31 36 43 -34 -35 35 42 37 39 -40 -41 46 54 -44 48 -46 -47 -48 -49 49 60 -52 61 -54 -55 -56 -57 -58 -59 -60 -61 -62 -63
leaf_value=0.035423968645902651 0.059739535153343237 -0.03931142232272844 0.032639612298780978 -0.089047226384843525 -0.064222761309852258 0.031802068064970671 -0.0091223605774725363 0.0056588484141194021 0.059184209986576822 -0.058033051006578976 0.061372689887796178 0.045710547736922902 0.061445574151961217 0.004645652540228952 -0.051726959120908571 -0.10447096434721843 -0.072314488100710769 0.040279980684665651 0.084686271417141662 -0.041543254144045479 -0.0017445606564694593 0.045915756102021428 -0.052109310744000853 -0.046550027536911127 0.040440315758155057 -0.080247870292613821 -0.061814242129790233 -0.068697993874736157 0.05274887084120581 -0.034421106754284607 0.067171557916648375 0.28607228631993975 0.063757130040483251 -0.069079891333533136 -0.083589214854930455 -0.07006770233193578 0.047760416146921496 -0.1243501517738 -0.090810384036415281 0.020804307718556909 0.051442676305592884 -0.10768111748749128 0.053316996336941105 -0.053147522794920736 -0.017239113478441176 0.060678458343054034 0.052547851235277387 -0.070084708811875299 -0.095254124593774081 0.056010590132240468 0.04104183772359319 -0.032883020303508211 0.067753059392553869 -0.027603417631225632 0.031263278964004541 -0.064153293130133585 -0.030584140896340446 -0.04948912543421944 0.024924408400751299 0.22527627761503163 -0.078744309856036324 0.013619458557152435
leaf_weight=466.47709031309932 2963.9179923248012 181.55848467582837 3704.0632554735057 186.46095864963718 16.198676215484738 222.09101366368122 700.83304613549262 279.2409307458438 148.47208671853878 369.48048385092989 2347.4079668824561 1419.6997588302474 2241.7383491229266 781.45254989573732 147.29452897445299 152.70621823193505 203.41133908415213 630.5681546907872 55.163407124578953 200.81379533046857 1937.1587689123116 1014.0053871339187 795.8770930825267 524.48515258450061 616.34705409919843 299.1280884637963 434.44466804945841 406.59963795193471 3304.2974851196632 809.83868325827643 3789.5581745430827 23.370152103947476 4039.6180026251823 458.77246390888467 170.02482554432936 204.44576686783694 1583.599372883793 133.51122998190112 97.655359253752977 126.46096151298843 936.74830175121315 72.493725502630696 591.9336579083465 154.78681363421492 354.23397538298741 105.08009429834783 1639.9780066264793 331.43860770412721 180.299294014927 232.00759693630971 2149.5087393310387 834.54148216941394 537.14659015764482 608.09207499399781 202.64427887438796 304.65214562299661 173.45164127321914 421.1942755789496 895.18476585764438 46.746252273209393 64.443956685718149 845.30845702067018
leaf_count=29692 1795 2827 24327 2331 562 5039 12212 2315 395 7863 4946 48313 1832 4960 1964 3485 4065 3220 13 5996 37345 11554 117168 44311 19115 5693 6867 12019 13212 12626 12852 89 9972 10655 3173 6040 5291 1800 1574 490 5284 704 1149 2053 1949 629 4346 5927 3029 648 6632 19486 5336 53008 375 7165 2009 31816 39160 241 972 4222
internal_value=0.0280198 0.0260154 0.0288349 0.015488 0.00691152 -0.00648402 0.0180324 0.0320061 0.0301704 0.0315031 0.0541444 0.0259131 0.0332284 0.0312811 0.054468 -0.0131916 -0.00183851 0.0094614 -0.0209944 0.0329347 0.00435764 0.0234224 -0.0212185 -0.00743847 0.00884678 -0.0387715 -0.0453082 0.0335348 0.0419874 0.0285517 0.0319813 0.012888 0.0461518 0.0314414 0.0419804 0.00877188 0.042958 0.020339 0.0298005 -0.0537412 0.0502234 0.0622629 0.0261922 0.0340614 0.0358786 -0.025681 0.0343432 0.0136339 0.0254362 -0.0194105 0.0347148 -0.0210224 0.0768556 -0.000242841 -0.00534597 -0.0102256 0.0386272 -0.0214237 0.0331922 0.150775 0.026717 -0.00948275
internal_weight=49870.2 46906.2 40873.9 7847.17 6032.39 3538.12 7660.71 33026.7 30497.7 29919.3 2528.97 2494.27 28447.3 26058.3 2389.03 934.159 1472.06 1268.65 638.08 25124.1 3956.65 1714.84 2579.99 1784.12 1259.63 578.369 489.608 24923.3 9243.65 15679.6 14869.8 5428.01 8874.17 4834.55 4375.78 1071.48 9441.77 2295.46 2035.49 259.972 7146.31 4064.7 901.46 3341.56 1937.83 309.526 3081.62 1441.64 2781.05 476.751 2304.3 2086.45 560.517 1074.57 275.138 2241.81 1110.2 643.285 958.13 62.9449 296.452 1679.85
internal_count=696138 694343 305918 94934 388425 257412 92603 210984 203211 195203 7773 131013 180643 176847 3796 8445 14560 10495 7275 168402 68276 23766 217449 100281 55970 8008 6880 162406 52693 109713 97087 54486 44830 34858 24203 10991 42601 11104 8814 2290 31497 13931 7818 18759 7240 6669 17566 13220 13334 4649 8685 35727 5425 82700 1079 44510 7293 36855 39963 803 1620 23708
is_linear=0
shrinkage=0.05


Tree=27
num_leaves=63
num_cat=20
split_feature=0 1 22 0 41 0 33 0 17 0 0 28 48 0 10 0 28 43 48 48 43 0 44 44 0 48 43 41 48 10 0 28 48 0 0 0 0 28 0 0 34 0 43 44 42 34 41 26 10 44 44 36 44 0 48 43 40 7 42 0 25 7
split_gain=1573.85 1248.23 812.757 826.205 526.053 1427.82 485.427 820.097 644.515 557.45 514.317 627.245 853.006 493.7 429.301 808.226 406.583 378.634 370.272 426.342 934.523 987.478 535.419 584.659 1022.92 917.757 590.6 533.999 483.807 477.328 470.547 467.554 454.262 481.321 476.654 414.429 392.653 380.269 441.874 362.286 357.451 433.117 353.371 438.932 346.836 395.095 339.613 336.529 336.223 335.225 332.299 296.708 278.482 730.937 435.487 298.549 290.617 283.441 316.29 271.921 267.978 267.706
threshold=0 1.1500000357627871 0.61250001192092907 1 0.77259656786918651 2 1.0000000180025095e-35 3 0.35416667163372045 4 5 0.046430176123976714 -0.27024117112159723 6 12.375000000000002 7 0.013725490774959328 0.98802474141120922 0.99483573436737072 0.85232898592948925 -0.76141706109046925 8 0.78192543983459484 -0.58481180667877186 9 0.4063368439674378 -0.39826117455959315 -0.52778512239456166 -0.99878430366516102 59.041666030883796 10 0.013725490774959328 -0.92625963687896717 11 12 13 14 0.054168537259101875 15 16 0.15000000223517421 17 -0.99275806546211232 -0.86112883687019337 0.84874749183654796 3.4500000476837163 -0.98611506819725026 0.010446791537106039 16.208333015441898 -0.082691941410303102 -0.95242238044738758 2.5000000000000004 0.046214086934924133 18 -0.81814974546432484 0.98667103052139293 3.842000007629395 0.75000000000000011 0.77259656786918651 19 0.15500000119209292 0.15000000223517421
decision_type=9 10 10 9 2 9 2 9 8 9 9 2 2 9 2 9 2 2 2 2 2 9 2 2 9 2 2 2 2 2 9 2 2 9 9 9 9 2 9 9 2 9 2 2 2 2 2 10 2 2 2 2 2 9 2 2 2 10 2 9 10 10
left_child=-1 2 3 14 6 16 7 44 10 49 42 61 -13 -14 15 -2 -6 18 19 22 21 -21 23 24 25 26 51 31 -25 -28 -22 -26 33 -30 52 -33 47 -32 -39 -4 41 -36 -8 -44 45 -5 -31 -29 -24 50 -10 -16 54 55 56 57 -34 58 -54 -46 -49 -12
right_child=1 -3 39 4 5 -7 8 -9 9 -11 11 12 13 -15 17 -17 -18 -19 -20 20 30 -23 48 28 27 -27 29 36 32 46 37 35 34 -35 40 -37 -38 38 -40 -41 -42 -43 43 -45 59 -47 -48 60 -50 -51 -52 -53 53 -55 -56 -57 -58 -59 -60 -61 -62 -63
leaf_value=-0.052809431774239725 0.034774909187406271 0.057512211346604093 0.060209849259365095 0.028501051256627732 -0.057493094896817989 -0.057794169351487061 0.039093141607384495 -0.027605398869576664 -0.076334344603982862 -0.029692547099954177 0.044281265999974007 -0.079221493445758753 0.049718336052251788 -0.029717645782233994 0.032871100299167968 -0.089777181275073462 0.044589618443887237 -0.059700601490083487 -0.03156040208352677 0.039351814689024767 -0.039654220065310421 -0.084173240395091803 0.068727602468787299 -0.092304756372950783 -0.083780973788351379 -0.079482236868621325 -0.051967121171264952 -0.038538355755380234 -0.023798491470366903 0.13759884971608446 0.065932202693964936 0.048464166152439946 -0.11626056767141163 0.06116989270495328 0.026370848032505209 -0.0048838863558082167 -0.06194852072037204 0.059743716575072693 -0.066038227069274411 0.033495704510027917 0.024365680695149002 -0.059909143648169662 0.024297886906722289 -0.036093849532289904 0.018612983019777238 -0.055670378923015199 0.062034928549213643 0.15324936247326681 -0.055226919889396431 -0.029450874815055018 0.032617171230974511 -0.079407685685650764 0.031375643199802822 -0.055751961341451634 0.054140722000862535 0.1595843340093025 0.027366183291864046 0.091235917186453686 -0.081931921003059877 -0.056620317325043981 0.011797115323871383 0.0014150647768404502
leaf_weight=602.79051732365042 324.12301065726206 3332.4569203965366 2090.6938597662374 2810.8342780247331 110.76468052295968 827.58807405014522 541.71882980433293 1377.7205411400646 73.434861863497645 899.18427174095996 6037.3003446704242 254.55234814761207 602.52963607944548 281.44899188261479 123.06704471819103 204.15091030322947 816.98131761909463 113.78874276555143 228.27050910145044 422.19864861294627 117.8264416763559 248.7614758152049 67.469376020133495 72.12937491433695 106.81113678053953 140.39631032710895 84.265579885337502 425.26025268645026 178.49003524659202 166.86324662202969 3053.6298110440839 801.08882909407839 62.263318452285603 2467.6706164903007 270.04302971647121 664.40735233691521 469.67488021310419 144.6318253679201 117.34914099145681 3557.1348580592312 2630.6895143683068 296.91095717484131 538.68171583861113 681.52975503052585 220.75628943927586 146.69161336659454 1365.6264726102818 36.128945917822421 289.21292038308457 309.59143135277554 1489.5340353499632 112.74517146777362 1026.4810573318973 233.82093001739122 3073.1008020534646 49.397401934256777 81.089053346775472 186.74489531526342 65.520848144078627 247.70049551571719 457.11563629098237 387.60829756176099
leaf_count=149332 754 2241 2588 74494 4671 55231 984 96274 904 7664 22313 4555 2293 3973 318 1925 13680 9763 5999 1050 4896 5097 23 1344 2257 3004 544 5962 2485 315 12206 2725 852 7168 6006 6623 14998 630 2853 6392 10309 19000 3109 9029 6337 884 6287 219 35361 2042 4232 2458 6549 6425 9642 91 190 209 1820 19806 3367 1386
internal_value=0.0269786 0.027973 0.0258053 0.0232767 0.0155919 -0.0104522 0.0183061 0.00485891 0.0236459 0.0024768 0.0299379 0.0355868 0.00142882 0.0246531 0.0300888 -0.0143993 0.0320563 0.0312527 0.0317616 0.0324804 0.0468568 -0.00711367 0.0287935 0.0301742 0.0159733 0.0435511 0.0531102 -0.00272963 0.0367519 0.063892 0.0574037 0.0172144 0.0376283 0.0555798 0.0316726 0.0245753 -0.0253386 0.0607891 0.00316194 0.0435506 0.0165532 -0.0194051 0.00545579 -0.00943296 0.0179423 0.0243262 0.0702626 -0.00587983 -0.0317799 0.0179867 0.0274982 -0.020811 0.0416684 0.0244344 0.0501671 0.0386798 -0.0350163 0.0343118 0.0245771 -0.0219786 0.0221581 0.0416952
internal_weight=49218.4 48615.7 45283.2 39635.4 18656.2 1755.33 16900.8 4803.7 12097.1 2771.74 9325.37 7563.44 1138.53 883.979 20979.2 528.274 927.746 20450.9 20337.2 20108.9 4104.4 670.96 16004.5 15647.8 4953.45 1992.96 1852.57 2960.49 10694.4 1616.76 3433.44 1572.31 10622.2 2646.16 7976.06 1465.5 1388.18 3315.61 261.981 5647.83 3197.64 566.954 1761.93 1220.21 3425.98 2957.53 1532.49 918.505 356.682 1872.56 1562.97 235.812 4778.42 1561.97 3216.45 1328.14 143.352 1278.75 1092 468.457 493.245 6424.91
internal_count=696138 546806 544565 535585 333861 73582 260279 197795 62484 14842 47642 34520 10821 6266 201724 2679 18351 199045 189282 183283 26732 6147 156551 121167 49077 12926 9922 36151 72090 7146 20585 11605 70746 9653 61093 9348 24546 15689 3483 8980 35315 25006 13122 12138 101521 75378 6602 9548 35384 7178 5136 2776 25778 15094 10684 8669 1042 8578 8369 26143 3586 23699
cat_boundaries=0 4 8 12 16 20 24 28 31 34 37 40 43 47 50 54 57 61 64 68 72
cat_threshold=2107460 3089138593 753708 64 1820672641 1090536528 937437505 20 33689890 67117064 1207959552 32 2169540656 10289166 3356496896 266 2450165778 530446 283264 416 1179698 67637258 1074790400 160 268435712 47579140 134221824 257 536936577 0 8192 129 0 603979840 134283264 16777280 536873025 134234112 1090520064 2049 134283393 16793600 8193 8667265 16778256 562037056 4 536871425 1024 4194560 1074004608 0 327155968 20 66048 16 4194304 278791200 33685504 209733968 257 67174912 0 1 8388608 16777232 545259584 4 1052672 0 5120 258
is_linear=0
shrinkage=0.05


Tree=28
num_leaves=63
num_cat=0
split_feature=1 35 21 48 43 42 28 28 32 48 43 44 19 43 18 43 44 19 43 16 24 48 44 48 44 42 28 48 43 35 41 18 43 44 43 24 43 48 28 36 38 43 43 43 43 48 48 48 48 43 32 30 18 44 21 43 28 35 10 43 18 47
split_gain=1276.15 893.316 731.795 834.954 576.814 559.981 738.952 542.753 483.584 443.533 427.64 420.859 597.669 1147.68 454.968 478.061 429.828 565.195 412.911 403.927 401.201 351.604 1304.72 941.976 1373.41 1504.94 1427.94 1102.58 1048.02 860.834 835.241 804.383 721.005 697.684 696.727 661.164 593.037 524.599 502.988 497.373 480.513 462.314 446.374 498.721 1010.96 474.13 599.818 752.623 416.164 810.907 680.965 562.732 436.377 510.664 514.173 402.02 391.925 370.72 368.965 362.699 351.887 351.097
threshold=1.1500000357627871 1.0000000180025095e-35 -0.18333333730697629 -0.99720054864883412 0.9837264120578767 -0.16280825436115262 0.0098039219155907648 0.044210137799382217 0.15517241507768634 0.42958889901638037 -0.93545487523078907 0.046214086934924133 1.5000000000000002 0.55656746029853832 44.049999237060554 0.71503382921218883 0.029024410061538223 4.5000000000000009 0.52766072750091564 6.2500000000000009 -0.0060706487856805316 0.94480291008949291 -0.98801845312118519 0.85232898592948925 -0.57077232003211964 -0.52778512239456166 0.013725490774959328 0.31436166167259222 -0.75015330314636219 8.7500000000000018 -0.68322628736495961 8.7750000953674334 0.27694219350814825 -0.6258755326271056 -0.99630266427993763 -0.031927682459354394 0.9524284601211549 -0.99809643626213063 0.055752867832779891 5.5000000000000009 6.5000000000000009 -0.65234524011611927 0.71503382921218883 -0.32614396512508387 -0.69057363271713246 -0.54066470265388478 -0.99508565664291371 -0.77313542366027821 -0.037677722051739686 -0.99763298034667958 0.086206898093223586 0.25327381491661077 26.562500000000004 -0.49812626838684076 5.5625000000000009 0.90892735123634349 0.044210137799382217 0.45000000298023229 9.2083334922790545 0.87811094522476207 1.1833333373069765 0.77352467179298412
decision_type=10 2 10 2 2 2 2 2 2 2 2 2 2 2 10 2 2 2 2 10 10 2 2 2 2 2 2 2 2 2 2 10 2 2 2 10 2 2 2 2 2 2 2 2 2 2 2 2 2 2 2 2 10 2 10 2 2 2 2 2 10 2
left_child=1 5 3 -3 8 9 -7 20 11 18 -8 16 13 -13 15 -14 17 21 19 -1 -5 23 -23 24 25 31 -27 33 34 36 -31 41 -33 42 -25 -29 37 -26 -30 60 56 -4 43 44 -28 46 -45 -48 49 58 51 -50 -51 -54 -55 -41 -32 -37 -39 -40 -24 -17
right_child=-2 2 4 7 -6 6 10 -9 -10 -11 -12 12 14 -15 -16 61 -18 -19 -20 -21 -22 22 39 28 29 26 27 35 38 30 40 32 -34 -35 -36 57 -38 48 59 55 -42 -43 -44 45 -46 -47 47 -49 50 52 -52 -53 53 54 -56 -57 -58 -59 -60 -61 -62 -63
leaf_value=-0.052409920486169208 0.056352778604184688 0.065505896777646261 -0.090857337399435453 -0.042668963704416231 -0.050102201711938445 0.030182011355647072 0.019282541669081294 -0.070710936407684222 -0.069459897931773373 0.042574975237236627 -0.032938067688205626 -0.062371116954275864 0.029163031220493359 0.045641275640937139 -0.082797669535170954 -0.06853261232462167 0.055593847894032544 -0.050427810390303245 0.027133159757084049 0.099763291328495124 0.016675062471189089 0.057721377382389652 -0.049112253220650499 0.046243704922416251 -0.097315681405775706 -0.058783303909606927 0.043119242780318763 0.34587846230849417 0.064965627307844873 0.030214394231959138 -0.088762236492237787 -0.027936721925290137 0.056380648351946498 -0.089572359926915548 -0.096378667798100781 0.013262260474982494 -0.070029971469830407 0.07170330922425007 -0.088691997323137317 -0.074287416786947266 -0.094256643804546472 -0.022174643229925052 -0.066756091645015767 0.061274274825449573 -0.079161770933918532 0.061774495838224058 -0.069485386506759256 0.037588517829832947 0.042391597421006615 0.061204638333060883 -0.07260227456314429 -0.049541175600696347 0.069454445132087955 -0.081046301701105716 0.04213569913314099 0.024212437730346578 0.041775118293280913 -0.076412775734688881 -0.050162756028522548 0.078828355168033021 0.038420102838696485 0.028027009894276419
leaf_weight=410.22587500931695 3223.4920333256014 368.70330541860312 281.05281963548623 419.53101370227523 234.59731227951124 925.23979318863712 491.84310781629756 373.78149819280952 125.44418431469239 1362.5432123851497 1932.1252175788395 592.5811907434836 5774.140899753198 420.40996522083879 98.426225911360234 225.55728278914467 1742.7735050306655 216.72066835709848 584.37360158306547 48.795004961080849 886.86954404623248 848.78786182799377 165.72455778787844 160.83335077343509 63.491925082402304 442.68452884349972 621.20546572795138 11.093189507722853 3697.4664608510211 1126.2500677297357 83.555053455755115 426.31483501312323 625.59028676152229 100.97455515828915 183.13369357725605 179.3215543187689 111.39890413661487 81.30578612559475 93.316468498669565 499.72176060732454 260.91288168239407 1910.4941403851844 90.996329615125433 627.90597617835738 232.2089077597484 3233.8875481139403 279.28560481197201 397.97827600361779 2713.2198301819153 6186.2707143190783 149.73782723839395 177.33610898139887 258.85184049187228 182.03265946474858 158.45547780324705 130.67882092809305 184.40174861182459 322.56218664161861 263.06790643767454 49.424392168410122 373.77455182000995 161.57787191797979
leaf_count=49926 2476 584 5187 6202 11901 39903 11454 7170 2949 48258 205849 13557 52657 5134 1112 9189 1543 6569 32342 372 6358 2341 2464 410 948 10125 2344 123 6362 1677 478 5625 2407 2086 3426 4186 4287 52 2171 12024 2584 31532 2064 1068 7052 8172 5419 2432 10986 17662 2959 2115 382 2496 215 1161 246 6556 2727 203 1383 2496
internal_value=0.0259539 0.0237947 0.026468 -0.00263097 0.0280546 0.00538706 -0.00783197 -0.0175831 0.0285456 0.0237887 -0.0223421 0.0288759 0.0180869 -0.017544 0.023853 0.0255567 0.0314961 0.030007 -0.000743777 -0.0362335 -0.00238238 0.0306299 0.0105294 0.0321924 0.0280188 0.0141145 0.0279245 0.0342196 0.0539211 0.0393547 0.00587454 -0.0137319 0.0222086 0.0406637 -0.0296908 -0.0359329 0.0447112 0.0459602 0.0614102 -0.0237094 -0.0459582 -0.0309828 0.0430619 0.0449151 0.00984732 0.0515084 0.0260714 -0.00656591 0.0468547 0.0534593 0.0313657 0.0367515 0.057258 0.0165215 -0.0237202 -0.0538689 0.00107059 -0.0443722 -0.0213905 -0.0306876 0.0115317 -0.0282317
internal_weight=48606.5 45383 39627.8 2048.89 37578.9 5755.15 3349.21 1680.18 37344.3 2405.94 2423.97 37218.9 7272.69 1012.99 6259.7 6161.28 29946.2 28203.4 1043.39 459.021 1306.4 27986.7 2018.69 25968 21783.8 9783.56 6540.1 6097.42 4184.17 12000.3 1655.12 3243.45 1051.91 5584.44 343.967 512.977 10345.2 10233.8 3840.21 1169.9 528.87 2191.55 5483.47 5392.47 853.414 4539.06 1305.17 677.264 10170.3 7129.98 3040.29 2890.56 6785.61 599.34 340.488 630.401 267.957 501.884 344.374 142.741 539.499 387.135
internal_count=696138 693662 305558 20314 285244 388104 257206 19730 273343 130898 217303 270394 84145 18691 65454 64342 186249 184706 82640 50298 12560 178137 19373 158764 146192 96378 51627 41502 12572 49814 4985 44751 8032 30637 3836 10865 44829 40542 8736 17032 3308 36719 28551 26487 9396 17091 8919 7851 39594 23534 16060 13101 20755 3093 2711 13185 724 10742 2779 2374 3847 11685
is_linear=0
shrinkage=0.05


Tree=29
num_leaves=63
num_cat=20
split_feature=0 1 22 0 41 0 17 0 28 0 0 48 18 0 44 0 26 17 0 43 0 0 43 44 48 44 44 18 48 0 44 28 0 43 47 48 28 43 0 43 44 6 10 0 48 43 26 48 0 21 43 43 28 48 0 44 18 0 0 48 44 0
split_gain=1415.62 1185.75 733.358 816.732 468.278 1218.12 493.169 874.101 674.195 1491.54 931.662 517.602 489.126 864.725 575.774 657.627 453.106 413.31 508.97 399.895 750.515 389.658 386.032 408.256 367.22 351.336 643.963 600.684 418.33 342.294 338.584 333.043 331.335 325.866 325.247 306.616 293.43 299.211 289.018 276.261 273.626 328.337 265.115 378.929 255.337 370.627 254.401 390.263 251.357 249.531 246.418 288.738 243.899 239.132 632.54 592.664 1008.59 1002.07 912.558 528.836 476.76 1078.83
threshold=0 1.1500000357627871 0.45000000298023229 1 0.77259656786918651 2 0.35416667163372045 3 0.045542273670434959 4 5 -0.7491561472415923 2.8541666269302373 6 -0.52034142613410939 7 -0.0055072028189897529 2.3541666269302373 8 -0.86976337432861317 9 10 0.91939014196395885 0.80290535092353832 -0.99625083804130543 -0.99761277437210072 -0.99273797869682301 6.0499999523162851 0.99055886268615734 11 -0.72694849967956532 0.013725490774959328 12 0.98802474141120922 0.53240373730659496 0.89388969540596019 0.013725490774959328 -0.99054482579231251 13 -0.93545487523078907 0.88522326946258556 1.0000000180025095e-35 12.375000000000002 14 -0.47814682126045221 -0.98523971438407887 -0.031234551221132275 0.20889598131179812 15 5.0499999523162851 0.57077592611312877 0.52766072750091564 0.44901961088180548 0.85232898592948925 16 -0.52034142613410939 2.6833333969116215 17 18 -0.8317061960697173 0.046214086934924133 19
decision_type=9 10 10 9 2 9 8 9 2 9 9 2 10 9 2 9 10 8 9 2 9 9 2 2 2 2 2 10 2 9 2 2 9 2 2 2 2 2 9 2 2 10 2 9 2 2 10 2 9 10 2 2 2 2 9 2 10 9 9 2 2 9
left_child=-1 2 3 17 6 31 8 16 10 11 -5 52 13 39 15 30 38 25 24 20 44 -4 23 -16 -19 27 -27 32 33 -21 -15 -6 -2 40 46 -36 -18 -38 -8 -12 42 -42 43 -28 -14 -46 47 -13 -30 -26 51 -48 -10 55 -55 56 57 59 -58 -44 -57 -62
right_child=1 -3 21 4 5 -7 7 -9 9 -11 12 34 19 14 22 -17 36 18 -20 29 -22 -23 -24 -25 49 26 28 -29 48 -31 -32 -33 -34 -35 35 -37 37 -39 -40 -41 41 -43 53 -45 45 -47 50 -49 -50 -51 -52 -53 -54 54 -56 60 58 -59 -60 -61 61 -63
leaf_value=-0.052745665976669791 0.07966268909571271 0.055852779816857857 0.014097187629299646 -0.01533155746078663 -0.056238716591268993 -0.057401386891384423 0.018520120638368356 -0.040267651137760055 -0.06960440511102918 -0.049967389504191481 0.0039337249711047708 0.04479497785728271 0.059372260140936543 0.039517526939208181 0.044705838576028611 -0.069921307747374553 -0.026755009308547469 0.078822287812746486 -0.046613885771038921 -0.021821846612145035 -0.046844671457335778 0.046543640875845366 -0.060083690587640841 -0.053710507445615223 -0.0034415711481022072 -0.077009260839151841 0.032355167337509039 -0.097310124747917282 0.025426807431068094 0.065989390229126185 -0.086837167913414531 0.040341654972028587 0.01089533384163519 -0.05888837858057655 -0.049677230363670208 0.040437380255657969 -0.059666697305487217 0.04438050660283005 -0.061557463060598817 -0.063232138011107428 -0.053023181580505618 0.060054961531776474 -0.078693610856420071 -0.084303341209890692 0.032709781460547253 -0.090807140879916703 0.049301406352042443 -0.070775744472576438 -0.066639968685988427 0.041569092525657048 -0.025491592691062371 0.12283691561681359 0.10483328962193886 -0.040702313942137303 0.051519387757114114 0.045146594660723426 0.056378579192267131 -0.048718945450677474 -0.039417995102923653 0.030127564640632362 -0.042243047833074227 0.033864917648505855
leaf_weight=570.18271125177853 856.46982416743413 3103.5278728674166 1184.5418544851709 1160.5457778538112 101.14956420031376 770.64033743948676 196.21360657876357 998.88775042956695 186.07614824548364 1002.5095739241224 276.06411825912073 200.0328308895696 864.04291106620803 462.86923970468342 3317.114588445751 271.70635500736535 197.46915578260086 218.63134930888191 357.82626338885166 118.63053356599994 273.78454794175923 4774.9987135247793 95.992653986206278 108.8324005107861 1073.0516965014394 143.10328247142024 158.10482851974666 59.728325017727911 121.34531647874974 1911.343870254932 59.876458884682506 759.45263131568208 238.29908185568638 101.35673914279323 209.60807193699293 171.73055535811 73.158893377054483 1244.3609576798044 249.47066640062258 343.6990222716704 200.06909883860499 94.524868748383597 123.56095265876502 110.02122795325704 381.7337905112654 72.223394378088415 951.43341640639119 115.06611805502325 170.92707864753902 431.83345217164606 92.124123639892787 155.27606877521612 22.45710328547284 194.78931116941385 2777.4625410479493 6038.418861649232 1536.7024474362843 915.21060517849401 291.41901970119216 1157.5367970634252 545.43201274541207 2933.7860264924821
leaf_count=149332 1153 2241 3796 32789 4234 55219 778 15156 10021 52004 3203 2588 1381 2755 19618 9048 1862 230 5861 2088 3424 6845 7248 12768 5962 3081 304 967 852 6425 1178 12513 2016 9448 10734 1663 596 5322 4348 23743 29896 655 1784 1076 948 1178 10645 4582 7349 421 5930 407 6 6128 12353 23693 5040 25684 5656 6202 22163 29548
internal_value=0.0250295 0.0259721 0.0238811 0.0213401 0.013321 -0.0121752 0.0159644 -0.00243342 0.02021 -6.74492e-05 0.0266913 0.0238352 0.0323702 0.0221689 0.0300657 -0.00831432 0.0169605 0.0280186 0.00689226 0.046363 0.0276007 0.0401962 0.0388085 0.0415794 0.0181659 0.0303763 0.0286249 0.0570971 0.0294902 0.0610753 0.0245745 0.0286572 0.0655212 0.0304994 0.032175 -0.00909537 0.030084 0.038603 -0.0272688 -0.0327851 0.0310299 -0.0167404 0.0318684 -0.0174512 0.0430935 0.0130586 0.0425705 0.00259149 -0.0298259 0.00947444 0.0530785 0.0596188 -0.0508191 0.0326692 0.0455119 0.0298504 0.0137646 -0.00907203 0.0412005 0.0194798 0.0366522 0.0219095
internal_weight=47898.4 47328.3 44224.7 38265.2 17415.6 1631.24 15784.3 2959.56 12824.8 3106.31 9718.46 2103.8 8557.91 4936.15 4316.39 794.452 1960.67 20849.6 2081.34 3621.76 1591.78 5959.54 3521.94 3425.95 1723.52 18768.3 17613.8 1154.5 17470.7 2029.97 522.746 860.602 1094.77 17178.4 1895.27 381.339 1514.99 1317.52 445.684 619.763 17077 294.594 16782.4 268.126 1318 453.957 1513.93 315.099 292.272 1504.89 1198.83 1106.71 208.533 16514.3 2972.25 13542.1 4024.43 2196.31 1828.12 1281.1 9517.64 3479.22
internal_count=696138 546806 544565 533924 326402 71966 254436 28062 226374 98580 127794 46576 95005 79561 52615 12981 12906 207522 12474 15444 6931 10641 39634 32386 6613 195048 190912 4136 187831 8513 3933 16747 3169 179630 36549 12397 7780 5918 5126 26946 170182 30551 139631 1380 3507 2126 24152 7170 8201 6383 16982 11052 10027 138251 18481 119770 44366 33670 10696 7986 75404 51711
cat_boundaries=0 4 8 12 16 20 24 28 32 36 40 44 48 51 53 56 60 63 66 70 73
cat_threshold=2107460 3089138593 753708 64 1820672641 1090536528 1977624913 4 33689890 67117064 134217728 32 2449641490 8460302 4736 432 269517106 48103436 135270400 417 1048882 67768320 4096 176 2147647488 33556488 2281717888 768 289411072 4 1024 8 1610678401 16778320 12585296 4 2432860160 43327502 2281701376 264 167887363 76905536 34603011 512 2164260864 13893632 2147484160 256 1073742465 16777232 1610613056 0 8388614 536936449 0 8192 0 0 536871168 4 134561792 1090520144 16779265 66177 16777216 536870976 1744896000 16778240 817891393 4 1745092737 1073759296 16779537
is_linear=0
shrinkage=0.05


Tree=30
num_leaves=63
num_cat=23
split_feature=0 5 33 0 0 27 0 44 44 48 0 0 21 0 44 35 0 0 26 48 0 43 44 0 0 48 44 0 24 48 43 26 0 35 20 29 44 26 0 0 0 48 41 0 44 0 0 48 48 35 42 34 0 33 35 48 7 0 0 26 47 48
split_gain=1319.04 1185.44 696.882 1182.63 801.076 606.369 619.259 530.727 477.61 704.374 741.415 455.021 427.887 592.185 360.3 688.198 590.069 470.477 355.253 353.403 1020.34 582.324 396.036 1429.95 361.992 342.196 320.606 730.226 423.879 423.137 336.661 384.698 381.713 312.195 306.031 335.656 403.387 303.33 456.369 302.493 296.779 282.539 271.501 858.695 533.594 400.505 263.365 259.162 321.843 298.498 272.43 258.092 556.427 266.103 257.118 256.974 255.617 256.83 248.392 243.546 243.204 241.08
threshold=0 0.15000000223517421 1.0000000180025095e-35 1 2 0.0696452632546425 3 0.88522326946258556 -0.90161547064781178 0.85232898592948925 4 5 -0.18333333730697629 6 -0.97507822513580311 9.7500000000000018 7 8 -0.028619324788451191 0.94480291008949291 9 -0.49064628779888148 -0.95242238044738758 10 11 0.23357862979173663 -0.4755979031324386 12 0.019401195459067825 -0.28219357132911677 0.94425827264785778 -0.065711472183465944 13 1.5500000119209292 -1.0000000180025095e-35 1.4807417988777163 0.19969739764928821 -0.038346782326698296 14 15 16 -0.24663212895393369 0.09796465560793878 17 0.60383266210556041 18 19 -0.81125614047050465 -0.70616334676742543 3.2500000000000004 0.88144907355308544 0.45000000298023229 20 0.15000000223517421 7.8500001430511483 0.23357862979173663 0.15000000223517421 21 22 -0.0022199820959940548 -0.89635053277015675 -0.89495861530303944
decision_type=9 10 2 9 9 2 9 2 2 2 9 9 10 9 2 2 9 9 10 2 9 2 2 9 9 2 2 9 10 2 2 10 9 2 10 2 2 10 9 9 9 2 2 9 2 9 9 2 2 2 2 2 9 2 2 2 10 9 9 10 2 2
left_child=-1 2 3 7 8 58 -7 14 9 10 25 -10 13 33 16 17 -2 -16 -8 22 21 24 23 -14 -21 -4 27 -19 29 -29 32 -32 -28 -6 -13 -36 -37 38 -34 55 -30 -31 44 46 45 -24 47 50 -49 -50 -44 52 53 -47 61 -38 57 -43 -5 -48 -56 -20
right_child=1 -3 4 5 12 6 18 -9 11 -11 -12 34 19 -15 15 -17 -18 26 54 20 -22 -23 42 -25 -26 -27 30 28 40 41 31 -33 37 -35 35 36 39 -39 -40 -41 -42 56 43 -45 -46 51 59 48 49 -51 -52 -53 -54 -55 60 -57 -58 -59 -60 -61 -62 -63
leaf_value=-0.052810845752877617 -0.049839438144314262 0.056976751692657424 0.041504230304494925 0.00097082220139535567 -0.070544019228887173 -0.034945430004137211 -0.048593888796337088 -0.045879310015815744 -0.065972728460891458 0.058466370585567022 -0.061836495283297738 -0.029769963116160592 0.042291356106065346 -0.054084416066852339 -0.024870802259114609 -0.09092022342746095 0.057992106082997964 -0.042307989723423485 -0.02460007852096471 0.029063857302223214 -0.075961481087107832 0.055265557182227337 0.034009909350416943 -0.07295493457797729 -0.094744162979935681 -0.078256240840843316 -0.024710879841771716 -0.036345971217080129 0.13907904520540479 0.11849704049287878 0.12810979436901068 -0.041885959516885264 0.067538702352978389 0.035218181494917414 -0.023105168643672999 0.021175924308287658 -0.090550943596236749 0.044635252040995936 -0.060799255502832911 -0.066168349847952931 0.026524829801171126 0.033580470202691712 -0.079813409666780605 -0.042280771114350961 -0.029232338530017839 0.098917833268757929 -6.5436432111548788e-05 0.11889377282219984 -0.003997612175210853 0.058753494773103855 0.049941593820010524 0.048698538040706611 0.049120086561280529 0.22242542388631473 0.032655838639291578 0.039720863062351966 0.058358997612988163 -0.039322080243254225 -0.046651561243907132 0.03525409374120992 -0.092185472835386265 0.027396062808961404
leaf_weight=549.6872930492973 134.25922279409133 2656.5233773866203 658.74919991148636 384.92396579007618 76.972762688761577 775.24884711217601 206.79266007826664 259.93193835858256 195.61840067105368 1282.937540234765 301.32175326859578 456.06248178402893 919.86901881173253 320.38641215022653 455.07938794931397 132.5668967475649 1401.305131026078 485.87412574933842 244.53438419289887 108.56540462048724 270.96448136609979 706.12569335894659 6591.0837497739121 369.04889221512713 114.43903812440112 65.585337626747787 229.95269254338928 294.34168172627687 122.45927159232087 87.004868392832577 38.555080475984141 243.24284406495281 105.5891801933758 746.25576706789434 586.20726809767075 4745.7474218396237 47.311169220600277 3976.0379062243737 163.59887335984968 233.49354719277471 136.07074189628474 252.38878200436011 75.50315911276266 401.56691989675164 262.45648524351418 80.972607568604872 775.11993064521812 179.77434034086764 231.08091006986797 1053.5262028719299 87.139918939210474 5532.1568247859832 448.52826536796056 94.519693079870194 65.269418907118961 189.4091724245809 314.25710547203198 213.8958936391864 997.31961771461647 1318.01147598424 96.971597522031516 2522.6802046773955
leaf_count=149269 4596 1694 1702 16662 979 56704 7253 31472 7487 2047 5525 3428 1939 4018 16134 1005 6369 15598 10300 172 4650 1147 12389 5838 1073 769 8517 6948 492 232 868 16350 514 1648 7193 16647 612 41314 6040 4451 1072 3352 848 9251 3400 313 3173 280 2012 1151 89 11680 3683 182 109 501 753 6328 107110 3239 884 54680
internal_value=0.0236293 0.0245385 0.0225797 0.0135367 0.0269716 -0.00524372 0.0048059 0.0245053 0.0142381 0.0337721 0.00288339 0.00727269 0.0323227 0.00260844 0.0266154 0.021956 0.0486171 0.0240581 0.0146966 0.0340712 0.00778109 0.0326691 0.035784 0.00905561 -0.0374159 0.0302429 0.027396 0.0101117 0.0281423 0.0154563 0.03438 -0.0186274 0.0377178 0.0250253 0.00965218 0.0127675 0.0167991 0.0410609 -0.0102083 -0.0273751 0.0862446 0.0330318 0.0377949 0.0266121 0.0413379 0.0427909 0.0340707 0.0492811 0.0562344 0.0474655 -0.0102941 0.0520524 0.0826193 0.15652 0.0192145 0.0131299 0.0235052 1.51975e-05 -0.0337203 0.0220693 -0.0419619 0.0228012
internal_weight=47072.9 46523.2 43866.7 14340.2 29526.5 5293.74 3911.5 9046.41 8762.44 2308.59 1025.66 6453.85 20764.1 1143.61 8786.48 7250.92 1535.56 7118.35 3136.25 19620.5 1200.09 929.13 18420.4 1288.92 223.004 724.335 6663.27 1906.29 1420.42 1161.89 4756.98 281.798 4475.18 823.229 6258.23 5802.17 5215.96 4245.23 269.188 470.214 258.53 867.547 17131.4 4121.72 13009.7 12747.3 3720.16 1627.02 1464.38 1284.61 162.643 6156.18 624.021 175.492 2929.46 236.72 780.542 466.285 1382.24 2093.13 162.241 2767.21
internal_count=696135 546866 545172 421656 123516 253702 129930 167954 50362 10043 7996 40319 73154 6645 136482 125517 10965 124512 73226 66509 7042 2392 59467 7777 1245 2471 108378 34775 19177 17613 73603 17218 56385 2627 32832 29404 22211 47868 6554 5564 1564 10665 51690 20043 31647 28247 10792 4380 3443 3163 937 15858 4178 495 65973 1113 10433 9680 123772 6412 993 64980
cat_boundaries=0 4 8 12 16 20 24 27 31 34 38 42 46 50 53 56 60 63 67 71 75 78 81 85
cat_threshold=2107460 3089138593 753708 64 1451348529 25247770 1764763968 6 30430003 68706314 3224384642 680 672400640 1107434560 37765762 688 1053235 524288 0 40 1048578 67125248 8192 128 839090176 25171012 876871745 100712448 65546 137371648 6 1073807360 16384 1073741824 1879244800 262164 817905920 4 1610678400 58720256 536870976 5 131072 0 0 4 75513905 25165840 17833984 2 268468224 16777216 2048 0 8388608 8192 20971536 8192 0 8 268468224 8 2112 1644364928 58721284 952123712 263 1644397696 59052100 536871232 1030 33686528 50331648 8405056 3 268435456 0 29360128 36864 0 673185792 538181634 8196 37748736 1024
is_linear=0
shrinkage=0.05


Tree=31
num_leaves=63
num_cat=0
split_feature=9 33 21 43 44 10 41 44 43 28 26 38 43 24 11 44 18 46 29 30 30 19 30 28 43 41 42 30 43 28 26 41 44 38 44 46 44 44 24 42 46 47 26 34 34 44 18 34 44 42 32 44 28 43 30 43 43 11 10 18 29 42
split_gain=1139.38 703.765 636.498 552.47 502.705 457.699 409.713 669.546 565.767 548.819 467.7 419.22 403.051 420.297 386.221 459.673 353.719 342.904 339.947 517.082 334.32 334 325.384 324.169 879.079 517.445 402.136 389.833 373.676 422.57 301.699 297.467 288.475 301.739 285.921 633.675 487.699 463.933 436.131 277.884 276.865 285.918 274.795 270.082 269.397 281.155 548.875 528.259 473.778 466.794 418.811 432.754 290.902 1237.63 457.996 388.99 515.065 293.526 287.924 287.001 285.217 318.829
threshold=0.074431933462619795 1.0000000180025095e-35 -0.18333333730697629 0.63920241594314586 0.88522326946258556 11.125000000000002 0.09796465560793878 0.60383266210556041 -0.93545487523078907 1.0000000180025095e-35 -0.05387675762176513 6.5000000000000009 0.94425827264785778 -0.0025256916414946313 104.20833206176759 -0.97507822513580311 26.854166984558109 -0.76713806390762318 1.124037027359009 0.092076148837804808 0.097886905074119582 4.5000000000000009 0.049636242911219604 0.045542273670434959 -0.16799356788396833 -0.84874749183654774 0.09796465560793878 0.36618036031723028 -0.15101210027933118 0.058037718757987029 -0.065711472183465944 0.58216583728790294 0.84658399224281322 6.5000000000000009 -0.074115883558988557 -0.12138647958636282 -0.4755979031324386 -0.65233206748962391 0.0044490660075098285 0.88144907355308544 -0.55461034178733815 0.25672954320907598 -0.031234551221132275 0.94999998807907116 0.45000000298023229 -0.95242238044738758 1.0500000119209292 15.650000095367433 -0.90892156958580006 -0.77259656786918629 0.086206898093223586 -0.57077232003211964 0.046430176123976714 0.70290291309356701 0.20388736575841906 -0.99866804480552662 -0.98523971438407887 96.208332061767592 71.958332061767592 4.3541667461395273 4.3663623332977304 0.2269546836614609
decision_type=10 2 10 2 2 2 2 2 2 2 10 2 2 10 2 2 8 2 2 2 2 2 2 2 2 2 2 2 2 2 10 2 2 2 2 2 2 2 10 2 2 2 10 2 2 2 10 2 2 2 2 2 2 2 2 2 2 2 2 10 2 2
left_child=1 4 3 16 5 -1 7 9 11 -4 -10 17 13 14 -7 20 -3 -8 19 22 -16 -6 -11 27 -25 26 -26 34 -27 -30 -14 -13 33 42 36 -36 37 38 -15 -12 -40 -42 -17 -9 -20 46 49 48 -47 -46 52 59 54 -54 60 -56 57 -57 -53 -52 61 -50
right_child=-2 2 6 -5 21 12 8 43 10 18 39 31 30 23 15 32 -18 -19 44 -21 -22 -23 -24 24 25 28 -28 -29 29 -31 -32 -33 -34 -35 35 -37 -38 -39 40 -41 41 -43 -44 -45 45 47 -48 -49 50 -51 51 58 53 -55 55 56 -58 -59 -60 -61 -62 -63
leaf_value=-0.077346940236988182 0.046703473657906072 -0.0097774346623910949 -0.082667981052605671 0.044043242115562015 -0.052121825678405731 0.03644368179215856 -0.088620358450745701 0.014139931525288533 -0.058480601880219057 0.0069826740643912201 0.030193565640671091 -0.011859313179483459 0.086094546080592138 -0.031852218845910552 0.053877131089137366 -0.032821151919808576 -0.07723195539475522 0.029303642335772557 0.051114957905673136 0.038781541759253385 -0.023233591874589767 0.043644464491267958 -0.065328416664832231 -0.054407636493146366 0.081577722816564752 0.13464347523655759 0.0010507412940677151 -0.027979971119765076 -0.030086141147897663 0.030264449103153915 -0.042596886801566564 -0.072765640357021072 0.063749851805874544 -0.0277838458443961 -0.034785865286149208 0.033312251702859709 0.05619398880530431 -0.050304850040775596 0.070727126445668739 -0.01926578806886288 -0.049003963713643482 0.034834395341776007 0.020985217255807268 -0.063861740208350504 -0.080870485420470206 0.054137708865615711 -0.036994537676194088 -0.093012617960584631 0.030547157465569005 0.042881882756619909 -0.093959252434365592 -0.010791899228883142 -0.071738771745664676 0.042163025408260946 0.039914826687299017 0.0066082230589079088 0.007069651103020224 -0.1104353014203138 0.053569311958030601 0.019157819058061645 0.047630269083397646 -0.021902014213538143
leaf_weight=138.712044442771 4477.140225891606 833.93104525841773 104.88775543775409 387.35243564366829 481.43274978478439 736.72482145018876 68.161553407087922 195.50295881018974 165.8576328267809 350.1116598516237 4350.4389524033759 560.37333388673142 50.58823682484217 246.06641827186104 519.0390400281176 335.93346461188048 253.40057193022221 644.95053477445617 1988.9909368688241 635.10791148804128 192.76839210116304 112.27989868912846 279.97634034731891 470.12595226569101 483.09425985265989 51.008055097190663 228.3018002146855 288.25580702861771 660.5932093426818 517.09814811381511 456.58576596272178 312.13886737695429 121.73518623644486 1764.0512481274782 470.09056499926373 1249.9614368556067 2016.4829737931723 205.07293674629182 487.30691504641436 303.82600150443614 116.92380258080084 780.751449817908 808.11101435031742 256.67432883533183 83.873759446898475 2501.365315187024 428.3952000408899 81.944350454024971 2814.6275082472712 832.93596968147904 83.204271448776126 184.2563459710218 382.049874364282 634.68127596145496 677.71863147802651 79.509869964793324 1279.3612129075918 164.16676988382824 3052.6097226805286 171.97701240074821 2563.0177571694367 322.99822055594996
leaf_count=2062 7289 8316 2123 1481 97102 2713 713 5334 3416 3420 35815 4171 3215 11452 7631 12189 3931 2197 16254 2530 6290 4676 4953 34837 4901 369 5950 9790 36646 16182 59363 4844 6137 95988 26880 32067 12777 9007 4752 3318 5462 10114 16356 3112 1326 3404 3374 533 8947 2573 1123 622 5019 1989 779 137 5139 1683 5135 708 3621 1898
internal_value=0.0227251 0.0201703 0.0247416 -0.00723143 0.0110106 0.0130061 0.0265171 0.0300188 0.0155021 0.0313997 0.0240248 -0.0104058 0.0139515 0.0156904 0.00335295 -0.00316258 -0.0254976 0.0180321 0.0320103 0.00694341 0.0329944 -0.034011 -0.0251484 0.0223704 0.00693466 0.0217992 0.0557349 0.0287181 0.00215097 -0.00358754 -0.0297605 -0.0336484 -0.011657 -0.0148136 0.031651 0.014701 0.0392185 0.0205755 0.0294874 0.0269649 0.0403854 0.0239143 0.00518569 -0.030137 0.0337408 0.0316257 0.00972838 0.0335903 0.0342861 0.0315605 0.0302848 0.0449635 0.0245371 -0.000637047 0.0277765 0.00840223 -0.00562018 -0.0722449 0.0499056 -0.0177251 0.035256 0.0251479
internal_weight=46496.6 42019.5 28030.4 1474.68 13989.1 13395.4 26555.7 20149.9 6405.75 19697.8 4820.12 1585.62 13256.7 12749.5 4478.36 3741.64 1087.33 713.112 19592.9 1265.2 711.807 593.713 630.088 8271.13 2410.22 1940.1 711.396 5860.91 1228.7 1177.69 507.174 872.512 3029.83 2908.1 5572.66 1720.05 3852.6 1836.12 1631.05 4654.26 1384.98 897.675 1144.04 452.177 18327.7 16338.7 1345.2 14993.5 14911.5 916.81 12410.2 3492.05 8918.13 1016.73 7901.4 2200.76 1523.04 243.677 3236.87 255.181 5700.64 3137.63
internal_count=696135 688846 153938 13728 534908 433130 140210 85736 54474 77290 42549 11925 431068 368490 147304 144591 12247 2910 75167 10903 13921 101778 8373 221186 98885 64048 10851 122301 53197 52828 62578 9015 130670 124533 112511 58947 53564 40787 31780 39133 20328 15576 28545 8446 64264 48010 7273 40737 40204 3899 36800 7588 29212 7008 22204 7738 6959 1820 5757 1831 14466 10845
is_linear=0
shrinkage=0.05


Tree=32
num_leaves=63
num_cat=0
split_feature=1 33 21 27 27 28 43 43 16 41 28 44 43 26 38 7 18 46 29 29 18 28 42 41 28 42 26 44 44 34 44 28 44 44 44 41 41 18 18 34 43 38 28 26 9 42 28 43 29 34 43 43 34 28 43 42 38 44 35 43 35 42
split_gain=1216.74 642.888 635.175 606.264 555.624 386.86 537.261 395.925 409.382 355.735 535.449 520.604 504.594 451.586 371.478 349.643 383.656 342.801 337.892 329.496 431.435 318.558 785.776 315.45 313.474 634.466 497.677 289.601 272.448 269.211 266.583 326.862 321.191 998.101 601.067 485.497 476.599 363.812 327.568 331.11 325.903 416.911 270.007 262.432 254.282 247.129 246.194 690.105 515.971 589.696 462.079 709.723 279.499 315.267 1043.37 535.893 309.068 257.178 514.992 364.433 248.895 240.252
threshold=1.1500000357627871 1.0000000180025095e-35 -0.18333333730697629 0.13655198365449908 0.20501422137022021 0.045542273670434959 0.056951373815536506 0.14250627160072329 0.75000000000000011 0.09796465560793878 1.0000000180025095e-35 0.60383266210556041 -0.93545487523078907 -0.05387675762176513 6.5000000000000009 0.75000000000000011 12.775000095367433 -0.84148469567298878 4.8911356925964364 1.124037027359009 0.22500000149011615 0.013725490774959328 0.93540480732917797 0.58216583728790294 0.0058823532890528449 0.58216583728790294 1.0000000180025095e-35 0.046214086934924133 -0.77243989706039418 0.65000000596046459 0.86004966497421276 0.072549022734165206 -0.4755979031324386 -0.83375966548919667 -0.31800055503845209 -0.84874749183654774 0.72947329282760631 0.27500000596046453 1.2749999761581423 1.7500000000000002 0.84773966670036327 21.500000000000004 0.013725490774959328 -0.018891084939241406 0.019669849425554279 0.35206145048141485 0.021568628028035167 -0.99940761923789967 3.858035802841187 10.150000095367433 -0.99866804480552662 -0.98523971438407887 0.45000000298023229 0.050299357622861869 -0.35041563212871546 0.68322628736495983 13.500000000000002 -0.99052476882934559 4.3500001430511483 0.70290291309356701 26.349999427795414 -0.77259656786918629
decision_type=10 2 10 2 2 2 2 2 10 2 2 2 2 10 2 10 8 2 2 2 10 2 2 2 2 2 10 2 2 2 2 2 2 2 2 2 2 10 8 2 2 2 2 10 10 2 2 2 2 2 2 2 2 2 2 2 2 2 2 2 2 2
left_child=1 3 4 15 18 21 -7 -8 -9 10 -4 19 14 -14 17 30 45 -11 28 20 27 22 -5 -16 26 -26 -15 -12 -3 -28 32 -32 33 35 -34 42 38 -37 39 40 -36 -42 -1 -22 -13 -17 48 -48 49 -21 -50 -52 56 -54 60 57 -49 -56 -59 -60 -55 -40
right_child=-2 2 9 5 -6 6 7 8 -10 12 11 44 13 24 23 16 -18 -19 -20 46 43 -23 -24 -25 25 -27 29 -29 -30 -31 31 -33 34 -35 36 37 -38 -39 61 -41 41 -43 -44 -45 -46 -47 47 52 50 -51 51 -53 53 54 55 -57 -58 58 59 -61 -62 -63
leaf_value=-0.078368953545751199 0.05323838818465803 -0.076436300965897458 -0.083249770529839145 -0.017661370032955724 0.046766178778616996 -0.05547091245067777 0.085561651354641277 -0.052662481489857249 0.049356674414908458 -0.10446592221818091 -0.064102241021067721 -0.037281252175817098 -0.057511661868880307 -0.081432687879685148 -0.0084103441342195436 0.054865815091695892 -0.0083725655674035115 0.027219919733576653 -0.057001779879464254 0.036509984039636421 0.04732618782872227 0.048112246737835679 0.094625525564958776 -0.070609507634995003 0.028965712196493298 -0.032806569757016568 0.13076273595906926 0.031373677137707043 0.0092026311292128359 0.05100613093574298 -0.051441106557470501 0.038557934466640159 0.041497325736282203 -0.051063537922514106 0.029502052313174817 -0.033467160252241009 -0.037980686459592822 0.015717314806114688 -0.086236719563689071 -0.054615741213220603 -0.052359554610981032 0.047781083283881531 0.057469820067491788 -0.008869866414301826 0.053842606769648693 -0.008268039328133291 -0.11794232630023678 0.040583082624182774 0.04013110080615076 -0.11446763382446896 -0.099725799476191423 0.0032999794647126527 0.040835269267429482 -0.079924132973153192 0.044560586910138124 0.054134730616342247 0.090240821133447877 0.021534151431115905 -0.11126538530481589 -0.00037990346087016837 0.051410392540084726 -0.0082113100657310416
leaf_weight=39.184811207116581 2894.3098260601982 107.86722642811947 105.52984300022945 608.02980031096376 375.03387618227862 295.38236555620097 194.40045252814889 196.70593085419387 196.63145892845932 53.194590811035596 282.38295532052871 412.78155501373112 165.14203147019725 52.791028153616935 595.19811004551593 880.13064364518505 527.40253223257605 696.50410140363965 454.24779603176285 4870.4366958868923 541.86195686482824 2016.806084148935 209.48409414780326 310.02390940231271 3774.9112729714252 467.119750839076 168.90416442346759 110.50504258694127 668.02771764353383 283.20789786754176 455.57204044156242 129.58068823465146 1231.8065334809944 981.2500490398379 2094.7992957754759 646.73719207767863 640.14812012331095 898.05766663479153 119.56914035754744 152.77926808351185 295.58154019061476 160.30194194312207 550.74436145380605 336.93275400006678 93.990338223287836 188.13602312281728 71.267639540368691 811.88736461987719 688.60490453778766 65.546379356877878 189.39104175334796 1424.2116240286268 7242.2911063781939 283.19513378140982 342.62404839787632 1313.916410394595 510.28382243774831 561.15386959270108 159.65981584961992 138.26957177440636 41.34048087685369 564.14737286570016
leaf_count=1646 2482 2455 2164 17776 695 12255 1031 14683 1261 597 5519 8378 3440 1322 4205 3528 4914 2367 5894 18068 1467 17368 699 4872 30523 6336 629 1342 5239 565 96736 6950 20446 59703 79579 33879 51926 26906 3890 1550 46170 8728 6209 2697 147 2938 884 5583 792 485 1834 7784 13886 4102 920 1691 3261 3715 1519 559 35 16911
internal_value=0.0218575 0.0197474 0.0240514 0.011072 -0.00651105 0.0284365 -0.000459567 0.0271878 -0.00166256 0.0258574 0.0290881 0.0296666 0.0157239 0.0237687 -0.00815428 0.00495677 0.0265204 0.0178762 -0.0227537 0.0309356 0.00630761 0.03744 0.0111116 -0.0297126 0.0265964 0.0221635 0.0638396 -0.0372484 -0.00270315 0.0808023 0.00111664 -0.031511 0.00339628 -0.00932459 0.0109332 0.00986118 0.00158485 -0.00487405 0.0090624 0.0168819 0.0211644 -0.0171472 0.048447 0.0257804 -0.0203806 0.0437471 0.0326092 0.0371637 0.0253881 0.0345051 0.00584099 -0.00879232 0.038133 0.0352985 0.0211798 0.0320648 0.0597482 0.00793401 -0.00667359 -0.0598032 -0.0631943 -0.0218565
internal_weight=45937.9 43043.6 28770.2 14273.4 1605.18 3717.44 883.12 587.738 393.337 27165.1 20598.1 20492.5 6567 4912.08 1654.92 10555.9 1595.67 749.699 1230.14 19985.8 1271.68 2834.32 817.514 905.222 4746.93 4242.03 504.903 392.888 775.895 452.112 8960.26 585.153 8375.11 3115.97 5259.13 2134.72 4027.33 1544.79 3387.18 2703.46 2550.68 455.883 589.929 878.795 506.772 1068.27 18714.1 11475.9 7238.19 4935.98 2302.21 1613.6 11404.6 10082.5 2840.16 2515.62 1322.17 1201.71 859.083 297.929 324.536 683.717
internal_count=696135 693653 155971 537682 14283 65073 29230 16975 15944 141688 86832 84668 54856 42815 12041 472609 11380 2964 13588 76143 11025 35843 18475 9077 39375 36859 2516 6861 7694 1194 461229 103686 357543 128343 229200 68640 208754 60785 156828 136027 134477 54898 7855 4164 8525 6466 65118 36155 28963 18553 10410 9618 35271 26427 12541 8404 8844 6713 5793 2078 4137 20801
is_linear=0
shrinkage=0.05


Tree=33
num_leaves=63
num_cat=22
split_feature=1 0 14 17 0 0 35 0 41 0 43 43 0 48 0 48 0 0 0 44 44 23 44 0 44 48 0 28 27 48 24 48 43 0 0 0 20 44 48 0 21 44 0 48 43 44 28 0 0 0 43 26 29 17 0 49 30 41 43 29 0 27
split_gain=1175.15 1068.18 606.759 608.41 785.28 737.222 512.78 628.032 462.086 1416.65 689.361 476.492 1113.26 1072.06 1319.41 825.501 1018.26 799.432 696.251 475.375 435.844 410.235 409.008 435.569 408.245 382.923 486.453 381.995 357.973 343.48 330.75 516.083 403.26 490.843 429.488 314.683 309.946 296.434 288.701 325.295 692.754 281.718 280.533 280.348 306.176 271.674 523.222 1371.67 394.66 271.262 270.369 354.373 268.393 264.382 261.743 256.848 253.286 271.471 356.907 318.124 262.444 251.394
threshold=1.1500000357627871 0 12.750000000000002 2.4500000476837163 1 2 5.4500000476837167 3 0.72947329282760631 4 -0.78326541185379017 -0.81429189443588246 5 0.70222932100296032 6 0.85232898592948925 7 8 9 -0.12545862048864362 0.11478523537516595 0.19741411507129672 -0.84313312172889698 10 -0.51296770572662342 0.85232898592948925 11 0.049337463453412063 0.048057714477181442 -0.99720054864883412 -0.024379990063607689 0.77663332223892223 -0.71504372358322132 12 13 14 -0.81666666269302357 -0.46800559759140009 -0.99931246042251576 15 1.6833333373069765 0.88522326946258556 16 -0.70616334676742543 -0.62588816881179798 -0.14250536262989041 0.021568628028035167 17 18 19 0.49812944233417517 -0.0025198425864800806 12.463799476623537 0.88749998807907116 20 57.604166030883796 0.029245014302432541 -0.93540480732917775 0.69056403636932384 14.099661350250246 21 0.032667407765984542
decision_type=10 9 10 8 9 9 2 9 2 9 2 2 9 2 9 2 9 9 9 2 2 10 2 9 2 2 9 2 2 2 8 2 2 9 9 9 8 2 2 9 10 2 9 2 2 2 2 9 9 9 2 10 2 10 9 2 2 2 2 2 9 2
left_child=1 -1 3 5 21 22 7 -6 11 10 52 13 55 18 19 16 -14 -17 20 53 -7 -5 25 -24 29 26 50 28 -20 -25 35 32 33 -32 -34 -18 -26 -38 -8 -40 -41 56 -4 44 -12 54 47 -47 -48 -45 51 -3 -10 -15 -30 -13 -36 58 60 -59 -58 -31
right_child=-2 2 42 4 6 8 38 -9 9 -11 43 12 15 14 -16 17 30 -19 27 -21 -22 -23 23 24 36 -27 -28 -29 45 61 31 -33 34 -35 41 -37 37 -39 39 40 -42 -43 -44 49 -46 46 48 -49 -50 -51 -52 -53 -54 -55 -56 -57 57 59 -60 -61 -62 -63
leaf_value=-0.046804284165967464 0.052429440825764562 -0.066891984498175378 0.053898263238181636 -0.069617871833754341 -0.046436903453657738 0.018179919456725323 0.065299584957737619 0.012037454155915291 -0.042630572114942651 -0.041665954177926671 0.059230478300695714 -0.041320222669010254 -0.018184736137476964 -0.10567395516679144 -0.071118109798048446 -0.053379208903837606 0.071577201207106131 0.049239202276410446 -0.046147459083896961 0.051693639242987643 -0.062581628875630582 -0.0033319295478744463 -0.045866752344402885 0.060640043589452845 0.15457177925920562 0.050500704809555 -0.055547154368227915 -0.043853551560028757 0.073619595264420551 0.026246999929491734 0.071173526424324327 -0.076729467736674009 -0.034801075802564328 -0.076430700245482708 0.061116047909334795 0.012522610216553818 0.050322158888182124 0.00069368913194548334 0.035614500804304471 -0.083356470664922702 0.02637755957246108 -0.053463876355869959 0.020145189632291859 -0.024598726647887096 -0.051365491444461675 0.037736271273109939 -0.049375355051655814 -0.077772748105501638 0.054742805574173062 0.050830789769525153 0.100158204619825 0.03317334066297397 0.067442131474514527 0.03384619617610226 0.045917282616161223 0.40382620179767753 0.14523002325390638 0.015429347050551913 -0.069510411977460315 0.074978331642055779 0.046543690025613912 -0.077053063236011299
leaf_weight=600.42567224497907 2794.5613030928653 113.22240984649397 1829.0204435219057 506.75658906821627 652.77371227520052 1438.8696040511131 426.57595611270517 1487.0783720640466 407.39638350019231 1044.0867571426788 101.37092602974735 749.32646758621559 1806.4883563587209 85.036556134931743 509.29938265425153 195.00498729175888 629.95914003159851 3403.4974185258616 104.47867271583527 612.87063002493232 188.99889559415169 432.73781734984368 560.73893458093517 70.796245460398495 36.283415631856769 753.94388556643389 251.41598507203162 120.34532611584291 1480.5524236850906 71.577798054786399 69.563436527270824 136.34681392915081 284.02965884131845 198.34320844733156 557.79554288112558 373.70925076934509 347.96588601381518 2224.006992966868 1136.1044130420778 210.84455213090405 452.48172138165683 105.00148738222197 987.761068477761 126.30412701168098 163.53549043741077 1376.6086357499007 89.265400360571221 306.09885274921544 2804.2509218361229 1752.415337607963 102.56228384724818 404.83846663031727 64.092294190311804 56.524337456561625 2502.2065991165582 3.2545597553253165 70.162052686326206 3494.2688538415823 60.456823198706843 239.66102581471205 891.87965722149238 332.44814424659126
leaf_count=155942 2482 3322 1343 12563 7852 6184 133 10461 6222 55899 588 48798 46028 858 10474 8574 1815 21689 1902 1518 4518 1689 38532 316 109 4297 12291 1803 3004 1068 374 4603 11137 4880 4945 3204 1364 60588 1570 1385 538 15442 1686 2839 5790 3526 1521 4720 5677 16231 334 3812 184 72 5044 1 344 42162 3207 814 4165 11702
internal_value=0.0210199 0.0189592 0.0199059 0.0182991 0.00255515 0.020765 0.0114897 -0.00596123 0.0239278 0.00734359 0.0269669 0.0263702 0.0198879 0.0337373 -0.00975136 0.0234338 0.0152955 0.0436667 0.0390158 0.0321919 0.00874959 -0.0386744 0.0035459 -0.00575241 0.00168673 0.0244052 0.00184362 0.0445642 0.0458439 -0.0409508 0.0237928 0.0194549 0.0216512 -0.0383007 0.0244674 0.0504265 0.00945519 0.007408 0.0283168 0.0195495 -0.00837617 0.0275871 0.0423249 0.0391095 -0.00904407 0.0469668 0.0386564 0.0164863 0.0515493 0.0458994 0.0255757 0.011304 -0.0276677 -0.0499645 0.0565155 -0.0388786 0.0292404 0.0255023 0.048329 0.0192515 0.0557343 -0.0587523
internal_weight=45390.3 42595.7 41995.3 39178.5 5305.35 33873.2 4365.86 2139.85 28603.4 3659.2 2615.11 24944.2 13268.7 11675.4 1263.73 12516.2 8917.67 3598.5 10411.7 754.432 1627.87 939.494 5269.8 3643.82 3083.08 1625.98 872.039 8783.81 8663.46 474.822 7111.18 6107.51 5971.16 267.907 5703.26 1003.67 2608.26 2571.97 2226.01 1799.43 663.326 5419.23 2816.78 2143.63 264.906 8558.98 4576.22 1682.71 2893.52 1878.72 620.623 518.061 471.489 141.561 3982.76 752.581 5314.22 4756.43 1022.5 3733.93 962.042 404.026
internal_count=696135 693653 537711 534682 36191 498491 21939 18313 360756 87753 31854 273003 222182 50821 12922 173383 143120 30263 37899 2448 10702 14252 137735 113679 75147 24056 19759 27197 25394 13086 97092 92073 87470 5254 82216 5019 62061 61952 3626 3493 1923 71079 3029 25448 6378 23492 15444 8246 7198 19070 7468 7134 6406 930 8048 48799 55637 50692 7716 42976 4509 12770
cat_boundaries=0 4 8 12 16 20 24 28 32 36 39 43 46 49 53 57 61 65 69 72 75 79 82
cat_threshold=2107460 3156247457 753708 64 210028064 1079863314 3222283392 267 22152466 659530 5250 688 2170093825 8389696 620763200 692 33559201 25600 1927291200 260 2181300256 1073761280 2200175120 1024 1 20 618659904 2 268963968 9707520 1150288128 256 134266880 54591488 2049 11 746590721 278548 1074814977 1048578 4160 4096 176 22151186 0 5120 0 4194304 4194304 0 4194304 4194305 8 671089152 20971520 4194369 10 1918566545 131072 100683840 1172 1360663696 55181340 683673680 303 1375797376 12650496 2550137408 6 2147532928 33556480 134220032 512 1024 536870912 2181349376 41946112 134482256 1 32768 0 2048
is_linear=0
shrinkage=0.05


Tree=34
num_leaves=63
num_cat=20
split_feature=1 0 22 0 30 33 0 0 21 0 0 0 44 48 0 0 41 24 0 32 27 48 43 7 43 35 31 48 0 24 0 18 18 0 41 44 0 19 29 0 48 42 44 0 48 16 35 0 42 24 48 43 29 48 0 48 48 32 0 7 44 0
split_gain=1131.07 998.152 575.197 572.072 459.723 488.57 914.091 447.536 362.59 417.643 335.438 334.048 293.415 291.138 697.199 350.417 282.038 275.575 513.179 327.152 300.061 283.687 270.776 269.815 264.534 260.216 258.613 253.262 243.555 225.413 281.22 217.476 333.453 326.073 217.295 214.081 230.624 226.8 221.181 213.249 212.406 207.527 205.568 393.075 249.663 288.132 243.705 218.542 278.503 203.535 199.758 337.501 469.382 240.614 576.477 239.397 404.439 544.613 254.088 196.366 188.996 232.501
threshold=1.1500000357627871 0 0.61250001192092907 1 0.40339080989360815 1.0000000180025095e-35 2 3 -0.18333333730697629 4 5 6 -0.082691941410303102 0.85232898592948925 7 8 0.97335553169250499 -0.0048804760444909326 9 0.086206898093223586 0.17691454291343692 0.77663332223892223 0.9787549376487733 20.349999427795414 0.95502296090126049 9.7500000000000018 1.0000000180025095e-35 0.99604561924934398 10 -0.0029361438937485214 11 17.550000190734867 17.050000190734867 12 -0.22695468366146085 0.54759982228279125 13 4.5000000000000009 9.130343437194826 14 0.64787715673446666 -0.22695468366146085 -0.35846087336540217 15 -0.72342684864997853 1.2500000000000002 12.34999990463257 16 0.09796465560793878 0.01444663153961301 -0.99236765503883351 -0.93545487523078907 3.0278173685073857 -0.955856293439865 17 -0.93109762668609608 -0.8317061960697173 0.086206898093223586 18 31.500000000000004 -0.91595870256423939 19
decision_type=10 9 10 9 2 2 9 9 10 9 9 9 2 2 9 9 2 10 9 2 2 2 2 8 2 2 2 2 9 10 9 10 10 9 2 2 9 2 2 9 2 2 2 9 2 10 2 9 2 10 2 2 2 2 9 2 2 2 9 10 2 9
left_child=1 -1 3 35 5 6 13 -6 9 -7 31 -4 25 15 -15 -5 22 18 -17 21 -21 24 23 27 -19 28 -16 50 -8 30 -30 32 42 -33 39 37 40 38 -3 41 -37 -14 43 44 45 -10 -45 48 -44 -11 51 -12 -53 54 -52 -55 57 -57 -58 -35 -28 -62
right_child=-2 2 11 4 7 8 12 -9 10 49 16 -13 34 14 26 17 -18 19 -20 20 -22 -23 -24 -25 -26 -27 60 -29 29 -31 -32 33 -34 59 -36 36 -38 -39 -40 -41 -42 -43 47 46 -46 -47 -48 -49 -50 -51 53 52 -54 55 -56 56 58 -59 -60 -61 61 -63
leaf_value=-0.052328570268126921 0.051622088138420785 0.0097190441978103267 0.0062529641833064115 -0.036528422991573717 0.022371688015844011 0.019322369207040405 -0.052185332595093427 -0.048193226236149064 -0.056172963868119631 -0.066783713563341326 0.065386611804559874 0.040939697221731075 0.044191674757874284 -0.056161846577356789 -0.044087664753569955 0.019558818520206578 -0.048997431654204601 0.035829005433869264 -0.043083052017260787 -0.039375565674039992 0.061534359968415879 -0.072376700703411331 -0.068166068015992218 -0.076593404800257447 -0.060922903111387455 -0.086541565429829992 0.078324112035512136 -0.06003097611026368 0.0093101392205045992 0.019090048424524358 -0.059553185224363647 0.03092316679507956 0.10942270941995341 -0.078176117780750731 -0.059733266050158829 -0.062372348371131939 -0.055338501474317237 -0.044632768190846522 -0.039351264273268766 -0.054174363386355132 0.06109171607741886 -0.038157490245948215 0.077702928240096336 -0.063580055412049433 0.04183374907497079 0.077209446119043623 0.041966416759005441 0.036766746024940233 -0.014753190067511652 0.027427925214233158 0.034062987715137834 -0.089793349072110784 0.043982261568834315 0.048978215009317899 -0.080365241482890384 -0.078057540484707255 -0.010305358624863667 0.027253766441325485 0.026666480342880317 0.055563404901797592 -0.053802698783596087 0.046905550727294056
leaf_weight=486.73806682566646 2698.7959982922766 5126.3218946569832 854.6579230686184 290.40409054362681 411.24447924469132 707.88883986207657 174.42801496491302 476.07376065698918 140.80736950598657 282.88831847626716 706.90984658384696 4102.4917629866395 203.46277956594713 166.3846882901853 70.171289340476505 1132.0146535957465 136.09998252335936 3218.9366087877424 448.12479917868041 313.3923844875535 96.307054216507822 64.252570382202975 80.258789007901214 66.336238828487694 72.233823716873303 84.597704835468903 527.01907687494531 87.932594374287874 385.28233201871626 1384.6881194567541 230.36783878575079 491.82840871624649 172.49552065972239 133.79223655955866 433.5836083360482 52.154825763078406 294.16803391440772 216.88032652367838 240.41084401821718 174.93541728425771 104.90478687733412 122.6103615204338 825.33881869213656 180.48016256792471 1558.8841623656917 56.83020215574652 78.470211406704038 1800.961519789882 90.369824501452968 71.899249150417745 260.51942105963826 94.946837513241917 211.93584703444503 925.94469927740283 176.29199463338591 229.52845747908577 490.64112616609782 263.93428236618638 8770.5094781485386 34.530028861016035 54.702532037161291 950.02704726555385
leaf_count=149050 2482 91705 2937 26393 1980 2327 20251 7452 1397 4199 513 6030 4076 10172 1802 15986 1667 42553 17793 13925 786 2605 1907 316 5981 799 1410 1221 5324 21458 8744 1182 107 2007 46242 3051 45353 8587 6478 23436 1187 6698 2458 4870 4808 71 231 6461 763 365 459 1033 355 1275 2308 2228 6342 767 28843 14 2961 9954
internal_value=0.0202433 0.0182315 0.0190649 0.0169074 0.0196783 0.0207433 0.0121315 -0.0157796 0.0255144 -0.00286914 0.0271839 0.0350546 -0.0102223 0.0217589 0.0394886 0.0162345 0.0225688 0.0191336 0.00164482 0.0265241 -0.0156549 0.0316742 0.0233748 0.0239728 0.0337055 -0.000507412 0.0494653 0.0245187 0.00283929 0.00785899 -0.0172737 0.0374443 0.0411379 0.0105694 -0.0338172 0.00281332 -0.0303093 0.0054951 0.00752087 -0.0113888 0.0188902 0.0128331 0.0386488 0.0265498 0.034923 -0.0178192 -0.0304213 0.0476249 0.0678378 -0.0463839 0.0251316 0.0463786 0.00259325 0.0231941 -0.0131789 0.0246817 0.0223753 -0.0217306 0.0247254 -0.047895 0.054074 0.0413538
internal_weight=44792 42093.2 41606.5 36649.3 30614.5 29727.2 10597.9 887.318 19129.3 1062.68 18066.6 4957.15 3193.96 7403.97 1768.3 5635.67 12501.8 5345.26 1580.14 3765.12 409.699 3355.42 12365.7 12285.4 3291.17 2259.36 1601.92 12219.1 2174.77 2000.34 615.65 5564.79 4904.64 660.151 934.592 6034.84 451.228 5583.61 5366.73 501.009 157.06 326.073 4732.14 2015.47 1756.52 197.638 258.95 2716.67 915.709 354.788 12131.2 1013.79 306.883 11117.4 436.811 10680.6 9754.61 493.463 9261.15 168.322 1531.75 1004.73
internal_count=696135 693653 544603 535636 379275 369843 289349 9432 80494 6891 73603 8967 137028 152321 26299 126022 49234 99629 33779 65850 14711 51139 47567 45660 48534 56576 16127 45344 55777 35526 14068 24369 21166 3203 80452 156361 49591 106770 98183 34210 4238 10774 21059 11377 6276 1468 5101 9682 3221 4564 44123 1901 1388 42222 2767 39455 38180 2995 35185 2021 14325 12915
cat_boundaries=0 4 8 12 16 19 23 27 31 35 39 43 46 50 52 56 60 64 68 72 75
cat_threshold=2107460 3089138593 753708 64 22021426 68812866 2147488898 680 3296842241 25509912 1680877888 1286 1610711168 65536 939526144 16 570495489 25179140 876871745 134479872 1094978560 331629121 273 142721539 75590720 17825793 656 2223030272 16842776 2048 2 0 278528 1141899264 256 1 25231384 536881472 1024 134217728 1077943296 16896 17 570425344 4 46137360 262144 1024 281034752 256 16 524288 570949632 4202496 436207616 1 134217728 16777216 281296961 16 0 1077936128 25428480 1 1611268096 8388608 0 4 2147483648 4096 1209016336 1024 1073742336 0 1075838976
is_linear=0
shrinkage=0.05


Tree=35
num_leaves=63
num_cat=23
split_feature=4 0 0 20 0 41 0 26 43 0 35 48 0 43 44 44 0 44 28 0 44 28 0 18 44 0 28 0 0 35 28 48 0 0 0 44 0 0 44 26 28 0 41 19 44 48 44 0 24 42 0 0 43 48 24 0 41 28 48 18 41 0
split_gain=1023.74 949.092 541.864 461.418 519.449 481.292 1084.31 737.737 664.631 834.041 480.036 462.222 916.896 808.069 531.984 774.473 854.01 434.041 407.724 721.165 404.189 484.282 411.685 374.967 867.363 853.742 544.808 473.186 466.429 531.692 417.709 374.932 507.799 371.255 368.795 317.983 818.036 517.863 317.948 321.438 317.114 754.038 500.186 315.875 315.682 323.115 308.691 298.817 295.5 290.668 964.923 826.756 519.7 281.316 270.831 400.076 338.963 289.653 382.975 264.795 294.338 342.144
threshold=0.15000000223517421 0 1 -1.0000000180025095e-35 2 0.09796465560793878 3 -0.031868794932961457 -0.94705909490585316 4 1.5500000119209292 -0.63256293535232533 5 -0.99763298034667958 -0.19337245076894757 0.029024410061538223 6 0.44312302768230444 0.040600210428237922 7 0.41202506422996527 0.058037718757987029 8 7.9500000476837167 -0.90892156958580006 9 0.013725490774959328 10 11 8.9499998092651385 0.056927841156721122 -0.81125614047050465 12 13 14 -0.082691941410303102 15 16 0.26659387350082403 0.060285160318017013 0.013725490774959328 17 -0.77259656786918629 4.5000000000000009 -0.77243989706039418 -0.99076217412948597 0.046214086934924133 18 0.091024000197649016 1.0000000180025095e-35 19 20 -0.99467751383781422 0.62932616472244274 -0.017935864627361294 21 -0.84874749183654774 0.046430176123976714 -0.93109762668609608 31.562500000000004 -0.81241145730018605 22
decision_type=10 9 9 10 9 2 9 10 2 9 2 2 9 2 2 2 9 2 2 9 2 2 9 10 2 9 2 9 9 2 2 2 9 9 9 2 9 9 2 10 2 9 2 2 2 2 2 9 10 2 9 9 2 2 10 9 2 2 2 10 2 9
left_child=1 -1 20 4 -4 8 7 34 11 59 47 14 13 -13 -5 16 -16 33 19 -14 21 40 53 24 26 30 -11 -25 29 -28 -26 32 46 -12 -7 37 38 -33 39 -37 41 42 -3 49 -27 -46 -9 -8 -6 51 -51 -42 -52 -22 -47 57 -57 -56 -59 60 61 -10
right_child=-2 2 3 5 48 6 10 31 9 23 17 12 18 -15 15 -17 -18 -19 -20 -21 22 -23 -24 27 25 44 28 -29 -30 -31 -32 35 -34 -35 -36 36 -38 -39 -40 -41 43 -43 -44 -45 45 54 -48 -49 -50 50 52 -53 -54 -55 55 56 -58 58 -60 -61 -62 -63
leaf_value=-0.052243821504610571 0.055575095684209687 -0.090530656910286389 0.013036546442918493 0.070118726504382362 -0.066461917810496957 0.020641310611454872 0.008017072172032803 -0.025202240228212713 0.025350352532321048 -0.048842057054185463 0.0048731645143249023 0.022365912863417461 0.031526222362385989 -0.10371836938977513 0.043002327246506551 0.04660403155206419 -0.12554253545573127 0.048211322692385782 0.052357773800999763 -0.073458859851125699 -0.038148679296798486 -0.063959991617156708 -0.056652760359197821 -0.011197324874005552 -0.059696725559401642 -0.028776921886693826 -0.051244381942353513 0.045369423419139715 0.056384976451469483 0.044653504280257494 0.020516173713540756 -0.058050144598291192 -0.066965118717835823 -0.053769263273912828 -0.05481906683627838 -0.080906542279160554 -0.044270146604613224 0.046979827548263013 0.056576543111822877 0.052042874454174742 0.026941721787289902 -0.046236161017655 0.031414829934210652 -0.081844533091993743 -0.090620371284723639 0.048664735252012731 0.058252498241359876 -0.055293346230509743 0.029778465052084525 -0.058139661490470868 -0.075877134108746913 -0.020753040433902678 0.041518818355792464 0.038866473807634194 0.039343475268148777 0.019603737824806403 -0.041797385839655629 0.066559201189876946 -0.070030218346072648 0.032967066944682023 -0.043455414995745865 -0.053714767859394635
leaf_weight=463.80575071065687 1918.2030171744991 91.974131932249293 1728.6152474674163 1989.9454668096732 378.82072090811562 269.86681891581975 253.14580383442808 180.42175341525581 473.76023675140459 160.50493586948141 1126.2849643967347 278.74555688537657 1005.4583030010108 233.54936307040043 145.05214859172702 1595.7399808075279 140.46922336146235 424.04769023391418 1842.1460167730693 185.54238061141223 192.23054268117994 204.19358475168701 441.09595769818407 417.87250514351763 635.90738921402954 348.44373677298427 240.75598579645157 3325.6338671627454 2211.1766054793261 361.66249391809106 217.92334844078869 114.94035715435166 205.48696633754298 344.80195706163067 385.68207762553357 95.142315903678536 396.1704135312466 3647.0028719600523 718.19314682018012 87.069984070956707 2569.5068974780152 676.19695086986758 980.84754449222237 77.827978445217013 63.327634391258471 801.25488255580422 287.17072614678182 728.08591261459514 101.03135813050903 277.88296774413902 97.252598867635243 1394.8516261004843 3076.8663714441936 309.44397502322681 1341.9795741174603 443.44304805807769 455.80950880388264 79.188804609002545 145.81496212095954 271.80873492057435 706.96727305219974 180.8517896248959
leaf_count=149225 1296 2113 7132 1519 6780 1555 11576 2129 4647 2420 5059 959 1903 3240 100 2590 1193 1387 3065 2551 10858 13172 64531 2969 30796 4490 3982 8237 6191 280 3580 4586 7078 5726 11428 2025 14218 16608 7647 75 23834 23270 7569 2723 1915 4996 1760 53269 161 15239 1359 24887 26178 4454 10433 6459 12500 486 5847 975 25922 10790
internal_value=0.0198429 0.0182349 0.0190181 0.0222639 0.000225018 0.0239178 0.0144737 0.0259295 0.0282272 0.0213632 -0.0110166 0.0401514 0.0271083 -0.0344422 0.0520968 0.0330338 -0.0428083 0.00364289 0.0374941 0.0148188 0.00908062 0.0122046 -0.0221286 0.0261967 0.0197742 0.00600809 0.0407564 0.0391464 0.0458677 0.00622468 -0.0387699 0.031717 -0.00334096 -0.00920417 -0.024276 0.0363818 0.0150284 0.0437414 0.0411538 -0.0173768 0.0138872 -0.00528321 0.0207667 0.0183613 0.0164602 0.0212419 0.0255058 -0.0394418 -0.0452557 0.0194128 0.0300206 0.010176 0.0378028 0.00917313 0.0234099 0.0152049 -0.0113923 0.0303475 -0.0219583 -0.0120172 -0.0210855 0.00307347
internal_weight=44544.9 42626.7 42162.9 31772.7 2208.47 29564.2 9263.51 6387.15 20300.7 12884.1 2876.37 7416.65 3545.44 512.295 3871.21 1881.26 285.521 1895.13 3033.15 1191 10390.2 9447.4 942.77 11250.7 7507.19 4533.09 2974.1 3743.51 2813.6 602.418 853.831 5731.6 673.079 1471.09 655.549 5058.52 1296.58 3761.94 900.405 182.212 9243.21 1749.02 1072.82 7494.19 3679.26 3330.82 467.592 981.232 479.852 7416.36 3452 3964.36 3174.12 501.675 3267.49 2466.24 899.253 1566.98 225.004 1633.39 1361.58 654.612
internal_count=695942 694646 545421 325234 14073 311161 146126 69109 165035 147915 77017 17120 11718 4199 5402 3883 1293 12172 7519 4454 220187 140344 79843 105581 94375 81502 12873 11206 10453 4262 34376 56126 10967 10785 12983 45159 23965 21194 9747 2100 127172 32952 9682 94220 47126 42636 3889 64845 6941 91497 42776 48721 27537 15312 40721 35725 18959 16766 6333 42334 41359 15437
cat_boundaries=0 4 8 12 16 20 24 28 31 33 37 41 45 49 53 56 60 64 67 71 75 79 82 85
cat_threshold=2107460 3089138593 753708 64 156374290 72891402 2148540035 672 839712897 25165828 2090877008 276 1115701921 8667136 1621369152 262 2181316641 1074020352 1134821392 1024 2214625792 1098924096 268460288 279 536870912 0 536870912 4 1652621441 4 671088704 20971536 4726784 9011712 33685568 201326848 273 75498112 65552 8256 16 524288 8454228 406872064 14 1073758720 8388608 538968128 256 536969216 50331652 272646160 16 0 8388608 8256 8389152 8650752 545259520 258 16384 8650752 8192 256 21103872 8194 2147484160 327680 65536 184549392 1024 134218752 71303170 2148532739 512 138417408 72884226 1050627 512 67108992 8454160 805314624 33554433 0 8650752
is_linear=0
shrinkage=0.05


Tree=36
num_leaves=63
num_cat=20
split_feature=4 0 0 35 0 20 0 28 0 0 35 0 0 35 48 43 47 43 48 28 48 0 48 42 0 0 28 0 43 18 0 0 48 43 43 26 0 0 43 21 35 42 28 25 28 35 29 33 0 27 43 0 34 46 33 1 0 32 0 29 36 28
split_gain=987.653 884.677 501.478 438.77 1178.28 425.955 412.578 392.112 1545.23 819.295 470.02 429.018 389.677 387.841 370.746 357.738 348.869 332.581 332.144 326.245 501.202 315.701 313.663 408.179 822.694 521.206 339.022 313.825 308.546 304.85 590.47 450.315 361.169 470.517 401.064 363.201 301.201 298.646 298.039 297.073 294.151 285.34 256.735 256.194 254.4 255.419 345.606 273.336 269.115 253.743 249.66 245.342 237.502 236.139 237.14 235.543 230.594 226.741 281.761 226.484 224.969 224.736
threshold=0.15000000223517421 0 1 0.15000000223517421 2 -0.18333333730697629 3 0.033333335071802146 4 5 1.4499999880790713 6 7 2.3500000238418584 -0.9662700593471526 0.056951373815536506 0.54315117001533519 0.67802080512046825 0.63942477107048046 0.055752867832779891 -0.99720054864883412 8 -0.92625963687896717 -0.16280825436115262 9 10 0.0098039219155907648 11 -0.87812310457229603 9.9499998092651385 12 13 0.85817068815231334 -0.76141706109046925 -0.65234524011611927 0.010749510023742916 14 15 -0.85227432847022999 6.5625000000000009 0.45000000298023229 0.88144907355308544 0.021568628028035167 0.19500000029802325 0.021568628028035167 8.0500001907348651 8.9483594894409197 3.4500000476837163 16 0.071143176406621947 0.94425827264785778 17 0.25000000745058065 -0.89652985334396351 0.45000000298023229 13.650000095367433 18 0.086206898093223586 19 1.6903637051582339 10.500000000000002 0.055752867832779891
decision_type=10 9 9 2 9 10 9 2 9 9 2 9 9 2 2 2 2 2 2 2 2 9 2 2 9 9 2 9 2 10 9 9 2 2 2 10 9 9 2 10 2 2 2 10 2 2 2 2 9 2 2 9 2 2 2 10 9 2 9 2 2 2
left_child=1 -1 29 4 14 6 -5 8 13 50 11 15 16 -7 -4 -11 17 36 -18 -12 -21 -19 27 25 26 -24 41 -16 -27 30 32 39 33 40 -34 -35 53 -28 -30 42 -3 60 -31 -33 45 57 47 48 -47 55 -9 -40 -17 -10 -55 -32 -37 58 -14 -51 -25 -36
right_child=-2 2 3 5 -6 7 -8 9 12 10 19 -13 44 -15 22 52 18 21 -20 20 -22 -23 23 24 -26 28 37 -29 38 31 49 43 34 35 61 56 -38 -39 51 -41 -42 -43 -44 -45 -46 46 -48 -49 -50 59 -52 -53 -54 54 -56 -57 -58 -59 -60 -61 -62 -63
leaf_value=-0.052090911498418546 0.054918665222290046 -0.065779759088627848 -0.051341755453486237 0.012238274486811843 -0.043113921349415156 -0.012527517472756648 -0.048740894312800653 0.042526371609128255 0.030825770879309905 -0.056822177262899703 0.027651007372495512 -0.05112932297562537 0.048257305068819215 -0.081364981005382822 0.084905545400685609 0.060627254180376136 0.035635732461122054 0.049148683611306865 -0.060646531904914071 0.0567867965609056 -0.048233388974496819 -0.075919890141487312 -0.03475081958564951 -0.07406506632196154 -0.054864786143039357 -0.070113269684946786 0.019296647807126657 -0.053424553648142248 0.096438090724440623 -0.081279731908116881 -0.041114550642118983 0.081525406221574642 -0.039803620222916697 -0.045479329495267146 0.063271550271552651 0.024199410682001626 -0.068357456741192868 -0.04684551534486351 -0.052788704980031201 0.029130788692225015 0.031089761258817614 0.081186824192264723 -0.010148903978474963 0.025082174829703964 -0.013941864173162403 -0.0003433257768583357 0.045217682931101386 0.022535225431436493 -0.087310758211419093 -0.043610556628588044 -0.05294927432800095 0.043974872227803247 -0.068470708785232218 -0.066516114172351662 -0.00010312500544662977 0.36929244191667115 -0.055155908690839694 0.049375712256183445 0.02017463879317407 0.0013952256788821067 0.045526570477524071 -0.065268671989434285
leaf_weight=442.47700457286555 1845.912073440617 83.150623677531257 177.93696663377341 1329.6068547773175 914.50722761836369 401.57003309915308 339.82170061476063 7927.6290428084321 270.99775966349989 117.41207161056809 4107.2430618555518 440.66201606194954 1313.565605107462 417.19965382036753 298.36935242637992 290.08995742979459 1086.3569228487322 328.36244470300153 97.621367492713034 167.64509285241365 352.45402329915669 50.985435807611793 230.48677864577621 62.444823940750211 469.89902473520488 55.995733457384631 663.03782470838632 43.508775379275903 276.07132923882455 181.26059256715234 777.21323651936837 216.94079701253213 124.13813682901673 574.99518504657317 718.20897465781309 497.00301722460426 261.86041015188675 218.69356994680129 62.850411597872153 303.61429591639899 1362.344410071848 330.15450382675044 422.64055312052369 2743.1366837073583 318.50477185135242 190.81572870071977 400.40591367310844 284.63856225321069 165.39449326624162 332.97739876247942 69.06714392255526 1202.5393798572477 40.613987643271685 219.9999271268025 345.50163311860524 3.5118751525878897 102.18894697783981 2006.5260094422847 2947.9562889720546 1741.7659968395019 106.20928507950157 35.694398199557327
leaf_count=149225 1296 7262 8294 4097 102777 10822 4057 28815 951 1537 11151 11225 5009 6025 1157 1013 3241 757 1125 136 3497 906 8051 2382 29325 1883 12620 2636 268 4497 55468 817 3460 32495 7688 9759 3419 10377 4927 548 5205 1327 5214 16553 2282 427 276 394 890 19616 2263 16117 641 2382 825 1 11330 5070 12273 34768 579 2514
internal_value=0.0191221 0.0175513 0.0182998 0.021435 0.00803962 0.0240481 -0.000393036 0.0257054 0.018746 0.0314263 0.0165002 -0.0167727 0.0240023 -0.0470289 0.0192394 0.0177572 0.0074461 -0.00872912 0.0276971 0.0229266 -0.0143819 0.0316334 0.0224112 0.0181534 0.00159914 0.0349115 0.0210628 0.0682219 0.0448991 0.00865534 0.00192636 0.0197312 0.0156761 0.00641919 0.0434733 -0.0170919 -0.0226694 0.00257914 0.0493683 -0.0110926 0.0255174 0.0541582 -0.0314988 0.0291205 0.0297621 0.0317073 0.00877504 -0.0139945 -0.0431845 -0.0149187 0.0416497 0.0390991 0.0447726 -0.00746067 -0.0259401 -0.0392684 0.0101492 0.0355168 0.0289914 -0.00582779 0.00124731 0.0571857
internal_weight=43912.4 42066.5 41624 31403.2 5112.7 26290.5 1669.43 24621.1 11108.3 13512.8 5516.12 888.778 10289.5 818.77 4198.2 448.116 2661.69 1477.71 1183.98 4627.34 520.099 379.348 4020.26 3678.38 1850.44 1827.94 1380.54 341.878 1597.46 10220.8 6353.19 3867.59 3497.72 2619.68 878.042 1174.19 1098.36 881.731 1541.46 907.515 1445.5 498.809 603.901 2960.08 7627.81 7309.3 1041.25 640.849 356.21 2855.47 7996.7 1265.39 330.704 836.499 565.502 780.725 599.192 6268.05 4261.52 2074.74 168.654 753.903
internal_count=695942 694646 545421 328226 202720 125506 8154 117352 57074 60278 29200 14416 40227 16847 99943 3191 13606 9240 4366 14784 3633 1663 91649 87856 56610 31246 27285 3793 23195 217195 189566 27629 79713 66051 13662 53584 7577 22997 21312 10259 12467 4288 9711 17370 26621 24339 1987 1711 1317 109853 31078 21044 1654 4158 3207 55469 21089 22352 17282 54384 2961 10202
cat_boundaries=0 4 8 12 16 20 24 27 31 35 39 42 46 49 53 56 59 62 66 68 71
cat_threshold=2107460 3089138593 753708 64 156374290 72887306 2148540035 672 1720205984 25231364 805314880 15 1913454721 25165828 2095054928 272 2214608928 1090781248 1145053184 272 2416263840 1124466768 1709178960 272 1107296257 0 402653184 268501632 42074132 2097152 8 268500992 20 0 8 1140850848 4 805314624 6 67125280 0 805306432 67125248 25165824 805306368 4 22025474 5251072 1049089 20972802 5251072 1049089 128 268501120 8388612 2097152 1073741984 4 536870976 33587200 0 805323008 34078720 0 0 9 22024194 8192 8421376 0 8667200
is_linear=0
shrinkage=0.05


Tree=37
num_leaves=63
num_cat=25
split_feature=4 0 0 41 0 43 0 18 0 15 43 44 0 0 0 28 35 18 44 0 28 47 44 28 35 0 0 0 0 0 28 44 8 28 28 0 30 0 19 18 43 0 41 0 18 44 0 30 0 24 43 0 18 43 0 30 43 0 28 0 23 0
split_gain=953.723 824.131 460.04 400.86 892.221 590.226 708.012 505.971 768.054 421.75 421.182 416.919 781.886 402.803 393.695 392.137 365.708 412.445 356.565 480.705 435.938 354.084 422.604 351.933 349.756 633.758 343.233 340.534 338.558 338.256 324.519 309.37 339.545 294.039 287.837 843.461 368.705 332.792 275.661 273.173 272.548 296.468 254.279 379.801 350.406 245.04 305.841 243.213 241.522 236.373 255.729 233.047 231.113 492.798 513.811 478.666 326.021 760.282 309.915 472.384 390.012 244.959
threshold=0.15000000223517421 0 1 0.09796465560793878 2 -0.94705909490585316 3 4.0499999523162851 4 8.5500001907348651 0.70290291309356701 -0.70289847254753102 5 6 7 1.0000000180025095e-35 7.9500000476837167 1.1833333373069765 0.24997577071189883 8 0.058037718757987029 0.76629367470741283 -0.35846087336540217 0.060723030939698226 3.1499999761581425 9 10 11 12 13 0.053132651373744018 -0.86974579095840443 1.2291666865348818 0.0058823532890528449 0.013725490774959328 14 0.19282857328653338 15 4.5000000000000009 26.050000190734867 -0.97113886475563038 16 0.68322628736495983 17 9.5500001907348651 -0.42958799004554743 18 0.027357550337910656 19 -0.025376990437507626 -0.45274443924427027 20 2.6833333969116215 0.35846313834190374 21 0.082546297460794463 0.022575936280190948 22 0.017647059634327892 23 0.61620295047760021 24
decision_type=10 9 9 2 9 2 9 10 9 10 2 2 9 9 9 2 2 10 2 9 2 2 2 2 2 9 9 9 9 9 2 2 10 2 2 9 2 9 2 10 2 9 2 9 10 2 9 2 9 8 2 9 10 2 9 2 2 9 2 9 10 9
left_child=1 -1 18 5 10 7 30 13 33 29 47 14 23 -4 16 -16 17 -8 20 -20 34 24 -23 -13 27 -26 -24 -14 40 -10 51 32 -19 -9 35 36 -3 -38 52 42 41 -6 44 -44 -30 46 -27 -5 -15 -29 -51 -7 56 54 -54 -55 61 -58 -56 60 -60 -36
right_child=-2 2 3 4 28 6 11 8 9 -11 -12 12 21 48 15 -17 -18 31 19 -21 -22 22 26 -25 25 45 -28 49 39 -31 -32 -33 -34 -35 38 -37 37 -39 -40 -41 -42 -43 43 -45 -46 -47 -48 -49 -50 50 -52 -53 53 55 58 -57 57 -59 59 -61 -62 -63
leaf_value=-0.051936857906874079 0.054263707423272939 0.031169768960507938 0.061729932167692084 0.039544768651778445 0.020579975840502699 -0.0064886375729422754 -0.069339885364409423 -0.044372734380370503 3.1797077624964088e-05 0.024175332855409459 0.018114443328655538 -0.057783381344872542 0.0049966072641161492 -0.044606507433055727 -0.069708999593966856 0.038165063998450648 0.034822279859536592 -0.061908291464707776 0.007375408580424867 -0.057299325300462035 -0.063233409058808962 -0.073309868615208537 0.031307903784496376 0.038201588176607446 -0.084773390726153294 0.0098174664014972698 -0.063391400677739282 0.090631365644514489 0.011448005571282402 -0.076937676173873537 0.020490542990979133 0.033377104199504307 0.12579276986609078 0.040916840237458597 0.029751138409944772 -0.069814987495246325 0.01301936514338776 -0.083471224622720303 -0.081691413529022816 -0.034553282507715458 0.035445776106546027 -0.075798073138787975 -0.052213825674841147 0.0089737064685991279 0.050418956723612664 0.031746294062048618 -0.09803473191979907 -0.048063510633305891 0.034886492796262769 0.052240520212318599 0.0093586489500917299 -0.058756614701360843 -0.0374231214258018 -0.048665965702014292 0.048575521876776634 0.061815666060641032 0.037600872101252035 -0.06493163786527105 -0.065010617083009412 0.02583188098605272 0.033825372995212571 -0.0075761293812452394
leaf_weight=422.14331258099992 1776.5462242178619 912.84475501964334 2158.9725569190923 86.359108885517344 235.71706714597531 413.75864807562903 241.26755329617299 106.46212268411182 258.25786987063475 367.05542864557356 427.07349022536073 530.28266857122071 708.3095440925099 92.892389582470059 85.617273509968072 5255.9719278450357 697.90296980645508 200.23313781409524 761.33438697690144 451.35732765041757 189.61283640633337 209.69969304511324 418.62516561138909 116.47320520726498 167.17696782271378 240.67769428342581 113.5741612110287 258.54630848602392 2083.9197840326233 325.78465089644305 385.39969365717843 409.7842060669791 27.389441587030888 1989.272987959208 1342.5961090190103 379.41680588852614 207.44477343256585 146.67575528402813 69.040441738441586 320.131178018637 3080.5035947841825 108.75045286351815 300.53166211221833 1374.431024170015 797.56297006760724 806.71197555249091 80.276691168779507 958.328227095888 2446.0886772223748 1143.1672595455311 499.62701120134443 455.58009531314019 396.85468988586217 107.2327961382689 825.04093527677469 1143.2821708149277 308.03017201600596 413.63224757567514 307.00800456968136 1437.024501782842 147.8969529508613 650.88515688979533
leaf_count=149225 1296 6991 3478 2214 728 10411 5842 760 1324 658 12945 21646 18595 1420 1531 21727 727 2514 23562 68285 12637 2741 5477 1472 953 390 5004 1283 23259 2735 8031 1219 20 3267 11591 18552 1608 3166 2387 2751 36484 2296 11686 19453 2082 1504 732 37829 5546 6709 16568 19223 8678 2724 2400 3148 5443 27725 4475 5773 174 10868
internal_value=0.018387 0.016855 0.0175685 0.0206043 0.0122327 0.0244714 0.0181461 0.0354695 0.0196002 -0.0176384 -0.0235594 0.0218115 0.0112671 0.0457615 0.0299105 0.0363679 0.00775242 -0.0136601 0.00833298 -0.0171079 0.0117762 0.0184329 -0.0131921 -0.039881 0.0244892 0.0032444 0.0104957 0.0350304 0.0185842 -0.0442193 -0.0175597 0.00741554 -0.0393225 0.0364104 0.0133933 -0.00545493 0.0142574 -0.0289363 0.0177343 0.0100718 0.0306397 -0.0114501 0.0132293 -0.00226308 0.0222347 0.016895 -0.019907 -0.0408214 0.0318145 0.0459509 0.0391988 -0.0346304 0.0187039 0.0258294 0.0151821 0.0523418 0.00725022 -0.021546 0.0229192 0.0118521 -0.0321703 0.0176748
internal_weight=43380 41603.5 41181.4 30984.1 9773.31 21210.8 13466.1 7744.79 3046.83 951.098 1471.76 12211.3 5293.15 4697.95 6918.17 5341.59 1576.58 878.674 10197.2 1212.69 8984.52 4646.39 741.899 646.756 3904.49 1294.84 532.199 2609.65 8301.55 584.043 1254.74 637.407 227.623 2095.74 8794.91 1646.38 1266.97 354.121 7148.52 4876.58 3424.97 344.468 4556.45 1674.96 2881.48 1127.67 320.954 1044.69 2538.98 1901.34 1642.79 869.339 7079.48 4364.34 3113.83 1250.51 2715.14 721.662 2716.97 1891.93 454.905 1993.48
internal_count=695942 694646 545421 325234 151727 173507 154319 19188 8744 4717 52988 116654 83074 10444 33580 23258 10322 9595 220187 91847 128340 59956 13222 23118 46734 3579 10481 43155 98739 4059 37665 3753 2534 4027 115703 30317 11765 4774 85386 59231 39508 3024 56480 31139 25341 2626 1122 40043 6966 24560 23277 29634 82999 27372 21500 5872 55627 33168 12822 10422 4649 22459
cat_boundaries=0 4 8 12 16 20 24 28 32 35 39 43 47 50 54 57 59 62 65 68 72 75 79 81 84 88
cat_threshold=2107460 3089138593 753708 64 156374290 72891402 2148540035 672 3020685312 1073938512 121634832 1049 2181316641 1074020352 1126432768 1024 3489972353 458768 1944059968 1288 8487424 131140 272 16 2156658688 1082130432 226754896 13 0 8454160 281026560 15 21102608 4726784 1048576 524416 0 671088640 262 872415232 65536 415236096 271 1610612736 42008592 201343040 256 41959968 278528 1084227904 33619968 16452 134479888 16 21103872 532490 2147488256 4326400 524288 0 0 10485824 65536 58720260 278528 1879048192 25165824 4194304 67158528 131072 16384 256 33554432 262144 1074003968 134218752 71307266 2148532739 640 1052674 67108872 4096 3080 7296 16781586 5242880 1055747 672
is_linear=0
shrinkage=0.05


Tree=38
num_leaves=63
num_cat=19
split_feature=4 0 32 22 0 44 35 0 17 0 48 48 0 26 0 35 24 28 0 35 0 35 24 46 48 44 42 28 9 34 33 26 48 44 48 0 0 47 0 28 0 48 0 48 26 18 48 0 0 28 0 26 48 7 0 11 0 48 44 48 0 48
split_gain=919.862 768.093 457.602 436.186 475.721 427.498 370.426 364.227 331.003 571.903 567.489 360.637 287.594 262.775 381.669 292.709 261.817 252.196 1402.98 485.295 318.286 447.233 323.248 307.679 332.042 379.289 270.269 258.482 247.256 246.796 236.414 229.451 226.526 492.927 487.155 421.735 408.002 224.46 248.903 220.954 248.875 213.329 355.911 240.31 210.254 273.861 293.142 266.892 207.663 206.412 355.703 236.301 316.165 197.704 195.496 226.475 190.687 220.931 208.017 198.385 244.764 194.575
threshold=0.15000000223517421 0 0.15517241507768634 0.61250001192092907 1 0.88522326946258556 1.0000000180025095e-35 2 1.3541666865348818 3 -0.99878430366516102 -0.99625083804130543 4 -0.010715708602219818 5 10.250000000000002 0.01444663153961301 0.055752867832779891 6 3.3500000238418584 7 1.0000000180025095e-35 0.020726540125906471 0.34188546240329748 0.85817068815231334 -0.76140165328979481 0.09796465560793878 0.053132651373744018 1.4768968820571902 0.25000000745058065 1.0500000119209292 -0.05387675762176513 -0.93109762668609608 -0.42958799004554743 -0.8317061960697173 8 9 0.30546426773071295 10 0.040600210428237922 11 0.85817068815231334 12 0.31436166167259222 0.019678710028529171 19.774999618530277 -0.94767490029335011 13 14 0.013725490774959328 15 0.002792060025967658 -0.69740253686904896 1.0000000180025095e-35 16 164.12500000000003 17 0.95233076810836803 -0.95752304792404164 -0.24663212895393369 18 0.3601794987916947
decision_type=10 9 2 10 9 2 2 9 8 9 2 2 9 10 9 2 10 2 9 2 9 2 10 2 2 2 2 2 10 2 2 10 2 2 2 9 9 2 9 2 9 2 9 2 10 8 2 9 9 2 9 10 2 10 9 2 9 2 2 2 9 2
left_child=1 -1 3 4 6 8 12 -5 10 16 -6 -11 -3 14 15 39 -10 20 19 26 21 22 -12 49 29 -26 -19 -27 -20 -25 53 -13 33 35 48 -22 -36 -31 -39 41 -41 42 43 -8 45 46 -15 -48 -34 50 51 52 -23 -28 55 -46 58 59 -33 60 -58 -61
right_child=-2 2 -4 7 5 -7 13 -9 9 11 17 31 -14 44 -16 -17 -18 18 28 -21 32 23 -24 24 25 27 30 -29 -30 37 -32 56 34 -35 36 -37 -38 38 -40 40 -42 -43 -44 -45 54 -47 47 -49 -50 -51 -52 -53 -54 -55 -56 -57 57 -59 -60 61 -62 -63
leaf_value=-0.051781719290800936 0.053608648373043001 0.0050222386934898802 -0.07064330131423395 0.001108987329683562 -0.076096950599264523 -0.036051452307495221 0.040680224622875787 0.037636756914666322 -0.05863300696995806 0.063839844242770824 -0.043042911195845801 -0.05015128521544341 -0.048219775755837337 -0.04930293057850528 -0.029665475925425178 -0.051714187363407764 0.0034858577672229954 0.064834358714552315 -0.06027608185442708 -0.02659689196974184 0.038679195056153103 0.026974132105994232 0.06065431677851723 -0.064270381492247619 0.057158609310938628 -0.084358202165620746 -0.05961771343215503 0.069583016781762735 0.061132841374058403 -0.024362621934422499 0.10373757587984354 0.028773596686586685 0.020446671662259781 0.053560569345569665 -0.022204491522714444 -0.064957628044489915 0.029883625324716109 0.035269034047117051 -0.03727485737199504 0.011170498575499808 -0.059776736662871005 0.056911475217707633 -0.043964283050047487 -0.079344277740964197 -0.10645194863036563 -0.031109082988331056 0.0022675158323490429 0.038855935413807857 -0.048305780245449868 0.031315642874800348 -0.04411665181561316 0.052498989527366285 -0.09263930227960096 0.035894726342383408 -0.022081462024624736 0.01596816922022196 0.020656683321563288 -0.04612513666483789 -0.063131092548907239 0.04594991386132713 -0.036989923435642218 0.0087713057577721142
leaf_weight=402.75734082737472 1710.033249231521 484.65749593568034 148.83890713029541 835.64981734263711 147.29228340194095 352.26832686422858 567.4437428987585 3958.8065798592288 439.47085298597813 338.67165890033357 482.7429191893898 153.79233495262451 526.37121922173537 119.30840573681053 913.25478158192709 178.77952328068204 276.25168450013734 808.65395484934561 648.94971104536671 252.70612802403048 205.17102323938161 174.13636563438922 89.00892647553701 184.17768956336658 440.03384122322313 93.52155110554304 117.79974928149022 38.491545286262408 44.833084317855537 591.61048070667312 51.158940938301384 99.102044822182506 166.23632660438307 1882.1619093825575 386.80995262518991 171.0182666843757 10010.287700435147 488.26926924358122 147.18980395060498 408.61019693582784 166.20632474531885 407.93382636434399 200.71350733994041 45.011437793727964 38.820556421764195 213.53363791282754 654.80237258994021 2224.6942790934118 299.04783202207182 3761.5795911313035 256.93880864477251 344.95365765993483 80.915782139869407 100.3196530980058 553.78099903499242 1408.6496129456209 516.68936756206676 130.57190652238205 162.56697473209351 907.91655020066537 273.12201192893554 574.66373297793325
leaf_count=149225 1296 27348 4612 3035 3827 49442 3028 6175 8556 475 34755 1378 93064 2911 17585 1039 1684 3944 31328 970 583 362 1726 4715 683 1576 5349 82 34 3490 70 473 1122 8761 18167 5024 88114 1037 1262 4187 4091 1798 3950 1116 420 2407 7580 18279 7773 15212 4023 618 895 499 11323 11677 1603 1003 2454 2133 1962 2632
internal_value=0.0176761 0.0161829 0.0168633 0.0171882 0.0152917 0.0186576 0.00540631 0.031351 0.0193964 0.00589633 0.0217237 0.0150421 -0.0231244 0.00897345 -0.0031256 0.00925188 -0.0341791 0.0223692 0.00554089 0.0354998 0.0240479 0.0155014 -0.0268996 0.019197 0.0027251 0.0348586 0.0503869 -0.039473 -0.0516855 -0.0103002 0.00700056 0.00923182 0.0286869 0.0431172 0.0257132 -0.00913337 0.0279531 -0.0021995 0.0184343 0.0153724 -0.0101893 0.0274052 0.0126031 0.0313474 0.0156755 0.0236007 0.0274964 0.0306785 -0.0243407 0.0262705 0.0041245 0.0250996 -0.0109735 -0.0156887 0.00295411 0.0125979 0.0126592 0.0170511 -0.0272814 0.0207562 0.000515305 0.0315391
internal_weight=42859.8 41149.7 40747 40598.1 35803.7 26691.1 9112.57 4794.46 26338.8 3872.82 22466 3157.1 1011.03 8101.54 2887.95 1974.7 715.723 22318.7 2024.42 1330.64 20294.3 7173.57 571.752 6601.82 1983.29 572.047 1077.93 132.013 693.783 1411.25 269.278 2818.42 13120.7 2258.35 10862.4 376.189 10397.1 1227.07 635.459 1795.92 574.817 1221.1 813.169 612.455 5213.59 3212.34 2998.81 2879.5 465.284 4618.52 856.945 600.006 255.052 218.119 2001.25 1447.47 2664.63 2402.96 261.669 2272.39 789.811 1482.58
internal_count=695942 694646 545421 540809 531599 319796 211803 9210 270354 24353 246001 14113 120412 91391 36794 19209 10240 242174 42194 10832 199980 70436 36481 33955 12845 2341 9862 1658 31362 10504 5918 13638 129544 14368 115176 5607 106281 5789 2299 18170 8278 9892 8094 4144 54597 31177 28770 25859 8895 21110 5898 1875 1257 5848 23420 12097 12260 9333 2927 8330 3565 4765
cat_boundaries=0 4 8 12 16 19 23 27 31 34 38 41 44 48 52 55 58 62 65 68
cat_threshold=2107460 3089138593 753708 64 291112242 106831874 134225539 161 134332929 75594816 19922947 656 209994240 1073760256 3759169536 1806 655376 67633152 6144 290063394 33554434 134220803 1 570425857 8388612 1883242560 256 570491521 5196 1346633728 272 0 0 536887360 2214592512 1073741824 33554448 1536 33620608 4 1342177280 268959776 2 134220802 285343744 33554432 134219777 1 4325394 524290 3 32 67108864 1082130432 64 33620481 0 268435456 4849938 925698 7169 1 2147483648 16782416 256 1610645505 4 329515008
is_linear=0
shrinkage=0.05


Tree=39
num_leaves=63
num_cat=23
split_feature=4 0 22 0 0 44 0 43 28 48 20 0 44 48 0 0 48 0 18 44 43 0 18 0 48 48 0 33 0 46 0 48 0 43 48 18 11 34 0 48 0 28 30 43 27 43 0 43 0 27 0 29 18 0 0 0 34 48 18 43 0 48
split_gain=886.571 716.02 422.113 477.797 382.598 348.166 1324.67 636.581 394.525 482.995 345.852 455.944 382.97 1092.75 1262.12 940.194 814.657 776.077 626.58 774.455 597.191 553.689 456.123 790.82 411.412 368.437 362.958 365.183 359.371 358.913 417.205 343.813 340.443 316.745 296.81 295.004 288.515 284.671 541.437 282.033 277.985 247.799 284.224 243.954 238.527 236.317 796.318 353.548 437.785 313.209 438.743 295.657 281.666 325.481 317.587 236.035 328.991 330.437 340.839 296.811 275.155 234.76
threshold=0.15000000223517421 0 0.45000000298023229 1 2 0.063390085473656668 3 0.95752912759780895 0.0058823532890528449 -0.87154164910316456 -0.18333333730697629 4 -0.52034142613410939 0.85232898592948925 5 6 0.8644092082977296 7 3.1833333969116215 -0.91595870256423939 0.43733377754688268 8 25.274999618530277 9 -0.99809643626213063 0.76885932683944713 10 0.55000001192092907 11 0.57033631205558788 12 0.22111582756042483 13 0.49812944233417517 0.16064161807298663 21.562500000000004 6.6250000000000009 0.15000000223517421 14 0.31436166167259222 15 0.055752867832779891 0.028245073743164543 -0.99630266427993763 0.193554662168026 0.57077592611312877 16 0.40614137053489691 17 0.081252805888652815 18 9.5296549797058123 0.45000000298023229 19 20 21 4.1499998569488534 0.011852708179503681 1.0000000180025095e-35 -0.98803845047950734 22 -0.77313542366027821
decision_type=10 9 10 9 9 2 9 2 2 2 10 9 2 2 9 9 2 9 10 2 2 9 10 9 2 2 9 2 9 2 9 2 9 2 2 8 2 2 9 2 9 2 2 2 2 2 9 2 9 2 9 2 8 9 9 9 2 2 8 2 9 2
left_child=1 -1 3 45 -4 7 36 10 9 -8 11 -5 13 14 18 -15 22 -18 19 21 41 31 24 -24 -14 32 27 -21 -26 37 -31 61 44 -16 -35 55 -7 38 -30 -36 -37 -17 -43 -11 -20 47 -47 49 -49 50 -3 52 54 -54 -51 -10 57 59 -59 -57 -60 -12
right_child=-2 2 4 5 -6 6 8 -9 35 43 12 -13 16 15 33 20 17 -19 25 26 -22 -23 23 -25 28 -27 -28 -29 29 30 -32 -33 -34 34 39 40 -38 -39 -40 -41 -42 42 -44 -45 -46 46 -48 48 -50 51 -52 -53 53 -55 -56 56 -58 58 60 -61 -62 -63
leaf_value=-0.051625539584111785 0.05295204737181039 0.001612890959390399 -0.0063670087837438133 0.018934179495108464 0.034513368976469949 0.063867099747465891 0.05351564349669892 -0.053207416554067924 0.033689026485759853 0.028208336535585795 -0.015024703281001611 -0.046534623991567464 -0.095120164240370106 -0.056728960119643505 -0.054537861521101696 0.054895392814879811 0.022392406274662685 -0.081319670086875628 -0.057061431527429651 -0.043043959472002701 -0.071859831012308126 -0.028718979141076378 0.026585369697122219 -0.0825600282528694 0.051169795171170443 -0.090863661548672231 -0.063165118612399249 0.034774362170996102 0.056436136795178761 -0.086720173185405369 0.01397510654012438 -0.036908002964411567 0.041905960960922327 -0.052661371459474582 0.055343753079984896 0.023888082871890082 -0.060676988154690886 0.040958607895193094 -0.06488460066433184 -0.071355888789034635 -0.087575095826252669 0.089478123094036674 -0.082710625669192878 -0.095972317860621048 0.041212893053087514 0.027647231262782485 -0.053949741783055338 0.060641625989050235 -0.049898620581762899 0.042014958129669926 -0.053075558141328263 -0.040749515920270325 -0.024591090517574923 0.014954398012316635 -0.0089671527583447611 0.020756238970061361 0.037049578228910973 -0.017320011134946838 0.052165689374978098 -0.053673298920545814 -0.060194054823803939 0.054334823057953167
leaf_weight=384.27416966785677 1646.2970718364231 1263.6448839204386 657.51549197244458 702.89627466024831 4573.6694464520551 49.538379929959774 109.5164947451558 289.46575219370425 2305.6440508381929 48.977267038542777 138.73321965662763 414.53880913893227 57.419331580400467 225.764132066397 929.44753055658657 2775.1933066236088 432.74875825666822 296.58089078019839 159.24377535702661 316.97043637372553 100.66671563719865 424.57463323080447 684.87553261499852 208.03700625803322 3513.6463777427562 58.537173677235842 516.42136229795869 287.50651069451123 167.99641849356703 110.4967319634743 693.08453282399569 140.4221652271226 2340.5058565142099 183.97448192478623 216.22096380230505 100.47980705928057 758.39574733248446 3176.750181205105 180.51124480715953 55.119481908273883 112.34667100198567 36.670607994310558 69.173400110099465 205.45959005388431 100.84602000471205 539.90014374651946 649.52469921624288 524.14927836961579 101.8426654515788 1253.7479685322614 507.73599280812778 263.80979460885283 733.73518877581228 1723.4782424649457 404.6474688454764 195.09321445180103 824.71862102299929 435.5825490684947 517.29932276206091 427.36196097533684 54.047151833074167 1011.3406384109985
leaf_count=149225 1296 35803 2801 2536 8183 12 268 18103 43315 119 1517 5177 696 6991 29860 6208 1206 5788 1583 6475 3115 6924 1597 2959 10747 783 11443 707 1042 2352 3139 1584 9088 6388 597 208 61318 5286 6658 2579 1894 15 1335 3137 102 15074 50821 5102 7686 14616 33621 7719 13246 15792 13639 430 802 18097 1357 21432 1764 2585
internal_value=0.0169795 0.015526 0.0161741 0.0142048 0.0294289 0.0173607 0.0068975 0.020428 0.0159421 -0.0342792 0.0214564 -0.00560001 0.0229982 0.0162093 0.00497274 0.0403111 0.03019 -0.0205899 0.015723 -0.000597301 0.047689 0.0205259 0.034402 0.000529034 0.0382306 0.0331878 -0.0329176 -0.00593319 0.0392069 0.029311 -0.000776295 0.0366659 0.0359801 -0.0375297 -0.00363478 0.0196499 -0.0523921 0.0362525 -0.00664495 0.0296063 -0.0379434 0.0520317 -0.0230543 -0.0720684 -0.0182551 0.0034189 -0.0171326 0.00703104 0.0428294 0.00338769 -0.0143531 0.0105635 0.0138526 0.00310672 0.0297746 0.0222252 0.0112716 -0.00170687 0.0159965 -0.0303452 0.0413964 0.045968
internal_weight=42388.8 40742.5 40358.2 35127.1 5231.18 27160.8 6144.46 21016.4 5336.53 363.953 20726.9 1117.44 19609.5 10087.3 6879.86 3207.47 9522.15 729.33 5495.1 2835.97 2981.7 1715.07 8792.82 892.913 7899.9 2659.13 1120.9 604.477 7842.49 4328.84 803.581 1290.5 2600.6 1384.76 455.315 4972.57 807.934 3525.26 348.508 271.34 212.826 2881.04 105.844 254.437 260.09 7966.22 1189.42 6776.79 625.992 6150.8 1771.38 4379.42 4115.61 2457.21 1658.4 4759.75 2454.1 1629.38 1006.93 622.455 571.346 1150.07
internal_count=695942 694646 545421 534437 10984 321318 154153 167165 92823 3524 149062 7713 141349 99879 82215 17664 41470 6994 42791 31235 10673 12610 34476 4556 29920 11556 18625 7182 29224 18477 5491 5686 10773 39424 9564 89299 61330 12986 7700 3176 2102 7558 1350 3256 1685 213119 65895 147224 12788 134436 69424 65012 57293 29038 28255 87197 43882 43080 21218 21862 3121 4102
cat_boundaries=0 4 8 11 15 18 22 26 30 33 37 40 44 48 51 55 58 62 66 70 74 78 82 86
cat_threshold=2107460 3089138593 753708 64 22676786 106561538 24195 945 134332929 67202112 1048579 3355742336 1073765452 2298741008 1024 302317697 25165836 1746927952 3925971585 25236548 549716288 4 2315370496 1098980416 2281971712 10 268435585 2048 536871232 4 33653249 25165828 536871232 3758100480 16777244 2162163776 8 134217857 69700 541065280 2156183553 1082133504 159646032 6 67109376 335888 1148198912 8 641 0 256 70144 0 0 8 65536 0 268435520 20971520 67108866 16385 512 4326416 33554434 23554 256 22675744 35258368 1154 544 22021122 100663298 20994 640 17302834 38797314 5634 1 612385280 25493520 68165632 8 33554433 0 536870976 6
is_linear=0
shrinkage=0.05


Tree=40
num_leaves=63
num_cat=16
split_feature=5 0 22 0 0 35 0 0 42 0 0 35 28 33 18 0 28 0 48 33 44 30 28 0 0 48 42 48 28 0 48 35 30 27 33 44 0 48 18 34 39 0 42 28 24 28 33 48 30 28 28 17 44 0 44 0 18 38 7 24 28 48
split_gain=834.658 658.484 408.83 494.368 335.469 332.179 682.298 429.569 327.831 1261.67 815.898 324.67 352.015 292.079 268.68 381.48 301.515 497.971 295.59 268.294 239.462 238.703 244.806 728.866 304.473 275.639 251.412 237.433 298.395 559.027 289.88 247.221 220.535 235.055 409.341 220.509 210.604 235.471 206.524 199.061 315.029 197.712 204.378 242.701 195.758 192.057 191.229 190.742 190.714 188.181 369.758 296.327 187.582 185.905 183.948 396.954 179.006 176.522 173.934 189.706 189.292 171.405
threshold=0.84999999403953563 0 0.61250001192092907 1 2 1.0500000119209292 3 4 -0.22695468366146085 5 6 8.5500001907348651 0.029411765746772293 0.15000000223517421 26.854166984558109 7 0.055752867832779891 8 -0.99720054864883412 3.9500000476837163 0.88522326946258556 0.40339080989360815 0.045542273670434959 9 10 -0.99720054864883412 -0.93540480732917775 -0.99376606941223133 0.033333335071802146 11 -0.93960991501808155 4.0499999523162851 0.060727512463927276 0.081252805888652815 0.75000000000000011 0.78192543983459484 12 0.85232898592948925 3.2749999761581425 10.449999809265138 0.19749999791383746 13 -0.58216583728790272 0.025490196421742443 0.091024000197649016 0.0058823532890528449 3.4500000476837163 -0.63256293535232533 0.068112537264823927 0.0098039219155907648 0.036731028929352767 0.31666667759418493 0.81800284981727611 14 -0.70289847254753102 15 16.774999618530277 18.500000000000004 14.449999809265138 -0.022519842721521851 0.053132651373744018 -0.46741016209125513
decision_type=10 9 10 9 9 2 9 9 2 9 9 2 2 2 8 9 2 9 2 2 2 2 2 9 9 2 2 2 2 9 2 2 2 2 2 2 9 2 10 2 2 9 2 2 10 2 2 2 2 2 2 10 2 9 2 9 10 2 10 8 2 2
left_child=1 -1 3 21 -4 6 58 11 10 13 -8 -7 19 49 16 46 18 -18 -9 -13 41 22 24 -24 -3 -26 -25 -20 29 30 56 47 -32 34 -34 39 37 -30 -36 -27 -41 42 43 48 -23 -15 -16 -31 -12 51 -51 -10 -45 -14 -28 61 -29 -33 59 60 -5 -56
right_child=-2 2 4 5 -6 7 8 14 9 -11 20 12 53 45 15 -17 17 -19 27 -21 -22 44 23 26 25 35 54 28 36 31 32 57 33 -35 38 -37 -38 -39 -40 40 -42 -43 -44 52 -46 -47 -48 -49 -50 50 -52 -53 -54 -55 55 -57 -58 -59 -60 -61 -62 -63
leaf_value=-0.051332289307667991 0.050642142472518553 -0.034635301662274735 0.038758780256114296 -0.059794842947268736 0.0085720206048310529 0.036954937034646869 -0.04681134673673213 -0.081108565505055311 0.055934366977063887 -0.041658512548472047 -0.053959151697298452 -0.062318376545421245 0.034540482477863559 0.041301846842543351 0.00027899879116036999 -0.044825800276347486 0.028474887010646467 -0.068065859732959394 0.05820718220993381 0.021617463349950253 -0.054022102974955646 -0.063030678872765006 -0.050281514753767589 -0.048653878994939267 -0.08291033070794554 0.016151752747056186 0.02602492256407124 -0.10568608359631465 -0.067168145524590758 0.029597696054481912 0.050704442271081333 -0.033039889171901086 -0.073060333814673001 0.024606579118384802 -0.036471821538990631 -0.0548780403940392 0.031191531567261954 0.040163987129864014 0.048276904752497976 0.029442035367362136 -0.10075997180861285 0.045560963557009698 0.041843927935289994 -0.059007779933018992 0.03706860691590172 -0.085725714784389215 0.070992527932059554 -0.031927711672714625 0.033484096520899627 -0.024303942532435639 0.031704264987348005 -0.095135934129990218 0.047709456396870048 -0.011284501071954894 -0.07393881025829277 -0.055627762304637167 0.032738448899240866 -0.10525024625534792 0.050358104639468895 -0.043659453017194781 0.081426731698506727 0.041119816441973642
leaf_weight=364.99872162460815 1684.2887758100405 351.08027536328882 3066.9556576092727 37.814997857320122 1342.6637012846768 5317.7305826019729 351.61132656806149 72.168712553568184 686.59539283567574 1065.0721315051196 71.581676619825885 241.92667995556258 991.23731289757416 42.908930979669094 346.8977751552593 431.8066507835174 263.15369907021523 254.50764201232232 397.39936380763538 156.97954531398136 77.960246894042939 221.23032439826056 713.36028937972151 173.29713491746224 74.846704790252261 6628.3978396622697 1150.9760628028307 72.695293195312843 119.02122267545201 238.30010950914584 556.68009201739915 267.96116310392972 187.26329689309932 1641.7125110921916 108.12219880148768 115.73828624165617 3589.6566962477518 89.543479884043336 214.49456962291151 91.987219911068678 93.861475225188769 1829.9325588264037 625.19073881907389 199.60807417007163 62.681043768068776 97.073414718732238 131.98176889773458 267.24885390675627 483.73722119699232 390.08408612920903 1204.9220180984121 34.071118989493698 51.880237001692876 283.49820261332206 36.464991958928294 243.83113740675617 34.410288646817207 123.70332956453785 62.825085693737492 815.78804639377631 63.698712595156394 288.144353663316
leaf_count=149171 1370 10909 4714 4573 4264 27226 8021 693 5335 57726 2634 1625 1619 141 1168 2930 722 3905 401 350 10434 5187 41631 4725 2472 79209 13005 643 2282 1198 1122 1686 1755 3818 476 19615 9236 411 211 138 579 20865 6182 5326 69 1104 93 3119 3378 11263 19064 618 499 1545 2390 22198 58 1279 236 100541 1270 5057
internal_value=0.0161695 0.0147038 0.0153271 0.0135155 0.0296747 0.0173579 0.00914302 0.0214721 0.0144596 0.00356407 0.0248902 0.030866 0.011704 0.0232531 0.0144435 -0.0113517 0.0172248 -0.0197541 0.0196235 -0.0292875 0.0324816 0.0042717 0.00556424 -0.00760414 0.0102296 0.0125098 0.00870057 0.0205428 0.0185499 0.00846961 0.0193946 -0.0257412 0.022654 0.0153966 -0.0142579 0.0135584 0.028403 -0.0201222 0.0198741 0.0147208 -0.0363155 0.0346486 0.0202443 0.00375773 -0.0409311 -0.0467878 0.0193637 -0.00292654 0.0222125 0.0275874 0.0180066 0.0487922 -0.0369928 0.0245316 0.0145318 -0.00873934 -0.0612138 -0.0558468 -0.0298219 -0.0356385 0.0288201 0.0273521
internal_weight=41297.3 39613 39248 34838.4 4409.62 24592.5 8192.36 16400.1 7212.23 3520.73 3691.5 6991.37 1673.64 2455.65 9408.73 910.686 8498.04 517.661 7980.38 398.906 3339.89 10245.9 9961.99 2606.07 7355.91 7004.83 1892.71 7908.21 7510.81 3712.59 2815.38 897.213 2708.27 2151.59 509.88 6929.98 3798.22 208.565 322.617 6814.25 185.849 3261.93 1432 806.807 283.911 139.982 478.88 505.549 555.319 2315.67 1595.01 720.667 251.488 1274.74 1719.42 568.44 107.106 391.664 980.127 917.302 101.514 324.609
internal_count=695484 694114 544943 535965 8978 328781 259210 69571 152590 95251 57339 32365 5139 37525 37206 4191 33015 4627 28388 1975 49318 207184 201928 89006 112922 102013 47375 27695 27294 15365 8083 7282 7382 6260 2442 99541 11929 2693 687 79926 717 38884 18019 11837 5256 1245 1261 4317 6012 36280 30327 5953 5825 3164 42650 29645 701 2965 106620 106384 5843 7447
cat_boundaries=0 4 8 12 16 20 24 27 31 34 38 42 46 49 53 57 59
cat_threshold=2107460 3089138593 753708 64 324670738 1109073930 2147488914 552 333317154 50987008 1019496784 291 134512672 21257280 128205313 1168 2281996320 17062992 933495361 144 1677787264 0 805316672 4 67174400 0 268435520 536871040 8388608 5259264 256 513 8388608 4194304 21500928 1073807360 2147484818 520 1048576 524288 0 32 1619066881 4194308 134236160 7 8388608 67108864 134244352 1610612864 20 536881152 262 134479872 16777232 664797248 144 131088 524296
is_linear=0
shrinkage=0.05


Tree=41
num_leaves=63
num_cat=0
split_feature=1 32 41 28 29 44 19 26 30 30 41 44 28 47 28 44 36 44 29 28 26 28 44 37 44 28 24 26 27 21 37 32 29 44 28 44 44 34 28 44 47 36 44 32 47 39 37 44 44 32 47 37 41 38 44 44 32 34 44 36 34 34
split_gain=855.89 404.284 366.884 458.864 374.259 359.568 441.595 377.544 449.671 566.866 592.986 542.298 351.21 350.215 809.944 386.179 504.643 358.202 338.64 323.428 510.448 320.183 319.533 309.484 295.97 294.742 273.363 269.783 521.385 459.238 399.654 321.465 485.668 335.108 285.149 353.025 275.189 286.918 254.471 755.983 470.712 260.462 302.159 244.355 243.083 242.945 299.603 285.771 340.865 290.178 260.037 246.019 238.234 232.208 272.319 366.571 333.074 271.498 741.764 338.393 253.852 304.422
threshold=1.1500000357627871 0.15517241507768634 -0.81241145730018605 0.0058823532890528449 9.960172653198244 0.063390085473656668 4.5000000000000009 -0.0045074287336319676 0.16859605908393863 0.11557777598500253 0.58216583728790294 -0.94703993201255787 0.017647059634327892 -0.096848167479038225 0.04256099462509156 0.50370931625366222 4.5000000000000009 0.80290535092353832 10.185258865356447 0.060723030939698226 -0.071267332881689058 0.058037718757987029 -0.42179730534553522 2.8605000972747807 0.98770287632942211 0.054168537259101875 -0.0060706487856805316 0.014880476053804161 0.23596767336130145 -0.27500000596046442 3.3805000782012944 0.086206898093223586 1.0314550399780276 0.71952396631240856 0.053132651373744018 -0.29342786967754358 -0.99761277437210072 9.4499998092651385 0.048057714477181442 -0.70289847254753102 0.25672954320907598 4.5000000000000009 -0.35042476654052729 1.0000000180025095e-35 0.14790239185094836 0.2559999972581864 2.7055000066757207 -0.89404255151748646 -0.92272481322288502 0.12068965658545495 0.22175995260477069 2.3514999151229863 -0.2901292592287063 28.500000000000004 -0.57077232003211964 -0.63919836282730091 0.12068965658545495 3.2500000000000004 -0.12545862048864362 4.5000000000000009 1.0000000180025095e-35 0.45000000298023229
decision_type=10 2 2 2 2 2 2 10 2 2 2 2 2 2 2 2 2 2 2 2 10 2 2 2 2 2 10 10 2 10 2 2 2 2 2 2 2 2 2 2 2 2 2 2 2 2 2 2 2 2 2 2 2 2 2 2 2 2 2 2 2 2
left_child=1 2 3 4 -1 6 7 8 9 19 11 -11 -13 -7 15 16 23 -17 38 20 -4 27 -10 -15 -23 -20 -12 29 30 -5 34 32 -31 36 35 -29 -34 -38 53 40 -40 42 -41 -42 -6 46 -22 48 49 -47 -48 -49 -18 54 55 56 -9 -56 59 -59 -55 -62
right_child=-2 -3 5 21 44 13 -8 18 22 10 26 12 -14 14 -16 17 52 -19 25 -21 45 24 -24 -25 -26 -27 -28 28 -30 31 -32 -33 33 -35 -36 -37 37 -39 39 41 43 -43 -44 -45 -46 47 50 51 -50 -51 -52 -53 -54 60 57 -57 -58 58 -60 -61 61 -63
leaf_value=-0.066685976831978355 0.04628642206069012 -0.06910730928659306 -0.074593459105642523 -0.071548226227543393 0.035369920209605603 0.011888735627039631 -0.066416085253285004 0.018284643493618326 0.0059979586017156836 -0.065249953359071175 -0.071871079964835868 0.00056669799627570821 0.045300086667448558 0.027989937243211051 -0.058435945801427636 0.032759924325572502 -0.014549854039788479 -0.053516796510344022 -0.035128338594151091 0.044045252736846202 -0.072422460500361066 -0.069797577966836472 -0.040121165743094149 -0.11090130853919077 0.054256422152084399 0.041014333491894178 0.012082102247701869 -0.044142149760807325 0.035660634866103116 -0.055760561744767637 -0.052637457558108218 0.051270153164187593 0.061278651822775379 -0.066093453706328062 0.043089066070021866 0.020771689218246556 0.028483023904092904 -0.063103462950428887 0.039044889061788129 -0.064001547463826566 0.070453070223041869 -0.065296240761251054 0.05185454708863127 -0.022457350308481797 -0.085079801032557342 -0.0091075895504480198 0.010427027257788928 -0.045212352854654539 0.063346788220842401 0.0649199047884821 -0.078964443086044375 0.0035289681282385946 -0.074722648004385134 -0.068489586789578324 0.037001756517813428 -0.076068394279955265 -0.085421188449469138 0.0023392855958585695 0.037229865095561969 -0.099205721611441949 0.10911981362048224 0.040208852654865443
leaf_weight=254.20053563220426 2142.7574006405193 146.4035847428022 246.45839437667746 105.80240321718156 254.05829884111881 3470.2854490809841 168.134720611386 2655.1380951439496 730.27222166198771 133.34126377990469 203.40828039194457 528.32352015259676 2588.7573673583101 526.36571978591383 702.94136085151695 1051.2558271494927 306.96549674239941 135.85073521593586 470.70150862401351 368.51793344516773 230.04021906980779 163.75178498926107 773.24716844141949 43.415923164691776 68.065323574002832 174.10421038174536 185.28786304651294 384.46516389132012 1424.8328989259899 172.82126710412558 356.32342790812254 1821.4997488578083 663.66356155078392 89.532378367497586 386.12728367710952 460.08688526460901 3625.3032794467872 87.579333600238897 1483.7675287256716 98.505835136165842 80.360399037017487 378.47310396784451 131.2802274627611 592.79923092166428 50.156771871028468 627.30590873083565 475.18894101551268 335.33848501835018 394.85691328404937 167.78654252120759 98.160483848769218 1135.5917302586022 354.40260732849129 43.600136310444213 3922.4787915012566 114.46921306854347 79.749308002297767 149.29230155050755 705.02141582081094 182.13610864605289 203.60044052160811 752.96785191551317
leaf_count=6813 2503 5729 6670 2528 1305 123468 10045 33160 8213 3241 8035 5308 8386 3941 63788 19965 5656 30619 9426 5410 7818 7744 9913 1103 736 2042 2718 7772 3321 14175 14910 17094 1116 11714 3335 6183 36316 491 16667 2984 503 23464 2321 17489 1426 12719 5826 10639 2197 570 2323 24065 14976 4497 27852 3701 1987 368 1005 1450 1452 2293
internal_value=0.0155258 0.0138233 0.0141381 0.0221806 -0.0219065 0.0111811 0.0142994 0.0149324 0.00729516 0.0121682 0.0265145 0.0334941 0.0377181 0.000958644 -0.0111939 0.00253845 -0.0170817 0.0228865 0.0206966 -0.000630213 -0.005067 0.0246902 -0.0177207 0.0174068 -0.0333733 -0.014569 -0.0318514 0.0260955 0.0137053 0.0317788 -0.00600656 0.033471 0.026482 0.0296645 0.00749466 -0.00877902 0.0316234 0.0263227 0.0226614 0.00942886 0.0233121 -0.039802 0.00218878 -0.0113659 0.015511 -0.000120682 -0.024218 0.00715492 0.0253728 0.00651426 -0.00487727 -0.00758294 -0.0467942 0.0268154 0.0239099 0.0115916 0.0152606 0.0309879 0.00822823 -0.0534647 0.0494983 0.0548762
internal_weight=40857.4 38714.6 38568.2 10368.3 558.416 28199.9 21608.5 21440.3 9221.88 7718.36 3639.12 3250.42 3117.08 6591.48 3121.2 2418.26 1231.15 1187.11 12218.4 4079.25 3710.73 9809.85 1503.52 569.782 231.817 644.806 388.696 9578.04 3011.84 6566.2 1587 6460.4 4638.9 4466.08 1230.68 844.552 4376.55 3712.88 11573.6 2765.19 2156.93 608.259 229.786 673.16 304.215 3464.27 803.39 2660.88 1189.95 795.092 573.349 1470.93 661.368 8808.45 7808.29 2849.36 2734.89 4958.93 1036.45 331.428 1000.17 956.568
internal_count=695484 692981 687252 136979 9544 550273 286757 276712 124051 105925 27688 16935 13694 263516 140048 76260 25676 50584 152661 78237 72827 127435 18126 5044 8480 11468 10753 118955 35521 83434 32200 80906 63812 49637 17290 13955 37923 36807 141193 63428 34659 28769 5305 17992 2731 66157 15967 50190 15486 13289 8149 34704 20632 77765 69523 38848 35147 30675 2823 1818 8242 3745
is_linear=0
shrinkage=0.05


Tree=42
num_leaves=63
num_cat=21
split_feature=1 0 0 41 0 0 11 29 48 41 18 48 0 28 23 28 48 46 34 0 28 0 0 48 0 41 46 28 29 0 34 26 0 0 28 11 0 30 0 26 0 28 0 46 34 34 14 30 17 0 24 0 48 0 0 48 11 11 11 48 0 46
split_gain=815.545 591.486 398.956 375.811 774.944 380.124 464.68 331.414 312.031 541.977 312.228 412.388 378.249 240.77 238.251 233.964 365.38 299.823 231.014 399.639 267.329 503.48 233.204 218.497 428.029 350.192 259.755 217.179 320.34 216.842 221.53 201.966 256.636 249.377 237.319 196.739 192.873 180.67 182.522 179.201 177.506 182.388 176.375 176.216 173.131 177.757 172.447 375.905 206.813 170.038 170.214 208.217 169.061 883.75 425.234 329.068 376.165 239.501 336.068 308.207 228.972 265.997
threshold=1.1500000357627871 0 1 -0.77259656786918629 2 3 133.62500000000003 4.6838688850402841 -0.99376606941223133 1.0000000180025095e-35 21.050000190734867 -0.97784256935119618 4 0.036731028929352767 0.68895664811134349 0.0098039219155907648 0.63942477107048046 -0.53450036048889149 0.25000000745058065 5 0.0098039219155907648 6 7 0.29059579968452459 8 -0.72947329282760609 -0.80570676922798146 0.0058823532890528449 11.638860225677492 9 7.1499998569488534 -0.011148519814014433 10 11 0.053132651373744018 18.791666984558109 12 0.41553640365600591 13 0.011357115115970375 14 0.064705885946750655 15 -0.87355032563209523 0.55000001192092907 0.35000000894069677 10.250000000000002 0.18093390762805941 4.3541667461395273 16 0.01111332466825843 17 0.85232898592948925 18 19 0.70222932100296032 98.208332061767592 167.95833587646487 48.541666030883796 -0.99508565664291371 20 -0.14710184931755063
decision_type=10 9 9 2 9 9 2 2 2 2 8 2 9 2 10 2 2 2 2 9 2 9 9 2 9 2 2 2 2 9 2 10 9 9 2 2 9 2 9 10 9 2 9 2 2 2 10 2 10 9 10 9 2 9 9 2 2 2 2 2 9 2
left_child=1 -1 8 4 7 6 -5 43 9 42 11 -10 46 -9 -14 16 -8 36 19 -13 21 -21 -20 24 25 -24 -27 28 -6 30 -25 32 34 -33 -22 -7 -17 52 -39 40 41 -35 44 -4 45 -3 47 48 -12 -19 51 -51 54 -54 -37 57 -57 58 -56 -60 61 -55
right_child=-2 2 3 5 27 35 15 13 10 -11 12 18 14 -15 -16 17 -18 49 22 20 31 -23 23 29 -26 26 -28 -29 -30 -31 -32 33 -34 39 -36 37 -38 38 -40 -41 -42 -43 -44 -45 -46 -47 -48 -49 -50 50 -52 -53 53 60 55 56 -58 -59 59 -61 -62 -63
leaf_value=-0.051155246773234832 0.045458074895844698 0.06623211501697733 -0.0053463578283123167 -0.088534431709397204 -0.065413015079434242 -0.058954466821789023 -0.07213824140523302 -0.062452243438287591 -0.050248724535867567 -0.062837082902716404 0.02411067686833876 -0.040146347318487506 -0.065650543104894862 0.023550896443723827 0.025070996981506024 -0.0017828713984700221 0.0093906302866976956 -0.052791070794573215 0.034106689202071445 0.050660716410234223 -0.034575399056956356 -0.057950564490721071 0.038860099565047324 -0.05385770377505511 -0.049694387287003199 -0.087757430679860693 0.0024579665823377035 0.02821824896126271 0.033235328505454763 0.033974504861508402 0.038565161894356229 -0.037285788808017459 -0.033613336933215977 -0.038511978959496054 0.091773175877795099 -0.024510299634789602 -0.053988971746664997 0.026667335753570571 -0.059972755359874001 0.0060569961408408375 0.047796841612083307 0.065446230586468743 0.027029194010716236 -0.073754752173860877 0.061827722578546768 0.19309534761662364 0.039704645097264832 -0.057657524680834751 -0.060224190639121558 -0.071221343207805154 0.033114719251495811 0.0072607949812938111 -0.062256975365849579 -0.0078081749027119358 0.021528497625532855 0.047541392715879899 -0.062124236224907717 0.017066053964676395 0.035888798343456187 -0.083306747942692161 0.018456942313452459 0.064773052495829986
leaf_weight=343.88884270231938 2074.4597071516328 54.312172077246942 133.06481308606453 172.92570168571547 156.43657315615565 103.24549030070193 299.13328878511675 102.9954551080009 201.78327264881227 104.76236365037039 744.32412359630689 329.70710277766921 310.31012783746701 387.74732389603741 94.380242425017059 363.7574233651394 254.20964592101518 97.697967662825249 4619.1259711958701 905.23395046661608 61.993487209547311 113.94245205365587 814.93343742983416 152.61730292742141 288.71457593352534 88.93460865423549 775.89283570006955 5596.3984099351801 173.63860458228737 1976.8956934930757 112.72325272031594 191.00756176165305 486.92641588160768 136.11461740918458 92.795336751034483 885.57363742124289 346.7614800935844 88.450426683761179 166.47557633952238 928.03631831204984 746.54410955985077 61.143008434330113 376.73839758802205 321.80188740289304 521.76067611342296 56.16648018034175 380.21747187431902 220.20671013277024 80.563000767026097 79.182077011326328 661.99262593279127 1615.788742798497 258.5619433549 150.20080961601343 294.07755596353672 107.22013455606066 288.85280020872597 6659.9284909164999 71.823111604666337 221.43998845270835 1091.7438421669649 791.0109188714996
leaf_count=149034 2503 912 3550 2091 2844 757 9648 3163 5820 3649 3221 50849 5914 1625 121 6922 4109 9105 16285 6410 2904 7886 1775 3257 5382 1066 4049 45907 617 5873 241 10888 19926 4239 1099 43975 13627 846 3147 21667 11731 382 2483 17481 354 38 392 2051 931 3906 7220 23681 11196 4748 781 144 9880 92205 127 2782 10290 5778
internal_value=0.0149235 0.0132703 0.0138636 0.00947184 0.0191663 0.00505738 -0.00839179 -0.0227565 0.0198659 0.0454076 0.0179719 0.0206773 -0.0013725 0.00550084 -0.0434199 -0.00468741 -0.0346833 0.000556529 0.0217882 0.0119063 0.0165784 0.0384466 0.0263246 0.0176647 0.00555069 0.0152512 -0.00681934 0.0258501 -0.0135183 0.0283785 -0.0140641 0.00839902 -0.0160985 0.0160198 0.0386718 0.00973804 -0.0280465 0.0103872 -0.0312181 0.0215433 0.0369992 -0.00598513 0.0566466 -0.0537428 0.0727174 0.130728 0.010795 0.000380581 0.0158741 0.00883587 0.0115653 0.00321708 0.0113674 0.0234248 0.00812786 0.0119258 -0.0324369 0.0143668 -0.0162406 -0.0541145 0.034459 0.0526312
internal_weight=40389.3 38314.8 37970.9 21942.1 6872.08 15070.1 3891.45 945.609 16028.8 1113.74 14915.1 13085.1 1830 490.743 404.69 3718.52 553.343 3165.18 12883.3 4053.44 3723.74 1019.18 8829.84 4210.71 1968.48 1679.76 864.827 5926.47 330.075 2242.24 265.341 2704.56 641.715 2062.85 154.789 11178.6 710.519 11075.4 254.926 1871.84 943.802 197.258 1008.98 454.867 632.239 110.479 1425.31 1045.09 824.887 2454.66 2356.96 1694.97 10820.4 2291.52 8528.92 7643.34 396.073 7247.27 587.341 293.263 2032.96 941.212
internal_count=695484 692981 543947 342152 75187 266965 80309 25819 201795 7436 194359 181729 12630 4788 6035 78218 13757 64461 175909 137981 87132 14296 37928 21643 12272 6890 5115 49368 3461 9371 3498 72836 23929 48907 4003 186656 20549 185899 3993 38019 16352 4621 3787 21031 1304 950 6595 6203 4152 43912 34807 27587 181906 32012 149894 105919 10024 95895 3690 2909 20816 10526
cat_boundaries=0 4 8 12 16 20 24 27 31 34 37 40 43 47 51 54 57 60 62 66 70 74
cat_threshold=2107460 3089138593 753708 64 2625896481 17060880 1071933761 17 17958144 67117058 3222274578 672 536907792 591936 5250 44 262177 1040 752896320 1 2281963520 283664 21250048 16 67108864 0 815800640 134479872 17055744 331612225 17 268435489 1024 740296704 2147483680 5120 67119104 268435456 16777216 2048 67108864 16777216 2105344 536870912 589824 128 8 66562 71303168 0 130 268435456 0 301989953 2415919104 5136 276842752 32768 2048 128 16 64 34684928 1111490564 2147484160 514 1282 68288512 1074790400 384 4195586 68165632 1074790400 384
is_linear=0
shrinkage=0.05


Tree=43
num_leaves=63
num_cat=0
split_feature=1 35 42 28 48 18 41 14 29 48 48 48 43 48 44 48 48 48 43 44 35 43 43 28 44 34 28 43 41 44 24 28 26 48 19 48 42 48 28 48 48 43 41 35 44 36 43 43 43 44 11 43 44 43 19 48 30 48 43 28 48 48
split_gain=777.416 399.92 403.246 419.102 368.332 523.481 511.503 501.305 574.364 360.133 530.439 581.675 821.253 641.986 469.924 661.65 1343.92 571.492 963.25 630.936 545.751 509.987 497.288 458.777 434.866 612.633 580.498 498.461 429.997 419.207 664.066 658.146 417.169 415.153 396.887 392.131 378.013 352.673 338.331 337.418 465.426 327.645 319.789 309.609 306.435 395.397 285.279 280.995 334.583 280.718 325.146 279.926 273.272 285.288 273.128 271.24 268.481 263.704 915.873 356.713 296.439 263.264
threshold=1.1500000357627871 1.0000000180025095e-35 -0.16280825436115262 0.0098039219155907648 -0.99376606941223133 26.050000190734867 1.0000000180025095e-35 9.2500000000000018 6.3192975521087655 -0.95187643170356739 -0.93109762668609608 -0.8317061960697173 -0.82415616512298573 -0.87154164910316456 -0.89404255151748646 0.85232898592948925 0.42958889901638037 0.69322791695594799 -0.75015330314636219 -0.75013810396194447 0.45000000298023229 -0.92274349927902211 0.92273071408271801 0.055752867832779891 0.046214086934924133 11.34999990463257 0.0058823532890528449 -0.99467751383781422 -0.52778512239456166 -0.52034142613410939 -0.022519842721521851 0.017647059634327892 -0.053001975640654557 -0.80331438779830922 1.5000000000000002 0.60067346692085277 -0.88144907355308522 0.98014879226684581 0.055752867832779891 0.9093703329563142 0.80590438842773449 -0.93545487523078907 0.84874749183654796 12.34999990463257 -0.42958799004554743 3.5000000000000004 0.69056403636932384 -0.87812310457229603 -0.85227432847022999 -0.16799793392419812 120.54166793823244 0.90162119269371044 -0.091258823871612535 -0.99866804480552662 3.5000000000000004 0.55995538830757152 0.083019942045211806 -0.14992911368608472 0.12545942142605784 0.017647059634327892 -0.77313542366027821 -0.88906526565551747
decision_type=10 2 2 2 2 8 2 10 2 2 2 2 2 2 2 2 2 2 2 2 2 2 2 2 2 2 2 2 2 2 10 2 10 2 2 2 2 2 2 2 2 2 2 2 2 2 2 2 2 2 2 2 2 2 2 2 2 2 2 2 2 2
left_child=1 2 47 -4 6 9 49 8 39 51 44 12 13 61 15 16 57 19 21 20 38 28 24 -17 25 29 35 -28 -19 30 -21 36 -31 -22 43 -26 -32 52 -16 40 -7 -5 -20 -29 45 -11 -38 -1 -49 56 -51 -6 -30 -54 -24 -50 -3 60 -59 -60 -13 -12
right_child=-2 4 3 41 5 7 -8 -9 -10 10 11 14 -14 -15 17 23 -18 18 42 22 33 -23 54 -25 26 -27 27 34 37 32 31 -33 -34 -35 -36 -37 46 -39 -40 -41 -42 -43 -44 -45 -46 -47 -48 48 55 50 -52 -53 53 -55 -56 -57 -58 58 59 -61 -62 -63
leaf_value=-0.06454978645546125 0.044624094380321812 -0.028629615765401219 0.018064687349016988 0.011399519093300167 -0.019786730164782388 -0.015182812394011817 -0.028821840674394552 0.023632176483816807 -0.06589228355654074 0.048555390651738549 -0.014120387375858365 -0.077134000315771389 -0.077924762088176058 -0.10425569472024745 -0.06547306670996958 0.050461324232633956 -0.075743677124308476 -0.074701699474937489 0.022209070442826922 0.05989041459946292 0.039584929053107468 -0.083494836158536895 -0.054666821798192405 -0.047774613282688901 -0.07269568352014627 -0.11564055154055414 -0.079717518346985136 -0.073955489213721845 -0.090778462524001124 -0.067885462096823793 -0.090405318019290692 -0.055089289015759074 0.038281611874142418 -0.067874147329081175 0.02559619705821764 0.045109170189736932 0.037064463752365655 0.031472530014126018 0.062124689706050298 -0.089893152659743569 0.041409330952492621 -0.036242250076631559 -0.056824043835536492 0.036777705590885633 0.05205880726225745 -0.087411978568002702 -0.087158668036100742 0.083122047883563283 -0.00676468559035021 0.042926149570699595 -0.095368897835711244 0.047462322141883978 -0.10274167354031923 0.0086220999851056111 0.032089554735871079 0.032525098018262796 0.05605728431895686 -0.070384444811346855 -0.077839171751512795 0.045395380066507098 0.036333644755785474 0.045056559424104893
leaf_weight=102.55153831106145 2009.2366672335193 99.616792007524054 779.67727607954293 470.95924445253331 1096.5416632264387 1374.0368105194066 273.19321937905625 1079.8012234293856 486.53118585998891 120.86537839611992 293.62623688566964 59.050388444331475 392.1566578655038 111.30141742329579 67.112290419870988 2744.3597145985113 373.24450984073337 263.69901527231559 2035.535241262638 472.02289334923262 108.94672899018042 389.2941133674467 329.25734848284628 124.23054489295464 328.45197910210118 72.486587597406469 131.8689776774263 187.607001358876 135.23277795297327 93.981447429163381 73.012290676706471 490.40867131249979 5981.9041645867401 513.56114406173583 2673.2843073707772 89.993570710532367 695.44999565393664 426.08727775502484 229.96943004906643 111.14169074816164 493.90440886572469 1544.0493700208608 136.58094625151716 95.134420670568943 1480.5355025562458 95.889574145199731 49.50737694487907 191.51911654719152 850.40409571281634 99.978347916156054 73.929698425345123 180.16847512673121 68.485437064606231 358.81671023683157 125.22258519183379 908.61111720581539 1546.4945564253721 299.5207603618037 64.67872810724657 637.500165864476 2282.7664380280767 522.17394276754931
leaf_count=8873 2503 959 39643 11415 15604 13952 5751 1714 6173 361 2379 1740 12922 1814 4019 7514 10917 3877 24996 1657 331 10567 15646 2242 5380 643 1484 7401 2990 2066 1440 11073 22028 12922 27689 200 3441 2540 2000 2555 1425 205694 7768 184 3226 2424 1479 1247 82899 116 1761 1778 951 3045 1967 37938 2459 7331 1584 2637 13188 962
internal_value=0.0143138 0.0127107 -0.000702747 -0.0130628 0.0146728 0.0133041 0.0349737 -0.00477827 -0.0172205 0.0156352 0.0168977 0.0150271 -0.0172682 0.00838898 0.0168629 0.0281667 0.0142433 0.0123847 -0.0046058 0.0174434 -0.022458 -0.0335106 0.0205296 0.046207 0.0225681 0.0290523 0.00790579 0.0153949 -0.0179726 0.0303873 0.00905086 -0.00929049 0.0366394 -0.0490675 0.0196379 -0.0473598 0.0181679 -0.00284106 0.0332997 -0.00525515 -0.000219221 -0.0251071 0.0172395 -0.0366969 0.0439298 -0.0115948 0.028809 0.0161219 0.0203633 0.0445497 -0.0158642 -0.0102966 -0.0288316 -0.00922662 -0.0307629 0.0135303 0.0509323 0.0242888 0.00281863 0.0340441 0.0334725 0.0237573
internal_weight=39997.2 37987.9 4847.77 2794.69 33140.2 31046.9 2093.21 3545.42 2465.61 27501.5 26224.8 24527.5 1319.26 927.102 23208.3 6585.35 3716.76 16622.9 3813.73 12809.2 919.59 1641.62 11889.6 2868.59 11435.1 7928.77 3506.34 3087.89 1252.32 7856.29 1780.4 1308.38 6075.89 622.508 2956.03 418.446 817.97 988.622 297.082 1979.08 1867.94 2015.01 2172.12 282.741 1697.29 216.755 744.957 2053.09 1950.53 1820.02 173.908 1276.71 562.535 427.302 454.48 1759.02 1646.11 3343.52 1001.7 702.179 2341.82 815.8
internal_count=695484 692981 387709 256752 305272 294226 11046 25819 24105 268407 251025 245014 18077 5155 226937 47153 37397 179784 56734 123050 19272 23970 103778 9756 86165 43827 42338 36758 13403 43184 19090 17433 24094 13253 35274 5580 6360 9526 6019 17932 15377 217109 32764 7585 6011 2785 4920 130957 122084 5295 1877 17382 6986 3996 17613 120837 3418 26480 11552 4221 14928 3341
is_linear=0
shrinkage=0.05


Tree=44
num_leaves=63
num_cat=18
split_feature=1 0 32 0 43 0 35 0 28 41 0 43 43 0 0 32 44 43 42 48 18 41 0 48 17 43 26 0 0 0 11 46 44 41 43 0 0 28 46 43 43 48 0 10 44 7 44 18 10 43 34 44 34 0 48 48 0 43 18 0 18 0
split_gain=736.685 538.955 359.218 357.116 422.426 365.717 338.966 585.731 311.955 297.047 691.585 442.341 427.615 785.436 602.333 401.85 360.519 335.62 328.736 285.67 418.933 404.876 334.312 313.168 283.018 282.298 315.578 676.042 303.138 280.932 442.834 276.732 267.917 354.665 254.652 414.979 358.272 254.08 302.336 246.664 454.884 257.76 242.124 229.328 227.743 342.571 290.415 425.657 224.227 219.505 215.285 211.338 207.817 202.674 192.217 188.496 766.388 336.805 540.439 178.255 184.03 175.698
threshold=1.1500000357627871 0 0.15517241507768634 1 0.91939014196395885 2 0.15000000223517421 3 0.0098039219155907648 -0.77259656786918629 4 0.71503382921218883 0.82899317145347606 5 6 1.0000000180025095e-35 0.8277757763862611 -0.99940761923789967 0.58216583728790294 -0.99376606941223133 19.050000190734867 1.0000000180025095e-35 7 -0.97784256935119618 0.45000000298023229 0.71503382921218883 -0.0095355394296348078 8 9 10 148.45833587646487 -0.65372002124786366 0.9974811077117921 -0.35206145048141474 0.3903625756502152 11 12 0.045542273670434959 0.71982219815254223 0.52766072750091564 0.22700754553079608 -0.96953669190406788 13 52.458333969116218 -0.85225707292556752 35.649999618530281 0.16587474942207339 7.3875000476837167 14.958333492279055 -0.99763298034667958 0.15000000223517421 -0.99465739727020253 0.65000000596046459 14 0.98671606183052074 0.44110876321792608 15 -0.20180235803127286 23.774999618530277 16 18.854166984558109 17
decision_type=10 9 2 9 2 9 2 9 2 2 9 2 2 9 9 2 2 2 2 2 10 2 9 2 10 2 10 9 9 9 2 2 2 2 2 9 9 2 2 2 2 2 9 2 2 10 2 10 2 2 2 2 2 9 2 2 9 2 10 9 10 9
left_child=1 -1 3 6 9 24 7 8 -3 10 31 15 14 18 32 53 25 -17 -14 21 23 -8 -22 -21 -6 26 27 -16 -27 51 -31 -5 33 -11 36 -36 -29 38 50 40 41 -19 -41 -33 45 -10 48 -48 -46 -24 -38 -28 -39 -12 -53 -43 57 58 -57 60 -25 -50
right_child=-2 2 -4 4 5 -7 19 -9 44 12 11 -13 13 -15 16 17 -18 39 -20 20 22 -23 49 59 -26 28 29 34 -30 30 -32 43 -34 -35 35 -37 37 52 -40 42 -42 55 -44 -45 46 -47 47 -49 61 -51 -52 54 -54 -55 -56 56 -58 -59 -60 -61 -62 -63
leaf_value=-0.051042045932422224 0.043784264684188293 0.042109645670935517 -0.067405166259756802 0.012480243571687213 -0.064263460025093394 -0.05958488545362213 0.056688405681876546 -0.043680711222253657 -0.0726971896769079 -0.0025900709731376168 0.021349735189986011 -0.073725121050161338 0.052396232479874572 -0.068264011236902233 -0.041550201477661641 -0.11800262496578842 -0.054657659866604126 -0.045329553225205724 -0.073540136883701049 -0.047374332519866669 -0.051543088047786678 -0.05924831326097605 -0.092453990534159938 -0.037359318506360317 0.070371824130938523 0.030943613427623497 -0.076652426937316567 -0.049705690786641804 -0.068319746405762077 -0.071266445146494314 0.010558830419085749 0.015641818663118125 0.070350849540726998 -0.051661967400468849 -0.073758056051242957 0.050478411816672709 -0.047064564241962481 0.0094630565868552841 -0.053888583891014412 0.073731016049579767 -0.076596044766188587 0.038258045794150826 -0.018171669678117019 -0.052163197386871508 -0.11615432015439089 0.14674773807940672 -0.059462544043370182 0.058141134491186922 -0.047595379286803671 0.011026838084777731 0.026925407812881327 0.029917335105745943 -0.079766016363671699 -0.073073239515176691 -0.07680915764538504 -0.096305538202997143 -0.066549263350620266 0.069131484292537196 0.047641029094539392 0.025924855836141094 0.076696966748900752 0.036600223569425952
leaf_weight=324.27380215178709 1946.9808672354557 688.51044805790298 139.06071580166463 504.99581292178482 57.498685891972855 393.02174136741087 947.20372117077932 535.45395163842477 170.49424644769169 650.25039973901585 92.011836415505968 108.04332680930384 1151.258121161256 162.53178806614596 821.25635599519592 37.332869853591546 230.66401329415385 108.44306207331829 54.26083599217236 152.18382890080102 283.91808439278975 81.8082536108559 53.263030099915341 203.72808551881462 121.54491846170276 110.30298817972653 48.498670785338618 285.96085602929816 224.36177704657894 173.60447174543515 3477.9072090216214 163.12631213595159 69.055187502293848 848.90050918597262 68.029351355042309 582.42214264150243 105.11330452305265 125.86020317557268 142.21294628048781 533.40305106260348 100.92066520394292 3318.1814755317755 84.501858406234533 529.40652256470639 27.043247047811747 19.855578225106001 278.55098355852533 106.30418099148665 60.436954809469171 1353.6297061148798 1519.5219408562407 3184.4493654700927 135.5131394576747 133.51424463640433 42.754338497528806 99.430464067496359 221.69118398393039 395.02330698538572 189.43531164666638 9857.0549773771781 42.795527885202318 751.50601618678775
leaf_count=149034 2503 8472 4621 7318 2651 40810 1456 72411 5663 9757 560 5110 3891 10068 15815 444 38815 1681 2166 1910 3912 1419 485 6870 123 588 1665 6223 11346 1881 38375 621 1371 35674 1518 3400 6168 4282 2285 1050 3714 12575 1578 18637 237 7 23806 758 5492 5299 5468 26349 1528 4597 1482 1836 4855 727 222 54297 41 7567
internal_value=0.0137972 0.0122396 0.0128021 0.0131069 0.00889839 -0.0334852 0.0188588 0.00253258 0.0144399 0.0100664 0.0188153 0.0263826 0.00599228 0.0325672 0.0031623 0.0284677 0.00720267 0.0313624 0.0463434 0.0221928 0.0200154 0.0474712 -0.00304444 0.0238172 0.0256992 0.00850076 0.0099134 -0.00169469 -0.0367201 0.0162575 0.00665038 -0.0155371 -0.0257774 -0.0303772 0.00945426 0.0371269 0.00171712 0.00916714 0.0160189 0.0324664 0.0283412 0.0307858 0.062062 -0.0361917 0.00107074 -0.0498067 0.00898394 -0.0269782 0.0254803 0.00705902 0.0221383 0.0268645 -0.0367992 -0.0368433 0.0285034 0.03274 0.0125211 0.038562 -0.00190681 0.0248895 -0.0168751 0.0301977
internal_weight=39430.3 37483.3 37159 37020 21406.2 572.065 15613.7 2638.16 2102.7 20834.2 6619.46 5421.93 14214.7 1368.05 12846.6 5313.89 11278.4 5088.36 1205.52 12975.6 11946.6 1029.01 1690.81 10255.8 179.044 11047.8 10713.1 3785.89 334.665 6927.21 3651.51 1197.53 1568.21 1499.15 2964.63 650.451 2314.18 2028.22 1766.85 5051.03 4433.13 4332.2 617.905 692.533 1414.19 190.35 1223.84 384.855 838.986 1406.89 1624.64 3275.7 261.373 225.526 3227.2 4223.76 905.58 683.889 288.866 10103.6 246.524 811.943
internal_count=695484 692981 543947 539326 339224 43584 200102 124413 52002 295640 65525 38949 230115 16125 213990 33839 167188 28682 6057 75689 72814 2875 9696 63118 2774 128373 116439 46687 11934 69752 40256 26576 46802 45431 30872 4918 25954 19731 13921 28238 25610 21896 2628 19258 43530 5670 37860 24564 13296 5784 11636 29496 5810 5157 27831 20215 7640 2785 2058 61208 6911 13059
cat_boundaries=0 4 8 10 14 18 22 26 30 34 36 40 42 45 49 50 54 57 61
cat_threshold=2107460 3089138593 753708 64 2625896481 17060880 1071933761 17 1610612736 67108864 75497504 16777216 939534656 1 22152448 68165642 3222274578 672 1665159680 8396814 1048576 526 536920064 67635264 4224 520 2290089984 17059840 318777345 16 1074794496 5316608 512 422 0 8454144 51512704 5251072 528 418 50528656 8388608 4195840 2 1040 536973840 68 4096 12 33620096 1610699392 0 4096 264 2147483648 4096 10240 75497504 0 8192 1
is_linear=0
shrinkage=0.05


Tree=45
num_leaves=63
num_cat=17
split_feature=1 0 20 0 17 0 24 0 0 48 43 48 44 0 48 18 41 30 42 0 0 44 48 0 44 48 24 48 43 0 0 17 32 34 18 18 28 0 18 44 48 48 48 41 43 28 0 0 43 0 48 0 48 43 18 28 47 41 44 34 0 44
split_gain=754.972 510.582 372.887 550.989 534.956 1107.53 525.366 453.91 310.537 304.313 275.346 252.374 417.578 513.454 402.027 368.801 337.387 359.649 355.985 316.228 313.763 287.684 280.792 266.919 249.554 332.588 248.418 222.163 210.509 330.845 272.667 208.354 206.727 198.921 198.883 197.213 192.641 768.421 334.566 249.002 429.355 192.132 190.32 188.365 654.209 376.351 1501.82 652.01 523.276 356.888 299.709 244.994 244.755 363.018 235.252 232.86 221.309 218.201 331.27 247.055 284.476 238.215
threshold=1.7500000000000002 0 0.22500000149011615 1 2.3541666269302373 2 0.0090102395042777079 3 4 -0.99878430366516102 0.98802474141120922 0.8462619185447694 -0.86112883687019337 5 0.70222932100296032 47.583333969116218 -0.097964655607938753 0.085370879620313658 -0.097964655607938753 6 7 -0.41399101912975306 0.54937449097633373 8 0.88522326946258556 0.99966737627983104 0.091024000197649016 0.95944499969482433 0.87811094522476207 9 10 11.354166507720949 0.15517241507768634 3.7500000000000004 71.791667938232436 21.050000190734867 0.0058823532890528449 11 13.275000095367433 0.063390085473656668 -0.89495861530303944 -0.99931246042251576 -0.16180528700351712 -0.77259656786918629 0.69056403636932384 0.045542273670434959 12 13 -0.50556187331676472 14 -0.93518188595771778 15 0.24460743367671969 -0.94705909490585316 2.1833333969116215 0.056927841156721122 0.73358249664306652 0.88144907355308544 -0.32613736391067499 1.2500000000000002 16 -0.65233206748962391
decision_type=10 9 10 9 8 9 10 9 9 2 2 2 2 9 2 10 2 2 2 9 9 2 2 9 2 2 10 2 2 9 9 10 2 2 10 10 2 9 10 2 2 2 2 2 2 2 9 9 2 9 2 9 2 2 10 2 2 2 2 2 9 2
left_child=1 -1 4 -4 7 6 35 11 -8 -9 24 14 27 21 15 16 17 18 -3 42 22 -14 28 -20 32 -26 41 -13 29 -18 -30 -10 36 -23 -16 -6 37 38 39 -11 -41 -7 -19 44 49 47 48 50 -47 -38 54 52 53 -49 -45 -51 -52 59 -59 -53 61 -61
right_child=-2 2 3 -5 5 26 8 9 31 10 -12 12 13 -15 34 -17 20 19 23 -21 -22 33 -24 -25 25 -27 -28 -29 30 -31 -32 -33 -34 -35 -36 -37 43 -39 -40 40 -42 -43 -44 45 -46 46 -48 51 -50 55 56 57 -54 -55 -56 -57 -58 58 -60 60 -62 -63
leaf_value=-0.050954530175058271 0.044641287036202265 -0.055047166089942257 -0.010528107791835313 0.03016271300914929 0.0040407071951285281 0.027096788569763344 0.086389133476859753 -0.057441743304742658 -0.035407536136026034 0.034981592671634885 -0.05863533500371957 0.050735584604787068 -0.079694164525515143 -0.064298655590309714 -0.073838908243718152 -0.099054916886372371 0.00073804912668844593 -0.078184371723001855 0.037296731394403211 0.022776376718423832 -0.047693620305568576 0.038617444656793613 0.041846266117975067 -0.040340672779477831 -0.052160701562864134 0.067714048066497168 0.014857406883270394 -0.019416158896830894 0.063183628285804525 -0.058799068603853637 -0.057909701506718397 0.039026446598734554 -0.075042924587751123 -0.10257840044514172 0.046383428170492 -0.050921676856503222 0.003648999181997166 -0.068508645554249278 -0.10208462218977599 0.068494721915732609 -0.09664050315501084 -0.060847841513192419 0.003186803641130111 -0.067775844222827245 -0.051690139212848811 -0.049597996064188077 -0.055656493044944182 0.047280698126524662 0.027799291292973174 0.040418705422750174 -0.047012669259478175 0.034043472270862934 0.061382426776345492 -0.042533259296391387 0.049031741821032856 -0.05464824335209572 0.0025894520507312325 0.019363806475369796 -0.069799014256152911 -0.092018369648369902 0.02367760639866778 -0.0031896309932535382
leaf_weight=312.84290728770429 1827.6483144506346 376.3667489211075 993.1259270273149 5103.8526783388807 550.427720488864 66.223786749993451 284.79537638206966 139.1592808739515 124.22025279433001 965.04308487661183 120.35330653755227 833.78814774286002 65.304478508769535 257.76971879886696 266.52829576330259 91.816854157834314 580.85192403139081 127.20026557077654 304.66997328191064 2913.9795225902926 525.10399535635952 499.8922627660213 282.99737715045922 161.60648788022809 260.6809219145216 74.368846258032136 142.78518577362411 130.52587730833329 157.02992947411258 384.08937144454103 56.780656331917271 386.6462588213617 59.545569965383038 26.254752790438943 39.49869632627815 232.0009492742829 911.06847018306144 304.80951607041061 54.025560958078131 64.991929372656159 99.813586395815946 998.35213050071616 165.16832059645094 51.464223702554591 245.22933377663139 239.82082621008158 833.4153244443587 351.22219981485978 2443.0430171814514 3771.2829448446864 538.2410347040277 3481.376375717693 935.75146834738553 165.53205177222844 265.39089384058025 65.532606257707812 386.24470684782136 318.91357458813582 154.70832671551034 86.881975343450904 1760.5358929794747 574.85941090108827
leaf_count=149120 2115 18231 5177 11158 4718 309 1034 4553 973 4174 15030 2755 1825 21107 14849 1272 13722 6013 5256 22214 40360 6988 3324 12873 48360 432 302 3024 1698 16384 4398 708 2263 163 57 2746 13020 12637 626 62 1388 19694 4242 1629 12977 6354 46240 1838 22555 17075 12570 34855 7900 9266 514 1558 4277 3686 5568 809 3595 1610
internal_value=0.0132676 0.0117248 0.0122674 0.0235669 0.0100314 -0.0108648 0.0167298 0.0121124 0.0454442 0.0162278 0.0167595 0.00224789 0.0187249 -0.00684183 -0.00239317 0.00040002 0.00191292 0.0101938 -0.0188745 0.017833 -0.0149625 0.0189658 -0.00285872 0.0103231 0.0172257 -0.0255529 -0.0466843 0.0412401 -0.0136158 -0.0235621 0.0312721 0.0205256 0.017975 0.0315718 -0.0583219 -0.0122564 0.0182655 0.000995484 0.0193062 0.0252815 -0.0315186 -0.0553771 -0.0311498 0.0197279 0.0279453 0.0164682 0.0025819 0.021851 0.0208032 0.0320585 -0.0118109 0.0271682 0.0458146 0.0185106 0.0300596 0.0386941 -0.0262892 0.0228562 -0.00976118 0.0255116 0.0132494 -0.0146311
internal_weight=38993.5 37165.8 36853 6096.98 30756 2785.45 1578.09 27970.5 795.662 19723.3 19584.1 8247.22 1813.54 849.221 6433.69 6127.66 6035.84 4048.99 842.643 3206.35 1986.85 591.451 1461.75 466.276 19463.8 335.05 1207.36 964.314 1178.75 964.941 213.811 510.867 19128.7 526.147 306.027 782.429 19069.2 1488.68 1183.87 1129.85 164.806 1064.58 292.369 17580.5 4993.11 12587.4 3516.28 9071.12 2682.86 4747.88 1241.34 7829.78 1452.51 516.754 316.855 3836.82 924.486 6377.28 473.622 5903.65 2422.28 661.741
internal_count=696230 694115 544995 16335 528660 30484 10179 498176 2715 297421 292868 200755 35862 30083 164893 149987 148715 68829 36360 32469 79886 8976 39526 18129 277838 48792 20305 5779 36202 30106 6096 1681 229046 7151 14906 7464 226783 18887 6250 5624 1450 20003 10255 207896 44630 163266 75149 88117 28909 31653 18990 69127 19004 11104 2143 18633 16847 50123 9254 40869 6014 2419
cat_boundaries=0 4 7 11 15 19 22 26 30 33 37 41 45 49 53 57 60 64
cat_threshold=2107460 3089138593 753708 64 672159489 1140882498 2148542337 273814707 92279884 146800976 176 291177875 68819018 201330707 688 1040 67114056 142606336 144 285278609 67112960 67108864 1049856 67115080 0 176 22742273 528394 134217728 544 22085633 133128 4096 18023680 0 0 32 1 8 134217728 512 1619001856 50339840 813695808 6 1644429856 29630464 1892679744 256 1610908160 262144 4196992 256 2323644416 33841168 3518259712 1024 142606336 4210704 2166644736 20512 1132463104 0 14
is_linear=0
shrinkage=0.05


Tree=46
num_leaves=63
num_cat=19
split_feature=4 0 22 17 0 48 26 0 48 0 0 0 43 17 33 28 0 0 44 0 44 0 29 44 43 48 0 0 48 43 48 42 48 28 43 48 0 48 26 34 38 33 35 15 11 44 46 44 0 45 0 0 34 18 0 43 24 0 0 48 35 48
split_gain=725.467 487.457 406.121 359.74 819.003 530.129 505.133 384.147 339.301 340.053 318.13 308.486 271.479 252.387 248.733 285.296 311.77 295.701 314.4 283.459 352.08 428.062 269.776 246.659 422.419 395.808 278.479 268.465 312.83 254.545 330.166 283.499 259.455 236.847 233.626 423.281 321.4 309.113 226.238 221.644 315.237 219.789 214.117 211.735 238.476 247.739 204.341 193.252 536.105 316.808 825.11 506.109 358.96 203.492 433.358 203.385 192.909 191.343 191.084 183.445 183.321 179.704
threshold=0.15000000223517421 0 0.45000000298023229 0.85416665673255932 1 -0.99878430366516102 -0.0031865459168329831 2 -0.99625083804130543 3 4 5 0.98802474141120922 0.77500000596046459 0.15000000223517421 0.0058823532890528449 6 7 0.88522326946258556 8 0.063390085473656668 9 3.3568412065505986 -0.84313312172889698 -0.8337765336036681 -0.77313542366027821 10 11 0.85817068815231334 0.056951373815536506 -0.57200580835342396 0.16280825436115268 -0.65220215916633595 0.013725490774959328 1.0000000180025095e-35 0.85817068815231334 12 0.93667927384376537 0.065700009465217604 0.35000000894069677 28.500000000000004 1.0000000180025095e-35 2.5499999523162846 3.8541666269302373 44.625000000000007 -0.86112883687019337 -0.93139424920082081 -0.97874867916107167 13 1.0000000180025095e-35 14 15 0.35000000894069677 1.4499999880790713 16 -0.71504372358322132 -0.00047422311035916204 17 18 -0.99970510601997364 0.55000001192092907 0.25597663223743444
decision_type=10 9 10 8 9 2 10 9 2 9 9 9 2 10 2 2 9 9 2 9 2 9 2 2 2 2 9 9 2 2 2 2 2 2 2 2 9 2 10 2 2 2 2 10 2 2 2 2 9 2 9 9 2 10 9 2 10 9 9 2 2 2
left_child=1 -1 3 5 59 -3 10 23 -8 -10 -6 -4 14 -13 15 16 46 -17 38 39 -21 22 -22 25 27 -7 29 -25 41 32 -31 -32 57 42 35 -27 -36 -37 47 40 -16 -29 -28 44 -12 -46 -9 48 -19 51 61 -49 -52 54 -53 -56 -41 -26 -58 -5 -54 -51
right_child=-2 2 11 4 6 7 8 12 9 -11 43 13 -14 -15 19 17 -18 18 -20 20 21 -23 -24 24 26 34 33 28 -30 30 31 -33 -34 -35 36 37 -38 -39 -40 56 -42 -43 -44 -45 45 -47 -48 49 -50 50 52 53 60 -55 55 -57 58 -59 -60 -61 -62 -63
leaf_value=-0.050959589182007506 0.049160518543653463 -0.072290314835535552 -0.010339787915823663 0.039681614592654624 -0.0513319578356497 -0.06562928975545014 0.063134394627553367 0.098122171175833287 -0.037592418957236196 0.017736659974238018 0.03722700274772188 0.064755162547916828 -0.059505634567413826 0.025892928912245601 0.033497458587374671 -0.0078181959837565883 -0.056033889612432101 0.054291282413073495 -0.044801729605388557 0.020486229520242663 -0.054951193550329049 -0.071408211819634734 0.033082269567953911 -0.026582635170045849 0.04420085079332451 -0.044442270780203824 -0.058963929078099067 -0.013065606851466363 -0.051394832507483862 -0.060888197957126571 0.03653449375169842 -0.056242506081921585 -0.075542586099057729 -0.064017027474300464 -0.054740816112304719 0.054157929468551372 0.040742467090750779 -0.069229812205150024 -0.061863766712267156 0.038776349946244765 0.15035439360928582 0.024911729625748089 0.032445800602386735 0.033590980180814009 0.011896032328078539 -0.072949317064656766 -0.0049110311602363526 -0.04005406687164087 -0.043820340956868514 0.011050077395306543 -0.050034191101696872 -0.031468156482974123 0.056379312697972188 0.056597613291673544 -0.06154785956432688 0.039345834279931213 0.032711726518003324 -0.064939052696776051 -0.0058072797874559861 -0.055516838795053716 -0.010566226905120582 0.037667094912831517
leaf_weight=300.82649537548423 1321.8751369758975 184.02486268331995 528.86991235194728 54.306283014826477 484.77816396846902 135.0476184944855 359.25679457664955 59.446897549671121 305.04714147013146 2394.2071347400779 133.67531237355433 470.63688016927335 116.4968596175313 3720.2507634870708 145.67485321650747 1354.3478201240068 306.02011160983238 900.77355613140389 198.2783577775117 4444.3480254946044 116.50263204646762 232.74221818021033 343.95770114043262 463.72971299104393 109.74083134473767 309.54187464737333 110.10524654755136 460.41435203747824 171.03728746518027 137.77518847712781 601.03378862550016 95.410906557342969 215.59717809641734 518.08162529551191 87.510483838501386 317.35667080059648 1292.2951770770596 60.423245265730657 85.719292037189007 2365.3442871877924 95.577315981732681 2208.0560477357358 153.19923927879427 293.50474966550246 138.48675368202385 227.16042748221662 252.59812060650438 237.23598270013463 158.85551556677092 1256.7051536181243 666.66057959222235 271.86769438674673 123.02158240927383 792.98071986797731 51.552418961189687 1606.481067477609 675.99688896955922 50.66575430391822 607.00281379430089 742.30177073832601 605.97076555108652 1280.0354429793661
leaf_count=149205 1299 7472 2426 172 6011 6383 490 382 3674 11805 310 776 15653 7583 1329 59264 12127 3365 36977 15184 1076 3171 779 10355 1172 9393 18258 10517 3526 8399 11349 9107 11988 56279 4199 814 8608 1693 3274 7697 396 5779 572 886 1162 4390 2868 19054 5875 17712 26424 16278 277 3836 2775 21592 1843 3126 4322 16470 4009 13043
internal_value=0.0127607 0.0114668 0.0119865 0.00998007 -0.00215497 0.0122841 0.00644125 0.0128638 0.0174859 0.0114103 -0.0199484 0.0256862 0.0165832 0.0301851 0.0170527 0.0117061 -0.0212199 0.013828 0.0173759 0.023099 0.0152871 -0.0178257 0.0105789 0.0032363 -0.00260827 0.0173035 -0.0207962 0.00835771 0.0141079 -0.0055156 0.00983366 0.0238243 -0.0397169 -0.0438315 0.0227216 -0.00109476 0.0345852 0.0344229 0.0189313 0.0332923 0.0797929 0.0183592 -0.00577873 -0.000110001 -0.0199218 -0.0408146 0.0142606 0.0198023 0.0396816 0.0167461 0.00744563 0.0291014 -0.0233506 0.0351447 0.026512 0.0359917 0.0303087 0.00843525 0.0146976 -0.0484192 0.000731212 0.0243849
internal_weight=38508.4 37186.6 36885.7 32166 5132.72 27033.2 4336.12 26849.2 3058.51 2699.25 1277.61 4719.76 19352.2 4190.89 19235.7 10208.6 618.065 9590.49 8236.14 9027.15 5137.55 693.203 460.46 7497.02 5294.85 2202.18 1991.61 3303.24 2839.51 1210.22 834.22 696.445 376.004 781.386 2067.13 687.322 1379.81 377.78 8037.86 3889.6 241.252 2668.47 263.304 792.827 499.322 365.647 312.045 7952.14 1059.63 6892.51 3932.39 2960.12 1395.65 2722.88 1929.9 1658.03 3648.34 160.407 1283 796.608 728.992 2536.74
internal_count=696230 694931 545726 534941 45370 489571 28728 482099 15969 15479 12759 10785 300582 8359 284929 249132 15377 233755 174491 35797 20210 5026 1855 181517 150427 31090 120250 30177 19822 45141 28855 20456 16286 75109 24707 11900 12807 2507 137514 15587 1725 16296 18830 6748 5862 5552 3250 134240 9240 125000 61465 63535 30710 44481 40645 24367 13862 4298 6165 16642 4286 30755
cat_boundaries=0 4 8 12 15 19 22 26 30 34 38 42 46 50 54 58 61 65 69 73
cat_threshold=2107460 3089138593 753708 64 228394528 1112934402 2282774531 523 324732179 68819020 2101267 176 2415935744 16794704 545259776 2453803153 590852 272898192 292 134267393 67206208 1048577 8388608 1090519040 536871360 518 134217728 33817600 54806208 1280 134479872 1128612880 2479113920 1 2147483648 8192 1677729792 270 268501265 67633164 1 32 1048834 67637312 4096 176 524288 68812864 2097153 160 1619005984 25165824 1610615040 4 2147778720 1077960706 3028289536 14 2147778720 1073758208 3766487040 1073741824 4202496 201326592 527 256 4 0 32 0 66560 276840448 1
is_linear=0
shrinkage=0.05


Tree=47
num_leaves=63
num_cat=20
split_feature=4 0 22 17 0 48 26 0 48 0 16 0 41 0 43 1 48 43 41 0 44 0 0 48 48 48 48 35 43 48 0 0 18 0 0 43 0 46 35 43 44 44 48 48 48 48 48 0 0 0 43 48 0 44 0 48 35 0 7 42 35 18
split_gain=692.385 456.458 373.267 327.993 750.624 491.094 460.439 350.794 321.605 310.655 309.74 288.504 272.729 355.273 253.125 323.256 249.456 239.862 236.072 357.026 279.995 353.259 272.852 239.706 226.107 290.098 222.091 216.034 209.214 400.028 223.7 202.524 199.634 788.087 501.668 291.65 680.432 308.889 300.827 283.387 266.483 413.611 765.213 544.557 530.954 445.834 614.177 582.549 486.241 432.446 423.014 329.099 308.247 445.718 292.9 248.745 244.301 233.689 229.787 224.143 224.128 198.45
threshold=0.15000000223517421 0 0.45000000298023229 0.85416665673255932 1 -0.99878430366516102 -0.0031865459168329831 2 -0.99625083804130543 3 5.2500000000000009 4 0.93540480732917797 5 0.91248813271522533 13.650000095367433 0.92789602279663097 0.98802474141120922 -0.84874749183654774 6 0.28313310444355017 7 8 -0.94767490029335011 0.8462619185447694 0.92789602279663097 0.4063368439674378 1.6500000357627871 1.0000000180025095e-35 0.65729612112045299 9 10 7.0499999523162851 11 12 -0.86976337432861317 13 0.77101796865463268 11.050000190734865 -0.94705909490585316 -0.99761277437210072 -0.48313741385936732 0.8462619185447694 0.3373312652111054 -0.72342684864997853 -0.63256293535232533 -0.22276170551776883 14 15 16 0.43733377754688268 0.69322791695594799 17 0.28313310444355017 18 0.93667927384376537 14.34999990463257 19 0.15000000223517421 -0.77259656786918629 0.35000000894069677 5.5499999523162851
decision_type=10 9 10 8 9 2 10 9 2 9 10 9 2 9 2 10 2 2 2 9 2 9 9 2 2 2 2 2 2 2 9 9 10 9 9 2 9 2 2 2 2 2 2 2 2 2 2 9 9 9 2 2 9 2 9 2 2 9 10 2 2 10
left_child=1 -1 3 5 -5 -3 10 14 -8 -10 31 -4 17 27 18 -16 -13 32 19 -7 22 26 24 -21 -20 -26 -22 -14 29 -25 -30 -6 34 -34 39 36 -35 -38 55 -9 54 42 43 44 56 52 47 -47 51 60 57 59 -43 -54 -36 -37 -42 -44 -51 -48 -46 -50
right_child=-2 2 11 4 6 7 8 12 9 -11 -12 16 13 -15 15 -17 -18 -19 20 23 21 -23 -24 28 25 -27 -28 -29 30 -31 -32 -33 33 35 40 38 37 -39 -40 -41 41 45 50 -45 49 46 48 -49 61 58 -52 -53 53 -55 -56 -57 -58 -59 -60 -61 -62 -63
leaf_value=-0.050793137791955406 0.048491308827228706 -0.070902569956865932 0.033180443172264741 -0.046731333429363198 0.007223929112238652 -0.034083301511656859 0.061977483216362365 0.016569625370905561 -0.026501824787643648 0.018523210131631194 0.019709589520921854 0.010712347964804152 -0.027606586674037172 -0.04987502542067445 -0.058293555322042813 0.22895433581769506 -0.090416766728359133 -0.06007824441500717 -0.033728211709612869 -0.088646039077913227 -0.063238556130950349 -0.055452100955732636 0.0098517096406957883 0.025867758004667087 0.050103199642812138 -0.068756702641783088 0.03984847629687599 0.037905531081126778 -0.053293478928710482 -0.086556715713218046 0.057499188300580276 -0.048051103128861392 -0.018931496974499848 -0.082516733777245166 0.058352130810914754 0.052184915963365643 0.03749736156241764 -0.070386345135985698 -0.073060456013159109 -0.029556414980950893 -0.067010966828900634 0.051667974353218918 -0.042597390489480386 -0.069721730565998327 -0.044824966587532447 0.042884571630633306 0.027940594863051078 -0.079898675442770281 0.030823911727948683 -0.038673282260821812 -0.069703078546483763 -0.063888235564158347 0.030335002442628201 -0.062189663801650641 -0.031695904733640326 -0.036570463851970714 0.027760089443205623 0.050223013630027062 0.035392425281987043 -0.032337979040846565 0.039510832455355908 -0.10940708983558088
leaf_weight=287.10126718570245 1274.3237302191556 178.38955864042509 3177.5967028689338 784.25943498086417 221.9028573416872 258.66442857682705 347.9537119041197 520.44688900187612 453.7043724602554 2232.8333556863945 364.96316457446665 1419.8971686633304 195.47385719045997 342.56018717604456 234.46007342549274 10.221268177032469 63.715571426553652 98.81850619969191 728.35180325969122 42.841513246414252 68.431851111468859 450.13330175954616 4301.976724537788 897.0242662508972 201.45962869358482 68.888963279197924 220.90966589027084 353.25258460117038 43.438649128424004 86.778564228094183 700.63632651616354 679.07579720212379 768.22817566816229 142.48611660976894 667.17870265385136 2336.8023373477627 1032.605468514841 70.904245795099996 51.393978595733643 924.47937486314913 385.19972533395048 1746.1007057069801 67.856940806028433 367.32553062599618 86.723503562388942 134.64044830354396 409.62047744437587 303.22577119269408 2857.5547768513788 479.14450066792779 87.855952337034978 233.25754926603986 920.33966542012058 151.60315493168309 101.28351393865887 81.701376346754842 82.578549031168222 1004.0924843430985 134.00901403697208 247.34262662817491 860.02227708837017 25.453884886577725
leaf_count=149205 1299 7472 5603 16642 1518 11777 490 5053 5549 9930 1467 4556 5999 26905 27617 2 626 13253 22749 1408 3970 59900 43834 5868 1623 3358 2344 669 1885 2581 5038 9774 8417 2631 1046 9887 2656 678 324 59779 10762 12159 1440 10088 2653 1457 3369 13525 34599 11586 3332 10946 4046 11252 1770 1238 155 3447 470 10089 2012 453
internal_value=0.0122577 0.0110029 0.0114996 0.00956869 -0.00207257 0.0117803 0.00616607 0.0123351 0.0167477 0.0108897 -0.0191496 0.0247179 0.0162067 -0.0107598 0.0038028 -0.0462941 0.00632659 0.0175989 0.00532654 0.0200805 0.000369454 -0.0284526 0.00439029 0.0280269 -0.0190431 0.0198159 0.0149508 0.0143073 0.031082 0.0159511 0.0510877 -0.0348905 0.018043 0.0271216 0.014862 0.0365952 0.0169717 0.030291 0.0466429 -0.0128534 0.0183847 0.0163367 0.00243762 -0.0137057 -0.00355805 0.0233658 0.0130647 -0.0429891 0.0195695 0.010453 0.0357736 -0.0127257 0.038759 0.01709 0.0468307 0.0491866 -0.0502807 0.0444184 -0.0221249 0.00524608 0.0314533 0.0294836
internal_weight=38071.5 36797.2 36510.1 31848.9 5084.69 26764.2 4300.43 26585.8 3034.49 2686.54 1265.94 4661.21 18271.6 891.287 8314.22 244.681 1483.61 17380.3 8069.54 2029.38 6040.15 739.475 5300.68 1770.72 998.7 270.349 289.342 548.726 1727.88 983.803 744.075 900.979 17281.5 4484.12 12797.3 3715.89 1246 1103.51 2469.9 1444.93 11352.4 10583.9 3554.81 2395 2027.68 7029.14 4211.1 437.866 3773.23 1559.9 1159.81 890.221 2818.04 1071.94 768.462 2418.5 467.778 1071.95 613.154 656.963 946.746 2883.01
internal_count=696230 694931 545726 534941 45370 489571 28728 482099 15969 15479 12759 10785 288145 33573 193954 27619 5182 254572 166335 28557 137778 66214 71564 16780 27730 4981 6314 6668 15372 8449 6923 11292 241319 25831 215488 17414 5965 3334 11449 64832 150656 147840 45945 37726 27638 101895 74438 14982 59456 16721 8219 24404 27457 15298 2816 11125 10917 4887 12056 13458 4665 35052
cat_boundaries=0 4 8 12 15 19 22 26 30 34 36 39 43 47 51 54 58 62 66 69 73
cat_threshold=2107460 3089138593 753708 64 228394528 1112934402 2282774531 523 324732179 68819020 2363411 180 2415935744 25183312 1619265280 323879986 50987008 1036011856 309 537137664 16384 834666560 34735360 67113024 2097170 176 524288 524288 0 4 524306 67639360 4097 176 289931264 524288 32768 8388608 69207360 2214593152 1095000064 184558400 1024 134250496 33571842 2214612096 520 679481376 1024 68177024 513 262176 65536 4194304 3288616960 1090592768 1509949440 1025 544 25165824 536870976 259 2214613504 1098915840 444596480 1025 1619001984 16777232 1610613056 32 29360144 1074790400 259
is_linear=0
shrinkage=0.05


Tree=48
num_leaves=63
num_cat=20
split_feature=4 0 22 17 0 48 26 16 0 48 0 0 41 0 43 6 43 0 11 41 0 44 0 48 44 44 0 0 42 48 0 0 27 43 48 43 48 35 44 34 33 28 0 0 46 44 0 44 0 43 48 48 26 44 0 44 0 18 43 44 0 44
split_gain=659.466 427.844 344.731 309.016 714.763 457.437 372.048 346.405 309.366 308.333 326.645 297.338 253.418 338.121 240.275 274.828 224.138 207.135 205.354 203.73 326.596 272.877 332.594 240.779 445.875 431.61 412.903 383.76 322.382 295.309 269.993 240.693 223.839 212.212 348.553 231.974 207.436 200.408 198.417 195.089 192.876 301.832 306.603 278.583 237.895 233.589 204.061 272.122 411.41 192.667 192.632 191.051 188.597 192.676 503.012 245.434 779.637 294.103 266.036 210.103 199.758 305.917
threshold=0.15000000223517421 0 0.64583334326744091 0.85416665673255932 1 -0.99878430366516102 -0.0031865459168329831 5.2500000000000009 2 -0.99625083804130543 3 4 0.93540480732917797 5 0.91248813271522533 18.349999427795414 0.98802474141120922 6 63.875000000000007 -0.84874749183654774 7 0.28313310444355017 8 0.8462619185447694 -0.56369942426681507 -0.90892156958580006 9 10 -0.41248606145381922 0.95944499969482433 11 12 0.21662176400423053 1.0000000180025095e-35 0.65729612112045299 0.69056403636932384 0.4063368439674378 1.6500000357627871 -0.86112883687019337 16.94999980926514 0.15000000223517421 0.0058823532890528449 13 14 -0.93139424920082081 0.16587474942207339 15 0.063390085473656668 16 -0.8337765336036681 0.22111582756042483 -0.7491561472415923 0.067820020020008101 -0.97874867916107167 17 -0.4755979031324386 18 3.1833333969116215 -0.33425341546535486 0.88522326946258556 19 0.4584775865077973
decision_type=10 9 10 8 9 2 10 10 9 2 9 9 2 9 2 10 2 9 2 2 9 2 9 2 2 2 9 9 2 2 9 9 2 2 2 2 2 2 2 2 2 2 9 9 2 2 9 2 9 2 2 2 8 2 9 2 9 10 2 2 9 2
left_child=1 -1 3 5 -5 -3 7 17 14 -8 -11 -4 16 37 19 -16 39 18 -6 20 -7 23 36 24 28 29 -26 -27 31 -25 50 -21 -33 34 49 -35 -23 -14 -20 40 41 42 44 45 -10 -43 -42 -48 -49 -22 51 -30 53 54 -45 56 57 -55 -59 60 61 -57
right_child=-2 2 11 4 6 8 9 -9 12 10 -12 -13 13 -15 15 -17 -18 -19 38 21 33 22 -24 25 26 27 -28 -29 30 -31 -32 32 -34 35 -36 -37 -38 -39 -40 -41 46 43 -44 52 -46 -47 47 48 -50 -51 -52 -53 -54 55 -56 59 -58 58 -60 -61 -62 -63
leaf_value=-0.050625515466666653 0.047813033437709714 -0.069506883377074474 0.033043530213993443 -0.043431545434972026 0.043049419743615508 -0.0326477123616934 0.060595296161702908 0.022770032436328212 0.11685797675326447 -0.038841464501838056 0.016091607464781513 0.0032655475329010915 -0.024178031632381407 -0.053629965628927023 -0.057865219921683336 0.1928243075656928 -0.059768696042241526 -0.051346702603202947 0.022621717021888886 0.00015623151705480132 0.031380199268376867 -0.063244618806879746 -0.054816200907231549 0.056675895378324063 -0.041200226360580045 0.024976502512265221 0.018819515660465583 -0.06419326247185661 -0.068105751462067501 -0.073727793394642402 -0.043577695893273614 -0.071017988015819697 0.052935722120851209 0.053867184686138651 -0.085346384651028895 -0.071974638671065461 0.038029604694220627 0.035615782229007624 -0.069641147123551655 -0.10481853634497236 0.031847439621974082 0.00044234600517901443 -0.054553466333609801 0.053992642795038764 -0.0095168892570974741 -0.065773905215004397 0.02061168258635597 0.017134048826864045 -0.069047279629686945 -0.029369245718338162 -0.069594254659737481 0.044253022469669015 -0.065544325801665179 -0.00087462901113120699 -0.045561165027386365 0.017250614108399669 -0.044237758108030011 -0.036348439614254886 0.066485295529650976 -0.029496893441871549 0.030689245865539401 -0.051300307281244233
leaf_weight=274.01309175806819 1228.9382593275513 173.13864024745999 2959.4761161347851 850.12621038878569 147.21986421523616 257.17349048494361 341.35454370407388 410.34968568000477 52.896582209621556 293.87548002798576 2521.4928846950643 1184.6309162735706 233.20403359702323 290.19502934109187 224.78697121841833 11.491643428802488 94.476914271595888 557.54667627293384 98.61635736131575 228.88775505986996 764.67501311050728 65.657065742183477 434.43318478087895 688.39404796797317 317.90453455236275 281.35874704527669 2308.4503433772479 197.06480761530111 41.824574446305633 46.336977290688083 214.87664306664374 528.64830036670901 39.116287377430126 705.86444509355351 84.054085501935333 38.624858036404476 219.92717451881617 351.12948163226247 142.44238393835258 32.558968353783712 3740.4815754172159 846.71637652500067 311.03300268773455 839.02765816124156 125.81188267155085 158.04820525960531 3934.7765197067056 354.01843427238055 215.32957241078839 157.37710187793709 50.501317007350735 396.4555871929042 66.656873441825155 514.46449097595178 143.46914303884842 1128.5762115286198 629.19743003800977 72.993968014838174 454.54485297598876 192.49208778631873 3137.9777079920168 190.17307485511992
leaf_count=149205 1299 7476 4861 17221 242 11786 499 1541 172 3740 12298 4185 7974 24777 27625 2 13254 7283 849 2266 2378 3971 59915 1757 6920 1791 12836 7537 2104 1650 14253 14937 176 5033 2584 2497 2344 832 3114 265 14613 18511 11488 2720 1270 24475 13189 1053 3258 4305 2342 3098 3087 8721 5289 11218 25310 1162 1197 32478 50537 11460
internal_value=0.0117896 0.0105723 0.0110479 0.00929113 -0.00165737 0.0114996 0.00629421 -0.0155948 0.0120306 0.015718 0.0102767 0.0246188 0.0156922 -0.0105567 0.00402102 -0.0456727 0.0170332 -0.0322395 -0.00339273 0.0054814 0.0192852 0.000907878 -0.0279866 0.00480399 -0.000952716 0.024386 0.0114693 -0.0125726 -0.0226979 0.0484518 0.00196353 -0.0444806 -0.0613968 0.026947 0.0121259 0.0473384 0.0142473 0.0115547 -0.0318967 0.0174565 0.0176892 0.0125692 -0.0255837 0.0148004 0.0264114 -0.0098751 0.0231939 0.0159014 -0.0163719 0.0210114 0.0224172 0.0335308 0.0181534 0.0189422 0.0395411 0.0157402 -0.00069369 0.0257769 0.0522565 0.0216475 0.0238565 0.00730965
internal_weight=37597.4 36368.4 36094.4 31950.3 5363.02 26587.3 4512.9 1356.17 26414.1 3156.72 2815.37 4144.11 18110.3 874.529 8303.88 236.279 17235.7 945.825 388.279 8067.61 2007.77 6059.84 720.017 5339.82 4126.67 1213.15 2626.35 478.424 1500.31 734.731 703.658 796.652 567.765 1750.6 1006.11 744.489 285.584 584.334 241.059 17141.2 17108.7 8864.08 489.741 8374.34 178.708 1004.76 8244.61 4504.12 569.348 922.052 488.781 438.28 7369.57 7302.92 982.497 6320.42 1671.2 1042 527.539 4649.22 4456.73 1318.75
internal_count=696230 694931 545726 536680 46787 489893 29566 13029 482417 16537 16038 9046 288310 33583 194107 27627 254727 11488 4205 166480 28583 137897 66230 71667 58932 12735 19756 9328 39176 3407 21797 17379 15113 16797 9267 7530 6315 8806 3963 241473 241208 209095 12930 196165 1442 42986 32113 17500 4311 6683 7544 5202 153179 150092 8009 142083 36390 11080 2359 105693 73215 22678
cat_boundaries=0 4 8 12 15 19 22 26 30 34 38 42 46 50 54 57 61 65 68 71 75
cat_threshold=2107460 3089138593 753708 64 228410912 1112934402 2282774531 522 324732179 68819020 2363411 180 2415919360 16798800 553910528 323945506 51249152 1019234640 295 537137664 16384 834667456 33027 92303424 102762304 400 34735360 67113024 2097170 176 524288 524288 0 4 1048850 67637312 4096 176 285212945 0 0 32 38994194 0 4096 36 285212672 4 0 16 0 1090519040 320 2 134217728 33571840 54544064 201588736 1128596496 2478851776 257 0 8192 1677721600 10 1619005984 25165824 1610615040 536904192 8194 814745856 1073778688 17047554 1887436800 1024
is_linear=0
shrinkage=0.05


Tree=49
num_leaves=63
num_cat=19
split_feature=4 0 22 32 0 0 20 43 0 29 28 28 0 0 0 35 0 44 48 10 0 34 43 36 29 0 41 0 26 48 44 48 44 27 0 47 18 43 29 48 10 0 13 0 43 41 0 0 43 0 32 28 0 48 30 43 41 35 29 0 48 27
split_gain=630.008 402.635 323.965 279.697 265.047 261.929 268.614 238.009 229.902 217.498 183.552 181.106 1087.25 947.141 352.401 303.309 272.064 261.699 252.653 249.676 414.148 216.871 214.579 345.017 263.971 563.064 327.266 266.884 216.543 213.276 436.156 335.118 293.412 356.22 243.681 207.933 243.562 272.815 239.377 196.541 337.484 279.635 180.145 179.529 176.987 333.008 625.296 324.806 187.395 308.787 271.109 236.644 235.807 185.701 185.682 182.083 175.86 173.407 169.315 169.506 166.916 165.027
threshold=0.45000000298023229 0 0.45000000298023229 0.15517241507768634 1 2 -0.18333333730697629 0.93237596750259411 3 11.273822307586672 0.10000000149011613 0.033333335071802146 4 5 6 2.2500000000000004 7 -0.90892156958580006 0.87676990032196056 20.458333015441898 8 1.7500000000000002 -0.99940761923789967 2.5000000000000004 3.6626784801483159 9 0.72947329282760631 10 0.049161672592163093 0.90393427014350902 -0.65233206748962391 0.77663332223892223 -0.75013810396194447 0.15667565166950229 11 0.64231601357460033 3.3541666269302373 -0.86976337432861317 3.858035802841187 -0.81814974546432484 61.541666030883796 12 0.77500000596046459 13 0.87811094522476207 0.032701563090086053 14 15 -0.99275806546211232 16 0.12068965658545495 0.0058823532890528449 17 0.97211635112762462 0.16634815186262134 0.34235194325447088 -0.35206145048141474 1.6500000357627871 3.7076388597488408 18 -0.78113025426864613 0.16698833554983142
decision_type=10 9 10 2 9 9 10 2 9 2 2 2 9 9 9 2 9 2 2 2 9 2 2 2 2 9 2 9 8 2 2 2 2 2 9 2 10 2 2 2 2 9 10 9 2 2 9 9 2 9 2 2 9 2 2 2 2 2 2 9 2 2
left_child=1 -1 3 5 42 7 8 9 -7 44 11 12 14 15 -8 -13 29 -17 35 20 -15 -19 23 -21 25 28 27 61 39 31 -31 32 33 -14 -32 36 -16 -38 -37 41 -41 -24 -4 -6 45 48 55 56 52 -50 51 -51 54 -53 -3 60 -46 -39 -18 -60 -47 -26
right_child=-2 2 4 -5 43 6 10 -9 -10 -11 -12 13 16 19 18 17 58 21 -20 22 -22 -23 24 -25 26 -27 -28 -29 -30 30 34 -33 -34 -35 -36 38 37 57 -40 40 -42 -43 -44 -45 47 46 -48 -49 49 50 -52 53 -54 -55 -56 -57 -58 -59 59 -61 -62 -63
leaf_value=-0.050475469872622164 0.049027904866297933 0.0009985580079996273 0.06819576518100455 -0.066427822626825436 -0.060946391193685161 0.0041781718288633803 -0.064465202453794293 -0.057577953405392561 -0.043902623680926796 -0.045912697844433685 -0.050703624995798752 -0.062716880733451982 -0.063141872980161121 0.020368900947816525 -0.044939707327911083 0.026262834325309077 0.034651808677495594 0.007844654841649484 -0.070615706491210989 0.057707188901003861 -0.092336421240251293 -0.070883924396129283 0.028112204913079655 -0.11066773397516644 -0.031981924498396756 -0.014700505052313529 -0.023773258939740426 0.042309444978732728 -0.034268762816729477 0.056504738034964912 0.019643578029357227 -0.06630719481377545 0.013332186749217396 0.029197445214404157 -0.06829039377547666 0.027158112140145824 -0.056190371322930192 -0.051823390442813748 -0.051061831485259036 -0.075969902773869807 0.035671888990668914 -0.053131963915021597 0.029619124928124376 0.014391565498364621 -0.062494325561637289 -0.04082129584328912 -0.045110085006835804 -0.05937939615450627 -0.03945592993263982 -0.038329009480564141 -0.07740173509084726 0.014317311491733776 0.033963437663431427 -0.049691082947140308 -0.11952383784859784 -0.046167094170009873 0.057501105863046992 0.039027918660910273 0.023299923003995804 -0.027152830954888008 0.021035040526257577 0.040133394335653882
leaf_weight=261.94709784758743 1076.0043967517558 119.10232770757284 368.22702424833551 122.93438253825298 72.265888025634922 750.76517057069577 381.39821564400336 164.33270511601586 361.94249315315392 220.47629306087038 111.08559881977271 377.61350038187811 290.19953631679527 235.97100133751519 524.3364582589129 317.47493760765065 2627.0889932198334 156.28935272409581 169.36850792635232 52.342900052666664 113.0116517910501 198.66386567964219 271.06887662864756 72.656995167140849 209.78124856902286 1039.7379796105088 223.76644185261102 3600.5141236777417 139.91403806931339 593.03926421073265 188.17688508937135 161.11629307444673 2913.0911349524977 163.17007131874561 122.63619735580869 592.67809761897661 142.66657143679913 62.474892899161205 117.143491754774 69.160787841188721 3188.3079037836869 160.00610460911412 1698.8351752054878 2429.7781331314472 32.906746055115946 121.54110913065961 925.43288133078022 75.764146902831271 364.67865737999091 242.67528601759113 91.343264077731874 3970.2509233496967 1099.7156377468491 116.64243392960634 43.677124042413197 137.18427099130349 423.38555717584677 329.69564695993904 528.58858564880211 231.95041252992814 1062.11802508455 127.57377565139905
leaf_count=149235 1093 702 699 4604 890 4476 22452 26091 6042 9091 6688 33360 4853 583 17981 1231 39285 1833 5565 18 1178 2465 1916 831 2115 39668 5135 13541 3830 1252 1067 2717 23364 650 2799 5511 1448 1661 2911 791 33117 6383 3129 6091 1072 4029 58268 6054 13215 5026 4786 57781 2613 4630 604 7155 1748 676 6312 6414 15308 197
internal_value=0.0113267 0.0102024 0.0106573 0.00884202 0.023096 0.00913929 0.0121106 0.0020541 -0.0118186 0.00313956 0.0133963 0.0137405 0.00896801 0.0183252 -0.021044 -0.0266037 0.017876 -0.0067193 -0.0122133 0.0232927 -0.0181909 -0.036219 0.0248995 -0.0401618 0.0258002 0.017896 0.0350463 0.0383887 0.0267172 0.00966801 0.0313598 0.00413743 0.00750886 -0.0299085 -0.0166173 -0.00669074 -0.020724 0.00301622 0.0142493 0.029103 0.0333016 -0.00262435 0.0363155 0.0119816 0.00436484 0.00257162 -0.0138677 0.0323199 0.00867721 0.00415671 0.00782584 0.00964201 0.0258126 0.0124905 -0.0295262 0.00830062 0.0477997 0.0245548 0.0285531 0.0078621 0.0146835 -0.00457526
internal_weight=37157.7 36081.7 35819.7 31250.6 4569.11 31127.7 21916.5 9211.23 1112.71 9046.89 20803.8 20692.7 10138.8 10553.9 2319.76 1050.04 7819.06 672.428 1938.36 9503.81 348.983 354.953 9154.83 125 9029.83 4868.2 4161.64 3937.87 3828.46 4431.43 903.852 3527.58 3366.46 453.37 310.813 1769 1059.17 534.837 709.822 3688.54 3257.47 431.075 2067.06 2502.04 8826.42 8294.36 2246.28 532.056 6048.09 4785.59 4420.91 4329.57 1262.5 4086.89 162.779 1320.84 456.292 392.171 3387.63 760.539 1183.66 337.355
internal_count=696230 695137 545902 535093 10809 530489 312316 218173 10518 192082 301798 295110 146918 148192 58205 38889 88713 5529 35753 109303 1761 4298 107542 849 106693 85705 20988 15853 46037 36702 5118 31584 28867 5503 3866 30188 21766 3785 8422 42207 33908 8299 3828 6981 182991 174117 84760 8874 89357 85438 72223 67437 3919 62411 1306 26492 2820 2337 52011 12726 19337 2312
cat_boundaries=0 4 8 12 16 20 24 28 32 35 39 41 44 47 49 52 56 60 64 68
cat_threshold=2107460 3089138593 753708 64 290325536 34209792 478169408 304 324732179 1075447818 134481043 696 537149568 92295236 1923115072 4 2147484320 117710916 1146099712 256 209752064 16384 2147508992 2 2147483680 262208 71303168 256 1610629120 8388624 815792192 4 160 75505668 12582912 1610613408 88088580 1624248384 256 1610613248 71303168 0 8388608 545259520 1610612736 4 536870912 134234112 67127296 50529554 524288 16 322961409 10 134217728 520 256 1074397184 0 512 22217730 2048 1152 32 75530240 66560 8192 3
is_linear=0
shrinkage=0.05


Tree=50
num_leaves=63
num_cat=21
split_feature=1 0 14 17 35 0 0 0 48 43 0 43 41 0 0 35 18 42 18 35 0 0 43 35 48 0 43 0 6 48 0 35 0 23 0 28 23 22 18 9 0 43 18 43 0 48 0 41 35 0 46 43 42 35 17 21 0 48 43 43 0 0
split_gain=625.325 369.986 291.019 421.856 488.112 658.492 617.378 292.747 263.343 249.994 598.134 405.628 373.271 535.264 357.567 344.587 331.77 306.002 304.805 480.376 472.831 441.814 384.887 372.169 334.445 479.35 349.984 301.203 279.576 271.249 583.44 259.252 238.74 231.217 519.522 221.493 221.133 302.564 220.614 517.114 239.834 216.524 210.197 225.559 205.043 203.857 601.759 200.915 200.126 191.254 203.084 186.519 258.354 237.199 207.248 184.619 183.433 178.599 578.484 318.256 377.414 344.113
threshold=1.7500000000000002 0 14.250000000000002 2.3541666269302373 2.1499999761581425 1 2 3 -0.99878430366516102 -0.92274349927902211 4 -0.90163370966911305 0.58216583728790294 5 6 6.9500000476837167 53.708333969116218 0.09796465560793878 4.3541667461395273 11.050000190734865 7 8 -0.86976337432861317 14.050000190734865 0.8462619185447694 9 -0.76141706109046925 10 1.6500000357627871 0.3373312652111054 11 11.050000190734865 12 0.31612257659435278 13 0.013725490774959328 0.043535696342587478 0.77500000596046459 0.27500000596046453 0.0082167778164150568 14 -0.86114627122879017 2.5499999523162846 -0.92923668026924122 15 0.82646599411964428 16 0.95642796158790599 3.6499999761581425 17 0.82984480261802684 0.70290291309356701 -0.35206145048141474 1.3499999642372134 0.72499999403953563 2.3541666269302373 18 0.85232898592948925 -0.50556187331676472 -0.8337765336036681 19 20
decision_type=10 9 10 8 2 9 9 9 2 2 9 2 2 9 9 2 10 2 10 2 9 9 2 2 2 9 2 9 10 2 9 2 9 10 9 2 10 8 10 10 9 2 10 2 9 2 9 2 2 9 2 2 2 2 10 10 9 2 2 2 9 9
left_child=1 -1 3 7 5 -5 55 57 -8 10 17 31 45 15 38 -14 18 42 21 20 28 23 -22 -16 25 51 -26 -28 -20 32 35 -11 -27 34 36 -31 -10 -38 39 40 48 -40 -9 -44 -4 49 -47 -24 -13 -12 -51 52 54 -54 -23 -6 -52 59 -59 61 -61 -3
right_child=-2 2 44 4 6 -7 8 9 33 11 12 14 13 -15 16 -17 -18 -19 19 -21 22 24 47 -25 26 29 27 -29 -30 30 -32 -33 -34 -35 -36 -37 37 -39 41 -41 -42 -43 43 -45 -46 46 -48 -49 -50 50 56 -53 53 -55 -56 -57 -58 58 -60 60 -62 -63
leaf_value=-0.050132369410717338 0.041555190850703375 -0.031509067367102378 0.041551544026890527 0.0095535611902122335 -0.068392852571345961 -0.058600472439492485 0.060313970843924314 0.014969408522167197 0.031567458896236071 -0.085621822149302362 0.045000675207164255 -0.047765014731948725 -0.02696199459812176 -0.067754242022459985 -0.050578241392772054 0.069712251278737952 -0.10181702818008496 -0.07884942095750691 -0.052188965488813903 -0.094019567221835063 -0.094755279398659076 -0.074046370003257242 0.042016208727211235 0.046119553743894703 -0.080749235508685832 -0.020013936144616534 -0.026987766203706982 0.039798737935163864 0.075820410961853074 0.050901925769632927 -0.067542163938179411 0.032541637437469594 0.026762740759216714 0.030954006649685919 -0.048850299239092107 -0.020396544617383106 -0.092980177512664797 0.019094559116758811 -0.089184323878014893 0.055681694877617975 -0.062514497481254649 0.011212152218958009 -0.075741264864092314 0.072631257036928756 0.0081811485485987507 0.035687865980705169 -0.081962313441975632 -0.060206595503229293 0.019879409125046123 0.029739565761074716 0.020960404114399624 0.0076475187855283375 -0.057168428635057417 0.011867640504239874 0.029684357588389096 -0.014024690012049233 -0.050474927034459674 -0.047015774351701123 0.034179562139943664 0.0061212253639755477 -0.031848532708479461 0.017365017261603093
leaf_weight=247.52099006425124 1605.1212994232774 416.6370538934716 1200.177866330836 625.77750263502821 287.46646311157383 809.59604512405349 304.84973290027119 446.5038918662467 746.29780444910284 175.56780140229966 2137.7264389987104 199.61451820505317 163.97549470863305 236.84528302121907 483.22478367015719 210.51109694084153 60.436274114530534 170.66084090061486 241.10111829108791 77.99741000472568 53.784499983885325 351.62505950545892 2794.7983370607253 125.30910707812291 68.506606189184822 295.73714513820596 181.24146981356898 1917.787625685567 51.821597542613745 286.65638781839516 273.12543770158663 63.103011058177799 2983.206139658927 880.20411810069345 404.55972892278805 175.68894946982618 95.134527795249596 164.08758369181305 55.936183413839899 175.71772060648073 466.71159099478973 1346.0012600284535 145.01335893478245 31.110213686712086 771.92458399827592 344.62247193208896 146.71974088542629 48.90918881946709 241.77185340458527 2939.5444032653468 197.62484793877229 525.15230565046659 175.7108548580436 426.27087249525357 55.792522199451923 341.80397844966501 149.7641086342046 273.26223343441961 1112.2162136807456 1211.3414735854603 1413.3883127848967 2335.0844756006845
leaf_count=149247 2122 9125 1149 7518 3757 17803 179 2889 1842 5044 6467 11249 1885 6174 44775 172 813 3895 4611 554 945 10871 13172 257 1741 12011 5679 14864 23 1599 9794 86 34267 1010 3438 4944 466 241 1227 821 47572 17576 1992 83 1586 729 2899 1515 595 7723 528 13329 16318 1568 166 967 1201 10517 23026 40207 89751 17666
internal_value=0.0110324 0.00964611 0.0100792 0.00897098 -0.00497484 -0.0292292 0.0058222 0.0112543 0.0165932 0.0140825 0.0216103 0.0102595 0.0265701 -0.0105846 0.0113506 0.0266696 0.0150153 -0.0192914 0.0156373 0.0285762 0.0315734 0.0105574 0.037622 -0.0301705 0.0137905 0.00730259 0.0304634 0.0340931 -0.0285673 0.0163682 -0.0110337 -0.0543802 0.0225644 0.0108461 -0.00170564 0.0233048 0.0175735 -0.0220369 -0.00586696 -0.0228318 -0.0380242 0.00720641 -0.00327647 -0.049533 0.0287418 0.0304544 -0.000385461 0.0402581 -0.0104751 0.0332478 0.0253898 -0.0164129 -0.0290932 -0.00828312 -0.0598413 -0.0382535 -0.0106859 0.00215451 0.0181652 -0.00196732 -0.0144231 0.00991361
internal_weight=36945.4 35340.3 35092.7 33120.6 4659.78 1435.37 3224.4 28460.9 2595.13 21698.9 7320.62 14378.3 6527.33 611.332 14139.6 374.487 11653.9 793.288 11593.4 3268.41 3190.41 8325.04 2897.49 608.534 7716.5 5548.97 2167.54 2099.03 292.923 4014.41 735.471 238.671 3278.94 2290.28 1410.08 462.345 1005.52 259.222 2485.75 1083.82 908.098 1401.94 622.627 176.124 1972.1 5916 491.342 2843.71 441.386 5424.66 3286.93 1534.55 1009.4 601.982 407.418 629.27 347.389 6761.93 1385.48 5376.45 2624.73 2751.72
internal_count=696240 694118 544871 542136 37221 25321 11900 504915 7176 314623 36637 277986 27778 8231 272856 2057 193816 8859 193003 20820 20266 172183 15632 45032 127151 104867 22284 20543 4634 62615 16337 5130 46278 6997 5987 6543 2549 707 79040 60237 59416 18803 4964 2075 2735 19547 3628 14687 11844 15919 9452 42252 28923 17886 11037 4724 1729 190292 33543 156749 129958 26791
cat_boundaries=0 4 8 12 16 20 24 28 31 35 39 43 46 49 53 56 60 64 68 72 76 80
cat_threshold=2107460 3089138593 753708 64 1241813120 1174433820 27542800 528 142921728 1180526618 3500156050 257 2203583762 68891726 1053826 1200 738202112 16795648 26624 512 1073938592 0 2684355072 4 458912 1119879168 2200175120 8 16897 278528 8257 134250496 2048 1275070464 513 1879052288 278528 12582912 260 16384 16777232 536887297 2 8388609 16 268443904 8388608 16 8448 537593011 25296900 541081664 2 128 41943040 33554432 1359876752 55189532 679483472 294 16513 0 603979840 4 360448 1119879184 2175009360 1 276824224 0 536870912 2 1048578 589830 5120 1056 1048850 67113024 4096 176
is_linear=0
shrinkage=0.05


Tree=51
num_leaves=63
num_cat=18
split_feature=5 0 32 14 17 35 0 0 44 0 20 20 0 0 43 0 43 0 48 0 0 48 32 48 44 6 41 44 18 18 0 18 43 0 48 42 18 0 0 35 44 35 0 0 43 42 44 18 48 44 18 0 48 48 41 23 0 44 18 43 43 10
split_gain=584.901 352.265 283.161 260.394 285.281 484.64 573.056 516.854 390.352 486.922 282.358 272.035 302.26 266.913 257.856 544.804 378.877 932.533 383.785 869.178 775.136 474.581 365.302 334.967 344.67 317.269 304.581 538.303 326.243 298.533 416.74 437.991 389.021 343.184 535.993 279.702 241 384.809 342.327 307.961 229.405 309.866 465.82 234.613 410.736 302.586 217.817 217.037 246.098 224.004 212.387 244.178 206.09 205.596 306.027 199.731 196.11 187.657 183.617 199.761 180.348 180.059
threshold=0.84999999403953563 0 0.15517241507768634 16.250000000000004 2.3541666269302373 2.1499999761581425 1 2 -0.70289847254753102 3 2.2916666269302373 2.1833333969116215 4 5 -0.92274349927902211 6 -0.5276680290699004 7 0.8462619185447694 8 9 0.77663332223892223 1.0000000180025095e-35 0.95233076810836803 -0.77243989706039418 0.35000000894069677 0.58216583728790294 0.21652257442474368 12.775000095367433 2.6833333969116215 10 0.27500000596046453 -0.16799356788396833 11 0.11094098910689355 0.09796465560793878 7.0499999523162851 12 13 8.5500001907348651 -0.074115883558988557 8.7500000000000018 14 15 -0.98803845047950734 0.41248606145381933 0.080547325313091292 0.14583333581686023 -0.97237932682037342 -0.99761277437210072 0.11250000074505807 16 -0.99970510601997364 0.82646599411964428 0.09796465560793878 0.090406853705644621 17 -0.99761277437210072 2.5499999523162846 -0.92923668026924122 -0.32614396512508387 50.291666030883796
decision_type=10 9 2 10 8 2 9 9 2 9 10 10 9 9 2 9 2 9 2 9 9 2 2 2 2 10 2 2 10 10 9 10 2 9 2 2 10 9 9 2 2 2 9 9 2 2 2 10 2 2 10 9 2 2 2 10 9 2 10 2 2 2
left_child=1 -1 3 4 13 6 -6 10 -9 -10 -7 -8 -13 -3 15 35 17 23 19 -18 60 29 -17 24 -16 -19 40 28 -28 30 47 57 -31 34 52 46 38 -38 -26 -40 41 53 -43 -42 45 50 58 48 -21 -49 -45 -52 -34 -24 -55 -51 -5 -32 -15 -60 -20 -11
right_child=-2 2 -4 56 5 7 11 8 9 61 -12 12 -14 14 16 22 18 25 20 21 -22 -23 26 -25 36 -27 27 -29 -30 32 31 -33 33 -35 -36 -37 37 -39 39 -41 43 42 -44 44 -46 -47 -48 49 -50 55 51 -53 -54 54 -56 -57 -58 -59 59 -61 -62 -63
leaf_value=-0.050074579999096175 0.044897298793593145 0.0023724721607565717 -0.064460543095944373 0.042163150957514058 0.013712374634875277 -0.066086962928181836 -0.069836537032322343 0.0368480064125443 0.017908933135969449 0.0013731926591549783 -0.0009328299291943709 0.021890595668595643 -0.071519469958019069 0.025848003486201039 -0.070328628158365533 -0.097569533859507965 -0.040627861849728109 -0.06130009331266343 0.0075845401786306154 -0.067719177528447208 0.037409865415157263 -0.0784840034901573 0.04880399671821508 -0.078662906723093409 0.022655604226646961 0.055213144254210311 -0.080268938902622822 0.064824655929591121 0.010521377650835464 -0.047103425813142169 0.021031559768256835 0.022085862212410965 0.052573355153693394 0.050413493628312184 0.037079441549794069 -0.077041518354110092 -0.047661319568507637 0.049817533648712727 -0.049232059107417299 0.025113483661480571 0.031598676777352577 0.03601048031657559 -0.087592192124555171 0.043463151056131931 -0.077941247007770414 -0.093169275919425046 -0.082493558369239217 0.040681313764864377 0.028233689575728416 -0.052223168120977784 0.018005224592114382 -0.077080861150045796 -0.090289875247887785 -0.091079869455587451 0.043591185434342143 0.025248209764746777 0.0068770262570686542 -0.044929154883838633 -0.069766643712464813 0.076916614569661382 -0.072762440129478578 -0.070243810507705035
leaf_weight=237.46665872226004 1202.4579528846079 6702.6322501444956 127.71572259557433 1066.0806878567673 587.84081747056916 310.84965142363217 600.7529063600814 1384.2437073137844 1027.1228500237921 128.91383436066099 357.55806327238679 219.21897442941554 130.35129889438394 395.72164868726395 118.84653942042496 58.914646918303333 794.79721987125231 734.8996228906326 104.82551697868621 68.712661125289742 2854.855233092967 134.82811609149212 2658.6207050454104 103.63721942150733 1076.8788151898189 63.473819141741842 219.60886245348956 179.72186898125801 180.08718856424093 146.28734094009269 125.96846848609857 532.47002922237152 30.272238637320697 1421.3822086206637 395.44008831435349 160.16057611303404 109.98701318784151 781.13832682126667 410.87824167584768 210.7326766330516 1623.7269923910499 212.86526905349456 105.97707593464293 470.31467545661144 142.39117290673312 61.232169254566543 75.346714959770907 162.03187094861642 2431.1905907993787 278.47425109171309 226.97368241962977 84.804704278125428 151.97644050768577 66.99563395336736 113.90645725792274 118.64114059251733 645.21688087121584 748.79724971437827 114.7961904280819 29.093157348688692 209.26955867360812 274.95994975196663
leaf_count=149338 1375 188753 4616 1008 5878 3952 17750 2214 2555 353 747 379 1369 1490 2484 1514 62988 35157 1605 3962 21903 5416 5458 2351 6953 189 4539 1617 1332 2429 749 4889 30 6047 1347 3732 887 1796 9556 350 4755 251 706 651 2837 934 1922 453 37043 4954 421 811 2430 901 280 343 1325 45233 1438 41 15236 2218
internal_value=0.0106045 0.00943642 0.00985091 0.0101254 0.00914575 -0.00183405 -0.0252098 0.00848723 0.0178545 -0.000393745 -0.030773 -0.0489154 -0.0143608 0.0111007 0.013814 0.0215525 0.00994301 -0.00406428 0.0146649 0.00852944 0.0292658 0.0143596 0.0263198 0.00952158 0.0129311 -0.0513931 0.0275112 -0.00704603 -0.0393624 0.0162746 0.00891103 -0.0135711 0.0316043 0.037364 0.00430887 -0.0179555 0.0167521 0.0378104 0.00570374 -0.0236477 0.0309827 0.0400465 -0.00669046 0.0200123 0.000599961 0.0138684 -0.00285906 0.0192348 0.0255963 -0.00886289 0.0222486 -0.00975329 -0.0665597 0.0452945 -0.00628316 -0.029078 0.0291457 -0.0354306 0.00826043 -0.0401086 -0.0445299 -0.0462392
internal_weight=36505.3 35302.9 35065.4 34937.7 33226.4 5021.81 1538.16 3483.65 2815.24 1431 668.408 950.323 349.57 28204.6 21502 7181.26 14320.7 3610.47 10710.2 7541.27 3168.95 6746.47 6406.14 2812.1 2708.46 798.373 6347.23 579.418 399.696 6611.64 4466.29 1407.24 2145.36 1999.07 577.689 775.118 2589.62 891.125 1698.49 621.611 5767.81 3158.37 318.842 2609.44 985.716 843.325 614.958 3059.05 2499.9 559.147 782.093 311.778 182.249 2839.52 180.902 397.115 1711.3 874.766 539.611 143.889 314.095 403.874
internal_count=696240 694865 545527 540911 538578 37415 25376 12039 7340 5126 4699 19498 1748 501163 312410 35630 276780 59723 217057 178313 38744 115325 27007 24377 22026 35346 25493 7488 5871 109909 97626 50871 12283 9854 3807 8623 19542 2683 16859 9906 18005 7596 957 10409 5654 2817 4891 46755 41005 5750 1883 1232 2460 6639 1181 5297 2333 45982 2969 1479 16841 2571
cat_boundaries=0 4 8 12 16 20 24 28 32 36 40 44 48 51 54 57 61 65 69
cat_threshold=2107460 3089138593 753708 64 33591424 100675612 144983312 1024 142888960 1179740186 3500420242 769 1916962705 16908288 55579201 1026 1074397200 16778240 809506880 2 2203583762 68891726 1053826 1200 738202112 16795648 26624 512 1677726336 29362176 876611648 15 67108992 1078216704 3345220112 257 134660128 1128269824 2281966145 523 8409601 25165840 805331264 2 16897 8388624 805331264 2 1140851328 16777216 268435520 1140851328 20971520 268435520 1082605568 33554432 536870976 196609 1078198272 4150263872 257 1342177280 8388608 134217744 12 1359876752 55189532 679483472 271
is_linear=0
shrinkage=0.05


Tree=52
num_leaves=63
num_cat=22
split_feature=1 0 32 0 18 41 43 43 0 0 42 0 43 26 29 48 0 48 41 43 43 11 32 0 0 48 43 44 44 7 0 48 48 0 28 32 0 27 0 17 48 0 28 43 0 0 41 28 0 43 0 0 44 0 46 42 0 0 0 27 48 29
split_gain=561.833 326.002 257.535 221.053 258.838 234.115 564.688 387.766 580.166 463.253 405.295 311.948 248.499 239.857 277.147 222.411 290.348 215.578 212.393 209.824 197.734 201.271 179.644 332.544 252.559 178.56 316.664 219.378 253.005 203.541 193.75 189.58 522.292 230.549 221.9 204.786 169.009 162.437 358.047 348.295 328.408 301.176 215.115 210.239 558.634 462.591 305.376 289.143 316.827 229.749 334.578 280.592 249.875 262.958 222.842 316.922 365.555 260.874 248.969 202.98 273.92 188.112
threshold=1.7500000000000002 0 0.15517241507768634 1 83.187500000000014 -0.47114434838294977 0.71503382921218883 0.056951373815536506 2 3 0.16280825436115268 4 -0.99940761923789967 0.00092184738605283212 4.6838688850402841 0.54937449097633373 5 0.048984551802277572 0.032701563090086053 0.98802474141120922 -0.2102246284484863 167.95833587646487 0.086206898093223586 6 7 0.65729612112045299 -0.50556187331676472 0.54759982228279125 0.47369650006294256 9.7500000000000018 8 -0.23463187366724012 0.19700155407190326 9 0.013725490774959328 0.05172413773834706 10 0.13655198365449908 11 5.0499999523162851 -0.99809643626213063 12 0.013725490774959328 -0.92274349927902211 13 14 0.81241145730018627 0.0058823532890528449 15 -0.99054482579231251 16 17 0.14888729155063632 18 0.76293563842773449 0.77259656786918651 19 20 21 0.096729531884193434 -0.99236765503883351 2.8696362972259526
decision_type=10 9 2 9 8 2 2 2 9 9 2 9 2 10 2 2 9 2 2 2 2 2 2 9 9 2 2 2 2 10 9 2 2 9 2 2 9 2 9 10 2 9 2 2 9 9 2 2 9 2 9 9 2 9 2 2 9 9 9 2 2 2
left_child=1 -1 3 5 19 6 11 9 -9 20 15 -3 -13 -11 18 16 17 -10 -15 37 21 -7 24 -24 -14 27 29 28 31 -27 -28 34 -33 -34 35 -26 -12 39 42 40 -5 -41 -39 44 59 46 -45 48 -46 50 -49 -51 -53 -54 55 57 -57 -47 -56 60 -42 -48
right_child=-2 2 -4 4 -6 7 -8 8 10 13 36 12 22 14 -16 -17 -18 -19 -20 -21 -22 -23 23 -25 25 26 30 -29 -30 -31 -32 32 33 -35 -36 -37 -38 38 -40 41 43 -43 -44 45 47 54 61 49 -50 51 -52 52 53 -55 58 56 -58 -59 -60 -61 -62 -63
leaf_value=-0.049794178209206647 0.040013313900924906 -0.044039871340810777 -0.062453335633838925 -0.070460682380821343 -0.066749784239172674 -0.054626015179347447 -0.068929500680988867 -0.047431563701673111 0.03511413982783531 -0.064019741637683578 0.018440831334733114 -0.088381474808140376 -0.043267695580241544 0.01768994373511059 -0.07888755895627883 0.050620791477305617 -0.051925364337292272 -0.072936101856317145 -0.045521175412401901 -0.058678094636503135 -0.07307690397585187 0.0080213948683658838 -0.052704548503728757 0.040079159080643023 -0.093932068693717535 -0.087143422636878354 0.037340580725468003 -0.06307460115570114 0.067379043409496117 0.037449417277597229 -0.03542174117182903 -0.073490743416171844 0.034577866272755046 -0.0463235714746702 0.031826999743209808 0.011051321788610744 -0.058060065615553214 -0.054745126290401229 0.024978040464070858 0.0074687776692911297 0.044221616047152502 -0.057525625829344111 0.0038475132135645553 -0.016393512657111593 0.025892222420178964 -0.0099866189897040089 0.035294820843689623 -0.048875225775788574 -0.062053043657069533 0.062173813279254357 0.024252747548898126 0.035542095013100593 0.021862564103692351 -0.082868652780578006 0.0024116393824742967 0.018851636605860322 -0.063620459269203705 0.020058721891694612 0.041052252745256382 0.0026648945457912031 -0.077365158153597693 -0.032832750366014796
leaf_weight=225.52869334816933 1513.698416690575 213.06996316753794 124.62753629265353 120.05878848023713 102.85743407579139 137.783670803532 212.83534506428987 336.29302541102516 640.10410242551006 525.98699396121083 111.83242990548024 55.872486931271851 186.60454032034613 384.71141063340474 157.20000340213301 841.7717591956025 130.98935829830589 49.750756007211749 203.01925771730021 102.36350330995629 87.642459790688008 1844.7355170811061 97.52462938579265 1256.4480738663697 67.812871586880647 158.13973780837841 287.25464470905717 77.505816104530822 279.99921449262183 41.351130486931652 123.96949290437624 198.04951257212088 481.04674834467005 99.164272037800401 1720.3248994390015 147.46114721114282 186.59842392336577 184.51753159798682 5514.1994228849653 371.29591066786088 57.711859684088267 334.19882585341111 1037.1310584217426 2361.4869920577621 224.69832933548605 898.87565712042851 528.17753011110472 169.175926642376 173.0574141262332 942.36793167470023 1278.5480989492498 1356.8157624729211 146.67447001789697 88.885511003434658 606.92920338519616 241.85874160274398 287.51983264379669 3619.2765993056237 1392.2802032281179 361.26884746004362 234.72172202874208 125.37515266047558
leaf_count=149247 2122 5243 4613 4737 1713 1233 18836 28526 5523 25031 4090 745 9648 5003 5297 7382 8107 1782 11079 15301 4555 22276 3140 8436 1430 3402 2124 7672 298 44 2672 2619 1758 1669 6487 845 15398 4862 27865 3119 149 5458 11919 68477 806 25395 11807 1862 2946 3461 3574 3411 682 2612 9886 3424 19537 51091 19399 3110 5946 5359
internal_value=0.0101977 0.00889159 0.00928892 0.00955303 0.0123831 0.00383446 0.0109794 -0.00338737 0.0124254 -0.0142603 0.0228155 0.0140764 0.0164745 -0.0378719 -0.0199177 0.0325621 0.014043 0.0269314 -0.00414501 0.0127462 0.000416381 0.00366744 0.0176278 0.0333028 0.0121419 0.0150267 -0.00962484 0.0199773 0.0221274 -0.0613174 0.015452 0.0174586 -0.00338233 0.0205485 0.0258383 -0.0220192 -0.0307201 0.0130689 0.0195777 0.0103152 0.0119076 -0.0240291 -0.00496169 0.0125627 0.0209049 0.00838904 -0.00799578 0.0273058 -0.0132805 0.0314279 0.0155372 0.040504 0.027119 -0.0202462 0.015389 0.00981503 -0.0267869 0.0141036 0.029539 -0.0220647 -0.05337 0.0222255
internal_weight=36069 34555.3 34329.8 34205.2 22862.3 11342.9 5704.43 5638.42 2297.34 3341.08 1961.05 5491.6 5278.53 1270.92 744.931 1662.62 820.844 689.855 587.731 22759.5 2070.16 1982.52 5222.66 1353.97 3868.68 3682.08 610.715 3071.36 2993.86 199.491 411.224 2713.86 778.261 580.211 1935.6 215.274 298.431 22657.1 6735.85 15921.3 15215.8 705.495 1221.65 15095.7 5033.93 10061.8 3015.04 4380.22 397.756 3982.47 1447.72 2534.74 1592.38 235.56 7046.74 5047.53 529.379 4518.15 1999.21 653.702 292.434 653.553
internal_count=696240 694118 544871 540258 317908 222350 77068 145282 70808 74474 42282 58232 52989 46410 21379 22794 15412 7305 16082 316195 28064 23509 52244 11576 40668 31020 8242 22778 15106 3446 4796 14808 6046 3427 8762 2275 19488 300894 44646 256248 247671 8577 16781 242934 28559 214375 85643 19354 3752 15602 5436 10166 6705 3294 128732 99447 22961 76486 29285 9205 6095 17166
cat_boundaries=0 4 8 12 16 18 22 24 28 32 36 37 41 45 49 53 57 61 65 68 71 75 79
cat_threshold=2107460 3089138593 753708 64 2748907794 1142631438 1053826 552 2148073490 1074924544 4224 32 50921746 1057796 0 32 256 67117056 587202560 73740 0 520 2211446786 2 0 1073744896 1048706 512 8978432 1179660 5120 32 583073794 65546 4096 8 38797568 201609248 37748752 3294896640 1280 411137 50335824 2260730112 1042 1275106816 20544 24577 146 426145 46157888 2200175184 1029 16513 0 576 4 147456 4194304 67373824 261 393248 46137344 69468176 257 268435456 0 809500672 1073741824 0 276832256 268435456 262160 1476395008 146 1024 16777216 549470465 256
is_linear=0
shrinkage=0.05


Tree=53
num_leaves=63
num_cat=19
split_feature=4 0 32 43 44 0 0 0 35 28 0 9 44 48 0 0 43 42 0 28 27 48 44 43 0 35 41 42 43 35 30 0 40 48 0 43 43 0 44 47 47 48 48 48 28 0 42 0 0 44 0 0 42 43 44 44 0 44 48 0 28 44
split_gain=552.717 307.789 242.666 224.439 211.534 1652.27 486.593 383.013 315.764 277.852 275.619 262.585 247.767 240.706 406.608 239.872 227.547 200.111 270.324 199.983 191.05 190.768 505.952 314.603 615.717 394.23 367.002 319.94 584.924 402.108 311.91 274.551 265.471 234.125 225.007 398.767 186.894 185.728 546.614 435.498 332.337 251.662 322.902 308.036 405.449 400.516 325.925 323.262 246.298 257.796 237.175 227.915 218.24 178.316 175.565 236.668 256.516 227.995 184.576 176.125 276.872 210.695
threshold=0.35000000894069677 0 0.15517241507768634 0.9937499761581422 0.063390085473656668 1 2 3 0.15000000223517421 0.0058823532890528449 4 0.0082167778164150568 0.011826144531369211 0.92789602279663097 5 6 0.90892735123634349 1.0000000180025095e-35 7 0.053132651373744018 0.14506810903549197 0.85232898592948925 -0.86112883687019337 -0.93545487523078907 8 12.34999990463257 0.35206145048141485 -0.35206145048141474 0.67802080512046825 2.3500000238418584 0.17327380925416949 9 5.0030000209808358 0.31436166167259222 10 -0.97113886475563038 -0.99630266427993763 11 -0.15101602673530576 -0.52428632974624623 -0.71052348613739003 -0.46741016209125513 -0.72342684864997853 0.8462619185447694 0.053132651373744018 12 0.2269546836614609 13 14 -0.77243989706039418 15 16 -0.097964655607938753 -0.76141706109046925 0.8277757763862611 0.69521084427833568 17 0.57605713605880748 -0.95187643170356739 18 0.021568628028035167 0.13185577094554904
decision_type=10 9 2 2 2 9 9 9 2 2 9 10 2 2 9 9 2 2 9 2 2 2 2 2 9 2 2 2 2 2 2 9 2 2 9 2 2 9 2 2 2 2 2 2 2 9 2 9 9 2 9 9 2 2 2 2 9 2 2 9 2 2
left_child=1 -1 3 4 6 -6 8 9 10 36 20 15 37 16 -15 -9 21 -14 -19 54 -3 23 -23 26 25 -25 30 28 29 31 -10 -26 -28 -29 -32 -36 -7 38 40 51 50 42 48 44 45 46 -43 -45 49 -42 -8 -40 -46 -49 55 57 -57 58 -17 -60 -61 -62
right_child=-2 2 -4 -5 5 7 12 11 13 -11 -12 -13 17 14 -16 19 -18 18 -20 -21 -22 22 -24 24 27 -27 32 33 -30 -31 34 -33 -34 -35 35 -37 -38 -39 39 -41 41 43 -44 47 52 -47 -48 53 -50 -51 -52 -53 -54 -55 -56 56 -58 -59 59 60 61 -63
leaf_value=-0.049828331226786822 0.04669538887617064 -0.044920207547309771 -0.06115979216388661 -0.060207792343982193 -0.061091108653308829 0.040133038804573459 -0.054343483649698071 -0.03187943805545055 0.03861669315764079 0.027348291216961852 -0.053389414267134144 0.034529797496045685 0.044513704909960566 0.015647565138371337 -0.074009013749470942 -0.086669688441333492 -0.07307355430915595 0.037385946679837571 -0.081447141375060803 -0.061731923409827021 0.055307364509825645 0.045331024233358178 -0.081509837326661602 -0.072185203654798857 0.035826373150405065 0.016657092222066738 -0.084888253253363591 0.025754928819776431 0.032898700132441401 -0.080417598448924349 0.020649404050471162 -0.062223635053196336 0.068804915861148508 -0.045102229118979147 -0.088131633593436731 0.032585699015076457 -0.079930601770166809 0.018086218844116618 0.031109757018918612 -0.11395707131236173 -0.074851342474254665 -0.045724672985602649 0.048139401665773449 -0.054168269015602455 0.042385834593712618 -0.058191422227246048 0.039552945714741931 -0.032272088884217114 -0.016346024611726986 0.04255921746045347 -0.00022881060842195103 -0.087972823491865929 -0.036365214894910444 0.042510953221376074 -0.05541711156040327 0.040263170079112405 -0.062635955214107406 -0.072011330557952724 0.019975375545699715 -0.05632317762872692 -0.12294508968665026 0.024110532491034904
leaf_weight=213.40001503139501 986.12106984993443 76.569564664561767 122.42089904984459 115.54328295856249 897.39578894275473 47.209226249484345 267.14919609972276 656.87961429363349 1365.5378086764249 2906.134545658133 451.04184512729989 478.37494498980232 1143.4777327274205 251.67687731340993 242.66807140799938 56.183659541769885 88.184451343258843 107.74913590494543 71.180371509166434 118.3084046113654 125.43422222597292 692.20373662526254 88.693231243814807 483.39612929115538 181.14909081463702 168.35670225962531 132.07945396204013 1421.249239170691 382.61877801083028 358.41549097164534 419.50886206701398 103.96289668674581 35.687803542008623 126.99565018032445 163.39055806305259 117.6826545894728 103.4126744895475 11674.458820140455 138.41862756735645 160.83195848384639 51.356480039656162 184.81586723518558 1098.3612097399309 104.48473025532439 428.76810483227018 503.1416454128921 284.55114468478132 87.639709628303535 492.80853252613451 521.47888595063705 762.15201879339293 45.100380155490711 110.68629169161431 881.20940902171424 115.30632327392232 663.79402618436143 58.768444292771164 110.90090807637898 863.58815723715816 243.87597619608277 26.33692154858727 324.05971654405585
leaf_count=145996 1130 7602 4625 18983 104381 87 3773 28812 2810 60354 41646 1820 1559 909 6210 1797 3054 134 1149 8875 1279 1271 1977 15543 1138 549 2760 6824 1330 4412 1055 4090 169 2365 1367 294 2446 107571 314 2269 1378 2271 3806 1608 1781 8261 1720 939 5923 1560 8096 818 2963 3837 19450 3839 3559 4949 7549 4298 212 2694
internal_value=0.0097828 0.00873435 0.00910834 0.00936118 0.00959576 0.00228064 0.0117055 0.0107513 0.00087778 0.0238384 -0.0323359 -4.80637e-05 0.0159307 0.00405782 -0.0295444 -0.00515667 0.00668237 0.0368197 -0.0123498 0.0017608 0.0164993 0.00780932 0.0309246 0.00450336 -0.00548382 -0.048492 0.0189267 0.00557119 -0.0160584 -0.0451666 0.0247016 -0.000852321 -0.0521943 0.0199428 -0.00242085 -0.0362971 -0.0422992 0.0143875 0.00729385 -0.0538927 0.0109526 0.0165348 0.0291151 0.00600457 -0.00853704 -0.0278211 0.00584978 0.0264888 0.00950666 0.0314834 -0.0148041 -0.00125365 0.0262275 0.0353811 0.00481801 0.00777667 0.0315844 -0.00280988 0.00225899 0.00568617 -0.0151597 0.0130574
internal_weight=35704.3 34718.2 34504.8 34382.4 34266.9 7670.53 26596.3 6773.13 7476.5 3056.76 653.046 3716.38 19119.8 6823.46 494.345 3238 6329.11 1322.41 178.93 2581.12 202.004 6240.93 780.897 5460.03 3226.14 651.753 2233.89 2574.39 1026.15 643.527 2066.12 285.112 167.767 1548.24 700.582 281.073 150.622 17797.4 6122.95 344.351 5778.6 4749.3 2164.01 2585.3 1511.96 972.509 469.367 1073.33 1065.64 572.835 1029.3 183.519 539.454 968.849 2462.81 2347.51 722.562 1624.95 1514.04 1457.86 594.273 350.397
internal_count=696240 695110 549114 544489 525506 255122 270384 150741 108654 62887 50527 87854 161730 58127 7119 86034 51008 2842 1283 57222 8881 47954 3248 44706 36251 16092 8455 20159 10970 9640 5526 5228 2929 9189 2716 1661 2533 158888 51317 3401 47916 36047 12667 23380 16996 12252 3991 6384 8861 2938 11869 1132 4744 4776 48347 28897 7398 21499 16550 14753 7204 2906
cat_boundaries=0 4 8 12 16 18 20 24 27 31 33 36 40 44 48 52 54 58 62 65
cat_threshold=2107460 3087041441 753708 64 3356529922 1174422542 2281987859 672 2815115314 1081935882 68165762 265 638205984 22872080 67117056 265 131120 2621448 553779200 8 4456577 8394816 16777408 1040 1 25165824 64 67649552 1079771136 68165634 256 587202560 65536 2693283856 1074331650 1048578 769 25306116 1375732736 1570 0 8389636 1024 2 0 25166848 0 2 0 8389636 268435456 512 769 8519680 257 4 0 2 8389136 8192 281018368 6 285278208 131072 1617952768
is_linear=0
shrinkage=0.05


Tree=54
num_leaves=63
num_cat=21
split_feature=4 0 32 14 15 0 30 0 34 0 22 0 0 27 0 0 15 0 28 44 0 28 0 28 44 48 0 18 48 48 0 44 34 41 48 0 35 0 26 0 48 0 48 48 18 0 11 32 28 30 27 34 0 48 28 11 28 35 18 0 18 0
split_gain=524.194 289.144 223.327 217.974 330.346 535.644 340.425 519.828 254.496 254.113 223.05 304.067 207.153 204.059 210.202 183.62 171.493 226.167 140.19 135.112 989.144 430.039 241.422 254.574 183.42 483.756 576.741 506.483 476.349 372.562 333.766 299.163 285.943 268.076 261.803 272.391 311.682 258.307 204.716 336.337 200.986 395.787 292.64 409.098 197.877 419.372 197.542 255.45 187.004 265.182 184.783 175.888 173.382 369.332 171.821 166.96 191.151 166.432 162.562 212.963 166.098 299.518
threshold=0.35000000894069677 0 0.15517241507768634 11.750000000000002 5.7083332538604745 1 0.37381961941719061 2 4.1499998569488534 3 0.31666667759418493 4 5 0.31912887096405035 6 7 0.77500000596046459 8 0.10000000149011613 0.063390085473656668 9 0.0058823532890528449 10 0.017647059634327892 -0.52034142613410939 0.85232898592948925 11 3.5499999523162846 0.32564504444599157 -0.54066470265388478 12 -0.65233206748962391 5.7500000000000009 0.47114434838294988 0.95944499969482433 13 0.94999998807907116 14 -0.054881703108549111 15 -0.088639944791793809 16 0.3601794987916947 0.30228675901889807 19.050000190734867 17 148.45833587646487 0.086206898093223586 0.055752867832779891 0.021455027163028721 0.20888340473175052 1.6500000357627871 18 -0.50948679447174061 0.048057714477181442 137.54166412353518 0.051905291154980666 3.8500000238418584 14.550000190734865 19 7.0499999523162851 20
decision_type=10 9 2 10 8 9 2 9 2 9 10 9 9 2 9 9 10 9 2 2 9 2 9 2 2 2 9 10 2 2 9 2 2 2 2 9 2 9 10 9 2 9 2 2 10 9 2 2 2 2 2 2 9 2 2 2 2 2 10 9 10 9
left_child=1 -1 3 4 6 8 10 -8 15 -5 13 -12 -11 14 -3 -6 18 -18 19 22 21 -21 23 -16 25 26 27 28 29 -24 -27 48 33 52 35 36 -26 -36 39 -37 44 54 43 -43 -40 -46 47 -29 -32 -50 -28 -25 -31 -54 -42 -22 -57 -58 60 -60 61 -23
right_child=-2 2 -4 9 5 -7 7 -9 -10 12 11 -13 -14 -15 16 -17 17 -19 -20 20 55 58 24 51 34 30 50 46 -30 32 31 -33 -34 -35 37 38 -38 -39 40 -41 41 42 -44 -45 45 -47 -48 -49 49 -51 -52 -53 53 -55 -56 56 57 -59 59 -61 -62 -63
leaf_value=-0.049651913295153553 0.045996290641165748 0.0011072440510093121 -0.059370776053774083 0.037068450476564367 -0.062684972725839908 -0.050941632324741852 0.020080112475842515 -0.04732073364812707 0.032297697836341607 -0.053361681348967883 0.042374846582592274 0.005137928878417828 0.012935023670031097 0.058814681565728479 -0.063687115978371997 0.0024711781691235278 0.0049609518324965083 -0.052443022323361822 -0.048429816685510566 -0.078331225043330774 0.0096978792500872681 -0.022658649247696141 -0.028854832516869967 -0.036799780571758665 -0.052930722561788691 -0.053164344601605955 -0.026573762710473604 -0.091300385330166101 -0.076541551932154728 0.050673164292327336 0.042086383326700436 -0.082077449036723871 -0.11104340360110354 -0.068556031120388577 0.023577779804261165 0.043958145181325382 0.014860343187910741 -0.072951725331581993 0.045104806727264246 -0.078695212152830707 0.036146742664582905 -0.097520964083609579 -0.078668418868129156 0.055095387291048195 0.044062869361849132 -0.089768658396803022 0.041684879746273433 0.037158333416352829 0.071402368497452823 -0.081838204632464162 0.038775663156735987 0.019734094362038331 0.051394718052391958 -0.076265143691287285 -0.045217707661694063 -0.061832646023892671 -0.055010872913757447 0.044698356572640166 0.047611151372427447 -0.076784945154218284 0.048503102478139312 0.024615830049962172
leaf_weight=203.74497576340218 951.92633472126909 7044.5637755998177 119.91763131722109 1392.717765876092 144.53142490738537 602.89144231867976 507.69114475767128 636.14621383004123 530.17327925458085 130.71128546842374 1195.8543227541959 1026.6797690016101 715.35420866438653 203.22643711121054 180.91235415620031 365.3920231355587 633.35662262624828 225.24808332632529 94.84868818760151 113.57057338580489 140.62422246206552 386.19543261436047 512.85117475816514 194.41451343888184 198.65749579842668 105.92134729708778 1528.6958161021466 67.190917768282816 201.34865114476997 612.76867103110999 1887.1832725936547 53.018219444551505 37.629493411630392 64.630339353636373 132.43138893984724 103.87879923346918 1157.3422352127964 130.26322539924877 2553.5184348400799 101.34398332843557 1277.5245169565314 61.643175470351707 156.97153791715391 152.6397270867601 158.90656621952076 79.596261212835088 1357.0794536493486 91.271503921132535 46.053651529829949 72.953465669997968 116.41017163381912 470.63453043927439 139.28991870593745 95.501901832758449 68.35719871922629 638.44393098482396 78.581186727155 89.536466324003413 47.642771893646568 83.745594554115087 526.97338204598054 2284.640249148244
leaf_count=146256 1130 196150 4662 1546 1310 7060 4598 13066 696 619 3889 5018 1373 422 10792 1927 3530 3522 6453 2301 555 16771 8529 14439 9068 4700 33604 536 5523 1843 5167 1209 220 2352 403 423 3644 3367 11228 2256 4361 1746 4179 288 151 1194 6134 160 44 1667 573 2387 189 2595 2158 59477 14751 298 169 1665 1577 48320
internal_value=0.00939677 0.00838197 0.00874042 0.00898316 0.00792053 -0.0139121 0.00911121 -0.0176431 0.00796521 0.0240624 0.0101671 0.0253874 0.00218895 0.008903 0.00852105 -0.0171774 0.0111914 -0.0106515 0.0122028 0.0125126 0.00484823 0.0172954 0.0148873 -0.0109685 0.0165249 0.010953 0.00214133 0.0145602 -0.00443872 0.00548682 0.0305886 0.0349849 0.0240294 0.0296014 0.0227007 0.0248155 0.00489269 -0.0261681 0.0304709 -0.0183037 0.0327583 0.0192978 -0.0260993 0.0111919 0.0410368 -0.00251749 0.0355164 -0.0173105 0.0382529 -0.0225368 -0.0218169 0.00320748 0.0370864 -0.000509413 0.0317781 -0.0401527 -0.049342 -0.00190751 0.0206095 -0.0338981 0.0228491 0.0177874
internal_weight=35283.8 34331.8 34128.1 34008.2 31769.4 1642.99 30126.4 1143.84 1040.1 2238.78 28982.6 2222.53 846.065 26760 26556.8 509.923 19512.2 858.605 18653.6 18558.8 4389.95 3442.77 14168.8 845.961 13322.9 6989.8 4824.67 3179.56 1664.02 1462.67 2165.13 2059.21 949.82 912.191 6333.07 6070.38 1356 262.695 4714.38 205.223 4509.16 1717.14 371.254 214.283 2792.02 238.503 1515.54 158.462 2006.19 119.007 1645.11 665.049 847.56 234.792 1345.88 947.186 806.562 168.118 3329.2 131.388 3197.81 2670.84
internal_count=696240 695110 548854 544192 540654 10993 529661 17664 3933 3538 511997 8907 1992 503090 502668 3237 306518 7052 299466 293013 145884 70803 147129 27618 119511 75045 62258 28081 21251 15728 12787 8087 7199 6979 44466 40696 12712 3770 27984 2679 25305 12732 6213 2034 12573 1345 6830 696 6878 1711 34177 16826 4627 2784 6519 75081 74526 15049 68502 1834 66668 65091
cat_boundaries=0 4 8 12 16 20 24 28 32 36 40 44 47 51 54 58 62 66 69 72 75 79
cat_threshold=2107460 2954920865 753708 64 1979875714 25165832 974145297 1710 2147583011 1141572608 939524098 131 1360926352 55058462 683677776 262 344916000 34209792 216287552 913 142704640 67126336 1057794 144 2472215826 1209729034 135283842 1208 637698048 8388608 135266305 14 1811992705 2068 6560592 512 612385312 29630480 1952456704 263 67125280 4456448 67117056 257 1744867840 50336836 541071425 134250496 125832256 2147746305 514 671089152 16797764 1612713985 1 0 536871168 4 1073741824 8192 4194304 512 1082392704 109051920 12583744 2 1073741824 0 2147483712 512 50331648 536873025 0 0 1342177280 8388608 8192 1075838976 6
is_linear=0
shrinkage=0.05


Tree=55
num_leaves=63
num_cat=24
split_feature=4 0 48 0 48 0 48 0 48 0 0 44 0 0 48 44 44 48 44 48 48 0 0 0 35 28 35 48 0 48 48 34 7 0 20 0 28 0 41 48 0 46 0 0 48 0 44 28 0 0 28 48 44 0 10 35 0 34 28 34 0 44
split_gain=462.503 280.671 263.812 741.084 453.249 752.777 386.602 1300.9 583.023 437.447 425.59 340.433 709.741 635.08 536.725 357.907 462.467 381.499 349.124 346.175 922.097 765.863 539.113 386.535 326.238 315.576 307.893 263.074 737.706 259.191 329.599 259.034 248.378 244.884 290.232 274.017 242.148 976.713 369.981 388.32 333.864 248.226 443.598 350.539 322.842 318.272 275.598 436.316 270.613 235.932 245.746 404.59 233.309 438.507 225.506 219.267 315.39 269.663 214.987 211.216 315.71 202.843
threshold=0.35000000894069677 0 -0.99376606941223133 1 -0.96953669190406788 2 -0.93109762668609608 3 -0.89495861530303944 4 5 -0.89404255151748646 6 7 -0.77313542366027821 -0.51296770572662342 -0.46800559759140009 0.68433555960655224 -0.86974579095840443 0.85232898592948925 -0.14992911368608472 8 9 10 9.8499999046325701 0.055752867832779891 5.6499998569488534 0.93667927384376537 11 0.086405619978904738 0.42958889901638037 0.15000000223517421 12.949999809265138 12 -0.18333333730697629 13 0.0098039219155907648 14 0.41248606145381933 -0.19815913587808606 15 1.0000000180025095e-35 16 17 -0.25834974646568293 18 -0.84313312172889698 0.049337463453412063 19 20 0.036731028929352767 0.23357862979173663 -0.42958799004554743 21 14.958333492279055 0.25000000745058065 22 0.55000001192092907 0.054168537259101875 0.84999999403953563 23 -0.65233206748962391
decision_type=10 9 2 9 2 9 2 9 2 9 9 2 9 9 2 2 2 2 2 2 2 9 9 9 2 2 2 2 9 2 2 2 10 9 10 9 2 9 2 2 9 2 9 9 2 9 2 2 9 9 2 2 2 9 2 2 9 2 2 2 9 2
left_child=1 -1 3 31 5 26 7 -6 10 -10 -8 12 24 15 -14 -13 -17 49 -15 20 22 29 -16 -21 32 27 -4 -25 -29 -22 -31 -3 -11 55 35 -35 37 38 39 40 -36 42 58 -43 45 -44 -45 59 -49 -18 51 -51 53 -9 -32 56 -20 -57 -38 60 -48 -61
right_child=-2 2 4 -5 6 -7 8 52 9 11 -12 13 14 18 19 16 17 -19 33 23 21 -23 -24 25 -26 -27 -28 28 -30 30 54 -33 -34 34 36 -37 41 -39 -40 -41 -42 43 44 46 -46 -47 47 48 -50 50 -52 -53 -54 -55 -56 57 -58 -59 -60 61 -62 -63
leaf_value=-0.049622550221868372 0.044361146348112362 -0.044452666877059593 0.02549435007093788 -0.043713400825622667 -0.082537758933940747 -0.075323106376336713 0.01558693852263663 0.035646883381557685 -0.063070201733666453 -0.056357805648428128 -0.078279408703747458 -0.05322167849476768 -0.080012799511548119 -0.060071389677066683 -0.073271630762678494 0.041655628022369634 -0.065826361724082114 -0.06658895467009035 0.019461113955427992 -0.07689510705164912 -0.09158843513197068 -0.065551688009634901 0.038458399037299196 0.054627630024448738 0.019229423886209528 -0.045132209742109047 -0.11912584743063315 0.045862393705875297 -0.081233433120222964 0.047113143416184264 0.04583277993380392 0.045346255954180029 0.02924215610933574 -0.003259850898519448 0.013732793925714304 -0.070827423697263553 0.023837516211537915 -0.076865527909556475 -0.052515996452984652 0.03169923065446003 -0.097002648755410883 -6.9617458876023816e-05 -0.0093039459333558536 0.067670902817932227 -0.0028606686291630583 -0.08595499637965745 -0.043268413900329317 0.030682862959073132 -0.063678589027670693 -0.064275576995661429 0.014906404042619913 0.012895343865829641 0.047657907087829722 -0.076267873040907888 -0.080012846018387429 0.047251071895872014 -0.04360906517577548 0.016557882876002086 -0.049581093288688177 -0.060045214735641186 0.046936018127579436 0.019158287451914044
leaf_weight=200.3869796450017 897.9724747990258 84.873258950305171 475.38649754587095 307.68241388624301 234.08547606470529 423.55696864565834 187.3252605345333 325.69162187341135 207.10976307414239 545.29856271320023 333.47795466909884 540.60388483066345 122.70722164656036 183.37146882101661 105.34192891977727 389.96375013666693 151.33781606983393 334.56861038785428 509.04138901171973 62.584909709868953 51.926279960782267 519.85377962031635 2243.4656409795862 1921.9440427672816 311.76005911093671 99.953580134897493 39.891146143432707 492.15935571305454 138.37944888824131 440.23074510751758 54.070419109426439 1492.7777857072651 100.33633500093129 451.10463372361846 155.92101611709222 219.03953668731265 1728.8925633477629 404.25359104591189 209.83600922196638 1115.5807966205757 111.00094253715361 1919.1907883079839 295.10743666766211 363.54017409507651 1725.7599708756316 257.76826487254584 98.835647324740421 109.45944301469717 217.21008005016483 333.47185860475292 895.29164432518883 346.13617354515009 1762.2721526688547 108.52456480188994 104.1956424160162 928.79203788767336 310.97122911649058 3117.7859724237351 105.81274816038786 85.519985652994365 1410.0922128194943 1476.2499067696044
leaf_count=149386 1108 5799 3864 11515 8174 19538 2693 972 25685 18793 12740 23080 3792 5628 3542 2134 21725 25005 24527 1335 891 15289 8621 2571 744 1669 281 1131 2592 1551 48 2381 157 2348 530 2380 17727 14040 4526 5709 2077 22123 3232 856 28632 10227 7307 1957 13507 13314 17011 5095 8980 3899 2261 15101 45827 15977 4127 550 14873 3147
internal_value=0.00894226 0.00800678 0.00836067 0.0265375 0.00728945 -0.0269369 0.00832686 0.0274695 0.0066968 0.00767098 -0.0457208 0.00821743 0.0174812 0.00491645 0.0235069 -0.016343 -0.00827481 -0.0177231 0.00855279 0.0255822 0.0152331 -0.0210265 0.0332992 0.0389962 -0.0225377 0.0418628 0.0140261 0.0454335 0.0174087 0.0153326 0.0248654 0.0402601 -0.043055 0.00928399 0.00555303 -0.0264501 0.0073768 -0.00849315 0.0092892 0.0187372 -0.0354368 0.0106122 0.00125801 0.0173862 -0.0134541 -0.0467641 0.0262244 0.0218665 -0.0330703 -0.0082522 -0.00228719 -0.0249711 0.0393897 0.00674029 -0.0370186 0.0187865 -0.00475131 0.0236027 0.019497 0.0277109 0.0410519 0.0148212
internal_weight=34896.7 33998.8 33798.4 1885.33 31913 938.835 30974.2 2430.57 28543.6 28022.8 520.803 27815.7 7314.21 20501.5 6356.81 2991.37 2450.77 2060.81 17510.1 6234.11 3519.08 1170.28 2348.81 2715.02 957.395 2652.44 515.278 2552.48 630.539 650.423 598.497 1577.65 645.635 17326.8 12460.2 670.144 11790 1996.59 1592.34 1382.5 266.922 9793.44 4113.34 5680.1 2278.64 552.876 3760.91 3397.37 326.67 1726.24 1574.9 679.608 2196.49 434.216 158.266 4866.59 820.013 4046.58 1834.71 3070.7 1508.93 1561.77
internal_count=696301 695193 545807 19695 526112 23683 502429 22025 480404 464971 15433 439286 64987 374299 45293 107364 84284 82150 266935 41501 32203 20040 12163 9298 19694 7963 4145 6294 3723 4751 3860 8180 18950 261307 159875 4728 155147 26882 12842 8316 2607 128265 63945 64320 42091 13459 42197 41341 15464 57145 35420 18409 13851 4871 2309 101432 70354 31078 21854 25877 22180 3697
cat_boundaries=0 4 8 12 16 20 24 28 32 36 40 42 45 49 53 57 61 64 67 71 75 79 83 87 91
cat_threshold=2107460 3089138593 753708 64 4089643777 5214 885020944 34 1611010560 25169988 352321600 16 64065955 55836746 67133184 33 2147483648 1073745984 33554432 1536 16 1073755216 1259339842 1540 33964032 71633926 2437161601 266 1280328194 34758658 1207960594 144 134218370 25165824 545259776 21 201327872 1064984 1085292544 129 135364656 41943040 1610613504 8216 1082151168 17204225 71631872 2244223617 1 847315088 17303560 270536704 36 847315088 2056 805310528 6 0 0 268435520 2 545259648 25167900 16640 545325056 16779272 805323072 524288 0 536870912 14 268435456 8388608 0 256 135266306 16384 1026 144 655360 524292 541065280 12 131072 71368704 270336 1 268435472 4 2103296 256
is_linear=0
shrinkage=0.05


Tree=56
num_leaves=63
num_cat=22
split_feature=4 0 48 0 48 0 48 0 48 0 0 35 0 43 0 43 48 48 0 28 28 0 35 11 28 42 35 43 0 28 43 0 48 0 43 0 48 0 0 48 48 48 32 10 10 26 28 24 48 28 0 43 0 43 0 0 7 8 48 45 0 0
split_gain=437.363 263.955 244.536 690.361 417.02 698.978 360.628 1221.31 535.962 411.538 397.116 278.936 273.985 260.971 229.628 228.596 209.869 262.642 421.876 420.329 317.155 299.151 300.128 253.313 227.088 206.947 211.18 204.549 840.998 614.153 671.828 392.824 315.589 329.094 286.953 642.001 553.141 685.206 483.974 431.014 366.061 380.227 263.141 252.959 250.876 226.648 213.257 191.243 183.19 337.501 184.548 180.635 375.118 262.287 329.114 303.151 252.34 318.391 268.58 212.738 179.572 179.455
threshold=0.35000000894069677 0 -0.99376606941223133 1 -0.96953669190406788 2 -0.93109762668609608 3 -0.89495861530303944 4 5 5.6499998569488534 6 0.72695311903953563 7 0.9837264120578767 -0.8317061960697173 -0.43448521196842188 8 0.046430176123976714 0.013725490774959328 9 4.5499999523162851 151.45833587646487 0.033333335071802146 -0.58216583728790272 8.7500000000000018 -0.88622298836708058 10 0.017647059634327892 -0.99275806546211232 11 0.82646599411964428 12 -0.82415616512298573 13 0.8462619185447694 14 15 0.64787715673446666 0.77663332223892223 -0.81814974546432484 0.12068965658545495 54.291666030883796 13.208333492279055 0.054843580350279815 0.060723030939698226 -0.013744938187301157 0.87045016884803783 0.055752867832779891 16 0.71503382921218883 17 0.52766072750091564 18 19 1.0000000180025095e-35 0.45416666567325598 -0.25834974646568293 1.0000000180025095e-35 20 21
decision_type=10 9 2 9 2 9 2 9 2 9 9 2 9 2 9 2 2 2 9 2 2 9 2 2 2 2 2 2 9 2 2 9 2 9 2 9 2 9 9 2 2 2 2 2 2 10 2 8 2 2 9 2 9 2 9 9 10 10 2 2 9 9
left_child=1 -1 3 13 5 11 7 -6 10 -10 -8 -4 16 60 -9 27 23 18 -18 20 -20 22 47 -11 -24 26 -22 28 43 30 31 -30 -31 -34 35 39 38 -38 45 -29 41 -40 -43 -14 -32 46 -36 -19 -39 50 -50 53 -53 55 -55 56 58 -58 -23 -60 -3 -48
right_child=-2 2 4 -5 6 -7 8 14 9 12 -12 -13 15 -15 -16 -17 17 21 19 -21 25 51 24 -25 -26 -27 -28 34 29 32 44 -33 33 -35 36 -37 37 48 40 -41 -42 42 -44 -45 -46 -47 61 -49 49 -51 -52 52 -54 54 -56 -57 57 -59 59 -61 -62 -63
leaf_value=-0.049438906657018458 0.043646051222562786 0.05636384139635784 0.023999154419825752 -0.043354986821729183 0.043459988875039726 -0.074243929610475906 0.014908561302512278 -0.0050159068193829752 -0.062731082586687706 0.028474862535647641 -0.076272295588899211 -0.11106316501416054 -0.0016264931796676067 -0.084598505661170748 -0.080247632358638799 -0.063673875702509639 0.043409349283546061 0.0014815444126297923 -0.055840689985546622 -0.080150034318272223 -0.086845419254412748 -0.088242125705382257 -0.047934687838709515 -0.064153287819314536 0.02974161747769849 0.039384578325357668 0.027803843428365477 0.046987794092853259 0.028448021938502172 0.019139992353734304 0.049995863937519147 -0.086400815937512088 0.020513827212138739 -0.07962139544144832 -0.046255044186127428 -0.067947881493123696 -0.049866330007000068 0.050257719608559605 -0.072571454047866746 -0.077280195984106514 -0.079651791803092231 0.010414498687650016 -0.0646062084167741 -0.066144932701710277 -0.082446197573380439 0.014520967692536392 0.047633840740977505 -0.068134075164383454 -0.001887644714343743 -0.049284771815638478 0.034249657687733699 0.041021260338478888 -0.041977406590038874 0.055336299213556532 -0.059584935769051828 0.023202683249399444 -0.093655720859610048 0.021180249453344974 -0.067446804830188459 0.012645427621679759 0.019930967000411522 -0.054436937733251534
leaf_weight=191.34056994350976 867.82082540611736 919.15881881158566 474.15399681963027 297.14200784021523 1944.1959708820796 405.49032434308901 186.53235798777314 182.55837864126079 198.10004935745383 124.24272846989334 325.60724470269633 41.579763660090975 201.04045603901614 41.429722593224142 246.23349815024994 124.04047662968514 1756.656309677579 146.33881938952254 134.89415649703005 131.49978914437816 72.871491492725909 74.385468227090314 124.73238660593051 181.82990779110696 383.05063970544143 657.17055454605725 89.490164282498881 1250.6102729328559 441.27148970926646 3270.2366215178045 38.856829303316772 79.366710904520005 152.99361928529106 163.79403134190943 1036.5876094930572 146.13658649032004 297.32068324118154 747.82067688467214 148.82477627688786 73.900237508467399 127.47026563598774 4737.2021744092926 119.84399742441019 621.81975285889348 448.04041991848499 250.92470278032124 115.76189730712213 302.75163803348551 451.09609408280812 155.74714298814069 1724.9553530035773 203.75384159316309 368.19347281081718 656.44185140059562 62.421579702640884 3004.7882293827715 153.17389123968314 99.612565172370523 87.172597532044165 1695.3504700508201 591.69445264583919 56.251240212412085
leaf_count=149386 1108 2888 4717 11507 8627 18621 2693 3238 25685 310 12740 345 855 1860 10160 15040 14666 3436 5413 7369 2439 2853 767 7866 1079 4864 191 3046 932 12645 82 1624 507 3016 63511 5461 12244 2596 5720 1681 4558 66535 4699 14097 7710 3946 683 17401 7721 5214 13946 3268 23261 3998 4495 40923 1530 147 11051 17566 3440 6324
internal_value=0.00860085 0.00769403 0.00803427 0.0257065 0.00699916 -0.026146 0.00799779 0.0267179 0.00642268 0.00736006 -0.0442604 0.0128607 0.00788505 0.0389548 -0.049062 0.00395244 0.014229 0.0154661 0.0283753 0.00362224 0.0152022 0.0104818 -0.0155112 -0.0265531 0.0106611 0.0268958 -0.0236533 0.00445238 -0.00355135 0.00482523 -0.0296566 0.00982722 0.0145241 -0.0331266 0.00824241 0.0288603 0.00520106 0.0216569 -0.0032278 0.0397542 0.00401281 0.00615128 0.00856342 -0.0497769 -0.0718767 -0.028526 -0.0376993 -0.0454494 0.028631 0.021818 0.0269071 0.0143667 -0.0124262 0.0170183 0.0452982 0.0130434 -0.0015289 -0.0484037 0.00484407 0.00872859 0.0426006 0.0138595
internal_weight=34405.8 33538 33346.6 1849.43 31497.2 921.224 30576 2372.99 28203 27690.8 512.14 515.734 27492.7 1552.28 428.792 16981.9 10510.8 10204.7 2842.58 1085.93 954.426 7362.17 956.873 306.073 507.783 819.532 162.362 16857.9 5417.42 4594.56 1007.54 520.638 3587.02 316.788 11440.5 1470.65 9969.81 3376.94 6592.87 1324.51 5133.34 5005.87 4857.05 822.86 486.897 1459.53 1208.6 449.09 3079.62 2331.8 2176.05 6405.29 571.947 5833.35 718.863 5114.48 2109.69 252.786 1856.91 1782.52 1510.85 172.013
internal_count=696301 695193 545807 19695 526112 23683 502429 22025 480404 464971 15433 5062 439286 8188 13398 264393 174893 166717 34942 20276 12907 131775 22683 8176 1846 7494 2630 249353 41468 26516 10348 2556 16168 3523 207885 10188 197697 41721 155976 4727 81512 76954 71234 14952 7792 74464 70518 20837 29477 26881 21667 109092 26529 82563 8493 74070 33147 1677 31470 28617 6328 7007
cat_boundaries=0 4 8 12 16 20 24 28 31 35 38 42 46 50 54 58 62 65 67 70 73 76 77
cat_threshold=2107460 3089138593 753708 64 4089647873 5206 885020944 34 1611010560 25188420 352321600 144 1141391888 1082860548 2071199810 1806 2147483648 1073745984 33554432 1536 16 1073755216 1259339842 1540 159684017 88424448 2240035393 17 2953184256 67115024 8388752 17073201 16777216 2223243264 1 16778272 16777216 2147483648 101712386 11264 268453250 160 1610809344 10 536870912 6 147456 0 536870912 4 1917321728 8399884 805307520 14 34816000 34081794 128 10 373833728 1059840 1076905106 392 272630274 28 536871954 8388608 67174400 8425489 0 8656961 8421393 67174400 268353 2462056960 5186 8407312 301989888
is_linear=0
shrinkage=0.05


Tree=57
num_leaves=63
num_cat=21
split_feature=4 0 22 20 0 27 0 48 0 48 0 48 48 43 43 46 0 35 0 43 48 43 0 0 34 24 0 41 48 0 0 43 43 48 0 35 0 0 17 48 34 48 0 47 43 43 0 0 0 0 29 29 11 43 48 48 32 35 0 14 48 35
split_gain=413.461 255.244 228.636 210.648 441.179 235.054 572.525 342.964 307.872 331.916 471.59 404.607 344.289 310.299 237.104 234.677 233.687 197.732 413.45 195.799 336.34 302.726 244.614 241.867 192.092 190.412 207.431 186.646 181.052 180.794 174.684 170.909 215.619 349.028 347.951 195.692 186.767 164.21 194.79 197.564 426.619 309.541 285.131 245.666 233.13 236.963 331.253 222.693 197.796 189.539 190.151 188.492 184.298 257.875 222.81 240.596 209.868 177.595 174.419 187.426 165.53 318.178
threshold=1.5500000119209292 0 4.1833331584930429 -1.0000000180025095e-35 1 0.13655198365449908 2 -0.99878430366516102 3 0.24460743367671969 4 -0.93109762668609608 -0.024524444714188572 -0.94705909490585316 0.71503382921218883 -0.35998021066188807 5 1.0000000180025095e-35 6 1.0000000180025095e-35 0.95233076810836803 -0.12546116113662717 7 8 0.55000001192092907 0.091024000197649016 9 0.72947329282760631 -0.74068796634674061 10 11 -0.99275806546211232 -0.35041563212871546 -0.65220215916633595 12 3.5499999523162846 13 14 1.3541666865348818 -0.55200296640396107 2.5499999523162846 -0.27024117112159723 15 0.08642080053687097 0.92273071408271801 -0.50556187331676472 16 17 18 19 8.36340379714966 1.0314550399780276 105.45833206176759 -0.8337765336036681 0.65729612112045299 0.92789602279663097 1.0000000180025095e-35 8.6500000953674334 20 3.7500000000000004 0.30228675901889807 3.8500000238418584
decision_type=10 9 10 10 9 2 9 2 9 2 9 2 2 2 2 2 9 2 9 2 2 2 9 9 2 10 9 2 2 9 9 2 2 2 9 2 9 9 10 2 2 2 9 2 2 2 9 9 9 9 2 2 2 2 2 2 2 2 9 10 2 2
left_child=1 -1 3 4 -3 7 -7 -5 9 10 11 13 -12 -9 19 16 -11 18 28 20 21 23 -21 24 -8 26 -6 -13 -10 -17 -22 -25 33 35 -35 -33 -37 57 39 40 43 42 -41 51 45 46 -43 -47 -45 -42 -51 -39 -48 54 60 -56 -55 -19 -40 -60 61 -54
right_child=-2 2 -4 5 25 6 14 8 17 15 12 27 -14 -15 -16 29 -18 37 -20 22 30 -23 -24 31 -26 -27 -28 -29 -30 -31 -32 32 -34 34 -36 36 -38 38 58 41 49 44 -44 48 -46 47 52 -49 -50 50 -52 -53 53 56 55 -57 -58 -59 59 -61 -62 -63
leaf_value=-0.049742316653206803 0.046406137097794425 0.01547913671471874 0.02678331810107748 -0.072710524250339081 -0.063878104663510668 -0.012706195067796307 0.056789135637911603 0.042612286930165257 -0.060954984535145987 0.023874785781843127 0.022044511674392885 -0.061861044923862213 -0.062984348178467875 -0.063601619274702301 -0.032280953397946253 0.04407160960823453 -0.027385700051862357 -0.0164925395713248 -0.035926719098146591 -0.017590043614907191 0.028795600386364126 -0.093226774369507326 0.045451871949780245 0.032440387608851484 0.023839943975016275 0.022973983485437666 -0.018035949215952252 -0.0024160639895219561 0.0187699667328011 0.015513131982949169 -0.075525177361559226 0.037690366471211989 0.034750780343291814 0.0005090084485764848 -0.07570665268333325 0.022066346654971255 -0.08009771148773398 -0.073237313368806678 0.0032692285086647409 -0.00093114769882442477 0.0053194217965827628 -0.037772024660554626 -0.069997162198009374 -0.037081243663063965 -0.055510605532543882 0.02997127843426204 0.036611617526757005 0.0019591334490827363 0.048133891284581856 -0.060944539284769929 0.040268927284489595 0.017292307102043041 -0.098167903200791981 0.028182202270042884 -0.083703266525203254 0.0053124790393732895 -0.081289366387512871 0.011220208682297415 -0.071474589087354976 0.0097857571064255463 0.036073571952392497 0.020627406296431179
leaf_weight=184.16322986589512 696.17172270873562 1113.61990737007 1514.4734425335191 139.6669763152604 394.04656784213148 1447.4330903117079 716.67882395751076 291.48169325239724 78.238948247104418 567.02804849745007 2006.4258002091083 513.89191850484349 126.55958196864231 89.994080193515401 193.42885451135226 1564.169632785226 352.05222752367263 1725.4167712075869 959.26942873728694 171.66618774068775 53.816427832003683 56.827524769410957 1436.1820549024269 703.96428331313655 1155.5871951607987 161.30615570850205 706.40374018833973 177.7106749942177 792.92814004648244 913.27232792327413 130.51341125875479 421.99132403795375 396.9633493318106 335.10483965353342 267.21870467439294 92.809528663754463 73.011638748925179 60.561504712153692 455.88486038154224 361.44203116535209 704.59567160042934 520.12490368145518 250.69066871242831 67.784116544236895 144.5794853779953 1701.4601327857818 410.93275540648028 1226.9805647118483 1269.1315653444617 253.14034860546235 56.820998109760694 1136.6318643398117 75.762878281821031 60.365437818109058 120.65093141596299 204.69666730216704 159.35366720799357 869.41440091549885 222.95409181085415 104.088096403284 587.14841157186311 220.14938744576648
leaf_count=149415 855 6490 2503 6750 7155 27524 4579 843 8043 8930 47816 26052 8794 6857 6338 23834 20732 36291 123711 3434 176 1575 6164 1396 2259 319 9408 8854 29405 20640 2454 2847 2091 2277 5128 132 535 1832 2397 3025 1579 7232 3890 1677 4568 9359 560 9301 5323 1536 73 8062 1050 226 1260 1049 2881 2661 2405 194 1173 382
internal_value=0.00827038 0.00747241 0.00780355 0.00689558 -0.00742292 0.0080605 0.0155875 0.00538656 0.00589617 0.0148652 0.00334899 -0.0235646 0.01692 0.0175553 0.0221715 0.0257794 0.00420134 0.00188391 -0.0134987 0.0239602 0.0185086 0.0213962 0.0388943 0.0229608 0.0362588 -0.0275406 -0.0351954 -0.0465864 0.0114782 0.0337845 -0.0476031 0.0118835 0.00284024 -0.00780335 -0.0345523 0.0196059 -0.0264165 0.00405616 0.0068663 0.00883006 0.0181946 0.00333206 -0.0303749 0.029164 0.00713036 0.00884315 -0.00294965 0.0183436 0.043896 -0.00920418 -0.0410656 0.0127128 0.00706582 -0.00138628 0.00767351 -0.0276979 -0.0512132 -0.00717954 -0.0171075 -0.0442585 0.0207054 -0.00978794
internal_weight=33966.8 33270.7 33086.5 31572 2375.38 29196.6 7653.2 21543.5 21403.8 6602.59 3206.06 1073.08 2132.99 381.476 6205.76 3396.52 919.08 14801.2 1830.44 6012.34 4404.49 4220.16 1607.85 4163.33 1872.27 1261.76 1100.45 691.603 871.167 2477.44 184.33 2291.06 1587.1 1190.14 602.324 587.812 165.821 12970.8 10375.9 9593 3548.67 6044.34 612.133 2534.11 5432.21 5287.63 2359.19 2928.44 1336.92 1014.56 309.961 1197.19 1839.06 1428.13 1208.41 325.348 219.719 2594.83 782.927 327.042 883.061 295.912
internal_count=696301 695446 546031 543528 23372 520156 68909 451247 444497 173352 99216 42606 56610 7700 41385 74136 29662 271145 161159 35047 25449 22819 9598 21244 6838 16882 16563 34906 37448 44474 2630 14406 13010 10919 7405 3514 667 109986 71034 66038 20082 45956 6915 16894 39041 34473 15813 18660 7000 3188 1609 9894 8581 8021 4914 2309 3107 38952 4996 2599 2605 1432
cat_boundaries=0 4 8 12 16 19 22 26 30 34 38 42 45 49 53 57 61 65 69 72 76 80
cat_threshold=2107460 3089138593 753708 64 839255171 92798976 1486899200 48 743457024 1178609692 2218010242 1968 2379501856 1145047060 2222203777 1792 146800896 67108880 7348993 12865536 67108880 6291712 1074266240 25755648 587208704 8 50861056 1785858 1212153873 8 50888720 737280 830472256 5 1284018944 39199770 5242880 267 146800928 71303184 72622593 256 1 0 1073758208 266400 4160 37752848 10 135296 0 4194304 8 688146 10178632 16795648 24 1610679425 262144 1744830466 130 1536 50601984 1484783634 160 838862336 262144 1350571074 160 805306496 0 1073746960 805306497 16785408 1518338114 36 536937601 17047552 276825106 160
is_linear=0
shrinkage=0.05


Tree=58
num_leaves=63
num_cat=0
split_feature=1 48 48 35 48 48 44 43 48 44 44 44 48 48 48 48 48 43 44 46 48 43 43 47 48 42 44 28 28 43 43 43 28 35 48 48 18 28 38 35 28 44 40 28 26 35 11 29 43 48 38 19 35 35 18 11 47 44 48 40 18 35
split_gain=382.67 213.062 354.169 416.677 353.658 498.778 380.614 321.754 309.04 291.739 299.436 276.061 520.405 977.338 497.656 427.302 369.087 458.928 364.512 339.067 323.07 455.983 506.575 490.443 349.17 488.371 947.368 427.457 383.902 383.707 448.52 547.122 508.635 402.249 380.385 556.937 743.344 422.444 405.66 389.568 385.412 358.498 345.094 320.031 315.106 313.215 298.255 295.698 292.797 310.604 278.419 275.769 286.142 513.974 252.907 252.338 250.838 238.469 364.868 237.521 236.818 231.857
threshold=2.5499999523162846 -0.99376606941223133 -0.96953669190406788 5.6499998569488534 -0.93109762668609608 -0.89495861530303944 -0.42958799004554743 0.72695311903953563 -0.92625963687896717 -0.26037105917930597 -0.71502926945686329 -0.89404255151748646 0.85232898592948925 0.42958889901638037 -0.77313542366027821 -0.46741016209125513 0.93667927384376537 -0.15101210027933118 -0.86974579095840443 0.16224503517150882 0.70222932100296032 -0.76141706109046925 -0.92274349927902211 -0.011407078243792055 0.29059579968452459 0.63405361771583568 -0.35042476654052729 0.013725490774959328 0.0058823532890528449 -0.99763298034667958 -0.76141706109046925 0.52766072750091564 0.049337463453412063 1.3499999642372134 0.3601794987916947 0.54937449097633373 7.7750000953674325 0.04256099462509156 18.500000000000004 0.45000000298023229 0.013725490774959328 -0.63919836282730091 2.4650000333786015 0.051905291154980666 -0.055853188037872308 14.750000000000002 44.125000000000007 4.2929100990295419 -0.92923668026924122 0.25597663223743444 18.500000000000004 2.5000000000000004 0.55000001192092907 17.150000572204593 56.083333969116218 17.708333015441898 0.19732557982206347 -0.38243420422077173 -0.6613607108592986 3.842000007629395 25.274999618530277 0.15000000223517421
decision_type=10 2 2 2 2 2 2 2 2 2 2 2 2 2 2 2 2 2 2 2 2 2 2 2 2 2 2 2 2 2 2 2 2 2 2 2 10 2 2 2 2 2 2 2 10 2 2 2 2 2 2 2 2 2 10 2 2 2 2 2 10 2
left_child=1 7 3 -3 6 8 -4 9 -6 10 59 12 13 14 -7 19 -14 -18 -13 -16 24 22 23 -22 25 27 28 50 -27 -29 32 45 47 42 37 36 -36 40 -37 -38 -26 -35 57 -43 -19 -32 -28 -31 -30 -50 -20 52 60 -54 -49 -41 -21 -33 -59 -1 -17 -53
right_child=-2 2 4 -5 5 11 -8 -9 -10 -11 -12 18 16 -15 15 51 17 44 20 56 21 -23 -24 -25 34 26 46 29 48 30 31 33 -34 41 35 38 39 -39 -40 55 -42 43 -44 -45 -46 -47 -48 54 49 -51 -52 61 53 -55 -56 -57 -58 58 -60 -61 -62 -63
leaf_value=-0.064189998397018638 0.036265388493601877 -0.0082728620007478416 -0.012192180900666585 -0.094048144232633843 0.010953152716881489 -0.076758235479457315 0.036564490304597394 -0.08083133266909262 -0.072841622760487931 -0.017336817331348706 0.047667550870485999 -0.059976062070870396 0.042903566976616243 -0.066559610588057691 0.043438449588053221 -0.025819939887597905 -0.0886370864938478 -0.09863112136364198 -0.009835181847310942 -0.077704581359549343 0.0078003319612909407 0.0056463560537194403 -0.077385600053455322 -0.053074478791086316 -0.078806573822474343 0.055295447558427226 0.01675106633899294 -0.051314188197724125 0.056079070874375192 0.038748859959761149 -0.069880788885381045 0.053659296712741569 -0.081928849471125054 -0.075784839476069329 -0.062634092300419372 0.028890421629406846 0.057337933826210608 -0.071127475750465463 -0.061151234874367348 0.045532615344577664 0.050888772047269763 -0.042098466562747849 -0.051187157142224972 0.026010053613662577 0.027071702617916728 0.030098502122480338 -0.077517779007831356 0.015335144543116392 -0.050024463173868307 0.059718465568587897 -0.084931497227342279 -0.068005723730756751 -0.081743383256974778 0.042069408125214376 -0.092691918586991329 -0.054037105016747626 0.016709889178069488 0.044835566477231199 -0.058509527445514943 0.041750861144039982 0.064266061903716643 0.022166583586297167
leaf_weight=117.88726397990831 1150.5089777542744 740.29497676616302 515.18256844437565 175.06667625677073 166.07737245003227 151.82627381372731 1794.5722102902946 70.408404428540962 326.05882984370692 290.14725527440896 1177.3503340132593 225.42971685828525 2005.3518646490993 445.49863130884478 1441.8622523155645 169.52663258538814 116.05277335917344 53.663295699574519 1545.5786861824163 102.67744171031518 953.43491997761885 2583.6380504692497 391.30530842937878 506.70843147297273 59.767363589839078 321.55804107588483 96.653205305687152 230.26507935358677 121.49320160096977 2348.6351532108383 390.02442913834238 720.03769243473653 110.10091269612894 196.3959027400706 530.79971991133061 2106.4944924275333 311.90874158541556 82.085488048091065 132.98475364694605 92.745588884688914 1377.396433726215 277.23139125946909 123.35810965922428 456.45428580947919 702.45878671912942 98.024211573123466 636.18903842123109 1817.4837855285732 377.59054566826671 77.751758802682161 134.13602007515146 77.229827268514782 331.40939455421176 112.19770044332836 55.844350400962867 202.69789898270392 223.42968323489185 214.29476141266059 142.00325239831 95.984689419099595 128.06102803029353 926.50655294884928
leaf_count=5131 1734 28106 9828 2173 2915 7355 18024 5902 16720 10370 2640 10675 6546 19179 7333 9663 3416 1228 41688 3102 10804 107129 17529 10787 3828 1554 313 2868 615 15468 41832 8341 3940 3270 33651 29957 2820 6278 6566 77 3866 3581 17667 3365 6182 262 52595 9610 16861 449 9183 5811 6862 115 744 2884 2229 6313 17625 935 549 7258
internal_value=0.00792641 0.00692337 0.00595723 -0.0246777 0.00689704 0.00532027 0.0256895 0.0238844 -0.0445641 0.0282695 0.0377809 0.0062283 0.0147863 0.00336938 0.0118702 0.0157007 0.0310941 0.00394107 0.00324548 0.033025 0.00396444 -0.00792531 -0.0268641 -0.0133248 0.00739128 0.00224555 -0.0228959 0.00687446 0.0115188 0.0121864 0.0142903 -0.00204958 0.0241644 0.00889268 0.0184155 0.00906941 -0.0194106 0.039194 0.0235436 0.0183649 0.0454951 -0.0157862 0.0280254 0.000274483 0.0181504 -0.0498 -0.0650848 0.0269311 -0.0128846 -0.0312854 -0.0158321 -0.00185234 -0.0249835 -0.0504285 0.0121148 -0.0227802 -0.0130173 0.0371039 0.00364718 -0.0166443 0.0129468 0.0152285
internal_weight=33655.8 32505.3 30753.5 915.362 29838.1 27528.4 2309.75 1751.78 492.136 1681.37 1391.22 27036.3 6987.75 4110.23 3664.73 3512.9 2877.53 872.175 20048.5 1767.97 19823.1 4435.09 1851.45 1460.14 15388 10491.1 1631.24 8859.87 898.394 7180.15 6949.89 2617.82 4332.06 2129.78 4896.88 3377.63 1138.15 1519.25 2239.48 607.352 1437.16 930.082 1199.69 733.686 756.122 488.049 732.842 4221.96 576.836 455.342 1679.71 1744.93 741.195 443.607 1873.33 295.443 326.107 1076.34 356.298 213.872 297.588 1003.74
internal_count=696301 694567 669589 30279 639310 611458 27852 24978 19635 19076 8706 591823 86828 69456 50277 42922 17372 10826 504995 12664 494320 146249 39120 21591 348071 258144 72387 185757 19479 134886 132018 102256 29762 60162 89927 75955 39432 13972 36523 5781 7694 10216 49946 6946 7410 42094 52908 25822 17925 17310 50871 30258 17189 6977 10354 2961 5331 32279 23938 6066 10212 13069
is_linear=0
shrinkage=0.05


Tree=59
num_leaves=63
num_cat=0
split_feature=4 48 48 35 41 48 48 44 44 48 48 48 28 44 28 48 26 48 27 11 48 26 48 42 44 34 41 32 28 29 11 48 42 44 48 47 47 48 48 44 7 32 37 48 48 44 44 44 44 48 45 28 39 26 19 9 45 44 37 28 48 44
split_gain=377.903 211.553 337.629 386.03 330.042 302.072 444.793 349.527 271.42 490.879 344.652 986.101 377.61 344.521 307.281 296.516 416.44 283.495 397.787 328.543 422.223 361.153 325.373 501.272 606.881 579.67 416.9 416.605 397.533 372.361 354.453 307.28 297.125 292.998 282.963 663.397 625.895 715.196 356.593 419.029 338.118 275.386 331.019 274.651 261.174 259.912 259.286 256.754 410.698 271.603 389.521 481.905 352.789 266.615 309.892 257.604 247.857 247.461 240.405 237.606 319.273 236.221
threshold=1.5500000119209292 -0.99376606941223133 -0.96953669190406788 5.6499998569488534 1.0000000180025095e-35 -0.93109762668609608 -0.89495861530303944 -0.42958799004554743 -0.89404255151748646 -0.77313542366027821 0.85232898592948925 -0.14992911368608472 0.055752867832779891 -0.86974579095840443 0.053132651373744018 0.93667927384376537 -0.055853188037872308 0.70222932100296032 0.16537181288003924 105.45833206176759 0.89388969540596019 0.0018255614559166136 0.24460743367671969 0.68322628736495983 -0.35042476654052729 1.7500000000000002 0.81241145730018627 0.086206898093223586 0.040600210428237922 5.4074535369873056 44.125000000000007 -0.024524444714188572 -0.9103761315345763 0.046214086934924133 -0.55200296640396107 -0.04730629920959472 -0.096848167479038225 -0.29489870369434351 -0.57200580835342396 0.7074720859527589 14.250000000000002 1.0000000180025095e-35 3.3805000782012944 0.23357862979173663 -0.92625963687896717 -0.98801845312118519 -0.84313312172889698 -0.27694045007228846 -0.44505782425403589 0.3373312652111054 1.0000000180025095e-35 0.055752867832779891 0.65450000762939464 -0.0031865459168329831 2.5000000000000004 2.9825224876403813 1.0000000180025095e-35 -0.90892156958580006 2.7055000066757207 0.060723030939698226 -0.38850006461143488 0.60383266210556041
decision_type=10 2 2 2 2 2 2 2 2 2 2 2 2 2 2 2 10 2 2 2 2 10 2 2 2 2 2 2 2 2 2 2 2 2 2 2 2 2 2 2 10 2 2 2 2 2 2 2 2 2 2 2 2 10 2 10 2 2 2 2 2 2
left_child=1 4 3 -3 56 7 44 -4 9 -8 11 -11 15 -10 41 -12 -17 22 19 -19 32 -22 23 27 25 28 47 34 -25 31 -26 61 33 -21 35 38 37 40 39 -15 -36 42 -13 -16 -7 -18 -39 48 49 52 -51 55 -24 54 -49 -52 -1 -47 -53 60 -38 -29
right_child=-2 2 5 -5 -6 6 8 -9 13 10 12 14 -14 17 43 16 45 18 -20 20 21 -23 26 24 30 -27 -28 29 -30 -31 -32 -33 -34 -35 36 -37 59 46 -40 -41 -42 -43 -44 -45 -46 57 -48 53 -50 50 51 58 -54 -55 -56 -57 -58 -59 -60 -61 -62 -63
leaf_value=-0.077077493032547545 0.045283113670198646 -0.0084178811438447177 -0.011738831697486811 -0.091754415605087569 -0.0253378725789449 0.0098854542075133538 -0.075993908596695803 0.034901676296278987 -0.058914647112961509 0.025189252338264308 0.044471559230242742 -0.089319472503449487 -0.052135842130116239 -0.064373154066540234 0.026631585843860873 -0.10075683407976047 0.03668158387022092 0.030683886120628463 -0.05372297401428934 -0.054907917732222394 -0.01755933981739911 0.021087404158361491 0.047908426233477436 0.042757627962638274 0.023981361666803182 -0.10008035849237407 -0.043504576898218156 0.038163420198419465 -0.065611262048844932 -0.025122979410310154 -0.077396511876235419 -0.055060176964204482 -0.055427990680210204 0.038651534606718552 -0.088294296489303134 0.025651621005408701 -0.0073629828435970452 0.076630293379692072 0.058280097169635864 0.039298572235264548 0.040105165946533634 -0.064263024758644802 0.038456094445768342 -0.048505591290081612 -0.066909601939813629 -0.081026074601946024 0.012602444183344764 -0.045192872971177869 -0.063570101339826893 0.045392397182694513 -0.08856238974797942 -0.080496705173185523 -0.10246864291262561 0.035093634621393012 0.023389952143654386 0.053898642287236134 0.036970844225334677 0.051997283607616442 0.053005261118736262 0.02707389745973432 -0.063471278978747867 -0.061394501769757914
leaf_weight=49.275481740187388 653.4749536071904 739.29152903347858 519.95906174561242 171.12561810552143 287.62283394206315 165.79761438071728 146.05035622772994 1766.0509695345536 220.20624939489062 2631.6948101751623 1935.2164546570857 73.068773967737798 133.50752394326264 500.21099341797526 371.2080793438945 79.19236581606674 540.48166330019012 635.78038975497475 414.94089935309603 138.56254254386295 1144.2684767808532 1281.5520276412135 579.45941266871523 504.65332142240368 102.41291606833693 110.19170083312201 269.22565767203923 2009.6273431766313 101.67634100181749 340.70238245441578 545.3349596124317 98.764539679483278 658.33479934331262 211.27646917797392 254.38731174910208 2044.8519690444809 376.64116217612172 175.74626058497233 98.380852810165379 121.05677911054227 64.214858425082639 595.38258654202218 165.47657279140549 180.88779835763853 333.24462613795185 104.27108423339087 1576.3613260576385 241.1014599383343 198.95524678844959 243.09062291745795 268.16060675770859 42.073080024681985 41.817026886623353 2755.6337893927121 519.84575470277923 35.991122670471668 1434.5901897428266 52.59714936837554 169.88138347928179 126.43016541650286 775.74247452322743 61.401172994257649
leaf_count=6170 855 28119 9843 2175 12386 2918 7362 18045 10680 23200 5391 2292 3733 18101 3696 1602 2430 1489 9652 3312 40952 38098 2490 7086 287 1207 19407 16998 9196 6690 47120 7113 48363 4537 15266 28553 8652 269 1225 6316 74 23314 1937 7811 16746 4120 33919 12627 5572 893 9999 1948 1024 32570 10412 16 6484 131 2289 1365 26377 13397
internal_value=0.00763635 0.00688021 0.00591269 -0.0240821 0.0236819 0.00682744 0.00537908 0.0242932 0.00624145 0.0147115 0.0166418 0.00721261 0.0299565 0.00328182 -0.0269203 0.0339982 0.00789755 0.00397219 -0.00708715 -0.00233231 -0.00844503 0.00285759 0.00720248 0.00186806 -0.0262942 0.00541315 0.0171339 0.0063229 0.0245851 0.0234723 -0.061368 0.0311028 -0.0356409 0.00159496 -0.000718857 0.0111212 -0.010491 0.00649434 -0.0301663 -0.0441723 -0.0624151 -0.0460759 -0.000682812 0.00201376 -0.0413959 0.0202365 0.0190248 0.0203375 0.00359099 0.0132703 -0.00679237 -0.0313719 0.0377868 0.027859 0.0016599 -0.0717046 0.0331836 -0.036424 0.026505 -0.0379943 -0.045133 0.0352118
internal_weight=33188.4 32534.9 30763.5 910.417 1771.49 29853 27567 2286.01 27068 7009.04 6862.98 4017.72 2845.27 20058.9 1386.02 2711.76 776.542 19838.7 4484.72 4069.77 3433.99 2425.82 15354 9988.79 1364.27 716.521 5365.24 8624.52 606.33 2510.5 647.748 2169.79 1008.17 349.839 6114.02 2764.5 3349.52 2070.71 719.649 621.268 318.602 833.928 238.545 552.096 499.042 697.35 1752.11 5096.01 1579.43 1380.47 759.197 516.106 621.276 3516.58 760.947 304.152 1483.87 156.868 211.954 1278.81 1152.38 2071.03
internal_count=696301 695446 670406 30294 25040 640112 612224 27888 592560 87019 79657 62250 17407 505541 39050 13674 8283 494861 146403 136751 135262 79050 348458 249211 64896 17489 99247 184315 16282 44198 47407 37508 56212 7849 140117 54195 85922 49528 25642 24417 15340 27543 4229 11507 19664 6681 34188 79840 24231 18659 15145 14252 3514 55609 23039 10015 12654 4251 4237 36394 35029 30395
is_linear=0
shrinkage=0.05


Tree=60
num_leaves=63
num_cat=0
split_feature=1 14 32 43 24 30 8 20 25 27 43 35 35 26 46 35 24 32 41 29 34 34 32 43 30 29 35 31 27 41 47 34 47 30 30 34 46 17 47 37 47 17 26 33 30 35 25 41 43 43 47 30 41 43 43 10 41 38 32 30 10 47
split_gain=411.035 230.106 170.416 167.443 163.957 249.748 249.173 188.621 204.275 179.541 253.486 274.554 293.191 222.748 181.037 173.531 168.143 164.524 192.398 151.025 249.345 225.991 284.258 172.533 156.612 167.258 156.099 149.335 145.39 140.792 135.058 124.551 116.998 115.67 173.602 112.559 108.389 133.713 106.266 102.51 101.997 99.5989 99.1886 98.1921 98.1126 135.661 95.9956 94.8561 135.067 124.724 114.763 101.97 150.286 122.645 334.536 333.854 329.545 284.605 249.379 272.118 228.716 209.416
threshold=9.1500000953674334 17.250000000000004 0.15517241507768634 0.9937499761581422 0.091024000197649016 0.41553640365600591 1.2291666865348818 -0.18333333730697629 0.36500000953674322 0.0696452632546425 0.12545942142605784 12.949999809265138 1.0000000180025095e-35 -0.066976252943277345 0.95698666572570812 0.94999998807907116 -0.024379990063607689 0.05172413773834706 0.81241145730018627 4.2929100990295419 5.2500000000000009 0.35000000894069677 0.086206898093223586 -0.92274349927902211 0.12706018239259723 2.3942117691040044 8.1500000953674334 0.05172413773834706 0.054168537259101875 -0.77259656786918629 0.70820584893226635 20.750000000000004 0.97602930665016185 0.14611264318227771 0.34363757073879247 0.75000000000000011 0.99087870121002208 65.375000000000014 0.28177006542682653 17.360499382019047 -0.99928036332130421 47.291666030883796 -0.038346782326698296 6.4500000476837167 0.069245014339685454 5.2500000000000009 0.33500000834465032 0.95642796158790599 -0.97509795427322377 -0.2102246284484863 -0.15974868834018704 0.029245014302432541 0.2269546836614609 -0.82415616512298573 -0.50556187331676472 59.041666030883796 0.77259656786918651 8.5000000000000018 1.0000000180025095e-35 0.1136518530547619 38.125000000000007 -0.023242546245455738
decision_type=10 10 2 2 10 2 10 10 8 2 2 2 2 10 2 2 10 2 2 2 2 2 2 2 2 2 2 2 2 2 2 2 2 2 2 2 2 10 2 2 2 10 10 2 2 2 10 2 2 2 2 2 2 2 2 2 2 2 2 2 2 2
left_child=1 2 3 4 5 7 17 8 44 10 13 12 28 15 19 -9 -14 29 -19 21 23 26 24 42 25 -23 -15 -24 -12 -7 33 41 43 36 40 -3 37 -10 -6 -17 -35 47 -21 -31 -1 -46 -29 51 -49 50 -50 52 -11 56 57 60 -53 58 61 -60 -56 -55
right_child=-2 35 -4 -5 38 6 -8 9 30 31 11 -13 16 14 -16 39 -18 18 -20 20 -22 22 27 -25 -26 -27 -28 46 -30 32 -32 -33 -34 34 -36 -37 -38 -39 -40 -41 -42 -43 -44 -45 45 -47 -48 48 49 -51 -52 53 -54 54 55 -57 -58 -59 59 -61 -62 -63
leaf_value=0.073670683060273176 0.048794422867442212 0.043971603277187153 -0.057547977106215335 -0.05812612546054452 -0.002419719757282029 0.012004083893487959 0.06233007545443256 0.0073595628208199164 -0.014426262791236918 -0.0048342067196775031 -0.038020403114892215 -0.077527110420762546 0.034641788988535663 0.0060664396564908477 -0.052483074451769432 -0.074165895574373378 0.010044305201245685 -0.089141839473337411 0.0054182620076372997 0.052219516492662925 -0.085101319752117432 -0.063942637592410298 -0.041022771153202811 -0.027958465573364656 -0.08819933272923465 -0.0060228204153405492 0.14145745193338974 0.037199886108767677 0.0073196024173779756 -0.074745579192966524 -0.055019322109761098 -0.10759378010972327 0.026231139318121051 0.092935942898204768 0.022562053223431182 0.015996483933616308 0.064624024281756787 0.079321325743438184 0.043820430809210567 0.026947883833808015 -0.047894314429558507 -0.094035448220313414 0.013059952297728479 0.039135192893112861 -0.039636852126781301 0.037389096670337248 -0.024673804152690458 -0.075317305144800381 -0.059087420376376112 -0.029981320632995901 0.027357435780918118 0.015485889006125556 0.04156868373644293 0.06412637222448446 -0.012216281374722009 0.013683145703155493 -0.04268078230402661 -0.045318878628749622 -0.042922612725618571 0.013759220863265873 -0.099051174015129612 -0.070966973741296915
leaf_weight=77.662993242731318 591.85909923817962 527.02610284893308 105.91697382790153 101.50887911068276 169.91179093247047 260.04250453101122 80.312909158063121 118.40380224643741 332.06189781893045 247.78719485914917 390.74016927302 88.645909986837069 1023.9941704139928 962.1158841100405 184.10826749351691 261.87694772070972 2160.9101579425915 188.38151390344137 75.292855173174758 355.72103540488752 56.313000882306369 220.44377538439585 124.77391574444482 133.56030901096528 158.01264265674399 286.81849771126872 21.770969647244783 267.51103925320785 322.94518877312657 155.53730480885133 224.58119914817507 22.535727183392737 49.259854387753876 13.282894256466532 131.51126897532959 1131.595337685023 68.705105329339858 42.956220387655776 462.34736145398347 27.719349325750954 400.88102381848148 22.970592165773269 296.48298848804552 21.551211635465734 90.117592112830607 156.32237153835013 81.873021336621605 67.803627609973773 43.542947003123118 227.07284179498674 324.68106270514545 9237.3060832382762 589.86206939528347 203.30580707083573 550.97047522431239 6607.267554943799 250.09697374186362 519.44934713869588 400.64770142611815 449.08813617134001 87.933531659975415 33.399496598605765
leaf_count=675 615 1155 5686 24350 632 2862 90 6888 5743 12889 71846 943 6057 88332 12099 4569 41048 3998 2294 920 439 4328 2166 9368 2610 2729 273 1368 29214 5251 4483 222 651 108 940 1807 378 64 600 101 6239 451 2938 32 2503 477 1167 2223 2719 16727 8472 65543 10046 1084 3675 159026 7885 24399 11376 5362 1759 1420
internal_value=0.00750329 0.00674661 0.00576466 0.00598429 0.00619814 0.00566355 -0.0213727 0.00643853 -0.0105998 0.00739391 0.000826656 0.00948354 0.011462 -0.00887594 -0.00437282 -0.0436371 0.0179528 -0.0303351 -0.06214 -0.00138587 0.016532 -0.00849182 -0.0236496 0.0238157 -0.0447331 -0.0311934 0.00906231 0.00593197 -0.0175039 -0.0130936 -0.0200149 0.00988556 -0.0419273 -0.0120693 -0.0274858 0.0248856 0.00688928 -0.003688 0.031394 -0.0644876 -0.0433777 0.0100188 0.0344181 -0.0608866 0.0246658 0.00922243 0.0227007 0.0101393 -0.00845291 -0.000837133 0.0171352 0.0107822 0.0278421 0.010003 0.00576994 0.0103458 0.0139526 -0.0148775 -0.000322834 -0.0129661 -0.0241675 0.0450645
internal_weight=32889.1 32297.2 30638.6 30532.7 30431.2 29798.9 830.378 28968.5 1538.08 27430.5 7544.74 3987.24 3898.59 3557.51 3149.51 408 3184.9 750.065 263.674 2965.4 842.077 2123.32 1139.43 785.764 665.275 507.262 983.887 474.158 713.685 486.391 1213.98 19885.7 226.348 989.398 545.675 1658.62 443.723 375.018 632.259 289.596 414.164 19863.2 652.204 177.089 324.103 246.44 349.384 19840.2 663.1 595.297 368.224 19177.1 837.649 18339.5 8852.06 7246.17 9487.4 1605.89 1086.44 849.736 638.904 236.705
internal_count=696314 695699 692737 687051 662701 661469 15178 646291 21610 624681 289403 149108 148165 140295 128737 11558 47105 15088 6292 116638 13665 102973 14368 13226 9667 7057 88605 4701 101060 8796 17955 335278 5934 13472 7287 2962 6185 5807 1232 4670 6347 335056 3858 5283 3655 2980 2535 334605 30141 27918 11191 304464 22935 281529 208101 164460 73428 43641 19242 16738 5434 2504
is_linear=0
shrinkage=0.05


Tree=61
num_leaves=63
num_cat=20
split_feature=6 10 0 0 20 0 44 20 48 0 27 18 0 28 0 28 48 4 47 28 0 48 48 0 0 0 44 11 0 10 0 32 0 26 0 48 28 18 0 7 0 29 0 44 7 34 0 21 48 18 26 44 49 46 30 26 34 26 44 44 0 0
split_gain=345.897 257.027 825.709 290.831 233.059 198.505 251.014 223.689 377.502 269.698 199.145 187.303 177.545 170.984 359.03 285.79 218.685 156.797 148.629 138.913 860.623 164.819 354.08 331.718 283.493 216.582 179.325 148.681 138.902 141.659 131.256 172.276 248.937 176.069 325.624 192.248 248.245 191.634 185.88 167.495 265.555 200.062 202.875 154.636 152.814 148.035 129.329 127.383 126.211 125.918 140.949 134.749 123.145 116.858 114.249 111.515 105.796 104.496 104.444 262.296 532.005 228.154
threshold=6.6499998569488534 12.375000000000002 0 1 14.562500000000002 2 0.8277757763862611 -1.0000000180025095e-35 0.3601794987916947 3 0.030361515469849113 45.549999237060554 4 0.055752867832779891 5 0.056927841156721122 -0.99878430366516102 1.2500000000000002 -0.70156773924827565 0.0098039219155907648 6 -0.70616334676742543 0.5704704523086549 7 8 9 -0.039769286289811127 113.20833206176759 10 0.45833332836627966 11 1.0000000180025095e-35 12 -0.011556892190128563 13 -0.88906526565551747 0.056927841156721122 31.562500000000004 14 0.75000000000000011 15 1.4658939838409426 16 -0.4755979031324386 28.150000572204593 0.65000000596046459 17 -1.0000000180025095e-35 -0.99992617964744557 3.3541666269302373 -0.054881703108549111 -0.065537083894014345 103.45000076293947 0.03750132396817208 0.14945517480373385 0.0036821053363382821 5.5499999523162851 -0.0058712905738502732 -0.89404255151748646 -0.41399101912975306 18 19
decision_type=10 2 9 9 10 9 2 10 2 9 2 8 9 2 9 2 2 10 2 2 9 2 2 9 9 9 2 2 9 2 9 2 9 10 9 2 2 10 9 10 9 2 9 2 8 2 9 10 2 10 10 2 2 2 2 10 2 10 2 2 9 9
left_child=1 2 -1 -3 5 6 10 8 9 18 -5 13 -6 16 15 -15 -12 -4 -7 20 21 25 24 -24 26 -9 57 -27 -2 -30 39 32 54 34 49 36 -35 38 -37 41 -41 42 -21 -44 -42 -36 -13 -40 -16 50 -33 -51 -31 -52 -32 -45 -22 -23 61 60 -60 -18
right_child=28 3 17 4 12 7 -8 19 -10 -11 11 46 -14 14 48 -17 58 -19 -20 30 56 22 23 -25 -26 27 -28 -29 29 52 31 33 -34 35 45 37 -38 -39 47 40 44 -43 43 55 -46 -47 -48 -49 -50 51 53 -53 -54 -55 -56 -57 -58 -59 59 -61 -62 -63
leaf_value=0.03154143189391316 0.05260887107686113 -0.051440608358464771 -0.095779127486756932 -0.040625376601926153 0.048319979300127075 -0.056038758333964427 -0.054863856326792131 -0.049807858543723611 -0.074887774528785617 -0.03868687885970102 -0.081995804617795584 0.0076035612495475319 0.0058345987334492162 -0.081435673344829082 0.050235885296999766 0.022391278271086956 -0.0055585661813685149 0.012616902217666821 0.027953238767489393 -0.052180633145977484 -0.068418364518567962 -0.05244667755023167 -0.069950616987070155 0.03106054923881503 -0.073862045486253011 -0.04598532815508409 -0.085101877477257282 0.043124403769817327 0.028877811520694546 -0.064770555024624185 0.046732691104401168 -0.073625634245277655 -0.059238412122067458 -0.062565273575792432 -0.013468774660834449 -0.016460514216051079 0.029347885128276005 -0.072497574724675884 -0.066568772181520464 0.04345372272541604 -0.079301349362561349 0.011974600819890253 -0.025751663081167078 -0.019394811953869162 0.052283413394159643 -0.069086094938628231 -0.069957853097060652 0.016912543305827782 -0.06865514136499605 0.020245948703945457 0.0055340052074634013 -0.065788984117651064 0.039675669045899205 -0.052614693403760418 -0.02810297618919071 0.031307254560810314 -0.018265093816754504 0.030423546597423318 0.01273629918157885 0.018711069955060895 -0.047336667682156996 0.03250363348605096
leaf_weight=321.51208400225732 526.97518115362618 202.97562339529395 282.64455361347063 175.66598230588716 586.54582904791459 59.224068349401932 141.15023127899622 74.042894674639683 235.68502166378312 325.18620444904082 56.870456429664046 105.17699978046585 438.8337907763198 73.532124478020705 24.664440771972295 671.78155416785739 491.54974000464426 37.826921155676246 475.97138032945804 226.87183113797801 491.99308024090715 46.049331571906805 82.530315784562845 714.48951825674158 223.31732567650033 50.421574816224165 52.554778242483735 653.66071521362755 544.57015483523719 84.319373332429677 468.94864777574548 94.412534435803536 67.134534584998619 219.92421780357836 188.87635978928301 545.49255920544965 110.30988452222664 72.020881293341517 46.50813996134093 695.39987983671017 78.08825325203361 5938.0030981968448 352.0189356066403 151.34669812070206 30.75425283331424 326.39351276733214 103.76066304981941 2614.6681745547685 235.07241173565853 622.67324705934152 397.69750886797556 49.099475376599003 42.417590599507093 110.38134041678859 57.224023438466247 382.60485577001236 133.73244799795793 218.71430930262432 1440.3030372509966 5875.6102096083923 484.17957150709117 2025.4513814616366
leaf_count=1006 503 155727 4024 10093 520 731 36381 1487 5087 5312 1916 480 874 2517 63 4911 7581 94 2189 23049 30027 495 3242 4927 8370 305 1349 3862 839 667 3901 4492 5675 10585 17416 19389 1761 1119 1374 1636 1201 83246 7566 8164 31 4036 2275 48276 16489 3402 8358 1282 39 4959 2441 8296 724 657 10122 68199 17651 12924
internal_value=0.00717954 0.00617527 -0.0251374 0.00682756 0.00722833 0.00641858 0.0114074 0.00305201 -0.0188229 -0.00346499 0.0122123 0.0130133 0.0306656 0.0138747 -0.0058166 0.011987 0.0157824 -0.0804735 0.0183165 0.00449922 -0.00578379 0.00952483 -0.00107381 0.020113 -0.032308 0.0278671 -0.000713616 0.0362284 0.0335457 0.0175362 0.00653513 0.000949782 0.0265254 -0.0018593 -0.0146825 0.00449924 -0.031863 0.0081617 0.00997328 0.0107806 0.0324127 0.0083285 -0.0111267 -2.46729e-05 -0.0385768 -0.047772 -0.0338986 0.0153957 -0.0552386 -0.000920058 -0.0175239 0.0139577 -0.0298135 -0.00709894 0.0378741 0.0169359 -0.0567918 0.0160102 0.0163214 0.0134636 -0.00255722 0.0251774
internal_weight=32657.8 31459.5 641.984 30817.5 30614.6 29589.2 11904.8 17684.4 1096.07 860.382 11763.6 11588 1025.38 11379 1005.05 745.314 10374 320.471 535.195 16588.4 2741.51 2115.78 1337.66 797.02 540.636 778.125 317.318 704.082 1198.28 671.307 13846.9 5991.77 593.307 5398.46 1789.53 3608.92 330.234 3278.69 3206.67 7855.09 804.242 7050.85 1112.84 885.97 108.843 515.27 208.938 2661.18 259.737 1274.26 602.491 671.773 126.737 508.079 526.173 533.952 625.726 264.764 10317.1 7800.09 1924.48 2517
internal_count=696314 694266 5124 689142 533415 532021 191602 340419 13319 8232 155221 145128 1394 142373 23980 7428 118393 4118 2920 327100 55445 24694 19040 8169 10871 5654 2501 4167 2048 1545 271655 138466 12017 126449 43945 82504 12346 70158 69039 133189 2868 130321 47075 24026 1232 21452 2755 49650 16552 22493 17809 4684 706 13317 6342 16460 30751 1152 116477 95972 27773 20505
cat_boundaries=0 4 8 12 16 20 23 27 30 34 38 42 46 49 53 56 60 64 67 70 73
cat_threshold=537985440 67371014 2147483648 3 2107460 3089138593 2148237356 64 2358132753 1191202816 1974485825 16 1380974882 8912908 134223888 258 1363153328 34340892 1887440912 39 2147483649 83890176 1879048256 1396803328 9052170 134230032 6 34304 9052160 134217744 1090519040 8388608 0 6 65792 10 4096 4 2266531458 83951616 536879104 32 570430112 5712980 38012928 1804 1363215360 8388618 5138 1073840386 8388618 134221842 32 268502016 8 8210 570429472 1044 0 12 128 1510480 4196352 512 0 4096 10486016 8519680 0 880820545 2147893248 1140854784 285229633
is_linear=0
shrinkage=0.05


Tree=62
num_leaves=63
num_cat=16
split_feature=4 0 8 20 0 43 0 43 28 0 41 0 43 0 0 28 26 29 48 48 46 48 0 0 44 48 0 0 35 47 0 29 7 44 26 43 44 48 35 0 48 17 27 44 35 43 0 35 27 43 17 31 44 26 28 0 28 48 0 44 43 43
split_gain=332.285 206.026 183.259 177.885 163.522 157.699 141.428 241.048 221.968 692.737 226.668 354.132 314.061 544.173 427.115 297.936 225.493 341.06 202.977 280.501 188.07 383.487 286.3 273.187 240.116 201.487 341.99 202.729 187.742 184.024 243.186 183.783 181.479 185.264 179.686 175.01 204.417 246.838 212.088 210.025 203.567 196.295 178.673 170.519 168.572 168.213 167.107 166.554 390.163 164.143 187.316 163.248 163.177 251.771 158.606 388.411 298.542 225.884 156.151 153.402 147.762 366.638
threshold=0.35000000894069677 0 13.97499990463257 14.562500000000002 1 0.9937499761581422 2 0.93237596750259411 0.0058823532890528449 3 -0.77259656786918629 4 0.87397152185440075 5 6 0.013725490774959328 0.018486726097762588 3.858035802841187 0.95233076810836803 0.91902422904968273 -0.047609478235244744 -0.38850006461143488 7 8 -0.97874867916107167 0.18490553647279742 9 10 6.4500000476837167 -0.24306374788284299 11 0.48679284751415258 0.15000000223517421 -0.15950992703437802 -0.049366334453225129 -0.99275806546211232 0.9974811077117921 -0.31898666918277735 2.7500000000000004 12 -0.99236765503883351 1.0000000180025095e-35 0.53655198216438305 -0.091258823871612535 6.3500001430511483 0.40614137053489691 13 4.5499999523162851 0.16152423620224002 0.71503382921218883 5.8541667461395273 0.086206898093223586 0.063390085473656668 -0.0062213472556322804 0.055752867832779891 14 0.056927841156721122 -0.99878430366516102 15 0.88522326946258556 0.52766072750091564 0.022575936280190948
decision_type=10 9 10 10 9 2 9 2 2 9 2 9 2 9 9 2 10 2 2 2 2 2 9 9 2 2 9 9 2 2 9 2 10 2 10 2 2 2 2 9 2 10 2 2 2 2 9 2 2 2 8 2 2 10 2 9 2 2 9 2 2 2
left_child=1 -1 3 5 -5 6 54 8 9 52 11 16 14 -14 15 31 49 -18 19 35 21 23 32 34 -22 26 -26 -27 -19 30 -13 -12 33 -23 -16 41 37 38 39 -37 -40 -17 -42 47 -29 51 -45 -28 -49 50 60 -39 53 -8 57 56 -56 -3 -47 -59 61 -10
right_child=-2 2 -4 4 -6 -7 7 -9 10 -11 12 29 13 -15 20 18 17 28 -20 -21 24 22 -24 -25 25 27 43 44 -30 -31 -32 -33 -34 -35 -36 36 -38 45 40 -41 42 -43 -44 46 -46 58 -48 48 -50 -51 -52 -53 -54 -55 55 -57 -58 59 -60 -61 -62 -63
leaf_value=-0.048908634541124041 0.039471038782590832 -0.080343852470079635 0.056480864465719482 0.04430718777977187 0.0041686915269243154 -0.059318039695963366 -0.05215895478743985 -0.042617649200646729 0.033810877854857133 -0.063991613497249078 0.017018227609394126 -0.078001345538982317 0.042865218178646289 -0.065682525525915386 -0.055316520423053787 0.025485874787803366 -0.048322018822161028 -0.021528918003393009 -0.071656284277989243 0.033659385159578448 -0.047214585522798842 -0.053487762132956196 -0.063379934627843734 -0.011426169328181425 -0.059105475032936054 0.03825945100295533 0.033458833238010147 -0.019836496101373918 0.042930041152431382 0.0067796362733221725 -0.0063298733347394226 -0.078729750657181158 0.033749320199801099 0.0024366143950245289 0.040606142798793377 0.03302986959053552 0.062737883984400153 -0.071127026292226114 0.019172200433981951 -0.031583224897679098 -0.063565468066515432 -0.055333951268287732 0.046067188201708499 -0.074196503558193849 0.02991916418397585 0.017766304970521452 0.002642820149231926 -0.070697698950543938 0.040247480809638629 -0.052304863634166858 -0.042772743467610112 -0.0035647649520184816 -0.03953523314394658 0.033996309217208774 -0.079575043160213077 -0.055002642044082756 0.018527914608342546 0.012405253183790823 -0.061614801050986379 -0.04810529304014502 0.061803282046073674 -0.074772271531994991
leaf_weight=159.6219126060605 763.5973244602792 66.809715514216805 181.51435082964599 563.72513270750642 473.12159952917136 93.845095833996311 99.18572990084067 289.49046840064693 1886.5890949941822 472.15477964101592 61.401317317970097 158.59741170454072 824.23557149386033 125.79898570053047 52.545641873672139 431.58799979975447 249.39294904639246 164.62669103278313 133.36709903820883 346.03078443749109 158.50635017990135 267.53733175073285 346.35330865476863 618.45893301587785 187.5054730582051 1262.1772272338858 766.57270425796742 351.95624244512874 359.95411523897201 1228.8116828574566 420.87575496966019 272.70751062710769 188.22287417616462 331.69626831728965 688.86218313625432 388.41646773583489 70.186355901474599 487.86620772309834 142.89378468948416 175.44401213031961 327.21822004753631 90.964835831196979 41.92536635696888 89.73504115792457 329.69658237678232 170.95060542528518 249.08292509586317 143.58504249888938 176.84549963916652 58.254395232535899 79.756505206460133 109.47097299381858 130.39930507988902 584.54114396125078 85.701406844775192 309.64316368091386 815.32185349316569 11553.770499396283 84.926181915681809 105.69714768248377 426.38948256080039 81.082547756494023
leaf_count=149178 1148 2734 112 540 957 19122 1640 27340 11380 17787 2981 5813 4084 7611 1798 1407 5797 1878 6332 2126 4394 7388 19014 13856 11164 13301 7642 11926 318 17989 7209 14568 999 9125 6686 7127 1355 17374 431 12461 3185 775 28 5677 662 2841 6126 1174 249 3314 766 2070 1464 2342 3247 21952 7128 138792 5636 26883 1828 4083
internal_value=0.00687933 0.00609161 0.00638443 0.00609551 0.0264592 0.00539673 0.00559835 0.00262008 0.00339675 -0.0165675 0.00504192 0.0136731 0.00083577 0.0282517 -0.00189308 -0.0162961 0.0233639 -0.000184193 -0.0113589 -0.00855487 0.00586032 -0.00475222 -0.0262258 0.0131517 0.0129984 0.0156815 0.00261952 0.0265226 0.0227012 -0.00415079 -0.0274011 -0.0611335 -0.00896521 -0.0225317 0.0333579 -0.0143472 -0.0210811 -0.0241307 -0.00820346 0.0129513 -0.0314993 0.0114169 -0.051114 0.0110737 0.0041678 -0.0442149 -0.0198197 0.020805 -0.00946709 0.0306541 0.0326076 -0.0587452 0.0115801 0.0214981 0.00954514 -0.00767734 0.00909584 0.0113314 -0.0102942 0.0118567 0.0351189 0.0293365
internal_weight=32357.2 31593.6 31434 31252.5 1036.85 30215.6 30121.8 17184.8 16895.3 1286.28 15609.1 5114.33 10494.7 950.035 9544.7 3335.36 3306.05 773.974 3001.25 2867.88 6209.34 2493.68 1133.81 1359.87 3715.66 3557.16 1613.33 1943.83 524.581 1808.28 579.473 334.109 787.456 599.234 741.408 2521.85 1999.3 1929.11 1075.9 563.86 512.037 522.553 369.144 1425.82 681.653 853.214 338.818 1087 320.431 2532.07 2473.82 597.337 814.126 683.727 12936.9 1210.67 901.023 11726.3 255.877 11659.5 2394.06 1967.67
internal_count=696314 695166 545988 545876 1497 544379 525257 324521 297181 23233 273948 60375 213573 11695 201878 80697 29364 7993 63148 56816 121181 58866 36526 22340 62315 57921 32032 25889 2196 31011 13022 17549 17512 16513 8484 54690 52508 51153 23232 19588 3644 2182 3213 20868 12588 27921 11803 9065 1423 21371 18057 19444 5446 3982 200736 32327 10375 168409 8477 165675 17291 15463
cat_boundaries=0 4 8 12 16 20 24 28 32 36 40 44 48 52 56 59 62
cat_threshold=2107460 3089138593 753708 64 1363153040 34340892 1619007568 39 2358199313 117460992 1974494017 16 1627390848 8202 4096 2 1912639490 1074465796 171973760 13 1933578752 8206 138412032 520 1627426816 527370 171973760 521 33554850 84 262162 1286 1049248 1082195968 2147745794 1280 269484064 1073750032 2147483650 384 272630176 14032912 16 384 17826560 1318930 16 256 1627389952 1026 1024 8 4194562 4 262160 38 2147549185 83890176 1879048256 1073741824 10 4199424
is_linear=0
shrinkage=0.05


Tree=63
num_leaves=63
num_cat=0
split_feature=1 22 32 35 40 44 43 48 48 43 26 35 40 48 48 43 48 44 24 17 44 42 44 48 48 48 43 43 48 41 42 44 48 28 44 35 28 44 44 41 44 47 48 24 35 48 48 45 11 28 38 17 43 26 43 48 43 48 48 26 35 48
split_gain=359.44 193.378 155.197 149.311 154.828 156.344 144.853 135.42 335.544 286.583 234.275 231.278 211.323 204.812 387.043 514.371 431.534 376.155 237.692 192.337 191.136 186.226 181.586 526.982 753.527 276.762 510.209 510.795 280.796 353.634 349.379 624.626 546.982 407.481 353.751 582.928 370.536 330.401 673.029 311.67 304.849 585.952 322.329 301.067 269.68 263.221 420.541 511.49 458.49 401.04 341.331 281.913 278.497 260.954 260.248 240.994 260.844 779.699 530.342 298.648 238.596 230.451
threshold=9.1500000953674334 5.8541667461395273 0.15517241507768634 21.349999427795414 2.8464999198913579 -0.9852197766304015 0.9937499761581422 -0.99236765503883351 -0.97237932682037342 0.72695311903953563 -0.0038767588557675477 1.7500000000000002 1.0000000180025095e-35 -0.93109762668609608 -0.8317061960697173 -0.67803022265434254 -0.86523443460464466 -0.42958799004554743 -0.013224473688751457 0.22500000149011615 -0.72694849967956532 0.47114434838294988 -0.89404255151748646 0.85232898592948925 0.42958889901638037 0.70222932100296032 -0.76141706109046925 -0.99275806546211232 0.24460743367671969 0.88144907355308544 0.68322628736495983 -0.35042476654052729 -0.69740253686904896 1.0000000180025095e-35 -0.65233206748962391 0.45000000298023229 0.055752867832779891 -0.38243420422077173 -0.21862536668777463 0.47114434838294988 -0.074115883558988557 1.0000000180025095e-35 -0.79628807306289662 0.0058811765629798183 7.5499999523162851 0.3601794987916947 0.55995538830757152 1.0000000180025095e-35 17.708333015441898 0.04256099462509156 18.500000000000004 0.14583333581686023 -0.85227432847022999 -0.061025116592645638 -0.99866804480552662 0.87045016884803783 -0.18492533266544339 0.94866424798965465 0.93667927384376537 -0.055853188037872308 1.0000000180025095e-35 0.98014879226684581
decision_type=10 10 2 2 2 2 2 2 2 2 10 2 2 2 2 2 2 2 10 10 2 2 2 2 2 2 2 2 2 2 2 2 2 2 2 2 2 2 2 2 2 2 2 10 2 2 2 2 2 2 2 8 2 10 2 2 2 2 2 10 2 2
left_child=1 2 3 6 5 -5 7 9 10 11 12 -1 -9 17 15 16 18 19 -15 -10 -13 -21 23 24 -16 28 27 44 30 45 34 32 -32 -34 35 36 -24 -36 39 -39 41 -40 -42 -44 54 49 47 52 -49 60 51 -48 -47 -50 -27 -25 58 -58 -57 -59 -30 -29
right_child=-2 -3 -4 4 -6 -7 -8 8 13 -11 -12 20 -14 14 22 -17 -18 -19 -20 21 -22 -23 25 55 -26 26 -28 61 29 -31 31 -33 33 -35 37 -37 -38 38 40 -41 42 -43 43 -45 -46 46 50 48 53 -51 -52 -53 -54 -55 -56 56 57 59 -60 -61 -62 -63
leaf_value=-0.017705977062295694 0.047130830107135285 0.026911532693948331 -0.056098846421123574 0.041479693777306176 0.011611169087020203 -0.083009010910352177 -0.057336255897662051 0.0076745410190931802 -0.057838217545303376 -0.080570290349618767 -0.073227066481769743 -0.038295416982702592 -0.079476039872736257 -0.073509349735727245 0.009195448078820178 -0.071522949678596875 -0.088310151963916048 0.032090693553234476 0.017402036909713387 0.025117475552170632 0.037326248155903879 -0.082196066500150614 -0.05572304840437925 0.053570906667536923 -0.062196188267983447 -0.044257104496283901 0.0065989470826306618 -0.072426672637932135 -0.074610206783992966 -0.05386938432074382 0.057109350493756206 -0.070067010629366031 0.053999323471929123 -0.067076985694320829 0.025374851955750545 -0.058163333805627798 0.056380790115495141 -0.099592778261576809 -0.053027054252969524 -0.00719307994739018 0.040464923696432564 0.0447739118782211 0.00039916448042646275 -0.044781930811699053 -0.068663038312903699 0.060646084177992436 0.037716623855706732 0.045252205831707117 0.076899761661096314 -0.041054961327248674 -0.064630610338667682 -0.013197360772872722 -0.012357511834788212 -0.078347534422443688 0.030715024610494013 0.050161100357253234 -0.095845507108730632 -0.091862063200639568 -0.085965034396826692 0.030849191105847641 0.044315264452200499 -0.020920290148917529
leaf_weight=278.25516487349523 537.7101427607704 1058.582259953866 102.99926713778405 30.709970938973129 129.69004762358963 141.10845642647473 90.766901929775486 354.07571028007078 186.97609430243028 68.506329096155241 213.84633936049067 89.460126108664554 86.563074005011003 78.767376654199325 3203.4160256606701 368.9935028180771 128.93607258654083 1656.017942272214 824.42509287712164 241.86606019199826 1266.5564467041986 48.540161089797039 103.02974818387884 779.52310687076533 417.81817295990186 149.69035486641224 2569.6676000988227 592.00772789126495 43.301436325185932 172.98491992958589 293.57706850516843 449.98318833243684 94.512528191786259 262.48467092096689 2176.1850307399873 519.61175053904299 259.02252258526278 225.51429104458657 182.06317860345007 153.30215784261236 389.40348697730224 964.35341292491648 1820.2047923705541 462.37644076521974 116.94115261951811 239.59019811698818 1533.9214690664958 108.59501570137218 28.845468849845929 162.57504081111983 103.41536299776635 330.45479049469577 287.28269107954111 439.27320558571955 510.53418783200323 882.83037406665972 167.24206189031247 53.074117983982433 77.860898790910142 753.72919162223116 1621.093344492896 342.98713164986111
leaf_count=16413 615 2030 5692 48 479 1285 24343 4907 8430 5809 13445 1255 5469 1831 46039 33382 3556 18899 6985 1192 3074 1003 9939 1362 19072 3437 102813 23362 5998 14791 2933 39473 341 13944 19263 12476 3780 6516 4183 4616 4778 3336 65188 26538 869 578 19069 119 515 8012 5010 3643 19227 13344 2805 1868 3899 1355 2689 6057 4793 8142
internal_value=0.00659564 0.00590347 0.00517269 0.00538077 -0.0296296 -0.0607585 0.00573232 0.00592355 0.00509768 0.0196171 -0.0302859 0.0238168 -0.00944611 0.00593738 0.00468974 -0.0208557 -0.00274174 0.0208182 0.00947366 -0.0182854 0.0323373 0.00718047 0.00617833 0.0134429 0.000958278 0.00357936 -0.0074895 -0.0286339 0.0071092 0.0163904 0.00147609 -0.0247748 0.00655256 -0.0350229 0.00545821 -0.0242264 0.0244792 0.00956464 0.00136732 -0.0621998 0.00767369 0.0292421 -0.00158024 -0.00875305 0.00132105 0.0188716 0.00993232 -0.0147732 -0.0473087 0.0338998 0.0237878 0.0286923 0.0208401 -0.0687812 0.0137169 0.0300993 0.0206423 0.00240958 0.0391285 0.0227768 0.0412213 -0.0535324
internal_weight=32027.6 31489.9 30431.3 30328.3 301.508 171.818 30026.8 29936.1 28233.3 1702.78 654.485 1634.27 440.639 27578.8 25445.4 1401.12 1032.13 2133.4 903.192 477.382 1356.02 290.406 24044.3 6335.49 3621.23 17708.8 4281.83 1712.16 13427 5071.33 8355.62 1100.56 650.574 356.997 7255.07 881.664 362.052 6373.4 4197.22 378.816 3818.4 1146.42 2671.98 2282.58 777.166 4898.35 3071.38 1103.59 576.714 1826.97 1967.79 1864.38 526.873 468.119 660.225 2714.26 1934.74 974.045 960.691 806.803 1664.39 934.995
internal_count=696314 695699 693669 687977 1812 1333 686165 661822 635271 26551 23821 20742 10376 611450 581926 45754 12372 29524 8816 10625 4329 2195 536172 82341 65111 453831 141428 38615 312403 95099 217304 56691 17218 14285 160613 26195 13719 134418 115155 11132 104023 7519 96504 91726 7111 80308 61505 33783 13978 18803 27722 22712 19805 13859 6242 17230 15868 11311 4557 7412 10791 31504
is_linear=0
shrinkage=0.05


Tree=64
num_leaves=63
num_cat=20
split_feature=6 11 0 0 20 18 0 18 0 0 18 0 44 44 28 0 0 17 35 48 0 42 35 42 0 44 0 0 46 44 26 28 48 0 48 0 35 26 28 0 48 44 48 44 48 0 7 48 28 44 0 48 0 42 35 44 0 18 44 0 44 26
split_gain=292.796 228.809 202.538 195.033 185.679 181.199 678.681 225.734 403.607 216.395 296.095 327.819 234.555 296.092 345.076 275.276 274.313 257.674 260.514 243.75 220.461 193.353 181.592 176.086 243.691 174.656 168.95 168.316 164.94 161.803 166.48 159.641 380.867 312.624 243.982 234.09 175.882 154.65 151.259 666.526 320.007 238.424 222.89 153.285 164.771 186.158 140.144 154.511 165.633 139.7 386.955 294.065 211.439 205.656 245.658 190.444 465.918 221.631 193.183 409.236 278.511 246.664
threshold=6.6499998569488534 12.458333492279055 0 1 14.562500000000002 45.549999237060554 2 42.562500000000007 3 4 25.274999618530277 5 0.80290535092353832 0.47369650006294256 0.033333335071802146 6 7 0.45000000298023229 8.6500000953674334 -0.13739727437496183 8 0.63405361771583568 8.5500001907348651 -0.22695468366146085 9 -0.16799793392419812 10 11 -0.68132409453392018 -0.52034142613410939 -0.0025198425864800806 0.048057714477181442 0.086405619978904738 12 -0.99878430366516102 13 0.35000000894069677 -0.024305543862283226 0.055752867832779891 14 -0.99809643626213063 0.88522326946258556 -0.99720054864883412 0.81800284981727611 0.66655930876731884 15 12.949999809265138 -0.81125614047050465 0.04256099462509156 -0.90892156958580006 16 -0.77313542366027821 17 -0.41248606145381922 1.3499999642372134 -0.77243989706039418 18 0.77500000596046459 -0.71502926945686329 19 -0.67801648378372181 -0.068330015987157808
decision_type=10 2 9 9 10 8 9 10 9 9 10 9 2 2 2 9 9 10 2 2 9 2 2 2 9 2 9 9 2 2 10 2 2 9 2 9 2 10 2 9 2 2 2 2 2 9 10 2 2 2 9 2 9 2 2 2 9 10 2 9 2 10
left_child=1 2 -1 -3 5 7 23 9 -9 10 12 -12 13 14 15 28 21 18 19 25 22 -15 46 24 -7 29 -6 -21 -5 30 -17 36 33 -33 -35 -34 -22 -27 40 43 -11 49 -41 44 -40 -46 47 48 -16 50 53 -52 -51 -42 -55 56 57 -54 59 -57 -60 -62
right_child=-2 3 -4 4 26 6 -8 8 -10 38 11 -13 -14 16 20 17 -18 -19 -20 27 31 -23 -24 -25 -26 37 -28 -29 -30 -31 -32 32 35 34 -36 -37 -38 -39 39 42 41 -43 -44 -45 45 -47 -48 -49 -50 52 51 -53 55 54 -56 58 -58 -59 60 -61 61 -63
leaf_value=0.029993704670406619 0.031469069743951444 -0.049307334192503362 -0.09066540980395775 -0.076670705502380754 0.045224176669931532 0.029499397599317047 -0.064627985202548019 0.07827587992737467 -0.037314473670046991 -0.070761129916481355 0.025939310761596092 -0.065548874356895687 -0.055518008313194901 0.036458363425042731 0.036501122654716597 -0.057156043825338634 -0.05377693804080156 -0.038859892740191415 -0.057488315013471618 0.013126319561491391 -0.031449167033496352 -0.064520556507225699 0.013347567908120203 0.035029067361799893 -0.087947645466763633 0.026003676112420323 0.0037395107633767135 -0.036607974491601601 -0.024984250590233056 0.046423583009167185 0.024889007109091255 0.027008872301569228 0.033252961949065712 0.053556318840689024 -0.081337248259359729 -0.038942302231530432 0.028452666197094908 -0.068950645916318318 0.014908852939576828 0.035364872584450514 -0.051462478749492613 -0.051891239526851977 -0.067845436103715115 0.052660898121633007 0.043923252638509803 -0.071542187695159867 0.047509123474918029 -0.051033204665538082 -0.061222586881445856 -0.029525065197872374 -0.037316936603474411 0.032217716317576799 -0.069008493213889938 -0.058726174129164289 0.022893596482291154 0.047854406058312995 -0.052963761316023088 0.041600946936921672 -0.076086977246870025 -0.057796015415586412 -0.052299502015442971 0.01148414344870017
leaf_weight=48.639017537701875 1119.1721585866762 150.3208569783892 102.70403187797638 186.45685395764303 555.84367308858782 90.582132384064607 405.41315008411766 249.81129645067267 102.47094212187221 121.06617437928799 135.36717678804416 326.37971992470557 177.21714697047719 1101.3240022172104 126.518188411952 84.823195607517846 93.790216854424216 418.05872526048915 156.58209654077655 307.99577284604311 131.61787440767512 49.537891144049354 470.49384995509172 439.62685552338371 71.546741972793825 83.811394817836117 450.30468540941365 363.15874291758519 896.45430325641064 648.73314188810764 228.0915480547701 136.9309752570698 679.46518818094046 38.276520497602178 269.79884163025417 126.67850894952426 1776.895192091295 87.803276868129615 854.66987014413462 59.579732921702089 228.59355277160648 150.12382306312793 428.71462855886784 216.48447416775161 43.414632609812543 111.98655409071944 57.489046522474382 422.69331301437342 65.968325241119601 339.45774594121031 160.96181478741346 2745.6662045482663 52.808577562740538 117.88295602588914 422.96800521627301 716.6641350860009 375.03841977060074 318.0267898569582 93.588856229209341 97.712201321555767 153.82695630320814 10353.019183155266
leaf_count=89 2048 149142 1113 6284 551 250 6919 209 1348 5357 1135 5040 42786 9453 739 3093 15597 5157 900 5488 6169 3685 1304 1344 752 1091 937 10917 18140 2380 3389 2380 7942 346 12333 6394 5683 4250 11804 674 5800 42615 33881 3048 568 4149 49 20696 4052 27410 4196 15482 2196 6902 1813 1904 11170 1584 3391 3269 4245 133282
internal_value=0.00635177 0.00542945 -0.0558966 0.00573549 0.00602403 0.0052976 -0.0155409 0.00604284 0.045816 0.00553902 -0.000515993 -0.0395857 0.0014472 0.00256771 -0.00106134 -0.0128124 0.0252076 -0.00320762 0.00437661 0.00974507 0.00839335 0.0318352 -0.0103896 0.0182998 -0.0259345 0.0238874 0.0271442 -0.0141346 -0.0335737 0.0321795 0.00264869 0.0151739 0.00134107 -0.0357889 -0.0625473 0.0218375 0.0243216 -0.0225778 0.00875112 -0.00537536 0.0102293 0.0108299 -0.0541433 0.0143636 0.00629768 -0.0410617 -0.0271468 -0.0341235 0.00300958 0.011412 0.0199803 0.0282698 0.00889218 -0.0115512 0.00510389 0.00998064 -0.0144892 0.0251709 0.0115883 0.035056 0.00978541 0.0105503
internal_weight=31597.1 30477.9 151.343 30326.6 30176.3 29170.1 1007.17 28162.9 352.282 27810.7 9648.41 461.747 9186.66 9009.45 7764.79 3461.97 1244.65 2379.06 1961 1804.42 4302.83 1150.86 1143.16 601.756 162.129 1133.26 1006.15 671.155 1082.91 961.648 312.915 3159.66 1251.15 445.006 308.075 806.144 1908.51 171.615 18162.3 1714.85 16447.4 16326.3 488.294 1226.56 1010.07 155.401 672.669 615.18 192.487 16176.2 3676.07 2906.63 12500.1 769.445 540.851 12160.7 745.874 370.835 11414.8 814.376 10600.4 10506.8
internal_count=696314 694266 1202 693064 543922 542434 9265 533169 1557 531612 206872 6175 200697 157911 129176 61089 28735 36665 31508 30608 68087 13138 26840 2346 1002 14203 1488 16405 24424 8862 6482 41247 29395 15059 12679 14336 11852 5341 324740 54124 270616 265259 34555 19569 16521 4717 25536 25487 4791 222644 34193 19678 188451 14515 8715 161041 14950 3780 146091 5173 140918 137527
cat_boundaries=0 2 6 10 14 18 21 25 29 33 36 40 43 46 50 54 57 61 65 69 73
cat_threshold=160 75497472 2107460 3089138593 753708 64 289407264 8393820 14680338 42 34078720 5184 402659328 32 323487394 8467546 4201618 1195 0 8388610 1168 34079392 65616 4194306 129 323486208 8462352 4194304 11 33555456 8393802 1152 35 0 1024 274 1363152944 34340894 1887440912 39 16777218 10 5120 32 0 6144 268436098 8208 4200448 128 2148597761 84674564 4160749632 256 0 67108864 1073741824 2684764160 1145833476 2466521665 768 135266304 409600 1073741824 16 131328 50331648 2273329152 260 1610846208 4 402931777 4
is_linear=0
shrinkage=0.05


Tree=65
num_leaves=63
num_cat=0
split_feature=5 48 44 48 43 44 26 41 44 48 48 48 48 46 44 39 26 28 26 48 38 28 38 43 44 30 28 43 44 42 48 41 48 44 46 28 43 35 43 18 32 41 35 43 44 21 28 48 44 28 18 43 48 48 43 26 44 28 38 42 29 35
split_gain=313.818 155.005 431.53 371.918 284.195 279.705 274.109 227.406 212.154 387.806 286.406 796.929 297.431 335.984 284.263 270.293 249.093 306.357 270.544 290.306 283.601 349.165 251.758 242.889 218 227.049 213.978 324.243 268.065 351.526 292.453 265.033 255.053 394.128 273.868 365.038 308.361 245.266 244.895 241.895 213.573 212.16 207.203 206.979 203.727 200.929 200.551 194.512 189.181 189.066 309.017 312.375 242.362 188.919 414.268 269.124 192.441 411.715 184.033 181.953 179.114 174.058
threshold=1.7500000000000002 -0.93109762668609608 -0.77243989706039418 -0.89495861530303944 -0.99940761923789967 0.2332836911082268 -0.074901573359966264 0.41248606145381933 -0.89404255151748646 -0.77313542366027821 0.85232898592948925 0.42958889901638037 -0.45622229576110834 0.2825950980186463 -0.87810534238815297 0.81850001215934765 0.041556080803275115 0.04256099462509156 -0.010715708602219818 -0.82466700673103321 21.500000000000004 0.013725490774959328 11.500000000000002 0.91248813271522533 -0.73865258693695057 0.16226495802402499 0.050299357622861869 0.056951373815536506 -0.099822327494621263 0.41248606145381933 0.54937449097633373 0.81241145730018627 -0.64238232374191273 -0.15950992703437802 -0.64382687211036671 0.036731028929352767 -0.91597726941108693 0.94999998807907116 0.57077592611312877 19.050000190734867 0.086206898093223586 -0.16280825436115262 0.25000000745058065 -0.92274349927902211 -0.99761277437210072 7.0625000000000009 0.055752867832779891 -0.94384852051734913 0.53312596678733837 0.050299357622861869 8.7750000953674334 -0.38242425024509424 -0.35372008383274073 0.93667927384376537 -0.15101210027933118 -0.055853188037872308 -0.9852197766304015 0.053132651373744018 21.500000000000004 0.16280825436115268 6.3192975521087655 5.8500001430511483
decision_type=10 2 2 2 2 2 10 2 2 2 2 2 2 2 2 2 8 2 10 2 2 2 2 2 2 2 2 2 2 2 2 2 2 2 2 2 2 2 2 8 2 2 2 2 2 10 2 2 2 2 10 2 2 2 2 10 2 2 2 2 2 2
left_child=1 2 44 43 -4 6 -6 -8 9 -5 11 12 13 41 -10 49 18 22 19 -16 23 -22 -18 -21 -23 -26 28 -28 32 31 -31 39 -20 34 35 60 42 -35 -29 -30 -32 -11 -36 -3 -1 -41 53 -9 -7 50 51 -14 -51 56 -55 -56 57 -12 -46 -40 -34 -43
right_child=-2 3 4 8 5 48 7 47 14 10 46 -13 15 -15 16 -17 17 -19 26 20 21 24 -24 -25 25 -27 27 38 29 30 40 -33 33 37 36 -37 -38 -39 59 45 -42 61 -44 -45 58 -47 -48 -49 -50 52 -52 -53 -54 54 55 -57 -58 -59 -60 -61 -62 -63
leaf_value=0.034227448370997171 0.038083213773071382 -0.010105834795709687 -0.09620263827189951 -0.073115236477550138 -0.087075223840031565 -0.074495594957258673 0.029943821921573084 -0.037274167915018308 -0.074026068651171811 0.046773251224818062 -0.09913903149731651 -0.060442272789423448 0.049718369278002592 -0.021566925802798141 -0.060479781913178321 -0.073550624641924953 0.0072775146112270279 -0.04918159847991091 0.038560156275111356 -0.0054969050783703326 -0.074929544429998496 -0.075911465057217187 -0.036925161087338863 -0.064177026234533627 0.040100969293179398 -0.031039145014112791 -0.073430718842759354 0.031203062350268925 0.014650993540690632 -0.056075177444689199 -0.025832247338829484 -0.054482061599740922 0.043837718116781846 -0.058333395683212268 0.01170720915847373 -0.081155453426348209 0.00484123840045489 0.050513034708668907 -0.0042965999530609382 -0.093202499231263697 0.057773590487523098 -0.059356585462514155 -0.062798267910670183 -0.077064013571639833 -0.070617391664436299 0.033174360326663287 -0.033032234591317503 0.044237672156647173 0.0018320166721567631 -0.10131054464295551 0.016730396392650577 -0.069062617853854383 0.027097755313370504 -0.085581939994839762 -0.10508180573000291 0.031888303610535622 0.045329030983172688 0.048593743658458512 0.0059997817292421832 -0.066793637575193368 -0.069415054756845382 0.031888359675241083
leaf_weight=93.694740305421874 744.82174564688466 253.60233595001046 53.186142768972786 130.14760113731609 54.402276772103505 112.53462261924869 3369.7697458826588 241.64734120503999 122.65828141363454 1171.7763401026605 75.369392391527072 411.01457332063001 68.010892873804551 280.65789289187524 220.82952881985693 120.70584333629813 1295.5883000291942 471.82839248143137 1297.8295876060438 4187.0455250985688 90.87340251536807 49.238713601429481 428.72036193142412 184.09973747792537 947.38988794878242 127.21897135741892 175.45079670715495 393.35350662874407 3295.817151182302 422.95951652899384 192.63160755462013 157.28510795714101 740.55013986886479 55.423836614645552 130.9229531014862 69.436456255294615 1725.8393859641801 781.77783304764307 506.31248054475873 96.043775013880804 126.57995997701073 91.902730830246583 324.87456119232229 211.80759311353904 267.07607159644249 46.766949154727627 132.58337912888965 104.98650649382034 291.37214958385448 38.59141003357945 398.03309620582149 297.34527140978025 768.76739315199666 100.09182035253616 38.122403646528255 604.98474066262133 1514.0732926416094 126.00877227430465 110.92898158667958 151.25163578952197 36.639039637055248 121.18381455808412
leaf_count=1227 1186 2487 1090 7301 1229 8068 18484 9625 6994 3782 1418 19268 658 4960 9315 4685 15824 27268 8055 117398 7585 2210 11678 21515 14054 2755 11672 14835 75355 32086 10200 18336 6715 2046 3166 2292 26311 1368 23545 2167 4292 3728 4219 17120 13484 77 3689 1009 26555 1243 3330 9996 10098 3435 946 3869 3615 397 2482 20001 1369 429
internal_value=0.00601721 0.00523434 0.0135863 0.00371347 0.018647 0.0201102 0.0243459 0.025977 0.00452688 0.0123245 0.0140731 0.00527361 0.0133196 0.028318 0.00184291 -0.00144883 0.00233974 -0.0134815 0.00444114 -0.00425214 -0.00202926 0.0193424 -0.00371274 -0.00796834 0.0269651 0.031679 0.00914663 -0.0105088 0.0116836 0.00252117 -0.0288083 0.00898735 0.0193817 0.0129425 0.00454781 0.0286851 -0.00481914 0.0433073 -4.02994e-06 0.0118905 0.00732076 0.0384277 -0.0413974 -0.0405784 -0.0317739 -0.0518172 0.0268687 -0.0125863 -0.019434 0.00409191 -0.0137476 -0.0469516 0.0209599 0.0300989 0.00904188 0.0237689 0.0392215 -0.0066979 -0.0481334 -0.018672 0.0384986 -0.00746494
internal_weight=31252.4 30507.6 4699.6 25808 4227.9 4174.71 3770.81 3716.4 25342.6 6489.37 6359.22 3767.99 3356.97 1665.52 18853.2 1691.45 18730.6 2196.14 16534.4 5806.7 5585.87 1214.72 1724.31 4371.15 1123.85 1074.61 10727.7 1226.37 9501.38 4338.08 742.171 3595.91 5163.29 3865.46 3028.26 846.626 2181.64 837.202 1050.92 3438.63 319.212 1384.86 455.798 465.41 471.7 142.811 2591.23 346.634 403.907 1570.75 763.389 365.356 807.359 2458.65 743.199 643.107 1715.45 201.378 378.005 657.564 777.189 213.087
internal_count=695596 694410 83253 611157 66060 64970 30347 29118 591550 86847 79546 62177 42909 12899 504703 30010 497709 54770 442939 174832 165517 26604 27502 138913 19019 16809 268107 70053 198054 142513 46578 95935 55541 47486 44072 10376 33696 3414 58381 77599 14492 7939 7385 19607 17193 2244 17369 10634 34623 25325 13984 10654 11341 13680 8250 4815 5430 1815 15966 43546 8084 4157
is_linear=0
shrinkage=0.05


Tree=66
num_leaves=63
num_cat=16
split_feature=4 0 1 20 0 43 44 35 0 43 43 43 0 28 0 43 0 48 28 44 0 31 35 0 42 11 48 0 28 41 42 46 43 43 41 48 0 0 48 11 43 0 32 30 41 0 0 11 48 0 34 43 48 44 42 24 46 10 48 48 0 48
split_gain=311.485 177.901 173.006 157.694 439.808 160.302 147.432 159.336 147.216 230.144 156.082 319.506 307.537 276.647 627.832 344.805 328.677 222.727 204.362 187.295 184.944 173.432 309.345 247.611 356.52 235.562 215.266 174.571 162.905 151.663 144.801 143.26 134.621 208.361 300.449 218.357 535.654 391.834 374.217 533.922 338.314 423.007 229.73 462.094 264.106 322.841 309.976 267.181 268.735 327.196 315.548 235.179 227.526 257.118 269.555 231.249 226.404 226.083 277.859 206.067 280.166 203.065
threshold=1.6500000357627871 0 12.250000000000002 -1.0000000180025095e-35 1 -0.99763298034667958 -0.94137725234031666 1.7500000000000002 2 0.96234640479087841 -0.92274349927902211 -0.86976337432861317 3 0.036731028929352767 4 -0.95754238963127125 5 -0.81125614047050465 0.048057714477181442 -0.19337245076894757 6 0.05172413773834706 0.25000000745058065 7 -0.68322628736495961 163.70833587646487 -0.97237932682037342 8 0.0098039219155907648 0.35206145048141485 -0.77259656786918629 -0.4590336382389068 -0.99985146522521962 -0.99866804480552662 0.16280825436115268 0.8462619185447694 9 10 0.70222932100296032 68.625000000000014 -0.5276680290699004 11 1.0000000180025095e-35 0.042828572914004333 -0.68322628736495961 12 13 167.95833587646487 -0.63256293535232533 14 1.0000000180025095e-35 -0.95244166254997242 -0.98278382420539845 -0.61236745119094838 0.16280825436115268 0.022235533222556118 0.51932364702224743 24.541666984558109 0.45196968317031866 -0.81814974546432484 15 -0.93960991501808155
decision_type=10 9 10 10 9 2 2 2 9 2 2 2 9 2 9 2 9 2 2 2 9 2 2 9 2 2 2 9 2 2 2 2 2 2 2 2 9 9 2 2 2 9 2 2 2 9 9 2 2 9 2 2 2 2 2 10 2 2 2 2 9 2
left_child=1 -1 3 4 5 -3 7 -6 9 10 13 12 -12 14 15 19 17 -15 -18 31 -20 22 28 25 29 -24 -23 -28 -13 -25 -16 -5 -10 34 -34 37 -37 -35 42 -40 41 -38 43 -39 46 47 56 51 50 -50 -49 -46 -47 55 -55 -54 -44 -48 -59 60 61 -52
right_child=-2 2 -4 8 6 -7 -8 -9 32 -11 11 21 -14 16 30 -17 18 -19 20 -21 -22 26 23 24 -26 -27 27 -29 -30 -31 -32 -33 33 35 -36 36 40 38 39 -41 -42 -43 44 -45 45 52 57 48 49 -51 59 -53 53 54 -56 -57 -58 58 -60 -61 -62 -63
leaf_value=-0.049017400112185576 0.043790589390454458 -0.093686273414032684 0.052121880317876228 0.077723719411204414 -0.068996573547928083 0.019476195993492915 -0.038568915525210828 0.024878634947828673 -0.05165966561278576 -0.05447804326161361 0.024348687507513109 0.026604535342902604 -0.072546833322232926 0.020939707132283478 -0.018938989800423137 -0.095840137771360912 0.039564331032394831 -0.092723646124633727 0.030499320208423705 0.013848379838603772 -0.086918506878489565 -0.045334613014688441 -0.094677620252339528 -0.080508182000736284 0.0077544857538552909 0.032879866443776495 -0.020486881487416092 0.020227800478618205 -0.060203538039074279 -0.0089361415492429271 -0.079805791072745658 0.011170694074518234 0.031790643704564532 -0.043063438502921443 -0.078566963134822421 -0.034854450825483378 0.018895882725362828 0.030531353604130874 0.033769152679774414 -0.072736878992696874 0.029476984919170824 -0.067601949122692406 0.0043709669341807497 -0.050420010319626854 -0.11065758679856171 0.019120138217999516 -0.064270845985884714 -0.053305061303020956 0.012182504618769527 -0.0334964289232874 0.03805377281998875 -0.011634483038482262 -0.071323853820640437 -0.0019543203303580745 -0.054445493605754763 0.019443050100360928 -0.049966266006253972 0.029551165276161841 -0.051912978124204923 0.047913138644324886 -0.056055128429549975 -0.041947080242578004
leaf_weight=141.1826940435858 529.8557778056711 32.29786996851908 196.76320128701627 249.06296869530343 58.092961628339253 1007.7626077709137 903.07298897232977 203.69237186887767 111.39568397169933 134.39979487861274 122.98131836205721 66.244749177218182 226.20605607377365 84.524894002417568 179.86211193515919 60.756244096788578 2031.2451382160652 87.940452518698294 64.486440365668386 905.69531882723095 54.278577880933881 141.17379156200332 37.911831771489233 199.91870933066821 884.99943124921992 798.64050117851002 277.01065890569589 3806.9156429235591 293.46215024683625 117.53215806529624 213.93814498872962 119.72957493027207 993.77856793592218 523.42991396374418 65.75540296768304 492.42848307173699 383.83060294180177 265.68517913832329 170.97848528024042 377.41835653482121 2389.7674861467676 211.47784338676138 947.9838965163799 523.91991967501235 80.129970585228875 379.20324939506827 70.711513585294597 118.27584490354639 1236.6707637463696 561.94954436787521 517.38414319203002 238.21267440792872 392.30360837321496 1172.2794811010244 309.05542191452696 85.458289614296518 240.29628525959561 2612.7137450762384 109.04068384566926 860.76515251025558 117.87411658943165 93.683233403949998
leaf_count=149168 830 364 157 275 1890 6852 13668 806 1789 16346 478 2344 6686 441 1741 1387 5920 2097 160 3374 962 6529 342 3950 7776 4907 18713 57847 37816 1668 6228 473 2061 49079 1552 19512 2387 5732 364 19561 27672 9081 12227 19362 816 5905 394 14642 19228 16662 1448 1989 17849 24958 21914 503 6252 21764 3245 2270 2243 940
internal_value=0.0057846 0.0051212 0.00538862 0.00508408 -0.00778698 0.0158101 -0.0287449 0.00404672 0.00610446 0.0105463 0.0113486 0.00681368 -0.0398012 0.0191535 0.00401099 0.0203793 0.0304268 -0.0349887 0.035671 0.0260795 -0.027914 0.00927108 -0.00146659 0.00607509 -0.00848089 0.026779 0.0153672 0.0174655 -0.0442167 -0.0540095 -0.0507179 0.0561171 0.00312001 0.00349078 0.0249418 0.00202284 0.0130555 -0.00117291 0.000773585 -0.0395306 0.0210053 -0.0126498 0.00279583 -0.0231816 0.00481791 -0.00166593 0.0148566 0.0072801 0.0112808 -0.00220763 0.025485 -0.0365596 -0.0162613 -0.0231927 -0.0129057 -0.0550882 -0.00656199 0.0239087 0.0262875 0.0313471 0.0117851 0.0253735
internal_weight=30885.5 30355.6 30214.5 30017.7 2204.92 1040.06 1164.86 261.785 27812.8 11158.9 11024.5 6973 349.187 4051.52 1729.04 1335.24 2322.48 172.465 2150.01 1274.49 118.765 6623.81 2398.71 2039 1202.45 836.552 4225.1 4083.93 359.707 317.451 393.8 368.793 16653.9 16542.5 1059.53 15482.9 3477.5 12005.4 11482 548.397 2985.08 595.308 10933.6 789.605 10144 6163.25 3980.75 3824.95 3506.6 1798.62 1707.98 318.343 2338.3 1959.1 1481.33 477.762 1188.28 2792.47 2721.75 1589.71 728.941 611.067
internal_count=695596 694766 545598 545441 23580 7216 16364 2696 521861 188460 172114 149056 7164 23058 13478 5509 9580 2538 7042 4122 1122 141892 58803 18643 13394 5249 83089 76560 40160 5618 7969 748 333401 331612 3613 327999 58652 269347 220268 19925 39140 11468 200343 25094 175249 131367 43882 60238 57433 35890 21543 2805 71129 65224 46872 18352 18479 25403 25009 6901 4631 2388
cat_boundaries=0 4 8 12 16 20 24 25 28 32 36 40 44 48 52 56 60
cat_threshold=2107460 3089138593 753708 64 307627154 92798988 1476411408 176 2365968416 33898576 3051618880 1539 0 0 8388608 2 98304 65536 2953052736 3 201363456 16384 2147484160 2 327712 201326592 33570880 608174080 2147745792 64 2170814976 1024 303169536 1095244806 167772289 8 1280 1140850688 1108344834 144 536871313 0 0 20 1116865168 20983812 8209 44 1624375425 1187848 24848 32 1082262032 4202496 17 4 1115816448 12292 16 8
is_linear=0
shrinkage=0.05


Tree=67
num_leaves=63
num_cat=20
split_feature=1 0 14 17 48 0 13 48 22 0 0 44 18 44 0 7 20 46 44 39 0 0 44 18 0 18 45 44 0 48 0 44 0 47 48 0 0 48 48 0 28 0 42 42 44 26 0 44 48 0 0 48 44 18 48 41 0 26 46 10 0 48
split_gain=285.292 179.9 172.717 236.053 348.854 337.092 285.826 223.921 211.662 190.236 185.327 159.516 158.753 171.37 136.287 179.517 147.495 129.574 170.885 128.761 121.618 118.008 115.659 115.297 384.225 171.641 153.573 133.539 418.501 234.754 292.885 236.728 503.915 259.619 211.178 467.007 249.888 293.638 231.65 214.99 200.462 185.954 176.315 161.009 182.108 159.264 147.332 212.394 146.801 608.615 258.583 216.462 195.931 463.948 206.076 152.635 444.711 152.081 139.764 136.582 130.298 126.909
threshold=10.34999990463257 0 17.250000000000004 3.2749999761581425 -0.99970510601997364 1 3.2916666269302373 -0.99878430366516102 0.64583334326744091 2 3 0.38043944537639623 41.562500000000007 -0.86112883687019337 4 17.349999427795414 -0.81666666269302357 0.94145056605339061 -0.82413947582244862 0.19749999791383746 5 6 -0.99052476882934559 45.549999237060554 7 42.562500000000007 1.0000000180025095e-35 -0.52034142613410939 8 -0.77313542366027821 9 -0.86112883687019337 10 0.80392029881477367 -0.93109762668609608 11 12 -0.8317061960697173 0.69322791695594799 13 0.053132651373744018 14 0.35206145048141485 -0.52778512239456166 -0.58481180667877186 -0.079409528523683534 15 0.2332836911082268 -0.55200296640396107 16 17 -0.22276170551776883 -0.20180761069059369 1.6458333134651186 -0.67959970235824574 -0.58216583728790272 18 -0.033887764438986771 0.82984480261802684 71.958332061767592 19 -0.17408934980630872
decision_type=10 9 10 8 2 9 10 2 10 9 9 2 10 2 9 10 8 2 2 2 9 9 2 10 9 10 2 2 9 2 9 2 9 2 2 9 9 2 2 9 2 9 2 2 2 10 9 2 2 9 9 2 2 10 2 2 9 10 2 2 9 2
left_child=1 -1 3 7 -5 11 -7 -3 14 -4 -10 12 22 -14 15 16 19 -18 20 -9 -19 -8 -6 25 -25 27 -26 28 40 30 -30 41 33 43 35 -29 38 39 58 -38 -16 42 -31 44 -33 -34 -37 -48 49 52 51 -50 -39 54 -54 56 -52 -53 -36 -44 -42 -58
right_child=-2 2 9 4 5 6 21 8 10 -11 -12 -13 13 -15 23 -17 17 18 -20 -21 -22 -23 -24 24 26 -27 -28 34 29 31 -32 32 45 -35 36 46 37 48 -40 -41 60 -43 59 -45 -46 -47 47 -49 50 -51 55 57 53 -55 -56 -57 61 -59 -60 -61 -62 -63
leaf_value=-0.050598255956900519 0.047536685032935698 -0.04924715475683851 0.03543384970620396 0.049352140190844961 -0.057710167076742015 -0.052867346424577799 -0.054481187262993218 0.12446389757121577 0.045371637385800592 -0.00073243116446659894 -0.00031153947795261911 -0.072949811593761807 0.010953207325555245 -0.085088530887147781 -0.045928893290769025 -0.10296032396792737 0.0011249603144340885 0.036503255165355568 -0.050126151596843152 0.011737235528166747 -0.042693941143762765 -0.0011524653071388522 0.011859242475769464 0.0282009740539741 0.0166811083246685 0.061620521754675674 -0.09440026935420423 -0.067951014977821744 0.012475362330903942 -0.029258125998792957 -0.055047522259525063 -0.05344275115634587 0.025910431222458521 -0.065941650414132524 0.0049635126198171202 0.05083431016924711 0.015115384318381234 0.056671038393191625 -0.049763622767589215 -0.07413602222469888 0.020011850118338295 0.02530637637016446 -0.10137300060257562 0.040989299192957733 0.036096915379875132 -0.049650681972651156 0.029212108631427321 -0.040393307249127319 -0.069350598096582325 -0.063984461666723641 0.022234533485221544 -0.064433565697976591 0.042474320064447443 -0.1121423324782443 -0.070806782579781194 0.023518030403329358 -0.007450975141557562 0.0032967247904676939 -0.042529908876856315 0.031604468167167311 -0.052249052972862781 -0.081638037502954286
leaf_weight=135.00369761523325 399.30162930279039 181.01737035013502 939.01657250337303 253.75507263711188 61.924685894104186 694.63489880342968 112.24890741740819 43.632831499213353 624.38553122268058 598.1394919443992 351.10847703955369 68.367311128647998 89.028528912167531 97.108795899199322 602.35528259412968 42.640510150638875 5603.5721250125207 132.07602629071334 290.44361018404015 60.397320177435176 64.284042540326482 701.13983387997723 1695.2739086052752 208.81748294644058 39.180032780073816 150.91238769755 151.16094900446478 113.68682831537444 324.35146599076688 345.20076278079068 306.03489144862397 112.88392489240505 80.145453732577153 81.685018408752512 1318.6875149112602 713.45327496825485 114.12765945499996 740.16840068355668 285.57045712677063 155.60119693397428 250.91498667775886 2542.1332502374426 20.693347339751199 603.22527585213538 114.26682182692457 536.94838162465021 905.57836320667411 124.68604323762702 128.48096912831534 151.72464594966732 634.37631839499227 88.951949488371611 486.64454249563278 61.313835088978522 43.756745301769115 2761.4618080415821 87.086950322962366 1214.1269144742982 175.5252497344627 288.81148794881301 72.038573368976358 170.5250796067121
leaf_count=145852 486 7828 1122 430 702 17640 960 119 1054 1431 1742 1359 403 1230 29688 473 152912 1151 15345 543 2325 2177 8260 576 198 650 2807 8607 2112 4965 10483 1846 447 1776 40273 4302 909 1615 20779 8885 2827 17022 245 4610 374 14315 3813 6876 4432 8856 11054 3674 4279 851 2748 52017 1995 18868 9329 2778 9417 8754
internal_value=0.00555042 0.0049943 0.00525948 0.00437993 -0.00726758 -0.0113496 -0.029119 0.00615929 0.00656833 0.0215865 0.0293909 0.00210511 0.0047564 -0.0391523 0.00562274 -0.00071889 -1.62494e-05 -0.00102461 -0.0257682 0.0590176 0.0102605 -0.00919589 0.00940758 0.00790393 -0.0186522 0.00853553 -0.0679645 0.00805745 0.00229348 0.00766577 -0.0209804 0.011503 -0.00467713 0.0189046 0.0115138 0.0268057 0.0082181 0.0125513 -0.00845397 -0.0385601 -0.0285794 0.0192425 -0.0046185 0.0274787 -0.00840036 -0.0392019 0.033183 0.0205884 0.0146692 0.0285075 0.0106317 -0.00738026 0.0392298 0.0180758 0.0331289 0.0176613 -0.000272211 -0.00132674 -0.000615542 0.0227137 0.00289501 -0.0544453
internal_weight=30545.8 30146.5 30011.5 28474.3 3773.48 3519.73 1508.02 24700.9 24519.8 1537.16 975.494 2011.7 1943.34 186.137 23544.3 6237.05 6194.41 6090.38 486.804 104.03 196.36 813.389 1757.2 17307.3 399.158 16908.1 190.341 16757.2 6281.69 5356.38 630.386 4725.99 1529.15 912.061 10475.5 1857.4 8618.13 6838.35 1779.78 269.729 925.309 3196.84 654.706 830.376 227.151 617.094 1743.72 1030.26 6568.62 1483.61 5085.01 1431.56 1331.88 591.715 530.401 3653.45 891.988 1303.08 1494.21 309.505 322.954 257.612
internal_count=695596 695110 549258 546705 33161 32731 20777 513544 505716 2553 2796 11954 10595 1633 502920 172868 172395 171733 18821 662 3476 3137 8962 330052 3581 326471 3005 325821 102905 60973 12595 48378 23368 8606 222916 23598 199318 128937 70381 9794 41932 25010 7988 6830 2220 14762 14991 10689 119143 18349 100794 26974 9493 7878 7027 73820 21803 22542 49602 3023 12244 10749
cat_boundaries=0 4 8 12 16 20 24 27 30 34 37 40 44 48 51 54 58 62 66 70 74
cat_threshold=2107460 3087041441 753708 64 1611863443 92602372 326124240 1168 1347293360 50855966 1015304272 302 327615008 33685504 346048834 15 281150739 3814478 33559570 312 4194560 1712136 4096 32 2294284320 1078070336 2147492098 160 8388624 14680064 2181840928 1153697808 2165580416 515 536871040 0 536887360 36864 65536 943736897 152338592 121899008 2147508865 1 3457171968 1073758208 1478494209 1664 16777216 0 4194368 536903680 65536 406865985 3288350720 1073741824 404750336 512 17338496 59047936 545521728 7 16814080 58720256 536870912 5 537722912 4458496 67117696 2 33554464 8388608 0 3
is_linear=0
shrinkage=0.05


Tree=68
num_leaves=63
num_cat=23
split_feature=4 1 0 35 43 32 20 0 27 0 0 44 0 18 0 43 47 44 35 0 18 28 0 43 44 44 0 0 0 0 28 0 41 41 18 47 28 0 35 30 44 44 0 28 0 44 0 0 0 0 30 0 18 7 18 0 43 0 41 43 26 41
split_gain=284.526 157.936 153.495 138.154 133.517 132.652 129.434 392.692 160.975 436.113 249.493 190.187 212.795 182.716 488.049 197.679 179.71 169.599 164.689 471.449 253.271 191.986 442.447 296.733 310.743 455.86 357.937 247.956 240.606 226.723 236.074 189.692 355.09 186.361 182.799 287.476 215.422 202.678 170.801 169.977 164.222 145.087 139.495 135.442 154.706 135.211 134.83 131.811 130.968 157.701 129.1 128.885 128.462 203.17 195.946 389.918 203.795 255.264 205.375 150.717 148.375 142.763
threshold=1.6500000357627871 12.250000000000002 0 29.750000000000004 0.9937499761581422 0.15517241507768634 -1.0000000180025095e-35 1 0.13655198365449908 2 3 -0.99761277437210072 4 26.291666984558109 5 0.67802080512046825 0.88759309053421032 -0.97874867916107167 0.94999998807907116 6 24.550000190734867 0.033333335071802146 7 -0.99940761923789967 -0.4755979031324386 -0.86112883687019337 8 9 10 11 0.054168537259101875 12 0.09796465560793878 -0.95642796158790577 0.94999998807907116 0.83167508244514476 0.0098039219155907648 13 4.7500000000000009 0.15849003195762637 -0.97507822513580311 -0.94137725234031666 14 0.013725490774959328 15 0.16587474942207339 16 17 18 19 0.093273811042308821 20 7.3875000476837167 17.349999427795414 1.2749999761581423 21 -0.94705909490585316 22 0.29012925922870642 -0.99467751383781422 -0.014215871691703795 -0.84874749183654774
decision_type=10 10 9 2 2 2 10 9 2 9 9 2 9 10 9 2 2 2 2 9 10 2 9 2 2 2 9 9 9 9 2 9 2 2 10 2 2 9 2 2 2 2 9 2 9 2 9 9 9 9 2 9 10 10 10 9 2 9 2 2 10 2
left_child=1 2 -1 4 5 6 7 46 10 -10 17 48 -13 18 -15 -16 43 -8 19 -12 31 22 -20 -23 25 29 50 34 -26 -25 38 33 45 -21 35 36 37 -24 -31 -36 -19 51 -42 44 -14 -33 -4 -30 -11 -50 -27 -9 54 59 56 -56 58 61 -44 -54 -59 -58
right_child=-2 -3 3 -5 -6 -7 8 41 9 11 13 12 16 14 15 -17 -18 40 21 20 -22 23 27 24 28 26 -28 -29 47 30 -32 32 -34 -35 39 -37 -38 -39 -40 -41 42 -43 52 -45 -46 -47 -48 -49 49 -51 -52 -53 53 -55 55 -57 57 60 -60 -61 -62 -63
leaf_value=-0.0485682940185743 0.04262720666677855 0.051087259023300635 0.036142225044270525 -0.07136947237683415 -0.059297277700319964 -0.052194107361824504 -0.044125907356330298 0.024317327565790595 0.023231736430992023 0.051702478973181809 -0.051681755104122151 -0.031446704114299388 0.0020533610839521886 0.0094763662644736946 -0.09004688683496144 0.0027602934111210734 -0.023951416114914883 0.047988679456157396 -0.060285198578132006 -0.058519045481033087 0.065854841021459901 -0.11092368146594173 0.017424152763809538 0.038136409910420825 0.041285491323407378 0.023909317545236845 -0.070484141945663978 0.022759110308923445 0.018324456433195451 -0.043547819532036097 -0.079936977982045479 0.016431440022283153 -0.042237949537044295 0.016915751933039742 0.020964715867412123 0.023430637289981775 -0.070181941294128608 -0.074906612403326897 0.023960040738515417 -0.02212947619839006 -0.050771597871453515 -0.042217776452607741 0.022494317020589516 0.014223997741450679 -0.06798701378321885 -0.024022122831251123 0.00064543681201468584 -0.030968797094873421 0.032406498750202302 -0.075594067545183816 -0.043223263226822101 -0.06076828479443111 -0.042491067978479659 -0.098885734311091017 0.013131977297499854 -0.067692267400148928 -0.0013178639490148084 -0.031451829788923684 -0.071484768797885442 0.015579647806278072 0.010513851199578953 -0.063748630189339489
leaf_weight=126.28961783421983 502.49704909464344 182.27074686251581 385.29851150634931 59.652886790689081 81.023935096571222 101.11457936707302 272.53438338890555 173.87545299361227 4145.4769613740209 260.35217687662225 381.95860744896345 587.53925729400362 268.88155229197582 726.12719436807674 230.54742349387379 76.387563748750836 545.02679053228348 149.55185044099926 239.09541391854873 85.570538965810556 168.39987223624485 43.546965819317847 203.54589290195145 820.02781987690832 1883.3623668845394 251.29819602094358 282.25067511579255 1667.5835441204254 819.40938703424763 117.9069783235318 83.377304647350684 862.63545802797307 549.11404402635526 1895.8812988177524 852.56395317957504 249.85131602617912 299.33236903703073 72.697260096552782 456.30224887770601 312.75997943303082 152.47691120402305 710.60657328309026 821.99762741822633 1714.4485465320176 102.66882500043721 271.58722376963124 839.87659550074022 153.38091693414026 76.434444566257298 46.0552199233789 100.1564591943752 48.792531429673545 121.34025970654329 43.265711314161308 252.73119009446236 355.48900449668872 127.22845015721396 288.2032393841364 62.557487044192385 1411.4536041602551 782.48598158420646 326.73361666977871
leaf_count=145811 830 157 3619 422 19025 4663 8509 612 25280 400 99777 14514 2479 5402 4660 649 9872 755 7342 6107 392 476 452 2627 4980 1468 5994 9084 3066 1855 1596 10679 28141 62665 2308 706 2642 992 1194 1345 26549 12369 3311 12650 2930 19028 4612 3382 193 1017 1200 1894 1092 381 2894 7047 6403 13776 1995 10873 26502 31951
internal_value=0.0053167 0.00468715 0.00440141 0.00464329 0.00479904 0.0049761 0.00517386 -0.00660941 0.00611336 0.0122029 0.00367218 -0.000555017 -0.00451936 0.00710207 -0.013139 -0.0648374 0.00160725 -0.00572587 0.00870082 0.000558078 0.005883 0.0125537 0.00423069 0.019027 0.0201662 0.00562114 -0.0298558 0.00858853 0.0309182 0.0208361 -0.00129796 0.0031433 -0.00917904 0.0135895 -0.00333611 -0.0213553 -0.0407965 -0.00895485 0.0100981 0.00939871 -0.00359983 -0.0308517 -0.00522545 0.00829288 -0.0190751 0.00674492 0.0120109 0.0103163 0.0327589 -0.0108416 0.00464589 0.00403578 -0.00359523 0.00796652 -0.00964607 -0.0350048 -0.0032441 -0.0143207 0.0158479 0.0109826 -0.000775041 -0.0452548
internal_weight=30282.9 29780.4 29598.1 29471.8 29412.2 29331.2 29230 2158.45 27071.6 7746.88 19324.7 3601.41 3218.56 14156.7 1033.06 306.935 2631.03 5168.05 13123.6 4215.15 3833.19 8908.45 3897.43 5011.02 4967.47 2111.32 633.705 3658.33 2856.15 1477.61 657.587 3664.79 1683.34 1981.45 1990.75 825.427 575.576 276.243 574.209 1165.32 4895.51 933.275 4745.96 2086 371.55 1134.22 1225.18 972.79 382.842 122.49 351.455 222.668 4593.49 1576.06 3017.43 608.22 2409.21 1524.65 884.555 1532.79 1070.69 453.962
internal_count=695596 694766 694609 548798 548376 529351 524688 23106 501582 69335 432247 44055 42445 290209 10711 5309 27931 142038 279498 226789 127012 52709 24871 27838 27362 15934 8662 17529 11428 7272 4645 126620 57848 68772 8445 4792 4086 1444 3049 3653 133529 14875 132774 18059 5409 29707 8231 6448 1610 1210 2668 2506 106225 12346 93879 9941 83938 78632 5306 11965 40278 38354
cat_boundaries=0 4 8 12 16 20 24 28 32 36 40 44 48 52 55 59 63 67 71 74 77 81 84 88
cat_threshold=2107460 3087041441 753708 64 844563602 92803084 1476419600 180 2450227251 480320 830492737 15 311132179 2774090 16797713 60 147080192 1174407172 2214602112 128 538198176 75499540 3035631234 384 2286945312 1078994960 2225342082 640 2148548640 1075118080 3293577218 384 278656 1167067140 583009920 128 603984512 92282884 813705280 1 2701410848 1125457920 1415839810 256 206570912 17834000 1149240640 128 83907200 8454144 1213210880 257 536871040 0 545259584 32770 20544 0 16 1610613376 8921098 1075839506 512 268567554 67633152 1207975936 144 1077936512 12582916 579864576 1539 1086325376 50331664 1280 536870912 12 1073743872 524321 8194 541065536 266 310378496 0 16401 720912 1024 20497 8
is_linear=0
shrinkage=0.05


Tree=69
num_leaves=63
num_cat=21
split_feature=4 1 0 48 0 48 0 44 0 0 43 44 0 48 43 0 21 43 0 43 0 30 48 10 35 47 48 28 43 0 48 0 43 0 0 48 41 44 48 48 48 28 0 26 41 0 20 0 28 0 43 27 43 42 0 35 0 44 17 0 0 48
split_gain=267.375 149.512 145.033 130.634 771.4 361.368 317.978 309.364 344.743 286.961 211.785 220.746 450.731 194.248 178.208 164.036 267.943 247.98 170.054 167.777 359.35 329.38 309.78 451.644 208.468 500.505 262.478 258.304 202.688 365.304 257.388 264.192 248.576 502.836 200.314 198.48 435.511 195.922 173.37 160.73 197.24 185.878 170.019 169.749 158.231 378.105 156.546 252.989 144.995 144.244 154.389 143.607 179 231.746 214.416 156.917 154.782 142.062 517.371 156.708 139.709 139.311
threshold=1.7500000000000002 12.250000000000002 0 -0.93109762668609608 1 -0.89495861530303944 2 -0.77243989706039418 3 4 -0.99940761923789967 0.2332836911082268 5 -0.99236765503883351 -0.95754238963127125 6 -1.0000000180025095e-35 0.95502296090126049 7 -0.88622298836708058 8 0.098596058785915389 0.65729612112045299 49.291666030883796 5.1499998569488534 0.56421238183975231 -0.88348305225372303 0.017647059634327892 -0.82415616512298573 9 -0.72342684864997853 10 -0.65234524011611927 11 12 -0.50948679447174061 -0.81241145730018605 -0.61236745119094838 0.62932616472244274 0.8398319184780122 0.74509498476982128 0.0098039219155907648 13 0.043188376352190978 0.35206145048141485 14 -0.35416667163372034 15 0.10000000149011613 16 -0.98523971438407887 0.15939795225858691 0.3903625756502152 0.09796465560793878 17 0.15000000223517421 18 -0.42958799004554743 0.22500000149011615 19 20 0.58043959736824047
decision_type=10 10 9 2 9 2 9 2 9 9 2 2 9 2 2 9 10 2 9 2 9 2 2 2 2 2 2 2 2 9 2 9 2 9 9 2 2 2 2 2 2 2 9 10 2 9 10 9 2 9 2 2 2 2 9 2 9 2 10 9 9 2
left_child=1 2 -1 4 13 9 -7 8 -6 14 -9 44 -13 -4 -5 16 18 19 -8 20 -18 -22 24 -24 25 26 -23 -27 29 -21 31 -30 33 37 61 36 -26 -32 -28 40 41 -36 -43 -41 57 -46 47 -17 -48 -37 -51 52 54 56 55 -44 -54 58 -12 -59 -52 -34
right_child=-2 -3 3 5 7 6 15 10 -10 -11 11 12 -14 -15 -16 46 17 -19 -20 28 21 22 23 -25 35 27 38 -29 30 -31 32 -33 34 -35 39 49 -38 -39 -40 43 -42 42 51 -45 45 -47 48 -49 -50 50 60 -53 53 -55 -56 -57 -58 59 -60 -61 -62 -63
leaf_value=-0.048354412524203916 0.041956392743747115 0.050542127768089522 -0.013338431113121236 0.041223034666177466 0.026087070453243169 -0.054834891603495139 -0.0038977712714676131 -0.094809302169768656 -0.070030137072140147 -0.073134950214859717 -0.066285409036831791 0.04731825395601709 -0.066056399993931383 -0.073735431375493751 -0.081495705154839615 0.0234564139729448 -0.078975714706205208 -0.063989429906574344 -0.065048693981325706 0.037525157897037399 -0.077905092283255914 0.047296975779370275 0.035492956171948795 -0.075961553221605513 0.025364929137149092 -0.086950683085547417 -0.087329640886803575 0.030527202460807396 0.028998653936640209 -0.068591773009667928 0.050647507816838383 -0.069900123240691892 -0.0056695102748762372 -0.074194689699888572 -0.046596177268133976 0.040867340058018613 -0.10959445535811799 -0.088293759444539946 0.028188687604936015 0.028599521183082149 -0.066883464435091147 -0.036274437008608572 0.062429667871829624 -0.026433635889000773 0.040704760709207734 -0.065672827932217834 0.0094868838716278738 -0.042251739755581226 -0.067413976349611673 0.022683180877893477 0.012557388407308008 0.034940305530520174 0.037118038698130566 -0.043668067044652481 -0.035645615220102476 -0.036403264488807971 -0.013467187552455382 -0.008522995060864123 0.036515693286510768 0.043683163896773375 -0.096451802618530688 -0.065436626509959642
leaf_weight=120.75653597846394 484.0219446644187 175.20440728217363 258.44814439429319 123.43781453132397 175.15317314956337 218.90908887211117 220.86059356096666 36.811420568294125 182.99040674377466 264.79135084807058 155.97442825438338 157.23025572823826 175.35655033757212 274.5456868300389 38.907877979247132 233.33317652565893 155.81522946327459 142.97713152394863 243.77137740881881 869.02410126992618 140.62107487051981 52.270886383368634 135.24810059275478 277.17173147754511 181.24620553129353 51.728952116391156 276.14230941652204 490.13101770787034 93.373682738398202 81.019466803729301 175.55002006620634 214.61998279162799 393.22549966006773 257.48320916702505 151.16862244575168 765.67925466282759 89.193750498554436 29.659018150850898 36.809133833099622 1652.2444547051855 93.050191488029668 171.2739162199432 122.89604521740694 153.10324624140048 192.90790300728986 132.034454060602 13043.372801613179 366.35570274604834 61.585235782054951 288.70577376004076 57.883264328353107 611.53497000280186 757.15045573120005 130.83554322476266 401.35458432155428 59.656109358067624 187.30477918108227 158.48022971651517 568.41378878016258 1986.6688116099394 52.427944670896977 129.64371074410155
leaf_count=145815 818 157 8500 422 703 31714 2463 533 7555 11705 2845 1085 15345 17198 3347 1974 4252 17799 6469 3510 4705 110 214 5457 244 1031 6347 1757 924 3276 635 13380 13343 10853 7203 890 600 982 158 16980 5271 9743 1349 2678 718 4751 233506 5363 5426 440 94 2464 4534 7768 16365 615 4968 794 922 4843 412 9274
internal_value=0.00509569 0.00449081 0.00421563 0.00444807 0.0123314 0.00303055 0.00383136 0.0199967 -0.0242502 -0.0425606 0.0244993 0.0257445 -0.013022 -0.0436304 0.0111268 0.00438522 -0.00035316 0.0013831 -0.0374648 0.00233819 -0.00738874 -0.00325211 0.000547036 -0.0394114 0.00758295 -0.0111799 -0.0564192 0.0193121 0.00674455 0.0281485 0.00322956 -0.0412452 0.00573049 -0.0293356 0.00896611 0.0194421 -0.019146 0.0291459 -0.0737425 0.0123674 0.00464092 0.00720741 0.010538 0.0239324 0.0297806 -0.00328823 0.00797653 -0.0169987 0.0091255 0.0284021 0.00337373 0.0141663 0.00659496 0.0186969 -0.0156914 0.0285672 0.0273364 0.0335253 0.0143807 0.0399902 -0.046857 -0.0201041
internal_weight=29979.5 29495.5 29320.3 29199.6 4455.02 24744.5 24317.4 3922.02 358.144 427.137 3563.88 3527.07 332.587 532.994 162.346 24098.5 10393.9 9929.22 464.632 9786.25 3051.07 2895.26 2754.64 412.42 2342.22 907.082 365.222 541.86 6735.17 950.044 5785.13 307.994 5477.13 462.692 5014.44 1435.14 270.44 205.209 312.951 4491.57 2686.23 2593.18 2442.01 1805.35 3194.48 324.942 13704.6 599.689 13105 1164.7 399.017 2270.73 1659.2 1075.29 583.907 182.552 944.455 2869.54 724.388 2145.15 110.311 522.869
internal_count=695596 694778 694621 548806 65792 483014 467540 40094 8258 15474 31836 31303 16430 25698 3769 435826 189557 180625 8932 162826 26711 22459 17754 5671 12083 9403 6615 2788 136115 6786 129329 14304 115025 12470 102555 2680 844 1617 6505 79938 60280 55009 47806 19658 14873 5469 246269 7337 238932 1836 946 38063 35599 17270 18329 1964 9502 9404 3767 5637 506 22617
cat_boundaries=0 4 8 12 15 19 20 24 28 31 35 37 41 45 49 52 56 60 62 65 68 70
cat_threshold=2107460 3087041441 753708 64 152343987 106186760 2147497601 177 2147483648 1073745984 33554434 1536 0 16777216 536887360 268435456 1141001296 1261699138 1668 67125760 1456095744 3812366 407901456 300 147456 2050 272630032 32 67109376 1024 1280 1380450816 11276 268440576 12 67108864 4 131072 0 272629760 32 33701888 3074 0 8 67108864 1048576 5242880 32 33685504 8388612 671088640 538182818 0 1075838976 144 1354907648 1572864 5246976 4 1073741824 524288 281018880 12 268439808 65536 17301510 536887296 33554432 4
is_linear=0
shrinkage=0.05


Tree=70
num_leaves=63
num_cat=24
split_feature=4 0 26 0 0 0 41 0 28 0 28 35 3 21 44 28 0 0 48 35 26 0 0 48 35 30 0 0 47 0 41 0 28 48 0 0 18 0 33 34 44 0 44 48 41 27 0 0 42 48 41 0 0 42 33 27 0 44 48 0 35 30
split_gain=214.088 137.505 112.224 639.849 347.767 263.441 217.546 249.736 183.386 202.804 182.35 177.939 175.015 158.545 146.705 133.579 244.308 140.094 155.333 132.333 129.095 320.983 284.525 185.684 186.733 170.19 158.558 140.905 135.957 205.992 131.579 245.536 213.703 212.626 236.572 223.129 139.634 139.534 127.804 126.134 228.612 138.148 122.768 121.857 119.413 119.232 116.405 114.802 112.104 111.593 111.287 154.203 117.912 120.928 120.185 111.228 140.528 103.751 108.403 103.731 102.339 138.672
threshold=1.1500000357627871 0 -0.010715708602219818 1 2 3 0.2269546836614609 4 0.0098039219155907648 5 0.058037718757987029 18.050000190734867 1.0000000180025095e-35 -0.18333333730697629 0.60383266210556041 0.021568628028035167 6 7 0.85232898592948925 15.84999990463257 0.010749510023742916 8 9 -0.49910144507884974 1.7500000000000002 0.074721429497003569 10 11 -0.79274088144302357 12 -0.16280825436115262 13 0.044210137799382217 0.44110876321792608 14 15 1.2749999761581423 16 1.0000000180025095e-35 0.15000000223517421 1.0000000180025095e-35 17 0.2332836911082268 0.060770034790039069 -0.81241145730018605 0.03482263162732125 18 19 -0.097964655607938753 0.87676990032196056 -0.81241145730018605 20 21 0.63405361771583568 6.1499998569488534 0.2591827660799027 22 -0.70289847254753102 -0.25834974646568293 23 1.3499999642372134 0.15472142398357394
decision_type=10 9 10 9 9 9 2 9 2 9 2 2 10 10 2 2 9 9 2 2 10 9 9 2 2 2 9 9 2 9 2 9 2 2 9 9 8 9 2 2 2 9 2 2 2 2 9 9 2 2 2 9 9 2 2 2 9 2 2 9 2 2
left_child=1 -1 3 15 8 13 11 -8 12 -10 -11 14 44 -5 60 16 38 18 57 39 22 23 45 24 27 -25 -26 -22 29 -23 33 55 37 34 -30 36 -35 -33 -3 40 -15 -42 -9 -19 46 -6 -4 -34 -40 -41 51 -24 53 -52 -54 56 -32 58 -17 -51 61 -7
right_child=-2 2 4 5 20 6 7 42 9 10 -12 -13 -14 19 -16 17 -18 43 -20 -21 21 28 50 25 26 -27 -28 -29 30 -31 31 32 47 35 -36 -37 -38 -39 48 49 41 -43 -44 -45 -46 -47 -48 -49 -50 59 52 -53 54 -55 -56 -57 -58 -59 -60 -61 -62 -63
leaf_value=-0.047811676195748228 0.037752300134823093 -0.064944379629016821 0.015045554995636852 -0.052537108685014801 -0.048461113788461255 0.0089423665812844496 0.0057972048123766783 -0.053378376594426229 -0.05589599808903576 0.0029196137474645808 -0.065873045887558365 -0.098913732722415243 0.035818112419189613 -0.04729729685959784 -0.052587444107373288 0.022310091491085812 -0.063863073055238695 -0.012297875263286113 0.03469281748102692 -0.089155111952632843 0.0070600474638939249 0.016764756682436037 0.027743630074514997 0.0043852676982313772 -0.035927077893038652 -0.030498554625900749 0.028850783545201764 -0.056676140300845904 -0.03144094442238303 -0.050362220192184198 -0.053869010836130209 -0.054460100057144793 0.0052842634218658036 0.024086563236868069 0.021431995014560317 -0.059392961001683946 -0.034009914752599756 0.023814611006273995 0.012494480818914185 0.03060660116788539 0.050029711330510297 -0.026359093904909505 0.0028080611517127046 -0.052440105694321906 -0.064174987699164993 0.026554954926616994 -0.068477625092219038 -0.055431810051951629 -0.076476853885223836 0.015029799446003453 -0.060159148886600879 -0.032255087935382641 -0.0014777952272089618 0.0016454310324295095 0.045785363788683406 0.074778347422344099 0.038434234316301379 -0.045446372230145089 -0.071575366522600783 -0.061612595284345234 0.0032449156246795877 0.045672243474609707
leaf_weight=115.10381887519907 493.12289838446304 87.492866736458382 125.82191436598077 74.128769719245611 53.783456014236435 771.06646649821778 546.71676643245155 466.43020638328744 154.68637559213676 3308.3101864049968 99.219167638424551 39.892701053569908 79.419913069286849 169.96070957247866 99.784556440572487 185.9340326768579 436.79948051244719 510.17709481337806 255.36140830107615 26.725388378894422 184.63166965282289 252.72576493973611 715.1665838212939 526.26607685961062 101.36443823215086 1041.8111271697271 710.4162341633928 154.93491245893529 230.24228846016922 194.60530918263248 36.414526268898044 51.409979873074917 152.4137424234068 287.32482911087573 1891.7000767615391 200.39183581311954 161.59441971487831 1115.1442184957559 315.61134221506654 2106.1900887180236 179.96006699255668 81.041842147300486 122.82158510937006 300.35566851581098 290.63633788036532 3499.8023250515398 50.991342439636355 153.68100436782697 39.878058799426071 133.64143142837565 167.66141799793695 118.39792175102048 1455.3413231493905 149.91174096311443 148.20409446686972 212.02111507358495 811.14932944712928 165.86074321434717 36.837150351668242 54.330488609557506 2544.1979371680936 385.42414237521007
leaf_count=145591 923 4928 875 2482 5490 17811 10499 12099 23193 64397 8620 277 331 13325 10199 1802 26229 15087 2518 397 2850 3850 5203 17072 1150 21718 1792 13714 5854 5361 5155 2747 3566 4150 14077 6201 1621 9622 1392 11619 1991 16844 8084 14009 14949 43407 3491 7967 428 553 6359 4965 28136 3548 127 313 10302 8142 1653 1573 9949 3136
internal_value=0.00508264 0.00452978 0.00475219 0.00050984 0.00703149 0.00738351 0.000448367 -0.0187725 -0.00583191 -0.00170742 0.000913853 0.00613501 -0.0328048 0.0195511 0.00723769 -0.0224008 -0.0378759 -0.0131945 0.00433186 0.0215641 0.0106049 0.00657915 0.0160271 -0.00756794 0.00765174 -0.0187911 0.020675 -0.0234822 0.0132591 -0.013189 0.0155149 0.0237538 0.0102759 0.00798658 0.0156478 -0.0170503 0.00310481 0.0201023 -0.0105711 0.0226499 -0.00216913 0.0272177 -0.0409718 -0.026842 -0.0444639 0.0253483 -0.0120637 -0.0268378 0.00251386 0.0273122 0.00389645 0.0191674 -0.00270926 -0.0300382 0.00287248 0.0419925 0.0342864 -0.0155062 0.00678532 -0.00960072 0.0088508 0.0211833
internal_weight=29632.4 29139.3 29024.2 10136.6 18887.6 7802.31 4976.33 1135.97 4109.09 3562.22 3407.53 3840.37 546.87 2825.98 3800.47 2334.31 879.782 1454.53 643.993 2751.85 14778.5 8470.24 6308.27 2719.42 1151.35 1568.08 811.781 339.567 5750.82 447.331 5303.49 2532.23 1472.65 2771.25 2121.94 649.311 448.919 1166.55 442.982 2725.12 430.963 261.002 589.252 810.533 467.45 3553.59 176.813 306.095 355.489 2294.16 2754.68 833.565 1921.12 317.573 1603.55 1059.58 847.564 388.632 222.771 187.972 3700.69 1156.49
internal_count=695713 694790 549199 197026 352173 120838 72054 30682 115856 96210 73017 41372 19646 48784 41095 76188 32977 43211 14115 46302 236317 139082 97235 58296 19506 38790 2942 16564 80786 9211 71575 39672 23902 31903 19931 11972 5771 12369 6748 45905 32160 18835 20183 29096 19315 48897 4366 11533 1820 13745 48338 10168 38170 9907 28263 15770 15457 11597 3455 2126 30896 20947
cat_boundaries=0 4 8 12 16 20 24 28 32 36 40 43 47 51 55 59 63 66 69 73 76 80 84 88 91
cat_threshold=2107460 3087041441 753708 64 110101920 73153602 285218448 438 3087028226 1126187036 2186552323 1576 2550415360 1124089872 3326353475 1536 553811970 8388616 134217984 8 0 1073758208 2181046274 1536 0 9280 268435456 6 67110272 1048578 5136 32 121635360 5442560 1142954432 260 130286241 5770240 1285561216 260 67108864 5244928 69212288 0 0 6208 4 1048961 790528 16794128 19 1074922768 67379200 8388608 144 1073742848 67379200 8389120 144 1074200705 790594 419447296 128 32768 524288 134234112 0 16777216 8192 805306368 16777216 8192 8 524416 524352 285213184 1074364432 393218 805306432 3 1074888720 64 16777216 1 1040 0 0 144 268435456 16 1140850752
is_linear=0
shrinkage=0.05


Tree=71
num_leaves=63
num_cat=22
split_feature=1 0 14 0 18 0 42 0 18 0 17 0 35 13 0 35 35 28 0 0 18 43 42 10 41 0 43 0 43 43 0 18 33 34 0 47 48 48 0 0 0 28 0 26 0 43 0 27 48 44 44 0 41 18 48 48 43 44 0 35 46 0
split_gain=208.969 150.178 143.366 239.459 211.776 431.63 231.67 184.379 169.405 407.376 165.88 509.887 181.744 172.892 157.176 153.547 153.428 275.781 395.95 317.033 228.537 209.471 187.134 150.709 140.363 319.735 228.258 217.527 164.523 315.419 167.42 159.829 143.743 149.657 279.34 200.931 198.852 357.407 436.884 433.388 297.49 200.087 321.679 262.435 267.63 194.236 183.035 169.163 156.473 354.838 244.007 179.227 151.894 151.822 151.64 143.591 485.42 306.106 145.561 138.936 136.776 140.703
threshold=10.34999990463257 0 11.750000000000002 1 45.549999237060554 2 0.41248606145381933 3 42.562500000000007 4 5.3541667461395273 5 2.0499999523162846 0.35416667163372045 6 23.250000000000004 0.94999998807907116 0.013725490774959328 7 8 4.3541667461395273 -0.98214942216873158 0.29012925922870642 36.375000000000007 -0.81241145730018605 9 0.71503382921218883 10 0.52766072750091564 0.22700754553079608 11 28.050000190734867 8.2500000000000018 1.6500000357627871 12 -0.4491180926561355 -0.33097255229949946 -0.81125614047050465 13 14 15 0.056927841156721122 16 -0.0028513226425275202 17 -0.99275806546211232 18 0.068313408643007292 0.85232898592948925 -0.65233206748962391 -0.38243420422077173 19 0.29012925922870642 13.449999809265138 0.69322791695594799 -0.13739727437496183 -0.90163370966911305 0.14888729155063632 20 8.8499999046325701 -0.012064661365002392 21
decision_type=10 9 10 9 8 9 2 9 10 9 10 9 2 10 9 2 2 2 9 9 10 2 2 2 2 9 2 9 2 2 9 10 2 2 9 2 2 2 9 9 9 2 9 10 9 2 9 2 2 2 2 9 2 10 2 2 2 2 9 2 2 9
left_child=1 -1 4 -4 8 6 7 -6 10 -10 14 12 60 -14 16 24 17 19 20 -3 -19 22 -20 -23 25 -16 28 -26 29 31 -30 55 33 36 35 -35 37 39 -39 -29 45 42 -42 44 52 -38 -43 -45 49 51 -50 -36 -44 -49 -51 57 -57 -27 -58 -40 -12 -62
right_child=-2 2 3 -5 5 -7 -8 -9 9 -11 11 -13 13 -15 15 -17 -18 18 21 -21 -22 23 -24 -25 27 26 -28 32 30 -31 -32 -33 -34 34 48 -37 40 38 59 -41 41 46 43 47 -46 -47 -48 53 50 54 -52 -53 -54 -55 -56 56 58 -59 -60 -61 61 -63
leaf_value=-0.050219915926244245 0.043966106767005714 0.030012504020571453 0.032200833628271343 -0.0029503724458961097 0.017976230893231904 -0.056908669123981341 0.034763468837687619 -0.063689427375024046 0.073361968672057506 -0.057471107642155961 -0.070891456488720375 -0.041562841336058108 0.044050512949345741 -0.0018406606999002324 -0.020005158370002732 -0.066624136861860681 0.016256952794396647 -0.012971641120691234 -0.11848846825416169 -0.053026636525894122 0.053679624392300278 -0.11400403647360419 0.039407377388658717 -0.036232040519694524 -0.017252533281844763 0.032047874365611941 -0.049010639564606433 0.031731170480461889 0.057805983430770418 -0.07568802118531541 -0.033767684522431091 -0.077807826543888695 0.03513970679211794 -0.074317242805218717 -0.0066628707415297486 -0.017732336100758288 0.019994801169126598 -0.05501380107486098 0.03793816350883103 -0.046283754522295856 -0.051779522995454845 0.046136799449166634 -0.057878509565162134 -0.034340404463643788 -0.06182969357233381 -0.043706371175586824 -0.050563680736356642 0.028063059559132866 0.03274372481604735 0.0066548913310223654 -0.048272670427397801 -0.073546833751665069 0.026683479415343325 -0.076841975529387416 -0.061547284029058992 -0.069963782689172957 -0.04669315225697715 -0.076258660398926092 0.025825534400448127 -0.104801999378479 0.027797487304359061 -0.056974876525594575
leaf_weight=115.43619493828737 337.63346330961213 956.04595569652156 1153.8902950545307 834.67050798248965 124.99725381506141 419.00559981443803 356.20518455072306 140.39403948723339 226.23832687397953 73.011915517330635 96.783934466307983 757.46014200887294 455.81691743264673 373.3382626476232 705.38616430290858 80.002069432521239 5048.3902043195849 241.04572944520623 21.572129996086005 121.99420313141309 275.72727939189645 68.223197319341125 144.21391444149776 716.49914495178382 1571.1314958410221 1717.1340570548782 127.35484949997044 305.80988042731769 395.04474023566581 93.070330314978492 53.693639419157989 43.034216576488689 329.98602651921101 204.27588598342845 183.80650084640365 676.28005705703981 152.18110386515036 134.77484719856875 1640.0431506097666 400.72835163245327 252.58908036237699 422.79103156519704 67.506376724661095 133.30309011798818 227.97637414891506 560.10633967354079 48.591160813317401 1179.2304964404029 645.22899038519245 1928.3316629358451 108.57801563257817 241.17442631127778 248.91482636588626 35.528273670352064 85.096387585508637 180.59983967727749 67.340777952165809 67.814798300649272 811.96068572290824 17.22663364931941 145.06679447973147 61.532715348963393
leaf_count=148980 485 11563 1604 2236 656 6694 1360 1516 227 1338 2529 12180 1291 1170 19557 498 40820 26826 988 31548 3236 1189 1107 80724 59265 5594 10545 5406 1403 4380 1861 418 382 1607 1151 3059 1354 12016 21699 28451 12979 3503 3078 8887 12059 40722 4816 15252 1158 5591 766 2534 3840 909 601 2846 3005 4947 6743 163 633 1768
internal_value=0.00485673 0.00440251 0.00463602 0.0175937 0.00368224 -0.0184345 0.00828244 -0.026948 0.00456992 0.041972 0.00413318 -0.0101229 0.0111729 0.0233874 0.00526827 0.00247163 0.0111957 0.00120123 -0.012906 0.0204021 0.0221617 -0.0318695 0.0188619 -0.0429935 0.00281728 0.0105942 0.0166717 8.35297e-06 0.0191593 0.0149104 0.0473845 0.0178302 0.00267353 0.00159408 -0.00575932 -0.0305127 0.00673346 0.0173943 0.0292684 -0.0127226 -0.00126875 0.00655417 9.74675e-05 0.00725682 -0.0220046 -0.0296799 0.0360748 0.0191275 0.00116071 -0.00499055 0.0210742 -0.0465065 0.00837796 0.0249949 0.00377237 0.0192769 0.00469934 0.027933 0.0200344 0.0362358 -0.0218412 0.00113698
internal_weight=29408.8 29071.2 28955.8 1988.56 26967.2 1040.6 621.596 265.391 25926.6 299.25 25627.3 1890 1132.54 829.155 23737.3 16143.6 7593.71 2545.32 1467.28 1078.04 516.773 950.508 165.786 784.722 16063.6 4262.43 3557.05 11801.2 3429.69 2980.95 448.738 2887.88 10230.1 9900.07 4072.77 880.556 5827.3 2498.58 1792.04 706.538 3328.72 2616.43 2145.05 1892.46 544.398 712.287 471.382 1348.06 3192.22 2438.41 753.807 424.981 316.421 1214.76 2013.43 2844.85 1059.9 1784.95 879.301 1657.27 303.383 206.6
internal_count=695713 695228 546248 3840 542408 10226 3532 2172 532182 1565 530617 19571 7391 2461 511046 313045 198001 157181 114070 43111 30062 84008 2095 81913 312547 61299 41742 251248 31197 27933 3264 23553 191983 191601 16467 4666 175134 67735 33878 33857 107399 65323 57004 44025 18977 42076 8319 25048 11801 9877 1924 3685 6918 16161 6192 23135 12594 10541 9748 21862 4930 2401
cat_boundaries=0 4 8 12 16 20 24 28 32 35 39 43 47 51 55 59 62 66 70 74 76 79 82
cat_threshold=2107460 3089138593 753708 64 1359877552 50331678 1757419600 294 859832610 1077941340 31457810 698 268435490 1024 530 34 34210048 5184 268441600 32 3825403025 25165828 181428097 664 2357477408 1145309184 4003752896 657 2155872256 67371008 1207961600 1 67125248 0 2692751680 17958272 28746 286261264 32 536903696 5196 4099 32 1879150609 4 4097 12 512 59326464 16 14 34734338 16402 273678352 256 131072 8388610 268435472 8 1364198403 51576832 1024 33554944 524288 4194304 256 196992 16384 16777216 4 33555072 8921088 272629760 256 17956993 1179650 32784 35259396 1025 1073741952 16777220 8405248
is_linear=0
shrinkage=0.05


Tree=72
num_leaves=63
num_cat=23
split_feature=1 0 34 23 0 21 0 27 0 18 0 42 43 18 0 0 0 35 28 0 28 46 0 43 42 34 0 0 48 33 48 47 35 35 0 48 0 15 43 0 28 43 42 0 43 0 0 27 36 25 30 29 28 0 28 0 48 0 48 0 0 48
split_gain=197.462 141.969 137.129 126.812 246.048 245.784 278.77 233.308 256.78 221.56 449.304 210.948 174.592 148.908 265.788 156.176 146.68 153.858 218.669 209.616 143.977 136.904 291.676 130.785 125.603 111.345 266.081 157.098 137.799 136.547 118.938 134.93 113.02 110.844 360.746 161.006 290.812 202.199 174.693 161.012 254.044 166.32 155.133 349.769 209.41 174.091 153.024 152.399 148.679 134.821 132.619 124.299 117.387 196.984 111.957 216.923 114.544 261.976 168.229 235.469 219.693 130.898
threshold=10.500000000000002 0 20.750000000000004 0.22261346131563189 1 0.94999998807907116 2 0.23596767336130145 3 45.549999237060554 4 0.29012925922870642 0.70290291309356701 42.562500000000007 5 6 7 9.6500000953674334 0.045542273670434959 8 0.10000000149011613 -0.23097408562898633 9 0.93237596750259411 -0.88144907355308522 0.55000001192092907 10 11 0.97211635112762462 1.6500000357627871 -0.16180528700351712 0.036136405542492873 2.5499999523162846 1.0500000119209292 12 0.90393427014350902 13 0.85416665673255932 -0.99054482579231251 14 0.061906902119517333 -0.95244166254997242 1.0000000180025095e-35 15 0.22700754553079608 16 17 0.13655198365449908 2.5000000000000004 1.3149999976158144 0.2892450094223023 -0.61250317096710194 0.053132651373744018 18 0.013725490774959328 19 -0.65220215916633595 20 0.61022824048995983 21 22 0.92346203327178966
decision_type=10 9 2 10 9 8 9 2 9 10 9 2 2 10 9 9 9 2 2 9 2 2 9 2 2 2 9 9 2 2 2 2 2 2 9 2 9 10 2 9 2 2 2 9 2 9 9 2 2 10 2 2 2 9 2 9 2 9 2 9 9 2
left_child=1 -1 3 5 -5 7 -7 9 -9 13 11 -11 -12 15 -15 23 24 18 21 -20 33 22 -18 25 -6 26 28 -27 -3 -29 31 -31 -28 34 51 37 -37 38 -36 40 41 48 45 44 -44 50 49 -45 -40 54 -41 -17 53 -47 55 -35 57 -56 60 -60 -58 -61
right_child=-2 2 -4 4 16 6 -8 8 -10 10 12 -13 -14 14 -16 20 17 -19 19 -21 -22 -23 -24 -25 -26 27 32 29 -30 30 -32 -33 -34 46 35 36 -38 -39 39 42 -42 -43 43 47 -46 52 -48 -49 -50 -51 -52 -53 -54 -55 56 -57 58 -59 59 61 -62 -63
leaf_value=-0.050025350367531619 0.043680252430583676 0.017588255807537461 -0.091102840561064172 -0.048387501099071688 -0.022048023034327138 0.0066245263357046537 -0.055684132474224685 0.04787637161945206 -0.015249600771761724 -0.035032674329014947 -0.079049410123248301 0.036791997895866797 0.027416847663948099 0.073519093771303182 -0.03684521800005474 0.16788828888463905 0.015936941818086515 0.028184232197605963 -0.00079308380868251926 -0.080008252674007727 -0.063627728946311121 0.018893118203367597 -0.080120008519752262 -0.056586266188368955 0.030424010116506462 -0.020707702372528371 -0.053939283725564148 -0.0081727629557505899 -0.05709856682395742 -0.050136054481056826 0.025670552704866317 0.01264170147417263 0.019483895259557016 0.018104947074057999 -0.042863887143275117 0.032281800105797197 -0.040023544903637485 -0.065865724337219475 0.049744996019524527 -0.032685790197165887 0.044343773751381474 -0.048549189022845045 0.033693526438293757 -0.059109154885893078 -0.057877937974185105 -0.040762017523517637 0.0049063621422080709 0.011187035831217215 -0.078791947025536074 -0.075584413419586952 0.038142632913400289 -0.049428265510268243 0.047862057833917435 0.023789756156801126 0.021267351042503178 -0.045969772336118403 -0.02890109830316195 -0.044370618360915708 0.02835311201659689 -0.077747142833426361 0.040661795381821263 -0.0043989371837744344
leaf_weight=110.26068139950803 320.50948643009178 1731.3317803991958 37.504140444187215 148.34799093732727 123.07213673938531 350.01709160394967 361.46177126924158 574.22568250220502 221.33706672958215 158.6183941733907 308.0009600664489 287.55047128308797 44.009174662496662 175.53341843717499 72.926770699908957 6.6938303530041585 215.77421886927914 591.60237136937212 191.28381936863298 145.48783698960324 73.057645839144243 848.48741278104717 113.36102027422749 111.10764875158202 1555.2923176896875 1325.1738552287279 226.35499457010883 1923.6932447889121 64.043322847253876 130.03130160341971 729.47836075903615 250.4510891449172 68.204273790091975 427.57022735191276 206.66981239794404 918.07041877682786 156.02672549162526 113.73628372862004 91.434498257935047 259.08941728694481 131.41248096540221 409.25865303003229 440.97259884179221 312.23840194594231 72.730586521764053 124.78101473161951 6297.144467544189 102.38142181036528 29.839433128596283 38.489564055664232 88.720222975418437 386.70676125610771 409.52946288982639 1044.6129395830503 637.75192457943922 179.22331826103618 118.16455918594147 188.90967279206961 468.62172741576796 95.486049416125752 1614.5286056995974 167.57647014866234
leaf_count=148980 475 67109 351 1382 410 1767 3050 1254 2511 1093 6382 752 313 133 1289 884 493 759 664 1337 6872 2013 867 25381 3116 11752 75645 15234 5602 856 1816 794 3079 1792 3221 10103 10570 2694 129 8904 2028 31271 7402 29334 6482 8061 31847 2894 1196 594 979 94161 5352 16209 2704 4529 3662 3806 1907 2168 5470 1829
internal_value=0.00465117 0.00421691 0.00444122 0.00456781 0.0129075 0.00324131 -0.0257205 0.00409939 0.0307239 0.0031871 -0.0226991 0.0110107 -0.0639228 0.00410869 0.0426016 0.00367733 0.0153975 0.00653071 -0.00188518 -0.0374139 0.00639518 0.00827518 -0.0190971 -0.0027962 0.0264189 -0.00187377 0.00761449 -0.00642312 0.0148414 -0.000114633 0.01385 -0.00881283 -0.0357255 0.00672852 0.000863144 0.00458586 0.0217064 -0.000194266 0.00181161 0.00443688 -0.0176273 -0.0333097 0.00958064 -0.00717679 0.0203329 0.0177043 0.00976907 -0.0407678 0.0181185 0.0174913 -0.0142101 -0.0445969 0.0246683 0.0167566 0.0184553 -0.00127946 0.0220939 0.00598821 0.0274965 0.0073932 0.0359857 -0.0298867
internal_weight=29126 28805.5 28695.2 28657.7 3932.71 24725 711.479 24013.5 795.563 23217.9 798.179 446.169 352.01 22419.8 248.46 22171.3 3784.36 2106 1514.39 336.772 15611.4 1177.62 329.135 6559.87 1678.36 6448.76 2089.93 4358.83 1795.38 3033.65 1109.96 380.482 294.559 15538.4 5304.9 4911.5 1074.1 3837.41 3723.67 3517 661.945 530.533 2855.06 928.323 513.703 1926.73 10233.5 414.62 121.274 3936.32 347.81 393.401 1578.92 1169.39 3897.83 606.794 3291.04 826.662 2464.38 731.684 1732.69 263.063
internal_count=695713 695238 546258 545907 11041 534866 4817 530049 3765 526284 8540 1845 6695 517744 1422 516322 9659 6133 5374 2001 309054 3373 1360 207268 3526 181887 151435 30452 72711 18700 3466 1650 78724 302182 241874 146829 20673 126156 123462 120241 34624 32596 85617 46112 13884 39505 60308 32228 1325 28461 9883 95045 29622 24270 27867 6321 21546 6510 15036 5904 9132 3997
cat_boundaries=0 4 7 11 15 19 23 27 31 35 39 43 47 51 55 59 62 65 69 73 76 80 84 88
cat_threshold=2107460 3089138593 753708 64 134299648 1140870208 2147491840 3221783683 1381458 1680884739 37 3489891857 1082860618 671088704 2 587202592 8389660 14680082 8 34078720 4160 268437504 32 320509330 1717338 134222851 184 3578135712 50462720 482351168 144 536871441 528408 1073742082 293 33591296 8396828 538985601 512 50991504 1581056 134222848 8 562192 536640 0 184 2286157856 1111508992 77873808 512 536936449 75759616 1880105280 4 536870912 67371008 3541041216 1024 1140916224 0 536881152 1140916224 0 536879104 2281979936 1111771136 2762228416 768 0 16777220 4196352 256 0 33554432 2157969984 2147483648 1074003968 538984512 768 0 278528 69222464 256 2147483648 1074020352 2147500544 768
is_linear=0
shrinkage=0.05


Tree=73
num_leaves=63
num_cat=22
split_feature=1 32 0 34 14 0 18 0 42 0 15 0 27 0 30 0 18 0 35 23 20 0 0 18 0 48 26 43 28 27 43 0 0 44 0 48 43 0 18 48 28 0 44 0 0 42 0 26 48 0 44 0 44 26 41 0 35 35 43 2 33 44
split_gain=186.495 135.325 134.505 127.834 122.016 216.459 176.322 377.999 216.707 196.427 148.234 350.414 217.637 242.209 195.12 331.702 166.179 168.472 154.158 170.86 143.972 308.257 160.531 155.485 442.309 153.914 147.954 136.045 137.195 126.898 138.213 125.279 120.426 111.968 470.203 240.662 294.263 289.104 244.255 224.579 260.066 215.123 210.454 447.658 279.61 280.821 419.427 232.422 208.803 274.276 236.738 421.474 233.842 212.508 203.54 342.479 281.454 204.648 190.667 183.779 178.075 175.367
threshold=10.500000000000002 0.15517241507768634 0 20.750000000000004 11.750000000000002 1 45.549999237060554 2 0.29012925922870642 3 3.0499999523162846 4 0.2514443993568421 5 0.37381961941719061 6 42.562500000000007 7 6.9500000476837167 0.16699867695569995 0.14583333581686023 8 9 26.291666984558109 10 -0.99720054864883412 0.065700009465217604 0.98802474141120922 0.10000000149011613 0.36921939253807073 0.90162119269371044 11 12 -0.52034142613410939 13 0.8462619185447694 0.43733377754688268 14 24.550000190734867 0.48606607317924505 0.056927841156721122 15 -0.46800559759140009 16 17 -0.22695468366146085 18 -0.05211882293224334 -0.87779623270034779 19 -0.26867066323757166 20 0.029024410061538223 0.014234582893550398 -0.9103761315345763 21 0.25000000745058065 2.3500000238418584 -0.99940761923789967 1.0000000180025095e-35 0.45000000298023229 -0.42958799004554743
decision_type=10 2 9 2 10 9 8 9 2 9 10 9 2 9 2 9 10 9 2 10 10 9 9 10 9 2 8 2 2 2 2 9 9 2 9 2 2 9 10 2 2 9 2 9 9 2 9 10 2 9 2 9 2 10 2 9 2 2 2 10 2 2
left_child=1 2 -1 4 6 -6 10 8 9 -8 12 -12 14 -14 16 -16 20 -18 -13 -20 22 -22 -4 25 -25 -24 27 28 33 30 -9 -7 -28 34 -27 37 41 -36 39 54 -41 -37 43 -35 45 58 -47 -46 50 53 -49 52 -52 59 -39 56 -56 -57 -44 -50 -55 -60
right_child=-2 -3 3 -5 5 31 7 29 -10 -11 11 18 13 -15 15 -17 17 -19 19 -21 21 -23 23 24 -26 26 32 -29 -30 -31 -32 -33 -34 42 35 36 -38 38 -40 40 -42 -43 44 -45 47 46 -48 48 49 -51 51 -53 -54 60 55 57 -58 -59 61 -61 -62 -63
leaf_value=-0.049819354859094236 0.043088549976894361 -0.057978746561286945 -0.0075785669702429295 -0.089155600084321968 0.030302043635012182 -0.055102511499855511 0.020271841362312325 -0.079632915959205089 0.03008739112332566 -0.067595624451614517 0.010304770880363053 -0.051183943919110603 0.054902853402747157 -0.007994773601722233 0.018676109538036712 -0.049762807610382855 0.074034015337378897 -0.015606753746789413 -0.061563162165743417 0.0137448564288737 0.035076190295865832 -0.007911990522148556 -0.035725748075614738 0.025145827530258843 -0.057903052514984135 -0.040671941296862274 0.013355641537259877 -0.058792639008260206 -0.061186332216041243 0.013825555597428882 0.034044696124142064 0.0039094902459293861 -0.064589802706573815 0.047762160093450613 -0.036026037898315003 -0.053929057441718234 -0.067106224815962498 0.030644528034883475 0.063924997831630526 -0.069632220982420556 0.024584979375101013 0.031569451046788037 -0.096718069270332427 -0.053827611880281095 -0.057318306901361617 0.030935045037290415 -0.033953841820918616 0.044692877798190797 -0.057395165455302911 0.0055363789560417733 -0.11945038355763962 -0.070971808257345587 0.034624337910259866 0.012692119042047862 -0.06211161776915905 -0.0068116075275861847 0.019174828494646398 -0.061134963689216483 -0.080949382793800512 0.034492867747697283 -0.092881991984758952 0.031357966633901807
leaf_weight=104.8042257069319 308.95962014002725 87.708401282274281 2627.3616786510393 36.434324539033696 1154.6016444718698 93.170639209565707 110.67518265958643 291.69759356768918 392.205617275642 134.39782867059694 1064.1037446983973 490.28438639082015 437.77779229724547 235.5860388824367 302.80881369784765 407.81100170977879 159.37916443543509 77.148686480533797 106.37847554709879 257.95515758055262 1089.6452845533204 671.68167517113034 212.34428544581169 298.98667927022325 327.54037774214521 552.40629084041575 80.909992816275917 76.718725240323693 71.452100698981667 53.702835470379796 29.437052126770141 695.86473932140507 119.14196531924244 789.71018203702988 467.34711993637029 69.51283150119707 86.093543452792801 686.95161332556745 170.11726363562047 211.79459291161038 111.96050330658909 1548.8815926921088 30.09176025306806 118.47031005879398 159.52403987952857 468.55129340273561 509.40618041483685 595.98047506684088 459.34236341962242 3312.3015080292244 26.217524881474674 145.65887850287254 405.74539438367356 372.5372292023967 115.21010911732446 421.53387717250735 1407.0665042344772 294.48954181256704 35.230233087902889 61.727300047175959 44.738609946041834 2600.8368088034622
leaf_count=147885 475 5718 119604 351 1661 479 592 5505 1636 1636 5444 7052 678 1674 3977 11964 89 1012 683 437 3799 5236 8461 1563 6159 35211 784 18092 7632 133 506 1684 6946 2154 16126 1567 3692 4266 231 6706 1280 6371 537 3655 9917 12007 36262 1529 30344 51082 341 9072 4083 13722 7738 10017 7354 2637 808 359 560 36538
internal_value=0.00445032 0.00403261 0.00422351 0.00443902 0.00456087 0.0166515 0.00367095 -0.0167945 0.00693069 -0.0298456 0.00448662 -0.00887556 0.00557874 0.0335938 0.00475144 -0.0210371 0.00558097 0.0472659 -0.0324977 -0.00824365 0.00512984 0.0188369 0.00392835 0.00566035 -0.0187939 0.00657352 0.00711371 0.00763419 0.00794586 -0.0558264 -0.0692126 -0.00366115 -0.0356262 0.00824929 0.00292296 0.00728999 0.0229673 0.000433141 0.00550587 0.002464 -0.0370502 0.027759 0.0114775 0.0344432 0.00921732 0.0199673 -0.00289566 0.00216196 0.00391523 -0.00123945 0.0225849 -0.000225788 0.0247011 -0.0249508 0.00683727 -0.000469355 0.0129379 -0.0287524 0.0284284 -0.0465099 0.00137289 0.029857
internal_weight=28888.1 28579.2 28491.4 28386.6 28350.2 1943.64 26406.6 1012.12 637.279 245.073 25394.5 1918.72 23475.7 673.364 22802.4 710.62 22091.7 236.528 854.618 364.334 21855.2 1761.33 20093.9 17466.5 626.527 16840 16627.7 16427.6 16350.9 374.837 321.135 789.035 200.052 16279.4 6143.37 5590.96 1704.49 3886.47 3419.12 3249.01 323.755 1618.39 10136.1 908.18 9227.89 3644.12 977.957 5583.77 5424.25 4250.65 1173.6 577.622 431.963 938.346 2925.25 2238.3 1522.28 716.023 2666.16 521.07 417.276 2636.07
internal_count=695713 695238 689520 541635 541284 3824 537460 10008 3864 2228 527452 13616 513836 2352 511484 15941 495543 1101 8172 1120 494442 9035 485407 365803 7722 358081 349620 341890 323798 6144 6011 2163 7730 316166 103196 67985 11630 56355 40229 39998 7986 7938 212970 5809 207161 86152 48269 121009 111092 96067 15025 13496 4424 44985 32012 27746 15092 12654 37883 30703 14282 37346
cat_boundaries=0 4 8 12 16 20 23 27 30 34 38 42 46 50 54 58 61 65 69 72 76 80 83
cat_threshold=2107460 3089138593 753708 64 1359877552 50331678 2025853008 295 859849122 1077941340 31457938 698 268451840 1024 530 34 1677886592 26616832 498092993 664 3489895441 1082269760 142606402 541098019 1140852800 671094912 147 34078720 4160 268437504 2496069792 68157460 1558469952 900 302154754 67244120 201331714 176 536936448 65538 2953857024 256 142704640 1140852800 0 144 69632 8192 276824064 2 2148024320 1078725634 2148541072 523 79691776 1073152 1344274432 260 134283312 58720256 2048 1623200257 11270 12585408 6 2232172593 1137442816 51667472 1545 83886128 0 8208 1209012224 27654 2415921281 256 1610613248 9216 1348468800 256 152043936 25231364 545275969
is_linear=0
shrinkage=0.05


Tree=74
num_leaves=63
num_cat=0
split_feature=4 43 48 41 48 35 26 34 48 48 28 33 43 43 39 28 36 41 26 26 48 7 41 43 48 18 48 43 48 43 39 35 28 7 28 34 33 48 43 48 35 43 42 41 37 41 28 18 43 43 43 42 48 48 40 26 38 48 34 46 24 24
split_gain=181.077 114.739 97.4275 275.038 202.42 328.086 200.45 195.951 191.058 482.45 174.653 162.242 160.257 314.8 190.119 206.664 153.725 135.743 123.414 249.765 240.511 223.916 163.297 205.035 212.788 283.927 212.711 273.391 283.235 251.106 214.111 182.592 180.806 158.869 260.203 242.386 157.065 264.045 261.211 222.715 208.76 178.164 254.959 176.609 172.408 165.851 156.31 156.122 239.582 155.006 150.651 261.736 164.304 159.055 147.193 140.583 133.868 129.956 128.815 128.722 214.69 161.54
threshold=1.1500000357627871 0.9937499761581422 -0.99376606941223133 1.0000000180025095e-35 -0.96953669190406788 5.6499998569488534 0.0062721755821257838 0.15000000223517421 -0.92625963687896717 -0.89495861530303944 0.0058823532890528449 2.1499999761581425 -0.99866804480552662 -0.98803845047950734 0.2559999972581864 0.04256099462509156 10.500000000000002 0.41248606145381933 -0.010715708602219818 0.015597618650645019 -0.82466700673103321 2.8500000238418584 0.16280825436115268 -0.99467751383781422 0.93667927384376537 0.77500000596046459 0.85232898592948925 -0.97876849770545948 0.48606607317924505 -0.92923668026924122 0.17249999940395358 3.0499999523162846 0.050299357622861869 5.9500000476837167 0.013725490774959328 0.25000000745058065 0.45000000298023229 -0.4888682067394256 -0.98803845047950734 -0.73169091343879689 14.949999809265138 -0.99467751383781422 -0.47114434838294977 -0.22695468366146085 2.8605000972747807 -0.93540480732917775 0.055752867832779891 21.050000190734867 -0.86976337432861317 -0.50556187331676472 -0.76141706109046925 -0.35206145048141474 -0.46741016209125513 0.69322791695594799 3.842000007629395 -0.057916693389415734 5.5000000000000009 0.97778499126434337 5.0499999523162851 -0.94023355841636647 0.012989750131964685 -0.022519842721521851
decision_type=10 2 2 2 2 2 10 2 2 2 2 2 2 2 2 2 2 2 10 10 2 10 2 2 2 8 2 2 2 2 2 2 2 10 2 2 2 2 2 2 2 2 2 2 2 2 2 8 2 2 2 2 2 2 2 10 2 2 2 2 10 8
left_child=1 2 3 7 5 6 16 -1 12 10 -10 -9 -6 -14 -15 17 -4 -16 20 47 21 -11 23 -22 26 32 27 -25 29 -29 -28 54 -26 34 -24 -36 39 38 -38 45 43 42 -41 57 -45 -21 55 -20 -49 56 51 52 -43 -53 -30 -37 -32 -39 -54 60 -31 -61
right_child=-2 -3 4 -5 8 -7 -8 11 9 18 -12 -13 13 14 15 -17 -18 -19 19 36 22 -23 33 24 25 -27 30 28 31 59 49 -33 -34 -35 35 46 37 40 -40 41 -42 50 -44 44 -46 -47 -48 48 -50 -51 -52 53 58 -55 -56 -57 -58 -59 -60 61 -62 -63
leaf_value=-0.06732218480545156 0.035630023331186068 -0.058885906036111581 0.017384341601063471 -0.037202517661393493 0.042247495769683577 -0.087745645615278006 -0.059221626270127871 0.035113193388663096 0.032734625308515154 -0.077913438384402484 -0.079240534851391944 -0.041371637753242985 -0.11027404725049812 0.031623615829247095 0.013442922052001614 -0.072044749987744655 -0.073184568762336727 -0.07417106648977255 0.01410935276274416 0.014488522594602836 -0.038310337517214375 0.02165406959238355 -0.060167516874985894 0.030573277019915759 0.017623177259169523 -0.076896287426162696 -0.086841282547700682 -0.072671664512727829 -0.036686815972816866 0.028168317139674423 0.065822090100982195 -0.073866027339314744 -0.075576108725590951 0.018242534548423957 -0.045928159416065394 -0.055325834492268369 -0.079396929104975464 -0.057100530029195795 0.019882131386761814 0.040296734481063107 0.013817661667975115 0.012040420826213483 -0.065439124236206084 0.0085609428819075142 -0.053285622864246832 -0.066793089786921098 -0.074469434953266272 -0.056817268047145243 0.009423394787261747 0.044414426226234004 0.0084800316715253447 0.017145736973428163 -0.08055334866184416 -0.05867964526473405 0.035736012788113704 0.012926076256830782 -0.079479834793998949 0.0021427692831939311 -0.011620257509526423 0.023757827389471436 0.25673135793966362 -0.0073555294416093146
leaf_weight=53.94298503047321 452.89027260662988 72.900069164010347 465.05632656515809 202.23305404726125 531.30672211782075 151.39832987287082 139.79251405454124 1075.8100847832684 40.82667573512299 188.54951372148935 236.8288287659816 74.111665485732374 52.203825629374478 783.49570797196066 566.58007602852012 96.656887666729745 52.100563078085543 47.950563717051409 7552.6809228026978 95.320256758088362 264.57960225798888 80.60614875947067 304.7001736486709 820.50614058371866 303.44150855857879 167.81033036694862 35.968068604139262 99.414937103254488 208.71621788566699 392.22382743975322 23.490088740247302 195.64590072113788 62.810641769785434 360.48429825535277 340.23773871980666 82.191487292846432 72.422163528535748 617.73512704415771 777.98129998326476 620.60148646523885 306.49023313343059 102.36110296886181 62.77913650427945 369.50272582055186 162.12828195412294 183.71965940481459 62.025010737372213 201.22326623626577 424.41084386166767 759.75771664643253 3192.8758776351315 541.00854797672946 233.02911134583701 79.297388443970704 105.6813243109209 919.4451939582359 48.74756390946277 108.88396818650654 95.565403305881773 625.47482532037247 10.550355340994427 1252.7493092241348
leaf_count=8388 923 24195 10291 12030 905 2199 11949 3404 655 10482 15611 472 716 7567 7589 9291 5167 4073 177301 1915 3085 492 25308 3065 5912 4687 1222 1829 14203 8253 48 3074 3537 1829 47483 2352 487 6409 3236 1572 970 1580 1628 2033 2170 15942 2356 3437 5150 4764 120782 7458 8583 4444 2396 9484 1711 701 496 8316 148 37958
internal_value=0.00426533 0.00376088 0.00392349 0.0167512 0.00324743 -0.0213912 -0.0060994 0.0258147 0.00401726 0.0027474 -0.0627756 0.0301838 0.018556 0.0104187 0.0146341 -0.00408285 0.00826005 0.00660658 0.00352104 0.00605229 -0.00166231 -0.0480952 1.59865e-05 0.00460876 0.00682967 -0.0230373 0.0103132 0.00510137 -0.00212927 0.00511572 0.0325963 -0.0359422 0.00163991 -0.0119207 -0.0182846 -0.00919436 -0.000459689 -0.0109984 0.0114273 0.00442885 -0.0231863 0.00688972 0.0305833 -0.0321999 -0.0103 -0.0390272 0.00255583 0.0121211 -0.0118816 0.0377597 0.00307465 -0.0133425 -0.0432743 0.00745253 -0.0123427 0.00732552 -0.0322309 -0.0482229 -0.0605055 0.008506 0.0341553 0.00300565
internal_weight=28611.9 28159 28086.1 1406.1 26680 808.348 656.949 1203.86 25871.7 23793.5 277.656 1149.92 2078.19 1546.89 1494.68 711.188 517.157 614.531 23515.8 15800 7715.81 269.156 7446.65 5377.57 5112.99 534.062 4578.93 3710.96 2890.46 2380.41 867.963 510.043 366.252 2069.08 1708.6 1403.9 7621.7 2415.14 850.403 5206.56 1564.74 4927.52 683.381 1258.25 531.631 279.04 1063.66 8178.32 625.634 831.995 4244.14 1051.26 430.956 620.306 314.398 1001.64 72.2377 726.619 328.595 2281 402.774 1878.22
internal_count=695713 694790 670595 24294 646301 29606 27407 12264 616695 586554 16266 3876 30141 29236 28520 20953 15458 11662 570288 366294 203994 10974 193020 104208 101123 14136 86987 79242 76177 56504 7745 19673 9449 88812 86983 61675 180406 16006 3723 164400 12283 146543 3200 11313 4203 17857 14192 185888 8587 6523 143343 22561 10659 11902 16599 11836 1759 7110 9079 54675 8401 46274
is_linear=0
shrinkage=0.05


Tree=75
num_leaves=63
num_cat=22
split_feature=1 48 0 0 43 48 0 48 0 48 0 44 0 44 0 42 43 42 0 48 0 43 41 0 27 0 48 41 42 48 18 32 0 34 44 48 0 43 48 0 48 0 44 0 35 0 47 0 34 0 48 0 43 48 43 43 48 0 44 43 43 0
split_gain=213.419 150.135 648.268 248.635 189.16 170.696 662.003 171.978 965.513 509.918 198.182 231.328 191.736 198.345 176.808 217.012 173.928 493.687 359.234 258.705 274.889 170.189 167.506 153.661 147.743 144.655 142.699 170.139 138.889 134.956 128.558 126.654 123 222.135 121.94 117.995 367.102 202.999 121.495 703.109 523.243 518.323 382.118 321.307 220.016 237.28 214.552 377.302 188.727 235.374 155.348 134.27 131.071 150.614 130.167 358.433 325.394 216.444 156.345 129.743 369.3 480.826
threshold=10.500000000000002 -0.99236765503883351 0 1 0.72695311903953563 -0.96953669190406788 2 -0.92625963687896717 3 -0.89495861530303944 4 -0.72694849967956532 5 -0.46800559759140009 6 0.2269546836614609 0.35846313834190374 0.09796465560793878 7 0.086405619978904738 8 0.15951094031333926 -0.72947329282760609 9 0.092860352247953429 10 -0.69740253686904896 -0.84874749183654774 1.0000000180025095e-35 0.30228675901889807 0.27500000596046453 0.05172413773834706 11 2.2500000000000004 -0.99052476882934559 -0.8317061960697173 12 -0.81429189443588246 -0.43448521196842188 13 -0.28219357132911677 14 -0.99983122944831837 15 5.2500000000000009 16 -0.73526480793952931 17 1.6500000357627871 18 0.99358409643173229 19 0.8337649703025819 0.98864033818244945 -0.9413962960243224 -0.99763298034667958 0.97778499126434337 20 0.011826144531369211 -0.96235975623130787 -0.87812310457229603 21
decision_type=10 2 9 9 2 2 9 2 9 2 9 2 9 2 9 2 2 2 9 2 9 2 2 9 2 9 2 2 2 2 8 2 9 2 2 2 9 2 2 9 2 9 2 9 2 9 2 9 2 9 2 9 2 2 2 2 2 9 2 2 2 9
left_child=1 2 4 -3 -1 6 -5 8 -7 -9 11 -10 13 16 15 24 17 18 26 20 -18 23 -12 34 -15 -24 -11 -28 32 -30 -16 -17 -21 -34 -19 36 37 -14 39 42 41 -40 -37 50 -44 -46 47 -41 51 -50 52 -48 54 -54 55 58 57 -57 -42 -45 61 -61
right_child=-2 3 -4 5 -6 7 -8 9 10 12 22 -13 35 14 30 31 19 21 -20 28 -22 -23 25 -25 -26 -27 27 -29 29 -31 -32 -33 33 -35 -36 38 -38 -39 40 46 43 -43 44 59 45 -47 48 -49 49 -51 -52 -53 53 -55 -56 56 -58 -59 -60 60 -62 -63
leaf_value=0.037800190044516131 0.045113458100149717 -0.056697111624275598 -0.045443682640538011 0.025589869428430556 -0.084724504930252478 -0.081243425868619559 -0.07037170633035171 -0.067340293370092438 -0.07524490171873488 0.040688117330274991 0.024752402069345644 0.043324214892626965 0.032105114190249182 -0.016785648516432737 -0.010532624714103567 -0.015425340409949643 0.029772016609428659 -0.021457550927641331 -0.061871958549496599 0.056237928517864168 -0.071132818086381652 -0.078516677404943544 0.0093969330386578075 -0.012182588432140189 0.018120253091675958 -0.079076818441315991 0.018637155844268675 -0.052484147175180823 0.027445048420311691 -0.070714862983258159 -0.041421858402785533 -0.077676827352930022 -0.074841669368295588 0.036466303062243466 0.038347182073800064 0.054956076053411497 -0.069659361343232501 -0.07261374113431826 0.0082082395199666817 0.025611254509083855 -0.055484651312873924 -0.08457838113440562 -0.05623369721781684 0.022286879445552708 0.011517395862277147 -0.078178462741675281 -0.016919253763151142 -0.077896873851156359 -0.064269546627632401 0.021668795267325479 -0.071947474928237859 0.045268766043353705 -0.06848707769437426 0.047697682115993456 0.0040131676839306281 0.0028853912431456878 0.040911358271777581 -0.091630489645959323 0.034149147141958124 0.019378706481064184 0.012202653868176675 -0.075228510703387985
leaf_weight=1242.3064493591955 316.71336334571242 163.67898781098484 308.41460956064111 367.13498263404472 32.320384706894401 210.4056776665675 336.74524825984554 256.32490947884799 42.462789977842476 148.59144877565268 288.90331656075432 1316.8194450503506 287.93272351604537 449.66685173449514 647.44607451501361 239.23706638198928 122.59910824825056 95.735889523930382 457.06042470037937 485.63260333787184 131.95284861548862 44.114261428854661 92.444250877713785 260.0807518526708 930.33320712251589 85.167199487346807 162.63539063090866 174.11535733095661 87.77680685359519 58.254888043607934 702.13504257655586 124.08612510825333 56.788325753324898 212.7435485223541 777.03646152376314 143.7970422306098 193.9716078301135 55.141924734925851 288.95192789187422 261.65144878980936 58.842577669187449 308.85480776266195 476.15991740621394 2311.6278118590417 352.68631414347328 82.732886101817712 91.976808633044129 120.52878515937482 77.59745213878341 947.17583188519347 87.495349289645674 1575.8644999701937 144.28764676465653 34.578423450700939 2280.504014439095 86.242990752100013 79.961991420597769 263.81311723520048 280.85229262884241 249.02758616325445 5453.0819004667865 278.35501323608332
leaf_count=6533 484 137855 19191 1990 1938 8758 19755 13248 1702 579 2126 5755 719 19242 45310 10018 616 1622 15953 1888 7715 2546 1981 8455 10119 4356 836 3218 758 4632 14441 11602 3341 455 5929 284 10744 2655 5534 2856 933 12662 22607 11863 690 1200 4874 5310 658 2321 4738 18826 13597 303 51979 982 366 5053 747 1287 109284 8063
internal_value=0.00429943 0.00383752 0.0187937 0.00294076 0.0344233 0.00333313 -0.0209556 0.00400398 0.0179436 0.00279606 0.0296565 0.0393309 0.00356957 -0.00382116 -0.0129076 -0.00229222 0.00474811 -0.00376072 -0.0307292 0.0203513 -0.0241592 0.017833 0.00123437 0.021585 0.00674632 -0.0369506 -0.000123811 -0.0181358 0.0329237 -0.0117129 -0.0264074 -0.0366862 0.0415554 0.012549 0.031427 0.00635727 -0.0166996 0.0148412 0.00711913 0.0145319 0.00461097 -0.0410072 -0.0205995 0.00696014 -0.032744 -0.00705645 0.0265707 -0.00840036 0.0316331 0.0147457 -0.00618958 0.0420092 -0.00442697 -0.0460262 -0.00198757 -0.0197666 -0.0500923 -0.0708799 0.0186226 0.0122124 0.00833868 -0.0316144
internal_weight=28301.6 27984.8 1583.04 26401.8 1274.63 26238.1 703.88 25534.2 2036.2 23498 1825.8 1359.28 23241.7 6368.02 3092.9 1743.32 3275.12 2119.37 942.403 1155.75 254.552 1176.97 466.515 1132.85 1380 177.611 485.342 336.751 901.196 146.032 1349.58 363.323 755.164 269.532 872.772 16873.7 537.046 343.075 16336.6 4130.17 12206.5 597.807 1055.38 11608.7 911.579 435.419 3074.79 382.18 2692.61 1024.77 3316.58 1667.84 3229.08 178.866 3050.22 769.713 430.018 350.056 339.695 8292.09 5980.46 527.383
internal_count=696082 695598 27662 667936 8471 530081 21745 508336 24678 483658 15920 7457 470410 169275 110732 50981 58543 39138 20586 19405 8331 18552 8463 16006 29361 6337 4633 4054 11074 5390 59751 21620 5684 3796 7551 301135 14118 3374 287017 59626 227391 18196 24781 209195 24497 1890 34845 8166 26679 2979 78698 23700 73960 13900 60060 8081 6401 6035 1680 130497 118634 9350
cat_boundaries=0 4 8 11 15 19 23 27 31 35 39 42 45 49 53 57 61 65 68 72 75 79 82
cat_threshold=3015906048 5214 885016848 34 2149582852 2952827617 753708 64 1610743808 25165828 64 64065955 39059466 75521281 33 1409826816 1073882112 2070937602 1806 1547723328 1210199302 437273106 1676 268460096 136315138 269500944 12 1073742336 3332 0 1024 0 4 0 4 1145044992 142336 402669584 132 537133056 16404 2147745936 473956864 8194 16386 553914369 8912896 2688549056 256 545390848 71319576 559954369 272 18092033 68763648 2701138048 16 17863713 60358656 2214593536 290 537002240 0 541065280 256 17826992 16777216 2222981120 34078720 8650752 263168 1 1343618 0 1140850688 0 1114112 0 32 131088 0 536875008
is_linear=0
shrinkage=0.05


Tree=76
num_leaves=63
num_cat=0
split_feature=1 48 43 44 44 40 29 48 35 36 48 48 44 35 24 17 28 48 35 30 43 28 36 29 9 21 44 27 36 17 24 46 34 47 17 37 44 34 13 35 20 17 43 26 29 43 44 44 24 39 26 17 24 43 28 43 48 26 33 48 48 28
split_gain=202.394 139.379 236.609 193.759 217.035 235.344 177.247 158.331 239.491 210.029 157.004 470.389 254.98 192.84 171.893 175.558 167.343 150.948 178.897 142.622 251.074 239.538 199.83 199.104 175.755 168.278 161.472 159.654 184.77 163.639 161.557 191.199 153.02 141.646 140.776 132.969 142.548 130.829 127.725 124.517 122.947 152.267 169.098 139.986 160.676 218.632 138.787 137.208 131.345 158.398 160.861 152.438 130.356 335.262 289.408 309.669 252.873 139.815 137.286 140.563 317.507 243.695
threshold=11.34999990463257 -0.99236765503883351 0.72695311903953563 -0.26037105917930597 -0.72694849967956532 3.842000007629395 3.579064249992371 -0.96953669190406788 5.6499998569488534 8.5000000000000018 -0.92625963687896717 -0.89495861530303944 -0.42958799004554743 11.949999809265138 -0.016413449309766289 0.35416667163372045 0.0058823532890528449 -0.955856293439865 1.5500000119209292 0.20388736575841906 -0.88622298836708058 0.017647059634327892 4.5000000000000009 10.185258865356447 0.046438086777925498 -0.68333333730697621 -0.99864786863327015 0.065776083618402495 6.5000000000000009 0.35416667163372045 -0.02027944196015596 -0.4590336382389068 3.1499999761581425 -0.73526480793952931 8.4499998092651385 2.7055000066757207 -0.97874867916107167 16.94999980926514 0.22500000149011615 10.949999809265138 0.31666667759418493 1.0000000180025095e-35 0.95502296090126049 -0.0076388975139707318 5.1881456375122079 -0.98803845047950734 -0.99983122944831837 -0.99938741326332081 0.0009657986811362208 0.54850000143051159 0.0048228320665657529 5.0499999523162851 0.0053578964434564122 -0.98803845047950734 0.013725490774959328 -0.65234524011611927 0.52854865789413463 0.049161672592163093 1.2500000000000002 -0.49910144507884974 0.29059579968452459 0.051905291154980666
decision_type=10 2 2 2 2 2 2 2 2 2 2 2 2 2 10 10 2 2 2 2 2 2 2 2 10 10 2 2 2 8 8 2 2 2 10 2 2 2 10 2 10 8 2 10 2 2 2 2 10 2 10 8 10 2 2 2 2 8 2 2 2 2
left_child=1 2 3 4 5 -1 -5 8 9 33 12 16 13 14 15 -9 -12 18 -14 27 21 23 -23 -21 26 38 -22 28 35 30 31 -30 -25 -3 -35 -13 -37 40 -24 -33 41 42 46 44 -43 -46 -29 -48 51 50 -50 -45 58 -54 56 -56 -55 -57 59 -49 61 -61
right_child=-2 7 -4 6 -6 -7 -8 10 -10 -11 11 19 17 -15 -16 -17 -18 -19 -20 20 24 22 25 32 -26 -27 -28 37 29 -31 -32 39 -34 34 -36 36 -38 -39 -40 -41 -42 43 -44 48 45 -47 47 52 49 -51 -52 -53 53 54 55 57 -58 -59 -60 60 -62 -63
leaf_value=-0.072161094400341907 0.047057451990122082 0.035184348989492145 -0.078837761656372601 0.013105781172654067 0.039460824321743568 0.039064799612624268 -0.072489722957289157 -0.073142023628137806 -0.082568475159634891 -0.072539821477089012 0.027616641590177678 -0.038554685477715997 0.013911292853064174 0.029108845339694218 -0.077332953180904371 0.047164396140461896 -0.08309246263116965 0.031893646209433656 -0.096163614090145608 -0.064627752934258639 -0.083692381969243765 0.018826448892451688 0.055804565403062882 -0.055900005642879613 0.032324445527122943 -0.032146787965706101 0.0014536934557325392 0.039145815802701468 -0.021621203344571713 -0.041853823079238531 -0.0022457870194836495 0.035140407183735428 0.014197880633264348 -0.045189205119634632 0.039172566846502374 -0.087766447172584222 -0.0018157353151070851 -0.072314675058531439 -0.058232272311482029 -0.097617616806749935 0.018787784048359318 -0.039871325431606791 -0.057038851133447505 0.028825773420584774 -0.069876174237240379 0.037438086269101938 -0.079699627870810905 0.023037566898766348 -0.075298232629377349 -0.038492477315122647 0.010188196613526239 -0.032005977516750855 0.030963155483970547 -0.0300626456306161 -0.056064856179619905 -0.00013473881782784711 0.043034392980763281 -0.045882388990946224 0.02658998471736489 -0.04127579595396199 0.013790902448015964 0.015234765518722847
leaf_weight=98.729837394726928 271.74196080025285 230.55370962712914 60.373595809651306 175.13381632042001 1042.0309300098888 91.76021276031679 92.385028160002548 49.119695473520551 127.76169697984005 99.990301082114456 40.639490459871013 506.95041252783267 135.72393881587777 147.08079400585848 153.01520311103377 79.245162318693474 213.21385264875425 1387.6299706356222 50.700779292266816 399.88955346182047 57.113584047590848 521.67787103868613 104.60411973889859 124.94832890370162 490.13926140594413 632.02259014142328 2219.7914171627781 383.72723644215148 202.34775107741007 185.21479411152541 1872.7091441465891 846.55635354576225 206.55582745146239 165.17991828477534 70.581817918558954 51.097407252411358 862.43831287324429 50.858974717368255 32.085873330215691 18.038647850044072 2226.1883262266056 487.4744926783751 95.845961095110397 622.82355368463323 64.070171842176933 183.08412929571932 43.959948467090726 1195.6464980731689 59.598687629157212 312.97223757600295 717.78561947007256 123.38653853828146 697.24156600011338 165.80907549975382 420.87577330019849 1135.6737840407732 413.06863186057308 195.81269601167878 1461.8307691205264 579.04768168604642 1939.3175343404291 284.51694431446958
leaf_count=5528 413 2914 6535 7618 3162 988 3837 1805 1973 13128 649 47272 6378 279 8539 296 15989 12822 919 7915 1727 2256 621 4807 1642 7344 70081 1397 9102 6112 126112 15067 722 9269 267 905 19278 436 641 293 7839 14988 18985 5208 1197 1600 1403 20182 1361 10211 7706 2907 3072 8726 14796 49230 5089 16162 4542 21304 44975 7561
internal_value=0.0041166 0.00369543 0.0182119 0.022118 0.03049 -0.0185829 -0.0164538 0.00282905 -0.0207328 -0.00678233 0.00347159 0.00232397 0.0169098 -0.0172873 -0.0415391 0.00112832 -0.065369 0.0262183 -0.0160251 0.00306483 -0.00462174 -0.0180153 -0.00505831 -0.0408753 0.0051645 -0.0212674 -0.000682099 0.0050647 -0.00306712 0.00372969 0.00660171 0.0221309 -0.0122229 0.0073178 -0.0199332 -0.0180191 -0.00662327 0.00773139 0.0290362 0.0323706 0.00802619 0.00595797 0.00901994 -0.00477461 -0.0232211 0.00961885 0.00973002 0.00840717 0.00260402 -0.00845761 0.00363432 0.0187672 0.00886343 0.0005437 -0.00855434 -0.0186798 0.0220971 -0.00686254 0.0134778 0.0086841 0.00256123 -0.0226574
internal_weight=27977.4 27705.6 1560.41 1500.04 1232.52 190.49 267.519 26145.2 694.067 566.306 25451.2 23448.7 2002.52 428.461 281.38 128.365 253.853 1574.05 186.425 23194.8 4788.83 2021.78 1290.39 731.394 2767.04 768.713 2276.91 18406 4545.35 3124.87 2939.65 1066.94 331.504 466.315 235.762 1420.49 913.536 13860.6 136.69 864.595 13809.8 11583.6 9012.37 2571.2 734.629 247.154 8916.53 8532.8 1836.57 1090.36 777.384 746.21 8488.84 3028.48 2331.24 1752.36 578.878 1331.49 5460.36 3998.53 2802.88 863.565
internal_count=696082 695669 27668 21133 9678 6516 11455 668001 27551 25578 640450 609412 31038 10919 10640 2101 16638 20119 7297 592774 97756 24306 10862 13444 73450 8606 71808 495018 224141 156686 150574 24462 5529 12450 9536 67455 20183 270877 1262 15360 270441 262602 217424 45178 17785 2797 198439 197042 27393 19278 9067 8115 195639 97075 94003 80188 13815 65392 98564 94022 73840 28865
is_linear=0
shrinkage=0.05


Tree=77
num_leaves=63
num_cat=21
split_feature=1 48 0 0 48 0 48 0 48 0 44 0 44 44 11 0 26 28 0 48 0 11 44 48 48 48 48 0 44 0 35 48 28 0 28 10 0 44 47 48 32 24 48 47 0 26 48 0 18 48 48 0 48 0 44 0 35 0 47 0 34 0
split_gain=191.271 129.301 577.602 235.392 146.72 594.472 146.341 908.029 440.4 174.413 173.99 172.905 200.877 174.334 168.486 161.429 159.688 159.218 156.784 156.198 279.364 134.625 134.089 200.67 326.909 136.732 268.561 181.446 255.749 169.73 133.23 131.461 195.185 214.439 183.022 141.118 138.409 126.542 125.215 124.233 119.159 161.871 115.275 129.965 111.937 111.109 107.889 331.465 192.615 114.711 113.174 644.38 474.535 485.591 342.023 294.843 198.833 220.509 198.49 348.213 167.979 220.134
threshold=11.34999990463257 -0.99236765503883351 0 1 -0.96953669190406788 2 -0.92625963687896717 3 -0.89495861530303944 4 -0.46800559759140009 5 -0.72694849967956532 0.046214086934924133 69.291667938232436 6 -0.027967803180217739 0.0058823532890528449 7 0.70222932100296032 8 155.04166412353518 -0.52034142613410939 0.85232898592948925 0.4063368439674378 0.086405619978904738 -0.25834974646568293 9 -0.94703993201255787 10 0.25000000745058065 0.23357862979173663 0.036731028929352767 11 0.04256099462509156 44.625000000000007 12 -0.54940786957740773 -0.21973706036806104 0.92346203327178966 1.0000000180025095e-35 -0.018231510184705254 -0.45622229576110834 0.012064661365002395 13 0.0062721755821257838 -0.8317061960697173 14 1.2749999761581423 -0.87154164910316456 -0.43448521196842188 15 -0.28219357132911677 16 -0.99983122944831837 17 5.2500000000000009 18 -0.73526480793952931 19 1.6500000357627871 20
decision_type=10 2 9 9 2 9 2 9 2 9 2 9 2 2 2 9 10 2 9 2 9 2 2 2 2 2 2 9 2 9 2 2 2 9 2 2 9 2 2 2 2 10 2 2 9 10 2 9 10 2 2 9 2 9 2 9 2 9 2 9 2 9
left_child=1 2 30 -3 5 45 7 -6 17 10 14 12 -9 -13 -10 -12 -17 -8 -16 31 39 -4 23 24 25 26 27 -20 38 -27 -1 32 33 42 36 -34 -33 -28 -29 -21 -25 -42 43 -18 -43 -5 47 48 -11 -50 51 54 53 -52 -48 -54 -56 -58 59 -53 -60 -62
right_child=-2 3 21 4 6 -7 8 11 9 46 15 13 -14 -15 18 16 19 -19 22 20 -22 -23 -24 40 -26 29 37 28 -30 -31 -32 34 35 -35 -36 -37 -38 -39 -40 -41 41 44 -44 -45 -46 -47 50 -49 49 -51 52 58 55 -55 56 -57 57 -59 60 -61 61 -63
leaf_value=-0.065298732208761812 0.046512608158651152 -0.056763679544409508 0.0033829925552006975 0.034791184836144726 -0.080393964253379621 -0.068673594575992536 0.026694586633451978 -0.074544735290926242 -0.068846220125708874 -0.078743841977760562 -0.064784512315548382 0.012869618754246553 0.042057348028979064 -0.086792879177471527 -0.035945690787956903 -0.044368722134887746 -0.09398889436975176 -0.08228891398928595 0.02689461601542046 -0.071322978070710891 -0.066426677118826119 -0.061673905828527102 0.03461412347483446 0.046213514989161264 -0.070090063323269267 0.042619417595052778 -0.083373296578458503 -0.082565747966412403 -0.078021643049069889 -0.031009333707088783 0.037457243726581324 -0.052892682061886423 -0.10848788644175372 -0.068434318706852224 -0.051426838162043388 0.009910250209841787 0.026791243235325442 0.033389901252040055 0.023269567332950943 0.02678414160952405 -0.081364989353726658 0.026000688864028454 -0.05573915192040322 0.033215936740331041 -0.034520512830259857 -0.053804794200479206 0.053650387871546093 -0.068040540229038757 0.045263228978902059 -0.033203706008169291 0.0077453325415668258 0.024104363945339491 -0.0061854266455829178 -0.08317894960979319 -0.054062164418122741 0.011559158060082404 0.010947748033432894 -0.076599166188733483 0.040276051613273411 -0.076820720610163692 -0.027631917963537908 0.026918343004352627
leaf_weight=32.439064739810419 261.44096259493381 155.36596366197045 121.70915089652408 318.61045817559352 205.18172939558281 315.8710591957788 40.132044007099466 38.079938979964936 76.728573044121731 47.977221155917505 130.60160189644375 431.61245770742244 1230.3536780144204 48.844829728477634 197.33351487276377 299.44711660346366 22.822014090634184 203.18726573827735 401.47867395385401 38.959866868055542 252.21028218104038 229.40489506762242 438.35322675803036 344.44772242549516 178.68927526619518 318.72635002015159 146.13012844001059 32.29533699429885 130.20585929628578 96.790558171313023 1144.354510541365 50.19792672371841 26.102967657556292 233.98360075808887 95.4945221960661 701.98959260634729 780.67612546133751 27.584176514297724 207.55914876463066 187.87686769405263 45.49009082649718 469.62624021316878 73.702548516157549 167.11694915225962 82.978370935947169 39.810120374138933 135.76922599622048 185.31792179250624 230.84835858119186 58.349946976377396 286.39539379044436 258.26327423099428 3268.1588212909992 295.90955837161164 467.54423533694353 8211.60609145739 349.01221133337822 80.133422828861512 1640.2801042032952 115.71482115297113 233.23039504734334 786.19974413403543
leaf_count=5028 413 137857 543 1166 9124 19756 527 1552 1062 2858 27258 4588 5283 4139 12191 17022 916 12722 3690 3664 12383 19199 2533 1490 9410 1693 5351 1306 6669 3591 2898 2167 304 12362 6095 15579 5521 256 1735 3496 1235 2899 2564 1403 3440 826 284 10162 466 635 5534 2856 78709 12662 22608 130513 692 1200 23702 5310 1109 1876
internal_value=0.00394787 0.00354264 0.0176775 0.00270986 0.00308913 -0.0199259 0.00370855 0.0168483 0.00259942 0.00331019 -0.00380591 0.0285533 0.0382552 0.00268179 0.00435095 -0.0123302 -0.00973831 -0.0643136 0.00615239 -0.00583406 -0.0316553 -0.0380394 0.00908899 0.00461755 -0.00650685 0.00184257 -0.00866573 0.00398037 -0.0210376 0.0257477 0.034333 -8.63427e-05 -0.0108296 -0.0349641 0.0141285 0.00566554 0.0216629 -0.0648324 0.00901931 0.00951452 0.0227871 0.0092956 -0.00256609 0.0179317 0.0167587 0.0242735 0.00598238 -0.0163752 0.0136346 0.0294314 0.00671039 0.0139243 0.00427858 -0.039755 -0.0201122 0.00651216 -0.031505 -0.00692951 0.0254902 -0.00853309 0.03037 0.0144311
internal_weight=27722.7 27461.3 1527.91 25933.4 25778 674.292 25103.7 1954.07 23149.6 22906.3 6255.6 1748.89 1268.43 480.457 3194.42 3061.18 2930.58 243.319 3117.69 2631.13 479.047 351.114 2920.36 2482 1539.46 1360.77 945.253 771.539 370.06 415.517 1176.79 2152.09 1225.72 497.625 926.369 728.093 830.874 173.714 239.854 226.837 942.542 598.095 263.642 189.939 552.605 358.421 16650.7 522.493 337.176 289.198 16128.2 4066.15 12062.1 582.305 1032.46 11479.8 896.69 429.146 3033.69 373.978 2659.71 1019.43
internal_count=696082 695669 27668 668001 530144 21748 508396 24686 483710 470461 169285 15562 6835 8727 58551 110734 83476 13249 57489 66454 19543 19742 45298 42765 33701 24291 19007 13400 9710 5284 7926 46911 33128 17245 13783 15883 7688 5607 3041 7160 9064 7574 4883 2319 6339 1992 301176 14121 3959 1101 287055 59637 227418 18196 24784 209222 24500 1892 34853 8166 26687 2985
cat_boundaries=0 4 8 11 15 19 23 27 31 35 38 42 46 49 53 57 61 65 69 73 76 80
cat_threshold=3015906048 5202 885016848 34 2149582852 2952827617 753708 64 1610743808 25165828 64 64328099 39059466 2223004929 33 1547723328 1210199302 437273106 1676 1409826816 1073751040 997195778 1806 134217728 1073744896 2 640 16384 1073741824 1049088 520 67117120 2097408 34619904 1028 1073741824 132100 134217744 402653696 0 402669568 4 67108928 256 268435456 12 67125760 131072 1064960 1140851200 139264 402669568 132 553914369 76038144 2705326272 256 545390848 71319576 559954369 272 18092033 68763648 2701138048 16 17863713 60358656 2214593536 290 537002240 0 541065280 256 17826992 16777216 2222981120 34148352 42205184 8651776 1
is_linear=0
shrinkage=0.05


Tree=78
num_leaves=63
num_cat=0
split_feature=1 48 43 44 29 34 29 48 35 36 48 48 44 48 35 24 28 48 18 44 48 44 28 32 26 10 10 48 35 41 48 42 48 44 44 44 44 28 27 41 46 42 24 41 21 48 43 43 18 36 48 48 28 48 18 43 11 24 44 48 44 48
split_gain=180.734 119.683 216.505 175.387 205.979 185.452 159.205 135.087 215.857 189.332 135.479 230.577 196.252 180.206 165.051 161.027 149.863 141.48 208.135 130.026 317.162 262.906 305.756 253.044 266.258 251.534 305.981 234.789 440.055 399.371 304.081 473.146 365.387 358.947 347.574 307.118 299.241 276.542 327.672 409.488 325.993 266.203 248.975 236.11 236.043 229.527 224.784 412.835 218.571 218.164 217.925 205.047 477.75 299.499 402.683 300.927 198.728 198.275 193.06 190.53 185.955 180.267
threshold=11.34999990463257 -0.99236765503883351 0.72695311903953563 -0.26037105917930597 3.4594428539276127 1.8499999642372134 3.579064249992371 -0.96953669190406788 5.6499998569488534 8.5000000000000018 -0.93109762668609608 -0.89495861530303944 -0.42958799004554743 -0.92625963687896717 11.949999809265138 -0.016413449309766289 0.0058823532890528449 -0.955856293439865 0.18333333730697635 -0.84313312172889698 -0.77313542366027821 -0.77243989706039418 0.056927841156721122 0.086206898093223586 -0.0028513226425275202 59.708333969116218 31.208333015441898 0.70222932100296032 3.6499999761581425 -0.16280825436115262 0.24460743367671969 0.77259656786918651 -0.69740253686904896 -0.65233206748962391 -0.38243420422077173 -0.35042476654052729 -0.35846087336540217 0.017647059634327892 0.098076213151216521 0.09796465560793878 0.5600285828113557 0.35206145048141485 -0.0042626217473298303 0.91037613153457653 -0.18333333730697629 -0.42338730394840235 -0.76141706109046925 -0.99275806546211232 1.0000000180025095e-35 4.5000000000000009 -0.70616334676742543 0.3601794987916947 0.04256099462509156 0.54937449097633373 7.7750000953674325 -0.86114627122879017 17.708333015441898 -0.018531179055571553 -0.58481180667877186 0.8462619185447694 -0.41399101912975306 0.85232898592948925
decision_type=10 2 2 2 2 2 2 2 2 2 2 2 2 2 2 10 2 2 8 2 2 2 2 2 10 2 2 2 2 2 2 2 2 2 2 2 2 2 2 2 2 2 10 2 10 2 2 2 8 2 2 2 2 2 10 2 2 10 2 2 2 2
left_child=1 2 3 4 5 -1 -5 8 9 -3 12 13 14 -12 15 -9 -15 18 -14 20 -13 22 -21 25 57 26 45 30 46 -30 31 33 35 48 44 -33 -36 40 42 41 -38 -40 50 51 -35 -22 47 -29 -23 -24 -39 52 -32 54 -53 56 -56 -25 -55 -47 -31 -27
right_child=-2 7 -4 6 -6 -7 -8 10 -10 -11 11 19 17 16 -16 -17 -18 -19 -20 21 23 27 49 24 -26 61 -28 28 29 60 43 32 -34 34 36 -37 37 38 39 -41 -42 -43 -44 -45 -46 59 -48 -49 -50 -51 -52 53 -54 58 55 -57 -58 -59 -60 -61 -62 -63
leaf_value=0.018025856565094235 0.04595790681188637 0.0071551413718461496 -0.078329395094957219 0.012071126508956972 0.042452686791926222 -0.066252656099642801 -0.070025035080337167 0.0038263389448251438 -0.080102213513726817 -0.071637960783864599 0.0084956670734744229 -0.070523575442358002 0.023730999810772962 0.025447072124103316 0.029023946818376431 -0.076108726548042557 -0.080845693209670638 0.031448635735118018 -0.087984151190635684 -0.071843283861017293 0.042430255261157804 -0.0066487622533830245 0.043887529526378179 -0.080939999644362923 -0.059327666542535851 0.0093813932834709273 -0.093899925053667968 0.015925214788839431 -0.077695341450793529 -0.082560273548439325 0.037969150742052267 0.040143072677938985 -0.066988232922089927 -0.077731187674344601 -0.10855395119876654 -0.062879991694473364 -0.008425332824993581 -0.060780545978797985 0.033583761444674738 -0.038070204810576429 -0.072908819336395689 -0.056404262483677095 -0.044814335850803966 -0.054451206617432107 0.023859045278741026 -0.077342990545106294 0.012871054521349831 -0.055289723579027852 -0.081781208871470293 -0.068290852653165979 0.012572397866425979 -0.053302996824056509 -0.076690347555818911 -0.076449078694482309 0.038299636106186599 0.044347593434287992 -0.077163131187979239 0.019934176637141698 0.022769152229858144 0.0037777477913516749 -0.0021398615834138965 0.028290761867310516
leaf_weight=254.81835964416678 251.61671465076506 449.38967293019232 57.153463573151384 171.95948755739664 838.37065276739304 87.751741313375533 89.942215466944617 118.08640323653526 120.92565165329142 91.818421235671849 139.62536286901741 123.9426017713995 117.83434296859195 39.826136328076245 138.78591315378435 135.06620852478954 198.14450088236481 1209.1577296545147 64.522558601747733 265.55849631865567 191.29585740869516 194.56076318459236 141.58598293014802 56.564614053888363 253.5263419876137 3095.6786916561978 106.54730093556282 407.52771594736259 387.87826885971299 83.052345408985275 1521.8061557036854 201.08987646605237 456.42392268696858 58.673275812034262 65.677180486512952 112.9843245849188 1006.6131085358647 117.45901059817697 1578.8993859676702 264.50272691619466 243.3879360807332 86.695982576871756 414.12219471886056 118.64423880440881 2243.2619469329511 117.55373422037519 1533.6505212497577 406.49186444059887 192.6500757822796 62.462282609791146 733.90813304969925 389.78111797262682 96.616851681057597 50.41001257552125 55.840265638194978 310.24307057974511 112.03486598479503 350.96105244637874 1789.2354749785736 188.37422422441887 534.40777713054558 2125.9438869992737
leaf_count=6068 413 12450 6535 7618 2611 999 3837 1874 1973 13128 2891 8761 5384 649 252 7785 15989 10939 1913 16308 370 7433 1210 2358 10401 58223 1968 5258 5231 1477 10959 2667 38275 1864 2745 9988 39969 5296 7172 12109 17871 2358 35755 12458 20777 1484 93384 27007 6179 4962 22308 27042 8000 3161 95 2030 2421 5885 26514 813 4261 17967
internal_value=0.00377679 0.00338619 0.0171143 0.020895 0.0291044 -0.00356268 -0.0161223 0.00258405 -0.019707 -0.00621247 0.00317421 0.00215446 0.0164546 -0.0365985 -0.0147976 -0.038822 -0.0630568 0.0252572 -0.0157967 0.0027949 0.00870656 0.000388314 -0.036478 0.0102205 -0.0190958 0.0135472 -0.0170071 0.00148624 -0.010254 -0.0379342 0.00465689 -0.00118624 -0.0384259 0.00279869 0.00546006 0.00308179 -0.002607 -0.00104178 0.0067577 0.0197222 -0.0209809 0.0288998 -0.0130154 0.0151359 0.0212696 -0.000530133 0.00159939 -0.0196369 -0.0440296 0.00954802 0.00245225 0.0170444 0.0311242 0.00862823 -0.0155828 0.0151683 -0.0387568 0.00593283 0.0200504 -0.0273931 -0.0129569 0.0170802
internal_weight=27423.3 27171.7 1500 1442.84 1180.94 342.57 261.902 25671.7 662.134 541.208 25009.6 23226.1 1783.45 377.596 391.939 253.153 237.971 1391.51 182.357 22848.5 6610.39 16238.1 469.607 6486.45 661.052 5825.39 603.771 15768.5 3353.01 1005.34 12415.5 7970.91 770.498 7200.41 6813.2 314.074 4511.27 4445.59 3195.59 1930.1 1250 1665.6 1265.49 4444.61 2301.94 497.224 2347.67 814.02 387.211 204.048 851.367 4325.97 1618.42 2707.54 867.899 478.118 167.875 407.526 1839.65 305.928 617.46 5221.62
internal_count=696082 695669 27668 21133 9678 7067 11455 668001 27551 25578 640450 612303 28147 19529 9911 9659 16638 18236 7297 592774 108230 484544 22480 99469 18644 80825 4635 462064 136618 10969 325446 232766 50930 181836 168224 12655 145583 142838 84998 21639 57840 9530 63359 92680 22641 2667 125649 32265 13612 6172 27604 80222 18959 61263 31588 4546 2516 8243 29675 2297 5738 76190
is_linear=0
shrinkage=0.05


Tree=79
num_leaves=63
num_cat=19
split_feature=4 48 0 0 48 0 48 0 48 0 43 0 32 0 10 6 10 0 48 0 48 0 43 28 41 48 48 0 44 43 44 48 44 43 0 28 0 0 28 0 0 10 43 0 48 44 28 35 0 43 44 18 41 34 35 0 43 44 48 34 34 43
split_gain=173.52 110.762 504.573 197.1 143.311 494.408 123.075 767.404 203.728 449.121 329.856 195.192 200.132 437.61 176.266 220.483 173.547 222.026 175.913 351.461 331.265 246.146 217.84 184.788 178.049 165.728 162.957 157.971 172.249 155.961 147.971 147.193 145.953 142.243 530.818 363.154 455.413 223.446 216.666 603.182 602.43 469.71 233.255 569.398 212.276 195.462 195.444 187.706 184.377 224.738 210.412 301.149 171.698 175.529 167.363 156.742 172.619 151.549 219.567 146.612 144.177 130.219
threshold=1.2500000000000002 -0.99236765503883351 0 1 -0.96953669190406788 2 -0.93109762668609608 3 -0.8317061960697173 4 -0.67803022265434254 5 0.12068965658545495 6 13.208333492279055 8.4499998092651385 40.041666030883796 7 -0.43448521196842188 8 -0.29489870369434351 9 -0.99763298034667958 0.051905291154980666 -0.63405361771583546 -0.86523443460464466 0.048984551802277572 10 -0.72694849967956532 0.056951373815536506 0.046214086934924133 0.87676990032196056 0.57605713605880748 -0.86976337432861317 11 0.017647059634327892 12 13 0.017647059634327892 14 15 68.791667938232436 -0.50556187331676472 16 0.3601794987916947 -0.15950992703437802 0.0098039219155907648 0.45000000298023229 17 0.57077592611312877 -0.95242238044738758 0.14583333581686023 0.77259656786918651 3.4500000476837163 11.050000190734865 18 0.96234640479087841 0.080547325313091292 -0.74068796634674061 12.750000000000002 6.5499999523162851 -0.99940761923789967
decision_type=10 2 9 9 2 9 2 9 2 9 2 9 2 9 2 10 2 9 2 9 2 9 2 2 2 2 2 9 2 2 2 2 2 2 9 2 9 9 2 9 9 2 2 9 2 2 2 2 9 2 2 10 2 2 2 9 2 2 2 2 2 2
left_child=1 2 -1 -3 5 -5 7 -6 9 -8 25 16 14 26 15 -13 17 -10 19 -18 -20 23 -21 -22 29 -11 -14 30 -29 -25 -9 -19 -24 34 61 36 46 44 40 -40 -35 59 43 47 45 -37 57 -43 50 -50 51 -44 -51 -54 55 -42 -57 -36 -59 -41 -49 -16
right_child=-2 3 -4 4 6 -7 8 27 11 10 -12 12 13 -15 33 -17 18 31 20 22 21 -23 32 24 -26 -27 -28 28 -30 -31 -32 -33 -34 38 35 37 -38 -39 39 41 54 42 48 -45 -46 -47 -48 60 49 52 -52 -53 53 -55 -56 56 -58 58 -60 -61 -62 -63
leaf_value=0.032962629800461732 0.035428061337312931 -0.054124837710065855 -0.035015541903450347 0.020617247180946336 -0.084460081957760252 -0.066491084982796031 -0.06893467693588945 0.010390793160949974 -0.060291229371905543 0.023639921977808065 -0.067357369658140237 -0.06505769789369592 0.050452346942972105 -0.061811390064610561 0.0041669705119341876 0.0076479449458553691 -0.042844363031779124 0.037444981594197811 -0.068194296217914591 -0.11114475980447902 -0.032370238292678627 0.010149094779754822 0.030743992302320028 -0.088649599510170388 -0.033038897429734836 -0.056125350755037051 -0.082539116635228477 -0.072997080667405484 0.040208627021538906 0.05023004388909888 -0.087442872964149654 -0.038296046163066116 -0.062423026442072593 -0.048432902413819638 0.017856956567367844 -0.08270986275200759 -0.075687328251728692 0.016543327580076875 -0.056280231464448341 -0.090685766435990911 0.033943296660269406 0.062110903594059866 0.023359536886694999 -0.075383692905729771 -0.091329563771033073 0.015469552621402111 -0.10050987786249793 -0.079014352469916269 0.010918447234696984 -0.058275832682125731 0.030483074644667631 -0.079586812784958549 -0.058895024200238746 0.059786936577284101 -0.060921639621439996 0.015054885946093881 -0.072220988670036734 0.07221561273220993 -0.086976294966750967 0.05247514266481234 0.030786468423812115 -0.070509394176419091
leaf_weight=1107.6083846442634 422.32161545194685 143.59926970386005 353.24034854008642 341.21396591578377 161.95922408785555 297.62122964263835 306.05800932088459 373.66876739749569 60.400216906389687 625.34321835523588 145.78820206294768 222.03608728820109 166.44368912407663 354.71739031941979 69.498368385131471 196.60694069683086 198.01577557629207 1038.1875629954739 164.91628678748384 28.395348739984911 699.53245057302411 3620.5465718249616 1713.7824027143943 22.293369840917876 144.33300735973171 72.6885140050872 26.733391314512119 34.644177743350156 1116.6740836995159 216.8564283325104 43.108003884844948 68.369795762642752 43.093635109660681 342.80943552035023 492.25455919996602 63.689441999595147 298.42147376197681 2213.4518217759323 446.84734519127232 159.86224583805597 1486.6831688345992 163.06011036600103 191.12594475242076 253.52897593280068 91.052407711365959 248.45899218157865 46.516164337343071 55.856758673442528 1099.5612016119267 247.18736615715898 1590.4254778075992 113.06403161137132 51.659063188053551 78.489699300815118 62.660352027582121 2077.3988603521284 58.243591963706422 29.120256229944061 84.552484085637843 20.136498822364956 64.327390789519995 364.82985511037987
leaf_count=7627 905 139582 20012 1984 8228 19714 15369 3539 700 4400 15997 2293 791 18205 986 497 15089 3425 9682 390 19823 95431 13353 570 6260 1682 1270 1678 5554 1784 3298 646 6170 29651 1888 759 6877 10636 37057 2821 22972 1976 2026 10829 1857 1182 632 1291 18945 14198 29809 2727 4099 95 379 27907 3682 96 1834 14 116 12793
internal_value=0.00362917 0.0031257 0.0165111 0.00235012 0.00269414 -0.020683 0.00330655 0.0161617 0.0023268 -0.0181792 0.00103475 0.00342097 -0.000245498 -0.0298466 0.00100347 -0.030913 0.00959635 0.0274321 0.00657267 0.0191249 0.00145922 0.00390141 0.0260921 -0.0169222 0.0108161 0.0153337 0.0304706 0.0269212 0.0364853 0.0372838 0.000265308 0.0324718 0.0284587 0.00206688 -0.00571509 0.000716539 -0.0257449 0.0103351 0.00570375 -0.00179161 0.0141432 0.00429114 0.00793874 -0.0226745 -0.023572 -0.00456256 -0.0017153 0.02624 0.0128126 -0.00050397 0.0230741 -0.0149045 -0.0338024 0.0126793 0.0200416 0.0214975 0.0126156 0.00584071 -0.0461951 -0.0746703 -0.0202445 -0.0572422
internal_weight=27095.6 26673.2 1460.85 25212.4 25068.8 638.835 24430 1730.05 22699.9 1149.88 843.82 21550 13531.3 547.894 12983.4 418.643 8018.72 1166.96 6851.77 1983.29 4868.48 4703.56 1785.27 1083.02 383.483 698.032 193.177 1568.1 1151.32 239.15 416.777 1106.56 1756.88 12564.8 4001.85 3567.52 950.865 2616.65 8562.93 4535.13 4027.8 4088.28 3908.29 536.773 403.201 312.148 652.443 283.244 3371.51 1476.9 1894.62 304.19 377.336 130.149 3684.99 3622.33 2135.64 605.927 113.673 179.999 120.184 434.328
internal_count=696082 695177 27639 667538 527956 21698 506258 22297 483961 37448 22079 446513 273190 20266 252924 2790 173323 4771 168552 35002 133550 123868 19913 28437 8614 6082 2061 14069 7232 2354 6837 4071 19523 250134 39540 25761 11327 14434 210594 126003 84591 88946 86111 14212 3798 1941 4450 3383 71899 37337 34562 4753 18392 4194 54940 54561 31589 3818 1930 2835 1407 13779
cat_boundaries=0 4 8 11 15 19 23 26 30 34 38 42 46 49 53 57 61 65 69 72
cat_threshold=3015906048 5202 885016848 2 2149582852 2952827873 753700 64 1610743808 25165828 64 64065953 39059466 67141377 49 46908338 55640072 75520273 43 1410227 122961944 3246667777 51 1107296256 524288 68157440 16 34865152 6144 2 1026 71319576 2164275201 16 1114113 50331648 2164260864 32 671483410 92359700 3229876432 128 209719808 1073744896 134235522 896 1627537408 8194 806355520 1610612736 139266 269484544 1024 50483200 1073810432 2114176 512 201343488 1074397184 206570002 896 134742016 4 37748738 1164 1006633472 663552 609222674 384 62918912 3072 2114944
is_linear=0
shrinkage=0.05


Tree=80
num_leaves=63
num_cat=16
split_feature=1 22 0 15 33 43 0 0 48 26 33 0 43 0 35 43 44 41 0 43 35 33 48 3 44 0 26 43 33 24 23 22 0 0 43 34 46 46 41 44 0 46 0 0 0 35 48 47 47 48 44 43 0 0 44 41 18 0 47 23 43 26
split_gain=152.334 112.846 105.421 160.255 144.237 132.945 344.878 319.311 258.955 244.556 230.582 230.456 175.688 264.235 173.087 257.648 200.004 169.62 269.839 168.79 157.216 156.387 151.616 137.482 126.309 191.916 175.447 173.713 168.582 126.108 126.026 123.222 146.746 122.659 121.247 223.336 226.089 118.516 117.708 175.013 116.734 112.759 269.551 177.106 134.091 112.024 110.499 109.474 108.913 107.398 187.72 339.498 277.266 275.323 177.679 163.614 161.812 235.624 155.978 153.228 129.548 123.958
threshold=10.500000000000002 7.1833331584930429 0 6.0499999523162851 3.6499999761581425 1.0000000180025095e-35 1 2 -0.68859028816223133 -0.066976252943277345 1.0000000180025095e-35 3 0.14250627160072329 4 4.1499998569488534 -0.98214942216873158 0.029024410061538223 -0.097964655607938753 5 -0.056952163577079766 1.2500000000000002 2.4500000476837163 -0.17408934980630872 0.35000000894069677 -0.86112883687019337 6 0.18014176189899447 -0.57780906558036793 2.6499999761581425 0.03721668757498265 0.20035842806100848 0.45000000298023229 7 8 -0.99275806546211232 4.1499998569488534 -0.44839479029178614 -0.98695081472396839 -0.47114434838294977 0.81800284981727611 9 0.57033631205558788 10 11 12 13.949999809265138 -0.98708844184875477 -0.84913289546966542 0.91952124238014232 -0.63256293535232533 -0.19337245076894757 -0.93545487523078907 13 14 0.2332836911082268 0.72947329282760631 1.6458333134651186 15 0.78135138750076305 0.42887799441814428 -0.8337765336036681 0.035113167017698295
decision_type=10 10 9 8 2 2 9 9 2 10 2 9 2 9 2 2 2 2 9 2 2 2 2 8 2 9 10 2 2 10 10 10 9 9 2 2 2 2 2 2 9 2 9 9 9 2 2 2 2 2 2 2 9 9 2 2 10 9 2 10 2 10
left_child=1 2 3 29 5 6 9 23 11 -4 -10 -8 22 -14 15 -13 48 18 -12 24 37 34 -9 45 25 -11 27 28 49 31 -5 41 -33 -32 -20 36 40 -17 39 46 -36 43 -43 -1 -44 -7 -15 -27 -16 54 51 -51 61 58 56 -54 -26 -58 -53 60 -59 -52
right_child=-2 -3 4 30 -6 7 8 12 10 19 17 14 13 38 16 20 -18 -19 21 -21 -22 -23 -24 -25 26 47 -28 -29 -30 -31 33 32 -34 -35 35 -37 -38 -39 -40 -41 -42 42 44 -45 -46 -47 -48 -49 -50 50 52 53 55 -55 -56 -57 57 59 -60 -61 -62 -63
leaf_value=-0.041113017033876625 0.041450662590116545 0.023536602213621496 -0.070464894180911106 -0.050679447480648315 0.014601672665294746 0.014416143988987412 -0.054785886457311986 -0.065428956655010292 -0.054228396923631295 -0.034237156785156563 -0.069133224144374672 -0.080902245533668565 -0.063451120702658445 0.025466656166217329 -0.074791535232185527 0.085767928815860775 0.018040818299457039 -0.041419884673624424 0.029878067206742777 -0.085647042439857657 0.042374493831074993 -0.088049070996422785 0.031388612746184534 -0.077991528586834599 0.033493992431035478 -0.043040695352236424 -0.091027133624388828 -0.062847341947877944 -0.060907884013392234 0.043294976904310625 0.010935763490597205 0.043029819513661569 -0.017886554622207937 -0.048840316876299743 0.02187964953184935 0.019804129593277861 -0.070664923107409391 -0.035157654287752069 0.00047107793564235784 0.052329215807404517 -0.065941500011863288 0.026440322090170543 -0.0060106076118299438 0.012271104376818958 -0.04166041079734014 -0.050641556492782264 -0.072763715484771105 0.031738756121823107 0.015239589069559162 -0.091500447993385872 -0.051029141408653889 0.021268293924977894 0.019429699109739854 -0.051500615519447825 -0.045204633084559021 -0.052845337795060843 0.022746921353372477 -0.083130776871018788 -0.074181506440766834 0.02613447636793156 0.0038452399911419709 0.014617008384494166
leaf_weight=151.41518290998647 267.63966400385834 687.43302482763829 111.39337021530082 186.84181445080321 1717.6846062058612 4176.1499239044788 149.48631195902999 46.787988025855157 554.1567551176704 136.0753198863822 149.08969089243328 55.688198146672221 286.26459229462489 34.014141835388727 148.00108454584552 24.230552976645413 190.13020970455545 530.67628448024334 323.40625281949178 51.749446236135554 581.88709137224942 48.12504489388084 297.88861713153892 41.566815292084357 899.02035270331544 51.612510081962682 50.559149224747671 99.423662184432033 98.303684261743911 269.67789663033909 380.72856958437478 458.78455423907144 123.20803608477581 100.02005741826724 170.9676440981566 409.11661824502517 198.73421283579955 123.70649348045117 752.71590729006857 43.916724313807208 37.89815178354911 521.18505698244553 1002.6923084074078 4771.9101933065685 353.65593036302016 67.234354665852152 180.83039573824499 946.01782435037603 43.454982355004176 138.71459032087296 258.3021982058126 499.5744221839268 1658.1019660843449 227.3844094996748 115.03524877577729 82.184943045125692 501.65637785487343 143.99836112340563 46.811472583125578 75.299821118242107 60.927110168893705 99.65479148941813
leaf_count=22204 485 1496 3539 3513 5955 93960 6195 4663 80204 5483 2252 2343 40913 1396 2636 1100 1249 14406 1518 3105 3878 773 8137 910 4339 1125 372 17364 637 900 918 1055 1117 631 641 1630 6954 21482 59065 5115 2754 16427 22587 118237 22849 403 24051 5941 279 3197 6199 2960 12384 7105 5417 3699 1704 2388 828 117 667 724
internal_value=0.0039162 0.00354057 0.00301301 0.00765248 0.000831759 -0.00064434 -0.00413555 0.00529898 -0.0161596 0.00296276 -0.0259044 0.00164544 -0.0134035 -0.0219129 0.00926342 0.0227633 -0.0182839 -0.0175019 -0.00801092 0.00427822 0.0306733 0.000237915 0.0182462 0.0124698 0.00503017 0.0201135 0.00164734 0.00258363 0.00390991 0.00971125 -0.0158324 0.00848451 0.0305658 -0.00228914 0.00396663 -0.00629387 -0.032489 -0.0153513 -0.00943628 -0.0386207 0.00383515 0.00659487 -0.00383069 0.0105707 -0.0155429 0.0133853 -0.0572119 0.0275934 -0.0543571 0.00523554 -0.000536845 -0.0194692 0.00769646 -0.00655607 0.0149124 0.015925 0.0190266 0.00239181 0.0128554 -0.0336583 -0.0572716 -0.0318632
internal_weight=27010.8 26743.2 26055.7 8320.12 17735.6 16017.9 10090.6 5927.37 3738.76 6351.8 2422.17 1316.58 1642.42 1297.74 1167.1 785.512 381.586 1868.01 1337.34 6240.41 729.824 1188.25 344.677 4284.95 6188.66 1133.71 5054.95 5004.39 4904.97 7652.53 667.59 7382.85 581.993 480.749 1140.12 816.717 407.6 147.937 1011.48 258.761 208.866 6800.86 1877.53 4923.33 1356.35 4243.38 214.845 997.63 191.456 4806.67 3010.73 912.485 2098.24 773.77 1795.94 1740.29 1680.9 781.882 546.386 280.225 204.925 357.957
internal_count=696575 696090 694594 210438 484156 478201 239588 238613 150294 89294 111132 39162 143340 130540 32967 28803 4164 30928 16522 85755 26460 14270 12800 95273 82650 12549 70101 69729 52365 205376 5062 204476 2172 1549 13497 11979 10349 22582 89627 30562 3395 202304 61863 140441 45436 94363 25447 7066 2915 51728 37096 14090 23006 10893 14632 16083 9215 4876 3788 3172 3055 6923
cat_boundaries=0 4 8 12 15 19 22 26 30 33 36 39 43 47 51 55 59
cat_threshold=2216678448 104875072 1104420945 656 1107304835 1219561488 3055550592 1327 968884993 25505822 402676994 8 671088640 8 22016 130 1075445888 2216690176 33 142606848 8192 258 33554432 1074858000 2415919232 3 983072 33554432 9699392 656 2149192720 33554432 1087635537 536870912 16777228 7168 67371040 4195392 1074798592 0 4194368 1073741824 144 545792 100663296 12582992 128 2 1082132480 268435456 292 1 8456192 838860928 6 1107296257 8388624 304087040 1312
is_linear=0
shrinkage=0.05


Tree=81
num_leaves=63
num_cat=17
split_feature=1 22 17 0 35 0 0 22 0 46 0 44 14 0 0 0 44 28 0 18 32 42 17 34 48 48 0 0 35 43 48 44 35 18 32 35 48 42 42 44 0 18 43 44 6 34 43 42 27 44 0 0 0 34 48 0 0 18 43 48 48 18
split_gain=143.429 103.867 112.923 294.134 160.951 233.818 209.011 160.856 157.366 153.665 212.293 143.311 138.257 130.073 128.433 122.778 139.243 122.262 416.303 146.517 147.636 128.215 200.361 161.504 121.804 317.34 224.09 193.453 194.591 279.221 265.829 240.225 170.192 168.279 146.255 154.263 150.543 147.45 147.066 124.892 121.484 148.048 204.619 199.913 152.612 132.95 121.417 346.151 595.167 319.365 295.81 284.598 218.445 201.706 194.715 204.357 198.748 190.735 172.953 244.268 214.54 143.566
threshold=10.500000000000002 7.1833331584930429 2.4500000476837163 0 3.9500000476837163 1 2 0.45000000298023229 3 0.6290392577648164 4 -0.6258755326271056 5.2500000000000009 5 6 7 0.88522326946258556 0.045542273670434959 8 11.050000190734865 1.0000000180025095e-35 -0.81241145730018605 0.11250000074505807 0.84999999403953563 0.24460743367671969 -0.037677722051739686 9 10 0.75000000000000011 0.15951094031333926 0.34898568689823156 0.75438815355300914 1.0000000180025095e-35 0.35416667163372045 0.086206898093223586 8.5500001907348651 -0.95187643170356739 0.63405361771583568 -0.52778512239456166 0.029024410061538223 11 1.5500000119209292 -0.99054482579231251 0.28313310444355017 1.0000000180025095e-35 5.9500000476837167 1.0000000180025095e-35 0.09796465560793878 0.12116167321801187 -0.99273797869682301 12 13 14 0.15000000223517421 0.8398319184780122 15 16 25.274999618530277 -0.82415616512298573 0.67535334825515758 0.65729612112045299 80.583332061767592
decision_type=10 10 8 9 2 9 9 10 9 2 9 2 10 9 9 9 2 2 9 10 2 2 10 2 2 2 9 9 2 2 2 2 2 10 2 2 2 2 2 2 9 10 2 2 10 2 2 2 2 2 9 9 9 2 2 9 9 10 2 2 2 10
left_child=1 2 7 9 6 11 -5 15 -9 10 -4 -6 14 -11 -13 16 17 24 19 21 -21 22 -19 -23 25 26 -1 28 29 39 -30 33 -27 -32 35 40 -36 -38 -37 -26 -28 42 -42 -44 45 -43 49 51 -49 -17 -50 -48 -51 -54 55 -53 -56 58 60 -60 -55 -59
right_child=-2 -3 3 4 5 -7 -8 8 -10 13 -12 12 -14 -15 -16 46 -18 18 -20 20 -22 23 -24 -25 27 32 34 -29 30 -31 31 -33 -34 -35 36 38 37 -39 -40 -41 41 44 43 -45 -46 -47 47 48 50 52 -52 54 53 57 56 -57 -58 61 59 -61 -62 -63
leaf_value=-0.045842758382625998 0.04080928291106229 0.022718408377833524 -0.02921187903610345 -0.051793709865189233 0.030457727043572413 -0.036714130624214414 -0.0058840228408696561 0.042676248674289347 -0.0013033341540957591 0.040317845895268982 0.012350658286637471 0.0052302290161037532 0.014581125997186657 0.0014021128482813235 -0.075387589193219362 -0.074140130135926394 -0.054244744501067699 -0.050996183404984866 -0.051981388433930686 0.058058151309875954 -0.07493266346182588 -0.0018544646307408757 0.039683800248444784 0.036003033628753546 0.04614212673304955 0.0044538312325916171 0.032350906982947202 0.035133143899508487 0.036027933841955982 -0.065841558842278033 -0.10043089362305641 0.048372212044945725 -0.089106367143489976 -0.02747562737584305 -0.054476833786146331 -0.10675013624450989 0.042783056538674868 -0.054742909156418218 -0.0085333574972805918 -0.028306158524021775 -0.12972155175735564 -0.065950276974965291 0.025495953534974115 -0.065403992804137376 0.029258487397873074 0.032798399512210495 -0.034195664438470198 -0.05523625533208474 0.03533943811091278 0.0041519014829139002 -0.055342999239057625 -0.034508741392060893 -0.053305731982927984 0.0098407400737601288 -0.059910719280139219 0.013936228932095266 0.037928143411360228 -0.084719235665614151 -0.058229977487561604 0.0085868975874423426 -0.04839693395267404 0.01737415546430714
leaf_weight=156.16864680111757 258.48737780563533 676.85578829575388 460.9603331698745 561.80909722595243 422.39739063865272 388.73335016296187 457.77452904140227 514.40376640914474 340.39080928001204 524.26588766823988 874.19721767064766 92.019411861198023 249.62680892914068 371.49043148988858 105.59663222150994 155.93947032027063 87.100611911271699 166.77985967235873 327.87137742788764 27.107906754128635 90.664928937854711 471.38889372184349 95.967862703721039 700.17547453468433 529.62154014362022 78.289203274674946 469.65620330089587 1242.6288937772333 207.39249850713531 72.324478503811406 109.48745184767176 77.827150449156761 128.20327182178153 284.24695417421754 47.328617626044434 53.556228960485896 710.41807232284918 40.992920555989258 132.18215015661553 63.038416071125539 24.182753919245442 188.46623499038105 726.12078597692016 65.982080068497453 88.221317039220594 41.610775131732225 281.41031278528681 545.85416002476995 453.90334245398117 5130.770826668333 102.76060217744089 231.96005147758115 284.76049532760226 1453.9700853783725 46.938614904298447 2234.8606173813459 1146.7691341285827 133.09143421018962 310.60604381432495 244.42105886142235 177.43791865235835 46.453764066012809
leaf_count=13903 485 1496 4614 12955 857 4928 14200 1131 2499 1874 5844 261 390 2319 1205 8027 32344 4033 41875 33 1898 19409 350 1972 3376 4047 9949 20418 488 5603 1922 101 4213 2437 1348 557 3103 1221 459 3659 393 3124 7511 5149 242 68 53839 89272 4835 83806 11989 16185 86454 12397 2269 40497 10477 3689 13035 4401 4895 245
internal_value=0.00374435 0.00338319 0.00287693 -0.0043127 -0.0169074 -0.00501839 -0.0317468 0.00439588 0.025647 0.00858495 -0.00212501 0.00946312 -0.0101536 0.0246444 -0.0413983 0.0035092 0.0085947 0.00934414 -0.00167315 0.0092297 -0.044322 0.0136912 -0.0178756 0.0207707 0.0130842 0.00614229 0.0106392 0.0210051 0.00762394 0.0269052 -0.0111483 -0.0318964 -0.0536341 -0.0477626 0.0141689 0.00628468 0.0320148 0.0374626 -0.0368534 0.0382234 0.0112792 0.00225166 0.0135499 0.017924 -0.0266524 -0.048091 0.000562161 0.0066282 -0.0181379 -0.00329226 0.01824 0.013555 -0.00187249 -0.013498 0.0172722 0.00929746 0.0338968 -0.00876397 -0.00469581 -0.0288054 0.0035066 -0.0583046
internal_weight=26785.9 26527.4 25850.6 4508.87 2277.96 1258.37 1019.58 21341.7 854.795 2230.91 1335.16 869.64 447.243 895.756 197.616 20486.9 7505 7417.9 1879.96 1552.08 117.773 1434.31 262.748 1171.56 5537.95 2951.38 2744.89 2586.57 1343.94 664.984 678.954 471.562 206.492 393.734 2588.72 1789.98 798.74 751.411 185.738 592.66 1604.24 1134.58 816.286 792.103 318.298 230.077 12981.9 5044.46 1102.52 7937.45 556.664 3941.94 7781.51 2650.74 3660.53 2466.82 1193.71 2365.98 2186.44 555.027 1631.41 179.545
internal_count=696575 696090 694594 49447 34796 7641 27155 645147 3630 14651 10458 2713 1856 4193 1466 641517 195205 162861 69570 27695 1931 25764 4383 21381 93291 55287 47027 38004 17586 12638 4948 4460 8260 4359 33124 27452 5672 4324 1016 7035 26436 16487 13053 12660 3434 3192 446312 229363 106096 216949 16824 123267 208922 125116 69428 56682 12746 38662 34728 17436 17292 3934
cat_boundaries=0 4 8 12 16 20 24 28 32 36 39 43 47 51 55 59 63 67
cat_threshold=3523871891 100668494 47190354 1200 625017120 30605312 1694500864 783 768688416 1105149952 3825215488 527 361693216 33685504 343949376 925 301990913 5188 4194624 176 301990929 1092 4194560 176 541065216 0 0 6 2283589664 1145130000 4055114305 516 1343520 71303168 1888485440 4 135528480 71319568 8704 2148536320 1073810432 4043309120 516 2147536896 65536 2147745792 512 1354957331 4 23936 3 69339266 2954007009 67862704 241 1174611905 171573252 239075472 1323 272631056 262144 4211714 256 33554432 17301504 134219776 10
is_linear=0
shrinkage=0.05


Tree=82
num_leaves=63
num_cat=17
split_feature=4 0 35 33 43 43 0 0 44 42 41 10 0 0 44 47 0 48 44 39 0 0 42 44 0 35 42 44 24 0 11 26 32 35 32 33 35 20 0 44 44 0 48 0 48 0 35 44 0 43 10 27 43 43 43 0 11 11 48 41 0 43
split_gain=117.68 96.0322 129.54 132.228 136.991 506.748 273.376 245.209 184.405 204.143 169.921 168.633 146.079 129.379 294.414 136.18 181.17 147.704 165.446 130.209 123.745 115.02 186.618 139.03 178.78 110.853 110.662 164.509 112.617 113.947 108.692 183.742 105.884 105.505 105.276 100.389 167.848 112.572 94.8371 94.0721 99.7962 123.607 108.786 407.467 199.326 187.478 158.049 154.867 148.429 165.749 144.945 118.587 181.124 301.026 178.941 178.223 206.022 172.821 169.517 161.733 153.239 149.717
threshold=1.0000000180025095e-35 0 25.44999980926514 3.6499999761581425 1.0000000180025095e-35 -0.15951316058635709 1 2 -0.94703993201255787 -0.77259656786918629 0.16280825436115268 12.958333492279055 3 4 -0.57077232003211964 0.73358249664306652 5 -0.63256293535232533 -0.17646729946136472 0.26199999451637274 6 7 0.91037613153457653 -0.28519998490810389 8 14.150000095367433 -0.9103761315345763 -0.52034142613410939 0.0080638783983886259 9 139.54166412353518 -0.0045074287336319676 0.12068965658545495 2.3500000238418584 0.086206898093223586 2.2500000000000004 6.0499999523162851 -3.0499999523162837 10 0.88522326946258556 0.81800284981727611 11 0.9409053921699525 12 0.91902422904968273 13 1.1500000357627871 -0.86974579095840443 14 0.96234640479087841 31.541666984558109 0.14893728494644168 -0.99054482579231251 -0.99630266427993763 -0.92274349927902211 15 167.95833587646487 27.708333015441898 -0.63256293535232533 0.16280825436115268 16 -0.90163370966911305
decision_type=10 9 2 2 2 2 9 9 2 2 2 2 9 9 2 2 9 2 2 2 9 9 2 2 9 2 2 2 10 9 2 10 2 2 2 2 2 10 9 2 2 9 2 9 2 9 2 2 9 2 2 2 2 2 2 9 2 2 2 2 9 2
left_child=1 39 3 4 5 7 32 10 9 -9 34 20 -11 35 -15 16 -16 -17 -19 -20 -8 22 23 25 33 -13 27 -23 29 -28 -18 -32 -6 -25 -3 37 -37 -10 -5 40 42 -42 44 46 48 -46 -44 -48 -1 51 -45 52 53 59 55 56 -54 -55 -57 -50 -53 -56
right_child=-2 2 -4 38 6 -7 11 8 13 12 -12 21 -14 14 15 17 30 18 19 -21 -22 26 -24 24 -26 -27 28 -29 -30 -31 31 -33 -34 -35 -36 36 -38 -39 -40 -41 41 -43 43 50 45 -47 47 -49 49 -51 -52 60 54 57 61 58 -58 -59 -60 -61 -62 -63
leaf_value=-0.024731344534046146 0.024972530583204495 -0.020441174553832618 -0.078093174842548019 0.022620476867999655 -0.034005956381090545 -0.070640497096038021 0.022523577571166912 -0.071668225562865701 -0.069314342259186132 0.046530931465700122 -0.0503905006664504 0.026873211979017965 -0.025668668817322243 -0.049897790818175247 -0.064454553184364258 0.035241965340603108 0.016044971946215108 -0.088565892153195908 0.020711574611576342 -0.05984477687690809 -0.076225415603063257 -0.026311240329197322 -0.056281496156110146 0.024178636922848249 -0.058466111680828076 -0.088592007894880809 -0.036742359241011262 0.034412470593831589 0.010462404706214588 0.00040994468907275939 -0.04416960894035802 0.0007173191660876225 0.047530986286630363 -0.083786699852386709 0.0080290137608554531 0.0074892039570096467 -0.091516880340640622 0.0088101997405499004 -0.0036587641436080171 -0.042473095361564635 0.055319989439613054 -0.043055912361048304 0.042528085802076988 0.011058789305921113 0.046138136163350246 -0.060096258169535843 0.01764015558056926 -0.080079776628935173 0.011197642197991107 -0.066180157318983815 -0.077098778937913254 -0.021647831023812524 -0.030639063807246299 0.040074863124003775 -0.075473903345141813 0.017442179012997865 0.040596251422025199 -0.1018223628265017 -0.053260009705315497 -0.066418635048508826 0.02244367521306679 0.0031301074691824715
leaf_weight=358.29331225701026 628.03473519008548 1006.1234412806371 52.001870816020528 1105.5543059893243 512.32770731148776 279.07995722677151 46.093588110117707 47.029377930448391 46.749124010326341 482.15013624055427 340.99017976897449 2099.5893685133778 78.582778271433199 373.02493698794569 132.39884984289529 417.6882850995753 423.93233616353245 54.333286751105334 267.5417900364846 61.738297055402654 86.648605137306731 145.77209521149052 81.36939218142652 263.05199462697783 107.68988892371999 20.994520482840016 383.65708054638526 474.89972024681629 656.72708348435117 442.89903759385925 339.40853635707754 694.48466819961322 43.171322371839778 24.757554441282991 479.43162692549959 111.69438989844639 69.411914645490469 3373.675751163013 498.71271439957491 95.222855321975658 184.17325739510125 32.859704670205247 271.30351171270013 58.58212777832523 486.60325921507319 38.29049247642979 109.5290605086484 64.374219316494418 429.43424109951593 75.00741242535878 228.44265568666742 212.45925005956087 113.44414823676925 25.493159955483861 61.688598308595829 239.20678589548334 963.98701382422587 135.5665667123103 131.3215070029255 79.550047699536663 2016.5652358123043 3368.1459491364221
leaf_count=29674 2120 37810 641 2087 107410 24710 147 1530 699 2244 43310 20903 3420 12650 6784 2810 1332 1479 2251 3199 988 2941 7995 10439 19251 165 18129 6268 18047 22045 11666 11274 2124 391 15059 445 516 55037 3577 32476 913 7666 3979 186 1295 2160 366 892 1820 12785 13190 3484 587 34 2282 1823 4754 2177 3459 1694 10848 74138
internal_value=0.00358664 0.00306816 0.000694523 0.000949855 -0.000560208 -0.0043086 0.00575438 -0.00220507 0.00207539 0.0283925 -0.0184584 0.00957532 0.0367847 -0.000433811 -0.00855208 -0.00213883 -0.0106083 0.0146694 -0.00773065 0.00560768 -0.0459812 0.0111643 0.0181741 0.0206542 -0.00656129 0.0257301 0.00241242 0.0201508 -0.00499384 -0.0172744 -0.00523999 -0.0140183 -0.0271799 0.0143914 -0.011253 0.00580544 -0.0304565 0.00774242 0.0145693 0.00697419 0.00746759 0.0409905 0.00669909 -0.0118129 0.00825089 0.0381225 0.0182665 -0.0185331 0.00634113 0.0077806 -0.0571158 0.00850396 0.00459031 -0.0197853 0.0079387 0.0226778 0.0327914 -0.0793623 -0.00741574 -0.000933142 0.0182447 0.00171635
internal_weight=26533 25904.9 16125.4 16073.4 14469.1 9079.47 5389.65 8800.39 6973.84 607.762 1826.55 4834.15 560.733 6366.08 2764.55 2391.53 1590.22 801.302 383.613 329.28 132.742 4701.41 2597.45 2516.08 395.499 2120.58 2103.96 620.672 1483.28 826.556 1457.83 1033.89 555.499 287.81 1485.56 3601.53 181.106 3420.42 1604.27 9779.54 9684.32 217.033 9467.29 732.232 8735.06 524.894 445.207 173.903 8210.16 7851.87 287.025 7776.86 5547.84 670.044 4877.79 1447.96 1077.43 161.06 370.528 508.984 2229.02 3429.83
internal_count=696575 694455 481773 481132 475468 238225 237243 213515 117336 7194 96179 127709 5664 110142 53445 40795 31056 9739 6929 5450 1135 126574 59144 51149 30081 21068 67430 9209 58221 40174 24272 22940 109534 10830 52869 56697 961 55736 5664 212682 180206 8579 171627 18613 153014 3455 5237 1258 149559 119885 13376 107100 92768 5725 87043 10623 5341 2211 5282 3514 14332 76420
cat_boundaries=0 4 8 12 16 20 22 24 27 29 33 37 41 45 49 53 56 60
cat_threshold=2216481968 104858624 1771331665 660 33556486 4027730849 2221638308 289 950011904 2969867211 761634 64 1073873411 8544260 0 298 50528512 1075382288 2522873984 1057 514 147456 268435457 8388612 411108096 17051726 7424 8454656 17043520 1094844416 8978448 0 2 1367474944 26869772 339743360 266 16 0 8192 4 266240 67108864 1636843520 16 67113088 0 679493696 148 0 67108864 1073766400 144 2147762352 37748736 671350864 67129344 37748736 0 512
is_linear=0
shrinkage=0.05


Tree=83
num_leaves=63
num_cat=22
split_feature=1 0 22 17 0 46 0 22 0 0 0 47 24 0 0 26 18 0 0 13 44 0 0 0 26 42 0 44 48 18 47 16 0 0 11 7 22 46 0 44 44 0 44 18 46 48 29 0 18 44 0 0 44 44 32 0 33 11 44 44 44 44
split_gain=133.78 97.6652 104.505 133.472 319.387 208.485 336.329 146.591 141.924 138.561 130.508 128.585 116.774 323.065 165.035 165.741 160.425 320.231 128.679 108.104 107.773 654.962 152.963 109.952 156.803 120.579 253.795 159.081 223.442 123.753 127.009 106.785 106.535 104.599 122.02 194.694 103.909 101.325 119.415 100.963 153.206 137.85 120.254 146.13 116.862 137.663 99.9699 114.539 104.98 261.883 194.937 153.044 139.908 134.585 131.341 118.816 116.566 113.978 131.501 103.896 157.968 130.684
threshold=10.500000000000002 0 4.6833331584930429 2.4500000476837163 1 -0.096546068787574754 2 0.45000000298023229 3 4 5 -0.87994849681854237 -0.024379990063607689 6 7 -0.06001960672438144 2.6833333969116215 8 9 2.4375000000000004 0.063390085473656668 10 11 12 0.04394690319895745 -0.52778512239456166 13 -0.54940786957740773 0.3601794987916947 3.0499999523162846 0.662328600883484 2.2500000000000004 14 15 65.291667938232436 3.1499999761581425 0.31666667759418493 -0.12138647958636282 16 -0.58481180667877186 -0.76140165328979481 17 -0.51296770572662342 26.050000190734867 0.42175079882144934 0.31436166167259222 0.93708994984626781 18 0.77500000596046459 -0.91595870256423939 19 20 0.50370931625366222 -0.99761277437210072 0.086206898093223586 21 0.15000000223517421 40.625000000000007 -0.86112883687019337 -0.99052476882934559 -0.48313741385936732 -0.94137725234031666
decision_type=10 9 10 8 9 2 9 10 9 9 9 2 8 9 9 10 10 9 9 10 2 9 9 9 10 2 9 2 2 10 2 10 9 9 2 10 10 2 9 2 2 9 2 10 2 2 2 9 10 2 9 9 2 2 2 9 2 2 2 2 2 2
left_child=1 -1 3 7 11 6 31 12 -9 -7 -4 -5 13 -3 46 18 17 -15 -16 -11 22 32 -17 24 -24 26 27 -25 29 -29 -31 -6 37 34 35 -27 -13 38 -22 40 41 -28 -41 44 -44 -46 47 -14 51 -50 -51 54 57 -53 59 -56 -55 -52 -59 -48 61 -61
right_child=-2 2 10 4 5 9 -8 8 -10 19 -12 36 14 16 15 20 -18 -19 -20 -21 21 -23 23 25 -26 33 39 28 -30 30 -32 -33 -34 -35 -36 -37 -38 -39 -40 42 -42 -43 43 -45 45 -47 48 -49 49 50 52 53 -54 56 55 -57 -58 58 -60 60 -62 -63
leaf_value=-0.044489247822621286 0.040026756902200651 -0.037653044364210464 0.03089661854197942 -0.079625161492089827 -0.05629497699510258 0.022741494399096437 -0.047444682775217885 0.042614183546303877 0.00069443019219480673 -0.033054035691196824 -0.0060463273833925935 -0.0457419184576923 -0.00051019034058552646 0.031215247313003153 0.00077877967411205671 -0.036003399523732389 0.038918118328622478 -0.054957981752872767 -0.059991409812681709 0.0088741460442785629 0.016002219668191677 -0.057286841409408575 0.020222030183414914 -0.063483766153259027 -0.029559313557053175 -0.11107338801077793 0.015419427862014055 0.021397645484935689 -0.095395926474999296 -0.1267832899457659 0.0048536177307929515 0.014675616506942655 -0.00060761930960079216 -0.0017622110869388254 0.019745418455667452 0.0094148837729137527 -0.010659337630645839 0.029404540536059079 -0.047580206794812091 0.047323019973043903 -0.069096877021720113 -0.046763324343313019 0.023066364156517007 -0.085506726520062082 -0.075600674707924184 0.008750199680646463 0.037996579543037236 -0.047829172154328269 -0.057512869586442465 0.0052393751833101432 0.022296346594401266 0.033923785053490252 0.029969505772225031 -0.054151027404700153 -0.056197896262049796 0.038374137614090011 -0.0087428807942027814 0.022830750748555902 -0.055546799011404552 -0.0012381384401371316 0.0083270572106281648 -0.066699647298418083
leaf_weight=97.534517924425018 247.38173023471609 226.78371866952511 704.28989333455684 115.80927496898221 58.137256029280252 1205.2120087943331 449.0799851653137 466.74718914052937 361.41022117446119 233.8141025287041 360.71029834795627 335.45394601191219 249.46995229493768 311.71891804481857 189.17656513460679 175.52167133544572 859.72800689855649 152.18084736041783 158.60267705442675 448.86597559253278 231.06589694284776 443.0374806612017 2981.1945141970209 228.82885382336099 167.04741841978102 46.721674453932792 384.53491043427493 262.0386238246283 66.015138126153033 32.04151573573472 42.800993835786358 600.08126843170612 1615.040840979098 1055.010584731659 2466.7980364864343 118.72505759535125 569.18051886202011 783.93338648029021 96.589047097368166 240.85968864004826 91.381209418643266 105.1530454569729 613.55640552256955 40.358248213771731 72.930808022996644 143.63288098090561 190.98570342929452 265.52890283890883 261.94661661334976 1521.3346525607049 70.567314149055164 115.46279232547386 90.382976168577443 219.36062936051167 28.255915273883147 490.44927585705591 397.33445506174758 61.209209281325457 425.8116444501793 157.55960223785951 969.79484685490024 147.72247297556896
leaf_count=145242 485 9208 1134 2467 1904 6030 6749 1021 1833 4844 1172 9607 17146 2779 5559 14406 3105 8321 5737 1278 6863 67845 51675 4100 7197 502 1862 1403 1056 342 140 2496 36610 20754 23775 315 3223 22373 10811 649 1871 3268 2816 437 1011 771 1533 26316 8338 15351 249 874 2173 48577 1973 9062 4861 1036 12634 2834 28479 8093
internal_value=0.0034309 0.00308367 0.00327817 0.00262367 -0.00572496 0.00254339 -0.0146728 0.00422817 0.0248432 0.0126546 0.0186176 -0.0297277 0.00337736 0.0165587 0.00227363 0.00540486 0.0259356 0.00243459 -0.0286377 -0.00540682 0.00635596 -0.00161002 0.00906074 0.00995272 0.0175249 0.00596454 -0.00294503 -0.02972 -0.0112812 0.0052019 -0.0515027 0.00828131 0.00761881 0.0115965 0.0168933 -0.0246107 -0.0236686 0.0194699 -0.00370493 0.00718243 -0.00966424 0.00142655 0.0160554 0.00740376 0.0119208 -0.0196561 -0.00483372 -0.0258461 -0.00274113 -0.0102889 -0.00458656 0.00401303 -0.0273156 -0.0154085 0.0111986 0.0328788 -0.0248947 -0.0370912 -0.0456962 0.00360436 -0.00154703 -0.0329142
internal_weight=26319.9 26072.5 25975 24910 4015.63 2995.19 1107.3 20894.3 828.157 1887.89 1065 1020.44 20066.2 1550.41 18515.8 12852.6 1323.63 463.9 347.779 682.68 12504.8 3169.67 9335.15 9159.63 3148.24 6011.39 2324.13 631.725 402.896 336.881 74.8425 658.219 2726.63 3687.26 2632.24 165.447 904.634 1111.59 327.655 1692.41 581.069 489.688 1111.34 870.478 830.12 216.564 5663.18 514.999 5148.18 2431.25 2169.31 2716.93 647.971 732.158 1984.77 518.705 616.695 557.588 487.021 1466.06 1275.08 305.282
internal_count=696575 696090 550848 548542 38598 23301 11149 509944 2854 12152 2306 15297 507090 23413 483677 294148 14205 11100 11296 6122 282852 144502 138350 123944 58872 65072 19726 7041 2941 1885 482 4400 76657 45346 24592 817 12830 40047 17674 12685 7001 5130 5684 5035 4598 1782 189529 43462 146067 39781 31443 106286 16092 54312 51974 11035 53438 13919 13670 40939 39406 10927
cat_boundaries=0 4 8 12 16 20 24 28 32 36 39 43 46 50 54 58 62 66 70 74 78 82 84
cat_threshold=2107396 3087045537 753708 64 227918368 1112500240 3022004225 518 3758227586 10 63968402 1288 361693216 33554432 343949376 921 306713873 75498566 12599632 176 290915872 55189504 882901008 14 2182136243 1141720064 2569014144 419 969540690 60948554 71308307 696 364904960 16777216 4202560 12 2148913665 1142245376 2954109568 100745761 6103056 1915756608 263 67108864 5505024 8192 2148831616 1140870144 3382969216 1024 65569 524288 268437568 256 67190816 5570576 1056768 257 1073807393 532484 268437568 260 67174400 1114112 0 256 512 8196 536870912 4 298319954 2097218 0 144 809631744 42074114 71308289 520 562562066 25165832 67108882 40 16777216 8388616
is_linear=0
shrinkage=0.05


Tree=84
num_leaves=63
num_cat=21
split_feature=1 0 27 0 0 44 47 44 48 10 0 48 43 43 0 48 0 48 0 43 0 0 34 48 0 43 0 0 43 7 43 27 42 0 44 0 0 43 21 24 44 0 34 0 43 0 29 42 0 42 28 43 43 48 0 30 48 42 0 27 43 47
split_gain=125.734 93.6069 95.1279 372.732 202.973 172.043 190.893 145.672 165.158 158.278 301.771 167.821 144.206 202.741 172.561 134.686 286.242 202.357 161.901 139.155 316.116 129.907 129.876 121.02 205.356 123.557 425.968 171.232 209.016 186.893 165.644 182.366 163.746 239.454 163.731 126.116 121.219 111.308 108.858 105.56 130.026 124.983 103.102 194.335 116.082 110.067 167.386 106.188 101.512 99.4027 111.327 121.222 107.209 96.699 258.72 94.5197 97.0161 94.1973 91.1273 108.479 103.011 159.263
threshold=10.500000000000002 0 0.13655198365449908 1 2 -0.99983122944831837 0.88169685006141674 -0.99864786863327015 0.99358409643173229 13.208333492279055 3 -0.99878430366516102 0.71503382921218883 0.67802080512046825 4 0.24460743367671969 5 0.024595346301794056 6 -0.95754238963127125 7 8 2.1499999761581425 -0.99376606941223133 9 0.8522624969482423 10 11 0.71503382921218883 1.0000000180025095e-35 0.3903625756502152 0.087289355695247664 -0.22695468366146085 12 -0.90892156958580006 13 14 0.57077592611312877 -1.3541666865348814 0.0060166262555867442 -0.95242238044738758 15 1.1500000357627871 16 -0.99866804480552662 17 1.8901724219322207 0.72947329282760631 18 -0.52778512239456166 0.053132651373744018 -0.065535377711057649 -0.9413962960243224 0.92346203327178966 19 0.11109127104282381 -0.55200296640396107 -0.9103761315345763 20 0.082685906440019621 0.27694219350814825 -0.4600220769643783
decision_type=10 9 2 9 9 2 2 2 2 2 9 2 2 2 9 2 9 2 9 2 9 9 2 2 9 2 9 9 2 10 2 2 2 9 2 9 9 2 10 10 2 9 2 9 2 9 2 2 9 2 2 2 2 2 9 2 2 2 9 2 2 2
left_child=1 -1 4 5 15 -4 39 8 -6 10 -9 -11 13 21 -14 16 22 19 -17 20 -18 -5 -3 24 -13 27 32 28 29 30 31 48 -27 -34 -32 -36 -33 53 -29 -7 -41 -42 45 44 -44 46 -40 55 -25 58 52 -52 -51 -23 -55 -48 -57 -24 59 -45 61 -60
right_child=-2 2 3 12 7 6 -8 9 -10 11 -12 23 14 -15 -16 18 17 -19 -20 -21 -22 37 57 25 -26 26 -28 38 -30 -31 34 36 33 -35 35 -37 -38 -39 42 40 41 -43 43 49 -46 -47 47 -49 -50 50 51 -53 -54 54 -56 56 -58 -59 60 -61 -62 -63
leaf_value=-0.043897027994720554 0.039365226457565759 -0.060391941026077901 0.038349870771359255 -0.0089147740014603582 -0.068621599512857151 0.012198425710490894 -0.050732368441840647 0.017950335628090595 0.026849551371292798 -0.073254782099646518 -0.069298522964055767 0.035707962273429185 0.030951276175730753 0.050233128880464877 -0.058055136150771604 -0.04444282827430851 0.025937580732746626 -0.069082597664570783 0.022171376719918628 0.023560216837964248 -0.072483533678488296 0.018275977025941192 -0.075130525268081463 -0.053686635503596494 -0.059717387813150669 0.03006828930966339 -0.042543124707709899 -0.052700709121423973 -0.070610986236322046 0.014184083543364112 0.050968413763765777 -0.035521726625840952 0.034935739444864979 -0.063853526933418017 0.0084479629814077813 -0.057010923182784702 0.00047271945908053663 -0.073702109336544211 -0.059159341652375713 -0.074445840007050346 -0.050870370323066683 -0.0025721294367082536 0.020842487703262351 -0.055850528966317953 -0.030103602536373737 0.013302575781791835 0.012087555776193226 0.031998788631008766 -0.02118146434898778 -0.0058852490966318253 0.03184819244951425 -0.10231470886486869 0.027026911198389077 0.03289922986678475 -0.050448577154339751 0.0032268964086033429 -0.069253400639906981 -0.00016118600546467113 -0.062985835182257741 -0.0032336180792187268 0.030060179056925415 0.0061107123911803927
leaf_weight=96.304012700456951 239.17180568026379 210.07006387641013 158.0932225221768 607.64316735063039 161.59610335054458 437.88542175776092 324.35737701252219 171.61154761110083 62.944846253143623 78.33110519607726 221.37220121608698 438.70631196186878 80.829421904447372 388.25851928896736 136.29935021998244 87.229251004973776 200.41942809332977 72.991293467304786 2070.9815619438741 1263.8592965707358 124.14742652498535 4397.7771687203785 48.698611513362266 453.36066208695411 56.130446327792015 1218.5693378491269 293.61613247607602 90.150486067825113 143.56885974554461 695.97042748975218 169.55931165552465 294.79261914674134 112.69432182400487 114.64685875455325 287.59224029944744 88.281564088727464 1013.5121168072365 34.638368667423492 134.14329014903342 90.428747001802549 154.76025761383062 739.2569723531924 129.76789921300951 174.81684214947745 807.99593408298097 2697.1777180426288 189.23964959550358 202.76268692745361 603.79390904103639 351.96538403372688 28.382192815508461 41.389176538301399 833.1369102523895 178.18237422360107 175.13614886184223 81.253152361285174 106.92138850819902 300.11553288612049 108.3623358094701 222.8001934310887 247.14485524588963 361.95634051415254
leaf_count=149004 485 41622 360 8307 3880 3911 10966 581 287 4178 2577 2282 569 841 6387 20031 1532 7591 56409 47828 3307 26727 990 21458 3431 10450 27904 2186 9030 4759 629 8961 1803 10624 7418 6787 11767 1187 18168 2475 5819 8113 238 987 5246 66998 6918 5287 24887 1279 163 401 2032 706 3351 2201 6154 2526 876 675 615 1414
internal_value=0.00327885 0.00294521 0.00313606 0.00770482 0.00111698 -0.0115374 -0.0161188 -0.00192099 -0.0418585 -0.00124642 -0.0325046 -0.000292146 0.013811 0.0153364 -0.0261695 0.0104573 0.00183533 0.0122463 0.0193758 0.0160606 -0.0131428 0.0128242 -0.0288172 0.000154561 0.0243985 -0.00082084 0.0115266 -0.00285484 -0.011417 -0.00909252 -0.0146578 -0.0203852 0.022644 -0.0161551 0.0101811 -0.00821838 -0.00790559 0.0155705 0.00187502 -0.00822532 -0.0173099 -0.0115307 0.00261004 -0.00367997 -0.0228104 0.00870871 -0.00870154 0.00281488 -0.0358295 0.00396923 0.0136388 -0.0477388 0.0172523 0.0162541 -0.00891207 -0.0128639 -0.0379566 -0.0106278 -0.00687693 -0.0257204 0.00387062 -0.00980927
internal_weight=26107.6 25868.4 25772.1 7903.55 17868.5 1904.78 1746.69 13490 224.541 13265.5 392.984 12872.5 5998.76 5781.64 217.129 4378.51 2220.3 1661.42 2158.21 1588.43 324.567 5393.38 558.884 12794.2 494.837 12299.3 1739.53 10559.8 3750.43 3606.86 2910.89 2365.46 1445.91 227.341 545.433 375.874 1308.3 4785.73 6809.37 1422.33 984.446 894.017 6719.22 3307.72 937.764 3411.5 714.32 580.177 1057.15 2369.95 1254.87 69.7714 1185.1 4751.1 353.319 377.414 188.175 348.814 1115.08 397.617 717.464 470.319
internal_count=696575 696090 547086 79719 467367 31644 31284 285531 4167 281364 3158 278206 48075 41119 6956 181836 105396 60258 76440 52667 4839 40278 45138 274028 5713 268315 50781 217534 95696 86666 81907 67073 22877 12427 14834 14205 20728 31971 121838 20318 16407 13932 119652 13926 5484 105726 38728 20560 46345 8442 3875 564 3311 30784 4057 15273 8355 3516 4567 1662 2905 2290
cat_boundaries=0 4 8 12 14 17 21 25 29 32 36 40 44 47 51 54 58 62 66 70 74 78
cat_threshold=2107460 3087045537 753708 64 751849728 1191192596 3294635906 1824 2350141728 1178601492 3295945345 1936 16842880 8454144 268435456 8388608 16448 134217984 67108880 1081090561 144 2148532224 1107298304 2147483776 512 262176 1073741824 2147745792 1280 285212672 1049672 134483969 1925382657 2 813697296 2 1941963265 16785418 939540736 14 549552643 147530 419451152 10 536870912 8 268435456 536904192 16448 402673664 10 545292288 72 16797968 142622720 1174407184 2214601728 1536 34078736 9248768 2048 5 1342178432 19923968 33555456 32 545292800 10 268452096 8 128 262144 276840448 4 1073872896 1024 536870976 32
is_linear=0
shrinkage=0.05


Tree=85
num_leaves=63
num_cat=18
split_feature=1 28 43 27 0 28 0 0 48 25 0 17 0 0 48 48 0 44 18 41 48 48 20 10 0 9 44 34 24 22 28 28 24 43 0 0 48 0 48 44 44 0 48 18 43 0 44 0 0 28 0 42 0 42 41 42 10 18 43 35 0 18
split_gain=142.807 97.1396 90.2437 83.3468 303.596 176.592 237.533 169.492 154.872 140.281 139.917 123.29 331.473 123.464 122.029 117.125 280.429 146.696 182.948 122.021 110.387 117.926 107.176 110.471 220.093 141.95 104.226 190.736 103.153 102.151 100.193 99.6651 97.4912 203.336 225.176 129.692 127.853 253.031 218.513 216.98 189.854 371.449 284.061 270.966 239.878 198.423 174.349 193.694 180.245 259.129 171.463 165.087 221.362 138.385 128.412 118.816 117.974 105.715 96.2744 91.947 264.38 122.79
threshold=10.500000000000002 0.10000000149011613 0.9937499761581422 0.13655198365449908 0 0.013725490774959328 1 2 -0.99809643626213063 1.3149999976158144 3 5.0499999523162851 4 5 0.99793070554733287 0.70222932100296032 6 -0.93543598055839527 1.2749999761581423 -0.81241145730018605 0.80590438842773449 0.92789602279663097 -0.72499999403953541 13.208333492279055 7 0.20042375475168231 -0.99864786863327015 6.2500000000000009 -0.001083835319150239 12.949999809265138 0.046430176123976714 0.056927841156721122 -0.024379990063607689 0.40614137053489691 8 9 0.91902422904968273 10 0.76885932683944713 -0.66527268290519703 -0.52034142613410939 11 0.19700155407190326 25.274999618530277 0.55656746029853832 12 -0.15101602673530576 13 14 0.046430176123976714 15 0.52778512239456188 16 0.91037613153457653 -0.22695468366146085 0.52778512239456188 23.958333015441898 25.274999618530277 0.71503382921218883 2.7500000000000004 17 2.5499999523162846
decision_type=10 2 2 2 9 2 9 9 2 8 9 8 9 9 2 2 9 2 10 2 2 2 8 2 9 10 2 2 10 10 2 2 10 2 9 9 2 9 2 2 2 9 2 10 2 9 2 9 9 2 9 2 9 2 2 2 2 10 2 2 9 10
left_child=1 2 3 7 15 6 29 20 31 11 58 13 -13 -10 22 -5 17 -17 19 -19 -1 -22 -15 24 -24 26 27 -25 -18 -6 -12 -9 33 34 -28 -35 38 -38 40 50 41 42 44 46 57 -45 48 -48 53 -50 -40 59 54 -42 -53 -39 -41 -34 -7 60 -49 -61
right_child=-2 -3 -4 4 5 10 -8 8 9 -11 30 12 -14 14 -16 16 28 18 -20 -21 21 -23 23 25 -26 -27 32 -29 -30 -31 -32 -33 36 35 -36 -37 37 55 39 56 43 -43 -44 45 -46 -47 47 51 49 -51 -52 52 -54 -55 -56 -57 -58 -59 -60 61 -62 -63
leaf_value=-0.030015897975403934 0.040845261071780527 -0.044181606135459267 -0.058970587366241882 0.019143139693346529 -0.0025926127542253035 0.0094382775869259403 -0.058995530597179859 -0.068489134318428249 0.011501918668716991 -0.037706611607815396 -0.007944632721036118 0.012058701484725754 -0.051609578123125582 0.037218752941457683 -0.065164378939276943 0.042330976049475472 0.016325199890319057 -0.082999549612736909 -0.064827226489853007 0.042882710692622068 0.026202935952903874 -0.039336591190585746 0.013934423864961075 -0.078403133002880931 -0.07584219416846727 0.039539096122159612 0.023722975601265517 0.026862974710631427 -0.067245128859740669 0.15438337165894339 -0.052568158199395566 0.026811168890538535 0.012005341862887335 -0.020415081083420324 -0.049227322363796198 0.043907488624750683 0.025049719275302969 -0.055839575497146091 0.025651948580924046 0.026337576033960853 -0.013369138875358325 -0.041375016316821979 -0.057276649329232432 0.029793058158462362 -0.064534965813151407 -0.075537763192397189 -0.046041006755147273 0.016919676608510483 0.032661100198682479 -0.068400209197484019 -0.0520829508033957 0.03007539139488076 -0.062274566015444524 0.036831367083893868 -0.056606103747691178 0.0070838629267062168 -0.074915905329793905 0.056041507969656339 -0.041914785314109276 0.023227823472982051 -0.036666439932078861 -0.013346781967947738
leaf_weight=718.07657391058456 240.18202419392765 112.82569258188596 59.92544566973811 3655.054130933524 305.87878810363327 2052.4894947836656 305.40082417058147 123.64354365096369 3876.5622371626305 216.67247564446006 496.84236562564911 460.80562906502746 355.25418428654666 207.19121952162823 68.882359111885307 283.13605498120887 46.502614237513626 22.677967538213124 94.945900764199905 127.38013541311375 216.36478335088759 100.52158945170231 137.69913974998053 109.07100995427754 124.88847679058381 242.31071317088208 216.06003976688953 71.073393967963057 179.28037098638015 10.727198562119154 168.43614679672464 35.2573338750517 883.31655498675536 90.074769696249859 190.36947479927039 512.75601679942338 1087.8993437813187 163.59706468061631 191.29074977594428 32.487463253375608 605.78579029344837 734.87083351650654 170.58338848536368 58.18256823415868 94.135983901913278 161.66744638101954 210.60580223730358 574.61766425758833 1384.0627423045371 66.475057411167654 99.567640204215422 174.81900519583724 202.26209900226968 177.50803270124015 56.546013128667255 138.56471675648208 251.25433259199781 161.15235949808266 95.515176437882474 1136.2124217380624 369.99855755474709 287.55711542339122
leaf_count=123173 484 15066 24172 22480 6911 17189 12998 7179 151934 7536 13808 4422 9539 1089 4452 696 290 762 1155 1095 12129 17717 490 3042 1401 683 1139 120 3939 21 13655 703 6663 1454 5831 2918 9208 7976 1147 79 6631 33160 3650 144 2286 2787 19442 13344 6675 4279 2902 2059 19200 1122 3164 4366 14677 280 3351 2988 32319 1270
internal_value=0.00247068 0.00211016 0.00231536 0.00245999 0.00674452 -0.00440523 -0.0285273 0.000544787 0.0017792 0.00225756 0.000912407 0.00279413 -0.0161426 0.00380271 0.0011839 0.015407 -0.00250168 0.0174871 -0.0105098 0.0238584 -0.0189849 0.00541272 0.00158666 0.000925689 -0.0311216 0.00169725 0.00083743 -0.0368719 -0.0479109 0.00264256 -0.0189575 -0.0473437 0.00148536 0.0162585 -0.0110741 0.0346861 -8.82383e-05 0.0139191 -0.00249655 -0.0322144 -0.000222906 -0.0132231 0.00287315 0.00463837 0.0119099 -0.049743 0.00691719 -0.000931554 0.0175023 0.0278378 -0.00186725 0.00261396 -0.0257402 -0.00196771 0.00852195 -0.0261198 -0.0633227 0.0187997 0.00712161 0.00781635 -0.00427862 0.0158409
internal_weight=25805.8 25565.6 25452.7 25392.8 7844.27 3435.29 622.007 17548.6 16513.6 16354.7 2813.28 16138 816.06 15322 11445.4 4408.98 753.923 528.14 245.004 150.058 1034.96 316.886 11376.5 11169.3 262.588 10906.7 10664.4 180.144 225.783 316.606 665.279 158.901 10484.3 1009.26 406.43 602.831 9475.02 1390.06 8084.96 574.6 7510.36 2044.06 1309.19 5466.3 1138.6 219.85 5246.45 3012.62 2233.83 1450.54 290.858 2802.01 433.627 783.294 231.365 302.162 283.742 1044.47 2148 2368.39 944.616 1423.77
internal_count=696841 696357 681291 657119 98350 67933 19930 558769 405750 397868 48003 390332 13961 376371 224437 30417 7937 3708 3012 1857 153019 29846 219985 218896 1891 217005 216322 3162 4229 6932 27463 7882 213160 11342 6970 4372 201818 21550 180268 18805 161463 46039 12879 115424 9229 2931 112493 93786 18707 10954 4049 74344 24423 7753 5223 12342 14756 6943 20540 49921 45663 4258
cat_boundaries=0 4 8 12 16 20 24 28 30 34 38 42 45 49 52 56 59 63 67
cat_threshold=3490415635 8606792 964710480 23 25168512 2970100513 721448 200 2656278 2952974795 17530916 80 591397792 52166966 1112803585 1704 1619345921 1124076564 79695232 1154 2283033120 1179912192 3295947393 800 1073741827 8536072 276844624 16 553713792 8388612 553713664 16 536870976 4 50528641 525328 671088704 1 822280577 532480 947929344 132 1124139392 25165828 570429504 131072 0 268435456 8 132352 4 134235408 654377344 589840 805326914 136 356516993 0 268456256 67174401 8192 536870976 1152 75497472 25755648 536870912 11
is_linear=0
shrinkage=0.05


Tree=86
num_leaves=63
num_cat=19
split_feature=1 28 43 27 30 0 0 43 43 0 28 0 32 0 34 0 43 43 10 28 0 11 0 32 0 43 43 0 10 32 43 11 19 48 0 48 44 34 10 0 22 30 28 43 48 0 48 43 0 0 18 42 48 34 0 0 0 48 48 44 0 34
split_gain=133.97 89.404 85.3619 77.0453 77.3088 494.467 191.587 184.818 390.699 206.131 143.582 154.339 134.308 121.134 112.72 109.744 234.068 178.37 134.404 129.742 194.91 128.301 251.168 115.925 191.156 172.934 110.218 313.389 216.927 134.01 129.485 110.027 106.304 103.688 103.401 103.3 118.26 102.134 101.448 100.891 99.4025 96.6871 99.2547 93.5207 163.764 204.689 136.397 183.237 349.519 197.598 130.236 119.659 212.589 181.994 174.912 123.111 109.192 89.1047 214.987 129.198 160.723 88.4311
threshold=10.500000000000002 0.10000000149011613 0.9937499761581422 0.626184642314911 0.18093390762805941 0 1 -0.99866804480552662 -0.97509795427322377 2 0.040600210428237922 3 0.12068965658545495 4 16.250000000000004 5 -0.97876849770545948 -0.96689236164093006 48.125000000000007 0.046430176123976714 6 91.125000000000014 7 0.086206898093223586 8 0.91939014196395885 -0.39826117455959315 9 47.875000000000007 0.05172413773834706 -0.99275806546211232 167.95833587646487 4.5000000000000009 0.92789602279663097 10 -0.955856293439865 -0.18493013828992841 0.84999999403953563 6.1250000000000009 11 0.45000000298023229 0.13886752724647525 0.038691813126206405 -0.65234524011611927 -0.59261423349380482 12 -0.50948679447174061 -0.2102246284484863 13 14 5.4500000476837167 0.16280825436115268 -0.87779623270034779 1.0500000119209292 15 16 17 -0.81125614047050465 -0.6613607108592986 -0.074115883558988557 18 2.2500000000000004
decision_type=10 2 2 2 2 9 9 2 2 9 2 9 2 9 2 9 2 2 2 2 9 2 9 2 9 2 2 9 2 2 2 2 2 2 9 2 2 2 2 9 10 2 2 2 2 9 2 2 9 9 10 2 2 2 9 9 9 2 2 2 9 2
left_child=1 2 3 4 6 12 38 9 10 -7 -9 -12 35 -10 15 21 39 -18 -19 43 -21 22 -8 25 32 26 27 41 -29 -30 -31 -28 -25 -22 -33 36 -6 -26 -1 -17 -40 -23 -43 51 45 -45 -46 49 -49 -48 61 52 56 55 -53 -54 -20 -41 -59 -60 -61 -50
right_child=-2 -3 -4 -5 5 7 14 8 13 -11 11 -13 -14 -15 -16 16 17 18 19 20 33 23 -24 24 37 -27 31 28 29 30 -32 34 -34 -35 -36 -37 -38 -39 40 57 -42 42 -44 44 46 -47 47 48 50 -51 -52 54 53 -55 -56 -57 -58 58 59 60 -62 -63
leaf_value=-0.039337737042428746 0.040161770147225537 -0.042844529497130662 -0.058840578484871932 0.027451419449380034 0.0025196532615315236 0.028276311201174006 0.0044700073159132259 -0.08226685014648083 -0.034879256775438731 -0.063616633138030398 0.015088224028339512 -0.078267870755969207 -0.048849268541195645 -0.0062381657051698187 -0.078688871786938813 -0.049930583026951844 -0.089370278371135078 -0.050821921361441251 0.028894940016400625 -0.049008278970104978 0.00014826820857914895 -0.070666444644448517 -0.08083987665679622 0.033907290036382147 -0.060724597448888876 -0.064090678076787005 -0.084829099668513333 0.042406745469002666 0.0042897398845791633 0.0084904658366276413 -0.067313441264487059 -0.040972813125602137 -0.070629418266041841 -0.073908107359069164 0.013919083049083953 0.013546860133408153 -0.084576966126524919 0.0023498893042593729 0.0087305615045298098 0.035428109426774726 0.027653314447625612 0.00015208828354535106 -0.098074770292953084 0.019331232814674793 0.048420742418822493 -0.066538496409086698 0.035932229924609337 -0.069532162049780452 -0.061475369166575033 -0.056356426922102146 0.039210307385459359 0.023086027792284535 0.027771831694586413 -0.094119909535607435 -0.06226658960722558 -0.053547840560412487 -0.055824854982878702 -0.11367093779361048 0.028215236341826346 0.015219611717361602 -0.051466541716482718 0.016692478710575203
leaf_weight=102.24194601690397 232.25856095319614 110.58752399134391 57.12562485208764 302.00943875210942 121.14702948951162 348.90360990451882 271.63280425331322 324.69618370633543 480.87514617138368 64.097715144147514 102.46547147998353 66.703084705855872 94.619432089384645 1550.1114248381709 45.757530303439125 52.783360128145432 72.505261106460239 193.11550261064258 160.05312324676197 411.70059453517024 624.62814037175121 201.21810017089592 117.3372377352789 946.80841620302817 80.153140874259407 95.633424040643149 29.717994837323204 307.41140871483367 819.64413199506816 91.26899472362129 147.17955272368272 80.09264466627792 24.960496351879556 51.134931852378941 2317.8305242740898 3280.045571417184 57.458878114484833 322.07303774962202 6261.2746114843612 390.64422730171646 780.5301987369312 132.20385640562745 31.928712100459961 120.49643281754106 224.25012807636813 148.9097732309092 492.45815883277101 181.27939825845533 72.06761395187641 57.518943602437503 213.44729404848476 305.91894015340949 75.6204295939242 154.51539017733739 64.30954237144033 97.011058717849664 39.47933553688199 35.547966250771424 502.84010243024386 227.29782140176394 137.23128456013364 72.661558547930326
leaf_count=664 484 15066 24172 513 1230 1023 1114 9174 21650 2384 375 1838 1878 51465 553 2146 3797 4049 555 36264 55325 9055 1535 11436 11815 10853 801 575 8773 420 6197 6757 2076 7505 41675 31407 2274 1643 159129 1846 2146 1596 571 2300 2989 25333 3939 11784 26890 16691 3227 2468 1580 3515 14410 12997 3238 811 3090 760 4149 866
internal_value=0.00236047 0.0020141 0.00221067 0.00234918 0.00204444 -0.0026466 0.00370057 -0.0177883 -0.0229209 0.0131589 -0.0628071 -0.0254568 0.00989478 -0.0132219 -0.000372092 -5.23619e-05 -0.00538225 -0.0116921 -0.0101945 -0.00799519 -0.0223948 0.00453693 -0.0232281 0.00646389 0.0190906 0.00238573 0.0039145 -0.0057258 0.00539448 -0.00530784 -0.0382986 0.0107878 0.0309042 -0.00537602 0.0119728 0.0115305 -0.0255 -0.0099713 0.0100959 0.0125421 0.010828 -0.0461719 -0.018956 -0.00168107 0.00562729 -0.0298841 0.0129099 0.00560025 -0.0151045 0.0259089 0.0139929 -0.0145807 -0.0298927 -0.0547013 0.0072018 -0.0194193 0.0107827 0.0153586 0.00684567 0.0117849 -0.0108795 -0.0222311
internal_weight=25579.4 25347.2 25236.6 25179.5 24877.4 6491.12 18386.3 2937.85 2524.85 413.001 493.865 169.169 3553.27 2030.99 11242.3 11196.5 5179.43 3833.08 3760.58 3567.46 1087.46 6017.09 388.97 5628.12 1374 4254.13 4158.5 1730.85 1365.5 1058.09 238.449 2427.64 971.769 675.763 2397.92 3458.65 178.606 402.226 7144.05 1346.34 7041.8 365.351 164.133 2480 1583.09 269.406 1313.68 1089.43 539.456 549.977 358.176 896.908 526.679 327.147 370.228 172.631 199.532 1293.56 902.917 867.369 364.529 144.729
internal_count=696841 696357 681291 657119 656606 124698 531908 87909 84502 3407 11387 2213 36789 73115 369969 369416 252524 239722 235925 231876 99094 116892 2649 114243 26970 87273 76420 27187 15965 15390 6617 49233 13512 62830 48432 34911 3504 13458 161939 12802 161275 11222 2167 132782 94019 27633 66386 63397 42767 20630 30983 38763 21885 18092 16878 14577 3793 10656 8810 7999 4909 27756
cat_boundaries=0 4 8 12 16 19 23 27 29 33 37 40 44 48 52 56 60 64 68 71
cat_threshold=771219 1149501440 992221264 1691 2442396192 55592008 3319031617 256 1879053056 730134 3222274050 4 8651008 1646596 1086324736 32 168820992 4279308 3226478339 1849757952 8988692 6272 548 705682 1140850688 169869328 27 637534208 8978436 1644171264 591872 2176 36 1744834560 591872 128 512 33554432 2048 128 33794 67112960 134217728 1168 16512 0 134217728 8 16531 393216 538968064 147 524419 0 807403520 3 131201 0 805306384 2 524304 256 0 9 655360 2 939524096 8 131201 393216 536870912
is_linear=0
shrinkage=0.05


Tree=87
num_leaves=63
num_cat=17
split_feature=1 28 43 27 0 0 48 26 0 0 25 26 0 0 18 0 7 0 0 48 48 10 32 28 43 0 46 35 11 0 48 0 43 18 8 7 48 48 35 0 17 0 15 29 30 18 0 33 43 47 43 0 47 26 18 10 0 32 28 27 43 43
split_gain=125.657 82.1548 80.73 72.9378 272.332 146.486 140.05 138.362 168.155 148.277 125.732 116.721 144.533 109 120.977 295.78 128.811 309.841 126.567 124.218 170.871 321.399 171.825 116.488 123.303 119.119 108.657 108.404 134.007 113.824 105.551 258.562 134.202 178.392 103.685 101.946 98.6723 103.332 98.3117 96.8233 95.8103 94.1004 91.6462 89.7186 87.8695 84.8524 115.231 84.1439 84.1273 83.4588 83.0451 81.9925 81.2572 80.7512 78.4087 77.3264 198.524 76.3145 75.8216 75.6522 74.9911 138.689
threshold=10.34999990463257 0.10000000149011613 0.9937499761581422 0.13655198365449908 0 1 -0.99809643626213063 0.019250490702688697 2 3 1.3149999976158144 0.047294611111283309 4 5 26.854166984558109 6 0.75000000000000011 7 8 -0.99376606941223133 0.30228675901889807 71.958332061767592 0.086206898093223586 0.013725490774959328 -0.97113886475563038 9 0.70333194732666027 1.2500000000000002 91.125000000000014 10 0.70222932100296032 11 -0.35041563212871546 1.2749999761581423 0.054166667163372047 11.34999990463257 0.80590438842773449 0.92789602279663097 10.150000095367433 12 5.0499999523162851 13 11.775000095367433 7.0130901336669931 0.071961537003517165 8.7750000953674334 14 0.84999999403953563 -0.76141706109046925 0.30546426773071295 0.90162119269371044 15 0.57402873039245617 -0.0083991340361535532 70.062500000000014 13.208333492279055 16 0.086206898093223586 0.040600210428237922 0.20888340473175052 0.79904097318649303 0.67802080512046825
decision_type=10 2 2 2 9 9 2 10 9 9 8 8 9 9 8 9 10 9 9 2 2 2 2 2 2 9 2 2 2 9 2 9 2 10 10 10 2 2 2 9 10 9 10 2 2 10 9 2 2 2 2 9 2 10 8 2 9 2 2 2 2 2
left_child=1 2 3 5 30 36 35 9 43 -6 11 13 -13 54 16 38 18 55 19 -15 21 -21 27 24 39 48 -27 28 -22 49 60 32 33 52 42 -7 -1 -38 -16 -23 -20 -12 -19 -9 -24 46 58 -10 -25 -30 -17 59 -32 -48 -8 56 -18 -28 -29 -49 61 -5
right_child=-2 -3 -4 4 7 6 10 8 47 -11 41 12 -14 14 15 50 17 34 40 20 22 23 44 25 -26 26 57 45 29 -31 31 -33 -34 -35 -36 -37 37 -39 -40 -41 -42 -43 -44 -45 -46 -47 53 51 -50 -51 -52 -53 -54 -55 -56 -57 -58 -59 -60 -61 -62 -63
leaf_value=-0.028438401290003041 0.039128998856005889 -0.041500426548993295 -0.058715032803999603 0.016497061721977471 0.017951982093694401 -0.070285615554925351 0.011285131245797757 -0.022129856937039089 0.0050123985307454714 -0.017223515659666868 0.0030059102424420591 0.021057697894727112 -0.054120830490274843 0.030495298625196843 0.0075097839167015531 -0.070516568211811223 0.042452898924148705 -0.082053326061333753 0.0058692584245289619 -0.098476211184312587 0.036994232872161019 0.019915410999720738 0.001969625679536778 -0.0124376785244178 -0.074468570013401347 0.0061920169338303801 -0.059728498439048074 -0.079597079935458587 -0.064460386313591606 -0.050170640811572811 0.057706218379142166 -0.045699852152206108 0.036904281746091422 -0.093084077244283581 0.001537195263696293 0.022319703240951963 0.025060535259563123 -0.037117430042815411 -0.074156876103080999 -0.065196068742321894 -0.036446944155304452 -0.063714973945572351 0.049280351089589336 -0.064301528262306451 -0.066619055661022747 0.036494430119291286 -0.0075978344293084928 -0.051457850061062252 -0.065386990581756191 0.037640395226254474 0.017738141847139618 -0.047948163632481451 -0.054051683179646426 0.028282449718652486 -0.079395370478494917 0.033235901012495989 -0.063131105098087989 0.0054905154542523645 -0.0061109977022851918 0.011201582740803937 -0.029306950678882317 0.050429620224406585
leaf_weight=704.29007891273068 228.85059863561764 108.51464716868941 54.452840883583121 2979.4081623848033 1063.7079499739775 113.14388880392653 3628.5207091651318 492.98685425778967 1093.7739973329008 407.61373458895105 97.964295434896485 92.913055489421822 180.88364192645531 210.85605698278232 598.43465044017648 246.15588396672683 91.762949620024301 113.64329133051797 5709.9097181723482 120.89296873915009 97.446834556234535 94.616522526426706 73.651612277171807 162.51757415480097 150.31407780569134 944.21257454068109 119.05385466208827 56.532345535000786 26.305598695791559 210.3295143442956 55.649225729284808 223.26652351787197 318.71657586292713 53.848728986660717 98.101210254404577 40.306532125046942 211.73467562110454 97.629447997147508 39.269777816603892 39.474257948531886 136.9727149016835 116.16223733255174 15.041287079206084 169.47531882757903 127.58364570121921 336.96062117219844 242.32108346912719 62.646884684101678 139.32953272367013 83.696264337515458 29.891796244279249 161.21036622485553 22.981506700132741 444.37814052120666 23.996005372348009 950.1178098617238 69.235653668292798 71.967732613622502 92.592517832628801 208.47475165367359 79.192170802285546 334.98342994236737
leaf_count=123173 494 15066 24172 18514 7249 7768 135487 11772 28986 13238 2597 1153 12491 1713 4394 4665 199 2923 120767 1854 334 294 3852 2502 14211 20452 5138 784 2413 21768 297 4229 1745 852 581 114 12129 17717 275 1016 2492 4939 32 4428 5502 868 1643 456 11214 1263 247 2486 519 1336 1324 2391 430 1580 743 411 2136 1023
internal_value=0.00224662 0.0019109 0.00209908 0.00223165 0.00626843 0.000423307 0.00157864 -0.003635 -0.011616 0.00821194 0.00203318 0.00254669 -0.0298165 0.00311484 0.000797764 -0.0166849 0.00224682 0.0167898 0.000239254 -0.00679679 -0.00897919 -0.0196711 0.00201456 -0.014137 -0.0433738 -0.00835086 -0.000758961 0.00752194 -0.0143483 -0.029967 0.0151499 -0.00287871 0.0189045 -0.0229722 -0.0356135 -0.0459612 -0.0179225 0.00543835 0.00244246 -0.00851696 0.0048696 -0.0360249 -0.0667024 -0.032429 -0.0415158 0.0153127 0.00677337 -0.0023535 -0.035696 0.0121222 -0.0588288 -0.0210432 0.0250426 0.0153969 0.0106602 0.0275582 -0.0042367 -0.0351571 -0.0318344 -0.00316029 0.0187777 0.0199266
internal_weight=25370.9 25142 25033.5 24979.1 7727.94 17251.1 16237.5 3659.89 2188.57 1471.32 16084 15869.9 273.797 15596.1 11943.6 913.752 11029.8 1337.9 9691.92 3845.03 3634.18 1842.38 1791.8 1721.49 284.405 1437.08 1135.23 1590.56 417.778 320.331 4068.05 674.463 451.196 132.479 226.786 153.45 1013.65 309.364 637.704 134.091 5846.88 214.127 128.685 662.462 201.235 1172.78 835.824 1526.11 301.847 110.002 276.048 432.332 78.6307 686.699 3652.52 1111.12 160.999 191.022 149.125 271.122 3393.58 3314.39
internal_count=696841 696347 681281 657109 98341 558768 405749 69026 48539 20487 397867 390331 13644 376687 239876 9581 230295 6556 223739 100480 98767 58261 40506 56407 15521 40886 27170 31152 25778 25444 29315 7642 3413 1668 3536 7882 153019 29846 4669 1310 123259 7536 2955 16200 9354 5374 4506 32339 13716 3676 4912 3353 816 2979 136811 3020 629 6718 1527 867 21673 19537
cat_boundaries=0 4 8 12 16 20 24 28 32 35 38 41 45 46 50 53 57 58
cat_threshold=3490415635 8606792 696275024 23 2656278 2952974795 17530916 80 797196288 1111492628 3290440450 1792 595591552 51642390 1382288128 1800 536871040 262144 8388864 2 2283033120 1178601472 3293851264 800 570622976 8389652 815812882 136 662765569 20 545259840 4 595796161 136316464 545263898 58851328 16 272 65664 0 16 1073741827 8536072 8409168 16 553779328 2350121985 71304196 1880123138 897 196736 1040 18 5243520 532482 4194304 168 553713664
is_linear=0
shrinkage=0.05


Tree=88
num_leaves=63
num_cat=0
split_feature=1 43 16 18 42 31 18 37 35 44 34 48 35 20 41 48 44 27 43 42 48 16 48 34 48 48 48 34 35 47 7 35 47 46 47 43 43 19 38 37 48 43 43 44 34 48 7 42 47 34 35 32 7 43 43 31 41 2 22 36 48 43
split_gain=117.825 75.9372 72.6375 102.514 227.901 124.831 96.58 113.432 99.668 93.2664 82.1239 301.057 169.76 106.052 138.319 104.01 101.808 257.133 248.702 173.943 179.527 157.525 145.292 133.492 187.236 124.487 169.788 163.089 120.31 110.718 114.16 106.551 99.4724 87.9794 103.989 86.3099 139.021 140.96 102.275 85.4093 77.6208 131.967 190.078 160.381 119.792 120.682 227.513 108.038 104.595 87.7058 167.51 196.032 146.866 131.295 159.727 131.026 135.217 132.392 120.713 118.633 127.96 119.972
threshold=10.500000000000002 0.9937499761581422 45.750000000000007 45.549999237060554 0.16280825436115268 0.05172413773834706 42.562500000000007 5.4795000553131112 27.150000572204593 0.080547325313091292 5.1499998569488534 -0.96953669190406788 15.550000190734865 -1.3541666865348814 0.91037613153457653 -0.92625963687896717 -0.94137725234031666 0.29422864317893987 -0.28519254922866816 0.68322628736495983 0.9409053921699525 2.2500000000000004 0.97778499126434337 14.449999809265138 -0.63256293535232533 -0.25834974646568293 -0.38850006461143488 9.6500000953674334 15.34999990463257 -0.42674392461776728 2.8500000238418584 11.650000095367433 0.91952124238014232 0.03750132396817208 0.8380790948867799 0.98667103052139293 0.94425827264785778 1.5000000000000002 21.500000000000004 2.7055000066757207 -0.99236765503883351 -0.93545487523078907 -0.63921129703521717 -0.14250536262989041 5.0499999523162851 -0.96953669190406788 0.55000001192092907 0.72947329282760631 -0.60704931616783131 0.75000000000000011 1.6500000357627871 0.12068965658545495 12.949999809265138 -0.99866804480552662 -0.87812310457229603 0.05172413773834706 0.52778512239456188 0.15000000223517421 18.733332633972172 4.5000000000000009 -0.81814974546432484 -0.62588816881179798
decision_type=10 2 10 8 2 2 10 2 2 2 2 2 2 10 2 2 2 2 2 2 2 10 2 2 2 2 2 2 2 2 10 2 2 2 2 2 2 2 2 2 2 2 2 2 2 2 10 2 2 2 2 2 10 2 2 2 2 8 8 2 2 2
left_child=1 2 3 6 5 -5 8 -8 10 -6 12 -12 13 14 -1 33 18 19 -17 20 25 -21 23 24 -20 26 29 32 31 30 -18 -29 -27 -13 -35 36 40 -38 -37 -19 41 43 -43 -15 45 46 -42 -45 -44 50 51 55 -53 -52 -55 56 -47 58 -57 60 -56 -61
right_child=-2 -3 -4 4 9 -7 7 -9 -10 -11 11 15 -14 35 -16 16 17 39 22 21 -22 -23 -24 -25 -26 27 -28 28 -30 -31 -32 -33 -34 34 -36 38 37 -39 -40 -41 44 42 48 47 -46 49 -48 -49 -50 -51 53 52 -54 54 59 57 -58 -59 -60 61 -62 -63
leaf_value=-0.038155109516367663 0.038778931704557588 -0.058593629759502525 0.019802650264812562 -0.068322472507043874 0.012624613644021204 -0.013686185015819963 0.0016822149492652519 0.065011695987844551 -0.058199191136192964 -0.082060659524603646 -0.066348044094223874 0.037439879461018032 -0.080274019290271059 0.045212427777898433 0.047054483321334335 0.046203642353774867 -0.072240301935598397 -0.038963515592190613 0.019292789604715546 -0.071780662925092678 -0.054336685489400544 0.010825258441906037 0.037307496719886611 0.033959808399727037 -0.064343575336818393 0.0271717124626801 -0.096937689830468687 -0.0051655749801978621 0.0076537131327436315 0.0085361432026436843 0.037608479919381765 -0.10237045890756942 -0.021243936253938757 -0.069188826762906538 0.031917655038500914 -0.056252527683438171 0.0064426730885955913 -0.059989179726291135 0.060821928415176779 -0.13141248507510064 -0.055848082184811722 -0.075981185262706363 -0.060234907061968629 -0.089202577529742658 -0.080280343018896652 -0.00047319997569071913 0.028937430455145921 0.024695026045836569 0.019886275757577558 -0.0022485083628971487 -0.065134861212198955 -0.06047315481974589 0.050079107129727102 0.034362867453411911 0.032441817427803367 0.0095909381596518319 -0.031350164325353529 -0.052581495842608697 0.2797268817216359 -0.062582951668194331 -0.063671914479188102 0.019476616189909583
leaf_weight=321.02605876816961 217.55507014319301 51.901765160568175 556.94530794718594 217.77920712428022 487.43459047749639 201.06524334851565 151.91242425929522 132.27330169924244 68.935766484341002 27.473483422290883 133.77564521561726 510.37246138458431 64.915631059702719 427.24184748450352 55.922397770467796 494.90077115489112 90.203516189780203 65.998448044600082 102.09263718288275 133.97171689785318 109.40901196121558 101.38820394946379 160.24893997024628 90.143880103656556 194.22055322161759 1561.5851850786712 47.915674434763787 53.331155433828826 205.51078517423593 632.98637799992139 32.057519324036548 59.805800466390792 113.82188926659001 45.95800255012 56.938890295175952 22.397122902948468 140.25445745606703 185.41472511606116 111.63904751090013 40.199941878730897 238.70148061688815 76.607559786731144 46.299447687328211 40.471805391149246 45.457481422883575 1752.7066820451146 118.35405114508467 42.879355903103715 338.86788679938036 7533.4979189391743 45.875436162568803 197.516077303153 35.430795873166062 970.29780843649496 50.203570860699983 3862.7528333162409 444.49109680989204 86.738012435394921 4.1399406160926437 47.887704926695733 111.62790305871022 637.33389296443784
leaf_count=6947 484 24172 1637 3901 4531 2942 1671 377 734 910 1674 836 1130 747 655 510 1027 293 317 1390 1205 359 211 148 1830 4182 458 264 860 2426 45 627 701 396 94 9334 8515 28169 1768 316 21801 4105 4661 1432 552 104662 707 478 11850 64641 993 36644 75 7327 496 240543 55420 2212 11 3872 3454 12112
internal_value=0.0021417 0.00182274 0.00194849 0.00154063 -0.0147061 -0.0420945 0.00218764 0.0311587 0.00183219 0.00757258 0.00201139 0.00765686 0.000436632 0.000727837 -0.0255138 0.00967602 0.00692254 0.00256066 0.0205248 0.005147 0.00849466 -0.0361957 -0.00272073 -0.0193189 -0.0355273 0.0109522 -0.00566792 0.0176465 -0.0151418 0.000122566 -0.0434373 -0.0565495 0.0238825 0.0289365 -0.0132407 0.00128939 0.000982919 -0.0313793 0.0412591 -0.0739588 0.00159727 0.0153179 -0.00405123 0.0328351 0.000772854 0.00100117 -0.027744 -0.0306088 0.0102552 0.00165157 0.00521423 0.00136445 -0.0436584 0.0184043 0.0205131 0.00306957 -0.00671958 0.00850981 0.00988015 0.00464822 -0.0338554 0.0137418
internal_weight=25207.1 24989.5 24937.6 24380.7 933.753 418.844 23446.9 284.186 23162.7 514.908 23093.8 5036.84 18057 17992 376.948 4903.06 4289.79 3248.19 1041.61 3141.99 2906.63 235.36 546.706 386.457 296.313 2797.22 803.163 1994.05 318.648 755.247 122.261 113.137 1675.41 613.269 102.897 17615.1 17481 325.669 134.036 106.198 17155.4 972.368 461.775 510.593 16183 16137.6 357.056 83.3512 385.167 15780.5 8247 6383.78 232.947 1863.23 1817.35 6150.83 2197.2 3953.63 3866.89 847.053 161.831 685.222
internal_count=696841 696357 672185 670548 12284 6843 658264 2048 656216 5441 655482 20169 635313 634183 7602 18495 17169 14153 3016 13544 11795 1749 2506 2295 2147 10590 3956 6634 1751 3498 1072 891 4883 1326 490 626581 615479 36684 11102 609 578795 23273 20616 2657 555522 554970 22508 1910 16511 532462 467821 439567 36719 28254 27261 402848 160082 242766 240554 19934 3950 15984
is_linear=0
shrinkage=0.05


Tree=89
num_leaves=63
num_cat=21
split_feature=1 28 43 0 16 0 34 0 0 20 33 0 33 0 28 0 28 0 46 0 48 0 10 0 4 29 48 0 43 43 0 48 48 0 35 24 0 48 0 0 46 43 48 48 0 28 28 0 48 48 7 33 7 33 30 0 0 41 43 35 28 28
split_gain=110.293 76.5601 72.3343 70.3959 71.4462 151.296 90.3993 106.623 80.289 125.272 74.614 195.925 139.733 330.192 105.133 96.509 202.983 384.797 234.541 223.755 166.688 160.429 159.827 210.621 141.441 120.18 116.09 135.268 113.016 135.977 308.004 114.906 311.81 136.376 105.221 101.858 226.063 95.3826 221.045 220.637 219.511 162.986 134.63 127.401 441.396 110.526 108.343 280.857 160.775 152.632 102.863 102.774 97.747 93.5715 90.778 178.741 177.198 97.5839 93.3325 90.2531 215.695 97.8964
threshold=10.500000000000002 0.10000000149011613 0.9937499761581422 0 45.750000000000007 1 16.250000000000004 2 3 31.083333015441898 3.3500000238418584 4 2.2500000000000004 5 0.053132651373744018 6 0.025490196421742443 7 -0.012064661365002392 8 0.99793070554733287 9 12.958333492279055 10 2.2500000000000004 -0.61250317096710194 -0.78113025426864613 11 -0.99940761923789967 -0.98803845047950734 12 -0.99236765503883351 -0.77313542366027821 13 3.6499999761581425 -0.024379990063607689 14 -0.49910144507884974 15 16 0.55052056908607494 -0.99940761923789967 -0.23463187366724012 -0.28219357132911677 17 0.013725490774959328 0.046430176123976714 18 -0.63256293535232533 -0.99809643626213063 8.0500001907348651 0.84999999403953563 0.15000000223517421 7.9500000476837167 0.18093390762805941 19 20 0.2269546836614609 -0.98214942216873158 5.6499998569488534 0.040600210428237922 0.045542273670434959
decision_type=10 2 2 9 10 9 2 9 9 10 2 9 2 9 2 9 2 9 2 9 2 9 2 9 10 2 2 9 2 2 9 2 2 9 2 8 9 2 9 9 2 2 2 2 9 2 2 9 2 2 10 2 10 2 2 9 9 2 2 2 2 2
left_child=1 2 3 -1 6 -6 10 -8 -7 -10 12 14 15 -14 -12 16 17 -5 26 34 22 -18 23 -17 -25 -21 27 -19 -23 -30 -31 -32 -33 -34 -20 36 -24 38 45 40 50 -40 -42 44 51 -37 49 48 -48 -43 -39 -41 -44 -16 55 -51 -56 58 -58 61 -61 -57
right_child=-2 -3 -4 4 5 8 7 -9 9 -11 11 -13 13 -15 53 20 21 18 19 25 -22 28 35 24 -26 -27 -28 -29 29 30 31 32 33 -35 -36 37 -38 39 41 43 42 46 52 -45 -46 -47 47 -49 -50 54 -52 -53 -54 -55 56 59 57 -59 -60 60 -62 -63
leaf_value=-0.048121131673617257 0.038074354840000622 -0.040751045165347333 -0.058476045492282108 -0.04904948647764594 0.042273569469003486 0.01517389065427293 0.027079241931421322 -0.064998973615691444 -0.10274723462638197 0.0074001077351947223 0.025164052770358269 -0.0082957440872480238 0.0057444019314982341 -0.055887022812371616 -0.074000489461056154 0.0023744119583839611 -0.040053574678728054 0.03715629852644322 0.030467374289992123 0.12994276833788901 -0.061503880811764437 -0.084949993755085801 0.027920581363717323 -0.081209343820275767 0.028265484843700173 -0.048628463957870433 0.027141060997114431 -0.068081136856099941 0.037055451946689633 -0.040102294127300715 0.048282858770540109 -0.067052462129875104 -0.0426101387711494 0.022790546408059938 -0.078244702471901212 -0.070059757081417193 -0.027982140320808192 -0.04335758710882906 -0.090829548490053272 0.021914981143782066 -0.081950599769917656 -0.065944362041356439 0.012327920109955676 0.002554390659093493 -0.072919517814169652 -0.012535965144416517 0.02231406977133461 -0.048638199469684916 -0.099373239407656452 -0.031824822991294979 0.024689120822551345 -0.10093445346414154 -0.067515780727464517 0.026345000214907904 0.020347578949898193 0.029457394227656999 -0.058252061571371187 -0.075976169886911013 0.0036612611752362052 -0.040961463443190564 0.031399932974346324 -0.062409186416434337
leaf_weight=59.766019618182327 210.6779073048383 105.53926529733872 49.467263895086944 382.80962747243757 309.66931063088123 131.58824845659547 42.115420139394701 92.696086788761022 49.76912392678787 53.629148578969762 1378.037061251729 872.67010848601058 565.66646706036408 343.49075611682201 52.336036360822618 287.59648787183687 116.14854376266885 45.250393571273889 218.75853587218444 9.6817972426651959 109.53160994463542 26.49170432946994 842.14620725071291 191.87912963093549 34.865648150444031 351.30894590116804 884.92241821764037 64.279181869656895 762.73609111778205 238.68347985885339 288.26662649752689 110.58252795149747 75.906589032907505 1577.9240429667261 24.779305934003787 96.48537887391285 222.24090119983885 745.05625870094809 39.887413990480127 321.61049358818855 45.81112026941264 58.323953746679763 567.27257177149295 6633.9796715316916 235.03814829445764 620.67058365032426 476.04278264242748 250.92416360999778 28.784974245689227 147.55420432389656 60.010385621746536 17.976132111420156 41.10998415722861 41.776939342438709 563.54900817789894 1998.9171087571085 80.944844938290771 72.07499789983558 245.44033161002153 169.72377111801325 261.88885347270116 29.426480453563272
leaf_count=128076 484 15066 24172 33237 426 299 53 896 522 125 2681 4264 1992 3291 374 1377 17035 683 7237 154 6794 738 6940 2580 105 18031 20202 4878 2683 23955 2235 9450 8868 31609 562 8262 8085 37772 821 5925 2543 2810 13982 129041 10984 21969 7143 17794 1281 4474 191 217 1087 79 5365 24735 465 2733 2654 1043 524 2788
internal_value=0.00204981 0.00174407 0.00192551 0.00204664 0.00218714 0.0200957 0.00178272 -0.0390463 -0.0104836 -0.0415948 0.00201274 0.0104837 0.0010925 -0.0180922 0.021526 0.00193611 0.00783794 -0.00471941 0.00616181 -0.0183604 -4.11221e-05 0.0156473 0.000396364 -0.0270059 -0.0616566 -0.0426575 0.0211309 -0.0274274 0.0178196 0.0187693 0.0126824 0.0189233 0.0142338 0.019669 0.0186408 0.001344 0.0162477 0.000195198 0.00559128 -0.00300505 -0.0206626 0.0097628 0.000708459 0.000597261 -0.0219872 -0.0199963 0.0107004 -0.00652183 0.0150769 0.0142881 -0.0382853 0.014971 0.00693267 -0.0294569 0.0155991 0.0204423 0.00247167 -0.0227502 -0.0116935 0.0236108 0.00294514 0.0281246
internal_weight=25034.2 24823.5 24718 24668.5 24608.7 544.656 24064.1 134.812 234.987 103.398 23929.3 2344.82 21584.5 909.157 1472.15 20675.3 5178.53 1981.79 1598.98 604.529 15496.8 3196.74 15387.2 514.341 226.745 360.991 994.452 109.53 3080.59 3054.1 2291.36 2052.68 1764.41 1653.83 243.538 14872.9 1064.39 13808.5 5140.64 8667.86 1459.26 4423.48 654.194 7208.6 574.625 717.156 4383.6 755.752 504.828 3627.84 805.067 339.587 608.383 94.113 3569.52 2607.51 962.009 398.46 326.385 2459.96 431.613 2028.34
internal_count=696841 696357 681291 657119 529043 1372 527671 949 946 647 526722 7398 519324 5283 3134 514041 181557 84984 51747 25984 332484 96573 325690 4062 2685 18185 25763 5561 79538 78800 76117 52162 49927 40477 7799 321628 15025 306603 104861 201742 55575 74630 17612 146167 17126 30231 73809 26218 8424 47591 37963 6142 15069 453 44781 33564 11217 5852 3119 29090 1567 27523
cat_boundaries=0 4 8 9 13 17 21 25 29 32 35 39 43 47 49 53 57 61 65 69 72 76
cat_threshold=2099204 2952823713 753708 64 357827586 25698314 671092944 2 515 2718568465 33554436 12846080 261 1954677888 30015492 2092979136 818 671781377 1095458822 943739840 256 2147845680 101991504 3350472721 1552 2147484192 68419648 1141899264 16 1024 1040 8208 33792 16384 2147491840 905970049 12648454 20480 288 0 0 16 512 16 1048576 52690961 512 2147483648 1104 2043285504 25174022 4212034 14 671089026 4720648 4199040 384 488112128 1099042818 134217730 8 1073745920 591872 805312128 130 1364205568 16781314 805306368 4 1048576 196610 536870912 1150828545 1073946624 939524098 40
is_linear=0
shrinkage=0.05


end of trees

feature_importances:
station_code=1384
tide_spring_neap=682
cal_doy_sin=542
cal_doy_cos=508
water_offline_share=325
rain_fcst_6h=236
rain_rf24hr_mean=169
cal_hour_sin=160
cal_hour_cos=140
water_rise3h_mean=127
rain_fcst_3h=125
tide_m2_sin=76
flow_offline_share=75
tide_m2_cos=69
water_rising_share=65
water_rise1h_mean=64
flow_mean=64
flow_velocity_mean=61
rain_rf6hr_mean=59
fl_hrs_since_5cm=53
rain_fcst_1h=49
fl_hrs_since_15cm=48
fl_depth_now=46
fl_max24h=46
rain_rf1hr_delta1h=39
depression_m=33
rain_rf1hr_delta3h=32
rain_spread=26
fl_rise_15min=25
rain_gauges_reporting=24
elev_m=24
slope_deg=22
elev_rank_local=20
rain_rf3hr_max=18
dist_water_km=18
rain_rf1hr_max=16
rain_antecedent_ratio=16
rain_rf3hr_mean=14
fl_std3h=13
fl_max3h=12
water_rise1h_max=11
flow_negative_share=10
fl_mean1h=9
fl_rise_1h=7
cal_monsoon=7
rain_rf1hr_mean=5
fl_depth_lag1h=2
fl_depth_lag3h=2
rain_x_recent_flood=2

parameters:
[boosting: gbdt]
[objective: binary]
[metric: average_precision]
[tree_learner: serial]
[device_type: cpu]
[data_sample_strategy: bagging]
[data: ]
[valid: ]
[num_iterations: 2000]
[learning_rate: 0.05]
[num_leaves: 63]
[num_threads: 0]
[seed: 42]
[deterministic: 0]
[force_col_wise: 0]
[force_row_wise: 0]
[histogram_pool_size: -1]
[max_depth: -1]
[min_data_in_leaf: 200]
[min_sum_hessian_in_leaf: 0.001]
[bagging_fraction: 0.8]
[pos_bagging_fraction: 1]
[neg_bagging_fraction: 1]
[bagging_freq: 5]
[bagging_seed: 400]
[bagging_by_query: 0]
[feature_fraction: 0.8]
[feature_fraction_bynode: 1]
[feature_fraction_seed: 30056]
[extra_trees: 0]
[extra_seed: 12879]
[early_stopping_round: 0]
[early_stopping_min_delta: 0]
[first_metric_only: 0]
[max_delta_step: 0]
[lambda_l1: 0]
[lambda_l2: 0]
[linear_lambda: 0]
[min_gain_to_split: 0]
[drop_rate: 0.1]
[max_drop: 50]
[skip_drop: 0.5]
[xgboost_dart_mode: 0]
[uniform_drop: 0]
[drop_seed: 17869]
[top_rate: 0.2]
[other_rate: 0.1]
[min_data_per_group: 100]
[max_cat_threshold: 32]
[cat_l2: 10]
[cat_smooth: 10]
[max_cat_to_onehot: 4]
[top_k: 20]
[monotone_constraints: ]
[monotone_constraints_method: basic]
[monotone_penalty: 0]
[feature_contri: ]
[forcedsplits_filename: ]
[refit_decay_rate: 0.9]
[cegb_tradeoff: 1]
[cegb_penalty_split: 0]
[cegb_penalty_feature_lazy: ]
[cegb_penalty_feature_coupled: ]
[path_smooth: 0]
[interaction_constraints: ]
[verbosity: -1]
[saved_feature_importance_type: 0]
[use_quantized_grad: 0]
[num_grad_quant_bins: 4]
[quant_train_renew_leaf: 0]
[stochastic_rounding: 1]
[linear_tree: 0]
[max_bin: 255]
[max_bin_by_feature: ]
[min_data_in_bin: 3]
[bin_construct_sample_cnt: 200000]
[data_random_seed: 175]
[is_enable_sparse: 1]
[enable_bundle: 1]
[use_missing: 1]
[zero_as_missing: 0]
[feature_pre_filter: 1]
[pre_partition: 0]
[two_round: 0]
[header: 0]
[label_column: ]
[weight_column: ]
[group_column: ]
[ignore_column: ]
[categorical_feature: 0]
[forcedbins_filename: ]
[precise_float_parser: 0]
[parser_config_file: ]
[objective_seed: 16083]
[num_class: 1]
[is_unbalance: 0]
[scale_pos_weight: 30]
[sigmoid: 1]
[boost_from_average: 1]
[reg_sqrt: 0]
[alpha: 0.9]
[fair_c: 1]
[poisson_max_delta_step: 0.7]
[tweedie_variance_power: 1.5]
[lambdarank_truncation_level: 30]
[lambdarank_norm: 1]
[label_gain: ]
[lambdarank_position_bias_regularization: 0]
[eval_at: ]
[multi_error_top_k: 1]
[auc_mu_weights: ]
[num_machines: 1]
[local_listen_port: 12400]
[time_out: 120]
[machine_list_filename: ]
[machines: ]
[gpu_platform_id: -1]
[gpu_device_id: -1]
[gpu_device_id_list: ]
[gpu_use_dp: 0]
[num_gpu: 1]

end of parameters

pandas_categorical:[["FL.BBN.01", "FL.BBN.02", "FL.BKA.01", "FL.BKA.02", "FL.BKE.01", "FL.BKE.02", "FL.BKL.01", "FL.BKM.01", "FL.BKM.02", "FL.BKN.01", "FL.BKN.02", "FL.BKP.01", "FL.BKP.02", "FL.BKT.01", "FL.BNA.01", "FL.BNA.02", "FL.BNA.03", "FL.BNA.04", "FL.BNA.05", "FL.BRK.01", "FL.BRK.02", "FL.BSU.01", "FL.CTC.01", "FL.CTC.02", "FL.CTC.03", "FL.CTC.04", "FL.CTC.05", "FL.CTC.06", "FL.CTC.07", "FL.DDG.01", "FL.DDG.02", "FL.DDG.03", "FL.DDG.04", "FL.DDG.05", "FL.DDG.06", "FL.DDG.07", "FL.DDG.08", "FL.DST.01", "FL.DST.02", "FL.DST.03", "FL.DST.04", "FL.DST.05", "FL.DST.06", "FL.DST.07", "FL.DST.08", "FL.HKG.01", "FL.JTG.01", "FL.KSN.01", "FL.KTY.01", "FL.KTY.02", "FL.KTY.03", "FL.KTY.04", "FL.KTY.05", "FL.LSI.01", "FL.LSI.02", "FL.LSI.03", "FL.LSI.04", "FL.LSI.05", "FL.LSI.06", "FL.MBR.01", "FL.PKN.01", "FL.PNK.02", "FL.PPS.01", "FL.PPS.02", "FL.PTW.01", "FL.PTW.02", "FL.PTW.03", "FL.PTW.04", "FL.PTW.05", "FL.PWT.01", "FL.PWT.02", "FL.PYT.01", "FL.PYT.02", "FL.PYT.03", "FL.PYT.04", "FL.PYT.05", "FL.PYT.06", "FL.PYT.07", "FL.RTW.01", "FL.RTW.02", "FL.RTW.03", "FL.RTW.04", "FL.RTW.05", "FL.RTW.06", "FL.RTW.07", "FL.RTW.08", "FL.RTW.09", "FL.RTW.10", "FL.RTW.11", "FL.RTW.12", "FL.SLG.01", "FL.SLG.02", "FL.SLG.03", "FL.SMI.01", "FL.SPW.01", "FL.SPW.02", "FL.STN.01", "FL.STN.02", "FL.STN.03", "FL.STN.04", "FL.WTL.01", "FL.WTL.02", "FL.WTL.03", "FL.WTL.04", "FL.WTN.01", "FL.WTN.02", "FL.WTN.03"]]
