tree
version=v4
num_class=1
num_tree_per_iteration=1
label_index=0
max_feature_idx=23
objective=quantile
feature_names=fl_depth_now fl_depth_lag1h fl_depth_lag3h fl_max3h fl_max24h fl_mean1h fl_hrs_since_5cm rain_rf1hr_mean rain_rf1hr_max rain_rf3hr_mean rain_rf24hr_mean rain_rf1hr_delta1h water_rise1h_mean water_rising_share water_offline_share flow_mean flow_negative_share flow_offline_share cal_hour_sin cal_hour_cos cal_doy_sin cal_doy_cos cal_monsoon station_code
feature_infos=[0:71] [0:61.400001525878906] [0:134.5] [0:147.69999694824219] [0:147.69999694824219] [0:66.033332824707031] [0:72] [0:84.75] [0:101] [0:109.5] [0:161] [-72.5:73.166664123535156] [-0.065301202237606049:0.3299601674079895] [0:0.87058824300765991] [0:0.54509806632995605] [-8.5560712814331055:37.323570251464844] [0:0.23333333432674408] [0.033333335071802139:0.40000000596046448] [-1:1] [-1:1] [-0.99999940395355225:0.99998557567596436] [-0.99997919797897339:0.99999076128005981] [0:1] -1:98:96:80:54:97:95:43:20:6:40:12:64:45:89:41:9:84:32:90:21:74:44:33:68:42:55:13:8:52:19:11:26:27:70:10:75:72:83:15:81:53:82:0:14:47:18:25:85:28:31:87:79:67:37:69:30:94:17:61:23:36:58:78:77:60:7:86:24:66:1:71:88:39:93:4:29:16:63:22:48:56:73:57:92:46:59:76:50:91:3:2:65:38:34:51:62:35:5:99:49:101:100:106:104:105:103
tree_sizes=6217 6261 6266 6253 6183 6134 6103 6162 6104 6154 6178 6172 6194 5979 6152 6201 6187 6200 6176 6155 6139 6137 6224 6239 6113 6114 6199

Tree=0
num_leaves=63
num_cat=24
split_feature=5 4 4 19 18 23 23 5 3 1 5 18 23 4 23 19 10 9 6 18 10 18 23 23 6 18 23 23 4 23 18 23 3 18 19 1 4 23 23 18 23 14 4 20 23 23 23 18 23 14 23 23 23 23 21 23 5 23 23 20 14 14
split_gain=145257 19510.2 6087.96 9350.01 4473.37 3552.49 2601.25 2081.69 2719.7 2076.45 1333.46 1191.84 1124.07 902.534 798.142 666.239 614.889 597.71 1224.43 547.772 546.115 500.913 618.979 446.948 436.081 393.903 324.191 310.973 249.865 258.102 234.109 235.912 215.25 238.245 213.689 195.308 193.521 185.337 183.223 181.079 179.249 158.448 151.781 138.176 133.729 130.32 129.405 136.63 126.543 125.621 139.343 124.199 123.268 122.433 118.131 117.634 116.492 116.492 111.18 109.728 102.303 101.23
threshold=1.0000000180025095e-35 1.0000000180025095e-35 1.0500000119209292 0.16280825436115268 1.0000000180025095e-35 0 1 0.087500002235174193 1.1500000357627871 1.0000000180025095e-35 0.99583333730697643 0.81241145730018627 2 0.15000000223517421 3 0.2269546836614609 0.64583334326744091 5.6833331584930429 1.0000000180025095e-35 -0.84874749183654774 1.6458333134651186 -0.52778512239456166 4 5 1.1250000000000002 0.95642796158790599 6 7 0.15000000223517421 8 -0.72947329282760609 9 1.0000000180025095e-35 -0.88144907355308522 -0.35206145048141474 1.0500000119209292 0.15000000223517421 10 11 0.98611506819725048 12 0.0098039219155907648 0.45000000298023229 -0.013976118760183452 13 14 15 0.88144907355308544 16 0.045542273670434959 17 18 19 20 -0.11692317575216292 21 0.095833335071802153 22 23 0.65233618021011364 0.036731028929352767 0.033333335071802146
decision_type=10 10 10 2 2 9 9 10 10 10 10 2 9 10 9 2 10 10 2 2 8 2 9 9 2 2 9 9 10 9 2 9 10 2 2 10 10 9 9 2 9 2 10 2 9 9 9 2 9 2 9 9 9 9 2 9 10 9 9 2 2 2
left_child=1 23 3 4 14 45 13 9 56 30 27 -7 15 25 32 20 39 53 -19 37 21 -4 46 34 52 59 -21 61 57 -30 31 -2 36 -34 49 -29 48 -11 -18 -15 41 -22 -38 -40 -27 -5 54 -48 -3 50 -1 -41 -20 -12 -23 -16 -9 -13 -14 -6 -42 -10
right_child=7 2 12 5 6 11 -8 8 10 19 17 28 58 16 55 -17 38 18 24 26 40 22 -24 -25 -26 44 -28 35 29 -31 -32 -33 33 -35 -36 -37 42 -39 43 51 60 -43 -44 -45 -46 -47 47 -49 -50 -51 -52 -53 -54 -55 -56 -57 -58 -59 -60 -61 -62 -63
leaf_value=0.0050000000745058061 0.015000000596046448 0.0050000000745058061 0.18500000238418579 0.010000000149011612 0.010000000149011612 0 0.0050000000745058061 0.030000001192092896 0.2700000047683716 0.015000000596046448 0.78000001907348637 0.0050000000745058061 0.10499999523162842 0.030000001192092896 0.010000000149011612 0.14500000476837158 0.044999998807907109 1.7850000381469728 0.34500000476837162 0.015000000596046448 0.14500000476837158 0.83999996185302739 0.22000000476837159 0 0.26500000953674319 0.010000000149011612 0.034999999403953555 0.53000001907348637 0.020000000298023225 0.010000000149011612 0.034999999403953555 0.034999999403953555 0.0050000000745058061 0.015000000596046448 0 0.18999999761581421 0.015000000596046448 0.0050000000745058061 0.034999999403953555 0.015000000596046448 0.22500000000000001 0.13999999761581422 0.060000002384185791 0.020000000298023225 0.0050000000745058061 0.0050000000745058061 0.22999999523162842 0.18500000238418579 0.010000000149011612 0 0 0.020000000298023225 0.30999999046325688 0.70000000000000007 0.50500001907348635 0.0050000000745058061 0.044999998807907109 0.0050000000745058061 0 0.010000000149011612 0.20499999523162843 0.4650000095367432
leaf_weight=74366 1464 2082 9567 4396 14606 117720 10098 4331 4285 575 21344 2775 101214 25636 10096 81882 4841 6778 1971 3148 1901 1936 10450 10979877 2914 3935 6047 7560 6644 7402 18801 3715 4435 2825 1176538 3044 8288 6699 2398 1094 32043 4469 1413 2232 5693 10373 4626 2621 10934 321141 342302 6515 4214 5744 2442 13915 112351 7246 101366 10088 30231 2502
leaf_count=74366 1464 2082 9567 4396 14606 117720 10098 4331 4285 575 21344 2775 101214 25636 10096 81882 4841 6778 1971 3148 1901 1936 10450 10979877 2914 3935 6047 7560 6644 7402 18801 3715 4435 2825 1176538 3044 8288 6699 2398 1094 32043 4469 1413 2232 5693 10373 4626 2621 10934 321141 342302 6515 4214 5744 2442 13915 112351 7246 101366 10088 30231 2502
internal_value=-0.00104644 -0.00169584 0.00654315 0.0119121 0.0212454 0.00349881 0.0282525 0.0394924 0.0418306 0.0292585 0.0332139 0.00106689 0.00238917 0.0313786 0.0099361 0.005239 0.0362337 0.0379422 0.0302392 0.0155885 0.00797155 0.0134061 0.0175476 -0.00213189 0.018255 0.0253451 0.023699 0.0215325 0.0112055 0.0155087 0.0386468 0.0292339 0.0153752 0.00788567 -0.00142686 0.0161287 0.0177756 0.00533613 0.0249945 0.0394356 0.00546646 0.0134522 0.0231211 0.0177425 0.0167667 0.0268271 0.0254824 0.0212805 0.0137915 -0.000759781 -0.000187008 0.0326623 0.0107417 0.0424572 0.0323735 0.00313777 0.0462877 0.00517388 -0.000173751 0.0286898 0.0046467 0.0299077
internal_weight=1.37941e+07 1.35767e+07 682428 297680 141124 156556 87136 217487 177038 40449 60356 141787 384748 77038 53988 182168 42716 42965 15877 16469 100286 31642 22075 1.28942e+07 9099 34322 9195 17391 24067 14046 23980 5179 29977 7260 1.91435e+06 10604 22717 7274 9471 33245 68644 6370 9701 4630 9628 14769 11625 7247 13016 737809 416668 7609 6185 27088 4378 24011 116682 10021 202580 24694 62274 6787
internal_count=13794139 13576652 682428 297680 141124 156556 87136 217487 177038 40449 60356 141787 384748 77038 53988 182168 42716 42965 15877 16469 100286 31642 22075 12894224 9099 34322 9195 17391 24067 14046 23980 5179 29977 7260 1914347 10604 22717 7274 9471 33245 68644 6370 9701 4630 9628 14769 11625 7247 13016 737809 416668 7609 6185 27088 4378 24011 116682 10021 202580 24694 62274 6787
cat_boundaries=0 3 6 9 12 15 18 21 24 27 30 33 36 39 41 43 46 48 51 53 57 61 64 67 70
cat_threshold=2097152 524288 134217728 1073776260 135315715 2097218 220496000 37523478 60850187 1145045124 1605632 136314880 136577024 3182610 35651593 1157677701 35160067 136314882 49152 540931 67108864 82086916 35160065 168051075 33924 1048833 66 2097152 524288 134217728 2098192 524288 134217728 1073742852 33024 2097216 0 32768 2097152 34304 16641 0 524288 262144 16 33554440 0 524288 128 32768 2097154 0 32768 84060292 588021760 1217396738 4 698360912 303861909 2685677839 2 2098176 2 130 33280 16401 262144 3502403093 2684371073 202637568
is_linear=0
shrinkage=0.05


Tree=1
num_leaves=63
num_cat=24
split_feature=0 4 4 19 18 23 23 18 23 4 23 10 5 23 19 10 18 23 4 18 18 23 4 23 19 5 23 5 9 23 23 5 23 4 23 23 23 5 20 23 23 21 21 18 23 10 23 18 18 5 18 23 11 23 18 9 23 23 23 20 4 20
split_gain=156040 21844.8 6968.01 8866.09 4329.56 4321.81 2981.58 1551.7 1031.45 853.686 747.596 666.99 468.452 447.295 393.087 706.61 548.008 628.578 304.779 295.316 289.47 707.081 287.616 251.558 219.506 206.123 203.459 198.054 188.014 187.489 181.426 177.89 215.578 150.563 203.555 136.207 135.982 129.542 129.395 125.069 122.106 121.837 115.583 115.473 106.759 106.663 137.032 157.866 106.089 98.7259 98.0835 97.9171 93.8398 92.1918 88.7591 86.685 84.4258 83.5744 82.2136 82.0709 87.2808 79.3858
threshold=1.0000000180025095e-35 1.0000000180025095e-35 1.0500000119209292 0.09796465560793878 -0.097964655607938753 0 1 0.84874749183654796 2 0.15000000223517421 3 0.64583334326744091 1.0000000180025095e-35 4 0.35206145048141485 0.27500000596046453 -0.41248606145381922 5 0.15000000223517421 0.95642796158790599 -0.9103761315345763 6 0.15000000223517421 7 -0.35206145048141474 1.0000000180025095e-35 8 1.0000000180025095e-35 4.8541667461395273 9 10 1.0000000180025095e-35 11 0.15000000223517421 12 13 14 1.0000000180025095e-35 -0.013976118760183452 15 16 0.28313310444355017 -0.11692317575216292 0.98611506819725048 17 22.562500000000004 18 -0.16280825436115262 -0.58216583728790272 1.0000000180025095e-35 0.72947329282760631 19 2.3666666746139531 20 0.93540480732917797 3.8541666269302373 21 22 23 0.49812944233417517 0.25000000745058065 0.93544191122055065
decision_type=10 10 10 2 2 9 9 2 9 10 9 10 10 9 2 8 2 9 10 2 2 9 10 9 2 10 9 10 10 9 9 10 9 10 9 9 9 10 2 9 9 2 2 2 9 10 9 2 2 10 2 9 10 9 2 10 9 9 9 2 10 2
left_child=1 13 3 4 10 27 9 31 12 19 20 43 14 24 15 16 58 29 36 39 21 22 -3 59 41 33 -13 35 30 42 -14 50 -33 34 -22 -5 -9 -10 -28 -6 -21 44 -18 -11 -1 46 47 -17 -36 -8 -7 -45 56 -16 -51 57 -15 -39 -4 -20 -61 -41
right_child=-2 2 8 5 6 7 49 18 37 11 -12 26 28 52 53 45 17 -19 23 40 25 -23 -24 -25 -26 -27 38 -29 -30 -31 -32 32 -34 -35 48 -37 -38 55 -40 61 -42 -43 -44 51 -46 -47 -48 -49 -50 54 -52 -53 -54 -55 -56 -57 -58 -59 -60 60 -62 -63
leaf_value=0.0097500001452863229 0.40075000762939461 0.0045000000670552256 0.21574999988079072 0.0095000001415610318 0.0095000001415610318 0 0.0047500000707805159 0.0047500000707805159 0 0.029500001184642317 0.0047500000707805159 0.047750000059604648 0.20650000452995299 0 0.18274999737739564 0.093000000119209295 0.92299996376037596 0.18259969362073647 0.019000000283122064 0.0095000001415610318 0.0045000000670552256 0.0047500000707805159 0.0097500001452863229 0.0095000001415610318 0 0.027750001251697545 0.033249999433755874 0.018250000327825547 0.20122498022909832 0.21849999547004703 0.24529986215886576 0.028250001221895218 0.0047500000707805159 0.02424999997019768 0.0097500001452863229 0.0047500000707805159 0.0047500000707805159 0.22149999022483824 0.02399999998509884 0.0095000001415610318 0.0097500001452863229 0 0.47975001811981199 0.014250000566244127 0 0.17475000262260437 0.20475000977516175 0.29299999237060548 0.0095000001415610318 0.0092500001192092896 0.0050000000745058061 0.019000000283122064 0 0.067749999761581428 0.032749999463558201 0.20816243646521709 0 0.23074987071765718 0.06849959385434147 0.0090000001341104512 0.019000000283122064 0.0095000001415610318
leaf_weight=147595 170274 3363 3564 4672 14068 113114 10525 3449 188036 26531 17762 4965 3317 3786034 16044 1282 1721 8502 1979 3370 7856 10895 2324 7546 1095530 4285 2441 1465 4812 7229 5623 925 3924 9179 2077 10884 6672 668 2291 10149 4821 303237 2554 896 236072 40575 42899 1660 3199 3106 10380 5288 111657 63451 369 6450 7212454 2318 6879 2068 2702 2140
leaf_count=147595 170274 3363 3564 4672 14068 113114 10525 3449 188036 26531 17762 4965 3317 3786034 16044 1282 1721 8502 1979 3370 7856 10895 2324 7546 1095530 4285 2441 1465 4812 7229 5623 925 3924 9179 2077 10884 6672 668 2291 10149 4821 303237 2554 896 236072 40575 42899 1660 3199 3106 10380 5288 111657 63451 369 6450 7212454 2318 6879 2068 2702 2140
internal_value=-0.00106074 -0.00165535 0.00676352 0.012265 0.0210408 0.00441336 0.0279502 0.00174939 0.00242156 0.0318098 0.0107278 0.0365668 0.00485989 -0.00213156 0.00423533 0.00608041 0.0126302 0.0174765 0.0133032 0.0259792 0.0142784 0.00909691 0.0233689 0.0180037 -0.00139625 0.0175143 0.0250498 0.0283041 0.0137813 0.0250903 0.0180705 -0.000448467 0.00894566 0.0155852 0.0121512 0.0266656 0.00666411 -0.00017308 0.0174968 0.0285563 0.0176868 -0.000695527 0.0334685 0.0399805 -0.000103521 0.00377256 0.00542522 0.015852 0.0197427 0.00670592 -0.000817328 0.0338276 -0.00224952 0.00152289 0.014018 0.00554366 -0.00226416 0.0125871 0.00334602 0.0250226 0.0286111 0.0247563
internal_weight=1.37921e+07 1.36218e+07 729264 321680 151900 169780 90960 152759 407584 76960 60940 42412 210112 1.28926e+07 196360 116865 30449 20006 24416 34548 43178 16582 5687 14295 1.78243e+06 26596 9697 17021 13752 11504 8940 128343 4849 22311 13132 15556 10121 197472 4732 26357 8191 686904 4275 32715 383667 86416 45841 2942 5276 14000 123494 6184 1.11101e+07 79495 3475 9436 1.09985e+07 2986 10443 6749 4770 12289
internal_count=13792117 13621843 729264 321680 151900 169780 90960 152759 407584 76960 60940 42412 210112 12892579 196360 116865 30449 20006 24416 34548 43178 16582 5687 14295 1782434 26596 9697 17021 13752 11504 8940 128343 4849 22311 13132 15556 10121 197472 4732 26357 8191 686904 4275 32715 383667 86416 45841 2942 5276 14000 123494 6184 11110145 79495 3475 9436 10998488 2986 10443 6749 4770 12289
cat_boundaries=0 3 6 9 12 15 18 21 24 27 30 33 36 39 41 44 47 49 52 55 57 60 64 67 70
cat_threshold=2097152 524288 134217728 1073776260 135315715 2097218 233081984 37523479 60850187 1147143300 1605632 136314882 1157677700 35160067 136314882 136577024 3444758 33554441 2097152 524288 134217728 33924 1048833 66 1073742852 33024 2097216 262144 16 33554440 14978048 33554433 33554434 2147484688 0 262338 2098176 524288 134217730 0 524288 2147517968 16401 67371008 1073743360 256 2097154 34304 16641 16777856 1081344 2097154 262144 32768 33587209 0 32768 2048 34078724 25165824 2821852497 539252996 81657896 1792 536871424 0 134496512 207650816 34869250 2097154
is_linear=0
shrinkage=0.05


Tree=2
num_leaves=63
num_cat=25
split_feature=0 4 4 19 3 18 4 23 23 0 18 23 0 4 23 10 18 23 18 23 5 23 18 10 19 18 23 23 4 23 3 23 19 4 23 23 5 18 18 23 4 20 23 23 14 23 23 3 18 23 5 23 15 23 23 5 23 20 0 23 11 23
split_gain=48224.6 21444.4 4485.67 5416.37 8225.72 3253.5 1615.07 1536.13 1270.48 2990.63 1163.57 977.943 960.415 880.237 713.14 662.861 520.929 517.427 514.391 518.643 471.694 446.364 407.703 386.901 584.247 464.937 629.17 259.363 253.094 253.656 252.742 247.386 214.948 205.042 195.121 191.603 187.382 181.729 181.154 156.925 148.296 136.582 135.68 132.664 131.575 143.891 131.033 123.175 121.542 118.181 117.803 111.626 108.914 107.192 107.188 103.214 132.374 100.104 100.065 99.3842 92.7273 88.9381
threshold=0.45000000298023229 1.0000000180025095e-35 1.0500000119209292 0.16280825436115268 1.0000000180025095e-35 -0.097964655607938753 0.45000000298023229 0 1 1.0000000180025095e-35 0.81241145730018627 2 1.0000000180025095e-35 0.15000000223517421 3 0.64583334326744091 -0.88144907355308522 4 -0.68322628736495961 5 1.0000000180025095e-35 6 0.95642796158790599 0.35416667163372045 0.29012925922870642 -0.41248606145381922 7 8 0.15000000223517421 9 0.35000000894069677 10 -0.35206145048141474 0.15000000223517421 11 12 1.0000000180025095e-35 0.98611506819725048 -0.52778512239456166 13 0.45000000298023229 -0.013976118760183452 14 15 0.045542273670434959 16 17 4.4500000476837167 0.93540480732917797 18 1.0000000180025095e-35 19 6.3085026741027841 20 21 1.0000000180025095e-35 22 0.9470459818840028 1.0000000180025095e-35 23 2.3666666746139531 24
decision_type=10 10 10 2 10 2 10 9 9 10 2 9 10 10 9 10 2 9 2 9 10 9 2 10 2 2 9 9 10 9 10 9 2 10 9 9 10 2 2 9 10 2 9 9 2 9 9 10 2 9 10 9 2 9 9 10 9 2 10 9 10 9
left_child=1 21 3 4 5 14 12 13 9 27 55 20 16 22 33 37 31 38 -8 -20 23 32 49 24 25 59 52 36 51 -30 -11 -6 44 54 47 -17 43 -15 -18 -28 -35 -37 -24 -5 45 -1 -39 -22 -19 -7 -13 -12 -27 -26 -3 -10 58 -56 -57 -4 -23 -25
right_child=-2 2 11 8 6 7 18 -9 10 30 28 50 -14 15 -16 35 17 48 19 -21 34 60 42 61 53 26 39 -29 29 -31 -32 -33 -34 40 -36 41 -38 46 -40 -41 -42 -43 -44 -45 -46 -47 -48 -49 -50 -51 -52 -53 -54 -55 57 56 -58 -59 -60 -61 -62 -63
leaf_value=0.0092625001380220069 0.95571245956420903 0.0045250000674277547 0.19996250465512277 0.0090250001344829803 0.0092625001380220069 0.0090250001344829803 0.017899991160484303 0.0045125000672414902 0 -0.0022875000238418625 0.0045125000672414902 0 -0.0022875000238418625 0.027025001073256134 0.0045125000672414902 0.040362498864531519 0.0087625001119449736 0.0077875001728534704 0.027025001073256134 0.031112499490380287 0.18617498999834062 0 0.0090250001344829803 0.19861250942945483 0.19737487764804557 0.40576251721382139 0.20757499569654467 0.014678746327441122 0.018050000268965961 0.0090250001344829803 0.02271249848604202 0.003262500011362135 0 0.013037500567734242 0.19323501654800918 0.036587500654160977 0.017337500311434269 0.013537500537931919 0.021774999970570211 0.1648700174647304 0.050787501074373721 0.017800000283867121 0.0045125000672414902 0.0045125000672414902 0 0 0.018050000268965961 0.28348293957324527 0.026587501250207424 0.0090250001344829803 0.19857061180030477 0.0045125000672414902 0.43776237273169133 -0.0056375001519918455 0.0090250001344829803 0.021837499968707562 0.0030125001007691027 0.0042750000637024636 0.0077125008702278097 0.087325020188073643 0 0.11009999942779541
leaf_weight=74447 55683 1983 3183 4448 406 11136 5076 6246 116578 22646 3216 187595 65510 25746 15794 4727 3597 13807 7106 2924 3399 10868083 3923 68885 6696 4767 7999 1507 7013 7674 1236 13661 1175903 7810 15304 2363 1445 1094 3398 5078 1247 2194 5696 10350 320649 342402 6503 973 475 14172 10590 6761 2073 18671 8956 869 7646 1204 1244 7216 110979 72066
leaf_count=74447 55683 1983 3183 4448 406 11136 5076 6246 116578 22646 3216 187595 65510 25746 15794 4727 3597 13807 7106 2924 3399 10868083 3923 68885 6696 4767 7999 1507 7013 7674 1236 13661 1175903 7810 15304 2363 1445 1094 3398 5078 1247 2194 5696 10350 320649 342402 6503 973 475 14172 10590 6761 2073 18671 8956 869 7646 1204 1244 7216 110979 72066
internal_value=-0.00143781 -0.00162605 0.00609575 0.00967736 0.0147428 0.0238742 0.00523068 0.0293264 0.00345173 0.0111839 0.00131909 0.00238546 0.00294698 0.031246 0.0115239 0.0360718 0.00958975 0.0145254 0.0204776 0.0270414 0.00471004 -0.00213149 0.0253653 0.00397167 0.00750036 0.0121853 0.0166595 0.026731 0.0112528 0.0154274 -0.000366595 0.0021243 -0.00142672 0.017513 0.0120914 0.0242557 0.0285666 0.0393619 0.025662 0.0102054 0.0232149 0.016807 0.0166028 0.026906 -0.000757555 -0.000171819 0.0325665 0.0214103 0.00904667 0.0286957 -0.000151934 0.0051075 0.0289416 0.00190139 0.0132745 -0.000620108 0.00431935 0.0153441 0.0153639 0.00361597 -0.00225431 0.00257765
internal_weight=1.3792e+07 1.37363e+07 843882 429387 236754 120794 115960 83800 192633 41632 151001 414495 100854 77554 36994 42627 35344 21277 15106 10030 216310 1.28925e+07 34927 196634 55683 30316 19917 17750 24664 14687 23882 14067 1.9134e+06 21200 19676 9284 16243 33343 6995 13077 9057 4557 9619 14798 737498 416849 7597 4372 14282 25308 198185 9977 6840 25367 12143 126337 9759 10160 2113 10399 1.09791e+07 140951
internal_count=13792028 13736345 843882 429387 236754 120794 115960 83800 192633 41632 151001 414495 100854 77554 36994 42627 35344 21277 15106 10030 216310 12892463 34927 196634 55683 30316 19917 17750 24664 14687 23882 14067 1913401 21200 19676 9284 16243 33343 6995 13077 9057 4557 9619 14798 737498 416849 7597 4372 14282 25308 198185 9977 6840 25367 12143 126337 9759 10160 2113 10399 10979062 140951
cat_boundaries=0 3 6 9 12 16 19 22 25 28 31 34 37 40 43 45 47 50 52 55 57 60 62 65 68 71
cat_threshold=1073776260 135315715 2097218 2097168 524288 134479872 233081984 37523479 60850187 1077936260 1605632 136314880 1140852372 1081346 2097154 1 1024 1081347 2359362 1157677701 35160067 136314882 134479872 2359314 33554441 2097152 524288 134217728 33924 1048833 66 2097152 524288 134217728 12880896 33554433 33554432 1073742852 33024 2097216 85983360 1085444 2097152 34304 16641 0 524288 128 32768 2097154 0 32768 1073743360 256 2097152 34304 16401 29361152 33554436 25165824 0 524288 1536 2113536 130 207650816 33820674 2097154 83918848 34111494 25165833
is_linear=0
shrinkage=0.05


Tree=3
num_leaves=63
num_cat=22
split_feature=4 5 19 10 3 23 4 4 23 4 1 4 2 19 10 6 3 23 23 23 23 5 23 6 23 5 6 5 23 5 23 20 1 19 23 1 5 4 5 5 23 23 19 23 3 23 19 5 23 23 23 21 23 20 10 23 14 19 23 23 15 5
split_gain=28075.7 9859.1 3867.7 4688.16 5305.51 4545.02 1533.17 1674.1 1430 988.783 742.147 1037.73 675.34 667.498 655.087 603.076 1181.61 569.495 550.219 510.585 443.675 432.813 432.582 412.978 398.463 396.489 341.961 335.733 309.628 297.365 289.929 284.462 280.712 278.247 272.381 350.203 251.159 234.788 275.602 255.217 205.006 180.606 179.393 176.36 171.197 162.73 150.693 137.024 128.288 127.478 123.024 118.68 112.01 108.69 112.368 106.922 106.228 105.066 126.524 104.37 100.938 94.893
threshold=1.0000000180025095e-35 2.0125000476837163 0.2269546836614609 5.5499999523162851 1.0000000180025095e-35 0 0.94999998807907116 0.15000000223517421 1 0.45000000298023229 1.0000000180025095e-35 0.55000001192092907 0.25000000745058065 -0.35206145048141474 0.64583334326744091 1.0000000180025095e-35 7.1499998569488534 2 3 4 5 0.095833335071802153 6 1.0000000180025095e-35 7 1.0000000180025095e-35 1.0000000180025095e-35 0.029166667722165588 8 1.0000000180025095e-35 9 0.49812944233417517 1.0000000180025095e-35 0.58216583728790294 10 0.35000000894069677 0.13750000298023227 0.94999998807907116 0.095833335071802153 0.13750000298023227 11 12 -0.35206145048141474 13 1.7500000000000002 14 -0.097964655607938753 1.0000000180025095e-35 15 16 17 0.26659387350082403 18 0.62587949633598339 1.1458333134651186 19 0.051905291154980666 -0.47114434838294977 20 21 7.0005171298980722 0.070833336561918273
decision_type=10 10 2 10 10 9 10 10 9 10 8 10 8 2 10 2 10 9 9 9 9 10 9 2 9 10 2 10 9 10 9 2 8 2 9 10 10 10 10 10 9 9 2 9 10 9 2 10 9 9 9 2 9 2 10 9 2 2 9 9 2 10
left_child=20 2 3 4 5 6 7 13 10 21 11 17 25 22 31 -3 45 -4 57 37 42 40 -2 -10 59 -11 -21 -19 -12 33 -14 43 -31 41 35 -27 -13 38 52 -39 -6 -25 48 -9 -41 -17 -33 -28 51 -18 -24 56 -5 -52 -55 -37 -1 -8 60 -7 -59 -30
right_child=1 15 8 19 9 24 18 14 23 12 28 36 30 -15 -16 16 49 27 -20 26 -22 -23 50 29 -26 34 47 -29 61 32 -32 46 -34 -35 -36 55 -38 39 -40 44 -42 -43 -44 -45 -46 -47 -48 -49 -50 -51 53 -53 -54 54 -56 -57 -58 58 -60 -61 -62 -63
leaf_value=0.054512501184828581 0.0042987500640563675 1.8179268747329713 0.0042868750638794155 0.011910000567696989 0.0076481251120567324 0.13728686983585359 0.3138743699670074 0.030673749231453985 1.1900768337367817 0.1597499978542328 0.17817686614990236 0.1586818768054247 0.2713662445515394 0.0042868750638794155 0.029687334786440086 0.17642683122142269 0.41476970528024037 0.0085737501277588311 0.17999999523162843 1.2854267966506978 0 -0.0021731250226497689 0.0085737501277588311 0.032147499361447993 0.071626514207308076 0.18686625480353836 0 0.0024706250127404929 0.014263248320253122 0.31548675751480615 0.013176880455017081 0.025673751019593329 0.017261250267457211 0 0.13721812039725892 0.011361249028425661 0.28992680010788774 0.17474999547004699 0.0078268758714199037 0.036800749744804129 0.003333872579970404 0.0035737500532530249 0 0.017385625241324306 0.38516414264308302 0.19317687568664552 0.017147500255517662 0.21742685327529238 0 0.24194685443635083 0.0085737501277588311 0 0.026936251132469627 0.0085737501277588311 0.0085737501277588311 0.20676647168327322 -0.00048750000726431619 0.38547439135313039 0.13953686947822572 0.2147500050067902 0.45887439857723689 0.0015768747538328133
leaf_weight=92268 1979 10124 4203 5332 25102 12065 5411 5315 533 5785 1096 23083 1317 14942 6062 695 2249 14726 13657 416 10741601 48157 5806 37292 18257 6502 89893 1915 754 5343 18141 21352 16748 198474 8546 1655 1281 68492 7455 3386 19607 42477 1322271 9100 4594 11275 6034 4731 557429 2877 11953 126236 14172 9007 736 683 53673 1840 1585 19387 1218 24564
leaf_count=92268 1979 10124 4203 5332 25102 12065 5411 5315 533 5785 1096 23083 1317 14942 6062 695 2249 14726 13657 416 10741601 48157 5806 37292 18257 6502 89893 1915 754 5343 18141 21352 16748 198474 8546 1655 1281 68492 7455 3386 19607 42477 1322271 9100 4594 11275 6034 4731 557429 2877 11953 126236 14172 9007 736 683 53673 1840 1585 19387 1218 24564
internal_value=-0.00153543 0.00700582 0.00608098 0.00895581 0.0128872 0.0188879 0.0243081 0.0272239 0.00222457 0.00554864 0.00857361 0.0124653 0.0118529 0.0202337 0.0337117 0.0366385 0.0309113 0.0206553 0.0129696 0.00298947 -0.00213122 0.00265474 0.0245971 0.000712857 0.00623358 0.01762 0.000343503 0.0248032 0.00191622 0.000634843 0.00498535 0.0359393 0.00621848 0.000191532 0.0213928 0.0275593 0.00545846 0.00542021 0.00943293 0.0040063 0.00619735 0.0026856 -0.00147589 0.0302541 0.0124687 0.0395134 0.0389318 0.000144677 -0.000899542 0.0108242 0.0262175 -9.709e-06 0.0125584 0.0279766 0.0319093 0.0109944 0.00096133 0.0218417 0.0163456 0.00964401 0.0222637 0.000783914
internal_weight=1.37929e+07 899381 872161 499672 301201 165706 115997 92286 372489 135495 71622 45208 42629 44423 47863 27220 17096 20844 23711 198471 1.28935e+07 92866 29481 300867 49709 23171 95040 16641 26414 300334 19458 41801 22091 278243 17386 8840 24364 103431 26959 76472 44709 79769 2.15188e+06 14415 7980 11970 27386 94624 829606 5126 27502 272177 19504 21696 9743 2338 145941 10054 4643 31452 3058 25318
internal_count=13792859 899381 872161 499672 301201 165706 115997 92286 372489 135495 71622 45208 42629 44423 47863 27220 17096 20844 23711 198471 12893478 92866 29481 300867 49709 23171 95040 16641 26414 300334 19458 41801 22091 278243 17386 8840 24364 103431 26959 76472 44709 79769 2151877 14415 7980 11970 27386 94624 829606 5126 27502 272177 19504 21696 9743 2338 145941 10054 4643 31452 3058 25318
cat_boundaries=0 3 6 7 10 13 16 19 22 25 28 31 34 37 40 43 46 50 53 55 58 61 64
cat_threshold=1074038404 1610003 35651659 10488832 34078724 159383552 1024 262144 4114 33554505 1160021125 37273879 161513547 1159774853 35160067 144703490 0 524304 1 488652800 2317631620 218501280 8390656 33554432 16777216 683688001 33554432 260 767819776 36962327 50331977 69224080 2621458 136315010 155222660 1327251 33587275 1073741824 1048834 2097152 1229312 134222336 1075314818 16777856 1081344 2097154 94431236 2726047760 1098911754 2 32896 3 64 67403904 2113539 536870912 3145735 72 0 16 33554441 134217728 2375808 134217728
is_linear=0
shrinkage=0.05


Tree=4
num_leaves=63
num_cat=21
split_feature=4 0 23 19 18 23 10 0 23 0 4 4 23 23 23 18 18 23 18 0 23 10 4 23 23 3 20 5 19 23 5 23 0 4 4 4 5 0 23 23 0 18 23 14 23 23 4 4 20 23 23 20 4 23 0 10 23 4 4 10 5 4
split_gain=23120.6 14743.8 2593.75 3096.73 3600.6 3397.02 2896.79 2535.04 1207.8 1140.37 1289.99 922.791 739.94 734.386 557.597 504.307 468.577 443.278 329.95 399.26 382.767 450.534 323.096 289.458 271.266 268.444 259.504 221.19 213.192 203.611 182.93 173.871 172.326 246.205 434.726 157.919 157.209 155.293 149.152 146.431 141.043 132.971 127.536 124.292 138.3 116.838 116.776 115.835 112.295 110.374 109.194 121.002 105.162 182.995 100.912 97.0034 108.24 94.8891 160.103 93.728 92.9788 90.7946
threshold=1.0000000180025095e-35 2.1499999761581425 0 0.29012925922870642 -0.16280825436115262 1 0.94999998807907116 1.0000000180025095e-35 2 1.0000000180025095e-35 0.55000001192092907 0.84999999403953563 3 4 5 0.88144907355308544 0.81241145730018627 6 -0.68322628736495961 1.0000000180025095e-35 7 2.3541666269302373 0.94999998807907116 8 9 1.5500000119209292 0.30983042716979986 1.0000000180025095e-35 -0.35206145048141474 10 1.0000000180025095e-35 11 1.0000000180025095e-35 0.15000000223517421 0.65000000596046459 0.25000000745058065 1.0000000180025095e-35 1.0000000180025095e-35 12 13 1.0000000180025095e-35 -0.52778512239456166 14 0.045542273670434959 15 16 0.35000000894069677 0.35000000894069677 0.82414472103118908 17 18 0.3744682669639588 0.94999998807907116 19 2.3500000238418584 26.050000190734867 20 1.9499999880790713 0.25000000745058065 0.22500000149011615 1.0000000180025095e-35 0.65000000596046459
decision_type=10 10 9 2 2 9 10 8 9 10 10 10 9 9 9 2 2 9 2 10 9 10 10 9 9 10 2 10 2 9 10 9 10 10 10 10 10 10 9 9 10 2 9 2 9 9 10 10 2 9 9 2 10 9 10 10 9 10 10 10 10 10
left_child=17 2 3 4 12 25 7 14 9 10 13 37 32 30 26 22 59 28 29 20 21 -20 48 -11 61 40 -7 38 43 -14 -5 -29 33 -2 41 -28 49 -8 -4 -17 -6 -35 55 44 -1 -24 -26 -21 -16 -15 -18 -52 -37 -54 -3 56 -13 58 -41 -10 -22 -9
right_child=1 54 27 8 5 6 11 24 16 23 -12 42 18 36 15 39 50 -19 19 47 60 -23 45 -25 46 -27 35 31 -30 -31 -32 -33 -34 34 -36 52 -38 -39 -40 57 -42 -43 -44 -45 -46 -47 -48 -49 -50 -51 51 -53 53 -55 -56 -57 -58 -59 -60 -61 -62 -63
leaf_value=0.0042868750638794155 0.0040838125608535485 0.18386320243077944 0.10475000262260437 0.0040725313106854451 0.15733691329175423 0.12659315849006059 0.01960705639929506 0.0079444695860147446 0 0.16851802236557006 0.15574777819678187 0.2697168278305912 0.10134437223970889 0.0081450626213708903 0.014804468863457444 0.090491260765764359 0.007468812611293979 0 0.12187963933443398 -0.0020644687715172805 0.15136562127638462 0.13026999762058258 0.13999126124260153 -0.0019019728194177299 -0.0020644687715172805 0.2137643626775837 0.0093900628725672158 0.17316677527358207 0 -0.00016669362899852022 0.014844805011321446 0.053815964898410965 0.017935531526505944 0.011516344277281314 0.28634437462389467 0.029390061680474325 0.0069218848542192254 0.015969906426947563 0 0.0058638125555263839 -0.0025644688162207636 0.012265719303488732 0.095269995236396787 0 0 0.14762651682991246 0.014500342412516265 0.017838554486667626 0.014390062574543991 0.0038581875574914743 0.062250126026133071 0.055763277443687587 0.64086816889703158 0.19319624138176442 1.2720305119228366 0.090983487962940576 0.20484437903463842 0.059585034384727488 0.025446248176693911 0.043518034286499009 0.13025533900851363 0.12787962810145695
leaf_weight=74511 2131 1295 105967 3640 32463 7837 16307 1057 101725 882 17424 938 47273 3788 15100 9272 12625 10976721 8672 14601 14922 6846 2995 25855 8521 3594 9138 5231 1177143 58292 367 17000 2497 3935 2850 9973 1227 2249 105507 9129 19244 1353 27118 320946 342301 2152 6142 8478 9281 8900 5800 6924 2494 1076 24140 2324 2216 1293 3363 70932 2174 846
leaf_count=74511 2131 1295 105967 3640 32463 7837 16307 1057 101725 882 17424 938 47273 3788 15100 9272 12625 10976721 8672 14601 14922 6846 2995 25855 8521 3594 9138 5231 1177143 58292 367 17000 2497 3935 2850 9973 1227 2249 105507 9129 19244 1353 27118 320946 342301 2152 6142 8478 9281 8900 5800 6924 2494 1076 24140 2324 2216 1293 3363 70932 2174 846
internal_value=-0.00159227 0.00615868 0.00506654 0.00671222 0.00958864 0.0140599 0.0179462 0.0229116 0.00250829 0.00859263 0.0144878 0.00827475 0.00429274 0.0239061 0.0264719 0.0233299 0.000600128 -0.00213301 0.00337454 0.00648856 0.0100498 0.0157332 0.0276612 0.000802539 0.00505161 0.00345677 0.0318676 0.00055789 -0.00143101 0.00173199 0.00498693 0.00530217 0.0158763 0.0187533 0.022715 0.0345883 0.0293294 0.0171756 5.91793e-05 0.0177932 0.00253897 0.0311989 0.00320775 -0.000764608 -0.000195125 0.0162779 0.00273581 0.00145598 0.0300643 0.0276978 0.0069481 0.010216 0.0380154 0.0306513 0.0436844 0.0101594 0.0158893 0.0144826 0.0158277 -0.000331829 0.00487899 0.0227614
internal_weight=1.3791e+07 899375 873940 640235 380146 206122 150821 99669 260089 62083 35346 51152 174024 17922 83103 52585 198006 1.28916e+07 161258 55693 32614 15518 29528 26737 16566 55301 30518 233705 1.9149e+06 105565 4007 22231 12766 10269 8138 22681 13915 18556 211474 23057 51707 5288 32596 737758 416812 5147 14663 23079 24381 12688 25349 12724 13543 3570 25435 5478 3154 13785 12492 172657 17096 1903
internal_count=13790997 899375 873940 640235 380146 206122 150821 99669 260089 62083 35346 51152 174024 17922 83103 52585 198006 12891622 161258 55693 32614 15518 29528 26737 16566 55301 30518 233705 1914901 105565 4007 22231 12766 10269 8138 22681 13915 18556 211474 23057 51707 5288 32596 737758 416812 5147 14663 23079 24381 12688 25349 12724 13543 3570 25435 5478 3154 13785 12492 172657 17096 1903
cat_boundaries=0 3 6 9 11 12 15 18 21 23 26 29 32 35 38 41 44 47 49 52 55 58
cat_threshold=1172604548 35426711 186646603 98566144 34340992 150994944 10486784 34078724 150994944 8388608 524288 1024 512 1048851 72 1157677701 35160067 136314882 1073742980 1085442 35651586 8388608 33554432 262144 18 33554441 90178688 33816704 153092098 671090769 553648160 53508 2281850897 2686468096 76841216 33920 4 33554435 262144 32772 9 128 32768 2097154 262144 36864 35651585 0 524288 1157890048 299394 2097152 0 16 8 262144 0 9
is_linear=0
shrinkage=0.05


Tree=5
num_leaves=63
num_cat=16
split_feature=4 0 23 18 19 23 23 10 0 23 20 4 10 23 18 23 23 19 4 0 0 4 4 19 3 23 23 18 20 18 23 19 0 23 4 3 4 19 18 0 4 0 4 22 14 23 23 10 18 19 14 23 23 4 5 5 18 4 4 23 4 11
split_gain=16633 9542.01 1876.23 2120.36 2880.2 3312.25 1390.75 1284.98 929.431 842.773 616.342 542.906 493.696 445.469 338.422 301.682 299.406 327.27 292.043 284.17 278.98 743.496 373.698 306.947 278.633 276.024 248.854 232.457 227.513 228.07 252.322 221.134 218.078 299.217 349.523 232.985 199.68 198.973 198.333 164.713 156.923 145.832 132.365 128.863 128.298 131.02 126.434 115.494 217.392 234.06 165.158 133.007 112.367 110.782 105.765 105.316 104.741 102.78 137.233 98.5073 96.8707 95.0528
threshold=1.0000000180025095e-35 3.4500000476837163 0 1.0000000180025095e-35 0.16280825436115268 1 2 1.5500000119209292 1.0000000180025095e-35 3 0.29342973232269293 0.94999998807907116 0.27500000596046453 4 0.91037613153457653 5 6 -0.98611506819725026 0.25000000745058065 1.0000000180025095e-35 1.0000000180025095e-35 0.65000000596046459 0.15000000223517421 -0.84874749183654774 1.7500000000000002 7 8 0.84874749183654796 0.30983042716979986 0.88144907355308544 9 -0.35206145048141474 1.0000000180025095e-35 10 0.45000000298023229 2.0499999523162846 0.75000000000000011 0.41248606145381933 0.88144907355308544 8.049999952316286 0.65000000596046459 1.0000000180025095e-35 0.94999998807907116 1.0000000180025095e-35 0.045542273670434959 11 12 2.6833333969116215 0.47114434838294988 0.29012925922870642 0.013725490774959328 13 14 0.94999998807907116 0.11250000074505807 0.30416667461395269 0.95642796158790599 0.25000000745058065 0.94999998807907116 15 0.55000001192092907 2.3666666746139531
decision_type=10 10 9 2 2 9 9 10 8 9 2 10 10 9 2 9 9 2 10 10 10 10 10 2 10 9 9 2 2 2 9 2 10 9 10 10 10 2 2 10 10 8 10 2 2 9 9 10 2 2 2 9 9 10 10 10 2 10 10 9 10 10
left_child=13 2 3 6 5 7 20 8 10 60 25 -9 19 31 57 32 -8 41 -16 28 21 22 37 -24 -22 -5 47 -27 -11 53 -31 44 33 34 56 -34 -14 -2 55 52 -10 42 -18 -19 45 -1 -21 48 -4 50 -50 -52 -3 -30 -49 -17 -6 -12 -59 -45 -7 -15
right_child=1 39 26 4 15 9 16 11 40 12 14 -13 36 61 18 38 17 43 -20 46 24 -23 23 -25 -26 27 -28 -29 29 30 -32 -33 35 -35 -36 -37 -38 -39 -40 -41 -42 -43 -44 59 -46 -47 -48 54 49 -51 51 -53 -54 -55 -56 -57 -58 58 -60 -61 -62 -63
leaf_value=0.0058594063186855061 0.0038796219328108708 0.58208157080713296 0.055076595147324964 0.0068154051439026963 0.0036652781796169005 -0.0037949081039111141 0.11168159331941606 0.021017210928902498 0.003775325887936898 0.11243418929880988 0.0089205597289388535 0.12035035560578847 0.01782262164596448 0 0.0076755594777425289 0.002737809415796539 0.016265133452057424 0 0.22388725113003707 0.19892034055681776 0.0028431295826062521 0.19520183166230332 0.011652433338314295 0.010325441586161459 0.16084212172412873 0.12630849308696276 0 0.028529341796770927 0.013649839131371119 0.20088691938079017 0.0163459291786868 0 -0.0018412267208706258 0.14557656852620893 0.01881563389493 0.14132764135207967 0.142325269461095 0.002737809415796539 0.018879746764848711 1.9234286048469273 0.1427320278135836 0.0070058974990506589 0.15258087986886504 0.092868317086845634 0 0 0.0085430167486406968 0.086935911195129167 0.12377500462532043 0.0050000000745058061 0.1358350354635951 0.41093117439692295 0.33342898632669449 0.1454238458671851 0.2407130715304002 0.15060014712699701 -0.0039878317047921516 0.027920558596450609 0.42886858676141515 0 0.16297751930335452 0
leaf_weight=74450 2432 1166 15710 2640 3719 23707 67867 9197 5349 7537 10299 12393 5318 10999706 5692 79503 2991 103870 7091 559 7403 10595 1768 5394 1644 7932 169153 6047 6672 1543 5859 1096626 9735 13556 1687 778 22451 1315 25637 7361 1802 4006 2079 67404 300931 311888 5566 53714 1479 3103 2946 809 9963 2703 3678 2921 292 7471 2697 37425 16375 111612
leaf_count=74450 2432 1166 15710 2640 3719 23707 67867 9197 5349 7537 10299 12393 5318 10999706 5692 79503 2991 103870 7091 559 7403 10595 1768 5394 1644 7932 169153 6047 6672 1543 5859 1096626 9735 13556 1687 778 22451 1315 25637 7361 1802 4006 2079 67404 300931 311888 5566 53714 1479 3103 2946 809 9963 2703 3678 2921 292 7471 2697 37425 16375 111612
internal_value=-0.00167215 0.00489964 0.00415401 0.00560774 0.00851316 0.0127352 0.00271596 0.0203851 0.0243213 0.00661419 0.0267386 0.00999884 0.010456 -0.00213082 0.0306684 0.00309429 0.00163116 0.00072738 0.0242856 0.014856 0.0128537 0.015957 0.0251194 0.031813 0.0054916 0.0188761 0.000493691 0.0216708 0.0172808 0.0205226 0.0139618 -0.00139735 0.00755054 0.0107154 0.0203232 0.00176139 0.00563677 0.0123252 0.00186588 0.0404475 0.00746364 0.010022 0.0156558 0.000323204 -0.000694157 -9.1229e-05 0.00523061 0.00276434 0.00567358 0.0121995 0.0186502 0.0242244 0.0366095 0.0257027 0.00154586 0.000671406 0.0283901 0.0346549 0.0382209 0.00155994 0.00103375 -0.00224857
internal_weight=1.37952e+07 900003 881513 630921 314728 176900 316193 78610 57020 98290 49869 21590 58208 1.28952e+07 33250 137828 285642 217775 12783 30439 30551 21504 10909 7162 9047 16619 250592 13979 24314 16777 7402 1.7839e+06 29767 19254 5698 10513 27769 3747 108061 18490 7151 9076 5070 208699 687269 386338 6125 81439 24047 8337 5234 3755 11129 9375 57392 82424 4011 20467 10168 104829 40082 1.11113e+07
internal_count=13795216 900003 881513 630921 314728 176900 316193 78610 57020 98290 49869 21590 58208 12895213 33250 137828 285642 217775 12783 30439 30551 21504 10909 7162 9047 16619 250592 13979 24314 16777 7402 1783895 29767 19254 5698 10513 27769 3747 108061 18490 7151 9076 5070 208699 687269 386338 6125 81439 24047 8337 5234 3755 11129 9375 57392 82424 4011 20467 10168 104829 40082 11111318
cat_boundaries=0 3 6 8 11 14 17 20 22 25 27 30 33 36 39 43 46
cat_threshold=1172604036 35426711 195035211 1074003972 1081618 2097225 8388608 34078720 73400320 524416 159383552 1157677700 35160067 136314882 14680064 33554453 150994945 90177536 266368 192937985 0 1048848 134236673 2686451712 33024 16777216 262145 2097152 0 134217728 128 32768 2097154 25165824 33816576 33554432 134218240 2097152 256 1247346690 1476414592 876871696 532 296064 1081348 2097154
is_linear=0
shrinkage=0.05


Tree=6
num_leaves=63
num_cat=15
split_feature=4 0 23 19 18 23 20 0 23 18 10 23 23 4 0 4 3 3 20 18 23 0 10 4 19 19 23 23 23 10 23 0 23 18 3 23 23 5 4 20 21 20 0 21 4 4 4 14 14 4 18 23 20 3 23 4 4 0 18 4 4 11
split_gain=12014 7483.81 1805.82 2111.43 1899.87 1422.69 896.453 1016.67 714.302 915.76 539.69 477.321 446.917 412.371 409.076 1390.8 482.086 306.065 336.898 304.602 302.483 246.58 217.924 197.329 180.341 180.25 175.952 173.444 157.726 152.566 272.119 156.158 152.243 170.743 140.42 130.243 130.105 127.765 123.994 211.826 131.182 123.401 120.771 120.084 116.844 155.011 112.494 110.006 108.566 107.584 96.9117 136.531 134.122 97.5741 94.67 93.3757 175.472 96.8784 91.739 89.6779 89.5114 85.5749
threshold=1.0000000180025095e-35 3.7500000000000004 0 -0.2901292592287063 -0.16280825436115262 1 0.29342973232269293 1.0000000180025095e-35 2 0.88144907355308544 1.6458333134651186 3 4 0.15000000223517421 1.0000000180025095e-35 0.65000000596046459 2.0499999523162846 1.0000000180025095e-35 0.30983042716979986 0.91037613153457653 5 9.1500000953674334 24.550000190734867 0.15000000223517421 -0.35206145048141474 0.41248606145381933 6 7 8 1.6833333373069765 9 1.0000000180025095e-35 10 0.88144907355308544 2.0499999523162846 11 12 0.11250000074505807 0.65000000596046459 0.30983042716979986 0.59003219008445751 0.58481550216674816 1.5500000119209292 0.26659387350082403 0.94999998807907116 0.25000000745058065 0.94999998807907116 0.017647059634327892 0.051905291154980666 2.7500000000000004 0.032701563090086053 13 0.76140651106834423 1.0000000180025095e-35 14 0.45000000298023229 0.15000000223517421 1.0000000180025095e-35 -0.52778512239456166 0.35000000894069677 0.15000000223517421 2.3666666746139531
decision_type=10 10 9 2 2 9 2 10 9 2 10 9 9 10 10 10 10 10 2 2 9 10 10 10 2 2 9 9 9 10 9 10 9 2 10 9 9 10 10 2 2 2 10 2 10 10 10 2 2 10 2 9 2 10 9 10 10 10 2 10 10 10
left_child=12 2 3 4 11 6 22 10 14 28 19 55 24 17 15 23 -16 18 -7 44 41 -3 36 25 35 -5 34 -9 42 30 -15 38 -20 -34 50 43 -6 -36 39 -32 -40 -11 59 48 45 -8 60 -17 -1 -33 -4 52 -52 -54 -39 56 -2 58 -58 -10 -22 -14
right_child=1 21 26 8 5 13 7 27 9 20 -12 -13 61 29 16 47 -18 -19 32 -21 46 -23 -24 -25 -26 -27 -28 -29 -30 -31 31 49 33 -35 37 -37 -38 54 40 -41 -42 -43 -44 -45 -46 -47 -48 -49 -50 -51 51 -53 53 -55 -56 -57 57 -59 -60 -61 -62 -63
leaf_value=0.051786876125587147 0.0036856408361703274 0.39839631242675022 0 0.0036862345861791755 0.11894807114283784 0.0061138492549610117 0.0084745317424919121 0.24559541688616127 0 0.13577768482964403 0.11517247619106681 0.028990872081368496 0 -0.001746499925510689 -0.0020751515330237171 0.1668124822180552 0.14877573769781058 0.0015833050028303279 -0.0036051626987155584 0.13980334332057356 0.0031455627052967092 1.9477692115937897 0.029312413772184749 0.0072215374109942726 0 0.0026009189450067124 0 0.0041205511552015071 0 0.14289345406170778 0.028941911404371939 0.0095502077329166213 0.0069588111917510747 0.006107828561472791 0.15844444020652326 0 0.0072639105749983841 0.17474098363073043 0.13886390676635385 0.012988067489248235 0.13783554207589874 0.6077802124777606 0.2532724024736695 0 0.29969383275922096 0.026524530666628077 0.12186514726423814 0.10826218406126967 -0.00046312500690110035 0.14829674814629659 0.0042398896637629371 0.0034820142706360555 0.012247156947228714 0.004943641195565009 0.16425592016178944 0.21169202307321996 0.010722221891331771 0.0068965990670967819 0.011069811671398581 0.14655532211242092 0.0087130942709037693 0
leaf_weight=92307 1595 9109 90364 1062 6987 5564 7737 630 34782 967 3812 80054 10632791 6034 16167 11657 2501 3151 537 2509 12964 6460 4855 3233 1322921 2136 135609 5669 135756 31526 2500 5301 5933 1118 7354 557567 6228 3152 5314 5260 2836 1653 1462 126221 4335 7022 22237 8222 53496 1029 23729 59031 5099 2869 4152 13212 2385 599 1302 51168 21711 108171
leaf_count=92307 1595 9109 90364 1062 6987 5564 7737 630 34782 967 3812 80054 10632791 6034 16167 11657 2501 3151 537 2509 12964 6460 4855 3233 1322921 2136 135609 5669 135756 31526 2500 5301 5933 1118 7354 557567 6228 3152 5314 5260 2836 1653 1462 126221 4335 7022 22237 8222 53496 1029 23729 59031 5099 2869 4152 13212 2385 599 1302 51168 21711 108171
internal_value=-0.00174182 0.00384459 0.00323941 0.00498907 0.0087183 0.0127955 0.0193676 0.0244361 0.00242816 0.00149676 0.0288929 0.00354153 -0.00213161 0.00849254 0.0082801 0.0122986 0.00262106 0.0155427 0.018896 0.0319535 0.00700665 0.0382091 0.0104828 0.0325101 -0.00147401 0.0237039 0.000320797 0.0064538 2.70194e-05 0.00657191 0.0092387 0.011791 0.0257485 0.0276834 0.00127976 -0.000896078 0.013811 0.00598683 0.014439 0.0189626 0.0101319 0.0235932 0.00168344 8.81647e-07 0.0341057 0.0362255 0.00623783 0.00575997 0.000978323 0.00515403 0.000898824 0.00205317 0.00469951 0.0103138 0.0106709 0.0106432 0.0158897 0.0211584 0.0241884 0.00144124 0.00801911 -0.00226339
internal_weight=1.37931e+07 899640 884071 552712 225034 125887 49784 31714 327678 282700 25415 99147 1.28935e+07 76103 44978 26310 18668 16303 13152 21603 59532 15569 18070 6431 2.15251e+06 3198 331359 6299 223168 59800 28274 22240 7588 7051 195750 829591 13215 14658 15910 7760 8150 2620 87412 272024 19094 14759 56912 19879 145803 6330 181092 90728 31697 7968 7304 19093 5881 4286 3687 85950 34675 1.0741e+07
internal_count=13793114 899640 884071 552712 225034 125887 49784 31714 327678 282700 25415 99147 12893474 76103 44978 26310 18668 16303 13152 21603 59532 15569 18070 6431 2152512 3198 331359 6299 223168 59800 28274 22240 7588 7051 195750 829591 13215 14658 15910 7760 8150 2620 87412 272024 19094 14759 56912 19879 145803 6330 181092 90728 31697 7968 7304 19093 5881 4286 3687 85950 34675 10740962
cat_boundaries=0 3 6 9 12 15 18 22 25 28 31 33 36 39 41 44
cat_threshold=1304724612 37523862 60850251 1074003968 1085714 33554505 8388608 34078852 16777216 92274688 34082816 33554433 1159774853 35160067 144703490 0 16 9 2955044881 2684354561 202658052 1 262144 16 33554441 222331904 262144 10485762 0 524288 8388608 67108864 524288 16777856 1081344 2097154 0 32770 8 2097152 2147483649 536881169 536870913 16644
is_linear=0
shrinkage=0.05


Tree=7
num_leaves=63
num_cat=17
split_feature=4 0 23 18 23 10 0 13 20 23 14 23 18 0 14 23 4 23 4 23 0 10 0 4 12 23 21 18 4 3 18 23 20 22 9 23 23 13 4 3 4 14 18 23 18 13 21 23 0 5 23 23 11 23 21 4 5 18 4 4 13 23
split_gain=10369.1 5937.91 1425.51 1138.46 1004.45 826.892 496.39 472.891 534.713 384.501 359.832 342.867 339.241 329.437 299.545 287.339 284.434 283.488 211.591 190.58 185.381 176.054 248.358 210.58 173.729 236.391 225.813 163.277 302.554 158.505 158.083 136.979 177.932 135.989 125.154 122.319 110.743 109.268 108.933 108.134 106.387 106.077 101.182 100.725 97.7086 97.6199 94.2213 92.9854 90.913 87.276 140.057 99.2101 87.1119 86.8852 80.2375 75.6735 75.6187 73.1587 72.7473 72.1236 70.6559 81.7418
threshold=1.0000000180025095e-35 4.0499999523162851 0 1.0000000180025095e-35 1 1.6833333373069765 1.0000000180025095e-35 0.038691813126206405 0.48314048349857336 2 0.055752867832779891 3 0.91037613153457653 11.900000095367433 0.021568628028035167 4 1.0500000119209292 5 0.75000000000000011 6 1.4499999880790713 6.2750000953674325 1.0000000180025095e-35 0.45000000298023229 0.006049403455108405 7 -0.031174269504845139 -0.9103761315345763 0.15000000223517421 1.8499999642372134 1.0000000180025095e-35 8 0.76140651106834423 1.0000000180025095e-35 5.6833331584930429 9 10 0.050299357622861869 0.25000000745058065 1.0000000180025095e-35 0.25000000745058065 0.050299357622861869 0.81241145730018627 11 0.35206145048141485 0.081252805888652815 -0.66527268290519703 12 1.6500000357627871 1.0000000180025095e-35 13 14 2.3666666746139531 15 0.63089349865913402 4.3500001430511483 1.7624999880790713 -0.16280825436115262 0.35000000894069677 2.6499999761581425 0.073514446616172804 16
decision_type=10 10 9 2 9 10 8 2 2 9 2 9 2 10 2 9 10 9 10 9 10 10 10 10 10 9 2 2 10 10 2 9 2 2 10 9 9 2 10 10 10 2 2 9 2 2 2 9 10 10 9 9 10 9 2 10 10 2 10 10 2 9
left_child=9 2 3 4 21 6 7 43 15 33 12 55 14 34 24 46 38 40 57 30 53 22 23 27 25 37 -26 28 -2 -24 58 32 -32 -1 -3 59 42 -10 -16 41 -14 -34 -12 -5 -28 -29 -9 -35 -23 51 -51 -20 -11 -7 -38 -8 -36 -6 -4 -18 -46 -62
right_child=1 13 19 5 18 20 11 8 10 52 36 -13 17 -15 16 -17 35 -19 49 -21 -22 48 29 -25 26 -27 44 45 -30 -31 31 -33 39 47 56 -37 54 -39 -40 -41 -42 -43 -44 -45 60 -47 -48 -49 -50 50 -52 -53 -54 -55 -56 -57 -58 -59 -60 -61 61 -63
leaf_value=0 0.0035019228568702165 0.30208774141618289 0 0.15236555112316308 0 0.12283557243611586 0.081855554483925647 0.11347824221609222 0.027247080419916671 0 0.048165472067712892 0.0021524510624641919 0.0034593711790051732 2.3741191164854936 0.0075952144053491851 0.037446976470562922 0.036671956681650769 0.004820797211134052 0.15934413158448441 0 0.19287025227541474 0.13985967597711066 0.0015517679216490471 0.17210631529876352 0.0083150712529250926 0.017338663816762599 0.010198305027366343 0.0056375184687151685 0.0068604605404445594 0.14465876805678443 0.003440479131060767 0.0083079136316100595 0.0087376055060901098 0 0.94138668414973792 0.11650150448851337 0.007811972128685638 0.062440470553754929 0.020198305921436014 0.0045384424473383428 0.37152900230658903 -0.00013689047078982696 0.34437817232298179 0.0059483052806860812 0.020027084482780105 0.01218859887079881 0.15179407086051958 0 0.17570646738899071 0.15777783628885089 0.087971954411611986 -0.0018193174941614266 0 0.080245566212575614 0.018548419089462184 0.28344820446695917 0.30482272916243924 0.0040835908881876977 0.091758665581550533 0.41630910528692394 0.14729272756633152 0.014127367769164812
leaf_weight=1044959 988 4519 45929 2492 114145 25134 981 1986 3213 10739613 672 22582 519 4756 2569 38200 246 11909 52584 145003 2567 12193 5273 7227 6442 3583 1575 4858 2219 1099 31393 58022 7907 288615 1211 1155 10984 10025 2151 3512 1903 1233 914 24555 1788 2137 5284 710790 596 4159 17599 30968 109345 73886 2187 799 3683 13116 56414 514 4589 1249
leaf_count=1044959 988 4519 45929 2492 114145 25134 981 1986 3213 10739613 672 22582 519 4756 2569 38200 246 11909 52584 145003 2567 12193 5273 7227 6442 3583 1575 4858 2219 1099 31393 58022 7907 288615 1211 1155 10984 10025 2151 3512 1903 1233 914 24555 1788 2137 5284 710790 596 4159 17599 30968 109345 73886 2187 799 3683 13116 56414 514 4589 1249
internal_value=-0.00177964 0.00341102 0.00289703 0.00451728 0.00222338 0.00683292 0.00901721 0.0101581 0.0115722 -0.00214173 0.0143727 0.00242776 0.0162816 0.0355231 0.0186936 0.00737244 0.0283742 0.00970082 0.00101157 0.000412301 0.00328371 0.00992281 0.0124679 0.0155561 0.0167151 0.0202424 0.0129222 0.0201818 0.0295237 0.00402072 0.00139578 0.00278819 0.00489019 -0.00151269 0.0301038 0.0121214 0.00746137 0.0233247 0.0349682 0.00989725 0.0252652 0.0127626 0.0199154 0.00421609 0.0179489 0.0158989 0.0164801 -0.00109572 0.00519411 0.0026695 0.00549016 0.00193496 -0.00226026 0.00293981 0.00594208 0.0234916 0.0245638 -0.000360303 7.25442e-06 0.0275325 0.0202905 0.0229539
internal_weight=1.37927e+07 899396 885227 535814 269161 266653 165066 140704 113657 1.28933e+07 68187 24362 53430 14169 39099 45470 6635 14331 232571 349413 101587 36590 23801 17429 32464 16821 15643 10202 3207 6372 204410 102067 44045 2.04436e+06 9413 1915 14757 13238 4720 12652 2422 9140 1586 27047 9201 6995 7270 999405 12789 105310 21758 83552 1.0849e+07 99020 13171 1780 4894 127261 102343 760 7626 5838
internal_count=13792718 899396 885227 535814 269161 266653 165066 140704 113657 12893322 68187 24362 53430 14169 39099 45470 6635 14331 232571 349413 101587 36590 23801 17429 32464 16821 15643 10202 3207 6372 204410 102067 44045 2044364 9413 1915 14757 13238 4720 12652 2422 9140 1586 27047 9201 6995 7270 999405 12789 105310 21758 83552 10848958 99020 13171 1780 4894 127261 102343 760 7626 5838
cat_boundaries=0 3 6 9 12 15 18 22 25 27 30 33 36 39 42 45 48 51
cat_threshold=1304726656 37523862 60850251 8388608 34078848 8388608 1157677701 35160067 144703490 29622272 33816592 33554441 146800640 2097158 16809992 16777344 262160 8 2955042837 2684354561 135545092 1 1074004992 1347858 35651658 2097156 2147483649 0 16 33554433 32768 16 1 146800640 524308 33554496 16794240 524288 2 71600256 16 33554433 83921024 1314818 18874370 295936 35684356 32841 1090520064 1343762 2097162
is_linear=0
shrinkage=0.05


Tree=8
num_leaves=63
num_cat=17
split_feature=4 0 23 19 23 23 18 10 0 23 23 18 19 20 3 10 18 10 0 4 4 18 23 23 23 20 22 4 0 10 23 23 5 23 19 23 15 18 23 19 20 18 4 21 18 23 23 0 11 20 23 4 18 23 0 4 18 3 21 6 4 0
split_gain=7841.9 4628.98 1058.53 654.873 513.201 481.845 672.892 490.063 470.854 385.478 281.784 397.474 319.337 444.611 427.791 464.331 214.527 212.97 403.412 790.511 330.375 301.145 220.496 184.621 172.787 139.557 137.988 134.179 132.925 258.09 302.431 146.007 132.223 130.537 124.835 124.568 121.342 112.682 112.167 107.398 101.711 169.496 96.3949 92.3636 99.8023 91.4541 89.5117 99.0302 89.5077 84.5059 94.337 78.6852 77.5089 138.949 131.456 122.104 116.47 74.5771 73.6576 72.9938 71.0839 70.7932
threshold=1.0000000180025095e-35 4.1499998569488534 0 -0.41248606145381922 1 2 0.16280825436115268 3.5499999523162846 12.750000000000002 3 4 -0.16280825436115262 -0.41248606145381922 0.29342973232269293 1.0000000180025095e-35 1.6458333134651186 0.84874749183654796 1.1833333373069765 1.0000000180025095e-35 0.45000000298023229 0.15000000223517421 0.88144907355308544 5 6 7 0.30983042716979986 1.0000000180025095e-35 0.45000000298023229 1.0000000180025095e-35 1.6833333373069765 8 9 0.54583334922790538 10 0.47114434838294988 11 3.4242582321166997 -0.47114434838294977 12 1.0000000180025095e-35 0.79904097318649303 -0.16280825436115262 0.65000000596046459 -0.72694849967956532 -0.16280825436115262 13 14 1.0000000180025095e-35 2.3666666746139531 0.091259401291608824 15 0.94999998807907116 0.77259656786918651 16 1.0000000180025095e-35 0.45000000298023229 0.032701563090086053 0.75000000000000011 -0.63919836282730091 56.375000000000007 0.35000000894069677 6.5499999523162851
decision_type=8 10 9 2 9 9 2 8 10 9 9 2 2 2 10 10 2 10 8 10 10 2 9 9 9 2 2 10 10 8 9 9 10 9 2 9 2 2 9 2 2 2 10 2 2 9 9 8 10 2 9 10 2 9 10 10 2 10 2 2 10 10
left_child=9 2 3 5 17 6 37 25 38 26 11 27 13 -13 15 24 -6 18 19 20 34 35 59 -23 36 -8 -1 -4 29 30 43 -30 -19 40 -5 -21 51 -2 61 45 -32 -42 -43 -7 -45 -28 47 58 -11 -39 -51 60 53 54 55 56 -14 -49 -27 -20 -15 -3
right_child=1 8 10 4 16 28 7 -9 -10 48 -12 12 52 14 -16 -17 -18 32 22 21 -22 23 -24 -25 -26 46 39 -29 31 -31 33 -33 -34 -35 -36 -37 -38 49 -40 -41 41 42 -44 44 -46 -47 -48 57 -50 50 -52 -53 -54 -55 -56 -57 -58 -59 -60 -61 -62 -63
leaf_value=0 0.026790782379323242 0.3115966040043866 0 0.0033268267140267056 0 0.10858197982204912 0.1149379180799087 0.11345374141758527 2.2554131606612189 0 0 0.027855653624291078 -0.0019188014863539022 0.0076710444350998573 0.0042570019673446868 0.0033937780673483856 0.050654382799476018 0.11579420231772281 0.2862389080568426 0.14944114429606017 0.006578584617008801 0.33700648175909925 -0.0022728574179321031 0.082952639906054781 0.0059786074960292658 0.18149751077180831 0.064197529935121997 0.10474588409391977 0.0029065602200823311 0.16189221414844587 0.12448052909258718 0.13911207061734254 0.15911825019938497 0.050372488688508167 0.0021889970743206181 0.091027616819355894 0.006188829709309002 0.093196143552582419 0.46281133049502166 0 0.0028478187383424213 0.011471730923947692 0.058960343367538831 0.17883551255500801 0.1417177144985817 0 0.070649212745381301 0.0066182975659584481 0 0.13140862796531366 0.054261464832691966 0.16342299882459521 0.0059541170025802417 0 0.0026711160415114734 0.0066452738355231196 0.0030979958308948699 0.33064325262708805 0.2831871103694657 0.062327516572588421 0.017213286819461486 0.50784918757399999
leaf_weight=1103888 7894 2942 87882 1477 103162 1257 1831 2790 4350 10633104 205726 35495 386 8096 10194 5044 33285 39814 499 5525 3468 3527 11836 1656 4446 660 144769 60121 21038 41074 13287 2815 4619 11851 2100 11621 3295 2070 3907 523980 1377 2750 395 1074 3773 379245 1580 478 108255 1521 3940 704 58091 48850 2934 937 1510 215 4057 1005 979 2568
leaf_count=1103888 7894 2942 87882 1477 103162 1257 1831 2790 4350 10633104 205726 35495 386 8096 10194 5044 33285 39814 499 5525 3468 3527 11836 1656 4446 660 144769 60121 21038 41074 13287 2815 4619 11851 2100 11621 3295 2070 3907 523980 1377 2750 395 1074 3773 379245 1580 478 108255 1521 3940 704 58091 48850 2934 937 1510 215 4057 1005 979 2568
internal_value=-0.00182532 0.00268767 0.00224063 0.00437265 0.0027412 0.00722895 0.0131557 0.0222524 0.031458 -0.00214027 0.000839676 0.00174737 0.00331921 0.00601831 0.010219 0.0140596 0.000826505 0.00573829 0.00825994 0.0115345 0.0261373 0.0069272 0.00104947 0.0174884 0.0179081 0.0280294 -0.00152942 -0.000174372 0.00563572 0.00664847 0.00975394 0.0023757 0.0033155 0.00765925 0.015476 0.00373469 0.0208052 0.00631686 0.0251734 -0.0011185 0.0103669 0.0168498 0.0232552 0.0198871 0.0230519 -0.00061236 0.0312482 0.0343496 -0.00226264 0.0106921 0.013953 0.0236172 0.00168471 0.000332451 0.00766531 0.0153609 0.0226582 0.0167641 0.037006 0.0190159 0.0248664 0.0298143
internal_weight=1.3793e+07 899778 886011 351321 223594 127727 27036 11611 13767 1.28932e+07 534690 328964 180961 68253 32758 22564 136447 87147 42714 29374 7045 22329 13340 5183 17520 8821 2.15188e+06 148003 100691 76838 35764 23853 44433 29660 3577 17146 13074 15425 9417 1.04799e+06 17809 4522 3145 6104 4847 524014 6990 5410 1.07414e+07 7531 5461 9779 112708 54617 5767 2833 1896 693 4717 1504 9075 5510
internal_count=13793019 899778 886011 351321 223594 127727 27036 11611 13767 12893241 534690 328964 180961 68253 32758 22564 136447 87147 42714 29374 7045 22329 13340 5183 17520 8821 2151882 148003 100691 76838 35764 23853 44433 29660 3577 17146 13074 15425 9417 1047994 17809 4522 3145 6104 4847 524014 6990 5410 10741359 7531 5461 9779 112708 54617 5767 2833 1896 693 4717 1504 9075 5510
cat_boundaries=0 3 6 9 12 15 18 21 24 26 29 32 35 39 42 45 48 49
cat_threshold=230951040 37490838 60850185 29362176 34078868 25165833 262144 4114 33554441 1159774853 35160067 144703490 1881334789 2684387585 1048898 12582912 33554560 8388609 20971520 20 9 1342210052 2147516673 64 134217728 3407872 134219904 3670144 18874368 71303296 33554432 18907136 12582912 33554560 25165824 98707532 2158862865 1094189322 16 16794240 524288 2 262144 18 8 262144 4112 33554432 2105344
is_linear=0
shrinkage=0.05


Tree=9
num_leaves=63
num_cat=19
split_feature=4 0 23 23 19 23 18 20 0 0 10 10 2 23 0 23 0 19 23 0 4 4 23 18 4 22 22 13 23 23 0 19 4 20 23 23 19 7 4 20 23 21 11 18 17 23 23 18 3 18 23 0 23 19 4 4 23 5 22 14 23 23
split_gain=6188.26 3374.97 944.911 383.548 366.615 467.823 537.34 607.265 581.947 356.298 352.271 259.369 317.76 290.028 231.719 178.311 151.807 144.276 373.217 269.075 306.426 187.056 197.221 153.361 197.998 155.83 136.729 136.43 130.399 113.968 123.826 194.585 248.736 110.961 116.677 110.54 106.915 99.1871 95.151 91.5615 89.3409 89.062 87.4115 86.1699 85.8167 85.6466 85.0447 84.8693 83.2126 81.9952 83.4122 198.215 187.348 188.741 257.84 84.5797 81.6963 79.1776 79.0331 75.1255 69.1109 66.8392
threshold=1.0000000180025095e-35 6.2999999523162851 0 1 -0.41248606145381922 2 -0.16280825436115262 0.78325453400611889 1.0000000180025095e-35 15.300000190734865 0.55000001192092907 1.6458333134651186 1.0000000180025095e-35 3 1.5500000119209292 4 1.7500000000000002 0.52778512239456188 5 1.0000000180025095e-35 0.55000001192092907 0.15000000223517421 6 0.09796465560793878 2.6499999761581425 1.0000000180025095e-35 1.0000000180025095e-35 0.038691813126206405 7 8 1.0000000180025095e-35 -0.2901292592287063 0.45000000298023229 0.091259401291608824 9 10 1.0000000180025095e-35 0.11250000074505807 2.1499999761581425 0.84773966670036327 11 0.50370931625366222 2.3666666746139531 0.91037613153457653 0.050000002607703216 12 13 0.81241145730018627 2.0499999523162846 0.032701563090086053 14 1.0000000180025095e-35 15 0.29012925922870642 0.45000000298023229 0.35000000894069677 16 2.5666667222976689 1.0000000180025095e-35 0.021568628028035167 17 18
decision_type=10 10 9 9 2 9 2 2 10 10 10 10 8 9 10 9 10 2 9 10 10 10 9 2 10 2 2 2 9 9 10 2 10 2 9 9 2 10 10 2 9 2 10 2 2 9 9 2 10 2 9 10 9 2 10 10 9 10 2 2 9 9
left_child=3 2 11 26 5 6 38 33 10 37 15 12 17 -14 -13 -9 28 21 19 20 27 -2 23 29 47 40 -1 -19 48 30 31 35 -33 -8 -35 44 41 -3 -4 -24 -26 45 61 -30 -23 -28 -45 -25 49 58 51 52 53 -51 -55 -54 -18 -39 -6 -17 -50 -5
right_child=1 9 4 42 16 -7 7 8 -10 -11 -12 14 13 -15 -16 59 56 18 -20 -21 -22 22 39 24 25 -27 36 -29 43 -31 -32 32 -34 34 -36 -37 -38 57 -40 -41 -42 -43 -44 46 -46 -47 -48 -49 60 50 -52 -53 55 54 -56 -57 -58 -59 -60 -61 -62 -63
leaf_value=0 0.0017519932005004048 0.3314312793326179 -0.00058877920201564357 0 0 0 0.072280706984079748 0.010898144377750309 0.0017139136310430599 3.1031360277846929 0.0053879111418998456 0.131457093286902 0.13823120275448733 -0.00045728936735187358 0.18384276874713629 0.0099071223606961387 -0.0013257300205524525 0.0020795472206045873 0.062650442759783612 -0.0071592142490122749 0.141817075950293 0.048772457296048295 0.14947591855055012 0.055898819398394563 0.40542938397658812 0.18238306238811938 0.059767214358611265 0.0062496553861583603 0 0.072808869693620104 0.012689208943420875 0.0061885082825718909 0.11407327554223697 0.089664065754488737 0.0072438494969998841 0.014038804609494158 0 0.92637990961600281 0.15328443136472938 0.01620645744922964 0.0046368422920013202 0.69679012350324399 0 0.0043428725902471352 0.076671980700236897 0 0 0.045727652547267045 0.1737435296364801 0.04486049971450496 0.0038617553795769742 -0.0025658607628473275 -0.00055264403343608162 0.0029430960393501265 0.0020427721950002026 0.009215336148055182 0.39228318718933164 0.32186833712633584 0.054223105506814452 0.1346318287736526 0.14746359591777716 0
leaf_weight=1104718 4768 1792 53745 3821386 41327 94235 37887 8449 8171 3335 3695 89950 2570 20614 5231 7082 1843 617 14490 2215 2805 609 13254 1297 4319 1528 144465 2223 189491 3729 1363 1925 857 8358 16942 3169 523764 991 18122 3375 256 427 108340 30149 433 379399 21290 1914 2324 2252 64322 14609 6257 3733 1386 2830 3586 3057 54266 2615 8083 6810834
leaf_count=1104718 4768 1792 53745 3821386 41327 94235 37887 8449 8171 3335 3695 89950 2570 20614 5231 7082 1843 617 14490 2215 2805 609 13254 1297 4319 1528 144465 2223 189491 3729 1363 1925 857 8358 16942 3169 523764 991 18122 3375 256 427 108340 30149 433 379399 21290 1914 2324 2252 64322 14609 6257 3733 1386 2830 3586 3057 54266 2615 8083 6810834
internal_value=-0.00186175 0.00214737 0.00183654 -0.00214152 0.00100674 0.00250287 0.00410741 0.00661276 0.012469 0.0323174 0.0167276 0.00503333 0.00698489 0.00195782 0.00322278 0.019593 0.000140324 0.00877391 0.0055179 0.0142821 0.0200952 0.0104743 0.0116448 0.014821 0.0196495 0.0249373 -0.00153236 0.0316725 3.83258e-05 0.0111119 0.0143509 0.0170553 0.0273167 0.00383121 0.00639526 0.0102761 -0.00112326 0.0248716 0.000858982 0.00754417 0.0295546 -0.000618507 -0.00226361 -0.000746556 0.0243298 -0.000637113 0.0010683 0.00959903 0.000977301 0.000740095 0.00177722 0.00390425 0.00766831 0.0135852 0.0189104 0.00285066 0.00845045 0.0205361 -0.000294818 0.0149075 0.00533127 -0.00227801
internal_weight=1.37931e+07 899735 890560 1.28933e+07 707049 259301 165066 93199 30012 9175 21841 183511 88330 23184 95181 18146 447748 65146 22350 7860 5645 42796 38028 21399 9314 6103 2.15277e+06 2840 442319 12085 8356 6993 2782 63187 25300 4211 1.04806e+06 5840 71867 16629 4575 524291 1.07406e+07 240930 1042 523864 51439 3211 201389 190982 95389 31067 16458 7371 5119 9087 5429 4048 95593 9697 10407 1.06322e+07
internal_count=13793068 899735 890560 12893333 707049 259301 165066 93199 30012 9175 21841 183511 88330 23184 95181 18146 447748 65146 22350 7860 5645 42796 38028 21399 9314 6103 2152773 2840 442319 12085 8356 6993 2782 63187 25300 4211 1048055 5840 71867 16629 4575 524291 10740560 240930 1042 523864 51439 3211 201389 190982 95389 31067 16458 7371 5119 9087 5429 4048 95593 9697 10407 10632220
cat_boundaries=0 3 6 9 11 14 17 20 23 25 27 29 32 35 38 41 44 48 51 55
cat_threshold=230948864 36442260 58753033 1159774853 35160067 144703490 1879229573 2148565251 2097474 146800640 33554560 132 33025 2097152 12582912 524416 25165824 134479872 790672 33554440 2157697 536870945 136593730 262144 790656 268566532 32771 0 266240 134217728 262160 33554440 16794240 524288 2 1073872900 2148565250 68161536 2097152 1 134217792 2097152 0 134217728 1280 402653186 537210912 2 34816 1 16640 2823949648 539253508 73269800 1792
is_linear=0
shrinkage=0.05


Tree=10
num_leaves=63
num_cat=21
split_feature=4 6 23 23 5 23 18 10 2 23 4 20 23 23 22 14 14 3 18 23 23 21 4 5 23 23 4 3 11 23 4 4 5 10 13 3 23 23 23 13 4 23 14 22 14 18 18 23 17 11 22 23 23 23 3 23 4 5 23 17 20 14
split_gain=5298.47 2430.08 841.138 376.944 331.214 230.869 250.4 209.401 272.716 223.983 161.544 161.048 161.449 136.861 131.436 126.341 151.581 107.737 104.87 267.226 264.615 188.724 100.364 125.005 90.9542 90.489 89.764 88.2644 87.3835 83.4673 79.8941 73.5967 73.5966 72.9222 70.5269 68.1557 126.386 66.9718 66.112 67.3274 76.5185 61.1101 60.7624 58.918 56.6138 53.5287 52.7134 51.1132 49.7881 48.1204 48.0995 60.5455 44.4167 42.9017 42.8731 41.7312 41.3902 41.0629 47.3008 40.221 37.6164 48.8913
threshold=1.0000000180025095e-35 0.20833333581686023 0 1 18.979166984558109 2 1.0000000180025095e-35 1.6458333134651186 1.0000000180025095e-35 3 2.1499999761581425 0.76140651106834423 4 5 1.0000000180025095e-35 0.060723030939698226 0.021568628028035167 1.7500000000000002 0.41248606145381933 6 7 -0.091258823871612535 5.2500000000000009 0.012500000651925804 8 9 2.7500000000000004 1.7500000000000002 2.3666666746139531 10 0.25000000745058065 1.7500000000000002 0.11250000074505807 11.775000095367433 0.050299357622861869 1.0000000180025095e-35 11 12 13 0.072108600288629546 1.9499999880790713 14 0.021568628028035167 1.0000000180025095e-35 0.0098039219155907648 0.16280825436115268 0.88144907355308544 15 0.050000002607703216 -1.1458333134651182 1.0000000180025095e-35 16 17 18 3.6499999761581425 19 3.3500000238418584 1.0000000180025095e-35 20 0.11666667088866235 -0.98523971438407887 0.036731028929352767
decision_type=8 2 9 9 10 9 2 10 8 9 10 2 9 9 2 2 2 10 2 9 9 2 10 10 9 9 10 10 10 9 10 10 10 10 2 10 9 9 9 2 10 9 2 2 2 2 2 9 2 10 2 9 9 9 10 9 10 10 9 2 2 2
left_child=3 4 7 14 13 6 10 8 18 56 50 30 15 49 -1 16 35 41 19 22 -20 25 23 38 -18 -22 -25 -21 37 45 -8 -23 -19 52 46 36 -13 43 39 40 -3 42 -9 -5 53 60 -33 -7 -42 -2 -4 -52 54 -31 -32 -34 -10 -12 -59 -36 61 -16
right_child=1 2 5 28 -6 47 11 17 9 -11 57 12 -14 -15 29 -17 24 32 20 27 21 31 -24 26 -26 -27 -28 -29 -30 44 33 34 55 -35 59 -37 -38 -39 -40 -41 48 -43 -44 -45 -46 -47 -48 -49 -50 -51 51 -53 -54 -55 -56 -57 -58 58 -60 -61 -62 -63
leaf_value=0 0.40081930016891198 0.0048067999857689322 0 0 4.9234858528731396 0 0.00020328063147211051 0.17747379370454267 0.060694118504004392 -0.0016138575627185126 0.12952324333546747 0.0079685651114576161 0.0034223543922850294 0.47245488881983672 0.057999292720435337 0.00021602648304388239 0.013532817828707244 0.1398040631883577 0.049226388924831256 0.058929441580993072 0.54410539276841863 0.011242374711085853 -0.013922453091711371 -0.0018012538345848845 0.080684747269972934 0.068677026957596435 0.13817130891653326 0.12283579798847888 0 0 0.069186328889349516 0.13211492197984151 0.18303770192145788 0.03780243752600411 0.22606283484201822 0.0035602845545636649 0.0061973731598887949 0 0.13486400618922345 0.060936949665041831 0.0252626200379268 0.039098787821111786 0.1399669545695284 0 0 0 0.18376212404938452 0 0.13300332756171401 0.74323573747854743 0.063417714517628301 0 0.058229465537779135 0.0050000000745058061 0.18665556427767482 0.12869982771203903 0.19158610061063241 0.1645599856628561 0.11887490142934409 0.12407183744889538 0 0.37177884529603045
leaf_weight=1104370 867 6332 86397 1936755 2009 181677 53183 21573 1229 19934 51718 7528 30611 6706 9888 5775 2012 7877 9001 17090 2572 479 2124 3122 1667 2967 675 3493 108460 72748 33864 1311 4859 41300 4764 5095 12969 6811998 3949 4647 750 37278 22347 1884396 626048 129690 833 77450 546 4120 26918 45859 24114 60147 564 4507 1774 2640 7551 668 144788 4611
leaf_count=1104370 867 6332 86397 1936755 2009 181677 53183 21573 1229 19934 51718 7528 30611 6706 9888 5775 2012 7877 9001 17090 2572 479 2124 3122 1667 2967 675 3493 108460 72748 33864 1311 4859 41300 4764 5095 12969 6811998 3949 4647 750 37278 22347 1884396 626048 129690 833 77450 546 4120 26918 45859 24114 60147 564 4507 1774 2640 7551 668 144788 4611
internal_value=-0.00188368 0.001827 0.0015037 -0.00214249 0.0227226 0.000707209 0.00140478 0.00448499 0.00625368 0.0015633 0.000218209 0.00260444 0.00467593 0.0195003 -0.00153851 0.00699267 0.00832812 0.00289968 0.00790062 0.00644378 0.0106556 0.0150555 0.0102545 0.0113555 0.017818 0.00796218 0.0031887 0.00233781 -0.0022635 -0.0011374 0.00171565 0.0199519 0.00648915 0.00254948 0.0211536 0.00696389 0.00825035 -0.00227791 0.0132668 0.0150804 0.0122024 0.00213743 0.00340086 -0.00211031 -0.00141275 -0.00041418 0.0134748 -0.00047665 0.0232716 0.025802 -0.000624694 0.00032232 0.00368445 -0.00047547 0.0048371 0.00948484 0.014269 0.0023854 0.00528628 0.0241845 0.000199843 0.00262794
internal_weight=1.37932e+07 899295 885593 1.28939e+07 13702 698892 439765 186701 88260 22937 221083 218682 65657 11693 2.15229e+06 35046 29271 98441 65323 42728 22595 13594 22145 20021 3679 5539 3797 20583 1.07416e+07 1.04792e+06 153025 8055 17243 99842 7576 25592 20497 1.06331e+07 16224 12275 7628 81198 43920 3.82115e+06 758943 288977 2144 259127 1296 4987 159174 72777 58542 132895 34428 9366 3003 61909 10191 5432 159287 14499
internal_count=13793194 899295 885593 12893899 13702 698892 439765 186701 88260 22937 221083 218682 65657 11693 2152290 35046 29271 98441 65323 42728 22595 13594 22145 20021 3679 5539 3797 20583 10741609 1047920 153025 8055 17243 99842 7576 25592 20497 10633149 16224 12275 7628 81198 43920 3821151 758943 288977 2144 259127 1296 4987 159174 72777 58542 132895 34428 9366 3003 61909 10191 5432 159287 14499
cat_boundaries=0 3 6 9 12 15 19 22 25 28 31 34 36 40 43 46 50 53 56 59 62 65
cat_threshold=230950912 36442260 58753033 1159774853 35160067 144703490 807584901 2685435907 2376002 147062784 33554560 58720256 2097284 2147516417 2359360 15247428 2156524049 74711306 144 12845056 34345088 16777216 75499520 34082944 25165824 4 32768 2097152 262144 0 32777 16794240 524288 2 2097156 2147483649 2823949648 539253508 73269800 1792 0 528512 16777216 83886080 35651588 25198600 3222282832 4194592 1280315556 3 1025 1048576 2359298 805340288 32771 322 69238788 1048576 8388608 67373056 34082832 16777216 537034881 2147483648 16640
is_linear=0
shrinkage=0.05


Tree=11
num_leaves=63
num_cat=20
split_feature=4 0 23 0 23 23 5 23 19 0 10 19 18 23 20 20 23 22 4 10 19 10 4 11 23 23 4 18 23 23 23 4 21 23 0 23 14 5 23 23 15 23 21 4 21 11 22 8 23 18 20 19 23 0 4 19 21 23 9 18 23 14
split_gain=4400.24 1663.09 710.578 410.249 374.16 195.308 177.643 192.462 168.97 170.388 160.908 212.656 162.151 329.633 138.464 135.27 186.442 131.93 116.381 131.884 101.861 100.177 130.149 88.3778 83.4795 78.3364 74.8665 88.4118 72.6155 72.3397 71.6189 67.8483 118.026 67.3001 66.3389 218.165 88.4296 80.5513 64.0374 62.6173 60.8182 62.4285 64.0094 60.7468 67.2477 59.1101 58.8124 57.3739 57.161 57.6221 62.3137 89.1813 114.339 59.5592 56.5769 53.7089 57.6186 53.4291 53.0243 52.3698 63.9838 51.481
threshold=1.0000000180025095e-35 6.5499999523162851 0 21.250000000000004 1 2 0.070833336561918273 3 -0.47114434838294977 1.0000000180025095e-35 23.354166984558109 0.47114434838294988 -0.58216583728790272 4 0.62587949633598339 0.79904097318649303 5 1.0000000180025095e-35 0.25000000745058065 12.550000190734865 -0.16280825436115262 0.55000001192092907 0.35000000894069677 2.3666666746139531 6 7 6.0499999523162851 0.84874749183654796 8 9 10 2.1499999761581425 0.96177148818969738 11 1.0000000180025095e-35 12 0.017647059634327892 0.29583333432674414 13 14 7.7808876037597665 15 0.56191161274909984 0.15000000223517421 -0.22700609266757962 -3.4500000476837154 1.0000000180025095e-35 9.2500000000000018 16 1.0000000180025095e-35 0.77244481444358837 0.29012925922870642 17 1.0000000180025095e-35 4.8500001430511483 0.16280825436115268 0.69521084427833568 18 0.14583333581686023 0.63405361771583568 19 0.0098039219155907648
decision_type=8 10 9 10 9 9 10 9 2 10 10 2 2 9 2 2 9 2 10 10 2 10 10 10 9 9 10 2 9 9 9 10 2 9 8 9 2 10 9 9 2 9 2 10 2 8 2 10 9 2 2 2 9 10 10 2 2 9 8 2 9 2
left_child=4 2 6 45 17 8 10 58 9 15 11 12 39 14 29 18 21 -1 -4 30 28 22 -17 33 -13 -10 27 -16 -19 -14 -20 -32 -33 46 35 36 43 59 -29 -2 -15 42 -42 -27 -45 -3 -6 48 49 -7 -51 52 53 -52 -24 56 -46 -34 -8 -37 -61 -30
right_child=1 3 5 -5 23 47 7 -9 25 -11 -12 24 13 40 26 16 -18 20 19 -21 -22 -23 54 -25 -26 34 -28 38 61 -31 31 32 57 -35 -36 37 -38 -39 -40 -41 41 -43 -44 44 55 -47 -48 -49 -50 50 51 -53 -54 -55 -56 -57 -58 -59 -60 60 -62 -63
leaf_value=0 0.16134113706277176 0.20228984415883292 0.00023873713909004988 4.6773115602294828 0 0 0.15073917032653181 0.106106538349603 0 0.00062349856215847266 0.095464999335291539 0.11352060917690308 0.25848387681343338 0.13522334720295268 0.10966377221345468 0.0074950048257338411 0.0040673687430412258 0.068801762785313345 0.057392797853459611 0.098549292687649115 0 0.014183412202440272 0.14960335463736141 0 0.010140665771430213 0.0017352298602859113 0.76534476294754894 0.15332011158769329 0.0047500000707805159 -0.0085214710757339097 0.018680815872357554 0.20146133463688201 0.10998938895192577 0 -0.0020556572005319767 0.0017322932988849836 0.1140806047469881 0.17394325425740886 -0.025466459127715169 -0.0067428822944885433 0.29549118499353755 0.091419008285001713 0.15763429912988594 0.0059063944018606521 0.081192400928956465 0.54081276682057666 0 0.35661478360663512 0 0.00074632626123312721 0.0064433990357088862 0 0.0019473734132085365 -0.0025375574280742637 0.38590697858859291 0.11693685604088566 0.0045664599864804851 0.42797249630903694 0.14962714294118556 0.013694400131911789 0.0037135966275175544 0
leaf_weight=1102847 10390 1406 28883 1863 1936976 92154 5446 11949 137041 50164 37510 8402 2455 19654 2093 5724 14627 129761 8126 25185 578228 2227 2148 108397 20826 3369 1468 1148 59424 1249 9724 10075 938 6811773 36483 73907 4818 2348 762 6618 487 1994 917 1754 619 5595 1884039 6270 105221 68759 5391 9487 7988 1060 350 1382 714 248 3391 17225 19813 280232
leaf_count=1102847 10390 1406 28883 1863 1936976 92154 5446 11949 137041 50164 37510 8402 2455 19654 2093 5724 14627 129761 8126 25185 578228 2227 2148 108397 20826 3369 1468 1148 59424 1249 9724 10075 938 6811773 36483 73907 4818 2348 762 6618 487 1994 917 1754 619 5595 1884039 6270 105221 68759 5391 9487 7988 1060 350 1382 714 248 3391 17225 19813 280232
internal_value=-0.00190664 0.00147379 0.00125939 0.0230246 -0.0021426 0.000658079 0.00457525 0.00883215 0.00130534 0.00262596 0.00381268 0.0051004 0.00710597 0.00919051 0.0172033 0.00374221 0.00696124 -0.00154056 0.00277176 0.00413585 -0.00113876 0.0120592 0.0146187 -0.00226313 0.00172198 0.00060679 0.0222761 0.0187341 -0.000591569 0.00975702 0.0064279 0.00797035 0.0106161 -0.00227761 0.00134953 0.00189344 0.00811701 0.00119739 0.0109555 0.00315616 0.00599124 0.0121704 0.0202192 0.0114002 0.0152221 0.0174757 -0.0021096 -0.000342091 -0.000444391 8.52176e-05 0.000965501 0.00316329 0.00563768 0.0105823 0.0241413 0.0201519 0.0129914 0.0255354 0.0144238 0.00100354 0.00253807 -0.00097593
internal_weight=1.37915e+07 899845 890981 8864 1.28917e+07 754222 136759 20786 457892 158419 115973 78463 49235 32227 9175 108255 25076 2.15049e+06 83179 54296 1.04764e+06 10449 8222 1.07412e+07 29228 299473 5471 4003 469417 3704 29111 20985 11261 1.06328e+07 162432 125949 12656 113293 1910 17008 23052 3398 1404 7838 4469 7001 3.82102e+06 296330 290060 184839 92685 23926 14439 6451 2498 2715 1333 1186 8837 110945 37038 339656
internal_count=13791522 899845 890981 8864 12891677 754222 136759 20786 457892 158419 115973 78463 49235 32227 9175 108255 25076 2150492 83179 54296 1047645 10449 8222 10741185 29228 299473 5471 4003 469417 3704 29111 20985 11261 10632788 162432 125949 12656 113293 1910 17008 23052 3398 1404 7838 4469 7001 3821015 296330 290060 184839 92685 23926 14439 6451 2498 2715 1333 1186 8837 110945 37038 339656
cat_boundaries=0 3 6 9 12 15 18 21 24 27 30 33 37 39 42 45 48 52 55 58 61
cat_threshold=230950912 35917844 58720264 1159774853 35160067 144703490 807584897 2694348931 2130243 79955968 33554448 33554432 262144 2101264 8 268435584 2148564993 64 4194304 33554436 25165824 805438464 2148564994 2097216 16794240 524288 2 262144 2097152 8 132096 2685403137 32770 2823949648 539253508 73269800 1792 0 524288 262144 16 8 222298112 33820672 25165824 150994944 262144 16777216 3222282324 4194592 1276399780 3 4 4194560 262180 0 2 2097152 2097280 1 32769
is_linear=0
shrinkage=0.05


Tree=12
num_leaves=63
num_cat=19
split_feature=4 6 23 0 23 23 10 19 18 23 4 22 23 0 18 23 19 19 20 18 23 19 10 0 23 4 19 14 11 23 23 5 23 23 21 23 23 20 18 23 4 21 23 4 20 5 22 4 14 23 23 15 23 18 18 20 14 21 21 19 10 4
split_gain=3863.05 1005.73 630.578 427.051 371.315 163.937 147.779 178.168 186.516 277.875 143.289 128.461 124.337 110.259 119.875 177.758 502.582 183.573 225.007 164.55 162.988 107.771 102.99 166.307 107.959 99.5832 98.6947 94.2234 86.8298 79.4748 77.5755 76.1333 69.7773 68.5434 67.6232 140.052 83.7659 68.1203 67.8564 67.5246 64.3225 95.9422 62.8547 64.4945 61.3912 59.4001 56.8318 53.7964 51.9121 60.1214 51.6382 50.6247 48.5419 47.3593 46.4856 46.2354 44.2871 40.8433 40.3215 38.5467 37.6343 38.3171
threshold=1.0000000180025095e-35 0.20833333581686023 0 25.250000000000004 1 2 23.354166984558109 0.41248606145381933 -0.58216583728790272 3 0.35000000894069677 1.0000000180025095e-35 4 1.0000000180025095e-35 -0.16280825436115262 5 0.29012925922870642 0.032701563090086018 0.79904097318649303 0.032701563090086053 6 -0.41248606145381922 11.449999809265138 1.0000000180025095e-35 7 1.7500000000000002 1.0000000180025095e-35 0.021568628028035167 2.3666666746139531 8 9 0.11250000074505807 10 11 -0.11692317575216292 12 13 0.5986820161342622 0.91037613153457653 14 3.5499999523162846 0.96177148818969738 15 4.8500001430511483 0.091259401291608824 1.0000000180025095e-35 1.0000000180025095e-35 2.9500000476837163 0.0098039219155907648 16 17 3.3892450332641606 18 0.91037613153457653 0.35206145048141485 -0.065535377711057649 0.076470591127872481 0.50370931625366222 0.33222858607769018 1.0000000180025095e-35 0.55000001192092907 0.15000000223517421
decision_type=8 2 9 10 9 9 10 2 2 9 10 2 9 8 2 9 2 2 2 2 9 2 10 10 9 10 2 2 10 9 9 8 9 9 2 9 9 2 2 9 10 2 9 10 2 10 2 10 2 9 9 2 9 2 2 2 2 2 2 2 10 10
left_child=4 3 6 50 11 10 7 8 30 25 13 -1 -9 14 29 16 -16 18 -17 -18 51 22 23 24 40 -10 32 47 39 -4 -3 52 54 -23 35 37 -36 -27 -39 46 -12 42 43 55 -43 -21 -6 58 49 -34 -2 53 -8 60 -13 -42 -38 -51 -11 -48 61 -20
right_child=1 2 5 -5 28 -7 31 12 9 27 21 26 -14 -15 15 17 19 -19 20 45 -22 33 -24 -25 -26 34 -28 -29 -30 -31 -32 -33 48 -35 36 -37 56 38 -40 -41 41 44 -44 -45 -46 -47 59 -49 -50 57 -52 -53 -54 -55 -56 -57 -58 -59 -60 -61 -62 -63
leaf_value=0 0.47642272861755314 0.15608660975974675 0.0022674513934011348 4.8316957057131962 0 0 0.1280324654931167 0.10516994155155149 -0.0050479806320754333 0.025971779585788581 0.044759799607183348 0.12492170827367742 0.032477297577891653 -0.0069776421911824267 -0.0050047184017888227 0.00059970233886646811 -0.001909476076980457 -0.00014084727140252972 0.0051754147914755784 0.0027453630735562434 0.0042677256889276059 0.072454021485113249 0.077405246305962808 0.0020535965293225823 0.10535801281641377 0.086644075774276075 0 0.12427733818447176 0 0 -0.0035449030388829922 0.16622206562639041 0.0082920610619926591 0.00053925556398323759 0.26623093438920015 0.033481754627124986 0.17556025023868888 0.34707755341040092 0.69222061326724349 0 0.11534552580298592 0.09966314307048163 0.2052746845447779 -0.022015844879057951 0.10448991950432947 0.0047759282916913833 0 0.16783788815482101 0 0 0.34294458155318969 0.0043163021972954926 -0.034319813204458822 0.0061212290839234426 -0.0061982372146866631 0.17021729515712347 0.075541452718931618 0.59992298428455559 0.081462347802460061 0 0.003251220702012675 0.0089194730800929625
leaf_weight=1103499 5407 11290 9490 1248 1800388 179265 24112 11597 991 3368 13689 90441 23213 68198 6950 34262 779 57474 1474 3312 12550 80354 42416 24151 13481 1312 523686 9610 108217 87357 9661 4018 5915 98700 1865 1878 4894 1570 805 7080179 213 619 6056 352 534 523 877900 9469 313278 60360 7050 2128 14470 1260 54392 1121 296 237 1780 874584 600 2161
leaf_count=1103499 5407 11290 9490 1248 1800388 179265 24112 11597 991 3368 13689 90441 23213 68198 6950 34262 779 57474 1474 3312 12550 80354 42416 24151 13481 1312 523686 9610 108217 87357 9661 4018 5915 98700 1865 1878 4894 1570 805 7080179 213 619 6056 352 534 523 877900 9469 313278 60360 7050 2128 14470 1260 54392 1121 296 237 1780 874584 600 2161
internal_value=-0.00192228 0.001246 0.00103801 0.0146872 -0.00214328 0.000469229 0.00416751 0.00527893 0.00695755 0.0090532 0.000883861 -0.00154375 0.00244398 0.000100704 0.000644516 0.00167743 0.00757646 0.00106709 0.00314802 0.020376 0.00733741 0.00168604 0.00297782 0.00430716 0.00645744 0.0147693 -0.00114739 0.00583333 -0.00226338 -0.000672376 0.00317276 0.00172653 -0.000662681 0.000945608 0.0159786 0.0118576 0.0192293 0.0174959 0.0225947 -0.00227773 0.00857042 0.0118845 0.00988052 0.0184169 0.0253404 0.0246317 -0.0020998 0.00836406 -0.00101876 0.000249879 0.0118935 0.0131 0.0010444 0.0156529 0.000271103 0.0235495 0.015851 -0.000220148 0.00425019 -0.00189711 0.0181848 0.0200997
internal_weight=1.37924e+07 899373 885668 13705 1.28931e+07 749469 136199 93599 58789 37838 570204 2.15181e+06 34810 288518 220320 123473 11564 111909 54435 4614 20173 281686 102632 60216 36065 13611 1.04831e+06 24227 1.07413e+07 96847 20951 42600 524623 179054 12620 5565 7055 3687 2375 1.06331e+07 22584 8895 7742 1686 1153 3835 3.55287e+06 14617 379790 66512 12457 7623 38582 5495 144833 1334 5190 60597 5148 1.75248e+06 4235 3635
internal_count=13792449 899373 885668 13705 12893076 749469 136199 93599 58789 37838 570204 2151808 34810 288518 220320 123473 11564 111909 54435 4614 20173 281686 102632 60216 36065 13611 1048309 24227 10741268 96847 20951 42600 524623 179054 12620 5565 7055 3687 2375 10633051 22584 8895 7742 1686 1153 3835 3552872 14617 379790 66512 12457 7623 38582 5495 144833 1334 5190 60597 5148 1752484 4235 3635
cat_boundaries=0 3 6 9 12 15 18 20 23 25 28 31 34 37 40 44 47 50 54 57
cat_threshold=230950912 35917972 58720264 1159774853 35160067 144703490 2955076757 2685960451 137675079 142868480 2101264 33554440 12582912 33554564 25165824 2097152 0 134479872 4 33025 807436416 2149089539 2097472 16384 524288 96468992 33816704 25165824 16794240 524288 2 58496 557057 259 262144 4096 8 0 16 33554432 2823949648 539252996 73269288 1792 268435456 1048578 256 1073741824 32768 2097152 15247430 2163859985 1110966280 145 218105856 33554436 25165824
is_linear=0
shrinkage=0.05


Tree=13
num_leaves=63
num_cat=18
split_feature=3 23 0 6 23 19 6 23 5 6 23 18 20 19 23 23 21 9 0 23 22 23 19 20 23 17 20 21 23 3 8 22 5 0 5 16 18 20 23 9 23 23 21 23 19 18 20 11 5 20 23 20 23 23 20 17 23 15 21 10 20 0
split_gain=1821.49 1124.44 436.181 435.4 325.334 178.12 173.58 164.297 142.959 140.898 127.816 164.365 180.681 103.179 90.4501 83.3814 79.1673 77.543 87.2447 96.1855 75.5643 71.8105 70.0933 59.719 58.5799 62.3145 51.5798 48.0939 47.549 47.4242 46.7604 45.3746 44.2972 45.5271 66.6678 42.5572 43.9088 56.8982 53.468 42.4342 43.9794 39.6383 38.8501 38.0991 37.9734 36.2642 41.3217 33.2239 31.4829 30.244 29.7465 29.7308 28.9721 28.9529 28.5954 27.8556 31.4211 27.824 27.5641 29.4605 37.9462 27.3326
threshold=1.7500000000000002 0 31.099999427795414 50.708333969116218 1 -0.41248606145381922 0.20833333581686023 2 0.037500001490116126 71.958332061767592 3 0.58216583728790294 0.75014290213584911 0.41248606145381933 4 5 0.28313310444355017 0.77500000596046459 2.3500000238418584 6 1.0000000180025095e-35 7 -0.16280825436115262 0.96904698014259349 8 0.050000002607703216 -0.97876849770545948 0.60383266210556041 9 0.15000000223517421 11.750000000000002 1.0000000180025095e-35 3.2166665792465214 17.94999980926514 18.979166984558109 0.050000002607703216 -0.22695468366146085 0.75014290213584911 10 4.5499999523162851 11 12 -0.099822327494621263 13 1.0000000180025095e-35 -0.68322628736495961 0.98932364583015453 1.0500000119209292 0.13750000298023227 -0.98803845047950734 14 -0.36647418141365046 15 16 -0.056952163577079766 0.050000002607703216 17 4.6861126422882089 0.19969739764928821 37.549999237060554 -0.38242425024509424 1.0000000180025095e-35
decision_type=10 9 10 2 9 2 2 9 10 2 9 2 2 2 9 9 2 8 10 9 2 9 2 2 9 2 2 2 9 10 8 2 10 10 10 2 2 2 9 10 9 9 2 9 2 2 2 10 10 2 9 2 9 9 2 2 9 2 2 10 2 10
left_child=1 3 4 15 8 7 32 27 39 10 11 -3 -13 23 20 22 24 18 19 -10 -11 -20 31 -14 25 61 -9 35 48 44 -16 -1 43 -34 -35 50 -37 -38 -39 40 -2 -12 55 -6 49 -21 -47 -26 -8 -22 -5 -17 -24 -40 -29 -28 -57 -27 59 60 -33 -7
right_child=2 9 -4 5 6 16 28 26 17 14 41 12 13 -15 30 51 -18 -19 21 45 29 -23 52 -25 47 57 42 54 -30 -31 -32 58 33 34 -36 36 37 38 53 -41 -42 -43 -44 -45 -46 46 -48 -49 -50 -51 -52 -53 -54 -55 -56 56 -58 -59 -60 -61 -62 -63
leaf_value=0.13806347604361976 0.19413657474655233 0 5.8218608917565682 0.13331311559120712 0.81785649032514918 0.0050000000745058061 0.09493310369840946 0.059512502376921475 0.15334634542188263 0 0 0 0.75701737716460982 0.12393118748133301 0 0.1488111968206855 0 0.27079371944070896 0.052489712531637527 0.090342206893152158 0 0.60618550601164933 0.18553462701199425 0.16363661785191688 0 0 0.0039834207214321715 0 0 0.01852285353159314 0 0.38044998637606908 0.17054078702162462 0.7292283792014338 0.10687094885018955 0 0.0040978970141418566 0.0075268989677387352 0.001664450274243666 0.083012645163311943 0.10826165045258121 0 0 0.2682417901805999 0 0.15795413185372975 0.3020355876351471 0.11339776769376804 0.10825542491338254 0 0 0 0.12241188029936896 0.0050000000745058061 0 0 0 0.0054451273161326037 0 0.12984952056810342 0.24092976920967854 -0.006603991932923034
leaf_weight=4672 3104 8520 725 25150 1136 24552 15724 34166 1275 1699059 147250 2099 1261 797 7020606 54373 758890 8014 1880 1180 73985 2249 332 784 784012 157768 42521 58713 17686 7728 43668 7847 5138 535 725 69831 62084 4989 14536 3887 2828 178554 305300 1104 822846 2852 320 15475 18017 749157 87897 40316 26880 24503 70067 119299 104505 33462 1006 3502 5195 6176
leaf_count=4672 3104 8520 725 25150 1136 24552 15724 34166 1275 1699059 147250 2099 1261 797 7020606 54373 758890 8014 1880 1180 73985 2249 332 784 784012 157768 42521 58713 17686 7728 43668 7847 5138 535 725 69831 62084 4989 14536 3887 2828 178554 305300 1104 822846 2852 320 15475 18017 749157 87897 40316 26880 24503 70067 119299 104505 33462 1006 3502 5195 6176
internal_value=-0.00193319 -0.00197933 0.00522186 -0.0011142 0.0049024 -0.00125197 0.00283625 -0.000726389 0.00939626 -0.00221644 -0.00121369 0.00355931 0.0108171 0.0190341 -0.0022491 0.00156597 -0.00155414 0.0120751 0.0150687 0.019119 -0.00203519 0.00954892 0.00323022 0.0249817 -0.00126675 -0.00054803 -0.00125244 3.6442e-05 0.00173513 -0.00179459 -0.00235062 0.00531433 0.00939511 0.00727649 0.0157937 0.000394563 0.000880924 0.00152169 0.00289657 0.00455774 0.00721848 -0.00141096 -0.00136525 0.0154464 -0.00181294 0.0154562 0.0182755 -0.00146626 0.0028354 -0.00157282 -0.000362394 0.000696707 0.00152947 0.00227157 -0.0007672 -0.000923919 -0.00114681 -0.000883884 0.00648006 0.00696869 0.00806203 0.00154192
internal_weight=1.37927e+07 1.37043e+07 88379 2.94802e+06 87654 2.8039e+06 60065 1.02356e+06 27589 1.07563e+07 339265 13461 4941 2842 1.0417e+07 144123 1.78034e+06 17770 9756 5627 3.35278e+06 4129 49434 2045 1.02144e+06 221958 605791 417770 51427 1.65372e+06 7.06427e+06 22222 8638 6398 1260 288990 175943 106112 44028 9819 5932 325804 571625 2240 1.64599e+06 4352 3172 799487 33741 823142 113047 94689 27212 39039 128780 266325 223804 191230 17550 16544 13042 30728
internal_count=13792712 13704333 88379 2948019 87654 2803896 60065 1023561 27589 10756314 339265 13461 4941 2842 10417049 144123 1780335 17770 9756 5627 3352775 4129 49434 2045 1021445 221958 605791 417770 51427 1653716 7064274 22222 8638 6398 1260 288990 175943 106112 44028 9819 5932 325804 571625 2240 1645988 4352 3172 799487 33741 823142 113047 94689 27212 39039 128780 266325 223804 191230 17550 16544 13042 30728
cat_boundaries=0 3 7 10 13 17 19 22 25 28 32 34 37 41 45 46 48 51 53
cat_threshold=1159774853 35160327 144703490 618965188 46661649 1124090116 128 1090519172 1081346 2097154 0 16 8 2824211792 539252736 72614056 1792 85983360 34078724 612401152 1 256 604274816 33554433 1124073472 2097280 524288 2097154 3640807441 2687795876 145000459 10 0 32768 608208896 34078720 16777472 2824210448 2686452224 1192985120 768 2315845891 2167533570 478019722 2 16777344 0 4 16777216 0 2097154 67158528 524545
is_linear=0
shrinkage=0.05


Tree=14
num_leaves=63
num_cat=18
split_feature=4 23 23 0 0 23 4 22 10 18 23 21 19 19 23 18 8 14 19 10 4 21 23 23 23 23 20 5 19 20 19 23 3 22 23 4 23 14 23 0 5 23 17 18 18 20 23 21 14 23 4 5 19 20 6 23 20 4 10 23 14 18
split_gain=3244.7 561.645 368.598 351.596 152.141 134.232 133.62 127.41 124.761 120.032 167.111 162.48 135.098 97.3691 91.22 88.8154 80.3936 73.5337 73.2517 126.173 89.5976 97.143 74.0027 71.5386 69.8938 69.1736 71.0347 67.5783 66.4015 64.5245 63.5049 93.6257 77.8545 61.0788 58.7476 52.1462 51.0129 48.8881 58.2685 48.5575 75.5128 48.4354 46.82 65.0942 44.0489 43.6333 41.7434 41.3016 40.4944 49.2687 47.8264 40.2884 38.7138 38.7037 54.3911 38.0735 36.8096 36.4784 36.2013 45.1734 50.4281 53.2305
threshold=1.0000000180025095e-35 0 1 3.8500000238418584 31.099999427795414 2 0.75000000000000011 1.0000000180025095e-35 23.354166984558109 0.35206145048141485 3 -0.6258755326271056 0.47114434838294988 1.0000000180025095e-35 4 -0.16280825436115262 9.2500000000000018 0.021568628028035167 -0.47114434838294977 7.5499999523162851 3.5499999523162846 0.96633976697921764 5 6 7 8 0.67802080512046825 0.12916667014360431 -0.81241145730018605 0.65233618021011364 1.0000000180025095e-35 9 1.0000000180025095e-35 1.0000000180025095e-35 10 2.1499999761581425 11 0.0098039219155907648 12 14.09999990463257 2.0749999284744267 13 0.050000002607703216 0.032701563090086053 0.52778512239456188 0.091259401291608824 14 0.50370931625366222 0.080392159521579756 15 8.7500000000000018 1.0000000180025095e-35 -0.16280825436115262 -0.30163703858852381 50.458333969116218 16 -0.98523971438407887 2.8500000238418584 0.27500000596046453 17 0.021568628028035167 0.91037613153457653
decision_type=8 9 9 10 10 9 10 2 10 2 9 2 2 2 9 2 10 2 2 10 10 2 9 9 9 9 2 8 2 2 2 9 10 2 9 10 9 2 9 10 10 9 2 2 2 2 9 2 2 9 10 10 2 2 2 9 2 10 10 9 2 2
left_child=2 4 7 5 8 6 15 -1 9 14 17 -12 35 23 28 41 24 57 19 20 -8 22 -22 44 33 26 -17 36 -2 -16 32 42 58 -4 -14 -13 -10 38 -25 40 -5 -3 51 -44 53 -23 -7 -40 49 -37 -51 -32 56 54 -9 -20 -35 -11 59 60 -28 -62
right_child=1 3 16 39 -6 46 18 13 27 10 11 12 34 -15 29 25 -18 -19 55 -21 21 45 -24 37 -26 -27 30 -29 -30 -31 31 -33 -34 52 -36 48 -38 -39 47 -41 -42 -43 43 -45 -46 -47 -48 -49 -50 50 -52 -53 -54 -55 -56 -57 -58 -59 -60 -61 61 -63
leaf_value=0 0.096686184140647502 0.0013265903893238701 0 0.75721399941349865 5.5857681523445208 0 0.05441937317478706 0.44929063057751845 0.1227140616453931 0.045495401671426072 0.086135153548347221 0.076416194010112556 0.076447841871273389 0 0.15258017161276716 0.00086970090751244816 0 0.024672292296235784 0.10628624516519969 0.08599493478903375 0.19055701847254231 0.094679985916957546 0.15081801554635602 0.0045125000672414902 0 1.4519583875122201e-05 0.0053908845126598888 0.19070591296645376 -0.008319342238220959 0.054326845465932028 0.0012584104765376318 -0.00019713718083925842 0.001097682642331932 0 0.13561482310862269 0.10230122920791283 -0.021315382398490998 0 0 0.6572695848694623 0.15790881193286366 0 7.0423635701264869e-06 0.0015084104802629223 -0.0058883253539523299 0.10269049712217654 0 0.56992683507032782 0.19758735957440698 0.14369684420432674 0.75416654645335202 -0.00101700467237432 0 -0.0093284134932179984 0.13205540341572422 0.016189717959693786 0 0.16198190729894588 0.0027854055884226113 0.0040368822800047844 0.00749178668486194 0.0059054139740586679
leaf_weight=1104298 5338 32152 1939359 1648 248 52458 14235 4126 21798 2644 4652 682 2435 523659 25575 41467 70049 8773 50704 38094 3501 648 7245 10467 6835494 95613 4261 5824 16190 8514 761 12238 4420 88389 1062 1092 17234 313169 55573 3043 5274 107047 393 3184 45254 611 205245 235 458 5367 717 207 1044550 43726 51350 73508 762394 6136 1781 3774 1234 612
leaf_count=1104298 5338 32152 1939359 1648 248 52458 14235 4126 21798 2644 4652 682 2435 523659 25575 41467 70049 8773 50704 38094 3501 648 7245 10467 6835494 95613 4261 5824 16190 8514 761 12238 4420 88389 1062 1092 17234 313169 55573 3043 5274 107047 393 3184 45254 611 205245 235 458 5367 717 207 1044550 43726 51350 73508 762394 6136 1781 3774 1234 612
internal_value=-0.00194094 0.00096146 -0.00214358 0.000437377 0.00393808 0.000314296 0.000793901 -0.00154626 0.00386622 0.00494352 0.00728306 0.0109006 0.0140242 -0.00115125 0.00351255 0.000154102 -0.00226325 0.00388131 0.00184297 0.00321238 0.00588033 0.00906185 0.00752233 -0.000669308 -0.00227434 0.000921106 0.00206505 0.00171348 0.000962484 0.00512119 0.00380154 0.00165003 0.00604682 -0.00210343 0.00577852 0.0174916 0.000963824 -0.0010298 0.000203885 0.00976794 0.00745377 -0.000782316 0.00776893 0.00514607 0.000277643 0.0222021 -0.000611951 -0.00043839 0.018675 0.017755 0.0195094 0.0175413 -0.00190158 0.000867371 0.00174418 0.00113371 -0.00165119 0.00711845 0.00818856 0.00937127 0.0120292 0.0189518
internal_weight=1.37922e+07 900097 1.28921e+07 765358 134739 755393 497690 2.15186e+06 134491 89635 34018 16465 11813 1.04756e+06 55617 309144 1.07402e+07 17553 188546 64334 26240 12005 10746 523900 1.06702e+07 169945 74332 44856 21528 34089 32865 16783 16082 3.83469e+06 3497 8316 39032 379444 66275 9965 6922 139199 4545 3577 144456 1259 257703 55808 7634 7176 6084 968 1.89533e+06 99202 55476 124212 850783 8780 11662 9881 6107 1846
internal_count=13792189 900097 12892092 765358 134739 755393 497690 2151857 134491 89635 34018 16465 11813 1047559 55617 309144 10740235 17553 188546 64334 26240 12005 10746 523900 10670186 169945 74332 44856 21528 34089 32865 16783 16082 3834692 3497 8316 39032 379444 66275 9965 6922 139199 4545 3577 144456 1259 257703 55808 7634 7176 6084 968 1895333 99202 55476 124212 850783 8780 11662 9881 6107 1846
cat_boundaries=0 3 6 9 12 15 17 20 24 27 28 31 34 37 40 44 47 50 53
cat_threshold=230950912 35913748 58720520 1159774853 35160067 144703490 2955076741 2685960578 3440711 83888128 33554432 41943040 134219776 2097172 33554440 807436288 2148532226 16794240 524288 2 2823949648 539253508 73269800 1792 2097156 33024 66 2097156 142606336 2359312 8 218105856 33554436 16777216 1073741824 32769 2097152 2147500032 524288 2097152 34144298 1417896520 2953323536 1724 138412032 0 16777472 49280 557184 2 0 33024 64
is_linear=0
shrinkage=0.05


Tree=15
num_leaves=63
num_cat=19
split_feature=4 23 23 6 0 22 23 4 10 11 23 18 23 21 23 14 23 23 5 22 2 14 18 23 23 23 21 4 21 23 18 23 3 18 18 23 18 10 0 23 3 4 18 4 4 18 23 23 4 17 3 10 22 14 10 21 18 14 21 23 23 11
split_gain=2999.74 498.675 368.269 260.642 152.485 126.594 119.131 119.91 106.475 90.0429 79.7892 79.2679 172.699 127.638 81.9807 69.9731 67.316 63.9501 59.7987 58.5278 52.1648 52.1147 47.8822 47.2757 46.8107 45.7435 44.6422 45.9073 44.7776 43.6277 40.3213 88.937 91.1916 56.1665 64.2222 45.39 38.7067 53.6033 38.9142 55.2103 108.147 44.6797 60.3302 38.6684 38.5394 37.9143 35.8613 35.4214 36.966 32.3162 32.2743 31.5773 30.9526 30.3789 29.4703 28.6547 28.5156 47.1026 28.5627 28.3049 28.1119 27.6486
threshold=1.0000000180025095e-35 0 1 0.20833333581686023 39.750000000000007 1.0000000180025095e-35 2 2.3500000238418584 23.354166984558109 2.3666666746139531 3 0.29012925922870642 4 -0.6258755326271056 5 0.021568628028035167 6 7 0.12916667014360431 1.0000000180025095e-35 1.0000000180025095e-35 0.0098039219155907648 0.16280825436115268 8 9 10 0.56191161274909984 8.4499998092651385 0.82293498516082775 11 -0.16280825436115262 12 1.0000000180025095e-35 0.032701563090086053 0.95642796158790599 13 1.0000000180025095e-35 9.0500001907348651 1.0000000180025095e-35 14 1.0000000180025095e-35 0.15000000223517421 0.95642796158790599 2.1499999761581425 0.15000000223517421 0.77259656786918651 15 16 0.15000000223517421 0.050000002607703216 3.4500000476837163 13.275000095367433 1.0000000180025095e-35 0.0098039219155907648 11.449999809265138 0.50370931625366222 0.84874749183654796 0.080392159521579756 0.60383266210556041 17 18 5.2083332538604745
decision_type=8 9 9 2 10 2 9 10 10 10 9 2 9 2 9 2 9 9 10 2 8 2 2 9 9 9 2 10 2 9 2 9 10 2 2 9 2 8 8 9 10 10 2 10 10 2 9 9 10 2 10 10 2 2 10 2 2 2 2 9 9 10
left_child=2 4 5 46 8 -1 7 20 11 16 22 14 15 -14 -2 24 19 50 23 -4 30 25 -7 -10 26 -12 27 -13 45 -8 35 32 33 -32 44 -5 -31 38 39 40 41 42 49 -15 -35 -28 -3 48 -41 -38 51 -9 -22 -16 -19 -27 -45 58 59 -58 -11 -23
right_child=1 3 9 6 -6 10 29 17 18 60 21 12 13 43 53 -17 -18 54 -20 -21 52 61 -24 -25 -26 55 28 -29 -30 36 31 -33 -34 34 -36 -37 37 -39 -40 47 -42 -43 -44 56 -46 -47 -48 -49 -50 -51 -52 -53 -54 -55 -56 -57 57 -59 -60 -61 -62 -63
leaf_value=0 0.023312505074807355 0.63753637405586783 0 0.0039193346632408086 5.3064797447272944 0.02474999999627471 0 0.10436099316585484 0.1160494480211552 0.1700000047683716 0 0.13088851166618229 0.12245050512019168 0.072595384309606922 0.23011798245866022 0.021976592482057543 0 0.10695786734857578 0.18864820871554314 0 -6.6329519466193512e-05 0 0 -0.02015054811213482 0.081616345014775049 0.0040877040278078066 0.12280912612958449 0.31586494243615154 0.0090799940851062303 0 -0.0018574873185070576 0.0015982316093170351 -0.00011596555642891314 0.0025184093418113306 -0.007222148960907452 0 0.0025857049131776397 0 -0.0039378167517283265 0.00051989685651853063 -0.00019502825470973096 0.083833937901461777 -0.0064288682956664001 0.1803757233464636 0.01230203261563078 0.14386736561051761 0.31702143098003333 0 0.0038848485488992101 0.0026080949198784308 0.13512712030596039 0.094371387899576831 0.0017151960600225924 0.11784785077295333 0.079196659754582413 0.13118050284982932 0.031041527914608652 0.20451982404276103 0.1001708371543866 0.25085293499695899 0 0.35433010207856847
leaf_weight=1104430 20754 3642 1736863 25103 217 159102 52582 16565 22497 36941 72706 2157 4241 903 8869 10977 7213250 35862 6160 1683654 49873 620493 129400 18507 8184 59942 521 251 367 119214 583 140083 2662 2084 545 66702 493 46502 15287 15698 2694 710 306 5943 398 618 5703 15230 20518 1090 5139 15735 40864 27856 53470 214 240 407 1042 2940 71478 5712
leaf_count=1104430 20754 3642 1736863 25103 217 159102 52582 16565 22497 36941 72706 2157 4241 903 8869 10977 7213250 35862 6160 1683654 49873 620493 129400 18507 8184 59942 521 251 367 119214 583 140083 2662 2084 545 66702 493 46502 15287 15698 2694 710 306 5943 398 618 5703 15230 20518 1090 5139 15735 40864 27856 53470 214 240 407 1042 2940 71478 5712
internal_value=-0.0019485 0.000844037 -0.0021432 0.000330453 0.00354426 -0.00154616 0.000226503 0.000730844 0.00348115 -0.0022628 -0.0011524 0.00443466 0.00618114 0.0102226 0.00325601 0.00342268 -0.00227742 0.00203731 0.00153486 -0.00209468 0.000227297 -0.00142142 -0.00044454 0.000844795 0.00604687 -0.000522008 0.0105415 0.00634551 0.0173207 -0.000565074 0.000615972 0.00113124 0.00695161 0.0121399 0.0148769 -0.000205463 -0.000276781 0.000363036 0.00121741 0.00182066 0.00667877 0.0139679 0.017987 0.0129684 0.0182897 0.0222147 0.00862895 0.00131928 0.00216999 0.0219157 0.00377186 0.00318731 -0.000792869 0.00467504 0.0013098 0.000497955 0.0138167 0.016759 0.015193 0.0175472 -0.000829168 -0.00161227
internal_weight=1.37932e+07 898988 1.28942e+07 755337 143651 2.152e+06 745992 455668 143434 1.07422e+07 1.04757e+06 96270 38791 15716 57479 23075 1.06338e+07 126771 47164 3.42052e+06 328897 759067 288502 41004 12098 132862 3914 2408 1506 290324 238160 146355 6272 3610 3027 91805 237742 118528 72026 56739 5293 2599 1889 11475 2482 1139 9345 51446 36216 1583 37439 32300 90737 36725 89332 60156 10572 4629 4222 3180 108419 626205
internal_count=13793173 898988 12894185 755337 143651 2151999 745992 455668 143434 10742186 1047569 96270 38791 15716 57479 23075 10633767 126771 47164 3420517 328897 759067 288502 41004 12098 132862 3914 2408 1506 290324 238160 146355 6272 3610 3027 91805 237742 118528 72026 56739 5293 2599 1889 11475 2482 1139 9345 51446 36216 1583 37439 32300 90737 36725 89332 60156 10572 4629 4222 3180 108419 626205
cat_boundaries=0 3 6 9 12 15 18 22 25 28 31 34 38 39 42 45 49 53 56 60
cat_threshold=230950913 35913748 58720520 1159774853 35160067 144703490 2955068548 2685960322 3457027 16794240 524288 2 83888129 33816576 41943040 134219776 2097172 33554440 2819755344 539252996 73269288 1792 32896 524290 32768 218105856 33554436 8388608 16777216 262144 33554432 69238788 1048576 8388608 34144298 1434673736 2953323536 1468 2097152 16384 524288 3407872 0 134217728 134221824 2183700486 2160648705 1146094208 144 1074790464 257 67108964 1 146800640 0 256 2320828760 2384384 1415447168 1922
is_linear=0
shrinkage=0.05


Tree=16
num_leaves=63
num_cat=17
split_feature=4 23 23 3 23 0 22 14 23 0 19 23 18 4 18 23 5 19 18 23 21 23 19 7 23 23 7 23 5 23 4 22 20 14 23 4 10 4 21 23 4 14 23 23 20 0 3 13 19 4 20 20 19 18 10 3 23 20 19 18 21 19
split_gain=2837.18 431.513 366.092 201.783 137.627 133.547 126.003 106.751 104.456 109.269 141.018 215.534 181.976 203.433 131.782 124.75 138.767 95.4153 82.621 138.683 107.508 92.8439 76.7108 76.0725 73.7266 69.9019 69.0712 67.8796 65.5544 62.4502 61.4135 59.9171 59.3152 53.8626 51.7424 49.1582 75.0779 98.9469 119.263 84.366 54.6256 46.8186 62.166 43.8593 45.66 41.6083 74.0793 54.4099 41.3728 40.919 39.7572 39.2321 39.2116 39.0528 43.4694 37.6181 37.4774 36.8982 36.5047 35.9648 35.6406 35.5598
threshold=1.0000000180025095e-35 0 1 2.2500000000000004 2 39.750000000000007 1.0000000180025095e-35 0.036731028929352767 3 1.0000000180025095e-35 -0.097964655607938753 4 0.032701563090086053 0.15000000223517421 0.95642796158790599 5 1.0000000180025095e-35 -0.16280825436115262 0.29012925922870642 6 -0.091258823871612535 7 0.47114434838294988 4.1833331584930429 8 9 10.291666507720949 10 0.16250000149011615 11 8.7500000000000018 1.0000000180025095e-35 0.72695311903953563 0.0098039219155907648 12 0.15000000223517421 9.0500001907348651 3.5499999523162846 0.96633976697921764 13 4.7500000000000009 0.0098039219155907648 14 15 0.66527691483497631 1.0000000180025095e-35 4.8500001430511483 0.23209848999977115 -0.52778512239456166 3.7500000000000004 0.091259401291608824 -0.98523971438407887 1.0000000180025095e-35 0.72947329282760631 0.11250000074505807 1.0500000119209292 16 0.57077592611312877 -0.77259656786918629 -0.16280825436115262 0.91852787137031566 -0.22695468366146085
decision_type=8 9 9 8 9 10 2 2 9 10 2 9 2 10 2 9 10 2 2 9 2 9 2 10 9 9 10 9 10 9 10 2 2 2 9 10 10 10 2 9 10 2 9 9 2 10 10 2 2 10 2 2 2 2 10 10 9 2 2 2 2 2
left_child=2 5 6 8 28 7 61 18 9 10 24 12 25 14 15 16 -14 29 21 20 30 57 -22 27 -3 -12 -6 31 -5 51 -20 -4 -32 -24 60 -26 37 43 39 40 -39 42 -31 44 -37 46 47 49 50 -30 -40 -8 -33 54 -13 -21 -56 -2 -23 -46 -9 -1
right_child=1 3 23 4 26 -7 17 34 -10 -11 11 53 13 -15 -16 -17 -18 -19 19 55 22 58 33 -25 35 -27 -28 -29 45 41 32 52 -34 -35 -36 36 -38 38 48 -41 -42 -43 -44 -45 59 -47 -48 -49 -50 -51 -52 -53 -54 -55 56 -57 -58 -59 -60 -61 -62 -63
leaf_value=0 0.19990209283215335 0 0 0.12667935205438693 0.039684017566893041 5.0411557574909303 0.20268862964443538 0.10556965604367621 0 -0.0037409259141419102 0.004857565172150081 0 0.002441493361157893 0.030261454621855335 -0.0068610415128620792 0.00078131049550207309 -0.0001852768419742447 0 0.076344086559710311 0.076467766514684954 0.14135013291563905 0.076428066085246688 0.1698152957858684 0 0.0015052459921269233 -0.0019188014863539022 0.42671542612830571 0 0.089148857138799997 0.0072425529534334678 0.322005257529281 0 1.0557282277998679 0.046073241854242129 -0.015580767581558148 0.019406244118552143 0.044903284643836312 0.12488657641146761 0.084598093253680881 0.13481187404797532 -0.039672782282197262 0 -0.00023750000353902582 0.0052358436100545143 0.0014528980655849047 0.50883577965576077 0.57685616986939381 0.1013639778643918 0.1089498229002665 0.1350956218992076 0.088877858490246334 0.0063216031467641185 0 0.0013496333927428253 0.057180732854041377 0.13369850402453737 0 0.033895343098140795 -0.0090690003800502801 0.0055044128790858547 0.090329428154947891 0
leaf_weight=471854 26981 40523 1937021 5777 27485 218 11834 40629 154647 121703 6638 88057 2974 4480 816 854 461 578596 6270 17449 5589 6774 786 101360 43149 10498 5641 6816149 589 5296 522 946376 619 1572 21172 12268 30269 1344 428 6955 326 280463 54037 30676 1836 5005 1529 425 276 985 422 117803 941049 56903 35882 4819 31894 6475 17078 9354 2657 632762
leaf_count=471854 26981 40523 1937021 5777 27485 218 11834 40629 154647 121703 6638 88057 2974 4480 816 854 461 578596 6270 17449 5589 6774 786 101360 43149 10498 5641 6816149 589 5296 522 946376 619 1572 21172 12268 30269 1344 428 6955 326 280463 54037 30676 1836 5005 1529 425 276 985 422 117803 941049 56903 35882 4819 31894 6475 17078 9354 2657 632762
internal_value=-0.00195429 0.000758819 -0.0021438 0.000250887 0.00340585 0.00311693 -0.00154863 0.00306364 3.51297e-05 0.000363796 0.000748275 -4.38185e-05 0.00418793 0.00970657 0.0165304 0.0200344 0.0242562 -0.00115591 0.00412987 0.00595027 0.0096047 0.00293467 0.0136507 -0.00226306 0.00181489 0.00110352 0.00163372 -0.00227605 0.00750175 -0.000626251 0.00527898 -0.0021074 0.0159487 0.00608779 0.0014933 0.00236789 0.00300853 0.00398039 0.00861681 0.00661884 0.0166815 -0.000982444 0.000293554 0.00314525 0.00477267 0.0102915 0.0144501 0.0207866 0.023921 0.0250731 0.0293824 0.00030743 -0.00190692 -0.000575523 -0.000984917 0.00342401 -3.30506e-05 0.00463336 0.000549828 0.00708445 0.00248372 -0.00192125
internal_weight=1.37953e+07 900679 1.28946e+07 741069 47436 159610 2.15264e+06 159392 693633 538986 417283 239457 26721 9585 5105 4289 3435 1.04803e+06 94934 37626 15358 57308 7947 1.0742e+07 177826 17136 33126 1.06406e+07 14310 469433 7411 3.82445e+06 1141 2358 64458 137303 94154 63885 9751 8625 1670 339796 59333 54134 23458 8533 3528 1999 1126 1574 850 129637 1.88742e+06 212736 155833 22268 67776 33456 23852 11190 43286 1.10462e+06
internal_count=13795279 900679 12894600 741069 47436 159610 2152645 159392 693633 538986 417283 239457 26721 9585 5105 4289 3435 1048029 94934 37626 15358 57308 7947 10741955 177826 17136 33126 10640595 14310 469433 7411 3824446 1141 2358 64458 137303 94154 63885 9751 8625 1670 339796 59333 54134 23458 8533 3528 1999 1126 1574 850 129637 1887425 212736 155833 22268 67776 33456 23852 11190 43286 1104616
cat_boundaries=0 3 6 10 14 17 20 23 26 30 32 36 39 42 44 47 50 54
cat_threshold=230967297 35913748 58720520 1159774853 35160067 144703490 539533508 13144097 1073790980 128 3492979860 2685960578 204767459 1 2097152 524416 134217728 2097152 0 134217728 16777216 2359316 264 92291073 33554432 58720512 2150637584 536871040 201588897 1 0 524416 2823949648 539253508 73269800 1792 16794240 524288 2 222300160 2359312 8388616 268435456 1048578 1073741824 32768 2097152 1073742852 33024 1048642 2147525632 537919490 3407874 1
is_linear=0
shrinkage=0.05


Tree=17
num_leaves=63
num_cat=21
split_feature=4 23 23 3 0 22 23 23 0 19 23 18 4 18 23 5 14 19 11 18 23 21 23 19 4 10 4 23 21 23 11 10 23 23 22 23 4 20 23 14 4 14 9 23 18 10 23 20 19 11 20 19 23 19 23 23 4 10 4 23 14 23
split_gain=2668.32 397.899 364.999 180.827 128.791 126.479 113.069 98.8732 95.0579 125.555 203.464 190.113 216.765 141.14 124.768 142.124 94.8349 93.6385 86.1661 76.9806 137.487 103.587 85.0482 74.2001 70.2395 96.8978 88.9496 136.772 76.5747 67.9785 66.7414 62.4966 59.5357 59.0679 57.0897 56.5707 53.9551 74.4119 52.609 51.3727 48.4284 47.8026 46.2989 47.2621 44.0757 43.4729 42.5266 41.0724 40.2615 39.2289 38.1131 38.0594 37.2832 36.4519 36.3405 34.5814 34.4233 40.6557 33.9838 33.3662 36.577 39.7713
threshold=1.0000000180025095e-35 0 1 2.3500000238418584 39.750000000000007 1.0000000180025095e-35 2 3 1.0000000180025095e-35 -0.097964655607938753 4 0.032701563090086053 0.15000000223517421 0.95642796158790599 5 1.0000000180025095e-35 0.033333335071802146 -0.22695468366146085 1.6833333373069765 0.35206145048141485 6 -0.091258823871612535 7 0.47114434838294988 0.15000000223517421 11.449999809265138 2.0499999523162846 8 0.96633976697921764 9 1.8541666865348818 1.1458333134651186 10 11 1.0000000180025095e-35 12 8.0500001907348651 0.72695311903953563 13 0.040600210428237922 2.5499999523162846 0.0098039219155907648 0.64583334326744091 14 0.72947329282760631 0.14583333581686023 15 -0.065535377711057649 -0.52778512239456166 1.1458333134651186 0.67802080512046825 -0.16280825436115262 16 -0.2901292592287063 17 18 1.8499999642372134 1.1833333373069765 0.35000000894069677 19 0.021568628028035167 20
decision_type=8 9 9 10 10 2 9 9 8 2 9 2 10 2 9 10 2 2 10 2 9 2 9 2 10 10 10 9 2 9 10 10 9 9 2 9 10 2 9 2 10 2 8 9 2 10 9 2 2 10 2 2 9 2 9 9 10 10 10 9 2 9
left_child=2 4 5 7 16 53 42 8 9 24 11 33 13 14 15 -13 19 32 29 22 21 36 -2 56 52 26 35 31 46 34 -8 47 -7 -11 -4 50 -21 -38 -18 -34 -24 -25 43 -5 45 -12 -29 -28 -49 -19 -26 -36 -3 59 -30 -47 -23 -58 -10 -1 61 -61
right_child=1 3 18 6 -6 17 30 -9 58 10 44 12 -14 -15 -16 -17 38 49 -20 20 -22 23 40 41 25 -27 27 28 54 -31 -32 -33 39 -35 51 -37 37 -39 -40 -41 -42 -43 -44 -45 -46 55 -48 48 -50 -51 -52 -53 -54 -55 -56 -57 57 -59 -60 60 -62 -63
leaf_value=0 0.014851852841464076 0.0018338792590822412 0 0.59367242087014183 4.7890979696163836 0.067588463377502503 0.038043238026541276 0 -0.0064391232891366562 0.0084025936287912047 0 0.0023194186930999981 0.028779202230449975 -0.0065179894372189755 0.00074224497072696927 -0.00013869668681387658 0.098585515624449047 0 0 0.072526882231724793 0.086082277735894455 -0.03052469312685864 0.015382380999739277 0.15556274258484448 0.015925973505487506 0.025975006193783713 0.13315219200502651 0.1295542048571591 0.087764185974126607 0 0.42733547906640185 0.14388969225536602 0 -0.0018228614120362073 0 0.0031397710910927457 0.18539989477063176 0.81726028268411666 -0.013509514885518699 0 0.17708059921343866 0.036397917546589664 0.15837255768443312 0.19181994399533472 0.0013158660928905836 0.065066367894559288 0.067087936137798204 0.19030074693495536 0.51919087583446588 0.18661359697464003 0.0047662080626067471 0 -0.0010057487473146846 0 0.076829485535466632 0 0.14103616005500047 0.14998012010671621 -6.3300189110641365e-05 0.0050000000745058061 0 0
leaf_weight=218617 23562 32792 1867051 1978 224 98770 26793 124224 74169 6587 94697 2977 4477 850 880 462 41989 586512 126893 5932 20929 238 6942 739 11811 46147 369 7307 514 6931175 5712 914 178196 10489 814642 35508 697 745 24260 170940 28836 1542 7464 4374 59823 32680 8017 1282 474 13928 11076 998317 28535 656243 272 36862 3708 1533 57379 10050 153224 66626
leaf_count=218617 23562 32792 1867051 1978 224 98770 26793 124224 74169 6587 94697 2977 4477 850 880 462 41989 586512 126893 5932 20929 238 6942 739 11811 46147 369 7307 514 6931175 5712 914 178196 10489 814642 35508 697 745 24260 170940 28836 1542 7464 4374 59823 32680 8017 1282 474 13928 11076 998317 28535 656243 272 36862 3708 1533 57379 10050 153224 66626
internal_value=-0.00196072 0.000671806 -0.00214446 0.000179308 0.00291662 -0.00155027 0.00320368 -2.32591e-05 0.000256494 0.000612078 -0.000116874 0.00400625 0.00961901 0.0165946 0.0202599 0.0245296 0.0028643 -0.00115688 -0.0022636 0.00387349 0.00569538 0.00932481 0.00276626 0.0133634 0.00160014 0.00228612 0.0033657 0.00632291 0.00447736 -0.00227909 0.00159119 0.0160389 -0.00060976 0.000838018 -0.00210535 0.00239597 0.00508747 0.0137621 0.001411 -0.000916351 0.00430186 0.00578584 0.00699118 0.0101338 -0.000608756 -0.00103202 0.00369943 0.0207941 0.0239806 -0.00156502 0.00433386 -0.0019055 0.000216584 -0.00192359 0.019701 -8.27563e-05 0.0165181 0.0173626 -0.000921489 -0.00157618 -0.00115545 -0.000263968
internal_weight=1.3791e+07 899771 1.28912e+07 737895 161876 2.15311e+06 46321 691574 567350 435802 250784 26722 9646 5169 4319 3439 161652 1.04835e+06 1.07381e+07 95403 36063 15134 59340 7760 185018 123691 77544 19149 16110 1.06112e+07 32505 3039 447906 17076 3.68001e+06 58395 7374 1442 66249 349136 35778 2281 13816 6352 224062 164239 15324 2125 1756 600440 22887 1.81296e+06 61327 1.10476e+06 786 69542 5479 5241 131548 448517 229900 76676
internal_count=13790955 899771 12891184 737895 161876 2153106 46321 691574 567350 435802 250784 26722 9646 5169 4319 3439 161652 1048346 10738078 95403 36063 15134 59340 7760 185018 123691 77544 19149 16110 10611185 32505 3039 447906 17076 3680010 58395 7374 1442 66249 349136 35778 2281 13816 6352 224062 164239 15324 2125 1756 600440 22887 1812959 61327 1104760 786 69542 5479 5241 131548 448517 229900 76676
cat_boundaries=0 3 6 10 14 17 20 23 26 29 33 36 38 41 44 47 51 54 57 61 64 66
cat_threshold=230967297 2183397396 58720520 1159774853 35160067 144703490 539009220 13144097 1073790980 128 3492971668 538476931 204771555 1 2097152 524416 134217728 2097152 0 134217728 16777216 2149842964 264 138676224 2149842948 8 270532608 1048578 67108864 2823949648 539252996 73269800 1792 16777856 524288 2 0 524416 1073742852 33024 1052738 222300160 2359312 8388608 536903680 4718592 16384 1073774736 557440 262176 1 3221226500 33026 2097346 0 0 2097152 2147516416 537919489 3407874 1 69222913 34078720 142606336 0 32769
is_linear=0
shrinkage=0.05


Tree=18
num_leaves=63
num_cat=16
split_feature=4 23 23 3 22 5 23 23 19 10 11 4 23 19 4 10 18 23 14 19 10 23 4 6 6 22 19 10 0 23 11 18 23 19 18 5 4 19 23 14 23 5 21 3 4 23 0 3 13 4 21 19 23 10 23 23 23 4 19 19 11 0
split_gain=2535.16 364.813 359.695 161.906 127.578 124.636 109.252 97.5216 94.959 86.6002 86.5793 77.0789 67.3733 66.8615 83.0168 72.7446 106.932 111.782 62.9951 61.0387 87.4106 75.8532 125.837 68.4902 59.5906 59.5896 53.6342 60.2877 52.3214 51.354 48.5214 46.5993 159.738 412.793 136.032 106.585 105.779 57.0031 45.4883 47.6717 59.9152 45.4172 45.1116 69.3546 55.6958 43.4611 42.1443 72.1262 52.8396 52.2343 38.8396 38.676 38.4696 37.4907 41.7138 36.3784 36.0067 35.8244 35.6695 35.5212 35.4603 35.1506
threshold=1.0000000180025095e-35 0 1 2.3500000238418584 1.0000000180025095e-35 32.195834159851081 2 3 -0.22695468366146085 40.583333969116218 2.3666666746139531 0.75000000000000011 4 0.52778512239456188 2.5499999523162846 5.5499999523162851 -0.35206145048141474 5 0.0098039219155907648 1.0000000180025095e-35 6.2750000953674325 6 2.9500000476837163 59.708333969116218 50.458333969116218 1.0000000180025095e-35 -0.72947329282760609 0.14583333581686023 1.0000000180025095e-35 7 1.2749999761581423 -0.16280825436115262 8 0.29012925922870642 0.032701563090086053 1.0000000180025095e-35 0.15000000223517421 1.0000000180025095e-35 9 0.0098039219155907648 10 0.22083333134651187 -0.43733099102973932 2.4500000476837163 11.34999990463257 11 1.0000000180025095e-35 4.8500001430511483 0.19615242630243304 3.7500000000000004 -0.94703993201255787 1.0000000180025095e-35 12 0.31666667759418493 13 14 15 6.0499999523162851 -0.22695468366146085 0.68322628736495983 0.64583334326744091 23.900000572204593
decision_type=8 9 9 10 2 10 9 9 2 10 10 10 9 2 10 8 2 9 2 2 10 9 10 2 2 2 2 10 8 9 10 2 9 2 2 10 10 2 9 2 9 10 2 10 10 9 10 10 2 10 2 2 9 10 9 9 9 10 2 2 10 10
left_child=1 4 5 7 58 9 41 11 24 13 12 28 25 14 -2 16 29 -18 -15 20 21 22 -13 50 52 -3 27 45 31 -16 -8 -4 33 -33 -35 36 -36 56 -26 40 -40 -5 -19 44 53 -25 47 48 49 -43 -24 -27 -6 54 57 -17 -34 -44 -1 -9 -10 -48
right_child=2 10 3 6 8 -7 30 59 60 -11 -12 19 -14 18 15 55 17 42 -20 -21 -22 -23 23 26 38 51 -28 -29 -30 -31 -32 32 37 34 35 -37 -38 -39 39 -41 -42 46 43 -45 -46 -47 61 -49 -50 -51 -52 -53 -54 -55 -56 -57 -58 -59 -60 -61 -62 -63
leaf_value=0 0.021723573827626776 0 0 0.1184878129188499 0.3030473197499528 4.5496430711355647 0.022605503313993004 0 0 0.02579296941285264 0 0.043507256385339317 0 0.12926025115210299 -0.0052425200414982775 0.13230084940221815 0.047077853512898581 0.12615440704579609 0.031250840871173816 0.0095212676336844052 0.061606973510891838 0.05800919901887383 1.4000745165777055 0.10297721168926011 0.019570842944904465 0 0.12253737436296555 0.094349771731432594 -0.0035618937184772274 0.14818312891333912 0.36578554290818821 -0.0054384733333790267 0.0045278976594764096 -0.0015343968804650832 0.0022034477584449981 0.0026207630570623747 0.002600658925974142 -0.00027777474049886633 0.0062828517307186227 0 -0.00022562500336207453 0.076252665633423394 0.10547519004084407 0.12612071214706685 0.62889067083998507 0.10337944936166495 0.32028715536627123 0.49891960381639233 0.08705938705550903 0.10530720739959923 0.090938257017245658 0 0.2429535067711445 0.15038923824424241 0.15727095335231212 0.10885697998323703 0.0005589132843094915 0.15087413317255818 0 0 0.14039706378546138 1.4556514801483713
leaf_weight=471445 16707 1936497 89553 6538 3506 273 25290 180500 582821 31120 108257 4715 6811400 10670 6173 18171 4355 4289 30971 77278 48061 17712 228 1144 115864 944053 1907 583 88489 7725 5660 7207 25918 815 2982 548 398 57587 13641 258263 41349 488 2020 2910 434 380 4979 1710 543 996 1680 940220 15063 1742 3289 18256 24046 207 632914 62034 17549 414
leaf_count=471445 16707 1936497 89553 6538 3506 273 25290 180500 582821 31120 108257 4715 6811400 10670 6173 18171 4355 4289 30971 77278 48061 17712 228 1144 115864 944053 1907 583 88489 7725 5660 7207 25918 815 2982 548 398 57587 13641 258263 41349 488 2020 2910 434 380 4979 1710 543 996 1680 940220 15063 1742 3289 18256 24046 207 632914 62034 17549 414
internal_value=-0.0019654 -0.00214447 0.000600717 0.000136944 -0.00155032 0.00275586 0.0029893 -5.47201e-05 -0.00115518 0.0026981 -0.00226354 0.000379891 -0.00227787 0.00327357 0.00406772 0.00482777 0.00652275 0.00893614 0.00162814 0.00128917 0.00229126 0.00449319 0.0078292 0.0126891 -0.000604029 -0.00210976 0.0163964 0.0218949 -8.97607e-05 0.00318067 0.00126534 0.00034161 0.000987836 0.00646948 0.0179301 0.0217872 0.0251035 0.000378134 -0.000724028 -0.00103709 0.000299599 0.00638985 0.0109941 0.0127518 0.0152392 0.027126 0.00867196 0.0127529 0.019133 0.0240162 0.00488994 -0.00190959 0.00216907 0.0141988 0.0162183 0.00328554 0.00161396 0.0215612 -0.00192532 -0.000863287 -0.00156616 0.00584415
internal_weight=1.37925e+07 1.28928e+07 899695 740383 2.15242e+06 159312 46618 693765 1.04806e+06 159039 1.07404e+07 451231 1.06322e+07 127919 86278 69571 33144 19246 41641 153688 76410 28349 10637 5922 447686 3.82077e+06 4014 2107 297543 13898 30950 209054 119501 11950 4743 3928 3380 107551 429117 313253 54990 15668 14891 10602 7692 1524 9130 3737 2027 1484 1908 1.88427e+06 18569 7258 5516 36427 49964 2227 1.10436e+06 242534 600370 5393
internal_count=13792537 12892842 899695 740383 2152415 159312 46618 693765 1048056 159039 10740427 451231 10632170 127919 86278 69571 33144 19246 41641 153688 76410 28349 10637 5922 447686 3820770 4014 2107 297543 13898 30950 209054 119501 11950 4743 3928 3380 107551 429117 313253 54990 15668 14891 10602 7692 1524 9130 3737 2027 1484 1908 1884273 18569 7258 5516 36427 49964 2227 1104359 242534 600370 5393
cat_boundaries=0 3 6 10 14 18 21 24 27 30 33 36 39 41 43 46 49
cat_threshold=1159774853 35160067 144703490 230967297 35913748 58720520 573087940 2160627745 1207975940 128 2418181264 2685960322 204767459 1 2823949648 539253508 73269800 1792 4196353 33554432 8388608 270565376 2148532354 69206016 4456448 2097172 33554440 2097152 0 134217728 16794240 524288 2 1073741824 32771 2097152 0 1048578 2097152 18874496 524288 150994944 2359300 88080384 2097156 58720264 1024 32768 2097346
is_linear=0
shrinkage=0.05


Tree=19
num_leaves=63
num_cat=22
split_feature=4 23 23 3 19 3 23 23 22 11 0 19 23 18 4 18 23 5 14 4 10 4 23 21 6 23 18 23 21 23 22 23 23 11 14 23 11 4 19 23 17 23 23 19 21 0 4 23 23 10 18 18 22 23 14 23 18 21 9 23 19 23
split_gain=2410.11 361.195 329.279 136.57 123.88 115.733 90.5528 90.489 87.1901 87.0134 75.0397 72.4748 150.824 152.302 189.524 152.937 95.3867 122.862 71.8949 70.9913 100.652 76.0256 152.404 80.2384 67.5306 67.5006 66.523 115.323 92.9448 72.9463 59.7407 58.8898 58.3743 48.0927 45.3766 45.0824 44.4798 44.04 41.3551 45.8882 39.9974 39.8908 39.4464 38.8958 36.7263 43.8992 36.346 35.4416 34.8422 34.7459 40.9039 34.2987 34.2558 30.9945 36.0627 37.5748 37.0936 35.821 30.1031 37.8983 29.9336 30.9569
threshold=1.0000000180025095e-35 0 1 2.2500000000000004 -0.22695468366146085 59.70000076293946 2 3 1.0000000180025095e-35 2.3666666746139531 1.0000000180025095e-35 -0.22695468366146085 4 0.032701563090086053 0.15000000223517421 0.95642796158790599 5 1.0000000180025095e-35 0.021568628028035167 0.25000000745058065 9.0500001907348651 2.3500000238418584 6 0.96633976697921764 59.708333969116218 7 0.41248606145381933 8 -0.091258823871612535 9 1.0000000180025095e-35 10 11 1.8541666865348818 0.040600210428237922 12 0.64583334326744091 8.7500000000000018 0.41248606145381933 13 0.050000002607703216 14 15 1.0000000180025095e-35 0.80798786878585827 2.2500000000000004 3.7500000000000004 16 17 0.14583333581686023 0.72947329282760631 0.41248606145381933 1.0000000180025095e-35 18 0.021568628028035167 19 -0.16280825436115262 -0.099822327494621263 4.5499999523162851 20 0.35206145048141485 21
decision_type=8 9 9 10 2 10 9 9 2 10 8 2 9 2 10 2 9 10 2 10 10 10 9 2 2 9 2 9 2 9 2 9 9 10 2 9 10 10 2 9 2 9 9 2 2 10 10 9 9 10 2 2 2 9 2 9 2 2 8 9 2 9
left_child=1 4 5 7 8 18 58 10 53 25 11 19 13 32 15 16 17 -15 26 47 21 41 24 42 -23 30 29 28 37 -2 -3 51 -13 -8 -33 -20 52 -28 44 -40 -39 -21 -24 -32 45 -30 -26 -4 -25 50 -14 -10 -6 -1 55 56 -55 -58 59 -5 61 -9
right_child=2 9 3 6 36 -7 33 60 31 -11 -12 12 49 14 -16 -17 -18 -19 35 20 -22 22 23 48 46 -27 27 -29 38 -31 43 34 -34 -35 -36 -37 -38 40 39 -41 -42 -43 -44 -45 -46 -47 -48 -49 -50 -51 -52 -53 -54 54 -56 -57 57 -59 -60 -61 -62 -63
leaf_value=0 0.0027461209335788452 0 0.0023992674659751704 0.13659045674681072 0 4.3221609175787865 0.038782348030934694 5.7245511310363961e-05 0.1079499236858817 0 -0.0030789171785340964 0.0062088184181597859 0 0.0020932753705227482 0.032662900951172025 -0.0059201662986890754 0.00071902145921556382 -0.00030011631838795794 -0.016660543389284493 0.035284701244504703 0.042993884501624148 1.0600708098223066 0.13658371864634095 0.078227116090957283 0.12154275356620428 0 0.066722913136798415 0.077993952900379249 0.12348059325273984 0.13535354808288788 0 0 -0.0017317183414343963 0.37869672947320204 0 0.087498427579827343 0.10292354629302057 0.6473454357501901 -0.039935908345247191 0.13750027911622498 0.68324684782879141 0.0033696375169660524 0.060923625985704589 0 0.041747679848845531 -0.0049107985336167559 0.10397834965968347 -0.0017733093691992983 0.067819038790610048 0.0067490465476443551 0.001016460986973472 -0.01032861953010381 0 0 0 0 0.0097500001452863229 0.0047500000707805159 0.15018795194959961 0.18782016752550709 0 0
leaf_weight=229657 20124 1936968 36004 1356 630232 203 29154 90519 81370 108360 111418 7384 77249 2964 4905 1095 827 463 20434 11042 41302 658 6036 479 1120 6812488 5178 18463 3829 36109 944247 164313 11466 6075 159182 46470 20026 490 967 1210 639 16329 5771 940429 561 328 750 27316 232 90529 31439 42348 581645 4636 160857 70074 204 5663 5362 5866 79190 39992
leaf_count=229657 20124 1936968 36004 1356 630232 203 29154 90519 81370 108360 111418 7384 77249 2964 4905 1095 827 463 20434 11042 41302 658 6036 479 1120 6812488 5178 18463 3829 36109 944247 164313 11466 6075 159182 46470 20026 490 967 1210 639 16329 5771 940429 561 328 750 27316 232 90529 31439 42348 581645 4636 160857 70074 204 5663 5362 5866 79190 39992
internal_value=-0.00197037 -0.00214493 0.000532257 9.56192e-05 -0.00155336 0.0026287 0.0026806 -8.18372e-05 -0.0011138 -0.00226334 0.000292231 0.000630461 7.29121e-05 0.00343443 0.00833967 0.014849 0.0191385 0.022791 0.00257939 0.00149622 0.00245168 0.00416242 0.00701748 0.00474178 0.0181954 -0.0022777 0.00351948 0.00535252 0.00891954 0.00248728 -0.00210946 -0.000613763 0.000767904 0.00137851 -0.000968571 0.00134431 -0.00188104 0.0045398 0.0129387 0.00723817 0.0134876 0.00259298 0.00376323 -0.00190905 0.0155691 0.0171897 0.023115 0.000232943 0.0210584 -0.00041833 -0.001021 0.000314035 -0.00191966 -0.0015885 -0.00119276 -0.000329406 0.00245815 0.00510184 0.00631968 0.00843187 -0.00095013 -0.000484845
internal_weight=1.3792e+07 1.28927e+07 899297 744292 2.15021e+06 155005 47813 696479 918304 1.07425e+07 486778 375360 228321 29104 10254 5349 4254 3427 154802 147039 83719 42417 15046 12518 2528 1.06341e+07 87898 31665 13202 56233 3.82164e+06 447213 18850 35229 323495 66904 1.2319e+06 6307 6895 2177 1129 27371 11807 1.88468e+06 4718 4157 1870 63320 711 199217 108688 123718 1.21188e+06 471091 241434 80577 10503 5867 12584 7222 209701 130511
internal_count=13791996 12892699 899297 744292 2150207 155005 47813 696479 918304 10742492 486778 375360 228321 29104 10254 5349 4254 3427 154802 147039 83719 42417 15046 12518 2528 10634132 87898 31665 13202 56233 3821644 447213 18850 35229 323495 66904 1231903 6307 6895 2177 1129 27371 11807 1884676 4718 4157 1870 63320 711 199217 108688 123718 1211877 471091 241434 80577 10503 5867 12584 7222 209701 130511
cat_boundaries=0 3 6 10 14 17 20 23 27 30 33 36 38 41 44 48 51 54 57 60 62 64 68
cat_threshold=1159774853 35160067 144703490 230967297 35913748 25166088 805347520 29888545 1107312640 128 2419238036 2685960322 238325987 1 2097152 524416 134217728 2097152 0 134217728 270532608 1048578 67108864 2823949648 539253508 73269800 1792 25165824 2359300 264 134219776 2359316 8 16794240 524288 2 0 524416 8667137 33554436 16777472 0 2359296 8 3179520 32768 3149922 1 32896 2148040832 33849376 1156 32770 2097346 0 0 2097152 69222913 34078720 142606336 0 32769 536903680 4194304 1610617664 134223113 4327424 768
is_linear=0
shrinkage=0.05


Tree=20
num_leaves=63
num_cat=17
split_feature=4 23 23 3 22 3 19 23 11 23 4 23 10 23 22 19 4 10 18 23 19 21 4 14 4 14 23 10 23 4 20 23 10 23 18 20 7 19 19 20 0 20 23 20 19 18 23 19 18 5 4 20 19 23 19 20 18 23 21 23 23 14
split_gain=2265.37 362.338 304.61 132.075 123.431 121.183 94.0626 92.415 89.2539 82.4733 71.8701 67.3517 65.5374 65.0152 61.068 56.1608 67.3123 58.985 114.62 115.97 53.4595 90.9663 104.465 53.3562 49.5418 48.1284 61.1711 47.4851 53.0675 66.6933 46.0617 47.6496 45.4859 58.9908 44.0041 40.687 39.8345 39.1925 38.7381 38.3724 37.5929 36.9838 36.2881 41.801 36.0567 35.3222 150.572 355.755 116.023 97.5018 97.0123 38.9244 38.4068 34.9973 34.7191 38.0489 75.9912 69.0423 34.4638 45.9061 33.2853 36.6452
threshold=1.0000000180025095e-35 0 1 2.2500000000000004 1.0000000180025095e-35 59.70000076293946 1.0000000180025095e-35 2 2.3666666746139531 3 0.75000000000000011 4 40.583333969116218 5 1.0000000180025095e-35 0.47114434838294988 2.9500000476837163 5.3541667461395273 0.29012925922870642 6 -0.16280825436115262 0.96633976697921764 3.5499999523162846 0.0098039219155907648 6.4500000476837167 0.0098039219155907648 7 21.050000190734867 8 1.7500000000000002 0.49812944233417517 9 1.7749999761581423 10 0.41248606145381933 -0.8940606117248534 10.291666507720949 -0.22695468366146085 -0.72947329282760609 -0.91597726941108693 1.0000000180025095e-35 -0.98523971438407887 11 0.95998215675354015 -0.22695468366146085 -0.16280825436115262 12 0.29012925922870642 0.032701563090086053 1.0000000180025095e-35 0.15000000223517421 -0.99866804480552662 0.35206145048141485 13 0.68322628736495983 0.67802080512046825 -0.16280825436115262 14 -0.81427544355392445 15 16 0.021568628028035167
decision_type=8 9 9 10 2 10 2 9 10 9 10 9 10 9 2 2 10 8 2 9 2 2 10 2 10 2 9 8 9 10 2 9 10 9 2 2 10 2 2 2 8 2 9 2 2 2 9 2 2 10 10 2 2 9 2 2 2 9 2 9 9 2
left_child=1 4 5 9 44 12 13 -5 11 10 40 14 15 34 -3 16 -2 18 30 24 21 27 -23 -17 35 26 -15 28 29 -12 31 -18 33 -31 -6 -20 -9 41 -24 53 45 -16 43 -26 60 51 47 -47 -49 50 -50 -4 -48 -19 55 -11 -57 -58 59 -53 -1 -62
right_child=2 8 3 7 6 -7 -8 36 -10 54 20 -13 -14 25 37 23 17 39 19 -21 -22 22 38 -25 42 -27 -28 -29 -30 32 -32 -33 -34 -35 -36 -37 -38 -39 -40 -41 -42 -43 -44 -45 -46 46 52 48 49 -51 -52 58 -54 -55 -56 56 57 -59 -60 -61 61 -63
leaf_value=0 0.019955412136503703 0 0.38469688123763784 0.16743985499682482 0.10116734609752771 6.523766932182423 0 0.024499221188521211 0 0 0.003464247710441834 0 0.02289272278249492 0.0057638142934755988 0 0.11651421556604835 0.27802449812415153 0.13536244995024779 0.063738200881212334 0.10725667163417166 0.009581613406894441 0.0048154954244645446 0.070017423796925438 0.025772758591091145 0.51497816396268059 0 0 0.01581781442176685 0.040776596819785405 0.3415964684069292 0.018404225947615947 0.038011474434936493 0.11538022475688872 0.10711472066621122 -0.0055939090862547136 0.097431312052596197 0.34000607550551593 0 0.06961312585177469 0.095602699102225228 -0.0033344033753796663 0 0.36045970417789241 0.086499441726113444 0 -0.0053673303175513533 0.0017734625032128249 -0.0013710911193701089 0.0019886116019966109 0.0037830215360106037 0.00083748093211683395 0.11966610707732402 -0.00026388600347392299 0.21402347507335576 0 0 0.0031771558180839002 0 0 -8.5759803001129623e-05 0 0
leaf_weight=230137 19158 1936616 1007 14249 93485 201 523566 28215 108284 117495 5674 6812286 28856 16144 83536 11401 4987 4585 845 6006 92585 1030 704 31333 1095 312801 50147 30257 22694 1547 7494 3732 7477 4383 51354 3342 5831 1076546 460 23667 86561 723969 612 274 632630 7163 61903 815 2965 558 394 5829 43992 5324 61068 27870 21653 10598 71389 10830 80325 161263
leaf_count=230137 19158 1936616 1007 14249 93485 201 523566 28215 108284 117495 5674 6812286 28856 16144 83536 11401 4987 4585 845 6006 92585 1030 704 31333 1095 312801 50147 30257 22694 1547 7494 3732 7477 4383 51354 3342 5831 1076546 460 23667 86561 723969 612 274 632630 7163 61903 815 2965 558 394 5829 43992 5324 61068 27870 21653 10598 71389 10830 80325 161263
internal_value=-0.00197522 -0.00214453 0.000449923 3.38053e-05 -0.0015523 0.0024831 -0.00116348 0.00256264 -0.00226317 -0.00014094 0.000250218 -0.00227772 0.00243219 -0.000689839 -0.00210963 0.00293216 0.00370493 0.00450579 0.00618355 0.00985009 0.0010789 0.00207858 0.012108 0.00146523 0.0146617 -0.0010341 0.000189656 0.0017731 0.00286565 0.00480842 0.00343043 0.00590119 0.00673398 0.0100042 0.000211271 0.0116032 0.0011462 -0.00190697 0.0223711 0.00308732 -0.000220906 -0.00164366 0.0212002 0.025727 -0.00192111 0.000145217 0.000713345 0.00604473 0.0166885 0.0202598 0.023475 -0.000606227 0.000113899 0.00569962 -0.000895122 -0.000541562 0.000481487 0.00213396 -0.000718018 0.00132976 -0.00159025 -0.00118014
internal_weight=1.37932e+07 1.28931e+07 900108 747196 2.15185e+06 152912 1.0475e+06 48295 1.07412e+07 698901 460217 1.0633e+07 152711 523931 3.82067e+06 123855 81121 61963 28387 12174 166811 74226 2194 42734 6168 379092 66291 72032 41775 19081 16213 8719 13407 5930 144839 4187 34046 1.88405e+06 1164 33576 293406 807505 1981 1369 1.10436e+06 206845 117790 11895 4732 3917 3359 89055 105895 9909 238684 177616 60121 32251 88048 16659 471725 241588
internal_count=13793197 12893089 900108 747196 2151852 152912 1047497 48295 10741237 698901 460217 10632953 152711 523931 3820667 123855 81121 61963 28387 12174 166811 74226 2194 42734 6168 379092 66291 72032 41775 19081 16213 8719 13407 5930 144839 4187 34046 1884051 1164 33576 293406 807505 1981 1369 1104355 206845 117790 11895 4732 3917 3359 89055 105895 9909 238684 177616 60121 32251 88048 16659 471725 241588
cat_boundaries=0 3 6 10 14 18 21 24 27 31 34 36 39 42 45 48 52 55
cat_threshold=1159774853 35160067 144703490 230705153 2183397396 25166088 539009220 29921313 1107345408 128 2419500176 538476674 238325923 1 2823949648 539253508 73269800 1792 16794240 524288 2 8388608 2149842964 264 1073741824 32771 2097152 2418311312 1572994 67112992 1 92291073 33816576 16777472 270532608 1048578 0 2097168 8 2097152 0 134217728 16777216 2097156 25165824 1073741828 138428673 64 2147484672 524288 69206146 1 69222913 34078720 142606336
is_linear=0
shrinkage=0.05


Tree=21
num_leaves=63
num_cat=19
split_feature=4 23 23 19 3 3 20 11 23 4 23 6 23 10 22 20 19 21 4 19 23 23 21 22 5 20 19 10 23 19 19 21 23 20 3 23 23 19 11 14 4 10 21 4 19 23 20 23 14 23 23 4 6 23 0 0 9 23 23 23 21 17
split_gain=2176.51 357.516 277.739 122.888 121.696 111.532 97.6695 88.3306 81.3848 83.8733 70.3645 68.7085 67.6506 57.0073 56.9609 55.7993 49.3947 67.7706 53.0372 75.9007 75.0321 46.8677 44.0475 42.985 41.3332 39.5195 39.0451 38.4878 59.8223 44.6545 36.7477 36.1878 35.3295 35.262 43.9296 59.3894 33.795 32.0848 31.7458 30.7987 29.74 43.9701 48.0734 49.4097 43.9692 32.2415 29.5875 29.1112 29.9808 38.3143 27.6962 43.3822 76.8225 47.5622 27.5862 29.3278 53.3875 74.4563 26.9139 25.1557 28.0033 34.8913
threshold=1.0000000180025095e-35 0 1 -0.22695468366146085 59.70000076293946 2.3500000238418584 -0.79384350776672352 2.3666666746139531 2 0.75000000000000011 3 55.041666030883796 4 40.583333969116218 1.0000000180025095e-35 -0.90163370966911305 0.52778512239456188 0.96633976697921764 1.6500000357627871 -0.52778512239456166 5 6 -0.39827153086662287 1.0000000180025095e-35 0.22083333134651187 0.091259401291608824 1.0000000180025095e-35 6.1833331584930429 7 -0.52778512239456166 0.68322628736495983 1.0000000180025095e-35 8 0.70290291309356701 1.0000000180025095e-35 9 10 0.29012925922870642 1.1458333134651186 0.055752867832779891 2.7500000000000004 5.0499999523162851 -0.99938741326332081 3.8500000238418584 0.52778512239456188 11 -0.98523971438407887 12 0.021568628028035167 13 14 8.7500000000000018 9.7083334922790545 15 31.099999427795414 1.0000000180025095e-35 2.0499999523162846 16 17 18 0.14888729155063632 0.083333335816860213
decision_type=8 9 9 2 10 8 2 10 9 10 9 2 9 10 2 2 2 2 10 2 9 9 2 2 10 2 2 8 9 2 2 2 9 2 10 9 9 2 10 2 10 10 2 10 2 9 2 9 2 9 9 10 2 9 10 10 10 9 9 9 2 2
left_child=1 3 4 6 13 8 11 12 9 31 24 59 14 15 -3 21 17 27 -19 20 25 -2 32 -5 -7 -20 46 28 29 39 33 -4 -8 -10 35 37 -13 -35 -25 -11 -17 42 43 -42 50 -46 -16 -24 49 -49 -44 -52 -53 -54 55 56 57 -26 -9 60 61 -1
right_child=2 7 5 23 -6 10 22 58 30 16 -12 36 -14 -15 26 40 -18 18 19 -21 -22 -23 47 38 54 -27 -28 -29 -30 -31 -32 -33 -34 34 -36 -37 -38 -39 -40 -41 41 -43 44 -45 45 -47 -48 48 -50 -51 51 52 53 -55 -56 -57 -58 -59 -60 -61 -62 -63
leaf_value=1.2121802860518851 0.12201896777619517 0 0.00053896544533245112 0 5.2789590605991963 0.078636508350475906 0 0.14649999499320984 0 0.30784121593455638 0.02341130882336109 0.005342941226349724 0 0.023513355934353938 0 0.012280067596176381 -0.0011338417162091907 -0.0023588590777213919 0.063418891713433359 0.044136195601520711 0.032402309561499969 0.12784752388239837 0 0 0.50964423414360327 0.067398255505700555 0 0.046916310602454318 0.043367694058322998 0.11084895911708903 0 -2.3646302225852204e-05 0 0.0037191088961417099 -0.00017868750266265127 0 0 0 0.16070825368530883 0.081699608756352834 1.1113882074154924 0.07991286338742859 0.055349440593934741 0.17417825609264936 0.073547796739137805 -0.02705321935435491 0 0.0045125000672414902 0 0 0.093750670700218183 0.21400759685632631 0.49953462041016583 0.93531247244048843 1.3833555069150336 0.2673434268177165 0.12102130107578948 0.11428955926999716 0 0.39297595648224909 0.006339001675257536 0.18336286151732309
leaf_weight=1080 12941 1868533 151656 632883 207 10621 139246 36656 128027 2634 23760 78560 6947549 25248 94531 20399 54801 1169 362 1333 468 13891 216003 586370 515 400 907296 68794 31862 3955 64025 139305 154120 18240 21886 11818 94354 6097 13653 509 281 33668 6324 246 5020 6375 815981 10008 150623 65262 15019 1411 852 289 409 8678 3243 2041 71689 8142 825 769
leaf_count=1080 12941 1868533 151656 632883 207 10621 139246 36656 128027 2634 23760 78560 6947549 25248 94531 20399 54801 1169 362 1333 468 13891 216003 586370 515 400 907296 68794 31862 3955 64025 139305 154120 18240 21886 11818 94354 6097 13653 509 281 33668 6324 246 5020 6375 815981 10008 150623 65262 15019 1411 852 289 409 8678 3243 2041 71689 8142 825 769
internal_value=-0.00197956 -0.00214538 0.000399433 -0.0015571 0.00242699 1.84103e-05 -0.00111947 -0.00226322 -0.000141803 0.000254845 0.00231864 -8.83095e-05 -0.0022777 0.0023713 -0.00210451 0.00283731 0.00115062 0.00175479 0.00837888 0.0124044 0.0213618 0.00483825 -0.00137714 -0.00188333 0.00414165 0.0308873 -0.00190525 0.00152537 0.00278106 0.00692952 -0.000866973 -0.000257088 -0.000902167 -0.00051148 0.000510802 0.00158104 -0.000330136 0.00299246 -0.00158012 0.011388 0.00224 0.00273278 0.00395224 0.0189421 0.00372839 0.00117266 -0.00167393 -0.00169246 -0.00129539 -0.000480604 0.00494716 0.00596795 0.0119984 0.0216455 0.00584341 0.00548163 0.00823461 0.0136385 -0.000842794 0.00377774 0.00797876 0.0114264
internal_weight=1.37929e+07 1.28941e+07 898779 2.1519e+06 142171 756608 918992 1.07422e+07 707341 457248 49267 183730 1.06339e+07 141964 3.68634e+06 116716 166287 111486 3732 2563 1230 26832 735262 1.23291e+06 25507 762 1.81781e+06 107754 38960 7098 250093 290961 293366 186068 58041 36155 172914 24337 600023 3143 89884 69485 35817 527 35290 11395 910512 441896 225893 75270 23895 17571 2552 1141 14886 14477 5799 2556 108345 10816 2674 1849
internal_count=13792912 12894133 898779 2151898 142171 756608 918992 10742235 707341 457248 49267 183730 10633890 141964 3686341 116716 166287 111486 3732 2563 1230 26832 735262 1232906 25507 762 1817808 107754 38960 7098 250093 290961 293366 186068 58041 36155 172914 24337 600023 3143 89884 69485 35817 527 35290 11395 910512 441896 225893 75270 23895 17571 2552 1141 14886 14477 5799 2556 108345 10816 2674 1849
cat_boundaries=0 3 6 10 14 18 21 24 27 30 33 36 39 42 44 47 50 53 57 60
cat_threshold=1159774853 35160067 144703490 96487425 35913748 25166088 2552669328 2685960322 238321699 1 2989269188 2177405473 1248067590 128 2823949648 539252996 73269800 1792 0 2 2097152 16777216 2097156 25165824 270827520 2148532352 67108864 2129925 33554433 144703488 1610612740 138432769 64 1090568836 524288 2097154 29360128 33554436 25166080 69222913 34078720 142606336 0 32769 4196353 33554432 25166080 16384 16 8 536870912 4097 262144 2320828744 539320832 1415447040 1922 1092616320 524288 2097152
is_linear=0
shrinkage=0.05


Tree=22
num_leaves=63
num_cat=16
split_feature=4 23 23 22 3 19 3 11 23 23 0 23 23 22 19 23 18 4 18 23 5 4 10 21 4 19 18 23 19 20 10 4 19 23 18 10 3 20 23 20 23 4 21 19 18 4 20 23 20 19 20 5 23 18 10 23 18 20 23 20 3 0
split_gain=2292.25 357.495 264.273 123.083 119.523 93.2993 92.4636 88.4166 73.6491 72.9414 75.0883 67.6225 63.5354 59.5373 53.0081 116.964 150.916 184.754 112.567 91.3688 110.916 45.2338 80.1656 53.5468 139.412 48.3279 40.6474 39.8751 39.6027 39.531 39.2917 69.3731 71.5681 45.322 73.0957 75.1616 58.1805 70.6314 55.7892 50.3237 45.2917 44.6932 38.7461 115.292 409.715 813.336 263.333 38.0188 37.5196 36.5421 33.55 33.1559 32.1397 32.0008 31.3534 31.865 31.0594 53.8298 30.3716 29.4516 28.1446 32.2379
threshold=1.0000000180025095e-35 0 1 1.0000000180025095e-35 59.70000076293946 1.0000000180025095e-35 3.3500000238418584 2.3666666746139531 2 3 1.0000000180025095e-35 4 5 1.0000000180025095e-35 -0.097964655607938753 6 0.032701563090086053 0.15000000223517421 0.95642796158790599 7 1.0000000180025095e-35 0.25000000745058065 9.0500001907348651 0.96633976697921764 3.5499999523162846 -0.52778512239456166 0.41248606145381933 8 1.0000000180025095e-35 0.091259401291608824 40.583333969116218 3.0499999523162846 0.41248606145381933 9 -0.47114434838294977 0.27500000596046453 2.6499999761581425 -0.8940606117248534 10 0.67802080512046825 11 10.650000095367433 1.0000000180025095e-35 0.58216583728790294 -0.16280825436115262 0.35000000894069677 -0.8337765336036681 12 0.21022171527147296 -0.2901292592287063 -0.98523971438407887 0.15416666865348819 13 0.72947329282760631 0.14583333581686023 14 0.63405361771583568 0.73865729570388805 15 -0.25205527991056437 4.8500001430511483 1.3499999642372134
decision_type=10 9 9 2 10 2 10 10 9 9 10 9 9 2 2 9 2 10 2 9 10 10 10 2 8 2 2 9 2 2 10 10 2 9 2 8 10 2 9 2 9 10 2 2 2 10 2 9 2 2 2 8 9 2 10 9 2 2 9 2 10 10
left_child=1 3 4 49 30 12 9 11 60 10 14 13 26 -3 21 16 58 18 19 20 56 47 23 27 -25 29 59 -23 50 -26 31 42 33 -33 38 36 37 -36 48 -39 -34 -41 -2 -44 45 46 -45 -4 -35 52 -15 -10 -1 54 -17 -56 -18 -58 -16 -5 61 -8
right_child=2 7 6 5 -6 -7 8 -9 51 -11 -12 -13 -14 28 15 53 17 -19 -20 -21 -22 22 -24 24 25 -27 -28 -29 -30 -31 -32 32 40 34 35 -37 -38 39 -40 41 -42 -43 43 44 -46 -47 -48 -49 -50 -51 -52 -53 -54 -55 55 -57 57 -59 -60 -61 -62 -63
leaf_value=0 0.0020864213639645163 0 0.0018323612822549254 0.13587826303781733 3.5159165720607657 0 0.086642417191538507 0 -0.0093512818475122161 0 -0.0039851455736941016 0 0 0 0.0051164796544712317 0 0.0018903633370080726 0.024057924425296012 -0.0053546091527657616 0.00066931641416185866 -0.0004565223385903289 0.092270571987461844 0.026786636538815502 0.0013391016501249908 0.060247947127761693 0.085241923504651484 -0.0053142136319419778 0.026746522426638383 0 0.064188718831543201 0.021057204209905034 0.097881555283529112 -0.018137026025567545 0.15005030800080466 0.18569490829365523 0.11925663961602269 0.11046945957434302 0.06869115771173169 -0.026293636039681136 0.12623108680015591 0.095660223032300054 0.54374020106678489 0.0015316180083175509 -0.002512171726595876 -0.00023892654995321517 -2.2463987114559595e-05 1.1823151112926102e-06 -0.00095832358551446858 0.00066977106107890658 0 0 0.1206492744152392 0 0.0011607858257241094 0.083937306788862909 -0.00081653299772693983 0.0018903633370080726 0.00012970353598013435 -0.0016439501092513839 -0.018273769258399755 0.40883973555140873 0.049767455254342889
leaf_weight=219095 56235 1936311 40607 53907 206 524147 3453 108529 12064 126253 119705 6811894 378952 97809 6604 77223 1783 4605 853 831 460 8370 44768 1573 434 297 51336 31289 940306 419 33113 25402 13662 4736 624 14835 2887 1669 8002 3462 23459 396 31013 375 7883 3044 2110 36871 2123 656149 846461 14926 229792 50381 27173 34300 834 335 10579 39453 6199 872
leaf_count=219095 56235 1936311 40607 53907 206 524147 3453 108529 12064 126253 119705 6811894 378952 97809 6604 77223 1783 4605 853 831 460 8370 44768 1573 434 297 51336 31289 940306 419 33113 25402 13662 4736 624 14835 2887 1669 8002 3462 23459 396 31013 375 7883 3044 2110 36871 2123 656149 846461 14926 229792 50381 27173 34300 834 335 10579 39453 6199 872
internal_value=-0.00197419 -0.00214441 0.000466483 -0.00155631 0.00190656 -0.00116806 -4.36744e-05 -0.00226228 0.00236752 -0.000188043 8.2979e-05 -0.00227678 -0.000696022 -0.00210836 0.000426516 -8.86856e-05 0.00299658 0.00798345 0.0145428 0.0178747 0.0214699 0.00110236 0.00188382 0.00344238 0.0102249 0.0234565 0.000195292 0.00297669 -0.0019083 0.0295047 0.00187327 0.00213507 0.00305912 0.00407041 0.00514699 0.00686204 0.0104564 0.0132048 0.00239536 0.0114045 0.00131186 0.0145425 0.00120554 0.00230923 0.00618252 0.0166174 0.0378421 0.000223353 0.00569988 -0.00192445 -0.00167958 0.000982407 -0.00157683 -0.000527496 -0.000919566 -7.69856e-05 0.0250915 0.0187575 0.000182884 0.00081673 0.00591323 0.00901445
internal_weight=1.37934e+07 1.28941e+07 899297 2.15283e+06 235236 1.0478e+06 664061 1.07413e+07 37514 626547 500294 1.06328e+07 523648 3.82089e+06 380589 215961 26884 9701 5096 4243 3412 164628 87150 42382 2723 1150 144696 39659 1.88458e+06 853 235030 201917 101257 64136 38734 23873 9038 6151 14861 5527 37121 3858 100660 44425 13412 5529 2485 77478 6859 1.10504e+06 944270 26990 448887 189077 138696 61473 2952 1169 17183 93360 10524 4325
internal_count=13793438 12894141 899297 2152831 235236 1047795 664061 10741310 37514 626547 500294 10632781 523648 3820887 380589 215961 26884 9701 5096 4243 3412 164628 87150 42382 2723 1150 144696 39659 1884576 853 235030 201917 101257 64136 38734 23873 9038 6151 14861 5527 37121 3858 100660 44425 13412 5529 2485 77478 6859 1105036 944270 26990 448887 189077 138696 61473 2952 1169 17183 93360 10524 4325
cat_boundaries=0 3 6 10 14 18 21 24 27 30 33 36 39 42 45 49 51
cat_threshold=1159774853 35160067 144703490 230705153 2184478740 25166088 807444672 29888545 1073741824 128 3493242004 537395587 238321891 1 2823949648 539253508 73269800 1792 16794240 524288 2 2097152 524416 134217728 2097152 0 134217728 1345617920 385 68157472 138430465 33816576 8388608 92274688 0 16777472 134217729 2150891536 8 1073742852 258 2097346 69222913 34078720 142606336 2147524608 536870913 3145730 1 0 524416
is_linear=0
shrinkage=0.05


Tree=23
num_leaves=63
num_cat=20
split_feature=4 23 23 22 0 19 3 11 23 4 23 23 23 22 14 21 19 23 10 4 19 14 23 18 10 23 6 18 6 19 19 21 19 18 4 22 21 23 11 23 23 14 23 18 19 23 10 23 23 6 21 21 17 23 18 23 21 23 11 7 23 0
split_gain=2153.9 355.514 253.853 120.406 114.04 90.9732 87.1209 86.7267 72.0621 70.9689 68.2822 66.9972 58.7805 58.0018 48.0173 46.5085 163.253 73.9249 41.908 55.2728 70.6454 58.085 48.4159 41.3768 41.9314 51.0509 43.1058 38.8716 38.4658 37.8897 35.7785 35.3775 118.312 401.541 812.168 265.346 32.7694 36.1548 32.2614 31.8305 31.5729 36.2648 40.7221 39.2222 31.0952 29.1676 28.9553 28.9142 28.4078 27.1828 27.4982 27.7574 32.9315 26.5508 29.1595 30.7465 33.9191 25.9474 25.3146 25.0329 25.1752 22.6742
threshold=1.0000000180025095e-35 0 1 1.0000000180025095e-35 39.750000000000007 1.0000000180025095e-35 3.4500000476837163 2.3666666746139531 2 1.3499999642372134 3 4 5 1.0000000180025095e-35 0.040600210428237922 0.96633976697921764 -0.52778512239456166 6 40.583333969116218 3.0499999523162846 -0.097964655607938753 0.0098039219155907648 7 -0.41248606145381922 3.6833333969116215 8 71.958332061767592 0.47114434838294988 22.958333015441898 1.0000000180025095e-35 -0.22695468366146085 1.0000000180025095e-35 0.58216583728790294 -0.16280825436115262 0.35000000894069677 1.0000000180025095e-35 1.0000000180025095e-35 9 1.8541666865348818 10 11 0.021568628028035167 12 -0.097964655607938753 0.68322628736495983 13 1.0000000180025095e-35 14 15 51.291666030883796 -0.46800559759140009 0.14888729155063632 0.083333335816860213 16 0.35206145048141485 17 -0.69055965542793263 18 1.1458333134651186 22.583333015441898 19 1.0000000180025095e-35
decision_type=8 9 9 2 10 2 10 10 9 10 9 9 9 2 2 2 2 9 10 10 2 2 9 2 8 9 2 2 2 2 2 2 2 2 10 2 2 9 10 9 9 2 9 2 2 9 10 9 9 2 2 2 2 9 2 9 2 9 10 10 9 8
left_child=1 3 4 30 18 12 8 11 9 36 -8 13 27 -3 45 39 17 -17 19 31 22 53 -21 47 25 26 -25 49 -27 -15 40 -2 -33 34 35 -34 37 -4 -12 -11 -1 42 43 -42 48 -14 -45 -24 61 50 -5 52 -52 54 -22 -56 -57 -9 -7 60 -20 -10
right_child=2 7 6 5 -6 58 10 57 44 15 38 -13 14 29 -16 16 -18 -19 59 20 21 -23 23 24 -26 28 -28 -29 -30 -31 -32 32 33 -35 -36 -37 -38 -39 -40 -41 41 -43 -44 46 -46 -47 -48 -49 -50 -51 51 -53 -54 -55 55 56 -58 -59 -60 -61 -62 -63
leaf_value=0 0.0023173252486518637 0 0.0054557381626801462 0.16182945453186187 3.3401207434577276 0 0.18650135821112312 0.11917500239610673 8.9343751331325631e-06 0.070446423735511368 0.00996088775521233 0 0.0024362787991905215 0 0 0.059937203890216978 -0.015764295591508187 0.039455338134559065 0.10621389219092446 0.089877886302380278 0.21444174854428921 0.040603985598998769 0.11763795945898499 0.18537075116575236 0.12493163349554336 0.24690536238034189 0.095453028336367859 -0.005048502950344879 0.077451812446222096 0 0 0.0013680692556740622 1.1231993557279797e-06 -0.00022698022245555441 -2.1340787758831615e-05 -0.0045166249529011949 -8.543234983295658e-05 -5.0594574492474761e-05 0.35121584630511804 0.029179879321614362 -0.00022562500336207453 0 0 0.0042868750638794155 0 0 0.0092625001380220069 0.061115983102259547 0 0.057105380262869293 1.1255856513968543 -0.054119228628795896 0.34861064882808435 0.037892579465561599 0.19101050779180684 -0.028247973792318359 0.13658592368214142 0 0.14908059305525562 0.40979107719307523 -0.018210959140378458 -0.005492402704701649
leaf_weight=229855 56910 1868345 61846 3851 213 512175 9919 36508 113275 47170 21683 6945985 72985 910291 189177 778 2285 317 7653 21099 5681 42998 4730 372 8781 3868 1059 48516 3292 907018 632540 31106 2114 7749 3109 364 118897 68643 4788 76355 4882 161360 69981 5069 63157 117301 534 5182 41880 90194 1127 612 757 2997 2099 266 1241 71826 11752 1285 26075 28463
leaf_count=229855 56910 1868345 61846 3851 213 512175 9919 36508 113275 47170 21683 6945985 72985 910291 189177 778 2285 317 7653 21099 5681 42998 4730 372 8781 3868 1059 48516 3292 907018 632540 31106 2114 7749 3109 364 118897 68643 4788 76355 4882 161360 69981 5069 63157 117301 534 5182 41880 90194 1127 612 757 2997 2099 266 1241 71826 11752 1285 26075 28463
internal_value=-0.00198094 -0.002146 0.000384353 -0.00155951 0.0017758 -0.00117576 -0.000122585 -0.00226355 -0.000261474 0.000173989 0.00225543 -0.0022779 -0.000710269 -0.00210553 -0.00103751 0.00113658 0.00692308 0.0227968 0.00174343 0.00201645 0.00282822 0.00160712 0.00422344 0.00561442 0.00708727 0.00957077 0.0181974 0.000145846 0.00781032 -0.00190442 -0.00192389 0.00118616 0.00224326 0.00618326 0.016401 0.0377542 -0.000315836 0.000231264 0.000927929 0.000978243 -0.0015943 -0.00119529 -0.000328276 0.00257623 -0.000925452 -0.00047673 0.00543325 0.00303874 -0.00059632 0.00072609 0.00388884 0.00797676 0.010982 0.00463937 0.00595703 0.00948003 0.0149192 -0.000856011 -0.00164177 0.000144731 -0.000116225 -0.00025817
internal_weight=1.37923e+07 1.28926e+07 899699 2.15267e+06 240243 1.04845e+06 659456 1.074e+07 623066 376291 36390 1.06316e+07 524520 3.68565e+06 379463 126905 3380 1095 240030 205017 103665 55282 48383 27284 17372 8591 1431 145057 7160 1.81731e+06 1.10422e+06 101352 44442 13336 5587 2478 249386 130489 26471 123525 471681 241826 80466 10485 246775 190286 5603 9912 183618 96541 6347 2496 1884 12284 9287 3606 1507 108334 523927 35013 33728 141738
internal_count=13792340 12892641 899699 2152668 240243 1048447 659456 10739973 623066 376291 36390 10631639 524520 3685654 379463 126905 3380 1095 240030 205017 103665 55282 48383 27284 17372 8591 1431 145057 7160 1817309 1104221 101352 44442 13336 5587 2478 249386 130489 26471 123525 471681 241826 80466 10485 246775 190286 5603 9912 183618 96541 6347 2496 1884 12284 9287 3606 1507 108334 523927 35013 33728 141738
cat_boundaries=0 3 6 9 13 17 20 23 26 29 32 35 38 40 43 46 50 53 56 60 62
cat_threshold=1159774853 35160067 144703490 230967297 2184478740 25166088 2419238032 537395330 238321826 805348544 29888545 1073741824 128 2823949648 539252996 73269800 1792 16794240 524288 2 0 2 2097152 138430465 33816580 8388608 0 3145728 256 2098176 0 3407874 32896 524290 2 69222913 34078720 142606336 0 32769 1140850688 32771 2097152 92274688 0 16777472 1610617700 138419457 4397633 257 29376512 33554436 25166080 12599296 33554432 8388608 2320828760 539247104 1415451136 1922 83888128 4
is_linear=0
shrinkage=0.05


Tree=24
num_leaves=63
num_cat=20
split_feature=4 23 23 19 1 20 11 3 23 23 4 22 6 21 19 23 23 21 22 23 19 10 4 19 14 23 21 19 18 4 20 18 20 18 10 5 23 4 23 23 20 23 23 23 0 23 19 18 5 4 18 20 20 23 14 23 18 4 23 20 23 23
split_gain=2095.43 353.422 242.154 120.49 103.585 87.9232 86.3676 77.8966 68.252 67.6926 66.0035 57.8487 53.1219 51.2917 168.876 74.9195 44.7885 44.2304 42.4902 39.4657 38.2143 37.219 47.9137 75.1682 49.9082 46.3267 45.7549 111.42 380.192 809.744 267.168 36.3804 39.0964 34.9308 38.4019 56.5066 60.2564 38.0998 36.2174 34.6609 34.1311 33.7276 31.8963 31.2063 34.6078 97.8688 287.679 98.9272 79.8076 99.8944 34.4853 66.0933 30.0383 29.9904 29.3077 37.8932 30.726 29.0237 27.4064 27.2925 27.1527 26.562
threshold=1.0000000180025095e-35 0 1 -0.22695468366146085 39.250000000000007 -0.79384350776672352 2.3666666746139531 2.2500000000000004 2 3 1.3499999642372134 1.0000000180025095e-35 55.041666030883796 0.96633976697921764 -0.52778512239456166 4 5 -0.39827153086662287 1.0000000180025095e-35 6 1.0000000180025095e-35 40.583333969116218 3.6499999761581425 0.032701563090086018 0.0098039219155907648 7 -0.02257579285651445 0.58216583728790294 -0.16280825436115262 0.35000000894069677 -0.8337765336036681 -0.16280825436115262 -0.99866804480552662 -0.63405361771583546 2.6833333969116215 1.1791666150093081 8 4.8500001430511483 9 10 0.091259401291608824 11 12 13 1.0000000180025095e-35 14 0.29012925922870642 0.032701563090086053 1.0000000180025095e-35 0.15000000223517421 0.63405361771583568 0.73865729570388805 -0.98523971438407887 15 0.021568628028035167 16 -0.097964655607938753 6.9500000476837167 17 0.71503382921218883 18 19
decision_type=8 9 9 2 10 2 10 10 9 9 10 2 2 2 2 9 9 2 2 9 2 10 10 2 2 9 2 2 2 10 2 2 2 2 8 10 9 10 9 9 2 9 9 9 10 9 2 2 10 10 2 2 2 9 2 9 2 10 9 2 9 9
left_child=1 3 4 5 21 12 9 8 10 11 31 -3 -1 19 15 40 -9 39 -5 -12 52 22 26 25 61 -24 -2 42 29 30 -29 32 -4 38 35 36 37 -35 -27 -7 -15 -14 -28 44 45 46 -33 -48 49 50 -49 -52 -13 -19 55 56 -55 -38 -30 -59 -20 -25
right_child=2 6 7 18 -6 17 -8 16 -10 -11 13 20 41 14 -16 -17 -18 53 60 -21 -22 -23 23 24 -26 33 27 28 58 -31 -32 43 -34 34 -36 -37 57 -39 -40 -41 -42 -43 -44 -45 -46 -47 47 48 -50 -51 51 -53 -54 54 -56 -57 -58 59 -60 -61 -62 -63
leaf_value=0.40589077711336813 0.0029891708269397382 0 0.70651435629263615 0 3.1731147062848408 0 0 0.13531638108142668 0 0 0.07525385500263998 0 0.0059154238177548226 0.054238689576862779 -0.015015067008005679 0.036052523225852416 0.0075035023420119131 0 0 0.024877442660890595 0 0.0078673980138076367 0.11206717560898297 0.27907173080556652 0.031249726178766014 0.10961764869733535 0.04189463148728393 -0.0023866193002338686 0.14441066430852392 0.019806024688976433 1.0670393879415808e-06 -0.0042392204645345473 0 0.10174622769339875 0.11539559055242919 0.088970506480840206 0.094400840117404156 0.20481361293150974 -0.029842329714219143 0 0.057982422695455199 0 9.0341865319235057e-05 -0.00027511024684222571 -0.0054009194477276264 0.00083781453106911152 -0.0012580180525332094 0.001800749087260567 0.008330619947698693 -0.0010132298435528008 0.0018001167876493169 -8.1879439488334593e-05 0 -0.00021434375319397079 0 0 0.0040725313106854451 0.21329877928681099 -0.00022621404956849574 0.37709537294671924 0 0.033082766591355915
leaf_weight=10730 62356 1868081 1333 633302 205 139194 108266 25568 187500 6947908 33909 94762 69126 369 2162 313 20183 216126 83841 96884 906511 32977 15259 5438 34166 4532 6778 398 376 3745 2162 7384 132014 1006 11917 2402 3997 221 4227 154133 401 103879 28676 79841 24750 47168 852 1779 605 472 808 341 816133 4745 150679 65287 5326 391 8492 1099 515686 4133
leaf_count=10730 62356 1868081 1333 633302 205 139194 108266 25568 187500 6947908 33909 94762 69126 369 2162 313 20183 216126 83841 96884 906511 32977 15259 5438 34166 4532 6778 398 376 3745 2162 7384 132014 1006 11917 2402 3997 221 4227 154133 401 103879 28676 79841 24750 47168 852 1779 605 472 808 341 816133 4745 150679 65287 5326 391 8492 1099 515686 4133
internal_value=-0.00198333 -0.00214611 0.000349801 -0.00156124 0.0017295 -0.00112798 -0.00226328 -0.000137954 -0.00028513 -0.00227759 6.10513e-05 -0.00210432 -0.000149605 0.000982221 0.00719183 0.0233079 0.00185291 -0.00137238 -0.0018843 0.000828159 -0.00190349 0.00169854 0.00195307 0.00282223 0.00134571 0.00425568 0.00127004 0.00238672 0.00597229 0.0153588 0.0370312 -0.000354191 -0.000967533 0.00540299 0.00650965 0.00895239 0.011307 0.0213278 0.00275174 -0.00089633 0.0315064 -0.000361334 0.00085223 0.000144512 0.000816244 0.00147078 0.00545241 0.0149079 0.0181991 0.0211765 0.0246175 0.0178655 -0.00167477 -0.0016882 -0.00128532 -0.000480308 0.00237303 0.00901082 -0.000701399 0.0149832 -0.00158261 0.00453688
internal_weight=1.37933e+07 1.28937e+07 899589 2.15205e+06 234953 919225 1.07417e+07 664636 618885 1.06334e+07 431385 3.68549e+06 183735 134038 3245 1083 45751 735490 1.23283e+06 130793 1.81741e+06 234748 201771 88788 43737 45051 112983 50627 15173 6305 2560 297347 133347 29792 21033 9116 6714 1227 8759 293327 770 173005 35454 164000 84159 59409 12241 4857 4005 3400 2928 1149 910895 442163 226037 75358 10071 5487 8868 1490 599527 9571
internal_count=13793304 12893715 899589 2152054 234953 919225 10741661 664636 618885 10633395 431385 3685487 183735 134038 3245 1083 45751 735490 1232829 130793 1817406 234748 201771 88788 43737 45051 112983 50627 15173 6305 2560 297347 133347 29792 21033 9116 6714 1227 8759 293327 770 173005 35454 164000 84159 59409 12241 4857 4005 3400 2928 1149 910895 442163 226037 75358 10071 5487 8868 1490 599527 9571
cat_boundaries=0 3 6 9 13 16 20 22 24 27 30 33 36 38 41 44 47 49 52 55 58
cat_threshold=1159774853 35160067 144703490 230705153 2184478740 25166088 3493242004 537395330 238325795 2823949648 539252996 73269800 1792 0 2 2097152 2989273280 21500449 1248641026 145 32896 524418 138430465 33816576 0 3145728 256 92274688 0 25166080 2129925 33554433 144703488 1090568324 524288 2097154 163594241 2149842948 2098180 0 136314882 2097152 0 134217728 69222913 34078720 142606336 0 32769 12584960 0 16777216 16512 0 2 25182208 4 25166080
is_linear=0
shrinkage=0.05


Tree=25
num_leaves=63
num_cat=17
split_feature=4 23 23 3 22 19 11 11 23 4 23 22 23 23 14 23 19 19 21 19 18 21 23 23 14 23 18 20 6 19 21 19 23 20 21 23 0 23 20 16 18 21 18 4 19 20 4 23 23 19 20 11 6 20 21 23 19 20 23 4 6 4
split_gain=2031.97 350.312 228.867 123.135 117.365 88.9531 85.7924 74.7897 72.6257 78.3586 68.0723 58.5829 55.2905 49.7024 49.0405 54.0083 38.4407 36.3873 39.6251 34.9187 34.5634 32.6425 34.7654 31.9844 37.7036 40.894 38.084 30.6836 30.7696 29.3386 28.9013 56.0209 68.1454 28.514 27.9986 27.33 26.5586 26.4828 44.3259 28.2037 35.1015 33.0435 74.4949 328.324 735.732 212.194 51.5991 42.1419 29.2338 26.8931 26.3195 25.5464 25.3776 26.0534 32.9634 40.0258 25.354 35.234 46.6452 29.4806 29.4417 30.0902
threshold=1.0000000180025095e-35 0 1 59.70000076293946 1.0000000180025095e-35 1.0000000180025095e-35 2.3666666746139531 1.7749999761581423 2 1.8499999642372134 3 1.0000000180025095e-35 4 5 0.0098039219155907648 6 1.0000000180025095e-35 -0.16280825436115262 0.96177148818969738 -0.22695468366146085 -0.47114434838294977 1.0000000180025095e-35 7 8 0.021568628028035167 9 -0.097964655607938753 -0.30163703858852381 49.791666030883796 0.68322628736495983 0.96849882602691661 -0.52778512239456166 10 -0.98803845047950734 -0.082691941410303102 11 1.4499999880790713 12 -0.79384350776672352 0.050000002607703216 -0.81241145730018605 -0.013976481743156908 -0.16280825436115262 0.35000000894069677 0.58216583728790294 -0.82415616512298573 0.45000000298023229 13 14 0.63405361771583568 0.10837544873356821 0.64583334326744091 55.041666030883796 -0.90893998742103566 -0.29342786967754358 15 -0.41248606145381922 0.5986820161342622 16 4.0499999523162851 66.958332061767592 8.0500001907348651
decision_type=8 9 9 10 2 2 10 10 9 10 9 2 9 9 2 9 2 2 2 2 2 2 9 9 2 9 2 2 2 2 2 2 9 2 2 9 10 9 2 2 2 2 2 10 2 2 10 9 9 2 2 10 2 2 2 9 2 2 9 10 2 10
left_child=1 4 3 37 19 12 10 8 9 21 11 -3 27 17 15 -14 33 18 -11 23 -20 22 -4 -1 25 26 -25 28 -6 35 -15 32 -32 -13 -28 -10 -9 38 -2 -39 48 46 43 44 -43 -46 -42 49 -41 -44 -22 -7 53 54 55 -16 57 -48 59 -59 61 -61
right_child=2 6 7 -5 5 51 -8 36 29 13 -12 16 14 30 52 -17 -18 -19 20 -21 50 -23 -24 24 -26 -27 34 -29 -30 -31 31 -33 -34 -35 -36 -37 -38 39 -40 40 41 42 47 -45 45 -47 56 -49 -50 -51 -52 -53 -54 -55 -56 -57 -58 58 -60 60 -62 -63
leaf_value=0 0.091487786293140264 0 0.0052500270933417284 5.5699619203945332 0.3108855775310117 0 0 0.094622158077094981 0 0.066509074020906223 0 0 0.0051823595411624474 0.030462512380467596 1.1446659974148152 0 0 0.072327198683857952 0.048037616959500644 0 0.046159549526050496 -8.1160732341308746e-05 -4.8064845767851024e-05 -0.00020362656553427226 0 0 0.0087993751311209057 -0.0047960778028276344 0.091075660969230143 0 0.05833955905041735 0.01546215579189697 0.012574912274502015 0 0.0038689047451511724 0 0.48990002896600515 0.00010919479406517649 0.050114276480408275 0.11057686236367055 -0.00039659414424442853 -0.0023230046847518035 0.097604836459911165 0.00088828514998153809 -0.0022672883352221752 1.0136874185445018e-06 0.12358774173720388 0.00079704732429455589 -0.00032369016804359137 0.01009785707819643 0.047859699824142433 0.097915143911522215 0 0 0.31061095894134105 0.930468389993655 0.052491698776156108 0.070091208834091132 0.062414090967109037 0.08930344813865454 0.1154493124858349 0.53378394329940437
leaf_weight=230053 24869 1736285 64414 216 5383 508717 108347 11662 36123 16047 7212984 78827 16161 100596 446 55867 840880 20893 342 632870 352 122173 70970 4889 160623 70013 218 52685 59499 65487 431 1994 478 764201 5429 151222 4604 48930 41211 7027 20019 2549 5576 8252 300 1844 9231 19059 16053 2132 241 15158 322072 7177 4218 754 20175 701 2120 544 530 504
leaf_count=230053 24869 1736285 64414 216 5383 508717 108347 11662 36123 16047 7212984 78827 16161 100596 446 55867 840880 20893 342 632870 352 122173 70970 4889 160623 70013 218 52685 59499 65487 431 1994 478 764201 5429 151222 4604 48930 41211 7027 20019 2549 5576 8252 300 1844 9231 19059 16053 2132 241 15158 322072 7177 4218 754 20175 701 2120 544 530 504
internal_value=-0.00198647 -0.00214679 0.00031068 0.00166419 -0.00156452 -0.00118557 -0.00226345 -0.000159082 -0.000242662 0.000177526 -0.00227772 -0.00209394 -0.000725125 0.00112337 -0.00100119 0.00018229 -0.00188381 0.00267289 0.00439259 -0.00192428 0.0143984 -0.000341643 0.00019308 -0.00159841 -0.0011959 -0.000313133 0.00258961 0.000229913 0.000957815 -0.000905625 0.000556014 0.00547451 0.0157618 -0.00164522 0.00538914 -0.000587219 0.00318978 0.00162907 0.00247541 0.00129101 0.00171383 0.00214474 0.00323882 0.00635284 0.0169119 0.0384981 0.00133751 0.00173282 -3.24963e-05 0.0048497 0.021699 -0.00164636 -0.00125593 0.000945811 0.00356312 0.010875 0.00252884 0.00419479 0.00787736 0.0128233 0.0166698 0.011813
internal_weight=1.37936e+07 1.28938e+07 899871 231842 2.15223e+06 1.04814e+06 1.07415e+07 668029 651763 398931 1.06332e+07 3.42019e+06 524262 141374 406695 72028 1.68391e+06 37875 16982 1.1041e+06 935 257557 135384 471225 241172 80549 10536 117567 64882 252832 103499 2903 909 843028 5647 187345 16266 231626 66080 165546 116616 93536 39712 12945 4693 2144 53824 26767 23080 7708 593 523875 334667 12595 5418 1200 33805 13630 4399 2279 1578 1048
internal_count=13793627 12893756 899871 231842 2152232 1048137 10741524 668029 651763 398931 10633177 3420193 524262 141374 406695 72028 1683908 37875 16982 1104095 935 257557 135384 471225 241172 80549 10536 117567 64882 252832 103499 2903 909 843028 5647 187345 16266 231626 66080 165546 116616 93536 39712 12945 4693 2144 53824 26767 23080 7708 593 523875 334667 12595 5418 1200 33805 13630 4399 2279 1578 1048
cat_boundaries=0 3 6 9 13 16 18 21 24 27 29 32 36 39 42 45 47 50
cat_threshold=1159774853 35160067 144703490 96749569 2184478740 25166088 3089278160 541589666 238321699 2819755344 539252996 73269288 1792 16793728 524288 2 32896 524290 1073741824 32771 2097152 2098240 0 3407874 69222913 34078720 142606336 0 32769 0 0 2097152 34144266 1426285128 2952815636 1180 92274688 2097156 25165824 16385 2147745808 264 4212737 33816576 256 1142947840 1048576 262144 2148532224 8
is_linear=0
shrinkage=0.05


Tree=26
num_leaves=63
num_cat=19
split_feature=4 23 23 19 0 20 11 23 8 22 23 4 23 6 21 22 18 19 23 20 19 23 23 20 20 14 20 23 0 23 19 18 4 5 20 19 23 14 23 18 19 11 5 0 23 4 23 23 23 21 3 21 3 20 14 23 23 19 20 0 10 23
split_gain=1919.43 357.161 203.962 119.843 113.516 88.6404 84.5499 67.3548 61.8733 59.6868 56.6086 64.4133 56.4266 48.1181 44.3498 43.6252 41.4446 39.2896 36.2282 35.3272 34.4505 33.8031 32.4271 30.3547 29.9451 29.872 36.7139 32.328 29.3719 99.3432 233.21 75.0102 71.6512 86.005 75.2644 32.5934 28.9578 29.2933 36.3911 31.834 28.3358 28.2832 25.3912 49.1336 35.3692 28.3472 25.3383 25.2856 24.76 23.9736 34.1991 23.913 22.8891 22.5643 37.2377 32.6651 21.7999 21.9197 21.6858 21.3869 21.069 20.7682
threshold=1.0000000180025095e-35 0 1 -0.22695468366146085 39.750000000000007 -0.79384350776672352 2.3666666746139531 2 6.7500000000000009 1.0000000180025095e-35 3 2.2500000000000004 4 55.541666030883796 -0.39827153086662287 1.0000000180025095e-35 -0.16280825436115262 1.0000000180025095e-35 5 -0.98523971438407887 -0.68322628736495961 6 7 -0.99866804480552662 0.039769539609551437 0.021568628028035167 1.0000000180025095e-35 8 1.0000000180025095e-35 9 0.29012925922870642 0.032701563090086053 0.15000000223517421 1.0000000180025095e-35 0.73865729570388805 0.68322628736495983 10 0.021568628028035167 11 1.0000000180025095e-35 0.16280825436115268 1.1458333134651186 0.12083333358168603 1.0000000180025095e-35 12 3.7500000000000004 13 14 15 0.92519181966781627 1.0000000180025095e-35 -0.52765738964080799 5.0499999523162851 0.76140651106834423 0.021568628028035167 16 17 0.032701563090086018 -0.65234524011611927 13.500000000000002 0.18333333730697635 18
decision_type=8 9 9 2 10 2 10 9 10 2 9 10 9 2 2 2 2 2 9 2 2 9 9 2 2 2 2 9 8 9 2 2 10 10 2 2 9 2 9 2 2 10 10 10 9 10 9 9 9 2 10 2 10 2 2 9 9 2 2 10 10 9
left_child=1 3 4 5 18 13 7 9 10 -3 11 16 40 -1 21 -5 23 19 24 -11 59 -7 -15 -4 25 26 -2 -27 29 30 -18 -32 33 34 -33 53 -16 38 39 -38 49 48 45 44 52 56 -10 -8 -17 51 -51 58 -44 -31 55 -55 57 -14 -13 -20 -41 -37
right_child=2 6 8 15 -6 14 47 -9 46 17 -12 12 42 22 36 41 28 -19 20 -21 -22 -23 -24 -25 -26 27 -28 -29 -30 35 31 32 -34 -35 -36 61 37 -39 -40 60 -42 -43 43 -45 -46 -47 -48 -49 -50 50 -52 -53 -54 54 -56 -57 -58 -59 -60 -61 -62 -63
leaf_value=0.37705345984456706 0.10050517630850123 0 0.47497481169768707 0 2.7359608749508726 0 0.13321624512374403 0 0.51639401307640387 0 0 0.24779509338935066 0.13026887603670165 0 0 0 -0.0038549360758998578 0 0.036044468752849126 0 9.6300304761727661e-07 0 0.0040178432183995156 0 0.031400906203516675 0.080902006489878941 0.20733821733369623 -0.0214033447306257 -0.0037638031285585714 -0.00024443832870557218 -0.0011910591132894832 0.0017141689848839169 0.0034824548050502915 -0.00085845449050450315 0.0017141373699033542 0.0007930842830270277 -0.00019344523725755864 0 0 0.0036754595078936137 0.068710838749665062 0.14473168708937958 0.053554145174966483 0.0037003773051883949 0.09395282056181363 -3.7316313061656364e-05 0.098036466346560269 0 0 0.045561539990999836 -0.042380181302396437 0.03631230437740525 0.48767253979694342 0.003508888202405597 -0.0012479939345782134 -0.00043076246634352457 0.041909248614970383 0.13584952928689795 0.062381346909903872 0.6598687699830954 0.04920616316361312 -0.00019042403206727361
leaf_weight=10844 40385 1937340 1522 632788 230 139403 34052 6812155 5234 98032 144144 2432 1659 76807 216119 99253 7529 940489 51598 846313 146354 154232 95818 138534 37853 17162 361 8540 51702 46026 826 2143 678 460 804 1543 4935 150097 65127 4716 16456 13751 678 6834 2019 58355 9365 74228 486390 1070 485 10100 397 16475 7281 7107 15977 1840 5942 257 319 31162
leaf_count=10844 40385 1937340 1522 632788 230 139403 34052 6812155 5234 98032 144144 2432 1659 76807 216119 99253 7529 940489 51598 846313 146354 154232 95818 138534 37853 17162 361 8540 51702 46026 826 2143 678 460 804 1543 4935 150097 65127 4716 16456 13751 678 6834 2019 58355 9365 74228 486390 1070 485 10100 397 16475 7281 7107 15977 1840 5942 257 319 31162
internal_value=-0.00199024 -0.00214603 0.000242854 -0.00155784 0.00129992 -0.00112552 -0.00226378 -0.00227794 -0.0002934 -0.00210989 -0.000374026 -9.11782e-05 0.000872396 -0.000142382 -0.00137094 -0.00188008 -0.000472702 -0.00190958 0.00127326 -0.00168176 0.000876189 -0.000894776 -0.00034533 -0.0011127 0.00202757 0.0026672 0.00350918 0.00133239 4.32259e-05 0.000466386 0.00469879 0.0131791 0.0159578 0.0189118 0.0220504 -1.44617e-05 -0.00168777 -0.00129076 -0.000484607 0.00232715 0.00252466 -0.0015744 0.000185173 0.00256648 0.00779412 -0.000118559 0.0029216 -0.000873661 -0.00162703 0.00378838 0.0097508 0.00328651 0.0150806 0.0005479 0.0015939 0.00255894 0.00153317 0.00510188 0.00526212 0.00198366 0.00512661 -0.00133657
internal_weight=1.37927e+07 1.28932e+07 899519 2.1506e+06 302740 918417 1.07426e+07 1.06343e+07 596779 3.82217e+06 582180 438036 124244 183469 734948 1.23218e+06 313792 1.88483e+06 302510 944345 198209 293635 172625 140056 104301 66448 40746 25702 173736 122034 12440 4911 4085 3407 2947 109594 441313 225194 75097 9970 36485 599394 87759 9928 3094 77831 14599 108280 585643 20029 1555 18474 1075 76889 30863 23582 19476 3499 8374 51855 5035 32705
internal_count=13792727 12893208 899519 2150599 302740 918417 10742609 10634329 596779 3822174 582180 438036 124244 183469 734948 1232182 313792 1884834 302510 944345 198209 293635 172625 140056 104301 66448 40746 25702 173736 122034 12440 4911 4085 3407 2947 109594 441313 225194 75097 9970 36485 599394 87759 9928 3094 77831 14599 108280 585643 20029 1555 18474 1075 76889 30863 23582 19476 3499 8374 51855 5035 32705
cat_boundaries=0 3 6 10 14 16 19 22 25 28 31 34 36 39 43 47 50 53 56 59
cat_threshold=1159774853 35160067 144703490 230975489 2725544084 27263240 2823949648 539253508 73269800 1792 4029842644 528419 1309966499 1 32896 524290 92293120 35651588 25166080 2129925 33554433 144703488 69206017 33554435 142606336 83888128 2097152 8388608 2097216 0 134217728 69222913 34078720 142606336 0 32769 807403524 4129 134479872 2181660992 16843297 1179517122 128 2320836936 539238912 1348338176 1922 16512 524288 2 1073741956 3 2 268435456 4096 201621504 0 524288 262144
is_linear=0
shrinkage=0.05


end of trees

feature_importances:
station_code=519
fl_max24h=196
cal_hour_sin=146
cal_hour_cos=136
cal_doy_sin=101
fl_depth_now=88
rain_rf24hr_mean=74
cal_doy_cos=71
fl_mean1h=66
water_offline_share=60
fl_max3h=53
cal_monsoon=44
rain_rf1hr_delta1h=37
fl_hrs_since_5cm=26
rain_rf3hr_mean=10
flow_offline_share=10
water_rising_share=9
fl_depth_lag1h=6
flow_mean=6
rain_rf1hr_mean=5
fl_depth_lag3h=4
rain_rf1hr_max=4
flow_negative_share=2
water_rise1h_mean=1

parameters:
[boosting: gbdt]
[objective: quantile]
[metric: quantile]
[tree_learner: serial]
[device_type: cpu]
[data_sample_strategy: bagging]
[data: ]
[valid: ]
[num_iterations: 400]
[learning_rate: 0.05]
[num_leaves: 63]
[num_threads: 0]
[seed: 42]
[deterministic: 0]
[force_col_wise: 0]
[force_row_wise: 0]
[histogram_pool_size: -1]
[max_depth: -1]
[min_data_in_leaf: 200]
[min_sum_hessian_in_leaf: 0.001]
[bagging_fraction: 0.8]
[pos_bagging_fraction: 1]
[neg_bagging_fraction: 1]
[bagging_freq: 1]
[bagging_seed: 400]
[bagging_by_query: 0]
[feature_fraction: 0.9]
[feature_fraction_bynode: 1]
[feature_fraction_seed: 30056]
[extra_trees: 0]
[extra_seed: 12879]
[early_stopping_round: 0]
[early_stopping_min_delta: 0]
[first_metric_only: 0]
[max_delta_step: 0]
[lambda_l1: 0]
[lambda_l2: 0]
[linear_lambda: 0]
[min_gain_to_split: 0]
[drop_rate: 0.1]
[max_drop: 50]
[skip_drop: 0.5]
[xgboost_dart_mode: 0]
[uniform_drop: 0]
[drop_seed: 17869]
[top_rate: 0.2]
[other_rate: 0.1]
[min_data_per_group: 100]
[max_cat_threshold: 32]
[cat_l2: 10]
[cat_smooth: 10]
[max_cat_to_onehot: 4]
[top_k: 20]
[monotone_constraints: ]
[monotone_constraints_method: basic]
[monotone_penalty: 0]
[feature_contri: ]
[forcedsplits_filename: ]
[refit_decay_rate: 0.9]
[cegb_tradeoff: 1]
[cegb_penalty_split: 0]
[cegb_penalty_feature_lazy: ]
[cegb_penalty_feature_coupled: ]
[path_smooth: 0]
[interaction_constraints: ]
[verbosity: -1]
[saved_feature_importance_type: 0]
[use_quantized_grad: 0]
[num_grad_quant_bins: 4]
[quant_train_renew_leaf: 0]
[stochastic_rounding: 1]
[linear_tree: 0]
[max_bin: 255]
[max_bin_by_feature: ]
[min_data_in_bin: 3]
[bin_construct_sample_cnt: 200000]
[data_random_seed: 175]
[is_enable_sparse: 1]
[enable_bundle: 1]
[use_missing: 1]
[zero_as_missing: 0]
[feature_pre_filter: 1]
[pre_partition: 0]
[two_round: 0]
[header: 0]
[label_column: ]
[weight_column: ]
[group_column: ]
[ignore_column: ]
[categorical_feature: 23]
[forcedbins_filename: ]
[precise_float_parser: 0]
[parser_config_file: ]
[objective_seed: 16083]
[num_class: 1]
[is_unbalance: 0]
[scale_pos_weight: 1]
[sigmoid: 1]
[boost_from_average: 1]
[reg_sqrt: 0]
[alpha: 0.95]
[fair_c: 1]
[poisson_max_delta_step: 0.7]
[tweedie_variance_power: 1.5]
[lambdarank_truncation_level: 30]
[lambdarank_norm: 1]
[label_gain: ]
[lambdarank_position_bias_regularization: 0]
[eval_at: ]
[multi_error_top_k: 1]
[auc_mu_weights: ]
[num_machines: 1]
[local_listen_port: 12400]
[time_out: 120]
[machine_list_filename: ]
[machines: ]
[gpu_platform_id: -1]
[gpu_device_id: -1]
[gpu_use_dp: 0]
[num_gpu: 1]

end of parameters

pandas_categorical:[["FL.BBN.01", "FL.BBN.02", "FL.BKA.01", "FL.BKE.01", "FL.BKE.02", "FL.BKL.01", "FL.BKM.01", "FL.BKM.02", "FL.BKN.01", "FL.BKN.02", "FL.BKP.01", "FL.BKP.02", "FL.BNA.01", "FL.BNA.02", "FL.BNA.03", "FL.BNA.04", "FL.BRK.01", "FL.BRK.02", "FL.BSU.01", "FL.CTC.01", "FL.CTC.02", "FL.CTC.03", "FL.CTC.04", "FL.CTC.05", "FL.CTC.06", "FL.CTC.07", "FL.DDG.01", "FL.DDG.02", "FL.DDG.03", "FL.DDG.04", "FL.DDG.05", "FL.DDG.06", "FL.DDG.07", "FL.DDG.08", "FL.DST.01", "FL.DST.02", "FL.DST.03", "FL.DST.04", "FL.DST.05", "FL.DST.06", "FL.DST.07", "FL.HKG.01", "FL.JTG.01", "FL.KSN.01", "FL.KTY.01", "FL.KTY.02", "FL.KTY.03", "FL.KTY.04", "FL.KTY.05", "FL.LSI.01", "FL.LSI.02", "FL.LSI.03", "FL.LSI.04", "FL.LSI.05", "FL.LSI.06", "FL.PKN.01", "FL.PNK.02", "FL.PPS.01", "FL.PPS.02", "FL.PTW.01", "FL.PTW.02", "FL.PTW.03", "FL.PTW.04", "FL.PTW.05", "FL.PWT.01", "FL.PWT.02", "FL.PYT.01", "FL.PYT.02", "FL.PYT.03", "FL.PYT.04", "FL.PYT.05", "FL.PYT.06", "FL.PYT.07", "FL.RTW.01", "FL.RTW.02", "FL.RTW.03", "FL.RTW.04", "FL.RTW.05", "FL.RTW.06", "FL.RTW.07", "FL.RTW.08", "FL.RTW.09", "FL.RTW.10", "FL.SLG.01", "FL.SLG.02", "FL.SLG.03", "FL.SMI.01", "FL.SPW.01", "FL.SPW.02", "FL.STN.01", "FL.STN.02", "FL.STN.03", "FL.STN.04", "FL.WTL.01", "FL.WTL.02", "FL.WTL.03", "FL.WTL.04", "FL.WTN.01", "FL.WTN.02", "FL.BKT.01", "FL.DST.08", "FL.MBR.01", "FL.BKA.02", "FL.BNA.05", "FL.RTW.11", "FL.RTW.12", "FL.WTN.03"]]
