tree
version=v4
num_class=1
num_tree_per_iteration=1
label_index=0
max_feature_idx=49
objective=quantile
feature_names=station_code fl_depth_now fl_depth_lag1h fl_depth_lag3h fl_rise_15min fl_rise_1h fl_max3h fl_max24h fl_mean1h fl_std3h fl_hrs_since_5cm fl_hrs_since_15cm fl_missing_share3h rain_rf1hr_mean rain_rf1hr_max rain_rf3hr_mean rain_rf3hr_max rain_rf6hr_mean rain_rf24hr_mean rain_gauges_reporting rain_rf1hr_delta1h rain_rf1hr_delta3h rain_spread rain_antecedent_ratio water_rise1h_mean water_rise1h_max water_rise3h_mean water_rising_share water_offline_share flow_mean flow_velocity_mean flow_negative_share flow_offline_share rain_fcst_1h rain_fcst_3h rain_fcst_6h elev_m slope_deg depression_m elev_rank_local dist_water_km cal_hour_sin cal_hour_cos cal_doy_sin cal_doy_cos cal_monsoon tide_m2_sin tide_m2_cos tide_spring_neap rain_x_recent_flood
feature_infos=-1:104:105:103:90:97:96:95:93:7:98:100:102:91:94:21:101:99:19:87:35:34:77:48:46:71:31:52:17:32:74:27:92:73:54:43:66:4:29:15:47:8:51:23:28:64:65:20:42:12:45:58:0:14:72:56:24:26:69:79:16:76:1:81:85:61:63:80:9:11:10:33:40:78:36:84:60:82:57:5:30:83:22:39:86:62:49:50:75:25:68:70:37:2:41:55:67:38:6:53:59:13:44:106:88:89:18 [0:100.69999694824219] [0:96.599998474121094] [0:91.599998474121094] [-13.699999809265137:32.599998474121094] [-31.399999618530273:38.099998474121094] [0:115.30000305175781] [0:148.80000305175781] [0:99.150001525878906] [0:18.90211296081543] [0:72] [0:168] [0:0.97222220897674561] [0:90.166664123535156] [0:96] [0:137.16667175292969] [0:161.5] [0:137.16667175292969] [0:160.25] [0:5] [-80:85.333335876464844] [-90:90.166664123535156] [0:39.125] [0:0.98400002717971802] [-0.065301202237606049:0.40139442682266235] [0.019999999552965164:5.6399998664855957] [-0.14851999282836914:0.60747998952865601] [0:0.86641222238540649] [0:0.54509806632995605] [-7.6592593193054199:30.103570938110352] [-3.7049999237060547:16.125713348388672] [0:0.24137930572032928] [0:0.37931033968925476] [0:23.299999237060547] [0:47.799999237060547] [0:62.599998474121094] [0:20] [0.92900002002716064:18.073999404907227] [2:33] [0.012000000104308128:0.96299999952316284] [0:5.0580000877380371] [-1:1] [-1:1] [-0.99999940395355225:0.99998557567596436] [-0.99997919797897339:0.99999076128005981] [0:1] [-1:1] [-1:1] [-1:1] [0:3660.7666015625]
tree_sizes=5708 5652 5806 5585 5665 5932 5597 5971 5718 5694 5653 5709 5680 6043 5886 5959 5935 5711 5626 5744 5803 5801 5813 6109 6061 6021 5915 6119 5695 6117 5801 6046 6119 5831 5753 5802 5824 5748 5835 5763 5806 5846 5640 5890 5878 5845 5860 5844 5941 5856 5887 6027 5959 5582 5960 5666 5694 5951 5590 6098 6059 6063 5946 5937 5648

Tree=0
num_leaves=63
num_cat=24
split_feature=1 7 7 42 0 41 0 41 0 7 0 35 42 18 18 0 0 41 41 0 7 41 7 0 0 8 0 8 8 0 35 37 8 0 0 28 0 33 35 0 8 41 0 0 0 0 7 28 0 0 0 0 44 39 41 8 37 41 29 29 0 7
split_gain=39216.4 5741.78 1560.64 2264.85 1075.34 1069.6 763.147 395.54 331.321 201.211 190.456 169.592 165.18 163.937 163.218 127.949 121.691 193.137 108.195 90.8677 80.5858 78.6534 66.6483 65.4587 62.4748 55.6429 55.1385 47.6314 44.9328 50.1992 44.5614 44.3767 39.9505 38.5425 38.4396 37.8807 36.2838 35.3818 35.3055 34.3996 33.0474 31.8838 30.0492 28.3987 26.9274 26.867 26.7941 26.499 26.7067 26.3662 24.185 23.9992 20.9554 21.736 20.6596 20.3316 20.1437 31.407 28.1357 21.302 19.4882 19.2593
threshold=1.0000000180025095e-35 1.0000000180025095e-35 1.0500000119209292 0.09796465560793878 0 -0.097964655607938753 1 0.84874749183654796 2 0.15000000223517421 3 3.8500000238418584 0.16280825436115268 0.94999998807907116 11.449999809265138 4 5 -0.58216583728790272 -0.52778512239456166 6 0.15000000223517421 0.93540480732917797 0.15000000223517421 7 8 1.0000000180025095e-35 9 1.0000000180025095e-35 1.0000000180025095e-35 10 0.25000000745058065 2.8605000972747807 1.0000000180025095e-35 11 12 0.017647059634327892 13 0.55000001192092907 2.8500000238418584 14 1.0000000180025095e-35 0.98611506819725048 15 16 17 18 0.55000001192092907 0.0098039219155907648 19 20 21 22 0.77108684182167064 0.65450000762939464 0.72947329282760631 1.0000000180025095e-35 2.3514999151229863 0.68322628736495983 7.4136273860931405 1.0118874907493594 23 0.15000000223517421
decision_type=10 2 2 2 9 2 9 2 9 2 9 2 2 10 8 9 9 2 2 9 2 2 2 9 9 2 9 2 2 9 2 2 2 9 9 2 9 2 2 9 2 2 9 9 9 9 2 2 9 9 9 9 2 2 2 2 2 2 2 2 9 2
left_child=1 11 3 5 27 10 9 28 12 21 20 24 14 38 16 -13 17 -4 36 -20 52 37 34 -24 30 47 -15 31 54 -30 -1 61 51 -23 -9 43 55 45 41 -17 50 -11 -27 -16 -43 -7 -22 48 -14 -34 -18 -10 53 -3 -6 -12 57 -19 59 -58 -32 -5
right_child=-2 2 8 4 7 6 -8 22 32 13 18 15 25 26 35 39 40 56 19 -21 46 33 23 -25 -26 42 -28 -29 29 -31 60 -33 49 -35 -36 -37 -38 -39 -40 -41 -42 44 -44 -45 -46 -47 -48 -49 -50 -51 -52 -53 -54 -55 -56 -57 58 -59 -60 -61 -62 -63
leaf_value=0 0.044999998807907109 0.0050000000745058061 0 0.0050000000745058061 0 0.0050000000745058061 0 0.0050000000745058061 0 0.015000000596046448 0 0 0 0.010000000149011612 0.0050000000745058061 0 0.0050000000745058061 0.10499999523162842 0.0050000000745058061 0 0.0050000000745058061 0.0050000000745058061 0.010000000149011612 0.0050000000745058061 0 0.125 0.0050000000745058061 0.0050000000745058061 0.0050000000745058061 0 0 0.0050000000745058061 0.14375000298023224 0.0050000000745058061 0 0 0 0.0050000000745058061 0.015000000596046448 0 0.12000000476837158 0.0050000000745058061 0 0 0.010000000149011612 0.0050000000745058061 0 0 0 0 0 0 0 0 0 0.0050000000745058061 0.1975000023841858 0 0.30499999523162846 0.125 0 0.0050000000745058061
leaf_weight=407310 42587 1771 1349 617 28691 2539 3460 811 22760 6133 1468 31743 2044 1308 1889 91460 3348 427 1547 956 2163 1256 1801 1803 2376306 556 1000 358 208 1036 46696 2727 610 1109 1686 8120 5449 306 729 181825 826 331 656 3509 1159 3340 253 17293 2898 1849 5598 25598 594 666 2567 387 807 351 459 1055 90850 531
leaf_count=407310 42587 1771 1349 617 28691 2539 3460 811 22760 6133 1468 31743 2044 1308 1889 91460 3348 427 1547 956 2163 1256 1801 1803 2376306 556 1000 358 208 1036 46696 2727 610 1109 1686 8120 5449 306 729 181825 826 331 656 3509 1159 3340 253 17293 2898 1849 5598 25598 594 666 2567 387 807 351 459 1055 90850 531
internal_value=-0.0110466 -0.0116423 -0.00302073 0.00217187 -0.00570665 0.0110708 0.0179588 -0.00832977 -0.00713197 0.0218457 0.000834207 -0.0121307 -0.00428973 0.02644 -0.0016791 -0.0110088 0.00206048 0.00890534 -0.00332968 0.00563823 0.00832188 0.0161433 0.00334986 0.00769978 -0.0122478 -0.00737994 0.0146447 0.0181917 -0.0105247 -0.00120579 -0.0117602 0.0166226 -0.00999198 0.00838795 -0.00292851 -0.00561289 -0.00640745 0.0191087 0.0296995 -0.0113585 -0.00106318 0.0307048 0.00305281 -0.00236662 0.0241443 0.0199715 0.015149 -0.00794862 -0.00471975 -0.00377694 -0.0019478 -0.0103101 0.00290746 0.00495999 -0.0108956 -0.000341823 0.0157995 0.00883676 0.0181333 0.0154001 -0.0109823 0.0248693
internal_weight=3.45154e+06 3.40895e+06 182762 80760 42836 37924 22670 38603 102002 19210 15254 3.22619e+06 51185 10660 27738 305028 14220 4448 9807 2503 5447 8550 6101 3604 2.92116e+06 23447 2308 4233 32502 1244 544856 3875 50817 2365 2497 13518 7304 6185 8352 273285 9772 7623 1212 5398 1490 5879 2416 22235 4942 2459 8946 48358 3031 2437 31258 1855 3099 778 2321 1862 137546 1148
internal_count=3451539 3408952 182762 80760 42836 37924 22670 38603 102002 19210 15254 3226190 51185 10660 27738 305028 14220 4448 9807 2503 5447 8550 6101 3604 2921162 23447 2308 4233 32502 1244 544856 3875 50817 2365 2497 13518 7304 6185 8352 273285 9772 7623 1212 5398 1490 5879 2416 22235 4942 2459 8946 48358 3031 2437 31258 1855 3099 778 2321 1862 137546 1148
cat_boundaries=0 4 7 11 15 18 22 25 28 32 35 38 41 44 47 51 54 57 60 63 67 71 74 78 81
cat_threshold=16777216 8388608 0 4 134404 17565722 268437568 1864501504 1137246392 3490709856 1 2304 8388608 268435456 4 671286529 1098907650 268435520 2097152 589968 268435744 1 536871940 17303570 64 134404 17041416 2112 689112325 1099434010 1342177344 4 2052 526338 268437568 2080 0 8388672 134144 264200 268435456 134144 262280 8388608 553648160 0 8392768 1101533860 38281245 1858208772 1038 117573888 1082130472 64 16777472 25755776 268435520 0 524288 268435456 3072 2050 268435456 1612712192 37814288 268435712 1 4097 1 8921092 36 1627389952 62914560 2147483712 2148635685 268436486 142745620 6 134284544 17301504 268435520
is_linear=0
shrinkage=0.05


Tree=1
num_leaves=63
num_cat=14
split_feature=8 7 7 5 8 5 2 5 35 0 0 10 0 35 21 0 6 45 7 31 4 0 29 45 29 26 0 0 0 29 7 33 7 28 35 18 43 9 10 0 7 6 4 6 0 3 0 8 5 26 0 4 43 26 43 43 28 0 28 28 35 0
split_gain=36207.6 4796.05 1533.23 926.732 695.296 635.41 526.806 833.86 379.267 288.962 266.368 245.185 177.616 169.592 154.159 127.949 126.868 118.363 109.509 92.8257 84.4514 72.4508 70.931 94.2023 65.0779 63.9161 62.4748 60.6234 59.8063 77.4608 59.5098 57.8676 54.785 50.0736 44.5614 43.1068 40.9148 40.1372 38.2934 48.747 66.8618 36.345 35.9288 35.174 34.3996 31.5566 26.277 26.1821 85.6058 26.1633 25.4172 25.3386 25.296 24.943 31.5016 23.3348 42.7948 25.8589 22.7055 22.8108 19.9522 19.4882
threshold=1.0000000180025095e-35 1.0000000180025095e-35 1.0500000119209292 -1.0000000180025095e-35 0.095833335071802153 -1.0500000119209287 1.0000000180025095e-35 1.0000000180025095e-35 1.0000000180025095e-35 0 1 1.0000000180025095e-35 2 3.8500000238418584 1.1833333373069765 3 1.0000000180025095e-35 1.0000000180025095e-35 0.15000000223517421 0.05172413773834706 -1.0000000180025095e-35 4 8.1091256141662615 1.0000000180025095e-35 0.28982758522033697 -0.01334669394418597 5 6 7 2.3672206401824956 0.15000000223517421 0.35000000894069677 0.25000000745058065 0.051905291154980666 0.25000000745058065 0.35416667163372045 -0.47558552026748652 0.030080261640250686 12.541666507720949 8 5.6499998569488534 1.0000000180025095e-35 -1.0500000119209287 1.0000000180025095e-35 9 1.0000000180025095e-35 10 0.15416666865348819 -0.15000000223517415 0.031156392768025402 11 -1.0000000180025095e-35 0.94425827264785778 0.032321417704224593 0.87397152185440075 0.93237596750259411 0.058037718757987029 12 0.064705885946750655 0.021568628028035167 2.2500000000000004 13
decision_type=2 2 2 10 2 8 10 10 2 9 9 2 9 2 10 9 2 2 2 2 10 9 2 2 2 10 9 9 9 2 2 2 2 2 2 10 2 2 2 9 2 2 10 2 9 10 9 2 8 10 9 10 2 10 2 2 2 9 2 2 2 9
left_child=1 13 8 4 27 11 7 14 9 30 19 -6 17 26 21 -15 18 25 -11 60 42 -5 24 -24 58 -10 34 -2 -19 31 45 33 41 36 -1 38 -30 -32 -21 40 -40 53 -13 49 -17 52 -12 48 -7 -38 -22 -29 -3 55 -55 57 -57 -27 59 -20 -4 -36
right_child=3 2 10 6 5 47 -8 -9 12 16 46 20 -14 15 -16 44 -18 28 22 35 50 -23 23 -25 -26 32 -28 51 29 -31 37 -33 -34 -35 61 -37 43 -39 39 -41 -42 -43 -44 -45 -46 -47 -48 -49 -50 -51 -52 -53 -54 54 -56 56 -58 -59 -60 -61 -62 -63
leaf_value=0 0.0050000000745058061 0.0047500000707805159 0 0.010000000149011612 1.0127499619126321 0.0027500001341104509 0.027750001251697545 0.18774999767541886 0.0047500000707805159 0 0 0.13776562441140414 0 0 0 0 0 0.0047500000707805159 0.0092500001192092896 0 0.11509374931454658 0.0097500001452863229 0.0095000001415610318 0 0 0.0047500000707805159 0 0.0047500000707805159 0.0047500000707805159 0 0.0047500000707805159 0 0.014500000588595869 0 0 0 0.0095000001415610318 0 0.12887499868869781 0 0.42475000977516175 0 0.18774999767541886 0 0 0 0 0.097750000059604658 0.0077500002086162562 0 0 0 0.0047500000707805159 0.0047500000707805159 0.0042500000447034834 0.0050000000745058061 0 0.0047500000707805159 0.0042500000447034834 0.014250000566244127 0 0
leaf_weight=407310 379 2228 14989 2298 654 245 27675 7569 2143 16976 24329 732 2838 31743 1503 91460 5224 5021 1534 1179 786 1260 2141 1113 11625 747 2376306 815 1667 4881 1421 1161 2551 1296 46696 15784 2658 236 1434 6715 489 392 265 221 181825 226 25598 5424 946 205 1346 2606 376 649 847 1832 229 988 876 361 5666 90850
leaf_count=407310 379 2228 14989 2298 654 245 27675 7569 2143 16976 24329 732 2838 31743 1503 91460 5224 5021 1534 1179 786 1260 2141 1113 11625 747 2376306 815 1667 4881 1421 1161 2551 1296 46696 15784 2658 236 1434 6715 489 392 265 221 181825 226 25598 5424 946 205 1346 2606 376 649 847 1832 229 988 876 361 5666 90850
internal_value=-0.0110497 -0.0116983 -0.00353432 0.0293803 0.0183952 0.0250842 0.0332499 0.0247882 0.00184178 -0.00110545 -0.00770757 0.00873976 0.00615066 -0.0121307 0.00907676 -0.0110088 -0.00246049 0.00737872 -0.0013653 -0.00497017 0.00292026 0.0147485 0.00139235 0.00805931 -0.000114615 0.0115942 -0.0122478 9.21053e-05 0.00482613 0.00291243 0.0109101 0.00620838 0.0135959 0.00817141 -0.0117602 -0.00295936 0.0105478 0.0184596 -0.000357798 0.000795902 0.00779229 0.0108638 0.0149323 0.0139591 -0.0113585 0.00652827 -0.0102407 0.0344312 0.0277183 0.0154427 -0.002697 -0.00202929 0.00808372 0.011952 0.00648396 0.014107 0.0177038 0.00983429 0.00677102 0.00984828 -0.0074649 -0.0109823
internal_weight=3.45154e+06 3.39704e+06 170846 54503 14198 10398 40305 12630 74663 44337 96183 3783 30326 3.22619e+06 5061 305028 39850 27488 34626 46256 3129 3558 17650 3254 14396 10378 2.92116e+06 3800 17110 12089 4487 7208 8235 6047 544856 25601 4751 1657 9817 8638 1923 5684 997 3084 273285 2830 49927 6615 1191 2863 2132 3421 2604 5292 1496 3796 2061 1735 2771 1895 20655 137546
internal_count=3451539 3397036 170846 54503 14198 10398 40305 12630 74663 44337 96183 3783 30326 3226190 5061 305028 39850 27488 34626 46256 3129 3558 17650 3254 14396 10378 2921162 3800 17110 12089 4487 7208 8235 6047 544856 25601 4751 1657 9817 8638 1923 5684 997 3084 273285 2830 49927 6615 1191 2863 2132 3421 2604 5292 1496 3796 2061 1735 2771 1895 20655 137546
cat_boundaries=0 4 8 12 15 19 23 24 28 31 35 39 43 46 49
cat_threshold=0 8388608 0 4 1797390592 1137246384 3490709856 1 16911620 25692186 268437568 4 671286529 1098907650 268435520 119675940 1082720273 268972096 5 689112325 1099434010 1342177344 4 16779264 16777216 8388608 268437504 4 18874368 144 256 1101533860 38281245 1858208772 1038 2215746597 268436494 142745620 6 657592704 1086849193 2155872288 5 134400 8 64 134284544 17301504 268435520
is_linear=0
shrinkage=0.05


Tree=2
num_leaves=63
num_cat=13
split_feature=1 7 7 8 41 0 2 27 0 41 7 0 7 7 34 0 8 41 31 41 45 41 28 28 41 0 0 0 0 29 0 0 5 1 8 2 7 43 8 0 7 34 34 0 24 44 27 8 18 8 0 44 41 41 28 28 28 24 8 34 18 41
split_gain=32678.4 5658.97 1599.02 1255.34 1060.95 664.554 392.807 311.863 307.397 222.67 203.911 152.837 174.898 134.765 131.006 144.732 124.061 113.305 106.041 100.722 99.5797 97.8187 85.5406 86.189 78.7146 143.148 52.2697 51.1885 51.0676 50.1597 47.2659 46.8748 46.0132 152.347 190.968 62.2214 115.721 45.2818 44.4974 43.216 43.1346 42.9127 42.8754 42.2354 39.6123 46.4336 40.7399 39.5106 34.558 32.8746 31.583 37.4581 31.5503 30.9502 30.8894 29.7718 32.4375 30.4916 28.6685 28.5175 28.3503 27.8441
threshold=1.0000000180025095e-35 1.0000000180025095e-35 1.0500000119209292 0.095833335071802153 0.35206145048141485 0 1.0000000180025095e-35 0.04256099462509156 1 1.0000000180025095e-35 0.25000000745058065 2 0.15000000223517421 0.15000000223517421 0.35000000894069677 3 1.0000000180025095e-35 0.88144907355308544 0.05172413773834706 -0.77259656786918629 1.0000000180025095e-35 -0.47114434838294977 0.055752867832779891 0.021568628028035167 0.41248606145381933 4 5 6 7 2.1910530328750615 8 9 -1.0000000180025095e-35 0.15000000223517421 0.15416666865348819 1.0000000180025095e-35 0.25000000745058065 0.57077592611312877 1.0000000180025095e-35 10 0.15000000223517421 1.0000000180025095e-35 1.0000000180025095e-35 11 0.008380006533116104 0.13185577094554904 0.058037718757987029 1.0000000180025095e-35 0.85416665673255932 1.0000000180025095e-35 12 -0.22700609266757962 -0.81241145730018605 0.93540480732917797 0.064705885946750655 0.072549022734165206 0.017647059634327892 0.00096981355454772722 0.10416666790843011 4.2500000000000009 1.4499999880790713 -0.47114434838294977
decision_type=10 2 2 2 2 9 10 2 9 2 2 9 2 2 2 9 2 2 2 2 2 2 2 2 2 9 9 9 9 2 9 9 8 10 2 8 2 2 2 9 2 2 2 9 10 2 2 2 10 2 9 2 2 2 2 2 2 10 2 2 10 2
left_child=1 14 4 6 5 13 10 17 18 16 -2 12 31 38 39 -16 41 30 47 -18 44 -15 23 42 28 37 -21 -12 -20 55 -6 54 33 34 -5 36 -34 -26 -3 -1 -19 -7 -11 59 46 53 -14 -4 -44 -10 -27 -52 -36 -46 -9 56 57 -22 -30 -17 -25 -43
right_child=3 2 8 32 7 9 -8 11 49 22 27 -13 20 21 15 43 19 40 24 26 29 -23 -24 60 25 50 -28 -29 58 -31 -32 -33 35 -35 52 -37 -38 -39 -40 -41 -42 61 48 -45 45 -47 -48 -49 -50 -51 51 -53 -54 -55 -56 -57 -58 -59 -60 -61 -62 -63
leaf_value=0 -0.0016374996751546871 0.0045125000672414902 0 0.002612500127404928 0.0045125000672414902 0 0.0013625000715255737 0.0045125000672414902 0 0 0.018362501367926599 0 0.0092500001192092896 0.0047500000707805159 0 0 0 0.0045000000670552256 0 0.0047500000707805159 0.0091437501274049295 0.0045125000672414902 0 0.0092500001192092896 0 0 0.0042625000635161999 0.0033625007718801492 0 0.0045125000672414902 0 0.0047500000707805159 -0.0016374996751546871 0.18286249767243865 -0.0021374998688697827 0.026362501189112666 0.44836249063909056 0.22871562258899214 0.0045000000670552256 0 0.0085250000897794959 0 0.0050000000745058061 0 0.0042500000447034834 0.013775000559166074 0.013787500560283661 0.10374101917352528 0.0042625000635161999 0 0 0.12000000476837158 0.0028625002056360234 0.0090250001344829803 0 0.0045000000670552256 0.013775000559166074 0.0087750001121312381 0.094370314799249178 0 0.0045062500671483579 0
leaf_weight=457002 2522 5308 21930 926 283 19755 1142 3103 47899 3609 603 2342 1170 2010 49356 151300 2668 1217 7405 736 1383 1194 1350 609 418 4476 626 622 9526 2467 3942 6694 237 5507 489 26560 3585 1383 289 2126856 1429 4560 1024 406057 813 2424 2990 1115 787 2414 2470 2061 394 291 568 670 765 885 905 35619 239 2560
leaf_count=457002 2522 5308 21930 926 283 19755 1142 3103 47899 3609 603 2342 1170 2010 49356 151300 2668 1217 7405 736 1383 1194 1350 609 418 4476 626 622 9526 2467 3942 6694 237 5507 489 26560 3585 1383 289 2126856 1429 4560 1024 406057 813 2424 2990 1115 787 2414 2470 2061 394 291 568 670 765 885 905 35619 239 2560
internal_value=-0.011102 -0.0116458 -0.00308666 0.0324257 0.00216939 -0.00264771 0.00858816 0.00898732 -0.00724814 -0.00547939 0.000763944 0.0114432 0.0126197 0.00974208 -0.0121307 -0.0114916 -0.00736814 -0.000507568 -0.00453708 0.000812655 0.0162992 0.0179307 0.00217577 0.00463465 -0.00250663 0.000860474 0.0118759 0.0175 -0.00454698 0.0115681 -0.00558876 0.00771225 0.0355171 0.0319574 0.0193684 0.0363743 0.0304095 0.0136872 0.00507191 -0.0122895 0.00760582 -0.00859488 0.0023155 -0.0117086 0.0200963 0.016199 0.0234014 -0.00706281 0.00859332 -0.0100305 -0.00171759 0.00122495 0.00273216 0.00769928 0.00314113 0.0152478 0.0173549 0.0143519 -0.00679892 -0.0110785 0.0194575 -0.00526685
internal_weight=3.45154e+06 3.40895e+06 182762 42587 80760 47324 4889 33436 102002 38523 3747 26565 24223 8801 3.22619e+06 642332 30905 6871 51689 4030 13858 3204 7618 6268 28644 10808 1362 1225 17836 6170 4225 10365 37698 7316 1809 30382 3822 1801 5597 2.58386e+06 2646 26875 5420 592976 7688 3528 4160 23045 1811 50313 9007 4531 883 1104 3671 3703 3033 2268 10431 186919 848 7120
internal_count=3451539 3408952 182762 42587 80760 47324 4889 33436 102002 38523 3747 26565 24223 8801 3226190 642332 30905 6871 51689 4030 13858 3204 7618 6268 28644 10808 1362 1225 17836 6170 4225 10365 37698 7316 1809 30382 3822 1801 5597 2583858 2646 26875 5420 592976 7688 3528 4160 23045 1811 50313 9007 4531 883 1104 3671 3703 3033 2268 10431 186919 848 7120
cat_boundaries=0 4 8 11 14 18 21 24 27 31 34 38 42 45
cat_threshold=16777216 8388608 0 4 1864503552 1137246392 3490709856 1 16911620 17565722 268437568 671155456 25165826 268435520 2097152 128 288 1 536874272 17301504 268435520 0 17303576 2048 620756992 1099497472 2415919168 16777216 8388608 0 4 260 17301522 2048 152241412 1099696154 1342177344 4 1099043493 1112023101 1790968836 1286 537006336 1090584576 3489660928
is_linear=0
shrinkage=0.05


Tree=3
num_leaves=63
num_cat=20
split_feature=1 0 8 8 42 31 0 8 5 1 8 2 44 2 1 32 45 2 0 0 10 0 0 32 0 0 29 0 21 44 34 15 37 26 44 45 0 0 0 44 32 0 0 0 0 0 0 31 45 26 44 0 0 42 45 29 29 27 31 26 42 36
split_gain=30421.1 1613.26 1103.26 526.763 489.769 374.683 363.602 362.766 297.548 499.457 356.087 248.705 237.759 194.763 343.042 168.534 151.907 135.047 130.486 114.452 99.5833 92.7428 88.004 210.477 87.8107 85.6959 82.659 79.4946 75.2714 73.4125 71.4228 59.275 58.3202 55.8639 54.6724 86.9081 56.7888 53.6572 53.0946 50.1053 49.104 47.6234 46.5389 45.7731 41.3411 40.9261 40.4166 40.19 39.4588 37.6508 36.9266 33.9216 30.836 45.6302 77.6959 49.2607 32.8975 30.7226 29.1251 27.5736 27.2375 25.5785
threshold=1.0000000180025095e-35 0 0.087500002235174193 1.0000000180025095e-35 0.16280825436115268 0.086206898093223586 1 1.0000000180025095e-35 -1.0000000180025095e-35 0.35000000894069677 0.15416666865348819 1.0000000180025095e-35 0.4584775865077973 1.0000000180025095e-35 0.35000000894069677 1.0000000180025095e-35 1.0000000180025095e-35 1.0000000180025095e-35 2 3 71.458332061767592 4 5 1.0000000180025095e-35 6 7 7.9173707962036142 8 0.72499999403953563 0.18281312286853793 1.2500000000000002 4.6833331584930429 2.8605000972747807 -0.022147125564515587 0.47369650006294256 1.0000000180025095e-35 9 10 11 0.42763730883598333 1.0000000180025095e-35 12 13 14 15 16 17 0.05172413773834706 1.0000000180025095e-35 -0.0092015936970710737 -0.57782411575317372 18 19 0.41248606145381933 1.0000000180025095e-35 7.4136273860931405 0.68882307410240184 0.092860352247953429 0.12068965658545495 -0.020019684918224808 0.47114434838294988 10.500000000000002
decision_type=10 9 2 2 2 2 9 2 8 10 2 10 2 8 10 2 2 10 9 9 2 9 9 2 9 9 2 9 10 2 2 10 2 10 2 2 9 9 9 2 2 9 9 9 9 9 9 2 2 10 2 9 9 2 2 2 2 2 2 10 2 2
left_child=1 3 11 4 5 15 12 20 9 10 -4 19 16 14 -10 21 27 28 31 -2 24 -1 23 32 52 -12 29 33 -5 37 51 -9 -6 -7 35 36 -23 -17 40 42 -18 -37 48 -32 57 61 -28 -39 49 -8 -42 -22 53 54 55 56 -3 -14 -29 -38 -24 -19
right_child=2 7 8 17 22 6 39 18 13 -11 25 -13 44 -15 -16 26 38 45 -20 -21 30 34 60 -25 -26 -27 46 58 -30 -31 43 -33 -34 -35 -36 41 59 47 -40 -41 50 -43 -44 -45 -46 -47 -48 -49 -50 -51 -52 -53 -54 -55 -56 -57 -58 -59 -60 -61 -62 -63
leaf_value=0 0.012444375107437372 0.36245173733606939 0.0072318751918151979 0.0085000001080334196 0.0042868750638794155 0 0 0.1032453099116683 -0.0015556246913969521 0.22371938470974567 0.0087193751730024801 0.0012943750679492946 0 0.025044376129657032 0.45594438518062241 0 0.0050000000745058061 0.0045125000672414902 0 -0.0015556246913969521 0 0 0 0 0 -0.0012806242309510718 0 0 0 0 0 0 0 0.012835625508800151 0 0.0045125000672414902 0.0042868750638794155 0 0 0 0 0 0 0 0 0 0 0 0 0.0040375000610947606 0.0047500000707805159 0 0 0 0 0.3368704739429057 0 0.0045125000672414902 0.0050000000745058061 0.0085987501299940056 0 0.0045250000674277547
leaf_weight=7495 770 278 941 2192 888 470 1574 1177 844 4158 416 685 4012 27009 3276 39200 1295 2085 2899 2679 523565 373 45056 32631 79685 1809 4339 1710 624 65361 82499 495 2357 2926 2951 1741 259 39334 7160 21385 2257 2502 11617 221576 8764 2175 5712 20661 9594 3370 1664 1961361 21265 1609 996 318 593 2277 878 836 150642 269
leaf_count=7495 770 278 941 2192 888 470 1574 1177 844 4158 416 685 4012 27009 3276 39200 1295 2085 2899 2679 523565 373 45056 32631 79685 1809 4339 1710 624 65361 82499 495 2357 2926 2951 1741 259 39334 7160 21385 2257 2502 11617 221576 8764 2175 5712 20661 9594 3370 1664 1961361 21265 1609 996 318 593 2277 878 836 150642 269
internal_value=-0.0111215 -0.0116462 0.0308759 -0.00905392 -0.0092481 -0.00780817 -0.00495797 -0.0121028 0.0335146 0.024447 0.00948358 0.00633164 -0.000959294 0.035648 0.0255218 -0.00901769 0.00285948 0.00423928 0.00197167 0.000866193 -0.0121251 -0.00413211 -0.0109376 -0.00864822 -0.0106116 -0.00142135 -0.00946977 0.00940007 0.0128374 -0.00973863 -0.012182 0.0130499 0.00349384 0.0144157 -0.000602514 0.00225223 0.0127384 -0.00888137 -0.000303006 -0.00776656 0.00353042 -0.0013758 -0.00630042 -0.0114586 -0.00561765 -0.00110676 -0.0050679 -0.00793413 -0.00440439 -0.000778722 0.000749171 -0.0122705 -0.00801538 -0.00383149 0.000863844 0.00949327 0.00334386 -0.00251032 0.00275212 0.0183824 -0.0113563 0.00345812
internal_weight=3.45154e+06 3.40895e+06 42587 510636 503291 271717 80953 2.89832e+06 38453 7324 3166 4134 33413 31129 4120 190764 18360 7345 4571 3449 2.89374e+06 16157 231574 35876 104744 2225 174607 5984 2816 164556 2.789e+06 1672 3245 3396 8662 5711 1468 99195 12376 47540 5216 4243 26155 304075 15053 4529 10051 59995 14538 4944 3921 2.48493e+06 25059 3794 2185 1189 871 6289 2588 1095 195698 2354
internal_count=3451539 3408952 42587 510636 503291 271717 80953 2898316 38453 7324 3166 4134 33413 31129 4120 190764 18360 7345 4571 3449 2893745 16157 231574 35876 104744 2225 174607 5984 2816 164556 2789001 1672 3245 3396 8662 5711 1468 99195 12376 47540 5216 4243 26155 304075 15053 4529 10051 59995 14538 4944 3921 2484926 25059 3794 2185 1189 871 6289 2588 1095 195698 2354
cat_boundaries=0 4 7 11 13 15 19 23 26 28 31 35 38 41 43 47 50 54 58 62 65
cat_threshold=151127300 25692186 268435520 4 0 25690130 268435520 639637536 1073741825 8925216 1 0 17301520 151127044 24 16777216 8388608 0 4 536936481 1073741985 3222274304 1 16779552 0 8392768 0 17301522 0 8388608 268435456 16908288 26 0 4 0 524290 268435456 0 524290 268435520 1284 2056 1621170849 1111490596 1790967812 1282 0 524304 268435456 16909568 8388608 268435520 4 151127040 16777218 0 4 1611728929 1111818272 1073744132 1026 0 160 256
is_linear=0
shrinkage=0.05


Tree=4
num_leaves=63
num_cat=19
split_feature=1 8 0 28 42 43 0 0 0 0 28 28 45 43 0 35 28 42 0 0 43 0 0 42 0 8 4 26 43 0 43 0 45 0 32 43 28 0 0 10 40 10 0 9 28 42 9 19 35 26 42 35 43 43 43 35 42 0 36 6 1 0
split_gain=20557.8 3119.97 1418.04 521.587 483.552 597.644 711.676 208.962 180.979 163.735 184.03 145.427 139.742 127.268 154.182 125.518 95.4532 128.346 191.296 87.1773 85.5011 87.1947 78.3635 75.2589 140.624 74.6533 150.756 70.9003 69.9993 63.4095 53.1021 69.0698 50.9981 49.4851 49.1657 64.073 49.1588 85.5343 47.8299 68.7173 48.9526 87.7966 47.494 46.8894 46.6177 45.385 44.4447 43.4227 43.3895 43.0852 41.8443 41.0639 39.5329 38.7441 37.3095 35.2241 34.2053 33.3263 32.8436 31.5906 59.4743 43.6673
threshold=0.15000000223517421 1.0000000180025095e-35 0 0.044210137799382217 0.09796465560793878 0.62587949633598339 1 2 3 4 0.013725490774959328 0.013725490774959328 1.0000000180025095e-35 0.91248813271522533 5 2.2500000000000004 0.058037718757987029 0.35206145048141485 6 7 0.92273071408271801 8 9 -0.68322628736495961 10 0.59583333134651195 -1.0000000180025095e-35 -0.02764701563864946 0.92273071408271801 11 -0.048361575230956071 12 1.0000000180025095e-35 13 0.05172413773834706 0.10837544873356821 0.013725490774959328 14 15 23.375000000000004 2.3645000457763676 13.875000000000002 16 0.0082167778164150568 0.0098039219155907648 -0.47114434838294977 0.030080261640250686 2.5000000000000004 1.2500000000000002 -0.029562622308731076 0.72947329282760631 1.0000000180025095e-35 0.72695311903953563 0.07411635667085649 -0.86114627122879017 1.0000000180025095e-35 -0.16280825436115262 17 10.500000000000002 0.45000000298023229 0.45000000298023229 18
decision_type=10 2 9 2 2 2 9 9 9 9 2 2 2 2 9 2 2 2 9 9 2 9 9 2 9 2 8 10 2 9 2 9 2 9 2 2 2 9 9 2 2 2 9 2 2 2 2 2 2 10 2 2 2 2 2 2 2 9 2 2 10 9
left_child=1 2 3 4 5 9 13 23 11 10 12 28 44 45 27 38 48 18 -18 -17 34 -22 51 42 -25 26 29 -15 58 -2 32 -32 -11 43 -20 -36 37 54 39 40 -4 -42 -3 -9 -1 -7 -28 -14 -5 -16 -26 -8 -43 -13 -34 -10 -29 -50 -6 -48 61 -61
right_child=25 7 15 16 8 6 22 33 55 30 -12 53 47 14 49 19 17 -19 20 -21 21 -23 -24 24 50 -27 46 56 -30 -31 31 -33 36 -35 35 -37 -38 -39 -40 -41 41 52 -44 -45 -46 -47 59 -49 57 -51 -52 -53 -54 -55 -56 -57 -58 -59 -60 60 -62 -63
leaf_value=0 0.0037921562800928947 0.0035875000543892383 0 0 0.0040606563105084932 0.0050000000745058061 0 -0.0012078437944129114 0 0 0 0 0.0047743750711437315 0.0045125000672414902 0 0 0 0 0 0 0.0088243751240428547 0 0 0 0.0037921562800928947 0.24379215613108129 0.013792156429104509 0.013395719288568945 0.0042868750638794155 0.018792156131081286 0 0 0.0040339063101098877 0 0 0.0043237500662915412 0 0 0 0 0 0 0.0075221566400304439 0.0018702813577186313 0.0042750000637024636 0 0.013792156429104509 0.0047500000707805159 0 0.0050000000745058061 0.0037921562800928947 0.0035987500554881995 0.37432912185903638 0 0.0085678126281127347 0 0.0042957187981344756 0 0 0.0087921567271277319 0.048147151616476473 0.018792156131081286
leaf_weight=2873 614 1617 4634 152797 4715 4693 6062 2035 70695 21655 10838 7018 1452 366 547 58995 8998 26806 4781 357324 547 397 9858 4945 3761 11652 3565 2147 547 498 5155 18064 1050 2310 2134 3035 29006 18592 2156597 314519 1035 218 4375 7346 1543 2342 6993 2933 11272 2116 1911 4390 423 3345 305 35193 366 22046 2612 455 1963 463
leaf_count=2873 614 1617 4634 152797 4715 4693 6062 2035 70695 21655 10838 7018 1452 366 547 58995 8998 26806 4781 357324 547 397 9858 4945 3761 11652 3565 2147 547 498 5155 18064 1050 2310 2134 3035 29006 18592 2156597 314519 1035 218 4375 7346 1543 2342 6993 2933 11272 2116 1911 4390 423 3345 305 35193 366 22046 2612 455 1963 463
internal_value=-0.0112237 -0.0115612 -0.0116989 -0.00924842 -0.00775525 -0.0058083 0.00012657 0.00497173 -0.0100509 -0.00752847 -0.00337104 -0.00543994 0.00199835 0.0094691 0.0151435 -0.0121251 -0.0109835 -0.00896238 -0.00591947 -0.0113218 -0.00145589 0.0129237 -0.00566068 0.00857377 0.00605044 0.0328956 0.0305074 0.0231438 -0.000320676 0.0128147 -0.00839741 -0.00632402 -0.00908042 -0.000152765 -0.00282161 0.000558619 -0.00818668 -0.00627601 -0.0122601 -0.0116833 -0.00651743 0.000805489 0.0130591 0.00146284 -0.00427989 0.00501244 0.0319713 0.00832098 -0.0114907 0.00638328 0.0114132 -0.00263812 0.0153471 -0.00933489 0.00583333 -0.0108435 0.0262187 -0.00985578 -0.00160878 0.0302436 0.0258374 0.0153322
internal_weight=3.45154e+06 3.42534e+06 3.39704e+06 503291 270478 146353 32887 28300 124125 113466 19639 18237 8801 12577 5542 2.89374e+06 232813 46698 19892 416319 10894 944 20310 16609 10617 26203 14551 2879 7874 1112 93827 23219 70608 11691 9950 5169 48953 19947 2.47743e+06 320829 6310 1676 5992 9381 4416 7035 13439 4385 186115 2663 5672 10452 641 10363 1355 105888 2513 33318 7327 9874 2881 918
internal_count=3451539 3425336 3397036 503291 270478 146353 32887 28300 124125 113466 19639 18237 8801 12577 5542 2893745 232813 46698 19892 416319 10894 944 20310 16609 10617 26203 14551 2879 7874 1112 93827 23219 70608 11691 9950 5169 48953 19947 2477426 320829 6310 1676 5992 9381 4416 7035 13439 4385 186115 2663 5672 10452 641 10363 1355 105888 2513 33318 7327 9874 2881 918
cat_boundaries=0 4 7 11 15 18 20 24 28 30 32 36 39 42 46 48 51 54 57 60
cat_threshold=151127300 25692186 268435520 4 256 17301522 268435520 119544100 1099431957 277354592 1 16777216 8388608 0 4 0 8912896 268435456 0 17301522 150994948 8388618 0 4 1619066881 1073741860 1086324740 1024 256 17303568 1028 8390664 2097412 17301520 268435552 1 256 17303578 268437504 256 16 64 1610777729 37816490 2282758148 100 0 2 537987072 1074069664 1073742080 50331680 8388613 8392704 134350080 8388608 64 0 16777240 268437504
is_linear=0
shrinkage=0.05


Tree=5
num_leaves=63
num_cat=20
split_feature=1 7 7 42 0 41 0 41 0 7 0 8 18 7 41 0 42 18 41 0 1 34 0 1 7 1 7 2 2 37 41 0 0 41 2 1 8 6 0 0 2 1 0 0 28 8 0 0 37 41 0 0 42 0 9 7 2 0 33 0 34 43
split_gain=20265.5 6999.87 1855.81 1853.53 1078.63 906.828 1048.71 536.146 322.007 249.093 188.999 150.893 150.835 137.331 132.41 179.077 131.432 160.578 133.21 156.711 129.563 129.561 148.364 117.281 124.645 96.6644 90.6667 89.3598 79.7638 77.9348 74.7277 68.1197 67.7005 86.6825 62.8784 59.0477 49.2216 46.8042 45.7256 45.163 44.0916 115.486 43.9845 43.9324 42.3889 39.0171 38.6142 38.4694 38.1963 38.0952 47.9263 42.037 37.0765 36.9975 36.3033 44.0229 36.0176 34.8644 34.5094 32.5933 32.4745 31.0468
threshold=0.15000000223517421 1.0000000180025095e-35 1.0500000119209292 0.032701563090086018 0 -0.16280825436115262 1 0.84874749183654796 2 0.15000000223517421 3 1.0000000180025095e-35 0.94999998807907116 0.15000000223517421 -0.93540480732917775 4 0.41248606145381933 0.35416667163372045 -0.41248606145381922 5 1.0000000180025095e-35 0.25000000745058065 6 1.0000000180025095e-35 0.15000000223517421 1.0000000180025095e-35 0.15000000223517421 0.15000000223517421 1.0000000180025095e-35 2.8605000972747807 0.88144907355308544 7 8 -0.77259656786918629 0.15000000223517421 0.65000000596046459 1.0000000180025095e-35 4.2500000000000009 9 10 1.0000000180025095e-35 1.3499999642372134 11 12 0.017647059634327892 1.0000000180025095e-35 13 14 2.8605000972747807 -0.58216583728790272 15 16 -0.16280825436115262 17 0.0082167778164150568 0.25000000745058065 1.0000000180025095e-35 18 0.25000000745058065 19 0.55000001192092907 -0.013976118760183452
decision_type=10 2 2 2 9 2 9 2 9 2 9 2 10 2 2 9 2 8 2 9 10 2 9 10 2 10 2 10 10 2 2 9 9 2 10 10 2 2 9 9 8 10 9 9 2 2 9 9 2 2 9 9 2 9 2 2 10 9 2 9 2 2
left_child=1 21 3 5 23 10 9 20 11 25 13 16 54 49 15 35 17 18 53 38 -6 47 -23 36 -25 30 39 42 -26 -30 58 -28 -15 -34 -12 52 48 43 -20 -9 41 -16 -8 -13 -19 -10 61 -1 -5 51 -51 -3 -2 -4 60 56 -56 -24 -7 -32 -11 -14
right_child=14 2 8 4 7 6 27 26 45 12 34 37 46 32 40 -17 -18 44 19 -21 -22 22 57 24 28 -27 31 -29 29 -31 59 -33 33 -35 -36 -37 -38 -39 -40 -41 -42 -43 -44 -45 -46 -47 -48 -49 -50 50 -52 -53 -54 -55 55 -57 -58 -59 -60 -61 -62 -63
leaf_value=0 0.011602549516620115 0.0042868750638794155 0.10000000000000001 0.0042750000637024636 0 0.0045125000672414902 0.0045125000672414902 0.0045125000672414902 0 0.013324063053610736 0 0.097898129067147163 -0.00046312500690110035 0.0042750000637024636 0.010739797611931334 0.16095754380992242 0 0 0.2802769547757134 0 0.0018702813577186313 0 0 -0.0011474516046922657 -0.0016674512708317491 -0.0013013578622988423 0.0083362501065246761 0.0021040314339846366 0.0036025484660882501 0.0036025484660882501 -0.00025000000372529032 0.0035987500368617475 0.0010400485005471847 0.004666048503970727 0.0017767672898326996 0.17160254594034144 0.0038591422463264318 -0.00047562500708736485 0.125 -0.00021618750331457706 0.056602548324527227 0.42095755811503716 -0.00021312500317581 0.006050653686164525 0 0 0.0088459845067933203 0 0.0042868750638794155 -0.00022562500336207453 0.0042868750638794155 0 -0.0014062008334081611 0 0.0031460491582062087 0.016065494029154418 0.0048525485219676045 0 0.004050000061281026 0.004296312563926913 0.012193844233360143 0.0085862501102499673
leaf_weight=442751 412 797 649 1173 32982 4909 1105 764 47033 6912 5333 1113 466 1707 682 2349 18843 9251 917 2308 1084 74584 207744 1864 282 768 2126 349 720 928 569 2127 2541 2307 317 224 370 1239 2050 2052 19524 2477 4886 1880 13204 2435 1526 2056405 2812 768 1515 4112 602 2201 452 958 329 443893 510 1985 805 434
leaf_count=442751 412 797 649 1173 32982 4909 1105 764 47033 6912 5333 1113 466 1707 682 2349 18843 9251 917 2308 1084 74584 207744 1864 282 768 2126 349 720 928 569 2127 2541 2307 317 224 370 1239 2050 2052 19524 2477 4886 1880 13204 2435 1526 2056405 2812 768 1515 4112 602 2201 452 958 329 443893 510 1985 805 434
internal_value=-0.0112328 -0.0115685 -0.00246186 0.00255479 -0.00419609 0.00973145 0.0156627 -0.00748785 -0.00711468 0.0211245 0.0014867 -0.0044291 0.0258479 0.00464945 0.0325152 0.0235887 -0.00520583 -0.00318182 0.00284154 0.00754739 -0.01009 -0.0121297 -0.0115418 0.0124142 0.0060029 0.014728 0.00504138 -0.00213386 0.0149093 0.0191141 0.0163599 0.00964907 0.00988749 0.0068238 -0.00620583 0.00795272 0.0180281 0.00463138 0.0151201 -0.00191761 0.0339268 0.0284465 -0.00356994 0.00801453 -0.00536128 -0.0100247 0.0147259 -0.0123005 0.0164084 -0.000118187 0.00521792 -0.00259982 0.00288462 -0.00586842 0.0287014 0.0221751 0.0133643 -0.0117842 0.0196831 0.00930893 0.030172 0.00626374
internal_weight=3.45041e+06 3.42414e+06 198767 95644 49284 46360 26963 41135 103123 20623 19397 53655 11882 13747 26270 3587 49423 30580 8125 5275 34066 3.22538e+06 726221 8149 3794 8741 7069 6340 1930 1648 7973 4253 6555 4848 5650 1238 4355 4232 2967 2816 22683 3159 5991 2993 22455 49468 2426 2.49916e+06 3985 7192 2283 4909 1014 2850 9456 1739 781 651637 5419 2554 7717 900
internal_count=3450414 3424144 198767 95644 49284 46360 26963 41135 103123 20623 19397 53655 11882 13747 26270 3587 49423 30580 8125 5275 34066 3225377 726221 8149 3794 8741 7069 6340 1930 1648 7973 4253 6555 4848 5650 1238 4355 4232 2967 2816 22683 3159 5991 2993 22455 49468 2426 2499156 3985 7192 2283 4909 1014 2850 9456 1739 781 651637 5419 2554 7717 900
cat_boundaries=0 4 7 11 15 18 22 25 28 32 35 38 42 46 48 52 56 60 63 67 69
cat_threshold=16777216 8388608 0 4 134404 17303578 268437568 1864501508 1137246392 3490709856 5 16779524 25690114 276824128 4 0 17563697 268437504 1092616192 55115952 288 1 671286529 25690114 268435520 134404 16779272 2112 0 8388608 0 4 2097152 128 256 132096 262280 8388608 536870912 262272 8388608 2 656541696 1082130440 32 1 1280 16777240 152241412 1099696154 1342177344 4 16777216 8388608 0 4 0 0 0 4 131072 1086390272 268435456 1098912420 1111760957 1807746052 1294 4 17301504
is_linear=0
shrinkage=0.05


Tree=6
num_leaves=63
num_cat=0
split_feature=1 7 7 42 41 6 5 1 41 8 7 7 8 37 18 7 18 42 34 2 1 41 16 5 41 37 18 7 7 8 37 41 40 34 1 41 8 41 1 41 39 36 28 37 37 7 40 40 40 7 41 43 34 28 40 28 8 43 39 41 39 9
split_gain=19298 7220.88 2018.32 1917.71 1024.36 474.817 414.947 847.202 410.536 382.112 227.432 195.01 187.155 183.814 172.075 160.783 146.576 143.432 129.561 103.156 146.527 86.1723 75.0327 73.7261 93.8625 78.1086 70.6787 54.9966 54.1701 53.9108 72.3563 49.9419 48.5222 47.5522 45.3636 43.869 43.061 42.2281 92.0981 41.8553 36.7179 92.252 85.3277 59.8318 243.986 41.5368 36.6217 84.775 62.3731 41.5107 39.2087 33.4129 33.1484 32.5305 32.2883 31.757 31.5292 30.107 40.7639 28.878 27.9062 27.1756
threshold=0.15000000223517421 1.0000000180025095e-35 1.0500000119209292 0.032701563090086018 -0.16280825436115262 1.0000000180025095e-35 -1.0000000180025095e-35 0.84999999403953563 0.84874749183654796 1.0000000180025095e-35 0.15000000223517421 0.15000000223517421 1.0000000180025095e-35 6.7225000858306894 0.94999998807907116 0.15000000223517421 11.775000095367433 0.41248606145381933 0.25000000745058065 1.0000000180025095e-35 1.9499999880790713 -0.63405361771583546 4.2500000000000009 1.0000000180025095e-35 -0.88144907355308522 2.3514999151229863 0.11250000074505807 0.25000000745058065 0.25000000745058065 0.087500002235174193 2.8605000972747807 -0.95642796158790577 1.7624999880790713 4.5499999523162851 1.0000000180025095e-35 -0.52778512239456166 0.10416666790843011 -0.93540480732917775 0.25000000745058065 -0.68322628736495961 0.65450000762939464 9.5000000000000018 0.013725490774959328 2.7055000066757207 3.9864999055862431 0.25000000745058065 2.6054999828338627 2.3645000457763676 1.0000000180025095e-35 6.3500001430511483 0.35206145048141485 0.80417552590370189 1.8499999642372134 0.0098039219155907648 2.2289999723434453 0.013725490774959328 0.10416666790843011 0.49812944233417517 0.13900000229477885 0.88144907355308544 0.63500002026557933 0.0082167778164150568
decision_type=10 2 2 2 2 2 8 10 2 2 2 2 2 2 10 2 10 2 2 8 10 2 10 10 2 2 8 2 2 2 2 2 2 2 10 2 2 2 10 2 2 2 2 2 2 2 2 2 2 2 2 2 2 2 2 2 2 2 2 2 2 2
left_child=1 18 3 4 15 10 7 39 9 13 32 61 16 40 51 35 17 21 -1 20 -8 -4 -14 24 -11 34 46 -10 -13 30 -27 60 59 -20 -26 -3 -31 38 -21 -2 43 42 45 -5 -45 -42 47 48 49 -23 -49 -12 -53 -18 -16 -30 -33 -29 -59 -6 -17 -7
right_child=6 2 12 8 5 11 19 -9 27 23 14 28 22 -15 54 31 53 -19 33 37 -22 26 -24 -25 25 29 -28 57 55 36 -32 56 -34 -35 -36 -37 -38 -39 -40 -41 41 -43 -44 44 -46 -47 -48 50 -50 -51 -52 52 -54 -55 -56 -57 -58 58 -60 -61 -62 -63
leaf_value=0 -0.0042363282496345215 0 0 0 0.0042868750638794155 -0.001136795354533475 0.019909673056727917 0.26751366117799158 0.0031819375501619656 0 0.012420047378527234 0.0031734210219929934 0.063521837669215819 0.0042981563140475189 0.0079259016459155823 0 0 0 0 0.0012885463489915241 0.4849096706725422 0.10243921398296951 0 -0.001834078729641904 0.0034466705543657536 0 0 0.0041313125633308662 0.0076127741936684885 6.0147738151244969e-06 0.0035385288777260112 0.0040291976383176635 0.0042868750638794155 0 0.0035090343982023182 0.0032017046948974019 0.0035090343982023182 0.028772420908300858 0.058554673518216888 0.0037636701186883172 0.0038582172449919162 0 0 0.0038694984951600205 0 0 0 0 0 0 0.24101309297023157 0.012489953648090597 0.0078268703870149336 0 0.0078939508811850106 0.012882784493813399 0.0031827460228928367 -0.00053618750668596481 0.0083825626080529774 0.0040856250608805565 0.0040612500605173409 -4.0701556260697852e-05
leaf_weight=2499156 1371 7674 7931 19975 4074 848 1086 3268 5614 1563 3850 2062 3611 1303 1999 1588 11741 15576 613838 427 2652 3394 3056 600 216 258 8650 930 886 1667 392 5561 2962 112383 867 2926 217 15550 1016 900 954 4148 1946 1487 4870 578 1021 281 1104 741 1045 3830 227 44972 464 1051 879 271 1428 1926 769 2784
leaf_count=2499156 1371 7674 7931 19975 4074 848 1086 3268 5614 1563 3850 2062 3611 1303 1999 1588 11741 15576 613838 427 2652 3394 3056 600 216 258 8650 930 886 1667 392 5561 2962 112383 867 2926 217 15550 1016 900 954 4148 1946 1487 4870 578 1021 281 1104 741 1045 3830 227 44972 464 1051 879 271 1428 1926 769 2784
internal_value=-0.0112322 -0.0115597 -0.00231043 0.00292125 0.0102211 0.016525 0.0314589 0.0193018 -0.0039455 -0.00599066 0.0206937 0.00596416 -0.00716268 -0.00794397 0.0257353 0.00145834 -0.00772269 -0.00539435 -0.0121297 0.0347071 0.027187 -0.00298289 0.000939328 0.00592561 0.00784749 0.0122719 -0.000896157 0.00623711 0.0135815 0.00746843 0.0198846 0.00645533 0.01486 -0.0115418 0.0235111 -0.00268868 0.00318471 0.0363613 0.0281791 -0.00415566 -0.00865113 -0.00559599 0.000409718 -0.00953593 -0.00531107 0.00923629 0.00262655 0.00399657 0.0011381 0.00395707 0.0152903 0.02933 0.0324963 -0.00935434 0.0141951 0.0195857 0.00873447 0.0122052 0.0161639 0.012275 0.000228044 -0.00242291
internal_weight=3.45041e+06 3.42414e+06 198767 95644 46360 26963 26270 5539 49284 41041 19332 7631 103123 35261 10370 19397 96456 39743 3.22538e+06 20731 3738 24167 6667 5780 5180 3617 16236 8243 3999 2534 650 8797 8962 726221 1083 10600 1884 16993 1443 2271 33958 7626 3478 26332 6357 1532 7586 6565 5239 4135 1326 7907 4057 56713 2463 1937 6440 2629 1699 6000 2357 3632
internal_count=3450414 3424144 198767 95644 46360 26963 26270 5539 49284 41041 19332 7631 103123 35261 10370 19397 96456 39743 3225377 20731 3738 24167 6667 5780 5180 3617 16236 8243 3999 2534 650 8797 8962 726221 1083 10600 1884 16993 1443 2271 33958 7626 3478 26332 6357 1532 7586 6565 5239 4135 1326 7907 4057 56713 2463 1937 6440 2629 1699 6000 2357 3632
is_linear=0
shrinkage=0.05


Tree=7
num_leaves=63
num_cat=19
split_feature=1 7 7 42 0 41 0 41 0 7 5 1 0 35 5 0 18 42 18 37 8 5 1 41 0 5 7 0 41 7 7 2 1 0 8 6 41 41 0 41 0 8 31 0 0 33 43 43 5 0 0 7 41 0 0 0 0 9 8 5 0 35
split_gain=14119.1 7575.16 2010.11 1747.92 1182.83 965.387 1188.1 545.448 312.447 248.867 217.803 554.716 184.688 166.187 149.287 147.771 137.249 134.517 152.551 133.944 143.528 122.836 115.083 114.302 158.353 99.0432 93.8446 106.358 110.421 93.7525 82.0851 81.7598 106.401 68.1459 66.2536 66.179 65.3168 53.5079 49.9093 48.0771 45.163 40.4053 40.2722 38.3908 36.8835 36.1289 34.7864 34.239 33.76 38.9775 33.5639 32.9184 32.8717 42.3434 38.3717 32.5933 32.3436 31.023 30.9565 66.8242 30.9355 29.0183
threshold=0.25000000745058065 1.0000000180025095e-35 1.0500000119209292 0.032701563090086018 0 -0.22695468366146085 1 0.84874749183654796 2 0.15000000223517421 -1.0000000180025095e-35 1.1500000357627871 3 2.0499999523162846 1.0000000180025095e-35 4 0.94999998807907116 0.16280825436115268 1.5500000119209292 2.8605000972747807 0.095833335071802153 1.0000000180025095e-35 1.0000000180025095e-35 -0.63405361771583546 5 1.0000000180025095e-35 0.15000000223517421 6 -0.77259656786918629 0.15000000223517421 0.25000000745058065 1.0000000180025095e-35 2.1499999761581425 7 1.0000000180025095e-35 1.0000000180025095e-35 0.88144907355308544 -0.68322628736495961 8 0.77259656786918651 9 1.0000000180025095e-35 0.05172413773834706 10 11 0.25000000745058065 -0.32614396512508387 -0.013976118760183452 -1.0000000180025095e-35 12 13 0.15000000223517421 -0.58216583728790272 14 15 16 17 0.019669849425554279 0.15416666865348819 -1.0000000180025095e-35 18 1.0000000180025095e-35
decision_type=10 2 2 2 9 2 9 2 9 2 8 10 9 2 10 9 10 2 8 2 2 10 10 2 9 10 2 9 2 2 2 8 10 9 2 2 2 2 9 2 9 2 2 9 9 2 2 2 10 9 9 2 2 9 9 9 9 2 2 10 9 2
left_child=1 13 3 5 14 12 9 22 17 21 11 37 26 38 19 -15 25 18 23 39 35 36 -6 60 -25 46 52 -28 -29 40 -27 32 -12 -31 -19 -21 45 -2 61 -5 -9 -10 -20 -17 47 56 -11 -18 -8 -50 -44 -22 53 -3 -54 -38 -7 -51 59 -24 -4 -1
right_child=10 2 8 4 7 6 48 29 41 16 31 -13 -14 15 -16 43 44 34 42 20 51 -23 58 24 -26 30 27 28 -30 33 -32 -33 -34 -35 -36 -37 55 -39 -40 -41 -42 -43 50 -45 -46 -47 -48 -49 49 57 -52 -53 54 -55 -56 -57 -58 -59 -60 -61 -62 -63
leaf_value=0 -0.0013740744016077695 0.0040725313106854451 0.093821061781208026 0.0038338004440311019 0 0.0040600313104991797 0.0015128946670338178 0.0041277781863713172 0 0.0072740445696440883 0.039085655735818167 0.28338798002644067 0 0 -0.001166200003003734 0 -0.00062313883567601447 0 0 0.0038689047451511724 -0.0010903797631484087 -0.0017868483179006495 0.0017767672898326996 0.15885773398330952 0 0.002130075659254535 0.0038597901786014579 -5.2002425027359236e-05 0.0038338004440311019 0.0077598719736484342 0.013833799847984656 0.067333797478700039 0.49066420621240137 0.0032090203521626531 0.005915812798475791 0.0033794320002179128 -0.00044178125658305366 0.0073254872088003523 0 0.0037109953676607689 -0.00036447500565694649 0 0.004274375063693151 0 0.0080077533623049962 0.0036331563050230036 0.012020549699475466 0.0077606425224416888 0.0040725313106854451 -0.00045043367892927497 0 0.0034221203040930809 -0.00037442898793884092 0 0.003912446075940575 0.0038772156826865391 0.0040844063108623962 -0.00014801480094085918 -0.001166200003003734 0.00077108271275113738 0 0
leaf_weight=347083 985 797 765 2355 32982 1082 1208 764 47033 1033 908 2975 5182 45805 873 141242 493 23038 10571 2737 1151 565 204 3039 3423 595 1754 3753 3354 2144 1075 11150 2463 2175 1675 634 569 695 2233547 562 2052 2466 3553 292811 1660 589 7914 473 1187 3002 6137 1265 811 4252 1222 1985 4291 2096 782 683 1856 164889
leaf_count=347083 985 797 765 2355 32982 1082 1208 764 47033 1033 908 2975 5182 45805 873 141242 493 23038 10571 2737 1151 565 204 3039 3423 595 1754 3753 3354 2144 1075 11150 2463 2175 1675 634 569 695 2233547 562 2052 2466 3553 292811 1660 589 7914 473 1187 3002 6137 1265 811 4252 1222 1985 4291 2096 782 683 1856 164889
internal_value=-0.0112971 -0.0115362 -0.00223701 0.00273386 -0.00377485 0.00929636 0.01509 -0.00740681 -0.00714782 0.0208673 0.0314873 0.0220757 0.00111893 -0.0121297 0.0120671 -0.0112712 0.0252482 -0.00451685 -0.00222874 0.0140568 0.0096531 0.0145014 -0.0100008 0.00315562 0.00672779 0.0277797 0.00378377 0.00721561 0.00446993 0.00518045 0.0166018 0.0345043 0.027681 0.0098084 -0.00723556 0.0163193 0.0159993 -0.000892857 -0.0122797 0.0227931 -0.00191761 -0.0100181 -0.00464254 -0.0115568 0.0150133 0.0188653 0.0298662 0.00699283 -0.00214747 -0.00362172 -0.00231424 0.000351821 -0.000504801 -0.00266637 0.0048635 0.00930893 0.020154 -0.00551586 0.00280857 0.00920237 -0.00565147 -0.011829
internal_weight=3.45041e+06 3.43124e+06 205861 102305 51363 50942 29817 41786 103556 22324 19176 4655 21125 3.22538e+06 9577 479858 13243 54057 29344 8704 5787 9081 34651 9083 6462 10617 15943 8861 7107 7135 1670 14521 3371 4319 24713 3371 8516 1680 2.74552e+06 2917 2816 49499 20261 434053 2626 5962 8947 966 7493 6285 9690 2416 7082 5049 2033 2554 5373 5098 1669 887 2621 511972
internal_count=3450414 3431238 205861 102305 51363 50942 29817 41786 103556 22324 19176 4655 21125 3225377 9577 479858 13243 54057 29344 8704 5787 9081 34651 9083 6462 10617 15943 8861 7107 7135 1670 14521 3371 4319 24713 3371 8516 1680 2745519 2917 2816 49499 20261 434053 2626 5962 8947 966 7493 6285 9690 2416 7082 5049 2033 2554 5373 5098 1669 887 2621 511972
cat_boundaries=0 4 7 11 15 18 22 26 29 33 36 40 42 46 49 53 57 59 62 65
cat_threshold=16777216 8388608 0 4 134404 17303578 268437568 1864501508 1137246392 3490709856 5 553650436 25690130 276828224 4 671286529 25165826 268435520 1092616192 55115920 288 1 0 8388608 0 4 134404 16779272 2112 689112324 1099696154 1342177344 4 132096 262280 8388608 1101009572 1112023101 1790968836 1294 1280 16777240 536870912 262272 8388608 2 18874372 25690248 269484128 0 0 0 4 16779264 8388624 0 4 4 17301504 131328 8 2048 654442496 1078001664 268435520
is_linear=0
shrinkage=0.05


Tree=8
num_leaves=63
num_cat=18
split_feature=1 6 0 28 43 41 42 0 1 5 1 0 0 42 0 42 28 44 0 41 35 44 42 0 0 0 28 28 41 0 43 0 0 0 42 5 41 41 5 1 41 1 4 0 5 0 5 41 44 28 43 0 44 28 0 43 35 0 10 40 42 41
split_gain=13201.3 3020.35 1311.7 485.462 456.03 513.804 544.073 554.729 396.352 306.055 559.459 266.126 220.569 153.694 153.667 145.625 130.95 173.249 128.879 123.89 120.471 116.894 113.299 156.308 119.155 107.238 114.058 96.7706 141.686 204.856 125.798 85.5224 84.8978 84.5348 73.8578 70.6475 66.584 63.7511 59.411 96.3478 61.6387 55.9941 54.3133 53.5858 52.0503 46.6693 63.511 78.4372 46.5497 46.3469 45.4324 54.2981 54.0398 53.3304 115.24 62.1729 44.7553 44.4333 70.2923 52.2012 85.4411 57.7773
threshold=0.25000000745058065 1.0000000180025095e-35 0 0.044210137799382217 0.62587949633598339 0.2269546836614609 0.2269546836614609 1 1.0000000180025095e-35 -1.0000000180025095e-35 1.5500000119209292 2 3 -0.032701563090086067 4 -0.63405361771583546 0.013725490774959328 0.60383266210556041 5 -0.58216583728790272 2.0499999523162846 0.47369650006294256 -0.97335553169250477 6 7 8 0.013725490774959328 0.061906902119517333 0.77259656786918651 9 0.46800856292247778 10 11 12 0.2269546836614609 -1.0000000180025095e-35 -0.47114434838294977 0.93540480732917797 0.25000000745058065 2.7500000000000004 -0.93540480732917775 0.35000000894069677 -1.0000000180025095e-35 13 1.0000000180025095e-35 14 1.0000000180025095e-35 0.52778512239456188 -0.95752304792404164 0.0098039219155907648 -0.048361575230956071 15 0.26659387350082403 0.0098039219155907648 16 -0.95244166254997242 0.45000000298023229 17 23.625000000000004 2.3645000457763676 0.41248606145381933 0.29012925922870642
decision_type=10 2 9 2 2 2 2 9 10 8 10 9 9 2 9 2 2 2 9 2 2 2 2 9 9 9 2 2 2 9 2 9 9 9 2 10 2 2 10 10 2 10 10 9 10 9 10 2 2 2 2 9 2 2 9 2 2 9 2 2 2 2
left_child=1 2 3 4 13 22 7 -7 11 10 31 42 35 14 16 18 17 36 -13 43 57 33 23 -6 -24 26 48 56 -29 30 -30 -2 -22 37 -32 -10 -1 -9 40 -40 41 -11 -3 44 -14 -21 47 -47 -15 -44 52 -52 53 54 55 -16 -5 58 59 -4 61 -61
right_child=9 8 20 27 5 6 -8 21 12 38 -12 15 19 25 50 -17 -18 -19 -20 45 32 -23 24 -25 -26 -27 -28 28 29 -31 34 -33 -34 -35 -36 -37 -38 -39 39 -41 -42 -43 49 -45 -46 46 -48 -49 -50 -51 51 -53 -54 -55 -56 -57 -58 -59 -60 60 -62 -63
leaf_value=-0.00023750000353902582 -0.0010553706591756391 0.008103216011108803 0 0 0.0047743750711437315 0 0 0.013155186506056578 0.0016879289253410646 0.0012279978799956516 0.36921858102511868 0.0076725668088937701 0.0036421104218295475 0.0034967726108858206 0.0034193862681892485 0 0 0 0 0.011001104564424158 0 0.0034045609882319113 0.003271147607523746 0 0 0 0 0 0 0 0.0065139280555211627 0.022967806244830281 0 0.0059192092599883355 0.00219486268443024 -0.0010358607749909883 0.0066930298565501256 0.0050000000745058061 0.078967105220579245 0.64113099590178135 0.033967112373136606 0.047260248776278151 0.0078527866528311872 0.00099064619677119306 -0.00028502827051219706 0.0036421104218295475 0.0027235718662335208 0.003292779304211191 0 2.0092068018868353e-05 0 0 0 0 0 0.0080199018382428097 0 0 0 0 0 0.32160527667962185
leaf_weight=544 1532 801 4058 142555 1598 5375 10217 2314 765 230 2387 2102 414 232 728 18895 6457 2691 3182 1930 67512 2350 1604 2796 24727 91874 5811 23681 2604 8359 1525 736 370024 5003 1007 9869 2234 1209 1668 3028 8933 662 2005 4073 252 2446 1836 1877 3971 3909 7429 14706 26483 29324 11041 401 50516 2131735 310693 223 744 527
leaf_count=544 1532 801 4058 142555 1598 5375 10217 2314 765 230 2387 2102 414 232 728 18895 6457 2691 3182 1930 67512 2350 1604 2796 24727 91874 5811 23681 2604 8359 1525 736 370024 5003 1007 9869 2234 1209 1668 3028 8933 662 2005 4073 252 2446 1836 1877 3971 3909 7429 14706 26483 29324 11041 401 50516 2131735 310693 223 744 527
internal_value=-0.0113068 -0.011538 -0.0117262 -0.0093371 -0.0078615 -0.00391591 0.00119012 0.00687419 0.000154537 0.0300636 0.0189071 -0.00356623 0.00505392 -0.00896808 -0.00759643 -0.00601048 -0.00225578 0.00343527 0.00132475 0.00946409 -0.0121329 0.0133612 -0.00831448 -0.000881884 -0.0095548 -0.0103417 -0.00540952 -0.0110109 -0.00867495 -0.00458596 0.00327439 0.00112434 -0.0113688 0.0160949 0.0112164 -0.000274803 0.012194 0.0220528 0.0336401 0.0290141 0.0358511 0.0233184 0.00523606 0.0030518 0.0160873 0.0132325 0.0110411 0.0143679 0.000859505 0.00358894 -0.00830208 -0.00633555 -0.00894365 -0.0078174 -0.00503492 0.0101295 -0.0114607 -0.0122695 -0.0117089 -0.00613293 0.00185743 0.0137667
internal_weight=3.45041e+06 3.43124e+06 3.37688e+06 491366 261119 57193 26468 16251 54356 19176 4655 30894 23462 203926 102038 24179 11926 5469 5284 12828 2.88552e+06 10876 30725 4394 26331 101888 10014 230247 37176 13495 5136 2268 437536 8526 2532 10634 2778 3523 14521 4696 9825 892 6715 4739 666 8089 6159 4323 4203 5914 90112 22135 67977 41494 12170 1129 193071 2.44798e+06 316245 5552 1494 750
internal_count=3450414 3431238 3376882 491366 261119 57193 26468 16251 54356 19176 4655 30894 23462 203926 102038 24179 11926 5469 5284 12828 2885516 10876 30725 4394 26331 101888 10014 230247 37176 13495 5136 2268 437536 8526 2532 10634 2778 3523 14521 4696 9825 892 6715 4739 666 8089 6159 4323 4203 5914 90112 22135 67977 41494 12170 1129 193071 2447980 316245 5552 1494 750
cat_boundaries=0 4 8 12 16 19 22 25 27 31 33 37 41 43 45 48 51 53 56
cat_threshold=151127300 25692186 268435520 4 151127040 8388608 0 4 117444608 1082130432 532544 5 16909312 264202 0 6 0 524288 268435456 538971396 21561491 268435488 256 17301522 268435520 0 8388608 0 8388608 0 4 1280 17303568 134219008 25755672 268441600 66 1619066881 1107296292 1119879172 1024 0 17301522 0 8388608 2048 16777232 2048 256 25165840 64 0 8388610 537987072 1074069664 1073742080
is_linear=0
shrinkage=0.05


Tree=9
num_leaves=63
num_cat=0
split_feature=7 1 7 42 41 38 3 41 7 18 8 35 18 41 1 42 1 8 7 7 38 41 7 8 37 16 18 38 37 37 36 9 6 42 7 35 41 41 43 8 9 35 18 4 43 32 36 41 37 41 39 41 41 38 33 1 6 37 39 36 41 36
split_gain=12426.4 5783.75 2033.64 1677.66 910.037 553.225 484.386 389.71 307.882 230.728 198.922 166.22 142.415 141.337 167.058 139.124 135.814 130.436 108.895 102.428 86.3966 82.4571 78.5788 77.0959 72.7264 71.4666 65.4945 60.022 58.5504 241.5 56.1778 51.935 51.3838 51.3353 49.8071 47.2831 44.9066 39.6468 39.2646 38.865 67.3598 37.6549 36.9754 35.9649 32.0509 46.5333 44.9062 38.5568 33.9229 29.9127 29.7387 30.8497 29.0041 28.5917 28.4879 28.3833 28.1012 28.0243 27.9577 41.7754 30.1203 25.4647
threshold=1.0000000180025095e-35 0.35000000894069677 1.0500000119209292 0.032701563090086018 -0.41248606145381922 13.500000000000002 1.0000000180025095e-35 0.88144907355308544 0.15000000223517421 0.94999998807907116 1.0000000180025095e-35 2.0499999523162846 11.775000095367433 -0.93540480732917775 1.8499999642372134 0.41248606145381933 1.0000000180025095e-35 1.0000000180025095e-35 0.15000000223517421 0.45000000298023229 21.500000000000004 -0.63405361771583546 0.15000000223517421 0.095833335071802153 6.7225000858306894 15.750000000000002 0.11250000074505807 13.500000000000002 2.7055000066757207 3.9864999055862431 10.500000000000002 0.0082167778164150568 1.0000000180025095e-35 0.52778512239456188 0.35000000894069677 2.8500000238418584 -0.16280825436115262 -0.77259656786918629 0.93544191122055065 1.9291666150093081 0.17688404023647311 7.5499999523162851 19.562500000000004 -1.0000000180025095e-35 0.58481550216674816 1.0000000180025095e-35 13.000000000000002 0.77259656786918651 5.1965000629425058 0.72947329282760631 0.13900000229477885 0.95642796158790599 0.58216583728790294 11.500000000000002 0.25000000745058065 3.5499999523162846 0.15000000223517421 6.7225000858306894 0.23499999940395358 4.5000000000000009 0.91037613153457653 2.5000000000000004
decision_type=2 10 2 2 2 2 10 2 2 10 2 2 10 2 10 2 10 2 2 2 2 2 2 2 2 10 8 2 2 2 2 2 2 2 2 2 2 2 2 2 2 2 10 8 2 2 2 2 2 2 2 2 2 2 2 10 2 2 2 2 2 2
left_child=11 2 3 4 18 7 8 17 16 32 12 -1 15 14 53 21 27 28 -2 31 37 -4 -9 24 -7 -12 44 38 49 -30 33 -8 35 -25 -34 36 -10 57 54 40 43 -13 -11 -15 -23 46 47 -46 -47 -5 61 -52 -50 -3 58 -42 -22 -20 59 -6 -60 -24
right_child=1 13 10 5 6 23 19 22 9 42 25 41 -14 39 -16 -17 -18 -19 20 -21 56 26 50 30 -26 -27 -28 -29 29 -31 -32 -33 34 -35 -36 -37 -38 -39 -40 -41 55 -43 -44 -45 45 48 -48 -49 52 -51 51 -53 -54 -55 -56 -57 -58 -59 60 -61 -62 -63
leaf_value=0 0 0.0023649860521293589 0 0 0.0038689047451511724 0.00031067381403962415 -0.0010056408641107878 -0.00013006375205952208 0.0041235477414645408 0.0069886204472220468 0.026336409301367793 0 0 0.01720456082502704 0.47880715543728414 0 -0.0013631190991404765 0 -4.9402303775991272e-05 0.016739058851138272 0.0036668006696713852 0 0.0067138015575217763 0.0030486254994908039 0.0036873345080705652 0 0 0.0034051859882412248 0.0034825783331444609 0 0.0033028073276379758 0.0011867500336380371 0.0031939034903814183 0.0034774714566189885 0.01581755165973639 0.0073843652358256493 0.011122936751446396 0.0034465843966968398 0.0036799487715940653 0.41907443656994908 0.067268753178201093 0 0.0020964343263066582 0.017268753178201087 0.080435148071733048 0 0.27642907637292685 -0.011121960937567055 0 0 0.0030735970795780073 0.0069821929456624831 0.18887803906243295 0.0084715011804006365 0.0033157088634552865 0.29907440795971957 0.0034587054140095513 0.0042725352606258959 0.0038801859953192762 -0.00040860332247779935 0.0036620423983277639 -0.00097464165403969821
leaf_weight=2745519 8662 863 7931 21710 2044 5317 1838 2682 286 2605 4983 351386 56713 538 1027 15576 1593 4359 4906 701 1225 3778 221 815 1818 2339 8650 1219 1501 4841 1613 3804 2264 1767 1194 780 7180 3214 1724 4962 2144 128472 858 5114 356 2107 392 247 216 2569 1038 1480 490 443 741 613 896 259 3450 437 1254 690
leaf_count=2745519 8662 863 7931 21710 2044 5317 1838 2682 286 2605 4983 351386 56713 538 1027 15576 1593 4359 4906 701 1225 3778 221 815 1818 2339 8650 1219 1501 4841 1613 3804 2264 1767 1194 780 7180 3214 1724 4962 2144 128472 858 5114 356 2107 392 247 216 2569 1038 1480 490 443 741 613 896 259 3450 437 1254 690
internal_value=-0.011337 2.28296e-05 -0.00217267 0.00271387 0.00897495 -0.00363237 0.0138894 -0.00632955 0.0167501 0.0215344 -0.00714289 -0.0121296 -0.00774602 0.0292887 0.0179329 -0.00545096 0.0109272 -0.00836478 0.000262238 0.00142874 0.00368571 -0.00307599 0.00532032 0.0061496 0.00298704 0.000802376 -0.00103474 0.0129255 -0.00951675 -0.00523888 0.0115286 -0.000810883 0.0248889 0.0161019 0.019773 0.0270343 0.0282581 0.00140381 0.0142461 0.0312701 0.0291994 -0.011271 0.0101971 0.0323248 0.00235631 0.00559349 0.0148869 0.00632255 0.00230626 -0.0106342 0.0103346 0.0131354 0.0117918 0.00606815 0.0127586 0.022792 0.0127004 -0.00130929 0.0137213 0.00942664 0.0159864 0.0025933
internal_weight=3.45041e+06 225037 209333 105555 53134 52421 33972 41091 27629 15167 103778 3.22538e+06 96456 15704 2333 39743 12462 34980 19162 6343 10500 24167 6111 11330 7135 7322 16236 10869 30621 6342 4195 5642 11704 2582 3458 8246 7466 8379 9650 13371 8409 479858 3463 5652 7586 3808 995 603 2813 24279 3429 2518 706 1306 7926 2757 2121 5165 7185 2481 4704 911
internal_count=3450414 225037 209333 105555 53134 52421 33972 41091 27629 15167 103778 3225377 96456 15704 2333 39743 12462 34980 19162 6343 10500 24167 6111 11330 7135 7322 16236 10869 30621 6342 4195 5642 11704 2582 3458 8246 7466 8379 9650 13371 8409 479858 3463 5652 7586 3808 995 603 2813 24279 3429 2518 706 1306 7926 2757 2121 5165 7185 2481 4704 911
is_linear=0
shrinkage=0.05


Tree=10
num_leaves=63
num_cat=16
split_feature=1 1 0 42 31 0 5 1 0 2 6 41 41 1 6 43 32 36 41 43 0 35 0 32 6 0 2 0 42 41 0 43 0 0 30 44 5 6 42 41 0 41 41 36 44 0 1 6 31 0 0 10 40 41 37 0 6 36 4 0 41 41
split_gain=10644.4 2112.81 1576.01 506.321 381.84 338.428 243.864 408.728 229.879 225.735 216.282 211.493 207.651 200.122 189.775 146.523 142.75 127.293 126.586 153.175 178.442 120.125 117.78 235.151 173.928 103.983 95.6421 107.992 146.619 95.241 102.648 96.2131 83.7145 80.443 73.4088 65.8121 65.2974 61.6131 59.9569 59.9902 57.3047 54.8934 54.3054 53.2021 53.1559 52.9447 50.7406 50.7039 49.6059 47.141 46.8539 72.2531 53.5548 90.4709 46.4592 46.1297 46.813 44.2496 43.8147 42.3392 48.5006 42.2145
threshold=1.0000000180025095e-35 0.35000000894069677 0 0.16280825436115268 0.086206898093223586 1 -1.0000000180025095e-35 2.0499999523162846 2 1.0000000180025095e-35 1.0000000180025095e-35 1.0000000180025095e-35 -0.63405361771583546 3.8500000238418584 1.0000000180025095e-35 0.66527691483497631 1.0000000180025095e-35 7.5000000000000009 0.35206145048141485 0.48314048349857336 3 2.2500000000000004 4 1.0000000180025095e-35 1.0000000180025095e-35 5 1.0000000180025095e-35 6 0.63405361771583568 0.09796465560793878 7 0.5986820161342622 8 9 0.25894704461097723 0.18281312286853793 -1.0000000180025095e-35 1.1500000357627871 0.77259656786918651 -0.22695468366146085 10 0.84874749183654796 -0.77259656786918629 7.5000000000000009 0.51849433779716503 11 0.15000000223517421 1.0000000180025095e-35 0.05172413773834706 12 13 23.375000000000004 2.3645000457763676 0.52778512239456188 2.8605000972747807 14 0.84999999403953563 7.5000000000000009 -0.15000000223517415 15 -0.2901292592287063 -0.52778512239456166
decision_type=10 10 9 2 2 9 8 10 9 8 2 2 2 10 2 2 2 2 2 2 9 2 9 2 2 9 8 9 2 2 9 2 9 9 2 2 10 2 2 2 9 2 2 2 2 9 10 2 2 9 9 2 2 2 2 9 2 2 10 9 2 2
left_child=2 8 3 4 14 11 7 25 36 13 21 43 49 -8 16 57 29 45 47 -20 -21 50 23 54 -25 -3 40 28 -28 -1 31 -31 -23 58 35 48 46 -26 39 -29 -14 -24 -16 61 -22 -17 -2 -7 -18 -10 51 52 -4 -54 -5 56 -44 -13 -12 -50 -61 -6
right_child=1 6 10 22 5 18 9 -9 12 -11 33 15 26 -15 42 17 34 -19 19 20 44 32 41 24 37 -27 27 38 -30 30 -32 -33 -34 -35 -36 -37 -38 -39 -40 -41 -42 -43 55 -45 -46 -47 -48 -49 59 -51 -52 -53 53 -55 -56 -57 -58 -59 -60 60 -62 -63
leaf_value=0 0.0016060025942628113 -0.0030164776826079489 0 0.0032438799322719149 0 0 0.029352953773299009 0.39055393777475977 0.0032861313279071215 0.091405321479755511 0.12811918546775855 0.00082435472658993971 0.0079660117903083312 0.58791631066558458 0 0.014755812528585857 0 0 0 0 0.0045318077074697535 0 0 0 0.0035349512658583815 0.030456755914990009 0.0010212920265368298 0.0035215742407442548 0.0033035978837880398 0 0 0.0061451410501497791 0 0 0 0 -0.00095535882090524863 0.045741210827428117 0.0013097215035504557 0.011658720124009559 -0.0017655285403602686 0 0.0076771729033228223 0.0030749913192393273 0 0.0041202983867210923 -0.0045753688113990476 0 0 -0.0010001320110280571 0 0 0 0.2679197454643435 0.0026799157554597366 0 0 0 0 0 0 0
leaf_weight=9478 451 1284 4083 896 7244 29796 1658 1913 1142 8306 474 9020 882 1609 3061 1078 63358 758 11070 4294 5007 73401 169600 32246 316 953 2395 2054 1552 1793 2578 1439 340411 6652 12231 64461 9064 298 547 2218 1377 27572 770 2361 1631 4496 233 2066 10421 4957 2153029 312563 797 664 2463 2006 477 1091 5042 8007 13422 3382
leaf_count=9478 451 1284 4083 896 7244 29796 1658 1913 1142 8306 474 9020 882 1609 3061 1078 63358 758 11070 4294 5007 73401 169600 32246 316 953 2395 2054 1552 1793 2578 1439 340411 6652 12231 64461 9064 298 547 2218 1377 27572 770 2361 1631 4496 233 2066 10421 4957 2153029 312563 797 664 2463 2006 477 1091 5042 8007 13422 3382
internal_value=-0.011343 0.0134972 -0.0116535 -0.00909009 -0.0076439 -0.00481337 0.0280552 0.0176566 0.00497916 0.0317841 -0.0121049 -0.00050017 0.00846562 0.0206497 -0.00886231 0.00326659 -0.00914989 0.00923089 -0.00716858 -0.00425302 -5.48847e-05 -0.012133 -0.0108056 -0.00817405 -0.00946439 0.00314595 0.0125658 0.0149298 0.00872189 -0.00451988 0.000520654 0.00644664 -0.0113445 -0.00545283 -0.00956166 -0.00984764 -0.0011529 0.0168974 0.019955 0.021992 0.00339199 -0.011288 -0.000336554 -0.00526969 0.00508048 0.0118452 0.0137427 -0.00918414 -0.00901237 0.0010678 -0.012265 -0.0116913 -0.00603355 0.00218172 0.00442468 0.00416154 0.0116647 -0.000468549 -0.000977199 -0.00740267 -0.00612027 -0.00677819
internal_weight=3.4499e+06 42595 3.4073e+06 510187 276796 83294 15723 4150 26872 11573 2.89712e+06 29430 17124 3267 193502 16443 187188 6332 53864 22002 10932 2.88495e+06 233391 36219 32860 2237 11025 8766 3947 15288 5810 3232 413812 12168 171900 159669 9748 614 4819 4272 2259 197172 6314 12987 6638 5574 684 31862 95208 6099 2.47114e+06 318107 5544 1461 3359 3253 1247 10111 5516 31850 21429 10626
internal_count=3449898 42595 3407303 510187 276796 83294 15723 4150 26872 11573 2897116 29430 17124 3267 193502 16443 187188 6332 53864 22002 10932 2884948 233391 36219 32860 2237 11025 8766 3947 15288 5810 3232 413812 12168 171900 159669 9748 614 4819 4272 2259 197172 6314 12987 6638 5574 684 31862 95208 6099 2471136 318107 5544 1461 3359 3253 1247 10111 5516 31850 21429 10626
cat_boundaries=0 4 7 11 15 19 23 26 29 33 37 40 42 45 48 51 55
cat_threshold=151127300 25692186 268435520 4 0 8912914 268435520 16909312 264200 0 6 151126016 0 0 4 16777216 8388608 0 4 150994944 13172760 8395072 66 0 8388612 8388608 256 17303570 268435520 1619071009 1107296292 1119879172 1024 639637601 1648361889 2157520928 33 0 17301520 2048 0 16 2080 8388608 4096 537987072 1074069664 1073742080 1284 524306 268435520 151126016 8 0 4
is_linear=0
shrinkage=0.05


Tree=11
num_leaves=63
num_cat=0
split_feature=7 1 7 41 2 41 7 38 1 5 2 18 6 18 3 41 28 28 1 33 28 1 2 37 37 38 19 5 1 25 4 28 1 9 41 18 33 36 7 41 6 1 43 41 7 39 44 40 28 43 7 39 41 43 9 25 41 41 36 43 28 28
split_gain=11579.8 3964.15 2038.43 690.998 315.748 254.808 219.523 203.27 165.975 192.32 295.779 163.612 149.989 109.198 106.808 100.935 182.766 152.477 132.001 97.1213 96.9317 86.0594 121.863 82.3212 181.954 80.8136 70.2031 64.6356 64.6085 60.6246 53.9728 51.9639 51.5474 50.4775 42.2528 67.8961 45.8434 42.0282 51.7214 50.2651 85.9536 37.9779 36.7207 35.9731 35.8996 35.3605 37.7138 36.2196 34.3485 34.2647 33.041 32.8184 32.5349 30.8374 30.1425 28.7672 28.6668 28.4143 25.7676 24.8939 23.4827 47.8556
threshold=1.0000000180025095e-35 0.45000000298023229 1.0500000119209292 1.0000000180025095e-35 1.0000000180025095e-35 -0.77259656786918629 0.15000000223517421 13.500000000000002 4.4500000476837167 -1.0000000180025095e-35 1.0000000180025095e-35 18.854166984558109 2.4500000476837163 5.0499999523162851 1.0000000180025095e-35 0.84874749183654796 0.064705885946750655 0.021568628028035167 0.15000000223517421 1.0000000180025095e-35 0.061906902119517333 0.65000000596046459 0.55000001192092907 2.8605000972747807 3.9864999055862431 21.500000000000004 3.5000000000000004 1.0000000180025095e-35 1.0000000180025095e-35 0.21499999612569812 -1.0000000180025095e-35 0.021568628028035167 0.15000000223517421 0.070928253233432784 0.47114434838294988 0.27500000596046453 0.15000000223517421 13.000000000000002 0.15000000223517421 -0.84874749183654774 1.0000000180025095e-35 2.5499999523162846 0.52766072750091564 0.52778512239456188 0.25000000745058065 0.58499997854232799 -0.63919836282730091 2.3645000457763676 0.0098039219155907648 0.48314048349857336 0.35000000894069677 0.13900000229477885 -0.81241145730018605 -0.59869033098220814 0.0082167778164150568 0.15500000119209292 0.88144907355308544 -0.52778512239456166 3.5000000000000004 0.78325453400611889 0.054168537259101875 0.017647059634327892
decision_type=2 10 2 2 8 2 2 2 10 10 10 10 2 10 10 2 2 2 10 2 2 10 10 2 2 2 2 10 10 10 8 2 10 2 2 8 2 2 2 2 2 10 2 2 2 2 2 2 2 2 2 2 2 2 2 8 2 2 2 2 2 2
left_child=19 2 3 4 7 53 14 23 9 12 -11 30 52 15 20 16 17 28 26 -1 27 22 -12 57 -25 33 44 31 29 -8 -4 55 48 54 36 45 -32 38 -9 40 -40 -14 -30 -31 -17 -36 -47 -48 -13 -46 -20 -33 -3 -6 -7 -5 -22 -2 -15 -60 61 -59
right_child=1 8 11 6 5 25 13 37 -10 10 21 32 41 58 -16 18 -18 -19 50 -21 56 -23 -24 24 -26 -27 -28 -29 42 43 34 51 -34 -35 35 -37 -38 -39 39 -41 -42 -43 -44 -45 49 46 47 -49 -50 -51 -52 -53 -54 -55 -56 -57 -58 60 59 -61 -62 -63
leaf_value=0 0 -0.0039531526738123988 0.076949182800341298 0 0.0029869485127527184 -0.00093629979519617651 0 0 0.73111634281084692 0.032807888782483835 0.0091173002670799485 0 0.059028281015813915 0.0073767384249017135 -0.00044581254320046147 0.00297663938926557 0 0.010879195943546346 -0.0011331950643099276 0 0 0.10674476885199456 0.0018382596590084011 0.0033084494164872373 0 0.0034297011863956952 0.0032454410909836203 -0.0020911287482517876 0.0031384179895986384 0.0041642834711103274 0 0.0026823381667765698 0.0033791532247263085 0.008335051814587888 0 0 0 -1.5533690701981207e-05 0.0078433629941324721 0.0031108984019046259 -1.5533690701981207e-05 0.076026236117650192 0.0064603181302580071 0.0058792391832733762 0.0080949416549710908 0 0.068878040254525846 0.17067158137377522 0 0.010202455494006529 0.0070189570052450745 0.0034368016918373354 0.0064371336973636844 -1.5533690701981207e-05 0.0027755749897684827 0.0033670446428688719 0.0030463947384195733 0 0 0.0034297011863956952 0 0.0035064136934944189
leaf_weight=2529017 13231 665 889 1568 1253 1095 2317 3142 3292 1811 1346 10337 755 907 2650 3224 2179 1813 875 695550 2046 3864 840 2916 4436 1581 1100 693 2166 3147 25987 368 420 1160 3376 10724 7281 677 933 2472 417 629 2073 3272 990 894 1797 1419 40728 2920 371 1342 781 7026 4767 12424 1447 6123 3038 753 1505 1079
leaf_count=2529017 13231 665 889 1568 1253 1095 2317 3142 3292 1811 1346 10337 755 907 2650 3224 2179 1813 875 695550 2046 3864 840 2916 4436 1581 1100 693 2166 3147 25987 368 420 1160 3376 10724 7281 677 933 2472 417 629 2073 3272 990 894 1797 1419 40728 2920 371 1342 781 7026 4767 12424 1447 6123 3038 753 1505 1079
internal_value=-0.0113667 -0.000408455 -0.00211429 0.00271219 -0.00129174 0.004373 0.00672583 -0.00388122 0.0253746 0.0223517 0.0263755 -0.00711012 0.0111749 0.00944574 0.00296721 0.0106936 0.00838466 0.0103767 0.0148259 -0.0121325 0.00422365 0.0316818 0.0237534 -0.00577586 -0.00119695 0.010399 0.0171211 0.00583486 0.00847881 0.00602106 -0.00514231 0.0064944 -0.00911163 0.00809954 -0.00535326 -0.00341708 -0.00641307 0.00338143 0.00453762 0.00844453 0.0162037 0.0229408 0.0135439 0.00852352 0.018934 0.000237109 0.00335158 0.00587687 -0.00925512 0.0221547 -0.000341091 0.0147222 -8.64454e-05 -0.00188882 0.00621375 0.00548885 -0.00333882 -0.00731037 0.00242124 0.000609997 -0.00509217 -0.00390517
internal_weight=3.4499e+06 225331 211348 107496 53813 16882 53683 36931 13983 10691 7861 103852 2830 31145 22538 26447 16967 14788 9480 3.22457e+06 19888 6050 2186 29290 7352 8603 8234 16395 12975 8736 52367 15702 51485 7022 51478 18210 33268 7641 6964 3822 1350 1384 4239 6419 7134 7486 4110 3216 51065 3910 1246 1710 1446 8279 5862 13992 3493 21938 4698 3791 8707 7202
internal_count=3449898 225331 211348 107496 53813 16882 53683 36931 13983 10691 7861 103852 2830 31145 22538 26447 16967 14788 9480 3224567 19888 6050 2186 29290 7352 8603 8234 16395 12975 8736 52367 15702 51485 7022 51478 18210 33268 7641 6964 3822 1350 1384 4239 6419 7134 7486 4110 3216 51065 3910 1246 1710 1446 8279 5862 13992 3493 21938 4698 3791 8707 7202
is_linear=0
shrinkage=0.05


Tree=12
num_leaves=63
num_cat=19
split_feature=8 0 8 28 42 43 0 41 5 2 8 0 41 0 5 8 5 0 28 28 0 35 2 41 0 28 42 0 0 0 42 41 8 43 28 44 43 4 43 0 0 44 41 43 0 35 0 41 5 41 0 9 42 0 41 30 43 0 0 0 43 44
split_gain=9484.19 1363.38 758.998 498.326 439.404 508.101 560.508 419.759 271.128 434.523 208.185 205.371 214.992 175.249 168.363 197.808 145.475 143.819 189.953 138.928 125.446 123.271 102.724 101.923 121.898 88.4767 127.115 203.902 86.568 85.4477 99.2856 83.4356 82.0405 81.1313 79.3472 104.756 74.9238 67.7474 66.4942 63.1739 62.2104 53.6539 50.1269 61.4497 49.9307 48.3451 45.3529 54.6539 45.3308 68.1297 93.9901 67.2788 40.6517 40.4383 37.5309 37.4297 37.3719 36.939 36.9099 36.3739 36.1393 41.0682
threshold=1.0000000180025095e-35 0 0.42916667461395269 0.044210137799382217 0.16280825436115268 0.62587949633598339 1 -0.2901292592287063 -1.0000000180025095e-35 0.75000000000000011 2.8875000476837163 2 -0.68322628736495961 3 6.4500000476837167 0.59583333134651195 -4.3500001430511466 4 0.0058823532890528449 0.013725490774959328 5 2.2500000000000004 1.0000000180025095e-35 0.47114434838294988 6 0.061906902119517333 0.35206145048141485 7 8 9 0.63405361771583568 -0.097964655607938753 11.416666507720949 0.92273071408271801 0.013725490774959328 0.26659387350082403 0.17646842449903491 -1.0000000180025095e-35 0.92273071408271801 10 11 -0.43733099102973932 0.84874749183654796 0.67802080512046825 12 0.94999998807907116 13 0.93540480732917797 1.0000000180025095e-35 0.68322628736495983 14 0.052995823323726661 0.2269546836614609 15 0.35206145048141485 0.14181878417730334 0.07411635667085649 16 17 18 -0.048361575230956071 0.26659387350082403
decision_type=2 9 2 2 2 2 9 2 10 10 2 9 2 9 10 2 10 9 2 2 9 2 10 2 9 2 2 9 9 9 2 2 2 2 2 2 2 10 2 9 9 2 2 2 9 2 9 2 10 2 9 2 2 9 2 2 2 9 9 9 2 2
left_child=1 3 11 4 5 17 7 -7 10 14 20 12 53 19 15 22 32 18 -1 38 -4 44 -10 59 55 45 27 -27 -23 30 -14 -29 -12 -9 35 -20 -33 57 41 54 -38 -6 -15 -44 -3 -5 47 -35 49 -31 52 -50 -51 -2 -17 -25 -21 -13 -47 -8 61 -19
right_child=2 21 8 25 13 6 23 33 9 -11 16 37 29 42 -16 39 -18 60 34 56 -22 28 -24 24 -26 26 -28 31 -30 48 -32 36 -34 46 -36 -37 40 -39 -40 -41 -42 -43 43 -45 -46 58 -48 -49 51 50 -52 -53 -54 -55 -56 -57 -58 -59 -60 -61 -62 -63
leaf_value=0.0041024242486248017 0.0031857031968573566 0 0.083045834169895472 0 0.0029681883151185841 0 0 0.004511281317223329 0.052951328955500192 0.15518895409563799 0 0.0035021578833073445 0.012244696486372912 0 0.70742912030928951 0.021564021368850779 0.3044704046719931 0 0.0041930126371399461 0 0 0 0.008661435253725952 0.0045934721863579086 0 0 0 0 0 0.0031045782944807646 -0.00028847381676510691 0 0.73287906809438308 0.011962285765623635 0 0 0 0 0.0031189719911687598 0.0020761113228606938 0.0046743036717297485 0 0 0 0 0 0.0045694721554834661 0.0039463357974455788 -0.0013376232068658346 -0.0012524400891736358 0.011743770580044027 0.0071126886746601427 0.0029694301860798094 7.7668453509906043e-07 0.031743135270259938 0 0 0.002705032963519901 0 0 0 0
leaf_weight=3172 951 320239 910 155215 1584 3802 6091 5124 457 3793 711 601 2222 86945 1004 586 1300 41420 2612 6653 3085 74250 1321 1991 3397 6675 23271 1713 341675 5798 424 2291 342 1783 15264 6893 1459 13921 514 3350 2722 5297 11256 3005 2156416 7922 1737 579 1863 1384 565 1075 730 6969 496 1408 3179 509 31533 8003 22292 26149
leaf_count=3172 951 320239 910 155215 1584 3802 6091 5124 457 3793 711 601 2222 86945 1004 586 1300 41420 2612 6653 3085 74250 1321 1991 3397 6675 23271 1713 341675 5798 424 2291 342 1783 15264 6893 1459 13921 514 3350 2722 5297 11256 3005 2156416 7922 1737 579 1863 1384 565 1075 730 6969 496 1408 3179 509 31533 8003 22292 26149
internal_value=-0.0113732 -0.0117049 0.00934505 -0.00930119 -0.00784037 -0.00605873 -0.000666003 0.00747123 0.0179725 0.0227185 0.00974323 0.00529963 0.00837786 -0.0101227 0.015515 0.0124436 0.0215416 -0.00761129 -0.00447256 -0.00544976 0.00279412 -0.0121228 0.0265326 -0.00574043 -0.000713655 -0.0109968 -0.00879435 -0.0051817 -0.0113264 0.0120928 0.020209 0.000114399 0.00772792 0.01324 -0.00594947 -0.00236323 0.00271168 0.000792002 -0.000275524 0.00679152 0.00669397 -0.00157136 -0.0109165 -0.00817001 -0.0122566 -0.0114282 0.0184832 0.0230291 0.0101849 0.0120488 0.00545446 0.00484173 0.000553202 0.00179293 0.017239 0.00597316 -0.00934703 0.0126802 -0.00986535 -0.00816837 -0.00858578 -0.00916267
internal_weight=3.4499e+06 3.39553e+06 54367 502951 270150 151717 33915 13025 17355 11007 6348 37012 21981 118433 7214 6210 2353 117802 27941 17227 3995 2.89258e+06 1778 20890 6796 232801 38131 14860 415925 14061 2646 8185 1053 9223 24769 9505 6472 15031 7395 4432 4181 6881 101206 14261 2.47666e+06 194670 4099 2362 11415 8477 2679 2938 2114 7920 1082 3399 9832 1110 39455 14094 89861 67569
internal_count=3449898 3395531 54367 502951 270150 151717 33915 13025 17355 11007 6348 37012 21981 118433 7214 6210 2353 117802 27941 17227 3995 2892580 1778 20890 6796 232801 38131 14860 415925 14061 2646 8185 1053 9223 24769 9505 6472 15031 7395 4432 4181 6881 101206 14261 2476655 194670 4099 2362 11415 8477 2679 2938 2114 7920 1082 3399 9832 1110 39455 14094 89861 67569
cat_boundaries=0 4 7 11 15 18 21 23 27 31 35 39 42 45 47 50 53 57 60 64
cat_threshold=151127300 25692186 268435520 4 256 17301522 268435520 111155621 1103626292 815282240 1 16777216 8388608 0 4 0 8912896 268435520 1176506656 1073742849 134217888 1028 2056 150994948 8388618 0 4 1619071009 1107296292 1119879172 1024 2097152 1094713360 2048 1 69208064 1086324872 0 1 131072 0 268435520 537987072 1074069664 1073742080 0 17301522 4353 8388612 8388608 32 8388608 12288 16778240 262144 0 4 134217984 8388608 64 4 8390656 0 4
is_linear=0
shrinkage=0.05


Tree=13
num_leaves=63
num_cat=20
split_feature=7 1 7 42 0 41 0 0 41 1 0 7 5 35 5 5 0 42 18 5 37 41 0 0 34 1 41 0 7 5 1 0 0 5 7 7 5 1 28 1 41 0 28 7 41 9 1 0 35 0 0 5 1 0 0 43 1 0 0 41 0 0
split_gain=11120.7 3062.99 2027.46 1547.87 1175.08 769.261 1171.83 317.624 309.717 235.409 225.426 179.727 176.393 166.784 163.568 127.928 126.534 122.503 142.359 120.439 137.257 119.542 140.968 111.331 106.766 95.5223 77.401 77.0973 68.4428 66.6344 124.793 61.4988 61.4895 66.2798 58.1011 55.028 53.9236 53.8666 53.1343 50.3288 50.3133 53.3454 49.2206 48.2367 47.1653 47.0741 45.9906 45.6017 44.4283 39.3742 37.7849 36.9055 36.7015 36.4799 36.1229 37.3786 35.6909 35.2062 34.232 33.9834 35.576 34.14
threshold=1.0000000180025095e-35 0.45000000298023229 1.0500000119209292 0.16280825436115268 0 -0.52778512239456166 1 2 0.84874749183654796 3.0499999523162846 3 0.15000000223517421 -1.0000000180025095e-35 3.8500000238418584 1.0000000180025095e-35 -1.0000000180025095e-35 4 0.16280825436115268 1.5500000119209292 1.0000000180025095e-35 2.8605000972747807 -0.58216583728790272 5 6 0.35000000894069677 1.0000000180025095e-35 0.95642796158790599 7 0.25000000745058065 3.0499999523162846 5.2500000000000009 8 9 1.0000000180025095e-35 0.15000000223517421 0.15000000223517421 1.0500000119209292 0.55000001192092907 0.0098039219155907648 1.0000000180025095e-35 1.0000000180025095e-35 10 0.036731028929352767 0.35000000894069677 0.72947329282760631 0.0082167778164150568 1.0500000119209292 11 0.25000000745058065 12 13 -1.0000000180025095e-35 0.55000001192092907 14 15 0.48314048349857336 0.15000000223517421 16 17 -0.77259656786918629 18 19
decision_type=2 10 2 2 9 2 9 9 2 10 9 2 10 2 10 10 9 2 8 10 2 2 9 9 2 10 2 9 2 10 10 9 9 10 2 2 10 10 2 10 2 9 2 2 2 2 10 9 2 9 9 10 10 9 9 2 10 9 9 2 9 9
left_child=13 2 3 5 19 10 11 17 15 12 35 14 27 31 26 -6 -15 18 21 20 44 -4 -23 36 32 45 40 -3 57 -11 -31 48 43 -34 -12 -2 46 -25 47 -17 41 -7 49 -13 -5 -22 52 -19 -1 -20 -41 -8 -14 -53 -30 -56 -37 -10 -18 60 -36 -61
right_child=1 9 7 4 8 6 51 -9 28 29 34 24 23 16 -16 39 58 38 42 -21 25 22 -24 37 -26 -27 -28 -29 54 30 -32 -33 33 -35 59 56 -38 -39 -40 50 -42 -43 -44 -45 -46 -47 -48 -49 -50 -51 -52 53 -54 -55 55 -57 -58 -59 -60 61 -62 -63
leaf_value=0 0.0037024776709258678 -0.0018345552682618449 0 0.003113983669408777 7.7668453509906043e-07 -0.0001600852347448701 0.0010562949565400992 0 0.00324633842742773 0.33849691495597162 0 0.0057259705020539188 0.0062283182022085833 0 -0.0019331833957243194 0 0 0 0.0027042836699680815 -0.0013403980069953997 0.0032983271356870542 0.1443251800433408 0.0060136492299537707 0.0071993246711074543 0.0062098272210459327 0.00080839901330970263 0.0029503599939319836 0.040850522999855657 0.001961563473573969 0.031984028474948412 0.77561602494296522 0 0.006417774814153932 0.0027001492821473682 0.0029115625562469065 0.003503848314035822 0.060653393146752756 0.01515598089093273 0 -0.00133084974198628 0.0034995311132164407 0.0036013426476581355 0 0.017418438324336146 0.0029386137489791509 0.0028465264349915092 0.0712383692583861 0.0024830212134735411 0 0 0.0033283283916208679 0.0035071072757501703 0.008894006628653384 -0.00051977735064422136 0.0030190905576812097 0.0068241594102500906 0.0010947626040747672 -0.00034918556781862053 0 0.0029182591975388445 -4.61943382788476e-05 -0.00037378910175072522
leaf_weight=428291 1305 1275 2797 2571 1392 735 1392 48893 1198 2858 7335 3109 653 31716 816 30726 88920 2120 5953 969 2621 2358 4003 451 3650 2803 2169 1085 751 868 1474 2346814 6543 1178 657 1491 589 2580 19320 535 6173 1551 9693 2858 674 415 1309 3570 144593 5145 438 1591 841 7322 386 792 249 2202 184233 1738 6277 884
leaf_count=428291 1305 1275 2797 2571 1392 735 1392 48893 1198 2858 7335 3109 653 31716 816 30726 88920 2120 5953 969 2621 2358 4003 451 3650 2803 2169 1085 751 868 1474 2346814 6543 1178 657 1491 589 2580 19320 535 6173 1551 9693 2858 674 415 1309 3570 144593 5145 438 1591 841 7322 386 792 249 2202 184233 1738 6277 884
internal_value=-0.0113821 -0.00064322 -0.00214267 0.0026708 -0.00394988 0.00810807 0.0121847 -0.00712504 -0.0079313 0.0220205 0.000115369 0.0173616 0.0170286 -0.0121325 0.0125044 -0.0097349 -0.0110197 -0.00451414 -0.00235776 0.0112628 0.0130614 0.00283632 0.00662435 0.0213238 0.0205776 0.00847962 0.0141607 0.00533898 0.00325342 0.0304519 0.0241994 -0.0122487 0.0226037 0.0195301 -0.0021441 0.0126146 0.027572 0.0141935 -0.00709816 -0.0103864 0.0163214 0.00998469 -0.00464564 0.0265037 0.0213059 0.0146245 0.0305432 -0.00285149 -0.0117797 -0.00237205 0.000809353 -0.00228914 0.0245482 -0.00347386 0.0107763 0.0161827 0.018477 -0.00101471 -0.0113674 0.000423817 -0.00140972 0.00527269
internal_weight=3.4499e+06 225331 211348 107496 48473 59023 39087 103852 38420 13983 19936 28782 8783 3.22457e+06 11444 33091 304869 54959 29949 10053 9084 9158 6361 6423 17338 5839 10628 2360 5329 5200 2342 2.9197e+06 13688 7721 16891 3045 3392 3031 25010 31699 8459 2286 20791 5967 3245 3036 2803 5690 572884 11098 973 10305 1494 8913 1929 1178 1740 3400 273153 9556 6934 2622
internal_count=3449898 225331 211348 107496 48473 59023 39087 103852 38420 13983 19936 28782 8783 3224567 11444 33091 304869 54959 29949 10053 9084 9158 6361 6423 17338 5839 10628 2360 5329 5200 2342 2919698 13688 7721 16891 3045 3392 3031 25010 31699 8459 2286 20791 5967 3245 3036 2803 5690 572884 11098 973 10305 1494 8913 1929 1178 1740 3400 273153 9556 6934 2622
cat_boundaries=0 4 7 11 15 18 22 26 30 34 37 39 43 46 49 53 56 59 63 67 70
cat_threshold=16777216 8388608 8388608 4 134404 17303578 268437568 1864505600 1137246392 3490709856 5 98304 8388608 4096 4 671286529 1098907650 268435520 1075838976 33620112 288 1 203425793 1103692976 403048610 320 16844800 13172760 1082265920 66 689112325 1099696154 1342177344 4 4 16777232 268437504 132096 2056 1612710144 37814288 268435712 5 622854400 59244680 268435776 0 16779282 268437504 536870912 262272 8388608 2 0 524304 4096 134144 262280 64 1101009572 38281245 1874871300 1038 553779232 262148 0 128 16779520 17301520 276824128
is_linear=0
shrinkage=0.05


Tree=14
num_leaves=63
num_cat=15
split_feature=7 1 7 42 0 0 42 6 0 8 5 2 2 8 7 42 34 0 8 42 18 5 37 8 5 7 0 2 8 6 0 42 0 1 34 6 7 7 9 7 42 9 3 42 0 7 0 0 1 2 0 0 0 18 0 43 31 8 1 7 0 43
split_gain=10883.2 2823.8 1977.16 1495.3 1174.37 508.981 404.487 331.7 317.31 249.538 180.872 266.935 177.599 169.411 139.713 136.689 128.305 148.849 124.045 122.383 139.788 119.484 135.941 140.695 104.313 222.785 98.8334 88.551 84.3579 80.1961 136.928 77.8503 72.6836 72.5375 70.699 65.184 63.2748 67.1544 57.4196 54.0933 51.8325 49.6487 48.6443 48.6241 48.0136 47.8758 43.2929 41.116 40.7849 49.3702 39.1757 39.0527 38.6353 38.4547 38.0349 37.9208 37.6285 36.7917 36.4082 45.7442 34.7989 33.7163
threshold=1.0000000180025095e-35 0.45000000298023229 1.0500000119209292 0.16280825436115268 0 1 -0.63405361771583546 1.0000000180025095e-35 2 3.2916666269302373 -1.0000000180025095e-35 0.94999998807907116 1.0000000180025095e-35 0.59583333134651195 0.15000000223517421 0.52778512239456188 0.25000000745058065 3 1.0000000180025095e-35 0.35206145048141485 1.5500000119209292 1.0000000180025095e-35 2.8605000972747807 0.087500002235174193 1.0000000180025095e-35 0.35000000894069677 4 0.15000000223517421 1.0000000180025095e-35 1.0000000180025095e-35 5 -0.84874749183654774 6 5.7500000000000009 0.35000000894069677 1.0000000180025095e-35 0.15000000223517421 0.55000001192092907 0.0082167778164150568 0.25000000745058065 -0.47114434838294977 0.053826317191123969 1.0000000180025095e-35 -0.16280825436115262 7 0.15000000223517421 8 9 0.15000000223517421 0.15000000223517421 10 11 12 0.94999998807907116 13 0.49812944233417517 0.05172413773834706 0.15416666865348819 0.15000000223517421 0.15000000223517421 14 0.29342973232269293
decision_type=2 10 2 2 9 9 2 2 9 2 10 10 10 2 2 2 2 9 2 2 8 10 2 2 10 2 9 10 2 2 9 2 9 10 2 2 2 2 2 2 2 2 10 2 9 2 9 9 10 10 9 9 9 10 9 2 2 2 10 2 9 2
left_child=16 2 3 5 21 6 24 14 18 10 32 13 15 27 43 39 54 -18 19 20 26 22 58 28 34 41 35 -12 -24 30 31 -7 -3 -15 51 40 61 -38 -31 -6 -4 -26 50 -8 -14 -40 -42 -20 49 -47 55 -2 -16 -53 -1 -41 -22 -51 59 -5 -19 -33
right_child=1 9 8 4 12 29 7 -9 -10 -11 11 -13 44 33 52 -17 17 60 47 -21 56 -23 23 -25 25 -27 -28 -29 -30 38 -32 36 -34 -35 -36 -37 37 -39 45 42 46 -43 -44 -45 -46 48 -48 -49 -50 57 -52 53 -54 -55 -56 -57 -58 -59 -60 -61 -62 -63
leaf_value=0 0.0036777979559734124 0.064787690978333853 0.14577514604926992 0.0028465840922004323 0 -0.00030302903980799806 0.0030934729040330696 0 0 0.47550466541142911 0.081199788333568917 0.075661090715266263 0.00447776014876629 0.0058862079417346174 0.0089150773575459915 0 0 0 0.092508195223469258 0 0 -0.0012733781066456284 0.0031435330597028841 0.00076099558024771282 -0.0014091553458001574 0.011281000519291248 0 0.010237784519296876 0.0024718661807364567 -0.00085931138516775205 -0.0001964858786793665 0.0033317519119626621 -0.00012871173455012431 0.4837668354146441 0.0041361847916596365 0 0.0055020195472266298 -0.00019668004981314124 0 0.0021218841600032243 -0.0059107402122443855 0.00238944623363746 0 0 6.990160815891544e-07 0.0027612172306688307 0.1101116409525212 0.001636612679555645 -0.0010359271640960732 0.003834260855051919 0 0.0076707172932667048 0.0051516968404437735 0.0060969376704551248 0 0.0062734851280181279 0 0.0011743316234661746 0.0028088202191284013 0.0031587135664500653 0 0.0031567477219051373
leaf_weight=441982 3791 555 1972 817 6609 1903 2453 7766 48893 3783 782 1920 491 3333 1938 26532 74508 215089 1042 19968 11305 969 2718 2673 1994 1486 4662 1443 448 2768 2636 1900 1753 414 4013 625 1964 300 3958 411 645 661 635 1600 1961 2799 1296 4059 1933 356 1084 5627 4106 1009 2056820 697 9385 234 1231 1197 436168 1828
leaf_count=441982 3791 555 1972 817 6609 1903 2453 7766 48893 3783 782 1920 491 3333 1938 26532 74508 215089 1042 19968 11305 969 2718 2673 1994 1486 4662 1443 448 2768 2636 1900 1753 414 4013 625 1964 300 3958 411 645 661 635 1600 1961 2799 1296 4059 1933 356 1084 5627 4106 1009 2056820 697 9385 234 1231 1197 436168 1828
internal_value=-0.0113901 -0.000766594 -0.00220631 0.00254707 -0.00396019 0.0078912 0.0115447 0.00617547 -0.00712649 0.0209942 0.0169265 0.0205271 -0.00794041 0.0153131 0.0121509 -0.00883007 -0.0121325 -0.0115473 -0.00451686 -0.00527749 -0.00325276 0.0112479 0.0130394 0.00847962 0.0167126 0.00971686 0.001875 0.0262416 0.0156112 0.00198825 0.00517638 0.00846458 0.00461438 0.00882373 0.0187188 0.00711851 0.0112734 0.0178666 -0.000796813 -0.00366151 0.00952913 0.00104049 0.00212681 0.00496854 0.00507749 0.00108836 0.00372875 0.00290874 0.00418546 0.00749115 0.00565693 0.0208893 0.0169672 0.0232621 -0.0123025 0.0122093 -0.00553287 0.0206356 0.0212442 0.0253848 -0.01179 0.00726931
internal_weight=3.4499e+06 225331 211348 107496 48473 59023 36444 17863 103852 13983 10200 7892 38420 5972 10097 35968 3.22457e+06 725765 54959 49858 29890 10053 9084 5839 18581 4141 9200 2225 3166 22579 10531 7895 2308 3747 14440 4538 5992 2264 12048 9436 3913 2655 2827 4053 2452 9280 1941 5101 5322 3389 2192 10427 6044 6636 2.4988e+06 1108 20690 590 3245 2014 651257 3728
internal_count=3449898 225331 211348 107496 48473 59023 36444 17863 103852 13983 10200 7892 38420 5972 10097 35968 3224567 725765 54959 49858 29890 10053 9084 5839 18581 4141 9200 2225 3166 22579 10531 7895 2308 3747 14440 4538 5992 2264 12048 9436 3913 2655 2827 4053 2452 9280 1941 5101 5322 3389 2192 10427 6044 6636 2498802 1108 20690 590 3245 2014 651257 3728
cat_boundaries=0 4 7 11 14 18 22 26 29 32 36 39 42 45 49 53
cat_threshold=16777216 8388608 8388608 4 2308 17303570 268437568 1864505600 1137246392 3490709856 5 671286529 25690114 268435520 1092616192 55115920 268435744 1 132096 8650760 0 4 1140850720 1073742976 164 256 2084 786436 4096 0 17367056 268435456 102897664 1073741832 0 1 131332 16779274 268437568 2304 2048 64 4 2064 2048 152241412 1099696154 1342177344 4 1101009572 1111498813 1790985220 1294
is_linear=0
shrinkage=0.05


Tree=15
num_leaves=63
num_cat=15
split_feature=7 1 7 42 0 3 0 0 1 7 2 5 42 5 35 8 0 42 42 18 18 5 37 8 42 7 8 0 8 1 42 0 8 0 7 42 0 8 7 2 5 33 7 31 0 0 6 0 6 43 42 6 8 1 7 0 0 19 0 0 3 7
split_gain=10437.6 2349.65 1899.75 1436.21 1154.34 480.318 325.237 313.836 257.136 251.007 223.37 379.454 170.405 230.219 168.708 162.302 153.809 140.198 137.956 149.306 128.074 123.877 137.346 128.358 99.4226 94.4049 92.2505 88.0771 80.8775 73.8312 69.7796 65.022 64.3892 64.3712 65.5641 60.5032 80.493 67.4174 55.4314 52.4282 84.2974 51.2337 50.9717 50.7735 49.1069 42.8875 40.3264 39.9278 39.2149 38.7205 37.9507 48.0496 37.9131 37.4185 43.1016 37.1518 33.7761 31.0839 30.8704 30.6741 30.522 28.1962
threshold=1.0000000180025095e-35 0.45000000298023229 1.0500000119209292 0.16280825436115268 0 1.0000000180025095e-35 1 2 7.5499999523162851 0.25000000745058065 1.0500000119209292 -1.0000000180025095e-35 -0.47114434838294977 1.0000000180025095e-35 2.0499999523162846 0.012500000651925804 3 0.52778512239456188 0.41248606145381933 1.5500000119209292 0.64583334326744091 1.0000000180025095e-35 2.8605000972747807 0.087500002235174193 -0.77259656786918629 0.15000000223517421 0.59583333134651195 4 1.0000000180025095e-35 3.7500000000000004 -0.47114434838294977 5 1.0000000180025095e-35 6 0.15000000223517421 -0.63405361771583546 7 0.15416666865348819 0.65000000596046459 0.15000000223517421 -0.15000000223517415 0.25000000745058065 0.25000000745058065 0.05172413773834706 8 9 1.0000000180025095e-35 10 1.0000000180025095e-35 0.49812944233417517 -0.84874749183654774 1.0000000180025095e-35 1.0000000180025095e-35 0.15000000223517421 0.15000000223517421 11 12 3.5000000000000004 13 14 1.0000000180025095e-35 0.15000000223517421
decision_type=2 10 2 2 9 10 9 9 10 2 10 10 2 10 2 2 9 2 2 8 10 10 2 2 2 2 2 9 2 10 2 9 2 9 2 2 9 2 2 10 10 2 2 2 9 9 2 9 2 2 2 2 2 10 2 9 9 2 9 9 10 2
left_child=14 2 3 5 21 7 18 9 10 12 26 29 13 41 44 17 -16 42 19 27 45 22 53 28 -9 -7 -3 -4 -24 31 -29 -12 -20 34 -26 36 -27 39 -36 56 -41 50 -6 -21 -1 -11 47 49 57 -44 -2 -52 -8 54 -5 -18 -37 -14 -45 -17 -32 -25
right_child=1 8 6 4 15 25 52 24 -10 20 11 -13 48 -15 16 59 55 -19 32 43 -22 -23 23 61 33 35 -28 30 -30 -31 60 -33 -34 -35 38 37 -38 -39 -40 40 -42 -43 46 58 -46 -47 -48 -49 -50 -51 51 -53 -54 -55 -56 -57 -58 -59 -60 -61 -62 -63
leaf_value=0 0.0036221234647242067 0.0099050583549643752 0 0.0026854047661193556 0 -2.2791886584435728e-07 0 -0.00018579800986306044 0.90530642428617891 0.014194209201778153 0.054409474497582128 0.091729417835742899 0.0024683213339850201 -0.0013386975785101493 0 0.0040557686557648534 0 0 0 0 0.0061634143745845646 -0.0012097092013133471 0.002893278257006381 -0.00096795453511423844 0.0029368542679559738 0.0030679556822314339 0.0055872232427157725 0.11993013843909744 0.0023460365619851664 0.093546834030252907 0.061337840353733686 -7.310525926454981e-05 0.0067342904165311763 1.0600978469067387e-05 0.0054642438263568663 -4.4622471673249334e-05 0.00087996349122790242 -0.0010610825065710816 -0.00018684604732248418 -4.3884621364905223e-05 0.0017900350876022932 0.0026167544298882957 -0.00010609420800016122 0.0033991718408273239 0 0.0084054592767353539 0 0 0 0.0062731461967705853 0.0039571808968401267 0.0019014879810312893 0 0.0026695823245668233 0.0029889028879506105 0 0.0030037323218687255 -0.00061779865210275387 0 6.6406527750969674e-07 0 0.0029500442731435375
leaf_weight=511519 5128 2386 4939 803 6661 4657 47426 5204 2023 3728 640 2738 4467 1763 46081 683 141753 26302 18605 11940 2063 996 2718 1136 3324 2057 4241 2777 448 543 2391 1435 1456 2788 2094 1746 3258 3656 238 266 391 1380 264 3569 2233411 3277 759 1229 1146 611 3724 950 2502 1229 1181 292321 1107 620 7645 1844 494 1528
leaf_count=511519 5128 2386 4939 803 6661 4657 47426 5204 2023 3728 640 2738 4467 1763 46081 683 141753 26302 18605 11940 2063 996 2718 1136 3324 2057 4241 2777 448 543 2391 1435 1456 2788 2094 1746 3258 3656 238 266 391 1380 264 3569 2233411 3277 759 1229 1146 611 3724 950 2502 1229 1181 292321 1107 620 7645 1844 494 1528
internal_value=-0.0114033 -0.000995563 -0.00231096 0.00234957 -0.00403579 0.00758402 -0.0071368 0.0104687 0.0188366 0.0134759 0.016053 0.0236464 0.0102396 0.01351 -0.0121299 -0.00798588 -0.0112653 -0.00885181 -0.00443745 -0.00248667 0.0203352 0.0110521 0.0129064 0.0083319 0.00423195 0.000532443 0.00991587 0.00242784 0.0151374 0.0100363 0.00667754 0.00574096 -0.00772207 0.00758527 0.0106424 0.00279925 0.00684149 -0.000198856 0.0170883 0.00475071 0.0174848 0.0161577 -0.00365393 -0.00473676 -0.0122812 0.02356 0.00192543 0.00548954 0.00344738 0.0135734 0.0174276 0.0141688 -0.0100435 0.0212068 0.0254536 -0.0115574 0.00181826 0.00532976 -0.00232076 0.004259 0.0012435 0.000243994
internal_weight=3.45026e+06 225174 211168 107424 48392 59032 103744 41894 14006 28246 11983 5356 19178 12945 3.22508e+06 38353 480155 35826 53816 33755 9068 10039 9043 5830 13648 17138 6627 10601 3166 2618 5662 2075 20061 8444 5656 12481 5315 7166 2332 3510 657 11182 9524 23154 2.74493e+06 7005 2863 2104 6233 875 9802 4674 49928 3213 1984 434074 2853 5087 11214 2527 2885 2664
internal_count=3450259 225174 211168 107424 48392 59032 103744 41894 14006 28246 11983 5356 19178 12945 3225085 38353 480155 35826 53816 33755 9068 10039 9043 5830 13648 17138 6627 10601 3166 2618 5662 2075 20061 8444 5656 12481 5315 7166 2332 3510 657 11182 9524 23154 2744930 7005 2863 2104 6233 875 9802 4674 49928 3213 1984 434074 2853 5087 11214 2527 2885 2664
cat_boundaries=0 4 8 11 14 18 21 25 28 32 35 38 42 45 48 51
cat_threshold=16777216 8388608 8388608 4 1864501504 1137246392 3490709856 5 2308 17303698 268437568 671286529 25165826 268435520 671222016 1082130472 3222274112 4 67110944 1090520192 268435488 132096 8388616 0 4 2308 17301522 268437568 689112324 1099696154 1342177344 4 0 16779280 2048 131332 16779272 268437504 1101009572 1112023101 1858077700 1286 132100 17303562 268435520 2097152 8913032 269484384 3104 262148 4160
is_linear=0
shrinkage=0.05


Tree=16
num_leaves=63
num_cat=16
split_feature=7 1 7 42 0 0 42 0 2 5 6 1 35 8 0 1 42 5 0 8 42 18 6 7 7 5 0 1 42 42 8 8 8 34 9 0 28 43 0 9 6 43 7 0 6 0 1 7 0 42 43 0 0 5 2 0 30 2 7 7 0 0
split_gain=10325.1 2193.19 1919.75 1447.65 1155.35 379.28 343.561 316.225 273.704 295.066 191.871 191.072 168.708 159.13 153.809 152.021 138.746 123.729 135.643 127.815 122.792 142.047 120.115 125.836 109.643 95.9206 92.7434 90.7338 99.1843 79.4481 79.3104 79.0856 78.835 75.2635 61.3191 60.6605 57.4155 57.3702 57.2686 55.9375 54.4754 52.0929 49.4215 49.1069 39.3346 37.6964 37.4185 43.1016 37.1518 35.9435 35.9206 34.2453 33.8195 33.6103 53.9003 32.912 32.0471 30.875 31.8948 44.3099 45.7302 34.2314
threshold=1.0000000180025095e-35 0.45000000298023229 1.0500000119209292 0.16280825436115268 0 1 -0.58216583728790272 2 1.1500000357627871 -1.0000000180025095e-35 1.0000000180025095e-35 3.8500000238418584 2.0499999523162846 0.012500000651925804 3 8.3499999046325701 0.52778512239456188 1.0000000180025095e-35 4 0.087500002235174193 0.2269546836614609 0.35416667163372045 1.0000000180025095e-35 0.45000000298023229 0.25000000745058065 1.0000000180025095e-35 5 1.0000000180025095e-35 -0.84874749183654774 -0.84874749183654774 1.0000000180025095e-35 0.59583333134651195 1.0000000180025095e-35 0.35000000894069677 0.053826317191123969 6 0.017647059634327892 0.3744682669639588 7 0.019669849425554279 1.2500000000000002 0.79904097318649303 0.25000000745058065 8 1.0000000180025095e-35 9 0.15000000223517421 0.15000000223517421 10 -0.47114434838294977 0.49812944233417517 11 12 1.0000000180025095e-35 0.65000000596046459 13 0.14181878417730334 1.0000000180025095e-35 0.65000000596046459 0.15000000223517421 14 15
decision_type=2 10 2 2 9 9 2 9 10 10 2 10 2 2 9 10 2 10 9 2 2 8 2 2 2 10 9 10 2 2 2 2 2 2 2 9 2 2 9 2 2 2 2 9 2 9 10 2 9 2 2 9 9 8 8 9 2 10 2 2 9 9
left_child=12 2 3 5 17 6 22 20 15 11 24 35 43 16 -14 31 42 18 46 30 21 26 33 25 -8 29 40 28 -7 -24 -20 -3 -22 41 -27 -10 51 -26 57 -29 49 -2 -6 -1 45 50 47 -5 -16 -4 -44 -23 -34 -33 -55 -51 -57 58 59 61 -61 -30
right_child=1 8 7 4 13 27 10 -9 9 -11 -12 -13 14 -15 48 -17 -18 -19 19 -21 32 36 23 -25 37 34 -28 39 38 -31 -32 53 52 -35 -36 -37 -38 -39 -40 -41 -42 -43 44 -45 -46 -47 -48 -49 -50 55 -52 -53 -54 54 -56 56 -58 -59 -60 60 -62 -63
leaf_value=0 0.0053165272868881909 0.0094098054372161576 0.13148987681806137 0.0025511345278133877 0 -0.00021758414979052509 0.002402110718830034 0 0.052877647198977834 0.13992879249980225 0 0.46828149374245759 0 0.0013806162958404306 0 0.66512295027975255 0 -0.0011492237412476791 0.0027486143441560621 0.002056049394152206 0 0.0028317650872715181 0.0027815376658585789 0.013327521027545478 0.0059639255913645373 -0.0010888151971877313 0 -0.00081633441996607217 -0.00067787791634219344 0.0021768754316526945 0.0022287347338859078 0.00030786088848708818 0.0382249447303794 0.004433731938465902 0.0022556110060445267 9.3688786917639491e-05 0 0.0084346110067420928 9.2942450105149565e-06 0.00065261952922582344 0 0.007999866552815595 -0.00010078949760015317 0 0 0 0.0025361032083384819 0.0028394577435530799 0 -0.012462408096134867 0.0059594888869320571 0 -0.0024404554120939746 0.018735976421574652 0.022508415772046531 0.060262580463658691 0.1595690052998511 -9.2725987407540298e-05 -0.00017910636606634385 0.002964937824851735 0.0050796215113982583 0.0028476911934489763
leaf_weight=511519 4787 2387 1589 803 6661 4892 6097 48718 632 3125 7243 1165 46081 2527 141753 736 26302 996 2718 2664 22205 6183 2553 1613 975 2178 4391 3210 459 2173 448 2221 947 2730 1071 1416 13014 2287 2484 4379 791 2662 264 2233411 759 1229 1229 1181 292321 260 611 3788 839 2005 319 579 440 562 274 1166 1197 4040
leaf_count=511519 4787 2387 1589 803 6661 4892 6097 48718 632 3125 7243 1165 46081 2527 141753 736 26302 996 2718 2664 22205 6183 2553 1613 975 2178 4391 3210 459 2173 448 2221 947 2730 1071 1416 13014 2287 2484 4379 791 2662 264 2233411 759 1229 1229 1181 292321 260 611 3788 839 2005 319 579 440 562 274 1166 1197 4040
internal_value=-0.0114072 -0.00105574 -0.00232658 0.00235841 -0.00405232 0.00761367 0.0107765 -0.00717776 0.0181047 0.0257928 0.00547675 0.0151533 -0.0121299 -0.00800413 -0.0112653 0.0117501 -0.00886158 0.0110421 0.0128953 0.00830051 -0.00457746 -0.00250161 0.0152331 0.0112171 0.0102054 0.00864107 0.00321429 0.0025322 0.00477809 0.0131877 0.0151058 0.00945615 -0.0072647 0.0190159 0.00202755 0.00595703 -0.00450348 0.0176042 0.00758937 -0.00192548 0.00907945 0.0216187 -0.00369068 -0.0122812 0.00180318 0.00532319 0.021141 0.0254536 -0.0115574 0.0123082 0.013178 -0.00164853 0.00284155 0.00558581 0.00978916 0.00606919 0.0100705 0.00971393 0.0106152 0.0112832 0.0168271 0.0083713
internal_weight=3.45026e+06 225174 211168 107424 48392 59032 36369 103744 14006 6338 16602 3213 3.22508e+06 38353 480155 7668 35826 10039 9043 5830 55026 31035 19767 9588 9359 7975 8050 22663 15074 4726 3166 6932 23991 10179 3249 2048 22985 3262 10182 7589 3659 7449 9524 2.74493e+06 2863 2104 3213 1984 434074 2868 875 9971 1786 4545 2324 1279 1019 7698 7136 6862 2363 4499
internal_count=3450259 225174 211168 107424 48392 59032 36369 103744 14006 6338 16602 3213 3225085 38353 480155 7668 35826 10039 9043 5830 55026 31035 19767 9588 9359 7975 8050 22663 15074 4726 3166 6932 23991 10179 3249 2048 22985 3262 10182 7589 3659 7449 9524 2744930 2863 2104 3213 1984 434074 2868 875 9971 1786 4545 2324 1279 1019 7698 7136 6862 2363 4499
cat_boundaries=0 4 7 11 14 16 20 24 28 32 35 39 42 45 48 52 54
cat_threshold=16777216 8388608 8388608 4 2308 17303570 268437568 1864505600 1137246392 3490709856 5 671286529 25165826 268435520 0 8388608 1075838976 37814416 268435744 1 67108896 1090520192 268435488 256 132096 8650760 0 4 689112324 1099696154 1342177344 4 131332 16779272 268437504 1101009572 1112023101 1858077700 1286 555745536 1099432088 268435776 117577728 1115684872 2147483712 0 65536 268435456 0 8388608 0 4 0 8388608
is_linear=0
shrinkage=0.05


Tree=17
num_leaves=63
num_cat=0
split_feature=7 1 7 41 2 41 38 1 18 1 2 5 7 34 18 37 37 28 27 3 27 38 2 5 41 19 5 7 41 18 41 34 34 28 28 41 28 29 41 34 28 19 34 34 41 28 4 28 7 7 1 1 38 36 29 1 37 2 5 1 6 43
split_gain=9893.27 2031.58 1794.71 420.842 355.96 211.848 184.014 182.274 162.489 156.334 173.179 340.18 151.608 130.098 103.05 99.0725 148.838 95.5301 79.5838 71.9202 86.0177 67.1343 59.5262 57.8611 56.6827 55.3323 52.0102 63.6156 51.0221 54.4055 47.6154 46.6311 46.3105 46.1592 44.4799 44.0904 43.148 42.1708 41.6714 36.5057 33.6543 32.2873 37.1817 32.0983 30.8564 38.2325 30.8201 29.6948 28.4949 28.3913 49.6105 28.3614 28.0678 27.7843 27.2936 26.8929 26.7116 26.5843 28.1418 26.5043 25.9943 24.7547
threshold=1.0000000180025095e-35 1.2500000000000002 1.2500000000000002 1.0000000180025095e-35 1.0000000180025095e-35 -0.77259656786918629 13.500000000000002 0.15000000223517421 11.449999809265138 8.3499999046325701 1.0000000180025095e-35 -1.0000000180025095e-35 0.25000000745058065 0.25000000745058065 4.3541667461395273 2.8605000972747807 3.9864999055862431 0.064705885946750655 0.038691813126206405 1.0000000180025095e-35 0.03482263162732125 21.500000000000004 1.0000000180025095e-35 1.0000000180025095e-35 0.84874749183654796 1.5000000000000002 1.0000000180025095e-35 0.45000000298023229 0.52778512239456188 0.27500000596046453 0.29012925922870642 4.2500000000000009 1.0000000180025095e-35 0.021568628028035167 0.0098039219155907648 0.63405361771583568 0.013725490774959328 10.628359794616701 0.91037613153457653 1.0000000180025095e-35 0.0098039219155907648 3.5000000000000004 1.0000000180025095e-35 0.84999999403953563 0.68322628736495983 0.061906902119517333 0.25000000745058065 0.064705885946750655 2.7500000000000004 0.15000000223517421 0.15000000223517421 5.0499999523162851 4.5000000000000009 3.5000000000000004 2.0751926898956303 1.0000000180025095e-35 5.1965000629425058 0.25000000745058065 -1.0000000180025095e-35 0.45000000298023229 1.0000000180025095e-35 0.9470459818840028
decision_type=2 10 2 2 10 2 2 10 10 10 8 8 2 2 8 2 2 2 2 10 2 2 10 10 2 2 10 2 2 10 2 2 2 2 2 2 2 2 2 2 2 2 2 2 2 2 10 2 2 2 10 10 2 2 2 10 2 10 10 10 2 2
left_child=13 2 3 4 6 57 15 8 28 10 46 51 17 -1 18 39 61 19 22 20 -5 26 24 33 -14 35 -7 -28 32 37 -9 -15 -4 41 52 47 -27 56 -19 -2 -8 42 -22 -44 45 -38 -3 -20 -39 -21 55 -12 -10 -16 -35 -51 -30 -6 -59 -32 -18 -17
right_child=1 9 7 12 5 21 40 30 34 -11 11 -13 14 31 53 16 60 38 25 49 23 -23 -24 -25 -26 36 27 -29 29 -31 59 -33 -34 54 -36 -37 44 48 -40 -41 -42 -43 43 -45 -46 -47 -48 -49 -50 50 -52 -53 -54 -55 -56 -57 -58 58 -60 -61 -62 -63
leaf_value=0 0 0.0017991857067275907 0 0 7.7668453509906043e-07 0.0016709507478819934 0.0025920478723885062 0.00084595369796486091 0.0086034375114278118 0.89725347394206101 0.013276270727184581 0.081365090785279856 0 0 0.0096007395494351784 0.0025388393058352562 0 0 0.011037666839013728 -0.0004442049458400247 0.0024404835233645494 0.0027241962754320295 0.0035754740975227255 -0.001217321939725255 0.003836387288827721 0.0025611269011196012 0.0019866241091959585 0.0094950041577529509 0 0 0.0018586079046321704 0 0 0.00280422850772252 0 0.011391188968090674 0.0074719318536978193 0.00055609804687835275 0.0018268115700365288 0 0.0018520404417105502 0.001456953119347202 0.0028357571993328462 0.0020713828921090764 0.007467038658534742 0 0.086128738895688381 0 0.15049801913455996 -0.00075150978322482346 -0.0010269928015974969 0.10650101475784322 0 0 0.0024898880299108355 0.0020476223986105255 0.10450590149583437 -0.0020697233936800299 0.00029246784406273266 0.028563790590997014 0 0.003071293731615013
leaf_weight=2498501 15878 966 16603 3377 6362 6184 1987 1442 703 1816 1893 2664 1486 603119 841 2714 3090 2991 1960 2535 10455 1829 686 1131 713 3653 952 748 4811 6627 290 123465 10809 1889 47547 3042 1469 310 1948 6417 5810 2820 3870 1482 2265 427 1279 234 443 389 946 325 12021 3553 530 1153 1401 1549 1514 637 1459 249
leaf_count=2498501 15878 966 16603 3377 6362 6184 1987 1442 703 1816 1893 2664 1486 603119 841 2714 3090 2991 1960 2535 10455 1829 686 1131 713 3653 952 748 4811 6627 290 123465 10809 1889 47547 3042 1469 310 1948 6417 5810 2820 3870 1482 2265 427 1279 234 443 389 946 325 12021 3553 530 1153 1401 1549 1514 637 1459 249
internal_value=-0.0114225 -0.00128978 -0.00225563 0.00211492 -0.000917751 0.00463345 -0.00374295 -0.0070033 -0.00732399 0.0220633 0.0187263 0.0240117 0.0051963 -0.0121299 0.00863975 -0.00553184 -0.000565761 0.00322531 0.0105091 0.0042675 0.00534261 0.00981545 0.00299393 0.00647461 -0.00101751 0.0121705 0.00781329 0.0155588 -0.00489586 -0.00239111 0.00670642 -0.0115411 -0.00613782 0.00706666 -0.00897592 0.0161478 0.00950537 0.000694544 -0.00322687 -0.00720509 0.00309574 0.00622282 0.00710208 0.0104914 0.0129867 0.00828059 0.00723274 0.0107452 0.0118692 -0.00120197 0.00259244 0.00954689 -0.0063502 0.00186049 0.0135645 0.00812257 -0.000660013 -0.000706897 -0.00453395 0.0155475 -0.00624588 0.00815474
internal_weight=3.45026e+06 225174 216231 112587 56742 19138 37604 103644 101275 8943 7127 4882 55845 3.22508e+06 20329 29807 7512 35516 15935 30577 25554 9713 2885 22177 2199 13050 7884 1700 41004 13592 2369 726584 27412 21046 60271 5236 7814 6965 4939 22295 7797 18627 15807 5352 4161 1896 2245 2194 753 5023 2488 2218 12724 4394 2419 1542 6212 9425 3063 927 4549 2963
internal_count=3450259 225174 216231 112587 56742 19138 37604 103644 101275 8943 7127 4882 55845 3225085 20329 29807 7512 35516 15935 30577 25554 9713 2885 22177 2199 13050 7884 1700 41004 13592 2369 726584 27412 21046 60271 5236 7814 6965 4939 22295 7797 18627 15807 5352 4161 1896 2245 2194 753 5023 2488 2218 12724 4394 2419 1542 6212 9425 3063 927 4549 2963
is_linear=0
shrinkage=0.05


Tree=18
num_leaves=63
num_cat=0
split_feature=6 1 1 10 1 17 41 41 9 34 5 5 39 4 5 40 42 19 38 28 42 49 28 40 1 41 42 41 38 43 28 43 9 38 3 5 10 42 41 41 19 9 34 41 38 1 1 5 4 5 38 4 23 42 41 4 41 5 38 34 19 38
split_gain=6612.07 1263.84 345.858 180.04 147.174 132.948 131.858 128.087 192.899 123.66 122.759 329.126 80.7654 78.2315 70.9662 64.6306 61.7497 76.7082 64.8968 54.1434 53.4006 49.914 49.5878 74.9134 46.484 44.2951 44.2795 55.4624 106.036 79.4393 44.1527 46.9383 42.0577 40.6189 38.0831 37.3419 32.0937 28.1027 28.0447 27.6303 32.5581 27.3402 26.6521 25.374 24.0901 22.4621 21.8211 57.4315 50.4882 36.0261 29.3199 21.6186 20.593 20.5817 19.9935 19.5988 18.7743 18.1024 18.096 17.4109 17.1973 21.6054
threshold=1.0000000180025095e-35 1.3499999642372134 1.0000000180025095e-35 71.458332061767592 10.250000000000002 10.562500000000002 -0.63405361771583546 -0.77259656786918629 0.049961389973759658 1.0000000180025095e-35 1.3499999642372134 -1.0000000180025095e-35 0.23499999940395358 -1.0000000180025095e-35 1.0000000180025095e-35 2.2289999723434453 0.16280825436115268 2.5000000000000004 21.500000000000004 0.013725490774959328 0.16280825436115268 1.0000000180025095e-35 0.021568628028035167 1.0000000180025095e-35 5.0499999523162851 -0.41248606145381922 0.35206145048141485 0.032701563090086053 7.5000000000000009 0.79904097318649303 0.044210137799382217 0.62587949633598339 0.037215966731309898 7.5000000000000009 1.0000000180025095e-35 -1.0000000180025095e-35 71.958332061767592 0.2269546836614609 -0.9103761315345763 0.032701563090086053 2.5000000000000004 0.0082167778164150568 4.5499999523162851 0.77259656786918651 5.5000000000000009 0.15000000223517421 0.15000000223517421 -1.0000000180025095e-35 -1.0000000180025095e-35 -1.0000000180025095e-35 13.500000000000002 -1.0000000180025095e-35 0.0073439523112028846 0.29012925922870642 0.2269546836614609 0.84999999403953563 0.63405361771583568 1.0000000180025095e-35 6.5000000000000009 1.0000000180025095e-35 2.5000000000000004 2.5000000000000004
decision_type=2 10 10 2 10 10 2 2 2 2 10 8 2 10 10 2 2 2 2 2 2 2 2 2 10 2 2 2 2 2 2 2 2 2 10 10 2 2 2 2 2 2 2 2 2 10 10 10 10 10 2 8 8 2 2 10 2 10 2 2 2 2
left_child=3 2 5 19 10 6 20 46 12 22 11 24 44 -8 16 21 17 25 -18 59 -2 30 23 26 38 -14 27 -5 29 -29 31 42 34 39 -15 45 52 -21 -3 -33 53 -19 -11 -20 -9 -10 47 48 -4 -48 -49 -22 -12 -41 -43 -54 -27 -52 -16 -1 -31 -62
right_child=1 4 7 9 -6 -7 13 8 35 15 36 -13 14 32 58 -17 18 41 43 37 51 -23 -24 -25 -26 56 -28 28 -30 60 -32 33 -34 -35 -36 -37 -38 -39 -40 40 -42 54 -44 -45 -46 -47 49 50 -50 -51 57 -53 55 -55 -56 -57 -58 -59 -60 -61 61 -63
leaf_value=0 0 -0.0035602795083112706 -0.0018534636995182459 0 0.96951546336546235 0 0.0090600737514240064 0.0011265967390656773 0.0042752176203776837 0 0.17056174339115981 0.077289010212452436 0.0013051606491854481 0.0027781731302157311 0.0032695186743631312 0 0.0024428043114894634 -0.00099307464411587591 0.0021376317814885307 0 0.0033191501657941799 0 0 0 0.13192597641771711 0.0022377707954196442 0 0 0 0 0 0 0 0 0 0.006675717659938853 0.015564591884583569 0 0.023063942718993737 0 0 0.0028280236019758323 0 0.0022542849270537763 -0.00075330745167576725 0.0022996868104981972 -0.0041909750135891597 -0.0010684364175176015 0.0016169955348615138 -0.00010253991228536749 0.0027075749680850456 0 0.010857449109046248 0 -4.9265844940186987e-05 0.22053450522380116 0.017173657153133109 -0.0017584502634431301 -0.0011259386696395605 0 0.0014110851120621413 0
leaf_weight=12302 7428 448 355 118108 1430 8148 1295 1243 389 242259 471 2348 1429 1353 869 474759 2338 1780 1721 61154 226 2695 1279534 500362 449 1287 196660 41072 62013 4064 234954 7395 7172 34209 593 5528 1159 45054 1331 4792 7307 546 29714 669 2936 887 1525 1998 646 3132 506 4725 502 704 1169 494 332 204 2445 11981 872 4789
leaf_count=12302 7428 448 355 118108 1430 8148 1295 1243 389 242259 471 2348 1429 1353 869 474759 2338 1780 1721 61154 226 2695 1279534 500362 449 1287 196660 41072 62013 4064 234954 7395 7172 34209 593 5528 1159 45054 1331 4792 7307 546 29714 669 2936 887 1525 1998 646 3132 506 4725 502 704 1169 494 332 204 2445 11981 872 4789
internal_value=-0.0114293 0.00340618 0.00101466 -0.0117522 0.0213797 -0.00280866 -0.000848982 0.00450065 0.00625782 -0.0118254 0.0184706 0.0234156 0.00364261 0.00329756 0.00539853 -0.0113756 0.00728973 0.00414374 0.0116434 -0.00993124 -0.00433698 -0.0110137 -0.0120371 -0.0117588 0.00964991 0.00994094 -0.0112729 -0.0108033 -0.0100104 -0.00831668 -0.0110463 -0.0106701 0.00166429 -0.00932945 0.00818345 0.01347 0.00985339 -0.0104182 0.00602164 -0.00755149 -0.00614602 -0.000912017 -0.0109383 0.0174372 -0.00248564 0.00576019 -0.000869591 0.00199178 0.0122253 -0.00314849 -0.00179099 -0.00835942 0.0147665 -0.00323872 0.00359329 0.0106928 0.0156038 0.00693662 -0.00103349 -0.00780124 -0.00425321 -0.00603471
internal_weight=3.45026e+06 73506 64874 3.37675e+06 8632 30940 22792 33934 25568 3.24626e+06 7202 4576 18764 10413 14585 1.03879e+06 11271 6543 4728 130491 12379 564029 2.20747e+06 927940 2228 3048 427578 230918 112810 50797 561334 326380 9118 54407 1946 6804 2626 106208 1779 20198 12803 3495 271973 2390 4179 1276 8366 3709 1001 4657 2708 4951 1467 5496 1715 996 1619 710 3314 24283 9725 5661
internal_count=3450259 73506 64874 3376753 8632 30940 22792 33934 25568 3246262 7202 4576 18764 10413 14585 1038788 11271 6543 4728 130491 12379 564029 2207474 927940 2228 3048 427578 230918 112810 50797 561334 326380 9118 54407 1946 6804 2626 106208 1779 20198 12803 3495 271973 2390 4179 1276 8366 3709 1001 4657 2708 4951 1467 5496 1715 996 1619 710 3314 24283 9725 5661
is_linear=0
shrinkage=0.05


Tree=19
num_leaves=63
num_cat=0
split_feature=7 8 7 42 1 41 41 38 35 2 5 41 7 1 1 18 42 1 6 6 41 35 41 7 7 42 18 18 7 38 37 37 7 5 1 5 2 41 36 41 37 35 41 19 44 40 40 40 7 49 8 41 18 7 2 5 40 9 38 42 8 9
split_gain=9525.09 1776.41 1250.46 1867.41 801.339 537.542 206.17 184.461 168.708 166.002 260.761 151.657 148.835 161.786 144.833 140.134 138.62 119.022 115.682 100.085 134.086 85.2995 84.0393 73.9706 71.7546 63.7058 62.335 60.1404 57.5349 72.4104 49.0326 217.245 48.4428 75.5458 61.7672 100.236 46.1441 38.3934 38.1559 37.7291 58.2103 36.8715 36.0981 35.9856 32.6299 33.5249 70.8817 61.9302 43.9076 31.3774 31.3096 29.7164 29.4942 29.3541 29.1826 29.4163 26.9846 25.8201 30.8531 51.2477 29.7127 25.6728
threshold=1.0000000180025095e-35 1.0000000180025095e-35 1.0500000119209292 0.2269546836614609 1.4499999880790713 0.032701563090086053 -0.77259656786918629 13.500000000000002 2.0499999523162846 1.0000000180025095e-35 -1.0000000180025095e-35 0.84874749183654796 0.15000000223517421 1.0000000180025095e-35 5.7500000000000009 11.775000095367433 0.41248606145381933 10.900000095367433 4.7500000000000009 1.0000000180025095e-35 0.95642796158790599 1.0500000119209292 -0.58216583728790272 0.25000000745058065 0.25000000745058065 -0.35206145048141474 0.55000001192092907 0.27500000596046453 0.15000000223517421 21.500000000000004 2.8605000972747807 3.9864999055862431 0.35000000894069677 1.0000000180025095e-35 0.15000000223517421 1.0000000180025095e-35 1.0000000180025095e-35 0.52778512239456188 13.000000000000002 -0.58216583728790272 2.7055000066757207 7.0499999523162851 -0.47114434838294977 2.5000000000000004 -0.80417042970657338 2.6054999828338627 2.3645000457763676 1.0000000180025095e-35 7.4500000476837167 5.7999999523162851 0.087500002235174193 0.29012925922870642 9.4499998092651385 0.25000000745058065 0.25000000745058065 -1.0000000180025095e-35 1.7624999880790713 0.056244207546114929 21.500000000000004 0.63405361771583568 0.10416666790843011 0.053826317191123969
decision_type=2 2 2 2 10 2 2 2 2 8 8 2 2 10 10 10 2 10 2 2 2 2 2 2 2 2 10 8 2 2 2 2 2 10 10 10 10 2 2 2 2 2 2 2 2 2 2 2 2 2 2 2 10 2 10 10 2 2 2 2 2 2
left_child=8 2 3 5 6 28 54 11 -1 17 14 30 13 25 -11 16 22 -6 32 20 21 24 -4 38 56 -8 -26 44 43 39 -5 -32 34 49 35 57 50 -36 -9 40 -30 -10 -31 -2 -24 46 47 48 -46 -34 -35 -48 -23 -22 -3 -56 -7 58 60 -60 -14 -38
right_child=1 4 15 7 9 19 12 23 41 10 -12 -13 18 -15 -16 -17 -18 -19 -20 -21 53 52 27 -25 26 -27 -28 -29 29 42 31 -33 33 36 37 -37 61 -39 -40 -41 -42 -43 -44 -45 45 -47 51 -49 -50 -51 -52 -53 -54 -55 55 -57 -58 -59 59 -61 -62 -63
leaf_value=0 1.1395943292217865e-08 6.990160815891544e-07 0 0 0.03699468638573955 0.0029857362150576641 0.0022839299663756094 0.0025162337334224652 0 0.015567531649573564 0.15178749652345225 0.00068848905954137793 0.0024454501991096368 -0.00071564207909197923 0.56596656465292927 0 0 0.72446856744061239 0 -0.00012071878040487297 0.002460508142533692 0.0039892349697637167 0 -0.00010735902825240965 0.013872980155558507 0.0024760894035696611 0.0055886227520372707 0 -0.00014280666273932638 0.0025489996007629898 0.0024118973405434937 0 0.0053871200276812544 0.0092034719474763747 0.0017068791481204021 -0.0012217418835118177 0.0040539766001385985 -0.00092598942931182849 -0.00010735902825240965 0.0036513040811014044 0.0025051538731205073 0 0.0025205258448420206 -0.00014237316372915662 0.078898483324471969 0 0 -0.00030068246149768857 0 0 -0.0015735604972829374 0.18231292291450227 0.0010429805053445091 0.0063379034436607034 -0.0017314263225143428 0.0004336489632624813 0.0033904860247983338 0.00038828537498572898 0.0015894847954148591 0.0014251214518642059 0.0025550119666802929 0.010573970325037985
leaf_weight=2744930 5198 8601 8213 22542 2374 4934 1314 3119 336959 1731 2882 3969 2596 5452 815 56686 15478 486 1650 1117 4661 2970 1191 2139 2566 343 460 8141 1966 1252 1282 4405 9267 621 3044 1154 473 1726 329 1352 823 143196 587 3648 3059 910 209 896 508 713 513 976 690 2334 2922 1728 2212 476 474 501 569 1927
leaf_count=2744930 5198 8601 8213 22542 2374 4934 1314 3119 336959 1731 2882 3969 2596 5452 815 56686 15478 486 1650 1117 4661 2970 1191 2139 2566 343 460 8141 1966 1252 1282 4405 9267 621 3044 1154 473 1726 329 1352 823 143196 587 3648 3059 910 209 896 508 713 513 976 690 2334 2922 1728 2212 476 474 501 569 1927
internal_value=-0.0114358 -0.0014934 -0.00399846 0.000862618 0.00637971 0.00888428 0.00380449 -0.00694356 -0.0121299 0.0206926 0.025829 -0.00839881 0.0059302 -0.000472992 0.0141693 -0.00776317 -0.00548022 0.0109441 0.00770114 0.0138534 0.0146354 0.0174884 -0.00310905 0.00144308 0.0198437 0.0132091 0.0262971 -0.000986469 0.00152941 0.00531773 -0.00968552 -0.00553675 0.00857965 0.0105613 0.0060389 0.00951906 0.0168435 0.00182914 0.00597448 0.00165117 -0.00167175 -0.0112653 0.013574 -0.00103154 0.00216641 0.0035491 0.00498407 0.0020978 0.00504976 0.00833667 0.00853175 0.0158544 0.0109426 0.00899392 -0.00145932 -0.00465054 0.017111 0.0128141 0.0140821 0.021859 0.0116864 0.0207708
internal_weight=3.45026e+06 225174 170822 74555 54352 36770 46064 37785 3.22508e+06 8288 5428 32198 32813 7109 2546 96267 39581 2860 25704 21944 20827 13832 24103 5587 10172 1657 3026 15890 14826 5980 28229 5687 24054 13514 10540 5770 3534 4770 3448 4141 2789 480155 1839 8846 7749 6558 5648 4463 3567 9980 1134 1185 3660 6995 13251 4650 7146 4616 4140 975 3165 2400
internal_count=3450259 225174 170822 74555 54352 36770 46064 37785 3225085 8288 5428 32198 32813 7109 2546 96267 39581 2860 25704 21944 20827 13832 24103 5587 10172 1657 3026 15890 14826 5980 28229 5687 24054 13514 10540 5770 3534 4770 3448 4141 2789 480155 1839 8846 7749 6558 5648 4463 3567 9980 1134 1185 3660 6995 13251 4650 7146 4616 4140 975 3165 2400
is_linear=0
shrinkage=0.05


Tree=20
num_leaves=63
num_cat=18
split_feature=8 0 1 28 43 41 0 0 41 2 5 0 28 35 1 1 0 35 0 28 41 0 43 0 35 0 36 27 0 0 35 43 36 28 2 1 41 0 43 9 41 0 0 5 43 28 35 28 0 16 4 0 35 28 8 8 41 0 8 0 41 5
split_gain=6777.99 1274.5 716.75 471.007 330.328 324.528 186.74 175.054 235.379 159.993 223.579 146.753 180.53 125.37 121.043 120.532 119.305 117.852 75.34 72.6721 90.9004 142.096 65.8514 62.8495 62.2321 58.6492 57.9558 50.9293 48.1816 43.6622 42.197 40.2463 38.3866 51.9057 37.6999 59.7748 45.1689 67.7614 35.9846 34.2027 43.1033 80.096 47.2239 38.8717 33.6968 33.0812 33.0211 32.4458 32.1726 30.6621 30.0125 29.1221 28.7361 28.7052 28.3152 36.7866 39.0901 33.3958 52.7914 28.2828 27.5673 27.0495
threshold=1.0000000180025095e-35 0 1.6500000357627871 0.044210137799382217 0.62587949633598339 0.2269546836614609 1 2 -0.77259656786918629 1.0000000180025095e-35 -1.0000000180025095e-35 3 0.013725490774959328 5.2500000000000009 6.5499999523162851 11.750000000000002 4 1.0000000180025095e-35 5 0.058037718757987029 0.77259656786918651 6 0.91939014196395885 7 1.0000000180025095e-35 8 4.5000000000000009 0.038691813126206405 9 10 3.1499999761581425 -0.20180235803127286 7.5000000000000009 0.021568628028035167 1.0000000180025095e-35 1.0000000180025095e-35 0.68322628736495983 11 0.8522624969482423 8.3266726846886753e-17 0.29012925922870642 12 13 1.0000000180025095e-35 -0.056952163577079766 0.0098039219155907648 1.0000000180025095e-35 0.013725490774959328 14 8.7500000000000018 -1.0000000180025095e-35 15 6.9500000476837167 0.0058823532890528449 0.15416666865348819 0.10416666790843011 -0.47114434838294977 16 0.087500002235174193 17 -0.41248606145381922 -1.0000000180025095e-35
decision_type=2 9 10 2 2 2 9 9 2 8 8 9 2 2 10 10 9 2 9 2 2 9 2 9 2 9 2 2 9 9 2 2 2 2 10 10 2 9 2 2 2 9 9 8 2 2 2 2 9 10 10 9 2 2 2 2 2 9 2 9 2 10
left_child=1 3 7 4 11 16 -7 8 29 15 14 12 17 23 59 -4 32 26 -15 30 -21 -22 -8 46 -13 49 -1 -24 -29 -2 -5 -23 -6 38 35 51 61 -38 -34 -9 42 -42 -41 54 -14 53 -3 48 -48 60 -43 -27 -19 -28 55 56 57 58 -44 -11 -10 -36
right_child=2 13 9 19 5 6 22 39 25 10 -12 24 44 18 -16 -17 -18 52 -20 20 21 31 27 -25 -26 34 45 28 -30 -31 -32 -33 33 -35 36 -37 37 -39 -40 40 41 50 43 -45 -46 -47 47 -49 -50 -51 -52 -53 -54 -55 -56 -57 -58 -59 -60 -61 -62 -63
leaf_value=0 0.0029854896890577107 0 0.040925200501761516 0 0 0 0 -0.00067985997513737991 0.0029406227404742413 -0.0059760859516623244 0.15127339546968624 0 0 0 0.58464540925194031 0.72117160280388837 0 0 0 0 0 0 0 0 0 0.0071559986697661533 0.0019680544272160988 0.0059097708542251055 0.0018781662193923703 -0.00014944864895193309 0 0 0 -0.0001635573803761873 0.0030444119762183773 -0.001121137753741669 0.00021159871971646732 0.0069342414564402188 0.0021515934782982324 -0.0011332023412476745 0.016872729727337905 0.0031699350339849069 0.0022864906955031303 -0.0016527658006933407 0 0.0020223612351602314 0 0 0 -0.00067825914360448525 7.7548192620437867e-05 0.0003742373777543936 0.019794879085591986 0 0 0.0016859782121774352 0.0019950080599642054 -9.281116838166693e-05 -0.0011686550663616215 0.038704908628627743 0.016045110853836753 0.0020471736167155113
leaf_weight=11573 1393 271182 2342 165975 6166 8246 10086 4020 1273 443 2701 74393 25152 28939 707 445 25762 11031 170899 31427 6533 1658 1276 2246418 73824 871 713 2079 5073 7008 20407 6927 794 419 1779 1800 2406 840 841 3194 928 529 261 1523 7396 1520 22018 129203 23415 234 3213 422 1003 3315 2995 411 1335 1434 290 1149 2368 6194
leaf_count=11573 1393 271182 2342 165975 6166 8246 10086 4020 1273 443 2701 74393 25152 28939 707 445 25762 11031 170899 31427 6533 1658 1276 2246418 73824 871 713 2079 5073 7008 20407 6927 794 419 1779 1800 2406 840 841 3194 928 529 261 1523 7396 1520 22018 129203 23415 234 3213 422 1003 3315 2995 411 1335 1434 290 1149 2368 6194
internal_value=-0.0114366 -0.0117174 0.00605507 -0.009395 -0.00797665 -0.00472943 -0.000610987 0.00371434 0.00637642 0.0200992 0.02545 -0.00891625 -0.00686221 -0.0121217 0.0139898 0.0104996 -0.0079726 -0.00400575 -0.0109135 -0.0110435 -0.00927624 -0.00609042 0.00217691 -0.0122115 -0.00977023 0.00957621 -0.0066709 0.0054402 0.00708194 -0.00054309 -0.0114849 -0.00185137 -0.00271567 0.00320107 0.00807848 0.00319673 0.00943154 0.00445933 0.00722477 0.000195477 0.00122494 0.00527302 -0.000427117 0.00157253 -0.00942301 -0.00246936 -0.011664 -0.011128 -0.0099787 0.0150483 0.00197894 0.0113979 -0.000213977 -0.00484111 0.0032077 0.00611431 0.00436747 -8.1864e-05 0.0102718 0.00634422 0.0162146 0.0114559
internal_weight=3.45017e+06 3.39566e+06 54508 503589 270662 60742 26760 46721 26588 7787 5000 209920 61703 2.89207e+06 2299 2787 33982 29155 199838 232927 46545 15118 18514 2.69224e+06 148217 18187 17121 8428 7152 8401 186382 8585 8220 2054 14312 3093 11219 3246 1635 20133 16113 4670 11443 8249 32548 5548 445818 174636 45433 3875 3742 1293 12034 4028 6726 3731 3320 1985 551 1592 3641 7973
internal_count=3450171 3395663 54508 503589 270662 60742 26760 46721 26588 7787 5000 209920 61703 2892074 2299 2787 33982 29155 199838 232927 46545 15118 18514 2692236 148217 18187 17121 8428 7152 8401 186382 8585 8220 2054 14312 3093 11219 3246 1635 20133 16113 4670 11443 8249 32548 5548 445818 174636 45433 3875 3742 1293 12034 4028 6726 3731 3320 1985 551 1592 3641 7973
cat_boundaries=0 4 8 12 16 20 23 27 30 34 37 40 43 45 49 52 55 59 63
cat_threshold=151127300 25692186 268435520 4 151127040 0 0 4 102766885 1166540817 411580658 65 0 8912896 268435520 4 0 8912898 0 4 1619070977 1073741828 1119879172 150994948 8388618 0 4 1611728929 1074069664 1073742080 102764544 1090519056 134217760 65 0 16777232 64 100663328 1082130432 8392720 0 8388608 4160 0 33620138 134234240 33916040 1612711169 256 67585 1074004000 256 260 8912896 268435520 16777216 0 0 4 536939008 33619984 134611266 4
is_linear=0
shrinkage=0.05


Tree=21
num_leaves=63
num_cat=0
split_feature=7 8 7 42 1 41 38 35 41 18 7 41 42 1 1 5 5 41 6 10 41 18 18 7 7 42 37 37 28 37 7 5 1 5 38 7 41 44 37 39 35 41 32 7 43 43 39 30 42 37 7 35 7 7 1 18 18 7 7 9 38 42
split_gain=9308.68 1504.86 1256.69 1908.46 632.122 397.977 190.855 167.52 163.438 149.893 147.026 145.717 141.552 139.084 137.516 110.154 219.038 106.629 160.583 88.7212 82.8323 102.577 81.8625 100.306 71.025 66.7434 51.0921 219.103 48.2259 47.4984 45.3644 75.9989 59.1195 93.1396 44.3056 72.3825 48.1875 41.8184 41.2747 38.8619 35.5328 33.9052 32.5475 39.17 31.429 31.009 30.1292 36.2309 29.862 34.601 28.9842 28.0277 27.1349 26.661 26.6542 26.3917 25.9493 26.2958 24.8959 24.5512 25.9053 54.994
threshold=1.0000000180025095e-35 1.0000000180025095e-35 1.0500000119209292 0.2269546836614609 2.1499999761581425 0.032701563090086053 13.500000000000002 3.8500000238418584 -0.72947329282760609 19.050000190734867 0.15000000223517421 0.84874749183654796 0.41248606145381933 12.150000095367433 1.0000000180025095e-35 2.1499999761581425 -1.0000000180025095e-35 0.95642796158790599 1.0000000180025095e-35 1.5416666865348818 -0.63405361771583546 0.27500000596046453 0.77500000596046459 0.25000000745058065 0.25000000745058065 -0.2901292592287063 2.8605000972747807 3.9864999055862431 0.013725490774959328 6.7225000858306894 0.35000000894069677 1.0000000180025095e-35 0.15000000223517421 1.0000000180025095e-35 21.500000000000004 0.15000000223517421 -0.35206145048141474 -0.79382744431495655 2.7055000066757207 0.13900000229477885 0.25000000745058065 -0.47114434838294977 1.0000000180025095e-35 7.1499998569488534 0.056951373815536506 0.61237135529518139 0.81850001215934765 0.17927248775959018 0.16280825436115268 2.8605000972747807 0.25000000745058065 1.1500000357627871 0.45000000298023229 2.5499999523162846 4.9500000476837167 0.27500000596046453 1.0000000180025095e-35 0.45000000298023229 0.15000000223517421 0.060348238795995719 21.500000000000004 0.41248606145381933
decision_type=2 2 2 2 10 2 2 2 2 10 2 2 2 10 10 10 8 2 2 2 2 8 10 2 2 2 2 2 2 2 2 10 10 10 2 2 2 2 2 2 2 2 2 2 2 2 2 2 2 2 2 2 2 2 10 10 8 2 2 2 2 2
left_child=7 2 3 5 8 34 11 40 44 12 14 26 20 15 25 16 -6 18 22 -12 51 37 23 -7 28 -10 -5 -28 -8 -30 32 -32 33 59 36 -36 39 -22 55 48 -1 -37 46 53 -3 -34 47 -39 49 -2 -19 -4 -24 -44 -17 -38 57 -33 -13 60 -21 -62
right_child=1 4 9 6 13 17 24 -9 10 -11 19 58 -14 -15 -16 54 -18 50 -20 30 21 -23 52 -25 -26 -27 27 -29 29 -31 31 56 45 -35 35 41 38 42 -40 -41 -42 -43 43 -45 -46 -47 -48 -49 -50 -51 -52 -53 -54 -55 -56 -57 -58 -59 -60 -61 61 -63
leaf_value=0 -0.00013525450554269878 0.0011401790991505743 0 0 0.040849149339701629 0.0028272251652421919 0.0022721421384349588 0 0.0017906035699905198 0 -3.8774096310218935e-06 -0.00038418605446548899 0 0.97899836395797191 -0.00064586697638051099 0.023962678061825796 0.0727001860721255 0.0022620953751150406 -0.00017845875598875396 0.0023865240899538366 0 0 0.0034121816351595767 0.01286767155298898 -0.00010199107683978918 0.0021998313639125149 0.0021948877799599677 0 -0.0001413453773731045 0.0027045244175390847 0.0059658251490684894 0.0026912088363101995 -0.00083128785348101438 -0.0011654639986354062 -0.00032900496653982239 0.0023462395867874996 0.0034917805863050686 0.045392449434434323 -0.00028561332656417381 -3.4882089798448485e-05 0 0.0023977193401936419 0 0 -0.00013966235922519831 0.0015567084930707591 0.17413844679865054 -0.0085373385578004207 7.1403331369663189e-06 0.0025813560613803647 0.0060775889836844786 0 0.00031354072551142542 0.11718852589203238 0.16509966742854809 0.0023215054633804427 0.010274334716845974 0.011822261445798425 0.0018511812843539175 -7.4013328598958318e-06 0.0012176715710329094 0.0012989210599190144
leaf_weight=2165482 1242 5306 7146 22601 1459 7719 1709 305182 1287 47642 1425 1762 18862 1174 5356 1215 1638 4620 1038 3091 1241 12251 2429 3103 2159 313 1303 4378 1245 464 10442 531 2575 1142 773 1280 1105 460 882 6227 754033 591 1226 1055 9632 2023 499 304 207 1966 2444 2488 620 3190 957 551 1519 2060 2184 377 466 520
leaf_count=2165482 1242 5306 7146 22601 1459 7719 1709 305182 1287 47642 1425 1762 18862 1174 5356 1215 1638 4620 1038 3091 1241 12251 2429 3103 2159 313 1303 4378 1245 464 10442 531 2575 1142 773 1280 1105 460 882 6227 754033 591 1226 1055 9632 2023 499 304 207 1966 2444 2488 620 3190 957 551 1519 2060 2184 377 466 520
internal_value=-0.011444 -0.00162225 -0.00392871 0.000943339 0.00561202 0.00904931 -0.0069465 -0.0121308 0.00364064 -0.00770049 0.00559853 -0.00842435 -0.00575048 0.0203186 -0.000862565 0.0168509 0.0229052 0.0133203 0.0157179 0.00731583 -0.00360851 -0.00179101 0.0171374 0.0191762 0.0015936 0.012 -0.00968019 -0.00544138 0.00607812 0.00013897 0.00801443 0.00980621 0.00545664 0.00890815 0.00271856 0.00858548 0.00144499 0.00262226 0.00757486 -0.000168533 -0.0122473 0.013903 0.00417657 0.0025064 -0.000701232 0.00125598 0.0114113 0.00517016 0.00411786 0.00293017 0.00826019 -0.00742423 0.00990079 0.00457428 0.00821823 0.0122283 0.0155657 0.0186077 0.000576533 0.0121744 0.0133033 0.02036
internal_weight=3.45017e+06 225474 170966 74602 54508 36797 37805 3.2247e+06 48065 96364 33127 32228 48722 6443 6956 5269 3097 21973 14909 26171 29860 20226 13871 10822 5577 1600 28282 5681 3418 1709 24746 14552 10194 5596 14824 2644 12180 7975 2538 9642 2.91952e+06 1871 6734 5471 14938 4598 1263 764 3415 3208 7064 9634 3049 4416 2172 1656 4110 2591 3946 4454 4077 986
internal_count=3450171 225474 170966 74602 54508 36797 37805 3224697 48065 96364 33127 32228 48722 6443 6956 5269 3097 21973 14909 26171 29860 20226 13871 10822 5577 1600 28282 5681 3418 1709 24746 14552 10194 5596 14824 2644 12180 7975 2538 9642 2919515 1871 6734 5471 14938 4598 1263 764 3415 3208 7064 9634 3049 4416 2172 1656 4110 2591 3946 4454 4077 986
is_linear=0
shrinkage=0.05


Tree=22
num_leaves=63
num_cat=0
split_feature=7 8 7 42 1 41 38 35 41 2 5 41 7 1 41 6 1 5 42 42 7 35 7 42 43 31 41 49 38 41 37 37 43 9 1 5 28 2 7 37 7 40 5 38 7 39 35 37 39 39 42 28 7 7 43 7 7 44 35 8 44 10
split_gain=9202.52 1428.95 1276.73 1928.59 570.707 325.216 191.032 167.52 161.858 146.508 182.305 144.639 140.285 137.083 105.257 154.788 105.146 99.9385 98.1334 92.3012 104.34 80.1536 71.025 69.2845 67.6231 54.5145 55.1525 53.9352 53.3544 70.712 51.0921 219.103 50.7404 49.5285 56.0086 51.2598 48.2259 48.1254 54.3454 47.4984 47.1547 67.6558 44.4064 58.8822 50.7382 43.6985 35.5328 35.3896 33.9342 38.7873 31.1845 31.0744 29.9214 28.5739 28.3246 27.2682 27.2016 26.3895 25.8422 25.4587 24.901 24.5369
threshold=1.0000000180025095e-35 1.0000000180025095e-35 1.0500000119209292 0.2269546836614609 2.2500000000000004 0.032701563090086053 13.500000000000002 3.8500000238418584 -0.77259656786918629 1.0000000180025095e-35 -1.0000000180025095e-35 0.84874749183654796 0.15000000223517421 1.0000000180025095e-35 0.95642796158790599 1.0000000180025095e-35 8.0500001907348651 12.800000190734865 0.16280825436115268 0.41248606145381933 6.3500001430511483 1.0500000119209292 0.25000000745058065 -0.2901292592287063 0.81428062915802013 0.05172413773834706 -0.63405361771583546 7.3416666984558114 6.5000000000000009 -0.47114434838294977 2.8605000972747807 3.9864999055862431 0.5986820161342622 0.050306759774684913 0.15000000223517421 -1.0000000180025095e-35 0.013725490774959328 1.0000000180025095e-35 0.45000000298023229 6.7225000858306894 0.15000000223517421 1.7624999880790713 1.0000000180025095e-35 21.500000000000004 0.35000000894069677 0.47150000929832464 0.25000000745058065 2.8605000972747807 0.13900000229477885 0.58499997854232799 0.41248606145381933 0.013725490774959328 0.55000001192092907 0.94999998807907116 0.96234640479087841 0.25000000745058065 0.35000000894069677 0.96633976697921764 1.9499999880790713 0.10416666790843011 0.57605713605880748 71.958332061767592
decision_type=2 2 2 2 10 2 2 2 2 8 8 2 2 10 2 2 10 10 2 2 2 2 2 2 2 2 2 2 2 2 2 2 2 2 10 10 2 10 2 2 2 2 10 2 2 2 2 2 2 2 2 2 2 2 2 2 2 2 2 2 2 2
left_child=7 2 3 5 8 18 11 46 58 17 16 30 13 23 15 21 -11 -6 28 20 25 24 36 -10 -7 -4 -27 33 29 -2 -5 -32 57 34 42 -35 -8 -37 -39 -38 45 52 43 53 -44 54 -1 -36 -34 -50 -45 -22 -42 59 -30 -16 -26 -28 -3 -14 -51 -9
right_child=1 4 19 6 9 14 22 61 12 10 -12 -13 27 -15 55 -17 -18 -19 -20 -21 51 -23 -24 -25 56 26 32 -29 40 -31 31 -33 48 35 47 37 39 38 -40 -41 41 -43 44 50 -46 -47 -48 -49 49 60 -52 -53 -54 -55 -56 -57 -58 -59 -60 -61 -62 -63
leaf_value=0 -0.00013351040105277634 -0.00013080278401251673 0 0 0.045587049999927014 0.0039172553617801264 0.0021585350315132109 0 0.0017705306053742117 0.018635018567881235 0.20692998302838495 0.00045535979300699082 0.0022676125385774461 -0.00061357362756148538 0.0021489906063592887 -0.00016953581818931627 0.59198607637001666 0.72114972062042004 8.8844376268887442e-06 0 0 0.003021010766694292 -9.6891522997799722e-05 0.0020739147715970992 0.0041360915096638811 0 0 -4.6951578599099871e-05 0.0023485357493246428 0.0028163257804534997 0.0020851433909619696 0 0.043122826962712614 0.0074872385735590685 0.0017291835228604115 0.032003966326584234 -0.00013427810850444926 0.0013752507778958035 0.010840894629498693 0.0025692981966621304 0.0028711632338192829 -0.00012394899919378874 -0.0011863770824054765 0.0016834709584901562 0.0065496420107542114 -0.00016309537049433111 0 -0.00048130026715886707 0 0.027909991626065691 0.0012104664024663169 0 -0.00053308056797843719 -0.0027655547964953267 0.0027886606721680795 0.0057737095345002541 0.013822426944333983 0.10582894219224004 0.0021397355972485074 0.0023124742431044664 0.1433213563921874 0
leaf_weight=2165482 3641 11764 15503 22601 2011 6383 1709 15171 1367 1187 2078 3946 3282 5508 4620 1038 595 376 746 35937 4840 3725 2159 321 2943 6365 9566 1782 2123 1383 1303 4378 1012 3443 4873 2314 1245 1861 3185 464 2442 884 1124 488 560 2975 754033 2613 975 1487 662 19764 322 503 308 2444 820 580 2004 607 335 290011
leaf_count=2165482 3641 11764 15503 22601 2011 6383 1709 15171 1367 1187 2078 3946 3282 5508 4620 1038 595 376 746 35937 4840 3725 2159 321 2943 6365 9566 1782 2123 1383 1303 4378 1012 3443 4873 2314 1245 1861 3185 464 2442 884 1124 488 560 2975 754033 2613 975 1487 662 19764 322 503 308 2444 820 580 2004 607 335 290011
internal_value=-0.011448 -0.00168234 -0.00392987 0.000980872 0.0053671 0.00912948 -0.00695047 -0.0121308 0.0035264 0.0195874 0.0256088 -0.00842901 0.0053558 -0.000854641 0.0129904 0.0153724 0.0138749 0.00985023 0.00340664 -0.00773162 -0.00653826 0.0167661 0.0015936 0.0116114 0.0190691 -0.00481639 -0.0031127 0.00699298 0.00247017 -0.00166202 -0.00968019 -0.00544138 -0.00135346 0.00758034 0.00569263 0.0101511 0.00607812 0.0125068 0.0152447 0.00013897 0.00476309 0.0091557 0.00883269 0.0109933 0.00172209 0.00179893 -0.0122473 0.00266164 0.00356721 0.000728459 0.0210652 -0.00904528 0.0130065 0.0083561 0.0067719 0.00796291 0.0243855 -0.00320077 -0.0010568 0.00980651 0.00503568 -0.0110161
internal_weight=3.45017e+06 225474 170966 74602 54508 36797 37805 3.2247e+06 48261 6247 3860 32228 34493 7196 21973 14909 1782 2387 14824 96364 60427 13871 5577 1688 10146 35823 20320 27297 14078 5024 28282 5681 13955 25515 14712 10803 3418 7360 5046 1709 9054 3648 7226 5542 1684 5406 2.91952e+06 7486 3809 2797 1150 24604 2764 4392 2431 7064 3763 10146 13768 3889 1822 305182
internal_count=3450171 225474 170966 74602 54508 36797 37805 3224697 48261 6247 3860 32228 34493 7196 21973 14909 1782 2387 14824 96364 60427 13871 5577 1688 10146 35823 20320 27297 14078 5024 28282 5681 13955 25515 14712 10803 3418 7360 5046 1709 9054 3648 7226 5542 1684 5406 2919515 7486 3809 2797 1150 24604 2764 4392 2431 7064 3763 10146 13768 3889 1822 305182
is_linear=0
shrinkage=0.05


Tree=23
num_leaves=63
num_cat=20
split_feature=7 1 7 42 0 6 0 41 0 41 41 1 0 42 18 2 5 1 37 0 41 41 0 7 2 0 33 2 18 7 5 5 0 9 2 6 42 33 0 0 36 0 7 0 18 0 0 44 0 7 0 41 36 43 41 17 0 41 0 2 0 0
split_gain=8908.04 1141.85 1495.68 1187.71 1208.59 401.321 294.744 286.13 266.778 203.172 169.889 163.457 153.082 139.843 145.744 132.673 238.716 123.76 125.999 119.981 253.433 116.571 114.214 107.423 107.071 103.93 97.7776 83.6505 81.5251 80.6929 73.7229 71.4658 57.3462 55.1418 55.1277 55.0312 52.9756 43.2488 41.5922 39.7265 38.9321 35.5693 35.2922 35.0098 34.0008 33.7675 33.1986 32.6377 30.0725 29.6361 62.606 41.6444 30.7018 30.9395 29.4279 28.4616 27.9547 43.9191 26.7801 26.2693 25.5389 25.5069
threshold=1.0000000180025095e-35 1.5500000119209292 1.2500000000000002 0.2269546836614609 0 1.0000000180025095e-35 1 -0.16280825436115262 2 0.84874749183654796 0.95642796158790599 12.500000000000002 3 0.09796465560793878 1.5500000119209292 1.0000000180025095e-35 -1.0000000180025095e-35 1.0000000180025095e-35 2.8605000972747807 4 -0.68322628736495961 -0.63405361771583546 5 0.45000000298023229 1.0000000180025095e-35 6 1.0000000180025095e-35 1.0000000180025095e-35 0.94999998807907116 0.35000000894069677 1.0000000180025095e-35 1.0000000180025095e-35 7 8.3266726846886753e-17 1.0000000180025095e-35 2.4500000476837163 0.16280825436115268 1.0000000180025095e-35 8 9 10.500000000000002 10 0.15000000223517421 11 22.562500000000004 12 13 0.69521084427833568 14 0.15000000223517421 15 -0.63405361771583546 7.5000000000000009 0.96234640479087841 0.47114434838294988 0.14583333581686023 16 0.47114434838294988 17 1.0000000180025095e-35 18 19
decision_type=2 10 2 2 9 2 9 2 9 2 2 10 9 2 8 8 8 10 2 9 2 2 9 2 10 9 2 10 10 2 10 10 9 2 10 2 2 2 9 9 2 9 2 9 10 9 9 2 9 2 9 2 2 2 2 10 9 2 9 10 9 9
left_child=22 2 3 5 17 7 13 12 10 27 28 15 49 14 21 58 38 40 30 20 -7 61 26 31 41 -23 -1 -6 29 -9 54 -22 -12 -21 -15 -18 -14 -24 -17 42 -5 -8 -11 -31 -16 -28 -30 -27 -29 52 51 -51 53 -2 55 -19 -35 -58 -3 -33 -25 -4
right_child=1 11 6 4 9 19 24 8 -10 39 32 -13 36 34 44 16 35 18 -20 33 23 25 37 60 -26 47 45 48 46 43 -32 59 -34 56 -36 -37 -38 -39 -40 -41 -42 -43 -44 -45 -46 -47 -48 -49 -50 50 -52 -53 -54 -55 -56 -57 57 -59 -60 -61 -62 -63
leaf_value=0 0.0023419123967995453 -0.0041157535622049048 0.10530793992335286 0.0022685472893283348 0 -7.4635956857405626e-05 0 0.0030485864352196774 -0.00084395819811032037 -0.00029640416289073758 0.0012703647542849107 0.93623903375830408 -0.00028894530067780376 0 0 0.057587141455497197 0.01145050508091563 0.0017621241640449815 0.00019532985681106342 -0.00058289494618341128 0.0019321530342056332 0.11219458552593038 0 0.010689103642033571 3.6102500368814261e-05 -0.00030068246149768857 0 0.0028479039635498 0.004770722840309609 0.016370642520284397 -0.00097691678052506253 -0.00094534788741823257 0.0031316194287722685 0.0003258629640895197 0.0023135686928436859 0.085022795318282551 6.3174196482650781e-06 0 -0.00030650701406353953 -0.00038808761711176085 0.0023907711252504132 0 0.0046786482824547069 0.0060031229540838784 0 0 0.0020878614357272333 0.10352414736915672 -0.00014378515588742927 0.0022125867995853991 0.0018458754069352072 0.0019676011899141688 -0.00045166027015485866 0.0026492276385596757 0.0016809844948823941 0.0016427243467173919 -0.00014904140063405754 0.0061820419172366331 0.085721743965804842 0.0015553532351914895 0.0090346550772468 0
leaf_weight=403904 2057 1241 578 2395 30837 8456 25161 9229 1861 1033 3026 1124 3946 21529 9075 886 598 975 3578 3150 3087 2466 2124975 1202 2120 2513 35351 492 1806 1624 576 1455 3560 9995 2042 1815 244 588117 1132 2291 1570 28039 1256 201 8350 72350 1254 1025 1870 991 958 359 690 270 891 247 2856 464 1196 899 1133 1800
leaf_count=403904 2057 1241 578 2395 30837 8456 25161 9229 1861 1033 3026 1124 3946 21529 9075 886 598 975 3578 3150 3087 2466 2124975 1202 2120 2513 35351 492 1806 1624 576 1455 3560 9995 2042 1815 244 588117 1132 2291 1570 28039 1256 201 8350 72350 1254 1025 1870 991 958 359 690 270 891 247 2856 464 1196 899 1133 1800
internal_value=-0.011459 -0.00185088 -0.00253297 0.00146209 -0.00449767 0.00587957 -0.00683657 0.00985316 0.01292 -0.0086252 0.0145461 0.0167105 0.00258145 -0.00402578 -0.00148361 0.0138177 0.0189715 0.0107401 0.00637666 0.00198145 0.00503017 0.00393403 -0.0121308 0.0115484 -0.00934303 0.0076449 -0.0114419 -0.00998938 0.0176474 0.0196467 0.0145547 0.00769849 0.00792211 -0.00102656 -0.00681081 0.0295845 -0.00456548 -0.0122606 0.00628097 0.00124454 0.0176639 -0.00978383 0.00588843 0.0292534 -0.00408967 -0.0101036 0.0104248 0.00212091 -0.00092083 0.00819822 0.0124783 0.0193566 0.00495111 0.00769768 0.0188772 0.0239157 0.00038021 -0.00358859 0.00444707 0.00113636 0.0205193 -0.00543524
internal_weight=3.45017e+06 225474 217482 112784 48011 64773 104698 32076 22561 37779 20700 7992 9515 49378 25807 6868 4431 10232 6267 32697 16232 8382 3.2247e+06 7776 55320 6004 511605 33199 14114 11054 2689 5441 6586 16465 23571 2413 4190 2.71309e+06 2018 4580 3965 53200 2289 1825 17425 107701 3060 3538 2362 5325 2308 1350 3017 2327 2113 1222 13315 3320 2437 2354 2335 2378
internal_count=3450171 225474 217482 112784 48011 64773 104698 32076 22561 37779 20700 7992 9515 49378 25807 6868 4431 10232 6267 32697 16232 8382 3224697 7776 55320 6004 511605 33199 14114 11054 2689 5441 6586 16465 23571 2413 4190 2713092 2018 4580 3965 53200 2289 1825 17425 107701 3060 3538 2362 5325 2308 1350 3017 2327 2113 1222 13315 3320 2437 2354 2335 2378
cat_boundaries=0 4 8 11 15 18 22 26 29 33 36 40 43 46 49 52 56 60 64 67 70
cat_threshold=16777216 8388608 8388608 4 790759680 1137246392 2416968032 1 134404 17565722 268437568 536871204 8912902 268435456 4 536938784 17301650 805308480 671286533 1099431962 1342177344 4 69206016 50397328 288 1 4 524290 268435520 203456677 1082139776 268443684 32 134404 17039368 2112 3222344741 268436486 1207967764 6 256 17301528 2048 134284544 8388608 268435520 2052 17303554 268437504 134176 262148 4160 0 8388608 0 4 16778244 41945088 8388608 4 687998724 1124139065 4173341702 10 0 16 268437504 637665280 1077936128 268435456
is_linear=0
shrinkage=0.05


Tree=24
num_leaves=63
num_cat=23
split_feature=7 2 7 41 0 5 5 0 27 0 35 0 41 7 31 0 35 5 5 5 41 0 41 45 7 0 41 0 41 0 0 7 35 41 5 0 0 0 10 5 2 41 0 0 6 0 26 18 41 0 41 4 0 41 0 5 47 0 0 43 0 0
split_gain=8735.55 1092.5 1038.67 516.119 586.601 385.683 260.788 256.862 197.403 188.908 167.52 126.889 119.974 107.383 92.7441 90.2778 89.5181 87.0156 84.0786 82.8284 82.0787 73.9391 71.3367 65.0028 76.0212 64.2557 58.4305 79.2116 58.4003 54.2489 47.078 46.5985 45.1684 42.4424 42.2366 41.1707 40.7079 37.2272 35.8811 49.1794 114.729 40.5907 63.5134 56.163 44.5284 34.4062 32.8436 35.9511 32.4073 51.9294 62.1491 44.023 31.7448 31.1811 30.3537 30.2758 34.5211 30.2345 29.0941 28.8791 28.8756 28.4691
threshold=1.0000000180025095e-35 1.0000000180025095e-35 1.2500000000000002 0.29012925922870642 0 0.15000000223517421 0.65000000596046459 1 0.04256099462509156 2 3.8500000238418584 3 -0.9103761315345763 0.15000000223517421 0.05172413773834706 4 1.0000000180025095e-35 15.000000000000002 1.0000000180025095e-35 1.0000000180025095e-35 -0.47114434838294977 5 0.84874749183654796 1.0000000180025095e-35 0.35000000894069677 6 1.0000000180025095e-35 7 1.0000000180025095e-35 8 9 3.5499999523162846 0.25000000745058065 0.63405361771583568 -1.0000000180025095e-35 10 11 12 1.0000000180025095e-35 -1.0000000180025095e-35 2.4500000476837163 0.77259656786918651 13 14 0.15000000223517421 15 0.010477139148861172 2.4500000476837163 -0.52778512239456166 16 0.68322628736495983 -1.0000000180025095e-35 17 -0.68322628736495961 18 1.0000000180025095e-35 -0.48534119129180903 19 20 0.5986820161342622 21 22
decision_type=2 8 2 2 9 10 10 9 2 9 2 9 2 2 2 9 2 10 10 8 2 9 2 2 2 9 2 9 2 9 9 2 2 2 10 9 9 9 2 10 10 2 9 9 2 9 10 10 2 9 2 10 9 2 9 10 2 9 9 2 9 9
left_child=10 2 3 4 13 9 7 14 22 19 25 -12 45 -2 -4 23 61 -8 20 48 -15 34 29 24 55 32 37 33 35 -5 -21 -7 -1 -28 -14 -18 -17 -16 -23 -40 41 43 -43 44 -41 -11 47 -25 58 50 60 -51 -24 -45 -13 56 -10 -9 -3 -35 -50 -6
right_child=1 5 6 8 16 31 17 57 15 12 11 54 21 18 26 36 28 -19 -20 30 -22 38 52 46 -26 -27 27 -29 -30 -31 -32 -33 -34 59 -36 -37 -38 -39 39 40 -42 42 -44 53 -46 -47 -48 -49 49 51 -52 -53 -54 -55 -56 -57 -58 -59 -60 -61 -62 -63
leaf_value=0 0.0018627554887457938 0.0015964834842384689 0 0.0021957345691326112 0 0.010904021641581486 0.038079569077136201 0 0.0024822827452727985 -0.00013053593755162998 0 0 0.074076062083675911 0.0026118112548450699 0 0.0012542744136495459 0 0.73828028290148384 -0.0016011464847094717 -0.00046951095674546695 0.0021179820632885194 0.3475321363203136 0.0031976064095787199 0.0024168435411996334 0.011182950957628467 0 0 0 0.0014357081381973216 0 0.0067934861450469619 0.44251949451296063 0 0.041296285233211966 0.035046697683168239 0 -0.00029037640831167105 0 0.001813842114510242 0.0014121223027501518 0.030046690530610865 -0.00041218717201065708 0.011542971400581248 0.0010584431755673797 0.0019572071989003462 0.0043824667774351256 0.0012794090990304843 0.0014466778634746136 -1.8051250184407131e-06 0.0027999454746790468 0.024794209405517988 -0.00051495486451884071 -0.00013118323271714703 0.0017527636821419253 0 -0.0013686494030840518 0.0020559381508791705 0 -0.00029869252254128106 0.12299188568725997 0.0020667169919489012 0
leaf_weight=447542 5501 1638 20423 297 8116 955 2835 26313 2078 3430 35134 89208 1135 1990 3580 5791 3680 278 351 619 1005 430 1107 4491 2865 2320813 865 10830 3007 3947 1092 1147 151160 337 566 6612 887 8453 4668 691 383 1976 385 1684 1912 1066 3755 2194 1456 528 394 6194 2019 4114 180840 391 6509 25682 5556 1047 721 15498
leaf_count=447542 5501 1638 20423 297 8116 955 2835 26313 2078 3430 35134 89208 1135 1990 3580 5791 3680 278 351 619 1005 430 1107 4491 2865 2320813 865 10830 3007 3947 1092 1147 151160 337 566 6612 887 8453 4668 691 383 1976 385 1684 1912 1066 3755 2194 1456 528 394 6194 2019 4114 180840 391 6509 25682 5556 1047 721 15498
internal_value=-0.0114655 -0.00195089 -0.00363411 0.000539797 -0.00299279 0.00524567 -0.00703862 -0.00749334 0.0049892 0.00416544 -0.0121308 -0.0110161 0.00723385 0.00856526 -0.00474778 0.00684843 -0.00576368 0.00720768 0.0156381 0.000377581 0.0183514 0.0090671 -0.00231682 0.00837539 0.0109147 -0.0122473 -0.00271384 -0.000400451 -0.00248421 -0.00653864 0.0108489 0.0261299 -0.0117811 0.00811753 0.0189874 -0.00427517 0.00173819 -0.00522833 0.0080116 0.00762901 0.0094336 0.00847658 0.00268424 0.0101045 0.0162122 -6.6726e-05 0.00550287 0.00760471 -0.000708892 0.00124153 0.00726947 -0.00107323 0.00341491 0.0073218 -0.0113846 0.0086517 0.00927128 -0.00989496 -0.00322838 0.0135838 0.00399058 -0.00761307
internal_weight=3.45017e+06 225474 182734 82091 45760 42740 100643 97530 36331 40638 3.2247e+06 305182 22440 8847 45535 28961 36913 3113 3346 18198 2995 17944 7370 22283 11843 2.91952e+06 25112 13079 13299 4244 1711 2102 598702 2249 1701 10292 6678 12033 16243 15813 11145 10762 2361 8401 2603 4496 10440 6685 16487 9293 2571 6722 3126 5798 270048 8978 8587 51995 7194 1384 2177 23614
internal_count=3450171 225474 182734 82091 45760 42740 100643 97530 36331 40638 3224697 305182 22440 8847 45535 28961 36913 3113 3346 18198 2995 17944 7370 22283 11843 2919515 25112 13079 13299 4244 1711 2102 598702 2249 1701 10292 6678 12033 16243 15813 11145 10762 2361 8401 2603 4496 10440 6685 16487 9293 2571 6722 3126 5798 270048 8978 8587 51995 7194 1384 2177 23614
cat_boundaries=0 4 8 12 15 19 23 27 31 35 39 42 46 50 53 56 60 63 67 71 75 79 82 86
cat_threshold=50331648 8388640 2147483649 4 790757632 1137246384 3490709856 1 18547714 5752858 1614810388 4 1745028353 1098907650 268435520 16911620 25430041 2415921216 4 100696192 1107296256 2281971872 336 689112325 1099696186 1342177344 4 2097152 128 288 1 16777216 8388608 0 4 16909312 2050 0 4 536872960 524417 805306432 0 524418 8388608 2 2097152 38273184 1048864 1 0 8388612 8392704 0 8388644 135168 1207961861 50856064 402784322 256 1049600 4196362 4196608 16909568 25427976 0 4 27267748 38281245 1874871300 1070 3222379557 268438542 142745620 6 17367040 5373952 541066244 4 1024 8 2304 197664 17041416 536872960 130
is_linear=0
shrinkage=0.05


Tree=25
num_leaves=63
num_cat=21
split_feature=7 8 7 41 0 1 0 27 35 0 0 7 41 2 41 0 35 1 28 43 41 41 0 41 10 1 0 41 0 0 0 4 0 41 0 0 29 8 44 0 0 0 35 0 17 4 41 41 41 44 0 2 1 41 0 7 0 0 28 44 28 47
split_gain=8466.74 1207.74 1087.21 495.596 574.57 440.867 237.682 176.21 164.941 150.082 147.219 137.719 134.066 132.948 94.5071 86.8544 79.9774 72.1835 70.4569 78.3539 65.4693 65.2188 60.8052 58.756 54.5734 53.7595 52.8046 51.348 139.758 50.2004 49.4563 47.1538 45.7089 40.5382 54.3667 42.0311 39.691 37.3981 36.8986 35.3671 32.2243 30.2426 28.5908 28.1336 27.3639 27.1929 26.7851 35.0531 26.9569 26.6792 29.3625 26.4374 36.0336 34.3324 63.5263 27.1716 25.7023 25.5201 24.4921 25.7319 23.9147 23.7667
threshold=1.0000000180025095e-35 1.0000000180025095e-35 1.2500000000000002 0.29012925922870642 0 2.4500000476837163 1 0.038691813126206405 2.0499999523162846 2 3 0.15000000223517421 -0.77259656786918629 1.0000000180025095e-35 -0.47114434838294977 4 1.0000000180025095e-35 14.250000000000002 0.064705885946750655 0.83849048614501964 0.77259656786918651 1.0000000180025095e-35 5 0.88144907355308544 11.958333492279055 14.650000095367433 6 0.41248606145381933 7 8 9 -1.0000000180025095e-35 10 -0.58216583728790272 11 12 0.23581565171480182 0.087500002235174193 -0.80417042970657338 13 14 15 1.0000000180025095e-35 16 0.45000000298023229 0.25000000745058065 -0.97335553169250477 -0.98611506819725026 1.0000000180025095e-35 0.69521084427833568 17 1.0000000180025095e-35 1.0000000180025095e-35 0.68322628736495983 18 1.3499999642372134 19 20 0.017647059634327892 1.0000000180025095e-35 0.013725490774959328 -0.17251884937286374
decision_type=2 2 2 2 9 10 9 2 2 9 9 2 2 8 2 9 2 10 2 2 2 2 9 2 2 10 9 2 9 9 9 8 9 2 9 9 2 2 2 9 9 9 2 9 10 10 2 2 2 2 9 8 10 2 9 2 9 9 2 2 2 2
left_child=8 2 3 4 11 9 24 23 29 12 -10 -2 26 17 -13 18 46 45 19 40 -20 43 -14 30 -4 31 -3 32 38 42 -5 -15 -26 35 -35 -11 -21 -36 -29 -12 44 -22 -1 -18 -9 -7 47 -6 -48 60 -51 52 56 55 -55 -53 -24 -17 59 -38 -30 -61
right_child=1 5 6 7 16 13 -8 15 10 33 39 14 22 25 -16 57 21 -19 20 36 41 -23 51 -25 27 -27 -28 28 49 -31 -32 -33 -34 34 37 -37 58 -39 -40 -41 -42 -43 -44 -45 -46 -47 48 -49 -50 50 -52 53 -54 54 -56 -57 -58 -59 -60 61 -62 -63
leaf_value=0 0.0017696177143085045 0.0033926557177944381 0 0.0021464512581632995 -0.00012906844691328465 -0.012140675649721501 0 0.0037559298892349633 0 0.00020838074694266227 0 0.0024978833191547458 0.015142699343932566 0.067630346053501655 0.0019489677599094639 -0.00029562127169450238 0 0.5838662973666392 -0.00010279690754395853 0.0054204198596933114 -0.00043689498819955139 0.0015405676849251843 0.0066010544053887428 0.0019270994641621148 0 1.1723835560665237 -0.00013539640362754055 0 0 0 0 0.056343945314773783 0 0.001477249440133107 0.00082850532747883116 -0.00029835288258443391 0.0021657906362011845 -0.00052800245564829857 0.10499999523162842 0 0.0016558978374718635 0.0023986817799224128 0 0 -4.456607409593618e-05 0.11738839148143175 0 5.0311106542836585e-06 0 0.095984522919555199 0 0.001598887637842405 -0.0010101948240224632 0.012536289574891047 9.1786987919559315e-05 0.0049184816594469057 0.0028588443764236034 0.0011557308347760595 0.004396953793782069 0.007206311155716464 0 0.0040625127576689804
leaf_weight=346549 5141 1165 9457 230 1662 772 48293 3112 49613 3904 142901 1894 2832 1194 985 681 3145 307 1273 1442 537 2351 665 2145 13140 612 6505 374 3035 2233352 3740 1810 9359 9684 996 4509 2222 3784 2388 287658 7305 2238 164952 5953 473 1180 16015 655 3560 821 760 6764 1815 678 2951 1721 652 6890 648 429 7287 1172
leaf_count=346549 5141 1165 9457 230 1662 772 48293 3112 49613 3904 142901 1894 2832 1194 985 681 3145 307 1273 1442 537 2351 665 2145 13140 612 6505 374 3035 2233352 3740 1810 9359 9684 996 4509 2222 3784 2388 287658 7305 2238 164952 5953 473 1180 16015 655 3560 821 760 6764 1815 678 2951 1721 652 6890 648 429 7287 1172
internal_value=-0.0114762 -0.00210552 -0.0041733 0.000287557 -0.00340448 0.00437523 -0.00774043 0.00470908 -0.0121309 0.00281208 -0.011276 0.00860523 0.00542938 0.0173128 0.0173715 0.00636567 -0.00629404 0.00779659 0.00802994 0.00946036 0.00211215 -0.00290964 0.00778156 -0.0029906 -0.00518995 0.0232577 -0.000107562 -0.00432811 -0.00202608 -0.0122804 -0.0065932 0.020506 -0.00582859 -0.000135994 0.00146916 -0.00289582 0.0140939 -0.00289144 0.00808983 -0.0115737 0.00694444 0.00641892 -0.0118282 -0.00482798 0.010831 0.00425205 -0.00806687 -0.00298338 -0.00866858 -0.00437652 0.00166825 0.00651711 0.00242656 0.00758007 0.00350992 0.00932086 0.00872248 0.00176923 0.0117675 0.0102439 -0.00530663 0.0150765
internal_weight=3.45034e+06 225312 170812 75898 41361 54500 94914 34537 3.22502e+06 48625 480172 8020 25748 5875 2879 28422 33341 2259 20851 16803 4048 11449 18078 6115 46621 3616 7670 37164 14665 2.74485e+06 3970 3004 22499 22877 14464 8413 5913 4780 2762 430559 10890 2775 511501 9098 3585 1952 21892 2317 19575 11903 1581 15246 3132 12114 3629 8485 1317 7571 4471 3823 10322 1601
internal_count=3450337 225312 170812 75898 41361 54500 94914 34537 3225025 48625 480172 8020 25748 5875 2879 28422 33341 2259 20851 16803 4048 11449 18078 6115 46621 3616 7670 37164 14665 2744853 3970 3004 22499 22877 14464 8413 5913 4780 2762 430559 10890 2775 511501 9098 3585 1952 21892 2317 19575 11903 1581 15246 3132 12114 3629 8485 1317 7571 4471 3823 10322 1601
cat_boundaries=0 4 8 12 15 18 22 24 28 32 36 39 43 47 51 54 57 60 62 65 68 71
cat_threshold=50331648 8388609 0 4 1797390592 1137246384 3490709856 5 639703073 1099433137 411711584 65 671286529 25690114 268435520 16911620 17041432 276826177 102764544 1073741968 524288 65 603979808 1082130464 2097152 160 288 1 689112324 1099696154 1342177344 4 16777216 8388608 0 4 671219712 1098973200 3489660992 1225295236 37750798 2685403538 256 2168586646 38182916 2147484676 164 1098912420 1111498813 1858077700 1326 0 264216 2048 16777220 0 268435456 538970112 524416 805306432 1241514240 4718592 2048 17302528 402786304 0 8912896 268435520 536903712 1107296261 2684358656
is_linear=0
shrinkage=0.05


Tree=26
num_leaves=63
num_cat=17
split_feature=7 0 42 0 1 18 6 1 0 42 35 7 0 1 37 7 5 0 28 2 9 5 18 0 5 0 1 0 42 1 42 7 2 7 1 0 7 1 42 18 0 7 43 1 0 0 5 0 0 0 0 5 37 43 7 1 1 37 35 33 35 0
split_gain=8292.22 996.446 1017.73 1075.02 683.437 373.107 311.942 259.282 180.812 171.158 164.941 161.875 147.219 125.885 140.836 125.562 121.565 118.493 112.413 108.263 98.38 89.5815 84.4079 92.6951 83.8462 74.9761 73.0551 69.1817 68.5346 67.7462 60.0631 56.7588 54.4985 54.2781 51.4953 50.2004 49.519 46.548 42.2261 66.9938 41.8154 43.033 42.9938 41.3007 40.2818 40.227 39.7832 59.417 37.7275 37.5816 35.3671 33.9966 31.1627 34.6603 29.1067 28.8669 28.6434 28.6314 28.5908 27.8439 27.7581 25.0783
threshold=1.0000000180025095e-35 0 0.2269546836614609 1 0.15000000223517421 6.3875000476837167 1.0000000180025095e-35 1.0000000180025095e-35 2 -0.35206145048141474 2.0499999523162846 0.65000000596046459 3 1.0000000180025095e-35 2.8605000972747807 0.55000001192092907 1.0000000180025095e-35 4 0.017647059634327892 2.5499999523162846 0.040011148899793632 -1.0000000180025095e-35 0.35416667163372045 5 1.0000000180025095e-35 6 2.1499999761581425 7 0.58216583728790294 3.0499999523162846 -0.63405361771583546 0.65000000596046459 1.0000000180025095e-35 2.8500000238418584 2.3500000238418584 8 0.15000000223517421 14.650000095367433 0.41248606145381933 4.6833331584930429 9 0.15000000223517421 0.62587949633598339 7.7999999523162851 10 11 1.0000000180025095e-35 12 13 14 15 -1.0000000180025095e-35 6.7225000858306894 0.12545942142605784 0.15000000223517421 0.15000000223517421 0.94999998807907116 6.7225000858306894 1.0000000180025095e-35 0.45000000298023229 2.6499999761581425 16
decision_type=2 9 2 9 10 8 2 10 9 2 2 2 9 10 2 2 10 9 2 10 2 10 10 9 10 9 10 9 2 8 2 2 10 2 10 9 2 10 2 8 9 2 2 10 9 9 10 9 9 9 9 10 2 2 2 10 10 2 2 2 2 9
left_child=10 2 5 11 17 6 8 28 31 22 35 13 -12 57 24 27 34 38 44 37 -13 43 23 59 55 -11 33 -8 -5 61 46 36 -18 -20 49 58 52 45 39 48 41 -25 -42 -21 -7 -6 47 -29 -3 -17 -14 -36 53 -2 -48 -15 -22 -4 -1 -10 -41 -9
right_child=1 4 3 7 19 18 15 29 9 25 12 20 50 14 -16 16 32 -19 26 21 56 -23 -24 40 -26 -27 -28 30 -30 -31 -32 -33 -34 -35 51 -37 -38 -39 -40 60 42 -43 -44 -45 -46 -47 54 -49 -50 -51 -52 -53 -54 -55 -56 -57 -58 -59 -60 -61 -62 -63
leaf_value=0 -0.00042608087643818555 0 0.0019616552095161285 0 -0.0039396955931773397 0.0022567729487165153 -0.00026241962924571929 -0.0009143465454025002 0.0090494018454363358 0.0039823495274469252 0 0 0 0.0012715174782931549 -0.00032405478895004977 0.0085207651004742518 0.012964043545471177 0 0 0.014281126411050971 0.0069046750219508429 0.25347876756008225 0.0030465401641731811 -0.0011128213451758941 -0.00095766899269631724 0.00073219395518342727 0.15150917796023675 -0.0003589708356370414 0 0.20264140563431532 -3.652244420393696e-05 0 0.015508927291473113 0 0.045479437510989346 0 0.0043005780703822922 0.57842630938616468 0 0 0.0019892971457654762 0.0013111095065518584 0.003968123262729161 0.33914383530283543 0 0.011193354257704159 -0.0017504386911570441 0.0017136236704312483 0.0020118857215644967 0 0 0.034508577656213228 -0.00045955135660534084 0.0021208038432850062 0.00099892495174409303 0.0015446972645832087 0.10331989046991295 0.0020885758513319833 0 0.002235215855929546 0 0.0025221805351760373
leaf_weight=346549 921 2075 2307 14008 770 8378 9171 1648 5362 3307 49613 2879 142901 865 2805 2246 849 33447 2503 647 966 754 3064 419 520 5540 396 1201 34197 609 7464 2754 1695 7424 312 2233352 1473 204 12240 8876 2976 792 3133 349 4323 2421 603 3404 5387 2967 287658 209 929 1713 2458 1164 649 1331 164952 266 4581 1361
leaf_count=346549 921 2075 2307 14008 770 8378 9171 1648 5362 3307 49613 2879 142901 865 2805 2246 849 33447 2503 647 966 754 3064 419 520 5540 396 1201 34197 609 7464 2754 1695 7424 312 2233352 1473 204 12240 8876 2976 792 3133 349 4323 2421 603 3404 5387 2967 287658 209 929 1713 2458 1164 649 1331 164952 266 4581 1361
internal_value=-0.011483 -0.00220938 6.37327e-05 -0.004668 -0.00707331 0.00356536 0.00549687 -0.00793968 0.00895089 0.0110323 -0.0121309 0.00790419 -0.011276 0.0117827 0.00690605 0.00203544 0.00735383 -0.00843055 -0.00190671 0.0104835 0.000161326 0.0205857 0.0141207 0.0158866 0.0154129 0.00545524 -0.00578199 0.000223756 -0.00891012 0.00496821 0.0023002 0.00229167 0.0164505 -0.00662209 0.00331793 -0.0122804 0.00545075 0.00527614 -0.00630521 -0.00494228 0.0121146 0.00353194 0.0138074 0.010743 0.00124301 0.00379583 0.00541025 0.00834691 -0.00114246 0.00181997 -0.0115737 0.0183061 0.00226284 0.00503986 0.000992323 0.0200037 0.0100387 0.0189596 -0.0118282 0.0207343 -0.00704931 0.00189016
internal_weight=3.45034e+06 225312 153561 65309 71751 88252 65228 51823 32649 24859 3.22502e+06 13486 480172 8992 5354 32579 8278 66606 23024 5145 4494 1750 16012 12948 2549 8847 10323 24301 48205 3618 15130 7790 2544 9927 5734 2.74485e+06 5036 3395 33159 20919 7320 1211 6109 996 12701 3191 7666 4605 7462 5213 430559 521 3563 2634 3061 2029 1615 3638 511501 5628 13457 3009
internal_count=3450337 225312 153561 65309 71751 88252 65228 51823 32649 24859 3225025 13486 480172 8992 5354 32579 8278 66606 23024 5145 4494 1750 16012 12948 2549 8847 10323 24301 48205 3618 15130 7790 2544 9927 5734 2744853 5036 3395 33159 20919 7320 1211 6109 996 12701 3191 7666 4605 7462 5213 430559 521 3563 2634 3061 2029 1615 3638 511501 5628 13457 3009
cat_boundaries=0 4 8 12 15 19 22 26 30 34 37 41 45 47 50 54 58 61
cat_threshold=86117636 1367870650 2424310112 21 83886080 1350565888 0 4 84017408 1073742880 2155872256 20 671286529 25690114 268435520 1778454561 38076420 1074790400 2 2098176 16779280 268437760 1024 8388760 2336 1 132096 8390664 8388608 4 689112324 1099696154 1342177344 4 0 8388608 32 18876420 1082656906 268437568 4 536871426 33619969 5242887 2 16779264 128 69665 4 1073741824 69340160 1082131458 276826176 1 1098912420 1111498813 1858077700 1326 0 526362 2415921152
is_linear=0
shrinkage=0.05


Tree=27
num_leaves=63
num_cat=22
split_feature=7 8 7 42 0 1 41 0 0 0 41 35 0 41 0 42 18 1 41 2 5 0 41 0 18 7 0 7 0 0 0 41 0 41 18 0 37 0 41 0 0 41 5 2 41 0 42 36 38 35 7 8 5 5 0 0 3 0 28 0 28 4
split_gain=8038.61 1073.5 1016.12 1493.05 856.621 352.923 342.991 276.915 232.942 206.041 165.398 164.941 147.219 140.237 132.833 127.388 127.216 124.131 121.046 99.8059 121.671 95.7697 117.797 71.161 67.8279 80.7478 63.7224 52.8649 51.1724 50.2004 45.0527 41.1953 40.8731 68.8188 40.4838 40.3561 38.0701 37.3478 36.0958 35.9726 35.3671 35.0607 32.3946 33.9389 55.9365 75.7032 37.7506 29.1557 29.0667 28.5908 27.3338 26.5281 60.3588 57.8715 26.2977 25.7755 26.4996 25.7004 25.3675 26.1996 24.6055 24.5493
threshold=1.0000000180025095e-35 1.0000000180025095e-35 1.0500000119209292 0.2269546836614609 0 3.5499999523162846 0.032701563090086053 1 2 3 0.77259656786918651 2.0499999523162846 4 0.93540480732917797 5 0.16280825436115268 0.35416667163372045 16.800000190734867 -0.68322628736495961 1.0000000180025095e-35 -1.0000000180025095e-35 6 -0.63405361771583546 7 0.94999998807907116 0.35000000894069677 8 0.15000000223517421 9 10 11 -0.47114434838294977 12 -0.47114434838294977 22.774999618530277 13 2.8605000972747807 14 -0.72947329282760609 15 16 -0.9103761315345763 -1.0000000180025095e-35 1.0000000180025095e-35 0.68322628736495983 17 0.09796465560793878 10.500000000000002 21.500000000000004 1.0000000180025095e-35 0.15000000223517421 0.087500002235174193 1.0000000180025095e-35 -1.0000000180025095e-35 18 19 0.25000000745058065 20 0.0098039219155907648 21 0.0098039219155907648 3.9500000476837163
decision_type=2 2 2 2 9 10 2 9 9 9 2 2 9 2 9 2 8 10 2 8 8 9 2 9 10 2 9 2 9 9 9 2 9 2 10 9 2 9 2 9 9 2 8 8 2 9 2 2 2 2 2 2 10 10 9 9 10 9 2 9 2 10
left_child=11 2 3 6 36 14 9 13 15 27 -6 29 -13 24 18 16 21 19 23 61 -21 -4 -23 -3 25 -8 -15 48 -20 49 31 -11 33 -29 39 50 -5 41 -34 60 -14 -16 -30 -44 55 46 -46 -33 -2 -1 -12 52 53 -39 -10 56 -45 -28 59 -17 -18 -7
right_child=1 5 8 4 10 17 7 -9 54 30 35 12 40 26 37 58 34 -19 28 20 -22 22 -24 -25 -26 -27 57 32 42 -31 -32 47 38 -35 -36 -37 -38 51 -40 -41 -42 -43 43 44 45 -47 -48 -49 -50 -51 -52 -53 -54 -55 -56 -57 -58 -59 -60 -61 -62 -63
leaf_value=0 0.001701184729194615 0.0030266356568338284 0 0.0021150582587086495 0 -0.0023550767985104138 0.0025538495698354518 -0.00052902264874540861 0 -0.00011071745919197481 -0.00013166257606558467 0 0 0.0008201941238334834 -0.0001766277588873653 -0.00012415106067367707 0.0037258132720701925 1.0753077786557441 0.073427901950842325 0.053434623340587732 0.13491474067195533 -0.0034456557052808855 0.10475739104494292 -0.00010813613044951977 0.0031148080022150373 0.014077516294867275 0.0037840415973786237 0.0018383229256027202 0.0011577108245858982 0 -0.00021495847625944698 0.0027251458387726772 -1.6506405102493842e-05 0.0017430969821382711 0 -0.00029396195916366882 0.0018446805289686419 -4.3426408788997255e-05 0.0066621473627791394 0 0 0.0011092329111675036 0.0025087632598557522 0.0029006632536634309 -0.00097921268875377225 0.015555868434297061 0.0014796248220472321 -0.00067342609029028173 -0.0010571802779170993 0 0.002927048748323351 -0.00046332021841605648 -0.0039603499351616575 0.0014326603738798684 0 0.002084315461212659 0.0015001095726351111 0.0021813735316625268 0 0 0 0.20910171159226235
leaf_weight=346549 3403 1350 3144 1013 28137 1054 7995 2360 25278 3108 1459 49613 142901 2846 2731 2853 989 714 1496 1058 1105 803 2605 7268 2517 1639 1034 1246 2418 2233352 3274 900 850 533 8823 3044 2416 681 733 5793 287658 12498 2980 2474 1230 370 1108 292 575 164952 1614 8134 735 745 23707 2994 753 3496 17206 2000 3127 604
leaf_count=346549 3403 1350 3144 1013 28137 1054 7995 2360 25278 3108 1459 49613 142901 2846 2731 2853 989 714 1496 1058 1105 803 2605 7268 2517 1639 1034 1246 2418 2233352 3274 900 850 533 8823 3044 2416 681 733 5793 287658 12498 2980 2474 1230 370 1108 292 575 164952 1614 8134 735 745 23707 2994 753 3496 17206 2000 3127 604
internal_value=-0.011493 -0.00236228 -0.00431176 7.38414e-05 -0.00692189 0.00374771 0.00723724 0.0112218 -0.00770285 0.00138963 -0.00930641 -0.0121309 -0.011276 0.0131731 0.00253552 -0.00519793 -0.00277646 0.0171031 0.00516901 0.0135272 0.0206022 0.00322039 0.00901112 0.000403226 0.0164812 0.0183906 0.00774132 0.00735374 0.00776796 -0.0122804 -0.00439412 -0.00102088 0.0119795 0.0171674 -0.00487401 -0.00185753 0.0168763 1.1749e-05 0.00600282 -0.00268064 -0.0115737 0.00158393 0.00683285 0.00790893 0.00945095 0.00345273 7.45315e-05 0.00687919 0.0034628 -0.0118282 0.00218537 -0.0023132 0.00260875 0.00860799 -0.0101207 0.012062 0.0151877 0.0114152 -0.00797577 -0.00478312 0.000896752 0.00429735
internal_weight=3.45034e+06 225312 170812 74484 37683 54500 36801 21887 96328 14914 34254 3.22502e+06 480172 19527 49965 47343 25284 4535 24441 3821 2163 6552 3408 8618 12151 9634 7376 7340 15823 2.74485e+06 7574 4300 3362 1779 18732 6117 3429 25524 1583 9909 430559 15229 14327 11909 8929 2708 2338 1192 3978 511501 3073 10295 2161 1426 48985 6221 3227 4530 22059 4853 4116 1658
internal_count=3450337 225312 170812 74484 37683 54500 36801 21887 96328 14914 34254 3225025 480172 19527 49965 47343 25284 4535 24441 3821 2163 6552 3408 8618 12151 9634 7376 7340 15823 2744853 7574 4300 3362 1779 18732 6117 3429 25524 1583 9909 430559 15229 14327 11909 8929 2708 2338 1192 3978 511501 3073 10295 2161 1426 48985 6221 3227 4530 22059 4853 4116 1658
cat_boundaries=0 4 7 11 15 18 22 26 30 33 37 41 44 48 51 54 58 62 65 69 73 76 79
cat_threshold=16777216 8388608 0 4 134404 17565722 268437568 1797390592 1137246384 3490709856 5 2304 8912898 268435456 4 671286529 25690114 268435520 102764577 1103627441 411969760 337 704774400 1082654752 3222274112 4 67108896 1082131456 0 16 4 524290 268435456 102764544 1073742976 524288 81 689112324 1099696154 1342177344 4 553656324 16779280 64 0 8388608 0 4 134404 17039368 8390720 1627457924 33554702 2685407234 538968064 42467328 2416968032 1 1098912420 1111498813 1858077700 1326 32 8912928 8388608 2215746597 268698638 142746644 130 0 8912912 262144 256 131072 262152 2048 184680448 1099431968 3221225536
is_linear=0
shrinkage=0.05


Tree=28
num_leaves=63
num_cat=18
split_feature=8 0 28 42 43 0 8 41 0 0 28 35 0 28 44 41 0 42 0 0 41 0 28 41 0 43 43 2 42 44 0 0 0 35 30 0 0 4 44 41 30 43 41 41 41 43 0 41 41 28 43 0 35 44 0 44 2 43 42 36 44 28
split_gain=5004.83 1151.89 413.815 315.808 340.848 308.845 231.672 230.672 167.975 143.094 125.44 122.651 102.276 118.715 125.844 93.048 108.276 87.252 86.7188 79.3736 74.0214 77.2717 70.7328 84.704 127.83 65.2353 59.7455 55.5623 77.0503 51.149 50.5521 50.2653 47.379 44.3304 40.8883 39.3036 38.8759 38.1119 37.9822 44.0865 37.72 36.6169 36.0172 35.5716 34.6239 34.3011 33.6833 32.3498 32.3172 37.5173 32.2135 28.1588 27.5698 27.4851 26.8703 26.7437 26.5412 26.3308 25.9525 25.5023 26.9785 35.0367
threshold=1.0000000180025095e-35 0 0.044210137799382217 0.2269546836614609 0.48314048349857336 1 13.429166793823244 -0.52778512239456166 2 3 0.013725490774959328 2.2500000000000004 4 0.013725490774959328 0.29958851635456091 -0.58216583728790272 5 0.41248606145381933 6 7 0.47114434838294988 8 0.058037718757987029 0.77259656786918651 9 0.92273071408271801 0.92273071408271801 1.0000000180025095e-35 0.68322628736495983 -0.43733099102973932 10 11 12 1.2500000000000002 0.074316769838333144 13 14 -1.0000000180025095e-35 0.85561370849609386 0.52778512239456188 0.098947044461965575 0.07411635667085649 -0.58216583728790272 0.88144907355308544 0.77259656786918651 0.67802080512046825 15 0.2269546836614609 -0.47114434838294977 0.021568628028035167 -0.21861968189477918 16 1.0000000180025095e-35 0.53312596678733837 17 0.68274390697479259 1.0000000180025095e-35 -0.24372956901788709 0.09796465560793878 10.500000000000002 0.86869874596595775 0.0098039219155907648
decision_type=2 9 2 2 2 9 2 2 9 9 2 2 9 2 2 2 9 2 9 9 2 9 2 2 9 2 2 10 2 2 9 9 9 2 2 9 9 10 2 2 2 2 2 2 2 2 9 2 2 2 2 9 2 2 9 2 8 2 2 2 2 2
left_child=1 2 3 4 12 7 9 -6 10 17 26 32 13 14 -1 31 27 19 -13 47 30 34 33 -24 -25 43 29 -17 36 -5 48 -11 -3 -4 -22 -27 38 -18 39 -29 56 -12 -21 -9 -10 -46 -35 -2 49 53 -26 -20 54 -7 57 -38 -19 -14 -52 60 -31 -62
right_child=6 11 22 8 5 20 -8 25 44 15 41 18 52 -15 -16 16 37 40 51 42 21 -23 23 24 50 35 -28 28 -30 59 -32 -33 -34 46 -36 -37 55 -39 -40 -41 -42 -43 -44 -45 45 -47 -48 -49 -50 -51 58 -53 -54 -55 -56 -57 -58 -59 -60 -61 61 -63
leaf_value=0.0027592056643512644 0.0015233664422492508 0 0 0.0013095328998979354 0 0.0017141106613552956 0.82780454209640331 0.0027801492632321882 0 -0.00039054193439441568 0 0 0 0 0 0.0015258045483264151 0.0023463120748783727 0.016955457487764093 0 0.024923400990286781 0.0021010112237435517 0 0 0 0 0.010052007422929591 0.0013172128067371403 0.0020982099012916478 -0.00031505462469187814 -0.00020303281552542466 0 3.4928248317117392e-05 0 0 0 0.0030661445632345547 0.0043054595513439629 -8.8242482593132651e-05 -0.00056477218893569408 0.020307459422075964 0.0046729711452754242 0 0.084953162546499678 0 0 0 0 -0.000827918304887329 0 0 0.00091401195858610237 0 0 0 0 0.0092804372558347031 0.0018111406657078666 0 0 0 -0.00020303281552542466 0.0016772951169743218
leaf_weight=5502 2819 320955 152624 1508 4112 1413 901 5434 80040 4639 6392 44453 6725 14628 7360 3343 1408 275 150268 1016 2166 4182 31251 6570 1642 538 499 1495 1645 2140 12890 12493 2155377 11348 2084 3909 3091 10754 527 699 2516 3053 1552 2336 12980 3554 22125 2836 1837 451 3608 221779 53811 485 23546 772 1719 3925 3395 1895 619 428
leaf_count=5502 2819 320955 152624 1508 4112 1413 901 5434 80040 4639 6392 44453 6725 14628 7360 3343 1408 275 150268 1016 2166 4182 31251 6570 1642 538 499 1495 1645 2140 12890 12493 2155377 11348 2084 3909 3091 10754 527 699 2516 3053 1552 2336 12980 3554 22125 2836 1837 451 3608 221779 53811 485 23546 772 1719 3925 3395 1895 619 428
internal_value=-0.0114987 -0.01174 -0.00953046 -0.00820074 -0.00675204 -0.0028853 0.00353303 0.00248409 -0.0102159 0.00311037 -0.00554733 -0.0121241 -0.0081527 -0.00548273 -0.00198064 0.00166663 0.00369407 0.0077366 -0.0113303 0.00467743 -0.00632103 -0.00249051 -0.0110772 -0.00933209 -0.00627259 0.00593333 -0.000523699 0.00715334 0.00936778 -0.0017868 -0.00821621 -0.00114114 -0.0122576 -0.0115129 0.00225939 0.0107629 0.0117861 0.000396402 0.00711736 0.0100387 0.0133315 -0.00932372 0.0119472 0.00316924 -0.0110135 -0.0089316 -0.00986504 0.0013526 -0.00341397 0.000462963 -0.00226603 -0.0115806 -0.00898505 0.0035432 -0.0100962 0.0150174 0.0184679 -0.00797608 -0.000790733 -0.00418634 -0.00145513 0.00512178
internal_weight=3.45034e+06 3.39584e+06 503005 270442 157334 41837 54500 16329 113108 53599 16534 2.89283e+06 115497 27490 12862 40866 23734 12733 416500 8223 25508 8432 232563 46466 15215 12217 7089 11572 8229 6590 17076 17132 2.47633e+06 186097 4250 4447 6584 12162 2721 2194 4510 9445 2568 7770 96574 16534 33473 5655 4186 2349 8645 372047 88007 1898 34196 3863 1994 10650 7003 5082 3187 1047
internal_count=3450337 3395837 503005 270442 157334 41837 54500 16329 113108 53599 16534 2892832 115497 27490 12862 40866 23734 12733 416500 8223 25508 8432 232563 46466 15215 12217 7089 11572 8229 6590 17076 17132 2476332 186097 4250 4447 6584 12162 2721 2194 4510 9445 2568 7770 96574 16534 33473 5655 4186 2349 8645 372047 88007 1898 34196 3863 1994 10650 7003 5082 3187 1047
cat_boundaries=0 4 7 11 15 18 21 24 27 29 33 37 40 43 45 48 51 55 59
cat_threshold=151127300 25692186 268435520 4 256 17301522 268435520 16777216 8388608 0 4 102797505 1188177028 2718703712 369 0 8912896 268435520 1207959812 17301531 413272466 1619066881 1073741828 1073741828 36865 9446404 262208 1028 2056 150994948 8388618 0 4 0 8388608 0 4 277873664 83978 140660114 537987072 1074069664 1073742080 0 16 134217984 8 8388866 134350080 8388608 64 36706976 38117409 2931840256 1322 4 24 0 4
is_linear=0
shrinkage=0.05


Tree=29
num_leaves=63
num_cat=22
split_feature=7 8 7 42 0 41 10 0 0 41 35 0 0 42 18 0 41 0 41 5 2 0 42 0 5 0 2 5 7 0 41 0 0 0 41 41 41 0 0 18 8 35 5 37 18 0 0 0 2 0 35 44 8 5 42 2 5 0 41 0 8 41
split_gain=7760.92 989.625 955.102 1302.2 839.727 348.238 302.899 254.518 235.051 222.709 164.941 159.135 147.219 129.431 132.964 126.44 125.217 101.171 91.7524 88.708 75.7075 65.54 59.9667 60.8384 63.436 55.7246 54.0625 56.2386 53.2305 74.4619 66.2701 51.3271 50.2004 49.8195 49.3991 45.0798 41.5892 54.5885 45.4159 40.6811 40.3221 39.9322 38.8424 38.0701 37.388 35.9726 35.3671 31.6071 31.5365 28.7473 28.5908 28.4376 28.1567 37.9405 51.4414 27.356 42.5973 41.1591 43.1816 37.0739 30.8326 27.1835
threshold=1.0000000180025095e-35 1.0000000180025095e-35 1.0500000119209292 0.2269546836614609 0 0.032701563090086053 1.0000000180025095e-35 1 2 0.77259656786918651 2.0499999523162846 3 4 0.16280825436115268 0.35416667163372045 5 0.97335553169250499 6 -0.63405361771583546 -1.0000000180025095e-35 1.6500000357627871 7 0.41248606145381933 8 1.0000000180025095e-35 9 1.0000000180025095e-35 -1.0500000119209287 0.15000000223517421 10 -0.47114434838294977 11 12 13 -0.58216583728790272 -0.41248606145381922 -0.58216583728790272 14 15 22.774999618530277 17.429166793823246 0.55000001192092907 16.250000000000004 2.8605000972747807 0.38750000298023229 16 17 18 0.25000000745058065 19 1.0000000180025095e-35 -0.082691941410303102 0.087500002235174193 1.0000000180025095e-35 -0.41248606145381922 1.0000000180025095e-35 1.0000000180025095e-35 20 0.47114434838294988 21 0.087500002235174193 -0.72947329282760609
decision_type=2 2 2 2 9 2 2 9 9 2 2 9 9 2 8 9 2 9 2 8 8 9 2 9 10 9 8 8 2 9 2 9 9 9 2 2 2 9 9 10 2 2 10 2 10 9 9 9 10 9 2 2 2 10 2 10 10 9 2 9 2 2
left_child=10 2 3 5 43 11 26 16 13 -6 32 28 -12 14 17 19 21 -4 -19 25 22 44 33 24 48 -8 42 40 61 30 -30 -18 50 35 -31 -21 38 55 -17 45 -28 -23 -3 -5 -7 -16 -14 -13 -24 -11 -1 -37 53 54 -39 56 -38 60 59 -59 -57 -2
right_child=1 6 8 4 9 7 15 -9 -10 49 12 47 46 -15 39 36 31 18 -20 20 -22 41 23 -25 -26 -27 27 -29 29 34 -32 -33 -34 -35 -36 51 37 52 -40 -41 -42 -43 -44 -45 -46 -47 -48 -49 -50 -51 -52 -53 -54 -55 -56 57 -58 58 -60 -61 -62 -63
leaf_value=0 -6.3149590843525013e-05 0.091845137330012747 0 0.0020194569865494886 0 0.0096995998366919464 -0.00038082353895587545 -0.00050257151630813822 0 0.0021440552463953483 0 -0.00010148805495693614 0 0 0.0021591534422824078 9.0120876220035816e-05 0.0038197895423824216 -0.0032733729200168414 0.099519521492695773 0.0017611198657287832 0.018248645917671592 0.0029063384224042323 0.0012701957957456066 0.0011552119869452787 0.0026196671786885436 0.0071961029698330865 0.024782759864128503 0.50107082296759531 0.0017378612342251597 -0.00013261061425548672 0.0016559421330313573 0.0013844888106513968 0 0.00088546316291694552 0.0061078610455342188 0.0083667591140482982 0.0025336879423377093 0.00057086801393199053 -0.00031123821309462531 0 0.68833908050130155 0.0021129965130306603 0.53449790599242797 0.0017279623459910028 0.001723505379505326 0 0 -0.00020475199731322024 0.0013056180790777937 -0.00027827820526654982 0 0.014099250007399328 -0.00046090321635313823 -0.0056143398720744937 0.0013654394793155313 0.0021145430154075641 -0.0014396082963654484 -0.0011346624002741112 0.013061352834487179 0.0016703495162017218 -5.4000392306280402e-05 0.002015398610427602
leaf_weight=346549 2452 999 3144 1013 28137 1934 3541 2360 48985 2304 49613 3631 142901 22059 4116 6697 796 803 2605 1297 1211 7338 1612 1149 746 2629 381 1009 1246 1359 533 4932 2233352 8099 854 510 1144 434 4613 8823 285 3973 221 2416 554 5793 287658 2698 620 3813 164952 732 4091 314 251 335 2172 1033 1249 3189 3937 2141
leaf_count=346549 2452 999 3144 1013 28137 1934 3541 2360 48985 2304 49613 3631 142901 22059 4116 6697 796 803 2605 1297 1211 7338 1612 1149 746 2629 381 1009 1246 1359 533 4932 2233352 8099 854 510 1144 434 4613 8823 285 3973 221 2416 554 5793 287658 2698 620 3813 164952 732 4091 314 251 335 2172 1033 1249 3189 3937 2141
internal_value=-0.0115041 -0.00253249 -0.00440426 -0.000152382 -0.00668571 0.00653753 0.00333394 0.0105525 -0.00769195 -0.00904667 -0.0121309 0.000645367 -0.011276 -0.00517575 -0.00273493 0.00245107 0.0124232 0.00339591 0.00934757 0.00530443 0.00727341 0.0150092 0.00628767 0.0114036 0.0151523 0.000214749 0.0190717 0.024903 0.00507708 0.00930611 0.0168879 0.00621508 -0.0122804 0.00430297 0.00312078 0.0104011 0.000304133 0.00178729 -0.0020756 -0.00487935 0.0136261 0.013348 0.0110656 0.0168763 0.0224179 -0.00268064 -0.0115737 -0.00536559 0.019422 -0.000402567 -0.0118282 0.0172504 -0.00260294 0.00491742 0.0115146 0.00349778 -0.000422195 0.00483552 0.00770161 0.00529962 0.00114433 0.00141248
internal_weight=3.45034e+06 225312 170812 74484 37683 36801 54500 21887 96328 34254 3.22502e+06 14914 480172 47343 25284 51605 19527 6552 3408 22146 15976 13799 14765 4127 2978 6170 2895 1675 8585 3992 1779 5728 2.74485e+06 10638 2213 2539 29459 18149 11310 18732 666 11311 1220 3429 2488 9909 430559 6329 2232 6117 511501 1242 5090 999 685 13059 3316 9743 5471 4222 4272 4593
internal_count=3450337 225312 170812 74484 37683 36801 54500 21887 96328 34254 3225025 14914 480172 47343 25284 51605 19527 6552 3408 22146 15976 13799 14765 4127 2978 6170 2895 1675 8585 3992 1779 5728 2744853 10638 2213 2539 29459 18149 11310 18732 666 11311 1220 3429 2488 9909 430559 6329 2232 6117 511501 1242 5090 999 685 13059 3316 9743 5471 4222 4272 4593
cat_boundaries=0 4 7 11 15 18 22 26 29 32 36 40 43 47 51 54 58 62 66 69 72 75 77
cat_threshold=16777216 8388608 0 4 134404 17565722 268437568 1797390592 1137246384 3490709856 5 260 25690130 268435456 4 671286529 25690114 268435520 639635617 1137181873 143532256 337 704774400 1082654752 3222274112 4 0 2064 2048 100667392 1082130432 64 0 62915632 134610944 336 0 8388608 0 4 131072 262152 2048 689112324 1099696154 1342177344 4 102760448 1077936272 134742016 65 1225297156 67110926 2953845010 2302871814 434180 3563065348 164 538968064 42467328 2416968032 1 1098912420 1111498813 1858077700 1326 553659392 2176 64 132356 262152 64 151028736 4 4352 0 8
is_linear=0
shrinkage=0.05


Tree=30
num_leaves=63
num_cat=20
split_feature=8 0 28 1 43 41 0 0 35 0 43 35 0 28 0 28 0 41 5 2 28 41 0 41 0 0 10 8 35 34 0 28 8 5 41 0 9 32 40 41 2 29 0 0 35 0 41 43 0 0 0 8 27 1 45 36 43 0 10 32 0 43
split_gain=4797.09 1119.64 391.854 301.948 224.63 194.326 195.427 143.087 123.336 116.492 105.593 102.491 86.2482 81.0592 155.974 65.2561 77.3951 111.913 64.1323 94.1179 62.4524 52.8199 72.3596 60.4998 49.1161 47.9931 68.1788 46.5738 45.4194 45.4046 43.2483 63.9173 40.0432 56.8897 39.9475 52.3846 42.7239 39.8858 39.7516 65.02 38.5599 35.8453 35.187 35.1489 34.957 34.9551 31.8997 32.2849 31.4498 30.6697 29.2392 28.0559 26.4613 26.0459 26.0131 34.919 43.8882 25.8027 25.276 25.2093 24.9195 32.8975
threshold=1.0000000180025095e-35 0 0.044210137799382217 13.34999990463257 0.091259401291608824 0.2269546836614609 1 2 2.2500000000000004 3 0.8431384563446046 1.0000000180025095e-35 4 0.013725490774959328 5 0.058037718757987029 6 0.72947329282760631 -1.0000000180025095e-35 1.4499999880790713 0.021568628028035167 -0.58216583728790272 7 0.58216583728790294 8 9 25.791666984558109 0.15416666865348819 3.1499999761581425 1.0000000180025095e-35 10 0.013725490774959328 0.087500002235174193 1.0000000180025095e-35 0.84874749183654796 11 4.1633363423443376e-17 1.0000000180025095e-35 2.3645000457763676 0.58216583728790294 1.0000000180025095e-35 0.20818121731281283 12 13 3.5499999523162846 14 -0.41248606145381922 0.89017060399055492 15 16 17 3.6041666269302373 0.038691813126206405 17.94999980926514 1.0000000180025095e-35 7.5000000000000009 0.87397152185440075 18 71.958332061767592 0.05172413773834706 19 0.2603727281093598
decision_type=2 9 2 10 2 2 9 9 2 9 2 2 9 2 9 2 9 2 10 10 2 2 9 2 9 9 2 2 2 2 9 2 2 10 2 9 2 2 2 2 10 2 9 9 2 9 2 2 9 9 9 2 2 10 2 2 2 9 2 2 9 2
left_child=1 2 4 7 11 6 20 18 25 10 52 30 58 14 44 28 -17 -18 24 34 37 45 23 40 -2 26 38 -26 -4 -8 31 59 33 -24 35 -20 -37 46 -3 -40 -23 -12 -25 -42 -13 -9 47 -6 -31 -15 -30 -21 -7 -5 55 -39 -57 -14 -10 -1 -19 -62
right_child=3 8 15 53 5 9 29 21 12 -11 41 13 57 49 -16 16 17 60 19 51 -22 22 32 42 27 -27 -28 -29 50 48 -32 -33 -34 -35 -36 36 -38 54 39 -41 43 -43 -44 -45 -46 -47 -48 -49 -50 -51 -52 -53 -54 -55 -56 56 -58 -59 -60 -61 61 -63
leaf_value=0 0.045013472902022504 0 0 0.21134684132328269 0.0010498942803736325 0 0 -0.00035802181047560333 0 0 0.0037764754578208416 0 0 0 0 0 0 0 0.0011666406963141494 0.016079467031026719 0 -0.0004300007451625773 0.0014551412883500687 0.014671682314488356 0.0009311947402394407 0 0 -0.0028046789510342632 0 0 0 0 -0.00043785805553548112 -0.0053371405952771086 0.00029172837340807854 0.0010918786337559051 0.0026068347240483739 0 0 0.19031300161360531 0.00044610981367889518 0.0011842391535371963 0.0042586873786635724 0.0022347466375462924 0.0025252769382090399 6.3227258996723871e-05 0 0.001847156361135436 0 0 0 0.12412701350246352 0 1.0551930791317596 0.0017085728016527268 -0.00015374956596196637 0.0038781416839376425 0 0 0 0 0.00042955729279086122
leaf_weight=4726 1422 5052 166014 433 1220 2080 38027 6140 7794 23261 1412 10841 150142 15687 23959 18273 18344 3858 3214 916 1125 3180 1200 1197 1151 2155806 313631 2262 6873 5176 63035 8532 7481 469 2039 696 5664 1497 1086 662 2544 6557 1005 3997 2955 8381 808 520 6248 35243 13428 427 10339 651 1204 645 347 216251 42051 5140 2280 3935
leaf_count=4726 1422 5052 166014 433 1220 2080 38027 6140 7794 23261 1412 10841 150142 15687 23959 18273 18344 3858 3214 916 1125 3180 1200 1197 1151 2155806 313631 2262 6873 5176 63035 8532 7481 469 2039 696 5664 1497 1086 662 2544 6557 1005 3997 2955 8381 808 520 6248 35243 13428 427 10339 651 1204 645 347 216251 42051 5140 2280 3935
internal_value=-0.01151 -0.0117461 -0.00956915 0.00321077 -0.00827506 -0.00640042 -0.00832783 0.00268029 -0.012125 -0.00389156 -0.00113001 -0.00938216 -0.0113287 -0.00820615 -0.00645047 -0.0110723 -0.00940084 -0.00775715 0.00634023 0.00817768 -0.000721936 0.000848921 0.00244804 0.00501236 0.00142968 -0.0122589 -0.0116807 -0.00182954 -0.0114912 -0.00945871 -0.0106629 -0.00850581 -0.000897926 0.00610395 0.00672845 0.00808178 0.0107064 0.00123177 -0.00672794 -0.000228833 0.00332142 0.00336146 0.0125 0.00551712 -0.00220918 -0.00147115 0.00604396 0.00985632 -0.00669643 -0.00950766 -0.00925878 0.0207092 -0.004013 0.0293358 -0.00208841 -0.00500703 0.00226815 -0.0115952 -0.00936541 -0.00576982 -0.00352551 -0.00155622
internal_weight=3.45053e+06 3.39606e+06 503589 54469 270584 100466 56817 53385 2.89248e+06 43649 20388 170118 416238 88685 37755 233005 46690 28417 17791 12956 7366 35594 21073 11923 4835 2.47624e+06 320431 3413 186315 49451 81433 18398 9150 1669 11613 9574 6360 6241 6800 1748 9721 7969 2202 6541 13796 14521 2548 1740 11424 50930 20301 1343 12419 1084 3693 2489 992 366393 49845 9866 10073 6215
internal_count=3450533 3396064 503589 54469 270584 100466 56817 53385 2892475 43649 20388 170118 416238 88685 37755 233005 46690 28417 17791 12956 7366 35594 21073 11923 4835 2476237 320431 3413 186315 49451 81433 18398 9150 1669 11613 9574 6360 6241 6800 1748 9721 7969 2202 6541 13796 14521 2548 1740 11424 50930 20301 1343 12419 1084 3693 2489 992 366393 49845 9866 10073 6215
cat_boundaries=0 4 8 12 15 19 23 27 30 33 36 40 44 47 50 54 57 60 63 67 70
cat_threshold=151127300 25692186 268435520 4 0 8388608 0 4 102797473 1187124369 2290491488 369 256 17301528 268435520 1619066881 1073741828 1082130436 1024 16777216 8912898 268435520 4 134217732 8388618 0 4 1208487172 17303598 872418706 102764705 1073741953 2155880480 537987072 1074069664 1073742080 0 8388616 268435456 4 32929 33555457 2290360416 272 1024 17301512 268437890 134220800 40 536872194 1074791936 854026 1614826899 138 256 17301522 268435520 134217984 8388608 268435520 134350080 8388608 64 37231264 38051873 2940359936 298 16908288 0 268435520
is_linear=0
shrinkage=0.05


Tree=31
num_leaves=63
num_cat=21
split_feature=7 8 7 42 0 1 0 9 0 35 0 42 18 0 42 0 42 0 42 7 0 0 0 18 1 42 0 0 9 35 37 7 28 7 0 0 7 42 42 7 0 33 0 28 0 0 3 7 0 7 42 8 37 5 7 0 34 36 5 30 0 16
split_gain=7482.58 927.063 908.926 1268.5 833.945 283.399 234.367 189.317 186.564 169.301 135.668 129.727 121.637 119.454 105.543 98.8306 97.2964 96.4951 87.8004 65.7209 65.6104 64.0398 63.553 59.8707 57.383 46.83 86.7105 55.8535 44.5884 43.6563 39.8187 38.3525 36.5717 36.0948 32.0199 31.7842 50.6833 37.1185 31.0554 30.0277 29.6655 29.5709 29.3606 29.1681 29.1131 28.8458 27.2113 40.7972 26.8888 26.6559 26.6092 25.656 29.5542 49.4424 25.3868 25.2503 24.8418 24.563 24.2973 24.2504 24.2407 23.7913
threshold=1.0000000180025095e-35 1.0000000180025095e-35 1.0500000119209292 0.2269546836614609 0 8.9499998092651385 1 0.0082167778164150568 2 3.8500000238418584 3 0.16280825436115268 0.35416667163372045 4 -0.2901292592287063 5 0.52778512239456188 6 0.63405361771583568 0.25000000745058065 7 8 9 1.0000000180025095e-35 19.300000190734867 -0.72947329282760609 10 11 4.1633363423443376e-17 0.25000000745058065 2.8605000972747807 0.15000000223517421 0.017647059634327892 0.55000001192092907 12 13 0.15000000223517421 -0.81241145730018605 -0.63405361771583546 0.25000000745058065 14 0.35000000894069677 15 0.0098039219155907648 16 17 1.0000000180025095e-35 0.15000000223517421 18 0.45000000298023229 -0.58216583728790272 0.087500002235174193 2.8605000972747807 1.0000000180025095e-35 0.15000000223517421 19 0.65000000596046459 8.5000000000000018 1.0000000180025095e-35 0.27105295658111578 20 9.7500000000000018
decision_type=2 2 2 2 9 10 9 2 9 2 9 2 8 9 2 9 2 9 2 2 9 9 9 10 10 2 9 9 2 2 2 2 2 2 9 9 2 2 2 2 9 2 9 2 9 9 10 2 9 2 2 2 2 10 2 9 2 2 10 2 9 10
left_child=9 2 3 7 30 13 11 8 14 21 -11 12 17 16 15 19 20 -4 46 41 -3 29 54 49 -7 26 42 51 -18 -1 -5 40 60 35 -12 36 -17 -38 -19 -24 -9 50 58 44 -13 -33 47 -6 59 -21 -2 52 -27 57 -16 -8 -37 -54 -15 -40 -14 -30
right_child=1 5 6 4 18 24 55 31 -10 10 34 43 32 25 22 33 28 38 -20 23 -22 -23 39 -25 -26 27 -28 -29 61 -31 -32 45 -34 -35 -36 56 37 -39 48 -41 -42 -43 -44 -45 -46 -47 -48 -49 -50 -51 -52 -53 53 -55 -56 -57 -58 -59 -60 -61 -62 -63
leaf_value=0 0.0026270162458092413 3.7592477956899242e-06 0 0.0018496690308615555 0 0.17732793016122084 0 1.7347808126022116e-05 -0.0003861408640859761 0 0 -0.00011794350763999321 0.0018185962235377738 0.0014139791946180258 0.0017683492236951919 -0.00035383607561013226 0.001070014388681482 0.091511067223173898 0 0.0059770156447716835 0.060922219060237627 0 6.6824075692311505e-05 0.0062978256532680923 1.0937687349024903 -4.2442510054484926e-05 -9.1966698748675166e-05 0.0012191695365404397 0.0020838083606801185 0 0.0016231441615700906 0.0014109483395259356 0 -0.00076544867105715923 0 0.0016674725768752244 0.000651726401313775 0.0011930142323066347 0.054318712310857414 0.0029587494994269201 -9.2395533811137761e-05 0.00053284554802206436 0.0053695481922568268 0 0 -0.00030101294321384885 0 0 -0.003137873671806686 0.016857122839077112 0.0013856828023306631 -0.00041596515275870718 0.0012999071269708779 -0.0051125821222120201 0.0051550210370477235 0 0.0007427758324174312 9.4702872715285078e-06 0.00037973884241879197 0.12497821984238433 0 -0.00081521385848125349
leaf_weight=426029 4497 4048 3015 1042 4539 1158 25676 216 2744 31710 81976 2816 3729 2795 955 1883 566 1583 23001 1427 2048 2350031 5042 981 565 1829 7722 15022 2411 144121 2392 1740 10993 528 191466 5089 381 594 801 2385 2868 597 2686 17130 1940 558 2206 4705 793 956 1610 10154 422 259 755 23289 945 227 2259 366 3964 298
leaf_count=426029 4497 4048 3015 1042 4539 1158 25676 216 2744 31710 81976 2816 3729 2795 955 1883 566 1583 23001 1427 2048 2350031 5042 981 565 1829 7722 15022 2411 144121 2392 1740 10993 528 191466 5089 381 594 801 2385 2868 597 2686 17130 1940 558 2206 4705 793 956 1610 10154 422 259 755 23289 945 227 2259 366 3964 298
internal_value=-0.0115137 -0.00270204 -0.00451405 -0.000374484 -0.00679458 0.00297761 -0.0077292 0.00624371 0.00773016 -0.0121289 -0.0110083 -0.00520842 -0.00276699 0.00232577 0.00892221 0.0110042 0.0074419 0.00309164 -0.00913605 0.0144523 0.00371555 -0.012246 0.00449135 0.0201694 0.0229324 0.00121845 0.00342614 -4.03038e-06 0.0144008 -0.0117661 0.0166739 -0.0024201 -0.00482313 0.00729586 -0.0113679 0.0080578 0.0036698 0.0129359 0.00867225 0.0024758 -0.00606355 0.011605 0.00716129 -0.00802682 -0.00456266 0.00246954 -0.00556114 -0.0043704 0.0044898 0.0244492 0.0126433 -0.00241745 0.00187706 0.0092511 0.0131541 -0.0101524 0.0101133 0.0166217 0.00489238 0.00927145 -0.00217893 0.011734
internal_weight=3.45053e+06 225200 170731 74636 37885 54469 96095 36751 31369 3.22533e+06 305152 47130 25244 52746 28625 19488 9371 6558 34451 10068 6096 2.92018e+06 9137 3364 1723 43375 15462 27913 3275 570150 3434 5382 18686 9420 273442 8892 2858 975 3543 7427 3084 6704 7740 21886 4756 2298 11450 9244 1960 2383 6107 12891 2737 908 1710 48965 6034 649 5054 1167 7693 2709
internal_count=3450533 225200 170731 74636 37885 54469 96095 36751 31369 3225333 305152 47130 25244 52746 28625 19488 9371 6558 34451 10068 6096 2920181 9137 3364 1723 43375 15462 27913 3275 570150 3434 5382 18686 9420 273442 8892 2858 975 3543 7427 3084 6704 7740 21886 4756 2298 11450 9244 1960 2383 6107 12891 2737 908 1710 48965 6034 649 5054 1167 7693 2709
cat_boundaries=0 4 8 12 15 19 22 26 30 34 38 42 46 50 54 56 59 62 66 69 73 76
cat_threshold=16777216 8388608 0 4 1797390592 1137246384 3490709856 5 134404 25954330 268437568 4 671286529 1098907650 268435520 2250248321 1153434752 2147491872 257 2052 17303568 268437504 704774400 1082130464 3222274112 4 2147487745 8388608 2147483648 256 689112325 1099434042 1342177344 4 0 8388616 0 4 1753219328 17301522 939657296 64 1880164100 34310162 1684081944 196 1101796004 38281244 1858076676 1038 0 8650752 0 4 0 2064 142606592 16777218 805306432 184680448 1099431968 3221225536 16779524 8912914 276824128 4 1073741824 37748880 288 2215746597 268700686 142812180 130 555745280 25690256 268435776
is_linear=0
shrinkage=0.05


Tree=32
num_leaves=63
num_cat=23
split_feature=7 8 7 42 0 41 0 1 0 41 0 35 0 0 42 41 7 42 35 31 0 41 41 0 41 0 0 43 0 0 0 9 41 35 41 37 7 42 0 0 41 0 9 44 2 0 1 2 0 1 34 42 0 0 7 0 43 0 0 41 7 8
split_gain=7250.37 891.628 857.849 1179.06 833.945 323.169 296.99 269.697 230.351 207.219 189.976 169.301 135.668 132.949 125.848 111.672 84.16 82.5756 79.7263 79.4726 82.8105 85.8749 78.3023 76.3123 75.3472 78.1004 66.9762 64.8433 64.0398 54.1 53.5238 46.9773 44.3027 43.6563 40.7057 39.8187 39.7585 50.4129 43.0726 37.6467 35.4332 32.0199 30.1407 28.8336 28.4496 31.397 30.0722 28.3981 27.9312 26.2983 26.0091 25.4805 25.2503 24.0047 22.2699 21.8549 24.2021 21.3616 21.0106 20.881 20.8791 20.2991
threshold=1.0000000180025095e-35 1.0000000180025095e-35 1.0500000119209292 0.2269546836614609 0 -0.16280825436115262 1 15.250000000000002 2 0.77259656786918651 3 3.8500000238418584 4 5 0.16280825436115268 0.95642796158790599 0.15000000223517421 0.41248606145381933 1.0500000119209292 0.05172413773834706 6 -0.41248606145381922 -0.52778512239456166 7 -0.58216583728790272 8 9 -0.082689788192510591 10 11 12 4.1633363423443376e-17 -0.58216583728790272 0.25000000745058065 0.09796465560793878 2.8605000972747807 0.35000000894069677 0.72947329282760631 13 14 -0.16280825436115262 15 0.0082167778164150568 -0.63919836282730091 1.0000000180025095e-35 16 1.0000000180025095e-35 1.0000000180025095e-35 17 3.6499999761581425 0.55000001192092907 0.63405361771583568 18 19 6.3500001430511483 20 0.49812944233417517 21 22 -0.95642796158790577 0.15000000223517421 0.11250000074505807
decision_type=2 2 2 2 9 2 9 10 9 2 9 2 9 9 2 2 2 2 2 2 9 2 2 9 2 9 9 2 9 9 9 2 2 2 2 2 2 2 9 9 2 9 2 2 10 9 10 10 9 10 2 2 9 9 2 9 2 9 9 2 2 2
left_child=11 2 3 5 35 10 15 13 14 -6 16 28 -13 17 19 18 -2 23 30 54 -21 -22 -12 34 39 36 -24 -23 33 -17 43 -19 -25 -1 -3 -5 44 38 40 49 57 -14 51 -7 46 -46 -26 -33 60 -15 -42 -27 -10 -16 -4 -31 -57 -38 -39 -41 -11 -49
right_child=1 7 8 4 9 6 -8 -9 52 48 22 12 41 24 53 29 -18 31 -20 20 21 27 26 32 25 42 -28 -29 -30 55 -32 47 -34 -35 -36 -37 37 58 -40 59 50 -43 -44 -45 45 -47 -48 61 -50 -51 -52 -53 -54 -55 -56 56 -58 -59 -60 -61 -62 -63
leaf_value=0 0.0016663810818939051 0.0025654732994969398 0 0.0017571855793184774 0 0.003932734604186916 -0.00054434122123184073 0.77267421579228213 0 -0.00010061963351648818 -0.00011037233128646513 0 0 -0.0002697273593362689 0 0.0034450779428261235 0.0019207698856719931 0.0010180056275749499 0.0018202800533043018 0 -0.0002325180655404646 0 0.0023014191452383967 0.017152806201485141 0.0019998784746489478 -0.00039516689512077152 -0.00051256383618455135 0.058115330790917887 0 -0.00046189820489361062 0.0027036564171469277 0.0046364979814625899 0.074567624169959171 0 -0.00096496974617658752 0.0015419869534915864 0.0052496012480599706 0.0042571801456175789 0.0054113108265041732 -0.00026989767770789957 0.011105978431644476 0 0.00031540692085258414 0.012911658166455221 0.001008820022911551 -0.00039056909698287416 -0.0013016063400096709 0.00056837676765747469 -0.00026176440009016011 0.022800833125424393 0.0072402059496592744 0.002025138353611157 0 0 0 0.00069417168242160939 0.0020588471513768498 -0.00013048776068212421 -0.0012609939934611015 0.001311623921860589 0.0044524829156062026 0.0025889361019224722
leaf_weight=426029 2035 1187 7306 1042 28381 218 2967 859 25676 1005 7335 31710 81976 9759 6723 902 1863 640 3755 7065 2165 1770 1254 897 614 2134 697 2909 2350031 1412 8864 654 1415 144121 2574 2392 654 777 3186 2711 2099 191466 6222 1192 2339 1484 1811 482 4096 486 598 1049 23289 15163 4029 1570 2687 695 1618 5320 969 2205
leaf_count=426029 2035 1187 7306 1042 28381 218 2967 859 25676 1005 7335 31710 81976 9759 6723 902 1863 640 3755 7065 2165 1770 1254 897 614 2134 697 2909 2350031 1412 8864 654 1415 144121 2574 2392 654 777 3186 2711 2099 191466 6222 1192 2339 1484 1811 482 4096 486 598 1049 23289 15163 4029 1570 2687 695 1618 5320 969 2205
internal_value=-0.0115233 -0.00284947 -0.0046265 -0.000604936 -0.00679458 0.00577569 0.00928258 0.00272058 -0.00775001 -0.00913605 -0.000493022 -0.0121289 -0.0110083 0.00227523 -0.00525085 0.0114095 0.00875768 0.00745479 0.0139345 -0.00284622 -0.000313646 0.00360374 -0.00438092 0.00379343 0.00107768 0.00284612 0.00451691 0.00741879 -0.012246 0.00603599 0.0162133 0.0130589 0.0109173 -0.0117661 -0.000613233 0.0166739 0.00498347 0.00700244 0.00908462 -0.00136791 0.0125062 -0.0113679 -0.000766065 0.0253697 0.0018806 0.00456775 -0.00235567 0.0106817 -0.000753707 -0.00337518 0.0158463 -0.00472432 -0.0101524 -0.00802682 -0.0059539 0.00419748 0.00598488 0.00592105 0.000715031 0.00119544 0.00412046 0.0129559
internal_weight=3.45053e+06 225200 170731 74636 37885 36751 23567 54469 96095 34451 13184 3.22533e+06 305152 53610 47130 20600 3898 10054 14029 25244 13909 6844 9286 6073 43556 25280 1951 4679 2.92018e+06 6571 10274 3981 2312 570150 3761 3434 15875 9627 7232 18276 4046 273442 9405 1410 6248 3823 2425 3341 6070 10245 2697 3183 48965 21886 11335 5669 4257 1349 2395 8031 1974 2687
internal_count=3450533 225200 170731 74636 37885 36751 23567 54469 96095 34451 13184 3225333 305152 53610 47130 20600 3898 10054 14029 25244 13909 6844 9286 6073 43556 25280 1951 4679 2920181 6571 10274 3981 2312 570150 3761 3434 15875 9627 7232 18276 4046 273442 9405 1410 6248 3823 2425 3341 6070 10245 2697 3183 48965 21886 11335 5669 4257 1349 2395 8031 1974 2687
cat_boundaries=0 4 7 11 15 18 22 26 30 34 37 41 44 47 51 55 59 62 65 69 72 74 76 80
cat_threshold=16777216 8388608 0 4 134404 17565722 268437568 1797390592 1137246384 3490709856 5 256 8388608 0 4 671286529 1098907650 268435520 2250281088 1153565825 2281709600 289 1778516224 1077936160 3221225472 4 2147487744 8389633 2147483648 256 1744833797 17303614 281431506 80 536872964 17303570 268437568 689112325 1099434042 1342177344 4 131072 262152 2048 2048 16 2048 1073742848 17301528 268830720 64 1083769860 17631258 1615220099 202 1101796004 38281244 1858076676 1038 260 526354 268435520 132352 262152 2112 2215746597 268700686 142812180 130 33685504 1082130464 3221225536 0 524290 1073741824 524304 2053 4 12584384 16
is_linear=0
shrinkage=0.05


Tree=33
num_leaves=63
num_cat=19
split_feature=7 0 1 0 41 8 2 18 35 0 41 0 0 7 1 0 41 28 7 1 1 27 0 7 8 9 35 0 43 0 7 7 35 0 0 28 28 41 7 37 41 27 44 18 17 0 41 41 0 35 0 0 0 43 2 1 0 0 0 26 8 8
split_gain=7077.93 855.095 468.764 283.739 452.767 321.1 188.93 180.75 169.301 135.668 96.21 119.742 94.8529 91.5426 127.71 98.5676 118.111 89.6253 80.3751 78.113 67.3189 66.4644 64.0398 60.1398 53.9866 53.7292 49.9779 48.2696 51.3352 47.6597 47.1146 46.9849 43.6563 43.0326 42.463 44.6584 40.653 39.2543 39.1125 36.3817 95.3396 34.523 47.0631 34.1447 33.9364 32.0199 31.4976 30.3754 55.8364 38.2356 27.4235 26.9822 25.3254 24.5637 23.0734 28.1712 22.8271 22.6696 22.4505 22.0445 21.6882 21.4159
threshold=1.0000000180025095e-35 0 0.15000000223517421 1 1.0000000180025095e-35 1.0000000180025095e-35 1.0000000180025095e-35 18.550000190734867 3.8500000238418584 2 0.68322628736495983 3 4 2.7500000000000004 0.75000000000000011 5 1.0000000180025095e-35 0.051905291154980666 0.94999998807907116 20.300000190734867 6.9500000476837167 0.03482263162732125 6 0.15000000223517421 0.087500002235174193 4.1633363423443376e-17 1.0000000180025095e-35 7 0.29342973232269293 8 0.35000000894069677 0.15000000223517421 0.25000000745058065 9 10 0.021568628028035167 0.017647059634327892 0.77259656786918651 0.45000000298023229 2.8605000972747807 1.0000000180025095e-35 0.03482263162732125 -0.013976481743156908 10.550000190734865 2.2749999761581425 11 -0.68322628736495961 0.77259656786918651 12 1.3499999642372134 13 14 15 -0.81429189443588246 0.55000001192092907 0.45000000298023229 16 17 18 0.027402085252106193 0.045833334326744087 0.18750000000000003
decision_type=2 9 10 9 2 2 10 10 2 9 2 9 9 2 10 9 2 2 2 10 10 2 9 2 2 2 2 9 2 9 2 2 2 9 9 2 2 2 2 2 2 2 2 8 10 9 2 2 9 2 9 9 9 2 10 10 9 9 9 10 2 2
left_child=8 3 12 13 5 26 7 10 22 -10 17 -12 43 15 -15 24 23 21 27 52 29 -6 32 -17 39 37 -5 38 -29 -7 56 -26 -1 -8 35 -23 58 -18 -13 40 -2 -42 59 47 -25 -11 -31 49 -49 -3 -28 53 -4 -20 55 61 -30 -48 -9 -43 -14 -33
right_child=1 2 19 4 6 20 33 36 9 45 11 18 60 14 -16 16 25 -19 51 -21 -22 34 -24 44 31 -27 50 28 30 46 -32 54 -34 -35 -36 -37 -38 -39 -40 -41 41 42 -44 -45 -46 -47 57 48 -50 -51 -52 -53 -54 -55 -56 -57 -58 -59 -60 -61 -62 -63
leaf_value=0 0 0 0.16595073822918432 0 0 -0.0015091174219626969 0.0020547502994357641 0.0010981732558882215 0 0 0.010919427684929144 -0.00024867618008565209 0 0 0.17397828862609735 0.00071680467239845303 0.0012302232898887503 0 0.15151654189559766 1.0951060591536927 0.25932671933278034 0.0010935919419732549 0 0.0017857466328147277 -0.00037540855036473299 -0.00024830367866536675 0 5.9329399519564289e-05 0.0016557997809616449 -0.00018398468386707258 0.0077356462889332823 0.0018941894895665057 0 0.012374164540413551 0 0.0057421074018102411 0 0.00083472798320439892 0.0093708773846682258 0.0013574350711504897 0 0.0024385759473290738 0.011049322387060082 0 0.0009257565110874056 0 0.000135375406131958 0.0031489797314577616 0 0 0 0 0.0076138500135964687 0 -0.0018564184057558387 0.0041396306451507991 0.0011068650483509639 0.0016450049136484584 0 -0.00028383061292708761 -0.00011869683069914158 -0.00054550762768259826
leaf_weight=426029 2041 8746 590 23138 1995 2262 2067 1924 31710 81976 3128 3787 29958 5207 698 961 809 4024 251 252 427 4406 2350031 3418 2231 3240 9660 3771 2455 9901 954 2521 144121 3099 9235 1026 4794 785 331 7889 609 1398 1548 18451 377 191466 4170 1060 2216 2723 6582 3998 4005 739 1030 517 4558 3478 1785 418 1408 2149
leaf_count=426029 2041 8746 590 23138 1995 2262 2067 1924 31710 81976 3128 3787 29958 5207 698 961 809 4024 251 252 427 4406 2350031 3418 2231 3240 9660 3771 2455 9901 954 2521 144121 3099 9235 1026 4794 785 331 7889 609 1398 1548 18451 377 191466 4170 1060 2216 2723 6582 3998 4005 739 1030 517 4558 3478 1785 418 1408 2149
internal_value=-0.0115305 -0.00296048 -0.00757592 -0.000903637 -0.00211235 -0.00517671 0.00101947 0.000132381 -0.0121289 -0.0110083 0.00140456 0.0035604 -0.00870287 0.00286282 -0.00285563 0.0039209 0.00815885 -0.00109373 0.00218663 0.00741954 -5.80591e-05 0.000523647 -0.012246 0.0137616 0.00209796 0.00266343 -0.00780726 0.00392911 0.00556052 -0.000481424 0.00784015 -0.0010535 -0.0117661 0.0101481 0.00168831 0.00519111 -0.00654916 0.0101788 -0.0007328 0.00401442 0.00108497 0.00559716 0.00758026 -0.0068316 0.0165909 -0.0113679 0.000400792 -0.00503984 -0.000793651 -0.00625272 -0.00568126 -0.00334804 0.00593308 0.004025 0.00118023 0.00253759 0.006422 0.00281119 -0.00261863 0.00212004 -0.0106777 0.00131156
internal_weight=3.45053e+06 225200 69409 155791 117945 59618 58327 53161 3.22533e+06 305152 44658 23972 64562 37846 5905 31941 9590 20686 20844 4847 20238 16662 2.92018e+06 4756 22351 4834 39380 15856 11738 19811 7967 8448 570150 5166 14667 5432 8503 1594 4118 13903 6014 3973 3364 33196 3795 273442 17549 14745 3276 11469 16242 4988 4595 990 6217 5187 7013 7648 3709 1816 31366 4670
internal_count=3450533 225200 69409 155791 117945 59618 58327 53161 3225333 305152 44658 23972 64562 37846 5905 31941 9590 20686 20844 4847 20238 16662 2920181 4756 22351 4834 39380 15856 11738 19811 7967 8448 570150 5166 14667 5432 8503 1594 4118 13903 6014 3973 3364 33196 3795 273442 17549 14745 3276 11469 16242 4988 4595 990 6217 5187 7013 7648 3709 1816 31366 4670
cat_boundaries=0 4 8 11 15 19 23 27 29 32 35 39 43 47 51 54 58 59 62 65
cat_threshold=119672068 1367935162 2424310112 5 83886080 8388624 0 4 671286529 1098907650 268435520 2097152 136 2336 1 1744900129 38011908 1074802704 2 16777216 16 0 4 689112325 1099434042 1342177344 4 0 524290 0 65544 256 3328 32 8388672 2097156 17369216 256 1 1101796004 38281244 1858076676 1038 1073741824 4456448 1056768 2 133376 1091043328 2415919168 1 33554432 526368 2147483648 32896 68558848 67117072 32 134148 134148 16779296 268437504 2052 1074331810 268437824
is_linear=0
shrinkage=0.05


Tree=34
num_leaves=63
num_cat=0
split_feature=7 8 7 41 1 35 18 27 39 35 7 41 1 36 28 41 37 1 37 37 7 44 41 35 18 15 9 2 35 28 41 39 44 36 41 37 37 1 10 26 29 28 37 41 7 7 41 9 18 47 2 8 23 2 5 7 3 7 7 5 39 5
split_gain=6901.81 803.683 805.191 397.895 222.577 169.301 122.494 85.1542 82.3535 76.2678 74.6227 92.625 76.4158 73.9466 60.8454 53.9441 52.6529 49.8295 45.2913 126.835 41.0713 48.4887 38.8718 44.6332 43.1009 38.3165 42.3992 37.715 35.4894 34.0674 32.435 28.6369 27.4816 30.1631 27.0848 33.789 39.7051 26.7169 24.6806 24.3104 23.0985 22.5377 22.137 21.9504 21.4218 31.9662 48.6428 28.6312 21.1475 21.1143 20.4707 71.1168 19.4731 19.3712 31.5763 23.2825 18.5816 25.2209 31.4298 56.6621 42.669 23.3144
threshold=1.0000000180025095e-35 1.0000000180025095e-35 1.0500000119209292 0.35206145048141485 10.900000095367433 3.8500000238418584 11.775000095367433 0.038691813126206405 0.65450000762939464 1.0000000180025095e-35 0.15000000223517421 -0.9103761315345763 1.0000000180025095e-35 9.5000000000000018 0.033333335071802146 0.72947329282760631 6.7225000858306894 20.300000190734867 2.8605000972747807 3.9864999055862431 0.25000000745058065 0.011826144531369211 0.52778512239456188 0.15000000223517421 0.27500000596046453 5.1833331584930429 0.13809451460838321 0.25000000745058065 0.25000000745058065 0.013725490774959328 1.0000000180025095e-35 0.58499997854232799 0.046214086934924133 15.000000000000002 -0.2901292592287063 2.8605000972747807 3.9864999055862431 1.0000000180025095e-35 71.958332061767592 -0.0072709019295871249 1.046139180660248 0.064705885946750655 6.7225000858306894 -0.58216583728790272 0.45000000298023229 0.15000000223517421 -0.47114434838294977 0.019669849425554279 0.94999998807907116 0.037652976810932166 1.0000000180025095e-35 0.087500002235174193 0.33437500894069677 1.0000000180025095e-35 -1.0000000180025095e-35 5.0499999523162851 0.15000000223517421 1.9499999880790713 0.45000000298023229 1.0000000180025095e-35 0.65450000762939464 -1.0000000180025095e-35
decision_type=2 2 2 2 10 2 10 2 2 2 2 2 10 2 2 2 2 10 2 2 2 2 2 2 8 10 2 10 2 2 2 2 2 2 2 2 2 10 2 10 2 2 2 2 2 2 2 2 10 2 8 2 10 10 10 2 10 2 2 10 2 10
left_child=5 2 3 8 10 28 22 15 9 18 12 27 42 14 44 -5 -15 -6 30 -20 41 40 23 -4 31 26 56 -12 -1 -8 -2 -24 -33 -34 35 -11 -37 -27 -7 -23 -22 -9 -3 -28 45 -10 47 -47 -18 -41 -14 -52 -40 -45 -55 -56 57 58 59 60 -13 -58
right_child=1 4 6 7 17 38 29 20 13 34 11 25 50 16 -16 -17 48 -19 19 -21 21 39 24 -25 -26 37 43 -29 -30 -31 -32 32 33 -35 -36 36 -38 -39 52 49 -42 -43 -44 53 -46 46 -48 -49 -50 -51 51 -53 -54 54 55 -57 61 -59 -60 -61 -62 -63
leaf_value=0 0 0.00030924339969373406 0 0 0.16388802106285139 0 0 0.00086581117419712414 0.00068096443877853005 0 3.5081178887055104e-05 0.0008809905397248075 -0.0048982965590028058 0 -0.00022016622516475429 5.4134037230301545e-05 -0.00042918695787487856 1.0434810520822868 0.0011271166167371026 0 0.0033754333657808945 0.0028577483297875551 0 0 0 -0.00021878138811585275 0.0045255058526208064 -0.0013721014248226334 0 0 0 0 0.10635367323555252 -0.0037901403672247779 0.0003726600083321784 0.0018004579349289577 0 0.0094849088093408307 0 0.0089270369699859086 0.00074999062883266895 -6.7194047796532758e-05 0.0020953454682697565 0.052919063214206224 -0.00024836855147824009 0.0013878608737012948 0.00095900610881118661 -9.2046946847909735e-05 0.0023160936470419937 0.0053570277583228788 0.00078817699456109616 -0.00037283804554699848 0 0.04011138182331106 0.012482196099244192 0.10733152553879613 -0.00059138438030655732 -0.0046954128885397855 0.0056991556296785905 -0.00042769711416155434 0.0012458016814347614 0.00093914618821007228
leaf_weight=2165537 11374 2347 15333 2231 851 14942 13746 15176 1514 4348 4687 3565 1749 4493 753 3564 1614 506 1982 3500 1817 734 3066 10648 6772 2150 1758 3722 754644 42781 2835 1687 1798 264 4277 738 1073 2183 279705 1141 3137 2765 340 2084 372 1431 1144 224 571 1828 377 4368 10505 1879 994 471 2470 599 2375 3347 2673 8974
leaf_count=2165537 11374 2347 15333 2231 851 14942 13746 15176 1514 4348 4687 3565 1749 4493 753 3564 1614 506 1982 3500 1817 734 3066 10648 6772 2150 1758 3722 754644 42781 2835 1687 1798 264 4277 738 1073 2183 279705 1141 3137 2765 340 2084 372 1431 1144 224 571 1828 377 4368 10505 1879 994 471 2470 599 2375 3347 2673 8974
internal_value=-0.011538 -0.00307527 -0.00476239 -0.000866204 0.00221296 -0.0121289 -0.00778852 0.0033028 -0.0040631 -0.00546312 0.00170206 0.00255884 -0.00239761 -0.000581875 0.00374678 -0.00218939 -0.00410677 0.0222089 -0.00729458 -0.00343397 0.0044994 0.00732788 -0.00565482 -0.00678813 -0.00348771 0.00367589 0.00428797 -0.00215989 -0.012246 -0.00928207 -0.00878405 -0.000680484 0.0022506 0.0061227 -0.00200747 -0.00413013 0.00160823 -0.000729864 -0.0110083 0.0116561 0.00409265 0.00313458 0.0046939 0.00765725 0.00586713 0.00686007 0.0100259 0.015506 0.00225973 0.0136704 -0.00533184 -0.0036275 -0.0111103 0.00922992 0.0115879 0.0170904 0.00327928 0.00460725 0.0051087 0.00383281 0.00664877 0.00182192
internal_weight=3.45053e+06 225200 170731 74636 54469 3.22533e+06 96095 32393 42243 30127 53112 43931 9181 12116 5438 5795 6678 1357 19691 5482 26598 8657 39568 25981 13587 35522 31189 8409 2.92018e+06 56527 14209 6815 3749 2062 10436 6159 1811 4333 305152 3703 4954 17941 2687 7186 4685 4313 2799 1655 2185 2969 6494 4745 290210 5428 3344 1465 24003 12559 11960 9585 6238 11444
internal_count=3450533 225200 170731 74636 54469 3225333 96095 32393 42243 30127 53112 43931 9181 12116 5438 5795 6678 1357 19691 5482 26598 8657 39568 25981 13587 35522 31189 8409 2920181 56527 14209 6815 3749 2062 10436 6159 1811 4333 305152 3703 4954 17941 2687 7186 4685 4313 2799 1655 2185 2969 6494 4745 290210 5428 3344 1465 24003 12559 11960 9585 6238 11444
is_linear=0
shrinkage=0.05


Tree=35
num_leaves=63
num_cat=0
split_feature=7 8 7 42 41 1 38 35 41 18 42 3 1 38 7 41 35 41 7 7 18 41 18 1 37 37 28 37 41 7 40 42 35 17 5 2 39 43 44 32 37 36 7 7 42 38 5 28 2 5 7 38 5 1 8 30 41 43 43 36 7 48
split_gain=6805.79 772.87 801.316 1066.97 293.051 202.404 189.315 163.64 139.407 124.459 124.116 85.3419 81.8878 79.3965 76.3122 70.5084 70.2423 65.2651 72.8613 53.2876 65.9097 53.0201 67.9185 50.9018 50.4485 217.971 47.0329 48.9254 44.6452 42.3572 70.9596 42.1102 37.5083 36.8366 29.848 106.169 27.9742 41.018 25.8166 27.4386 29.799 29.7188 32.6424 25.3985 56.446 33.7714 26.9406 24.758 24.6139 37.7522 24.4845 24.0611 29.4987 63.1057 90.5416 23.6199 22.6095 22.6501 24.321 21.1962 21.0036 20.6945
threshold=1.0000000180025095e-35 1.0000000180025095e-35 1.0500000119209292 0.2269546836614609 -0.16280825436115262 20.300000190734867 13.500000000000002 2.0499999523162846 0.77259656786918651 18.274999618530277 0.41248606145381933 1.0000000180025095e-35 3.7500000000000004 6.5000000000000009 0.25000000745058065 0.93540480732917797 1.0500000119209292 -0.58216583728790272 0.15000000223517421 0.35000000894069677 0.55000001192092907 -0.77259656786918629 0.27500000596046453 1.0000000180025095e-35 2.8605000972747807 3.9864999055862431 0.013725490774959328 6.7225000858306894 -0.52778512239456166 0.15000000223517421 1.7624999880790713 -0.35206145048141474 7.1499998569488534 17.274999618530277 -1.0000000180025095e-35 1.0000000180025095e-35 0.26199999451637274 0.9470459818840028 -0.79382744431495655 1.0000000180025095e-35 4.5694999694824228 11.500000000000002 5.4500000476837167 0.35000000894069677 0.41248606145381933 16.000000000000004 1.0000000180025095e-35 0.013725490774959328 0.25000000745058065 -1.0000000180025095e-35 1.8499999642372134 13.500000000000002 -1.0000000180025095e-35 1.0000000180025095e-35 0.15416666865348819 0.11491379514336587 -0.35206145048141474 -0.99866804480552662 -0.99940761923789967 10.500000000000002 0.55000001192092907 -0.92735096812248219
decision_type=2 2 2 2 2 10 2 2 2 10 2 10 10 2 2 2 2 2 2 2 10 2 8 10 2 2 2 2 2 2 2 2 2 10 8 8 2 2 2 2 2 2 2 2 2 2 10 2 10 10 2 2 10 10 2 2 2 2 2 2 2 2
left_child=7 2 3 4 13 12 8 -1 24 10 21 15 17 28 26 16 19 48 23 59 -21 -4 38 31 -5 -26 -8 -28 -2 36 60 -19 -9 43 -14 -36 37 -15 -23 40 -40 42 50 44 -20 -46 55 -11 51 -50 -41 52 53 -3 -55 -47 57 58 -34 -6 -31 -60
right_child=1 5 9 6 11 -7 14 32 -10 47 -12 -13 34 29 -16 -17 -18 18 33 20 -22 22 -24 -25 25 -27 27 -29 -30 30 -32 -33 56 -35 35 -37 -38 -39 39 41 -42 -43 -44 -45 45 46 -48 -49 49 -51 -52 -53 -54 54 -56 -57 -58 -59 61 -61 -62 -63
leaf_value=0 -8.9960243272179961e-05 -2.186847327563302e-05 0 0 0.0018668434641580655 0.9881767035918938 0.0011137756836511316 0 -0.00012097418788024127 0 0 -0.00034181151217819897 0.012265350320179613 0.0012678653998687728 -9.2046946847909735e-05 0.0014375458727503617 0.0014665098726145708 0.00071729575851132922 -4.5955954780241282e-06 0.011435534284554728 0.0017909387662703509 0 0 -0.00033799622056914641 0.0011348047653953052 0 -0.00017551450851978616 0.0016303204412858885 0.0014153874782069907 0.0016874937543070985 -9.620199388989036e-05 0.0014579948793258563 0 -0.00026075967865608749 0.052116090338496013 0.14399691377397159 -0.0001113071370678061 0.0017792874615640672 0.038605769632101217 -0.00035284474335236339 -0.0024237569783301903 -0.00028564833842280416 0 0.0044775750410752466 0.0017346982894191885 0.00087566475784587672 -0.0016823365863586294 0 -0.0017169472303359683 0.00026984546750015437 0.08760461068841266 0.00076714556000701266 -0.00073583838273303184 0.0015486493487085438 -0.0018685256728825054 0.0005131882232017438 0 0 0.42500000000000004 -0.00066170155801259858 -0.00049242648009912519 0
leaf_weight=2744787 3813 2217 8128 21177 8409 513 1718 340290 5591 11023 18394 1050 1024 1600 2148 7811 4102 1071 6653 1482 338 1315 12606 4782 1220 4166 1283 476 990 2216 831 306 1052 1733 1564 891 3349 240 1063 346 293 1186 1250 14116 1003 728 219 37539 4102 3065 2938 2773 6600 445 303 343 79715 57292 509 254 286 1432
leaf_count=2744787 3813 2217 8128 21177 8409 513 1718 340290 5591 11023 18394 1050 1024 1600 2148 7811 4102 1071 6653 1482 338 1315 12606 4782 1220 4166 1283 476 990 2216 831 306 1052 1733 1564 891 3349 240 1063 346 293 1186 1250 14116 1003 728 219 37539 4102 3065 2938 2773 6600 445 303 343 79715 57292 509 254 286 1432
internal_value=-0.0115419 -0.00313586 -0.00479097 -0.000901073 0.00516202 0.0020507 -0.00680239 -0.0121285 -0.0082828 -0.00780917 -0.00598997 0.00852704 0.0017534 -0.000758912 0.00166 0.00918021 0.0112333 0.00124185 0.00266928 0.0134038 0.0211813 -0.00395923 -0.00263192 -0.002198 -0.00979323 -0.00547252 0.00623742 0.000490335 -0.00589996 0.00213858 0.0065369 0.00627269 -0.0112771 0.0038783 0.00917289 0.012164 -0.000686548 0.0042663 0.000853593 0.00204918 0.00844395 0.000533217 0.00237649 0.0044066 0.00232227 0.00908744 0.014438 -0.00958929 -0.00102346 -0.00335391 0.00499391 0.00033028 -0.000858599 0.00328415 0.0158422 0.0177054 -0.0105882 -0.00985755 -0.00561727 0.0117699 0.0107414 -0.00229907
internal_weight=3.45016e+06 225082 170631 74550 36771 54451 37779 3.22508e+06 32154 96081 47519 23446 53938 13325 5625 22396 14585 50459 30954 10483 1820 29125 20997 6159 26563 5386 3477 1759 4803 8522 3333 1377 480290 24795 3479 2455 5189 1840 8391 7076 1356 5720 4534 23062 8946 2293 1290 48562 19505 7167 3284 12338 9565 2965 748 1071 140000 60285 2993 8663 2502 1941
internal_count=3450159 225082 170631 74550 36771 54451 37779 3225077 32154 96081 47519 23446 53938 13325 5625 22396 14585 50459 30954 10483 1820 29125 20997 6159 26563 5386 3477 1759 4803 8522 3333 1377 480290 24795 3479 2455 5189 1840 8391 7076 1356 5720 4534 23062 8946 2293 1290 48562 19505 7167 3284 12338 9565 2965 748 1071 140000 60285 2993 8663 2502 1941
is_linear=0
shrinkage=0.05


Tree=36
num_leaves=63
num_cat=15
split_feature=7 0 8 0 41 8 18 35 0 8 27 0 41 0 1 7 1 7 1 7 41 35 0 1 28 7 0 4 41 0 35 38 8 28 5 44 35 18 41 0 35 41 7 0 9 0 27 33 18 1 27 19 41 0 44 35 0 26 44 0 0 7
split_gain=6700.62 762.852 419.021 241.852 462.011 339.846 169.536 163.64 149.948 119.008 101.382 100.306 100.197 84.2796 76.9245 70.9996 59.0774 58.6951 79.1964 57.7478 52.4274 51.8383 51.7095 50.4048 42.7143 42.1693 40.6526 39.4024 36.6652 36.6221 35.8676 35.518 35.5086 31.6059 29.3931 36.0973 28.426 32.4459 49.1171 44.0539 27.5295 27.156 33.2054 26.8649 26.6155 26.5772 26.2748 25.795 25.4543 25.3487 32.0799 26.4374 23.3576 31.7045 24.2764 23.2662 22.9383 21.9265 21.7125 21.5086 20.8692 20.4241
threshold=1.0000000180025095e-35 0 0.10416666790843011 1 1.0000000180025095e-35 1.0000000180025095e-35 11.449999809265138 2.0499999523162846 2 0.037500001490116126 0.038691813126206405 3 1.0000000180025095e-35 4 20.300000190734867 2.8500000238418584 0.84999999403953563 0.15000000223517421 1.0000000180025095e-35 1.2500000000000002 0.77259656786918651 1.0000000180025095e-35 5 3.8500000238418584 0.017647059634327892 0.35000000894069677 6 0.15000000223517421 -0.58216583728790272 7 1.0000000180025095e-35 21.500000000000004 0.037500001490116126 0.048057714477181442 1.0000000180025095e-35 -0.56369942426681507 2.9500000476837163 0.35416667163372045 0.77259656786918651 8 1.0000000180025095e-35 -0.47114434838294977 0.65000000596046459 9 0.068942267447710051 10 0.030361515469849113 0.25000000745058065 35.549999237060554 1.0000000180025095e-35 0.081252805888652815 2.5000000000000004 0.58216583728790294 11 -0.082691941410303102 6.3500001430511483 12 0.012279240880161526 0.73136293888092052 13 14 0.25000000745058065
decision_type=2 9 2 9 2 2 10 2 9 2 2 9 2 9 10 2 10 2 10 2 2 2 9 10 2 2 9 10 2 9 2 2 2 2 10 2 2 8 2 9 2 2 2 9 2 9 2 2 10 10 2 2 2 9 2 2 9 10 2 9 9 2
left_child=7 3 13 12 5 21 10 22 55 24 20 25 15 36 27 17 -17 49 41 30 60 56 40 26 -8 57 -7 -4 -28 -10 61 -20 -21 52 35 -33 37 38 -3 -40 -1 42 -19 -22 -30 -23 58 -32 -38 50 51 -2 53 54 -27 -9 -5 -12 -14 -54 -6 -13
right_child=1 2 14 4 6 23 9 8 29 -11 11 19 46 -15 -16 16 -18 18 31 32 43 45 -24 -25 -26 33 28 -29 44 -31 47 34 -34 -35 -36 -37 48 -39 39 -41 -42 -43 -44 -45 -46 -47 -48 -49 -50 -51 -52 -53 59 -55 -56 -57 -58 -59 -60 -61 -62 -63
leaf_value=0 0.0011764672484863446 0 7.9654696107514858e-05 0.010630912811382244 4.3807380449142067e-06 -0.00061151131347060301 0 0 0 0.019862833909369264 0.0018922066047730197 0 8.691518678015237e-05 0 0.92826321472049966 0 0.35304159071638158 0.0021378840894175737 0.00068021170258009134 0 0.0065891008338305581 0 0 0.10729841687373112 0 0.0028881966598908963 -0.00013438696560215952 0.074888974058548247 0.0003165072896341513 0 0.0012673412226623846 5.3370462766155764e-07 0.020945968478275387 0.006863722533948978 -3.324305394083599e-05 0.0012796333103614118 0 0 0.014741957323395337 0 0 0.0016087226872027608 0.0030276924542145373 4.2075765782537709e-05 0.0058535917932577954 0 0 -0.00016744679157273425 0 -0.00083054051792626205 0.0013216426135731084 -0.00044198490210939638 0.01452320305924691 0.0012211389823109321 0.017189252537189389 0 0 -0.00012200033146778403 0.0016801469629095763 0.019455907007868929 0 0.0019047507211601249
leaf_weight=347148 1231 4957 6073 303 643 5651 5623 29915 141535 1555 1407 8568 680 30842 254 1921 325 1855 1709 5949 278 11029 2232838 813 5930 355 10850 1478 3626 292926 11210 325 1088 1398 476 924 4112 17489 908 647 164801 823 328 3496 1878 6132 12729 1632 2650 666 1857 1582 756 868 616 15914 24332 1416 614 1809 4300 4116
leaf_count=347148 1231 4957 6073 303 643 5651 5623 29915 141535 1555 1407 8568 680 30842 254 1921 325 1855 1709 5949 278 11029 2232838 813 5930 355 10850 1478 3626 292926 11210 325 1088 1398 476 924 4112 17489 908 647 164801 823 328 3496 1878 6132 12729 1632 2650 666 1857 1582 756 868 616 15914 24332 1416 614 1809 4300 4116
internal_value=-0.0115464 -0.00320561 -0.00756446 -0.00126155 -0.0021854 -0.00515639 0.000860735 -0.0121285 -0.0112771 -0.00419973 0.00218991 0.00322667 0.00294199 -0.00894834 0.00334881 0.00593175 -0.00221505 0.00748556 0.0106988 0.00195446 -0.00270879 -0.00783568 -0.0122775 -0.000248707 -0.00594759 0.00801824 -0.000700409 0.00243842 0.000563737 -0.0115646 0.0030606 0.00551107 -0.00205521 0.0104662 0.0105725 0.0146017 -0.00708698 -0.00789603 -0.00488329 0.00286977 -0.0118189 0.0166251 0.0195431 0.00172893 0.00388808 -0.00572592 -4.5461e-05 0.0049233 -0.00422582 0.00360757 0.00490899 0.00154195 0.0125454 0.00824497 0.0143858 -0.00854758 -0.00930536 0.00301541 0.00674266 0.0156287 -0.00609701 0.00117471
internal_weight=3.45016e+06 225082 69410 155672 127627 64614 63013 3.22508e+06 480290 13108 49905 41188 28045 61605 7805 14022 2246 11776 6440 32563 8717 41796 2.74479e+06 22818 11553 8625 22005 7551 16354 434461 25526 3434 7037 5802 1725 1249 30763 24001 6512 1555 511949 3006 2183 3774 5504 17161 14023 12842 6762 5336 4670 2813 4404 1839 971 45829 24635 2823 1294 2565 4943 12684
internal_count=3450159 225082 69410 155672 127627 64614 63013 3225077 480290 13108 49905 41188 28045 61605 7805 14022 2246 11776 6440 32563 8717 41796 2744787 22818 11553 8625 22005 7551 16354 434461 25526 3434 7037 5802 1725 1249 30763 24001 6512 1555 511949 3006 2183 3774 5504 17161 14023 12842 6762 5336 4670 2813 4404 1839 971 45829 24635 2823 1294 2565 4943 12684
cat_boundaries=0 4 8 11 15 19 23 26 30 34 36 40 44 46 49 52
cat_threshold=119672068 1367935162 2424310112 5 83886080 8388608 0 4 671286529 25165826 268435520 2097152 152 2336 1 1744900129 38011908 1074794512 2 689112324 1099696154 1342177344 4 132096 16842760 2147485952 1098912420 1112023101 1858077700 1294 1207959552 38010880 0 2 0 8 133376 1091043376 2415919168 1 0 144 2048 1 0 65536 0 136 2048 33554432 1090519072 2155874304
is_linear=0
shrinkage=0.05


Tree=37
num_leaves=63
num_cat=0
split_feature=7 8 7 42 41 38 1 35 41 18 42 38 4 9 7 41 35 18 41 7 18 7 1 41 28 38 36 38 35 39 36 2 8 2 1 5 7 36 17 9 44 32 42 7 28 43 9 41 35 41 43 43 2 41 48 35 2 8 43 5 7 36
split_gain=6559.9 710.036 727.653 964.138 270.751 197.966 181.384 163.64 136.387 131.094 132.44 107.14 81.946 71.9953 64.2594 52.1136 56.5378 50.6949 57.7789 49.6133 50.2524 46.4523 64.8737 58.5207 44.2509 48.9254 42.6122 39.8139 37.5083 34.0316 233.537 30.4817 29.3501 47.7871 114.748 47.1832 29.2738 36.6208 28.1726 30.8225 27.8833 26.5307 25.4251 25.1045 24.758 24.0625 23.654 23.3048 23.0265 22.6095 22.6501 24.321 21.9565 21.0949 20.6945 20.2941 20.1747 64.1133 19.8127 19.6218 18.1384 21.8302
threshold=1.0000000180025095e-35 1.0000000180025095e-35 1.0500000119209292 0.2269546836614609 -0.47114434838294977 13.500000000000002 20.300000190734867 2.0499999523162846 0.77259656786918651 18.274999618530277 0.032701563090086018 7.5000000000000009 0.15000000223517421 0.0082167778164150568 0.25000000745058065 0.97335553169250499 1.0500000119209292 0.35416667163372045 -0.77259656786918629 0.25000000745058065 0.68333333730697643 0.15000000223517421 1.0000000180025095e-35 -0.41248606145381922 0.013725490774959328 16.000000000000004 8.5000000000000018 13.500000000000002 7.1499998569488534 0.13900000229477885 4.5000000000000009 0.45000000298023229 0.15416666865348819 0.15000000223517421 1.0000000180025095e-35 -1.0000000180025095e-35 0.15000000223517421 7.5000000000000009 17.274999618530277 0.085684187710285201 -0.79382744431495655 1.0000000180025095e-35 0.16280825436115268 0.45000000298023229 0.013725490774959328 0.87397152185440075 0.18086509406566623 0.84874749183654796 2.2500000000000004 -0.35206145048141474 -0.99866804480552662 -0.99940761923789967 3.3500000238418584 -0.77259656786918629 -0.92735096812248219 1.0000000180025095e-35 1.0000000180025095e-35 0.087500002235174193 0.62587949633598339 1.3499999642372134 5.4500000476837167 11.500000000000002
decision_type=2 2 2 2 2 2 10 2 2 10 2 2 8 2 2 2 2 8 2 2 10 2 10 2 2 2 2 2 2 2 2 8 2 10 10 10 2 2 10 2 2 2 2 2 2 2 2 2 2 2 2 2 10 2 2 2 8 2 2 8 2 2
left_child=7 2 3 4 11 8 12 55 29 10 17 53 21 15 24 16 19 18 -4 27 43 22 42 32 -7 -26 36 -6 -9 30 -5 -14 33 -23 -35 46 37 45 39 -25 -20 58 -3 -21 -11 -13 -34 -12 -19 50 51 -30 -37 -2 -53 -1 -24 -58 -42 -33 61 -43
right_child=1 6 9 5 13 14 -8 28 -10 44 47 26 31 -15 -16 -17 -18 48 40 20 -22 23 56 38 25 -27 -28 -29 49 -31 -32 59 35 34 -36 52 -38 -39 -40 -41 41 60 -44 -45 -46 -47 -48 -49 -50 -51 -52 54 -54 -55 -56 -57 57 -59 -60 -61 -62 -63
leaf_value=0 -0.00012129460401092343 0.00031376934806648594 0 0 0.0014008002298499939 0.0010168282854916674 0.89925428812495234 0 -0.00012838025465003279 0 0 0.001588218405764754 0.046364152419909911 -0.00026697577056667733 -8.744459950551424e-05 0.0011694245475311234 0.0013137309230848056 0 0 0.0048352156018693542 0.0029240579743064678 1.0547974374270259e-05 -0.0046329642032178686 0.00072173546998813569 0.0015452151619221443 -0.00017395768792853467 -9.766752823911842e-05 8.7318141617129258e-05 0 0 0.0010192411647012227 0.034802092595810151 -0.0020777206897710163 -0.00012766761732205156 0.0015255790452282725 1.2910679791378055e-05 0.00089552036986902746 -0.00029237144171269809 -0.00024893922723420053 0.015110294584492066 -0.0018452282162625866 0.074459945709867539 0.0007566948502693967 0.012496324213969762 0 0.0016242409578072084 -0.00031708654385064747 0 0 0 0 0.40375 0.016304674649759255 -7.7759128392648617e-05 0 0 0.0007740948622598845 -0.00033729633224119094 0.037168361092992756 0.21538968330711841 0 -0.00027136592150166396
leaf_weight=1837724 3860 2372 1996 6330 8384 1718 513 340290 5591 11023 20409 829 2126 1947 2148 6018 4963 9368 1164 1836 654 5358 1710 14380 476 1283 2476 1043 1052 19013 1220 969 2514 584 614 7899 1593 705 1811 5383 302 2785 312 1113 37539 215 2555 4109 4452 79715 57292 509 364 1135 1432 907063 374 4404 863 209 1301 770
leaf_count=1837724 3860 2372 1996 6330 8384 1718 513 340290 5591 11023 20409 829 2126 1947 2148 6018 4963 9368 1164 1836 654 5358 1710 14380 476 1283 2476 1043 1052 19013 1220 969 2514 584 614 7899 1593 705 1811 5383 302 2785 312 1113 37539 215 2555 4109 4452 79715 57292 509 364 1135 1432 907063 374 4404 863 209 1301 770
internal_value=-0.0115526 -0.0032998 -0.0048862 -0.00117941 0.00458412 -0.00678916 0.00167146 -0.0121285 -0.00830301 -0.00776233 -0.00589527 -0.00206349 0.00139002 0.00735322 0.00186444 0.00810306 0.0094502 -0.00316997 -0.000290001 0.01118 0.0161706 0.000892187 -0.00232774 0.00160448 0.00606485 0.000490335 0.00254813 0.00927257 -0.0112771 -0.00979699 -0.00695695 0.00901937 -0.000351971 0.00238713 0.0114149 -0.00169892 0.0062313 0.00176529 0.00340804 0.00395499 0.00180063 0.00317015 0.00421013 0.0189513 -0.00958929 0.00771073 -0.00549665 -0.00845195 -0.00508321 -0.0105882 -0.00985755 -0.00561727 0.000630824 -0.00743493 -0.00229907 -0.0122775 -0.00503237 -0.00336438 0.00994635 0.0154711 0.00154448 0.00339311
internal_weight=3.45016e+06 225082 170631 74550 36771 37779 54451 3.22508e+06 32154 96081 47519 10813 53938 25958 5625 24011 17993 23001 9181 13030 3603 50634 9172 41462 3477 1759 5818 9427 480290 26563 7550 3304 19888 6556 1198 13332 3342 1749 21574 19763 7185 6021 2684 2949 48562 1044 5069 24518 13820 140000 60285 2993 8263 4995 1941 2.74479e+06 6488 4778 1165 1178 4856 3555
internal_count=3450159 225082 170631 74550 36771 37779 54451 3225077 32154 96081 47519 10813 53938 25958 5625 24011 17993 23001 9181 13030 3603 50634 9172 41462 3477 1759 5818 9427 480290 26563 7550 3304 19888 6556 1198 13332 3342 1749 21574 19763 7185 6021 2684 2949 48562 1044 5069 24518 13820 140000 60285 2993 8263 4995 1941 2744787 6488 4778 1165 1178 4856 3555
is_linear=0
shrinkage=0.05


Tree=38
num_leaves=63
num_cat=0
split_feature=7 8 7 42 41 38 1 41 18 42 34 38 1 9 7 41 18 40 7 1 41 37 37 34 18 7 28 37 41 45 7 37 36 41 8 2 1 5 5 2 28 18 17 7 42 8 42 18 43 7 9 39 42 34 40 40 10 40 41 7 10 4
split_gain=6422.64 687.43 707.386 920.868 257.413 195.981 170.347 139.241 127.239 127.434 125.566 108.316 73.2187 63.4187 63.1521 56.4769 74.2402 51.914 50.532 64.7026 51.5681 49.8877 217.663 47.0858 45.1418 57.4594 43.1168 48.9254 37.9936 37.5932 36.9601 36.7983 33.6152 28.2153 27.1868 49.4247 112.714 42.322 24.843 94.5033 24.758 24.4054 24.3983 31.7765 39.1405 27.5252 26.9163 32.2538 24.2792 23.1356 23.0155 24.15 22.688 22.6495 21.5224 43.0279 35.9302 41.2228 24.4837 19.8494 19.8347 19.0844
threshold=1.0000000180025095e-35 1.0000000180025095e-35 1.0500000119209292 0.2269546836614609 -0.52778512239456166 13.500000000000002 5.7500000000000009 0.77259656786918651 18.274999618530277 0.41248606145381933 0.25000000745058065 7.5000000000000009 22.800000190734867 0.0082167778164150568 0.25000000745058065 -0.77259656786918629 0.27500000596046453 1.7624999880790713 0.15000000223517421 1.0000000180025095e-35 -0.35206145048141474 2.8605000972747807 3.9864999055862431 4.2500000000000009 12.949999809265138 0.35000000894069677 0.013725490774959328 6.7225000858306894 0.93540480732917797 1.0000000180025095e-35 0.15000000223517421 6.7225000858306894 7.5000000000000009 0.97335553169250499 0.15416666865348819 0.15000000223517421 1.0000000180025095e-35 -1.0000000180025095e-35 -1.0000000180025095e-35 0.75000000000000011 0.013725490774959328 0.35416667163372045 18.050000190734867 0.55000001192092907 0.29012925922870642 0.17916666716337207 0.72947329282760631 1.0000000180025095e-35 0.86548283696174633 1.8499999642372134 0.0082167778164150568 0.65450000762939464 0.2269546836614609 0.55000001192092907 2.6054999828338627 2.3645000457763676 40.041666030883796 1.0000000180025095e-35 0.16280825436115268 0.15000000223517421 71.958332061767592 2.3500000238418584
decision_type=2 2 2 2 2 2 10 2 10 2 2 2 10 2 2 2 8 2 2 10 2 2 2 2 10 2 2 2 2 2 2 2 2 2 2 10 10 10 8 8 2 8 10 2 2 2 2 8 2 2 2 2 2 2 2 2 2 2 2 2 2 10
left_child=10 2 3 4 11 7 18 21 9 15 -1 -2 38 24 26 -4 49 30 19 52 34 -5 -23 60 25 28 -7 -28 31 33 32 53 48 -27 35 -20 -37 41 -8 61 -10 -36 43 44 45 -22 47 -45 -13 -17 51 -46 -3 -6 55 56 -51 -58 -57 -15 -12 -40
right_child=1 6 8 5 13 14 12 -9 40 -11 23 17 -14 59 -16 16 -18 -19 20 -21 42 22 -24 -25 -26 29 27 -29 -30 -31 -32 -33 -34 -35 37 36 -38 -39 39 -41 -42 -43 -44 46 50 -47 -48 -49 -50 54 -52 -53 -54 -55 -56 58 57 -59 -60 -61 -62 -63
leaf_value=0 -9.967705001386962e-05 0.00033106107938632792 0 0 0.0016658007168764933 0.00096598687121708389 0.020352031166998331 -0.00012196124191753117 0 0 0 0.0015109893403782257 1.0108159527106293 -0.00031809543931261364 -8.3072369530238542e-05 -0.0037053550483257592 0 -9.2784151827162507e-05 1.0532017205383374e-05 -0.0005048472902595421 0.00076582221153293504 0.00096827910646616125 0 0 8.4574146564761826e-05 0.0094589210134941731 -0.00016525980353210794 0.0014679544038260371 0.0007976617952772481 0.0052609061523343093 0.0014469407640855787 -0.00061626595353323605 -0.00034508960083379572 0.0044012233701623341 -0.002101648678467427 -0.00012128423645594896 0.0014493000929668585 0.00024180625035786219 -0.012595668858662035 0.19208552976513149 0 -4.4473313208743351e-05 -0.00023783025386216996 0.01059716120784035 0.00068591235522715152 -0.00091513368485306168 0.0015408868206655353 0.0077064321653737451 0.0015377018030128826 0 0.00037071623594804316 0.0010509720665840231 0.00072459392965085472 0.0012588481164758859 0 -0.00060387634456287036 0.044898971853927806 -0.00027136592150166396 0.13432802376648506 0.0017342573939904918 0 0.21708359101490682
leaf_weight=2498263 4805 2393 8128 21177 10511 1718 678 5591 11023 18394 24426 783 404 1112 2148 711 12606 1356 5747 6489 4298 1220 4166 123297 1835 1603 1283 476 5787 1371 1784 296 1405 742 3034 593 635 9230 482 464 37539 2034 1552 3449 407 2757 2479 4062 200 1509 1512 950 291 2253 1122 288 2941 768 1052 928 579091 511
leaf_count=2498263 4805 2393 8128 21177 10511 1718 678 5591 11023 18394 24426 783 404 1112 2148 711 12606 1356 5747 6489 4298 1220 4166 123297 1835 1603 1283 476 5787 1371 1784 296 1405 742 3034 593 635 9230 482 464 37539 2034 1552 3449 407 2757 2479 4062 200 1509 1512 950 291 2253 1122 288 2941 768 1052 928 579091 511
internal_value=-0.0115586 -0.00339265 -0.0049536 -0.00129879 0.00433392 -0.00678121 0.00149882 -0.00828746 -0.00778939 -0.00594999 -0.0121285 -0.00235774 0.0141443 0.00694928 0.00182889 -0.00389227 -0.00252238 0.00241498 0.000880336 -0.00248692 0.00160304 -0.00979699 -0.00550037 -0.0115501 0.00765739 0.00827073 0.00599295 0.000490335 0.00715034 0.0139532 0.00517737 0.00864472 0.00110972 0.0177985 -0.000141611 0.00241756 0.0115228 -0.00139005 0.0104508 0.0141301 -0.00958929 -0.00506117 0.00333201 0.0038026 0.00179867 -0.000203756 0.00579329 0.00728432 0.00820193 0.00112174 0.00672273 0.0114499 0.00404247 0.00904889 0.00192057 0.0030154 0.000963013 0.00360946 0.0110075 -0.00151961 -0.011732 0.00542548
internal_weight=3.45016e+06 225082 170631 74550 36771 37779 54451 32154 96081 47519 3.22508e+06 10333 2539 26438 5625 29125 20997 5528 51912 9173 42739 26563 5386 726814 24398 22563 3477 1759 18847 3716 4172 13060 2388 2345 21273 6975 1228 14298 2135 1457 48562 5068 21466 19914 9924 7055 9990 7511 983 8391 2869 1357 2684 12764 7680 6558 5218 3709 1340 2040 603517 993
internal_count=3450159 225082 170631 74550 36771 37779 54451 32154 96081 47519 3225077 10333 2539 26438 5625 29125 20997 5528 51912 9173 42739 26563 5386 726814 24398 22563 3477 1759 18847 3716 4172 13060 2388 2345 21273 6975 1228 14298 2135 1457 48562 5068 21466 19914 9924 7055 9990 7511 983 8391 2869 1357 2684 12764 7680 6558 5218 3709 1340 2040 603517 993
is_linear=0
shrinkage=0.05


Tree=39
num_leaves=63
num_cat=0
split_feature=7 8 7 42 41 38 35 11 41 18 42 38 7 41 18 4 6 37 37 7 5 8 41 18 41 7 35 36 36 37 16 18 4 8 41 7 19 8 41 43 43 35 18 7 48 29 35 7 43 8 34 35 34 38 48 7 7 37 7 44 32 37
split_gain=6318.55 668.569 670.333 869.279 242.182 191.889 163.64 152.215 145.005 135.1 127.986 98.8844 65.2582 64.9108 63.8489 61.6342 56.6487 49.013 209.36 41.3507 41.7914 80.3377 41.4058 40.7751 41.9471 44.3838 37.5083 36.3058 35.3471 35.2547 33.4709 32.6635 29.9867 29.8689 29.8449 28.0967 27.5194 25.395 22.6095 22.6501 24.321 21.7471 29.4804 20.9405 20.6945 20.4384 20.2941 19.211 18.7622 17.4822 16.7861 16.7679 16.1882 15.625 16.7195 15.3961 20.6758 15.3665 15.03 14.7966 20.1517 21.3304
threshold=1.0000000180025095e-35 1.0000000180025095e-35 1.2500000000000002 0.2269546836614609 -0.52778512239456166 13.500000000000002 2.0499999523162846 1.0000000180025095e-35 0.77259656786918651 11.449999809265138 0.41248606145381933 7.5000000000000009 0.25000000745058065 -0.77259656786918629 0.27500000596046453 0.15000000223517421 1.0000000180025095e-35 2.7055000066757207 3.9864999055862431 0.15000000223517421 1.0000000180025095e-35 0.095833335071802153 -0.93540480732917775 16.050000190734867 0.97335553169250499 0.25000000745058065 7.1499998569488534 5.5000000000000009 13.000000000000002 6.7225000858306894 12.750000000000002 0.22500000149011615 -0.15000000223517415 0.15416666865348819 0.91037613153457653 0.15000000223517421 2.5000000000000004 0.11250000074505807 -0.35206145048141474 -0.99866804480552662 -0.99940761923789967 0.75000000000000011 46.049999237060554 6.0499999523162851 -0.92735096812248219 6.8908743858337411 1.0000000180025095e-35 0.15000000223517421 0.87397152185440075 26.566666603088382 0.55000001192092907 2.3500000238418584 0.55000001192092907 16.000000000000004 0.97294792532920849 0.45000000298023229 0.84999999403953563 1.5860000252723696 0.15000000223517421 -0.79382744431495655 1.0000000180025095e-35 5.1965000629425058
decision_type=2 2 2 2 2 2 2 2 2 10 2 2 2 2 8 10 2 2 2 2 10 2 2 8 2 2 2 2 2 2 10 10 10 2 2 2 2 2 2 2 2 2 10 2 2 2 2 2 2 2 2 2 2 2 2 2 2 2 2 2 2 2
left_child=6 2 3 4 11 8 46 49 17 10 13 -2 28 51 59 19 23 -5 -19 20 21 34 33 24 25 29 -8 48 45 50 32 52 -24 37 57 -29 -37 -21 39 40 -28 -11 -43 -17 -42 -7 -1 -18 -13 -3 53 -4 55 54 -6 -27 -57 -9 -10 -15 61 -61
right_child=1 7 9 5 16 12 26 15 58 41 -12 27 -14 14 -16 43 47 18 -20 22 -22 -23 30 -25 -26 31 38 35 -30 -31 -32 -33 -34 -35 -36 36 -38 -39 -40 -41 44 42 -44 -45 -46 -47 -48 -49 -50 -51 -52 -53 -54 -55 -56 56 -58 -59 -60 60 -62 -63
leaf_value=0 -9.2545325879474544e-05 0.23541715507821098 0 0 0.0012683779663616515 0.0010553689305603465 0 -0.00031280116766949052 -0.00029271513521494566 0 0 0.0011022438029743495 -7.8918751053726622e-05 0 0 0.014268924318806699 -0.00030219066734698299 0.00091260638288851522 0 -1.0383621157566848e-05 -0.0043760736285439975 -0.00054258142654112218 0.036934734831542325 -7.8265453649732522e-05 0.0010963548947816829 0.0044235425609513547 0 -0.00011743020180082314 -0.0002749733047820642 -0.00058584579567303135 -0.00020540101882926765 0.0043609723956213762 0.00066935067748359481 -0.0011741283687648069 0.0016285424573003555 -6.7965127131929296e-05 0.0022081687693907481 0.0013291922726434676 0 0 0.38356250000000003 0 0 0.11804848656679137 0 0.00096153650552625739 0 0.00159653917404154 0.0014052107950108814 1.6984387670935075 0.0010096478804012803 0 0.0036426115115854862 0.0010685437645748831 0.00045127459807951385 0.010804221477829591 0.0086324436315783938 0.00053187938433778184 7.4892390718322998e-05 0.029361673821171393 0.0034426044642908386 -0.0084648706610529183
leaf_weight=1837724 4915 622 5587 21495 8533 2433 340290 483 2495 26590 14898 1038 2297 1299 8484 1999 1112 1271 4227 2110 1710 4156 2118 1672 5769 1958 1052 2264 339 312 3203 1238 29043 4338 206 747 1407 448 79715 57292 509 15445 14467 1141 1432 705 907063 969 216 256 2131 961 391 960 673 1007 205 2618 3191 1115 5587 228
leaf_count=1837724 4915 622 5587 21495 8533 2433 340290 483 2495 26590 14898 1038 2297 1299 8484 1999 1112 1271 4227 2110 1710 4156 2118 1672 5769 1958 1052 2264 339 312 3203 1238 29043 4338 206 747 1407 448 79715 57292 509 15445 14467 1141 1432 705 907063 969 216 256 2131 961 391 960 673 1007 205 2618 3191 1115 5587 228
internal_value=-0.0115632 -0.00346374 -0.00500312 -0.00150487 0.00390989 -0.00678783 -0.0121285 0.00136017 -0.00827251 -0.00781063 -0.00551213 -0.00249717 0.001615 -0.00319473 -0.00154146 0.00102174 0.0064287 -0.00980115 -0.0055884 0.000598566 -0.00243786 -0.00082239 0.00127363 0.00709234 0.00763634 0.00886087 -0.0112771 0.00200106 0.00593543 0.00730332 0.00198318 0.0129532 0.00248347 -0.00226218 0.0049932 -0.000130149 0.00395775 0.00202306 -0.0105882 -0.00985755 -0.00561727 -0.00936294 -0.00843809 0.00781847 -0.00229907 0.00759242 -0.0122775 -0.00149568 0.00950957 0.0220103 0.00772444 -0.00741448 0.0153854 0.00857023 0.00920324 0.0165694 0.0209983 0.00376895 -0.00101565 0.00159649 0.00251443 0.00801378
internal_weight=3.45016e+06 225082 170631 75970 37517 38453 3.22508e+06 54451 32679 94661 38159 10587 5774 23261 16713 53573 26930 26993 5498 50433 9173 7463 41260 24849 23177 17408 480290 5672 3477 12609 34364 4799 31161 6896 3307 4418 2154 2558 140000 60285 2993 56502 29912 3140 1941 3138 2.74479e+06 2081 1254 878 12297 6548 3561 10166 9206 3170 1212 3101 5686 8229 6930 1343
internal_count=3450159 225082 170631 75970 37517 38453 3225077 54451 32679 94661 38159 10587 5774 23261 16713 53573 26930 26993 5498 50433 9173 7463 41260 24849 23177 17408 480290 5672 3477 12609 34364 4799 31161 6896 3307 4418 2154 2558 140000 60285 2993 56502 29912 3140 1941 3138 2744787 2081 1254 878 12297 6548 3561 10166 9206 3170 1212 3101 5686 8229 6930 1343
is_linear=0
shrinkage=0.05


Tree=40
num_leaves=63
num_cat=19
split_feature=7 0 2 0 41 2 31 35 0 4 34 0 7 41 41 0 5 0 7 2 0 35 0 5 0 41 0 2 5 36 7 0 5 34 41 28 0 28 6 6 2 13 0 7 41 0 28 0 0 28 0 44 18 34 2 0 35 18 0 41 18 10
split_gain=6174.77 700.012 247.378 223.952 381.171 260.882 178.855 166.021 128.802 90.1681 89.3029 85.9967 75.4249 71.8918 70.5344 65.2278 60.3049 60.1016 53.9038 46.5685 45.354 44.4446 43.3742 41.5675 36.6915 38.6546 34.3617 33.7794 32.3303 32.3193 32.0386 29.579 29.513 28.1962 27.8494 37.8247 31.6004 27.7155 49.9739 30.9961 26.2412 24.1263 23.374 22.5822 21.952 21.5186 20.8124 28.1933 20.6862 20.5269 20.2744 21.0324 19.6712 19.4275 19.0011 18.8833 18.4852 18.3701 18.8378 22.0007 17.9542 17.7451
threshold=1.0000000180025095e-35 0 1.0000000180025095e-35 1 1.0000000180025095e-35 1.0000000180025095e-35 0.05172413773834706 3.8500000238418584 2 0.15000000223517421 1.0000000180025095e-35 3 3.6499999761581425 -0.35206145048141474 0.68322628736495983 4 0.65000000596046459 5 2.8500000238418584 1.0000000180025095e-35 6 0.25000000745058065 7 0.25000000745058065 8 -0.84874749183654774 9 1.0000000180025095e-35 1.0000000180025095e-35 10.500000000000002 1.0500000119209292 10 1.0000000180025095e-35 0.35000000894069677 0.68322628736495983 0.064705885946750655 11 0.017647059634327892 1.0000000180025095e-35 1.7500000000000002 1.0000000180025095e-35 0.64583334326744091 12 0.65000000596046459 -1.0000000180025095e-35 13 0.021568628028035167 14 15 0.0098039219155907648 16 -0.13398942351341245 0.77500000596046459 1.7500000000000002 0.45000000298023229 17 2.2500000000000004 2.7749999761581425 18 0.72947329282760631 55.549999237060554 15.541666507720949
decision_type=2 9 10 9 2 8 2 2 9 10 2 9 2 2 2 9 10 9 2 10 9 2 9 8 9 2 9 10 10 2 2 9 10 2 2 2 9 2 2 2 10 10 9 2 2 9 2 9 9 2 9 2 10 2 10 9 2 8 9 2 10 2
left_child=7 3 9 13 5 10 12 15 45 20 -5 14 48 18 26 21 -4 33 28 30 56 -1 -12 24 -7 -26 32 -14 29 -2 34 -10 61 40 35 46 -36 38 43 41 -16 53 -21 44 -15 -9 -13 -48 -6 -19 51 -32 -31 -40 -20 -23 57 58 59 -3 -58 -8
right_child=1 2 16 4 6 23 11 8 31 -11 22 19 27 37 17 -17 -18 49 54 42 -22 55 -24 -25 25 -27 -28 -29 -30 52 50 -33 -34 -35 36 -37 -38 -39 39 -41 -42 -43 -44 -45 -46 -47 47 -49 -50 -51 -52 -53 -54 -55 -56 -57 60 -59 -60 -61 -62 -63
leaf_value=0 0.0010504039272529019 0 0.00013676651333239205 0 0 -0.0010079662177890803 0 0 0 0.096816644857472267 0 0 0 0.00056226102357736683 0.0053492855840450411 0 0.26785686210822512 -5.716980834380728e-06 0 0.00051387023632292199 0 0 0 0.081799031983343151 -0.00010903384298797524 0.00069423447558082045 0 0.024617595456778791 -0.0017864407360362281 -0.00035205364147858765 0 0 0.0087688874213089334 0.00029103805521126235 -0.00022435527566828079 0 0.00078982406059432009 0 -0.00023154126058609061 0.15944635009125543 0.020857636189075074 0.00525829174982339 0.012960856550935968 0 0.0012089695441985225 0 0.0095764446069860377 0.000291757834851044 8.4376886555823105e-05 0.0021973686872798835 0 0.031691068372630651 0.0022655557924532613 0.0022442488970319157 0.12149728317563842 0 0 0 0 0.079119877604460223 0 0.0025750611825953898
leaf_weight=406882 5765 1118 3955 31279 4244 2905 358 13457 93974 918 12250 6908 7966 840 2423 2375287 274 946 1462 1531 25840 46550 7187 370 7349 9064 4189 444 693 1515 1732 175405 762 417 3749 1347 7214 3355 9679 293 253 333 1475 536 1491 22017 214 952 4617 5834 5854 1824 1075 797 265 90609 5111 13297 4716 473 1858 3723
leaf_count=406882 5765 1118 3955 31279 4244 2905 358 13457 93974 918 12250 6908 7966 840 2423 2375287 274 946 1462 1531 25840 46550 7187 370 7349 9064 4189 444 693 1515 1732 175405 762 417 3749 1347 7214 3355 9679 293 253 333 1475 536 1491 22017 214 952 4617 5834 5854 1824 1075 797 265 90609 5111 13297 4716 473 1858 3723
internal_value=-0.0115707 -0.0035631 -0.00831944 -0.00192781 -0.00274876 -0.00533705 -0.000107284 -0.0121296 -0.0110193 -0.00924392 -0.00723342 0.00136423 -0.00451262 0.00214389 0.00404904 -0.0122455 0.00331934 0.0069723 0.00535151 -0.000184395 -0.00951601 -0.0117471 -0.00457182 -0.000452052 -0.000770007 0.00014842 0.00085806 -0.00790428 0.00689655 0.00775733 -0.000782876 -0.011393 0.00372192 0.0127417 0.000331142 -0.00166251 0.00204438 0.000150081 0.00113018 -0.000389569 0.0146674 -0.000824544 0.00574684 0.00701517 0.00914307 -0.00817622 -0.000368467 0.00581046 -0.00129359 0.00431517 -0.00319607 -0.00021032 0.00311776 -0.0012457 -0.0027432 -0.0109689 -0.00805073 -0.00884003 -0.00661765 -0.00186602 -0.00584194 0.002043
internal_weight=3.44922e+06 225039 57560 167479 139380 70404 68976 3.22418e+06 304853 53331 50716 51705 17271 28099 18905 2.91933e+06 4229 9873 10775 32800 52413 544041 19437 19688 19318 16413 9032 8410 9048 8355 29794 269379 4843 3093 20384 9421 10963 17324 13969 11102 2676 10809 3006 2867 2331 35474 8074 1166 8861 6780 9410 3556 2590 10476 1727 137159 26573 19604 6307 1591 6969 4081
internal_count=3449220 225039 57560 167479 139380 70404 68976 3224181 304853 53331 50716 51705 17271 28099 18905 2919328 4229 9873 10775 32800 52413 544041 19437 19688 19318 16413 9032 8410 9048 8355 29794 269379 4843 3093 20384 9421 10963 17324 13969 11102 2676 10809 3006 2867 2331 35474 8074 1166 8861 6780 9410 3556 2590 10476 1727 137159 26573 19604 6307 1591 6969 4081
cat_boundaries=0 4 8 12 15 19 22 26 30 33 36 40 42 45 48 50 53 57 60 63
cat_threshold=790760708 1099761850 2424310112 5 83886080 8388608 0 4 1745028353 1098907650 268435520 1024 2228228 17039512 2336 689112325 1099434010 1342177344 4 0 262280 256 3222343713 37749764 1225797652 2 671222016 1091043344 268435520 1 131072 327688 2304 2097152 16777360 2304 27792036 38281245 4005577732 46 536870912 524290 3328 34 8388608 134284544 8388608 64 0 524288 673189124 1074069634 2147483712 167772160 589856 0 1 134284544 17301504 268435520 1073741824 37749760 17833984
is_linear=0
shrinkage=0.05


Tree=41
num_leaves=63
num_cat=21
split_feature=7 0 42 0 8 18 8 35 6 0 7 1 0 42 0 28 42 7 0 8 0 1 7 0 35 42 34 7 29 0 43 7 0 1 9 7 0 2 0 0 37 27 44 7 44 0 0 0 3 0 42 0 30 28 0 0 24 43 18 6 0 28
split_gain=6065.08 686.853 620.25 763.513 326.446 203.162 169.972 166.021 163.582 128.802 118.696 191.91 103.47 119.214 107.098 85.552 70.7904 66.1316 65.2278 60.3264 57.3263 46.8485 44.7819 44.7197 44.4446 43.1515 41.4255 41.0836 35.2766 32.6754 37.6217 30.6563 29.579 28.8906 28.8514 27.772 26.8331 26.7607 26.2954 25.6187 24.5965 23.7216 23.5687 22.647 22.3822 22.1312 21.5186 20.169 19.9924 19.648 19.5422 30.0268 19.2639 19.0259 18.8833 18.5291 25.3139 18.5186 18.5135 21.2521 17.9912 17.3451
threshold=1.0000000180025095e-35 0 0.2269546836614609 1 0.10416666790843011 6.3875000476837167 1.0000000180025095e-35 3.8500000238418584 1.0000000180025095e-35 2 0.94999998807907116 1.0000000180025095e-35 3 -0.47114434838294977 4 0.017647059634327892 0.63405361771583568 0.55000001192092907 5 0.65416666865348827 6 10.050000190734865 0.15000000223517421 7 0.25000000745058065 -0.68322628736495961 0.15000000223517421 0.65000000596046459 1.7465476393699648 8 0.3744682669639588 7.2500000000000009 9 4.2500000000000009 0.0082167778164150568 0.25000000745058065 10 1.0000000180025095e-35 11 12 2.8605000972747807 0.036514984443783767 0.11478523537516595 4.5499999523162851 0.86439019441604625 13 14 15 0.84999999403953563 16 0.41248606145381933 17 0.3270899504423142 0.013725490774959328 18 19 -0.012751020491123198 -0.63255557417869557 0.38750000298023229 1.0000000180025095e-35 20 0.0058823532890528449
decision_type=2 9 2 9 2 8 2 2 2 9 2 10 9 2 9 2 2 2 9 2 9 10 2 9 2 2 2 2 2 9 2 2 9 10 2 2 9 10 9 9 2 2 2 2 2 9 9 9 10 9 2 9 2 2 9 9 10 2 10 2 9 2
left_child=7 2 5 10 20 8 16 18 12 46 11 40 52 14 26 38 41 34 24 53 43 -6 -13 48 -1 -25 35 39 49 -15 -31 36 -11 -30 -10 -14 -8 -24 -7 -16 -4 -5 -36 50 -29 -44 -9 -27 57 -17 51 58 -2 -12 -26 -32 -57 -19 59 -3 61 -18
right_child=1 4 3 6 21 15 31 9 17 32 19 22 13 29 27 28 60 23 -20 -21 -22 -23 37 25 54 47 -28 44 33 30 55 -33 -34 -35 42 -37 -38 -39 -40 -41 -42 -43 45 -45 -46 -47 -48 -49 -50 -51 -52 -53 -54 -55 -56 56 -58 -59 -60 -61 -62 -63
leaf_value=0 0 0.0018242909643016857 0.0013852989887650311 0 8.6392716019278993e-05 0 0.001283841947673675 0 -0.00025648301675979326 0 0 -0.00058042001148012805 0.0021174410837432227 -0.00034751681948185864 -0.0015942014124980905 0.0043716090295264484 0 0.009691796165341382 0 0.059898968036185662 0 0.2019655653115785 -0.0025371705813461059 0.0099978239212126785 0 0.080879129465951771 0.004435257496233894 0 0 0 0.0013433630836530146 0.099302083328018625 0 0.091145949882633304 3.7900744723034373e-05 0.014020902800364063 -0.00055022336370976225 0.00075885957191071949 0.00071663248806837264 0.0013655240839228048 0.0010203111234087668 0 -0.00027731498400006044 0 0.11218357400025188 -6.9797778056649798e-05 0 -4.1661799583780913e-05 -0.0010918923524578139 0 0 0 0.0046964445623785519 0 0 -0.0003509786869180069 0.001696595887493816 0 0 -0.0001658374719480248 0 0
leaf_weight=406882 5738 1223 1055 2707 5795 4993 2534 13457 3107 93974 1336 1630 1740 3354 891 762 1164 1097 2375287 824 29713 783 263 2141 46550 538 1948 1622 10322 3438 264 928 175405 293 12257 2379 2327 3839 8928 7247 2720 14103 2176 10952 236 6714 22017 1812 1297 1175 5015 4583 580 1819 90609 445 4902 2133 2123 475 23695 8904
leaf_count=406882 5738 1223 1055 2707 5795 4993 2534 13457 3107 93974 1336 1630 1740 3354 891 762 1164 1097 2375287 824 29713 783 263 2141 46550 538 1948 1622 10322 3438 264 928 175405 293 12257 2379 2327 3839 8928 7247 2720 14103 2176 10952 236 6714 22017 1812 1297 1175 5015 4583 580 1819 90609 445 4902 2133 2123 475 23695 8904
internal_value=-0.0115757 -0.00363954 -0.001961 -0.00553416 -0.00818623 0.000679024 -0.00809045 -0.0121296 0.00212472 -0.0110193 0.00515153 0.00819002 0.00452219 0.00580577 0.00865109 -0.00303753 -0.00902087 -0.000381702 -0.0122455 -0.00209538 -0.00946676 0.00232974 0.00242498 0.00327401 -0.0117471 0.00680127 0.0138905 0.00545173 -0.00603091 0.00212549 0.00368556 2.37519e-05 -0.011393 -0.00716321 -0.00174095 0.0167547 -0.00156604 0.00521087 -0.000338517 0.00698882 0.0169437 -0.00636972 -0.00107994 -0.00765504 -0.00125135 -0.00303993 -0.00817622 0.0021383 -0.000239696 0.000174239 -0.00628121 -0.00480723 -0.00126817 -0.00524168 -0.0109689 0.00621324 0.00553715 0.00186533 -0.00151723 0.00237044 -0.0103408 -0.00852352
internal_weight=3.44922e+06 225039 164377 69848 60662 94529 56362 3.22418e+06 68056 304853 13486 9507 34784 28466 16063 26473 50573 33272 2.91933e+06 3979 54084 6578 5732 9018 544041 4491 6067 9996 12552 12403 9049 5789 269379 10615 24254 4119 4861 4102 13921 8138 3775 16810 21147 24371 1858 8890 35474 2350 4527 1937 13419 8404 6318 3155 137159 5611 5347 3230 3821 1698 33763 10068
internal_count=3449220 225039 164377 69848 60662 94529 56362 3224181 68056 304853 13486 9507 34784 28466 16063 26473 50573 33272 2919328 3979 54084 6578 5732 9018 544041 4491 6067 9996 12552 12403 9049 5789 269379 10615 24254 4119 4861 4102 13921 8138 3775 16810 21147 24371 1858 8890 35474 2350 4527 1937 13419 8404 6318 3155 137159 5611 5347 3230 3821 1698 33763 10068
cat_boundaries=0 4 8 12 16 19 23 27 31 34 38 41 44 48 50 53 55 59 63 66 70 73
cat_threshold=790760708 1099499706 2424310112 5 83886080 1082130432 0 4 1745028353 1098907650 268435520 1024 788529152 1082130464 2155872256 1 2097156 17367056 2304 689112325 1099434010 1342177344 4 1074860065 38011908 1074794496 2 150997248 8980520 2147484000 4 0 589826 268435456 27792036 38281245 4005577732 46 33557508 16777256 2155872320 771884032 16777272 2155872288 0 128 0 4 133120 524296 134284544 8388608 64 637666308 1073741826 0 25692288 268435456 1 1073741824 38011904 1048576 2 134284544 17301504 268435520 0 0 0 4 704776192 40 2155872320
is_linear=0
shrinkage=0.05


Tree=42
num_leaves=63
num_cat=0
split_feature=7 8 7 41 35 38 40 11 7 35 39 7 41 17 41 27 41 31 35 5 8 28 41 39 41 43 28 7 15 9 2 41 8 2 5 5 2 9 44 5 41 35 43 43 48 7 44 47 35 38 41 41 40 41 35 40 7 7 2 44 19 32
split_gain=5969.9 612.486 585.37 291.85 166.021 126.831 126.944 126.68 83.5757 76.161 70.0976 52.9286 42.0705 41.2297 38.6701 36.6888 38.7662 36.0922 35.5457 34.7752 66.9534 32.1511 30.6764 25.8854 33.15 29.4379 24.837 24.2375 30.516 25.1866 24.0038 23.2469 23.2129 46.631 100.179 41.6414 34.1578 28.8087 21.2953 21.2554 21.2317 22.4928 23.3585 23.725 24.4191 20.7119 29.4498 22.8931 19.0356 18.305 42.2966 17.7108 17.2028 19.1485 27.2753 18.5126 20.4558 15.9199 15.0433 14.9753 14.8102 19.5277
threshold=1.0000000180025095e-35 1.0000000180025095e-35 1.2500000000000002 0.47114434838294988 3.8500000238418584 7.5000000000000009 1.7624999880790713 1.0000000180025095e-35 6.3500001430511483 1.0000000180025095e-35 0.88049998879432689 0.15000000223517421 -0.47114434838294977 5.2750000953674325 -0.22695468366146085 0.050299357622861869 0.77259656786918651 0.05172413773834706 0.25000000745058065 1.0000000180025095e-35 0.095833335071802153 0.013725490774959328 1.0000000180025095e-35 0.29300001263618475 -0.41248606145381922 0.93237596750259411 0.0058823532890528449 0.55000001192092907 1.3541666865348818 0.049961389973759658 1.0000000180025095e-35 -0.95642796158790577 0.15416666865348819 0.15000000223517421 -0.15000000223517415 -1.0000000180025095e-35 3.8500000238418584 0.16830193251371386 -0.67801648378372181 -1.1500000357627866 -0.35206145048141474 7.1499998569488534 -0.99866804480552662 -0.99940761923789967 -0.92735096812248219 0.25000000745058065 0.011826144531369211 -0.04882214963436126 2.2500000000000004 6.5000000000000009 0.81241145730018627 0.91037613153457653 2.6054999828338627 0.29012925922870642 3.6499999761581425 2.3645000457763676 2.7500000000000004 0.45000000298023229 0.25000000745058065 -0.75013810396194447 4.5000000000000009 1.0000000180025095e-35
decision_type=2 2 2 2 2 2 2 2 2 2 2 2 2 10 2 2 2 2 2 10 2 2 2 2 2 2 2 2 10 2 10 2 2 10 10 8 8 2 2 10 2 2 2 2 2 2 2 2 2 2 2 2 2 2 2 2 2 2 10 2 2 2
left_child=4 2 3 5 18 9 10 30 13 22 23 19 -11 17 32 16 -5 48 -1 20 31 -10 -2 24 25 38 -25 58 29 49 -3 -9 33 -13 -35 37 -37 -34 -7 -32 41 -6 43 -43 -45 -17 -47 -48 -4 50 -29 -33 53 54 60 -55 -57 -28 -16 -58 -19 -62
right_child=1 7 8 15 40 6 -8 11 21 12 -12 14 -14 -15 27 45 -18 52 -20 -21 -22 -23 -24 26 -26 -27 57 28 -30 -31 39 51 35 34 -36 36 -38 -39 -40 -41 -42 42 -44 44 -46 46 47 -49 -50 -51 -52 -53 -54 55 -56 56 59 -59 -60 -61 61 -63
leaf_value=0 0 0.20279852594954617 0 0 0 0.0012784838207610782 0 -3.0006126781076313e-05 0 0 0 1.7965337653985668e-05 3.4728974795946583e-06 0 0.00044846891897610267 0.00036896212828466671 0.00022252411688974613 0 0 -0.0041166718835134869 -0.00044861176967616462 0 0 0.0013226685681977522 0.00026709074597033188 0.0012681933731656819 0.00025614257306574368 0.0016434938054756543 -1.8388559177915865e-05 0.016280743535386024 0.25380062427627825 0.00057454684229488781 -0.0018886249631999226 -0.00011656793336934763 0.0013286875991041745 0.00010373781647485676 0.062556267046037964 -0.00020132796545369098 0.00066670857418881175 0.81609078119573375 0 0 0 0.37688438692092896 0 0.0013225804230567674 0.0066435092800796432 0.0031967345942471069 0 -7.0019846545404937e-05 0.019502552178324944 0.0014269852440828457 0 0 0.0019146632437284353 0 0 -0.00017532068467472097 -0.00093336394593589167 0.099756406978687887 0.0088268669240187392 0
leaf_weight=2165629 12308 276 15627 2928 61907 682 6772 518 7811 3951 2545 6503 5023 8504 7471 14065 5173 10148 753699 1758 4172 30933 4243 1023 1216 204 6449 587 2745 5390 236 2566 2593 643 609 10582 249 3038 1107 361 182770 1047 57248 494 1387 4082 1102 2146 5119 2153 247 205 4453 8161 1683 569 203 786 1576 992 324 229
leaf_count=2165629 12308 276 15627 2928 61907 682 6772 518 7811 3951 2545 6503 5023 8504 7471 14065 5173 10148 753699 1758 4172 30933 4243 1023 1216 204 6449 587 2745 5390 236 2566 2593 643 609 10582 249 3038 1107 361 182770 1047 57248 494 1387 4082 1102 2146 5119 2153 247 205 4453 8161 1683 569 203 786 1576 992 324 229
internal_value=-0.01158 -0.00370641 -0.00518062 -0.00190571 -0.0121296 -0.00438171 -0.00148191 0.000909083 -0.00780056 -0.0067429 0.00123466 0.00060139 -0.00303376 -0.00656556 0.00131742 0.00198162 -0.00088415 -0.00599162 -0.0122455 -0.00284602 -0.00135538 -0.009586 -0.008754 0.00290072 0.00671159 0.0106811 0.00141984 0.00293458 0.00449784 0.00599708 0.0198024 0.00397917 -2.94215e-05 0.00222598 0.0110623 -0.00109191 0.000721309 -0.00457956 0.00862912 0.0254397 -0.0110193 -0.0105087 -0.00982036 -0.00546448 -0.00210659 0.00306672 0.00522169 0.00877463 -0.00755688 0.00231419 0.00860312 0.00579664 -0.00477823 -0.00421187 -0.00552326 -0.00257557 0.00206916 0.000388735 0.00101277 0.00578452 -0.00645384 0.00151447
internal_weight=3.44922e+06 225039 170561 75805 3.22418e+06 46309 20784 54478 94756 25525 14012 53605 8974 56012 44386 29496 8101 47508 2.91933e+06 9219 7461 38744 16551 11467 3209 1993 8258 20169 11122 8377 873 3289 24217 7755 1252 16462 10831 5631 1789 597 304853 122083 60176 2928 1881 21395 7330 3248 20746 2987 834 2771 26762 22309 12384 9925 1764 7235 9047 1195 10701 553
internal_count=3449220 225039 170561 75805 3224181 46309 20784 54478 94756 25525 14012 53605 8974 56012 44386 29496 8101 47508 2919328 9219 7461 38744 16551 11467 3209 1993 8258 20169 11122 8377 873 3289 24217 7755 1252 16462 10831 5631 1789 597 304853 122083 60176 2928 1881 21395 7330 3248 20746 2987 834 2771 26762 22309 12384 9925 1764 7235 9047 1195 10701 553
is_linear=0
shrinkage=0.05


Tree=43
num_leaves=63
num_cat=19
split_feature=7 0 1 0 41 2 35 18 0 35 0 2 7 1 1 0 0 41 28 35 7 1 0 0 0 0 9 28 0 41 2 0 0 44 24 35 41 7 28 0 30 24 18 44 0 35 41 0 3 7 3 41 0 0 43 7 43 35 0 28 43 39
split_gain=5895.81 679.701 246.418 208.156 300.815 247.313 166.021 143.921 128.802 91.0681 71.5759 69.344 67.5658 136.995 68.0773 65.2278 54.6579 52.5639 50.3535 44.4446 41.8603 38.8788 38.4261 37.5102 35.6329 35.4135 34.5532 31.097 32.9237 30.1349 29.6198 29.579 28.7036 28.548 33.2524 26.3348 37.9719 29.7031 27.4203 26.2017 25.5985 24.2709 23.6244 22.1546 21.5186 20.0358 21.6918 66.576 19.5872 19.2542 19.0156 69.9787 18.8833 18.4095 17.873 17.7005 17.5212 17.2145 16.9166 20.8398 19.8831 16.6963
threshold=1.0000000180025095e-35 0 0.15000000223517421 1 1.0000000180025095e-35 1.0000000180025095e-35 3.8500000238418584 8.0500001907348651 2 1.0000000180025095e-35 3 1.0000000180025095e-35 2.7500000000000004 1.0000000180025095e-35 0.75000000000000011 4 5 0.68322628736495983 0.017647059634327892 0.25000000745058065 0.15000000223517421 6.9500000476837167 6 7 8 9 2.7755575615628918e-16 0.064705885946750655 10 -0.58216583728790272 1.2500000000000002 11 12 -0.099822327494621263 -0.0082459552213549597 1.0000000180025095e-35 0.72947329282760631 1.0500000119209292 0.055752867832779891 13 0.34708994626998907 0.001560590695589781 21.854166984558109 0.53312596678733837 14 1.4499999880790713 0.77259656786918651 15 1.0000000180025095e-35 0.35000000894069677 1.0000000180025095e-35 -0.35206145048141474 16 17 0.67802080512046825 0.84999999403953563 0.49812944233417517 3.1499999761581425 18 0.033333335071802146 -0.77245554327964772 0.65450000762939464
decision_type=2 9 10 9 2 8 2 10 9 2 9 10 2 10 10 9 9 2 2 2 2 10 9 9 9 9 2 2 9 2 10 9 9 2 10 2 2 2 2 9 2 10 8 2 9 2 2 9 10 2 10 2 9 9 2 2 2 2 9 2 2 2
left_child=6 3 16 12 5 9 15 10 44 53 17 18 13 40 -14 19 42 27 32 -1 -15 25 48 57 -4 -7 35 28 33 -27 -18 -10 -9 41 -35 36 38 -37 -12 56 50 -6 45 -16 -8 46 -3 -48 54 -24 58 -52 -21 -5 -19 -20 -38 -11 60 -60 -2 -36
right_child=1 2 24 4 7 21 8 11 31 23 26 -13 14 20 43 -17 30 22 55 52 -22 -23 49 -25 -26 29 -28 -29 -30 -31 -32 -33 -34 34 61 37 39 -39 -40 -41 -42 -43 -44 -45 -46 -47 47 -49 -50 -51 51 -53 -54 -55 -56 -57 -58 -59 59 -61 -62 -63
leaf_value=0 0.0037688554343748774 0 0.15398650874776074 0 0.0026895826324399939 -0.0010679519643444618 0 0 0 0 0 0.011377864932321659 0 -0.00020502835473749372 0.046087251966323808 0 0 0.0024604430854698826 0 0 0.00018407473342189516 0.14820172090923966 -0.00021437718325580777 0 0.0025817200393421559 -9.2629592672832669e-05 0.0019906144278074404 -0.00011391838937767649 0 0.00087784823995673002 -4.2439245756009115e-06 0 2.8584904171903642e-07 -0.00011211957198262702 0.015386711011029237 0.00033426689437128531 0 0 0 -8.573558614171976e-05 0.0016502801372528008 -0.00050827003121112712 0 1.2719166455916664 0 0 0.0021672255320551452 0 0.017338432065473218 0.0035060895738191159 0.003762127643207526 -0.00024030466076507015 0 0 0.013206381932316887 0 0.0013682100176030593 0 0.00090492777526961221 -6.1511164494437522e-05 0.00078918851821629249 0.0033131949852584388
leaf_weight=406882 221 10451 682 3975 1025 2692 13457 3406 93974 7714 6376 1460 3946 3113 362 2375287 25493 2065 700 46550 8878 287 1572 10090 3411 11591 4074 1041 3494 4925 630 175405 4303 369 870 10446 1166 3077 1914 4205 977 674 12413 203 22017 4271 1243 2068 294 3003 344 1804 90609 23629 1722 7550 1991 3958 5624 281 2346 620
leaf_count=406882 221 10451 682 3975 1025 2692 13457 3406 93974 7714 6376 1460 3946 3113 362 2375287 25493 2065 700 46550 8878 287 1572 10090 3411 11591 4074 1041 3494 4925 630 175405 4303 369 870 10446 1166 3077 1914 4205 977 674 12413 203 22017 4271 1243 2068 294 3003 344 1804 90609 23629 1722 7550 1991 3958 5624 281 2346 620
internal_value=-0.0115834 -0.00375885 -0.00828183 -0.00208905 -0.00289699 -0.00522157 -0.0121296 -0.000523051 -0.0110193 -0.00710459 0.000840534 -0.00443697 0.00182904 0.0029019 -0.00377688 -0.0122455 -0.00914039 0.00350483 -0.00539116 -0.0117471 -0.000845426 -0.000453321 0.00621534 -0.00468592 0.00356401 -0.00072626 -0.000502496 0.000610095 0.00180091 0.0001422 -0.0108249 -0.011393 -0.00248573 0.00517797 0.00947418 -0.00110497 -0.00250128 0.000511166 -0.00482207 0.000112062 0.00677654 0.000507652 -0.00768896 0.0124558 -0.00817622 -0.00653593 -0.00746439 -0.00393763 0.00973784 0.00304526 0.00606403 0.0018622 -0.0109689 -0.00901138 0.00879654 -0.00810606 0.00354831 -0.00274782 0.00712937 0.00860313 0.00369131 0.012802
internal_weight=3.44922e+06 225039 60662 164377 136278 68861 3.22418e+06 67417 304853 49366 49998 17419 28099 23588 4511 2.91933e+06 56569 16749 15959 544041 11991 19495 8656 21762 4093 19208 33249 8093 7052 16516 26123 269379 7709 3558 1859 29175 15652 13523 8290 7362 11597 1699 30446 565 35474 18033 13762 3311 4081 4575 10620 2148 137159 27604 3787 8250 3157 11672 8472 5905 2567 1490
internal_count=3449220 225039 60662 164377 136278 68861 3224181 67417 304853 49366 49998 17419 28099 23588 4511 2919328 56569 16749 15959 544041 11991 19495 8656 21762 4093 19208 33249 8093 7052 16516 26123 269379 7709 3558 1859 29175 15652 13523 8290 7362 11597 1699 30446 565 35474 18033 13762 3311 4081 4575 10620 2148 137159 27604 3787 8250 3157 11672 8472 5905 2567 1490
cat_boundaries=0 4 8 12 16 20 24 27 30 34 37 41 45 49 52 55 59 62 66 67
cat_threshold=790760708 1099499706 2424310112 5 83886080 8388608 0 4 1745028353 1098907650 268435520 1024 35782656 16777400 2147485984 1 689112325 1099434010 1342177344 4 3222343713 38011908 1225863188 2 2228224 168 288 671222016 1074266112 268435520 4227200 68296704 637542400 32 131072 65544 2304 2097152 16777360 2048 1 27792036 38281245 4005577732 46 704644352 16777240 2155872288 1 134221056 2048 64 134284544 8388608 64 1073741824 38010880 1056768 2 134284544 17301504 268435520 33554688 1073807360 2147483648 1 16777216
is_linear=0
shrinkage=0.05


Tree=44
num_leaves=63
num_cat=17
split_feature=7 0 42 0 8 41 0 18 35 0 8 0 7 8 41 0 8 0 0 7 5 35 41 2 41 28 44 42 0 6 10 7 0 28 34 6 0 3 35 42 7 2 18 7 0 0 38 0 40 10 7 37 8 8 0 0 8 28 44 42 0 41
split_gain=5869.23 681.457 556.011 688.362 301.84 201.305 255.983 172.951 166.021 158.903 144.431 128.802 109.905 141.63 96.9245 72.4489 71.0128 65.2278 52.7757 48.1437 61.5495 44.4446 42.8881 41.983 40.7773 40.4687 37.7918 33.8796 37.8933 37.5316 30.5609 29.6101 29.579 28.6114 35.1591 30.7233 27.8614 27.4059 27.3436 29.4109 27.0337 26.5117 23.8777 23.3306 23.2719 22.1463 22.0374 21.5186 21.4298 21.0189 20.3738 19.6221 19.4545 18.9332 18.8833 18.2969 18.1343 17.9449 17.7376 17.6595 30.1705 58.8943
threshold=1.0000000180025095e-35 0 0.35206145048141485 1 0.10416666790843011 -0.68322628736495961 2 18.274999618530277 3.8500000238418584 3 0.012500000651925804 4 0.94999998807907116 0.012500000651925804 0.72947329282760631 5 1.0000000180025095e-35 6 7 2.4500000476837163 1.0000000180025095e-35 0.25000000745058065 -0.22695468366146085 0.84999999403953563 0.88144907355308544 0.017647059634327892 -0.013976481743156908 -0.16280825436115262 8 1.0000000180025095e-35 1.0000000180025095e-35 3.5499999523162846 9 0.017647059634327892 1.9499999880790713 1.6500000357627871 10 1.0000000180025095e-35 1.0000000180025095e-35 -0.81241145730018605 0.25000000745058065 1.0000000180025095e-35 21.854166984558109 0.55000001192092907 11 12 13.500000000000002 13 1.7624999880790713 0.20833333581686023 0.65000000596046459 2.8605000972747807 0.21249999850988391 0.095833335071802153 14 15 0.012500000651925804 0.017647059634327892 -0.10837475582957266 0.41248606145381933 16 0.2269546836614609
decision_type=2 9 2 9 2 2 9 10 2 9 2 9 2 2 2 9 2 9 9 2 10 2 2 10 2 2 2 2 9 2 2 2 9 2 2 2 9 8 2 2 2 10 8 2 9 9 2 9 2 2 2 2 2 2 9 9 2 2 2 2 9 2
left_child=8 2 5 12 18 9 33 15 17 31 14 47 13 51 45 22 55 21 42 20 27 -1 -8 57 26 -9 -24 29 40 38 -6 -2 -13 34 35 53 58 -15 39 44 -29 -22 59 48 -17 -5 -39 -10 -35 -12 -26 -4 -21 -7 -23 -11 -27 -14 -31 60 61 -3
right_child=1 4 3 10 30 6 7 25 11 16 49 32 23 37 -16 19 -18 -19 -20 52 41 54 24 -25 50 56 -28 28 -30 36 -32 -33 -34 43 -36 -37 -38 46 -40 -41 -42 -43 -44 -45 -46 -47 -48 -49 -50 -51 -52 -53 -54 -55 -56 -57 -58 -59 -60 -61 -62 -63
leaf_value=0 0.0012177484550469368 -9.2302412480823598e-05 0.0012468084637741559 0 0.10537461688783489 0 0.0014890802958224512 2.7155658963308459e-07 0 0 0.13767461730376904 0 0 -0.00012632965411555342 0 0.00072059793705091376 -0.00021549074635806832 0 0 0 -0.0010234254583929125 0 0.0085952268390259382 0.060729969505343831 0.00033892691448772635 0 0.020741639233115283 0.00078536871489554678 0.00031855789108496181 0.0010615366988055246 -7.7135361721728704e-06 0 0 -0.00057025118859966174 0.0050229641176418064 0.034434669288869242 0.0011368648655183183 -0.00048577551112726283 0.0014675807265492752 0.0014523599106370238 0.011769777497869845 0.00090513617411732143 0 0 0.0033855283461893815 0 0.00083792158429130516 0 0.00039083162535282628 -0.00024784032915272698 0.04039519133827181 0.00090140081216839038 0.031713546356797108 -0.00061843582991313948 0 0 0.014978877784790895 0 -0.00076793151645770626 0 0 0.0015669798437366695
leaf_weight=406882 4641 2089 934 9234 1478 7788 1331 3227 13457 7866 518 93974 1470 1575 7626 404 11757 2375287 25112 3640 2228 46550 1589 636 905 3082 1528 494 5014 798 5100 1195 175405 871 1604 1199 3296 958 9221 3218 243 1751 11679 5408 2135 29148 2844 22017 857 4281 1181 2284 613 4878 90609 5948 263 1494 1202 6431 6942 1831
leaf_count=406882 4641 2089 934 9234 1478 7788 1331 3227 13457 7866 518 93974 1470 1575 7626 404 11757 2375287 25112 3640 2228 46550 1589 636 905 3082 1528 494 5014 798 5100 1195 175405 871 1604 1199 3296 958 9221 3218 243 1751 11679 5408 2135 29148 2844 22017 857 4281 1181 2284 613 4878 90609 5948 263 1494 1202 6431 6942 1831
internal_value=-0.0115847 -0.00377773 -0.00210578 -0.00579466 -0.00830655 0.00018656 0.00167934 0.00376823 -0.0121296 -0.00313903 -0.00835424 -0.0110193 0.00487198 0.00794793 -0.00921688 0.0049818 -0.00483709 -0.0122455 -0.00953794 0.00405748 0.00476436 -0.0117471 0.00980669 -0.00245833 0.0118706 -0.00375837 0.0154917 0.00564986 0.00226265 0.00661068 0.00180526 0.00430209 -0.011393 -0.00269788 -0.00149088 -0.00230166 0.00299282 0.00298261 0.00788991 0.0105936 0.0127677 -0.00102727 -0.00807053 -0.00531811 0.014617 -0.0102398 0.00528012 -0.00817622 -0.000260417 -0.000101584 0.00645973 0.0162446 -0.000919939 -0.00302582 -0.0109689 -0.0072698 -0.00761211 -0.00495951 -0.00166667 -0.00689369 -0.00566424 -0.0021374
internal_weight=3.44922e+06 225039 164377 63002 60662 101375 69968 47363 3.22418e+06 31407 50807 304853 12195 8595 46008 40791 25571 2.91933e+06 54084 34257 30004 544041 6534 3600 5203 6572 3117 26025 5751 20274 6578 5836 269379 22605 15469 13865 5296 5377 14978 5757 737 3979 28972 7136 2539 38382 3802 35474 1728 4799 2086 3218 4253 12666 137159 13814 3345 2964 2000 17293 10862 3920
internal_count=3449220 225039 164377 63002 60662 101375 69968 47363 3224181 31407 50807 304853 12195 8595 46008 40791 25571 2919328 54084 34257 30004 544041 6534 3600 5203 6572 3117 26025 5751 20274 6578 5836 269379 22605 15469 13865 5296 5377 14978 5757 737 3979 28972 7136 2539 38382 3802 35474 1728 4799 2086 3218 4253 12666 137159 13814 3345 2964 2000 17293 10862 3920
cat_boundaries=0 4 8 12 16 20 24 28 32 34 38 40 43 46 49 52 56 60
cat_threshold=790760708 1099499706 2424310112 5 83886080 1082130432 0 4 721421312 1082130464 2155872256 4 83886080 1082130432 0 4 1745028353 1098907650 268435520 1024 2097152 144 2336 1 689112325 1099434010 1342177344 4 3222343713 306447364 1225797652 2 131072 8 27792036 38281245 4005577732 46 133120 2056 131072 8 64 704776192 32 2147483744 134284544 8388608 64 134284544 17301504 268435520 704774400 16844816 268435520 1 3221225472 38011904 17833984 2
is_linear=0
shrinkage=0.05


Tree=45
num_leaves=63
num_cat=18
split_feature=7 0 8 8 0 35 0 7 1 0 7 35 0 17 0 0 1 35 0 7 0 35 7 35 0 28 31 0 3 7 7 1 0 2 5 1 17 16 3 7 27 35 7 7 5 0 9 0 28 45 0 0 35 28 0 0 44 1 9 1 29 44
split_gain=5857.2 623.059 292.665 177.468 245.719 166.456 146.579 138.843 102.679 100.285 82.4813 114.314 55.0824 52.5808 50.0426 37.6344 35.3887 35.0168 29.8543 29.6232 28.4246 27.9573 25.2249 24.7228 24.1827 22.8567 22.0484 21.5281 20.9669 22.0559 20.5564 37.0478 29.9552 23.5846 48.6145 33.4432 20.2521 19.9307 19.4577 24.5013 18.3167 18.2315 17.0805 26.4055 35.4643 23.8637 19.8851 16.0188 15.6909 15.418 15.1571 14.9718 14.636 14.5735 24.7677 14.5202 17.9211 14.1262 15.7865 13.8087 13.4039 32.883
threshold=1.0000000180025095e-35 0 1.0000000180025095e-35 1.0000000180025095e-35 1 2.0499999523162846 2 2.8500000238418584 22.800000190734867 3 6.3500001430511483 1.0000000180025095e-35 4 0.31666667759418493 5 6 5.4500000476837167 2.0499999523162846 7 0.94999998807907116 8 1.0000000180025095e-35 0.25000000745058065 5.5499999523162851 9 0.013725490774959328 0.05172413773834706 10 1.0000000180025095e-35 0.55000001192092907 0.15000000223517421 1.0000000180025095e-35 11 0.25000000745058065 -1.0000000180025095e-35 3.1499999761581425 0.18333333730697635 3.7500000000000004 1.0000000180025095e-35 0.15000000223517421 0.07738362625241281 7.1499998569488534 0.94999998807907116 0.25000000745058065 -1.0000000180025095e-35 12 0.049961389973759658 13 0.036731028929352767 1.0000000180025095e-35 14 15 2.4500000476837163 0.0098039219155907648 16 17 0.28313310444355017 20.750000000000004 2.0031372308731084 1.0000000180025095e-35 8.6828608512878436 0.11478523537516595
decision_type=2 9 2 2 9 2 9 2 10 9 2 2 9 10 9 9 10 2 9 2 9 2 2 2 9 2 2 9 10 2 2 10 9 8 10 10 10 8 10 2 2 2 2 2 10 9 2 9 2 2 9 9 2 2 9 9 2 10 2 10 2 2
left_child=5 3 9 4 7 14 23 38 12 26 11 20 37 19 21 41 -4 30 49 22 28 -1 50 -7 -19 -9 -3 52 29 -6 31 32 -14 42 -35 51 -31 -5 40 -40 -2 -8 43 44 45 -32 -47 -21 -15 -12 -13 -36 -11 54 -20 -24 -57 58 -18 -46 -22 -62
right_child=1 2 16 8 10 6 15 25 -10 27 18 13 17 48 -16 -17 57 24 53 47 60 -23 55 -25 -26 -27 -28 -29 -30 36 33 -33 -34 34 35 -37 -38 -39 39 -41 -42 -43 -44 -45 59 46 -48 -49 -50 -51 -52 -53 -54 -55 -56 56 -58 -59 -60 -61 61 -63
leaf_value=0 0.00066127355720055217 0 -6.4247353198142239e-05 0.052311259225680209 0 0 0 0.0047060008379986411 1.311233334534619 0 0.061973186021983699 -1.7364487397973292e-07 0.00094461532857038433 0 0 0 0.12514752558877845 -0.00016385514550496181 0.0018806838605889943 0 0 0 0.0032748518585394835 0 0.0035475937277128335 0 0 0 0 0.0021632441508174895 0.0011025162270376918 -0.00033669448542335143 -7.7103272352558295e-05 -0.0029059175356142444 -0.0011471109426074517 0.015050958251058823 0 -0.0089957113798461372 -0.00023367435386580082 0.0017983407424363774 0.00099196365142004573 0 -0.0037732377184094643 0.00076775847670344235 0.0019799253234823902 0.0010938631269431628 -0.0002735285670427032 0 0 0 0.00016326668741468086 0.0002591504636843711 0 0 0 0 0.0053528504763909052 0.47712826311692069 0.027692408201191877 -0.00035764945556355094 0 3.271953164472718e-05
leaf_weight=347168 4990 8821 7688 1817 1570 26577 100031 440 224 15124 874 5931 1064 5987 2232223 293029 299 2100 887 2809 34870 164956 2570 19336 5001 2478 11985 20129 752 2949 614 4897 1026 4100 1156 429 302 399 697 774 3714 41533 2581 7987 301 465 460 7327 2712 367 7476 4853 5491 9105 717 2424 669 218 915 6031 2878 2996
leaf_count=347168 4990 8821 7688 1817 1570 26577 100031 440 224 15124 874 5931 1064 5987 2232223 293029 299 2100 887 2809 34870 164956 2570 19336 5001 2478 11985 20129 752 2949 614 4897 1026 4100 1156 429 302 399 697 774 3714 41533 2581 7987 301 465 460 7327 2712 367 7476 4853 5491 9105 717 2424 669 218 915 6031 2878 2996
internal_value=-0.0115855 -0.00379391 -0.00768357 -0.00201722 -0.00310998 -0.0121302 -0.0112717 0.00331508 0.000606252 -0.00892323 -0.00398463 -0.00343349 0.000439202 -0.00139724 -0.0122805 -0.0115561 0.000674342 4.26582e-05 -0.00787238 -0.000380915 -0.00509991 -0.0118293 0.000780021 -0.0085755 0.0032513 -0.00629712 -0.00608787 -0.0103671 -0.00173966 -0.000531529 -0.000590869 -0.00302526 0.00254785 -3.88239e-06 -0.00189078 0.000819354 0.00181867 0.00810872 0.00607494 0.000756288 0.00697381 -0.010877 0.00107449 0.00168842 -0.000366853 0.00644087 0.00127005 -0.00256511 -0.00480946 -0.000489608 -0.000401842 -0.000143535 -0.00920667 -0.00871933 -0.00433292 0.00357805 0.00125282 0.00789106 0.00578666 -0.00202148 -0.00555774 -0.00334951
internal_weight=3.45029e+06 225440 70670 154770 109265 3.22485e+06 480506 13093 45505 61550 96172 84222 45281 37905 2.74435e+06 434593 9120 43065 11950 29206 46317 512124 19070 45913 7101 2918 20806 40744 5573 4821 35964 6987 2090 28977 10538 6438 3251 2216 10175 1471 8704 141564 18439 15858 7871 1539 925 10136 8699 1241 13407 6009 20615 10709 1604 5663 3093 1432 1214 6332 40744 5874
internal_count=3450293 225440 70670 154770 109265 3224853 480506 13093 45505 61550 96172 84222 45281 37905 2744347 434593 9120 43065 11950 29206 46317 512124 19070 45913 7101 2918 20806 40744 5573 4821 35964 6987 2090 28977 10538 6438 3251 2216 10175 1471 8704 141564 18439 15858 7871 1539 925 10136 8699 1241 13407 6009 20615 10709 1604 5663 3093 1432 1214 6332 40744 5874
cat_boundaries=0 4 8 11 15 19 23 27 30 33 37 41 45 49 52 55 59 62 65
cat_threshold=2804025604 1099500730 2424318304 5 16777216 8388608 0 4 671286529 25165826 268435520 1207960576 38010880 1091567616 2 102760448 1073741952 8224 1 689112324 1099696154 1342177344 4 1101009572 1112023101 1790968836 1294 0 128 256 2181038080 66576 2155872288 2147483652 2106 256 4 9539681 268468228 167908372 128 16908288 2 268435456 4 16777220 2050 64 4 100665604 1154 8396800 256 17301514 8390656 553779460 67586 0 4 131072 1091108864 2415927360 2308 524296 268437504
is_linear=0
shrinkage=0.05


Tree=46
num_leaves=63
num_cat=0
split_feature=7 8 7 42 41 37 18 42 34 1 38 39 41 38 7 34 7 7 18 41 18 41 4 1 28 6 39 19 40 41 8 8 2 34 28 9 34 7 16 4 40 40 40 7 7 2 41 42 26 7 38 44 44 42 41 19 7 38 7 23 1 2
split_gain=5807.75 522.898 528.59 652.027 214.714 160.499 150.707 130.707 128.205 123.34 90.3885 57.7099 57.2401 64.0354 50.4046 47.2462 44.2473 44.1578 40.4178 58.1474 39.3034 40.5079 37.5864 36.3887 34.6536 32.4474 30.6422 188.146 26.6337 25.3935 29.5336 47.7453 26.9027 24.6767 24.1625 23.2203 24.7484 23.2069 18.8925 28.7477 18.481 42.8002 41.3857 41.2028 23.4268 18.3323 17.8701 24.1243 17.347 16.9086 16.8417 16.5579 16.2164 15.8508 15.7608 28.5796 15.7143 15.0422 14.8668 13.8816 13.2083 20.8572
threshold=1.0000000180025095e-35 1.0000000180025095e-35 1.0500000119209292 0.35206145048141485 -0.52778512239456166 6.7225000858306894 21.050000190734867 0.41248606145381933 0.25000000745058065 25.650000572204593 7.5000000000000009 0.38899999856948858 0.72947329282760631 21.500000000000004 0.15000000223517421 4.2500000000000009 0.15000000223517421 0.25000000745058065 0.35416667163372045 -0.41248606145381922 11.550000190734865 0.91037613153457653 0.25000000745058065 1.0000000180025095e-35 0.013725490774959328 1.0000000180025095e-35 0.19749999791383746 2.5000000000000004 1.7624999880790713 -0.84874749183654774 0.15416666865348819 0.11250000074505807 0.15000000223517421 0.65000000596046459 0.013725490774959328 0.030080261640250686 0.45000000298023229 0.15000000223517421 13.250000000000002 -0.35000000894069666 2.6054999828338627 2.3645000457763676 1.0000000180025095e-35 5.8500001430511483 1.7500000000000002 1.0000000180025095e-35 -0.95642796158790577 -0.2901292592287063 -0.0494343414902687 0.45000000298023229 13.500000000000002 0.41202506422996527 0.69521084427833568 1.0000000180025095e-35 0.88144907355308544 3.5000000000000004 2.8500000238418584 21.500000000000004 4.9500000476837167 0.25089286267757421 1.0000000180025095e-35 1.0000000180025095e-35
decision_type=2 2 2 2 2 2 10 2 2 10 2 2 2 2 2 2 2 2 8 2 10 2 10 10 2 2 2 2 2 2 2 2 10 2 2 2 2 2 10 8 2 2 2 2 2 10 2 2 10 2 2 2 2 2 2 2 2 2 2 10 8 10
left_child=8 2 3 4 10 12 7 18 -1 14 -2 -12 13 26 23 -10 25 24 19 58 21 35 29 46 -15 50 27 -5 37 30 31 -16 -33 -20 -8 36 48 -13 39 -31 41 42 43 44 -21 -24 -3 -48 -18 -50 53 -51 54 -6 55 57 -43 -46 -4 -17 -41 -62
right_child=1 9 6 5 16 -7 34 -9 15 -11 11 28 -14 17 22 59 20 -19 33 40 -22 -23 45 -25 -26 -27 -28 -29 -30 38 -32 32 -34 -35 -36 -37 -38 -39 -40 60 -42 56 -44 -45 52 -47 47 -49 49 51 -52 -53 -54 -55 -56 -57 -58 -59 -60 -61 61 -63
leaf_value=0 -2.7669216456891496e-05 -4.5849229897561099e-05 0 0.00065837158011867666 0.00062025475433114821 0.00096482854320079504 0 0 0 0.95098119571868378 0.00094221616400506014 -0.00024929220650776019 -0.00022888879268067637 0.00043923162666398182 -1.4763540655506287e-05 0 0.00068147111255321144 -0.00021010995632372251 0 -0.0091010839057871721 -0.00046669357483527661 0.0015090434415176573 0.042350279357991918 -0.00038309446519970152 -0.00024899688908879963 -0.0002567303796103695 0 0 -4.8724637307786842e-05 0.052873423534582333 -0.00097017767702826767 0.0001361120907327637 0.0012077779552440411 0 0 0.00024537761333328582 0.0017683742895770794 0.0017901320854267343 -0.00021165495398527031 0.0042717794115211634 -1.0518941445634427e-06 -0.0052040140745090342 -0.00041635955256603946 -0.00017213022321454195 -0.0025305969311191947 0.047713826243566161 0.00050503389831302108 0.0009101476732371682 0.0025332260205145232 0.0055527231582394353 -0.00048544446672790781 0.013985368672815813 0.079687714258784917 -2.4585914023980346e-05 -0.003647692088281345 0.010535892284575672 0.12684698549949114 0.15046304898886917 0 0 -0.0016848255141317674 0.00038809722175933221
leaf_weight=2498507 5751 502 2954 1090 8963 1109 10272 19493 602856 308 1342 1562 5344 839 3006 115893 333 1336 13396 356 1585 5625 1901 6537 792 1118 17002 6808 1566 1446 6904 211 405 5948 35429 596 1389 1730 2810 3630 1047 201 1021 806 645 1024 1889 371 4229 628 1279 460 822 2039 917 340 1059 215 1379 7597 2661 21020
leaf_count=2498507 5751 502 2954 1090 8963 1109 10272 19493 602856 308 1342 1562 5344 839 3006 115893 333 1336 13396 356 1585 5625 1901 6537 792 1118 17002 6808 1566 1446 6904 211 405 5948 35429 596 1389 1730 2810 3630 1047 201 1021 806 645 1024 1889 371 4229 628 1279 460 822 2039 917 340 1059 215 1379 7597 2661 21020
internal_value=-0.0115878 -0.00382918 -0.00519092 -0.00202895 0.00229288 -0.00709062 -0.00763759 -0.00575777 -0.0121302 0.000429062 -0.00332504 0.000862903 -0.00771544 -0.00862445 0.000250152 -0.0115455 0.00467002 -0.00168099 -0.00374606 -0.0014347 0.00655019 0.00743967 0.000942401 -0.00310114 0.00383967 0.00258695 -0.00945181 -0.00687832 -0.0016725 0.000561554 -0.00156517 0.00209139 0.0147727 -0.00515147 -0.00971888 0.00981172 0.0106141 0.000880923 0.00127071 0.00165308 0.00125017 0.00226026 0.000229403 0.00247196 0.00495068 0.00642308 0.00171072 0.00360619 0.0120841 0.0127774 0.00332933 0.0183364 0.006418 0.00396064 0.00410368 0.007875 0.0105159 0.00302326 -0.00603796 -0.0106545 0.00128932 0.000858811
internal_weight=3.45029e+06 225440 170815 74515 40195 34320 96300 50599 3.22485e+06 54625 11951 6200 33211 27867 54317 726346 28244 2967 31106 11762 14845 13260 45018 9299 1631 13399 24900 7898 4858 42093 10526 3622 616 19344 45701 7635 7039 3292 31567 28757 7429 6382 5122 4101 3295 2925 2762 2260 5650 5317 12281 1088 2939 11002 2117 1200 1260 860 4333 123490 27311 23681
internal_count=3450293 225440 170815 74515 40195 34320 96300 50599 3224853 54625 11951 6200 33211 27867 54317 726346 28244 2967 31106 11762 14845 13260 45018 9299 1631 13399 24900 7898 4858 42093 10526 3622 616 19344 45701 7635 7039 3292 31567 28757 7429 6382 5122 4101 3295 2925 2762 2260 5650 5317 12281 1088 2939 11002 2117 1200 1260 860 4333 123490 27311 23681
is_linear=0
shrinkage=0.05


Tree=47
num_leaves=63
num_cat=20
split_feature=7 0 42 0 8 18 35 0 41 0 8 41 7 1 41 41 0 0 0 28 0 42 42 7 0 0 18 42 0 9 35 0 8 7 5 35 7 35 7 35 0 35 41 1 0 5 0 0 36 7 0 43 1 41 43 35 44 41 0 0 28 0
split_gain=6050.13 615.524 575.448 646.22 293.44 211.722 166.456 146.579 123.071 122.455 117.128 106.402 102.329 151.056 91.7011 79.7407 75.3324 71.2576 71.002 66.8478 50.0426 48.3077 45.6044 87.89 43.752 40.6203 39.8299 47.3382 54.7539 38.4751 37.9928 37.6344 34.9882 30.0632 36.3736 28.7233 28.3363 27.9573 27.9241 25.4967 24.8371 24.7228 24.6307 24.5616 23.3614 23.2941 22.7903 22.4872 22.243 22.0388 23.9048 23.9267 20.7358 19.9656 19.8187 18.2315 17.8156 18.6811 22.0519 16.8109 16.6162 16.485
threshold=1.0000000180025095e-35 0 0.35206145048141485 1 0.10416666790843011 18.274999618530277 2.0499999523162846 2 -0.97335553169250477 3 0.020833333954215053 -0.47114434838294977 0.94999998807907116 1.0000000180025095e-35 0.72947329282760631 0.88144907355308544 4 5 6 0.017647059634327892 7 0.032701563090086018 0.2269546836614609 0.25000000745058065 8 9 21.854166984558109 0.41248606145381933 10 0.084596652537584319 1.0000000180025095e-35 11 0.045833334326744087 0.94999998807907116 1.0000000180025095e-35 4.8500001430511483 0.15000000223517421 1.0000000180025095e-35 0.55000001192092907 2.9500000476837163 12 5.5499999523162851 0.16280825436115268 5.9500000476837167 13 1.0000000180025095e-35 14 15 7.5000000000000009 2.7500000000000004 16 0.35846313834190374 5.4500000476837167 -0.84874749183654774 0.49812944233417517 7.1499998569488534 0.26659387350082403 0.91037613153457653 17 18 0.013725490774959328 19
decision_type=2 9 2 9 2 8 2 9 2 9 2 2 2 10 2 2 9 9 9 2 9 2 2 2 9 9 8 2 9 2 2 9 2 2 10 2 2 2 2 2 9 2 2 10 9 10 9 9 2 2 9 2 10 2 2 2 2 2 9 9 2 9
left_child=6 2 5 12 16 8 20 41 18 21 14 22 13 -4 30 17 26 38 -2 40 37 35 47 48 -23 -17 27 28 -3 60 -5 55 -21 34 -19 56 -15 -1 45 61 -7 -8 -40 -6 -32 -13 -25 -11 -24 50 51 -27 -12 -49 -52 -9 -10 -58 -59 -16 -14 -30
right_child=1 4 3 10 43 19 7 31 9 11 52 15 29 36 59 25 -18 33 -20 32 -22 24 23 46 -26 49 -28 -29 39 -31 44 -33 -34 -35 -36 -37 -38 -39 42 -41 -42 -43 -44 -45 -46 -47 -48 53 -50 -51 54 -53 -54 -55 -56 -57 57 58 -60 -61 -62 -63
leaf_value=0 0.0010383161967632993 4.6151206240411806e-06 0.00084324971662680316 0 3.5041078532608366e-05 0.0010031392653154941 0 0 0 -0.00059498103982907338 -0.00047790901052631798 0.0037844718177996346 0 -0.00046031728446495129 0 0.05882379893520711 0 0.0012427451828319386 -7.8739159147861128e-05 0 0 0.0014102817379035011 1.3834608228445748e-06 1.3834608228445748e-06 0.00012366802264130675 0.001972319989029529 0 0 0 0.032753453066111118 0 0 0.00057916717141767162 4.6151206240411806e-06 -0.00015693256213339808 0.0026465434601121609 0.00055156447625158704 0 0.008918957462067334 0 0 0 0.034250081965984093 0.087204435207440423 0 0.00057026013151919512 0 -0.00022252191678316199 2.4362318653893424e-06 -0.00010795767211412039 0.00021902584657177427 -0.0011837249994105115 0.15991545755902861 0.00060129594829233318 0.0016323389639931853 0 -0.00029027281865490624 0.0047559921607807937 -0.00012786569797380924 0 0 0
leaf_weight=347168 1971 1995 3376 26446 5805 3419 26577 100031 13158 1472 4082 3714 1014 1445 2031 1074 24855 7867 8058 7567 2232223 1330 600 308 2292 1140 12949 7373 1721 1147 6736 293029 925 2780 1533 2051 3734 164956 1542 2116 4641 19336 2141 1377 4363 1024 656 3975 214 1124 2469 2351 367 6383 3070 41533 7001 419 806 5456 1370 6607
leaf_count=347168 1971 1995 3376 26446 5805 3419 26577 100031 13158 1472 4082 3714 1014 1445 2031 1074 24855 7867 8058 7567 2232223 1330 600 308 2292 1140 12949 7373 1721 1147 6736 293029 925 2780 1533 2051 3734 164956 1542 2116 4641 19336 2141 1377 4363 1024 656 3975 214 1124 2469 2351 367 6383 3070 41533 7001 419 806 5456 1370 6607
internal_value=-0.0115766 -0.00365774 -0.00199795 -0.0057943 -0.00777103 0.000360964 -0.0121302 -0.0112717 0.00139613 0.00211431 -0.008325 0.00369964 0.00456969 0.00752922 -0.00909131 0.00528253 -0.00896018 0.00713012 -0.00379524 -0.00480002 -0.0122805 -0.0005491 0 0.00746625 0.00482468 0.00189259 -0.0073758 -0.0059686 -0.00408694 -0.00258779 -0.0100989 -0.0115561 -0.00789567 0.00467186 0.0060266 -0.00137988 0.00216499 -0.0118293 0.0106675 -0.00553377 -0.00153846 -0.0085755 0.0139458 0.00175787 -0.00764371 0.00814162 -0.00274896 -0.00112215 0.0195639 0.000907615 0.00173034 -0.00151028 -0.000587211 -0.000296586 0.0037687 -0.010877 -0.001922 -0.00374726 0.00194898 -0.00403867 -0.00620805 -0.00678434
internal_weight=3.45029e+06 225440 160642 61567 64798 99075 3.22485e+06 480506 82523 72494 49481 45437 12086 8555 45032 31829 57616 20601 10029 16552 2.74435e+06 27057 13608 1778 3622 11228 32761 19812 12439 3531 37545 434593 8492 12180 9400 23435 5179 512124 8421 10444 8060 45913 3683 7182 11099 4738 964 11830 814 10154 9030 3491 4449 10358 5539 141564 21384 8226 1225 7487 2384 8328
internal_count=3450293 225440 160642 61567 64798 99075 3224853 480506 82523 72494 49481 45437 12086 8555 45032 31829 57616 20601 10029 16552 2744347 27057 13608 1778 3622 11228 32761 19812 12439 3531 37545 434593 8492 12180 9400 23435 5179 512124 8421 10444 8060 45913 3683 7182 11099 4738 964 11830 814 10154 9030 3491 4449 10358 5539 141564 21384 8226 1225 7487 2384 8328
cat_boundaries=0 4 8 11 15 19 23 27 31 33 37 41 45 49 52 54 57 59 61 65 67
cat_threshold=656542980 1372129466 2424310112 5 83886080 1350565888 0 4 671286529 25165826 268435520 553782272 1082130472 8388608 4 3356590241 2181301252 1091710996 130 2097152 17367184 2304 1 83886080 1086324736 0 4 689112324 1099696154 1342177344 4 134144 8 102760448 128 2147485984 1 3221225472 2181039104 17965072 2 1101009572 1112023101 1790968836 1294 16779268 1082720386 268437504 4 537004288 524330 2415919168 0 526352 0 2176 2304 0 589842 3072 40 33685764 168 32 1 128 262144
is_linear=0
shrinkage=0.05


Tree=48
num_leaves=63
num_cat=19
split_feature=7 0 42 0 8 18 35 0 8 7 1 6 0 0 42 0 0 42 18 28 42 0 9 0 35 0 2 9 1 0 35 8 35 1 42 8 42 35 0 7 0 36 1 0 35 7 7 0 0 42 7 35 27 35 28 0 43 7 42 0 8 0
split_gain=6064.07 635.504 558.326 616.705 297.763 192.238 166.456 146.579 112.19 100.003 147.286 91.7507 91.2095 73.6084 63.3926 64.573 63.006 62.652 73.22 57.9299 50.6954 50.0426 46.5918 44.2186 43.5628 37.6344 35.7036 35.6434 35.0888 32.2784 31.36 30.6381 27.9573 26.9782 26.3017 32.1999 28.2048 24.7228 23.6384 23.3381 22.0604 21.4099 20.6835 18.8506 18.2315 17.8157 29.0848 28.6553 22.9963 20.395 17.7132 17.6644 17.4654 17.0781 16.4605 16.1665 15.4613 14.9348 14.8848 14.7667 14.6503 14.5854
threshold=1.0000000180025095e-35 0 0.35206145048141485 1 1.0000000180025095e-35 18.274999618530277 2.0499999523162846 2 0.020833333954215053 0.94999998807907116 1.0000000180025095e-35 1.0000000180025095e-35 3 4 -0.47114434838294977 5 6 0.41248606145381933 21.550000190734867 0.017647059634327892 0.72947329282760631 7 2.7755575615628918e-16 8 1.0000000180025095e-35 9 1.0000000180025095e-35 0.084596652537584319 7.2000000476837167 10 2.2500000000000004 0.20416666567325595 1.0000000180025095e-35 5.4500000476837167 0.2269546836614609 1.0000000180025095e-35 -0.41248606145381922 5.5499999523162851 11 0.35000000894069677 12 7.5000000000000009 5.7500000000000009 13 7.1499998569488534 0.75000000000000011 0.25000000745058065 14 15 -0.81241145730018605 0.45000000298023229 1.0000000180025095e-35 0.036514984443783767 1.0000000180025095e-35 0.013725490774959328 16 0.15951094031333926 0.25000000745058065 -0.2901292592287063 17 0.045833334326744087 18
decision_type=2 9 2 9 2 8 2 9 2 2 10 2 9 9 2 9 9 2 8 2 2 9 2 9 2 9 8 2 10 9 2 2 2 10 2 2 2 2 9 2 9 2 10 9 2 2 2 9 9 2 2 2 2 2 2 9 2 2 2 9 2 9
left_child=6 2 5 9 12 11 21 37 20 10 -4 13 17 45 15 56 -16 18 23 40 52 32 43 30 39 44 -12 54 29 -24 -3 -21 -1 -6 36 57 50 -8 -38 -17 -7 -28 61 -13 -9 46 47 -2 58 -49 -31 -22 -5 -54 -11 -35 -15 -36 -48 -14 -42 -10
right_child=1 4 3 8 33 19 7 25 42 27 26 22 59 14 16 24 -18 -19 -20 31 51 -23 28 -25 -26 -27 41 -29 -30 34 -32 -33 -34 55 35 -37 38 -39 -40 -41 60 -43 -44 -45 -46 -47 48 49 -50 -51 -52 -53 53 -55 -56 -57 -58 -59 -60 -61 -62 -63
leaf_value=0 -0.00034771336426398913 0 0.00080108723079546295 0 -3.1138887246982636e-05 0.0011669145419952523 0 0 -0.0011823185128689096 0 -0.0027400346563889958 0.0046472911021088349 0 0 0.00093212128685432084 0.0018706319711875919 1.3142877817023461e-06 0 0 0 0 0 -6.2594855810742386e-05 4.384364592839121e-06 0.0027332807736809204 0 -0.00040248142381649963 0.030488853047155609 0.22744341606179158 0.00024551091795872449 0.094999998807907104 0.0066553343253146213 0 0.14156382047776753 1.3142877817023461e-06 -4.769656251511896e-06 8.3448207644170011e-05 0 -0.00010404275690139526 0.021279067720927781 0 0.00064878153448925122 0.1610254609822338 -0.00035300331193731382 0 -3.7928388375632158e-05 0.0039745178723008907 0.0012694243457613769 0.0011313003999859517 3.1383207231995426e-05 0.0036836694002666706 0 0 0 0 0.0060310481445992716 0.0010183519190145923 1.3142877817023461e-06 0.0058424277377784779 0 0.0038859376995079909 0.00046376406162247923
leaf_weight=347168 4008 4017 3376 2769 7934 3273 26577 100031 1437 1014 509 335 16681 1654 3500 2295 9102 10995 6490 6808 18922 2232223 15161 5587 6116 293029 1265 1142 215 6865 1517 765 164956 851 333 474 1515 19336 4359 1632 3726 3405 337 3703 41533 4671 414 1379 837 3095 4765 7514 8034 5025 1358 659 2045 224 309 17829 750 2445
leaf_count=347168 4008 4017 3376 2769 7934 3273 26577 100031 1437 1014 509 335 16681 1654 3500 2295 9102 10995 6490 6808 18922 2232223 15161 5587 6116 293029 1265 1142 215 6865 1517 765 164956 851 333 474 1515 19336 4359 1632 3726 3405 337 3703 41533 4671 414 1379 837 3095 4765 7514 8034 5025 1358 659 2045 224 309 17829 750 2445
internal_value=-0.011576 -0.00364798 -0.00181863 -0.00565395 -0.00750103 0.000561869 -0.0121302 -0.0112717 -0.00826764 0.00441572 0.00733635 0.00155589 -0.00874105 0.00319404 0.00477537 0.00712596 0.00221592 -0.00664401 -0.00479743 -0.0045637 -0.00904552 -0.0122805 -0.000216409 -0.00233455 0.00920248 -0.0115561 0.00203949 -0.00268213 0.000388148 0.000259675 -0.00549693 -0.00767364 -0.0118293 0.000778272 0.0016588 0.00942047 0.00120258 -0.0085755 -0.00162155 0.0133212 -0.00152439 0.00341006 -0.000494785 -0.00529346 -0.010877 0.000359132 0.00154601 0.000392007 0.00782051 0.00313894 0.00262898 -0.0103855 -0.00680756 -0.00757236 -0.00617622 0.00690397 0.00145929 0.0175718 0.0142735 -0.0104744 -0.00380071 -0.00152628
internal_weight=3.45029e+06 225440 152880 58552 72560 94328 3.22485e+06 480506 46483 12069 8555 79006 63116 41057 26344 13742 12602 28606 17611 15322 42264 2.74435e+06 37949 11121 10043 434593 5179 3514 33911 33696 5534 7573 512124 9444 18535 1031 17504 45913 5874 3927 7749 4670 4219 4038 141564 14713 10042 8482 1560 4474 11630 26436 15828 13059 2372 1510 3699 557 723 34510 4476 3882
internal_count=3450293 225440 152880 58552 72560 94328 3224853 480506 46483 12069 8555 79006 63116 41057 26344 13742 12602 28606 17611 15322 42264 2744347 37949 11121 10043 434593 5179 3514 33911 33696 5534 7573 512124 9444 18535 1031 17504 45913 5874 3927 7749 4670 4219 4038 141564 14713 10042 8482 1560 4474 11630 26436 15828 13059 2372 1510 3699 557 723 34510 4476 3882
cat_boundaries=0 4 8 11 15 19 23 27 31 34 38 42 46 50 53 55 57 61 65 68
cat_threshold=656541956 1099499706 2424310112 5 83886080 1082130432 0 4 671286529 25165826 268435520 3355542529 2185495552 1091575808 2 654313472 1082130442 2155872320 1 131328 32 32 4 256 32 288 4 689112324 1099696154 1342177344 4 134316033 0 1073741824 1101009572 1112023101 1790968836 1294 133124 25231368 2368 4 117440512 1073743904 2155872256 1 16779264 1082720386 268437504 4 256 17301512 2048 16777216 8388616 0 8388616 1346474128 101851140 570433536 290 9449696 268468228 167908380 160 2097408 65554 268437760
is_linear=0
shrinkage=0.05


Tree=49
num_leaves=63
num_cat=16
split_feature=7 0 8 35 0 0 41 8 0 31 0 0 7 8 8 5 35 41 41 0 41 7 0 7 27 7 41 7 0 35 0 31 41 0 44 35 15 0 35 7 0 41 44 8 0 0 3 7 44 0 17 44 35 8 9 35 2 3 41 7 36 30
split_gain=5878.1 596.952 295.992 166.456 146.579 140.535 178.32 178.822 90.8265 66.5884 59.8159 50.0426 48.3355 87.3275 68.0782 57.5386 47.1505 53.6071 51.4494 101.313 42.9561 40.3129 37.6344 35.4186 31.6951 38.9402 36.824 34.9956 29.0841 27.9573 27.1645 26.2098 30.4509 35.1026 24.8759 24.7228 24.4184 24.2942 24.1365 24.4221 25.739 21.8838 21.8103 22.8709 20.529 20.4529 20.3269 20.0533 19.7422 19.6512 19.5744 18.2694 18.2315 17.9877 17.6224 17.5209 17.4497 17.1106 51.8071 16.8648 15.8882 26.4311
threshold=1.0000000180025095e-35 0 1.0000000180025095e-35 2.0499999523162846 1 2 0.2269546836614609 1.0000000180025095e-35 3 1.0000000180025095e-35 4 5 1.7500000000000002 0.095833335071802153 0.42083333432674414 1.0000000180025095e-35 1.0000000180025095e-35 -0.93540480732917775 -0.97335553169250477 6 0.81241145730018627 0.15000000223517421 7 0.45000000298023229 0.036514984443783767 1.2500000000000002 0.72947329282760631 0.45000000298023229 8 1.0000000180025095e-35 9 0.05172413773834706 0.72947329282760631 10 0.59003219008445751 5.5499999523162851 0.31666667759418493 11 0.45000000298023229 0.15000000223517421 12 -0.88144907355308522 0.91511079668998729 0.51249998807907116 13 14 1.0000000180025095e-35 0.35000000894069677 0.7074720859527589 15 5.6833331584930429 -0.69055965542793263 7.1499998569488534 0.087500002235174193 0.09296207502484323 0.45000000298023229 0.25000000745058065 1.0000000180025095e-35 -0.22695468366146085 0.15000000223517421 7.5000000000000009 0.36400133371353155
decision_type=2 9 2 2 9 9 2 2 9 2 9 9 2 2 2 10 2 2 2 9 2 2 9 2 2 2 2 2 9 2 9 2 2 9 2 2 10 9 2 2 9 2 2 2 9 9 10 2 2 9 10 2 2 2 2 2 10 10 2 2 2 2
left_child=3 5 8 11 35 12 7 16 31 -8 20 29 13 15 -14 36 17 18 -7 23 53 -15 52 46 26 27 -12 45 -9 -1 50 -3 55 34 47 -5 57 -4 39 -22 -41 -30 43 -27 -19 -26 -20 -34 49 51 -18 -29 -6 -11 -43 -33 -23 60 -59 -47 -2 -62
right_child=1 2 37 4 22 6 9 28 -10 10 24 -13 14 21 -16 -17 30 44 19 -21 38 56 -24 -25 25 42 -28 48 41 -31 -32 32 33 -35 -36 -37 -38 -39 -40 40 -42 54 -44 -45 -46 59 -48 -49 -50 -51 -52 -53 -54 -55 -56 -57 -58 58 -60 -61 61 -63
leaf_value=0 0.00061206421954022872 0 0.045771212057769711 0 0 -4.266910638532299e-05 0 -0.0012645110946385152 0 0 0 0 0 -0.0001188574993728632 0.042396156376684146 -0.0027162012500119848 0 0.0036971454792319894 1.2485733926172289e-06 -4.6606064342716045e-05 0.0002015519036734144 0.00035886683604083596 0 0 -0.00029037640831167105 0 0 -0.00055563561955533018 -0.00015217367850126626 0 0 0 0.00061336915101227083 0 0.075401324089847788 0 0.0043376954798450603 -0.0001107648663053759 0.0011160617204771337 0.0058911690374030112 0.033902909573874158 -3.8382817817457505e-05 0.054425232854189022 0.01390699436069831 0 -8.0249429218860266e-05 2.5546992125825515e-06 0 0.0066218166000348412 -0.00017941336984902674 0 0.0058390587327687695 0 0.0076381787081722941 0.0038635364088154267 0 -0.00087649327004050569 0.0021896799216568259 -0.00020449416668924999 0.00085994699120612791 0.00056790338595097206 0.0028974767541708937
leaf_weight=347168 3270 12203 2364 26577 100031 3153 2445 3290 34998 4047 2680 2232223 6439 2313 1865 772 10876 481 314 1003 698 5522 293029 203 7554 8117 3494 356 6828 164956 6549 6658 1108 1465 406 19336 534 7080 1181 871 1354 10627 490 773 21375 5434 403 1242 1027 1850 1851 1176 41533 873 3525 5036 2727 509 1825 6448 5437 321
leaf_count=347168 3270 12203 2364 26577 100031 3153 2445 3290 34998 4047 2680 2232223 6439 2313 1865 772 10876 481 314 1003 698 5522 293029 203 7554 8117 3494 356 6828 164956 6549 6658 1108 1465 406 19336 534 7080 1181 871 1354 10627 490 773 21375 5434 403 1242 1027 1850 1851 1176 41533 873 3525 5036 2727 509 1825 6448 5437 321
internal_value=-0.0115845 -0.00377905 -0.00751344 -0.0121302 -0.0112717 -0.00200602 -0.00277881 -0.0044074 -0.00874976 -0.000522922 -0.000116422 -0.0122805 0.000967696 0.0021384 -0.00230612 0.00493764 -0.00623269 -0.00758392 -0.00295508 0.00349064 0.00355324 -0.00121899 -0.0115561 0.0153763 -0.000957586 -0.000346501 -0.00424765 0.000727092 -0.000932221 -0.0118293 -0.00434478 -0.00662418 -0.00528982 -0.00164949 0.00168113 -0.0085755 0.00579607 0.000741211 0.00733431 0.00977164 0.0123315 -0.000245355 -0.00307569 -0.00364173 -0.00865895 -0.000185223 0.0207636 -0.000287234 0.00474881 0.00290509 -0.0029903 0.00706874 -0.010877 0.000406504 0.000876201 -0.00660381 0.000416717 0.00530496 0.00148886 0.00110789 0.00629154 0.00471084
internal_weight=3.45029e+06 225440 72560 3.22485e+06 480506 152880 121346 70478 63116 50868 48423 2.74435e+06 31534 23230 8304 12668 46208 26932 5076 1923 9024 10562 434593 920 39399 33225 6174 23845 24270 512124 19276 28118 15915 4221 2756 45913 11896 9444 4104 2923 2225 20980 9380 8890 21856 19436 717 2350 4409 3382 12727 1532 141564 4920 14152 11694 8249 11362 2334 11882 9028 5758
internal_count=3450293 225440 72560 3224853 480506 152880 121346 70478 63116 50868 48423 2744347 31534 23230 8304 12668 46208 26932 5076 1923 9024 10562 434593 920 39399 33225 6174 23845 24270 512124 19276 28118 15915 4221 2756 45913 11896 9444 4104 2923 2225 20980 9380 8890 21856 19436 717 2350 4409 3382 12727 1532 141564 4920 14152 11694 8249 11362 2334 11882 9028 5758
cat_boundaries=0 4 7 11 15 18 22 25 29 32 35 38 42 45 48 50 53
cat_threshold=656541956 1099499706 2424310112 5 671286529 25165826 268435520 83886080 1082130432 0 4 3355509761 2185495552 1091575808 2 2228224 168 2336 689112324 1099696154 1342177344 4 4 526354 268435520 1101009572 1112023101 1790968836 1294 0 65576 2304 537004288 524338 268435520 1207960576 38010880 1048576 272732289 68345861 101195784 56 2228224 32 2048 0 65536 2147483648 536872960 524306 260 17301504 64
is_linear=0
shrinkage=0.05


Tree=50
num_leaves=63
num_cat=22
split_feature=7 0 42 0 8 35 0 8 7 9 0 41 7 0 41 42 0 10 42 42 44 0 35 0 35 0 10 0 0 9 7 28 0 35 5 30 41 0 41 35 7 44 0 0 32 0 0 0 43 8 9 7 0 10 10 28 0 35 5 0 0 9
split_gain=5861.36 622.819 555.383 563.171 254.682 168.228 131.75 108.269 95.0514 127.516 89.9009 79.1829 72.5813 64.7567 123.331 63.9815 63.3365 62.7667 60.9391 52.9961 46.8559 43.5828 43.0163 40.2783 33.4938 31.4565 29.7982 28.8173 27.1234 26.4874 26.1563 25.317 29.9049 21.2552 20.7726 24.3452 20.5871 20.5408 24.7143 24.6035 19.972 25.6154 23.7056 19.907 19.5545 19.1882 18.5165 17.5244 17.4466 17.2561 31.7786 17.9718 17.1788 17.1596 17.1474 17.0962 16.8612 16.5374 16.4435 16.3832 16.0196 15.991
threshold=1.0000000180025095e-35 0 0.35206145048141485 1 1.0000000180025095e-35 3.8500000238418584 2 0.020833333954215053 0.94999998807907116 1.0000000180025095e-35 3 0.72947329282760631 5.2500000000000009 4 -0.47114434838294977 -0.22695468366146085 5 1.0000000180025095e-35 0.41248606145381933 0.2269546836614609 0.79253265261650097 6 0.25000000745058065 7 1.0000000180025095e-35 8 17.875000000000004 9 10 0.099147327244281783 0.94999998807907116 0.013725490774959328 11 4.8500001430511483 1.0000000180025095e-35 0.098237577825784697 -0.88144907355308522 12 0.09796465560793878 2.5499999523162846 0.25000000745058065 0.18281312286853793 13 14 1.0000000180025095e-35 15 16 17 -0.90893998742103566 0.095833335071802153 8.3266726846886753e-17 3.3500000238418584 18 1.0000000180025095e-35 12.541666507720949 0.013725490774959328 19 1.0000000180025095e-35 1.0000000180025095e-35 20 21 2.0816681711721688e-17
decision_type=2 9 2 9 2 2 9 2 2 2 9 2 2 9 2 2 9 2 2 2 2 9 2 9 2 9 2 9 9 2 2 2 9 2 10 2 2 9 2 2 2 2 9 9 2 9 9 9 2 2 2 2 9 2 2 2 9 2 10 9 9 2
left_child=5 2 12 8 10 16 43 11 9 -4 18 24 13 14 19 20 22 -14 26 36 21 30 -1 -21 -5 -8 -3 -6 -22 55 -16 47 48 49 35 -23 61 39 -39 -28 -40 -42 -43 -7 -11 -26 -24 -19 -33 59 -51 -52 -13 -9 -50 -10 -38 -56 -46 -15 -35 -2
right_child=1 4 3 7 27 6 25 53 29 44 -12 52 17 33 15 -17 -18 31 -20 23 28 34 46 -25 45 -27 37 -29 -30 -31 -32 32 -34 60 -36 -37 56 38 40 -41 41 42 -44 -45 58 -47 -48 -49 54 50 51 -53 -54 -55 57 -57 -58 -59 -60 -61 -62 -63
leaf_value=0 -0.00018242593577811055 0 0.00070776851986889479 0 0.10285739372907199 0 0 0.15142971778446965 0 -0.00024428123865611608 0 0 0.12315039629906273 4.2656136447418244e-05 0.00081110971539169745 2.7227121223738219e-07 0 -0.00036540194582173284 0 2.1767764092506255e-06 0.0098193724684788163 0.0035160988854234694 0 1.1208384319881013e-06 0 0 0 -0.0001946041295776965 0.0011411238481815595 0.018663451936429775 0 0 0 0.0036596175942011089 0.00062177490194197387 0.001615934690242861 -0.00065327241854005026 0 0.00063186343860685871 0 0 0.08677419500003257 -7.0733305124817016e-05 0 0.00059609933345787936 0 0 0.0030596723913979408 0 -0.0003045870857150711 -0.00062704030755043058 0.023428980750002562 -2.9433155926089488e-05 -0.00058241068202387304 0.10432972854312327 0 0.00043874505943669942 1.4513640932745313e-05 -0.0013488780854107555 0 0 -5.6274564595412737e-05
leaf_weight=407365 2065 4910 3054 24931 902 13386 92004 368 1171 1677 34942 2015 719 11535 4958 6810 2373873 374 10781 452 1162 5611 40679 1070 6365 178792 3842 8470 1779 1247 2226 751 4818 1928 2055 3545 715 3376 1470 1576 1474 364 245 21385 3290 3728 96895 2335 1239 3183 6761 1011 4974 3801 366 1518 6527 994 610 11212 1292 6687
leaf_count=407365 2065 4910 3054 24931 902 13386 92004 368 1171 1677 34942 2015 719 11535 4958 6810 2373873 374 10781 452 1162 5611 40679 1070 6365 178792 3842 8470 1779 1247 2226 751 4818 1928 2055 3545 715 3376 1470 1576 1474 364 245 21385 3290 3728 96895 2335 1239 3183 6761 1011 4974 3801 366 1518 6527 994 610 11212 1292 6687
internal_value=-0.0115844 -0.0037871 -0.00197832 -0.0057935 -0.00760897 -0.0121291 -0.0110129 -0.00834614 0.00359088 0.00653024 -0.00875437 -0.00911057 0.000401359 0.000921486 0.00218022 0.00423062 -0.012246 -0.00330286 -0.00663595 -0.00111327 0.00557743 0.00464053 -0.0117552 0.00780223 -0.0100802 -0.0113856 -0.00479588 8.00256e-05 0.0114374 -0.00284553 0.0015916 -0.00424864 -0.00563786 -0.000635628 0.00658698 0.00761249 -0.00196167 -0.00348566 -0.00167351 -0.00578943 0.00123487 -0.00191431 0.00671182 -0.00810464 0.0020329 -0.0076501 -0.010991 -5.99852e-05 -0.00198661 -0.00100662 -0.00263692 -0.000913536 -0.00425132 -0.000662629 -5.2905e-05 -0.00563871 1.03563e-05 0.00382353 0.00397436 -0.000221458 0.00324534 -0.00359346
internal_weight=3.44966e+06 225281 152929 58749 72352 3.22438e+06 305567 46182 12567 8631 62980 42013 94180 82584 45662 28146 2.91881e+06 11596 28038 17516 21336 18395 544939 1522 35024 270796 17257 9372 2941 3936 7184 10877 8168 36922 11211 9156 15994 12347 6929 5418 3553 2083 609 34771 5577 10093 137574 2709 3350 33702 10955 7772 6989 4169 2599 2689 7242 1360 3900 22747 3220 8752
internal_count=3449660 225281 152929 58749 72352 3224379 305567 46182 12567 8631 62980 42013 94180 82584 45662 28146 2918812 11596 28038 17516 21336 18395 544939 1522 35024 270796 17257 9372 2941 3936 7184 10877 8168 36922 11211 9156 15994 12347 6929 5418 3553 2083 609 34771 5577 10093 137574 2709 3350 33702 10955 7772 6989 4169 2599 2689 7242 1360 3900 22747 3220 8752
cat_boundaries=0 4 8 11 15 19 23 26 28 32 36 39 43 46 48 51 54 57 61 65 68 72 76
cat_threshold=656541956 1367935162 2424310112 5 83886080 1350565888 2147483648 4 1745028353 1098907650 268435520 3355509761 2185495552 1091575808 2 102760708 17369104 268437600 1 689112325 1099434010 1342177344 4 100663552 0 268435520 4 526336 27267748 38281245 1858208772 1326 8425600 67108864 34086912 32 0 16 268435456 537002240 17301632 256 1 134283265 2147483648 1073750016 1073741824 37748736 134284544 8388608 64 537002240 524330 268435520 134284544 524288 268435520 572522496 16 32 1 33685764 168 32 1 0 2048 2048 16908288 2 8388864 4 553650176 1082130432 0 4
is_linear=0
shrinkage=0.05


Tree=51
num_leaves=63
num_cat=21
split_feature=7 0 42 0 8 34 0 41 0 0 0 18 8 42 42 0 7 9 42 18 0 42 0 0 42 0 0 0 7 0 7 5 7 34 9 0 42 34 34 34 28 8 8 7 0 28 41 18 0 0 7 0 43 17 34 4 42 43 0 5 0 9
split_gain=5927.35 635.916 494.372 443.534 248.772 128.397 150.516 105.453 132.83 117.546 90.9086 89.8985 82.8861 80.1298 73.0612 68.7649 64.6347 104.018 61.3343 64.1387 50.6478 42.1753 41.9523 41.2786 42.9938 43.2034 39.8118 37.8551 36.8748 36.4467 34.912 39.6645 33.6117 32.7128 30.8555 28.0843 27.7035 26.9921 25.4013 25.1503 24.9415 24.0199 23.2851 22.2747 24.3521 21.6319 19.8412 40.9099 21.977 19.8076 18.5595 29.5754 29.2209 20.8956 17.5331 17.2154 16.1744 15.7319 18.1859 15.2467 15.1345 14.7328
threshold=1.0000000180025095e-35 0 0.68322628736495983 1 1.0000000180025095e-35 0.25000000745058065 2 -0.52778512239456166 3 4 5 23.854166984558109 0.012500000651925804 0.35206145048141485 1.0000000180025095e-35 6 1.6500000357627871 1.0000000180025095e-35 0.41248606145381933 21.550000190734867 7 0.35206145048141485 8 9 0.2269546836614609 10 11 12 1.7500000000000002 13 0.94999998807907116 1.0000000180025095e-35 0.45000000298023229 4.2500000000000009 0.39259092509746557 14 0.35206145048141485 0.75000000000000011 1.8499999642372134 3.6499999761581425 0.036731028929352767 0.4708333313465119 0.020833333954215053 0.15000000223517421 15 0.021568628028035167 -0.22695468366146085 4.6833331584930429 16 17 0.15000000223517421 18 0.49812944233417517 0.31666667759418493 0.25000000745058065 -1.0000000180025095e-35 -0.41248606145381922 0.51297098398208629 19 1.0000000180025095e-35 20 8.3266726846886753e-17
decision_type=2 9 2 9 2 2 9 2 9 9 9 10 2 2 2 9 2 2 2 8 9 2 9 9 2 9 9 9 2 9 2 10 2 2 2 9 2 2 2 2 2 2 2 2 9 2 2 10 9 9 2 9 2 10 2 10 2 2 9 10 9 2
left_child=5 2 7 16 10 26 39 8 28 34 18 14 -5 23 15 32 17 -4 19 22 -16 40 38 -10 -25 -26 56 33 50 45 31 -17 -11 -8 36 -6 37 55 -3 -7 -13 -18 -15 -22 -45 -23 47 49 -49 -24 51 53 -53 -2 -34 -9 -1 58 -32 -52 -27 -39
right_child=1 4 3 12 35 6 27 9 13 11 -12 21 -14 42 20 30 41 -19 -20 -21 43 29 46 24 25 60 -28 -29 -30 -31 57 -33 54 -35 -36 -37 -38 61 -40 -41 -42 -43 -44 44 -46 -47 -48 48 -50 -51 59 52 -54 -55 -56 -57 -58 -59 -60 -61 -62 -63
leaf_value=0 -0.00052116896114411853 0 0.00072414037628643069 0 0.081632231093519608 0 0 0.00090108814191899173 -4.0535651066056838e-05 0.0014258062081483587 0 -6.3795214317296748e-06 -0.0010114150010432097 0 0.0043424169186726605 0.00085251521687164768 0 0.00020645350845977241 0 0 -0.00039558826079734818 1.4716577963044745e-06 4.1651463631971654e-06 -9.793878056690029e-06 2.0647706540703374e-06 1.1301028013869622e-06 0 0 0 0 0.0065031641236006693 -0.00052352191985746699 0.012206369439573537 0 0.045620794636766708 -0.00024715821223635542 0.00016049892768393306 0 0.12850493396139714 0 0 0.049524073520146095 -0.00014863913378817327 -0.00058418050054464892 5.1769011747488726e-06 1.4716577963044745e-06 0.00056383419380206731 -2.1921822964195606e-07 4.3959023943992241e-06 -0.00015176623513337976 0.0017244711348949554 0.00039726341376429141 0.00088684089011344537 0.0023482726812349484 0.0062697333374352382 -9.6898552518742692e-05 0 -0.0005301404294769358 -2.3075603120205903e-07 -0.0016108057016234773 -6.580338688702847e-05 0.0023308946606399434
leaf_weight=136694 1376 4601 2089 28581 1108 53735 177477 559 5938 7229 34942 3159 2688 6460 2582 13128 1867 4021 10674 6063 2912 205 203 19023 476 953 2054961 445575 2685 491 2099 2105 4609 36171 1167 8132 2101 1610 824 13940 2524 517 1069 2713 4530 202 3347 423 333 1250 3118 944 437 230 1541 10290 305826 902 2304 391 509 1047
leaf_count=136694 1376 4601 2089 28581 1108 53735 177477 559 5938 7229 34942 3159 2688 6460 2582 13128 1867 4021 10674 6063 2912 205 203 19023 476 953 2054961 445575 2685 491 2099 2105 4609 36171 1167 8132 2101 1610 824 13940 2524 517 1069 2713 4530 202 3347 423 333 1250 3118 944 437 230 1541 10290 305826 902 2304 391 509 1047
internal_value=-0.0115813 -0.00374027 -0.00192099 -0.0067195 -0.00761994 -0.0121291 -0.0115443 -0.000241819 -0.00217186 0.000960412 -0.0087504 0.00211029 -0.00947001 -0.00359632 0.00288239 0.00409492 0.0034131 0.00614157 -0.00660253 -0.0047436 -0.000346432 -0.00336005 -0.00246448 -0.00232118 -0.00127617 0.00581785 -0.0122994 -0.0117753 0.00317022 0.00670935 0.00227394 0.0034916 0.00688345 -0.01122 -0.00268857 3.78788e-05 -0.00327657 -0.00410743 -0.00558648 -0.00929065 -0.00495117 -0.00356544 -0.00815679 -0.00193679 -0.000453887 0.017536 0.000592885 -0.00308397 0.00634921 -0.00799209 0.0052109 0.00231419 0.00764738 -0.00230507 0.00960569 -0.00521361 -0.0118626 -0.00121819 1.41949e-05 0.00767669 0.00147758 0.000409296
internal_weight=3.44966e+06 225281 153381 39763 71900 3.22438e+06 726898 113618 43609 70009 62660 53235 31269 34428 46654 33917 8494 6110 27718 17044 12737 6581 10981 26899 20961 1938 2.49748e+06 659223 9181 898 20538 15233 13379 213648 16774 9240 15607 13506 5425 67675 5683 2384 7529 10155 7243 407 5556 2209 756 1453 6496 2987 1381 1606 6150 10849 442520 5305 4403 3509 1462 2657
internal_count=3449660 225281 153381 39763 71900 3224379 726898 113618 43609 70009 62660 53235 31269 34428 46654 33917 8494 6110 27718 17044 12737 6581 10981 26899 20961 1938 2497481 659223 9181 898 20538 15233 13379 213648 16774 9240 15607 13506 5425 67675 5683 2384 7529 10155 7243 407 5556 2209 756 1453 6496 2987 1381 1606 6150 10849 442520 5305 4403 3509 1462 2657
cat_boundaries=0 4 8 11 15 19 23 27 31 34 37 39 43 47 50 54 57 59 62 64 67 70
cat_threshold=656541956 1367936186 2424310112 5 83886080 1350565888 2147483648 4 671155457 25690114 268435520 117440512 1082131456 0 4 50331648 1350566912 2155872256 4 3355509761 2185494528 1091575808 2 69206016 17369232 288 1 606208000 168 288 1 134283265 0 1073741824 2097152 170 2147485984 4 526336 152241412 1099696154 1342177344 4 1099045540 1111498813 1790968836 1294 536872960 17367042 64 299664 68157440 38281217 32 0 591888 2048 1024 37748736 2147483648 4194304 8192 16777216 8388608 536870912 42 268435456 536871168 16 268435520
is_linear=0
shrinkage=0.05


Tree=52
num_leaves=63
num_cat=22
split_feature=7 0 42 0 8 35 0 8 42 0 7 8 0 42 18 0 42 35 0 6 18 0 0 18 35 0 0 35 0 35 27 32 2 17 8 0 0 3 0 28 0 0 0 7 0 7 35 43 5 42 35 0 43 19 36 7 0 0 34 4 35 44
split_gain=6389.55 763.12 653.498 468.031 237.006 168.228 131.75 99.5726 95.7509 88.5187 86.3827 103.272 63.3365 59.2673 61.6115 52.982 45.5495 43.0163 38.835 36.5051 52.915 59.1727 35.0102 34.5468 34.1667 31.4565 29.9758 29.9189 28.3765 26.8264 26.9762 25.1562 24.3052 23.4384 23.0433 22.7164 22.4501 20.6232 19.907 19.288 18.5165 18.3914 18.2485 18.4874 17.163 19.3732 16.3979 16.3154 15.6639 15.1261 16.1172 16.6499 18.5202 17.8989 14.9597 14.7171 14.5007 14.217 14.1721 14.169 14.0644 14.061
threshold=1.0000000180025095e-35 0 0.35206145048141485 1 1.0000000180025095e-35 3.8500000238418584 2 0.020833333954215053 0.68322628736495983 3 0.94999998807907116 1.0000000180025095e-35 4 0.41248606145381933 21.550000190734867 5 -0.58216583728790272 0.25000000745058065 6 1.0000000180025095e-35 0.11250000074505807 7 8 38.083333969116218 2.2500000000000004 9 10 2.0499999523162846 11 1.0000000180025095e-35 0.038691813126206405 1.0000000180025095e-35 1.0500000119209292 2.6833333969116215 0.095833335071802153 12 13 1.0000000180025095e-35 14 0.017647059634327892 15 16 17 1.5500000119209292 18 11.750000000000002 1.0000000180025095e-35 -0.45274443924427027 1.0000000180025095e-35 0.2269546836614609 1.0000000180025095e-35 19 0.9470459818840028 1.5000000000000002 7.5000000000000009 24.349999427795414 20 21 1.8499999642372134 0.55000001192092907 10.750000000000002 0.50370931625366222
decision_type=2 9 2 9 2 2 9 2 2 9 2 2 9 2 8 9 2 2 9 2 8 9 9 10 2 9 9 2 9 2 2 2 10 10 2 9 9 8 9 2 9 9 9 2 9 2 2 2 10 2 2 9 2 2 2 2 9 9 2 10 2 2
left_child=5 2 15 10 9 12 38 8 29 13 11 31 17 14 18 27 19 -1 24 20 21 -17 -22 41 -3 -8 33 34 -6 30 -5 -4 39 -25 48 -36 -23 -13 60 -12 -19 -18 -31 -44 -21 -46 -10 -38 49 50 51 52 -2 -54 61 57 -11 -9 -28 -30 -7 -39
right_child=1 4 3 7 28 6 25 55 46 56 32 37 -14 -15 -16 16 23 40 -20 44 22 36 -24 26 -26 -27 58 -29 59 42 -32 -33 -34 -35 35 -37 47 54 -40 -41 -42 -43 43 -45 45 -47 -48 -49 -50 -51 -52 -53 53 -55 -56 -57 -58 -59 -60 -61 -62 -63
leaf_value=0 0 0 0.00032373242485574626 0 0.10447436531394472 0 0 -0.0011037766224567293 0 0 0 -0.00016213464314669571 0 0 0 0.0093722618981299331 -4.3649261463474158e-05 0 3.9453512434772046e-06 0.0016630852572189249 4.8449276259371349e-06 -0.00091155506608481306 0 4.8449276259371349e-06 0.098824755745720583 0 0 0.00068817479432408475 -0.0004049443525785207 0 0 0.00082065902172691124 0.04916095065669504 4.1602378725689916e-06 -0.00050807132223349501 -0.00015039094430413817 5.0253116799443138e-05 -0.00049553835358381035 0 0 0 5.60494724882507e-06 -8.163334370734044e-06 1.3980749064892509e-06 -0.00020058844879389769 0.17275134806160111 0 0.0019404576360841407 -0.0022308483981563778 4.715398424409781e-06 9.1212967889055274e-06 -0.00013036925587246693 3.7775312111625834e-05 0.00096857610459670615 0.00068883805147222643 0.2969098232279892 0 0.0005202671426947109 1.0982488557078074e-06 0.040874972804308074 0 0.0025382827192490564
leaf_weight=407365 2230 3944 1343 1643 844 10658 92004 1345 20414 15436 1683 1716 2373873 10674 6063 2303 14595 40679 5556 6868 2808 408 4636 500 1481 178792 1226 7709 7364 1695 6800 1733 679 356 5025 4080 975 794 21385 1574 96895 11761 2008 1352 5124 201 8210 4385 889 1616 8845 6970 286 223 2843 209 19506 2661 458 1032 2728 202
leaf_count=407365 2230 3944 1343 1643 844 10658 92004 1345 20414 15436 1683 1716 2373873 10674 6063 2303 14595 40679 5556 6868 2808 408 4636 500 1481 178792 1226 7709 7364 1695 6800 1733 679 356 5025 4080 975 794 21385 1574 96895 11761 2008 1352 5124 201 8210 4385 889 1616 8845 6970 286 223 2843 209 19506 2661 458 1032 2728 202
internal_value=-0.0115603 -0.00341934 -0.0014265 -0.00555989 -0.00766931 -0.0121291 -0.0110129 -0.00787996 -0.00861486 -0.00877274 0.00299853 0.00580031 -0.012246 -0.00665302 -0.00482575 0.00115041 0.00211873 -0.0117552 -0.00259198 0.00356756 0.00517644 0.00798073 0.00213595 0.000730205 -0.00559568 -0.0113856 0.00629921 -0.000297297 -0.000194805 -0.00514335 -0.00686812 0.0131502 -0.0031377 0.0138568 -0.00100782 -0.00310956 0.00524403 0.00173042 -0.00810464 -0.00493169 -0.010991 0.000193504 -0.00226261 -0.000118694 0.00152034 -0.000611528 -0.0102519 0.00610801 -9.91263e-05 0.000187159 -0.000216934 -0.00162349 0.00167788 0.0102898 0.00376726 -0.000554567 -0.0104493 -0.00122941 0.00236128 -0.00107661 -0.00657099 -0.00150602
internal_weight=3.44966e+06 225281 153381 58904 71900 3.22438e+06 305567 46337 42122 62660 12567 8631 2.91881e+06 27718 17044 94477 56604 544939 10981 27708 15515 8071 7444 28896 5425 270796 2540 37873 9240 13498 8443 3076 3936 856 30164 9105 5768 5555 34771 3257 137574 26356 5055 3360 12193 5325 28624 5360 21059 20170 18554 9709 2739 509 3839 4215 34942 4006 1684 8396 13386 996
internal_count=3449660 225281 153381 58904 71900 3224379 305567 46337 42122 62660 12567 8631 2918812 27718 17044 94477 56604 544939 10981 27708 15515 8071 7444 28896 5425 270796 2540 37873 9240 13498 8443 3076 3936 856 30164 9105 5768 5555 34771 3257 137574 26356 5055 3360 12193 5325 28624 5360 21059 20170 18554 9709 2739 509 3839 4215 34942 4006 1684 8396 13386 996
cat_boundaries=0 4 8 11 15 19 23 26 29 32 36 39 43 47 50 53 56 60 63 67 71 75 78
cat_threshold=656541956 1367936186 2424310112 5 83886080 1350565888 2147483648 4 1745028353 1098907650 268435520 3355509761 2185494528 1091575808 2 689112325 1099434010 1342177344 4 620759040 8388618 64 4 134283265 0 1073741824 2097152 16842768 256 33554432 1074267136 2424307744 27267748 38281245 1858208772 1326 33554432 1073742880 2155874304 36992 68157440 34119680 32 16777216 8388608 0 4 33554432 1073742880 2147483680 134284544 8388608 64 134284544 524288 268435520 0 17367184 2415921152 1 35651844 3088 8390944 35651840 1074266256 2415919136 1 0 2 0 4 1093792 32772 167908380 160 0 65554 268437504
is_linear=0
shrinkage=0.05


Tree=53
num_leaves=63
num_cat=0
split_feature=7 42 8 18 35 41 41 8 7 1 28 35 10 1 38 39 41 8 6 7 42 44 41 3 18 7 38 10 1 7 41 38 9 28 39 3 7 7 18 10 19 35 41 35 39 19 7 41 38 38 7 35 9 39 19 38 32 41 7 26 41 9
split_gain=6319.08 582.855 346.794 241.789 168.228 84.8968 83.712 75.9939 64.3907 43.7472 37.6761 34.9427 33.9402 28.5291 28.4404 35.1714 29.5894 33.5866 31.4594 31.1952 27.8542 27.1838 26.7369 26.5005 31.8566 25.8217 92.5142 25.7212 25.684 22.798 25.986 22.9589 30.4304 22.5287 22.2933 22.5103 22.1524 21.8936 20.0003 18.5424 18.3201 17.5448 17.2658 18.1994 17.2639 94.0403 17.1489 17.1353 16.9632 16.1132 36.0446 16.3089 15.8849 24.1078 20.0733 16.7667 15.852 15.192 15.0007 14.5684 14.5201 14.4674
threshold=1.0000000180025095e-35 0.41248606145381933 1.0000000180025095e-35 6.3875000476837167 3.8500000238418584 -0.47114434838294977 0.72947329282760631 1.0000000180025095e-35 0.45000000298023229 20.750000000000004 0.0098039219155907648 0.25000000745058065 10.708333492279055 7.2000000476837167 7.5000000000000009 0.58499997854232799 0.91037613153457653 0.20416666567325595 1.0000000180025095e-35 4.0499999523162851 0.2269546836614609 0.88522326946258556 -0.52778512239456166 1.0000000180025095e-35 0.35416667163372045 0.15000000223517421 13.500000000000002 71.958332061767592 20.750000000000004 0.55000001192092907 -0.93540480732917775 7.5000000000000009 0.0082167778164150568 0.021568628028035167 0.26199999451637274 1.0000000180025095e-35 0.35000000894069677 0.35000000894069677 26.274999618530277 0.20833333581686023 4.5000000000000009 3.0499999523162846 -0.35206145048141474 7.1499998569488534 0.13900000229477885 2.5000000000000004 0.15000000223517421 0.09796465560793878 16.000000000000004 7.5000000000000009 0.84999999403953563 1.0000000180025095e-35 0.0082167778164150568 0.13900000229477885 2.5000000000000004 7.5000000000000009 0.05172413773834706 -0.47114434838294977 2.1499999761581425 0.026935826987028125 -0.097964655607938753 8.3266726846886753e-17
decision_type=2 2 2 10 2 2 2 2 2 10 2 2 2 10 2 2 2 2 2 2 2 2 2 10 10 2 2 2 10 2 2 2 2 2 2 8 2 2 10 2 2 2 2 2 2 2 2 2 2 2 2 2 2 2 2 2 2 2 2 10 2 2
left_child=4 3 6 5 11 12 10 8 -5 34 49 -1 39 14 16 -16 18 -18 19 21 41 -7 33 24 46 26 44 56 61 30 31 32 -22 -10 -4 -36 -20 -23 40 -2 -24 52 43 -29 45 -12 -17 -48 60 51 -51 -3 53 54 -14 -54 -6 -53 -25 -38 -28 -9
right_child=1 2 9 7 27 13 -8 28 22 -11 25 -13 20 -15 15 23 17 -19 36 -21 29 37 38 58 -26 -27 48 42 -30 -31 -32 -33 -34 -35 35 -37 59 -39 -40 -41 -42 -43 -44 -45 -46 -47 47 -49 -50 50 -52 57 55 -55 -56 -57 -58 -59 -60 -61 -62 -63
leaf_value=0 0.056832050790277533 0 -0.00047076143590462017 4.4383851022244975e-05 0 0.0012692987570629207 0 -0.00082847425021869705 0 0.59669638338024622 0.0004571327776731988 0 0.00064727904641873274 0.28201554811978502 0 7.4146970622880279e-05 0 0.022018952481815388 -0.00028636805192352994 0 6.9382000737906575e-07 0.00079281188835872603 0 -0.00049718139705456563 0 0 0.00059589833468883945 0 0.39790386242479525 0 0 1.6939524977965948e-06 3.1907544434930562e-06 0 -0.00025540381444550119 0.00079748726145404476 0.0015413276692156032 0.059006435138151826 0 0 0.0071369411812574326 0.001000700384583078 0 0 0 0 8.6065111607270985e-06 0.0032178509926751131 -3.418095491975401e-05 4.2169268555763974e-05 0 0 -5.770411155353626e-05 0 -0.00029565416600412018 1.9351408454391747e-05 0 0 0.010382024665204333 0.0067988699010227823 0.00086279716520745731 8.4848936065539749e-05
leaf_weight=2164659 227 3662 5018 3914 6944 8814 9870 721 6580 230 455 754153 1177 207 5768 3567 8469 208 3508 720 371 895 10467 5071 3552 35809 391 58935 200 1215 842 852 624 8185 3101 5338 1932 584 17337 1809 326 2467 174300 57308 5917 1543 1969 7245 777 1899 4436 1162 9117 7711 995 5855 8080 2319 775 416 266 8396
leaf_count=2164659 227 3662 5018 3914 6944 8814 9870 721 6580 230 455 754153 1177 207 5768 3567 8469 208 3508 720 371 895 10467 5071 3552 35809 391 58935 200 1215 842 852 624 8185 3101 5338 1932 584 17337 1809 326 2467 174300 57308 5917 1543 1969 7245 777 1899 4436 1162 9117 7711 995 5855 8080 2319 775 416 266 8396
internal_value=-0.0115635 -0.0034675 -0.00682312 -0.00153996 -0.0121291 0.000111255 -0.00827482 -0.00409837 -0.00491919 0.000442939 -0.00899192 -0.012246 -0.00187376 0.00134078 0.00126909 0.000166834 0.00247495 0.000102282 0.00369539 0.00526991 -0.00146593 0.00597372 -0.00547937 0.0010714 0.0021054 -0.00968433 -0.00734437 -0.0110129 2.5491e-05 0.00248463 0.00505299 0.00837168 0.0135302 -0.00375635 7.33819e-05 0.00164267 0.00073429 0.0122465 -0.00638375 -0.00812868 -0.00469401 -0.00203042 -0.0111172 -0.0106453 -0.00946147 -0.00544294 0.0032695 0.00440905 0.004341 -0.00667198 -0.00483623 -0.00830008 -0.00242959 -0.00398538 0.000667587 -0.00140262 -0.00899561 -0.00584961 -0.00181748 0.00449319 0.0102549 -0.000363332
internal_weight=3.44966e+06 225281 82193 143088 3.22438e+06 86962 68506 56126 46809 13687 58636 2.91881e+06 33262 53700 53493 27947 25546 8677 16869 11013 31226 10293 42895 22179 16333 45158 9349 305567 9317 3904 2689 1847 995 14765 13457 8439 5856 1479 28130 2036 10793 27322 290543 116243 7915 1998 12781 9214 1434 13478 6335 7143 24855 9883 2172 14972 15024 3481 5846 2348 657 9117
internal_count=3449660 225281 82193 143088 3224379 86962 68506 56126 46809 13687 58636 2918812 33262 53700 53493 27947 25546 8677 16869 11013 31226 10293 42895 22179 16333 45158 9349 305567 9317 3904 2689 1847 995 14765 13457 8439 5856 1479 28130 2036 10793 27322 290543 116243 7915 1998 12781 9214 1434 13478 6335 7143 24855 9883 2172 14972 15024 3481 5846 2348 657 9117
is_linear=0
shrinkage=0.05


Tree=54
num_leaves=63
num_cat=19
split_feature=7 0 8 34 0 0 41 34 6 0 18 0 1 7 0 0 7 18 41 34 7 4 41 1 18 34 27 0 10 18 6 7 44 1 44 0 41 0 34 41 2 41 8 0 36 7 0 0 41 18 31 0 0 7 28 0 0 41 0 34 0 43
split_gain=6216.84 741.681 234.199 128.397 150.516 126.424 151.8 128.76 116.087 88.3224 43.5441 39.8118 38.3912 50.5516 37.8551 37.7534 44.9323 44.0659 35.4976 32.7128 31.809 31.1035 29.87 26.9239 26.5606 25.1503 25.0568 24.021 22.6596 25.6374 28.2294 21.6542 21.2939 20.6372 19.8314 19.3847 18.0463 20.8127 17.7853 17.6801 58.5787 34.5423 66.2939 26.4593 26.3656 17.0469 16.7814 16.5816 16.4615 26.7139 22.1684 16.1916 16.1539 19.5514 18.6196 17.0287 16.151 15.9441 30.6479 26.519 15.9048 39.0667
threshold=1.0000000180025095e-35 0 1.0000000180025095e-35 0.25000000745058065 1 2 0.68322628736495983 1.0000000180025095e-35 1.0000000180025095e-35 3 21.550000190734867 4 1.0000000180025095e-35 0.55000001192092907 5 6 0.25000000745058065 23.854166984558109 1.0000000180025095e-35 4.2500000000000009 0.15000000223517421 0.25000000745058065 0.93540480732917797 3.9500000476837163 19.274999618530277 3.6499999761581425 0.028819830156862739 7 10.125000000000002 22.562500000000004 1.0000000180025095e-35 1.6500000357627871 0.83258596062660228 8.5999999046325701 0.86004966497421276 8 1.0000000180025095e-35 9 1.0000000180025095e-35 -0.93540480732917775 1.0000000180025095e-35 -0.97335553169250477 1.0000000180025095e-35 10 9.5000000000000018 0.15000000223517421 11 12 -0.93540480732917775 17.774999618530277 0.05172413773834706 13 14 2.7500000000000004 0.013725490774959328 15 16 0.77259656786918651 17 1.0000000180025095e-35 18 0.71503382921218883
decision_type=2 9 2 2 9 9 2 2 2 9 8 9 10 2 9 9 2 10 2 2 2 10 2 10 10 2 2 9 2 8 2 2 2 10 2 9 2 9 2 2 10 2 2 9 2 2 9 9 2 10 2 9 9 2 2 9 9 2 9 2 9 2
left_child=3 5 9 11 25 12 7 8 18 10 57 -1 13 -2 19 16 -8 31 48 -6 -14 27 28 47 -24 -5 -20 -9 -15 30 -30 38 -28 -22 -32 -25 37 -10 -18 41 -41 -39 43 -43 -42 -17 -38 -4 49 -7 -51 -34 -47 54 60 -55 -31 59 -59 -3 61 -54
right_child=1 2 23 4 14 6 15 21 36 -11 -12 -13 20 22 -16 45 17 -19 26 -21 33 -23 24 35 -26 -27 32 -29 29 56 34 -33 51 -35 -36 -37 46 39 -40 40 44 42 -44 -45 -46 52 -48 -49 -50 50 -52 -53 53 55 -56 -57 -58 58 -60 -61 -62 -63
leaf_value=0 0.00049895470531785145 0 -0.0016569267623276222 0 0 -6.6023613085109496e-05 -0.00027921221627770883 0 -0.00017426231717501608 0 0 0 -7.4994732085437865e-05 0 0 -0.00017077747253265552 0.011398926621983286 -4.5606483944527638e-07 0 0 -5.2800945380461485e-05 0.090192012843427177 9.656458239517153e-06 0.10892255364687996 4.6026812446402783e-06 0 0 3.3629063389225086e-08 0 0 0.0045087631634775022 0.095153833334207863 0.0067976038692250974 0.47313802749840494 0.081004395969563298 -0.00091960831413513417 -8.8970858626019619e-05 -3.6552363470914653e-05 0.0045569036617579854 0 -0.00018304486229471875 3.0312167213184034e-06 -6.5817832980433392e-05 2.8038375056030245e-06 0.0035111725008078205 -4.5606483944527638e-07 0.0027652644730600077 -9.9968846188806676e-06 0 9.1416120157239979e-06 -0.00016899259009797729 0 -0.00011224536016394445 -6.9903745324462551e-08 0.0015144426245001768 1.1429089922425681e-06 4.6026812446402783e-06 0 0.00034013792092502972 0 -0.00020882990024314888 0.0065317997691125562
leaf_weight=442520 10873 7835 2366 53735 177477 2199 1082 12939 3270 34942 9619 2054961 3174 2066 445575 6682 453 402 2194 36171 12249 589 858 1026 591 13940 10276 16871 4955 877 905 1150 571 260 228 990 1827 3976 213 4083 5614 497 1258 323 501 5114 976 4858 15846 224 219 794 348 1266 6268 2685 2098 1919 2431 5914 3240 297
leaf_count=442520 10873 7835 2366 53735 177477 2199 1082 12939 3270 34942 9619 2054961 3174 2066 445575 6682 453 402 2194 36171 12249 589 858 1026 591 13940 10276 16871 4955 877 905 1150 571 260 228 990 1827 3976 213 4083 5614 497 1258 323 501 5114 976 4858 15846 224 219 794 348 1266 6268 2685 2098 1919 2431 5914 3240 297
internal_value=-0.0115681 -0.00353786 -0.00772772 -0.0121291 -0.0115443 -0.00157319 -0.00241331 -0.00348146 -0.00493248 -0.00882461 -0.00670712 -0.0122994 0.000879445 0.00216036 -0.0117753 0.000696918 0.00572508 0.0098174 -0.00684768 -0.01122 -0.00103536 -0.000872973 1.9876e-06 -0.000297619 0.00675466 -0.00929065 -0.00493224 -0.00109779 -0.000877213 0.000199989 -0.001659 0.0131333 -0.00400846 9.89288e-05 0.00546117 0.00481151 -0.00215957 -0.00269824 0.0203078 -0.00196163 -0.00323348 0.000177569 0.00540183 0.0164634 -0.000136958 5.40332e-05 0.00159204 -0.00172342 -0.00828105 -0.00462718 0.00657449 0.00185897 0.000810438 0.00168273 0.00284522 -0.0013003 0.0040042 -0.00526479 -0.00262644 -0.00609953 0.000125483 0.00723282
internal_weight=3.44966e+06 225281 71900 3.22438e+06 726898 153381 114247 85047 54648 62660 27718 2.49748e+06 39134 23451 659223 29200 3300 2218 32323 213648 15683 30399 12578 9240 1449 67675 13835 29810 11129 9063 6088 1816 11641 12509 1133 2016 22325 19522 666 16252 10198 6054 2078 820 6115 25900 2803 7224 18488 2642 443 1365 19218 14104 10153 3951 2975 18099 4350 13749 3885 645
internal_count=3449660 225281 71900 3224379 726898 153381 114247 85047 54648 62660 27718 2497481 39134 23451 659223 29200 3300 2218 32323 213648 15683 30399 12578 9240 1449 67675 13835 29810 11129 9063 6088 1816 11641 12509 1133 2016 22325 19522 666 16252 10198 6054 2078 820 6115 25900 2803 7224 18488 2642 443 1365 19218 14104 10153 3951 2975 18099 4350 13749 3885 645
cat_boundaries=0 4 7 11 15 19 23 26 29 33 36 39 42 46 49 53 56 60 63 64
cat_threshold=656541956 1367936186 2424310112 5 671155457 25690114 268435520 117440512 1350566944 2155872256 4 3355509761 2185494528 1091575808 2 152241412 1099696154 1342177344 4 1099045540 1111498813 1790968836 1294 0 136 288 260 16779274 2336 1346474128 105914372 100671488 290 537001984 65672 2304 4 526354 268435456 536873220 16842776 64 282165776 37151236 1816395785 8 131072 16777232 268435456 536870912 65554 0 1 131328 0 2048 67108864 8388608 0 4 2281766913 0 1073741824 260
is_linear=0
shrinkage=0.05


Tree=55
num_leaves=63
num_cat=19
split_feature=6 0 10 28 0 10 0 42 42 43 1 35 28 0 0 44 0 35 42 0 35 28 0 41 28 0 41 0 8 0 8 0 5 5 2 43 0 1 41 0 5 44 35 0 40 0 28 35 43 28 43 0 28 16 0 1 35 42 8 0 44 28
split_gain=3317.29 824.158 288.903 206.853 173.818 129.894 224.914 147.217 108.318 128.946 97.6708 88.4443 74.8257 73.7367 71.8976 71.2656 84.3201 62.0511 60.615 60.9942 52.6855 51.0002 50.2697 66.6351 39.0041 43.5995 52.5483 37.4451 36.5612 57.6352 53.0072 50.5163 50.3973 38.0931 42.2313 34.1455 31.9282 29.7487 42.5037 28.8448 25.4568 25.3588 24.1751 23.8227 23.5471 23.0664 26.3115 22.0646 21.9846 21.5023 20.6418 39.901 20.5751 20.3659 19.4576 18.8447 18.2304 17.2624 21.1305 18.81 16.8256 23.0767
threshold=1.0000000180025095e-35 0 24.291666984558109 0.044210137799382217 1 23.958333015441898 2 0.35206145048141485 0.35206145048141485 0.48314048349857336 25.650000572204593 4.6499998569488534 0.013725490774959328 3 4 0.29958851635456091 5 1.0000000180025095e-35 0.72947329282760631 6 0.25000000745058065 0.013725490774959328 7 -0.52778512239456166 0.061906902119517333 8 0.72947329282760631 9 0.10416666790843011 10 0.15416666865348819 11 -1.0000000180025095e-35 -1.0000000180025095e-35 3.8500000238418584 0.07411635667085649 12 1.0000000180025095e-35 -0.77259656786918629 13 1.0000000180025095e-35 0.38043944537639623 1.0000000180025095e-35 14 3.3724999427795415 15 0.017647059634327892 5.2500000000000009 0.86975130438804638 0.0058823532890528449 0.67802080512046825 16 0.021568628028035167 3.7500000000000004 17 1.3499999642372134 3.2500000000000004 0.35206145048141485 0.095833335071802153 18 0.86869874596595775 0.0098039219155907648
decision_type=2 9 2 2 9 2 9 2 2 2 8 2 2 9 9 2 9 2 2 9 2 2 9 2 2 9 2 9 2 9 2 9 10 8 8 2 9 10 2 9 10 2 2 9 2 9 2 2 2 2 2 9 2 10 9 10 2 2 2 9 2 2
left_child=1 2 18 4 8 6 7 45 9 12 14 39 15 21 55 16 44 -6 19 -1 24 60 52 -24 -5 26 -26 -13 29 40 32 53 37 -33 -35 -23 56 -30 -39 49 -16 -25 -15 57 -4 46 -3 50 -37 54 -19 -52 -11 -32 -7 -2 -22 58 -31 -59 -10 -62
right_child=10 5 3 20 17 11 -8 -9 13 22 -12 27 -14 42 28 -17 -18 47 -20 -21 36 35 23 41 25 -27 -28 -29 30 43 31 33 -34 34 -36 48 -38 38 -40 -41 -42 -43 -44 -45 -46 -47 -48 -49 -50 -51 51 -53 -54 -55 -56 -57 -58 59 -60 -61 61 -63
leaf_value=0 0 4.3725471824082643e-06 0 0 0 0 0 0 -0.00019288117474915343 0 0.79493072614731863 0 0 0 1.5229353487141315e-06 0 0 0 0 4.3478146004911111e-07 0 0 0 0.00073765692673132964 0 0 0 0 3.0246935035333911e-05 0 0.038113515004978865 -0.001871216585167066 0.00073757326559299871 -8.6299302706732695e-05 0.057165901116169239 7.6874782980983197e-06 0 0.001220691906205046 0.0019372551937880914 0 -0.0016570032289561368 -0.00013900746316160943 0 0 0.0019891832253236541 4.3725471824082643e-06 4.3725471824082643e-06 0 0 0 0 0 0 5.0367127928090241e-05 0 -0.0023658678007648427 0 0 -5.6731354548420627e-05 0 -0.00019288117474915343 0.00042159266040588258
leaf_weight=5710 4144 267 5457 158489 94402 3962 25198 1849 2897 5910 305 76655 33501 29574 17943 16724 6967 52410 3585 5447 24546 3620 3122 7407 10341 16377 6427 138244 244 6208 2657 6387 2121 17089 389 983 43514 411 383 2105395 2454 3403 13844 3321 1119 1970 403 11717 512 404131 5294 6203 1754 1629 24118 1119 11617 2232 2472 2091 582 383
leaf_count=5710 4144 267 5457 158489 94402 3962 25198 1849 2897 5910 305 76655 33501 29574 17943 16724 6967 52410 3585 5447 24546 3620 3122 7407 10341 16377 6427 138244 244 6208 2657 6387 2121 17089 389 983 43514 411 383 2105395 2454 3403 13844 3321 1119 1970 403 11717 512 404131 5294 6203 1754 1629 24118 1119 11617 2232 2472 2091 582 383
internal_value=-0.011565 -0.0117939 -0.0101018 -0.0102779 -0.00939069 -0.012155 -0.00886541 0.0014531 -0.0080674 -0.00696957 -0.0010637 -0.0121906 -0.00810046 -0.00985757 -0.0011812 -0.00629853 -0.00360241 -0.0104618 -0.00318987 -0.00137246 -0.0112844 -0.00570964 -0.0036303 -0.00183618 -0.0117337 -0.0101739 -0.00835916 -0.0112166 -0.000744955 -0.00181538 0.00051022 -0.000178946 0.00665163 -0.00107696 0.000130164 -0.00899071 -0.0102039 0.0156792 0.0203715 -0.012273 -4.22649e-05 2.08141e-05 -0.0107114 -0.00402841 0.000463104 0.00903409 0.0170221 -0.00939517 -0.00263378 -0.0118932 -0.00976086 -0.00784226 -0.00688038 0.00481262 -0.0105556 -0.0068059 -0.00908931 -0.00305752 -0.00177419 -0.00564134 -0.00137882 0.00433938
internal_weight=3.44963e+06 3.37603e+06 593838 579096 307785 2.78219e+06 29687 4489 137759 85364 73599 2.7525e+06 63768 52395 73294 30267 13543 170026 14742 11157 271311 8977 21596 13932 191634 33145 16768 214899 68031 36721 31310 28151 3159 23865 17478 5115 79677 1038 794 2.53761e+06 20397 10810 43418 16324 6576 2640 670 75624 1495 432211 63907 11497 7664 4286 28080 5263 36163 13003 8680 4323 3862 965
internal_count=3449629 3376030 593838 579096 307785 2782192 29687 4489 137759 85364 73599 2752505 63768 52395 73294 30267 13543 170026 14742 11157 271311 8977 21596 13932 191634 33145 16768 214899 68031 36721 31310 28151 3159 23865 17478 5115 79677 1038 794 2537606 20397 10810 43418 16324 6576 2640 670 75624 1495 432211 63907 11497 7664 4286 28080 5263 36163 13003 8680 4323 3862 965
cat_boundaries=0 4 8 12 16 20 23 27 31 34 38 42 46 49 53 57 60 62 64 68
cat_threshold=688063748 1099434010 268435520 4 256 8912922 268435520 4 33556480 2415985824 2155874592 1 0 8388608 0 4 281633296 136696068 1648379403 1544 0 8912898 268435520 134284288 8388616 64 4 0 8388616 0 4 16909568 17303568 268435520 1084496545 38019109 4005696516 1034 656539908 1082656778 2155882560 1 2787153059 1141907648 20459540 33 134415616 25690112 64 1074792481 4522016 1082130692 2 7200 16777777 268501024 36 0 32 2155872256 16778244 16779264 0 262176 7200 0 0 4
is_linear=0
shrinkage=0.05


Tree=56
num_leaves=63
num_cat=0
split_feature=7 42 8 7 34 8 41 1 18 41 7 34 41 7 8 5 40 1 41 38 39 1 7 38 39 36 18 17 41 7 8 1 7 2 38 39 42 38 18 41 40 40 34 7 7 42 4 23 3 38 7 44 8 40 36 44 36 41 29 31 36 40
split_gain=6210.54 548.977 330.536 235.447 128.154 121.108 76.0708 56.5206 54.5337 50.4332 50.3784 48.7934 38.0669 36.6003 52.0268 99.7104 29.2652 28.1389 27.7235 25.5352 28.6723 23.0548 21.6379 121.295 27.4234 115.027 20.9387 20.5114 19.9445 19.3815 47.2718 20.2205 19.2383 20.8667 18.7332 18.4567 16.0493 20.2 15.8223 39.8317 27.1063 36.2887 18.3246 17.3289 21.9453 15.7724 15.2884 15.2064 15.1398 14.5713 14.5593 14.485 14.0674 13.8022 13.1292 13.0701 19.8091 16.1488 12.6301 12.4964 13.6466 12.0268
threshold=1.0000000180025095e-35 0.41248606145381933 1.0000000180025095e-35 0.94999998807907116 0.25000000745058065 0.14583333581686023 0.72947329282760631 1.0000000180025095e-35 26.274999618530277 -0.97335553169250477 0.15000000223517421 4.2500000000000009 -0.16280825436115262 0.15000000223517421 0.16250000149011615 -1.0000000180025095e-35 2.6054999828338627 20.300000190734867 -0.77259656786918629 7.5000000000000009 0.38899999856948858 19.750000000000004 0.15000000223517421 13.500000000000002 0.13900000229477885 4.5000000000000009 15.050000190734865 6.1833331584930429 -0.52778512239456166 0.55000001192092907 0.59583333134651195 0.55000001192092907 0.25000000745058065 1.0000000180025095e-35 16.000000000000004 0.26199999451637274 -0.68322628736495961 16.000000000000004 0.35416667163372045 -0.41248606145381922 2.3645000457763676 1.0000000180025095e-35 0.55000001192092907 7.4500000476837167 2.0499999523162846 0.72947329282760631 0.35000000894069677 0.31821499764919287 1.0000000180025095e-35 13.500000000000002 2.8500000238418584 -0.18493013828992841 6.558333396911622 2.7389999628067021 11.500000000000002 0.65720760822296154 9.5000000000000018 0.88144907355308544 2.1572744846343999 0.05172413773834706 15.000000000000002 2.3645000457763676
decision_type=2 2 2 2 2 2 2 10 10 2 2 2 2 2 2 10 2 10 2 2 2 10 2 2 2 2 10 10 2 2 2 10 2 10 2 2 2 2 10 2 2 2 2 2 2 2 10 10 8 2 2 2 2 2 2 2 2 2 2 2 2 2
left_child=4 3 6 7 -1 8 22 9 16 19 -11 -6 21 -9 15 18 38 35 -15 -2 -21 -7 23 24 25 -3 36 52 53 -16 31 -31 -17 -34 51 46 37 -12 39 -5 41 43 -40 44 -41 -24 -4 61 -37 -22 -42 -25 -14 59 -8 56 57 -46 -57 60 -10 -13
right_child=1 2 17 5 11 12 54 13 28 10 26 47 27 14 29 32 -18 -19 -20 20 49 -23 45 34 -26 -27 -28 -29 -30 30 -32 -33 33 -35 -36 48 -38 -39 42 40 50 -43 -44 -45 55 -47 -48 -49 -50 -51 -52 -53 -54 -55 -56 58 -58 -59 -60 -61 -62 -63
leaf_value=0 -6.0497504614441731e-05 0 -0.00047895677484707105 0 0 -0.00167737027613728 0 -0.00027250832486371056 0 2.6073942140696759e-06 0.0024739184488699844 0 0.012706482827908306 0.0011540983369353497 -0.00085935581064287185 -0.00059912292818675337 0 0.46977705245132867 0.0018070598976186896 0.00076109500769750099 -7.9461767372244311e-05 0.37793993974971041 0 0.00071580111294881833 0 0.00041106837111199519 -0.0001056873023715016 -0.0022504796695606609 0 0.00070011619533736085 -0.0041310967028802131 0.0030880247233716798 -0.00038400944134622876 0.0021276245090636344 3.6653953507288787e-05 -0.00019239102537944413 0.00050955250290486806 0.00049997328427294537 0 -0.0044816387514428294 -0.01280959403937409 -0.00039554157493773751 0 -0.00016352371205381484 0.071335016127230214 0 0.11107607990786393 0 0.00061034108249665711 0.0001747846005146303 0.10944094775735083 0.000515918240286759 0.18070999748135774 0 0 0.057073718247296013 -0.0076725389705979835 -2.3153802895467877e-05 0.083494169560086109 0 0 0
leaf_weight=2498433 3158 2434 4687 3862 603187 6681 8745 5062 3712 20649 5009 65075 3467 500 7344 3878 6292 226 399 444 1067 206 10279 442 7882 836 1860 1001 17205 1783 886 261 1110 1520 981 3079 11447 1852 12995 854 205 1107 6423 642 822 35297 299 6629 5331 1128 1036 348 219 2030 1139 472 434 663 412 2643 302 51258
leaf_count=2498433 3158 2434 4687 3862 603187 6681 8745 5062 3712 20649 5009 65075 3467 500 7344 3878 6292 226 399 444 1067 206 10279 442 7882 836 1860 1001 17205 1783 886 261 1110 1520 981 3079 11447 1852 12995 854 205 1107 6423 642 822 35297 299 6629 5331 1128 1036 348 219 2030 1139 472 434 663 412 2643 302 51258
internal_value=-0.0115676 -0.00353698 -0.00679852 -0.00166717 -0.0121281 -0.00363524 -0.00821531 0.000423714 -0.00451027 0.00142071 0.00204051 -0.0115434 0.00106057 -0.00161973 -0.000546491 0.00264783 -0.00325761 0.000313831 0.0182564 -0.00294333 0.000686813 -0.00130499 -0.00890079 -0.00709491 -0.00902529 -0.00517584 0.00381793 0.00453648 -0.00626255 -0.00284943 0.000588737 0.00477006 0.000491703 0.00379278 0.0050607 1.86623e-05 0.00433144 0.00624362 -0.00260592 -0.00104315 0.00130322 -0.0002266 -0.00345169 0.00185217 0.00318225 -0.00941285 -0.0023917 -0.0106356 0.00144768 -0.00165718 0.00796737 0.0107911 0.00626017 -0.0043096 -0.00415824 0.00532019 0.00300287 0.00574916 0.0103507 -0.00320903 -0.00145117 -0.0107683
internal_weight=3.44963e+06 225047 82005 143042 3.22458e+06 73685 68383 69357 62111 46614 40817 726149 11574 22743 17681 7407 36219 13622 899 5797 2639 6887 58499 12923 11152 3270 20168 4687 25892 10274 2930 2044 6508 2630 1771 13396 18308 6861 29927 10509 6647 5406 19418 4299 3657 45576 4986 122962 8410 2195 1241 790 3686 8687 9884 2803 1919 1485 884 6657 4014 116333
internal_count=3449629 225047 82005 143042 3224582 73685 68383 69357 62111 46614 40817 726149 11574 22743 17681 7407 36219 13622 899 5797 2639 6887 58499 12923 11152 3270 20168 4687 25892 10274 2930 2044 6508 2630 1771 13396 18308 6861 29927 10509 6647 5406 19418 4299 3657 45576 4986 122962 8410 2195 1241 790 3686 8687 9884 2803 1919 1485 884 6657 4014 116333
is_linear=0
shrinkage=0.05


Tree=57
num_leaves=63
num_cat=19
split_feature=7 0 42 0 8 35 0 0 6 7 1 0 42 0 42 18 0 35 42 18 28 1 0 0 33 42 0 35 7 1 0 7 9 0 1 2 0 0 1 32 2 42 18 0 28 44 44 0 7 1 8 42 0 35 35 35 23 0 0 43 44 28
split_gain=6074.45 721.994 553.772 377.244 242.427 165.525 128.846 80.2557 76.8334 66.3476 99.9214 66.308 61.916 67.7366 56.5382 56.7592 51.8678 44.4616 31.7983 45.1608 31.2702 31.2475 29.935 29.8324 28.3356 27.9219 27.6866 35.1132 27.573 25.3776 24.6115 23.9943 23.8012 20.8932 20.0876 19.6082 18.0215 17.4503 17.3536 15.4524 15.2153 14.6893 15.4331 18.9551 14.0887 24.6895 17.2227 13.9705 13.655 13.3038 22.0035 16.297 12.9104 12.7941 12.761 12.3231 12.1174 12.0108 11.866 11.7308 15.9878 11.6799
threshold=1.0000000180025095e-35 0 0.63405361771583568 1 1.0000000180025095e-35 3.8500000238418584 2 3 0.15000000223517421 1.6500000357627871 1.0000000180025095e-35 4 0.35206145048141485 5 0.47114434838294988 21.550000190734867 6 0.25000000745058065 -0.47114434838294977 22.062500000000004 0.021568628028035167 1.0000000180025095e-35 7 8 1.0000000180025095e-35 0.72947329282760631 9 2.2500000000000004 0.35000000894069677 1.0000000180025095e-35 10 0.55000001192092907 8.3266726846886753e-17 11 1.4499999880790713 0.94999998807907116 12 13 7.5499999523162851 1.0000000180025095e-35 1.0000000180025095e-35 -0.68322628736495961 2.4500000476837163 14 0.017647059634327892 0.60383266210556041 -0.99052476882934559 15 0.55000001192092907 0.15000000223517421 0.10416666790843011 -0.2901292592287063 16 10.550000190734865 0.25000000745058065 0.75000000000000011 0.33437500894069677 17 18 -0.30163703858852381 -0.71502926945686329 0.017647059634327892
decision_type=2 9 2 9 2 2 9 9 2 2 10 9 2 9 2 10 9 2 2 10 2 8 9 9 2 2 9 2 2 10 9 2 2 9 10 10 9 9 10 2 8 2 8 9 2 2 2 9 2 10 2 2 9 2 2 2 10 9 9 2 2 2
left_child=5 2 12 9 7 11 36 14 25 10 39 17 16 -14 15 26 29 -1 21 58 -21 24 56 34 37 57 27 -3 -15 44 -6 -23 -31 -19 -10 61 53 48 49 -4 -12 42 43 -39 45 -2 -46 -9 -18 50 -34 -52 -22 -7 -27 -13 -8 -5 -20 60 -55 -11
right_child=1 4 3 8 30 6 22 47 23 35 40 55 13 28 -16 -17 18 33 19 20 52 31 -24 -25 -26 54 -28 -29 -30 32 -32 -33 38 -35 -36 -37 -38 41 -40 -41 -42 -43 -44 -45 46 -47 -48 -49 -50 -51 51 -53 -54 59 -56 -57 -58 -59 -60 -61 -62 -63
leaf_value=0 0.00043627119917625975 0 0.00032176123084710179 2.280324197226382e-08 0.066766511792073976 0 0 0 -7.6146767435706577e-08 0 -0.0021695187428229647 0 0.00010169310114036543 0 0 0 0.0013989742348884744 0 4.3957193042594049e-05 3.8513630317655523e-07 4.1539198232878512e-06 -0.00028772330798400167 0 0.00049256441937516602 4.1539198232878512e-06 0 0 0.093883517958434554 0 -0.00022576835649267893 -0.00036319883964556717 0.0026258935878826495 -0.00027314875074837749 0 0.092048431530905431 0.048925354930638681 0 0.007940340467335872 0.15853429365517169 0.00072565630929372288 0.00016220586015340543 0.00061820712240012114 4.1539198232878512e-06 0.002283275610878638 0.0010513622463290296 -7.7286712177761078e-05 -5.1321028905740476e-07 0 0 -0.0010347289791773698 0.00084562734106468924 0.0018024729796583486 1.8081551941824289e-06 0.18999999761581421 -1.6814531694612545e-09 0 0 0 -2.4588451047786288e-05 0 0 0
leaf_weight=426244 15639 4082 999 481 1206 10646 83034 20094 2176 1022 363 1983907 4200 5739 10136 6238 2086 40664 3014 1614 726 6653 183830 1597 8257 20138 5801 1469 6007 3217 7992 3519 3143 103200 216 453 21335 1237 230 1526 3617 2263 1391 2965 694 4287 6703 14727 1987 5216 799 284 1040 331 5390 365783 3076 3776 17553 935 1597 1085
leaf_count=426244 15639 4082 999 481 1206 10646 83034 20094 2176 1022 363 1983907 4200 5739 10136 6238 2086 40664 3014 1614 726 6653 183830 1597 8257 20138 5801 1469 6007 3217 7992 3519 3143 103200 216 453 21335 1237 230 1526 3617 2263 1391 2965 694 4287 6703 14727 1987 5216 799 284 1040 331 5390 365783 3076 3776 17553 935 1597 1085
internal_value=-0.0115738 -0.00363163 -0.00169377 -0.00651947 -0.00777106 -0.0121281 -0.0110193 -0.00888672 -0.00894876 0.00253857 0.00522483 -0.0122438 0.000177548 -0.00270444 -0.00686923 -0.00515776 0.000663769 -0.0117556 0.0016715 0.000309538 0.00566568 0.00274639 -0.0113893 -0.00243482 0.00388512 -0.00982416 -0.00305233 -0.00557229 -0.00465082 -0.00069738 -0.000192977 0.00048663 -0.00252638 -0.0109958 -0.00595337 -0.00427734 -0.00814684 0.00544367 -0.00128722 0.013005 0.000288945 0.00682049 0.00820445 0.00971561 0.000165154 0.000856921 -0.00169832 -0.0104881 0.00276451 -0.00161777 0.000467345 0.00661357 0.0102633 -0.00669521 -0.0104493 -0.0123621 -0.0106064 -0.00607529 -0.000570696 -0.00373297 -0.00150415 -0.00630636
internal_weight=3.44963e+06 225047 153302 42839 71745 3.22458e+06 304784 62547 33774 9065 6505 2.9198e+06 110463 15946 27726 17590 94517 570108 54305 23947 3380 30358 269940 3989 20186 29785 11352 5551 11746 40212 9198 10172 12889 143864 2392 2560 34844 11929 9672 2525 3980 7856 5593 4202 27323 19926 7397 34821 4073 9442 4226 1083 1766 13509 25528 2.34969e+06 86110 4257 20567 2863 1928 2107
internal_count=3449629 225047 153302 42839 71745 3224582 304784 62547 33774 9065 6505 2919798 110463 15946 27726 17590 94517 570108 54305 23947 3380 30358 269940 3989 20186 29785 11352 5551 11746 40212 9198 10172 12889 143864 2392 2560 34844 11929 9672 2525 3980 7856 5593 4202 27323 19926 7397 34821 4073 9442 4226 1083 1766 13509 25528 2349690 86110 4257 20567 2863 1928 2107
cat_boundaries=0 4 8 11 15 19 23 27 31 35 38 42 45 48 52 54 58 61 64 66
cat_threshold=656541956 1367936186 2424310112 5 83886080 1350565888 2147483648 4 1745028353 1098907650 268435520 3355509761 2185494528 1091575808 2 689112325 1099434042 1342177344 4 553648128 8454152 0 4 553650176 276889642 64 4 28054180 38281245 1874854916 1038 2097408 17369114 268437504 1 134283265 0 1073741824 2147520641 67108928 3694592 32 134284544 524288 268435520 134284544 8388608 64 67240192 1073744000 32 1 2097152 16777232 9474272 32773 704844829 160 33554432 1090519056 2155874304 536870912 65576 32 102891520 3072
is_linear=0
shrinkage=0.05


Tree=58
num_leaves=63
num_cat=18
split_feature=6 0 10 28 10 0 0 35 42 1 8 0 0 0 42 28 44 28 0 41 28 28 0 45 44 0 41 35 35 42 41 28 0 44 0 0 35 0 0 35 0 30 19 0 44 19 48 36 34 41 35 0 49 44 28 28 35 42 0 42 34 35
split_gain=3166.91 846.984 247.139 228.19 187.09 237.041 121.35 108.354 89.0878 82.4113 71.0317 89.2149 66.2552 65.3964 64.0753 58.1639 58.978 52.5008 58.0863 52.6921 49.8329 49.1159 46.3307 45.4568 48.527 44.7824 44.2412 41.9544 40.9859 40.4811 49.0789 39.6488 39.2965 38.4376 43.5742 32.4445 30.957 29.8715 27.3782 26.8085 26.4494 24.2229 23.4587 23.0098 22.5632 33.5977 30.2695 22.5398 26.4175 26.8007 22.2818 21.551 21.5387 21.0156 23.7998 24.4644 20.7955 22.2241 20.6742 25.009 19.8751 18.4445
threshold=1.0000000180025095e-35 0 23.958333015441898 0.044210137799382217 24.625000000000004 1 2 1.4499999880790713 0.35206145048141485 25.650000572204593 1.0000000180025095e-35 3 4 5 0.35206145048141485 0.017647059634327892 0.57605713605880748 0.058037718757987029 6 0.72947329282760631 0.013725490774959328 0.013725490774959328 7 1.0000000180025095e-35 0.26659387350082403 8 -0.68322628736495961 1.0000000180025095e-35 0.45000000298023229 0.47114434838294988 -0.22695468366146085 0.0098039219155907648 9 -0.37446588277816767 10 11 2.0499999523162846 12 13 6.8500001430511483 14 0.05254629626870156 2.5000000000000004 15 -0.30164489150047297 4.5000000000000009 0.38127338886260992 8.5000000000000018 0.75000000000000011 -0.52778512239456166 0.25000000745058065 16 0.70833331346511852 0.48877522349357611 0.013725490774959328 0.021568628028035167 0.25000000745058065 0.68322628736495983 17 0.35206145048141485 0.35000000894069677 5.5499999523162851
decision_type=2 9 2 2 2 9 9 2 2 10 2 9 9 9 2 2 2 2 9 2 2 2 9 2 2 9 2 2 2 2 2 2 9 2 9 9 2 9 9 2 9 2 2 9 2 2 2 2 2 2 2 9 2 2 2 2 2 2 9 2 2 2
left_child=1 2 35 6 5 14 8 40 15 10 11 58 39 20 47 16 21 28 -19 -20 -10 22 26 24 42 -12 -4 -15 -5 30 61 -18 -30 -23 -35 -1 -27 41 -38 -9 -6 53 -24 -31 45 -17 -47 -3 49 -49 -16 -7 -29 54 -32 -56 57 -37 -2 -60 -25 -8
right_child=9 4 3 17 7 51 29 12 13 -11 25 -13 -14 27 50 44 31 18 19 -21 -22 33 23 60 -26 36 -28 52 32 43 37 -33 -34 34 -36 56 38 -39 -40 -41 -42 -43 -44 -45 -46 46 -48 48 -50 -51 -52 -53 -54 -55 55 -57 -58 -59 59 -61 -62 -63
leaf_value=0 3.8073383717853293e-09 -2.8623187685727084e-07 0 0 0 0 0 0 -0.00013130664973854298 0.73167070899641762 0.038103938667763938 0 0 0 0 0 0 0 0 0 0 0 0.0032236400460845058 0 0 -0.00016022753826020475 0.00056977001654913331 0 0 0 0 0 0 0 0.00062326006186816667 2.7790719204111017e-07 -0.00081029963749666288 0 0.0019183407496424481 0 0 0 -0.0015205205936310048 0 0 0.0081824212033445205 0 9.2743611694560539e-07 -1.4464134107875392e-07 4.4156699329784295e-06 8.4072658473062728e-11 0 8.4072658473062728e-11 0 0.0022733201543219147 0 8.4072658473062728e-11 0 0 -7.2339429063921253e-08 0 0
leaf_weight=5542 4186 1188 1959 134879 270356 11716 34993 115247 3862 304 3046 6980 354531 25346 1630 8379 8301 17918 17147 9839 5118 10438 663 5338 703 41641 7608 11693 5873 4813 840 8546 40282 1430 2380 1079 2527 31146 6876 40464 2068435 14968 248 40511 16406 253 293 509 759 1396 907 16746 201 1843 1165 315 3054 691 5159 2880 2957 3126
leaf_count=5542 4186 1188 1959 134879 270356 11716 34993 115247 3862 304 3046 6980 354531 25346 1630 8379 8301 17918 17147 9839 5118 10438 663 5338 703 41641 7608 11693 5873 4813 840 8546 40282 1430 2380 1079 2527 31146 6876 40464 2068435 14968 248 40511 16406 253 293 509 759 1396 907 16746 201 1843 1165 315 3054 691 5159 2880 2957 3126
internal_value=-0.0115688 -0.0117925 -0.00987405 -0.0100386 -0.0121198 -0.00847859 -0.00901601 -0.0121644 -0.00787283 -0.00130827 -0.00141602 -0.00402825 -0.0115042 -0.00960407 0.000232458 -0.00681965 -0.00584006 -0.0111965 -0.00966618 -0.00818732 -0.00575083 -0.0046332 -0.00300113 -0.00539495 0.00227695 -0.000488538 -0.000515558 -0.0105289 -0.0115761 -0.0100587 -0.00943651 -0.00825592 -0.0102901 -0.00686412 -0.00256562 -0.00223567 -0.000840287 -0.00841065 0.00175077 -0.0106372 -0.0123084 -0.00683807 0.00989297 -0.0112744 -0.00877531 -0.0067521 0.00526557 0.00429647 0.0068506 0.00999344 -0.00593713 -0.0104304 -0.00808181 -0.00346805 -0.000301724 0.00351351 0.000765412 -0.0035452 -0.00144769 -0.00293049 -0.00689421 -0.0107896
internal_weight=3.44963e+06 3.37603e+06 492146 481780 2.88388e+06 34851 255842 2.84903e+06 122122 73599 73295 19205 510242 46220 6389 75902 50571 225938 44904 26986 8980 33724 19476 9909 1614 54090 9567 37240 181034 133720 88396 16847 46155 14248 3810 10366 51044 50277 9403 155711 2.33879e+06 19131 911 45324 25331 8925 546 3852 2664 1905 2537 28462 11894 4163 2320 1480 4824 1770 12225 8039 8295 38119
internal_count=3449629 3376030 492146 481780 2883884 34851 255842 2849033 122122 73599 73295 19205 510242 46220 6389 75902 50571 225938 44904 26986 8980 33724 19476 9909 1614 54090 9567 37240 181034 133720 88396 16847 46155 14248 3810 10366 51044 50277 9403 155711 2338791 19131 911 45324 25331 8925 546 3852 2664 1905 2537 28462 11894 4163 2320 1480 4824 1770 12225 8039 8295 38119
cat_boundaries=0 4 8 12 16 20 24 28 31 35 36 40 44 46 50 53 54 58 62
cat_threshold=151127300 25692186 268435520 4 570427392 3489662112 2155874592 1 256 8912914 268435520 4 656546084 1099434521 2424383584 37 1621170337 1111760933 1790968836 1026 0 8388608 0 4 134217732 8388618 0 4 0 524290 268435520 102797441 1140859520 18358784 33 134217984 256 0 0 4 134218752 8388632 64 4 4 16777224 1488978484 38063161 1780764961 8 537987072 1074069536 1073742080 16777216 1085354017 35749893 1124073501 2 50464768 8388632 2147493888 1
is_linear=0
shrinkage=0.05


Tree=59
num_leaves=63
num_cat=24
split_feature=7 0 42 0 8 35 35 0 9 41 7 0 7 1 0 0 0 0 41 31 35 42 18 42 9 8 0 35 0 43 0 0 2 28 41 18 7 0 0 28 0 0 0 0 41 7 1 9 37 0 0 44 7 34 0 0 38 41 0 42 0 1
split_gain=6261.27 756.312 363.178 319.46 214.415 178.426 165.923 129.087 108.363 112.784 81.5029 80.6342 74.6638 107.151 68.4141 66.2365 60.6287 56.0463 71.1012 54.4864 44.594 43.6838 56.9067 40.6786 41.1866 34.214 32.9832 36.8847 29.8785 28.5472 44.0876 33.529 25.3351 25.3119 23.0425 23.0971 21.6219 21.5421 20.8469 20.1446 19.498 19.2167 17.9867 17.912 17.8109 17.5416 17.0756 23.5533 17.0721 16.9578 16.9393 16.4272 15.9212 19.6556 27.3801 15.1827 15.0881 14.7499 23.8143 14.6992 27.4823 14.6938
threshold=1.0000000180025095e-35 0 0.35206145048141485 1 1.0000000180025095e-35 0.15000000223517421 3.8500000238418584 2 2.0816681711721688e-17 0.68322628736495983 0.45000000298023229 3 1.6500000357627871 1.0000000180025095e-35 4 5 6 7 -0.22695468366146085 1.0000000180025095e-35 0.25000000745058065 0.52778512239456188 21.550000190734867 0.72947329282760631 1.0000000180025095e-35 1.0000000180025095e-35 8 2.2500000000000004 9 0.2603727281093598 10 11 1.0000000180025095e-35 0.017647059634327892 0.09796465560793878 9.5500001907348651 32.549999237060554 12 13 0.049337463453412063 14 15 16 17 -0.35206145048141474 0.25000000745058065 1.0000000180025095e-35 8.3266726846886753e-17 2.3514999151229863 18 19 0.85114607214927684 2.4500000476837163 0.25000000745058065 20 21 13.500000000000002 -0.47114434838294977 22 -0.22695468366146085 23 4.6499998569488534
decision_type=2 9 2 9 2 2 2 9 2 2 2 9 2 10 9 9 9 9 2 2 2 2 10 2 2 2 9 2 9 2 9 9 8 2 2 10 2 9 9 2 9 9 9 9 2 2 10 2 2 9 9 2 2 2 9 9 2 2 9 2 9 10
left_child=6 2 17 12 11 8 15 43 9 -5 57 21 13 44 25 20 23 46 19 -19 -1 22 26 -12 33 41 27 -3 -9 30 48 39 -15 -25 35 -28 55 45 -22 -31 -16 -10 -21 -8 -4 -11 52 -48 -20 -18 -37 56 53 -2 -55 -6 -34 58 -7 -33 -61 -49
right_child=1 4 3 5 36 10 7 28 14 37 16 -13 -14 32 40 -17 49 18 29 42 38 -23 -24 24 -26 -27 34 -29 -30 31 -32 59 51 -35 -36 50 -38 -39 -40 -41 -42 -43 -44 -45 -46 -47 47 61 -50 -51 -52 -53 -54 54 -56 -57 -58 -59 -60 60 -62 -63
leaf_value=0 -1.9343058248047479e-05 0 0.00038567129962533022 0 -0.0015445436778892411 5.6987297367472735e-08 0 0 7.4243098249813917e-09 -0.00032763738189150429 3.4951872662231279e-09 0 0 -0.0024002204482764483 -7.2529795982510519e-08 0 -1.5973805109881919e-09 1.8797808976388689e-06 -2.0769599116439258e-07 -0.0053915337348080577 0 0 0 8.4072658473062728e-11 -6.8722457610725196e-08 0.00058086682856915988 -8.0084067212547052e-05 0.073697052690801609 0 0.10888496036227141 0.00076008149498733098 0.0014194397562781375 -0.00041962470485742352 8.4072658473062728e-11 0.00048220456764097586 0 0.31575734003879163 -0.0001154129549887492 0 3.9555743977065509e-06 -1.9036691858926649e-10 8.6367787243965084e-06 -1.4964580531719665e-06 0 0.00066541800487641663 0.0036356753636998178 -0.00020646856175503479 -0.00048785806032055506 -6.5425813773879897e-07 7.9869025549409593e-11 3.7480836813033438e-06 0.0014746481247589359 -6.5044635362805212e-07 0.0020162485771315058 -7.835002455528495e-05 2.0748617215438083e-05 0.00031939606110436284 -0.00023009165595042834 -8.1632502980755699e-06 -0.0007602001580622646 0.0017159130584877666 0.10546731058007586
leaf_weight=426244 14815 5081 1590 23221 2146 512 13509 86110 440 728 694 31587 1713 533 2005 2349690 1037 1161 4124 749 40664 10578 7601 277 275 1069 2147 1670 183830 1034 8545 11093 1073 501 3246 368 315 3992 103200 353 2413 236 22580 21335 1826 835 3217 9328 532 5522 269 675 7497 2978 2016 6737 3156 3567 895 1924 2227 344
leaf_count=426244 14815 5081 1590 23221 2146 512 13509 86110 440 728 694 31587 1713 533 2005 2349690 1037 1161 4124 749 40664 10578 7601 277 275 1069 2147 1670 183830 1034 8545 11093 1073 501 3246 368 315 3992 103200 353 2413 236 22580 21335 1826 835 3217 9328 532 5522 269 675 7497 2978 2016 6737 3156 3567 895 1924 2227 344
internal_value=-0.011565 -0.00350166 -0.00151831 -0.00460428 -0.00773831 -0.00632892 -0.0121278 -0.0110176 -0.00820537 -0.00949402 -0.00139684 -0.00878759 0.00326919 0.00512115 -0.00218846 -0.0122436 0.00163436 0.000400854 0.00144804 -0.000548183 -0.0117557 -0.0069648 -0.00561402 0.0098819 0.0161325 0.00617521 -0.0035766 -0.0059736 -0.011388 0.00308729 0.00135122 0.00446531 0.00076099 0.0220116 -0.000881623 -0.00422055 -0.000611546 -0.00309406 -0.0109948 0.0118916 -0.00549345 0.0150148 -0.00107431 -0.00814254 0.0120609 0.00188334 -0.00101449 -0.00251474 -0.00256108 -0.000576572 0.0041405 0.00188622 -0.000306709 0.000436039 0.00314878 -0.00106805 0.000730078 -0.00645858 -0.00212331 0.00377934 0.00124368 -0.00128205
internal_weight=3.44963e+06 225047 153302 58785 71745 48219 3.22458e+06 304784 34939 28776 13280 62547 10566 8853 6163 2.9198e+06 8306 94517 54322 24490 570108 30960 20382 1747 1053 1745 12781 6751 269940 29832 13201 16631 5437 778 6030 2784 9198 5555 143864 1387 4418 676 23329 34844 3416 1563 40195 12889 4656 6559 637 4904 27306 19809 4994 8883 4229 4974 1407 15244 4151 9672
internal_count=3449629 225047 153302 58785 71745 48219 3224582 304784 34939 28776 13280 62547 10566 8853 6163 2919798 8306 94517 54322 24490 570108 30960 20382 1747 1053 1745 12781 6751 269940 29832 13201 16631 5437 778 6030 2784 9198 5555 143864 1387 4418 676 23329 34844 3416 1563 40195 12889 4656 6559 637 4904 27306 19809 4994 8883 4229 4974 1407 15244 4151 9672
cat_boundaries=0 4 8 11 15 18 22 25 29 33 37 41 44 48 51 54 57 60 63 67 69 73 77 79 82
cat_threshold=656541956 1367936186 2424310112 5 16777216 8388608 0 4 1745028353 1098907650 268435520 3355509793 2185494529 1091575808 34 637665280 1073742856 268435456 689112325 1099434042 1342177344 4 260 16779266 2080 553650176 8454186 64 4 134283297 1 1073741824 32 28054180 38281245 1874854916 1038 2228484 16777344 2080 1 2097152 128 8388864 35651840 170 32 1 134284544 524288 268435520 2097412 591874 2112 0 8 268435456 0 0 256 134284544 8388608 64 102760448 144 0 1 1024 37748736 16777216 8388608 64 4 2428518928 38064704 1667252747 8 131072 524426 0 1074266128 268437504
is_linear=0
shrinkage=0.05


Tree=60
num_leaves=63
num_cat=20
split_feature=7 0 42 0 35 8 35 0 0 9 0 7 0 7 9 35 41 0 0 6 18 42 18 42 0 41 0 35 35 0 41 18 9 7 41 7 0 31 0 34 42 7 0 0 0 0 5 7 2 42 0 0 7 7 48 41 9 34 0 41 7 32
split_gain=6234.58 712.685 324.29 308.896 212.049 209.768 164.091 128.764 76.3365 69.2614 66.9596 66.0099 113.138 55.0713 74.414 40.3332 40.1127 94.7056 93.195 37.4868 34.8557 38.8442 33.9783 41.0717 48.1909 33.6874 33.4888 31.038 29.9877 29.406 25.0824 24.3452 29.9974 24.1726 24.0415 22.2784 26.5704 21.1851 24.8843 21.042 20.2599 20.0405 19.9245 19.6437 18.9508 18.5105 18.4695 27.036 22.573 17.7789 33.8802 27.4102 24.2325 20.4726 18.2723 18.2781 17.7368 22.1056 18.6204 27.3452 17.5491 20.774
threshold=1.0000000180025095e-35 0 0.63405361771583568 1 0.25000000745058065 0.10416666790843011 3.8500000238418584 2 3 8.3266726846886753e-17 4 1.6500000357627871 5 1.6500000357627871 1.0000000180025095e-35 0.25000000745058065 -0.68322628736495961 6 7 1.0000000180025095e-35 24.550000190734867 0.35206145048141485 21.854166984558109 0.52778512239456188 8 -0.2901292592287063 9 2.2500000000000004 3.8500000238418584 10 0.16280825436115268 22.774999618530277 0.0082167778164150568 2.2500000000000004 0.68322628736495983 0.25000000745058065 11 0.05172413773834706 12 1.0000000180025095e-35 0.29012925922870642 32.750000000000007 13 14 15 16 1.0000000180025095e-35 6.3500001430511483 1.0000000180025095e-35 -0.16280825436115262 17 18 0.25000000745058065 0.94999998807907116 0.97004273533821117 0.84874749183654796 0.0082167778164150568 2.1499999761581425 19 -0.097964655607938753 0.45000000298023229 1.0000000180025095e-35
decision_type=2 9 2 9 2 2 2 9 9 2 9 2 9 2 2 2 2 9 9 2 10 2 10 2 9 2 9 2 2 9 2 10 2 2 2 2 9 2 9 2 2 2 9 9 9 9 10 2 10 2 9 9 2 2 2 2 2 2 9 2 2 2
left_child=6 2 16 13 9 8 10 45 22 34 15 25 19 14 60 -1 18 56 28 -13 21 26 23 24 -3 -6 30 -26 42 -9 -19 32 -20 -32 -5 -23 -37 38 -33 -14 -40 -7 -2 -11 -17 -8 47 49 -48 50 53 -51 -52 -28 55 -54 -18 58 59 -58 61 -4
right_child=1 5 3 4 11 41 7 29 -10 43 -12 12 39 -15 -16 44 17 20 31 -21 -22 35 -24 -25 27 -27 46 -29 -30 -31 33 37 -34 -35 -36 36 -38 -39 40 -41 -42 -43 -44 -45 -46 -47 48 -49 -50 51 52 -53 54 -55 -56 -57 57 -59 -60 -61 -62 -63
leaf_value=0 0.00028159715405796649 2.4797389619404632e-06 0.00026703163174618963 0 4.2354983196248174e-09 -0.00019668213474705794 0 0 0 2.3229794724499114e-09 0 7.9869025549409593e-11 8.0079207195592243e-11 0 0.00013052041401768571 0 -8.959865984661115e-06 0.004614089018065543 -3.5634432604511068e-08 1.0860432705517652e-08 -1.9731119160617295e-07 -0.00038266762150388574 0 0 0 -0.00017104625280055241 0.00045106332504245218 0 0.0043275198832434065 0 -0.001469336917608423 0 -1.0735067071268026e-06 0.10965278428487216 -0.00014603376122123882 -0.00032121513736092355 0.00053011699984565328 -1.6015841439118449e-09 2.5119083996062148e-06 -3.99345127747048e-12 0 0.48545384793973023 0 -6.8903306183384992e-08 0 0 -0.0012587997462534006 -0.00014229837264979968 0.00083171448679031932 0.0045958285344589967 0.00064018928672739052 -4.5806660964464382e-05 0.0044588288364359576 -6.9328159642315939e-07 -0.0004440275273005924 0.0013917914456910126 0.0012850874633444226 0.0052770464166624993 0.00050620256476544901 -0.00060786408302268894 -0.00011140497178816905 0.00066099285130712679
leaf_weight=384933 6500 4099 916 21590 1516 7027 13486 91587 25486 2092 2405036 794 359 3051 4551 40689 13390 723 7546 289 5937 2488 12928 6703 7004 2693 6908 2130 1775 178322 213 545 14124 1253 1740 1393 1418 1442 632 2496 213 291 6022 1041 89180 21523 2942 1163 2745 1078 9197 6449 4942 3141 586 1653 551 897 3282 3780 261 1219
leaf_count=384933 6500 4099 916 21590 1516 7027 13486 91587 25486 2092 2405036 794 359 3051 4551 40689 13390 723 7546 289 5937 2488 12928 6703 7004 2693 6908 2130 1775 178322 213 545 14124 1253 1740 1393 1418 1442 632 2496 213 291 6022 1041 89180 21523 2942 1163 2745 1078 9197 6449 4942 3141 586 1653 551 897 3282 3780 261 1219
internal_value=-0.0115662 -0.00352303 -0.001718 -0.00533649 -0.00757149 -0.00790676 -0.0121279 -0.0110242 -0.00890874 -0.00974521 -0.0122432 -0.00052013 0.00413281 0.00240558 0.00486721 -0.0117209 -0.000313675 0.000353183 -0.00162214 0.0178065 0.0014738 0.00191854 -0.00730669 -0.00601425 -0.00439904 -0.00487349 0.00241638 -0.00641678 0.00158576 -0.0113949 0.00842997 -0.00349319 -0.00406437 0.0122271 -0.0106826 -0.00212068 0.000929385 0.000865113 0.00526978 -0.00111257 0.0105702 7.17409e-05 0.000724724 -0.00276492 -0.0109592 -0.00816021 0.00209119 0.00251979 -0.000551697 0.00277655 0.00338716 0.000632722 0.00478856 0.00109728 0.00696804 0.00771986 -0.00242127 -0.000637485 -0.00151222 -0.00365987 0.0119992 0.0134953
internal_weight=3.44996e+06 225204 159536 44608 34610 65668 3.22476e+06 304918 58350 26463 2.91984e+06 8147 3938 9998 6947 514802 114928 76129 38799 1083 54229 48292 32864 19936 13233 4209 42993 9134 14297 269909 2189 24502 21670 1466 23330 5299 2811 2832 1390 2855 845 7318 12522 3133 129869 35009 40804 35117 5687 33954 26427 7527 16378 10049 7181 6595 21900 8510 7613 4331 2396 2135
internal_count=3449960 225204 159536 44608 34610 65668 3224756 304918 58350 26463 2919838 8147 3938 9998 6947 514802 114928 76129 38799 1083 54229 48292 32864 19936 13233 4209 42993 9134 14297 269909 2189 24502 21670 1466 23330 5299 2811 2832 1390 2855 845 7318 12522 3133 129869 35009 40804 35117 5687 33954 26427 7527 16378 10049 7181 6595 21900 8510 7613 4331 2396 2135
cat_boundaries=0 4 8 11 15 19 22 26 30 34 38 42 45 48 52 55 58 61 64 67 71
cat_threshold=656542980 1367936186 2424310112 5 117440512 1350566912 8388608 4 1745028353 1098907650 268435520 3356594209 38010885 1091579920 34 689112324 1099434010 1342177344 4 260 16779274 2080 587203584 1350566912 2155872256 4 656539648 1082131456 2424307712 4 3221225472 38010880 17833984 2 2097152 128 256 1 27792036 38281245 1858208772 1294 2228224 17303570 2304 3072 42 64 117440512 8389632 2147483648 4 133124 16777272 268435520 134284544 524288 268435520 134284544 8388608 64 67242240 40 64 131072 40 32 536870912 8389632 0 4
is_linear=0
shrinkage=0.05


Tree=61
num_leaves=63
num_cat=22
split_feature=7 0 42 0 35 8 35 0 9 0 0 7 0 7 1 9 0 41 35 31 41 44 0 41 42 0 0 41 9 42 0 0 35 41 7 0 0 1 7 41 8 0 3 42 44 41 0 0 34 7 1 7 0 0 0 0 32 33 0 7 5 8
split_gain=6779.41 839.345 343.839 272.559 308.947 211.856 164.091 128.764 80.3723 76.7832 66.9596 66.8255 120.306 53.2026 74.7282 50.8929 40.4102 41.9811 40.3332 37.7087 36.5118 34.3041 29.406 28.7773 26.0163 36.0512 23.5343 23.051 58.5544 57.9412 63.3372 32.7161 27.9709 26.2008 23.8318 25.2716 22.0619 22.0115 21.454 23.3453 21.4167 28.2874 26.6353 20.4271 19.7754 19.2303 18.9508 18.5105 18.3842 17.9782 25.6388 18.4421 20.5819 17.9378 17.5378 17.4974 17.4636 17.0684 16.8645 15.9477 18.7674 43.3171
threshold=1.0000000180025095e-35 0 0.63405361771583568 1 0.25000000745058065 0.10416666790843011 3.8500000238418584 2 8.3266726846886753e-17 3 4 1.2500000000000002 5 1.6500000357627871 1.0000000180025095e-35 8.3266726846886753e-17 6 -0.9103761315345763 0.25000000745058065 1.0000000180025095e-35 0.032701563090086053 -0.4755979031324386 7 0.68322628736495983 0.52778512239456188 8 9 0.77259656786918651 1.0000000180025095e-35 0.41248606145381933 10 11 1.0000000180025095e-35 -0.35206145048141474 0.35000000894069677 12 13 13.34999990463257 3.9500000476837163 0.47114434838294988 1.0000000180025095e-35 14 0.15000000223517421 0.35206145048141485 -0.65233206748962391 -0.68322628736495961 15 16 1.0000000180025095e-35 1.9499999880790713 1.0000000180025095e-35 0.15000000223517421 17 18 19 20 1.0000000180025095e-35 1.0000000180025095e-35 21 0.35000000894069677 -1.0000000180025095e-35 0.15416666865348819
decision_type=2 9 2 9 2 2 2 9 2 9 9 2 9 2 10 2 9 2 2 2 2 2 9 2 2 9 9 2 2 2 9 9 2 2 2 9 9 10 2 2 2 9 10 2 2 2 9 9 2 2 10 2 9 9 9 9 2 2 9 2 10 2
left_child=6 2 16 13 8 9 10 47 23 24 18 20 15 14 56 -13 17 19 -1 -2 21 53 -9 -5 25 38 40 28 29 31 -31 45 -32 36 54 -36 -30 49 39 43 41 -10 -43 -3 -37 -19 -20 -8 -14 50 51 -18 -53 -6 -29 -7 -4 -33 -35 60 61 -52
right_child=1 5 3 4 11 55 7 22 26 -11 -12 12 48 -15 -16 -17 37 27 46 -21 -22 -23 -24 -25 -26 -27 -28 34 33 30 32 57 -34 58 35 44 -38 -39 -40 -41 -42 42 -44 -45 -46 -47 -48 -49 -50 -51 59 52 -54 -55 -56 -57 -58 -59 -60 -61 -62 -63
leaf_value=0 3.9040449221347099e-06 -6.2541838728427906e-05 0.0002408210190266269 0 -0.00022217608592613441 0.041995366547002005 0 0 6.9369453601098274e-09 0 0 7.5875574271939108e-11 7.6075246835812636e-11 0 7.8433404691261038e-05 1.99672563873524e-13 0 0 0 -2.1334812070113692e-05 -0.00041102453558097157 -9.961448436739292e-06 0 -0.00013873207316017689 0 0 -6.5458140874215738e-08 -0.00079095224568177499 5.367533535634013e-08 0 1.7817216302255535e-09 0.00092615423547195638 4.0541762212909289e-07 8.4750964082184338e-05 -2.9643651376332228e-06 -8.4340631927994195e-08 -4.463566836772493e-05 0.30024963831827606 0 0.0010472178962776927 -0.0018372629163723423 -2.9699754628229873e-10 3.5103408255030304e-09 3.8802164125303294e-06 0.0037444889791281885 0.0025980600926966708 0 0 -1.5173118128749088e-09 -4.950532099974873e-07 0.001050080687747787 0.0018356146163340558 0.00011184396174252123 1.4239790935985907e-06 -2.8900122899681166e-05 -0.00092483641492734677 0.00062158342947054549 -1.8744563202586429e-07 0.0028316049124002627 0.0001987005355918975 -0.00036492363096083812 -0.0013979086809007752
leaf_weight=384933 540 2455 1090 21590 244 1797 13486 91587 239 25486 2405036 998 362 2927 4242 398 15945 458 40689 9200 1769 1122 178322 1740 10998 12577 916 1743 3041 509 750 3951 355 2354 3058 1447 4608 238 5079 1873 1301 415 262 212 3661 4527 89180 21523 2463 18238 392 475 12628 791 5371 5651 1615 3010 2236 5531 9902 424
leaf_count=384933 540 2455 1090 21590 244 1797 13486 91587 239 25486 2405036 998 362 2927 4242 398 15945 458 40689 9200 1769 1122 178322 1740 10998 12577 916 1743 3041 509 750 3951 355 2354 3058 1447 4608 238 5079 1873 1301 415 262 212 3661 4527 89180 21523 2463 18238 392 475 12628 791 5371 5651 1615 3010 2236 5531 9902 424
internal_value=-0.0115422 -0.00315492 -0.00118647 -0.0049175 -0.00700679 -0.00788881 -0.0121279 -0.0110242 -0.00962996 -0.00889826 -0.0122432 0.00150516 0.00587242 0.00241046 0.00479524 0.0178165 0.000261798 0.00131347 -0.0117209 -0.00163758 -0.00319027 0.0011764 -0.0113949 -0.0106397 -0.00730409 -0.00632096 -0.0021106 0.0020135 0.00292502 0.00518805 0.0140799 0.00398669 0.0207063 0.000417722 0.000474476 0.00231754 -0.00137436 -0.000576368 -0.00400223 -0.00150881 0.000690391 0.00655022 0.00114629 -0.0045135 0.00446463 0.00707457 -0.0109592 -0.00816021 -9.25926e-05 -0.000633312 -9.96203e-05 0.000790072 0.00217984 0.00774155 -0.00164113 5.37057e-05 0.0112893 0.00176266 0.00340414 -0.0016901 -0.00281536 0.00447304
internal_weight=3.44996e+06 225204 159076 44484 34610 66128 3.22476e+06 304918 26463 58680 2.91984e+06 8147 4221 9874 6947 1396 114592 50819 514802 9740 3926 2157 269909 23330 33194 22196 3133 41079 25799 13560 1614 11946 1105 12239 15280 8166 7649 63773 9619 4540 2217 916 677 2667 5108 4985 129869 35009 2825 63535 45297 29048 13103 1035 7114 7448 2705 6961 4590 16249 10718 816
internal_count=3449960 225204 159076 44484 34610 66128 3224756 304918 26463 58680 2919838 8147 4221 9874 6947 1396 114592 50819 514802 9740 3926 2157 269909 23330 33194 22196 3133 41079 25799 13560 1614 11946 1105 12239 15280 8166 7649 63773 9619 4540 2217 916 677 2667 5108 4985 129869 35009 2825 63535 45297 29048 13103 1035 7114 7448 2705 6961 4590 16249 10718 816
cat_boundaries=0 4 8 11 15 19 22 26 30 34 37 40 43 47 49 52 55 58 59 62 65 69 72
cat_threshold=656542980 1367935162 2424310112 5 117440512 1350565888 8388608 4 1745028353 1098907650 268435520 3356594209 38011909 1091579920 34 689112324 1099434010 1342177344 4 1284 16779274 2080 538969348 17303696 2336 1 27792036 38281245 1858208772 1294 3355443200 38010880 17825792 2 134148 16777272 268435520 538968064 16777344 2304 1024 524304 256 538968068 2064 0 1 536872192 16 1024 8 268435456 134284544 524288 268435520 134284544 8388608 64 16777216 0 16777216 268435456 536870912 524416 2048 36995 68554757 598160 34 1284 16777216 288
is_linear=0
shrinkage=0.05


Tree=62
num_leaves=63
num_cat=19
split_feature=7 0 42 0 35 8 35 0 0 9 0 0 42 7 8 0 35 7 0 0 18 7 18 41 0 7 44 18 0 35 8 42 42 41 0 1 41 0 0 28 9 0 8 0 0 35 41 42 0 30 1 42 7 7 0 8 7 37 41 7 35 7
split_gain=6767.34 793.337 348.151 276.762 280.544 187.406 164.091 128.764 96.0308 72.083 66.9596 52.2294 47.7844 44.4438 73.3633 43.0007 40.3332 29.6782 36.7559 29.406 27.8765 25.9358 26.244 32.6743 23.7601 23.0374 20.5406 20.4686 18.9508 18.7343 35.7209 30.5575 29.3022 132.575 111.574 18.6094 18.5986 18.5105 17.4092 38.9957 16.9127 16.8393 28.6848 16.6758 15.7729 15.7351 15.6885 31.9384 23.9132 15.4964 15.4729 15.4223 55.4017 22.7624 14.8188 21.0891 23.1611 21.8818 14.7593 14.5661 14.2785 13.1671
threshold=1.0000000180025095e-35 0 0.68322628736495983 1 0.25000000745058065 0.10416666790843011 3.8500000238418584 2 3 8.3266726846886753e-17 4 5 0.52778512239456188 0.35000000894069677 1.0000000180025095e-35 6 0.25000000745058065 3.9500000476837163 7 8 0.27500000596046453 1.5500000119209292 13.275000095367433 0.35206145048141485 9 1.8499999642372134 0.31595529615879064 21.854166984558109 10 1.0000000180025095e-35 0.15416666865348819 0.63405361771583568 0.41248606145381933 0.77259656786918651 11 8.9499998092651385 0.52778512239456188 12 13 0.017647059634327892 0.019669849425554279 14 0.070833336561918273 15 16 2.0499999523162846 -0.2901292592287063 -0.097964655607938753 17 0.29254628717899328 13.34999990463257 0.2269546836614609 0.15000000223517421 0.45000000298023229 18 0.087500002235174193 0.15000000223517421 2.8605000972747807 0.16280825436115268 0.65000000596046459 0.45000000298023229 0.45000000298023229
decision_type=2 9 2 9 2 2 2 9 9 2 9 9 2 2 2 9 2 2 9 9 10 2 10 2 9 2 2 10 9 2 2 2 2 2 9 10 2 9 9 2 2 9 2 9 9 2 2 2 9 2 10 2 2 2 9 2 2 2 2 2 2 2
left_child=6 2 15 13 9 8 10 37 12 -5 16 25 17 14 49 29 -1 18 -3 -9 -13 36 26 -24 -10 -6 -23 45 -18 30 31 32 46 34 61 43 -20 -8 39 -22 -36 42 -11 -7 -37 -19 48 54 -2 -4 -17 -50 -53 -54 59 57 -57 -56 -28 -48 -12 -34
right_child=1 5 3 4 11 35 7 19 24 41 60 20 -14 -15 -16 50 28 27 21 -21 38 22 23 -25 -26 -27 58 -29 -30 -31 -32 -33 33 -35 40 44 -38 -39 -40 -41 -42 -43 -44 -45 -46 -47 47 -49 51 -51 -52 52 53 -55 55 56 -58 -59 -60 -61 -62 -63
leaf_value=0 -0.0029797250581311387 0 0.00050729446680866793 0 -1.3569966914542824e-10 -0.002249435324308784 0 0 0 4.3751789235855936e-06 0 -0.00010064434136520865 0 0 7.4339576545753502e-05 -1.182466871587915e-07 0 0 -0.00015823187105525705 0 -7.417602180581136e-08 -5.2360894813884637e-05 6.5637844855625494e-06 -5.2360894813884637e-05 0 7.2081795558342151e-11 -1.9401082062651648e-07 0 0 3.8967335542754948e-07 -0.00060428264600134111 0 2.2165554475592018e-06 -0.00017118673006615796 1.6926355487142756e-09 0.22786013477693734 0.00051013348768891374 0 1.8968893567984779e-13 7.2081795558342151e-11 -1.7911737594861869e-08 -5.8377895458719631e-08 -0.0020310893468581375 0.00020352282332070822 0.0019770675999809307 0.15040875387960054 0.0013456929473535367 -4.0326822388894105e-05 1.634023079264867e-05 0.00015796444654738695 0.24453643939363837 7.02944158412453e-06 -2.0348984925013986e-05 4.2079387722030368e-06 0.0012566001537711897 2.4247949795359187e-05 0.00041378073979468979 -0.00051335122019588648 0.079086855184942753 0.047081996320764263 0 1.1508524014344626e-06
leaf_weight=384933 678 1593 1646 21741 200 1873 13486 91587 19475 286 1911494 1894 6128 4359 3056 74858 40689 1972 1390 178322 548 1212 331 210 20552 508 211 3485 89180 20947 3767 811 703 1405 460 439 798 21523 3743 481 268 1969 466 4639 491 805 1142 2339 4836 339 251 357 415 228 2309 219 216 555 396 908 493542 296
leaf_count=384933 678 1593 1646 21741 200 1873 13486 91587 19475 286 1911494 1894 6128 4359 3056 74858 40689 1972 1390 178322 548 1212 331 210 20552 508 211 3485 89180 20947 3767 811 703 1405 460 439 798 21523 3743 481 268 1969 466 4639 491 805 1142 2339 4836 339 251 357 415 228 2309 219 216 555 396 908 493542 296
internal_value=-0.0115427 -0.00316291 -0.00125177 -0.00520662 -0.00743107 -0.00777155 -0.0121279 -0.0110242 -0.00872255 -0.0100104 -0.0122432 0.00111541 -0.00573526 0.00233262 0.00553214 0.000130544 -0.0117209 -0.00395368 -0.00148388 -0.0113949 -0.000265878 0.00081176 0.00444915 0.0141174 -0.0101016 0.0139276 0.00157367 -0.00637576 -0.0109592 0.00139407 0.00241648 0.00333632 0.00378014 0.00815773 0.0174363 -0.000298979 -0.00310786 -0.00816021 0.00177075 0.00749519 0.00230352 -0.00233829 0.00400262 -0.00124386 0.0063172 -0.00317339 0.00281474 0.00434443 0.00100936 0.0130164 -0.000590563 0.00204413 0.0077 -0.00106921 0.00647551 0.00435555 0.0146264 0.00281075 0.00908155 0.00981796 -0.0123548 0.0281591
internal_weight=3.44996e+06 225204 159204 41236 31836 66000 3.22476e+06 304918 58558 24462 2.91984e+06 7374 18531 9400 5041 117968 514802 12403 6141 269909 6666 4548 2360 541 40027 708 1819 6262 129869 42859 21912 18145 17334 3132 1727 7442 2188 35009 4772 1029 728 2721 752 6512 930 2777 14202 7688 6514 1985 75109 5836 1000 643 5349 3299 435 2864 607 2050 2.40504e+06 999
internal_count=3449960 225204 159204 41236 31836 66000 3224756 304918 58558 24462 2919838 7374 18531 9400 5041 117968 514802 12403 6141 269909 6666 4548 2360 541 40027 708 1819 6262 129869 42859 21912 18145 17334 3132 1727 7442 2188 35009 4772 1029 728 2721 752 6512 930 2777 14202 7688 6514 1985 75109 5836 1000 643 5349 3299 435 2864 607 2050 2405036 999
cat_boundaries=0 4 8 11 15 19 22 26 29 33 37 40 44 47 50 53 57 61 65 68
cat_threshold=656542980 1367935162 2441087328 5 117440512 1350565888 2155872256 4 1745028353 1098907650 268435520 3355443232 38011904 1074790400 2 689112324 1099434010 1342177344 4 256 0 288 2097412 526480 256 5 32 0 1073741824 27792036 38281245 1858208772 1294 1150977 2147483653 134362140 160 134284544 524288 268435520 4 526352 0 1 134284544 8388608 64 4 16779266 2048 132100 8 268435456 281117202 33869828 1650803209 10 268533888 68288516 536879104 288 2097152 128 256 1 2097152 2192 256
is_linear=0
shrinkage=0.05


Tree=63
num_leaves=63
num_cat=19
split_feature=7 0 42 0 8 33 0 0 33 6 42 33 7 1 0 7 7 0 0 2 0 0 7 45 0 42 0 32 41 0 5 2 42 41 19 23 32 36 7 41 2 44 7 4 48 0 0 6 0 41 4 44 0 42 41 7 43 0 41 0 41 0
split_gain=6795.19 802.84 329.328 260.991 184.17 166.418 121.209 95.9113 92.5087 76.4187 47.713 46.7973 42.6884 62.1512 36.5617 36.6121 33.824 38.615 30.6421 64.4718 27.0375 26.5572 26.4283 25.4953 25.3012 24.1514 23.7601 21.8019 21.5211 22.747 20.2176 31.931 18.1184 18.2625 15.0895 14.8547 14.3519 14.2917 13.7665 13.671 13.0069 12.3331 11.8224 11.5936 11.4684 15.2095 11.4522 11.2952 35.9249 10.6365 10.363 10.2575 14.4277 28.2294 20.2813 15.9237 11.5813 24.1364 21.5047 19.3833 17.3457 18.4658
threshold=1.0000000180025095e-35 0 0.68322628736495983 1 0.10416666790843011 1.0000000180025095e-35 2 3 1.0000000180025095e-35 1.0000000180025095e-35 0.52778512239456188 1.0000000180025095e-35 1.6500000357627871 1.0000000180025095e-35 4 1.9499999880790713 3.9500000476837163 5 6 1.0000000180025095e-35 7 8 1.5500000119209292 1.0000000180025095e-35 9 -0.52778512239456166 10 1.0000000180025095e-35 -0.97335553169250477 11 -1.0000000180025095e-35 4.0499999523162851 0.35206145048141485 0.35206145048141485 4.5000000000000009 0.33437500894069677 0.05172413773834706 10.500000000000002 0.45000000298023229 0.032701563090086053 1.0000000180025095e-35 0.28313310444355017 0.55000001192092907 1.0500000119209292 0.56469407677650463 12 13 1.0000000180025095e-35 14 0.09796465560793878 -0.55000001192092884 0.76002004742622387 15 -0.58216583728790272 -0.22695468366146085 0.45000000298023229 0.48314048349857336 16 -0.84874749183654774 17 0.72947329282760631 18
decision_type=2 9 2 9 2 2 9 9 2 2 2 2 2 10 9 2 2 9 9 10 9 9 2 2 9 2 9 2 2 9 10 10 2 2 2 10 2 2 2 2 8 2 2 10 2 9 9 2 9 2 10 2 9 2 2 2 2 9 2 9 2 9
left_child=6 2 21 12 7 9 8 10 25 23 16 -8 13 27 15 -7 17 -3 19 -11 -10 28 32 -5 35 34 47 49 29 -2 46 -32 33 -19 -1 -13 41 -29 -25 -16 -15 -36 -41 51 -24 -46 50 -9 -49 -4 -6 56 53 54 -53 -56 57 58 -30 60 -58 -62
right_child=1 4 3 5 30 14 11 26 20 18 -12 24 -14 40 39 -17 -18 22 -20 -21 -22 -23 44 38 -26 -27 -28 37 43 -31 31 -33 -34 -35 36 -37 -38 -39 -40 42 -42 -43 -44 -45 45 -47 -48 48 -50 -51 -52 52 -54 -55 55 -57 59 -59 -60 -61 61 -63
leaf_value=0 1.430047948101157e-05 0 7.2096776707291334e-05 0 0.074084903786965209 -7.0467220715520794e-08 0 0 0 6.2537185571638603e-09 0 0 0 -0.0018054316321790666 2.0914430880450524e-09 6.8477705780425035e-11 0 -0.00018258153285208938 -2.1216884808717534e-07 -0.0028012340766762202 0 -3.5629148753599638e-07 2.7989027121432681e-06 0 0 0 0 0.00053592810483387679 1.0471622555781916e-06 -7.3886727121000716e-05 0.00031778630432205299 0.081445339623361424 1.1597799144666664e-05 0.0003441476058167576 0.0042949082305718481 0 0 0.00063931060744531684 0 -0.000343002033114016 0.00017462613638521973 0 -3.6035905965074241e-12 0.09562474589756817 -9.546469936091245e-05 0.051368969102352682 -0.0028744093461813935 3.6169714531960627e-09 0 0.00030914313088778353 -0.0042466647642340925 0.0011888524592831996 4.5123079860800378e-07 9.1580903198865691e-09 0.0012263200567979935 0.014118780497679138 2.1057276751812415e-06 5.690390294646269e-08 -3.0683150875977108e-05 0.00022197274360246484 0.00041290804226053819 -0.00075095966576120598
leaf_weight=86753 1249 1593 666 12931 294 359 2197676 17438 35250 328 6128 203345 2944 325 2337 519 6262 1173 2497 262 53632 60700 1713 6025 396691 241753 20552 887 766 4535 4281 375 201 814 287 6925 1805 617 4481 737 3623 639 1360 324 202 445 1555 268 1769 338 937 716 3934 2241 398 698 7621 15945 4083 10544 1712 2502
leaf_count=86753 1249 1593 666 12931 294 359 2197676 17438 35250 328 6128 203345 2944 325 2337 519 6262 1173 2497 262 53632 60700 1713 6025 396691 241753 20552 887 766 4535 4281 375 201 814 287 6925 1805 617 4481 737 3623 639 1360 324 202 445 1555 268 1769 338 937 716 3934 2241 398 698 7621 15945 4083 10544 1712 2502
internal_value=-0.0115415 -0.00314448 -0.00122194 -0.00506839 -0.00778064 -0.00722854 -0.0121279 -0.0087234 -0.011332 -0.00884859 -0.00573796 -0.012247 0.00225292 0.00453067 0.000847139 0.010107 -0.00395771 -0.00132104 -0.00145368 0.00870833 -0.00989992 0.000122491 0.00103115 -0.00982261 -0.0118584 -0.0117166 -0.0101016 0.0106858 0.000894759 -0.00199689 -0.000372884 0.00164304 -0.00292505 -0.00437217 -0.0110148 -0.0114049 -0.00735536 0.0144947 -0.00799305 -0.00100698 0.000620567 -0.00229482 -0.00394015 0.0012198 0.00470339 0.0103748 -0.00374192 -0.00882666 -0.00530805 0.00498008 -0.000110798 0.00116009 0.00280612 0.00489478 0.00954746 0.013823 0.000855569 6.01135e-06 -0.00307934 0.00164496 0.000254327 -0.00231965
internal_weight=3.44996e+06 225204 159204 41236 66000 31836 3.22476e+06 58558 420119 26524 18531 2.80464e+06 9400 6456 5312 878 12403 6141 3087 590 88882 117968 4548 23437 606961 331237 40027 2508 57268 5784 7442 4656 2188 1987 89484 210270 2731 1504 10506 4434 3948 926 2097 51484 2360 647 2786 19475 2037 1004 1231 51160 7987 4053 1812 1096 43173 20794 4849 22379 11835 4214
internal_count=3449960 225204 159204 41236 66000 31836 3224756 58558 420119 26524 18531 2804637 9400 6456 5312 878 12403 6141 3087 590 88882 117968 4548 23437 606961 331237 40027 2508 57268 5784 7442 4656 2188 1987 89484 210270 2731 1504 10506 4434 3948 926 2097 51484 2360 647 2786 19475 2037 1004 1231 51160 7987 4053 1812 1096 43173 20794 4849 22379 11835 4214
cat_boundaries=0 4 8 11 15 18 21 23 26 30 34 38 42 44 48 52 55 58 61 64
cat_threshold=656542980 1367935162 2441087328 5 117440512 1350565888 2155872256 4 671286532 1099431962 268435520 3355443232 38011904 1074790400 2 256 2 288 32 0 1073741824 0 16 134284544 8388608 268435520 69338372 524432 285215008 4 1102060193 37789733 1858077700 1294 1150977 2147483653 134362140 160 67109888 0 16779264 4 2147483648 33555456 1209569313 71311365 33562772 32 0 1 8192 32 67109120 16 268435456 69206272 144 32 67239936 524304 268437504 131072 0 268437504
is_linear=0
shrinkage=0.05


Tree=64
num_leaves=63
num_cat=23
split_feature=9 0 10 28 10 0 0 35 43 42 0 35 28 1 0 28 0 0 0 35 0 35 0 42 43 0 44 49 35 8 0 43 0 42 0 35 42 28 0 35 42 4 0 10 0 0 49 42 0 0 0 32 42 28 0 0 33 1 44 43 1 2
split_gain=3397.69 918.977 236.678 226.268 169.005 194.849 113.181 108.375 87.1748 84.0434 79.4543 66.0744 83.5595 65.8883 63.3531 58.2188 65.5194 58.211 43.9502 43.131 41.722 41.3954 39.8753 39.7468 38.2811 29.7557 28.613 28.6103 28.4608 23.6616 48.4859 23.0054 27.196 50.3073 22.0099 20.9424 21.3184 20.5114 20.3053 20.2919 19.5582 19.5463 19.1262 18.8119 19.5891 18.7401 18.4874 18.2368 18.0174 17.8804 16.9372 19.9571 19.7144 17.1698 16.5056 16.34 16.2446 16.1333 15.7998 15.4596 15.4083 41.4345
threshold=1.0000000180025095e-35 0 24.291666984558109 0.044210137799382217 24.875000000000004 1 2 4.6499998569488534 0.091259401291608824 0.68322628736495983 3 1.0000000180025095e-35 0.013725490774959328 25.650000572204593 4 0.058037718757987029 5 6 7 1.0000000180025095e-35 8 2.8500000238418584 9 0.68322628736495983 0.67802080512046825 10 0.31595529615879064 0.013333333656191828 0.15000000223517421 1.0000000180025095e-35 11 0.48314048349857336 12 -0.58216583728790272 13 0.25000000745058065 0.72947329282760631 0.013725490774959328 14 0.15000000223517421 0.29012925922870642 0.45000000298023229 15 13.541666507720949 16 17 0.0224999999627471 0.35206145048141485 18 19 20 1.0000000180025095e-35 0.52778512239456188 0.021568628028035167 21 22 0.15000000223517421 1.4499999880790713 0.080547325313091292 -0.022576250135898587 1.0000000180025095e-35 1.0000000180025095e-35
decision_type=2 9 2 2 2 9 9 2 2 2 9 2 2 10 9 2 9 9 9 2 9 2 9 2 2 9 2 2 2 2 9 2 9 2 9 2 2 2 9 2 2 8 9 2 9 9 2 2 9 9 9 2 2 2 9 9 2 10 2 2 10 10
left_child=1 2 35 6 5 43 8 20 11 31 57 -4 25 18 -11 21 -17 -9 -12 59 28 46 -23 -18 27 -13 -27 -21 -6 30 -20 -10 -33 45 -14 36 55 42 40 -25 -37 60 -30 56 47 58 -5 -45 -19 -7 51 -26 53 -53 -32 -1 -3 -2 -34 -8 -31 -62
right_child=10 4 3 15 7 49 19 17 9 14 13 12 34 -15 -16 16 23 48 29 24 -22 22 -24 39 50 26 -28 -29 37 41 54 32 33 -35 -36 38 -38 -39 -40 -41 -42 -43 -44 44 -46 -47 -48 -49 -50 -51 -52 52 -54 -55 -56 -57 -58 -59 -60 -61 61 -63
leaf_value=0 0 0 0 0 0 0 0 0 0 0 2.1028824800339184e-06 0 0 0.93545638047118373 0 0 0 0 1.4757796483401358e-06 0 0 0 0 0 -9.3908310969618514e-05 0 0 1.2979850453404295e-07 0 0.00011209576264313293 -9.713518025358485e-07 0 0.0027891334738424632 0 0 1.3893010855950855e-06 0 0 0 0 6.4454252386597264e-11 0.049562651442263267 0 0.062355824461072407 0 -8.9672175234641743e-05 6.5053820491403787e-11 0 0 0 0 0.0016979611071300097 -9.4231312634852474e-06 -0.00017993750277440999 0 3.2973034466153046e-07 7.5875574271939108e-11 -0.0028424325778065086 0 0 -0.0022562009980470715 -9.0506358015108462e-05
leaf_weight=1467 3759 2646 38522 160352 361529 11668 37389 33961 9470 1865 12326 5431 11203 272 9235 17800 15799 79928 4271 49795 2101290 2665 17983 8734 1148 8120 2950 677 14164 8507 6057 8529 1866 7933 12370 460 1471 122776 5756 2342 208 1533 27747 764 2413 2501 287 276 107949 16565 6068 1594 428 428 3128 1211 864 1009 1762 36090 4352 28297
leaf_count=1467 3759 2646 38522 160352 361529 11668 37389 33961 9470 1865 12326 5431 11203 272 9235 17800 15799 79928 4271 49795 2101290 2665 17983 8734 1148 8120 2950 677 14164 8507 6057 8529 1866 7933 12370 460 1471 122776 5756 2342 208 1533 27747 764 2413 2501 287 276 107949 16565 6068 1594 428 428 3128 1211 864 1009 1762 36090 4352 28297
internal_value=-0.0115469 -0.0117784 -0.00977968 -0.00994243 -0.0121192 -0.0086757 -0.0089227 -0.0121618 -0.00781626 -0.0060115 -0.000912619 -0.00880834 -0.00738696 -0.00047907 -0.00976126 -0.0110949 -0.00947818 -0.0111006 -0.000576704 -0.0099296 -0.0122514 -0.0114933 -0.0093859 -0.00790729 -0.00893736 -0.00465805 -0.0031611 -0.00948942 -0.0118475 -0.0011702 -0.00299866 -0.00471328 -0.00384611 -0.00248899 -0.00929718 -0.00237988 -0.00514883 -0.0113029 -0.000591532 -0.0102068 0.00759587 -0.000594123 -0.0103478 -0.00117417 0.0014444 0.00091165 -0.0117642 0.00714286 -0.0114468 -0.0105216 -0.00605473 -0.00330516 -0.000765306 0.00129822 -0.00504214 -0.00249253 -0.00375356 -0.00714734 0.00320231 -0.010743 -0.000800612 -0.00129445
internal_weight=3.44996e+06 3.37645e+06 491909 481336 2.88454e+06 35196 255374 2.84934e+06 121757 43161 73511 78596 40074 68743 11100 225962 44675 221838 68471 133617 2.62751e+06 181287 20648 26875 60138 16501 11070 50472 526216 56145 13456 32061 22591 14062 23573 10573 4149 164687 6424 11076 668 42689 41911 6963 3453 6129 160639 1040 187877 28233 9666 3598 2450 2022 9185 2678 3510 4768 3628 73479 41156 32649
internal_count=3449960 3376449 491909 481336 2884540 35196 255374 2849344 121757 43161 73511 78596 40074 68743 11100 225962 44675 221838 68471 133617 2627506 181287 20648 26875 60138 16501 11070 50472 526216 56145 13456 32061 22591 14062 23573 10573 4149 164687 6424 11076 668 42689 41911 6963 3453 6129 160639 1040 187877 28233 9666 3598 2450 2022 9185 2678 3510 4768 3628 73479 41156 32649
cat_boundaries=0 4 8 12 16 20 24 28 32 36 37 39 42 46 49 51 54 57 59 63 67 69 73 76
cat_threshold=151127300 25692186 268435520 4 639633408 3489661088 2172651808 1 256 8912914 268435520 4 281281042 136696128 1113900557 1162 0 8388608 0 4 134217732 8388618 0 4 1619070977 1107296260 1119879172 1024 639635552 1879573137 17309696 33 1611728929 1078263840 1098907908 2 134217984 256 16 16911616 8390656 2048 0 8388608 268435456 4 256 8388608 268435520 260 2 65537 1074004000 256 0 160 16779552 0 524306 305924768 4661281 2904716288 298 3230773281 35750917 1107296277 2 4 16777224 2148540420 50331658 2425421888 4 134217728 25165832 268435456
is_linear=0
shrinkage=0.05


end of trees

feature_importances:
station_code=923
fl_max24h=407
cal_hour_sin=388
cal_hour_cos=218
rain_fcst_6h=208
fl_depth_now=203
fl_mean1h=184
water_offline_share=155
fl_rise_1h=141
rain_rf24hr_mean=120
cal_doy_sin=119
fl_depth_lag1h=110
cal_doy_cos=89
fl_std3h=75
slope_deg=71
rain_fcst_3h=62
depression_m=59
fl_max3h=57
elev_m=45
fl_hrs_since_5cm=37
dist_water_km=36
fl_rise_15min=35
elev_rank_local=32
fl_depth_lag3h=25
flow_negative_share=23
flow_offline_share=23
water_rising_share=22
rain_gauges_reporting=21
rain_fcst_1h=19
flow_mean=18
cal_monsoon=15
rain_rf6hr_mean=14
water_rise3h_mean=14
flow_velocity_mean=14
rain_rf3hr_max=8
tide_spring_neap=8
rain_antecedent_ratio=6
rain_x_recent_flood=6
water_rise1h_mean=5
rain_rf3hr_mean=4
tide_m2_cos=4
fl_hrs_since_15cm=2
rain_rf1hr_delta3h=2
water_rise1h_max=2
rain_rf1hr_mean=1

parameters:
[boosting: gbdt]
[objective: quantile]
[metric: quantile]
[tree_learner: serial]
[device_type: cpu]
[data_sample_strategy: bagging]
[data: ]
[valid: ]
[num_iterations: 2000]
[learning_rate: 0.05]
[num_leaves: 63]
[num_threads: 0]
[seed: 42]
[deterministic: 0]
[force_col_wise: 0]
[force_row_wise: 0]
[histogram_pool_size: -1]
[max_depth: -1]
[min_data_in_leaf: 200]
[min_sum_hessian_in_leaf: 0.001]
[bagging_fraction: 0.8]
[pos_bagging_fraction: 1]
[neg_bagging_fraction: 1]
[bagging_freq: 5]
[bagging_seed: 400]
[bagging_by_query: 0]
[feature_fraction: 0.8]
[feature_fraction_bynode: 1]
[feature_fraction_seed: 30056]
[extra_trees: 0]
[extra_seed: 12879]
[early_stopping_round: 0]
[early_stopping_min_delta: 0]
[first_metric_only: 0]
[max_delta_step: 0]
[lambda_l1: 0]
[lambda_l2: 0]
[linear_lambda: 0]
[min_gain_to_split: 0]
[drop_rate: 0.1]
[max_drop: 50]
[skip_drop: 0.5]
[xgboost_dart_mode: 0]
[uniform_drop: 0]
[drop_seed: 17869]
[top_rate: 0.2]
[other_rate: 0.1]
[min_data_per_group: 100]
[max_cat_threshold: 32]
[cat_l2: 10]
[cat_smooth: 10]
[max_cat_to_onehot: 4]
[top_k: 20]
[monotone_constraints: ]
[monotone_constraints_method: basic]
[monotone_penalty: 0]
[feature_contri: ]
[forcedsplits_filename: ]
[refit_decay_rate: 0.9]
[cegb_tradeoff: 1]
[cegb_penalty_split: 0]
[cegb_penalty_feature_lazy: ]
[cegb_penalty_feature_coupled: ]
[path_smooth: 0]
[interaction_constraints: ]
[verbosity: -1]
[saved_feature_importance_type: 0]
[use_quantized_grad: 0]
[num_grad_quant_bins: 4]
[quant_train_renew_leaf: 0]
[stochastic_rounding: 1]
[linear_tree: 0]
[max_bin: 255]
[max_bin_by_feature: ]
[min_data_in_bin: 3]
[bin_construct_sample_cnt: 200000]
[data_random_seed: 175]
[is_enable_sparse: 1]
[enable_bundle: 1]
[use_missing: 1]
[zero_as_missing: 0]
[feature_pre_filter: 1]
[pre_partition: 0]
[two_round: 0]
[header: 0]
[label_column: ]
[weight_column: ]
[group_column: ]
[ignore_column: ]
[categorical_feature: 0]
[forcedbins_filename: ]
[precise_float_parser: 0]
[parser_config_file: ]
[objective_seed: 16083]
[num_class: 1]
[is_unbalance: 0]
[scale_pos_weight: 1]
[sigmoid: 1]
[boost_from_average: 1]
[reg_sqrt: 0]
[alpha: 0.75]
[fair_c: 1]
[poisson_max_delta_step: 0.7]
[tweedie_variance_power: 1.5]
[lambdarank_truncation_level: 30]
[lambdarank_norm: 1]
[label_gain: ]
[lambdarank_position_bias_regularization: 0]
[eval_at: ]
[multi_error_top_k: 1]
[auc_mu_weights: ]
[num_machines: 1]
[local_listen_port: 12400]
[time_out: 120]
[machine_list_filename: ]
[machines: ]
[gpu_platform_id: -1]
[gpu_device_id: -1]
[gpu_device_id_list: ]
[gpu_use_dp: 0]
[num_gpu: 1]

end of parameters

pandas_categorical:[["FL.BBN.01", "FL.BBN.02", "FL.BKA.01", "FL.BKA.02", "FL.BKE.01", "FL.BKE.02", "FL.BKL.01", "FL.BKM.01", "FL.BKM.02", "FL.BKN.01", "FL.BKN.02", "FL.BKP.01", "FL.BKP.02", "FL.BKT.01", "FL.BNA.01", "FL.BNA.02", "FL.BNA.03", "FL.BNA.04", "FL.BNA.05", "FL.BRK.01", "FL.BRK.02", "FL.BSU.01", "FL.CTC.01", "FL.CTC.02", "FL.CTC.03", "FL.CTC.04", "FL.CTC.05", "FL.CTC.06", "FL.CTC.07", "FL.DDG.01", "FL.DDG.02", "FL.DDG.03", "FL.DDG.04", "FL.DDG.05", "FL.DDG.06", "FL.DDG.07", "FL.DDG.08", "FL.DST.01", "FL.DST.02", "FL.DST.03", "FL.DST.04", "FL.DST.05", "FL.DST.06", "FL.DST.07", "FL.DST.08", "FL.HKG.01", "FL.JTG.01", "FL.KSN.01", "FL.KTY.01", "FL.KTY.02", "FL.KTY.03", "FL.KTY.04", "FL.KTY.05", "FL.LSI.01", "FL.LSI.02", "FL.LSI.03", "FL.LSI.04", "FL.LSI.05", "FL.LSI.06", "FL.MBR.01", "FL.PKN.01", "FL.PNK.02", "FL.PPS.01", "FL.PPS.02", "FL.PTW.01", "FL.PTW.02", "FL.PTW.03", "FL.PTW.04", "FL.PTW.05", "FL.PWT.01", "FL.PWT.02", "FL.PYT.01", "FL.PYT.02", "FL.PYT.03", "FL.PYT.04", "FL.PYT.05", "FL.PYT.06", "FL.PYT.07", "FL.RTW.01", "FL.RTW.02", "FL.RTW.03", "FL.RTW.04", "FL.RTW.05", "FL.RTW.06", "FL.RTW.07", "FL.RTW.08", "FL.RTW.09", "FL.RTW.10", "FL.RTW.11", "FL.RTW.12", "FL.SLG.01", "FL.SLG.02", "FL.SLG.03", "FL.SMI.01", "FL.SPW.01", "FL.SPW.02", "FL.STN.01", "FL.STN.02", "FL.STN.03", "FL.STN.04", "FL.WTL.01", "FL.WTL.02", "FL.WTL.03", "FL.WTL.04", "FL.WTN.01", "FL.WTN.02", "FL.WTN.03"]]
