tree
version=v4
num_class=1
num_tree_per_iteration=1
label_index=0
max_feature_idx=49
objective=quantile
feature_names=station_code fl_depth_now fl_depth_lag1h fl_depth_lag3h fl_rise_15min fl_rise_1h fl_max3h fl_max24h fl_mean1h fl_std3h fl_hrs_since_5cm fl_hrs_since_15cm fl_missing_share3h rain_rf1hr_mean rain_rf1hr_max rain_rf3hr_mean rain_rf3hr_max rain_rf6hr_mean rain_rf24hr_mean rain_gauges_reporting rain_rf1hr_delta1h rain_rf1hr_delta3h rain_spread rain_antecedent_ratio water_rise1h_mean water_rise1h_max water_rise3h_mean water_rising_share water_offline_share flow_mean flow_velocity_mean flow_negative_share flow_offline_share rain_fcst_1h rain_fcst_3h rain_fcst_6h elev_m slope_deg depression_m elev_rank_local dist_water_km cal_hour_sin cal_hour_cos cal_doy_sin cal_doy_cos cal_monsoon tide_m2_sin tide_m2_cos tide_spring_neap rain_x_recent_flood
feature_infos=-1:104:105:103:90:97:96:95:93:7:98:100:102:91:94:21:101:99:19:87:35:34:77:48:46:71:31:52:17:32:74:27:92:73:54:43:66:4:29:15:47:8:51:23:28:64:65:20:42:12:45:58:0:14:72:56:24:26:69:79:16:76:1:81:85:61:63:80:9:11:10:33:40:78:36:84:60:82:57:5:30:83:22:39:86:62:49:50:75:25:68:70:37:2:41:55:67:38:6:53:59:13:44:106:88:89:18 [0:100.69999694824219] [0:96.599998474121094] [0:91.599998474121094] [-13.699999809265137:32.599998474121094] [-31.399999618530273:38.099998474121094] [0:115.30000305175781] [0:148.80000305175781] [0:99.150001525878906] [0:18.90211296081543] [0:72] [0:168] [0:0.97222220897674561] [0:90.166664123535156] [0:96] [0:137.16667175292969] [0:161.5] [0:137.16667175292969] [0:160.25] [0:5] [-80:85.333335876464844] [-90:90.166664123535156] [0:39.125] [0:0.98400002717971802] [-0.065301202237606049:0.40139442682266235] [0.019999999552965164:5.6399998664855957] [-0.14851999282836914:0.60747998952865601] [0:0.86641222238540649] [0:0.54509806632995605] [-7.6592593193054199:30.103570938110352] [-3.7049999237060547:16.125713348388672] [0:0.24137930572032928] [0:0.37931033968925476] [0:23.299999237060547] [0:47.799999237060547] [0:62.599998474121094] [0:20] [0.92900002002716064:18.073999404907227] [2:33] [0.012000000104308128:0.96299999952316284] [0:5.0580000877380371] [-1:1] [-1:1] [-0.99999940395355225:0.99998557567596436] [-0.99997919797897339:0.99999076128005981] [0:1] [-1:1] [-1:1] [-1:1] [0:3660.7666015625]
tree_sizes=5833 5888 5970 5988 5916 5937 5809 5932 5939 5810 5912 5777 5934 5890 5926 5930 5977 5718 5726 5812 5917 5832 5803 6001 5947 5947

Tree=0
num_leaves=63
num_cat=13
split_feature=1 8 0 7 42 0 18 49 0 3 9 0 42 0 20 42 0 9 7 42 7 42 7 0 23 9 7 0 7 42 7 0 8 27 41 8 2 44 42 0 23 7 41 42 0 23 26 41 44 35 0 0 41 31 21 7 41 6 41 35 7 7
split_gain=40094.2 678.07 179.402 166.222 130.498 190.303 86.4544 56.9716 50.0463 39.2841 32.9403 28.6352 26.7265 27.5578 22.2896 20.0886 34.3495 19.8124 17.9198 16.8665 16.8552 15.2953 12.6918 12.2629 12.0639 11.403 11.2841 11.8624 10.4433 9.44522 9.83596 9.29608 8.92617 8.82867 8.47029 8.45053 7.76321 7.33383 7.28463 9.3105 7.70498 7.11807 7.02338 6.90277 6.67611 7.80326 6.51948 6.40823 6.05564 6.92562 5.72731 5.70131 5.49803 5.47119 5.32258 5.20903 6.77401 4.89776 4.74609 4.67272 4.49286 5.56178
threshold=1.0000000180025095e-35 1.0000000180025095e-35 0 1.0000000180025095e-35 -0.63405361771583546 1 1.2749999761581423 1.3375000357627871 2 1.0000000180025095e-35 0.030080261640250686 3 -0.84874749183654774 4 5.2083332538604745 -0.68322628736495961 5 0.049806589260697372 0.15000000223517421 -0.16280825436115262 3.5499999523162846 -0.84874749183654774 0.84999999403953563 6 0.075072254985570921 0.2618983536958695 0.15000000223517421 7 3.0499999523162846 -0.032701563090086067 0.15000000223517421 8 0.69583332538604747 0.071143176406621947 0.2269546836614609 0.070833336561918273 1.0000000180025095e-35 -0.72694849967956532 -0.2901292592287063 9 0.066852889955043807 0.45000000298023229 0.16280825436115268 -0.68322628736495961 10 0.12978656589984897 0.0083555714227259176 -0.16280825436115262 0.29958851635456091 0.15000000223517421 11 12 -0.63405361771583546 0.086206898093223586 3.0499999523162846 0.25000000745058065 -0.097964655607938753 3.0499999523162846 -0.95642796158790577 1.1500000357627871 0.84999999403953563 0.15000000223517421
decision_type=10 2 9 2 2 9 10 2 9 10 2 9 2 9 10 2 9 2 2 2 2 2 2 9 10 2 2 9 2 2 2 9 2 2 2 2 10 2 2 9 8 2 2 2 9 10 10 2 2 2 9 9 2 2 10 2 2 2 2 2 2 2
left_child=1 3 7 14 5 6 12 9 24 17 52 35 13 18 -1 16 47 19 34 21 33 -3 -8 36 28 -2 -14 -28 29 -6 42 59 -27 37 48 58 54 -20 39 -10 -40 -32 -31 -13 55 -46 -44 -12 49 -5 -35 -42 -4 -29 -17 56 -7 -19 -11 -16 61 -15
right_child=25 2 10 4 8 44 22 -9 38 11 15 43 26 60 31 23 -18 57 20 -21 -22 -23 -24 -25 -26 32 27 53 -30 30 41 -33 -34 50 -36 -37 -38 -39 40 -41 51 -43 46 -45 45 -47 -48 -49 -50 -51 -52 -53 -54 -55 -56 -57 -58 -59 -60 -61 -62 -63
leaf_value=0 0.075000000000000011 0.0050000000745058061 0.0050000000745058061 0.0050000000745058061 0 0 0.0050000000745058061 0.1700000047683716 0.0050000000745058061 0.0050000000745058061 0.18500000238418579 0.11000000238418579 0.0050000000745058061 0.0050000000745058061 0 0.20999999046325685 0.12000000476837158 0.125 0.0050000000745058061 0.0050000000745058061 0.22999999523162842 0.0050000000745058061 0 0.0050000000745058061 0.13499990701674563 0.7262496665120125 0.010000000149011612 0.010000000149011612 0 0.0050000000745058061 0.0050000000745058061 0 1.4149999618530273 0.010000000149011612 0.0050000000745058061 0.034749983936553798 0.12000000476837158 0.010000000149011612 0 0 0.24599996948245462 0.0050000000745058061 0.0050000000745058061 0.19500000476837159 0 0.12899993038175808 0.0050000000745058061 0.18500000238418579 0.0050000000745058061 0.0050000000745058061 0.010000000149011612 0 0.0050000000745058061 0.084999873042114163 0.31499994993208563 0 0.0050000000745058061 0.23149998104573513 0.0050000000745058061 0.43000001907348634 0.10000000000000001 0.0050000000745058061
leaf_weight=3207096 34878 303 206 219 2020 290 2289 735 2466 282 398 274 1751 1263 1878 332 1329 458 216 448 411 489 5169 3619 201 1056 1789 379 1972 2191 860 14956 6653 328 647 262 908 891 98221 15999 577 392 514 417 21332 297 410 306 366 423 516 2364 295 531 226 2016 464 215 414 2260 641 431
leaf_count=3207096 34878 303 206 219 2020 290 2289 735 2466 282 398 274 1751 1263 1878 332 1329 458 216 448 411 489 5169 3619 201 1056 1789 379 1972 2191 860 14956 6653 328 647 262 908 891 98221 15999 577 392 514 417 21332 297 410 306 366 423 516 2364 295 531 226 2016 464 215 414 2260 641 431
internal_value=-0.00171112 -0.00231345 0.00959298 -0.00235521 -0.000835344 0.0015601 0.00541872 0.0177519 -0.00163252 0.0204085 0.00496166 0.0147529 0.00828041 0.0103621 -0.0024357 0.00409595 0.00829685 0.0252836 0.0128775 0.0290323 0.0157049 0.0246465 0.00128117 0.00241642 0.00205951 0.0465032 0.00530899 0.00733698 0.00177085 0.00275286 0.00406057 -0.00073243 0.0447629 0.0176435 0.00891994 0.00883781 0.00625677 0.0205804 -0.00189672 -0.000983618 -0.00206357 0.00780351 0.00255618 0.0225 -0.00132933 -0.00162542 0.00621212 0.0171429 0.0117857 0.0147118 0.0137915 0.000458177 0.0173603 0.0119837 0.0109409 0.000980215 0.00452918 0.0183767 0.00604885 0.00136331 0.00595416 0.00732881
internal_weight=3.45154e+06 3.40895e+06 11916 3.39704e+06 170846 42659 18260 4297 128187 3562 7619 1649 10802 6352 3.22619e+06 7118 2033 1913 4017 1240 2362 792 7458 5085 8560 42587 4450 2699 8359 6387 4367 19094 7709 1951 1655 958 1466 1107 119627 18465 101162 1252 3115 691 24399 21629 924 704 1008 642 844 2941 501 910 558 2770 754 673 696 4138 2335 1694
internal_count=3451539 3408952 11916 3397036 170846 42659 18260 4297 128187 3562 7619 1649 10802 6352 3226190 7118 2033 1913 4017 1240 2362 792 7458 5085 8560 42587 4450 2699 8359 6387 4367 19094 7709 1951 1655 958 1466 1107 119627 18465 101162 1252 3115 691 24399 21629 924 704 1008 642 844 2941 501 910 558 2770 754 673 696 4138 2335 1694
cat_boundaries=0 4 8 12 16 20 23 27 30 34 37 40 43 47
cat_threshold=119544864 1073741825 277352512 5 2100484 17369242 268437856 1 16777216 8388608 0 4 2098176 0 268435520 4 1024 17303570 268437760 1 1610744068 17367186 32 164225 46202924 134217764 96 2099456 589842 268437760 2016089856 58728462 163708992 1288 35653888 40 2048 2181169152 38010880 1048592 0 2066 256 671258624 1073741828 67108932 32
is_linear=0
shrinkage=0.05


Tree=1
num_leaves=63
num_cat=11
split_feature=8 5 8 2 5 5 10 7 9 4 5 8 7 0 0 0 4 3 20 34 6 5 9 9 8 21 8 9 8 4 0 9 28 0 0 45 8 8 8 43 28 28 0 7 0 8 8 8 9 5 4 34 8 0 31 17 28 0 7 20 0 3
split_gain=33934.1 1255.31 912.445 809.674 1195.76 711.214 310.922 161.167 92.3779 69.7891 46.0514 96.5081 43.9343 31.5886 29.1385 27.7365 27.4739 24.8683 22.0179 21.9658 20.8169 29.5819 26.5416 19.6289 77.0304 18.9061 18.6646 62.161 14.2883 12.6854 12.3916 12.0701 11.2162 10.6097 8.96484 8.86007 8.43544 8.32383 8.10544 7.33295 6.88575 9.59629 8.08129 6.65711 5.92777 5.62664 5.1727 5.06841 5.06467 5.05732 5.03611 4.67057 4.61264 4.51701 4.49847 4.34871 4.26375 5.53712 4.1327 3.91764 3.88859 3.74008
threshold=1.0000000180025095e-35 -1.0000000180025095e-35 0.095833335071802153 1.0000000180025095e-35 1.0000000180025095e-35 -1.0500000119209287 1.0000000180025095e-35 1.0000000180025095e-35 0.043654773384332664 -1.0000000180025095e-35 -0.15000000223517415 0.15416666865348819 1.0500000119209292 0 1 2 -1.0500000119209287 1.0000000180025095e-35 5.2083332538604745 1.0000000180025095e-35 0.25000000745058065 1.5500000119209292 0.2618983536958695 0.2618983536958695 1.3625000119209292 0.72499999403953563 1.8291667103767397 0.2618983536958695 0.029166667722165588 -4.4500000476837149 3 0.2618983536958695 0.054168537259101875 4 5 1.0000000180025095e-35 1.3291667103767397 0.070833336561918273 0.25416666269302374 -0.57078385353088368 0.021568628028035167 0.036731028929352767 6 0.15000000223517421 7 0.38750000298023229 0.012500000651925804 0.095833335071802153 0.023238184861838821 -4.2499999999999991 -1.0000000180025095e-35 0.65000000596046459 0.070833336561918273 8 0.05172413773834706 2.8541666269302373 0.061906902119517333 9 0.15000000223517421 0.55000001192092907 10 1.0000000180025095e-35
decision_type=2 8 2 8 10 10 2 2 2 10 10 2 2 9 9 9 10 10 10 2 2 10 2 2 2 10 2 2 2 10 9 2 2 9 9 2 2 2 2 2 2 2 9 2 9 2 2 2 2 10 8 2 2 9 2 8 2 9 2 10 9 10
left_child=7 2 15 4 8 6 -4 18 14 16 11 -7 19 25 46 17 29 -2 59 32 -6 22 -22 47 -25 28 27 38 -10 -8 49 -12 40 54 51 56 -29 -19 -13 -30 42 43 58 -42 50 -23 -3 61 -16 -11 -15 -20 -17 -37 -14 -31 57 -21 -9 -1 -61 -5
right_child=1 3 5 23 20 10 9 12 13 30 31 26 33 44 48 52 -18 37 34 35 21 45 -24 24 -26 -27 -28 36 39 55 -32 -33 -34 -35 -36 53 -38 -39 -40 -41 41 -43 -44 -45 -46 -47 -48 -49 -50 -51 -52 -53 -54 -55 -56 -57 -58 -59 -60 60 -62 -63
leaf_value=0 0.0047500000707805159 0.0047500000707805159 1.7962498443135588 0.0062500001490116116 0.011250000596046448 0.014549997624754049 0.35392000329258161 0.0047500000707805159 0.014750000592321158 0.22506748594880382 0.10124999523162842 0.016250000298023225 0 0.27019996379617156 0.0097500001452863229 -0.00025000000372529032 0.18924999237060547 0.0047500000707805159 0 0.0047500000707805159 0.14924997878076396 0.95368747852742686 0.15174686148322805 0.14824998950959981 1.719249963760376 0.27925000727176735 0.67949953442832234 0.11824997520446204 0.22024999499320985 0.22884998633857334 0.082749909997070867 0.43924999237060547 0 0 0 0.0047500000707805159 0.13899998062850188 0.0032625008776781166 0.081250002384185796 0.16933874035835494 0.0047500000707805159 0.0045000000670552256 0 0.0049749986972659624 0.10899999737739563 1.2241937229893565 0.0047500000707805159 0.066249998807907107 0.0047500000707805159 0.18329124124224574 0.17450000286102296 0.41349998950958256 0.0047500000707805159 0.0045000000670552256 0 0.21928748476188567 0 0.0047500000707805159 0.0047500000707805159 0 0 0.0062500001490116116
leaf_weight=3170519 380 494 654 645 4049 245 209 3126 245 203 3788 295 18537 293 271 1797 265 726 2059 3209 309 318 350 305 1749 489 892 203 357 303 1487 263 10536 55115 14775 3704 202 260 723 424 587 2624 34131 463 886 2543 475 24507 261 442 867 2260 637 10773 22531 220 666 3022 1822 5607 30970 472
leaf_count=3170519 380 494 654 645 4049 245 209 3126 245 203 3788 295 18537 293 271 1797 265 726 2059 3209 309 318 350 305 1749 489 892 203 357 303 1487 263 10536 55115 14775 3704 202 260 723 424 587 2624 34131 463 886 2543 475 24507 261 442 867 2260 637 10773 22531 220 666 3022 1822 5607 30970 472
internal_value=-0.00172853 0.0374116 0.0246241 0.0419144 0.0314245 0.0322893 0.0149993 -0.00235651 0.0126126 0.00844599 0.0421831 0.0369336 -0.000859927 0.00822732 0.0230163 0.00365789 0.0193656 0.00932776 -0.00243576 5.01246e-05 0.0440055 0.0411932 0.0316426 0.0467015 0.0419985 0.0136803 0.0400918 0.0365372 0.0176267 0.0143716 0.00333959 0.0455005 -0.00049302 -0.00156636 -0.000742904 0.00140428 0.0199691 0.00520791 0.0431287 0.0209315 -0.000132915 0.00193658 -0.000327478 0.00597619 0.00410263 0.043393 0.0282201 0.0470785 0.0127675 0.00906488 0.00645299 0.00125953 0.00043576 0.00070163 -0.000957204 0.0185325 0.00287915 0.00328559 0.0015591 -0.00244584 -0.00193134 0.0437847
internal_weight=3.45154e+06 54503 14194 40309 12631 10394 3783 3.39704e+06 5062 3129 6611 2560 170846 3561 1501 3800 997 1366 3.22619e+06 74663 7569 3520 659 27678 2054 1515 2315 1423 1026 732 2132 4051 53289 96183 19094 21374 405 986 1018 781 42753 3674 39079 1050 2046 2861 969 25624 532 645 1160 4319 2434 14477 41068 523 6897 6231 4948 3.2071e+06 36577 1117
internal_count=3451539 54503 14194 40309 12631 10394 3783 3397036 5062 3129 6611 2560 170846 3561 1501 3800 997 1366 3226190 74663 7569 3520 659 27678 2054 1515 2315 1423 1026 732 2132 4051 53289 96183 19094 21374 405 986 1018 781 42753 3674 39079 1050 2046 2861 969 25624 532 645 1160 4319 2434 14477 41068 523 6897 6231 4948 3207096 36577 1117
cat_boundaries=0 4 8 12 16 20 24 28 32 35 38 42
cat_threshold=656544768 1116274713 134742084 37 16780320 8388608 268435520 4 16780320 0 268435520 4 639766785 1086324905 32 1 723648768 1099497656 2416976224 1 2016089856 58859534 163708992 1288 0 8388608 0 4 1074792869 16777378 813696304 384 16777216 8388608 268437568 134400 16779280 268435520 679675137 29360132 1409286212 6
is_linear=0
shrinkage=0.05


Tree=2
num_leaves=63
num_cat=15
split_feature=1 1 8 8 9 1 7 2 8 9 0 0 0 0 7 41 3 5 2 0 4 41 41 28 14 1 4 8 2 4 0 34 43 43 1 0 4 0 4 9 0 16 16 3 28 0 0 0 7 9 0 41 7 7 43 28 18 9 0 1 0 41
split_gain=21715.3 2529.9 1904.4 423.674 313.048 432.12 161.186 136.236 137.899 132.326 69.3956 60.2708 58.556 44.3374 43.9343 31.8295 29.1135 26.2966 35.901 25.2993 23.9714 22.2127 30.2557 23.1937 21.1638 20.5752 20.3695 17.6362 22.6719 17.4382 17.2874 15.9637 14.7576 13.5197 13.4044 13.257 13.0073 12.0132 12.722 11.7896 11.3609 11.1305 11.0856 16.3149 10.9128 10.6097 9.84897 9.23159 9.09154 9.33577 8.87599 8.75235 8.29115 8.26964 8.02778 7.26253 7.20245 7.11941 7.03532 6.9046 6.55515 6.26653
threshold=1.0000000180025095e-35 0.15000000223517421 0.095833335071802153 1.0000000180025095e-35 0.2618983536958695 2.7500000000000004 1.0000000180025095e-35 1.0000000180025095e-35 0.10416666790843011 0.03214703872799874 0 1 2 3 1.0500000119209292 -0.63405361771583546 1.0000000180025095e-35 -1.0000000180025095e-35 1.2500000000000002 4 -1.0000000180025095e-35 0.81241145730018627 -0.2901292592287063 0.061906902119517333 7.2500000000000009 2.0499999523162846 0.15000000223517421 0.18750000000000003 0.15000000223517421 -1.0000000180025095e-35 5 1.0000000180025095e-35 0.69056403636932384 0.70290291309356701 3.4500000476837163 6 0.55000001192092907 7 -0.55000001192092884 0.049961389973759658 8 2.2500000000000004 9.7500000000000018 1.0000000180025095e-35 0.021568628028035167 9 10 11 0.15000000223517421 0.0082167778164150568 12 -0.77259656786918629 0.15000000223517421 0.65000000596046459 0.8431384563446046 0.046430176123976714 1.2749999761581423 0.0494955312460661 13 1.5500000119209292 14 -0.9103761315345763
decision_type=10 10 2 2 2 10 2 8 2 2 9 9 9 9 2 2 10 10 10 9 10 2 2 2 10 10 10 2 10 10 9 2 2 2 10 9 10 9 10 2 9 10 10 10 2 9 9 9 2 2 9 2 2 2 2 2 8 2 9 10 9 2
left_child=3 2 39 6 -3 12 24 -4 11 16 20 -9 26 27 21 46 30 25 36 33 41 22 47 31 -1 59 -6 28 -10 -15 -5 44 60 -17 -7 -23 56 38 -12 -2 52 -11 43 57 -24 -16 -13 -8 -21 -50 -26 -31 -34 -45 -46 58 -19 -22 -56 -14 -33 -40
right_child=1 4 7 9 5 34 14 8 13 10 37 15 17 29 45 19 -18 18 -20 48 42 35 23 -25 50 -27 -28 -29 -30 51 -32 32 40 -35 -36 -37 -38 -39 61 -41 -42 -43 -44 53 54 -47 -48 -49 49 -51 -52 -53 -54 -55 55 -57 -58 -59 -60 -61 -62 -63
leaf_value=0 0.0056875001192092899 0.10793749767541885 0.0056875001192092899 0.0045125000672414902 0.02828562112370735 0.24240409568534119 0.0045125000672414902 -0.0020624998658895499 0.0029375002086162562 0.18288842695489713 0.25883797937956959 0.0029375002086162562 0.12312750132802108 0.01096249745637197 0 0.0029375002086162562 0.0045125000672414902 0.17395826339727655 0.06667750786966789 0.0029375002086162562 0.0045125000672414902 0.0047500000707805159 0.0045000000670552256 0 0.17282500910758972 0.16188500006684567 0.18414655999710525 0.0054375001341104498 0.0011875003874301905 0.0029375002086162562 0.0047625000709667804 0.0045250000674277547 0.0045125000672414902 0.0029375002086162562 1.5032875418663025 0 0.44488788018822095 0.0088274962649541877 0.0040125000411644577 0.011012500395812084 0.0045125000672414902 0.25121729199196519 0.11745820029307399 0.0045125000672414902 0.0045125000672414902 0 0.0029375002086162562 0 0.0029375002086162562 0.0029375002086162562 0 0.0079375006556510926 0.0047625000709667804 0.16423750239610674 0.0081262411162628719 0.0042750000637024636 0.10804032201001686 0.18598809289205762 0.0045125000672414902 0.095242521911213768 0.0045250000674277547 0.16138280546778266
leaf_weight=3201103 4447 18598 294 688 761 542 9583 4744 369 523 377 315 285 347 41068 717 388 215 357 403 209 561 15382 4937 6031 205 215 219 912 243 417 2092 841 497 4246 16313 333 4563 934 221 1142 202 443 406 1066 55115 1211 17519 423 558 19056 464 1053 340 247 235 201 540 226 245 3466 1886
leaf_count=3201103 4447 18598 294 688 761 542 9583 4744 369 523 377 315 285 347 41068 717 388 215 357 403 209 561 15382 4937 6031 205 215 219 912 243 417 2092 841 497 4246 16313 333 4563 934 221 1142 202 443 406 1066 55115 1211 17519 423 558 19056 464 1053 340 247 235 201 540 226 245 3466 1886
internal_value=-0.00188031 0.0336026 0.0181909 -0.00232358 0.043239 0.0346926 -0.0023566 0.00743086 0.00656584 0.00708795 0.00509378 0.0036175 0.0191542 0.0168031 -0.000859927 0.00802854 0.0210097 0.0243909 0.0196519 0.0114145 0.0120436 5.01246e-05 0.000516144 0.00159131 -0.00243585 0.0318537 0.00893509 0.0110265 0.00885831 0.0246851 0.0251471 0.0021932 0.00395218 0.0166789 0.0438346 -0.00154587 0.0258712 0.00268983 0.0050382 0.0451971 0.0067556 0.0198448 0.00918731 0.0112458 0.00131208 -0.00156636 0.00231651 -0.00070124 0.00662841 0.0092737 -0.000989258 0.0204137 0.00912027 0.00601206 0.00502537 0.00915254 0.019976 0.0164586 0.012722 0.0266509 0.00242083 0.00390071
internal_weight=3.45154e+06 42587 16384 3.40895e+06 26203 7605 3.39704e+06 11716 11422 11916 10423 8868 2817 2554 170846 4124 1493 1841 1106 2598 2663 74663 57789 30687 3.22619e+06 735 976 1500 1281 1054 1105 25750 8594 1214 4788 16874 749 7760 3197 4668 3036 725 1938 1495 17156 96183 1526 27102 1384 981 25087 707 1894 746 1774 708 416 749 473 530 5558 2820
internal_count=3451539 42587 16384 3408952 26203 7605 3397036 11716 11422 11916 10423 8868 2817 2554 170846 4124 1493 1841 1106 2598 2663 74663 57789 30687 3226190 735 976 1500 1281 1054 1105 25750 8594 1214 4788 16874 749 7760 3197 4668 3036 725 1938 1495 17156 96183 1526 27102 1384 981 25087 707 1894 746 1774 708 416 749 473 530 5558 2820
cat_boundaries=0 4 8 12 15 18 22 26 30 33 37 39 43 47 49 52
cat_threshold=119541793 1078001665 8912996 5 16909312 262168 8388608 4 588318976 8978457 2147619904 2 131328 8914970 268437504 4 17303554 268435520 16780288 8388608 268435520 4 16777216 8388608 0 4 1611828480 33554604 940584976 480 134404 16779288 268435520 723648768 1099497656 2416976224 1 0 25690112 16777472 8388608 276824064 4 2016089984 62922766 230821952 1288 256 17303568 2048 2186 268435520
is_linear=0
shrinkage=0.05


Tree=3
num_leaves=63
num_cat=14
split_feature=1 1 8 9 1 8 2 9 42 0 4 5 1 4 0 0 42 0 3 0 5 0 0 0 29 44 16 4 14 0 2 9 1 9 9 0 5 45 0 0 31 39 0 8 1 2 4 8 8 1 14 42 32 42 42 1 6 1 8 44 34 0
split_gain=13896.4 2545.92 2156.67 538.916 472.87 318.269 231.051 155.953 113.615 119.121 91.6465 60.5708 76.1699 62.1692 50.5643 46.2008 39.2356 32.5364 30.0637 25.584 25.3729 24.7812 22.7612 21.4634 25.1062 23.0582 19.564 18.2858 17.4278 17.2874 16.0705 15.1451 14.7037 14.694 14.5049 14.3765 13.4621 12.5377 12.4577 12.4029 11.4653 11.4123 11.3106 11.0734 13.7135 14.4854 10.6156 10.3326 10.2794 9.86265 8.63995 8.35623 8.20738 7.96705 11.2377 7.56595 7.12295 7.11884 7.43864 7.04297 6.75361 6.58455
threshold=1.0000000180025095e-35 0.25000000745058065 0.095833335071802153 0.2618983536958695 4.2500000000000009 1.0000000180025095e-35 1.0000000180025095e-35 0.03214703872799874 -0.81241145730018605 0 -1.0000000180025095e-35 -1.0000000180025095e-35 1.8499999642372134 0.55000001192092907 1 2 -0.68322628736495961 3 1.0000000180025095e-35 4 0.25000000745058065 5 6 7 1.046139180660248 0.4584775865077973 6.7500000000000009 -0.15000000223517415 7.2500000000000009 8 1.0000000180025095e-35 0.054821258410811431 7.5499999523162851 0.050306759774684913 0.064519822597503676 9 1.0000000180025095e-35 1.0000000180025095e-35 10 11 0.086206898093223586 0.37000000476837164 12 0.10416666790843011 0.15000000223517421 0.15000000223517421 -1.3499999642372129 0.78750002384185802 0.10416666790843011 2.0499999523162846 3.7500000000000004 -0.84874749183654774 1.0000000180025095e-35 -0.16280825436115262 -0.84874749183654774 4.6499998569488534 1.0000000180025095e-35 0.15000000223517421 0.10416666790843011 -0.25206183642148966 0.65000000596046459 13
decision_type=10 10 2 2 10 2 8 2 2 9 8 10 10 10 9 9 2 9 10 9 10 9 9 9 2 2 10 8 10 9 8 2 10 2 2 9 10 2 9 9 2 2 9 2 10 10 8 2 2 10 10 2 2 2 2 10 2 10 2 2 2 9
left_child=5 2 31 30 11 15 34 18 9 48 19 12 22 20 26 16 23 43 29 -10 -13 -11 -5 -1 25 37 -9 38 56 53 -3 -2 46 57 -4 -22 60 42 -16 -29 52 -21 51 -12 45 -45 -6 49 -8 -15 -18 -25 -26 54 -7 -48 -17 58 -19 -50 -23 -58
right_child=1 3 6 4 32 7 8 14 10 21 17 13 -14 47 27 28 50 33 -20 41 35 36 -24 24 40 -27 -28 39 -30 -31 -32 -33 -34 -35 -36 -37 -38 -39 -40 -41 -42 -43 -44 44 -46 -47 55 -49 59 -51 -52 -53 -54 -55 -56 -57 61 -59 -60 -61 -62 -63
leaf_value=0 0.0056531251356005665 0.20039055798946001 0.0054031251132488252 0.0073613006361853642 0.27596353657783507 0.0042868750638794155 0.0027906251981854439 0.19648042063132348 0.0025406257718801496 0.0075406254738569255 -0.0019593748725950724 0.0098607373348269141 0.15382979119128604 0.27464249267522195 0.17839456650312693 0 0 0.0027906251981854439 0.0042868750638794155 0.0025406257718801496 0.024851992059961397 0.0027906251981854439 0.1094385898616215 0.0050000000745058061 0.004286250063870102 0 0.20749428594398001 0.11496916437490266 0 0.0045243750674184412 0.14754062756001948 0.012100619541069717 1.9515459958191117 0.0075406254738569255 0.015311000621113798 0.13554818893880702 0.0025406257718801496 0.004286250063870102 0.17378361478244858 0.0043118750651832674 0.0040362500601448118 0.011639375305995337 0.0042868750638794155 0.0027906251981854439 0.0025406257718801496 0.0010406253769993782 0.28387584615813116 0.14555210858752862 0.0027906251981854439 0.82946843775384438 0.0048658033599830825 0.0040362500033713873 0 0.0042868750638794155 0.0042868750638794155 0.5073978381131492 0.076499875545471954 0.0025406257718801496 0.0027906251981854439 0.0025406257718801496 0.0027906251981854439 0
leaf_weight=56086 4610 203 318 224 208 215 1116 528 482 742 4844 685 688 236 527 2863107 372391 1792 388 246 342 1104 474 711 3374 7407 205 2478 23327 417 11436 210 1995 628 200 845 408 4528 723 5962 13213 305 2693 253 2085 561 228 382 309 366 4300 382 38206 251 222 858 2095 1905 312 614 373 5216
leaf_count=56086 4610 203 318 224 208 215 1116 528 482 742 4844 685 688 236 527 2863107 372391 1792 388 246 342 1104 474 711 3374 7407 205 2478 23327 417 11436 210 1995 628 200 845 408 4528 723 5962 13213 305 2693 253 2085 561 228 382 309 366 4300 382 38206 251 222 858 2095 1905 312 614 373 5216
internal_value=-0.00197347 0.0264114 0.0153503 0.0399231 0.0295011 -0.00232807 0.00762529 0.00582914 0.00668192 0.0134023 0.00434411 0.0184689 0.0270455 0.0143067 0.00366425 -0.00235668 -0.00191432 0.00315024 0.0209427 0.018652 0.00895833 0.0204143 0.0154083 -0.00115284 -0.000571934 0.00118933 0.0162416 0.0026933 -0.00243361 0.0251471 0.0466666 0.0451556 0.0437299 0.00645739 0.0405502 0.0133804 0.017091 0.00299675 0.00834 0.00186019 -0.00107737 0.0259759 0.00512018 0.00115987 0.00360555 0.00910934 0.0395788 0.0244817 0.00424719 0.0285631 -0.00217029 0.00939936 -0.00148509 0.0302006 0.0265618 0.0415608 -0.00244468 0.00535732 0.00736217 0.00817172 0.0194025 -0.000885994
internal_weight=3.45154e+06 42587 23417 19170 7531 3.40895e+06 18597 11916 18079 4666 13413 4242 1386 2856 10423 3.39704e+06 503291 12380 1493 1033 1872 2627 698 126600 70514 15721 733 9690 2.89374e+06 1105 11639 4820 3289 4637 518 1187 1885 8314 1250 8440 54793 551 3786 7743 2899 814 1294 984 2039 602 376691 1093 41580 688 437 1086 2.87042e+06 4009 2104 923 1477 7311
internal_count=3451539 42587 23417 19170 7531 3408952 18597 11916 18079 4666 13413 4242 1386 2856 10423 3397036 503291 12380 1493 1033 1872 2627 698 126600 70514 15721 733 9690 2893745 1105 11639 4820 3289 4637 518 1187 1885 8314 1250 8440 54793 551 3786 7743 2899 814 1294 984 2039 602 376691 1093 41580 688 437 1086 2870418 4009 2104 923 1477 7311
cat_boundaries=0 4 8 12 16 19 22 25 29 33 36 39 43 45 49
cat_threshold=16909568 8650760 8388608 6 102764544 1073741825 524320 1 151127300 25692186 268435520 4 16909316 2074 268437504 4 260 17303562 268437504 0 17301520 2048 16779264 589856 4160 151127040 8388616 0 4 16780288 8388608 268435520 4 1073874944 58786832 2155872352 1627522337 46727224 142610436 2702311971 4391076 9445444 36 0 17301520 639670272 1073742209 9445408 33
is_linear=0
shrinkage=0.05


Tree=4
num_leaves=63
num_cat=16
split_feature=1 1 8 9 1 8 42 9 0 4 9 0 0 0 0 0 42 0 28 43 0 1 8 8 6 4 16 20 1 0 8 0 43 0 42 49 0 42 35 0 1 4 35 20 9 0 42 0 6 20 43 8 8 1 1 0 37 9 40 6 28 42
split_gain=10321.1 1969.92 2101.27 569.133 524.947 264.339 205 171.294 156.775 91.5023 86.3755 67.5934 57.4974 46.7454 45.9534 42.6125 38.8103 37.3207 31.6724 43.6917 63.9241 26.9775 61.9735 26.6736 24.7321 20.0251 19.564 17.3795 16.5431 16.297 15.9966 15.8835 15.6911 15.455 15.746 14.8565 13.9869 13.2621 13.2282 13.0835 12.1347 11.5373 9.64669 9.49092 9.45485 10.8438 9.17226 9.07627 9.03086 9.02388 8.55426 8.50855 8.21885 8.13772 8.01747 10.5301 7.85396 7.82329 13.6196 7.39111 7.38257 7.36535
threshold=1.0000000180025095e-35 0.35000000894069677 0.095833335071802153 0.2618983536958695 5.0499999523162851 1.0000000180025095e-35 -0.81241145730018605 0.03214703872799874 0 -1.0000000180025095e-35 0.054821258410811431 1 2 3 4 5 -0.68322628736495961 6 0.040600210428237922 0.61237135529518139 7 0.45000000298023229 0.42083333432674414 0.062500001862645163 4.4500000476837167 -0.35000000894069666 6.7500000000000009 5.2083332538604745 0.15000000223517421 8 0.27083334326744085 9 0.92273071408271801 10 -0.88144907355308522 0.90833333134651195 11 1.0000000180025095e-35 0.55000001192092907 12 8.3499999046325701 -0.94999998807907093 1.1500000357627871 3.1833333969116215 0.18086509406566623 13 -0.63405361771583546 14 0.45000000298023229 0.55000001192092907 0.48314048349857336 0.40416666865348821 0.10416666790843011 2.4500000476837163 0.15000000223517421 15 1.9674999713897707 0.038275755941867835 1.9959999918937685 1.0000000180025095e-35 0.0058823532890528449 -0.16280825436115262
decision_type=10 10 2 2 10 2 2 2 9 8 2 9 9 9 9 9 2 9 2 2 9 10 2 2 2 8 10 10 10 9 2 9 2 9 2 2 9 2 2 9 10 8 2 8 2 9 2 9 2 10 2 2 2 10 10 9 2 2 2 2 2 2
left_child=5 2 10 21 11 14 8 23 52 15 -2 35 26 38 16 30 18 57 19 36 32 22 48 31 -13 39 -9 59 50 -19 -8 61 -21 34 42 -5 60 -17 -10 -14 41 -6 -34 -26 -27 -46 47 -31 -3 -18 -15 -23 -4 -37 55 -48 -52 -11 -59 -16 -1 -7
right_child=1 3 6 4 40 7 9 12 13 17 -12 24 25 28 27 37 49 29 -20 20 -22 51 -24 -25 43 44 -28 -29 -30 46 -32 -33 33 -35 -36 53 -38 -39 -40 -41 -42 -43 -44 -45 45 -47 54 -49 -50 -51 56 -53 -54 -55 -56 -57 -58 58 -60 -61 -62 -63
leaf_value=0.0047981875714985661 0.0053704688788205378 0.0083710976816714078 0.0027260907982289331 0.031941544659099846 0.2795458072848257 0.0040725313106854451 0.0026635939095914357 0.18665639959975733 0.0071635942001640786 0.0026510939382761722 0.01422551721981914 0.12253389573544599 0.17998569172242651 0.0026510939382761722 0 0.0096067360273760331 0 0.0024010939159244296 0 0.0043231875644205138 0 0.1644465916220241 0.014413593022972343 0.0040725313106854451 0.2124891181851386 -0.00089446857004589855 0.19711957164678098 0 0.005163593797832728 0.0024135944832861414 0.00016359409585595119 0.0042981563140475189 0.0085949381471593003 0.0043106563142337835 0.0047856563213118358 0.14126160288835579 0 0.011201093240515431 0.0071635942001640786 0.17437145870427556 1.9450456209638738 0.58945411406242643 0.0047500000707805159 0.30444963590383978 0.16778393070270456 0.057018524970800434 0.0026510939382761722 0.0028885939418151971 0.012569212005423245 0 0.0026635939095914357 0.16516359618201853 0.0024135944832861414 0.56614031247090368 0.0024135944832861414 0.0026510939382761722 0.0051329688575863838 0.0045250756514174928 0.0074135941852629178 0 0.004072562560685911 0.0040725313106854451
leaf_weight=744 4614 1128 1055 1070 265 437 374 528 862 441 228 2105 427 540 2868669 315 370390 6324 57584 4252 9338 209 301 387 863 4746 205 17615 1216 348 343 414 495 1613 559 210 46337 282 324 727 1792 716 247 219 1703 2087 1277 649 286 6301 243 6385 1016 255 3527 1222 601 666 316 7461 5431 255
leaf_count=744 4614 1128 1055 1070 265 437 374 528 862 441 228 2105 427 540 2868669 315 370390 6324 57584 4252 9338 209 301 387 863 4746 205 17615 1216 348 343 414 495 1613 559 210 46337 282 324 727 1792 716 247 219 1703 2087 1277 649 286 6301 243 6385 1016 255 3527 1222 601 666 316 7461 5431 255
internal_value=-0.00202521 0.0224372 0.0141766 0.0364363 0.026446 -0.00233081 0.00759753 0.00510322 0.0156065 0.00468105 0.0439891 0.0163056 0.00283436 0.0216372 -0.00235689 0.017325 -0.00191571 0.00355619 -0.00115837 -0.000435986 0.00180805 0.045448 0.0398615 0.0209427 0.0204512 0.00180155 0.0162416 -0.00243361 0.017682 0.0027276 0.00867607 0.024896 0.00535605 0.00818977 0.0122407 0.00751618 -0.00114126 0.0271128 0.0300878 0.00798527 0.0437135 0.0392431 0.0171092 0.026659 0.000967666 0.00282981 0.0043854 0.008834 0.0442468 -0.00217029 0.0214884 0.046901 0.00445579 0.0150269 0.00365665 0.00582333 0.0246327 0.0112299 0.0137933 -0.00244321 0.00109337 0.0297293
internal_weight=3.45154e+06 42587 26783 15804 7495 3.40895e+06 21941 11916 5857 16084 4842 4722 10423 3786 3.39704e+06 1314 503291 14770 126600 69016 16504 8309 1715 1493 3187 9690 733 2.89374e+06 2600 13347 717 1106 7166 2914 1301 1535 52512 597 1186 1154 2773 981 742 1082 8536 3790 7023 997 1414 376691 1384 6594 2071 465 6026 2499 844 1423 982 2.87613e+06 6175 692
internal_count=3451539 42587 26783 15804 7495 3408952 21941 11916 5857 16084 4842 4722 10423 3786 3397036 1314 503291 14770 126600 69016 16504 8309 1715 1493 3187 9690 733 2893745 2600 13347 717 1106 7166 2914 1301 1535 52512 597 1186 1154 2773 981 742 1082 8536 3790 7023 997 1414 376691 1384 6594 2071 465 6026 2499 844 1423 982 2876130 6175 692
cat_boundaries=0 4 8 12 14 18 21 24 27 31 35 37 40 43 47 50 53
cat_threshold=16909344 8650760 8388608 6 3255996160 42534940 1485968384 1 102764544 1073741825 524320 1 0 17301520 151127300 25692186 268435520 4 131332 17303578 2048 2336 786436 4096 256 17303570 268435520 16909312 2050 2048 4 16780288 8388608 268435520 4 0 17301522 0 524288 268435456 1610744065 46727224 142610436 2701263653 13303998 8260 32 0 8388616 8388608 0 8388608 8388608
is_linear=0
shrinkage=0.05


Tree=5
num_leaves=63
num_cat=12
split_feature=1 8 9 1 42 0 7 42 0 0 18 7 0 0 8 1 2 9 0 0 42 0 42 0 0 3 20 1 44 4 4 41 43 41 4 7 16 1 6 2 4 7 9 6 8 1 18 2 23 7 1 28 7 37 0 39 0 42 7 7 9 34
split_gain=6318.65 1653.91 656.142 517.412 192.123 246.665 157.654 128.624 188.503 81.1437 79.7023 68.3857 57.1678 41.6773 38.6969 86.9845 214.272 99.2402 36.4753 32.4969 29.6101 28.4458 27.1678 29.8312 26.1862 22.7396 21.5955 20.2707 20.0414 19.8087 19.493 19.1855 18.6709 18.5618 16.3077 16.049 15.934 15.3149 14.0393 12.6259 11.0789 11.0127 13.4764 12.0494 19.1709 20.9323 17.3864 10.5101 14.5548 11.5744 10.058 9.64135 9.60911 8.98955 8.73537 8.70082 8.606 8.48109 9.09966 9.20837 8.42049 8.32724
threshold=0.55000001192092907 1.0000000180025095e-35 0.2618983536958695 5.7500000000000009 -0.72947329282760609 0 1.0000000180025095e-35 -0.63405361771583546 1 2 0.77500000596046459 4.8500001430511483 3 4 0.095833335071802153 1.0000000180025095e-35 1.0000000180025095e-35 0.03214703872799874 5 6 0.09796465560793878 7 -0.84874749183654774 8 9 0.25000000745058065 6.2750000953674325 10.250000000000002 1.0000000180025095e-35 -1.0000000180025095e-35 -2.0499999523162837 0.29012925922870642 0.82414472103118908 -0.93540480732917775 1.0000000180025095e-35 0.75000000000000011 1.2500000000000002 1.0000000180025095e-35 0.25000000745058065 3.2500000000000004 0.25000000745058065 0.25000000745058065 0.028186048381030563 0.25000000745058065 0.31250000000000006 0.25000000745058065 1.1458333134651186 1.0000000180025095e-35 0.096269693225622191 0.15000000223517421 1.0000000180025095e-35 0.017647059634327892 0.35000000894069677 1.9674999713897707 10 0.58499997854232799 11 -0.032701563090086067 0.15000000223517421 0.45000000298023229 0.03214703872799874 1.0500000119209292
decision_type=10 2 2 10 2 9 2 2 9 9 10 2 9 9 2 10 10 2 9 9 2 9 2 9 9 10 10 10 2 8 8 2 2 2 10 2 10 10 2 10 10 2 2 2 2 10 10 10 10 2 10 2 2 2 9 2 9 2 2 2 2 2
left_child=1 6 -2 11 5 12 26 8 10 25 22 21 28 51 15 17 24 20 31 29 -11 -4 23 -8 -17 37 -1 30 -3 33 -5 54 -25 -16 36 -12 41 -6 -30 40 -13 42 50 46 45 -45 52 48 -31 -49 -14 57 -43 -36 -7 -41 -28 -9 -59 -60 -39 -34
right_child=2 4 3 27 9 18 7 13 -10 14 35 39 34 -15 19 16 -18 -19 -20 -21 -22 -23 -24 32 -26 -27 56 -29 38 47 -32 -33 61 -35 53 -37 -38 60 -40 55 -42 43 -44 44 -46 -47 -48 49 -50 -51 -52 -53 -54 -55 -56 -57 -58 58 59 -61 -62 -63
leaf_value=0 0.16190541160454602 0.0069054145102724427 0.043625492146288483 0.32571852003183549 0.11362148670716443 0.0041371897833613518 0.0045250000674277547 0.0027868797912732296 0 0.0038689047451511724 0.0043106875642342493 0.12468173592232037 0.0038689047451511724 0 0.0063229761732881834 0.009851945859562606 0.0040705682837259829 -0.00084974514154360361 0.0027647894020900151 0.0008679143839851023 0.0038689047451511724 0.10231691903557712 0.0045250000674277547 0.0045250000674277547 0.0048519454125277696 0.12798963292419771 0.28418373957872389 2.0181082269401291 0.014389820943884669 0.16148402182540333 0.49604110687563552 0.009851945859562606 0.0088449152006491467 0.13174406141725867 0.010702023004537176 0 0.10283360803549607 0.0025185392413623639 0.0098054152799174187 0.15789549943427147 0.36635842069349689 0.0048519454125277696 0.0048519454125277696 0.051826816133832443 0.1150762630672319 1.9164398765192384e-05 0.009851945859562606 -0.0019814608247615412 0.1000189940794263 0.0025185392413623639 0.0025185392413623639 0 0.009851945859562606 0.0048519454125277696 0.0047450389137491562 0.17526743296987146 0 0.004287500063888729 0.004287500063888729 0.0050000000745058061 0.0067929146399125454 0.004274375063693151
leaf_weight=3209008 5245 628 1235 205 722 1998 2183 1862 23906 485 2668 684 227 119603 571 220 662 3037 3891 7070 272 1794 4357 2489 985 436 3309 1416 272 427 869 589 1308 915 496 5426 203 229 348 243 453 426 1550 313 444 262 310 1400 331 9177 213 2555 295 402 1432 532 13060 2752 776 498 517 223
leaf_count=3209008 5245 628 1235 205 722 1998 2183 1862 23906 485 2668 684 227 119603 571 220 662 3037 3891 7070 272 1794 4357 2489 985 436 3309 1416 272 427 869 589 1308 915 496 5426 203 229 348 243 453 426 1550 313 444 262 310 1400 331 9177 213 2555 295 402 1432 532 13060 2752 776 498 517 223
internal_value=-0.00210611 -0.00223603 0.0331303 0.0235732 0.00765447 0.0123542 -0.00235764 -0.000876377 0.00150493 0.00520688 0.00527031 0.0142071 0.0196558 -0.00166788 0.00445857 0.00810767 0.016943 0.00375988 0.00642361 0.00342228 0.0199571 0.00953367 0.00813447 0.01026 0.00438797 0.0151463 -0.00243599 0.0421586 0.0294356 0.00492148 0.0369786 0.00976731 0.0128164 0.0103533 0.0172292 0.00154003 0.0185582 0.012248 0.0360484 0.0216109 0.0182564 0.019245 0.0165955 0.0218171 0.0179612 0.0119348 0.025628 0.00421372 0.00990105 0.00380614 0.0243182 0.00172631 0.0298856 0.0111414 0.00836006 0.0265323 -0.000624504 0.00284137 0.00413189 0.00762559 0.0172721 0.017193
internal_weight=3.45041e+06 3.43774e+06 12676 7431 41755 14299 3.39598e+06 170606 42560 27456 18654 4941 6389 128046 25552 5661 1867 3794 7910 19891 757 3029 10560 6203 1205 1904 3.22538e+06 2490 1248 12821 1074 4019 4020 1486 5141 8094 4243 1468 620 1912 1137 4040 1990 2050 1019 575 1031 11335 758 10577 440 8443 721 898 3430 775 16369 5888 4026 1274 746 1531
internal_count=3450414 3437738 12676 7431 41755 14299 3395983 170606 42560 27456 18654 4941 6389 128046 25552 5661 1867 3794 7910 19891 757 3029 10560 6203 1205 1904 3225377 2490 1248 12821 1074 4019 4020 1486 5141 8094 4243 1468 620 1912 1137 4040 1990 2050 1019 575 1031 11335 758 10577 440 8443 721 898 3430 775 16369 5888 4026 1274 746 1531
cat_boundaries=0 4 8 11 15 19 23 27 31 34 36 38 42
cat_threshold=1713375236 1091043472 268437600 1 2100484 17631386 268437856 1 67115040 1074003973 528384 0 16 2048 1 16777216 8388608 0 4 1313 33556491 1048592 256 589432065 29949992 411050084 97 587337472 59312157 1216484352 2 2097412 327816 96 131328 17301528 1056 2050 2016089856 58859534 96469056 1032
is_linear=0
shrinkage=0.05


Tree=6
num_leaves=63
num_cat=0
split_feature=1 8 9 1 42 7 42 7 7 6 7 18 5 1 7 1 5 7 43 42 7 20 39 2 9 1 11 7 1 9 42 18 43 41 39 1 42 39 9 1 1 8 2 6 37 9 39 39 6 7 23 5 16 18 7 8 8 8 9 1 27 36
split_gain=4105.14 1061.89 561.695 466.637 205.963 154.718 123.905 141.461 56.184 56.6875 75.504 69.4087 55.9587 66.1189 53.8417 42.7126 31.2284 30.825 29.4131 24.6814 26.7737 21.3187 21.2288 20.6221 29.2753 23.6239 20.4291 17.9606 17.2351 19.2406 16.4488 16.0934 13.8765 13.829 13.1269 12.7909 12.205 13.4881 11.5499 21.3162 16.3105 20.2175 17.9139 10.9112 10.7419 15.0243 10.6342 10.6305 9.63839 9.58161 17.2153 9.26924 8.82877 8.76218 20.054 8.48632 8.27474 8.25236 15.6128 31.4474 8.03652 7.97557
threshold=0.75000000000000011 1.0000000180025095e-35 0.2618983536958695 5.8500001430511483 -0.72947329282760609 1.0000000180025095e-35 -0.63405361771583546 1.0500000119209292 0.15000000223517421 0.25000000745058065 0.25000000745058065 0.14583333581686023 -1.0000000180025095e-35 2.1499999761581425 0.35000000894069677 12.150000095367433 0.84999999403953563 0.45000000298023229 0.82899317145347606 -0.84874749183654774 0.15000000223517421 5.2916667461395273 0.26199999451637274 1.0000000180025095e-35 0.03214703872799874 1.0000000180025095e-35 1.0416666865348818 0.15000000223517421 0.35000000894069677 0.082541696727275862 -0.16280825436115262 4.1833331584930429 0.45273815095424658 -0.88144907355308522 0.60599997639656078 4.4500000476837167 -0.84874749183654774 0.19749999791383746 0.050306759774684913 0.35000000894069677 0.15000000223517421 0.10416666790843011 0.15000000223517421 2.4500000476837163 1.9674999713897707 0.0082167778164150568 0.057500001043081291 0.65450000762939464 0.15000000223517421 0.35000000894069677 0.1002512574195862 1.0000000180025095e-35 3.7500000000000004 0.94999998807907116 0.15000000223517421 0.55416667461395275 0.77083331346511852 0.029166667722165588 0.033100223168730743 1.0000000180025095e-35 0.0696452632546425 3.5000000000000004
decision_type=10 2 2 10 2 2 2 2 2 2 2 10 10 10 2 10 10 2 2 2 2 10 2 8 2 10 2 2 10 2 2 8 2 2 2 10 2 2 2 10 10 2 10 2 2 2 2 2 2 2 10 10 8 10 2 2 2 2 2 10 2 2
left_child=1 5 -2 12 8 21 7 18 57 10 32 14 13 43 -12 26 -14 -11 34 20 -20 -1 28 24 25 30 -5 -25 -19 -30 -6 -9 61 -29 36 56 37 46 40 -40 41 44 -43 -4 45 -35 -7 60 -34 -26 55 -16 -15 54 -39 -51 -18 58 59 -3 -22 -10
right_child=2 4 3 15 23 6 -8 31 9 17 11 -13 16 52 51 -17 35 22 19 -21 47 -23 -24 27 49 -27 -28 33 29 -31 -32 -33 48 38 -36 -37 -38 53 39 -41 -42 42 -44 -45 -46 -47 -48 -49 -50 50 -52 -53 -54 -55 -56 -57 -58 -59 -60 -61 -62 -63
leaf_value=0 0.17314767616422691 0.0036754595078936137 0.0033532073075251616 0.23232055558002951 0.0036754595078936137 0.0042972333172693221 0 0.10015127258679518 0.0046093481419013814 0.0020735552986385019 0.0046093481419013814 0.0061571808383247524 0.025493286535475852 0.17549918457112196 0.006562817368541099 2.270138100287443 0.47450155921883019 0.15231699461375414 0.0040827543073952968 0.0040431247668433886 0.0079061323868218642 0 0.088015457654110563 -0.0001015830538125942 0.004183491997503579 0.0093593485665844755 0.50791331954345098 0.0021551128243042146 0.004399768188235534 0.012312488955428915 0.0036754595078936137 0 0.0046450859233597023 0.0023926122792942458 0.0040587910783399421 0.46428740729733731 0.00408343441205821 0.0040969375610491257 0.032581075855638443 0.0088101422164116091 0.0021669877970537156 0.0024051122804118323 0.00077101844659889463 0.085398787004027976 0.0028926122876761469 0.0023926122792942458 0 0.0038811541171368822 0.0022931622684244065 0.11003045043025678 0.12909355592184271 0.0093593485665844755 0.12866156382055163 0.0040832156858446548 0.0086307782536086172 0.22565091721362626 0.10920779102592609 0.0036263074745247845 -0.00039065193260442516 0.004325344863504341 0.0040827543073952968 0.0023116797521942956
leaf_weight=3206481 3166 338 229 223 254 1318 128046 6708 387 1472 1023 924 1096 480 258 1150 685 944 1464 1970 515 18896 1977 4263 1384 401 1087 6635 214 411 313 19479 927 403 3448 403 3194 1266 3046 949 5779 322 332 519 1815 674 927 429 1032 965 1316 669 292 901 599 299 1176 2564 257 337 342 1041
leaf_count=3206481 3166 338 229 223 254 1318 128046 6708 387 1472 1023 924 1096 480 258 1150 685 944 1464 1970 515 18896 1977 4263 1384 401 1087 6635 214 411 313 19479 927 403 3448 403 3194 1266 3046 949 5779 322 332 519 1815 674 927 429 1032 965 1316 669 292 901 599 299 1176 2564 257 337 342 1041
internal_value=-0.00216321 -0.00225853 0.0290439 0.021451 0.00546585 -0.00235844 -0.00089103 0.00144619 0.010275 0.0119915 0.0151649 0.0211256 0.0125 0.0204605 0.0264744 0.0392073 0.00889881 0.00803208 0.00509177 0.00842161 0.0114818 -0.00243605 0.010557 0.0030283 0.00597526 0.0137707 0.0330344 0.00242815 0.0148996 0.02134 0.0203395 -0.000833143 0.010107 0.0030575 0.00374303 0.0122526 0.0048309 0.00637048 0.00398649 0.00623592 0.00302279 0.00569233 0.0136315 0.00986631 0.00389696 0.00785283 0.00349109 0.0167457 0.0128395 0.00407164 0.00587209 0.0352023 0.0307254 0.00870752 0.0106635 0.0100396 0.0105038 0.00473684 0.00876609 0.0127593 0.0199621 0.00635854
internal_weight=3.45041e+06 3.43991e+06 10506 7340 43925 3.39598e+06 170606 42560 14775 11279 6261 2874 4880 1520 1950 2460 3360 5018 16373 4720 2750 3.22538e+06 3546 29150 4932 968 1310 24218 1569 625 567 26187 3387 19955 11653 2264 8205 5011 13320 3995 9325 3546 654 748 2892 1077 2245 1286 1959 3964 2580 927 772 2766 1865 1264 1861 3496 932 675 857 1428
internal_count=3450414 3439908 10506 7340 43925 3395983 170606 42560 14775 11279 6261 2874 4880 1520 1950 2460 3360 5018 16373 4720 2750 3225377 3546 29150 4932 968 1310 24218 1569 625 567 26187 3387 19955 11653 2264 8205 5011 13320 3995 9325 3546 654 748 2892 1077 2245 1286 1959 3964 2580 927 772 2766 1865 1264 1861 3496 932 675 857 1428
is_linear=0
shrinkage=0.05


Tree=7
num_leaves=63
num_cat=13
split_feature=1 8 9 1 42 0 7 42 0 7 0 1 7 1 0 0 42 43 6 1 5 5 0 7 0 41 14 9 8 44 18 6 7 0 0 7 0 8 35 0 1 9 2 8 41 42 0 8 2 9 0 42 43 17 7 7 42 7 7 9 22 7
split_gain=3175.65 966.524 598.962 402.642 178.731 199.25 150.752 118.349 173.236 81.9696 75.3651 67.8617 50.945 47.6533 45.1502 39.6514 34.2172 35.502 30.4877 51.0418 28.7728 26.6091 26.376 24.4654 20.8272 21.5632 20.6751 18.8666 20.373 18.7774 16.9981 15.7706 19.2624 15.3321 15.193 14.7641 14.711 13.8815 13.6997 13.6963 13.503 12.6504 12.3257 12.1327 10.4446 10.2011 10.275 9.46627 9.44704 24.7131 9.35794 9.23424 9.20348 9.10755 11.061 8.80951 9.96389 10.7119 8.58318 8.32078 8.11836 8.0201
threshold=0.84999999403953563 1.0000000180025095e-35 0.2618983536958695 6.1499998569488534 -0.72947329282760609 0 1.0000000180025095e-35 -0.68322628736495961 1 0.84999999403953563 2 14.650000095367433 5.0499999523162851 0.25000000745058065 3 4 -0.84874749183654774 0.82899317145347606 0.25000000745058065 0.35000000894069677 1.0000000180025095e-35 -1.0000000180025095e-35 5 0.15000000223517421 6 0.41248606145381933 6.2500000000000009 0.028186048381030563 0.095833335071802153 -0.031174269504845139 1.0000000180025095e-35 0.25000000745058065 0.35000000894069677 7 8 0.75000000000000011 9 0.079166669398546233 1.3499999642372134 10 2.4500000476837163 4.2203149795532235 6.4500000476837167 1.0041666626930239 -0.41248606145381922 -0.47114434838294977 11 1.3291667103767397 1.0000000180025095e-35 0.03214703872799874 12 -0.63405361771583546 0.79383251070976268 0.45000000298023229 0.15000000223517421 2.8500000238418584 -0.032701563090086067 0.15000000223517421 0.45000000298023229 0.11356651410460473 0.45000000298023229 0.25000000745058065
decision_type=10 2 2 10 2 9 2 2 9 2 9 10 2 10 9 9 2 2 2 10 10 10 9 2 9 2 10 2 2 2 10 2 2 9 9 2 9 2 2 9 10 2 10 2 2 2 9 2 8 2 9 2 2 10 2 2 2 2 2 2 10 2
left_child=1 6 43 12 5 10 26 8 9 16 18 41 36 14 31 55 17 34 29 -20 27 40 -6 -19 25 -7 -1 37 -29 -3 39 32 -12 35 53 60 -4 -16 -25 52 -14 -5 -42 -2 -30 46 -17 -23 49 -35 -28 -50 -11 54 -8 56 -9 -58 -59 -15 -24 -22
right_child=2 4 3 11 22 24 7 15 -10 30 13 -13 21 59 20 45 -18 23 19 -21 61 47 33 38 -26 -27 50 28 44 -31 -32 -33 -34 48 -36 -37 -38 -39 -40 -41 42 -43 -44 -45 -46 -47 -48 -49 51 -51 -52 -53 -54 -55 -56 -57 57 58 -60 -61 -62 -63
leaf_value=0 0.039896065849619147 0.0045213232843244458 0.028527133501898262 0.51284859835748942 0.14567906075037829 0.0041780327458234004 0.0038790549015524215 0 0 0.16326618183733588 0.0044280327681751417 3.0238813820133776 0.11685876319789817 0.00015937049972194195 0.0035108050178420704 0.0045989904922096496 0.0038906749752912178 0.0038807263929913761 0.0016992947852338403 0.0086391448940747358 0.0044128316271917168 0.5559641378975434 0.0022729816653295335 0.0077068126643897441 0.00063849712026393945 0.077070948913642301 0.17732983186607809 0.0046270938680851373 0.0023803643831246685 0.013560175476103995 0 0.13430020043474256 0.0088913811382552513 0.0038913806912204158 0.0040939031860039105 0.049463086573898744 0.10688099098157081 0.002211296905568007 0.0038547029701116731 0.094366179113463525 0.15110074805199666 0.24003122521043477 0.24861643599208955 0.18340275501073552 0.019300917039060467 0 0 0.13594044528229565 0.0042611360837293199 0.012389202245158933 0 -9.6503901121964422e-05 0.28709336770805272 0.003666554833550972 0.008162926658592919 0 0.0040731250606942928 0.0040731250606942928 0.0045000000670552256 0.017323473806540188 0.042098051023659017 0.004414618516264633
leaf_weight=3196923 408 282 1257 967 629 2598 855 2243 21254 412 862 896 279 782 284 4257 3790 1034 243 325 1178 253 13025 764 3706 340 5678 467 587 252 5573 343 403 356 3120 4903 1827 339 275 1057 334 501 211 2360 1138 110427 7898 781 748 1456 22776 8075 325 230 611 2119 3120 845 397 221 314 501
leaf_count=3196923 408 282 1257 967 629 2598 855 2243 21254 412 862 896 279 782 284 4257 3790 1034 243 325 1178 253 13025 764 3706 340 5678 467 587 252 5573 343 403 356 3120 4903 1827 339 275 1057 334 501 211 2360 1138 110427 7898 781 748 1456 22776 8075 325 230 611 2119 3120 845 397 221 314 501
internal_value=-0.00218158 -0.00226366 0.0258502 0.0183459 0.00506927 0.00954296 -0.00235944 -0.000910959 0.00149618 0.0050972 0.0147478 0.0353173 0.0102276 0.0128162 0.0144944 -0.00163142 0.00789891 0.00999818 0.0269739 0.0191549 0.0118262 0.016768 0.00281756 0.0154691 0.00308686 0.00622625 -0.00243605 0.0149423 0.01276 0.0357959 0.00104283 0.0217429 0.0244565 0.00259312 0.00764327 0.00347332 0.00628729 0.0226204 0.0208879 0.00527592 0.0234709 0.0286989 0.0280505 0.0456575 0.0152681 -0.00186313 -0.000488483 0.0114265 0.00108149 0.00437086 -0.00109422 0.000407174 0.0104518 0.0114654 0.0129843 0.00162468 0.00252649 0.00391907 0.00784622 0.0027343 0.00261283 0.00667213
internal_weight=3.45041e+06 3.44034e+06 10074 7306 44357 14851 3.39598e+06 170606 39300 18046 8207 2364 4942 7105 6102 131306 10679 6889 1102 568 4494 1858 29506 2073 6644 2938 3.22538e+06 2815 2192 534 7367 1608 1265 28877 4816 18242 3084 623 1039 1794 824 1468 545 2768 1725 122582 12155 1034 10635 1812 28454 8823 737 1696 1466 8724 6605 4362 1242 1003 13339 1679
internal_count=3450414 3440340 10074 7306 44357 14851 3395983 170606 39300 18046 8207 2364 4942 7105 6102 131306 10679 6889 1102 568 4494 1858 29506 2073 6644 2938 3225377 2815 2192 534 7367 1608 1265 28877 4816 18242 3084 623 1039 1794 824 1468 545 2768 1725 122582 12155 1034 10635 1812 28454 8823 737 1696 1466 8724 6605 4362 1242 1003 13339 1679
cat_boundaries=0 4 8 10 14 18 21 25 29 32 36 40 44 48
cat_threshold=1713375236 1091045522 268437600 1 2231556 17631386 268437856 1 0 16 1109393408 17301504 2048 1 16777216 8388608 0 4 67112961 1073741825 528384 132865 37748777 537928720 256 589466912 29425708 2558533732 97 0 2066 268435456 538052864 59312157 1216483712 2 2097152 524432 288 1 33572100 17105064 268437600 1 2013992832 62922766 88080452 1288
is_linear=0
shrinkage=0.05


Tree=8
num_leaves=63
num_cat=15
split_feature=1 9 9 1 42 0 1 0 6 39 0 1 10 6 42 0 28 43 0 5 1 6 42 0 5 4 0 41 20 42 5 44 43 0 41 4 0 0 41 9 0 0 41 43 44 20 4 0 6 4 28 1 9 35 9 5 1 0 0 5 1 4
split_gain=2526.84 725.812 613.286 303.66 193.234 261.622 95.4688 57.9831 39.288 43.2496 37.0569 36.4504 35.2846 33.458 33.4014 31.0033 27.6418 39.5871 58.9267 27.5101 26.0399 30.8712 24.4269 23.1312 20.4774 20.3396 18.1997 16.7594 16.7482 16.0068 15.8646 15.3485 15.0917 16.4716 14.9455 13.6123 13.0614 13.0088 12.7703 12.2117 12.1229 10.2523 9.07209 8.85608 13.4824 8.14942 7.96995 7.4913 7.281 7.23238 6.96673 6.87822 6.71677 6.66739 6.15892 6.07797 6.03386 5.99053 5.83744 5.45304 8.58917 7.43051
threshold=0.94999998807907116 1.0000000180025095e-35 0.2618983536958695 6.1499998569488534 -0.72947329282760609 0 16.800000190734867 1 0.25000000745058065 0.65450000762939464 2 1.1500000357627871 24.625000000000004 0.15000000223517421 -0.68322628736495961 3 0.044210137799382217 0.62587949633598339 4 1.0000000180025095e-35 0.35000000894069677 0.25000000745058065 -0.47114434838294977 5 -1.0000000180025095e-35 -0.65000000596046437 6 -0.41248606145381922 5.2916667461395273 -0.84874749183654774 -1.4499999880790708 0.063390085473656668 0.9159645438194276 7 -0.16280825436115262 -1.0000000180025095e-35 8 9 0.68322628736495983 0.030080261640250686 10 11 0.2269546836614609 0.43733377754688268 0.2332836911082268 0.55000001192092907 -1.7499999999999998 12 0.45000000298023229 0.55000001192092907 0.0058823532890528449 2.1499999761581425 0.040011148899793632 2.1499999761581425 0.03214703872799874 -2.2499999999999996 0.35000000894069677 13 14 -1.0000000180025095e-35 2.0499999523162846 0.65000000596046459
decision_type=10 2 2 10 2 9 10 9 2 2 9 10 2 2 2 9 2 2 9 10 10 2 2 9 10 10 9 2 10 2 10 2 2 9 2 8 9 9 2 2 9 9 2 2 2 10 10 9 2 10 2 10 2 2 2 8 10 9 9 10 10 10
left_child=1 10 11 12 5 7 30 13 9 19 14 -2 24 34 16 25 17 40 29 27 21 -15 26 42 51 -6 38 54 -12 32 -5 -11 -19 53 -3 37 -10 -24 56 -29 50 -14 -7 -41 -45 -16 -32 -37 -23 -26 -1 -4 -21 -34 -9 -53 -17 -20 -30 60 -43 -61
right_child=2 4 3 6 15 23 -8 8 36 31 28 -13 41 20 45 22 -18 18 57 52 -22 48 35 -25 49 -27 -28 39 58 -31 46 -33 33 -35 -36 47 -38 -39 -40 43 -42 59 -44 44 -46 -47 -48 -49 -50 -51 -52 55 -54 -55 -56 -57 -58 -59 -60 61 -62 -63
leaf_value=0.0045582781929236369 0.017279624125508358 0.0086069204677554755 0.10735331621134979 0.17158711664640586 0.16134264526868758 0.0041735375333811567 4.1603368362072715 0.0033161462816068302 0.0059118225318391974 0.004206631129766384 0 0.18532014983710721 -0.0021906419760434836 0.0075968323304346748 0 0.0035307959677459001 0 0.0036499559722456194 0.003350966134595173 0.0041581498089930799 0.0082071876493709974 0.0016143300459721456 0.047074241992326141 0 0.10230266764960226 0.0033780374492324568 0.00022217335713242017 0.0033486790188604759 0.1861080610064838 0.0032205584128743646 0.3189951714891418 0.0084213096595759339 0.0046981952432609379 0.0034106889373732943 0.012986478312210725 0.0021466198734940794 0.1611378266214826 0.0012286394385886386 0.013467843081883278 0.0012310499126315573 0 0.036209422417822261 0.076234993056316716 0.0041533306625359161 0.00099207274718069176 0 0.5004665296376879 0 0.13416384073981383 0.39493820426743537 0.0030040521410356312 0.23794619933732106 0.0042073911868155556 0.0034487635223045018 0.0020113461593118235 0.1406251508169738 0.00406495575759398 0 0 0.030518013302150628 0.055922477518005179 0.47160327840914962
leaf_weight=684 371 331 236 370 271 2933 700 379 1344 474 2868223 2125 685 531 361326 2240 52218 2392 4053 785 410 373 902 6280 705 14489 2355 379 4848 2045 202 213 667 766 310 8074 272 1421 291 418 49148 338 835 483 274 6149 1092 14212 228 404 5903 205 867 202 654 411 514 5917 12556 1031 209 691
leaf_count=684 371 331 236 370 271 2933 700 379 1344 474 2868223 2125 685 531 361326 2240 52218 2392 4053 785 410 373 902 6280 705 14489 2355 379 4848 2045 202 213 667 766 310 8074 272 1421 291 418 49148 338 835 483 274 6149 1092 14212 228 404 5903 205 867 202 654 411 514 5917 12556 1031 209 691
internal_value=-0.00219743 -0.00226955 0.023188 0.0158542 0.00302469 0.00728267 0.0305795 0.0136105 0.0112096 0.013446 -0.00236916 0.0445753 0.00877162 0.0207216 -0.00196758 0.00123919 -0.00125802 -0.000621265 0.00156745 0.0115599 0.0168256 0.0129152 0.000315716 0.00177272 0.0139712 0.00311442 0.00336111 0.0147787 -0.00243754 0.00544558 0.0240625 0.0250837 0.00728396 0.0109862 0.0304173 -0.000352412 0.00446163 0.00328993 0.00590425 0.0180598 -0.00125123 0.0053199 0.00486501 0.0155426 0.0187682 -0.00220706 0.0266731 -0.000732075 0.00515391 0.00949279 0.000762846 0.0198005 0.00651937 0.0156741 0.00984269 0.0225812 0.0048711 -0.000799099 -0.000891175 0.00692299 0.0113026 0.00557201
internal_weight=3.45041e+06 3.44064e+06 9775 7279 63542 18773 2364 8725 6542 4926 3.3771e+06 2496 4915 2183 491470 44769 123995 71777 16042 4239 1542 1132 30009 10048 1961 14760 5400 2587 2.88563e+06 6072 1664 687 4027 1635 641 24609 1616 2323 3045 1554 55735 2954 3768 1175 757 367475 1294 22286 601 1109 6587 852 1652 869 1033 616 2754 9970 17404 2269 547 1722
internal_count=3450414 3440639 9775 7279 63542 18773 2364 8725 6542 4926 3377097 2496 4915 2183 491470 44769 123995 71777 16042 4239 1542 1132 30009 10048 1961 14760 5400 2587 2885627 6072 1664 687 4027 1635 641 24609 1616 2323 3045 1554 55735 2954 3768 1175 757 367475 1294 22286 601 1109 6587 852 1652 869 1033 616 2754 9970 17404 2269 547 1722
cat_boundaries=0 4 8 12 16 19 23 27 29 32 36 39 43 47 50 54
cat_threshold=102762500 17303698 268437600 1 0 524304 0 1 151127300 25692186 268435520 4 656415072 1619001601 8921088 32 256 17303570 268435456 1610745601 1111556105 1056784 256 2147483652 21495868 268435552 1 0 17301522 2052 16779264 268437568 197637 4196390 2550142980 4 0 524288 268435456 133120 33619989 1216483328 2 164993 270348 2147485764 70 1028 8 64 1882002048 37888004 232931333 1288
is_linear=0
shrinkage=0.05


Tree=9
num_leaves=63
num_cat=0
split_feature=1 8 9 1 42 7 42 7 6 1 3 7 6 7 43 3 18 42 7 20 38 38 7 6 18 4 4 16 1 8 9 1 42 7 9 1 7 35 38 1 16 41 1 15 9 49 9 42 18 7 16 42 36 36 41 42 36 7 37 8 20 43
split_gain=1948 776.017 565.156 229.888 147.906 147.435 114.547 139.893 88.1543 83.2486 77.3725 43.8012 65.3934 35.0251 27.0342 24.548 24.1903 23.0329 27.067 20.9863 20.9411 19.4297 17.7724 20.6852 14.559 14.226 12.1926 11.8183 11.0807 11.0295 39.661 15.2827 12.0419 10.9617 10.5899 33.0917 10.2433 9.93946 14.6459 8.97764 8.76931 8.53669 8.07557 7.85466 7.64092 7.50043 7.06118 6.84811 7.21054 13.6308 6.53364 6.42477 6.3618 8.27304 6.27278 6.27206 8.29211 6.0834 6.04061 6.03173 5.88579 5.80092
threshold=0.94999998807907116 1.0000000180025095e-35 0.2618983536958695 19.750000000000004 -0.72947329282760609 1.0000000180025095e-35 -0.68322628736495961 0.84999999403953563 5.4500000476837167 1.2500000000000002 1.0000000180025095e-35 0.15000000223517421 0.25000000745058065 0.25000000745058065 0.82899317145347606 1.2500000000000002 0.27500000596046453 -0.84874749183654774 0.15000000223517421 5.2916667461395273 7.5000000000000009 7.5000000000000009 0.35000000894069677 0.15000000223517421 1.5500000119209292 5.7999999523162851 -0.15000000223517415 3.7500000000000004 0.35000000894069677 0.020833333954215053 0.03214703872799874 1.0000000180025095e-35 0.032701563090086018 3.8500000238418584 0.033100223168730743 1.0000000180025095e-35 0.15000000223517421 1.3499999642372134 21.500000000000004 0.25000000745058065 4.2500000000000009 -0.93540480732917775 0.15000000223517421 0.68333333730697643 0.082541696727275862 5.6083333492279062 0.56490346789360057 -0.93540480732917775 0.27500000596046453 0.15000000223517421 58.250000000000007 -0.47114434838294977 8.5000000000000018 10.500000000000002 -0.47114434838294977 -0.9103761315345763 9.5000000000000018 1.2500000000000002 1.5860000252723696 0.095833335071802153 0.27500000596046453 0.96687895059585582
decision_type=10 2 2 10 2 2 2 2 2 10 8 2 2 2 2 10 10 2 2 10 2 2 2 2 8 8 8 8 10 2 2 10 2 2 2 10 2 2 2 10 10 2 10 8 2 2 2 2 10 2 10 2 2 2 2 2 2 2 2 2 8 2
left_child=1 5 9 8 10 19 7 14 33 15 11 34 13 42 21 -2 22 18 -16 -1 44 47 -15 -24 -9 43 27 46 39 30 31 32 -28 45 35 -3 -31 38 61 40 -14 -38 59 54 -12 -4 -6 48 49 -7 -45 57 -23 55 -10 56 -54 -8 -43 -13 -53 -20
right_child=2 4 3 -5 26 6 51 24 25 -11 20 12 28 16 17 -17 -18 -19 37 -21 -22 52 23 -25 -26 -27 29 -29 -30 36 -32 -33 -34 -35 -36 -37 41 -39 -40 -41 -42 58 -44 50 -46 -47 -48 -49 -50 -51 -52 60 53 -55 -56 -57 -58 -59 -60 -61 -62 -63
leaf_value=0 0.017533696968419926 0.0031503389675264881 0.016235151236872327 4.3771700091663481 0.013498729796320153 0.0036748955235102101 0.0040646435098073402 0.099992431602288656 0.14088560920402934 0.17671662389464421 0.0019349247462092643 0.0039818204864913538 0.14681462779820018 0.0039772683980714429 0.0035170319656462044 0.00936863808048124 0.0081765744443677013 0.0034949592335519566 0.0058137134622337069 0 0.0018610784275528217 0.0030541883886054527 0.0081633176258930004 0.0069215867775356769 0 0.77807251564570079 0.0033972238884081699 0.13843196359773358 0.012796826478763105 -0.00019900969974057036 -0.00079735353671969559 0.0038588297578440577 0.0032189210480371593 0.11225482464256074 0.0036720832079599796 0.0032298514651063997 0.00079971243905378883 0.0034707989176347613 0.0028507698633327846 -0.00038790662630714404 0.16203649908941625 0.0090673206443126573 0.0023060623579060128 0.17246140745374069 0.038723338344274216 0.64267375463658583 0.14718483557047862 0.0036982320916816545 0.0036743597422522257 0.0080072523862195662 0.28103925966955451 0 0.0036851021564748006 -0.0004279395572697584 0.22620159835977433 0.0034925871990336269 0.0036908433295159528 0 0.0019904307096014345 0.0021040814227194574 0.009775000145658852 0.0071162343801929283
leaf_weight=3206481 319 352 1705 527 271 992 5508 5168 272 1945 1507 831 919 772 1464 232 536 1557 428 18896 3957 2795 396 410 19453 399 263 745 329 4858 929 226 256 1791 1777 528 5357 324 243 483 465 1831 534 1113 458 378 297 3230 771 569 565 114169 283 665 529 677 413 7764 14681 688 3865 268
leaf_count=3206481 319 352 1705 527 271 992 5508 5168 272 1945 1507 831 919 772 1464 232 536 1557 428 18896 3957 2795 396 410 19453 399 263 745 329 4858 929 226 256 1791 1777 528 5357 324 243 483 465 1831 534 1113 458 378 297 3230 771 569 565 114169 283 665 529 677 413 7764 14681 688 3865 268
internal_value=-0.00221098 -0.0022743 0.020078 0.0130378 0.00427401 -0.00236041 -0.000927957 0.0014402 0.0105554 0.040609 0.00833188 0.0112472 0.0134987 0.0171784 0.00530366 0.0234528 0.0216958 0.00864612 0.0114164 -0.00243618 0.00389142 0.00392617 0.0248131 0.0300062 -0.000863186 0.0171838 0.00223346 0.00694402 0.00651639 0.00201569 0.00595281 0.014547 0.0192726 0.00563113 0.00585529 0.0103409 0.00176909 0.0167795 0.019385 0.00502544 0.0070737 0.00223044 0.0125268 0.0157735 0.00811069 0.00316491 0.0123768 0.00594121 0.008006 0.00995996 0.013829 -0.00163675 0.00160718 0.0037316 0.0198471 0.00594865 0.00928161 -0.000593732 0.00279312 0.0143861 -0.00175403 0.0230747
internal_weight=3.45041e+06 3.44064e+06 9775 7279 44656 3.39598e+06 170606 39300 6752 2496 14942 9020 6363 4167 14679 551 2114 4284 2727 3.22538e+06 5922 10395 1578 806 24621 2878 29714 1313 2196 28401 1674 745 519 3874 2657 880 26727 1263 939 1867 1384 21869 2053 2479 1965 2083 568 5562 2332 1561 1678 131306 4833 2038 801 1373 696 13272 16512 1519 118034 696
internal_count=3450414 3440639 9775 7279 44656 3395983 170606 39300 6752 2496 14942 9020 6363 4167 14679 551 2114 4284 2727 3225377 5922 10395 1578 806 24621 2878 29714 1313 2196 28401 1674 745 519 3874 2657 880 26727 1263 939 1867 1384 21869 2053 2479 1965 2083 568 5562 2332 1561 1678 131306 4833 2038 801 1373 696 13272 16512 1519 118034 696
is_linear=0
shrinkage=0.05


Tree=10
num_leaves=63
num_cat=16
split_feature=1 3 9 1 6 42 0 1 9 1 1 3 0 6 4 41 0 1 42 1 6 0 4 0 10 2 0 43 29 0 0 42 43 20 4 0 15 0 6 2 9 6 38 15 1 9 0 5 41 44 32 20 0 44 0 41 0 41 0 10 0 5
split_gain=1449.21 546.936 320.395 161.675 157.936 122.085 136.743 113.242 67.1444 57.7893 54.9844 51.0462 45.5443 47.7383 43.6667 43.3809 37.5534 36.9188 33.2511 32.285 28.807 24.8406 23.8649 22.1064 20.6148 20.5581 19.1622 28.676 24.1375 18.5254 17.129 20.1605 16.046 15.8731 14.6422 13.7771 12.6967 12.4772 11.7653 11.0893 10.0926 11.8596 9.92669 9.61487 9.55306 12.2435 8.95432 8.55128 10.2057 11.454 8.51048 8.34283 8.20965 8.49824 8.19788 8.09899 7.75046 7.5136 7.13862 7.13121 7.05176 7.78056
threshold=1.0000000180025095e-35 1.4499999880790713 0.2618983536958695 5.4500000476837167 1.0000000180025095e-35 -0.72947329282760609 0 1.4499999880790713 0.03214703872799874 20.300000190734867 23.349999427795414 1.0000000180025095e-35 1 0.25000000745058065 -1.0500000119209287 -0.77259656786918629 2 0.35000000894069677 -0.68322628736495961 0.65000000596046459 0.25000000745058065 3 1.0000000180025095e-35 4 1.5416666865348818 1.0000000180025095e-35 5 0.77244481444358837 1.2471714615821841 6 7 -0.84874749183654774 0.17646842449903491 2.3541666269302373 2.2500000000000004 8 4.0499999523162851 9 0.65000000596046459 0.15000000223517421 0.2618983536958695 0.94999998807907116 21.500000000000004 0.11250000074505807 0.94999998807907116 0.34741449356079107 10 1.0000000180025095e-35 -0.41248606145381922 0.24997577071189883 1.0000000180025095e-35 0.55000001192092907 11 0.50370931625366222 12 -0.097964655607938753 13 0.68322628736495983 14 6.2916667461395273 15 -1.0000000180025095e-35
decision_type=10 10 2 10 2 2 9 10 2 10 10 10 9 2 8 2 9 10 2 10 2 9 10 9 2 10 9 2 2 9 9 2 2 10 10 9 8 9 2 8 2 2 2 10 10 2 9 10 2 2 2 10 9 2 9 2 9 2 9 2 9 10
left_child=4 3 7 5 16 6 12 -3 11 24 34 15 13 25 23 56 18 -15 26 37 22 -17 32 36 54 55 -1 50 30 43 31 -29 -14 -18 46 57 -10 -7 -22 -39 41 -37 47 59 -8 -46 -5 48 -34 -50 52 -20 53 -28 -4 -2 -6 -21 -23 -16 61 -26
right_child=1 2 9 10 8 19 44 -9 14 -11 -12 -13 20 17 29 21 33 -19 51 35 38 58 -24 -25 60 -27 27 28 -30 -31 -32 -33 42 -35 -36 40 -38 39 -40 -41 -42 -43 -44 -45 45 -47 -48 -49 49 -51 -52 -53 -54 -55 -56 -57 -58 -59 -60 -61 -62 -63
leaf_value=0 0.0085262556066471335 0.012130785368540665 0.20791443669168777 0.087214911301706236 0.0039594304022586273 6.4039366557078208e-06 0.0013522941062592241 0.17918072197312432 0.14075261959683494 4.9269617259190364 1.1930644673736257 0.0013415990587872977 0.0037485313394118218 0.0014584486498485816 -0.003824993777273598 0.0039349417889337421 0 0.060956564975857469 0 0.0029002113024566346 -0.00047668400250311296 0.0032504677709547731 0.0035233416557605163 0.15254350774889441 0.05866642144396074 0.0050911964041517295 0.0044318568362262242 0.0033099152754601981 0 0 0.0026940850262327076 0.0027576089146016513 0.0018316471921262308 0 0.69815718130439541 0.0045203401327288612 0.19864795341703659 0.002521485820901464 0.069463993129956367 0.0016765659159928615 0.19522081880035497 0.048411944110932775 0.0046331358900801728 0.10516686543231404 0.016880769573321408 0.09169249775365966 0.20307835598539006 0.003810126538363095 0.0039889816172295174 0.0016532347074646151 0 0 0 0 0.10396090745130315 0.0077390455421920221 0 0.018417272133299918 0.0028548893732796982 0.13326742280154966 0.0044225753069637571 0.033225879344314084
leaf_weight=54375 265 232 364 321 296 8629 4614 1533 316 201 211 1641 931 443 247 1006 2856262 748 361288 1355 798 334 714 723 240 522 1113 1567 7496 23075 3438 830 472 28686 615 396 211 4005 511 7257 1423 412 373 1223 205 688 747 736 479 293 49043 6148 5078 1004 427 335 645 273 278 980 568 259
leaf_count=54375 265 232 364 321 296 8629 4614 1533 316 201 211 1641 931 443 247 1006 2856262 748 361288 1355 798 334 714 723 240 522 1113 1567 7496 23075 3438 830 472 28686 615 396 211 4005 511 7257 1423 412 373 1223 205 688 747 736 479 293 49043 6148 5078 1004 427 335 645 273 278 980 568 259
internal_value=-0.00222195 0.0069436 0.0249843 0.00516423 -0.00233653 0.0044325 0.00830216 0.0406161 0.00121751 0.0115845 0.0194113 0.00709524 0.0126343 0.0185396 0.000295518 0.0115094 -0.00236913 0.0116478 -0.00196484 0.00229368 0.0100306 0.016474 0.0121573 0.00942 0.00882939 0.0260205 -0.0012567 -0.000706715 0.00137818 -0.000151323 0.00378963 0.0070243 0.0139586 -0.00243798 0.0163948 0.00647901 0.0170996 0.0014817 0.00361153 0.00257674 0.00902387 0.0135272 0.016157 0.00397358 0.00228068 0.00701848 0.0128558 0.0147475 0.0172749 0.0208161 -0.00120106 -0.00220376 0.000404794 0.00301246 0.0149463 0.0323333 0.0029729 0.00291819 0.00807074 0.00711695 0.00429475 0.00855108
internal_weight=3.4499e+06 42595 3824 38771 3.4073e+06 36877 13127 1765 30975 2059 1894 4200 7620 2313 26775 2559 3.37633e+06 1191 491380 23750 5307 1618 3998 1250 1858 1122 123944 69569 13331 25525 5835 2397 3284 2.88495e+06 1683 3859 527 19891 1309 11262 2231 808 2353 2450 5507 893 1068 1980 1244 772 56238 367436 7195 2117 791 600 941 1628 612 1227 1067 499
internal_count=3449898 42595 3824 38771 3407303 36877 13127 1765 30975 2059 1894 4200 7620 2313 26775 2559 3376328 1191 491380 23750 5307 1618 3998 1250 1858 1122 123944 69569 13331 25525 5835 2397 3284 2884948 1683 3859 527 19891 1309 11262 2231 808 2353 2450 5507 893 1068 1980 1244 772 56238 367436 7195 2117 791 600 941 1628 612 1227 1067 499
cat_boundaries=0 4 8 12 16 20 24 28 30 34 38 42 45 49 53 55 58
cat_threshold=77662212 21498002 402655584 64 69206016 524432 134219776 64 151127300 25692186 268435520 4 16778244 25690112 268435520 4 1679954209 1111556137 2155872292 1 151127040 8388616 0 4 639635520 1610613121 1581088 33 0 17301522 2685572384 37814301 1073890340 70 16908288 2050 268441600 4 1751188995 4 2424307712 268 0 524290 268435456 134250628 1082138752 0 32 553648384 0 268435456 4 537004032 2066 1140850720 1082131456 32
is_linear=0
shrinkage=0.05


Tree=11
num_leaves=63
num_cat=0
split_feature=1 3 9 7 1 1 3 4 1 7 9 1 7 6 7 18 41 9 6 2 41 9 41 28 3 7 16 20 28 5 4 4 41 15 28 43 4 40 6 5 37 7 3 5 7 40 3 23 43 1 9 6 3 36 9 26 14 41 41 7 38 43
split_gain=1224.11 441.473 305.403 239.083 131.387 120.714 70.9487 57.7547 53.0679 44.435 58.2423 41.2568 40.5838 38.9837 33.9517 32.8875 25.0653 24.6925 24.5285 23.2321 22.858 22.7769 22.4815 24.8709 21.8303 20.603 20.1674 20.0945 17.2432 14.2164 13.8463 12.1338 11.3448 11.2639 11.2411 15.5291 11.18 10.42 10.3954 10.0442 9.08166 8.92589 13.8755 8.28675 8.13899 7.97677 7.83476 6.63515 6.63286 6.37239 6.21622 33.2999 16.1129 7.68318 5.8106 8.10111 5.52144 5.36869 11.0569 6.09328 5.28415 5.0126
threshold=1.0000000180025095e-35 1.5500000119209292 0.2618983536958695 1.0000000180025095e-35 5.4500000476837167 1.6500000357627871 1.0000000180025095e-35 -1.0000000180025095e-35 23.349999427795414 0.15000000223517421 0.076577782630920424 1.3499999642372134 0.94999998807907116 28.599999427795414 0.25000000745058065 0.14583333581686023 -0.58216583728790272 0.03214703872799874 1.0000000180025095e-35 1.0000000180025095e-35 0.84874749183654796 0.41106881201267248 -0.52778512239456166 0.055752867832779891 1.0000000180025095e-35 0.35000000894069677 7.7500000000000009 2.3541666269302373 0.021568628028035167 -0.15000000223517415 0.25000000745058065 -0.15000000223517415 0.52778512239456188 1.6458333134651186 0.048057714477181442 0.8337649703025819 0.94999998807907116 1.9959999918937685 5.3500001430511483 0.15000000223517421 6.7225000858306894 0.15000000223517421 0.15000000223517421 1.0000000180025095e-35 0.15000000223517421 2.4650000333786015 1.0000000180025095e-35 0.091089468449354186 0.45273815095424658 0.65000000596046459 0.033100223168730743 1.0000000180025095e-35 1.0000000180025095e-35 6.5000000000000009 0.052995823323726661 0.0092445299960672873 16.750000000000004 1.0000000180025095e-35 0.52778512239456188 0.15000000223517421 6.5000000000000009 -0.87812310457229603
decision_type=10 10 2 2 10 10 8 8 10 2 2 10 2 2 2 10 2 2 2 10 2 2 2 2 10 2 8 10 2 10 10 8 2 10 2 2 10 2 2 10 2 2 8 10 2 2 8 10 2 10 2 2 10 2 2 10 10 2 2 2 2 2
left_child=3 4 5 27 6 -3 9 17 36 -2 14 31 20 38 48 16 -16 24 47 25 22 -19 60 28 -5 -18 -23 -1 50 -7 -12 -8 34 46 35 45 -6 43 -4 41 -22 -33 -43 -21 -37 -30 -20 -14 -11 -41 51 57 53 -53 55 -50 -32 -24 59 -59 -9 -40
right_child=1 2 13 7 8 29 11 12 -10 10 30 -13 18 -15 15 -17 19 21 33 37 40 26 23 -25 -26 -27 -28 -29 32 -31 56 39 -34 -35 -36 44 -38 -39 61 49 -42 42 -44 -45 -46 -47 -48 -49 54 -51 -52 52 -54 -55 -56 -57 -58 58 -60 -61 -62 -63
leaf_value=0 0.0020232719410021986 0.011588993795022963 0.029012430021080639 0.0030311715577246174 0.14128778630454386 0.18750925889901621 0.019854075464988793 0 1.1334112440049446 0.0028255697843559461 0.010258866945966014 0.029170667038879741 0 4.6369635237399747 0.0018362457693531717 0.0060851326560069858 0.0037001694205684821 -0.0010485117233145784 0.12727090493117851 0.0043128644092875713 0 0.14566243111331476 0.0021609516981571939 0 0.0033076206282170364 0.0078787440743694672 0.1191453276747293 0 0.0034899615337392513 0.17473419640062776 0.14257899047516667 -0.0003110390850108086 0.0028494991835406884 0 0.0027812448965150957 0.0030723148723826219 0.63049125512676474 0.0048141620285090062 0.18065287500833452 0.0043375611661211786 0.0040944688110123393 0.0017648348830762899 0.0015186394002427667 0.004401479095576164 0.0062478192658168494 0.0032865345454575548 0.0049865814578497532 0.15176853326522433 0.0035944389731248196 0.016646475841366533 0 0.006172133611159392 0.0019136033946192477 0.0028514424349222888 0.0011782237315626134 0.0034572142322071677 0.8780193135604325 0.0033190511204766251 0.0029093056015545514 0.0028975442455840294 0 0.10164119758645254
leaf_weight=3193197 3639 299 968 222 930 204 209 9483 211 1026 3743 374 85235 222 237 750 314 1354 3529 327 14755 616 8424 6438 252 454 649 31370 1040 1156 1089 2889 1361 7775 584 326 755 211 206 250 289 6159 13168 207 265 345 3285 1630 823 205 2397 339 313 485 371 327 241 4421 8449 4412 14063 631
leaf_count=3193197 3639 299 968 222 930 204 209 9483 211 1026 3743 374 85235 222 237 750 314 1354 3529 327 14755 616 8424 6438 252 454 649 31370 1040 1156 1089 2889 1361 7775 584 326 755 211 206 250 289 6159 13168 207 265 345 3285 1630 823 205 2397 339 313 485 371 327 241 4421 8449 4412 14063 631
internal_value=-0.00223137 0.00619233 0.0227306 -0.00233667 0.0046256 0.0386392 0.003968 -0.000577281 0.0174631 0.0068139 0.00851779 0.00228412 -0.000693919 0.00971016 0.0123207 0.01646 0.0202143 0.00619706 -0.00135367 0.0225826 0.000162139 0.00429649 0.00057942 0.00130691 0.0166983 0.0286849 0.00912055 -0.00243638 0.00185904 0.0449632 0.00473438 0.00201486 0.00497258 0.000543388 0.00693359 0.00873482 0.014503 0.0162919 0.00727839 0.0019043 -0.00158934 0.00175369 0.00214117 0.0125749 0.0155203 0.00583935 0.00202744 -0.00167228 0.00825775 0.00925824 0.00144152 0.00165937 0.010033 0.0137015 0.0103534 0.0121087 0.00911654 0.001289 0.00179348 0.0030304 -0.000644059 0.011359
internal_weight=3.4499e+06 42595 3686 3.4073e+06 38909 1659 37013 182736 1896 13759 10120 23254 179643 2027 5047 2500 1750 3093 101454 1513 78189 2619 63145 39599 474 768 1265 3.22457e+06 33161 1360 5073 22880 3921 14589 2560 1976 1685 745 1805 22671 15044 22216 19327 534 591 1385 6814 86865 2547 455 29240 26843 1137 824 1521 1150 1330 25706 17282 8833 23546 837
internal_count=3449898 42595 3686 3407303 38909 1659 37013 182736 1896 13759 10120 23254 179643 2027 5047 2500 1750 3093 101454 1513 78189 2619 63145 39599 474 768 1265 3224567 33161 1360 5073 22880 3921 14589 2560 1976 1685 745 1805 22671 15044 22216 19327 534 591 1385 6814 86865 2547 455 29240 26843 1137 824 1521 1150 1330 25706 17282 8833 23546 837
is_linear=0
shrinkage=0.05


Tree=12
num_leaves=63
num_cat=16
split_feature=8 3 9 8 3 0 41 0 9 5 6 0 42 5 8 28 43 0 8 5 0 5 5 0 42 42 43 0 5 14 4 43 0 0 0 41 0 4 0 35 5 22 8 4 49 8 6 3 8 42 0 28 44 6 0 14 0 0 28 43 8 6
split_gain=1264 324.827 321.768 145.633 125.474 77.6173 44.8466 42.9642 42.1077 44.5674 37.7584 56.4846 34.6356 31.52 35.6483 28.6376 40.1132 67.0024 26.4971 24.6096 23.68 21.2501 19.636 18.1187 20.6915 17.4565 18.6171 19.2853 16.6751 16.0099 14.6618 13.3128 12.2461 11.9688 11.7212 11.4035 11.1347 10.704 10.5945 9.78879 8.99952 8.73485 8.65577 7.93979 10.4708 7.7616 11.4046 7.80923 7.62791 7.49063 11.2401 7.32408 8.26826 6.51106 6.44957 6.39326 6.13181 5.88106 7.76999 7.27855 5.87741 7.80122
threshold=1.0000000180025095e-35 1.4499999880790713 0.2618983536958695 1.7125000357627871 1.0000000180025095e-35 0 -0.58216583728790272 1 0.03214703872799874 5.1499998569488534 0.15000000223517421 2 -0.68322628736495961 1.0000000180025095e-35 0.062500001862645163 0.044210137799382217 0.62587949633598339 3 1.404166638851166 -0.15000000223517415 4 4.6499998569488534 1.0000000180025095e-35 5 -0.2901292592287063 -0.84874749183654774 0.91248813271522533 6 0.15000000223517421 5.2500000000000009 -1.1500000357627866 0.40614137053489691 7 8 9 0.032701563090086053 10 -0.15000000223517415 11 1.1500000357627871 -1.0000000180025095e-35 1.8166666626930239 1.4625000357627871 -1.3499999642372129 4.2124998569488534 0.24583332985639575 0.75000000000000011 0.75000000000000011 3.9749999046325688 -0.81241145730018605 12 0.013725490774959328 0.60383266210556041 0.25000000745058065 13 0.75000000000000011 14 15 0.017647059634327892 0.89017060399055492 0.17083333432674411 3.8500000238418584
decision_type=2 10 2 2 8 9 2 9 2 10 2 9 2 10 2 2 2 9 2 10 9 10 10 9 2 2 2 9 10 10 10 2 9 9 9 2 9 8 9 2 10 10 2 10 2 2 2 10 2 2 9 2 2 2 9 10 9 9 2 2 2 2
left_child=7 4 3 42 5 6 21 12 13 36 11 35 15 14 23 16 32 25 34 -5 30 -2 31 24 -7 26 -18 39 38 -9 -4 -13 51 -11 55 -8 -10 -36 -12 -28 -39 57 -3 44 -38 49 -47 -48 -32 50 -42 52 -1 -40 -31 -6 -19 58 59 -14 -30 -62
right_child=1 2 20 19 18 8 10 29 9 33 28 22 41 -15 -16 -17 17 56 -20 -21 -22 -23 -24 -25 -26 -27 27 -29 60 54 48 -33 -34 -35 37 -37 43 40 53 -41 45 -43 -44 -45 -46 46 47 -49 -50 -51 -52 -53 -54 -55 -56 -57 -58 -59 -60 -61 61 -63
leaf_value=0.0044245764976084184 0.021540316980337107 0.0058157117348906946 1.8892281063751797 0.17488379827864728 0.00041085834215528571 0.0028800778497215136 0.0063277167215006957 0 0.0018436238431629674 0.82303539035919293 0.1671734292984359 0.0026280429134116837 0 0.0033755770879033151 0.0016730225946086309 0 0.0030412054055221961 0.002699530459251958 0.092528708111185229 0.16843502788655199 0.068060769792603421 0.72874086753302925 0.0034950253605019591 0.0028469535567104323 0.00300298989980355 0.0027172235915662057 0.0058235453751637849 0.0026655658220998335 0.078921423811907837 0.035090174005614282 0.09574374268641371 0.0026408325492216634 0 0.39301968254839337 0.037036482085189601 0.0070237190600875134 0.12511653425935804 0.00030078915977639902 0.0039068565890313491 0.0041504322365218914 0.0017800983131592172 0.1166699147200617 0.01094479641036249 0.062006557249674937 0.16535675273878567 0.00076280243549796682 0.0097409303665671916 0.0033433991418283741 3.837614755679863 0.0016765931389224747 0.0023635933105850613 -0.00015020260705178156 -0.00035383073508607715 0.055320782478653831 0 0.025457105040313701 0 0 0 0.0038688438076502647 0.076093078530256736 0.61948795619326325
leaf_weight=1491 2893 208 239 217 11041 261 488 2862570 4897 312 519 528 5006 613 378 52407 2408 4121 260 1121 1482 272 898 255 246 2115 642 815 207 6903 854 511 50661 510 213 369 201 3877 842 279 519 2346 221 5313 425 3829 340 709 371 5115 483 3739 1439 1024 23107 365 6473 359319 9239 451 493 448
leaf_count=1491 2893 208 239 217 11041 261 488 2862570 4897 312 519 528 5006 613 378 52407 2408 4121 260 1121 1482 272 898 255 246 2115 642 815 207 6903 854 511 50661 510 213 369 201 3877 842 279 519 2346 221 5313 425 3829 340 709 371 5115 483 3739 1439 1024 23107 365 6473 359319 9239 451 493 448
internal_value=-0.00223896 0.0053246 0.0178692 0.0347383 0.00413391 0.0068503 0.0103105 -0.00236007 0.00439032 0.00330717 0.0127521 0.0170956 -0.00193331 0.0116187 0.0165351 -0.00121791 -0.000585815 0.00155862 0.00180825 0.0428662 0.00775119 0.00546208 0.0121507 0.0227625 0.028206 0.00565521 0.00755068 0.0114977 0.00931715 -0.00243426 0.0122388 0.0168936 -0.00121621 0.0145316 0.00165235 0.0278057 0.0024557 0.00256625 0.00693396 0.0164313 0.00240855 -0.00217398 0.00938811 0.00390864 0.00924121 0.00313893 0.00165129 0.00627026 0.0101122 0.00432524 0.00827844 0.000797649 0.00267065 0.00508262 -0.00128541 0.000441047 -0.000866183 -0.00219306 -0.00120971 0.000285413 0.0142683 0.0125903
internal_weight=3.4499e+06 54367 4713 1767 49654 22903 9492 3.39553e+06 13411 11658 6327 2794 502951 1753 1140 126590 74183 16853 26751 1338 2946 3165 1937 762 507 6259 4144 1736 3533 2.89258e+06 1464 1039 57330 822 26491 857 10836 15085 2385 921 14872 376361 429 5939 626 10995 4878 1049 1225 6117 1002 6669 2930 1866 30010 11406 10594 374015 14696 5457 1148 941
internal_count=3449898 54367 4713 1767 49654 22903 9492 3395531 13411 11658 6327 2794 502951 1753 1140 126590 74183 16853 26751 1338 2946 3165 1937 762 507 6259 4144 1736 3533 2892580 1464 1039 57330 822 26491 857 10836 15085 2385 921 14872 376361 429 5939 626 10995 4878 1049 1225 6117 1002 6669 2930 1866 30010 11406 10594 374015 14696 5457 1148 941
cat_boundaries=0 4 8 10 13 17 21 23 26 30 34 38 42 45 49 52 54
cat_threshold=106958981 85600406 906504448 369 151127300 25692186 268435520 4 0 17301520 256 17303570 268435456 1812107428 1149247497 8396832 289 16778240 8388608 64 4 0 17301522 0 524288 268435456 1895825408 41943048 17472 14 16973824 854070 4096 4 2566966816 8701504 6771211 142 102764545 2180 532480 1 1312 8388616 8388608 1621693056 33562628 232914948 1290 1028 8 64 0 8388608
is_linear=0
shrinkage=0.05


Tree=13
num_leaves=63
num_cat=12
split_feature=9 1 9 7 42 0 1 1 42 0 18 1 0 5 42 0 0 43 7 4 20 7 7 4 18 0 7 5 9 7 42 18 35 0 18 0 0 42 7 7 41 1 7 42 7 42 0 0 41 0 7 41 7 20 43 4 18 5 26 41 16 9
split_gain=880.214 327.429 458.909 130.286 116.684 166.187 109.663 106.494 78.4267 141.033 70.5216 61.6111 48.2941 56.5453 38.1183 35.803 34.9616 30.872 26.4746 25.0514 19.8936 17.5684 16.0869 15.5087 15.0866 14.3823 14.304 14.0864 17.2531 16.3687 14.3225 13.8342 12.7931 11.5516 11.4036 11.0552 9.53362 8.89332 8.70112 13.8139 9.66753 8.04095 7.68954 9.28948 9.11061 7.67659 10.7788 7.62366 7.602 7.51537 6.54848 6.54442 6.43622 6.40746 6.37442 6.36163 6.1944 5.95937 5.91264 5.73868 5.36131 5.31367
threshold=1.0000000180025095e-35 1.5500000119209292 0.2618983536958695 1.0000000180025095e-35 -0.68322628736495961 0 25.650000572204593 1.9499999880790713 -0.63405361771583546 1 0.38750000298023229 0.15000000223517421 2 1.0000000180025095e-35 -0.84874749183654774 3 4 0.82414472103118908 0.25000000745058065 4.4000000953674325 2.3541666269302373 0.15000000223517421 0.75000000000000011 -0.15000000223517415 1.6458333134651186 5 0.75000000000000011 1.0000000180025095e-35 0.03214703872799874 0.15000000223517421 -0.84874749183654774 4.1833331584930429 0.84999999403953563 6 0.27500000596046453 7 8 -0.47114434838294977 0.15000000223517421 0.84999999403953563 0.29012925922870642 0.94999998807907116 2.0499999523162846 1.0000000180025095e-35 0.15000000223517421 -0.35206145048141474 9 10 -0.097964655607938753 11 0.45000000298023229 0.16280825436115268 0.15000000223517421 0.94999998807907116 0.49812944233417517 -0.15000000223517415 35.549999237060554 -1.0000000180025095e-35 0.0083555714227259176 0.77259656786918651 55.250000000000007 0.03214703872799874
decision_type=2 10 2 2 2 9 10 10 2 9 10 10 9 10 2 9 9 2 2 10 10 2 2 10 10 9 2 10 2 2 2 10 2 9 8 9 9 2 2 2 2 10 2 2 2 2 9 9 2 9 2 2 2 8 2 10 10 10 10 2 10 2
left_child=3 8 7 20 5 10 19 -3 9 11 14 12 13 31 17 23 42 36 -15 25 -1 48 -12 -10 27 60 32 28 30 -30 -14 -2 -23 34 -7 -31 -5 59 -38 40 -40 55 43 -6 51 46 54 -22 -19 -16 -46 -45 -29 -47 -18 -11 -21 -27 -53 -17 -4 -25
right_child=1 2 6 4 16 33 -8 -9 15 41 22 -13 24 18 49 37 45 21 -20 56 47 26 -24 61 -26 57 -28 52 29 35 -32 -33 -34 -35 -36 -37 38 -39 39 -41 -42 -43 -44 44 50 53 -48 -49 -50 -51 -52 58 -54 -55 -56 -57 -58 -59 -60 -61 -62 -63
leaf_value=0 0.044335205068664577 0.013747979260837205 0.13141682900465754 0.0033831031624268399 0 0.080048255831501255 4.2007345591050358 0.17176329061852522 0.10409801098740197 0.19750862684451095 0.0033333049979213727 0.0027040484396342827 0.0025437521941581069 0.0031634891852509134 0.0027544567444055868 0.0015868039422902366 0 0.0034006810891857933 0.0067212279206933555 0.51217588903262889 0.059890499508603846 0.0060131530906670401 0 0.0023733371868665167 0.017970037234842216 0.053820882969435713 0.22566187834157689 0.0033495201097077255 0.0008804047449375113 0.044900799288669524 0.0026643210662199049 0.0067539408889780708 0.0032500706280218375 0 0 0.076851582738037133 0.003331796047691959 0 0.0074620125546293855 0.155103258317912 0.003218617898081005 0.0091270027602478321 0 0.0037607962227424047 0.0038688438076502647 0 0 0 0.0030181220414901965 0.0083196677808076002 0.0038118750568013637 0.0037240035275818498 0.003247291885301316 0.094503963088453879 0.004775000071153045 0.00023102169033421545 0.73412923065743552 0.03307996998877849 0.0039410162551747722 0.016924688097682335 0.3171109320705921 0.0033336159549230515
leaf_weight=3193197 648 401 1676 685 2264 1142 307 1110 601 248 2290 4036 402 306 1598 2688 1612 202 460 351 7690 651 3842 7614 1561 1031 220 459 630 451 372 295 211 17963 1919 817 1396 21472 563 388 395 363 1975 2093 788 90308 13614 23680 509 1270 322 518 525 1663 1197 10808 318 2506 402 316 277 10282
leaf_count=3193197 648 401 1676 685 2264 1142 307 1110 601 248 2290 4036 402 306 1598 2688 1612 202 460 351 7690 651 3842 7614 1561 1031 220 459 630 451 372 295 211 17963 1919 817 1396 21472 563 388 395 363 1975 2093 788 90308 13614 23680 509 1270 322 518 525 1663 1197 10808 318 2506 402 316 277 10282
internal_value=-0.00225131 0.00316813 0.0127313 -0.00236901 -0.000938487 0.00158296 0.00693396 0.0375397 0.00200087 0.00440094 0.00575545 0.00844832 0.0113175 0.0186315 0.00882542 0.000750878 -0.00169961 0.0113697 0.0288316 0.00548019 -0.00243644 0.0166857 0.00171559 0.0024103 0.00886885 0.00436703 0.0206978 0.0106428 0.0125262 0.00996048 0.0188178 0.0105435 0.0236021 -0.00124132 0.00159476 0.0132334 0.00858841 -0.000503962 0.00990007 0.0128046 0.0160282 0.000507699 0.00141483 0.00225967 0.00367269 -0.00193983 -0.000944256 -0.00118346 0.0105802 0.00419456 0.00754504 0.0022461 0.00552845 -0.00211781 0.00187212 0.000267727 0.0146151 0.00244079 0.00576087 0.00204394 0.00780311 0.00214629
internal_weight=3.4499e+06 73331 7977 3.37657e+06 152000 35244 6466 1511 65354 22381 14220 10962 6926 1709 8088 42973 116756 5220 766 6159 3.22457e+06 1793 6132 18497 5217 5490 1082 3656 2672 1898 774 943 862 21024 3061 1268 3427 24476 2742 1346 958 11419 8362 6387 4123 108394 16423 31370 711 2868 1110 3013 984 91971 2809 11056 669 3537 920 3004 1953 17896
internal_count=3449898 73331 7977 3376567 152000 35244 6466 1511 65354 22381 14220 10962 6926 1709 8088 42973 116756 5220 766 6159 3224567 1793 6132 18497 5217 5490 1082 3656 2672 1898 774 943 862 21024 3061 1268 3427 24476 2742 1346 958 11419 8362 6387 4123 108394 16423 31370 711 2868 1110 3013 984 91971 2809 11056 669 3537 920 3004 1953 17896
cat_boundaries=0 3 7 11 15 19 23 27 30 32 36 40 43
cat_threshold=2308 17565850 268437856 3860858885 1095305362 269494368 1 0 17301520 2048 1 656456033 1623204097 143138946 36 16777216 8388608 0 4 94568608 77209730 100668896 305 2149712896 33619968 1048576 17 2216691713 1073741824 1048640 260 128 1284 168 2080 1 1756043008 58728462 499253316 1288 0 17303554 268437568
is_linear=0
shrinkage=0.05


Tree=14
num_leaves=63
num_cat=14
split_feature=8 1 9 7 42 0 2 0 18 1 9 1 6 7 0 42 43 0 0 20 7 7 4 0 7 0 0 34 0 9 23 42 0 7 7 1 42 42 7 42 7 43 0 42 7 9 2 0 30 43 20 42 7 0 0 18 3 43 7 44 18 43
split_gain=824.526 213.048 496.069 142.877 104.879 173.693 100.296 72.1809 69.4114 54.0607 50.873 84.4206 44.1062 45.9627 42.5687 38.9081 33.4444 32.344 20.2299 19.8936 17.5305 17.1753 17.1684 14.9988 14.2043 12.9135 11.7989 10.0422 9.9253 9.85193 12.0798 8.83695 10.5478 8.56104 14.385 8.53156 8.38986 12.6033 8.3498 9.49991 9.82307 8.18659 7.62366 7.33947 7.3054 7.08863 16.5786 8.12521 7.19728 7.0453 6.59055 6.26446 6.09231 6.02711 5.9162 5.91109 5.83975 5.48231 5.44132 5.42163 5.39677 5.27459
threshold=1.0000000180025095e-35 2.1499999761581425 0.2618983536958695 1.0000000180025095e-35 -0.68322628736495961 0 1.0000000180025095e-35 1 0.38750000298023229 25.650000572204593 0.03214703872799874 1.0000000180025095e-35 0.15000000223517421 0.25000000745058065 2 -0.84874749183654774 0.82414472103118908 3 4 2.3541666269302373 0.15000000223517421 0.75000000000000011 7.2500000000000009 5 0.75000000000000011 6 7 0.45000000298023229 8 0.95968100428581249 0.096269693225622191 -0.35206145048141474 9 0.15000000223517421 0.84999999403953563 0.94999998807907116 -0.22695468366146085 -0.84874749183654774 3.0499999523162846 -0.032701563090086067 0.15000000223517421 -0.59869033098220814 10 -0.95642796158790577 0.25000000745058065 0.03214703872799874 0.25000000745058065 11 0.18188746273517611 0.49812944233417517 0.27500000596046453 -0.68322628736495961 0.45000000298023229 12 13 26.062500000000004 3.5499999523162846 -0.70291268825530995 0.45000000298023229 -0.26867066323757166 9.0500001907348651 0.69056403636932384
decision_type=2 10 2 2 2 9 8 9 10 10 2 10 2 2 9 2 2 9 9 10 2 2 10 9 2 9 9 2 9 2 10 2 9 2 2 10 2 2 2 2 2 2 9 2 2 2 8 9 2 2 8 2 2 9 9 10 8 2 2 2 8 2
left_child=3 6 -3 19 5 8 7 12 15 22 11 18 13 -2 38 16 26 55 36 -1 -18 -10 23 56 27 -12 -5 -22 35 -27 41 32 49 -28 43 45 37 -9 39 -6 -41 -31 -21 -35 -13 46 47 48 -19 -16 -33 -49 -42 60 -17 -8 -4 -37 -47 -15 -7 -56
right_child=1 2 9 4 14 53 17 10 21 -11 25 44 -14 59 31 54 20 28 -20 42 24 -23 -24 -25 -26 29 33 -29 -30 30 -32 50 -34 34 -36 57 -38 -39 -40 40 52 -43 -44 -45 -46 58 -48 51 -50 -51 -52 -53 -54 -55 61 -57 -58 -59 -60 -61 -62 -63
leaf_value=0 0.0028770612762529279 0.17655146243042555 0.322183177316544 0.0032554896768315338 0 0.0062414329665669184 0.069322953257277692 0.0024165645844502013 0.0031707359839435894 3.9906978311497832 0.0014713990066347587 -0.00042120842877273624 0.077256458436885472 0.0063847288439381911 0 0.0028499689451298425 0.0028806201719701217 0.0014740966226330242 0.0024665443294316731 0.05689597453317366 0.0057157191193998409 0 0.64940986117255628 0.058478338748286368 0.20069918267740794 0.021797918007293169 0.0031596161771172714 0.0029922723904163505 0.00031900707553970888 0.32612165791910103 0.24678526981156088 0 0 0.0071156736119054424 0.1473480954020164 0.019078051276685905 0.002740517111129449 0.0026869722293878318 0 0.003659917994714575 0.0036754016172677513 0.17209887407853483 0 0.0028218689088690598 0.0074387659493452803 0.00019265144618252421 -0.0008150946822715944 0.0016782104758377506 0.0014734716225771453 0.0045112500672228632 0.0045064628609126989 0.0011202521258974628 0.0078655818369269097 0 0.003153684320986705 0.08833960278448276 0.065879924162141848 0.0064725027763127031 0.0037640101442103996 0.0071160264887050288 0 0.10090946838674351
leaf_weight=3193197 437 956 1411 991 2306 4114 1511 260 2364 307 2642 786 725 201 2115 1926 737 1547 223 7690 669 4173 319 3024 273 3021 1262 204 14534 208 387 100844 14661 494 396 329 274 241 2108 3143 891 216 23680 473 225 8696 1920 588 660 1506 3542 1440 408 15918 508 375 433 554 5625 292 4317 621
leaf_count=3193197 437 956 1411 991 2306 4114 1511 260 2364 307 2642 786 725 201 2115 1926 737 1547 223 7690 669 4173 319 3024 273 3021 1262 204 14534 208 387 100844 14661 494 396 329 274 241 2108 3143 891 216 23680 473 225 8696 1920 588 660 1506 3542 1440 408 15918 508 375 433 554 5625 292 4317 621
internal_value=-0.00226395 0.00384484 0.012376 -0.00236176 -0.000953184 0.00130832 0.00269648 0.00711235 0.00552099 0.00659174 0.00522695 0.0121839 0.0166441 0.0239516 -0.00163134 0.00848901 0.0110025 0.00151149 0.0225 -0.00243644 0.016406 0.00164563 0.0053851 0.00464873 0.0202749 0.00307615 0.00818861 0.0233877 0.00117448 0.00492452 0.00983046 -0.00187295 -0.000859042 0.00993833 0.0127238 0.00186029 0.026258 0.0227495 0.00171554 0.00257558 0.00392728 0.0156604 -0.00118346 0.0160109 0.00200049 0.00165364 0.0030727 0.00481995 0.00691588 0.00155536 -0.00205071 0.00249264 0.00758468 -0.00130434 0.00396481 0.00787711 0.0081931 0.00667327 0.00104375 0.0344168 -0.000222427 0.00682836
internal_weight=3.4499e+06 54367 6450 3.39553e+06 170964 39440 47917 10138 15091 5494 8483 2009 1655 930 131524 8554 5499 37779 998 3.22457e+06 1883 6537 5187 4868 1146 6474 3616 873 35893 3832 811 122668 18282 2625 1363 21359 775 501 8856 6748 4442 424 31370 967 1011 20476 6155 4235 2207 3621 104386 2028 1299 24349 3055 1886 1844 883 14321 493 8431 1129
internal_count=3449898 54367 6450 3395531 170964 39440 47917 10138 15091 5494 8483 2009 1655 930 131524 8554 5499 37779 998 3224567 1883 6537 5187 4868 1146 6474 3616 873 35893 3832 811 122668 18282 2625 1363 21359 775 501 8856 6748 4442 424 31370 967 1011 20476 6155 4235 2207 3621 104386 2028 1299 24349 3055 1886 1844 883 14321 493 8431 1129
cat_boundaries=0 4 8 12 16 20 24 28 31 35 38 42 45 49 52
cat_threshold=2308 17303706 268437856 1 2101248 17301520 526336 1 16777216 8388608 0 4 643829761 1073743009 134357154 321 16780292 8390656 268435520 4 295895217 77209730 1174425952 305 1503153202 295428 3294908641 134 260 136 32 1209535796 29368334 2424309828 32 35654916 168 2080 1756043008 58728462 499253316 1288 260 8388612 64 3929146368 1111818272 1048592 130 0 17303562 268437568
is_linear=0
shrinkage=0.05


Tree=15
num_leaves=63
num_cat=15
split_feature=8 3 9 7 2 42 0 0 6 18 9 1 7 0 42 0 0 20 0 4 0 14 8 0 5 7 42 0 35 7 7 7 42 7 42 0 0 9 2 42 7 7 43 7 42 37 1 9 0 23 1 0 18 0 8 9 0 35 43 42 43 30
split_gain=746.841 181.297 403.441 136.611 106.179 94.5689 162.555 59.702 63.9785 55.9917 50.2388 75.723 47.7109 41.7923 38.8541 21.6944 21.4809 19.6214 19.0566 17.295 16.6575 14.9384 12.6514 12.2668 12.0475 11.9919 11.7856 11.2609 9.91624 10.4061 14.3718 9.28088 9.21473 10.7672 9.05648 9.87192 8.92729 9.83148 13.4264 10.2368 8.62443 15.1203 8.58834 8.54807 8.46665 7.87922 8.26951 7.54812 6.92121 6.84937 6.80841 6.63055 6.29569 6.12623 5.60571 5.23641 4.98979 4.97909 4.91795 4.85605 4.40062 4.38452
threshold=1.0000000180025095e-35 2.3500000238418584 0.2618983536958695 1.0000000180025095e-35 1.0000000180025095e-35 -0.68322628736495961 0 1 0.15000000223517421 1.2749999761581423 0.028186048381030563 1.0000000180025095e-35 0.25000000745058065 2 -0.84874749183654774 3 4 4.7249999046325692 5 2.3500000238418584 6 14.250000000000002 3.0208333730697636 7 0.25000000745058065 0.75000000000000011 -0.22695468366146085 8 1.1500000357627871 0.84999999403953563 0.15000000223517421 3.0499999523162846 -0.032701563090086067 0.15000000223517421 -0.2901292592287063 9 10 0.03214703872799874 0.25000000745058065 -0.84874749183654774 0.94999998807907116 0.15000000223517421 0.89787620306015026 0.45000000298023229 0.09796465560793878 2.3514999151229863 0.15000000223517421 0.03214703872799874 11 0.066532529890537276 0.35000000894069677 12 4.3541667461395273 13 0.095833335071802153 0.049961389973759658 14 1.1500000357627871 0.70290291309356701 -0.63405361771583546 0.8522624969482423 0.12017241120338441
decision_type=2 10 2 2 8 2 9 9 2 10 2 10 2 9 2 9 9 10 9 10 9 10 2 9 10 2 2 9 2 2 2 2 2 2 2 9 9 2 8 2 2 2 2 2 2 2 10 2 9 8 10 9 8 9 2 2 9 2 2 2 2 2
left_child=3 4 22 17 7 6 9 8 12 14 11 20 -2 31 15 28 54 -1 -4 23 26 -21 -3 -12 36 -11 -9 -10 29 30 -5 32 -7 -34 35 58 37 38 39 -18 41 -17 -43 -35 59 46 61 -25 57 -36 -39 52 -8 -16 -6 -49 -26 -19 -15 -41 -32 -46
right_child=1 2 18 5 16 13 51 10 27 25 19 -13 -14 34 53 40 24 48 -20 21 -22 -23 -24 47 56 -27 -28 -29 -30 -31 60 -33 33 43 49 -37 -38 50 -40 44 -42 42 -44 -45 45 -47 -48 55 -50 -51 -52 -53 -54 -55 -56 -57 -58 -59 -60 -61 -62 -63
leaf_value=0 0.0027164775242012763 0.039347543429334511 3.8430830145295882 0.0029989221624668692 -0.00081192341696033907 0.0022320850289107501 0.086265852236576374 0.002424456017433612 0.051984856515888217 0.0030088093659375089 0.09676953476597791 0.0028357708412866706 0.0069452651744736516 0 0.157075384479231 0.0029909806566622297 0.0016294528288288606 0 0.062038978401605195 0.32306868858644872 0.0024210752119796187 0.66427611442558343 0.29202271591972406 0.0027722402530502761 0.33781473739283274 0 0.0026258379631625577 0.3060385320602832 0.00310397523225334 0.18199765224284142 0.0067544687698606141 0 0.0034769220949788463 0.0034916315364043634 0 0 0.00056206147581842067 0.0003706876146001193 -0.00077433994815801497 0.0015596395672369326 0.075733771391597843 0.0025449028734112348 0.0055103003688783975 0.0070364534478748152 0.0014003917915013722 -0.0006822168767426555 0.0012406043027599789 -0.00088450014644247401 0 0.029602418517354741 0.0078944664857160778 0 0 0.0027821069990566823 0.054347890131955678 0.092787597052454415 0.095915740261308627 0.32148673501972685 0.0042869375638803471 0.0013997667914454935 0.0055454458646048976 0.0014004230415041675
leaf_weight=3204433 432 208 205 487 319 2278 1473 333 670 1866 2669 758 447 2979 359 1958 283 2250 2042 457 326 525 685 231 211 3593 216 365 516 343 401 2108 3139 875 98239 16880 20707 7650 967 402 604 788 268 413 311 211 547 1765 15747 3022 1839 21990 1542 2796 3529 3156 353 2655 1554 1315 351 218
leaf_count=3204433 432 208 205 487 319 2278 1473 333 670 1866 2669 758 447 2979 359 1958 283 2250 2042 457 326 525 685 231 211 3593 216 365 516 343 401 2108 3139 875 98239 16880 20707 7650 967 402 604 788 268 413 311 211 547 1765 15747 3022 1839 21990 1542 2796 3529 3156 353 2655 1554 1315 351 218
internal_value=-0.00226986 0.00354486 0.015207 -0.00236292 0.0028298 -0.000984973 0.00116595 0.00686842 0.0149766 0.00540969 0.00536186 0.0134216 0.0249744 -0.00162843 0.00786523 0.0103237 0.00154637 -0.00243591 0.00390854 0.00387283 0.0234429 0.0101273 0.0436366 0.00308752 0.00115535 0.00142929 0.0288506 0.00663043 0.0143999 0.0164317 0.0185654 0.00169642 0.00260813 0.00393777 -0.00186728 -0.000933195 0.00103701 0.00202447 0.00402327 0.00554685 0.00789829 0.00901294 0.0138352 0.00778727 0.00469041 0.00775641 0.00948885 0.00165052 -0.000899671 -0.00206499 0.00113052 -0.00126774 0.000929751 0.00341125 0.00508813 0.00123908 0.00840425 0.000740081 0.00113746 0.00239225 0.0228989 0.0139461
internal_weight=3.45026e+06 54352 3140 3.39591e+06 51212 170822 39335 12350 1914 14330 10436 1633 879 131487 8871 5716 38862 3.22508e+06 2247 8803 875 982 893 7821 35014 5459 549 1035 2098 1582 1239 8813 6705 4427 122674 21413 34450 13743 4254 3287 3618 3014 1056 1288 3004 1287 1076 5152 20652 101261 9489 25005 3015 3155 3848 4921 564 4905 4533 1717 752 529
internal_count=3450259 54352 3140 3395907 51212 170822 39335 12350 1914 14330 10436 1633 879 131487 8871 5716 38862 3225085 2247 8803 875 982 893 7821 35014 5459 549 1035 2098 1582 1239 8813 6705 4427 122674 21413 34450 13743 4254 3287 3618 3014 1056 1288 3004 1287 1076 5152 20652 101261 9489 25005 3015 3155 3848 4921 564 4905 4533 1717 752 529
cat_boundaries=0 4 8 12 16 20 23 27 31 33 37 40 44 47 51 54
cat_threshold=2052 17631386 268437856 1 73404416 17432592 524304 1 16777216 8388608 0 4 0 16779282 2304 1 1987582113 1079125125 235413536 289 67239936 67174401 8320 16778240 8390656 268435520 4 570523781 1140918403 403843460 288 0 17301520 35671300 65704 2048 1 134218772 41943074 4027713990 2016352000 59899918 230817856 1288 2149581056 37748736 2148532240 0 262272 288 1 16842752 8 276824128
is_linear=0
shrinkage=0.05


Tree=16
num_leaves=63
num_cat=18
split_feature=8 3 9 7 42 0 2 18 9 0 6 1 0 42 0 0 0 20 10 4 6 7 0 7 1 42 0 7 0 35 7 7 7 42 7 7 7 7 0 9 2 42 42 42 0 20 8 43 9 0 1 34 0 42 30 0 43 0 23 0 0 0
split_gain=614.42 172.787 411.086 130.301 85.5396 168.351 64.4947 56.7453 56.5218 58.837 53.5865 41.8975 40.2969 27.8686 25.2082 21.8724 19.8767 19.4374 19.2936 16.0072 15.3654 14.3145 12.9189 12.2564 11.9637 11.5885 10.6548 10.2801 10.0187 9.14651 9.57012 13.1084 9.01954 10.1728 10.7672 8.54807 8.54556 13.2983 7.64859 8.98586 13.4576 9.50729 9.66878 6.93845 6.74845 6.61119 6.53024 6.33331 5.88779 5.78189 5.75062 5.28317 5.12332 5.11503 4.44629 4.36063 4.34761 6.23229 4.17915 4.16751 4.10151 4.09142
threshold=1.0000000180025095e-35 2.3500000238418584 0.2618983536958695 1.0000000180025095e-35 -0.72947329282760609 0 1.0000000180025095e-35 1.2749999761581423 0.028186048381030563 1 0.15000000223517421 1.0000000180025095e-35 2 -0.84874749183654774 3 4 5 4.7249999046325692 0.20833333581686023 3.6499999761581425 2.0499999523162846 0.25000000745058065 6 0.84999999403953563 3.0499999523162846 -0.35206145048141474 7 38.800001144409187 8 1.1500000357627871 0.84999999403953563 0.15000000223517421 3.0499999523162846 -0.032701563090086067 0.15000000223517421 0.45000000298023229 0.94999998807907116 0.15000000223517421 9 0.03214703872799874 0.25000000745058065 -0.84874749183654774 0.09796465560793878 -0.95642796158790577 10 0.94999998807907116 0.40416666865348821 0.66527691483497631 0.033100223168730743 11 0.15000000223517421 0.65000000596046459 12 -0.63405361771583546 0.17672618478536609 13 0.70290291309356701 14 0.16707717627286914 15 16 17
decision_type=2 10 2 2 2 9 8 10 2 9 2 10 9 2 9 9 9 10 2 10 2 2 9 2 10 2 9 2 9 2 2 2 2 2 2 2 2 2 9 2 8 2 2 2 9 8 2 2 2 9 10 2 9 2 2 9 2 9 10 9 9 9
left_child=3 6 24 17 5 7 8 13 11 10 21 14 32 16 -2 -13 29 58 52 49 48 -10 38 -9 -3 26 56 61 -22 30 31 -5 33 -6 -35 -36 37 -18 -20 40 41 -40 53 47 51 -27 -41 -39 -11 -12 54 -19 -8 -43 -44 -47 -14 -58 -1 -15 -60 -4
right_child=1 2 27 4 12 -7 18 23 9 20 19 15 25 59 -16 -17 36 44 22 -21 28 -23 -24 -25 -26 45 -28 -29 -30 -31 -32 -33 -34 34 35 -37 -38 43 39 46 -42 42 50 -45 -46 55 -48 -49 -50 -51 -52 -53 -54 -55 -56 -57 57 -59 60 -61 -62 -63
leaf_value=0 0.0024843105181740896 0.037380166257867775 -0.01485196894231669 0.0028489760543435258 -0.00011160425144553751 0 0.35951461402345303 0.0028597890959482343 0.0025806536479912115 0.002457311246594816 0.077180742406475211 0.0055268507433522069 0 0.24609663495684822 0.0042360653030242062 0.0026939822992223372 0.0028435165702602148 0 0.097251492922842325 0.61503825095460674 0.31048016926348693 0.0066377729092403906 0.00061414148517928663 0 0.28309687220772439 0 0 3.6532363646518764 0.098275692222380473 0.0029487764706406724 0.17289776963069936 0.005881234895004436 0 0.0033030759902299037 0.0033170499595841455 0.0066846307754810739 0.071947082822017935 0.0027370841156017255 0.001547980187387417 0.00035160683769252393 -0.0007356229507501145 0.0014816575888750864 0.001330372201926304 0.0023675087078325039 0 0.37244997539797675 0.023420488157383557 0.0052648833543125044 -0.00098499404426751771 0.25358750923635409 0.0011785740876219808 0.31229224457712007 0.24578794176519395 0.0012307454345854354 0.0013304018894289588 -0.00071407315032857757 0.0090733456077859483 0.0030156459793872674 0 0.0026800074132404539 0 0.091815292460106238
leaf_weight=3159842 677 220 793 487 2508 23314 333 1647 279 393 999 225 5637 222 288 758 1869 2531 443 301 1268 295 23482 3165 673 102434 12782 204 1911 516 343 752 2160 3139 875 413 607 316 282 7103 966 401 416 491 15353 467 2627 243 3917 1039 595 2768 688 1301 225 1479 839 2075 8208 2042 36383 1250
leaf_count=3159842 677 220 793 487 2508 23314 333 1647 279 393 999 225 5637 222 288 758 1869 2531 443 301 1268 295 23482 3165 673 102434 12782 204 1911 516 343 752 2160 3139 875 413 607 316 282 7103 966 401 416 491 15353 467 2627 243 3917 1039 595 2768 688 1301 225 1479 839 2075 8208 2042 36383 1250
internal_value=-0.00228026 0.00299382 0.014379 -0.00236468 -0.00101893 0.0011458 0.00229575 0.00577498 0.00544332 0.00397952 0.00999572 0.0132598 -0.00159724 0.00838996 0.0206606 0.0059944 0.0102756 -0.00243596 0.00129548 0.00667059 0.00162388 0.0237195 0.00111248 0.00150042 0.0430767 -0.00182968 -0.000767942 0.00297396 0.00426313 0.0141627 0.0161157 0.0181618 0.00161587 0.00249639 0.00393777 0.00778727 0.00790017 0.00904505 0.0022933 0.00208315 0.00402174 0.00557453 0.00473281 0.0135476 -0.000906935 -0.00204685 0.00125128 0.0173569 -0.000319026 0.00508096 0.0080987 0.000631474 0.00807786 0.00228848 0.0113846 0.000840184 0.000598352 0.00216712 -0.00244581 0.00370583 -0.00196514 0.00190529
internal_weight=3.45026e+06 54352 3140 3.39591e+06 170822 36014 51212 12700 12350 10402 2913 1948 134808 7888 965 983 5624 3.22508e+06 38862 2339 7489 574 37841 4812 893 125713 21333 2247 3179 2098 1582 1239 9095 6935 4427 1288 3526 2919 14359 13916 4186 3220 2938 1050 20652 104380 9730 559 4310 2038 1236 5299 1021 1702 641 1946 8551 2914 3.20443e+06 2264 44591 2043
internal_count=3450259 54352 3140 3395907 170822 36014 51212 12700 12350 10402 2913 1948 134808 7888 965 983 5624 3225085 38862 2339 7489 574 37841 4812 893 125713 21333 2247 3179 2098 1582 1239 9095 6935 4427 1288 3526 2919 14359 13916 4186 3220 2938 1050 20652 104380 9730 559 4310 2038 1236 5299 1021 1702 641 1946 8551 2914 3204433 2264 44591 2043
cat_boundaries=0 4 8 12 16 18 22 26 30 34 38 42 44 47 51 54 57 61 65
cat_threshold=2052 17369242 269486432 1 1180799121 119144596 675815696 353 16777216 8388608 0 4 16780292 8390656 268435520 4 0 17301520 0 16779282 2304 1 1819808901 1086334115 3490316514 1 35671300 17367208 268437600 1 2702311680 8454154 269619264 4 69210112 1153 32 1 2049906432 59899934 230817856 264 1073807376 51904532 151060608 26353676 201326592 671219713 1073750036 341835840 32 2097408 65672 32 0 65664 256 679679232 1103101988 1409286212 36 1145274497 37756981 12736 258
is_linear=0
shrinkage=0.05


Tree=17
num_leaves=63
num_cat=0
split_feature=6 1 3 6 7 7 41 20 2 41 34 44 7 17 3 2 6 7 1 19 4 21 6 37 19 38 7 28 41 23 5 4 37 41 43 24 7 7 34 28 2 6 3 37 33 36 38 28 44 38 23 1 38 18 30 34 6 5 20 41 36 38
split_gain=508.919 183.317 119.865 131.004 111.129 32.3867 20.1037 19.2764 18.2355 17.6299 17.2408 15.3028 14.2005 13.4743 17.4732 26.2619 16.2267 16.1496 33.4826 12.2928 11.711 12.5658 10.4538 10.2266 11.1039 10.4893 9.9481 8.55773 8.42041 6.84556 6.63951 6.56409 6.51251 6.2794 9.15622 7.54591 6.70552 6.22277 5.95711 5.92278 5.71712 5.68153 7.32414 5.55514 5.40677 5.23791 5.77371 5.03091 4.86226 4.48196 4.47432 4.37743 14.3201 4.32862 4.20319 4.05313 3.92184 6.20319 3.88738 3.57138 3.44804 3.40132
threshold=1.0000000180025095e-35 2.3500000238418584 2.0499999523162846 4.4500000476837167 1.0000000180025095e-35 0.84999999403953563 -0.77259656786918629 5.2083332538604745 2.9500000476837163 0.84874749183654796 1.0000000180025095e-35 0.59003219008445751 30.300000190734867 5.3541667461395273 1.0000000180025095e-35 1.0000000180025095e-35 0.15000000223517421 0.25000000745058065 1.0000000180025095e-35 4.5000000000000009 1.6500000357627871 5.5625000000000009 6.4500000476837167 2.8605000972747807 2.5000000000000004 6.5000000000000009 0.15000000223517421 0.050299357622861869 -0.47114434838294977 0.091089468449354186 -1.9499999880790708 -1.2499999999999998 6.7225000858306894 0.52778512239456188 0.8337649703025819 0.0077309387270361194 0.15000000223517421 0.15000000223517421 3.8500000238418584 0.050299357622861869 1.0000000180025095e-35 2.0499999523162846 0.15000000223517421 2.3514999151229863 0.55000001192092907 3.5000000000000004 6.5000000000000009 0.021568628028035167 -0.31800055503845209 21.500000000000004 0.16707717627286914 0.15000000223517421 21.500000000000004 14.275000095367433 0.38963624835014349 0.65000000596046459 0.15000000223517421 -1.0000000180025095e-35 24.416666984558109 -0.52778512239456166 8.5000000000000018 21.500000000000004
decision_type=2 10 10 2 2 2 2 10 10 2 2 2 2 10 8 10 2 2 10 2 10 10 2 2 2 2 2 2 2 10 10 10 2 2 2 10 2 2 2 2 10 2 8 2 2 2 2 2 2 2 10 10 2 10 2 2 2 10 10 2 2 2
left_child=4 6 12 8 7 9 38 50 -4 10 27 22 20 14 15 16 17 18 45 49 -3 -22 -5 24 25 -19 -16 37 -12 53 -17 -18 -11 34 43 36 -36 59 -2 -10 -28 42 51 -30 -45 -8 -47 61 -38 -20 -1 52 56 -7 -40 -9 -42 -58 -57 -6 -23 -39
right_child=1 2 3 11 5 29 13 55 39 32 28 -13 -14 -15 26 30 31 23 19 -21 21 60 -24 -25 -26 -27 40 -29 33 -31 -32 -33 -34 -35 35 -37 48 47 54 -41 41 -43 -44 44 -46 46 -48 -49 -50 -51 -52 -53 -54 -55 -56 58 57 -59 -60 -61 -62 -63
leaf_value=0 0 0.0593781137432585 0.029198657527742422 0.15059157355970526 0 0 0.0021778164335828588 0 0.055591568791333673 0 0 3.4544220404779065 0.52359172427975853 0 -0.00043581167401657506 0.14328860724423978 0.22481551438435138 0.005590348004483138 -0.001025699204181954 0.0021819346508382938 0.070778274432349769 0.63845327133704011 0.21854773752020951 0.0021688339342561857 0.0062859985299767961 0.0031387610045826991 0 0 0.0017585980159324722 0.15470391155003294 0.00048501066013865611 0.071366489001387159 0.0033959243932808999 0.0022341443770395697 0.0023778580254922178 0 0.0019731859002216899 0.00015684129064949122 0.034547163824287394 0.058841564201776025 0.002049385960278398 0.061444345754322144 0.0011196453832408805 0.0026945375830883141 -0.00022500000335276129 0.0019132175220552682 0.0022567145539608862 0.0021641596457088628 0.0046711768428694218 0.0024516209655916516 0 0.00087456489373064503 0.001263881794957511 0 0.43558106120741658 0 -9.8598846133855778e-05 0.0016128283335451216 0.43728767327814888 -0.0001080475849078597 0.50325078185015248 0.0030437748767063919
leaf_weight=3159944 21581 2536 256 251 5905 38864 382 9032 341 14457 4042 211 211 7474 3615 323 206 335 1643 245 529 454 756 213 298 344 3059 6916 2314 1640 6446 3474 230 3464 624 288 226 9894 859 315 1586 891 9398 2034 548 308 1015 897 373 230 46066 1998 513 47137 217 8760 247 451 1283 9485 295 2330
leaf_count=3159944 21581 2536 256 251 5905 38864 382 9032 341 14457 4042 211 211 7474 3615 323 206 335 1643 245 529 454 756 213 298 344 3059 6916 2314 1640 6446 3474 230 3464 624 288 226 9894 859 315 1586 891 9398 2034 548 308 1015 897 373 230 46066 1998 513 47137 217 8760 247 451 1283 9485 295 2330
internal_value=-0.00228421 0.00183162 0.0100914 0.0196831 -0.0023738 -0.00105111 0.00107678 -0.002436 0.0340132 -0.000196285 0.000256384 0.0089532 0.00501553 0.00169184 0.00208087 0.00336599 0.00518434 0.00703521 0.00545187 0.00125354 0.00431699 0.00821987 0.00638778 0.0121218 0.0142861 0.0107548 0.00116762 -0.00032934 0.00174783 -0.00167561 0.0010308 0.00266304 -0.001717 0.00253495 0.00346223 0.00686466 0.00857931 5.33998e-05 -0.000136493 0.0384299 0.00164485 0.00204455 0.00180142 0.00241217 0.00400658 0.0106672 0.009178 0.000853402 0.0123581 -0.000124133 -0.00244543 0.00339155 0.00466839 -0.00173664 0.00349442 -0.000851246 0.00297285 0.00609599 -0.000160062 -0.000628656 0.0123865 0.000588187
internal_weight=3.45026e+06 73506 6155 2130 3.37675e+06 151668 67351 3.22508e+06 912 64027 49340 1218 4025 44694 37220 15462 8693 5013 3823 2118 3814 1278 1007 1190 977 679 21758 35427 13913 87641 6769 3680 14687 9871 6407 1511 1223 28511 22657 656 18143 15084 14193 4896 2582 1705 1323 13121 599 1873 3.20601e+06 4795 2797 86001 1076 19075 2284 698 10043 15390 749 12224
internal_count=3450259 73506 6155 2130 3376753 151668 67351 3225085 912 64027 49340 1218 4025 44694 37220 15462 8693 5013 3823 2118 3814 1278 1007 1190 977 679 21758 35427 13913 87641 6769 3680 14687 9871 6407 1511 1223 28511 22657 656 18143 15084 14193 4896 2582 1705 1323 13121 599 1873 3206010 4795 2797 86001 1076 19075 2284 698 10043 15390 749 12224
is_linear=0
shrinkage=0.05


Tree=18
num_leaves=63
num_cat=0
split_feature=6 1 9 6 9 3 20 41 1 21 5 4 42 4 19 42 38 43 5 42 38 28 49 20 38 45 38 1 42 19 49 9 19 38 17 38 9 3 34 38 27 24 38 1 28 43 38 5 9 17 1 10 5 41 6 3 43 5 3 17 11 18
split_gain=467.563 154.12 428.576 33.7677 28.1119 55.3484 22.0072 16.3937 25.7329 14.2808 13.0892 12.6633 12.0119 11.3891 7.63631 7.77771 8.95965 6.47909 6.01372 6.00308 7.34777 7.65569 5.90322 5.77043 5.05674 4.91319 4.83064 10.9579 9.73026 4.71389 4.66257 4.37725 8.63022 5.84911 4.35098 4.33497 4.28312 3.97115 3.91294 3.5927 3.45821 3.41057 3.40665 3.3497 3.24836 3.1954 3.14388 2.92285 2.76251 6.99473 3.10961 2.94023 2.75921 2.74719 2.7404 6.29942 2.7215 2.61896 2.57856 2.48241 3.48061 2.62769
threshold=1.0000000180025095e-35 2.3500000238418584 0.2618983536958695 36.549999237060554 0.03214703872799874 1.0000000180025095e-35 1.1833333373069765 -0.77259656786918629 1.0000000180025095e-35 14.083333492279055 -1.0000000180025095e-35 -1.4499999880790708 -0.2901292592287063 2.3500000238418584 1.5000000000000002 -0.2901292592287063 7.5000000000000009 0.10837544873356821 1.0000000180025095e-35 -0.68322628736495961 7.5000000000000009 0.017647059634327892 0.78666669130325328 9.791666507720949 6.5000000000000009 1.0000000180025095e-35 21.500000000000004 0.15000000223517421 0.032701563090086018 2.5000000000000004 6.3166668415069589 0.04530130326747895 2.5000000000000004 6.5000000000000009 21.062500000000004 3.5000000000000004 0.099147327244281783 0.45000000298023229 0.65000000596046459 7.5000000000000009 0.061906902119517333 0.0066933878697454938 2.5000000000000004 0.25000000745058065 0.013725490774959328 0.62587949633598339 21.500000000000004 -1.0000000180025095e-35 0.1011888049542904 2.2749999761581425 1.0000000180025095e-35 11.208333492279055 -1.8499999642372129 -0.16280825436115262 0.15000000223517421 0.15000000223517421 0.51297098398208629 -1.0000000180025095e-35 0.35000000894069677 1.6458333134651186 141.20833587646487 0.64583334326744091
decision_type=2 10 2 2 2 8 10 2 10 10 10 8 2 10 2 2 2 2 10 2 2 2 2 10 2 2 2 10 2 2 2 2 2 2 10 2 2 10 2 2 2 8 2 10 2 2 2 10 2 8 10 2 10 2 2 10 2 10 10 10 2 8
left_child=6 4 10 9 5 7 19 39 14 44 -3 30 18 -11 -9 16 25 34 48 20 21 29 23 -8 -10 -16 42 28 -28 45 -6 32 33 -20 36 56 -14 -33 -25 -2 -34 -30 -7 -29 58 -1 -26 -44 50 51 -13 -50 -53 -47 -49 -56 -31 -52 -4 60 -38 -62
right_child=1 2 3 -5 11 26 22 8 24 13 -12 12 17 -15 15 -17 -18 -19 31 -21 -22 -23 -24 38 46 -27 27 43 41 35 -32 37 40 -35 -36 -37 59 -39 -40 -41 -42 -43 47 -45 -46 53 -48 54 49 -51 57 52 -54 -55 55 -57 -58 -59 -60 -61 61 -63
leaf_value=0 0.00020369582498721024 0.1373877466238623 0.22260305257874491 3.3612260481863956 0.14330484770154775 0.0012999299164470901 0 0.0019382006566910491 0.0042019274629109442 0.11423567077384865 0.14306199488171997 -0.00015078229896936339 0 0.59189482390471693 0.0023164384599193566 0.0027855470498690006 0.0025057654320396897 0 0.0041463813546165351 0 0 0 0.14147718228999437 0 0.00082986914858463288 0.0038430250122692016 0.0012865336934068129 0.0010636631140788361 0.0012733817187978004 0 0.17602853574428501 0.0017326443826560858 0.0042349501466905819 -0.00093024960471261773 0 0 0.13259193386385987 0.0075105051737869542 0.16779672065297746 0.0025672184029556979 0.0022284895665424828 0.0012006877052096355 0.0023244821308626546 -0.00076490642766183052 0.013210559403351944 0 0.001888447738272187 -6.7079952939364882e-05 0.010093283593365509 0 -0.00029352118119026498 0.12982230146018334 0.053753259883715633 0.00011524832810672012 0.0014871664240729823 0.000364814823173569 0 0.00091328692326758231 0.02886253673286366 0.039307659943448425 0.0086606798809531742 0.11351965562134388
leaf_weight=28677 676 273 633 213 526 310 32902 374 623 723 613 4348 4257 567 210 359 370 12846 419 2465659 623821 148552 1839 4634 732 292 432 1059 385 15752 656 4321 225 642 3931 32009 249 529 5791 481 241 217 507 1352 2601 3581 216 5077 945 2510 1655 237 2735 6281 551 2386 7255 5561 532 2281 850 778
leaf_count=28677 676 273 633 213 526 310 32902 374 623 723 613 4348 4257 567 210 359 370 12846 419 2465659 623821 148552 1839 4634 732 292 432 1059 385 15752 656 4321 225 642 3931 32009 249 529 5791 481 241 217 507 1352 2601 3581 216 5077 945 2510 1655 237 2735 6281 551 2386 7255 5561 532 2281 850 778
internal_value=-0.00228825 0.0016568 0.0092303 0.00381998 0.000964684 0.00275016 -0.00237413 0.00760847 0.00946473 0.00299842 0.0414052 0.000380256 0.000258272 0.00753876 0.0139174 0.0158184 0.0132683 -0.000507305 0.00104974 -0.00238899 -0.00227573 -0.00204194 -0.00127784 -0.00139561 0.00491566 0.0176195 0.00103535 0.00262337 0.0069294 -0.00168764 0.00549492 0.00236906 0.00470367 0.00221253 0.000310626 -0.0019847 0.000952168 0.00163402 -0.000370504 0.00251296 0.0103755 0.0110382 0.000415864 0.000776648 0.00144318 -0.00126359 0.00261603 0.000228552 0.000582096 0.00141318 0.0001202 0.0027336 0.00350606 -0.000487224 -4.36795e-06 0.00121127 -0.00146119 0.000756651 0.00363734 0.00209355 0.00344033 0.00259828
internal_weight=3.45026e+06 73506 6155 5269 67351 16609 3.37675e+06 4333 3176 5056 886 50742 49560 1290 1605 1231 872 25192 24368 3.33159e+06 865928 242107 45166 43327 1571 502 12276 3445 1034 93555 1182 6377 1527 1061 12346 55016 8415 4850 10425 1157 466 602 8831 2411 3766 38539 948 8521 17991 6427 11564 3917 2972 9862 8014 2937 23007 7216 1165 4158 1877 1628
internal_count=3450259 73506 6155 5269 67351 16609 3376753 4333 3176 5056 886 50742 49560 1290 1605 1231 872 25192 24368 3331587 865928 242107 45166 43327 1571 502 12276 3445 1034 93555 1182 6377 1527 1061 12346 55016 8415 4850 10425 1157 466 602 8831 2411 3766 38539 948 8521 17991 6427 11564 3917 2972 9862 8014 2937 23007 7216 1165 4158 1877 1628
is_linear=0
shrinkage=0.05


Tree=19
num_leaves=63
num_cat=0
split_feature=8 7 1 9 42 7 2 9 1 38 42 6 40 20 7 18 5 18 42 13 38 7 8 7 13 42 7 19 6 18 37 39 42 37 8 41 20 38 20 7 1 9 38 8 27 38 7 27 44 44 24 9 42 40 35 9 9 9 6 4 8 7
split_gain=467.786 128.491 106.178 401.228 79.1111 88.9937 41.5419 58.4258 48.2257 30.2048 26.4324 22.0877 21.0009 19.1503 17.0811 16.3374 15.7207 14.8226 11.4785 10.6509 9.82612 9.00114 8.33433 6.96958 6.96854 6.50945 7.12971 6.08594 11.8451 6.03817 6.0336 5.82017 5.68495 7.03843 5.55702 5.30191 5.05443 4.9784 4.79808 4.18469 4.66 12.909 16.1669 11.1194 4.12447 4.09369 13.5544 4.07392 4.06886 5.35846 3.90111 3.8198 3.74806 6.24698 3.65239 3.61696 3.49056 3.48756 5.12665 3.4475 3.41363 3.40297
threshold=1.0000000180025095e-35 1.0000000180025095e-35 2.4500000476837163 0.2618983536958695 -0.68322628736495961 0.84999999403953563 1.0000000180025095e-35 0.028186048381030563 1.0000000180025095e-35 7.5000000000000009 -0.84874749183654774 36.549999237060554 1.9959999918937685 2.2749999761581425 0.15000000223517421 0.27500000596046453 -1.0000000180025095e-35 1.5500000119209292 -0.84874749183654774 16.550000190734867 6.5000000000000009 3.5499999523162846 1.4625000357627871 0.25000000745058065 2.3541666269302373 -0.2901292592287063 0.84999999403953563 4.5000000000000009 0.15000000223517421 0.14583333581686023 2.3514999151229863 0.81850001215934765 -0.95642796158790577 2.3514999151229863 0.23749999701976779 -0.9103761315345763 0.77500000596046459 21.500000000000004 24.416666984558109 0.15000000223517421 0.15000000223517421 0.03214703872799874 21.500000000000004 0.10416666790843011 0.71373298764228832 13.500000000000002 0.35000000894069677 0.041747083887457855 -0.21862536668777463 -0.76140165328979481 0.0066933878697454938 0.03214703872799874 0.09796465560793878 1.7624999880790713 1.0000000180025095e-35 0.12061684951186182 0.030080261640250686 0.2618983536958695 0.84999999403953563 2.9500000476837163 0.10416666790843011 0.25000000745058065
decision_type=2 2 10 2 2 2 8 2 10 2 2 2 2 10 2 10 10 8 2 10 2 2 2 2 8 2 2 2 2 10 2 2 2 2 2 2 8 2 10 2 10 2 2 2 2 2 2 2 2 2 10 2 2 2 2 2 2 2 2 10 2 2
left_child=1 13 6 16 5 9 7 8 20 10 14 19 37 44 30 32 -4 -7 29 -5 -2 27 -21 -10 34 26 31 51 -29 -14 -3 56 54 -34 -23 -8 45 -11 -15 -37 41 42 43 -41 -1 -27 -47 -32 49 -36 -44 -9 53 -22 -16 -42 -6 58 -57 -24 -43 -53
right_child=2 4 3 11 25 17 35 21 23 12 -12 -13 18 38 15 -17 -18 -19 -20 22 52 24 59 -25 -26 36 -28 28 -30 -31 47 -33 33 -35 48 39 -38 -39 -40 40 55 60 50 -45 -46 46 -48 -49 -50 -51 -52 61 -54 -55 -56 57 -58 -59 -60 -61 -62 -63
leaf_value=0 0.0020759183835428511 0.0026091864239021351 0.13968932812713428 0.041686691496325458 0 0.084543257337325289 -0.00048187749481597392 0.002194707724966639 0.0013389488963396216 -0.00046065403552386229 0.0024469992450331141 3.193164745777076 0.0028002935440272687 0 0.0061632980008940385 0.0024346648986205231 0.13590889513763399 0 0.002001464689392835 0.74059152581085452 0.0025000730133947911 0.00011891292973814962 0.086022991429775805 0.0060053616345857362 0.18240427470596421 0 0 0.0048229806002947706 -0.0025095487333263774 0.0025965118611140509 0.002608399194279994 0.0042467871386636692 0.0019599360834577704 0.0021739983384504815 0.11201040356640701 -0.00036992602419559623 0.061956240369171495 0.0018744136284818268 0.22974577076670052 0.001518969384240223 0.00061838057918601401 -0.00040997789183114811 0.0011415005410767693 0.0014578285956642165 0.53999999761576878 0.0029177653485197999 0 0.0026195702667374493 0.12569205849470888 0.28155169118492002 0.0011406251168216309 -0.00085055483811632884 0.0022364549607016646 0.0019329638142525933 0.0049442833413446659 0.0021085432925078136 0.0028552524751842695 0.011721964862773354 0.011982003350172084 0.39746102270857608 0.025903430974855535 0.010192189961473742
leaf_weight=3193024 335 1122 260 3746 7936 5212 7480 399 674 3165 2791 213 553 29716 405 734 589 19362 470 238 201 205 645 310 931 79399 14067 282 316 365 256 685 283 482 214 5311 2094 2246 2144 1974 13301 3233 354 250 201 5748 20927 1527 469 289 202 2302 215 214 362 653 631 1300 529 302 3521 2895
leaf_count=3193024 335 1122 260 3746 7936 5212 7480 399 674 3165 2791 213 553 29716 405 734 589 19362 470 238 201 205 645 310 931 79399 14067 282 316 365 256 685 283 482 214 5311 2094 2246 2144 1974 13301 3233 354 250 201 5748 20927 1527 469 289 202 2302 215 214 362 653 631 1300 529 302 3521 2895
internal_value=-0.0022916 -0.00236525 0.00231031 0.00858794 -0.00102888 0.000938413 0.00153234 0.00435787 0.0121485 0.00400701 0.00609709 0.00333204 0.00155942 -0.00243603 0.00821359 0.0114673 0.0404329 -0.000904819 0.00704611 0.00265108 0.0200907 0.00252891 0.0067827 0.00435976 0.00535104 -0.0016174 -0.000859707 0.00156845 0.00636288 0.0102996 0.00567556 0.000218331 0.014406 0.0113562 0.00790782 0.000772278 -0.00178075 0.000152005 -0.00121626 0.00106373 0.00133142 0.00220422 0.00507194 0.00316547 -0.0024482 -0.00182877 -0.00129288 0.00748317 0.0094856 0.0126093 0.0126978 0.00105611 0.0237698 0.020994 0.0174478 0.000804187 -0.000136279 0.00255641 0.004522 0.00468057 0.00102384 0.00069415
internal_weight=3.45026e+06 3.39591e+06 54352 5993 170822 39335 48359 10251 1949 14761 7962 5144 6799 3.22508e+06 5171 2266 849 24574 1388 4931 965 8302 1185 984 2108 131487 23319 6194 598 918 2905 9252 1532 765 1177 38108 108168 5411 31860 30628 25317 9534 2780 2224 3.19322e+06 106074 26675 1783 972 503 556 5596 630 415 767 15783 8567 2482 1182 947 6754 5197
internal_count=3450259 3395907 54352 5993 170822 39335 48359 10251 1949 14761 7962 5144 6799 3225085 5171 2266 849 24574 1388 4931 965 8302 1185 984 2108 131487 23319 6194 598 918 2905 9252 1532 765 1177 38108 108168 5411 31860 30628 25317 9534 2780 2224 3193225 106074 26675 1783 972 503 556 5596 630 415 767 15783 8567 2482 1182 947 6754 5197
is_linear=0
shrinkage=0.05


Tree=20
num_leaves=63
num_cat=16
split_feature=8 3 9 2 9 1 0 1 0 0 28 6 20 0 6 0 43 41 9 2 6 6 9 0 0 6 0 30 0 41 34 1 6 9 4 20 0 0 0 41 35 21 0 28 24 43 41 20 41 0 1 5 34 48 0 41 14 34 8 46 34 0
split_gain=421.01 98.5506 243.428 40.2015 55.6723 52.9175 36.4387 34.2469 31.0766 24.2701 19.7271 18.4917 17.2799 13.0273 12.2898 10.7112 9.04672 8.46142 7.32111 15.0397 10.8114 6.92577 6.82321 6.80849 6.64225 6.63547 6.61763 7.40383 6.59862 6.55496 6.59465 6.48644 6.36473 6.15135 5.64587 5.19085 5.08843 5.02247 4.76378 4.18017 4.08947 3.96126 3.65825 5.00653 3.59262 3.81826 3.524 3.50292 3.30279 3.23795 3.19874 3.52957 3.1184 3.09885 2.61906 2.59247 2.77322 2.58822 2.56496 2.49988 2.41734 2.36583
threshold=1.0000000180025095e-35 2.6499999761581425 0.2618983536958695 1.0000000180025095e-35 0.03214703872799874 1.0000000180025095e-35 0 3.2500000000000004 1 2 0.044210137799382217 0.15000000223517421 7.5833332538604745 3 0.65000000596046459 4 0.46800856292247778 -0.52778512239456166 0.033100223168730743 0.25000000745058065 2.0499999523162846 2.0499999523162846 0.09296207502484323 5 6 1.0000000180025095e-35 7 0.14036375284194949 8 0.72947329282760631 1.0000000180025095e-35 0.15000000223517421 1.0000000180025095e-35 0.29058250784873968 -0.65000000596046437 1.1458333134651186 9 10 11 0.77259656786918651 7.2500000000000009 1.1833333373069765 12 0.013725490774959328 0.0013152653118595483 0.85673803091049205 -0.52778512239456166 0.27500000596046453 -0.52778512239456166 13 0.35000000894069677 1.0000000180025095e-35 0.35000000894069677 0.38127338886260992 14 0.41248606145381933 43.250000000000007 4.0499999523162851 2.3958333730697636 -0.64637795090675343 1.0000000180025095e-35 15
decision_type=2 10 2 8 2 10 9 10 9 9 2 2 10 9 2 9 2 2 2 10 2 2 2 9 9 2 9 2 9 2 2 10 2 2 8 10 9 9 9 2 2 10 9 2 10 2 2 8 2 9 10 10 2 2 9 2 10 2 2 2 2 9
left_child=6 3 7 4 5 8 10 -3 17 11 16 -6 25 50 -11 -7 32 -2 19 26 -20 -13 -9 -16 -4 41 27 31 29 30 48 46 35 -22 58 42 -27 -36 40 -29 -14 61 43 -1 45 -32 -15 -12 -18 -43 -5 -52 -34 -19 -37 56 57 -23 -35 -47 -44 -8
right_child=1 2 24 13 9 15 12 22 -10 14 47 21 38 18 23 -17 28 53 20 -21 33 55 -24 -25 -26 36 -28 39 -30 -31 44 -33 52 34 37 54 -38 -39 -40 -41 -42 49 60 -45 -46 59 -48 -49 -50 -51 51 -53 -54 -55 -56 -57 -58 -59 -60 -61 -62 -63
leaf_value=0 0.0020963493778689579 0.017029550823832468 2.9701339046972137 -0.00036079951308655157 0.0045570191245378469 0.0054697303988395073 0 0.074113455149123861 0.003153393021999182 -0.0011190553256891951 0 0.01527574086663739 0.030696933083430345 0.0015099321443898224 0.18354216548079449 0.001920589944932493 0 0.0018261569727389031 0.000171031448131446 -0.000747497779950862 0.034872572893015534 0.10399506292999472 0.28556275181417334 0.042763225333941723 0.032178310715302964 0.034529318328085708 0.0010146380470466992 0.0011426895665659494 0 0 0.0012036102310958796 0.00097956092941559329 0 0.10166792638855547 0.15306006613104065 0.20099016738776623 0 0.030574749201669017 0 -0.0021874681785351321 0.43247569741370717 0 0 0 0 0.0042474701243891489 0.0010836118918820317 0 0.00014334859207289883 0 0.00027361541492738607 0.0031660992467988738 0.012298912581166544 0.0020063947108691482 0 0.40645451810750849 0.46150714403898629 0.52442274622977159 0.14231379626337262 0.0035684930491999682 0 0
leaf_weight=13650 241 225 204 16084 511 369 329505 335 328 3254 213009 742 3533 311 1555 956 5883 308 8978 1453 204 1058 223 2193 1863 2693 1136 324 43372 6199 1246 687 3010 201 431 705 5396 2098 8405 408 680 9298 89130 17325 1699 290 474 4181 8406 30399 4049 1835 1565 202 2155 325 202 205 536 999 56543 2536387
leaf_count=13650 241 225 204 16084 511 369 329505 335 328 3254 213009 742 3533 311 1555 956 5883 308 8978 1453 204 1058 223 2193 1863 2693 1136 324 43372 6199 1246 687 3010 201 431 705 5396 2098 8405 408 680 9298 89130 17325 1699 290 474 4181 8406 30399 4049 1835 1565 202 2155 325 202 205 536 999 56543 2536387
internal_value=-0.00229678 0.00206263 0.011114 0.00156326 0.00403868 0.0108735 -0.00236676 0.0348563 0.0190941 0.00240294 -0.00195753 0.00612267 -0.00243238 0.000777308 0.000776525 0.00417924 -0.00165674 0.0246025 0.00180555 0.00346703 0.00116726 0.00439178 0.0414964 0.00272946 0.00212022 -0.00244039 0.00531437 0.00690605 -0.00116435 -0.000511686 -4.08957e-05 0.00898098 -0.00183889 0.00353746 0.00301133 -0.00188582 -0.00101032 0.00188909 -0.000586068 0.00282787 0.000785578 -0.00244437 -0.00192003 -0.00142448 0.00169225 0.00288461 0.012086 -0.00230685 -0.000554448 -0.00194832 -3.04856e-05 0.000967029 2.73164e-06 0.0285784 0.000227272 0.00607542 0.00517918 0.00430918 0.00686228 0.00479247 -0.00202517 -0.00245124
internal_weight=3.45017e+06 54508 2850 51658 12449 2404 3.39566e+06 783 1079 10045 469367 3043 2.9263e+06 39209 7002 1325 252177 751 17241 4793 12448 2532 558 3748 2067 2.91368e+06 3340 2204 68094 24722 18523 1472 184083 3470 3266 179508 8089 2529 12618 732 4213 2.90559e+06 176648 30975 4234 2535 785 217190 14289 39697 21968 5884 4575 510 2860 1790 1465 1263 737 1289 145673 2.86589e+06
internal_count=3450171 54508 2850 51658 12449 2404 3395663 783 1079 10045 469367 3043 2926296 39209 7002 1325 252177 751 17241 4793 12448 2532 558 3748 2067 2913678 3340 2204 68094 24722 18523 1472 184083 3470 3266 179508 8089 2529 12618 732 4213 2905589 176648 30975 4234 2535 785 217190 14289 39697 21968 5884 4575 510 2860 1790 1465 1263 737 1289 145673 2865892
cat_boundaries=0 4 8 12 16 18 22 25 28 31 35 39 43 47 51 54 57
cat_threshold=150996228 25692186 268435520 4 16780292 8390656 268435520 4 2785120385 85655701 675296000 291 25398816 17648668 1214667792 12 256 524312 1092747568 33555722 268566612 92 67109120 8 67117056 260 8388608 64 0 25690130 268435456 639768640 1073742113 9969696 33 369102979 67117184 8224 33 1919881872 37888004 232919044 297 0 8388608 268435456 4 1619204737 4194309 1170211844 42 256 25165824 268435520 537069569 1074004000 1073742080
is_linear=0
shrinkage=0.05


Tree=21
num_leaves=63
num_cat=0
split_feature=8 7 42 7 1 9 8 9 1 1 38 42 20 38 18 6 9 7 6 18 13 37 28 36 39 42 23 16 1 43 42 42 7 35 9 8 37 42 38 30 9 7 1 26 5 38 42 7 39 20 7 7 42 38 7 29 35 41 1 18 38 9
split_gain=395.69 121.645 76.5148 81.5952 66.6781 254.026 32.2732 66.0995 48.4079 30.0058 25.7026 27.3193 19.3719 14.1445 13.5541 10.8912 10.8423 9.89317 9.70601 8.69813 7.68881 6.2883 6.30982 5.62248 14.9894 13.8846 5.38963 5.23809 10.1887 5.52014 5.13864 5.67472 4.66887 4.64986 4.47469 8.73224 13.5156 8.60489 7.26771 6.67599 6.37289 5.92515 5.15983 4.44552 4.43684 4.43403 4.24328 4.54269 6.77171 4.25987 4.21796 4.02842 3.89887 3.85946 11.6775 4.35452 3.76956 3.64654 3.56656 3.49495 3.41852 9.18898
threshold=1.0000000180025095e-35 1.0000000180025095e-35 -0.63405361771583546 0.84999999403953563 2.6499999761581425 0.2618983536958695 0.029166667722165588 0.03214703872799874 1.0000000180025095e-35 3.3500000238418584 7.5000000000000009 -0.84874749183654774 7.5833332538604745 6.5000000000000009 0.22500000149011615 36.549999237060554 0.09296207502484323 0.15000000223517421 2.0499999523162846 0.22500000149011615 4.8541667461395273 2.3514999151229863 0.0058823532890528449 7.5000000000000009 0.61599999666214 -0.84874749183654774 0.1540835723280907 10.250000000000002 1.0000000180025095e-35 -0.42957681417465204 0.032701563090086018 -0.84874749183654774 0.15000000223517421 6.0499999523162851 0.033100223168730743 0.26250000298023229 2.3514999151229863 0.09796465560793878 6.5000000000000009 0.088237576186656966 2.0816681711721688e-17 0.25000000745058065 1.0000000180025095e-35 -0.037479495629668229 1.0000000180025095e-35 6.5000000000000009 -0.2901292592287063 0.84999999403953563 0.81850001215934765 1.2916666865348818 0.35000000894069677 0.25000000745058065 -0.58216583728790272 13.500000000000002 0.35000000894069677 8.3078541755676287 7.5499999523162851 0.88144907355308544 0.65000000596046459 0.38750000298023229 4.5000000000000009 0.04530130326747895
decision_type=2 2 2 2 10 2 2 2 10 10 2 2 10 2 8 2 2 2 2 10 10 2 2 2 2 2 10 10 8 2 2 2 2 2 2 2 2 2 2 2 2 2 10 10 10 2 2 2 2 8 2 2 2 2 2 2 2 2 10 10 2 2
left_child=1 12 3 10 6 9 7 8 13 -6 11 17 26 -2 -5 20 -11 21 34 43 -7 -3 -23 -12 25 59 -1 28 29 45 31 -15 -10 -22 35 36 37 41 52 40 -39 -8 -40 -19 -36 -20 47 48 -4 53 -45 -26 -38 -48 55 -55 -14 -50 60 -25 61 -46
right_child=4 2 46 14 5 15 18 -9 32 16 23 -13 56 30 -16 -17 -18 19 27 -21 33 22 -24 24 51 -27 -28 -29 -30 -31 -32 -33 -34 -35 44 -37 38 39 42 -41 -42 -43 -44 50 58 -47 49 -49 57 -51 -52 -53 -54 54 -56 -57 -58 -59 -60 -61 -62 -63
leaf_value=0 0.00191224869130176 0.0024554793693756182 0 0.081432898370646434 0.017848707559880141 0.016806975909250298 0.00092001618467270081 -0.0008326475023110189 0.0008538679154787602 0.10065800166129989 -0.00056314811024564234 0.0023485440163726885 0 0.0016527652688378353 0 2.9667415954073189 0.28043748623381076 0.0040134610530802306 0.18679415995095874 0.0024088224583248587 0.20560182832414134 0.0026845706214508776 0.0024891679938046302 0.0026602788668259052 -0.00036573126349749119 0.0019228717581098874 0 0.077393930602326494 0.013292329495825837 0.08280965501081583 0.0020438015584101701 0.0020429294267034701 0.0046119421584391749 0.40486425599908848 -0.0001484826094528147 -0.00078502992704905798 0.0013406882279290823 0.0010294132663864475 0.0021575378355649455 0.001026487585779773 0.0010251097944384059 0.001519433738671922 -0.00032611687740184345 0.0017029847931958623 0.0042162979722841724 0.11913348677084373 0 0 0.0077654191306503004 0.10456627044830502 0.0061059127833420594 0.0026913194232519419 0.0013703826261333501 0.0025468486054292441 0 0.0030053091941789484 0.22171609344323662 -0.00021233935693318348 0.011174379815334114 0.0024663366453758734 0.00029194438520890875 0.0012404312283380364
leaf_weight=3156667 375 1141 7371 4609 245 2804 1321 1870 487 321 1355 3512 11300 220 22092 204 203 205 263 768 1225 207 1545 459 3443 525 54458 2752 2120 1387 249 240 534 638 18019 2778 499 236 216 590 391 419 5016 955 258 689 79655 12160 390 1619 368 1324 441 4799 21041 949 2272 207 1103 267 5668 727
leaf_count=3156667 375 1141 7371 4609 245 2804 1321 1870 487 321 1355 3512 11300 220 22092 204 203 205 263 768 1225 207 1545 459 3443 525 54458 2752 2120 1387 249 240 534 638 18019 2778 499 236 216 590 391 419 5016 955 258 689 79655 12160 390 1619 368 1324 441 4799 21041 949 2272 207 1103 267 5668 727
internal_value=-0.00229942 -0.00236726 -0.00106755 0.000763588 0.00192687 0.00707447 0.00133277 0.00565094 0.011728 0.0337809 0.00357814 0.00541863 -0.00243617 0.0190867 -0.000930771 0.00285824 0.0405344 0.00772355 0.000950426 0.0101742 0.00236394 0.0057786 0.00765982 0.00140614 0.00206132 0.00693245 -0.00244413 0.00263105 0.00368973 0.00596516 0.0232405 0.0201087 0.00391528 0.00485373 0.000628814 0.00143046 0.0021774 0.00495688 0.000845754 0.008182 0.0117743 0.00270115 0.000118501 0.012356 0.000258486 0.00889706 -0.00167857 -0.00101202 -8.40869e-05 -0.00180272 0.0112944 0.000782987 0.00489362 -0.00184144 -0.00132228 0.000675017 -0.000551135 0.00503769 0.00125838 0.0114118 0.000821809 0.00354061
internal_weight=3.45017e+06 3.39566e+06 170966 42775 54508 5640 48868 3975 2105 769 16074 8701 3.2247e+06 1084 26701 4871 524 5189 44893 2296 4667 2893 1752 7373 6018 1251 3.21112e+06 7211 4459 2339 709 460 1021 1863 37682 11907 9129 2957 6172 1217 627 1740 5232 1528 25775 952 128191 20128 7968 108063 1323 4767 940 106444 26789 5748 13572 597 7756 726 6653 985
internal_count=3450171 3395663 170966 42775 54508 5640 48868 3975 2105 769 16074 8701 3224697 1084 26701 4871 524 5189 44893 2296 4667 2893 1752 7373 6018 1251 3211125 7211 4459 2339 709 460 1021 1863 37682 11907 9129 2957 6172 1217 627 1740 5232 1528 25775 952 128191 20128 7968 108063 1323 4767 940 106444 26789 5748 13572 597 7756 726 6653 985
is_linear=0
shrinkage=0.05


Tree=22
num_leaves=63
num_cat=0
split_feature=8 7 42 7 1 9 8 9 1 8 38 42 20 40 38 42 9 6 43 4 7 37 28 20 42 42 38 9 2 37 42 38 1 29 7 1 6 35 7 17 1 43 38 32 42 7 39 1 7 20 8 35 42 38 7 29 42 35 7 41 42 27
split_gain=374.105 119.936 74.3092 78.319 53.2916 223.146 32.1744 64.8897 49.3683 29.713 23.6953 24.711 19.3719 17.7082 14.4604 14.0001 9.1459 7.88129 7.38966 7.36489 7.25461 6.2883 6.30982 5.15735 5.13864 5.67472 5.12457 4.55416 8.66778 13.3124 8.84395 7.12381 6.0115 6.33341 6.01033 5.15983 4.49027 4.45284 4.45158 4.41635 8.09879 5.66547 5.4628 4.31424 4.25322 4.54269 6.77171 4.1864 4.16653 4.05867 3.88782 3.8686 3.99381 3.85946 11.6775 4.35452 3.79984 3.76956 3.76761 3.64654 3.23801 3.15438
threshold=1.0000000180025095e-35 1.0000000180025095e-35 -0.63405361771583546 0.84999999403953563 2.6499999761581425 0.2618983536958695 0.029166667722165588 0.03214703872799874 1.0000000180025095e-35 3.5874999761581425 7.5000000000000009 -0.84874749183654774 7.5833332538604745 1.9959999918937685 6.5000000000000009 -0.84874749183654774 0.074093956500291838 2.0499999523162846 0.77244481444358837 5.1499998569488534 0.15000000223517421 2.3514999151229863 0.0058823532890528449 0.55000001192092907 0.032701563090086018 -0.84874749183654774 6.5000000000000009 0.033100223168730743 0.25000000745058065 2.3514999151229863 0.09796465560793878 6.5000000000000009 0.15000000223517421 2.2932738065719609 0.25000000745058065 1.0000000180025095e-35 35.549999237060554 0.55000001192092907 0.25000000745058065 4.7750000953674325 1.0000000180025095e-35 -0.42957681417465204 6.5000000000000009 1.0000000180025095e-35 -0.2901292592287063 0.84999999403953563 0.81850001215934765 0.35000000894069677 0.15000000223517421 1.2916666865348818 0.21249999850988391 0.65000000596046459 -0.98611506819725026 13.500000000000002 0.35000000894069677 8.3078541755676287 -0.58216583728790272 7.5499999523162851 4.3500001430511483 0.88144907355308544 0.88144907355308544 0.07738362625241281
decision_type=2 2 2 2 10 2 2 2 10 2 2 2 10 2 2 2 2 2 2 10 2 2 2 10 2 2 2 2 8 2 2 2 10 2 2 10 2 2 2 10 8 2 2 2 2 2 2 10 2 8 2 2 2 2 2 2 2 2 2 2 2 2
left_child=1 12 3 10 6 9 7 8 14 -6 11 20 23 38 -2 37 -11 27 58 36 21 -3 -23 -1 25 -16 51 28 29 30 34 56 33 -32 -8 -33 -7 -15 -12 40 41 42 -19 -20 45 46 -4 -29 -10 53 -49 52 -22 -46 55 -55 -31 -14 -5 -48 -59 -28
right_child=4 2 44 18 5 19 17 -9 48 16 13 -13 57 15 24 -17 -18 39 43 -21 26 22 -24 -25 -26 -27 61 47 -30 31 32 35 -34 -35 -36 -37 -38 -39 -40 -41 -42 -43 -44 -45 49 -47 59 50 -50 -51 -52 -53 -54 54 -56 -57 -58 60 -60 -61 -62 -63
leaf_value=0 0.0018166362567366722 0.0023327054009068373 0 0 0.016598379513030673 0.043302320054987867 0.00087401537543906635 -0.00079101512719546808 0.00081117451970482237 0.067344920854088844 -0.00036584831446451606 0.002231116815554054 0 0.0026866243373657615 0.0015701270053959432 0.0017175847723182741 0.27741562551195637 0.26194547483296415 0.13936243324128808 0.49665251341357897 0.0058854072068542651 0.0025503420903783339 0.0023647095941143987 0 0.0019416114804896617 0.0019407829553682967 0.0017791424138556993 -0.00011327828305689042 -0.00074577843069660588 0.0012738692272215592 0.00097808740271489321 0.0020496609437866981 0.00087932739322289235 0.00097516320649078392 0.0014908822972436891 -0.00030981103353175111 2.5750626116030362 0.0023003439819938971 0.0026057094857587755 0.068356562832952744 0.014479744249009399 0.078212955798781514 0.11755383852597988 0.015168167796776051 0 0 0.0073771481741177862 0.19864122621955471 0.0043813450505172154 0.099337956925889759 0.001437280055400655 0.0021278834460273614 0.0039652574891295492 0.002419506175157782 0 0.0028550437344700011 0.0013018634948266823 0.15052432400597654 0 -0.0002017223890865243 0.70690508433701271 0.001693390187392004
leaf_weight=3169169 375 1141 7371 9768 322 4085 1321 1870 487 239 4518 3512 11300 463 220 645 208 220 588 581 292 207 1545 41956 249 240 217 19848 2785 498 400 216 569 247 414 5016 205 441 1306 3382 1886 1216 507 2759 79655 12160 390 200 534 1619 5727 760 810 4799 21041 949 441 2021 13586 207 251 217
leaf_count=3169169 375 1141 7371 9768 322 4085 1321 1870 487 239 4518 3512 11300 463 220 645 208 220 588 581 292 207 1545 41956 249 240 217 19848 2785 498 400 216 569 247 414 5016 205 441 1306 3382 1886 1216 507 2759 79655 12160 390 200 534 1619 5727 760 810 4799 21041 949 441 2021 13586 207 251 217
internal_value=-0.00230178 -0.00236774 -0.0010772 0.000727352 0.00180762 0.00640957 0.0012765 0.00558805 0.0116093 0.0314402 0.00348482 0.00525198 -0.00243617 0.00139936 0.0190406 0.00615074 0.0397819 0.000894738 -0.000932644 0.00245791 0.00744411 0.0057786 0.00765982 -0.00244413 0.0232405 0.0201087 0.00954268 0.00060493 0.00141366 0.00215907 0.00492121 0.000838194 0.00819079 0.0114876 0.00262968 0.000118501 0.00174242 0.0101659 0.000135645 0.00240917 0.00357208 0.00583762 0.00932944 0.00126456 -0.00167935 -0.00101202 -8.40869e-05 0.000231328 0.00371939 -0.00180365 0.00139742 0.00840226 0.0102949 -0.00184144 -0.00132228 0.000675017 0.00484824 -0.000551135 -0.00124754 0.00503769 0.00130722 0.0144355
internal_weight=3.45017e+06 3.39566e+06 170966 42775 54508 5640 48868 3975 2105 769 16074 8701 3.2247e+06 7373 1084 1549 447 44893 26701 4871 5189 2893 1752 3.21112e+06 709 460 2296 37682 11907 9122 2951 6171 1216 647 1735 5232 4290 904 5824 7211 3829 1943 727 3347 128191 20128 7968 25775 1021 108063 5927 1862 1102 106444 26789 5748 939 13572 23354 597 2272 434
internal_count=3450171 3395663 170966 42775 54508 5640 48868 3975 2105 769 16074 8701 3224697 7373 1084 1549 447 44893 26701 4871 5189 2893 1752 3211125 709 460 2296 37682 11907 9122 2951 6171 1216 647 1735 5232 4290 904 5824 7211 3829 1943 727 3347 128191 20128 7968 25775 1021 108063 5927 1862 1102 106444 26789 5748 939 13572 23354 597 2272 434
is_linear=0
shrinkage=0.05


Tree=23
num_leaves=63
num_cat=20
split_feature=7 6 42 0 1 9 18 0 0 9 3 42 20 36 7 0 41 1 0 0 1 0 0 7 42 7 42 0 2 39 30 42 0 41 7 41 0 0 32 42 1 0 4 41 0 0 42 33 20 0 48 26 20 43 26 0 7 0 43 13 0 0
split_gain=343.063 91.7439 70.6658 132.994 55.1563 178.852 34.6593 33.1216 30.4277 29.1677 42.7163 23.0274 19.2214 14.6951 19.5383 14.5143 14.1069 30.1865 28.6893 11.8378 11.7081 9.42718 9.3131 8.6138 9.48072 8.43944 8.39709 11.5438 8.11183 7.83434 7.82437 7.62245 10.3969 7.0792 6.78488 6.66094 8.02821 6.53366 6.33014 6.21536 10.1785 6.15798 6.0354 5.78085 5.74211 5.73986 5.37466 5.31679 5.15735 5.29545 5.03227 5.01968 4.92233 4.67807 4.64832 4.33102 4.33051 4.11634 3.8527 3.85118 3.79457 3.67673
threshold=1.0000000180025095e-35 1.0000000180025095e-35 -0.68322628736495961 0 2.6499999761581425 0.2618983536958695 19.562500000000004 1 2 0.03214703872799874 1.0000000180025095e-35 -0.84874749183654774 7.5833332538604745 8.5000000000000018 0.84999999403953563 3 -0.77259656786918629 1.0000000180025095e-35 4 5 0.25000000745058065 6 7 2.8500000238418584 1.0000000180025095e-35 0.15000000223517421 -0.2901292592287063 8 1.0000000180025095e-35 0.78499999642372142 0.14036375284194949 -0.22695468366146085 9 -0.52778512239456166 0.45000000298023229 0.09796465560793878 10 11 0.05172413773834706 1.0000000180025095e-35 0.15000000223517421 12 4.4000000953674325 -0.16280825436115262 13 14 -0.52778512239456166 1.0000000180025095e-35 0.55000001192092907 15 -0.62434315681457508 -0.0027943989261984821 1.0500000119209292 0.70290291309356701 0.0083555714227259176 16 0.15000000223517421 17 0.8522624969482423 24.291666984558109 18 19
decision_type=2 2 2 9 10 2 10 9 9 2 8 2 10 2 2 9 2 10 9 9 10 9 9 2 2 2 2 9 10 2 2 2 9 2 2 2 9 9 2 2 10 9 10 2 9 9 2 2 10 9 2 10 8 2 10 9 2 9 2 10 9 9
left_child=12 2 3 6 9 8 11 23 -6 10 16 13 48 14 35 20 19 18 33 -3 28 -7 -11 24 -4 43 27 53 -12 -10 39 32 -24 -18 -27 47 -37 -13 51 46 -41 -33 61 -26 -19 59 -30 56 -1 -50 -35 -15 -28 -9 -45 -5 58 -54 -2 -14 -44 -23
right_child=1 4 7 55 5 21 -8 26 29 22 15 37 45 38 -16 -17 17 44 -20 -21 -22 42 31 -25 25 34 52 -29 30 -31 -32 41 -34 50 -36 36 -38 -39 -40 40 -42 -43 60 54 -46 -47 -48 -49 49 -51 -52 -53 57 -55 -56 -57 -58 -59 -60 -61 -62 -63
leaf_value=0 0.0025587120888314651 0.0025409630693033871 -0.00010602403887326064 0 0.096531715151026432 2.7031078079001332 0 0.0035983956449356573 0.48279481497056081 0.054812568613015235 -6.3725955292396651e-05 0.24598400914423391 0.12083257201526615 0.02265253374703349 0.01789143393102624 -6.3725955292396651e-05 0.0018234059939018943 0.0034519150600557007 0.002146953880711355 -1.0184791249360513e-05 -0.00070848950916177489 -0.015112031631663967 0.00184101395453821 0 0.0027646021860616371 0.0029885031811658623 0 0 0.0011064328117257451 0.057286242919585055 0.00092640504616624546 0.0012969981355479389 -1.1551084516710774e-05 0.0022552715597885598 0.0025544480011334206 0.0014770006629631471 0.0022955526431266303 0.0021185721497655476 0.0023593684391420193 0.00092918420445602275 0.00083536102356174822 0 0.54271089414302165 0.0029892789891498316 0.0006845919798029429 0 0.0009385629026752324 0.0022349375649406088 0 0 0.0022418937528468062 0.17965255204001129 0.51103017451013411 0.0070713960841468793 0.0029988829555929273 0 0.005485704949200039 -0.0085013796656934187 0.0020755324108578106 0.5954525439164734 0.22759103667257752 0.091843520764632619
leaf_weight=3169169 611 324 2235 10701 315 200 2174 1477 244 3845 431 204 2876 201 1337 8612 248 584 487 859 896 1795 12108 1885 1796 758 87626 17048 425 210 815 6959 12556 264 337 792 1991 3310 200 305 381 15935 208 663 999 10213 405 663 6166 35790 621 297 214 754 561 12012 506 1211 211 483 486 2182
leaf_count=3169169 611 324 2235 10701 315 200 2174 1477 244 3845 431 204 2876 201 1337 8612 248 584 487 859 896 1795 12108 1885 1796 758 87626 17048 425 210 815 6959 12556 264 337 792 1991 3310 200 305 381 15935 208 663 999 10213 405 663 6166 35790 621 297 214 754 561 12012 506 1211 211 483 486 2182
internal_value=-0.00230436 -0.000418829 -0.00112164 0.00084138 0.00102854 0.00578014 0.00498181 -0.0017146 0.0281892 0.00063478 0.00245317 0.00619418 -0.0024362 0.00789066 0.00710563 0.000939282 0.00668833 0.00841164 0.0132099 0.0020224 0.00357279 0.00224235 4.55707e-05 0.00134172 0.00222441 0.00364824 -0.00194688 -0.00100096 0.0051937 0.0184591 0.00635886 -0.000146002 0.000463833 0.0175131 0.00740868 0.0086018 0.0070221 0.00290694 0.0147636 0.00848285 0.0120044 -0.000803049 0.00176725 0.00228477 0.00350126 -0.000558503 0.00557229 0.0108099 -0.00244413 -0.00189341 0.0197599 0.0177811 -0.00215189 0.00237506 0.00493464 -0.0014383 0.0126355 0.000763157 0.0103954 0.00123256 0.00607349 0.00102024
internal_weight=3.45017e+06 225474 151775 35210 73699 5640 12497 116565 769 68059 16656 10323 3.2247e+06 6809 6111 12270 4386 3203 1620 1183 3658 4871 51403 8235 6350 4115 108330 19279 2762 454 2331 47558 24664 1133 1095 4774 2783 3514 698 1516 686 22894 4671 3020 1583 13572 830 1991 3.21112e+06 41956 885 498 89051 2231 1224 22713 1328 1425 822 3359 694 3977
internal_count=3450171 225474 151775 35210 73699 5640 12497 116565 769 68059 16656 10323 3224697 6809 6111 12270 4386 3203 1620 1183 3658 4871 51403 8235 6350 4115 108330 19279 2762 454 2331 47558 24664 1133 1095 4774 2783 3514 698 1516 686 22894 4671 3020 1583 13572 830 1991 3211125 41956 885 498 89051 2231 1224 22713 1328 1425 822 3359 694 3977
cat_boundaries=0 4 8 12 15 19 23 26 30 33 37 39 43 47 49 53 57 61 64 68 72
cat_threshold=2052 17303706 268437856 1 16777216 8388608 0 4 128 1107296280 8650752 4 260 8388610 64 16780292 8390658 268435520 4 16777504 8388624 0 4 67108864 1048576 12288 2250248256 1610613121 9445376 97 256 65704 2048 1762656641 55181362 402653220 256 4 524288 0 128 256 1 688038577 80749568 2215117120 2 256 25690136 980293520 58859534 230686784 264 679675648 29360133 268435524 6 3912632064 46465056 2148728848 2 671154304 4 337641476 1073811584 8388612 272630080 6 1215435266 62917689 3498328194 15
is_linear=0
shrinkage=0.05


Tree=24
num_leaves=63
num_cat=21
split_feature=7 6 0 2 0 5 14 41 0 41 0 0 28 7 0 15 2 5 0 41 0 5 0 35 0 23 0 23 43 0 0 0 41 34 35 0 0 0 26 0 23 41 44 4 13 0 0 4 0 44 28 2 28 5 44 7 41 15 17 6 7 38
split_gain=323.828 89.4922 29.0066 22.2921 59.1882 26.0103 18.4719 12.7064 11.2466 10.2244 19.64 16.8021 9.68007 8.71292 8.26191 8.12806 7.8117 12.3558 25.517 8.86092 7.27546 7.2166 6.90863 6.59441 7.55176 5.29552 5.2348 4.70416 4.6779 4.49455 4.42425 4.35986 4.28918 4.27971 3.88175 3.74189 3.72016 3.69992 4.63499 3.54304 3.78297 3.44473 4.43165 3.35323 3.12291 3.63322 3.09476 3.22735 3.0804 3.01528 3.01027 3.00373 3.58158 5.34366 2.98315 2.92107 4.67053 2.89014 2.66418 2.64381 4.99037 3.29064
threshold=1.0000000180025095e-35 1.0000000180025095e-35 0 2.5499999523162846 1 -0.15000000223517415 6.2500000000000009 0.84874749183654796 2 -0.77259656786918629 3 4 0.036731028929352767 0.25000000745058065 5 0.55000001192092907 1.0000000180025095e-35 1.0000000180025095e-35 6 -0.52778512239456166 7 -0.15000000223517415 8 1.0000000180025095e-35 9 0.52345746755599987 10 0.060689771547913558 -0.56368473172187794 11 12 13 -0.52778512239456166 1.0500000119209292 6.0499999523162851 14 15 16 0.034107130020856864 17 0.11791443824768068 0.63405361771583568 -0.31800055503845209 0.15000000223517421 27.937500000000004 18 19 0.35000000894069677 20 0.28313310444355017 0.025490196421742443 0.25000000745058065 0.04256099462509156 1.0000000180025095e-35 -0.15101602673530576 0.15000000223517421 -1.0000000180025095e-35 0.35416667163372045 4.8541667461395273 0.15000000223517421 0.15000000223517421 16.000000000000004
decision_type=2 2 9 10 9 10 10 2 9 2 9 9 2 2 9 8 10 10 9 2 9 10 9 2 9 10 9 8 2 9 9 9 2 2 2 9 9 9 10 9 10 2 2 10 10 9 9 10 9 2 2 10 2 10 2 2 2 10 10 2 2 2
left_child=6 2 7 9 5 -5 39 12 15 10 31 13 23 16 54 21 17 19 -19 -11 34 -6 -23 24 55 29 -21 36 -25 59 -29 -3 -26 -27 -8 -35 -4 -30 41 40 -1 42 -39 -12 -22 -46 58 57 -44 -40 -34 52 53 -33 -9 56 -2 -48 -15 60 -13 -62
right_child=1 3 27 4 8 -7 20 14 -10 11 43 25 -14 46 -16 -17 -18 18 -20 26 44 22 -24 28 32 33 -28 30 37 -31 -32 51 50 35 -36 -37 -38 38 49 -41 -42 -43 48 -45 45 -47 47 -49 -50 -51 -52 -53 -54 -55 -56 -57 -58 -59 -60 -61 61 -63
leaf_value=0 -0.00011037450753274281 0.0017637271657544706 0 1.2340743103061849 0.10789045279177945 2.1066543573002208 -0.0075938324023695899 0.0021875515507493392 0.018927952013100057 0.0014501494282171934 0 0.00081886682717911006 0 0.10781767647694605 0 0.063995606350920567 0.00078248129262293198 0.0019728311692626828 -0.0012020958213114991 0.0013294286706710644 0 0.10195267182699828 0.081721361169631634 0.00066188231696191595 0 0.022116080811481947 0.002363859155327587 0.25386910439493304 0.0005054320901963699 0 0 0.061955104931785798 0 0.58220771238889968 0.38773904589896069 0.28485311158484883 0 0.0022528491030449327 0 0 0 0.0019970338555629404 0.068200884992131963 0.17854605849804517 0.80632165801809708 0 0.0035417293981177492 0.25997583183749789 0.00178131141824333 0.0039491862187950163 0.0020104371253040852 2.7575806044149361e-05 0.019143698542959213 0.050998627416197997 0.11552406228839691 0.0028858826531063114 0.0028489388679682065 0 0.079452363005855522 0.00078108525979929747 0.0019413358622062699 0.0010833407046918926
leaf_weight=468230 2003 3183 46254 219 517 359 4406 520 3379 305 17416 3720 14411 334 14329 870 2214 295 797 203 21123 240 219 7030 5543 563 280 376 2778 10460 1806 591 13116 211 1156 362 33181 2996 997 2720591 7570 1626 279 526 217 1404 5650 525 1101 205 272 260 275 310 477 1987 488 1938 235 13781 2196 1266
leaf_count=468230 2003 3183 46254 219 517 359 4406 520 3379 305 17416 3720 14411 334 14329 870 2214 295 797 203 21123 240 219 7030 5543 563 280 376 2778 10460 1806 591 13116 211 1156 362 33181 2996 997 2720591 7570 1626 279 526 217 1404 5650 525 1101 205 272 260 275 310 477 1987 488 1938 235 13781 2196 1266
internal_value=-0.00230817 -0.000476264 -0.0011704 0.000953235 0.00392771 0.0189711 -0.00243626 -0.000424624 0.00222302 0.00069901 -0.00017076 0.00113185 -6.89384e-05 0.00266776 -0.00169744 0.00535291 0.00457132 0.00694149 0.00349817 0.0117132 -0.00116459 0.00851434 0.0130773 0.000327737 -0.000216691 0.000528186 0.0159265 -0.0018112 0.00107689 0.000407106 0.000478918 0.00273331 -0.000653477 0.00388204 0.000456747 0.00692408 -0.00187433 0.00177269 0.002369 -0.00244752 -0.00232078 0.00293985 0.00367002 -0.000919397 -0.00156061 0.00055367 0.00177321 0.00151637 0.00601449 -0.000461731 -0.000169555 0.00502075 0.00613095 0.00765538 0.00268868 0.00162767 0.000490766 0.00125593 0.0053152 0.00082928 0.00160749 0.00297371
internal_weight=3.45017e+06 225474 151775 73699 5803 578 3.2247e+06 70158 5225 67896 22561 45335 54832 12776 15326 1846 4094 1880 1092 788 28306 976 459 40421 23409 32559 483 81617 17012 31423 2182 4619 18931 1136 5562 573 79435 9982 7204 3.19639e+06 475800 6002 4376 17942 22744 1621 8682 8113 1380 1202 13388 1436 1176 901 997 4478 2491 7588 569 20963 7182 3462
internal_count=3450171 225474 151775 73699 5803 578 3224697 70158 5225 67896 22561 45335 54832 12776 15326 1846 4094 1880 1092 788 28306 976 459 40421 23409 32559 483 81617 17012 31423 2182 4619 18931 1136 5562 573 79435 9982 7204 3196391 475800 6002 4376 17942 22744 1621 8682 8113 1380 1202 13388 1436 1176 901 997 4478 2491 7588 569 20963 7182 3462
cat_boundaries=0 4 8 12 16 20 24 26 30 34 38 41 45 48 52 56 60 64 68 72 76 79
cat_threshold=16779268 25755834 268437856 4 67108864 65536 8658944 256 52564882 1115693113 2214596640 5 333546448 76595457 1678337024 36 102766084 1158152323 806363456 33 16777216 32 0 4 0 17301504 1745819520 62922766 230686784 264 640 33554456 0 4 0 8454272 0 4 0 0 268435520 3776055297 8424472 142870584 328 671154177 4 1140867073 52527360 1 1611154432 4 1090584833 8388612 1024 6 3928163584 1380191232 3229745168 3 16777216 589856 32 4 671286532 1099431962 1342177344 4 306216992 458752 2147745794 1 4096 67108992 8192 1 2048 136 256
is_linear=0
shrinkage=0.05


Tree=25
num_leaves=63
num_cat=16
split_feature=7 8 8 0 2 14 1 0 41 6 0 28 41 0 0 41 35 0 6 0 8 8 17 8 1 27 0 0 45 41 0 0 8 35 43 6 30 0 33 28 4 0 41 0 0 43 26 41 48 27 27 41 1 20 0 26 7 6 41 6 4 14
split_gain=290.257 91.0149 27.6973 25.3518 21.0782 18.7886 15.9959 17.9264 18.3679 15.3562 16.9429 11.2649 9.4273 8.12984 7.86868 8.67412 7.13647 7.94478 6.42229 6.70419 15.493 6.63963 5.62008 6.33993 6.81015 5.61917 5.3741 5.3455 5.27611 4.86179 4.44163 4.43723 4.06738 3.80498 3.72737 3.6779 3.47041 3.37103 3.45662 3.36548 3.3377 3.25506 3.16034 4.13168 3.53626 4.53077 4.2604 5.31377 3.09797 3.0275 2.90626 2.82777 2.89915 2.80473 3.62853 2.77184 2.68752 3.67303 3.02806 2.97199 2.58684 2.54488
threshold=1.0000000180025095e-35 1.0000000180025095e-35 0.029166667722165588 0 1.0000000180025095e-35 5.2500000000000009 1.0000000180025095e-35 1 -0.52778512239456166 3.0499999523162846 2 0.036731028929352767 0.84874749183654796 3 4 -0.81241145730018605 1.0000000180025095e-35 5 0.25000000745058065 6 0.095833335071802153 0.095833335071802153 4.8541667461395273 3.6875000000000004 1.0500000119209292 0.088991168886423125 7 8 1.0000000180025095e-35 -0.52778512239456166 9 10 0.3458333313465119 1.5500000119209292 -0.70291268825530995 17.550000190734867 0.14036375284194949 11 0.15000000223517421 0.021568628028035167 4.4000000953674325 12 -0.72947329282760609 13 14 -0.38242425024509424 0.029483099468052391 0.63405361771583568 0.8988809883594514 0.10577136650681497 0.0696452632546425 -0.68322628736495961 0.55000001192092907 0.27500000596046453 15 -0.0069338772445917121 0.15000000223517421 1.0000000180025095e-35 -1.0000000180025095e-35 1.0000000180025095e-35 -3.1499999761581416 28.750000000000004
decision_type=2 2 2 9 10 10 10 9 2 2 9 2 2 9 9 2 2 9 2 9 2 2 10 2 10 2 9 9 2 2 9 9 2 2 2 2 2 9 2 2 10 9 2 9 9 2 10 2 2 2 2 2 10 8 9 10 2 2 2 2 8 10
left_child=5 3 4 11 6 37 7 8 41 14 22 12 16 33 -4 -16 17 56 19 20 50 -21 23 24 34 55 53 -8 -25 -19 -14 -12 -20 -7 -11 -24 -23 38 -1 -31 60 -3 43 -18 -44 49 47 48 -47 -46 -17 52 -34 -5 -55 -10 58 -58 -2 -60 -33 -15
right_child=1 2 9 26 -6 13 27 -9 25 10 31 -13 30 61 15 18 42 29 32 21 -22 36 35 28 -26 -27 -28 -29 -30 39 -32 40 51 -35 -36 -37 -38 -39 -40 -41 -42 -43 44 -45 45 46 -48 -49 -50 -51 -52 -53 -54 54 -56 -57 57 -59 59 -61 -62 -63
leaf_value=0 -0.00064285338359618821 0.0012918346193411822 -0.00029740819082641569 0 -0.00069480909656036204 0 0.0036390900371684543 0.0013910270182647376 0.0014000793404461867 0.26985604125911861 -0.0079411601212732528 0 0.0078517653788606999 0 -0.00047716097262435624 0.0045814774607327328 0.0032592940588094437 0 -0.00071211929669365022 -0.00093204361557856687 0.0018741896107995482 0.00082841198747398293 0.22879676978642177 2.4521303799152414 0.030912624243397364 0.0015556699453929254 0 0.0013132043748696814 0.36233098619237109 0 0 0.16326490520353482 0.0035148955274246934 0.21962455140267576 0.096035870885289282 -0.023934766786842823 0.00061958415061317358 0 0 0.0019648979387706109 0.4268052085402837 0.0014267108529688087 0.0012541477511855922 -7.8420645324745607e-06 0 0.0030961871924674914 0 0.0020080538296520533 0.00082692612376577147 0.00222905698082838 0.0031874726737754575 0.0032601497567935124 0.0012342999456330915 0.22173982706850026 0 0.0013718985185883037 0.0028496361053588553 -0.00024932907289248768 0.0027064919245697963 -0.00052737073495193697 0.043448657596007266 0
leaf_weight=411340 2043 211 19619 50341 1166 3885 372 570 210 218 1959 19064 770 22043 5891 411 2044 7508 3742 1421 1048 3262 862 251 345 218 47543 741 207 11481 8661 614 233 3612 200 327 1473 2717716 63692 399 388 238 6027 1952 2169 1997 830 1117 330 1469 241 2733 231 443 1319 208 2091 495 493 226 4890 2737
leaf_count=411340 2043 211 19619 50341 1166 3885 372 570 210 218 1959 19064 770 22043 5891 411 2044 7508 3742 1421 1048 3262 862 251 345 218 47543 741 207 11481 8661 614 233 3612 200 327 1473 2717716 63692 399 388 238 6027 1952 2169 1997 830 1117 330 1469 241 2733 231 443 1319 208 2091 495 493 226 4890 2737
internal_value=-0.00231502 -0.000579996 0.00119908 -0.00114764 0.00524021 -0.00243623 0.00761561 0.0107326 0.0144635 0.000884685 0.00261159 -0.000426619 -4.61601e-05 -0.00123594 0.000445043 0.0011251 0.000270031 -0.000280563 0.00177171 0.00275076 0.00552632 0.0019721 0.00627066 0.00867936 0.00588794 0.0200629 -0.00166237 0.00298068 0.0133297 -0.000751109 -0.00147678 0.0014785 0.000663279 0.000207472 0.0101794 0.00384987 0.00287487 -0.00244837 -0.0023246 -0.000122054 0.00216367 0.00685412 0.00102941 -0.000210211 0.00138478 0.00207902 0.00318554 0.00396051 0.00532123 0.000784771 0.0116104 0.00197294 0.0055819 -0.00131076 0.000649829 0.0234569 0.00142404 0.00258507 0.000342143 0.00313282 0.00185138 -0.00167205
internal_weight=3.45034e+06 225312 54500 170812 3934 3.22502e+06 2768 1655 1085 50566 10261 71166 52102 32277 40305 20686 42671 24736 14795 7856 1700 6156 2410 1221 763 636 99646 1113 458 19388 9431 7851 6939 7497 418 1189 4735 3.19275e+06 475032 11880 5892 449 17935 3996 13939 7912 4274 3444 2327 3638 652 3197 464 52103 1762 418 5348 2586 2762 719 5504 24780
internal_count=3450337 225312 54500 170812 3934 3225025 2768 1655 1085 50566 10261 71166 52102 32277 40305 20686 42671 24736 14795 7856 1700 6156 2410 1221 763 636 99646 1113 458 19388 9431 7851 6939 7497 418 1189 4735 3192748 475032 11880 5892 449 17935 3996 13939 7912 4274 3444 2327 3638 652 3197 464 52103 1762 418 5348 2586 2762 719 5504 24780
cat_boundaries=0 4 8 12 16 20 24 26 30 32 34 38 42 45 49 53 56
cat_threshold=16777220 25755818 268437824 5 553649156 8390658 268435520 4 2265059713 33620248 671096832 36 2014254976 58728462 2646736964 264 1662126372 33884717 1216755840 390 0 8454272 0 5 0 17301520 706874624 1111492624 3222282272 2 260 17301520 16777216 8388640 277138464 21157376 11946123 280 671286533 1099431962 268435520 4 1024 2050 64 16777216 8388608 268435520 4 16777216 8978472 0 4 671088640 1073741824 1073741824
is_linear=0
shrinkage=0.05


end of trees

feature_importances:
station_code=273
fl_max24h=158
fl_depth_now=126
cal_hour_cos=119
fl_std3h=107
fl_mean1h=83
cal_hour_sin=72
fl_max3h=67
fl_rise_15min=55
cal_doy_sin=52
fl_rise_1h=50
rain_rf1hr_delta1h=41
depression_m=37
fl_depth_lag1h=36
fl_depth_lag3h=32
rain_rf24hr_mean=32
water_offline_share=32
rain_fcst_6h=23
cal_doy_cos=19
rain_fcst_3h=16
rain_antecedent_ratio=15
slope_deg=15
elev_rank_local=13
rain_rf1hr_max=12
rain_rf3hr_max=12
rain_rf6hr_mean=9
water_rise3h_mean=9
water_rising_share=9
elev_m=9
flow_velocity_mean=8
fl_hrs_since_5cm=6
rain_rf3hr_mean=6
rain_gauges_reporting=6
dist_water_km=6
rain_x_recent_flood=6
rain_rf1hr_mean=5
rain_rf1hr_delta3h=5
flow_mean=5
water_rise1h_mean=4
flow_offline_share=4
cal_monsoon=4
flow_negative_share=3
rain_fcst_1h=3
tide_spring_neap=3
fl_hrs_since_15cm=2
rain_spread=2
tide_m2_sin=1

parameters:
[boosting: gbdt]
[objective: quantile]
[metric: quantile]
[tree_learner: serial]
[device_type: cpu]
[data_sample_strategy: bagging]
[data: ]
[valid: ]
[num_iterations: 2000]
[learning_rate: 0.05]
[num_leaves: 63]
[num_threads: 0]
[seed: 42]
[deterministic: 0]
[force_col_wise: 0]
[force_row_wise: 0]
[histogram_pool_size: -1]
[max_depth: -1]
[min_data_in_leaf: 200]
[min_sum_hessian_in_leaf: 0.001]
[bagging_fraction: 0.8]
[pos_bagging_fraction: 1]
[neg_bagging_fraction: 1]
[bagging_freq: 5]
[bagging_seed: 400]
[bagging_by_query: 0]
[feature_fraction: 0.8]
[feature_fraction_bynode: 1]
[feature_fraction_seed: 30056]
[extra_trees: 0]
[extra_seed: 12879]
[early_stopping_round: 0]
[early_stopping_min_delta: 0]
[first_metric_only: 0]
[max_delta_step: 0]
[lambda_l1: 0]
[lambda_l2: 0]
[linear_lambda: 0]
[min_gain_to_split: 0]
[drop_rate: 0.1]
[max_drop: 50]
[skip_drop: 0.5]
[xgboost_dart_mode: 0]
[uniform_drop: 0]
[drop_seed: 17869]
[top_rate: 0.2]
[other_rate: 0.1]
[min_data_per_group: 100]
[max_cat_threshold: 32]
[cat_l2: 10]
[cat_smooth: 10]
[max_cat_to_onehot: 4]
[top_k: 20]
[monotone_constraints: ]
[monotone_constraints_method: basic]
[monotone_penalty: 0]
[feature_contri: ]
[forcedsplits_filename: ]
[refit_decay_rate: 0.9]
[cegb_tradeoff: 1]
[cegb_penalty_split: 0]
[cegb_penalty_feature_lazy: ]
[cegb_penalty_feature_coupled: ]
[path_smooth: 0]
[interaction_constraints: ]
[verbosity: -1]
[saved_feature_importance_type: 0]
[use_quantized_grad: 0]
[num_grad_quant_bins: 4]
[quant_train_renew_leaf: 0]
[stochastic_rounding: 1]
[linear_tree: 0]
[max_bin: 255]
[max_bin_by_feature: ]
[min_data_in_bin: 3]
[bin_construct_sample_cnt: 200000]
[data_random_seed: 175]
[is_enable_sparse: 1]
[enable_bundle: 1]
[use_missing: 1]
[zero_as_missing: 0]
[feature_pre_filter: 1]
[pre_partition: 0]
[two_round: 0]
[header: 0]
[label_column: ]
[weight_column: ]
[group_column: ]
[ignore_column: ]
[categorical_feature: 0]
[forcedbins_filename: ]
[precise_float_parser: 0]
[parser_config_file: ]
[objective_seed: 16083]
[num_class: 1]
[is_unbalance: 0]
[scale_pos_weight: 1]
[sigmoid: 1]
[boost_from_average: 1]
[reg_sqrt: 0]
[alpha: 0.95]
[fair_c: 1]
[poisson_max_delta_step: 0.7]
[tweedie_variance_power: 1.5]
[lambdarank_truncation_level: 30]
[lambdarank_norm: 1]
[label_gain: ]
[lambdarank_position_bias_regularization: 0]
[eval_at: ]
[multi_error_top_k: 1]
[auc_mu_weights: ]
[num_machines: 1]
[local_listen_port: 12400]
[time_out: 120]
[machine_list_filename: ]
[machines: ]
[gpu_platform_id: -1]
[gpu_device_id: -1]
[gpu_device_id_list: ]
[gpu_use_dp: 0]
[num_gpu: 1]

end of parameters

pandas_categorical:[["FL.BBN.01", "FL.BBN.02", "FL.BKA.01", "FL.BKA.02", "FL.BKE.01", "FL.BKE.02", "FL.BKL.01", "FL.BKM.01", "FL.BKM.02", "FL.BKN.01", "FL.BKN.02", "FL.BKP.01", "FL.BKP.02", "FL.BKT.01", "FL.BNA.01", "FL.BNA.02", "FL.BNA.03", "FL.BNA.04", "FL.BNA.05", "FL.BRK.01", "FL.BRK.02", "FL.BSU.01", "FL.CTC.01", "FL.CTC.02", "FL.CTC.03", "FL.CTC.04", "FL.CTC.05", "FL.CTC.06", "FL.CTC.07", "FL.DDG.01", "FL.DDG.02", "FL.DDG.03", "FL.DDG.04", "FL.DDG.05", "FL.DDG.06", "FL.DDG.07", "FL.DDG.08", "FL.DST.01", "FL.DST.02", "FL.DST.03", "FL.DST.04", "FL.DST.05", "FL.DST.06", "FL.DST.07", "FL.DST.08", "FL.HKG.01", "FL.JTG.01", "FL.KSN.01", "FL.KTY.01", "FL.KTY.02", "FL.KTY.03", "FL.KTY.04", "FL.KTY.05", "FL.LSI.01", "FL.LSI.02", "FL.LSI.03", "FL.LSI.04", "FL.LSI.05", "FL.LSI.06", "FL.MBR.01", "FL.PKN.01", "FL.PNK.02", "FL.PPS.01", "FL.PPS.02", "FL.PTW.01", "FL.PTW.02", "FL.PTW.03", "FL.PTW.04", "FL.PTW.05", "FL.PWT.01", "FL.PWT.02", "FL.PYT.01", "FL.PYT.02", "FL.PYT.03", "FL.PYT.04", "FL.PYT.05", "FL.PYT.06", "FL.PYT.07", "FL.RTW.01", "FL.RTW.02", "FL.RTW.03", "FL.RTW.04", "FL.RTW.05", "FL.RTW.06", "FL.RTW.07", "FL.RTW.08", "FL.RTW.09", "FL.RTW.10", "FL.RTW.11", "FL.RTW.12", "FL.SLG.01", "FL.SLG.02", "FL.SLG.03", "FL.SMI.01", "FL.SPW.01", "FL.SPW.02", "FL.STN.01", "FL.STN.02", "FL.STN.03", "FL.STN.04", "FL.WTL.01", "FL.WTL.02", "FL.WTL.03", "FL.WTL.04", "FL.WTN.01", "FL.WTN.02", "FL.WTN.03"]]
