tree
version=v4
num_class=1
num_tree_per_iteration=1
label_index=0
max_feature_idx=49
objective=quantile
feature_names=station_code fl_depth_now fl_depth_lag1h fl_depth_lag3h fl_rise_15min fl_rise_1h fl_max3h fl_max24h fl_mean1h fl_std3h fl_hrs_since_5cm fl_hrs_since_15cm fl_missing_share3h rain_rf1hr_mean rain_rf1hr_max rain_rf3hr_mean rain_rf3hr_max rain_rf6hr_mean rain_rf24hr_mean rain_gauges_reporting rain_rf1hr_delta1h rain_rf1hr_delta3h rain_spread rain_antecedent_ratio water_rise1h_mean water_rise1h_max water_rise3h_mean water_rising_share water_offline_share flow_mean flow_velocity_mean flow_negative_share flow_offline_share rain_fcst_1h rain_fcst_3h rain_fcst_6h elev_m slope_deg depression_m elev_rank_local dist_water_km cal_hour_sin cal_hour_cos cal_doy_sin cal_doy_cos cal_monsoon tide_m2_sin tide_m2_cos tide_spring_neap rain_x_recent_flood
feature_infos=-1:104:105:103:90:97:96:95:93:7:98:100:102:91:94:21:101:99:19:87:35:34:77:48:46:71:31:52:17:32:74:27:92:73:54:43:66:4:29:15:47:8:51:23:28:64:65:20:42:12:45:58:0:14:72:56:24:26:69:79:16:76:1:81:85:61:63:80:9:11:10:33:40:78:36:84:60:82:57:5:30:83:22:39:86:62:49:50:75:25:68:70:37:2:41:55:67:38:6:53:59:13:44:106:88:89:18 [0:100.69999694824219] [0:96.599998474121094] [0:91.599998474121094] [-13.699999809265137:32.599998474121094] [-31.399999618530273:38.099998474121094] [0:115.30000305175781] [0:148.80000305175781] [0:99.150001525878906] [0:18.90211296081543] [0:72] [0:168] [0:0.97222220897674561] [0:90.166664123535156] [0:96] [0:137.16667175292969] [0:161.5] [0:137.16667175292969] [0:160.25] [0:5] [-80:85.333335876464844] [-90:90.166664123535156] [0:39.125] [0:0.98400002717971802] [-0.065301202237606049:0.40139442682266235] [0.019999999552965164:5.6399998664855957] [-0.14851999282836914:0.60747998952865601] [0:0.86641222238540649] [0:0.54509806632995605] [-7.6592593193054199:30.103570938110352] [-3.7049999237060547:16.125713348388672] [0:0.24137930572032928] [0:0.37931033968925476] [0:23.299999237060547] [0:47.799999237060547] [0:62.599998474121094] [0:20] [0.92900002002716064:18.073999404907227] [2:33] [0.012000000104308128:0.96299999952316284] [0:5.0580000877380371] [-1:1] [-1:1] [-0.99999940395355225:0.99998557567596436] [-0.99997919797897339:0.99999076128005981] [0:1] [-1:1] [-1:1] [-1:1] [0:3660.7666015625]
tree_sizes=4911 5056 4934 4988 4991 4899 4789 4908 4968 4760 4891 4810 4990 4934 5013 5016 5022 4949 5196 4942 5130 4918 5020 5169 5164 5095 4979 5112 5090 5135 5233 5078 5052 5079 4984 4857 4977 5016 4913 4929 5053 5029 4977 5095 5049 5150 5000 5120 5139 5088 5172 5129 5225 5076 5134 5053 4943 5048 5082 5049 4987 5029 5022 5040 5114 4939 5011 5054 5211 5086 5006 5046 4967 5104 4993 5093 5004 5059 5097 5067 5152 5009 4992 5112 5106 5035 5009 5152 5087 5097 5099 5029 5147 5032 5313 5190 5062 5086 5277 5150 5076 5144 5069 5188 5360 5303 5103 5086 4877 5219 5008 5028 5122 4957 5056 5080 5080 4924 4890 4942 4854 5145 4995 4861 4880 4982 4885

Tree=0
num_leaves=63
num_cat=14
split_feature=1 7 42 0 0 18 41 8 8 7 7 7 7 0 8 41 41 7 0 6 35 0 42 18 18 15 41 23 41 7 0 0 0 0 0 44 26 5 21 19 0 41 7 8 8 0 18 41 41 28 28 0 18 28 41 0 7 6 7 35 7 18
split_gain=39802.1 1872.92 842.22 1199.94 525.727 457.359 195.217 157.65 136.859 105.363 100.691 121.767 97.3484 85.7511 85.4827 79.8175 62.509 57.6285 54.005 43.226 42.8347 40.8346 39.931 35.0245 35.0155 31.8611 28.7962 27.413 25.9931 25.6788 24.3531 23.5922 22.9317 22.6594 21.8622 20.9347 20.179 18.7451 20.8417 18.6255 18.3167 17.7153 17.1698 16.7657 16.1435 15.2517 14.9326 18.5222 14.8705 14.6971 14.5275 18.773 14.1391 12.7714 12.7257 44.0832 13.3598 12.6068 12.4507 11.8856 11.8679 11.4955
threshold=1.0000000180025095e-35 1.0000000180025095e-35 -0.35206145048141474 0 1 0.94999998807907116 -0.52778512239456166 1.0000000180025095e-35 1.0000000180025095e-35 1.5500000119209292 0.15000000223517421 1.0500000119209292 0.84999999403953563 2 1.0000000180025095e-35 0.68322628736495983 0.77259656786918651 0.15000000223517421 3 0.35000000894069677 2.0499999523162846 4 0.032701563090086018 18.854166984558109 11.775000095367433 5.3541667461395273 -0.52778512239456166 0.25089286267757421 -0.097964655607938753 0.45000000298023229 5 6 7 8 9 -0.15101602673530576 0.0071943989023566255 -1.0000000180025095e-35 0.94999998807907116 2.5000000000000004 10 0.032701563090086053 2.4500000476837163 1.0000000180025095e-35 1.0000000180025095e-35 11 4.0499999523162851 0.93540480732917797 -0.22695468366146085 0.0098039219155907648 0.049337463453412063 12 2.0499999523162846 0.036731028929352767 0.52778512239456188 13 0.45000000298023229 1.0000000180025095e-35 0.15000000223517421 1.3499999642372134 0.94999998807907116 19.050000190734867
decision_type=10 2 2 9 9 10 2 2 2 2 2 2 2 9 2 2 2 2 9 2 2 9 2 10 10 10 2 10 2 2 9 9 9 9 9 2 10 10 10 2 9 2 2 2 2 9 8 2 2 2 2 9 10 2 2 9 2 2 2 2 2 10
left_child=1 20 3 5 7 6 33 9 22 17 15 16 26 25 24 31 34 28 35 -9 -1 -18 46 30 54 -10 -7 40 39 -19 48 -8 61 42 -12 -13 -30 -15 52 49 -22 -20 -3 50 -35 -17 47 -6 -14 -4 51 -28 -39 -25 -5 56 -56 -32 -49 -24 -60 -16
right_child=-2 2 4 14 8 12 10 19 13 -11 11 18 23 37 32 45 21 29 41 -21 27 -23 59 53 -26 -27 43 -29 36 -31 57 -33 -34 44 -36 -37 -38 38 -40 -41 -42 -43 -44 -45 -46 -47 -48 58 -50 -51 -52 -53 -54 -55 55 -57 -58 -59 60 -61 -62 -63
leaf_value=0 0.0050000000745058061 0 0 0 0 0 0 0 0 0 0 0 0 0 0 0 0 0 0 0 0 0 0 0 0 0 0 0 0 0 0 0 0 0 0 0 0 0 0 0 0 0 0 0 0 0 0 0 0 0 0 0 0 0 0 0 0 0 0 0 0 0
leaf_weight=2746255 42587 577 485 11602 3457 947 1416 466 508 1905 2377 304 397 3460 673 570 635 1195 514 203 47568 1291 69595 2002 18205 241 1157 20190 668 331 1963 2518 1848 1422 1711 448 619 476 844 1418 412177 1110 234 204 685 1196 9562 1847 665 593 237 1425 317 2310 474 2797 320 345 2537 15330 1926 200
leaf_count=2746255 42587 577 485 11602 3457 947 1416 466 508 1905 2377 304 397 3460 673 570 635 1195 514 203 47568 1291 69595 2002 18205 241 1157 20190 668 331 1963 2518 1848 1422 1711 448 619 476 844 1418 412177 1110 234 204 685 1196 9562 1847 665 593 237 1425 317 2310 474 2797 320 345 2537 15330 1926 200
internal_value=-0.046433 -0.0470331 -0.0421091 -0.0375284 -0.0446242 -0.029843 -0.0246255 -0.0319641 -0.0455236 -0.0341579 -0.0221877 -0.0187038 -0.0374846 -0.0380833 -0.0436063 -0.0273158 -0.0149177 -0.0305382 -0.028287 -0.0087855 -0.0473121 -0.0223442 -0.0459451 -0.04077 -0.0443127 -0.0212484 -0.0311272 -0.0468763 -0.0338468 -0.0223362 -0.036951 -0.0233516 -0.0350965 -0.0363965 -0.0114188 -0.0164304 -0.028075 -0.0404362 -0.0361072 -0.0368229 -0.0469555 -0.03347 -0.0276157 -0.0287438 -0.039458 -0.0361467 -0.043894 -0.0425189 -0.0292397 -0.0318692 -0.0297455 -0.028658 -0.0302869 -0.0437546 -0.0425405 -0.0399394 -0.0280037 -0.0401984 -0.0409073 -0.046412 -0.0394785 -0.0269168
internal_weight=3.45154e+06 3.40895e+06 182762 64779 117983 28660 17008 7883 110100 7214 14090 8390 11652 5846 36119 5700 6014 5309 2376 669 3.22619e+06 1926 104254 7682 33398 749 3970 479935 3783 1526 3370 3934 2721 2918 4088 752 1287 5097 1637 2496 459745 1624 811 3023 2107 1766 19329 9767 1062 1078 2819 2582 793 4312 15193 3591 794 2308 6310 84925 4463 873
internal_count=3451539 3408952 182762 64779 117983 28660 17008 7883 110100 7214 14090 8390 11652 5846 36119 5700 6014 5309 2376 669 3226190 1926 104254 7682 33398 749 3970 479935 3783 1526 3370 3934 2721 2918 4088 752 1287 5097 1637 2496 459745 1624 811 3023 2107 1766 19329 9767 1062 1078 2819 2582 793 4312 15193 3591 794 2308 6310 84925 4463 873
cat_boundaries=0 4 8 12 16 19 23 25 29 32 35 38 40 43 47
cat_threshold=2362628 17369242 268437856 1 16777216 276824064 0 4 100702240 1073741825 528385 32 2097152 128 256 1 0 524290 268435456 2097152 524426 268435744 1 260 524424 1728053296 1077936129 1150300180 288 2097408 65536 268435456 4 16779282 268437504 671155457 1099431938 268435520 3328 24 4 2178 268437568 1140981760 262144 1597464 2
is_linear=0
shrinkage=0.05


Tree=1
num_leaves=63
num_cat=6
split_feature=8 7 5 8 5 2 5 7 10 35 21 4 0 0 0 0 28 29 34 28 4 26 7 28 28 18 0 8 20 4 7 9 43 18 0 3 3 26 45 7 7 45 3 8 5 35 29 4 7 6 29 7 28 3 8 30 43 30 34 33 18 28
split_gain=36386.6 1343.26 973.357 739.681 669.569 572.968 913.598 394.466 259.112 158.375 144.731 90.0407 71.3541 66.2679 63.3351 56.4716 48.6994 53.3385 46.8386 41.767 38.4855 37.0134 44.1999 33.9599 52.5659 27.9493 27.6198 34.2307 25.9144 25.4866 23.4208 23.1555 22.9645 22.7835 19.7842 19.5723 19.3825 20.2905 30.4986 19.4854 18.9155 18.7964 16.1784 16.1429 16.0688 15.6263 15.2531 14.5763 13.9303 13.2995 15.612 17.2132 14.5978 13.1522 12.8718 12.0522 12.0128 11.7139 11.1164 13.1167 10.8006 10.7255
threshold=1.0000000180025095e-35 1.0000000180025095e-35 -1.0000000180025095e-35 0.095833335071802153 -1.0500000119209287 1.0000000180025095e-35 1.0000000180025095e-35 1.0500000119209292 1.0000000180025095e-35 1.0000000180025095e-35 0.68333333730697643 -1.0000000180025095e-35 0 1 2 3 0.064705885946750655 0.96581566333770763 1.0500000119209292 0.055752867832779891 -1.0500000119209287 0.028436867520213131 0.15000000223517421 0.021568628028035167 0.036731028929352767 14.275000095367433 4 0.15416666865348819 2.3541666269302373 -1.0000000180025095e-35 0.15000000223517421 0.043654773384332664 0.79383251070976268 5.8541667461395273 5 1.0000000180025095e-35 1.0000000180025095e-35 -0.021561892703175541 1.0000000180025095e-35 0.15000000223517421 0.15000000223517421 1.0000000180025095e-35 1.0000000180025095e-35 0.020833333954215053 -4.2499999999999991 0.15000000223517421 9.4603705406188983 -4.4500000476837149 0.15000000223517421 1.0000000180025095e-35 1.2317548990249636 0.15000000223517421 0.048057714477181442 1.0000000180025095e-35 1.4291666150093081 0.39982758462429052 -0.47558552026748652 0.047965517267584808 1.0000000180025095e-35 0.25000000745058065 10.183333396911623 0.0098039219155907648
decision_type=2 2 10 2 8 10 10 2 2 2 8 10 9 9 9 9 2 2 2 2 10 10 2 2 2 10 9 2 10 10 2 2 2 10 9 10 10 10 2 2 2 2 10 2 10 2 2 10 2 2 2 2 2 10 2 2 2 2 2 2 8 2
left_child=1 18 3 14 8 6 10 9 -5 12 13 20 40 31 -2 25 17 21 -1 23 47 22 -11 36 30 45 27 -6 34 -16 -25 -4 -24 35 -20 48 37 41 39 -39 -3 -14 -42 -33 -13 -9 57 -10 -19 50 51 -26 -53 -31 -46 56 -50 -41 -58 -60 -17 -27
right_child=2 7 5 4 26 -7 -8 15 11 16 -12 44 19 -15 29 60 -18 33 28 -21 -22 -23 32 24 49 61 -28 -29 -30 53 -32 43 -34 -35 -36 -37 -38 38 -40 46 42 -43 -44 -45 54 -47 -48 -49 55 -51 -52 52 -54 -55 -56 -57 58 -59 59 -61 -62 -63
leaf_value=0 0 0 0 0.21975000476464632 -0.00025000000372529032 0.0047500000707805159 0.0047500000707805159 0 0 0 0 0 0 0 0 0 0 0 0 0 -0.00025000000372529032 0 0 0 0 0 0.0047500000707805159 0 0 0 0 0 0 0 0 0 0 0 0 0 0 0 0 0 0 0 0 0 0 0 0 0 0 0 0 0 0 0 0 0 0 0
leaf_weight=2833388 397 2843 1031 654 376 27675 7569 11006 209 2874 1584 1046 4224 1409 808 20329 3461 7063 36413 8235 265 1285 1173 452 514 3500 5111 1128 13612 676 343 244 1771 5250 342777 1226 3028 5933 7102 2854 1457 1569 283 793 879 7711 1174 523 1744 752 855 225 219 1919 207 598 1250 2275 1956 675 43633 10004
leaf_count=2833388 397 2843 1031 654 376 27675 7569 11006 209 2874 1584 1046 4224 1409 808 20329 3461 7063 36413 8235 265 1285 1173 452 514 3500 5111 1128 13612 676 343 244 1771 5250 342777 1226 3028 5933 7102 2854 1457 1569 283 793 879 7711 1174 523 1744 752 855 225 219 1919 207 598 1250 2275 1956 675 43633 10004
internal_value=-0.046433 -0.0470833 -0.00590321 -0.0171612 -0.0102621 -0.00193741 -0.0107621 -0.0427627 -0.02704 -0.0400358 -0.0272076 -0.0330225 -0.0419403 -0.0215006 -0.0360395 -0.0448795 -0.0372514 -0.0365322 -0.0473121 -0.0426671 -0.0206194 -0.0328161 -0.0311198 -0.0418494 -0.0370982 -0.0429353 -0.000667045 -0.00659841 -0.0468004 -0.0382486 -0.0258648 -0.0155342 -0.0268139 -0.0378679 -0.0468774 -0.0368467 -0.0424164 -0.041961 -0.0411834 -0.0396706 -0.0354654 -0.0445568 -0.0314368 -0.0208848 -0.0388227 -0.0416978 -0.0377348 -0.0265301 -0.036289 -0.0405799 -0.0382612 -0.0338779 -0.0266667 -0.0407755 -0.0345626 -0.0345641 -0.0338467 -0.0389116 -0.0322977 -0.0304532 -0.045845 -0.0446823
internal_weight=3.45154e+06 3.39704e+06 54503 14198 10398 40305 12630 170846 3783 74663 5061 3129 44337 3477 3800 96183 30326 26865 3.22619e+06 39754 997 7103 5818 31519 3360 32221 6615 1504 392802 3403 795 2068 2944 19762 379190 14512 28159 25131 19338 12236 4583 5793 1740 1037 2132 18717 6303 732 13286 2565 1813 958 444 2595 1086 6223 5625 5129 3881 2631 63962 13504
internal_count=3451539 3397036 54503 14198 10398 40305 12630 170846 3783 74663 5061 3129 44337 3477 3800 96183 30326 26865 3226190 39754 997 7103 5818 31519 3360 32221 6615 1504 392802 3403 795 2068 2944 19762 379190 14512 28159 25131 19338 12236 4583 5793 1740 1037 2132 18717 6303 732 13286 2565 1813 958 444 2595 1086 6223 5625 5129 3881 2631 63962 13504
cat_boundaries=0 4 8 9 13 17 20
cat_threshold=134250496 8388608 8225 132 85990432 1086914581 277360736 5 16779296 656809984 4188602544 2416968032 1 536970501 50855936 1073741888 2 671155457 1098907650 268435520
is_linear=0
shrinkage=0.05


Tree=2
num_leaves=63
num_cat=8
split_feature=1 7 8 7 0 41 28 0 28 27 41 0 9 0 4 34 28 0 34 7 43 10 41 29 43 34 4 18 49 23 41 44 9 0 3 0 41 16 44 24 29 0 43 24 43 41 40 29 10 28 44 28 3 41 31 10 40 27 24 43 41 27
split_gain=39798.1 1905.16 510.918 394.466 193.316 169.238 167.97 129.767 122.536 96.3674 89.1978 76.8891 76.0058 56.4716 51.8624 46.8386 44.7155 41.2892 50.9713 39.7997 38.811 38.4773 37.7068 33.7772 32.4293 29.7075 28.6516 27.9493 26.9581 25.8333 23.95 21.3617 20.9314 20.6808 20.4267 19.0734 18.0586 23.3995 18.0067 38.7727 18.9124 16.8233 16.7988 27.1665 16.4473 15.8892 15.4383 15.4136 13.816 12.7598 12.6844 21.4376 11.9067 11.4098 11.2393 16.256 24.6865 11.1746 18.8031 14.393 11.1741 10.8875
threshold=1.0000000180025095e-35 1.0000000180025095e-35 1.0000000180025095e-35 1.0500000119209292 0 1.0000000180025095e-35 0.064705885946750655 1 0.021568628028035167 0.04256099462509156 0.91037613153457653 2 0.030080261640250686 3 -1.0000000180025095e-35 1.0500000119209292 0.050299357622861869 4 1.0000000180025095e-35 0.15000000223517421 0.81428062915802013 1.7916666865348818 -0.81241145730018605 1.9946291446685793 -0.33425341546535486 1.0000000180025095e-35 -1.0000000180025095e-35 14.275000095367433 7.0250000953674325 0.33437500894069677 -0.47114434838294977 -0.25206183642148966 0.035453606396913535 5 1.0000000180025095e-35 6 -0.9103761315345763 10.250000000000002 -0.074115883558988557 -0.0030265492387115951 10.628359794616701 7 0.91939014196395885 0.0064151359256356963 -0.28519254922866816 -0.81241145730018605 1.7624999880790713 2.3103637695312504 14.375000000000002 0.048057714477181442 0.6174544394016267 0.10000000149011613 1.0000000180025095e-35 0.63405361771583568 0.05172413773834706 22.791666984558109 2.3645000457763676 0.061906902119517333 0.007889370899647476 0.58481550216674816 0.68322628736495983 0.088991168886423125
decision_type=10 2 2 2 9 2 2 9 2 2 2 9 2 9 8 2 2 9 2 2 2 2 2 2 2 2 10 10 2 10 2 2 2 9 10 9 2 10 2 10 2 9 2 10 2 2 2 2 2 2 2 2 8 2 2 2 2 2 10 2 2 2
left_child=1 15 3 5 21 7 8 19 9 -7 17 16 45 27 28 -1 20 18 38 -3 53 -4 -21 46 61 -9 -23 48 33 35 -27 47 -28 -14 42 -17 -16 52 39 44 57 -12 -19 -44 -11 -6 -13 -26 -5 -48 -8 -52 -38 -10 -50 56 -56 -40 59 -59 -42 -20
right_child=-2 2 4 13 12 6 50 25 11 10 41 23 14 -15 36 29 -18 34 24 22 -22 26 -24 -25 31 30 32 -29 -30 -31 -32 -33 -34 -35 -36 -37 37 -39 40 -41 60 -43 43 -45 -46 -47 49 -49 54 -51 51 -53 -54 -55 55 -57 -58 58 -60 -61 -62 -63
leaf_value=0 0.0045125000672414902 0 0 0 0 0 0 0 0 0 0 0 0 0 0 0 0 0 0 0 0 0 0 0 0 0 0 0 0 0 0 0 0 -4.7499842159447702e-05 0 0 0 0 0 0 0 0 0 0 0 0 0 0 0 0 0 0 0 0 0 0 0 0 0 0 0 0
leaf_weight=2833388 42587 2932 257 2670 211 5847 6197 20973 489 236 955 641 530 63962 2085 36043 634 5578 472 996 570 800 1251 745 804 4970 537 13504 577 16350 2751 1033 1458 897 767 340409 1579 1302 629 2053 340 5628 796 724 497 496 456 200 4854 211 329 1059 1187 261 612 10052 529 294 1075 328 313 629
leaf_count=2833388 42587 2932 257 2670 211 5847 6197 20973 489 236 955 641 530 63962 2085 36043 634 5578 472 996 570 800 1251 745 804 4970 537 13504 577 16350 2751 1033 1458 897 767 340409 1579 1302 629 2053 340 5628 796 724 497 496 456 200 4854 211 329 1059 1187 261 612 10052 529 294 1075 328 313 629
internal_value=-0.0464307 -0.0470307 -0.0420645 -0.0427627 -0.0320544 -0.0400358 -0.0378665 -0.0426481 -0.036333 -0.0374582 -0.0360208 -0.0281339 -0.035817 -0.0448795 -0.0372205 -0.0473121 -0.0206288 -0.0340846 -0.0314644 -0.0349494 -0.0154924 -0.0209406 -0.03001 -0.0350061 -0.0263719 -0.0440101 -0.0193068 -0.0429353 -0.0302345 -0.0468004 -0.0413739 -0.022635 -0.0225125 -0.026547 -0.0369635 -0.0468849 -0.0394958 -0.0375565 -0.034291 -0.0371805 -0.0315886 -0.0409528 -0.0361729 -0.0315132 -0.027309 -0.0201308 -0.0303364 -0.0278287 -0.0416978 -0.0250112 -0.0445798 -0.0402594 -0.0349548 -0.0229667 -0.0411437 -0.0402723 -0.0346166 -0.0336995 -0.0315896 -0.0246704 -0.0240697 -0.0332856
internal_weight=3.45154e+06 3.40895e+06 182762 170846 11916 74663 40790 33873 33205 29198 23351 4007 8864 96183 8157 3.22619e+06 1954 16768 8903 5179 1320 3052 2247 2053 3138 28694 2795 32221 2004 392802 7721 2037 1995 1427 7865 376452 6153 4068 5765 2786 2979 6583 7098 1520 733 707 1308 1004 18717 667 7585 1388 2766 750 16047 11193 1141 2326 1697 622 653 1101
internal_count=3451539 3408952 182762 170846 11916 74663 40790 33873 33205 29198 23351 4007 8864 96183 8157 3226190 1954 16768 8903 5179 1320 3052 2247 2053 3138 28694 2795 32221 2004 392802 7721 2037 1995 1427 7865 376452 6153 4068 5765 2786 2979 6583 7098 1520 733 707 1308 1004 18717 667 7585 1388 2766 750 16047 11193 1141 2326 1697 622 653 1101
cat_boundaries=0 4 8 10 14 17 20 23 27
cat_threshold=119576608 1140850944 524352 69 8192 8388608 536870912 4 131328 17303568 656809984 4188602544 2416968032 1 34816 16779290 268435520 1074791681 55115777 8392736 671155457 1098907650 268435520 553648128 41943176 8390656 4
is_linear=0
shrinkage=0.05


Tree=3
num_leaves=63
num_cat=8
split_feature=1 8 0 4 42 49 9 31 0 44 45 32 0 0 31 19 40 10 8 0 34 0 32 32 9 34 44 14 0 36 6 32 36 32 39 29 42 19 42 14 40 29 37 6 42 42 10 31 42 42 29 31 42 5 21 27 44 6 0 17 42 36
split_gain=39784.5 1440.75 372.219 329.885 248.853 165.26 129.389 119.878 159.279 104.584 98.1945 55.9817 51.9181 50.8317 50.6635 44.1085 39.5459 38.1951 36.6696 36.2289 34.5271 33.2989 86.0222 29.045 29.015 24.7666 22.8281 21.6241 21.2803 19.2925 19.2251 18.957 26.7084 18.8938 18.4834 17.8775 18.2638 16.71 16.4227 14.2937 13.7367 23.1817 14.0153 13.5768 13.4835 12.6341 12.5725 12.2687 11.7007 11.6914 11.4691 11.3127 10.7398 10.5615 11.2756 10.4002 11.2532 9.98447 9.90252 9.69117 9.659 9.49599
threshold=1.0000000180025095e-35 1.0000000180025095e-35 0 -1.0000000180025095e-35 -0.35206145048141474 7.0250000953674325 0.039430476725101478 0.05172413773834706 1 0.4584775865077973 1.0000000180025095e-35 1.0000000180025095e-35 2 3 0.12068965658545495 4.5000000000000009 3.3724999427795415 1.7916666865348818 0.045833334326744087 4 1.0500000119209292 5 1.0000000180025095e-35 1.0000000180025095e-35 0.030080261640250686 1.0000000180025095e-35 0.42763730883598333 5.7500000000000009 6 9.5000000000000018 1.0000000180025095e-35 1.0000000180025095e-35 7.5000000000000009 1.0000000180025095e-35 0.23499999940395358 0.99654510617256176 -0.68322628736495961 2.5000000000000004 -0.68322628736495961 1.2500000000000002 1.7624999880790713 1.0118874907493594 2.8605000972747807 1.0000000180025095e-35 -0.47114434838294977 -0.63405361771583546 49.875000000000007 0.086206898093223586 0.29012925922870642 -0.63405361771583546 9.2661633491516131 0.05172413773834706 -0.097964655607938753 -1.0000000180025095e-35 1.5500000119209292 0.073514446616172804 -0.78324955701827992 1.0000000180025095e-35 7 5.8541667461395273 0.84874749183654796 3.5000000000000004
decision_type=10 2 9 8 2 2 2 2 9 2 2 2 9 9 2 2 2 2 2 9 2 9 2 2 2 2 2 10 9 2 2 2 2 2 2 2 2 2 2 10 2 2 2 2 2 2 2 2 2 2 2 2 2 10 10 2 2 2 9 10 2 2
left_child=1 2 4 5 7 19 18 33 9 10 11 13 17 -9 15 34 31 -8 28 -3 30 22 37 -18 -21 -23 40 -22 52 -16 46 32 55 61 -13 36 -36 -6 -30 48 42 -42 -10 51 -14 47 -4 -25 -19 -15 -11 -24 -5 -46 -55 56 -12 -33 -2 -32 -39 -1
right_child=58 3 20 6 21 -7 12 8 26 50 16 14 44 49 29 -17 23 39 -20 24 27 25 43 45 -26 -27 -28 -29 38 -31 59 57 -34 -35 35 -37 -38 60 -40 -41 41 -43 -44 -45 53 -47 -48 -49 -50 -51 -52 -53 -54 54 -56 -57 -58 -59 -60 -61 -62 -63
leaf_value=0 -0.00071312501062639061 0 0 0 0 0 0 0 0 0 0 0 0 0 0 0 0 0 0 0 0 0 0 0 0 0 0 0 0 0 0 0 0 0 0 0 0 0 0 0 0 0 0 0 0 0 0 0 0 0 0 0 0 0 0 0 0 0 0.0042868750638794155 0 0 0
leaf_weight=389 1540 1094 53216 306 1681 664 343 506 15821 17293 552 1222 2087 520 1045 292 449 816 266 247 348307 220059 13483 973 1123 64842 28939 12513 354 250 2778 13917 1357 69744 969 2063 676 1032 216 229 2507 5941 12550 247 2509 648 2474300 581 286 290 4385 13847 251 571 554 1328 410 282 41047 2631 276 1925
leaf_count=389 1540 1094 53216 306 1681 664 343 506 15821 17293 552 1222 2087 520 1045 292 449 816 266 247 348307 220059 13483 973 1123 64842 28939 12513 354 250 2778 13917 1357 69744 969 2063 676 1032 216 229 2507 5941 12550 247 2509 648 2474300 581 286 290 4385 13847 251 571 554 1328 410 282 41047 2631 276 1925
internal_value=-0.0464224 -0.0470224 -0.0470833 -0.0296668 -0.0457985 -0.0157225 -0.0346302 -0.0443585 -0.0433619 -0.0411298 -0.0391378 -0.034376 -0.0372634 -0.0249696 -0.0362755 -0.0384709 -0.0409576 -0.0286609 -0.0206515 -0.00975649 -0.0473064 -0.0466573 -0.0447192 -0.0352593 -0.00422101 -0.046862 -0.0450463 -0.046849 -0.0167103 -0.0274228 -0.0473718 -0.041804 -0.0385886 -0.0459596 -0.0395892 -0.0378317 -0.0339438 -0.036677 -0.0234914 -0.0249981 -0.0442272 -0.0424574 -0.0447542 -0.0456071 -0.0396611 -0.0376226 -0.0473781 -0.035177 -0.0226361 -0.0164939 -0.043752 -0.0457126 -0.0091843 -0.0415699 -0.0375444 -0.0352948 -0.0313358 -0.0426299 0.00160536 -0.0443941 -0.0324388 -0.0415147
internal_weight=3.45154e+06 3.40895e+06 3.39704e+06 11916 503291 3128 8788 187824 115766 50008 28330 7833 7395 1316 6517 5222 20497 1674 1393 2464 2.89374e+06 315467 30566 2651 1370 284901 65758 360820 1127 1295 2.53292e+06 17846 3647 72058 4930 3708 1645 2989 570 1331 36819 8448 28371 27577 5721 2202 2.52752e+06 1554 1102 810 21678 27330 557 3634 1125 2290 962 14199 42587 5409 1308 2314
internal_count=3451539 3408952 3397036 11916 503291 3128 8788 187824 115766 50008 28330 7833 7395 1316 6517 5222 20497 1674 1393 2464 2893745 315467 30566 2651 1370 284901 65758 360820 1127 1295 2532925 17846 3647 72058 4930 3708 1645 2989 570 1331 36819 8448 28371 27577 5721 2202 2527516 1554 1102 810 21678 27330 557 3634 1125 2290 962 14199 42587 5409 1308 2314
cat_boundaries=0 4 7 11 14 18 22 26 30
cat_threshold=151127300 25692186 268435520 4 256 17301522 268435520 2271795234 1140999169 2040040 161 0 0 268435520 1110443265 1128857616 96 5 0 8388608 0 4 16780320 8388612 268435456 4 2997944833 1089537 1617978373 137
is_linear=0
shrinkage=0.05


Tree=4
num_leaves=63
num_cat=9
split_feature=1 8 0 4 42 28 43 0 49 9 43 0 36 28 0 42 10 8 0 34 0 28 43 9 19 34 42 26 37 20 0 35 42 36 6 28 43 19 28 45 43 32 42 35 28 43 28 19 32 42 27 43 45 28 10 28 28 22 42 0 17 0
split_gain=39784.5 1440.75 372.219 329.885 248.853 219.893 281.482 360.745 165.26 129.389 73.7843 76.2169 68.3896 69.1296 51.9181 40.6213 38.1951 36.6696 36.2289 34.5271 33.2989 116.929 41.5619 29.015 26.3354 24.7666 24.601 24.3562 23.6413 22.1706 21.2803 20.4593 19.6922 21.0151 19.2251 19.0255 18.6709 22.4577 16.9882 31.6664 29.2584 70.2839 16.4227 15.4824 14.9055 22.9547 14.5643 13.5208 14.4247 13.4835 13.0517 12.8743 14.3125 16.5073 12.5725 11.487 11.4213 10.9388 10.7398 9.90252 9.69117 9.67854
threshold=1.0000000180025095e-35 1.0000000180025095e-35 0 -1.0000000180025095e-35 -0.35206145048141474 0.044210137799382217 0.62587949633598339 1 7.0250000953674325 0.039430476725101478 0.91248813271522533 2 3.5000000000000004 0.0058823532890528449 3 -0.68322628736495961 1.7916666865348818 0.045833334326744087 4 1.0500000119209292 5 0.013725490774959328 0.89017060399055492 0.030080261640250686 2.5000000000000004 1.0000000180025095e-35 -0.68322628736495961 -0.0065877684392034999 2.8605000972747807 2.3541666269302373 6 2.8500000238418584 -0.84874749183654774 2.5000000000000004 1.0000000180025095e-35 0.058037718757987029 -0.13398594409227368 4.5000000000000009 0.013725490774959328 1.0000000180025095e-35 -0.47558552026748652 0.05172413773834706 -0.68322628736495961 1.0000000180025095e-35 0.021568628028035167 0.07411635667085649 0.044210137799382217 2.5000000000000004 0.05172413773834706 -0.47114434838294977 0.096729531884193434 -0.048361575230956071 1.0000000180025095e-35 0.0098039219155907648 49.875000000000007 0.0098039219155907648 0.0058823532890528449 1.8166666626930239 -0.097964655607938753 7 5.8541667461395273 8
decision_type=10 2 9 8 2 2 2 9 2 2 2 9 2 2 9 2 2 2 9 2 9 2 2 2 2 2 2 10 2 10 9 2 2 2 2 2 2 2 2 2 2 2 2 2 2 2 2 2 2 2 2 2 2 2 2 2 2 10 2 9 10 9
left_child=1 2 4 8 5 6 12 10 18 17 26 15 13 24 16 31 -11 30 -3 34 21 22 50 -20 -1 -22 56 -13 43 -21 58 61 33 -15 54 -7 -26 -38 39 55 -40 -42 -32 -9 45 -23 -18 48 -45 -16 -6 52 -14 -54 -4 -35 -8 -27 -5 -2 -36 -12
right_child=59 3 19 9 20 35 7 28 -10 14 11 27 51 32 49 -17 46 -19 23 29 25 44 -24 -25 36 57 -28 -29 -30 -31 42 -33 -34 38 60 -37 37 -39 40 -41 41 -43 -44 47 -46 -47 -48 -49 -50 -51 -52 -53 53 -55 -56 -57 -58 -59 -60 -61 -62 -63
leaf_value=0 -0.00067746876009507117 0 0 0 0 0 0 0 0 0 0 0 0 0 0 0 0 0 0 0 0 0 0 0 0 0 0 0 0 0 0 0 0 0 0 0 0 0 0 0 0 0 0 0 0 0 0 0 0 0 0 0 0 0 0 0 0 0 0 0.0040725313106854451 0 0
leaf_weight=463 1540 1094 53216 306 4497 72486 268 4581 664 343 353 1039 15459 2189 2087 752 1126 266 247 348350 220059 2886 427 1123 815 63634 1859 1696 5620 12470 354 240 7060 691 2778 7192 202 283 1473 461 404 708 216 1618 18721 2410 205 1496 492 3634 1625 17236 11792 23836 2474300 386 3863 1208 251 41047 2631 811
leaf_count=463 1540 1094 53216 306 4497 72486 268 4581 664 343 353 1039 15459 2189 2087 752 1126 266 247 348350 220059 2886 427 1123 815 63634 1859 1696 5620 12470 354 240 7060 691 2778 7192 202 283 1473 461 404 708 216 1618 18721 2410 205 1496 492 3634 1625 17236 11792 23836 2474300 386 3863 1208 251 41047 2631 811
internal_value=-0.0464224 -0.0470224 -0.0470833 -0.0296668 -0.0457985 -0.0443585 -0.04289 -0.0381999 -0.0157225 -0.0346302 -0.0312549 -0.0267272 -0.0442774 -0.0412364 -0.0372634 -0.019349 -0.0286609 -0.0206515 -0.00975649 -0.0473064 -0.0466573 -0.0447192 -0.0388117 -0.00422101 -0.0319299 -0.046862 -0.0350042 -0.0323543 -0.0436189 -0.046849 -0.0167103 -0.014416 -0.0424634 -0.0404341 -0.0473718 -0.0463516 -0.0355769 -0.0278093 -0.0383319 -0.034171 -0.0408075 -0.0346853 -0.0234914 -0.0419363 -0.0463487 -0.0440068 -0.0249981 -0.0394856 -0.0369076 -0.0396611 -0.0398636 -0.0449511 -0.0453497 -0.0447985 -0.0473781 -0.0388649 -0.0328546 -0.0460048 -0.0091843 0.00160536 -0.0443941 -0.0116753
internal_weight=3.45154e+06 3.40895e+06 3.39704e+06 11916 503291 187824 108146 24688 3128 8788 10881 4891 83458 15135 7395 2156 1674 1393 2464 2.89374e+06 315467 30566 6549 1370 1763 284901 5990 2735 13807 360820 1127 1404 13372 6312 2.53292e+06 79678 1300 485 4123 1538 2585 1112 570 8187 24017 5296 1331 3606 2110 5721 6122 68323 51087 35628 2.52752e+06 1077 4131 64842 557 42587 5409 1164
internal_count=3451539 3408952 3397036 11916 503291 187824 108146 24688 3128 8788 10881 4891 83458 15135 7395 2156 1674 1393 2464 2893745 315467 30566 6549 1370 1763 284901 5990 2735 13807 360820 1127 1404 13372 6312 2532925 79678 1300 485 4123 1538 2585 1112 570 8187 24017 5296 1331 3606 2110 5721 6122 68323 51087 35628 2527516 1077 4131 64842 557 42587 5409 1164
cat_boundaries=0 4 7 9 13 17 21 25 29 31
cat_threshold=151127300 25692186 268435520 4 256 17303570 268435520 0 17301522 2271795234 1140999169 2040040 161 1110443265 1128857616 96 5 0 8388608 0 4 16780320 8388612 268435456 4 2997944833 1089537 1617978373 137 0 2
is_linear=0
shrinkage=0.05


Tree=5
num_leaves=63
num_cat=9
split_feature=1 7 42 0 0 18 4 8 4 42 7 7 43 49 7 8 41 0 7 0 34 18 8 7 7 0 42 6 7 42 41 18 23 27 49 8 0 7 7 26 43 0 18 41 2 21 19 37 0 41 8 0 38 7 41 43 48 7 8 34 43 8
split_gain=39874.9 1951.13 847.994 1180.68 501.39 453.954 345.238 174.91 169.251 157.55 108.344 98.0605 85.9592 81.9381 70.8918 64.2735 58.5132 54.9147 54.5058 50.6568 45.255 42.5041 39.194 38.6657 59.7973 38.0132 34.7474 33.9018 28.9674 27.3076 26.7397 26.6171 26.159 25.4259 19.9027 19.66 19.6266 18.9363 28.3007 18.3753 18.3567 17.534 16.7268 17.3445 16.642 20.1399 15.5197 15.068 14.9674 14.9452 14.2419 13.7589 13.6622 23.0031 38.7257 13.4343 13.3554 12.6902 12.4513 12.2479 12.1997 11.8268
threshold=1.0000000180025095e-35 1.0000000180025095e-35 -0.35206145048141474 0 1 0.77500000596046459 -1.0000000180025095e-35 1.0000000180025095e-35 -1.0000000180025095e-35 -0.68322628736495961 0.84999999403953563 1.5500000119209292 0.62587949633598339 7.3416666984558114 0.15000000223517421 1.0000000180025095e-35 0.72947329282760631 2 0.15000000223517421 3 1.0500000119209292 11.775000095367433 1.0000000180025095e-35 1.1500000357627871 0.15000000223517421 4 -0.032701563090086067 0.25000000745058065 0.45000000298023229 -0.72947329282760609 -0.097964655607938753 14.275000095367433 0.31821499764919287 0.13270440697669986 3.4416667222976689 1.0000000180025095e-35 5 1.0500000119209292 0.15000000223517421 0.0071943989023566255 0.52766072750091564 6 4.1833331584930429 0.93540480732917797 1.0000000180025095e-35 0.14583333581686023 2.5000000000000004 2.3514999151229863 7 -0.2901292592287063 1.0000000180025095e-35 8 6.5000000000000009 0.35000000894069677 0.032701563090086053 0.51297098398208629 0.74088335037231456 0.25000000745058065 0.012500000651925804 1.0000000180025095e-35 0.89787620306015026 1.0000000180025095e-35
decision_type=10 2 2 9 9 10 8 2 10 2 2 2 2 2 2 2 2 9 2 9 2 10 2 2 2 9 2 2 2 2 2 10 10 2 2 2 9 2 2 10 2 9 8 2 10 10 2 2 9 2 2 9 2 2 2 2 2 2 2 2 2 2
left_child=1 20 3 5 7 9 13 11 33 12 29 18 17 36 -11 26 58 56 30 -18 -1 35 31 24 51 -17 42 -9 -20 50 46 47 41 -5 -24 52 -6 38 -19 -32 -21 -22 43 -8 45 -27 55 -12 -42 -26 -7 -14 53 54 -10 -4 -3 -50 -16 -28 -51 -23
right_child=-2 2 4 8 6 10 15 27 21 14 22 -13 23 -15 16 25 19 37 28 40 32 61 34 -25 49 44 59 -29 -30 -31 39 -33 -34 -35 -36 -37 -38 -39 -40 -41 48 -43 -44 -45 -46 -47 -48 -49 57 60 -52 -53 -54 -55 -56 -57 -58 -59 -60 -61 -62 -63
leaf_value=0 0.0038689047451511724 0 0 0 -0.00023512501143105343 0 0 0.0050000000745058061 0 0 0 0 0 0 0 0 0 0 0 0 0 0 0 0 0 0 0 0 0 0 0 0 0 0 0 0 0 0 0 0 0 0 0 0 0 0 0 0 0 0 0 0 0 0 0 0 0 0 0 0 0 0
leaf_weight=2832975 42638 1369 794 441 335 2170 2769 451 633 2483 1159 1900 647 467 641 308 690 1677 1148 581 32515 18066 339 1053 219 681 62265 206 331 1649 672 4700 17812 230 200 1299 638 726 978 607 763 342075 7917 5230 2677 685 1374 1386 207 861 251 1450 11671 2128 778 260 377 654 239 26076 1226 667
leaf_count=2832975 42638 1369 794 441 335 2170 2769 451 633 2483 1159 1900 647 467 641 308 690 1677 1148 581 32515 18066 339 1053 219 681 62265 206 331 1649 672 4700 17812 230 200 1299 638 726 978 607 763 342075 7917 5230 2677 685 1374 1386 207 861 251 1450 11671 2128 778 260 377 654 239 26076 1226 667
internal_value=-0.0464267 -0.047028 -0.041997 -0.0373937 -0.0445218 -0.0297862 -0.0453936 -0.0320318 -0.0434518 -0.0245204 -0.0372925 -0.0343614 -0.0208015 -0.0210764 -0.0308094 -0.0457202 -0.0264934 -0.0254501 -0.0308012 -0.0230613 -0.0473125 -0.0439375 -0.040749 -0.0164333 -0.0143749 -0.0397661 -0.0459687 -0.00739345 -0.0226859 -0.0306818 -0.034039 -0.0417167 -0.0468093 -0.0185879 -0.0277412 -0.0420878 -0.0128135 -0.0292384 -0.0273682 -0.028188 -0.0190463 -0.0468983 -0.0438182 -0.0422056 -0.0410912 -0.036702 -0.0371211 -0.0375982 -0.0164039 -0.0088183 -0.0273017 -0.0204852 -0.042592 -0.0398707 -0.0349203 -0.0325569 -0.0178445 -0.0210075 -0.0377841 -0.0463561 -0.00751437 -0.0455676
internal_weight=3.45041e+06 3.40778e+06 182399 64608 117791 28695 110048 7743 35913 16841 11854 7086 10583 1440 6258 108608 3775 5127 5186 2895 3.22538e+06 35242 7784 5456 4403 4351 104257 657 1479 4070 3707 7245 392402 671 539 16509 973 3381 2655 1279 2205 374590 15916 7999 4043 1366 2428 2545 1624 2306 2421 2097 15210 3539 1411 1054 1746 861 880 88341 2087 18733
internal_count=3450414 3407776 182399 64608 117791 28695 110048 7743 35913 16841 11854 7086 10583 1440 6258 108608 3775 5127 5186 2895 3225377 35242 7784 5456 4403 4351 104257 657 1479 4070 3707 7245 392402 671 539 16509 973 3381 2655 1279 2205 374590 15916 7999 4043 1366 2428 2545 1624 2306 2421 2097 15210 3539 1411 1054 1746 861 880 88341 2087 18733
cat_boundaries=0 4 8 11 14 17 20 23 26 29
cat_threshold=2362628 19466394 269486432 1 16777216 276824064 0 4 2097152 2066 268435456 0 589824 268435456 67115040 0 4096 1280 4784144 64 671155457 25165826 268435520 1284 2184 320 3072 16 268435456
is_linear=0
shrinkage=0.05


Tree=6
num_leaves=63
num_cat=0
split_feature=1 7 42 7 8 41 7 8 43 8 49 18 41 8 18 7 16 6 40 41 34 39 41 2 42 7 7 9 41 23 39 36 36 37 8 29 36 28 39 36 37 37 7 36 34 40 2 6 37 43 44 44 37 7 7 42 41 10 41 41 18 41
split_gain=39871.4 1980.62 833.313 1061.19 482.53 234.668 175.348 138.532 131.875 131.778 96.1653 90.5713 73.6101 68.7665 63.7762 56.386 54.8671 49.5004 48.2533 49.4613 45.255 37.4929 41.2663 36.8708 33.1473 29.2985 30.6822 26.9706 26.7447 26.159 24.0275 22.9724 20.9258 30.2574 20.9071 20.7569 21.7045 20.1332 24.5772 42.9813 21.9598 34.6369 38.5462 19.3996 19.398 19.245 19.1056 19.0237 18.8533 18.8043 18.7084 17.0258 16.8556 22.1944 16.4766 14.7965 14.7347 14.1749 14.1108 13.2174 13.038 18.026
threshold=1.0000000180025095e-35 1.0000000180025095e-35 -0.35206145048141474 1.0500000119209292 1.0000000180025095e-35 -0.22695468366146085 0.15000000223517421 1.0000000180025095e-35 0.8431384563446046 1.0000000180025095e-35 6.7999999523162851 14.275000095367433 -0.72947329282760609 0.070833336561918273 0.77500000596046459 0.25000000745058065 4.2500000000000009 1.0500000119209292 1.7624999880790713 0.77259656786918651 1.0500000119209292 0.63500002026557933 0.72947329282760631 1.0000000180025095e-35 1.0000000180025095e-35 1.1500000357627871 0.25000000745058065 0.037215966731309898 0.77259656786918651 0.31821499764919287 0.19749999791383746 3.5000000000000004 4.5000000000000009 2.8605000972747807 0.062500001862645163 8.8743906021118182 3.5000000000000004 0.013725490774959328 0.65450000762939464 9.5000000000000018 2.8605000972747807 3.9864999055862431 0.75000000000000011 3.5000000000000004 0.35000000894069677 3.3724999427795415 1.0000000180025095e-35 1.0000000180025095e-35 1.1215000152587893 0.52766072750091564 0.79253265261650097 -0.42958799004554743 6.7225000858306894 0.75000000000000011 2.4500000476837163 -0.63405361771583546 0.68322628736495983 1.5416666865348818 0.68322628736495983 -0.52778512239456166 1.4499999880790713 -0.41248606145381922
decision_type=10 2 2 2 2 2 2 2 2 2 2 10 2 2 10 2 10 2 2 2 2 2 2 10 2 2 2 2 2 10 2 2 2 2 2 2 2 2 2 2 2 2 2 2 2 2 10 2 2 2 2 2 2 2 2 2 2 2 2 2 10 2
left_child=1 20 3 5 24 9 18 11 14 45 12 35 13 23 21 -14 57 -15 32 -20 -1 22 30 -6 25 26 -4 28 44 -22 -8 -24 56 58 46 36 54 38 40 50 -26 42 -42 -16 -10 48 -11 -23 -3 -37 51 -40 -41 -54 55 -5 -7 -9 -34 -50 61 -38
right_child=-2 2 4 7 10 6 8 16 27 34 -12 -13 15 17 43 -17 -18 -19 19 -21 29 47 31 -25 37 -27 -28 -29 -30 -31 -32 -33 33 -35 -36 49 60 -39 39 52 41 -43 -44 -45 -46 -47 -48 -49 59 -51 -52 -53 53 -55 -56 -57 -58 -59 -60 -61 -62 -63
leaf_value=0 0.0036754595078936137 0 0 0 0 0 0 0 0 0 0 0 0 -0.00022336876085950078 0 0 0 0 0 0 0 0 0 0 0 0 0 0 0 0 0 0 0 0 0 0 0 0 0 0 0 0 0 0 0 0 0 0 0 0 0 0 0 0 0 0 0 0 0 0 0 0
leaf_weight=2832975 42638 353 5556 752 398 1224 643 312 1343 668 1755 20826 431 619 541 1338 856 610 1769 638 374590 669 406 1297 17490 11061 2196 218 1059 17812 994 565 1945 1295 403 842 1849 58076 513 4481 1182 5671 846 1520 517 452 570 383 4211 404 284 1443 817 1727 1589 249 689 1167 997 2127 5682 3881
leaf_count=2832975 42638 353 5556 752 398 1224 643 312 1343 668 1755 20826 431 619 541 1338 856 610 1769 638 374590 669 406 1297 17490 11061 2196 218 1059 17812 994 565 1945 1295 403 842 1849 58076 513 4481 1182 5671 846 1520 517 452 570 383 4211 404 284 1443 817 1727 1589 249 689 1167 997 2127 5682 3881
internal_value=-0.0464246 -0.0470258 -0.0419569 -0.0373937 -0.0444599 -0.0296348 -0.026274 -0.042686 -0.0213429 -0.0362978 -0.0311616 -0.04345 -0.0274276 -0.0322982 -0.0258604 -0.0193768 -0.0308833 -0.0232933 -0.0313787 -0.025377 -0.0473125 -0.0218989 -0.0186848 -0.0388274 -0.04523 -0.0433167 -0.0409598 -0.0131041 -0.0118371 -0.0468093 -0.0138409 -0.0268512 -0.0337276 -0.0356874 -0.0235207 -0.040522 -0.0410723 -0.045619 -0.0446614 -0.0424595 -0.0454713 -0.0432462 -0.0376381 -0.0328954 -0.00822581 -0.0392332 -0.0267407 -0.0298669 -0.0399077 -0.0343379 -0.0364286 -0.0381697 -0.0443826 -0.0411321 -0.0369402 -0.0319156 -0.0293871 -0.0250524 -0.0328841 -0.0405341 -0.0420102 -0.0403272
internal_weight=3.45041e+06 3.40778e+06 182399 64608 117791 26199 17415 38409 8858 8784 6448 36074 4693 2924 5721 1769 2335 1229 8557 2407 3.22538e+06 3660 2608 1695 111343 18813 7752 3137 2919 392402 1637 971 6150 4237 1641 15248 14002 92530 34454 9265 25189 7699 2028 2061 1860 7143 1238 1052 6691 1246 2240 1956 7025 2544 2590 1001 1913 1479 2942 6338 11412 5730
internal_count=3450414 3407776 182399 64608 117791 26199 17415 38409 8858 8784 6448 36074 4693 2924 5721 1769 2335 1229 8557 2407 3225377 3660 2608 1695 111343 18813 7752 3137 2919 392402 1637 971 6150 4237 1641 15248 14002 92530 34454 9265 25189 7699 2028 2061 1860 7143 1238 1052 6691 1246 2240 1956 7025 2544 2590 1001 1913 1479 2942 6338 11412 5730
is_linear=0
shrinkage=0.05


Tree=7
num_leaves=63
num_cat=13
split_feature=1 7 8 42 0 18 0 49 41 7 7 7 7 41 9 8 6 2 41 0 7 41 7 0 34 0 42 8 41 43 7 41 23 0 10 8 10 0 0 43 8 0 40 18 42 26 0 0 18 41 0 31 36 41 34 35 0 35 41 43 35 43
split_gain=39867.6 2012.78 883.853 739.295 1092.19 376.002 342.219 202.469 153.322 113.273 136.573 100.113 85.415 78.0898 70.2335 107.003 136.318 70.632 62.7655 59.5743 66.5018 77.7511 54.5058 53.1435 45.255 36.1128 34.7489 32.2224 30.8882 30.1382 28.9674 26.7397 26.159 25.0856 23.489 26.8475 23.336 23.0246 22.4415 26.9006 21.1544 20.9964 20.2023 19.7771 18.7681 18.3753 17.5891 17.534 16.7156 17.3445 16.3939 16.2335 15.5197 15.1588 16.3682 15.1348 15.1015 15.0412 14.0557 13.4343 12.5703 12.5111
threshold=1.0000000180025095e-35 1.0000000180025095e-35 1.0000000180025095e-35 -0.35206145048141474 0 0.77500000596046459 1 6.7999999523162851 -0.52778512239456166 0.15000000223517421 1.0500000119209292 1.5500000119209292 2.4500000476837163 0.68322628736495983 0.037215966731309898 0.062500001862645163 0.94999998807907116 1.0000000180025095e-35 0.77259656786918651 2 0.45000000298023229 -0.097964655607938753 0.15000000223517421 3 1.0500000119209292 4 -0.032701563090086067 0.070833336561918273 -0.52778512239456166 0.8522624969482423 0.45000000298023229 -0.097964655607938753 0.31821499764919287 5 1.7916666865348818 0.81250000000000011 0.45833332836627966 6 7 0.85673803091049205 0.012500000651925804 8 1.9959999918937685 12.949999809265138 -0.16280825436115262 0.0071943989023566255 9 10 4.1833331584930429 0.93540480732917797 11 0.05172413773834706 7.5000000000000009 0.16280825436115268 1.0000000180025095e-35 1.1500000357627871 12 1.5500000119209292 -0.58216583728790272 0.51297098398208629 0.15000000223517421 0.57077592611312877
decision_type=10 2 2 2 9 10 9 2 2 2 2 2 2 2 2 2 2 10 2 9 2 2 2 9 2 9 2 2 2 2 2 2 10 9 2 2 2 9 9 2 2 9 2 10 2 10 9 9 8 2 9 2 2 2 2 2 9 2 2 2 2 2
left_child=1 24 3 4 5 8 11 14 46 13 18 22 28 42 44 17 27 40 29 20 21 -6 31 -12 -1 -20 48 -17 -7 33 -24 52 47 -11 36 37 -18 -36 39 -30 -16 -19 -10 -21 56 -33 -3 -26 49 -8 -46 -14 59 54 -25 -31 58 -23 -4 -5 -28 -22
right_child=-2 2 7 6 19 12 26 -9 9 10 23 -13 51 -15 15 16 34 41 25 43 61 57 30 53 32 -27 60 -29 38 55 -32 45 -34 -35 35 -37 -38 -39 -40 -41 -42 -43 -44 -45 50 -47 -48 -49 -50 -51 -52 -53 -54 -55 -56 -57 -58 -59 -60 -61 -62 -63
leaf_value=0 0.0034916865324989333 0 0 0 0 0 0 0 0 0 0 0 0 0 0 0 0 0 0 0 0 0 0 0 0 0 0 -0.00021220032281652572 0 0 0 0 0 0 0 0 0 0 0 0 0 0 0 0 0.0047500000707805159 0 0 0 0 0 0 0 0 0 0 0 0 0 0 0 0 0
leaf_weight=2832975 42638 670 228 794 669 978 2769 2480 2268 1046 486 1932 2778 1607 280 249 225 213 606 14145 2079 936 1148 344 32515 1248 56796 1048 1546 1216 331 672 17812 1085 469 686 603 951 1884 263 696 2114 1059 16741 251 607 1154 342075 7914 5230 281 1922 1374 971 220 334 741 314 278 260 31516 694
leaf_count=2832975 42638 670 228 794 669 978 2769 2480 2268 1046 486 1932 2778 1607 280 249 225 213 606 14145 2079 936 1148 344 32515 1248 56796 1048 1546 1216 331 672 17812 1085 469 686 603 951 1884 263 696 2114 1059 16741 251 607 1154 342075 7914 5230 281 1922 1374 971 220 334 741 314 278 260 31516 694
internal_value=-0.0464223 -0.0470235 -0.0419136 -0.0428287 -0.0383172 -0.0299425 -0.04523 -0.0286753 -0.0248578 -0.0228803 -0.0190326 -0.0343722 -0.0377412 -0.0287728 -0.0252945 -0.0274044 -0.0221396 -0.0341485 -0.0149706 -0.0438717 -0.0379775 -0.0309028 -0.0308012 -0.0301571 -0.0473125 -0.022473 -0.0459638 -0.00864109 -0.0329528 -0.0111919 -0.0226859 -0.034039 -0.0468093 -0.0150504 -0.0281067 -0.0253015 -0.0352415 -0.0292254 -0.0308604 -0.0352817 -0.0228586 -0.0388838 -0.0244011 -0.0447545 -0.0163589 -0.028188 -0.0383991 -0.0468983 -0.0438175 -0.0422056 -0.00849624 -0.0425 -0.0371211 -0.034733 -0.0284397 -0.0058871 -0.0197133 -0.02354 -0.0121802 -0.0325569 -0.0463558 -0.0430103
internal_weight=3.45041e+06 3.40778e+06 182399 170606 59263 23685 111343 11793 14314 12490 7556 7118 9371 4934 9313 7534 4231 3303 5535 35578 4692 1919 5186 2021 3.22538e+06 1854 104225 1297 4671 3681 1479 3707 392402 2131 2934 2106 828 1420 3693 1809 976 2327 3327 30886 1779 1279 1824 374590 15913 7999 532 4700 2428 1535 564 1550 1247 1250 506 1054 88312 2773
internal_count=3450414 3407776 182399 170606 59263 23685 111343 11793 14314 12490 7556 7118 9371 4934 9313 7534 4231 3303 5535 35578 4692 1919 5186 2021 3225377 1854 104225 1297 4671 3681 1479 3707 392402 2131 2934 2106 828 1420 3693 1809 976 2327 3327 30886 1779 1279 1824 374590 15913 7999 532 4700 2428 1535 564 1550 1247 1250 506 1054 88312 2773
cat_boundaries=0 3 7 11 14 17 20 24 27 28 31 34 38 41
cat_threshold=264452 19466394 268437856 17039360 276824064 0 4 2237440 671350784 1048576 1 0 128 256 0 524290 268435456 4 2066 268437504 119674880 25165835 2149064800 1 2304 16842776 64 16779264 260 65536 268435488 671155457 25165826 268435520 16777216 8388608 0 4 536873984 16 268435520
is_linear=0
shrinkage=0.05


Tree=8
num_leaves=63
num_cat=10
split_feature=1 4 6 0 49 42 28 43 0 41 0 43 42 0 40 28 0 10 42 6 17 35 41 37 28 0 32 43 41 19 20 41 0 0 44 28 44 28 43 9 28 43 29 28 28 37 35 15 0 28 44 3 28 44 28 35 28 44 35 41 0 10
split_gain=39865.6 1464.64 436.612 329.151 240.294 225.803 201.269 282.833 371.334 125.965 100.65 82.7328 80.1174 78.4631 73.5383 59.0709 55.8634 43.0053 35.4274 35.5952 34.6056 30.2919 28.766 29.344 27.3047 101.598 28.198 30.3898 26.6922 26.1094 23.5853 21.1538 20.7741 19.3165 18.9287 18.7834 18.4037 18.1635 23.4694 17.0816 16.891 16.8686 16.2619 16.4314 21.1636 21.9877 15.9486 15.6394 14.5789 14.1347 16.0663 13.7857 15.0216 13.4721 15.2394 13.1989 13.1388 41.3018 12.4193 12.1671 17.3442 10.4833
threshold=1.0000000180025095e-35 -1.0000000180025095e-35 1.0000000180025095e-35 0 6.7999999523162851 -0.41248606145381922 0.044210137799382217 0.61237135529518139 1 -0.35206145048141474 2 0.9159645438194276 -0.47114434838294977 3 3.3724999427795415 0.0058823532890528449 4 3.9583333730697636 0.52778512239456188 0.94999998807907116 1.9499999880790713 1.4499999880790713 0.35206145048141485 2.8605000972747807 0.017647059634327892 5 1.0000000180025095e-35 0.89017060399055492 0.84874749183654796 4.5000000000000009 2.3541666269302373 0.63405361771583568 6 7 0.4584775865077973 0.029411765746772293 -0.79382744431495655 0.013725490774959328 -0.79384350776672352 0.03214703872799874 0.058037718757987029 -0.048361575230956071 2.9027462005615239 0.021568628028035167 0.013725490774959328 1.9674999713897707 2.6499999761581425 0.14583333581686023 8 0.0058823532890528449 0.86869874596595775 1.0000000180025095e-35 0.036731028929352767 0.26659387350082403 0.0098039219155907648 1.3499999642372134 0.013725490774959328 0.24997577071189883 1.0000000180025095e-35 0.032701563090086053 9 46.875000000000007
decision_type=10 8 2 9 2 2 2 2 9 2 9 2 2 9 2 2 9 2 2 2 10 2 2 2 2 9 2 2 2 2 10 2 9 9 2 2 2 2 2 2 2 2 2 2 2 2 2 10 9 2 2 10 2 2 2 2 2 2 2 2 9 2
left_child=1 4 3 5 33 6 7 14 9 -9 17 34 13 20 29 -16 31 -4 28 32 39 61 -10 42 25 26 27 36 51 41 -23 55 -20 -1 47 37 -7 38 -31 -12 -8 53 43 44 -24 -46 -26 -11 -14 -28 -51 52 -19 54 -3 -13 57 -17 -27 -43 -61 -5
right_child=-2 2 10 21 -6 24 40 8 22 11 12 16 48 -15 15 56 -18 18 19 -21 -22 30 23 -25 46 58 49 -29 -30 35 -32 -33 -34 -35 -36 -37 -38 -39 -40 -41 -42 59 -44 -45 45 -47 -48 -49 -50 50 -52 -53 -54 -55 -56 -57 -58 -59 -60 60 -62 -63
leaf_value=-0.00020159030667569946 0.0033171022058739869 0 0 0 0 0 0 0 0 0 0 0 0 0 0 0 0 0 0 0 0 0 0 0 0 0 0 0 0 0 0 0 0 0 0 0 0 0 0 0 0 0 0 0 0 0 0 0 0 0 0 0 0 0 0 0 0 0 0 0 0 0
leaf_weight=520 42638 9010 766 42527 705 462 68392 2192 8491 2091 407 509 312 4539 397 332 2306 1354 218 362 584 510411 498 1579 180482 70808 660 400 366 553 14124 581 276 1868 2013 230 1757 1809 1595 1025 6304 8591 845 583 405 298 17014 209 15419 5835 1497 1745 428 19617 22958 200 2373 1166 38371 3142 4811 2318454
leaf_count=520 42638 9010 766 42527 705 462 68392 2192 8491 2091 407 509 312 4539 397 332 2306 1354 218 362 584 510411 498 1579 180482 70808 660 400 366 553 14124 581 276 1868 2013 230 1757 1809 1595 1025 6304 8591 845 583 405 298 17014 209 15419 5835 1497 1745 428 19617 22958 200 2373 1166 38371 3142 4811 2318454
internal_value=-0.0464211 -0.0470223 -0.0470535 -0.0471049 -0.0126309 -0.0458765 -0.0444304 -0.0429565 -0.038068 -0.0307732 -0.0408132 -0.0278641 -0.0423769 -0.0377517 -0.0444119 -0.0380342 -0.0222636 -0.0343552 -0.0326442 -0.0234346 -0.0288796 -0.0473137 -0.0438117 -0.0404658 -0.0466714 -0.0460758 -0.0410246 -0.0365607 -0.0346693 -0.0447883 -0.0469702 -0.0135577 -0.0147065 -0.00505863 -0.0325336 -0.0409559 -0.0388475 -0.0417633 -0.0386546 -0.0248394 -0.0463915 -0.0450238 -0.0372299 -0.0345235 -0.0311803 -0.0255939 -0.0470326 -0.0294348 -0.0443311 -0.0425388 -0.0431697 -0.036003 -0.0329097 -0.0454694 -0.0448364 -0.00786671 -0.039918 -0.0362517 -0.0465587 -0.0436345 -0.0422253 -0.0473903
internal_weight=3.45041e+06 3.40778e+06 3.40468e+06 3.37688e+06 3093 491366 174080 99384 22800 10101 27801 7909 22286 6555 76584 4268 3596 5515 4749 856 2016 2.88552e+06 12699 4208 317286 119790 10611 2619 3893 72316 524535 1290 494 2388 4313 4187 2219 3957 2148 1432 74696 68129 2629 1784 1201 703 197496 2300 15731 7992 7332 3527 1782 51585 31968 709 3871 1498 109179 16544 7953 2.36098e+06
internal_count=3450414 3407776 3404683 3376882 3093 491366 174080 99384 22800 10101 27801 7909 22286 6555 76584 4268 3596 5515 4749 856 2016 2885516 12699 4208 317286 119790 10611 2619 3893 72316 524535 1290 494 2388 4313 4187 2219 3957 2148 1432 74696 68129 2629 1784 1201 703 197496 2300 15731 7992 7332 3527 1782 51585 31968 709 3871 1498 109179 16544 7953 2360981
cat_boundaries=0 4 7 11 15 17 21 25 29 31 34
cat_threshold=151127300 25692186 268435520 4 256 17303570 268435520 117454944 2818577216 52011232 1749 2954888454 71893011 268437513 40 0 17301520 0 8388608 0 4 16777216 0 0 4 1109393409 1107296280 32 5 0 8388608 0 16779288 64
is_linear=0
shrinkage=0.05


Tree=9
num_leaves=63
num_cat=0
split_feature=1 7 4 42 7 49 41 3 7 8 18 18 9 41 8 41 34 43 38 42 7 7 8 23 43 36 38 7 43 41 6 29 36 35 43 37 29 37 41 38 7 42 38 37 37 7 18 43 18 41 35 6 8 16 9 16 37 37 8 6 35 44
split_gain=39862.3 2058 1241.24 790.888 1003.01 282.924 269.229 182.34 172.531 160.676 141.8 108.054 79.2137 55.9201 55.621 53.3749 45.255 36.352 34.1092 33.1473 29.2985 30.6822 29.26 26.159 24.3473 23.4817 23.34 89.7497 23.2405 21.8378 50.0334 20.7569 21.7045 19.7163 18.8043 17.4715 17.1787 16.601 19.0054 30.3947 16.4766 14.7965 14.1787 13.69 23.7939 84.1394 13.666 13.1009 13.038 18.026 11.9719 11.8384 11.8284 11.5558 11.4578 11.3112 10.9942 20.9627 10.7711 60.4197 10.7387 10.4786
threshold=1.0000000180025095e-35 1.0000000180025095e-35 -1.0000000180025095e-35 -0.35206145048141474 1.0500000119209292 6.7999999523162851 -0.22695468366146085 1.0000000180025095e-35 0.15000000223517421 1.0000000180025095e-35 0.77500000596046459 14.275000095367433 0.030080261640250686 0.77259656786918651 1.0000000180025095e-35 0.72947329282760631 1.0500000119209292 0.89787620306015026 13.500000000000002 1.0000000180025095e-35 1.1500000357627871 0.25000000745058065 1.0000000180025095e-35 0.31821499764919287 0.9159645438194276 3.5000000000000004 13.500000000000002 0.35000000894069677 0.93544191122055065 -0.63405361771583546 0.94999998807907116 8.8743906021118182 3.5000000000000004 1.3499999642372134 0.52766072750091564 1.9674999713897707 6.8908743858337411 1.1215000152587893 -0.52778512239456166 7.5000000000000009 2.4500000476837163 -0.63405361771583546 6.5000000000000009 2.8605000972747807 4.5694999694824228 0.55000001192092907 17.550000190734867 0.87397152185440075 1.4499999880790713 -0.41248606145381922 1.1500000357627871 4.8500001430511483 1.0000000180025095e-35 13.750000000000002 0.03214703872799874 10.250000000000002 5.1965000629425058 2.8605000972747807 0.070833336561918273 1.5500000119209292 8.2500000000000018 0.78724360466003429
decision_type=10 2 8 2 2 2 2 10 2 2 10 10 2 2 2 2 2 2 2 2 2 2 2 10 2 2 2 2 2 2 2 2 2 2 2 2 2 2 2 2 2 2 2 2 2 2 10 2 10 2 2 2 2 10 2 10 2 2 2 2 2 2
left_child=1 16 5 4 6 -3 14 8 15 19 13 22 -11 17 37 18 -1 35 28 20 21 -5 31 -18 46 47 43 36 56 58 -31 32 40 -30 -33 -10 61 -4 -39 42 41 -6 -40 -21 45 -45 -12 -15 49 -34 -19 -24 -13 -54 -16 -32 57 -8 -14 -60 -25 -28
right_child=-2 2 3 9 11 -7 7 -9 10 12 24 52 29 25 54 -17 23 50 -20 26 -22 -23 51 60 -26 -27 27 -29 33 30 55 34 48 -35 -36 -37 -38 38 39 -41 -42 -43 -44 44 -46 -47 -48 -49 -50 -51 -52 -53 53 -55 -56 -57 -58 -59 59 -61 -62 -63
leaf_value=0 0.003151247095580287 0 0 0 0 0 0 0 0 0 0 0 0 0 0 0 0 0 0 0 0 0 0 0 0 0 0 0 0 0 0 0 0 0 0 0 0 0 0 0 0 0 0 0 0 0 0 0 0 0 0 0 0 0 0 0 0 0 0 0 0 0
leaf_weight=2832975 42638 2388 353 5556 752 705 2799 1538 1046 283 1330 20826 1545 347 349 2271 374590 1107 617 51545 11061 2196 745 12809 223 1437 3188 18094 641 403 619 842 1849 203 404 1394 1142 4461 779 1272 1589 249 278 1506 11831 4635 585 209 5682 3881 287 263 292 425 859 635 749 236 217 1092 5003 589
leaf_count=2832975 42638 2388 353 5556 752 705 2799 1538 1046 283 1330 20826 1545 347 349 2271 374590 1107 617 51545 11061 2196 745 12809 223 1437 3188 18094 641 403 619 842 1849 203 404 1394 1142 4461 779 1272 1589 249 278 1506 11831 4635 585 209 5682 3881 287 263 292 425 859 635 749 236 217 1092 5003 589
internal_value=-0.0464191 -0.0470203 -0.0418533 -0.042395 -0.0378924 -0.0104486 -0.030202 -0.026594 -0.0249627 -0.0448441 -0.0198352 -0.0430541 -0.0358813 -0.0157941 -0.0375551 -0.0303965 -0.0473125 -0.0122626 -0.0276239 -0.04523 -0.0433167 -0.0409598 -0.0399766 -0.0468093 -0.0308489 -0.0225878 -0.045619 -0.0442388 -0.0261517 -0.0374911 -0.0329255 -0.040522 -0.0410723 -0.0186493 -0.0343379 -0.0159426 -0.0382502 -0.0392332 -0.0397828 -0.0361217 -0.0369402 -0.0319156 -0.0298557 -0.0460759 -0.0448876 -0.0423624 -0.0326697 -0.0313129 -0.0420102 -0.0403272 -0.00582138 -0.0317262 -0.0453763 -0.0390621 -0.0276324 -0.0378509 -0.0278251 -0.0291639 -0.0401419 -0.0368048 -0.0449371 -0.0398749
internal_weight=3.45041e+06 3.40778e+06 182399 179306 63169 3093 25370 17019 15481 116137 7965 37799 4794 5827 8351 7516 3.22538e+06 3834 5245 111343 18813 7752 16256 392402 2138 1993 92530 23013 4628 4511 1657 15248 14002 844 1246 2440 4919 7143 6790 2329 2590 1001 1057 69517 17972 6141 1915 556 11412 5730 1394 1008 21543 717 1208 1254 3784 3035 2854 1309 17812 3777
internal_count=3450414 3407776 182399 179306 63169 3093 25370 17019 15481 116137 7965 37799 4794 5827 8351 7516 3225377 3834 5245 111343 18813 7752 16256 392402 2138 1993 92530 23013 4628 4511 1657 15248 14002 844 1246 2440 4919 7143 6790 2329 2590 1001 1057 69517 17972 6141 1915 556 11412 5730 1394 1008 21543 717 1208 1254 3784 3035 2854 1309 17812 3777
is_linear=0
shrinkage=0.05


Tree=10
num_leaves=63
num_cat=7
split_feature=1 4 6 0 49 42 0 43 31 0 41 42 0 29 0 32 10 6 42 6 34 31 40 36 44 41 32 36 0 32 43 41 35 41 43 20 0 31 44 43 30 3 30 19 29 36 43 2 6 42 36 43 31 10 29 36 29 36 44 30 22 37
split_gain=39855.3 1703.19 457.225 335.13 273.9 227.129 115.473 178.859 142.784 111.168 102.03 78.6068 73.0691 66.6498 60.5149 46.1207 42.1011 40.1 36.1769 34.3294 32.7813 30.0008 30.4636 29.5015 39.5939 29.4378 29.1952 30.4083 28.5421 81.3388 35.505 26.0942 24.2862 23.4735 22.7341 20.19 20.1764 16.8844 15.6711 15.2158 14.9572 14.8155 14.6882 14.0028 14.4085 12.6897 12.6852 12.6196 27.3404 12.5095 15.6908 11.9852 11.8837 11.8672 11.7615 11.1893 10.0614 10.0359 17.606 9.55448 9.54071 9.45419
threshold=1.0000000180025095e-35 -1.0000000180025095e-35 1.0000000180025095e-35 0 7.1250000000000009 -0.41248606145381922 1 0.77244481444358837 0.05172413773834706 2 -0.2901292592287063 -0.47114434838294977 3 0.99654510617256176 4 1.0000000180025095e-35 3.9583333730697636 0.75000000000000011 0.52778512239456188 0.94999998807907116 1.0500000119209292 0.086206898093223586 3.3724999427795415 4.5000000000000009 0.57605713605880748 0.84874749183654796 1.0000000180025095e-35 6.5000000000000009 5 1.0000000180025095e-35 0.89017060399055492 0.77259656786918651 1.0000000180025095e-35 -0.68322628736495961 -0.16799356788396833 1.8541666865348818 6 0.086206898093223586 0.36447542905807501 0.91939014196395885 0.049066092818975456 1.0000000180025095e-35 0.072725463658571257 2.5000000000000004 4.3794505596160898 8.5000000000000018 0.48314048349857336 0.15000000223517421 0.94999998807907116 -0.63405361771583546 3.5000000000000004 0.12545942142605784 0.05172413773834706 51.291666030883796 0.54075497388839733 2.5000000000000004 1.0918874740600588 8.5000000000000018 0.67007490992546093 0.13039230555295947 1.8166666626930239 2.8605000972747807
decision_type=10 8 2 9 2 2 9 2 2 9 2 2 9 2 9 2 2 2 2 2 2 2 2 2 2 2 2 2 9 2 2 2 2 2 2 10 9 2 2 2 2 10 2 2 2 2 2 10 2 2 2 2 2 2 2 2 2 2 2 2 10 2
left_child=1 4 3 5 -1 6 61 15 -9 16 -10 12 17 14 31 23 -4 33 25 -20 53 56 46 24 34 41 27 -15 29 30 43 40 -30 -11 55 -22 -13 42 -16 -29 54 49 -28 -7 -45 -39 -23 -38 -49 50 -18 -25 -31 -5 -12 -8 -17 -53 -59 -36 -34 -3
right_child=-2 2 9 20 -6 28 7 8 10 11 13 36 -14 26 38 21 18 -19 19 -21 35 22 -24 51 -26 -27 37 39 32 52 -32 -33 60 -35 59 -37 47 45 -40 -41 -42 -43 -44 44 -46 -47 -48 48 -50 -51 -52 57 -54 -55 -56 -57 -58 58 -60 -61 -62 -63
leaf_value=0 0.0029936847408012727 0 0 0 0 0 0 0 0 0 0 0 0 0 0 0 0 0 0 0 0 0 0 0 0 0 0 0 0 0 0 0 0 0 0 0 0 0 0 0 0 0 0 0 0 0 0 0 0 0 0 0 0 0 0 0 0 0 0 0 0 0
leaf_weight=2418 42595 42345 722 54803 675 1546 342 5700 3414 457 581 324 4340 406 2794 7285 270 1141 516 352 344493 12818 1676 3906 1238 375 1408 205 187375 13909 418 418 97254 690 514 13695 13791 1505 592 258 347 1710 685 699 400 456 2743 256 1476 853 609 1997 14451 2471957 256 571 44648 595 256 223 1333 33813
leaf_count=2418 42595 42345 722 54803 675 1546 342 5700 3414 457 581 324 4340 406 2794 7285 270 1141 516 352 344493 12818 1676 3906 1238 375 1408 205 187375 13909 418 418 97254 690 514 13695 13791 1505 592 258 347 1710 685 699 400 456 2743 256 1476 853 609 1997 14451 2471957 256 571 44648 595 256 223 1333 33813
internal_value=-0.0464168 -0.0470177 -0.0470514 -0.047104 -0.0099313 -0.0458652 -0.0444143 -0.0431976 -0.0388509 -0.0406748 -0.0360178 -0.0422843 -0.0377308 -0.03345 -0.0293765 -0.0442524 -0.0338439 -0.0298651 -0.0321745 -0.0229608 -0.0473147 -0.044704 -0.0428965 -0.0410128 -0.0367832 -0.0342697 -0.0375772 -0.0292606 -0.0466621 -0.0448444 -0.037118 -0.0208406 -0.0468586 -0.0233936 -0.0317121 -0.0468672 -0.0442155 -0.0393599 -0.0332553 -0.0205022 -0.0171791 -0.0357191 -0.0424833 -0.039258 -0.0349431 -0.0360263 -0.0435864 -0.044508 -0.0405139 -0.0324596 -0.0282736 -0.0428213 -0.0456946 -0.0473783 -0.0207975 -0.0369852 -0.0453039 -0.0403546 -0.0358079 -0.0251798 -0.046225 -0.0459656
internal_weight=3.4499e+06 3.4073e+06 3.40421e+06 3.37633e+06 3093 491380 173995 97837 19025 27882 13325 22475 6628 9911 4988 78812 5407 2288 4685 868 2.88495e+06 69170 17237 9642 2888 3817 4923 869 317385 31423 3063 1602 285962 1147 1650 358188 15847 4054 3386 463 1184 3442 2093 2645 1099 1961 15561 15523 1732 1732 879 6754 28360 2.52676e+06 837 913 51933 2848 851 737 98587 76158
internal_count=3449898 3407303 3404210 3376328 3093 491380 173995 97837 19025 27882 13325 22475 6628 9911 4988 78812 5407 2288 4685 868 2884948 69170 17237 9642 2888 3817 4923 869 317385 31423 3063 1602 285962 1147 1650 358188 15847 4054 3386 463 1184 3442 2093 2645 1099 1961 15561 15523 1732 1732 879 6754 28360 2526760 837 913 51933 2848 851 737 98587 76158
cat_boundaries=0 4 8 12 16 18 22 24
cat_threshold=151127300 25692186 268435520 4 151127040 8388616 0 4 117454944 2818577216 52011200 1605 2954904839 72990867 272631849 160 0 17301520 0 8388608 0 4 0 8388608
is_linear=0
shrinkage=0.05


Tree=11
num_leaves=63
num_cat=0
split_feature=1 7 4 7 49 28 41 28 41 43 18 38 25 6 33 7 40 6 3 43 33 24 26 36 37 23 6 41 28 43 38 7 41 3 41 6 6 6 44 26 7 41 6 15 40 44 18 7 7 31 46 41 47 28 6 38 6 41 30 48 33 18
split_gain=39855.3 2100.96 1278.33 442.677 273.9 138.054 165.63 159.326 72.395 63.5097 60.7716 51.5111 51.0855 49.2737 36.0247 35.9334 34.6689 34.5919 33.2433 29.7767 38.6917 29.9511 63.4558 27.14 24.1853 24.1577 19.9016 19.6474 28.6699 19.4817 18.7244 25.5411 22.4751 21.7525 20.4536 20.0097 16.2384 16.7303 15.1125 17.9091 15.4074 14.2025 19.2994 14.1174 13.8261 13.4323 13.265 19.2866 12.98 12.405 11.9818 10.7883 10.5205 9.66283 9.66211 16.0823 9.59761 9.53466 9.1764 10.0698 8.85471 8.8349
threshold=1.0000000180025095e-35 1.0000000180025095e-35 -1.0000000180025095e-35 1.0500000119209292 7.1250000000000009 0.051905291154980666 1.0000000180025095e-35 0.021568628028035167 0.91037613153457653 0.82899317145347606 14.275000095367433 6.5000000000000009 0.19500000029802325 1.0000000180025095e-35 1.0000000180025095e-35 0.15000000223517421 2.4650000333786015 1.0000000180025095e-35 1.0000000180025095e-35 0.92922380566596996 1.0000000180025095e-35 0.008380006533116104 -0.010039761662483214 8.5000000000000018 6.7225000858306894 0.31821499764919287 1.0000000180025095e-35 -0.52778512239456166 0.017647059634327892 -0.23537230491638181 7.5000000000000009 0.15000000223517421 -0.93540480732917775 1.0000000180025095e-35 -0.77259656786918629 1.0000000180025095e-35 1.0000000180025095e-35 4.1499998569488534 0.64414587616920482 0.0018036144319921734 0.55000001192092907 -0.77259656786918629 1.0500000119209292 12.050000190734865 1.7624999880790713 0.18281312286853793 9.2750000953674334 0.15000000223517421 0.25000000745058065 0.05172413773834706 -0.66433492302894581 0.47114434838294988 -0.41904272139072413 0.021568628028035167 1.0000000180025095e-35 5.5000000000000009 1.0000000180025095e-35 -0.52778512239456166 0.11117692291736604 0.8099665939807893 1.0000000180025095e-35 1.7749999761581423
decision_type=10 2 8 2 2 2 2 2 2 2 10 2 10 2 2 2 2 2 10 2 2 10 10 2 2 10 2 2 2 2 2 2 2 10 2 2 2 2 2 10 2 2 2 10 2 2 10 2 2 2 2 2 2 2 2 2 2 2 2 2 2 10
left_child=1 14 4 5 -3 6 11 8 12 16 17 27 60 48 -1 -11 29 49 19 26 21 22 50 30 38 -16 46 -4 54 -9 34 -32 33 61 -13 53 -12 43 -7 -40 52 -19 -43 -38 56 -23 47 -14 -10 -5 -21 -31 -41 -36 -29 -56 -25 -51 59 -24 -8 -33
right_child=-2 2 3 10 -6 24 7 9 13 15 36 23 18 -15 25 -17 -18 41 -20 20 -22 45 58 44 -26 -27 -28 28 -30 51 31 32 -34 -35 35 -37 37 -39 39 40 -42 42 -44 -45 -46 -47 -48 -49 -50 57 -52 -53 -54 -55 55 -57 -58 -59 -60 -61 -62 -63
leaf_value=0 0.0028440005037612091 0 0 0 0 0 0 0 0 0 0 0 0 0 0 0 0 0 0 0 0 0 0 0 0 0 0 0 0 0 0 0 0 0 0 0 0 0 0 0 0 0 0 0 0 0 0 0 0 0 0 0 0 0 0 0 0 0 0 0 0 0
leaf_weight=2529017 42595 2418 8407 14092 675 11043 3971 490 5484 469 47409 1870 5616 222 669607 653 494 2434 1137 499 775 880 705 2421 382 25943 656 3548 430 401 4123 527 3033 263 1744 286 1599 5070 1171 222 234 276 3746 1318 3158 219 1439 5127 2467 6984 201 504 867 253 230 391 917 17705 223 229 423 206
leaf_count=2529017 42595 2418 8407 14092 675 11043 3971 490 5484 469 47409 1870 5616 222 669607 653 494 2434 1137 499 775 880 705 2421 382 25943 656 3548 430 401 4123 527 3033 263 1744 286 1599 5070 1171 222 234 276 3746 1318 3158 219 1439 5127 2467 6984 201 504 867 253 230 391 917 17705 223 229 423 206
internal_value=-0.0464168 -0.0470177 -0.0418022 -0.0423509 -0.0099313 -0.0395497 -0.0385833 -0.0361177 -0.0372087 -0.0251486 -0.0445502 -0.0411633 -0.0357217 -0.0412294 -0.0473132 -0.0157264 -0.0307451 -0.0431905 -0.0345242 -0.0339566 -0.0300248 -0.0326319 -0.0287601 -0.0394898 -0.0440694 -0.0469946 -0.0350993 -0.0435826 -0.0409551 -0.034776 -0.0381095 -0.0367174 -0.0338862 -0.0273695 -0.0408422 -0.0376664 -0.0456605 -0.0435749 -0.0444196 -0.0409042 -0.036918 -0.0398017 -0.0379774 -0.0405579 -0.0421044 -0.0391742 -0.0355561 -0.0349523 -0.0418781 -0.0437546 -0.0406429 -0.0304282 -0.0394192 -0.0394379 -0.042223 -0.0364694 -0.0398607 -0.043079 -0.0215709 -0.0193951 -0.0405473 -0.0229434
internal_weight=3.4499e+06 3.4073e+06 182736 179643 3093 79010 65091 33284 30273 3011 100633 31807 22100 8173 3.22457e+06 1122 1889 45237 17706 16569 3731 2956 1857 18801 13919 695550 12838 13006 4599 1395 12305 8152 4029 996 4153 2283 55396 7987 13537 2494 1323 6456 4022 2917 6496 1099 12182 10743 7951 38781 700 905 1089 1997 4169 621 3338 24689 1157 934 4394 733
internal_count=3449898 3407303 182736 179643 3093 79010 65091 33284 30273 3011 100633 31807 22100 8173 3224567 1122 1889 45237 17706 16569 3731 2956 1857 18801 13919 695550 12838 13006 4599 1395 12305 8152 4029 996 4153 2283 55396 7987 13537 2494 1323 6456 4022 2917 6496 1099 12182 10743 7951 38781 700 905 1089 1997 4169 621 3338 24689 1157 934 4394 733
is_linear=0
shrinkage=0.05


Tree=12
num_leaves=63
num_cat=8
split_feature=8 5 8 5 2 5 0 4 42 28 43 0 5 41 49 4 4 43 40 0 28 34 0 28 43 44 4 2 9 4 34 19 41 38 8 41 0 28 41 20 0 43 30 44 5 8 6 28 0 28 43 28 43 44 28 0 35 42 40 44 43 28
split_gain=38570.3 616.057 731.8 620.382 438.728 648.97 366.688 338.408 242.88 209.341 276.708 379.841 158.19 125.388 105.445 101.883 90.0954 83.4893 69.6597 57.1352 56.9173 33.8125 33.6296 121.793 39.0305 31.1408 30.4704 40.4411 33.1614 29.8396 27.0286 26.282 25.8613 28.5181 25.8602 24.4896 25.3971 23.6968 21.2687 20.5768 20.5623 20.5094 19.7937 19.2242 18.8647 20.0501 18.7586 17.5612 16.7617 16.2452 25.7726 16.2058 21.4221 15.7537 21.1762 15.7327 15.6609 13.7653 13.2529 13.2716 12.6647 12.1446
threshold=1.0000000180025095e-35 -1.0500000119209287 0.070833336561918273 -1.0000000180025095e-35 1.0000000180025095e-35 1.0000000180025095e-35 0 -1.0000000180025095e-35 -0.41248606145381922 0.044210137799382217 0.62587949633598339 1 1.0000000180025095e-35 -0.2901292592287063 6.6250000000000009 -1.0000000180025095e-35 -1.0000000180025095e-35 0.9159645438194276 3.3724999427795415 2 0.0058823532890528449 1.0500000119209292 3 0.013725490774959328 0.89017060399055492 -0.79382744431495655 -1.0000000180025095e-35 1.0000000180025095e-35 0.044443087652325637 -4.4500000476837149 1.0000000180025095e-35 4.5000000000000009 0.35206145048141485 7.5000000000000009 6.558333396911622 -0.9103761315345763 4 0.029411765746772293 0.63405361771583568 2.2749999761581425 5 -0.048361575230956071 0.049636242911219604 0.51849433779716503 -4.5499999523162833 1.3958333134651186 1.0000000180025095e-35 0.058037718757987029 6 0.021568628028035167 0.07411635667085649 0.013725490774959328 -0.81429189443588246 0.26659387350082403 0.0098039219155907648 7 1.2500000000000002 -0.68322628736495961 1.7624999880790713 -0.11692317575216292 0.29342973232269293 0.013725490774959328
decision_type=2 10 2 10 10 10 9 10 2 2 2 9 10 2 2 10 10 2 2 9 2 2 9 2 2 2 10 10 2 8 2 2 2 2 2 2 9 2 2 10 9 2 2 2 8 2 2 2 9 2 2 2 2 2 2 9 2 2 2 2 2 2
left_child=6 7 3 15 5 14 8 29 9 10 18 13 26 -12 16 -3 -4 43 31 38 -20 46 23 24 25 60 -5 28 40 -2 -24 41 -13 42 44 -17 -37 51 -19 -23 -28 53 -34 56 -9 -46 -8 -11 -18 50 -25 52 -33 54 -1 -43 -15 -42 -35 -60 -10 -22
right_child=1 2 4 12 -6 -7 21 34 22 47 11 32 -14 17 -16 35 48 19 20 -21 61 39 30 49 -26 -27 27 -29 -30 -31 -32 37 33 58 -36 36 -38 -39 -40 -41 57 55 -44 -45 45 -47 -48 -49 -50 -51 -52 -53 -54 -55 -56 -57 -58 -59 59 -61 -62 -63
leaf_value=0 -0.0015731995851293154 0 0 0 0.0027018004785731489 -0.0018106995886683415 0 0 0 0 0 0 0.0027018004785731489 0 0 0 0 0 0 0 0 0 0 0 0 0 0 -0.0022981995959326577 0 0 0 0 0 0 0 0 0 0 0 0 0 0 0 0 0 0 0 0 0 0 0 0 0 0 0 0 0 0 0 0 0 0
leaf_weight=9547 313 212 382 462 34880 4721 2526760 875 487 68573 2673 8863 2791 1741 1330 1173 319 721 424 2235 1493 347871 225321 2984 412 5513 619 329 670 1231 68315 566 779 2010 206 780 584 246 583 12447 337 2303 942 1606 945 252 5502 6336 746 19453 2580 1841 1611 20100 23310 15323 699 210 239 366 292 2464
leaf_count=9547 313 212 382 462 34880 4721 2526760 875 487 68573 2673 8863 2791 1741 1330 1173 319 721 424 2235 1493 347871 225321 2984 412 5513 619 329 670 1231 68315 566 779 2010 206 780 584 246 583 12447 337 2303 942 1606 945 252 5502 6336 746 19453 2580 1841 1611 20100 23310 15323 699 210 239 366 292 2464
internal_value=-0.0464168 -0.00463576 -0.00317217 -0.0168768 -0.000531054 -0.0115037 -0.0470858 -0.0239914 -0.0458097 -0.0443234 -0.0428572 -0.038087 -0.00706072 -0.0307319 -0.0306833 -0.0362232 -0.0213424 -0.0274802 -0.0442694 -0.0218713 -0.0381414 -0.0473073 -0.0466223 -0.0447149 -0.038744 -0.0397203 -0.015867 -0.0183545 -0.0212473 -0.00591969 -0.0468253 -0.0446281 -0.0437469 -0.0406158 -0.0362401 -0.0390057 -0.0344501 -0.0408161 -0.0131963 -0.0468543 -0.0161535 -0.0448584 -0.0356174 -0.0323863 -0.0379199 -0.0338409 -0.047372 -0.0463333 -0.0288146 -0.0463328 -0.0439504 -0.0417384 -0.0388183 -0.0453501 -0.0446756 -0.0433811 -0.0295902 -0.0232181 -0.0439054 -0.0374174 -0.0303626 -0.0400069
internal_weight=3.4499e+06 54367 50545 8167 42378 7498 3.39553e+06 3822 502951 177594 102685 23457 5418 10258 2777 2749 1447 7585 79228 3539 4381 2.89258e+06 325357 31721 6704 6292 2627 2165 1836 1544 293636 74847 13199 4336 2278 2537 1364 4264 1304 360318 1166 70583 1721 4046 2072 1197 2.53226e+06 74909 1065 25017 5564 4018 2177 52957 32857 17626 2440 547 2615 605 779 3957
internal_count=3449898 54367 50545 8167 42378 7498 3395531 3822 502951 177594 102685 23457 5418 10258 2777 2749 1447 7585 79228 3539 4381 2892580 325357 31721 6704 6292 2627 2165 1836 1544 293636 74847 13199 4336 2278 2537 1364 4264 1304 360318 1166 70583 1721 4046 2072 1197 2532262 74909 1065 25017 5564 4018 2177 52957 32857 17626 2440 547 2615 605 779 3957
cat_boundaries=0 4 7 9 13 17 21 25 28
cat_threshold=151127300 25692186 268435520 4 256 17303570 268435520 0 17301520 0 8388608 0 4 0 25430042 0 4 16780320 8388624 268435456 4 102766592 59310107 8256 5 0 16 64
is_linear=0
shrinkage=0.05


Tree=13
num_leaves=63
num_cat=9
split_feature=1 7 42 0 0 18 4 4 41 7 9 43 7 7 7 5 41 7 41 34 41 0 18 0 4 42 18 7 41 41 9 41 23 0 0 0 41 9 19 16 0 44 28 26 39 43 7 7 9 18 41 43 43 38 7 41 41 7 7 41 0 20
split_gain=39868.9 1984.75 832.364 1181.69 541.276 457.642 347.353 174.573 171.547 140.223 156.342 104.511 101.198 55.9557 55.1481 53.4126 52.5038 51.0684 48.1107 45.5745 43.8359 43.4334 43.1813 42.1193 41.7283 36.7692 34.8166 33.1798 29.4532 27.0857 25.4741 25.3761 24.7987 24.0637 23.2583 22.0766 21.3675 20.7707 19.3207 18.5835 18.282 17.2819 17.2716 15.9597 15.876 16.5431 15.7073 29.4248 15.62 14.9154 15.6226 14.8261 14.6112 14.3614 17.2927 35.3586 14.1306 13.0287 12.7309 12.5743 12.538 12.0192
threshold=1.0000000180025095e-35 1.0000000180025095e-35 -0.35206145048141474 0 1 0.85416665673255932 -1.0000000180025095e-35 -1.0000000180025095e-35 -0.52778512239456166 1.7500000000000002 0.0082167778164150568 0.65233618021011364 0.84999999403953563 0.15000000223517421 0.15000000223517421 -0.55000001192092884 0.63405361771583568 0.94999998807907116 0.81241145730018627 1.0500000119209292 0.77259656786918651 2 11.775000095367433 3 -1.0000000180025095e-35 -0.032701563090086067 14.275000095367433 0.45000000298023229 -1.0000000180025095e-35 -0.58216583728790272 0.0082167778164150568 -0.77259656786918629 0.31821499764919287 4 5 6 0.09796465560793878 0.0082167778164150568 2.5000000000000004 4.7500000000000009 7 -0.88620507717132557 0.036731028929352767 0.0071943989023566255 0.65450000762939464 -0.41398024559020991 1.0500000119209292 0.15000000223517421 0.0082167778164150568 9.4499998092651385 0.93540480732917797 0.89787620306015026 0.49812944233417517 6.5000000000000009 0.35000000894069677 -0.097964655607938753 0.52778512239456188 0.25000000745058065 0.25000000745058065 -0.68322628736495961 8 0.77500000596046459
decision_type=10 2 2 9 9 10 8 10 2 2 2 2 2 2 2 10 2 2 2 2 2 9 10 9 10 2 10 2 2 2 2 2 10 9 9 9 2 2 2 10 9 2 2 10 2 2 2 2 2 8 2 2 2 2 2 2 2 2 2 2 9 8
left_child=1 19 3 5 9 8 15 -5 24 10 13 18 29 28 16 -6 -13 20 21 -1 51 41 53 -19 -3 49 44 -15 38 -7 61 -17 40 39 -26 -22 -25 -11 52 59 -21 -10 -28 -30 45 -14 47 -23 -31 50 -8 57 -4 54 55 -9 -43 -16 -12 -32 -18 -27
right_child=-2 2 4 7 6 12 25 22 11 37 58 14 26 27 17 31 60 23 -20 32 35 46 -24 36 34 30 42 -29 43 48 33 -33 -34 -35 -36 -37 -38 -39 -40 -41 -42 56 -44 -45 -46 -47 -48 -49 -50 -51 -52 -53 -54 -55 -56 -57 -58 -59 -60 -61 -62 -63
leaf_value=0 0.0025667104546444912 -0.00013509002392865746 0 -0.00012501050859487249 0 0 0 0 0 0 0 0 0 0 0 -0.00012392158588568243 0 0 0 0 0 0 0 0 0 0 0 0 0 0 0 0 0 0 0 0 0 0 0 0 0 0 0 0 0 0 0 0 0 0 0 0 0 0 0 0 0 0 0 0 0 0
leaf_weight=2832275 42595 252 780 674 375 851 4050 698 370 1755 498 1588 799 1168 539 693 220 582 1263 32359 269 1719 18612 256 918 76334 2413 331 633 2785 242 363 17722 12817 1750 977 435 453 1430 359 342211 1001 2616 567 985 946 687 1065 375 7041 5928 1440 285 12749 2286 871 541 440 200 270 698 1494
leaf_count=2832275 42595 252 780 674 375 851 4050 698 370 1755 498 1588 799 1168 539 693 220 582 1263 32359 269 1719 18612 256 918 76334 2413 331 633 2785 242 363 17722 12817 1750 977 435 453 1430 359 342211 1001 2616 567 985 946 687 1065 375 7041 5928 1440 285 12749 2286 871 541 440 200 270 698 1494
internal_value=-0.046425 -0.047026 -0.0419568 -0.0373972 -0.0444542 -0.0298038 -0.0453793 -0.0434659 -0.0245694 -0.0318002 -0.0278123 -0.0222835 -0.0373938 -0.030798 -0.0182147 -0.0209102 -0.0242558 -0.0151488 -0.026841 -0.0473132 -0.0121521 -0.0247803 -0.0439604 -0.0237765 -0.0355993 -0.0457061 -0.0407272 -0.0226501 -0.0341035 -0.0309455 -0.046103 -0.0266667 -0.0468082 -0.0441138 -0.0374363 -0.0197713 -0.0321291 -0.0425861 -0.0371994 -0.033794 -0.0468946 -0.0183247 -0.043195 -0.0276667 -0.0361813 -0.0333166 -0.0282024 -0.0266128 -0.0288133 -0.043572 -0.0423286 -0.00822757 -0.0321009 -0.0421067 -0.0394326 -0.0353904 -0.020749 -0.012975 -0.00559456 -0.0280664 -0.0337745 -0.0464528
internal_weight=3.4499e+06 3.4073e+06 182736 64670 118066 28780 109966 35890 17010 8100 5892 14090 11770 5194 7444 1431 2506 4938 6646 3.22457e+06 3665 5383 35216 1273 2920 108535 7759 1499 3695 4011 91516 1056 392292 13688 2668 1246 691 2208 2495 871 374570 1912 5029 1200 2730 1745 3471 2784 3160 17019 9978 2419 1065 16604 3855 1569 1542 979 698 512 918 77828
internal_count=3449898 3407303 182736 64670 118066 28780 109966 35890 17010 8100 5892 14090 11770 5194 7444 1431 2506 4938 6646 3224567 3665 5383 35216 1273 2920 108535 7759 1499 3695 4011 91516 1056 392292 13688 2668 1246 691 2208 2495 871 374570 1912 5029 1200 2730 1745 3471 2784 3160 17019 9978 2419 1065 16604 3855 1569 1542 979 698 512 918 77828
cat_boundaries=0 4 8 11 15 19 22 24 27 29
cat_threshold=2362628 287901850 269486432 1 83886080 276824064 0 4 2097152 2066 268435456 2097152 128 268435712 1 33593376 67110144 1605648 1744 2097412 65536 269484032 0 524290 671155457 25165826 268435520 1024 24
is_linear=0
shrinkage=0.05


Tree=14
num_leaves=63
num_cat=9
split_feature=1 7 4 42 0 0 18 42 7 7 8 43 0 8 7 0 7 8 0 18 34 7 7 4 42 0 6 7 31 23 42 8 43 7 7 43 5 21 0 42 18 7 36 28 7 7 18 0 43 34 26 26 44 8 42 36 42 0 8 4 49 42
split_gain=39861.8 2045.01 1128.14 788.557 1157.93 477.996 441.381 158.441 124.353 98.8891 97.4883 94.8587 92.9772 70.3096 66.6911 59.4027 57.0064 52.3414 48.2473 46.0243 45.5745 42.0783 73.1037 40.9452 37.0303 35.299 33.2551 30.4448 27.2374 24.7987 24.2017 24.052 21.4087 21.3739 27.0024 19.2852 18.6068 19.5475 18.282 18.1668 16.1896 15.5376 14.0337 15.969 12.8863 19.2957 12.6481 12.4639 12.3835 12.3766 12.3653 12.2734 12.1653 12.0111 11.3473 10.9677 10.9301 10.7696 13.7641 12.7811 12.3744 10.9145
threshold=1.0000000180025095e-35 1.0000000180025095e-35 -1.0000000180025095e-35 -0.35206145048141474 0 1 0.85416665673255932 -0.63405361771583546 1.6500000357627871 0.84999999403953563 1.0000000180025095e-35 0.65233618021011364 2 1.0000000180025095e-35 0.15000000223517421 3 0.15000000223517421 0.070833336561918273 4 11.775000095367433 1.0500000119209292 1.1500000357627871 0.15000000223517421 -0.15000000223517415 -0.032701563090086067 5 1.0000000180025095e-35 0.45000000298023229 0.05172413773834706 0.31821499764919287 -0.72947329282760609 1.0000000180025095e-35 0.48314048349857336 1.0500000119209292 0.15000000223517421 0.89787620306015026 -1.0000000180025095e-35 0.22500000149011615 6 -0.84874749183654774 4.8541667461395273 0.25000000745058065 4.5000000000000009 0.0098039219155907648 0.15000000223517421 0.94999998807907116 24.550000190734867 7 0.54219430685043346 1.0000000180025095e-35 0.0080638783983886259 -0.010435645468533037 -0.88620507717132557 1.0000000180025095e-35 -0.84874749183654774 7.5000000000000009 0.84874749183654796 8 0.070833336561918273 -0.15000000223517415 7.3416666984558114 0.16280825436115268
decision_type=10 2 8 2 9 9 10 2 2 2 2 2 9 2 2 9 2 2 9 10 2 2 2 10 2 9 2 2 2 10 2 2 2 2 2 2 10 10 9 2 8 2 2 2 2 2 10 9 2 2 10 10 2 2 2 2 2 9 2 10 2 2
left_child=1 20 12 4 6 8 7 11 10 30 16 15 17 24 -9 52 50 -3 -15 31 -1 22 39 -19 40 -16 32 -18 -11 38 46 -6 -27 34 -17 41 -20 48 -22 47 44 -24 43 -30 -7 -46 -8 -13 -38 -26 55 -34 -4 -21 -54 -5 -52 -14 -59 60 -60 -62
right_child=-2 2 3 5 19 13 9 14 -10 28 -12 21 57 18 25 33 27 23 36 53 29 -23 35 -25 49 26 -28 -29 42 -31 -32 -33 51 -35 -36 -37 37 -39 -40 -41 -42 -43 -44 -45 45 -47 -48 -49 -50 -51 56 -53 54 -55 -56 -57 -58 58 59 -61 61 -63
leaf_value=0 0.0024383749319122666 0 0 0 0 0 0 0 0 0 -1.6996708699416058e-05 0 0 0 0 0 0 0 -0.00010081156955859161 0 0 0 0 -0.00032040473597628777 0 0 0 0 0 0 0 0 0 0 0 0 0 0 0 0 0 0 0 0 0 0 0 0 0 0 0 0 0 0 0 0 0 6.250525429743625e-06 2.3749921079723853e-06 -0.00012210501567985879 0 0
leaf_weight=2832275 42595 211 358 841 15409 2585 2018 2008 2022 3760 318 232 736 338 795 1902 1226 274 2676 18190 32359 1073 580 667 62427 569 311 354 558 17722 1579 1334 258 770 1089 1458 465 668 342211 827 7826 460 2122 897 2510 3068 301 1077 215 25949 1141 1110 974 653 579 1212 551 293 274 228 208 202
leaf_count=2832275 42595 211 358 841 15409 2585 2018 2008 2022 3760 318 232 736 338 795 1902 1226 274 2676 18190 32359 1073 580 667 62427 569 311 354 558 17722 1579 1334 258 770 1089 1458 465 668 342211 827 7826 460 2122 897 2510 3068 301 1077 215 25949 1141 1110 974 653 579 1212 551 293 274 228 208 202
internal_value=-0.0464207 -0.0470216 -0.041876 -0.0423915 -0.0378978 -0.0448336 -0.0301766 -0.024965 -0.0325651 -0.0378249 -0.0287954 -0.0216937 -0.0119358 -0.0456913 -0.0323347 -0.0262729 -0.0304014 -0.0231239 -0.0394762 -0.0438795 -0.0473132 -0.0171425 -0.0150766 -0.0283714 -0.0459554 -0.0276676 -0.0240168 -0.0224367 -0.041244 -0.0468082 -0.0313892 -0.0419843 -0.0216869 -0.0299914 -0.0281586 -0.00926942 -0.0410238 -0.0363353 -0.0468946 -0.021868 -0.0437412 -0.0144712 -0.0381206 -0.0343385 -0.0421833 -0.0408309 -0.0281382 -0.0182028 -0.0303676 -0.046356 -0.0337617 -0.0182968 -0.0186999 -0.0455868 -0.0207131 -0.0363699 -0.0305969 -0.00514992 -0.00805556 -0.0111513 -0.00773392 -0.0132317
internal_weight=3.4499e+06 3.4073e+06 182736 179643 63251 116392 27665 16430 7665 11235 5643 11379 3093 108727 5051 5672 5325 1152 4362 35586 3.22457e+06 5707 4634 941 104365 3043 2248 1580 7337 392292 3898 16743 1937 3761 2991 2498 4024 1348 374570 2136 15989 1040 3577 1455 8163 5578 2319 1309 680 88376 3745 1368 1911 18843 1553 2053 1692 1941 1205 912 684 410
internal_count=3449898 3407303 182736 179643 63251 116392 27665 16430 7665 11235 5643 11379 3093 108727 5051 5672 5325 1152 4362 35586 3224567 5707 4634 941 104365 3043 2248 1580 7337 392292 3898 16743 1937 3761 2991 2498 4024 1348 374570 2136 15989 1040 3577 1455 8163 5578 2319 1309 680 88376 3745 1368 1911 18843 1553 2053 1692 1941 1205 912 684 410
cat_boundaries=0 4 8 11 14 17 21 24 26 30
cat_threshold=265476 287901850 269486432 1 16777216 276824064 0 4 1284 25954330 2048 0 2066 268435456 67115040 0 528384 2048 589824 268435456 1 671155457 25165826 268435520 260 8 1203243153 1111556256 2147483936 1
is_linear=0
shrinkage=0.05


Tree=15
num_leaves=63
num_cat=12
split_feature=8 1 7 42 0 18 0 42 4 2 42 7 0 4 4 43 7 7 7 0 9 7 0 0 0 0 35 19 43 42 26 0 9 7 20 0 43 7 18 21 0 7 42 7 42 40 31 43 7 7 7 13 7 42 37 19 6 35 35 10 0 7
split_gain=41998.4 1534.99 1337.17 758.005 1117.79 394.525 350.262 188.435 201.167 162.929 133.203 104.023 96.3708 91.6377 90.7715 86.0811 84.5656 80.1863 79.1299 68.8941 61.4984 56.4693 60.3836 47.485 47.3317 43.0799 42.5023 39.6586 43.7528 39.1621 36.8264 33.7667 26.7863 26.2309 25.7488 24.3362 23.7835 23.7543 22.052 20.7723 20.7444 20.3784 21.9745 20.2817 20.0487 22.8676 20.0074 19.5019 18.5931 18.2128 29.0327 18.0225 14.9556 14.3169 13.495 13.3314 13.2641 12.9468 12.3916 12.3584 11.6845 11.5162
threshold=1.0000000180025095e-35 1.0000000180025095e-35 1.0000000180025095e-35 -0.35206145048141474 0 0.77500000596046459 1 -0.35206145048141474 -1.0000000180025095e-35 1.0000000180025095e-35 -0.68322628736495961 0.65000000596046459 2 -1.0000000180025095e-35 -1.0000000180025095e-35 0.66527691483497631 0.15000000223517421 0.15000000223517421 2.5499999523162846 3 0.03214703872799874 0.65000000596046459 4 5 6 7 2.1499999761581425 3.5000000000000004 0.30983042716979986 -0.032701563090086067 -0.020019684918224808 8 0.019669849425554279 0.15000000223517421 2.1833333969116215 9 0.3744682669639588 2.1499999761581425 10.183333396911623 0.22500000149011615 10 0.15000000223517421 -0.9103761315345763 1.1500000357627871 -0.68322628736495961 3.3724999427795415 0.05172413773834706 0.91248813271522533 0.94999998807907116 1.1500000357627871 0.25000000745058065 3.7083333730697636 0.25000000745058065 -0.81241145730018605 2.8605000972747807 2.5000000000000004 1.0000000180025095e-35 1.0000000180025095e-35 1.3499999642372134 1.5416666865348818 11 0.45000000298023229
decision_type=2 10 2 2 9 10 9 2 10 10 2 2 9 8 10 2 2 2 2 9 2 2 9 9 9 9 2 2 2 2 10 9 2 2 10 9 2 2 10 10 9 2 2 2 2 2 2 2 2 2 2 10 2 2 2 2 2 2 2 2 9 2
left_child=2 7 26 4 5 10 11 8 24 12 15 17 -9 51 19 23 -12 57 44 -11 53 22 32 33 -2 -16 -1 28 -18 49 -30 -17 36 55 40 -22 -6 60 -23 -15 -28 42 -33 52 45 47 -20 61 56 50 -8 -14 -43 -10 -19 -4 -25 -5 -31 -37 -35 -7
right_child=1 -3 3 6 21 18 29 9 20 14 16 -13 13 39 25 31 27 54 46 -21 35 38 -24 48 -26 -27 34 -29 30 58 -32 41 -34 37 -36 59 -38 -39 -40 -41 -42 43 -44 -45 -46 -47 -48 -49 -50 -51 -52 -53 -54 -55 -56 -57 -58 -59 -60 -61 -62 -63
leaf_value=0 -0.00011281926170009942 0.0023164561853166532 0 0 0 0 0 0 0 -0.00030438449917747344 0 0 2.256242502573766e-06 0 0 0 0 0 0 -9.8635247558606691e-05 0 0 0 0 -0.00010608477888104439 -9.5770991080662037e-05 0 0 0 0 0 0 0 0 0 0 0 0 0 0 0 0 0 0 0 0 0 0 0 0 0 0 0 0 0 0 0 0 0 0 0 0
leaf_weight=2758108 551 42566 849 2850 919 1422 4328 624 394 462 1920 2182 211 729 205 1459 792 832 2830 566 524 8961 5136 1320 860 2760 43059 486 280 72143 1820 547 315 277 13474 464 909 306 18974 686 410444 756 464 403 1672 322 1958 284 554 9739 1953 270 918 263 471 348 203 881 16168 2217 885 986
leaf_count=2758108 551 42566 849 2850 919 1422 4328 624 394 462 1920 2182 211 729 205 1459 792 832 2830 566 524 8961 5136 1320 860 2760 43059 486 280 72143 1820 547 315 277 13474 464 909 306 18974 686 410444 756 464 403 1672 322 1958 284 554 9739 1953 270 918 263 471 348 203 881 16168 2217 885 986
internal_value=-0.0463857 -0.00278131 -0.0470836 -0.0427726 -0.0382035 -0.0298429 -0.0452005 -0.0187498 -0.0257761 -0.0130612 -0.0246954 -0.0343011 -0.0230159 -0.0285729 -0.00677874 -0.021087 -0.0310221 -0.0303963 -0.0377998 -0.0195817 -0.0316792 -0.0438952 -0.0399852 -0.0258003 -0.00961906 -0.0023398 -0.047312 -0.0262596 -0.0240387 -0.0459467 -0.0202619 -0.0161717 -0.0321377 -0.0210421 -0.0468708 -0.0345359 -0.0299672 -0.0166417 -0.0449297 -0.0351325 -0.0469348 -0.0130504 -0.0189144 -0.0102588 -0.0331808 -0.0307449 -0.0423204 -0.0322511 -0.0316519 -0.0436767 -0.0415774 -0.00987006 -0.00783453 -0.0177435 -0.019718 -0.0266145 -0.0289511 -0.0341256 -0.0463637 -0.0366026 -0.0133778 -0.0337126
internal_weight=3.45026e+06 54352 3.39591e+06 170822 59275 24061 111547 11786 5273 6513 14587 7216 2520 1896 3993 9289 5298 5034 9474 1028 3862 35214 7279 4742 1411 2965 3.22508e+06 3378 2892 104331 2100 4547 2143 2665 466977 3205 1828 1468 27935 1415 453503 3088 1011 2077 4686 3014 4788 2692 2077 16020 6281 481 1674 657 1303 1197 1523 3731 88311 2681 1162 2408
internal_count=3450259 54352 3395907 170822 59275 24061 111547 11786 5273 6513 14587 7216 2520 1896 3993 9289 5298 5034 9474 1028 3862 35214 7279 4742 1411 2965 3225085 3378 2892 104331 2100 4547 2143 2665 466977 3205 1828 1468 27935 1415 453503 3088 1011 2077 4686 3014 4788 2692 2077 16020 6281 481 1674 657 1303 1197 1523 3731 88311 2681 1162 2408
cat_boundaries=0 4 8 12 15 19 22 26 30 34 38 41 43
cat_threshold=264452 287901850 268437856 1 17039360 276824064 0 4 83888128 8388608 2148007936 4 260 17303570 268435456 197632 262144 536870912 2 0 17303570 268435456 1028 25954328 0 4 6176 8388608 0 4 260 2162696 96 1 639633408 4259841 3222282336 33 671155457 25690114 268435520 0 2064
is_linear=0
shrinkage=0.05


Tree=16
num_leaves=63
num_cat=13
split_feature=8 1 7 42 0 18 0 42 4 2 42 7 0 4 43 7 7 7 4 0 9 7 0 0 34 0 0 19 43 42 26 0 28 9 7 20 0 43 7 18 21 0 7 42 28 42 0 43 7 7 7 49 35 42 19 6 35 35 10 0 7 7
split_gain=42272.7 1436.35 1337.17 758.005 1117.79 394.525 350.262 188.557 248.95 185.525 133.203 104.023 96.3708 91.6377 86.0811 84.5656 80.1863 79.1299 64.929 96.4796 61.4984 56.4693 60.3836 47.485 46.2757 44.7159 41.6006 39.6586 43.7528 39.1621 36.8264 33.7667 29.5422 26.7863 26.2309 24.711 24.3362 23.7835 23.7543 22.052 20.7723 20.4937 20.3784 21.9745 20.9839 20.0487 21.7518 22.1989 18.5931 18.2128 29.0327 18.21 17.1239 14.3169 13.3314 13.2641 12.9468 12.3916 12.3584 11.6845 11.2315 13.5105
threshold=1.0000000180025095e-35 1.0000000180025095e-35 1.0000000180025095e-35 -0.35206145048141474 0 0.77500000596046459 1 -0.35206145048141474 -1.0000000180025095e-35 1.0000000180025095e-35 -0.68322628736495961 0.65000000596046459 2 -1.0000000180025095e-35 0.66527691483497631 0.15000000223517421 0.15000000223517421 2.5499999523162846 -1.0000000180025095e-35 3 0.03214703872799874 0.65000000596046459 4 5 1.0500000119209292 6 7 3.5000000000000004 0.30983042716979986 -0.032701563090086067 -0.020019684918224808 8 0.013725490774959328 0.019669849425554279 0.15000000223517421 3.5499999523162846 9 0.3744682669639588 2.1499999761581425 10.183333396911623 0.22500000149011615 10 0.15000000223517421 -0.9103761315345763 0.049337463453412063 -0.68322628736495961 11 0.86975130438804638 0.94999998807907116 1.1500000357627871 0.25000000745058065 7.3416666984558114 1.0500000119209292 -0.81241145730018605 2.5000000000000004 1.0000000180025095e-35 1.0000000180025095e-35 1.3499999642372134 1.5416666865348818 12 0.25000000745058065 0.75000000000000011
decision_type=2 10 2 2 9 10 9 2 10 10 2 2 9 8 2 2 2 2 10 9 2 2 9 9 2 9 9 2 2 2 10 9 2 2 2 10 9 2 2 10 10 9 2 2 2 2 9 2 2 2 2 2 2 2 2 2 2 2 2 9 2 2
left_child=2 7 24 4 5 10 11 8 26 12 14 16 -9 51 23 -12 56 45 19 -11 53 22 33 34 -1 -20 -2 28 -17 49 -30 -16 -19 37 54 41 -22 -6 59 -23 -15 -26 43 -33 52 46 -7 -48 55 50 -8 -14 -44 -10 -4 -25 -5 -31 -38 -36 -32 -62
right_child=1 -3 3 6 21 17 29 9 20 18 15 -13 13 40 31 27 -18 32 25 -21 36 39 -24 48 35 -27 -28 -29 30 57 60 42 -34 -35 38 -37 58 -39 -40 -41 -42 -43 44 -45 -46 -47 47 -49 -50 -51 -52 -53 -54 -55 -56 -57 -58 -59 -60 -61 61 -63
leaf_value=0 -0.00010717829861509447 0.0022006333760508207 0 0 0 0 0 0 0 -0.00028916527421859973 0 0 2.1434303774450778e-06 0 0 0 0 0 0 -9.370348518067635e-05 0 0 0 0 0 -9.0982441526628929e-05 -0.00010335190460514285 0 0 0 0 0 0 0 0 0 0 0 0 0 0 0 0 0 0 0 0 0 0 0 0 0 0 0 0 0 0 0 0 0 0 0
leaf_weight=2831982 355 42566 849 2850 919 1463 4328 624 394 462 1920 2182 203 729 1459 792 1303 905 205 566 524 8961 5136 1320 33344 2760 1056 486 280 72143 588 547 3883 315 277 10695 464 909 306 18974 686 349064 1491 464 219 1672 1332 219 554 9739 1953 278 367 263 348 203 881 16168 2217 885 850 382
leaf_count=2831982 355 42566 849 2850 919 1463 4328 624 394 462 1920 2182 203 729 1459 792 1303 905 205 566 524 8961 5136 1320 33344 2760 1056 486 280 72143 588 547 3883 315 277 10695 464 909 306 18974 686 349064 1491 464 219 1672 1332 219 554 9739 1953 278 367 263 348 203 881 16168 2217 885 850 382
internal_value=-0.0463835 -0.00263689 -0.0470836 -0.0427726 -0.0382035 -0.0298429 -0.0452005 -0.0180837 -0.0251124 -0.0123933 -0.0246954 -0.0343011 -0.0230159 -0.0285729 -0.021087 -0.0310221 -0.0303963 -0.0377998 -0.00568933 -0.0165175 -0.0316792 -0.0438952 -0.0399852 -0.0258003 -0.047312 -0.00193508 -0.00713855 -0.0262596 -0.0240387 -0.0459467 -0.0202619 -0.0161717 -0.0423204 -0.0321377 -0.0210421 -0.0468036 -0.0345359 -0.0299672 -0.0166417 -0.0449297 -0.0351325 -0.0468699 -0.0130504 -0.0189144 -0.0102588 -0.0331808 -0.0307449 -0.0353123 -0.0316519 -0.0436767 -0.0415774 -0.00987006 -0.00853337 -0.0177435 -0.0266145 -0.0289511 -0.0341256 -0.0463637 -0.0366026 -0.0133778 -0.0176648 -0.0149513
internal_weight=3.45026e+06 54352 3.39591e+06 170822 59275 24061 111547 11786 5273 6513 14587 7216 2520 1896 9289 5298 5034 9474 3993 1028 3862 35214 7279 4742 3.22508e+06 2965 1411 3378 2892 104331 2100 4547 4788 2143 2665 393103 3205 1828 1468 27935 1415 382408 3088 1011 2077 4686 3014 1551 2077 16020 6281 481 1858 657 1197 1523 3731 88311 2681 1162 1820 1232
internal_count=3450259 54352 3395907 170822 59275 24061 111547 11786 5273 6513 14587 7216 2520 1896 9289 5298 5034 9474 3993 1028 3862 35214 7279 4742 3225085 2965 1411 3378 2892 104331 2100 4547 4788 2143 2665 393103 3205 1828 1468 27935 1415 382408 3088 1011 2077 4686 3014 1551 2077 16020 6281 481 1858 657 1197 1523 3731 88311 2681 1162 1820 1232
cat_boundaries=0 4 8 12 15 19 22 26 30 34 38 41 44 46
cat_threshold=264452 287901850 268437856 1 17039360 276824064 0 4 83888128 8388608 2148007936 4 260 17303570 268435456 197632 262144 536870912 2 0 17303570 268435456 6176 8388608 0 4 4 8652808 0 4 260 2162696 96 1 639633408 4259841 3222282336 33 671155457 25165826 268435520 4 526466 268437760 0 2064
is_linear=0
shrinkage=0.05


Tree=17
num_leaves=63
num_cat=0
split_feature=1 7 2 4 7 34 4 28 41 28 41 41 43 41 4 27 18 34 41 43 38 7 4 33 36 20 7 24 43 44 7 13 41 7 7 41 6 41 29 3 18 7 10 28 31 44 28 28 29 17 38 29 46 41 41 41 38 28 39 37 41 7
split_gain=39757.9 2600.11 1607.65 806.335 438.714 149.729 109.404 81.9111 96.5617 131.857 78.6605 83.9331 78.6905 69.2867 103.376 64.7013 56.9644 46.2757 44.4156 43.5999 43.0855 41.2411 32.4482 30.4703 30.0543 24.711 23.4479 22.9713 35.1706 28.4946 21.97 20.9993 21.2442 20.8365 20.689 23.8277 20.0026 18.8286 18.3917 16.2134 18.6215 26.6297 15.7042 15.3759 14.4656 13.9926 12.7998 12.4264 12.2701 11.9208 12.6892 11.5184 11.4188 11.4037 10.9933 10.7979 11.7928 12.8322 11.2801 13.6109 10.2086 10.1914
threshold=1.0000000180025095e-35 1.0000000180025095e-35 1.0000000180025095e-35 -1.0000000180025095e-35 1.0500000119209292 1.0000000180025095e-35 -0.15000000223517415 0.055752867832779891 1.0000000180025095e-35 0.021568628028035167 1.0000000180025095e-35 0.91037613153457653 0.83849048614501964 -0.93540480732917775 -1.0000000180025095e-35 0.046430176123976714 11.449999809265138 1.0500000119209292 0.93540480732917797 0.82899317145347606 7.5000000000000009 0.35000000894069677 -1.0000000180025095e-35 0.25000000745058065 8.5000000000000018 3.5499999523162846 0.15000000223517421 0.0037177074700593953 0.55656746029853832 -0.031174269504845139 0.15000000223517421 3.7083333730697636 -0.68322628736495961 0.15000000223517421 0.15000000223517421 -0.9103761315345763 1.0000000180025095e-35 -0.52778512239456166 2.0751926898956303 1.0000000180025095e-35 0.14583333581686023 0.15000000223517421 14.708333492279055 0.017647059634327892 0.05172413773834706 0.69521084427833568 0.0098039219155907648 0.040600210428237922 10.628359794616701 56.633333206176765 7.5000000000000009 0.72611263394355785 0.65065219998359691 0.72947329282760631 0.52778512239456188 -0.47114434838294977 13.500000000000002 0.0098039219155907648 0.2559999972581864 2.3514999151229863 0.72947329282760631 0.25000000745058065
decision_type=10 2 10 8 2 2 10 2 2 2 2 2 2 2 10 2 10 2 2 2 2 2 10 2 2 10 2 10 2 2 2 10 2 2 2 2 2 2 2 10 10 2 2 2 2 2 2 2 2 8 2 2 2 2 2 2 2 2 2 2 2 2
left_child=1 17 3 31 5 7 -4 8 20 15 55 12 23 14 -8 -10 36 -1 27 38 37 22 -15 39 34 -19 -14 28 -17 -29 -21 -3 -33 -30 -22 -36 42 -5 -11 40 41 54 -6 -39 -44 -43 -18 -45 -31 50 -23 -35 -28 -32 -12 56 58 -58 59 -7 -52 -13
right_child=-2 2 6 4 16 10 13 -9 9 19 11 61 26 21 -16 18 46 25 -20 30 24 49 -24 -25 -26 -27 52 29 33 48 53 32 -34 51 35 -37 -38 43 -40 -41 -42 45 44 47 -46 -47 -48 -49 -50 -51 60 -53 -54 -55 -56 -57 57 -59 -60 -61 -62 -63
leaf_value=0 0.0020906017072482796 6.1735169412065386e-06 9.6169366369641527e-06 0 0 0 -0.00027470701050766972 0 0 0 0 0 0 -0.00010182780750094831 -9.8933319636562006e-05 0 0 0 0 0 0 -8.2651861127577006e-05 0 0 0 0 0 0 0 0 0 0 0 0 0 0 0 0 0 0 0 0 0 0 0 0 0 0 0 0 0 0 0 0 0 0 0 0 0 0 0 0
leaf_weight=2831982 42566 857 674 7416 5590 1128 452 9945 5657 738 727 2184 1123 534 1885 2268 12116 382408 3706 272 3055 1046 1333 1662 4366 10695 1164 3009 821 2842 252 209 216 417 781 1920 4828 3772 285 273 2144 670 10443 211 19042 213 45861 237 1025 301 1164 761 467 207 670 3407 496 811 2299 1329 206 1121
leaf_count=2831982 42566 857 674 7416 5590 1128 452 9945 5657 738 727 2184 1123 534 1885 2268 12116 382408 3706 272 3055 1046 1333 1662 4366 10695 1164 3009 821 2842 252 209 216 417 781 1920 4828 3772 285 273 2144 670 10443 211 19042 213 45861 237 1025 301 1164 761 467 207 670 3407 496 811 2299 1329 206 1121
internal_value=-0.0463835 -0.0469833 -0.0411791 -0.0421564 -0.0424479 -0.0395937 -0.0186587 -0.0410085 -0.0400826 -0.0377673 -0.0361056 -0.0334881 -0.0310126 -0.0205314 -0.0135248 -0.0388928 -0.0446598 -0.047312 -0.0371592 -0.0246095 -0.0424513 -0.0241034 -0.0298246 -0.0340702 -0.0400657 -0.0468036 -0.0239524 -0.0355822 -0.0327004 -0.0373706 -0.0152839 -0.00264821 -0.0117353 -0.0278652 -0.0376928 -0.0345048 -0.0432058 -0.0445265 -0.0312732 -0.0320114 -0.0312816 -0.028136 -0.0436212 -0.0418602 -0.0431605 -0.0213392 -0.0456605 -0.0331027 -0.0345313 -0.0201721 -0.0213411 -0.0236036 -0.0201242 -0.00861111 -0.032432 -0.039538 -0.0408036 -0.0365972 -0.0419596 -0.0396042 -0.0245073 -0.0403139
internal_weight=3.45026e+06 3.40769e+06 182608 175013 173731 75851 7595 53963 44018 22260 21888 12418 9113 6921 2337 20506 97880 3.22508e+06 14849 1754 21758 4584 1867 6359 10122 393103 2754 11143 4267 6876 731 1282 425 1999 5756 2701 39903 11636 1023 4697 4424 2280 35075 4220 29485 883 57977 448 3867 2717 2416 1178 1631 459 1397 9470 6063 1307 4756 2457 1370 3305
internal_count=3450259 3407693 182608 175013 173731 75851 7595 53963 44018 22260 21888 12418 9113 6921 2337 20506 97880 3225085 14849 1754 21758 4584 1867 6359 10122 393103 2754 11143 4267 6876 731 1282 425 1999 5756 2701 39903 11636 1023 4697 4424 2280 35075 4220 29485 883 57977 448 3867 2717 2416 1178 1631 459 1397 9470 6063 1307 4756 2457 1370 3305
is_linear=0
shrinkage=0.05


Tree=18
num_leaves=63
num_cat=0
split_feature=1 5 4 42 6 4 34 9 41 4 5 38 6 3 10 42 4 42 38 28 41 43 41 49 40 13 41 38 28 43 19 42 28 41 39 41 17 6 39 39 10 18 40 20 38 5 9 38 9 41 38 20 19 43 28 9 41 38 34 10 42 19
split_gain=39743 3199.63 1011.22 325.171 308.711 81.116 62.889 62.4781 69.8271 58.9676 88.1024 55.6727 75.0804 44.0186 34.8208 29.0906 27.9277 27.4996 35.5969 34.8971 28.548 36.0688 23.659 23.4259 23.1353 20.9993 21.2442 20.7254 20.1377 29.5981 19.867 20.8647 15.7058 14.9906 14.5696 13.918 29.9211 13.8055 12.5854 12.1401 12.139 22.4276 17.2427 12.1097 11.2947 11.1357 24.2055 11.0479 10.9693 10.8934 10.7087 10.5177 10.4163 9.10135 9.43941 9.05176 7.96549 8.91006 7.89457 7.83834 7.61627 7.24898
threshold=1.0000000180025095e-35 -1.0000000180025095e-35 -1.0000000180025095e-35 -0.35206145048141474 1.0000000180025095e-35 -0.15000000223517415 1.0000000180025095e-35 0.030080261640250686 -0.63405361771583546 -1.0000000180025095e-35 -0.65000000596046437 7.5000000000000009 0.35000000894069677 1.0000000180025095e-35 67.291667938232436 -0.47114434838294977 -1.0000000180025095e-35 -0.35206145048141474 7.5000000000000009 0.040600210428237922 -0.35206145048141474 0.61237135529518139 -0.95642796158790577 1.0000000180025095e-35 4.0809999704360971 3.7083333730697636 -0.68322628736495961 7.5000000000000009 0.044210137799382217 0.62587949633598339 2.5000000000000004 -0.2901292592287063 0.013725490774959328 -0.22695468366146085 0.95649999380111705 -0.35206145048141474 5.1833331584930429 4.8500001430511483 0.95649999380111705 0.2559999972581864 23.625000000000004 0.27500000596046453 2.3645000457763676 2.1833333969116215 3.5000000000000004 -0.15000000223517415 0.32911655306816107 2.5000000000000004 0.04530130326747895 0.2269546836614609 3.5000000000000004 1.7916666865348818 2.5000000000000004 0.15951094031333926 0.049337463453412063 0.2618983536958695 -0.93540480732917775 7.5000000000000009 4.7500000000000009 71.958332061767592 -0.41248606145381922 2.5000000000000004
decision_type=10 8 8 2 2 10 2 2 2 10 10 2 2 10 2 2 10 2 2 2 2 2 2 2 2 10 2 2 2 2 2 2 2 2 2 2 10 2 2 2 2 8 2 10 2 10 2 2 2 2 2 10 2 2 2 2 2 2 2 2 2 2
left_child=1 3 25 5 6 -1 17 8 60 10 -5 12 -7 -10 32 37 -13 18 19 20 -4 52 -12 27 39 -3 -27 28 29 -16 31 33 -8 -31 43 -17 48 47 40 44 41 42 -20 58 -23 46 -11 -9 -37 -41 -32 -34 -22 -40 -55 -2 -48 -58 -29 -49 -6 -46
right_child=55 2 4 9 7 11 14 15 13 45 22 16 -14 -15 23 35 -18 -19 38 -21 21 24 -24 -25 -26 26 -28 34 -30 30 50 -33 51 -35 -36 36 -38 -39 53 49 -42 -43 -44 -45 61 -47 56 59 -50 -51 -52 -53 -54 54 -56 -57 57 -59 -60 -61 -62 -63
leaf_value=-2.7470742707323021e-05 0.0019860716218858656 5.8648410941462118e-06 0 9.1360898051159451e-06 0 -9.658729790502884e-05 0 0 0 -9.4515800870070713e-05 -0.00026097165998228625 -0.00010165436297166493 -0.00010784741454518778 0 0 0 0 0 0 0 0 0 -0.00026097165998228625 0 0 0 0 0 0 0 0 0 0 0 0 0 0 0 0 0 0 0 0 0 0 4.1325930563788501e-06 4.9466659818281007e-06 0 0 0 0 0 0 0 0 0.0019860716218858656 4.1325930563788501e-06 0 0 0 0 0
leaf_weight=255 34878 857 35866 389 374 750 11313 217 1102 308 400 325 338 330 140096 9386 1419 1605107 370 85983 18282 4766 239 3738 2974 209 216 642877 121423 2158 6676 3313 52199 5961 19859 209 2370 1155 6642 2086 463808 1926 328 17154 1940 1558 495 591 1369 3710 9403 1543 25254 3153 3175 7688 447 672 70189 3746 1214 3481
leaf_count=255 34878 857 35866 389 374 750 11313 217 1102 308 400 325 338 330 140096 9386 1419 1605107 370 85983 18282 4766 239 3738 2974 209 216 642877 121423 2158 6676 3313 52199 5961 19859 209 2370 1155 6642 2086 463808 1926 328 17154 1940 1558 495 591 1369 3710 9403 1543 25254 3153 3175 7688 447 672 70189 3746 1214 3481
internal_value=-0.0463744 -0.0469742 -0.0470466 -0.0145573 -0.0470633 -0.0270594 -0.0471019 -0.0411681 -0.0344868 -0.00599601 -0.0165175 -0.0294915 -0.0206158 -0.0264804 -0.0467931 -0.0422277 -0.0350287 -0.0472526 -0.046982 -0.0463915 -0.0457483 -0.0451029 -0.0279382 -0.0468631 -0.0432826 -0.00264821 -0.0117353 -0.0468773 -0.0465176 -0.0461623 -0.044663 -0.0430695 -0.0456708 -0.041705 -0.0470159 -0.0435064 -0.0410157 -0.0392411 -0.047209 -0.0425291 -0.0472517 -0.0438605 -0.0361819 -0.0470523 -0.0435685 -0.00288793 -0.00543444 -0.0380029 -0.0356812 -0.0407022 -0.0457959 -0.0460272 -0.0458956 -0.0456727 -0.0443157 0.00164016 -0.00298327 -0.00531948 -0.0470838 -0.0385537 -0.0417065 -0.0451296
internal_weight=3.45026e+06 3.40769e+06 3.4001e+06 7595 3.39882e+06 3087 3.37675e+06 22063 3020 4508 1028 2832 1088 1432 1.1079e+06 19043 1744 2.26885e+06 663744 184342 98359 62493 639 1.04285e+06 18957 1282 425 1.03911e+06 289030 167607 27511 11432 65055 8119 750079 13334 3948 5709 479402 15983 466432 2624 698 730220 10187 3480 1922 4554 1578 5796 16079 53742 43536 12970 6328 42566 1614 1119 713066 4337 1588 5421
internal_count=3450259 3407693 3400098 7595 3398816 3087 3376753 22063 3020 4508 1028 2832 1088 1432 1107902 19043 1744 2268851 663744 184342 98359 62493 639 1042847 18957 1282 425 1039109 289030 167607 27511 11432 65055 8119 750079 13334 3948 5709 479402 15983 466432 2624 698 730220 10187 3480 1922 4554 1578 5796 16079 53742 43536 12970 6328 42566 1614 1119 713066 4337 1588 5421
is_linear=0
shrinkage=0.05


Tree=19
num_leaves=63
num_cat=0
split_feature=8 7 1 42 7 41 2 7 18 2 8 4 42 18 42 38 6 38 2 41 6 41 34 42 19 41 7 2 7 40 49 38 38 41 20 42 38 7 2 41 18 19 37 41 39 37 39 18 36 39 32 36 37 37 7 36 40 7 44 34 44 45
split_gain=43238.4 1416.25 1113.35 745.506 981.987 305.598 235.899 179.744 138.301 115.741 241.465 196.539 108.517 99.7826 94.66 108.982 94.4756 82.3079 65.418 53.1614 49.215 50.3559 46.2757 39.5005 36.4177 36.3672 34.8346 34.711 33.8913 33.7292 33.3854 31.4331 31.0869 24.8522 24.711 23.2007 22.3451 93.0385 21.2857 19.7995 19.7735 18.2335 17.3524 21.1596 20.0298 17.3171 15.9585 14.9854 14.9663 25.8594 30.6922 13.9724 13.7064 25.3612 86.7681 13.6986 13.6221 13.1455 12.56 12.4605 11.9413 21.1599
threshold=1.0000000180025095e-35 1.0000000180025095e-35 1.0000000180025095e-35 -0.35206145048141474 1.0500000119209292 -0.22695468366146085 1.0000000180025095e-35 0.15000000223517421 0.64583334326744091 1.0500000119209292 0.070833336561918273 -0.15000000223517415 -0.35206145048141474 8.0500001907348651 -0.35206145048141474 7.5000000000000009 1.0000000180025095e-35 7.5000000000000009 1.0000000180025095e-35 0.77259656786918651 1.0000000180025095e-35 0.72947329282760631 1.0500000119209292 1.0000000180025095e-35 3.5000000000000004 -0.93540480732917775 1.1500000357627871 1.0000000180025095e-35 0.15000000223517421 1.7624999880790713 9.6500000953674334 7.5000000000000009 7.5000000000000009 -0.95642796158790577 3.5499999523162846 0.58216583728790294 13.500000000000002 0.35000000894069677 1.0000000180025095e-35 -0.52778512239456166 0.22500000149011615 2.5000000000000004 2.7055000066757207 -0.52778512239456166 0.37000000476837164 1.1215000152587893 0.63500002026557933 19.562500000000004 15.000000000000002 0.81850001215934765 1.0000000180025095e-35 11.500000000000002 2.8605000972747807 4.5694999694824228 0.55000001192092907 13.000000000000002 1.7624999880790713 6.2500000000000009 -0.67801648378372181 0.55000001192092907 0.57605713605880748 1.0000000180025095e-35
decision_type=2 2 10 2 2 2 10 2 10 10 2 8 2 10 2 2 2 2 10 2 2 2 2 2 2 2 2 10 2 2 2 2 2 2 10 2 2 2 10 2 8 2 2 2 2 2 2 10 2 2 2 2 2 2 2 2 2 2 2 2 2 2
left_child=1 22 9 4 5 42 23 20 16 10 14 35 17 39 15 27 19 -11 32 41 21 29 -1 26 -21 -8 28 -2 -5 31 33 -7 -16 -13 -24 -12 52 55 -17 -6 48 59 43 45 -45 -3 -30 -10 49 51 -51 57 -25 54 58 -38 -34 -41 -54 -9 61 -43
right_child=2 3 -4 6 13 7 25 8 47 12 11 30 -14 -15 18 38 -18 -19 -20 24 -22 -23 34 36 -26 -27 -28 -29 46 -31 -32 -33 56 -35 -36 -37 37 -39 -40 40 -42 60 -44 44 -46 -47 -48 -49 -50 50 -52 -53 53 -55 -56 -57 -58 -59 -60 -61 -62 -63
leaf_value=0 0 0 0.001886768040791572 0 0 0 4.6993326827366957e-06 0 0 9.5249637836382401e-06 0 -0.00011617089519146168 8.6792853148601467e-06 0 0 0 0 0 1.4171620455475187e-05 0 0 0 0 0 0 -2.0662965281894253e-07 0 4.8293648952514427e-06 0 0 0 0 0 -0.00010565590587961571 0 0 0 0 0 0 0 0 0 0 0 0 0 0 0 0 0 0 0 0 0 0 0 0 0 0 0 0
leaf_weight=2831982 772 231 42566 3902 3064 2444 248 1936 1641 272 669 580 1703 24245 320 507 378 627 1568 1672 856 2169 382408 51394 259 267 10979 507 2719 1517 859 910 445 1814 10695 201 4463 17970 735 2588 3914 626 2380 897 751 2825 1193 563 381 280 459 407 374 11791 4621 478 207 714 1148 311 280 577
leaf_count=2831982 772 231 42566 3902 3064 2444 248 1936 1641 272 669 580 1703 24245 320 507 378 627 1568 1672 856 2169 382408 51394 259 267 10979 507 2719 1517 859 910 445 1814 10695 201 4463 17970 735 2588 3914 626 2380 897 751 2825 1193 563 381 280 459 407 374 11791 4621 478 207 714 1148 311 280 577
internal_value=-0.0463689 -0.047077 -0.0021254 -0.0426403 -0.038109 -0.0300905 -0.0450481 -0.0262905 -0.0211261 -0.015725 -0.0183624 -0.0273448 -0.00641622 -0.0432742 -0.0110448 -0.0179086 -0.0172135 -0.02047 -0.00423228 -0.0155975 -0.0316819 -0.0303054 -0.047312 -0.0452047 -0.0223317 -0.0112864 -0.0431154 -0.00766419 -0.0405637 -0.0274836 -0.0329903 -0.0302818 -0.0144239 -0.0299561 -0.0468036 -0.00623563 -0.0456304 -0.0442767 -0.0284581 -0.0395047 -0.0382926 -0.0121113 -0.0387479 -0.0369877 -0.0324211 -0.0394503 -0.0372751 -0.0318466 -0.0361519 -0.0353372 -0.0267963 -0.037039 -0.0460778 -0.0448876 -0.0422827 -0.0382003 -0.00815951 -0.0359615 -0.0319284 -0.00927125 -0.0164144 -0.0142498
internal_weight=3.45026e+06 3.39591e+06 54352 170822 59275 23223 111547 16139 8243 11786 9184 4123 2602 36052 5061 2521 6039 899 2540 5661 7896 7040 3.22508e+06 111032 1931 515 18793 1279 7814 4871 3253 3354 972 2394 393103 870 92239 22911 1242 11807 8743 3730 7084 4704 1648 3056 3912 2204 4829 4448 739 3709 69328 17934 6143 4941 652 3302 1522 2247 1483 1203
internal_count=3450259 3395907 54352 170822 59275 23223 111547 16139 8243 11786 9184 4123 2602 36052 5061 2521 6039 899 2540 5661 7896 7040 3225085 111032 1931 515 18793 1279 7814 4871 3253 3354 972 2394 393103 870 92239 22911 1242 11807 8743 3730 7084 4704 1648 3056 3912 2204 4829 4448 739 3709 69328 17934 6143 4941 652 3302 1522 2247 1483 1203
is_linear=0
shrinkage=0.05


Tree=20
num_leaves=63
num_cat=9
split_feature=8 1 2 0 28 43 20 41 0 0 4 41 34 28 0 3 41 35 6 8 2 4 41 34 36 28 21 2 43 27 24 41 0 36 0 8 20 41 41 6 43 27 39 6 2 0 35 43 0 5 43 28 36 49 0 41 19 41 27 28 28 41
split_gain=44538.8 778.646 474.687 370.098 189.105 145.239 129.4 116.37 100.105 75.2861 65.3967 54.9612 53.6136 48.5437 91.3576 48.4384 49.3691 44.93 42.9005 90.2855 98.036 57.472 56.9649 34.1762 33.9519 35.9346 33.2733 53.0459 28.8821 28.0348 35.6086 23.913 23.21 22.4653 22.3983 22.1141 21.3697 21.3563 18.9601 18.1582 17.356 19.9701 17.2028 15.9884 15.8372 15.7181 15.2489 14.508 14.0547 16.1196 12.8028 43.3218 24.4798 12.0922 10.8924 10.622 14.0847 17.4764 11.5015 9.88315 9.57913 9.45168
threshold=1.0000000180025095e-35 1.0000000180025095e-35 1.0000000180025095e-35 0 0.044210137799382217 0.62587949633598339 3.9500000476837163 1.0000000180025095e-35 1 2 -1.0000000180025095e-35 0.91037613153457653 1.0000000180025095e-35 0.021568628028035167 3 1.0000000180025095e-35 -0.097964655607938753 0.15000000223517421 1.0500000119209292 0.070833336561918273 1.0000000180025095e-35 -1.0000000180025095e-35 -0.88144907355308522 1.0500000119209292 3.5000000000000004 0.013725490774959328 3.0499999523162846 1.0500000119209292 0.90892735123634349 0.038691813126206405 0.008380006533116104 -0.58216583728790272 4 7.5000000000000009 5 0.070833336561918273 2.1833333969116215 -0.93540480732917775 -0.93540480732917775 1.0000000180025095e-35 0.9159645438194276 0.061906902119517333 0.55899998545646679 1.0000000180025095e-35 1.0000000180025095e-35 6 0.15000000223517421 -0.013976118760183452 7 -0.65000000596046437 -0.47558552026748652 0.025490196421742443 2.5000000000000004 0.013333333656191828 8 0.84874749183654796 2.5000000000000004 1.0000000180025095e-35 0.073514446616172804 1.0000000180025095e-35 0.013725490774959328 -0.63405361771583546
decision_type=2 10 10 9 2 2 10 2 9 9 10 2 2 2 9 10 2 2 2 2 10 10 2 2 2 2 10 10 2 2 10 2 9 2 9 2 10 2 2 2 2 2 2 2 10 9 2 2 9 10 2 2 2 2 9 2 2 2 2 2 2 2
left_child=2 6 3 4 5 17 8 34 15 -9 61 12 13 29 -15 44 35 47 19 20 21 -10 -21 39 25 55 48 -28 -14 -11 40 -23 -30 -22 -7 -17 -25 -4 -35 -5 -31 -42 -39 53 -2 -33 -6 60 49 -20 -27 -52 -53 -26 -43 56 57 -19 -59 -58 -1 -8
right_child=1 -3 37 23 46 7 10 9 18 11 -12 -13 28 14 -16 16 -18 24 26 22 33 31 -24 36 43 50 27 -29 32 30 -32 45 -34 38 -36 -37 -38 42 -40 -41 41 54 -44 -45 -46 -47 -48 -49 -50 -51 51 52 -54 -55 -56 -57 59 58 -60 -61 -62 -63
leaf_value=0 0 0.0017924296387519933 4.4643660485998607e-06 0 0 0 0 0 9.2875914812391307e-06 0 0 0 0 0 0 0 -8.6362479866728301e-05 0 0 -0.00024211453222359883 4.5878966504888702e-06 0 -0.00012980722669167174 0 0 0 0 0 0 0 0 0 0 4.0314553062353987e-06 0 -8.7567517991474783e-05 0 -1.9629817017799541e-07 0 0 0 0 0 0 -7.5789936518557679e-05 0 0 0 0 1.0040390480718511e-06 0 0 0 0 0 0 0 0 0 0 0 0
leaf_weight=48026 498 42642 248 2525913 154776 10289 201 9826 323 2410 831 5440 2326 400 703 339 529 888 527 530 1451 555 541 347724 71209 6934 260 377 447 2599 3241 383 2020 216 18964 228 12821 360 357 5289 878 312 249 1856 340 438 78031 32476 2385 355 2447 267 371 1500 728 1519 346 272 612 3478 37468 202
leaf_count=48026 498 42642 248 2525913 154776 10289 201 9826 323 2410 831 5440 2326 400 703 339 529 888 527 530 1451 555 541 347724 71209 6934 260 377 447 2599 3241 383 2020 216 18964 228 12821 360 357 5289 878 312 249 1856 340 438 78031 32476 2385 355 2447 267 371 1500 728 1519 346 272 612 3478 37468 202
internal_value=-0.0463563 -0.00151776 -0.047076 -0.0470854 -0.0458039 -0.044905 -0.0128464 -0.0427487 -0.0110675 -0.0406312 -0.0281726 -0.0388091 -0.0373562 -0.0392399 -0.029277 -0.0213555 -0.028385 -0.0455281 -0.00874541 -0.0119243 -0.00824402 -0.0170998 -0.0247176 -0.0473081 -0.0446979 -0.0426908 -0.00486424 -0.0153179 -0.0329267 -0.0403206 -0.0388573 -0.0215552 -0.0291579 -0.000810277 -0.0450165 -0.0181349 -0.0468528 -0.00986873 -0.00919284 -0.0473731 -0.0359879 -0.0323801 -0.0149056 -0.0451591 -0.0124165 -0.0161358 -0.0468492 -0.0461734 -0.00282599 -0.00817825 -0.0446205 -0.0419408 -0.030337 -0.0452761 -0.0276923 -0.0399736 -0.0389671 -0.0352822 -0.0303054 -0.0406747 -0.0465151 -0.0116439
internal_weight=3.45017e+06 54508 3.39566e+06 3.39481e+06 503059 270252 11866 60583 10632 31330 1234 21504 16064 11271 1103 1934 1096 209669 8698 4794 3723 1699 1071 2.89175e+06 91699 17134 3904 637 4793 10168 7758 1376 2467 2024 29253 567 360545 857 573 2.5312e+06 4517 1918 609 74565 838 821 232807 117970 3267 882 10019 3085 638 72709 1040 7115 5596 1772 884 3824 85494 403
internal_count=3450171 54508 3395663 3394806 503059 270252 11866 60583 10632 31330 1234 21504 16064 11271 1103 1934 1096 209669 8698 4794 3723 1699 1071 2891747 91699 17134 3904 637 4793 10168 7758 1376 2467 2024 29253 567 360545 857 573 2531202 4517 1918 609 74565 838 821 232807 117970 3267 882 10019 3085 638 72709 1040 7115 5596 1772 884 3824 85494 403
cat_boundaries=0 4 8 12 14 16 20 23 27 29
cat_threshold=151127300 25692186 268435520 4 0 25168032 0 6 151127040 0 0 4 256 17303568 0 16777232 256 8912898 268435456 4 3076 0 268435520 166729345 100671488 272 32 0 524306
is_linear=0
shrinkage=0.05


Tree=21
num_leaves=63
num_cat=0
split_feature=8 7 42 7 1 5 41 7 20 18 18 9 4 41 6 8 5 4 34 38 41 43 42 13 7 7 6 41 43 36 41 20 38 7 28 18 36 41 43 37 36 37 36 41 37 42 5 36 43 39 32 39 37 37 7 36 37 37 35 36 34 7
split_gain=45551.2 1445.59 721.635 1017.36 544.802 392.051 293.285 179.081 172.478 136.18 90.9118 76.307 65.3967 62.6294 48.9666 128.865 103.754 66.5117 45.8386 42.3207 41.6041 40.3658 40.3464 34.5262 34.4944 35.5438 32.798 30.825 29.5711 27.2694 27.0089 24.7722 24.2716 91.8743 26.2426 21.606 20.8197 20.6075 20.4582 18.4397 18.3515 17.8084 17.5937 21.9555 20.0536 17.3941 37.496 43.9414 17.0454 21.1641 34.1028 16.2123 15.7392 28.187 91.7715 14.7469 14.1303 14.0937 13.609 13.5531 13.2143 13.0205
threshold=1.0000000180025095e-35 1.0000000180025095e-35 -0.35206145048141474 1.0500000119209292 1.0000000180025095e-35 -1.0000000180025095e-35 -0.22695468366146085 0.15000000223517421 3.9500000476837163 0.77500000596046459 14.275000095367433 0.019669849425554279 -1.0000000180025095e-35 0.77259656786918651 1.0500000119209292 0.070833336561918273 -1.0000000180025095e-35 -1.0000000180025095e-35 1.0500000119209292 13.500000000000002 0.77259656786918651 0.89787620306015026 1.0000000180025095e-35 8.1833333969116229 1.1500000357627871 0.15000000223517421 1.0000000180025095e-35 -0.88144907355308522 0.9159645438194276 3.5000000000000004 -0.58216583728790272 2.1833333969116215 13.500000000000002 0.35000000894069677 0.013725490774959328 0.11250000074505807 10.500000000000002 -0.58216583728790272 0.65233618021011364 1.9674999713897707 3.5000000000000004 6.7225000858306894 3.5000000000000004 -0.52778512239456166 1.1215000152587893 -0.35206145048141474 -0.35000000894069666 9.5000000000000018 0.58481550216674816 0.81850001215934765 1.0000000180025095e-35 0.65450000762939464 2.8605000972747807 4.5694999694824228 0.55000001192092907 3.5000000000000004 5.4795000553131112 2.3514999151229863 1.3499999642372134 11.500000000000002 0.55000001192092907 0.45000000298023229
decision_type=2 2 2 2 10 8 2 2 10 10 10 2 10 2 2 2 10 10 2 2 2 2 2 10 2 2 2 2 2 2 2 10 2 2 2 8 2 2 2 2 2 2 2 2 2 2 10 2 2 2 2 2 2 2 2 2 2 2 2 2 2 2
left_child=1 18 3 6 8 -4 42 19 14 11 35 13 -10 21 15 16 36 -18 -1 20 26 39 24 45 25 -7 38 -17 55 57 -19 -20 52 34 -34 37 -2 -5 56 -9 -37 -36 43 -3 -44 46 47 -16 -39 59 -51 -27 -24 54 -54 -11 -8 -15 -40 -50 -23 -57
right_child=4 2 5 10 -6 22 7 9 12 28 -12 -13 -14 29 23 27 17 30 31 -21 -22 60 32 -25 -26 51 -28 -29 -30 -31 -32 -33 33 -35 41 40 -38 48 58 -41 -42 -43 44 -45 -46 -47 -48 -49 49 50 -52 -53 53 -55 -56 61 -58 -59 -60 -61 -62 -63
leaf_value=0 3.7894968259278841e-06 0 -1.8648326166909563e-07 0 0.0017028081568143936 0 0 0 0 0 0 0 0 0 0 -0.00023000880561241892 9.0930104269925866e-06 0 0 0 0 0 0 0 0 0 0 -0.0001233168673000931 0 0 0 0 0 0 0 0 0 0 0 0 0 0 0 0 0 0 5.2325933415771928e-06 0 0 0 0 0 0 0 0 0 0 0 0 0 0 0
leaf_weight=2831938 2520 932 506 1398 42642 3855 2541 1035 403 536 21014 332 831 267 529 647 432 666 378772 1029 1694 1127 51513 331 10960 2737 467 763 224 1397 1052 13987 2380 17997 1999 1696 215 2451 1404 1391 7300 562 363 537 5281 2325 830 322 1671 226 259 1167 1548 11667 4558 904 304 273 416 226 249 573
leaf_count=2831938 2520 932 506 1398 42642 3855 2541 1035 403 536 21014 332 831 267 529 647 432 666 378772 1029 1694 1127 51513 331 10960 2737 467 763 224 1397 1052 13987 2380 17997 1999 1696 215 2451 1404 1391 7300 562 363 537 5281 2325 830 322 1671 226 259 1167 1548 11667 4558 904 304 273 416 226 249 573
internal_value=-0.0463475 -0.0470754 -0.0425949 -0.0381497 -0.00100224 -0.0449688 -0.0299927 -0.0262694 -0.0104783 -0.0211519 -0.0433886 -0.0172661 -0.0281726 -0.0159178 -0.00842457 -0.0112411 -0.00739765 -0.0156163 -0.0473129 -0.031682 -0.0302571 -0.0121896 -0.0451691 -0.00433652 -0.0430526 -0.0405017 -0.0280144 -0.0245567 -0.0316976 -0.0232357 -0.0200262 -0.0468067 -0.0455987 -0.0441889 -0.0381497 -0.0404467 -0.000936929 -0.0381837 -0.0267497 -0.0160697 -0.0420142 -0.0416624 -0.0384532 -0.033579 -0.0397218 -0.00305417 -0.00692891 -0.0143038 -0.0366372 -0.0336251 -0.0243041 -0.0371388 -0.0460654 -0.0447824 -0.04203 -0.0336153 -0.0293981 -0.0327778 -0.0226099 -0.0360082 -0.00534884 -0.0361933
internal_weight=3.45017e+06 3.39566e+06 170966 59517 54508 111449 23276 16163 11866 8308 36241 6071 1234 5739 10632 6295 4885 2150 3.2247e+06 7855 6826 3802 110943 4337 18719 7759 5132 1410 2237 1937 1718 392759 92224 22938 4941 15227 2735 6231 4665 2426 8996 2561 7113 1469 5644 4006 1681 851 4833 2382 485 3904 69286 17773 6106 2013 2845 540 1820 1897 1376 1477
internal_count=3450171 3395663 170966 59517 54508 111449 23276 16163 11866 8308 36241 6071 1234 5739 10632 6295 4885 2150 3224697 7855 6826 3802 110943 4337 18719 7759 5132 1410 2237 1937 1718 392759 92224 22938 4941 15227 2735 6231 4665 2426 8996 2561 7113 1469 5644 4006 1681 851 4833 2382 485 3904 69286 17773 6106 2013 2845 540 1820 1897 1376 1477
is_linear=0
shrinkage=0.05


Tree=22
num_leaves=63
num_cat=0
split_feature=8 7 42 7 1 2 41 7 20 43 4 31 38 35 8 8 2 4 2 37 41 42 21 2 7 7 6 41 20 41 38 7 28 40 43 43 32 35 39 39 42 43 38 38 37 40 37 7 39 37 37 7 41 42 2 39 41 38 29 38 7 7
split_gain=45669.1 1445.59 721.635 1017.36 520.443 392.051 293.285 179.081 177.859 133.807 65.3967 50.098 42.3207 42.3162 42.1037 85.6634 105.904 67.6194 56.0958 41.8888 41.6041 40.3464 38.583 59.7262 34.4944 35.5438 32.798 26.7766 26.3633 24.8756 24.2716 91.8743 26.2426 22.7627 22.6928 22.088 29.735 21.7601 20.1461 20.0703 29.0862 19.4155 24.746 18.4657 17.8084 17.4917 17.7915 17.1057 16.2123 15.7392 28.187 91.7715 14.8077 14.7079 34.2936 31.6449 14.5098 26.3548 14.4967 13.4902 12.3397 12.2369
threshold=1.0000000180025095e-35 1.0000000180025095e-35 -0.35206145048141474 1.0500000119209292 1.0000000180025095e-35 1.0000000180025095e-35 -0.22695468366146085 0.15000000223517421 3.9500000476837163 0.8431384563446046 -1.0000000180025095e-35 0.05172413773834706 13.500000000000002 2.0499999523162846 0.16250000149011615 0.070833336561918273 1.0000000180025095e-35 -1.0000000180025095e-35 1.0000000180025095e-35 1.9674999713897707 0.77259656786918651 1.0000000180025095e-35 3.0499999523162846 1.0500000119209292 1.1500000357627871 0.15000000223517421 1.0000000180025095e-35 -0.58216583728790272 2.1833333969116215 0.77259656786918651 13.500000000000002 0.35000000894069677 0.013725490774959328 1.7624999880790713 -0.35846811532974238 0.5986820161342622 1.0000000180025095e-35 0.84999999403953563 0.81850001215934765 0.78499999642372142 -0.35206145048141474 0.10837544873356821 4.5000000000000009 5.5000000000000009 6.7225000858306894 3.3724999427795415 1.1215000152587893 0.75000000000000011 0.65450000762939464 2.8605000972747807 4.5694999694824228 0.55000001192092907 0.77259656786918651 -0.35206145048141474 0.25000000745058065 0.78499999642372142 -0.52778512239456166 7.5000000000000009 11.614921569824221 6.5000000000000009 0.25000000745058065 3.7500000000000004
decision_type=2 2 2 2 10 10 2 2 10 2 10 2 2 2 2 2 10 10 10 2 2 2 10 10 2 2 2 2 10 2 2 2 2 2 2 2 2 2 2 2 2 2 2 2 2 2 2 2 2 2 2 2 2 2 8 2 2 2 2 2 2 2
left_child=1 13 3 6 8 21 45 12 14 19 -10 61 20 -1 15 16 17 -2 -17 41 26 24 53 -24 25 -4 33 -19 -15 37 49 32 -32 59 60 -13 38 -11 43 -18 -41 42 -9 -37 -34 46 -3 -20 -27 -23 51 -51 -36 54 -16 -56 -48 -58 -38 -8 -21 -5
right_child=4 2 5 11 -6 -7 7 9 10 29 -12 35 -14 28 22 18 39 27 47 34 -22 30 23 -25 -26 48 -28 -29 -30 -31 31 -33 44 -35 52 36 58 -39 -40 40 -42 -43 -44 -45 -46 -47 56 -49 -50 50 -52 -53 -54 -55 55 -57 57 -59 -60 -61 -62 -63
leaf_value=0 8.638359905642958e-06 0 0 0 0.0016176677489736738 -1.7715909858564085e-07 0 0 0 0 0 0 0 0 4.9709636744983329e-06 4.9709636744983329e-06 3.6000219846314901e-06 0 -0.00011932326127633559 0 0 0 -2.6162966707885967e-07 0 0 0 0 0 0 0 0 0 0 0 0 0 0 0 0 -1.8947484129639422e-07 1.3273564591405034e-05 0 0 0 0 0 0 -0.00010870420733866515 0 0 0 0 0 3.3555325601848766e-06 0 0 0 0 0 0 0 0
leaf_weight=2744302 435 363 3855 3877 42642 506 2216 441 403 1378 831 13434 1029 466612 771 250 2317 674 1038 454 1694 51513 259 390 10960 2737 467 1066 13783 1036 2380 17997 1999 1587 1333 367 3798 550 319 227 241 1372 722 395 562 475 4177 244 1167 1548 11667 4558 622 1932 536 252 858 1240 202 862 400 13849
leaf_count=2744302 435 363 3855 3877 42642 506 2216 441 403 1378 831 13434 1029 466612 771 250 2317 674 1038 454 1694 51513 259 390 10960 2737 467 1066 13783 1036 2380 17997 1999 1587 1333 367 3798 550 319 227 241 1372 722 395 562 475 4177 244 1167 1548 11667 4558 622 1932 536 252 858 1240 202 862 400 13849
internal_value=-0.0463465 -0.0470754 -0.0425949 -0.0381497 -0.000942614 -0.0449688 -0.0299927 -0.0262694 -0.0102044 -0.0211519 -0.0281726 -0.0433886 -0.031682 -0.0473129 -0.00811889 -0.0106315 -0.00743952 -0.0157069 -0.0209661 -0.0258776 -0.0302571 -0.0451691 -0.00417874 -0.0153737 -0.0430526 -0.0405017 -0.0280144 -0.0201149 -0.04688 -0.0126316 -0.0455987 -0.0441889 -0.0381497 -0.0267497 -0.0216723 -0.0415697 -0.0387616 -0.00927386 -0.0314038 -0.000982944 -0.0104274 -0.0305375 -0.0352902 -0.0358202 -0.0416624 -0.0384532 -0.0391165 -0.0251911 -0.0371388 -0.0460654 -0.0447824 -0.04203 -0.018702 -0.00209754 -0.00571039 -0.0130457 -0.039739 -0.0363465 -0.04075 -0.0292576 -0.0284719 -0.0452886
internal_weight=3.45017e+06 3.39566e+06 170966 59517 54508 111449 23276 16163 11866 8308 1234 36241 7855 3.2247e+06 10632 6492 4960 2175 1532 5344 6826 110943 4140 649 18719 7759 5132 1740 480395 2964 92224 22938 4941 4665 2809 18515 5081 1928 1081 2785 468 2535 1163 762 2561 7113 6638 1282 3904 69286 17773 6106 1955 3491 1559 788 6275 2098 4000 3078 854 17726
internal_count=3450171 3395663 170966 59517 54508 111449 23276 16163 11866 8308 1234 36241 7855 3224697 10632 6492 4960 2175 1532 5344 6826 110943 4140 649 18719 7759 5132 1740 480395 2964 92224 22938 4941 4665 2809 18515 5081 1928 1081 2785 468 2535 1163 762 2561 7113 6638 1282 3904 69286 17773 6106 1955 3491 1559 788 6275 2098 4000 3078 854 17726
is_linear=0
shrinkage=0.05


Tree=23
num_leaves=63
num_cat=12
split_feature=1 2 7 42 0 0 18 4 4 41 7 6 43 7 6 6 42 42 0 7 7 7 0 41 6 10 17 41 33 0 41 7 7 41 0 18 36 10 0 7 18 0 41 2 4 2 0 41 7 20 41 0 20 41 3 0 19 0 43 7 7 7
split_gain=39751.2 5211.23 1936.76 852.713 1156.52 478.159 475.976 302.07 208.583 133.655 130.214 126.884 102.682 100.921 71.4906 66.039 63.7526 60.9121 60.3456 52.2804 48.5668 50.9755 48.7329 46.9587 41.945 41.5971 42.171 37.8189 36.4402 35.5938 34.1396 32.8336 42.5298 30.4096 30.0865 29.9931 29.0254 27.0849 26.7535 26.3627 22.8075 23.4274 22.6081 21.8854 22.2405 25.2295 21.187 27.706 25.5571 19.6713 19.328 19.0462 18.9454 18.6547 18.6405 18.5584 17.712 17.6891 17.5587 17.2488 36.4111 16.6141
threshold=1.0000000180025095e-35 1.0000000180025095e-35 1.0000000180025095e-35 -0.41248606145381922 0 1 0.77500000596046459 -1.0000000180025095e-35 -1.0000000180025095e-35 -0.52778512239456166 1.6500000357627871 1.0000000180025095e-35 0.66527691483497631 0.84999999403953563 0.35000000894069677 1.0000000180025095e-35 -0.032701563090086067 -0.35206145048141474 2 0.15000000223517421 0.15000000223517421 0.94999998807907116 3 0.63405361771583568 1.0000000180025095e-35 0.95833334326744091 6.5499999523162851 0.77259656786918651 1.0000000180025095e-35 4 -0.097964655607938753 1.1500000357627871 0.15000000223517421 0.77259656786918651 5 8.7750000953674334 8.5000000000000018 1.2916666865348818 6 0.45000000298023229 18.854166984558109 7 -0.58216583728790272 1.0500000119209292 -1.0000000180025095e-35 0.15000000223517421 8 0.16280825436115268 0.35000000894069677 2.1833333969116215 0.16280825436115268 9 3.9500000476837163 0.91037613153457653 0.25000000745058065 10 2.5000000000000004 11 0.57077592611312877 1.0500000119209292 0.15000000223517421 0.45000000298023229
decision_type=10 10 2 2 9 9 10 8 10 2 2 2 2 2 2 2 2 2 9 2 2 2 9 2 2 2 10 2 2 9 2 2 2 2 9 10 2 2 9 2 10 9 2 10 10 10 9 2 2 10 2 9 10 2 8 9 2 9 2 2 2 2
left_child=1 2 28 4 6 10 9 52 -6 51 11 19 27 42 16 35 31 18 -3 30 23 33 -23 -14 40 -16 34 29 -1 -11 56 32 -9 -22 -27 46 -20 -17 -30 -21 41 -15 -8 44 57 -46 47 -10 -49 -40 -24 -4 -7 -34 -36 -35 58 -19 -5 60 -31 -57
right_child=-2 17 3 5 8 7 13 14 15 12 -12 -13 20 24 25 37 -18 43 36 39 21 22 50 -25 -26 26 -28 -29 38 59 -32 -33 53 55 54 -37 -38 -39 49 -41 -42 -43 -44 -45 45 -47 -48 48 -50 -51 -52 -53 -54 -55 -56 61 -58 -59 -60 -61 -62 -63
leaf_value=0 0.0015367843615249899 -6.7524275892639408e-05 0 0 1.5491514246082953e-05 1.3081483353942984e-08 0 0 0 0 0 0 0 0 -1.6777662800924384e-07 0 0 -9.8629728830917026e-06 -6.9747820125606934e-05 0 0 0 0 0 0 0 0 0 0 0 0 0 0 0 0 0 -5.6816634417052583e-05 0 0 0 0 0 0 3.8328509162583723e-08 3.4604066003956603e-06 -0.00011119718611695964 0 0 0 0 0 0 0 0 0 0 0 -0.00021301537661387669 0 0 0 0
leaf_weight=2528879 42642 1474 956 822 249 296 632 3514 818 1559 2034 559 1471 724 255 280 82682 209 991 1196 2354 509 261 772 829 426 4858 1268 65040 1800 1271 10310 849 337 1314 17149 686 4341 612230 313 3751 1833 2998 1970 1537 356 8431 585 597 18548 385 1116 234 3048 1202 432 1417 443 287 618 1023 201
leaf_count=2528879 42642 1474 956 822 249 296 632 3514 818 1559 2034 559 1471 724 255 280 82682 209 991 1196 2354 509 261 772 829 426 4858 1268 65040 1800 1271 10310 849 337 1314 17149 686 4341 612230 313 3751 1833 2998 1970 1537 356 8431 585 597 18548 385 1116 234 3048 1202 432 1417 443 287 618 1023 201
internal_value=-0.0463415 -0.0469419 -0.0470348 -0.0419144 -0.0369739 -0.0443778 -0.0290308 -0.0452456 -0.043274 -0.0233033 -0.0323053 -0.0285656 -0.0214222 -0.03707 -0.0454338 -0.0436399 -0.0457974 -0.00576376 -0.0110989 -0.0309527 -0.0171296 -0.014122 -0.023171 -0.0231353 -0.0405223 -0.0409016 -0.0415513 -0.0260258 -0.0473129 -0.02407 -0.0340815 -0.0430759 -0.0405374 -0.0109777 -0.036827 -0.0445667 -0.0175504 -0.0381081 -0.0469925 -0.0230799 -0.0419119 -0.0382704 -0.0302824 -0.00204042 -0.00510314 -0.00236001 -0.0424525 -0.036393 -0.0316794 -0.0471194 -0.032218 -0.0350965 -0.00759434 -0.0369406 -0.0390182 -0.0184278 -0.0374446 -0.0130675 -0.0327119 -0.0269915 -0.0254136 -0.0234331
internal_weight=3.45017e+06 3.40753e+06 3.39986e+06 175166 58279 116887 25829 108988 32450 15062 7899 5865 12990 10767 108458 32201 100403 7666 3151 5306 6722 4479 1155 2243 7137 8055 7800 6268 3.2247e+06 5000 3797 17721 7411 3324 2942 27580 1677 4621 695818 1509 6308 2557 3630 4515 2545 1893 10431 2000 1182 630778 646 2072 530 3897 2516 970 2526 652 1109 3441 2823 633
internal_count=3450171 3407529 3399863 175166 58279 116887 25829 108988 32450 15062 7899 5865 12990 10767 108458 32201 100403 7666 3151 5306 6722 4479 1155 2243 7137 8055 7800 6268 3224697 5000 3797 17721 7411 3324 2942 27580 1677 4621 695818 1509 6308 2557 3630 4515 2545 1893 10431 2000 1182 630778 646 2072 530 3897 2516 970 2526 652 1109 3441 2823 633
cat_boundaries=0 4 8 12 16 19 22 25 28 32 36 39 43
cat_threshold=2370820 19466394 269486432 1 16777216 276824064 0 4 1694695456 786623 805306464 3 2097152 128 256 1 2097152 2064 269484032 100815008 294917 8397840 671155457 25690114 268435520 2097152 524426 269484320 3229745232 169219328 6480019 186 2097412 16842768 269484064 1 1284 2056 64 16777476 524288 0 4
is_linear=0
shrinkage=0.05


Tree=24
num_leaves=63
num_cat=9
split_feature=2 5 7 4 7 10 35 6 17 0 41 41 41 28 28 28 18 34 28 0 0 29 27 0 10 0 44 26 31 26 26 23 41 5 7 41 41 47 0 43 27 0 43 2 4 2 5 0 43 46 7 34 7 29 43 23 27 7 13 28 0 44
split_gain=39152.4 6764.42 1958.3 801.831 371.079 287.5 165.729 112.664 95.1149 94.8236 73.9721 114.085 70.7476 79.2152 88.5673 67.8555 51.4823 45.8386 44.7793 53.3203 43.1602 41.8363 40.6465 39.4682 35.6703 32.372 31.1662 36.0808 30.4065 25.1686 24.6139 24.6098 24.5273 23.8886 22.7342 27.3985 25.878 22.2547 22.0243 20.7911 20.0343 19.6241 19.0931 18.5998 37.031 29.6962 25.1972 21.6766 17.4633 27.9049 17.3727 16.5969 16.5721 16.1155 15.9901 15.256 14.7913 14.7757 14.4028 14.3667 14.1356 13.89
threshold=1.0000000180025095e-35 1.0000000180025095e-35 1.0000000180025095e-35 -1.0000000180025095e-35 1.0500000119209292 0.95833334326744091 1.0000000180025095e-35 1.0000000180025095e-35 5.3541667461395273 0 -0.41248606145381922 0.88144907355308544 -0.35206145048141474 0.061906902119517333 0.021568628028035167 0.048057714477181442 0.77500000596046459 1.0500000119209292 0.064705885946750655 1 2 2.542353749275208 0.038691813126206405 3 7.0416667461395273 4 -0.056951010599732392 0.0089537180028855818 0.05172413773834706 0.030039920471608642 -0.015119523741304873 0.33437500894069677 0.91037613153457653 -1.0000000180025095e-35 0.15000000223517421 -0.88144907355308522 0.35206145048141485 0.35274858772754675 5 -0.47558552026748652 0.061906902119517333 6 0.9159645438194276 0.35000000894069677 -1.0000000180025095e-35 0.15000000223517421 -0.15000000223517415 7 0.48314048349857336 -0.52678251266479481 0.15000000223517421 1.0000000180025095e-35 0.25000000745058065 10.628359794616701 0.99865421652793895 0.10538387298583986 0.04256099462509156 0.15000000223517421 3.7749999761581425 0.021568628028035167 8 0.63089349865913402
decision_type=10 10 2 8 2 2 2 2 10 9 2 2 2 2 2 2 10 2 2 9 9 2 2 9 2 9 2 10 2 10 10 10 2 10 2 2 2 2 9 2 2 9 2 10 10 10 10 9 2 2 2 2 2 2 2 10 2 2 10 2 9 2
left_child=1 2 17 58 6 -6 9 20 24 34 23 16 -11 14 22 21 18 -1 19 29 28 57 -14 -8 -9 -26 27 48 -7 39 -28 41 37 43 36 -36 -5 40 50 -12 -32 -19 -18 44 45 47 -46 -2 -24 -50 -21 -27 60 54 -39 -10 -41 -16 -4 -52 -13 -20
right_child=33 -3 3 4 5 7 10 8 55 12 11 52 13 -15 15 -17 42 31 61 38 -22 -23 26 -25 25 51 30 -29 -30 -31 32 -33 -34 -35 35 -37 -38 53 -40 56 -42 -43 -44 -45 46 -47 -48 -49 49 -51 59 -53 -54 -55 -56 -57 -58 -59 -60 -61 -62 -63
leaf_value=0 -6.3623340635575841e-05 0.0014599451434487406 5.2677368395412582e-06 0 -1.5938779660878164e-07 0 0 0 0 0 0 0 0 0 0 0 0 0 0 0 0 0 0 0 0 0 0 0 0 0 0 0 0 0.0014599451434487406 0 0 0 0 0 0 0 0 0 2.8408317208526291e-06 -0.00011785303883577021 -0.00020189143343728733 3.117915065752378e-06 -6.6441424734045281e-05 0 0 0 0 0 0 0 0 0 0 0 0 0 0
leaf_weight=2831938 500 7571 843 3541 484 9595 2103 1052 5436 13644 481 214 3818 6033 316 655 5310 36340 796 2244 63051 200 1237 5839 323 1927 1186 3280 13569 596 798 16266 1386 27748 709 1335 899 2014 1625 290 1332 340153 514 8161 429 956 4504 437 750 705 1871 1669 2369 406 212 879 1865 427 413 340 4376 211
leaf_count=2831938 500 7571 843 3541 484 9595 2103 1052 5436 13644 481 214 3818 6033 316 655 5310 36340 796 2244 63051 200 1237 5839 323 1927 1186 3280 13569 596 798 16266 1386 27748 709 1335 899 2014 1625 290 1332 340153 514 8161 429 956 4504 437 750 705 1871 1669 2369 406 212 879 1865 427 413 340 4376 211
internal_value=-0.0463316 -0.0469281 -0.0470332 -0.0418845 -0.042172 -0.0442051 -0.0395483 -0.0443959 -0.0396983 -0.041491 -0.0367395 -0.0353084 -0.0424836 -0.0409013 -0.0392957 -0.0280382 -0.0330015 -0.0473129 -0.0308802 -0.029797 -0.0450109 -0.0194512 -0.0403463 -0.0409022 -0.0345247 -0.0323303 -0.0390414 -0.041723 -0.0428364 -0.0242196 -0.0368578 -0.0468067 -0.0355856 0.00122938 -0.0354928 -0.031184 -0.0375563 -0.0338818 -0.0326683 -0.0221965 -0.0300822 -0.046889 -0.03676 -0.000379162 -0.00230516 -0.00825013 -2.38191e-05 -0.0145758 -0.0374331 -0.0337199 -0.0304731 -0.0337105 -0.0406599 -0.0369567 -0.0386276 -0.0437708 -0.0200986 -0.0139872 -0.00207803 -0.027396 -0.0424129 -0.0408962
internal_weight=3.45017e+06 3.40744e+06 3.39986e+06 175168 173912 97985 75927 97501 11286 44883 31044 23102 38399 24755 18722 1598 16143 3.2247e+06 10319 9312 86215 943 17124 7942 4971 3919 13306 5972 23164 3232 7334 392759 6148 42735 6484 2044 4440 4762 6080 2636 2130 376493 5824 14987 6826 1893 4933 937 2692 1455 4455 3596 6959 2632 2226 6315 2155 743 1256 2211 4590 1007
internal_count=3450171 3407436 3399865 175168 173912 97985 75927 97501 11286 44883 31044 23102 38399 24755 18722 1598 16143 3224697 10319 9312 86215 943 17124 7942 4971 3919 13306 5972 23164 3232 7334 392759 6148 42735 6484 2044 4440 4762 6080 2636 2130 376493 5824 14987 6826 1893 4933 937 2692 1455 4455 3596 6959 2632 2226 6315 2155 743 1256 2211 4590 1007
cat_boundaries=0 4 7 11 15 18 21 24 27 31
cat_threshold=151027712 41943040 536879137 132 3072 16779280 268435456 553918464 3114861744 2417033568 1025 16885792 41943040 0 6 117445120 262145 1056768 537002244 34078730 2112 671155457 1098907650 268435520 16779520 17301522 268435520 553648128 8388740 8388608 4
is_linear=0
shrinkage=0.05


Tree=25
num_leaves=63
num_cat=10
split_feature=8 7 2 7 1 41 28 28 0 20 27 41 0 6 10 8 2 4 28 0 35 43 26 7 41 29 41 43 41 10 4 20 35 0 33 0 44 0 29 0 37 17 4 0 41 41 44 35 29 47 0 28 7 29 26 41 43 0 44 28 44 41
split_gain=47468.8 1445.82 493.027 387.096 223.229 160.324 162.312 120.167 118.567 113.711 91.0431 88.4509 83.5789 83.4249 64.8027 59.0903 149.121 63.9312 55.575 51.9476 41.3571 40.5613 75.9806 36.9267 43.006 36.6907 31.7222 30.7844 28.0683 28.0532 27.1001 26.0703 24.7739 24.2569 23.2019 22.8813 22.0176 20.975 18.9867 16.606 16.598 16.1329 15.8353 15.0149 14.8722 14.7539 15.0805 27.4987 22.137 15.9919 14.5813 13.9741 13.7634 13.0556 12.8516 12.2611 12.2436 11.77 11.6589 19.0066 11.5189 15.825
threshold=1.0000000180025095e-35 1.0000000180025095e-35 1.0000000180025095e-35 1.0500000119209292 1.0000000180025095e-35 1.0000000180025095e-35 0.064705885946750655 0.021568628028035167 0 3.9500000476837163 0.046430176123976714 0.93540480732917797 1 1.0500000119209292 10.708333492279055 0.070833336561918273 1.0000000180025095e-35 -1.0000000180025095e-35 0.050299357622861869 2 2.0499999523162846 0.92922380566596996 0.02790098171681166 0.15000000223517421 -0.84874749183654774 0.96581566333770763 -0.77259656786918629 0.81428062915802013 -0.52778512239456166 15.291666507720949 -1.0000000180025095e-35 2.1833333969116215 1.0000000180025095e-35 3 1.0000000180025095e-35 4 0.21652257442474368 5 1.9139643311500552 6 6.7225000858306894 17.550000190734867 -1.0000000180025095e-35 7 0.63405361771583568 0.77259656786918651 0.44312302768230444 1.0000000180025095e-35 9.2661633491516131 0.16149623692035678 8 0.036731028929352767 0.15000000223517421 2.2932738065719609 -0.0051992062944918862 0.77259656786918651 0.91939014196395885 9 0.6174544394016267 0.10392156988382341 0.2332836911082268 0.41248606145381933
decision_type=2 2 10 2 10 2 2 2 9 10 2 2 9 2 2 2 10 10 2 9 2 2 10 2 2 2 2 2 2 2 10 10 2 9 2 9 2 9 2 9 2 8 10 9 2 2 2 2 2 2 9 2 2 2 10 2 2 9 2 2 2 2
left_child=1 20 3 5 9 8 7 10 23 13 60 21 18 15 -11 16 17 -2 27 29 -1 35 25 -3 -25 33 -19 44 40 -5 -16 37 -30 -23 -27 45 -24 -22 57 -17 -10 -4 -41 -13 -9 46 47 54 49 -48 -28 56 -42 -49 -12 -29 -31 -14 -8 -60 61 -7
right_child=4 2 41 19 -6 6 58 12 28 14 11 43 38 -15 30 39 -18 26 -20 -21 31 22 36 24 -26 34 50 55 32 51 -32 -33 -34 -35 -36 -37 -38 -39 -40 42 52 -43 -44 -45 -46 -47 48 53 -50 -51 -52 -53 -54 -55 -56 -57 -58 -59 59 -61 -62 -63
leaf_value=0 8.255581339870929e-06 0 -1.154444108470767e-07 0 0.0013869478862763034 0 0 0 0 0 0 0 0 1.3081483353942984e-08 -7.4939785688694737e-05 -0.0001093365585986175 3.1314905170882585e-06 0 0 0 0 0 0 0 0 0 0 0 0 0 0 0 0 0 0 0 0 0 0 -8.6168768725601531e-05 0 -3.1225915515711945e-07 -0.00010896439918282558 0 0 0 0 0 0 0 0 0 0 0 0 0 0 0 0 0 0 0
leaf_weight=2744853 432 2876 673 8959 42720 797 6152 618 16135 392 200 792 215 4306 215 363 2707 447 742 63200 44077 906 924 924 1356 878 701 491 7199 13098 622 13805 3643 737 273 8125 214 422290 669 746 1032 202 282 4507 330 1489 243 866 516 404 567 9183 231 495 744 207 1444 656 360 1057 3392 2658
leaf_count=2744853 432 2876 673 8959 42720 797 6152 618 16135 392 200 792 215 4306 215 363 2707 447 742 63200 44077 906 924 924 1356 878 701 491 7199 13098 622 13805 3643 737 273 8125 214 422290 669 746 1032 202 282 4507 330 1489 243 866 516 404 567 9183 231 495 744 207 1444 656 360 1057 3392 2658
internal_value=-0.0463328 -0.0470758 -0.0425929 -0.0427856 -3.94495e-05 -0.0400702 -0.0379617 -0.0364507 -0.0426371 -0.00613328 -0.0375566 -0.0360089 -0.0282408 -0.00445669 -0.0205269 -0.00814852 -0.00554491 -0.0153854 -0.0220309 -0.0448828 -0.0473132 -0.0342521 -0.0297991 -0.0352323 -0.0305482 -0.0253633 -0.0197157 -0.0170018 -0.0439611 -0.0430213 -0.0283841 -0.0468851 -0.0419798 -0.0205676 -0.0322089 -0.0355905 -0.0406898 -0.0469485 -0.0374839 -0.017234 -0.045221 -0.00515714 -0.0135164 -0.0416498 -0.0228692 -0.0323248 -0.0306027 -0.0329447 -0.0259609 -0.0321213 -0.0156782 -0.0421344 -0.0397011 -0.0283964 -0.0395021 -0.00903295 -0.0411701 -0.0328617 -0.044567 -0.0404781 -0.0426 -0.040568
internal_weight=3.45034e+06 3.39584e+06 170812 169937 54500 74053 40657 33088 33396 11780 29160 22313 3928 10551 1229 6245 4854 2147 2388 95884 3.22502e+06 17014 3932 5156 2280 2794 1715 1646 28240 32684 837 480172 10842 1643 1151 13082 1138 466367 1540 1391 17398 875 1028 5299 948 4957 3468 2305 1163 647 1268 23725 1263 1361 944 698 14542 871 7569 1417 6847 3455
internal_count=3450337 3395837 170812 169937 54500 74053 40657 33088 33396 11780 29160 22313 3928 10551 1229 6245 4854 2147 2388 95884 3225025 17014 3932 5156 2280 2794 1715 1646 28240 32684 837 480172 10842 1643 1151 13082 1138 466367 1540 1391 17398 875 1028 5299 948 4957 3468 2305 1163 647 1268 23725 1263 1361 944 698 14542 871 7569 1417 6847 3455
cat_boundaries=0 4 7 11 14 17 20 24 28 32 33
cat_threshold=134225920 8388608 1610620928 4 131328 17303696 268439552 656810048 4188602544 2417033568 129 1284 2074 268435520 34816 2072 268437568 671155457 25690114 268435520 1024 8652808 0 4 553648128 41943180 8390656 4 3076 8388612 268435520 4 1024
is_linear=0
shrinkage=0.05


Tree=26
num_leaves=63
num_cat=8
split_feature=1 2 7 4 42 0 18 0 10 42 7 10 7 6 43 18 6 7 0 18 34 43 42 0 10 0 9 42 6 7 20 28 7 26 0 0 0 28 42 6 7 7 7 19 7 7 18 37 6 38 7 6 7 7 16 3 43 7 35 35 43 37
split_gain=39818.7 6049.59 1971.22 900.454 803.919 1095.51 486.432 436.715 199.348 143.164 118.973 96.0746 90.3447 88.3149 88.2926 87.1165 55.5736 54.1234 49.008 48.1163 44.8337 43.26 42.5271 39.1745 34.0521 32.2498 30.5609 29.598 29.52 27.3021 25.0638 23.5022 24.7206 23.0996 22.7455 21.5278 20.3995 20.1805 19.6205 19.5377 18.5051 17.7471 23.13 17.6764 16.0398 21.9286 15.9179 15.4507 15.0644 14.9664 20.6945 14.5452 14.3582 16.0992 14.2624 26.1943 13.5206 13.0452 12.9358 12.8288 12.399 12.2516
threshold=1.0000000180025095e-35 1.0000000180025095e-35 1.0000000180025095e-35 -1.0000000180025095e-35 -0.35206145048141474 0 0.77500000596046459 1 0.95833334326744091 -0.68322628736495961 1.5500000119209292 1.2916666865348818 0.15000000223517421 1.0000000180025095e-35 0.65233618021011364 19.562500000000004 0.35000000894069677 0.15000000223517421 2 10.183333396911623 1.0500000119209292 0.85673803091049205 -0.032701563090086067 3 5.2916667461395273 4 0.030080261640250686 -0.72947329282760609 1.2500000000000002 0.45000000298023229 2.1833333969116215 0.051905291154980666 0.15000000223517421 -0.017449795268476006 5 6 7 0.036731028929352767 -0.84874749183654774 4.9500000476837167 0.45000000298023229 0.15000000223517421 1.2500000000000002 3.5000000000000004 0.55000001192092907 0.15000000223517421 4.1833331584930429 2.3514999151229863 1.0000000180025095e-35 6.5000000000000009 0.35000000894069677 1.0000000180025095e-35 0.15000000223517421 0.84999999403953563 7.2500000000000009 0.25000000745058065 0.30983042716979986 0.25000000745058065 1.0000000180025095e-35 2.4500000476837163 0.89787620306015026 6.7225000858306894
decision_type=10 10 2 8 2 9 10 9 2 2 2 2 2 2 2 10 2 2 9 10 2 2 2 9 2 9 2 2 2 2 10 2 2 10 9 9 9 2 2 2 2 2 2 2 2 2 8 2 2 2 2 2 2 2 10 10 2 2 2 2 2 2
left_child=1 2 20 -4 5 6 9 10 -9 14 13 -7 -11 17 18 23 22 58 41 28 -1 43 46 40 -18 31 -3 -25 49 -19 36 32 38 -23 -26 -35 -22 -17 -16 -30 -8 47 -43 56 45 -27 52 -5 -21 50 -13 -42 -10 57 55 -36 -14 -54 61 -34 -47 -6
right_child=-2 26 3 4 7 11 15 8 16 12 -12 19 21 -15 25 37 24 29 -20 48 30 33 -24 27 34 44 -28 -29 39 -31 -32 -33 59 35 54 -37 -38 -39 -40 -41 51 42 -44 -45 -46 60 -48 -49 -50 -51 -52 -53 53 -55 -56 -57 -58 -59 -60 -61 -62 -63
leaf_value=0 0.0013176004919624883 -7.3422573480897159e-05 1.1773335018548686e-08 0 0 0 0 -1.5207248094603972e-07 0 0 0 0 0 0 0 0 0 0 0 0 0 0 0 0 0 0 -3.6979257689261842e-05 0 0 0 0 0 0 0 0 0 0 0 0 0 0 0 0 0 0 0 0 0 0 0 0 0 0 0 0 0 0 0 0 0 0 0
leaf_weight=2831985 42720 347 1265 338 1775 295 1245 244 2612 2209 1968 1460 835 397 651 2509 3046 1142 1879 17470 36438 206 82617 1574 212 921 7281 1077 821 284 13996 213 1609 226 1339 1047 342606 2394 254 268 2118 1208 413 344 526 243 7190 1157 1458 10462 1782 300 1139 2720 1771 1108 860 1307 843 215 349 1049
leaf_count=2831985 42720 347 1265 338 1775 295 1245 244 2612 2209 1968 1460 835 397 651 2509 3046 1142 1879 17470 36438 206 82617 1574 212 921 7281 1077 821 284 13996 213 1609 226 1339 1047 342606 2394 254 268 2118 1208 413 344 526 243 7190 1157 1458 10462 1782 300 1139 2720 1771 1108 860 1307 843 215 349 1049
internal_value=-0.0463316 -0.046933 -0.0470328 -0.041864 -0.0421701 -0.0375428 -0.0299573 -0.0446706 -0.0455062 -0.0242879 -0.0327671 -0.0435244 -0.0305889 -0.0290301 -0.0206706 -0.0379208 -0.0456154 -0.0308006 -0.0253679 -0.0437857 -0.0473132 -0.0256126 -0.0459337 -0.0340379 -0.0414607 -0.0159601 -0.00245543 -0.0287946 -0.0416493 -0.0225351 -0.0468128 -0.0124475 -0.0112413 -0.0191024 -0.0386625 -0.0165888 -0.0468895 -0.0429212 -0.0179972 -0.0337259 -0.0376511 -0.0212284 -0.0176727 -0.0303347 -0.0208651 -0.0183526 -0.0434814 -0.0252258 -0.0454554 -0.0422789 -0.0393106 -0.040304 -0.0419137 -0.0403862 -0.0394998 -0.0371199 -0.0282375 -0.0374428 -0.0340149 -0.00788925 -0.0108446 -0.0356374
internal_weight=3.45034e+06 3.40762e+06 3.39999e+06 174964 173699 60936 26920 112763 105305 15703 7458 34016 5727 5490 9976 11217 105061 5093 4995 33721 3.22502e+06 3518 97585 6314 7476 4981 7628 2651 14793 1426 393040 2942 2729 1479 4430 1273 379044 4903 905 1089 3663 3116 1621 2039 2039 1513 14968 1495 18928 13704 3242 2418 7778 5166 4218 2447 1695 2446 3667 1824 592 2824
internal_count=3450337 3407617 3399989 174964 173699 60936 26920 112763 105305 15703 7458 34016 5727 5490 9976 11217 105061 5093 4995 33721 3225025 3518 97585 6314 7476 4981 7628 2651 14793 1426 393040 2942 2729 1479 4430 1273 379044 4903 905 1089 3663 3116 1621 2039 2039 1513 14968 1495 18928 13704 3242 2418 7778 5166 4218 2447 1695 2446 3667 1824 592 2824
cat_boundaries=0 4 8 11 14 17 20 24 27
cat_threshold=2362628 556337306 269486432 1 16777216 276824064 0 4 2097152 17303570 269484096 3328 16842776 64 2098176 17301650 268437760 100667396 8 524288 0 589824 0 1 671155457 1098907650 268435520
is_linear=0
shrinkage=0.05


Tree=27
num_leaves=63
num_cat=12
split_feature=8 7 42 0 2 18 0 1 2 41 7 7 7 2 7 4 41 20 8 7 0 41 7 35 42 18 19 8 2 41 41 4 42 7 31 20 41 0 0 19 44 0 18 41 0 0 41 0 41 7 0 35 28 0 7 23 28 35 36 0 7 29
split_gain=47698.4 1469.95 738.366 1080.3 472.385 466.248 355.616 193.573 184.315 160.178 108.284 106.832 137.087 91.5996 86.1073 79.9892 76.5463 66.812 121.21 78.7975 60.3764 58.6353 53.5544 41.3571 40.913 37.1568 35.5069 32.7885 158.35 31.5352 30.3956 28.2466 42.6677 26.946 26.1284 26.0703 23.7073 20.975 20.8104 19.0145 18.9119 17.7728 16.9777 17.5722 15.1645 14.4262 14.3854 13.9199 30.2525 35.0512 13.5526 13.5351 13.2621 14.2473 13.3362 13.1664 12.9921 12.9867 12.8143 12.3852 18.4101 12.1837
threshold=1.0000000180025095e-35 1.0000000180025095e-35 -0.35206145048141474 0 1.0000000180025095e-35 0.77500000596046459 1 1.0000000180025095e-35 1.0000000180025095e-35 -0.52778512239456166 1.5500000119209292 0.15000000223517421 1.0500000119209292 1.0000000180025095e-35 0.84999999403953563 -1.0000000180025095e-35 0.68322628736495983 3.7083333730697636 0.070833336561918273 4.8500001430511483 2 0.77259656786918651 0.15000000223517421 2.0499999523162846 -0.032701563090086067 11.937500000000002 4.5000000000000009 0.070833336561918273 1.0500000119209292 -0.77259656786918629 -0.097964655607938753 -1.0000000180025095e-35 -0.35206145048141474 0.45000000298023229 0.05172413773834706 2.1833333969116215 -0.58216583728790272 3 4 2.5000000000000004 -0.13398942351341245 5 4.1833331584930429 0.93540480732917797 6 7 0.2269546836614609 8 0.16280825436115268 0.35000000894069677 9 1.1500000357627871 0.049337463453412063 10 0.15000000223517421 0.043597053736448295 0.0098039219155907648 1.3499999642372134 4.5000000000000009 11 0.25000000745058065 2.2250925302505498
decision_type=2 2 2 9 10 10 9 10 10 2 2 2 2 10 2 8 2 10 2 2 9 2 2 2 2 10 2 2 10 2 2 10 2 2 2 10 2 9 9 2 2 9 8 2 9 9 2 9 2 2 9 2 2 9 2 8 2 2 2 9 2 2
left_child=1 23 3 5 6 9 10 13 25 45 22 16 21 15 36 -2 41 18 29 -19 40 38 30 -1 42 47 59 -15 31 -17 39 32 50 -24 -16 37 -7 -25 -13 56 -14 -11 43 -8 -31 -3 -22 55 -49 51 -29 -50 53 54 -38 -5 -4 -26 -36 60 -23 -56
right_child=7 2 4 8 -6 14 24 -9 -10 11 -12 12 20 27 34 17 -18 19 -20 -21 46 26 33 35 57 -27 -28 28 -30 44 -32 -33 -34 -35 58 -37 52 -39 -40 -41 -42 -43 -44 -45 -46 -47 -48 48 49 -51 -52 -53 -54 -55 61 -57 -58 -59 -60 -61 -62 -63
leaf_value=0 1.1184668267621253e-08 0 0 0 1.5523166870638286e-06 0 0 0.0012517204673643638 4.553525239815444e-06 0 0 0 0 4.8238788756969381e-06 0 0 0 0 1.2427409186245835e-08 0 0 0 0 0 0 0 0 -7.107115204491481e-05 4.5470989451053929e-06 0 0 -0.00033380411629043788 -0.00018563946044467981 0 0 0 0 0 0 0 0 0 0 0 0 0 0 0 0 0 -7.729574135179702e-05 0 0 0 0 0 0 0 0 0 0 0
leaf_weight=2744853 1265 830 479 10625 522 678 2753 42720 212 1016 1952 2237 219 2791 3643 451 1731 511 1316 202 658 309 1198 44077 71836 18186 281 209 2604 761 1290 330 535 317 1362 13805 673 422290 1522 1378 389 2540 7929 5241 521 1103 947 2279 497 1416 284 217 247 1509 316 233 571 15978 2007 667 596 223
leaf_count=2744853 1265 830 479 10625 522 678 2753 42720 212 1016 1952 2237 219 2791 3643 451 1731 511 1316 202 658 309 1198 44077 71836 18186 281 209 2604 761 1290 330 535 317 1362 13805 673 422290 1522 1378 389 2540 7929 5241 521 1103 947 2279 497 1416 284 217 247 1509 316 233 571 15978 2007 667 596 223
internal_value=-0.046329 -0.0470738 -0.0425536 -0.0380496 -0.044953 -0.0302782 -0.0451763 7.61469e-05 -0.043961 -0.024622 -0.0341748 -0.0226411 -0.0189313 -0.00559847 -0.038291 -0.0107087 -0.0281317 -0.014366 -0.0111438 -0.0281452 -0.0294702 -0.0147755 -0.0304734 -0.0473132 -0.0459306 -0.0442686 -0.0220548 -0.00179439 -0.00471858 -0.0198312 -0.0337023 -0.0185604 -0.0144747 -0.0225495 -0.0415317 -0.0468851 -0.0320584 -0.0469485 -0.0111872 -0.0369975 -0.015178 -0.0239342 -0.0436031 -0.0419771 -0.0158307 -0.0380587 -0.0345743 -0.0424499 -0.0390196 -0.0348239 -0.0250862 -0.0257913 -0.0301314 -0.0291244 -0.0240344 -0.0437666 -0.0319286 -0.0463578 -0.0383578 -0.0191285 -0.0231011 -0.018372
internal_weight=3.45034e+06 3.39584e+06 170812 59368 111444 25703 110922 54500 33665 15045 7185 13112 7825 11780 10658 5027 5287 3762 3049 713 2213 5612 5233 3.22502e+06 103737 33453 1853 6753 3962 1733 3718 1358 1028 1515 7012 480172 3646 466367 3759 2428 608 3556 15923 7994 1282 1933 1605 15267 4409 2130 493 714 2968 2721 1212 10858 1050 87814 3369 1572 905 539
internal_count=3450337 3395837 170812 59368 111444 25703 110922 54500 33665 15045 7185 13112 7825 11780 10658 5027 5287 3762 3049 713 2213 5612 5233 3225025 103737 33453 1853 6753 3962 1733 3718 1358 1028 1515 7012 480172 3646 466367 3759 2428 608 3556 15923 7994 1282 1933 1605 15267 4409 2130 493 714 2968 2721 1212 10858 1050 87814 3369 1572 905 539
cat_boundaries=0 4 8 12 15 18 20 24 27 31 34 37 40
cat_threshold=265476 556337306 269486432 1 17039360 276824064 0 4 0 128 256 1 671155457 25690114 268435520 4 16779282 268437504 260 524416 3108 25165828 268435520 4 260 65554 269484064 454152867 1149280293 1811944452 260 16910592 17301504 268435520 4 2178 268437568 0 16777234 268437504
is_linear=0
shrinkage=0.05


Tree=28
num_leaves=63
num_cat=6
split_feature=8 2 0 42 28 43 0 2 41 43 36 28 8 20 6 41 0 4 4 0 4 0 28 43 34 41 44 19 8 8 44 34 0 20 19 41 6 42 36 44 32 28 43 41 28 8 4 28 43 29 28 43 41 19 43 44 43 15 43 44 28 35
split_gain=47715.2 860.368 366.955 246.427 214.719 286.978 371.299 116.342 100.974 87.3721 71.7788 65.3397 63.7786 51.6451 75.6494 48.064 61.8968 47.9592 74.2541 46.2919 38.1232 33.6112 115.837 39.4607 32.9256 31.4037 29.4822 33.3256 28.119 57.0646 26.8188 23.4874 21.0697 20.8464 19.3134 18.4181 18.3545 18.2642 20.1159 17.9881 65.3418 24.3059 36.9557 17.7445 17.3905 16.4416 22.2146 15.8888 24.7274 15.7947 14.9691 13.9044 13.2898 11.8677 39.805 36.7933 11.4297 11.41 10.9575 14.0985 16.2385 10.8668
threshold=1.0000000180025095e-35 1.0000000180025095e-35 0 -0.35206145048141474 0.044210137799382217 0.62587949633598339 1 1.0000000180025095e-35 -0.2901292592287063 0.9159645438194276 3.5000000000000004 0.0058823532890528449 0.012500000651925804 3.1833333969116215 4.9500000476837167 0.032701563090086053 2 -1.0000000180025095e-35 1.0000000180025095e-35 3 1.0000000180025095e-35 4 0.013725490774959328 0.89017060399055492 1.0500000119209292 0.77259656786918651 -0.81427544355392445 4.5000000000000009 0.095833335071802153 0.070833336561918273 -0.79382744431495655 1.0000000180025095e-35 5 2.1833333969116215 2.5000000000000004 -0.47114434838294977 1.0000000180025095e-35 -0.81241145730018605 2.5000000000000004 -0.86974579095840443 0.05172413773834706 0.013725490774959328 -0.79384350776672352 0.68322628736495983 0.058037718757987029 0.037500001490116126 1.0000000180025095e-35 0.021568628028035167 0.07411635667085649 2.8041059970855717 0.0098039219155907648 -0.10837695002555846 -0.77259656786918629 2.5000000000000004 0.72695311903953563 -0.63919836282730091 0.27694219350814825 9.854166507720949 -0.048361575230956071 0.26659387350082403 0.0098039219155907648 1.8499999642372134
decision_type=2 10 9 2 2 2 9 10 2 2 2 2 2 10 2 2 9 10 10 9 10 9 2 2 2 2 2 2 2 2 2 2 9 8 2 2 2 2 2 2 2 2 2 2 2 2 10 2 2 2 2 2 2 2 2 2 2 10 2 2 2 2
left_child=1 2 3 4 5 10 8 12 -7 43 11 26 20 45 17 -8 49 -15 57 25 35 22 23 30 36 61 27 -1 29 -9 56 -23 -31 -26 -28 -2 -4 38 -13 40 -40 42 -41 50 -6 46 52 48 -24 -17 -10 -43 -14 55 -55 -50 -5 -19 59 60 -12 -11
right_child=7 -3 24 21 44 6 15 28 9 19 58 37 13 14 -16 16 -18 18 -20 -21 -22 31 47 -25 33 -27 34 -29 -30 32 -32 -33 -34 -35 -36 -37 -38 -39 39 41 -42 51 -44 -45 -46 -47 -48 -49 53 -51 -52 -53 -54 54 -56 -57 -58 -59 -60 -61 -62 -63
leaf_value=0 0 1.6616748598051777e-06 0 0 0 0 0 4.4132137272885916e-06 0 0 0 0 0 -0.003585240627147586 -1.147900164308497e-09 0 0 0 -0.003585240627147586 0 -0.0038108656305096606 0 0 0 0 0 0 0 1.9179468469641149e-05 -6.6107186903097175e-05 0 0 -6.0168777976872699e-05 0 0 0 0 0 0 0 0 0 0 0 0 1.1806038726933544e-08 0.0011891344439961455 0 0 0 0 0 0 0 0 0 0 0 0 0 0 0
leaf_weight=319 433 875 2526484 430 72348 2324 7959 3154 249 761 9312 2435 254 326 1413 2460 4007 202 366 1879 370 219398 2892 409 347694 377 344 241 37004 529 5353 64764 1243 13122 855 523 5202 6313 369 335 477 1814 1298 1163 7129 6621 768 18770 213 937 2295 352 906 695 200 1354 316 388 17255 19635 22216 208
leaf_count=319 433 875 2526484 430 72348 2324 7959 3154 249 761 9312 2435 254 326 1413 2460 4007 202 366 1879 370 219398 2892 409 347694 377 344 241 37004 529 5353 64764 1243 13122 855 523 5202 6313 369 335 477 1814 1298 1163 7129 6621 768 18770 213 937 2295 352 906 695 200 1354 316 388 17255 19635 22216 208
internal_value=-0.0463289 -0.0470738 -0.0470866 -0.0458093 -0.0443761 -0.0429265 -0.038182 8.44037e-05 -0.030122 -0.0271307 -0.0443242 -0.0412104 -0.00413484 -0.00291178 -0.00894712 -0.0429905 -0.0401189 -0.0177418 -0.0233891 -0.0211124 -0.014506 -0.0466652 -0.0447236 -0.0388184 -0.0473081 -0.0136689 -0.0321504 -0.0226786 0.00134927 -0.00219955 -0.0398266 -0.0468712 -0.00937923 -0.0468614 -0.0365742 -0.0197803 -0.047372 -0.0424003 -0.0406568 -0.0387271 -0.0321336 -0.0401954 -0.0355894 -0.0323665 -0.0463494 -0.00100918 -0.00507261 -0.0463352 -0.0439326 -0.0345634 -0.0300275 -0.0436681 -0.00943966 -0.0402498 -0.0356564 -0.0428733 -0.030945 -0.0343644 -0.0450138 -0.0453813 -0.0447263 -0.00900671
internal_weight=3.45034e+06 3.39584e+06 3.39496e+06 502460 187666 108189 24619 54500 9256 6932 83570 15152 12570 11244 2695 15363 7404 1282 956 3225 1326 314794 30632 6508 2.8925e+06 1346 1759 560 41930 4926 6099 284162 1772 360816 1199 956 2.53169e+06 13393 7080 4645 846 3799 1633 3707 79477 8549 1928 24124 5354 3397 2544 2166 1160 2462 895 1567 746 590 68418 51163 31528 969
internal_count=3450337 3395837 3394962 502460 187666 108189 24619 54500 9256 6932 83570 15152 12570 11244 2695 15363 7404 1282 956 3225 1326 314794 30632 6508 2892502 1346 1759 560 41930 4926 6099 284162 1772 360816 1199 956 2531686 13393 7080 4645 846 3799 1633 3707 79477 8549 1928 24124 5354 3397 2544 2166 1160 2462 895 1567 746 590 68418 51163 31528 969
cat_boundaries=0 4 7 9 11 15 17
cat_threshold=151127300 25692186 268435520 4 256 17301522 268435520 1028 2056 0 17301520 0 8388608 0 4 256 25954312
is_linear=0
shrinkage=0.05


Tree=29
num_leaves=63
num_cat=12
split_feature=8 7 42 0 2 18 0 2 41 2 5 7 7 7 7 41 0 41 7 8 49 10 34 42 8 18 19 41 8 8 5 41 7 18 42 41 14 0 0 19 44 0 0 18 41 26 8 0 41 0 41 7 35 28 0 7 34 28 35 0 0 7
split_gain=47689.2 1469.95 738.366 1080.3 472.385 466.248 355.616 184.315 160.178 115.635 144.606 108.284 106.832 137.087 86.1073 76.5463 60.3764 58.6353 53.5544 47.8299 68.2831 58.7648 44.8337 40.913 39.9256 37.1568 35.5069 30.3956 27.8551 57.0646 48.1793 26.99 26.946 25.305 23.9522 23.7073 23.4707 21.2327 20.8104 19.0145 18.9119 18.7177 17.7728 16.9777 17.5722 16.7443 14.5884 14.4262 14.3854 13.9199 30.2525 35.0512 13.5351 13.2621 14.2473 13.3362 13.0351 12.9921 12.9867 12.4018 12.3852 18.4101
threshold=1.0000000180025095e-35 1.0000000180025095e-35 -0.35206145048141474 0 1.0000000180025095e-35 0.77500000596046459 1 1.0000000180025095e-35 -0.52778512239456166 1.0000000180025095e-35 1.0000000180025095e-35 1.5500000119209292 0.15000000223517421 1.0500000119209292 0.84999999403953563 0.68322628736495983 2 0.77259656786918651 0.15000000223517421 0.020833333954215053 9.6500000953674334 8.7083334922790545 1.0500000119209292 -0.032701563090086067 0.070833336561918273 11.937500000000002 4.5000000000000009 -0.097964655607938753 0.095833335071802153 0.070833336561918273 -1.0000000180025095e-35 -0.77259656786918629 0.45000000298023229 18.854166984558109 -0.35206145048141474 -0.58216583728790272 8.2500000000000018 3 4 2.5000000000000004 -0.13398942351341245 5 6 4.1833331584930429 0.93540480732917797 0.0071943989023566255 0.57083332538604747 7 0.2269546836614609 8 0.16280825436115268 0.35000000894069677 1.1500000357627871 0.049337463453412063 9 0.15000000223517421 1.0000000180025095e-35 0.0098039219155907648 1.3499999642372134 10 11 0.25000000745058065
decision_type=2 2 2 9 10 10 9 10 2 10 10 2 2 2 2 2 9 2 2 2 2 2 2 2 2 10 2 2 2 2 10 2 2 10 2 2 10 9 9 2 2 9 9 8 2 10 2 9 2 9 2 2 2 2 9 2 2 2 2 9 9 2
left_child=1 22 3 5 6 8 11 25 47 10 19 18 15 17 35 42 40 38 27 31 24 -22 -1 43 59 49 60 39 29 -11 34 -2 -20 41 -31 -7 37 -24 -14 57 -15 -16 -10 44 -8 -29 -23 -3 56 -5 -51 52 -52 54 55 -37 -18 -4 -25 -21 61 -19
right_child=9 2 4 7 -6 14 23 -9 12 28 -12 -13 13 16 33 -17 48 26 32 20 21 46 36 58 -26 -27 -28 45 -30 30 -32 -33 -34 -35 -36 53 -38 -39 -40 -41 -42 -43 -44 -45 -46 -47 -48 -49 -50 50 51 -53 -54 -55 -56 -57 -58 -59 -60 -61 -62 -63
leaf_value=0 0 0 0 0 1.3916171097203783e-06 0 0 4.2427652348344123e-06 0 4.1925530409241614e-06 0.0011296777217963386 0 0 0 0 0 0 0 0 -5.9030193634667729e-10 -1.4568052929439671e-07 0 0 0 4.7205497442100599e-06 0 0 0 1.822049504615909e-05 -6.5084625151837756e-05 -0.0038075602711645055 0 0 0 -3.9461773563905857e-05 0 0 0 0 0 0 0 0 0 0 0 0 0 0 0 0 0 0 0 0 0 0 0 0 -5.9030193634667729e-10 0 0
leaf_weight=2831985 364 830 479 10858 522 678 2753 212 1016 3154 7540 1952 2237 219 864 1731 402 309 1198 535 552 506 37381 71836 1502 18186 281 676 37004 480 797 1009 317 4016 495 673 9954 345705 1522 1378 389 2132 2540 7929 5241 614 239 1103 947 2279 497 1416 217 247 1509 539 256 571 15978 323 667 596
leaf_count=2831985 364 830 479 10858 522 678 2753 212 1016 3154 7540 1952 2237 219 864 1731 402 309 1198 535 552 506 37381 71836 1502 18186 281 676 37004 480 797 1009 317 4016 495 673 9954 345705 1522 1378 389 2132 2540 7929 5241 614 239 1103 947 2279 497 1416 217 247 1509 539 256 571 15978 323 667 596
internal_value=-0.0463291 -0.0470738 -0.0425536 -0.0380496 -0.044953 -0.0302782 -0.0451763 -0.043961 -0.024622 7.15597e-05 -0.00413484 -0.0341748 -0.0226411 -0.0189313 -0.038291 -0.0281317 -0.0294702 -0.0147755 -0.0304734 -0.0107008 -0.00771329 -0.0169295 -0.0473132 -0.0459306 -0.0026483 -0.0442686 -0.0220548 -0.0337023 0.00133258 -0.00219955 -0.00937923 -0.018658 -0.0225495 -0.0415317 -0.0168333 -0.0320584 -0.0468128 -0.0468751 -0.0111872 -0.0369975 -0.015178 -0.0380541 -0.0239342 -0.0436031 -0.0419771 -0.0275 -0.0260906 -0.0380587 -0.0345743 -0.0424499 -0.0390196 -0.0348239 -0.0257913 -0.0301314 -0.0291244 -0.0240344 -0.0291109 -0.0319286 -0.0463578 -0.0112529 -0.0191285 -0.0231011
internal_weight=3.45034e+06 3.39584e+06 170812 59368 111444 25703 110922 33665 15045 54500 12570 7185 13112 7825 10658 5287 2213 5612 5233 5030 3657 1297 3.22502e+06 103737 2360 33453 1853 3718 41930 4926 1772 1373 1515 7012 975 3646 393040 383086 3759 2428 608 2996 3556 15923 7994 1290 745 1933 1605 15267 4409 2130 714 2968 2721 1212 658 1050 87814 858 1572 905
internal_count=3450337 3395837 170812 59368 111444 25703 110922 33665 15045 54500 12570 7185 13112 7825 10658 5287 2213 5612 5233 5030 3657 1297 3225025 103737 2360 33453 1853 3718 41930 4926 1772 1373 1515 7012 975 3646 393040 383086 3759 2428 608 2996 3556 15923 7994 1290 745 1933 1605 15267 4409 2130 714 2968 2721 1212 658 1050 87814 858 1572 905
cat_boundaries=0 4 8 12 16 19 22 24 27 31 34 38 41
cat_threshold=265476 556337306 269486432 1 17039360 276824064 0 4 0 128 256 1 671155457 1098907650 268435520 1024 4 16779282 268437504 0 524426 269484320 260 524416 260 65554 269484064 454152867 1149280293 1811944452 260 4 2178 268437568 16779296 25165826 268435520 4 0 16777234 268437504
is_linear=0
shrinkage=0.05


Tree=30
num_leaves=63
num_cat=5
split_feature=8 2 0 28 1 43 41 0 28 0 2 49 10 35 8 2 5 34 36 28 8 41 34 43 20 35 38 41 9 9 27 26 29 32 9 35 43 32 8 8 41 38 41 10 36 48 28 8 8 2 8 0 8 49 41 28 0 48 36 27 41 43
split_gain=47933.1 836.766 367.003 185.223 164.552 139.226 113.369 73.5596 85.0648 123.519 69.5722 53.7381 84.7151 48.9486 40.6788 52.7898 38.5127 38.0864 37.8523 38.6109 35.3223 35.188 33.3477 28.1053 22.9181 19.5092 19.031 18.2465 18.1711 17.7136 17.2678 27.4173 24.7635 16.956 15.529 15.4213 14.9511 13.8659 13.3164 13.1438 12.456 15.7194 20.2853 11.8008 11.7243 11.4401 10.4247 9.98441 21.6266 32.8314 23.6312 16.1697 11.1906 9.97602 9.83299 10.5833 20.7033 9.58892 10.1826 9.51515 10.3849 9.30371
threshold=1.0000000180025095e-35 1.0000000180025095e-35 0 0.044210137799382217 1.0000000180025095e-35 0.8431384563446046 1.0000000180025095e-35 1 0.021568628028035167 2 1.0500000119209292 9.5000000000000018 14.125000000000002 0.15000000223517421 0.012500000651925804 1.0000000180025095e-35 -0.15000000223517415 1.0000000180025095e-35 3.5000000000000004 0.013725490774959328 0.070833336561918273 0.88144907355308544 1.0500000119209292 -0.013976118760183452 2.2749999761581425 1.2500000000000002 21.500000000000004 -0.77259656786918629 0.028186048381030563 0.0082167778164150568 0.038691813126206405 0.024130420759320263 0.95072752237319957 1.0000000180025095e-35 0.0082167778164150568 0.15000000223517421 -0.039770090952515595 1.0000000180025095e-35 0.070833336561918273 0.51249998807907116 0.88144907355308544 6.5000000000000009 -0.2901292592287063 51.291666030883796 8.5000000000000018 -0.92250812053680409 0.0098039219155907648 0.11250000074505807 0.070833336561918273 1.0000000180025095e-35 0.020833333954215053 3 0.037500001490116126 0.0224999999627471 -0.35206145048141474 0.025490196421742443 4 -0.7661667764186858 7.5000000000000009 0.038691813126206405 0.93540480732917797 0.022575936280190948
decision_type=2 10 9 2 10 2 2 9 2 9 10 2 2 2 2 10 10 2 2 2 2 2 2 2 10 2 2 2 2 2 2 10 2 2 2 2 2 2 2 2 2 2 2 2 2 2 2 2 2 10 2 9 2 2 2 2 9 2 2 2 2 2
left_child=1 2 3 5 10 13 26 -8 17 -10 11 14 -13 23 15 27 20 30 19 40 -16 25 29 -1 -24 -19 -7 -2 38 43 -9 32 37 -21 36 -5 46 -32 -18 -14 41 61 -43 -4 -39 -33 53 48 49 50 -30 -50 -52 -20 -25 59 -57 -27 -59 -56 -61 -15
right_child=4 -3 22 35 -6 6 7 8 9 -11 -12 12 39 18 16 -17 28 21 34 33 -22 -23 24 54 -26 57 -28 -29 47 -31 31 45 -34 -35 -36 -37 -38 44 -40 -41 -42 42 -44 -45 -46 -47 -48 -49 51 -51 52 -53 -54 -55 55 56 -58 58 -60 60 -62 -63
leaf_value=0 0 1.5090102613289003e-06 0 0 0.0011872644458203554 0 0 0 0 0 2.4497458220601114e-06 -1.8859845523326939e-07 -2.4982362835192607e-07 0 1.362288630890781e-05 4.2506978598223654e-06 0 0 0 0 -0.00028138396988522878 0 0 0 0 0 0 0 0 0 0 0 0 0 0 0 0 0 -6.0234460688969604e-05 -1.6964237457259997e-07 0 0 0 0 0 0 0 4.4845222569995576e-06 -3.9965790096763962e-05 4.1523965935014529e-06 2.9515096817333866e-11 -4.4915854643349308e-05 -5.607868395293434e-10 0 0 0 0 0 0 0 0 0
leaf_weight=85568 272 851 54708 154861 42644 16554 8030 1608 563 629 2579 580 498 3405 213 381 315 1163 19876 421 519 1107 347895 20032 12581 313 1845 691 230 5185 422 272 1892 10234 2031 78023 16331 687 270 274 1411 704 1169 2471790 228 2103 40064 1383 204 2180 361 483 392 514 6708 230 611 477 266 17675 4287 740
leaf_count=85568 272 851 54708 154861 42644 16554 8030 1608 563 629 2579 580 498 3405 213 381 315 1163 19876 421 519 1107 347895 20032 12581 313 1845 691 230 5185 422 272 1892 10234 2031 78023 16331 687 270 274 1411 704 1169 2471790 228 2103 40064 1383 204 2180 361 483 392 514 6708 230 611 477 266 17675 4287 740
internal_value=-0.0463275 -0.0470739 -0.0470863 -0.0458098 0.000205117 -0.04492 -0.0421212 -0.0394914 -0.0367227 -0.024094 -0.00501374 -0.00703926 -0.01625 -0.0453803 -0.00546174 -0.0133854 -0.00383588 -0.0381861 -0.0445227 -0.0424596 -0.0146448 -0.0337598 -0.047308 -0.0459953 -0.0468582 -0.0301273 -0.0449455 -0.0196184 -0.00247594 -0.0473722 -0.0402274 -0.0389168 -0.0359175 -0.0443888 -0.0449961 -0.0468441 -0.0451102 -0.0307087 -0.0108333 -0.0270984 -0.0396928 -0.0387014 -0.0348999 -0.0473782 -0.0341667 -0.0429947 -0.0454728 -0.00154166 -0.00285065 -0.00110417 -0.00869023 -0.0108916 -0.00440571 -0.0445525 -0.0450476 -0.0444672 -0.0389388 -0.0350473 -0.0319549 -0.0446294 -0.044126 -0.0404192
internal_weight=3.45053e+06 3.39606e+06 3.39521e+06 503054 54469 270170 38159 19760 11730 1192 11825 9246 1352 232011 7894 1344 6550 10538 96900 18084 732 3326 2.89216e+06 135111 360476 2219 18399 963 5818 2.53168e+06 7212 5604 3229 10655 78816 232884 76785 1337 585 772 7429 6018 1873 2.5265e+06 915 2375 60454 5233 3850 3163 983 687 753 20390 49543 29511 841 1056 743 28670 21962 4145
internal_count=3450533 3396064 3395213 503054 54469 270170 38159 19760 11730 1192 11825 9246 1352 232011 7894 1344 6550 10538 96900 18084 732 3326 2892159 135111 360476 2219 18399 963 5818 2531683 7212 5604 3229 10655 78816 232884 76785 1337 585 772 7429 6018 1873 2526498 915 2375 60454 5233 3850 3163 983 687 753 20390 49543 29511 841 1056 743 28670 21962 4145
cat_boundaries=0 4 8 10 12 15
cat_threshold=151127300 25692186 268435520 4 151127044 8388608 0 4 256 17303568 1028 8652808 1024 17303552 268435456
is_linear=0
shrinkage=0.05


Tree=31
num_leaves=63
num_cat=9
split_feature=8 7 42 0 18 5 0 5 43 7 8 7 42 42 7 0 34 5 1 7 18 42 7 7 0 7 20 9 28 1 9 8 42 0 42 0 40 7 40 42 7 7 18 43 7 29 26 7 0 7 36 7 7 0 7 9 13 34 24 37 36 0
split_gain=48860.7 1460.13 749.753 1079.57 458.22 451.181 355.218 176.28 129.961 106.059 94.9385 90.7547 75.895 67.163 56.6702 51.646 46.0835 44.6586 68.2304 39.9724 38.5834 38.0605 35.5784 65.8817 29.9332 28.4885 27.7641 25.3589 24.5989 24.3966 24.1643 59.8091 38.3573 28.8099 23.0088 22.2002 20.7249 20.2232 18.7994 18.4707 17.4308 25.8697 16.5821 15.9177 15.6636 15.0684 14.9682 13.8905 13.6002 13.539 13.9779 13.1392 17.6623 12.936 21.8172 21.9901 12.9026 12.882 12.7979 12.1603 12.0874 11.8412
threshold=1.0000000180025095e-35 1.0000000180025095e-35 -0.35206145048141474 0 0.77500000596046459 -1.0000000180025095e-35 1 -1.0000000180025095e-35 0.67802080512046825 1.6500000357627871 0.020833333954215053 0.84999999403953563 -0.63405361771583546 -0.72947329282760609 0.15000000223517421 2 1.0500000119209292 -1.0000000180025095e-35 1.0000000180025095e-35 0.15000000223517421 11.775000095367433 -0.032701563090086067 1.0500000119209292 0.15000000223517421 3 0.45000000298023229 2.1833333969116215 0.043654773384332664 0.013725490774959328 1.0000000180025095e-35 0.31312465667724615 0.070833336561918273 -0.35206145048141474 4 -0.84874749183654774 5 2.3645000457763676 0.65000000596046459 3.3724999427795415 -0.77259656786918629 0.15000000223517421 1.3499999642372134 4.8541667461395273 0.89787620306015026 0.15000000223517421 2.5632071495056157 -0.0087975901551544649 0.25000000745058065 6 1.0500000119209292 4.5000000000000009 0.15000000223517421 0.84999999403953563 7 0.35000000894069677 0.0082167778164150568 0.27500000596046453 1.0000000180025095e-35 0.0033598418813198809 2.3514999151229863 6.5000000000000009 8
decision_type=2 2 2 9 10 8 9 10 2 2 2 2 2 2 2 9 2 10 10 2 10 2 2 2 9 2 10 2 2 10 2 2 2 9 2 9 2 2 2 2 2 2 8 2 2 2 10 2 9 2 2 2 2 9 2 2 8 2 10 2 2 9
left_child=1 16 3 4 8 -4 9 -5 13 14 17 39 22 15 58 40 -1 -2 27 -14 53 42 23 34 -21 -16 35 48 38 30 31 -12 33 -33 -10 -18 -24 -17 -13 61 59 -42 51 47 -15 -30 -26 -25 -19 50 -46 -8 -53 56 55 -55 -9 -23 -7 -3 -48 -6
right_child=10 2 5 7 11 6 21 20 12 -11 29 28 19 44 25 37 26 18 -20 24 -22 57 36 43 46 -27 -28 -29 45 -31 -32 32 -34 -35 -36 -37 -38 -39 -40 -41 41 -43 -44 -45 49 -47 60 -49 -50 -51 -52 52 -54 54 -56 -57 -58 -59 -60 -61 -62 -63
leaf_value=0 4.0381629668312471e-06 0 1.2465857411679144e-06 3.9551764600262474e-06 0 0 0 0 0 0 2.8039341976467173e-11 0 0 0 0 0 0 0 0.0010138306134155034 0 0 0 0 0 0 0 0 0 0 0.0011279012235293373 1.2491181417596305e-08 -7.4901959167384142e-05 -0.00016415828710397441 -6.2031918553385755e-05 0 0 0 0 0 0 0 0 0 0 0 0 0 0 0 0 0 0 0 0 0 0 0 0 0 0 0 0
leaf_weight=2832529 748 215 498 203 1031 2020 2546 11166 1115 1907 2898 1766 747 1478 1193 1657 36330 434 779 597 18214 62092 637 507 277 339 14032 321 1569 41863 5085 348 936 416 672 342442 295 570 331 1633 904 335 7763 1364 462 3358 286 406 641 516 622 2455 3073 946 2638 252 210 25834 1699 801 578 954
leaf_count=2832529 748 215 498 203 1031 2020 2546 11166 1115 1907 2898 1766 747 1478 1193 1657 36330 434 779 597 18214 62092 637 507 277 339 14032 321 1569 41863 5085 348 936 416 672 342442 295 570 331 1633 904 335 7763 1364 462 3358 286 406 641 516 622 2455 3073 946 2638 252 210 25834 1699 801 578 954
internal_value=-0.0463203 -0.0470739 -0.0425677 -0.0380264 -0.030255 -0.0449852 -0.0451984 -0.0439394 -0.0246491 -0.0341804 0.000660422 -0.0382066 -0.0199769 -0.0292725 -0.0305604 -0.025367 -0.0473124 -0.00810554 -0.0117299 -0.0271177 -0.0442346 -0.0459507 -0.0164251 -0.0144045 -0.0229603 -0.0224674 -0.0468049 -0.0183453 -0.0415205 0.00115751 -0.00110425 -0.00373097 -0.0111765 -0.0194895 -0.0215907 -0.0468858 -0.0252361 -0.0309041 -0.036985 -0.0317731 -0.0196744 -0.0157809 -0.0436988 -0.00876482 -0.0349594 -0.0434509 -0.0277563 -0.0138746 -0.0146628 -0.0315312 -0.0283579 -0.0421123 -0.0407435 -0.0423758 -0.0386791 -0.0331845 -0.04355 -0.0463615 -0.0338942 -0.0246161 -0.0247569 -0.0285327
internal_weight=3.45053e+06 3.39606e+06 170731 59312 25683 111419 110921 33629 15041 7158 54469 10642 7481 7560 5251 4482 3.22533e+06 2923 2175 2485 33426 103763 4996 4064 1738 1532 392804 1396 7024 51546 9683 4598 1700 764 1787 378772 932 2227 2097 3618 2255 1239 15837 2277 3078 4927 1141 913 1075 1600 1084 8074 5528 15212 3836 1198 11376 87926 3719 1016 864 1985
internal_count=3450533 3396064 170731 59312 25683 111419 110921 33629 15041 7158 54469 10642 7481 7560 5251 4482 3225333 2923 2175 2485 33426 103763 4996 4064 1738 1532 392804 1396 7024 51546 9683 4598 1700 764 1787 378772 932 2227 2097 3618 2255 1239 15837 2277 3078 4927 1141 913 1075 1600 1084 8074 5528 15212 3836 1198 11376 87926 3719 1016 864 1985
cat_boundaries=0 4 8 11 14 18 21 25 29 32
cat_threshold=265476 556337306 269486432 1 16777216 276824064 0 4 0 526354 269484032 1284 2184 64 1028 25430026 0 4 671155457 1098907650 268435520 16778240 8388608 268435456 4 991023779 1082171429 1811944452 324 4 526466 268437504
is_linear=0
shrinkage=0.05


Tree=32
num_leaves=63
num_cat=9
split_feature=8 7 42 0 2 7 0 7 2 42 41 7 8 43 31 7 34 2 1 43 42 0 41 41 0 41 41 7 36 41 7 20 43 9 36 0 0 7 1 6 8 42 0 42 0 19 35 7 7 35 26 19 19 43 0 41 34 43 43 7 34 41
split_gain=48934 1460.13 749.753 1079.57 451.181 431.5 355.218 181.724 176.28 117.711 112.82 106.059 95.7156 85.8578 69.9103 56.6702 46.0835 45.477 67.3592 40.0852 38.0605 34.0592 36.1724 32.9574 32.8745 32.1969 31.1688 30.1456 30.0091 46.558 28.4885 27.7641 25.7596 25.3589 22.4662 22.2002 21.7456 24.1866 20.9958 21.8586 53.8304 48.057 26.6874 19.407 17.8325 16.3538 16.2595 15.7336 24.5395 15.5475 15.4061 14.0255 14.0234 13.6745 13.6002 13.6075 12.882 12.6302 11.3452 11.1803 10.9497 10.596
threshold=1.0000000180025095e-35 1.0000000180025095e-35 -0.35206145048141474 0 1.0000000180025095e-35 0.84999999403953563 1 0.15000000223517421 1.0000000180025095e-35 -0.84874749183654774 -0.41248606145381922 1.6500000357627871 0.020833333954215053 0.8431384563446046 0.05172413773834706 0.15000000223517421 1.0500000119209292 1.0000000180025095e-35 1.0000000180025095e-35 -0.091260667890310274 -0.032701563090086067 2 -0.41248606145381922 0.72947329282760631 3 -1.0000000180025095e-35 0.77259656786918651 1.0500000119209292 4.5000000000000009 0.032701563090086053 0.45000000298023229 2.1833333969116215 0.9159645438194276 0.043654773384332664 8.5000000000000018 4 5 0.45000000298023229 1.0000000180025095e-35 1.2500000000000002 0.070833336561918273 -0.35206145048141474 6 -0.63405361771583546 7 2.5000000000000004 1.0500000119209292 1.1500000357627871 0.25000000745058065 1.8499999642372134 -0.01375247025862336 2.5000000000000004 4.5000000000000009 0.3744682669639588 8 -0.63405361771583546 1.0000000180025095e-35 -0.37447345256805414 -0.022576250135898587 5.2500000000000009 0.45000000298023229 0.93540480732917797
decision_type=2 2 2 9 10 2 9 2 10 2 2 2 2 2 2 2 2 10 10 2 2 9 2 2 9 2 2 2 2 2 2 10 2 2 2 9 9 2 10 2 2 2 9 2 9 2 2 2 2 2 10 2 2 2 9 2 2 2 2 2 2 2
left_child=1 16 3 5 6 7 11 9 27 32 -9 15 17 23 -7 25 -1 18 33 -16 47 22 -21 24 60 45 49 28 29 -5 -17 35 44 54 -24 -18 37 -28 39 40 -14 42 -42 -11 -3 53 -31 48 -8 -15 -27 -23 57 -4 -2 -56 -22 -25 -26 -29 -12 -50
right_child=12 2 4 8 -6 14 20 10 -10 43 13 -13 38 26 19 30 31 -19 -20 21 56 51 34 52 58 50 36 59 -30 46 -32 -33 -34 -35 -36 -37 -38 -39 -40 -41 41 -43 -44 -45 -46 -47 -48 -49 61 -51 -52 -53 -54 -55 55 -57 -58 -59 -60 -61 -62 -63
leaf_value=0 0 0 0 0 1.1842564541095187e-06 0 0 0 3.7574176370249351e-06 0 0 0 2.663737487764381e-11 0 0 0 0 3.8362548184896844e-06 0.00096313908274472818 0 0 0 0 0 0 0 0 0 0 0 0 0 0 0 0 0 0 0 0.0010715061623528706 1.1866622346716489e-08 -0.00024202693135525974 -0.00015595037274877569 -5.8591242408026251e-05 0 0 0 0 0 0 0 0 0 0 0 0 0 0 0 0 0 0 0
leaf_weight=2832529 434 1034 691 609 498 4292 4201 989 203 2090 917 1907 2905 1355 2447 1193 36330 765 762 288 62092 578 705 279 691 380 343 12369 5477 527 339 14032 688 321 402 342442 462 202 41863 5165 334 884 395 2242 1818 1452 288 9709 421 372 806 1150 262 390 217 424 25834 946 921 14156 210 1506
leaf_count=2832529 434 1034 691 609 498 4292 4201 989 203 2090 917 1907 2905 1355 2447 1193 36330 765 762 288 62092 578 705 279 691 380 343 12369 5477 527 339 14032 688 321 402 342442 462 202 41863 5165 334 884 395 2242 1818 1452 288 9709 421 372 806 1150 262 390 217 424 25834 946 921 14156 210 1506
internal_value=-0.0463198 -0.0470739 -0.0425677 -0.0380264 -0.0449852 -0.030255 -0.0451984 -0.02515 -0.0439394 -0.0305348 -0.0198173 -0.0341804 0.000696222 -0.0175718 -0.0384755 -0.0305604 -0.0473124 -0.00810554 -0.0118188 -0.0347801 -0.0459507 -0.0310255 -0.0244217 -0.0220386 -0.0187851 -0.0338942 -0.0106675 -0.0442346 -0.0412908 -0.0348244 -0.0224674 -0.0468049 -0.0237712 -0.0183453 -0.0204901 -0.0468858 -0.0176589 -0.0243919 0.00119534 -0.000902871 -0.00344289 -0.0107672 -0.0202709 -0.0360619 -0.0258661 -0.0370776 -0.0270092 -0.0436988 -0.0417151 -0.00659091 -0.0270953 -0.0360069 -0.0280313 -0.0324214 -0.0146628 -0.0192742 -0.0463615 -0.0257857 -0.0234094 -0.0450005 -0.011858 -0.0370433
internal_weight=3.45053e+06 3.39606e+06 170731 59312 111419 25683 110921 15821 33629 7872 7949 7158 54469 6960 9862 5251 3.22533e+06 2923 2158 5570 103763 3123 1395 4226 2739 3719 2734 33426 6901 1424 1532 392804 3540 1396 1107 378772 1007 545 51546 9683 4518 1613 729 4332 2852 2533 815 15837 6128 1727 1186 1728 1487 1081 1075 641 87926 1225 1612 26525 1127 1927
internal_count=3450533 3396064 170731 59312 111419 25683 110921 15821 33629 7872 7949 7158 54469 6960 9862 5251 3225333 2923 2158 5570 103763 3123 1395 4226 2739 3719 2734 33426 6901 1424 1532 392804 3540 1396 1107 378772 1007 545 51546 9683 4518 1613 729 4332 2852 2533 815 15837 6128 1727 1186 1728 1487 1081 1075 641 87926 1225 1612 26525 1127 1927
cat_boundaries=0 4 8 12 15 18 21 25 28 32
cat_threshold=265476 556337306 269486432 1 16777216 276824064 0 4 4 524432 268435712 1 0 2066 268437504 671155457 1098907650 268435520 0 17301522 2048 1028 8652826 0 4 0 2050 268435456 16778240 8388608 268435456 4
is_linear=0
shrinkage=0.05


Tree=33
num_leaves=63
num_cat=9
split_feature=8 7 2 7 41 28 0 28 8 27 41 0 28 0 34 2 1 7 41 35 0 44 43 26 34 10 20 43 26 9 41 0 18 37 0 1 6 8 0 47 28 43 46 43 18 0 47 41 44 28 0 41 18 26 41 10 40 34 41 41 7 46
split_gain=48964.1 1460.13 694.848 386.304 160.186 166.013 120.791 120.323 96.0353 91.5927 89.5558 84.1387 56.5683 52.4893 46.0835 45.477 67.3592 40.9128 42.4312 38.0414 45.8025 30.3686 29.7179 53.5652 28.9967 27.9756 27.7641 26.8652 25.6793 25.3589 22.2209 22.2002 22.0928 23.1085 21.8213 19.6744 20.2632 49.2449 35.8702 19.2032 19.1696 17.653 28.9332 16.1728 16.044 15.4574 14.8327 14.18 14.0735 24.4113 13.6002 13.6075 13.169 12.9763 12.8239 12.8222 23.0903 12.3159 12.2457 12.1219 12.0589 11.7928
threshold=1.0000000180025095e-35 1.0000000180025095e-35 1.0000000180025095e-35 1.0500000119209292 1.0000000180025095e-35 0.064705885946750655 0 0.021568628028035167 0.020833333954215053 0.046430176123976714 0.91037613153457653 1 0.050299357622861869 2 1.0500000119209292 1.0000000180025095e-35 1.0000000180025095e-35 0.15000000223517421 -0.81241145730018605 1.0000000180025095e-35 3 -0.056951010599732392 0.91939014196395885 0.029483099468052391 1.0000000180025095e-35 14.708333492279055 2.1833333969116215 0.81428062915802013 0.0086534600704908388 0.043654773384332664 -0.52778512239456166 4 0.77500000596046459 1.9674999713897707 5 1.0000000180025095e-35 1.2500000000000002 0.070833336561918273 6 -0.073562592267990098 0.036731028929352767 0.48314048349857336 -0.52678251266479481 0.99865421652793895 5.2750000953674325 7 0.36389425396919256 0.63405361771583568 0.6174544394016267 0.10000000149011613 8 -0.63405361771583546 0.27500000596046453 -0.003810499561950564 0.77259656786918651 23.125000000000004 2.3645000457763676 1.0000000180025095e-35 0.41248606145381933 0.58216583728790294 0.35000000894069677 -0.70979335904121388
decision_type=2 2 10 2 2 2 9 2 2 2 2 9 2 9 2 10 10 2 2 2 9 2 2 10 2 2 10 2 10 2 2 9 10 2 9 10 2 2 9 2 2 2 2 2 10 9 2 2 2 2 9 2 10 10 2 2 2 2 2 2 2 2
left_child=1 14 3 4 6 7 17 9 15 57 19 12 27 25 -1 16 29 -3 -19 21 22 28 44 46 -8 -5 31 47 41 50 -26 -16 33 -13 60 36 37 -10 -39 45 52 -11 -43 53 -21 -23 -24 -9 -7 -50 -2 -52 55 -41 -29 56 -27 -6 -59 -35 -12 -55
right_child=8 2 -4 13 5 48 24 11 35 10 34 32 -14 -15 26 -17 -18 18 -20 20 -22 39 23 -25 30 40 -28 54 -30 -31 -32 -33 -34 59 -36 -37 -38 38 -40 43 -42 42 -44 -45 -46 -47 -48 -49 49 -51 51 -53 -54 61 -56 -57 -58 58 -60 -61 -62 -63
leaf_value=0 0 0 1.3120176384985834e-06 0 0 0 0 0 2.5305506133761624e-11 0 0 0 0 0 0 3.6444420775652008e-06 0.00091498212860749168 0 0 0 0 0 0 0 0 0 0 0 0 0 0 0 0 0 0 0.0010179308542352273 1.1273291229380666e-08 -0.00018213747447004124 -5.007356281238313e-05 0 0 0 0 0 0 0 0 0 0 0 0 0 0 0 0 0 0 0 0 0 0 0
leaf_weight=2832529 434 2916 851 8391 5598 6234 20627 612 2905 701 662 249 753 63407 36330 765 762 1006 1283 3128 2762 416 682 288 4577 285 14032 492 2085 321 3061 342442 629 332 5378 41863 5165 513 1100 454 9273 419 452 213 895 874 482 334 333 1092 217 424 9696 284 210 4295 318 295 905 345 208 1949
leaf_count=2832529 434 2916 851 8391 5598 6234 20627 612 2905 701 662 249 753 63407 36330 765 762 1006 1283 3128 2762 416 682 288 4577 285 14032 492 2085 321 3061 342442 629 332 5378 41863 5165 513 1100 454 9273 419 452 213 895 874 482 334 333 1092 217 424 9696 284 210 4295 318 295 905 345 208 1949
internal_value=-0.0463195 -0.0470739 -0.0425677 -0.0427934 -0.0400864 -0.037981 -0.0426494 -0.0364455 0.000710909 -0.0375566 -0.0360098 -0.0282634 -0.0220438 -0.0448935 -0.0473124 -0.00810554 -0.0118188 -0.0352229 -0.0302872 -0.0340363 -0.0316629 -0.0365277 -0.028717 -0.0226377 -0.0439889 -0.0430072 -0.0468049 -0.0169478 -0.0398571 -0.0183453 -0.0413727 -0.0468858 -0.037484 -0.0328132 -0.0410899 0.00121086 -0.000820252 -0.00326583 -0.0102712 -0.0336217 -0.0421474 -0.0350318 -0.0302784 -0.0358793 -0.0309825 -0.0285465 -0.0178608 -0.0224471 -0.0446145 -0.0401316 -0.0146628 -0.0192742 -0.0410179 -0.0369306 -0.00953704 -0.0389047 -0.0320771 -0.0426383 -0.0380417 -0.0376034 -0.0316761 -0.0353639
internal_weight=3.45053e+06 3.39606e+06 170731 169880 74215 40745 33470 33086 54469 29130 22332 3956 2401 95665 3.22533e+06 2923 2158 5205 2289 16084 8237 7847 5475 1452 28265 32258 392804 1648 3657 1396 7638 378772 1555 926 6248 51546 9683 4518 1613 4190 23867 1572 871 2900 4023 1290 1164 946 7659 1425 1075 641 14594 2687 702 4898 603 6798 1200 677 870 2233
internal_count=3450533 3396064 170731 169880 74215 40745 33470 33086 54469 29130 22332 3956 2401 95665 3225333 2923 2158 5205 2289 16084 8237 7847 5475 1452 28265 32258 392804 1648 3657 1396 7638 378772 1555 926 6248 51546 9683 4518 1613 4190 23867 1572 871 2900 4023 1290 1164 946 7659 1425 1075 641 14594 2687 702 4898 603 6798 1200 677 870 2233
cat_boundaries=0 4 7 11 15 18 22 26 28 32
cat_threshold=134258688 8388608 1610612736 4 537002240 17303568 268439552 656809984 4188602544 2417033568 129 16812292 16779290 268437568 2 671155457 1098907650 268435520 16777216 8388744 8390656 4 1024 8652824 8390656 4 256 17041432 16778240 8388608 268435456 4
is_linear=0
shrinkage=0.05


Tree=34
num_leaves=63
num_cat=0
split_feature=8 7 2 7 41 28 28 8 27 41 29 28 18 2 1 35 7 35 45 44 20 39 26 36 26 9 7 35 41 7 47 29 1 6 8 41 2 44 37 35 44 41 47 7 7 26 44 28 46 46 41 28 10 18 44 41 30 28 37 29 27 39
split_gain=48992.4 1460.13 694.848 386.304 160.186 166.013 120.323 96.3355 91.5927 89.5558 74.6224 49.8486 48.7042 45.477 67.3592 42.6521 41.5128 38.0414 31.2907 30.3686 29.2394 28.2688 27.6398 25.7816 25.6793 25.3589 23.9511 23.6645 22.8996 31.6985 19.2032 19.1572 18.4746 18.8224 45.1314 22.4214 34.8656 18.3981 18.0914 16.9006 16.721 15.7466 15.7353 14.7087 14.6881 14.216 14.0735 24.4113 13.2878 12.409 11.7785 11.4377 10.6507 11.7694 10.452 13.1295 10.1292 9.7125 9.65843 9.52443 9.40213 9.20176
threshold=1.0000000180025095e-35 1.0000000180025095e-35 1.0000000180025095e-35 1.0500000119209292 1.0000000180025095e-35 0.064705885946750655 0.021568628028035167 0.020833333954215053 0.046430176123976714 0.91037613153457653 1.9631456136703493 0.048057714477181442 11.775000095367433 1.0000000180025095e-35 1.0000000180025095e-35 2.1499999761581425 0.15000000223517421 1.0000000180025095e-35 1.0000000180025095e-35 -0.056951010599732392 2.1833333969116215 0.65450000762939464 0.029483099468052391 9.5000000000000018 0.0086534600704908388 0.043654773384332664 0.15000000223517421 1.0000000180025095e-35 -0.9103761315345763 0.15000000223517421 -0.073562592267990098 0.95072752237319957 1.0000000180025095e-35 1.2500000000000002 0.070833336561918273 -0.93540480732917775 1.0000000180025095e-35 0.28313310444355017 1.9674999713897707 0.15000000223517421 -0.66527268290519703 -0.52778512239456166 -0.37306451797485346 0.25000000745058065 0.15000000223517421 -0.008430577348917721 0.6174544394016267 0.10000000149011613 -0.79178398847579945 -0.52678251266479481 -0.77259656786918629 0.013725490774959328 14.375000000000002 0.11250000074505807 0.2332836911082268 0.41248606145381933 0.11679285764694215 0.040600210428237922 1.9674999713897707 12.456099033355715 0.065776083618402495 0.65450000762939464
decision_type=2 2 10 2 2 2 2 2 2 2 2 2 10 10 10 2 2 2 2 2 10 2 10 2 10 2 2 2 2 2 2 2 10 2 2 2 10 2 2 2 2 2 2 2 2 10 2 2 2 2 2 2 2 10 2 2 2 2 2 2 2 2
left_child=1 15 3 4 21 6 8 13 54 17 11 16 39 14 25 -1 -8 19 22 24 -17 27 26 28 31 50 -19 -3 29 -23 44 49 33 34 -9 -36 -37 -24 -20 52 -18 -29 -28 -11 -21 -32 -7 -48 -47 -10 -2 -14 -5 59 55 -6 -43 -30 -44 -54 -46 -61
right_child=7 2 -4 12 5 46 10 32 9 43 -12 -13 51 -15 -16 20 40 18 38 30 -22 23 37 -25 -26 -27 42 41 57 -31 45 -33 -34 -35 35 36 -38 -39 -40 -41 -42 56 58 -45 60 48 47 -49 -50 -51 -52 -53 53 -55 -56 -57 -58 -59 -60 61 -62 -63
leaf_value=0 0 0 1.2464167565736544e-06 0 0 0 0 2.4040230827073543e-11 0 0 0 0 0 3.4622199736869408e-06 0.00086923302217711699 0 0 0 0 0 0 0 0 0 0 0 0 0 0 0 0 0 0.00096703431152346607 1.0709626667911632e-08 -0.00013904598038783485 1.5315353130260369e-05 -0.00022243093181870479 0 0 0 0 0 0 0 0 0 0 0 0 0 0 0 0 0 0 0 0 0 0 0 0 0
leaf_weight=2758407 237 15778 851 4312 767 6234 983 2905 237 4274 1069 903 13680 765 762 453429 424 1069 1965 622 13497 344 332 5484 2085 321 500 4755 2844 773 394 1060 41863 5165 615 233 765 544 2966 16893 577 1600 339 1974 209 262 333 1092 2244 275 838 42590 10304 7391 3407 2624 1413 479 522 212 459 283
leaf_count=2758407 237 15778 851 4312 767 6234 983 2905 237 4274 1069 903 13680 765 762 453429 424 1069 1965 622 13497 344 332 5484 2085 321 500 4755 2844 773 394 1060 41863 5165 615 233 765 544 2966 16893 577 1600 339 1974 209 262 333 1092 2244 275 838 42590 10304 7391 3407 2624 1413 479 522 212 459 283
internal_value=-0.0463193 -0.0470739 -0.0425677 -0.0427934 -0.0400864 -0.037981 -0.0364455 0.000724678 -0.0375566 -0.0360098 -0.0282634 -0.0240847 -0.0448935 -0.00810554 -0.0118188 -0.0473124 -0.0196522 -0.0340363 -0.0316629 -0.0365277 -0.0468705 -0.0426494 -0.0278993 -0.0404111 -0.0398571 -0.0183453 -0.0251543 -0.0435928 -0.0375788 -0.0313854 -0.0336217 -0.0350318 0.00122541 -0.000742797 -0.00309982 -0.00980626 -0.0144339 -0.0355137 -0.0341863 -0.0435452 -0.012485 -0.0413337 -0.020755 -0.0410899 -0.0285465 -0.0358793 -0.0446145 -0.0401316 -0.0344912 -0.0270898 -0.0146628 -0.0458375 -0.0444425 -0.0439129 -0.0426383 -0.0406731 -0.0385056 -0.0396607 -0.0248519 -0.0428607 -0.0233982 -0.0360859
internal_weight=3.45053e+06 3.39606e+06 170731 169880 74215 40745 33086 54469 29130 22332 3956 2887 95665 2923 2158 3.22533e+06 1984 16084 8237 7847 466926 33470 3306 9924 3657 1396 2430 23546 4440 1117 4190 1572 51546 9683 4518 1613 998 876 4931 39395 1001 7768 1361 6248 1290 2900 7659 1425 2506 512 1075 56270 22502 18190 6798 3391 3013 3323 861 10799 668 495
internal_count=3450533 3396064 170731 169880 74215 40745 33086 54469 29130 22332 3956 2887 95665 2923 2158 3225333 1984 16084 8237 7847 466926 33470 3306 9924 3657 1396 2430 23546 4440 1117 4190 1572 51546 9683 4518 1613 998 876 4931 39395 1001 7768 1361 6248 1290 2900 7659 1425 2506 512 1075 56270 22502 18190 6798 3391 3013 3323 861 10799 668 495
is_linear=0
shrinkage=0.05


Tree=35
num_leaves=63
num_cat=0
split_feature=8 7 42 7 2 41 7 18 8 18 3 41 2 1 34 40 41 38 42 43 19 7 7 20 41 38 7 28 29 41 38 37 36 43 41 43 37 34 19 43 18 41 38 43 37 37 7 18 18 40 40 40 7 24 43 7 18 37 1 41 40 44
split_gain=49117.4 1457.79 752.109 989.208 444.054 307.992 173.134 131.842 101.023 98.944 80.4591 53.8991 47.0582 69.5069 45.3825 42.0113 42.2665 38.5991 36.7182 36.4913 35.7891 31.0048 33.9978 26.7358 25.5274 24.2846 97.9507 26.1248 24.0197 23.424 40.2904 21.8961 20.8925 19.8002 19.2961 19.0706 18.3496 18.0957 16.8092 16.7728 16.0259 21.5365 14.8122 14.2159 14.177 24.7135 91.6244 13.4939 13.2224 13.069 34.6352 15.8149 12.3854 12.0713 9.76521 22.1852 10.9395 9.55739 9.53629 9.512 9.50403 9.42547
threshold=1.0000000180025095e-35 1.0000000180025095e-35 -0.35206145048141474 1.0500000119209292 1.0000000180025095e-35 -0.16280825436115262 0.15000000223517421 0.64583334326744091 0.020833333954215053 14.275000095367433 1.0000000180025095e-35 0.77259656786918651 1.0000000180025095e-35 1.0000000180025095e-35 1.0500000119209292 1.7624999880790713 0.77259656786918651 6.5000000000000009 1.0000000180025095e-35 0.8431384563446046 3.5000000000000004 0.94999998807907116 0.15000000223517421 2.1833333969116215 -0.77259656786918629 13.500000000000002 0.35000000894069677 0.013725490774959328 9.8684887886047381 -0.52778512239456166 7.5000000000000009 1.1215000152587893 3.5000000000000004 0.54219430685043346 0.72947329282760631 0.90892735123634349 6.7225000858306894 0.55000001192092907 2.5000000000000004 0.8522624969482423 0.35416667163372045 -0.2901292592287063 21.500000000000004 -0.41398024559020991 2.8605000972747807 4.5694999694824228 0.55000001192092907 0.27500000596046453 17.274999618530277 2.3645000457763676 2.6054999828338627 1.0000000180025095e-35 2.4500000476837163 0.0033598418813198809 0.72695311903953563 0.15000000223517421 0.14583333581686023 2.8605000972747807 1.0000000180025095e-35 -0.95642796158790577 2.3645000457763676 -0.67801648378372181
decision_type=2 2 2 2 10 2 2 10 2 10 10 2 10 10 2 2 2 2 2 2 2 2 2 10 2 2 2 2 2 2 2 2 2 2 2 2 2 2 2 2 8 2 2 2 2 2 2 10 10 2 2 2 2 10 2 2 10 2 10 2 2 2
left_child=1 14 3 5 18 29 15 10 12 28 11 19 13 24 -1 17 -17 34 21 38 39 22 -4 -16 -2 44 27 54 32 31 47 -3 43 -30 -7 48 -29 -21 -8 -13 41 -34 59 -5 -20 46 61 -31 -9 51 53 -43 -45 -51 55 -27 -57 -19 -10 -24 -18 -46
right_child=8 2 4 9 -6 6 7 35 58 -11 -12 20 -14 -15 23 16 60 57 25 37 -22 -23 42 -25 -26 26 -28 36 33 30 -32 -33 40 -35 -36 -37 -38 -39 -40 -41 -42 49 -44 52 45 -47 -48 -49 -50 50 -52 -53 -54 -55 -56 56 -58 -59 -60 -61 -62 -63
leaf_value=0 0 0 0 0 9.9712191165043101e-07 0 0 0 -5.3794862024362345e-10 0 0 0 3.2891089750025937e-06 0.00082577137106826107 0 0 0 0 0 0 0 0 0 0 0 0 0 0 0 0 0 0 0 0 0 0 0 0 0 0 0 0 0 0 0 0 0 0 0 0 0 0 0 0 0 0 0 0 0.0009186825959472928 0 0 0
leaf_weight=2832368 395 230 3888 905 490 1978 1243 1331 9684 20828 304 857 775 744 378609 1639 214 1457 51350 1275 285 11204 753 14100 1006 771 17898 2009 618 851 1653 4484 1830 346 1029 212 570 292 844 820 6615 1702 623 778 370 11761 4557 488 581 275 337 551 1012 225 1025 382 203 843 41847 2305 401 1139
leaf_count=2832368 395 230 3888 905 490 1978 1243 1331 9684 20828 304 857 775 744 378609 1639 214 1457 51350 1275 285 11204 753 14100 1006 771 17898 2009 618 851 1653 4484 1830 346 1029 212 570 292 844 820 6615 1702 623 778 370 11761 4557 488 581 275 337 551 1012 225 1025 382 203 843 41847 2305 401 1139
internal_value=-0.046318 -0.0470734 -0.0425695 -0.038023 -0.0449932 -0.0299975 -0.0259588 -0.0208528 0.000793879 -0.0432165 -0.0170186 -0.0156624 -0.00825342 -0.0120688 -0.0473117 -0.031391 -0.0256721 -0.03382 -0.0452032 -0.0120731 -0.0223471 -0.043188 -0.0407157 -0.046808 -0.0186278 -0.0456143 -0.0442014 -0.0379839 -0.0401484 -0.0381761 -0.0347159 -0.0403723 -0.0406658 -0.0325104 -0.0300906 -0.0315395 -0.0414705 -0.00630664 -0.0164027 -0.0195632 -0.0415919 -0.0394309 -0.0372718 -0.0367022 -0.0460812 -0.0448664 -0.0422742 -0.0282692 -0.0331172 -0.0368851 -0.0315502 -0.0388671 -0.0341201 -0.0232 -0.0342073 -0.0314233 -0.0240812 -0.0386957 0.00130654 -0.0387034 -0.0368496 -0.0315954
internal_weight=3.45016e+06 3.39571e+06 170631 59333 111298 23311 15605 8044 54451 36022 5920 5616 2920 2145 3.22508e+06 7561 2254 5307 110808 3654 1962 18773 7569 392709 1401 92035 22858 4960 15194 7706 2992 4714 14230 964 3007 2124 2579 1567 2087 1677 11535 4920 3681 2695 69177 17827 6066 1339 1912 3090 837 2253 1790 500 2381 1356 585 2300 51531 3058 615 1509
internal_count=3450159 3395708 170631 59333 111298 23311 15605 8044 54451 36022 5920 5616 2920 2145 3225077 7561 2254 5307 110808 3654 1962 18773 7569 392709 1401 92035 22858 4960 15194 7706 2992 4714 14230 964 3007 2124 2579 1567 2087 1677 11535 4920 3681 2695 69177 17827 6066 1339 1912 3090 837 2253 1790 500 2381 1356 585 2300 51531 3058 615 1509
is_linear=0
shrinkage=0.05


Tree=36
num_leaves=63
num_cat=9
split_feature=8 7 5 7 41 28 28 0 8 27 41 0 28 0 5 1 34 34 0 7 41 45 31 41 9 34 20 7 7 18 0 44 26 47 29 0 10 0 0 34 26 45 46 41 41 18 10 40 27 44 7 44 28 7 39 41 29 0 26 29 41 26
split_gain=49117.4 1457.79 685.059 393.698 163.849 169.766 124.801 120.222 101.023 90.568 90.476 83.064 53.8765 53.1087 46.2824 70.3337 45.3825 43.9947 53.3445 37.1057 39.303 36.0121 29.05 29.0295 28.3139 27.4391 26.7358 25.7998 23.3416 21.606 23.4412 20.7324 42.1719 28.4491 21.6567 20.7254 19.5037 17.7553 17.4117 17.295 16.3372 14.1151 13.6123 13.5476 13.1464 13.2834 13.6948 13.586 16.3834 12.7059 12.6841 12.3324 19.9111 11.7189 11.401 11.3937 11.1119 10.8788 10.7069 10.6483 10.6169 10.241
threshold=1.0000000180025095e-35 1.0000000180025095e-35 -1.0000000180025095e-35 1.0500000119209292 1.0000000180025095e-35 0.064705885946750655 0.021568628028035167 0 0.020833333954215053 0.04256099462509156 0.93540480732917797 1 0.050299357622861869 2 -1.0000000180025095e-35 1.0000000180025095e-35 1.0500000119209292 1.0000000180025095e-35 3 0.15000000223517421 -0.81241145730018605 1.0000000180025095e-35 0.05172413773834706 -0.52778512239456166 0.043654773384332664 1.0000000180025095e-35 2.1833333969116215 0.15000000223517421 0.15000000223517421 0.77500000596046459 4 -0.082691941410303102 0.01613591052591801 -0.43012638390064234 0.95072752237319957 5 13.875000000000002 6 7 0.45000000298023229 -0.0087975901551544649 1.0000000180025095e-35 -0.67403313517570485 -0.58216583728790272 -0.63405361771583546 0.35416667163372045 71.791667938232436 2.3645000457763676 0.054168537259101875 -0.25206183642148966 0.15000000223517421 0.6174544394016267 0.10000000149011613 0.25000000745058065 0.78499999642372142 0.63405361771583568 12.023965358734133 8 -0.020517584867775437 1.929450571537018 0.52778512239456188 0.035381549969315536
decision_type=2 2 8 2 2 2 2 9 2 2 2 9 2 9 10 10 2 2 9 2 2 2 2 2 2 2 10 2 2 10 9 2 10 2 2 9 2 9 9 2 10 2 2 2 2 10 2 2 2 2 2 2 2 2 2 2 2 9 10 2 2 10
left_child=1 16 -3 4 7 6 9 19 14 -6 17 12 28 22 -2 24 -1 31 -19 61 -21 27 -5 54 43 -25 35 -20 55 30 -13 32 34 38 -11 -18 -24 -12 -33 -23 -35 -30 50 -16 -38 46 47 -46 -49 -29 -42 -7 -53 -14 -9 -8 -44 -43 -36 -41 -32 -4
right_child=8 2 3 13 5 51 11 23 -10 10 37 29 53 -15 15 -17 26 18 21 20 -22 39 36 25 -26 -27 -28 49 41 -31 60 33 -34 40 58 -37 44 -39 -40 59 42 57 56 -45 45 -47 -48 48 -50 -51 -52 52 -54 -55 -56 -57 -58 -59 -60 -61 -62 -63
leaf_value=0 3.1246535262524638e-06 1.1342398231624501e-06 0 0 0 0 0 0 3.9447984601347009e-06 0 0 0 0 0 0 0.00078448280251484795 0 0 0 0 0 0 0 0 0 0 0 0 0 0 0 0 0 0 0 0 0 0 0 0 0 0 0 0 0 0 0 0 0 0 0 0 0 0 0 0 0 0 0 0 0 0
leaf_weight=2832368 759 839 2509 13224 5842 6228 401 13913 51531 1031 833 221 393 63154 367 760 39156 2156 768 1014 1273 1093 3755 7829 334 3118 14100 252 552 595 316 535 2327 616 735 339453 3967 4655 817 473 256 218 2595 700 617 6641 3564 218 520 851 315 322 1061 376 3494 232 517 279 1573 727 396 425
leaf_count=2832368 759 839 2509 13224 5842 6228 401 13913 51531 1031 833 221 393 63154 367 760 39156 2156 768 1014 1273 1093 3755 7829 334 3118 14100 252 552 595 316 535 2327 616 735 339453 3967 4655 817 473 256 218 2595 700 617 6641 3564 218 520 851 315 322 1061 376 3494 232 517 279 1573 727 396 425
internal_value=-0.046318 -0.0470734 -0.0425695 -0.0427922 -0.0400572 -0.0379184 -0.0363636 -0.0426407 0.000793879 -0.0375041 -0.0360989 -0.0280604 -0.0220124 -0.0449117 -0.00825342 -0.011984 -0.0473117 -0.0343543 -0.0310127 -0.0352413 -0.0305345 -0.0273814 -0.0430276 -0.0439753 -0.0186278 -0.0419734 -0.046808 -0.0222996 -0.0170898 -0.0373732 -0.0328698 -0.0362205 -0.0383577 -0.0340776 -0.0347567 -0.0468876 -0.041803 -0.0417055 -0.0277515 -0.0316474 -0.0360671 -0.0125143 -0.0348065 -0.0146509 -0.041021 -0.0401687 -0.0381993 -0.0339207 -0.0293428 -0.0174003 -0.0277102 -0.0446489 -0.0403778 -0.0330657 -0.0452595 -0.0246722 -0.0361086 -0.0186268 -0.037448 -0.0357917 -0.0373546 -0.0390303
internal_weight=3.45016e+06 3.39571e+06 170631 169792 74132 40557 32946 33575 54451 28967 23125 3979 2451 95660 2920 2161 3.22508e+06 17637 6320 5221 2287 4164 32506 28354 1401 10947 392709 1871 1682 1528 933 11317 5666 5651 3339 378609 19282 5488 1352 2293 4299 1049 3683 1067 15527 11560 4919 1355 738 1103 571 7611 1383 769 17407 633 3112 497 2308 1200 712 2934
internal_count=3450159 3395708 170631 169792 74132 40557 32946 33575 54451 28967 23125 3979 2451 95660 2920 2161 3225077 17637 6320 5221 2287 4164 32506 28354 1401 10947 392709 1871 1682 1528 933 11317 5666 5651 3339 378609 19282 5488 1352 2293 4299 1049 3683 1067 15527 11560 4919 1355 738 1103 571 7611 1383 769 17407 633 3112 497 2308 1200 712 2934
cat_boundaries=0 4 7 11 15 16 19 23 26 29
cat_threshold=134258688 8388608 1610620928 4 537002240 17303576 268439552 656810048 4188602544 2417033568 129 16909344 9175044 8392704 4 1024 671155457 1099431938 268435520 16777248 41943176 8390656 4 3328 16779288 2048 131072 16779264 268435456
is_linear=0
shrinkage=0.05


Tree=37
num_leaves=63
num_cat=0
split_feature=8 7 42 7 2 41 1 2 7 18 13 4 18 8 3 4 41 9 34 38 41 42 43 9 41 7 7 20 38 7 28 29 41 38 36 39 9 36 43 43 38 34 18 41 17 36 38 44 43 18 18 44 7 43 43 32 36 39 39 39 36 7
split_gain=47524.9 1457.79 752.109 989.208 444.054 307.992 200.077 198.204 173.134 131.842 117.158 110.447 98.944 98.5211 80.4591 60.0973 53.8991 49.9878 45.3825 39.7611 45.6589 36.7182 36.4913 32.8058 32.5608 31.0048 33.9978 26.7358 24.2846 97.9507 26.1248 24.0197 23.424 40.2904 23.0632 21.8961 21.0209 20.8925 19.8002 19.0706 18.3496 18.0957 16.0259 21.5365 15.4948 17.9113 14.8122 14.4458 14.2159 13.4939 13.2224 12.9632 12.3854 12.2754 11.4118 15.1675 13.2435 10.0532 16.7773 9.94892 44.6621 75.3512
threshold=1.0000000180025095e-35 1.0000000180025095e-35 -0.35206145048141474 1.0500000119209292 1.0000000180025095e-35 -0.16280825436115262 1.0000000180025095e-35 1.0000000180025095e-35 0.15000000223517421 0.64583334326744091 3.3541666269302373 -1.0000000180025095e-35 14.275000095367433 0.062500001862645163 1.0000000180025095e-35 -1.0000000180025095e-35 0.77259656786918651 0.31312465667724615 1.0500000119209292 13.500000000000002 0.77259656786918651 1.0000000180025095e-35 0.8431384563446046 0.0082167778164150568 -0.58216583728790272 0.94999998807907116 0.15000000223517421 2.1833333969116215 13.500000000000002 0.35000000894069677 0.013725490774959328 9.8684887886047381 -0.52778512239456166 7.5000000000000009 3.5000000000000004 0.95649999380111705 0.028186048381030563 3.5000000000000004 0.54219430685043346 0.90892735123634349 16.000000000000004 0.55000001192092907 0.35416667163372045 -0.2901292592287063 0.45000000298023229 7.5000000000000009 21.500000000000004 -0.71502926945686329 -0.41398024559020991 0.27500000596046453 17.274999618530277 0.29958851635456091 2.4500000476837163 0.87397152185440075 0.58481550216674816 1.0000000180025095e-35 9.5000000000000018 0.63500002026557933 0.19749999791383746 0.17249999940395358 4.5000000000000009 0.55000001192092907
decision_type=2 2 2 2 10 2 10 10 2 10 10 10 10 2 10 10 2 2 2 2 2 2 2 2 2 2 2 10 2 2 2 2 2 2 2 2 2 2 2 2 2 2 8 2 10 2 2 2 2 10 10 2 2 2 2 2 2 2 2 2 2 2
left_child=1 18 3 5 21 32 7 10 19 14 13 -12 31 15 16 -2 22 -13 -1 20 23 25 57 44 -17 26 -4 -20 59 30 -30 37 35 49 53 -3 -9 48 -33 50 -32 -24 43 -39 45 51 -28 -47 -5 -34 -11 -7 -50 -18 -45 -56 -57 58 -10 60 -23 -62
right_child=6 2 4 12 -6 8 -8 36 9 39 11 17 -14 -15 -16 24 34 -19 27 -21 -22 28 41 -25 -26 -27 46 -29 29 -31 40 38 33 -35 -36 -37 -38 42 -40 -41 -42 -43 -44 54 -46 47 -48 -49 52 -51 -52 -53 -54 -55 55 56 -58 -59 -60 -61 61 -63
leaf_value=0 7.4896901219341898e-06 0 0 0 8.9055382490978686e-07 0 0.00087255122622692115 -3.1858050063989208e-05 0 0 -1.839066175885129e-07 -1.9719018735643715e-07 0 4.0607660824907765e-06 0 -1.9775097419596649e-07 0 -1.9104794293017315e-07 0 0 0 0 0 0 -1.9775097419596649e-07 0 0 0 0 0 0 0 0 0 0 0 2.1277284692983024e-06 0 0 0 0 0 0 0 0 0 0 0 0 0 0 0 0 0 0 0 0 0 0 0 0 0
leaf_weight=2832368 397 4484 3888 905 490 1882 42609 313 618 1331 430 234 20828 1552 304 666 342 722 378609 990 1724 17397 1275 417 1029 11204 3058 14100 2381 17898 570 618 851 1653 1399 230 6499 1830 346 212 2009 292 6615 1661 310 232 623 839 778 488 581 1167 1012 221 230 700 499 439 1030 48426 1509 1845
leaf_count=2832368 397 4484 3888 905 490 1882 42609 313 618 1331 430 234 20828 1552 304 666 342 722 378609 990 1724 17397 1275 417 1029 11204 3058 14100 2381 17898 570 618 851 1653 1399 230 6499 1830 346 212 2009 292 6615 1661 310 232 623 839 778 488 581 1167 1012 221 230 700 499 439 1030 48426 1509 1845
internal_value=-0.0463303 -0.0470734 -0.0425695 -0.038023 -0.0449932 -0.0299975 1.15242e-05 -0.00573763 -0.0259588 -0.0208528 -0.0132654 -0.0256385 -0.0432165 -0.00855928 -0.0170186 -0.0156405 -0.0156624 -0.0351046 -0.0473117 -0.031391 -0.0299836 -0.0452032 -0.0120731 -0.0274979 -0.0197419 -0.043188 -0.0407157 -0.046808 -0.0456143 -0.0442014 -0.0379839 -0.0401484 -0.0381761 -0.0347159 -0.0223471 -0.0403723 -0.000179096 -0.0406658 -0.0325104 -0.0315395 -0.0414705 -0.00630664 -0.0415919 -0.0394309 -0.0262359 -0.0254248 -0.0372718 -0.0198623 -0.0367022 -0.0282692 -0.0331172 -0.0273786 -0.0341201 -0.0308925 -0.0368851 -0.0336092 -0.0358653 -0.0164027 -0.0146117 -0.0460812 -0.0451652 -0.0398822
internal_weight=3.45016e+06 3.39571e+06 170631 59333 111298 23311 54451 11842 15605 8044 5030 1386 36022 3644 5920 2092 5616 956 3.22508e+06 7561 6571 110808 3654 4847 1695 18773 7569 392709 92035 22858 4960 15194 7706 2992 1962 4714 6812 14230 964 2124 2579 1567 11535 4920 4430 4120 3681 1071 2695 1339 1912 3049 1790 563 3090 1429 1199 2087 1648 69177 20751 3354
internal_count=3450159 3395708 170631 59333 111298 23311 54451 11842 15605 8044 5030 1386 36022 3644 5920 2092 5616 956 3225077 7561 6571 110808 3654 4847 1695 18773 7569 392709 92035 22858 4960 15194 7706 2992 1962 4714 6812 14230 964 2124 2579 1567 11535 4920 4430 4120 3681 1071 2695 1339 1912 3049 1790 563 3090 1429 1199 2087 1648 69177 20751 3354
is_linear=0
shrinkage=0.05


Tree=38
num_leaves=63
num_cat=0
split_feature=8 7 42 7 2 41 7 21 18 1 2 18 4 9 9 41 34 40 41 38 43 42 19 7 7 20 38 7 28 29 41 38 37 36 43 41 43 37 34 19 43 1 18 41 38 43 37 37 7 18 18 40 40 10 40 7 43 7 18 36 37 41
split_gain=48594.9 1457.79 752.109 989.208 444.054 307.992 173.134 145.135 131.842 126.084 103.647 98.944 89.2656 85.6462 68.1707 53.0895 45.3825 42.0113 42.2665 38.5991 38.1917 36.7182 35.431 31.0048 33.9978 26.7358 24.2846 97.9507 26.1248 24.0197 23.424 40.2904 21.8961 20.8925 19.8002 19.2961 19.0706 18.3496 17.8018 17.3683 17.337 16.2251 16.0259 21.5365 14.8122 14.2159 14.177 24.7135 91.6244 13.4939 13.2224 13.069 34.6352 18.0679 15.8149 12.3854 9.76521 22.1852 10.9395 9.72806 9.55739 9.512
threshold=1.0000000180025095e-35 1.0000000180025095e-35 -0.35206145048141474 1.0500000119209292 1.0000000180025095e-35 -0.16280825436115262 0.15000000223517421 3.3541666269302373 0.64583334326744091 1.0000000180025095e-35 1.0500000119209292 14.275000095367433 -1.0000000180025095e-35 0.31312465667724615 0.0082167778164150568 0.77259656786918651 1.0500000119209292 1.7624999880790713 0.77259656786918651 6.5000000000000009 0.8431384563446046 1.0000000180025095e-35 3.5000000000000004 0.94999998807907116 0.15000000223517421 2.1833333969116215 13.500000000000002 0.35000000894069677 0.013725490774959328 9.8684887886047381 -0.52778512239456166 7.5000000000000009 1.1215000152587893 3.5000000000000004 0.54219430685043346 0.72947329282760631 0.90892735123634349 6.7225000858306894 0.55000001192092907 2.5000000000000004 0.8522624969482423 1.0000000180025095e-35 0.35416667163372045 -0.2901292592287063 21.500000000000004 -0.41398024559020991 2.8605000972747807 4.5694999694824228 0.55000001192092907 0.27500000596046453 17.274999618530277 2.3645000457763676 2.6054999828338627 71.958332061767592 1.0000000180025095e-35 2.4500000476837163 0.72695311903953563 0.15000000223517421 0.14583333581686023 9.5000000000000018 2.8605000972747807 -0.95642796158790577
decision_type=2 2 2 2 10 2 2 10 10 10 10 10 10 2 2 2 2 2 2 2 2 2 2 2 2 10 2 2 2 2 2 2 2 2 2 2 2 2 2 2 2 10 8 2 2 2 2 2 2 10 10 2 2 2 2 2 2 2 10 2 2 2
left_child=1 16 3 5 21 30 17 41 14 10 12 29 -9 -14 15 20 -1 19 -19 35 39 23 40 24 -4 -18 46 28 56 33 32 49 -3 45 -31 -7 50 -30 -22 59 -17 -2 43 -35 61 -5 -23 48 -48 -32 -10 54 53 -53 -45 -47 57 -28 -59 -8 -21 -26
right_child=7 2 4 11 -6 6 8 9 36 -11 -12 -13 13 -15 -16 22 25 18 -20 60 38 26 -24 -25 44 -27 27 -29 37 34 31 -33 -34 42 -36 -37 -38 -39 -40 -41 -42 -43 -44 51 -46 55 47 -49 -50 -51 -52 52 -54 -55 -56 -57 -58 58 -60 -61 -62 -63
leaf_value=0 -1.8730263864663883e-07 0 0 0 8.4602613366429751e-07 0 0 -1.7471128670908724e-07 0 -0.0035125652294828585 2.0213420458333876e-06 0 -1.8789146482814463e-07 -1.814955457836645e-07 0 0 0 0 0 0 0 0 0 0 0 0 0 0 0 0 0 0 0 0 0 0 0 0 0 0 0 0.00082892366491557493 0 0 0 0 0 0 0 0 0 0 0 0 0 0 0 0 0 0 0 0
leaf_weight=2832368 9884 230 3888 905 490 1978 1027 458 1331 2657 499 20828 288 713 356 851 378609 1639 615 1457 1264 51350 283 11204 753 14100 771 17898 2009 618 851 1653 4484 1830 346 1029 212 570 290 828 817 39952 6615 1702 623 778 1509 11761 4557 488 581 273 337 227 551 1012 1025 382 203 204 843 2305
leaf_count=2832368 9884 230 3888 905 490 1978 1027 458 1331 2657 499 20828 288 713 356 851 378609 1639 615 1457 1264 51350 283 11204 753 14100 771 17898 2009 618 851 1653 4484 1830 346 1029 212 570 290 828 817 39952 6615 1702 623 778 1509 11761 4557 488 581 273 337 227 551 1012 1025 382 203 204 843 2305
internal_value=-0.046322 -0.0470734 -0.0425695 -0.038023 -0.0449932 -0.0299975 -0.0259588 0.000538604 -0.0208528 -0.0079442 -0.0175715 -0.0432165 -0.0242992 -0.0326648 -0.0170186 -0.0156614 -0.0473117 -0.031391 -0.0256721 -0.03382 -0.0120724 -0.0452032 -0.0223078 -0.043188 -0.0407157 -0.046808 -0.0456143 -0.0442014 -0.0379839 -0.0401484 -0.0381761 -0.0347159 -0.0403723 -0.0406658 -0.0325104 -0.0300906 -0.0315395 -0.0414705 -0.00615508 -0.0165384 -0.0195324 0.00132414 -0.0415919 -0.0394309 -0.0372718 -0.0367022 -0.0460812 -0.0448664 -0.0422742 -0.0282692 -0.0331172 -0.0368851 -0.0315502 -0.0232 -0.0388671 -0.0341201 -0.0342073 -0.0314233 -0.0240812 -0.0127721 -0.0386957 -0.0387034
internal_weight=3.45016e+06 3.39571e+06 170631 59333 111298 23311 15605 54451 8044 4615 1958 36022 1459 1001 5920 5564 3.22508e+06 7561 2254 5307 3613 110808 1951 18773 7569 392709 92035 22858 4960 15194 7706 2992 4714 14230 964 3007 2124 2579 1554 2059 1668 49836 11535 4920 3681 2695 69177 17827 6066 1339 1912 3090 837 500 2253 1790 2381 1356 585 1231 2300 3058
internal_count=3450159 3395708 170631 59333 111298 23311 15605 54451 8044 4615 1958 36022 1459 1001 5920 5564 3225077 7561 2254 5307 3613 110808 1951 18773 7569 392709 92035 22858 4960 15194 7706 2992 4714 14230 964 3007 2124 2579 1554 2059 1668 49836 11535 4920 3681 2695 69177 17827 6066 1339 1912 3090 837 500 2253 1790 2381 1356 585 1231 2300 3058
is_linear=0
shrinkage=0.05


Tree=39
num_leaves=63
num_cat=0
split_feature=8 7 42 7 5 41 7 21 18 18 5 5 4 9 6 41 34 38 41 43 42 19 6 7 7 20 38 7 29 41 38 37 36 43 29 43 34 19 43 18 41 17 36 38 44 43 37 37 7 18 18 44 8 7 43 32 36 44 7 37 37 36
split_gain=48594.9 1457.79 752.109 989.208 444.054 307.992 173.134 145.135 131.842 98.944 77.4965 108.253 83.3099 109.631 68.1707 53.0895 45.3825 39.7611 45.6589 38.1917 36.7182 35.431 32.8058 31.0048 33.9978 26.7358 24.2846 97.9507 24.0197 23.424 40.2904 21.8961 20.8925 19.8002 19.7655 19.0706 17.8018 17.3683 17.337 16.0259 21.5365 15.4948 17.9113 14.8122 14.4458 14.2159 14.177 24.7135 91.6244 13.4939 13.2224 12.9632 12.5322 12.3854 11.4118 15.1675 13.2435 11.1574 14.0679 11.4269 10.4914 9.72806
threshold=1.0000000180025095e-35 1.0000000180025095e-35 -0.35206145048141474 1.0500000119209292 -1.0000000180025095e-35 -0.16280825436115262 0.15000000223517421 3.3541666269302373 0.64583334326744091 14.275000095367433 1.0000000180025095e-35 -1.0000000180025095e-35 -1.0000000180025095e-35 0.31312465667724615 1.0000000180025095e-35 0.77259656786918651 1.0500000119209292 13.500000000000002 0.77259656786918651 0.8431384563446046 1.0000000180025095e-35 3.5000000000000004 1.0000000180025095e-35 0.94999998807907116 0.15000000223517421 2.1833333969116215 13.500000000000002 0.35000000894069677 9.8684887886047381 -0.52778512239456166 7.5000000000000009 1.1215000152587893 3.5000000000000004 0.54219430685043346 6.8908743858337411 0.90892735123634349 0.55000001192092907 2.5000000000000004 0.8522624969482423 0.35416667163372045 -0.2901292592287063 0.45000000298023229 7.5000000000000009 21.500000000000004 -0.71502926945686329 -0.41398024559020991 2.8605000972747807 4.5694999694824228 0.55000001192092907 0.27500000596046453 17.274999618530277 0.29958851635456091 0.095833335071802153 2.4500000476837163 0.58481550216674816 1.0000000180025095e-35 9.5000000000000018 0.78724360466003429 0.15000000223517421 6.7225000858306894 2.3514999151229863 9.5000000000000018
decision_type=2 2 2 2 8 2 2 10 10 10 10 10 10 2 2 2 2 2 2 2 2 2 2 2 2 10 2 2 2 2 2 2 2 2 2 2 2 2 2 8 2 10 2 2 2 2 2 2 2 10 10 2 2 2 2 2 2 2 2 2 2 2
left_child=1 16 3 5 -4 29 17 52 14 28 11 -9 -13 -14 15 19 -1 18 22 37 23 38 41 24 -6 -18 46 34 32 31 49 -3 45 -30 57 50 -21 61 -17 40 -34 42 51 -26 -44 -5 -22 48 -48 -31 -10 -7 -2 -47 -42 -56 60 59 -59 -28 -57 -8
right_child=7 2 4 9 20 6 8 10 35 -11 -12 12 13 -15 -16 21 25 -19 -20 36 26 -23 -24 -25 43 -27 27 -29 33 30 -32 -33 39 -35 -36 -37 -38 -39 -40 -41 54 -43 44 -45 -46 53 47 -49 -50 -51 -52 -53 -54 -55 55 56 -58 58 -60 -61 -62 -63
leaf_value=0 -1.7793750671430688e-07 0 8.0372482698108256e-07 0 0 0 0 -7.3197762091950944e-05 0 0 -0.0033369369680087157 -1.659757223736329e-07 -1.7793610474720804e-07 -1.7242076849448128e-07 0 0 0 0 0 0 0 0 0 0 0 0 0 0 0 0 0 0 0 0 0 0 0 0 0 0 0 0 0 0 0 0 0 0 0 0 0 0 1.2964468245996837e-05 0 0 0 0 0 0 0 0 0
leaf_weight=2832368 10812 230 490 905 3888 1882 1027 967 1331 20828 2176 436 327 709 356 851 378609 990 1724 1264 51350 283 417 11204 3058 14100 2429 17898 618 851 1653 4484 1830 346 1163 212 290 828 817 6615 1661 310 232 623 839 778 1509 11761 4557 488 581 1167 39024 1012 230 290 499 358 226 784 410 204
leaf_count=2832368 10812 230 490 905 3888 1882 1027 967 1331 20828 2176 436 327 709 356 851 378609 990 1724 1264 51350 283 417 11204 3058 14100 2429 17898 618 851 1653 4484 1830 346 1163 212 290 828 817 6615 1661 310 232 623 839 778 1509 11761 4557 488 581 1167 39024 1012 230 290 499 358 226 784 410 204
internal_value=-0.046322 -0.0470734 -0.0425695 -0.038023 -0.0449932 -0.0299975 -0.0259588 0.000538604 -0.0208528 -0.0432165 -0.0079442 -0.0140642 -0.0226019 -0.0303185 -0.0170186 -0.0156614 -0.0473117 -0.031391 -0.0299836 -0.0120724 -0.0452032 -0.0223078 -0.0274979 -0.043188 -0.0407157 -0.046808 -0.0456143 -0.0442014 -0.0401484 -0.0381761 -0.0347159 -0.0403723 -0.0406658 -0.0325104 -0.0379839 -0.0315395 -0.00615508 -0.0165384 -0.0195324 -0.0415919 -0.0394309 -0.0262359 -0.0254248 -0.0372718 -0.0198623 -0.0367022 -0.0460812 -0.0448664 -0.0422742 -0.0282692 -0.0331172 -0.0273786 0.00132414 -0.0341201 -0.0368851 -0.0336092 -0.0358653 -0.0397307 -0.0333733 -0.0408862 -0.0314286 -0.0127721
internal_weight=3.45016e+06 3.39571e+06 170631 59333 111298 23311 15605 54451 8044 36022 4615 2439 1472 1036 5920 5564 3.22508e+06 7561 6571 3613 110808 1951 4847 18773 7569 392709 92035 22858 15194 7706 2992 4714 14230 964 4960 2124 1554 2059 1668 11535 4920 4430 4120 3681 1071 2695 69177 17827 6066 1339 1912 3049 49836 1790 3090 1429 1199 3797 584 3213 700 1231
internal_count=3450159 3395708 170631 59333 111298 23311 15605 54451 8044 36022 4615 2439 1472 1036 5920 5564 3225077 7561 6571 3613 110808 1951 4847 18773 7569 392709 92035 22858 15194 7706 2992 4714 14230 964 4960 2124 1554 2059 1668 11535 4920 4430 4120 3681 1071 2695 69177 17827 6066 1339 1912 3049 49836 1790 3090 1429 1199 3797 584 3213 700 1231
is_linear=0
shrinkage=0.05


Tree=40
num_leaves=63
num_cat=8
split_feature=2 5 7 4 7 35 6 17 0 41 41 41 28 28 3 28 18 0 34 18 28 0 28 10 10 34 7 41 23 41 7 41 6 35 0 29 0 26 44 44 41 29 26 28 0 31 7 44 7 7 9 10 3 0 7 29 0 6 3 41 26 41
split_gain=39830 6739.09 2032.96 834.479 438.728 183.042 147.069 130.159 85.9256 71.8721 128.363 57.7959 74.0378 86.1152 53.0141 50.2304 46.1074 47.9685 44.8624 44.2739 44.0144 43.6792 30.6609 28.557 40.7938 26.4408 25.6694 25.7012 25.363 24.7819 23.3766 22.8764 22.5243 21.7195 21.4536 20.9678 19.6747 19.4398 33.3966 20.7026 18.5055 20.1975 18.1257 17.837 17.3716 17.1978 17.1518 16.077 15.9871 15.4676 15.092 14.1929 13.9949 13.8425 13.6695 13.4684 12.3935 11.7001 46.4739 31.3039 11.5264 11.1181
threshold=1.0000000180025095e-35 1.0000000180025095e-35 1.0000000180025095e-35 -1.0000000180025095e-35 1.0500000119209292 1.0000000180025095e-35 1.0000000180025095e-35 6.1833331584930429 0 0.91037613153457653 1.0000000180025095e-35 1.0000000180025095e-35 0.064705885946750655 0.021568628028035167 1.0000000180025095e-35 0.064705885946750655 0.77500000596046459 1 1.0500000119209292 11.937500000000002 0.048057714477181442 2 0.021568628028035167 1.2916666865348818 5.2916667461395273 1.0000000180025095e-35 0.15000000223517421 -1.0000000180025095e-35 0.33437500894069677 -0.81241145730018605 0.15000000223517421 -0.52778512239456166 1.0000000180025095e-35 1.0500000119209292 3 1.7020344734191897 4 -0.017941731028258797 -0.33426210284233088 -0.41399101912975306 0.93540480732917797 10.091666698455812 -0.017449795268476006 0.0098039219155907648 5 0.05172413773834706 0.15000000223517421 0.63089349865913402 0.25000000745058065 0.15000000223517421 0.31312465667724615 13.541666507720949 1.0000000180025095e-35 6 0.15000000223517421 0.11563492193818094 7 1.0000000180025095e-35 1.0000000180025095e-35 -0.9103761315345763 0.0071943989023566255 0.63405361771583568
decision_type=10 10 2 8 2 2 2 10 9 2 2 2 2 2 8 2 10 9 2 10 2 9 2 2 2 2 2 2 10 2 2 2 2 2 9 2 9 10 2 2 2 2 10 2 9 2 2 2 2 2 2 2 10 9 2 2 9 2 10 2 8 2
left_child=1 2 18 -4 5 8 19 14 26 10 21 57 13 30 23 16 17 22 -1 44 35 32 25 -8 -25 -12 27 -5 36 -28 -13 -23 -7 43 -26 49 -20 39 -39 -32 41 55 -33 -27 -6 -46 -24 -17 53 -15 -9 -47 60 -11 -19 -40 -18 -10 59 -59 -29 -43
right_child=-2 -3 3 4 6 9 7 50 11 48 15 12 -14 20 -16 47 56 54 28 -21 -22 31 46 24 34 33 29 52 -30 -31 37 42 -34 -35 -36 -37 -38 38 40 -41 -42 61 -44 -45 45 51 -48 -49 -50 -51 -52 -53 -54 -55 -56 -57 -58 58 -60 -61 -62 -63
leaf_value=0 6.8598485691146114e-06 0.00066019381470731615 -1.5767693625495125e-07 0 0 0 -1.4114412983755354e-07 0 0 0 0 0 0 0 0 0 0 0 0 0 0 0 0 0 0 0 0 0 0 0 0 0 0 0 0 0 0 0 0 0 0 0 0 0 0 0 0 0 0 0 -1.597906673807909e-07 0 0 0 0 0 0 0 0 0 0 0
leaf_weight=2831714 42771 7562 1262 3031 10637 3423 229 492 13187 205 1124 5891 4864 258 1993 1074 1885 2203 29263 50373 578 4301 498 501 211 289 846 618 16243 1202 337 955 1034 821 2385 200 346961 1991 327 1454 946 240 1842 889 9177 2021 439 207 2055 348 5938 13793 231 3785 1783 2232 2234 602 3677 686 560 342
leaf_count=2831714 42771 7562 1262 3031 10637 3423 229 492 13187 205 1124 5891 4864 258 1993 1074 1885 2203 29263 50373 578 4301 498 501 211 289 846 618 16243 1202 337 955 1034 821 2385 200 346961 1991 327 1454 946 240 1842 889 9177 2021 439 207 2055 348 5938 13793 231 3785 1783 2232 2234 602 3677 686 560 342
internal_value=-0.0463212 -0.0469232 -0.0470281 -0.041775 -0.0420697 -0.039212 -0.0442826 -0.0390354 -0.0412623 -0.0362634 -0.0350805 -0.0422177 -0.0403753 -0.0386516 -0.0332492 -0.0317593 -0.0307676 -0.0285651 -0.0473128 -0.0449994 -0.026763 -0.0389453 -0.0244226 -0.0293851 -0.030645 -0.0268628 -0.0355232 -0.037714 -0.0468118 -0.0309473 -0.0398474 -0.0416299 -0.0344991 -0.023413 -0.028124 -0.0192122 -0.0468953 -0.0380642 -0.0367152 -0.0426424 -0.0341283 -0.0322819 -0.0381686 -0.019062 -0.0436505 -0.0426392 -0.0165502 -0.0411768 -0.0411559 -0.0145792 -0.0438219 -0.0416571 -0.0321345 -0.0430013 -0.0326414 -0.034194 -0.0350698 -0.0442717 -0.0422029 -0.0340295 -0.0299278 -0.0238746
internal_weight=3.44922e+06 3.40645e+06 3.39889e+06 174706 173444 75694 97750 11749 44648 31046 25001 38160 20008 15144 5319 13446 12165 8046 3.22418e+06 86001 1384 11555 4060 3326 3097 3123 6488 4440 392467 2048 13760 7098 4457 1999 2596 806 376224 7869 6078 1791 4087 3141 2797 1178 35628 24991 937 1281 6045 606 6430 15814 1409 3990 3986 2559 4119 18152 4965 1288 1178 582
internal_count=3449220 3406449 3398887 174706 173444 75694 97750 11749 44648 31046 25001 38160 20008 15144 5319 13446 12165 8046 3224181 86001 1384 11555 4060 3326 3097 3123 6488 4440 392467 2048 13760 7098 4457 1999 2596 806 376224 7869 6078 1791 4087 3141 2797 1178 35628 24991 937 1281 6045 606 6430 15814 1409 3990 3986 2559 4119 18152 4965 1288 1178 582
cat_boundaries=0 4 7 11 14 17 21 25 29
cat_threshold=151027712 41943040 536870945 132 134400 50333720 268435456 555788288 41943040 1342177344 4 117440512 10 8192 671155457 25165824 268435520 277993127 303105 1811940372 354 16777248 8388740 8388608 4 16820228 33556610 276826176 6
is_linear=0
shrinkage=0.05


Tree=41
num_leaves=63
num_cat=6
split_feature=8 9 7 18 42 0 18 0 2 15 21 43 1 7 2 7 4 9 42 42 21 7 7 34 7 42 0 0 0 7 15 21 36 23 7 42 28 7 7 7 7 7 1 0 40 18 42 29 10 35 7 7 7 34 6 18 7 7 39 7 7 44
split_gain=48452.3 3809.84 1393.41 1022.5 763.11 1116.13 441.432 359.757 236.491 211.873 143.763 131.403 123.252 111.929 108.503 94.9456 89.0086 82.7357 70.4845 68.4826 59.4361 55.5583 46.8 44.8624 43.6828 39.6187 38.5343 34.9145 33.2536 29.0818 27.9761 65.1195 27.4933 25.363 24.8009 38.5776 22.7947 21.01 22.3408 20.727 20.7065 29.0835 19.8217 19.6747 19.6267 18.7403 18.5307 16.3034 15.4584 15.2323 14.8694 18.512 14.7199 13.5984 13.7872 13.3868 14.1404 17.8192 12.9425 12.8643 12.4831 12.3309
threshold=1.0000000180025095e-35 0.31312465667724615 1.0000000180025095e-35 6.1833331584930429 -0.35206145048141474 0 0.77500000596046459 1 1.0000000180025095e-35 0.14583333581686023 3.3541666269302373 0.67802080512046825 1.0000000180025095e-35 1.6500000357627871 1.0500000119209292 0.84999999403953563 -1.0000000180025095e-35 0.31312465667724615 -0.63405361771583546 -0.72947329282760609 -0.35416667163372034 0.15000000223517421 0.15000000223517421 1.0500000119209292 1.0500000119209292 0.032701563090086018 2 3 4 0.45000000298023229 5.8875000476837167 -0.64583334326744068 4.5000000000000009 0.33437500894069677 0.25000000745058065 -0.84874749183654774 0.013725490774959328 0.55000001192092907 0.15000000223517421 1.1500000357627871 1.0500000119209292 0.15000000223517421 1.0000000180025095e-35 5 2.3645000457763676 8.6833333969116229 -0.68322628736495961 1.8830885887145998 1.7916666865348818 1.0000000180025095e-35 3.5499999523162846 0.15000000223517421 0.15000000223517421 0.94999998807907116 1.0000000180025095e-35 9.5500001907348651 0.15000000223517421 0.84999999403953563 0.23499999940395358 0.25000000745058065 0.25000000745058065 0.34840355813503271
decision_type=2 2 2 10 2 9 10 9 10 10 10 2 10 2 10 2 10 2 2 2 10 2 2 2 2 2 9 9 9 2 10 8 2 10 2 2 2 2 2 2 2 2 10 9 2 10 2 2 2 2 2 2 2 2 2 8 2 2 2 2 2 2
left_child=1 2 23 48 5 6 11 13 25 20 42 19 14 21 16 46 -12 -18 28 26 -5 49 -20 -1 32 55 50 -24 34 -23 31 -11 53 43 35 61 44 38 -30 -36 41 -28 -2 -25 -17 -26 -8 -38 -3 -6 51 -4 -21 54 -7 56 -9 59 -29 -58 -60 -13
right_child=10 3 4 9 7 24 15 8 -10 30 12 18 -14 -15 -16 36 17 -19 22 52 -22 29 27 33 45 -27 40 58 37 -31 -32 -33 -34 -35 39 -37 47 -39 -40 -41 -42 -43 -44 -45 -46 -47 -48 -49 -50 -51 -52 -53 -54 -55 -56 -57 57 -59 60 -61 -62 -63
leaf_value=0 -1.6960141821812088e-07 0 0 0 0 0 0 0 2.2574734815415445e-07 7.9895333690395454e-09 -1.4979308944220366e-07 0 -0.003203099810343646 0 5.2371706196835351e-06 0 -1.0591659785014547e-05 -1.597906673807909e-07 0 0 0 0 0 0 0 0 0 0 0 0 7.9895333690395454e-09 0 0 0 0 0 0 0 0 0 0 0 0.00078648626582904018 0 0 0 0 0 0 0 0 0 0 0 0 0 0 0 0 0 0 0
leaf_weight=2831714 9879 213 638 233 2844 920 2326 3323 252 1097 443 670 2627 1736 499 1537 277 709 726 1475 631 1180 672 29263 7050 79716 1660 277 1065 350 3959 348 5516 16243 941 461 946 505 676 364 507 872 40044 346961 434 17630 1291 3604 2525 886 251 490 1592 334 221 7245 1484 4182 214 1746 489 257
leaf_count=2831714 9879 213 638 233 2844 920 2326 3323 252 1097 443 670 2627 1736 499 1537 277 709 726 1475 631 1180 672 29263 7050 79716 1660 277 1065 350 3959 348 5516 16243 941 461 946 505 676 364 507 872 40044 346961 434 17630 1291 3604 2525 886 251 490 1592 334 221 7245 1484 4182 214 1746 489 257
internal_value=-0.0462486 -0.0469993 -0.0470857 -0.014522 -0.0425543 -0.0378755 -0.0299118 -0.0450782 -0.04587 -0.00338705 0.000531315 -0.0244187 -0.00797201 -0.0338795 -0.0175726 -0.0379616 -0.0245819 -0.0329462 -0.0196539 -0.0290765 -0.0263773 -0.0302947 -0.0267262 -0.0473128 -0.0441234 -0.0459994 -0.0250917 -0.0220763 -0.0162487 -0.0222712 0.000288675 -0.00566609 -0.0406483 -0.0468118 -0.0123261 -0.0170245 -0.0415653 -0.0208045 -0.0182926 -0.00742337 -0.0283216 -0.0265679 0.00130716 -0.0468953 -0.0370738 -0.0451256 -0.0314646 -0.043511 -0.0400128 -0.0335858 -0.0176404 -0.0153191 -0.0348166 -0.0345847 -0.0319873 -0.0438793 -0.0427585 -0.0415434 -0.0281313 -0.0387539 -0.0248115 -0.0111462
internal_weight=3.44922e+06 3.39474e+06 3.38574e+06 9006 161555 56611 24940 104944 97948 6268 54478 14802 4555 6996 1928 10138 1429 986 7317 7485 864 5260 2378 3.22418e+06 31671 97696 4418 1652 4939 1530 5404 1445 6991 392467 2693 1388 6521 2246 1741 1305 3039 2532 49923 376224 1971 24680 3617 4550 2738 3730 1379 1128 3067 1475 1141 17980 10735 7412 980 3230 703 927
internal_count=3449220 3394742 3385736 9006 161555 56611 24940 104944 97948 6268 54478 14802 4555 6996 1928 10138 1429 986 7317 7485 864 5260 2378 3224181 31671 97696 4418 1652 4939 1530 5404 1445 6991 392467 2693 1388 6521 2246 1741 1305 3039 2532 49923 376224 1971 24680 3617 4550 2738 3730 1379 1128 3067 1475 1141 17980 10735 7412 980 3230 703 927
cat_boundaries=0 4 8 11 14 17 20
cat_threshold=265476 19466394 269486432 1 17039360 278921216 0 4 0 2064 268435456 1284 2184 320 0 17301650 268437760 671155457 25165824 268435520
is_linear=0
shrinkage=0.05


Tree=42
num_leaves=63
num_cat=0
split_feature=8 9 17 7 7 2 41 28 21 41 27 29 43 5 2 9 4 24 38 34 31 35 7 44 23 34 28 7 41 9 28 28 33 41 7 7 8 44 28 24 40 41 44 7 38 39 43 19 29 44 34 24 31 41 29 24 7 38 37 38 39 35
split_gain=48551.5 3809.84 1514.13 1393.41 426.03 304.117 163.544 164.054 126.301 124.44 132.305 76.7914 66.4396 60.1787 124.852 84.446 129.808 52.8504 47.9569 44.8624 35.1131 29.3422 28.7928 26.6101 25.363 25.1887 24.0319 22.1958 27.8179 22.2151 22.0011 21.16 20.6056 17.0138 15.8258 14.0427 13.8429 13.7232 20.1852 13.408 12.8366 17.5574 12.8068 11.8356 11.7642 32.0957 10.9206 10.8826 13.3498 10.6588 10.6106 10.4413 9.98187 9.90477 9.6491 9.45268 9.43038 9.11642 9.10849 14.0873 8.68021 8.50767
threshold=1.0000000180025095e-35 0.31312465667724615 6.1833331584930429 1.0000000180025095e-35 1.0500000119209292 1.0000000180025095e-35 1.0000000180025095e-35 0.064705885946750655 3.3541666269302373 0.91037613153457653 0.04256099462509156 0.96581566333770763 0.82899317145347606 1.0000000180025095e-35 1.0000000180025095e-35 0.31312465667724615 -1.0000000180025095e-35 0.011320792604237797 13.500000000000002 1.0500000119209292 0.05172413773834706 1.0000000180025095e-35 0.15000000223517421 0.41202506422996527 0.33437500894069677 1.0000000180025095e-35 0.021568628028035167 0.15000000223517421 -0.9103761315345763 0.019669849425554279 0.017647059634327892 0.025490196421742443 0.25000000745058065 -0.47114434838294977 0.25000000745058065 0.15000000223517421 0.095833335071802153 0.6174544394016267 0.10000000149011613 -0.0063692445401102296 1.9959999918937685 0.72947329282760631 0.13185577094554904 6.2500000000000009 6.5000000000000009 0.19749999791383746 0.43733377754688268 1.5000000000000002 9.6459851264953631 -0.091258823871612535 1.0000000180025095e-35 0.011533672921359541 0.086206898093223586 0.41248606145381933 1.8830885887145998 0.0066933878697454938 0.15000000223517421 4.5000000000000009 2.8605000972747807 10.500000000000002 0.81850001215934765 7.2500000000000009
decision_type=2 2 10 2 2 10 2 2 10 2 2 2 2 10 10 2 10 10 2 2 2 2 2 2 10 2 2 2 2 2 2 2 2 2 2 2 2 2 2 10 2 2 2 2 2 2 2 2 2 2 2 10 2 2 2 10 2 2 2 2 2 2
left_child=1 3 -3 19 5 6 18 9 36 10 31 12 26 14 15 -10 -17 22 25 -1 -6 23 -14 39 -21 44 -12 -20 29 49 55 50 40 58 -11 -25 -2 -9 -39 46 47 -42 -19 57 -5 51 -13 48 -23 -29 -8 -46 -37 -52 -35 -24 -28 -22 -27 -60 -36 -26
right_child=8 2 -4 4 20 -7 7 37 13 34 11 21 17 -15 -16 16 -18 42 27 24 43 32 30 35 61 33 56 28 -30 -31 -32 -33 -34 54 60 52 -38 38 -40 -41 41 -43 -44 -45 45 -47 -48 -49 -50 -51 53 -53 -54 -55 -56 -57 -58 -59 59 -61 -62 -63
leaf_value=0 -1.6056056046768548e-07 0 7.5900567005875682e-09 0 0 2.1445998074644674e-07 0 0 3.6054368974087977e-07 0 0 0 0 -0.0030429448198264638 -2.8725492399529242e-05 -1.4230343497009348e-07 -1.4782066333167815e-07 0 0 0 0 0 0 0 0 0 0 0 0 0 0 0 0 0 0 0 1.198173247615217e-05 0 0 0 0 0 0 0 0 0 0 0 0 0 0 0 0 0 0 0 0 0 0 0 0 0
leaf_weight=2831714 10830 3675 5331 9841 43336 423 3774 6156 261 5849 2299 391 1102 2140 1096 363 695 344 3081 376224 2941 1185 939 1099 10915 3388 418 384 2896 229 509 274 1351 1226 2399 377 39093 337 1052 3297 875 460 209 14928 1562 7618 261 3039 333 389 215 270 726 352 1322 299 369 25963 797 362 309 5328
leaf_count=2831714 10830 3675 5331 9841 43336 423 3774 6156 261 5849 2299 391 1102 2140 1096 363 695 344 3081 376224 2941 1185 939 1099 10915 3388 418 384 2896 229 509 274 1351 1226 2399 377 39093 337 1052 3297 875 460 209 14928 1562 7618 261 3039 333 389 215 270 726 352 1322 299 369 25963 797 362 309 5328
internal_value=-0.0462478 -0.0469993 -0.014522 -0.0470857 -0.0425543 -0.0397749 -0.0400166 -0.0378852 0.000579959 -0.0363667 -0.0345535 -0.0327832 -0.0283184 -0.00739023 -0.0128002 -0.0231634 -0.0294471 -0.0234994 -0.0426101 -0.0473128 -0.0449262 -0.0349459 -0.0207538 -0.0374854 -0.0468118 -0.043585 -0.0336309 -0.0389243 -0.0364174 -0.0292365 -0.0167616 -0.0421804 -0.0327892 -0.0410377 -0.0415575 -0.0330813 0.00130716 -0.0445378 -0.0400486 -0.0399411 -0.0315122 -0.0272004 -0.0376447 -0.0439284 -0.0445219 -0.0432619 -0.0333896 -0.0327754 -0.0293182 -0.0251843 -0.043031 -0.0373199 -0.0290956 -0.0366534 -0.0377669 -0.0203595 -0.0260896 -0.0433379 -0.0428706 -0.0390444 -0.0383973 -0.0448773
internal_weight=3.44922e+06 3.39474e+06 9006 3.38574e+06 161555 74387 73964 40599 54478 33054 24497 19882 6488 4555 2415 1319 1058 3402 33365 3.22418e+06 87168 13394 2849 6151 392467 26386 3086 6979 3898 1002 1747 4615 7243 7095 8557 2202 49923 7545 1389 3949 5892 1335 553 43832 19291 9450 652 4557 1518 773 4341 1832 1103 567 2548 1238 787 28904 4547 1159 2708 16243
internal_count=3449220 3394742 9006 3385736 161555 74387 73964 40599 54478 33054 24497 19882 6488 4555 2415 1319 1058 3402 33365 3224181 87168 13394 2849 6151 392467 26386 3086 6979 3898 1002 1747 4615 7243 7095 8557 2202 49923 7545 1389 3949 5892 1335 553 43832 19291 9450 652 4557 1518 773 4341 1832 1103 567 2548 1238 787 28904 4547 1159 2708 16243
is_linear=0
shrinkage=0.05


Tree=43
num_leaves=63
num_cat=10
split_feature=6 2 1 17 7 7 3 9 23 4 35 41 0 13 41 41 4 41 28 28 28 43 0 18 28 35 18 28 43 23 0 24 7 14 9 0 41 41 0 41 25 41 7 0 0 29 44 29 0 0 44 25 18 46 7 41 0 41 35 7 7 18
split_gain=46176.5 3101.08 1503.97 1416.63 1268.55 447.94 433.076 335.871 262.051 197.27 144.169 80.7458 77.1213 77.0504 76.6321 137 67.7656 62.4881 69.8772 86.0532 51.9792 55.3308 44.4389 44.2739 43.9163 41.2944 35.1849 30.3799 27.4784 26.9536 26.2375 24.5038 24.0604 22.8001 22.7744 21.1419 20.8777 20.5616 20.3563 19.5656 19.1357 22.1509 19.9352 18.7536 18.7176 18.025 30.0811 21.4854 17.6446 17.3716 17.2024 16.9946 16.9889 15.1906 14.9175 13.4893 13.2367 13.1422 12.9221 11.6886 10.8815 10.4034
threshold=1.0000000180025095e-35 1.0000000180025095e-35 1.0000000180025095e-35 6.1833331584930429 1.0000000180025095e-35 1.0500000119209292 1.0000000180025095e-35 0.31312465667724615 0.16707717627286914 -1.0000000180025095e-35 1.0000000180025095e-35 -0.88144907355308522 0 6.2083332538604745 0.91037613153457653 1.0000000180025095e-35 -1.0000000180025095e-35 1.0000000180025095e-35 0.064705885946750655 0.021568628028035167 0.064705885946750655 0.91248813271522533 1 11.937500000000002 0.048057714477181442 2.0499999523162846 0.77500000596046459 0.021568628028035167 0.82899317145347606 0.33437500894069677 2 0.0071341132279485473 0.15000000223517421 12.250000000000002 0.030080261640250686 3 -1.0000000180025095e-35 0.68322628736495983 4 -0.95642796158790577 0.15500000119209292 0.93540480732917797 0.15000000223517421 5 6 10.091666698455812 0.28313310444355017 0.20818121731281283 7 8 0.63089349865913402 0.16499999910593036 0.27500000596046453 -0.34682470560073847 0.25000000745058065 0.68322628736495983 9 -0.47114434838294977 0.15000000223517421 0.15000000223517421 0.25000000745058065 0.14583333581686023
decision_type=2 8 10 10 2 2 8 2 10 10 2 2 9 10 2 2 10 2 2 2 2 2 9 10 2 2 10 2 2 10 9 10 2 10 2 9 2 2 9 2 10 2 2 9 9 2 2 2 9 9 2 10 8 2 2 2 9 2 2 2 2 10
left_child=4 2 3 6 25 10 9 13 -9 -2 12 44 32 48 15 43 -10 -14 19 40 21 26 -13 49 28 -1 27 51 -21 38 -8 37 36 -18 -24 -29 -6 -23 -27 -34 -19 42 -42 -12 -11 47 -47 -44 -5 -7 -22 -17 -32 -33 -16 -48 -53 -45 61 -39 -30 -51
right_child=1 -3 -4 7 5 23 30 8 16 11 14 22 17 -15 54 20 33 18 -20 24 50 31 34 -25 -26 29 -28 35 60 -31 52 53 39 -35 -36 -37 -38 59 -40 -41 41 -43 45 57 -46 46 55 -49 -50 58 -52 56 -54 -55 -56 -57 -58 -59 -60 -61 -62 -63
leaf_value=0 5.101062880686019e-06 6.5333642395931716e-06 0.00058786783870852163 0 0 0 0 7.2105538655581896e-09 -1.351882632215888e-07 0 0 0 0 0 0 0 -3.7586155390881453e-07 0 0 0 0 0 0 0 0 0 0 0 0 0 0 0 0 -1.4042963016509424e-07 0 0 0 0 0 0 0 0 0 0 0 0 0 0 0 0 0 0 0 0 0 0 0 0 0 0 0 0
leaf_weight=2744419 689 42774 7562 242 1970 10637 1015 5172 340 200 4391 1488 14289 285 3928 424 219 1996 4907 337 1052 1031 832 50373 581 36075 3290 338 265 16078 5705 247 338 597 2624 667 579 261 427609 1076 4099 2704 470 2495 1495 226 222 3887 676 9128 206 1193 1802 600 1983 250 2487 1773 10384 555 204 5479
leaf_count=2744419 689 42774 7562 242 1970 10637 1015 5172 340 200 4391 1488 14289 285 3928 424 219 1996 4907 337 1052 1031 832 50373 581 36075 3290 338 265 16078 5705 247 338 597 2624 667 579 261 427609 1076 4099 2704 470 2495 1495 226 222 3887 676 9128 206 1193 1802 600 1983 250 2487 1773 10384 555 204 5479
internal_value=-0.0462478 -0.00710023 -0.0191576 -0.0254265 -0.0471028 -0.0426286 -0.0339101 -0.0075717 -0.00296776 -0.0249973 -0.0395072 -0.0276401 -0.041474 -0.0317893 -0.0367017 -0.0352868 -0.0244896 -0.0422782 -0.0404968 -0.038826 -0.0319061 -0.0308138 -0.0244114 -0.0449994 -0.0269521 -0.0473128 -0.0328137 -0.0302168 -0.0193983 -0.0468848 -0.0415742 -0.0245787 -0.0342921 -0.0323039 -0.0275851 -0.0224254 -0.0372803 -0.0213495 -0.0469546 -0.0291478 -0.0400148 -0.0392524 -0.0380779 -0.0401088 -0.0370575 -0.0359768 -0.0285172 -0.0371718 -0.0388399 -0.0436505 -0.0415382 -0.0321248 -0.0427408 -0.0316204 -0.0417311 -0.0213347 -0.0310326 -0.0430762 -0.0426392 -0.0272794 -0.0115725 -0.0436149
internal_weight=3.44922e+06 73717 30943 23381 3.3755e+06 151322 15850 7531 6328 7328 65321 6639 38400 1203 26921 21010 1156 34437 20148 15241 12351 11093 4944 86001 1387 3.22418e+06 8399 5109 806 479762 8522 2694 3963 816 3456 1005 2549 1847 463684 1414 13854 11858 9154 8659 1695 5055 698 4357 918 35628 1258 4104 7507 847 5911 472 3680 4268 24991 816 469 14607
internal_count=3449220 73717 30943 23381 3375503 151322 15850 7531 6328 7328 65321 6639 38400 1203 26921 21010 1156 34437 20148 15241 12351 11093 4944 86001 1387 3224181 8399 5109 806 479762 8522 2694 3963 816 3456 1005 2549 1847 463684 1414 13854 11858 9154 8659 1695 5055 698 4357 918 35628 1258 4104 7507 847 5911 472 3680 4268 24991 816 469 14607
cat_boundaries=0 4 8 12 14 17 21 25 29 33 36
cat_threshold=134250496 8388608 32 132 2250250788 5308419 532576 37 1731201057 1073741828 3430944772 1 132096 2072 671155457 25165824 268435520 553691136 42467328 1342179392 6 51511296 41943040 1140859136 4 553650176 8388608 8388672 4 277993127 303105 1811940372 354 2048 16777240 268437504
is_linear=0
shrinkage=0.05


Tree=44
num_leaves=63
num_cat=11
split_feature=8 6 7 18 42 0 18 0 2 15 41 21 7 7 7 7 41 41 0 5 2 4 6 7 21 34 7 42 0 6 41 0 7 41 41 23 15 21 28 0 38 0 40 0 18 26 28 28 0 41 10 0 8 44 44 7 18 41 0 18 35 33
split_gain=48548.6 3776.03 1404.54 918.757 763.145 1116.94 438.855 364.752 194.873 186.244 147.184 126.243 106.6 100.949 124.309 93.5896 72.5974 62.977 60.8279 60.1787 124.852 83.5202 112.936 55.7431 51.8742 44.8624 43.2216 40.3422 36.5042 33.9021 29.4259 33.9727 28.7683 27.3085 26.7937 25.363 24.8411 60.8334 23.7153 22.0696 20.6664 19.6747 19.214 18.0624 17.9999 17.3287 15.3028 14.7247 14.3126 14.2627 14.2534 14.0456 13.9698 13.6629 13.072 12.6897 12.2859 15.56 12.124 11.4732 11.2353 11.2103
threshold=1.0000000180025095e-35 1.5500000119209292 1.0000000180025095e-35 6.1833331584930429 -0.35206145048141474 0 0.77500000596046459 1 1.0000000180025095e-35 1.0000000180025095e-35 -0.52778512239456166 3.3541666269302373 1.6500000357627871 0.15000000223517421 1.0500000119209292 0.84999999403953563 0.68322628736495983 0.77259656786918651 2 1.0000000180025095e-35 1.0000000180025095e-35 -1.0000000180025095e-35 1.7500000000000002 0.15000000223517421 -0.35416667163372034 1.0500000119209292 1.0500000119209292 0.032701563090086018 3 1.9499999880790713 0.47114434838294988 4 0.45000000298023229 -0.52778512239456166 -0.097964655607938753 0.33437500894069677 5.7750000953674325 -0.18333333730697629 0.013725490774959328 5 13.500000000000002 6 2.3645000457763676 7 8.6833333969116229 0.0080638783983886259 0.049337463453412063 0.0098039219155907648 8 0.032701563090086053 1.7916666865348818 9 0.095833335071802153 0.53312596678733837 0.26659387350082403 0.15000000223517421 22.562500000000004 0.93540480732917797 10 22.062500000000004 0.15000000223517421 0.15000000223517421
decision_type=2 2 2 10 2 9 10 9 10 10 2 10 2 2 2 2 2 2 9 10 10 10 2 2 10 2 2 2 9 2 2 9 2 2 2 10 10 10 2 9 2 9 2 9 10 10 2 2 9 2 2 9 2 2 2 2 8 2 9 10 2 2
left_child=1 2 25 50 5 6 10 12 27 24 58 52 23 16 17 33 43 39 -16 20 21 -13 -23 34 -5 -1 30 56 -19 -11 -7 -32 -25 -8 40 41 37 -31 42 -15 47 -27 -17 54 -28 -36 48 -6 55 -20 -3 -18 -2 -49 -12 -35 57 -9 -4 -40 -29 -41
right_child=11 3 4 9 7 26 15 8 -10 29 13 19 -14 14 18 38 51 28 49 -21 -22 22 -24 32 -26 35 44 60 -30 36 31 -33 -34 46 45 -37 -38 -39 59 61 -42 -43 -44 -45 -46 -47 -48 53 -50 -51 -52 -53 -54 -55 -56 -57 -58 -59 -60 -61 -62 -63
leaf_value=0 -1.5253253244430121e-07 0 0 0 0 0 0 0 -1.2293123027053419e-07 0 0 -1.2842885006050936e-07 0 0 0 0 0 0 0 -0.0029201909707705664 -2.7615885991532445e-05 -1.2939908596787321e-07 -1.3661312480720022e-07 0 0 0 0 0 0 0 0 0 0 0 0 0 6.8500261722802804e-09 0 0 0 0 0 0 0 0 0 0 0 0 0 0 0 1.1055977640364902e-05 0 0 0 0 0 0 0 0 0
leaf_weight=2831714 10830 213 654 219 478 5681 734 4648 255 284 1070 408 1715 1779 443 1542 477 596 415 2140 1096 227 684 1180 579 29263 7066 52802 1268 1091 564 749 351 640 683 16243 3784 268 1914 1744 1401 346961 432 1886 17638 583 246 350 1465 1214 2350 1268 39093 235 599 532 5100 8256 1130 2643 27084 263
leaf_count=2831714 10830 213 654 219 478 5681 734 4648 255 284 1070 408 1715 1779 443 1542 477 596 415 2140 1096 227 684 1180 579 29263 7066 52802 1268 1091 564 749 351 640 683 16243 3784 268 1914 1744 1401 346961 432 1886 17638 583 246 350 1465 1214 2350 1268 39093 235 599 532 5100 8256 1130 2643 27084 263
internal_value=-0.0462483 -0.0469997 -0.0470847 -0.0142672 -0.0425384 -0.0378604 -0.0298956 -0.0450595 -0.0458539 -0.00389357 -0.0244181 0.000578123 -0.033769 -0.022573 -0.0189258 -0.0379168 -0.0278868 -0.0150841 -0.0294015 -0.00739023 -0.0128002 -0.0231634 -0.0315834 -0.0302884 -0.0264474 -0.0473128 -0.0441073 -0.0459723 -0.0226073 -0.000577206 -0.0406513 -0.0339052 -0.0222551 -0.0314646 -0.0335858 -0.0468118 0.000351449 -0.00544702 -0.0414902 -0.0113801 -0.0366234 -0.0468953 -0.0369124 -0.0237869 -0.0451036 -0.0276738 -0.0292725 -0.0313664 -0.0281598 -0.0338484 -0.0394625 -0.0362393 0.00130516 -0.026047 -0.0194327 -0.0230288 -0.0438341 -0.043013 -0.0378868 -0.0434732 -0.0464541 -0.0149888
internal_weight=3.44922e+06 3.39474e+06 3.38595e+06 8788 161773 56652 24954 105121 98145 6225 14806 54478 6976 13022 7722 10148 5300 5650 2072 4555 2415 1319 911 5261 798 3.22418e+06 31698 97890 1864 5427 6994 1313 1531 3617 3730 392467 5143 1359 6531 3786 2464 376224 1974 3555 24704 1266 2883 1063 2637 1629 2563 1745 49923 585 1669 1172 18004 12904 1784 4557 79886 2007
internal_count=3449220 3394742 3385954 8788 161773 56652 24954 105121 98145 6225 14806 54478 6976 13022 7722 10148 5300 5650 2072 4555 2415 1319 911 5261 798 3224181 31698 97890 1864 5427 6994 1313 1531 3617 3730 392467 5143 1359 6531 3786 2464 376224 1974 3555 24704 1266 2883 1063 2637 1629 2563 1745 49923 585 1669 1172 18004 12904 1784 4557 79886 2007
cat_boundaries=0 4 8 11 14 18 20 23 26 29 31 35
cat_threshold=265476 19466394 269486432 1 17039360 276824064 0 4 0 128 256 0 524290 268435456 131072 262144 0 128 4 16779282 671155457 25165824 268435520 3072 2066 268437504 4 2178 268437568 3072 152 260 65536 269484064 1
is_linear=0
shrinkage=0.05


Tree=45
num_leaves=63
num_cat=5
split_feature=8 9 17 7 7 2 35 23 1 0 28 29 9 2 0 34 28 28 7 31 9 1 7 29 26 23 0 0 0 3 7 3 26 44 7 45 3 29 29 26 26 7 27 8 9 3 16 23 44 24 34 44 7 37 28 44 45 35 28 30 47 46
split_gain=48384.5 3793.72 1479.84 1370.67 413.753 271.186 155.934 116.214 112.278 76.1693 53.5534 61.0678 48.4374 76.8689 48.0291 45.8733 41.9323 62.383 41.0897 37.3123 36.4981 35.2973 32.5802 36.5556 29.781 25.196 20.4167 19.0883 19.0708 18.9603 23.4108 18.7708 19.0828 35.445 24.233 18.954 18.2731 15.5889 14.6638 14.5446 14.0272 15.2671 13.5807 13.536 14.0767 13.1249 12.7218 12.334 11.5493 11.3765 11.1275 11.0296 9.73937 9.60697 9.56795 9.54315 9.23777 9.1019 9.31242 8.82048 9.63922 8.79531
threshold=1.0000000180025095e-35 0.31312465667724615 6.1833331584930429 1.0000000180025095e-35 1.0500000119209292 1.0000000180025095e-35 1.0000000180025095e-35 0.20082304626703265 1.0000000180025095e-35 0 0.064705885946750655 0.96581566333770763 0.31312465667724615 1.0500000119209292 1 1.0500000119209292 0.048057714477181442 0.021568628028035167 0.25000000745058065 0.05172413773834706 0.0082167778164150568 1.0000000180025095e-35 0.15000000223517421 1.7303637862205508 0.02790098171681166 0.33437500894069677 2 3 4 1.0000000180025095e-35 0.15000000223517421 1.0000000180025095e-35 -0.017941731028258797 -0.048362832516431802 0.15000000223517421 1.0000000180025095e-35 1.0000000180025095e-35 10.628359794616701 2.3289086818695073 0.0086534600704908388 0.029483099468052391 0.15000000223517421 0.061906902119517333 0.020833333954215053 0.028186048381030563 1.0000000180025095e-35 12.250000000000002 0.073363911360502257 -0.11692317575216292 0.0066933878697454938 1.0000000180025095e-35 0.76002004742622387 6.3500001430511483 6.7225000858306894 0.0098039219155907648 0.77652049064636242 1.0000000180025095e-35 7.2500000000000009 0.036731028929352767 0.06434286013245584 0.49772018194198614 -0.64637795090675343
decision_type=2 2 10 2 2 10 2 10 10 9 2 2 2 10 9 2 2 2 2 2 2 10 2 2 10 10 9 9 9 10 2 10 10 2 2 2 10 2 2 10 10 2 2 2 2 10 10 8 2 10 2 2 2 2 2 2 2 2 2 2 2 2
left_child=1 3 -3 15 5 6 9 21 12 29 11 18 -9 46 19 -1 17 31 36 -6 22 43 48 -24 28 27 42 -17 50 30 49 32 35 39 -35 -11 40 61 -28 59 41 -8 -13 -2 -45 55 -14 52 -19 -5 -20 -12 -16 -41 -43 -44 -40 -27 -59 60 -34 -36
right_child=7 2 -4 4 14 -7 10 8 -10 16 51 26 13 -15 47 25 -18 20 24 -21 -22 -23 23 -25 -26 57 38 -29 -30 -31 -32 -33 33 34 37 -37 -38 -39 56 53 -42 54 45 44 -46 -47 -48 -49 -50 -51 -52 -53 -54 -55 -56 -57 -58 58 -60 -61 -62 -63
leaf_value=0 5.2284281534350987e-08 0 6.5075248636662663e-09 0 0 3.3630362539152741e-07 0 -3.0258179883296671e-05 -0.0027741820699289828 0 0 0 -2.2713396257394473e-06 6.1300117718565479e-06 0 0 0 0 0 0 0 0.00074568339881978191 0 0 0 0 0 0 0 0 0 0 0 0 0 0 0 0 0 0 0 0 0 -3.0737800346461719e-05 -4.305823098844593e-07 0 -1.265774924164795e-07 0 0 0 0 0 0 0 0 0 0 0 0 0 0 0
leaf_weight=2831860 2104 3601 5282 1907 9956 426 2626 454 2818 4653 3134 2921 206 284 34887 36222 9428 312 332 14678 479 39955 492 235 345 10976 3828 340390 562 498 1402 2870 995 5410 843 1780 388 767 1267 4983 827 225 6755 369 7560 843 875 1398 504 736 648 336 26506 279 1075 447 3578 2306 3099 1681 234 3456
leaf_count=2831860 2104 3601 5282 1907 9956 426 2626 454 2818 4653 3134 2921 206 284 34887 36222 9428 312 332 14678 479 39955 492 235 345 10976 3828 340390 562 498 1402 2870 995 5410 843 1780 388 767 1267 4983 827 225 6755 369 7560 843 875 1398 504 736 648 336 26506 279 1075 447 3578 2306 3099 1681 234 3456
internal_value=-0.0462511 -0.0470021 -0.0143693 -0.0470877 -0.0425989 -0.0398611 -0.0400899 0.000432266 -0.00713985 -0.0419896 -0.0373198 -0.0365595 -0.0168238 -0.0215293 -0.0449321 -0.0473131 -0.0427405 -0.0418366 -0.0325598 -0.0427595 -0.0333556 0.00113467 -0.0296128 -0.0219154 -0.0262493 -0.0468069 -0.0379909 -0.0468904 -0.0232782 -0.0353047 -0.0342491 -0.0424501 -0.0420118 -0.0412017 -0.0392764 -0.0443599 -0.034876 -0.0367914 -0.0402185 -0.0436698 -0.0340243 -0.0327776 -0.0361593 -0.00151674 -0.00246279 -0.0351321 -0.027611 -0.0457703 -0.0364706 -0.0370195 -0.0183333 -0.0431628 -0.0458834 -0.0452385 -0.0283462 -0.0344411 -0.0420924 -0.0448872 -0.0432077 -0.0408333 -0.0376139 -0.0379629
internal_weight=3.45029e+06 3.39567e+06 8883 3.38678e+06 161932 74507 74081 54625 4637 43944 30137 26667 1819 1365 87425 3.22485e+06 39401 29973 7028 24634 2022 49988 1543 727 1887 392993 19639 376612 1542 4543 4045 27951 25081 18648 10476 6433 5141 5066 8673 8172 4753 3926 10966 10033 7929 8045 1081 62791 816 2643 980 3470 61393 5262 1300 7202 4845 16381 5405 2910 1229 4299
internal_count=3450293 3395668 8883 3386785 161932 74507 74081 54625 4637 43944 30137 26667 1819 1365 87425 3224853 39401 29973 7028 24634 2022 49988 1543 727 1887 392993 19639 376612 1542 4543 4045 27951 25081 18648 10476 6433 5141 5066 8673 8172 4753 3926 10966 10033 7929 8045 1081 62791 816 2643 980 3470 61393 5262 1300 7202 4845 16381 5405 2910 1229 4299
cat_boundaries=0 4 8 12 15 18
cat_threshold=32768 8388608 33 132 623124480 3114860720 2417033568 129 18917376 8390682 268437568 4 671155457 1098907650 268435520 260 25167896 268437504
is_linear=0
shrinkage=0.05


Tree=46
num_leaves=63
num_cat=0
split_feature=8 9 17 7 42 7 41 2 7 18 14 1 18 3 2 41 9 4 34 38 41 40 19 42 38 1 7 7 23 38 7 28 29 34 7 41 38 37 44 45 19 37 37 7 37 18 8 7 39 36 7 36 41 31 38 7 44 39 39 40 41 36
split_gain=48496.6 3793.72 1479.84 1370.67 757.907 994.826 291.892 190.754 181.848 130.245 110.776 104.253 93.8167 80.3942 65.6227 64.7 64.311 100.926 45.8733 40.469 40.0106 39.6083 37.5831 37.2181 36.0893 35.0435 28.3004 31.1276 25.196 24.4232 90.162 23.4703 23.2814 17.8964 17.3812 17.0305 33.7767 19.3041 16.5889 27.1061 24.1878 16.5851 28.9981 91.6627 15.9652 15.353 14.6903 16.895 14.6151 14.6135 19.1803 13.334 12.6819 13.2369 12.3388 11.2878 10.7197 10.0175 11.2947 18.8959 20.7194 10.8815
threshold=1.0000000180025095e-35 0.31312465667724615 6.1833331584930429 1.0000000180025095e-35 -0.35206145048141474 1.0500000119209292 -0.22695468366146085 1.0000000180025095e-35 0.15000000223517421 0.77500000596046459 8.2500000000000018 1.0000000180025095e-35 5.2750000953674325 1.0000000180025095e-35 1.1500000357627871 0.77259656786918651 0.31312465667724615 -1.0000000180025095e-35 1.0500000119209292 13.500000000000002 0.68322628736495983 1.7624999880790713 3.5000000000000004 1.0000000180025095e-35 7.5000000000000009 1.0000000180025095e-35 1.1500000357627871 0.15000000223517421 0.33437500894069677 13.500000000000002 0.35000000894069677 0.013725490774959328 9.8684887886047381 0.55000001192092907 2.7500000000000004 -0.52778512239456166 7.5000000000000009 1.1215000152587893 0.57605713605880748 1.0000000180025095e-35 1.5000000000000002 2.8605000972747807 4.5694999694824228 0.55000001192092907 6.7225000858306894 22.562500000000004 0.070833336561918273 0.15000000223517421 0.65450000762939464 3.5000000000000004 0.45000000298023229 3.5000000000000004 -0.63405361771583546 0.05172413773834706 6.5000000000000009 0.25000000745058065 -0.67801648378372181 0.098000001162290587 0.58499997854232799 2.3645000457763676 0.35206145048141485 9.5000000000000018
decision_type=2 2 10 2 2 2 2 10 2 10 10 10 8 10 10 2 2 10 2 2 2 2 2 2 2 10 2 2 10 2 2 2 2 2 2 2 2 2 2 2 2 2 2 2 2 10 2 2 2 2 2 2 2 2 2 2 2 2 2 2 2 2
left_child=1 3 -3 18 5 6 35 23 19 13 25 14 32 15 16 33 -12 -18 -1 20 21 24 55 26 -8 46 27 -6 -20 41 31 -31 52 38 -34 37 54 -5 39 -10 -40 -25 43 56 -33 51 -2 -48 -29 -11 -51 -14 -7 -54 -37 -17 -43 -55 -59 61 -61 -60
right_child=10 2 -4 4 7 12 8 -9 9 49 11 -13 45 -15 -16 22 17 -19 28 -21 -22 -23 -24 29 -26 -27 -28 48 -30 30 -32 44 34 -35 -36 36 -38 -39 40 -41 -42 42 -44 -45 -46 -47 47 -49 -50 50 -52 -53 53 57 -56 -57 -58 58 59 60 -62 -63
leaf_value=0 4.9670067457633444e-08 0 6.1821486204829538e-09 0 0 0 0 -1.3359985002658385e-07 0 0 -3.5053313239865589e-05 -0.0026354723187355894 0 0 7.1592122076799573e-06 0 -1.1567853293665992e-07 -1.2024861779565552e-07 0 0 0 0 0 0 0 0.00070839922887879284 0 0 0 0 0 0 0 0 0 0 0 0 0 0 0 0 0 0 0 0 -2.9355521451077501e-05 -1.8705945542083039e-06 0 0 0 0 0 0 0 0 0 0 0 0 0 0
leaf_weight=2831860 5029 3601 5282 239 3884 1628 2287 254 1321 594 270 2360 1449 322 324 712 343 617 376612 1058 2364 1408 281 49275 734 40413 9816 2782 16381 2388 16253 1999 325 544 372 798 1381 4397 406 1028 471 379 11334 4078 566 16527 368 4901 1128 1038 546 6587 1921 762 272 974 1133 1781 474 250 428 984
leaf_count=2831860 5029 3601 5282 239 3884 1628 2287 254 1321 594 270 2360 1449 322 324 712 343 617 376612 1058 2364 1408 281 49275 734 40413 9816 2782 16381 2388 16253 1999 325 544 372 798 1381 4397 406 1028 471 379 11334 4078 566 16527 368 4901 1128 1038 546 6587 1921 762 272 974 1133 1781 474 250 428 984
internal_value=-0.0462502 -0.0470021 -0.0143693 -0.0470877 -0.0425989 -0.0379364 -0.0299725 -0.0451085 -0.0262481 -0.0210583 0.000487185 -0.00761753 -0.0434478 -0.0172887 -0.0176737 -0.0159243 -0.0229472 -0.0290104 -0.0473131 -0.0316931 -0.0302764 -0.0274729 -0.0232753 -0.0452132 -0.0307009 0.00111273 -0.0431161 -0.0408667 -0.0468069 -0.0456357 -0.044159 -0.0382531 -0.0390574 -0.0120889 -0.0302834 -0.038427 -0.0350561 -0.0402092 -0.0106742 -0.0084834 -0.0165422 -0.0461087 -0.0447583 -0.0418113 -0.0415741 -0.0450431 -0.00149107 -0.00333602 -0.0377174 -0.031545 -0.034053 -0.0432504 -0.0398007 -0.0388258 -0.0283879 -0.0204537 -0.0312963 -0.037391 -0.0384114 -0.0359597 -0.0290634 -0.0391667
internal_weight=3.45029e+06 3.39567e+06 8883 3.38678e+06 161932 56663 23175 105269 16088 8237 54625 3914 33488 6059 1554 5737 1230 960 3.22485e+06 7851 6793 4429 1967 105015 3021 50711 17610 7794 392993 87405 21206 4953 8925 3770 697 7087 2451 4636 3226 2349 877 66199 16924 5590 2565 24563 10298 5269 3910 2178 1584 8036 8228 6600 1070 1686 1512 4679 3917 2136 678 1458
internal_count=3450293 3395668 8883 3386785 161932 56663 23175 105269 16088 8237 54625 3914 33488 6059 1554 5737 1230 960 3224853 7851 6793 4429 1967 105015 3021 50711 17610 7794 392993 87405 21206 4953 8925 3770 697 7087 2451 4636 3226 2349 877 66199 16924 5590 2565 24563 10298 5269 3910 2178 1584 8036 8228 6600 1070 1686 1512 4679 3917 2136 678 1458
is_linear=0
shrinkage=0.05


Tree=47
num_leaves=63
num_cat=8
split_feature=8 9 17 7 42 0 18 0 5 7 7 14 7 1 42 42 7 7 5 9 4 0 7 0 34 43 42 41 10 19 41 1 7 23 0 43 43 28 18 41 41 19 0 43 40 26 34 40 42 18 41 41 19 43 7 43 41 0 8 42 0 5
split_gain=48629.5 3793.72 1479.84 1370.67 757.907 1106.78 368.898 350.012 191.208 141.835 138.23 109.966 105.39 102.639 99.2319 88.5591 87.9254 75.0987 57.6514 60.108 96.7859 56.276 49.5124 47.4552 45.8733 40.8122 38.9706 36.6693 35.0287 33.8446 32.319 30.3883 29.8788 25.196 24.3301 23.2118 22.7354 22.6924 22.5191 21.613 21.2025 20.0675 19.0883 18.9315 18.7713 18.0237 17.1129 16.3973 14.7213 14.3979 16.5243 13.9361 17.1561 13.65 12.8112 12.6469 12.1357 25.3621 12.1199 14.4122 13.821 19.7504
threshold=1.0000000180025095e-35 0.31312465667724615 6.1833331584930429 1.0000000180025095e-35 -0.35206145048141474 0 0.77500000596046459 1 -1.0000000180025095e-35 0.15000000223517421 1.0500000119209292 9.7500000000000018 1.6500000357627871 1.0000000180025095e-35 -0.84874749183654774 -0.63405361771583546 0.84999999403953563 0.55000001192092907 -1.0500000119209287 0.31312465667724615 -1.0000000180025095e-35 2 0.15000000223517421 3 1.0500000119209292 0.8522624969482423 0.032701563090086018 -0.16280825436115262 1.5416666865348818 4.5000000000000009 -0.16280825436115262 1.0000000180025095e-35 0.45000000298023229 0.33437500894069677 4 0.3744682669639588 0.85673803091049205 0.013725490774959328 8.0500001907348651 -0.52778512239456166 0.52778512239456188 2.5000000000000004 5 0.3744682669639588 1.9959999918937685 0.0071943989023566255 0.55000001192092907 2.3645000457763676 -0.68322628736495961 9.5500001907348651 0.93540480732917797 0.58216583728790294 3.5000000000000004 0.9159645438194276 2.5499999523162846 0.62587949633598339 0.2269546836614609 6 0.020833333954215053 -0.35206145048141474 7 -0.15000000223517415
decision_type=2 2 10 2 2 9 10 9 8 2 2 10 2 10 2 2 2 2 10 2 10 9 2 9 2 2 2 2 2 2 2 10 2 10 9 2 2 2 10 2 2 2 9 2 2 10 2 2 2 8 2 2 2 2 2 2 2 9 2 2 9 10
left_child=1 3 28 24 5 6 9 12 -9 14 15 31 22 18 44 25 39 21 -13 -20 -21 27 30 40 -1 34 49 -7 -3 36 41 58 -24 42 -11 -29 -17 47 -19 -8 -12 43 -26 -6 55 -32 -27 -18 -16 50 -10 -23 -53 -41 -39 -5 57 -25 -2 60 61 -60
right_child=11 2 -4 4 7 17 16 8 26 10 23 13 -14 -15 48 29 37 38 19 20 -22 51 32 56 33 46 -28 35 -30 -31 45 -33 -34 -35 -36 -37 -38 54 -40 53 -42 -43 -44 -45 -46 -47 -48 -49 -50 -51 -52 52 -54 -55 -56 -57 -58 -59 59 -61 -62 -63
leaf_value=0 4.7186564084751772e-08 0 5.8730411894588063e-09 0 0 0 0 -1.2691985752525467e-07 0 0 0 6.8012515972959593e-06 0 -0.0025036993504957547 0 0 0 0 -3.4234568006407077e-05 -1.0989460628982691e-07 -1.1423618690587276e-07 0 0 0 0 0 0 0 0 0 0 0.00067297926743485343 0 0 0 0 0 0 0 0 0 0 0 0 0 0 0 0 0 0 0 0 0 0 0 0 0 0 -6.4355317076687158e-07 -1.2586029370074485e-07 -4.1047694894994666e-07 -3.4145155061949893e-06
leaf_weight=2831860 2157 200 5282 1058 648 415 662 247 3715 1019 208 276 1688 2236 1228 960 1284 7337 246 332 584 5107 1191 482 36222 1301 80066 349 3401 296 683 40537 344 16381 1288 668 794 400 19148 2277 309 1385 340390 385 854 642 306 417 1968 7210 7065 380 225 357 3562 762 895 347 242 4556 2905 554
leaf_count=2831860 2157 200 5282 1058 648 415 662 247 3715 1019 208 276 1688 2236 1228 960 1284 7337 246 332 584 5107 1191 482 36222 1301 80066 349 3401 296 683 40537 344 16381 1288 668 794 400 19148 2277 309 1385 340390 385 854 642 306 417 1968 7210 7065 380 225 357 3562 762 895 347 242 4556 2905 554
internal_value=-0.0462492 -0.0470021 -0.0143693 -0.0470877 -0.0425989 -0.0379364 -0.0294378 -0.0451085 -0.0458855 -0.0244023 -0.0201569 0.000552174 -0.0340288 -0.00780212 -0.0303365 -0.0161787 -0.0373817 -0.0437358 -0.0182232 -0.0231024 -0.0289956 -0.0391993 -0.0305997 -0.0307441 -0.0473131 -0.0117693 -0.0460009 -0.0293481 -0.0390857 -0.0245976 -0.0337009 0.00115459 -0.0230375 -0.0468069 -0.0160306 -0.024442 -0.0219584 -0.0411606 -0.0449759 -0.030889 -0.016333 -0.0371402 -0.0468904 -0.0318659 -0.0232292 -0.0274245 -0.00565184 -0.0363301 -0.0362829 -0.043898 -0.0427412 -0.0415449 -0.0344421 -0.0288591 -0.0432345 -0.0260989 -0.0347693 -0.0306122 -0.00125456 -0.00212638 -0.00444407 -0.0102481
internal_weight=3.45029e+06 3.39567e+06 8883 3.38678e+06 161932 56663 23034 105269 98303 14075 8205 54625 6966 3674 5870 5964 8959 33629 1438 1162 916 7144 5278 2241 3.22485e+06 3914 98056 1432 3601 2050 3743 50951 1535 392993 2307 1017 1754 5663 26485 3296 517 2418 376612 1033 2674 1325 1607 1701 3196 17990 10780 5712 605 2634 3962 1820 1724 829 10414 8257 3701 796
internal_count=3450293 3395668 8883 3386785 161932 56663 23034 105269 98303 14075 8205 54625 6966 3674 5870 5964 8959 33629 1438 1162 916 7144 5278 2241 3224853 3914 98056 1432 3601 2050 3743 50951 1535 392993 2307 1017 1754 5663 26485 3296 517 2418 376612 1033 2674 1325 1607 1701 3196 17990 10780 5712 605 2634 3962 1820 1724 829 10414 8257 3701 796
cat_boundaries=0 3 7 10 13 16 19 22 26
cat_threshold=264452 19466394 268437856 17039360 276824064 0 4 230400 0 536870912 0 128 256 0 2066 268437504 671155457 1098907650 268435520 0 16842768 268435456 143656576 1073743872 1082136836 4
is_linear=0
shrinkage=0.05


Tree=48
num_leaves=63
num_cat=8
split_feature=8 9 17 7 42 0 18 0 2 7 7 14 7 1 42 42 7 7 2 9 4 0 7 0 34 43 42 10 19 7 1 43 20 0 43 28 18 0 26 40 34 42 40 29 42 18 26 32 7 7 43 43 8 42 2 0 42 2 7 34 7 0
split_gain=48668.8 3793.72 1479.84 1370.67 757.907 1106.78 368.898 350.012 191.208 141.835 138.23 110.472 105.39 102.639 99.2319 88.5591 87.9254 75.0987 57.6514 60.108 96.7859 56.276 49.5124 47.4552 45.8733 40.8122 38.9706 35.0287 33.8446 29.8788 28.3983 27.0382 25.1732 24.3301 22.7354 22.6924 22.5191 19.9893 19.9035 18.7713 17.1129 16.7336 16.3973 15.1936 14.7213 14.3979 13.6639 13.4895 13.1369 17.2401 13.0781 12.6469 12.43 17.4241 32.3647 22.0542 12.3574 11.9705 11.863 11.5599 11.0711 11.0102
threshold=1.0000000180025095e-35 0.31312465667724615 6.1833331584930429 1.0000000180025095e-35 -0.35206145048141474 0 0.77500000596046459 1 1.0000000180025095e-35 0.15000000223517421 1.0500000119209292 9.7500000000000018 1.6500000357627871 1.0000000180025095e-35 -0.84874749183654774 -0.63405361771583546 0.84999999403953563 0.55000001192092907 1.1500000357627871 0.31312465667724615 -1.0000000180025095e-35 2 0.15000000223517421 3 1.0500000119209292 0.8522624969482423 0.032701563090086018 1.5416666865348818 4.5000000000000009 0.45000000298023229 1.0000000180025095e-35 0.3744682669639588 2.3541666269302373 4 0.85673803091049205 0.013725490774959328 8.0500001907348651 5 0.0041942319367080936 1.9959999918937685 0.55000001192092907 -0.72947329282760609 2.3645000457763676 1.8830885887145998 -0.68322628736495961 9.5500001907348651 0.015793821774423126 0.05172413773834706 0.15000000223517421 0.84999999403953563 0.9159645438194276 0.62587949633598339 0.070833336561918273 -0.35206145048141474 1.0000000180025095e-35 6 0.84874749183654796 1.0500000119209292 0.25000000745058065 1.0000000180025095e-35 0.15000000223517421 7
decision_type=2 2 10 2 2 9 10 9 10 2 2 10 2 10 2 2 2 2 10 2 10 9 2 9 2 2 2 2 2 2 10 2 10 9 2 2 10 9 10 2 2 2 2 2 2 8 10 2 2 2 2 2 2 2 8 9 2 10 2 2 2 9
left_child=1 3 27 24 5 6 9 12 26 14 15 30 22 18 39 25 41 21 19 -13 -21 31 46 38 -1 33 45 -3 34 -24 52 -7 37 -11 -17 42 -19 -26 -12 51 -27 50 -18 47 -16 48 -6 -37 -9 58 61 -5 -2 54 -54 -56 -48 -57 -50 -25 -43 -8
right_child=11 2 -4 4 7 17 16 8 -10 10 23 13 -14 -15 44 28 35 36 -20 20 -22 -23 29 59 32 40 -28 -29 -30 -31 -32 -33 -34 -35 -36 43 -38 -39 -40 -41 -42 60 -44 -45 -46 -47 56 -49 49 -51 -52 -53 53 -55 55 57 -58 -59 -60 -61 -62 -63
leaf_value=0 4.4827235880514181e-08 0 5.5793891299858661e-09 0 0 0 0 0 -1.2057386464899195e-07 0 0 -3.2522839606086727e-05 0 -0.002378514382970967 0 0 0 0 6.4611890174311605e-06 -1.0439987597533557e-07 -1.0852437756057911e-07 0 0 0 0 0 0 0 0 0 0.00063933030406311065 0 0 0 0 0 0 0 0 0 0 0 0 0 0 0 0 0 0 0 0 0 2.2110467537359155e-06 -1.6787341182825795e-06 -2.246678359064839e-05 -0.00021444503315827575 0 -2.949996192323238e-07 0 0 0 0
leaf_weight=2831860 5047 200 5282 1058 2414 557 580 3292 247 1019 200 246 1688 2236 1228 960 1284 7337 276 332 584 5712 1191 1076 29869 1301 80066 3401 296 344 40537 875 13529 1288 794 359 19148 349595 317 854 306 540 417 3106 1968 7210 893 497 1490 4235 256 762 899 3071 311 479 436 607 1763 648 788 1132
leaf_count=2831860 5047 200 5282 1058 2414 557 580 3292 247 1019 200 246 1688 2236 1228 960 1284 7337 276 332 584 5712 1191 1076 29869 1301 80066 3401 296 344 40537 875 13529 1288 794 359 19148 349595 317 854 306 540 417 3106 1968 7210 893 497 1490 4235 256 762 899 3071 311 479 436 607 1763 648 788 1132
internal_value=-0.0462489 -0.0470021 -0.0143693 -0.0470877 -0.0425989 -0.0379364 -0.0294378 -0.0451085 -0.0458855 -0.0244023 -0.0201569 0.000571396 -0.0340288 -0.00780212 -0.0303365 -0.0161787 -0.0373817 -0.0437358 -0.0182232 -0.0231024 -0.0289956 -0.0391993 -0.0305997 -0.0307441 -0.0473131 -0.0117693 -0.0460009 -0.0390857 -0.0245976 -0.0230375 0.0011752 -0.0293481 -0.0468069 -0.0160306 -0.0219584 -0.0411606 -0.0449759 -0.0468824 -0.016333 -0.0232292 -0.00565184 -0.030889 -0.0363301 -0.0432345 -0.0362829 -0.043898 -0.0337009 -0.0373364 -0.0427412 -0.0415839 -0.0279624 -0.0260989 -0.00115374 -0.00282886 -0.00612369 -0.0108858 -0.0296294 -0.00728558 -0.0388464 -0.0347693 -0.0352259 -0.0295386
internal_weight=3.45029e+06 3.39567e+06 8883 3.38678e+06 161932 56663 23034 105269 98303 14075 8205 54625 6966 3674 5870 5964 8959 33629 1438 1162 916 7144 5278 2241 3.22485e+06 3914 98056 3601 2050 1535 50951 1432 392993 2307 1754 5663 26485 379464 517 2674 1607 3296 1701 3962 3196 17990 3743 856 10780 7488 1968 1820 10414 5367 2296 1397 1329 1086 3253 1724 1328 1712
internal_count=3450293 3395668 8883 3386785 161932 56663 23034 105269 98303 14075 8205 54625 6966 3674 5870 5964 8959 33629 1438 1162 916 7144 5278 2241 3224853 3914 98056 3601 2050 1535 50951 1432 392993 2307 1754 5663 26485 379464 517 2674 1607 3296 1701 3962 3196 17990 3743 856 10780 7488 1968 1820 10414 5367 2296 1397 1329 1086 3253 1724 1328 1712
cat_boundaries=0 3 7 10 13 16 19 23 26
cat_threshold=264452 19466394 268437856 17039360 276824064 0 4 230400 0 536870912 0 128 256 0 2066 268437504 671155456 1098907648 268435520 135267456 1073743872 8388864 4 2304 24 64
is_linear=0
shrinkage=0.05


Tree=49
num_leaves=63
num_cat=6
split_feature=8 9 17 7 7 2 41 27 41 0 14 10 35 0 2 0 34 5 4 8 31 26 45 7 45 7 41 10 34 47 44 26 41 20 33 0 26 24 7 0 7 47 41 35 10 44 37 7 41 39 41 27 41 41 24 3 19 7 27 40 0 7
split_gain=48976.4 3793.72 1479.84 1370.67 413.753 271.186 161.44 139.93 149.323 123.382 114.469 70.231 61.0136 50.789 49.5403 48.0291 45.8733 41.0642 64.0212 73.3698 37.3123 36.7614 36.1233 39.0543 35.2029 35.0388 37.4314 35.0287 30.9437 30.5922 28.4414 25.4352 25.2795 25.1732 23.0623 22.8341 22.0919 54.2163 20.3329 19.9893 19.2344 19.0969 17.4803 20.6063 16.9057 16.0312 14.8705 14.6864 13.6311 14.2289 13.5801 13.5114 13.4897 23.644 19.8275 12.3744 12.1225 11.2861 11.1866 10.698 10.5574 10.3365
threshold=1.0000000180025095e-35 0.31312465667724615 6.1833331584930429 1.0000000180025095e-35 1.0500000119209292 1.0000000180025095e-35 1.0000000180025095e-35 0.046430176123976714 0.91037613153457653 0 9.7500000000000018 1.0000000180025095e-35 1.0000000180025095e-35 1 1.0000000180025095e-35 2 1.0500000119209292 1.0000000180025095e-35 -1.0000000180025095e-35 0.26250000298023229 0.05172413773834706 0.029483099468052391 1.0000000180025095e-35 0.15000000223517421 1.0000000180025095e-35 0.15000000223517421 -0.88144907355308522 1.5416666865348818 1.0000000180025095e-35 -0.43012638390064234 0.28313310444355017 -0.0080370940268039686 -0.47114434838294977 2.3541666269302373 0.25000000745058065 3 -0.010039761662483214 0.0062804957851767549 0.25000000745058065 4 0.15000000223517421 0.13638563454151156 0.35206145048141485 1.0000000180025095e-35 14.708333492279055 0.14888729155063632 1.9674999713897707 0.25000000745058065 -0.63405361771583546 0.78499999642372142 0.72947329282760631 0.11731409654021265 0.09796465560793878 0.91037613153457653 -0.0014599702553823588 1.0000000180025095e-35 1.5000000000000002 0.15000000223517421 0.14039956033229831 2.3645000457763676 5 6.3500001430511483
decision_type=2 2 10 2 2 10 2 2 2 9 10 2 2 9 10 9 2 10 10 2 2 10 2 2 2 2 2 2 2 2 2 10 2 10 2 9 10 10 2 9 2 2 2 2 2 2 2 2 2 2 2 2 2 2 10 10 2 2 2 2 9 2
left_child=1 3 27 16 5 6 9 42 12 25 -2 -12 24 21 17 20 -1 18 -13 -20 -6 22 23 -14 29 -5 -27 -3 -11 38 58 -26 -30 39 46 -10 -31 40 -9 -18 -38 -25 43 -8 -22 -39 -24 -37 -46 -50 59 -47 -51 54 -54 -15 -53 -32 -23 -48 -33 -17
right_child=10 2 -4 4 15 -7 7 8 35 28 11 14 13 55 -16 61 33 -19 19 -21 44 30 34 41 31 26 -28 -29 32 36 57 60 -34 -35 -36 47 37 45 -40 -41 -42 -43 -44 -45 48 51 50 -49 49 52 -52 56 53 -55 -56 -57 -58 -59 -60 -61 -62 -63
leaf_value=0 2.6231538496821172e-06 0 5.3004196734865727e-09 0 0 3.3673465038775385e-07 0 0 0 0 0.20265089116405252 -9.9179882176568796e-08 0 0 -8.495485233735487e-05 0 0 -0.0025678260494274201 -9.908909599358383e-08 -1.0309815868255015e-07 0 0 0 0 0 0 0 0 0 0 0 0 0 0 0 0 0 0 0 0 0 0 0 0 0 0 0 0 0 0 0 0 0 0 0 0 0 0 0 0 0 0
leaf_weight=2831860 50951 200 5282 2928 9956 426 1744 1001 978 20643 1378 361 955 3107 614 35737 29869 588 202 531 2694 773 616 731 1042 818 1456 3401 4876 544 341 252 2782 13529 662 5121 390 1116 494 349595 548 655 7841 528 2773 1465 853 2792 8085 248 725 278 231 281 366 458 486 310 287 628 2857 27054
leaf_count=2831860 50951 200 5282 2928 9956 426 1744 1001 978 20643 1378 361 955 3107 614 35737 29869 588 202 531 2694 773 616 731 1042 818 1456 3401 4876 544 341 252 2782 13529 662 5121 390 1116 494 349595 548 655 7841 528 2773 1465 853 2792 8085 248 725 278 231 281 366 458 486 310 287 628 2857 27054
internal_value=-0.0462465 -0.0470021 -0.0143693 -0.0470877 -0.0425989 -0.0398611 -0.0400899 -0.037969 -0.0362773 -0.0426586 0.00072151 -0.00780212 -0.0340301 -0.0314474 -0.0131577 -0.0449321 -0.0473131 -0.0175951 -0.0233227 -0.0318111 -0.0427595 -0.0288908 -0.0270365 -0.022233 -0.0367676 -0.0351583 -0.0305695 -0.0390857 -0.0440093 -0.0344187 -0.0353726 -0.0403451 -0.0413104 -0.0468069 -0.0302641 -0.0417301 -0.0363544 -0.0351488 -0.0281689 -0.0468824 -0.0245256 -0.0168723 -0.0430651 -0.0392033 -0.0411742 -0.0381278 -0.0282938 -0.0427701 -0.0403697 -0.0394444 -0.0263758 -0.0356786 -0.0341785 -0.0312699 -0.0256407 -0.0366678 -0.030288 -0.0271467 -0.0404245 -0.023631 -0.042611 -0.0457703
internal_weight=3.45029e+06 3.39567e+06 8883 3.38678e+06 161932 74507 74081 40578 30465 33503 54625 3674 21574 11101 2296 87425 3.22485e+06 1682 1094 733 24634 7536 5825 2341 10473 5202 2274 3601 28301 6322 1711 4151 7658 392993 3484 8891 4827 4283 1495 379464 938 1386 10113 2272 14678 3345 2822 7913 11984 9211 2206 2229 1126 878 597 3565 764 651 1060 1481 3109 62791
internal_count=3450293 3395668 8883 3386785 161932 74507 74081 40578 30465 33503 54625 3674 21574 11101 2296 87425 3224853 1682 1094 733 24634 7536 5825 2341 10473 5202 2274 3601 28301 6322 1711 4151 7658 392993 3484 8891 4827 4283 1495 379464 938 1386 10113 2272 14678 3345 2822 7913 11984 9211 2206 2229 1126 878 597 3565 764 651 1060 1481 3109 62791
cat_boundaries=0 4 8 12 16 19 23
cat_threshold=40960 8388608 1610620928 4 166148 16779290 268437568 2 623124480 3114860720 2417033568 129 16777216 41943176 8390656 132 671155456 1098907648 268435520 16777216 8388608 0 6
is_linear=0
shrinkage=0.05


Tree=50
num_leaves=63
num_cat=10
split_feature=8 9 17 7 42 0 7 0 5 7 41 42 7 14 43 8 7 10 0 41 43 7 35 0 24 5 5 42 10 4 9 4 41 41 17 41 0 7 9 0 42 43 0 20 7 7 0 19 35 20 36 24 43 28 40 7 7 49 0 43 41 0
split_gain=47707.4 3793.68 1501.57 1364 748.368 1097.2 347.084 344.448 192.307 186.845 122.505 111.267 102.439 100.168 88.4814 85.4182 75.8445 73.4906 67.4973 65.4195 60.6931 51.7288 41.8138 41.803 42.6924 39.8126 58.1669 38.1055 37.5043 36.7143 48.5561 53.2904 32.1239 31.6081 28.9502 32.4022 31.036 28.8622 26.0232 24.8396 20.679 19.9309 19.7375 18.942 18.1325 17.6768 17.6503 16.975 16.6691 16.3863 15.9177 15.0337 14.6978 14.6253 17.7704 14.2208 25.6609 14.0185 13.106 12.507 12.2809 13.7972
threshold=1.0000000180025095e-35 0.31312465667724615 6.1833331584930429 1.0000000180025095e-35 -0.35206145048141474 0 1.0500000119209292 1 -1.0000000180025095e-35 0.15000000223517421 -0.41248606145381922 -0.84874749183654774 1.5500000119209292 11.750000000000002 0.8431384563446046 0.020833333954215053 0.55000001192092907 1.0000000180025095e-35 2 -0.097964655607938753 0.07411635667085649 0.15000000223517421 2.1499999761581425 3 -0.0014599702553823588 -1.0000000180025095e-35 1.0000000180025095e-35 -0.032701563090086067 1.5416666865348818 -1.0000000180025095e-35 0.31312465667724615 1.0000000180025095e-35 0.77259656786918651 -0.097964655607938753 0.38750000298023229 0.72947329282760631 4 0.45000000298023229 0.043654773384332664 5 -0.68322628736495961 0.3744682669639588 6 2.1833333969116215 0.35000000894069677 4.8500001430511483 7 2.5000000000000004 0.94999998807907116 2.6833333969116215 4.5000000000000009 0.0047211111523211011 0.3744682669639588 0.0098039219155907648 2.3645000457763676 1.1500000357627871 0.25000000745058065 2.2416666746139531 8 0.9159645438194276 0.2269546836614609 9
decision_type=2 2 10 2 2 9 2 9 8 2 2 2 2 10 2 2 2 2 9 2 2 2 2 9 10 10 10 2 2 10 2 10 2 2 10 2 9 2 2 9 2 2 9 10 2 2 9 2 2 10 2 10 2 2 2 2 2 2 9 2 2 9
left_child=1 3 28 22 5 6 9 12 -9 11 -11 46 21 15 34 25 18 -15 19 -7 53 33 -1 24 -22 -2 38 55 -3 -19 -31 49 48 47 35 36 -12 -23 58 -24 -13 -21 -34 -41 -44 60 -5 52 -16 -32 -37 -35 -6 54 -8 56 -10 -17 -27 -48 61 -25
right_child=13 2 -4 4 7 16 20 8 27 10 14 40 -14 17 32 57 -18 29 -20 41 23 37 39 45 -26 26 -28 -29 -30 30 31 -33 42 51 -36 50 -38 -39 -40 43 -42 -43 44 -45 -46 -47 59 -49 -50 -51 -52 -53 -54 -55 -56 -57 -58 -59 -60 -61 -62 -63
leaf_value=0 2.0939144189321208e-06 0 5.0353986898122432e-09 0 0 0 0 -1.3138190393593003e-07 0 0 0 0 0 0.18755911789639959 0 6.9979320130354749e-06 0 -0.0021311967136541025 0 0 0 0 0 0 0 -8.8571818397617404e-08 0.00042003130574740647 0 0 -0.0016209069273746182 -8.6727513957835777e-08 -0.002439434746956049 0 0 0 0 0 0 -8.8571818397617404e-08 0 0 0 0 0 0 0 0 0 0 -9.7943250748422655e-08 0 0 0 0 0 0 0 -7.3943703484186387e-07 -8.8571818397617404e-08 0 0 0
leaf_weight=2757020 736 209 5303 1445 687 735 855 252 4212 1026 1052 1564 1715 1299 1287 44953 26445 689 5029 651 209 1176 44356 538 310 565 742 83010 3461 305 202 276 408 747 510 481 1413 324 346 410467 2414 757 276 12536 285 695 1574 1421 481 526 893 533 380 3532 313 8739 1912 3374 492 317 876 324
leaf_count=2757020 736 209 5303 1445 687 735 855 252 4212 1026 1052 1564 1715 1299 1287 44953 26445 689 5029 651 209 1176 44356 538 310 565 742 83010 3461 305 202 276 408 747 510 481 1413 324 346 410467 2414 757 276 12536 285 695 1574 1421 481 526 893 533 380 3532 313 8739 1912 3374 492 317 876 324
internal_value=-0.0462575 -0.0470026 -0.0145344 -0.0470886 -0.0426089 -0.0379789 -0.0295285 -0.0451063 -0.0458795 -0.0252227 -0.0199975 -0.0310179 -0.0341259 0.000149757 -0.0176595 0.000693642 -0.0437582 -0.00829769 -0.0392108 -0.0310462 -0.0382475 -0.0307194 -0.0473134 -0.0326287 -0.0184357 -0.00767008 -0.0111131 -0.0459965 -0.0391213 -0.0143168 -0.0192341 -0.0245418 -0.0106166 -0.0338455 -0.0220919 -0.020605 -0.0171755 -0.0228667 -0.0171009 -0.0468761 -0.0366654 -0.0248793 -0.0179334 -0.0470283 -0.0239886 -0.0354349 -0.0242836 -0.0371302 -0.00660633 -0.0316346 -0.0267576 -0.0274609 -0.0323641 -0.0417766 -0.0369264 -0.043665 -0.0418174 0.00119224 -0.0132048 -0.0277078 -0.0328855 -0.0286485
internal_weight=3.44966e+06 3.39516e+06 8973 3.38618e+06 161803 56695 23078 105108 98125 15426 8112 7314 6983 54505 7086 51208 33617 3297 7172 2143 7652 5268 3.22438e+06 2952 519 2881 2145 97873 3670 1998 1309 1004 2737 3768 4349 3839 2465 1500 1403 467359 3978 1408 969 423003 561 2433 3336 2488 1768 728 1374 1280 1067 4700 1168 14863 6124 48327 1057 1891 1738 862
internal_count=3449660 3395155 8973 3386182 161803 56695 23078 105108 98125 15426 8112 7314 6983 54505 7086 51208 33617 3297 7172 2143 7652 5268 3224379 2952 519 2881 2145 97873 3670 1998 1309 1004 2737 3768 4349 3839 2465 1500 1403 467359 3978 1408 969 423003 561 2433 3336 2488 1768 728 1374 1280 1067 4700 1168 14863 6124 48327 1057 1891 1738 862
cat_boundaries=0 3 7 11 14 17 21 24 27 31 34
cat_threshold=264452 19466394 268437856 17039360 278921216 0 4 197632 33816576 536870912 2 0 128 256 0 2066 268437504 671155457 25690114 268435520 1024 260 2056 268435520 2048 2050 268435456 16911360 8390672 268435456 4 0 17369104 268435456
is_linear=0
shrinkage=0.05


Tree=51
num_leaves=63
num_cat=11
split_feature=8 9 17 7 42 0 18 0 2 7 7 2 5 7 42 4 14 7 42 8 7 0 41 7 34 0 9 19 42 43 41 13 41 7 41 0 23 28 26 41 18 43 40 26 0 34 42 19 0 43 18 41 0 43 41 0 41 7 37 0 28 0
split_gain=47764.9 3793.68 1501.57 1364 748.368 1097.2 366.726 344.448 192.307 134.707 141.953 134.008 162.493 102.439 98.9456 95.6495 114.23 80.542 80.0973 78.8674 75.8445 67.4973 65.4195 51.7288 44.6453 44.4627 40.8823 40.8092 38.1055 33.8377 31.6081 30.7127 29.6259 28.8622 25.5415 24.8173 24.0674 23.4432 23.1298 21.4628 20.8646 19.9309 19.1581 18.7875 18.1362 17.4238 17.3911 16.975 16.5306 16.4473 16.2 17.6689 15.5175 14.6978 13.9398 23.4854 13.0542 12.7415 12.1159 11.4817 11.4275 13.0604
threshold=1.0000000180025095e-35 0.31312465667724615 6.1833331584930429 1.0000000180025095e-35 -0.35206145048141474 0 0.77500000596046459 1 1.0000000180025095e-35 0.15000000223517421 1.0500000119209292 1.0000000180025095e-35 1.0000000180025095e-35 1.5500000119209292 -0.84874749183654774 -1.0000000180025095e-35 12.250000000000002 0.84999999403953563 -0.68322628736495961 0.062500001862645163 0.55000001192092907 2 -0.097964655607938753 0.15000000223517421 1.0500000119209292 3 0.5184430480003358 4.5000000000000009 -0.032701563090086067 0.8522624969482423 -0.097964655607938753 1.6833333373069765 0.72947329282760631 0.45000000298023229 -0.58216583728790272 4 0.28176638484001165 0.013725490774959328 0.0036272651050239806 -0.52778512239456166 8.2249999046325701 0.3744682669639588 2.3645000457763676 -0.0027943989261984821 5 0.84999999403953563 -0.68322628736495961 2.5000000000000004 6 0.8431384563446046 4.1833331584930429 0.93540480732917797 7 0.3744682669639588 0.16280825436115268 8 -0.35206145048141474 0.15000000223517421 1.5860000252723696 9 0.049337463453412063 10
decision_type=2 2 10 2 2 9 10 9 10 2 2 10 10 2 2 8 10 2 2 2 2 9 2 2 2 9 2 2 2 2 2 10 2 2 2 9 10 2 10 2 10 2 2 10 9 2 2 2 9 2 8 2 9 2 2 9 2 2 2 9 2 9
left_child=1 3 -3 24 5 6 9 13 28 14 18 12 15 23 48 -2 19 39 29 34 21 22 -7 30 -1 38 -18 32 50 35 47 -21 -20 -25 59 -11 44 42 -12 -8 -22 58 -19 -32 -26 -31 -16 53 -5 -34 51 -9 -36 -6 55 -27 -37 -53 -24 -17 61 -41
right_child=11 2 -4 4 7 20 17 8 -10 10 25 -13 -14 -15 46 16 26 37 27 31 40 -23 41 33 36 54 -28 -29 -30 45 43 -33 49 -35 52 56 -38 -39 -40 60 -42 -43 -44 -45 -46 -47 -48 -49 -50 -51 -52 57 -54 -55 -56 -57 -58 -59 -60 -61 -62 -63
leaf_value=0 4.7409027405522053e-06 0 4.7836287553216317e-09 0 0 0 0 0 -1.2481280873913354e-07 0 0 8.9339709484774576e-06 0.0003990297404600364 0 0 -5.8919288802268221e-07 -8.9397727464001545e-08 0 0 1.6350385457479993e-06 0 0 0 0 0 0 -9.3046088211001519e-08 0 0 0 0 -2.220717883816361e-06 0 0 -4.3843017332090074e-07 0 0 0 0 0 0 0 0 0 0 0 0 0 0 0 0 0 -5.8919288802268221e-07 0 0 0 0 0 0 -6.0286293394561296e-07 0 0
leaf_weight=2831371 1228 3670 5303 1295 687 735 685 2473 252 425 200 41911 7559 1715 1264 202 209 1327 215 1061 7443 5029 275 1176 35032 457 448 353 83010 1178 522 313 939 324 602 207 19287 3902 312 1178 19002 757 411 758 338689 242 1945 1421 1380 933 7213 1513 497 380 969 322 1459 3664 376 475 219 1261
leaf_count=2831371 1228 3670 5303 1295 687 735 685 2473 252 425 200 41911 7559 1715 1264 202 209 1327 215 1061 7443 5029 275 1176 35032 457 448 353 83010 1178 522 313 939 324 602 207 19287 3902 312 1178 19002 757 411 758 338689 242 1945 1421 1380 933 7213 1513 497 380 969 322 1459 3664 376 475 219 1261
internal_value=-0.0462571 -0.0470026 -0.0145344 -0.0470886 -0.0426089 -0.0379789 -0.0295285 -0.0451063 -0.0458795 -0.0245096 -0.0203718 0.000178195 -0.00434453 -0.0341259 -0.0302838 -0.0113034 -0.0152174 -0.0374365 -0.0163204 -0.0112619 -0.0437582 -0.0392108 -0.0310462 -0.0307194 -0.0473134 -0.0310398 -0.0341819 -0.0232787 -0.0459965 -0.0114846 -0.0338455 -0.0022671 -0.0206193 -0.0228667 -0.0182207 -0.0155297 -0.046814 -0.0410816 -0.0168966 -0.031287 -0.045008 -0.0248793 -0.0362514 -0.0274609 -0.0469029 -0.00552817 -0.0362036 -0.0371302 -0.0231822 -0.0186004 -0.043665 -0.0420621 -0.0135146 -0.0323641 -0.0348862 -0.0301059 -0.0182488 -0.0404013 -0.0312942 -0.0258604 -0.0292532 -0.0282708
internal_weight=3.44966e+06 3.39516e+06 8973 3.38618e+06 161803 56695 23078 105108 98125 14095 8211 54505 12594 6983 5884 5035 3807 8983 5951 3150 33617 7172 2143 5268 3.22438e+06 2260 657 2440 97873 3511 3768 1374 2087 1500 1776 2091 393008 5640 512 3343 26445 1408 1738 1280 373721 1420 3209 2488 2675 1872 14863 7650 1099 1067 1748 779 1666 5177 651 677 2658 2439
internal_count=3449660 3395155 8973 3386182 161803 56695 23078 105108 98125 14095 8211 54505 12594 6983 5884 5035 3807 8983 5951 3150 33617 7172 2143 5268 3224379 2260 657 2440 97873 3511 3768 1374 2087 1500 1776 2091 393008 5640 512 3343 26445 1408 1738 1280 373721 1420 3209 2488 2675 1872 14863 7650 1099 1067 1748 779 1666 5177 651 677 2658 2439
cat_boundaries=0 3 7 11 14 16 19 22 26 29 33 36
cat_threshold=264452 19466394 268437856 17039360 278921216 0 4 197632 33816576 536870912 2 0 128 256 0 2064 671155457 25690114 268435520 2048 16779282 268435456 3076 8388624 268435520 4 0 18939920 268435456 553648416 25165848 0 4 4 2178 268437568
is_linear=0
shrinkage=0.05


Tree=52
num_leaves=63
num_cat=9
split_feature=8 6 7 17 42 0 18 0 2 7 7 2 5 7 42 4 49 8 42 7 7 0 7 34 0 19 42 43 43 7 6 0 28 49 23 43 5 18 24 40 0 35 42 0 0 3 17 35 42 0 4 5 18 7 7 34 42 7 24 42 35 37
split_gain=47623.9 3748.79 1380.7 1373.67 745.271 1098.83 363.688 345.27 194.802 134.541 142.524 118.363 148.607 99.7518 98.9456 87.2175 133.356 87.8319 80.1608 78.9697 75.4153 67.4973 51.7288 44.6453 43.3001 40.8092 38.7783 33.7859 31.9249 28.8622 27.3562 24.7751 24.7564 24.6299 24.0674 23.395 22.0816 20.465 20.1758 18.5196 18.1362 17.6068 17.3911 16.5306 15.3913 15.3951 14.8859 14.3467 13.6933 19.8736 32.3681 16.357 13.6884 13.1139 16.3428 12.8603 13.2715 12.5698 12.1486 11.6708 11.3198 10.8015
threshold=1.0000000180025095e-35 1.5500000119209292 1.0000000180025095e-35 6.1833331584930429 -0.35206145048141474 0 0.77500000596046459 1 1.0000000180025095e-35 0.15000000223517421 1.0500000119209292 1.0000000180025095e-35 1.0000000180025095e-35 1.5500000119209292 -0.84874749183654774 -1.0000000180025095e-35 31.816666603088382 0.062500001862645163 -0.68322628736495961 0.84999999403953563 0.55000001192092907 2 0.15000000223517421 1.0500000119209292 3 4.5000000000000009 0.032701563090086018 0.8522624969482423 0.3744682669639588 0.45000000298023229 1.9499999880790713 4 0.013725490774959328 9.6500000953674334 0.28176638484001165 0.8431384563446046 -0.15000000223517415 12.949999809265138 0.00084168673492968093 2.3645000457763676 5 1.1500000357627871 -0.68322628736495961 6 7 1.0000000180025095e-35 0.38750000298023229 1.0000000180025095e-35 -0.35206145048141474 8 -1.0000000180025095e-35 -1.1500000357627866 9.5500001907348651 0.15000000223517421 0.84999999403953563 1.0000000180025095e-35 -0.77259656786918629 0.25000000745058065 0.0050992078613489875 0.84874749183654796 0.15000000223517421 2.8605000972747807
decision_type=2 2 2 10 2 9 10 9 10 2 2 10 10 2 2 8 2 2 2 2 2 9 2 2 9 2 2 2 2 2 2 9 2 2 10 2 10 10 10 2 9 2 2 9 9 10 10 2 2 9 10 10 8 2 2 2 2 2 10 2 2 2
left_child=1 2 23 -3 5 6 9 13 26 14 18 12 15 22 43 -2 17 44 27 46 21 28 47 -1 38 35 52 31 -7 61 -5 -11 39 -19 40 -20 48 -22 -12 -21 -25 -29 -16 -4 -17 -46 -8 58 49 -13 -51 -52 53 -9 57 56 -26 -55 -6 -60 -28 -24
right_child=11 3 4 30 7 20 19 8 -10 10 24 36 -14 -15 42 16 -18 33 25 32 37 -23 29 34 55 -27 60 41 -30 -31 -32 -33 -34 -35 -36 -37 -38 -39 -40 -41 -42 -43 -44 -45 45 -47 -48 -49 -50 50 51 -53 -54 54 -56 -57 -58 -59 59 -61 -62 -63
leaf_value=0 4.5038576035245953e-06 0 0 0 0 0 0 0 -1.1857216830217685e-07 0 0 3.1168764208767657e-06 0.00037907825343703463 0 0 -3.9216577354935451e-07 -8.8393783800451453e-08 1.5878901480294326e-06 0 0 0 0 0 0 0 0 0 0 0 0 4.5444473175555498e-09 0 0 -2.1510062779119466e-06 0 0 1.5794646925322192e-05 0 0 0 0 0 0 0 -5.5973324362154813e-07 -5.727197872483323e-07 0 0 4.4686181405505952e-06 1.3651757116630876e-05 -1.2080024788304601e-06 -0.00028277582950841007 0 0 0 0 0 0 0 0 0 0
leaf_weight=2831371 1228 3470 1295 251 1806 1124 2065 3261 255 425 201 1030 7559 1725 1264 242 598 1138 1087 1334 9317 5029 802 35032 650 353 52969 1089 1019 324 5044 1667 3910 247 19287 1000 35185 17149 315 409 338689 331 1945 1380 1221 361 1278 881 4514 531 432 219 7228 1519 4202 658 441 1710 749 332 27139 374
leaf_count=2831371 1228 3470 1295 251 1806 1124 2065 3261 255 425 201 1030 7559 1725 1264 242 598 1138 1087 1334 9317 5029 802 35032 650 353 52969 1089 1019 324 5044 1667 3910 247 19287 1000 35185 17149 315 409 338689 331 1945 1380 1221 361 1278 881 4514 531 432 219 7228 1519 4202 658 441 1710 749 332 27139 374
internal_value=-0.0462582 -0.0470026 -0.0470871 -0.0143454 -0.042583 -0.0379636 -0.0295109 -0.0450726 -0.045846 -0.0245123 -0.0203794 0.000108476 -0.00414205 -0.0340879 -0.0302838 -0.0107969 -0.0145344 -0.0104947 -0.0163172 -0.0373788 -0.0437457 -0.0392108 -0.0307194 -0.0473134 -0.0310541 -0.0232787 -0.0459642 -0.0114806 -0.0310462 -0.0228667 0.00167847 -0.015521 -0.0409813 -0.0010018 -0.046814 -0.0206193 0.00138573 -0.0449911 -0.0171293 -0.0360255 -0.0469029 -0.00552817 -0.0362036 -0.0231822 -0.0177029 -0.0194692 -0.031287 -0.0338455 -0.00123922 -0.00446203 -0.00884648 -0.016394 -0.0438616 -0.0427254 -0.0415654 -0.034865 -0.0317346 -0.0388905 -0.0355499 -0.0313575 -0.0464346 -0.0192262
internal_weight=3.44966e+06 3.39516e+06 3.38639e+06 8765 162011 56735 23097 105276 98283 14101 8217 54505 12594 6993 5884 5035 3807 3209 5952 8996 33638 7172 5268 3.22438e+06 2265 2440 98028 3512 2143 1500 5295 2092 5653 1385 393008 2087 41911 26466 516 1743 373721 1420 3209 2675 1824 1582 3343 3768 6726 2212 1182 651 17920 10692 7431 1749 1091 3229 2887 1081 80108 1176
internal_count=3449660 3395155 3386390 8765 162011 56735 23097 105276 98283 14101 8217 54505 12594 6993 5884 5035 3807 3209 5952 8996 33638 7172 5268 3224379 2265 2440 98028 3512 2143 1500 5295 2092 5653 1385 393008 2087 41911 26466 516 1743 373721 1420 3209 2675 1824 1582 3343 3768 6726 2212 1182 651 17920 10692 7431 1749 1091 3229 2887 1081 80108 1176
cat_boundaries=0 3 7 11 14 16 19 22 26 30
cat_threshold=264452 19466394 268437856 17039360 278921216 0 4 197632 33816576 536870912 2 0 128 256 0 2064 671155457 25690114 268435520 2048 16779282 268435456 0 8388608 4096 4 1610713120 29950119 469772384 6
is_linear=0
shrinkage=0.05


Tree=53
num_leaves=63
num_cat=0
split_feature=8 9 17 7 42 7 41 2 1 7 18 2 18 3 41 14 8 34 38 41 42 19 10 6 7 7 8 42 38 7 41 23 18 6 10 28 35 41 17 18 38 41 38 39 44 45 19 38 39 29 7 38 39 9 44 35 39 38 7 44 29 39
split_gain=47707.4 3793.68 1501.57 1364 748.368 985.984 299.495 192.691 178.857 172.01 138.431 91.0585 88.0401 83.3693 53.7828 49.9626 78.1551 44.6453 42.5136 42.4016 37.9482 37.6421 37.5043 36.9036 29.1806 31.0317 27.2962 36.5178 25.6013 93.6558 24.2442 24.0674 24.0126 23.571 30.9268 22.8765 19.1209 18.1016 17.6276 16.7329 16.2322 16.169 34.8792 20.9868 15.9307 25.0555 24.0418 14.6275 14.5462 13.9932 26.1541 13.4161 12.1426 11.948 11.8254 11.3091 10.6197 44.426 67.0533 10.2942 10.2319 10.1716
threshold=1.0000000180025095e-35 0.31312465667724615 6.1833331584930429 1.0000000180025095e-35 -0.35206145048141474 1.0500000119209292 -0.22695468366146085 1.0000000180025095e-35 1.0000000180025095e-35 0.15000000223517421 0.77500000596046459 1.0000000180025095e-35 14.275000095367433 1.0000000180025095e-35 0.77259656786918651 13.750000000000002 0.062500001862645163 1.0500000119209292 13.500000000000002 0.68322628736495983 1.0000000180025095e-35 3.5000000000000004 1.5416666865348818 1.0000000180025095e-35 1.1500000357627871 0.15000000223517421 0.070833336561918273 -0.35206145048141474 11.500000000000002 0.35000000894069677 -0.81241145730018605 0.28176638484001165 0.11250000074505807 2.2500000000000004 0.45833332836627966 0.013725490774959328 1.1500000357627871 -0.52778512239456166 0.35416667163372045 19.562500000000004 16.000000000000004 -0.52778512239456166 7.5000000000000009 0.95649999380111705 0.57605713605880748 1.0000000180025095e-35 1.5000000000000002 7.5000000000000009 0.65450000762939464 6.6613976955413827 2.7500000000000004 6.5000000000000009 0.63500002026557933 0.043654773384332664 0.26659387350082403 1.0000000180025095e-35 0.17249999940395358 7.5000000000000009 0.55000001192092907 -0.67801648378372181 1.3863481283187868 0.47150000929832464
decision_type=2 2 10 2 2 2 2 10 10 2 10 10 10 10 2 10 2 2 2 2 2 2 2 2 2 2 2 2 2 2 2 10 8 2 2 2 2 2 10 10 2 2 2 2 2 2 2 2 2 2 2 2 2 2 2 2 2 2 2 2 2 2
left_child=1 3 22 17 5 6 41 20 11 18 13 15 32 14 36 16 30 -1 19 23 24 -16 -3 38 25 -6 -13 47 56 35 -2 -19 37 -17 -35 -30 44 -7 54 52 -37 43 51 -5 45 -11 -46 -28 -27 -39 -51 -43 -12 -32 55 -8 57 -22 59 -59 -38 -56
right_child=8 2 -4 4 7 12 9 -9 -10 10 39 26 -14 -15 21 33 -18 31 -20 -21 28 -23 -24 -25 -26 48 27 -29 29 -31 53 -33 -34 34 -36 40 60 49 -40 -41 -42 42 -44 -45 46 -47 -48 -49 -50 50 -52 -53 -54 -55 61 -57 -58 58 -60 -61 -62 -63
leaf_value=0 -5.4464458472544506e-07 0 4.3172249516777725e-09 0 0 0 0 -1.1264355988706801e-07 0.00060564630367312966 0 0 1.1642799123776659e-06 0 0 0 -8.0468089674423483e-08 -3.1133760545370121e-07 0 0 0 0 0 0 0 0 0 -2.9082460300777597e-05 -9.6323617191552802e-07 0 0 -4.261343013422377e-08 0 0 -6.7715479274021046e-08 -8.397409461042887e-08 0 0 0 0 0 0 0 0 0 0 0 0 -1.9127075743584099e-05 0 0 0 0 0 -5.4476039085826455e-07 0 0 0 0 0 0 0 0
leaf_weight=2831371 515 209 5303 4444 3884 1172 505 260 42677 1257 1166 2830 19725 323 1684 206 1932 373721 1062 2357 16739 272 3461 458 9827 2719 567 2431 2361 19087 1203 19287 8273 247 470 571 449 3545 286 585 2014 765 1361 249 419 859 463 969 1129 299 411 289 474 458 1125 1807 43293 376 1704 1144 332 279
leaf_count=2831371 515 209 5303 4444 3884 1172 505 260 42677 1257 1166 2830 19725 323 1684 206 1932 373721 1062 2357 16739 272 3461 458 9827 2719 567 2431 2361 19087 1203 19287 8273 247 470 571 449 3545 286 585 2014 765 1361 249 419 859 463 969 1129 299 411 289 474 458 1125 1807 43293 376 1704 1144 332 279
internal_value=-0.0462575 -0.0470026 -0.0145344 -0.0470886 -0.0426089 -0.0379789 -0.0300763 -0.0451063 0.000149757 -0.0263145 -0.0212837 -0.00529084 -0.0434806 -0.0173663 -0.0159743 -0.0103901 -0.00802824 -0.0473134 -0.0316033 -0.0301537 -0.0452129 -0.0227045 -0.0391213 -0.027287 -0.043092 -0.0407941 -0.00151648 -0.00419271 -0.0456395 -0.0442503 -0.0145267 -0.046814 -0.0404015 -0.0209019 -0.0251848 -0.0381187 -0.0124907 -0.0378169 -0.0257484 -0.0319494 -0.0413685 -0.0386297 -0.0353054 -0.0403404 -0.0106755 -0.00832231 -0.0163209 -0.0102279 -0.0376117 -0.0363014 -0.0298944 -0.0284772 -0.0293598 -0.0115879 -0.0248278 -0.0226298 -0.0461673 -0.0452133 -0.0398387 -0.0322039 -0.019459 -0.0284473
internal_weight=3.44966e+06 3.39516e+06 8973 3.38618e+06 161803 56695 23270 105108 54505 16162 8283 11828 33425 6058 5735 5031 4108 3.22438e+06 7879 6817 104848 1956 3670 4460 17559 7732 6797 3967 87289 24033 2176 393008 13700 923 717 4946 3779 5427 4002 2225 2585 7108 2415 4693 2998 2116 882 1536 3848 4255 710 1054 1640 1661 3716 2312 63256 19963 3224 1520 781 1404
internal_count=3449660 3395155 8973 3386182 161803 56695 23270 105108 54505 16162 8283 11828 33425 6058 5735 5031 4108 3224379 7879 6817 104848 1956 3670 4460 17559 7732 6797 3967 87289 24033 2176 393008 13700 923 717 4946 3779 5427 4002 2225 2585 7108 2415 4693 2998 2116 882 1536 3848 4255 710 1054 1640 1661 3716 2312 63256 19963 3224 1520 781 1404
is_linear=0
shrinkage=0.05


Tree=54
num_leaves=63
num_cat=6
split_feature=8 6 7 18 7 2 15 41 28 28 0 1 27 14 41 4 0 21 28 0 34 0 34 43 6 6 31 7 41 43 34 23 44 7 41 24 44 43 15 21 18 0 2 8 4 37 10 41 41 10 3 44 28 27 6 30 27 46 7 7 0 46
split_gain=48508.9 3748.79 1380.7 926.053 402.617 262.504 177.982 163.089 157.033 121.62 113.832 97.5189 94.3884 93.7796 89.1146 81.8526 77.946 62.4012 50.3305 49.8287 44.6453 43.4042 51.7192 42.7979 37.6522 36.5223 34.1925 33.8219 42.8093 28.0707 27.802 24.0674 24.05 23.9418 22.7164 22.3248 37.2598 28.2517 19.106 54.4505 18.2169 18.1362 18.0591 22.3175 19.1498 17.6216 16.8557 15.1476 14.5661 14.1985 14.0144 13.4561 23.709 13.2698 12.7142 12.7141 12.4541 13.7968 12.2945 12.05 13.9929 11.8855
threshold=1.0000000180025095e-35 1.5500000119209292 1.0000000180025095e-35 6.1833331584930429 1.0500000119209292 1.0000000180025095e-35 0.31666667759418493 1.0000000180025095e-35 0.064705885946750655 0.021568628028035167 0 1.0000000180025095e-35 0.046430176123976714 13.750000000000002 0.93540480732917797 -1.0000000180025095e-35 1 -0.35416667163372034 0.050299357622861869 2 1.0500000119209292 3 1.0000000180025095e-35 -0.35041563212871546 1.9499999880790713 2.4500000476837163 0.05172413773834706 0.15000000223517421 -0.81241145730018605 0.81428062915802013 1.0000000180025095e-35 0.28176638484001165 -0.31800055503845209 0.15000000223517421 -0.52778512239456166 0.0033598418813198809 -0.031174269504845139 0.62587949633598339 6.1833331584930429 -0.27500000596046442 0.77500000596046459 4 1.0000000180025095e-35 0.062500001862645163 -1.0000000180025095e-35 1.9674999713897707 1.7916666865348818 0.47114434838294988 0.63405361771583568 13.875000000000002 1.0000000180025095e-35 0.6174544394016267 0.096078433096408858 0.073514446616172804 1.0000000180025095e-35 0.14181878417730334 0.11346651986241342 -0.79178398847579945 0.15000000223517421 0.25000000745058065 5 -0.52678251266479481
decision_type=2 2 2 10 2 10 10 2 2 2 9 10 2 10 2 10 9 10 2 9 2 9 2 2 2 2 2 2 2 2 2 10 2 2 2 10 2 2 10 10 10 9 10 2 10 2 2 2 2 2 10 2 2 2 2 2 2 2 2 2 9 2
left_child=1 2 20 46 5 7 17 10 9 12 27 13 -9 42 21 -15 18 -5 29 26 -1 22 35 -24 -8 -17 -6 -4 -29 48 -12 41 55 -34 -32 37 -37 53 39 -26 45 -22 43 44 -2 -18 -3 -47 -11 -28 -23 -10 -53 -14 -21 -25 57 -38 -20 -16 -61 -39
right_child=11 3 4 6 19 -7 24 8 51 16 30 -13 14 15 59 25 40 -19 58 54 31 50 23 32 38 -27 49 28 -30 -31 34 -33 33 -35 -36 36 56 61 -40 -41 -42 -43 -44 -45 -46 47 -48 -49 -50 -51 -52 52 -54 -55 -56 -57 -58 -59 -60 60 -62 -63
leaf_value=0 6.1612053379174948e-06 0 0 0 0 -1.0701138189271461e-07 0 0 0 0 0 0.00057536398848947318 0 0.00010600676255139727 0 -7.7612256857319179e-08 0 0 0 0 0 0 0 0 2.255753187734096e-09 -7.9775389879907427e-08 0 0 0 0 0 0 0 0 0 0 0 0 4.1013637040938839e-09 0 0 0 -1.9124856770973212e-07 -2.9577072518101617e-07 -5.1740656444649362e-07 0 0 0 0 0 0 0 0 0 0 0 0 0 0 0 0 0
leaf_weight=2831371 395 232 2947 290 11921 418 273 6801 6142 614 20560 42677 867 380 3643 215 248 666 222 57897 35032 4514 1536 976 1032 545 2919 987 1291 696 4550 19287 625 869 3047 2109 219 468 3741 205 603 338689 6580 1932 1781 255 2326 416 345 14238 657 307 1084 696 501 200 879 1767 526 206 1483 762
leaf_count=2831371 395 232 2947 290 11921 418 273 6801 6142 614 20560 42677 867 380 3643 215 248 666 222 57897 35032 4514 1536 976 1032 545 2919 987 1291 696 4550 19287 625 869 3047 2109 219 468 3741 205 603 338689 6580 1932 1781 255 2326 416 345 14238 657 307 1084 696 501 200 879 1767 526 206 1483 762
internal_value=-0.0462513 -0.0470026 -0.0470871 -0.0143454 -0.042583 -0.0398828 -0.00391212 -0.0401056 -0.0379824 -0.0365037 -0.0426965 0.000544216 -0.0376117 -0.00347311 -0.03605 -0.0171053 -0.0282389 -0.0237552 -0.0222721 -0.0448839 -0.0473134 -0.0342942 -0.0324307 -0.0279922 -0.000299467 -0.0265789 -0.0429285 -0.0354799 -0.0309723 -0.0175 -0.0440074 -0.046814 -0.0241667 -0.0199565 -0.0414384 -0.0348761 -0.0368848 -0.0312988 0.000692045 -0.00469483 -0.0372683 -0.0469029 -0.00201909 -0.00462025 -0.00809283 -0.0330822 -0.0396618 -0.0372914 -0.0230474 -0.0415141 -0.0384718 -0.0444999 -0.0400593 -0.0357598 -0.0458423 -0.0295153 -0.0331719 -0.0353651 -0.0331283 -0.0416954 -0.0382046 -0.0256301
internal_weight=3.44966e+06 3.39516e+06 3.38639e+06 8765 162011 74535 6207 74117 40735 33202 33382 54505 29277 11828 22476 1140 3925 956 2403 87476 3.22438e+06 17144 11973 4206 5251 760 29078 5225 2278 1655 28157 393008 2670 1494 7597 7767 4974 2793 4978 1237 1522 373721 10688 4108 2176 919 2558 671 959 17157 5171 7533 1391 1563 58398 1176 2865 1986 748 5332 1689 1230
internal_count=3449660 3395155 3386390 8765 162011 74535 6207 74117 40735 33202 33382 54505 29277 11828 22476 1140 3925 956 2403 87476 3224379 17144 11973 4206 5251 760 29078 5225 2278 1655 28157 393008 2670 1494 7597 7767 4974 2793 4978 1237 1522 373721 10688 4108 2176 919 2558 671 959 17157 5171 7533 1391 1563 58398 1176 2865 1986 748 5332 1689 1230
cat_boundaries=0 4 7 11 14 17 20
cat_threshold=136355840 8388608 1610620928 4 537002240 17303696 805310464 623255616 4188602544 2433810784 1153 16812292 17041434 268435520 671155457 25690114 268435520 0 8 8390656
is_linear=0
shrinkage=0.05


Tree=55
num_leaves=63
num_cat=6
split_feature=8 9 17 2 0 42 28 43 0 41 43 40 21 28 0 1 4 49 0 28 43 35 44 41 0 19 1 41 35 28 20 44 43 29 23 28 35 44 28 28 43 28 43 18 0 44 28 10 43 28 44 41 28 28 37 19 43 44 28 10 22 43
split_gain=48812.3 3785.86 1511.24 408.945 355.668 244.621 208.329 276.597 380.823 125.712 88.3488 73.6586 71.3192 63.2118 54.1805 53.7296 67.1082 52.3559 31.0714 118.403 41.1547 29.8912 28.7565 26.7323 31.5314 25.5989 25.0848 24.3534 23.6707 23.4797 23.1224 20.1661 19.2041 18.9039 18.7012 16.9254 16.8769 15.8356 20.3272 15.2284 17.9651 15.1225 25.2107 14.8202 13.8268 13.5944 30.1928 12.9453 12.6052 12.2383 21.602 11.8767 11.5112 24.9555 21.5449 11.4396 44.3321 40.3048 11.0164 10.668 10.4713 9.50068
threshold=1.0000000180025095e-35 0.31312465667724615 6.1833331584930429 1.0000000180025095e-35 0 -0.41248606145381922 0.044210137799382217 0.61237135529518139 1 -0.35206145048141474 0.9159645438194276 3.3724999427795415 8.291666507720949 0.0058823532890528449 2 1.0000000180025095e-35 -1.0000000180025095e-35 34.100000381469734 3 0.013725490774959328 0.89017060399055492 1.4499999880790713 -0.79382744431495655 0.35206145048141485 4 4.5000000000000009 1.0000000180025095e-35 0.72947329282760631 1.0000000180025095e-35 0.029411765746772293 2.3541666269302373 0.47369650006294256 -0.048361575230956071 2.9027462005615239 0.45502142608165747 0.058037718757987029 2.2500000000000004 0.26659387350082403 0.0098039219155907648 0.013725490774959328 -0.79384350776672352 0.021568628028035167 0.07411635667085649 0.14583333581686023 5 -0.86112883687019337 0.017647059634327892 1.7916666865348818 0.29342973232269293 0.013725490774959328 0.24997577071189883 0.032701563090086053 0.013725490774959328 0.021568628028035167 1.9674999713897707 2.5000000000000004 0.72695311903953563 -0.65233206748962391 0.0058823532890528449 46.875000000000007 1.8166666626930239 -0.11692013591527937
decision_type=2 2 10 10 9 2 2 2 9 2 2 2 10 2 9 10 10 2 9 2 2 2 2 2 9 2 10 2 2 2 10 2 2 2 10 2 2 2 2 2 2 2 2 10 9 2 2 2 2 2 2 2 2 2 2 2 2 2 2 2 10 2
left_child=1 3 47 4 5 6 7 11 9 -9 31 25 26 -13 27 16 -14 -18 19 20 22 59 48 -10 33 32 -2 36 -20 39 -23 43 37 52 -19 -8 -12 38 -1 40 58 42 -21 -11 -34 46 61 -3 -7 50 -47 -16 -25 54 -54 57 -57 -44 -27 -6 -30 -15
right_child=12 2 -4 -5 21 18 35 8 23 10 14 13 15 45 51 -17 17 34 28 41 -22 30 -24 24 -26 29 -28 -29 60 -31 -32 -33 44 -35 -36 -37 -38 -39 -40 -41 -42 -43 55 -45 -46 49 -48 -49 -50 -51 -52 -53 53 -55 -56 56 -58 -59 -60 -61 -62 -63
leaf_value=0 -3.6811755606298401e-07 0 3.8962955188891893e-09 1.708092854711122e-06 0 0 0 0 0 0 0 0 9.4201020681058511e-05 0 0 -0.00241541892391123 -3.0487667513698058e-08 -7.5786620385912062e-08 0 0 0 0 0 0 0 0 0.00054659578906499919 0 0 0 0 0 0 0 -7.5786620385912062e-08 0 0 0 0 0 0 0 0 0 0 0 0 0 0 0 0 0 0 0 0 0 0 0 0 0 0 0
leaf_weight=9459 10563 289 5308 459 42657 469 68266 2408 8934 1547 990 438 435 208 338 1986 206 220 191722 3010 428 510368 5502 457 2004 354 40534 517 98955 231 14027 1965 2219 757 450 6462 240 20191 23088 1835 1630 19267 206 893 15010 275 200 3358 301 1807 1197 1497 397 443 293 708 207 1440 249 2318126 1359 270
leaf_count=9459 10563 289 5308 459 42657 469 68266 2408 8934 1547 990 438 435 208 338 1986 206 220 191722 3010 428 510368 5502 457 2004 354 40534 517 98955 231 14027 1965 2219 757 450 6462 240 20191 23088 1835 1630 19267 206 893 15010 275 200 3358 301 1807 1197 1497 397 443 293 708 207 1440 249 2318126 1359 270
internal_value=-0.0462496 -0.0470025 -0.0145352 -0.0470883 -0.0470947 -0.0458339 -0.0443408 -0.0428753 -0.0381377 -0.0308325 -0.0278431 -0.0443015 0.000740615 -0.0380119 -0.0220114 -0.00638687 -0.0142429 -0.0222146 -0.0466524 -0.0447875 -0.038903 -0.0473132 -0.0399267 -0.0437975 -0.0406165 -0.0446737 0.00120051 -0.0153856 -0.0468507 -0.0409287 -0.0469719 -0.0325851 -0.0449038 -0.0357584 -0.0289925 -0.0463478 -0.0116463 -0.0453772 -0.0446948 -0.0418092 -0.039036 -0.0463928 -0.0440985 -0.0295492 -0.0434545 -0.0400069 -0.0335619 -0.0393152 -0.0308766 -0.0413396 -0.0379552 -0.0280827 -0.0328145 -0.0301125 -0.0241667 -0.040452 -0.0359699 -0.0429435 -0.0316625 -0.0473892 -0.04623 -0.040387
internal_weight=3.44963e+06 3.39524e+06 8955 3.38628e+06 3.38582e+06 500643 177069 102341 23680 10395 7987 78661 54394 4395 3582 3297 1311 876 323574 31538 6700 2.88518e+06 6272 13285 4351 74266 51097 1747 292036 4299 524395 4405 69967 2347 670 74728 1230 52738 32547 4068 2233 24838 5571 2440 17229 3957 678 3647 770 3279 1472 1835 1590 1133 690 2561 915 1646 603 2.36078e+06 100314 478
internal_count=3449629 3395235 8955 3386280 3385821 500643 177069 102341 23680 10395 7987 78661 54394 4395 3582 3297 1311 876 323574 31538 6700 2885178 6272 13285 4351 74266 51097 1747 292036 4299 524395 4405 69967 2347 670 74728 1230 52738 32547 4068 2233 24838 5571 2440 17229 3957 678 3647 770 3279 1472 1835 1590 1133 690 2561 915 1646 603 2360783 100314 478
cat_boundaries=0 4 7 9 13 15 18
cat_threshold=151127300 25692186 268435520 4 256 17303570 268435520 0 17301522 0 8388608 0 4 132100 8 0 16 64
is_linear=0
shrinkage=0.05


Tree=56
num_leaves=63
num_cat=0
split_feature=8 6 17 7 42 7 41 2 7 43 18 14 18 1 4 49 34 40 41 38 3 42 41 7 7 6 38 7 20 18 41 41 36 41 39 39 1 36 43 39 29 39 34 29 41 41 38 39 39 36 23 39 36 7 43 18 38 38 44 7 38 7
split_gain=48944 3754.05 1383.46 1378.49 759.176 995.006 303.498 187.07 165.832 134.89 91.077 79.2064 66.155 61.9096 77.3276 54.0124 45.2896 42.8061 46.0073 44.8574 41.4797 39.2261 36.2072 27.9806 29.0225 25.9248 25.7804 90.3686 24.9767 23.3924 22.0322 19.5122 18.8816 18.7911 18.7827 18.7796 17.9684 17.6448 17.0589 24.1992 24.9168 20.7462 16.2373 16.1404 15.9487 15.4068 32.5264 19.4958 15.2892 14.4279 12.4931 12.3688 48.1923 71.1694 11.7757 11.5103 10.9861 10.698 10.6121 12.0692 11.7702 10.5722
threshold=1.0000000180025095e-35 1.5500000119209292 6.1833331584930429 1.0000000180025095e-35 -0.35206145048141474 1.0500000119209292 -0.22695468366146085 1.0000000180025095e-35 0.15000000223517421 0.8522624969482423 14.275000095367433 12.250000000000002 0.77500000596046459 1.0000000180025095e-35 -1.0000000180025095e-35 34.100000381469734 1.0500000119209292 1.7624999880790713 0.77259656786918651 6.5000000000000009 1.0000000180025095e-35 0.032701563090086018 0.72947329282760631 1.1500000357627871 0.15000000223517421 1.9499999880790713 11.500000000000002 0.35000000894069677 2.3541666269302373 0.11250000074505807 0.77259656786918651 -0.63405361771583546 3.5000000000000004 0.68322628736495983 0.63500002026557933 0.19749999791383746 1.0000000180025095e-35 3.5000000000000004 0.54219430685043346 0.58499997854232799 3.8721110820770268 0.098000001162290587 0.55000001192092907 6.8908743858337411 0.16280825436115268 -0.52778512239456166 7.5000000000000009 0.95649999380111705 0.65450000762939464 3.5000000000000004 0.45502142608165747 0.17249999940395358 4.5000000000000009 0.55000001192092907 -0.38242425024509424 0.35416667163372045 6.5000000000000009 6.5000000000000009 0.81304046511650097 0.15000000223517421 16.000000000000004 0.45000000298023229
decision_type=2 2 10 2 2 2 2 10 2 2 10 10 10 10 10 2 2 2 2 2 10 2 2 2 2 2 2 2 10 8 2 2 2 2 2 2 10 2 2 2 2 2 2 2 2 2 2 2 2 2 10 2 2 2 2 10 2 2 2 2 2 2
left_child=1 3 -3 16 5 6 45 21 17 12 29 36 20 14 -13 -16 -1 19 55 33 22 23 34 24 -6 -4 51 43 -18 31 42 -7 54 -8 35 -10 -2 -24 -33 41 -41 44 -11 58 -40 47 57 -5 -26 -14 -17 52 -23 -54 -31 -19 -32 -47 60 -60 -28 -51
right_child=11 2 25 4 7 10 8 -9 9 30 -12 13 49 -15 15 50 28 18 -20 -21 -22 26 37 -25 48 -27 27 -29 -30 32 56 38 -34 -35 -36 -37 -38 -39 39 40 -42 -43 -44 -45 -46 46 -48 -49 -50 61 -52 -53 53 -55 -56 -57 -58 -59 59 -61 -62 -63
leaf_value=0 -3.3471718148959681e-07 0 0 0 0 0 0 -1.8706545553363499e-07 0 0 0 9.5996373389774497e-05 0 -0.0022946479777156688 -7.0253174321260826e-08 -7.1997289366616449e-08 0 0 0 0 0 0 0 0 0 3.7014807429447298e-09 0 0 0 0 0 0 0 0 0 0 0.00051926599961174894 0 0 0 0 0 0 0 0 0 0 0 0 0 -7.1997289366616449e-08 0 0 0 0 0 0 0 0 0 0 0
leaf_weight=2832202 10596 3446 247 4463 4269 951 1954 250 575 1443 19790 423 508 1961 208 205 378851 1279 629 2442 249 16429 406 10795 3057 5060 785 18712 13529 839 510 2145 6684 1165 447 961 40559 829 206 841 280 618 409 1102 344 792 1379 238 1283 842 442 42355 1502 1666 781 395 526 288 331 219 2398 539
leaf_count=2832202 10596 3446 247 4463 4269 951 1954 250 575 1443 19790 423 508 1961 208 205 378851 1279 629 2442 249 16429 406 10795 3057 5060 785 18712 13529 839 510 2145 6684 1165 447 961 40559 829 206 841 280 618 409 1102 344 792 1379 238 1283 842 442 42355 1502 1666 781 395 526 288 331 219 2398 539
internal_value=-0.0462486 -0.0470025 -0.0143 -0.047087 -0.0425849 -0.0379242 -0.0299824 -0.0451002 -0.0261752 -0.0212203 -0.0434437 0.00080496 -0.0259167 -0.00677755 -0.0153404 -0.0239912 -0.047313 -0.0313695 -0.0256372 -0.0337435 -0.021815 -0.0452031 -0.0202937 -0.0431736 -0.0410474 0.00171801 -0.0456637 -0.0442554 -0.0468096 -0.0403081 -0.0125104 -0.0377414 -0.0419725 -0.02977 -0.0161082 -0.0134831 0.00128507 -0.0270142 -0.0363475 -0.0333453 -0.0280977 -0.0383818 -0.00924406 -0.0381618 -0.0313182 -0.0385475 -0.0353406 -0.040225 -0.0381682 -0.0334449 -0.0311167 -0.046199 -0.0451604 -0.0395139 -0.0371296 -0.0213053 -0.0183494 -0.0288426 -0.0397314 -0.0333182 -0.0408396 -0.0360952
internal_weight=3.44963e+06 3.39524e+06 8753 3.38648e+06 161900 56747 23268 105153 16108 8244 33479 54394 5356 3239 1278 855 3.22458e+06 7864 2303 5561 3467 104903 3218 19404 8609 5307 85499 23547 392380 13689 2888 5385 8304 3119 1983 1536 51155 1235 4434 2289 1121 1168 1852 4835 550 7160 2459 4701 4340 1889 647 61952 19597 3168 1620 1674 1036 1080 3733 550 3183 1381
internal_count=3449629 3395235 8753 3386482 161900 56747 23268 105153 16108 8244 33479 54394 5356 3239 1278 855 3224582 7864 2303 5561 3467 104903 3218 19404 8609 5307 85499 23547 392380 13689 2888 5385 8304 3119 1983 1536 51155 1235 4434 2289 1121 1168 1852 4835 550 7160 2459 4701 4340 1889 647 61952 19597 3168 1620 1674 1036 1080 3733 550 3183 1381
is_linear=0
shrinkage=0.05


Tree=57
num_leaves=63
num_cat=6
split_feature=8 9 7 18 42 0 18 0 15 2 43 7 7 42 14 1 4 42 21 49 7 7 0 34 18 42 7 7 19 7 18 15 21 0 23 0 26 42 43 42 1 7 7 0 26 7 7 18 7 7 7 7 23 7 26 42 10 43 42 36 30 35
split_gain=48953.4 3785.86 1363.89 1031.59 759.748 1106.08 459.611 355.342 200.308 183.032 129.25 103.369 90.257 81.0133 79.3025 61.9096 75.2508 58.6494 54.421 53.4439 51.9926 50.6492 49.7268 45.2896 43.7796 38.9448 38.4591 60.4203 38.1122 31.6725 27.1063 26.2499 66.3395 25.8281 24.6325 21.7005 21.4497 20.0438 18.3383 17.9191 17.6036 17.482 19.9583 17.3271 17.1654 16.0137 15.5797 13.3037 13.727 13.59 13.1667 22.1733 12.7129 12.3839 12.3624 12.064 11.7072 11.6791 11.5743 11.5241 10.7271 10.7177
threshold=1.0000000180025095e-35 0.31312465667724615 1.0000000180025095e-35 6.3875000476837167 -0.35206145048141474 0 0.77500000596046459 1 1.0000000180025095e-35 1.0000000180025095e-35 0.62587949633598339 1.6500000357627871 0.84999999403953563 -0.63405361771583546 12.250000000000002 1.0000000180025095e-35 -1.0000000180025095e-35 -0.72947329282760609 -0.35416667163372034 34.100000381469734 0.15000000223517421 0.15000000223517421 2 1.0500000119209292 11.775000095367433 0.032701563090086018 0.15000000223517421 1.0500000119209292 3.5000000000000004 0.45000000298023229 18.854166984558109 6.0499999523162851 -1.0000000180025095e-35 3 0.31821499764919287 4 -0.0058787756133824578 -0.84874749183654774 0.89787620306015026 -0.72947329282760609 1.0000000180025095e-35 1.0500000119209292 0.15000000223517421 5 -0.0087975901551544649 0.25000000745058065 0.15000000223517421 4.8541667461395273 0.15000000223517421 0.94999998807907116 2.5499999523162846 0.15000000223517421 0.45502142608165747 1.0500000119209292 0.015793821774423126 -0.22695468366146085 1.7916666865348818 0.9159645438194276 0.84874749183654796 4.5000000000000009 0.10039230808615686 8.2500000000000018
decision_type=2 2 2 10 2 9 10 9 10 10 2 2 2 2 10 10 10 2 10 2 2 2 9 2 10 2 2 2 2 2 10 10 10 9 10 9 10 2 2 2 10 2 2 9 10 2 2 8 2 2 2 2 10 2 10 2 2 2 2 2 2 2
left_child=1 2 23 56 5 6 10 11 18 25 17 21 39 26 40 16 -16 22 -5 -18 -15 54 50 -1 -7 47 37 38 44 -23 33 32 -10 -14 43 -29 -37 -12 45 57 -2 42 -24 -25 -22 -28 -19 48 -9 55 51 -4 -21 59 -6 -50 -3 -8 -56 -48 -40 -36
right_child=14 3 4 8 7 24 12 9 31 -11 13 -13 30 20 15 -17 19 46 -20 52 28 29 41 34 -26 -27 27 35 -30 -31 -32 -33 -34 -35 61 36 -38 -39 60 -41 -42 -43 -44 -45 -46 -47 53 -49 49 -51 -52 -53 -54 -55 58 -57 -58 -59 -60 -61 -62 -63
leaf_value=0 -3.1798132241511695e-07 0 0 0 0 0 0 0 0 -1.7771218275695324e-07 0 0 0 0 9.1196554720285764e-05 -0.0021799155788298852 -6.6740515605197778e-08 0 0 -6.8397424898285617e-08 0 0 0 0 0 0 0 0 0 0 0 3.5164067057974935e-09 0 0 0 0 0 0 0 0 0.00049330269963116164 0 0 0 0 0 0 0 0 0 0 0 -6.8397424898285617e-08 0 0 0 0 0 0 0 0 0
leaf_weight=2832202 10596 222 736 212 2446 14393 1858 3132 1236 238 1276 1722 830 843 423 1961 208 1332 625 205 321 1154 1392 36299 17267 79934 561 258 252 375 3881 3862 272 2045 12841 302 272 731 1149 1450 40559 458 771 338273 1120 470 424 8403 1002 3282 259 507 442 464 852 2026 2526 289 426 584 211 4967
leaf_count=2832202 10596 222 736 212 2446 14393 1858 3132 1236 238 1276 1722 830 843 423 1961 208 1332 625 205 321 1154 1392 36299 17267 79934 561 258 252 375 3881 3862 272 2045 12841 302 272 731 1149 1450 40559 458 771 338273 1120 470 424 8403 1002 3282 259 507 442 464 852 2026 2526 289 426 584 211 4967
internal_value=-0.0462486 -0.0470025 -0.0470883 -0.0145352 -0.0426072 -0.0379437 -0.0300401 -0.045126 -0.00324352 -0.0459114 -0.0243665 -0.0339746 -0.0381211 -0.0199375 0.000809556 -0.00677755 -0.0153404 -0.029332 -0.0259946 -0.0238743 -0.0272713 -0.0305383 -0.0255378 -0.047313 -0.0441727 -0.0460227 -0.0163815 -0.012998 -0.0222194 -0.0228761 -0.0415275 0.000302607 -0.00529178 -0.0378478 -0.0468096 -0.0246034 -0.0299914 -0.0218149 -0.00895964 -0.031723 0.00128995 -0.0297786 -0.0280132 -0.046896 -0.0190822 -0.0139888 -0.0349108 -0.0439108 -0.0426229 -0.0412797 -0.0178208 -0.0158025 -0.0309621 -0.0313655 -0.0336842 -0.0388639 -0.04004 -0.0288228 -0.0296987 -0.028254 -0.00514706 -0.0449927
internal_weight=3.44963e+06 3.39524e+06 3.38628e+06 8955 161698 56706 25046 104992 6207 98017 14693 6975 10353 7766 54394 3239 1278 6927 837 855 2536 5253 4123 3.22458e+06 31660 97779 5230 3223 1693 1529 6756 5370 1508 2875 392380 832 574 2007 2391 3597 51155 2621 2163 374572 1441 1031 2804 17845 9442 6310 1502 1243 647 1472 3724 3028 2748 2147 1278 1008 1360 17808
internal_count=3449629 3395235 3386280 8955 161698 56706 25046 104992 6207 98017 14693 6975 10353 7766 54394 3239 1278 6927 837 855 2536 5253 4123 3224582 31660 97779 5230 3223 1693 1529 6756 5370 1508 2875 392380 832 574 2007 2391 3597 51155 2621 2163 374572 1441 1031 2804 17845 9442 6310 1502 1243 647 1472 3724 3028 2748 2147 1278 1008 1360 17808
cat_boundaries=0 3 7 10 13 16 20
cat_threshold=2370820 556337306 268437856 17039360 278921216 0 4 2097152 2066 268435456 2097152 524426 268435744 2097152 128 256 671155457 1098907650 268435520 1024
is_linear=0
shrinkage=0.05


Tree=58
num_leaves=63
num_cat=5
split_feature=8 9 17 5 0 42 28 0 41 30 44 45 14 1 4 49 0 34 0 28 40 28 40 41 34 44 41 0 20 31 30 44 28 1 28 28 6 45 28 44 10 41 45 44 44 19 23 28 44 6 10 44 27 44 35 47 41 28 6 22 19 36
split_gain=48953.4 3785.86 1511.24 408.945 355.668 244.621 208.329 174.802 83.0644 92.8413 148.024 142.938 79.3025 61.9096 75.2508 53.4439 43.0385 31.9522 31.0714 118.403 29.0728 40.3042 24.4418 24.2699 24.1256 22.4186 21.5671 42.9323 20.721 20.0533 18.7179 21.2095 18.3095 17.6036 17.0524 16.9254 16.3033 15.814 15.1225 14.2147 12.9453 12.867 12.7294 23.1917 16.4132 14.6677 12.7129 12.6938 16.8205 12.1903 11.4191 11.2936 10.9429 11.3497 10.5234 10.4836 9.93336 13.1222 9.78578 9.77801 8.93168 8.65356
threshold=1.0000000180025095e-35 0.31312465667724615 6.1833331584930429 -1.0000000180025095e-35 0 -0.41248606145381922 0.044210137799382217 1 -0.22695468366146085 0.075400643050670638 0.4584775865077973 1.0000000180025095e-35 12.250000000000002 1.0000000180025095e-35 -1.0000000180025095e-35 34.100000381469734 2 0.94999998807907116 3 0.013725490774959328 3.3724999427795415 0.0058823532890528449 3.3724999427795415 0.72947329282760631 1.0000000180025095e-35 -0.79382744431495655 0.032701563090086053 4 2.3541666269302373 0.05172413773834706 0.047965517267584808 0.4584775865077973 0.013725490774959328 1.0000000180025095e-35 0.0098039219155907648 0.058037718757987029 1.0000000180025095e-35 1.0000000180025095e-35 0.021568628028035167 -0.83375966548919667 1.7916666865348818 -0.52778512239456166 1.0000000180025095e-35 0.4584775865077973 0.77652049064636242 2.5000000000000004 0.45502142608165747 0.0098039219155907648 0.7074720859527589 1.0000000180025095e-35 49.875000000000007 -0.10837475582957266 0.079698976129293456 -0.79382744431495655 1.2500000000000002 1.0000000180025095e-35 0.63405361771583568 0.013725490774959328 1.0000000180025095e-35 1.8166666626930239 2.5000000000000004 2.5000000000000004
decision_type=2 2 10 8 9 2 2 9 2 2 2 2 10 10 10 2 9 2 9 2 2 2 2 2 2 2 2 9 10 2 2 2 2 10 2 2 2 2 2 2 2 2 2 2 2 2 10 2 2 2 2 2 2 2 2 2 2 2 2 10 2 2
left_child=1 3 40 -1 5 6 7 8 36 10 11 16 33 14 -14 -16 23 50 19 25 29 -22 52 54 -20 -7 49 30 -19 -11 31 37 -24 -2 51 -8 41 -28 -21 -23 -3 -5 43 -36 -45 -46 -17 -12 -49 -9 -6 60 53 -13 -10 -55 57 -41 -52 61 -27 -26
right_child=12 2 -4 4 17 18 35 26 9 20 47 22 13 -15 15 46 -18 28 24 38 21 39 32 -25 59 34 27 -29 -30 -31 -32 -33 -34 -35 42 -37 -38 -39 -40 56 -42 -43 -44 44 45 -47 -48 48 -50 -51 58 -53 -54 55 -56 -57 -58 -59 -60 -61 -62 -63
leaf_value=1.6400385360084055e-06 -3.020822562943611e-07 0 3.3405863705076189e-09 0 0 0 0 0 0 0 0 0 8.6636726984271476e-05 -0.0020709197998883908 -6.3403489824937897e-08 -6.4977553653371339e-08 0 0 0 0 0 0 0 0 0 0 0 0 0 0 0 0 0 0.0004686375646496037 0 0 0 0 0 0 0 0 0 0 0 0 -6.4977553653371339e-08 0 0 0 0 0 0 0 0 0 0 0 0 0 0 0
leaf_weight=459 10596 289 5308 9319 52258 770 68266 29725 599 4730 1617 546 423 1961 208 205 1468 364839 224608 5571 277 397 233 294 4042 607 650 18069 12776 10689 7894 881 258 40559 461 6462 416 482 19267 423 3358 5702 440 488 578 251 442 771 1659 1115 2454363 2815 1711 550 204 330 606 726 942 1230 290 62156
leaf_count=459 10596 289 5308 9319 52258 770 68266 29725 599 4730 1617 546 423 1961 208 205 1468 364839 224608 5571 277 397 233 294 4042 607 650 18069 12776 10689 7894 881 258 40559 461 6462 416 482 19267 423 3358 5702 440 488 578 251 442 771 1659 1115 2454363 2815 1711 550 204 330 606 726 942 1230 290 62156
internal_value=-0.0462486 -0.0470025 -0.0145352 -0.0470883 -0.0470947 -0.0458339 -0.0443408 -0.0428753 -0.0403661 -0.0387561 -0.0349609 -0.0301013 0.000809556 -0.00677755 -0.0153404 -0.0238743 -0.0210673 -0.0473132 -0.0466524 -0.0447875 -0.0409334 -0.0358491 -0.0364884 -0.0131504 -0.0468507 -0.038903 -0.0447176 -0.04372 -0.0468846 -0.0417344 -0.0406103 -0.0363475 -0.0261151 0.00128995 -0.0399452 -0.0463478 -0.0433217 -0.0318198 -0.0463928 -0.0381599 -0.0393152 -0.0435921 -0.0364766 -0.0345922 -0.0379708 -0.0336882 -0.0309621 -0.0423975 -0.0401132 -0.0456372 -0.0473779 -0.0420178 -0.038112 -0.0348773 -0.00877024 -0.0313636 -0.0400926 -0.0373607 -0.0473935 -0.0460229 -0.0371321 -0.0461049
internal_weight=3.44963e+06 3.39524e+06 8955 3.38628e+06 3.38582e+06 500643 177069 102341 43525 28088 10240 6193 54394 3239 1278 855 2565 2.88518e+06 323574 31538 17848 2429 3628 1097 292036 6700 58816 27976 377615 15419 9907 2013 491 51155 5930 74728 15437 1132 24838 2152 3647 15021 2218 1778 1317 829 647 4047 2430 30840 2.50756e+06 3712 3137 1426 803 880 1755 1149 2.4553e+06 67428 897 66198
internal_count=3449629 3395235 8955 3386280 3385821 500643 177069 102341 43525 28088 10240 6193 54394 3239 1278 855 2565 2885178 323574 31538 17848 2429 3628 1097 292036 6700 58816 27976 377615 15419 9907 2013 491 51155 5930 74728 15437 1132 24838 2152 3647 15021 2218 1778 1317 829 647 4047 2430 30840 2507563 3712 3137 1426 803 880 1755 1149 2455305 67428 897 66198
cat_boundaries=0 4 7 9 13 15
cat_threshold=151127300 25692186 268435520 4 256 17301522 268435520 0 17301520 0 8388608 0 4 4 2056
is_linear=0
shrinkage=0.05


Tree=59
num_leaves=63
num_cat=11
split_feature=8 9 17 7 42 0 18 0 2 41 7 7 7 7 14 41 41 1 4 0 49 7 34 19 18 42 7 43 18 41 0 0 41 20 43 0 0 0 19 1 26 41 28 43 43 29 0 34 43 18 41 10 41 23 41 0 7 44 20 0 45 28
split_gain=48955.3 3785.86 1511.24 1363.89 759.748 1106.08 459.611 355.342 183.032 149.158 103.369 102.612 119.453 90.257 79.3217 74.266 62.0647 61.9096 75.2508 58.5744 53.4439 50.6492 45.2896 44.3339 43.7796 38.9448 31.6725 29.9663 27.1063 27.0375 25.8281 25.7736 25.2911 24.9767 20.33 20.1201 18.9091 18.89 18.8417 17.5311 16.7487 16.2534 14.7839 14.7108 14.4884 14.4557 14.2975 13.7564 13.3159 13.3037 15.9577 12.9453 12.7397 12.7129 12.6748 41.897 20.3217 12.3919 11.8868 11.2801 11.1877 10.4909
threshold=1.0000000180025095e-35 0.31312465667724615 6.1833331584930429 1.0000000180025095e-35 -0.35206145048141474 0 0.77500000596046459 1 1.0000000180025095e-35 -0.52778512239456166 1.6500000357627871 0.15000000223517421 1.0500000119209292 0.84999999403953563 12.250000000000002 0.68322628736495983 0.72947329282760631 1.0000000180025095e-35 -1.0000000180025095e-35 2 34.100000381469734 0.15000000223517421 1.0500000119209292 4.5000000000000009 11.775000095367433 0.032701563090086018 0.45000000298023229 0.89787620306015026 18.854166984558109 -0.097964655607938753 3 4 -0.52778512239456166 2.3541666269302373 0.8522624969482423 5 6 7 2.5000000000000004 1.0000000180025095e-35 0.0080638783983886259 0.2269546836614609 0.048057714477181442 0.49812944233417517 0.82899317145347606 2.1740331649780278 8 1.0000000180025095e-35 -0.38242425024509424 4.8541667461395273 0.93540480732917797 1.7916666865348818 0.97335553169250499 0.45502142608165747 0.47114434838294988 9 0.35000000894069677 0.24997577071189883 0.31666667759418493 10 1.0000000180025095e-35 0.017647059634327892
decision_type=2 2 10 2 2 9 10 9 10 2 2 2 2 2 10 2 2 10 10 9 2 2 2 2 10 2 2 2 10 2 9 9 2 10 2 9 9 9 2 10 10 2 2 2 2 2 9 2 2 8 2 2 2 10 2 9 2 2 8 9 2 2
left_child=1 3 51 22 5 6 9 10 25 46 21 15 16 32 39 35 27 18 -16 -14 -20 29 -1 34 54 49 -23 31 30 38 -15 -13 -8 37 -18 57 -17 -24 43 -2 -31 47 45 -6 -37 48 60 -21 -34 50 -9 -3 -52 -22 58 56 -56 -11 -7 -50 -5 -30
right_child=14 2 -4 4 7 24 13 8 -10 11 -12 12 19 28 17 36 23 -19 20 41 53 26 33 -25 -26 -27 -28 -29 61 40 -32 -33 42 -35 -36 44 -38 -39 -40 -41 -42 -43 -44 -45 -46 -47 -48 -49 59 -51 52 -53 -54 -55 55 -57 -58 -59 -60 -61 -62 -63
leaf_value=0 -2.8697814347964303e-07 0 3.1735570519822385e-09 0 0 0 0 0 -2.5082850041952588e-07 0 0 0 0 0 8.2304890635057895e-05 0 0 -0.0019673738098939715 -6.023331533369101e-08 0 -6.1728675970702771e-08 0 0 0 0 0 0 0 0 0 0 0 0 0 0 0 0 0 0 0.00044520568641712377 0 0 0 0 0 0 0 0 0 0 0 0 0 -6.1728675970702771e-08 0 0 0 0 0 0 0 0
leaf_weight=2832202 10596 289 5308 353 763 10319 718 3123 238 853 1722 797 440 830 423 324 974 1961 208 354 205 1154 32979 325 17267 79934 375 1186 1390 703 2045 1399 420 13529 947 1624 1407 345872 1403 40559 579 937 241 276 632 1109 1159 229 266 8403 2148 3358 4171 442 508 2745 597 472 224 843 281 2491
leaf_count=2832202 10596 289 5308 353 763 10319 718 3123 238 853 1722 797 440 830 423 324 974 1961 208 354 205 1154 32979 325 17267 79934 375 1186 1390 703 2045 1399 420 13529 947 1624 1407 345872 1403 40559 579 937 241 276 632 1109 1159 229 266 8403 2148 3358 4171 442 508 2745 597 472 224 843 281 2491
internal_value=-0.0462485 -0.0470025 -0.0145352 -0.0470883 -0.0426072 -0.0379437 -0.0300401 -0.045126 -0.0459114 -0.0243665 -0.0339746 -0.0224884 -0.0187572 -0.0381211 0.000810475 -0.0278181 -0.0150551 -0.00677755 -0.0153404 -0.0293878 -0.0238743 -0.0305383 -0.047313 -0.0214982 -0.0441727 -0.0460227 -0.0228761 -0.0107762 -0.0415275 -0.0336842 -0.0378478 -0.014235 -0.031723 -0.0468096 -0.0186088 -0.0237078 -0.0363215 -0.046885 -0.0367711 0.00129093 -0.0278042 -0.0340196 -0.0296292 -0.0316675 -0.0267476 -0.0285462 -0.0378793 -0.0276887 -0.025394 -0.0439108 -0.0426229 -0.0393152 -0.0411778 -0.0309621 -0.0421502 -0.0396948 -0.0301682 -0.0181929 -0.0430468 -0.0225225 -0.0294488 -0.0442534
internal_weight=3.44963e+06 3.39524e+06 8955 3.38628e+06 161698 56706 25046 104992 98017 14693 6975 12900 7588 10353 54394 5312 5628 3239 1278 1960 855 5253 3.22458e+06 2246 31660 97779 1529 3382 6756 3724 2875 2196 3597 392380 1921 3581 1731 378851 2442 51155 1282 1520 2879 1039 2256 2638 1793 583 1529 17845 9442 3647 6319 647 14393 3850 1105 1325 10543 1109 634 3881
internal_count=3449629 3395235 8955 3386280 161698 56706 25046 104992 98017 14693 6975 12900 7588 10353 54394 5312 5628 3239 1278 1960 855 5253 3224582 2246 31660 97779 1529 3382 6756 3724 2875 2196 3597 392380 1921 3581 1731 378851 2442 51155 1282 1520 2879 1039 2256 2638 1793 583 1529 17845 9442 3647 6319 647 14393 3850 1105 1325 10543 1109 634 3881
cat_boundaries=0 3 7 10 13 16 19 21 24 27 31 34
cat_threshold=2370820 556337306 268437856 17039360 278921216 0 4 0 128 256 2097152 524426 268435744 0 2064 268437504 3072 2064 268437504 1024 8 671155457 25165826 268435520 260 65536 268435488 1409417296 71565312 2148818968 163 4 130 268435456
is_linear=0
shrinkage=0.05


Tree=60
num_leaves=63
num_cat=8
split_feature=8 9 17 7 42 0 0 18 2 7 7 7 42 42 7 18 14 0 7 0 34 42 41 19 5 4 2 49 41 43 7 7 41 20 41 0 43 7 31 41 0 19 43 43 43 37 7 7 34 24 7 42 43 20 41 41 33 0 0 34 18 7
split_gain=49103.3 3788.99 1502.32 1373.91 763.775 1114.12 359.19 355.346 186.636 156.522 113.448 105.009 96.0541 86.9401 83.1292 77.5482 69.6051 61.4541 52.1287 48.919 43.6791 41.3618 39.9017 38.8362 37.3385 62.8145 77.1537 59.8795 31.76 29.8602 26.5833 26.5297 24.4412 23.7045 21.1316 20.7742 20.3775 20.26 19.6453 19.3409 19.2181 18.5574 18.0317 17.275 16.9858 15.5416 15.4611 25.2751 13.3958 12.8411 12.2192 11.8987 11.7778 11.4451 11.3588 11.1222 11.0315 10.9506 10.1386 10.0366 9.46201 8.90993
threshold=1.0000000180025095e-35 0.31312465667724615 6.1833331584930429 1.0000000180025095e-35 -0.35206145048141474 0 1 0.77500000596046459 1.0000000180025095e-35 0.15000000223517421 1.0500000119209292 1.6500000357627871 -0.72947329282760609 -0.63405361771583546 0.84999999403953563 5.3541667461395273 12.250000000000002 2 0.15000000223517421 3 1.0500000119209292 -0.032701563090086067 -0.2901292592287063 4.5000000000000009 1.0000000180025095e-35 -1.0000000180025095e-35 1.0000000180025095e-35 43.658332824707038 -1.0000000180025095e-35 0.8431384563446046 3.4500000476837163 0.45000000298023229 -0.52778512239456166 3.5499999523162846 -0.63405361771583546 4 0.8431384563446046 0.55000001192092907 0.05172413773834706 0.52778512239456188 5 2.5000000000000004 0.67802080512046825 -0.13398594409227368 0.57077592611312877 1.9674999713897707 1.1500000357627871 0.25000000745058065 0.55000001192092907 -0.00196684175170958 0.35000000894069677 -0.93540480732917775 0.9159645438194276 0.77500000596046459 0.16280825436115268 0.93540480732917797 0.25000000745058065 6 7 1.0000000180025095e-35 1.1458333134651186 0.35000000894069677
decision_type=2 2 10 2 2 9 9 10 10 2 2 2 2 2 2 10 10 9 2 9 2 2 2 2 10 10 10 2 2 2 2 2 2 10 2 9 2 2 2 2 9 2 2 2 2 2 2 2 2 10 2 2 2 8 2 2 2 9 9 2 10 2
left_child=1 3 -3 20 5 7 11 9 21 12 13 18 42 22 32 17 -2 30 28 39 -1 46 -11 36 25 -18 27 -27 41 40 34 -20 -9 35 -7 -22 -15 -17 -16 -12 -24 44 45 -36 -6 -5 47 -8 -31 -30 -45 -44 56 -23 -52 -49 57 -34 -38 -21 -43 -60
right_child=16 2 -4 4 6 15 8 14 -10 10 19 -13 -14 23 38 37 24 -19 31 59 33 53 29 -25 -26 26 -28 -29 49 48 -32 -33 52 -35 43 -37 58 -39 -40 -41 -42 60 51 50 -46 -47 -48 55 -50 -51 54 -53 -54 -55 -56 -57 -58 -59 61 -61 -62 -63
leaf_value=0 1.6343714764690988e-06 0 3.0148791993831267e-09 0 0 0 0 0 -2.3828707539854957e-07 0 0 0 0 0 0 0 7.8189646103305006e-05 0 0 0 0 0 0 0 -0.0018690051193992728 -5.7634440101777904e-08 1.0781271348085996e-05 -5.8642242172167627e-08 0 0 0 0 0 0 0 0 0 0 0 0 0 0 0 0 0 0 0 0 0 0 0 0 0 0 0 0 0 0 0 0 0 0
leaf_weight=2831774 51334 3663 5300 559 816 326 4218 663 242 373 203 1715 2265 912 2793 1018 555 10134 1182 790 36853 81574 627 306 1740 205 301 420 471 1275 672 334 775 10640 293 345489 362 20147 2588 317 1363 1193 692 817 278 1653 8753 433 282 754 239 744 366 1555 373 1473 496 1051 251 503 241 226
leaf_count=2831774 51334 3663 5300 559 816 326 4218 663 242 373 203 1715 2265 912 2793 1018 555 10134 1182 790 36853 81574 627 306 1740 205 301 420 471 1275 672 334 775 10640 293 345489 362 20147 2588 317 1363 1193 692 817 278 1653 8753 433 282 754 239 744 366 1555 373 1473 496 1051 251 503 241 226
internal_value=-0.0462467 -0.0470029 -0.0145367 -0.0470888 -0.0425911 -0.0378993 -0.0451081 -0.0291941 -0.0458963 -0.0241839 -0.0195282 -0.0339062 -0.0303175 -0.016205 -0.03709 -0.0436188 0.000812712 -0.0405683 -0.0304569 -0.030484 -0.0473143 -0.0460093 -0.0118367 -0.0245297 -0.00631714 -0.0121523 -0.0201242 -0.03014 -0.0336178 -0.0102009 -0.0331685 -0.0226319 -0.0309079 -0.0468203 -0.030459 -0.0468851 -0.0216576 -0.045492 -0.0409399 -0.0164151 -0.0142588 -0.0368196 -0.0252961 -0.0282491 -0.031915 -0.0281284 -0.0435812 -0.0416541 -0.00501445 -0.0270102 -0.0259815 -0.0209331 -0.0287872 -0.0464438 -0.0313235 -0.0368757 -0.0301012 -0.028305 -0.016034 -0.0357387 -0.0405614 -0.0208573
internal_weight=3.44996e+06 3.3954e+06 8963 3.38644e+06 161686 56454 105232 22435 98248 13703 7790 6984 5913 5977 8732 34019 54555 12854 5269 1813 3.22476e+06 98006 3920 2057 3221 1481 926 625 3753 3547 2720 1516 3351 392982 2048 382342 1751 21165 5381 520 1990 2528 3648 1722 1094 2212 14877 6124 1557 1225 1429 1436 2688 83129 612 1906 2322 1826 839 1293 1434 477
internal_count=3449960 3395405 8963 3386442 161686 56454 105232 22435 98248 13703 7790 6984 5913 5977 8732 34019 54555 12854 5269 1813 3224756 98006 3920 2057 3221 1481 926 625 3753 3547 2720 1516 3351 392982 2048 382342 1751 21165 5381 520 1990 2528 3648 1722 1094 2212 14877 6124 1557 1225 1429 1436 2688 83129 612 1906 2322 1826 839 1293 1434 477
cat_boundaries=0 3 7 11 14 17 20 23 26
cat_threshold=264452 19400858 268437856 17039360 278921216 0 4 1084371968 201393984 7528579 185 0 128 256 671155457 1098907650 268435520 0 2066 2048 4 2178 268437504 2304 2056 268435520
is_linear=0
shrinkage=0.05


Tree=61
num_leaves=63
num_cat=8
split_feature=8 9 17 7 42 0 0 7 7 5 41 42 7 43 7 14 0 41 43 1 7 0 26 34 41 42 41 5 49 41 0 10 7 1 0 23 35 7 0 19 33 42 0 7 43 10 19 41 7 7 26 34 19 26 10 41 35 35 34 44 30 44
split_gain=48966 3788.99 1502.32 1373.91 763.775 1114.12 359.19 334.044 189.168 186.636 114.258 111.201 105.009 84.7746 74.5144 68.005 61.161 63.1829 57.8209 55.4745 52.1287 44.2027 45.2165 43.6791 41.3873 41.3618 37.7932 33.7563 39.2432 31.76 29.6719 27.4051 26.5297 25.0232 24.0059 23.6769 20.8807 20.3166 18.8338 18.5574 18.195 17.2125 18.2204 17.1345 16.9858 16.2782 15.7209 20.5434 15.4611 25.2751 14.699 14.4344 13.5704 11.8374 11.5835 11.1222 10.7644 10.5873 10.4448 10.3556 10.3191 10.0737
threshold=1.0000000180025095e-35 0.31312465667724615 6.1833331584930429 1.0000000180025095e-35 -0.35206145048141474 0 1 1.0500000119209292 0.15000000223517421 -1.0000000180025095e-35 -0.2901292592287063 -0.72947329282760609 1.6500000357627871 0.8431384563446046 0.55000001192092907 12.250000000000002 2 -0.097964655607938753 0.07411635667085649 1.0000000180025095e-35 0.15000000223517421 3 0.00088480504928156744 1.0500000119209292 0.77259656786918651 -0.032701563090086067 0.72947329282760631 -1.0500000119209287 31.816666603088382 -1.0000000180025095e-35 4 0.45833332836627966 0.45000000298023229 1.0000000180025095e-35 5 0.31821499764919287 1.5500000119209292 0.35000000894069677 6 2.5000000000000004 0.25000000745058065 -0.84874749183654774 7 5.3500001430511483 0.57077592611312877 1.7916666865348818 4.5000000000000009 0.16280825436115268 1.1500000357627871 0.25000000745058065 0.0071943989023566255 0.35000000894069677 4.5000000000000009 -0.030204095877707001 22.458333015441898 0.93540480732917797 0.15000000223517421 1.0500000119209292 0.35000000894069677 0.31595529615879064 0.10491378977894784 -0.85225707292556752
decision_type=2 2 10 2 2 9 9 2 2 8 2 2 2 2 2 10 9 2 2 10 2 9 10 2 2 2 2 10 2 2 9 2 2 10 9 10 2 2 9 2 2 2 9 2 2 2 2 2 2 2 10 2 2 10 2 2 2 2 2 2 2 2
left_child=1 3 45 23 5 7 12 8 11 -8 60 40 20 26 16 33 17 -7 -9 27 29 22 -20 -1 51 48 30 -17 -29 39 58 -30 -22 -2 37 38 -19 -26 -25 44 41 42 59 46 -6 -3 -16 -48 49 -11 -31 -15 53 -28 -23 -51 -27 61 -12 -5 -10 -32
right_child=15 2 -4 4 6 14 9 18 10 25 13 -13 -14 24 43 19 -18 36 21 -21 32 54 -24 35 34 56 52 28 31 50 57 -33 -34 -35 -36 -37 -38 -39 -40 -41 -42 -43 -44 -45 -46 -47 47 -49 -50 55 -52 -53 -54 -55 -56 -57 -58 -59 -60 -61 -62 -63
leaf_value=0 -4.7861869537592668e-07 0 2.8641352394139701e-09 0 0 0 -2.2637272162862207e-07 0 0 0 0 0 0 0 0 1.0442333503125533e-05 0 0 0 -0.0017755548634293091 0 0 0 0 0 0 0 -1.6205377832829657e-07 -4.0264445493971829e-08 0 0 -5.5710130063559244e-08 0 0.00042286368352244393 0 0 0 0 0 0 0 0 0 0 0 0 0 0 0 0 0 0 0 0 0 0 0 0 0 0 0 0
leaf_weight=2831774 10531 300 5300 935 816 740 242 4489 597 4218 921 2823 1715 1285 12882 235 4985 1011 211 1976 1182 570 317 32650 279 54550 216 229 253 637 275 528 334 40803 429 17889 379 280 342443 1434 567 1031 1530 13461 278 3363 286 275 8753 433 588 455 264 1058 1373 1473 28579 509 232 466 597 726
leaf_count=2831774 10531 300 5300 935 816 740 242 4489 597 4218 921 2823 1715 1285 12882 235 4985 1011 211 1976 1182 570 317 32650 279 54550 216 229 253 637 275 528 334 40803 429 17889 379 280 342443 1434 567 1031 1530 13461 278 3363 286 275 8753 433 588 455 264 1058 1373 1473 28579 509 232 466 597 726
internal_value=-0.0462478 -0.0470029 -0.0145367 -0.0470888 -0.0425911 -0.0378993 -0.0451081 -0.0291941 -0.0251155 -0.0458963 -0.0198563 -0.0309263 -0.0339062 -0.0173946 -0.0436188 0.000745807 -0.0390812 -0.0312266 -0.0383046 -0.00630161 -0.0304569 -0.0321621 -0.0180855 -0.0473143 -0.0105315 -0.0460093 -0.0218513 -0.0145683 -0.0185396 -0.0336178 -0.0182473 -0.0238764 -0.0226319 0.001188 -0.0187045 -0.0468203 -0.0250899 -0.0254877 -0.0469051 -0.0368196 -0.0260714 -0.0248725 -0.0229179 -0.044835 -0.031915 -0.0391598 -0.0435723 -0.0353788 -0.0435812 -0.0416541 -0.0270102 -0.0058908 -0.0280917 -0.0259537 -0.0357104 -0.0368757 -0.0464438 -0.0229112 -0.0118379 -0.0182123 -0.0341415 -0.0200774
internal_weight=3.44996e+06 3.3954e+06 8963 3.38644e+06 161686 56454 105232 22435 15475 98248 8123 7352 6984 6929 34019 54555 7115 2130 6960 3221 5269 2471 528 3.22476e+06 2728 98006 4201 1245 1010 3753 2663 781 1516 51334 988 392982 1390 559 375093 2528 4529 3962 2931 26904 1094 3663 13443 561 14877 6124 1225 1740 1538 1274 1943 1906 83129 1510 1153 1401 1194 1001
internal_count=3449960 3395405 8963 3386442 161686 56454 105232 22435 15475 98248 8123 7352 6984 6929 34019 54555 7115 2130 6960 3221 5269 2471 528 3224756 2728 98006 4201 1245 1010 3753 2663 781 1516 51334 988 392982 1390 559 375093 2528 4529 3962 2931 26904 1094 3663 13443 561 14877 6124 1225 1740 1538 1274 1943 1906 83129 1510 1153 1401 1194 1001
cat_boundaries=0 3 7 11 14 17 20 23 26
cat_threshold=264452 19400858 268437856 17039360 278921216 0 4 230400 33816576 536870912 2 0 128 256 0 2066 268437504 0 17301522 2048 671155456 1098907650 268435520 2048 16779266 268437504
is_linear=0
shrinkage=0.05


Tree=62
num_leaves=63
num_cat=8
split_feature=8 9 17 7 42 0 0 18 2 7 7 7 42 42 7 18 14 0 1 4 2 49 7 0 34 42 41 19 41 43 7 7 41 20 28 41 28 0 43 7 40 41 0 1 19 43 43 10 37 7 7 26 29 28 34 42 0 20 7 41 28 0
split_gain=49112.7 3788.99 1502.32 1373.91 763.775 1114.12 359.19 355.346 186.636 156.522 113.448 105.009 96.0541 86.9401 83.1292 77.5482 67.8867 61.4541 53.8335 63.4427 54.1401 57.3126 52.1287 48.919 43.6791 41.3618 39.9017 38.8362 31.76 29.8602 26.5833 26.5297 24.4412 23.7045 21.8018 30.4386 21.7055 20.7742 20.3775 20.26 19.5546 19.3409 19.2181 19.0804 18.5574 18.0317 16.9858 16.2782 15.5416 15.4611 25.2751 14.699 14.6782 13.7319 13.3958 11.8987 11.6474 11.4451 11.2979 11.1222 10.4826 10.1386
threshold=1.0000000180025095e-35 0.31312465667724615 6.1833331584930429 1.0000000180025095e-35 -0.35206145048141474 0 1 0.77500000596046459 1.0000000180025095e-35 0.15000000223517421 1.0500000119209292 1.6500000357627871 -0.72947329282760609 -0.63405361771583546 0.84999999403953563 5.3541667461395273 12.250000000000002 2 1.0000000180025095e-35 -1.0000000180025095e-35 1.0000000180025095e-35 43.658332824707038 0.15000000223517421 3 1.0500000119209292 -0.032701563090086067 -0.2901292592287063 4.5000000000000009 -1.0000000180025095e-35 0.8431384563446046 3.4500000476837163 0.45000000298023229 -0.52778512239456166 3.5499999523162846 0.013725490774959328 -0.22695468366146085 0.013725490774959328 4 0.8431384563446046 0.55000001192092907 2.3645000457763676 0.52778512239456188 5 1.0000000180025095e-35 2.5000000000000004 0.67802080512046825 0.57077592611312877 1.7916666865348818 1.9674999713897707 1.1500000357627871 0.25000000745058065 0.0071943989023566255 1.8530199527740481 0.049337463453412063 0.55000001192092907 -0.93540480732917775 6 0.77500000596046459 0.35000000894069677 0.93540480732917797 0.0098039219155907648 7
decision_type=2 2 10 2 2 9 9 10 10 2 2 2 2 2 2 10 10 9 10 10 10 2 2 9 2 2 2 2 2 2 2 2 2 10 2 2 2 9 2 2 2 2 9 10 2 2 2 2 2 2 2 10 2 2 2 2 9 8 2 2 2 9
left_child=1 3 47 24 5 7 11 9 25 12 13 22 45 26 32 17 43 30 19 -18 21 -21 28 41 -1 49 -11 38 44 42 34 -24 -9 37 -7 -36 40 -26 -15 -17 -16 -12 -28 -2 46 48 -6 -3 -5 50 -8 -30 -38 56 -31 -47 -34 -27 -37 -52 -58 -40
right_child=16 2 -4 4 6 15 8 14 -10 10 23 -13 -14 27 36 39 18 -19 -20 20 -22 -23 31 -25 33 57 29 -29 51 54 -32 -33 53 -35 35 58 52 -39 61 -41 -42 -43 -44 -45 -46 55 -48 -49 -50 -51 59 -53 -54 -55 -56 -57 60 -59 -60 -61 -62 -63
leaf_value=0 -4.5468776060713032e-07 0 2.7209284774432715e-09 0 0 0 0 0 -2.1505408554719097e-07 0 0 0 0 0 0 0 7.4282177020414445e-05 0 -0.0016867771202578438 -5.1967211593511045e-08 -5.4424903966910542e-05 -5.2924623560381283e-08 0 0 0 0 0 0 0 0 0 0 0 0 0 0 0 0 0 0 0 0 0 0.00040172049934632183 0 0 0 0 0 0 0 0 0 0 0 0 0 0 0 0 0 0
leaf_weight=2831774 10531 300 5300 559 816 842 4218 663 242 373 203 1715 2265 912 1211 1018 413 10134 1976 205 207 420 1182 1293 36853 81574 627 306 637 1275 672 334 1203 10640 281 669 794 345489 362 20147 407 317 1363 40803 1434 692 278 3363 1653 8753 433 588 2969 225 282 744 583 1555 256 1473 677 477
leaf_count=2831774 10531 300 5300 559 816 842 4218 663 242 373 203 1715 2265 912 1211 1018 413 10134 1976 205 207 420 1182 1293 36853 81574 627 306 637 1275 672 334 1203 10640 281 669 794 345489 362 20147 407 317 1363 40803 1434 692 278 3363 1653 8753 433 588 2969 225 282 744 583 1555 256 1473 677 477
internal_value=-0.0462467 -0.0470029 -0.0145367 -0.0470888 -0.0425911 -0.0378993 -0.0451081 -0.0291941 -0.0458963 -0.0241839 -0.0195282 -0.0339062 -0.0303175 -0.016205 -0.03709 -0.0436188 0.000817295 -0.0405683 -0.006224 -0.0143675 -0.0223197 -0.02966 -0.0304569 -0.030484 -0.0473143 -0.0460093 -0.0118367 -0.0245297 -0.0336178 -0.0102009 -0.0331685 -0.0226319 -0.0309079 -0.0468203 -0.030459 -0.0261484 -0.0409399 -0.0468851 -0.0216576 -0.045492 -0.036097 -0.0164151 -0.0142588 0.00125911 -0.0368196 -0.0252961 -0.031915 -0.0391598 -0.0281284 -0.0435812 -0.0416541 -0.0270102 -0.0430222 -0.0287872 -0.00501445 -0.0209331 -0.0277071 -0.0464438 -0.0217703 -0.0368757 -0.0316142 -0.016034
internal_weight=3.44996e+06 3.3954e+06 8963 3.38644e+06 161686 56454 105232 22435 98248 13703 7790 6984 5913 5977 8732 34019 54555 12854 3221 1245 832 625 5269 1813 3.22476e+06 98006 3920 2057 3753 3547 2720 1516 3351 392982 2048 1206 5381 382342 1751 21165 1618 520 1990 51334 2528 3648 1094 3663 2212 14877 6124 1225 3763 2688 1557 1436 2463 83129 925 1906 1260 839
internal_count=3449960 3395405 8963 3386442 161686 56454 105232 22435 98248 13703 7790 6984 5913 5977 8732 34019 54555 12854 3221 1245 832 625 5269 1813 3224756 98006 3920 2057 3753 3547 2720 1516 3351 392982 2048 1206 5381 382342 1751 21165 1618 520 1990 51334 2528 3648 1094 3663 2212 14877 6124 1225 3763 2688 1557 1436 2463 83129 925 1906 1260 839
cat_boundaries=0 3 7 11 14 17 20 23 26
cat_threshold=264452 19400858 268437856 17039360 278921216 0 4 1084371968 201393984 7528579 185 0 128 256 671155457 1098907650 268435520 0 2066 2048 4 2178 268437568 2304 2056 268435520
is_linear=0
shrinkage=0.05


Tree=63
num_leaves=63
num_cat=8
split_feature=8 6 7 17 42 0 0 7 2 7 41 42 7 43 7 14 0 41 43 1 4 2 49 7 0 26 42 41 41 33 41 0 7 0 0 6 7 1 19 14 33 7 30 42 0 43 10 19 41 7 7 26 39 19 33 28 40 44 26 41 23 30
split_gain=49112.7 3742.84 1391.91 1385.76 761.574 1115.22 362.962 330.499 191.012 189.273 113.921 111.201 100.041 84.7746 73.876 67.8867 61.161 63.1829 57.1202 53.8335 63.4427 54.1401 57.3126 52.4421 43.0422 44.8386 41.6977 41.3873 37.7932 35.2618 31.76 29.6719 26.0344 25.4967 24.0059 23.0208 20.3166 19.0804 18.5574 18.3944 18.195 17.7084 17.3661 17.2125 18.2204 16.9858 15.8267 15.6757 20.4158 14.7949 25.2122 14.699 14.5861 13.5704 12.9186 11.9426 17.8832 14.328 11.8374 11.2022 10.5907 10.4469
threshold=1.0000000180025095e-35 1.5500000119209292 1.0000000180025095e-35 6.1833331584930429 -0.35206145048141474 0 1 1.0500000119209292 1.0000000180025095e-35 0.15000000223517421 -0.2901292592287063 -0.72947329282760609 1.6500000357627871 0.8431384563446046 0.55000001192092907 12.250000000000002 2 -0.097964655607938753 0.07411635667085649 1.0000000180025095e-35 -1.0000000180025095e-35 1.0000000180025095e-35 43.658332824707038 0.15000000223517421 3 0.00088480504928156744 -0.032701563090086067 0.77259656786918651 0.72947329282760631 1.0000000180025095e-35 -1.0000000180025095e-35 4 0.45000000298023229 5 6 1.9499999880790713 0.35000000894069677 1.0000000180025095e-35 2.5000000000000004 5.2500000000000009 0.25000000745058065 5.3500001430511483 0.089446838945150389 -0.84874749183654774 7 0.57077592611312877 1.7916666865348818 4.5000000000000009 0.16280825436115268 1.1500000357627871 0.25000000745058065 0.0071943989023566255 0.26199999451637274 4.5000000000000009 1.0000000180025095e-35 0.0098039219155907648 2.3645000457763676 0.84199059009552013 -0.030204095877707001 0.93540480732917797 0.073363911360502257 0.10491378977894784
decision_type=2 2 2 10 2 9 9 2 10 2 2 2 2 2 2 10 9 2 2 10 10 10 2 2 9 10 2 2 2 2 2 9 2 9 9 2 2 10 2 10 2 2 2 2 9 2 2 2 2 2 2 10 2 2 2 2 2 2 10 2 8 2
left_child=1 2 29 46 5 7 12 9 26 11 61 40 23 28 16 37 17 -7 55 20 -17 22 -22 30 25 -20 49 54 31 -1 38 -12 -25 -31 36 -5 -29 -2 45 -35 43 47 -19 44 -4 -6 -3 -16 -49 50 -8 -32 -26 58 -15 56 -9 -57 -30 -52 -28 -11
right_child=15 3 4 35 6 14 8 18 -10 10 13 -13 -14 27 41 19 -18 42 24 -21 21 -23 -24 32 52 -27 60 34 53 33 51 -33 -34 39 -36 -37 -38 -39 -40 -41 -42 -43 -44 -45 -46 -47 -48 48 -50 -51 59 -53 -54 -55 -56 57 -58 -59 -60 -61 -62 -63
leaf_value=0 -4.3195337257677385e-07 0 0 0 0 0 0 0 -2.0430138126983143e-07 0 0 0 0 0 0 7.056806816939372e-05 0 0 0 -0.0016024382642449515 -4.9368851013835501e-08 -5.170365876856501e-05 -5.0278392382362214e-08 0 0 0 0 0 0 0 0 0 0 0 0 2.5848820535711084e-09 0 0.00038163447437900569 0 0 0 0 0 0 0 0 0 0 0 0 0 0 0 0 0 0 0 0 0 0 0 0
leaf_weight=2528913 10531 300 1401 233 816 740 4218 807 247 598 1153 2823 1691 1155 12904 413 4985 783 212 1976 205 207 420 1182 1161 319 81269 279 216 64973 637 1510 334 611859 429 5053 280 40803 1434 19011 567 13461 607 1031 1530 278 3148 290 275 8765 435 588 786 264 585 3175 307 211 1058 1473 2049 597
leaf_count=2528913 10531 300 1401 233 816 740 4218 807 247 598 1153 2823 1691 1155 12904 413 4985 783 212 1976 205 207 420 1182 1161 319 81269 279 216 64973 637 1510 334 611859 429 5053 280 40803 1434 19011 567 13461 607 1031 1530 278 3148 290 275 8765 435 588 786 264 585 3175 307 211 1058 1473 2049 597
internal_value=-0.0462467 -0.0470029 -0.0470872 -0.0143136 -0.0425635 -0.0378795 -0.0450739 -0.029174 -0.0458631 -0.0251137 -0.0198535 -0.0309263 -0.0337948 -0.0173946 -0.0435997 0.000817295 -0.0390812 -0.0312266 -0.0382208 -0.006224 -0.0143675 -0.0223197 -0.02966 -0.0304474 -0.0321247 -0.0182486 -0.0459782 -0.0105315 -0.0218513 -0.0473143 -0.0336178 -0.0182473 -0.0225989 -0.0469991 -0.0187045 0.00177166 -0.0254877 0.00125911 -0.0368196 -0.0471241 -0.0260714 -0.0448097 -0.0250899 -0.0248725 -0.0229179 -0.031915 -0.0389733 -0.0435279 -0.0353761 -0.0435412 -0.0416561 -0.0270102 -0.0356323 -0.0280917 -0.0058908 -0.0415778 -0.0370871 -0.0430552 -0.0259537 -0.0368868 -0.0464138 -0.0341109
internal_weight=3.44996e+06 3.3954e+06 3.38667e+06 8734 161915 56499 105416 22454 98456 15476 8124 7352 6960 6929 34045 54555 7115 2130 6978 3221 1245 832 625 5269 2478 531 98209 2728 4201 3.22476e+06 3753 2663 1516 695843 988 5286 559 51334 2528 630870 4529 26930 1390 3962 2931 1094 3448 13469 565 14891 6126 1225 1947 1538 1740 4500 1114 3386 1274 1908 83318 1195
internal_count=3449960 3395405 3386671 8734 161915 56499 105416 22454 98456 15476 8124 7352 6960 6929 34045 54555 7115 2130 6978 3221 1245 832 625 5269 2478 531 98209 2728 4201 3224756 3753 2663 1516 695843 988 5286 559 51334 2528 630870 4529 26930 1390 3962 2931 1094 3448 13469 565 14891 6126 1225 1947 1538 1740 4500 1114 3386 1274 1908 83318 1195
cat_boundaries=0 3 7 11 14 17 20 23 26
cat_threshold=264452 19400858 268437856 17039360 276824064 0 4 230400 33816576 536870912 2 0 128 256 0 2066 268437504 671155457 25690114 268435520 0 17301522 2048 2048 16779266 268437504
is_linear=0
shrinkage=0.05


Tree=64
num_leaves=63
num_cat=6
split_feature=8 9 18 2 0 42 28 43 0 15 43 0 0 13 21 28 1 4 2 49 42 15 21 0 28 43 34 44 37 42 35 26 37 42 35 1 21 43 28 44 43 32 44 28 28 43 10 28 28 35 36 28 28 44 0 10 43 21 36 43 44 36
split_gain=49118.4 3788.99 1022.04 412.879 359.453 245.765 215.831 278.38 378.151 198.141 77.6282 87.4786 71.3706 63.3971 52.1334 50.499 47.7616 54.569 48.3962 59.3097 36.3698 30.9195 71.3572 30.6924 117.437 35.9399 30.5752 27.9474 25.6079 24.3963 23.9554 23.0138 22.4521 22.0799 19.9765 19.4577 17.6015 17.4615 17.0145 36.7468 27.9001 65.2611 16.2773 19.821 15.4575 25.2198 14.8915 14.5252 14.419 13.277 13.1604 31.1167 14.7881 13.175 11.8291 11.4884 11.4465 11.1947 11.0223 43.7639 40.9981 10.5662
threshold=1.0000000180025095e-35 0.31312465667724615 6.1833331584930429 1.0000000180025095e-35 0 -0.41248606145381922 0.044210137799382217 0.61237135529518139 1 1.0000000180025095e-35 0.9159645438194276 2 3 8.1833333969116229 -0.35416667163372034 0.0058823532890528449 1.0000000180025095e-35 -1.0000000180025095e-35 1.0000000180025095e-35 43.658332824707038 -0.68322628736495961 6.1833331584930429 -1.0000000180025095e-35 4 0.013725490774959328 0.88621068000793468 1.0500000119209292 -0.79382744431495655 2.3514999151229863 -0.77259656786918629 1.0000000180025095e-35 -0.017941731028258797 2.8605000972747807 -0.84874749183654774 2.2500000000000004 1.0000000180025095e-35 1.8541666865348818 -0.048361575230956071 0.013725490774959328 0.60383266210556041 -0.47558552026748652 0.05172413773834706 0.26659387350082403 0.0098039219155907648 0.021568628028035167 0.07411635667085649 1.7916666865348818 0.058037718757987029 0.0098039219155907648 1.0000000180025095e-35 7.5000000000000009 0.013725490774959328 0.017647059634327892 -0.4906590580940246 5 70.541667938232436 0.29342973232269293 -1.8541666865348814 7.5000000000000009 0.72695311903953563 -0.66527268290519703 3.5000000000000004
decision_type=2 2 10 10 9 2 2 2 9 10 2 9 9 10 10 2 10 10 10 2 2 10 10 9 2 2 2 2 2 2 2 10 2 2 2 10 10 2 2 2 2 2 2 2 2 2 2 2 2 2 2 2 2 2 9 2 2 10 2 2 2 2
left_child=1 3 46 4 5 6 7 12 10 14 29 20 15 35 -4 28 17 -15 19 -19 34 22 57 24 25 27 55 56 -1 50 -25 -13 49 38 54 -2 -28 42 39 -17 -40 -42 43 -14 45 -26 -3 -8 -41 -10 51 53 -52 -9 -12 -6 -7 -11 60 -60 -47 -39
right_child=13 2 9 -5 26 23 47 8 32 21 11 31 37 16 -16 33 -18 18 -20 -21 -22 -23 -24 30 44 -27 36 -29 -30 -31 -32 -33 -34 -35 -36 -37 -38 61 40 48 41 -43 -44 -45 -46 58 -48 -49 -50 -51 52 -53 -54 -55 -56 -57 -58 -59 59 -61 -62 -63
leaf_value=0 -4.1027295391276646e-07 0 0 1.6192460630958738e-06 0 0 0 0 0 2.7237388120004166e-09 0 0 0 6.7039664760924035e-05 0 0 -0.0015223163510327039 -4.648761792837227e-08 -4.8946983601503803e-05 -4.7764472763244099e-08 0 2.4556379508925529e-09 0 0 0 0 0 0 0 0 0 0 0 0 0 0.00036255275066005569 0 0 0 0 0 0 0 0 0 0 0 0 0 0 0 0 0 0 0 0 0 -5.1226432783868211e-10 0 0 0 0
leaf_weight=608 10446 224 216 463 75230 493 68321 269 4326 1004 351 675 9473 435 633 527 2093 217 228 450 605 3874 289 191600 3001 426 340683 5425 426 2318 100478 1854 5503 4044 279 40686 18123 1177 1477 609 380 691 20032 22573 19215 203 2483 6335 382 3473 1039 1652 283 402 768 2451658 299 240 723 209 1416 15945
leaf_count=608 10446 224 216 463 75230 493 68321 269 4326 1004 351 675 9473 435 633 527 2093 217 228 450 605 3874 289 191600 3001 426 340683 5425 426 2318 100478 1854 5503 4044 279 40686 18123 1177 1477 609 380 691 20032 22573 19215 203 2483 6335 382 3473 1039 1652 283 402 768 2451658 299 240 723 209 1416 15945
internal_value=-0.0462466 -0.0470029 -0.0145367 -0.0470888 -0.0470952 -0.0458275 -0.0443294 -0.0428359 -0.0380997 -0.00343031 -0.0308674 -0.0259643 -0.0442745 0.000820044 -0.0258863 -0.039681 -0.0057676 -0.0131767 -0.0202374 -0.0270352 -0.0178304 9.57093e-05 -0.00591487 -0.0466477 -0.044786 -0.038897 -0.0473147 -0.0398597 -0.0293182 -0.0346457 -0.0468448 -0.0322085 -0.0437496 -0.0410512 -0.0134871 0.00126105 -0.046883 -0.0448692 -0.0384493 -0.0342589 -0.0409458 -0.0348016 -0.0453311 -0.0446322 -0.0463836 -0.0440598 -0.0402041 -0.0463728 -0.0399319 -0.042057 -0.0320953 -0.0298289 -0.0360779 -0.0207489 -0.0105027 -0.0473762 -0.0310859 -0.000715434 -0.0404047 -0.036073 -0.0428984 -0.0434905
internal_weight=3.44996e+06 3.3954e+06 8963 3.38644e+06 3.38598e+06 500285 176797 102141 23797 6256 10495 4532 78344 54555 849 9144 3423 1330 895 667 2003 5407 1533 323488 31410 6643 2.88569e+06 6217 1034 5963 292078 2529 13302 8110 1398 51132 358806 69200 4066 1518 2548 1071 52078 32046 24767 5552 2707 74656 991 7799 3645 2323 1322 671 1119 2.52689e+06 792 1244 2551 932 1619 17122
internal_count=3449960 3395405 8963 3386442 3385979 500285 176797 102141 23797 6256 10495 4532 78344 54555 849 9144 3423 1330 895 667 2003 5407 1533 323488 31410 6643 2885694 6217 1034 5963 292078 2529 13302 8110 1398 51132 358806 69200 4066 1518 2548 1071 52078 32046 24767 5552 2707 74656 991 7799 3645 2323 1322 671 1119 2526888 792 1244 2551 932 1619 17122
cat_boundaries=0 4 7 9 12 16 18
cat_threshold=151127300 25692186 268435520 4 256 17303570 268435520 0 17301522 0 524288 268435456 0 8388608 0 4 0 2
is_linear=0
shrinkage=0.05


Tree=65
num_leaves=63
num_cat=0
split_feature=8 6 7 17 42 7 41 2 7 18 18 3 14 41 10 34 42 2 38 41 6 43 6 5 7 38 7 28 23 7 6 36 43 41 38 39 41 40 18 29 38 7 10 36 18 18 7 34 39 36 7 44 43 38 34 6 35 39 6 38 36 36
split_gain=48771.7 3758.93 1400.37 1356.08 758.044 986.432 307.817 180.452 163.31 129.573 88.6233 79.3315 76.7466 59.4168 50.0254 45.7538 38.2678 36.5117 35.5582 44.4896 35.8331 34.1248 29.4807 37.7455 28.7533 27.8575 90.3174 28.4353 27.4926 26.3558 25.6038 24.6252 23.2409 22.524 37.753 22.2546 21.6023 20.7659 18.8336 18.1108 17.8335 16.8283 15.0096 13.9108 12.9344 12.9035 12.6626 11.8674 11.7124 50.6867 73.6152 12.4491 11.5634 10.792 10.7195 10.6705 10.6658 10.1938 10.0881 9.79734 10.9031 9.67408
threshold=1.0000000180025095e-35 1.6500000357627871 1.0000000180025095e-35 6.1833331584930429 -0.35206145048141474 1.0500000119209292 -0.16280825436115262 1.0000000180025095e-35 0.15000000223517421 0.77500000596046459 1.5500000119209292 1.0000000180025095e-35 12.250000000000002 0.77259656786918651 0.20833333581686023 1.0500000119209292 0.032701563090086018 1.0000000180025095e-35 13.500000000000002 0.72947329282760631 1.0000000180025095e-35 0.89787620306015026 1.7500000000000002 1.0000000180025095e-35 1.5500000119209292 13.500000000000002 0.35000000894069677 0.013725490774959328 0.33437500894069677 0.25000000745058065 1.0000000180025095e-35 3.5000000000000004 0.9159645438194276 -0.52778512239456166 7.5000000000000009 0.95649999380111705 -0.52778512239456166 1.7624999880790713 22.774999618530277 9.2661633491516131 16.000000000000004 2.7500000000000004 1.7916666865348818 3.5000000000000004 2.3541666269302373 17.274999618530277 0.84999999403953563 0.55000001192092907 0.17249999940395358 4.5000000000000009 0.55000001192092907 -0.67801648378372181 0.89787620306015026 6.5000000000000009 1.0000000180025095e-35 0.55000001192092907 8.2500000000000018 0.65450000762939464 2.0499999523162846 7.5000000000000009 5.5000000000000009 9.5000000000000018
decision_type=2 2 2 10 2 2 2 10 2 10 10 10 10 2 2 2 2 10 2 2 2 2 2 10 2 2 2 2 10 2 2 2 2 2 2 2 2 2 10 2 2 2 2 2 10 10 2 2 2 2 2 2 2 2 2 2 2 2 2 2 2 2
left_child=1 2 15 42 5 6 33 16 18 11 36 13 -2 21 -14 -1 24 22 19 20 37 61 -16 -24 29 48 27 -27 -17 59 38 52 45 35 44 -4 -7 53 43 54 -29 -41 -3 -12 -35 -11 57 -23 49 -18 51 -51 -15 -8 -38 -28 -30 -31 -5 -6 -61 -10
right_child=12 3 4 58 7 10 8 -9 9 32 30 -13 14 31 17 28 25 -19 -20 -21 -22 47 23 -25 -26 26 55 40 56 46 -32 -33 -34 34 -36 -37 39 -39 -40 41 -42 -43 -44 -45 -46 -47 -48 -49 -50 50 -52 -53 -54 -55 -56 -57 -58 -59 -60 60 -62 -63
leaf_value=0 1.641429541769274e-06 0 0 0 0 0 0 -2.7504861536113353e-07 0 0 0 0 6.3687681522877821e-05 0 -0.00099962691719582318 0 0 -1.6019852647504559e-05 0 0 0 0 -4.5376249125081897e-08 -0.001461612435146166 0 0 0 0 0 0 0 0 0 0 0 0 0 0 0 0 0 0 0 0 0 0 0 0 0 0 0 0 0 0 0 0 0 0 2.3328560533479252e-09 0 0 0
leaf_weight=2831627 50973 300 4451 254 3518 1565 1939 245 2032 1284 1758 288 1509 363 256 376803 16449 459 980 2033 437 1105 733 316 10539 2329 15722 549 11566 1474 342 1425 200 980 1639 245 2569 1415 16214 272 1977 344 3077 8065 346 599 776 243 45352 363 1676 1149 203 747 2261 203 4634 684 4968 426 2108 286
leaf_count=2831627 50973 300 4451 254 3518 1565 1939 245 2032 1284 1758 288 1509 363 256 376803 16449 459 980 2033 437 1105 733 316 10539 2329 15722 549 11566 1474 342 1425 200 980 1639 245 2569 1415 16214 272 1977 344 3077 8065 346 599 776 243 45352 363 1676 1149 203 747 2261 203 4634 684 4968 426 2108 286
internal_value=-0.0462493 -0.0470007 -0.0470845 -0.0139845 -0.0425508 -0.0378841 -0.0299742 -0.0450549 -0.0259389 -0.0209741 -0.0433895 -0.017214 0.00078651 -0.0159108 -0.00663535 -0.0473126 -0.0451547 -0.0123526 -0.0312174 -0.0298923 -0.0271386 -0.0121345 -0.0166188 -0.0203313 -0.0431568 -0.0456095 -0.0440159 -0.0380458 -0.046807 -0.0410789 -0.0447175 -0.0228641 -0.0317055 -0.0381801 -0.0347681 -0.0403343 -0.0383929 -0.0256882 -0.044896 -0.0369051 -0.0417201 -0.0288312 -0.0386756 -0.0431683 -0.0284955 -0.0334267 -0.0371898 -0.00580861 -0.046119 -0.0450989 -0.0393287 -0.0313294 -0.0316873 -0.0282707 -0.0379348 -0.0458359 -0.0447901 -0.0352201 0.00198296 -0.0429643 -0.0405939 -0.0158132
internal_weight=3.44964e+06 3.3954e+06 3.3868e+06 8599 162169 56630 23240 105539 15579 8028 33390 5945 54246 5657 3273 3.22463e+06 105294 1764 7551 6571 4538 3666 1305 1049 19525 85769 20780 4855 393003 8986 26379 1991 2083 7661 2965 4696 7011 4101 26037 5446 2526 616 3377 9823 1326 1883 2934 1348 64989 19637 3188 1512 566 2686 4830 15925 16200 2158 5222 6052 2534 2318
internal_count=3449644 3395398 3386799 8599 162169 56630 23240 105539 15579 8028 33390 5945 54246 5657 3273 3224630 105294 1764 7551 6571 4538 3666 1305 1049 19525 85769 20780 4855 393003 8986 26379 1991 2083 7661 2965 4696 7011 4101 26037 5446 2526 616 3377 9823 1326 1883 2934 1348 64989 19637 3188 1512 566 2686 4830 15925 16200 2158 5222 6052 2534 2318
is_linear=0
shrinkage=0.05


Tree=66
num_leaves=63
num_cat=12
split_feature=6 1 2 17 7 3 7 9 13 28 41 28 41 27 41 0 0 13 0 34 0 35 7 43 26 43 41 0 44 31 41 26 47 20 29 29 28 18 41 0 0 41 28 0 0 34 20 47 27 0 0 26 44 27 35 34 41 0 34 40 41 28
split_gain=46130.7 3029.02 1391.47 1539.27 1264.39 449.873 436.979 369.475 159.476 146.407 150.812 153.26 105.088 97.1384 106.291 88.9844 88.3453 80.8689 48.4054 45.7538 45.1537 44.555 40.6213 40.0926 58.851 37.9673 31.7136 31.6895 31.1164 31.0795 28.256 28.1297 28.008 27.2065 26.0351 25.1429 23.7687 22.1205 20.2047 20.0834 19.5622 18.9659 18.4615 18.7947 17.9241 17.6043 15.3523 14.1358 13.8857 16.9658 13.1792 13.1747 13.0377 20.731 15.2374 12.7063 15.2226 12.4021 12.1657 12.1456 12.5617 12.0125
threshold=1.0000000180025095e-35 1.0000000180025095e-35 1.0000000180025095e-35 6.1833331584930429 1.0000000180025095e-35 1.0000000180025095e-35 1.0500000119209292 0.31312465667724615 12.183333396911623 0.055752867832779891 1.0000000180025095e-35 0.021568628028035167 -0.88144907355308522 0.046430176123976714 0.91037613153457653 0 1 5.9500000476837167 2 1.0500000119209292 3 1.0000000180025095e-35 0.15000000223517421 0.91939014196395885 0.02556225843727589 0.81428062915802013 -0.9103761315345763 4 -0.056951010599732392 0.05172413773834706 -0.47114434838294977 0.019081832841038707 0.24615390598773959 2.1833333969116215 0.95072752237319957 1.9946291446685793 0.017647059634327892 5.8541667461395273 0.63405361771583568 5 6 0.81241145730018627 0.044210137799382217 7 8 0.75000000000000011 -1.0000000180025095e-35 0.32954399287700659 0.061906902119517333 9 10 -0.008430577348917721 0.6174544394016267 0.07738362625241281 0.15000000223517421 1.0000000180025095e-35 0.41248606145381933 11 1.0000000180025095e-35 1.7624999880790713 0.47114434838294988 0.046430176123976714
decision_type=2 10 10 10 2 8 2 2 10 2 2 2 2 2 2 9 9 10 9 2 9 2 2 2 10 2 2 9 2 2 2 10 2 10 2 2 2 10 2 9 9 2 2 9 9 2 8 2 2 9 9 10 2 2 2 2 2 9 2 2 2 2
left_child=4 2 3 5 19 12 9 17 -9 10 16 13 40 55 21 25 22 -5 61 -1 29 28 -6 37 47 38 -24 -7 31 -8 -18 34 48 39 -15 59 58 50 -13 -21 -2 -27 43 -38 -16 -29 -20 57 -30 -50 -23 -34 -11 -54 -55 -12 -57 -25 -32 60 -17 -14
right_child=1 -3 -4 7 6 27 20 8 -10 52 11 15 18 14 44 35 30 -19 46 33 -22 23 26 24 -26 41 -28 45 32 -31 36 -33 51 -35 -36 -37 42 -39 -40 -41 -42 -43 -44 -45 -46 -47 -48 -49 49 -51 -52 -53 53 54 -56 56 -58 -59 -60 -61 -62 -63
leaf_value=0 0 0.0003443430416499645 -1.7620572812544921e-07 0 0 0 0 2.2162132506805285e-09 -4.31074366688278e-08 0 0 0 0 0 0 0 0 0 0 0 0 0 0 0 0 0 0 0 0 0 0 0 0 0 0 0 0 0 0 0 0 0 0 0 0 0 0 0 0 0 0 0 0 0 0 0 0 0 0 0 0 0
leaf_weight=2831627 204 42416 7595 893 2803 1066 11920 5511 786 9375 5437 690 1745 591 909 223 10865 298 325 29668 57821 1894 674 337 444 601 1212 6616 419 16486 4552 1563 334 13968 1362 570 273 1337 487 349367 1569 210 383 424 5300 896 3287 558 408 690 2519 2098 1254 601 237 271 904 439 1684 214 228 206
leaf_count=2831627 204 42416 7595 893 2803 1066 11920 5511 786 9375 5437 690 1745 591 909 223 10865 298 325 29668 57821 1894 674 337 444 601 1212 6616 419 16486 4552 1563 334 13968 1362 570 273 1337 487 349367 1569 210 383 424 5300 896 3287 558 408 690 2519 2098 1254 601 237 271 904 439 1684 214 228 206
internal_value=-0.0462501 -0.00703918 -0.0189198 -0.0249549 -0.0471028 -0.0337511 -0.0426402 -0.00626068 -0.00143044 -0.0395572 -0.0384659 -0.0361957 -0.0246606 -0.0373918 -0.0357417 -0.0258742 -0.0415468 -0.0317989 -0.0212821 -0.0473126 -0.0449776 -0.0334634 -0.0349388 -0.0307492 -0.0241873 -0.018984 -0.0293399 -0.0415254 -0.0362006 -0.043065 -0.043208 -0.0396217 -0.0331546 -0.046807 -0.0356208 -0.0365161 -0.0408297 -0.0327783 -0.0248152 -0.0468869 -0.0352609 -0.0107552 -0.0339815 -0.0291356 -0.041243 -0.0428038 -0.024757 -0.0189393 -0.027823 -0.0248679 -0.0310713 -0.0364803 -0.0446876 -0.0411185 -0.0350298 -0.042683 -0.0379681 -0.0145747 -0.0420157 -0.0302068 -0.0348614 -0.0146469
internal_weight=3.44964e+06 73413 30997 23402 3.37623e+06 15914 151601 7488 6297 65374 53907 31037 7336 27814 21202 3223 22870 1191 5563 3.22463e+06 86227 14993 4689 7528 1778 1988 1886 8578 7465 28406 18181 3516 3949 393003 1953 1235 7316 5750 1177 379035 1773 811 1080 697 6209 7512 3612 1334 1517 1098 4413 2432 11467 2092 838 6612 1175 776 6236 665 451 1951
internal_count=3449644 73413 30997 23402 3376231 15914 151601 7488 6297 65374 53907 31037 7336 27814 21202 3223 22870 1191 5563 3224630 86227 14993 4689 7528 1778 1988 1886 8578 7465 28406 18181 3516 3949 393003 1953 1235 7316 5750 1177 379035 1773 811 1080 697 6209 7512 3612 1334 1517 1098 4413 2432 11467 2092 838 6612 1175 776 6236 665 451 1951
cat_boundaries=0 3 7 11 15 19 22 26 29 33 35 38 41
cat_threshold=131328 17303576 268439552 40960 8388608 0 4 102763172 10027011 67641440 5 623255616 4188603568 2433810784 1025 1731201185 1073741829 3430944772 3 671155457 25165824 268435520 51576832 41943040 1073750272 4 0 526338 268435456 553648128 41943176 8390656 4 2048 16779288 2080 17041432 268437504 1284 26 268435456
is_linear=0
shrinkage=0.05


Tree=67
num_leaves=63
num_cat=7
split_feature=8 6 7 17 7 2 41 28 0 41 27 28 0 1 13 4 0 34 34 43 7 41 28 31 34 26 43 23 6 41 20 0 0 34 44 26 29 0 43 28 0 10 6 7 41 29 10 44 28 43 40 30 7 6 29 41 6 18 10 40 10 26
split_gain=48719 3758.93 1400.37 1356.08 400.841 254.307 160.019 164.107 124.331 120.32 126.898 69.4705 73.9288 60.5642 77.0236 60.5643 53.3997 45.7538 41.8678 52.2827 33.3881 36.7685 32.7358 31.6907 30.1664 28.412 27.7463 27.4926 23.4306 23.1475 21.321 20.1868 19.9919 19.7342 19.3032 38.0683 25.3305 18.8213 17.963 17.9598 17.6622 16.6958 16.2294 16.1578 15.9741 15.1885 15.0096 13.0976 22.524 12.9664 12.8239 10.6523 10.3347 10.1507 10.1349 10.1035 10.0881 10.0548 16.7377 16.554 11.608 10.0439
threshold=1.0000000180025095e-35 1.6500000357627871 1.0000000180025095e-35 6.1833331584930429 1.0500000119209292 1.0000000180025095e-35 1.0000000180025095e-35 0.064705885946750655 0 0.88144907355308544 0.04256099462509156 0.021568628028035167 1 1.0000000180025095e-35 12.062500000000002 -1.0000000180025095e-35 2 1.0500000119209292 1.0000000180025095e-35 0.91248813271522533 0.15000000223517421 -0.81241145730018605 0.050299357622861869 0.05172413773834706 1.0000000180025095e-35 0.02556225843727589 0.81428062915802013 0.33437500894069677 2.7500000000000004 -0.47114434838294977 12.583333492279055 3 4 0.75000000000000011 -0.074115883558988557 0.01613591052591801 0.96581566333770763 5 0.40614137053489691 0.025490196421742443 6 14.375000000000002 1.0000000180025095e-35 0.15000000223517421 0.93540480732917797 10.628359794616701 1.7916666865348818 0.6174544394016267 0.10000000149011613 0.92922380566596996 1.7624999880790713 0.048544974997639663 0.35000000894069677 1.1500000357627871 0.38345490396022802 0.63405361771583568 2.0499999523162846 0.27500000596046453 24.625000000000004 2.3645000457763676 17.875000000000004 -0.020517584867775437
decision_type=2 2 2 10 2 10 2 2 9 2 2 2 9 10 10 10 9 2 2 2 2 2 2 2 2 10 2 10 2 2 10 9 9 2 2 10 2 9 2 2 9 2 2 2 2 2 2 2 2 2 2 2 2 2 2 2 2 10 2 2 2 10
left_child=1 2 17 46 5 6 8 9 20 10 39 18 22 14 -2 -16 23 -1 34 32 -4 -22 26 -6 -10 40 55 37 -17 -26 -30 52 33 -20 35 36 49 -19 -14 -8 -21 -25 -18 -36 54 51 -3 -9 -49 -12 -40 -45 -11 57 -33 -13 -5 58 59 -43 -61 -38
right_child=13 3 4 56 16 -7 7 47 24 31 11 12 38 -15 15 28 42 27 19 25 21 -23 -24 41 29 -27 -28 -29 30 -31 -32 44 -34 -35 43 -37 61 -39 50 -41 -42 53 -44 45 -46 -47 -48 48 -50 -51 -52 -53 -54 -55 -56 -57 -58 -59 -60 60 -62 -63
leaf_value=0 -4.7191932364740161e-07 0 0 0 0 -2.5248589818680438e-07 0 0 0 0 0 0 0 0.00032712588956746656 6.0505452818567376e-05 -4.1043997972488072e-08 0 0 0 0 0 0 0 0 0 0 0 0 -4.0952064835386405e-08 0 -4.0952064835386405e-08 0 0 0 0 0 0 0 0 0 0 0 0 0 0 0 0 0 0 0 0 0 0 0 0 0 2.105402588146502e-09 0 0 0 0 0
leaf_weight=2831627 10782 300 2894 254 10558 405 4118 6149 20554 1152 656 599 559 42416 346 204 60032 29356 1447 603 1019 1251 435 2874 4846 240 578 16200 200 2825 298 445 2080 841 2331 2163 637 347447 359 272 492 308 610 954 6030 485 3077 329 1080 292 201 1091 311 224 2041 271 4968 7984 4675 236 228 1405
leaf_count=2831627 10782 300 2894 254 10558 405 4118 6149 20554 1152 656 599 559 42416 346 204 60032 29356 1447 603 1019 1251 435 2874 4846 240 578 16200 200 2825 298 445 2080 841 2331 2163 637 347447 359 272 492 308 610 954 6030 485 3077 329 1080 292 201 1091 311 224 2041 271 4968 7984 4675 236 228 1405
internal_value=-0.0462497 -0.0470007 -0.0470845 -0.0139845 -0.0425508 -0.0398522 -0.0400684 -0.0379615 -0.0426331 -0.0364431 -0.0344618 -0.0326675 -0.0256979 0.000760701 -0.00240279 -0.0153435 -0.0448407 -0.0473126 -0.0339987 -0.0305791 -0.0350773 -0.0306057 -0.0192776 -0.0427255 -0.0439875 -0.0219195 -0.0157666 -0.046807 -0.0237821 -0.0413274 -0.0296285 -0.0410314 -0.0332257 -0.0292124 -0.0359462 -0.0380783 -0.0344231 -0.0468937 -0.0360075 -0.0421128 -0.0185046 -0.0413744 -0.0457709 -0.033686 -0.0421546 -0.030919 -0.0386756 -0.044609 -0.0402608 -0.0276688 -0.03 -0.0328056 -0.0339732 -0.0406454 -0.0388315 -0.021408 0.00198296 -0.0408214 -0.0391651 -0.0323446 -0.0263793 -0.0375588
internal_weight=3.44964e+06 3.3954e+06 3.3868e+06 8599 162169 74440 74035 40646 33389 33088 23109 18719 3002 54246 11830 1048 87729 3.22463e+06 15717 5703 5164 2270 1883 27087 28225 1335 1448 393003 702 7671 498 9979 4368 2288 10014 5153 2990 376803 1119 4390 1095 16529 60642 4861 8516 2530 3377 7558 1409 948 560 2045 1463 13655 2486 870 5222 13431 5447 772 464 2042
internal_count=3449644 3395398 3386799 8599 162169 74440 74035 40646 33389 33088 23109 18719 3002 54246 11830 1048 87729 3224630 15717 5703 5164 2270 1883 27087 28225 1335 1448 393003 702 7671 498 9979 4368 2288 10014 5153 2990 376803 1119 4390 1095 16529 60642 4861 8516 2530 3377 7558 1409 948 560 2045 1463 13655 2486 870 5222 13431 5447 772 464 2042
cat_boundaries=0 4 7 11 15 18 21 24
cat_threshold=2138112 8388608 1610612736 4 131328 17303576 268439552 623124544 4188602544 2417033568 1 16777216 41943176 8390656 132 536905732 33556634 268437568 671155457 25165824 268435520 1284 2074 268435520
is_linear=0
shrinkage=0.05


Tree=68
num_leaves=63
num_cat=13
split_feature=6 7 42 0 5 5 9 41 0 18 42 0 17 0 17 6 42 7 9 7 6 9 17 9 9 7 7 9 0 0 42 42 0 0 13 6 9 43 18 0 19 42 42 43 41 17 33 9 0 17 0 7 41 41 0 6 41 9 28 0 43 44
split_gain=46316 1264.39 729.692 1135.93 461.122 700.118 777.819 467.845 433.78 406.251 405.826 342.465 198.87 154.391 133.093 117.675 115.035 103.303 88.684 85.5504 84.6686 123.237 100.85 96.9929 83.3408 82.0851 74.8068 73.4522 73.4232 62.4325 249.576 151.294 127.286 121.79 61.4259 55.3087 116.897 54.6355 52.127 59.7501 51.4346 42.7498 40.5579 40.3773 39.8175 37.6146 36.626 34.265 32.618 68.9038 31.5715 31.3226 30.3146 28.3012 26.7569 26.4306 25.2429 24.207 23.7901 22.9963 22.0159 21.2031
threshold=1.0000000180025095e-35 1.0000000180025095e-35 -0.35206145048141474 0 1.0000000180025095e-35 -1.0000000180025095e-35 0.0082167778164150568 -0.77259656786918629 1 0.77500000596046459 -0.16280825436115262 2 6.2750000953674325 3 6.1833331584930429 0.15000000223517421 -0.68322628736495961 0.55000001192092907 0.11356651410460473 2.5499999523162846 0.15000000223517421 0.050306759774684913 6.3875000476837167 0.17688404023647311 0.31312465667724615 0.15000000223517421 0.15000000223517421 0.31312465667724615 4 5 -0.52778512239456166 0.35206145048141485 6 7 12.062500000000002 0.15000000223517421 0.050306759774684913 0.67802080512046825 9.0500001907348651 8 3.5000000000000004 0.35206145048141485 0.032701563090086018 0.2603727281093598 1.0000000180025095e-35 5.7750000953674325 1.0000000180025095e-35 0.16243469715118411 9 5.8541667461395273 10 0.35000000894069677 -0.097964655607938753 -0.93540480732917775 11 0.15000000223517421 -0.41248606145381922 0.49910303950309759 0.013725490774959328 12 0.3744682669639588 0.7372151017189027
decision_type=2 2 2 9 10 8 2 2 9 10 2 9 10 9 10 2 2 2 2 2 2 2 10 2 2 2 2 2 9 9 2 2 9 9 10 2 2 2 10 9 2 2 2 2 2 10 2 2 9 10 9 2 2 2 9 2 2 2 2 9 2 2
left_child=1 46 3 9 5 -2 -7 8 10 16 15 17 35 14 41 50 28 26 -17 56 29 -22 23 -23 -24 -18 52 -14 -3 31 33 -15 -32 -31 -26 -12 -37 -30 39 44 43 47 -13 -27 -5 -20 -1 -9 49 -10 -8 60 -4 -52 -48 -43 -11 -16 -21 -58 -46 -57
right_child=4 2 11 38 -6 6 7 13 48 19 12 42 27 20 57 18 25 -19 45 58 21 22 24 -25 34 40 -28 -29 37 30 32 -33 -34 -35 -36 36 -38 -39 -40 -41 -42 55 -44 -45 51 -47 54 -49 -50 -51 53 -53 -54 -55 -56 61 59 -59 -60 -61 -62 -63
leaf_value=0 3.9158259824253498e-07 0 0 0 9.9121254591846847e-05 0.00031076959508909293 0 0 0 0 0 0 0 0 -1.5785012109413187e-08 0 0 0 0 0 0.00031076959508909293 0 0 0 2.0001324587391774e-09 0 0 -8.2386058047448803e-09 0 0 0 0 0.00031076959508909293 0 -3.8904461593617088e-08 -2.3095231107199691e-07 0 0 0 0 0 0 0 0 0 -3.4895398904650772e-08 0 0 0 -3.4895398904650772e-08 -4.6190486304615253e-07 0 0 0 0 0 0 -6.6533908094451111e-09 0 0 0 0
leaf_weight=2528342 14925 2645 2403 770 13836 7892 264 805 463 942 2682 16639 234 2312 212 1614 1834 1990 567 746 4095 2099 562 2278 2799 676 1175 492 3060 725 227 550 1692 1592 339 351 2186 2992 18706 9412 528 255 75090 1948 261 276 71303 1102 2352 694 431 805 1251 794 624985 626 1780 820 3664 1718 566 270
leaf_count=2528342 14925 2645 2403 770 13836 7892 264 805 463 942 2682 16639 234 2312 212 1614 1834 1990 567 746 4095 2099 562 2278 2799 676 1175 492 3060 725 227 550 1692 1592 339 351 2186 2992 18706 9412 528 255 75090 1948 261 276 71303 1102 2352 694 431 805 1251 794 624985 626 1780 820 3664 1718 566 270
internal_value=-0.0462484 -0.0471028 -0.0426402 -0.0379124 -0.00695882 -0.00886848 -0.0120021 -0.0150598 -0.0225075 -0.0293425 -0.027858 -0.0451854 -0.0361375 -0.0107877 -0.0196159 -0.0154549 -0.0239562 -0.0341196 -0.00873321 -0.0377034 -0.00889912 -0.00637282 -0.00995512 -0.015092 -0.00387838 -0.030011 -0.030219 -0.0116185 -0.0204849 -0.0132439 -0.0171008 -0.00744951 -0.00380537 -0.0281862 -0.000702677 -0.0395483 -0.034256 -0.0173326 -0.0442155 -0.0416298 -0.0251174 -0.0249035 -0.0459993 -0.0222523 -0.0337666 -0.0218772 -0.0473126 -0.0203107 -0.00732523 -0.0141881 -0.0265463 -0.0294853 -0.0337479 -0.0225 -0.0469914 -0.032513 -0.0328041 -0.0041376 -0.0426361 -0.0308476 -0.0226511 -0.028471
internal_weight=3.44964e+06 3.37623e+06 151601 53053 73413 59577 44652 36760 13400 22533 9891 98548 5945 23360 4090 3946 13683 6819 2457 8850 19270 12172 8077 4377 3700 4986 4829 726 8697 7098 4236 2862 1919 2317 3138 5219 2537 6052 30520 11814 3152 3058 91729 2624 2402 843 3.22463e+06 1907 3509 1157 1489 1632 3654 1225 696288 1151 4440 1032 4410 3498 827 896
internal_count=3449644 3376231 151601 53053 73413 59577 44652 36760 13400 22533 9891 98548 5945 23360 4090 3946 13683 6819 2457 8850 19270 12172 8077 4377 3700 4986 4829 726 8697 7098 4236 2862 1919 2317 3138 5219 2537 6052 30520 11814 3152 3058 91729 2624 2402 843 3224630 1907 3509 1157 1489 1632 3654 1225 696288 1151 4440 1032 4410 3498 827 896
cat_boundaries=0 3 7 11 15 18 21 24 27 31 35 37 40 43
cat_threshold=264452 19728538 268437856 2687634692 55314618 268437872 3 17039360 278921216 0 4 1213382656 1078263984 3222275360 128 260 2424960 96 536874020 2050 268435520 256 17301512 2048 256 17301512 8390656 1075979328 168957760 7528579 185 1308672051 1073795073 2751988740 192 131072 262152 671286529 25690114 268435520 2304 17104920 64
is_linear=0
shrinkage=0.05


Tree=69
num_leaves=63
num_cat=4
split_feature=8 6 17 0 5 42 28 0 41 29 44 45 14 6 0 41 1 4 5 49 28 39 44 40 6 32 0 28 34 44 41 38 45 30 44 41 1 28 28 14 28 32 34 9 28 28 44 40 32 28 32 28 44 6 41 32 44 44 44 6 30 32
split_gain=48792.7 3831.02 1423.53 399.076 325.871 234.608 222.264 161.62 131.197 108.144 158.533 122.705 59.5568 56.8218 49.8362 49.6199 45.1137 51.8218 43.5708 49.5673 39.0745 57.6813 41.2839 47.231 37.2511 36.2301 32.6335 120.722 32.1555 30.7174 27.352 31.3014 39.0227 26.7993 24.6844 24.4063 23.241 22.8511 22.5028 21.5748 21.5691 26.482 21.4291 21.2349 20.382 15.6068 15.5634 15.2714 29.847 14.6305 14.8359 13.5792 16.7727 13.3059 13.64 13.1746 16.3416 13.623 14.4309 11.3029 10.332 10.1514
threshold=1.0000000180025095e-35 1.3499999642372134 6.1833331584930429 0 -1.0000000180025095e-35 -0.22695468366146085 0.044210137799382217 1 -0.35206145048141474 0.96581566333770763 0.39629089832305914 1.0000000180025095e-35 12.250000000000002 1.0000000180025095e-35 2 0.81241145730018627 1.0000000180025095e-35 -1.0000000180025095e-35 -1.0000000180025095e-35 43.658332824707038 0.017647059634327892 0.26199999451637274 -0.82413947582244862 2.4650000333786015 1.0000000180025095e-35 0.086206898093223586 3 0.013725490774959328 1.0500000119209292 0.60383266210556041 0.81241145730018627 6.5000000000000009 1.0000000180025095e-35 0.089446838945150389 -0.96234029531478871 -0.9103761315345763 1.0000000180025095e-35 0.013725490774959328 0.013725490774959328 8.2500000000000018 0.0098039219155907648 0.086206898093223586 0.15000000223517421 0.34741449356079107 0.058037718757987029 0.0098039219155907648 -0.25206183642148966 2.4650000333786015 0.05172413773834706 0.021568628028035167 1.0000000180025095e-35 0.0098039219155907648 -0.10837475582957266 1.0000000180025095e-35 -0.47114434838294977 1.0000000180025095e-35 0.77652049064636242 -0.31800055503845209 0.56191161274909984 1.0000000180025095e-35 0.018947044387459758 1.0000000180025095e-35
decision_type=2 2 10 9 8 2 2 9 2 2 2 2 10 2 9 2 10 10 10 2 2 2 2 2 2 2 9 2 2 2 2 2 2 2 2 2 10 2 2 10 2 2 2 2 2 2 2 2 2 2 2 2 2 2 2 2 2 2 2 2 2 2
left_child=1 3 -3 4 -1 6 7 53 13 10 11 14 36 -9 15 -10 17 -14 -19 -20 21 25 23 -22 28 29 27 34 -5 30 31 32 33 -11 -7 -15 -2 -27 46 -30 -23 61 -28 -4 -8 -31 -33 -13 -49 50 -29 52 -36 -6 -55 57 -57 -53 -59 -44 -16 -42
right_child=12 2 43 24 5 26 44 8 9 20 -12 47 16 35 60 -17 -18 18 19 -21 22 40 -24 -25 -26 37 42 49 39 45 -32 38 -34 -35 51 -37 -38 -39 -40 -41 41 -43 59 -45 -46 -47 -48 48 -50 -51 -52 55 -54 54 -56 56 -58 58 -60 -61 -62 -63
leaf_value=-2.5944073318959092e-07 -4.4900106945453712e-07 0 0 0 0 0 0 0 0 0 0 0 5.7482125400718695e-05 0 0 0 -0.001409568512202127 -7.7470960176764488e-05 -3.3772900186232802e-08 -3.8904461593617088e-08 0 0 0 0 0 0 0 0 0 0 0 0 0 0 0 0 0.00029523111533463834 0 0 0 0 0 0 1.9001258358022187e-09 0 0 0 0 0 0 0 0 0 0 0 0 0 0 0 0 0 0
leaf_weight=392 10520 3651 233 2526193 43687 237 80195 23246 762 518 4808 3094 416 287 547 243 1963 221 203 470 1096 5138 10621 232 1256 1385 218069 302 349518 1372 1933 327 3837 514 1179 643 40453 1944 206 9079 1165 1790 45134 5163 9156 1839 331 332 357 17303 4593 340 2518 341 1364 612 570 257 295 818 2001 2375
leaf_count=392 10520 3651 233 2526193 43687 237 80195 23246 762 518 4808 3094 416 287 547 243 1963 221 203 470 1096 5138 10621 232 1256 1385 218069 302 349518 1372 1933 327 3837 514 1179 643 40453 1944 206 9079 1165 1790 45134 5163 9156 1839 331 332 357 17303 4593 340 2518 341 1364 612 570 257 295 818 2001 2375
internal_value=-0.0462419 -0.0469935 -0.0145001 -0.0470803 -0.0457478 -0.0457844 -0.0444996 -0.0430782 -0.0415479 -0.0400605 -0.0359717 -0.0313468 0.000804022 -0.0445653 -0.0246742 -0.0147167 -0.00573404 -0.0129198 -0.0197036 -0.026029 -0.0414164 -0.0402798 -0.0437633 -0.0354518 -0.047311 -0.0382046 -0.0466975 -0.0446922 -0.0473149 -0.0368077 -0.0350881 -0.0333538 -0.0349101 -0.0262791 -0.0384204 -0.0324462 0.00122383 -0.0427688 -0.0245833 -0.0468719 -0.0430961 -0.0408677 -0.0469083 0.00181431 -0.0463819 -0.0409133 -0.0200684 -0.0376137 -0.0308817 -0.0464098 -0.0439964 -0.0390699 -0.0408865 -0.0455183 -0.041195 -0.0358317 -0.0392936 -0.0312444 -0.0263949 -0.0459288 -0.0284324 -0.0383616
internal_weight=3.44964e+06 3.3954e+06 9047 3.38635e+06 500305 499913 207686 118335 72943 48767 12144 7336 54246 24176 3553 1005 3273 1310 894 673 36623 24674 11949 1328 2.88605e+06 14206 292227 28206 2.88479e+06 10877 7666 5733 4869 1032 6008 930 50973 3329 864 358597 10468 5330 264021 5396 89351 3211 658 3783 689 22198 4895 5771 3697 45392 1705 2074 1182 892 552 45952 2548 3540
internal_count=3449644 3395398 9047 3386351 500305 499913 207686 118335 72943 48767 12144 7336 54246 24176 3553 1005 3273 1310 894 673 36623 24674 11949 1328 2886046 14206 292227 28206 2884790 10877 7666 5733 4869 1032 6008 930 50973 3329 864 358597 10468 5330 264021 5396 89351 3211 658 3783 689 22198 4895 5771 3697 45392 1705 2074 1182 892 552 45952 2548 3540
cat_boundaries=0 4 8 10 14
cat_threshold=151127300 25692186 268435520 4 151127040 8388608 0 4 0 17301520 0 8388608 0 4
is_linear=0
shrinkage=0.05


Tree=70
num_leaves=63
num_cat=0
split_feature=8 9 7 18 42 7 7 15 2 41 41 43 18 42 40 38 14 21 18 3 34 9 10 4 2 5 49 15 21 38 7 28 41 20 19 35 9 41 42 41 29 10 37 37 7 19 41 44 37 7 18 41 43 41 31 36 36 9 18 2 18 37
split_gain=48936.2 3802.5 1489.27 1031.59 784.901 1027.79 206.689 204.852 154.004 139.314 118.228 116.461 101.169 66.4228 71.4968 86.4307 57.9453 52.069 51.7738 48.4465 44.9435 43.9414 40.18 32.7519 33.5198 35.3625 31.1112 27.4612 73.5161 27.1478 103.027 27.0185 25.3596 24.9931 23.5802 22.9747 22.2641 115.814 30.5448 33.5024 19.477 18.2571 17.5422 33.4224 102.719 17.118 17.7325 15.601 15.5409 15.4477 14.7547 13.8734 13.4288 13.1868 13.1634 12.8501 11.7758 11.5933 11.4231 10.7303 10.2461 10.246
threshold=1.0000000180025095e-35 0.29920159280300146 1.0000000180025095e-35 6.1833331584930429 -0.16280825436115262 0.84999999403953563 0.15000000223517421 1.0000000180025095e-35 1.0000000180025095e-35 -0.16280825436115262 0.88144907355308544 0.83849048614501964 5.3541667461395273 -0.84874749183654774 1.7624999880790713 7.5000000000000009 13.750000000000002 -0.35416667163372034 0.77500000596046459 1.0000000180025095e-35 1.0500000119209292 0.0082167778164150568 1.0000000180025095e-35 -1.0000000180025095e-35 1.0000000180025095e-35 1.0000000180025095e-35 54.866666793823249 6.0499999523162851 -1.0000000180025095e-35 13.500000000000002 0.35000000894069677 0.013725490774959328 -0.63405361771583546 2.3541666269302373 2.5000000000000004 1.1500000357627871 0.0082167778164150568 -0.93540480732917775 -0.58216583728790272 0.52778512239456188 9.8684887886047381 1.7916666865348818 2.8605000972747807 3.9864999055862431 0.55000001192092907 3.5000000000000004 0.93540480732917797 -0.67801648378372181 6.7225000858306894 2.7500000000000004 22.774999618530277 0.72947329282760631 0.48314048349857336 0.63405361771583568 0.05172413773834706 3.5000000000000004 3.5000000000000004 0.0082167778164150568 0.38750000298023229 1.0000000180025095e-35 0.18333333730697635 2.8605000972747807
decision_type=2 2 2 10 2 2 2 10 10 2 2 2 8 2 2 2 10 10 10 10 2 2 2 10 10 10 2 10 10 2 2 2 2 10 2 2 2 2 2 2 2 2 2 2 2 2 2 2 2 2 10 2 2 2 2 2 2 2 10 10 10 2
left_child=1 2 20 41 5 6 13 17 29 -8 11 18 32 14 15 57 59 -5 19 34 -1 50 -18 -24 25 26 -25 28 -9 42 31 -31 -7 -22 51 -13 38 -38 39 -15 54 -3 -6 44 47 46 52 -44 -33 -42 56 -11 -12 -36 -34 -20 -14 60 -16 -2 -4 -17
right_child=16 3 4 7 8 12 9 27 -10 10 45 35 21 36 58 61 22 -19 55 -21 33 -23 23 24 -26 -27 -28 -29 -30 30 -32 48 40 -35 53 -37 37 -39 -40 -41 49 -43 43 -45 -46 -47 -48 -49 -50 -51 -52 -53 -54 -55 -56 -57 -58 -59 -60 -61 -62 -63
leaf_value=0 -3.0145643615576014e-07 0 0 0 0 0 0 -8.71744429947707e-11 -2.4646869653011133e-07 0 0 0 0 0 0 0 0.18773993358770383 0 0 0 0 0 -0.0013430891321210472 -3.5011946937954819e-08 -3.6453849175599092e-06 -0.0013411709954041179 -3.6959238513936232e-08 1.8051195440121077e-09 0 0 0 0 0 0 0 0 0 0 0 0 0 0 0 0 0 0 0 0 0 0 0 0 0 0 0 0 0 0 0 9.6557653988924813e-06 0 0
leaf_weight=2831751 10350 224 1562 203 53336 2441 3414 1210 206 1094 259 1897 1642 1230 993 755 1237 621 375 245 379470 327 644 210 256 270 382 3949 289 2669 17986 2219 2220 13545 591 591 326 931 4001 2099 374 2556 457 13575 3110 378 1254 1315 646 417 18763 532 600 382 5443 1040 7729 207 378 40950 547 1181
leaf_count=2831751 10350 224 1562 203 53336 2441 3414 1210 206 1094 259 1897 1642 1230 993 755 1237 621 375 245 379470 327 644 210 256 270 382 3949 289 2669 17986 2219 2220 13545 591 591 326 931 4001 2099 374 2556 457 13575 3110 378 1254 1315 646 417 18763 532 600 382 5443 1040 7729 207 378 40950 547 1181
internal_value=-0.046239 -0.0469921 -0.0470786 -0.0146288 -0.0423967 -0.0382132 -0.0306733 -0.00339126 -0.0452968 -0.0260251 -0.0228356 -0.0193986 -0.0433596 -0.0348118 -0.0305873 -0.0337888 0.00085264 -0.0266262 -0.0244195 -0.0205309 -0.0473134 -0.0449281 -0.0059028 -0.010752 -0.0159258 -0.0206439 -0.0274831 0.000122981 -0.00563876 -0.0453901 -0.0439158 -0.0379499 -0.0392623 -0.0468124 -0.0185273 -0.0108039 -0.037578 -0.03143 -0.0386323 -0.0350939 -0.0379661 -0.039982 -0.0458731 -0.0445445 -0.0409965 -0.0321447 -0.0303916 -0.0313883 -0.041322 -0.0304962 -0.0451399 -0.0148432 -0.0248574 -0.024684 -0.0387371 -0.032235 -0.0435196 -0.0272712 -0.0206583 0.00124756 -0.0261629 -0.0415857
internal_weight=3.44985e+06 3.39556e+06 3.3865e+06 9052 161737 66218 26862 6272 95519 12652 9238 6747 39356 14210 5623 4252 54299 824 4259 2844 3.22477e+06 28461 2999 1762 1118 862 592 5448 1499 95313 23520 5534 10895 393015 2599 2488 8587 1257 7330 3329 8454 2780 71793 18457 4882 2491 2113 1772 2865 791 28134 1626 859 973 7663 1415 9371 2316 1371 51300 2109 1936
internal_count=3449854 3395555 3386503 9052 161737 66218 26862 6272 95519 12652 9238 6747 39356 14210 5623 4252 54299 824 4259 2844 3224766 28461 2999 1762 1118 862 592 5448 1499 95313 23520 5534 10895 393015 2599 2488 8587 1257 7330 3329 8454 2780 71793 18457 4882 2491 2113 1772 2865 791 28134 1626 859 973 7663 1415 9371 2316 1371 51300 2109 1936
is_linear=0
shrinkage=0.05


Tree=71
num_leaves=63
num_cat=10
split_feature=6 1 7 5 17 42 0 18 3 0 6 4 42 13 7 7 10 43 4 7 10 7 19 42 0 41 0 42 0 0 42 0 14 23 18 43 7 41 28 41 41 40 28 7 42 41 19 41 18 43 7 7 0 41 6 7 0 26 7 0 7 7
split_gain=47148.6 2759.3 1278.46 1235.43 1610.22 747.428 1138.83 494.414 451.032 343.216 182.538 179.513 118.446 109.904 102.718 91.5226 78.177 77.2472 76.1414 73.0191 59.5034 55.3846 51.0445 45.8793 62.7376 44.4003 39.7522 39.2831 37.8645 37.6895 36.7177 35.0736 34.5553 32.2554 32.0658 29.5219 29.2418 26.5185 25.7327 23.0217 22.3282 21.8501 21.6213 27.0831 32.5468 20.9231 20.3541 20.2294 20.1409 18.7857 18.5822 30.6358 17.661 15.8355 15.3137 15.1334 14.8729 14.7529 14.2858 14.093 13.9863 21.9762
threshold=1.0000000180025095e-35 1.0000000180025095e-35 1.0000000180025095e-35 -1.0000000180025095e-35 6.0499999523162851 -0.35206145048141474 0 0.77500000596046459 1.0000000180025095e-35 1 1.3499999642372134 -1.0000000180025095e-35 -0.68322628736495961 12.562500000000002 1.5500000119209292 0.84999999403953563 1.2916666865348818 0.66527691483497631 -1.0000000180025095e-35 0.15000000223517421 5.2916667461395273 0.15000000223517421 3.5000000000000004 -0.16280825436115262 2 0.72947329282760631 3 -0.032701563090086067 4 5 -0.16280825436115262 6 6.2500000000000009 0.25089286267757421 9.0500001907348651 0.30983042716979986 0.45000000298023229 -0.097964655607938753 0.013725490774959328 -0.41248606145381922 -0.2901292592287063 2.3645000457763676 0.051905291154980666 0.25000000745058065 -0.84874749183654774 -0.93540480732917775 2.5000000000000004 -0.98611506819725026 2.4500000476837163 0.49812944233417517 2.1499999761581425 0.15000000223517421 7 0.09796465560793878 0.15000000223517421 0.35000000894069677 8 0.0071943989023566255 0.25000000745058065 9 1.0500000119209292 0.15000000223517421
decision_type=2 10 2 8 10 2 9 10 8 9 2 10 2 10 2 2 2 2 10 2 2 2 2 2 9 2 9 2 9 9 2 9 10 10 10 2 2 2 2 2 2 2 2 2 2 2 2 2 8 2 2 2 9 2 2 2 9 10 2 9 2 2
left_child=2 3 33 -2 8 6 7 12 11 14 32 -5 17 -12 21 39 -13 29 -15 -14 -18 37 25 24 45 -21 -19 48 47 50 31 54 59 -1 52 -27 -23 46 41 -9 -25 -17 43 44 -28 -10 49 -22 -11 -7 51 -4 55 -33 -30 -8 -37 -39 -58 -6 61 -31
right_child=1 -3 5 4 10 9 34 15 23 27 13 16 19 18 -16 38 20 26 -20 22 28 36 -24 40 -26 35 42 -29 30 60 -32 53 -34 -35 -36 56 -38 57 -40 -41 -42 -43 -44 -45 -46 -47 -48 -49 -50 -51 -52 -53 -54 -55 -56 -57 58 -59 -60 -61 -62 -63
leaf_value=0 -4.4002862737866158e-07 0.00027998677129796172 0 5.3803970369637414e-06 0 0 0 0 0 0 1.7148635668115022e-09 7.0572064918776774e-09 0 0.00012176247573673513 0 0 0 0 -3.4866235133720954e-08 0 0 0 0 0 0 0 0 0 0 0 0 0 0 0 0 0 0 0 0 0 0 0 0 0 0 0 0 0 0 0 0 0 0 0 -8.2163698699155701e-07 0 0 0 0 -1.5538479754454648e-05 0 0
leaf_weight=3174123 7594 42482 1025 684 311 812 493 674 263 6420 5691 249 1963 258 1702 1440 497 1399 483 299 228 1152 522 4719 2522 581 1226 77771 600 1368 1391 722 254 50643 17862 812 298 676 4624 2837 655 394 223 1114 572 463 1382 2227 7417 288 296 628 9719 258 543 682 271 610 742 469 474 757
leaf_count=3174123 7594 42482 1025 684 311 812 493 674 263 6420 5691 249 1963 258 1702 1440 497 1399 483 299 228 1152 522 4719 2522 581 1226 77771 600 1368 1391 722 254 50643 17862 812 298 676 4624 2837 655 394 223 1114 572 463 1382 2227 7417 288 296 628 9719 258 543 682 271 610 742 469 474 757
internal_value=-0.0462397 -0.00663978 -0.0471025 -0.0179611 -0.0236293 -0.042614 -0.0378259 -0.0297904 -0.0325665 -0.0451895 -0.00445151 -0.0235103 -0.0238348 -0.00131685 -0.0341991 -0.0383466 -0.0259959 -0.0203914 -0.0194298 -0.0298603 -0.0270546 -0.0307695 -0.0252347 -0.0403381 -0.0356466 -0.0224723 -0.015773 -0.0460109 -0.0256705 -0.0249956 -0.0291331 -0.0250789 -0.0239507 -0.0473134 -0.0445738 -0.020214 -0.0224655 -0.033965 -0.0418791 -0.0318492 -0.0431736 -0.0368675 -0.0125 -0.0113908 -0.0151863 -0.0215829 -0.0369843 -0.0205122 -0.0435613 -0.0319091 -0.0193096 -0.0173427 -0.0424513 -0.0322222 -0.0185104 -0.0346097 -0.017089 -0.0281376 -0.0212292 -0.0291667 -0.0290734 -0.0274529
internal_weight=3.44985e+06 73563 3.37629e+06 31081 23487 151525 52997 24241 16021 98528 7466 7399 14272 6432 6920 9969 6715 9082 741 5190 6466 5218 3227 8622 3248 2705 4534 91608 5969 4548 3514 2123 1034 3.22477e+06 28756 2406 1450 3768 6458 3511 5374 1834 3135 2912 1798 726 2482 2455 13837 1100 1949 1653 10894 980 1143 1175 1825 1286 1013 780 2599 2125
internal_count=3449854 73563 3376291 31081 23487 151525 52997 24241 16021 98528 7466 7399 14272 6432 6920 9969 6715 9082 741 5190 6466 5218 3227 8622 3248 2705 4534 91608 5969 4548 3514 2123 1034 3224766 28756 2406 1450 3768 6458 3511 5374 1834 3135 2912 1798 726 2482 2455 13837 1100 1949 1653 10894 980 1143 1175 1825 1286 1013 780 2599 2125
cat_boundaries=0 4 8 12 16 20 23 27 31 34 38
cat_threshold=265476 288163994 268437856 1 17039360 276824064 0 4 1142950948 17303570 2415919168 3 260 2424840 96 1 119626276 12583057 2149071952 4 0 2074 268435456 2684355841 17301506 268435488 1 2149711936 134354752 1220611 152 1284 2184 320 553781280 8388624 64 4
is_linear=0
shrinkage=0.05


Tree=72
num_leaves=63
num_cat=0
split_feature=8 9 7 17 42 7 7 2 41 41 18 18 3 42 40 38 14 35 10 9 41 19 4 2 9 5 42 23 28 38 37 37 7 7 9 9 41 42 41 37 41 29 19 18 35 7 41 18 18 44 44 40 36 9 18 39 40 40 29 37 29 19
split_gain=48905.7 4100.14 1503.45 1425.65 788.391 1064.77 198.503 130.074 127.301 119.307 128.452 93.7362 90.5914 66.2197 73.8997 86.4307 48.7897 40.6716 34.034 33.53 29.1565 28.2029 27.8221 28.0972 28.03 40.7725 26.8812 26.8579 26.7928 63.0995 32.8293 40.8615 41.4325 29.4005 25.9111 25.0514 111.897 30.5448 33.5024 24.6307 21.9533 19.8557 17.6248 17.2892 16.4209 16.3344 16.0603 15.5315 14.928 14.9222 14.2433 13.9355 12.6957 12.5748 25.4115 11.9619 13.1455 37.134 17.2601 12.2275 12.0163 11.961
threshold=1.0000000180025095e-35 0.13240411877632144 1.0000000180025095e-35 6.1833331584930429 -0.16280825436115262 1.0500000119209292 0.15000000223517421 1.0000000180025095e-35 -0.16280825436115262 0.88144907355308544 0.55000001192092907 5.3541667461395273 1.0000000180025095e-35 -0.84874749183654774 1.7624999880790713 7.5000000000000009 13.750000000000002 2.0499999523162846 1.0000000180025095e-35 0.31312465667724615 0.72947329282760631 3.5000000000000004 -1.0000000180025095e-35 1.0000000180025095e-35 0.37777261435985571 0.45000000298023229 -0.16280825436115262 0.33437500894069677 0.013725490774959328 21.500000000000004 2.8605000972747807 3.3805000782012944 1.0500000119209292 0.35000000894069677 0.0082167778164150568 0.0082167778164150568 -0.93540480732917775 -0.58216583728790272 0.52778512239456188 3.3805000782012944 -0.63405361771583546 9.8684887886047381 2.5000000000000004 0.14583333581686023 2.5499999523162846 2.7500000000000004 0.93540480732917797 22.774999618530277 19.562500000000004 0.81304046511650097 -0.39827153086662287 1.5534999966621401 3.5000000000000004 0.0082167778164150568 5.3541667461395273 0.098000001162290587 2.3645000457763676 2.6054999828338627 0.67181879281997692 2.8605000972747807 2.0751926898956303 2.5000000000000004
decision_type=2 2 2 10 2 2 2 10 2 2 10 8 10 2 2 2 10 2 2 2 2 2 10 10 2 10 2 10 2 2 2 2 2 2 2 2 2 2 2 2 2 2 2 10 2 2 2 10 10 2 2 2 2 2 10 2 2 2 2 2 2 2
left_child=1 2 17 7 5 6 13 26 34 10 12 40 20 14 15 -4 -2 -1 -18 -5 44 -22 -20 24 -24 -26 39 -19 29 30 -6 32 -32 49 -8 37 -37 38 -15 42 -7 55 -3 -36 61 -43 -11 52 -12 50 -31 -33 -13 -30 -55 60 59 58 -58 -57 -42 -10
right_child=16 3 4 19 28 11 8 -9 9 46 48 47 -14 35 -16 -17 18 27 22 -21 21 -23 23 -25 25 -27 -28 -29 53 33 31 51 -34 -35 43 36 -38 -39 -40 -41 41 45 -44 -45 -46 -47 -48 -49 -50 -51 -52 -53 -54 54 -56 56 57 -59 -60 -61 -62 -63
leaf_value=0 1.6465321591709564e-06 0 0 -8.5743178340575117e-11 0 0 0 2.9208454015425884e-07 0 0 0 0 0 0 0 0 0.17833893756975375 0 -0.001289934014079893 1.629120388470927e-09 0 0 -0.00084153816791356453 -3.4411142403129816e-06 -3.3367964831553374e-08 -0.00128811178419881 0 0 0 0 0 0 0 0 0 0 0 0 0 0 0 0 0 0 0 0 0 0 0 0 0 0 0 0 0 0 0 0 0 0 0 0
leaf_weight=2744154 51300 611 2316 380 20655 2341 2740 205 1764 1056 1446 1654 304 1230 1371 1936 1237 464486 644 5297 1298 225 200 256 462 200 2059 16126 55972 449 1410 4951 780 1172 472 326 931 4001 2099 1006 792 332 457 409 437 415 1542 18719 470 330 945 5203 7577 2694 318 2698 244 1201 535 1657 243 1114
leaf_count=2744154 51300 611 2316 380 20655 2341 2740 205 1764 1056 1446 1654 304 1230 1371 1936 1237 464486 644 5297 1298 225 200 256 462 200 2059 16126 55972 449 1410 4951 780 1172 472 326 931 4001 2099 1006 792 332 457 409 437 415 1542 18719 470 330 945 5203 7577 2694 318 2698 244 1201 535 1657 243 1114
internal_value=-0.0462308 -0.0469836 -0.0470781 -0.0150387 -0.0423592 -0.0381579 -0.0306448 -0.0366194 -0.026249 -0.0232508 -0.0198789 -0.0435347 -0.0157614 -0.0347519 -0.030534 -0.0337888 0.000846194 -0.0473134 -0.00535262 0.00145191 -0.0140978 -0.0198244 -0.00981555 -0.0145841 -0.0189037 -0.0238595 -0.0385477 -0.0468891 -0.0452772 -0.0442001 -0.0448211 -0.0427811 -0.0365868 -0.0371236 -0.034244 -0.037514 -0.0309924 -0.0386323 -0.0350939 -0.0345299 -0.0394966 -0.0382663 -0.0292416 -0.0267849 -0.0114668 -0.0304987 -0.0324115 -0.0450456 -0.030929 -0.0329698 -0.0352331 -0.0441171 -0.0433672 -0.0459326 -0.0427855 -0.0390536 -0.0398678 -0.0364899 -0.0279878 -0.0414036 -0.03407 -0.0100956
internal_weight=3.44985e+06 3.39556e+06 3.38554e+06 10015 160774 65895 27487 4338 13277 9656 7058 38408 5142 14210 5623 4252 54299 3.22477e+06 2999 5677 4838 1523 1762 1118 862 662 4133 480612 94879 35895 32999 12344 2190 2896 3621 8587 1257 7330 3329 2074 10458 8117 1068 881 3315 747 2598 27950 1916 1724 1394 10154 9231 58984 3012 7370 6335 1980 779 4355 1035 2878
internal_count=3449854 3395555 3385540 10015 160774 65895 27487 4338 13277 9656 7058 38408 5142 14210 5623 4252 54299 3224766 2999 5677 4838 1523 1762 1118 862 662 4133 480612 94879 35895 32999 12344 2190 2896 3621 8587 1257 7330 3329 2074 10458 8117 1068 881 3315 747 2598 27950 1916 1724 1394 10154 9231 58984 3012 7370 6335 1980 779 4355 1035 2878
is_linear=0
shrinkage=0.05


Tree=73
num_leaves=63
num_cat=10
split_feature=8 9 7 17 42 0 7 0 42 2 7 7 7 9 41 31 43 7 2 0 7 34 41 5 42 43 0 49 7 0 42 10 42 0 9 17 20 41 43 8 41 36 0 19 39 42 43 34 0 0 43 7 41 7 7 43 0 26 5 9 36 17
split_gain=48517.2 4159.13 1503.45 1456.16 788.391 1112.6 402.848 353.526 235.582 130.074 110.949 104.882 80.3662 74.6048 85.9882 67.491 66.6598 59.9815 49.6604 47.3021 46.0888 44.9435 44.9 42.5168 41.4352 39.8891 38.827 37.8637 30.2001 28.6263 27.4368 26.7474 26.5571 63.0509 25.8426 75.2759 24.9931 23.6375 23.3662 22.8918 22.3151 26.5236 21.5476 20.4326 19.7283 19.6566 20.7173 19.4361 18.9808 17.841 16.5796 15.8716 22.7343 15.4021 15.0696 15.0182 14.6238 13.7046 12.6464 12.3278 12.028 11.8585
threshold=1.0000000180025095e-35 0.13240411877632144 1.0000000180025095e-35 6.1833331584930429 -0.16280825436115262 0 0.84999999403953563 1 -0.68322628736495961 1.0000000180025095e-35 0.15000000223517421 1.5500000119209292 0.15000000223517421 0.0082167778164150568 -0.93540480732917775 0.05172413773834706 0.8522624969482423 0.65000000596046459 1.0000000180025095e-35 2 0.15000000223517421 1.0500000119209292 0.2269546836614609 1.0000000180025095e-35 -0.35206145048141474 0.8522624969482423 3 31.816666603088382 0.45000000298023229 4 -0.84874749183654774 44.541666030883796 -0.16280825436115262 5 0.0082167778164150568 4.7750000953674325 2.3541666269302373 -1.0000000180025095e-35 0.9159645438194276 0.062500001862645163 0.58216583728790294 4.5000000000000009 6 2.5000000000000004 0.26199999451637274 -0.58216583728790272 -0.25205527991056437 0.55000001192092907 7 8 0.3744682669639588 0.15000000223517421 -0.81241145730018605 5.3500001430511483 0.35000000894069677 -0.16799356788396833 9 0.0071943989023566255 -1.0000000180025095e-35 0.31312465667724615 9.5000000000000018 0.14583333581686023
decision_type=2 2 2 10 2 9 2 9 2 10 2 2 2 2 2 2 2 2 10 9 2 2 2 10 2 2 9 2 2 9 2 2 2 9 2 10 10 2 2 2 2 2 9 2 2 2 2 2 9 9 2 2 2 2 2 2 9 10 10 2 2 10
left_child=1 2 21 9 5 6 8 11 10 29 30 20 13 60 -15 -8 26 40 23 22 37 -1 -17 27 25 -14 -12 39 -22 -3 38 -29 33 -31 -9 -36 42 43 49 -2 51 -42 -23 50 45 46 -21 -18 -27 61 -6 -7 -53 -19 -50 -28 -26 -39 -20 -5 -10 -4
right_child=18 3 4 59 7 17 15 34 12 -11 16 -13 24 14 -16 19 47 53 58 44 28 36 -24 -25 56 48 55 31 -30 32 -32 -33 -34 -35 35 -37 -38 57 -40 -41 41 -43 -44 -45 -46 -47 -48 -49 54 -51 -52 52 -54 -55 -56 -57 -58 -59 -60 -61 -62 -63
leaf_value=0 -5.0735792290552464e-07 0 0 -8.145601942354636e-11 0 0 0 0 0 2.774803131465459e-07 0 0 0 0 0 0 0 0 3.1498957350376414e-07 0 0 0 0 3.1463421333773751e-05 0 0 0 -7.092141600699963e-07 0 0 0 -3.1699566589975706e-08 0 0 0 -1.4761555766731914e-05 0 0 0 8.2386211897766745e-08 0 0 0 0 0 0 0 0 0 0 0 0 0 0 0 0 0 0 0.00026590510612510483 1.5476643690473806e-09 0 0
leaf_weight=2831751 2245 2274 1566 380 642 4034 4446 83312 2911 205 1216 1513 1935 286 338 203 1263 14001 14045 732 1000 37006 518 7566 894 706 752 497 292 365 1680 404 845 649 5004 298 13545 622 713 1928 625 575 342464 1291 1888 1009 1353 405 327 1046 347 588 1706 15182 272 1163 744 558 27614 5297 551 267
leaf_count=2831751 2245 2274 1566 380 642 4034 4446 83312 2911 205 1216 1513 1935 286 338 203 1263 14001 14045 732 1000 37006 518 7566 894 706 752 497 292 365 1680 404 845 649 5004 298 13545 622 713 1928 625 575 342464 1291 1888 1009 1353 405 327 1046 347 588 1706 15182 272 1163 744 558 27614 5297 551 267
internal_value=-0.0462331 -0.046983 -0.0470781 -0.014809 -0.0423592 -0.0381579 -0.0308228 -0.0452772 -0.0265439 -0.0366194 -0.021296 -0.0335359 -0.0324398 -0.0376126 -0.0216987 -0.0388785 -0.0157955 -0.0439686 0.000656504 -0.0352784 -0.029939 -0.0473134 -0.0220896 -0.00208861 -0.0281068 -0.0248302 -0.0200966 -0.00562968 -0.0218808 -0.0385477 -0.0263031 -0.0149251 -0.0329066 -0.0276282 -0.0460983 -0.0427188 -0.0468124 -0.032948 -0.0238363 -0.00362269 -0.0400013 -0.03375 -0.0468877 -0.0359211 -0.0370683 -0.0346849 -0.0319125 -0.00772182 -0.0180747 -0.0258432 -0.0305131 -0.0411868 -0.0378662 -0.0450071 -0.0247167 -0.0245779 -0.0345879 -0.0272034 0.00148941 0.00185705 -0.0404809 -0.022283
internal_weight=3.44985e+06 3.39556e+06 3.38554e+06 10015 160774 65895 29184 94879 19035 4338 10071 6265 8964 4086 624 10149 4799 36711 54299 5703 4752 3.22477e+06 721 12640 4878 3240 3131 5074 1292 4133 5272 901 1859 1014 88614 5302 393015 3460 3592 4173 7528 1200 379470 2280 4982 3094 2085 1668 1305 2879 989 6328 2294 29183 599 1915 1638 1180 41659 5677 3462 1833
internal_count=3449854 3395555 3385540 10015 160774 65895 29184 94879 19035 4338 10071 6265 8964 4086 624 10149 4799 36711 54299 5703 4752 3224766 721 12640 4878 3240 3131 5074 1292 4133 5272 901 1859 1014 88614 5302 393015 3460 3592 4173 7528 1200 379470 2280 4982 3094 2085 1668 1305 2879 989 6328 2294 29183 599 1915 1638 1180 41659 5677 3462 1833
cat_boundaries=0 3 7 10 13 17 21 25 28 31 34
cat_threshold=265476 287901850 268437856 17039360 276824064 0 4 0 128 256 0 2066 268437504 1211172864 1128890552 1811939668 6 2684355841 0 268443648 1 671155457 1098907650 268435520 1024 1284 16779264 268435520 2052 2066 268435520 0 526354 268435456
is_linear=0
shrinkage=0.05


Tree=74
num_leaves=63
num_cat=8
split_feature=8 6 7 17 42 0 18 0 42 5 7 7 43 7 7 6 41 19 42 7 34 0 41 0 42 6 17 0 7 49 28 41 6 42 20 18 41 0 28 7 41 19 41 0 10 49 43 7 41 5 43 40 7 0 7 7 41 35 44 7 9 7
split_gain=48992 4280.37 1499.15 1431.77 774.957 1103.56 406.431 351.425 230.616 122.594 104.618 102.178 91.0517 58.4759 53.711 56.6705 67.8464 53.5241 47.4014 45.353 44.9435 43.0576 40.6377 37.2619 31.8742 31.7249 149.899 31.701 31.4004 29.3485 27.7221 26.9048 25.513 29.7646 24.9931 24.0385 23.6375 21.5476 21.4249 26.3765 25.8238 20.4326 20.1933 36.0953 20.0514 32.7358 19.8383 17.7188 20.7975 16.9654 16.5796 16.0747 15.9607 17.9889 15.9144 27.3721 15.675 15.163 17.814 14.6719 14.4051 14.1031
threshold=1.0000000180025095e-35 0.45000000298023229 1.0000000180025095e-35 6.1833331584930429 -0.16280825436115262 0 0.77500000596046459 1 -0.68322628736495961 -1.0000000180025095e-35 1.6500000357627871 0.84999999403953563 0.66527691483497631 0.75000000000000011 0.15000000223517421 1.0000000180025095e-35 -0.93540480732917775 3.5000000000000004 -0.47114434838294977 0.15000000223517421 1.0500000119209292 2 0.72947329282760631 3 -0.16280825436115262 1.0000000180025095e-35 4.7750000953674325 4 0.45000000298023229 2.558333277702332 0.013725490774959328 -0.41248606145381922 1.0000000180025095e-35 -0.58216583728790272 2.3541666269302373 9.0500001907348651 -1.0000000180025095e-35 5 0.051905291154980666 0.25000000745058065 0.52778512239456188 2.5000000000000004 0.35206145048141485 6 50.708333969116218 32.549999237060554 0.8431384563446046 0.15000000223517421 -0.81241145730018605 1.0000000180025095e-35 0.3744682669639588 2.3645000457763676 1.1500000357627871 7 2.1499999761581425 0.15000000223517421 -0.2901292592287063 1.3499999642372134 0.34840355813503271 0.35000000894069677 0.81603768467903148 1.0500000119209292
decision_type=2 2 2 10 2 9 10 9 2 10 2 2 2 2 2 2 2 2 2 2 2 9 2 9 2 2 10 9 2 2 2 2 2 2 10 10 2 9 2 2 2 2 2 9 2 2 2 2 2 10 2 2 2 9 2 2 2 2 2 2 2 2
left_child=1 2 20 9 5 6 8 10 12 -3 19 32 21 42 15 -10 -17 18 22 36 -1 54 -16 24 60 -9 -27 -14 -21 -2 51 -29 33 -8 37 -15 41 -22 39 40 57 50 47 -44 -31 -46 -24 -7 -49 -47 -6 -13 53 -20 55 -4 -23 58 -33 -55 -11 -58
right_child=29 3 4 -5 7 13 11 25 14 23 -12 30 27 35 17 16 -18 -19 52 28 34 56 46 -25 -26 26 -28 31 -30 44 -32 38 -34 -35 -36 -37 -38 -39 -40 -41 -42 -43 43 -45 45 49 -48 48 -50 -51 -52 -53 -54 59 -56 -57 61 -59 -60 -61 -62 -63
leaf_value=0 2.0416638249009397e-06 2.6360629748921863e-07 0 1.4702811505950115e-09 0 0 0 0 0 0 0 0 0 0 0 0 0 0 0 0 0 0 0 0 0 0 -1.4023477978395319e-05 0 0 -3.1292302479176668e-07 0 0 0 0 0 0 0 0 0 0 0 0 0 0 -0.00010062196022484198 -3.0114588260476921e-08 0 0 0 -0.0012405042493907551 0 0 0 0 0 0 0 0 0 0 0 0
leaf_weight=2831751 47766 200 849 5770 642 3637 2559 83312 2753 249 1501 1699 1351 8737 258 229 259 764 729 1000 37006 682 819 3369 302 5085 244 206 295 4430 5168 702 426 1302 13545 20264 1180 342464 201 1086 503 1291 754 1059 1359 467 735 612 1616 277 347 478 532 852 275 586 1944 201 296 292 201 386
leaf_count=2831751 47766 200 849 5770 642 3637 2559 83312 2753 249 1501 1699 1351 8737 258 229 259 764 729 1000 37006 682 819 3369 302 5085 244 206 295 4430 5168 702 426 1302 13545 20264 1180 342464 201 1086 503 1291 754 1059 1359 467 735 612 1616 277 347 478 532 852 275 586 1944 201 296 292 201 386
internal_value=-0.0462281 -0.0469816 -0.0470785 -0.0144656 -0.0423652 -0.0381954 -0.03088 -0.0452565 -0.0260735 -0.0362295 -0.0335397 -0.0381336 -0.0206657 -0.0439833 -0.0321692 -0.0371791 -0.0214754 -0.0289094 -0.0267032 -0.0299606 -0.0473134 -0.0255284 -0.020596 -0.0380848 -0.0264698 -0.0460745 -0.0423396 -0.0156148 -0.0219788 0.000890394 -0.0417138 -0.0127496 -0.0319996 -0.0332809 -0.0468124 -0.0450225 -0.032948 -0.0468877 -0.011585 -0.0104483 -0.0143331 -0.0359211 -0.0401153 -0.0355033 -0.00225279 -0.00627318 -0.017545 -0.0415409 -0.0380296 -0.0147043 -0.0305131 -0.0369809 -0.0313046 -0.0291337 -0.0187355 -0.0167334 -0.0292257 -0.010344 -0.00782064 -0.0242548 -0.0183889 -0.0273712
internal_weight=3.44985e+06 3.39556e+06 3.38546e+06 10091 160698 65801 29122 94897 17490 4321 6256 11632 9268 36679 8222 3241 488 4981 4217 4755 3.22477e+06 4722 1812 4121 752 88641 5329 4546 1295 54299 7345 3195 4287 3861 393015 29001 3460 379470 2989 2788 1702 2280 7678 1813 6533 2103 1554 5865 2228 744 989 2177 2405 1873 1710 1435 3012 1199 998 1144 450 2330
internal_count=3449854 3395555 3385464 10091 160698 65801 29122 94897 17490 4321 6256 11632 9268 36679 8222 3241 488 4981 4217 4755 3224766 4722 1812 4121 752 88641 5329 4546 1295 54299 7345 3195 4287 3861 393015 29001 3460 379470 2989 2788 1702 2280 7678 1813 6533 2103 1554 5865 2228 744 989 2177 2405 1873 1710 1435 3012 1199 998 1144 450 2330
cat_boundaries=0 3 7 10 14 17 21 24 27
cat_threshold=265476 287901850 268437856 17039360 276824064 0 4 0 2066 268435456 637535510 1056771 1581056 33 260 2162696 96 671155457 1098907650 268435520 1024 131072 262144 536870912 0 18 268435456
is_linear=0
shrinkage=0.05


Tree=75
num_leaves=63
num_cat=11
split_feature=8 6 7 17 42 0 18 0 42 1 43 7 7 0 8 7 7 6 41 0 7 34 0 19 2 42 42 7 41 6 17 0 7 18 41 9 31 20 6 42 42 0 41 19 0 43 41 0 7 41 0 20 10 6 7 43 0 7 7 10 36 28
split_gain=48206.5 4245.3 1487.42 1413.51 765.319 1105.21 406.357 351.813 226.205 111.729 107.64 101.494 95.6088 60.9384 53.9575 50.4942 50.1523 63.4831 62.249 49.6526 47.7144 45.492 42.9815 38.4862 38.1864 38.0011 37.5729 36.1638 34.3881 31.8957 53.1941 31.2034 29.2178 29.175 27.7489 26.6143 26.2827 24.9015 23.3906 28.6196 22.4853 22.0224 20.3269 20.1615 19.5403 18.2129 17.5456 27.5093 18.7489 17.0499 17.0467 17.0393 16.7161 28.6579 16.1355 20.3121 16.088 16.0873 16.7312 14.802 13.9571 14.0134
threshold=1.0000000180025095e-35 0.45000000298023229 1.0000000180025095e-35 6.1833331584930429 -0.16280825436115262 0 0.77500000596046459 1 -0.63405361771583546 1.0000000180025095e-35 0.62587949633598339 1.6500000357627871 0.84999999403953563 2 0.012500000651925804 0.15000000223517421 0.15000000223517421 1.0000000180025095e-35 -0.93540480732917775 3 0.15000000223517421 1.0500000119209292 4 3.5000000000000004 1.0000000180025095e-35 -0.16280825436115262 -0.41248606145381922 0.94999998807907116 0.77259656786918651 0.15000000223517421 0.68333333730697643 5 0.45000000298023229 12.050000190734865 -0.097964655607938753 0.31312465667724615 0.05172413773834706 2.1833333969116215 1.0000000180025095e-35 -0.63405361771583546 -0.84874749183654774 6 -0.35206145048141474 2.5000000000000004 7 0.3903625756502152 0.47114434838294988 8 0.15000000223517421 -0.47114434838294977 9 9.2750000953674334 50.958333969116218 2.1499999761581425 0.25000000745058065 0.8522624969482423 10 3.5499999523162846 0.15000000223517421 1.7916666865348818 4.5000000000000009 0.0058823532890528449
decision_type=2 2 2 10 2 9 10 9 2 10 2 2 2 9 2 2 2 2 2 9 2 2 9 2 10 2 2 2 2 2 10 9 2 10 2 2 2 10 2 2 2 9 2 2 9 2 2 9 2 2 9 10 2 2 2 2 9 2 2 2 2 2
left_child=1 2 21 22 5 6 8 11 10 14 19 20 38 33 24 40 17 -10 -19 57 34 -1 25 26 49 41 28 54 -18 -9 -31 -29 -22 46 43 -5 -14 44 39 -8 50 -3 -21 -6 -23 -30 48 -48 -7 -2 -12 -16 -53 -54 55 -17 -28 58 -4 -24 61 -38
right_child=9 3 4 35 7 13 12 29 16 -11 15 -13 36 -15 51 27 23 18 -20 42 32 37 59 -25 -26 -27 56 31 45 30 -32 -33 -34 -35 -36 -37 60 -39 -40 -41 -42 -43 -44 -45 -46 -47 47 -49 -50 -51 -52 52 53 -55 -56 -57 -58 -59 -60 -61 -62 -63
leaf_value=0 -9.1138571563126454e-08 0 0 -1.5089727598211963e-10 0 0 0 0 0 0.00025250776762760429 0 0 0 0 -7.9022085733983431e-07 0 0 0 0 0 0 0 0 0 4.9542293526759849e-08 0 0 0 0 0 -1.3322304079475554e-05 0 0 0 0 1.3967670930652609e-09 0 0 0 0 0 0 0 0 0 0 0 0 0 -9.8676707298215551e-08 0 -3.1346345170784799e-06 -2.31158513572305e-08 -2.8608858847453075e-08 0 0 0 0 0 0 0 0
leaf_weight=2832681 452 330 670 486 894 3539 2333 87186 2489 42642 349 1474 3784 21729 9618 456 270 231 227 678 1005 36882 225 562 394 405 784 248 403 1520 212 298 273 5463 1259 5314 242 13986 397 1467 755 286 2634 1241 341761 1134 1015 1725 4147 528 925 329 208 302 1226 752 1126 280 572 3120 2089 1092
leaf_count=2832681 452 330 670 486 894 3539 2333 87186 2489 42642 349 1474 3784 21729 9618 456 270 231 227 678 1005 36882 225 562 394 405 784 248 403 1520 212 298 273 5463 1259 5314 242 13986 397 1467 755 286 2634 1241 341761 1134 1015 1725 4147 528 925 329 208 302 1226 752 1126 280 572 3120 2089 1092
internal_value=-0.0462333 -0.0469817 -0.0470785 -0.0147192 -0.0423906 -0.0382582 -0.0307769 -0.0452636 -0.0259053 0.000430167 -0.0209735 -0.0334284 -0.0380954 -0.043901 -0.00386886 -0.015837 -0.0326232 -0.0376425 -0.0205349 -0.026296 -0.0298737 -0.0473128 -0.0362082 -0.0291663 -0.0131841 -0.0260887 -0.0273224 -0.0116946 -0.0221541 -0.0460727 -0.0393591 -0.0233242 -0.0216393 -0.0412559 -0.0329744 0.0014569 -0.0415891 -0.0468084 -0.0320961 -0.0333026 -0.0219209 -0.0185227 -0.0298073 -0.0364461 -0.0468849 -0.0192632 -0.039731 -0.0362956 -0.0409556 -0.0184694 -0.0178689 -0.00264488 -0.00947855 -0.0151471 -0.00908587 -0.0131871 -0.032212 -0.0183388 -0.0160185 -0.0391021 -0.0384144 -0.034419
internal_weight=3.4511e+06 3.39663e+06 3.38646e+06 10166 161155 66091 28473 95064 17069 54473 9843 6146 11404 37618 11831 5009 7226 2947 458 4834 4672 3.22531e+06 4366 4279 1374 1021 3717 2980 1807 88918 1732 546 1278 15889 3394 5800 7207 392629 4197 3800 2029 616 3312 2135 378643 1537 10426 2740 7686 980 1274 10457 839 510 2434 1208 1910 1522 1242 3345 3423 1334
internal_count=3451104 3396631 3386465 10166 161155 66091 28473 95064 17069 54473 9843 6146 11404 37618 11831 5009 7226 2947 458 4834 4672 3225310 4366 4279 1374 1021 3717 2980 1807 88918 1732 546 1278 15889 3394 5800 7207 392629 4197 3800 2029 616 3312 2135 378643 1537 10426 2740 7686 980 1274 10457 839 510 2434 1208 1910 1522 1242 3345 3423 1334
cat_boundaries=0 3 7 11 14 18 21 25 29 33 36 39
cat_threshold=265476 287836314 268437856 17039360 276824064 0 4 3777110080 2865037920 51478544 1159 0 2064 268435456 2785023254 1582083 1581184 97 0 128 256 2684355840 2 8192 1 671155457 1098907650 268435520 1024 1075970112 134479872 1048576 1 260 0 64 0 18 268435712
is_linear=0
shrinkage=0.05


Tree=76
num_leaves=63
num_cat=0
split_feature=8 6 7 15 42 7 41 7 15 21 43 41 8 41 21 40 38 6 41 31 34 39 41 43 2 5 6 15 20 20 28 38 7 10 41 38 43 30 39 38 39 7 42 39 34 41 40 7 43 34 19 7 3 6 32 39 7 5 7 7 44 38
split_gain=48298.7 4246.8 1480.15 872.153 760.716 1054.22 193.046 165.981 160.399 166.621 112.518 96.2452 86.8405 80.654 61.2512 54.1813 59.3474 52.228 81.9331 51.814 45.492 38.8689 43.3054 31.1698 28.2135 57.8965 28.1043 61.8434 25.9837 24.9015 24.6967 64.5435 31.0184 23.5566 22.7594 36.4008 22.4871 22.654 23.3607 22.4206 74.0292 22.1885 21.8989 21.0322 20.0879 19.9585 19.3329 18.6919 18.5497 18.1847 17.5423 17.8706 17.309 21.763 16.8694 16.4514 15.5233 20.8115 15.4092 15.2345 14.8744 14.7973
threshold=1.0000000180025095e-35 0.35000000894069677 1.0000000180025095e-35 0.11250000074505807 -0.16280825436115262 1.0500000119209292 -0.22695468366146085 0.15000000223517421 6.0499999523162851 -1.7250000238418577 0.67802080512046825 0.88144907355308544 0.020833333954215053 0.81241145730018627 -0.38750000298023218 1.7624999880790713 7.5000000000000009 1.0000000180025095e-35 -0.93540480732917775 0.05172413773834706 1.0500000119209292 0.60599997639656078 0.81241145730018627 0.91248813271522533 1.0000000180025095e-35 1.0000000180025095e-35 0.15000000223517421 1.0000000180025095e-35 9.2750000953674334 2.1833333969116215 0.013725490774959328 21.500000000000004 0.35000000894069677 50.958333969116218 -0.47114434838294977 7.5000000000000009 0.58481550216674816 0.25894704461097723 0.65450000762939464 7.5000000000000009 0.19749999791383746 10.050000190734865 -0.16280825436115262 0.26199999451637274 0.45000000298023229 -0.77259656786918629 1.0000000180025095e-35 1.1500000357627871 0.27694219350814825 0.55000001192092907 2.5000000000000004 0.75000000000000011 0.55000001192092907 3.9500000476837163 1.0000000180025095e-35 0.19749999791383746 2.1499999761581425 1.0000000180025095e-35 0.15000000223517421 0.25000000745058065 0.81304046511650097 6.5000000000000009
decision_type=2 2 2 10 2 2 2 2 10 10 2 2 2 2 8 2 2 2 2 2 2 2 2 2 10 10 2 10 10 10 2 2 2 2 2 2 2 2 2 2 2 2 2 2 2 2 2 2 2 2 2 2 10 2 2 2 2 10 2 2 2 2
left_child=1 2 20 14 5 6 17 13 9 -5 21 23 24 15 -3 16 -8 34 61 -7 -1 22 44 49 25 45 30 -28 -14 -22 31 39 60 -30 -4 -36 -21 54 -39 -6 47 -11 46 -13 55 -2 52 -41 -23 59 -42 -52 53 -16 -38 -9 -35 -58 -20 -12 -33 -19
right_child=12 3 4 8 26 19 7 10 -10 41 11 43 28 -15 42 -17 -18 18 58 36 29 48 -24 -25 -26 -27 27 -29 33 -31 -32 32 -34 56 35 -37 37 38 -40 40 50 -43 -44 -45 -46 -47 -48 -49 -50 -51 51 -53 -54 -55 -56 -57 57 -59 -60 -61 -62 -63
leaf_value=0 -6.148008525540903e-08 0 0 0 0 0 0 0 1.3269287384119977e-09 0 0 0 3.9860757082150822e-06 0 0 0 0 0 0 0 0 0 0 0 8.1470593279362009e-08 1.7162778694460034e-05 0 -1.487236455048087e-05 -2.9785836173125496e-06 0 0 0 0 -0.00071051879413689312 0 0 0 0 0 0 0 -8.2815720845032155e-11 0 0 0 -9.4119778720059228e-08 0 0 0 0 0 0 0 0 0 0 -2.7178415905080423e-08 -0.0011911044253025975 0 0 0 0
leaf_weight=2832681 383 295 5011 1141 18634 19265 2926 731 4313 1026 560 794 49302 2599 420 1823 1712 228 967 13982 378643 863 1246 1987 769 747 1339 209 1374 13986 58101 1338 1133 334 726 860 883 357 359 1372 9906 213 1643 625 526 1012 846 271 449 284 874 1367 288 256 3747 1041 317 235 615 624 312 234
leaf_count=2832681 383 295 5011 1141 18634 19265 2926 731 4313 1026 560 794 49302 2599 420 1823 1712 228 967 13982 378643 863 1246 1987 769 747 1339 209 1374 13986 58101 1338 1133 334 726 860 883 357 359 1372 9906 213 1643 625 526 1012 846 271 449 284 874 1367 288 256 3747 1041 317 235 615 624 312 234
internal_value=-0.046232 -0.0469811 -0.0470793 -0.015142 -0.0423987 -0.0382776 -0.0307835 -0.0279391 -0.00432803 -0.0147479 -0.0234044 -0.0180375 0.000476062 -0.0328091 -0.034453 -0.029817 -0.0326876 -0.0369688 -0.0299853 -0.0436042 -0.0473128 -0.0287912 -0.0260694 -0.0135347 -0.00792597 -0.0108753 -0.0452671 -0.0385853 0.000950409 -0.0468084 -0.045378 -0.044333 -0.0370257 -0.00429204 -0.0391326 -0.0339124 -0.0417751 -0.039017 -0.0307402 -0.0449602 -0.0434318 -0.0274435 -0.0363213 -0.0290011 -0.0219996 -0.0168907 -0.0325276 -0.0334708 -0.0361433 -0.0190599 -0.0447792 -0.0407842 -0.0276867 -0.0233136 -0.040297 -0.0194526 -0.010649 -0.0157971 -0.0353951 -0.0163345 -0.0326515 -0.011461
internal_weight=3.4511e+06 3.39663e+06 3.38619e+06 10441 160880 66024 27431 18790 6693 2380 9730 4874 54473 9060 3748 6461 4638 8641 2044 38593 3.22531e+06 4856 3544 3455 2911 2142 94856 1548 51562 392629 93308 35207 2783 2260 6597 1586 19328 5346 716 32424 13790 1239 3453 1419 2298 1395 1810 1643 1312 1468 12147 2241 964 676 4630 1772 886 552 1582 1184 1650 462
internal_count=3451104 3396631 3386190 10441 160880 66024 27431 18790 6693 2380 9730 4874 54473 9060 3748 6461 4638 8641 2044 38593 3225310 4856 3544 3455 2911 2142 94856 1548 51562 392629 93308 35207 2783 2260 6597 1586 19328 5346 716 32424 13790 1239 3453 1419 2298 1395 1810 1643 1312 1468 12147 2241 964 676 4630 1772 886 552 1582 1184 1650 462
is_linear=0
shrinkage=0.05


Tree=77
num_leaves=63
num_cat=0
split_feature=6 1 7 2 15 7 3 4 28 41 28 15 21 27 41 21 29 14 7 34 43 34 38 41 7 20 31 4 10 10 49 26 20 7 41 34 47 45 26 10 43 43 34 9 10 34 7 40 37 38 39 43 27 27 36 35 41 7 41 7 7 24
split_gain=47706.2 2640.5 1271.19 1136.94 1579.98 442.109 395.056 159.202 137.119 150.145 153.91 134.957 128.661 98.5107 111.166 97.951 70.4667 56.0699 49.0971 46.8673 53.6398 45.492 43.4457 42.3806 39.6445 33.6954 33.2523 30.3085 29.9047 39.2167 27.8879 24.9837 24.9015 23.9638 43.6707 23.8525 23.5293 26.0727 35.1961 23.0856 20.9298 19.769 19.546 19.4284 19.3842 17.4348 17.3503 16.6908 16.3558 15.8133 17.6742 15.0142 13.6432 12.4751 12.4641 12.4098 12.2696 12.2461 12.1851 11.3341 10.8564 10.6396
threshold=1.0000000180025095e-35 1.0000000180025095e-35 1.0000000180025095e-35 1.0000000180025095e-35 0.11250000074505807 1.0500000119209292 1.0000000180025095e-35 -1.0000000180025095e-35 0.055752867832779891 1.0000000180025095e-35 0.021568628028035167 6.0499999523162851 -1.7250000238418577 0.04256099462509156 0.91037613153457653 -0.14583333581686017 1.9946291446685793 7.2500000000000009 10.050000190734865 1.0000000180025095e-35 0.91248813271522533 1.0500000119209292 21.500000000000004 -0.98611506819725026 0.15000000223517421 1.0500000119209292 0.05172413773834706 -1.0000000180025095e-35 1.5416666865348818 5.2916667461395273 32.549999237060554 0.02556225843727589 2.1833333969116215 0.15000000223517421 -0.88144907355308522 0.45000000298023229 -0.35071235895156855 1.0000000180025095e-35 -0.0076294902246445409 71.958332061767592 0.82899317145347606 0.9990701973438264 1.0000000180025095e-35 0.31312465667724615 14.708333492279055 1.0000000180025095e-35 0.15000000223517421 1.7624999880790713 6.7225000858306894 6.5000000000000009 0.19749999791383746 0.34235194325447088 0.12500925362110141 0.061906902119517333 11.500000000000002 0.15000000223517421 0.47114434838294988 0.25000000745058065 -0.47114434838294977 0.25000000745058065 0.15000000223517421 0.008380006533116104
decision_type=2 10 2 10 10 2 8 10 2 2 2 10 10 2 2 8 2 10 2 2 2 2 2 2 2 10 2 10 2 2 2 10 10 2 2 2 2 2 10 2 2 2 2 2 2 2 2 2 2 2 2 2 2 2 2 2 2 2 2 2 2 10
left_child=2 3 21 4 6 8 7 -2 9 22 13 12 -6 -11 19 -8 24 43 25 36 35 -1 45 -9 47 -14 -7 -19 -25 -30 -29 60 -23 -24 -35 -21 37 53 -39 -32 -26 52 -17 -13 -28 49 -31 56 55 -4 -51 -18 61 -15 -48 -10 -12 -16 -47 -55 -22 -38
right_child=1 -3 5 -5 11 26 15 23 48 10 16 17 18 14 57 42 51 27 -20 20 31 32 33 28 40 -27 44 30 29 46 39 -33 -34 34 -36 -37 41 38 -40 -41 -42 -43 -44 -45 -46 58 54 -49 -50 50 -52 -53 -54 59 -56 -57 -58 -59 -60 -61 -62 -63
leaf_value=0 5.0797175873315992e-06 0.00023968307546081357 0 -6.4745985146034069e-07 0 0 0 0 0 0 0 -1.1912570647977734e-05 -4.8229238929700938e-10 0 0 0 0 7.0716207752407053e-05 -3.0868155156526952e-10 0 0 0 0 0 0 0 0 -2.0969884910361351e-10 0 -9.7415256500911467e-08 -3.9174915856266854e-07 0 0 0 0 0 0 0 0 -1.7768454754287601e-07 0 0 0 1.2605823014913979e-09 0 0 -8.149874726221271e-08 0 0 0 0 0 0 0 0 0 0 0 0 0 0 0
leaf_weight=2832681 576 42642 6459 7650 1244 43249 364 521 8298 5778 277 628 1725 473 4395 5885 534 369 251 2180 434 378643 1245 240 637 287 10304 355 321 1777 403 237 13986 731 1654 2014 3101 792 779 325 621 214 1961 3673 32846 3292 2157 548 329 1743 5683 265 1189 678 428 2844 333 2041 2162 341 696 2616
leaf_count=2832681 576 42642 6459 7650 1244 43249 364 521 8298 5778 277 628 1725 473 4395 5885 534 369 251 2180 434 378643 1245 240 637 287 10304 355 321 1777 403 237 13986 731 1654 2014 3101 792 779 325 621 214 1961 3673 32846 3292 2157 548 329 1743 5683 265 1189 678 428 2844 333 2041 2162 341 696 2616
internal_value=-0.0462333 -0.00646018 -0.0471022 -0.0175289 -0.0229811 -0.0426339 -0.0334417 -0.0237126 -0.0395397 -0.0384876 -0.0362274 -0.00690605 -0.0146372 -0.0374188 -0.035904 -0.0405755 -0.025867 -0.0021932 -0.0217377 -0.0336408 -0.0299492 -0.0473128 -0.041555 -0.0263575 -0.0216101 -0.024339 -0.0449838 -0.0106887 -0.0249223 -0.0258045 -0.0149054 -0.0213478 -0.0468084 -0.0365358 -0.0336006 -0.0327527 -0.0356567 -0.0319923 -0.0364879 -0.0205082 -0.015465 -0.0372331 -0.0417518 0.000674843 -0.0440017 -0.0424972 -0.0245633 -0.0282858 -0.0445055 -0.0434381 -0.0418644 -0.038739 -0.0376969 -0.0272587 -0.0219487 -0.0448299 -0.0339754 -0.0414403 -0.0401018 -0.0241438 -0.0182522 -0.0387104
internal_weight=3.4511e+06 73782 3.37732e+06 31140 23490 152012 14230 6020 65613 54142 31173 9260 3507 27958 22180 8210 3215 5753 2263 15744 5561 3.22531e+06 22969 5444 2416 2012 86399 1452 4923 4683 1083 1367 392629 3630 2385 4194 10183 3063 1571 728 1258 7120 7846 4301 43150 19339 4362 1158 11471 13885 7426 799 6906 1492 2585 11142 610 6436 5454 1019 1130 5717
internal_count=3451104 73782 3377322 31140 23490 152012 14230 6020 65613 54142 31173 9260 3507 27958 22180 8210 3215 5753 2263 15744 5561 3225310 22969 5444 2416 2012 86399 1452 4923 4683 1083 1367 392629 3630 2385 4194 10183 3063 1571 728 1258 7120 7846 4301 43150 19339 4362 1158 11471 13885 7426 799 6906 1492 2585 11142 610 6436 5454 1019 1130 5717
is_linear=0
shrinkage=0.05


Tree=78
num_leaves=63
num_cat=7
split_feature=6 8 16 7 3 42 0 18 0 41 36 17 8 10 43 7 7 42 1 7 0 28 7 34 8 18 42 42 14 4 41 42 42 7 41 7 6 10 18 7 20 0 7 36 34 0 10 19 1 7 7 0 41 26 9 7 7 41 43 0 28 33
split_gain=51993.7 2131.21 1690.42 1271.19 976.997 735.175 1126.77 489.266 343.465 168.647 163.174 152.924 142.304 140.864 131.264 101.649 86.7402 81.3362 75.9908 59.4791 57.1437 49.6905 57.8125 45.492 41.6913 40.7916 39.7493 32.59 31.6178 37.3405 31.1505 31.1257 33.1493 30.754 29.8834 28.1137 27.4955 28.0283 27.2467 27.1942 24.9015 24.7112 24.471 22.7415 21.6575 20.0133 25.2966 19.855 19.7697 19.5694 22.2754 19.5403 18.7065 18.0802 18.0407 16.6188 22.6927 16.4951 15.1429 14.8132 14.197 12.8408
threshold=1.0000000180025095e-35 0.012500000651925804 1.0000000180025095e-35 1.0000000180025095e-35 1.0000000180025095e-35 -0.35206145048141474 0 0.77500000596046459 1 -0.98611506819725026 11.500000000000002 6.1833331584930429 1.0000000180025095e-35 5.2916667461395273 0.83849048614501964 1.5500000119209292 0.45000000298023229 -0.68322628736495961 1.0000000180025095e-35 0.15000000223517421 2 0.051905291154980666 0.15000000223517421 1.0500000119209292 1.0000000180025095e-35 8.0500001907348651 -0.032701563090086067 -0.84874749183654774 12.750000000000002 -1.0000000180025095e-35 -0.097964655607938753 -0.16280825436115262 -0.35206145048141474 1.5500000119209292 -0.16280825436115262 0.15000000223517421 2.2500000000000004 49.625000000000007 14.275000095367433 0.45000000298023229 2.1833333969116215 3 0.15000000223517421 4.5000000000000009 0.25000000745058065 4 39.375000000000007 2.5000000000000004 1.0000000180025095e-35 1.1500000357627871 0.15000000223517421 5 -0.52778512239456166 0.0071943989023566255 0.049806589260697372 3.5499999523162846 0.15000000223517421 0.77259656786918651 0.49812944233417517 6 0.049337463453412063 0.25000000745058065
decision_type=2 2 10 2 8 2 9 10 9 2 2 10 2 2 2 2 2 2 10 2 9 2 2 2 2 10 2 2 10 10 2 2 2 2 2 2 2 2 10 2 10 9 2 2 2 9 2 2 10 2 2 9 2 10 2 2 2 2 2 9 2 2
left_child=3 2 4 23 9 6 7 14 15 -2 13 12 31 -11 17 19 52 20 28 30 55 22 27 -1 -15 45 49 -16 -3 -30 47 32 -6 35 -24 -22 -31 -38 41 -21 51 -18 -19 -44 57 -8 -47 58 -26 50 -10 -25 -9 -32 -4 56 -5 -36 -7 -29 61 -54
right_child=1 18 54 5 11 8 25 16 26 10 -12 -13 -14 24 21 -17 38 42 -20 39 33 -23 34 40 48 -27 -28 59 29 36 53 -33 -34 -35 44 -37 37 -39 -40 -41 -42 -43 43 -45 -46 46 -48 -49 -50 -51 -52 -53 60 -55 -56 -57 -58 -59 -60 -61 -62 -63
leaf_value=0 0 -9.2929441840142598e-07 -1.4616155729306856e-05 0 0 0 0 0 0 0 0 0 -6.6252349938694153e-08 4.0749373631106357e-09 0 0 0 0 0.00022769892168777311 0 0 0 0 0 -8.4543026959010696e-08 0 0 0 0.00017674125440680834 -1.1695405253676329e-08 0 0 0 0 0 0 -2.8093861524307949e-06 -1.6885396245461069e-07 0 0 0 0 0 0 0 0 0 0 0.0002543204897119865 0 0 0 0 0 2.4114619464850471e-11 0 0 0 0 0 0 0
leaf_weight=2832681 536 9252 807 772 2357 764 7874 470 2310 348 463 250 435 2493 754 1675 670 1474 42263 1148 2156 441 207 36882 749 18587 78066 203 390 204 684 4904 390 374 1263 1307 341 270 4274 281 13986 1777 568 1115 701 869 2454 1377 334 8628 2888 341761 1847 609 6996 329 780 731 270 627 213 475
leaf_count=2832681 536 9252 807 772 2357 764 7874 470 2310 348 463 250 435 2493 754 1675 670 1474 42263 1148 2156 441 207 36882 749 18587 78066 203 390 204 684 4904 390 374 1263 1307 341 270 4274 281 13986 1777 568 1115 701 869 2454 1377 334 8628 2888 341761 1847 609 6996 329 780 731 270 627 213 475
internal_value=-0.0461951 -0.00467316 -0.0181177 -0.0471022 -0.0289843 -0.0426339 -0.0379027 -0.0296703 -0.0451895 -0.0113229 -0.0080881 -0.0394146 -0.0406054 -0.00477574 -0.0236303 -0.034098 -0.0382722 -0.0272634 0.000698027 -0.030658 -0.0237067 -0.017086 -0.0155116 -0.0473128 -0.00182047 -0.0443811 -0.0460025 -0.0231944 -0.00311825 -0.0107365 -0.0340011 -0.042187 -0.0379259 -0.027257 -0.0113181 -0.0258569 -0.0168252 -0.0221318 -0.0414295 -0.0219927 -0.0468084 -0.0372221 -0.0337053 -0.0295856 -0.00991187 -0.0420119 -0.0376965 -0.037359 -0.0100115 -0.0435365 -0.0411129 -0.0468849 -0.0312105 -0.0277398 0.000346982 -0.0162335 -0.0141559 -0.00725426 -0.0321228 -0.0300301 -0.0295118 -0.0283786
internal_weight=3.4511e+06 73782 21062 3.37732e+06 13259 152012 53312 23528 98700 4923 4387 8336 8086 3924 13802 6808 9726 8875 52720 5133 5718 4927 4486 3.22531e+06 3576 29784 91892 1584 10457 1205 3704 7651 2747 3837 2902 3463 815 611 6721 1429 392629 2447 3157 1683 2695 11197 3323 2411 1083 13826 5198 378643 3005 1293 7803 1881 1552 1994 1034 830 2535 2322
internal_count=3451104 73782 21062 3377322 13259 152012 53312 23528 98700 4923 4387 8336 8086 3924 13802 6808 9726 8875 52720 5133 5718 4927 4486 3225310 3576 29784 91892 1584 10457 1205 3704 7651 2747 3837 2902 3463 815 611 6721 1429 392629 2447 3157 1683 2695 11197 3323 2411 1083 13826 5198 378643 3005 1293 7803 1881 1552 1994 1034 830 2535 2322
cat_boundaries=0 3 7 10 13 17 21 23
cat_threshold=265476 690751642 268437856 17039360 276824064 0 4 0 2064 268437760 0 524424 268435744 991023267 1082163237 1811944452 260 671155457 1098907650 268435520 1024 1280 8
is_linear=0
shrinkage=0.05


Tree=79
num_leaves=63
num_cat=0
split_feature=6 8 15 7 3 42 7 2 41 41 36 7 18 6 21 18 41 41 34 2 8 19 40 42 7 38 9 7 42 42 20 38 7 28 19 41 18 40 40 41 4 18 30 36 36 40 37 5 49 7 8 37 37 7 37 5 41 34 4 36 39 7
split_gain=52101.7 2102.38 1732.78 1271.19 976.997 735.175 1102.48 359.212 318.06 168.647 163.174 150.855 139.366 130.367 98.2351 93.923 52.205 48.2927 45.492 43.8456 39.2939 38.3815 38.0678 37.891 38.0592 36.9703 32.7284 31.1176 26.0132 31.7369 24.9015 24.2999 99.0972 24.9487 22.2735 22.25 20.8905 20.2298 59.7313 21.0101 19.7165 19.5338 19.3409 17.6098 17.008 16.266 16.0564 15.9463 24.3361 41.9299 15.5397 15.5162 28.5854 85.245 14.4782 14.3088 14.3048 14.1855 13.9295 12.9564 17.1949 12.7698
threshold=1.0000000180025095e-35 0.012500000651925804 1.0000000180025095e-35 1.0000000180025095e-35 1.0000000180025095e-35 -0.35206145048141474 1.0500000119209292 1.0000000180025095e-35 -0.2901292592287063 -0.98611506819725026 11.500000000000002 0.15000000223517421 0.64583334326744091 4.9500000476837167 -0.14583333581686017 1.5500000119209292 0.77259656786918651 0.72947329282760631 1.0500000119209292 1.0000000180025095e-35 1.0000000180025095e-35 3.5000000000000004 1.7624999880790713 1.0000000180025095e-35 1.1500000357627871 7.5000000000000009 0.023238184861838821 0.15000000223517421 -0.16280825436115262 -0.35206145048141474 2.1833333969116215 13.500000000000002 0.35000000894069677 0.013725490774959328 2.5000000000000004 -0.52778512239456166 19.562500000000004 2.3645000457763676 2.6054999828338627 0.41248606145381933 1.0000000180025095e-35 18.854166984558109 0.075400643050670638 3.5000000000000004 3.5000000000000004 1.0000000180025095e-35 1.1215000152587893 1.0000000180025095e-35 32.549999237060554 4.9500000476837167 0.070833336561918273 2.8605000972747807 4.5694999694824228 0.55000001192092907 6.7225000858306894 -1.0000000180025095e-35 -0.72947329282760609 0.55000001192092907 -1.0000000180025095e-35 6.5000000000000009 0.23499999940395358 5.2500000000000009
decision_type=2 2 10 2 8 2 2 10 2 2 2 2 10 2 8 10 2 2 2 10 2 2 2 2 2 2 2 2 2 2 10 2 2 2 2 2 10 2 2 2 10 10 2 2 2 2 2 10 2 2 2 2 2 2 2 10 2 2 10 2 2 2
left_child=3 2 4 18 9 6 8 14 44 -2 13 17 16 20 -6 35 34 22 -1 26 -11 -18 25 24 27 -10 -3 -7 29 -16 -20 51 33 -33 57 -8 59 45 39 -39 -22 43 -36 -17 56 61 -46 48 50 -50 58 -25 53 -53 -35 -21 -5 -13 -28 60 -14 -37
right_child=1 19 -4 5 7 23 15 -9 11 10 -12 12 36 -15 28 41 21 -19 30 55 40 -23 -24 31 -26 -27 47 -29 -30 -31 -32 32 -34 54 42 37 -38 38 -40 -41 -42 -43 -44 -45 46 -47 -48 -49 49 -51 -52 52 -54 -55 -56 -57 -58 -59 -60 -61 -62 -63
leaf_value=0 0 -7.0644600976915722e-06 2.2908888491607945e-11 0 0 0 0 1.1308267368534565e-07 0 3.8711904949551039e-09 0 0 0 0 0 0 0 0 0 2.3741331218029517e-07 -8.0315875611060155e-08 0 0 0 0 0 5.5408090490759878e-06 0 0 0 0 0 0 0 0 0 0 0 0 0 0.00024160446522638742 0 0 0 0 0 0 -7.0644600976915722e-06 -1.586208769392386e-07 -2.0752457068411436e-06 1.2672483781520397e-06 0 0 0 0 0.00021631397560338412 0 0 -9.7905776047585057e-07 0 0 0
leaf_weight=2832681 536 473 7803 347 342 3120 1572 532 2547 2516 463 1974 449 324 2281 1563 1641 2189 378643 13742 750 285 1587 45703 9713 1012 340 3384 4803 378 13986 2270 15910 1796 919 2427 536 200 762 517 334 17797 630 6747 259 809 3965 6821 408 488 1856 1494 10673 4072 565 27775 543 334 817 832 237 632
leaf_count=2832681 536 473 7803 347 342 3120 1572 532 2547 2516 463 1974 449 324 2281 1563 1641 2189 378643 13742 750 285 1587 45703 9713 1012 340 3384 4803 378 13986 2270 15910 1796 919 2427 536 200 762 517 334 17797 630 6747 259 809 3965 6821 408 488 1856 1494 10673 4072 565 27775 543 334 817 832 237 632
internal_value=-0.0461941 -0.00462911 -0.0179824 -0.0471022 -0.0289843 -0.0426339 -0.0379027 -0.0394146 -0.0287284 -0.0113229 -0.0080881 -0.0250936 -0.0202702 -0.00477574 -0.0421246 -0.043538 -0.0162965 -0.0302471 -0.0473128 0.000705615 -0.00204167 -0.0230192 -0.027601 -0.0451895 -0.0429801 -0.0304727 -0.0020702 -0.04002 -0.0433255 -0.0393578 -0.0468084 -0.0456239 -0.0441336 -0.0376965 -0.0129395 -0.0383585 -0.0314581 -0.0368211 -0.0318475 -0.0214888 -0.01 -0.0449107 -0.0175775 -0.0429091 -0.0395121 -0.0387229 -0.0408357 -0.0015028 -0.00404899 -0.0112835 -0.00189761 -0.0461181 -0.0447905 -0.0418856 -0.041295 0.00145465 -0.0332303 -0.00982669 -0.00644555 -0.0284618 -0.0233746 -0.0370554
internal_weight=3.4511e+06 73782 21062 3.37732e+06 13259 152012 53312 8336 20286 4923 4387 15172 7837 3924 7804 33026 5783 7335 3.22531e+06 52720 3600 1926 5146 98700 16217 3559 11203 6504 7462 2659 392629 82483 20541 4631 3857 6919 2054 5347 1479 717 1084 26107 1549 8310 5114 3868 4224 10730 3909 896 3013 61942 16239 5566 2361 41517 890 2308 1157 1518 686 3059
internal_count=3451104 73782 21062 3377322 13259 152012 53312 8336 20286 4923 4387 15172 7837 3924 7804 33026 5783 7335 3225310 52720 3600 1926 5146 98700 16217 3559 11203 6504 7462 2659 392629 82483 20541 4631 3857 6919 2054 5347 1479 717 1084 26107 1549 8310 5114 3868 4224 10730 3909 896 3013 61942 16239 5566 2361 41517 890 2308 1157 1518 686 3059
is_linear=0
shrinkage=0.05


Tree=80
num_leaves=63
num_cat=10
split_feature=6 2 3 17 7 42 0 7 0 1 7 42 43 7 15 41 15 7 0 43 17 7 0 26 0 15 42 0 41 42 42 1 0 42 20 41 7 7 7 9 1 0 7 43 36 19 28 40 7 42 24 43 0 43 17 41 17 41 43 0 42 7
split_gain=52341.8 1434.02 1874.79 1296.6 1264.39 743.189 1131.42 353.916 330.652 203.375 171.172 112.309 107.262 100.619 96.0296 81.5928 165.338 69.6302 83.6638 69.119 63.2551 54.4931 48.9025 49.9021 47.3434 61.6678 45.2987 52.6693 43.8131 42.2122 41.6388 37.8622 35.7748 34.0608 33.4557 30.7668 25.4066 21.1516 24.3211 19.4437 18.9786 18.5054 26.6966 18.1039 17.9949 16.974 16.0455 20.572 15.8682 15.455 15.3476 15.1599 14.6365 14.2609 14.1018 14.0963 13.2993 12.7045 12.5291 12.0467 19.5024 11.648
threshold=1.0000000180025095e-35 1.0000000180025095e-35 1.0000000180025095e-35 0.11250000074505807 1.0000000180025095e-35 -0.35206145048141474 0 0.94999998807907116 1 1.0000000180025095e-35 0.15000000223517421 -0.72947329282760609 0.8522624969482423 1.5500000119209292 1.0000000180025095e-35 -0.98611506819725026 1.0000000180025095e-35 0.55000001192092907 2 0.07411635667085649 6.1833331584930429 0.15000000223517421 3 -0.010039761662483214 4 0.14583333581686023 -0.16280825436115262 5 -0.097964655607938753 -0.032701563090086067 -0.58216583728790272 1.0000000180025095e-35 6 -0.63405361771583546 1.8541666865348818 -1.0000000180025095e-35 0.45000000298023229 1.1500000357627871 0.25000000745058065 0.023238184861838821 1.0000000180025095e-35 7 0.35000000894069677 0.3744682669639588 4.5000000000000009 2.5000000000000004 0.0098039219155907648 2.3645000457763676 0.15000000223517421 -0.35206145048141474 -0.0018312283209525047 0.82899317145347606 8 0.49812944233417517 0.38750000298023229 1.0000000180025095e-35 0.22500000149011615 0.52778512239456188 -0.022576250135898587 9 -0.35206145048141474 5.2500000000000009
decision_type=2 10 8 10 2 2 9 2 9 10 2 2 2 2 10 2 10 2 9 2 10 2 9 10 9 10 2 9 2 2 2 10 9 2 10 2 2 2 2 2 10 9 2 2 2 2 2 2 2 2 10 2 9 2 10 2 10 2 2 9 2 2
left_child=4 2 15 9 34 6 7 10 13 26 11 51 30 21 20 16 48 18 28 46 -5 35 23 -21 25 31 27 49 -8 37 32 -17 56 55 -1 45 -23 38 -10 -26 59 -35 -43 -30 -24 53 47 -9 -2 -4 -37 52 -6 -7 58 -14 -12 -28 -34 60 -3 -19
right_child=1 40 3 14 5 8 17 19 29 -11 12 -13 33 -15 -16 24 -18 61 -20 22 -22 36 44 -25 39 -27 57 -29 43 -31 -32 -33 54 41 -36 50 -38 -39 -40 -41 -42 42 -44 -45 -46 -47 -48 -49 -50 -51 -52 -53 -54 -55 -56 -57 -58 -59 -60 -61 -62 -63
leaf_value=0 0 -7.4494194797913679e-06 -5.3760634018218153e-08 0 0 0 0 0 0 -3.2579835667424238e-06 0 0 0 0 1.7223688222692162e-11 0 -1.1308338722485562e-10 0 0 0 0 0 0 0 -6.7112370928067155e-06 -4.7973776234625118e-09 0 0 0 0 0 -0.0042014223719624468 0 0 0 0 0 0 0 -1.0869616660805953e-10 0.00020549827682321485 0 0 0 0 0 0 0 0 -3.0665390865910541e-08 0 0 0 0 0 0 0 0 0 9.476367948323959e-08 3.1838332362712536e-07 0
leaf_weight=3190360 329 617 348 450 1006 777 374 828 3496 303 1262 2475 213 1726 2839 579 862 12533 3529 251 255 1132 1302 494 2282 727 4633 2052 576 77947 1176 204 708 387 35515 466 292 8620 1790 14324 35121 322 306 703 936 1403 3494 314 297 250 740 1114 2098 282 246 1520 200 205 1087 6334 681 13496
leaf_count=3190360 329 617 348 450 1006 777 374 828 3496 303 1262 2475 213 1726 2839 579 862 12533 3529 251 255 1132 1302 494 2282 727 4633 2052 576 77947 1176 204 708 387 35515 466 292 8620 1790 14324 35121 322 306 703 936 1403 3494 314 297 250 740 1114 2098 282 246 1520 200 205 1087 6334 681 13496
internal_value=-0.0461949 -0.00450822 -0.0127073 -0.0288939 -0.0471045 -0.0426422 -0.0378636 -0.0290497 -0.0452065 -0.0402994 -0.0243768 -0.0301759 -0.0191507 -0.0343226 -0.00382054 -0.0033483 -0.0146035 -0.0439791 -0.0387003 -0.0377481 -0.0203369 -0.0308366 -0.0318111 -0.0197185 -0.00242382 -0.0108717 -0.0419244 -0.0366698 -0.0286636 -0.0460057 -0.0237556 -0.0206801 -0.0210227 -0.01131 -0.0473142 -0.0340594 -0.0225351 -0.043473 -0.0409828 -0.00164811 0.00142522 -0.0185837 -0.0238715 -0.0244351 -0.0355894 -0.0372644 -0.0415682 -0.0364229 -0.0341613 -0.0222122 -0.0275166 -0.0252146 -0.0270103 -0.0324858 -0.0253766 -0.00704991 -0.0146705 -0.0448026 -0.0239624 -0.000834644 -0.0052026 -0.045047
internal_weight=3.45119e+06 73692 30939 11335 3.3775e+06 151621 52950 21739 98671 7791 14120 6693 7427 6818 3544 19604 1488 31211 5182 7619 705 5092 2983 745 18116 1510 7488 2650 1653 91853 4679 783 3503 2748 3.22588e+06 3668 1424 13906 5286 16606 42753 1015 628 1279 2238 2462 4636 1142 626 598 1206 4218 3104 1059 2041 1733 1462 4838 1795 7632 1298 26029
internal_count=3451188 73692 30939 11335 3377496 151621 52950 21739 98671 7791 14120 6693 7427 6818 3544 19604 1488 31211 5182 7619 705 5092 2983 745 18116 1510 7488 2650 1653 91853 4679 783 3503 2748 3225875 3668 1424 13906 5286 16606 42753 1015 628 1279 2238 2462 4636 1142 626 598 1206 4218 3104 1059 2041 1733 1462 4838 1795 7632 1298 26029
cat_boundaries=0 3 7 10 13 17 21 24 27 29 33
cat_threshold=264452 19466394 268437856 17039360 278921216 0 4 230400 33816576 536870912 0 144 256 5292032 1074794496 3239645440 208 1075842084 1091045394 2415921216 1 0 2066 268437504 260 2048 268435520 256 17301640 13112065 33565696 4112 37
is_linear=0
shrinkage=0.05


Tree=81
num_leaves=63
num_cat=0
split_feature=6 8 15 7 3 7 41 36 17 35 41 41 28 27 8 41 28 17 34 27 38 31 28 28 1 26 7 20 41 44 26 44 47 7 41 9 4 41 34 10 41 44 30 8 44 30 27 38 39 26 46 7 46 40 7 7 38 37 44 41 4 1
split_gain=53613.4 1830.75 1691.38 1264.39 944.434 433.831 251.552 163.973 153.908 141.109 71.5194 135.011 65.3621 57.6112 52.958 49.957 103.451 48.4196 44.9373 43.7702 36.2135 34.6635 33.4812 38.7965 31.2587 27.9914 29.5927 26.7646 26.4685 28.9886 27.909 25.4756 24.624 22.2989 31.1884 22.2118 41.8652 21.3612 20.4894 19.5176 19.4863 18.9696 18.6296 18.3378 16.2634 15.4211 14.7528 14.7073 15.6486 14.5336 14.4583 13.9316 13.0066 12.734 12.5038 12.2795 11.1111 10.6609 11.0647 9.57786 9.09661 9.81869
threshold=1.0000000180025095e-35 1.0000000180025095e-35 1.0000000180025095e-35 1.0000000180025095e-35 1.0000000180025095e-35 1.0500000119209292 -0.98611506819725026 11.500000000000002 6.1833331584930429 1.0000000180025095e-35 0.91037613153457653 1.0000000180025095e-35 0.055752867832779891 0.03482263162732125 0.020833333954215053 1.0000000180025095e-35 0.021568628028035167 0.35416667163372045 1.0500000119209292 0.046430176123976714 21.500000000000004 0.05172413773834706 0.064705885946750655 0.0098039219155907648 1.0000000180025095e-35 0.029483099468052391 0.15000000223517421 2.1833333969116215 0.93540480732917797 -0.056951010599732392 0.010158416349440815 0.28313310444355017 -0.073562592267990098 0.15000000223517421 -0.88144907355308522 0.019669849425554279 1.0000000180025095e-35 0.68322628736495983 1.0000000180025095e-35 14.708333492279055 0.77259656786918651 -0.38243420422077173 0.060172412544488914 0.012500000651925804 0.44312302768230444 0.090754985809326186 0.061906902119517333 6.5000000000000009 0.19749999791383746 -0.0095975841395556909 -0.76820784807205189 0.15000000223517421 -0.70979335904121388 1.7624999880790713 0.15000000223517421 0.25000000745058065 21.500000000000004 2.3514999151229863 -0.94137725234031666 -0.35206145048141474 -1.0500000119209287 5.9500000476837167
decision_type=2 2 10 2 8 2 2 2 8 2 2 2 2 2 2 2 2 10 2 2 2 2 2 2 10 10 2 10 2 2 10 2 2 2 2 2 10 2 2 2 2 2 2 2 2 2 2 2 2 10 2 2 2 2 2 2 2 2 2 2 8 10
left_child=3 2 4 18 6 9 -2 -8 38 12 11 56 15 -13 35 20 19 22 -1 -17 47 -7 23 57 -16 26 37 -20 29 30 42 -27 46 -22 -35 -3 43 53 -6 -23 51 -28 50 -37 -24 -43 -31 -5 -49 -34 -21 -18 -51 -25 -48 -12 59 -15 -59 -11 61 -26
right_child=1 14 -4 5 8 21 7 -9 -10 10 55 13 -14 17 24 16 40 -19 27 28 33 39 44 25 60 31 41 -29 -30 32 -32 -33 49 34 -36 36 -38 -39 -40 -41 -42 45 -44 -45 -46 -47 54 48 -50 52 -52 -53 -54 -55 -56 -57 -58 58 -60 -61 -62 -63
leaf_value=0 0 2.5926177280982864e-07 2.0902259655892942e-11 0 0 0 5.4348083304029767e-12 0 0 0 0 0 0 0 -6.3891378123541677e-07 0 0 0 0 0 0 0 0 0 -0.0043191629324637517 0 0 0 0 0 0 0 0 0 0 -6.8995290967774711e-08 -6.7112379539914505e-06 0 0 0 0 0 0 3.7455757578409273e-08 0 0 0 0 0 0 0 0 0 0 0 0 0 0 0 0 0.00019522336298205407 0.17031037493791087
leaf_weight=2832700 497 904 7622 5925 5738 43136 2825 439 261 5231 3922 970 7660 1145 9682 4383 277 1547 379158 211 909 10344 664 982 493 633 1256 14017 2380 336 1980 507 394 541 1018 801 399 826 1874 32787 389 1092 995 795 203 471 386 1601 5180 342 399 408 2234 556 495 1964 1192 229 1326 2195 40642 720
leaf_count=2832700 497 904 7622 5925 5738 43136 2825 439 261 5231 3922 970 7660 1145 9682 4383 277 1547 379158 211 909 10344 664 982 493 633 1256 14017 2380 336 1980 507 394 541 1018 801 399 826 1874 32787 389 1092 995 795 203 471 386 1601 5180 342 399 408 2234 556 495 1964 1192 229 1326 2195 40642 720
internal_value=-0.0461839 -0.00399392 -0.0172445 -0.0471045 -0.0292389 -0.0426422 -0.00862736 -0.00358149 -0.0390852 -0.0395693 -0.0367925 -0.0354287 -0.0415132 -0.0320893 0.000693291 -0.0404848 -0.0384988 -0.0310971 -0.0473142 -0.0396053 -0.0425277 -0.0449701 -0.0298104 -0.0289086 0.00106317 -0.0267662 -0.025206 -0.0468133 -0.0378024 -0.0363896 -0.0396897 -0.0338596 -0.033564 -0.0369854 -0.0333563 -0.0058822 -0.00882832 -0.0293316 -0.0403797 -0.0439677 -0.0235242 -0.0217462 -0.0347897 -0.00520677 -0.0391955 -0.0180694 -0.027574 -0.0436042 -0.0420141 -0.0360185 -0.0279098 -0.0184489 -0.0346506 -0.0258485 -0.0241742 -0.0416641 -0.0402361 -0.0339259 -0.0312299 -0.0409554 0.00165542 -0.00261129
internal_weight=3.45119e+06 73692 19256 3.3775e+06 11634 151621 3761 3264 7873 65354 26911 21025 38443 12407 54436 30783 15609 11437 3.22588e+06 14535 15174 86267 9890 9023 51537 6323 5183 393175 10152 7772 3585 1140 4187 2468 1559 2899 1995 2364 7612 43131 1074 2819 1605 1596 867 1563 1217 12706 6781 2970 610 685 2576 1538 881 5886 8618 2700 1555 7426 41855 1213
internal_count=3451188 73692 19256 3377496 11634 151621 3761 3264 7873 65354 26911 21025 38443 12407 54436 30783 15609 11437 3225875 14535 15174 86267 9890 9023 51537 6323 5183 393175 10152 7772 3585 1140 4187 2468 1559 2899 1995 2364 7612 43131 1074 2819 1605 1596 867 1563 1217 12706 6781 2970 610 685 2576 1538 881 5886 8618 2700 1555 7426 41855 1213
is_linear=0
shrinkage=0.05


Tree=82
num_leaves=63
num_cat=0
split_feature=6 7 1 15 5 42 7 42 41 41 7 38 43 18 17 18 41 9 9 40 34 40 42 7 7 38 7 42 43 7 41 41 20 40 38 7 9 41 19 43 29 7 36 29 35 38 42 41 38 18 38 18 44 7 37 37 7 36 6 4 9 9
split_gain=53694.4 1264.39 1166.14 1024.39 903.631 743.189 1076.83 478.808 309.74 247.914 166.296 140.127 120.622 107.237 63.4871 55.4244 46.0514 45.2275 52.2057 54.1634 44.9373 40.1986 40.1516 38.9159 37.3727 34.8874 32.2127 39.6089 30.4214 28.6566 28.6354 28.0005 26.7646 25.6585 24.9492 101.347 23.0928 23.02 22.5321 22.0135 25.033 21.0854 20.0018 19.8665 19.4307 17.2118 18.1936 16.3932 22.9155 15.5784 14.9141 14.4 14.1199 18.0495 13.0975 25.6842 78.3779 12.8043 12.7303 12.7203 26.0169 32.185
threshold=1.0000000180025095e-35 1.0000000180025095e-35 1.0000000180025095e-35 1.0000000180025095e-35 -1.0000000180025095e-35 -0.35206145048141474 0.84999999403953563 -0.16280825436115262 -0.2901292592287063 -0.47114434838294977 0.15000000223517421 13.500000000000002 0.8431384563446046 5.3541667461395273 0.45000000298023229 0.94999998807907116 0.77259656786918651 0.030080261640250686 0.053826317191123969 1.7624999880790713 1.0500000119209292 1.7624999880790713 1.0000000180025095e-35 1.1500000357627871 0.25000000745058065 7.5000000000000009 2.0499999523162846 -0.81241145730018605 0.07411635667085649 0.25000000745058065 0.77259656786918651 0.72947329282760631 2.1833333969116215 1.5534999966621401 13.500000000000002 0.35000000894069677 0.019669849425554279 -0.52778512239456166 2.5000000000000004 -0.065535377711057649 5.2288856506347665 0.65000000596046459 3.5000000000000004 7.4136273860931405 0.75000000000000011 7.5000000000000009 -0.9103761315345763 -0.52778512239456166 7.5000000000000009 14.775000095367433 13.500000000000002 22.562500000000004 0.81304046511650097 0.15000000223517421 2.8605000972747807 4.5694999694824228 0.55000001192092907 3.5000000000000004 1.2500000000000002 1.0000000180025095e-35 0.023238184861838821 0.019669849425554279
decision_type=2 2 10 10 8 2 2 2 2 2 2 2 2 8 10 10 2 2 2 2 2 2 2 2 2 2 2 2 2 2 2 2 10 2 2 2 2 2 2 2 2 2 2 2 2 2 2 2 2 10 2 10 2 2 2 2 2 2 2 10 2 2
left_child=1 20 3 4 -2 6 8 11 47 14 16 17 15 37 36 31 21 -6 19 45 -1 25 23 29 -11 -10 27 -13 -26 -7 44 38 -22 -28 54 43 -9 -8 -12 -39 -41 -38 -33 52 -14 -19 -47 -3 -49 -17 -42 57 -36 -54 -24 56 -56 -15 -30 -4 61 -61
right_child=2 5 59 -5 7 22 13 9 10 24 12 26 30 51 -16 49 -18 18 -20 -21 32 -23 34 -25 28 -27 33 -29 58 -31 -32 42 -34 -35 35 -37 41 39 -40 40 50 -43 -44 -45 -46 46 -48 48 -50 -51 -52 -53 53 -55 55 -57 -58 -59 -60 60 -62 -63
leaf_value=0 -4.7862988894818388e-07 0 0.00018546219483295129 1.5317390828762907e-11 0 0 0 0 0 -1.7142879347698447e-08 0 0 0 0 0 0 0 -6.0374757535731633e-07 0 -5.8906994110462182e-07 0 0 0 0 0 0 0 -1.5131210828686304e-05 -5.65178257344371e-08 0 0 0 0 0 0 0 0 0 0 0 0 0 0 0 0 0 -2.7983064824901525e-07 0 0 0 0 0 0 0 0 0 0 0 0 0.0002183130026006811 1.8060057752910391e-05 -6.0401133404663913e-06
leaf_weight=2832700 5116 3382 34874 11859 1221 4559 2061 443 2712 334 1116 918 1250 1391 246 958 1832 776 1744 417 379158 1639 45599 9717 683 1041 467 385 504 2011 1020 378 14017 324 3074 15936 3898 2781 824 3553 352 990 802 1021 545 289 213 646 849 539 341 16358 328 220 1473 10652 4081 6580 244 433 6935 379
leaf_count=2832700 5116 3382 34874 11859 1221 4559 2061 443 2712 334 1116 918 1250 1391 246 958 1832 776 1744 417 379158 1639 45599 9717 683 1041 467 385 504 2011 1020 378 14017 324 3074 15936 3898 2781 824 3553 352 990 802 1021 545 289 213 646 849 539 341 16358 328 220 1473 10652 4081 6580 244 433 6935 379
internal_value=-0.0461832 -0.0471045 -0.00396135 -0.011328 -0.0184609 -0.0426422 -0.0378636 -0.0249936 -0.0285372 -0.0338321 -0.0249052 -0.0153857 -0.0196542 -0.043315 -0.0390008 -0.024628 -0.0303073 -0.0105579 -0.013493 -0.0197419 -0.0473142 -0.0279803 -0.0452065 -0.0429381 -0.0175 -0.0308333 -0.0261294 -0.0309612 -0.021015 -0.0399658 -0.0114964 -0.0208333 -0.0468133 -0.01817 -0.045655 -0.0441471 -0.0401468 -0.0386807 -0.0171392 -0.0373178 -0.035053 -0.0411375 -0.0269068 -0.0376465 -0.00769499 -0.0248474 -0.0320618 -0.039452 -0.035092 -0.0325367 -0.02636 -0.0450461 -0.0393829 -0.0319891 -0.0461571 -0.0449361 -0.0421795 -0.0433035 -0.0279813 0.00140899 -0.000423712 -0.00889163
internal_weight=3.45119e+06 3.3775e+06 73692 31071 19212 151621 52950 14096 19533 7342 14656 6754 7432 33417 5577 4617 7224 4660 3439 1695 3.22588e+06 5392 98671 16287 1765 3753 2094 1303 1431 6570 2815 3120 393175 791 82384 20579 5331 9088 1940 7027 4246 4888 1180 4643 1795 1278 502 4877 1495 1497 693 24329 3622 548 61805 16206 5554 7971 748 42621 7747 812
internal_count=3451188 3377496 73692 31071 19212 151621 52950 14096 19533 7342 14656 6754 7432 33417 5577 4617 7224 4660 3439 1695 3225875 5392 98671 16287 1765 3753 2094 1303 1431 6570 2815 3120 393175 791 82384 20579 5331 9088 1940 7027 4246 4888 1180 4643 1795 1278 502 4877 1495 1497 693 24329 3622 548 61805 16206 5554 7971 748 42621 7747 812
is_linear=0
shrinkage=0.05


Tree=83
num_leaves=63
num_cat=6
split_feature=6 8 15 7 3 7 41 0 35 5 17 0 41 41 0 41 27 27 18 28 28 41 8 34 0 7 31 28 23 41 44 26 47 26 44 43 29 28 24 7 41 9 4 41 41 0 27 9 7 5 8 43 0 7 29 41 29 43 41 43 3 18
split_gain=55107.1 1443.14 1327.41 1264.39 677.153 433.831 256.012 161.518 141.109 139.336 125.401 74.12 71.5194 135.011 69.644 58.3842 70.4719 57.6112 67.3347 55.5009 61.2722 48.5628 48.3672 44.9373 43.8587 36.4737 34.6324 30.585 26.689 24.8506 31.9508 36.5112 29.3016 24.3937 40.2387 24.9755 22.0583 20.5605 20.29 20.0693 25.6998 19.806 44.9625 19.0982 17.6514 19.7455 17.5702 17.1461 17.049 16.4655 28.6627 16.3512 16.0744 15.9752 15.7661 15.0984 14.9314 16.3342 13.8032 13.4048 13.298 13.042
threshold=1.0000000180025095e-35 1.0000000180025095e-35 1.0000000180025095e-35 1.0000000180025095e-35 1.0000000180025095e-35 1.0500000119209292 -0.98611506819725026 0 1.0000000180025095e-35 -1.0000000180025095e-35 6.1833331584930429 1 0.91037613153457653 1.0000000180025095e-35 2 1.0000000180025095e-35 0.046430176123976714 0.03482263162732125 0.77500000596046459 0.064705885946750655 0.021568628028035167 0.41248606145381933 0.020833333954215053 1.0500000119209292 3 0.15000000223517421 0.05172413773834706 0.048057714477181442 0.31821499764919287 0.93540480732917797 -0.056951010599732392 0.0050803225021809348 0.3056569397449494 0.024602472782135013 0.28313310444355017 -0.31799228489398951 1.4773575663566592 0.055752867832779891 -0.01479919347912073 0.15000000223517421 -1.0000000180025095e-35 0.019669849425554279 1.0000000180025095e-35 -0.9103761315345763 0.81241145730018627 4 0.061906902119517333 0.083310179412364974 0.15000000223517421 -1.0000000180025095e-35 0.012500000651925804 0.82899317145347606 5 0.15000000223517421 0.96581566333770763 -0.47114434838294977 9.6459851264953631 0.9970000982284547 -0.72947329282760609 0.9159645438194276 0.15000000223517421 9.0500001907348651
decision_type=2 2 10 2 8 2 2 9 2 8 8 9 2 2 9 2 2 2 10 2 2 2 2 2 9 2 2 2 10 2 2 10 2 10 2 2 2 2 10 2 2 2 10 2 2 9 2 2 2 10 2 2 9 2 2 2 2 2 2 2 10 10
left_child=3 2 4 23 6 8 -2 -8 11 -6 14 39 13 -10 48 -13 -17 -15 25 20 29 38 41 -1 26 44 -7 51 52 30 31 36 46 35 -35 -27 -18 54 47 40 -5 -3 49 -41 45 -19 -32 -16 -11 -43 -51 -22 -25 -48 -37 -50 57 -34 -28 -20 -23 -26
right_child=1 22 -4 5 9 24 7 -9 12 10 -12 15 -14 17 21 16 19 18 59 -21 27 60 -24 28 61 33 58 -29 -30 -31 32 -33 56 34 -36 37 -38 -39 -40 43 -42 42 -44 -45 -46 -47 53 -49 55 50 -52 -53 -54 -55 -56 -57 -58 -59 -60 -61 -62 -63
leaf_value=0 0 2.4635522044092852e-07 1.909127713166015e-11 0 -1.6623166097267574e-07 0 -2.7174041652014887e-13 5.1630679138828284e-12 0 0 0 0 0 0 0 0 0 0 0 0 0 0 1.7830795406737201e-06 0 0 0 0 0 0 0 0 0 0 0 0 0 0 0 0 0 0 1.3007161502271431e-07 -7.2786789439373282e-06 0 0 0 0 0 0 -7.0437909862246638e-08 -1.1762253371806756e-05 0 0 0 0 0 0 0 0 0 0 0
leaf_weight=2832700 497 904 7622 1966 297 7971 450 2814 8618 312 258 14256 5886 970 638 6369 648 1307 3450 2917 287 289 51537 29088 21526 427 2214 445 17865 2309 459 2138 1649 621 399 1182 615 204 4954 505 598 766 399 957 725 1739 525 260 428 398 432 415 346222 649 1004 232 533 203 9908 379 205 44648
leaf_count=2832700 497 904 7622 1966 297 7971 450 2814 8618 312 258 14256 5886 970 638 6369 648 1307 3450 2917 287 289 51537 29088 21526 427 2214 445 17865 2309 459 2138 1649 621 399 1182 615 204 4954 505 598 766 399 957 725 1739 525 260 428 398 432 415 346222 649 1004 232 533 203 9908 379 205 44648
internal_value=-0.0461712 -0.00339752 -0.015162 -0.0471045 -0.0257878 -0.0426422 -0.00833488 -0.00324449 -0.0395693 -0.0341252 -0.0354422 -0.0415132 -0.0367925 -0.0354287 -0.03665 -0.04231 -0.0405906 -0.0320893 -0.0310971 -0.0385818 -0.0369391 -0.0386068 0.000764017 -0.0473142 -0.0449701 -0.0283754 -0.0425667 -0.0260092 -0.0468133 -0.0382278 -0.036818 -0.0403844 -0.0337992 -0.0249433 -0.0315686 -0.0225444 -0.0336441 -0.0205544 -0.0399385 -0.0345107 -0.0372621 -0.00552001 -0.008302 -0.0299213 -0.0318675 -0.0301986 -0.028639 -0.0330234 -0.0232383 -0.00454887 -0.00942771 -0.0195085 -0.0469032 -0.0253961 -0.0191377 -0.0280303 -0.0373323 -0.0394546 -0.0409046 -0.036505 -0.0236134 -0.0456865
internal_weight=3.45119e+06 73692 19256 3.3775e+06 11634 151621 3761 3264 65354 7873 7576 38443 26911 21025 7318 34417 20161 12407 11437 13792 10875 6346 54436 3.22588e+06 86267 7608 20093 1147 393175 9728 7419 3401 4018 3837 1020 2817 1263 2390 5852 4026 2564 2899 1995 1462 3771 3046 1633 898 972 1596 830 702 375310 1174 2186 660 2385 1852 12122 3829 494 66174
internal_count=3451188 73692 19256 3377496 11634 151621 3761 3264 65354 7873 7576 38443 26911 21025 7318 34417 20161 12407 11437 13792 10875 6346 54436 3225875 86267 7608 20093 1147 393175 9728 7419 3401 4018 3837 1020 2817 1263 2390 5852 4026 2564 2899 1995 1462 3771 3046 1633 898 972 1596 830 702 375310 1174 2186 660 2385 1852 12122 3829 494 66174
cat_boundaries=0 4 8 12 16 20 23
cat_threshold=1097728 1074790404 3231187200 128 134250496 8388608 536870944 132 1713504256 1074069516 3221225476 3 19144704 3114860720 269549920 128 16777476 17563782 0 4 671155456 25165826 268435520
is_linear=0
shrinkage=0.05


Tree=84
num_leaves=63
num_cat=9
split_feature=6 7 1 3 5 15 42 0 18 0 42 0 42 43 7 42 7 7 0 42 9 7 18 7 7 34 0 42 42 42 42 7 7 0 23 43 7 36 31 7 7 18 7 34 0 26 0 7 7 0 21 10 7 42 6 42 42 15 7 4 9 9
split_gain=55232 1264.39 914.979 850.873 746.2 946.852 743.189 1131.42 388.712 330.652 201.727 198.832 193.606 122.382 100.619 84.7347 79.2092 69.6302 83.6638 59.9216 59.3271 54.4931 52.2585 51.6383 45.8316 44.9373 44.1518 42.3076 42.2122 38.7222 35.996 30.8497 29.1412 29.021 26.689 26.271 25.4066 24.0475 22.7273 21.1516 24.3211 20.8626 20.3691 18.7829 18.0298 16.4089 16.0744 15.8612 20.836 15.0547 14.5982 21.5178 13.9577 13.1326 13.0997 12.985 73.6776 68.748 16.2602 12.7203 26.0169 32.185
threshold=1.0000000180025095e-35 1.0000000180025095e-35 1.0000000180025095e-35 1.0000000180025095e-35 -1.0000000180025095e-35 1.0000000180025095e-35 -0.35206145048141474 0 0.77500000596046459 1 -0.16280825436115262 2 0.88144907355308544 0.82414472103118908 1.5500000119209292 -0.72947329282760609 0.84999999403953563 0.55000001192092907 3 -0.9103761315345763 0.081246752291917815 0.15000000223517421 8.9499998092651385 0.15000000223517421 0.94999998807907116 1.0500000119209292 4 -0.72947329282760609 -0.032701563090086067 -0.63405361771583546 -0.81241145730018605 2.5499999523162846 0.15000000223517421 5 0.31821499764919287 0.3744682669639588 0.45000000298023229 4.5000000000000009 0.05172413773834706 1.1500000357627871 0.25000000745058065 8.0500001907348651 0.15000000223517421 0.25000000745058065 6 -0.01334669394418597 7 2.2500000000000004 0.15000000223517421 8 8.5833334922790545 49.625000000000007 1.0500000119209292 -0.72947329282760609 2.8500000238418584 -0.16280825436115262 0.16280825436115268 1.0000000180025095e-35 0.15000000223517421 1.0000000180025095e-35 0.023238184861838821 0.019669849425554279
decision_type=2 2 10 8 8 8 2 9 10 9 2 9 2 2 2 2 2 2 9 2 2 2 10 2 2 2 9 2 2 2 2 2 2 9 10 2 2 2 2 2 2 10 2 2 9 10 9 2 2 9 10 2 2 2 2 2 2 10 2 10 2 2
left_child=1 25 3 44 -5 10 7 8 13 14 11 19 22 15 21 26 53 18 35 -6 30 -8 -12 27 29 -1 47 -15 39 43 -21 42 -17 -26 46 -9 -23 -34 -18 40 -11 -19 -28 -25 55 -35 -27 48 -3 -31 -46 -52 -39 -10 -53 -2 57 58 -57 -4 61 -61
right_child=2 6 59 4 5 -7 9 17 16 28 12 -13 -14 23 -16 32 38 41 -20 20 -22 36 -24 24 33 34 31 -29 -30 49 -32 -33 37 45 -36 -37 -38 52 -40 -41 -42 -43 -44 -45 50 -47 -48 -49 -50 -51 51 54 -54 -55 -56 56 -58 -59 -60 60 -62 -63
leaf_value=0 -2.1605388790313212e-07 0 0.00017609993111427011 -5.5550618262530693e-07 0 1.3596957430741754e-11 0 0 0 0 0 0 0 0 0 0 0 0 0 0 0 0 0 0 0 0 0 0 0 0 0 0 0 0 0 0 0 0 0 0 0 0 0 0 1.3587020826007444e-14 0 0 0 0 0 3.0582756225831416e-08 -5.5907821394858529e-08 0 0 -2.1235555755944835e-07 0 -5.5819921716435493e-08 -2.9295032530366132e-08 0 0.00020735430024795116 1.7067900888231152e-05 -5.37417372624624e-06
leaf_weight=2832700 3683 669 34874 4208 964 2741 3668 823 1827 3496 4391 1160 455 969 1726 1437 2865 7202 3529 242 314 1132 329 1221 341 29088 1744 570 77947 221 258 288 664 203 17865 830 292 848 2570 8620 1790 18827 1235 509 8266 327 346222 318 619 783 492 202 361 1150 241 351 2156 386 232 433 6935 379
leaf_count=2832700 3683 669 34874 4208 964 2741 3668 823 1827 3496 4391 1160 455 969 1726 1437 2865 7202 3529 242 314 1132 329 1221 341 29088 1744 570 77947 221 258 288 664 203 17865 830 292 848 2570 8620 1790 18827 1235 509 8266 327 346222 318 619 783 492 202 361 1150 241 351 2156 386 232 433 6935 379
internal_value=-0.0461701 -0.0471045 -0.00334799 -0.00987327 -0.0184036 -0.0253331 -0.0426422 -0.0378636 -0.0290497 -0.0452065 -0.0339169 -0.023453 -0.0398575 -0.0237512 -0.0343226 -0.0275501 -0.0374786 -0.0439791 -0.0387003 -0.0338954 -0.0240971 -0.0308366 -0.0428602 -0.017708 -0.0144348 -0.0473142 -0.0233568 -0.0253752 -0.0460057 -0.0112527 -0.0134 -0.0267569 -0.0337236 -0.0244231 -0.0468133 -0.0286636 -0.0225351 -0.0296143 -0.0410695 -0.043473 -0.0409828 -0.045047 -0.0253281 -0.00671965 -0.00184755 -0.031713 -0.0469032 -0.0161726 -0.0138043 -0.0190637 -0.000401422 -0.00632353 -0.0254156 -0.0309229 -0.0143172 -0.00379583 -0.006172 -0.0176238 -0.0284605 0.00140899 -0.000423712 -0.00889163
internal_weight=3.45119e+06 3.3775e+06 73692 31071 15062 10854 151621 52950 21739 98671 8113 2938 5175 13327 6818 8183 8412 31211 5182 1778 814 5092 4720 5144 3605 3.22588e+06 4873 1539 91853 2734 500 3267 3310 871 393175 1653 1424 1873 5435 13906 5286 26029 2979 1730 16009 530 375310 1606 1288 1004 9201 935 1209 2977 443 6808 3125 969 583 42621 7747 812
internal_count=3451188 3377496 73692 31071 15062 10854 151621 52950 21739 98671 8113 2938 5175 13327 6818 8183 8412 31211 5182 1778 814 5092 4720 5144 3605 3225875 4873 1539 91853 2734 500 3267 3310 871 393175 1653 1424 1873 5435 13906 5286 26029 2979 1730 16009 530 375310 1606 1288 1004 9201 935 1209 2977 443 6808 3125 969 583 42621 7747 812
cat_boundaries=0 3 7 11 14 17 20 24 27 29
cat_threshold=264452 19466394 268437856 17039360 278921216 0 4 185663744 8388768 8392992 6 230400 33816576 536870912 0 2064 268435712 0 128 256 2218842404 160962570 295800913 208 671155456 25165826 268435520 0 524290
is_linear=0
shrinkage=0.05


Tree=85
num_leaves=63
num_cat=0
split_feature=6 7 2 42 7 16 42 41 41 1 7 18 1 38 18 42 18 37 43 41 34 42 7 42 7 40 7 38 7 41 39 41 23 37 43 38 7 28 6 41 19 14 10 49 7 34 29 18 1 36 37 1 36 37 18 40 37 37 7 41 39 34
split_gain=55349.5 1240.5 927.959 723.592 1088.4 653.532 809.194 645.227 314.712 211.954 158.635 145.177 100.652 108.999 95.3723 72.2044 63.1314 58.0004 56.4443 45.3791 44.6569 39.3905 38.6683 38.1546 66.3755 36.5082 35.6052 35.516 31.4359 31.1118 28.0599 27.988 24.6013 24.0142 22.691 22.6288 95.5394 24.1785 22.3795 22.3199 21.5903 20.7268 24.3915 29.5343 19.6621 19.4441 19.4272 17.6465 17.5876 17.0851 16.4633 15.566 15.5048 15.2332 13.7469 13.6518 13.1817 24.4765 83.5716 12.3917 12.0118 11.7154
threshold=1.0000000180025095e-35 1.0000000180025095e-35 1.0000000180025095e-35 -0.35206145048141474 1.0500000119209292 1.0000000180025095e-35 -0.16280825436115262 -0.47114434838294977 -0.2901292592287063 1.0000000180025095e-35 0.15000000223517421 0.77500000596046459 1.0000000180025095e-35 21.500000000000004 1.5500000119209292 -0.81241145730018605 0.64583334326744091 2.8605000972747807 0.8431384563446046 0.77259656786918651 1.0500000119209292 1.0000000180025095e-35 0.35000000894069677 -0.9103761315345763 0.55000001192092907 1.7624999880790713 1.1500000357627871 7.5000000000000009 0.25000000745058065 0.68322628736495983 0.63500002026557933 0.77259656786918651 0.31821499764919287 3.3805000782012944 0.9159645438194276 11.500000000000002 0.35000000894069677 0.013725490774959328 1.9499999880790713 -0.63405361771583546 3.5000000000000004 7.7500000000000009 28.375000000000004 32.549999237060554 2.3500000238418584 0.55000001192092907 11.614921569824221 18.854166984558109 1.0000000180025095e-35 3.5000000000000004 6.7225000858306894 1.0000000180025095e-35 3.5000000000000004 1.1215000152587893 19.562500000000004 2.3645000457763676 2.8605000972747807 5.1965000629425058 0.55000001192092907 -0.52778512239456166 0.19749999791383746 1.0000000180025095e-35
decision_type=2 2 10 2 2 8 2 2 2 10 2 10 10 2 8 2 10 2 2 2 2 2 2 2 2 2 2 2 2 2 2 2 10 2 2 2 2 2 2 2 2 8 2 2 2 2 2 10 10 2 2 10 2 2 10 2 2 2 2 2 2 2
left_child=1 20 5 4 8 6 12 9 49 16 19 18 13 17 39 22 -8 -2 29 25 -1 26 -15 24 33 27 28 -10 -5 30 60 45 -22 -19 54 56 37 -37 -18 -6 -31 -7 -43 -44 -25 -20 61 52 -45 59 -39 -4 -16 -51 -13 -46 -23 58 -58 -3 -12 -41
right_child=2 3 51 21 14 41 7 -9 10 -11 11 34 -14 15 47 -17 38 23 31 -21 32 35 -24 44 -26 -27 -28 -29 -30 40 -32 -33 -34 -35 -36 36 -38 50 -40 46 -42 42 43 48 55 -47 -48 -49 -50 53 -52 -53 -54 -55 -56 -57 57 -59 -60 -61 -62 -63
leaf_value=0 0 0 -4.7236707472196209e-07 0 0 1.7456865403540055e-11 0 -5.0170038954602913e-08 0 -5.1054650399340321e-06 0 0 -5.1054650399340321e-06 0 0 0 0 0 0 0 0 0 0 -3.8225573928229109e-08 0 0 0 0 0 0 0 0 0 -4.5457794506235689e-08 0 0 0 0 -6.7935104130037221e-16 0 0 -2.6238142735291828e-06 -1.436741424894882e-05 -2.0377518743088579e-07 0 0 0 0 -0.0011509469121782007 0 0 0.00016729493455855672 0 0 0 0 0 0 0 0 0 0
leaf_weight=2831697 2887 561 7603 4632 1228 8798 4688 2273 2754 410 510 1302 3990 526 1564 265 608 363 1303 1779 374540 45678 211 983 524 1694 9634 1040 1998 1185 443 925 17912 321 202 2254 18774 1781 251 2800 215 1822 647 453 393 319 422 17836 261 257 557 35079 6857 3874 527 253 1465 9096 2810 317 855 2392
leaf_count=2831697 2887 561 7603 4632 1228 8798 4688 2273 2754 410 510 1302 3990 526 1564 265 608 363 1303 1779 374540 45678 211 983 524 1694 9634 1040 1998 1185 443 925 17912 321 202 2254 18774 1781 251 2800 215 1822 647 453 393 319 422 17836 261 257 557 35079 6857 3874 527 253 1465 9096 2810 317 855 2392
internal_value=-0.0461713 -0.0471065 -0.00327918 -0.04269 -0.0379874 -0.0098743 -0.0156542 -0.0274453 -0.028798 -0.0360933 -0.0251855 -0.0202267 -0.00659854 -0.0103308 -0.0435573 -0.0255439 -0.0386574 -0.00766771 -0.0161707 -0.0304985 -0.0473145 -0.0452234 -0.0335923 -0.012745 -0.0194785 -0.0282489 -0.0429747 -0.0309739 -0.0401546 -0.0205829 -0.01625 -0.0106135 -0.0468147 -0.0297368 -0.0317196 -0.0456672 -0.0443501 -0.0378855 -0.0261962 -0.0382995 -0.0261786 -0.000734288 -0.0041918 -0.00925606 -0.00775169 -0.00665536 -0.0369638 -0.0449274 -0.0162675 -0.0396541 -0.0414478 0.00149958 -0.0430409 -0.0410004 -0.0334759 -0.0145279 -0.0461884 -0.0448076 -0.0416871 -0.03332 -0.0127015 -0.0378024
internal_weight=3.4496e+06 3.37599e+06 73609 151840 53161 30927 18946 8230 20062 5957 15053 7786 10716 6726 33099 1002 5547 5724 5755 7267 3.22415e+06 98679 737 2837 1208 5488 16264 3794 6630 3208 1808 2547 392452 684 2031 82415 23366 4592 859 6842 1400 11981 3183 1361 1629 1622 5614 26257 714 5009 2338 42682 8421 4131 1829 646 59049 13371 4275 878 1365 5192
internal_count=3449598 3375989 73609 151840 53161 30927 18946 8230 20062 5957 15053 7786 10716 6726 33099 1002 5547 5724 5755 7267 3224149 98679 737 2837 1208 5488 16264 3794 6630 3208 1808 2547 392452 684 2031 82415 23366 4592 859 6842 1400 11981 3183 1361 1629 1622 5614 26257 714 5009 2338 42682 8421 4131 1829 646 59049 13371 4275 878 1365 5192
is_linear=0
shrinkage=0.05


Tree=86
num_leaves=63
num_cat=0
split_feature=6 7 8 17 3 42 7 41 41 42 41 7 18 42 18 3 39 43 1 8 41 34 42 7 16 8 7 41 39 41 23 43 41 19 42 28 39 19 7 37 37 7 34 29 18 36 36 37 13 10 6 43 39 39 19 18 44 17 3 41 39 34
split_gain=56132.9 1240.5 1079.79 1088.32 781.561 723.592 1088.4 314.712 287.698 217.692 408.896 158.635 145.177 121.51 95.3723 82.222 59.9517 56.4443 51.469 50.4878 45.3791 44.6569 39.3905 35.6052 33.1845 33.1721 31.4359 31.1118 28.0599 27.988 24.6013 22.691 22.3199 21.5903 20.8233 20.7363 21.803 58.1873 37.9451 21.1031 35.5628 35.3464 19.4441 19.4272 17.6465 17.0851 15.5048 15.2332 15.155 30.6228 32.3247 14.7983 14.3607 14.0356 15.9999 13.7469 13.6886 13.4788 20.1973 12.3917 12.0118 11.7154
threshold=1.0000000180025095e-35 1.0000000180025095e-35 1.0000000180025095e-35 1.0000000180025095e-35 1.0000000180025095e-35 -0.35206145048141474 1.0500000119209292 -0.2901292592287063 -0.98611506819725026 -0.16280825436115262 -0.47114434838294977 0.15000000223517421 0.77500000596046459 -0.81241145730018605 1.5500000119209292 1.1500000357627871 0.78499999642372142 0.8431384563446046 1.0000000180025095e-35 0.020833333954215053 0.77259656786918651 1.0500000119209292 1.0000000180025095e-35 1.1500000357627871 1.0000000180025095e-35 0.012500000651925804 0.25000000745058065 0.68322628736495983 0.63500002026557933 0.77259656786918651 0.31821499764919287 0.9159645438194276 -0.63405361771583546 3.5000000000000004 -0.9103761315345763 0.013725490774959328 0.65450000762939464 2.5000000000000004 0.35000000894069677 2.8605000972747807 3.9864999055862431 0.84999999403953563 0.55000001192092907 11.614921569824221 18.854166984558109 3.5000000000000004 3.5000000000000004 1.1215000152587893 12.062500000000002 50.958333969116218 2.2500000000000004 0.9159645438194276 0.63500002026557933 0.13900000229477885 2.5000000000000004 19.562500000000004 -0.66527268290519703 5.3541667461395273 1.0000000180025095e-35 -0.52778512239456166 0.19749999791383746 1.0000000180025095e-35
decision_type=2 2 2 8 8 2 2 2 2 2 2 2 10 2 8 10 2 2 10 2 2 2 2 2 8 2 2 2 2 2 10 2 2 2 2 2 2 2 2 2 2 2 2 2 10 2 2 2 10 2 2 2 2 2 2 10 2 10 10 2 2 2
left_child=1 21 3 4 8 6 7 45 -2 13 -11 20 17 16 32 -15 34 27 48 25 51 -1 23 26 57 -20 -7 28 60 42 -23 55 -8 -29 -6 36 39 -38 56 -24 41 -41 -19 61 46 59 -16 -47 -4 -50 -51 52 53 54 -9 -14 -39 58 -5 -3 -13 -34
right_child=2 5 18 24 9 22 14 11 -10 10 -12 12 31 15 44 -17 -18 29 19 -21 -22 30 35 -25 -26 -27 -28 33 -30 -31 -32 -33 43 -35 -36 -37 37 38 -40 40 -42 -43 -44 -45 -46 47 -48 -49 49 50 -52 -53 -54 -55 -56 -57 -58 -59 -60 -61 -62 -63
leaf_value=0 -6.7935104130037221e-16 0 -6.586337927693162e-07 -6.7255752369995376e-16 0 0 0 0 1.2907669784707072e-14 0 2.5085019477301456e-09 0 0 0 0 0 0 0 -0.0047664604472232499 0.00015893018783062903 0 0 0 0 1.6584022133363052e-11 -7.5128604931626323e-06 0 0 0 0 0 0 0 0 0 0 0 0 0 0 0 0 0 0 0 0 0 0 2.2195079208628149e-07 -4.5782706967857776e-08 -1.9533665692077666e-07 0 0 0 0 0 0 0 0 0 0 0
leaf_weight=2831697 435 561 10785 285 827 4632 1228 231 2911 4206 532 510 1302 844 1564 280 254 1303 377 41862 1779 374540 15554 9634 7632 374 1998 1185 443 925 17912 202 2800 215 283 51528 4490 252 1843 1182 5010 715 319 422 17836 257 6857 3874 499 205 325 1134 848 2366 909 527 1841 323 370 317 855 2392
leaf_count=2831697 435 561 10785 285 827 4632 1228 231 2911 4206 532 510 1302 844 1564 280 254 1303 377 41862 1779 374540 15554 9634 7632 374 1998 1185 443 925 17912 202 2800 215 283 51528 4490 252 1843 1182 5010 715 319 422 17836 257 6857 3874 499 205 325 1134 848 2366 909 527 1841 323 370 317 855 2392
internal_value=-0.0461647 -0.0471065 -0.00297012 -0.0131709 -0.0239188 -0.04269 -0.0379874 -0.028798 -0.00394053 -0.0331698 -0.0394586 -0.0251855 -0.0202267 -0.0211937 -0.0435573 -0.00902135 -0.0312243 -0.0161707 0.000625012 0.0014346 -0.0304985 -0.0473145 -0.0452234 -0.0429747 2.61325e-05 -0.0114148 -0.0401546 -0.0205829 -0.01625 -0.0106135 -0.0468147 -0.0317196 -0.0382995 -0.0261786 -0.0362387 -0.0456672 -0.0446428 -0.0424739 -0.0380361 -0.0454565 -0.0431566 -0.037326 -0.00665536 -0.0369638 -0.0449274 -0.0396541 -0.0430409 -0.0410004 -0.00229516 -0.00809281 -0.0164623 -0.0282489 -0.029574 -0.0281617 -0.0327193 -0.0334759 -0.0334293 -0.00864519 -0.0127672 -0.03332 -0.0127015 -0.0378024
internal_weight=3.4496e+06 3.37599e+06 73609 19182 10572 151840 53161 20062 3346 7226 4738 15053 7786 2488 33099 1124 1364 5755 54427 42613 7267 3.22415e+06 98679 16264 8610 751 6630 3208 1808 2547 392452 2031 6842 1400 1110 82415 30887 8426 3936 22461 6907 1897 1622 5614 26257 5009 8421 4131 11814 1029 530 5488 4354 3506 1140 1829 2093 978 655 878 1365 5192
internal_count=3449598 3375989 73609 19182 10572 151840 53161 20062 3346 7226 4738 15053 7786 2488 33099 1124 1364 5755 54427 42613 7267 3224149 98679 16264 8610 751 6630 3208 1808 2547 392452 2031 6842 1400 1110 82415 30887 8426 3936 22461 6907 1897 1622 5614 26257 5009 8421 4131 11814 1029 530 5488 4354 3506 1140 1829 2093 978 655 878 1365 5192
is_linear=0
shrinkage=0.05


Tree=87
num_leaves=63
num_cat=0
split_feature=6 7 8 3 17 42 7 41 42 41 7 18 42 18 3 39 43 2 41 42 40 17 7 38 33 7 41 39 41 16 23 43 38 7 28 41 19 42 8 29 49 10 4 1 18 33 37 1 37 41 39 18 37 37 7 4 8 3 8 2 39 7
split_gain=56732.3 1240.5 963.972 1134.97 880.131 723.592 1088.4 314.712 217.692 408.896 158.635 145.177 121.51 95.3723 82.222 59.9517 56.4443 53.0648 45.3791 39.3905 36.5082 35.7019 35.6052 35.516 35.0956 31.4359 31.1118 28.0599 27.988 24.8824 23.3614 22.691 22.6288 95.5394 24.1785 22.3199 21.5903 20.8233 20.6582 19.4272 19.3253 43.5846 23.5349 26.8845 17.6465 17.3218 16.4633 15.7456 14.7076 16.5553 14.4881 13.7469 13.1817 24.4765 83.5716 12.7878 39.2074 15.189 12.6888 24.3794 12.0118 11.5613
threshold=1.0000000180025095e-35 1.0000000180025095e-35 1.0000000180025095e-35 1.0000000180025095e-35 1.0000000180025095e-35 -0.35206145048141474 1.0500000119209292 -0.2901292592287063 -0.16280825436115262 -0.47114434838294977 0.15000000223517421 0.77500000596046459 -0.81241145730018605 1.5500000119209292 1.1500000357627871 0.78499999642372142 0.8431384563446046 1.0000000180025095e-35 0.77259656786918651 1.0000000180025095e-35 1.7624999880790713 6.1833331584930429 1.1500000357627871 7.5000000000000009 1.0000000180025095e-35 0.25000000745058065 0.68322628736495983 0.63500002026557933 0.77259656786918651 1.0000000180025095e-35 0.31821499764919287 0.9159645438194276 11.500000000000002 0.35000000894069677 0.013725490774959328 -0.63405361771583546 3.5000000000000004 -0.9103761315345763 0.020833333954215053 11.614921569824221 24.391667366027836 50.958333969116218 -1.0000000180025095e-35 1.0000000180025095e-35 18.854166984558109 1.0000000180025095e-35 6.7225000858306894 1.0000000180025095e-35 2.7055000066757207 -0.52778512239456166 0.37000000476837164 19.562500000000004 2.8605000972747807 5.1965000629425058 0.55000001192092907 1.0000000180025095e-35 0.012500000651925804 1.0000000180025095e-35 0.070833336561918273 1.0500000119209292 0.19749999791383746 3.1499999761581425
decision_type=2 2 2 8 8 2 2 2 2 2 2 10 2 8 10 2 2 10 2 2 2 8 2 2 2 2 2 2 2 10 10 2 2 2 2 2 2 2 2 2 2 2 10 10 10 2 2 10 2 2 2 10 2 2 2 10 2 10 2 10 2 2
left_child=1 24 3 -2 8 6 7 48 12 -10 18 16 15 35 -14 37 26 38 20 22 23 29 25 -9 -1 -7 27 60 45 -6 -26 51 52 34 -34 -8 -28 -5 55 -37 -40 -42 -43 -44 -15 -18 -36 58 49 -3 -51 -13 -21 54 -54 57 -57 -4 -19 -60 -12 -41
right_child=2 5 17 4 21 19 13 10 9 -11 11 31 14 44 -16 -17 28 47 -20 32 -22 -23 -24 -25 30 -27 36 -29 -30 -31 -32 -33 33 -35 46 39 -38 -39 40 61 41 42 43 -45 -46 -47 -48 -49 -50 50 -52 -53 53 -55 -56 56 -58 -59 59 -61 -62 -63
leaf_value=0 3.3967552065018612e-17 0 -2.1146690962027481e-08 0 0 0 0 0 0 2.3830768503436384e-09 0 0 0 0 0 0 0 4.4892449638530679e-07 0 0 0 1.1891933879786722e-09 0 0 0 0 0 0 0 -4.6653756827031452e-10 0 0 0 0 0 0 0 0 -1.0253874742079539e-07 0 -2.515585472317736e-06 -0.00081555007000058309 -1.8715403048462105e-07 -0.0011013460759608221 0 0 0 0.00015098367843909764 0 0 0 0 0 0 0 -0.0045284067172733774 -7.3899822185530262e-06 -2.909194128780783e-08 -0.00014325090034278688 1.23670885180673e-07 0 0
leaf_weight=2528329 8634 2181 1147 827 393 4632 1228 2754 4206 532 510 1302 844 8421 280 254 1095 2771 1779 45678 1694 2266 9634 1040 669721 1998 1185 443 925 663 26099 202 2254 18774 1781 5192 215 283 7841 206 1849 208 347 214 17836 527 557 35079 1770 558 500 527 1465 9096 2810 375 340 278 1338 2640 855 216
leaf_count=2528329 8634 2181 1147 827 393 4632 1228 2754 4206 532 510 1302 844 8421 280 254 1095 2771 1779 45678 1694 2266 9634 1040 669721 1998 1185 443 925 663 26099 202 2254 18774 1781 5192 215 283 7841 206 1849 208 347 214 17836 527 557 35079 1770 558 500 527 1465 9096 2810 375 340 278 1338 2640 855 216
internal_value=-0.0461597 -0.0471065 -0.00273509 -0.0123733 -0.0233769 -0.04269 -0.0379874 -0.028798 -0.0331698 -0.0394586 -0.0251855 -0.0202267 -0.0211937 -0.0435573 -0.00902135 -0.0312243 -0.0161707 0.000661758 -0.0304985 -0.0452234 -0.0282489 -0.00207556 -0.0429747 -0.0309739 -0.0473145 -0.0401546 -0.0205829 -0.01625 -0.0106135 -0.00966856 -0.0470001 -0.0317196 -0.0456672 -0.0443501 -0.0378855 -0.0382995 -0.0261786 -0.0362387 -0.00218291 -0.0369638 -0.00126709 -0.00498663 -0.0149902 -0.0203164 -0.0449274 -0.00665536 -0.0414478 0.0015186 -0.0396541 -0.0376513 -0.0325189 -0.0334759 -0.0461884 -0.0448076 -0.0416871 -0.00665888 -0.0121154 -0.00392105 -0.000693066 -0.00250251 -0.0127015 -0.0266469
internal_weight=3.4496e+06 3.37599e+06 73609 19182 10548 151840 53161 20062 7226 4738 15053 7786 2488 33099 1124 1364 5755 54427 7267 98679 5488 3322 16264 3794 3.22415e+06 6630 3208 1808 2547 1056 695820 2031 82415 23366 4592 6842 1400 1110 12599 5614 10459 2618 769 561 26257 1622 2338 41828 5009 3239 1058 1829 59049 13371 4275 2140 715 1425 6749 3978 1365 422
internal_count=3449598 3375989 73609 19182 10548 151840 53161 20062 7226 4738 15053 7786 2488 33099 1124 1364 5755 54427 7267 98679 5488 3322 16264 3794 3224149 6630 3208 1808 2547 1056 695820 2031 82415 23366 4592 6842 1400 1110 12599 5614 10459 2618 769 561 26257 1622 2338 41828 5009 3239 1058 1829 59049 13371 4275 2140 715 1425 6749 3978 1365 422
is_linear=0
shrinkage=0.05


Tree=88
num_leaves=63
num_cat=12
split_feature=6 7 8 17 42 0 42 41 18 0 0 7 7 7 7 42 42 42 2 18 0 7 0 34 41 42 0 19 7 15 41 41 7 7 28 23 41 41 8 28 7 7 19 49 10 1 26 0 0 0 0 40 0 28 6 44 34 41 33 0 20 17
split_gain=56928.8 1240.5 957.958 988.469 723.592 1115.64 425.73 495.559 412.696 315.084 308.537 120.838 146.451 98.9847 84.8287 84.6358 72.8777 55.2328 54.9569 52.564 61.9145 52.4844 48.0789 44.6569 41.8426 40.9374 34.7624 33.5205 32.684 32.2388 30.7179 30.1376 28.4652 27.1474 25.5052 24.6013 23.948 22.0529 20.805 20.7849 19.708 28.8413 19.5484 19.2588 50.8836 20.4645 18.535 18.3975 17.0384 16.8945 16.5288 16.4555 15.1616 14.9691 13.6229 12.9527 12.9142 16.8829 12.6812 12.2169 12.2024 12.192
threshold=1.0000000180025095e-35 1.0000000180025095e-35 1.0000000180025095e-35 1.0000000180025095e-35 -0.35206145048141474 0 -0.16280825436115262 -0.47114434838294977 0.77500000596046459 1 2 0.15000000223517421 1.0500000119209292 1.5500000119209292 0.84999999403953563 -0.72947329282760609 -0.63405361771583546 -0.9103761315345763 1.0000000180025095e-35 9.4499998092651385 3 0.15000000223517421 4 1.0500000119209292 -0.097964655607938753 -0.032701563090086067 5 4.5000000000000009 0.35000000894069677 1.0000000180025095e-35 -0.097964655607938753 -0.35206145048141474 0.15000000223517421 0.45000000298023229 0.013725490774959328 0.31821499764919287 -0.41248606145381922 0.52778512239456188 0.020833333954215053 0.013725490774959328 1.1500000357627871 0.25000000745058065 2.5000000000000004 29.38749980926514 50.958333969116218 1.0000000180025095e-35 0.0071943989023566255 6 7 8 9 2.3645000457763676 10 0.049337463453412063 0.15000000223517421 0.26659387350082403 1.0000000180025095e-35 0.2269546836614609 0.25000000745058065 11 0.77500000596046459 5.3541667461395273
decision_type=2 2 2 8 2 9 2 2 10 9 9 2 2 2 2 2 2 2 10 10 9 2 9 2 2 2 9 2 2 8 2 2 2 2 2 10 2 2 2 2 2 2 2 2 2 10 10 9 9 9 9 2 9 2 2 2 2 2 2 9 8 10
left_child=1 23 3 6 5 8 10 26 11 13 17 15 16 21 36 49 31 54 38 20 24 30 37 -1 -7 40 32 -18 39 61 42 -13 -8 -23 51 47 -10 -14 -4 -26 41 -11 -6 -40 -45 -46 -32 -25 -33 55 -19 -16 -12 58 -2 -3 57 -24 59 -38 -27 -5
right_child=2 4 18 29 9 19 7 -9 14 25 52 12 22 -15 34 -17 27 50 -20 -21 -22 33 56 35 28 60 -28 -29 -30 -31 46 48 -34 -35 -36 -37 53 -39 43 -41 -42 -43 -44 44 45 -47 -48 -49 -50 -51 -52 -53 -54 -55 -56 -57 -58 -59 -60 -61 -62 -63
leaf_value=0 0 0 -4.7621106125067803e-06 0 0 0 0 2.2639230078264565e-09 0 0 0 0 0 0 0 0 0 0 8.9143451087158319e-06 0 0 0 0 0 0 0 -6.4708186683860454e-16 0 0 2.272998059035067e-11 0 0 0 0 0 0 0 0 -4.6872208640940107e-07 0 0 0 0 -2.3934821711146305e-06 -1.7466494202468734e-07 -0.0010462787721627809 0 0 0 0 0 0 4.9035880852805478e-12 0 0 0 0 0 0 0 0 0
leaf_weight=2831697 615 1041 2140 655 1054 755 1156 973 621 3560 988 204 208 1728 1217 2121 1641 219 41828 18740 9477 1081 524 32456 216 76503 911 291 893 7632 662 1752 3019 285 4033 17912 839 304 7967 659 8545 1780 1390 1802 418 272 597 342084 1788 1803 442 395 2004 222 245 665 658 582 465 1047 1494 323
leaf_count=2831697 615 1041 2140 655 1054 755 1156 973 621 3560 988 204 208 1728 1217 2121 1641 219 41828 18740 9477 1081 524 32456 216 76503 911 291 893 7632 662 1752 3019 285 4033 17912 839 304 7967 659 8545 1780 1390 1802 418 272 597 342084 1788 1803 442 395 2004 222 245 665 658 582 465 1047 1494 323
internal_value=-0.0461581 -0.0471065 -0.00265834 -0.0122664 -0.04269 -0.0379874 -0.0225095 -0.0311689 -0.0294502 -0.0452234 -0.0108836 -0.0239909 -0.0200226 -0.0345685 -0.0378722 -0.0295959 -0.0157259 -0.0291297 0.000727902 -0.0441902 -0.0416208 -0.0310964 -0.0307381 -0.0473145 -0.0338699 -0.0460029 -0.0374233 -0.0236128 -0.0297964 0.000310685 -0.0341865 -0.011656 -0.0395012 -0.0227196 -0.0415567 -0.0468147 -0.0313604 -0.0161303 -0.00216704 -0.0229286 -0.0435065 -0.0411236 -0.037455 -0.00124797 -0.00508427 -0.0166304 -0.0278415 -0.0469013 -0.0105791 -0.0248297 -0.0184531 -0.0362407 -0.00150566 -0.0292334 -0.0376744 -0.0206498 -0.03469 -0.0315868 -0.0280615 -0.0262381 -0.0464532 -0.0082362
internal_weight=3.4496e+06 3.37599e+06 73609 19182 151840 53161 10572 6059 22421 98679 4513 13582 7952 6797 8839 5630 5676 1521 54427 30740 12000 5069 2276 3.22415e+06 2523 91882 5086 1932 1768 8610 3703 3744 4175 1366 5645 392452 3194 512 12599 875 13885 5340 2444 10459 2492 690 1259 374540 3540 3509 661 1612 2992 2573 860 1706 1764 1106 2351 1886 77997 978
internal_count=3449598 3375989 73609 19182 151840 53161 10572 6059 22421 98679 4513 13582 7952 6797 8839 5630 5676 1521 54427 30740 12000 5069 2276 3224149 2523 91882 5086 1932 1768 8610 3703 3744 4175 1366 5645 392452 3194 512 12599 875 13885 5340 2444 10459 2492 690 1259 374540 3540 3509 661 1612 2992 2573 860 1706 1764 1106 2351 1886 77997 978
cat_boundaries=0 3 7 11 15 18 21 24 27 30 34 38 40
cat_threshold=264452 19728538 268437856 17039360 278921216 0 4 134283264 8389792 8388864 4 3223462976 168957760 7790723 153 0 128 256 1284 17369242 268437760 671155457 25165826 268435520 0 16779290 2048 2048 2074 268435456 134217728 128 0 4 34603264 38010892 537923616 34 2304 786456
is_linear=0
shrinkage=0.05


Tree=89
num_leaves=63
num_cat=12
split_feature=6 7 8 3 0 42 0 17 7 0 7 42 42 0 7 42 41 45 7 0 7 45 0 1 8 42 41 42 35 9 8 41 41 28 0 7 15 41 0 20 7 28 0 7 7 19 0 17 42 33 26 0 44 0 29 33 40 13 10 6 17 41
split_gain=57532.4 1240.5 784.752 903.228 784.294 723.592 1115.64 417.421 381.924 315.084 178.958 139.741 157.78 139.811 98.9847 95.9999 92.5922 67.7549 52.4844 51.8271 85.9024 50.7642 65.5477 49.3879 50.4878 44.6328 42.4966 40.9374 40.9107 34.62 33.1721 30.7179 30.3402 29.7362 28.3961 27.1474 26.4579 25.703 24.2882 24.1088 22.8622 21.8023 20.3309 19.708 28.8413 19.5484 19.4173 33.9714 32.6144 19.3288 18.535 16.6705 16.2001 16.2995 15.371 15.2489 14.9621 14.7934 29.6639 30.9352 14.7845 16.4849
threshold=1.0000000180025095e-35 1.0000000180025095e-35 1.0000000180025095e-35 1.0000000180025095e-35 0 -0.35206145048141474 1 1.0000000180025095e-35 1.0500000119209292 2 0.15000000223517421 0.88144907355308544 -0.16280825436115262 3 1.5500000119209292 -0.72947329282760609 -0.41248606145381922 1.0000000180025095e-35 0.15000000223517421 4 0.45000000298023229 1.0000000180025095e-35 5 1.0000000180025095e-35 0.020833333954215053 -0.9103761315345763 0.77259656786918651 -0.032701563090086067 2.1499999761581425 0.078934539109468474 0.012500000651925804 -0.097964655607938753 -0.22695468366146085 0.013725490774959328 6 0.45000000298023229 1.0000000180025095e-35 -0.58216583728790272 7 2.1833333969116215 0.45000000298023229 0.013725490774959328 8 1.1500000357627871 0.25000000745058065 2.5000000000000004 9 6.1833331584930429 -0.097964655607938753 0.25000000745058065 0.0071943989023566255 10 0.51849433779716503 11 1.8530199527740481 0.25000000745058065 2.3645000457763676 12.062500000000002 64.625000000000014 2.2500000000000004 0.14583333581686023 0.63405361771583568
decision_type=2 2 2 8 9 2 9 10 2 9 2 2 2 9 2 2 2 2 2 9 2 2 9 10 2 2 2 2 2 2 2 2 2 2 9 2 10 2 9 10 2 2 9 2 2 2 9 10 2 2 10 9 2 9 2 2 2 10 2 2 10 2
left_child=1 28 3 -2 7 6 8 11 10 14 15 12 13 25 18 49 -12 26 31 20 32 22 -10 57 30 -5 52 43 -1 -27 -25 45 -8 56 -19 -20 -9 -14 -28 42 -40 -34 -30 44 -11 -7 47 48 -6 51 -33 -3 55 -54 -35 -18 -23 -4 -59 -60 61 -36
right_child=2 5 23 4 46 9 19 36 21 27 16 -13 37 -15 -16 -17 17 34 35 -21 -22 33 -24 24 -26 29 38 -29 39 -31 -32 50 41 54 60 -37 -38 -39 40 -41 -42 -43 -44 -45 -46 -47 -48 -49 -50 -51 -52 -53 53 -55 -56 -57 -58 58 59 -61 -62 -63
leaf_value=0 3.2269174461767679e-17 0 -6.1812188216170624e-07 0 -4.387077890262768e-10 0 0 0 0 0 0 2.1507268574351335e-09 0 0 0 0 0 0 0 0 0 0 0 -0.0043014789834677934 0.00014298877726170653 0 0 0 0 0 -6.5296128269512484e-06 0 0 0 0 0 3.7945200410693097e-11 0 0 0 0 0 0 0 0 0 0 1.128597219550221e-09 0 0 0 0 0 0 0 0 0 4.4833096701171511e-07 -2.7063647226482879e-08 -1.6771382823018655e-07 0 0
leaf_weight=2757590 8634 2047 10785 755 202 1054 213 248 466 3560 678 227 3535 490 1728 2679 1418 814 1081 27279 2266 1204 1760 377 41862 335 477 77997 39309 202 374 662 260 779 1000 285 860 202 514 13587 329 722 413663 8545 1780 1390 2848 402 242 545 597 1858 384 570 3091 204 406 509 201 319 417 781
leaf_count=2757590 8634 2047 10785 755 202 1054 213 248 466 3560 678 227 3535 490 1728 2679 1418 814 1081 27279 2266 1204 1760 377 41862 335 477 77997 39309 202 374 662 260 779 1000 285 860 202 514 13587 329 722 413663 8545 1780 1390 2848 402 242 545 597 1858 384 570 3091 204 406 509 201 319 417 781
internal_value=-0.0461531 -0.0471065 -0.00242331 -0.0111195 -0.0209357 -0.04269 -0.0379874 -0.0309244 -0.0294502 -0.0452234 -0.0247409 -0.0363879 -0.0379693 -0.0257267 -0.0345685 -0.0304289 -0.0193956 -0.017665 -0.0310964 -0.0441902 -0.0376109 -0.0384811 -0.0321137 0.000641547 0.0014346 -0.034232 -0.0133111 -0.0460029 -0.0473145 -0.0234777 -0.0114148 -0.0341865 -0.0268724 -0.0410675 -0.0232968 -0.0227196 -0.00287004 -0.0438072 -0.0206061 -0.0468815 -0.0257239 -0.0231619 -0.0469438 -0.0435065 -0.0411236 -0.037455 -0.00231236 -0.00891939 -0.0185586 -0.025927 -0.0278415 -0.0246959 -0.00957298 -0.0147432 -0.0434432 -0.00653206 -0.0353571 -0.00221898 -0.00794704 -0.0163462 -0.0263157 -0.0244512
internal_weight=3.4496e+06 3.37599e+06 73609 19182 10548 151840 53161 6854 22421 98679 14715 5746 5519 1782 6797 7129 7586 6908 5069 30740 3461 7706 2226 54427 42613 1292 3896 91882 3.22415e+06 537 751 3703 1195 5480 3012 1366 1108 3737 1320 466559 843 982 452972 13885 5340 2444 3694 846 444 4450 1259 3905 2576 954 3870 1622 1610 11814 1029 520 2198 1781
internal_count=3449598 3375989 73609 19182 10548 151840 53161 6854 22421 98679 14715 5746 5519 1782 6797 7129 7586 6908 5069 30740 3461 7706 2226 54427 42613 1292 3896 91882 3224149 537 751 3703 1195 5480 3012 1366 1108 3737 1320 466559 843 982 452972 13885 5340 2444 3694 846 444 4450 1259 3905 2576 954 3870 1622 1610 11814 1029 520 2198 1781
cat_boundaries=0 4 7 11 15 19 22 25 28 31 35 38 40
cat_threshold=1284 25692346 268437792 4 264452 19728538 268437856 17039360 278921216 0 4 256 8388768 288 4 2237440 671088640 1048576 1 0 128 256 4 2048 268437504 2308 2056 64 671155457 25165826 268435520 240189440 66560 75509760 18 2048 16779274 268437504 0 2074
is_linear=0
shrinkage=0.05


Tree=90
num_leaves=63
num_cat=11
split_feature=6 7 8 3 0 42 0 18 16 0 42 42 0 43 7 7 42 7 7 42 7 42 41 6 34 42 0 0 1 8 8 42 18 41 0 20 41 7 29 19 26 0 0 7 7 41 18 0 7 43 7 7 43 33 41 19 0 42 2 4 34 43
split_gain=58021.6 1261.45 744.048 857.736 876.171 726.232 1131.79 492.883 399.204 336.214 146.887 160.181 138.565 123.892 101.703 94.0364 67.7986 62.8069 62.9737 59.4938 54.3708 49.4472 48.082 44.5753 44.292 41.3901 41.3799 40.4229 38.7733 53.3055 38.8637 38.1872 31.1787 30.7683 27.7335 25.6391 25.2601 23.7935 23.0067 20.8128 20.5742 20.3357 19.5256 19.0579 24.5707 17.4954 17.2828 17.2128 21.6277 17.0885 16.1316 19.0233 14.1986 13.5186 13.4414 14.2789 13.2189 21.4555 24.7379 18.7109 12.961 14.6383
threshold=1.0000000180025095e-35 1.0000000180025095e-35 1.0000000180025095e-35 1.0000000180025095e-35 0 -0.35206145048141474 1 0.77500000596046459 1.0000000180025095e-35 2 0.88144907355308544 -0.16280825436115262 3 0.67802080512046825 1.5500000119209292 0.84999999403953563 -0.68322628736495961 0.15000000223517421 0.94999998807907116 -0.77259656786918629 0.15000000223517421 -0.9103761315345763 -0.58216583728790272 0.55000001192092907 1.0500000119209292 0.032701563090086018 4 5 1.0000000180025095e-35 0.020833333954215053 0.012500000651925804 -0.68322628736495961 8.9499998092651385 -0.097964655607938753 6 2.3541666269302373 -0.41248606145381922 0.45000000298023229 2.4812698364257817 2.5000000000000004 0.0071943989023566255 7 8 1.0500000119209292 0.15000000223517421 0.16280825436115268 5.0499999523162851 9 0.35000000894069677 0.57077592611312877 3.5499999523162846 0.15000000223517421 0.9159645438194276 0.25000000745058065 0.72947329282760631 1.5000000000000002 10 -0.35206145048141474 1.0000000180025095e-35 -1.0000000180025095e-35 0.55000001192092907 0.8522624969482423
decision_type=2 2 2 8 9 2 9 10 10 9 2 2 9 2 2 2 2 2 2 2 2 2 2 2 2 2 9 9 10 2 2 2 10 2 9 10 2 2 2 2 10 9 9 2 2 2 8 9 2 2 2 2 2 2 2 2 9 2 10 10 2 2
left_child=1 24 3 -2 8 6 7 13 10 14 11 12 21 16 20 36 27 19 31 42 33 -5 -13 -23 -1 46 -20 50 56 30 -30 60 47 39 -33 41 -9 -22 -17 49 -35 -26 -15 44 -29 -28 -11 48 -8 -7 51 -3 53 -38 -18 -56 57 58 -4 -60 61 -19
right_child=2 5 28 4 -6 9 32 15 -10 25 -12 22 -14 17 -16 38 54 18 26 -21 37 23 -24 -25 35 -27 45 43 29 -31 -32 34 -34 40 -36 -37 52 -39 -40 -41 -42 -43 -44 -45 -46 -47 -48 -49 -50 -51 -52 -53 -54 -55 55 -57 -58 -59 59 -61 -62 -63
leaf_value=0 3.0655715738679296e-17 0 -5.9447417107172505e-07 0 0 0 0 0 3.6047940390158445e-11 0 2.0431905145633766e-09 0 0 0 0 0 0 0 0 0 0 0 0 0 0 0 0 0 -0.003823377226121201 0.00013583933839862104 -6.203132185603894e-06 0 0 0 0 0 0 0 0 0 0 0 0 0 0 0 0 0 0 0 0 0 0 0 0 0 -4.9713647031397491e-07 -1.6017421417329516e-07 -1.4123181129722376e-05 -9.3222929474293843e-07 0 0
leaf_weight=2832209 8683 632 749 802 3712 768 512 691 841 8641 250 3569 509 393 1718 2319 492 549 368 1005 1147 378 234 205 36432 75069 332 1757 386 41883 388 326 17939 655 1174 13505 1965 285 4309 1381 605 342623 961 533 893 446 8052 9225 1219 263 286 522 363 478 710 1263 8317 2050 213 548 350 1095
leaf_count=2832209 8683 632 749 802 3712 768 512 691 841 8641 250 3569 509 393 1718 2319 492 549 368 1005 1147 378 234 205 36432 75069 332 1757 386 41883 388 326 17939 655 1174 13505 1965 285 4309 1381 605 342623 961 533 893 446 8052 9225 1219 263 286 522 363 478 710 1263 8317 2050 213 548 350 1095
internal_value=-0.046146 -0.047104 -0.00226349 -0.0107331 -0.0203476 -0.042648 -0.0379344 -0.0299075 -0.0310062 -0.0451873 -0.0356117 -0.0372578 -0.0253775 -0.0238718 -0.0342206 -0.0383346 -0.0285313 -0.0191531 -0.0157759 -0.0257959 -0.0307288 -0.0334677 -0.0431745 -0.0226286 -0.0473136 -0.0459938 -0.0259468 -0.0249605 0.000715792 0.00141929 -0.0115827 -0.0124399 -0.0446346 -0.0339515 -0.0184667 -0.0468159 -0.0317007 -0.0224651 -0.0418346 -0.0372595 -0.027619 -0.0468922 -0.0189549 -0.0281843 -0.0265377 -0.0324302 -0.0437469 -0.0425484 -0.0362852 -0.0318841 -0.0175172 -0.0150043 -0.0295919 -0.030963 -0.0352282 -0.0333844 -0.00181085 -0.00435574 -0.00889073 -0.0152398 -0.00790622 -0.00604623
internal_weight=3.45018e+06 3.37646e+06 73717 19183 10500 151691 53107 24212 6788 98584 5947 5697 1894 14087 6822 10125 7088 6999 4640 2359 5104 1385 3803 583 3.22477e+06 91762 1146 4623 54534 42657 774 3494 28895 3672 1500 392560 3497 1432 6628 2412 1260 379055 1354 3183 2650 778 16693 10956 1731 1031 1440 1154 2806 2443 2465 1973 11877 3560 1510 761 1994 1644
internal_count=3450177 3376460 73717 19183 10500 151691 53107 24212 6788 98584 5947 5697 1894 14087 6822 10125 7088 6999 4640 2359 5104 1385 3803 583 3224769 91762 1146 4623 54534 42657 774 3494 28895 3672 1500 392560 3497 1432 6628 2412 1260 379055 1354 3183 2650 778 16693 10956 1731 1031 1440 1154 2806 2443 2465 1973 11877 3560 1510 761 1994 1644
cat_boundaries=0 4 7 11 15 18 21 23 26 29 33 37
cat_threshold=1284 25692346 268437760 4 2362628 19728538 268437856 17039360 278921216 0 4 256 8388768 256 4 0 128 256 2097152 2064 268435456 0 524290 671155457 1098907650 268435520 260 262144 64 1073881168 168957696 7790739 185 160470913 101723140 1084253445 426
is_linear=0
shrinkage=0.05


Tree=91
num_leaves=63
num_cat=11
split_feature=6 7 8 3 0 42 0 18 15 0 42 42 0 43 7 7 42 7 7 42 7 8 4 8 42 41 6 34 42 0 0 42 7 1 18 41 0 23 41 28 7 19 26 0 7 7 0 41 18 0 7 43 7 7 43 33 41 19 34 43 7 0
split_gain=57767.3 1261.45 726.868 857.736 876.171 726.232 1131.79 492.883 399.204 336.214 146.887 160.181 138.565 123.892 101.703 94.0364 67.7986 62.8069 62.9737 59.4938 54.3708 53.8091 88.0668 55.8818 49.4472 48.082 44.5753 44.292 41.3901 41.3799 40.4229 38.1872 37.801 33.3772 31.1787 30.7683 27.7335 26.1316 25.2601 23.9665 23.7935 20.8128 20.5742 19.5256 19.0579 24.5707 18.9432 17.4954 17.2828 17.2128 21.6277 17.0885 16.1316 19.0233 14.1986 13.5186 13.4414 14.2789 12.961 14.6383 13.3522 12.5057
threshold=1.0000000180025095e-35 1.0000000180025095e-35 1.0000000180025095e-35 1.0000000180025095e-35 0 -0.35206145048141474 1 0.77500000596046459 1.0000000180025095e-35 2 0.88144907355308544 -0.16280825436115262 3 0.67802080512046825 1.5500000119209292 0.84999999403953563 -0.68322628736495961 0.15000000223517421 0.94999998807907116 -0.77259656786918629 0.15000000223517421 0.037500001490116126 1.0000000180025095e-35 0.012500000651925804 -0.9103761315345763 -0.58216583728790272 0.55000001192092907 1.0500000119209292 0.032701563090086018 4 5 -0.68322628736495961 0.15000000223517421 1.0000000180025095e-35 8.9499998092651385 -0.097964655607938753 6 0.33437500894069677 -0.41248606145381922 0.036731028929352767 0.45000000298023229 2.5000000000000004 0.0071943989023566255 7 1.0500000119209292 0.15000000223517421 8 0.16280825436115268 5.0499999523162851 9 0.35000000894069677 0.57077592611312877 3.5499999523162846 0.15000000223517421 0.9159645438194276 0.25000000745058065 0.72947329282760631 1.5000000000000002 0.55000001192092907 0.8522624969482423 0.25000000745058065 10
decision_type=2 2 2 8 9 2 9 10 10 9 2 2 9 2 2 2 2 2 2 2 2 2 10 2 2 2 2 2 2 9 9 2 2 10 10 2 9 10 2 2 2 2 10 9 2 2 9 2 8 9 2 2 2 2 2 2 2 2 2 2 2 9
left_child=1 27 3 -2 8 6 7 13 10 14 11 12 24 16 20 38 30 19 31 43 35 22 -4 -24 -5 -13 -26 -1 48 -20 52 58 -25 -23 49 41 -33 46 -9 -17 -22 51 -37 -15 45 -32 -29 -31 -11 50 -8 -7 53 -3 55 61 -18 -58 59 60 -19 -40
right_child=2 5 21 4 -6 9 34 15 -10 28 -12 25 -14 17 -16 39 56 18 29 -21 40 33 23 32 26 -27 -28 37 -30 47 44 36 -34 -35 -36 42 -38 -39 54 -41 -42 -43 -44 -45 -46 -47 -48 -49 -50 -51 -52 -53 -54 -55 -56 -57 57 -59 -60 -61 -62 -63
leaf_value=0 2.9122929951745331e-17 0 -2.7637925110420456e-07 0 0 0 0 0 3.4245543370650518e-11 0 1.9410309888352076e-09 0 0 0 0 0 0 0 0 0 0 -6.560057375193266e-07 -0.0036322083648151413 -5.892975576323595e-06 0 0 0 0 0 0 0 0 -5.6448531430717987e-06 0.00012904737147868966 0 0 0 0 0 0 0 0 0 0 0 0 0 0 0 0 0 0 0 0 0 0 0 0 0 0 0 0
leaf_weight=2832209 8683 632 3722 802 3712 768 512 691 841 8641 250 3569 509 393 1718 3486 492 318 368 1005 1147 8490 386 369 378 234 205 36053 75069 332 1757 326 462 41105 17939 655 1174 16301 712 3142 285 1381 605 961 533 893 340206 446 8052 9225 1219 263 286 522 363 478 710 1263 350 1095 231 1253
leaf_count=2832209 8683 632 3722 802 3712 768 512 691 841 8641 250 3569 509 393 1718 3486 492 318 368 1005 1147 8490 386 369 378 234 205 36053 75069 332 1757 326 462 41105 17939 655 1174 16301 712 3142 285 1381 605 961 533 893 340206 446 8052 9225 1219 263 286 522 363 478 710 1263 350 1095 231 1253
internal_value=-0.0461481 -0.047104 -0.00236184 -0.0107331 -0.0203476 -0.042648 -0.0379344 -0.0299075 -0.0310062 -0.0451873 -0.0356117 -0.0372578 -0.0253775 -0.0238718 -0.0342206 -0.0383346 -0.0285313 -0.0191531 -0.0157759 -0.0257959 -0.0307288 0.000582847 -0.00439411 -0.0160703 -0.0334677 -0.0431745 -0.0226286 -0.0473136 -0.0459938 -0.0259468 -0.0249605 -0.0124399 -0.0233724 0.00107849 -0.0446346 -0.0339515 -0.0184667 -0.0468159 -0.0317007 -0.0418346 -0.0224651 -0.0372595 -0.027619 -0.0189549 -0.0281843 -0.0265377 -0.0469008 -0.0324302 -0.0437469 -0.0425484 -0.0362852 -0.0318841 -0.0175172 -0.0150043 -0.0295919 -0.030963 -0.0352282 -0.0333844 -0.00790622 -0.00604623 -0.0127095 -0.0291285
internal_weight=3.45018e+06 3.37646e+06 73717 19183 10500 151691 53107 24212 6788 98584 5947 5697 1894 14087 6822 10125 7088 6999 4640 2359 5104 54534 4939 1217 1385 3803 583 3.22477e+06 91762 1146 4623 3494 831 49595 28895 3672 1500 392560 3497 6628 1432 2412 1260 1354 3183 2650 376259 778 16693 10956 1731 1031 1440 1154 2806 2443 2465 1973 1994 1644 549 1965
internal_count=3450177 3376460 73717 19183 10500 151691 53107 24212 6788 98584 5947 5697 1894 14087 6822 10125 7088 6999 4640 2359 5104 54534 4939 1217 1385 3803 583 3224769 91762 1146 4623 3494 831 49595 28895 3672 1500 392560 3497 6628 1432 2412 1260 1354 3183 2650 376259 778 16693 10956 1731 1031 1440 1154 2806 2443 2465 1973 1994 1644 549 1965
cat_boundaries=0 4 7 11 15 18 21 23 26 29 33 36
cat_threshold=1284 25692346 268437760 4 2362628 19728538 268437856 17039360 278921216 0 4 256 8388768 256 4 0 128 256 2097152 2064 268435456 0 524290 260 262144 64 671155457 1098907650 268435520 1073881168 168957696 7790739 185 4 2050 268437504
is_linear=0
shrinkage=0.05


Tree=92
num_leaves=63
num_cat=8
split_feature=6 8 3 0 15 0 42 28 0 42 42 41 0 30 44 45 0 8 4 8 42 41 6 41 1 34 0 28 40 28 44 40 30 28 34 20 0 28 45 44 36 28 28 41 28 44 44 27 44 44 41 37 10 28 38 0 44 28 4 1 45 44
split_gain=57790.1 728.401 857.736 876.171 399.204 339.037 227.013 201.718 172.971 146.887 160.181 138.683 138.565 96.8084 161.836 169.377 72.4536 54.0672 88.0668 55.8818 49.4472 48.082 44.5753 33.7178 31.9096 31.5337 31.2294 113.635 27.9404 34.461 25.3073 24.0092 23.2877 25.6733 22.2901 21.9561 20.2036 19.3713 17.5086 42.3671 23.906 17.1547 15.0963 14.8908 14.3616 15.6406 13.5191 13.467 13.2167 13.8003 12.9678 12.6415 12.1009 10.9713 16.6778 10.3083 10.1378 10.223 9.70519 11.6026 9.68186 22.7731
threshold=1.0000000180025095e-35 1.0000000180025095e-35 1.0000000180025095e-35 0 1.0000000180025095e-35 1 -0.35206145048141474 0.044210137799382217 2 0.88144907355308544 -0.16280825436115262 -0.22695468366146085 3 0.075400643050670638 0.4584775865077973 1.0000000180025095e-35 4 0.037500001490116126 1.0000000180025095e-35 0.012500000651925804 -0.9103761315345763 -0.58216583728790272 0.55000001192092907 0.72947329282760631 1.0000000180025095e-35 1.0500000119209292 5 0.013725490774959328 3.3724999427795415 0.0058823532890528449 -0.96234029531478871 3.3724999427795415 0.25894704461097723 0.0098039219155907648 1.0000000180025095e-35 2.2749999761581425 6 0.058037718757987029 1.0000000180025095e-35 0.51849433779716503 7.5000000000000009 0.013725490774959328 0.021568628028035167 -0.58216583728790272 0.0098039219155907648 -0.14250536262989041 -0.83375966548919667 0.079698976129293456 -0.79382744431495655 -0.45273527503013605 0.2269546836614609 2.3514999151229863 49.875000000000007 0.013725490774959328 6.5000000000000009 7 0.65720760822296154 0.0098039219155907648 -1.3499999642372129 6.1499998569488534 1.0000000180025095e-35 0.4584775865077973
decision_type=2 2 8 9 10 9 2 2 9 2 2 2 9 2 2 2 9 2 10 2 2 2 2 2 10 2 9 2 2 2 2 2 2 2 2 10 9 2 2 2 2 2 2 2 2 2 2 2 2 2 2 2 2 2 2 9 2 2 8 10 2 2
left_child=5 2 55 4 9 6 7 8 -1 10 12 43 20 14 15 16 23 18 -3 -20 -4 -12 -22 -13 -19 52 27 30 32 -30 -8 47 53 -34 -28 -27 -21 -9 39 40 51 -33 -29 -10 45 -32 -31 48 -17 -50 -18 -35 -7 54 -15 -2 57 -16 59 -26 61 -46
right_child=1 17 3 -5 -6 25 26 37 11 -11 21 13 -14 28 56 31 50 24 19 36 22 -23 -24 -25 58 35 34 42 29 46 44 41 33 38 -36 -37 -38 -39 -40 -41 -42 -43 -44 -45 60 -47 -48 -49 49 -51 -52 -53 -54 -55 -56 -57 -58 -59 -60 -61 -62 -63
leaf_value=0 -2.5211425064083444e-12 -2.6256028854899438e-07 0 0 3.2533266202117991e-11 0 0 0 0 1.8439794393934473e-09 0 0 0 0 0 0 0 -6.2320545064336027e-07 -0.0034505979465743841 -5.1073303798873648e-06 0 0 0 0 -0.0043416914748860757 0 0 0 0 0 0 0 0 0 0 0 -5.6107329191701367e-06 0 0 0 0 0 0 0 0 0 0 0 0 0 0 0 0 0 0 6.0020876796088286e-17 0 0 0.00012259500290475527 0.16172578659660752 0 0
leaf_weight=39725 987 3722 802 3712 841 53253 272 71914 13703 250 3569 836 509 2478 595 896 698 8490 386 225 378 234 205 333 406 346092 214192 5313 273 418 1256 236 3083 207 62576 12488 606 7093 733 3187 314 278 18592 9786 449 2693 1791 2640 1101 246 1975 416 2473705 11196 2330 7696 4361 986 40041 658 474 1277
leaf_count=39725 987 3722 802 3712 841 53253 272 71914 13703 250 3569 836 509 2478 595 896 698 8490 386 225 378 234 205 333 406 346092 214192 5313 273 418 1256 236 3083 207 62576 12488 606 7093 733 3187 314 278 18592 9786 449 2693 1791 2640 1101 246 1975 416 2473705 11196 2330 7696 4361 986 40041 658 474 1277
internal_value=-0.0461479 -0.00235302 -0.0107331 -0.0203476 -0.0310062 -0.047104 -0.0458577 -0.0444689 -0.043031 -0.0356117 -0.0372578 -0.0413696 -0.0253775 -0.0396419 -0.0364599 -0.0323198 -0.0242959 0.000594767 -0.00439411 -0.0160703 -0.0334677 -0.0431745 -0.0226286 -0.0135093 0.00109159 -0.0473157 -0.0466905 -0.0447862 -0.04147 -0.0364202 -0.0388954 -0.0380318 -0.0419934 -0.0397796 -0.0468958 -0.0468771 -0.0233724 -0.0463767 -0.0375144 -0.0362488 -0.0269023 -0.0277529 -0.0463873 -0.0444475 -0.0395556 -0.0413592 -0.0384914 -0.0391138 -0.036265 -0.0331347 -0.0288548 -0.0325722 -0.0473782 -0.0430917 -0.041094 0.000893412 -0.0428972 -0.0394671 0.00166798 -0.00304511 -0.0363182 -0.03458
internal_weight=3.45018e+06 73717 19183 10500 6788 3.37646e+06 490922 183828 104821 5947 5697 65096 1894 41607 15181 9239 3842 54534 4939 1217 1385 3803 583 1169 49595 2.88554e+06 307094 30326 26426 2482 6421 5397 23944 7940 276768 358580 831 79007 4857 4124 937 514 23905 23489 6149 3949 2209 4883 2243 1347 2673 623 2.52696e+06 16004 4808 8683 5942 1581 41105 1064 2200 1726
internal_count=3450177 73717 19183 10500 6788 3376460 490922 183828 104821 5947 5697 65096 1894 41607 15181 9239 3842 54534 4939 1217 1385 3803 583 1169 49595 2885538 307094 30326 26426 2482 6421 5397 23944 7940 276768 358580 831 79007 4857 4124 937 514 23905 23489 6149 3949 2209 4883 2243 1347 2673 623 2526958 16004 4808 8683 5942 1581 41105 1064 2200 1726
cat_boundaries=0 4 8 12 16 18 22 24 28
cat_threshold=1284 25692346 268437760 4 151127300 25692186 268435520 4 151127040 8388608 0 4 256 8388768 256 4 0 17301520 0 8388608 0 4 256 17301520 536870912 1107361928 2156400800 1
is_linear=0
shrinkage=0.05


Tree=93
num_leaves=63
num_cat=7
split_feature=8 10 3 0 0 15 42 28 43 0 49 49 15 42 42 42 10 41 43 40 16 28 0 8 4 8 3 10 16 49 3 28 0 34 32 43 41 41 1 41 43 18 36 37 28 14 28 0 44 14 42 14 45 28 0 30 34 37 19 32 13 42
split_gain=48478.5 3687.47 1652.23 536.933 496.136 245.789 233.96 248.024 312.431 383.636 150.763 137.29 162.278 126.081 165.703 135.2 124.59 94.3375 83.677 75.6054 63.3323 62.2609 59.6417 53.9852 88.5256 55.8818 48.9805 43.563 48.5335 38.2784 37.0494 36.6903 100.793 33.0189 31.7199 31.7384 31.1554 30.0763 29.0733 28.17 28.1354 26.2868 25.6668 23.7046 23.126 22.5909 21.763 20.2036 19.8231 19.0094 18.6254 18.4689 18.1834 26.5491 59.5598 16.8251 16.0675 15.8742 15.8207 15.1304 14.9059 14.5596
threshold=1.0000000180025095e-35 3.2083333730697636 1.0000000180025095e-35 0 1 1.0000000180025095e-35 -0.35206145048141474 0.044210137799382217 0.61237135529518139 2 0.077500000596046462 1.0000000180025095e-35 23.562500000000004 0.88144907355308544 -0.16280825436115262 -0.81241145730018605 2.8750000000000004 -0.2901292592287063 0.91248813271522533 3.3724999427795415 8.7500000000000018 0.0058823532890528449 3 0.037500001490116126 1.0000000180025095e-35 0.012500000651925804 0.15000000223517421 24.625000000000004 7.7500000000000009 0.01833333354443312 0.55000001192092907 0.017647059634327892 4 0.65000000596046459 1.0000000180025095e-35 0.89017060399055492 0.72947329282760631 0.35206145048141485 1.0000000180025095e-35 -0.58216583728790272 0.091259401291608824 40.062500000000007 3.5000000000000004 2.8605000972747807 0.0098039219155907648 4.2500000000000009 0.058037718757987029 5 0.47369650006294256 3.2500000000000004 -0.9103761315345763 8.2500000000000018 1.0000000180025095e-35 0.0098039219155907648 6 0.055192591622471816 0.25000000745058065 1.9674999713897707 2.5000000000000004 0.05172413773834706 4.8541667461395273 0.09796465560793878
decision_type=2 2 10 9 9 10 2 2 2 9 2 2 10 2 2 2 2 2 2 2 10 2 9 2 10 2 10 2 10 2 10 2 9 2 2 2 2 2 10 2 2 10 2 2 2 10 2 9 2 10 2 10 2 2 9 2 2 2 2 2 10 2
left_child=1 16 4 5 6 13 7 8 19 17 31 33 27 14 15 50 -1 -10 48 29 -12 -21 36 24 -2 -26 -17 -13 -29 40 -18 32 34 -6 35 58 -20 -11 -25 -16 52 45 44 55 -42 -30 -9 -27 59 -22 -4 -35 -3 54 -54 57 -33 -39 -8 -19 -14 -34
right_child=23 2 3 -5 11 -7 10 46 9 37 20 12 60 -15 39 26 30 18 22 21 49 -23 -24 38 25 47 -28 28 41 -31 -32 56 61 51 -36 -37 -38 43 -40 -41 42 -43 -44 -45 -46 -47 -48 -49 -50 -51 -52 -53 53 -55 -56 -57 -58 -59 -60 -61 -62 -63
leaf_value=4.7844612039459289e-12 -2.4943227412154464e-07 0 0 0 0 0 0 0 0 0 0 0 0 0 0 0 0 0 0 0 0 0 0 -5.9204517811119223e-07 -0.0032780680492456647 -4.85196386089265e-06 0 0 0 0 0 0 0 0 0 0 0 0 0.0001164652527595178 0 0 0 0 0 0 0 0 -5.3301962732114912e-06 0 0 0 0 0 0 0 0 0 0 0 0 0 0
leaf_weight=3865 3722 19902 863 2554 2429410 648 1281 72094 2744 8942 2000 3999 335 257 3678 526 209 1233 910 435 443 4179 2404 8490 386 225 270 2061 364 897 517 161850 23504 440589 7769 414 474 768 41105 227 311 245 12738 1707 1607 203 7133 606 1942 393 285 10405 1538 28177 11854 1414 28520 581 875 1121 200 81779
leaf_count=3865 3722 19902 863 2554 2429410 648 1281 72094 2744 8942 2000 3999 335 257 3678 526 209 1233 910 435 443 4179 2404 8490 386 225 270 2061 364 897 517 161850 23504 440589 7769 414 474 768 41105 227 311 245 12738 1707 1607 203 7133 606 1942 393 285 10405 1538 28177 11854 1414 28520 581 875 1121 200 81779
internal_value=-0.0461469 -0.046898 -0.0469586 -0.0259218 -0.0470165 -0.0332887 -0.045526 -0.0441214 -0.0425382 -0.0375536 -0.0463694 -0.0472712 -0.0404729 -0.0364453 -0.0379514 -0.0260237 -0.00211773 -0.0304235 -0.0277326 -0.0440182 -0.0348942 -0.0378013 -0.0223152 0.000621356 -0.00436374 -0.0160703 -0.0101884 -0.0425378 -0.0378411 -0.0443906 -0.0211226 -0.0464758 -0.0457733 -0.0472888 -0.0406805 -0.0359047 -0.0136944 -0.0432551 0.0011178 -0.0438892 -0.0445116 -0.0274877 -0.042543 -0.0399385 -0.0371507 -0.0215741 -0.0462372 -0.0233724 -0.0325093 -0.0233373 -0.0370035 -0.0468959 -0.0449809 -0.0443859 -0.042553 -0.0370765 -0.0469025 -0.0330819 -0.0383395 -0.0294244 -0.0139486 -0.0462651
internal_weight=3.45018e+06 3.39564e+06 3.39105e+06 9308 3.38174e+06 6754 493933 185105 105878 24240 308828 2.88781e+06 7407 6106 5849 1944 4591 10828 8084 81638 2836 4614 3788 54534 4939 1217 796 6872 2873 77024 726 305992 115622 2.8804e+06 10339 2570 1384 13412 49595 3905 76127 812 14656 4470 1918 567 79227 831 4296 836 1148 450994 61471 41569 13392 2763 190370 1349 2156 2354 535 105283
internal_count=3450177 3395643 3391052 9308 3381744 6754 493933 185105 105878 24240 308828 2887811 7407 6106 5849 1944 4591 10828 8084 81638 2836 4614 3788 54534 4939 1217 796 6872 2873 77024 726 305992 115622 2880404 10339 2570 1384 13412 49595 3905 76127 812 14656 4470 1918 567 79227 831 4296 836 1148 450994 61471 41569 13392 2763 190370 1349 2156 2354 535 105283
cat_boundaries=0 4 8 11 13 17 19 21
cat_threshold=1284 25692346 268437760 4 151127300 25692186 268435520 4 256 17303570 268435520 0 17301520 0 8388608 0 4 256 17301520 0 524290
is_linear=0
shrinkage=0.05


Tree=94
num_leaves=63
num_cat=0
split_feature=6 8 3 17 42 42 36 42 36 6 34 8 4 8 3 10 16 1 42 49 42 37 40 43 17 31 39 20 10 18 40 31 44 36 36 43 42 34 4 1 20 36 19 31 32 42 2 36 37 18 43 32 4 40 43 36 19 19 43 26 44 20
split_gain=57847.9 736.391 866.317 704.727 152.427 193.203 148.325 111.384 85.4956 80.9578 62.3936 52.933 89.4466 55.8818 45.2142 35.2464 28.4015 28.3323 26.5546 25.2804 24.2981 23.6833 19.5284 18.3656 17.8868 15.908 16.7047 14.0813 13.4724 25.4732 24.8871 13.3664 12.9276 10.9542 10.2474 14.0607 13.9721 9.91327 9.70519 11.6026 9.55704 9.10869 8.06543 8.00215 7.33276 7.32839 19.0763 22.4785 6.71632 6.62058 6.23928 6.82565 6.13291 6.08803 10.481 5.86762 5.73038 6.33222 8.17344 6.39801 5.66708 5.39736
threshold=1.0000000180025095e-35 1.0000000180025095e-35 1.0000000180025095e-35 1.0000000180025095e-35 -0.16280825436115262 0.88144907355308544 2.5000000000000004 -0.9103761315345763 9.5000000000000018 0.55000001192092907 1.0000000180025095e-35 0.037500001490116126 1.0000000180025095e-35 0.012500000651925804 1.0500000119209292 67.291667938232436 1.0000000180025095e-35 1.0000000180025095e-35 -0.35206145048141474 1.0000000180025095e-35 -0.81241145730018605 2.7055000066757207 2.2289999723434453 0.78325453400611889 4.6833331584930429 0.086206898093223586 0.26850000023841863 8.354166507720949 23.625000000000004 0.27500000596046453 2.3645000457763676 0.086206898093223586 0.42763730883598333 2.5000000000000004 10.500000000000002 0.66527691483497631 -0.2901292592287063 4.8500001430511483 -1.3499999642372129 6.1499998569488534 1.8541666865348818 5.5000000000000009 1.5000000000000002 0.05172413773834706 1.0000000180025095e-35 -0.35206145048141474 0.25000000745058065 9.5000000000000018 2.8605000972747807 14.275000095367433 -0.048361575230956071 1.0000000180025095e-35 1.1500000357627871 2.6054999828338627 0.45273815095424658 2.5000000000000004 4.5000000000000009 1.5000000000000002 0.86975130438804638 -0.017941731028258797 0.84199059009552013 3.7083333730697636
decision_type=2 2 8 8 2 2 2 2 2 2 2 2 8 2 8 2 8 10 2 2 2 2 2 2 10 2 2 8 2 8 2 2 2 2 2 2 2 2 8 10 10 2 2 2 2 2 8 2 2 10 2 2 10 2 2 2 2 2 2 10 2 10
left_child=10 2 -2 4 7 6 -6 8 -4 60 18 12 -3 -14 20 40 24 45 21 22 -9 25 27 -11 -5 44 32 31 29 30 -23 37 -27 50 35 -33 42 -17 39 -19 43 -24 -37 -12 56 46 -13 -48 -15 -21 -30 -52 -40 54 -28 -44 57 58 -1 -60 -8 -43
right_child=1 11 3 16 5 -7 9 14 -10 23 15 17 13 48 -16 19 -18 38 -20 49 -22 28 41 -25 -26 26 53 -29 33 -31 -32 34 -34 -35 -36 36 -38 -39 52 -41 -42 61 55 -45 -46 -47 47 -49 -50 -51 51 -53 -54 -55 -56 -57 -58 -59 59 -61 -62 -63
leaf_value=0 2.4665739614353654e-17 -2.3696066041546742e-07 0 -2.3918909264523142e-13 3.2354093341930229e-17 1.7517804674237749e-09 0 0 0 0 0 -4.6108491561603387e-07 -0.0031141646467833816 -4.8908406598330476e-06 -2.4517940426402738e-13 0 3.0906602892012091e-11 -0.0041304301637797476 0 0 0 0 0 -2.3922306019729645e-13 -2.9849434316444324e-11 0 0 0 0 0 0 0 0 0 0 0 0 0 0.00011064199012154191 0.15363367400413919 0 0 0 0 0 -1.3611834228049776e-07 -7.797765624659932e-07 -1.1692641696558279e-06 -5.1838657325549322e-06 0 0 0 -0.0014841983703907922 0 0 0 0 0 0 0 0 0
leaf_weight=4093 8683 3722 811 355 230 337 3230 292 202 345 38529 2566 386 600 368 374854 2632 406 1605234 1679 858 288 44997 200 271 22120 17911 4723 4902 1614 297 76600 33305 344393 34597 6071 9274 41946 37996 658 1782 422182 1012 24805 170760 4909 645 370 231 2093 1145 6146 2045 23304 15341 14787 2278 14194 392 847 369 7965
leaf_count=4093 8683 3722 811 355 230 337 3230 292 202 345 38529 2566 386 600 368 374854 2632 406 1605234 1679 858 288 44997 200 271 22120 17911 4723 4902 1614 297 76600 33305 344393 34597 6071 9274 41946 37996 658 1782 422182 1012 24805 170760 4909 645 370 231 2093 1145 6146 2045 23304 15341 14787 2278 14194 392 847 369 7965
internal_value=-0.0461474 -0.00233064 -0.0107565 -0.020419 -0.0291073 -0.0344242 -0.0372348 -0.0192108 -0.0320508 -0.039404 -0.047104 0.000633275 -0.004303 -0.0160703 -0.0106423 -0.0467965 -0.00110651 0.00112486 -0.0472542 -0.0468669 -0.00576087 -0.0469881 -0.0468818 -0.021445 -0.0106789 -0.0466638 -0.04619 -0.0466828 -0.0472634 -0.0433618 -0.0344231 -0.0467057 -0.0455731 -0.0472874 -0.0462874 -0.046047 -0.0451512 -0.0468486 0.00166798 -0.00304511 -0.0456679 -0.0471179 -0.0444616 -0.0457695 -0.0469394 -0.00150471 -0.00322466 -0.00902709 -0.0233724 -0.042781 -0.0458146 -0.0448872 0.00179322 -0.0467945 -0.0463602 -0.0450568 -0.0460759 -0.0463528 -0.0448837 -0.0413257 -0.0421235 -0.0471887
internal_weight=3.45018e+06 73717 19183 10500 7242 4711 4374 2531 1013 4144 3.37646e+06 54534 4939 1217 1518 1.1079e+06 3258 49595 2.26856e+06 1.04278e+06 1150 663330 1.03901e+06 545 626 304545 111981 563864 358785 2199 585 559141 55425 356586 142341 107744 31144 416800 41105 1064 65116 475144 21870 63334 192564 8490 3581 1015 831 3772 12193 7291 40041 56556 33252 15799 21804 19526 5332 1239 3599 430147
internal_count=3450177 73717 19183 10500 7242 4711 4374 2531 1013 4144 3376460 54534 4939 1217 1518 1107896 3258 49595 2268564 1042780 1150 663330 1039008 545 626 304545 111981 563864 358785 2199 585 559141 55425 356586 142341 107744 31144 416800 41105 1064 65116 475144 21870 63334 192564 8490 3581 1015 831 3772 12193 7291 40041 56556 33252 15799 21804 19526 5332 1239 3599 430147
is_linear=0
shrinkage=0.05


Tree=95
num_leaves=63
num_cat=0
split_feature=6 8 3 17 2 37 42 42 42 3 5 34 42 37 10 41 8 42 38 28 41 43 37 49 38 28 43 1 37 42 42 8 38 41 37 28 10 18 10 43 37 41 36 20 20 41 9 43 28 37 41 36 37 42 29 37 28 34 44 18 41 28
split_gain=58842.7 612.569 553.24 557.444 309.281 205.446 153.519 168.196 163.921 85.8507 84.9741 62.7855 35.4051 67.7244 33.6433 28.9865 28.1765 27.74 35.3759 34.8408 29.6551 39.4305 28.5583 24.258 21.2307 19.8418 29.5675 19.6724 19.6219 19.9515 18.68 17.1403 15.9301 15.6462 15.6319 14.1149 13.1824 25.1553 16.0776 14.2791 11.2032 10.9686 10.833 9.9025 9.67335 9.22526 9.0258 8.23604 8.5605 7.4433 7.39803 7.27822 7.24602 7.03436 6.7511 9.78232 6.48968 6.46287 6.33852 6.25528 6.00906 7.82809
threshold=1.0000000180025095e-35 0.037500001490116126 1.0000000180025095e-35 1.0000000180025095e-35 1.0000000180025095e-35 3.3805000782012944 0.88144907355308544 -0.097964655607938753 -0.9103761315345763 0.55000001192092907 1.0000000180025095e-35 1.0000000180025095e-35 -0.16280825436115262 5.4795000553131112 67.291667938232436 -0.58216583728790272 0.012500000651925804 -0.35206145048141474 7.5000000000000009 0.044210137799382217 -0.2901292592287063 0.61237135529518139 1.9674999713897707 1.0000000180025095e-35 7.5000000000000009 0.044210137799382217 0.61237135529518139 1.0000000180025095e-35 1.9674999713897707 -0.22695468366146085 -0.81241145730018605 0.029166667722165588 3.5000000000000004 0.032701563090086053 1.9674999713897707 0.013725490774959328 24.291666984558109 0.27500000596046453 13.541666507720949 0.61237135529518139 1.1215000152587893 -0.97335553169250477 13.000000000000002 2.2749999761581425 2.7749999761581425 0.2269546836614609 0.2618983536958695 0.15951094031333926 0.049337463453412063 1.9674999713897707 -0.097964655607938753 4.5000000000000009 1.9674999713897707 -0.68322628736495961 2.7130901813507085 2.3514999151229863 0.0058823532890528449 5.1499998569488534 -0.99983122944831837 15.275000095367433 0.63405361771583568 0.013725490774959328
decision_type=2 2 8 8 10 2 2 2 2 10 10 2 2 2 2 2 2 2 2 2 2 2 2 2 2 2 2 10 2 2 2 2 2 2 2 2 2 8 2 2 2 2 2 10 10 2 2 2 2 2 2 2 2 2 2 2 2 2 2 10 2 2
left_child=11 2 10 4 5 6 7 8 50 15 -2 17 -7 42 35 -9 -12 18 19 20 -1 49 32 24 25 26 52 -3 -28 33 -10 53 60 -30 -26 -13 37 38 -20 -40 47 -32 -14 57 -37 -24 -29 -38 -49 -22 -4 -35 -16 -18 55 -47 -51 -36 -59 -25 61 -23
right_child=1 27 3 -5 -6 12 -8 9 30 -11 16 14 13 -15 23 -17 31 -19 36 -21 21 22 45 59 34 -27 28 46 29 -31 41 -33 -34 51 43 44 40 -39 39 -41 -42 -43 -44 -45 -46 54 -48 48 -50 56 -52 -53 -54 -55 -56 -57 -58 58 -60 -61 -62 -63
leaf_value=0 2.3432452633635972e-17 -4.8778837823271552e-07 0 1.1959454632261572e-14 -9.6030009167419771e-09 -2.2696408998409508e-13 1.6641914440525861e-09 0 0 0 -0.0032210802840004792 0 3.073638867483372e-17 0 0 0 -4.364823634856602e-06 0 0 0 0 0 0 0 0 0 0 0.00010510989061546517 0 0 0 -4.5414492620257655e-06 0 0 0 0 0 0 0 0 0 -2.3292043405082606e-13 -2.2726190718743163e-13 0 0 0 0.00012064837036992044 0 0 0 0 0 0 -5.0682463609608908e-06 0 0 0 0 0 0 0 0
leaf_weight=39983 10627 8463 231 3504 1272 730 322 2968 281 286 380 11370 255 370 66557 211 497 1605558 273 81119 20859 799 3299 1717 141133 121268 13239 33378 4221 3841 204 350 5658 2671 543239 52708 6534 2096 219 315 463107 722 202 14279 1189 268 7730 3060 3199 2184 536 3835 73168 206 2137 3954 21369 281 51733 2036 1142 1512
leaf_count=39983 10627 8463 231 3504 1272 730 322 2968 281 286 380 11370 255 370 66557 211 497 1605558 273 81119 20859 799 3299 1717 141133 121268 13239 33378 4221 3841 204 350 5658 2671 543239 52708 6534 2096 219 315 463107 722 202 14279 1189 268 7730 3060 3199 2184 536 3835 73168 206 2137 3954 21369 281 51733 2036 1142 1512
internal_value=-0.0461378 -0.00194829 -0.00847748 -0.016034 -0.02289 -0.0268454 -0.0312007 -0.0331867 -0.0215375 -0.0398232 -0.000899668 -0.0471025 -0.0107306 -0.0178144 -0.0467941 -0.0421839 -0.012329 -0.0472532 -0.0469811 -0.0463925 -0.0457828 -0.0451085 -0.043187 -0.046863 -0.0468775 -0.0465132 -0.0461606 0.00123313 -0.0446716 -0.0434054 -0.0100518 -0.0165408 -0.0451951 -0.0422982 -0.0470176 -0.0456928 -0.0472077 -0.0438486 -0.0363476 -0.0313015 -0.0472282 -0.00662527 -0.00493982 -0.0471274 -0.0460305 -0.0412927 0.00168507 -0.0457686 -0.0444724 -0.0459205 -0.0396121 -0.0407601 -0.0464569 -0.021042 -0.0401797 -0.0390206 -0.0453113 -0.0471586 -0.0466262 -0.0428504 -0.0425188 -0.0410526
internal_weight=3.45085e+06 73725 24154 12094 8590 7318 5761 5439 1974 3465 12060 3.37713e+06 1557 827 1.10848e+06 3179 1433 2.26864e+06 663086 184283 103164 63181 18769 1.04322e+06 1.03946e+06 288800 167532 49571 27807 14568 1207 1053 9111 10727 750665 65267 478803 2903 807 534 475900 926 457 609532 53897 9658 41108 12793 6259 44412 767 6506 139725 703 6359 4222 23553 595253 52014 3753 3453 2311
internal_count=3450854 73725 24154 12094 8590 7318 5761 5439 1974 3465 12060 3377129 1557 827 1108485 3179 1433 2268644 663086 184283 103164 63181 18769 1043218 1039465 288800 167532 49571 27807 14568 1207 1053 9111 10727 750665 65267 478803 2903 807 534 475900 926 457 609532 53897 9658 41108 12793 6259 44412 767 6506 139725 703 6359 4222 23553 595253 52014 3753 3453 2311
is_linear=0
shrinkage=0.05


Tree=96
num_leaves=63
num_cat=10
split_feature=6 7 42 0 2 3 0 17 7 0 42 41 42 7 43 7 42 43 7 0 4 9 34 41 9 42 42 44 0 41 42 7 20 41 35 28 43 7 0 19 17 0 7 7 42 43 0 7 40 44 0 24 0 7 28 28 5 17 29 43 7 24
split_gain=59118.7 1263.62 732.044 1117.89 450.366 737.03 869.251 463.084 446.303 333.141 185.748 280.141 217.169 178.321 104.98 99.0573 98.1419 70.5725 58.1906 57.0837 46.7987 58.0665 45.8437 45.794 45.0153 39.2504 30.42 29.4649 29.056 26.961 26.6682 26.3316 25.9276 25.4957 24.2255 23.7928 21.6403 20.8995 20.5166 19.5792 18.9625 18.6566 18.0861 22.2308 17.42 17.4093 17.2411 16.8859 16.7736 15.8591 14.0085 13.8747 13.7111 24.5926 13.6335 13.5577 13.3703 11.2704 10.3606 10.2784 9.93295 9.79708
threshold=1.0000000180025095e-35 1.0000000180025095e-35 -0.35206145048141474 0 1.0000000180025095e-35 1.0000000180025095e-35 1 1.0000000180025095e-35 0.84999999403953563 2 -0.16280825436115262 -0.47114434838294977 -0.81241145730018605 0.15000000223517421 0.8522624969482423 1.5500000119209292 -0.81241145730018605 0.73865729570388805 0.15000000223517421 3 1.0000000180025095e-35 0.040011148899793632 1.0500000119209292 -0.41248606145381922 0.019669849425554279 0.032701563090086018 -0.63405361771583546 0.83258596062660228 4 -0.097964655607938753 -0.9103761315345763 0.45000000298023229 2.1833333969116215 0.81241145730018627 1.1500000357627871 0.036731028929352767 0.9159645438194276 5.3500001430511483 5 2.5000000000000004 0.45000000298023229 6 1.1500000357627871 0.25000000745058065 -0.63405361771583546 0.49812944233417517 7 0.15000000223517421 2.3645000457763676 0.67007490992546093 8 -0.00023668730864301321 9 0.35000000894069677 0.013725490774959328 0.013725490774959328 -1.0000000180025095e-35 0.14583333581686023 1.7465476393699648 -0.47558552026748652 3.5499999523162846 0.0035871835425496106
decision_type=2 2 2 9 10 8 9 8 2 9 2 2 2 2 2 2 2 2 2 9 10 2 2 2 2 2 2 2 9 2 2 2 10 2 2 2 2 2 9 2 10 9 2 2 2 2 9 2 2 2 9 10 9 2 2 2 10 10 2 2 2 10
left_child=1 22 3 8 5 20 7 10 13 15 12 -12 30 16 23 18 36 27 29 61 -2 24 -1 -15 -22 42 34 35 49 39 -7 -20 38 40 -16 48 41 52 -24 45 59 57 43 -11 -18 -4 -28 -26 -10 -25 -38 -31 53 55 -50 -5 -6 -3 -37 -30 -29 -19
right_child=4 2 9 37 56 6 -8 -9 17 25 11 -13 -14 14 26 -17 44 19 31 -21 21 -23 32 28 47 -27 46 60 33 51 -32 -33 -34 -35 -36 58 50 -39 -40 -41 -42 -43 -44 -45 -46 -47 -48 -49 54 -51 -52 -53 -54 -55 -56 -57 -58 -59 -60 -61 -62 -63
leaf_value=0 2.226083000195417e-17 0 0 0 7.3885226436969874e-08 0 0 1.1361481900648492e-14 0 0 0 1.5809818718499569e-09 1.1646021702541304e-14 0 0 0 0 0 0 0 -0.0030598916243572368 -0.0014648898558952779 0 0 -4.3168861737157003e-06 0 0 0 0 0 0 0 0 0 0 0 0 0 0 0 0 0 0 0 0 0 0 -4.3150943192772633e-06 0 0 0 0 0 0 0 0 9.9854396084692046e-05 0 0 0 0 0
leaf_weight=2832681 16144 1663 786 207 15050 735 4713 1134 2877 4218 3425 364 721 555 1324 1718 1635 204 1129 1306 358 2347 36877 1365 367 74949 384 201 345 561 253 286 14001 676 451 341 357 12936 341924 1396 207 1156 10372 2130 2134 274 646 411 461 276 401 695 13949 1389 417 332 27703 276 2737 1368 351 205
leaf_count=2832681 16144 1663 786 207 15050 735 4713 1134 2877 4218 3425 364 721 555 1324 1718 1635 204 1129 1306 358 2347 36877 1365 367 74949 384 201 345 561 253 286 14001 676 451 341 357 12936 341924 1396 207 1156 10372 2130 2134 274 646 411 461 276 401 695 13949 1389 417 332 27703 276 2737 1368 351 205
internal_value=-0.0461356 -0.0471025 -0.042642 -0.0379116 -0.00184249 -0.00643388 -0.0165789 -0.0282249 -0.0299643 -0.0451932 -0.0342679 -0.0404401 -0.0205837 -0.024739 -0.0193178 -0.0342943 -0.0301424 -0.0387363 -0.0308626 -0.0295991 -0.000569751 -0.00582616 -0.0473122 -0.0238147 -0.0151056 -0.0459983 -0.0116355 -0.0408582 -0.0220457 -0.0341514 -0.0358097 -0.022235 -0.046806 -0.0184421 -0.00766901 -0.0417558 -0.0245309 -0.0445935 -0.0468841 -0.0371987 -0.0155729 -0.0263853 -0.0438128 -0.0417108 -0.0358789 -0.0320755 -0.0184709 -0.0218573 -0.0390846 -0.0274667 -0.0169591 -0.0281927 -0.0433934 -0.0376316 -0.0330353 -0.0287616 0.0014837 -0.0228078 -0.0450146 -0.0138456 -0.0297464 -0.0122375
internal_weight=3.45085e+06 3.37713e+06 151646 53132 73725 30972 11345 6632 24319 98514 5498 3789 1709 15219 7597 6845 7622 9100 5127 1715 19627 3483 3.22548e+06 4792 1136 91669 2805 7385 4237 3712 988 1415 392802 2596 1775 6833 3853 28813 378801 2456 1920 3095 16720 6348 3769 1060 1030 778 3755 1641 758 1256 15877 1928 878 539 42753 1939 3078 1713 552 409
internal_count=3450854 3377129 151646 53132 73725 30972 11345 6632 24319 98514 5498 3789 1709 15219 7597 6845 7622 9100 5127 1715 19627 3483 3225483 4792 1136 91669 2805 7385 4237 3712 988 1415 392802 2596 1775 6833 3853 28813 378801 2456 1920 3095 16720 6348 3769 1060 1030 778 3755 1641 758 1256 15877 1928 878 539 42753 1939 3078 1713 552 409
cat_boundaries=0 4 8 12 15 18 22 25 27 29 33
cat_threshold=273668 690817178 268437856 1 1284 25692186 268435456 4 17039360 278921216 0 4 0 144 256 3328 786432 64 671155457 1098907650 268435520 1024 2052 2066 268435520 0 524306 3072 17303560 342491216 34619456 22216728 1112
is_linear=0
shrinkage=0.05


Tree=97
num_leaves=63
num_cat=9
split_feature=6 7 42 0 8 0 3 18 2 15 0 42 41 42 43 7 7 7 7 42 42 4 7 4 34 0 0 42 42 18 8 0 41 7 23 42 29 41 7 7 7 19 0 0 41 7 7 1 43 26 33 43 7 41 7 7 28 33 0 7 7 7
split_gain=59141.8 1263.62 732.044 1117.89 579.003 552.602 652.374 504.439 350.29 341.299 333.141 179.569 292.095 204.734 127.232 99.0573 90.9888 63.5789 63.4358 62.5314 59.6823 58.8831 58.1906 49.4748 45.8437 43.9358 39.5386 39.2504 37.3148 32.3517 32.2873 27.5693 26.961 26.3316 25.6534 23.2514 22.6568 22.2794 21.3579 21.0105 22.9864 19.5792 18.8524 18.525 24.8753 18.0861 22.2308 17.4556 17.4093 16.8322 16.2434 17.4756 17.4831 15.7123 15.6278 19.9925 15.6129 15.1899 15.0253 13.9665 13.6646 13.4499
threshold=1.0000000180025095e-35 1.0000000180025095e-35 -0.35206145048141474 0 0.037500001490116126 1 1.0000000180025095e-35 0.77500000596046459 1.0000000180025095e-35 1.0000000180025095e-35 2 -0.16280825436115262 -0.47114434838294977 -0.81241145730018605 0.67802080512046825 1.5500000119209292 0.65000000596046459 0.15000000223517421 1.1500000357627871 -0.68322628736495961 -0.81241145730018605 1.0000000180025095e-35 0.15000000223517421 1.0000000180025095e-35 1.0500000119209292 3 4 0.032701563090086018 -0.63405361771583546 10.183333396911623 0.012500000651925804 5 -0.097964655607938753 0.45000000298023229 0.28176638484001165 -0.9103761315345763 2.3289086818695073 -0.41248606145381922 0.15000000223517421 1.0500000119209292 0.15000000223517421 2.5000000000000004 6 7 -0.16280825436115262 1.1500000357627871 0.25000000745058065 1.0000000180025095e-35 0.49812944233417517 0.0071943989023566255 0.25000000745058065 0.8522624969482423 0.25000000745058065 0.72947329282760631 3.5499999523162846 0.15000000223517421 0.013725490774959328 0.25000000745058065 8 0.35000000894069677 1.2500000000000002 0.25000000745058065
decision_type=2 2 2 9 2 9 10 10 10 8 9 2 2 2 2 2 2 2 2 2 2 10 2 8 2 9 9 2 2 10 2 9 2 2 10 2 2 2 2 2 2 2 9 9 2 2 2 10 2 10 2 2 2 2 2 2 2 2 9 2 2 2
left_child=1 24 3 7 5 6 21 14 9 11 15 13 60 35 19 22 37 20 28 25 58 -2 32 -7 -1 54 -20 45 50 43 -23 -30 41 -24 42 -8 -18 -9 -32 40 -27 48 -26 44 -5 46 -12 -6 -4 -34 51 52 -19 -21 55 -3 -38 -39 -16 -46 -13 -33
right_child=4 2 10 29 47 23 8 16 -10 -11 27 12 -14 -15 17 -17 36 18 26 53 -22 30 33 -25 34 39 -28 -29 31 -31 38 61 49 -35 -36 -37 56 57 -40 -41 -42 -43 -44 -45 59 -47 -48 -49 -50 -51 -52 -53 -54 -55 -56 -57 -58 -59 -60 -61 -62 -63
leaf_value=0 2.1147788501856465e-17 0 0 0 -4.6339895937931344e-07 2.9199569241092028e-17 0 0 3.1997965290207555e-06 2.4581127796052157e-11 0 0 1.501932778257459e-09 1.1063720617414238e-14 0 0 0 0 0 0 0 0.0019257007116011294 0 -0.0029416830257873693 0 0 0 0 0 0 -4.0985324902383107e-06 0 0 0 0 0 0 0 -3.9308277371495613e-06 0 0 0 0 0 0 0 0 9.4861676280457591e-05 0 0 0 0 0 0 0 0 0 0 0 0 0 0
leaf_weight=2832681 4148 643 786 624 8463 11328 770 624 1133 811 4218 3227 381 682 334 1718 2224 376 365 508 1159 286 1129 319 35833 1749 838 74949 645 17540 235 247 667 286 19137 257 1107 2133 349 551 894 1396 337832 9335 470 10372 2130 41108 274 589 205 1423 271 2004 250 531 3437 505 884 844 228 412
leaf_count=2832681 4148 643 786 624 8463 11328 770 624 1133 811 4218 3227 381 682 334 1718 2224 376 365 508 1159 286 1129 319 35833 1749 838 74949 645 17540 235 247 667 286 19137 257 1107 2133 349 551 894 1396 337832 9335 470 10372 2130 41108 274 589 205 1423 271 2004 250 531 3437 505 884 844 228 412
internal_value=-0.0461354 -0.0471025 -0.042642 -0.0379116 -0.00183367 -0.00818146 -0.0154736 -0.0299643 -0.0248334 -0.029399 -0.0451932 -0.03383 -0.0398358 -0.0203496 -0.0239434 -0.0342943 -0.0385718 -0.0192349 -0.0159128 -0.0286711 -0.0259182 -0.00153547 -0.0308626 -0.000337351 -0.0473122 -0.0252176 -0.0258458 -0.0459983 -0.012574 -0.0445935 -0.0133621 -0.0193175 -0.0341514 -0.022235 -0.046806 -0.0344523 -0.041878 -0.0317121 -0.0201027 -0.0285471 -0.0267849 -0.0371987 -0.0468975 -0.0425191 -0.0365272 -0.0438128 -0.0417108 0.00125936 -0.0320755 -0.0281927 -0.00870879 -0.00737923 -0.0141924 -0.0350199 -0.0174268 -0.015132 -0.0439018 -0.0297024 -0.0181897 -0.032812 -0.0444175 -0.0265359
internal_weight=3.45085e+06 3.37713e+06 151646 53132 73725 24154 12507 24319 7489 6356 98514 5545 3836 1709 14289 6845 10030 7159 4782 7130 2377 5018 5127 11647 3.22548e+06 4618 1203 91669 3579 28813 870 1304 3712 1415 392802 1027 6768 3262 584 3194 2643 2456 373665 11273 1938 16720 6348 49571 1060 1256 2275 2070 647 2512 1424 1174 4544 2638 1218 1314 3455 659
internal_count=3450854 3377129 151646 53132 73725 24154 12507 24319 7489 6356 98514 5545 3836 1709 14289 6845 10030 7159 4782 7130 2377 5018 5127 11647 3225483 4618 1203 91669 3579 28813 870 1304 3712 1415 392802 1027 6768 3262 584 3194 2643 2456 373665 11273 1938 16720 6348 49571 1060 1256 2275 2070 647 2512 1424 1174 4544 2638 1218 1314 3455 659
cat_boundaries=0 4 8 12 15 18 21 24 28 31
cat_threshold=273668 690817178 268437856 1 1284 25692186 268435456 4 17039360 278921216 0 4 0 2064 268435456 0 128 256 1284 16779272 64 671155457 1098907650 268435520 3227648080 34756416 7790739 154 260 0 64
is_linear=0
shrinkage=0.05


Tree=98
num_leaves=63
num_cat=0
split_feature=6 8 6 3 42 42 15 42 36 36 34 10 8 42 38 28 18 5 49 19 38 38 28 42 15 37 1 37 44 44 32 28 3 18 10 18 10 40 8 6 38 37 45 44 20 8 20 19 36 9 44 9 45 26 40 42 19 39 34 44 18 38
split_gain=59356.4 586.638 779.06 506.3 234.207 181.352 136.805 151.374 150.392 75.1187 62.7855 33.6433 31.5987 27.74 35.3759 34.8408 27.4533 24.3008 24.258 22.7821 22.4911 21.2307 19.8418 18.943 18.4778 17.4796 16.3168 15.6319 14.4156 14.1934 15.9682 14.1149 13.4038 16.6656 13.1824 25.1553 16.0776 18.1003 12.3119 12.0829 12.0697 11.2032 10.3735 17.2185 9.9025 9.85012 9.67335 9.66654 12.8405 11.2883 10.4783 9.0258 8.37007 11.7313 8.03049 7.93425 7.51717 7.50432 6.46287 6.33852 6.25528 6.00502
threshold=1.0000000180025095e-35 1.0000000180025095e-35 0.45000000298023229 1.0000000180025095e-35 -0.16280825436115262 -0.81241145730018605 1.0000000180025095e-35 0.88144907355308544 2.5000000000000004 8.5000000000000018 1.0000000180025095e-35 67.291667938232436 0.037500001490116126 -0.35206145048141474 7.5000000000000009 0.044210137799382217 0.18333333730697635 1.0000000180025095e-35 1.0000000180025095e-35 2.5000000000000004 3.5000000000000004 7.5000000000000009 0.044210137799382217 -0.41248606145381922 1.0000000180025095e-35 1.9674999713897707 1.0000000180025095e-35 1.9674999713897707 0.44312302768230444 0.60383266210556041 1.0000000180025095e-35 0.013725490774959328 3.5499999523162846 0.68333333730697643 24.291666984558109 0.27500000596046453 13.541666507720949 2.3645000457763676 0.012500000651925804 0.15000000223517421 21.500000000000004 1.1215000152587893 1.0000000180025095e-35 0.50370931625366222 2.2749999761581425 0.029166667722165588 2.7749999761581425 1.5000000000000002 7.5000000000000009 0.050306759774684913 0.47369650006294256 0.2618983536958695 1.0000000180025095e-35 -0.017010074108839032 3.3724999427795415 -0.93540480732917775 4.5000000000000009 0.78499999642372142 5.1499998569488534 -0.99983122944831837 15.275000095367433 6.5000000000000009
decision_type=2 2 2 10 2 2 10 2 2 2 2 2 2 2 2 2 10 10 2 2 2 2 2 2 8 2 10 2 2 2 2 2 8 10 2 8 2 2 2 2 2 2 2 2 10 2 10 2 2 2 2 2 2 10 2 2 2 2 2 2 10 2
left_child=10 2 3 39 5 9 7 8 -6 16 13 31 17 14 15 19 40 -3 21 28 29 22 23 25 32 56 -14 57 52 30 55 -12 -4 -34 35 36 -16 -38 -19 -2 -5 -36 43 54 58 61 -33 48 50 -50 -10 -28 53 -1 -27 -21 -13 -23 -29 -60 -20 -40
right_child=1 12 24 4 6 -7 -8 -9 47 -11 11 18 26 -15 34 -17 -18 38 60 20 -22 27 -24 -25 -26 42 51 44 -30 -31 -32 46 33 -35 41 -37 37 -39 45 -41 -42 -43 -44 -45 -46 -47 -48 -49 49 -51 -52 -53 -54 -55 -56 -57 -58 -59 59 -61 -62 -63
leaf_value=0 2.009039907676364e-17 -2.547559297427384e-07 0 0 2.7739590779037432e-17 1.0510534586543526e-14 4.0164308459317599e-12 1.4268361393445861e-09 0 1.9110448637517122e-09 0 0 -4.4022901141034779e-07 0 0 0 0 -0.0027850846721131071 0 0 0 0 0 0 2.1593468979468717e-11 0 9.0118592466434399e-05 0 0 0 0 0 -2.3090366160553069e-13 -2.2782907072304499e-13 0 0 0 0 -3.7342863502917713e-06 -1.5493807032544144e-05 0 0 0 0 0 -3.7045741168952043e-06 0 0 0 0 0 0.00010488014823316696 0 0 0 0 0 0 0 0 0 -4.1383438475135715e-06
leaf_weight=2318 2027 3495 2782 343 217 1036 277 248 737 205 11370 29489 8463 1605558 273 81119 289 389 1717 1095 35023 101487 121268 73108 6638 4450 33378 543239 21828 11372 10220 52708 289 359 12793 2096 293 241 289 399 450 463107 36525 6605 14279 361 1189 2209 248 211 200 7730 13847 4584 1841 2877 15514 39646 281 51733 2036 456
leaf_count=2318 2027 3495 2782 343 217 1036 277 248 737 205 11370 29489 8463 1605558 273 81119 289 389 1717 1095 35023 101487 121268 73108 6638 4450 33378 543239 21828 11372 10220 52708 289 359 12793 2096 293 241 289 399 450 463107 36525 6605 14279 361 1189 2209 248 211 200 7730 13847 4584 1841 2877 15514 39646 281 51733 2036 456
internal_value=-0.0461336 -0.00175161 -0.00927729 -0.0198835 -0.0269978 -0.014181 -0.0338469 -0.0361609 -0.0386172 -0.0267152 -0.0471025 -0.0467941 0.000891708 -0.0472532 -0.0469811 -0.0463925 -0.0319732 -0.0029008 -0.046863 -0.0457828 -0.0464057 -0.0468775 -0.0465132 -0.0461606 0.000304927 -0.0456927 0.00127348 -0.0470176 -0.0448965 -0.0452781 -0.0442235 -0.0456928 -0.00267493 -0.00915123 -0.0472077 -0.0438486 -0.0363476 -0.0313015 -0.00823579 -0.000323578 -0.0367812 -0.0472282 -0.0450436 -0.0438244 -0.0471274 -0.0109268 -0.0460305 -0.0410506 -0.0377937 -0.0309423 -0.0411499 0.00168507 -0.0439528 -0.0425304 -0.0419524 -0.0415332 -0.0464056 -0.0465435 -0.0471586 -0.0466262 -0.0428504 -0.0142114
internal_weight=3.45085e+06 73725 19164 9096 6670 2323 4347 4070 3822 1287 3.37713e+06 1.10848e+06 54561 2.26864e+06 663086 184283 1082 4990 1.04322e+06 103164 60587 1.03946e+06 288800 167532 10068 94424 49571 750665 42577 25564 14192 65267 3430 648 478803 2903 807 534 1495 2426 793 475900 49421 12896 609532 1106 53897 3605 1396 459 937 41108 20749 6902 6291 3972 45003 141133 595253 52014 3753 745
internal_count=3450854 73725 19164 9096 6670 2323 4347 4070 3822 1287 3377129 1108485 54561 2268644 663086 184283 1082 4990 1043218 103164 60587 1039465 288800 167532 10068 94424 49571 750665 42577 25564 14192 65267 3430 648 478803 2903 807 534 1495 2426 793 475900 49421 12896 609532 1106 53897 3605 1396 459 937 41108 20749 6902 6291 3972 45003 141133 595253 52014 3753 745
is_linear=0
shrinkage=0.05


Tree=99
num_leaves=63
num_cat=10
split_feature=6 7 42 0 8 0 18 3 2 17 0 42 41 42 43 5 7 7 7 7 42 42 7 34 0 7 7 0 42 42 18 0 41 7 20 5 4 42 0 31 41 7 7 0 19 0 41 7 7 43 26 33 43 7 41 7 7 33 0 1 7 8
split_gain=58547.9 1263.62 732.044 1117.89 575.197 509.762 504.439 465.181 525.397 438.423 333.141 155.672 259.078 211.977 127.232 120.201 99.0573 90.9888 63.5789 63.4358 62.5314 59.6823 58.1906 45.8437 43.9358 43.2082 41.2354 39.5386 39.2504 37.3148 32.3517 27.5693 26.961 26.3316 25.9276 25.7021 28.8263 25.6689 23.6414 22.7889 22.2794 21.0105 22.9864 20.5166 19.5792 18.525 24.8753 18.0861 22.2308 17.4093 16.8322 16.2434 17.4756 17.4831 15.7123 15.6278 19.9925 15.1899 15.0253 14.374 13.9665 13.4677
threshold=1.0000000180025095e-35 1.0000000180025095e-35 -0.35206145048141474 0 0.070833336561918273 1 0.77500000596046459 1.0000000180025095e-35 1.0000000180025095e-35 1.0000000180025095e-35 2 -0.16280825436115262 -0.47114434838294977 -0.81241145730018605 0.67802080512046825 1.0000000180025095e-35 1.5500000119209292 0.65000000596046459 0.15000000223517421 1.1500000357627871 -0.68322628736495961 -0.81241145730018605 0.15000000223517421 1.0500000119209292 3 0.15000000223517421 1.1500000357627871 4 0.032701563090086018 -0.63405361771583546 10.183333396911623 5 -0.097964655607938753 0.45000000298023229 2.1833333969116215 1.0000000180025095e-35 1.0000000180025095e-35 -0.9103761315345763 6 0.05172413773834706 -0.41248606145381922 1.0500000119209292 0.15000000223517421 7 2.5000000000000004 8 -0.16280825436115262 1.1500000357627871 0.25000000745058065 0.49812944233417517 0.0071943989023566255 0.25000000745058065 0.8522624969482423 0.25000000745058065 0.72947329282760631 3.5499999523162846 0.15000000223517421 0.25000000745058065 9 1.0000000180025095e-35 0.35000000894069677 0.037500001490116126
decision_type=2 2 2 9 2 9 10 10 10 8 9 2 2 2 2 10 2 2 2 2 2 2 2 2 9 2 2 9 2 2 10 9 2 2 10 8 8 2 9 2 2 2 2 9 2 9 2 2 2 2 10 2 2 2 2 2 2 2 9 10 2 2
left_child=1 23 3 6 5 7 14 15 9 11 16 13 26 37 20 -2 22 40 21 29 24 58 32 -1 55 61 -13 -21 47 51 45 -31 44 -24 43 -7 -37 -9 -27 -19 -8 42 -26 -25 49 46 -5 48 -12 -4 -34 52 53 -20 -22 56 -3 -42 -16 -6 -48 -17
right_child=4 2 10 30 59 35 17 8 -10 -11 28 12 -14 -15 18 25 -18 39 19 27 54 -23 33 34 41 38 -28 -29 -30 31 -32 -33 50 -35 -36 36 -38 -39 -40 -41 57 -43 -44 -45 -46 -47 60 -49 -50 -51 -52 -53 -54 -55 -56 -57 -58 -59 -60 -61 -62 -63
leaf_value=0 1.9085879122925459e-17 0 0 0 -8.7806510249293744e-07 2.635261124008556e-17 0 0 3.039806702044191e-06 1.0793407805616067e-14 0 0 1.3554943323773567e-09 -2.0490837231727501e-13 0 -3.7083771598812876e-06 0 0 0 0 0 0 0 0 0 -3.4911446155083681e-06 0 0 0 0 0 0 0 0 0 -9.524124606592744e-07 -0.0026458304385074518 0 -9.7001011190964453e-07 0 0 0 0 0 0 0 0 0 0 0 0 0 0 0 0 0 0 0 0 8.561266284311253e-05 0 -9.4990308586798142e-07
leaf_weight=2832681 4431 643 786 624 6746 11887 624 721 1957 1063 4218 3197 347 681 334 456 1718 3567 376 365 508 1159 1129 36877 1749 348 204 838 74949 645 17540 659 667 286 14001 266 378 244 860 3201 2133 551 894 341924 1396 9335 470 10372 2130 274 589 205 1423 271 2004 250 531 505 884 39506 844 433
leaf_count=2832681 4431 643 786 624 6746 11887 624 721 1957 1063 4218 3197 347 681 334 456 1718 3567 376 365 508 1159 1129 36877 1749 348 204 838 74949 645 17540 659 667 286 14001 266 378 244 860 3201 2133 551 894 341924 1396 9335 470 10372 2130 274 589 205 1423 271 2004 250 531 505 884 39506 844 433
internal_value=-0.0461402 -0.0471025 -0.042642 -0.0379116 -0.00206155 -0.00779192 -0.0299643 -0.0140245 -0.0218047 -0.0286832 -0.0451932 -0.034467 -0.0400961 -0.0216495 -0.0239434 -0.00401808 -0.0342943 -0.0385718 -0.0192349 -0.0159128 -0.0286711 -0.0259182 -0.0308626 -0.0473122 -0.0252176 -0.0138805 -0.0442951 -0.0258458 -0.0459983 -0.012574 -0.0445935 -0.0193175 -0.0341514 -0.022235 -0.046806 -0.000348656 -0.0100776 -0.0367228 -0.00772351 -0.041878 -0.0317121 -0.0285471 -0.0267849 -0.0468841 -0.0371987 -0.0425191 -0.0365272 -0.0438128 -0.0417108 -0.0320755 -0.0281927 -0.00870879 -0.00737923 -0.0141924 -0.0350199 -0.0174268 -0.015132 -0.0297024 -0.0181897 0.00134221 -0.032812 -0.0222469
internal_weight=3.45085e+06 3.37713e+06 151646 53132 73725 27473 24319 14942 8414 6457 98514 5394 3748 1646 14289 6528 6845 10030 7159 4782 7130 2377 5127 3.22548e+06 4618 2097 3401 1203 91669 3579 28813 1304 3712 1415 392802 12531 644 965 1208 6768 3262 3194 2643 378801 2456 11273 1938 16720 6348 1060 1256 2275 2070 647 2512 1424 1174 2638 1218 46252 1314 889
internal_count=3450854 3377129 151646 53132 73725 27473 24319 14942 8414 6457 98514 5394 3748 1646 14289 6528 6845 10030 7159 4782 7130 2377 5127 3225483 4618 2097 3401 1203 91669 3579 28813 1304 3712 1415 392802 12531 644 965 1208 6768 3262 3194 2643 378801 2456 11273 1938 16720 6348 1060 1256 2275 2070 647 2512 1424 1174 2638 1218 46252 1314 889
cat_boundaries=0 4 8 12 15 18 21 25 29 33 36
cat_threshold=273668 690817178 268437856 1 1284 25692186 268435456 4 17039360 278921216 0 4 0 2064 268435456 0 128 256 1284 16779272 64 1024 8388608 268435456 4 671155457 1098907650 268435520 1024 3227648080 34756416 7790739 154 260 0 64
is_linear=0
shrinkage=0.05


Tree=100
num_leaves=63
num_cat=0
split_feature=6 7 42 7 8 6 3 8 41 17 42 42 41 36 7 18 5 18 41 7 41 34 42 43 7 8 43 7 37 20 28 39 36 44 37 37 7 36 42 39 36 41 43 32 36 39 43 41 36 37 37 17 42 44 18 37 37 7 18 34 6 9
split_gain=58590.6 1253.83 723.83 1094.28 582.765 477.776 378.796 507.479 321.813 233.954 201.801 201.653 193.544 159.5 158.698 153.841 116.351 98.9868 53.5831 52.7423 45.224 45.0933 40.2896 38.5885 37.4035 36.9799 27.6561 27.0801 25.5813 24.7139 22.7614 24.7607 53.5585 24.0765 23.9766 39.4055 35.4768 22.0062 21.5622 21.2449 20.4907 20.2236 22.4462 26.3709 40.1845 20.0546 19.551 18.3482 17.3996 17.3219 16.2262 15.3834 14.4113 14.3306 14.1683 13.6247 13.4687 18.8977 13.4222 13.4163 13.3279 18.7988
threshold=1.0000000180025095e-35 1.0000000180025095e-35 -0.35206145048141474 1.0500000119209292 0.070833336561918273 0.45000000298023229 1.0000000180025095e-35 1.0000000180025095e-35 -0.2901292592287063 1.0000000180025095e-35 -0.16280825436115262 -0.81241145730018605 -0.47114434838294977 2.5000000000000004 0.15000000223517421 0.77500000596046459 1.0000000180025095e-35 4.1833331584930429 0.77259656786918651 0.15000000223517421 0.77259656786918651 1.0500000119209292 1.0000000180025095e-35 0.89787620306015026 1.1500000357627871 0.037500001490116126 0.9159645438194276 0.25000000745058065 1.9674999713897707 2.1833333969116215 0.013725490774959328 0.65450000762939464 9.5000000000000018 0.79253265261650097 2.8605000972747807 4.5694999694824228 1.0500000119209292 10.500000000000002 -0.22695468366146085 0.63500002026557933 3.5000000000000004 -0.52778512239456166 0.58481550216674816 1.0000000180025095e-35 13.000000000000002 0.19749999791383746 0.65233618021011364 0.2269546836614609 3.5000000000000004 5.1965000629425058 5.4795000553131112 6.1833331584930429 -0.95642796158790577 -0.42958799004554743 17.550000190734867 2.3514999151229863 6.7225000858306894 0.75000000000000011 22.774999618530277 0.55000001192092907 0.15000000223517421 0.050306759774684913
decision_type=2 2 2 2 2 2 10 2 2 10 2 2 2 2 2 10 10 10 2 2 2 2 2 2 2 2 2 2 2 10 2 2 2 2 2 2 2 2 2 2 2 2 2 2 2 2 2 2 2 2 2 8 2 2 10 2 2 2 10 2 2 2
left_child=1 21 3 8 5 6 16 9 48 10 11 28 13 -12 20 18 60 41 23 25 37 -1 24 39 27 -18 54 -4 -8 -23 31 34 33 53 -24 36 -36 46 -21 45 55 -5 -43 44 47 -16 50 -44 -3 -45 -10 -7 -30 -33 -17 -20 -34 -58 -19 -25 -2 -62
right_child=4 2 22 17 -6 51 7 -9 14 -11 12 -13 -14 -15 15 26 19 58 40 38 -22 29 30 59 -26 -27 -28 -29 52 -31 -32 32 56 -35 35 -37 -38 -39 -40 -41 -42 42 43 49 -46 -47 -48 -49 -50 -51 -52 -53 -54 -55 -56 -57 57 -59 -60 -61 61 -63
leaf_value=0 1.8131585166779185e-17 0 0 0 3.3709624001662611e-06 -2.0407348001363787e-13 0 -3.5653975774767938e-07 0 1.0253737415335263e-14 2.5034980678081283e-17 2.0230426473080101e-14 1.2877196157584889e-09 0 0 0 -0.0024882671363189788 0 0 -7.7785522988385591e-07 0 0 0 0 0 -9.0479183762620652e-07 0 0 0 0 0 0 0 0 0 0 0 0 -3.5213237933047483e-06 0 0 0 0 0 0 0 0 0 0 0 0 1.125732392146109e-09 0 0 0 0 0 0 0 0 -1.4754885545138854e-05 2.7280271613234409e-07
leaf_weight=2831995 4418 895 4586 1932 46379 4550 595 2635 2863 704 213 825 314 3495 655 1236 642 8335 266 1171 1814 378921 15517 1132 9705 578 217 1966 301 14017 51631 490 3996 271 1200 4703 1018 207 239 557 1397 3778 244 1550 228 1201 2076 236 4142 417 290 5949 222 1267 597 273 788 1575 16182 261 295 402
leaf_count=2831995 4418 895 4586 1932 46379 4550 595 2635 2863 704 213 825 314 3495 655 1236 642 8335 266 1171 1814 378921 15517 1132 9705 578 217 1966 301 14017 51631 490 3996 271 1200 4703 1018 207 239 557 1397 3778 244 1550 228 1201 2076 236 4142 417 290 5949 222 1267 597 273 788 1575 16182 261 295 402
internal_value=-0.0461404 -0.0471044 -0.042662 -0.0379475 -0.00210725 -0.00786736 -0.0130346 -0.0198345 -0.0287491 -0.0271746 -0.0303919 -0.0171603 -0.0367839 -0.0399757 -0.0250861 -0.0201322 -0.00486604 -0.043561 -0.0159343 -0.0134125 -0.0304103 -0.0473134 -0.0451923 -0.0124895 -0.0429174 -0.0210246 -0.0318902 -0.0399985 -0.0309973 -0.0468115 -0.0456408 -0.0445657 -0.0422478 -0.0351726 -0.0454321 -0.0429848 -0.037491 -0.0281291 -0.00682624 -0.0163148 -0.0227066 -0.0388715 -0.0375279 -0.0340234 -0.0257486 -0.0137446 -0.0274962 -0.0339583 -0.0396878 -0.0370018 -0.029977 0.000523621 -0.0229302 -0.0373122 -0.0338884 -0.0309879 -0.0445042 -0.0415118 -0.0451649 -0.00586324 -0.000471652 -0.00689742
internal_weight=3.45055e+06 3.37663e+06 151694 52981 73927 27548 17049 9304 20079 6669 5965 1943 4022 3708 15042 7792 7745 32902 5742 2630 7250 3.22493e+06 98713 3806 16257 1220 2050 6552 1118 392938 82456 30825 8387 2028 22438 6921 2218 5436 1410 2413 1936 8385 6453 2675 708 1856 5229 480 5037 1967 3153 10499 523 1757 1833 539 6359 2363 24517 1393 5115 697
internal_count=3450554 3376627 151694 52981 73927 27548 17049 9304 20079 6669 5965 1943 4022 3708 15042 7792 7745 32902 5742 2630 7250 3224933 98713 3806 16257 1220 2050 6552 1118 392938 82456 30825 8387 2028 22438 6921 2218 5436 1410 2413 1936 8385 6453 2675 708 1856 5229 480 5037 1967 3153 10499 523 1757 1833 539 6359 2363 24517 1393 5115 697
is_linear=0
shrinkage=0.05


Tree=101
num_leaves=63
num_cat=11
split_feature=6 7 42 0 18 8 6 3 8 0 0 15 42 42 42 43 7 7 8 42 7 7 7 5 42 7 34 0 42 0 42 0 18 1 7 0 14 31 7 7 0 34 7 7 0 42 7 43 0 7 7 7 7 30 6 9 40 0 28 37 20 7
split_gain=58796.9 1253.83 723.83 1139.96 504.456 502.924 480.209 433.577 507.479 389.474 341.384 183.188 127.807 148.353 175.671 121.656 103.541 97.5359 82.8398 59.7891 59.0414 58.9942 66.9004 57.536 53.8638 52.3393 45.0933 42.5828 40.6449 39.9788 39.5635 36.0841 30.2164 29.2582 28.6934 26.6299 24.7733 23.213 22.1074 26.9827 21.921 19.119 18.606 22.8657 18.5898 15.7816 15.2485 14.346 14.0282 17.5648 14.0109 21.9195 13.8713 13.4768 12.8818 18.401 12.5148 12.434 12.3857 11.4224 11.2343 10.9617
threshold=1.0000000180025095e-35 1.0000000180025095e-35 -0.35206145048141474 0 0.77500000596046459 0.070833336561918273 0.45000000298023229 1.0000000180025095e-35 1.0000000180025095e-35 1 2 1.0000000180025095e-35 0.88144907355308544 -0.16280825436115262 -0.81241145730018605 0.67802080512046825 1.5500000119209292 0.55000001192092907 0.037500001490116126 -0.68322628736495961 0.15000000223517421 0.15000000223517421 1.1500000357627871 1.0000000180025095e-35 -0.81241145730018605 0.15000000223517421 1.0500000119209292 3 -0.032701563090086067 4 -0.63405361771583546 5 9.4499998092651385 1.0000000180025095e-35 0.55000001192092907 6 7.2500000000000009 0.05172413773834706 0.65000000596046459 0.15000000223517421 7 0.55000001192092907 1.1500000357627871 0.25000000745058065 8 -0.9103761315345763 0.55000001192092907 0.8522624969482423 9 0.35000000894069677 3.5499999523162846 0.15000000223517421 0.25000000745058065 0.10868534445762636 0.15000000223517421 0.050306759774684913 2.3645000457763676 10 0.013725490774959328 2.8605000972747807 0.77500000596046459 0.15000000223517421
decision_type=2 2 2 9 10 2 2 10 2 9 9 10 2 2 2 2 2 2 2 2 2 2 2 10 2 2 2 9 2 9 2 9 10 10 2 9 10 2 2 2 9 2 2 2 9 2 2 2 9 2 2 2 2 2 2 2 2 9 2 2 8 2
left_child=1 26 3 4 15 6 7 18 9 11 16 12 13 14 45 19 20 53 54 29 -4 24 30 -20 44 -25 -1 -24 42 50 41 -11 48 -7 59 -32 40 -19 39 -31 -28 47 43 -12 -17 -9 -15 52 49 -5 51 -3 -23 -6 -2 -56 -39 -27 -58 -22 -30 -21
right_child=5 2 10 32 17 33 -8 8 -10 31 28 -13 -14 46 -16 21 -18 37 23 61 34 22 27 25 -26 57 36 -29 60 38 35 -33 -34 -35 -36 -37 -38 56 -40 -41 -42 -43 -44 -45 -46 -47 -48 -49 -50 -51 -52 -53 -54 -55 55 -57 58 -59 -60 -61 -62 -63
leaf_value=0 1.6119404385599523e-17 0 0 0 0 -1.1690386620068049e-06 1.0233250484999765e-14 0 -3.3871276986029545e-07 0 0 2.8129472426791856e-11 1.2233336349705643e-09 0 1.6466810715462046e-09 0 0 0 -3.6881797342338031e-07 0 0 0 0 -8.5955224574524318e-07 0 -6.1062495129229901e-07 0 0 0 0 0 2.3783231644177218e-17 0 8.1163481580948807e-05 0 0 0 0 0 0 0 0 0 0 0 0 0 0 0 0 0 0 0 0 -1.4880984729757739e-05 7.6104794672239858e-07 0 -6.0974506872965575e-07 0 0 0 0
leaf_weight=2831995 5153 634 3698 512 1631 6769 10499 728 2635 352 3526 354 212 2962 427 346 1730 3477 712 1204 805 334 376 578 1114 241 36934 860 76466 1796 276 1117 17740 39610 250 985 11161 2685 549 836 344843 396 8628 1752 879 218 299 1260 9520 1142 257 516 263 1510 309 323 327 429 305 357 1501 1251
leaf_count=2831995 5153 634 3698 512 1631 6769 10499 728 2635 352 3526 354 212 2962 427 346 1730 3477 712 1204 805 334 376 578 1114 241 36934 860 76466 1796 276 1117 17740 39610 250 985 11161 2685 549 836 344843 396 8628 1752 879 218 299 1260 9520 1142 257 516 263 1510 309 323 327 429 305 357 1501 1251
internal_value=-0.0461387 -0.0471044 -0.042662 -0.0379475 -0.0298556 -0.00202812 -0.00737912 -0.0125595 -0.0198345 -0.0271746 -0.0451923 -0.0335701 -0.0361711 -0.0379079 -0.0241205 -0.0237985 -0.0341606 -0.0385015 -0.00382021 -0.0284527 -0.0306311 -0.0191744 -0.0159737 -0.0127041 -0.0256744 -0.0191747 -0.0473134 -0.025979 -0.0460049 -0.0250828 -0.0124545 -0.00427823 -0.0446572 0.00115025 -0.0219334 -0.019546 -0.0468115 -0.04187 -0.0282662 -0.0264514 -0.0468793 -0.00848535 -0.0435197 -0.0411813 -0.0184388 -0.0361364 -0.0437128 -0.00635837 -0.042636 -0.0365174 -0.01756 -0.0153261 -0.0127429 -0.0312154 -0.000810285 -0.00754747 -0.0388778 -0.00966418 -0.0325475 -0.0186274 -0.046454 -0.0347505
internal_weight=3.45055e+06 3.37663e+06 151694 52981 24067 73927 27548 17049 9304 6669 98713 5200 4846 4634 1373 14132 6840 9935 7745 7043 5110 7089 4750 1960 2339 1248 3.22493e+06 1236 91873 4588 3514 1469 28914 46379 1412 1261 392938 6794 3181 2632 381777 2253 13906 5278 1225 946 3261 1857 11174 1654 1407 1150 597 3141 5785 632 3317 670 632 1162 77967 2455
internal_count=3450554 3376627 151694 52981 24067 73927 27548 17049 9304 6669 98713 5200 4846 4634 1373 14132 6840 9935 7745 7043 5110 7089 4750 1960 2339 1248 3224933 1236 91873 4588 3514 1469 28914 46379 1412 1261 392938 6794 3181 2632 381777 2253 13906 5278 1225 946 3261 1857 11174 1654 1407 1150 597 3141 5785 632 3317 670 632 1162 77967 2455
cat_boundaries=0 4 8 12 15 18 20 22 25 28 32 36
cat_threshold=265476 19728538 268437856 1 1284 25692178 268435456 4 17039360 278921216 0 4 0 128 256 0 2064 268435456 0 8 0 524290 671155457 1098907650 268435520 260 262144 64 2153914448 168957760 7528595 152 16777216 8388616 268435520 4
is_linear=0
shrinkage=0.05


Tree=102
num_leaves=63
num_cat=0
split_feature=6 7 42 7 2 3 6 41 42 41 7 18 15 39 42 18 37 41 41 34 42 1 9 9 43 40 7 7 19 18 43 7 14 28 39 19 7 37 37 7 39 41 43 32 39 39 41 1 42 37 43 41 37 41 39 7 43 41 39 18 18 34
split_gain=58969.9 1253.83 723.83 1094.28 467.663 642.747 721.086 321.813 237.982 216.489 158.698 153.841 152.315 155.08 142.49 98.9868 68.0888 53.5831 45.224 45.0933 40.2896 39.6295 47.7706 66.3475 38.5885 38.4005 37.4035 36.5357 33.7294 30.4903 27.6561 27.0801 24.7733 22.7614 24.7607 62.8489 39.8629 23.9766 39.4055 35.4768 21.2449 20.2236 22.4462 26.3709 40.1845 20.0546 18.3482 18.23 17.3518 17.3219 16.2805 16.0248 15.5301 18.1045 16.8304 14.9778 32.9957 18.5282 14.8047 14.1683 13.4222 13.4163
threshold=1.0000000180025095e-35 1.0000000180025095e-35 -0.35206145048141474 1.0500000119209292 1.0000000180025095e-35 1.0000000180025095e-35 0.45000000298023229 -0.2901292592287063 -0.097964655607938753 -0.47114434838294977 0.15000000223517421 0.77500000596046459 1.0000000180025095e-35 0.019000000320374969 -0.81241145730018605 4.1833331584930429 3.3805000782012944 0.77259656786918651 0.77259656786918651 1.0500000119209292 1.0000000180025095e-35 1.0000000180025095e-35 0.041712706908583648 0.033100223168730743 0.89787620306015026 1.7624999880790713 1.1500000357627871 0.15000000223517421 3.5000000000000004 0.18333333730697635 0.9159645438194276 0.25000000745058065 7.2500000000000009 0.013725490774959328 0.65450000762939464 2.5000000000000004 0.35000000894069677 2.8605000972747807 4.5694999694824228 1.0500000119209292 0.63500002026557933 -0.52778512239456166 0.58481550216674816 1.0000000180025095e-35 0.81850001215934765 0.19749999791383746 0.2269546836614609 1.0000000180025095e-35 -0.9103761315345763 5.1965000629425058 0.8431384563446046 -0.97335553169250477 2.7055000066757207 -0.52778512239456166 0.37000000476837164 0.15000000223517421 0.63920241594314586 -1.0000000180025095e-35 0.65450000762939464 17.550000190734867 22.774999618530277 0.55000001192092907
decision_type=2 2 2 2 10 8 2 2 2 2 2 10 10 2 2 10 2 2 2 2 2 10 2 2 2 2 2 2 2 10 2 2 10 2 2 2 2 2 2 2 2 2 2 2 2 2 2 10 2 2 2 2 2 2 2 2 2 2 2 10 10 2
left_child=1 19 3 7 5 21 8 52 14 12 18 17 13 -10 16 41 29 24 25 -1 26 -2 23 -23 40 58 31 -25 50 48 59 -4 -21 34 37 -36 55 -22 39 -39 45 -5 -43 44 46 -12 -44 -6 -7 -45 -19 -16 53 -3 -55 57 -57 -37 -9 -13 -17 -26
right_child=4 2 20 15 47 6 -8 10 9 -11 11 30 -14 -15 51 60 -18 28 -20 32 33 22 -24 27 61 -27 -28 -29 -30 -31 -32 -33 -34 -35 35 36 -38 38 -40 -41 -42 42 43 49 -46 -47 -48 -49 -50 -51 -52 -53 -54 54 -56 56 -58 -59 -60 -61 -62 -63
leaf_value=0 1.641903568916025e-17 0 0 0 -2.7729685087846505e-07 0 9.6920114764319048e-15 0 2.259407006196836e-17 -1.058621350184702e-05 0 0 7.3081140027964116e-07 0 0 0 -5.9153487547866109e-11 0 0 0 0 -3.2776946232396244e-06 -0.00090338407446589127 -8.1657463345818917e-07 0 0 0 -5.800937037274412e-07 0 -7.933531873236342e-19 0 0 0 0 0 0 0 0 0 0 0 0 0 0 0 0 0 7.7105307501901263e-05 0 0 0 -2.3528286918199757e-13 0 0 0 0 0 0 0 0 0 0
leaf_weight=2831995 12600 2195 4586 1932 7713 614 4219 2971 214 464 655 1236 237 3435 301 8335 226 846 1814 381777 15517 1293 4633 518 1132 1654 9705 587 269 317 217 1966 11161 51631 4449 849 1830 1200 4703 1018 557 3778 244 1550 228 1201 236 35241 208 417 821 1107 1777 566 499 437 303 519 811 597 16182 261
leaf_count=2831995 12600 2195 4586 1932 7713 614 4219 2971 214 464 655 1236 237 3435 301 8335 226 846 1814 381777 15517 1293 4633 518 1132 1654 9705 587 269 317 217 1966 11161 51631 4449 849 1830 1200 4703 1018 557 3778 244 1550 228 1201 236 35241 208 417 821 1107 1777 566 499 437 303 519 811 597 16182 261
internal_value=-0.0461373 -0.0471044 -0.042662 -0.0379475 -0.00196183 -0.00664506 -0.0161211 -0.0287491 -0.0258237 -0.0331207 -0.0250861 -0.0201322 -0.036975 -0.0394978 -0.014377 -0.043561 -0.0258883 -0.0159343 -0.0304103 -0.0473134 -0.0451923 -0.00117022 -0.00417757 -0.00990617 -0.0124895 -0.0281291 -0.0429174 -0.0189027 -0.0227066 -0.0308626 -0.0318902 -0.0399985 -0.0468115 -0.0456408 -0.0445657 -0.0422478 -0.0376473 -0.0454321 -0.0429848 -0.037491 -0.0163148 -0.0388715 -0.0375279 -0.0340234 -0.0257486 -0.0137446 -0.0339583 0.00141512 -0.0359428 -0.0370018 -0.0200555 -0.00321733 -0.0396878 -0.037638 -0.0322887 -0.0329602 -0.0272297 -0.0360599 -0.0309082 -0.0338884 -0.0451649 -0.00586324
internal_weight=3.45055e+06 3.37663e+06 151694 52981 73927 30973 11342 20079 7123 4350 15042 7792 3886 3649 2773 32902 1365 5742 7250 3.22493e+06 98713 19631 7031 2398 3806 5436 16257 1105 1936 1139 2050 6552 392938 82456 30825 8387 3938 22438 6921 2218 2413 8385 6453 2675 708 1856 480 42954 822 1967 1667 1408 5037 3260 1065 2108 740 1368 3782 1833 24517 1393
internal_count=3450554 3376627 151694 52981 73927 30973 11342 20079 7123 4350 15042 7792 3886 3649 2773 32902 1365 5742 7250 3224933 98713 19631 7031 2398 3806 5436 16257 1105 1936 1139 2050 6552 392938 82456 30825 8387 3938 22438 6921 2218 2413 8385 6453 2675 708 1856 480 42954 822 1967 1667 1408 5037 3260 1065 2108 740 1368 3782 1833 24517 1393
is_linear=0
shrinkage=0.05


Tree=103
num_leaves=63
num_cat=9
split_feature=6 7 42 0 7 0 1 6 3 5 0 42 41 17 7 42 7 43 42 31 0 7 34 45 41 41 42 0 42 7 41 41 5 9 9 7 14 0 43 19 39 34 7 43 0 7 7 37 43 42 34 44 26 0 7 1 6 9 42 0 35 37
split_gain=59331 1253.83 723.83 1139.96 447.596 341.384 305.44 479.916 409.313 544.202 407.988 242.895 228.466 190.344 175.47 153.837 103.541 101.383 94.8127 72.7558 63.7841 59.0414 45.0933 42.3711 41.625 40.6463 40.6449 32.7198 30.7241 28.6934 27.5553 27.1035 26.4389 64.0192 48.888 66.5485 24.7733 21.921 20.3697 20.3428 20.2076 19.8345 19.2734 18.9268 18.6816 18.606 22.8657 17.5104 17.169 16.022 15.7738 15.405 14.6441 14.22 20.5335 14.0704 12.4947 18.307 12.286 12.1152 11.577 11.4224
threshold=1.0000000180025095e-35 1.0000000180025095e-35 -0.35206145048141474 0 0.84999999403953563 1 1.0000000180025095e-35 0.45000000298023229 1.0000000180025095e-35 -1.0000000180025095e-35 2 -0.16280825436115262 -0.47114434838294977 1.0000000180025095e-35 0.15000000223517421 -0.81241145730018605 1.5500000119209292 0.8522624969482423 -0.81241145730018605 0.05172413773834706 3 0.15000000223517421 1.0500000119209292 1.0000000180025095e-35 -0.41248606145381922 0.41248606145381933 -0.032701563090086067 4 -0.63405361771583546 0.55000001192092907 -0.097964655607938753 0.81241145730018627 1.0000000180025095e-35 0.041712706908583648 0.033100223168730743 0.15000000223517421 7.2500000000000009 5 0.66527691483497631 2.5000000000000004 0.26199999451637274 0.55000001192092907 3.8500000238418584 -0.34235668182373041 6 1.1500000357627871 0.25000000745058065 1.9674999713897707 0.49812944233417517 -0.58216583728790272 0.45000000298023229 0.67007490992546093 0.0071943989023566255 7 0.35000000894069677 0.15000000223517421 0.15000000223517421 0.050306759774684913 -0.52778512239456166 8 0.15000000223517421 2.8605000972747807
decision_type=2 2 2 9 2 9 10 2 10 10 9 2 2 10 2 2 2 2 2 2 9 2 2 2 2 2 2 9 2 2 2 2 10 2 2 2 10 9 2 2 2 2 2 2 9 2 2 2 2 2 2 2 10 9 2 10 2 2 2 9 2 2
left_child=1 22 3 4 14 16 7 8 56 -10 11 15 13 -13 18 23 21 24 38 -6 25 30 -1 -11 -16 -21 45 51 41 61 39 50 -8 34 -34 -36 37 -24 47 48 43 -19 53 -22 -30 46 -7 -3 -4 -20 -29 -26 -32 54 -5 59 -2 -58 -45 -37 -40 -23
right_child=6 2 5 42 19 26 32 -9 9 10 -12 12 -14 -15 17 -17 -18 28 49 20 40 29 36 -25 27 -27 -28 31 44 -31 52 -33 33 -35 35 55 -38 -39 60 -41 -42 -43 -44 58 -46 -47 -48 -49 -50 -51 -52 -53 -54 -55 -56 -57 57 -59 -60 -61 -62 -63
leaf_value=0 1.5598083904702236e-17 0 0 0 0 0 7.3250042126805914e-05 9.2369873869281819e-15 -1.2009951747304277e-07 0 -3.9667706062677408e-18 0 5.3047284204557302e-07 9.7410505445685001e-15 0 3.0983048608525975e-14 0 0 0 0 0 0 0 0 0 0 0 0 0 0 0 0 -2.9286081224294548e-06 0.00025951228821018206 -7.7574590178555731e-07 -5.5113301266965229e-07 0 0 0 0 0 0 0 0 0 0 0 0 0 0 0 0 0 0 0 0.0050838325336574749 -1.3273092031394844e-05 -3.7808558305308555e-07 0 -5.5025313010700903e-07 0 0
leaf_weight=2831995 4425 774 744 549 3910 3526 28757 16050 3036 592 1276 3255 336 241 539 727 1730 1367 1999 209 968 805 36934 433 1388 393 77967 1531 364 250 652 642 1632 10907 535 226 11161 344843 731 1412 1592 415 17149 1594 651 8628 1752 1654 281 1696 340 251 609 10500 716 332 300 488 316 379 743 357
leaf_count=2831995 4425 774 744 549 3910 3526 28757 16050 3036 592 1276 3255 336 241 539 727 1730 1367 1999 209 968 805 36934 433 1388 393 77967 1531 364 250 652 642 1632 10907 535 226 11161 344843 731 1412 1592 415 17149 1594 651 8628 1752 1654 281 1696 340 251 609 10500 716 332 300 488 316 379 743 357
internal_value=-0.0461343 -0.0471044 -0.042662 -0.0379475 -0.0298556 -0.0451923 -0.00182386 -0.00558916 -0.0119847 -0.0179578 -0.025758 -0.0315588 -0.0386665 -0.0424514 -0.0246064 -0.0161929 -0.0341606 -0.0191747 -0.0299602 -0.0387046 -0.0347535 -0.0306311 -0.0473134 -0.0286707 -0.0236671 -0.0183742 -0.0460049 -0.0219701 -0.0116401 -0.0219334 -0.0339521 -0.0180807 0.000919379 -0.000861644 -0.00719716 -0.0138043 -0.0468115 -0.0468793 -0.0245246 -0.0370568 -0.0368359 -0.00768519 -0.0446572 -0.034418 -0.0185837 -0.0435197 -0.0411813 -0.0273394 -0.0316951 -0.0357003 -0.0151109 -0.0276546 -0.027952 -0.0431141 -0.0359118 -0.00577108 -0.000645981 -0.0064467 -0.0315314 -0.0103099 -0.0198881 -0.0186274
internal_weight=3.45055e+06 3.37663e+06 151694 52981 24067 98713 73927 31159 15109 9896 6860 5584 3832 3496 15085 1752 6840 7488 7597 8982 5072 5110 3.22493e+06 1025 4691 602 91873 4152 2797 1412 3698 2513 42768 14011 3104 1472 392938 381777 3902 2437 4470 1782 28914 2878 1015 13906 5278 2428 1025 3695 1871 1639 1261 11765 1265 937 5213 788 1910 605 1474 1162
internal_count=3450554 3376627 151694 52981 24067 98713 73927 31159 15109 9896 6860 5584 3832 3496 15085 1752 6840 7488 7597 8982 5072 5110 3224933 1025 4691 602 91873 4152 2797 1412 3698 2513 42768 14011 3104 1472 392938 381777 3902 2437 4470 1782 28914 2878 1015 13906 5278 2428 1025 3695 1871 1639 1261 11765 1265 937 5213 788 1910 605 1474 1162
cat_boundaries=0 4 8 12 15 18 21 23 27 31
cat_threshold=265476 19728538 268437856 1 17039360 278921216 0 4 1284 25692186 268435456 4 0 128 256 3328 786432 64 671155457 1098907650 268435520 0 524306 2422866112 9280 18300944 1024 2048 8388616 268435520 4
is_linear=0
shrinkage=0.05


Tree=104
num_leaves=63
num_cat=13
split_feature=6 0 42 6 41 42 0 5 3 31 0 43 32 41 43 0 18 44 9 0 42 18 34 0 32 43 6 41 43 0 41 41 0 6 42 0 42 41 0 40 20 34 31 44 29 9 9 5 0 19 5 0 44 41 0 44 42 37 45 42 40 31
split_gain=59320.3 336.08 228.652 173.378 186.694 386.546 416.279 277.241 248.047 117.818 136.818 150.343 66.3703 64.0024 47.0739 99.1324 38.4608 37.8367 36.8816 39.0993 132.858 80.7421 32.2147 31.193 83.2435 31.1037 30.0899 28.9758 40.1486 50.1732 23.3855 23.027 22.1009 25.9334 144.642 22.0941 21.5236 88.1448 30.4998 21.3774 21.0035 20.8501 19.3201 21.7264 19.0246 17.9485 25.9032 31.9108 20.3937 17.7511 17.3374 21.1806 14.9251 14.9244 14.3616 23.1283 13.9138 15.4733 13.7408 13.062 12.4181 12.339
threshold=1.0000000180025095e-35 0 -0.35206145048141474 0.25000000745058065 -0.68322628736495961 -0.032701563090086067 1 -1.0000000180025095e-35 1.0000000180025095e-35 0.086206898093223586 2 0.62587949633598339 1.0000000180025095e-35 -0.2901292592287063 0.82414472103118908 3 1.0000000180025095e-35 0.44312302768230444 0.0082167778164150568 4 -0.9103761315345763 0.22500000149011615 1.0500000119209292 5 1.0000000180025095e-35 0.94425827264785778 0.15000000223517421 0.16280825436115268 0.48314048349857336 6 0.77259656786918651 -0.98611506819725026 7 0.45000000298023229 0.29012925922870642 8 0.72947329282760631 -0.47114434838294977 9 3.3724999427795415 2.3541666269302373 1.0000000180025095e-35 0.05172413773834706 0.26659387350082403 1.5236375331878664 0.041712706908583648 0.03214703872799874 1.0000000180025095e-35 10 2.5000000000000004 -1.0000000180025095e-35 11 0.42763730883598333 -0.35206145048141474 12 0.31595529615879064 -0.81241145730018605 2.8605000972747807 1.0000000180025095e-35 -0.032701563090086067 3.3724999427795415 0.05172413773834706
decision_type=2 9 2 2 2 2 9 10 10 2 9 2 2 2 2 9 10 2 2 9 2 10 2 9 2 2 2 2 2 9 2 2 9 2 2 9 2 2 9 2 10 2 2 2 2 2 2 10 9 2 10 9 2 2 9 2 2 2 2 2 2 2
left_child=1 2 9 4 5 31 7 -7 -9 12 11 39 14 -13 54 -16 -10 30 -6 20 21 26 -3 24 25 49 -20 -12 -29 52 35 50 33 34 59 44 45 38 -38 -11 -24 -25 -14 60 -15 46 -21 -48 -49 -4 -2 -52 -30 -51 55 -1 57 -22 -41 -5 -44 -26
right_child=3 22 23 32 18 6 -8 8 16 10 27 13 42 17 15 -17 -18 -19 19 36 56 -23 40 41 61 -27 -28 28 29 -31 -32 -33 -34 -35 -36 -37 37 -39 -40 58 -42 -43 43 -45 -46 -47 47 48 -50 53 51 -53 -54 -55 -56 -57 -58 -59 -60 -61 -62 -63
leaf_value=0 1.4949338760381594e-06 0 0 2.2208314962523933e-06 6.9587540020465963e-05 4.0664837846430653e-06 2.1662705089183326e-17 1.4818179709467127e-17 0 0 0 0 0 0 0 0 0 0 0 2.1800613215333953e-09 0 -1.5487611689053803e-07 0 0 0 0 0 0 0 0 0 -2.2331005558744339e-13 4.3612215373752782e-14 -2.0697394018291521e-13 0 0 0 3.4163426017018588e-07 0 0 0 0 0 0 0 3.4665738769876475e-08 -4.8184178054880581e-07 -7.3695860669659172e-07 -5.2353236790758653e-07 0 -6.6453286159090491e-16 -2.3349070556267911e-07 0 0 0 0 -5.1218708204264778e-07 -7.7744608143783743e-08 0 -0.0019788158760704363 0 0
leaf_weight=759 407 2526397 1563 1542 4686 627 1876 411 2146 11648 19908 1405 68965 1017 611 1448 509 1443 589 2904 248 342 346128 214221 13560 259 232 8046 2669 3556 1119 5683 32013 5959 353 1328 244 1113 223 1173 12364 62853 23571 23239 318 5557 1047 248 688 884 336 423 1222 241 7627 775 2917 232 857 372 1542 13911
leaf_count=759 407 2526397 1563 1542 4686 627 1876 411 2146 11648 19908 1405 68965 1017 611 1448 509 1443 589 2904 248 342 346128 214221 13560 259 232 8046 2669 3556 1119 5683 32013 5959 353 1328 244 1113 223 1173 12364 62853 23571 23239 318 5557 1047 248 688 884 336 423 1222 241 7627 775 2917 232 857 372 1542 13911
internal_value=-0.0461344 -0.0471044 -0.0458645 -0.00182792 -0.00447429 -0.00934571 -0.0191287 -0.0288327 -0.035106 -0.0444725 -0.042552 -0.0390974 -0.0453049 -0.0329374 -0.041631 -0.0347997 -0.0407015 -0.03039 -0.00163023 -0.00273698 -0.00667396 -0.0212747 -0.0473155 -0.0467 -0.0447994 -0.0368281 -0.0297777 -0.0445101 -0.0429011 -0.0402555 -0.0277618 -0.00139108 0.000387622 -0.00192266 -0.00647662 -0.0252131 -0.00123733 -0.00667722 -0.024909 -0.0421118 -0.0468721 -0.0469053 -0.0456563 -0.04489 -0.0200093 -0.00041555 -0.00262584 -0.00703101 -0.0137393 -0.0384226 -0.0077916 -0.0122563 -0.035753 -0.0336333 -0.0431664 -0.0367973 -0.00169488 -0.00958333 -0.0373768 -0.00105277 -0.0438704 -0.0456708
internal_weight=3.45055e+06 3.37663e+06 491738 73927 33688 12418 5569 3693 3066 184246 55709 20308 128537 6630 11220 2059 2655 5225 21270 16584 4560 1163 2.88489e+06 307492 30418 2947 821 35401 15493 7447 3782 6849 40239 8226 2267 2663 12024 1580 467 13678 358492 277074 117317 48352 1335 10444 4887 1983 936 2688 1166 759 3891 1125 9161 1534 3397 480 2030 1914 25113 27471
internal_count=3450554 3376627 491738 73927 33688 12418 5569 3693 3066 184246 55709 20308 128537 6630 11220 2059 2655 5225 21270 16584 4560 1163 2884889 307492 30418 2947 821 35401 15493 7447 3782 6849 40239 8226 2267 2663 12024 1580 467 13678 358492 277074 117317 48352 1335 10444 4887 1983 936 2688 1166 759 3891 1125 9161 1534 3397 480 2030 1914 25113 27471
cat_boundaries=0 4 7 10 12 16 20 22 26 28 30 32 35 38
cat_threshold=151127300 25692186 268435520 4 1284 17303578 268435456 0 17301522 268435520 256 17303570 0 8388612 8392704 6 0 8388608 0 4 1284 2056 49409 790114432 3761799185 160 0 17301520 256 16779282 132096 264200 1024 17303576 268435456 0 524290 268435456
is_linear=0
shrinkage=0.05


Tree=105
num_leaves=63
num_cat=10
split_feature=6 8 6 8 3 0 0 17 28 43 41 41 0 0 29 5 8 35 27 26 43 24 36 28 34 45 4 0 0 41 0 41 28 20 34 41 0 32 1 41 43 49 35 34 9 41 19 41 0 10 27 44 41 28 43 6 5 27 44 0 22 2
split_gain=59643.2 420.088 393.876 356.586 415.745 334.106 310.006 194.325 175.191 150.94 109.931 82.6713 89.0202 72.9328 61.911 55.807 47.4373 39.5689 37.9498 53.5487 42.9864 35.0756 32.9356 35.1362 32.2235 31.0969 29.5981 32.1612 27.3909 26.9896 41.3213 26.525 24.0355 23.2157 21.9704 22.0648 20.847 18.6641 17.4968 16.9784 14.7206 14.2504 14.0774 13.3542 12.7677 12.441 17.9186 13.2073 12.4359 11.7641 11.0489 10.83 10.6602 10.5756 10.0175 9.72753 9.57721 9.40345 9.34822 9.31341 9.23129 8.92392
threshold=1.0000000180025095e-35 0.070833336561918273 0.45000000298023229 1.0000000180025095e-35 1.0000000180025095e-35 0 1 1.0000000180025095e-35 0.044210137799382217 0.62587949633598339 1.0000000180025095e-35 -0.47114434838294977 2 3 0.96581566333770763 1.0000000180025095e-35 0.037500001490116126 0.15000000223517421 0.038691813126206405 0.02790098171681166 0.91248813271522533 -0.020970596931874749 3.5000000000000004 0.013725490774959328 1.0500000119209292 1.0000000180025095e-35 1.0000000180025095e-35 4 5 0.91037613153457653 6 -0.95642796158790577 0.017647059634327892 2.1833333969116215 1.0000000180025095e-35 0.91037613153457653 7 1.0000000180025095e-35 1.0000000180025095e-35 0.63405361771583568 -0.013976118760183452 0.013333333656191828 0.15000000223517421 1.0000000180025095e-35 0.081246752291917815 0.88144907355308544 2.5000000000000004 -0.2901292592287063 8 48.041666030883796 0.058037718757987029 0.16587474942207339 0.93540480732917797 1.0000000180025095e-35 0.90531614422798168 0.15000000223517421 0.65000000596046459 0.065776083618402495 0.24997577071189883 9 1.2250000238418581 1.0000000180025095e-35
decision_type=2 2 2 2 10 9 9 10 2 2 2 2 9 9 2 10 2 2 2 10 2 10 2 2 2 2 10 9 9 2 9 2 2 10 2 2 9 2 10 2 2 2 2 2 2 2 2 2 9 2 2 2 2 2 2 2 10 2 2 9 10 8
left_child=5 2 3 4 55 8 7 11 9 17 36 21 25 -12 18 -5 -17 40 -15 20 52 -6 23 45 49 -13 27 -18 -8 30 32 44 39 -26 -16 54 -11 -25 59 -22 -1 -24 -10 -33 -23 46 47 -19 -31 -7 -49 -52 -20 -48 -36 -2 -40 -32 -21 -3 -43 -61
right_child=1 38 -4 15 6 24 28 -9 42 10 13 12 -14 14 34 16 26 22 19 58 29 31 41 37 33 -27 -28 -29 -30 48 57 43 -34 -35 35 -37 -38 -39 56 -41 -42 60 -44 -45 -46 -47 53 50 -50 -51 51 -53 -54 -55 -56 -57 -58 -59 -60 61 -62 -63
leaf_value=0 1.407727072399377e-17 6.3044271772741602e-08 1.7938029917782075e-14 -1.6789438059975828e-07 0 0 -1.0897360457587187e-10 9.2539980173400759e-15 0 0 0 0 4.8686748693478509e-07 0 0 -3.1008908838905949e-06 -4.9656385520679971e-07 0 0 0 0 0 0 0 0 0 2.8684926761259329e-06 -7.3704001871807028e-07 -2.1589480635984557e-15 0 0 -2.1806107686876392e-15 0 0 0 0 0 0 6.6108163019442534e-05 0 0 0 0 0 -2.1806107686876392e-15 0 0 0 0 0 0 0 0 0 0 -1.2549576464038586e-05 -0.00092518526000859693 0 0 3.8216249319001878e-08 0 -2.7909441140306779e-05
leaf_weight=84109 2013 2751 10570 5047 218 51172 341 465 153240 10325 9589 557 311 1533 9242 1465 277 518 1660 883 334 924 71042 338 346155 364 205 808 1115 268 913 1889 213 12725 1343 1119 15930 9508 35502 282 31501 1262 76954 271 210 1296 337 219 396 2474594 609 247 408 3379 940 395 4032 1114 554 1710 203 2227
leaf_count=84109 2013 2751 10570 5047 218 51172 341 465 153240 10325 9589 557 311 1533 9242 1465 277 518 1660 883 334 924 71042 338 346155 364 205 808 1115 268 913 1889 213 12725 1343 1119 15930 9508 35502 282 31501 1262 76954 271 210 1296 337 219 396 2474594 609 247 408 3379 940 395 4032 1114 554 1710 203 2227
internal_value=-0.0461322 -0.00162532 -0.00652532 -0.0112659 -0.0180059 -0.0471032 -0.0244392 -0.0301164 -0.0458668 -0.0449826 -0.0427083 -0.0331977 -0.0220536 -0.0406814 -0.0388763 -0.00342797 -0.00915154 -0.0456168 -0.0356105 -0.0340552 -0.0318414 -0.0371071 -0.044824 -0.0428042 -0.0473137 -0.0296966 -0.0161434 -0.0194355 -0.00389495 -0.0284801 -0.026369 -0.0383925 -0.0162426 -0.0468705 -0.0411175 -0.0376822 -0.0450852 -0.0446968 0.00128413 -0.0214448 -0.0462268 -0.0452823 -0.0468738 -0.0416435 -0.0322002 -0.039983 -0.0389108 -0.0344743 -0.0375602 -0.0473769 -0.031314 -0.02875 -0.0375629 -0.0408127 -0.0348631 -0.000199335 0.00168425 -0.0302811 -0.0426635 -0.00108104 -0.040401 -0.00263681
internal_weight=3.45012e+06 73667 27445 16875 9073 3.37645e+06 6665 5209 491808 261614 57046 4744 1232 30791 21202 7802 2755 204568 8558 7025 5588 3512 88958 16451 2.88465e+06 921 1290 1085 1456 3520 2856 3294 829 358880 12644 3402 26255 9846 46222 616 115610 72507 230194 2160 1134 6605 5309 1593 664 2.52577e+06 1075 856 2068 3716 2283 2408 39534 2027 1437 6688 1465 3937
internal_count=3450121 73667 27445 16875 9073 3376454 6665 5209 491808 261614 57046 4744 1232 30791 21202 7802 2755 204568 8558 7025 5588 3512 88958 16451 2884646 921 1290 1085 1456 3520 2856 3294 829 358880 12644 3402 26255 9846 46222 616 115610 72507 230194 2160 1134 6605 5309 1593 664 2525766 1075 856 2068 3716 2283 2408 39534 2027 1437 6688 1465 3937
cat_boundaries=0 4 8 12 16 19 21 23 27 30 34
cat_threshold=151127300 25692186 268435520 4 1284 25692178 268435456 4 0 8388608 0 4 151127040 0 0 4 0 17301520 2048 0 8 0 17301520 256 25690114 268435456 4 4 8 268435520 3893429396 1095581861 205979944 72
is_linear=0
shrinkage=0.05


Tree=106
num_leaves=63
num_cat=0
split_feature=6 7 42 7 41 7 8 43 6 5 9 41 34 31 42 41 42 42 38 9 43 7 40 38 5 9 7 20 37 43 32 36 41 38 7 28 35 39 37 37 41 39 44 38 37 41 37 37 37 7 44 6 34 42 8 28 36 37 41 7 34 41
split_gain=63101.1 1260.54 729.354 1099.16 314.843 159.407 150.856 125.85 120.821 60.8242 61.0023 49.2637 45.9241 44.8181 39.8006 38.8231 82.105 55.0211 54.701 39.5442 38.0317 37.308 32.6285 34.8656 28.7423 32.1951 27.3466 27.0872 26.8493 26.2329 34.094 30.9659 26.0289 25.4182 98.9957 23.8651 22.851 20.9765 18.6983 17.3938 18.6668 16.6763 16.6512 16.5443 16.3615 15.378 17.8885 15.1879 27.4622 81.9268 15.1119 14.6076 16.1717 31.3978 14.5415 14.4742 13.8884 12.3986 12.3606 12.0644 12.0507 15.2796
threshold=1.0000000180025095e-35 1.0000000180025095e-35 -0.35206145048141474 1.0500000119209292 -0.2901292592287063 0.15000000223517421 0.079166669398546233 0.85673803091049205 0.45000000298023229 -1.0000000180025095e-35 0.03214703872799874 0.72947329282760631 1.0500000119209292 0.05172413773834706 1.0000000180025095e-35 -0.95642796158790577 -0.032701563090086067 -0.81241145730018605 21.500000000000004 0.081246752291917815 -0.32614396512508387 1.1500000357627871 1.7624999880790713 7.5000000000000009 1.0000000180025095e-35 0.041712706908583648 0.15000000223517421 2.1833333969116215 1.9674999713897707 0.5986820161342622 1.0000000180025095e-35 13.000000000000002 0.77259656786918651 13.500000000000002 0.35000000894069677 0.013725490774959328 0.65000000596046459 0.60599997639656078 2.8605000972747807 2.7055000066757207 -0.52778512239456166 0.37000000476837164 0.31595529615879064 5.5000000000000009 6.7225000858306894 0.2269546836614609 5.1965000629425058 2.8605000972747807 4.5694999694824228 0.55000001192092907 -0.84313312172889698 0.25000000745058065 1.0000000180025095e-35 0.29012925922870642 0.070833336561918273 0.017647059634327892 3.5000000000000004 1.9674999713897707 0.81241145730018627 3.7500000000000004 0.45000000298023229 0.81241145730018627
decision_type=2 2 2 2 2 2 2 2 2 10 2 2 2 2 2 2 2 2 2 2 2 2 2 2 10 2 2 10 2 2 2 2 2 2 2 2 2 2 2 2 2 2 2 2 2 2 2 2 2 2 2 2 2 2 2 2 2 2 2 2 2 2
left_child=1 12 3 4 39 11 8 20 9 -2 -11 22 -1 59 21 16 -12 18 54 38 37 26 23 -6 51 -26 -4 -14 50 56 31 43 36 47 35 -35 -9 60 -18 40 -3 -42 -20 -31 -37 -32 -47 -16 49 -49 55 52 -19 -54 -17 -22 -15 -53 -30 -5 61 -7
right_child=6 2 14 13 5 7 -8 32 -10 10 15 -13 27 29 33 17 19 24 42 -21 28 -23 -24 -25 25 -27 -28 -29 58 30 45 -33 -34 34 -36 44 -38 -39 -40 -41 41 -43 -44 -45 -46 46 -48 48 -50 -51 -52 57 53 -55 -56 -57 -58 -59 -60 -61 -62 -63
leaf_value=0 5.4840068906181723e-08 0 0 0 0 0 4.4067361864922882e-06 0 1.7028367019034682e-14 0 -3.5068085239828938e-07 0 0 0 0 -4.6054774270540278e-07 0 1.0903053843438196e-16 -1.1993135710550179e-15 -2.0715802302532575e-15 0 0 0 0 -7.0016933451610408e-07 -1.6737073742167919e-05 0 0 0 0 0 0 0 0 0 0 0 0 -3.6517665449606199e-08 0 0 0 0 0 0 0 0 0 0 0 0 -7.0343953476004736e-06 -3.5774024332704673e-07 -6.4051932028453497e-06 0.00023870768876334392 0 0 -5.6718018287719605e-07 0 0 0 0
leaf_weight=2831875 3338 2218 3136 3529 2530 553 45363 1191 10618 5042 669 2163 379006 1703 45490 1851 835 2589 330 208 323 9704 1557 997 351 330 3417 13971 1429 334 1605 239 976 2244 15970 1826 570 413 238 1789 585 494 217 310 556 1461 397 1517 10668 4064 1004 376 536 283 217 254 10379 276 510 12907 348 242
leaf_count=2831875 3338 2218 3136 3529 2530 553 45363 1191 10618 5042 669 2163 379006 1703 45490 1851 835 2589 330 208 323 9704 1557 997 351 330 3417 13971 1429 334 1605 239 976 2244 15970 1826 570 413 238 1789 585 494 217 310 556 1461 397 1517 10668 4064 1004 376 536 283 217 254 10379 276 510 12907 348 242
internal_value=-0.0461044 -0.0471032 -0.0426475 -0.0379178 -0.0287221 -0.0250896 -0.000325553 -0.0201354 -0.00319001 -0.00572119 -0.00713549 -0.0304309 -0.0473127 -0.043555 -0.0451905 -0.00953525 -0.0158077 -0.00787248 -0.013695 -0.0232221 -0.0247951 -0.0429297 -0.0277419 -0.0304033 -0.00466094 -0.0141667 -0.0400149 -0.0468062 -0.0219176 -0.0417081 -0.0383767 -0.0296065 -0.0114934 -0.0456369 -0.0441158 -0.0376751 -0.00786343 -0.0313046 -0.0270899 -0.039478 -0.0373241 -0.03193 -0.0277559 -0.0353106 -0.0411608 -0.0406129 -0.0375161 -0.0461443 -0.0448321 -0.0419902 -0.0267536 -0.0030665 -0.00175469 -0.00787851 -0.00997582 -0.0332019 -0.0429064 -0.00992331 -0.0179745 -0.0454009 -0.027815 -0.0244182
internal_weight=3.45012e+06 3.37645e+06 151602 53010 20146 15060 73667 7813 28304 17686 14348 7247 3.22485e+06 32864 98592 9306 1950 7356 2615 1281 5076 16257 5084 3527 4741 681 6553 392977 3520 16428 4346 883 2737 82335 20596 4626 1761 1556 1073 5086 3297 1079 547 644 2382 3463 1858 61739 16249 5581 1581 4060 3408 819 2068 577 12082 652 1939 16436 1143 795
internal_count=3450121 3376454 151602 53010 20146 15060 73667 7813 28304 17686 14348 7247 3224852 32864 98592 9306 1950 7356 2615 1281 5076 16257 5084 3527 4741 681 6553 392977 3520 16428 4346 883 2737 82335 20596 4626 1761 1556 1073 5086 3297 1079 547 644 2382 3463 1858 61739 16249 5581 1581 4060 3408 819 2068 577 12082 652 1939 16436 1143 795
is_linear=0
shrinkage=0.05


Tree=107
num_leaves=63
num_cat=10
split_feature=6 7 42 0 18 0 7 7 2 7 42 7 7 42 7 41 0 42 0 7 0 44 0 34 42 9 19 43 41 43 8 9 20 28 41 41 9 0 0 18 13 10 6 7 43 7 7 19 43 40 28 42 0 26 0 34 41 29 43 34 18 20
split_gain=63754.7 1260.54 729.354 1120.16 400.683 338.821 121.493 161.316 104.023 103.757 86.4931 82.7056 80.119 74.3423 65.3204 58.0086 80.6788 90.9326 61.7462 52.1803 82.902 51.4727 47.1079 45.9241 40.9049 39.6088 36.5952 32.244 30.1123 29.4165 27.8985 75.2611 27.0872 23.2249 23.1487 22.7069 22.7004 21.6902 20.7786 20.3497 19.6572 32.1469 23.3388 19.3705 19.0918 18.8785 21.6455 18.116 18.9915 18.0324 16.1845 16.0683 15.5455 15.0664 14.1749 12.4908 15.0905 12.0172 11.9042 11.6253 10.5242 10.4952
threshold=1.0000000180025095e-35 1.0000000180025095e-35 -0.35206145048141474 0 0.77500000596046459 1 0.15000000223517421 1.0500000119209292 1.0000000180025095e-35 0.55000001192092907 -0.68322628736495961 1.2500000000000002 0.15000000223517421 -0.63405361771583546 0.35000000894069677 -0.95642796158790577 2 -0.032701563090086067 3 0.45000000298023229 4 0.31595529615879064 5 1.0500000119209292 -0.032701563090086067 0.075025677680969252 4.5000000000000009 0.89787620306015026 -0.097964655607938753 0.3744682669639588 0.037500001490116126 0.041712706908583648 2.1833333969116215 0.013725490774959328 -0.41248606145381922 0.52778512239456188 0.033100223168730743 6 7 10.183333396911623 8.854166507720949 50.958333969116218 2.1499999761581425 0.15000000223517421 0.8522624969482423 1.1500000357627871 0.25000000745058065 2.5000000000000004 0.49812944233417517 2.3645000457763676 0.049337463453412063 -0.84874749183654774 8 0.0071943989023566255 9 1.0000000180025095e-35 0.2269546836614609 1.8830885887145998 0.90892735123634349 0.25000000745058065 1.1458333134651186 0.77500000596046459
decision_type=2 2 2 9 10 9 2 2 10 2 2 2 2 2 2 2 9 2 9 2 9 2 9 2 2 2 2 2 2 2 2 2 10 2 2 2 2 9 9 10 10 2 2 2 2 2 2 2 2 2 2 2 9 10 9 2 2 2 2 2 10 8
left_child=1 23 3 4 6 9 10 13 14 12 51 34 28 27 15 16 17 -2 21 20 29 -17 35 -1 45 36 44 37 47 -5 -20 43 38 49 -6 -9 -19 -8 -25 -21 -16 -42 -43 -32 -15 46 -7 48 -4 -13 54 52 -3 -30 58 56 -24 -35 -36 -29 -49 -26
right_child=8 2 5 19 11 24 7 22 -10 -11 -12 33 -14 26 40 18 -18 25 30 39 -22 -23 55 32 61 -27 -28 59 53 -31 31 -33 -34 57 50 -37 -38 -39 -40 -41 41 42 -44 -45 -46 -47 -48 60 -50 -51 -52 -53 -54 -55 -56 -57 -58 -59 -60 -61 -62 -63
leaf_value=0 -3.7482662110936027e-07 0 0 0 0 0 0 0 4.485594715416018e-06 0 0 0 0 0 1.0357901151266285e-16 -6.3710487888182792e-07 0 0 0 0 0 -6.3710487888182792e-07 0 0 0 -1.9680012187405944e-15 0 0 0 0 -6.3855819157943266e-07 3.1690309436559902e-05 0 0 0 0 0 0 0 0 -2.3762529323966341e-06 -0.00023519736311812561 -0.00035411972166390915 -4.4870827531143246e-07 0 0 0 0 0 0 0 0 0 0 0 0 0 0 0 0 0 0
leaf_weight=2831875 480 1360 775 447 710 3514 901 216 42696 1997 1842 994 1156 881 16432 540 909 208 6606 7993 3500 399 506 36777 76364 204 289 986 681 752 525 1181 13971 782 1224 310 608 1493 342229 17924 1629 288 608 354 801 8612 1755 1155 281 377 251 1201 1241 627 1163 660 553 3072 201 380 217 1458
leaf_count=2831875 480 1360 775 447 710 3514 901 216 42696 1997 1842 994 1156 881 16432 540 909 208 6606 7993 3500 399 506 36777 76364 204 289 986 681 752 525 1181 13971 782 1224 310 608 1493 342229 17924 1629 288 608 354 801 8612 1755 1155 281 377 251 1201 1241 627 1163 660 553 3072 201 380 217 1458
internal_value=-0.0460993 -0.0471032 -0.0426475 -0.0379178 -0.0293637 -0.0451905 -0.0240088 -0.0200364 -8.39249e-05 -0.0342408 -0.0296226 -0.0377097 -0.03037 -0.0155858 -0.00228996 -0.00517438 -0.0121119 -0.0191722 -0.00343441 -0.0441507 -0.0393174 -0.0155453 -0.0313975 -0.0473127 -0.0460043 -0.0277451 -0.0234513 -0.0114628 -0.0339293 -0.0270492 -0.00210177 -0.00718447 -0.0468062 -0.0417105 -0.0318195 -0.0171362 -0.0326716 -0.0149603 -0.0468859 -0.0450441 -0.000461966 -0.00456931 -0.0121763 -0.0182622 -0.0206272 -0.0435089 -0.0411515 -0.0372241 -0.0323011 -0.0361214 -0.0298001 -0.0253143 -0.0231055 -0.0278135 -0.0286244 -0.0354555 -0.032297 -0.0436988 -0.0324303 -0.00533309 -0.0410131 -0.0464553
internal_weight=3.45012e+06 3.37645e+06 151602 53010 22394 98592 13620 7976 73667 6889 5644 8774 4892 5731 30971 12014 2409 1500 9605 30616 4699 939 2245 3.22485e+06 91703 1020 1971 3760 3736 1199 8666 2060 392977 5225 3549 526 816 2394 379006 25917 18957 2525 896 879 1682 13881 5269 2428 1056 1371 2839 3802 2601 1308 2588 1719 1059 3854 1425 1366 1372 77822
internal_count=3450121 3376454 151602 53010 22394 98592 13620 7976 73667 6889 5644 8774 4892 5731 30971 12014 2409 1500 9605 30616 4699 939 2245 3224852 91703 1020 1971 3760 3736 1199 8666 2060 392977 5225 3549 526 816 2394 379006 25917 18957 2525 896 879 1682 13881 5269 2428 1056 1371 2839 3802 2601 1308 2588 1719 1059 3854 1425 1366 1372 77822
cat_boundaries=0 3 7 10 13 16 19 22 26 29 32
cat_threshold=264452 19728538 268437856 17039360 278921216 0 4 1284 17301522 268435456 0 8388608 8388608 230400 0 536870912 0 128 256 0 2064 268437504 671155457 1098907650 268435520 1024 260 786568 64 2304 17301528 64
is_linear=0
shrinkage=0.05


Tree=108
num_leaves=63
num_cat=0
split_feature=6 7 42 7 7 18 18 43 42 2 38 7 38 34 42 42 7 39 19 42 42 37 7 20 1 39 38 7 42 28 7 1 29 18 28 36 33 37 36 37 37 7 43 43 39 18 34 43 10 32 43 36 5 43 7 33 37 7 43 37 43 30
split_gain=64480.1 1260.54 729.354 1099.16 184.415 182.423 85.0366 82.8499 75.9525 61.3836 53.7073 52.4288 48.876 45.9241 45.7069 39.8006 37.308 32.3113 44.3438 29.8422 90.1273 50.3468 27.3466 27.0872 26.7446 25.4198 25.4182 98.9957 24.7206 23.8651 21.3719 20.3915 19.8334 18.6652 16.7169 16.4911 16.4133 16.3615 15.9647 15.1879 27.4622 81.9268 15.0844 13.2626 11.9831 11.9592 11.3694 10.8423 11.8042 10.2951 20.6681 15.7318 10.2711 10.2293 10.1694 9.84709 9.7451 9.67431 22.3741 9.59632 9.92614 9.46328
threshold=1.0000000180025095e-35 1.0000000180025095e-35 -0.35206145048141474 1.0500000119209292 0.15000000223517421 0.77500000596046459 1.5500000119209292 0.89787620306015026 -0.72947329282760609 1.0000000180025095e-35 13.500000000000002 0.25000000745058065 13.500000000000002 1.0500000119209292 -0.72947329282760609 1.0000000180025095e-35 1.1500000357627871 0.13900000229477885 2.5000000000000004 -0.032701563090086067 0.29012925922870642 2.8605000972747807 0.15000000223517421 2.1833333969116215 1.0000000180025095e-35 0.2559999972581864 13.500000000000002 0.35000000894069677 -0.63405361771583546 0.013725490774959328 0.45000000298023229 1.0000000180025095e-35 9.8684887886047381 22.774999618530277 0.013725490774959328 3.5000000000000004 0.25000000745058065 6.7225000858306894 3.5000000000000004 2.8605000972747807 4.5694999694824228 0.55000001192092907 0.54219430685043346 0.84773966670036327 0.65450000762939464 0.27500000596046453 0.55000001192092907 -0.11692013591527937 14.375000000000002 1.0000000180025095e-35 0.62587949633598339 9.5000000000000018 1.0000000180025095e-35 0.9159645438194276 0.25000000745058065 0.15000000223517421 2.3514999151229863 0.15000000223517421 0.70290291309356701 5.1965000629425058 0.3903625756502152 0.088237576186656966
decision_type=2 2 2 2 2 10 8 2 2 10 2 2 2 2 2 2 2 2 2 2 2 2 2 10 10 2 2 2 2 2 2 10 2 10 2 2 2 2 2 2 2 2 2 2 2 10 2 2 2 2 2 2 10 2 2 2 2 2 2 2 2 2
left_child=1 13 3 4 8 7 32 10 12 11 14 19 17 -1 55 16 22 18 -3 24 21 45 -4 -15 -2 -16 39 29 46 57 53 -11 47 38 -12 -32 43 -31 -8 -17 41 -41 -34 -19 -24 -21 -9 -5 -49 50 -50 59 -22 -7 -30 56 -6 -28 -59 60 -51 -38
right_child=9 2 15 6 5 30 33 28 -10 31 34 -13 -14 23 25 26 -18 36 -20 20 52 -23 44 -25 -26 -27 27 -29 54 37 35 -33 42 -35 -36 -37 61 -39 -40 40 -42 -43 -44 -45 -46 -47 -48 48 49 51 -52 -53 -54 -55 -56 -57 -58 58 -60 -61 -62 -63
leaf_value=0 0 0 0 0 0 0 0 0 0 -3.8472448691131082e-07 0 0 0 0 0 0 0 0 0 0 1.0357901151266285e-16 -2.2074988259568329e-07 0 0 -6.3996931785971143e-07 0 0 0 0 0 0 6.2358138323374837e-05 0 0 0 0 0 0 0 0 0 0 0 0 0 0 0 0 0 0 0 0 -6.631671581741605e-07 0 0 0 0 0 0 0 0 0
leaf_weight=2831875 4317 566 3136 2097 699 1641 1756 1216 4019 7593 521 20774 963 379006 659 45490 9704 2311 1165 871 1768 381 2365 13971 2202 937 1437 15970 337 1826 234 35103 293 16222 463 815 202 556 8075 1517 10668 4064 314 802 1052 205 273 372 254 513 562 1001 453 242 561 216 989 515 292 279 1126 315
leaf_count=2831875 4317 566 3136 2097 699 1641 1756 1216 4019 7593 521 20774 963 379006 659 45490 9704 2311 1165 871 1768 381 2365 13971 2202 937 1437 15970 337 1826 234 35103 293 16222 463 815 202 556 8075 1517 10668 4064 314 802 1052 205 273 372 254 513 562 1001 453 242 561 216 989 515 292 279 1126 315
internal_value=-0.0460936 -0.0471032 -0.0426475 -0.0379178 -0.0287221 -0.0238083 -0.043555 -0.0193527 -0.0333793 0.000182816 -0.0233586 -0.00151182 -0.0299636 -0.0473127 -0.0204571 -0.0451905 -0.0429297 -0.0281006 -0.0337218 -0.00444812 -0.00804921 -0.0177128 -0.0400149 -0.0468062 -0.0024164 -0.026698 -0.0456369 -0.0441158 -0.0118276 -0.0376751 -0.0342497 0.00141208 -0.0385806 -0.0448554 -0.0336789 -0.039969 -0.0254201 -0.0411608 -0.0431363 -0.0461443 -0.0448321 -0.0419902 -0.0299547 -0.02405 -0.0369205 -0.0232435 -0.00787609 -0.0394246 -0.037931 -0.037085 -0.0321201 -0.0384729 -0.00170982 -0.0310635 -0.0183797 -0.0152258 -0.0139396 -0.033975 -0.0295942 -0.0358212 -0.0372804 -0.0336702
internal_weight=3.45012e+06 3.37645e+06 151602 53010 20146 9803 32864 6871 10343 73667 4484 30971 6324 3.22485e+06 3500 98592 16257 5361 1731 10197 3678 1457 6553 392977 6519 1596 82335 20596 2387 4626 2932 42696 6811 26053 984 1049 3630 2382 9831 61739 16249 5581 607 3113 3417 1076 1489 6204 4107 3735 816 2919 2221 1883 898 1904 1688 2244 807 1918 1639 517
internal_count=3450121 3376454 151602 53010 20146 9803 32864 6871 10343 73667 4484 30971 6324 3224852 3500 98592 16257 5361 1731 10197 3678 1457 6553 392977 6519 1596 82335 20596 2387 4626 2932 42696 6811 26053 984 1049 3630 2382 9831 61739 16249 5581 607 3113 3417 1076 1489 6204 4107 3735 816 2919 2221 1883 898 1904 1688 2244 807 1918 1639 517
is_linear=0
shrinkage=0.05


Tree=109
num_leaves=63
num_cat=11
split_feature=6 7 42 0 18 0 7 7 7 42 7 7 42 2 9 41 0 42 3 7 0 0 34 42 19 43 41 43 20 41 41 0 5 9 9 7 0 1 18 43 7 7 31 19 43 42 0 26 43 0 6 9 0 34 41 34 0 42 18 20 7 37
split_gain=64502.3 1260.54 729.354 1120.16 400.683 338.821 121.493 161.316 103.757 86.4931 82.7056 80.119 74.3423 60.5729 56.8448 74.861 102.611 120.368 116.838 52.1803 82.902 47.1079 45.9241 40.9049 36.5952 32.244 30.1123 29.4165 27.0872 23.1487 22.7069 21.6902 21.3964 40.842 60.1245 30.8033 20.7786 20.3915 20.3497 19.0918 18.8785 21.6455 18.707 18.116 18.9915 16.0683 15.5455 15.0664 14.507 13.5046 12.746 33.8087 12.726 12.4908 15.0905 11.6253 10.9827 16.5832 10.5242 10.4952 9.01772 8.74237
threshold=1.0000000180025095e-35 1.0000000180025095e-35 -0.35206145048141474 0 0.77500000596046459 1 0.15000000223517421 1.0500000119209292 0.55000001192092907 -0.68322628736495961 1.2500000000000002 0.15000000223517421 -0.63405361771583546 1.0000000180025095e-35 0.075025677680969252 -0.95642796158790577 2 -0.032701563090086067 1.0000000180025095e-35 0.45000000298023229 3 4 1.0500000119209292 -0.032701563090086067 4.5000000000000009 0.89787620306015026 -0.097964655607938753 0.3744682669639588 2.1833333969116215 -0.41248606145381922 0.52778512239456188 5 1.0000000180025095e-35 0.041712706908583648 0.033100223168730743 0.15000000223517421 6 1.0000000180025095e-35 10.183333396911623 0.8522624969482423 1.1500000357627871 0.25000000745058065 0.05172413773834706 2.5000000000000004 0.49812944233417517 -0.84874749183654774 7 0.0071943989023566255 0.9159645438194276 8 0.15000000223517421 0.050306759774684913 9 1.0000000180025095e-35 0.2269546836614609 0.25000000745058065 10 -0.35206145048141474 1.1458333134651186 0.77500000596046459 0.25000000745058065 2.3514999151229863
decision_type=2 2 2 9 10 9 2 2 2 2 2 2 2 10 2 2 9 2 10 2 9 9 2 2 2 2 2 2 10 2 2 9 10 2 2 2 9 10 10 2 2 2 2 2 2 2 9 10 2 9 2 2 9 2 2 2 9 2 10 8 2 2
left_child=1 22 3 4 6 8 9 12 11 45 29 26 25 14 15 16 17 -2 -19 20 27 30 -1 40 39 31 43 -5 36 -6 -9 -8 50 34 -34 -36 -24 56 -21 -14 41 -7 -12 44 -4 46 -3 -28 52 -37 -17 -52 -31 54 -23 -27 57 -15 -45 -25 -41 -44
right_child=13 2 5 19 10 23 7 21 -10 -11 42 -13 24 37 -16 32 -18 18 -20 38 -22 53 28 59 -26 55 47 -29 -30 48 -32 -33 33 -35 35 49 -38 -39 -40 60 -42 -43 61 58 -46 -47 -48 -49 -50 -51 51 -53 -54 -55 -56 -57 -58 -59 -60 -61 -62 -63
leaf_value=0 -3.6501500962210501e-07 0 0 0 0 0 0 0 0 0 0 0 0 -1.1322059852259225e-06 1.0357901151266285e-16 9.8400060937029711e-17 4.2288824605602724e-17 1.3118650329659432e-17 -5.1789505756331427e-18 0 0 0 0 0 0 0 0 0 0 0 0 0 -2.7778740256008202e-06 3.0727356513605285e-05 -5.9413947517336647e-07 -4.3750715732965915e-07 0 5.9240231407205886e-05 0 0 0 0 0 0 0 0 0 0 0 -4.0904783467250674e-07 -1.5538479754347491e-05 9.8400060937029711e-17 0 0 0 0 -1.6931487028450352e-08 -1.1375808328284597e-07 0 0 0 0
leaf_weight=2831875 473 1360 775 447 710 3514 901 216 1997 1842 2872 1156 881 638 17223 6469 972 206 677 7993 3500 506 36777 76364 289 986 681 752 13971 787 310 1493 1285 1496 479 207 342229 35103 17924 299 8612 1755 894 1155 281 1201 1241 627 344 379 346 759 1708 660 553 380 6160 795 217 1458 502 1459
leaf_count=2831875 473 1360 775 447 710 3514 901 216 1997 1842 2872 1156 881 638 17223 6469 972 206 677 7993 3500 506 36777 76364 289 986 681 752 13971 787 310 1493 1285 1496 479 207 342229 35103 17924 299 8612 1755 894 1155 281 1201 1241 627 344 379 346 759 1708 660 553 380 6160 795 217 1458 502 1459
internal_value=-0.0460934 -0.0471032 -0.0426475 -0.0379178 -0.0293637 -0.0451905 -0.0240088 -0.0200364 -0.0342408 -0.0296226 -0.0377097 -0.03037 -0.0155858 0.000190961 -0.00149244 -0.00389002 -0.0120619 -0.0208712 -0.0319281 -0.0441507 -0.0393174 -0.0313975 -0.0473127 -0.0460043 -0.0234513 -0.0114628 -0.0339293 -0.0270492 -0.0468062 -0.0318195 -0.0171362 -0.0149603 -0.00222417 -0.00526131 -0.00937234 -0.0181573 -0.0468859 0.00141208 -0.0450441 -0.0206272 -0.0435089 -0.0411515 -0.0417105 -0.0372241 -0.0323011 -0.0253143 -0.0231055 -0.0278135 -0.0298001 -0.0104693 -0.000681938 -0.0056448 -0.0311273 -0.0354555 -0.032297 -0.00533309 -0.000937376 -0.00486313 -0.0410131 -0.0464553 -0.0150406 -0.0384052
internal_weight=3.45012e+06 3.37645e+06 151602 53010 22394 98592 13620 7976 6889 5644 8774 4892 5731 73667 30971 13748 2328 1356 883 30616 4699 2245 3.22485e+06 91703 1971 3760 3736 1199 392977 3549 526 2394 11420 3846 2350 1065 379006 42696 25917 1682 13881 5269 5225 2428 1056 3802 2601 1308 2839 586 7574 1105 2495 1719 1059 1366 7593 1433 1372 77822 801 2353
internal_count=3450121 3376454 151602 53010 22394 98592 13620 7976 6889 5644 8774 4892 5731 73667 30971 13748 2328 1356 883 30616 4699 2245 3224852 91703 1971 3760 3736 1199 392977 3549 526 2394 11420 3846 2350 1065 379006 42696 25917 1682 13881 5269 5225 2428 1056 3802 2601 1308 2839 586 7574 1105 2495 1719 1059 1366 7593 1433 1372 77822 801 2353
cat_boundaries=0 3 7 10 13 16 19 23 26 30 33 36
cat_threshold=264452 19728538 268437856 17039360 278921216 0 4 1284 17301522 268435456 230400 0 536870912 0 128 256 0 2064 268437504 671155457 1098907650 268435520 1024 260 786568 64 2048 8388616 268435520 4 2304 24 64 17833088 1073743872 8395009
is_linear=0
shrinkage=0.05


Tree=110
num_leaves=63
num_cat=9
split_feature=6 7 42 0 18 0 7 7 7 42 7 42 7 7 0 34 42 0 19 8 8 2 8 28 7 43 20 28 43 40 0 24 7 7 18 0 35 29 0 44 32 35 42 33 36 34 42 0 20 29 0 43 37 43 28 7 42 34 42 26 4 35
split_gain=65509.9 1257.47 727.658 1127.59 411.666 324.253 120.431 154.937 101.664 90.084 88.3137 73.3224 70.062 54.647 84.3804 45.3732 42.7916 41.9978 41.3407 30.946 51.1554 44.5487 33.0791 30.5844 27.5494 26.6534 26.5006 24.3579 24.1312 23.9512 20.7894 19.5767 19.2327 22.3525 18.8447 18.704 17.3787 17.3361 16.3188 14.9973 13.5917 13.4739 13.3351 13.6271 12.9318 12.8085 11.7058 11.6846 11.2573 11.0596 10.7318 10.4162 10.1839 9.95804 11.7643 9.62342 9.50931 9.3966 10.375 9.1525 9.03678 8.05926
threshold=1.0000000180025095e-35 1.0000000180025095e-35 -0.35206145048141474 0 0.77500000596046459 1 0.15000000223517421 1.0500000119209292 0.65000000596046459 -0.72947329282760609 0.84999999403953563 -0.68322628736495961 0.15000000223517421 0.55000001192092907 2 1.0500000119209292 -0.032701563090086067 3 4.5000000000000009 0.079166669398546233 0.037500001490116126 1.0000000180025095e-35 0.070833336561918273 0.013725490774959328 0.25000000745058065 0.8522624969482423 2.3541666269302373 0.013725490774959328 0.8431384563446046 2.3645000457763676 4 0.0011973689543083312 1.1500000357627871 0.25000000745058065 8.9499998092651385 5 1.1500000357627871 1.8530199527740481 6 0.26659387350082403 0.05172413773834706 1.0000000180025095e-35 -0.68322628736495961 0.15000000223517421 10.500000000000002 1.0000000180025095e-35 -0.77259656786918629 7 0.94999998807907116 0.79963624477386486 8 0.94425827264785778 2.8605000972747807 0.65233618021011364 0.017647059634327892 0.25000000745058065 0.52778512239456188 0.84999999403953563 -0.88144907355308522 -0.015119523741304873 1.0000000180025095e-35 0.15000000223517421
decision_type=2 2 2 9 10 9 2 2 2 2 2 2 2 2 9 2 2 9 2 2 2 10 2 2 2 2 10 2 2 2 9 10 2 2 10 9 2 2 9 2 2 2 2 2 2 2 2 9 8 2 9 2 2 2 2 2 2 2 2 10 10 2
left_child=1 15 3 4 6 8 9 11 12 38 42 25 41 14 23 -1 32 31 28 20 60 22 24 -5 -22 30 35 29 -13 -12 -8 -9 33 -7 -15 -17 -27 40 39 57 -29 44 43 47 51 46 59 -6 61 -25 -21 56 -14 -40 -55 -30 -4 58 -3 -19 -2 -18
right_child=19 2 5 13 10 16 7 17 -10 -11 27 18 52 34 -16 26 48 45 -20 50 21 -23 -24 49 -26 36 -28 37 55 -31 -32 -33 -34 -35 -36 -37 -38 -39 53 -41 -42 -43 -44 -45 -46 -47 -48 -49 -50 -51 -52 -53 -54 54 -56 -57 -58 -59 -60 -61 -62 -63
leaf_value=0 2.5894752878165714e-19 0 0 0 0 0 0 0 0 0 0 0 0 0 0 0 0 0 0 -2.2574871748096541e-06 -5.7715693346325577e-07 -1.1585392551889422e-07 0.00010386198122771226 0 -4.3498958104965696e-07 0 0 0 0 0 0 0 0 0 0 0 0 0 0 0 0 0 0 0 0 0 0 0 0 0 1.2128129576438207e-05 0 0 0 0 0 0 0 0 0 -1.719384465010609e-05 0
leaf_weight=2832506 22880 490 699 389 728 3484 736 200 1943 2166 1243 1013 790 7276 3600 32911 50011 215 344 3305 1097 2008 401 349 662 1074 13694 378 369 396 1254 310 8638 1741 18344 346000 321 3246 1129 666 489 871 1126 676 1050 697 476 651 1403 481 42073 214 384 386 280 616 884 269 287 470 1224 26542
leaf_count=2832506 22880 490 699 389 728 3484 736 200 1943 2166 1243 1013 790 7276 3600 32911 50011 215 344 3305 1097 2008 401 349 662 1074 13694 378 369 396 1254 310 8638 1741 18344 346000 321 3246 1129 666 489 871 1126 676 1050 697 476 651 1403 481 42073 214 384 386 280 616 884 269 287 470 1224 26542
internal_value=-0.0460862 -0.0471036 -0.0426563 -0.0379394 -0.0294504 -0.045197 -0.0240398 -0.0201251 -0.0344284 -0.0296259 -0.0378224 -0.0156771 -0.0306357 -0.0442462 -0.0393759 -0.047313 -0.0459899 -0.0308826 -0.0224787 0.000563815 -0.000734649 -0.00584933 -0.0108333 -0.0270972 -0.0137877 -0.0109712 -0.0468092 -0.0415195 -0.0197222 -0.0363652 -0.0146859 -0.0169712 -0.0434352 -0.0410407 -0.0451795 -0.0468873 -0.00567204 -0.0435734 -0.0246742 -0.0205691 -0.0372924 -0.0339981 -0.0311372 -0.0287409 -0.035663 -0.0344245 -0.0313932 -0.0258901 -0.04645 -0.0218976 0.0013728 -0.0330871 -0.0199872 -0.0283172 -0.0236261 -0.0141497 -0.0344867 -0.0169551 -0.0141667 -0.027208 0.000149768 -0.0465314
internal_weight=3.45056e+06 3.3769e+06 151794 53140 22701 98654 13768 8095 6835 5673 8933 5727 4892 30439 4819 3.22511e+06 91819 2368 2342 73650 28272 4168 2160 1219 1759 3385 392605 5752 1998 1639 1990 510 13863 5225 25620 378911 1395 4113 3507 1712 867 3718 3181 2055 2847 1858 1161 1379 77956 830 45378 1797 1174 1795 666 985 1583 1046 777 685 24104 76553
internal_count=3450555 3376905 151794 53140 22701 98654 13768 8095 6835 5673 8933 5727 4892 30439 4819 3225111 91819 2368 2342 73650 28272 4168 2160 1219 1759 3385 392605 5752 1998 1639 1990 510 13863 5225 25620 378911 1395 4113 3507 1712 867 3718 3181 2055 2847 1858 1161 1379 77956 830 45378 1797 1174 1795 666 985 1583 1046 777 685 24104 76553
cat_boundaries=0 4 8 11 14 17 20 23 26 30
cat_threshold=264452 825034906 268437856 1 17039360 278921216 0 4 132096 33554432 536870912 0 128 256 0 2064 268437504 671155457 25165826 268435520 2048 2074 268437504 2304 786456 64 850415745 70308096 1651557645 9
is_linear=0
shrinkage=0.05


Tree=111
num_leaves=63
num_cat=0
split_feature=6 7 42 7 7 43 18 42 18 38 38 42 35 42 7 18 40 38 2 8 8 9 20 7 7 1 36 42 28 38 37 37 7 7 29 44 9 18 28 39 36 28 7 35 44 17 39 37 42 36 4 8 39 7 36 42 40 36 8 38 9 7
split_gain=65373.7 1257.47 727.658 1097.6 198.55 153.124 103.086 78.7331 63.1006 51.9364 45.7611 42.3847 41.8971 40.8919 36.4056 34.5685 33.0266 51.7042 29.8523 35.204 79.1157 28.1769 27.7227 26.2896 25.8374 25.3059 23.7521 23.67 22.8152 58.9851 30.4051 36.5479 37.7296 29.7297 21.4116 18.26 15.8109 14.9147 14.7736 14.3877 14.2422 13.5627 13.3207 13.248 12.5358 12.2699 12.1747 12.8341 11.8259 28.7189 13.7124 12.5086 10.9888 10.7636 10.4347 10.2904 9.64888 8.93607 8.81747 8.51319 8.40133 8.29757
threshold=1.0000000180025095e-35 1.0000000180025095e-35 -0.35206145048141474 0.84999999403953563 0.15000000223517421 0.8522624969482423 5.3541667461395273 -0.72947329282760609 2.2749999761581425 13.500000000000002 13.500000000000002 -0.68322628736495961 2.0499999523162846 1.0000000180025095e-35 1.1500000357627871 0.22500000149011615 1.7624999880790713 7.5000000000000009 1.0000000180025095e-35 0.020833333954215053 0.070833336561918273 0.033100223168730743 2.3541666269302373 0.15000000223517421 0.15000000223517421 1.0000000180025095e-35 3.5000000000000004 -0.63405361771583546 0.013725490774959328 21.500000000000004 2.8605000972747807 3.3805000782012944 0.55000001192092907 0.35000000894069677 10.091666698455812 0.81304046511650097 0.041712706908583648 22.562500000000004 0.013725490774959328 0.098000001162290587 3.5000000000000004 0.013725490774959328 3.6499999761581425 1.1500000357627871 -0.39827153086662287 0.11250000074505807 0.23499999940395358 2.3514999151229863 -0.35206145048141474 8.5000000000000018 -1.0000000180025095e-35 0.16250000149011615 0.65450000762939464 0.25000000745058065 3.5000000000000004 -0.84874749183654774 2.3645000457763676 9.5000000000000018 0.045833334326744087 21.500000000000004 0.0494955312460661 0.45000000298023229
decision_type=2 2 2 2 2 2 8 2 10 2 2 2 2 2 2 10 2 2 10 2 2 2 10 2 2 10 2 2 2 2 2 2 2 2 2 2 2 10 2 2 2 2 2 2 2 10 2 2 2 2 10 2 2 2 2 2 2 2 2 2 2 2
left_child=1 12 3 4 7 8 34 9 10 16 11 46 -1 14 23 27 17 -3 19 -2 21 -21 -14 -4 36 48 -13 43 29 30 -15 32 -32 35 39 44 58 40 -12 42 -8 -36 -5 59 -31 55 -6 -48 49 -20 -51 60 -25 -29 -10 -18 -33 -19 -23 -7 -52 -56
right_child=18 2 13 6 5 15 37 -9 54 -11 38 26 22 28 -16 -17 45 57 25 20 -22 24 -24 52 -26 -27 -28 53 -30 33 31 56 -34 -35 41 -37 -38 -39 -40 -41 -42 -43 -44 -45 -46 -47 47 -49 -50 50 51 -53 -54 -55 61 -57 -58 -59 -60 -61 -62 -63
leaf_value=0 2.4600015234257429e-19 0 0 0 0 0 0 0 0 0 0 0 0 0 0 0 0 0 -3.5160825797430329e-07 -1.7898060786821565e-06 -1.5807947018884066e-07 -5.1352645659696889e-07 0 0 -7.6837887855134514e-07 5.5671813358024184e-05 0 0 0 0 0 0 0 0 0 0 -1.5613797027352189e-05 0 0 0 0 0 0 0 0 0 0 0 1.446355853685087e-07 -3.7705513275171336e-06 -6.2672545796231009e-07 -9.9747840864503508e-07 0 0 0 0 0 0 -5.1774009238725329e-07 0 -1.9641619162363021e-07 0
leaf_weight=2744952 20460 2847 3158 850 746 1029 1408 4035 437 975 529 479 466716 17496 9740 457 1083 582 2139 763 7587 261 13443 2348 1286 35031 863 377 51486 383 1161 5044 763 1039 338 283 269 16469 445 7203 6569 329 281 341 784 207 320 1027 4515 246 210 308 1012 603 897 381 3957 276 369 265 206 492
leaf_count=2744952 20460 2847 3158 850 746 1029 1408 4035 437 975 529 479 466716 17496 9740 457 1083 582 2139 763 7587 261 13443 2348 1286 35031 863 377 51486 383 1161 5044 763 1039 338 283 269 16469 445 7203 6569 329 281 341 784 207 320 1027 4515 246 210 308 1012 603 897 381 3957 276 369 265 206 492
internal_value=-0.0460873 -0.0471036 -0.0426563 -0.0379394 -0.0285745 -0.0232709 -0.0434533 -0.0333271 -0.0277727 -0.0298571 -0.0245356 -0.0218231 -0.047313 -0.045197 -0.0429053 -0.0141341 -0.0279315 -0.0305634 0.000514257 -0.00066664 -0.00301495 -0.00996608 -0.0468821 -0.040013 -0.0128547 0.00137235 -0.0287593 -0.0119168 -0.0456492 -0.0445754 -0.0452218 -0.0431522 -0.0368971 -0.0371947 -0.0388787 -0.032569 -0.0193576 -0.0451376 -0.0341016 -0.0395686 -0.0433631 -0.0302586 -0.0343258 -0.00823394 -0.035332 -0.022096 -0.0173758 -0.0145379 -0.0012382 -0.00361129 -0.0107474 -0.0142127 -0.0369345 -0.0180612 -0.0355887 -0.020485 -0.0444892 -0.0413228 -0.0236905 -0.00592349 -0.00855769 -0.0377088
internal_weight=3.45056e+06 3.3769e+06 151794 53140 19693 9307 33447 10386 6235 6351 4409 3435 3.22511e+06 98654 16258 3072 5376 3705 73650 30995 10535 2948 480159 6518 2185 42655 1342 2615 82396 30910 28421 10925 1924 2489 9001 1450 899 24446 974 8334 7977 667 1131 1635 1167 1671 2093 1347 7624 3109 970 724 3360 980 1826 1464 9001 858 630 1294 416 1389
internal_count=3450555 3376905 151794 53140 19693 9307 33447 10386 6235 6351 4409 3435 3225111 98654 16258 3072 5376 3705 73650 30995 10535 2948 480159 6518 2185 42655 1342 2615 82396 30910 28421 10925 1924 2489 9001 1450 899 24446 974 8334 7977 667 1131 1635 1167 1671 2093 1347 7624 3109 970 724 3360 980 1826 1464 9001 858 630 1294 416 1389
is_linear=0
shrinkage=0.05


Tree=112
num_leaves=63
num_cat=9
split_feature=6 0 42 28 43 0 41 43 0 0 28 34 2 8 8 8 41 37 28 0 32 19 43 9 1 20 41 42 0 28 44 43 32 43 30 28 19 44 35 44 28 28 37 41 0 35 45 15 28 44 43 0 32 28 35 42 8 10 28 32 0 48
split_gain=65472.5 336.021 227.812 205.537 279.288 371.948 135.63 85.4365 67.2569 66.8633 48.2103 32.5066 28.9061 32.0827 71.0378 31.2683 28.7954 30.9882 28.5824 109.799 32.4303 26.6635 26.2119 23.595 23.3608 22.5804 22.1084 21.1895 20.9277 20.7537 41.5714 28.7898 73.8265 19.9783 18.9352 17.4299 16.7919 16.1888 15.2034 14.9876 17.6753 14.965 19.0745 14.8862 17.3957 14.6335 14.6204 14.4922 14.4059 13.8949 18.2358 13.6567 13.3342 13.2029 13.1738 12.8673 23.0625 10.8169 10.5795 10.0244 17.6416 9.79958
threshold=1.0000000180025095e-35 0 -0.41248606145381922 0.044210137799382217 0.61237135529518139 1 -0.35206145048141474 0.91248813271522533 2 3 0.0058823532890528449 0.84999999403953563 1.0000000180025095e-35 0.020833333954215053 0.070833336561918273 0.037500001490116126 0.35206145048141485 2.8605000972747807 0.017647059634327892 4 1.0000000180025095e-35 4.5000000000000009 0.94425827264785778 0.041712706908583648 1.0000000180025095e-35 1.8541666865348818 0.72947329282760631 -0.77259656786918629 5 0.013725490774959328 0.60383266210556041 -0.47558552026748652 0.05172413773834706 -0.048361575230956071 0.055192591622471816 0.058037718757987029 2.5000000000000004 0.51849433779716503 1.8499999642372134 0.8930937945842744 0.0058823532890528449 0.021568628028035167 1.9674999713897707 0.09796465560793878 6 1.8499999642372134 1.0000000180025095e-35 0.14583333581686023 0.013725490774959328 -0.66527268290519703 0.19337368011474612 7 0.086206898093223586 0.0098039219155907648 1.0000000180025095e-35 -0.35206145048141474 0.16250000149011615 47.708333969116218 0.029411765746772293 1.0000000180025095e-35 8 0.13448130339384082
decision_type=2 9 2 2 2 9 2 2 9 9 2 2 10 2 2 2 2 2 2 9 2 2 2 2 10 10 2 2 9 2 2 2 2 2 2 2 2 2 2 2 2 2 2 2 9 2 2 10 2 2 2 9 2 2 2 2 2 2 2 2 9 2
left_child=1 2 3 4 8 6 -6 37 10 26 21 57 13 -2 15 -15 -7 34 19 20 22 -1 36 28 51 -13 45 29 -17 30 -12 -31 58 46 41 -5 -4 47 -20 40 -22 42 -18 -35 61 -9 -10 59 -48 -38 -51 55 -41 -32 -21 56 -14 -3 -33 -8 -61 -45
right_child=12 11 18 35 5 16 7 9 33 -11 27 25 24 14 -16 23 17 -19 38 54 39 -23 -24 -25 -26 -27 -28 -29 -30 31 53 32 -34 43 -36 -37 49 -39 -40 52 -42 -43 -44 44 -46 -47 48 -49 -50 50 -52 -53 -54 -55 -56 -57 -58 -59 -60 60 -62 -63
leaf_value=0 2.337001447254456e-19 0 0 0 0 0 0 0 0 0 0 0 -3.931388064377291e-07 -1.8184259663954483e-06 -1.5017549667939862e-07 -3.2074074095764241e-07 0 0 0 0 0 0 0 -1.4241351558563971e-05 5.2888222690122838e-05 0 0 0 -4.8763945197788372e-07 0 0 0 0 0 0 0 0 0 0 0 0 0 0 0 0 0 0 0 0 0 0 1.4578374813976998e-07 0 0 0 -3.8832035940488085e-07 -9.7288181673154841e-07 0 0 0 0 0
leaf_weight=387 20460 49054 1423 68254 2235 8476 723 719 15644 2354 609 384592 982 1189 7587 279 508 1561 176093 70955 679 588 264 577 35031 15228 391 3052 903 1815 764 228 884 8996 1332 6360 251 1710 21022 701 6060 342 412 1675 4581 202 13618 216 21924 345 391 4957 626 483 38234 1365 320 2436836 221 342 1234 1311
leaf_count=387 20460 49054 1423 68254 2235 8476 723 719 15644 2354 609 384592 982 1189 7587 279 508 1561 176093 70955 679 588 264 577 35031 15228 391 3052 903 1815 764 228 884 8996 1332 6360 251 1710 21022 701 6060 342 412 1675 4581 202 13618 216 21924 345 391 4957 626 483 38234 1365 320 2436836 221 342 1234 1311
internal_value=-0.0460865 -0.0471036 -0.045863 -0.044411 -0.0429238 -0.0380589 -0.0307799 -0.0277306 -0.0443657 -0.0221454 -0.0398543 -0.0473145 0.000550238 -0.000611792 -0.00285358 -0.0094403 -0.0438353 -0.0404603 -0.0466619 -0.0460533 -0.0408651 -0.0293974 -0.0361313 -0.013674 0.00139462 -0.0468962 -0.012761 -0.0411693 -0.01772 -0.0391667 -0.0349731 -0.0416391 -0.0360596 -0.0449546 -0.0371106 -0.046395 -0.0377697 -0.0325769 -0.0470323 -0.0424851 -0.0434415 -0.0327219 -0.0294022 -0.0434518 -0.0418174 -0.00862921 -0.0454496 -0.0300249 -0.044889 -0.0327584 -0.0362228 -0.00111359 -0.0376281 -0.0402025 -0.0465556 -0.00399047 -0.00756144 -0.047382 -0.019549 -0.0288615 -0.0310977 -0.0377286
internal_weight=3.45056e+06 3.3769e+06 491195 174151 99537 22757 10126 7891 76780 3666 9031 2.88571e+06 73650 30995 10535 2948 12631 4155 317044 119929 10740 975 2674 1759 42655 399820 1312 8056 1182 5004 1856 3148 1333 67749 2594 74614 2410 4225 197115 8066 6739 1262 920 16563 7567 921 51186 2515 35542 987 736 7624 1327 1247 109189 2667 1302 2.48589e+06 449 2299 1576 2986
internal_count=3450555 3376905 491195 174151 99537 22757 10126 7891 76780 3666 9031 2885710 73650 30995 10535 2948 12631 4155 317044 119929 10740 975 2674 1759 42655 399820 1312 8056 1182 5004 1856 3148 1333 67749 2594 74614 2410 4225 197115 8066 6739 1262 920 16563 7567 921 51186 2515 35542 987 736 7624 1327 1247 109189 2667 1302 2485890 449 2299 1576 2986
cat_boundaries=0 4 7 10 12 16 19 22 26 28
cat_threshold=151127300 25692186 268435520 4 256 17303570 268435520 0 524288 268435456 0 17301520 0 8388608 0 4 0 17301520 2048 0 16779288 64 224009632 1082133504 8392976 266 0 16777232
is_linear=0
shrinkage=0.05


Tree=113
num_leaves=63
num_cat=0
split_feature=6 7 42 7 41 7 18 18 43 41 34 42 7 40 41 41 2 8 9 8 7 7 23 1 28 39 19 7 29 36 35 18 19 36 19 41 43 7 18 36 36 39 41 28 41 31 39 19 7 39 35 42 39 8 28 43 18 36 39 36 36 7
split_gain=65539.7 1257.47 727.658 1097.6 319.68 169.091 120.121 103.086 57.3705 52.15 45.3732 40.8919 36.4056 36.1807 32.6829 28.727 27.257 28.9357 67.9736 43.2941 28.1989 26.2896 26.0792 23.3608 22.8152 22.5868 57.9112 37.5634 21.4116 20.9242 18.2923 17.6568 17.5026 16.474 15.7488 17.705 15.6858 28.0032 14.9147 14.2422 13.8337 15.9734 13.7759 13.5627 12.1031 11.6476 11.1852 70.907 16.6836 10.9888 10.7565 10.0912 25.2689 13.6549 10.0306 9.71898 9.60107 8.31544 17.2943 18.9422 9.35518 8.13883
threshold=1.0000000180025095e-35 1.0000000180025095e-35 -0.35206145048141474 0.84999999403953563 -0.2901292592287063 0.15000000223517421 0.77500000596046459 5.3541667461395273 0.8431384563446046 0.68322628736495983 1.0500000119209292 1.0000000180025095e-35 1.1500000357627871 1.7624999880790713 0.72947329282760631 0.77259656786918651 1.0000000180025095e-35 0.020833333954215053 0.041712706908583648 0.037500001490116126 0.15000000223517421 0.15000000223517421 0.33437500894069677 1.0000000180025095e-35 0.013725490774959328 0.65450000762939464 2.5000000000000004 0.35000000894069677 10.091666698455812 3.5000000000000004 1.1500000357627871 19.562500000000004 2.5000000000000004 7.5000000000000009 4.5000000000000009 0.16280825436115268 0.58481550216674816 0.15000000223517421 22.562500000000004 3.5000000000000004 3.5000000000000004 0.95649999380111705 -0.52778512239456166 0.013725490774959328 -0.72947329282760609 0.05172413773834706 0.17249999940395358 2.5000000000000004 0.55000001192092907 0.65450000762939464 8.2500000000000018 -0.35206145048141474 0.78499999642372142 0.16250000149011615 0.036731028929352767 0.65233618021011364 0.35416667163372045 15.000000000000002 0.81850001215934765 13.000000000000002 9.5000000000000018 0.45000000298023229
decision_type=2 2 2 2 2 2 10 8 2 2 2 2 2 2 2 2 10 2 2 2 2 2 10 10 2 2 2 2 2 2 2 10 2 2 2 2 2 2 10 2 2 2 2 2 2 2 2 2 2 2 2 2 2 2 2 2 10 2 2 2 2 2
left_child=1 10 3 4 40 9 8 28 14 13 -1 12 21 33 32 30 17 -2 19 -19 -21 -4 -12 51 25 46 -27 36 34 -16 -10 -8 61 55 42 -36 37 -28 39 -9 44 -42 -5 -30 -3 -44 47 48 -13 -23 -24 52 -18 -54 -52 -6 -15 58 60 -60 -47 -7
right_child=16 2 11 7 5 6 31 38 15 -11 22 24 -14 56 29 -17 23 18 -20 20 -22 49 50 -25 -26 26 27 -29 43 -31 -32 -33 -34 -35 35 -37 -38 -39 -40 -41 41 -43 45 -45 -46 57 -48 -49 -50 -51 54 -53 53 -55 -56 -57 -58 -59 59 -61 -62 -63
leaf_value=0 2.2201513748917333e-19 0 0 0 0 0 0 0 0 0 0 0 0 0 0 0 -3.492143046546583e-07 -1.6218619041174525e-06 -6.8067539703684203e-07 -4.6681944359961059e-07 -3.1096198288917836e-07 0 0 5.0243811555616972e-05 0 0 0 0 0 0 0 0 0 0 0 0 0 0 0 0 0 0 0 0 0 0 0 0 0 0 0 1.3848688773253133e-07 -5.8377455285046442e-07 -9.0389529968639721e-07 0 0 0 0 0 0 0 0
leaf_weight=2832506 20460 309 3158 1879 1668 913 1338 1408 1266 2542 376105 1161 9740 1102 385 929 2428 891 8409 582 653 2348 11784 35031 51486 4431 581 1887 338 799 366 456 815 721 266 296 1072 456 16469 6569 3807 260 1796 329 534 2543 14393 6643 286 1012 1992 4515 403 278 2724 906 375 339 217 292 706 202
leaf_count=2832506 20460 309 3158 1879 1668 913 1338 1408 1266 2542 376105 1161 9740 1102 385 929 2428 891 8409 582 653 2348 11784 35031 51486 4431 581 1887 338 799 366 456 815 721 266 296 1072 456 16469 6569 3807 260 1796 329 534 2543 14393 6643 286 1012 1992 4515 403 278 2724 906 375 339 217 292 706 202
internal_value=-0.046086 -0.0471036 -0.0426563 -0.0379394 -0.0285745 -0.0249031 -0.0196114 -0.0434533 -0.0160463 -0.0303069 -0.047313 -0.045197 -0.0429053 -0.0272255 -0.0206053 -0.0105027 0.000574678 -0.000553718 -0.00268272 -0.0106703 -0.0167308 -0.040013 -0.0468092 0.00139462 -0.0456492 -0.0445754 -0.0423677 -0.038003 -0.0388787 -0.0271453 -0.00650735 -0.0308891 -0.0165933 -0.0301404 -0.0395686 -0.0314858 -0.0334175 -0.0290333 -0.0451376 -0.0433631 -0.0396283 -0.0408366 -0.0401531 -0.0302586 -0.0337989 -0.0389644 -0.0454029 -0.0439153 -0.0338856 -0.0369345 -0.0448636 -0.00111359 -0.00330573 -0.0118172 -0.0428456 -0.0282692 -0.0207227 -0.0374927 -0.0368161 -0.0282466 -0.0381587 -0.0125224
internal_weight=3.45056e+06 3.3769e+06 151794 53140 19693 14783 7469 33447 5675 7314 3.22511e+06 98654 16258 4772 3114 2561 73650 30995 10535 2126 1235 6518 392605 42655 82396 30910 8427 3996 9001 1184 1632 1794 1930 3295 8334 562 2109 1037 24446 7977 4910 4067 7772 667 843 5893 22483 8090 1447 3360 16500 7624 3109 681 4716 2574 1477 4097 3758 509 3249 1115
internal_count=3450555 3376905 151794 53140 19693 14783 7469 33447 5675 7314 3225111 98654 16258 4772 3114 2561 73650 30995 10535 2126 1235 6518 392605 42655 82396 30910 8427 3996 9001 1184 1632 1794 1930 3295 8334 562 2109 1037 24446 7977 4910 4067 7772 667 843 5893 22483 8090 1447 3360 16500 7624 3109 681 4716 2574 1477 4097 3758 509 3249 1115
is_linear=0
shrinkage=0.05


Tree=114
num_leaves=63
num_cat=12
split_feature=6 7 42 0 18 0 7 7 7 42 7 42 7 7 0 34 42 0 0 41 41 2 8 8 23 28 8 7 28 41 40 41 1 36 24 7 7 7 18 0 29 0 44 0 32 26 0 28 34 41 0 28 33 42 8 0 37 34 34 42 0 42
split_gain=65571.5 1257.47 727.658 1127.59 411.666 324.253 120.431 154.937 101.664 90.084 88.3137 73.3224 70.062 54.647 84.3804 45.3732 42.7916 41.9978 34.3806 31.3265 26.8644 26.8033 27.8392 60.3892 26.0792 25.1764 24.6322 35.4791 24.3579 24.3191 23.9512 23.2305 22.9612 20.5111 19.5767 19.2327 22.3525 19.2099 18.8447 17.7914 17.3361 16.3188 14.9973 14.4918 13.5917 13.4298 13.3751 13.0748 12.8085 16.4234 26.7921 12.5886 12.5485 12.4441 22.2884 10.3222 10.1839 9.66553 9.3966 10.375 8.97814 8.39517
threshold=1.0000000180025095e-35 1.0000000180025095e-35 -0.35206145048141474 0 0.77500000596046459 1 0.15000000223517421 1.0500000119209292 0.65000000596046459 -0.72947329282760609 0.84999999403953563 -0.68322628736495961 0.15000000223517421 0.55000001192092907 2 1.0500000119209292 -0.032701563090086067 3 4 -0.16280825436115262 -0.097964655607938753 1.0000000180025095e-35 0.020833333954215053 0.070833336561918273 0.33437500894069677 0.013725490774959328 0.037500001490116126 0.15000000223517421 0.013725490774959328 -0.2901292592287063 2.3645000457763676 -0.41248606145381922 1.0000000180025095e-35 7.5000000000000009 0.0011973689543083312 1.1500000357627871 0.25000000745058065 0.25000000745058065 8.9499998092651385 5 1.8530199527740481 6 0.26659387350082403 7 0.05172413773834706 0.0071943989023566255 8 0.049337463453412063 1.0000000180025095e-35 0.2269546836614609 9 0.0098039219155907648 0.15000000223517421 -0.35206145048141474 0.16250000149011615 10 2.8605000972747807 1.0000000180025095e-35 0.84999999403953563 -0.88144907355308522 11 -0.97335553169250477
decision_type=2 2 2 9 10 9 2 2 2 2 2 2 2 2 9 2 2 9 9 2 2 10 2 2 10 2 2 2 2 2 2 2 10 2 10 2 2 2 10 9 2 9 2 9 2 10 9 2 2 2 9 2 2 2 2 9 2 2 2 2 9 2
left_child=1 15 3 4 6 8 9 11 12 41 31 29 20 14 19 -1 35 34 -13 -5 33 22 -2 26 39 -21 -24 -28 30 -8 -12 -6 46 51 -9 36 -7 60 -15 -17 44 42 58 -31 -30 -22 53 52 49 50 -19 -4 55 54 -23 -33 -14 -18 59 -3 -20 -43
right_child=21 2 5 13 10 16 7 17 -10 -11 28 18 56 38 -16 24 57 48 37 25 45 32 23 -25 -26 -27 27 -29 40 43 -32 47 -34 -35 -36 -37 -38 -39 -40 -41 -42 61 -44 -45 -46 -47 -48 -49 -50 -51 -52 -53 -54 -55 -56 -57 -58 -59 -60 -61 -62 -63
leaf_value=0 2.1091438061471466e-19 0 0 0 0 0 0 0 0 0 0 0 0 0 0 0 0 0 0 0 0 -3.5602115088310975e-07 -1.6464115728698216e-06 -1.0863295199358659e-07 0 0 -4.6202790976498664e-07 -3.155399038323564e-07 0 0 0 0 4.7731620977835987e-05 0 0 0 0 0 0 0 0 0 0 0 0 0 1.3157021634615491e-07 0 0 0 0 0 0 -3.7582868582126334e-07 -8.7904296091065111e-07 0 0 0 0 0 0 0
leaf_weight=2832506 20460 490 500 225 623 3484 232 200 1943 2166 1243 340 790 7276 3600 32542 55563 365 478 272 691 982 1189 7587 16500 722 735 1024 378 1550 396 644 35031 1363 310 8638 1741 1121 18344 343563 3246 543 666 1603 489 593 4957 220 697 593 203 571 651 1365 320 1043 384 22393 269 287 403 1252
leaf_count=2832506 20460 490 500 225 623 3484 232 200 1943 2166 1243 340 790 7276 3600 32542 55563 365 478 272 691 982 1189 7587 16500 722 735 1024 378 1550 396 644 35031 1363 310 8638 1741 1121 18344 343563 3246 543 666 1603 489 593 4957 220 697 593 203 571 651 1365 320 1043 384 22393 269 287 403 1252
internal_value=-0.0460857 -0.0471036 -0.0426563 -0.0379394 -0.0294504 -0.045197 -0.0240398 -0.0201251 -0.0344284 -0.0296259 -0.0378224 -0.0156771 -0.0306357 -0.0442462 -0.0393759 -0.047313 -0.0459899 -0.0308826 -0.0224787 -0.0270972 -0.0339981 0.000586219 -0.000532747 -0.00262103 -0.0468092 -0.023506 -0.00869403 -0.0124517 -0.0415195 -0.0109712 -0.0363652 -0.0311372 0.00139931 -0.037085 -0.0169712 -0.0434352 -0.0410407 -0.0196297 -0.0451795 -0.0468946 -0.0435734 -0.0246742 -0.0205691 -0.0098216 -0.0372924 -0.0281464 -0.00108736 -0.0290285 -0.0344245 -0.0313932 -0.0253169 -0.0319071 -0.027932 -0.00393444 -0.00744624 -0.0256565 -0.0199872 -0.04645 -0.0169551 -0.0141667 -0.0252526 -0.0283172
internal_weight=3.45056e+06 3.3769e+06 151794 53140 22701 98654 13768 8095 6835 5673 8933 5727 4892 30439 4819 3.22511e+06 91819 2368 2342 1219 3718 73650 30995 10535 392605 994 2948 1759 5752 3385 1639 3181 42655 2434 510 13863 5225 2002 25620 376105 4113 3507 1712 3153 867 1284 7624 2558 1858 1161 568 1071 2338 2667 1302 1687 1174 77956 1046 777 881 1795
internal_count=3450555 3376905 151794 53140 22701 98654 13768 8095 6835 5673 8933 5727 4892 30439 4819 3225111 91819 2368 2342 1219 3718 73650 30995 10535 392605 994 2948 1759 5752 3385 1639 3181 42655 2434 510 13863 5225 2002 25620 376105 4113 3507 1712 3153 867 1284 7624 2558 1858 1161 568 1071 2338 2667 1302 1687 1174 77956 1046 777 881 1795
cat_boundaries=0 4 8 11 14 16 19 22 24 28 31 33 36
cat_threshold=264452 825034906 268437856 1 17039360 278921216 0 4 132096 33554432 536870912 0 128 256 0 524288 671155457 25165826 268435520 2048 2074 268437504 4 16779282 224009632 1082133504 8392976 266 0 17367056 268435456 2304 524312 2308 2056 64
is_linear=0
shrinkage=0.05


Tree=115
num_leaves=63
num_cat=8
split_feature=6 7 7 28 41 28 0 0 41 34 43 43 34 0 7 41 31 25 41 2 8 9 8 7 34 14 1 0 34 41 29 0 37 10 44 35 0 7 0 7 29 41 29 44 43 43 41 24 41 44 28 30 41 43 28 41 40 41 7 24 35 0
split_gain=65454.6 1250.27 440.379 144.981 147.262 155.047 92.2446 84.7019 83.2168 85.4374 55.2805 48.2128 45.1622 44.7617 43.6014 36.5679 33.3479 31.7542 29.7165 25.2113 32.1475 67.2509 41.8642 30.2437 24.5667 23.4798 20.8093 20.3599 20.2828 19.2168 18.8222 16.8333 15.2928 14.912 14.8328 19.4994 14.2497 13.9353 13.664 13.3335 14.4884 13.3253 12.5694 27.3314 12.4137 12.3778 12.0872 10.9676 13.2685 12.6064 10.5419 9.54787 9.23268 11.3941 14.1692 20.1653 10.7208 29.3418 15.5493 11.4059 8.79887 8.76953
threshold=1.0000000180025095e-35 1.0000000180025095e-35 1.0500000119209292 0.055752867832779891 1.0000000180025095e-35 0.021568628028035167 0 1 0.93540480732917797 1.0000000180025095e-35 0.91248813271522533 0.82899317145347606 1.2500000000000002 2 0.15000000223517421 -0.88144907355308522 0.05172413773834706 0.16499999910593036 -0.52778512239456166 1.0000000180025095e-35 0.020833333954215053 0.041712706908583648 0.037500001490116126 0.15000000223517421 1.0000000180025095e-35 7.2500000000000009 1.0000000180025095e-35 3 0.45000000298023229 0.77259656786918651 2.2428078651428227 4 6.7225000858306894 14.125000000000002 0.71952396631240856 0.15000000223517421 5 0.15000000223517421 6 0.15000000223517421 0.11563492193818094 0.63405361771583568 9.6459851264953631 0.28313310444355017 -0.33425341546535486 -0.50556187331676472 0.52778512239456188 0.0064151359256356963 0.68322628736495983 -0.031174269504845139 0.017647059634327892 0.13181878626346591 -0.72947329282760609 0.58481550216674816 0.051905291154980666 0.93540480732917797 2.3645000457763676 0.35206145048141485 3.9500000476837163 -0.0072782977949827901 0.15000000223517421 7
decision_type=2 2 2 2 2 2 9 9 2 2 2 2 2 9 2 2 2 10 2 10 2 2 2 2 2 10 10 9 2 2 2 9 2 2 2 2 9 2 9 2 2 2 2 2 2 2 2 10 2 2 2 2 2 2 2 2 2 2 2 10 2 9
left_child=1 12 3 4 7 8 11 14 9 17 28 30 -1 16 -3 -16 -4 -6 -9 20 -2 22 -22 -24 -20 27 38 -14 37 -13 41 -10 34 -18 -5 -36 -19 -11 -21 60 -41 -7 51 -44 -39 -26 -8 48 -12 -49 -47 -42 -35 -54 55 56 59 -58 -59 -55 -38 -50
right_child=19 2 13 32 5 6 46 18 31 10 47 29 25 -15 15 -17 33 36 24 26 21 -23 23 -25 45 -27 -28 -29 -30 -31 -32 -33 -34 52 35 -37 39 44 -40 40 42 -43 43 -45 -46 50 -48 49 61 -51 -52 -53 53 54 -56 -57 57 58 -60 -61 -62 -63
leaf_value=0 2.0036866158397894e-19 0 0 0 0 0 0 0 0 0 0 0 0 0 0 0 0 0 0 -8.3509081286511867e-07 -1.4561443456465283e-06 -1.7801682161861556e-06 -4.4022333716914638e-07 -2.7792117172145693e-07 0 0 4.5345039928944286e-05 0 0 0 0 0 0 0 0 0 0 0 -3.1229474202789998e-08 0 0 0 0 0 0 0 0 0 0 0 0 0 0 0 0 0 0 0 0 0 0 0
leaf_weight=2868068 20381 2801 11962 9481 2585 720 374 9989 1001 1412 598 578 33795 57558 785 1150 2865 1794 5817 1167 883 8261 571 609 969 10339 35164 312646 2243 320 264 5771 325 2643 1483 327 4093 498 6401 407 3188 483 343 440 707 1035 522 259 210 224 410 1087 7175 452 1197 499 268 213 297 995 743 269
leaf_count=2868068 20381 2801 11962 9481 2585 720 374 9989 1001 1412 598 578 33795 57558 785 1150 2865 1794 5817 1167 883 8261 571 609 969 10339 35164 312646 2243 320 264 5771 325 2643 1483 327 4093 498 6401 407 3188 483 343 440 707 1035 522 259 210 224 410 1087 7175 452 1197 499 268 213 297 995 743 269
internal_value=-0.046088 -0.0471037 -0.0426696 -0.0395866 -0.0384982 -0.0362579 -0.0259422 -0.0415364 -0.0374648 -0.0359171 -0.0311059 -0.0204579 -0.0473124 -0.0450216 -0.0350843 -0.0293863 -0.0431231 -0.0380211 -0.0431706 0.000611306 -0.000481599 -0.00275475 -0.0108301 -0.0169915 -0.0409698 -0.0467819 0.00139661 -0.046852 -0.0337346 -0.0114198 -0.0261299 -0.0422874 -0.0446548 -0.0416881 -0.0449626 -0.0408149 -0.0369461 -0.0307442 -0.000981765 -0.037838 -0.0361825 -0.0234767 -0.0369128 -0.0310888 -0.0267946 -0.0367295 -0.0397461 -0.0229167 -0.0201091 -0.029177 -0.0337976 -0.0379795 -0.0410039 -0.0403713 -0.0382039 -0.0362115 -0.0341742 -0.0294409 -0.022402 -0.0367191 -0.039787 -0.02631
internal_weight=3.45011e+06 3.37668e+06 151829 65705 54089 31133 3261 22956 27872 21100 6420 2365 3.22485e+06 86124 4736 1935 28566 14680 18220 73437 30705 10324 2063 1180 8231 356780 42732 346441 4860 898 1467 6772 11616 16604 11291 1810 12095 2617 7568 10301 5465 1203 5058 783 1205 2414 896 1560 1077 483 1445 4275 13739 11096 3921 2724 2225 778 510 1447 4836 479
internal_count=3450114 3376677 151829 65705 54089 31133 3261 22956 27872 21100 6420 2365 3224848 86124 4736 1935 28566 14680 18220 73437 30705 10324 2063 1180 8231 356780 42732 346441 4860 898 1467 6772 11616 16604 11291 1810 12095 2617 7568 10301 5465 1203 5058 783 1205 2414 896 1560 1077 483 1445 4275 13739 11096 3921 2724 2225 778 510 1447 4836 479
cat_boundaries=0 3 7 11 15 19 23 27 30
cat_threshold=134400 17303576 268439552 40960 8388608 536870912 4 623255552 4188603568 2433810784 1153 671155457 1098907650 268435520 1024 16777216 41943176 8390656 4 16777216 41943056 0 4 156245120 1024 8392976 264 132356 24 268435456
is_linear=0
shrinkage=0.05


Tree=116
num_leaves=63
num_cat=10
split_feature=6 0 42 28 43 0 41 43 0 0 28 34 0 28 43 41 0 44 41 42 2 5 8 8 4 0 19 34 21 30 43 28 44 32 28 43 1 41 35 28 43 19 43 44 41 0 43 44 28 44 17 0 10 28 28 43 28 0 35 29 22 42
split_gain=65615.4 335.653 225.649 199.069 283.591 357.94 138.611 82.6072 69.1457 57.5038 47.3899 31.8572 31.0355 113.845 37.7974 30.1776 29.2173 26.7078 26.162 25.8871 24.9833 32.9236 45.3437 54.7289 27.9877 26.1179 22.9893 21.6241 19.9255 19.6022 19.4686 18.9496 16.8689 60.6384 23.1931 32.0554 16.5781 15.0343 14.9604 14.936 24.8524 14.8334 40.9698 29.044 14.1449 16.7916 13.7269 13.6988 14.9199 12.0116 16.5109 17.2722 11.7691 11.418 21.8829 11.181 10.887 9.77452 9.03291 8.58367 8.36759 8.36344
threshold=1.0000000180025095e-35 0 -0.35206145048141474 0.044210137799382217 0.61237135529518139 1 -0.35206145048141474 0.91248813271522533 2 3 0.0058823532890528449 1.0500000119209292 4 0.013725490774959328 0.89017060399055492 0.35206145048141485 5 -0.79382744431495655 0.77259656786918651 -0.84874749183654774 1.0000000180025095e-35 1.0000000180025095e-35 0.070833336561918273 0.037500001490116126 1.0000000180025095e-35 6 4.5000000000000009 1.0000000180025095e-35 6.7750000953674325 0.071132481098175063 -0.048361575230956071 0.058037718757987029 -0.86112883687019337 0.05172413773834706 0.013725490774959328 -0.79384350776672352 1.0000000180025095e-35 0.77259656786918651 1.8499999642372134 0.021568628028035167 0.10837544873356821 2.5000000000000004 0.71503382921218883 -0.63919836282730091 0.032701563090086053 7 -0.10837695002555846 0.26659387350082403 0.0098039219155907648 0.47369650006294256 0.11250000074505807 8 52.375000000000007 0.021568628028035167 0.013725490774959328 0.29342973232269293 0.0098039219155907648 9 1.0500000119209292 0.44509258866310125 2.1458333730697636 -0.72947329282760609
decision_type=2 9 2 2 2 9 2 2 9 9 2 2 9 2 2 2 9 2 2 2 10 8 2 2 10 9 2 2 10 2 2 2 2 2 2 2 10 2 2 2 2 2 2 2 2 9 2 2 2 2 10 9 2 2 2 2 2 9 2 2 10 2
left_child=1 2 3 4 8 6 -6 37 10 18 26 52 13 14 17 -7 29 55 38 32 21 -2 23 -23 25 -25 -1 -14 -13 53 47 59 33 -12 35 -34 57 49 -9 40 -15 43 -43 -42 -32 -46 -36 48 -10 50 51 -8 -3 54 -17 -4 -37 -22 -11 -5 -29 -28
right_child=20 11 12 31 5 15 7 9 30 58 19 28 27 39 -16 16 -18 -19 -20 -21 36 22 -24 24 -26 -27 61 60 -30 -31 44 -33 34 -35 46 56 -38 -39 -40 -41 41 42 -44 -45 45 -47 -48 -49 -50 -51 -52 -53 -54 -55 -56 -57 -58 -59 -60 -61 -62 -63
leaf_value=0 1.9035022850478002e-19 0 0 0 0 0 0 0 0 0 0 0 0 0 0 0 0 0 0 0 -7.9333627222186266e-07 -1.5500702996234719e-06 -0.00058332886875605476 -2.5948255098842686e-07 1.1949373537577606e-06 -4.5426982556150704e-07 0 0 0 0 0 0 0 0 0 0 4.3077787932496729e-05 0 0 0 0 0 0 0 0 0 0 0 0 0 0 0 0 0 0 0 0 1.3636829174943264e-07 0 0 0 0
leaf_weight=410 23214 55767 454 4108 2411 8815 600 775 9512 1908 358 350659 214154 2961 417 443 1932 5306 394 4461 4154 1457 4726 262 220 826 414 61853 7837 1015 8984 7143 297 436 1583 668 35164 933 206 18525 203 637 207 1330 3314 5182 288 20949 23579 1575 302 966 2470748 389 669 278 440 3414 556 68051 1055 220
leaf_count=410 23214 55767 454 4108 2411 8815 600 775 9512 1908 358 350659 214154 2961 417 443 1932 5306 394 4461 4154 1457 4726 262 220 826 414 61853 7837 1015 8984 7143 297 436 1583 668 35164 933 206 18525 203 637 207 1330 3314 5182 288 20949 23579 1575 302 966 2470748 389 669 278 440 3414 556 68051 1055 220
internal_value=-0.0460868 -0.0471037 -0.0458643 -0.0444819 -0.0430536 -0.0382656 -0.0312885 -0.0282243 -0.0444641 -0.0228712 -0.0400326 -0.0473146 -0.0466946 -0.0447938 -0.0389175 -0.0437989 -0.0404744 -0.039923 -0.0143051 -0.0413049 0.00066986 -0.000418091 -0.00330029 -0.00838608 -0.0158104 -0.0190993 -0.0300192 -0.0468993 -0.0468736 -0.0360293 -0.0450454 -0.0463727 -0.0384214 -0.0318829 -0.0400061 -0.0351512 0.00145161 -0.0329205 -0.0100382 -0.0464021 -0.0440717 -0.040264 -0.0349408 -0.0431947 -0.0436013 -0.0421387 -0.0436518 -0.0455209 -0.0448875 -0.0313949 -0.0286831 -0.0266188 -0.0473773 -0.0325433 -0.029964 -0.0309699 -0.0390614 -0.000671247 -0.0274818 -0.0466158 -0.046086 -0.0359858
internal_weight=3.45011e+06 3.37668e+06 491666 184286 104984 23889 10626 8215 81095 3839 9575 2.88501e+06 307380 30318 6455 13263 4448 6038 1375 8531 73437 30705 7491 2765 1308 1088 1044 277062 358496 2516 71520 79302 4070 794 3276 1405 42732 4376 981 23863 5338 2377 844 1533 17480 8496 1871 54040 33091 3443 1868 1566 2.52652e+06 1501 1112 732 1108 7568 2464 72159 62908 634
internal_count=3450114 3376677 491666 184286 104984 23889 10626 8215 81095 3839 9575 2885011 307380 30318 6455 13263 4448 6038 1375 8531 73437 30705 7491 2765 1308 1088 1044 277062 358496 2516 71520 79302 4070 794 3276 1405 42732 4376 981 23863 5338 2377 844 1533 17480 8496 1871 54040 33091 3443 1868 1566 2526515 1501 1112 732 1108 7568 2464 72159 62908 634
cat_boundaries=0 4 7 10 12 16 18 21 24 27 31
cat_threshold=151127300 25692186 268435520 4 256 17303570 268435520 0 524288 268435456 0 17301520 0 8388608 0 4 132100 8 0 17301520 2048 0 16779288 64 0 524304 268435456 157982112 1099041812 276830224 270
is_linear=0
shrinkage=0.05


Tree=117
num_leaves=63
num_cat=0
split_feature=6 7 7 28 41 28 41 34 29 43 38 34 18 7 25 26 7 41 14 43 18 8 5 9 9 7 34 9 40 38 43 7 29 43 29 44 7 41 18 7 43 34 40 44 26 7 36 41 7 31 28 38 26 41 28 24 34 29 28 48 46 30
split_gain=65628.5 1250.27 440.379 144.981 147.262 155.047 83.2168 85.4374 81.7771 55.2805 46.9116 45.1622 42.4741 35.4288 31.7542 28.0821 25.5849 47.8675 23.4798 21.5759 21.3716 20.6549 54.6198 23.7494 64.4213 38.1782 18.6834 17.3349 16.9555 16.5309 15.5603 14.274 13.9596 20.506 15.792 28.2967 13.7636 13.4474 13.7115 13.3655 13.2672 12.7938 12.7936 12.6455 16.3194 17.9856 12.8255 12.6107 12.3361 11.9919 10.299 9.82481 12.4946 9.58211 9.52031 8.8029 8.62349 8.59116 14.1483 7.93088 12.4536 9.81106
threshold=1.0000000180025095e-35 1.0000000180025095e-35 1.0500000119209292 0.055752867832779891 1.0000000180025095e-35 0.021568628028035167 0.93540480732917797 1.0000000180025095e-35 2.0275499820709233 0.91248813271522533 21.500000000000004 1.2500000000000002 11.775000095367433 0.15000000223517421 0.16499999910593036 0.022778930142521862 0.15000000223517421 -0.88144907355308522 7.2500000000000009 0.82899317145347606 5.7750000953674325 0.087500002235174193 1.0000000180025095e-35 0.03214703872799874 0.041712706908583648 0.15000000223517421 1.0000000180025095e-35 0.2618983536958695 1.7624999880790713 6.5000000000000009 -0.46038399636745447 0.15000000223517421 0.20818121731281283 0.91939014196395885 10.628359794616701 0.24997577071189883 0.15000000223517421 -0.47114434838294977 0.38750000298023229 0.15000000223517421 0.35846313834190374 1.1500000357627871 1.7624999880790713 0.71952396631240856 0.0030408333986997609 0.45000000298023229 10.500000000000002 0.47114434838294988 0.25000000745058065 0.05172413773834706 0.080392159521579756 7.5000000000000009 -0.019517808221280571 -0.52778512239456166 0.013725490774959328 0.0066933878697454938 5.1499998569488534 12.456099033355715 0.013725490774959328 0.41532307863235479 -0.42861872911453242 0.054721428081393249
decision_type=2 2 2 2 2 2 2 2 2 2 2 2 10 2 10 10 2 2 10 2 10 2 8 2 2 2 2 2 2 2 2 2 2 2 2 2 2 2 10 2 2 2 2 2 10 2 2 2 2 2 2 2 10 2 2 10 2 2 2 2 2 2
left_child=1 11 3 4 10 6 7 14 13 20 26 -1 49 28 -6 31 -12 -18 56 -15 30 22 -2 -24 25 -25 29 -23 47 -3 -9 -11 33 -16 59 -36 -37 -28 51 -32 -10 -41 -31 46 -45 50 -5 -7 -8 -4 -46 52 -39 -51 -14 -35 -13 -55 -59 61 -61 -34
right_child=21 2 12 43 5 8 48 9 40 15 16 18 54 19 32 -17 17 -19 -20 -21 -22 27 23 24 -26 -27 37 -29 -30 42 39 -33 34 55 35 36 -38 38 -40 41 -42 -43 -44 44 45 -47 -48 -49 -50 53 -52 -53 -54 57 -56 -57 -58 58 -60 60 -62 -63
leaf_value=0 1.80832717079541e-19 0 0 0 0 0 0 0 0 0 0 0 0 0 0 0 0 0 0 0 0 4.0923898535871753e-05 -1.2970686027480202e-06 -4.0524881148307214e-07 -1.3363179012182636e-05 -2.6374703562884182e-07 0 -1.086605090347128e-07 0 0 0 0 0 0 0 0 0 0 0 0 0 0 0 0 0 0 0 0 0 0 0 0 0 0 0 0 0 0 0 0 0 0
leaf_weight=2868068 25627 6429 12485 9384 2585 283 4718 1533 574 444 1244 256083 12095 656 603 323 723 1647 10339 602 1211 31641 1300 497 1021 586 3280 12765 554 4487 1065 793 2156 315 471 487 470 224 1134 806 265 245 2967 851 217 219 422 327 2054 6629 523 320 501 15407 38587 200 90358 563 358 1591 1904 3898
leaf_count=2868068 25627 6429 12485 9384 2585 283 4718 1533 574 444 1244 256083 12095 656 603 323 723 1647 10339 602 1211 31641 1300 497 1021 586 3280 12765 554 4487 1065 793 2156 315 471 487 470 224 1134 806 265 245 2967 851 217 219 422 327 2054 6629 523 320 501 15407 38587 200 90358 563 358 1591 1904 3898
internal_value=-0.0460867 -0.0471037 -0.0426696 -0.0395866 -0.0384982 -0.0362579 -0.0374648 -0.0359171 -0.0259422 -0.0311059 -0.0415364 -0.0473124 -0.0450216 -0.021282 -0.0380211 -0.0229167 -0.0363074 -0.0332595 -0.0467819 -0.015465 -0.0337346 0.000674626 -0.000362457 -0.00631316 -0.00959601 -0.018091 -0.0425134 0.00135263 -0.0275687 -0.0434879 -0.0318245 -0.0194887 -0.0369461 -0.0316234 -0.0374882 -0.032584 -0.0276463 -0.0400353 -0.0369906 -0.0290454 -0.0393951 -0.0250452 -0.0418856 -0.0446548 -0.0408149 -0.0363425 -0.0453636 -0.0333197 -0.0422874 -0.0436938 -0.0400676 -0.0328589 -0.0296379 -0.0430155 -0.0459501 -0.0242961 -0.046852 -0.0423646 -0.0376737 -0.0382215 -0.040118 -0.0371267
internal_weight=3.45011e+06 3.37668e+06 151829 65705 54089 31133 27872 21100 3261 6420 22956 3.22485e+06 86124 2422 14680 1560 3614 2370 356780 1258 4860 73437 29031 3404 2104 1083 19342 44406 1164 13883 3649 1237 12095 1118 10977 1428 957 5459 2179 2116 839 1051 7454 11616 1810 959 9806 610 6772 35442 740 1045 725 22957 50682 515 346441 16328 921 9549 3495 6054
internal_count=3450114 3376677 151829 65705 54089 31133 27872 21100 3261 6420 22956 3224848 86124 2422 14680 1560 3614 2370 356780 1258 4860 73437 29031 3404 2104 1083 19342 44406 1164 13883 3649 1237 12095 1118 10977 1428 957 5459 2179 2116 839 1051 7454 11616 1810 959 9806 610 6772 35442 740 1045 725 22957 50682 515 346441 16328 921 9549 3495 6054
is_linear=0
shrinkage=0.05


Tree=118
num_leaves=63
num_cat=0
split_feature=9 7 42 7 41 7 18 18 41 41 34 42 7 40 38 43 19 7 38 7 28 43 14 41 19 8 5 9 9 7 35 18 29 7 38 9 36 18 36 37 41 37 37 7 37 43 34 37 7 43 18 7 41 41 43 26 34 36 34 43 34 44
split_gain=65433.9 1290.23 719.829 1113.06 309.86 167.197 145.108 93.8606 53.5461 45.2422 45.1622 42.1643 41.2449 37.849 36.7038 36.3756 34.5473 32.9745 31.9509 93.0872 25.0177 23.8626 23.4798 22.1502 22.1396 20.9408 54.4406 23.673 64.6729 38.1782 19.8745 18.8311 17.7837 17.9067 16.0907 15.9554 15.8034 15.0823 14.6679 15.2301 14.4443 14.3662 28.3821 82.9998 13.8281 13.1345 12.8265 11.4572 9.96136 14.9459 15.0115 9.59627 25.5376 16.7512 12.3112 11.7791 9.58496 9.18006 9.07946 10.8147 8.62349 8.54355
threshold=1.0000000180025095e-35 1.0000000180025095e-35 -0.35206145048141474 1.0500000119209292 -0.2901292592287063 0.15000000223517421 0.77500000596046459 1.5500000119209292 0.77259656786918651 0.68322628736495983 1.2500000000000002 1.0000000180025095e-35 1.1500000357627871 1.7624999880790713 7.5000000000000009 0.8431384563446046 3.5000000000000004 0.25000000745058065 13.500000000000002 0.35000000894069677 0.013725490774959328 0.9159645438194276 7.2500000000000009 -0.63405361771583546 2.5000000000000004 0.087500002235174193 1.0000000180025095e-35 0.03214703872799874 0.041712706908583648 0.15000000223517421 1.8499999642372134 22.774999618530277 10.091666698455812 2.5499999523162846 10.500000000000002 0.15711025893688205 3.5000000000000004 9.7750000953674334 3.5000000000000004 1.1215000152587893 -0.52778512239456166 2.8605000972747807 4.5694999694824228 0.55000001192092907 6.7225000858306894 0.8522624969482423 1.0000000180025095e-35 2.8605000972747807 1.6500000357627871 0.22700754553079608 4.2750000953674325 0.15000000223517421 -0.72947329282760609 -1.0000000180025095e-35 0.90162119269371044 0.0080638783983886259 0.15000000223517421 9.5000000000000018 0.75000000000000011 0.96904698014259349 5.1499998569488534 -0.67801648378372181
decision_type=2 2 2 2 2 2 10 10 2 2 2 2 2 2 2 2 2 2 2 2 2 2 10 2 2 2 10 2 2 2 2 10 2 2 2 2 2 10 2 2 2 2 2 2 2 2 2 2 2 2 10 2 2 2 2 10 2 2 2 2 2 2
left_child=1 10 3 4 38 9 8 23 15 13 -1 12 17 14 -6 24 45 -4 41 20 51 37 60 -5 57 26 -2 -28 29 -29 -17 36 46 -34 -19 -27 -9 -8 40 -40 -3 -13 43 61 -22 -10 -25 -16 49 50 -21 53 -53 -20 -54 -55 -47 -7 59 -15 -12 -43
right_child=25 2 11 7 5 6 21 31 16 -11 22 18 -14 58 47 30 -18 34 19 48 44 -23 -24 32 -26 35 27 28 -30 -31 -32 -33 33 -35 -36 -37 -38 -39 39 -41 -42 42 -44 -45 -46 56 -48 -49 -50 -51 -52 52 54 55 -56 -57 -58 -59 -60 -61 -62 -63
leaf_value=0 1.7179108122556395e-19 0 0 0 0 0 0 0 0 0 0 0 0 0 0 0 0 0 0 0 0 0 0 0 0 3.8877703609078303e-05 -1.2322151726107296e-06 -3.8498637090905733e-07 -1.2695391087828273e-05 -2.5055968384743444e-07 0 0 0 0 0 -9.7303740785393369e-09 0 0 0 0 0 0 0 0 0 0 0 0 0 0 0 0 0 0 0 0 0 0 0 0 0 0
leaf_weight=2868068 25629 555 4570 1229 2327 1077 955 1749 869 2519 256083 45831 9723 925 576 1321 275 1324 857 426 1794 214 10339 2741 940 29989 1300 497 1019 586 291 16317 223 313 723 14181 8022 925 254 3884 341 363 10670 4070 560 557 2359 396 13885 1154 412 304 328 314 211 254 238 208 326 208 90358 1158
leaf_count=2868068 25629 555 4570 1229 2327 1077 955 1749 869 2519 256083 45831 9723 925 576 1321 275 1324 857 426 1794 214 10339 2741 940 29989 1300 497 1019 586 291 16317 223 313 723 14181 8022 925 254 3884 341 363 10670 4070 560 557 2359 396 13885 1154 412 304 328 314 211 254 238 208 326 208 90358 1158
internal_value=-0.0460864 -0.0471002 -0.0425995 -0.0379054 -0.028658 -0.0250863 -0.0200349 -0.0435686 -0.015947 -0.0305493 -0.0473124 -0.0451206 -0.0427999 -0.0276807 -0.0306464 -0.0125248 -0.0227192 -0.0397548 -0.0455797 -0.0438681 -0.0376233 -0.0313109 -0.0467819 -0.0383667 -0.0166685 0.000682402 -0.000360735 -0.00630364 -0.00958373 -0.018091 -0.00680521 -0.0449375 -0.0370405 -0.0283769 -0.0344809 0.00136801 -0.0432016 -0.0331117 -0.039405 -0.0406609 -0.0336049 -0.0461448 -0.0448679 -0.0419822 -0.0412341 -0.020006 -0.037951 -0.0388066 -0.0456861 -0.0423795 -0.0372971 -0.0338757 -0.0296471 -0.0363772 -0.0361827 -0.0297183 -0.0153616 -0.0124027 -0.020975 -0.0188592 -0.046852 -0.0320168
internal_weight=3.45011e+06 3.37691e+06 152065 53134 20181 15147 7870 32953 5776 7277 3.22485e+06 98931 16340 4758 3299 3837 1939 6617 82591 20499 4622 2094 356780 6865 2225 73201 29031 3402 2102 1083 1612 26088 5636 536 2047 44170 9771 1880 5034 4138 896 62092 16261 5591 2354 1664 5100 972 15877 1992 838 2268 843 1425 539 568 795 1285 1459 1133 346441 1521
internal_count=3450114 3376913 152065 53134 20181 15147 7870 32953 5776 7277 3224848 98931 16340 4758 3299 3837 1939 6617 82591 20499 4622 2094 356780 6865 2225 73201 29031 3402 2102 1083 1612 26088 5636 536 2047 44170 9771 1880 5034 4138 896 62092 16261 5591 2354 1664 5100 972 15877 1992 838 2268 843 1425 539 568 795 1285 1459 1133 346441 1521
is_linear=0
shrinkage=0.05


Tree=119
num_leaves=63
num_cat=9
split_feature=9 7 42 0 18 0 7 7 7 42 7 7 0 42 7 34 42 0 41 0 41 2 1 9 9 7 43 20 28 41 40 35 0 7 7 7 0 41 3 19 18 43 35 26 42 1 43 0 43 43 34 41 0 36 7 20 7 43 43 40 33 34
split_gain=65432.1 1290.23 719.829 1130.38 406.902 361.339 124.629 147.241 106.251 98.9304 84.1044 78.8049 87.444 74.9202 66.4831 45.1622 42.2392 42.0743 41.5966 38.4461 31.6616 24.5549 31.8261 40.935 67.5695 38.8301 24.1708 23.2809 22.9632 22.7561 22.7287 22.5217 22.4291 22.184 20.5697 27.1373 20.1474 19.6344 19.0707 18.4016 17.6899 17.1585 16.2928 15.8605 15.7902 15.5043 14.5965 14.799 13.9584 13.5552 12.3191 14.3041 11.8844 10.653 10.5996 10.4664 9.957 9.81944 9.19324 9.16209 9.13843 9.10664
threshold=1.0000000180025095e-35 1.0000000180025095e-35 -0.35206145048141474 0 0.77500000596046459 1 0.15000000223517421 1.0500000119209292 1.5500000119209292 -0.84874749183654774 0.84999999403953563 0.55000001192092907 2 -0.68322628736495961 0.15000000223517421 1.2500000000000002 -0.032701563090086067 3 -0.22695468366146085 4 -0.097964655607938753 1.0000000180025095e-35 1.0000000180025095e-35 0.041712706908583648 0.03214703872799874 0.15000000223517421 0.8431384563446046 3.5499999523162846 0.013725490774959328 0.52778512239456188 2.3645000457763676 1.6500000357627871 5 0.65000000596046459 1.1500000357627871 0.25000000745058065 6 -0.41248606145381922 0.25000000745058065 2.5000000000000004 9.0500001907348651 0.49812944233417517 1.2500000000000002 0.0071943989023566255 -0.68322628736495961 1.0000000180025095e-35 0.67802080512046825 7 0.8431384563446046 0.9159645438194276 1.0000000180025095e-35 0.16280825436115268 8 4.5000000000000009 2.5499999523162846 0.77500000596046459 0.25000000745058065 0.48314048349857336 0.92273071408271801 2.4650000333786015 0.25000000745058065 0.15000000223517421
decision_type=2 2 2 9 10 9 2 2 2 2 2 2 9 2 2 2 2 9 2 9 2 8 8 2 2 2 2 10 2 2 2 2 9 2 2 2 9 2 8 2 10 2 2 8 2 10 2 9 2 2 2 2 9 2 2 8 2 2 2 2 2 2
left_child=1 15 3 4 6 8 9 13 14 46 37 12 18 26 20 -1 34 29 -5 58 39 22 -2 24 -24 -26 32 36 30 -9 -12 57 -8 52 35 -7 -17 -6 55 41 -13 -4 -28 -22 -11 -23 59 -48 -21 60 51 53 56 -19 -30 -18 -16 -20 -15 -3 -39 -50
right_child=21 2 5 11 10 16 7 17 -10 44 28 40 -14 19 33 27 38 50 31 48 43 45 23 -25 25 -27 42 -29 54 -31 -32 -33 -34 -35 -36 -37 -38 49 -40 -41 -42 -43 -44 -45 -46 -47 47 -49 61 -51 -52 -53 -54 -55 -56 -57 -58 -59 -60 -61 -62 -63
leaf_value=0 1.6320152716428575e-19 0 0 0 0 0 0 0 0 0 0 0 0 0 0 0 0 0 0 0 0 -1.7524145117250328e-07 -1.1700888352880745e-06 -0.00055530210988204013 -3.65737050891285e-07 -2.3803169965502804e-07 0 0 0 0 0 0 0 0 0 0 0 0 0 0 0 0 0 0 0 3.6933818428624283e-05 0 0 0 0 0 0 0 0 0 0 0 0 0 0 0 0
leaf_weight=2868068 23214 1082 760 362 567 3458 865 213 1729 1154 1218 7531 3512 512 530 33302 76289 246 506 753 677 7569 1313 5082 501 590 1107 9832 358 314 393 372 1092 230 8625 1816 313646 1705 307 1381 18326 293 296 636 1713 34932 300 727 573 328 700 618 423 260 3581 1467 310 510 238 447 430 225
leaf_count=2868068 23214 1082 760 362 567 3458 865 213 1729 1154 1218 7531 3512 512 530 33302 76289 246 506 753 677 7569 1313 5082 501 590 1107 9832 358 314 393 372 1092 230 8625 1816 313646 1705 307 1381 18326 293 296 636 1713 34932 300 727 573 328 700 618 423 260 3581 1467 310 510 238 447 430 225
internal_value=-0.0460864 -0.0471002 -0.0425995 -0.0379054 -0.0291788 -0.0451206 -0.0237598 -0.0197978 -0.0338985 -0.0296132 -0.0376981 -0.0440555 -0.038492 -0.0154297 -0.0304008 -0.0473124 -0.0459623 -0.0303158 -0.0286506 -0.0223805 -0.0339558 0.000681719 -0.000395765 -0.0032307 -0.00860649 -0.0178025 -0.0106696 -0.0467819 -0.0413559 -0.0167272 -0.0363268 -0.0248775 -0.0142603 -0.0214786 -0.0434278 -0.040968 -0.0468499 -0.0309983 -0.0464195 -0.0373316 -0.0452047 -0.0323528 -0.00566108 -0.027698 -0.0359897 0.00146002 -0.0224609 -0.0178505 -0.0174712 -0.0290672 -0.033964 -0.0309075 -0.0188777 -0.0246739 -0.0434127 -0.0464686 -0.0147647 -0.0210236 -0.031875 -0.0255576 -0.0305211 -0.0129762
internal_weight=3.45011e+06 3.37691e+06 152065 53134 22015 98931 13435 8012 6969 5423 8580 31119 5262 5661 5240 3.22485e+06 91962 2351 1750 2301 3747 73201 30700 7486 2404 1091 3360 356780 5550 527 1611 1388 1957 1493 13899 5274 346948 3030 78063 2434 25857 1053 1403 1313 2867 42501 2556 1027 1551 2463 1824 1124 1263 506 3939 77756 840 1016 750 1529 2135 798
internal_count=3450114 3376913 152065 53134 22015 98931 13435 8012 6969 5423 8580 31119 5262 5661 5240 3224848 91962 2351 1750 2301 3747 73201 30700 7486 2404 1091 3360 356780 5550 527 1611 1388 1957 1493 13899 5274 346948 3030 78063 2434 25857 1053 1403 1313 2867 42501 2556 1027 1551 2463 1824 1124 1263 506 3939 77756 840 1016 750 1529 2135 798
cat_boundaries=0 4 8 11 14 17 20 23 26 28
cat_threshold=264452 19466394 268437856 1 17039360 278921216 0 4 197632 33816576 545259520 0 128 256 0 524290 268435456 0 2066 268437504 671155457 1098907650 268435520 260 0 64 0 8388608
is_linear=0
shrinkage=0.05


Tree=120
num_leaves=63
num_cat=0
split_feature=6 7 42 7 41 7 18 18 43 41 42 35 7 40 41 7 41 41 23 2 9 8 7 35 18 37 6 28 39 19 7 37 37 7 29 43 39 7 41 39 7 43 41 39 39 37 39 35 26 18 25 18 35 28 19 19 37 44 43 41 40 19
split_gain=65853.6 1267.12 748.333 1091.06 313.489 177.73 115.549 109.243 53.0313 44.8487 41.5744 40.8513 38.8906 32.198 31.9466 31.3562 28.9872 28.9104 27.1515 24.5762 28.4209 101.344 34.0682 23.9627 22.7136 21.2181 21.067 20.6322 22.352 57.8173 35.2368 22.7724 36.1472 35.8114 18.9402 18.5941 15.8822 15.8534 15.7738 15.4487 13.8273 29.442 16.6083 13.1876 13.1829 13.0909 14.1799 12.8178 12.7884 12.7105 10.0295 9.98963 9.72357 9.6014 9.49658 12.1458 9.38161 9.18887 17.197 8.47004 8.30992 8.70407
threshold=1.0000000180025095e-35 1.0000000180025095e-35 -0.35206145048141474 0.84999999403953563 -0.2901292592287063 0.15000000223517421 0.55000001192092907 1.5500000119209292 0.8431384563446046 0.72947329282760631 1.0000000180025095e-35 2.0499999523162846 0.94999998807907116 1.7624999880790713 0.72947329282760631 0.15000000223517421 0.84874749183654796 -0.52778512239456166 0.31821499764919287 1.0000000180025095e-35 0.041712706908583648 0.037500001490116126 0.15000000223517421 1.8499999642372134 18.854166984558109 2.3514999151229863 0.15000000223517421 0.013725490774959328 0.65450000762939464 2.5000000000000004 0.35000000894069677 2.8605000972747807 3.9864999055862431 0.55000001192092907 9.8684887886047381 0.9159645438194276 0.2559999972581864 2.7500000000000004 -0.52778512239456166 0.65450000762939464 0.15000000223517421 0.63920241594314586 -1.0000000180025095e-35 0.65450000762939464 0.81850001215934765 2.7055000066757207 0.37000000476837164 1.0000000180025095e-35 0.0080638783983886259 9.9499998092651385 0.46500000357627874 0.38750000298023229 7.2500000000000009 0.025490196421742443 1.5000000000000002 2.5000000000000004 2.8605000972747807 -0.94137725234031666 -0.15101210027933118 0.29012925922870642 3.3724999427795415 2.5000000000000004
decision_type=2 2 2 2 2 2 10 8 2 2 2 2 2 2 2 2 2 2 10 10 2 2 2 2 10 2 2 2 2 2 2 2 2 2 2 2 2 2 2 2 2 2 2 2 2 2 2 2 10 10 10 10 2 2 2 2 2 2 2 2 2 2
left_child=1 11 3 4 38 9 8 17 14 13 12 -1 15 39 25 -4 23 -5 -13 20 21 26 -23 -10 60 -7 -2 28 31 -30 40 -12 33 -33 47 49 -16 -36 44 54 42 -42 -31 -17 -3 46 51 -19 -44 -8 -15 -40 -20 -54 -6 56 59 58 -55 -56 -9 -62
right_child=19 2 10 7 5 6 35 24 16 -11 27 18 -14 50 36 43 -18 34 52 -21 -22 22 -24 -25 -26 -27 -28 -29 29 30 -32 32 -34 -35 37 -37 -38 -39 45 -41 41 -43 48 -45 -46 -47 -48 -49 -50 -51 -52 -53 53 57 55 -57 -58 -59 -60 -61 61 -63
leaf_value=0 -5.0239091248270726e-18 0 0 0 0 0 0 0 0 0 0 0 0 0 0 0 0 0 0 4.3214832712356116e-06 1.5504145080607146e-19 -3.2665572904270942e-07 -2.0369470090098042e-07 0 0 0 -1.2624355275436389e-05 0 0 0 0 0 0 0 0 0 0 0 0 0 0 0 0 0 0 0 0 0 0 0 0 0 0 0 0 0 0 0 0 0 0 0
leaf_weight=2743944 6534 3180 3136 1557 853 948 896 7474 1636 2203 15608 463055 9825 999 425 2239 606 1961 11253 42750 22929 586 640 353 17915 962 204 51428 4433 817 1871 1144 5066 782 264 210 724 309 362 778 439 307 298 1012 220 459 474 2963 223 754 583 209 2718 259 200 1241 244 3121 248 217 714 381
leaf_count=2743944 6534 3180 3136 1557 853 948 896 7474 1636 2203 15608 463055 9825 999 425 2239 606 1961 11253 42750 22929 586 640 353 17915 962 204 51428 4433 817 1871 1144 5066 782 264 210 724 309 362 778 439 307 298 1012 220 459 474 2963 223 754 583 209 2718 259 200 1241 244 3121 248 217 714 381
internal_value=-0.0460825 -0.0471027 -0.04264 -0.0378649 -0.0285372 -0.0249137 -0.0195122 -0.043354 -0.015956 -0.0304598 -0.0452192 -0.0473129 -0.0429046 -0.027891 -0.020416 -0.0398673 -0.0106985 -0.0378246 -0.0468877 0.000691953 -0.00038253 -0.0029558 -0.0161786 -0.00778155 -0.0448267 -0.0164529 -0.000549866 -0.0456745 -0.0446553 -0.0424511 -0.0380563 -0.0454735 -0.0431021 -0.0372715 -0.0361211 -0.0303226 -0.0270039 -0.0275175 -0.0394963 -0.0305456 -0.0335845 -0.02813 -0.0366256 -0.0364265 -0.0413824 -0.0352327 -0.0321411 -0.0371223 -0.0296497 -0.0321061 -0.0219627 -0.0268345 -0.0449601 -0.0433951 -0.0287886 -0.0307545 -0.0362292 -0.0417117 -0.0354684 -0.0316727 -0.0427095 -0.0386416
internal_weight=3.45014e+06 3.3765e+06 151902 53274 19736 14832 7514 33538 5654 7318 98628 3.2246e+06 16212 5115 3059 6387 2595 7054 480654 73643 30893 7964 1226 1989 26484 1910 6738 82416 30988 8388 3955 22600 6992 1926 5497 1860 1149 573 4904 3533 2084 746 1338 3251 3400 1504 1045 4924 521 1650 1582 571 17599 6346 2755 1902 661 3628 507 417 8569 1095
internal_count=3450143 3376500 151902 53274 19736 14832 7514 33538 5654 7318 98628 3224598 16212 5115 3059 6387 2595 7054 480654 73643 30893 7964 1226 1989 26484 1910 6738 82416 30988 8388 3955 22600 6992 1926 5497 1860 1149 573 4904 3533 2084 746 1338 3251 3400 1504 1045 4924 521 1650 1582 571 17599 6346 2755 1902 661 3628 507 417 8569 1095
is_linear=0
shrinkage=0.05


Tree=121
num_leaves=63
num_cat=14
split_feature=2 7 3 1 10 42 0 15 18 0 10 42 7 15 7 18 7 43 10 42 7 7 0 34 16 18 16 15 0 7 0 18 1 34 28 7 7 15 18 0 43 15 7 0 20 0 0 18 0 7 7 24 42 0 31 0 7 36 19 0 0 42
split_gain=38806.2 9659.11 5591.21 3557.34 1938.48 914.707 1250.57 696.239 482.327 406.273 208.006 161.355 142.034 128.676 107.219 104.575 98.3645 77.6454 72.3539 65.0797 52.524 47.3643 44.6318 44.2767 41.7022 43.6247 40.8316 38.1578 41.8004 40.5206 36.3713 35.4426 35.0021 33.3219 31.3589 29.4421 28.5138 28.1375 48.2714 27.4504 27.397 26.6887 25.5242 25.414 24.9802 24.7402 20.3751 19.3991 18.4211 17.166 20.7795 16.7529 16.1356 15.9384 15.6933 15.4358 16.0018 15.2395 14.996 14.8287 14.6206 31.196
threshold=1.0000000180025095e-35 1.0000000180025095e-35 1.0000000180025095e-35 1.0000000180025095e-35 2.8750000000000004 -0.2901292592287063 0 6.7750000953674325 0.94999998807907116 1 24.875000000000004 -0.63405361771583546 3.7500000000000004 6.3541667461395273 0.35000000894069677 10.183333396911623 1.7500000000000002 0.8431384563446046 24.625000000000004 1.0000000180025095e-35 0.15000000223517421 0.15000000223517421 2 1.0500000119209292 3.2500000000000004 12.550000190734865 0.75000000000000011 2.3541666269302373 3 0.45000000298023229 4 9.5500001907348651 1.0000000180025095e-35 0.55000001192092907 0.051905291154980666 0.25000000745058065 0.55000001192092907 20.550000190734867 28.550000190734867 5 0.69056403636932384 6.1833331584930429 5.4500000476837167 6 2.3541666269302373 7 8 0.27500000596046453 9 2.7500000000000004 0.15000000223517421 0.0066933878697454938 -0.68322628736495961 10 0.05172413773834706 11 1.0500000119209292 3.5000000000000004 2.5000000000000004 12 13 -0.35206145048141474
decision_type=10 2 10 10 2 2 9 10 10 9 2 2 2 10 2 10 2 2 2 2 2 2 9 2 8 10 10 10 9 2 9 8 10 2 2 2 2 10 10 9 2 10 2 9 10 9 9 8 9 2 2 10 2 9 2 9 2 2 2 9 9 2
left_child=1 23 3 4 -3 6 8 9 11 16 -9 17 27 15 -12 26 20 22 -15 31 51 -13 49 -1 53 45 42 28 52 -30 40 -11 60 34 39 -29 -22 38 59 -19 -23 54 43 -8 46 -26 -25 -45 -5 50 -6 58 -10 -21 -14 -24 -57 -32 -7 -16 61 -2
right_child=32 2 -4 48 5 7 13 10 12 19 14 21 41 18 37 -17 -18 33 -20 24 36 30 55 44 25 -27 -28 35 29 -31 57 -33 -34 -35 -36 -37 -38 -39 -40 -41 -42 -43 -44 47 -46 -47 -48 -49 -50 -51 -52 -53 -54 -55 -56 56 -58 -59 -60 -61 -62 -63
leaf_value=0 -9.5506200545826229e-07 4.4244616628047087e-12 0 -0.00011964820471964105 0 0 0 0 0 0 0 0 0 0 1.1376608278245164e-09 0 0 0 0 0 0 0 0 0 0 0 0 0 0 0 0 0 3.4871053343631804e-05 0 0 0 0 0 0 0 0 0 0 0 0 0 0 0 -2.0753862687364345e-07 0 0 0 0 0 0 0 0 0 0 0 -2.6951865764608697e-07 -7.7762405313451257e-08
leaf_weight=2831523 869 3011 12007 3612 1697 1021 4757 910 1348 7313 476 2457 2893 369 322 17392 1596 1687 632 38727 1172 601 1185 36597 328 1579 401 313 1938 2731 749 5089 35143 746 218 477 301 959 388 1200 872 215 2175 3142 13458 611 343020 2161 3524 402 1371 1407 808 35873 1634 2497 287 1219 1400 595 5301 1437
leaf_count=2831523 869 3011 12007 3612 1697 1021 4757 910 1348 7313 476 2457 2893 369 322 17392 1596 1687 632 38727 1172 601 1185 36597 328 1579 401 313 1938 2731 749 5089 35143 746 218 477 301 959 388 1200 872 215 2175 3142 13458 611 343020 2161 3524 402 1371 1407 808 35873 1634 2497 287 1219 1400 595 5301 1437
internal_value=-0.0460851 -0.0466791 -0.035498 -0.0378166 -0.0393235 -0.0400685 -0.0352192 -0.043004 -0.0278172 -0.0438155 -0.0215685 -0.0224098 -0.0353611 -0.0422445 -0.0146898 -0.042846 -0.0319035 -0.0189083 -0.0246229 -0.0447247 -0.0286734 -0.0291124 -0.0218917 -0.0473129 -0.0452703 -0.0389416 -0.0393843 -0.031131 -0.0323352 -0.0351523 -0.0253262 -0.0413679 0.00125673 -0.0131453 -0.0108655 -0.0207278 -0.02065 -0.0101546 -0.0149329 -0.00948476 -0.0188587 -0.0421542 -0.0398989 -0.038837 -0.0468157 -0.0304073 -0.0468907 -0.0358729 -0.00325953 -0.0261422 -0.0249446 -0.0317607 -0.0259511 -0.0454839 -0.0429716 -0.0180642 -0.0202183 -0.0299191 -0.0342823 -0.00867775 -0.00181839 -0.00513169
internal_weight=3.45014e+06 3.40739e+06 182795 170788 163652 160641 60574 100067 29545 96417 3650 17188 12357 31029 2740 30028 6897 11290 1001 89520 5301 5898 7439 3.2246e+06 77118 2518 12636 7615 6825 4669 3441 12402 42750 3851 3105 790 1473 2264 1305 2887 1473 4742 12235 10060 393075 939 379617 5303 7136 3470 3068 3828 2156 74600 4527 3969 2784 1968 2421 917 7607 2306
internal_count=3450143 3407393 182795 170788 163652 160641 60574 100067 29545 96417 3650 17188 12357 31029 2740 30028 6897 11290 1001 89520 5301 5898 7439 3224598 77118 2518 12636 7615 6825 4669 3441 12402 42750 3851 3105 790 1473 2264 1305 2887 1473 4742 12235 10060 393075 939 379617 5303 7136 3470 3068 3828 2156 74600 4527 3969 2784 1968 2421 917 7607 2306
cat_boundaries=0 4 8 10 14 18 21 25 28 31 35 39 43 47 51
cat_threshold=2493700 288098458 269486432 1 16777216 276824064 0 4 134404 17301632 2097156 526464 269486368 1 2098436 2184 320 1 256 17303704 268437760 4097 1082163201 1811940356 4 134285569 32784 939524164 671155457 1098907650 268435520 2199035684 8661003 808464388 4 1354303108 51194010 608190736 267 2097152 2064 1050880 1 134288417 1074003986 1024 4 160963969 1073744896 3236055317 264
is_linear=0
shrinkage=0.05


Tree=122
num_leaves=63
num_cat=11
split_feature=6 7 7 28 41 28 27 41 0 0 35 7 34 0 7 45 41 44 41 23 47 10 24 0 44 27 28 24 1 0 28 0 41 0 7 36 41 7 30 28 7 0 44 35 33 36 0 7 2 44 5 0 0 41 27 27 36 30 34 32 30 24
split_gain=66305.3 1267.12 434.306 139.449 161.794 161.111 102.163 110.47 87.3766 83.5244 46.1826 45.1914 44.2767 42.5341 38.5818 34.4376 31.4065 28.8116 27.4993 25.9283 24.5559 24.2833 23.3743 23.2134 20.6085 20.3767 19.9527 18.6572 18.5473 18.4293 18.1279 18.3166 17.3672 17.081 17.0592 21.6138 19.13 17.0033 16.3628 16.1713 16.0439 14.0151 13.3011 17.9048 13.2942 13.2141 12.9872 12.9848 12.1671 12.1284 12.0939 17.8978 11.8836 11.6064 11.3621 11.12 10.9673 10.8014 10.7335 10.715 13.0927 11.0634
threshold=1.0000000180025095e-35 1.0000000180025095e-35 1.0500000119209292 0.055752867832779891 1.0000000180025095e-35 0.021568628028035167 0.04256099462509156 0.91037613153457653 0 1 1.0000000180025095e-35 0.15000000223517421 1.0500000119209292 2 0.15000000223517421 1.0000000180025095e-35 -0.9103761315345763 -0.099822327494621263 -0.52778512239456166 0.31821499764919287 0.2942682951688767 14.708333492279055 0.0028862023027613763 3 -0.6258755326271056 0.061906902119517333 0.017647059634327892 0.012580004986375572 1.0000000180025095e-35 4 0.044210137799382217 5 0.72947329282760631 6 0.35000000894069677 9.5000000000000018 0.52778512239456188 0.15000000223517421 0.066348146647214903 0.036731028929352767 0.15000000223517421 7 0.7074720859527589 0.15000000223517421 0.25000000745058065 10.500000000000002 8 0.35000000894069677 1.0000000180025095e-35 0.21652257442474368 -0.15000000223517415 9 10 0.77259656786918651 0.11731409654021265 0.07738362625241281 6.5000000000000009 0.065893996506929411 1.0000000180025095e-35 0.05172413773834706 0.047453703358769424 0.007889370899647476
decision_type=2 2 2 2 2 2 2 2 9 9 2 2 2 9 2 2 2 2 2 10 2 2 10 9 2 2 2 10 10 9 2 9 2 9 2 2 2 2 2 2 2 9 2 2 2 2 9 2 8 2 10 9 9 2 2 2 2 2 2 2 2 10
left_child=1 12 3 4 9 6 41 10 14 11 17 -3 -1 21 32 27 -13 22 -11 29 25 -4 38 47 52 -19 58 40 50 -14 31 -28 -7 44 35 36 -10 -27 -8 -23 -12 -6 45 -44 55 -5 -42 -9 -30 -29 51 -2 -16 -26 59 -17 -39 -41 -20 60 61 -22
right_child=28 2 13 42 5 8 7 23 34 18 15 16 19 -15 24 33 -18 20 26 -21 54 39 -24 -25 53 37 30 49 48 -31 -32 -33 -34 -35 -36 -37 -38 56 -40 57 46 -43 43 -45 -46 -47 -48 -49 -50 -51 -52 -53 -54 -55 -56 -57 -58 -59 -60 -61 -62 -63
leaf_value=0 -4.2691541919034183e-06 0 0 0 0 0 0 0 0 0 0 0 0 0 0 0 0 0 0 0 0 0 0 0 0 0 0 0 -1.7413430845464318e-07 0 0 0 0 0 0 0 0 0 0 0 0 0 0 0 0 0 0 0 3.3127500676450457e-05 0 1.4728937826576788e-19 -1.4643605833055694e-07 0 0 0 0 0 0 0 0 0 0
leaf_weight=2831523 1036 2811 6023 9266 298 526 650 694 288 10072 1096 675 36054 61960 235 717 1200 574 5127 17723 224 11207 1981 5594 477 593 387 250 7596 339298 445 366 222 2402 333 232 364 250 827 1501 767 5456 1498 350 440 418 718 208 35147 427 27028 2836 337 242 548 1110 367 5531 1802 710 901 205
leaf_count=2831523 1036 2811 6023 9266 298 526 650 694 288 10072 1096 675 36054 61960 235 717 1200 574 5127 17723 224 11207 1981 5594 477 593 387 250 7596 339298 445 366 222 2402 333 232 364 250 827 1501 767 5456 1498 350 440 418 718 208 35147 427 27028 2836 337 242 548 1110 367 5531 1802 710 901 205
internal_value=-0.046079 -0.0471027 -0.04264 -0.0395767 -0.0385135 -0.0361751 -0.037399 -0.0358634 -0.025648 -0.041708 -0.0336014 -0.0352502 -0.0473129 -0.0449734 -0.0189861 -0.0309111 -0.0293133 -0.036325 -0.0433276 -0.0468157 -0.0336276 -0.0428784 -0.0397354 -0.0413501 -0.0138439 -0.0291143 -0.0411877 -0.0269659 0.00085558 -0.0469039 -0.0352295 -0.0305013 -0.028115 -0.0336641 -0.0363549 -0.0330204 -0.037684 -0.0254339 -0.0349746 -0.0419871 -0.0250281 -0.0433377 -0.044569 -0.0406818 -0.0296805 -0.0453108 -0.0216414 -0.0319024 0.00153025 -0.0343538 -7.76698e-05 -0.00269112 -0.0209266 -0.00820932 -0.0367388 -0.0279324 -0.0196232 -0.0438666 -0.0422179 -0.0384559 -0.0358083 -0.0286189
internal_weight=3.45014e+06 3.3765e+06 151902 65680 54148 31263 28007 22253 3256 22885 15757 4686 3.2246e+06 86222 2039 7927 1875 7830 18199 393075 4372 24262 3458 6496 1291 1784 8127 3258 73643 375352 1198 753 748 4669 1217 884 652 1210 1477 18239 2581 5754 11532 1848 2267 9684 1485 902 42743 677 30900 3872 572 719 2588 1827 617 7032 6929 2040 1330 429
internal_count=3450143 3376500 151902 65680 54148 31263 28007 22253 3256 22885 15757 4686 3224598 86222 2039 7927 1875 7830 18199 393075 4372 24262 3458 6496 1291 1784 8127 3258 73643 375352 1198 753 748 4669 1217 884 652 1210 1477 18239 2581 5754 11532 1848 2267 9684 1485 902 42743 677 30900 3872 572 719 2588 1827 617 7032 6929 2040 1330 429
cat_boundaries=0 3 7 11 15 18 21 24 28 31 35 38
cat_threshold=131328 17303576 268439552 40960 8388608 0 4 623124480 3114861744 2432696672 1153 16777216 8388744 8390656 4 671155457 1098907650 268435520 131072 17303570 268435456 16777220 33556490 268437568 0 8388608 0 4 131332 18 268435520 152574081 8389648 1080181013 12 131072 2048 268435456
is_linear=0
shrinkage=0.05


Tree=123
num_leaves=63
num_cat=11
split_feature=6 7 42 0 18 0 7 7 7 42 7 42 7 0 7 0 42 35 0 41 7 41 23 43 28 41 0 43 7 7 0 18 36 24 42 0 43 43 1 26 29 28 33 0 2 32 20 29 35 35 42 33 41 0 28 36 44 43 35 44 0 28
split_gain=66491.3 1267.12 748.333 1138.9 423.823 321.546 121.743 146.759 97.2239 92.2642 83.8209 71.4394 58.4836 54.9298 51.737 84.2142 41.5366 40.8513 36.4975 30.0439 29.576 28.3039 27.1515 26.616 25.4499 23.6596 22.9928 22.6707 20.6455 23.8069 19.6132 19.5371 19.4217 17.6246 17.1869 16.6783 16.4274 15.9115 15.0357 14.8189 13.7858 12.9184 13.0518 12.8898 12.1671 11.9142 11.0391 10.3751 10.3688 9.72357 9.67607 9.60471 12.2815 21.5837 9.6014 9.45757 9.18887 17.197 8.64622 15.9567 8.1748 10.3528
threshold=1.0000000180025095e-35 1.0000000180025095e-35 -0.35206145048141474 0 0.77500000596046459 1 0.15000000223517421 1.0500000119209292 1.5500000119209292 -0.84874749183654774 0.84999999403953563 -0.68322628736495961 0.15000000223517421 2 0.55000001192092907 3 -0.032701563090086067 2.0499999523162846 4 -0.097964655607938753 0.45000000298023229 -0.16280825436115262 0.31821499764919287 0.89787620306015026 0.013725490774959328 -0.41248606145381922 5 0.3744682669639588 1.1500000357627871 0.25000000745058065 6 8.0500001907348651 7.5000000000000009 0.0011973689543083312 -0.63405361771583546 7 0.57077592611312877 0.8431384563446046 1.0000000180025095e-35 0.0071943989023566255 1.8530199527740481 0.049337463453412063 0.15000000223517421 8 1.0000000180025095e-35 0.05172413773834706 0.77500000596046459 12.023965358734133 1.4499999880790713 7.2500000000000009 -0.52778512239456166 1.0000000180025095e-35 0.2269546836614609 9 0.025490196421742443 8.5000000000000018 -0.94137725234031666 -0.15101210027933118 1.3499999642372134 0.26659387350082403 10 0.0098039219155907648
decision_type=2 2 2 9 10 9 2 2 2 2 2 2 2 9 2 9 2 2 9 2 2 2 10 2 2 2 9 2 2 2 9 10 2 10 2 9 2 2 10 10 2 2 2 9 8 2 8 2 2 2 2 2 2 9 2 2 2 2 2 2 9 2
left_child=1 17 3 4 6 8 9 11 12 35 25 23 19 33 15 21 28 -1 50 32 -14 -5 30 26 43 -6 -8 -23 29 -7 -19 47 36 -9 -11 55 -4 -20 -2 -21 45 42 60 -12 -40 -26 -18 -16 -25 -24 -13 52 53 -15 -51 -3 57 -56 59 -37 61 -27
right_child=38 2 5 14 10 16 7 13 -10 34 24 18 20 51 31 -17 46 22 37 39 -22 27 49 48 40 41 -28 -29 -30 -31 -32 -33 -34 -35 -36 58 -38 -39 44 -41 -42 -43 -44 -45 -46 -47 -48 -49 -50 54 -52 -53 -54 -55 56 -57 -58 -59 -60 -61 -62 -63
leaf_value=0 1.3992490935247951e-19 0 0 0 0 0 0 0 0 0 0 0 0 0 0 0 0 0 0 0 0 0 0 0 0 0 0 0 0 0 0 0 0 0 0 0 0 0 -1.6542759303170285e-07 0 0 0 0 0 3.147112564262783e-05 0 0 0 0 0 0 0 0 0 0 0 0 0 0 0 0 0
leaf_weight=2743944 30900 1127 759 210 629 3504 992 206 1749 1512 435 397 1113 461 6692 3581 76484 48036 753 661 303 309 11253 1006 360 377 1192 646 8561 1740 415019 18577 1391 315 1599 485 274 831 7596 598 3290 208 657 1201 35147 486 1491 350 220 2718 376 452 779 208 259 212 3121 248 340 449 906 448
leaf_count=2743944 30900 1127 759 210 629 3504 992 206 1749 1512 435 397 1113 461 6692 3581 76484 48036 753 661 303 309 11253 1006 360 377 1192 646 8561 1740 415019 18577 1391 315 1599 485 274 831 7596 598 3290 208 657 1201 35147 486 1491 350 220 2718 376 452 779 208 259 212 3121 248 340 449 906 448
internal_value=-0.0460776 -0.0471027 -0.04264 -0.0378649 -0.0293938 -0.0452192 -0.0239376 -0.0200269 -0.0345042 -0.0295318 -0.0378635 -0.0156897 -0.0310654 -0.0303583 -0.0442317 -0.0394511 -0.0460099 -0.0473129 -0.0223833 -0.0343857 -0.0224294 -0.0268404 -0.0468877 -0.011063 -0.0414709 -0.031407 -0.0143727 -0.0234162 -0.043487 -0.0410164 -0.046961 -0.0451346 -0.0376403 -0.014967 -0.0353496 -0.0226052 -0.0324468 -0.0176223 0.000922797 -0.0281195 -0.043559 -0.0292989 -0.028258 -0.0361919 0.00153025 -0.0378664 -0.0464625 -0.0428919 -0.00516721 -0.0449601 -0.0315038 -0.0343194 -0.0325138 -0.0275448 -0.0433951 -0.0267624 -0.0417117 -0.0354684 -0.0178855 -0.0155407 -0.0259806 -0.0302844
internal_weight=3.45014e+06 3.3765e+06 151902 53274 22909 98628 13912 8188 6848 5724 8997 5767 5099 2421 30365 4746 91780 3.2246e+06 2357 3683 1416 1165 480654 3410 5772 3225 2184 955 13805 5244 463055 25619 2424 521 3111 2613 1033 1584 73643 1259 4136 2596 2388 1636 42743 846 77975 7042 1226 17599 773 1900 1448 669 6346 1339 3628 507 1274 934 1731 825
internal_count=3450143 3376500 151902 53274 22909 98628 13912 8188 6848 5724 8997 5767 5099 2421 30365 4746 91780 3224598 2357 3683 1416 1165 480654 3410 5772 3225 2184 955 13805 5244 463055 25619 2424 521 3111 2613 1033 1584 73643 1259 4136 2596 2388 1636 42743 846 77975 7042 1226 17599 773 1900 1448 669 6346 1339 3628 507 1274 934 1731 825
cat_boundaries=0 4 8 11 12 15 18 21 24 27 31 33
cat_threshold=264452 19728538 268437856 1 17039360 278921216 0 4 0 128 256 132096 0 524290 268435456 0 16779280 268437504 671155457 1099431938 268435520 260 786568 64 0 524288 268435744 0 17367064 268435456 1 2304 17301528
is_linear=0
shrinkage=0.05


Tree=124
num_leaves=63
num_cat=10
split_feature=9 7 42 0 18 0 7 7 7 42 7 42 7 7 0 0 42 35 19 41 23 28 41 41 40 41 7 7 7 18 35 0 19 0 24 42 3 0 7 26 1 29 28 33 28 32 37 29 35 35 0 33 41 0 23 28 0 36 7 48 28 35
split_gain=66259.3 1307.31 744.393 1126.72 424.844 348.507 122.356 147.324 98.0765 92.2642 83.8209 71.7352 71.3256 60.2911 88.8939 54.9298 42.3092 40.8513 40.6045 30.3829 27.1515 25.4499 24.353 23.6596 22.5417 22.3236 22.0717 21.9721 26.538 20.4737 19.88 19.6132 19.4217 17.7416 17.6246 17.1869 16.9725 16.6783 15.9224 15.0727 14.8894 13.7858 12.9184 13.0518 12.1958 11.9142 10.4173 10.383 9.72357 9.67852 9.62577 9.60471 12.2815 21.5837 9.60428 9.6014 9.54626 9.45757 9.13164 8.9906 9.66067 9.96817
threshold=1.0000000180025095e-35 1.0000000180025095e-35 -0.35206145048141474 0 0.77500000596046459 1 0.15000000223517421 1.0500000119209292 1.5500000119209292 -0.84874749183654774 0.84999999403953563 -0.68322628736495961 0.15000000223517421 0.65000000596046459 2 3 -0.032701563090086067 2.0499999523162846 4.5000000000000009 -0.097964655607938753 0.31821499764919287 0.013725490774959328 -0.22695468366146085 -0.41248606145381922 2.3645000457763676 -0.2901292592287063 0.65000000596046459 1.1500000357627871 0.25000000745058065 8.0500001907348651 1.0500000119209292 4 2.5000000000000004 5 0.0011973689543083312 -0.63405361771583546 0.25000000745058065 6 0.25000000745058065 0.0071943989023566255 1.0000000180025095e-35 1.8530199527740481 0.049337463453412063 0.15000000223517421 0.0098039219155907648 0.05172413773834706 2.8605000972747807 12.023965358734133 7.2500000000000009 2.5499999523162846 7 1.0000000180025095e-35 0.2269546836614609 8 0.066852889955043807 0.025490196421742443 9 8.5000000000000018 0.25000000745058065 -0.21099879592657086 0.048057714477181442 12.34999990463257
decision_type=2 2 2 9 10 9 2 2 2 2 2 2 2 2 9 9 2 2 2 2 10 2 2 2 2 2 2 2 2 10 2 9 2 9 10 2 8 9 2 8 10 2 2 2 2 2 2 2 2 2 9 2 2 9 8 2 9 2 2 2 2 2
left_child=1 17 3 4 6 8 9 11 12 37 23 25 19 14 22 34 27 -1 38 32 31 24 -5 -6 -12 -8 46 28 -7 47 -24 -19 44 -27 -9 -11 54 57 50 -21 -2 45 43 -25 -4 -23 58 -15 -22 -35 -13 52 53 -17 -18 -50 -42 -3 -14 60 61 -57
right_child=40 2 5 13 10 16 7 15 -10 35 21 18 26 29 -16 51 36 20 -20 39 48 41 30 42 -26 33 -28 -29 -30 -31 -32 -33 -34 49 -36 -37 -38 -39 -40 -41 56 -43 -44 -45 -46 -47 -48 -49 55 -51 -52 -53 -54 -55 -56 59 -58 -59 -60 -61 -62 -63
leaf_value=0 1.3292866388485553e-19 0 0 0 0 0 0 0 0 0 0 0 0 0 0 0 0 0 0 0 0 0 0 0 0 0 0 0 0 0 0 0 0 0 0 0 0 0 0 0 2.9897569360496509e-05 0 0 0 0 0 0 0 0 0 0 0 0 0 0 0 5.9522790828589472e-06 0 0 0 0 0
leaf_weight=2743944 30900 1127 485 236 629 3504 251 206 1722 1512 1236 482 516 6650 3631 461 75836 48036 361 661 11253 360 687 1731 400 1223 238 8573 1757 18526 352 415019 1391 1714 315 1599 295 1274 1113 600 32418 3290 208 657 548 486 427 347 2718 229 402 452 779 208 1941 792 10089 212 298 1851 642 343
leaf_count=2743944 30900 1127 485 236 629 3504 251 206 1722 1512 1236 482 516 6650 3631 461 75836 48036 361 661 11253 360 687 1731 400 1223 238 8573 1757 18526 352 415019 1391 1714 315 1599 295 1274 1113 600 32418 3290 208 657 548 486 427 347 2718 229 402 452 779 208 1941 792 10089 212 298 1851 642 343
internal_value=-0.0460776 -0.0470992 -0.0425699 -0.0378104 -0.0293827 -0.04514 -0.0239224 -0.0200049 -0.0340393 -0.0295318 -0.0378635 -0.0156645 -0.0306429 -0.0441334 -0.0390715 -0.0303583 -0.045963 -0.0473129 -0.0223728 -0.0343657 -0.0468877 -0.0414709 -0.026858 -0.031407 -0.0361919 -0.0110353 -0.0213675 -0.0434195 -0.0408758 -0.0451237 -0.0237753 -0.046961 -0.0376403 -0.00989735 -0.014967 -0.0353496 -0.0464196 -0.0226052 -0.0195831 -0.028071 0.000917726 -0.043559 -0.0292989 -0.028258 -0.0324468 -0.0378664 -0.0186926 -0.0428194 -0.0449601 -0.0068062 -0.0245928 -0.0343194 -0.0325138 -0.0275448 -0.046465 -0.0433951 0.00152487 -0.0267624 -0.0153747 -0.0417117 -0.0391714 -0.0363987
internal_weight=3.45014e+06 3.37674e+06 152138 53346 22917 98792 13920 8196 6886 5724 8997 5775 5164 30429 4906 2421 91906 3.2246e+06 2358 3685 480654 5772 1275 3225 1636 3417 1479 13834 5261 25523 1039 463055 2424 3166 521 3111 78072 2613 1997 1261 73407 4136 2596 2388 1033 846 1241 6997 17599 1943 884 1900 1448 669 77777 6346 42507 1339 814 3628 1777 1135
internal_count=3450143 3376736 152138 53346 22917 98792 13920 8196 6886 5724 8997 5775 5164 30429 4906 2421 91906 3224598 2358 3685 480654 5772 1275 3225 1636 3417 1479 13834 5261 25523 1039 463055 2424 3166 521 3111 78072 2613 1997 1261 73407 4136 2596 2388 1033 846 1241 6997 17599 1943 884 1900 1448 669 77777 6346 42507 1339 814 3628 1777 1135
cat_boundaries=0 4 8 11 14 17 20 23 26 30 34
cat_threshold=264452 19728538 268437856 1 17039360 276824064 0 4 132096 0 8388608 0 128 256 671155457 1099431938 268435520 2304 524296 64 260 786568 64 2308 2056 64 0 17367064 268435456 1 222824598 1103170586 478283810 340
is_linear=0
shrinkage=0.05


Tree=125
num_leaves=63
num_cat=13
split_feature=6 7 42 0 7 0 7 7 42 41 31 45 0 7 34 42 41 41 0 41 7 23 0 33 7 7 7 7 0 39 19 42 0 41 26 27 1 7 2 27 42 20 34 30 34 0 7 41 41 0 37 35 0 35 0 0 41 7 35 0 34 32
split_gain=66550.2 1259.63 724.769 1121.49 437.176 337.326 172.713 102.093 100.918 87.9194 69.4983 67.7473 63.3091 57.0036 44.4429 42.2074 41.5863 36.4096 30.3396 30.134 28.1058 26.3354 24.6356 22.6471 21.3743 19.3951 27.3623 18.7535 18.7239 18.5792 18.1148 16.3414 16.3449 16.1233 14.7506 14.747 13.9174 13.7755 12.9351 12.3266 11.5751 11.5381 11.3152 10.8248 10.2617 10.1074 32.0358 11.8148 9.69195 20.9812 9.39164 9.07242 8.88416 8.85372 8.18296 8.10007 7.98841 7.53552 7.31825 7.19586 7.15194 6.94904
threshold=1.0000000180025095e-35 1.0000000180025095e-35 -0.35206145048141474 0 0.84999999403953563 1 0.15000000223517421 1.5500000119209292 -0.72947329282760609 -0.41248606145381922 0.05172413773834706 1.0000000180025095e-35 2 0.15000000223517421 1.0500000119209292 0.032701563090086018 0.77259656786918651 0.47114434838294988 3 -0.097964655607938753 0.45000000298023229 0.33437500894069677 4 0.25000000745058065 0.45000000298023229 1.1500000357627871 0.25000000745058065 5.2500000000000009 5 0.26199999451637274 2.5000000000000004 -0.84874749183654774 6 0.81241145730018627 0.0071943989023566255 0.0696452632546425 1.0000000180025095e-35 4.7500000000000009 1.0000000180025095e-35 0.11731409654021265 -0.63405361771583546 0.77500000596046459 0.35000000894069677 0.090172413736581816 1.0000000180025095e-35 7 0.35000000894069677 0.35206145048141485 -0.72947329282760609 8 2.8605000972747807 1.8499999642372134 9 8.2500000000000018 10 11 0.93540480732917797 3.7500000000000004 1.3499999642372134 12 5.6499998569488534 1.0000000180025095e-35
decision_type=2 2 2 9 2 9 2 2 2 2 2 2 9 2 2 2 2 2 9 2 2 10 9 2 2 2 2 2 9 2 2 2 9 2 10 2 10 2 8 2 2 8 2 2 2 9 2 2 2 9 2 2 9 2 9 9 2 2 2 9 2 2
left_child=1 14 3 4 6 7 8 13 23 -8 57 16 17 19 -1 25 39 -12 33 30 50 28 -18 31 -24 26 -7 45 60 37 -4 32 -3 42 -21 61 59 40 55 51 44 58 -13 -25 -14 46 47 -5 -10 -50 -15 54 -41 -23 -11 -38 -28 -6 -17 -2 -16 -20
right_child=36 2 5 27 10 15 9 -9 48 11 12 18 29 20 21 41 22 -19 35 34 -22 53 24 43 -26 -27 56 -29 -30 -31 -32 -33 -34 -35 -36 -37 38 -39 -40 52 -42 -43 -44 -45 -46 -47 -48 -49 49 -51 -52 -53 -54 -55 -56 -57 -58 -59 -60 -61 -62 -63
leaf_value=0 -6.6448872378798593e-13 0 0 0 0 0 0 0 0 0 0 0 0 0 0 0 0 0 0 0 0 0 0 0 0 0 0 0 0 0 0 0 0 0 0 0 -0.0037851361661837509 0 2.8402690892471993e-05 0 0 0 0 0 0 0 0 0 0 0 0 0 0 0 0 4.203562160579738e-06 0 0 0 1.2628223069061273e-19 0 0
leaf_weight=2832660 10478 1517 1036 208 1379 4243 667 1699 544 428 217 675 787 819 30986 61224 482 382 239 682 293 11619 552 245 310 10301 319 13063 337305 1577 1371 1086 1491 341 613 1001 1989 676 35069 223 578 1419 270 371 827 14191 1099 333 610 1747 344 301 212 4695 1366 5604 1802 2558 12425 20549 7942 396
leaf_count=2832660 10478 1517 1036 208 1379 4243 667 1699 544 428 217 675 787 819 30986 61224 482 382 239 682 293 11619 552 245 310 10301 319 13063 337305 1577 1371 1086 1491 341 613 1001 1989 676 35069 223 578 1419 270 371 827 14191 1099 333 610 1747 344 301 212 4695 1366 5604 1802 2558 12425 20549 7942 396
internal_value=-0.0460791 -0.0471049 -0.0426498 -0.0379314 -0.0299029 -0.0451838 -0.0247124 -0.03423 -0.0300122 -0.0193076 -0.038648 -0.0176074 -0.0347621 -0.0307784 -0.0473142 -0.0459939 -0.0132718 -0.0183949 -0.0233556 -0.0340748 -0.022397 -0.0468156 -0.0203795 -0.0254936 -0.025453 -0.0437226 -0.0415525 -0.0445895 -0.0469009 -0.0368434 -0.0373837 -0.0241488 -0.0222507 -0.0170795 -0.0279247 -0.0280134 0.000927174 -0.0345293 0.00151317 -0.00949605 -0.0326049 -0.0465042 -0.0138492 -0.0344318 -0.0304306 -0.0434478 -0.0375455 -0.0278142 -0.0373483 -0.0359599 -0.0189101 -0.00790573 -0.0171552 -0.0448489 -0.00655797 -0.000357895 -0.0369154 -0.0436265 -0.0465903 0.000121427 -0.0454525 -0.0222244
internal_weight=3.45044e+06 3.37675e+06 151539 52949 24055 98590 15074 6857 7611 7463 8981 6796 5044 5158 3.22521e+06 91733 3874 599 2922 3702 1456 392547 1344 4710 862 16665 6364 28894 376233 4445 2407 4094 3008 1286 1295 1636 73689 2868 42662 2530 2192 75068 945 616 1614 15831 1640 541 2901 2357 1163 2095 435 16314 1794 7593 2121 3937 73649 31027 38928 635
internal_count=3450435 3376746 151539 52949 24055 98590 15074 6857 7611 7463 8981 6796 5044 5158 3225207 91733 3874 599 2922 3702 1456 392547 1344 4710 862 16665 6364 28894 376233 4445 2407 4094 3008 1286 1295 1636 73689 2868 42662 2530 2192 75068 945 616 1614 15831 1640 541 2901 2357 1163 2095 435 16314 1794 7593 2121 3937 73649 31027 38928 635
cat_boundaries=0 4 8 11 14 17 20 23 27 30 32 34 37 41
cat_threshold=265476 153946266 268437856 1 17039360 276824064 0 4 0 128 256 4 16779266 268437504 1284 2056 64 671155457 1099431938 268435520 3072 16779266 268437504 338296896 2215657536 5439512 1112 1024 262280 2048 256 2074 0 2064 848467489 1613825 1617981557 2298498304 1217410180 2174325008 358
is_linear=0
shrinkage=0.05


Tree=126
num_leaves=63
num_cat=11
split_feature=6 7 42 0 18 0 43 7 7 42 7 0 28 0 7 34 42 41 18 42 7 7 35 42 23 28 41 40 7 7 39 0 41 7 7 0 0 19 7 7 7 26 28 30 1 0 43 7 41 0 44 7 34 0 37 0 35 28 44 31 35 23
split_gain=66772.3 1259.63 724.769 1121.49 477.305 337.326 116.955 102.093 98.6855 80.7724 57.0036 50.6176 44.4654 46.4305 60.2667 44.4429 42.2074 30.134 30.0177 29.1151 29.0318 28.1058 27.0811 27.1401 26.3354 25.0915 25.0676 24.0745 22.9635 22.6301 20.6674 19.4548 19.4193 19.3951 27.3623 18.7432 18.7239 18.1148 15.9071 15.5908 24.6543 14.7506 14.6753 14.586 12.3333 12.2805 12.1575 11.136 10.9458 10.5191 10.4868 10.4865 10.0053 9.55203 9.39164 9.16949 8.85372 8.74137 9.40113 8.70777 8.66142 8.55712
threshold=1.0000000180025095e-35 1.0000000180025095e-35 -0.35206145048141474 0 0.77500000596046459 1 0.83849048614501964 1.5500000119209292 0.84999999403953563 -0.68322628736495961 0.15000000223517421 2 0.051905291154980666 3 0.15000000223517421 1.0500000119209292 0.032701563090086018 -0.097964655607938753 9.4499998092651385 -0.84874749183654774 2.5499999523162846 0.45000000298023229 1.8499999642372134 -0.68322628736495961 0.33437500894069677 0.013725490774959328 -0.52778512239456166 2.3645000457763676 0.15000000223517421 0.15000000223517421 0.2559999972581864 4 -0.2901292592287063 1.1500000357627871 0.25000000745058065 5 6 2.5000000000000004 0.35000000894069677 3.5499999523162846 0.15000000223517421 0.0071943989023566255 0.049337463453412063 0.10717142745852472 1.0000000180025095e-35 7 0.49812944233417517 0.65000000596046459 0.09796465560793878 8 0.24997577071189883 1.0500000119209292 0.55000001192092907 9 2.8605000972747807 10 8.2500000000000018 0.036731028929352767 -0.94137725234031666 0.05172413773834706 0.45000000298023229 0.029512260109186176
decision_type=2 2 2 9 10 9 2 2 2 2 2 9 2 9 2 2 2 2 10 2 2 2 2 2 10 2 2 2 2 2 2 9 2 2 2 9 9 2 2 2 2 10 2 2 10 9 2 2 2 9 2 2 2 9 2 9 2 2 2 2 2 10
left_child=1 15 3 4 6 7 9 10 26 11 17 39 13 48 19 -1 33 37 31 53 28 54 23 -16 36 27 -6 -10 -13 -11 -31 32 -5 34 -7 -25 -17 46 60 40 50 -19 43 55 -2 -21 -4 -30 -8 -46 -3 -32 -18 -15 -12 -28 -26 -58 -59 -27 -34 -33
right_child=44 2 5 18 8 16 12 -9 25 29 21 20 -14 14 22 24 52 41 -20 45 -22 -23 -24 35 56 59 42 -29 47 30 51 61 38 -35 -36 -37 -38 -39 -40 -41 -42 -43 -44 -45 49 -47 -48 -49 -50 -51 -52 -53 -54 -55 -56 -57 57 58 -60 -61 -62 -63
leaf_value=0 1.1996811915608211e-19 0 0 0 0 0 0 0 0 0 0 0 0 0 0 0 0 0 0 0 0 0 0 0 0 0 0 0 0 0 0 0 0 0 0 0 0 0 0 0 0 0 0 0 -0.0037997256729957194 0 0 0 0 2.6982556347848741e-05 0 0 0 0 0 0 0 0 0 0 0 0
leaf_weight=2832660 31027 439 760 404 568 4243 203 1699 1470 1435 819 2158 467 429 1317 38928 62096 682 17774 207 314 293 453 214 11619 3035 217 392 1163 609 797 9406 233 10301 2121 804 337305 1371 668 334 764 613 235 1344 1270 521 276 275 380 41392 315 316 12972 251 344 1060 1986 404 2305 1569 200 209
leaf_count=2832660 31027 439 760 404 568 4243 203 1699 1470 1435 819 2158 467 429 1317 38928 62096 682 17774 207 314 293 453 214 11619 3035 217 392 1163 609 797 9406 233 10301 2121 804 337305 1371 668 334 764 613 235 1344 1270 521 276 275 380 41392 315 316 12972 251 344 1060 1986 404 2305 1569 200 209
internal_value=-0.0460774 -0.0471049 -0.0426498 -0.0379314 -0.0299029 -0.0451838 -0.0240302 -0.03423 -0.0383443 -0.0275146 -0.0307784 -0.0239925 -0.0181062 -0.0166672 -0.0147076 -0.0473142 -0.0459939 -0.0340748 -0.0445895 -0.0231747 -0.0272768 -0.022397 -0.0104842 -0.0083137 -0.0468156 -0.0419788 -0.0314807 -0.0370811 -0.0260734 -0.0339428 -0.0300784 -0.0425674 -0.0355363 -0.0437226 -0.0415525 -0.014445 -0.0469009 -0.0373837 -0.032332 -0.0168206 -0.0147596 -0.0279247 -0.0295728 -0.0284996 0.00100724 -0.0301236 -0.0323938 -0.0211787 -0.0300042 0.00155888 -0.0211737 -0.0260265 -0.0465042 -0.0157353 -0.0189101 -0.0246731 -0.0448489 -0.0430165 -0.0411693 -0.0439596 -0.0248672 -0.0435857
internal_weight=3.45044e+06 3.37675e+06 151539 52949 24055 98590 14165 6857 9890 8919 5158 5762 5246 4779 4196 3.22521e+06 91733 3702 28894 1408 3910 1456 2788 2335 392547 6466 3424 1862 3596 3157 1722 11120 1505 16665 6364 1018 376233 2407 1101 1852 1518 1295 2856 2621 73689 728 1036 1438 583 42662 754 1113 75068 680 1163 1277 16314 4695 2709 4604 433 9615
internal_count=3450435 3376746 151539 52949 24055 98590 14165 6857 9890 8919 5158 5762 5246 4779 4196 3225207 91733 3702 28894 1408 3910 1456 2788 2335 392547 6466 3424 1862 3596 3157 1722 11120 1505 16665 6364 1018 376233 2407 1101 1852 1518 1295 2856 2621 73689 728 1036 1438 583 42662 754 1113 75068 680 1163 1277 16314 4695 2709 4604 433 9615
cat_boundaries=0 4 8 12 16 20 22 25 27 31 34 37
cat_threshold=265476 153946266 268437856 1 17039360 276824064 0 4 0 2064 268437760 1 2048 2424832 32 1 2236480 34608960 7512211 152 0 524290 671155457 1099431938 268435520 1280 8 2997912065 68206593 1651524629 137 260 2 268435520 4 0 268435456
is_linear=0
shrinkage=0.05


end of trees

feature_importances:
fl_max24h=1073
station_code=806
cal_hour_sin=719
cal_hour_cos=500
cal_doy_sin=418
water_offline_share=356
rain_rf24hr_mean=293
fl_mean1h=240
rain_fcst_3h=229
fl_max3h=201
cal_doy_cos=201
slope_deg=171
fl_std3h=164
elev_m=153
fl_depth_lag1h=144
rain_gauges_reporting=142
rain_fcst_6h=137
depression_m=137
fl_depth_now=131
fl_rise_15min=125
fl_hrs_since_5cm=120
flow_mean=112
dist_water_km=112
elev_rank_local=107
water_rise3h_mean=103
rain_rf1hr_delta1h=99
fl_rise_1h=94
rain_rf6hr_mean=82
fl_depth_lag3h=78
rain_antecedent_ratio=57
flow_negative_share=55
water_rising_share=53
flow_offline_share=51
rain_x_recent_flood=50
rain_rf3hr_mean=47
rain_rf1hr_max=39
water_rise1h_mean=39
rain_fcst_1h=39
flow_velocity_mean=37
rain_rf1hr_delta3h=36
cal_monsoon=36
rain_rf1hr_mean=19
tide_m2_cos=18
rain_rf3hr_max=17
tide_m2_sin=15
tide_spring_neap=7
rain_spread=6
water_rise1h_max=6

parameters:
[boosting: gbdt]
[objective: quantile]
[metric: quantile]
[tree_learner: serial]
[device_type: cpu]
[data_sample_strategy: bagging]
[data: ]
[valid: ]
[num_iterations: 2000]
[learning_rate: 0.05]
[num_leaves: 63]
[num_threads: 0]
[seed: 42]
[deterministic: 0]
[force_col_wise: 0]
[force_row_wise: 0]
[histogram_pool_size: -1]
[max_depth: -1]
[min_data_in_leaf: 200]
[min_sum_hessian_in_leaf: 0.001]
[bagging_fraction: 0.8]
[pos_bagging_fraction: 1]
[neg_bagging_fraction: 1]
[bagging_freq: 5]
[bagging_seed: 400]
[bagging_by_query: 0]
[feature_fraction: 0.8]
[feature_fraction_bynode: 1]
[feature_fraction_seed: 30056]
[extra_trees: 0]
[extra_seed: 12879]
[early_stopping_round: 0]
[early_stopping_min_delta: 0]
[first_metric_only: 0]
[max_delta_step: 0]
[lambda_l1: 0]
[lambda_l2: 0]
[linear_lambda: 0]
[min_gain_to_split: 0]
[drop_rate: 0.1]
[max_drop: 50]
[skip_drop: 0.5]
[xgboost_dart_mode: 0]
[uniform_drop: 0]
[drop_seed: 17869]
[top_rate: 0.2]
[other_rate: 0.1]
[min_data_per_group: 100]
[max_cat_threshold: 32]
[cat_l2: 10]
[cat_smooth: 10]
[max_cat_to_onehot: 4]
[top_k: 20]
[monotone_constraints: ]
[monotone_constraints_method: basic]
[monotone_penalty: 0]
[feature_contri: ]
[forcedsplits_filename: ]
[refit_decay_rate: 0.9]
[cegb_tradeoff: 1]
[cegb_penalty_split: 0]
[cegb_penalty_feature_lazy: ]
[cegb_penalty_feature_coupled: ]
[path_smooth: 0]
[interaction_constraints: ]
[verbosity: -1]
[saved_feature_importance_type: 0]
[use_quantized_grad: 0]
[num_grad_quant_bins: 4]
[quant_train_renew_leaf: 0]
[stochastic_rounding: 1]
[linear_tree: 0]
[max_bin: 255]
[max_bin_by_feature: ]
[min_data_in_bin: 3]
[bin_construct_sample_cnt: 200000]
[data_random_seed: 175]
[is_enable_sparse: 1]
[enable_bundle: 1]
[use_missing: 1]
[zero_as_missing: 0]
[feature_pre_filter: 1]
[pre_partition: 0]
[two_round: 0]
[header: 0]
[label_column: ]
[weight_column: ]
[group_column: ]
[ignore_column: ]
[categorical_feature: 0]
[forcedbins_filename: ]
[precise_float_parser: 0]
[parser_config_file: ]
[objective_seed: 16083]
[num_class: 1]
[is_unbalance: 0]
[scale_pos_weight: 1]
[sigmoid: 1]
[boost_from_average: 1]
[reg_sqrt: 0]
[alpha: 0.05]
[fair_c: 1]
[poisson_max_delta_step: 0.7]
[tweedie_variance_power: 1.5]
[lambdarank_truncation_level: 30]
[lambdarank_norm: 1]
[label_gain: ]
[lambdarank_position_bias_regularization: 0]
[eval_at: ]
[multi_error_top_k: 1]
[auc_mu_weights: ]
[num_machines: 1]
[local_listen_port: 12400]
[time_out: 120]
[machine_list_filename: ]
[machines: ]
[gpu_platform_id: -1]
[gpu_device_id: -1]
[gpu_device_id_list: ]
[gpu_use_dp: 0]
[num_gpu: 1]

end of parameters

pandas_categorical:[["FL.BBN.01", "FL.BBN.02", "FL.BKA.01", "FL.BKA.02", "FL.BKE.01", "FL.BKE.02", "FL.BKL.01", "FL.BKM.01", "FL.BKM.02", "FL.BKN.01", "FL.BKN.02", "FL.BKP.01", "FL.BKP.02", "FL.BKT.01", "FL.BNA.01", "FL.BNA.02", "FL.BNA.03", "FL.BNA.04", "FL.BNA.05", "FL.BRK.01", "FL.BRK.02", "FL.BSU.01", "FL.CTC.01", "FL.CTC.02", "FL.CTC.03", "FL.CTC.04", "FL.CTC.05", "FL.CTC.06", "FL.CTC.07", "FL.DDG.01", "FL.DDG.02", "FL.DDG.03", "FL.DDG.04", "FL.DDG.05", "FL.DDG.06", "FL.DDG.07", "FL.DDG.08", "FL.DST.01", "FL.DST.02", "FL.DST.03", "FL.DST.04", "FL.DST.05", "FL.DST.06", "FL.DST.07", "FL.DST.08", "FL.HKG.01", "FL.JTG.01", "FL.KSN.01", "FL.KTY.01", "FL.KTY.02", "FL.KTY.03", "FL.KTY.04", "FL.KTY.05", "FL.LSI.01", "FL.LSI.02", "FL.LSI.03", "FL.LSI.04", "FL.LSI.05", "FL.LSI.06", "FL.MBR.01", "FL.PKN.01", "FL.PNK.02", "FL.PPS.01", "FL.PPS.02", "FL.PTW.01", "FL.PTW.02", "FL.PTW.03", "FL.PTW.04", "FL.PTW.05", "FL.PWT.01", "FL.PWT.02", "FL.PYT.01", "FL.PYT.02", "FL.PYT.03", "FL.PYT.04", "FL.PYT.05", "FL.PYT.06", "FL.PYT.07", "FL.RTW.01", "FL.RTW.02", "FL.RTW.03", "FL.RTW.04", "FL.RTW.05", "FL.RTW.06", "FL.RTW.07", "FL.RTW.08", "FL.RTW.09", "FL.RTW.10", "FL.RTW.11", "FL.RTW.12", "FL.SLG.01", "FL.SLG.02", "FL.SLG.03", "FL.SMI.01", "FL.SPW.01", "FL.SPW.02", "FL.STN.01", "FL.STN.02", "FL.STN.03", "FL.STN.04", "FL.WTL.01", "FL.WTL.02", "FL.WTL.03", "FL.WTL.04", "FL.WTN.01", "FL.WTN.02", "FL.WTN.03"]]
